node_a,node_b,pct_id,evalue,bits
m0001,m0018,31.0,5.540e-12,58.9
m0001,m0043,44.1,9.720e-66,201.0
m0001,m0066,50.0,1.670e-80,239.0
m0001,m0077,31.8,3.110e-09,50.4
m0001,m0134,34.8,7.420e-13,61.6
m0001,m0159,32.2,6.380e-12,59.3
m0001,m0175,30.4,2.020e-11,57.8
m0001,m0182,31.7,6.090e-13,62.4
m0001,m0183,30.5,1.140e-10,55.5
m0001,m0185,63.0,1.020e-122,347.0
m0001,m0192,30.4,1.010e-11,58.2
m0001,m0213,30.0,1.680e-14,67.0
m0001,m0236,30.1,8.480e-11,55.8
m0001,m0264,30.0,9.220e-10,52.4
m0001,m0277,42.4,2.910e-65,200.0
m0001,m0324,32.9,1.180e-09,52.0
m0001,m0332,30.0,7.160e-17,73.2
m0001,m0396,40.6,1.630e-59,185.0
m0001,m0397,30.9,2.040e-12,60.8
m0002,m0003,61.9,2.610e-117,332.0
m0002,m0007,35.4,8.990e-49,161.0
m0002,m0012,65.6,3.550e-131,369.0
m0002,m0013,58.6,2.320e-120,342.0
m0002,m0015,49.7,5.020e-91,273.0
m0002,m0018,51.4,3.550e-95,278.0
m0002,m0024,47.9,1.430e-80,246.0
m0002,m0026,47.0,3.330e-84,254.0
m0002,m0029,42.9,2.090e-73,222.0
m0002,m0032,45.7,3.350e-84,249.0
m0002,m0034,51.2,5.260e-98,285.0
m0002,m0038,48.5,1.750e-86,256.0
m0002,m0039,49.3,3.420e-85,253.0
m0002,m0041,47.5,1.120e-80,245.0
m0002,m0042,53.1,2.420e-83,247.0
m0002,m0045,55.4,7.410e-104,300.0
m0002,m0047,62.0,4.920e-124,350.0
m0002,m0049,49.3,6.290e-83,252.0
m0002,m0050,54.6,4.480e-106,305.0
m0002,m0052,49.6,2.620e-84,256.0
m0002,m0053,48.8,9.430e-83,246.0
m0002,m0056,67.3,3.310e-132,371.0
m0002,m0064,62.6,1.230e-129,366.0
m0002,m0065,54.5,8.520e-103,297.0
m0002,m0067,48.8,5.280e-87,257.0
m0002,m0068,47.1,1.380e-82,245.0
m0002,m0069,47.5,3.320e-83,251.0
m0002,m0070,58.0,4.130e-117,334.0
m0002,m0071,49.1,2.040e-90,265.0
m0002,m0072,49.6,3.070e-82,244.0
m0002,m0074,51.8,2.280e-98,286.0
m0002,m0075,47.7,5.030e-88,259.0
m0002,m0077,53.4,3.120e-88,259.0
m0002,m0078,49.0,4.650e-78,233.0
m0002,m0080,46.2,1.730e-77,233.0
m0002,m0084,50.3,1.340e-99,289.0
m0002,m0086,56.3,7.670e-111,317.0
m0002,m0088,50.3,3.530e-94,275.0
m0002,m0090,53.6,3.690e-109,313.0
m0002,m0093,49.7,2.900e-85,258.0
m0002,m0094,48.5,3.920e-86,259.0
m0002,m0095,47.7,4.460e-82,244.0
m0002,m0096,51.1,1.430e-87,264.0
m0002,m0097,52.8,6.950e-99,287.0
m0002,m0098,47.2,3.450e-96,280.0
m0002,m0101,48.3,3.740e-91,268.0
m0002,m0102,49.5,9.820e-89,261.0
m0002,m0103,44.8,2.210e-74,224.0
m0002,m0104,65.0,4.670e-137,384.0
m0002,m0105,51.6,3.570e-80,238.0
m0002,m0110,50.0,1.720e-96,281.0
m0002,m0112,48.6,2.230e-82,250.0
m0002,m0114,48.1,1.520e-81,247.0
m0002,m0119,56.2,2.370e-106,307.0
m0002,m0121,54.5,2.320e-101,293.0
m0002,m0124,64.8,1.050e-129,364.0
m0002,m0125,59.3,3.750e-121,343.0
m0002,m0126,50.9,1.860e-87,262.0
m0002,m0129,44.1,2.430e-64,198.0
m0002,m0131,51.3,1.810e-86,259.0
m0002,m0132,61.1,7.250e-124,350.0
m0002,m0134,51.7,4.880e-94,275.0
m0002,m0135,61.9,5.110e-131,369.0
m0002,m0138,32.8,1.250e-33,119.0
m0002,m0139,49.0,3.320e-87,263.0
m0002,m0142,66.1,1.040e-123,349.0
m0002,m0145,51.6,2.520e-94,280.0
m0002,m0150,50.9,2.700e-99,288.0
m0002,m0155,52.7,1.370e-89,268.0
m0002,m0156,56.6,7.560e-116,330.0
m0002,m0158,49.5,1.340e-84,256.0
m0002,m0159,46.1,1.970e-78,240.0
m0002,m0160,47.9,1.210e-76,230.0
m0002,m0161,33.1,1.010e-35,124.0
m0002,m0162,48.0,2.480e-85,259.0
m0002,m0163,48.9,1.260e-79,238.0
m0002,m0164,49.7,6.680e-88,264.0
m0002,m0166,44.4,4.430e-63,196.0
m0002,m0167,57.6,1.090e-118,337.0
m0002,m0168,45.1,4.710e-83,247.0
m0002,m0169,65.3,1.470e-143,401.0
m0002,m0170,50.2,7.950e-90,268.0
m0002,m0171,50.7,3.270e-81,242.0
m0002,m0173,47.0,3.140e-83,251.0
m0002,m0174,48.7,1.560e-86,260.0
m0002,m0175,49.3,9.790e-88,263.0
m0002,m0176,46.1,2.190e-83,248.0
m0002,m0177,46.9,2.630e-87,258.0
m0002,m0179,50.2,4.890e-83,250.0
m0002,m0182,49.2,2.100e-90,271.0
m0002,m0183,51.3,3.110e-88,264.0
m0002,m0184,46.4,6.370e-86,254.0
m0002,m0187,69.0,1.110e-126,356.0
m0002,m0188,50.0,9.430e-90,269.0
m0002,m0191,50.2,5.730e-82,243.0
m0002,m0192,52.4,2.980e-94,275.0
m0002,m0193,77.8,7.230e-174,478.0
m0002,m0194,43.9,1.120e-78,236.0
m0002,m0197,55.4,4.930e-116,331.0
m0002,m0198,45.4,2.480e-72,224.0
m0002,m0204,41.3,1.190e-70,216.0
m0002,m0205,50.0,1.110e-85,259.0
m0002,m0209,44.4,1.070e-67,207.0
m0002,m0212,49.7,5.490e-91,268.0
m0002,m0213,49.7,1.170e-86,260.0
m0002,m0214,49.7,4.200e-85,258.0
m0002,m0215,48.1,2.010e-76,234.0
m0002,m0225,47.7,8.410e-79,240.0
m0002,m0226,51.6,3.150e-89,268.0
m0002,m0228,74.0,8.170e-145,402.0
m0002,m0229,72.4,1.280e-151,421.0
m0002,m0230,54.1,6.930e-108,310.0
m0002,m0231,63.1,4.230e-132,372.0
m0002,m0232,64.4,1.440e-131,370.0
m0002,m0233,62.5,2.070e-132,372.0
m0002,m0235,46.6,2.820e-80,241.0
m0002,m0236,50.7,1.040e-88,265.0
m0002,m0241,59.6,6.920e-121,343.0
m0002,m0242,43.5,4.170e-75,226.0
m0002,m0243,47.6,1.180e-82,250.0
m0002,m0244,49.3,1.000e-92,271.0
m0002,m0246,71.1,6.210e-150,417.0
m0002,m0247,51.6,1.300e-88,265.0
m0002,m0248,51.5,8.170e-88,259.0
m0002,m0251,53.2,3.770e-97,282.0
m0002,m0253,49.8,2.910e-84,255.0
m0002,m0258,51.7,1.350e-88,265.0
m0002,m0261,63.3,3.320e-127,359.0
m0002,m0263,50.2,3.120e-85,253.0
m0002,m0266,55.8,2.880e-98,285.0
m0002,m0267,61.0,2.420e-117,332.0
m0002,m0271,69.1,8.270e-150,417.0
m0002,m0272,52.7,1.420e-93,273.0
m0002,m0273,35.1,1.500e-39,136.0
m0002,m0276,49.0,5.900e-91,272.0
m0002,m0278,51.5,8.100e-84,253.0
m0002,m0280,51.7,2.090e-86,259.0
m0002,m0281,50.3,7.830e-93,276.0
m0002,m0282,47.8,1.130e-68,208.0
m0002,m0284,44.6,2.230e-70,214.0
m0002,m0287,34.6,2.330e-39,134.0
m0002,m0290,47.4,2.600e-89,263.0
m0002,m0291,30.7,2.440e-28,105.0
m0002,m0292,54.2,7.950e-104,299.0
m0002,m0293,49.7,3.900e-87,262.0
m0002,m0294,49.3,1.550e-91,269.0
m0002,m0295,53.2,2.080e-87,261.0
m0002,m0297,66.6,9.280e-140,390.0
m0002,m0303,57.8,2.160e-116,331.0
m0002,m0304,83.1,2.120e-182,499.0
m0002,m0309,62.2,4.710e-132,372.0
m0002,m0311,46.8,2.560e-86,255.0
m0002,m0312,48.0,3.920e-83,246.0
m0002,m0314,50.7,2.460e-86,261.0
m0002,m0315,60.2,1.210e-121,345.0
m0002,m0317,59.4,2.990e-121,343.0
m0002,m0318,45.9,2.080e-78,240.0
m0002,m0320,48.9,2.570e-80,244.0
m0002,m0322,50.5,7.710e-87,261.0
m0002,m0324,50.8,1.840e-96,281.0
m0002,m0328,48.0,1.970e-87,259.0
m0002,m0329,64.4,1.280e-120,341.0
m0002,m0331,51.0,5.280e-91,271.0
m0002,m0332,62.2,1.390e-132,373.0
m0002,m0333,50.0,1.540e-85,259.0
m0002,m0335,51.9,3.820e-84,249.0
m0002,m0336,50.0,9.420e-95,277.0
m0002,m0337,67.2,2.750e-138,386.0
m0002,m0339,50.0,5.240e-92,275.0
m0002,m0340,51.6,2.260e-94,276.0
m0002,m0343,54.7,9.560e-101,291.0
m0002,m0344,49.0,5.460e-86,260.0
m0002,m0345,51.4,8.250e-97,282.0
m0002,m0347,49.5,1.090e-84,256.0
m0002,m0348,50.9,4.640e-86,260.0
m0002,m0349,52.1,9.110e-90,269.0
m0002,m0351,47.0,1.480e-88,261.0
m0002,m0354,49.6,1.130e-89,263.0
m0002,m0356,49.6,1.070e-84,251.0
m0002,m0363,51.6,1.990e-87,263.0
m0002,m0364,59.8,1.480e-113,324.0
m0002,m0365,52.5,1.470e-101,293.0
m0002,m0368,53.2,1.590e-108,311.0
m0002,m0369,36.6,1.700e-36,128.0
m0002,m0370,50.0,1.130e-90,266.0
m0002,m0371,34.7,3.710e-45,152.0
m0002,m0372,65.9,1.580e-123,349.0
m0002,m0377,67.2,1.430e-145,405.0
m0002,m0378,48.3,8.620e-84,254.0
m0002,m0380,68.3,4.760e-139,389.0
m0002,m0382,61.3,1.370e-117,334.0
m0002,m0383,44.9,4.020e-84,250.0
m0002,m0385,47.1,4.580e-76,229.0
m0002,m0387,44.3,2.440e-69,211.0
m0002,m0388,61.0,4.610e-124,352.0
m0002,m0390,66.2,7.750e-142,396.0
m0002,m0393,49.8,1.220e-88,267.0
m0002,m0394,65.3,1.780e-138,387.0
m0002,m0397,45.0,6.120e-80,244.0
m0002,m0399,51.0,2.600e-86,260.0
m0002,m0401,71.7,1.040e-150,418.0
m0002,m0404,44.3,1.980e-75,229.0
m0002,m0405,49.3,1.330e-87,261.0
m0002,m0407,50.5,1.140e-90,266.0
m0002,m0409,46.2,1.600e-85,254.0
m0002,m0411,72.6,6.250e-150,417.0
m0003,m0007,38.5,1.710e-54,174.0
m0003,m0012,65.6,5.110e-123,346.0
m0003,m0013,80.3,1.130e-159,439.0
m0003,m0015,48.5,9.680e-78,237.0
m0003,m0018,49.2,5.190e-84,248.0
m0003,m0024,46.5,1.770e-74,229.0
m0003,m0026,43.5,1.210e-71,220.0
m0003,m0029,42.6,6.190e-67,204.0
m0003,m0032,48.0,4.000e-85,250.0
m0003,m0034,51.1,2.010e-84,249.0
m0003,m0038,50.4,2.130e-84,249.0
m0003,m0039,46.8,3.530e-79,236.0
m0003,m0041,50.0,4.050e-74,227.0
m0003,m0042,48.1,2.640e-72,217.0
m0003,m0045,56.3,5.530e-93,270.0
m0003,m0047,60.6,1.390e-108,310.0
m0003,m0049,47.3,5.040e-78,238.0
m0003,m0050,54.2,1.290e-97,282.0
m0003,m0052,46.5,4.040e-76,233.0
m0003,m0053,44.8,4.070e-68,207.0
m0003,m0056,58.8,1.720e-107,307.0
m0003,m0064,62.0,1.130e-114,326.0
m0003,m0065,56.0,1.580e-92,269.0
m0003,m0066,30.0,3.530e-10,53.1
m0003,m0067,47.1,1.760e-79,236.0
m0003,m0068,47.7,7.780e-77,229.0
m0003,m0069,47.5,6.140e-77,234.0
m0003,m0070,57.1,3.010e-106,305.0
m0003,m0071,51.9,4.310e-92,268.0
m0003,m0072,45.4,5.790e-72,216.0
m0003,m0074,52.2,4.070e-93,271.0
m0003,m0075,45.1,7.500e-77,229.0
m0003,m0077,49.2,4.900e-80,236.0
m0003,m0078,44.2,5.060e-75,224.0
m0003,m0080,44.1,6.200e-75,224.0
m0003,m0084,49.6,5.320e-91,265.0
m0003,m0086,55.0,2.590e-101,291.0
m0003,m0088,46.5,7.890e-77,229.0
m0003,m0090,55.2,6.210e-97,281.0
m0003,m0093,48.1,1.450e-78,239.0
m0003,m0094,47.7,2.260e-75,230.0
m0003,m0095,46.2,3.270e-76,228.0
m0003,m0096,47.7,2.000e-77,236.0
m0003,m0097,50.6,3.810e-90,263.0
m0003,m0098,54.8,1.660e-98,285.0
m0003,m0101,50.4,2.080e-87,256.0
m0003,m0102,47.9,1.370e-80,239.0
m0003,m0103,46.0,3.680e-70,212.0
m0003,m0104,59.7,2.710e-111,317.0
m0003,m0105,47.6,5.500e-72,216.0
m0003,m0110,53.3,1.550e-96,280.0
m0003,m0112,46.2,3.180e-75,230.0
m0003,m0114,49.6,2.000e-78,238.0
m0003,m0119,53.3,1.110e-93,273.0
m0003,m0121,51.5,3.090e-91,266.0
m0003,m0124,62.1,2.130e-119,337.0
m0003,m0125,78.5,6.400e-154,425.0
m0003,m0126,52.7,1.500e-88,263.0
m0003,m0129,46.4,2.220e-63,194.0
m0003,m0131,48.5,3.880e-79,239.0
m0003,m0132,56.6,5.470e-106,303.0
m0003,m0134,51.0,6.550e-86,253.0
m0003,m0135,62.9,1.470e-112,320.0
m0003,m0138,32.8,2.580e-30,109.0
m0003,m0139,48.5,9.330e-77,234.0
m0003,m0142,66.5,1.480e-125,352.0
m0003,m0145,49.8,1.070e-86,259.0
m0003,m0150,51.9,7.050e-94,273.0
m0003,m0155,48.1,2.490e-77,235.0
m0003,m0156,57.9,3.380e-106,304.0
m0003,m0158,46.5,7.520e-77,234.0
m0003,m0159,49.4,9.300e-79,239.0
m0003,m0160,46.1,8.850e-74,221.0
m0003,m0161,33.2,1.720e-32,114.0
m0003,m0162,47.7,2.100e-76,234.0
m0003,m0163,47.7,1.800e-71,215.0
m0003,m0164,50.0,1.370e-80,244.0
m0003,m0166,43.3,7.220e-62,192.0
m0003,m0167,59.1,4.290e-110,314.0
m0003,m0168,46.0,4.930e-77,230.0
m0003,m0169,66.1,7.080e-124,349.0
m0003,m0170,48.6,3.850e-78,236.0
m0003,m0171,44.4,1.770e-64,197.0
m0003,m0173,43.8,1.380e-68,212.0
m0003,m0174,48.2,1.310e-78,238.0
m0003,m0175,51.0,4.550e-82,247.0
m0003,m0176,46.8,7.150e-79,234.0
m0003,m0177,46.6,4.390e-80,238.0
m0003,m0179,46.5,8.250e-75,228.0
m0003,m0182,52.5,3.830e-87,261.0
m0003,m0183,49.0,7.330e-83,249.0
m0003,m0184,46.0,3.480e-77,230.0
m0003,m0187,63.3,6.730e-116,327.0
m0003,m0188,50.0,2.760e-82,248.0
m0003,m0191,48.1,2.900e-82,243.0
m0003,m0192,49.6,1.010e-86,254.0
m0003,m0193,62.5,4.360e-122,345.0
m0003,m0194,44.9,1.280e-74,224.0
m0003,m0197,56.8,8.300e-104,298.0
m0003,m0198,48.3,4.370e-76,232.0
m0003,m0204,44.2,4.740e-67,206.0
m0003,m0205,48.5,7.100e-80,242.0
m0003,m0209,46.5,2.350e-67,204.0
m0003,m0212,49.4,1.890e-80,239.0
m0003,m0213,47.3,4.350e-77,234.0
m0003,m0214,47.3,6.540e-77,235.0
m0003,m0215,50.2,2.360e-71,219.0
m0003,m0225,50.2,1.210e-71,220.0
m0003,m0226,49.6,8.160e-83,249.0
m0003,m0228,66.7,9.510e-125,350.0
m0003,m0229,67.5,3.720e-126,355.0
m0003,m0230,57.9,4.390e-103,296.0
m0003,m0231,65.0,1.320e-122,347.0
m0003,m0232,66.0,1.240e-119,338.0
m0003,m0233,64.1,6.580e-116,328.0
m0003,m0235,46.7,2.860e-71,217.0
m0003,m0236,50.2,6.220e-81,244.0
m0003,m0241,59.8,4.770e-108,309.0
m0003,m0242,44.5,6.890e-71,214.0
m0003,m0243,45.8,4.310e-73,224.0
m0003,m0244,50.6,1.980e-89,261.0
m0003,m0246,63.3,1.410e-121,343.0
m0003,m0247,50.0,2.810e-81,244.0
m0003,m0248,50.8,4.940e-86,253.0
m0003,m0251,53.3,1.780e-92,269.0
m0003,m0253,46.9,6.400e-76,232.0
m0003,m0258,49.4,5.650e-84,251.0
m0003,m0261,62.9,5.340e-113,322.0
m0003,m0263,48.2,3.510e-81,241.0
m0003,m0266,51.4,8.020e-85,249.0
m0003,m0267,56.4,1.240e-100,288.0
m0003,m0271,63.8,1.600e-122,346.0
m0003,m0272,45.9,2.050e-77,231.0
m0003,m0273,31.6,1.530e-35,124.0
m0003,m0276,47.1,4.110e-75,230.0
m0003,m0278,48.4,1.190e-76,233.0
m0003,m0280,49.4,4.510e-79,238.0
m0003,m0281,47.5,1.190e-76,233.0
m0003,m0282,48.5,9.100e-77,227.0
m0003,m0284,43.1,1.370e-63,195.0
m0003,m0287,34.3,3.810e-40,135.0
m0003,m0290,50.2,1.660e-84,249.0
m0003,m0291,34.1,2.720e-26,98.6
m0003,m0292,52.5,3.420e-90,263.0
m0003,m0293,47.9,8.010e-77,234.0
m0003,m0294,49.4,7.080e-79,235.0
m0003,m0295,55.4,1.680e-88,263.0
m0003,m0297,63.9,1.270e-117,333.0
m0003,m0303,60.5,1.500e-113,322.0
m0003,m0304,62.7,4.160e-120,340.0
m0003,m0309,62.0,1.030e-110,316.0
m0003,m0311,50.8,1.930e-85,251.0
m0003,m0312,46.4,5.650e-78,231.0
m0003,m0314,48.1,9.750e-79,239.0
m0003,m0315,59.8,2.370e-108,310.0
m0003,m0317,60.1,4.030e-111,316.0
m0003,m0318,46.1,6.990e-69,214.0
m0003,m0320,50.2,2.410e-77,234.0
m0003,m0322,47.3,3.910e-77,235.0
m0003,m0324,49.2,3.030e-84,248.0
m0003,m0328,47.5,1.510e-75,227.0
m0003,m0329,61.8,7.130e-113,320.0
m0003,m0331,50.2,7.180e-82,246.0
m0003,m0332,58.9,7.200e-110,313.0
m0003,m0333,47.7,2.150e-78,239.0
m0003,m0335,51.2,3.900e-84,247.0
m0003,m0336,47.9,8.270e-77,230.0
m0003,m0337,65.1,1.210e-124,350.0
m0003,m0339,46.7,7.130e-73,224.0
m0003,m0340,50.4,4.030e-84,248.0
m0003,m0343,53.5,1.000e-92,269.0
m0003,m0344,47.3,1.700e-77,236.0
m0003,m0345,53.9,2.280e-93,271.0
m0003,m0347,47.7,7.690e-78,237.0
m0003,m0348,47.7,5.180e-78,238.0
m0003,m0349,50.4,1.480e-81,246.0
m0003,m0351,49.0,2.690e-83,246.0
m0003,m0354,48.4,1.290e-80,239.0
m0003,m0356,46.0,2.510e-77,231.0
m0003,m0363,49.2,2.040e-80,243.0
m0003,m0364,53.7,4.730e-97,280.0
m0003,m0365,53.9,8.530e-98,282.0
m0003,m0368,53.1,1.570e-95,277.0
m0003,m0369,31.7,3.250e-31,113.0
m0003,m0370,46.5,6.160e-74,222.0
m0003,m0371,36.7,1.160e-50,166.0
m0003,m0372,56.4,2.730e-104,299.0
m0003,m0377,63.8,1.970e-118,335.0
m0003,m0378,47.7,3.860e-78,238.0
m0003,m0380,63.5,6.570e-117,331.0
m0003,m0382,59.4,7.430e-107,305.0
m0003,m0383,45.7,2.360e-77,231.0
m0003,m0385,46.9,2.510e-75,226.0
m0003,m0387,46.3,6.340e-70,211.0
m0003,m0388,64.1,6.040e-121,342.0
m0003,m0390,64.2,1.620e-116,330.0
m0003,m0393,47.7,6.690e-78,238.0
m0003,m0394,69.2,7.070e-130,364.0
m0003,m0397,48.9,7.040e-78,238.0
m0003,m0399,46.9,2.640e-76,233.0
m0003,m0401,64.9,9.100e-125,351.0
m0003,m0404,48.7,3.380e-76,229.0
m0003,m0405,46.9,9.530e-76,229.0
m0003,m0407,45.7,7.330e-73,219.0
m0003,m0409,46.4,1.440e-80,239.0
m0003,m0411,66.5,3.320e-127,358.0
m0004,m0237,46.5,3.820e-119,348.0
m0004,m0259,50.4,4.650e-126,365.0
m0004,m0260,45.5,7.240e-103,305.0
m0004,m0392,50.6,1.800e-130,378.0
m0005,m0025,43.9,1.050e-59,182.0
m0005,m0054,56.6,4.740e-91,262.0
m0005,m0073,53.6,7.390e-82,239.0
m0005,m0203,59.9,3.880e-94,270.0
m0005,m0252,48.7,4.120e-72,214.0
m0005,m0279,30.9,2.790e-23,87.8
m0005,m0338,49.6,1.180e-76,226.0
m0005,m0355,62.7,1.120e-84,244.0
m0005,m0400,50.3,2.570e-58,178.0
m0006,m0036,59.1,5.410e-182,506.0
m0006,m0044,51.8,2.410e-150,426.0
m0006,m0076,47.6,1.590e-130,376.0
m0006,m0091,50.1,2.240e-133,382.0
m0006,m0128,57.8,1.190e-180,503.0
m0006,m0157,68.6,9.930e-217,595.0
m0006,m0234,46.3,3.960e-132,380.0
m0006,m0302,58.8,7.490e-179,498.0
m0006,m0373,56.7,6.040e-171,479.0
m0007,m0012,36.4,4.850e-46,153.0
m0007,m0013,39.1,4.450e-52,169.0
m0007,m0015,35.9,2.150e-37,135.0
m0007,m0018,36.0,5.750e-43,145.0
m0007,m0024,38.6,4.350e-39,139.0
m0007,m0026,31.6,1.420e-28,109.0
m0007,m0029,35.1,6.450e-48,159.0
m0007,m0032,40.2,1.740e-58,186.0
m0007,m0034,43.2,2.370e-57,183.0
m0007,m0038,37.5,2.120e-55,179.0
m0007,m0039,34.8,5.600e-49,162.0
m0007,m0041,36.6,4.030e-34,125.0
m0007,m0042,39.4,4.570e-54,174.0
m0007,m0045,36.5,1.240e-45,152.0
m0007,m0047,37.8,6.780e-51,166.0
m0007,m0049,35.9,2.730e-39,140.0
m0007,m0050,36.4,6.830e-41,140.0
m0007,m0052,35.5,1.590e-38,138.0
m0007,m0053,36.0,1.510e-50,165.0
m0007,m0056,39.4,8.910e-48,158.0
m0007,m0064,37.5,2.810e-47,157.0
m0007,m0065,38.1,8.840e-46,153.0
m0007,m0067,39.1,2.140e-53,173.0
m0007,m0068,38.0,2.400e-44,149.0
m0007,m0069,33.1,1.320e-34,126.0
m0007,m0070,30.4,2.490e-39,136.0
m0007,m0071,37.6,2.970e-47,156.0
m0007,m0072,35.7,1.260e-50,165.0
m0007,m0074,37.1,2.710e-42,144.0
m0007,m0075,42.4,1.190e-61,194.0
m0007,m0077,35.4,1.690e-35,125.0
m0007,m0078,41.6,9.790e-57,181.0
m0007,m0080,35.6,4.380e-53,172.0
m0007,m0084,36.1,4.360e-47,156.0
m0007,m0086,36.6,3.360e-46,154.0
m0007,m0088,36.5,5.760e-38,132.0
m0007,m0090,37.4,9.810e-49,161.0
m0007,m0093,35.9,2.930e-39,140.0
m0007,m0094,35.6,1.090e-35,129.0
m0007,m0095,38.8,5.790e-56,180.0
m0007,m0096,36.3,7.210e-39,139.0
m0007,m0097,37.7,1.110e-45,153.0
m0007,m0098,40.5,1.390e-51,168.0
m0007,m0101,38.5,5.620e-56,180.0
m0007,m0102,39.9,5.610e-67,208.0
m0007,m0103,40.8,1.080e-56,181.0
m0007,m0104,39.3,1.090e-53,174.0
m0007,m0105,39.4,1.830e-53,172.0
m0007,m0110,41.8,3.940e-66,206.0
m0007,m0112,39.0,1.570e-41,145.0
m0007,m0114,33.7,1.020e-35,129.0
m0007,m0119,32.2,4.590e-33,120.0
m0007,m0121,42.6,3.730e-63,198.0
m0007,m0124,41.7,9.340e-55,176.0
m0007,m0125,38.9,9.930e-54,174.0
m0007,m0126,36.2,4.410e-42,146.0
m0007,m0129,43.3,1.460e-52,170.0
m0007,m0131,35.0,7.010e-35,127.0
m0007,m0132,38.2,3.280e-52,169.0
m0007,m0134,36.3,4.560e-43,146.0
m0007,m0135,35.8,1.560e-46,155.0
m0007,m0138,33.6,1.500e-15,70.5
m0007,m0139,33.8,2.300e-32,120.0
m0007,m0142,37.4,5.620e-51,166.0
m0007,m0145,43.3,5.650e-69,218.0
m0007,m0150,38.7,4.660e-51,167.0
m0007,m0155,34.1,1.860e-31,118.0
m0007,m0156,40.8,2.580e-53,173.0
m0007,m0158,35.1,9.320e-38,135.0
m0007,m0159,35.0,2.400e-43,150.0
m0007,m0160,31.9,9.240e-33,118.0
m0007,m0161,32.1,2.520e-17,75.1
m0007,m0162,36.3,9.670e-38,136.0
m0007,m0163,37.8,3.540e-51,167.0
m0007,m0164,35.2,4.590e-34,125.0
m0007,m0166,36.5,3.040e-41,142.0
m0007,m0167,38.9,2.930e-53,172.0
m0007,m0168,33.1,3.070e-49,162.0
m0007,m0169,41.1,1.330e-55,179.0
m0007,m0170,33.6,7.150e-33,121.0
m0007,m0171,36.4,1.610e-50,165.0
m0007,m0173,34.0,5.930e-29,110.0
m0007,m0174,35.3,1.860e-35,129.0
m0007,m0175,35.6,2.090e-34,126.0
m0007,m0176,35.2,9.750e-51,166.0
m0007,m0177,35.0,6.720e-46,154.0
m0007,m0179,34.5,3.420e-34,125.0
m0007,m0182,34.7,5.140e-35,128.0
m0007,m0183,36.5,3.190e-34,125.0
m0007,m0184,34.8,2.660e-51,167.0
m0007,m0187,34.6,4.600e-47,155.0
m0007,m0188,34.0,1.670e-34,126.0
m0007,m0191,45.4,1.200e-68,212.0
m0007,m0192,39.8,3.630e-51,167.0
m0007,m0193,38.5,5.500e-48,159.0
m0007,m0194,36.4,5.640e-50,164.0
m0007,m0197,36.1,1.130e-43,148.0
m0007,m0198,34.2,2.560e-41,145.0
m0007,m0204,33.3,1.100e-28,108.0
m0007,m0205,36.3,4.980e-40,142.0
m0007,m0209,41.3,1.190e-53,173.0
m0007,m0212,37.9,3.730e-39,136.0
m0007,m0213,36.0,2.920e-38,136.0
m0007,m0214,35.1,5.200e-37,134.0
m0007,m0215,35.6,1.730e-36,131.0
m0007,m0217,31.7,5.210e-07,45.1
m0007,m0225,36.6,3.170e-38,136.0
m0007,m0226,37.0,1.650e-40,143.0
m0007,m0228,36.2,9.710e-45,149.0
m0007,m0229,38.8,8.090e-49,161.0
m0007,m0230,35.8,6.270e-48,159.0
m0007,m0231,36.6,2.230e-49,163.0
m0007,m0232,38.5,3.370e-52,170.0
m0007,m0233,36.0,8.090e-47,155.0
m0007,m0235,32.8,3.390e-36,129.0
m0007,m0236,33.7,1.120e-33,124.0
m0007,m0241,36.9,8.400e-50,164.0
m0007,m0242,39.4,5.830e-57,182.0
m0007,m0243,31.0,1.200e-29,112.0
m0007,m0244,43.6,1.010e-72,223.0
m0007,m0246,37.5,3.580e-52,170.0
m0007,m0247,34.5,1.830e-35,128.0
m0007,m0248,37.9,5.790e-56,180.0
m0007,m0251,38.0,4.340e-43,145.0
m0007,m0253,35.5,1.850e-37,135.0
m0007,m0258,36.1,2.150e-34,125.0
m0007,m0261,34.8,7.180e-43,145.0
m0007,m0263,40.8,2.470e-62,196.0
m0007,m0266,35.8,5.140e-43,145.0
m0007,m0267,35.9,4.220e-46,152.0
m0007,m0271,41.3,2.140e-53,173.0
m0007,m0272,34.4,1.970e-42,144.0
m0007,m0276,36.6,3.930e-35,128.0
m0007,m0278,32.7,3.020e-32,120.0
m0007,m0280,34.9,3.460e-37,133.0
m0007,m0281,35.1,2.800e-37,134.0
m0007,m0282,32.9,1.270e-30,111.0
m0007,m0284,39.8,6.050e-50,164.0
m0007,m0290,35.9,6.740e-50,164.0
m0007,m0291,31.6,1.590e-15,70.1
m0007,m0292,36.3,1.050e-45,152.0
m0007,m0294,38.8,2.720e-44,149.0
m0007,m0295,36.8,1.980e-39,139.0
m0007,m0297,37.5,1.110e-50,166.0
m0007,m0303,36.4,9.910e-40,137.0
m0007,m0304,37.8,2.110e-48,160.0
m0007,m0309,40.6,2.320e-55,179.0
m0007,m0311,39.2,4.710e-54,175.0
m0007,m0312,36.0,2.260e-52,169.0
m0007,m0314,36.6,7.780e-40,141.0
m0007,m0315,35.0,1.890e-47,157.0
m0007,m0317,40.5,1.940e-55,178.0
m0007,m0320,33.6,1.600e-34,126.0
m0007,m0322,35.9,8.110e-39,138.0
m0007,m0324,37.4,1.730e-43,147.0
m0007,m0328,34.5,1.190e-34,124.0
m0007,m0329,38.0,6.020e-52,168.0
m0007,m0331,34.2,8.160e-35,127.0
m0007,m0332,37.6,2.830e-51,167.0
m0007,m0333,36.3,4.170e-39,139.0
m0007,m0335,38.7,4.130e-37,129.0
m0007,m0336,33.6,3.050e-34,123.0
m0007,m0337,40.0,4.660e-53,171.0
m0007,m0339,35.2,2.680e-34,126.0
m0007,m0340,36.2,2.890e-45,152.0
m0007,m0343,36.0,3.420e-49,161.0
m0007,m0344,37.0,1.580e-39,140.0
m0007,m0345,37.5,4.900e-47,156.0
m0007,m0347,35.9,3.790e-38,137.0
m0007,m0348,36.6,3.830e-39,139.0
m0007,m0349,35.6,2.160e-36,132.0
m0007,m0351,37.7,1.660e-55,179.0
m0007,m0354,43.5,1.040e-66,207.0
m0007,m0356,35.6,8.570e-49,161.0
m0007,m0363,36.3,1.620e-39,140.0
m0007,m0364,32.6,9.440e-39,134.0
m0007,m0365,35.6,1.540e-43,147.0
m0007,m0368,35.6,1.600e-41,142.0
m0007,m0369,32.5,2.120e-26,102.0
m0007,m0370,35.6,3.230e-36,128.0
m0007,m0371,67.4,6.930e-204,561.0
m0007,m0372,37.3,2.160e-44,149.0
m0007,m0377,38.5,2.350e-47,157.0
m0007,m0378,36.6,1.490e-39,140.0
m0007,m0380,36.4,1.250e-47,157.0
m0007,m0382,37.8,1.550e-54,176.0
m0007,m0383,38.9,2.370e-52,171.0
m0007,m0385,38.6,2.010e-56,181.0
m0007,m0387,40.9,2.360e-53,172.0
m0007,m0388,35.7,7.100e-47,156.0
m0007,m0390,38.3,1.130e-51,168.0
m0007,m0393,35.9,4.030e-37,134.0
m0007,m0394,38.4,9.580e-50,163.0
m0007,m0397,34.2,2.460e-40,143.0
m0007,m0399,40.4,4.000e-41,144.0
m0007,m0401,38.7,1.440e-51,168.0
m0007,m0404,32.6,6.830e-42,144.0
m0007,m0405,31.7,1.140e-28,109.0
m0007,m0407,36.2,3.830e-49,162.0
m0007,m0409,31.7,1.780e-44,150.0
m0007,m0411,38.9,4.820e-52,170.0
m0008,m0062,62.4,4.840e-86,248.0
m0008,m0325,46.4,2.380e-53,164.0
m0009,m0116,52.4,2.680e-145,416.0
m0009,m0151,30.8,5.070e-54,181.0
m0009,m0238,35.1,1.610e-80,251.0
m0009,m0358,34.3,3.990e-22,92.8
m0009,m0362,83.1,2.080e-269,731.0
m0010,m0020,40.4,4.710e-68,209.0
m0010,m0030,36.1,2.140e-53,173.0
m0010,m0048,39.4,1.270e-66,206.0
m0010,m0051,35.1,1.050e-47,156.0
m0010,m0060,38.6,1.590e-63,198.0
m0010,m0083,32.7,1.110e-49,164.0
m0010,m0085,41.2,1.210e-70,216.0
m0010,m0087,37.3,7.390e-66,204.0
m0010,m0106,35.2,1.510e-43,146.0
m0010,m0107,37.0,1.230e-54,175.0
m0010,m0111,41.4,2.390e-70,215.0
m0010,m0113,34.7,1.700e-58,185.0
m0010,m0136,31.0,4.160e-31,114.0
m0010,m0152,40.7,4.400e-66,204.0
m0010,m0165,35.3,2.340e-51,167.0
m0010,m0172,33.1,3.680e-36,127.0
m0010,m0180,34.4,1.340e-57,183.0
m0010,m0186,36.9,6.540e-60,189.0
m0010,m0190,38.6,3.920e-64,200.0
m0010,m0208,39.3,8.830e-64,199.0
m0010,m0218,35.4,3.160e-34,122.0
m0010,m0219,31.7,2.040e-39,135.0
m0010,m0220,37.7,7.720e-52,168.0
m0010,m0224,35.6,2.170e-50,165.0
m0010,m0240,30.6,8.930e-32,115.0
m0010,m0245,40.8,7.660e-69,212.0
m0010,m0250,40.8,1.630e-76,231.0
m0010,m0255,32.2,6.440e-35,122.0
m0010,m0268,30.4,2.810e-32,117.0
m0010,m0275,42.3,3.840e-78,236.0
m0010,m0283,34.2,9.600e-47,155.0
m0010,m0286,41.1,7.430e-73,223.0
m0010,m0316,37.3,1.290e-54,176.0
m0010,m0321,40.7,4.210e-77,233.0
m0010,m0353,36.9,2.470e-52,168.0
m0010,m0357,35.9,5.370e-60,188.0
m0010,m0361,36.4,2.640e-50,163.0
m0010,m0379,33.0,6.570e-38,132.0
m0010,m0384,33.9,1.390e-47,157.0
m0010,m0386,41.2,1.760e-73,224.0
m0010,m0389,38.8,3.810e-66,205.0
m0010,m0403,40.8,1.950e-65,203.0
m0010,m0412,38.5,1.040e-65,204.0
m0011,m0210,35.9,2.140e-126,384.0
m0011,m0249,82.6,0.000e+00,1207.0
m0012,m0013,64.6,2.670e-127,358.0
m0012,m0015,49.1,2.180e-81,248.0
m0012,m0018,50.0,1.950e-85,252.0
m0012,m0024,49.8,1.010e-78,241.0
m0012,m0026,47.7,1.510e-80,244.0
m0012,m0029,46.6,3.060e-74,224.0
m0012,m0032,45.2,6.680e-80,238.0
m0012,m0034,52.9,1.940e-96,280.0
m0012,m0038,50.0,3.840e-81,242.0
m0012,m0039,46.0,6.860e-78,233.0
m0012,m0041,53.1,2.140e-72,223.0
m0012,m0042,47.3,1.410e-78,234.0
m0012,m0045,54.9,6.870e-93,271.0
m0012,m0047,58.2,1.410e-112,321.0
m0012,m0049,49.3,2.190e-78,239.0
m0012,m0050,51.6,6.080e-95,276.0
m0012,m0052,46.9,6.240e-77,236.0
m0012,m0053,46.0,4.350e-77,231.0
m0012,m0056,61.1,1.600e-114,326.0
m0012,m0064,70.2,1.060e-133,375.0
m0012,m0065,55.6,1.480e-94,275.0
m0012,m0067,46.1,4.270e-79,236.0
m0012,m0068,46.1,5.680e-78,233.0
m0012,m0069,47.1,4.710e-78,238.0
m0012,m0070,52.2,9.430e-97,281.0
m0012,m0071,49.8,1.400e-89,262.0
m0012,m0072,43.9,9.890e-69,209.0
m0012,m0074,52.7,2.330e-91,268.0
m0012,m0075,46.0,1.450e-75,227.0
m0012,m0077,49.8,5.810e-77,229.0
m0012,m0078,47.6,8.750e-80,237.0
m0012,m0080,43.6,4.610e-76,228.0
m0012,m0084,50.4,3.530e-93,272.0
m0012,m0086,51.6,2.640e-100,290.0
m0012,m0088,49.3,8.720e-83,246.0
m0012,m0090,50.7,1.260e-95,278.0
m0012,m0093,48.0,1.390e-77,238.0
m0012,m0094,48.3,1.120e-80,244.0
m0012,m0095,48.3,1.880e-79,237.0
m0012,m0096,50.4,3.520e-80,244.0
m0012,m0097,54.1,5.140e-102,295.0
m0012,m0098,51.8,8.190e-88,258.0
m0012,m0101,48.3,1.230e-82,245.0
m0012,m0102,45.7,1.230e-77,232.0
m0012,m0103,44.6,6.920e-69,210.0
m0012,m0104,59.4,1.420e-122,347.0
m0012,m0105,50.0,4.340e-80,238.0
m0012,m0110,50.7,7.270e-94,274.0
m0012,m0112,47.8,3.110e-77,236.0
m0012,m0114,50.5,7.740e-83,250.0
m0012,m0119,59.6,6.100e-105,303.0
m0012,m0121,51.6,6.220e-90,263.0
m0012,m0124,64.1,5.610e-121,342.0
m0012,m0125,61.6,9.280e-118,334.0
m0012,m0126,53.4,1.050e-87,262.0
m0012,m0129,46.4,4.770e-66,202.0
m0012,m0131,48.2,1.180e-79,241.0
m0012,m0132,56.6,3.600e-113,322.0
m0012,m0134,51.2,6.160e-88,259.0
m0012,m0135,65.4,9.180e-130,365.0
m0012,m0139,48.0,3.180e-76,234.0
m0012,m0142,63.8,3.090e-119,337.0
m0012,m0145,48.7,1.690e-81,246.0
m0012,m0150,53.0,2.510e-98,285.0
m0012,m0155,48.9,7.750e-81,245.0
m0012,m0156,55.5,5.690e-99,287.0
m0012,m0158,49.6,1.870e-79,242.0
m0012,m0159,46.4,7.200e-70,217.0
m0012,m0160,41.3,7.820e-68,207.0
m0012,m0161,31.8,4.560e-31,111.0
m0012,m0162,48.0,5.290e-79,242.0
m0012,m0163,47.0,1.740e-78,234.0
m0012,m0164,47.5,6.650e-80,243.0
m0012,m0166,43.1,8.120e-59,185.0
m0012,m0167,53.9,2.240e-104,300.0
m0012,m0168,43.7,4.570e-79,236.0
m0012,m0169,64.5,7.270e-128,360.0
m0012,m0170,51.1,5.250e-80,242.0
m0012,m0171,46.0,4.630e-77,231.0
m0012,m0173,48.0,2.500e-77,236.0
m0012,m0174,48.6,1.270e-80,244.0
m0012,m0175,49.8,1.400e-85,257.0
m0012,m0176,47.5,4.300e-79,236.0
m0012,m0177,44.1,6.040e-79,236.0
m0012,m0179,49.0,2.230e-76,233.0
m0012,m0182,51.1,2.990e-88,265.0
m0012,m0183,50.2,2.010e-78,238.0
m0012,m0184,44.7,1.140e-79,238.0
m0012,m0187,63.3,3.050e-113,322.0
m0012,m0188,49.3,4.270e-83,251.0
m0012,m0191,48.6,4.910e-82,243.0
m0012,m0192,52.9,3.150e-92,270.0
m0012,m0193,69.9,6.290e-138,386.0
m0012,m0194,44.4,8.380e-77,230.0
m0012,m0197,51.4,9.040e-95,276.0
m0012,m0198,45.7,3.030e-68,213.0
m0012,m0204,43.8,4.390e-72,219.0
m0012,m0205,49.1,1.920e-78,239.0
m0012,m0209,40.7,1.090e-60,188.0
m0012,m0212,51.8,1.780e-82,246.0
m0012,m0213,51.1,8.450e-82,247.0
m0012,m0214,50.5,1.470e-80,245.0
m0012,m0215,51.9,3.970e-71,219.0
m0012,m0225,51.9,2.030e-71,221.0
m0012,m0226,49.1,8.870e-81,245.0
m0012,m0228,69.7,3.260e-131,367.0
m0012,m0229,65.6,8.910e-129,363.0
m0012,m0230,57.9,5.180e-101,292.0
m0012,m0231,60.6,7.520e-119,338.0
m0012,m0232,62.7,1.650e-126,357.0
m0012,m0233,61.9,3.330e-120,340.0
m0012,m0235,47.3,1.290e-79,239.0
m0012,m0236,52.8,1.340e-84,254.0
m0012,m0241,56.5,7.470e-109,312.0
m0012,m0242,43.3,2.790e-74,224.0
m0012,m0243,46.1,3.780e-79,240.0
m0012,m0244,47.3,6.740e-84,248.0
m0012,m0246,64.0,1.520e-127,359.0
m0012,m0247,50.9,2.400e-84,253.0
m0012,m0248,48.9,1.170e-80,240.0
m0012,m0251,51.4,1.560e-97,283.0
m0012,m0253,50.5,4.110e-82,249.0
m0012,m0258,48.3,3.120e-79,240.0
m0012,m0261,62.6,2.020e-131,369.0
m0012,m0263,42.9,3.230e-75,226.0
m0012,m0266,52.5,9.030e-83,245.0
m0012,m0267,57.1,1.140e-104,300.0
m0012,m0271,62.5,1.460e-122,347.0
m0012,m0272,49.0,1.760e-90,265.0
m0012,m0273,32.4,1.150e-32,117.0
m0012,m0276,47.1,1.860e-81,247.0
m0012,m0278,48.6,2.530e-74,228.0
m0012,m0280,48.9,1.090e-78,238.0
m0012,m0281,47.0,1.030e-79,242.0
m0012,m0282,43.6,2.720e-71,214.0
m0012,m0284,46.7,9.600e-71,214.0
m0012,m0287,33.8,1.340e-35,124.0
m0012,m0290,46.5,6.560e-83,246.0
m0012,m0291,30.3,9.550e-20,81.3
m0012,m0292,51.4,8.850e-92,268.0
m0012,m0293,51.3,4.430e-84,253.0
m0012,m0294,48.2,2.130e-79,237.0
m0012,m0295,53.1,7.640e-83,249.0
m0012,m0297,63.8,2.750e-123,348.0
m0012,m0303,58.2,6.160e-117,332.0
m0012,m0304,67.5,1.250e-130,367.0
m0012,m0309,65.9,3.850e-122,346.0
m0012,m0311,46.2,3.810e-84,249.0
m0012,m0312,45.6,2.400e-75,226.0
m0012,m0314,50.4,7.580e-80,243.0
m0012,m0315,57.9,2.420e-112,321.0
m0012,m0317,58.0,2.350e-114,325.0
m0012,m0318,44.6,1.920e-70,219.0
m0012,m0320,49.6,2.920e-77,235.0
m0012,m0322,48.0,4.260e-78,238.0
m0012,m0324,50.9,9.970e-87,256.0
m0012,m0328,48.8,2.660e-83,248.0
m0012,m0329,58.7,6.060e-108,308.0
m0012,m0331,48.6,5.530e-83,250.0
m0012,m0332,58.5,1.670e-117,334.0
m0012,m0333,49.6,5.970e-80,244.0
m0012,m0335,52.4,1.720e-81,241.0
m0012,m0336,50.7,1.090e-86,256.0
m0012,m0337,61.6,3.570e-123,347.0
m0012,m0339,46.4,1.600e-76,234.0
m0012,m0340,52.5,4.670e-87,256.0
m0012,m0343,49.8,3.430e-87,256.0
m0012,m0344,50.4,2.690e-81,247.0
m0012,m0345,54.6,2.660e-101,293.0
m0012,m0347,50.2,4.330e-82,249.0
m0012,m0348,49.3,1.250e-77,238.0
m0012,m0349,50.2,1.030e-83,253.0
m0012,m0351,48.7,1.310e-82,245.0
m0012,m0354,44.2,2.630e-76,229.0
m0012,m0356,46.0,1.370e-75,228.0
m0012,m0363,48.0,7.820e-79,240.0
m0012,m0364,54.9,6.330e-99,286.0
m0012,m0365,49.8,6.470e-89,261.0
m0012,m0368,49.1,4.440e-89,261.0
m0012,m0369,32.5,2.260e-34,122.0
m0012,m0370,49.8,9.590e-88,258.0
m0012,m0371,34.6,2.440e-44,150.0
m0012,m0372,60.5,2.030e-115,328.0
m0012,m0377,65.9,7.620e-132,370.0
m0012,m0378,49.6,3.000e-79,242.0
m0012,m0380,59.0,6.480e-114,324.0
m0012,m0382,53.3,1.350e-101,293.0
m0012,m0383,46.1,1.310e-83,248.0
m0012,m0385,46.9,8.490e-75,226.0
m0012,m0387,44.3,1.520e-66,204.0
m0012,m0388,67.4,8.530e-130,365.0
m0012,m0390,62.2,6.700e-120,340.0
m0012,m0393,49.8,1.900e-82,250.0
m0012,m0394,64.1,2.730e-124,351.0
m0012,m0397,45.9,1.700e-70,219.0
m0012,m0399,50.2,9.270e-82,248.0
m0012,m0401,63.2,3.440e-131,368.0
m0012,m0404,47.3,7.320e-74,224.0
m0012,m0405,50.4,3.870e-85,254.0
m0012,m0407,44.7,1.080e-73,222.0
m0012,m0409,45.8,1.810e-77,233.0
m0012,m0411,64.1,1.200e-131,370.0
m0013,m0015,46.8,1.410e-79,243.0
m0013,m0018,48.8,8.170e-85,251.0
m0013,m0024,44.6,1.730e-73,228.0
m0013,m0026,45.1,9.900e-79,239.0
m0013,m0029,46.0,1.290e-70,215.0
m0013,m0032,45.0,2.310e-83,247.0
m0013,m0034,48.8,2.550e-84,250.0
m0013,m0038,48.5,6.410e-80,239.0
m0013,m0039,45.2,5.680e-77,231.0
m0013,m0041,47.8,1.500e-69,216.0
m0013,m0042,45.9,1.030e-75,227.0
m0013,m0043,30.8,5.790e-12,58.9
m0013,m0045,56.2,4.400e-94,275.0
m0013,m0047,58.5,9.540e-111,317.0
m0013,m0049,47.3,5.560e-76,234.0
m0013,m0050,54.7,1.900e-101,293.0
m0013,m0052,46.2,2.440e-73,227.0
m0013,m0053,45.8,1.810e-73,222.0
m0013,m0056,56.6,5.530e-108,310.0
m0013,m0064,60.0,4.390e-114,326.0
m0013,m0065,52.2,1.770e-93,273.0
m0013,m0067,41.9,4.550e-76,229.0
m0013,m0068,44.9,1.900e-81,242.0
m0013,m0069,48.2,3.050e-76,233.0
m0013,m0070,49.7,3.750e-99,288.0
m0013,m0071,47.6,1.490e-86,255.0
m0013,m0072,45.4,1.340e-71,217.0
m0013,m0074,51.9,9.820e-91,267.0
m0013,m0075,43.5,5.310e-73,221.0
m0013,m0077,50.2,1.860e-75,226.0
m0013,m0078,48.8,7.020e-79,235.0
m0013,m0080,43.4,1.730e-73,222.0
m0013,m0084,48.8,5.640e-95,277.0
m0013,m0086,51.9,6.630e-101,291.0
m0013,m0088,46.9,3.040e-78,234.0
m0013,m0090,50.3,1.230e-93,274.0
m0013,m0093,46.4,3.180e-76,234.0
m0013,m0094,48.1,9.040e-77,235.0
m0013,m0095,45.0,2.340e-72,219.0
m0013,m0096,48.0,1.560e-75,233.0
m0013,m0097,49.2,1.240e-95,279.0
m0013,m0098,49.8,1.020e-96,281.0
m0013,m0101,44.9,6.970e-85,251.0
m0013,m0102,47.4,8.510e-81,241.0
m0013,m0103,45.0,6.880e-72,218.0
m0013,m0104,57.0,3.920e-113,323.0
m0013,m0105,46.5,1.890e-73,221.0
m0013,m0110,49.1,7.060e-92,269.0
m0013,m0112,45.1,6.210e-74,228.0
m0013,m0114,49.1,1.000e-77,237.0
m0013,m0119,56.5,2.430e-107,309.0
m0013,m0121,50.9,3.160e-90,265.0
m0013,m0124,61.1,3.320e-120,340.0
m0013,m0125,79.2,5.750e-171,469.0
m0013,m0126,50.0,3.510e-86,258.0
m0013,m0129,46.4,8.380e-64,196.0
m0013,m0131,49.6,1.100e-80,244.0
m0013,m0132,51.7,1.250e-101,293.0
m0013,m0134,48.4,3.830e-84,250.0
m0013,m0135,57.5,1.850e-115,329.0
m0013,m0138,30.8,4.370e-28,104.0
m0013,m0139,47.7,2.330e-76,234.0
m0013,m0142,69.0,2.550e-130,365.0
m0013,m0145,49.4,2.480e-84,254.0
m0013,m0150,49.3,2.600e-93,273.0
m0013,m0155,48.4,1.790e-79,242.0
m0013,m0156,55.1,7.920e-107,307.0
m0013,m0158,46.6,3.250e-74,229.0
m0013,m0159,46.9,6.370e-75,231.0
m0013,m0160,43.8,2.950e-76,229.0
m0013,m0161,32.8,1.100e-30,110.0
m0013,m0162,46.2,2.650e-76,235.0
m0013,m0163,44.5,6.560e-73,220.0
m0013,m0164,47.7,2.790e-82,249.0
m0013,m0166,43.7,3.020e-65,202.0
m0013,m0167,55.6,3.840e-108,310.0
m0013,m0168,42.7,6.930e-76,228.0
m0013,m0169,62.4,7.350e-126,356.0
m0013,m0170,48.6,5.410e-77,235.0
m0013,m0171,45.5,3.520e-71,216.0
m0013,m0173,46.9,3.280e-78,238.0
m0013,m0174,47.0,7.390e-80,243.0
m0013,m0175,48.4,4.600e-81,246.0
m0013,m0176,45.8,6.880e-81,241.0
m0013,m0177,42.3,1.000e-77,233.0
m0013,m0179,48.3,2.580e-75,230.0
m0013,m0182,50.2,1.570e-85,258.0
m0013,m0183,49.2,1.170e-77,237.0
m0013,m0184,43.6,1.520e-77,233.0
m0013,m0187,63.0,5.760e-116,329.0
m0013,m0188,48.4,1.110e-80,245.0
m0013,m0191,50.9,2.140e-83,247.0
m0013,m0192,48.3,1.070e-90,266.0
m0013,m0193,60.5,9.660e-126,356.0
m0013,m0194,43.2,8.900e-74,223.0
m0013,m0197,49.7,2.540e-97,283.0
m0013,m0198,47.0,2.100e-72,224.0
m0013,m0204,43.4,1.590e-66,206.0
m0013,m0205,48.4,2.720e-75,232.0
m0013,m0209,47.1,1.160e-68,209.0
m0013,m0212,47.7,3.130e-75,228.0
m0013,m0213,47.7,1.530e-76,234.0
m0013,m0214,47.7,2.310e-76,235.0
m0013,m0215,50.2,6.710e-66,206.0
m0013,m0225,46.6,3.100e-67,210.0
m0013,m0226,48.0,6.410e-78,238.0
m0013,m0228,68.4,4.530e-129,362.0
m0013,m0229,62.6,1.390e-123,350.0
m0013,m0230,53.9,2.710e-106,306.0
m0013,m0231,62.2,7.680e-129,364.0
m0013,m0232,61.2,6.920e-119,338.0
m0013,m0233,59.9,8.370e-114,325.0
m0013,m0235,44.6,1.540e-75,229.0
m0013,m0236,50.0,7.010e-79,240.0
m0013,m0241,55.4,1.200e-110,317.0
m0013,m0242,42.0,2.080e-71,217.0
m0013,m0243,46.2,2.170e-75,231.0
m0013,m0244,46.7,5.840e-88,259.0
m0013,m0246,62.5,3.480e-129,364.0
m0013,m0247,48.2,2.530e-78,238.0
m0013,m0248,45.2,1.870e-82,245.0
m0013,m0251,50.2,2.080e-90,265.0
m0013,m0253,46.6,1.250e-74,230.0
m0013,m0258,49.1,5.770e-80,243.0
m0013,m0261,59.5,1.320e-120,342.0
m0013,m0263,47.0,2.200e-81,243.0
m0013,m0266,50.4,6.840e-80,238.0
m0013,m0267,56.9,2.910e-100,289.0
m0013,m0271,61.0,7.100e-126,356.0
m0013,m0272,46.7,1.940e-79,237.0
m0013,m0273,32.7,5.320e-37,129.0
m0013,m0276,46.7,5.900e-77,236.0
m0013,m0278,46.4,3.220e-72,223.0
m0013,m0280,48.4,2.540e-77,235.0
m0013,m0281,48.8,4.760e-78,238.0
m0013,m0282,47.8,1.640e-80,238.0
m0013,m0284,44.4,3.120e-66,203.0
m0013,m0287,33.6,1.040e-39,135.0
m0013,m0290,43.6,5.010e-80,239.0
m0013,m0291,31.0,5.950e-27,101.0
m0013,m0292,51.6,1.270e-96,280.0
m0013,m0293,47.4,6.500e-81,246.0
m0013,m0294,47.0,2.740e-80,240.0
m0013,m0295,51.8,1.590e-82,249.0
m0013,m0297,58.0,1.130e-115,329.0
m0013,m0303,60.6,3.170e-117,333.0
m0013,m0304,61.4,3.410e-126,357.0
m0013,m0309,61.2,9.210e-109,313.0
m0013,m0311,45.2,1.810e-82,245.0
m0013,m0312,46.4,1.300e-77,232.0
m0013,m0314,48.0,2.370e-75,232.0
m0013,m0315,54.3,5.170e-112,320.0
m0013,m0317,54.7,1.530e-105,303.0
m0013,m0318,45.5,9.050e-72,223.0
m0013,m0320,50.4,5.320e-75,230.0
m0013,m0322,47.7,1.950e-76,234.0
m0013,m0324,47.9,4.770e-85,252.0
m0013,m0328,47.6,1.830e-78,236.0
m0013,m0329,59.5,1.620e-110,315.0
m0013,m0331,49.1,1.630e-82,249.0
m0013,m0332,55.8,6.360e-113,323.0
m0013,m0333,46.3,6.900e-79,241.0
m0013,m0335,49.3,1.660e-89,262.0
m0013,m0336,49.3,1.690e-83,248.0
m0013,m0337,61.9,5.210e-123,347.0
m0013,m0339,46.6,2.860e-74,229.0
m0013,m0340,49.1,5.560e-86,254.0
m0013,m0343,53.2,2.000e-91,267.0
m0013,m0344,47.0,3.850e-78,239.0
m0013,m0345,51.7,1.940e-91,268.0
m0013,m0347,46.5,3.840e-77,237.0
m0013,m0348,46.6,1.380e-73,228.0
m0013,m0349,48.5,1.490e-80,245.0
m0013,m0351,44.0,4.400e-81,242.0
m0013,m0354,47.2,2.150e-83,247.0
m0013,m0356,44.5,2.260e-74,225.0
m0013,m0363,46.9,1.420e-76,235.0
m0013,m0364,53.4,7.910e-100,289.0
m0013,m0365,49.8,2.340e-99,288.0
m0013,m0368,47.4,1.340e-93,273.0
m0013,m0369,34.0,2.120e-35,125.0
m0013,m0370,47.6,5.010e-80,239.0
m0013,m0371,36.6,3.730e-49,163.0
m0013,m0372,56.5,4.050e-108,310.0
m0013,m0377,60.8,3.740e-123,348.0
m0013,m0378,45.6,1.080e-76,236.0
m0013,m0380,62.4,9.000e-124,350.0
m0013,m0382,57.1,3.940e-106,305.0
m0013,m0383,40.7,3.010e-74,224.0
m0013,m0385,44.7,6.180e-75,226.0
m0013,m0387,44.0,2.630e-70,214.0
m0013,m0388,63.2,1.230e-127,360.0
m0013,m0390,59.1,7.860e-112,320.0
m0013,m0393,47.5,6.650e-77,236.0
m0013,m0394,62.5,9.020e-121,342.0
m0013,m0397,44.1,8.830e-71,221.0
m0013,m0399,47.4,2.110e-77,237.0
m0013,m0401,62.4,1.200e-129,365.0
m0013,m0404,45.7,1.350e-71,219.0
m0013,m0405,46.9,1.310e-80,243.0
m0013,m0407,46.2,1.520e-76,230.0
m0013,m0409,44.5,1.490e-76,231.0
m0013,m0411,59.8,1.670e-122,347.0
m0015,m0018,56.8,3.290e-113,330.0
m0015,m0024,78.7,5.900e-277,753.0
m0015,m0026,50.2,3.700e-151,431.0
m0015,m0029,37.5,2.220e-46,157.0
m0015,m0032,43.1,1.650e-61,196.0
m0015,m0034,48.1,5.760e-80,244.0
m0015,m0038,38.5,3.950e-51,170.0
m0015,m0039,41.0,8.920e-52,171.0
m0015,m0041,64.6,4.660e-206,572.0
m0015,m0042,39.9,9.340e-54,176.0
m0015,m0045,47.5,1.600e-70,220.0
m0015,m0047,47.8,1.590e-74,230.0
m0015,m0049,83.1,2.470e-294,796.0
m0015,m0050,47.0,5.350e-80,244.0
m0015,m0052,82.4,1.560e-295,800.0
m0015,m0053,40.3,1.550e-48,162.0
m0015,m0056,46.8,3.740e-73,226.0
m0015,m0064,44.2,4.210e-78,240.0
m0015,m0065,45.2,1.750e-65,207.0
m0015,m0066,30.8,1.590e-09,52.0
m0015,m0067,42.7,1.130e-53,176.0
m0015,m0068,42.5,3.060e-65,206.0
m0015,m0069,61.1,1.290e-127,372.0
m0015,m0070,47.9,9.010e-79,242.0
m0015,m0071,47.7,1.500e-77,238.0
m0015,m0072,38.1,4.750e-49,163.0
m0015,m0074,46.6,6.360e-78,240.0
m0015,m0075,41.9,2.600e-58,188.0
m0015,m0077,67.6,1.730e-125,360.0
m0015,m0078,39.6,5.300e-52,171.0
m0015,m0080,36.7,3.830e-49,164.0
m0015,m0084,46.0,3.670e-76,234.0
m0015,m0086,52.5,8.600e-87,261.0
m0015,m0088,63.4,9.910e-130,372.0
m0015,m0090,45.0,8.510e-62,197.0
m0015,m0093,82.3,2.120e-294,796.0
m0015,m0094,53.7,1.350e-162,461.0
m0015,m0095,39.9,1.610e-50,168.0
m0015,m0096,81.2,5.040e-287,778.0
m0015,m0097,53.0,4.580e-86,260.0
m0015,m0098,46.5,1.220e-75,233.0
m0015,m0101,39.5,4.450e-56,182.0
m0015,m0102,40.5,4.840e-55,179.0
m0015,m0103,38.7,1.370e-54,178.0
m0015,m0104,49.8,5.480e-92,275.0
m0015,m0105,42.2,1.410e-52,172.0
m0015,m0110,45.2,2.540e-67,212.0
m0015,m0112,73.1,3.030e-182,511.0
m0015,m0114,58.2,2.790e-168,475.0
m0015,m0119,43.2,2.410e-63,202.0
m0015,m0121,41.7,7.920e-61,194.0
m0015,m0124,56.1,4.530e-95,282.0
m0015,m0125,46.3,1.210e-73,228.0
m0015,m0126,53.4,2.280e-129,375.0
m0015,m0129,39.5,1.300e-47,159.0
m0015,m0131,59.9,9.540e-130,376.0
m0015,m0132,49.8,5.220e-89,267.0
m0015,m0134,60.3,2.480e-125,361.0
m0015,m0135,49.2,4.830e-83,253.0
m0015,m0138,30.5,2.560e-26,102.0
m0015,m0139,55.0,1.030e-170,483.0
m0015,m0142,52.7,2.150e-85,257.0
m0015,m0145,44.2,4.880e-64,207.0
m0015,m0150,44.3,6.000e-67,211.0
m0015,m0155,51.8,1.930e-155,443.0
m0015,m0156,51.2,5.370e-88,265.0
m0015,m0158,81.4,1.530e-292,791.0
m0015,m0159,52.3,1.300e-162,462.0
m0015,m0160,39.2,3.400e-49,164.0
m0015,m0162,89.1,0.000e+00,868.0
m0015,m0163,40.0,8.940e-52,171.0
m0015,m0164,60.7,2.170e-142,410.0
m0015,m0166,37.9,7.770e-39,137.0
m0015,m0167,44.9,5.020e-80,244.0
m0015,m0168,37.4,3.940e-49,164.0
m0015,m0169,44.7,1.420e-73,228.0
m0015,m0170,52.6,5.790e-128,372.0
m0015,m0171,38.9,1.710e-47,159.0
m0015,m0173,52.9,1.000e-157,448.0
m0015,m0174,51.6,4.460e-133,385.0
m0015,m0175,64.6,1.490e-134,390.0
m0015,m0176,38.0,6.700e-51,169.0
m0015,m0177,39.7,8.110e-54,177.0
m0015,m0179,53.7,4.970e-160,453.0
m0015,m0182,55.4,2.940e-119,351.0
m0015,m0183,66.5,8.600e-153,436.0
m0015,m0184,39.9,3.310e-53,175.0
m0015,m0187,49.4,7.380e-75,230.0
m0015,m0188,54.1,1.180e-135,393.0
m0015,m0191,38.7,4.920e-54,176.0
m0015,m0192,47.6,1.310e-77,238.0
m0015,m0193,47.6,3.880e-86,261.0
m0015,m0194,38.3,3.640e-51,169.0
m0015,m0197,47.7,2.050e-77,238.0
m0015,m0198,54.3,1.860e-163,463.0
m0015,m0204,53.5,1.420e-104,309.0
m0015,m0205,78.9,1.030e-280,761.0
m0015,m0209,39.7,1.360e-51,170.0
m0015,m0212,59.6,6.710e-129,371.0
m0015,m0213,80.2,2.180e-260,709.0
m0015,m0214,83.0,7.360e-293,793.0
m0015,m0215,62.5,5.490e-190,530.0
m0015,m0225,57.9,7.750e-184,515.0
m0015,m0226,83.3,8.320e-278,754.0
m0015,m0227,33.6,3.250e-13,63.5
m0015,m0228,52.1,4.150e-83,251.0
m0015,m0229,50.0,2.040e-83,254.0
m0015,m0230,46.3,1.920e-80,246.0
m0015,m0231,47.3,5.320e-85,258.0
m0015,m0232,49.6,3.560e-87,263.0
m0015,m0233,49.0,1.050e-84,256.0
m0015,m0235,61.5,1.400e-121,353.0
m0015,m0236,54.9,5.310e-166,469.0
m0015,m0241,46.4,6.020e-73,226.0
m0015,m0242,39.2,2.480e-50,167.0
m0015,m0243,51.7,6.590e-158,449.0
m0015,m0244,46.6,2.260e-68,214.0
m0015,m0246,51.6,6.820e-88,265.0
m0015,m0247,68.0,6.620e-145,415.0
m0015,m0248,37.4,1.680e-49,165.0
m0015,m0251,44.9,3.260e-67,211.0
m0015,m0253,83.2,1.630e-297,804.0
m0015,m0258,69.2,8.220e-152,433.0
m0015,m0261,45.8,5.000e-83,253.0
m0015,m0263,40.1,1.300e-55,181.0
m0015,m0266,62.6,2.810e-121,350.0
m0015,m0267,49.0,3.110e-75,231.0
m0015,m0271,50.7,5.070e-87,263.0
m0015,m0272,45.5,1.410e-71,223.0
m0015,m0273,35.8,6.570e-34,125.0
m0015,m0276,55.4,7.800e-173,488.0
m0015,m0277,31.9,2.010e-14,67.0
m0015,m0278,62.5,2.410e-130,379.0
m0015,m0280,53.4,8.090e-132,381.0
m0015,m0281,55.4,6.420e-164,464.0
m0015,m0282,41.8,8.640e-52,169.0
m0015,m0284,39.5,2.070e-50,167.0
m0015,m0290,41.1,3.380e-56,183.0
m0015,m0292,48.9,3.380e-74,229.0
m0015,m0293,52.5,8.900e-157,446.0
m0015,m0294,65.9,3.460e-134,384.0
m0015,m0295,52.9,8.500e-105,312.0
m0015,m0297,53.9,5.350e-93,278.0
m0015,m0303,47.9,4.940e-74,229.0
m0015,m0304,47.9,6.790e-84,255.0
m0015,m0309,46.9,1.350e-76,236.0
m0015,m0311,41.6,5.870e-57,185.0
m0015,m0312,39.1,3.600e-49,163.0
m0015,m0314,82.9,1.380e-294,797.0
m0015,m0315,44.2,1.680e-72,225.0
m0015,m0317,49.5,7.060e-90,270.0
m0015,m0318,45.6,3.130e-113,336.0
m0015,m0320,56.7,4.150e-165,467.0
m0015,m0322,82.3,1.610e-277,753.0
m0015,m0324,58.4,7.290e-119,344.0
m0015,m0328,61.8,6.420e-131,376.0
m0015,m0329,46.2,4.990e-68,212.0
m0015,m0331,60.4,2.290e-133,386.0
m0015,m0332,52.2,5.010e-94,281.0
m0015,m0333,80.9,9.440e-287,777.0
m0015,m0335,44.2,1.950e-56,182.0
m0015,m0336,64.1,2.480e-131,377.0
m0015,m0337,48.3,6.540e-78,238.0
m0015,m0339,55.3,9.610e-174,490.0
m0015,m0340,58.7,5.930e-120,347.0
m0015,m0343,41.7,1.630e-55,180.0
m0015,m0344,83.6,1.070e-299,810.0
m0015,m0345,49.7,6.360e-82,249.0
m0015,m0347,83.3,5.040e-297,803.0
m0015,m0348,86.0,2.170e-302,816.0
m0015,m0349,48.4,1.160e-130,380.0
m0015,m0351,40.1,1.150e-57,187.0
m0015,m0354,41.3,1.790e-59,191.0
m0015,m0356,42.5,1.740e-53,176.0
m0015,m0363,81.4,3.750e-274,744.0
m0015,m0364,42.4,3.800e-60,192.0
m0015,m0365,47.0,5.080e-73,226.0
m0015,m0368,46.9,7.540e-76,234.0
m0015,m0369,36.2,1.290e-33,124.0
m0015,m0370,61.3,7.490e-117,339.0
m0015,m0371,35.9,2.950e-38,138.0
m0015,m0372,47.1,3.510e-74,229.0
m0015,m0377,45.8,9.480e-74,228.0
m0015,m0378,82.7,5.610e-294,795.0
m0015,m0380,50.7,5.890e-82,249.0
m0015,m0382,46.0,3.760e-70,219.0
m0015,m0383,38.5,5.970e-54,177.0
m0015,m0385,40.5,2.530e-54,178.0
m0015,m0387,35.9,3.920e-50,166.0
m0015,m0388,47.9,1.560e-80,246.0
m0015,m0390,52.9,3.760e-88,265.0
m0015,m0393,89.0,0.000e+00,867.0
m0015,m0394,49.8,1.500e-81,248.0
m0015,m0397,52.1,3.960e-163,464.0
m0015,m0399,75.1,3.080e-186,521.0
m0015,m0401,52.5,5.980e-95,283.0
m0015,m0404,51.5,7.410e-119,346.0
m0015,m0405,58.1,3.250e-122,356.0
m0015,m0407,42.3,1.640e-62,199.0
m0015,m0409,41.7,2.770e-54,178.0
m0015,m0411,48.4,3.850e-87,263.0
m0016,m0089,33.4,9.220e-50,166.0
m0016,m0109,34.1,6.310e-42,145.0
m0016,m0308,49.4,5.600e-80,241.0
m0016,m0310,42.9,4.090e-88,266.0
m0017,m0217,71.7,6.630e-226,620.0
m0017,m0265,30.7,3.720e-07,43.9
m0017,m0409,30.6,2.820e-07,45.4
m0018,m0024,60.4,1.140e-118,343.0
m0018,m0026,55.5,7.390e-107,311.0
m0018,m0029,40.3,3.450e-52,167.0
m0018,m0032,44.8,9.890e-69,210.0
m0018,m0034,46.0,4.440e-80,239.0
m0018,m0038,41.7,3.740e-55,176.0
m0018,m0039,38.1,1.110e-52,169.0
m0018,m0041,54.7,5.040e-101,297.0
m0018,m0042,41.5,9.250e-63,194.0
m0018,m0045,44.6,3.200e-70,214.0
m0018,m0047,47.3,2.910e-82,244.0
m0018,m0049,58.7,6.760e-110,321.0
m0018,m0050,47.7,3.230e-82,244.0
m0018,m0052,58.6,3.850e-114,332.0
m0018,m0053,38.9,2.670e-55,175.0
m0018,m0056,47.7,1.430e-80,240.0
m0018,m0064,48.1,5.900e-92,270.0
m0018,m0065,44.4,2.040e-68,209.0
m0018,m0066,30.6,1.620e-07,45.4
m0018,m0067,39.7,4.610e-55,175.0
m0018,m0068,39.2,1.460e-64,199.0
m0018,m0069,56.6,1.980e-103,303.0
m0018,m0070,50.7,4.640e-90,265.0
m0018,m0071,45.2,1.420e-76,229.0
m0018,m0072,39.8,1.190e-51,166.0
m0018,m0074,41.8,7.200e-69,211.0
m0018,m0075,43.2,1.020e-64,199.0
m0018,m0077,63.0,2.160e-112,320.0
m0018,m0078,41.7,7.170e-56,176.0
m0018,m0080,39.6,3.170e-56,178.0
m0018,m0084,45.2,1.620e-73,222.0
m0018,m0086,48.3,2.330e-86,254.0
m0018,m0088,58.6,9.830e-118,335.0
m0018,m0090,44.0,4.730e-75,226.0
m0018,m0093,58.3,1.110e-109,320.0
m0018,m0094,54.2,3.590e-97,287.0
m0018,m0095,38.8,1.800e-53,171.0
m0018,m0096,58.4,4.580e-113,329.0
m0018,m0097,48.8,8.680e-86,254.0
m0018,m0098,42.0,2.740e-70,214.0
m0018,m0101,39.2,5.870e-58,182.0
m0018,m0102,39.6,3.550e-63,196.0
m0018,m0103,37.4,1.570e-55,176.0
m0018,m0104,54.8,4.150e-103,298.0
m0018,m0105,41.3,1.310e-56,178.0
m0018,m0110,44.6,1.390e-67,207.0
m0018,m0112,57.1,3.970e-118,341.0
m0018,m0114,53.5,2.480e-96,285.0
m0018,m0119,40.7,1.100e-62,195.0
m0018,m0121,44.1,9.760e-68,207.0
m0018,m0124,56.3,6.910e-103,296.0
m0018,m0125,47.4,3.650e-80,239.0
m0018,m0126,80.6,1.100e-168,468.0
m0018,m0129,37.0,3.680e-46,151.0
m0018,m0131,61.2,1.100e-113,328.0
m0018,m0132,52.9,4.520e-102,295.0
m0018,m0134,79.7,2.670e-167,461.0
m0018,m0135,50.7,5.430e-90,265.0
m0018,m0139,57.7,1.000e-107,315.0
m0018,m0142,52.1,1.750e-89,262.0
m0018,m0145,39.8,5.280e-60,191.0
m0018,m0150,43.3,2.020e-74,224.0
m0018,m0155,60.1,3.010e-112,326.0
m0018,m0156,52.0,5.260e-90,265.0
m0018,m0158,59.4,6.950e-112,326.0
m0018,m0159,58.4,2.670e-109,319.0
m0018,m0160,38.5,2.530e-57,181.0
m0018,m0161,30.5,3.100e-25,96.3
m0018,m0162,57.2,1.950e-112,328.0
m0018,m0163,39.9,1.120e-59,186.0
m0018,m0164,56.0,7.200e-114,330.0
m0018,m0166,35.0,7.020e-41,139.0
m0018,m0167,52.9,4.600e-102,295.0
m0018,m0168,39.7,7.410e-58,182.0
m0018,m0169,47.6,8.710e-85,251.0
m0018,m0170,59.2,6.170e-115,332.0
m0018,m0171,35.3,4.440e-54,172.0
m0018,m0173,57.4,9.680e-109,317.0
m0018,m0174,55.6,7.160e-106,309.0
m0018,m0175,60.0,5.120e-114,330.0
m0018,m0176,40.6,1.250e-58,184.0
m0018,m0177,36.8,1.010e-53,172.0
m0018,m0179,60.6,3.850e-111,322.0
m0018,m0182,58.8,3.270e-113,329.0
m0018,m0183,61.4,1.770e-113,328.0
m0018,m0184,41.8,1.070e-60,189.0
m0018,m0187,50.8,8.200e-84,247.0
m0018,m0188,59.3,6.670e-111,323.0
m0018,m0191,41.2,7.540e-59,184.0
m0018,m0192,47.6,3.060e-77,232.0
m0018,m0193,48.0,2.740e-93,273.0
m0018,m0194,39.0,3.610e-55,175.0
m0018,m0197,50.2,8.850e-88,259.0
m0018,m0198,56.6,3.680e-103,303.0
m0018,m0204,49.3,1.970e-90,267.0
m0018,m0205,60.8,9.790e-114,330.0
m0018,m0209,38.9,3.030e-57,180.0
m0018,m0212,55.3,6.610e-104,301.0
m0018,m0213,58.6,2.640e-114,331.0
m0018,m0214,59.0,1.100e-112,328.0
m0018,m0215,54.0,3.030e-92,274.0
m0018,m0225,53.5,1.140e-92,276.0
m0018,m0226,56.8,5.660e-111,323.0
m0018,m0228,52.7,1.180e-90,265.0
m0018,m0229,51.6,1.710e-92,271.0
m0018,m0230,47.1,1.460e-88,261.0
m0018,m0231,47.8,2.080e-86,256.0
m0018,m0232,55.2,9.230e-100,289.0
m0018,m0233,52.1,4.070e-92,270.0
m0018,m0235,54.2,2.260e-102,298.0
m0018,m0236,62.6,4.810e-118,340.0
m0018,m0241,47.0,8.810e-83,246.0
m0018,m0242,35.6,6.920e-51,164.0
m0018,m0243,58.0,2.710e-105,308.0
m0018,m0244,39.7,3.030e-66,204.0
m0018,m0246,51.2,5.580e-94,275.0
m0018,m0247,59.3,5.570e-108,314.0
m0018,m0248,39.5,1.280e-53,171.0
m0018,m0251,45.4,7.690e-75,225.0
m0018,m0253,60.9,1.810e-115,335.0
m0018,m0258,61.9,1.870e-114,331.0
m0018,m0261,45.4,2.180e-84,250.0
m0018,m0263,40.1,7.070e-60,187.0
m0018,m0264,30.7,1.480e-07,45.8
m0018,m0266,84.7,1.160e-170,469.0
m0018,m0267,46.9,5.360e-78,232.0
m0018,m0271,50.8,4.800e-97,283.0
m0018,m0272,46.3,2.090e-84,250.0
m0018,m0273,31.1,2.120e-31,114.0
m0018,m0276,52.9,1.410e-96,286.0
m0018,m0278,57.3,2.180e-102,300.0
m0018,m0280,61.9,1.090e-114,331.0
m0018,m0281,53.6,5.830e-97,286.0
m0018,m0282,40.0,1.180e-52,167.0
m0018,m0284,36.3,4.950e-49,159.0
m0018,m0287,30.6,5.040e-24,93.6
m0018,m0290,39.2,9.710e-57,179.0
m0018,m0292,47.8,3.850e-75,226.0
m0018,m0293,60.1,3.160e-115,333.0
m0018,m0294,58.7,1.010e-118,338.0
m0018,m0295,66.3,1.090e-125,359.0
m0018,m0297,52.9,3.940e-94,275.0
m0018,m0303,45.7,5.930e-80,238.0
m0018,m0304,50.7,9.170e-92,269.0
m0018,m0309,47.8,1.230e-83,249.0
m0018,m0311,39.2,4.620e-57,180.0
m0018,m0312,40.2,5.310e-57,179.0
m0018,m0314,58.8,6.240e-114,331.0
m0018,m0315,46.7,2.850e-81,242.0
m0018,m0317,54.8,5.600e-101,292.0
m0018,m0318,55.3,1.470e-106,312.0
m0018,m0320,51.8,3.030e-92,274.0
m0018,m0322,59.4,8.470e-113,328.0
m0018,m0324,83.3,8.710e-182,497.0
m0018,m0328,55.8,1.990e-104,302.0
m0018,m0329,46.9,1.410e-76,229.0
m0018,m0331,59.4,5.310e-114,330.0
m0018,m0332,53.2,3.330e-98,285.0
m0018,m0333,59.2,1.090e-115,336.0
m0018,m0335,45.9,5.270e-64,197.0
m0018,m0336,54.9,1.260e-106,307.0
m0018,m0337,49.3,3.300e-87,256.0
m0018,m0339,51.8,2.200e-98,291.0
m0018,m0340,81.0,2.580e-178,488.0
m0018,m0343,41.5,2.610e-62,193.0
m0018,m0344,62.0,3.360e-117,340.0
m0018,m0345,46.5,8.620e-80,238.0
m0018,m0347,61.2,3.870e-115,334.0
m0018,m0348,59.2,5.870e-114,331.0
m0018,m0349,59.2,2.890e-112,327.0
m0018,m0351,39.7,1.930e-56,179.0
m0018,m0354,41.8,3.320e-66,203.0
m0018,m0356,41.8,6.370e-56,177.0
m0018,m0363,55.5,4.170e-108,316.0
m0018,m0364,40.0,5.440e-60,187.0
m0018,m0365,47.6,1.630e-84,250.0
m0018,m0368,46.4,3.140e-79,237.0
m0018,m0369,34.3,4.260e-33,119.0
m0018,m0370,54.7,2.880e-100,291.0
m0018,m0371,33.8,1.010e-40,140.0
m0018,m0372,44.7,1.920e-78,234.0
m0018,m0377,48.1,3.400e-84,249.0
m0018,m0378,57.2,1.010e-112,328.0
m0018,m0380,52.0,1.220e-89,263.0
m0018,m0382,46.0,1.450e-75,227.0
m0018,m0383,38.7,1.240e-58,184.0
m0018,m0385,41.7,1.810e-59,187.0
m0018,m0387,37.0,4.610e-53,169.0
m0018,m0388,47.4,2.000e-81,243.0
m0018,m0390,55.1,6.260e-99,287.0
m0018,m0393,59.3,2.260e-113,330.0
m0018,m0394,50.0,1.940e-90,265.0
m0018,m0397,56.2,5.310e-104,306.0
m0018,m0399,63.0,3.220e-124,357.0
m0018,m0401,50.5,8.510e-96,279.0
m0018,m0404,54.7,2.960e-103,300.0
m0018,m0405,57.9,1.120e-116,335.0
m0018,m0407,44.2,7.140e-75,226.0
m0018,m0409,40.7,4.330e-58,183.0
m0018,m0411,51.0,3.100e-93,273.0
m0019,m0116,37.4,9.340e-29,112.0
m0019,m0146,35.0,6.270e-94,290.0
m0020,m0030,41.0,8.620e-62,194.0
m0020,m0048,40.3,1.180e-68,211.0
m0020,m0051,38.3,9.260e-55,174.0
m0020,m0060,37.4,3.460e-57,181.0
m0020,m0083,38.8,3.790e-53,172.0
m0020,m0085,41.8,2.760e-73,223.0
m0020,m0087,42.9,8.210e-78,234.0
m0020,m0106,32.9,2.130e-40,138.0
m0020,m0107,39.4,2.220e-60,189.0
m0020,m0111,39.1,4.910e-59,186.0
m0020,m0113,35.3,3.240e-53,171.0
m0020,m0136,34.2,2.860e-41,140.0
m0020,m0152,41.2,2.040e-71,218.0
m0020,m0165,36.7,3.230e-49,161.0
m0020,m0172,31.0,3.220e-35,125.0
m0020,m0180,40.7,1.090e-67,209.0
m0020,m0186,35.6,5.890e-47,155.0
m0020,m0190,43.1,8.300e-77,233.0
m0020,m0208,43.7,6.640e-68,209.0
m0020,m0218,31.6,2.740e-34,122.0
m0020,m0219,35.9,1.900e-37,130.0
m0020,m0220,38.6,6.470e-52,168.0
m0020,m0224,37.7,1.390e-49,163.0
m0020,m0240,33.1,4.660e-38,131.0
m0020,m0245,39.4,1.990e-67,208.0
m0020,m0250,37.1,2.810e-61,191.0
m0020,m0255,36.0,4.380e-40,136.0
m0020,m0268,31.3,6.480e-34,121.0
m0020,m0275,46.2,2.010e-87,259.0
m0020,m0283,33.0,5.200e-43,145.0
m0020,m0286,40.0,5.710e-64,200.0
m0020,m0316,41.3,1.800e-66,206.0
m0020,m0321,43.8,2.610e-82,246.0
m0020,m0353,41.0,3.550e-57,180.0
m0020,m0357,37.5,3.030e-54,173.0
m0020,m0361,33.2,2.140e-36,127.0
m0020,m0379,33.0,1.150e-35,126.0
m0020,m0384,33.2,5.400e-39,134.0
m0020,m0386,45.1,2.440e-80,241.0
m0020,m0389,43.0,1.990e-70,216.0
m0020,m0403,41.8,1.580e-55,177.0
m0020,m0412,39.7,8.440e-63,196.0
m0023,m0143,45.4,3.900e-163,468.0
m0023,m0299,43.7,6.360e-150,439.0
m0023,m0323,54.1,7.800e-221,620.0
m0024,m0026,51.8,3.270e-159,452.0
m0024,m0029,39.9,5.820e-46,155.0
m0024,m0032,42.0,4.380e-56,182.0
m0024,m0034,49.4,3.050e-79,243.0
m0024,m0038,40.0,1.180e-46,158.0
m0024,m0039,36.5,5.120e-48,161.0
m0024,m0041,66.0,7.120e-205,568.0
m0024,m0042,42.3,2.990e-49,164.0
m0024,m0045,47.9,1.520e-70,220.0
m0024,m0047,46.4,4.410e-70,218.0
m0024,m0049,80.3,1.730e-282,766.0
m0024,m0050,45.5,8.470e-75,231.0
m0024,m0052,80.9,3.450e-287,778.0
m0024,m0053,38.4,1.710e-43,149.0
m0024,m0056,45.6,4.300e-71,221.0
m0024,m0064,45.8,5.640e-78,240.0
m0024,m0065,45.3,5.540e-67,211.0
m0024,m0066,32.6,1.990e-11,57.8
m0024,m0067,37.4,1.750e-50,168.0
m0024,m0068,39.5,7.940e-61,194.0
m0024,m0069,50.7,7.830e-126,367.0
m0024,m0070,45.9,3.550e-74,230.0
m0024,m0071,46.5,6.880e-75,231.0
m0024,m0072,37.1,3.410e-48,161.0
m0024,m0074,44.6,3.270e-70,220.0
m0024,m0075,41.3,2.280e-54,177.0
m0024,m0077,68.7,1.210e-122,352.0
m0024,m0078,39.5,2.230e-48,161.0
m0024,m0080,39.6,6.930e-50,166.0
m0024,m0084,44.4,7.940e-71,221.0
m0024,m0086,50.5,3.240e-86,260.0
m0024,m0088,64.0,9.850e-127,364.0
m0024,m0090,42.9,4.770e-60,193.0
m0024,m0093,80.3,1.160e-279,759.0
m0024,m0094,52.2,1.900e-154,440.0
m0024,m0095,36.4,9.360e-46,155.0
m0024,m0096,78.6,6.400e-278,754.0
m0024,m0097,49.3,1.480e-80,246.0
m0024,m0098,44.2,4.030e-69,216.0
m0024,m0101,38.3,3.600e-53,175.0
m0024,m0102,38.0,2.920e-51,169.0
m0024,m0103,37.5,1.680e-49,165.0
m0024,m0104,50.9,6.530e-90,270.0
m0024,m0105,42.6,1.570e-49,164.0
m0024,m0110,43.9,3.110e-64,204.0
m0024,m0112,76.7,4.480e-191,534.0
m0024,m0114,56.3,6.920e-166,469.0
m0024,m0119,43.7,2.480e-62,199.0
m0024,m0121,42.5,1.610e-59,191.0
m0024,m0124,59.2,4.760e-97,287.0
m0024,m0125,41.4,3.940e-67,211.0
m0024,m0126,53.5,1.380e-135,391.0
m0024,m0129,38.7,3.420e-47,158.0
m0024,m0131,61.9,1.210e-132,384.0
m0024,m0132,49.8,6.930e-86,259.0
m0024,m0134,62.6,3.300e-125,361.0
m0024,m0135,49.2,2.910e-84,256.0
m0024,m0139,56.7,8.330e-177,498.0
m0024,m0142,51.5,3.220e-84,254.0
m0024,m0145,41.2,1.570e-59,196.0
m0024,m0150,44.5,1.020e-71,223.0
m0024,m0155,51.9,1.950e-157,448.0
m0024,m0156,49.8,1.270e-85,259.0
m0024,m0158,79.9,9.770e-277,751.0
m0024,m0159,52.2,6.050e-163,462.0
m0024,m0160,38.2,3.400e-48,161.0
m0024,m0161,30.5,1.090e-25,99.8
m0024,m0162,80.7,1.660e-277,754.0
m0024,m0163,39.2,3.980e-46,155.0
m0024,m0164,60.2,3.580e-143,412.0
m0024,m0166,36.7,1.020e-37,134.0
m0024,m0167,45.9,3.260e-77,237.0
m0024,m0168,39.1,9.580e-51,168.0
m0024,m0169,45.5,3.120e-75,233.0
m0024,m0170,58.5,1.540e-127,371.0
m0024,m0171,37.3,1.810e-43,149.0
m0024,m0173,52.2,1.430e-159,453.0
m0024,m0174,58.7,8.750e-130,377.0
m0024,m0175,62.6,2.060e-131,382.0
m0024,m0176,40.4,5.870e-53,174.0
m0024,m0177,36.3,7.150e-48,161.0
m0024,m0179,55.8,1.410e-166,470.0
m0024,m0182,55.8,2.240e-115,341.0
m0024,m0183,69.3,5.270e-151,431.0
m0024,m0184,41.6,1.160e-53,176.0
m0024,m0185,31.0,1.830e-18,79.3
m0024,m0187,46.4,5.240e-71,220.0
m0024,m0188,59.2,1.110e-135,393.0
m0024,m0191,38.7,7.370e-52,171.0
m0024,m0192,48.8,6.010e-75,231.0
m0024,m0193,46.8,4.450e-81,248.0
m0024,m0194,40.1,9.160e-52,171.0
m0024,m0197,47.7,8.470e-76,234.0
m0024,m0198,53.1,1.410e-162,461.0
m0024,m0204,52.6,8.380e-106,312.0
m0024,m0205,77.8,3.060e-270,735.0
m0024,m0209,38.4,5.030e-51,168.0
m0024,m0212,58.3,5.360e-125,361.0
m0024,m0213,76.6,9.600e-245,669.0
m0024,m0214,81.1,1.890e-283,769.0
m0024,m0215,63.0,6.290e-191,532.0
m0024,m0225,59.1,5.770e-188,525.0
m0024,m0226,78.6,1.500e-261,712.0
m0024,m0227,32.1,2.580e-11,57.8
m0024,m0228,49.4,1.090e-79,242.0
m0024,m0229,46.6,2.740e-83,253.0
m0024,m0230,46.5,1.160e-81,249.0
m0024,m0231,46.4,2.470e-82,251.0
m0024,m0232,50.7,5.950e-85,257.0
m0024,m0233,49.3,1.370e-81,248.0
m0024,m0235,58.5,4.820e-119,347.0
m0024,m0236,56.8,4.280e-172,484.0
m0024,m0241,43.2,5.870e-69,216.0
m0024,m0242,35.5,7.440e-46,155.0
m0024,m0243,53.1,2.170e-163,462.0
m0024,m0244,43.5,3.010e-64,204.0
m0024,m0246,47.7,6.250e-82,249.0
m0024,m0247,68.1,6.570e-142,407.0
m0024,m0248,38.2,3.590e-44,151.0
m0024,m0251,45.1,7.950e-68,213.0
m0024,m0253,83.7,4.130e-295,798.0
m0024,m0258,68.1,6.700e-153,436.0
m0024,m0261,44.7,2.570e-79,243.0
m0024,m0263,37.7,7.850e-52,171.0
m0024,m0265,30.6,1.110e-08,48.5
m0024,m0266,60.2,9.310e-122,351.0
m0024,m0267,47.7,1.290e-73,226.0
m0024,m0271,48.3,6.500e-81,247.0
m0024,m0272,46.0,1.280e-75,233.0
m0024,m0273,37.0,2.130e-37,134.0
m0024,m0276,52.1,8.330e-162,460.0
m0024,m0277,37.3,4.250e-16,72.0
m0024,m0278,55.9,5.620e-131,380.0
m0024,m0280,53.5,4.700e-133,384.0
m0024,m0281,51.9,3.390e-153,437.0
m0024,m0282,39.1,7.810e-46,153.0
m0024,m0284,38.3,2.160e-48,162.0
m0024,m0287,30.1,1.850e-27,105.0
m0024,m0290,37.6,4.370e-50,167.0
m0024,m0292,46.1,1.440e-68,214.0
m0024,m0293,50.7,1.270e-158,451.0
m0024,m0294,66.8,1.860e-133,382.0
m0024,m0295,53.9,2.010e-105,314.0
m0024,m0297,52.6,3.200e-88,265.0
m0024,m0303,45.1,1.360e-69,217.0
m0024,m0304,48.2,2.010e-82,251.0
m0024,m0309,48.1,2.660e-79,243.0
m0024,m0311,41.6,3.050e-56,183.0
m0024,m0312,38.2,2.590e-48,161.0
m0024,m0314,81.2,1.600e-281,764.0
m0024,m0315,42.9,8.260e-69,216.0
m0024,m0317,50.5,3.340e-87,263.0
m0024,m0318,46.1,4.710e-109,325.0
m0024,m0320,55.7,1.680e-161,457.0
m0024,m0322,78.8,3.210e-265,722.0
m0024,m0324,60.6,1.760e-124,358.0
m0024,m0328,61.7,2.240e-128,370.0
m0024,m0329,44.5,7.330e-67,209.0
m0024,m0331,55.4,2.220e-138,399.0
m0024,m0332,54.1,3.360e-91,273.0
m0024,m0333,80.2,7.970e-283,767.0
m0024,m0335,41.5,4.880e-51,168.0
m0024,m0336,66.0,7.010e-128,368.0
m0024,m0337,50.6,1.110e-78,240.0
m0024,m0339,52.7,7.800e-165,468.0
m0024,m0340,60.6,6.050e-122,352.0
m0024,m0343,40.9,3.640e-52,171.0
m0024,m0344,80.0,1.320e-281,764.0
m0024,m0345,49.5,1.820e-77,238.0
m0024,m0347,81.0,6.810e-283,767.0
m0024,m0348,81.5,5.410e-284,770.0
m0024,m0349,48.0,4.370e-130,379.0
m0024,m0351,38.7,5.350e-53,174.0
m0024,m0354,42.3,1.060e-56,184.0
m0024,m0356,40.7,1.050e-48,163.0
m0024,m0363,78.0,9.110e-263,716.0
m0024,m0364,41.1,3.190e-57,185.0
m0024,m0365,45.0,2.100e-71,222.0
m0024,m0368,43.9,3.230e-70,219.0
m0024,m0369,37.6,2.320e-38,137.0
m0024,m0370,60.6,4.750e-112,327.0
m0024,m0371,35.9,2.080e-38,139.0
m0024,m0372,45.0,2.100e-68,214.0
m0024,m0377,47.7,7.050e-73,226.0
m0024,m0378,79.8,1.310e-280,761.0
m0024,m0380,48.9,3.860e-79,242.0
m0024,m0382,46.8,1.810e-70,219.0
m0024,m0383,37.3,1.340e-49,166.0
m0024,m0385,39.8,3.920e-51,170.0
m0024,m0387,36.1,4.350e-46,155.0
m0024,m0388,46.7,5.100e-78,240.0
m0024,m0390,52.1,1.270e-88,266.0
m0024,m0393,81.0,8.010e-284,770.0
m0024,m0394,48.4,6.270e-80,244.0
m0024,m0397,51.4,1.380e-160,457.0
m0024,m0399,84.6,2.690e-201,560.0
m0024,m0401,50.5,9.030e-91,272.0
m0024,m0404,49.9,9.020e-117,340.0
m0024,m0405,63.3,6.400e-127,368.0
m0024,m0407,40.1,1.690e-61,196.0
m0024,m0409,36.8,8.980e-49,164.0
m0024,m0411,47.6,3.590e-84,256.0
m0025,m0054,42.1,3.230e-57,176.0
m0025,m0073,49.8,4.220e-62,188.0
m0025,m0202,32.1,5.850e-07,42.7
m0025,m0203,50.9,1.340e-63,192.0
m0025,m0252,48.0,1.860e-61,186.0
m0025,m0279,32.7,7.540e-29,102.0
m0025,m0338,45.9,2.020e-63,191.0
m0025,m0355,50.3,2.160e-61,185.0
m0025,m0400,52.1,1.330e-67,201.0
m0026,m0029,35.1,2.460e-43,147.0
m0026,m0032,37.9,4.070e-50,165.0
m0026,m0034,47.4,4.520e-78,238.0
m0026,m0038,36.9,4.160e-48,160.0
m0026,m0039,34.6,8.580e-43,146.0
m0026,m0041,48.7,4.490e-138,397.0
m0026,m0042,39.8,2.920e-54,176.0
m0026,m0045,45.0,4.570e-66,207.0
m0026,m0047,42.9,3.200e-70,217.0
m0026,m0049,51.3,1.760e-156,444.0
m0026,m0050,37.7,1.180e-60,192.0
m0026,m0052,50.2,2.440e-151,432.0
m0026,m0053,36.7,5.660e-48,159.0
m0026,m0056,40.4,7.200e-66,206.0
m0026,m0064,43.4,9.340e-76,233.0
m0026,m0065,42.8,5.030e-65,204.0
m0026,m0066,33.6,3.460e-10,53.9
m0026,m0067,37.5,2.950e-45,153.0
m0026,m0068,38.6,2.310e-57,184.0
m0026,m0069,48.2,1.750e-116,341.0
m0026,m0070,45.2,2.220e-75,231.0
m0026,m0071,41.1,4.320e-66,206.0
m0026,m0072,37.0,1.070e-44,150.0
m0026,m0074,39.7,3.220e-63,200.0
m0026,m0075,37.0,1.430e-49,164.0
m0026,m0077,68.7,3.820e-129,367.0
m0026,m0078,37.7,7.540e-50,164.0
m0026,m0080,38.5,3.180e-51,168.0
m0026,m0084,42.3,2.380e-66,207.0
m0026,m0086,47.7,1.300e-78,239.0
m0026,m0088,69.5,8.530e-143,403.0
m0026,m0090,38.9,2.760e-60,192.0
m0026,m0093,49.7,1.350e-149,427.0
m0026,m0094,57.1,4.140e-165,465.0
m0026,m0095,36.8,2.030e-43,148.0
m0026,m0096,51.0,7.110e-156,443.0
m0026,m0097,45.8,2.240e-69,216.0
m0026,m0098,37.2,1.570e-57,185.0
m0026,m0101,36.7,4.580e-47,157.0
m0026,m0102,38.2,1.590e-54,177.0
m0026,m0103,37.4,1.020e-51,169.0
m0026,m0104,49.5,1.950e-93,277.0
m0026,m0105,40.0,6.330e-53,172.0
m0026,m0110,38.7,2.040e-58,187.0
m0026,m0112,47.2,2.180e-119,349.0
m0026,m0114,55.7,4.690e-153,434.0
m0026,m0119,39.9,1.950e-62,198.0
m0026,m0121,40.8,2.380e-56,181.0
m0026,m0124,52.8,3.940e-97,286.0
m0026,m0125,44.3,1.290e-75,231.0
m0026,m0126,46.3,9.710e-112,328.0
m0026,m0129,36.8,4.330e-49,162.0
m0026,m0131,55.5,1.070e-143,410.0
m0026,m0132,45.3,1.110e-80,244.0
m0026,m0134,57.5,3.720e-114,331.0
m0026,m0135,47.1,7.380e-81,245.0
m0026,m0138,32.0,2.230e-23,93.6
m0026,m0139,59.8,2.170e-180,505.0
m0026,m0142,46.2,9.280e-77,233.0
m0026,m0145,39.6,5.270e-57,187.0
m0026,m0150,38.3,4.440e-63,199.0
m0026,m0155,70.0,4.320e-218,600.0
m0026,m0156,46.0,1.530e-73,226.0
m0026,m0158,52.1,1.430e-157,447.0
m0026,m0159,49.7,3.240e-141,405.0
m0026,m0160,36.2,2.520e-47,158.0
m0026,m0161,32.9,7.500e-26,99.8
m0026,m0162,50.0,1.620e-150,430.0
m0026,m0163,38.5,9.080e-55,177.0
m0026,m0164,66.2,7.290e-142,407.0
m0026,m0166,32.0,6.280e-35,125.0
m0026,m0167,47.9,4.990e-82,248.0
m0026,m0168,39.1,2.480e-50,166.0
m0026,m0169,44.6,1.550e-78,239.0
m0026,m0170,55.5,1.890e-146,417.0
m0026,m0171,36.4,3.230e-47,157.0
m0026,m0173,84.2,5.170e-270,731.0
m0026,m0174,51.8,2.630e-115,338.0
m0026,m0175,73.5,3.170e-153,435.0
m0026,m0176,38.3,2.060e-52,171.0
m0026,m0177,34.7,1.570e-44,151.0
m0026,m0179,75.5,4.650e-233,636.0
m0026,m0182,43.0,1.310e-99,299.0
m0026,m0183,60.3,1.640e-115,338.0
m0026,m0184,38.4,6.430e-51,167.0
m0026,m0187,43.3,5.190e-68,211.0
m0026,m0188,71.2,6.480e-147,419.0
m0026,m0191,38.6,1.260e-52,171.0
m0026,m0192,45.5,7.240e-73,224.0
m0026,m0193,48.1,2.900e-87,262.0
m0026,m0194,38.5,5.150e-49,162.0
m0026,m0197,46.4,6.570e-78,238.0
m0026,m0198,48.6,9.650e-137,393.0
m0026,m0204,54.0,2.180e-101,299.0
m0026,m0205,51.8,7.930e-154,437.0
m0026,m0209,37.6,8.740e-52,169.0
m0026,m0212,57.5,1.260e-110,322.0
m0026,m0213,51.4,2.400e-145,415.0
m0026,m0214,50.3,2.140e-151,432.0
m0026,m0215,51.2,2.850e-139,399.0
m0026,m0225,49.6,5.970e-137,394.0
m0026,m0226,48.9,1.300e-150,429.0
m0026,m0227,30.6,2.630e-15,69.7
m0026,m0228,50.0,1.280e-83,251.0
m0026,m0229,47.5,1.110e-84,255.0
m0026,m0230,43.9,5.130e-73,225.0
m0026,m0231,43.8,9.600e-75,230.0
m0026,m0232,48.3,2.370e-86,259.0
m0026,m0233,50.9,1.530e-91,272.0
m0026,m0235,56.1,5.080e-111,324.0
m0026,m0236,66.8,2.020e-205,567.0
m0026,m0241,43.7,3.510e-71,220.0
m0026,m0242,30.9,2.520e-38,134.0
m0026,m0243,83.1,1.530e-266,722.0
m0026,m0244,38.4,5.950e-57,183.0
m0026,m0246,47.2,1.440e-82,249.0
m0026,m0247,62.5,2.100e-127,368.0
m0026,m0248,36.2,3.210e-48,160.0
m0026,m0251,40.2,5.270e-62,196.0
m0026,m0253,52.4,8.470e-160,453.0
m0026,m0258,59.6,3.930e-115,337.0
m0026,m0261,42.9,1.870e-75,231.0
m0026,m0263,36.7,6.780e-53,173.0
m0026,m0266,57.4,2.560e-106,310.0
m0026,m0267,44.8,3.540e-70,216.0
m0026,m0271,46.3,8.490e-84,253.0
m0026,m0272,46.9,1.960e-74,228.0
m0026,m0273,32.5,4.370e-29,110.0
m0026,m0276,56.5,1.590e-165,467.0
m0026,m0278,57.3,9.910e-113,332.0
m0026,m0280,55.0,2.350e-143,409.0
m0026,m0281,54.1,2.500e-157,445.0
m0026,m0282,41.5,3.040e-51,166.0
m0026,m0284,37.2,2.850e-54,176.0
m0026,m0290,34.7,1.490e-43,148.0
m0026,m0292,45.4,4.850e-70,216.0
m0026,m0293,71.7,4.620e-225,617.0
m0026,m0294,59.1,1.030e-117,340.0
m0026,m0295,41.8,2.910e-94,283.0
m0026,m0297,51.9,5.360e-94,278.0
m0026,m0303,43.6,1.170e-74,229.0
m0026,m0304,49.7,6.490e-86,258.0
m0026,m0309,45.9,1.920e-75,232.0
m0026,m0311,36.7,1.200e-47,159.0
m0026,m0312,39.5,4.190e-51,167.0
m0026,m0314,50.9,3.910e-156,444.0
m0026,m0315,44.6,4.950e-71,220.0
m0026,m0317,48.6,3.740e-85,256.0
m0026,m0318,43.1,1.340e-96,291.0
m0026,m0320,53.3,8.840e-151,428.0
m0026,m0322,50.7,5.860e-159,450.0
m0026,m0324,56.1,7.420e-111,322.0
m0026,m0328,60.4,9.500e-120,346.0
m0026,m0329,43.0,1.400e-67,209.0
m0026,m0331,55.6,1.770e-147,420.0
m0026,m0332,49.3,5.100e-92,274.0
m0026,m0333,51.1,4.810e-158,449.0
m0026,m0335,43.7,3.200e-56,181.0
m0026,m0336,59.6,4.250e-119,343.0
m0026,m0337,47.4,6.660e-80,242.0
m0026,m0339,55.1,3.440e-162,459.0
m0026,m0340,57.0,1.710e-111,323.0
m0026,m0343,39.8,6.430e-57,182.0
m0026,m0344,51.4,4.810e-158,449.0
m0026,m0345,42.1,5.920e-65,204.0
m0026,m0347,52.3,4.200e-158,449.0
m0026,m0348,51.4,4.520e-157,446.0
m0026,m0349,56.4,5.760e-148,422.0
m0026,m0351,37.4,4.390e-49,163.0
m0026,m0354,37.4,1.060e-54,177.0
m0026,m0356,35.9,9.310e-43,146.0
m0026,m0363,48.2,2.430e-148,423.0
m0026,m0364,36.7,6.960e-58,185.0
m0026,m0365,40.6,3.510e-66,207.0
m0026,m0368,44.1,2.410e-73,226.0
m0026,m0369,34.7,2.190e-32,120.0
m0026,m0370,61.5,3.280e-123,353.0
m0026,m0371,30.9,2.730e-28,109.0
m0026,m0372,40.9,1.620e-64,202.0
m0026,m0377,45.7,1.030e-78,239.0
m0026,m0378,51.8,3.660e-159,451.0
m0026,m0380,48.9,2.880e-84,253.0
m0026,m0382,44.0,1.600e-68,213.0
m0026,m0383,37.7,5.440e-47,157.0
m0026,m0385,38.2,7.570e-50,165.0
m0026,m0387,38.2,9.930e-50,164.0
m0026,m0388,46.2,5.370e-77,236.0
m0026,m0390,50.2,1.960e-89,267.0
m0026,m0393,52.1,5.500e-158,449.0
m0026,m0394,44.1,9.120e-76,232.0
m0026,m0397,47.9,2.730e-138,399.0
m0026,m0399,50.1,1.190e-123,360.0
m0026,m0401,52.4,2.600e-97,287.0
m0026,m0404,51.7,1.530e-115,335.0
m0026,m0405,78.2,4.510e-162,455.0
m0026,m0407,41.6,7.320e-65,204.0
m0026,m0409,36.0,5.280e-45,152.0
m0026,m0411,47.7,5.690e-88,264.0
m0027,m0144,60.9,3.350e-201,560.0
m0027,m0147,32.5,1.990e-49,173.0
m0027,m0334,33.1,6.270e-08,47.8
m0027,m0375,51.8,3.920e-45,159.0
m0028,m0140,30.6,4.990e-55,185.0
m0028,m0146,33.5,1.120e-55,188.0
m0028,m0151,32.4,3.460e-67,217.0
m0028,m0199,35.7,1.560e-24,100.0
m0028,m0270,30.0,9.070e-51,174.0
m0028,m0300,76.6,2.470e-273,743.0
m0029,m0032,47.0,2.130e-79,237.0
m0029,m0034,37.5,2.200e-54,173.0
m0029,m0035,31.1,1.580e-21,86.3
m0029,m0038,62.0,5.110e-135,379.0
m0029,m0039,54.6,1.040e-111,320.0
m0029,m0041,35.3,6.540e-44,149.0
m0029,m0042,39.8,1.910e-56,178.0
m0029,m0045,42.2,1.740e-64,199.0
m0029,m0047,45.2,7.370e-78,233.0
m0029,m0049,39.5,4.760e-47,158.0
m0029,m0050,38.5,1.240e-56,179.0
m0029,m0052,37.9,1.070e-47,160.0
m0029,m0053,42.7,1.650e-60,189.0
m0029,m0056,42.2,1.740e-65,201.0
m0029,m0064,39.7,1.830e-66,205.0
m0029,m0065,40.3,1.080e-59,187.0
m0029,m0067,53.0,3.940e-104,301.0
m0029,m0068,37.6,1.610e-51,165.0
m0029,m0069,37.2,1.050e-43,149.0
m0029,m0070,36.6,5.960e-57,180.0
m0029,m0071,34.8,1.040e-49,160.0
m0029,m0072,43.9,8.320e-56,176.0
m0029,m0074,37.9,1.360e-53,172.0
m0029,m0075,48.5,7.650e-87,256.0
m0029,m0077,38.1,6.230e-43,142.0
m0029,m0078,54.0,1.010e-89,263.0
m0029,m0080,57.8,7.970e-126,355.0
m0029,m0084,38.8,1.760e-58,184.0
m0029,m0086,41.5,4.940e-67,205.0
m0029,m0088,39.3,1.490e-48,158.0
m0029,m0090,40.2,1.150e-58,184.0
m0029,m0093,38.4,2.820e-45,154.0
m0029,m0094,37.5,7.170e-48,160.0
m0029,m0095,50.2,9.820e-104,300.0
m0029,m0096,39.7,2.440e-47,159.0
m0029,m0097,41.6,1.410e-65,202.0
m0029,m0098,38.4,4.810e-53,170.0
m0029,m0101,54.4,5.360e-113,323.0
m0029,m0102,47.2,8.060e-90,264.0
m0029,m0103,37.9,2.580e-54,173.0
m0029,m0104,44.4,7.510e-70,213.0
m0029,m0105,39.6,2.480e-57,180.0
m0029,m0110,46.1,1.010e-73,223.0
m0029,m0112,37.2,3.630e-46,155.0
m0029,m0114,38.2,9.520e-47,157.0
m0029,m0119,39.4,4.070e-60,189.0
m0029,m0121,45.8,6.190e-75,226.0
m0029,m0124,44.9,7.560e-69,209.0
m0029,m0125,42.9,1.510e-71,217.0
m0029,m0126,39.1,1.490e-50,166.0
m0029,m0129,38.5,1.480e-49,160.0
m0029,m0131,37.2,5.270e-43,146.0
m0029,m0132,44.9,2.600e-70,214.0
m0029,m0134,39.7,3.110e-54,173.0
m0029,m0135,44.0,9.310e-70,213.0
m0029,m0139,35.3,1.780e-41,143.0
m0029,m0142,44.2,3.100e-72,218.0
m0029,m0145,50.6,7.640e-90,268.0
m0029,m0150,40.9,2.840e-63,196.0
m0029,m0155,38.2,7.380e-44,149.0
m0029,m0156,42.2,4.570e-64,198.0
m0029,m0158,39.8,2.360e-47,159.0
m0029,m0159,42.2,1.210e-56,183.0
m0029,m0160,33.8,1.500e-45,150.0
m0029,m0162,38.0,1.970e-46,157.0
m0029,m0163,40.8,5.940e-60,187.0
m0029,m0164,35.8,7.570e-45,152.0
m0029,m0166,50.0,3.530e-79,238.0
m0029,m0167,37.6,4.650e-65,201.0
m0029,m0168,58.8,2.510e-127,359.0
m0029,m0169,46.0,3.050e-69,212.0
m0029,m0170,38.0,6.110e-43,146.0
m0029,m0171,40.8,1.360e-56,179.0
m0029,m0173,37.3,2.740e-43,147.0
m0029,m0174,35.9,2.740e-43,147.0
m0029,m0175,36.1,4.730e-43,147.0
m0029,m0176,59.0,2.690e-126,357.0
m0029,m0177,54.5,3.670e-107,308.0
m0029,m0179,38.0,3.180e-46,155.0
m0029,m0182,39.0,6.090e-52,171.0
m0029,m0183,38.7,3.670e-42,144.0
m0029,m0184,60.2,1.080e-128,363.0
m0029,m0187,45.7,1.250e-75,226.0
m0029,m0188,36.9,6.830e-46,155.0
m0029,m0191,55.8,5.550e-87,256.0
m0029,m0192,38.6,9.020e-53,169.0
m0029,m0193,43.7,4.780e-73,222.0
m0029,m0194,59.6,1.240e-127,360.0
m0029,m0197,39.1,3.410e-56,178.0
m0029,m0198,38.9,1.600e-52,172.0
m0029,m0204,37.3,4.400e-45,150.0
m0029,m0205,39.1,1.600e-47,159.0
m0029,m0209,38.0,9.700e-53,168.0
m0029,m0212,36.7,6.100e-46,152.0
m0029,m0213,39.1,4.550e-48,160.0
m0029,m0214,39.5,5.120e-48,161.0
m0029,m0215,39.9,2.140e-46,155.0
m0029,m0217,30.8,1.870e-07,45.8
m0029,m0225,39.1,3.420e-49,163.0
m0029,m0226,38.1,6.780e-49,163.0
m0029,m0228,42.8,9.730e-72,216.0
m0029,m0229,40.8,1.500e-72,220.0
m0029,m0230,42.0,3.920e-61,191.0
m0029,m0231,44.5,1.400e-76,231.0
m0029,m0232,43.9,2.490e-65,201.0
m0029,m0233,42.7,1.500e-65,202.0
m0029,m0235,36.8,2.450e-42,143.0
m0029,m0236,36.6,4.800e-43,147.0
m0029,m0241,46.7,7.190e-77,231.0
m0029,m0242,35.2,1.530e-53,171.0
m0029,m0243,35.3,7.190e-43,146.0
m0029,m0244,48.6,6.250e-96,280.0
m0029,m0246,45.5,2.240e-75,227.0
m0029,m0247,35.4,9.340e-44,148.0
m0029,m0248,62.0,1.510e-134,378.0
m0029,m0251,38.1,1.200e-56,179.0
m0029,m0253,39.6,1.280e-47,160.0
m0029,m0258,38.4,8.850e-43,146.0
m0029,m0261,44.9,1.890e-72,220.0
m0029,m0263,51.1,2.420e-89,263.0
m0029,m0266,39.9,6.340e-55,174.0
m0029,m0267,43.3,2.180e-72,218.0
m0029,m0271,41.4,1.460e-72,220.0
m0029,m0272,35.7,2.620e-50,162.0
m0029,m0273,32.7,3.430e-42,143.0
m0029,m0276,39.2,6.590e-52,171.0
m0029,m0277,34.2,5.470e-13,62.0
m0029,m0278,35.8,7.780e-42,144.0
m0029,m0280,38.8,5.050e-48,159.0
m0029,m0281,39.6,1.700e-53,174.0
m0029,m0282,40.9,4.510e-56,176.0
m0029,m0284,40.7,1.030e-48,158.0
m0029,m0287,32.9,1.420e-34,122.0
m0029,m0290,50.2,3.560e-104,301.0
m0029,m0292,37.8,3.850e-55,174.0
m0029,m0293,37.2,2.430e-43,148.0
m0029,m0294,37.2,4.320e-49,160.0
m0029,m0295,38.5,8.120e-47,156.0
m0029,m0297,43.5,4.270e-67,206.0
m0029,m0303,38.9,1.010e-61,192.0
m0029,m0304,44.0,2.220e-74,225.0
m0029,m0309,42.4,3.270e-61,191.0
m0029,m0311,54.3,1.530e-112,322.0
m0029,m0312,58.7,1.590e-126,356.0
m0029,m0314,39.1,6.780e-48,160.0
m0029,m0315,47.1,1.020e-76,231.0
m0029,m0317,42.0,6.280e-69,210.0
m0029,m0318,39.3,1.340e-49,165.0
m0029,m0320,38.4,8.200e-46,154.0
m0029,m0322,37.8,5.350e-46,155.0
m0029,m0324,39.9,1.290e-53,171.0
m0029,m0328,34.4,4.370e-43,145.0
m0029,m0329,48.7,2.880e-79,236.0
m0029,m0331,36.1,7.890e-46,154.0
m0029,m0332,46.1,1.200e-69,213.0
m0029,m0333,38.6,5.380e-47,158.0
m0029,m0335,44.7,1.120e-63,196.0
m0029,m0336,35.1,1.730e-46,153.0
m0029,m0337,44.6,1.590e-69,211.0
m0029,m0339,37.8,2.780e-49,164.0
m0029,m0340,39.3,7.460e-52,167.0
m0029,m0343,44.8,3.830e-68,208.0
m0029,m0344,39.8,9.820e-49,163.0
m0029,m0345,39.7,1.140e-60,189.0
m0029,m0347,38.6,1.900e-46,157.0
m0029,m0348,39.5,5.120e-45,153.0
m0029,m0349,38.3,4.130e-47,158.0
m0029,m0351,52.6,8.210e-108,310.0
m0029,m0354,48.1,3.190e-86,254.0
m0029,m0356,56.5,1.420e-107,310.0
m0029,m0363,38.8,7.080e-48,160.0
m0029,m0364,38.4,5.750e-60,187.0
m0029,m0365,37.7,1.860e-58,183.0
m0029,m0368,38.9,2.940e-63,196.0
m0029,m0369,36.8,5.630e-46,153.0
m0029,m0370,38.4,9.900e-54,172.0
m0029,m0371,35.9,1.120e-48,162.0
m0029,m0372,42.1,8.880e-69,210.0
m0029,m0377,46.2,1.200e-68,210.0
m0029,m0378,37.4,7.210e-46,155.0
m0029,m0380,42.8,8.590e-69,210.0
m0029,m0382,44.4,2.190e-75,227.0
m0029,m0383,54.4,1.890e-107,309.0
m0029,m0385,43.5,2.940e-79,238.0
m0029,m0387,44.7,5.760e-58,182.0
m0029,m0388,43.0,7.470e-68,208.0
m0029,m0390,39.9,9.450e-64,197.0
m0029,m0393,38.7,4.130e-47,159.0
m0029,m0394,41.9,3.450e-67,206.0
m0029,m0396,30.7,6.400e-08,46.6
m0029,m0397,40.0,3.030e-55,180.0
m0029,m0399,38.3,3.170e-48,161.0
m0029,m0401,47.0,6.400e-75,226.0
m0029,m0404,36.2,5.620e-47,155.0
m0029,m0405,38.2,4.880e-46,154.0
m0029,m0407,37.5,1.540e-49,160.0
m0029,m0409,53.5,7.500e-104,300.0
m0029,m0411,42.8,4.290e-75,227.0
m0030,m0048,40.9,1.000e-72,224.0
m0030,m0051,36.4,7.850e-49,160.0
m0030,m0060,41.8,2.330e-69,214.0
m0030,m0083,37.2,4.480e-58,187.0
m0030,m0085,38.7,1.470e-58,186.0
m0030,m0087,43.9,1.060e-77,236.0
m0030,m0107,38.0,6.500e-53,172.0
m0030,m0111,34.0,2.340e-43,146.0
m0030,m0113,34.0,3.000e-45,152.0
m0030,m0136,34.0,7.780e-40,138.0
m0030,m0152,40.1,1.010e-60,192.0
m0030,m0165,36.3,1.110e-51,169.0
m0030,m0172,30.2,7.340e-32,117.0
m0030,m0180,37.0,1.400e-56,182.0
m0030,m0186,37.5,3.700e-55,179.0
m0030,m0190,39.4,1.550e-67,211.0
m0030,m0208,44.9,8.960e-74,226.0
m0030,m0219,33.4,4.510e-36,128.0
m0030,m0220,36.4,7.710e-45,151.0
m0030,m0224,37.7,9.490e-53,173.0
m0030,m0240,31.6,2.090e-35,125.0
m0030,m0245,37.8,4.430e-68,211.0
m0030,m0250,38.0,1.720e-60,191.0
m0030,m0255,38.5,1.060e-44,149.0
m0030,m0268,31.7,1.450e-34,124.0
m0030,m0275,42.5,3.720e-82,248.0
m0030,m0283,31.4,5.790e-41,142.0
m0030,m0286,36.4,1.290e-57,186.0
m0030,m0316,40.8,3.920e-71,220.0
m0030,m0321,40.2,1.020e-72,223.0
m0030,m0353,36.0,1.280e-45,152.0
m0030,m0357,33.9,4.600e-44,148.0
m0030,m0361,34.7,7.450e-41,140.0
m0030,m0379,30.6,1.300e-30,114.0
m0030,m0384,34.9,2.560e-36,128.0
m0030,m0386,44.4,5.320e-79,239.0
m0030,m0389,40.3,9.020e-71,218.0
m0030,m0403,37.7,3.910e-58,186.0
m0030,m0412,37.5,1.040e-58,187.0
m0031,m0115,38.4,5.430e-39,138.0
m0031,m0207,36.1,1.460e-36,131.0
m0031,m0223,34.8,1.360e-74,239.0
m0031,m0288,33.5,6.190e-70,226.0
m0031,m0360,39.3,3.220e-25,103.0
m0032,m0034,44.0,1.330e-72,220.0
m0032,m0035,30.3,3.880e-34,120.0
m0032,m0038,49.8,2.740e-91,268.0
m0032,m0039,46.4,1.070e-89,264.0
m0032,m0041,40.3,2.060e-51,169.0
m0032,m0042,47.7,1.170e-76,229.0
m0032,m0045,52.4,7.850e-89,261.0
m0032,m0047,48.3,8.740e-91,266.0
m0032,m0049,42.0,2.900e-59,190.0
m0032,m0050,44.6,3.990e-74,223.0
m0032,m0052,44.3,1.300e-59,191.0
m0032,m0053,46.0,1.730e-67,206.0
m0032,m0056,43.0,5.460e-74,223.0
m0032,m0064,48.5,1.910e-81,243.0
m0032,m0065,53.8,4.840e-90,264.0
m0032,m0066,32.1,2.190e-06,42.0
m0032,m0067,50.4,2.330e-91,268.0
m0032,m0068,43.2,7.330e-64,197.0
m0032,m0069,40.4,8.940e-56,180.0
m0032,m0070,45.5,2.590e-66,204.0
m0032,m0071,40.4,2.190e-66,203.0
m0032,m0072,46.2,1.480e-83,247.0
m0032,m0074,45.1,4.970e-71,216.0
m0032,m0075,68.6,2.860e-146,407.0
m0032,m0077,41.8,6.660e-55,173.0
m0032,m0078,47.3,8.880e-87,255.0
m0032,m0080,47.2,1.260e-88,261.0
m0032,m0084,40.1,8.250e-70,213.0
m0032,m0086,44.6,8.690e-75,225.0
m0032,m0088,40.2,8.620e-53,169.0
m0032,m0090,44.8,1.410e-78,235.0
m0032,m0093,44.6,3.470e-58,187.0
m0032,m0094,39.2,1.330e-51,169.0
m0032,m0095,49.3,8.260e-91,266.0
m0032,m0096,43.4,4.940e-61,195.0
m0032,m0097,41.4,7.190e-70,213.0
m0032,m0098,45.4,8.290e-74,223.0
m0032,m0101,52.6,9.330e-95,276.0
m0032,m0102,51.0,3.850e-94,275.0
m0032,m0103,43.2,1.830e-65,201.0
m0032,m0104,49.8,5.630e-87,256.0
m0032,m0105,49.4,4.300e-74,223.0
m0032,m0110,59.9,3.570e-116,331.0
m0032,m0112,42.7,2.390e-61,195.0
m0032,m0114,39.6,1.380e-54,177.0
m0032,m0119,40.2,4.330e-64,199.0
m0032,m0121,58.7,7.350e-118,335.0
m0032,m0124,51.6,4.880e-87,256.0
m0032,m0125,46.7,3.330e-85,252.0
m0032,m0126,42.9,6.170e-64,201.0
m0032,m0129,40.0,6.800e-56,176.0
m0032,m0131,41.5,1.370e-52,171.0
m0032,m0132,50.0,3.190e-91,267.0
m0032,m0134,46.0,3.550e-64,199.0
m0032,m0135,45.4,6.770e-82,244.0
m0032,m0138,33.6,8.730e-38,130.0
m0032,m0139,39.4,1.590e-50,167.0
m0032,m0142,47.6,8.650e-84,247.0
m0032,m0145,54.5,2.750e-102,300.0
m0032,m0150,46.6,1.380e-84,250.0
m0032,m0155,39.4,1.790e-50,167.0
m0032,m0156,43.3,7.070e-76,228.0
m0032,m0158,44.5,1.980e-59,191.0
m0032,m0159,42.4,8.900e-63,199.0
m0032,m0160,37.5,6.130e-54,172.0
m0032,m0161,33.3,1.060e-37,129.0
m0032,m0162,41.3,1.790e-59,191.0
m0032,m0163,47.3,8.470e-73,220.0
m0032,m0164,40.6,3.390e-57,184.0
m0032,m0166,41.5,1.880e-59,187.0
m0032,m0167,44.9,4.830e-80,239.0
m0032,m0168,47.4,7.440e-88,259.0
m0032,m0169,47.4,1.330e-85,253.0
m0032,m0170,42.6,4.220e-53,173.0
m0032,m0171,43.5,4.170e-66,203.0
m0032,m0173,38.9,3.290e-50,166.0
m0032,m0174,39.4,5.720e-52,170.0
m0032,m0175,41.5,7.930e-56,181.0
m0032,m0176,47.4,3.980e-87,257.0
m0032,m0177,45.0,3.980e-87,257.0
m0032,m0179,41.3,4.410e-54,175.0
m0032,m0182,40.5,5.860e-60,192.0
m0032,m0183,40.9,3.750e-52,171.0
m0032,m0184,49.1,9.970e-91,266.0
m0032,m0187,49.4,1.370e-86,254.0
m0032,m0188,40.1,6.050e-52,171.0
m0032,m0191,55.2,1.740e-89,262.0
m0032,m0192,39.0,7.200e-69,210.0
m0032,m0193,48.5,1.570e-83,248.0
m0032,m0194,46.7,4.840e-86,254.0
m0032,m0197,44.1,9.380e-70,213.0
m0032,m0198,44.4,7.380e-65,204.0
m0032,m0204,38.8,1.390e-49,162.0
m0032,m0205,41.6,7.740e-58,186.0
m0032,m0209,39.9,5.460e-60,187.0
m0032,m0212,40.4,1.020e-53,172.0
m0032,m0213,43.7,1.540e-61,195.0
m0032,m0214,43.8,1.370e-57,186.0
m0032,m0215,43.5,2.340e-53,174.0
m0032,m0225,42.7,5.820e-54,176.0
m0032,m0226,41.6,7.870e-60,191.0
m0032,m0228,55.1,2.960e-90,263.0
m0032,m0229,49.0,1.110e-89,264.0
m0032,m0230,46.4,4.860e-75,226.0
m0032,m0231,45.5,9.770e-81,241.0
m0032,m0232,51.2,8.930e-89,261.0
m0032,m0233,49.5,3.690e-84,249.0
m0032,m0235,39.4,7.770e-52,168.0
m0032,m0236,40.6,4.390e-54,176.0
m0032,m0241,48.6,7.500e-91,266.0
m0032,m0242,40.4,4.860e-66,203.0
m0032,m0243,38.9,4.420e-50,165.0
m0032,m0244,49.2,2.880e-95,278.0
m0032,m0246,46.6,5.420e-88,259.0
m0032,m0247,39.0,5.610e-55,177.0
m0032,m0248,48.7,2.170e-88,260.0
m0032,m0251,46.6,5.060e-80,238.0
m0032,m0253,44.1,8.210e-59,189.0
m0032,m0258,39.7,6.620e-52,170.0
m0032,m0261,45.8,5.620e-81,241.0
m0032,m0263,51.6,7.450e-92,269.0
m0032,m0264,30.6,1.920e-07,45.4
m0032,m0265,34.2,7.400e-25,93.6
m0032,m0266,44.5,3.150e-66,203.0
m0032,m0267,44.6,8.310e-71,214.0
m0032,m0271,48.8,1.650e-91,268.0
m0032,m0272,42.1,4.450e-66,203.0
m0032,m0273,33.6,8.910e-46,152.0
m0032,m0276,39.9,1.270e-54,178.0
m0032,m0278,40.4,5.470e-53,173.0
m0032,m0280,42.5,2.200e-57,184.0
m0032,m0281,41.0,2.700e-58,187.0
m0032,m0282,41.5,2.150e-55,174.0
m0032,m0284,40.8,4.510e-59,185.0
m0032,m0287,35.1,3.050e-42,142.0
m0032,m0290,50.0,3.430e-90,265.0
m0032,m0292,43.1,1.930e-74,224.0
m0032,m0293,41.6,2.040e-56,182.0
m0032,m0294,42.2,1.610e-54,174.0
m0032,m0295,41.8,2.860e-59,189.0
m0032,m0297,55.4,2.600e-91,267.0
m0032,m0303,41.6,4.200e-68,208.0
m0032,m0304,48.8,1.550e-86,256.0
m0032,m0309,47.6,1.120e-88,261.0
m0032,m0311,50.9,1.320e-94,276.0
m0032,m0312,47.5,1.440e-86,254.0
m0032,m0314,43.1,2.880e-60,193.0
m0032,m0315,49.5,8.110e-93,271.0
m0032,m0317,50.7,2.770e-90,265.0
m0032,m0318,41.3,6.460e-59,189.0
m0032,m0320,41.7,2.180e-54,176.0
m0032,m0322,43.0,1.300e-61,196.0
m0032,m0324,44.3,1.820e-67,207.0
m0032,m0328,38.2,1.420e-51,167.0
m0032,m0329,49.8,1.080e-90,265.0
m0032,m0331,40.8,1.060e-54,177.0
m0032,m0332,50.2,3.020e-90,265.0
m0032,m0333,45.7,4.410e-60,192.0
m0032,m0335,45.6,2.110e-62,193.0
m0032,m0336,38.3,4.440e-49,160.0
m0032,m0337,48.3,1.170e-86,255.0
m0032,m0339,39.2,2.000e-52,172.0
m0032,m0340,42.3,3.080e-65,201.0
m0032,m0343,47.8,2.240e-92,270.0
m0032,m0344,44.1,4.940e-63,200.0
m0032,m0345,38.0,1.890e-63,196.0
m0032,m0347,43.4,5.680e-60,192.0
m0032,m0348,46.5,4.670e-62,197.0
m0032,m0349,39.9,2.440e-54,177.0
m0032,m0351,47.5,4.590e-93,272.0
m0032,m0354,51.4,8.890e-95,276.0
m0032,m0356,51.9,4.750e-89,262.0
m0032,m0359,30.5,7.020e-23,90.1
m0032,m0363,42.7,1.440e-60,193.0
m0032,m0364,41.8,4.640e-72,218.0
m0032,m0365,43.8,2.400e-72,219.0
m0032,m0368,41.1,4.800e-69,211.0
m0032,m0369,36.6,8.520e-52,168.0
m0032,m0370,39.9,2.660e-55,176.0
m0032,m0371,39.4,5.950e-56,181.0
m0032,m0372,43.2,2.190e-76,229.0
m0032,m0377,46.2,3.840e-82,244.0
m0032,m0378,42.3,8.570e-59,189.0
m0032,m0380,44.9,8.900e-81,240.0
m0032,m0382,48.6,2.180e-92,270.0
m0032,m0383,47.2,1.940e-90,266.0
m0032,m0385,44.5,7.420e-81,241.0
m0032,m0387,43.1,8.770e-65,199.0
m0032,m0388,42.6,3.280e-76,229.0
m0032,m0390,49.5,5.220e-84,249.0
m0032,m0393,43.4,1.740e-60,194.0
m0032,m0394,44.0,7.010e-82,243.0
m0032,m0397,42.3,5.650e-63,200.0
m0032,m0399,44.5,7.260e-59,189.0
m0032,m0401,47.7,6.840e-89,261.0
m0032,m0404,43.7,3.700e-61,192.0
m0032,m0405,41.1,5.380e-56,179.0
m0032,m0407,42.0,3.760e-65,201.0
m0032,m0409,50.0,7.120e-90,265.0
m0032,m0411,47.9,6.520e-89,262.0
m0034,m0038,40.9,1.410e-68,210.0
m0034,m0039,38.2,1.220e-62,195.0
m0034,m0041,52.5,1.900e-78,239.0
m0034,m0042,44.9,2.130e-73,221.0
m0034,m0045,49.1,3.520e-81,242.0
m0034,m0047,52.9,1.800e-94,275.0
m0034,m0049,49.1,6.370e-76,234.0
m0034,m0050,51.1,1.730e-90,265.0
m0034,m0052,48.9,4.300e-79,242.0
m0034,m0053,42.3,3.780e-68,208.0
m0034,m0056,53.3,2.090e-96,280.0
m0034,m0064,48.7,1.500e-90,266.0
m0034,m0065,49.1,3.090e-82,244.0
m0034,m0067,38.7,6.100e-63,196.0
m0034,m0068,46.5,2.340e-75,226.0
m0034,m0069,47.7,3.190e-80,244.0
m0034,m0070,49.8,8.760e-86,254.0
m0034,m0071,50.9,1.630e-81,242.0
m0034,m0072,38.7,1.740e-58,183.0
m0034,m0074,46.9,1.540e-85,254.0
m0034,m0075,43.8,3.900e-68,208.0
m0034,m0077,50.4,1.150e-77,232.0
m0034,m0078,45.9,1.280e-77,232.0
m0034,m0080,39.2,3.600e-68,209.0
m0034,m0084,44.4,6.270e-74,223.0
m0034,m0086,50.7,1.520e-95,278.0
m0034,m0088,47.8,1.040e-82,246.0
m0034,m0090,43.3,6.040e-71,216.0
m0034,m0093,48.0,2.860e-75,232.0
m0034,m0094,46.0,2.010e-73,226.0
m0034,m0095,40.7,4.320e-68,209.0
m0034,m0096,48.3,6.600e-79,241.0
m0034,m0097,48.0,2.300e-81,243.0
m0034,m0098,44.6,1.020e-76,231.0
m0034,m0101,41.9,1.300e-72,220.0
m0034,m0102,40.8,2.070e-74,224.0
m0034,m0103,46.0,6.450e-79,236.0
m0034,m0104,54.1,8.000e-104,300.0
m0034,m0105,44.6,3.520e-69,210.0
m0034,m0110,48.3,2.160e-81,243.0
m0034,m0112,45.8,1.060e-79,243.0
m0034,m0114,45.4,5.470e-72,223.0
m0034,m0119,44.3,1.290e-79,239.0
m0034,m0121,47.8,1.400e-76,230.0
m0034,m0124,56.3,8.790e-102,293.0
m0034,m0125,47.1,1.540e-82,245.0
m0034,m0126,48.4,8.140e-80,242.0
m0034,m0129,47.1,4.850e-75,225.0
m0034,m0131,51.1,2.810e-82,248.0
m0034,m0132,54.2,8.140e-101,291.0
m0034,m0134,49.5,5.700e-82,244.0
m0034,m0135,50.2,1.240e-94,276.0
m0034,m0139,48.5,8.830e-81,246.0
m0034,m0142,52.7,2.530e-87,256.0
m0034,m0145,44.8,9.560e-73,224.0
m0034,m0150,43.9,3.040e-77,232.0
m0034,m0155,51.2,4.200e-85,257.0
m0034,m0156,53.8,1.970e-98,286.0
m0034,m0158,48.4,2.750e-77,237.0
m0034,m0159,48.3,6.200e-83,251.0
m0034,m0160,37.6,1.480e-53,171.0
m0034,m0161,30.5,2.390e-27,102.0
m0034,m0162,47.8,2.750e-77,238.0
m0034,m0163,45.0,5.920e-72,218.0
m0034,m0164,47.5,5.050e-81,246.0
m0034,m0166,39.8,6.530e-52,167.0
m0034,m0167,50.2,1.340e-94,276.0
m0034,m0168,38.1,1.050e-64,200.0
m0034,m0169,50.5,1.460e-94,276.0
m0034,m0170,49.3,4.440e-83,251.0
m0034,m0171,43.1,6.340e-70,213.0
m0034,m0173,46.7,4.200e-77,236.0
m0034,m0174,47.9,4.200e-77,236.0
m0034,m0175,50.3,1.880e-81,247.0
m0034,m0176,41.1,5.480e-70,213.0
m0034,m0177,35.9,6.810e-62,193.0
m0034,m0179,49.4,3.760e-79,240.0
m0034,m0182,49.1,3.200e-83,252.0
m0034,m0183,51.3,8.550e-85,255.0
m0034,m0184,39.4,2.960e-67,206.0
m0034,m0187,53.6,2.000e-95,277.0
m0034,m0188,47.4,2.040e-82,250.0
m0034,m0191,47.7,1.580e-81,242.0
m0034,m0192,46.9,2.160e-75,227.0
m0034,m0193,55.5,1.250e-97,285.0
m0034,m0194,38.3,1.670e-63,197.0
m0034,m0197,51.5,3.360e-96,281.0
m0034,m0198,46.6,4.070e-80,244.0
m0034,m0204,47.0,4.580e-73,223.0
m0034,m0205,48.9,7.130e-77,236.0
m0034,m0209,45.8,4.790e-77,231.0
m0034,m0212,50.2,3.290e-84,251.0
m0034,m0213,48.4,3.980e-78,238.0
m0034,m0214,48.9,1.700e-77,238.0
m0034,m0215,52.2,4.430e-81,246.0
m0034,m0225,51.1,1.160e-81,248.0
m0034,m0226,49.8,2.060e-77,237.0
m0034,m0228,56.0,5.660e-97,281.0
m0034,m0229,53.4,5.860e-94,275.0
m0034,m0230,49.7,2.280e-88,260.0
m0034,m0231,50.3,1.370e-90,267.0
m0034,m0232,54.8,2.200e-101,293.0
m0034,m0233,60.1,9.580e-114,325.0
m0034,m0235,44.4,7.070e-72,220.0
m0034,m0236,50.0,1.140e-81,247.0
m0034,m0241,52.0,1.720e-96,281.0
m0034,m0242,43.0,6.740e-62,192.0
m0034,m0243,48.8,2.550e-81,246.0
m0034,m0244,43.8,6.140e-78,234.0
m0034,m0246,49.7,5.750e-92,270.0
m0034,m0247,49.6,5.800e-81,245.0
m0034,m0248,40.9,4.320e-68,209.0
m0034,m0251,44.8,1.350e-73,222.0
m0034,m0253,49.6,1.350e-78,241.0
m0034,m0258,50.4,1.050e-84,255.0
m0034,m0261,49.0,1.920e-91,268.0
m0034,m0263,43.1,3.700e-78,234.0
m0034,m0266,50.4,1.850e-83,248.0
m0034,m0267,56.8,6.230e-98,283.0
m0034,m0271,56.2,8.790e-106,305.0
m0034,m0272,47.4,1.540e-87,258.0
m0034,m0273,32.4,6.150e-34,121.0
m0034,m0276,46.8,1.090e-78,241.0
m0034,m0278,47.6,4.220e-74,228.0
m0034,m0280,51.7,2.050e-83,251.0
m0034,m0281,46.0,1.210e-76,234.0
m0034,m0282,40.3,9.230e-56,175.0
m0034,m0284,46.1,1.030e-76,230.0
m0034,m0290,38.8,3.160e-65,201.0
m0034,m0292,51.8,2.470e-87,257.0
m0034,m0293,46.2,4.110e-77,236.0
m0034,m0294,50.2,2.440e-82,245.0
m0034,m0295,50.2,4.100e-78,238.0
m0034,m0297,59.2,8.040e-112,320.0
m0034,m0303,51.4,7.960e-89,261.0
m0034,m0304,53.6,2.420e-100,291.0
m0034,m0309,49.3,2.200e-90,266.0
m0034,m0311,41.8,7.450e-69,211.0
m0034,m0312,40.4,8.200e-66,202.0
m0034,m0314,49.3,3.230e-80,245.0
m0034,m0315,50.3,5.600e-95,277.0
m0034,m0317,54.9,4.670e-103,297.0
m0034,m0318,44.0,2.010e-78,240.0
m0034,m0320,46.8,2.350e-71,221.0
m0034,m0322,47.6,6.260e-76,233.0
m0034,m0324,50.0,2.100e-87,258.0
m0034,m0328,48.3,3.600e-82,246.0
m0034,m0329,54.0,2.210e-94,274.0
m0034,m0331,51.3,1.180e-83,252.0
m0034,m0332,57.5,3.220e-109,313.0
m0034,m0333,49.1,1.420e-79,243.0
m0034,m0335,43.8,5.140e-62,192.0
m0034,m0336,47.6,1.100e-82,246.0
m0034,m0337,52.0,8.590e-96,278.0
m0034,m0339,45.1,1.170e-74,230.0
m0034,m0340,49.3,3.480e-80,239.0
m0034,m0343,43.8,5.580e-68,207.0
m0034,m0344,48.4,3.590e-80,245.0
m0034,m0345,48.3,1.040e-81,243.0
m0034,m0347,50.0,5.060e-79,242.0
m0034,m0348,50.6,1.350e-78,241.0
m0034,m0349,50.7,1.960e-85,258.0
m0034,m0351,39.8,4.450e-68,209.0
m0034,m0354,43.0,1.320e-77,233.0
m0034,m0356,42.1,2.370e-66,204.0
m0034,m0363,48.3,3.230e-76,234.0
m0034,m0364,48.0,1.280e-81,243.0
m0034,m0365,47.1,5.810e-83,246.0
m0034,m0368,49.3,7.470e-89,261.0
m0034,m0369,34.8,1.620e-37,131.0
m0034,m0370,44.9,2.700e-75,227.0
m0034,m0371,40.8,1.680e-53,174.0
m0034,m0372,53.0,2.010e-94,275.0
m0034,m0377,49.0,1.920e-89,263.0
m0034,m0378,48.7,5.060e-79,242.0
m0034,m0380,54.4,2.570e-97,283.0
m0034,m0382,46.9,8.380e-81,241.0
m0034,m0383,40.6,3.150e-69,212.0
m0034,m0385,40.8,2.300e-64,199.0
m0034,m0387,47.3,4.360e-78,234.0
m0034,m0388,50.3,4.210e-92,270.0
m0034,m0390,57.2,3.880e-113,323.0
m0034,m0393,47.0,5.620e-80,244.0
m0034,m0394,50.3,9.440e-97,281.0
m0034,m0397,47.8,1.440e-77,238.0
m0034,m0399,49.3,1.110e-81,248.0
m0034,m0401,57.7,5.320e-110,315.0
m0034,m0404,48.0,1.470e-80,242.0
m0034,m0405,46.3,5.390e-78,236.0
m0034,m0407,42.6,1.110e-74,225.0
m0034,m0409,39.6,3.480e-61,191.0
m0034,m0411,53.1,5.360e-100,290.0
m0035,m0097,31.1,2.650e-31,112.0
m0035,m0101,30.1,2.810e-27,102.0
m0035,m0110,31.0,1.570e-35,124.0
m0035,m0124,30.2,1.590e-25,96.7
m0035,m0125,30.8,2.390e-26,99.4
m0035,m0132,31.2,1.500e-26,99.8
m0035,m0134,30.0,1.230e-26,100.0
m0035,m0162,30.1,2.870e-22,90.1
m0035,m0193,30.1,9.210e-26,98.2
m0035,m0244,33.5,1.940e-37,129.0
m0035,m0263,30.0,2.080e-29,107.0
m0035,m0273,32.7,8.630e-25,96.3
m0035,m0278,31.1,8.020e-25,97.1
m0035,m0291,47.2,3.980e-86,254.0
m0035,m0311,30.9,2.020e-27,102.0
m0035,m0317,31.4,2.880e-30,109.0
m0035,m0329,31.3,8.890e-27,99.8
m0035,m0354,31.0,4.340e-29,106.0
m0035,m0359,43.1,3.540e-79,236.0
m0035,m0369,30.4,3.380e-25,97.4
m0036,m0044,66.9,1.460e-198,548.0
m0036,m0076,50.5,1.690e-141,404.0
m0036,m0091,61.8,7.850e-177,493.0
m0036,m0128,63.5,4.850e-193,535.0
m0036,m0157,60.1,3.110e-181,504.0
m0036,m0234,49.0,6.800e-142,405.0
m0036,m0302,60.9,1.290e-185,515.0
m0036,m0373,76.0,1.940e-234,639.0
m0038,m0039,62.0,9.340e-126,356.0
m0038,m0041,41.1,2.960e-49,164.0
m0038,m0042,40.4,6.360e-58,182.0
m0038,m0045,46.4,1.200e-79,238.0
m0038,m0047,51.1,3.810e-89,262.0
m0038,m0049,41.1,6.420e-50,166.0
m0038,m0050,40.6,1.510e-67,207.0
m0038,m0052,37.0,7.730e-50,166.0
m0038,m0053,41.2,2.640e-56,178.0
m0038,m0056,44.7,6.390e-72,218.0
m0038,m0064,47.3,8.840e-77,232.0
m0038,m0065,44.0,1.790e-73,223.0
m0038,m0067,56.1,5.830e-122,347.0
m0038,m0068,44.6,1.640e-64,199.0
m0038,m0069,39.4,1.610e-50,167.0
m0038,m0070,41.4,1.230e-69,213.0
m0038,m0071,41.3,5.470e-60,187.0
m0038,m0072,43.7,2.270e-62,194.0
m0038,m0074,42.1,1.190e-62,196.0
m0038,m0075,51.9,2.460e-91,268.0
m0038,m0077,40.9,1.400e-52,168.0
m0038,m0078,53.6,2.370e-86,255.0
m0038,m0080,60.6,5.490e-139,389.0
m0038,m0084,45.4,3.000e-69,212.0
m0038,m0086,50.2,8.460e-80,238.0
m0038,m0088,40.4,5.960e-52,167.0
m0038,m0090,39.5,1.140e-68,211.0
m0038,m0093,41.9,1.850e-50,168.0
m0038,m0094,36.8,4.740e-51,169.0
m0038,m0095,57.7,4.620e-125,354.0
m0038,m0096,43.1,1.680e-50,168.0
m0038,m0097,44.1,2.650e-72,220.0
m0038,m0098,43.7,4.450e-64,199.0
m0038,m0101,57.9,1.430e-128,363.0
m0038,m0102,52.8,3.450e-97,283.0
m0038,m0103,41.7,2.420e-55,176.0
m0038,m0104,45.2,4.130e-81,242.0
m0038,m0105,41.7,8.220e-59,184.0
m0038,m0110,50.9,1.360e-85,254.0
m0038,m0112,40.1,2.250e-51,170.0
m0038,m0114,41.1,5.990e-51,168.0
m0038,m0119,40.8,2.860e-61,192.0
m0038,m0121,50.0,7.450e-85,251.0
m0038,m0124,50.6,2.870e-80,239.0
m0038,m0125,46.6,8.150e-83,246.0
m0038,m0126,40.4,8.840e-55,178.0
m0038,m0129,38.8,3.150e-52,167.0
m0038,m0131,40.0,1.450e-50,167.0
m0038,m0132,47.7,1.750e-82,245.0
m0038,m0134,40.1,1.970e-56,179.0
m0038,m0135,46.6,3.930e-75,227.0
m0038,m0139,40.8,2.230e-48,162.0
m0038,m0142,47.6,2.110e-81,242.0
m0038,m0145,54.7,2.280e-101,298.0
m0038,m0150,46.8,2.320e-74,225.0
m0038,m0155,37.1,1.950e-46,157.0
m0038,m0156,46.0,8.950e-82,244.0
m0038,m0158,40.8,8.640e-50,166.0
m0038,m0159,42.3,3.210e-58,188.0
m0038,m0160,40.6,6.120e-56,177.0
m0038,m0162,38.2,1.010e-49,166.0
m0038,m0163,41.6,1.950e-58,184.0
m0038,m0164,39.3,8.980e-51,168.0
m0038,m0166,49.3,1.210e-83,249.0
m0038,m0167,42.9,6.410e-80,239.0
m0038,m0168,65.9,2.070e-134,378.0
m0038,m0169,52.5,1.320e-85,254.0
m0038,m0170,40.6,4.990e-49,163.0
m0038,m0171,41.1,1.410e-56,179.0
m0038,m0173,38.1,1.280e-47,159.0
m0038,m0174,38.6,9.210e-54,176.0
m0038,m0175,38.0,2.080e-49,164.0
m0038,m0176,66.3,2.480e-137,385.0
m0038,m0177,56.0,7.160e-123,349.0
m0038,m0179,43.1,2.720e-55,179.0
m0038,m0182,41.4,6.900e-57,184.0
m0038,m0183,40.5,7.660e-50,165.0
m0038,m0184,67.8,5.710e-139,389.0
m0038,m0187,48.5,4.380e-82,243.0
m0038,m0188,38.6,2.380e-49,164.0
m0038,m0191,54.4,4.920e-86,254.0
m0038,m0192,44.8,5.270e-65,201.0
m0038,m0193,52.3,3.020e-86,256.0
m0038,m0194,62.2,4.410e-136,382.0
m0038,m0197,46.6,2.530e-72,220.0
m0038,m0198,40.7,5.570e-55,179.0
m0038,m0204,38.6,3.090e-46,154.0
m0038,m0205,41.5,1.090e-50,168.0
m0038,m0209,40.5,5.780e-55,174.0
m0038,m0212,39.6,2.620e-53,172.0
m0038,m0213,38.9,1.520e-51,170.0
m0038,m0214,38.7,1.350e-50,168.0
m0038,m0215,42.1,4.010e-54,176.0
m0038,m0217,30.1,1.180e-08,49.7
m0038,m0225,41.0,1.320e-55,181.0
m0038,m0226,40.0,4.540e-52,172.0
m0038,m0228,48.9,1.560e-84,249.0
m0038,m0229,44.6,5.670e-79,237.0
m0038,m0230,41.9,4.160e-70,214.0
m0038,m0231,50.4,3.640e-86,256.0
m0038,m0232,49.4,1.770e-77,233.0
m0038,m0233,47.7,4.880e-84,249.0
m0038,m0235,37.3,5.080e-52,169.0
m0038,m0236,39.0,1.290e-51,170.0
m0038,m0241,50.2,2.000e-85,253.0
m0038,m0242,41.3,4.380e-63,196.0
m0038,m0243,38.1,3.370e-47,158.0
m0038,m0244,55.4,1.870e-103,299.0
m0038,m0246,46.3,3.390e-86,255.0
m0038,m0247,41.6,4.020e-54,176.0
m0038,m0248,90.4,4.760e-211,572.0
m0038,m0251,43.4,1.630e-69,212.0
m0038,m0253,38.6,6.540e-50,166.0
m0038,m0258,38.7,9.670e-50,165.0
m0038,m0261,48.7,1.920e-81,243.0
m0038,m0263,52.8,7.360e-92,270.0
m0038,m0266,39.7,1.020e-53,172.0
m0038,m0267,46.4,1.290e-82,244.0
m0038,m0271,44.7,1.870e-82,246.0
m0038,m0272,40.9,6.140e-59,185.0
m0038,m0273,33.6,9.360e-43,145.0
m0038,m0276,35.4,4.020e-50,167.0
m0038,m0278,39.2,2.590e-53,174.0
m0038,m0280,42.8,3.150e-56,181.0
m0038,m0281,36.3,4.100e-51,169.0
m0038,m0282,40.1,2.090e-57,179.0
m0038,m0284,38.8,1.190e-54,174.0
m0038,m0287,30.7,9.990e-35,122.0
m0038,m0290,57.3,1.180e-125,356.0
m0038,m0292,43.0,4.100e-70,213.0
m0038,m0293,41.9,7.580e-50,166.0
m0038,m0294,40.6,2.750e-58,184.0
m0038,m0295,40.7,1.360e-50,167.0
m0038,m0297,52.6,8.400e-87,256.0
m0038,m0303,43.4,3.730e-71,216.0
m0038,m0304,51.1,6.380e-83,247.0
m0038,m0309,46.0,1.420e-78,236.0
m0038,m0311,56.6,3.620e-124,352.0
m0038,m0312,67.8,8.000e-142,395.0
m0038,m0314,39.1,6.510e-51,169.0
m0038,m0315,49.1,6.450e-84,249.0
m0038,m0317,46.1,4.860e-80,239.0
m0038,m0318,38.6,2.830e-49,164.0
m0038,m0320,39.7,2.620e-50,166.0
m0038,m0322,37.5,1.880e-49,165.0
m0038,m0324,41.6,7.090e-57,180.0
m0038,m0328,38.4,5.970e-49,160.0
m0038,m0329,52.6,7.630e-88,258.0
m0038,m0331,39.2,5.760e-53,173.0
m0038,m0332,50.2,1.730e-78,236.0
m0038,m0333,40.0,7.580e-49,164.0
m0038,m0335,47.5,2.320e-69,211.0
m0038,m0336,37.6,2.630e-50,164.0
m0038,m0337,50.2,4.640e-83,246.0
m0038,m0339,37.8,2.870e-50,167.0
m0038,m0340,40.4,4.270e-58,183.0
m0038,m0343,49.0,5.030e-72,218.0
m0038,m0344,41.5,1.320e-51,171.0
m0038,m0345,43.1,9.570e-72,218.0
m0038,m0347,40.8,9.480e-50,166.0
m0038,m0348,40.7,9.490e-49,163.0
m0038,m0349,40.0,2.020e-50,167.0
m0038,m0351,58.7,2.060e-126,358.0
m0038,m0354,54.6,7.240e-91,267.0
m0038,m0356,60.6,2.670e-133,375.0
m0038,m0363,39.9,5.000e-50,166.0
m0038,m0364,42.4,6.110e-66,203.0
m0038,m0365,45.3,3.760e-76,229.0
m0038,m0368,46.6,5.300e-76,229.0
m0038,m0369,35.1,1.240e-44,150.0
m0038,m0370,39.8,1.210e-55,177.0
m0038,m0371,38.3,5.210e-57,184.0
m0038,m0372,46.2,9.130e-75,226.0
m0038,m0377,51.9,6.980e-85,252.0
m0038,m0378,38.0,1.850e-49,165.0
m0038,m0380,47.7,8.560e-78,233.0
m0038,m0382,50.6,1.310e-85,253.0
m0038,m0383,61.8,4.430e-129,365.0
m0038,m0385,51.4,5.450e-94,276.0
m0038,m0387,42.1,6.140e-61,190.0
m0038,m0388,44.6,1.420e-77,234.0
m0038,m0390,47.9,6.910e-84,249.0
m0038,m0393,41.5,1.100e-49,166.0
m0038,m0394,43.9,3.230e-71,217.0
m0038,m0397,42.0,8.160e-57,185.0
m0038,m0399,41.6,2.810e-52,172.0
m0038,m0401,48.5,4.780e-86,254.0
m0038,m0404,40.2,3.140e-51,167.0
m0038,m0405,40.3,1.170e-53,174.0
m0038,m0407,41.0,3.290e-59,186.0
m0038,m0409,61.8,3.760e-120,342.0
m0038,m0411,44.7,3.530e-83,248.0
m0039,m0041,37.8,5.010e-49,163.0
m0039,m0042,42.0,7.830e-58,182.0
m0039,m0045,48.8,1.930e-74,225.0
m0039,m0047,46.1,8.940e-84,248.0
m0039,m0049,39.1,1.570e-48,162.0
m0039,m0050,40.2,2.930e-66,204.0
m0039,m0052,38.0,2.630e-48,162.0
m0039,m0053,42.4,4.710e-59,185.0
m0039,m0056,41.0,2.240e-68,209.0
m0039,m0064,42.5,5.280e-77,232.0
m0039,m0065,44.2,1.970e-71,217.0
m0039,m0067,69.6,1.200e-153,427.0
m0039,m0068,41.2,3.930e-58,182.0
m0039,m0069,38.3,1.240e-52,172.0
m0039,m0070,40.0,2.650e-70,215.0
m0039,m0071,37.4,7.300e-56,177.0
m0039,m0072,42.9,4.960e-63,195.0
m0039,m0074,39.6,1.590e-61,192.0
m0039,m0075,45.7,1.260e-87,258.0
m0039,m0077,40.3,1.060e-50,163.0
m0039,m0078,46.6,2.630e-76,229.0
m0039,m0080,55.4,4.890e-117,333.0
m0039,m0084,37.2,1.400e-56,179.0
m0039,m0086,46.6,3.880e-74,224.0
m0039,m0088,37.4,1.710e-53,171.0
m0039,m0090,39.7,2.780e-65,202.0
m0039,m0093,39.9,8.830e-49,163.0
m0039,m0094,42.3,1.320e-53,175.0
m0039,m0095,70.3,6.890e-152,422.0
m0039,m0096,39.1,1.510e-49,165.0
m0039,m0097,40.9,3.680e-65,201.0
m0039,m0098,41.3,8.630e-69,211.0
m0039,m0101,71.3,5.440e-158,437.0
m0039,m0102,46.5,3.490e-88,260.0
m0039,m0103,39.3,2.430e-50,163.0
m0039,m0104,44.3,6.460e-79,236.0
m0039,m0105,40.1,5.530e-55,174.0
m0039,m0110,46.1,7.380e-76,229.0
m0039,m0112,37.3,2.720e-51,169.0
m0039,m0114,38.3,2.480e-52,172.0
m0039,m0119,39.3,7.610e-60,188.0
m0039,m0121,43.5,1.270e-76,230.0
m0039,m0124,46.8,7.260e-77,230.0
m0039,m0125,47.9,1.400e-82,246.0
m0039,m0126,37.0,3.610e-51,168.0
m0039,m0129,37.8,2.060e-44,147.0
m0039,m0131,36.7,4.660e-44,149.0
m0039,m0132,49.2,2.120e-82,245.0
m0039,m0134,37.5,9.730e-52,167.0
m0039,m0135,43.0,9.850e-69,211.0
m0039,m0138,30.5,1.430e-34,122.0
m0039,m0139,36.5,3.090e-43,148.0
m0039,m0142,45.9,3.040e-77,231.0
m0039,m0145,53.7,1.300e-104,306.0
m0039,m0150,42.8,1.280e-72,220.0
m0039,m0155,34.3,1.320e-43,149.0
m0039,m0156,45.7,5.990e-70,214.0
m0039,m0158,39.1,1.040e-49,166.0
m0039,m0159,36.5,1.090e-51,171.0
m0039,m0160,35.5,1.010e-52,169.0
m0039,m0161,32.2,5.370e-38,130.0
m0039,m0162,40.6,6.050e-51,169.0
m0039,m0163,41.6,6.720e-58,182.0
m0039,m0164,38.5,1.730e-47,159.0
m0039,m0166,46.4,4.000e-69,212.0
m0039,m0167,43.2,1.900e-69,212.0
m0039,m0168,53.2,6.340e-113,323.0
m0039,m0169,47.5,1.510e-80,241.0
m0039,m0170,35.6,1.090e-42,146.0
m0039,m0171,41.4,3.560e-59,186.0
m0039,m0173,35.5,1.300e-43,149.0
m0039,m0174,40.0,1.180e-52,172.0
m0039,m0175,37.6,3.980e-46,155.0
m0039,m0176,52.1,1.280e-109,315.0
m0039,m0177,67.6,5.410e-157,435.0
m0039,m0179,40.1,1.270e-49,164.0
m0039,m0182,39.0,3.940e-58,187.0
m0039,m0183,37.0,5.250e-48,160.0
m0039,m0184,55.2,1.780e-117,335.0
m0039,m0187,48.1,8.590e-81,240.0
m0039,m0188,37.9,2.320e-46,156.0
m0039,m0191,47.9,1.200e-77,233.0
m0039,m0192,41.2,3.580e-61,191.0
m0039,m0193,45.8,1.320e-83,249.0
m0039,m0194,51.9,1.190e-110,317.0
m0039,m0197,45.4,2.450e-68,210.0
m0039,m0198,41.3,1.410e-53,175.0
m0039,m0204,39.2,3.270e-48,159.0
m0039,m0205,39.5,3.610e-50,167.0
m0039,m0209,37.7,3.250e-49,159.0
m0039,m0212,40.1,1.040e-54,175.0
m0039,m0213,38.9,8.270e-48,160.0
m0039,m0214,39.1,2.360e-49,165.0
m0039,m0215,38.8,1.980e-46,156.0
m0039,m0217,34.8,8.330e-12,59.3
m0039,m0225,37.9,2.390e-48,161.0
m0039,m0226,39.1,2.310e-49,164.0
m0039,m0228,47.7,1.400e-81,242.0
m0039,m0229,46.6,5.500e-78,234.0
m0039,m0230,40.1,8.080e-69,211.0
m0039,m0231,45.8,4.500e-83,248.0
m0039,m0232,39.7,3.590e-70,214.0
m0039,m0233,41.8,9.680e-69,210.0
m0039,m0235,40.3,9.380e-51,166.0
m0039,m0236,39.9,7.060e-48,160.0
m0039,m0241,45.1,6.530e-80,239.0
m0039,m0242,41.8,2.650e-60,189.0
m0039,m0243,36.5,1.320e-41,143.0
m0039,m0244,46.0,6.780e-95,277.0
m0039,m0246,44.4,1.650e-85,253.0
m0039,m0247,38.5,1.640e-50,166.0
m0039,m0248,62.7,6.770e-126,356.0
m0039,m0251,43.9,4.470e-68,208.0
m0039,m0253,39.5,1.540e-49,165.0
m0039,m0258,36.0,9.300e-48,159.0
m0039,m0261,43.7,6.590e-81,242.0
m0039,m0263,47.3,2.650e-88,261.0
m0039,m0265,32.5,6.620e-17,72.0
m0039,m0266,38.5,7.690e-52,167.0
m0039,m0267,45.3,7.510e-78,232.0
m0039,m0271,44.5,4.140e-80,240.0
m0039,m0272,39.1,5.350e-59,185.0
m0039,m0273,40.6,2.340e-56,181.0
m0039,m0276,42.0,1.520e-53,176.0
m0039,m0278,39.8,2.120e-48,161.0
m0039,m0280,38.2,5.460e-51,167.0
m0039,m0281,43.2,6.560e-57,184.0
m0039,m0282,40.8,1.280e-54,172.0
m0039,m0284,40.6,1.830e-48,158.0
m0039,m0287,31.7,1.060e-38,133.0
m0039,m0290,71.9,4.360e-160,443.0
m0039,m0292,42.4,2.040e-63,196.0
m0039,m0293,36.4,2.850e-46,156.0
m0039,m0294,42.3,1.340e-57,182.0
m0039,m0295,37.0,1.250e-49,164.0
m0039,m0297,46.6,1.310e-76,230.0
m0039,m0303,43.1,2.850e-72,219.0
m0039,m0304,46.8,3.390e-84,250.0
m0039,m0309,42.9,1.420e-68,211.0
m0039,m0311,66.3,2.000e-153,426.0
m0039,m0312,57.5,1.750e-113,323.0
m0039,m0314,39.5,1.540e-50,168.0
m0039,m0315,47.7,1.050e-78,236.0
m0039,m0317,46.0,1.390e-75,228.0
m0039,m0318,37.2,2.550e-48,162.0
m0039,m0320,40.8,2.810e-52,171.0
m0039,m0322,37.3,2.550e-46,156.0
m0039,m0324,35.7,1.070e-54,174.0
m0039,m0328,37.1,4.760e-54,174.0
m0039,m0329,45.9,2.460e-77,231.0
m0039,m0331,36.0,9.300e-48,159.0
m0039,m0332,47.8,3.140e-83,248.0
m0039,m0333,38.7,3.480e-48,162.0
m0039,m0335,44.6,1.290e-64,199.0
m0039,m0336,41.2,5.660e-55,176.0
m0039,m0337,45.5,3.050e-77,231.0
m0039,m0339,41.2,2.990e-53,175.0
m0039,m0340,38.1,2.410e-52,168.0
m0039,m0343,40.9,1.960e-70,214.0
m0039,m0344,38.7,3.100e-51,170.0
m0039,m0345,39.0,1.050e-63,197.0
m0039,m0347,39.1,2.240e-49,165.0
m0039,m0348,35.8,1.190e-47,160.0
m0039,m0349,37.3,2.090e-45,154.0
m0039,m0351,68.4,4.140e-158,438.0
m0039,m0354,50.6,1.620e-88,261.0
m0039,m0356,62.1,4.880e-130,367.0
m0039,m0363,38.1,2.510e-47,159.0
m0039,m0364,42.5,2.110e-65,201.0
m0039,m0365,45.4,2.350e-73,222.0
m0039,m0368,42.9,1.050e-71,218.0
m0039,m0369,39.2,6.260e-53,172.0
m0039,m0370,42.9,6.130e-58,183.0
m0039,m0371,34.6,2.560e-50,166.0
m0039,m0372,41.3,1.450e-69,212.0
m0039,m0377,42.9,7.330e-78,234.0
m0039,m0378,38.0,6.310e-48,161.0
m0039,m0380,46.6,1.610e-79,238.0
m0039,m0382,47.5,4.640e-90,265.0
m0039,m0383,62.8,3.680e-141,395.0
m0039,m0385,42.0,2.730e-82,246.0
m0039,m0387,38.1,2.000e-54,173.0
m0039,m0388,45.3,1.210e-77,234.0
m0039,m0390,43.1,5.970e-73,221.0
m0039,m0393,39.9,9.130e-51,169.0
m0039,m0394,42.9,5.570e-71,216.0
m0039,m0397,37.2,1.320e-50,168.0
m0039,m0399,41.0,1.730e-52,172.0
m0039,m0401,46.4,2.040e-86,255.0
m0039,m0404,36.7,9.500e-48,157.0
m0039,m0405,38.1,3.990e-48,159.0
m0039,m0407,40.9,5.800e-52,167.0
m0039,m0409,73.1,1.160e-174,480.0
m0039,m0411,46.7,8.820e-80,239.0
m0040,m0092,36.2,4.880e-37,125.0
m0040,m0301,34.0,5.670e-29,103.0
m0041,m0042,41.9,6.600e-53,172.0
m0041,m0043,30.8,5.620e-15,68.6
m0041,m0045,48.2,4.310e-68,213.0
m0041,m0047,49.4,7.860e-76,232.0
m0041,m0049,65.3,4.990e-205,568.0
m0041,m0050,49.6,4.380e-76,233.0
m0041,m0052,65.5,7.550e-207,573.0
m0041,m0053,40.9,5.310e-50,165.0
m0041,m0056,45.2,2.080e-66,208.0
m0041,m0064,47.8,7.790e-76,233.0
m0041,m0065,44.4,1.730e-63,201.0
m0041,m0066,34.1,4.760e-10,53.5
m0041,m0067,40.0,8.880e-51,168.0
m0041,m0068,40.4,5.370e-56,181.0
m0041,m0069,54.7,1.050e-138,399.0
m0041,m0070,46.2,2.680e-78,239.0
m0041,m0071,47.3,2.040e-68,213.0
m0041,m0072,39.9,1.520e-44,150.0
m0041,m0074,46.8,3.000e-69,216.0
m0041,m0075,40.9,2.330e-53,174.0
m0041,m0077,69.5,2.320e-127,363.0
m0041,m0078,38.2,1.940e-51,169.0
m0041,m0080,38.9,1.810e-50,167.0
m0041,m0084,43.6,3.860e-62,197.0
m0041,m0086,52.7,2.770e-82,249.0
m0041,m0088,62.3,2.790e-123,354.0
m0041,m0090,42.8,8.610e-64,202.0
m0041,m0093,64.8,2.090e-205,570.0
m0041,m0094,55.7,1.640e-169,477.0
m0041,m0095,36.5,3.340e-48,161.0
m0041,m0096,66.7,7.940e-209,578.0
m0041,m0097,51.1,1.410e-75,232.0
m0041,m0098,45.1,3.080e-70,218.0
m0041,m0101,38.5,3.090e-49,164.0
m0041,m0102,41.5,1.540e-60,193.0
m0041,m0103,38.3,2.250e-50,166.0
m0041,m0104,51.1,5.470e-80,243.0
m0041,m0105,42.0,1.330e-52,171.0
m0041,m0110,45.9,3.820e-64,202.0
m0041,m0112,53.9,1.110e-124,363.0
m0041,m0114,58.7,6.280e-173,486.0
m0041,m0119,41.4,9.990e-60,192.0
m0041,m0121,42.4,3.170e-62,197.0
m0041,m0124,53.7,1.050e-84,254.0
m0041,m0125,43.0,8.750e-64,201.0
m0041,m0126,48.6,1.760e-111,328.0
m0041,m0129,39.2,3.050e-50,165.0
m0041,m0131,58.4,3.470e-118,345.0
m0041,m0132,49.4,3.730e-80,243.0
m0041,m0134,58.2,5.420e-105,308.0
m0041,m0135,47.6,3.330e-74,229.0
m0041,m0139,54.4,6.010e-158,449.0
m0041,m0142,51.8,1.090e-76,234.0
m0041,m0145,41.9,1.620e-56,187.0
m0041,m0150,44.5,8.280e-65,204.0
m0041,m0155,51.6,2.670e-146,419.0
m0041,m0156,48.4,4.270e-81,246.0
m0041,m0158,66.0,9.360e-205,568.0
m0041,m0159,51.3,2.700e-155,442.0
m0041,m0160,35.4,1.490e-44,151.0
m0041,m0162,64.8,8.540e-205,569.0
m0041,m0163,41.9,6.410e-51,167.0
m0041,m0164,51.8,2.360e-124,363.0
m0041,m0166,37.7,2.360e-39,138.0
m0041,m0167,49.6,1.880e-80,244.0
m0041,m0168,39.1,7.530e-49,162.0
m0041,m0169,46.0,3.570e-68,213.0
m0041,m0170,51.4,2.600e-117,343.0
m0041,m0171,39.9,1.270e-46,156.0
m0041,m0173,51.2,2.660e-146,418.0
m0041,m0174,54.5,5.670e-143,409.0
m0041,m0175,62.5,5.700e-117,343.0
m0041,m0176,42.6,1.320e-49,164.0
m0041,m0177,36.9,5.670e-46,155.0
m0041,m0179,52.2,1.010e-150,428.0
m0041,m0182,52.4,5.440e-107,318.0
m0041,m0183,52.5,1.400e-129,375.0
m0041,m0184,44.5,1.770e-51,169.0
m0041,m0187,47.7,5.920e-68,211.0
m0041,m0188,59.7,2.680e-122,357.0
m0041,m0191,40.0,2.150e-55,179.0
m0041,m0192,50.6,1.510e-73,227.0
m0041,m0193,45.8,3.650e-74,229.0
m0041,m0194,39.3,1.770e-51,169.0
m0041,m0197,47.2,2.820e-81,247.0
m0041,m0198,52.6,8.640e-158,447.0
m0041,m0204,51.4,4.070e-92,276.0
m0041,m0205,65.4,1.130e-202,562.0
m0041,m0209,40.7,5.410e-55,178.0
m0041,m0212,73.5,1.040e-161,453.0
m0041,m0213,64.3,5.470e-181,506.0
m0041,m0214,65.2,7.810e-201,558.0
m0041,m0215,78.2,9.190e-253,687.0
m0041,m0225,75.9,9.720e-247,673.0
m0041,m0226,65.2,2.560e-204,566.0
m0041,m0228,49.8,4.280e-77,234.0
m0041,m0229,46.7,4.520e-76,234.0
m0041,m0230,46.4,5.670e-80,243.0
m0041,m0231,44.0,7.990e-75,231.0
m0041,m0232,50.5,1.430e-80,245.0
m0041,m0233,53.4,5.320e-79,241.0
m0041,m0235,64.2,4.580e-137,391.0
m0041,m0236,55.4,1.750e-155,441.0
m0041,m0241,48.7,4.490e-70,218.0
m0041,m0242,40.7,1.220e-50,167.0
m0041,m0243,51.6,8.680e-147,419.0
m0041,m0244,42.6,1.870e-64,203.0
m0041,m0246,49.1,1.530e-80,245.0
m0041,m0247,56.0,1.460e-142,407.0
m0041,m0248,39.9,3.480e-47,158.0
m0041,m0251,44.8,6.360e-65,204.0
m0041,m0253,66.4,5.800e-209,578.0
m0041,m0258,52.0,2.360e-129,374.0
m0041,m0261,47.5,1.070e-72,225.0
m0041,m0263,39.6,5.180e-58,187.0
m0041,m0264,30.0,1.200e-10,55.8
m0041,m0266,59.9,2.610e-105,308.0
m0041,m0267,46.3,1.260e-68,213.0
m0041,m0271,47.0,2.500e-78,239.0
m0041,m0272,46.2,8.160e-75,230.0
m0041,m0273,33.2,3.700e-32,119.0
m0041,m0276,59.0,5.100e-179,502.0
m0041,m0278,62.4,1.730e-134,388.0
m0041,m0280,53.5,7.090e-124,360.0
m0041,m0281,56.9,1.560e-170,479.0
m0041,m0282,41.4,5.380e-48,158.0
m0041,m0284,39.1,1.020e-50,167.0
m0041,m0287,30.6,8.950e-24,94.7
m0041,m0290,38.9,1.140e-50,167.0
m0041,m0292,46.0,3.100e-69,215.0
m0041,m0293,50.3,7.040e-142,407.0
m0041,m0294,74.5,5.490e-147,415.0
m0041,m0295,45.8,1.600e-92,280.0
m0041,m0297,51.7,2.400e-79,241.0
m0041,m0303,44.2,4.510e-69,215.0
m0041,m0304,47.2,4.220e-76,234.0
m0041,m0309,50.4,9.890e-74,228.0
m0041,m0311,39.9,1.500e-50,167.0
m0041,m0312,40.2,1.500e-46,155.0
m0041,m0314,65.4,1.590e-204,567.0
m0041,m0315,46.4,7.660e-68,212.0
m0041,m0317,53.0,4.000e-80,243.0
m0041,m0318,45.3,4.420e-109,324.0
m0041,m0320,59.9,8.690e-173,485.0
m0041,m0322,65.7,9.690e-209,577.0
m0041,m0324,58.0,1.460e-104,306.0
m0041,m0328,70.3,1.470e-148,420.0
m0041,m0329,48.6,4.060e-68,211.0
m0041,m0331,52.4,2.940e-122,356.0
m0041,m0332,53.8,2.540e-85,257.0
m0041,m0333,65.5,5.860e-208,576.0
m0041,m0335,42.9,1.030e-54,177.0
m0041,m0336,72.0,1.620e-143,406.0
m0041,m0337,45.9,3.710e-71,220.0
m0041,m0339,60.5,1.340e-181,509.0
m0041,m0340,58.0,3.370e-105,308.0
m0041,m0343,44.2,1.940e-56,182.0
m0041,m0344,65.4,4.780e-207,574.0
m0041,m0345,48.4,6.190e-73,225.0
m0041,m0347,66.4,4.390e-209,579.0
m0041,m0348,66.6,5.480e-207,573.0
m0041,m0349,49.4,4.310e-121,355.0
m0041,m0351,37.6,2.350e-49,164.0
m0041,m0354,41.5,1.860e-61,195.0
m0041,m0356,39.2,1.360e-50,167.0
m0041,m0363,64.2,1.390e-201,559.0
m0041,m0364,41.1,1.290e-59,190.0
m0041,m0365,43.5,6.210e-72,222.0
m0041,m0368,49.3,5.190e-77,236.0
m0041,m0369,31.3,2.590e-31,117.0
m0041,m0370,63.6,3.000e-123,354.0
m0041,m0371,36.7,1.450e-35,130.0
m0041,m0372,46.0,6.350e-69,214.0
m0041,m0377,44.1,3.720e-67,210.0
m0041,m0378,66.4,4.150e-207,574.0
m0041,m0380,49.6,1.910e-77,236.0
m0041,m0382,45.6,3.430e-65,205.0
m0041,m0383,39.2,4.180e-46,155.0
m0041,m0385,40.7,4.840e-53,174.0
m0041,m0387,40.3,1.510e-54,177.0
m0041,m0388,48.9,1.160e-70,220.0
m0041,m0390,52.7,5.930e-78,238.0
m0041,m0393,65.9,4.760e-208,577.0
m0041,m0394,50.2,3.130e-81,246.0
m0041,m0397,51.7,9.540e-157,446.0
m0041,m0399,60.7,1.100e-126,369.0
m0041,m0401,52.4,5.440e-84,253.0
m0041,m0404,51.6,1.520e-117,341.0
m0041,m0405,57.7,1.140e-102,305.0
m0041,m0407,42.7,7.630e-62,196.0
m0041,m0409,38.6,6.500e-49,163.0
m0041,m0411,46.1,4.200e-77,236.0
m0042,m0045,50.2,4.570e-87,256.0
m0042,m0047,46.8,5.680e-78,233.0
m0042,m0049,41.9,7.370e-54,176.0
m0042,m0050,41.2,1.420e-59,186.0
m0042,m0052,40.5,1.330e-52,172.0
m0042,m0053,75.9,1.170e-160,442.0
m0042,m0056,49.1,1.780e-82,244.0
m0042,m0064,44.3,2.520e-78,234.0
m0042,m0065,48.8,1.840e-86,254.0
m0042,m0067,41.9,9.910e-59,184.0
m0042,m0068,36.9,1.840e-48,157.0
m0042,m0069,41.0,4.790e-49,162.0
m0042,m0070,43.6,3.770e-62,193.0
m0042,m0071,41.0,1.690e-59,185.0
m0042,m0072,42.8,1.120e-74,224.0
m0042,m0074,42.7,7.240e-61,190.0
m0042,m0075,52.9,4.110e-79,236.0
m0042,m0077,42.5,1.810e-51,164.0
m0042,m0078,44.7,1.540e-68,208.0
m0042,m0080,38.9,3.320e-57,180.0
m0042,m0084,40.1,7.680e-67,204.0
m0042,m0086,42.6,5.410e-70,212.0
m0042,m0088,43.3,4.830e-58,182.0
m0042,m0090,46.9,1.500e-74,224.0
m0042,m0093,41.1,2.240e-53,174.0
m0042,m0094,39.4,1.530e-53,174.0
m0042,m0095,38.6,2.490e-58,183.0
m0042,m0096,43.5,1.790e-55,180.0
m0042,m0097,43.5,1.160e-70,214.0
m0042,m0098,42.5,8.970e-61,189.0
m0042,m0101,41.7,4.890e-61,190.0
m0042,m0102,40.4,9.210e-59,184.0
m0042,m0103,65.8,1.210e-140,392.0
m0042,m0104,54.0,9.640e-100,288.0
m0042,m0105,87.4,4.430e-181,493.0
m0042,m0110,51.3,1.450e-84,250.0
m0042,m0112,42.4,7.310e-54,175.0
m0042,m0114,40.5,2.530e-54,176.0
m0042,m0119,45.7,1.120e-63,197.0
m0042,m0121,50.8,1.130e-78,234.0
m0042,m0124,51.9,9.850e-89,259.0
m0042,m0125,44.6,8.060e-72,217.0
m0042,m0126,40.8,3.500e-58,186.0
m0042,m0129,62.0,4.690e-130,364.0
m0042,m0131,44.2,5.170e-56,180.0
m0042,m0132,53.1,2.200e-98,285.0
m0042,m0134,42.4,3.630e-60,188.0
m0042,m0135,47.2,7.220e-78,233.0
m0042,m0139,42.4,1.180e-54,177.0
m0042,m0142,47.2,2.800e-71,215.0
m0042,m0145,43.0,6.520e-63,198.0
m0042,m0150,42.7,5.230e-81,241.0
m0042,m0155,41.9,3.400e-55,179.0
m0042,m0156,42.4,2.160e-68,209.0
m0042,m0158,42.7,9.330e-55,178.0
m0042,m0159,41.2,7.100e-56,181.0
m0042,m0160,40.2,2.900e-54,172.0
m0042,m0161,31.0,4.180e-22,87.4
m0042,m0162,40.7,1.680e-53,175.0
m0042,m0163,85.8,5.800e-181,494.0
m0042,m0164,39.1,1.500e-53,174.0
m0042,m0166,41.1,1.150e-53,171.0
m0042,m0167,47.9,4.730e-82,243.0
m0042,m0168,39.6,4.820e-57,179.0
m0042,m0169,48.4,6.500e-80,238.0
m0042,m0170,42.4,2.240e-56,181.0
m0042,m0171,76.3,6.550e-163,448.0
m0042,m0173,38.8,2.730e-52,171.0
m0042,m0174,39.4,5.370e-52,170.0
m0042,m0175,42.7,2.340e-53,174.0
m0042,m0176,39.2,2.550e-56,177.0
m0042,m0177,40.7,3.160e-60,188.0
m0042,m0179,40.7,7.530e-55,177.0
m0042,m0182,42.9,1.070e-59,191.0
m0042,m0183,44.2,7.850e-55,177.0
m0042,m0184,39.0,1.740e-60,188.0
m0042,m0187,51.0,2.340e-79,235.0
m0042,m0188,41.9,2.670e-58,187.0
m0042,m0191,43.2,4.050e-66,202.0
m0042,m0192,42.6,6.430e-72,218.0
m0042,m0193,50.4,1.460e-80,240.0
m0042,m0194,36.2,6.800e-57,179.0
m0042,m0197,45.2,3.460e-63,196.0
m0042,m0198,40.9,1.010e-55,180.0
m0042,m0204,39.5,1.180e-54,174.0
m0042,m0205,41.2,1.950e-52,172.0
m0042,m0209,64.9,1.310e-138,386.0
m0042,m0212,42.5,5.040e-57,180.0
m0042,m0213,40.3,2.660e-53,173.0
m0042,m0214,44.6,3.200e-53,174.0
m0042,m0215,41.6,1.450e-49,163.0
m0042,m0225,42.0,7.010e-50,164.0
m0042,m0226,44.2,7.440e-55,178.0
m0042,m0228,49.8,1.300e-75,226.0
m0042,m0229,49.3,2.960e-86,254.0
m0042,m0230,40.3,4.770e-63,195.0
m0042,m0231,47.0,1.130e-78,236.0
m0042,m0232,54.9,2.630e-92,270.0
m0042,m0233,54.7,8.370e-90,263.0
m0042,m0235,39.0,9.460e-53,170.0
m0042,m0236,40.6,4.100e-54,175.0
m0042,m0241,45.3,2.740e-74,224.0
m0042,m0242,37.7,1.340e-52,168.0
m0042,m0243,38.4,1.990e-51,168.0
m0042,m0244,36.9,5.960e-55,174.0
m0042,m0246,48.9,8.260e-84,248.0
m0042,m0247,42.6,1.460e-58,186.0
m0042,m0248,39.6,4.360e-56,177.0
m0042,m0251,45.9,5.050e-82,243.0
m0042,m0253,43.6,5.370e-54,176.0
m0042,m0258,43.5,6.500e-56,180.0
m0042,m0261,46.2,1.310e-78,235.0
m0042,m0263,41.9,1.030e-60,189.0
m0042,m0265,30.7,1.530e-14,65.1
m0042,m0266,41.3,3.680e-61,190.0
m0042,m0267,44.0,1.120e-70,213.0
m0042,m0271,50.5,2.860e-86,254.0
m0042,m0272,41.7,6.550e-62,192.0
m0042,m0273,34.7,2.480e-27,103.0
m0042,m0276,40.6,2.660e-57,184.0
m0042,m0278,42.9,1.490e-56,182.0
m0042,m0280,43.2,2.630e-58,186.0
m0042,m0281,40.1,4.440e-55,178.0
m0042,m0282,39.5,1.000e-46,151.0
m0042,m0284,65.6,2.020e-138,386.0
m0042,m0290,40.5,1.160e-62,194.0
m0042,m0292,45.4,3.360e-72,218.0
m0042,m0293,40.6,1.160e-58,187.0
m0042,m0294,41.7,7.600e-55,174.0
m0042,m0295,40.4,1.450e-54,176.0
m0042,m0297,55.5,5.410e-95,276.0
m0042,m0303,41.3,1.600e-61,191.0
m0042,m0304,49.3,1.170e-82,245.0
m0042,m0309,48.0,1.250e-81,243.0
m0042,m0311,42.5,1.380e-60,189.0
m0042,m0312,38.3,9.150e-54,170.0
m0042,m0314,43.8,2.670e-55,179.0
m0042,m0315,47.7,3.000e-76,229.0
m0042,m0317,57.3,4.070e-104,299.0
m0042,m0318,40.1,1.180e-53,175.0
m0042,m0320,41.2,3.300e-52,170.0
m0042,m0322,42.7,2.640e-55,179.0
m0042,m0324,42.5,3.010e-62,193.0
m0042,m0328,41.2,1.120e-53,172.0
m0042,m0329,46.0,5.670e-72,216.0
m0042,m0331,40.8,7.020e-55,177.0
m0042,m0332,53.4,1.260e-98,286.0
m0042,m0333,43.5,1.120e-54,178.0
m0042,m0335,42.9,2.880e-62,192.0
m0042,m0336,40.4,6.670e-55,174.0
m0042,m0337,46.2,7.910e-71,214.0
m0042,m0339,41.1,2.180e-55,179.0
m0042,m0340,41.4,3.180e-61,190.0
m0042,m0343,46.6,1.790e-75,226.0
m0042,m0344,44.4,1.380e-56,183.0
m0042,m0345,40.8,6.890e-66,202.0
m0042,m0347,43.5,7.370e-55,178.0
m0042,m0348,42.2,2.070e-53,174.0
m0042,m0349,43.1,4.430e-59,189.0
m0042,m0351,38.4,1.030e-60,189.0
m0042,m0354,41.3,3.480e-61,190.0
m0042,m0356,39.1,1.050e-55,176.0
m0042,m0363,42.1,8.440e-53,172.0
m0042,m0364,44.9,1.010e-67,206.0
m0042,m0365,40.2,3.360e-57,179.0
m0042,m0368,38.1,9.530e-53,168.0
m0042,m0369,35.2,2.010e-31,114.0
m0042,m0370,41.0,2.300e-59,186.0
m0042,m0371,38.4,5.960e-50,164.0
m0042,m0372,46.9,3.390e-80,238.0
m0042,m0377,49.1,3.760e-76,228.0
m0042,m0378,42.7,9.700e-56,181.0
m0042,m0380,47.4,1.210e-77,232.0
m0042,m0382,52.7,1.120e-91,268.0
m0042,m0383,43.3,2.300e-60,188.0
m0042,m0385,39.2,3.520e-54,172.0
m0042,m0387,66.9,1.680e-139,389.0
m0042,m0388,46.0,2.300e-78,234.0
m0042,m0390,57.2,5.570e-98,284.0
m0042,m0393,41.1,1.700e-54,177.0
m0042,m0394,45.3,8.550e-77,230.0
m0042,m0397,40.1,1.670e-55,180.0
m0042,m0399,42.2,1.440e-52,172.0
m0042,m0401,51.1,3.790e-90,264.0
m0042,m0404,41.5,1.130e-55,177.0
m0042,m0405,39.7,9.950e-56,178.0
m0042,m0407,58.8,1.510e-115,328.0
m0042,m0409,41.7,1.790e-58,184.0
m0042,m0411,51.5,9.890e-85,251.0
m0043,m0066,42.9,4.380e-50,161.0
m0043,m0077,30.1,4.620e-14,64.7
m0043,m0098,32.0,2.390e-06,42.0
m0043,m0103,33.0,4.320e-22,87.8
m0043,m0104,32.3,1.400e-19,80.9
m0043,m0126,30.9,3.140e-14,66.2
m0043,m0134,30.1,5.810e-13,62.0
m0043,m0138,33.7,4.380e-06,41.2
m0043,m0142,30.3,1.110e-11,57.8
m0043,m0185,42.4,1.290e-59,186.0
m0043,m0192,31.3,4.710e-11,56.2
m0043,m0198,31.0,1.080e-13,64.7
m0043,m0204,32.2,4.440e-14,65.5
m0043,m0277,45.4,3.630e-73,221.0
m0043,m0287,31.3,1.110e-11,58.2
m0043,m0309,31.0,1.370e-17,75.5
m0043,m0318,30.0,7.760e-15,68.2
m0043,m0333,30.3,3.690e-13,63.2
m0043,m0347,30.3,2.140e-12,60.8
m0043,m0396,46.8,2.810e-78,233.0
m0044,m0076,44.9,1.310e-113,333.0
m0044,m0091,63.7,1.580e-182,507.0
m0044,m0128,53.3,1.520e-154,437.0
m0044,m0157,53.1,1.040e-151,430.0
m0044,m0234,43.2,1.550e-110,325.0
m0044,m0302,51.9,1.680e-148,421.0
m0044,m0373,64.5,9.470e-199,549.0
m0045,m0047,56.8,1.200e-103,298.0
m0045,m0049,47.5,2.150e-71,222.0
m0045,m0050,48.0,3.820e-80,239.0
m0045,m0052,47.9,3.020e-70,219.0
m0045,m0053,50.7,2.040e-85,252.0
m0045,m0056,51.4,1.290e-93,273.0
m0045,m0064,57.5,7.090e-95,277.0
m0045,m0065,85.0,3.650e-185,505.0
m0045,m0067,45.1,6.820e-75,226.0
m0045,m0068,44.6,2.670e-64,198.0
m0045,m0069,45.1,3.390e-64,202.0
m0045,m0070,46.1,7.240e-75,226.0
m0045,m0071,48.7,8.790e-80,238.0
m0045,m0072,47.6,1.470e-78,234.0
m0045,m0074,46.6,2.460e-77,233.0
m0045,m0075,47.2,2.330e-79,237.0
m0045,m0077,48.6,5.430e-66,202.0
m0045,m0078,46.1,1.460e-69,211.0
m0045,m0080,46.2,3.440e-78,234.0
m0045,m0084,46.4,6.030e-81,241.0
m0045,m0086,51.3,2.770e-84,249.0
m0045,m0088,46.1,5.420e-70,213.0
m0045,m0090,50.6,2.930e-86,255.0
m0045,m0093,47.5,4.830e-71,221.0
m0045,m0094,46.6,4.600e-66,207.0
m0045,m0095,45.2,3.640e-79,237.0
m0045,m0096,48.6,4.270e-71,221.0
m0045,m0097,49.5,5.070e-84,249.0
m0045,m0098,45.4,5.180e-78,234.0
m0045,m0101,48.0,5.230e-84,249.0
m0045,m0102,47.3,1.890e-76,229.0
m0045,m0103,43.0,1.050e-67,207.0
m0045,m0104,54.5,4.920e-101,292.0
m0045,m0105,52.7,2.080e-85,251.0
m0045,m0110,52.3,1.510e-90,266.0
m0045,m0112,48.2,3.940e-71,221.0
m0045,m0114,49.1,1.030e-66,209.0
m0045,m0119,48.9,1.480e-79,238.0
m0045,m0121,54.9,3.700e-96,280.0
m0045,m0124,58.9,5.860e-101,291.0
m0045,m0125,50.9,3.090e-91,267.0
m0045,m0126,47.4,1.090e-68,213.0
m0045,m0129,42.7,1.520e-69,211.0
m0045,m0131,47.3,1.500e-67,210.0
m0045,m0132,55.3,6.230e-99,286.0
m0045,m0134,46.5,5.720e-72,219.0
m0045,m0135,56.3,1.640e-103,299.0
m0045,m0138,31.0,5.560e-33,117.0
m0045,m0139,46.1,3.380e-68,213.0
m0045,m0142,55.1,1.130e-94,275.0
m0045,m0145,48.7,1.300e-83,252.0
m0045,m0150,51.4,1.720e-93,273.0
m0045,m0155,46.5,3.110e-66,208.0
m0045,m0156,49.4,3.700e-84,249.0
m0045,m0158,47.5,1.140e-70,220.0
m0045,m0159,48.1,4.220e-68,213.0
m0045,m0160,41.4,4.630e-57,180.0
m0045,m0161,32.3,1.080e-37,129.0
m0045,m0162,46.8,7.200e-68,213.0
m0045,m0163,49.5,2.400e-83,247.0
m0045,m0164,46.2,5.020e-69,215.0
m0045,m0166,43.6,6.910e-60,188.0
m0045,m0167,48.9,3.490e-88,259.0
m0045,m0168,45.3,2.200e-79,237.0
m0045,m0169,58.0,4.170e-100,290.0
m0045,m0170,46.4,1.070e-69,216.0
m0045,m0171,53.2,5.030e-84,249.0
m0045,m0173,45.7,8.700e-68,211.0
m0045,m0174,43.5,1.270e-63,201.0
m0045,m0175,47.5,2.710e-69,216.0
m0045,m0176,46.4,3.200e-81,242.0
m0045,m0177,45.9,1.030e-79,238.0
m0045,m0179,47.6,7.920e-67,208.0
m0045,m0182,47.0,3.250e-71,221.0
m0045,m0183,50.0,1.280e-69,216.0
m0045,m0184,46.9,3.410e-81,242.0
m0045,m0187,61.6,3.450e-107,306.0
m0045,m0188,48.6,1.160e-69,217.0
m0045,m0191,45.9,4.580e-74,223.0
m0045,m0192,46.4,8.580e-79,236.0
m0045,m0193,54.5,2.690e-100,291.0
m0045,m0194,44.4,4.160e-74,224.0
m0045,m0197,49.6,2.260e-79,238.0
m0045,m0198,45.5,3.200e-67,210.0
m0045,m0204,41.3,4.910e-58,184.0
m0045,m0205,47.9,6.170e-73,226.0
m0045,m0209,45.3,1.070e-71,217.0
m0045,m0212,48.0,1.340e-70,216.0
m0045,m0213,48.9,1.400e-73,226.0
m0045,m0214,47.9,4.950e-71,221.0
m0045,m0215,48.8,3.320e-69,215.0
m0045,m0225,48.6,3.890e-71,220.0
m0045,m0226,48.2,2.540e-73,226.0
m0045,m0228,60.1,4.610e-102,293.0
m0045,m0229,55.3,7.290e-106,305.0
m0045,m0230,46.8,3.600e-83,247.0
m0045,m0231,54.6,1.000e-101,295.0
m0045,m0232,54.1,6.710e-99,287.0
m0045,m0233,60.1,3.010e-106,305.0
m0045,m0235,45.2,8.960e-65,201.0
m0045,m0236,49.4,3.530e-72,223.0
m0045,m0241,56.2,3.430e-107,308.0
m0045,m0242,40.4,3.540e-60,188.0
m0045,m0243,44.8,2.390e-63,200.0
m0045,m0244,48.4,2.740e-80,239.0
m0045,m0246,54.4,1.770e-104,301.0
m0045,m0247,46.3,3.890e-67,209.0
m0045,m0248,49.8,1.820e-79,238.0
m0045,m0251,48.2,3.340e-86,254.0
m0045,m0253,47.5,4.380e-71,221.0
m0045,m0258,49.2,1.590e-69,216.0
m0045,m0261,54.6,2.960e-99,288.0
m0045,m0263,49.6,4.110e-81,242.0
m0045,m0266,46.2,1.250e-71,217.0
m0045,m0267,47.5,2.140e-71,215.0
m0045,m0271,54.5,5.730e-105,303.0
m0045,m0272,49.3,4.540e-80,239.0
m0045,m0273,40.2,1.270e-50,165.0
m0045,m0276,47.8,4.340e-69,216.0
m0045,m0278,48.2,8.420e-65,204.0
m0045,m0280,47.2,9.140e-71,218.0
m0045,m0281,46.7,8.930e-68,211.0
m0045,m0282,41.6,5.490e-53,167.0
m0045,m0284,43.7,1.130e-71,217.0
m0045,m0287,31.7,9.840e-40,135.0
m0045,m0290,49.1,7.230e-82,244.0
m0045,m0292,46.4,2.600e-80,239.0
m0045,m0293,46.5,9.690e-70,217.0
m0045,m0294,46.9,1.770e-69,212.0
m0045,m0295,46.2,2.490e-68,212.0
m0045,m0297,56.7,6.240e-105,302.0
m0045,m0303,46.9,1.470e-82,245.0
m0045,m0304,53.8,7.330e-103,297.0
m0045,m0309,55.7,1.130e-101,295.0
m0045,m0311,46.6,5.470e-81,241.0
m0045,m0312,45.6,1.730e-77,231.0
m0045,m0314,49.3,4.180e-72,224.0
m0045,m0315,58.0,4.220e-108,310.0
m0045,m0317,54.5,2.190e-97,283.0
m0045,m0318,45.9,1.350e-66,209.0
m0045,m0320,49.3,8.850e-66,206.0
m0045,m0322,49.6,6.930e-73,225.0
m0045,m0324,44.6,3.290e-71,216.0
m0045,m0328,46.5,1.420e-68,211.0
m0045,m0329,59.9,5.430e-106,303.0
m0045,m0331,44.9,5.110e-71,219.0
m0045,m0332,58.1,1.120e-105,304.0
m0045,m0333,49.1,1.820e-71,222.0
m0045,m0335,45.5,8.580e-65,199.0
m0045,m0336,47.2,3.560e-68,209.0
m0045,m0337,58.9,7.540e-103,296.0
m0045,m0339,46.4,3.380e-68,213.0
m0045,m0340,47.6,6.200e-71,216.0
m0045,m0343,54.0,3.760e-91,266.0
m0045,m0344,49.3,5.560e-70,218.0
m0045,m0345,48.8,2.200e-79,237.0
m0045,m0347,48.2,8.300e-72,223.0
m0045,m0348,48.0,6.770e-70,218.0
m0045,m0349,47.9,3.300e-68,213.0
m0045,m0351,46.5,1.650e-80,240.0
m0045,m0354,47.3,7.460e-81,241.0
m0045,m0356,42.7,1.520e-71,218.0
m0045,m0363,46.5,3.410e-70,218.0
m0045,m0364,48.7,8.160e-84,248.0
m0045,m0365,46.5,9.600e-75,225.0
m0045,m0368,45.5,1.100e-70,215.0
m0045,m0369,36.2,4.870e-46,153.0
m0045,m0370,49.1,1.590e-72,220.0
m0045,m0371,35.3,4.560e-43,147.0
m0045,m0372,50.4,1.070e-87,258.0
m0045,m0377,55.8,3.710e-98,285.0
m0045,m0378,48.2,3.580e-70,219.0
m0045,m0380,55.9,8.540e-97,281.0
m0045,m0382,59.9,2.250e-107,308.0
m0045,m0383,46.0,2.540e-72,219.0
m0045,m0385,44.4,1.850e-73,223.0
m0045,m0387,42.8,7.740e-72,218.0
m0045,m0388,54.9,5.280e-99,288.0
m0045,m0390,59.3,5.660e-104,300.0
m0045,m0393,47.9,1.710e-69,217.0
m0045,m0394,54.1,2.930e-99,288.0
m0045,m0397,49.5,7.020e-69,216.0
m0045,m0399,49.6,8.380e-73,225.0
m0045,m0401,55.8,7.680e-106,304.0
m0045,m0404,45.7,5.010e-68,209.0
m0045,m0405,45.5,1.210e-68,212.0
m0045,m0407,48.0,5.290e-82,244.0
m0045,m0409,48.5,2.530e-74,225.0
m0045,m0411,56.4,2.830e-108,311.0
m0047,m0049,46.1,1.590e-71,222.0
m0047,m0050,47.7,7.710e-83,245.0
m0047,m0052,47.1,5.150e-72,223.0
m0047,m0053,46.0,4.950e-76,228.0
m0047,m0056,58.1,3.500e-111,317.0
m0047,m0064,57.0,1.470e-109,314.0
m0047,m0065,58.2,3.910e-107,307.0
m0047,m0067,47.5,1.380e-85,253.0
m0047,m0068,46.6,2.360e-82,244.0
m0047,m0069,43.2,4.070e-73,225.0
m0047,m0070,49.7,2.850e-93,273.0
m0047,m0071,49.8,2.440e-90,264.0
m0047,m0072,50.0,1.000e-84,250.0
m0047,m0074,46.1,2.370e-83,248.0
m0047,m0075,47.6,1.260e-84,250.0
m0047,m0077,50.6,1.880e-75,226.0
m0047,m0078,48.2,3.820e-81,241.0
m0047,m0080,44.4,1.500e-82,245.0
m0047,m0084,48.8,8.140e-92,268.0
m0047,m0086,55.1,6.980e-103,296.0
m0047,m0088,48.6,5.890e-78,233.0
m0047,m0090,54.4,3.140e-101,293.0
m0047,m0093,47.2,8.200e-73,225.0
m0047,m0094,46.6,8.240e-71,219.0
m0047,m0095,48.0,6.050e-86,254.0
m0047,m0096,44.7,1.360e-69,217.0
m0047,m0097,49.8,6.280e-93,271.0
m0047,m0098,52.7,6.250e-90,264.0
m0047,m0101,50.2,6.480e-93,271.0
m0047,m0102,51.7,1.080e-91,268.0
m0047,m0103,43.1,9.790e-69,209.0
m0047,m0104,63.5,2.190e-119,338.0
m0047,m0105,48.0,6.460e-77,229.0
m0047,m0110,56.4,1.360e-106,306.0
m0047,m0112,47.0,6.650e-73,225.0
m0047,m0114,48.6,9.650e-78,237.0
m0047,m0119,51.6,6.010e-95,277.0
m0047,m0121,54.6,3.850e-101,292.0
m0047,m0124,61.7,1.270e-112,320.0
m0047,m0125,57.6,1.030e-109,314.0
m0047,m0126,45.3,5.390e-76,232.0
m0047,m0129,44.7,7.460e-68,206.0
m0047,m0131,46.6,7.420e-75,229.0
m0047,m0132,61.1,1.740e-118,336.0
m0047,m0134,47.3,3.990e-78,234.0
m0047,m0135,57.4,8.650e-116,330.0
m0047,m0138,32.8,1.240e-31,114.0
m0047,m0139,45.5,6.080e-73,225.0
m0047,m0142,60.8,1.050e-112,320.0
m0047,m0145,52.0,2.320e-90,269.0
m0047,m0150,53.1,6.180e-104,299.0
m0047,m0155,48.8,4.270e-77,236.0
m0047,m0156,54.5,3.750e-102,295.0
m0047,m0158,44.7,1.180e-70,219.0
m0047,m0159,44.8,1.500e-72,224.0
m0047,m0160,45.4,6.550e-75,225.0
m0047,m0161,33.9,2.060e-34,120.0
m0047,m0162,46.3,4.470e-70,219.0
m0047,m0163,47.2,8.660e-79,235.0
m0047,m0164,47.7,1.300e-76,234.0
m0047,m0166,42.1,1.320e-63,197.0
m0047,m0167,53.1,9.060e-104,299.0
m0047,m0168,44.4,7.700e-83,246.0
m0047,m0169,63.8,6.860e-126,355.0
m0047,m0170,47.6,4.670e-78,237.0
m0047,m0171,48.3,4.060e-78,233.0
m0047,m0173,42.8,1.160e-68,213.0
m0047,m0174,45.3,2.740e-73,225.0
m0047,m0175,48.1,9.700e-77,234.0
m0047,m0176,45.1,8.970e-84,248.0
m0047,m0177,47.3,1.850e-88,260.0
m0047,m0179,48.2,6.280e-76,231.0
m0047,m0182,45.3,2.250e-75,231.0
m0047,m0183,47.1,1.750e-73,226.0
m0047,m0184,44.1,8.360e-85,251.0
m0047,m0187,74.7,1.580e-148,411.0
m0047,m0188,47.8,1.330e-78,239.0
m0047,m0191,50.9,2.870e-86,254.0
m0047,m0192,47.6,2.180e-87,257.0
m0047,m0193,62.5,2.230e-126,357.0
m0047,m0194,43.4,1.540e-82,245.0
m0047,m0197,49.3,1.360e-91,268.0
m0047,m0198,44.9,3.180e-71,220.0
m0047,m0204,42.8,2.360e-59,187.0
m0047,m0205,48.3,1.460e-74,229.0
m0047,m0209,44.2,6.680e-68,207.0
m0047,m0212,48.2,6.700e-77,231.0
m0047,m0213,47.6,7.280e-74,227.0
m0047,m0214,46.1,6.570e-72,223.0
m0047,m0215,50.8,5.590e-71,219.0
m0047,m0225,47.8,1.300e-72,224.0
m0047,m0226,47.7,4.260e-75,231.0
m0047,m0228,65.6,7.540e-123,346.0
m0047,m0229,61.9,1.340e-118,337.0
m0047,m0230,51.9,3.650e-101,292.0
m0047,m0231,59.9,3.740e-119,339.0
m0047,m0232,55.4,1.360e-108,311.0
m0047,m0233,58.6,4.200e-116,330.0
m0047,m0235,47.3,6.720e-74,224.0
m0047,m0236,50.7,1.510e-77,236.0
m0047,m0241,83.4,1.760e-173,476.0
m0047,m0242,45.6,1.120e-73,222.0
m0047,m0243,44.9,1.790e-70,218.0
m0047,m0244,54.4,1.750e-99,288.0
m0047,m0246,62.0,1.110e-122,347.0
m0047,m0247,46.0,7.710e-77,234.0
m0047,m0248,50.7,1.150e-88,261.0
m0047,m0251,52.8,2.550e-96,280.0
m0047,m0253,45.8,4.540e-71,221.0
m0047,m0258,48.9,1.100e-76,234.0
m0047,m0261,59.4,9.820e-125,352.0
m0047,m0263,51.3,3.860e-87,257.0
m0047,m0266,48.4,3.480e-77,231.0
m0047,m0267,56.3,3.520e-101,291.0
m0047,m0271,58.9,6.980e-116,330.0
m0047,m0272,46.6,1.120e-83,248.0
m0047,m0273,38.5,3.860e-38,132.0
m0047,m0276,48.0,7.000e-75,230.0
m0047,m0278,47.9,7.890e-73,224.0
m0047,m0280,46.8,1.540e-75,230.0
m0047,m0281,46.8,5.720e-76,232.0
m0047,m0282,48.1,3.520e-69,209.0
m0047,m0284,43.8,9.600e-71,214.0
m0047,m0287,36.8,1.610e-38,132.0
m0047,m0290,48.3,3.650e-90,265.0
m0047,m0292,52.0,1.260e-96,280.0
m0047,m0293,46.3,4.370e-78,238.0
m0047,m0294,46.7,1.370e-77,233.0
m0047,m0295,47.7,9.650e-75,228.0
m0047,m0297,58.4,5.380e-116,330.0
m0047,m0303,49.5,4.290e-95,276.0
m0047,m0304,62.0,1.830e-125,354.0
m0047,m0309,57.2,7.050e-108,310.0
m0047,m0311,49.1,5.560e-89,261.0
m0047,m0312,46.2,1.810e-85,251.0
m0047,m0314,46.5,1.550e-72,224.0
m0047,m0315,76.8,1.620e-162,448.0
m0047,m0317,59.6,5.020e-116,330.0
m0047,m0318,42.4,2.460e-71,221.0
m0047,m0320,46.1,8.100e-74,226.0
m0047,m0322,46.1,1.430e-72,224.0
m0047,m0324,45.6,1.010e-78,235.0
m0047,m0328,47.2,2.000e-77,233.0
m0047,m0329,78.9,8.710e-155,427.0
m0047,m0331,47.0,2.770e-77,235.0
m0047,m0332,61.3,2.520e-119,338.0
m0047,m0333,46.1,9.490e-72,223.0
m0047,m0335,53.1,1.580e-79,236.0
m0047,m0336,46.9,1.240e-77,233.0
m0047,m0337,65.7,1.140e-126,356.0
m0047,m0339,45.9,4.760e-72,223.0
m0047,m0340,48.8,1.120e-82,245.0
m0047,m0343,55.2,5.930e-108,309.0
m0047,m0344,46.5,8.620e-73,225.0
m0047,m0345,49.7,1.060e-90,266.0
m0047,m0347,45.1,1.880e-70,219.0
m0047,m0348,45.4,9.010e-71,220.0
m0047,m0349,48.1,1.130e-79,243.0
m0047,m0351,47.6,9.590e-88,258.0
m0047,m0354,52.4,4.960e-87,256.0
m0047,m0356,49.1,1.390e-83,248.0
m0047,m0363,47.9,1.320e-73,227.0
m0047,m0364,51.8,6.770e-101,291.0
m0047,m0365,48.9,1.730e-91,267.0
m0047,m0368,44.9,3.060e-84,249.0
m0047,m0369,34.4,1.620e-34,122.0
m0047,m0370,45.2,1.250e-77,233.0
m0047,m0371,35.9,1.090e-47,159.0
m0047,m0372,56.2,6.430e-107,306.0
m0047,m0377,60.8,1.340e-120,342.0
m0047,m0378,45.1,1.460e-69,217.0
m0047,m0380,64.1,4.450e-119,337.0
m0047,m0382,61.3,2.370e-119,338.0
m0047,m0383,47.2,4.750e-89,262.0
m0047,m0385,47.2,5.130e-79,236.0
m0047,m0387,45.1,3.290e-71,216.0
m0047,m0388,61.5,1.080e-125,355.0
m0047,m0390,57.1,1.500e-111,318.0
m0047,m0393,46.7,1.150e-70,220.0
m0047,m0394,59.1,1.910e-112,321.0
m0047,m0397,45.5,2.790e-72,224.0
m0047,m0399,46.0,1.220e-72,224.0
m0047,m0401,62.4,6.790e-124,350.0
m0047,m0404,43.5,9.290e-72,219.0
m0047,m0405,46.1,6.410e-78,236.0
m0047,m0407,46.6,1.690e-83,247.0
m0047,m0409,48.7,2.700e-82,245.0
m0047,m0411,61.8,1.040e-120,342.0
m0048,m0051,39.7,1.440e-54,174.0
m0048,m0060,38.9,1.470e-67,209.0
m0048,m0083,42.6,6.540e-65,204.0
m0048,m0085,36.2,2.930e-62,195.0
m0048,m0087,43.9,2.040e-80,242.0
m0048,m0106,33.6,4.860e-45,151.0
m0048,m0107,42.7,2.240e-68,211.0
m0048,m0111,38.6,7.130e-60,189.0
m0048,m0113,40.1,1.000e-63,199.0
m0048,m0136,32.1,6.720e-30,111.0
m0048,m0152,42.0,5.670e-67,207.0
m0048,m0165,38.4,3.030e-60,191.0
m0048,m0172,32.8,6.310e-38,133.0
m0048,m0180,39.5,5.360e-64,200.0
m0048,m0186,35.2,1.060e-54,177.0
m0048,m0190,45.3,2.810e-80,243.0
m0048,m0208,40.8,3.350e-64,201.0
m0048,m0218,34.4,2.350e-28,107.0
m0048,m0219,34.1,3.840e-29,108.0
m0048,m0220,41.8,4.400e-65,203.0
m0048,m0224,38.2,5.400e-60,191.0
m0048,m0240,33.1,4.930e-36,127.0
m0048,m0245,40.0,2.010e-78,237.0
m0048,m0250,44.9,4.630e-79,238.0
m0048,m0255,40.9,5.860e-54,173.0
m0048,m0268,34.1,6.280e-38,132.0
m0048,m0275,45.6,6.020e-89,264.0
m0048,m0283,31.3,1.300e-38,135.0
m0048,m0286,42.1,1.590e-69,216.0
m0048,m0316,38.4,6.760e-69,213.0
m0048,m0321,45.9,3.750e-87,259.0
m0048,m0353,40.3,5.090e-58,183.0
m0048,m0357,34.9,2.020e-48,159.0
m0048,m0361,36.3,1.920e-44,149.0
m0048,m0379,33.9,4.360e-38,133.0
m0048,m0384,33.8,5.450e-46,153.0
m0048,m0386,41.0,2.650e-73,224.0
m0048,m0389,40.6,5.120e-73,223.0
m0048,m0403,38.0,4.140e-58,185.0
m0048,m0412,39.8,1.730e-67,209.0
m0049,m0050,45.7,2.120e-76,234.0
m0049,m0052,85.1,7.880e-302,815.0
m0049,m0053,37.4,2.540e-47,159.0
m0049,m0056,45.4,1.970e-73,227.0
m0049,m0064,44.4,6.140e-78,239.0
m0049,m0065,45.7,8.660e-67,210.0
m0049,m0066,33.9,1.530e-10,55.1
m0049,m0067,40.9,2.840e-50,167.0
m0049,m0068,39.9,1.070e-62,199.0
m0049,m0069,58.5,1.300e-124,363.0
m0049,m0070,46.3,4.500e-76,234.0
m0049,m0071,45.4,2.110e-74,229.0
m0049,m0072,38.1,7.480e-49,162.0
m0049,m0074,44.6,3.000e-72,225.0
m0049,m0075,44.1,3.030e-57,185.0
m0049,m0077,66.9,1.020e-121,350.0
m0049,m0078,38.8,6.520e-50,165.0
m0049,m0080,39.1,5.500e-51,169.0
m0049,m0084,44.4,2.020e-72,224.0
m0049,m0086,50.3,1.730e-83,253.0
m0049,m0088,62.5,1.020e-126,364.0
m0049,m0090,43.2,1.190e-62,199.0
m0049,m0093,86.7,1.510e-307,829.0
m0049,m0094,54.0,4.180e-161,457.0
m0049,m0095,36.8,5.130e-49,164.0
m0049,m0096,87.9,2.520e-307,828.0
m0049,m0097,48.8,2.880e-81,248.0
m0049,m0098,44.1,7.360e-71,221.0
m0049,m0101,37.5,1.670e-51,170.0
m0049,m0102,40.3,3.340e-57,185.0
m0049,m0103,38.1,1.690e-52,172.0
m0049,m0104,50.2,6.220e-91,272.0
m0049,m0105,42.2,7.970e-53,172.0
m0049,m0110,42.9,1.620e-65,207.0
m0049,m0112,74.2,1.410e-182,512.0
m0049,m0114,58.5,9.840e-171,481.0
m0049,m0119,44.1,9.290e-64,203.0
m0049,m0121,40.4,9.220e-60,191.0
m0049,m0124,56.5,4.110e-93,277.0
m0049,m0125,43.8,1.310e-69,217.0
m0049,m0126,60.6,5.730e-127,369.0
m0049,m0129,38.3,1.100e-46,156.0
m0049,m0131,61.3,1.240e-132,383.0
m0049,m0132,50.0,7.470e-86,259.0
m0049,m0134,60.6,2.150e-118,343.0
m0049,m0135,47.1,7.780e-82,249.0
m0049,m0139,57.0,2.750e-175,494.0
m0049,m0142,49.6,3.890e-83,251.0
m0049,m0145,43.5,1.880e-64,208.0
m0049,m0150,42.1,2.680e-69,216.0
m0049,m0155,52.0,1.290e-155,443.0
m0049,m0156,49.1,1.920e-85,258.0
m0049,m0158,89.0,8.870e-312,840.0
m0049,m0159,51.9,6.080e-158,449.0
m0049,m0160,37.0,2.840e-48,161.0
m0049,m0162,80.4,3.830e-292,791.0
m0049,m0163,38.9,1.530e-49,164.0
m0049,m0164,59.5,2.710e-140,404.0
m0049,m0166,39.5,1.290e-40,142.0
m0049,m0167,47.1,1.450e-79,243.0
m0049,m0168,38.3,3.170e-49,164.0
m0049,m0169,44.3,1.790e-71,223.0
m0049,m0170,59.9,4.910e-129,374.0
m0049,m0171,36.8,1.020e-46,157.0
m0049,m0173,53.4,1.780e-160,455.0
m0049,m0174,60.4,4.890e-132,382.0
m0049,m0175,60.1,1.100e-128,374.0
m0049,m0176,38.6,7.470e-51,168.0
m0049,m0177,37.0,4.130e-49,164.0
m0049,m0179,55.6,3.080e-163,461.0
m0049,m0182,55.5,1.650e-115,341.0
m0049,m0183,55.8,6.050e-145,415.0
m0049,m0184,40.9,6.790e-54,176.0
m0049,m0185,30.0,9.810e-19,80.1
m0049,m0187,46.8,4.110e-71,220.0
m0049,m0188,56.4,8.360e-133,385.0
m0049,m0191,39.6,2.220e-52,172.0
m0049,m0192,47.4,1.180e-75,233.0
m0049,m0193,46.0,8.620e-82,249.0
m0049,m0194,40.8,7.560e-52,171.0
m0049,m0197,45.8,2.350e-76,235.0
m0049,m0198,54.1,3.520e-158,449.0
m0049,m0204,52.8,2.490e-105,311.0
m0049,m0205,85.4,4.720e-297,802.0
m0049,m0209,37.4,7.340e-53,173.0
m0049,m0212,58.3,2.110e-127,367.0
m0049,m0213,85.5,4.780e-275,745.0
m0049,m0214,87.0,5.820e-303,818.0
m0049,m0215,63.9,1.160e-193,539.0
m0049,m0225,61.5,1.160e-187,524.0
m0049,m0226,87.1,6.030e-291,786.0
m0049,m0227,32.9,5.740e-13,62.8
m0049,m0228,50.6,6.730e-82,248.0
m0049,m0229,46.3,5.170e-81,247.0
m0049,m0230,46.1,2.440e-78,240.0
m0049,m0231,46.5,2.160e-84,256.0
m0049,m0232,50.5,8.090e-86,259.0
m0049,m0233,50.2,3.400e-86,260.0
m0049,m0235,56.9,5.460e-121,351.0
m0049,m0236,57.4,4.030e-170,479.0
m0049,m0241,44.3,2.330e-69,217.0
m0049,m0242,35.5,1.150e-47,160.0
m0049,m0243,54.0,1.440e-161,457.0
m0049,m0244,44.3,1.850e-67,212.0
m0049,m0246,48.8,2.440e-85,258.0
m0049,m0247,67.3,3.610e-144,412.0
m0049,m0248,40.1,7.440e-48,160.0
m0049,m0251,43.3,1.910e-66,209.0
m0049,m0253,86.3,1.380e-302,816.0
m0049,m0258,67.1,2.520e-145,416.0
m0049,m0261,44.1,5.560e-79,242.0
m0049,m0263,40.5,7.710e-55,179.0
m0049,m0266,59.1,1.070e-115,335.0
m0049,m0267,46.3,1.010e-73,226.0
m0049,m0271,48.4,2.850e-83,253.0
m0049,m0272,44.1,1.620e-70,219.0
m0049,m0273,37.2,1.290e-36,132.0
m0049,m0276,54.8,1.690e-171,484.0
m0049,m0277,31.2,1.020e-15,70.9
m0049,m0278,61.4,1.440e-131,381.0
m0049,m0280,53.9,1.100e-131,380.0
m0049,m0281,55.6,1.310e-160,455.0
m0049,m0282,40.9,1.890e-51,168.0
m0049,m0284,37.8,4.920e-48,160.0
m0049,m0287,31.1,4.630e-31,115.0
m0049,m0290,38.2,1.270e-51,171.0
m0049,m0292,46.6,1.760e-67,211.0
m0049,m0293,52.2,2.250e-159,452.0
m0049,m0294,65.0,4.730e-134,383.0
m0049,m0295,53.1,9.470e-104,309.0
m0049,m0297,54.0,8.590e-92,274.0
m0049,m0303,44.6,5.700e-73,226.0
m0049,m0304,48.4,3.070e-82,250.0
m0049,m0309,45.3,8.570e-75,231.0
m0049,m0311,38.2,5.790e-53,174.0
m0049,m0312,37.8,5.670e-49,162.0
m0049,m0314,88.4,9.840e-308,830.0
m0049,m0315,44.2,3.280e-69,216.0
m0049,m0317,49.1,1.800e-87,263.0
m0049,m0318,52.6,3.110e-107,320.0
m0049,m0320,59.1,3.400e-166,469.0
m0049,m0322,85.6,1.850e-287,778.0
m0049,m0324,58.1,3.730e-116,337.0
m0049,m0328,62.5,8.580e-126,363.0
m0049,m0329,44.5,1.260e-65,206.0
m0049,m0331,61.5,3.560e-132,382.0
m0049,m0332,51.5,5.710e-90,270.0
m0049,m0333,84.9,3.490e-302,816.0
m0049,m0335,42.9,8.280e-56,181.0
m0049,m0336,60.7,4.720e-126,363.0
m0049,m0337,47.5,8.350e-76,233.0
m0049,m0339,56.3,1.370e-175,494.0
m0049,m0340,58.2,4.500e-114,332.0
m0049,m0343,41.3,1.030e-53,175.0
m0049,m0344,86.8,1.090e-305,825.0
m0049,m0345,47.8,1.110e-76,236.0
m0049,m0347,89.2,1.670e-315,849.0
m0049,m0348,86.4,3.550e-305,823.0
m0049,m0349,58.4,2.550e-129,377.0
m0049,m0351,37.7,2.360e-52,172.0
m0049,m0354,40.5,5.760e-58,187.0
m0049,m0356,42.2,2.120e-51,170.0
m0049,m0363,84.9,1.580e-286,775.0
m0049,m0364,40.9,4.420e-59,189.0
m0049,m0365,44.9,1.000e-69,217.0
m0049,m0368,44.9,9.570e-74,228.0
m0049,m0369,37.0,6.740e-36,130.0
m0049,m0370,61.2,5.900e-116,337.0
m0049,m0371,35.1,1.310e-38,139.0
m0049,m0372,45.4,4.460e-72,223.0
m0049,m0377,45.0,1.860e-70,219.0
m0049,m0378,87.7,1.250e-310,837.0
m0049,m0380,47.8,5.180e-77,236.0
m0049,m0382,46.5,2.560e-71,221.0
m0049,m0383,38.9,7.640e-51,169.0
m0049,m0385,39.1,4.110e-53,175.0
m0049,m0387,35.5,3.550e-47,158.0
m0049,m0388,45.5,1.560e-77,238.0
m0049,m0390,54.3,6.800e-89,267.0
m0049,m0393,83.5,2.730e-300,811.0
m0049,m0394,48.8,4.820e-80,244.0
m0049,m0397,50.5,8.270e-157,447.0
m0049,m0399,75.1,1.160e-185,520.0
m0049,m0401,53.6,3.850e-90,270.0
m0049,m0404,50.4,4.870e-114,333.0
m0049,m0405,57.8,4.880e-124,360.0
m0049,m0407,41.7,8.900e-63,199.0
m0049,m0409,39.6,2.530e-51,170.0
m0049,m0411,48.5,4.940e-88,265.0
m0050,m0052,47.3,1.810e-80,245.0
m0050,m0053,40.5,3.340e-57,180.0
m0050,m0056,47.2,5.230e-89,261.0
m0050,m0064,50.7,4.350e-97,283.0
m0050,m0065,46.6,4.520e-76,228.0
m0050,m0067,42.6,1.010e-72,220.0
m0050,m0068,46.0,1.550e-78,234.0
m0050,m0069,44.7,8.070e-74,227.0
m0050,m0070,54.4,2.420e-110,316.0
m0050,m0071,49.1,2.640e-85,251.0
m0050,m0072,42.6,6.910e-67,204.0
m0050,m0074,51.5,1.750e-99,289.0
m0050,m0075,42.1,3.460e-66,203.0
m0050,m0077,45.0,1.110e-69,211.0
m0050,m0078,44.9,6.500e-75,225.0
m0050,m0080,42.8,5.480e-67,205.0
m0050,m0084,42.7,1.970e-80,239.0
m0050,m0086,49.5,2.210e-97,282.0
m0050,m0088,43.3,2.450e-72,219.0
m0050,m0090,44.5,1.190e-78,235.0
m0050,m0093,46.3,1.090e-77,238.0
m0050,m0094,44.7,1.480e-72,224.0
m0050,m0095,43.6,2.330e-64,199.0
m0050,m0096,47.9,4.350e-79,241.0
m0050,m0097,48.8,8.010e-92,269.0
m0050,m0098,48.4,1.510e-91,268.0
m0050,m0101,45.0,2.170e-73,222.0
m0050,m0102,47.3,1.930e-77,232.0
m0050,m0103,42.8,2.770e-63,196.0
m0050,m0104,51.6,7.400e-99,286.0
m0050,m0105,41.0,4.060e-56,176.0
m0050,m0110,45.7,6.340e-72,218.0
m0050,m0112,46.0,1.370e-76,234.0
m0050,m0114,46.7,9.810e-69,214.0
m0050,m0119,47.4,9.320e-82,244.0
m0050,m0121,45.4,7.080e-74,223.0
m0050,m0124,50.7,2.400e-91,266.0
m0050,m0125,52.1,4.710e-94,274.0
m0050,m0126,46.1,3.380e-78,238.0
m0050,m0129,40.8,2.380e-58,182.0
m0050,m0131,44.1,3.950e-69,214.0
m0050,m0132,47.5,1.350e-91,268.0
m0050,m0134,48.1,2.890e-84,250.0
m0050,m0135,51.1,6.110e-97,282.0
m0050,m0139,43.1,9.910e-69,214.0
m0050,m0142,53.1,1.870e-94,274.0
m0050,m0145,45.6,5.840e-77,235.0
m0050,m0150,42.1,4.660e-76,228.0
m0050,m0155,46.5,1.820e-73,226.0
m0050,m0156,57.7,3.560e-113,323.0
m0050,m0158,46.5,4.590e-78,239.0
m0050,m0159,43.3,9.630e-68,212.0
m0050,m0160,38.4,8.750e-62,192.0
m0050,m0162,46.8,5.090e-77,237.0
m0050,m0163,39.3,3.390e-56,177.0
m0050,m0164,44.7,3.380e-71,221.0
m0050,m0166,37.5,2.780e-57,181.0
m0050,m0167,50.7,5.800e-98,284.0
m0050,m0168,41.4,1.000e-67,207.0
m0050,m0169,48.2,3.010e-88,260.0
m0050,m0170,43.1,7.870e-71,219.0
m0050,m0171,39.8,2.240e-58,183.0
m0050,m0173,39.1,5.750e-63,199.0
m0050,m0174,45.4,2.780e-77,236.0
m0050,m0175,45.6,5.270e-74,228.0
m0050,m0176,43.0,4.240e-66,203.0
m0050,m0177,40.9,5.200e-67,206.0
m0050,m0179,42.3,3.610e-66,206.0
m0050,m0182,45.7,1.040e-80,245.0
m0050,m0183,47.6,1.410e-79,241.0
m0050,m0184,40.6,7.860e-70,213.0
m0050,m0187,51.7,5.060e-88,258.0
m0050,m0188,43.7,1.090e-71,222.0
m0050,m0191,47.3,3.220e-78,233.0
m0050,m0192,46.9,2.350e-82,244.0
m0050,m0193,53.0,1.640e-102,296.0
m0050,m0194,40.4,9.010e-63,194.0
m0050,m0197,59.6,1.740e-115,329.0
m0050,m0198,42.6,3.690e-67,210.0
m0050,m0204,43.0,7.670e-65,201.0
m0050,m0205,47.4,2.430e-80,244.0
m0050,m0209,44.2,1.190e-60,188.0
m0050,m0212,45.3,2.630e-77,233.0
m0050,m0213,48.6,1.870e-81,246.0
m0050,m0214,46.4,1.010e-78,241.0
m0050,m0215,48.7,3.560e-73,225.0
m0050,m0225,47.1,2.090e-75,231.0
m0050,m0226,46.7,1.250e-81,248.0
m0050,m0228,58.4,8.610e-106,303.0
m0050,m0229,50.9,1.920e-99,288.0
m0050,m0230,52.8,9.430e-100,289.0
m0050,m0231,55.1,1.860e-100,291.0
m0050,m0232,50.5,1.160e-95,278.0
m0050,m0233,51.7,1.060e-97,283.0
m0050,m0235,46.7,9.340e-75,227.0
m0050,m0236,43.1,1.450e-72,223.0
m0050,m0241,48.0,4.320e-86,254.0
m0050,m0242,42.2,2.310e-59,186.0
m0050,m0243,40.6,6.770e-68,211.0
m0050,m0244,47.0,1.570e-80,240.0
m0050,m0246,51.6,6.620e-103,297.0
m0050,m0247,44.6,1.910e-75,230.0
m0050,m0248,40.8,6.540e-67,205.0
m0050,m0251,41.3,1.550e-69,211.0
m0050,m0253,46.0,9.870e-78,238.0
m0050,m0258,46.6,3.090e-80,243.0
m0050,m0261,52.3,4.450e-97,282.0
m0050,m0263,45.4,6.680e-81,241.0
m0050,m0266,48.5,8.790e-84,248.0
m0050,m0267,51.9,6.420e-95,275.0
m0050,m0271,51.9,6.990e-102,295.0
m0050,m0272,47.9,4.600e-81,241.0
m0050,m0273,33.9,2.070e-39,135.0
m0050,m0276,47.8,1.390e-75,232.0
m0050,m0278,42.9,1.680e-69,216.0
m0050,m0280,44.8,8.480e-73,223.0
m0050,m0281,49.3,3.610e-78,238.0
m0050,m0282,38.7,8.320e-54,169.0
m0050,m0284,40.9,5.490e-59,184.0
m0050,m0290,42.1,1.060e-68,210.0
m0050,m0292,46.5,1.890e-81,241.0
m0050,m0293,41.6,6.830e-68,212.0
m0050,m0294,48.4,9.940e-84,248.0
m0050,m0295,45.4,3.400e-76,232.0
m0050,m0297,51.1,1.920e-97,283.0
m0050,m0303,50.9,5.490e-94,274.0
m0050,m0304,54.4,7.750e-106,305.0
m0050,m0309,49.6,1.550e-92,271.0
m0050,m0311,44.3,3.920e-71,216.0
m0050,m0312,44.8,1.810e-67,206.0
m0050,m0314,47.1,3.340e-79,242.0
m0050,m0315,50.9,5.070e-90,264.0
m0050,m0317,49.1,1.020e-91,268.0
m0050,m0318,41.2,5.170e-64,202.0
m0050,m0320,45.3,3.830e-69,214.0
m0050,m0322,47.3,5.990e-79,241.0
m0050,m0324,47.1,2.440e-80,239.0
m0050,m0328,47.9,2.450e-79,238.0
m0050,m0329,51.0,1.120e-86,254.0
m0050,m0331,44.1,2.720e-75,230.0
m0050,m0332,52.3,3.400e-98,285.0
m0050,m0333,47.9,8.410e-81,246.0
m0050,m0335,42.4,1.820e-62,193.0
m0050,m0336,46.7,6.050e-79,236.0
m0050,m0337,50.9,1.010e-96,280.0
m0050,m0339,46.8,1.090e-74,230.0
m0050,m0340,47.4,5.720e-81,241.0
m0050,m0343,46.5,7.380e-74,222.0
m0050,m0344,47.4,2.990e-81,247.0
m0050,m0345,50.7,1.580e-93,273.0
m0050,m0347,46.7,6.640e-79,241.0
m0050,m0348,46.8,1.770e-78,240.0
m0050,m0349,46.5,1.500e-74,229.0
m0050,m0351,44.0,1.840e-72,219.0
m0050,m0354,47.7,4.700e-83,246.0
m0050,m0356,45.1,1.260e-68,210.0
m0050,m0363,47.4,2.770e-80,244.0
m0050,m0364,46.2,2.190e-82,244.0
m0050,m0365,54.6,1.160e-107,308.0
m0050,m0368,56.4,6.520e-112,320.0
m0050,m0369,31.0,9.140e-34,120.0
m0050,m0370,45.0,5.210e-72,218.0
m0050,m0371,34.6,4.260e-38,133.0
m0050,m0372,46.2,1.320e-84,250.0
m0050,m0377,45.4,4.350e-85,251.0
m0050,m0378,46.0,7.370e-78,238.0
m0050,m0380,55.5,3.440e-107,307.0
m0050,m0382,48.0,1.100e-83,248.0
m0050,m0383,38.8,3.010e-66,204.0
m0050,m0385,42.0,5.500e-68,208.0
m0050,m0387,42.2,5.340e-65,200.0
m0050,m0388,53.0,5.500e-92,270.0
m0050,m0390,52.0,9.850e-101,291.0
m0050,m0393,46.6,8.160e-79,241.0
m0050,m0394,50.9,5.810e-95,276.0
m0050,m0397,44.6,8.080e-69,215.0
m0050,m0399,47.3,2.560e-79,241.0
m0050,m0401,52.9,1.560e-101,293.0
m0050,m0404,42.7,8.190e-68,209.0
m0050,m0405,42.6,3.940e-68,211.0
m0050,m0407,38.5,6.320e-59,184.0
m0050,m0408,40.0,3.810e-06,41.6
m0050,m0409,42.2,2.390e-64,199.0
m0050,m0411,52.4,1.220e-100,291.0
m0051,m0060,40.2,5.830e-53,170.0
m0051,m0083,40.7,1.820e-51,167.0
m0051,m0085,39.6,2.460e-63,196.0
m0051,m0087,41.3,2.670e-62,194.0
m0051,m0106,31.4,9.480e-31,112.0
m0051,m0107,41.6,5.640e-62,193.0
m0051,m0111,35.3,3.280e-47,154.0
m0051,m0113,38.0,3.060e-55,176.0
m0051,m0136,34.8,3.320e-30,110.0
m0051,m0152,42.3,2.200e-59,186.0
m0051,m0165,40.8,3.450e-50,163.0
m0051,m0180,35.3,1.010e-44,149.0
m0051,m0186,40.5,1.390e-54,175.0
m0051,m0190,41.5,4.940e-61,191.0
m0051,m0208,44.4,1.140e-63,198.0
m0051,m0218,33.2,7.110e-25,96.7
m0051,m0219,33.5,1.410e-30,111.0
m0051,m0220,38.2,5.780e-47,154.0
m0051,m0224,37.5,6.730e-48,158.0
m0051,m0240,31.3,7.320e-28,103.0
m0051,m0245,34.0,4.500e-50,162.0
m0051,m0250,37.5,5.460e-56,177.0
m0051,m0255,39.1,5.850e-48,156.0
m0051,m0268,30.9,5.210e-25,96.7
m0051,m0275,41.9,3.180e-67,207.0
m0051,m0283,32.8,4.360e-31,113.0
m0051,m0286,37.2,4.140e-50,164.0
m0051,m0316,39.7,7.420e-53,170.0
m0051,m0321,40.9,6.140e-64,198.0
m0051,m0353,71.4,7.930e-144,400.0
m0051,m0357,38.9,2.120e-59,186.0
m0051,m0361,34.8,3.900e-41,139.0
m0051,m0379,31.0,5.220e-28,105.0
m0051,m0384,31.8,2.270e-31,113.0
m0051,m0386,37.0,9.400e-57,180.0
m0051,m0389,38.5,1.010e-55,177.0
m0051,m0403,38.1,6.110e-49,160.0
m0051,m0412,39.3,1.020e-58,185.0
m0052,m0053,38.9,5.500e-49,163.0
m0052,m0056,45.9,1.540e-71,222.0
m0052,m0064,44.4,5.100e-79,243.0
m0052,m0065,45.7,2.170e-66,209.0
m0052,m0066,33.3,1.190e-09,52.4
m0052,m0067,38.1,3.280e-51,170.0
m0052,m0068,41.8,1.450e-61,196.0
m0052,m0069,51.7,1.720e-127,371.0
m0052,m0070,45.3,5.260e-77,237.0
m0052,m0071,45.4,4.220e-73,226.0
m0052,m0072,39.1,1.610e-50,167.0
m0052,m0074,45.5,8.100e-75,232.0
m0052,m0075,43.4,1.270e-58,189.0
m0052,m0077,68.1,3.010e-123,354.0
m0052,m0078,39.4,3.830e-51,169.0
m0052,m0080,37.0,3.820e-48,161.0
m0052,m0084,44.4,6.580e-73,226.0
m0052,m0086,50.4,1.020e-84,256.0
m0052,m0088,63.8,1.220e-127,367.0
m0052,m0090,41.3,5.380e-63,201.0
m0052,m0093,82.3,2.790e-294,796.0
m0052,m0094,53.5,4.140e-161,457.0
m0052,m0095,37.4,1.730e-47,160.0
m0052,m0096,84.7,1.020e-297,805.0
m0052,m0097,49.0,1.330e-81,249.0
m0052,m0098,44.4,1.210e-71,223.0
m0052,m0101,38.3,3.780e-52,172.0
m0052,m0102,40.2,3.320e-55,180.0
m0052,m0103,37.7,4.020e-52,172.0
m0052,m0104,49.0,1.300e-92,277.0
m0052,m0105,42.2,2.660e-52,171.0
m0052,m0110,43.3,4.410e-68,214.0
m0052,m0112,73.3,4.010e-182,511.0
m0052,m0114,56.4,6.460e-164,464.0
m0052,m0119,43.4,4.880e-62,199.0
m0052,m0121,39.9,2.260e-59,191.0
m0052,m0124,56.7,2.420e-94,280.0
m0052,m0125,42.0,1.410e-67,212.0
m0052,m0126,52.0,1.510e-129,376.0
m0052,m0129,39.3,4.780e-47,157.0
m0052,m0131,62.3,2.770e-131,380.0
m0052,m0132,50.4,4.910e-86,259.0
m0052,m0134,59.3,9.370e-125,360.0
m0052,m0135,46.6,7.980e-81,247.0
m0052,m0138,30.6,2.070e-30,114.0
m0052,m0139,56.8,8.380e-172,485.0
m0052,m0142,49.2,4.470e-81,246.0
m0052,m0145,42.8,1.900e-62,203.0
m0052,m0150,42.7,2.650e-68,214.0
m0052,m0155,51.3,1.920e-152,436.0
m0052,m0156,49.8,8.960e-86,259.0
m0052,m0158,85.0,1.030e-301,815.0
m0052,m0159,52.3,7.420e-159,452.0
m0052,m0160,38.2,2.340e-49,164.0
m0052,m0161,30.9,3.850e-28,106.0
m0052,m0162,81.0,2.320e-291,790.0
m0052,m0163,40.6,4.820e-50,166.0
m0052,m0164,59.1,1.720e-138,400.0
m0052,m0166,38.2,2.050e-39,139.0
m0052,m0167,49.5,7.670e-82,249.0
m0052,m0168,37.0,2.720e-49,164.0
m0052,m0169,43.7,4.150e-72,224.0
m0052,m0170,59.5,6.760e-129,374.0
m0052,m0171,37.2,4.480e-47,158.0
m0052,m0173,52.5,7.120e-160,454.0
m0052,m0174,62.1,6.750e-132,382.0
m0052,m0175,62.9,4.130e-131,381.0
m0052,m0176,38.5,2.360e-51,170.0
m0052,m0177,36.5,3.280e-51,170.0
m0052,m0179,55.5,1.000e-161,457.0
m0052,m0182,53.6,2.240e-115,341.0
m0052,m0183,56.7,1.470e-145,417.0
m0052,m0184,41.4,8.730e-53,174.0
m0052,m0187,46.4,2.060e-70,218.0
m0052,m0188,57.0,1.360e-128,375.0
m0052,m0191,39.1,9.790e-53,173.0
m0052,m0192,46.6,3.490e-77,237.0
m0052,m0193,47.3,4.930e-80,245.0
m0052,m0194,40.2,4.680e-52,172.0
m0052,m0197,44.2,1.380e-77,239.0
m0052,m0198,53.4,3.030e-159,452.0
m0052,m0204,55.2,9.250e-108,317.0
m0052,m0205,82.6,1.540e-293,794.0
m0052,m0209,39.0,9.390e-52,170.0
m0052,m0212,59.0,4.100e-127,366.0
m0052,m0213,81.1,3.340e-259,706.0
m0052,m0214,85.6,1.000e-301,815.0
m0052,m0215,63.2,1.340e-192,536.0
m0052,m0225,59.3,2.020e-188,526.0
m0052,m0226,81.3,4.250e-275,747.0
m0052,m0227,30.2,1.960e-10,55.1
m0052,m0228,50.2,4.900e-81,246.0
m0052,m0229,47.2,4.290e-82,250.0
m0052,m0230,46.9,1.020e-79,244.0
m0052,m0231,45.2,1.940e-81,249.0
m0052,m0232,52.3,6.010e-88,265.0
m0052,m0233,52.3,2.830e-87,263.0
m0052,m0235,59.2,7.460e-121,351.0
m0052,m0236,56.2,1.510e-167,473.0
m0052,m0241,44.8,1.930e-70,220.0
m0052,m0242,36.7,7.240e-47,158.0
m0052,m0243,53.3,3.780e-159,452.0
m0052,m0244,44.3,6.530e-67,211.0
m0052,m0246,47.2,1.120e-82,251.0
m0052,m0247,58.8,7.100e-144,412.0
m0052,m0248,38.1,1.240e-47,160.0
m0052,m0251,44.0,8.670e-67,210.0
m0052,m0253,86.5,6.610e-308,830.0
m0052,m0258,67.8,7.020e-145,415.0
m0052,m0261,44.1,2.850e-78,240.0
m0052,m0263,38.5,1.950e-53,176.0
m0052,m0265,30.6,2.880e-11,56.2
m0052,m0266,60.1,7.510e-121,349.0
m0052,m0267,46.7,1.010e-72,224.0
m0052,m0271,48.8,1.680e-84,256.0
m0052,m0272,46.6,1.890e-71,222.0
m0052,m0273,33.8,2.940e-37,134.0
m0052,m0276,54.2,4.470e-169,478.0
m0052,m0277,34.5,2.520e-15,69.7
m0052,m0278,59.3,6.400e-130,377.0
m0052,m0280,54.6,1.450e-134,388.0
m0052,m0281,54.9,7.930e-162,459.0
m0052,m0282,40.5,2.410e-50,165.0
m0052,m0284,39.2,2.900e-49,164.0
m0052,m0290,38.9,3.820e-53,175.0
m0052,m0292,45.5,1.340e-65,206.0
m0052,m0293,52.7,3.360e-156,445.0
m0052,m0294,65.8,2.790e-130,374.0
m0052,m0295,46.5,4.520e-101,303.0
m0052,m0297,54.9,8.990e-94,280.0
m0052,m0303,44.7,3.470e-70,219.0
m0052,m0304,47.9,1.390e-79,244.0
m0052,m0309,44.7,6.120e-74,229.0
m0052,m0311,40.3,3.410e-54,177.0
m0052,m0312,36.7,1.920e-47,159.0
m0052,m0314,85.2,1.200e-299,810.0
m0052,m0315,44.1,1.640e-68,215.0
m0052,m0317,49.0,2.360e-87,263.0
m0052,m0318,45.4,4.710e-106,317.0
m0052,m0320,57.5,2.560e-163,462.0
m0052,m0322,82.3,3.680e-278,754.0
m0052,m0324,62.1,2.120e-120,348.0
m0052,m0328,65.2,6.360e-128,369.0
m0052,m0329,44.1,4.410e-65,204.0
m0052,m0331,53.6,2.340e-135,391.0
m0052,m0332,52.2,3.000e-92,276.0
m0052,m0333,82.9,5.490e-297,803.0
m0052,m0335,42.7,2.000e-55,180.0
m0052,m0336,65.0,2.470e-128,369.0
m0052,m0337,48.3,2.360e-74,229.0
m0052,m0339,55.6,2.940e-172,486.0
m0052,m0340,59.2,1.450e-117,341.0
m0052,m0343,41.4,6.780e-53,173.0
m0052,m0344,83.9,4.710e-298,806.0
m0052,m0345,48.3,2.840e-76,235.0
m0052,m0347,85.1,6.250e-302,815.0
m0052,m0348,86.4,1.550e-306,827.0
m0052,m0349,48.1,5.640e-128,374.0
m0052,m0351,38.8,1.750e-55,181.0
m0052,m0354,42.4,1.220e-59,191.0
m0052,m0356,41.4,1.370e-50,168.0
m0052,m0363,81.1,1.480e-275,748.0
m0052,m0364,41.3,5.870e-58,187.0
m0052,m0365,45.6,6.820e-73,226.0
m0052,m0368,45.3,2.010e-75,233.0
m0052,m0369,36.8,7.650e-36,130.0
m0052,m0370,61.1,9.970e-117,339.0
m0052,m0371,35.1,1.100e-38,139.0
m0052,m0372,44.6,3.160e-71,221.0
m0052,m0377,45.6,7.050e-73,226.0
m0052,m0378,84.1,9.880e-299,807.0
m0052,m0380,47.5,2.070e-75,232.0
m0052,m0382,46.8,1.810e-70,219.0
m0052,m0383,35.9,8.440e-53,174.0
m0052,m0385,38.4,1.830e-53,176.0
m0052,m0387,36.9,7.690e-49,163.0
m0052,m0388,43.3,1.920e-74,231.0
m0052,m0390,51.4,1.420e-87,264.0
m0052,m0393,82.2,3.700e-296,801.0
m0052,m0394,47.3,5.470e-78,239.0
m0052,m0396,31.1,1.130e-14,67.4
m0052,m0397,50.8,3.850e-155,444.0
m0052,m0399,74.0,9.460e-185,518.0
m0052,m0401,51.4,1.280e-90,271.0
m0052,m0404,49.0,1.500e-112,330.0
m0052,m0405,59.1,4.150e-125,363.0
m0052,m0407,40.4,2.200e-62,199.0
m0052,m0409,39.9,2.100e-52,173.0
m0052,m0411,50.2,5.150e-87,263.0
m0053,m0056,48.9,1.060e-83,248.0
m0053,m0064,44.8,4.430e-76,229.0
m0053,m0065,53.7,4.200e-90,264.0
m0053,m0067,40.5,2.360e-59,186.0
m0053,m0068,37.7,1.810e-47,154.0
m0053,m0069,36.7,1.990e-45,153.0
m0053,m0070,43.2,3.200e-63,196.0
m0053,m0071,37.2,4.680e-52,166.0
m0053,m0072,44.8,1.150e-76,229.0
m0053,m0074,41.0,1.690e-58,184.0
m0053,m0075,46.1,1.330e-74,224.0
m0053,m0077,39.5,1.220e-47,154.0
m0053,m0078,41.8,2.850e-68,208.0
m0053,m0080,38.9,2.220e-57,181.0
m0053,m0084,40.6,5.850e-66,202.0
m0053,m0086,43.6,3.600e-70,213.0
m0053,m0088,39.9,9.250e-51,164.0
m0053,m0090,42.2,9.430e-70,213.0
m0053,m0093,38.4,3.740e-48,161.0
m0053,m0094,37.2,9.420e-50,164.0
m0053,m0095,44.3,2.990e-59,186.0
m0053,m0096,39.1,3.420e-48,161.0
m0053,m0097,42.2,4.040e-65,201.0
m0053,m0098,40.4,1.850e-56,178.0
m0053,m0101,45.5,5.870e-65,200.0
m0053,m0102,42.1,9.710e-58,181.0
m0053,m0103,58.7,1.360e-125,354.0
m0053,m0104,51.7,8.200e-96,279.0
m0053,m0105,75.3,6.170e-158,435.0
m0053,m0110,48.6,2.710e-79,237.0
m0053,m0112,38.9,5.100e-47,157.0
m0053,m0114,39.8,7.550e-52,170.0
m0053,m0119,43.8,6.020e-69,211.0
m0053,m0121,46.8,1.090e-78,235.0
m0053,m0124,52.1,8.100e-90,263.0
m0053,m0125,46.7,4.260e-74,223.0
m0053,m0126,39.1,1.900e-52,171.0
m0053,m0129,64.4,8.280e-133,372.0
m0053,m0131,41.0,2.900e-54,176.0
m0053,m0132,57.5,5.610e-106,304.0
m0053,m0134,40.1,3.830e-59,186.0
m0053,m0135,45.7,9.870e-78,233.0
m0053,m0139,41.9,1.470e-55,180.0
m0053,m0142,44.9,8.580e-67,204.0
m0053,m0145,41.0,1.600e-59,190.0
m0053,m0150,46.2,9.690e-84,248.0
m0053,m0155,38.8,8.520e-50,165.0
m0053,m0156,42.9,3.660e-69,211.0
m0053,m0158,38.6,6.440e-48,160.0
m0053,m0159,39.1,2.960e-53,174.0
m0053,m0160,35.7,3.680e-51,164.0
m0053,m0162,38.8,1.390e-48,162.0
m0053,m0163,76.9,1.900e-163,450.0
m0053,m0164,34.0,1.440e-46,156.0
m0053,m0166,41.8,2.750e-54,173.0
m0053,m0167,45.7,4.530e-74,223.0
m0053,m0168,37.6,2.280e-57,181.0
m0053,m0169,47.3,1.110e-80,241.0
m0053,m0170,40.2,5.230e-53,172.0
m0053,m0171,84.5,2.200e-184,503.0
m0053,m0173,37.9,5.390e-51,167.0
m0053,m0174,39.1,3.260e-48,160.0
m0053,m0175,37.5,9.650e-51,167.0
m0053,m0176,38.1,1.090e-57,181.0
m0053,m0177,39.4,2.120e-60,189.0
m0053,m0179,37.8,1.700e-46,155.0
m0053,m0182,40.4,5.580e-54,176.0
m0053,m0183,41.1,3.980e-49,162.0
m0053,m0184,38.9,3.280e-60,188.0
m0053,m0187,48.6,7.090e-78,232.0
m0053,m0188,40.2,4.430e-55,179.0
m0053,m0191,42.4,2.120e-65,201.0
m0053,m0192,40.4,1.750e-71,217.0
m0053,m0193,48.6,5.680e-80,239.0
m0053,m0194,36.6,5.600e-55,174.0
m0053,m0197,40.3,7.350e-62,192.0
m0053,m0198,38.9,2.450e-51,169.0
m0053,m0204,39.6,6.160e-54,173.0
m0053,m0205,38.6,1.600e-48,162.0
m0053,m0209,59.6,1.920e-121,343.0
m0053,m0212,41.5,2.280e-54,174.0
m0053,m0213,39.0,2.540e-47,158.0
m0053,m0214,37.9,1.070e-46,157.0
m0053,m0215,40.8,1.090e-47,159.0
m0053,m0217,30.2,1.300e-07,46.2
m0053,m0225,38.8,6.960e-49,162.0
m0053,m0226,39.6,1.750e-50,167.0
m0053,m0227,31.0,1.350e-22,89.4
m0053,m0228,48.1,8.960e-73,219.0
m0053,m0229,48.3,2.130e-83,248.0
m0053,m0230,40.4,1.430e-61,191.0
m0053,m0231,46.0,5.630e-76,229.0
m0053,m0232,52.9,3.170e-93,272.0
m0053,m0233,50.9,1.010e-90,266.0
m0053,m0235,37.9,4.110e-50,163.0
m0053,m0236,36.4,1.550e-47,158.0
m0053,m0241,44.2,1.190e-72,220.0
m0053,m0242,35.8,8.460e-50,161.0
m0053,m0243,36.3,6.130e-48,159.0
m0053,m0244,41.0,3.280e-60,188.0
m0053,m0246,49.8,1.130e-83,248.0
m0053,m0247,39.1,1.220e-51,169.0
m0053,m0248,42.0,1.320e-57,181.0
m0053,m0251,47.5,3.150e-80,239.0
m0053,m0253,39.2,2.590e-47,159.0
m0053,m0258,40.6,2.570e-49,163.0
m0053,m0261,44.2,1.270e-78,235.0
m0053,m0263,41.6,1.560e-62,194.0
m0053,m0264,30.0,5.700e-16,70.9
m0053,m0266,41.7,9.710e-58,181.0
m0053,m0267,44.0,1.040e-70,213.0
m0053,m0271,50.3,4.890e-87,257.0
m0053,m0272,41.0,7.660e-57,179.0
m0053,m0273,31.9,3.750e-25,97.4
m0053,m0276,38.3,4.590e-53,174.0
m0053,m0278,39.6,1.080e-50,167.0
m0053,m0280,38.3,1.120e-51,169.0
m0053,m0281,41.9,2.290e-54,176.0
m0053,m0282,39.9,4.520e-47,152.0
m0053,m0284,64.3,6.340e-135,378.0
m0053,m0290,43.6,9.860e-64,197.0
m0053,m0292,42.6,5.240e-65,199.0
m0053,m0293,40.0,1.200e-52,172.0
m0053,m0294,39.4,2.440e-52,168.0
m0053,m0295,37.6,1.120e-47,158.0
m0053,m0297,52.9,2.810e-92,270.0
m0053,m0303,40.9,1.070e-61,191.0
m0053,m0304,47.1,3.670e-81,242.0
m0053,m0309,47.1,2.920e-74,224.0
m0053,m0311,39.7,3.670e-60,188.0
m0053,m0312,38.7,1.330e-55,175.0
m0053,m0314,38.3,7.290e-47,157.0
m0053,m0315,46.1,3.290e-75,226.0
m0053,m0317,54.7,7.500e-102,294.0
m0053,m0318,37.5,9.950e-50,165.0
m0053,m0320,38.8,4.390e-46,154.0
m0053,m0322,38.7,2.400e-50,166.0
m0053,m0324,39.6,3.150e-58,183.0
m0053,m0328,38.5,3.830e-50,163.0
m0053,m0329,46.4,1.050e-71,216.0
m0053,m0331,37.2,2.420e-50,166.0
m0053,m0332,55.6,1.080e-99,289.0
m0053,m0333,38.6,2.060e-47,159.0
m0053,m0335,46.4,9.400e-63,194.0
m0053,m0336,38.0,3.940e-49,160.0
m0053,m0337,46.2,2.290e-72,218.0
m0053,m0339,38.3,2.470e-52,172.0
m0053,m0340,39.5,2.900e-55,175.0
m0053,m0343,46.3,1.040e-76,229.0
m0053,m0344,40.0,6.990e-50,166.0
m0053,m0345,40.1,3.280e-60,188.0
m0053,m0347,39.0,7.290e-47,157.0
m0053,m0348,39.3,1.780e-48,162.0
m0053,m0349,40.1,8.320e-54,176.0
m0053,m0351,41.5,2.780e-63,196.0
m0053,m0354,39.7,5.230e-63,195.0
m0053,m0356,41.9,2.030e-58,184.0
m0053,m0363,39.1,1.930e-48,161.0
m0053,m0364,45.6,1.160e-71,217.0
m0053,m0365,42.0,7.890e-58,181.0
m0053,m0368,38.9,4.490e-53,169.0
m0053,m0369,34.5,2.340e-28,106.0
m0053,m0370,39.0,3.320e-55,175.0
m0053,m0371,36.4,2.520e-46,155.0
m0053,m0372,45.0,1.060e-78,235.0
m0053,m0377,45.2,5.130e-76,228.0
m0053,m0378,38.2,7.040e-48,160.0
m0053,m0380,47.0,2.650e-76,229.0
m0053,m0382,52.6,9.560e-93,271.0
m0053,m0383,40.5,2.710e-58,183.0
m0053,m0385,38.3,7.420e-49,159.0
m0053,m0387,60.6,7.790e-131,367.0
m0053,m0388,46.2,2.770e-79,237.0
m0053,m0390,54.0,2.530e-96,280.0
m0053,m0393,40.1,5.810e-48,160.0
m0053,m0394,43.0,2.190e-71,216.0
m0053,m0397,40.4,9.030e-54,176.0
m0053,m0399,37.5,2.570e-46,155.0
m0053,m0401,51.7,9.160e-91,266.0
m0053,m0404,38.2,3.040e-51,166.0
m0053,m0405,37.0,1.080e-49,163.0
m0053,m0407,59.0,3.680e-116,330.0
m0053,m0409,41.5,7.650e-60,187.0
m0053,m0411,50.7,1.300e-87,258.0
m0054,m0073,53.5,7.000e-81,236.0
m0054,m0203,56.1,1.140e-89,258.0
m0054,m0252,49.6,9.690e-72,213.0
m0054,m0279,30.3,7.370e-20,78.6
m0054,m0338,52.4,4.830e-77,226.0
m0054,m0355,72.8,1.420e-100,285.0
m0054,m0374,30.6,8.330e-10,51.2
m0054,m0400,43.9,1.730e-57,176.0
m0056,m0064,59.8,9.520e-116,330.0
m0056,m0065,52.8,1.390e-95,278.0
m0056,m0067,41.5,1.760e-70,214.0
m0056,m0068,42.4,6.710e-69,209.0
m0056,m0069,44.2,6.150e-73,224.0
m0056,m0070,55.0,3.110e-103,298.0
m0056,m0071,47.5,1.140e-78,234.0
m0056,m0072,44.1,2.550e-72,218.0
m0056,m0074,47.1,4.470e-84,249.0
m0056,m0075,43.6,3.400e-77,231.0
m0056,m0077,47.6,1.670e-71,216.0
m0056,m0078,44.7,4.270e-78,233.0
m0056,m0080,37.8,1.500e-66,204.0
m0056,m0084,45.5,2.360e-81,242.0
m0056,m0086,48.9,3.720e-93,271.0
m0056,m0088,47.7,9.360e-83,246.0
m0056,m0090,48.1,7.200e-93,271.0
m0056,m0093,46.9,1.580e-73,227.0
m0056,m0094,41.7,4.790e-63,199.0
m0056,m0095,40.0,2.010e-62,194.0
m0056,m0096,45.4,8.550e-72,223.0
m0056,m0097,48.1,3.770e-87,257.0
m0056,m0098,45.4,7.470e-84,248.0
m0056,m0101,43.3,2.300e-75,227.0
m0056,m0102,46.2,1.440e-79,237.0
m0056,m0103,46.5,1.450e-71,217.0
m0056,m0104,63.2,2.820e-125,353.0
m0056,m0105,49.8,2.120e-78,233.0
m0056,m0110,49.8,2.860e-86,254.0
m0056,m0112,46.0,6.430e-74,228.0
m0056,m0114,41.4,4.250e-63,199.0
m0056,m0119,61.0,1.170e-122,348.0
m0056,m0121,50.0,8.100e-86,253.0
m0056,m0124,57.6,1.570e-111,318.0
m0056,m0125,55.0,4.540e-104,300.0
m0056,m0126,47.5,1.640e-81,246.0
m0056,m0129,46.0,2.240e-67,205.0
m0056,m0131,45.5,1.580e-74,228.0
m0056,m0132,56.7,3.150e-112,320.0
m0056,m0134,48.8,3.180e-83,247.0
m0056,m0135,59.5,3.770e-115,328.0
m0056,m0139,43.6,2.330e-73,226.0
m0056,m0142,63.1,2.780e-113,322.0
m0056,m0145,45.9,7.140e-78,237.0
m0056,m0150,51.8,3.560e-96,280.0
m0056,m0155,46.7,1.380e-72,224.0
m0056,m0156,52.7,9.280e-106,304.0
m0056,m0158,45.1,5.780e-72,223.0
m0056,m0159,43.4,1.680e-68,214.0
m0056,m0160,39.7,4.760e-64,197.0
m0056,m0162,45.5,3.640e-73,227.0
m0056,m0163,48.3,3.260e-79,236.0
m0056,m0164,45.6,1.210e-74,229.0
m0056,m0166,42.7,4.440e-62,193.0
m0056,m0167,54.6,4.800e-109,312.0
m0056,m0168,41.5,1.230e-65,202.0
m0056,m0169,60.4,5.950e-113,323.0
m0056,m0170,46.0,9.870e-75,229.0
m0056,m0171,51.1,4.170e-81,241.0
m0056,m0173,40.4,1.660e-65,205.0
m0056,m0174,44.2,1.010e-70,219.0
m0056,m0175,48.0,1.040e-76,234.0
m0056,m0176,41.9,2.060e-66,204.0
m0056,m0177,41.9,9.730e-73,220.0
m0056,m0179,43.1,7.990e-68,211.0
m0056,m0182,46.1,8.840e-79,240.0
m0056,m0183,47.0,8.440e-75,229.0
m0056,m0184,42.3,3.430e-68,208.0
m0056,m0187,63.8,5.200e-117,331.0
m0056,m0188,48.0,4.060e-81,246.0
m0056,m0191,46.7,2.020e-76,229.0
m0056,m0192,47.9,1.650e-87,258.0
m0056,m0193,64.0,1.550e-129,365.0
m0056,m0194,39.3,1.740e-65,201.0
m0056,m0197,49.5,1.970e-99,288.0
m0056,m0198,41.0,7.780e-66,206.0
m0056,m0204,38.9,2.590e-62,194.0
m0056,m0205,46.6,2.210e-74,229.0
m0056,m0209,45.6,1.730e-71,216.0
m0056,m0212,46.4,5.870e-73,221.0
m0056,m0213,46.9,9.890e-75,229.0
m0056,m0214,46.0,7.740e-71,220.0
m0056,m0215,45.7,3.340e-63,199.0
m0056,m0225,42.9,8.470e-64,201.0
m0056,m0226,46.9,4.110e-76,233.0
m0056,m0228,62.7,1.190e-117,333.0
m0056,m0229,65.1,8.310e-130,365.0
m0056,m0230,50.4,7.880e-96,279.0
m0056,m0231,61.5,5.720e-119,338.0
m0056,m0232,61.2,6.990e-119,337.0
m0056,m0233,61.3,3.290e-123,348.0
m0056,m0235,43.0,2.530e-65,202.0
m0056,m0236,46.5,8.000e-75,229.0
m0056,m0241,55.1,1.140e-108,311.0
m0056,m0242,44.3,1.090e-71,217.0
m0056,m0243,41.1,7.550e-70,216.0
m0056,m0244,45.8,2.670e-81,242.0
m0056,m0246,62.2,6.290e-125,353.0
m0056,m0247,48.2,5.850e-77,234.0
m0056,m0248,40.9,6.910e-72,218.0
m0056,m0251,51.7,1.570e-95,278.0
m0056,m0253,45.4,1.580e-72,224.0
m0056,m0258,47.8,8.350e-77,234.0
m0056,m0261,57.0,3.670e-113,323.0
m0056,m0263,44.9,3.810e-77,231.0
m0056,m0266,50.7,1.490e-84,250.0
m0056,m0267,56.3,5.010e-99,285.0
m0056,m0271,63.4,3.560e-126,356.0
m0056,m0272,45.5,8.480e-84,248.0
m0056,m0273,35.2,1.590e-36,128.0
m0056,m0276,42.7,1.050e-67,212.0
m0056,m0278,48.6,3.820e-74,228.0
m0056,m0280,46.3,1.650e-75,230.0
m0056,m0281,44.7,5.790e-70,217.0
m0056,m0282,41.1,2.290e-56,176.0
m0056,m0284,46.1,5.650e-73,220.0
m0056,m0290,42.2,7.860e-74,223.0
m0056,m0292,51.1,2.890e-93,271.0
m0056,m0293,44.7,2.560e-74,228.0
m0056,m0294,45.1,1.520e-74,225.0
m0056,m0295,44.9,9.910e-69,213.0
m0056,m0297,61.1,7.750e-126,355.0
m0056,m0303,55.3,4.880e-107,307.0
m0056,m0304,65.3,9.500e-131,368.0
m0056,m0309,57.2,6.520e-114,325.0
m0056,m0311,42.7,1.050e-73,223.0
m0056,m0312,43.1,2.740e-69,210.0
m0056,m0314,45.3,2.120e-73,227.0
m0056,m0315,55.8,8.040e-109,312.0
m0056,m0317,57.0,2.190e-115,328.0
m0056,m0318,41.0,8.320e-66,207.0
m0056,m0320,42.8,7.240e-62,196.0
m0056,m0322,46.9,2.230e-75,231.0
m0056,m0324,46.8,1.280e-82,245.0
m0056,m0328,44.7,2.820e-69,212.0
m0056,m0329,59.1,1.060e-106,305.0
m0056,m0331,47.5,4.210e-80,243.0
m0056,m0332,60.9,3.850e-119,338.0
m0056,m0333,45.1,1.020e-71,223.0
m0056,m0335,46.6,1.340e-70,214.0
m0056,m0336,46.7,1.880e-77,233.0
m0056,m0337,57.4,3.310e-112,320.0
m0056,m0339,41.4,1.150e-66,209.0
m0056,m0340,47.5,1.570e-80,240.0
m0056,m0343,51.6,7.330e-87,255.0
m0056,m0344,45.8,1.830e-72,224.0
m0056,m0345,49.8,2.120e-88,260.0
m0056,m0347,45.8,8.360e-73,225.0
m0056,m0348,45.8,2.020e-73,227.0
m0056,m0349,48.0,6.780e-79,241.0
m0056,m0351,42.2,2.160e-76,229.0
m0056,m0354,42.3,2.810e-76,229.0
m0056,m0356,43.5,1.880e-73,222.0
m0056,m0363,48.0,2.910e-76,234.0
m0056,m0364,67.2,6.840e-128,360.0
m0056,m0365,50.2,2.460e-94,275.0
m0056,m0368,48.3,2.720e-88,259.0
m0056,m0369,35.0,6.410e-34,121.0
m0056,m0370,43.2,1.840e-66,204.0
m0056,m0371,36.9,5.040e-44,149.0
m0056,m0372,77.7,6.660e-164,451.0
m0056,m0377,58.5,2.420e-114,326.0
m0056,m0378,46.2,5.930e-73,226.0
m0056,m0380,57.9,8.580e-115,327.0
m0056,m0382,57.6,2.710e-104,300.0
m0056,m0383,41.2,9.060e-71,215.0
m0056,m0385,45.7,1.650e-72,220.0
m0056,m0387,44.2,1.590e-69,211.0
m0056,m0388,58.6,3.020e-116,331.0
m0056,m0390,63.7,3.180e-128,361.0
m0056,m0393,45.8,1.840e-73,227.0
m0056,m0394,61.8,2.860e-117,333.0
m0056,m0397,44.3,1.990e-69,217.0
m0056,m0399,46.9,4.680e-73,225.0
m0056,m0401,62.5,1.860e-119,338.0
m0056,m0404,43.2,8.870e-67,206.0
m0056,m0405,43.8,3.890e-74,226.0
m0056,m0407,49.8,2.160e-79,237.0
m0056,m0409,41.1,9.220e-67,205.0
m0056,m0411,64.1,1.630e-127,360.0
m0057,m0202,30.8,1.620e-16,69.7
m0057,m0203,31.6,1.180e-14,64.7
m0057,m0257,44.2,3.430e-49,153.0
m0057,m0279,33.8,5.180e-28,99.8
m0057,m0355,30.8,6.610e-16,67.4
m0057,m0374,31.3,4.670e-21,82.0
m0058,m0099,36.4,4.640e-06,39.7
m0059,m0079,47.7,1.510e-131,379.0
m0059,m0100,43.2,1.370e-78,237.0
m0059,m0221,40.9,1.350e-107,318.0
m0059,m0395,56.1,1.720e-164,463.0
m0060,m0083,34.4,8.510e-47,156.0
m0060,m0085,41.4,4.250e-76,230.0
m0060,m0087,44.6,3.700e-74,225.0
m0060,m0106,30.8,1.710e-38,133.0
m0060,m0107,42.0,1.590e-70,216.0
m0060,m0111,45.2,2.380e-72,220.0
m0060,m0113,36.5,1.520e-58,185.0
m0060,m0136,34.3,8.420e-40,137.0
m0060,m0152,41.3,2.280e-71,218.0
m0060,m0165,38.9,2.720e-52,170.0
m0060,m0172,33.7,4.460e-36,127.0
m0060,m0180,44.1,1.020e-83,250.0
m0060,m0186,35.6,1.610e-47,157.0
m0060,m0190,43.5,1.330e-73,225.0
m0060,m0208,43.8,5.250e-77,233.0
m0060,m0218,31.6,4.740e-29,108.0
m0060,m0219,35.6,9.520e-39,134.0
m0060,m0220,40.5,1.830e-59,188.0
m0060,m0224,37.0,1.060e-49,164.0
m0060,m0240,33.9,1.930e-42,143.0
m0060,m0245,47.5,1.610e-100,293.0
m0060,m0250,47.5,1.720e-91,269.0
m0060,m0255,38.2,1.790e-43,145.0
m0060,m0268,32.0,4.630e-31,114.0
m0060,m0275,47.4,2.630e-94,277.0
m0060,m0283,36.7,1.110e-52,171.0
m0060,m0286,41.5,8.540e-71,218.0
m0060,m0316,39.1,1.140e-68,212.0
m0060,m0321,44.0,2.890e-85,254.0
m0060,m0353,43.1,2.120e-59,186.0
m0060,m0357,35.7,1.610e-50,164.0
m0060,m0361,33.8,8.200e-42,141.0
m0060,m0379,32.9,8.330e-36,127.0
m0060,m0384,35.3,2.420e-42,143.0
m0060,m0386,42.8,3.150e-79,239.0
m0060,m0389,43.1,8.770e-76,230.0
m0060,m0403,38.7,4.270e-48,159.0
m0060,m0412,45.8,2.460e-86,257.0
m0061,m0116,30.1,2.020e-39,142.0
m0061,m0151,36.5,8.020e-89,274.0
m0061,m0189,30.8,1.160e-46,163.0
m0061,m0199,31.9,2.520e-21,90.9
m0061,m0222,31.4,5.360e-43,153.0
m0061,m0306,30.3,6.750e-49,169.0
m0061,m0326,30.1,1.520e-48,168.0
m0061,m0358,31.2,1.470e-13,66.6
m0061,m0362,31.1,2.620e-44,155.0
m0062,m0325,52.0,1.330e-65,195.0
m0063,m0153,30.2,1.090e-11,57.8
m0063,m0211,33.3,3.810e-10,53.1
m0064,m0065,54.4,4.370e-96,280.0
m0064,m0067,44.2,1.750e-83,249.0
m0064,m0068,44.1,8.530e-71,215.0
m0064,m0069,45.5,4.580e-75,231.0
m0064,m0070,48.3,4.420e-95,278.0
m0064,m0071,48.9,3.830e-86,254.0
m0064,m0072,44.8,3.340e-71,216.0
m0064,m0074,48.2,2.600e-85,254.0
m0064,m0075,46.5,2.140e-82,245.0
m0064,m0077,47.7,2.800e-79,236.0
m0064,m0078,45.3,2.600e-75,227.0
m0064,m0080,42.2,1.090e-73,223.0
m0064,m0084,48.2,1.260e-90,266.0
m0064,m0086,55.2,6.600e-103,297.0
m0064,m0088,45.7,1.680e-82,246.0
m0064,m0090,49.7,3.300e-93,273.0
m0064,m0093,46.2,5.140e-81,248.0
m0064,m0094,45.4,1.360e-75,233.0
m0064,m0095,43.3,2.090e-75,228.0
m0064,m0096,45.1,1.550e-78,241.0
m0064,m0097,51.5,8.370e-101,293.0
m0064,m0098,47.9,4.880e-89,263.0
m0064,m0101,46.4,1.540e-88,261.0
m0064,m0102,46.6,1.740e-79,238.0
m0064,m0103,41.2,1.720e-71,218.0
m0064,m0104,61.4,1.730e-128,363.0
m0064,m0105,45.8,4.580e-76,228.0
m0064,m0110,55.0,3.600e-99,288.0
m0064,m0112,43.1,4.840e-76,234.0
m0064,m0114,47.9,5.480e-80,244.0
m0064,m0119,55.9,7.370e-104,301.0
m0064,m0121,56.8,1.120e-97,284.0
m0064,m0124,63.7,5.480e-121,343.0
m0064,m0125,53.4,1.660e-108,312.0
m0064,m0126,49.8,1.530e-84,255.0
m0064,m0129,43.8,2.280e-65,201.0
m0064,m0131,48.0,9.420e-82,248.0
m0064,m0132,59.0,5.960e-119,338.0
m0064,m0134,46.7,7.060e-87,258.0
m0064,m0135,59.6,8.380e-114,326.0
m0064,m0139,45.3,1.640e-79,243.0
m0064,m0142,63.0,8.780e-114,324.0
m0064,m0145,50.2,1.910e-83,253.0
m0064,m0150,50.7,2.120e-99,289.0
m0064,m0155,46.2,8.690e-80,244.0
m0064,m0156,51.3,7.030e-100,290.0
m0064,m0158,44.4,2.550e-76,235.0
m0064,m0159,43.1,1.960e-69,217.0
m0064,m0160,43.2,3.800e-73,222.0
m0064,m0162,44.3,3.940e-75,233.0
m0064,m0163,44.6,1.240e-77,233.0
m0064,m0164,44.1,2.420e-83,253.0
m0064,m0166,40.6,7.070e-56,178.0
m0064,m0167,55.3,6.220e-114,326.0
m0064,m0168,44.2,2.540e-72,220.0
m0064,m0169,61.1,9.770e-124,351.0
m0064,m0170,47.2,1.330e-83,253.0
m0064,m0171,45.3,2.370e-76,230.0
m0064,m0173,43.3,3.150e-78,239.0
m0064,m0174,45.3,7.120e-80,243.0
m0064,m0175,43.0,4.450e-81,247.0
m0064,m0176,42.2,3.360e-72,219.0
m0064,m0177,42.9,1.450e-79,239.0
m0064,m0179,47.5,5.610e-83,251.0
m0064,m0182,46.8,6.860e-87,262.0
m0064,m0183,48.5,9.010e-80,243.0
m0064,m0184,45.1,1.130e-73,223.0
m0064,m0187,64.9,1.090e-115,329.0
m0064,m0188,46.3,2.740e-84,255.0
m0064,m0191,47.5,6.720e-76,228.0
m0064,m0192,51.6,3.350e-99,288.0
m0064,m0193,60.9,8.800e-134,377.0
m0064,m0194,42.2,1.290e-69,213.0
m0064,m0197,49.2,2.280e-95,279.0
m0064,m0198,44.5,9.550e-70,218.0
m0064,m0204,42.1,1.060e-69,214.0
m0064,m0205,45.6,7.840e-81,247.0
m0064,m0209,41.4,7.240e-63,195.0
m0064,m0212,49.1,2.280e-80,241.0
m0064,m0213,45.8,3.380e-81,247.0
m0064,m0214,44.4,7.930e-77,237.0
m0064,m0215,48.2,7.680e-71,220.0
m0064,m0225,43.9,3.940e-71,221.0
m0064,m0226,47.2,1.010e-82,251.0
m0064,m0228,70.6,1.600e-131,369.0
m0064,m0229,66.3,1.520e-132,374.0
m0064,m0230,52.7,1.180e-99,290.0
m0064,m0231,62.3,1.850e-122,348.0
m0064,m0232,60.7,3.940e-125,354.0
m0064,m0233,58.3,2.360e-120,342.0
m0064,m0235,41.1,1.160e-71,220.0
m0064,m0236,48.7,4.290e-86,259.0
m0064,m0241,55.5,1.750e-107,310.0
m0064,m0242,43.0,1.030e-70,216.0
m0064,m0243,45.9,2.120e-78,239.0
m0064,m0244,45.7,2.920e-82,245.0
m0064,m0246,62.8,3.270e-134,377.0
m0064,m0247,47.0,1.370e-80,244.0
m0064,m0248,48.5,2.880e-78,235.0
m0064,m0251,50.2,5.170e-98,285.0
m0064,m0253,44.9,6.310e-78,239.0
m0064,m0258,48.5,2.790e-80,244.0
m0064,m0261,61.8,4.850e-135,380.0
m0064,m0263,44.7,2.700e-76,230.0
m0064,m0266,48.2,9.950e-87,256.0
m0064,m0267,56.4,8.770e-104,298.0
m0064,m0271,65.1,6.870e-131,369.0
m0064,m0272,47.9,3.510e-87,258.0
m0064,m0273,32.5,2.320e-36,128.0
m0064,m0276,44.9,1.290e-78,241.0
m0064,m0278,44.1,3.510e-74,229.0
m0064,m0280,48.8,1.220e-80,244.0
m0064,m0281,46.2,6.450e-78,238.0
m0064,m0282,41.4,4.920e-65,199.0
m0064,m0284,41.9,6.800e-67,206.0
m0064,m0287,32.7,6.650e-38,131.0
m0064,m0290,48.0,1.170e-88,262.0
m0064,m0292,50.7,2.190e-94,275.0
m0064,m0293,47.7,1.250e-80,246.0
m0064,m0294,43.6,4.530e-81,243.0
m0064,m0295,47.6,2.730e-80,244.0
m0064,m0297,62.0,7.370e-121,343.0
m0064,m0303,52.2,2.870e-100,291.0
m0064,m0304,62.0,3.800e-130,367.0
m0064,m0309,61.8,2.790e-115,330.0
m0064,m0311,45.7,5.200e-84,250.0
m0064,m0312,45.7,1.690e-74,224.0
m0064,m0314,45.0,2.370e-78,241.0
m0064,m0315,57.3,3.230e-115,329.0
m0064,m0317,58.2,5.570e-120,341.0
m0064,m0318,41.8,1.480e-65,207.0
m0064,m0320,48.0,9.090e-76,233.0
m0064,m0322,44.1,8.470e-78,239.0
m0064,m0324,48.8,5.240e-89,263.0
m0064,m0328,44.9,9.870e-78,235.0
m0064,m0329,57.9,5.420e-106,304.0
m0064,m0331,47.0,1.110e-82,250.0
m0064,m0332,56.4,9.080e-120,341.0
m0064,m0333,42.8,8.140e-77,237.0
m0064,m0335,50.9,3.640e-77,231.0
m0064,m0336,44.4,2.370e-80,241.0
m0064,m0337,61.3,1.020e-117,335.0
m0064,m0339,43.9,1.820e-78,241.0
m0064,m0340,50.5,2.640e-91,268.0
m0064,m0343,47.1,1.320e-83,248.0
m0064,m0344,43.1,7.360e-78,239.0
m0064,m0345,49.8,3.220e-97,283.0
m0064,m0347,46.2,1.930e-80,246.0
m0064,m0348,43.4,1.200e-74,231.0
m0064,m0349,46.8,1.490e-86,261.0
m0064,m0351,44.3,1.580e-83,249.0
m0064,m0354,46.1,2.860e-80,240.0
m0064,m0356,48.3,4.420e-82,245.0
m0064,m0363,44.4,2.200e-78,240.0
m0064,m0364,56.1,5.170e-100,290.0
m0064,m0365,48.4,3.980e-92,270.0
m0064,m0368,49.3,1.620e-91,269.0
m0064,m0369,31.7,4.550e-31,114.0
m0064,m0370,46.8,7.440e-79,237.0
m0064,m0371,37.1,3.790e-46,155.0
m0064,m0372,59.7,3.470e-116,331.0
m0064,m0377,58.0,8.310e-122,346.0
m0064,m0378,44.8,3.700e-77,238.0
m0064,m0380,61.9,2.720e-115,329.0
m0064,m0382,52.5,1.970e-103,299.0
m0064,m0383,43.9,3.410e-78,235.0
m0064,m0385,46.2,2.090e-72,221.0
m0064,m0387,41.5,2.080e-65,202.0
m0064,m0388,60.4,4.590e-130,367.0
m0064,m0390,62.1,8.050e-126,356.0
m0064,m0393,43.5,5.790e-78,240.0
m0064,m0394,62.1,4.260e-121,344.0
m0064,m0397,45.2,5.500e-68,214.0
m0064,m0399,45.6,4.140e-80,244.0
m0064,m0401,60.7,1.450e-125,355.0
m0064,m0404,42.1,3.120e-66,206.0
m0064,m0405,42.7,4.470e-81,245.0
m0064,m0407,45.2,8.200e-81,241.0
m0064,m0409,45.4,8.880e-78,234.0
m0064,m0411,61.6,3.900e-133,375.0
m0065,m0067,43.4,5.570e-71,216.0
m0065,m0068,44.2,7.460e-67,204.0
m0065,m0069,42.6,2.230e-61,195.0
m0065,m0070,45.2,5.120e-75,226.0
m0065,m0071,45.7,2.090e-75,226.0
m0065,m0072,50.4,1.230e-82,245.0
m0065,m0074,44.0,2.850e-73,222.0
m0065,m0075,46.0,3.010e-77,231.0
m0065,m0077,45.6,8.760e-62,191.0
m0065,m0078,43.0,4.670e-68,207.0
m0065,m0080,44.0,7.120e-75,226.0
m0065,m0084,43.9,3.250e-75,226.0
m0065,m0086,50.6,7.250e-82,243.0
m0065,m0088,44.3,4.900e-65,201.0
m0065,m0090,46.8,1.080e-83,248.0
m0065,m0093,46.8,1.770e-67,212.0
m0065,m0094,43.9,1.540e-63,201.0
m0065,m0095,44.3,9.400e-77,231.0
m0065,m0096,47.0,2.410e-66,209.0
m0065,m0097,47.5,1.710e-79,238.0
m0065,m0098,42.6,1.210e-73,223.0
m0065,m0101,47.1,1.490e-83,248.0
m0065,m0102,47.6,6.910e-74,223.0
m0065,m0103,42.8,9.160e-72,218.0
m0065,m0104,53.8,3.470e-101,293.0
m0065,m0105,52.0,5.170e-86,253.0
m0065,m0110,51.6,8.130e-93,271.0
m0065,m0112,47.7,2.650e-68,213.0
m0065,m0114,44.6,1.370e-59,190.0
m0065,m0119,47.3,2.160e-76,230.0
m0065,m0121,52.9,4.250e-95,277.0
m0065,m0124,59.1,7.210e-102,293.0
m0065,m0125,51.2,2.360e-93,273.0
m0065,m0126,44.4,7.420e-66,206.0
m0065,m0129,45.3,1.840e-73,221.0
m0065,m0131,45.8,2.340e-66,207.0
m0065,m0132,57.0,1.090e-99,288.0
m0065,m0134,46.1,5.720e-72,219.0
m0065,m0135,54.4,3.540e-100,290.0
m0065,m0138,30.5,2.100e-32,116.0
m0065,m0139,42.4,1.450e-62,199.0
m0065,m0142,53.5,8.530e-92,268.0
m0065,m0145,48.1,2.060e-82,249.0
m0065,m0150,53.1,6.990e-98,284.0
m0065,m0155,44.9,6.160e-66,207.0
m0065,m0156,47.7,2.190e-80,240.0
m0065,m0158,45.6,1.160e-66,209.0
m0065,m0159,43.1,2.770e-61,195.0
m0065,m0160,39.1,4.050e-55,175.0
m0065,m0161,33.5,1.080e-37,129.0
m0065,m0162,44.8,1.390e-63,202.0
m0065,m0163,49.6,9.170e-86,253.0
m0065,m0164,42.6,1.200e-66,209.0
m0065,m0166,41.4,1.150e-54,174.0
m0065,m0167,48.8,9.920e-88,258.0
m0065,m0168,44.7,5.190e-75,226.0
m0065,m0169,58.5,3.900e-103,298.0
m0065,m0170,44.6,7.260e-67,209.0
m0065,m0171,50.0,3.110e-85,252.0
m0065,m0173,41.3,1.080e-61,196.0
m0065,m0174,43.7,1.390e-62,198.0
m0065,m0175,44.2,1.100e-64,204.0
m0065,m0176,44.6,1.340e-77,233.0
m0065,m0177,44.9,4.680e-78,234.0
m0065,m0179,43.6,6.460e-62,196.0
m0065,m0182,46.4,2.390e-67,211.0
m0065,m0183,46.9,1.720e-66,208.0
m0065,m0184,43.7,3.670e-75,226.0
m0065,m0187,61.2,1.610e-105,302.0
m0065,m0188,45.1,2.580e-64,203.0
m0065,m0191,45.6,2.290e-74,224.0
m0065,m0192,46.0,3.910e-77,231.0
m0065,m0193,54.8,2.350e-106,306.0
m0065,m0194,42.1,2.130e-71,217.0
m0065,m0197,47.1,2.810e-80,240.0
m0065,m0198,42.3,5.010e-62,197.0
m0065,m0204,40.1,2.580e-54,174.0
m0065,m0205,46.1,1.790e-68,214.0
m0065,m0209,45.4,2.920e-74,223.0
m0065,m0212,44.8,8.440e-66,203.0
m0065,m0213,47.5,2.100e-69,216.0
m0065,m0214,46.1,1.400e-66,209.0
m0065,m0215,44.7,1.930e-64,202.0
m0065,m0225,43.2,6.320e-66,207.0
m0065,m0226,46.5,1.050e-68,214.0
m0065,m0228,58.2,1.990e-103,297.0
m0065,m0229,55.3,1.570e-102,296.0
m0065,m0230,48.0,9.370e-81,241.0
m0065,m0231,53.4,2.310e-100,291.0
m0065,m0232,54.7,3.840e-98,285.0
m0065,m0233,55.4,2.140e-101,293.0
m0065,m0235,42.0,9.220e-58,183.0
m0065,m0236,44.9,2.180e-70,218.0
m0065,m0241,54.8,4.240e-103,298.0
m0065,m0242,36.7,2.730e-56,178.0
m0065,m0243,42.4,3.070e-64,202.0
m0065,m0244,46.6,7.780e-80,238.0
m0065,m0246,53.3,1.170e-102,296.0
m0065,m0247,43.9,2.050e-63,199.0
m0065,m0248,45.0,1.370e-73,223.0
m0065,m0251,48.6,3.080e-84,249.0
m0065,m0253,45.4,6.870e-66,207.0
m0065,m0258,46.6,1.940e-67,210.0
m0065,m0261,53.5,4.200e-99,288.0
m0065,m0263,47.3,1.940e-76,230.0
m0065,m0266,45.1,2.000e-70,214.0
m0065,m0267,45.3,1.370e-69,211.0
m0065,m0271,54.4,4.040e-105,303.0
m0065,m0272,49.1,2.170e-83,247.0
m0065,m0273,38.8,6.540e-46,153.0
m0065,m0276,44.1,8.010e-66,207.0
m0065,m0278,44.8,2.180e-61,195.0
m0065,m0280,43.6,4.280e-65,204.0
m0065,m0281,42.9,2.570e-63,200.0
m0065,m0282,42.1,3.110e-55,173.0
m0065,m0284,46.1,2.750e-75,226.0
m0065,m0287,33.1,1.460e-38,132.0
m0065,m0290,47.2,1.650e-80,240.0
m0065,m0292,45.2,1.190e-78,234.0
m0065,m0293,44.4,3.820e-69,215.0
m0065,m0294,44.6,3.180e-64,199.0
m0065,m0295,44.1,1.090e-66,208.0
m0065,m0297,58.2,8.850e-105,301.0
m0065,m0303,46.2,3.350e-81,241.0
m0065,m0304,54.9,2.760e-105,303.0
m0065,m0309,54.8,6.470e-101,293.0
m0065,m0311,45.9,4.560e-77,231.0
m0065,m0312,47.1,1.730e-77,231.0
m0065,m0314,47.5,3.060e-68,214.0
m0065,m0315,57.8,1.380e-106,306.0
m0065,m0317,56.1,5.830e-100,289.0
m0065,m0318,42.2,3.380e-59,190.0
m0065,m0320,43.1,1.790e-57,184.0
m0065,m0322,45.5,1.310e-69,217.0
m0065,m0324,43.9,1.860e-70,214.0
m0065,m0328,45.0,6.250e-64,199.0
m0065,m0329,59.9,3.120e-105,301.0
m0065,m0331,42.6,1.520e-66,208.0
m0065,m0332,56.2,2.780e-106,306.0
m0065,m0333,46.4,1.850e-67,212.0
m0065,m0335,45.7,2.150e-65,201.0
m0065,m0336,43.5,1.560e-60,189.0
m0065,m0337,60.5,9.280e-104,298.0
m0065,m0339,42.7,5.220e-63,200.0
m0065,m0340,44.5,3.550e-67,206.0
m0065,m0343,52.2,1.510e-90,265.0
m0065,m0344,46.3,2.840e-66,209.0
m0065,m0345,44.9,1.830e-75,227.0
m0065,m0347,46.5,6.610e-67,210.0
m0065,m0348,44.7,2.690e-65,206.0
m0065,m0349,44.6,7.820e-66,207.0
m0065,m0351,45.2,1.330e-79,238.0
m0065,m0354,45.8,4.410e-77,231.0
m0065,m0356,45.4,2.430e-70,214.0
m0065,m0363,45.0,3.510e-66,208.0
m0065,m0364,47.9,4.870e-80,238.0
m0065,m0365,44.6,1.400e-71,217.0
m0065,m0368,46.4,1.070e-73,223.0
m0065,m0369,34.6,2.330e-41,141.0
m0065,m0370,45.9,2.880e-70,214.0
m0065,m0371,35.9,4.410e-44,149.0
m0065,m0372,50.9,1.510e-87,258.0
m0065,m0377,55.4,3.710e-98,285.0
m0065,m0378,47.2,6.610e-67,210.0
m0065,m0380,55.9,3.220e-99,287.0
m0065,m0382,57.2,4.890e-104,300.0
m0065,m0383,43.9,2.870e-71,217.0
m0065,m0385,42.8,3.000e-66,204.0
m0065,m0387,43.3,1.210e-73,222.0
m0065,m0388,52.9,9.240e-100,290.0
m0065,m0390,57.0,6.520e-103,297.0
m0065,m0393,45.9,1.710e-65,207.0
m0065,m0394,53.4,1.680e-98,286.0
m0065,m0397,44.2,9.520e-61,194.0
m0065,m0399,45.6,3.460e-68,213.0
m0065,m0401,57.4,3.820e-106,305.0
m0065,m0404,44.4,3.820e-61,192.0
m0065,m0405,45.1,9.580e-68,210.0
m0065,m0407,48.1,1.640e-83,248.0
m0065,m0409,47.7,1.030e-70,216.0
m0065,m0411,56.4,9.290e-107,307.0
m0066,m0070,38.1,5.360e-07,43.9
m0066,m0071,31.9,1.600e-11,57.4
m0066,m0074,30.2,9.740e-07,43.1
m0066,m0080,32.8,2.690e-09,50.8
m0066,m0088,32.1,5.130e-08,47.0
m0066,m0093,33.0,3.680e-10,53.9
m0066,m0096,33.3,3.750e-09,50.8
m0066,m0112,32.6,6.220e-11,56.2
m0066,m0124,32.1,6.250e-14,64.3
m0066,m0126,34.1,4.780e-08,47.4
m0066,m0134,31.9,1.720e-06,42.4
m0066,m0150,34.9,3.370e-10,53.5
m0066,m0155,32.1,1.150e-09,52.4
m0066,m0158,31.9,1.570e-09,52.0
m0066,m0159,31.1,3.750e-08,47.8
m0066,m0162,30.1,5.140e-09,50.4
m0066,m0168,30.1,8.750e-09,49.3
m0066,m0169,30.6,3.340e-11,56.6
m0066,m0183,35.8,2.710e-08,48.1
m0066,m0185,47.7,6.900e-95,276.0
m0066,m0191,35.0,9.000e-06,40.0
m0066,m0204,30.6,2.400e-07,45.1
m0066,m0205,33.9,8.730e-10,52.8
m0066,m0212,33.1,2.100e-10,54.3
m0066,m0213,34.8,1.090e-10,55.5
m0066,m0214,31.9,4.940e-10,53.5
m0066,m0215,32.4,4.820e-08,47.4
m0066,m0225,31.5,1.170e-07,46.2
m0066,m0226,32.1,3.700e-09,50.8
m0066,m0235,30.3,3.140e-09,50.8
m0066,m0236,31.3,1.140e-08,49.3
m0066,m0247,32.6,8.300e-09,49.7
m0066,m0253,31.9,1.180e-09,52.4
m0066,m0258,35.8,2.700e-08,48.1
m0066,m0266,33.5,1.460e-09,51.6
m0066,m0277,42.5,4.370e-47,153.0
m0066,m0294,32.4,8.100e-11,55.5
m0066,m0295,33.3,1.480e-08,48.9
m0066,m0312,31.1,8.240e-08,46.2
m0066,m0314,32.2,1.580e-09,52.0
m0066,m0322,35.1,3.480e-11,57.0
m0066,m0324,38.5,7.020e-07,43.5
m0066,m0328,30.2,9.920e-08,46.2
m0066,m0332,30.3,2.570e-10,53.9
m0066,m0333,34.8,2.760e-10,54.3
m0066,m0336,31.5,5.150e-09,50.1
m0066,m0339,37.5,2.830e-08,48.1
m0066,m0340,32.6,1.220e-07,45.8
m0066,m0344,34.2,3.690e-10,53.9
m0066,m0347,32.6,3.680e-10,53.9
m0066,m0348,31.9,2.810e-09,51.2
m0066,m0363,33.0,2.690e-10,54.3
m0066,m0378,32.1,6.580e-10,53.1
m0066,m0393,31.2,4.960e-10,53.5
m0066,m0394,31.1,6.970e-12,58.5
m0066,m0396,41.5,2.120e-49,159.0
m0066,m0397,31.2,5.080e-09,50.4
m0066,m0399,32.6,2.570e-11,57.4
m0066,m0407,32.8,7.530e-14,64.3
m0067,m0068,46.1,1.410e-67,207.0
m0067,m0069,40.7,1.520e-54,177.0
m0067,m0070,40.8,9.410e-71,216.0
m0067,m0071,41.8,6.040e-64,197.0
m0067,m0072,41.3,2.210e-61,191.0
m0067,m0074,41.9,3.270e-67,207.0
m0067,m0075,49.6,2.740e-89,263.0
m0067,m0077,43.2,1.790e-55,175.0
m0067,m0078,48.8,6.300e-80,238.0
m0067,m0080,52.9,1.630e-110,317.0
m0067,m0084,40.7,1.470e-65,202.0
m0067,m0086,44.9,1.060e-76,230.0
m0067,m0088,39.6,2.180e-54,174.0
m0067,m0090,39.1,1.240e-63,197.0
m0067,m0093,39.5,2.130e-51,170.0
m0067,m0094,42.9,1.980e-57,185.0
m0067,m0095,70.9,2.180e-155,431.0
m0067,m0096,40.1,9.430e-53,174.0
m0067,m0097,45.0,2.020e-73,223.0
m0067,m0098,42.5,2.440e-68,209.0
m0067,m0101,72.4,2.100e-162,449.0
m0067,m0102,48.8,1.550e-94,276.0
m0067,m0103,38.3,2.840e-52,168.0
m0067,m0104,46.5,2.500e-81,243.0
m0067,m0105,40.0,3.170e-57,180.0
m0067,m0110,45.4,1.010e-78,236.0
m0067,m0112,40.7,1.240e-53,176.0
m0067,m0114,41.9,2.860e-55,179.0
m0067,m0119,40.1,6.170e-62,194.0
m0067,m0121,45.7,4.470e-77,231.0
m0067,m0124,47.6,3.960e-79,236.0
m0067,m0125,42.8,8.250e-79,236.0
m0067,m0126,38.4,9.330e-52,170.0
m0067,m0129,37.9,4.050e-48,156.0
m0067,m0131,37.5,3.660e-49,163.0
m0067,m0132,45.6,5.500e-80,239.0
m0067,m0134,38.1,1.040e-54,175.0
m0067,m0135,42.6,3.890e-71,217.0
m0067,m0138,33.6,8.750e-39,133.0
m0067,m0139,39.5,2.000e-47,159.0
m0067,m0142,46.7,2.350e-79,236.0
m0067,m0145,52.2,8.670e-100,294.0
m0067,m0150,45.2,3.990e-74,224.0
m0067,m0155,38.0,2.000e-50,167.0
m0067,m0156,45.5,1.120e-78,236.0
m0067,m0158,38.0,3.480e-52,172.0
m0067,m0159,39.0,6.590e-55,179.0
m0067,m0160,37.7,5.520e-59,185.0
m0067,m0161,34.5,5.370e-38,130.0
m0067,m0162,42.1,2.850e-53,176.0
m0067,m0163,40.7,3.750e-57,180.0
m0067,m0164,39.9,1.080e-50,168.0
m0067,m0166,41.5,7.110e-70,214.0
m0067,m0167,43.6,2.980e-71,217.0
m0067,m0168,52.5,1.120e-108,312.0
m0067,m0169,49.2,4.120e-83,248.0
m0067,m0170,37.5,8.480e-49,162.0
m0067,m0171,42.2,1.990e-58,184.0
m0067,m0173,38.9,1.560e-47,159.0
m0067,m0174,41.9,2.320e-57,185.0
m0067,m0175,39.1,1.530e-52,172.0
m0067,m0176,50.2,6.360e-110,315.0
m0067,m0177,72.6,9.330e-172,473.0
m0067,m0179,41.7,1.370e-53,174.0
m0067,m0182,37.1,9.430e-55,179.0
m0067,m0183,39.0,2.810e-47,158.0
m0067,m0184,52.2,6.840e-110,315.0
m0067,m0187,48.9,1.250e-85,252.0
m0067,m0188,38.0,6.790e-52,171.0
m0067,m0191,46.8,5.740e-81,241.0
m0067,m0192,40.8,3.990e-72,219.0
m0067,m0193,47.1,4.460e-87,258.0
m0067,m0194,50.8,7.370e-107,308.0
m0067,m0197,40.6,4.880e-68,209.0
m0067,m0198,41.0,1.960e-58,188.0
m0067,m0204,39.0,2.800e-50,164.0
m0067,m0205,41.0,8.980e-52,171.0
m0067,m0209,36.3,8.740e-53,169.0
m0067,m0212,41.2,4.080e-54,174.0
m0067,m0213,39.8,1.950e-50,167.0
m0067,m0214,42.0,1.060e-52,174.0
m0067,m0215,38.6,3.530e-48,160.0
m0067,m0225,38.0,1.100e-50,167.0
m0067,m0226,39.9,2.210e-50,167.0
m0067,m0227,30.2,2.350e-21,86.3
m0067,m0228,48.7,1.170e-85,252.0
m0067,m0229,45.9,2.790e-86,256.0
m0067,m0230,42.2,7.060e-73,221.0
m0067,m0231,45.1,3.180e-83,248.0
m0067,m0232,44.0,4.420e-74,224.0
m0067,m0233,43.5,7.460e-74,223.0
m0067,m0235,39.8,2.010e-57,183.0
m0067,m0236,39.3,1.460e-52,172.0
m0067,m0241,45.6,6.530e-80,239.0
m0067,m0242,37.4,3.640e-57,181.0
m0067,m0243,37.6,2.930e-47,158.0
m0067,m0244,49.0,4.840e-100,290.0
m0067,m0246,47.6,2.340e-85,253.0
m0067,m0247,40.9,1.630e-55,179.0
m0067,m0248,55.0,3.740e-118,337.0
m0067,m0251,42.4,7.920e-69,210.0
m0067,m0253,42.0,7.220e-52,171.0
m0067,m0258,37.8,1.300e-47,159.0
m0067,m0261,49.3,3.450e-86,255.0
m0067,m0263,46.9,9.800e-86,254.0
m0067,m0266,39.4,6.340e-54,172.0
m0067,m0267,43.3,1.950e-75,226.0
m0067,m0271,45.2,1.750e-84,251.0
m0067,m0272,39.1,1.710e-60,189.0
m0067,m0273,38.0,1.580e-48,160.0
m0067,m0276,39.8,5.220e-55,179.0
m0067,m0277,31.6,1.910e-12,60.5
m0067,m0278,39.3,3.330e-57,184.0
m0067,m0280,39.6,1.410e-51,169.0
m0067,m0281,40.6,1.870e-60,193.0
m0067,m0282,40.3,9.060e-55,172.0
m0067,m0284,39.1,1.390e-51,166.0
m0067,m0287,32.0,3.190e-36,126.0
m0067,m0290,73.5,2.510e-166,459.0
m0067,m0292,42.7,1.270e-67,207.0
m0067,m0293,40.1,8.700e-51,168.0
m0067,m0294,40.3,4.770e-58,183.0
m0067,m0295,40.2,4.530e-50,165.0
m0067,m0297,45.8,2.770e-81,242.0
m0067,m0303,40.3,2.900e-69,211.0
m0067,m0304,50.2,2.100e-85,253.0
m0067,m0309,44.5,1.990e-71,218.0
m0067,m0311,72.1,1.040e-162,449.0
m0067,m0312,55.7,3.820e-110,315.0
m0067,m0314,39.5,2.740e-52,172.0
m0067,m0315,44.3,2.100e-78,235.0
m0067,m0317,45.2,6.110e-77,231.0
m0067,m0318,38.5,7.290e-54,176.0
m0067,m0320,40.6,2.630e-53,174.0
m0067,m0322,39.0,2.060e-51,170.0
m0067,m0324,37.8,1.360e-55,177.0
m0067,m0328,38.7,3.380e-54,174.0
m0067,m0329,48.0,1.460e-81,242.0
m0067,m0331,38.3,3.300e-54,176.0
m0067,m0332,48.1,1.950e-84,251.0
m0067,m0333,41.6,4.340e-51,169.0
m0067,m0335,39.9,5.730e-66,202.0
m0067,m0336,40.1,6.560e-57,181.0
m0067,m0337,46.2,4.310e-85,251.0
m0067,m0339,39.6,5.220e-55,179.0
m0067,m0340,40.2,2.810e-54,173.0
m0067,m0343,44.0,7.950e-67,205.0
m0067,m0344,39.7,3.950e-53,175.0
m0067,m0345,42.9,1.180e-68,210.0
m0067,m0347,38.9,2.740e-52,172.0
m0067,m0348,41.8,3.870e-51,169.0
m0067,m0349,38.0,4.540e-51,169.0
m0067,m0351,74.5,9.190e-169,465.0
m0067,m0354,46.4,2.290e-88,260.0
m0067,m0356,53.8,4.720e-123,349.0
m0067,m0363,42.1,1.020e-52,173.0
m0067,m0364,41.4,9.280e-70,213.0
m0067,m0365,41.4,7.340e-75,226.0
m0067,m0368,42.0,1.490e-71,218.0
m0067,m0369,40.6,2.440e-52,170.0
m0067,m0370,41.3,3.080e-58,184.0
m0067,m0371,37.8,6.660e-51,168.0
m0067,m0372,40.8,2.280e-71,217.0
m0067,m0377,46.6,1.290e-78,236.0
m0067,m0378,38.5,5.620e-51,169.0
m0067,m0380,45.5,2.080e-77,232.0
m0067,m0382,46.5,8.590e-88,259.0
m0067,m0383,59.4,3.500e-127,360.0
m0067,m0385,45.3,7.460e-85,252.0
m0067,m0387,38.4,2.070e-57,181.0
m0067,m0388,44.9,6.630e-80,239.0
m0067,m0390,45.3,5.130e-77,231.0
m0067,m0393,40.1,1.560e-53,176.0
m0067,m0394,39.9,6.170e-73,221.0
m0067,m0397,40.3,6.580e-58,187.0
m0067,m0399,40.3,5.210e-56,182.0
m0067,m0401,49.7,2.210e-88,260.0
m0067,m0404,39.6,3.220e-53,172.0
m0067,m0405,40.7,1.530e-52,171.0
m0067,m0407,38.4,1.100e-55,177.0
m0067,m0409,66.0,1.410e-147,412.0
m0067,m0411,45.1,2.120e-83,248.0
m0068,m0069,38.9,4.880e-54,175.0
m0068,m0070,51.8,7.760e-92,269.0
m0068,m0071,47.0,2.370e-76,228.0
m0068,m0072,36.4,1.800e-49,159.0
m0068,m0074,48.2,3.650e-81,242.0
m0068,m0075,42.4,3.790e-60,187.0
m0068,m0077,43.6,2.090e-59,184.0
m0068,m0078,40.7,2.830e-63,195.0
m0068,m0080,40.1,4.760e-60,187.0
m0068,m0084,41.4,1.360e-67,206.0
m0068,m0086,48.2,4.350e-85,251.0
m0068,m0088,41.2,7.590e-57,179.0
m0068,m0090,40.7,2.010e-63,196.0
m0068,m0093,42.6,3.990e-64,202.0
m0068,m0094,41.9,8.960e-61,193.0
m0068,m0095,43.1,2.780e-57,180.0
m0068,m0096,40.2,8.280e-62,196.0
m0068,m0097,44.9,7.040e-75,225.0
m0068,m0098,48.0,6.120e-81,241.0
m0068,m0101,43.2,1.720e-67,206.0
m0068,m0102,41.4,4.130e-63,195.0
m0068,m0103,40.1,9.470e-59,184.0
m0068,m0104,47.5,8.990e-80,238.0
m0068,m0105,39.1,2.110e-47,154.0
m0068,m0110,45.0,4.830e-72,218.0
m0068,m0112,43.4,4.000e-62,197.0
m0068,m0114,42.5,8.500e-56,180.0
m0068,m0119,41.5,2.820e-64,199.0
m0068,m0121,43.4,7.340e-63,194.0
m0068,m0124,46.7,5.380e-78,232.0
m0068,m0125,47.2,4.830e-84,248.0
m0068,m0126,39.6,8.760e-63,197.0
m0068,m0129,39.2,2.600e-52,166.0
m0068,m0131,44.2,2.600e-60,191.0
m0068,m0132,45.4,1.340e-76,229.0
m0068,m0134,39.9,6.520e-64,197.0
m0068,m0135,45.8,4.670e-84,249.0
m0068,m0139,41.9,1.260e-58,188.0
m0068,m0142,46.1,3.190e-78,233.0
m0068,m0145,41.7,2.800e-61,194.0
m0068,m0150,42.1,1.220e-65,201.0
m0068,m0155,42.0,4.990e-59,189.0
m0068,m0156,51.7,4.290e-87,256.0
m0068,m0158,40.6,2.850e-62,197.0
m0068,m0159,40.1,2.890e-59,189.0
m0068,m0160,42.0,9.340e-68,207.0
m0068,m0162,42.9,3.680e-62,198.0
m0068,m0163,35.2,1.310e-46,152.0
m0068,m0164,42.3,1.070e-62,198.0
m0068,m0166,39.2,1.830e-48,158.0
m0068,m0167,47.3,5.400e-81,241.0
m0068,m0168,39.7,1.230e-60,189.0
m0068,m0169,46.7,5.230e-79,236.0
m0068,m0170,41.0,7.420e-58,185.0
m0068,m0171,37.0,2.280e-45,149.0
m0068,m0173,41.1,1.120e-55,179.0
m0068,m0174,43.3,6.260e-59,188.0
m0068,m0175,40.5,6.340e-58,186.0
m0068,m0176,40.8,1.850e-62,193.0
m0068,m0177,41.6,7.950e-61,189.0
m0068,m0179,41.8,4.540e-57,182.0
m0068,m0182,40.4,4.150e-59,189.0
m0068,m0183,42.2,6.730e-57,182.0
m0068,m0184,41.8,7.780e-62,192.0
m0068,m0187,47.9,1.650e-79,236.0
m0068,m0188,42.0,2.280e-60,192.0
m0068,m0191,41.7,5.730e-66,202.0
m0068,m0192,47.0,8.240e-70,212.0
m0068,m0193,48.8,1.660e-87,258.0
m0068,m0194,41.5,3.900e-62,192.0
m0068,m0197,51.1,5.230e-90,264.0
m0068,m0198,39.2,1.090e-54,177.0
m0068,m0204,40.2,3.000e-55,176.0
m0068,m0205,42.3,3.170e-64,202.0
m0068,m0209,38.1,5.600e-50,160.0
m0068,m0212,43.3,1.460e-59,187.0
m0068,m0213,39.2,3.050e-60,191.0
m0068,m0214,43.1,1.730e-62,198.0
m0068,m0215,42.4,5.630e-54,175.0
m0068,m0225,40.9,1.830e-55,179.0
m0068,m0226,41.6,1.210e-65,206.0
m0068,m0228,47.7,6.690e-81,239.0
m0068,m0229,47.3,1.300e-79,238.0
m0068,m0230,48.1,2.030e-81,242.0
m0068,m0231,44.6,1.030e-76,231.0
m0068,m0232,47.9,2.730e-84,249.0
m0068,m0233,48.5,3.040e-82,244.0
m0068,m0235,41.8,1.500e-58,185.0
m0068,m0236,41.5,1.280e-60,192.0
m0068,m0241,45.5,3.150e-81,241.0
m0068,m0242,38.7,1.960e-55,175.0
m0068,m0243,38.8,7.610e-56,180.0
m0068,m0244,39.8,2.750e-65,201.0
m0068,m0246,43.9,6.970e-80,238.0
m0068,m0247,42.3,2.830e-62,196.0
m0068,m0248,44.2,1.130e-62,194.0
m0068,m0251,42.3,1.210e-66,204.0
m0068,m0253,40.8,2.170e-62,198.0
m0068,m0258,43.1,2.340e-56,181.0
m0068,m0261,47.3,2.740e-83,247.0
m0068,m0263,39.1,1.290e-58,184.0
m0068,m0266,39.7,1.310e-61,191.0
m0068,m0267,45.6,1.270e-77,231.0
m0068,m0271,48.4,3.010e-83,247.0
m0068,m0272,39.8,3.220e-56,177.0
m0068,m0276,42.6,8.410e-64,201.0
m0068,m0277,30.9,2.850e-12,59.7
m0068,m0278,42.8,4.120e-56,181.0
m0068,m0280,42.1,3.090e-60,191.0
m0068,m0281,43.2,1.170e-59,190.0
m0068,m0282,39.2,5.800e-49,157.0
m0068,m0284,41.2,1.490e-56,178.0
m0068,m0290,40.5,5.190e-64,197.0
m0068,m0291,30.5,1.520e-18,77.8
m0068,m0292,46.0,8.380e-73,219.0
m0068,m0293,41.0,2.730e-60,192.0
m0068,m0294,40.8,2.830e-61,191.0
m0068,m0295,39.1,6.240e-57,182.0
m0068,m0297,49.6,4.020e-87,256.0
m0068,m0303,43.3,9.510e-72,217.0
m0068,m0304,49.1,1.030e-83,248.0
m0068,m0309,45.3,2.430e-73,222.0
m0068,m0311,42.8,4.860e-67,205.0
m0068,m0312,43.8,2.050e-64,197.0
m0068,m0314,43.6,1.150e-62,199.0
m0068,m0315,45.7,1.950e-82,244.0
m0068,m0317,45.9,8.080e-76,227.0
m0068,m0318,37.5,3.060e-54,176.0
m0068,m0320,42.9,4.470e-57,183.0
m0068,m0322,39.9,1.190e-61,196.0
m0068,m0324,40.3,9.430e-67,204.0
m0068,m0328,41.7,1.540e-60,189.0
m0068,m0329,46.4,1.590e-79,236.0
m0068,m0331,41.5,1.410e-58,187.0
m0068,m0332,45.9,2.320e-78,234.0
m0068,m0333,41.8,2.730e-65,206.0
m0068,m0335,42.2,3.210e-55,174.0
m0068,m0336,42.2,2.820e-63,196.0
m0068,m0337,49.1,3.300e-83,246.0
m0068,m0339,40.8,6.850e-58,186.0
m0068,m0340,39.2,1.420e-59,186.0
m0068,m0341,35.7,7.530e-06,40.4
m0068,m0343,44.4,4.500e-62,192.0
m0068,m0344,41.8,1.380e-65,206.0
m0068,m0345,44.8,1.700e-69,211.0
m0068,m0347,41.4,5.350e-64,202.0
m0068,m0348,42.0,2.170e-62,198.0
m0068,m0349,42.2,8.110e-60,191.0
m0068,m0351,43.7,1.430e-69,212.0
m0068,m0354,39.2,1.230e-61,191.0
m0068,m0356,42.0,4.750e-57,180.0
m0068,m0359,31.0,4.970e-21,84.7
m0068,m0363,40.2,4.030e-63,199.0
m0068,m0364,39.9,3.680e-62,192.0
m0068,m0365,46.8,1.630e-85,252.0
m0068,m0368,49.8,5.570e-86,253.0
m0068,m0369,32.4,8.850e-22,87.8
m0068,m0370,41.9,9.220e-65,199.0
m0068,m0371,35.3,3.380e-39,136.0
m0068,m0372,44.0,5.390e-71,215.0
m0068,m0377,44.9,5.570e-81,241.0
m0068,m0378,42.3,2.090e-63,201.0
m0068,m0380,46.3,5.050e-82,243.0
m0068,m0382,44.0,1.960e-71,216.0
m0068,m0383,39.0,4.590e-60,187.0
m0068,m0385,42.9,1.170e-58,184.0
m0068,m0387,41.3,7.270e-57,179.0
m0068,m0388,42.6,7.620e-74,223.0
m0068,m0390,47.9,1.330e-83,247.0
m0068,m0393,43.6,6.420e-64,202.0
m0068,m0394,47.6,1.320e-78,234.0
m0068,m0397,40.1,8.480e-56,181.0
m0068,m0399,44.7,2.610e-66,207.0
m0068,m0401,49.5,7.600e-90,263.0
m0068,m0404,39.2,8.380e-59,185.0
m0068,m0405,42.4,5.100e-63,197.0
m0068,m0407,40.8,3.100e-63,195.0
m0068,m0409,42.1,5.720e-60,187.0
m0068,m0411,48.4,7.970e-84,248.0
m0069,m0070,47.3,4.490e-80,244.0
m0069,m0071,44.0,2.050e-72,223.0
m0069,m0072,35.3,2.230e-46,155.0
m0069,m0074,44.4,2.270e-69,216.0
m0069,m0075,38.1,3.130e-50,166.0
m0069,m0077,67.7,2.000e-128,365.0
m0069,m0078,40.1,5.970e-51,167.0
m0069,m0080,38.3,2.840e-50,166.0
m0069,m0084,42.1,6.720e-68,212.0
m0069,m0086,48.6,7.220e-86,258.0
m0069,m0088,65.3,5.240e-136,386.0
m0069,m0090,41.7,1.540e-65,206.0
m0069,m0093,58.7,1.290e-128,374.0
m0069,m0094,52.6,3.050e-134,387.0
m0069,m0095,35.7,1.030e-47,159.0
m0069,m0096,51.2,3.400e-130,378.0
m0069,m0097,47.8,4.260e-78,238.0
m0069,m0098,45.8,1.960e-75,231.0
m0069,m0101,38.0,1.490e-52,172.0
m0069,m0102,39.6,3.590e-59,189.0
m0069,m0103,37.3,7.310e-49,162.0
m0069,m0104,50.7,2.550e-87,262.0
m0069,m0105,40.8,1.790e-49,163.0
m0069,m0110,42.0,5.800e-64,202.0
m0069,m0112,64.5,1.600e-189,528.0
m0069,m0114,51.0,4.230e-125,363.0
m0069,m0119,41.0,3.920e-60,192.0
m0069,m0121,41.6,1.900e-61,195.0
m0069,m0124,53.3,2.340e-92,274.0
m0069,m0125,43.7,1.220e-71,221.0
m0069,m0126,53.4,8.980e-151,428.0
m0069,m0129,38.1,1.170e-45,153.0
m0069,m0131,62.5,1.090e-184,514.0
m0069,m0132,46.2,4.880e-78,238.0
m0069,m0134,57.9,2.630e-108,316.0
m0069,m0135,49.5,2.920e-82,249.0
m0069,m0139,51.7,8.350e-124,361.0
m0069,m0142,48.8,2.910e-80,243.0
m0069,m0145,41.0,4.620e-57,188.0
m0069,m0150,41.3,4.930e-64,202.0
m0069,m0155,51.9,8.000e-127,369.0
m0069,m0156,47.6,1.000e-82,250.0
m0069,m0158,49.8,1.890e-126,368.0
m0069,m0159,48.6,7.310e-107,318.0
m0069,m0160,36.5,4.130e-47,157.0
m0069,m0162,58.9,5.700e-124,363.0
m0069,m0163,40.2,6.070e-48,159.0
m0069,m0164,62.3,6.570e-187,521.0
m0069,m0166,36.2,1.420e-37,133.0
m0069,m0167,47.5,4.410e-82,248.0
m0069,m0168,38.9,3.640e-52,171.0
m0069,m0169,47.0,1.200e-76,235.0
m0069,m0170,58.2,3.600e-173,485.0
m0069,m0171,34.4,6.170e-43,146.0
m0069,m0173,58.0,4.290e-116,340.0
m0069,m0174,74.1,8.180e-232,634.0
m0069,m0175,53.5,5.620e-133,384.0
m0069,m0176,38.0,2.290e-53,174.0
m0069,m0177,37.3,9.370e-52,170.0
m0069,m0179,52.3,1.480e-124,361.0
m0069,m0182,49.0,5.690e-126,367.0
m0069,m0183,56.2,2.790e-152,432.0
m0069,m0184,41.0,1.240e-53,175.0
m0069,m0187,44.5,4.660e-71,219.0
m0069,m0188,61.6,1.250e-183,513.0
m0069,m0191,40.4,1.820e-54,176.0
m0069,m0192,47.1,4.610e-76,233.0
m0069,m0193,46.0,4.040e-80,244.0
m0069,m0194,36.6,2.210e-49,164.0
m0069,m0197,44.5,1.460e-78,240.0
m0069,m0198,49.2,3.690e-106,315.0
m0069,m0204,51.1,1.010e-98,293.0
m0069,m0205,62.0,1.450e-130,379.0
m0069,m0209,39.6,2.500e-53,173.0
m0069,m0212,65.7,8.080e-149,420.0
m0069,m0213,55.9,4.260e-130,376.0
m0069,m0214,58.5,2.240e-132,384.0
m0069,m0215,57.4,3.250e-140,402.0
m0069,m0225,56.5,3.260e-141,405.0
m0069,m0226,57.6,1.960e-123,360.0
m0069,m0228,49.8,1.430e-81,246.0
m0069,m0229,49.1,2.190e-86,260.0
m0069,m0230,44.7,8.370e-80,243.0
m0069,m0231,45.7,1.070e-75,233.0
m0069,m0232,47.9,3.350e-82,249.0
m0069,m0233,48.6,3.970e-82,248.0
m0069,m0235,70.9,6.860e-144,408.0
m0069,m0236,52.5,1.420e-123,359.0
m0069,m0241,42.7,9.010e-67,209.0
m0069,m0242,36.8,2.220e-53,174.0
m0069,m0243,50.3,3.720e-122,356.0
m0069,m0244,44.1,8.440e-67,209.0
m0069,m0246,48.4,1.270e-82,250.0
m0069,m0247,62.7,6.620e-190,527.0
m0069,m0248,38.4,1.830e-49,164.0
m0069,m0251,43.0,8.780e-66,206.0
m0069,m0253,50.7,5.660e-129,375.0
m0069,m0258,60.9,1.730e-181,506.0
m0069,m0261,43.7,9.400e-78,238.0
m0069,m0263,41.6,3.450e-60,192.0
m0069,m0266,57.9,5.500e-110,320.0
m0069,m0267,45.6,7.960e-74,226.0
m0069,m0271,48.3,4.740e-82,249.0
m0069,m0272,44.7,8.620e-75,229.0
m0069,m0273,35.1,5.220e-35,127.0
m0069,m0276,54.1,1.660e-139,401.0
m0069,m0277,32.1,2.130e-16,72.8
m0069,m0278,54.1,9.940e-139,398.0
m0069,m0280,62.0,1.680e-184,513.0
m0069,m0281,52.8,1.740e-139,400.0
m0069,m0282,41.6,1.950e-50,164.0
m0069,m0284,37.4,3.310e-49,163.0
m0069,m0290,40.3,1.210e-56,183.0
m0069,m0292,46.6,8.670e-73,224.0
m0069,m0293,47.7,1.080e-119,350.0
m0069,m0294,72.2,4.670e-148,417.0
m0069,m0295,52.6,5.380e-140,400.0
m0069,m0297,48.6,1.590e-86,259.0
m0069,m0303,43.3,5.550e-71,219.0
m0069,m0304,47.5,7.230e-81,246.0
m0069,m0309,46.6,5.820e-73,226.0
m0069,m0311,38.0,1.960e-53,174.0
m0069,m0312,37.1,7.820e-49,161.0
m0069,m0314,57.9,7.810e-127,369.0
m0069,m0315,41.1,3.540e-66,207.0
m0069,m0317,48.0,1.330e-81,247.0
m0069,m0318,53.7,2.560e-158,449.0
m0069,m0320,50.9,6.270e-122,355.0
m0069,m0322,60.8,2.260e-127,370.0
m0069,m0324,59.8,1.120e-114,332.0
m0069,m0328,73.3,6.910e-159,446.0
m0069,m0329,42.6,1.160e-64,202.0
m0069,m0331,63.4,1.030e-187,522.0
m0069,m0332,51.2,2.610e-88,265.0
m0069,m0333,59.0,3.280e-132,383.0
m0069,m0335,39.8,1.320e-52,171.0
m0069,m0336,71.7,3.580e-152,428.0
m0069,m0337,48.0,6.590e-82,247.0
m0069,m0339,55.1,3.890e-143,410.0
m0069,m0340,55.5,8.500e-106,309.0
m0069,m0343,36.8,9.620e-54,174.0
m0069,m0344,59.5,4.260e-130,378.0
m0069,m0345,48.1,4.780e-76,233.0
m0069,m0347,55.3,1.110e-126,369.0
m0069,m0348,61.5,1.750e-130,379.0
m0069,m0349,55.1,2.510e-133,385.0
m0069,m0351,38.9,5.030e-55,179.0
m0069,m0354,41.3,6.130e-60,191.0
m0069,m0356,39.3,5.220e-52,171.0
m0069,m0363,50.4,4.290e-125,364.0
m0069,m0364,39.6,1.520e-58,187.0
m0069,m0365,44.2,2.680e-74,228.0
m0069,m0368,48.2,9.880e-84,253.0
m0069,m0369,32.9,1.650e-31,117.0
m0069,m0370,68.1,1.980e-136,387.0
m0069,m0371,32.6,1.700e-35,130.0
m0069,m0372,43.2,2.190e-70,218.0
m0069,m0377,46.0,1.390e-74,229.0
m0069,m0378,58.5,3.560e-125,365.0
m0069,m0380,49.5,1.280e-81,247.0
m0069,m0382,44.6,7.020e-69,214.0
m0069,m0383,36.6,9.090e-53,173.0
m0069,m0385,42.0,3.130e-56,182.0
m0069,m0387,38.3,1.040e-51,169.0
m0069,m0388,45.6,1.120e-71,222.0
m0069,m0390,49.6,3.520e-86,259.0
m0069,m0393,58.5,3.420e-130,378.0
m0069,m0394,46.7,3.670e-83,251.0
m0069,m0396,30.1,6.710e-13,62.0
m0069,m0397,48.9,7.770e-107,318.0
m0069,m0399,63.0,2.900e-189,527.0
m0069,m0401,51.7,6.140e-92,273.0
m0069,m0404,51.6,2.550e-105,310.0
m0069,m0405,59.6,6.550e-113,330.0
m0069,m0407,39.5,6.780e-56,181.0
m0069,m0409,41.7,1.420e-54,178.0
m0069,m0411,49.6,5.060e-88,264.0
m0070,m0071,47.3,1.030e-92,271.0
m0070,m0072,41.7,2.330e-61,191.0
m0070,m0074,52.7,4.190e-101,294.0
m0070,m0075,40.4,4.680e-66,203.0
m0070,m0077,49.4,3.120e-77,231.0
m0070,m0078,42.5,1.680e-66,204.0
m0070,m0080,38.1,1.360e-64,200.0
m0070,m0084,45.8,1.830e-86,256.0
m0070,m0086,51.6,1.290e-101,294.0
m0070,m0088,46.0,2.980e-79,238.0
m0070,m0090,48.7,1.870e-96,281.0
m0070,m0093,47.2,9.200e-77,236.0
m0070,m0094,47.0,1.880e-80,245.0
m0070,m0095,39.1,1.310e-63,197.0
m0070,m0096,47.7,2.610e-78,240.0
m0070,m0097,52.0,1.330e-98,287.0
m0070,m0098,47.9,6.610e-101,293.0
m0070,m0101,42.5,9.820e-75,226.0
m0070,m0102,42.5,3.220e-70,214.0
m0070,m0103,43.8,4.210e-62,193.0
m0070,m0104,56.6,6.360e-108,310.0
m0070,m0105,42.6,4.290e-61,190.0
m0070,m0110,44.6,2.560e-71,217.0
m0070,m0112,45.2,5.540e-73,226.0
m0070,m0114,46.9,5.160e-79,241.0
m0070,m0119,46.4,1.090e-83,249.0
m0070,m0121,45.5,7.060e-71,216.0
m0070,m0124,56.6,1.720e-106,306.0
m0070,m0125,53.2,9.300e-102,295.0
m0070,m0126,49.0,2.830e-89,267.0
m0070,m0129,41.4,1.330e-53,171.0
m0070,m0131,48.4,8.850e-78,237.0
m0070,m0132,53.2,5.620e-101,292.0
m0070,m0134,47.5,2.110e-87,259.0
m0070,m0135,57.0,1.900e-106,307.0
m0070,m0139,44.4,3.260e-74,229.0
m0070,m0142,57.2,8.170e-106,304.0
m0070,m0145,42.0,1.530e-74,229.0
m0070,m0150,46.4,2.710e-83,248.0
m0070,m0155,49.5,1.030e-79,243.0
m0070,m0156,59.8,2.120e-127,360.0
m0070,m0158,46.9,7.950e-80,244.0
m0070,m0159,49.5,1.540e-80,246.0
m0070,m0160,41.2,8.350e-71,216.0
m0070,m0162,47.2,6.980e-78,240.0
m0070,m0163,42.4,5.130e-61,190.0
m0070,m0164,46.4,1.950e-77,238.0
m0070,m0166,36.5,1.330e-54,175.0
m0070,m0167,54.3,3.060e-103,298.0
m0070,m0168,40.1,2.810e-67,207.0
m0070,m0169,51.3,1.300e-105,305.0
m0070,m0170,46.6,4.880e-76,233.0
m0070,m0171,39.4,1.690e-60,189.0
m0070,m0173,44.4,3.550e-72,223.0
m0070,m0174,46.2,3.400e-82,249.0
m0070,m0175,49.5,2.960e-80,244.0
m0070,m0176,41.4,2.630e-67,207.0
m0070,m0177,39.1,4.220e-69,212.0
m0070,m0179,47.6,1.040e-75,232.0
m0070,m0182,48.7,1.150e-86,261.0
m0070,m0183,50.0,1.080e-82,250.0
m0070,m0184,43.6,1.410e-67,207.0
m0070,m0187,55.6,1.820e-98,285.0
m0070,m0188,50.9,1.290e-83,253.0
m0070,m0191,45.4,1.550e-67,207.0
m0070,m0192,45.2,1.320e-84,251.0
m0070,m0193,55.5,3.920e-114,327.0
m0070,m0194,38.9,1.250e-62,195.0
m0070,m0197,71.9,8.770e-169,465.0
m0070,m0198,46.1,3.860e-74,229.0
m0070,m0204,44.4,5.690e-74,225.0
m0070,m0205,47.2,3.230e-78,240.0
m0070,m0209,41.0,1.570e-60,189.0
m0070,m0212,47.2,2.990e-82,246.0
m0070,m0213,47.2,1.240e-76,235.0
m0070,m0214,48.8,1.760e-80,246.0
m0070,m0215,48.6,6.900e-77,235.0
m0070,m0225,48.3,8.110e-79,241.0
m0070,m0226,46.9,1.310e-78,241.0
m0070,m0228,58.4,2.660e-112,320.0
m0070,m0229,56.1,1.140e-106,308.0
m0070,m0230,51.8,1.880e-102,296.0
m0070,m0231,54.6,6.350e-107,309.0
m0070,m0232,55.7,3.510e-110,316.0
m0070,m0233,55.8,5.480e-108,310.0
m0070,m0235,48.0,1.500e-82,248.0
m0070,m0236,48.5,1.130e-78,240.0
m0070,m0241,48.4,9.390e-91,267.0
m0070,m0242,41.4,8.950e-62,192.0
m0070,m0243,46.2,1.110e-76,235.0
m0070,m0244,45.7,1.000e-81,244.0
m0070,m0246,55.2,2.660e-110,317.0
m0070,m0247,51.2,4.080e-84,253.0
m0070,m0248,43.9,8.240e-71,216.0
m0070,m0251,44.3,1.330e-81,243.0
m0070,m0253,45.4,5.890e-77,237.0
m0070,m0258,50.4,3.730e-85,256.0
m0070,m0261,49.8,1.480e-98,287.0
m0070,m0263,42.8,1.190e-73,223.0
m0070,m0266,50.5,5.700e-90,265.0
m0070,m0267,52.3,6.090e-98,283.0
m0070,m0271,54.4,5.450e-107,308.0
m0070,m0272,47.7,1.440e-82,246.0
m0070,m0273,30.8,1.510e-34,123.0
m0070,m0276,45.1,2.760e-79,243.0
m0070,m0278,46.2,2.730e-78,239.0
m0070,m0280,49.6,8.190e-80,242.0
m0070,m0281,47.2,8.790e-83,251.0
m0070,m0282,46.2,1.700e-64,197.0
m0070,m0284,39.7,8.060e-58,182.0
m0070,m0287,30.5,7.340e-30,109.0
m0070,m0290,40.3,2.410e-70,215.0
m0070,m0292,49.5,7.500e-94,274.0
m0070,m0293,47.4,2.060e-77,237.0
m0070,m0294,47.9,2.640e-84,251.0
m0070,m0295,47.8,3.250e-83,251.0
m0070,m0297,52.8,2.440e-108,311.0
m0070,m0303,54.0,6.490e-103,297.0
m0070,m0304,59.5,2.090e-116,332.0
m0070,m0309,49.7,8.150e-101,293.0
m0070,m0311,41.9,4.500e-70,214.0
m0070,m0312,41.5,7.650e-69,210.0
m0070,m0314,48.1,1.800e-79,243.0
m0070,m0315,48.1,6.630e-91,267.0
m0070,m0317,47.9,1.400e-99,289.0
m0070,m0318,45.9,2.730e-75,232.0
m0070,m0320,48.7,6.180e-78,238.0
m0070,m0322,47.7,9.070e-79,241.0
m0070,m0324,48.5,2.110e-92,271.0
m0070,m0328,46.7,2.310e-80,241.0
m0070,m0329,49.8,7.490e-90,263.0
m0070,m0331,47.6,2.100e-81,247.0
m0070,m0332,57.5,1.370e-110,317.0
m0070,m0333,48.1,7.140e-80,244.0
m0070,m0335,46.2,1.620e-74,224.0
m0070,m0336,47.7,4.830e-84,250.0
m0070,m0337,57.6,5.840e-111,317.0
m0070,m0339,45.5,1.090e-78,241.0
m0070,m0340,52.1,5.430e-87,257.0
m0070,m0343,46.4,1.020e-73,223.0
m0070,m0344,46.7,7.910e-79,242.0
m0070,m0345,49.2,1.100e-96,282.0
m0070,m0347,48.1,1.420e-78,241.0
m0070,m0348,48.8,1.540e-80,246.0
m0070,m0349,47.3,2.170e-81,248.0
m0070,m0351,42.2,1.510e-71,218.0
m0070,m0354,43.3,3.780e-71,216.0
m0070,m0356,40.4,8.250e-67,206.0
m0070,m0363,49.0,3.320e-79,242.0
m0070,m0364,48.8,2.940e-85,252.0
m0070,m0365,59.9,4.450e-115,328.0
m0070,m0368,57.5,2.420e-117,334.0
m0070,m0369,31.0,2.070e-30,112.0
m0070,m0370,44.9,3.280e-76,230.0
m0070,m0371,30.5,1.440e-35,127.0
m0070,m0372,55.2,2.110e-96,281.0
m0070,m0377,55.7,3.910e-104,301.0
m0070,m0378,47.3,7.900e-78,239.0
m0070,m0380,59.6,1.990e-116,332.0
m0070,m0382,48.3,5.470e-84,249.0
m0070,m0383,39.3,9.770e-68,208.0
m0070,m0385,38.8,1.400e-62,195.0
m0070,m0387,41.4,3.580e-62,193.0
m0070,m0388,52.0,6.150e-97,283.0
m0070,m0390,55.8,6.160e-117,333.0
m0070,m0393,49.0,2.550e-81,248.0
m0070,m0394,50.8,3.260e-102,296.0
m0070,m0397,47.1,2.340e-79,243.0
m0070,m0399,49.1,1.900e-76,235.0
m0070,m0401,55.4,9.760e-113,322.0
m0070,m0404,46.1,2.380e-76,231.0
m0070,m0405,46.3,1.070e-77,236.0
m0070,m0407,46.1,1.920e-72,220.0
m0070,m0409,43.6,4.380e-71,217.0
m0070,m0411,55.4,3.590e-108,311.0
m0071,m0072,39.6,5.240e-59,184.0
m0071,m0074,48.5,9.330e-85,251.0
m0071,m0075,40.6,2.260e-65,201.0
m0071,m0077,47.5,1.710e-75,226.0
m0071,m0078,42.6,2.390e-62,192.0
m0071,m0080,39.0,3.610e-63,195.0
m0071,m0084,56.7,4.640e-115,327.0
m0071,m0086,52.3,4.780e-95,276.0
m0071,m0088,43.4,4.090e-69,211.0
m0071,m0090,47.1,4.610e-82,244.0
m0071,m0093,46.1,3.050e-75,231.0
m0071,m0094,44.0,5.560e-67,209.0
m0071,m0095,38.3,1.030e-54,174.0
m0071,m0096,46.5,2.690e-75,231.0
m0071,m0097,56.1,1.600e-107,308.0
m0071,m0098,47.2,7.350e-88,258.0
m0071,m0101,40.7,9.310e-62,192.0
m0071,m0102,41.2,2.430e-68,208.0
m0071,m0103,43.0,2.030e-61,191.0
m0071,m0104,52.9,4.820e-98,284.0
m0071,m0105,40.2,3.450e-59,184.0
m0071,m0110,45.3,9.690e-78,233.0
m0071,m0112,47.4,4.390e-76,233.0
m0071,m0114,44.2,1.300e-70,218.0
m0071,m0119,45.1,4.680e-72,219.0
m0071,m0121,45.0,5.250e-72,218.0
m0071,m0124,53.8,4.250e-98,283.0
m0071,m0125,46.3,6.750e-82,243.0
m0071,m0126,45.5,4.340e-77,234.0
m0071,m0129,41.0,5.590e-55,173.0
m0071,m0131,45.8,2.380e-75,230.0
m0071,m0132,50.4,1.260e-95,278.0
m0071,m0134,45.9,3.940e-80,239.0
m0071,m0135,49.5,6.380e-90,264.0
m0071,m0139,43.9,1.330e-70,219.0
m0071,m0142,51.2,3.080e-89,261.0
m0071,m0145,42.9,1.270e-70,218.0
m0071,m0150,49.8,2.890e-86,254.0
m0071,m0155,43.6,2.550e-71,221.0
m0071,m0156,53.1,1.350e-96,281.0
m0071,m0158,45.4,7.170e-75,230.0
m0071,m0159,45.4,4.360e-74,228.0
m0071,m0160,39.8,3.910e-70,213.0
m0071,m0161,30.8,2.410e-25,96.3
m0071,m0162,47.7,1.160e-76,236.0
m0071,m0163,39.6,1.250e-54,173.0
m0071,m0164,47.3,1.880e-78,239.0
m0071,m0166,37.8,7.610e-48,156.0
m0071,m0167,46.9,4.220e-86,254.0
m0071,m0168,39.2,3.710e-63,195.0
m0071,m0169,53.8,1.430e-97,283.0
m0071,m0170,44.5,6.420e-71,219.0
m0071,m0171,40.2,1.820e-55,175.0
m0071,m0173,40.0,3.670e-62,196.0
m0071,m0174,45.5,1.410e-75,231.0
m0071,m0175,46.4,3.040e-74,228.0
m0071,m0176,39.4,2.780e-62,193.0
m0071,m0177,40.3,1.310e-56,179.0
m0071,m0179,43.8,1.540e-69,215.0
m0071,m0182,46.9,3.270e-77,236.0
m0071,m0183,47.2,4.510e-76,232.0
m0071,m0184,40.1,1.860e-63,196.0
m0071,m0187,51.0,5.150e-89,260.0
m0071,m0188,45.9,3.280e-75,231.0
m0071,m0191,43.6,1.860e-70,213.0
m0071,m0192,53.5,3.500e-103,297.0
m0071,m0193,54.7,3.960e-94,275.0
m0071,m0194,38.3,1.470e-59,186.0
m0071,m0197,48.9,3.970e-90,265.0
m0071,m0198,41.7,6.950e-69,214.0
m0071,m0204,40.8,3.160e-65,202.0
m0071,m0205,46.5,6.640e-75,230.0
m0071,m0209,38.3,1.580e-56,177.0
m0071,m0212,45.9,9.670e-76,228.0
m0071,m0213,46.8,4.740e-77,235.0
m0071,m0214,46.5,1.240e-74,230.0
m0071,m0215,45.1,5.940e-66,206.0
m0071,m0225,44.6,1.080e-66,208.0
m0071,m0226,47.9,7.040e-79,240.0
m0071,m0228,54.3,1.570e-92,269.0
m0071,m0229,52.7,5.360e-95,277.0
m0071,m0230,46.5,2.170e-81,242.0
m0071,m0231,48.9,1.650e-89,263.0
m0071,m0232,51.8,4.040e-97,282.0
m0071,m0233,52.1,6.890e-97,281.0
m0071,m0235,46.9,1.350e-75,229.0
m0071,m0236,46.1,1.340e-74,228.0
m0071,m0241,50.2,5.060e-91,266.0
m0071,m0242,43.6,5.400e-62,192.0
m0071,m0243,41.7,2.780e-68,212.0
m0071,m0244,44.3,7.810e-74,223.0
m0071,m0246,51.8,1.060e-92,271.0
m0071,m0247,47.5,1.380e-76,233.0
m0071,m0248,41.3,1.510e-60,189.0
m0071,m0251,49.5,1.810e-85,252.0
m0071,m0253,45.7,9.850e-76,233.0
m0071,m0258,47.5,2.810e-79,240.0
m0071,m0261,53.2,2.200e-98,285.0
m0071,m0263,40.1,2.170e-69,211.0
m0071,m0266,45.2,2.860e-75,226.0
m0071,m0267,51.0,9.790e-83,244.0
m0071,m0271,49.8,4.470e-91,267.0
m0071,m0272,43.3,8.730e-66,202.0
m0071,m0273,33.1,2.050e-33,119.0
m0071,m0276,44.9,6.300e-68,212.0
m0071,m0278,42.6,1.670e-67,210.0
m0071,m0280,46.3,1.560e-74,228.0
m0071,m0281,43.7,7.900e-72,221.0
m0071,m0282,43.3,2.510e-54,171.0
m0071,m0284,41.0,3.590e-58,182.0
m0071,m0290,40.3,5.450e-58,182.0
m0071,m0292,50.7,5.200e-85,250.0
m0071,m0293,44.3,1.200e-73,226.0
m0071,m0294,47.7,3.380e-80,239.0
m0071,m0295,46.6,3.780e-70,216.0
m0071,m0297,53.2,5.430e-98,284.0
m0071,m0303,47.5,3.950e-82,243.0
m0071,m0304,50.4,3.500e-90,265.0
m0071,m0309,46.4,4.140e-83,247.0
m0071,m0311,42.2,1.040e-60,189.0
m0071,m0312,41.0,6.160e-64,196.0
m0071,m0314,47.5,5.980e-78,238.0
m0071,m0315,47.7,1.080e-87,258.0
m0071,m0317,50.4,2.200e-94,275.0
m0071,m0318,43.2,4.850e-70,218.0
m0071,m0320,44.8,3.970e-70,217.0
m0071,m0322,45.4,8.240e-74,227.0
m0071,m0324,44.6,5.850e-77,231.0
m0071,m0328,47.0,3.610e-77,232.0
m0071,m0329,51.0,4.970e-89,260.0
m0071,m0331,46.1,4.400e-75,229.0
m0071,m0332,50.7,9.540e-94,273.0
m0071,m0333,48.0,1.670e-78,240.0
m0071,m0335,45.3,6.120e-59,184.0
m0071,m0336,46.1,5.210e-73,221.0
m0071,m0337,56.5,8.820e-104,298.0
m0071,m0339,43.4,1.930e-66,208.0
m0071,m0340,46.6,2.120e-79,237.0
m0071,m0343,43.0,5.600e-72,217.0
m0071,m0344,46.5,1.040e-76,235.0
m0071,m0345,58.1,4.400e-109,312.0
m0071,m0347,46.8,4.240e-78,239.0
m0071,m0348,46.1,6.070e-74,228.0
m0071,m0349,47.9,1.400e-76,234.0
m0071,m0351,39.4,6.180e-60,187.0
m0071,m0354,42.0,1.140e-68,209.0
m0071,m0356,37.8,5.620e-56,177.0
m0071,m0363,46.1,4.870e-76,233.0
m0071,m0364,44.5,1.860e-71,216.0
m0071,m0365,48.2,3.320e-88,259.0
m0071,m0368,47.4,1.160e-80,240.0
m0071,m0369,33.2,7.840e-31,112.0
m0071,m0370,44.6,3.000e-72,219.0
m0071,m0371,36.3,8.810e-43,145.0
m0071,m0372,47.7,2.140e-84,249.0
m0071,m0377,52.3,3.880e-92,269.0
m0071,m0378,47.5,8.430e-78,238.0
m0071,m0380,51.6,1.850e-95,277.0
m0071,m0382,48.6,3.940e-90,264.0
m0071,m0383,43.2,2.480e-63,196.0
m0071,m0385,39.2,1.960e-57,181.0
m0071,m0387,40.5,5.490e-57,179.0
m0071,m0388,51.3,1.890e-88,260.0
m0071,m0390,52.5,1.380e-96,280.0
m0071,m0393,47.7,4.090e-77,236.0
m0071,m0394,49.5,2.850e-91,267.0
m0071,m0397,43.7,1.310e-68,214.0
m0071,m0399,47.9,1.640e-78,239.0
m0071,m0401,55.1,1.640e-104,300.0
m0071,m0404,44.6,1.180e-71,218.0
m0071,m0405,44.3,7.330e-73,223.0
m0071,m0407,43.0,1.290e-68,209.0
m0071,m0409,37.7,8.390e-57,179.0
m0071,m0411,52.9,1.580e-94,276.0
m0072,m0074,45.0,5.090e-65,201.0
m0072,m0075,46.2,1.180e-84,250.0
m0072,m0077,38.5,4.530e-46,150.0
m0072,m0078,42.7,1.900e-67,206.0
m0072,m0080,44.4,9.360e-64,197.0
m0072,m0084,43.1,8.490e-67,204.0
m0072,m0086,43.5,4.110e-73,220.0
m0072,m0088,38.7,4.270e-50,162.0
m0072,m0090,43.4,3.920e-67,206.0
m0072,m0093,38.1,1.600e-48,162.0
m0072,m0094,36.5,3.010e-40,139.0
m0072,m0095,44.6,8.830e-63,194.0
m0072,m0096,37.7,1.870e-50,167.0
m0072,m0097,43.7,2.640e-64,198.0
m0072,m0098,42.1,3.510e-61,190.0
m0072,m0101,43.4,9.530e-68,207.0
m0072,m0102,49.5,2.730e-81,241.0
m0072,m0103,44.4,9.150e-69,209.0
m0072,m0104,46.3,1.470e-76,229.0
m0072,m0105,47.4,2.650e-78,233.0
m0072,m0110,46.1,3.390e-81,241.0
m0072,m0112,39.5,3.690e-50,166.0
m0072,m0114,36.8,1.220e-45,153.0
m0072,m0119,38.8,2.190e-61,191.0
m0072,m0121,47.4,3.060e-87,256.0
m0072,m0124,45.6,3.510e-74,223.0
m0072,m0125,45.4,9.830e-74,222.0
m0072,m0126,38.7,8.350e-47,156.0
m0072,m0129,42.4,7.950e-67,204.0
m0072,m0131,40.1,8.270e-51,166.0
m0072,m0132,44.4,3.700e-77,231.0
m0072,m0134,38.1,6.040e-49,159.0
m0072,m0135,44.8,4.260e-72,218.0
m0072,m0138,31.5,1.210e-26,100.0
m0072,m0139,38.7,1.800e-48,161.0
m0072,m0142,44.6,3.480e-70,212.0
m0072,m0145,48.3,2.780e-79,241.0
m0072,m0150,44.3,1.330e-79,237.0
m0072,m0155,38.7,1.090e-47,159.0
m0072,m0156,42.3,6.050e-66,202.0
m0072,m0158,39.9,2.390e-51,169.0
m0072,m0159,36.9,9.120e-47,157.0
m0072,m0160,38.1,1.870e-49,160.0
m0072,m0161,33.2,4.510e-30,108.0
m0072,m0162,36.8,4.270e-49,164.0
m0072,m0163,48.1,1.300e-77,232.0
m0072,m0164,33.7,9.560e-44,149.0
m0072,m0166,37.2,6.060e-47,154.0
m0072,m0167,37.8,7.850e-65,199.0
m0072,m0168,43.6,2.160e-62,193.0
m0072,m0169,48.6,3.290e-86,254.0
m0072,m0170,40.5,2.700e-50,165.0
m0072,m0171,48.4,1.520e-77,232.0
m0072,m0173,36.6,2.430e-43,147.0
m0072,m0174,35.8,8.580e-45,151.0
m0072,m0175,35.7,2.690e-46,155.0
m0072,m0176,46.1,1.020e-65,202.0
m0072,m0177,41.6,3.130e-64,198.0
m0072,m0179,38.2,2.200e-44,149.0
m0072,m0182,38.3,2.330e-48,161.0
m0072,m0183,35.4,7.970e-45,151.0
m0072,m0184,45.3,4.290e-65,200.0
m0072,m0185,30.5,4.990e-19,79.3
m0072,m0187,48.7,9.940e-87,254.0
m0072,m0188,36.6,3.740e-49,163.0
m0072,m0191,47.2,6.780e-71,214.0
m0072,m0192,43.9,7.390e-66,202.0
m0072,m0193,45.9,5.410e-76,229.0
m0072,m0194,43.6,2.420e-61,191.0
m0072,m0197,44.8,1.700e-67,207.0
m0072,m0198,36.2,3.990e-44,149.0
m0072,m0204,36.1,2.720e-40,137.0
m0072,m0205,38.4,2.380e-50,166.0
m0072,m0209,42.6,8.900e-68,206.0
m0072,m0212,37.5,2.730e-46,152.0
m0072,m0213,38.4,1.910e-49,163.0
m0072,m0214,38.4,5.720e-50,166.0
m0072,m0215,41.2,1.470e-44,150.0
m0072,m0225,41.6,9.750e-45,151.0
m0072,m0226,39.5,9.280e-53,172.0
m0072,m0228,44.9,2.030e-75,225.0
m0072,m0229,43.3,1.200e-75,228.0
m0072,m0230,45.8,3.280e-67,206.0
m0072,m0231,43.8,2.990e-71,217.0
m0072,m0232,46.0,2.850e-71,216.0
m0072,m0233,43.7,1.730e-71,216.0
m0072,m0235,37.9,6.550e-46,152.0
m0072,m0236,37.4,1.070e-44,150.0
m0072,m0241,50.2,1.110e-87,258.0
m0072,m0242,37.1,2.150e-55,175.0
m0072,m0243,36.4,8.600e-44,148.0
m0072,m0244,45.5,1.110e-76,230.0
m0072,m0246,46.2,3.670e-75,226.0
m0072,m0247,35.4,2.430e-48,160.0
m0072,m0248,43.4,4.960e-65,200.0
m0072,m0251,45.1,2.550e-72,218.0
m0072,m0253,38.4,1.490e-48,162.0
m0072,m0258,35.9,7.250e-45,151.0
m0072,m0261,44.2,3.880e-73,221.0
m0072,m0263,42.5,3.610e-62,193.0
m0072,m0266,38.1,1.820e-49,160.0
m0072,m0267,39.5,3.760e-61,189.0
m0072,m0271,44.6,1.810e-77,232.0
m0072,m0272,44.3,1.130e-66,204.0
m0072,m0273,30.6,5.430e-29,107.0
m0072,m0276,37.8,1.550e-42,145.0
m0072,m0278,37.0,5.990e-46,154.0
m0072,m0280,38.5,1.210e-47,158.0
m0072,m0281,37.1,6.250e-45,151.0
m0072,m0282,39.7,2.240e-49,158.0
m0072,m0284,41.0,4.060e-69,210.0
m0072,m0290,42.6,2.560e-65,201.0
m0072,m0292,37.2,1.260e-58,183.0
m0072,m0293,37.2,1.030e-45,154.0
m0072,m0294,36.5,2.940e-48,157.0
m0072,m0295,37.9,5.910e-44,148.0
m0072,m0297,47.0,1.190e-76,229.0
m0072,m0303,38.9,3.950e-60,187.0
m0072,m0304,50.4,1.850e-82,245.0
m0072,m0309,47.7,2.620e-76,229.0
m0072,m0311,43.0,1.360e-64,199.0
m0072,m0312,45.5,6.220e-67,204.0
m0072,m0314,40.2,1.270e-52,172.0
m0072,m0315,50.4,1.580e-87,258.0
m0072,m0317,50.2,9.800e-78,232.0
m0072,m0318,34.4,1.410e-44,151.0
m0072,m0320,36.2,3.850e-45,152.0
m0072,m0322,37.7,8.060e-49,162.0
m0072,m0324,38.7,1.490e-50,163.0
m0072,m0328,34.7,1.230e-45,151.0
m0072,m0329,50.0,8.350e-88,257.0
m0072,m0331,35.9,1.530e-49,163.0
m0072,m0332,47.5,1.070e-74,225.0
m0072,m0333,38.1,1.660e-48,162.0
m0072,m0335,43.6,4.990e-58,181.0
m0072,m0336,35.0,5.970e-46,151.0
m0072,m0337,47.0,2.700e-80,238.0
m0072,m0339,35.8,1.550e-42,145.0
m0072,m0340,38.5,2.810e-50,162.0
m0072,m0343,56.6,7.860e-108,308.0
m0072,m0344,38.1,8.140e-50,165.0
m0072,m0345,40.5,9.610e-61,189.0
m0072,m0347,38.1,4.040e-49,163.0
m0072,m0348,38.4,4.960e-51,168.0
m0072,m0349,37.1,6.740e-48,160.0
m0072,m0351,41.4,2.870e-64,198.0
m0072,m0354,46.1,1.150e-71,217.0
m0072,m0356,44.4,8.570e-65,200.0
m0072,m0363,39.1,2.850e-50,166.0
m0072,m0364,42.5,1.610e-64,198.0
m0072,m0365,42.7,2.930e-65,200.0
m0072,m0368,37.5,1.530e-55,176.0
m0072,m0370,36.7,8.290e-47,153.0
m0072,m0371,35.7,1.900e-48,160.0
m0072,m0372,42.4,1.350e-69,211.0
m0072,m0377,47.9,2.080e-84,249.0
m0072,m0378,38.1,1.060e-49,165.0
m0072,m0380,44.0,2.170e-76,229.0
m0072,m0382,58.5,9.130e-114,324.0
m0072,m0383,43.1,5.100e-63,195.0
m0072,m0385,42.1,1.310e-61,192.0
m0072,m0387,45.7,1.740e-70,214.0
m0072,m0388,42.9,7.780e-69,210.0
m0072,m0390,43.9,1.300e-76,229.0
m0072,m0393,38.0,1.270e-48,162.0
m0072,m0394,45.4,1.730e-74,224.0
m0072,m0397,37.4,7.440e-46,155.0
m0072,m0399,37.5,5.140e-49,162.0
m0072,m0401,46.2,4.190e-77,231.0
m0072,m0404,34.5,2.910e-45,150.0
m0072,m0405,37.2,9.480e-44,147.0
m0072,m0407,44.2,1.670e-69,211.0
m0072,m0409,42.2,3.920e-58,183.0
m0072,m0411,46.2,7.030e-75,226.0
m0073,m0203,53.7,3.930e-77,226.0
m0073,m0252,57.5,4.070e-87,252.0
m0073,m0257,30.3,2.070e-12,57.8
m0073,m0279,32.5,8.640e-29,102.0
m0073,m0338,57.7,9.220e-91,261.0
m0073,m0355,62.4,2.510e-81,236.0
m0073,m0400,45.4,4.520e-54,167.0
m0074,m0075,45.3,1.610e-68,210.0
m0074,m0077,44.4,8.330e-68,207.0
m0074,m0078,45.0,2.060e-66,204.0
m0074,m0080,40.3,2.620e-63,197.0
m0074,m0084,45.4,1.190e-83,249.0
m0074,m0086,51.2,6.510e-96,280.0
m0074,m0088,42.7,6.210e-69,211.0
m0074,m0090,46.3,7.400e-82,244.0
m0074,m0093,45.0,5.070e-75,232.0
m0074,m0094,46.0,3.200e-74,229.0
m0074,m0095,40.7,8.720e-60,188.0
m0074,m0096,46.4,2.870e-76,235.0
m0074,m0097,47.7,2.140e-83,248.0
m0074,m0098,60.6,1.190e-127,361.0
m0074,m0101,42.1,3.890e-64,199.0
m0074,m0102,42.8,4.460e-69,211.0
m0074,m0103,44.0,1.640e-66,205.0
m0074,m0104,49.1,4.200e-95,278.0
m0074,m0105,41.2,5.820e-60,187.0
m0074,m0110,45.8,2.190e-74,225.0
m0074,m0112,44.2,6.990e-73,226.0
m0074,m0114,46.7,2.200e-73,227.0
m0074,m0119,46.0,7.490e-75,227.0
m0074,m0121,48.1,4.260e-74,224.0
m0074,m0124,47.6,1.190e-85,253.0
m0074,m0125,48.8,8.430e-89,262.0
m0074,m0126,43.9,5.910e-69,215.0
m0074,m0129,43.5,2.390e-59,186.0
m0074,m0131,42.1,1.080e-64,204.0
m0074,m0132,45.1,6.660e-86,254.0
m0074,m0134,41.7,2.150e-72,221.0
m0074,m0135,49.8,1.530e-94,277.0
m0074,m0139,40.7,6.620e-65,206.0
m0074,m0142,50.0,4.690e-89,261.0
m0074,m0145,46.7,7.660e-74,228.0
m0074,m0150,42.1,2.360e-72,220.0
m0074,m0155,39.9,2.360e-66,209.0
m0074,m0156,54.5,1.220e-98,287.0
m0074,m0158,45.8,5.420e-76,234.0
m0074,m0159,43.3,6.820e-71,221.0
m0074,m0160,41.2,5.180e-65,201.0
m0074,m0162,44.7,1.020e-79,245.0
m0074,m0163,39.9,4.320e-58,183.0
m0074,m0164,42.1,2.990e-68,214.0
m0074,m0166,37.6,6.230e-46,152.0
m0074,m0167,46.0,1.120e-81,244.0
m0074,m0168,39.6,1.090e-65,203.0
m0074,m0169,48.2,5.040e-89,263.0
m0074,m0170,42.9,4.300e-66,207.0
m0074,m0171,39.6,8.750e-56,177.0
m0074,m0173,40.9,5.250e-63,200.0
m0074,m0174,42.6,4.480e-72,223.0
m0074,m0175,42.2,2.920e-69,216.0
m0074,m0176,39.6,1.610e-64,200.0
m0074,m0177,40.1,1.810e-63,197.0
m0074,m0179,43.4,3.330e-66,207.0
m0074,m0182,43.9,2.390e-75,233.0
m0074,m0183,43.1,4.250e-68,213.0
m0074,m0184,40.6,4.860e-67,206.0
m0074,m0187,49.0,5.390e-84,248.0
m0074,m0188,42.5,4.460e-70,219.0
m0074,m0191,45.4,1.300e-73,223.0
m0074,m0192,48.0,4.450e-87,258.0
m0074,m0193,50.9,8.100e-98,286.0
m0074,m0194,38.1,1.330e-60,190.0
m0074,m0197,50.2,5.710e-99,288.0
m0074,m0198,41.6,8.730e-68,213.0
m0074,m0204,41.6,1.710e-62,196.0
m0074,m0205,46.6,3.560e-76,235.0
m0074,m0209,41.6,4.230e-59,185.0
m0074,m0212,43.9,4.520e-72,220.0
m0074,m0213,44.6,3.850e-74,229.0
m0074,m0214,45.9,2.880e-74,230.0
m0074,m0215,47.1,1.980e-68,214.0
m0074,m0225,46.0,8.360e-71,220.0
m0074,m0226,46.3,8.100e-76,234.0
m0074,m0228,51.4,9.720e-92,268.0
m0074,m0229,47.9,5.200e-94,276.0
m0074,m0230,50.0,1.890e-96,281.0
m0074,m0231,49.6,3.360e-93,274.0
m0074,m0232,49.7,1.530e-95,279.0
m0074,m0233,45.8,4.400e-91,268.0
m0074,m0235,44.4,4.930e-71,218.0
m0074,m0236,42.9,1.310e-69,217.0
m0074,m0241,45.8,2.930e-83,248.0
m0074,m0242,39.1,1.060e-58,185.0
m0074,m0243,39.4,1.280e-63,201.0
m0074,m0244,46.2,1.060e-74,226.0
m0074,m0246,48.3,9.910e-92,270.0
m0074,m0247,43.4,1.130e-73,227.0
m0074,m0248,43.3,4.020e-64,199.0
m0074,m0251,44.4,1.640e-67,207.0
m0074,m0253,46.3,3.250e-75,233.0
m0074,m0258,44.7,2.650e-68,213.0
m0074,m0261,47.8,1.480e-84,251.0
m0074,m0263,38.0,4.180e-67,207.0
m0074,m0266,43.7,1.120e-69,213.0
m0074,m0267,50.2,8.550e-87,255.0
m0074,m0271,49.2,1.250e-94,277.0
m0074,m0272,46.0,7.020e-71,216.0
m0074,m0273,31.3,6.210e-30,111.0
m0074,m0276,44.3,9.010e-73,226.0
m0074,m0278,44.6,4.380e-69,216.0
m0074,m0280,44.5,9.480e-68,211.0
m0074,m0281,46.9,3.380e-75,231.0
m0074,m0282,44.5,4.150e-64,197.0
m0074,m0284,40.2,4.900e-58,183.0
m0074,m0287,30.9,3.090e-29,108.0
m0074,m0290,41.7,1.170e-63,198.0
m0074,m0291,33.0,5.720e-25,96.3
m0074,m0292,46.2,1.130e-73,223.0
m0074,m0293,41.7,2.730e-66,209.0
m0074,m0294,43.4,2.810e-77,233.0
m0074,m0295,43.0,9.070e-66,206.0
m0074,m0297,47.4,4.890e-92,270.0
m0074,m0303,49.1,1.690e-89,263.0
m0074,m0304,51.3,6.870e-94,275.0
m0074,m0309,43.9,5.390e-85,253.0
m0074,m0311,41.8,1.550e-63,197.0
m0074,m0312,41.6,8.450e-64,197.0
m0074,m0314,46.3,3.420e-75,233.0
m0074,m0315,47.3,7.980e-86,254.0
m0074,m0317,51.1,1.190e-89,264.0
m0074,m0318,39.8,1.580e-65,207.0
m0074,m0320,48.3,5.260e-72,223.0
m0074,m0322,45.9,1.000e-76,236.0
m0074,m0324,41.9,9.480e-71,216.0
m0074,m0328,43.0,6.770e-73,223.0
m0074,m0329,49.8,5.450e-81,241.0
m0074,m0331,41.2,6.100e-70,218.0
m0074,m0332,49.3,2.760e-94,276.0
m0074,m0333,46.3,4.840e-76,235.0
m0074,m0335,46.2,1.470e-68,209.0
m0074,m0336,43.1,2.670e-71,218.0
m0074,m0337,48.9,9.540e-89,261.0
m0074,m0339,45.0,2.770e-71,222.0
m0074,m0340,40.3,2.000e-66,205.0
m0074,m0343,49.4,1.110e-74,225.0
m0074,m0344,46.9,8.710e-77,237.0
m0074,m0345,50.2,2.500e-89,263.0
m0074,m0347,46.6,3.100e-76,235.0
m0074,m0348,45.9,1.640e-75,233.0
m0074,m0349,43.2,1.920e-71,223.0
m0074,m0351,41.6,4.150e-64,199.0
m0074,m0354,42.4,5.270e-67,206.0
m0074,m0356,43.3,1.570e-62,195.0
m0074,m0363,45.6,5.190e-77,237.0
m0074,m0364,41.7,5.940e-73,221.0
m0074,m0365,50.5,9.190e-94,274.0
m0074,m0368,49.1,1.870e-93,274.0
m0074,m0369,31.6,4.620e-30,111.0
m0074,m0370,44.5,1.460e-73,223.0
m0074,m0371,35.4,6.480e-37,131.0
m0074,m0372,47.7,2.520e-86,255.0
m0074,m0377,47.3,7.190e-91,267.0
m0074,m0378,44.6,8.680e-76,234.0
m0074,m0380,49.4,2.310e-89,263.0
m0074,m0382,45.7,1.000e-80,241.0
m0074,m0383,40.3,1.060e-65,203.0
m0074,m0385,45.0,7.920e-70,214.0
m0074,m0387,45.3,1.970e-66,204.0
m0074,m0388,45.5,3.770e-84,251.0
m0074,m0390,50.4,1.680e-93,274.0
m0074,m0393,45.6,3.440e-77,238.0
m0074,m0394,46.2,1.360e-87,259.0
m0074,m0397,43.0,1.500e-68,216.0
m0074,m0399,44.5,3.760e-75,232.0
m0074,m0401,49.8,8.730e-98,285.0
m0074,m0404,42.8,2.990e-67,208.0
m0074,m0405,39.2,7.690e-64,201.0
m0074,m0407,39.7,1.190e-63,197.0
m0074,m0409,37.7,9.260e-60,188.0
m0074,m0411,50.3,1.660e-95,280.0
m0075,m0077,41.7,2.430e-54,172.0
m0075,m0078,50.0,1.140e-86,255.0
m0075,m0080,44.8,3.130e-83,247.0
m0075,m0084,40.3,2.410e-65,201.0
m0075,m0086,42.9,2.040e-72,219.0
m0075,m0088,40.9,1.160e-55,176.0
m0075,m0090,39.9,1.750e-67,207.0
m0075,m0093,40.7,2.560e-56,182.0
m0075,m0094,39.8,1.360e-49,164.0
m0075,m0095,49.3,1.570e-87,258.0
m0075,m0096,43.8,6.290e-61,194.0
m0075,m0097,42.1,1.050e-62,194.0
m0075,m0098,44.7,5.420e-71,216.0
m0075,m0101,46.0,7.190e-91,266.0
m0075,m0102,50.0,7.960e-93,271.0
m0075,m0103,43.3,9.230e-68,207.0
m0075,m0104,48.1,6.790e-90,264.0
m0075,m0105,48.4,3.300e-78,233.0
m0075,m0110,55.9,1.640e-106,306.0
m0075,m0112,43.4,5.820e-57,184.0
m0075,m0114,40.0,2.650e-53,174.0
m0075,m0119,40.1,1.740e-62,194.0
m0075,m0121,58.7,1.090e-116,332.0
m0075,m0124,47.1,1.990e-80,239.0
m0075,m0125,43.8,2.130e-77,232.0
m0075,m0126,43.4,4.060e-60,191.0
m0075,m0129,40.2,2.830e-60,187.0
m0075,m0131,42.0,7.680e-55,177.0
m0075,m0132,48.5,1.240e-87,258.0
m0075,m0134,42.0,2.020e-62,194.0
m0075,m0135,43.7,2.630e-75,227.0
m0075,m0139,40.7,2.690e-51,169.0
m0075,m0142,44.2,7.330e-74,222.0
m0075,m0145,52.6,8.220e-98,288.0
m0075,m0150,43.5,5.470e-78,233.0
m0075,m0155,37.9,5.950e-51,168.0
m0075,m0156,42.4,8.190e-74,223.0
m0075,m0158,43.4,2.710e-58,187.0
m0075,m0159,42.4,1.110e-58,188.0
m0075,m0160,35.8,6.550e-59,184.0
m0075,m0161,31.3,2.400e-33,117.0
m0075,m0162,41.9,3.620e-57,185.0
m0075,m0163,49.0,2.880e-78,234.0
m0075,m0164,38.7,2.170e-52,172.0
m0075,m0166,39.4,1.900e-51,166.0
m0075,m0167,42.8,1.330e-73,222.0
m0075,m0168,43.9,2.600e-82,244.0
m0075,m0169,46.5,1.100e-83,248.0
m0075,m0170,42.6,9.910e-54,174.0
m0075,m0171,43.6,3.660e-72,218.0
m0075,m0173,38.2,1.440e-51,169.0
m0075,m0174,37.7,2.020e-51,169.0
m0075,m0175,38.5,1.740e-52,172.0
m0075,m0176,47.0,1.730e-82,245.0
m0075,m0177,47.1,6.600e-85,251.0
m0075,m0179,39.9,9.160e-52,169.0
m0075,m0182,39.0,1.130e-53,175.0
m0075,m0183,40.4,3.420e-52,171.0
m0075,m0184,47.7,4.010e-84,249.0
m0075,m0187,46.1,3.460e-81,240.0
m0075,m0188,40.8,4.880e-54,176.0
m0075,m0191,50.4,1.550e-84,249.0
m0075,m0192,42.5,1.860e-65,201.0
m0075,m0193,45.3,2.360e-79,238.0
m0075,m0194,46.0,4.980e-85,251.0
m0075,m0197,40.8,2.150e-64,199.0
m0075,m0198,43.9,4.790e-61,194.0
m0075,m0204,39.9,2.310e-50,164.0
m0075,m0205,41.4,2.730e-57,185.0
m0075,m0209,40.3,1.120e-58,183.0
m0075,m0212,39.8,1.020e-52,169.0
m0075,m0213,42.1,1.270e-58,187.0
m0075,m0214,41.6,6.770e-57,184.0
m0075,m0215,41.9,1.400e-49,164.0
m0075,m0225,41.4,1.330e-49,164.0
m0075,m0226,43.4,1.410e-59,191.0
m0075,m0228,45.7,1.130e-81,241.0
m0075,m0229,49.0,7.030e-90,264.0
m0075,m0230,46.2,1.630e-69,212.0
m0075,m0231,45.0,1.130e-78,236.0
m0075,m0232,51.1,2.610e-87,257.0
m0075,m0233,47.4,2.160e-82,244.0
m0075,m0235,39.9,1.650e-49,162.0
m0075,m0236,39.5,4.290e-53,173.0
m0075,m0241,47.7,3.280e-86,254.0
m0075,m0242,38.5,6.200e-60,187.0
m0075,m0243,37.8,6.640e-47,157.0
m0075,m0244,50.0,3.940e-97,282.0
m0075,m0246,47.2,3.630e-85,252.0
m0075,m0247,40.7,1.310e-59,189.0
m0075,m0248,51.5,1.380e-88,261.0
m0075,m0251,44.2,4.390e-75,226.0
m0075,m0253,42.0,8.550e-57,184.0
m0075,m0258,39.2,3.070e-52,171.0
m0075,m0261,48.0,4.630e-79,236.0
m0075,m0263,45.1,5.760e-80,239.0
m0075,m0266,41.2,1.430e-60,189.0
m0075,m0267,43.5,1.220e-69,211.0
m0075,m0271,46.2,5.320e-84,249.0
m0075,m0272,41.5,1.430e-60,189.0
m0075,m0273,34.2,1.200e-37,131.0
m0075,m0276,39.5,1.370e-51,170.0
m0075,m0278,40.0,5.330e-52,170.0
m0075,m0280,42.5,6.540e-55,177.0
m0075,m0281,41.6,8.850e-59,188.0
m0075,m0282,40.3,2.470e-53,168.0
m0075,m0284,41.5,7.420e-63,194.0
m0075,m0287,32.0,6.700e-39,133.0
m0075,m0290,47.8,1.850e-86,255.0
m0075,m0292,38.9,1.080e-64,199.0
m0075,m0293,39.7,1.630e-53,174.0
m0075,m0294,41.9,2.140e-57,181.0
m0075,m0295,40.1,1.110e-57,184.0
m0075,m0297,49.1,4.050e-87,256.0
m0075,m0303,37.9,7.800e-62,192.0
m0075,m0304,45.6,2.070e-83,248.0
m0075,m0309,46.0,1.300e-78,236.0
m0075,m0311,49.6,1.170e-89,263.0
m0075,m0312,48.1,6.020e-85,250.0
m0075,m0314,43.0,3.020e-58,187.0
m0075,m0315,47.6,8.150e-87,256.0
m0075,m0317,50.0,6.620e-88,258.0
m0075,m0318,40.3,2.990e-54,177.0
m0075,m0320,39.7,1.630e-52,171.0
m0075,m0322,42.8,4.430e-57,184.0
m0075,m0324,41.5,1.480e-62,194.0
m0075,m0328,39.3,1.190e-52,169.0
m0075,m0329,47.2,2.230e-84,248.0
m0075,m0331,40.1,2.670e-54,176.0
m0075,m0332,46.0,5.550e-82,244.0
m0075,m0333,42.8,3.750e-56,182.0
m0075,m0335,44.4,2.700e-65,200.0
m0075,m0336,39.2,3.390e-51,165.0
m0075,m0337,47.2,3.960e-84,248.0
m0075,m0339,39.7,5.010e-52,171.0
m0075,m0340,41.8,1.750e-60,189.0
m0075,m0343,50.0,6.150e-89,261.0
m0075,m0344,44.2,4.300e-59,190.0
m0075,m0345,40.1,3.410e-63,196.0
m0075,m0347,44.4,5.950e-58,187.0
m0075,m0348,42.2,2.060e-58,188.0
m0075,m0349,40.8,3.120e-54,177.0
m0075,m0351,46.7,1.540e-90,266.0
m0075,m0354,49.5,2.580e-88,259.0
m0075,m0356,48.5,2.060e-84,250.0
m0075,m0363,43.0,6.350e-57,184.0
m0075,m0364,41.0,1.540e-69,211.0
m0075,m0365,40.9,1.270e-68,209.0
m0075,m0368,38.1,1.570e-63,196.0
m0075,m0369,37.7,1.680e-45,152.0
m0075,m0370,38.7,1.350e-54,174.0
m0075,m0371,40.9,2.350e-58,187.0
m0075,m0372,44.1,1.660e-72,219.0
m0075,m0377,46.9,5.590e-81,241.0
m0075,m0378,42.4,2.460e-56,182.0
m0075,m0380,40.4,1.130e-72,219.0
m0075,m0382,50.5,4.610e-96,279.0
m0075,m0383,49.7,3.510e-90,265.0
m0075,m0385,49.1,2.810e-85,253.0
m0075,m0387,44.5,3.170e-67,206.0
m0075,m0388,44.0,2.150e-73,222.0
m0075,m0390,47.7,1.890e-83,247.0
m0075,m0393,42.6,1.290e-58,189.0
m0075,m0394,44.9,9.340e-79,235.0
m0075,m0397,43.5,4.890e-59,190.0
m0075,m0399,43.1,4.700e-59,189.0
m0075,m0401,47.3,4.640e-86,254.0
m0075,m0404,40.8,1.800e-57,182.0
m0075,m0405,41.2,1.920e-55,178.0
m0075,m0407,40.1,4.280e-66,203.0
m0075,m0409,46.0,4.550e-82,244.0
m0075,m0411,45.8,6.160e-86,254.0
m0076,m0091,39.5,3.040e-104,308.0
m0076,m0128,45.4,5.350e-119,347.0
m0076,m0157,46.2,9.090e-130,374.0
m0076,m0234,72.3,1.440e-214,589.0
m0076,m0302,47.2,1.080e-123,358.0
m0076,m0373,45.5,6.670e-125,362.0
m0077,m0078,40.5,2.450e-48,156.0
m0077,m0080,40.2,5.020e-49,158.0
m0077,m0084,46.3,4.260e-71,215.0
m0077,m0086,53.6,5.150e-88,258.0
m0077,m0088,76.9,2.600e-150,416.0
m0077,m0090,44.3,1.300e-63,196.0
m0077,m0093,68.8,6.400e-124,355.0
m0077,m0094,69.5,5.240e-125,357.0
m0077,m0095,36.9,6.480e-44,145.0
m0077,m0096,68.1,7.750e-124,355.0
m0077,m0097,53.2,5.810e-81,240.0
m0077,m0098,44.2,1.590e-69,211.0
m0077,m0101,39.5,4.050e-49,159.0
m0077,m0102,40.6,4.780e-58,181.0
m0077,m0103,40.9,5.400e-54,171.0
m0077,m0104,56.3,9.080e-97,280.0
m0077,m0105,42.1,5.450e-51,162.0
m0077,m0110,45.8,9.150e-66,201.0
m0077,m0112,69.5,9.160e-129,367.0
m0077,m0114,66.2,1.450e-118,340.0
m0077,m0119,43.2,7.270e-64,197.0
m0077,m0121,43.8,1.900e-62,192.0
m0077,m0124,60.2,8.180e-102,292.0
m0077,m0125,47.7,3.640e-72,218.0
m0077,m0126,63.7,2.560e-115,332.0
m0077,m0129,39.5,5.980e-47,152.0
m0077,m0131,76.7,7.150e-146,409.0
m0077,m0132,52.1,4.450e-87,255.0
m0077,m0134,63.3,1.460e-116,331.0
m0077,m0135,52.3,5.420e-82,243.0
m0077,m0138,31.5,2.260e-28,104.0
m0077,m0139,75.2,3.340e-141,399.0
m0077,m0142,50.8,2.660e-84,248.0
m0077,m0145,41.5,7.770e-60,190.0
m0077,m0150,46.7,7.510e-72,217.0
m0077,m0155,78.7,8.550e-149,418.0
m0077,m0156,52.3,1.750e-85,252.0
m0077,m0158,66.5,1.180e-122,352.0
m0077,m0159,60.3,1.590e-107,313.0
m0077,m0160,40.3,6.370e-49,158.0
m0077,m0161,30.1,1.660e-29,107.0
m0077,m0162,67.3,6.790e-123,353.0
m0077,m0163,41.7,3.320e-50,161.0
m0077,m0164,77.6,7.090e-151,423.0
m0077,m0166,39.1,5.130e-38,130.0
m0077,m0167,52.7,6.600e-89,260.0
m0077,m0168,39.4,2.220e-47,154.0
m0077,m0169,52.9,1.020e-80,240.0
m0077,m0170,73.0,4.210e-137,387.0
m0077,m0171,37.7,1.100e-45,149.0
m0077,m0173,73.7,4.550e-139,392.0
m0077,m0174,71.8,9.900e-136,384.0
m0077,m0175,76.0,1.900e-143,404.0
m0077,m0176,41.7,7.980e-51,163.0
m0077,m0177,37.6,6.030e-46,150.0
m0077,m0179,77.1,2.150e-149,418.0
m0077,m0182,58.9,6.870e-104,304.0
m0077,m0183,67.3,3.320e-123,352.0
m0077,m0184,41.7,1.070e-51,165.0
m0077,m0187,49.8,2.030e-77,230.0
m0077,m0188,75.0,1.950e-142,402.0
m0077,m0191,41.0,2.990e-53,169.0
m0077,m0192,51.9,1.530e-77,231.0
m0077,m0193,50.8,1.420e-82,245.0
m0077,m0194,37.4,4.080e-44,145.0
m0077,m0197,48.5,4.550e-77,231.0
m0077,m0198,58.7,6.020e-104,303.0
m0077,m0204,59.7,2.260e-104,301.0
m0077,m0205,68.9,3.560e-126,361.0
m0077,m0209,39.6,3.280e-48,155.0
m0077,m0212,66.2,3.330e-123,348.0
m0077,m0213,68.3,3.270e-127,362.0
m0077,m0214,67.8,2.030e-125,359.0
m0077,m0215,66.5,1.130e-120,345.0
m0077,m0225,66.3,5.770e-119,342.0
m0077,m0226,66.9,6.760e-122,350.0
m0077,m0227,31.7,1.590e-11,57.4
m0077,m0228,54.0,3.890e-87,254.0
m0077,m0229,53.1,1.620e-87,257.0
m0077,m0230,52.3,3.010e-85,251.0
m0077,m0231,48.5,3.140e-80,239.0
m0077,m0232,53.8,2.470e-89,261.0
m0077,m0233,56.0,1.130e-91,267.0
m0077,m0235,72.9,7.030e-140,392.0
m0077,m0236,77.5,2.050e-148,416.0
m0077,m0241,49.6,1.400e-73,221.0
m0077,m0242,39.5,1.970e-51,164.0
m0077,m0243,75.2,7.910e-142,399.0
m0077,m0244,43.0,2.250e-63,195.0
m0077,m0246,52.1,2.260e-85,251.0
m0077,m0247,74.1,2.470e-143,402.0
m0077,m0248,40.1,2.430e-51,164.0
m0077,m0251,47.7,2.950e-72,218.0
m0077,m0253,68.5,6.980e-125,358.0
m0077,m0258,67.3,1.990e-123,352.0
m0077,m0261,49.4,6.380e-81,240.0
m0077,m0263,41.4,1.650e-55,175.0
m0077,m0266,61.9,6.060e-116,329.0
m0077,m0267,49.0,2.540e-74,222.0
m0077,m0271,52.3,2.910e-85,251.0
m0077,m0272,47.9,1.200e-75,226.0
m0077,m0273,34.7,1.930e-29,108.0
m0077,m0276,68.1,1.350e-125,359.0
m0077,m0277,35.3,6.200e-16,70.1
m0077,m0278,70.8,1.450e-135,384.0
m0077,m0280,76.7,1.860e-144,405.0
m0077,m0281,67.7,2.080e-125,358.0
m0077,m0282,43.5,6.580e-54,169.0
m0077,m0284,39.1,7.330e-50,160.0
m0077,m0287,32.0,1.050e-25,97.4
m0077,m0290,38.6,1.950e-50,162.0
m0077,m0292,49.0,1.180e-74,223.0
m0077,m0293,72.2,3.150e-137,388.0
m0077,m0294,72.0,8.790e-136,380.0
m0077,m0295,59.2,5.290e-100,292.0
m0077,m0297,55.7,8.920e-93,270.0
m0077,m0303,48.7,2.250e-77,231.0
m0077,m0304,51.9,3.680e-83,246.0
m0077,m0309,51.9,1.440e-79,237.0
m0077,m0311,42.1,3.010e-52,167.0
m0077,m0312,38.9,5.860e-48,155.0
m0077,m0314,67.7,1.710e-123,354.0
m0077,m0315,50.6,4.930e-74,223.0
m0077,m0317,56.0,8.360e-93,270.0
m0077,m0318,56.7,1.510e-97,288.0
m0077,m0320,66.3,9.180e-120,343.0
m0077,m0322,68.1,4.340e-125,358.0
m0077,m0324,63.5,1.750e-117,333.0
m0077,m0328,73.0,7.160e-143,399.0
m0077,m0329,49.2,7.260e-75,223.0
m0077,m0331,74.4,8.880e-142,399.0
m0077,m0332,57.9,7.300e-97,281.0
m0077,m0333,68.1,5.190e-126,361.0
m0077,m0335,46.2,5.410e-59,183.0
m0077,m0336,72.9,2.130e-138,387.0
m0077,m0337,53.6,1.390e-86,254.0
m0077,m0339,69.2,6.280e-129,368.0
m0077,m0340,63.2,6.640e-117,332.0
m0077,m0343,44.7,1.460e-62,192.0
m0077,m0344,68.5,2.960e-125,359.0
m0077,m0345,50.8,3.150e-77,231.0
m0077,m0347,68.1,2.990e-124,356.0
m0077,m0348,68.8,2.450e-125,359.0
m0077,m0349,77.3,5.220e-145,409.0
m0077,m0351,40.2,1.950e-50,162.0
m0077,m0354,43.2,2.860e-59,184.0
m0077,m0356,42.2,7.380e-52,166.0
m0077,m0363,66.5,2.380e-122,351.0
m0077,m0364,43.7,7.520e-64,196.0
m0077,m0365,47.1,1.200e-76,229.0
m0077,m0368,49.4,1.640e-76,229.0
m0077,m0369,36.4,5.400e-31,112.0
m0077,m0370,67.4,5.090e-120,340.0
m0077,m0371,33.6,9.030e-36,126.0
m0077,m0372,48.4,9.420e-74,221.0
m0077,m0377,51.6,1.300e-78,234.0
m0077,m0378,68.1,1.210e-123,355.0
m0077,m0380,52.1,4.870e-84,248.0
m0077,m0382,49.4,2.750e-73,220.0
m0077,m0383,38.1,2.860e-47,154.0
m0077,m0385,41.2,3.640e-53,169.0
m0077,m0387,40.6,1.870e-53,169.0
m0077,m0388,50.0,4.120e-78,233.0
m0077,m0390,54.4,2.990e-89,261.0
m0077,m0393,68.8,9.550e-125,358.0
m0077,m0394,50.9,1.220e-83,247.0
m0077,m0396,34.3,3.960e-12,58.9
m0077,m0397,60.3,1.680e-107,314.0
m0077,m0399,71.9,1.100e-131,374.0
m0077,m0401,54.8,1.260e-92,270.0
m0077,m0404,57.1,9.080e-102,295.0
m0077,m0405,72.2,1.570e-135,382.0
m0077,m0407,44.3,3.500e-67,205.0
m0077,m0409,42.2,1.790e-54,173.0
m0077,m0411,53.4,3.620e-89,261.0
m0078,m0080,53.1,3.250e-93,272.0
m0078,m0084,42.3,2.450e-65,201.0
m0078,m0086,42.9,1.310e-73,221.0
m0078,m0088,40.6,3.210e-52,167.0
m0078,m0090,45.4,6.960e-70,213.0
m0078,m0093,38.0,2.610e-50,166.0
m0078,m0094,40.4,2.600e-50,166.0
m0078,m0095,49.3,6.610e-84,248.0
m0078,m0096,40.6,8.250e-52,170.0
m0078,m0097,45.1,1.030e-71,217.0
m0078,m0098,40.5,1.420e-65,201.0
m0078,m0101,52.1,2.260e-84,249.0
m0078,m0102,60.0,5.470e-108,309.0
m0078,m0103,43.9,4.570e-71,215.0
m0078,m0104,47.3,8.990e-80,238.0
m0078,m0105,44.4,2.190e-68,207.0
m0078,m0110,51.4,3.320e-83,246.0
m0078,m0112,40.3,3.190e-51,168.0
m0078,m0114,37.4,1.560e-45,153.0
m0078,m0119,41.3,1.780e-65,202.0
m0078,m0121,52.3,2.750e-87,256.0
m0078,m0124,48.0,1.900e-78,233.0
m0078,m0125,46.5,5.520e-75,225.0
m0078,m0126,38.1,6.390e-50,164.0
m0078,m0129,42.5,2.330e-65,200.0
m0078,m0131,38.2,7.540e-51,166.0
m0078,m0132,46.0,8.290e-78,232.0
m0078,m0134,38.5,3.790e-53,170.0
m0078,m0135,48.3,9.800e-81,240.0
m0078,m0138,34.4,5.490e-40,135.0
m0078,m0139,38.5,1.120e-49,164.0
m0078,m0142,45.2,2.360e-75,225.0
m0078,m0145,54.6,2.080e-95,282.0
m0078,m0150,40.8,2.460e-62,193.0
m0078,m0155,38.3,1.200e-50,167.0
m0078,m0156,45.3,1.280e-75,227.0
m0078,m0158,38.8,5.980e-51,168.0
m0078,m0159,41.4,1.280e-51,169.0
m0078,m0160,39.3,1.150e-53,171.0
m0078,m0161,33.8,1.750e-35,123.0
m0078,m0162,38.8,9.850e-51,168.0
m0078,m0163,43.6,2.870e-70,213.0
m0078,m0164,37.7,1.790e-50,166.0
m0078,m0166,41.9,1.000e-64,200.0
m0078,m0167,45.2,2.820e-78,234.0
m0078,m0168,51.7,5.110e-95,276.0
m0078,m0169,49.6,2.380e-77,232.0
m0078,m0170,37.4,2.790e-48,160.0
m0078,m0171,40.4,4.350e-65,200.0
m0078,m0173,37.5,9.540e-48,159.0
m0078,m0174,39.6,7.040e-53,172.0
m0078,m0175,38.1,3.950e-50,165.0
m0078,m0176,55.0,3.880e-94,274.0
m0078,m0177,46.8,2.110e-75,227.0
m0078,m0179,39.7,5.140e-51,167.0
m0078,m0182,42.1,5.170e-56,181.0
m0078,m0183,35.3,1.430e-44,150.0
m0078,m0184,55.7,8.320e-94,273.0
m0078,m0187,49.4,5.350e-78,232.0
m0078,m0188,38.7,4.040e-52,171.0
m0078,m0191,76.4,1.950e-164,452.0
m0078,m0192,45.5,1.050e-67,207.0
m0078,m0193,48.0,3.790e-78,234.0
m0078,m0194,52.6,3.850e-92,269.0
m0078,m0197,43.8,9.660e-69,210.0
m0078,m0198,40.1,8.020e-49,162.0
m0078,m0204,37.6,5.010e-45,149.0
m0078,m0205,40.2,3.600e-53,174.0
m0078,m0209,42.0,3.740e-63,194.0
m0078,m0212,41.7,2.290e-51,166.0
m0078,m0213,40.4,9.620e-54,174.0
m0078,m0214,40.1,4.970e-51,168.0
m0078,m0215,40.2,1.040e-49,164.0
m0078,m0225,41.5,1.380e-49,164.0
m0078,m0226,37.7,1.860e-50,166.0
m0078,m0228,47.0,3.240e-76,227.0
m0078,m0229,49.6,2.850e-81,242.0
m0078,m0230,46.5,1.030e-70,214.0
m0078,m0231,44.6,7.480e-74,223.0
m0078,m0232,46.8,3.410e-77,231.0
m0078,m0233,47.2,2.920e-77,231.0
m0078,m0235,39.9,2.010e-47,156.0
m0078,m0236,40.5,9.300e-52,169.0
m0078,m0241,45.3,5.080e-80,238.0
m0078,m0242,41.9,6.210e-69,210.0
m0078,m0243,38.7,9.460e-53,172.0
m0078,m0244,55.9,2.370e-103,298.0
m0078,m0246,47.8,4.920e-80,238.0
m0078,m0247,39.6,1.060e-49,163.0
m0078,m0248,51.2,4.090e-85,251.0
m0078,m0251,39.2,4.360e-58,182.0
m0078,m0253,39.9,1.240e-50,167.0
m0078,m0258,36.1,1.300e-44,150.0
m0078,m0261,43.8,7.000e-73,220.0
m0078,m0263,62.0,2.530e-121,343.0
m0078,m0266,40.8,1.620e-56,178.0
m0078,m0267,48.6,3.920e-79,234.0
m0078,m0271,48.2,2.640e-84,249.0
m0078,m0272,39.6,3.270e-59,185.0
m0078,m0273,36.4,4.860e-37,129.0
m0078,m0276,40.4,1.980e-51,169.0
m0078,m0278,38.6,2.800e-46,155.0
m0078,m0280,40.1,7.270e-54,174.0
m0078,m0281,41.1,1.730e-54,176.0
m0078,m0282,43.3,3.310e-60,186.0
m0078,m0284,40.6,4.750e-64,197.0
m0078,m0287,31.7,2.750e-29,107.0
m0078,m0290,50.0,1.560e-82,245.0
m0078,m0292,45.7,2.450e-69,210.0
m0078,m0293,39.4,5.530e-50,165.0
m0078,m0294,38.9,1.590e-50,163.0
m0078,m0295,38.2,2.930e-49,162.0
m0078,m0297,46.1,4.290e-76,228.0
m0078,m0303,41.7,1.990e-65,201.0
m0078,m0304,52.7,4.710e-82,244.0
m0078,m0309,48.0,1.180e-76,230.0
m0078,m0311,52.4,7.940e-85,251.0
m0078,m0312,53.4,2.370e-92,269.0
m0078,m0314,39.8,1.710e-51,169.0
m0078,m0315,47.3,4.090e-79,236.0
m0078,m0317,45.6,2.390e-80,239.0
m0078,m0318,38.2,4.750e-45,152.0
m0078,m0320,38.3,2.740e-43,147.0
m0078,m0322,38.0,6.630e-51,167.0
m0078,m0324,40.1,2.080e-56,178.0
m0078,m0328,36.3,1.210e-44,148.0
m0078,m0329,50.0,9.820e-81,239.0
m0078,m0331,39.5,9.940e-50,164.0
m0078,m0332,48.7,8.190e-79,235.0
m0078,m0333,38.8,1.940e-50,167.0
m0078,m0335,47.8,1.840e-74,223.0
m0078,m0336,38.4,9.840e-51,164.0
m0078,m0337,47.9,1.130e-78,234.0
m0078,m0339,39.3,1.710e-47,159.0
m0078,m0340,41.3,7.780e-56,176.0
m0078,m0343,48.0,2.120e-79,236.0
m0078,m0344,39.5,5.070e-51,168.0
m0078,m0345,43.3,3.450e-66,203.0
m0078,m0347,39.1,1.800e-50,167.0
m0078,m0348,39.5,4.520e-51,168.0
m0078,m0349,40.3,8.250e-55,178.0
m0078,m0351,49.8,4.430e-82,244.0
m0078,m0354,61.5,5.010e-125,352.0
m0078,m0356,51.4,4.290e-81,241.0
m0078,m0363,39.6,4.560e-52,171.0
m0078,m0364,41.0,1.450e-64,198.0
m0078,m0365,41.5,5.300e-65,199.0
m0078,m0368,43.5,7.760e-70,212.0
m0078,m0369,37.7,1.130e-41,141.0
m0078,m0370,39.3,9.890e-55,174.0
m0078,m0371,41.2,4.250e-55,178.0
m0078,m0372,44.4,3.360e-72,218.0
m0078,m0377,48.7,7.240e-79,235.0
m0078,m0378,38.4,2.640e-49,164.0
m0078,m0380,48.5,6.260e-83,245.0
m0078,m0382,48.9,8.260e-84,248.0
m0078,m0383,55.0,2.590e-87,257.0
m0078,m0385,46.7,3.570e-75,226.0
m0078,m0387,44.2,2.780e-71,216.0
m0078,m0388,43.5,4.320e-73,221.0
m0078,m0390,45.3,1.170e-76,229.0
m0078,m0393,39.1,2.920e-50,166.0
m0078,m0394,44.7,3.010e-77,231.0
m0078,m0397,40.9,1.620e-49,164.0
m0078,m0399,41.2,2.830e-52,171.0
m0078,m0401,48.1,2.620e-85,251.0
m0078,m0404,37.6,1.070e-48,159.0
m0078,m0405,37.4,2.450e-48,159.0
m0078,m0407,43.2,1.880e-70,214.0
m0078,m0409,46.6,3.130e-74,224.0
m0078,m0411,48.4,2.580e-82,244.0
m0079,m0100,34.3,3.290e-48,158.0
m0079,m0221,47.1,4.200e-106,313.0
m0079,m0395,44.3,2.780e-103,306.0
m0080,m0084,40.7,2.730e-69,211.0
m0080,m0086,43.2,3.150e-76,229.0
m0080,m0088,39.7,3.080e-51,165.0
m0080,m0090,39.7,5.720e-68,208.0
m0080,m0093,37.6,1.240e-49,165.0
m0080,m0094,39.9,1.170e-50,167.0
m0080,m0095,53.7,1.070e-112,322.0
m0080,m0096,39.5,2.810e-51,169.0
m0080,m0097,41.3,4.300e-67,206.0
m0080,m0098,36.8,6.350e-60,187.0
m0080,m0101,54.5,1.150e-121,345.0
m0080,m0102,53.2,4.230e-107,308.0
m0080,m0103,36.0,1.210e-51,166.0
m0080,m0104,44.6,3.470e-76,229.0
m0080,m0105,37.9,2.360e-54,172.0
m0080,m0110,48.8,3.390e-85,252.0
m0080,m0112,39.6,1.790e-53,175.0
m0080,m0114,39.7,3.830e-51,168.0
m0080,m0119,41.8,9.950e-61,190.0
m0080,m0121,47.6,3.450e-82,244.0
m0080,m0124,45.3,4.460e-73,220.0
m0080,m0125,41.8,5.030e-75,226.0
m0080,m0126,42.5,3.690e-56,181.0
m0080,m0129,36.9,1.670e-51,165.0
m0080,m0131,39.2,8.380e-47,156.0
m0080,m0132,45.5,1.050e-77,233.0
m0080,m0134,42.0,3.020e-54,173.0
m0080,m0135,41.3,1.410e-71,218.0
m0080,m0139,40.1,8.650e-44,149.0
m0080,m0142,43.0,2.410e-71,216.0
m0080,m0145,52.0,3.610e-104,305.0
m0080,m0150,42.6,2.170e-68,209.0
m0080,m0155,38.1,1.120e-49,165.0
m0080,m0156,43.0,1.720e-72,220.0
m0080,m0158,38.2,2.710e-51,169.0
m0080,m0159,42.1,3.670e-59,190.0
m0080,m0160,33.0,2.180e-52,168.0
m0080,m0161,31.0,9.450e-36,124.0
m0080,m0162,38.8,2.470e-49,165.0
m0080,m0163,37.7,1.280e-58,184.0
m0080,m0164,36.8,1.240e-48,162.0
m0080,m0166,48.0,1.360e-78,236.0
m0080,m0167,45.1,1.250e-81,243.0
m0080,m0168,80.9,7.300e-185,505.0
m0080,m0169,43.5,1.950e-78,235.0
m0080,m0170,39.9,7.370e-46,154.0
m0080,m0171,36.1,3.230e-54,172.0
m0080,m0173,39.3,4.250e-48,160.0
m0080,m0174,36.4,5.350e-50,165.0
m0080,m0175,39.2,1.050e-47,159.0
m0080,m0176,80.9,2.260e-183,501.0
m0080,m0177,52.5,1.230e-112,322.0
m0080,m0179,39.0,2.450e-50,166.0
m0080,m0182,39.9,9.120e-56,181.0
m0080,m0183,38.4,4.130e-47,157.0
m0080,m0184,83.6,5.620e-189,515.0
m0080,m0185,30.2,1.610e-18,78.2
m0080,m0187,46.6,8.920e-81,239.0
m0080,m0188,39.0,1.380e-51,170.0
m0080,m0191,52.8,1.800e-95,278.0
m0080,m0192,39.5,1.530e-63,197.0
m0080,m0193,48.1,1.100e-79,239.0
m0080,m0194,81.5,6.550e-188,513.0
m0080,m0197,41.2,3.520e-68,209.0
m0080,m0198,41.7,1.550e-57,185.0
m0080,m0204,38.5,3.990e-46,153.0
m0080,m0205,39.3,9.790e-51,168.0
m0080,m0209,36.9,2.160e-54,172.0
m0080,m0212,39.8,8.410e-54,172.0
m0080,m0213,39.1,4.200e-49,163.0
m0080,m0214,37.8,1.690e-50,167.0
m0080,m0215,40.7,1.890e-48,161.0
m0080,m0225,41.1,2.120e-51,169.0
m0080,m0226,35.6,1.230e-49,165.0
m0080,m0228,47.3,3.810e-79,235.0
m0080,m0229,43.0,1.010e-75,228.0
m0080,m0230,39.5,1.360e-64,199.0
m0080,m0231,45.1,5.980e-78,234.0
m0080,m0232,45.1,2.040e-75,227.0
m0080,m0233,49.8,3.190e-81,242.0
m0080,m0235,36.5,3.910e-45,150.0
m0080,m0236,37.8,1.920e-48,161.0
m0080,m0241,44.4,1.180e-80,241.0
m0080,m0242,35.7,7.120e-61,190.0
m0080,m0243,41.1,8.950e-52,170.0
m0080,m0244,51.0,8.030e-104,300.0
m0080,m0246,43.2,3.370e-77,232.0
m0080,m0247,37.3,9.290e-50,164.0
m0080,m0248,68.3,5.180e-142,397.0
m0080,m0251,38.2,2.670e-61,191.0
m0080,m0253,39.1,3.130e-49,164.0
m0080,m0258,38.4,1.810e-48,161.0
m0080,m0261,44.5,5.710e-74,224.0
m0080,m0263,53.2,9.750e-99,287.0
m0080,m0266,39.6,1.560e-55,176.0
m0080,m0267,45.2,6.010e-80,237.0
m0080,m0271,44.4,2.080e-80,240.0
m0080,m0272,40.8,1.830e-63,196.0
m0080,m0273,34.9,2.830e-50,164.0
m0080,m0276,37.5,3.440e-51,169.0
m0080,m0277,31.1,9.910e-13,61.2
m0080,m0278,39.4,3.100e-48,160.0
m0080,m0280,40.8,2.200e-50,166.0
m0080,m0281,37.8,2.310e-53,174.0
m0080,m0282,40.3,1.960e-57,179.0
m0080,m0284,37.3,8.780e-54,171.0
m0080,m0290,53.3,6.370e-112,320.0
m0080,m0292,39.3,2.730e-61,190.0
m0080,m0293,40.1,7.520e-48,160.0
m0080,m0294,38.8,2.390e-55,176.0
m0080,m0295,37.2,4.720e-50,165.0
m0080,m0297,47.1,7.470e-79,236.0
m0080,m0303,39.3,1.100e-63,197.0
m0080,m0304,49.2,1.010e-80,241.0
m0080,m0309,41.7,7.230e-66,203.0
m0080,m0311,53.5,4.390e-119,338.0
m0080,m0312,87.1,4.650e-186,507.0
m0080,m0314,39.1,2.030e-52,172.0
m0080,m0315,44.6,2.950e-81,242.0
m0080,m0317,45.7,4.920e-79,236.0
m0080,m0318,39.4,3.240e-51,169.0
m0080,m0320,39.0,1.780e-49,164.0
m0080,m0322,37.3,2.360e-49,164.0
m0080,m0324,42.9,4.180e-58,183.0
m0080,m0328,35.0,1.350e-45,151.0
m0080,m0329,47.0,2.140e-81,241.0
m0080,m0331,35.8,2.000e-46,155.0
m0080,m0332,46.7,6.120e-78,234.0
m0080,m0333,38.6,2.300e-51,170.0
m0080,m0335,39.4,3.800e-67,205.0
m0080,m0336,37.2,7.230e-49,159.0
m0080,m0337,41.4,1.870e-73,221.0
m0080,m0339,37.1,2.700e-49,164.0
m0080,m0340,41.9,3.950e-58,183.0
m0080,m0343,42.8,2.270e-72,219.0
m0080,m0344,41.1,3.060e-52,172.0
m0080,m0345,38.8,7.020e-65,200.0
m0080,m0347,38.8,4.360e-50,166.0
m0080,m0348,39.1,1.540e-50,167.0
m0080,m0349,37.0,1.980e-48,162.0
m0080,m0351,55.1,1.750e-121,345.0
m0080,m0354,51.4,6.910e-98,284.0
m0080,m0356,57.7,2.420e-125,355.0
m0080,m0363,36.5,8.800e-50,165.0
m0080,m0364,38.2,4.450e-65,200.0
m0080,m0365,42.2,8.060e-69,210.0
m0080,m0368,42.8,7.620e-75,226.0
m0080,m0369,38.0,5.020e-52,169.0
m0080,m0370,38.2,1.910e-53,171.0
m0080,m0371,37.9,1.270e-56,182.0
m0080,m0372,39.9,1.740e-65,201.0
m0080,m0377,43.9,1.350e-78,235.0
m0080,m0378,38.7,3.970e-52,172.0
m0080,m0380,41.6,2.470e-76,229.0
m0080,m0382,44.8,2.230e-80,239.0
m0080,m0383,55.9,4.290e-123,349.0
m0080,m0385,44.6,6.000e-84,249.0
m0080,m0387,37.5,1.940e-55,176.0
m0080,m0388,40.5,6.350e-72,219.0
m0080,m0390,46.3,5.340e-77,231.0
m0080,m0393,40.1,9.470e-51,168.0
m0080,m0394,41.5,4.570e-73,221.0
m0080,m0397,39.9,1.500e-55,181.0
m0080,m0399,40.6,3.310e-53,174.0
m0080,m0401,47.4,7.790e-84,248.0
m0080,m0404,40.1,2.020e-51,167.0
m0080,m0405,40.1,1.520e-48,160.0
m0080,m0407,37.4,1.180e-55,176.0
m0080,m0409,57.7,2.360e-112,322.0
m0080,m0411,44.9,1.250e-79,238.0
m0081,m0202,58.9,2.450e-83,242.0
m0081,m0327,57.3,1.930e-91,263.0
m0081,m0355,30.3,1.570e-11,55.5
m0081,m0374,57.3,4.250e-85,246.0
m0083,m0085,38.6,1.730e-61,194.0
m0083,m0087,37.4,1.210e-57,184.0
m0083,m0106,32.7,7.740e-36,127.0
m0083,m0107,35.6,6.970e-41,140.0
m0083,m0111,36.7,4.660e-43,146.0
m0083,m0113,33.2,1.880e-41,142.0
m0083,m0136,31.4,2.310e-28,107.0
m0083,m0152,45.0,3.140e-67,209.0
m0083,m0165,41.8,1.590e-71,221.0
m0083,m0172,31.0,4.580e-30,112.0
m0083,m0180,34.3,1.990e-39,137.0
m0083,m0186,55.1,1.420e-118,342.0
m0083,m0190,39.6,4.300e-57,184.0
m0083,m0208,41.3,9.470e-61,193.0
m0083,m0218,30.9,4.210e-24,96.3
m0083,m0219,32.2,1.410e-29,110.0
m0083,m0220,37.8,2.170e-44,150.0
m0083,m0224,66.7,1.340e-167,467.0
m0083,m0245,34.8,1.160e-54,177.0
m0083,m0250,33.3,9.120e-43,145.0
m0083,m0255,37.7,5.030e-40,137.0
m0083,m0268,31.5,4.070e-28,107.0
m0083,m0275,39.6,1.840e-68,213.0
m0083,m0283,36.7,5.160e-52,171.0
m0083,m0286,39.6,1.780e-54,178.0
m0083,m0316,39.1,1.510e-61,196.0
m0083,m0321,39.0,9.930e-68,211.0
m0083,m0353,40.4,1.320e-50,165.0
m0083,m0357,40.5,9.950e-53,171.0
m0083,m0361,37.0,5.240e-48,159.0
m0083,m0379,31.4,1.150e-29,111.0
m0083,m0384,34.7,2.510e-35,126.0
m0083,m0386,35.1,1.700e-49,164.0
m0083,m0389,40.6,1.280e-57,185.0
m0083,m0403,40.6,1.780e-74,229.0
m0083,m0412,39.1,8.650e-54,175.0
m0084,m0086,50.9,7.360e-95,276.0
m0084,m0088,43.7,2.240e-69,212.0
m0084,m0090,46.0,2.660e-87,258.0
m0084,m0093,44.0,1.480e-73,228.0
m0084,m0094,43.0,6.780e-62,196.0
m0084,m0095,36.8,5.100e-59,185.0
m0084,m0096,45.5,4.660e-74,229.0
m0084,m0097,62.7,9.680e-127,358.0
m0084,m0098,40.3,1.340e-78,235.0
m0084,m0101,38.9,4.010e-67,206.0
m0084,m0102,42.4,1.860e-68,209.0
m0084,m0103,41.6,4.360e-64,198.0
m0084,m0104,51.7,1.670e-99,288.0
m0084,m0105,41.7,7.750e-67,204.0
m0084,m0110,46.3,3.480e-84,249.0
m0084,m0112,44.3,3.190e-70,218.0
m0084,m0114,43.3,2.330e-65,205.0
m0084,m0119,43.6,1.740e-78,236.0
m0084,m0121,42.5,7.750e-75,225.0
m0084,m0124,55.5,1.390e-104,300.0
m0084,m0125,49.1,4.260e-94,275.0
m0084,m0126,43.6,4.260e-75,230.0
m0084,m0129,41.5,1.590e-54,172.0
m0084,m0131,44.4,1.780e-69,215.0
m0084,m0132,50.3,4.540e-99,287.0
m0084,m0134,47.6,2.390e-82,245.0
m0084,m0135,47.6,1.360e-92,271.0
m0084,m0139,42.8,3.240e-65,206.0
m0084,m0142,51.5,2.350e-94,274.0
m0084,m0145,40.9,3.540e-71,220.0
m0084,m0150,50.5,5.060e-93,272.0
m0084,m0155,43.1,1.220e-69,217.0
m0084,m0156,48.0,3.740e-92,270.0
m0084,m0158,44.8,4.880e-73,226.0
m0084,m0159,45.0,1.650e-71,222.0
m0084,m0160,41.6,1.070e-70,215.0
m0084,m0162,44.9,8.650e-74,229.0
m0084,m0163,41.8,2.110e-65,201.0
m0084,m0164,44.5,1.390e-72,224.0
m0084,m0166,40.8,9.250e-54,172.0
m0084,m0167,47.2,6.960e-96,279.0
m0084,m0168,39.6,2.240e-68,209.0
m0084,m0169,49.0,1.500e-95,279.0
m0084,m0170,42.9,4.590e-65,204.0
m0084,m0171,41.9,1.250e-62,194.0
m0084,m0173,42.0,1.840e-63,200.0
m0084,m0174,45.3,9.000e-68,211.0
m0084,m0175,45.1,6.440e-71,220.0
m0084,m0176,39.9,2.980e-68,209.0
m0084,m0177,38.7,1.460e-62,194.0
m0084,m0179,42.5,2.920e-67,209.0
m0084,m0182,42.5,6.670e-71,220.0
m0084,m0183,44.1,4.520e-67,209.0
m0084,m0184,40.4,5.510e-72,218.0
m0084,m0185,30.3,1.090e-12,61.2
m0084,m0187,49.4,1.690e-90,264.0
m0084,m0188,44.8,9.820e-72,222.0
m0084,m0191,42.5,3.170e-66,203.0
m0084,m0192,57.0,9.650e-114,325.0
m0084,m0193,48.3,5.530e-95,278.0
m0084,m0194,39.2,3.560e-67,206.0
m0084,m0197,46.1,2.540e-89,263.0
m0084,m0198,42.2,5.110e-66,207.0
m0084,m0204,41.7,8.230e-60,188.0
m0084,m0205,44.7,8.150e-74,228.0
m0084,m0209,39.8,2.870e-57,180.0
m0084,m0212,44.9,2.460e-68,210.0
m0084,m0213,43.3,6.350e-72,222.0
m0084,m0214,44.7,2.130e-73,227.0
m0084,m0215,45.2,4.010e-60,191.0
m0084,m0225,45.3,6.080e-63,199.0
m0084,m0226,44.0,6.000e-75,231.0
m0084,m0228,50.0,3.640e-94,273.0
m0084,m0229,48.6,1.860e-96,281.0
m0084,m0230,44.7,5.510e-80,239.0
m0084,m0231,52.1,3.610e-97,283.0
m0084,m0232,48.9,9.050e-92,269.0
m0084,m0233,51.4,2.370e-98,285.0
m0084,m0235,45.1,1.330e-67,209.0
m0084,m0236,42.9,8.060e-71,219.0
m0084,m0241,48.6,8.710e-93,271.0
m0084,m0242,39.3,2.920e-62,193.0
m0084,m0243,40.7,4.470e-64,202.0
m0084,m0244,41.3,1.380e-72,220.0
m0084,m0246,49.0,5.600e-96,280.0
m0084,m0247,45.9,2.090e-70,218.0
m0084,m0248,44.6,7.230e-71,216.0
m0084,m0251,50.0,7.070e-91,266.0
m0084,m0253,45.1,2.180e-75,232.0
m0084,m0258,44.6,2.000e-67,210.0
m0084,m0261,46.3,1.230e-93,274.0
m0084,m0263,41.8,1.490e-70,215.0
m0084,m0266,45.4,5.030e-74,223.0
m0084,m0267,45.8,3.120e-79,235.0
m0084,m0271,47.5,6.720e-94,275.0
m0084,m0272,41.6,7.300e-71,215.0
m0084,m0273,31.0,5.160e-29,108.0
m0084,m0276,43.4,3.530e-64,203.0
m0084,m0278,44.6,4.000e-66,207.0
m0084,m0280,44.5,1.050e-69,216.0
m0084,m0281,42.7,2.340e-68,213.0
m0084,m0282,43.4,2.020e-59,184.0
m0084,m0284,37.6,2.670e-58,183.0
m0084,m0287,33.3,1.920e-32,116.0
m0084,m0290,38.9,9.530e-66,202.0
m0084,m0292,49.1,9.180e-89,260.0
m0084,m0293,42.8,2.190e-68,213.0
m0084,m0294,45.3,1.280e-72,220.0
m0084,m0295,45.0,1.880e-71,220.0
m0084,m0297,51.0,3.710e-99,287.0
m0084,m0303,45.1,2.440e-81,242.0
m0084,m0304,48.8,1.620e-94,276.0
m0084,m0309,48.6,6.480e-91,267.0
m0084,m0311,40.9,4.510e-66,203.0
m0084,m0312,42.3,2.170e-70,213.0
m0084,m0314,45.1,8.170e-76,233.0
m0084,m0315,49.1,6.150e-93,272.0
m0084,m0317,51.0,3.210e-102,295.0
m0084,m0318,41.7,7.710e-66,207.0
m0084,m0320,43.5,3.370e-62,197.0
m0084,m0322,44.1,2.560e-73,226.0
m0084,m0324,44.5,4.160e-75,226.0
m0084,m0328,44.9,1.830e-72,221.0
m0084,m0329,51.3,7.070e-92,268.0
m0084,m0331,44.2,3.600e-68,212.0
m0084,m0332,50.5,7.140e-97,282.0
m0084,m0333,44.1,9.050e-76,233.0
m0084,m0335,46.4,5.440e-69,210.0
m0084,m0336,45.8,3.590e-74,224.0
m0084,m0337,50.9,9.630e-94,273.0
m0084,m0339,42.3,5.850e-62,197.0
m0084,m0340,45.9,1.220e-76,230.0
m0084,m0343,44.8,1.770e-76,229.0
m0084,m0344,45.1,9.990e-75,231.0
m0084,m0345,59.4,3.220e-117,333.0
m0084,m0347,44.7,1.790e-74,230.0
m0084,m0348,46.2,2.770e-76,234.0
m0084,m0349,46.4,1.360e-74,230.0
m0084,m0351,39.8,1.510e-67,207.0
m0084,m0354,41.8,9.830e-68,207.0
m0084,m0356,41.2,3.170e-62,194.0
m0084,m0363,43.7,7.350e-73,225.0
m0084,m0364,46.2,3.110e-81,241.0
m0084,m0365,45.1,4.180e-79,236.0
m0084,m0368,45.4,7.330e-80,238.0
m0084,m0369,30.3,1.070e-30,112.0
m0084,m0370,43.8,6.000e-67,206.0
m0084,m0371,35.2,4.690e-43,147.0
m0084,m0372,47.9,1.440e-85,253.0
m0084,m0377,47.7,6.190e-92,269.0
m0084,m0378,43.9,5.020e-74,229.0
m0084,m0380,51.8,6.680e-99,286.0
m0084,m0382,47.9,7.600e-91,266.0
m0084,m0383,38.2,1.510e-65,202.0
m0084,m0385,38.3,4.870e-62,193.0
m0084,m0387,37.4,1.610e-56,178.0
m0084,m0388,50.7,3.130e-98,286.0
m0084,m0390,50.7,1.260e-100,291.0
m0084,m0393,44.7,1.100e-74,231.0
m0084,m0394,46.4,1.590e-91,268.0
m0084,m0397,44.3,5.160e-69,216.0
m0084,m0399,45.2,8.660e-73,225.0
m0084,m0401,53.5,3.700e-104,300.0
m0084,m0404,40.3,4.500e-63,197.0
m0084,m0405,42.2,3.530e-68,211.0
m0084,m0407,43.9,1.140e-78,235.0
m0084,m0409,37.5,2.960e-61,191.0
m0084,m0411,50.7,5.460e-96,280.0
m0085,m0087,46.2,5.030e-84,250.0
m0085,m0106,34.8,4.640e-42,142.0
m0085,m0107,38.6,5.220e-64,199.0
m0085,m0111,44.8,2.770e-75,228.0
m0085,m0113,39.0,1.680e-62,195.0
m0085,m0136,31.0,2.270e-32,117.0
m0085,m0152,43.6,4.200e-67,207.0
m0085,m0165,38.4,7.390e-58,184.0
m0085,m0172,32.3,1.990e-36,128.0
m0085,m0180,41.7,1.540e-78,237.0
m0085,m0186,40.9,4.860e-70,216.0
m0085,m0190,43.1,1.210e-78,238.0
m0085,m0206,31.8,2.980e-37,130.0
m0085,m0208,45.0,9.520e-79,238.0
m0085,m0218,31.3,3.570e-26,100.0
m0085,m0219,35.7,9.040e-36,126.0
m0085,m0220,38.8,8.800e-62,194.0
m0085,m0224,37.4,3.630e-57,183.0
m0085,m0245,49.2,6.000e-99,289.0
m0085,m0250,45.6,4.770e-79,237.0
m0085,m0255,34.8,4.300e-43,144.0
m0085,m0268,31.8,2.890e-30,111.0
m0085,m0275,47.9,5.010e-98,286.0
m0085,m0283,34.5,2.790e-51,167.0
m0085,m0286,42.5,1.770e-71,220.0
m0085,m0316,43.5,3.730e-68,211.0
m0085,m0321,48.9,2.550e-95,280.0
m0085,m0353,41.0,7.300e-65,200.0
m0085,m0357,37.0,1.960e-57,181.0
m0085,m0361,35.7,1.190e-48,159.0
m0085,m0379,30.4,1.410e-31,115.0
m0085,m0384,31.8,1.290e-38,133.0
m0085,m0386,44.0,7.400e-76,230.0
m0085,m0389,36.8,2.220e-62,195.0
m0085,m0403,38.5,2.080e-65,203.0
m0085,m0412,41.2,4.440e-74,225.0
m0086,m0088,51.1,4.200e-83,246.0
m0086,m0090,49.8,1.500e-96,281.0
m0086,m0093,51.4,7.110e-87,261.0
m0086,m0094,46.9,6.760e-79,240.0
m0086,m0095,42.5,2.250e-69,211.0
m0086,m0096,50.3,1.750e-86,260.0
m0086,m0097,53.4,1.310e-104,301.0
m0086,m0098,49.5,7.460e-91,266.0
m0086,m0101,47.3,6.220e-80,238.0
m0086,m0102,46.3,4.960e-82,243.0
m0086,m0103,41.1,6.690e-69,210.0
m0086,m0104,56.2,2.070e-107,308.0
m0086,m0105,41.5,1.790e-65,200.0
m0086,m0110,51.0,4.500e-87,256.0
m0086,m0112,50.5,2.450e-85,257.0
m0086,m0114,50.5,5.930e-82,248.0
m0086,m0119,46.8,2.610e-88,260.0
m0086,m0121,48.8,1.460e-85,252.0
m0086,m0124,59.5,6.650e-110,313.0
m0086,m0125,52.8,1.540e-101,293.0
m0086,m0126,51.1,1.010e-87,262.0
m0086,m0129,43.6,3.280e-66,202.0
m0086,m0131,52.4,3.100e-88,263.0
m0086,m0132,55.1,1.870e-110,315.0
m0086,m0134,48.3,5.630e-91,267.0
m0086,m0135,54.2,1.310e-102,296.0
m0086,m0139,50.0,2.030e-83,252.0
m0086,m0142,59.5,5.510e-110,313.0
m0086,m0145,48.5,9.140e-81,244.0
m0086,m0150,50.5,2.100e-94,275.0
m0086,m0155,49.3,8.440e-83,250.0
m0086,m0156,59.4,2.300e-115,328.0
m0086,m0158,50.3,2.080e-84,255.0
m0086,m0159,48.9,1.910e-76,234.0
m0086,m0160,42.6,9.240e-72,217.0
m0086,m0161,30.3,4.840e-26,98.2
m0086,m0162,49.7,3.820e-85,258.0
m0086,m0163,41.5,1.900e-66,203.0
m0086,m0164,51.3,1.830e-85,257.0
m0086,m0166,44.8,1.010e-62,195.0
m0086,m0167,51.3,4.360e-99,287.0
m0086,m0168,41.7,1.340e-72,219.0
m0086,m0169,52.4,1.250e-106,306.0
m0086,m0170,50.0,3.200e-81,245.0
m0086,m0171,41.8,1.100e-66,204.0
m0086,m0173,47.0,9.420e-74,226.0
m0086,m0174,50.9,1.900e-88,264.0
m0086,m0175,49.1,4.270e-81,246.0
m0086,m0176,43.9,1.220e-75,227.0
m0086,m0177,41.5,1.760e-72,219.0
m0086,m0179,51.3,8.550e-82,246.0
m0086,m0182,50.0,4.080e-85,256.0
m0086,m0183,51.0,2.180e-83,251.0
m0086,m0184,44.3,2.600e-75,226.0
m0086,m0187,58.8,1.220e-107,307.0
m0086,m0188,53.7,7.150e-93,276.0
m0086,m0191,45.4,2.610e-76,228.0
m0086,m0192,53.1,2.320e-99,288.0
m0086,m0193,55.9,3.730e-110,316.0
m0086,m0194,42.7,3.350e-73,221.0
m0086,m0197,52.7,7.130e-104,300.0
m0086,m0198,48.9,4.110e-78,238.0
m0086,m0204,45.0,1.350e-70,216.0
m0086,m0205,51.4,4.820e-88,264.0
m0086,m0209,43.8,2.020e-69,211.0
m0086,m0212,48.3,5.080e-87,257.0
m0086,m0213,50.4,7.220e-86,258.0
m0086,m0214,50.7,2.300e-85,258.0
m0086,m0215,53.8,1.130e-79,241.0
m0086,m0225,50.9,2.090e-80,244.0
m0086,m0226,52.8,3.860e-88,264.0
m0086,m0228,60.5,1.760e-116,330.0
m0086,m0229,54.4,3.300e-109,313.0
m0086,m0230,58.8,5.200e-113,322.0
m0086,m0231,57.1,1.390e-111,320.0
m0086,m0232,55.4,2.310e-104,300.0
m0086,m0233,55.0,3.410e-105,302.0
m0086,m0235,46.6,2.210e-80,241.0
m0086,m0236,50.9,4.110e-83,250.0
m0086,m0241,54.9,5.130e-104,300.0
m0086,m0242,44.0,3.360e-75,226.0
m0086,m0243,49.3,8.190e-81,244.0
m0086,m0244,49.1,3.880e-93,272.0
m0086,m0246,59.4,4.710e-119,338.0
m0086,m0247,50.5,8.040e-88,262.0
m0086,m0248,49.4,1.170e-77,233.0
m0086,m0251,50.4,4.270e-92,269.0
m0086,m0253,50.9,9.010e-87,261.0
m0086,m0258,50.5,7.470e-86,257.0
m0086,m0261,56.3,3.550e-110,315.0
m0086,m0263,44.7,1.510e-78,235.0
m0086,m0266,53.3,1.390e-94,275.0
m0086,m0267,55.5,1.240e-108,310.0
m0086,m0271,56.2,1.690e-111,319.0
m0086,m0272,44.3,2.350e-85,252.0
m0086,m0273,32.6,4.170e-32,116.0
m0086,m0276,47.6,8.060e-83,251.0
m0086,m0277,34.3,8.960e-09,49.3
m0086,m0278,47.7,1.730e-74,228.0
m0086,m0280,52.5,8.250e-84,251.0
m0086,m0281,50.2,2.510e-83,251.0
m0086,m0282,50.2,4.190e-78,231.0
m0086,m0284,42.2,3.710e-70,213.0
m0086,m0287,32.7,1.550e-26,100.0
m0086,m0290,45.4,2.910e-70,214.0
m0086,m0292,56.7,2.250e-104,300.0
m0086,m0293,50.4,1.070e-81,247.0
m0086,m0294,50.9,1.100e-89,263.0
m0086,m0295,51.4,2.010e-88,263.0
m0086,m0297,59.5,2.100e-115,328.0
m0086,m0303,53.0,1.020e-100,291.0
m0086,m0304,56.7,2.850e-112,321.0
m0086,m0309,56.3,1.370e-102,296.0
m0086,m0311,48.1,1.290e-76,230.0
m0086,m0312,45.2,6.600e-75,224.0
m0086,m0314,50.7,3.780e-86,259.0
m0086,m0315,54.8,2.210e-105,303.0
m0086,m0317,55.3,5.710e-110,314.0
m0086,m0318,46.6,9.780e-74,227.0
m0086,m0320,49.3,8.960e-79,239.0
m0086,m0322,51.5,1.060e-87,263.0
m0086,m0324,50.0,1.130e-90,266.0
m0086,m0328,50.2,8.670e-87,257.0
m0086,m0329,56.9,4.870e-102,293.0
m0086,m0331,51.1,5.860e-88,263.0
m0086,m0332,57.1,6.650e-112,320.0
m0086,m0333,51.6,3.360e-88,265.0
m0086,m0335,49.6,1.830e-88,259.0
m0086,m0336,50.0,1.310e-87,258.0
m0086,m0337,57.5,1.720e-111,318.0
m0086,m0339,46.9,2.270e-82,249.0
m0086,m0340,48.9,5.580e-88,259.0
m0086,m0343,47.8,2.170e-85,251.0
m0086,m0344,51.7,9.470e-88,264.0
m0086,m0345,54.9,4.800e-104,300.0
m0086,m0347,50.4,3.780e-86,259.0
m0086,m0348,51.0,1.590e-84,255.0
m0086,m0349,53.4,4.900e-93,277.0
m0086,m0351,44.4,1.950e-76,229.0
m0086,m0354,48.1,4.080e-83,246.0
m0086,m0356,51.3,1.590e-79,238.0
m0086,m0363,51.0,4.870e-86,259.0
m0086,m0364,50.0,2.290e-91,267.0
m0086,m0365,51.6,1.800e-98,285.0
m0086,m0368,50.7,7.110e-98,284.0
m0086,m0369,33.6,1.120e-35,125.0
m0086,m0370,47.9,3.160e-83,247.0
m0086,m0371,34.8,1.760e-43,147.0
m0086,m0372,50.9,2.060e-95,277.0
m0086,m0377,52.7,7.330e-103,296.0
m0086,m0378,51.1,1.340e-86,261.0
m0086,m0380,60.4,8.360e-124,349.0
m0086,m0382,54.6,2.800e-103,297.0
m0086,m0383,42.1,9.240e-70,213.0
m0086,m0385,47.3,4.750e-71,216.0
m0086,m0387,41.8,2.340e-65,201.0
m0086,m0388,52.4,2.780e-101,293.0
m0086,m0390,55.8,7.800e-109,311.0
m0086,m0393,51.2,4.700e-86,259.0
m0086,m0394,50.5,6.200e-101,291.0
m0086,m0397,48.3,5.300e-79,241.0
m0086,m0399,52.2,9.970e-90,268.0
m0086,m0401,56.9,4.590e-112,320.0
m0086,m0404,45.0,1.130e-72,221.0
m0086,m0405,49.3,3.050e-81,244.0
m0086,m0407,47.9,3.010e-81,241.0
m0086,m0409,45.1,6.490e-72,218.0
m0086,m0411,55.6,1.810e-111,319.0
m0087,m0106,31.3,3.750e-39,135.0
m0087,m0107,40.5,1.820e-67,208.0
m0087,m0111,40.7,3.910e-69,212.0
m0087,m0113,39.3,1.580e-59,187.0
m0087,m0136,33.9,2.690e-39,135.0
m0087,m0152,48.5,8.010e-87,258.0
m0087,m0165,37.8,1.010e-57,184.0
m0087,m0172,31.5,3.770e-36,127.0
m0087,m0180,37.0,2.110e-63,198.0
m0087,m0186,37.9,1.260e-56,181.0
m0087,m0190,46.0,3.300e-78,236.0
m0087,m0206,30.8,1.670e-31,114.0
m0087,m0208,43.8,9.210e-79,238.0
m0087,m0218,31.7,1.080e-28,107.0
m0087,m0219,34.2,8.580e-37,129.0
m0087,m0220,38.9,2.150e-62,195.0
m0087,m0224,38.3,8.970e-58,184.0
m0087,m0240,34.0,6.190e-35,123.0
m0087,m0245,46.1,1.990e-86,257.0
m0087,m0250,41.9,4.200e-77,232.0
m0087,m0255,37.9,3.620e-45,149.0
m0087,m0268,34.0,1.050e-34,123.0
m0087,m0275,49.3,5.230e-100,291.0
m0087,m0283,36.2,1.930e-51,168.0
m0087,m0286,40.5,9.590e-71,218.0
m0087,m0316,44.5,5.750e-76,231.0
m0087,m0321,48.3,1.520e-96,283.0
m0087,m0353,42.8,4.910e-59,185.0
m0087,m0357,41.2,2.510e-64,199.0
m0087,m0361,34.0,1.120e-44,149.0
m0087,m0379,31.5,1.270e-38,134.0
m0087,m0384,32.6,1.760e-38,133.0
m0087,m0386,47.7,1.650e-85,254.0
m0087,m0389,42.7,1.930e-78,236.0
m0087,m0403,40.8,3.590e-66,205.0
m0087,m0412,40.1,5.290e-63,197.0
m0088,m0090,40.6,5.990e-63,196.0
m0088,m0093,63.4,3.200e-129,370.0
m0088,m0094,65.2,7.880e-132,376.0
m0088,m0095,34.9,1.330e-47,156.0
m0088,m0096,63.2,5.070e-127,365.0
m0088,m0097,52.1,1.020e-80,241.0
m0088,m0098,40.9,2.970e-68,209.0
m0088,m0101,37.5,3.260e-52,168.0
m0088,m0102,40.5,4.220e-63,196.0
m0088,m0103,37.9,5.720e-54,172.0
m0088,m0104,51.7,7.670e-100,290.0
m0088,m0105,43.2,3.430e-55,174.0
m0088,m0110,41.4,4.210e-65,201.0
m0088,m0112,64.3,1.830e-133,380.0
m0088,m0114,64.0,2.040e-128,367.0
m0088,m0119,40.8,3.810e-68,209.0
m0088,m0121,41.4,1.860e-63,196.0
m0088,m0124,56.7,5.560e-101,291.0
m0088,m0125,44.6,4.560e-77,231.0
m0088,m0126,61.5,2.350e-123,353.0
m0088,m0129,36.2,1.800e-48,157.0
m0088,m0131,74.8,2.680e-148,417.0
m0088,m0132,50.2,8.820e-91,266.0
m0088,m0134,59.3,6.860e-122,346.0
m0088,m0135,48.8,2.100e-83,248.0
m0088,m0138,30.2,1.280e-25,98.2
m0088,m0139,71.4,8.880e-144,407.0
m0088,m0142,51.2,4.770e-83,246.0
m0088,m0145,42.6,2.120e-61,195.0
m0088,m0150,41.5,3.190e-66,204.0
m0088,m0155,73.5,3.660e-155,436.0
m0088,m0156,49.0,1.050e-88,261.0
m0088,m0158,62.8,3.360e-127,365.0
m0088,m0159,54.8,1.890e-108,317.0
m0088,m0160,36.2,7.730e-47,154.0
m0088,m0161,30.2,1.300e-26,100.0
m0088,m0162,62.8,3.920e-127,366.0
m0088,m0163,39.9,1.300e-56,179.0
m0088,m0164,71.4,5.850e-150,422.0
m0088,m0166,39.1,9.160e-39,133.0
m0088,m0167,51.4,6.390e-96,280.0
m0088,m0168,37.5,2.890e-52,168.0
m0088,m0169,46.2,3.470e-83,248.0
m0088,m0170,72.5,4.690e-146,411.0
m0088,m0171,37.3,3.010e-49,160.0
m0088,m0173,70.1,3.660e-143,404.0
m0088,m0174,64.5,7.470e-133,378.0
m0088,m0175,75.4,2.970e-157,441.0
m0088,m0176,41.7,6.270e-54,172.0
m0088,m0177,38.2,7.370e-52,167.0
m0088,m0179,77.6,2.510e-148,417.0
m0088,m0182,54.6,4.050e-105,308.0
m0088,m0183,67.4,3.040e-126,361.0
m0088,m0184,39.4,9.390e-54,172.0
m0088,m0187,49.2,1.360e-78,234.0
m0088,m0188,71.9,2.540e-150,423.0
m0088,m0191,41.4,1.110e-56,179.0
m0088,m0192,46.6,1.150e-78,236.0
m0088,m0193,47.8,2.130e-86,256.0
m0088,m0194,38.0,6.290e-51,164.0
m0088,m0197,45.9,4.770e-81,242.0
m0088,m0198,54.6,2.010e-104,306.0
m0088,m0204,56.7,6.540e-111,319.0
m0088,m0205,61.3,9.370e-129,369.0
m0088,m0209,40.4,9.750e-54,171.0
m0088,m0212,62.2,3.170e-128,363.0
m0088,m0213,63.5,4.260e-130,371.0
m0088,m0214,63.2,3.060e-127,365.0
m0088,m0215,63.3,1.100e-120,347.0
m0088,m0225,61.2,3.740e-122,351.0
m0088,m0226,61.4,1.920e-126,363.0
m0088,m0228,54.6,3.820e-93,271.0
m0088,m0229,50.7,2.630e-93,273.0
m0088,m0230,46.3,1.370e-82,246.0
m0088,m0231,47.3,2.440e-81,243.0
m0088,m0232,53.0,6.370e-94,275.0
m0088,m0233,51.4,3.760e-94,275.0
m0088,m0235,65.8,6.000e-129,365.0
m0088,m0236,74.7,1.230e-154,433.0
m0088,m0241,46.3,3.280e-76,229.0
m0088,m0242,33.3,9.620e-45,148.0
m0088,m0243,73.9,2.740e-147,415.0
m0088,m0244,43.6,2.570e-66,204.0
m0088,m0246,49.2,7.250e-91,267.0
m0088,m0247,67.7,8.290e-137,387.0
m0088,m0248,39.2,3.340e-52,168.0
m0088,m0251,43.3,3.860e-68,208.0
m0088,m0253,64.6,3.040e-131,375.0
m0088,m0258,66.2,1.120e-127,365.0
m0088,m0261,45.8,3.810e-84,250.0
m0088,m0263,40.5,4.880e-62,193.0
m0088,m0266,60.0,9.770e-117,332.0
m0088,m0267,45.9,2.170e-73,221.0
m0088,m0271,49.0,1.530e-89,264.0
m0088,m0272,44.5,1.370e-78,235.0
m0088,m0273,34.5,4.740e-32,116.0
m0088,m0276,65.9,3.350e-136,388.0
m0088,m0278,66.9,1.650e-124,357.0
m0088,m0280,75.5,3.900e-151,424.0
m0088,m0281,65.6,5.450e-133,379.0
m0088,m0282,41.6,9.520e-50,159.0
m0088,m0284,38.6,5.580e-53,169.0
m0088,m0287,30.8,2.960e-24,94.4
m0088,m0290,39.8,2.010e-54,174.0
m0088,m0292,48.1,4.450e-78,233.0
m0088,m0293,70.2,1.440e-145,411.0
m0088,m0294,67.1,1.690e-140,393.0
m0088,m0295,56.1,2.470e-100,295.0
m0088,m0297,54.2,4.820e-99,287.0
m0088,m0303,47.0,4.440e-81,241.0
m0088,m0304,49.0,7.390e-90,265.0
m0088,m0309,47.1,5.370e-84,250.0
m0088,m0311,39.9,8.690e-56,177.0
m0088,m0312,38.6,9.070e-50,160.0
m0088,m0314,62.3,1.710e-128,369.0
m0088,m0315,47.1,1.020e-77,233.0
m0088,m0317,51.4,2.910e-92,270.0
m0088,m0318,53.0,4.740e-104,306.0
m0088,m0320,64.7,4.190e-128,366.0
m0088,m0322,63.5,7.030e-129,369.0
m0088,m0324,62.5,7.950e-128,361.0
m0088,m0328,67.0,1.070e-144,405.0
m0088,m0329,46.6,1.000e-72,219.0
m0088,m0331,75.8,2.380e-156,437.0
m0088,m0332,53.5,7.190e-99,287.0
m0088,m0333,64.9,1.480e-130,374.0
m0088,m0335,44.6,6.900e-57,179.0
m0088,m0336,67.6,7.120e-144,402.0
m0088,m0337,49.3,2.740e-82,244.0
m0088,m0339,64.1,2.920e-137,390.0
m0088,m0340,59.2,1.440e-120,342.0
m0088,m0343,40.3,5.990e-56,177.0
m0088,m0344,63.9,3.410e-129,370.0
m0088,m0345,48.5,2.090e-79,238.0
m0088,m0347,64.2,2.120e-129,371.0
m0088,m0348,63.2,2.280e-128,368.0
m0088,m0349,69.7,3.180e-151,426.0
m0088,m0351,39.1,2.570e-55,176.0
m0088,m0354,40.1,7.040e-64,197.0
m0088,m0356,41.1,6.610e-54,172.0
m0088,m0363,61.4,4.750e-127,364.0
m0088,m0364,42.3,1.030e-64,199.0
m0088,m0365,45.8,1.570e-75,227.0
m0088,m0368,48.6,3.330e-80,239.0
m0088,m0369,34.7,6.800e-35,124.0
m0088,m0370,64.7,1.290e-134,378.0
m0088,m0371,35.1,8.780e-39,135.0
m0088,m0372,46.3,9.240e-78,233.0
m0088,m0377,47.3,3.030e-81,242.0
m0088,m0378,61.7,7.900e-127,364.0
m0088,m0380,51.1,2.400e-88,260.0
m0088,m0382,48.5,3.490e-75,226.0
m0088,m0383,37.5,7.560e-52,167.0
m0088,m0385,41.9,6.790e-58,183.0
m0088,m0387,39.0,6.910e-54,172.0
m0088,m0388,47.4,1.390e-80,241.0
m0088,m0390,51.6,1.000e-96,281.0
m0088,m0393,63.9,6.780e-130,372.0
m0088,m0394,47.6,7.060e-87,256.0
m0088,m0396,31.0,3.320e-13,62.4
m0088,m0397,55.0,2.000e-108,318.0
m0088,m0399,66.3,2.520e-135,385.0
m0088,m0401,53.6,6.830e-99,287.0
m0088,m0404,54.4,8.590e-107,309.0
m0088,m0405,69.9,1.990e-143,403.0
m0088,m0407,41.2,8.000e-67,205.0
m0088,m0409,41.0,1.270e-55,177.0
m0088,m0411,50.9,2.070e-95,279.0
m0089,m0109,44.9,3.830e-96,286.0
m0089,m0308,38.9,2.240e-42,143.0
m0089,m0310,34.6,4.050e-50,167.0
m0090,m0093,43.3,8.090e-65,205.0
m0090,m0094,38.0,2.960e-59,190.0
m0090,m0095,39.5,5.460e-61,191.0
m0090,m0096,43.9,2.350e-62,199.0
m0090,m0097,45.3,8.870e-85,251.0
m0090,m0098,46.5,2.350e-84,250.0
m0090,m0101,40.7,1.900e-67,207.0
m0090,m0102,43.4,6.760e-71,216.0
m0090,m0103,44.2,9.880e-71,215.0
m0090,m0104,53.4,3.430e-106,306.0
m0090,m0105,45.5,2.400e-73,221.0
m0090,m0110,52.8,8.560e-90,264.0
m0090,m0112,42.0,4.790e-61,195.0
m0090,m0114,43.0,3.420e-64,202.0
m0090,m0119,45.2,1.110e-70,216.0
m0090,m0121,52.4,1.330e-88,261.0
m0090,m0124,56.4,5.740e-101,291.0
m0090,m0125,51.8,1.080e-96,281.0
m0090,m0126,44.2,5.440e-69,214.0
m0090,m0129,44.9,5.220e-67,205.0
m0090,m0131,41.3,3.060e-63,199.0
m0090,m0132,51.0,7.530e-100,289.0
m0090,m0134,43.3,4.510e-71,217.0
m0090,m0135,49.2,4.650e-93,273.0
m0090,m0138,30.5,7.290e-30,109.0
m0090,m0139,41.1,1.930e-58,188.0
m0090,m0142,54.6,1.450e-92,270.0
m0090,m0145,49.4,4.130e-82,249.0
m0090,m0150,46.7,9.360e-88,259.0
m0090,m0155,42.5,2.380e-65,206.0
m0090,m0156,48.1,2.420e-95,278.0
m0090,m0158,43.2,5.760e-63,200.0
m0090,m0159,40.6,1.270e-62,199.0
m0090,m0160,46.7,4.380e-72,219.0
m0090,m0161,30.3,9.380e-30,108.0
m0090,m0162,43.3,6.140e-61,196.0
m0090,m0163,46.0,9.190e-75,225.0
m0090,m0164,43.2,5.070e-65,205.0
m0090,m0166,38.2,8.530e-61,191.0
m0090,m0167,50.5,1.070e-94,276.0
m0090,m0168,41.1,2.100e-68,209.0
m0090,m0169,54.5,2.270e-107,309.0
m0090,m0170,40.0,4.460e-61,194.0
m0090,m0171,43.1,2.020e-69,212.0
m0090,m0173,38.9,7.380e-58,186.0
m0090,m0174,40.6,1.750e-63,201.0
m0090,m0175,42.3,1.520e-64,204.0
m0090,m0176,39.9,1.760e-66,204.0
m0090,m0177,36.0,9.590e-60,187.0
m0090,m0179,40.9,1.760e-61,195.0
m0090,m0182,45.4,2.080e-72,224.0
m0090,m0183,42.2,1.040e-60,193.0
m0090,m0184,40.7,1.860e-69,212.0
m0090,m0187,56.3,1.600e-100,290.0
m0090,m0188,40.9,7.060e-64,202.0
m0090,m0191,50.0,9.650e-76,228.0
m0090,m0192,44.0,1.570e-73,223.0
m0090,m0193,54.6,2.390e-111,320.0
m0090,m0194,37.3,2.360e-64,199.0
m0090,m0197,47.7,2.340e-92,271.0
m0090,m0198,38.2,7.260e-57,184.0
m0090,m0204,37.6,9.750e-54,173.0
m0090,m0205,43.8,6.970e-64,202.0
m0090,m0209,46.0,3.490e-75,226.0
m0090,m0212,40.7,1.050e-66,206.0
m0090,m0213,42.7,8.490e-65,204.0
m0090,m0214,42.8,1.360e-62,199.0
m0090,m0215,43.3,2.670e-64,202.0
m0090,m0225,43.3,4.420e-66,207.0
m0090,m0226,43.4,4.870e-66,208.0
m0090,m0228,57.0,4.820e-104,299.0
m0090,m0229,52.4,1.970e-103,299.0
m0090,m0230,46.0,9.580e-86,254.0
m0090,m0231,49.3,5.280e-94,276.0
m0090,m0232,51.5,2.340e-99,288.0
m0090,m0233,52.9,6.380e-98,285.0
m0090,m0235,41.9,1.690e-61,193.0
m0090,m0236,44.5,1.950e-64,203.0
m0090,m0241,54.0,1.210e-102,297.0
m0090,m0242,41.4,8.510e-67,205.0
m0090,m0243,41.6,1.810e-58,187.0
m0090,m0244,46.7,1.400e-85,253.0
m0090,m0246,49.8,1.550e-100,291.0
m0090,m0247,41.5,3.110e-62,197.0
m0090,m0248,43.8,3.920e-67,206.0
m0090,m0251,50.4,1.410e-87,258.0
m0090,m0253,42.9,4.740e-62,198.0
m0090,m0258,42.3,2.540e-64,202.0
m0090,m0261,48.2,2.530e-90,266.0
m0090,m0263,45.7,2.730e-76,230.0
m0090,m0266,44.0,5.980e-72,218.0
m0090,m0267,51.7,9.740e-83,244.0
m0090,m0271,51.0,8.220e-100,290.0
m0090,m0272,43.8,2.060e-75,227.0
m0090,m0273,34.6,8.020e-41,140.0
m0090,m0276,39.3,6.650e-64,202.0
m0090,m0278,39.4,1.940e-58,187.0
m0090,m0280,40.5,4.350e-61,194.0
m0090,m0281,42.6,8.820e-68,212.0
m0090,m0282,52.9,4.060e-75,224.0
m0090,m0284,44.6,4.320e-71,216.0
m0090,m0287,32.5,1.490e-36,127.0
m0090,m0290,39.5,2.020e-64,199.0
m0090,m0291,30.8,4.830e-26,99.0
m0090,m0292,49.8,4.300e-89,261.0
m0090,m0293,41.6,3.290e-63,200.0
m0090,m0294,42.3,2.470e-69,212.0
m0090,m0295,42.0,6.750e-61,193.0
m0090,m0297,51.2,2.010e-98,286.0
m0090,m0303,47.6,1.120e-89,263.0
m0090,m0304,57.7,3.920e-115,329.0
m0090,m0309,53.8,1.330e-105,305.0
m0090,m0311,40.0,6.020e-66,203.0
m0090,m0312,40.9,1.280e-68,209.0
m0090,m0314,43.3,3.020e-64,204.0
m0090,m0315,53.0,1.500e-103,299.0
m0090,m0317,52.0,8.660e-97,281.0
m0090,m0318,38.7,1.560e-60,194.0
m0090,m0320,43.6,1.480e-63,201.0
m0090,m0322,44.2,2.030e-64,204.0
m0090,m0324,41.4,7.280e-70,213.0
m0090,m0328,40.1,1.910e-62,195.0
m0090,m0329,57.8,5.050e-99,286.0
m0090,m0331,41.3,1.300e-60,193.0
m0090,m0332,51.2,1.130e-105,305.0
m0090,m0333,43.2,5.030e-63,201.0
m0090,m0335,55.4,9.130e-86,253.0
m0090,m0336,42.0,2.790e-67,207.0
m0090,m0337,55.9,1.050e-102,296.0
m0090,m0339,39.3,6.650e-64,202.0
m0090,m0340,43.6,2.370e-73,222.0
m0090,m0343,48.1,2.330e-84,249.0
m0090,m0344,43.3,1.810e-63,202.0
m0090,m0345,48.8,9.440e-89,261.0
m0090,m0347,43.5,6.450e-63,200.0
m0090,m0348,44.9,1.040e-64,205.0
m0090,m0349,44.3,5.030e-67,211.0
m0090,m0351,40.5,1.270e-68,210.0
m0090,m0354,46.5,9.620e-76,228.0
m0090,m0356,41.0,1.350e-63,197.0
m0090,m0363,43.3,1.360e-65,207.0
m0090,m0364,44.4,3.440e-77,231.0
m0090,m0365,47.5,4.800e-88,259.0
m0090,m0368,42.1,8.550e-81,241.0
m0090,m0369,35.5,1.630e-40,139.0
m0090,m0370,40.5,2.860e-67,207.0
m0090,m0371,34.2,4.190e-44,150.0
m0090,m0372,48.2,3.440e-91,267.0
m0090,m0377,54.7,3.430e-106,306.0
m0090,m0378,43.2,6.450e-63,200.0
m0090,m0380,55.6,2.060e-107,308.0
m0090,m0382,51.0,8.860e-92,269.0
m0090,m0383,39.9,1.800e-63,197.0
m0090,m0385,42.0,2.070e-63,197.0
m0090,m0387,45.6,1.670e-70,214.0
m0090,m0388,47.8,1.270e-89,264.0
m0090,m0390,51.2,2.100e-101,293.0
m0090,m0393,43.6,1.170e-61,197.0
m0090,m0394,50.3,1.880e-97,283.0
m0090,m0397,40.5,3.140e-62,199.0
m0090,m0399,42.6,1.050e-62,199.0
m0090,m0401,48.8,3.270e-97,283.0
m0090,m0404,37.9,7.400e-61,191.0
m0090,m0405,42.7,1.480e-66,207.0
m0090,m0407,44.9,1.030e-81,243.0
m0090,m0409,38.2,1.260e-62,195.0
m0090,m0411,51.7,1.650e-102,297.0
m0091,m0128,49.5,1.010e-137,394.0
m0091,m0157,52.9,8.510e-146,414.0
m0091,m0234,40.4,1.670e-107,317.0
m0091,m0302,48.3,1.130e-136,390.0
m0091,m0373,59.1,9.490e-175,488.0
m0092,m0301,35.8,3.180e-35,120.0
m0093,m0094,52.1,9.270e-159,451.0
m0093,m0095,36.4,1.100e-48,163.0
m0093,m0096,83.9,1.710e-297,804.0
m0093,m0097,49.2,1.050e-82,251.0
m0093,m0098,46.0,2.710e-72,224.0
m0093,m0101,37.8,4.330e-54,177.0
m0093,m0102,40.0,2.820e-56,182.0
m0093,m0103,37.7,2.610e-52,172.0
m0093,m0104,51.9,8.930e-95,282.0
m0093,m0105,42.1,1.630e-53,174.0
m0093,m0110,43.2,2.350e-66,209.0
m0093,m0112,75.1,6.680e-187,523.0
m0093,m0114,57.3,1.660e-165,468.0
m0093,m0119,42.7,2.220e-62,199.0
m0093,m0121,40.1,1.880e-60,193.0
m0093,m0124,58.0,2.630e-95,283.0
m0093,m0125,42.7,5.800e-69,216.0
m0093,m0126,51.9,3.210e-130,377.0
m0093,m0129,38.1,6.120e-47,157.0
m0093,m0131,62.6,4.280e-137,395.0
m0093,m0132,51.1,7.640e-87,261.0
m0093,m0134,61.3,2.730e-120,348.0
m0093,m0135,49.2,6.420e-85,257.0
m0093,m0139,54.2,9.340e-170,480.0
m0093,m0142,51.2,1.990e-84,254.0
m0093,m0145,43.2,1.210e-62,204.0
m0093,m0150,44.6,3.550e-71,221.0
m0093,m0155,50.1,8.730e-155,441.0
m0093,m0156,50.0,9.890e-87,262.0
m0093,m0158,85.0,4.950e-301,813.0
m0093,m0159,52.1,3.580e-158,450.0
m0093,m0160,38.6,2.140e-49,164.0
m0093,m0161,30.0,5.670e-26,100.0
m0093,m0162,79.7,6.700e-285,773.0
m0093,m0163,39.6,2.250e-50,167.0
m0093,m0164,61.4,4.080e-146,419.0
m0093,m0166,39.2,3.720e-40,140.0
m0093,m0167,45.2,7.480e-81,246.0
m0093,m0168,38.0,6.780e-49,163.0
m0093,m0169,43.5,2.370e-73,228.0
m0093,m0170,52.3,2.300e-136,393.0
m0093,m0171,37.4,1.120e-46,157.0
m0093,m0173,51.7,1.200e-154,440.0
m0093,m0174,58.7,6.810e-136,392.0
m0093,m0175,64.4,1.830e-128,374.0
m0093,m0176,38.9,5.600e-52,171.0
m0093,m0177,37.5,5.840e-51,169.0
m0093,m0179,53.8,3.180e-159,451.0
m0093,m0182,47.7,3.780e-118,348.0
m0093,m0183,69.3,3.890e-152,434.0
m0093,m0184,40.8,4.040e-53,174.0
m0093,m0187,48.3,1.360e-73,226.0
m0093,m0188,58.9,2.910e-137,397.0
m0093,m0191,40.9,1.310e-51,170.0
m0093,m0192,48.4,3.910e-78,239.0
m0093,m0193,46.6,4.950e-82,250.0
m0093,m0194,37.2,1.270e-49,165.0
m0093,m0197,45.4,1.480e-75,233.0
m0093,m0198,52.5,1.470e-158,451.0
m0093,m0204,52.7,1.480e-102,304.0
m0093,m0205,82.2,2.350e-289,783.0
m0093,m0209,38.7,5.780e-53,173.0
m0093,m0212,59.2,6.650e-130,373.0
m0093,m0213,84.5,6.320e-279,755.0
m0093,m0214,83.2,1.190e-294,797.0
m0093,m0215,62.0,1.740e-189,528.0
m0093,m0225,58.7,2.620e-185,518.0
m0093,m0226,87.0,1.320e-293,793.0
m0093,m0227,32.1,4.470e-12,60.1
m0093,m0228,50.2,7.680e-82,248.0
m0093,m0229,46.9,2.390e-83,253.0
m0093,m0230,46.1,6.320e-80,244.0
m0093,m0231,47.9,1.380e-83,254.0
m0093,m0232,50.2,1.850e-85,258.0
m0093,m0233,50.0,8.760e-88,264.0
m0093,m0235,56.1,5.140e-120,349.0
m0093,m0236,55.3,1.370e-164,465.0
m0093,m0241,45.4,4.340e-71,221.0
m0093,m0242,37.4,1.690e-48,162.0
m0093,m0243,51.5,5.210e-158,449.0
m0093,m0244,46.0,1.360e-68,215.0
m0093,m0246,48.4,1.980e-85,258.0
m0093,m0247,69.6,8.030e-147,419.0
m0093,m0248,40.4,1.530e-48,162.0
m0093,m0251,44.6,3.260e-69,216.0
m0093,m0253,82.9,2.300e-293,793.0
m0093,m0258,58.6,6.510e-152,433.0
m0093,m0261,44.6,1.300e-81,249.0
m0093,m0263,41.3,8.050e-56,182.0
m0093,m0266,60.0,8.810e-116,336.0
m0093,m0267,47.5,5.740e-74,227.0
m0093,m0271,47.7,4.130e-84,255.0
m0093,m0272,45.2,1.190e-71,223.0
m0093,m0273,36.7,9.490e-36,130.0
m0093,m0276,55.0,3.520e-167,473.0
m0093,m0277,32.1,1.380e-15,70.5
m0093,m0278,54.7,6.720e-139,400.0
m0093,m0280,51.8,3.330e-137,395.0
m0093,m0281,52.9,7.170e-159,451.0
m0093,m0282,40.1,4.310e-50,164.0
m0093,m0284,37.8,1.360e-49,165.0
m0093,m0287,33.5,1.590e-29,111.0
m0093,m0290,40.8,1.860e-52,173.0
m0093,m0292,47.5,9.110e-69,214.0
m0093,m0293,49.3,3.260e-155,442.0
m0093,m0294,67.0,7.380e-137,390.0
m0093,m0295,52.0,1.230e-102,306.0
m0093,m0297,53.1,8.790e-93,277.0
m0093,m0303,46.4,2.950e-74,229.0
m0093,m0304,50.2,1.010e-84,257.0
m0093,m0309,45.7,3.480e-75,233.0
m0093,m0311,39.2,1.120e-54,179.0
m0093,m0312,38.5,4.440e-49,163.0
m0093,m0314,83.3,1.510e-294,796.0
m0093,m0315,44.5,1.210e-70,220.0
m0093,m0317,50.2,1.640e-89,268.0
m0093,m0318,44.6,9.050e-111,329.0
m0093,m0320,56.7,1.750e-162,460.0
m0093,m0322,83.9,4.990e-284,769.0
m0093,m0324,59.2,5.400e-117,339.0
m0093,m0328,63.3,1.180e-129,373.0
m0093,m0329,46.4,1.660e-67,211.0
m0093,m0331,51.8,2.470e-136,393.0
m0093,m0332,52.1,1.470e-91,274.0
m0093,m0333,83.5,8.720e-295,797.0
m0093,m0335,42.1,9.770e-55,178.0
m0093,m0336,62.6,3.690e-129,371.0
m0093,m0337,48.9,5.470e-78,238.0
m0093,m0339,55.6,2.310e-170,481.0
m0093,m0340,56.8,4.040e-116,337.0
m0093,m0343,41.3,4.150e-54,176.0
m0093,m0344,83.9,2.020e-300,811.0
m0093,m0345,49.5,1.440e-78,241.0
m0093,m0347,85.0,1.270e-302,817.0
m0093,m0348,84.2,1.700e-295,799.0
m0093,m0349,57.8,3.590e-133,387.0
m0093,m0351,38.0,2.480e-53,175.0
m0093,m0354,42.4,2.160e-59,191.0
m0093,m0356,41.8,3.400e-50,167.0
m0093,m0363,86.5,9.720e-296,799.0
m0093,m0364,42.2,2.320e-60,193.0
m0093,m0365,44.4,1.030e-70,220.0
m0093,m0368,44.9,1.950e-74,230.0
m0093,m0369,35.8,6.770e-35,127.0
m0093,m0370,61.5,7.500e-118,342.0
m0093,m0371,35.5,3.900e-39,140.0
m0093,m0372,46.5,9.090e-73,225.0
m0093,m0377,45.5,6.230e-73,226.0
m0093,m0378,84.4,2.860e-299,808.0
m0093,m0380,46.9,3.770e-78,239.0
m0093,m0382,47.9,9.410e-73,225.0
m0093,m0383,38.8,4.300e-51,169.0
m0093,m0385,40.9,4.310e-54,177.0
m0093,m0387,35.6,9.420e-50,165.0
m0093,m0388,46.1,4.050e-79,243.0
m0093,m0390,53.5,1.100e-88,266.0
m0093,m0393,83.1,6.130e-296,800.0
m0093,m0394,49.5,4.440e-82,249.0
m0093,m0397,51.8,3.040e-158,451.0
m0093,m0399,76.6,3.880e-190,531.0
m0093,m0401,51.9,2.480e-92,276.0
m0093,m0404,49.6,2.070e-111,327.0
m0093,m0405,58.1,1.770e-125,364.0
m0093,m0407,41.7,9.960e-63,199.0
m0093,m0409,41.0,2.780e-51,170.0
m0093,m0411,49.0,2.540e-89,269.0
m0094,m0095,40.8,6.340e-53,173.0
m0094,m0096,54.7,3.390e-165,467.0
m0094,m0097,46.2,3.700e-71,221.0
m0094,m0098,46.2,2.550e-74,229.0
m0094,m0101,39.3,1.210e-52,172.0
m0094,m0102,41.1,5.340e-60,191.0
m0094,m0103,38.7,3.330e-53,174.0
m0094,m0104,49.0,8.540e-87,261.0
m0094,m0105,40.1,6.490e-52,169.0
m0094,m0110,44.8,1.860e-59,190.0
m0094,m0112,60.9,1.410e-118,348.0
m0094,m0114,67.8,2.760e-211,583.0
m0094,m0119,39.6,2.860e-57,185.0
m0094,m0121,43.3,1.410e-58,187.0
m0094,m0124,53.0,8.030e-89,265.0
m0094,m0125,45.7,1.420e-71,221.0
m0094,m0126,46.3,1.130e-102,306.0
m0094,m0129,36.3,3.250e-47,157.0
m0094,m0131,52.4,2.160e-131,379.0
m0094,m0132,44.2,1.010e-75,232.0
m0094,m0134,54.5,4.250e-103,303.0
m0094,m0135,47.3,1.210e-79,243.0
m0094,m0138,30.4,3.140e-28,107.0
m0094,m0139,60.7,1.790e-185,518.0
m0094,m0142,48.8,3.000e-75,230.0
m0094,m0145,43.4,2.180e-61,199.0
m0094,m0150,41.7,8.670e-59,188.0
m0094,m0155,58.7,2.580e-170,479.0
m0094,m0156,49.0,3.730e-81,246.0
m0094,m0158,53.8,4.820e-162,459.0
m0094,m0159,53.8,1.120e-165,468.0
m0094,m0160,36.6,7.820e-50,165.0
m0094,m0161,33.5,7.240e-28,105.0
m0094,m0162,54.0,3.670e-163,463.0
m0094,m0163,38.2,1.070e-51,169.0
m0094,m0164,51.5,3.330e-136,393.0
m0094,m0166,34.5,4.030e-43,148.0
m0094,m0167,46.9,3.690e-82,249.0
m0094,m0168,36.9,9.560e-49,162.0
m0094,m0169,45.2,3.110e-75,231.0
m0094,m0170,50.8,9.770e-127,367.0
m0094,m0171,35.5,1.620e-46,156.0
m0094,m0173,59.3,5.020e-175,491.0
m0094,m0174,52.6,1.240e-135,390.0
m0094,m0175,65.4,1.590e-131,380.0
m0094,m0176,38.3,2.220e-50,166.0
m0094,m0177,37.7,1.180e-49,165.0
m0094,m0179,63.1,2.730e-181,506.0
m0094,m0182,52.1,2.070e-99,299.0
m0094,m0183,61.2,4.670e-113,333.0
m0094,m0184,39.5,1.410e-53,175.0
m0094,m0187,46.3,2.060e-67,209.0
m0094,m0188,64.9,1.610e-130,378.0
m0094,m0191,41.5,2.070e-54,176.0
m0094,m0192,46.0,6.440e-71,220.0
m0094,m0193,48.6,1.890e-79,243.0
m0094,m0194,36.3,2.620e-48,161.0
m0094,m0197,43.7,2.620e-74,229.0
m0094,m0198,54.7,2.700e-165,466.0
m0094,m0204,54.6,1.010e-105,311.0
m0094,m0205,55.1,4.670e-164,464.0
m0094,m0209,40.8,2.020e-53,174.0
m0094,m0212,60.3,1.410e-128,369.0
m0094,m0213,53.9,2.980e-147,420.0
m0094,m0214,52.7,3.600e-156,444.0
m0094,m0215,60.7,1.100e-174,489.0
m0094,m0225,58.8,3.040e-173,486.0
m0094,m0226,52.9,2.340e-157,447.0
m0094,m0227,30.4,3.160e-12,60.5
m0094,m0228,51.5,1.890e-80,243.0
m0094,m0229,48.4,2.590e-83,252.0
m0094,m0230,43.6,1.080e-75,232.0
m0094,m0231,44.1,6.320e-76,234.0
m0094,m0232,48.3,6.280e-84,253.0
m0094,m0233,50.7,1.870e-84,254.0
m0094,m0235,62.7,1.360e-132,380.0
m0094,m0236,60.6,8.590e-177,495.0
m0094,m0241,44.4,1.770e-64,203.0
m0094,m0242,37.9,1.400e-45,154.0
m0094,m0243,60.0,5.730e-176,493.0
m0094,m0244,42.9,2.770e-62,197.0
m0094,m0246,48.4,4.740e-81,246.0
m0094,m0247,62.0,5.340e-126,365.0
m0094,m0248,36.3,8.650e-47,157.0
m0094,m0251,42.5,8.700e-60,191.0
m0094,m0253,54.3,8.690e-161,456.0
m0094,m0258,59.0,1.230e-114,337.0
m0094,m0261,44.3,1.680e-73,227.0
m0094,m0263,41.8,3.660e-61,195.0
m0094,m0266,55.5,2.490e-96,285.0
m0094,m0267,44.5,4.400e-68,211.0
m0094,m0271,48.9,5.590e-82,249.0
m0094,m0272,45.8,8.820e-73,224.0
m0094,m0273,34.0,4.440e-31,116.0
m0094,m0276,86.7,9.150e-289,780.0
m0094,m0277,30.3,4.800e-13,62.8
m0094,m0278,56.6,3.800e-116,341.0
m0094,m0280,68.0,4.180e-132,380.0
m0094,m0281,78.4,1.560e-254,692.0
m0094,m0282,43.6,5.700e-51,166.0
m0094,m0284,36.5,5.750e-47,157.0
m0094,m0287,30.8,7.200e-25,97.8
m0094,m0290,40.2,4.370e-54,176.0
m0094,m0292,45.4,1.520e-68,213.0
m0094,m0293,56.7,7.400e-168,473.0
m0094,m0294,65.6,3.330e-127,364.0
m0094,m0295,42.2,8.700e-91,275.0
m0094,m0297,47.9,6.690e-84,253.0
m0094,m0303,46.6,6.860e-77,235.0
m0094,m0304,45.9,2.110e-78,239.0
m0094,m0309,45.8,2.260e-77,237.0
m0094,m0311,38.7,1.590e-53,175.0
m0094,m0312,37.2,2.790e-45,152.0
m0094,m0314,53.2,4.310e-159,452.0
m0094,m0315,42.3,1.610e-65,206.0
m0094,m0317,47.9,9.830e-80,242.0
m0094,m0318,43.0,3.380e-104,311.0
m0094,m0320,69.2,3.790e-211,582.0
m0094,m0322,53.9,1.390e-163,462.0
m0094,m0324,55.9,1.620e-102,301.0
m0094,m0328,67.3,1.260e-138,394.0
m0094,m0329,44.6,1.620e-62,197.0
m0094,m0331,52.7,5.540e-137,394.0
m0094,m0332,50.5,1.750e-87,263.0
m0094,m0333,53.0,7.510e-161,456.0
m0094,m0335,44.6,2.880e-57,184.0
m0094,m0336,66.6,4.860e-134,382.0
m0094,m0337,47.3,2.710e-76,233.0
m0094,m0339,84.3,3.450e-277,751.0
m0094,m0340,55.0,3.110e-99,293.0
m0094,m0343,39.0,3.230e-52,171.0
m0094,m0344,53.8,9.940e-164,464.0
m0094,m0345,47.2,3.030e-72,223.0
m0094,m0347,54.2,5.710e-162,459.0
m0094,m0348,54.6,5.720e-164,464.0
m0094,m0349,64.7,5.450e-126,367.0
m0094,m0351,40.6,3.320e-53,174.0
m0094,m0354,40.6,7.630e-59,188.0
m0094,m0356,37.8,1.980e-47,159.0
m0094,m0363,52.2,8.210e-158,448.0
m0094,m0364,40.0,4.130e-60,191.0
m0094,m0365,44.3,2.230e-74,228.0
m0094,m0368,48.2,2.320e-80,244.0
m0094,m0369,35.4,6.840e-32,119.0
m0094,m0370,80.2,3.630e-172,478.0
m0094,m0371,34.0,1.850e-35,130.0
m0094,m0372,42.2,2.680e-66,207.0
m0094,m0377,44.2,4.580e-74,228.0
m0094,m0378,52.5,3.500e-158,449.0
m0094,m0380,49.8,1.510e-84,254.0
m0094,m0382,46.6,6.590e-64,201.0
m0094,m0383,38.1,6.540e-49,163.0
m0094,m0385,42.6,1.130e-53,176.0
m0094,m0387,40.6,2.030e-53,174.0
m0094,m0388,47.9,2.130e-73,227.0
m0094,m0390,48.2,5.870e-80,243.0
m0094,m0393,54.7,5.280e-167,472.0
m0094,m0394,46.2,2.130e-77,236.0
m0094,m0397,52.9,3.710e-160,455.0
m0094,m0399,49.2,1.760e-121,355.0
m0094,m0401,50.2,2.360e-87,262.0
m0094,m0404,52.9,2.600e-117,340.0
m0094,m0405,63.8,4.300e-123,357.0
m0094,m0407,41.6,8.760e-63,199.0
m0094,m0409,41.4,8.790e-54,176.0
m0094,m0411,49.8,3.380e-87,262.0
m0095,m0096,39.9,8.790e-52,171.0
m0095,m0097,43.2,1.640e-65,202.0
m0095,m0098,41.7,4.810e-61,191.0
m0095,m0101,74.5,6.360e-163,450.0
m0095,m0102,49.7,6.800e-95,277.0
m0095,m0103,39.3,5.060e-52,167.0
m0095,m0104,46.6,2.600e-77,232.0
m0095,m0105,41.5,1.010e-57,181.0
m0095,m0110,47.8,1.020e-77,233.0
m0095,m0112,37.2,1.020e-48,162.0
m0095,m0114,36.5,2.230e-45,153.0
m0095,m0119,37.9,2.410e-53,171.0
m0095,m0121,45.3,4.930e-78,234.0
m0095,m0124,45.8,2.580e-76,229.0
m0095,m0125,44.5,1.330e-76,230.0
m0095,m0126,37.6,9.930e-49,162.0
m0095,m0129,37.5,9.320e-49,158.0
m0095,m0131,35.9,1.590e-43,148.0
m0095,m0132,45.8,1.430e-76,230.0
m0095,m0134,37.5,1.450e-49,161.0
m0095,m0135,44.4,3.450e-71,217.0
m0095,m0138,32.6,5.040e-41,139.0
m0095,m0139,36.4,5.370e-43,147.0
m0095,m0142,44.8,1.440e-71,216.0
m0095,m0145,53.1,6.370e-104,305.0
m0095,m0150,42.5,1.040e-64,200.0
m0095,m0155,35.9,3.340e-40,140.0
m0095,m0156,42.0,3.340e-71,217.0
m0095,m0158,37.4,1.880e-48,162.0
m0095,m0159,37.4,2.000e-50,167.0
m0095,m0160,37.1,1.060e-54,174.0
m0095,m0161,33.9,1.360e-42,142.0
m0095,m0162,39.4,2.950e-49,165.0
m0095,m0163,38.2,7.620e-59,184.0
m0095,m0164,36.5,1.180e-45,154.0
m0095,m0166,41.6,1.720e-75,228.0
m0095,m0167,40.5,4.760e-69,211.0
m0095,m0168,51.3,3.660e-111,318.0
m0095,m0169,47.7,4.800e-78,234.0
m0095,m0170,36.4,9.480e-44,149.0
m0095,m0171,41.4,4.490e-59,185.0
m0095,m0173,36.6,2.710e-47,158.0
m0095,m0174,36.0,1.510e-45,154.0
m0095,m0175,37.0,2.000e-43,148.0
m0095,m0176,51.5,1.830e-108,311.0
m0095,m0177,65.4,1.300e-142,399.0
m0095,m0179,40.0,3.300e-48,160.0
m0095,m0182,35.9,4.180e-49,164.0
m0095,m0183,36.0,8.360e-41,141.0
m0095,m0184,53.7,9.670e-114,325.0
m0095,m0185,30.9,4.780e-22,88.2
m0095,m0187,48.1,5.360e-81,240.0
m0095,m0188,36.6,1.490e-46,157.0
m0095,m0191,54.4,6.500e-87,256.0
m0095,m0192,39.4,4.040e-62,193.0
m0095,m0193,44.9,1.350e-79,239.0
m0095,m0194,51.0,1.480e-110,317.0
m0095,m0197,42.3,1.910e-69,213.0
m0095,m0198,38.8,2.910e-50,166.0
m0095,m0204,35.6,2.920e-43,145.0
m0095,m0205,37.1,5.040e-47,158.0
m0095,m0209,37.1,1.720e-51,165.0
m0095,m0212,36.9,2.360e-47,156.0
m0095,m0213,38.4,3.770e-48,160.0
m0095,m0214,38.1,1.120e-48,163.0
m0095,m0215,37.4,9.850e-45,151.0
m0095,m0225,36.9,4.340e-47,158.0
m0095,m0226,34.4,1.190e-46,157.0
m0095,m0227,30.0,1.080e-17,75.9
m0095,m0228,48.5,7.060e-81,240.0
m0095,m0229,42.7,5.570e-74,224.0
m0095,m0230,41.8,2.560e-66,204.0
m0095,m0231,44.8,5.720e-80,240.0
m0095,m0232,44.3,5.540e-74,224.0
m0095,m0233,43.7,7.480e-73,221.0
m0095,m0235,34.8,1.680e-45,152.0
m0095,m0236,38.9,1.350e-45,154.0
m0095,m0241,47.6,1.380e-83,248.0
m0095,m0242,40.3,3.730e-59,186.0
m0095,m0243,35.9,3.130e-42,145.0
m0095,m0244,49.0,1.120e-97,284.0
m0095,m0246,44.1,1.970e-80,240.0
m0095,m0247,35.8,3.770e-45,152.0
m0095,m0248,58.8,6.830e-125,353.0
m0095,m0251,43.1,4.000e-62,193.0
m0095,m0253,38.4,7.300e-49,163.0
m0095,m0258,34.1,5.500e-41,141.0
m0095,m0261,46.6,5.450e-76,229.0
m0095,m0263,49.8,1.690e-93,274.0
m0095,m0265,30.8,2.790e-15,67.4
m0095,m0266,36.9,8.340e-50,161.0
m0095,m0267,42.4,1.480e-68,208.0
m0095,m0271,44.6,6.580e-78,234.0
m0095,m0272,40.7,6.860e-62,192.0
m0095,m0273,37.9,9.630e-54,174.0
m0095,m0276,38.1,2.200e-50,167.0
m0095,m0278,35.2,3.210e-43,147.0
m0095,m0280,39.9,5.840e-48,159.0
m0095,m0281,38.5,2.780e-53,174.0
m0095,m0282,41.8,9.070e-54,170.0
m0095,m0284,35.4,8.900e-52,166.0
m0095,m0287,36.4,5.030e-44,147.0
m0095,m0290,71.2,4.160e-157,435.0
m0095,m0292,41.6,1.810e-66,204.0
m0095,m0293,37.5,1.080e-41,144.0
m0095,m0294,37.2,2.320e-50,163.0
m0095,m0295,35.5,2.820e-44,150.0
m0095,m0297,45.6,2.550e-78,234.0
m0095,m0303,39.2,7.290e-60,187.0
m0095,m0304,44.2,2.320e-75,228.0
m0095,m0309,40.8,4.930e-71,217.0
m0095,m0311,72.8,2.860e-159,441.0
m0095,m0312,56.2,3.860e-109,312.0
m0095,m0314,37.2,2.670e-50,167.0
m0095,m0315,46.7,8.940e-82,244.0
m0095,m0317,45.5,1.120e-73,223.0
m0095,m0318,35.2,2.440e-46,156.0
m0095,m0320,36.8,2.680e-44,150.0
m0095,m0322,36.4,1.200e-45,154.0
m0095,m0324,37.0,2.530e-51,166.0
m0095,m0328,33.9,4.710e-44,147.0
m0095,m0329,48.1,3.360e-79,236.0
m0095,m0331,36.0,2.490e-45,153.0
m0095,m0332,47.3,1.440e-80,241.0
m0095,m0333,37.7,6.220e-47,158.0
m0095,m0335,46.4,2.290e-64,198.0
m0095,m0336,33.9,2.800e-46,153.0
m0095,m0337,43.9,1.740e-75,227.0
m0095,m0339,37.4,1.850e-46,157.0
m0095,m0340,40.3,1.540e-52,169.0
m0095,m0343,44.5,2.460e-70,214.0
m0095,m0344,39.4,2.870e-50,167.0
m0095,m0345,40.9,1.330e-63,197.0
m0095,m0347,39.1,1.060e-48,163.0
m0095,m0348,36.8,3.740e-49,164.0
m0095,m0349,38.1,1.810e-46,157.0
m0095,m0351,72.6,3.080e-159,441.0
m0095,m0354,51.7,7.690e-91,266.0
m0095,m0356,54.2,1.260e-119,340.0
m0095,m0363,35.1,4.360e-47,158.0
m0095,m0364,39.1,2.980e-64,198.0
m0095,m0365,39.7,1.380e-62,194.0
m0095,m0368,41.6,3.370e-69,211.0
m0095,m0369,38.9,2.810e-53,172.0
m0095,m0370,39.9,4.120e-54,173.0
m0095,m0371,37.0,9.000e-55,178.0
m0095,m0372,39.6,5.210e-63,195.0
m0095,m0377,46.2,1.340e-74,225.0
m0095,m0378,37.9,8.100e-47,158.0
m0095,m0380,42.9,4.880e-72,218.0
m0095,m0382,47.8,1.290e-83,248.0
m0095,m0383,58.3,5.380e-123,349.0
m0095,m0385,46.2,2.090e-83,248.0
m0095,m0387,37.5,3.230e-55,175.0
m0095,m0388,44.2,1.100e-71,218.0
m0095,m0390,44.5,3.740e-73,221.0
m0095,m0393,38.8,8.750e-49,163.0
m0095,m0394,41.3,4.450e-69,211.0
m0095,m0397,36.9,6.270e-50,166.0
m0095,m0399,39.8,4.920e-49,163.0
m0095,m0401,45.7,1.220e-81,243.0
m0095,m0404,35.2,2.340e-47,156.0
m0095,m0405,38.2,1.040e-46,155.0
m0095,m0407,35.5,1.040e-51,166.0
m0095,m0409,68.3,1.040e-148,414.0
m0095,m0411,43.9,2.870e-74,225.0
m0096,m0097,49.2,7.260e-82,249.0
m0096,m0098,44.6,5.230e-71,221.0
m0096,m0101,39.2,1.420e-54,178.0
m0096,m0102,41.6,1.460e-54,178.0
m0096,m0103,40.1,2.120e-54,177.0
m0096,m0104,51.6,1.960e-92,276.0
m0096,m0105,43.0,1.940e-54,177.0
m0096,m0110,42.5,1.250e-64,204.0
m0096,m0112,74.3,2.460e-183,514.0
m0096,m0114,57.8,2.450e-166,470.0
m0096,m0119,43.8,1.080e-61,197.0
m0096,m0121,42.5,1.200e-60,194.0
m0096,m0124,58.0,5.710e-96,284.0
m0096,m0125,43.8,2.020e-68,214.0
m0096,m0126,62.0,1.010e-127,371.0
m0096,m0129,39.7,3.690e-49,163.0
m0096,m0131,62.6,1.240e-132,383.0
m0096,m0132,50.9,1.190e-87,263.0
m0096,m0134,62.2,5.820e-121,350.0
m0096,m0135,47.5,3.910e-82,250.0
m0096,m0138,31.6,6.160e-29,109.0
m0096,m0139,56.0,4.480e-174,491.0
m0096,m0142,50.0,3.890e-83,251.0
m0096,m0145,44.0,1.020e-63,206.0
m0096,m0150,43.3,1.480e-68,214.0
m0096,m0155,52.1,3.000e-159,452.0
m0096,m0156,51.6,6.040e-84,254.0
m0096,m0158,89.4,2.180e-312,841.0
m0096,m0159,53.7,1.220e-157,449.0
m0096,m0160,36.0,1.120e-46,157.0
m0096,m0161,31.6,3.900e-29,109.0
m0096,m0162,83.0,3.000e-289,784.0
m0096,m0163,41.0,5.340e-51,168.0
m0096,m0164,63.4,3.090e-139,402.0
m0096,m0166,35.9,9.330e-42,145.0
m0096,m0167,47.5,8.110e-79,241.0
m0096,m0168,39.0,3.040e-50,167.0
m0096,m0169,44.0,7.480e-74,229.0
m0096,m0170,60.7,1.730e-129,375.0
m0096,m0171,37.9,2.600e-48,161.0
m0096,m0173,54.3,1.020e-164,466.0
m0096,m0174,61.0,5.790e-136,392.0
m0096,m0175,62.8,1.560e-128,374.0
m0096,m0176,39.2,1.390e-51,170.0
m0096,m0177,39.9,4.810e-53,174.0
m0096,m0179,56.8,8.160e-166,468.0
m0096,m0182,54.9,6.460e-118,347.0
m0096,m0183,72.4,5.700e-148,423.0
m0096,m0184,43.2,7.180e-53,174.0
m0096,m0185,32.7,1.620e-19,82.4
m0096,m0187,46.8,1.470e-71,221.0
m0096,m0188,59.4,5.910e-133,385.0
m0096,m0191,41.8,5.760e-53,173.0
m0096,m0192,51.1,1.730e-78,240.0
m0096,m0193,47.3,1.350e-80,246.0
m0096,m0194,40.8,1.970e-52,172.0
m0096,m0197,44.7,4.210e-77,237.0
m0096,m0198,54.1,2.660e-155,442.0
m0096,m0204,56.2,7.970e-104,307.0
m0096,m0205,85.8,8.680e-293,791.0
m0096,m0209,39.2,2.510e-54,177.0
m0096,m0212,60.1,1.610e-129,372.0
m0096,m0213,83.8,3.250e-266,723.0
m0096,m0214,86.7,3.740e-299,808.0
m0096,m0215,64.9,1.230e-195,544.0
m0096,m0225,61.5,3.970e-193,538.0
m0096,m0226,84.5,6.490e-279,756.0
m0096,m0227,32.1,5.740e-13,62.8
m0096,m0228,50.6,5.320e-81,245.0
m0096,m0229,47.7,8.100e-80,244.0
m0096,m0230,45.7,1.920e-77,238.0
m0096,m0231,47.7,3.450e-86,261.0
m0096,m0232,52.6,2.290e-88,266.0
m0096,m0233,51.9,2.410e-89,268.0
m0096,m0235,60.9,6.220e-120,348.0
m0096,m0236,56.5,1.080e-167,473.0
m0096,m0241,43.6,6.500e-69,216.0
m0096,m0242,37.1,2.900e-49,164.0
m0096,m0243,54.0,3.100e-163,462.0
m0096,m0244,45.7,4.320e-69,216.0
m0096,m0246,48.5,1.370e-84,256.0
m0096,m0247,68.7,3.150e-145,415.0
m0096,m0248,42.0,1.000e-48,163.0
m0096,m0251,43.7,6.860e-67,210.0
m0096,m0253,86.0,1.320e-300,811.0
m0096,m0258,71.8,4.750e-148,423.0
m0096,m0261,44.4,2.200e-78,240.0
m0096,m0263,41.9,1.430e-55,181.0
m0096,m0266,59.7,6.620e-117,338.0
m0096,m0267,47.1,3.590e-74,228.0
m0096,m0271,46.2,1.600e-82,251.0
m0096,m0272,45.9,6.760e-73,226.0
m0096,m0273,34.2,1.230e-35,129.0
m0096,m0274,30.1,1.720e-14,67.4
m0096,m0276,56.4,4.190e-172,486.0
m0096,m0277,35.1,1.020e-15,70.9
m0096,m0278,52.5,4.450e-133,385.0
m0096,m0280,58.1,1.700e-133,385.0
m0096,m0281,54.7,3.240e-161,457.0
m0096,m0282,40.9,7.700e-50,164.0
m0096,m0284,38.7,6.330e-50,166.0
m0096,m0287,30.4,1.020e-28,108.0
m0096,m0290,41.5,8.160e-54,176.0
m0096,m0292,45.9,6.890e-67,209.0
m0096,m0293,54.4,3.420e-161,457.0
m0096,m0294,65.2,1.560e-137,392.0
m0096,m0295,46.1,3.770e-103,308.0
m0096,m0297,55.0,7.630e-93,277.0
m0096,m0303,45.0,6.280e-72,223.0
m0096,m0304,49.7,3.890e-83,253.0
m0096,m0309,46.3,4.990e-77,237.0
m0096,m0311,40.0,1.260e-56,184.0
m0096,m0312,39.3,2.070e-49,164.0
m0096,m0314,90.1,4.380e-311,838.0
m0096,m0315,42.5,9.150e-69,215.0
m0096,m0317,52.4,8.040e-89,266.0
m0096,m0318,45.9,1.960e-105,315.0
m0096,m0320,57.7,9.060e-164,463.0
m0096,m0322,84.9,1.190e-283,768.0
m0096,m0324,60.5,1.250e-119,346.0
m0096,m0328,60.1,6.200e-131,376.0
m0096,m0329,44.5,1.770e-65,205.0
m0096,m0331,51.5,2.510e-132,383.0
m0096,m0332,53.1,2.550e-91,273.0
m0096,m0333,86.9,8.980e-305,822.0
m0096,m0335,41.4,8.830e-55,178.0
m0096,m0336,64.3,2.550e-128,369.0
m0096,m0337,48.4,4.200e-76,233.0
m0096,m0339,55.2,1.110e-174,492.0
m0096,m0340,59.9,6.080e-117,339.0
m0096,m0343,42.5,2.520e-55,179.0
m0096,m0344,89.1,7.560e-313,843.0
m0096,m0345,48.8,1.980e-77,238.0
m0096,m0347,90.3,3.930e-314,846.0
m0096,m0348,86.0,6.250e-299,807.0
m0096,m0349,48.2,1.450e-128,375.0
m0096,m0351,39.5,7.710e-55,179.0
m0096,m0354,42.4,3.820e-59,190.0
m0096,m0356,43.0,2.830e-52,172.0
m0096,m0363,82.4,1.450e-275,748.0
m0096,m0364,40.3,4.750e-58,187.0
m0096,m0365,46.7,1.490e-72,224.0
m0096,m0368,46.3,9.980e-77,236.0
m0096,m0369,35.5,4.630e-35,128.0
m0096,m0370,62.2,5.630e-119,344.0
m0096,m0371,35.5,3.620e-39,140.0
m0096,m0372,46.2,6.280e-72,223.0
m0096,m0377,46.7,8.530e-72,223.0
m0096,m0378,89.0,1.670e-315,849.0
m0096,m0380,48.9,1.180e-78,240.0
m0096,m0382,47.9,2.560e-71,221.0
m0096,m0383,38.6,1.710e-54,178.0
m0096,m0385,39.4,3.240e-51,170.0
m0096,m0387,37.2,8.970e-49,162.0
m0096,m0388,46.4,2.680e-75,233.0
m0096,m0390,55.1,4.290e-90,270.0
m0096,m0393,83.3,9.670e-294,795.0
m0096,m0394,50.4,1.540e-81,248.0
m0096,m0396,30.0,1.140e-17,76.3
m0096,m0397,50.7,3.090e-154,441.0
m0096,m0399,77.2,2.820e-191,534.0
m0096,m0401,52.0,1.520e-92,276.0
m0096,m0404,50.7,1.450e-118,345.0
m0096,m0405,62.4,1.270e-121,354.0
m0096,m0407,41.7,6.330e-63,200.0
m0096,m0409,41.0,2.300e-53,176.0
m0096,m0411,48.5,4.940e-88,265.0
m0097,m0098,47.2,1.370e-85,253.0
m0097,m0101,41.2,4.480e-68,209.0
m0097,m0102,44.1,1.150e-68,210.0
m0097,m0103,42.4,8.450e-63,195.0
m0097,m0104,51.7,2.800e-102,296.0
m0097,m0105,44.4,5.280e-69,210.0
m0097,m0110,50.2,6.250e-84,249.0
m0097,m0112,49.8,2.870e-80,244.0
m0097,m0114,48.8,2.650e-73,226.0
m0097,m0119,46.3,3.450e-80,240.0
m0097,m0121,45.1,6.150e-73,221.0
m0097,m0124,56.0,5.750e-103,296.0
m0097,m0125,48.8,2.830e-91,268.0
m0097,m0126,49.8,8.650e-86,258.0
m0097,m0129,41.8,3.100e-56,177.0
m0097,m0131,51.1,8.420e-76,232.0
m0097,m0132,54.5,1.230e-105,304.0
m0097,m0134,50.5,1.330e-91,269.0
m0097,m0135,49.8,1.550e-98,286.0
m0097,m0138,31.5,1.350e-29,108.0
m0097,m0139,48.0,4.270e-72,224.0
m0097,m0142,54.7,5.920e-99,286.0
m0097,m0145,46.0,5.880e-75,230.0
m0097,m0150,48.1,1.030e-91,269.0
m0097,m0155,47.0,1.690e-75,232.0
m0097,m0156,50.3,6.490e-100,290.0
m0097,m0158,48.8,9.710e-82,249.0
m0097,m0159,48.0,2.420e-73,227.0
m0097,m0160,39.5,5.300e-61,190.0
m0097,m0161,31.3,3.430e-28,104.0
m0097,m0162,51.2,7.230e-85,258.0
m0097,m0163,40.8,3.250e-66,203.0
m0097,m0164,48.8,1.080e-80,246.0
m0097,m0166,38.6,1.770e-52,169.0
m0097,m0167,48.8,1.080e-96,281.0
m0097,m0168,42.5,1.240e-69,213.0
m0097,m0169,49.3,7.600e-90,265.0
m0097,m0170,46.6,6.340e-71,219.0
m0097,m0171,42.2,2.720e-63,196.0
m0097,m0173,45.5,5.410e-72,223.0
m0097,m0174,48.3,2.050e-81,247.0
m0097,m0175,48.4,5.000e-79,241.0
m0097,m0176,41.3,2.940e-67,206.0
m0097,m0177,42.1,7.270e-71,216.0
m0097,m0179,49.1,5.650e-76,232.0
m0097,m0182,52.8,1.370e-91,274.0
m0097,m0183,51.8,1.830e-81,247.0
m0097,m0184,42.2,6.210e-70,213.0
m0097,m0187,51.0,6.910e-89,260.0
m0097,m0188,49.7,4.760e-78,239.0
m0097,m0191,45.2,3.450e-67,206.0
m0097,m0192,59.7,2.750e-122,347.0
m0097,m0193,52.5,2.060e-99,289.0
m0097,m0194,43.0,5.580e-68,208.0
m0097,m0197,48.9,1.670e-94,276.0
m0097,m0198,49.5,1.340e-75,232.0
m0097,m0204,44.9,2.190e-68,211.0
m0097,m0205,50.9,1.130e-82,251.0
m0097,m0209,42.2,7.040e-60,187.0
m0097,m0212,47.1,1.330e-78,236.0
m0097,m0213,48.2,4.820e-80,243.0
m0097,m0214,50.3,1.930e-83,253.0
m0097,m0215,47.9,1.450e-73,226.0
m0097,m0225,48.0,2.390e-75,231.0
m0097,m0226,48.2,4.050e-81,247.0
m0097,m0228,53.9,3.700e-98,284.0
m0097,m0229,50.0,7.330e-98,285.0
m0097,m0230,47.0,7.880e-87,256.0
m0097,m0231,53.0,3.820e-101,294.0
m0097,m0232,51.7,4.730e-101,293.0
m0097,m0233,51.0,1.950e-96,281.0
m0097,m0235,50.2,1.610e-82,247.0
m0097,m0236,50.9,3.870e-80,243.0
m0097,m0241,49.3,4.490e-92,270.0
m0097,m0242,40.0,2.830e-61,191.0
m0097,m0243,46.0,2.030e-71,221.0
m0097,m0244,46.0,1.630e-78,235.0
m0097,m0246,49.0,1.770e-96,281.0
m0097,m0247,50.2,1.390e-79,241.0
m0097,m0248,45.5,2.050e-69,212.0
m0097,m0251,50.3,1.800e-95,278.0
m0097,m0253,52.0,1.210e-86,261.0
m0097,m0258,50.4,6.330e-81,245.0
m0097,m0261,49.3,8.550e-101,292.0
m0097,m0263,43.2,3.750e-70,214.0
m0097,m0266,50.9,2.880e-88,260.0
m0097,m0267,48.8,5.330e-87,255.0
m0097,m0271,50.7,3.540e-98,286.0
m0097,m0272,45.9,4.400e-74,224.0
m0097,m0273,31.3,3.230e-30,111.0
m0097,m0276,48.3,3.870e-73,226.0
m0097,m0278,46.9,1.450e-75,232.0
m0097,m0280,49.3,2.210e-77,236.0
m0097,m0281,47.8,2.880e-75,231.0
m0097,m0282,46.7,1.690e-65,200.0
m0097,m0284,40.3,5.210e-60,187.0
m0097,m0287,30.9,1.200e-27,103.0
m0097,m0290,40.9,1.690e-65,202.0
m0097,m0292,47.6,1.150e-88,260.0
m0097,m0293,46.2,3.030e-74,229.0
m0097,m0294,49.8,3.700e-82,245.0
m0097,m0295,48.8,7.820e-79,239.0
m0097,m0297,53.4,1.240e-101,294.0
m0097,m0303,50.2,5.990e-89,261.0
m0097,m0304,53.1,1.200e-98,287.0
m0097,m0309,51.4,2.420e-95,279.0
m0097,m0311,43.1,1.570e-71,218.0
m0097,m0312,45.1,1.740e-65,201.0
m0097,m0314,50.2,7.060e-83,252.0
m0097,m0315,50.5,3.920e-93,273.0
m0097,m0317,54.8,1.150e-106,306.0
m0097,m0318,47.2,8.650e-71,220.0
m0097,m0320,49.1,3.190e-72,223.0
m0097,m0322,48.0,1.980e-81,248.0
m0097,m0324,49.0,2.570e-86,255.0
m0097,m0328,51.5,3.730e-85,253.0
m0097,m0329,53.8,2.710e-93,271.0
m0097,m0331,48.5,3.160e-78,238.0
m0097,m0332,52.0,1.400e-98,286.0
m0097,m0333,54.3,3.540e-84,255.0
m0097,m0335,44.3,1.890e-68,209.0
m0097,m0336,51.8,1.240e-87,259.0
m0097,m0337,54.9,7.430e-95,276.0
m0097,m0339,46.3,1.530e-72,225.0
m0097,m0340,49.2,2.200e-84,250.0
m0097,m0343,47.0,2.610e-80,239.0
m0097,m0344,50.8,1.130e-85,259.0
m0097,m0345,72.4,2.280e-159,441.0
m0097,m0347,52.2,7.160e-86,259.0
m0097,m0348,49.5,2.650e-82,250.0
m0097,m0349,49.2,2.940e-82,250.0
m0097,m0351,42.3,8.440e-69,211.0
m0097,m0354,43.6,1.900e-69,212.0
m0097,m0356,44.0,5.010e-63,196.0
m0097,m0363,47.5,4.510e-80,244.0
m0097,m0364,46.2,1.040e-75,228.0
m0097,m0365,46.8,2.700e-84,249.0
m0097,m0368,51.4,4.300e-91,267.0
m0097,m0369,35.3,2.460e-35,125.0
m0097,m0370,46.0,1.310e-73,223.0
m0097,m0371,37.0,5.860e-42,144.0
m0097,m0372,50.5,1.020e-84,251.0
m0097,m0377,48.0,2.050e-89,263.0
m0097,m0378,50.5,7.060e-83,252.0
m0097,m0380,51.2,4.180e-99,287.0
m0097,m0382,48.8,1.460e-92,271.0
m0097,m0383,41.1,2.130e-64,199.0
m0097,m0385,42.7,6.140e-71,216.0
m0097,m0387,42.9,1.600e-61,191.0
m0097,m0388,51.0,6.540e-97,283.0
m0097,m0390,52.8,6.890e-102,295.0
m0097,m0393,52.9,1.260e-85,259.0
m0097,m0394,50.7,5.400e-99,287.0
m0097,m0397,48.5,3.220e-73,227.0
m0097,m0399,50.0,5.980e-82,249.0
m0097,m0401,52.3,2.170e-102,296.0
m0097,m0404,46.7,4.640e-71,218.0
m0097,m0405,47.0,1.030e-75,231.0
m0097,m0407,45.9,1.000e-78,236.0
m0097,m0409,41.6,5.320e-64,199.0
m0097,m0411,51.7,9.360e-99,287.0
m0098,m0101,41.7,8.390e-68,208.0
m0098,m0102,43.7,6.090e-68,208.0
m0098,m0103,41.0,3.130e-59,186.0
m0098,m0104,46.9,3.860e-89,262.0
m0098,m0105,43.1,2.570e-60,187.0
m0098,m0110,45.9,1.640e-75,228.0
m0098,m0112,44.4,3.420e-71,221.0
m0098,m0114,47.4,2.840e-75,231.0
m0098,m0119,45.2,5.300e-76,229.0
m0098,m0121,46.0,5.620e-76,228.0
m0098,m0124,47.1,1.730e-86,254.0
m0098,m0125,50.0,7.160e-99,287.0
m0098,m0126,44.5,8.830e-73,224.0
m0098,m0129,39.2,3.160e-52,167.0
m0098,m0131,43.8,5.120e-67,209.0
m0098,m0132,43.6,6.630e-82,243.0
m0098,m0134,42.9,5.490e-74,224.0
m0098,m0135,45.0,5.120e-86,254.0
m0098,m0139,44.2,1.490e-64,204.0
m0098,m0142,50.2,3.870e-89,261.0
m0098,m0145,46.8,7.760e-75,230.0
m0098,m0150,43.2,2.010e-72,219.0
m0098,m0155,41.8,8.930e-64,202.0
m0098,m0156,50.5,1.720e-104,301.0
m0098,m0158,43.8,7.010e-71,221.0
m0098,m0159,42.9,2.600e-68,214.0
m0098,m0160,41.7,3.950e-69,211.0
m0098,m0161,30.0,4.890e-20,82.0
m0098,m0162,45.3,7.280e-74,229.0
m0098,m0163,40.6,2.140e-57,181.0
m0098,m0164,42.2,4.360e-69,216.0
m0098,m0166,37.5,6.020e-49,160.0
m0098,m0167,41.9,9.770e-79,236.0
m0098,m0168,38.3,2.330e-60,189.0
m0098,m0169,50.0,2.360e-93,273.0
m0098,m0170,42.2,3.490e-66,207.0
m0098,m0171,38.0,1.220e-54,174.0
m0098,m0173,40.9,2.000e-60,192.0
m0098,m0174,46.6,1.180e-76,234.0
m0098,m0175,42.7,6.570e-69,215.0
m0098,m0176,38.7,1.750e-62,194.0
m0098,m0177,38.5,1.090e-66,205.0
m0098,m0179,44.9,3.450e-67,209.0
m0098,m0182,42.9,1.890e-68,214.0
m0098,m0183,47.0,7.350e-74,227.0
m0098,m0184,38.1,2.360e-63,196.0
m0098,m0187,50.0,2.420e-86,254.0
m0098,m0188,43.6,2.800e-69,216.0
m0098,m0191,44.4,5.500e-74,223.0
m0098,m0192,43.9,2.380e-77,232.0
m0098,m0193,50.5,8.310e-101,293.0
m0098,m0194,37.3,7.300e-59,185.0
m0098,m0197,47.1,4.200e-102,296.0
m0098,m0198,45.7,8.570e-73,225.0
m0098,m0204,43.4,9.970e-63,196.0
m0098,m0205,46.7,1.110e-75,233.0
m0098,m0209,41.0,1.310e-56,178.0
m0098,m0212,45.7,1.790e-75,228.0
m0098,m0213,44.3,4.180e-71,220.0
m0098,m0214,43.8,1.540e-71,223.0
m0098,m0215,47.7,4.670e-71,220.0
m0098,m0225,45.8,1.210e-71,222.0
m0098,m0226,46.7,2.810e-74,229.0
m0098,m0228,49.8,8.000e-92,268.0
m0098,m0229,46.8,7.680e-92,270.0
m0098,m0230,50.7,4.120e-99,288.0
m0098,m0231,47.3,8.470e-92,270.0
m0098,m0232,50.3,2.360e-98,286.0
m0098,m0233,47.9,2.700e-88,260.0
m0098,m0235,44.5,6.250e-76,230.0
m0098,m0236,47.2,4.160e-69,215.0
m0098,m0241,48.1,5.320e-85,252.0
m0098,m0242,42.1,5.360e-67,206.0
m0098,m0243,38.9,1.240e-61,196.0
m0098,m0244,46.4,4.930e-77,231.0
m0098,m0246,47.1,4.060e-92,270.0
m0098,m0247,47.8,9.030e-74,226.0
m0098,m0248,42.8,2.440e-64,199.0
m0098,m0251,42.9,2.390e-74,224.0
m0098,m0253,44.1,1.360e-71,223.0
m0098,m0258,47.0,2.290e-74,228.0
m0098,m0261,47.0,1.920e-91,268.0
m0098,m0263,43.2,4.960e-70,214.0
m0098,m0266,43.8,1.530e-68,209.0
m0098,m0267,48.2,1.240e-87,257.0
m0098,m0271,46.5,1.140e-93,274.0
m0098,m0272,45.6,2.120e-71,217.0
m0098,m0273,32.6,4.430e-33,119.0
m0098,m0276,44.0,2.680e-76,234.0
m0098,m0278,42.8,8.100e-71,219.0
m0098,m0280,45.7,1.420e-71,221.0
m0098,m0281,44.1,1.210e-76,234.0
m0098,m0282,38.8,5.180e-55,173.0
m0098,m0284,41.1,1.840e-53,171.0
m0098,m0287,31.8,1.600e-30,111.0
m0098,m0290,43.1,8.890e-68,208.0
m0098,m0291,32.0,7.780e-23,90.1
m0098,m0292,46.8,2.520e-79,236.0
m0098,m0293,43.7,2.350e-69,216.0
m0098,m0294,43.5,5.220e-76,229.0
m0098,m0295,47.6,9.410e-67,208.0
m0098,m0297,47.4,3.720e-90,265.0
m0098,m0303,46.4,4.190e-86,254.0
m0098,m0304,49.5,5.930e-96,280.0
m0098,m0309,45.5,1.010e-88,262.0
m0098,m0311,41.2,2.110e-65,202.0
m0098,m0312,38.7,4.140e-60,187.0
m0098,m0314,44.8,5.120e-72,224.0
m0098,m0315,44.1,1.720e-83,248.0
m0098,m0317,46.2,9.600e-85,251.0
m0098,m0318,42.9,1.800e-65,206.0
m0098,m0320,47.0,8.370e-72,222.0
m0098,m0322,46.7,5.450e-74,228.0
m0098,m0324,45.7,7.880e-74,223.0
m0098,m0328,47.8,3.710e-79,238.0
m0098,m0329,50.2,2.470e-83,246.0
m0098,m0331,44.6,1.420e-72,224.0
m0098,m0332,47.3,9.630e-91,266.0
m0098,m0333,45.1,3.650e-73,227.0
m0098,m0335,43.3,1.020e-64,199.0
m0098,m0336,47.9,3.230e-79,238.0
m0098,m0337,48.5,1.600e-93,273.0
m0098,m0339,43.7,1.060e-75,233.0
m0098,m0340,46.5,1.710e-69,212.0
m0098,m0343,47.8,3.630e-77,231.0
m0098,m0344,44.6,5.650e-72,224.0
m0098,m0345,47.7,3.340e-88,260.0
m0098,m0347,43.8,1.430e-71,223.0
m0098,m0348,44.5,7.540e-71,221.0
m0098,m0349,41.6,7.290e-69,215.0
m0098,m0351,41.6,8.890e-68,208.0
m0098,m0354,41.3,2.850e-68,209.0
m0098,m0356,39.8,6.640e-63,196.0
m0098,m0363,46.2,1.570e-73,227.0
m0098,m0364,44.2,1.790e-73,222.0
m0098,m0365,47.1,1.510e-93,273.0
m0098,m0368,47.6,1.530e-93,273.0
m0098,m0369,31.7,2.300e-30,112.0
m0098,m0370,44.6,8.410e-77,231.0
m0098,m0371,37.5,7.300e-44,149.0
m0098,m0372,47.7,1.920e-84,250.0
m0098,m0377,47.8,6.770e-90,264.0
m0098,m0378,45.7,1.220e-69,218.0
m0098,m0380,51.1,1.470e-96,281.0
m0098,m0382,47.4,3.670e-82,244.0
m0098,m0383,40.0,3.520e-62,194.0
m0098,m0385,42.9,1.630e-64,200.0
m0098,m0387,40.1,8.360e-58,182.0
m0098,m0388,47.2,2.650e-85,253.0
m0098,m0390,45.5,5.870e-90,264.0
m0098,m0393,45.7,1.590e-72,225.0
m0098,m0394,49.3,7.530e-91,266.0
m0098,m0397,43.7,1.020e-66,210.0
m0098,m0399,45.2,8.040e-72,223.0
m0098,m0401,47.0,1.230e-93,273.0
m0098,m0404,44.3,1.540e-71,219.0
m0098,m0405,44.4,2.650e-69,214.0
m0098,m0407,41.7,2.070e-63,196.0
m0098,m0409,42.8,1.120e-68,211.0
m0098,m0411,47.3,1.210e-93,274.0
m0099,m0376,33.1,6.280e-19,76.3
m0100,m0221,37.2,9.710e-51,165.0
m0100,m0395,54.0,5.710e-101,294.0
m0101,m0102,49.3,5.770e-101,292.0
m0101,m0103,39.8,4.670e-56,177.0
m0101,m0104,47.1,1.650e-83,248.0
m0101,m0105,41.0,1.110e-59,186.0
m0101,m0110,50.4,2.820e-85,253.0
m0101,m0112,38.9,5.420e-54,176.0
m0101,m0114,39.6,5.880e-52,171.0
m0101,m0119,42.1,5.980e-64,199.0
m0101,m0121,50.7,2.580e-88,260.0
m0101,m0124,48.9,4.990e-84,248.0
m0101,m0125,48.5,2.920e-91,268.0
m0101,m0126,38.5,6.520e-55,178.0
m0101,m0129,39.9,2.190e-53,170.0
m0101,m0131,39.0,4.430e-49,162.0
m0101,m0132,50.4,5.760e-89,261.0
m0101,m0134,39.1,2.610e-57,181.0
m0101,m0135,43.5,1.130e-77,233.0
m0101,m0138,32.1,3.710e-40,137.0
m0101,m0139,38.1,1.320e-45,154.0
m0101,m0142,48.3,2.190e-81,241.0
m0101,m0145,56.8,6.410e-109,317.0
m0101,m0150,44.9,2.930e-78,234.0
m0101,m0155,36.7,1.900e-48,162.0
m0101,m0156,45.4,1.700e-79,238.0
m0101,m0158,38.2,1.450e-53,176.0
m0101,m0159,44.4,1.730e-62,199.0
m0101,m0160,40.1,3.860e-61,191.0
m0101,m0161,32.2,8.880e-39,132.0
m0101,m0162,39.5,5.770e-56,182.0
m0101,m0163,40.2,1.190e-60,189.0
m0101,m0164,37.0,7.020e-50,166.0
m0101,m0166,42.9,1.470e-76,231.0
m0101,m0167,45.8,1.720e-77,233.0
m0101,m0168,55.7,3.020e-117,334.0
m0101,m0169,51.9,2.240e-89,263.0
m0101,m0170,36.9,5.810e-47,157.0
m0101,m0171,40.9,3.920e-60,188.0
m0101,m0173,37.4,5.160e-47,157.0
m0101,m0174,39.1,2.000e-52,172.0
m0101,m0175,37.1,3.180e-48,161.0
m0101,m0176,51.7,3.740e-115,328.0
m0101,m0177,73.4,5.700e-167,460.0
m0101,m0179,41.2,7.370e-51,167.0
m0101,m0182,41.6,5.320e-61,195.0
m0101,m0183,39.3,6.040e-49,162.0
m0101,m0184,54.5,1.960e-120,342.0
m0101,m0187,52.1,5.420e-91,266.0
m0101,m0188,37.3,4.640e-50,166.0
m0101,m0191,48.2,1.170e-84,250.0
m0101,m0192,39.1,1.970e-68,209.0
m0101,m0193,50.5,8.440e-94,275.0
m0101,m0194,52.8,4.950e-116,331.0
m0101,m0197,44.0,5.060e-75,227.0
m0101,m0198,41.7,2.020e-60,193.0
m0101,m0204,38.4,1.330e-49,162.0
m0101,m0205,39.8,2.670e-53,175.0
m0101,m0209,39.5,3.140e-55,175.0
m0101,m0212,36.7,6.950e-54,173.0
m0101,m0213,37.0,4.870e-49,163.0
m0101,m0214,38.5,3.330e-53,175.0
m0101,m0215,38.9,1.110e-48,162.0
m0101,m0225,38.0,3.650e-50,166.0
m0101,m0226,37.2,6.240e-53,174.0
m0101,m0228,50.9,5.780e-90,263.0
m0101,m0229,49.1,1.380e-90,266.0
m0101,m0230,44.9,1.010e-79,238.0
m0101,m0231,46.3,1.820e-86,256.0
m0101,m0232,45.9,9.210e-78,233.0
m0101,m0233,46.2,6.010e-80,239.0
m0101,m0235,37.1,1.230e-49,162.0
m0101,m0236,37.6,8.550e-48,159.0
m0101,m0241,48.8,2.130e-90,266.0
m0101,m0242,41.5,2.940e-64,199.0
m0101,m0243,37.2,2.530e-47,158.0
m0101,m0244,51.5,2.520e-106,306.0
m0101,m0246,49.2,4.830e-94,275.0
m0101,m0247,36.6,1.510e-49,164.0
m0101,m0248,60.1,1.820e-129,365.0
m0101,m0251,43.4,7.580e-71,215.0
m0101,m0253,39.2,7.830e-54,176.0
m0101,m0258,39.6,1.760e-51,169.0
m0101,m0261,50.0,6.390e-88,259.0
m0101,m0263,49.7,4.640e-93,273.0
m0101,m0265,30.5,1.320e-14,65.5
m0101,m0266,41.1,1.030e-57,182.0
m0101,m0267,47.3,3.070e-81,241.0
m0101,m0271,46.9,4.710e-91,268.0
m0101,m0272,43.5,4.710e-68,208.0
m0101,m0273,36.2,4.280e-51,167.0
m0101,m0276,39.6,1.040e-51,171.0
m0101,m0278,37.9,1.830e-48,161.0
m0101,m0280,38.4,9.880e-50,164.0
m0101,m0281,39.3,4.000e-57,184.0
m0101,m0282,44.8,3.550e-62,191.0
m0101,m0284,40.7,7.390e-57,179.0
m0101,m0290,76.9,5.910e-173,475.0
m0101,m0292,43.7,1.910e-71,216.0
m0101,m0293,36.6,1.630e-48,162.0
m0101,m0294,42.0,5.010e-56,178.0
m0101,m0295,39.1,3.190e-53,173.0
m0101,m0297,52.2,1.650e-89,263.0
m0101,m0303,44.5,1.110e-70,215.0
m0101,m0304,49.3,1.990e-92,271.0
m0101,m0309,42.9,4.160e-75,227.0
m0101,m0311,88.4,1.380e-205,558.0
m0101,m0312,60.0,1.990e-123,348.0
m0101,m0314,39.5,2.000e-55,181.0
m0101,m0315,47.5,9.810e-89,261.0
m0101,m0317,47.9,7.450e-85,251.0
m0101,m0318,38.1,9.290e-53,173.0
m0101,m0320,39.3,3.610e-51,168.0
m0101,m0322,37.5,9.060e-52,171.0
m0101,m0324,39.6,1.730e-58,184.0
m0101,m0328,36.5,1.610e-49,162.0
m0101,m0329,51.7,1.490e-90,265.0
m0101,m0331,36.6,3.890e-49,163.0
m0101,m0332,50.2,1.510e-90,266.0
m0101,m0333,37.8,2.670e-51,170.0
m0101,m0335,48.3,1.190e-72,219.0
m0101,m0336,36.3,7.050e-51,165.0
m0101,m0337,48.6,4.000e-87,256.0
m0101,m0339,39.2,1.090e-50,168.0
m0101,m0340,40.2,7.160e-57,180.0
m0101,m0343,47.3,2.910e-74,224.0
m0101,m0344,39.5,8.360e-55,179.0
m0101,m0345,39.9,5.740e-68,208.0
m0101,m0347,37.8,2.360e-52,172.0
m0101,m0348,39.2,7.400e-55,179.0
m0101,m0349,37.2,3.070e-49,164.0
m0101,m0351,84.5,3.980e-194,529.0
m0101,m0354,49.3,1.150e-97,284.0
m0101,m0356,58.0,3.490e-131,370.0
m0101,m0363,38.4,1.620e-53,175.0
m0101,m0364,43.9,1.730e-74,224.0
m0101,m0365,45.7,1.620e-72,219.0
m0101,m0368,43.0,2.840e-73,222.0
m0101,m0369,39.3,2.270e-51,167.0
m0101,m0370,39.5,5.100e-55,175.0
m0101,m0371,37.1,1.720e-54,177.0
m0101,m0372,43.6,3.830e-74,224.0
m0101,m0377,49.6,2.900e-84,250.0
m0101,m0378,37.2,4.840e-51,169.0
m0101,m0380,50.6,6.300e-86,254.0
m0101,m0382,51.9,7.570e-98,284.0
m0101,m0383,60.9,8.510e-134,376.0
m0101,m0385,46.8,4.240e-88,260.0
m0101,m0387,41.4,4.100e-59,185.0
m0101,m0388,46.2,1.340e-83,249.0
m0101,m0390,48.5,5.500e-86,254.0
m0101,m0393,38.9,6.470e-55,179.0
m0101,m0394,45.9,3.110e-80,239.0
m0101,m0397,41.2,2.680e-59,191.0
m0101,m0399,40.9,1.620e-56,183.0
m0101,m0401,50.0,4.780e-94,275.0
m0101,m0404,38.3,8.410e-52,168.0
m0101,m0405,37.7,1.170e-49,163.0
m0101,m0407,42.1,1.390e-58,184.0
m0101,m0409,66.8,7.850e-153,425.0
m0101,m0411,51.2,6.740e-94,275.0
m0102,m0103,40.2,4.030e-58,182.0
m0102,m0104,49.1,1.130e-86,256.0
m0102,m0105,41.5,1.660e-56,177.0
m0102,m0110,56.9,6.910e-104,300.0
m0102,m0112,41.2,1.900e-55,180.0
m0102,m0114,41.6,4.380e-61,194.0
m0102,m0119,41.3,1.220e-63,197.0
m0102,m0121,52.2,2.350e-94,275.0
m0102,m0124,50.5,1.820e-84,249.0
m0102,m0125,46.6,3.210e-80,239.0
m0102,m0126,40.8,2.210e-64,202.0
m0102,m0129,37.1,4.230e-54,171.0
m0102,m0131,39.2,7.800e-56,180.0
m0102,m0132,46.2,1.960e-79,237.0
m0102,m0134,37.9,7.780e-60,187.0
m0102,m0135,46.6,4.380e-80,239.0
m0102,m0138,32.3,1.390e-34,122.0
m0102,m0139,39.6,1.020e-52,173.0
m0102,m0142,48.9,9.900e-83,244.0
m0102,m0145,65.0,1.450e-130,372.0
m0102,m0150,44.5,4.560e-72,218.0
m0102,m0155,38.9,1.230e-56,183.0
m0102,m0156,44.6,5.660e-75,226.0
m0102,m0158,41.0,4.790e-56,182.0
m0102,m0159,40.1,1.130e-59,191.0
m0102,m0160,35.9,3.560e-49,159.0
m0102,m0161,32.8,6.060e-36,124.0
m0102,m0162,39.4,9.650e-53,174.0
m0102,m0163,41.6,1.120e-58,184.0
m0102,m0164,38.9,2.930e-59,190.0
m0102,m0166,43.7,1.370e-68,210.0
m0102,m0167,44.4,1.200e-80,240.0
m0102,m0168,51.2,1.650e-104,301.0
m0102,m0169,46.6,6.360e-81,241.0
m0102,m0170,39.9,1.220e-56,182.0
m0102,m0171,40.1,1.620e-56,178.0
m0102,m0173,38.7,2.540e-54,176.0
m0102,m0174,39.6,1.130e-60,193.0
m0102,m0175,38.9,1.160e-59,191.0
m0102,m0176,51.5,3.830e-105,303.0
m0102,m0177,46.0,1.990e-87,258.0
m0102,m0179,40.4,8.170e-59,187.0
m0102,m0182,42.0,3.010e-64,203.0
m0102,m0183,39.2,2.330e-54,176.0
m0102,m0184,52.8,2.680e-108,311.0
m0102,m0187,51.7,6.810e-87,255.0
m0102,m0188,39.7,1.360e-59,191.0
m0102,m0191,68.7,2.390e-126,356.0
m0102,m0192,43.5,1.440e-68,209.0
m0102,m0193,47.6,2.220e-83,248.0
m0102,m0194,51.7,2.510e-106,306.0
m0102,m0197,44.2,1.840e-72,220.0
m0102,m0198,40.1,4.070e-60,192.0
m0102,m0204,36.8,8.890e-47,154.0
m0102,m0205,41.1,1.240e-55,181.0
m0102,m0209,37.4,2.090e-53,170.0
m0102,m0212,41.6,3.560e-61,191.0
m0102,m0213,40.7,5.460e-58,186.0
m0102,m0214,40.1,6.360e-54,176.0
m0102,m0215,41.9,5.610e-55,178.0
m0102,m0225,41.8,5.060e-56,181.0
m0102,m0226,40.0,6.500e-58,186.0
m0102,m0228,47.8,7.700e-83,244.0
m0102,m0229,48.3,2.900e-87,258.0
m0102,m0230,47.0,5.620e-82,244.0
m0102,m0231,49.3,3.950e-88,260.0
m0102,m0232,49.1,5.620e-82,244.0
m0102,m0233,50.8,2.970e-83,247.0
m0102,m0235,41.6,9.830e-57,181.0
m0102,m0236,39.0,5.890e-59,188.0
m0102,m0241,49.5,1.670e-84,250.0
m0102,m0242,47.3,1.250e-77,233.0
m0102,m0243,40.4,3.270e-59,189.0
m0102,m0244,66.6,1.190e-140,393.0
m0102,m0246,47.2,4.380e-87,257.0
m0102,m0247,38.9,1.720e-57,184.0
m0102,m0248,53.0,7.880e-99,287.0
m0102,m0251,43.0,5.740e-68,207.0
m0102,m0253,39.5,1.130e-53,176.0
m0102,m0258,39.2,2.330e-57,184.0
m0102,m0261,45.8,5.620e-81,241.0
m0102,m0263,74.5,3.840e-150,417.0
m0102,m0265,31.0,1.630e-17,73.6
m0102,m0266,38.4,2.240e-63,196.0
m0102,m0267,46.6,7.290e-80,237.0
m0102,m0271,47.7,1.990e-87,258.0
m0102,m0272,40.5,7.000e-68,207.0
m0102,m0273,36.2,2.310e-46,154.0
m0102,m0276,43.4,1.080e-61,196.0
m0102,m0278,39.4,5.120e-54,176.0
m0102,m0280,39.4,1.430e-58,187.0
m0102,m0281,42.1,6.340e-64,201.0
m0102,m0282,41.5,5.390e-59,183.0
m0102,m0284,37.8,7.910e-57,179.0
m0102,m0287,31.5,4.500e-35,123.0
m0102,m0290,48.1,3.240e-93,273.0
m0102,m0292,44.3,4.240e-76,228.0
m0102,m0293,38.3,6.060e-55,178.0
m0102,m0294,42.5,2.740e-65,201.0
m0102,m0295,40.7,1.700e-61,194.0
m0102,m0297,49.5,1.170e-84,250.0
m0102,m0303,47.0,1.600e-73,222.0
m0102,m0304,49.5,2.380e-88,260.0
m0102,m0309,48.3,7.580e-84,249.0
m0102,m0311,51.0,1.530e-98,286.0
m0102,m0312,54.7,1.790e-102,295.0
m0102,m0314,40.7,2.050e-55,180.0
m0102,m0315,50.2,3.640e-86,254.0
m0102,m0317,47.4,1.490e-79,237.0
m0102,m0318,39.4,4.950e-58,187.0
m0102,m0320,41.7,1.350e-60,192.0
m0102,m0322,39.7,1.760e-57,185.0
m0102,m0324,38.9,1.460e-63,197.0
m0102,m0328,38.7,4.480e-57,181.0
m0102,m0329,50.2,5.320e-86,253.0
m0102,m0331,39.2,4.240e-58,186.0
m0102,m0332,49.0,3.820e-83,247.0
m0102,m0333,39.3,2.230e-55,180.0
m0102,m0335,42.3,1.480e-65,201.0
m0102,m0336,39.6,2.370e-59,186.0
m0102,m0337,47.7,9.980e-83,245.0
m0102,m0339,42.1,1.640e-60,193.0
m0102,m0340,37.4,2.720e-60,188.0
m0102,m0343,48.3,1.930e-88,259.0
m0102,m0344,40.7,9.990e-58,186.0
m0102,m0345,39.6,3.760e-63,196.0
m0102,m0347,40.1,5.320e-56,182.0
m0102,m0348,40.7,1.320e-56,183.0
m0102,m0349,39.5,2.260e-60,193.0
m0102,m0351,49.2,7.560e-97,282.0
m0102,m0354,79.1,1.410e-151,420.0
m0102,m0356,50.5,3.480e-99,288.0
m0102,m0363,40.0,3.300e-58,187.0
m0102,m0364,43.4,4.640e-72,218.0
m0102,m0365,40.5,1.110e-67,207.0
m0102,m0368,42.9,2.080e-73,222.0
m0102,m0369,37.4,5.820e-48,158.0
m0102,m0370,44.7,1.740e-71,217.0
m0102,m0371,40.3,1.400e-65,206.0
m0102,m0372,47.0,5.970e-79,236.0
m0102,m0377,47.0,9.130e-78,233.0
m0102,m0378,39.0,5.650e-55,179.0
m0102,m0380,48.8,2.670e-90,265.0
m0102,m0382,52.6,4.420e-102,295.0
m0102,m0383,49.8,5.640e-95,277.0
m0102,m0385,53.5,9.500e-100,290.0
m0102,m0387,40.5,1.730e-58,183.0
m0102,m0388,45.8,6.360e-79,236.0
m0102,m0390,47.9,4.210e-83,246.0
m0102,m0393,41.2,4.740e-55,179.0
m0102,m0394,45.2,3.990e-81,241.0
m0102,m0397,39.6,1.060e-58,189.0
m0102,m0399,40.5,1.180e-56,183.0
m0102,m0401,49.5,8.460e-90,263.0
m0102,m0404,39.5,1.040e-60,191.0
m0102,m0405,38.8,7.580e-56,179.0
m0102,m0407,39.6,2.370e-63,196.0
m0102,m0409,46.0,1.010e-89,264.0
m0102,m0411,48.3,6.850e-86,254.0
m0103,m0104,47.6,4.940e-83,246.0
m0103,m0105,65.8,1.490e-136,381.0
m0103,m0110,48.7,7.330e-78,233.0
m0103,m0112,38.8,5.760e-54,176.0
m0103,m0114,37.9,2.130e-53,174.0
m0103,m0119,40.0,3.030e-58,184.0
m0103,m0121,48.8,4.260e-74,223.0
m0103,m0124,47.5,1.460e-78,234.0
m0103,m0125,43.6,5.280e-68,208.0
m0103,m0126,40.5,6.940e-55,177.0
m0103,m0129,68.4,2.320e-138,386.0
m0103,m0131,41.7,3.760e-57,183.0
m0103,m0132,46.2,2.210e-81,242.0
m0103,m0134,41.4,7.040e-58,182.0
m0103,m0135,44.6,2.740e-73,222.0
m0103,m0139,40.6,5.450e-58,187.0
m0103,m0142,42.6,8.050e-63,194.0
m0103,m0145,43.3,6.750e-60,191.0
m0103,m0150,41.8,2.410e-69,211.0
m0103,m0155,39.8,2.180e-53,174.0
m0103,m0156,43.0,3.470e-65,201.0
m0103,m0158,38.8,2.030e-54,177.0
m0103,m0159,36.7,5.410e-51,168.0
m0103,m0160,42.0,3.180e-54,172.0
m0103,m0161,31.2,2.150e-26,99.4
m0103,m0162,39.3,5.090e-53,174.0
m0103,m0163,61.3,1.520e-133,374.0
m0103,m0164,39.8,6.430e-58,186.0
m0103,m0166,35.3,7.720e-48,157.0
m0103,m0167,44.8,1.840e-77,232.0
m0103,m0168,37.0,1.360e-50,163.0
m0103,m0169,45.5,2.250e-73,222.0
m0103,m0170,39.2,2.730e-59,189.0
m0103,m0171,59.4,1.270e-126,357.0
m0103,m0173,39.3,3.180e-56,181.0
m0103,m0174,38.5,4.470e-51,168.0
m0103,m0175,40.8,3.860e-57,184.0
m0103,m0176,36.6,3.610e-50,162.0
m0103,m0177,40.2,5.110e-53,170.0
m0103,m0179,37.9,3.740e-52,170.0
m0103,m0182,40.9,6.520e-59,189.0
m0103,m0183,37.4,9.080e-49,162.0
m0103,m0184,37.0,6.870e-51,164.0
m0103,m0187,42.9,1.480e-67,206.0
m0103,m0188,41.0,1.630e-57,185.0
m0103,m0191,44.4,3.340e-71,216.0
m0103,m0192,40.7,9.450e-67,205.0
m0103,m0193,44.3,1.790e-74,225.0
m0103,m0194,35.2,2.460e-51,165.0
m0103,m0197,42.7,8.710e-65,200.0
m0103,m0198,37.4,1.100e-50,167.0
m0103,m0204,34.6,2.190e-52,169.0
m0103,m0205,37.3,1.030e-53,176.0
m0103,m0209,66.4,1.240e-137,384.0
m0103,m0212,39.9,1.050e-53,172.0
m0103,m0213,37.0,3.130e-52,171.0
m0103,m0214,37.2,1.360e-52,173.0
m0103,m0215,40.9,3.110e-49,163.0
m0103,m0225,38.7,7.660e-50,165.0
m0103,m0226,38.4,1.620e-54,177.0
m0103,m0228,44.7,7.830e-67,204.0
m0103,m0229,45.7,1.870e-80,240.0
m0103,m0230,41.1,9.450e-67,205.0
m0103,m0231,42.9,1.550e-68,210.0
m0103,m0232,47.3,2.430e-78,234.0
m0103,m0233,44.5,8.620e-75,225.0
m0103,m0235,36.2,1.430e-48,159.0
m0103,m0236,40.4,6.080e-59,188.0
m0103,m0241,41.8,1.160e-65,202.0
m0103,m0242,39.5,1.080e-55,176.0
m0103,m0243,38.0,8.430e-51,167.0
m0103,m0244,39.4,3.390e-58,183.0
m0103,m0246,41.0,3.880e-72,219.0
m0103,m0247,38.7,3.500e-57,183.0
m0103,m0248,41.2,5.870e-54,172.0
m0103,m0251,43.1,1.480e-68,209.0
m0103,m0253,37.9,2.540e-51,169.0
m0103,m0258,37.7,2.010e-50,166.0
m0103,m0261,40.2,7.200e-71,216.0
m0103,m0263,40.0,6.430e-60,187.0
m0103,m0264,32.8,7.330e-11,55.8
m0103,m0266,38.7,3.540e-56,177.0
m0103,m0267,46.6,1.580e-76,228.0
m0103,m0271,47.7,2.460e-83,248.0
m0103,m0272,42.0,9.110e-60,187.0
m0103,m0273,33.7,1.430e-32,117.0
m0103,m0276,38.1,2.060e-52,172.0
m0103,m0278,37.9,1.460e-53,174.0
m0103,m0280,39.1,8.150e-58,185.0
m0103,m0281,39.1,4.020e-53,173.0
m0103,m0282,43.0,3.070e-52,166.0
m0103,m0284,67.7,1.140e-143,400.0
m0103,m0290,39.0,6.960e-56,177.0
m0103,m0292,47.8,2.380e-78,234.0
m0103,m0293,39.8,8.180e-56,181.0
m0103,m0294,36.2,1.720e-50,163.0
m0103,m0295,41.4,1.010e-51,169.0
m0103,m0297,45.6,3.420e-76,229.0
m0103,m0303,42.6,1.230e-64,199.0
m0103,m0304,44.8,1.320e-74,225.0
m0103,m0309,46.1,5.260e-79,237.0
m0103,m0311,41.7,9.290e-56,177.0
m0103,m0312,36.2,7.900e-49,158.0
m0103,m0314,39.1,6.180e-54,176.0
m0103,m0315,41.4,1.460e-66,204.0
m0103,m0317,48.4,1.590e-84,250.0
m0103,m0318,35.7,2.360e-48,161.0
m0103,m0320,37.7,5.760e-50,165.0
m0103,m0322,37.0,9.120e-53,173.0
m0103,m0324,38.2,4.190e-60,188.0
m0103,m0328,37.5,1.340e-48,159.0
m0103,m0329,44.8,4.050e-67,204.0
m0103,m0331,41.6,9.370e-57,182.0
m0103,m0332,46.1,6.390e-82,244.0
m0103,m0333,39.3,1.840e-53,175.0
m0103,m0335,48.2,1.710e-64,198.0
m0103,m0336,39.0,2.260e-53,171.0
m0103,m0337,44.0,2.470e-67,206.0
m0103,m0339,38.5,1.550e-51,170.0
m0103,m0340,40.3,5.010e-61,190.0
m0103,m0343,44.2,3.660e-70,213.0
m0103,m0344,39.1,3.410e-54,177.0
m0103,m0345,42.1,1.080e-59,187.0
m0103,m0347,38.5,6.530e-53,174.0
m0103,m0348,38.4,8.320e-54,176.0
m0103,m0349,41.0,5.990e-61,194.0
m0103,m0351,40.7,6.960e-56,177.0
m0103,m0354,42.0,6.820e-65,200.0
m0103,m0356,40.2,1.550e-52,169.0
m0103,m0363,37.0,1.380e-51,170.0
m0103,m0364,42.5,1.580e-61,191.0
m0103,m0365,40.7,1.160e-61,191.0
m0103,m0368,41.1,2.210e-58,183.0
m0103,m0369,35.3,5.490e-34,121.0
m0103,m0370,38.9,1.950e-55,176.0
m0103,m0371,39.3,8.090e-52,170.0
m0103,m0372,42.0,2.400e-70,214.0
m0103,m0377,43.4,1.160e-64,199.0
m0103,m0378,38.9,2.250e-54,177.0
m0103,m0380,45.1,9.030e-73,220.0
m0103,m0382,46.4,2.450e-81,242.0
m0103,m0383,38.3,2.770e-56,178.0
m0103,m0385,41.5,4.250e-53,170.0
m0103,m0387,79.7,3.240e-173,475.0
m0103,m0388,42.2,6.270e-71,216.0
m0103,m0390,46.8,3.210e-80,239.0
m0103,m0393,39.0,1.420e-53,176.0
m0103,m0394,45.5,3.570e-74,224.0
m0103,m0397,38.8,8.330e-52,171.0
m0103,m0399,37.4,3.290e-51,169.0
m0103,m0401,43.6,6.030e-77,231.0
m0103,m0404,40.8,6.600e-59,186.0
m0103,m0405,39.7,3.620e-57,182.0
m0103,m0407,57.2,2.550e-115,328.0
m0103,m0409,38.9,1.680e-49,161.0
m0103,m0411,44.3,1.090e-79,238.0
m0104,m0105,54.9,1.900e-99,287.0
m0104,m0110,53.8,2.280e-103,298.0
m0104,m0112,52.2,2.380e-95,283.0
m0104,m0114,48.6,4.180e-86,259.0
m0104,m0119,52.0,7.160e-102,295.0
m0104,m0121,54.8,2.040e-101,293.0
m0104,m0124,79.3,9.250e-158,435.0
m0104,m0125,54.9,3.000e-107,308.0
m0104,m0126,51.8,3.280e-98,289.0
m0104,m0129,47.5,1.370e-76,229.0
m0104,m0131,52.5,9.080e-97,285.0
m0104,m0132,73.9,7.690e-151,418.0
m0104,m0134,53.6,2.150e-104,301.0
m0104,m0135,60.6,6.430e-126,356.0
m0104,m0138,31.2,1.580e-33,119.0
m0104,m0139,49.2,5.060e-94,280.0
m0104,m0142,64.2,8.570e-122,344.0
m0104,m0145,49.8,4.060e-86,259.0
m0104,m0150,56.9,2.340e-109,313.0
m0104,m0155,52.9,9.020e-98,289.0
m0104,m0156,58.3,2.320e-111,319.0
m0104,m0158,50.5,2.620e-92,276.0
m0104,m0159,50.5,3.530e-90,270.0
m0104,m0160,43.5,3.130e-73,221.0
m0104,m0161,32.9,5.200e-34,119.0
m0104,m0162,49.8,2.480e-90,271.0
m0104,m0163,52.6,3.930e-98,285.0
m0104,m0164,51.7,2.790e-97,288.0
m0104,m0166,42.2,1.460e-56,179.0
m0104,m0167,54.6,1.190e-114,327.0
m0104,m0168,46.6,1.220e-79,238.0
m0104,m0169,66.7,1.390e-140,393.0
m0104,m0170,51.6,2.880e-97,287.0
m0104,m0171,54.8,2.900e-99,288.0
m0104,m0173,46.7,2.140e-88,265.0
m0104,m0174,50.0,1.070e-88,265.0
m0104,m0175,53.1,1.140e-96,286.0
m0104,m0176,45.9,1.150e-79,238.0
m0104,m0177,44.4,1.420e-80,241.0
m0104,m0179,53.4,3.890e-95,281.0
m0104,m0182,53.0,4.890e-99,293.0
m0104,m0183,53.4,4.570e-95,281.0
m0104,m0184,46.5,4.700e-82,244.0
m0104,m0187,66.8,1.840e-124,350.0
m0104,m0188,52.2,1.200e-100,296.0
m0104,m0191,48.6,3.570e-82,244.0
m0104,m0192,51.9,2.440e-97,283.0
m0104,m0193,63.6,8.440e-132,371.0
m0104,m0194,42.9,1.180e-71,218.0
m0104,m0197,53.3,2.850e-104,301.0
m0104,m0198,48.4,1.850e-86,260.0
m0104,m0204,47.0,3.900e-82,246.0
m0104,m0205,51.6,2.680e-94,281.0
m0104,m0209,44.8,1.600e-74,224.0
m0104,m0212,50.0,1.920e-90,266.0
m0104,m0213,53.0,1.700e-96,285.0
m0104,m0214,51.1,3.690e-91,273.0
m0104,m0215,51.0,1.570e-77,236.0
m0104,m0225,49.5,7.330e-79,240.0
m0104,m0226,51.3,2.090e-97,288.0
m0104,m0228,70.2,2.230e-134,375.0
m0104,m0229,67.8,2.160e-137,385.0
m0104,m0230,50.9,6.510e-100,290.0
m0104,m0231,64.2,4.580e-128,362.0
m0104,m0232,71.6,2.020e-149,415.0
m0104,m0233,70.7,7.860e-148,411.0
m0104,m0235,52.5,4.080e-87,259.0
m0104,m0236,54.5,7.350e-99,291.0
m0104,m0241,61.5,7.760e-124,350.0
m0104,m0242,43.7,1.070e-71,218.0
m0104,m0243,49.3,6.210e-93,276.0
m0104,m0244,50.9,1.320e-89,263.0
m0104,m0246,66.0,5.520e-138,386.0
m0104,m0247,53.4,4.700e-96,283.0
m0104,m0248,47.6,6.260e-81,241.0
m0104,m0251,55.1,1.760e-104,301.0
m0104,m0253,50.9,8.040e-92,275.0
m0104,m0258,53.3,1.730e-96,285.0
m0104,m0261,62.9,1.000e-127,360.0
m0104,m0263,48.2,6.740e-86,254.0
m0104,m0266,57.9,5.430e-105,302.0
m0104,m0267,63.8,4.920e-116,329.0
m0104,m0271,64.8,7.570e-133,374.0
m0104,m0272,47.3,1.730e-88,260.0
m0104,m0273,33.1,1.100e-33,120.0
m0104,m0276,49.5,2.290e-86,260.0
m0104,m0278,51.3,2.220e-85,257.0
m0104,m0280,53.0,2.950e-96,284.0
m0104,m0281,49.8,4.400e-88,264.0
m0104,m0282,46.4,4.150e-65,199.0
m0104,m0284,45.3,1.970e-81,242.0
m0104,m0287,33.3,6.950e-35,122.0
m0104,m0290,47.6,1.410e-82,246.0
m0104,m0292,55.5,9.870e-104,298.0
m0104,m0293,51.0,1.260e-98,291.0
m0104,m0294,50.0,3.600e-94,275.0
m0104,m0295,54.9,2.350e-96,284.0
m0104,m0297,73.0,2.210e-151,420.0
m0104,m0303,54.8,7.380e-104,299.0
m0104,m0304,66.4,1.650e-136,383.0
m0104,m0309,57.2,2.310e-119,340.0
m0104,m0311,46.2,8.230e-84,249.0
m0104,m0312,46.9,1.340e-77,232.0
m0104,m0314,51.6,7.570e-93,277.0
m0104,m0315,62.0,3.630e-122,346.0
m0104,m0317,72.9,4.340e-153,424.0
m0104,m0318,47.1,3.750e-87,262.0
m0104,m0320,49.3,5.000e-85,256.0
m0104,m0322,51.7,1.150e-96,286.0
m0104,m0324,54.5,7.430e-105,302.0
m0104,m0328,49.7,2.030e-91,269.0
m0104,m0329,64.5,3.700e-119,337.0
m0104,m0331,53.4,3.360e-99,292.0
m0104,m0332,81.8,3.800e-178,488.0
m0104,m0333,50.5,7.530e-94,280.0
m0104,m0335,46.8,1.420e-80,239.0
m0104,m0336,52.9,3.830e-98,286.0
m0104,m0337,68.4,1.380e-137,384.0
m0104,m0339,48.6,1.020e-87,264.0
m0104,m0340,54.1,8.000e-104,300.0
m0104,m0343,52.0,9.630e-95,276.0
m0104,m0344,51.9,1.890e-94,281.0
m0104,m0345,54.5,1.260e-102,296.0
m0104,m0347,51.6,2.680e-93,278.0
m0104,m0348,52.3,4.490e-94,280.0
m0104,m0349,55.9,3.680e-102,301.0
m0104,m0351,46.2,6.190e-84,249.0
m0104,m0354,49.8,1.050e-86,256.0
m0104,m0356,47.5,2.010e-78,235.0
m0104,m0363,51.7,1.330e-95,284.0
m0104,m0364,53.4,3.300e-99,287.0
m0104,m0365,51.1,3.660e-96,280.0
m0104,m0368,49.7,4.260e-95,277.0
m0104,m0369,34.4,8.040e-36,126.0
m0104,m0370,49.7,1.820e-88,261.0
m0104,m0371,38.6,7.130e-50,165.0
m0104,m0372,60.4,2.460e-119,338.0
m0104,m0377,66.5,5.770e-137,384.0
m0104,m0378,49.8,6.020e-92,275.0
m0104,m0380,61.9,9.320e-124,350.0
m0104,m0382,58.7,5.700e-111,317.0
m0104,m0383,45.4,7.300e-81,241.0
m0104,m0385,48.4,2.120e-81,243.0
m0104,m0387,46.3,4.730e-82,244.0
m0104,m0388,60.2,8.670e-121,343.0
m0104,m0390,73.1,1.430e-150,418.0
m0104,m0393,51.7,2.670e-92,276.0
m0104,m0394,63.7,9.610e-128,360.0
m0104,m0397,52.7,1.780e-90,271.0
m0104,m0399,52.2,1.740e-94,281.0
m0104,m0401,69.3,2.700e-145,404.0
m0104,m0404,47.5,5.160e-83,248.0
m0104,m0405,51.9,4.900e-100,293.0
m0104,m0407,49.8,4.370e-92,270.0
m0104,m0409,46.8,5.300e-80,239.0
m0104,m0411,65.6,1.830e-136,383.0
m0105,m0110,50.4,7.160e-85,250.0
m0105,m0112,42.6,3.070e-52,171.0
m0105,m0114,40.7,3.900e-53,172.0
m0105,m0119,46.5,4.520e-63,195.0
m0105,m0121,49.0,2.260e-78,233.0
m0105,m0124,53.0,1.230e-89,261.0
m0105,m0125,44.9,8.090e-72,217.0
m0105,m0126,43.1,3.870e-57,182.0
m0105,m0129,66.8,1.040e-133,373.0
m0105,m0131,42.7,1.890e-56,181.0
m0105,m0132,55.9,1.320e-99,287.0
m0105,m0134,42.5,1.290e-57,181.0
m0105,m0135,47.7,7.850e-80,238.0
m0105,m0138,30.0,1.360e-20,83.6
m0105,m0139,42.7,1.200e-54,177.0
m0105,m0142,46.4,3.320e-70,212.0
m0105,m0145,41.2,2.390e-59,189.0
m0105,m0150,46.2,4.780e-79,235.0
m0105,m0155,41.6,2.820e-53,173.0
m0105,m0156,42.6,1.100e-65,201.0
m0105,m0158,42.9,1.990e-53,174.0
m0105,m0159,41.2,7.730e-55,177.0
m0105,m0160,40.9,1.500e-54,172.0
m0105,m0161,30.3,4.620e-21,84.3
m0105,m0162,41.4,4.920e-52,171.0
m0105,m0163,85.9,7.170e-177,483.0
m0105,m0164,37.5,8.800e-52,169.0
m0105,m0166,39.1,1.020e-51,166.0
m0105,m0167,47.5,5.620e-78,233.0
m0105,m0168,39.4,1.960e-56,177.0
m0105,m0169,50.7,3.230e-80,239.0
m0105,m0170,41.8,1.900e-54,176.0
m0105,m0171,76.4,2.430e-160,441.0
m0105,m0173,39.8,7.710e-52,169.0
m0105,m0174,40.5,3.180e-50,165.0
m0105,m0175,40.4,2.560e-52,171.0
m0105,m0176,38.7,1.040e-55,176.0
m0105,m0177,39.2,1.430e-58,183.0
m0105,m0179,41.1,5.460e-55,177.0
m0105,m0182,41.5,7.370e-56,180.0
m0105,m0183,44.4,6.610e-53,172.0
m0105,m0184,40.9,5.580e-59,184.0
m0105,m0187,48.5,2.910e-75,224.0
m0105,m0188,42.1,3.150e-56,181.0
m0105,m0191,46.9,3.990e-69,209.0
m0105,m0192,45.7,5.170e-71,215.0
m0105,m0193,48.6,1.070e-77,233.0
m0105,m0194,37.7,6.120e-55,174.0
m0105,m0197,42.6,7.000e-63,194.0
m0105,m0198,40.8,8.480e-54,174.0
m0105,m0204,41.0,5.760e-52,167.0
m0105,m0205,41.2,5.460e-52,170.0
m0105,m0209,64.2,7.300e-131,366.0
m0105,m0212,42.1,8.900e-55,174.0
m0105,m0213,41.7,3.810e-53,172.0
m0105,m0214,43.0,8.960e-53,172.0
m0105,m0215,40.2,1.960e-50,165.0
m0105,m0225,42.1,1.010e-49,164.0
m0105,m0226,43.0,5.390e-55,178.0
m0105,m0228,48.1,2.490e-73,219.0
m0105,m0229,50.7,2.560e-87,257.0
m0105,m0230,39.8,1.530e-61,191.0
m0105,m0231,48.9,1.650e-75,227.0
m0105,m0232,55.4,1.950e-89,262.0
m0105,m0233,54.6,1.450e-90,265.0
m0105,m0235,42.6,1.370e-52,169.0
m0105,m0236,40.6,3.450e-52,170.0
m0105,m0241,46.9,1.550e-73,221.0
m0105,m0242,37.7,4.940e-53,169.0
m0105,m0243,38.2,3.440e-48,159.0
m0105,m0244,40.7,6.120e-55,174.0
m0105,m0246,47.3,1.390e-79,237.0
m0105,m0247,42.1,3.210e-57,182.0
m0105,m0248,39.7,1.770e-55,175.0
m0105,m0251,49.0,1.630e-80,239.0
m0105,m0253,45.0,5.460e-54,176.0
m0105,m0258,42.7,2.140e-53,173.0
m0105,m0261,43.1,9.600e-76,227.0
m0105,m0263,41.2,1.310e-58,183.0
m0105,m0264,30.3,1.720e-14,66.2
m0105,m0265,32.9,8.710e-17,71.2
m0105,m0266,41.1,5.900e-57,179.0
m0105,m0267,44.4,4.700e-70,211.0
m0105,m0271,50.2,3.700e-84,249.0
m0105,m0272,40.7,1.660e-56,177.0
m0105,m0273,34.1,6.900e-26,99.0
m0105,m0276,40.8,3.530e-53,173.0
m0105,m0278,43.6,1.630e-55,179.0
m0105,m0280,40.4,2.920e-57,182.0
m0105,m0281,40.7,2.470e-54,176.0
m0105,m0282,39.5,1.540e-46,150.0
m0105,m0284,69.8,8.300e-140,389.0
m0105,m0290,41.7,2.960e-60,187.0
m0105,m0292,47.2,2.200e-70,213.0
m0105,m0293,41.4,3.520e-57,183.0
m0105,m0294,40.9,6.790e-53,169.0
m0105,m0295,42.0,7.260e-51,166.0
m0105,m0297,55.4,1.740e-93,272.0
m0105,m0303,42.0,1.450e-59,185.0
m0105,m0304,48.8,1.390e-78,234.0
m0105,m0309,48.8,2.830e-80,239.0
m0105,m0311,42.2,2.800e-60,187.0
m0105,m0312,38.1,2.710e-53,169.0
m0105,m0314,45.0,1.050e-54,177.0
m0105,m0315,47.0,3.410e-75,226.0
m0105,m0317,59.6,9.830e-105,300.0
m0105,m0318,39.8,1.280e-52,172.0
m0105,m0320,40.1,1.490e-49,163.0
m0105,m0322,43.7,1.460e-54,177.0
m0105,m0324,41.2,3.040e-59,185.0
m0105,m0328,41.4,2.750e-51,165.0
m0105,m0329,48.4,7.330e-73,218.0
m0105,m0331,41.2,1.090e-53,174.0
m0105,m0332,54.9,2.490e-98,285.0
m0105,m0333,43.2,3.130e-54,176.0
m0105,m0335,46.7,8.360e-62,191.0
m0105,m0336,41.3,5.940e-53,169.0
m0105,m0337,44.9,8.760e-73,219.0
m0105,m0339,40.8,1.090e-50,167.0
m0105,m0340,43.6,6.410e-58,181.0
m0105,m0343,47.2,3.590e-75,225.0
m0105,m0344,45.0,5.790e-55,178.0
m0105,m0345,41.5,9.940e-63,194.0
m0105,m0347,42.1,3.070e-53,174.0
m0105,m0348,42.6,1.600e-52,172.0
m0105,m0349,42.9,1.440e-56,182.0
m0105,m0351,42.7,7.430e-61,189.0
m0105,m0354,39.4,6.290e-59,184.0
m0105,m0356,39.1,4.710e-54,172.0
m0105,m0363,41.5,4.660e-52,170.0
m0105,m0364,45.1,1.150e-66,203.0
m0105,m0365,40.5,9.670e-57,178.0
m0105,m0368,38.1,5.470e-52,166.0
m0105,m0369,33.9,5.680e-29,107.0
m0105,m0370,41.1,1.160e-56,178.0
m0105,m0371,37.6,1.280e-48,160.0
m0105,m0372,49.8,1.250e-77,231.0
m0105,m0377,48.7,5.310e-76,228.0
m0105,m0378,43.4,2.890e-54,176.0
m0105,m0380,45.1,1.010e-73,221.0
m0105,m0382,53.8,6.340e-96,278.0
m0105,m0383,42.6,3.310e-60,187.0
m0105,m0385,42.8,1.050e-56,179.0
m0105,m0387,67.3,3.250e-139,388.0
m0105,m0388,47.9,1.300e-77,232.0
m0105,m0390,56.3,3.600e-96,279.0
m0105,m0393,42.6,5.030e-53,173.0
m0105,m0394,46.0,4.850e-76,228.0
m0105,m0397,41.9,4.380e-56,181.0
m0105,m0399,42.9,1.660e-50,166.0
m0105,m0401,51.3,1.220e-88,259.0
m0105,m0404,41.5,3.240e-55,176.0
m0105,m0405,40.9,1.560e-54,175.0
m0105,m0407,58.8,2.130e-110,315.0
m0105,m0409,40.1,2.510e-55,175.0
m0105,m0411,50.5,1.720e-85,252.0
m0106,m0107,36.7,2.640e-46,154.0
m0106,m0111,35.2,5.610e-45,150.0
m0106,m0113,31.0,5.160e-41,140.0
m0106,m0136,39.3,6.210e-65,203.0
m0106,m0152,31.6,4.700e-37,129.0
m0106,m0172,36.3,8.430e-62,195.0
m0106,m0186,32.0,6.390e-32,116.0
m0106,m0190,33.8,6.790e-48,159.0
m0106,m0206,36.5,1.520e-61,194.0
m0106,m0208,32.0,9.790e-36,126.0
m0106,m0218,38.0,2.340e-56,181.0
m0106,m0219,39.2,1.420e-66,207.0
m0106,m0220,32.1,2.550e-40,138.0
m0106,m0224,31.7,1.100e-29,110.0
m0106,m0240,38.9,2.760e-64,200.0
m0106,m0245,32.5,5.680e-44,148.0
m0106,m0255,31.0,9.620e-32,114.0
m0106,m0268,42.8,6.350e-67,208.0
m0106,m0275,32.7,5.830e-44,148.0
m0106,m0286,33.8,2.420e-45,152.0
m0106,m0321,30.9,4.530e-42,143.0
m0106,m0353,32.4,2.120e-36,127.0
m0106,m0357,33.1,3.910e-41,139.0
m0106,m0361,30.6,2.700e-30,111.0
m0106,m0379,35.5,8.800e-61,192.0
m0106,m0384,31.5,2.050e-34,122.0
m0106,m0386,32.1,3.490e-41,140.0
m0106,m0412,30.5,1.510e-35,125.0
m0107,m0111,39.7,3.510e-58,184.0
m0107,m0113,43.0,1.580e-72,221.0
m0107,m0136,32.8,6.210e-32,116.0
m0107,m0152,38.7,1.280e-52,170.0
m0107,m0165,38.8,2.550e-51,167.0
m0107,m0172,30.7,5.190e-29,108.0
m0107,m0180,43.2,7.180e-65,202.0
m0107,m0186,38.3,2.880e-51,167.0
m0107,m0190,41.4,5.480e-65,202.0
m0107,m0208,46.9,1.130e-74,227.0
m0107,m0218,32.6,2.040e-27,104.0
m0107,m0219,31.6,1.840e-29,109.0
m0107,m0220,40.2,4.850e-58,184.0
m0107,m0224,35.9,3.430e-44,149.0
m0107,m0240,32.9,4.850e-33,118.0
m0107,m0245,43.2,3.290e-77,233.0
m0107,m0250,41.9,1.170e-65,203.0
m0107,m0255,41.2,7.610e-49,159.0
m0107,m0268,31.9,7.990e-31,113.0
m0107,m0275,43.9,2.710e-76,231.0
m0107,m0283,30.5,1.050e-39,137.0
m0107,m0286,42.2,1.840e-61,194.0
m0107,m0316,39.5,3.490e-59,187.0
m0107,m0321,43.4,1.480e-75,229.0
m0107,m0353,39.2,3.570e-56,178.0
m0107,m0357,37.1,3.350e-48,157.0
m0107,m0379,31.8,2.760e-31,114.0
m0107,m0384,36.9,6.560e-50,163.0
m0107,m0386,42.1,6.090e-66,204.0
m0107,m0389,42.1,2.350e-65,203.0
m0107,m0403,36.2,1.440e-47,157.0
m0107,m0412,40.6,4.440e-62,194.0
m0108,m0402,45.2,7.770e-192,556.0
m0109,m0308,38.2,2.780e-45,151.0
m0109,m0310,36.4,3.190e-55,181.0
m0110,m0112,46.5,2.090e-69,216.0
m0110,m0114,44.3,5.940e-64,202.0
m0110,m0119,46.1,1.030e-78,236.0
m0110,m0121,73.6,6.760e-158,436.0
m0110,m0124,57.7,6.630e-104,299.0
m0110,m0125,50.2,5.010e-94,275.0
m0110,m0126,44.2,4.550e-66,207.0
m0110,m0129,46.0,5.010e-72,218.0
m0110,m0131,44.0,2.230e-65,205.0
m0110,m0132,53.6,1.080e-98,286.0
m0110,m0134,43.9,1.000e-65,203.0
m0110,m0135,52.3,8.090e-93,272.0
m0110,m0138,34.9,4.010e-37,129.0
m0110,m0139,43.4,1.360e-61,196.0
m0110,m0142,56.0,1.580e-98,285.0
m0110,m0145,58.2,4.830e-105,307.0
m0110,m0150,48.1,7.210e-89,261.0
m0110,m0155,42.2,5.340e-62,197.0
m0110,m0156,46.9,1.180e-81,243.0
m0110,m0158,43.5,7.810e-66,207.0
m0110,m0159,42.3,1.330e-64,204.0
m0110,m0160,41.0,2.810e-60,188.0
m0110,m0161,34.6,1.730e-37,129.0
m0110,m0162,44.0,4.030e-65,206.0
m0110,m0163,47.1,7.550e-81,241.0
m0110,m0164,45.4,3.600e-71,221.0
m0110,m0166,40.9,1.600e-56,179.0
m0110,m0167,51.2,6.650e-95,277.0
m0110,m0168,48.5,3.340e-88,260.0
m0110,m0169,54.3,2.230e-96,281.0
m0110,m0170,44.4,2.250e-67,210.0
m0110,m0171,49.8,5.810e-79,236.0
m0110,m0173,40.4,4.630e-58,186.0
m0110,m0174,41.2,7.180e-61,194.0
m0110,m0175,43.6,7.940e-67,209.0
m0110,m0176,48.0,1.100e-88,261.0
m0110,m0177,43.0,1.630e-77,233.0
m0110,m0179,43.3,7.150e-63,198.0
m0110,m0182,45.4,3.190e-66,208.0
m0110,m0183,43.8,3.020e-62,197.0
m0110,m0184,47.4,1.750e-85,253.0
m0110,m0185,34.1,1.060e-26,100.0
m0110,m0187,57.1,9.160e-104,298.0
m0110,m0188,43.3,1.130e-64,204.0
m0110,m0191,54.5,6.200e-89,261.0
m0110,m0192,48.0,1.300e-79,238.0
m0110,m0193,52.0,8.850e-98,285.0
m0110,m0194,50.3,5.870e-89,262.0
m0110,m0197,42.5,3.720e-71,217.0
m0110,m0198,42.5,7.740e-67,209.0
m0110,m0204,40.6,1.660e-57,182.0
m0110,m0205,44.6,6.100e-68,213.0
m0110,m0209,44.6,5.220e-68,207.0
m0110,m0212,46.6,1.030e-65,203.0
m0110,m0213,42.3,2.440e-66,208.0
m0110,m0214,43.1,6.690e-66,208.0
m0110,m0215,46.9,5.570e-62,196.0
m0110,m0225,42.9,3.940e-62,197.0
m0110,m0226,42.5,1.970e-67,211.0
m0110,m0228,54.5,1.500e-99,287.0
m0110,m0229,57.0,1.280e-110,317.0
m0110,m0230,49.6,4.200e-78,234.0
m0110,m0231,51.6,4.670e-99,288.0
m0110,m0232,56.3,2.200e-101,293.0
m0110,m0233,55.3,1.050e-100,291.0
m0110,m0235,44.2,8.780e-67,207.0
m0110,m0236,45.2,1.290e-67,211.0
m0110,m0241,53.6,6.060e-107,308.0
m0110,m0242,46.1,1.170e-82,246.0
m0110,m0243,41.6,6.850e-61,194.0
m0110,m0244,57.9,2.280e-106,306.0
m0110,m0246,51.2,4.730e-96,280.0
m0110,m0247,44.3,2.380e-67,210.0
m0110,m0248,50.6,4.130e-85,252.0
m0110,m0251,49.7,1.180e-90,266.0
m0110,m0253,43.9,1.520e-66,209.0
m0110,m0258,43.2,1.350e-62,198.0
m0110,m0261,53.0,1.180e-92,271.0
m0110,m0263,52.5,5.030e-89,262.0
m0110,m0265,31.1,1.350e-18,76.6
m0110,m0266,45.5,1.910e-69,212.0
m0110,m0267,50.0,2.440e-82,243.0
m0110,m0271,55.0,8.790e-106,305.0
m0110,m0272,43.3,5.410e-69,211.0
m0110,m0273,35.1,5.370e-40,137.0
m0110,m0276,45.7,1.470e-60,194.0
m0110,m0277,33.1,5.830e-15,67.8
m0110,m0278,45.5,9.340e-66,206.0
m0110,m0280,43.5,1.380e-68,213.0
m0110,m0281,43.8,5.660e-64,202.0
m0110,m0282,45.7,2.260e-65,199.0
m0110,m0284,47.7,4.510e-78,234.0
m0110,m0287,35.8,2.990e-40,137.0
m0110,m0290,52.4,3.270e-87,258.0
m0110,m0292,49.3,1.840e-84,249.0
m0110,m0293,44.0,7.940e-67,209.0
m0110,m0294,44.9,4.870e-65,201.0
m0110,m0295,43.6,3.200e-64,202.0
m0110,m0297,56.2,2.170e-104,301.0
m0110,m0303,46.4,1.470e-86,255.0
m0110,m0304,50.7,2.780e-99,288.0
m0110,m0309,52.3,1.970e-96,281.0
m0110,m0311,51.1,2.820e-85,253.0
m0110,m0312,48.0,8.690e-82,243.0
m0110,m0314,44.3,1.130e-66,210.0
m0110,m0315,55.7,3.960e-110,316.0
m0110,m0317,57.0,2.170e-101,293.0
m0110,m0318,42.2,1.170e-62,199.0
m0110,m0320,46.0,9.220e-64,201.0
m0110,m0322,45.6,4.900e-68,213.0
m0110,m0324,44.5,2.040e-68,209.0
m0110,m0328,45.0,1.090e-66,206.0
m0110,m0329,56.0,1.000e-107,308.0
m0110,m0331,43.2,1.130e-64,203.0
m0110,m0332,56.4,3.020e-102,296.0
m0110,m0333,44.4,2.920e-68,214.0
m0110,m0335,45.4,6.160e-72,218.0
m0110,m0336,44.8,8.670e-68,208.0
m0110,m0337,52.0,4.280e-96,279.0
m0110,m0339,44.1,1.120e-59,191.0
m0110,m0340,44.2,4.330e-67,206.0
m0110,m0343,53.8,3.480e-98,285.0
m0110,m0344,44.4,3.180e-67,211.0
m0110,m0345,48.0,9.150e-83,246.0
m0110,m0347,43.2,1.590e-66,209.0
m0110,m0348,43.6,7.690e-67,210.0
m0110,m0349,44.1,6.200e-67,210.0
m0110,m0351,49.3,1.380e-83,248.0
m0110,m0354,50.2,3.290e-86,254.0
m0110,m0356,47.4,2.440e-80,240.0
m0110,m0363,42.8,1.970e-67,211.0
m0110,m0364,46.7,2.570e-81,242.0
m0110,m0365,44.3,2.530e-76,229.0
m0110,m0368,43.8,5.870e-72,218.0
m0110,m0369,36.1,2.130e-39,136.0
m0110,m0370,45.6,3.980e-66,204.0
m0110,m0371,40.3,8.300e-63,199.0
m0110,m0372,46.7,5.460e-84,249.0
m0110,m0377,50.0,1.470e-91,268.0
m0110,m0378,44.3,1.130e-66,210.0
m0110,m0380,53.3,2.400e-100,290.0
m0110,m0382,57.7,3.650e-105,303.0
m0110,m0383,45.1,8.870e-83,246.0
m0110,m0385,49.8,4.350e-87,258.0
m0110,m0387,46.9,1.160e-72,220.0
m0110,m0388,54.4,2.320e-104,301.0
m0110,m0390,57.2,4.230e-105,303.0
m0110,m0393,43.4,3.800e-66,209.0
m0110,m0394,49.5,4.700e-97,282.0
m0110,m0397,42.5,9.230e-64,202.0
m0110,m0399,42.9,2.560e-66,208.0
m0110,m0401,54.6,3.290e-106,305.0
m0110,m0404,42.2,1.720e-67,208.0
m0110,m0405,44.3,1.330e-69,215.0
m0110,m0407,46.6,2.160e-85,253.0
m0110,m0409,47.7,9.430e-79,236.0
m0110,m0411,56.5,3.280e-111,319.0
m0111,m0113,37.1,6.440e-52,167.0
m0111,m0136,35.3,6.550e-33,118.0
m0111,m0152,41.1,7.230e-62,193.0
m0111,m0165,34.0,1.220e-42,144.0
m0111,m0172,31.8,2.180e-31,114.0
m0111,m0180,37.6,2.670e-61,192.0
m0111,m0186,39.6,5.410e-47,155.0
m0111,m0190,42.5,4.270e-70,215.0
m0111,m0206,30.3,6.830e-33,118.0
m0111,m0208,43.9,1.860e-63,198.0
m0111,m0218,34.7,6.600e-37,129.0
m0111,m0219,35.4,1.020e-32,117.0
m0111,m0220,37.6,6.950e-54,173.0
m0111,m0224,39.2,2.700e-48,159.0
m0111,m0240,31.8,4.310e-38,131.0
m0111,m0245,43.3,5.680e-72,219.0
m0111,m0250,44.6,1.270e-73,223.0
m0111,m0255,33.6,6.810e-37,127.0
m0111,m0268,31.7,1.620e-29,109.0
m0111,m0275,47.4,3.200e-77,233.0
m0111,m0283,33.9,1.440e-40,139.0
m0111,m0286,41.0,4.210e-66,206.0
m0111,m0316,43.9,2.250e-63,198.0
m0111,m0321,43.5,8.030e-72,219.0
m0111,m0353,36.6,2.830e-48,157.0
m0111,m0357,33.1,1.440e-42,142.0
m0111,m0361,30.4,1.020e-36,127.0
m0111,m0379,31.2,7.810e-31,113.0
m0111,m0384,35.6,9.300e-40,136.0
m0111,m0386,39.2,1.990e-60,190.0
m0111,m0389,40.5,6.030e-59,186.0
m0111,m0403,40.3,2.180e-46,154.0
m0111,m0412,41.9,1.960e-66,205.0
m0112,m0114,49.0,4.060e-122,357.0
m0112,m0119,42.6,1.110e-60,194.0
m0112,m0121,44.3,5.850e-65,204.0
m0112,m0124,59.3,3.730e-101,297.0
m0112,m0125,41.7,1.470e-67,211.0
m0112,m0126,61.0,2.630e-179,501.0
m0112,m0129,39.8,2.690e-49,163.0
m0112,m0131,65.4,2.000e-194,540.0
m0112,m0132,51.0,7.320e-91,271.0
m0112,m0134,62.3,6.100e-127,364.0
m0112,m0135,47.7,3.890e-81,247.0
m0112,m0138,31.7,5.740e-30,112.0
m0112,m0139,54.0,3.570e-133,386.0
m0112,m0142,51.2,1.950e-82,249.0
m0112,m0145,41.1,1.990e-62,202.0
m0112,m0150,44.6,2.490e-69,216.0
m0112,m0155,50.6,7.380e-130,377.0
m0112,m0156,49.5,5.370e-84,254.0
m0112,m0158,72.9,5.760e-179,503.0
m0112,m0159,55.3,7.260e-118,347.0
m0112,m0160,40.0,2.770e-49,164.0
m0112,m0161,31.6,1.290e-29,110.0
m0112,m0162,72.3,2.730e-181,509.0
m0112,m0163,39.5,1.110e-49,164.0
m0112,m0164,64.8,2.850e-212,587.0
m0112,m0166,35.7,1.380e-40,141.0
m0112,m0167,45.4,2.050e-78,239.0
m0112,m0168,38.4,3.850e-52,171.0
m0112,m0169,47.7,5.740e-79,241.0
m0112,m0170,63.8,2.420e-190,530.0
m0112,m0171,37.7,1.290e-49,164.0
m0112,m0173,48.2,4.720e-120,351.0
m0112,m0174,64.6,3.890e-192,535.0
m0112,m0175,53.7,7.560e-133,384.0
m0112,m0176,39.5,1.170e-54,178.0
m0112,m0177,37.6,7.070e-52,171.0
m0112,m0179,51.0,5.210e-127,368.0
m0112,m0182,52.3,1.350e-142,410.0
m0112,m0183,64.5,1.140e-185,518.0
m0112,m0184,40.8,6.310e-55,179.0
m0112,m0185,31.5,3.400e-17,75.5
m0112,m0187,47.5,2.430e-72,223.0
m0112,m0188,64.4,2.640e-202,561.0
m0112,m0191,39.3,1.130e-52,172.0
m0112,m0192,48.8,1.560e-78,240.0
m0112,m0193,47.4,5.340e-79,242.0
m0112,m0194,41.7,1.420e-57,186.0
m0112,m0197,44.5,4.680e-75,231.0
m0112,m0198,57.2,3.540e-117,344.0
m0112,m0204,55.1,1.500e-105,311.0
m0112,m0205,76.1,7.360e-179,502.0
m0112,m0209,38.0,3.720e-53,173.0
m0112,m0212,58.7,1.880e-129,371.0
m0112,m0213,66.3,1.090e-182,511.0
m0112,m0214,73.9,3.970e-186,521.0
m0112,m0215,53.4,4.620e-121,353.0
m0112,m0225,50.0,6.810e-119,348.0
m0112,m0226,68.5,6.020e-176,494.0
m0112,m0227,30.6,3.230e-12,60.5
m0112,m0228,50.2,4.780e-81,245.0
m0112,m0229,46.9,3.650e-80,244.0
m0112,m0230,45.9,1.260e-80,245.0
m0112,m0231,44.8,6.000e-83,252.0
m0112,m0232,50.3,2.020e-88,265.0
m0112,m0233,52.4,1.200e-85,258.0
m0112,m0235,57.6,4.920e-123,356.0
m0112,m0236,68.2,8.270e-138,396.0
m0112,m0241,44.0,4.520e-72,223.0
m0112,m0242,37.9,3.080e-48,161.0
m0112,m0243,49.2,6.840e-122,356.0
m0112,m0244,44.9,4.400e-68,213.0
m0112,m0246,48.3,3.030e-82,249.0
m0112,m0247,68.8,8.230e-205,566.0
m0112,m0248,37.9,4.050e-47,158.0
m0112,m0251,43.3,1.390e-65,206.0
m0112,m0253,77.7,3.270e-191,534.0
m0112,m0258,73.8,2.550e-221,608.0
m0112,m0261,43.7,2.560e-82,250.0
m0112,m0263,39.3,5.410e-55,179.0
m0112,m0266,62.2,1.410e-122,352.0
m0112,m0267,47.5,2.590e-73,225.0
m0112,m0271,48.3,9.020e-84,254.0
m0112,m0272,43.6,6.200e-73,225.0
m0112,m0273,37.8,7.660e-38,135.0
m0112,m0276,50.6,4.130e-121,355.0
m0112,m0277,32.4,4.040e-16,72.0
m0112,m0278,53.3,2.310e-139,400.0
m0112,m0280,64.6,3.770e-195,541.0
m0112,m0281,49.5,5.360e-122,356.0
m0112,m0282,40.9,1.910e-51,167.0
m0112,m0284,39.4,2.210e-51,169.0
m0112,m0287,32.1,3.390e-29,110.0
m0112,m0290,39.2,2.750e-55,180.0
m0112,m0292,46.7,3.430e-70,218.0
m0112,m0293,60.8,7.550e-125,364.0
m0112,m0294,67.9,1.800e-137,391.0
m0112,m0295,56.5,3.130e-161,455.0
m0112,m0297,53.8,6.650e-93,276.0
m0112,m0303,44.1,5.780e-72,223.0
m0112,m0304,46.2,1.910e-79,243.0
m0112,m0309,49.1,1.190e-83,254.0
m0112,m0311,40.5,1.730e-56,183.0
m0112,m0312,38.6,1.350e-51,169.0
m0112,m0314,75.7,7.790e-183,513.0
m0112,m0315,46.4,2.900e-73,226.0
m0112,m0317,54.2,1.750e-92,275.0
m0112,m0318,56.5,1.560e-169,478.0
m0112,m0320,52.0,6.760e-118,345.0
m0112,m0322,70.2,1.250e-177,499.0
m0112,m0324,61.6,4.900e-123,354.0
m0112,m0328,64.8,3.620e-136,389.0
m0112,m0329,46.2,2.260e-69,215.0
m0112,m0331,65.7,7.400e-202,559.0
m0112,m0332,53.8,1.550e-94,281.0
m0112,m0333,75.7,1.440e-186,522.0
m0112,m0335,44.0,4.130e-56,181.0
m0112,m0336,62.0,1.830e-129,371.0
m0112,m0337,50.2,2.210e-81,246.0
m0112,m0339,51.4,2.200e-126,369.0
m0112,m0340,59.8,7.960e-124,356.0
m0112,m0343,40.9,1.260e-55,180.0
m0112,m0344,75.7,7.620e-189,528.0
m0112,m0345,51.5,2.040e-79,242.0
m0112,m0347,70.0,2.320e-189,529.0
m0112,m0348,75.6,6.290e-184,515.0
m0112,m0349,51.2,3.450e-133,386.0
m0112,m0351,39.1,1.960e-55,180.0
m0112,m0354,41.8,7.280e-59,189.0
m0112,m0356,38.3,7.730e-52,171.0
m0112,m0363,66.9,7.490e-172,484.0
m0112,m0364,40.9,2.070e-55,179.0
m0112,m0365,42.6,5.970e-71,220.0
m0112,m0368,44.9,1.920e-72,224.0
m0112,m0369,38.1,3.890e-36,130.0
m0112,m0370,60.5,6.990e-116,336.0
m0112,m0371,36.9,1.130e-41,147.0
m0112,m0372,46.5,4.100e-72,223.0
m0112,m0377,46.6,3.000e-78,239.0
m0112,m0378,75.0,2.730e-183,514.0
m0112,m0380,48.6,6.760e-80,243.0
m0112,m0382,47.6,1.450e-69,216.0
m0112,m0383,39.0,9.160e-59,189.0
m0112,m0385,42.3,4.450e-57,185.0
m0112,m0387,38.2,5.890e-51,168.0
m0112,m0388,46.7,4.370e-76,234.0
m0112,m0390,53.3,3.370e-88,265.0
m0112,m0393,75.4,4.720e-186,521.0
m0112,m0394,47.1,1.510e-77,237.0
m0112,m0396,31.6,4.790e-14,65.5
m0112,m0397,50.4,3.500e-119,351.0
m0112,m0399,84.7,9.530e-282,762.0
m0112,m0401,51.4,4.230e-91,272.0
m0112,m0404,56.8,3.740e-112,328.0
m0112,m0405,61.5,3.250e-123,357.0
m0112,m0407,40.5,1.290e-61,196.0
m0112,m0408,30.3,1.020e-07,47.4
m0112,m0409,37.9,2.140e-54,178.0
m0112,m0411,49.0,1.720e-84,256.0
m0113,m0136,30.4,8.570e-30,110.0
m0113,m0152,35.9,2.300e-45,151.0
m0113,m0165,33.7,1.910e-40,139.0
m0113,m0172,30.5,5.300e-29,108.0
m0113,m0180,35.5,4.640e-48,158.0
m0113,m0186,31.7,5.790e-40,137.0
m0113,m0190,39.1,2.480e-63,198.0
m0113,m0208,40.1,7.890e-63,197.0
m0113,m0218,31.6,2.870e-27,103.0
m0113,m0219,33.1,1.380e-31,115.0
m0113,m0220,38.3,4.730e-55,176.0
m0113,m0224,35.9,2.650e-43,147.0
m0113,m0245,36.9,1.910e-64,201.0
m0113,m0250,39.2,8.220e-60,188.0
m0113,m0255,38.5,4.640e-51,165.0
m0113,m0268,32.7,1.110e-29,110.0
m0113,m0275,42.8,2.010e-73,224.0
m0113,m0283,31.0,1.650e-33,120.0
m0113,m0286,38.6,8.200e-60,190.0
m0113,m0316,34.3,2.620e-51,167.0
m0113,m0321,40.1,3.070e-66,205.0
m0113,m0353,38.1,2.400e-60,189.0
m0113,m0357,41.9,2.740e-64,199.0
m0113,m0361,30.6,7.420e-26,99.0
m0113,m0379,31.7,3.830e-30,111.0
m0113,m0384,35.8,1.040e-43,147.0
m0113,m0386,35.7,4.130e-53,171.0
m0113,m0389,35.7,3.390e-51,166.0
m0113,m0403,36.4,2.390e-45,151.0
m0113,m0412,36.4,3.310e-51,166.0
m0114,m0119,43.9,1.870e-61,196.0
m0114,m0121,44.5,7.600e-61,193.0
m0114,m0124,53.9,5.560e-88,263.0
m0114,m0125,46.3,1.020e-73,227.0
m0114,m0126,54.8,5.980e-107,317.0
m0114,m0129,38.0,1.430e-48,160.0
m0114,m0131,51.6,7.770e-128,370.0
m0114,m0132,45.2,1.990e-77,236.0
m0114,m0134,56.3,1.330e-100,296.0
m0114,m0135,48.2,2.380e-81,247.0
m0114,m0139,58.6,5.050e-174,489.0
m0114,m0142,50.6,1.490e-77,236.0
m0114,m0145,43.4,1.290e-62,202.0
m0114,m0150,38.8,1.530e-58,187.0
m0114,m0155,57.4,3.060e-165,466.0
m0114,m0156,51.2,1.630e-84,255.0
m0114,m0158,57.9,2.290e-166,470.0
m0114,m0159,53.8,2.850e-162,459.0
m0114,m0160,39.6,5.140e-55,178.0
m0114,m0162,57.4,1.150e-165,469.0
m0114,m0163,38.4,9.050e-53,172.0
m0114,m0164,53.9,5.880e-133,384.0
m0114,m0166,38.3,1.020e-41,144.0
m0114,m0167,49.6,3.600e-81,246.0
m0114,m0168,38.3,5.540e-51,168.0
m0114,m0169,44.9,4.730e-73,226.0
m0114,m0170,51.3,4.890e-131,378.0
m0114,m0171,37.3,1.050e-46,156.0
m0114,m0173,57.9,8.750e-165,464.0
m0114,m0174,52.5,1.220e-126,367.0
m0114,m0175,64.9,9.440e-124,360.0
m0114,m0176,37.8,2.340e-53,174.0
m0114,m0177,38.7,1.420e-50,167.0
m0114,m0179,61.0,9.740e-171,479.0
m0114,m0182,46.7,4.940e-105,313.0
m0114,m0183,48.7,1.790e-122,357.0
m0114,m0184,40.8,3.490e-53,174.0
m0114,m0187,46.6,1.490e-69,215.0
m0114,m0188,53.2,7.670e-130,376.0
m0114,m0191,39.9,3.000e-52,171.0
m0114,m0192,46.2,4.610e-73,225.0
m0114,m0193,45.9,2.590e-78,239.0
m0114,m0194,38.6,7.760e-51,167.0
m0114,m0197,44.9,6.620e-77,236.0
m0114,m0198,53.6,5.210e-164,463.0
m0114,m0204,56.0,2.780e-104,307.0
m0114,m0205,59.0,5.840e-171,481.0
m0114,m0209,40.4,1.300e-53,174.0
m0114,m0212,59.5,3.370e-123,355.0
m0114,m0213,58.0,2.360e-150,428.0
m0114,m0214,56.8,5.640e-164,464.0
m0114,m0215,63.2,2.020e-171,481.0
m0114,m0225,56.9,5.230e-163,460.0
m0114,m0226,55.6,1.950e-162,459.0
m0114,m0228,50.4,1.310e-82,248.0
m0114,m0229,47.4,1.270e-82,250.0
m0114,m0230,46.1,4.740e-76,233.0
m0114,m0231,45.5,2.020e-79,243.0
m0114,m0232,51.5,3.440e-82,249.0
m0114,m0233,54.9,1.020e-85,258.0
m0114,m0235,62.8,1.340e-118,344.0
m0114,m0236,61.3,1.420e-181,507.0
m0114,m0241,46.3,1.070e-68,214.0
m0114,m0242,34.8,9.790e-44,149.0
m0114,m0243,58.0,3.290e-164,463.0
m0114,m0244,43.3,5.750e-64,202.0
m0114,m0246,49.1,1.650e-83,252.0
m0114,m0247,50.9,2.950e-124,360.0
m0114,m0248,40.0,1.870e-49,164.0
m0114,m0251,43.1,4.250e-63,199.0
m0114,m0253,58.4,3.340e-169,477.0
m0114,m0258,52.8,1.440e-125,364.0
m0114,m0261,46.3,2.080e-73,226.0
m0114,m0263,40.8,5.810e-58,186.0
m0114,m0266,54.4,9.130e-101,296.0
m0114,m0267,47.8,6.560e-76,231.0
m0114,m0271,46.3,9.710e-82,248.0
m0114,m0272,44.0,1.890e-70,218.0
m0114,m0273,33.8,4.180e-31,116.0
m0114,m0276,69.4,5.830e-221,608.0
m0114,m0278,49.5,9.690e-110,324.0
m0114,m0280,56.5,5.300e-129,372.0
m0114,m0281,66.8,8.220e-209,576.0
m0114,m0282,44.5,9.050e-57,181.0
m0114,m0284,38.8,2.830e-52,171.0
m0114,m0287,32.9,3.320e-27,104.0
m0114,m0290,40.2,5.140e-55,179.0
m0114,m0292,47.5,1.100e-70,218.0
m0114,m0293,58.3,6.210e-163,460.0
m0114,m0294,64.0,2.100e-119,344.0
m0114,m0295,48.6,7.580e-97,290.0
m0114,m0297,50.2,6.540e-83,250.0
m0114,m0303,47.5,4.810e-79,240.0
m0114,m0304,48.6,5.190e-78,238.0
m0114,m0309,49.3,1.230e-75,233.0
m0114,m0311,39.8,1.340e-54,177.0
m0114,m0312,38.4,2.900e-49,162.0
m0114,m0314,57.3,3.850e-166,469.0
m0114,m0315,45.0,7.630e-69,214.0
m0114,m0317,50.0,1.360e-81,247.0
m0114,m0318,43.8,8.090e-104,310.0
m0114,m0320,87.3,6.820e-287,773.0
m0114,m0322,58.9,1.850e-172,485.0
m0114,m0324,54.6,5.770e-99,292.0
m0114,m0328,65.7,1.140e-130,374.0
m0114,m0329,45.7,5.440e-66,206.0
m0114,m0331,51.8,3.410e-129,374.0
m0114,m0332,50.5,4.810e-86,259.0
m0114,m0333,57.8,2.040e-169,478.0
m0114,m0335,44.9,6.090e-59,188.0
m0114,m0336,65.1,8.180e-124,356.0
m0114,m0337,46.6,7.440e-75,229.0
m0114,m0339,69.0,3.540e-222,611.0
m0114,m0340,56.1,4.560e-103,302.0
m0114,m0343,43.0,8.680e-60,190.0
m0114,m0344,58.3,7.160e-170,479.0
m0114,m0345,49.0,3.950e-78,238.0
m0114,m0347,57.8,2.360e-167,473.0
m0114,m0348,58.5,7.730e-168,474.0
m0114,m0349,60.7,4.750e-123,359.0
m0114,m0351,37.7,5.270e-49,163.0
m0114,m0354,41.5,7.370e-58,186.0
m0114,m0356,40.5,5.960e-50,166.0
m0114,m0363,56.0,3.400e-163,461.0
m0114,m0364,41.2,1.210e-61,195.0
m0114,m0365,45.9,5.020e-78,238.0
m0114,m0368,46.0,5.480e-74,228.0
m0114,m0369,34.6,2.770e-34,125.0
m0114,m0370,76.2,2.970e-153,430.0
m0114,m0371,32.1,3.040e-34,126.0
m0114,m0372,42.8,4.940e-69,214.0
m0114,m0377,45.0,2.240e-73,226.0
m0114,m0378,57.0,1.100e-165,468.0
m0114,m0380,49.3,2.630e-81,246.0
m0114,m0382,45.3,3.130e-67,210.0
m0114,m0383,39.1,2.050e-50,167.0
m0114,m0385,40.3,8.860e-56,181.0
m0114,m0387,39.2,1.590e-55,179.0
m0114,m0388,47.9,3.350e-74,229.0
m0114,m0390,49.3,1.290e-80,244.0
m0114,m0393,58.9,4.080e-170,480.0
m0114,m0394,48.2,1.060e-82,250.0
m0114,m0397,52.7,2.180e-160,455.0
m0114,m0399,50.1,1.480e-121,355.0
m0114,m0401,50.2,1.460e-84,254.0
m0114,m0404,50.7,3.760e-113,330.0
m0114,m0405,64.6,5.450e-120,348.0
m0114,m0407,40.6,8.480e-62,196.0
m0114,m0409,39.3,7.900e-54,176.0
m0114,m0411,48.4,6.590e-86,259.0
m0115,m0133,34.6,2.040e-09,51.6
m0115,m0148,34.7,3.040e-06,42.0
m0115,m0149,31.3,6.700e-08,47.0
m0115,m0207,41.7,1.770e-42,143.0
m0115,m0223,46.2,1.140e-63,203.0
m0115,m0288,47.4,2.140e-58,189.0
m0115,m0360,42.0,9.650e-57,186.0
m0115,m0391,37.1,2.290e-37,134.0
m0115,m0398,45.3,2.890e-48,162.0
m0115,m0410,46.2,2.810e-65,207.0
m0116,m0146,39.9,2.160e-29,114.0
m0116,m0151,32.7,1.380e-45,159.0
m0116,m0189,30.4,3.220e-41,147.0
m0116,m0238,39.4,1.200e-83,259.0
m0116,m0270,31.2,1.460e-38,140.0
m0116,m0326,30.2,1.570e-32,122.0
m0116,m0358,36.0,3.950e-22,92.8
m0116,m0362,52.7,1.440e-147,422.0
m0117,m0319,33.0,1.160e-44,152.0
m0118,m0127,42.6,1.760e-44,141.0
m0119,m0121,46.8,1.610e-77,233.0
m0119,m0124,56.5,1.470e-102,296.0
m0119,m0125,50.7,3.910e-98,286.0
m0119,m0126,43.1,1.470e-59,191.0
m0119,m0129,39.5,3.430e-53,170.0
m0119,m0131,40.9,5.560e-62,197.0
m0119,m0132,52.5,8.310e-98,285.0
m0119,m0134,42.4,7.380e-65,201.0
m0119,m0135,55.2,6.520e-102,296.0
m0119,m0139,41.3,2.370e-62,199.0
m0119,m0142,57.5,8.620e-103,296.0
m0119,m0145,42.0,7.670e-68,213.0
m0119,m0150,46.1,2.170e-79,238.0
m0119,m0155,43.4,2.830e-65,206.0
m0119,m0156,50.8,8.990e-89,262.0
m0119,m0158,43.7,1.750e-63,202.0
m0119,m0159,40.7,6.800e-60,192.0
m0119,m0160,41.0,5.640e-65,201.0
m0119,m0162,42.5,9.520e-62,198.0
m0119,m0163,45.9,2.170e-65,202.0
m0119,m0164,40.1,1.190e-64,205.0
m0119,m0166,43.3,6.770e-58,184.0
m0119,m0167,46.8,1.290e-86,256.0
m0119,m0168,42.3,1.610e-59,187.0
m0119,m0169,53.3,6.320e-101,293.0
m0119,m0170,39.3,3.130e-63,200.0
m0119,m0171,42.4,3.620e-65,201.0
m0119,m0173,39.0,2.210e-58,188.0
m0119,m0174,39.3,1.470e-63,201.0
m0119,m0175,42.1,1.660e-65,207.0
m0119,m0176,42.7,4.350e-62,194.0
m0119,m0177,38.9,1.450e-56,180.0
m0119,m0179,42.6,1.440e-65,206.0
m0119,m0182,42.9,1.540e-62,199.0
m0119,m0183,45.1,2.420e-64,203.0
m0119,m0184,42.1,4.070e-60,189.0
m0119,m0187,58.6,5.390e-105,302.0
m0119,m0188,41.8,7.700e-65,205.0
m0119,m0191,43.3,9.230e-66,202.0
m0119,m0192,44.6,2.190e-77,233.0
m0119,m0193,58.1,6.900e-105,304.0
m0119,m0194,39.7,3.550e-58,184.0
m0119,m0197,48.0,5.850e-81,243.0
m0119,m0198,36.4,1.520e-52,173.0
m0119,m0204,37.6,4.010e-54,174.0
m0119,m0205,43.0,2.300e-63,202.0
m0119,m0209,38.6,3.030e-53,170.0
m0119,m0212,41.4,2.680e-62,195.0
m0119,m0213,44.8,1.190e-66,209.0
m0119,m0214,44.4,2.730e-64,204.0
m0119,m0215,42.0,3.290e-55,179.0
m0119,m0225,37.8,1.240e-54,178.0
m0119,m0226,43.0,4.880e-64,203.0
m0119,m0228,62.0,7.570e-107,306.0
m0119,m0229,54.9,3.390e-103,299.0
m0119,m0230,45.5,6.010e-80,239.0
m0119,m0231,59.4,1.050e-110,319.0
m0119,m0232,58.8,2.110e-101,294.0
m0119,m0233,54.4,2.680e-103,299.0
m0119,m0235,42.2,1.210e-59,189.0
m0119,m0236,42.0,5.360e-66,207.0
m0119,m0241,52.0,5.470e-105,303.0
m0119,m0242,40.2,2.110e-62,194.0
m0119,m0243,41.6,4.610e-65,205.0
m0119,m0244,41.4,9.370e-71,216.0
m0119,m0246,53.9,3.990e-107,309.0
m0119,m0247,41.6,1.410e-65,206.0
m0119,m0248,41.6,1.230e-63,198.0
m0119,m0251,43.4,3.480e-73,222.0
m0119,m0253,42.6,2.440e-64,204.0
m0119,m0258,44.9,3.530e-66,208.0
m0119,m0261,54.5,1.680e-102,297.0
m0119,m0263,39.7,1.280e-66,206.0
m0119,m0266,43.1,1.070e-61,192.0
m0119,m0267,49.4,7.580e-86,253.0
m0119,m0271,53.8,3.770e-107,309.0
m0119,m0272,41.7,4.260e-73,222.0
m0119,m0273,32.6,4.920e-31,114.0
m0119,m0276,40.1,6.080e-63,201.0
m0119,m0278,42.8,1.270e-61,196.0
m0119,m0280,42.9,4.990e-65,204.0
m0119,m0281,41.7,1.070e-63,202.0
m0119,m0282,41.6,2.820e-56,177.0
m0119,m0284,38.0,6.760e-59,185.0
m0119,m0287,34.5,6.070e-34,120.0
m0119,m0290,39.9,8.060e-65,201.0
m0119,m0291,30.3,1.640e-20,84.0
m0119,m0292,48.4,1.320e-86,256.0
m0119,m0293,44.1,1.390e-67,212.0
m0119,m0294,43.2,1.250e-64,201.0
m0119,m0295,38.9,1.270e-54,177.0
m0119,m0297,55.2,9.690e-103,297.0
m0119,m0303,52.0,1.660e-95,279.0
m0119,m0304,53.3,5.930e-106,306.0
m0119,m0309,52.2,5.620e-96,281.0
m0119,m0311,41.4,9.180e-60,188.0
m0119,m0312,42.1,6.460e-61,190.0
m0119,m0314,44.8,9.200e-65,206.0
m0119,m0315,52.9,1.920e-105,305.0
m0119,m0317,53.0,7.790e-99,287.0
m0119,m0318,38.9,5.620e-53,174.0
m0119,m0320,42.0,2.440e-59,190.0
m0119,m0322,43.7,6.700e-64,203.0
m0119,m0324,44.2,5.180e-65,201.0
m0119,m0328,43.7,9.330e-68,209.0
m0119,m0329,55.9,1.380e-102,296.0
m0119,m0331,41.2,9.860e-66,207.0
m0119,m0332,52.5,1.540e-99,290.0
m0119,m0333,44.1,2.800e-64,204.0
m0119,m0335,43.3,2.280e-65,201.0
m0119,m0336,42.9,1.300e-69,214.0
m0119,m0337,51.3,1.900e-99,288.0
m0119,m0339,39.4,1.960e-60,194.0
m0119,m0340,41.9,3.040e-63,197.0
m0119,m0343,44.5,1.330e-76,230.0
m0119,m0344,44.8,7.180e-65,206.0
m0119,m0345,44.1,5.790e-75,227.0
m0119,m0347,44.1,1.400e-63,202.0
m0119,m0348,42.7,1.550e-61,197.0
m0119,m0349,42.4,7.110e-65,206.0
m0119,m0351,38.7,2.740e-59,187.0
m0119,m0354,39.7,1.440e-64,200.0
m0119,m0356,43.4,4.950e-68,209.0
m0119,m0363,44.8,1.620e-65,207.0
m0119,m0364,71.2,2.750e-149,415.0
m0119,m0365,46.8,3.960e-80,239.0
m0119,m0368,40.6,1.670e-73,223.0
m0119,m0369,34.6,1.250e-28,107.0
m0119,m0370,40.9,1.120e-61,193.0
m0119,m0371,30.5,1.090e-30,114.0
m0119,m0372,64.8,7.670e-131,369.0
m0119,m0377,52.8,2.340e-100,291.0
m0119,m0378,43.2,1.400e-63,202.0
m0119,m0380,53.7,4.960e-102,295.0
m0119,m0382,50.5,5.940e-91,267.0
m0119,m0383,40.0,2.800e-60,189.0
m0119,m0385,40.1,3.740e-62,194.0
m0119,m0387,37.8,2.490e-55,176.0
m0119,m0388,60.9,4.670e-114,327.0
m0119,m0390,55.0,1.430e-100,292.0
m0119,m0393,42.9,1.800e-62,200.0
m0119,m0394,54.8,9.700e-99,287.0
m0119,m0397,38.8,7.220e-57,185.0
m0119,m0399,43.8,2.460e-62,199.0
m0119,m0401,56.7,2.760e-107,309.0
m0119,m0404,39.3,1.510e-54,176.0
m0119,m0405,41.9,1.080e-64,203.0
m0119,m0407,40.6,8.230e-65,201.0
m0119,m0409,39.6,4.560e-61,192.0
m0119,m0411,56.6,5.010e-108,311.0
m0120,m0256,38.3,2.220e-17,77.0
m0121,m0124,57.6,8.670e-102,293.0
m0121,m0125,51.2,3.200e-92,270.0
m0121,m0126,44.0,2.730e-64,202.0
m0121,m0129,46.2,1.800e-72,218.0
m0121,m0131,43.3,2.650e-63,199.0
m0121,m0132,53.4,1.310e-99,288.0
m0121,m0134,41.8,3.490e-63,196.0
m0121,m0135,50.7,1.640e-89,263.0
m0121,m0138,33.6,7.040e-32,114.0
m0121,m0139,42.0,1.560e-59,191.0
m0121,m0142,53.9,1.930e-94,274.0
m0121,m0145,55.1,1.180e-102,301.0
m0121,m0150,49.1,2.160e-90,265.0
m0121,m0155,41.3,1.420e-57,185.0
m0121,m0156,48.9,2.610e-80,239.0
m0121,m0158,40.1,2.440e-59,190.0
m0121,m0159,42.3,9.260e-65,204.0
m0121,m0160,43.1,1.800e-64,199.0
m0121,m0161,33.5,4.390e-34,119.0
m0121,m0162,41.8,6.080e-59,190.0
m0121,m0163,45.9,4.920e-79,236.0
m0121,m0164,41.9,4.350e-61,194.0
m0121,m0166,44.2,1.330e-61,192.0
m0121,m0167,47.5,2.700e-86,254.0
m0121,m0168,45.3,1.150e-80,240.0
m0121,m0169,54.4,2.280e-98,286.0
m0121,m0170,44.5,1.350e-65,205.0
m0121,m0171,47.2,1.020e-79,238.0
m0121,m0173,39.9,1.380e-56,182.0
m0121,m0174,41.7,1.180e-58,187.0
m0121,m0175,45.5,6.670e-61,194.0
m0121,m0176,48.0,2.690e-81,242.0
m0121,m0177,41.6,2.030e-75,227.0
m0121,m0179,41.9,3.320e-60,191.0
m0121,m0182,43.8,7.350e-64,202.0
m0121,m0183,42.1,3.860e-59,189.0
m0121,m0184,48.7,3.560e-82,244.0
m0121,m0187,56.0,4.850e-101,291.0
m0121,m0188,43.1,5.130e-62,197.0
m0121,m0191,52.3,7.630e-90,263.0
m0121,m0192,45.8,1.700e-74,224.0
m0121,m0193,51.9,2.960e-98,286.0
m0121,m0194,44.4,8.460e-78,233.0
m0121,m0197,47.2,1.110e-75,228.0
m0121,m0198,43.1,4.190e-66,207.0
m0121,m0204,39.5,1.340e-52,169.0
m0121,m0205,41.8,5.030e-62,197.0
m0121,m0209,45.2,9.420e-69,209.0
m0121,m0212,44.4,1.600e-64,200.0
m0121,m0213,42.5,1.900e-61,195.0
m0121,m0214,41.7,3.800e-60,192.0
m0121,m0215,42.9,8.440e-61,193.0
m0121,m0225,42.3,1.520e-61,195.0
m0121,m0226,42.8,1.790e-64,203.0
m0121,m0228,55.6,8.480e-99,285.0
m0121,m0229,56.7,1.130e-108,312.0
m0121,m0230,48.7,8.200e-78,233.0
m0121,m0231,54.3,1.260e-98,287.0
m0121,m0232,56.1,7.390e-102,294.0
m0121,m0233,53.8,4.750e-99,287.0
m0121,m0235,43.0,7.410e-62,194.0
m0121,m0236,43.6,1.020e-62,198.0
m0121,m0241,52.6,1.430e-102,296.0
m0121,m0242,46.4,1.480e-80,240.0
m0121,m0243,40.1,2.800e-55,179.0
m0121,m0244,55.5,6.170e-106,305.0
m0121,m0246,53.0,3.670e-100,290.0
m0121,m0247,43.1,4.020e-65,204.0
m0121,m0248,49.3,1.600e-84,250.0
m0121,m0251,47.4,2.630e-84,249.0
m0121,m0253,41.8,5.140e-59,189.0
m0121,m0258,41.4,1.230e-59,190.0
m0121,m0261,51.0,6.460e-92,269.0
m0121,m0263,50.5,3.890e-88,259.0
m0121,m0266,44.1,3.460e-67,206.0
m0121,m0267,47.0,1.550e-75,226.0
m0121,m0271,53.0,2.210e-103,298.0
m0121,m0272,42.7,2.400e-70,214.0
m0121,m0273,35.4,3.170e-37,130.0
m0121,m0276,42.7,6.760e-62,197.0
m0121,m0277,35.5,9.350e-13,61.2
m0121,m0278,41.8,1.310e-57,185.0
m0121,m0280,44.8,1.580e-63,199.0
m0121,m0281,42.8,9.150e-66,206.0
m0121,m0282,46.2,1.680e-62,192.0
m0121,m0284,48.7,3.770e-74,223.0
m0121,m0287,35.9,2.510e-38,131.0
m0121,m0290,48.3,6.080e-82,244.0
m0121,m0292,50.0,5.240e-84,248.0
m0121,m0293,42.5,2.610e-60,192.0
m0121,m0294,40.7,4.780e-62,193.0
m0121,m0295,46.3,1.270e-59,189.0
m0121,m0297,54.3,1.140e-101,293.0
m0121,m0303,48.8,3.380e-85,251.0
m0121,m0304,57.1,3.040e-103,298.0
m0121,m0309,49.8,1.610e-92,271.0
m0121,m0311,49.6,1.620e-81,243.0
m0121,m0312,48.9,1.530e-82,244.0
m0121,m0314,41.8,4.630e-61,195.0
m0121,m0315,52.4,3.070e-104,300.0
m0121,m0317,56.5,3.030e-101,292.0
m0121,m0318,38.8,1.570e-58,188.0
m0121,m0320,45.1,1.530e-61,195.0
m0121,m0322,40.5,3.160e-61,195.0
m0121,m0324,42.8,1.260e-69,212.0
m0121,m0328,43.0,1.490e-63,197.0
m0121,m0329,56.0,6.130e-104,298.0
m0121,m0331,45.2,1.880e-62,197.0
m0121,m0332,57.1,3.280e-106,305.0
m0121,m0333,43.3,7.110e-61,194.0
m0121,m0335,51.0,1.210e-74,224.0
m0121,m0336,43.3,2.700e-66,204.0
m0121,m0337,55.1,3.940e-99,286.0
m0121,m0339,43.1,9.500e-62,196.0
m0121,m0340,45.8,3.810e-65,201.0
m0121,m0343,54.6,6.010e-99,286.0
m0121,m0344,42.9,1.300e-61,196.0
m0121,m0345,44.1,1.400e-73,222.0
m0121,m0347,41.3,1.380e-59,191.0
m0121,m0348,41.1,7.480e-63,199.0
m0121,m0349,43.0,7.880e-64,202.0
m0121,m0351,47.6,8.600e-82,243.0
m0121,m0354,50.0,1.240e-88,260.0
m0121,m0356,48.0,4.730e-80,239.0
m0121,m0363,40.7,1.170e-61,196.0
m0121,m0364,46.0,5.170e-81,241.0
m0121,m0365,43.7,5.120e-76,228.0
m0121,m0368,42.4,2.630e-70,214.0
m0121,m0369,35.7,2.970e-40,138.0
m0121,m0370,44.9,2.770e-66,204.0
m0121,m0371,40.7,2.710e-60,192.0
m0121,m0372,46.2,4.060e-81,241.0
m0121,m0377,51.2,3.070e-93,272.0
m0121,m0378,42.5,1.940e-59,191.0
m0121,m0380,53.8,6.300e-98,284.0
m0121,m0382,57.7,1.170e-108,311.0
m0121,m0383,46.6,1.380e-81,243.0
m0121,m0385,47.9,2.710e-85,253.0
m0121,m0387,46.9,1.470e-73,222.0
m0121,m0388,51.9,6.530e-91,267.0
m0121,m0390,55.6,3.120e-102,295.0
m0121,m0393,40.7,6.370e-59,189.0
m0121,m0394,49.7,1.120e-92,271.0
m0121,m0397,44.0,5.940e-65,205.0
m0121,m0399,44.0,2.330e-63,200.0
m0121,m0401,56.1,9.190e-106,304.0
m0121,m0404,41.4,8.380e-65,201.0
m0121,m0405,42.3,3.810e-62,195.0
m0121,m0407,44.6,2.120e-77,232.0
m0121,m0409,43.7,6.810e-73,221.0
m0121,m0411,56.7,2.350e-108,311.0
m0123,m0396,32.0,1.730e-22,88.2
m0124,m0125,57.9,3.000e-113,322.0
m0124,m0126,58.8,5.410e-106,308.0
m0124,m0129,44.4,1.250e-71,216.0
m0124,m0131,56.9,5.570e-102,298.0
m0124,m0132,74.0,5.710e-147,407.0
m0124,m0134,57.1,6.660e-107,307.0
m0124,m0135,61.9,1.770e-119,338.0
m0124,m0138,30.2,2.610e-27,102.0
m0124,m0139,57.0,1.650e-96,285.0
m0124,m0142,65.6,9.350e-130,363.0
m0124,m0145,50.2,1.690e-89,266.0
m0124,m0150,56.8,8.490e-106,303.0
m0124,m0155,58.2,1.400e-103,303.0
m0124,m0156,57.6,2.380e-107,308.0
m0124,m0158,56.9,3.050e-95,282.0
m0124,m0159,53.4,1.860e-91,272.0
m0124,m0160,46.4,3.950e-73,220.0
m0124,m0161,31.6,2.670e-29,106.0
m0124,m0162,55.0,1.170e-92,276.0
m0124,m0163,51.9,5.950e-89,260.0
m0124,m0164,58.1,3.480e-102,300.0
m0124,m0166,42.7,1.550e-58,184.0
m0124,m0167,56.6,2.270e-113,323.0
m0124,m0168,45.2,1.840e-72,219.0
m0124,m0169,70.8,1.820e-139,389.0
m0124,m0170,57.7,3.710e-99,291.0
m0124,m0171,53.4,3.230e-87,256.0
m0124,m0173,51.9,3.120e-92,273.0
m0124,m0174,53.6,2.500e-91,271.0
m0124,m0175,60.6,5.250e-107,311.0
m0124,m0176,45.1,2.950e-76,228.0
m0124,m0177,44.9,2.560e-77,231.0
m0124,m0179,57.0,3.120e-98,288.0
m0124,m0182,56.5,1.570e-101,298.0
m0124,m0183,56.9,4.580e-99,291.0
m0124,m0184,47.3,5.040e-75,225.0
m0124,m0187,64.0,7.230e-121,340.0
m0124,m0188,57.2,2.190e-102,300.0
m0124,m0191,49.4,6.030e-80,237.0
m0124,m0192,56.9,2.190e-99,287.0
m0124,m0193,62.6,4.920e-127,358.0
m0124,m0194,44.1,1.340e-69,211.0
m0124,m0197,53.7,6.280e-102,294.0
m0124,m0198,51.1,1.390e-87,262.0
m0124,m0204,50.7,1.410e-86,256.0
m0124,m0205,57.6,3.500e-96,285.0
m0124,m0209,44.7,1.140e-68,208.0
m0124,m0212,53.5,7.060e-92,269.0
m0124,m0213,58.4,3.530e-97,286.0
m0124,m0214,58.3,3.830e-95,282.0
m0124,m0215,55.4,2.700e-83,250.0
m0124,m0225,54.1,1.780e-84,254.0
m0124,m0226,56.9,1.960e-96,285.0
m0124,m0228,69.6,3.200e-133,372.0
m0124,m0229,65.9,1.200e-130,367.0
m0124,m0230,52.5,2.190e-99,287.0
m0124,m0231,65.8,1.490e-127,360.0
m0124,m0232,70.6,3.720e-141,393.0
m0124,m0233,69.6,2.300e-136,381.0
m0124,m0235,54.2,5.110e-92,270.0
m0124,m0236,57.1,1.120e-104,305.0
m0124,m0241,60.6,4.670e-114,325.0
m0124,m0242,47.1,1.480e-73,221.0
m0124,m0243,54.9,1.570e-97,287.0
m0124,m0244,54.4,4.250e-97,281.0
m0124,m0246,65.7,1.130e-133,374.0
m0124,m0247,58.1,7.540e-99,290.0
m0124,m0248,49.8,1.350e-81,242.0
m0124,m0251,56.0,1.630e-101,292.0
m0124,m0253,58.3,2.350e-95,283.0
m0124,m0258,56.9,9.810e-100,292.0
m0124,m0261,59.8,1.720e-117,333.0
m0124,m0263,49.3,2.140e-83,247.0
m0124,m0266,56.9,1.060e-103,298.0
m0124,m0267,59.1,9.920e-108,307.0
m0124,m0271,65.8,5.430e-129,363.0
m0124,m0272,50.2,2.080e-83,246.0
m0124,m0273,35.9,7.570e-38,131.0
m0124,m0276,53.0,9.650e-90,268.0
m0124,m0278,53.5,2.970e-87,261.0
m0124,m0280,57.4,7.890e-103,300.0
m0124,m0281,52.3,4.650e-89,265.0
m0124,m0282,47.3,1.970e-68,206.0
m0124,m0284,46.0,8.380e-77,229.0
m0124,m0287,33.6,2.560e-36,125.0
m0124,m0290,49.2,1.970e-81,242.0
m0124,m0292,58.3,3.280e-106,304.0
m0124,m0293,55.2,6.500e-100,293.0
m0124,m0294,56.7,4.020e-97,282.0
m0124,m0295,59.3,4.090e-101,295.0
m0124,m0297,73.2,8.880e-145,402.0
m0124,m0303,55.7,1.800e-103,297.0
m0124,m0304,64.8,3.020e-128,361.0
m0124,m0309,65.6,1.210e-122,347.0
m0124,m0311,49.8,5.700e-83,246.0
m0124,m0312,45.2,3.030e-73,220.0
m0124,m0314,58.3,2.490e-95,283.0
m0124,m0315,61.7,1.640e-114,326.0
m0124,m0317,76.1,7.860e-150,415.0
m0124,m0318,48.6,1.590e-84,254.0
m0124,m0320,54.5,3.770e-86,258.0
m0124,m0322,58.0,1.190e-97,288.0
m0124,m0324,57.0,1.070e-105,303.0
m0124,m0328,55.3,1.410e-95,279.0
m0124,m0329,62.5,4.390e-117,331.0
m0124,m0331,56.6,2.660e-102,299.0
m0124,m0332,78.7,2.050e-155,429.0
m0124,m0333,58.0,8.730e-97,286.0
m0124,m0335,51.5,1.010e-82,244.0
m0124,m0336,56.3,4.870e-100,290.0
m0124,m0337,70.8,6.750e-144,399.0
m0124,m0339,52.1,4.330e-88,264.0
m0124,m0340,56.8,4.670e-104,299.0
m0124,m0343,50.7,9.850e-89,259.0
m0124,m0344,57.6,3.490e-96,285.0
m0124,m0345,54.6,1.390e-100,290.0
m0124,m0347,58.4,1.950e-97,288.0
m0124,m0348,58.0,2.940e-96,285.0
m0124,m0349,58.4,6.070e-102,299.0
m0124,m0351,46.7,2.440e-82,244.0
m0124,m0354,50.0,3.420e-84,248.0
m0124,m0356,49.8,2.370e-81,242.0
m0124,m0363,56.9,8.890e-95,281.0
m0124,m0364,52.8,2.660e-102,294.0
m0124,m0365,50.6,7.380e-95,275.0
m0124,m0368,52.8,3.350e-98,284.0
m0124,m0369,36.1,4.170e-37,129.0
m0124,m0370,54.4,4.470e-93,271.0
m0124,m0371,39.0,9.430e-50,164.0
m0124,m0372,58.1,1.330e-110,315.0
m0124,m0377,70.0,6.190e-135,377.0
m0124,m0378,57.2,3.510e-95,282.0
m0124,m0380,63.9,1.430e-126,356.0
m0124,m0382,59.7,5.220e-108,309.0
m0124,m0383,47.9,1.160e-78,235.0
m0124,m0385,45.6,1.230e-76,230.0
m0124,m0387,47.6,5.030e-78,233.0
m0124,m0388,63.4,4.280e-122,345.0
m0124,m0390,70.6,8.480e-139,387.0
m0124,m0393,57.2,1.100e-95,284.0
m0124,m0394,64.4,4.490e-127,357.0
m0124,m0397,53.1,9.440e-89,266.0
m0124,m0399,60.2,5.480e-100,294.0
m0124,m0401,73.5,4.180e-150,416.0
m0124,m0404,52.5,1.150e-88,261.0
m0124,m0405,56.5,2.190e-102,298.0
m0124,m0407,52.2,1.850e-92,270.0
m0124,m0409,45.9,6.130e-75,226.0
m0124,m0411,68.7,6.850e-135,378.0
m0125,m0126,47.7,1.660e-80,244.0
m0125,m0129,44.4,1.590e-60,188.0
m0125,m0131,45.4,3.170e-73,225.0
m0125,m0132,54.1,2.040e-102,295.0
m0125,m0134,47.8,2.630e-81,243.0
m0125,m0135,56.5,2.290e-113,324.0
m0125,m0138,33.2,2.180e-29,108.0
m0125,m0139,44.9,3.590e-71,221.0
m0125,m0142,67.2,2.470e-125,353.0
m0125,m0145,49.4,2.580e-86,259.0
m0125,m0150,48.4,9.610e-88,258.0
m0125,m0155,45.3,2.020e-74,229.0
m0125,m0156,54.7,3.660e-107,308.0
m0125,m0158,43.0,1.930e-68,214.0
m0125,m0159,45.4,4.840e-77,236.0
m0125,m0160,46.0,2.440e-77,232.0
m0125,m0161,33.6,9.950e-33,116.0
m0125,m0162,44.6,7.810e-71,221.0
m0125,m0163,47.4,2.110e-76,229.0
m0125,m0164,43.5,1.210e-73,227.0
m0125,m0166,43.3,7.970e-65,201.0
m0125,m0167,54.0,2.520e-108,311.0
m0125,m0168,46.0,4.570e-76,229.0
m0125,m0169,59.1,1.290e-123,350.0
m0125,m0170,44.8,3.090e-72,223.0
m0125,m0171,45.2,1.200e-68,209.0
m0125,m0173,43.6,3.590e-70,218.0
m0125,m0174,45.6,2.370e-74,228.0
m0125,m0175,46.6,1.040e-75,232.0
m0125,m0176,45.4,9.090e-81,241.0
m0125,m0177,44.4,3.480e-83,247.0
m0125,m0179,46.2,7.400e-71,219.0
m0125,m0182,47.9,4.560e-81,246.0
m0125,m0183,46.8,6.000e-74,227.0
m0125,m0184,43.6,2.290e-76,229.0
m0125,m0187,64.6,4.020e-118,334.0
m0125,m0188,46.6,3.520e-75,231.0
m0125,m0191,47.1,2.410e-79,236.0
m0125,m0192,47.7,8.530e-87,256.0
m0125,m0193,60.0,8.440e-124,351.0
m0125,m0194,40.6,6.660e-73,221.0
m0125,m0197,53.4,8.940e-100,290.0
m0125,m0198,44.4,1.090e-71,222.0
m0125,m0204,42.7,5.830e-63,196.0
m0125,m0205,44.8,1.050e-70,220.0
m0125,m0209,45.3,1.250e-64,199.0
m0125,m0212,46.7,5.170e-76,229.0
m0125,m0213,44.1,2.680e-70,218.0
m0125,m0214,43.8,5.430e-70,218.0
m0125,m0215,47.3,1.280e-61,195.0
m0125,m0225,42.9,5.380e-64,202.0
m0125,m0226,45.2,5.040e-73,226.0
m0125,m0228,65.2,1.090e-124,351.0
m0125,m0229,60.6,9.660e-126,355.0
m0125,m0230,53.7,7.170e-106,305.0
m0125,m0231,61.9,9.510e-127,358.0
m0125,m0232,59.6,8.560e-117,332.0
m0125,m0233,57.5,2.100e-111,318.0
m0125,m0235,42.7,2.050e-69,213.0
m0125,m0236,48.3,4.030e-74,228.0
m0125,m0241,57.0,1.190e-112,322.0
m0125,m0242,44.0,4.300e-73,221.0
m0125,m0243,43.5,1.220e-70,219.0
m0125,m0244,47.7,2.940e-90,265.0
m0125,m0246,62.5,4.080e-125,353.0
m0125,m0247,46.4,3.260e-72,222.0
m0125,m0248,46.6,1.340e-84,251.0
m0125,m0251,48.8,3.340e-86,254.0
m0125,m0253,43.1,1.890e-69,217.0
m0125,m0258,46.3,8.410e-76,232.0
m0125,m0261,58.7,3.300e-118,336.0
m0125,m0263,47.2,1.020e-81,243.0
m0125,m0266,47.4,2.940e-78,234.0
m0125,m0267,55.3,1.560e-99,287.0
m0125,m0271,60.6,8.800e-124,350.0
m0125,m0272,47.7,1.530e-83,248.0
m0125,m0273,31.4,2.660e-36,127.0
m0125,m0276,44.5,4.160e-73,226.0
m0125,m0278,46.6,8.090e-69,214.0
m0125,m0280,45.8,5.820e-72,221.0
m0125,m0281,43.9,3.010e-72,223.0
m0125,m0282,54.5,3.330e-82,242.0
m0125,m0284,41.9,4.170e-63,195.0
m0125,m0287,32.6,8.660e-42,140.0
m0125,m0290,51.7,6.920e-85,251.0
m0125,m0291,32.5,2.150e-28,105.0
m0125,m0292,52.5,1.110e-99,288.0
m0125,m0293,45.5,1.320e-76,234.0
m0125,m0294,45.1,4.820e-75,226.0
m0125,m0295,49.5,7.470e-80,242.0
m0125,m0297,58.0,9.130e-117,332.0
m0125,m0303,57.2,6.900e-116,330.0
m0125,m0304,60.2,1.570e-126,357.0
m0125,m0309,57.0,1.840e-110,317.0
m0125,m0311,48.3,4.360e-88,259.0
m0125,m0312,47.1,1.070e-78,234.0
m0125,m0314,44.0,7.110e-70,218.0
m0125,m0315,55.1,1.460e-113,324.0
m0125,m0317,54.1,3.320e-104,300.0
m0125,m0318,40.3,2.680e-66,208.0
m0125,m0320,45.5,9.650e-72,221.0
m0125,m0322,45.2,5.430e-72,223.0
m0125,m0324,47.9,2.650e-81,242.0
m0125,m0328,44.3,7.870e-74,224.0
m0125,m0329,61.5,1.980e-113,322.0
m0125,m0331,45.2,1.060e-76,234.0
m0125,m0332,55.5,1.200e-107,309.0
m0125,m0333,44.0,1.990e-70,219.0
m0125,m0335,54.5,1.180e-91,268.0
m0125,m0336,45.9,8.440e-78,234.0
m0125,m0337,57.5,1.430e-117,333.0
m0125,m0339,43.3,1.100e-69,217.0
m0125,m0340,47.2,8.320e-77,231.0
m0125,m0343,51.1,9.320e-92,268.0
m0125,m0344,45.4,4.610e-72,224.0
m0125,m0345,46.4,1.250e-86,256.0
m0125,m0347,43.7,1.170e-71,223.0
m0125,m0348,43.1,1.610e-67,212.0
m0125,m0349,46.8,2.120e-76,234.0
m0125,m0351,45.4,8.990e-83,246.0
m0125,m0354,45.1,1.940e-78,234.0
m0125,m0356,46.0,2.900e-77,232.0
m0125,m0363,44.5,2.540e-73,226.0
m0125,m0364,50.9,1.210e-98,286.0
m0125,m0365,50.2,3.320e-101,292.0
m0125,m0368,47.5,1.430e-92,271.0
m0125,m0369,32.3,3.950e-34,122.0
m0125,m0370,46.1,1.550e-75,228.0
m0125,m0371,36.7,6.510e-50,165.0
m0125,m0372,54.5,4.710e-104,300.0
m0125,m0377,57.4,4.110e-117,333.0
m0125,m0378,44.7,6.470e-71,221.0
m0125,m0380,61.3,4.180e-124,350.0
m0125,m0382,59.1,2.110e-105,303.0
m0125,m0383,43.0,5.470e-77,231.0
m0125,m0385,46.1,4.620e-74,224.0
m0125,m0387,43.1,3.570e-67,206.0
m0125,m0388,60.4,2.490e-124,352.0
m0125,m0390,56.4,8.480e-111,317.0
m0125,m0393,44.3,1.560e-70,220.0
m0125,m0394,59.6,2.410e-120,341.0
m0125,m0397,45.1,2.690e-72,224.0
m0125,m0399,44.4,6.570e-72,223.0
m0125,m0401,61.2,2.850e-125,353.0
m0125,m0404,42.1,1.780e-68,211.0
m0125,m0405,44.6,2.480e-74,227.0
m0125,m0407,44.2,4.170e-73,221.0
m0125,m0409,47.6,5.950e-81,242.0
m0125,m0411,63.0,8.650e-127,358.0
m0126,m0129,35.1,7.060e-43,145.0
m0126,m0131,60.5,4.610e-175,489.0
m0126,m0132,51.8,1.660e-92,274.0
m0126,m0134,84.1,2.440e-174,483.0
m0126,m0135,53.4,4.580e-89,266.0
m0126,m0139,49.2,9.340e-116,340.0
m0126,m0142,53.9,6.280e-90,267.0
m0126,m0145,39.4,2.070e-58,191.0
m0126,m0150,42.2,1.590e-68,213.0
m0126,m0155,50.1,2.920e-117,343.0
m0126,m0156,50.7,2.500e-88,264.0
m0126,m0158,56.0,2.680e-127,370.0
m0126,m0159,53.1,1.860e-122,357.0
m0126,m0160,36.8,2.530e-50,166.0
m0126,m0162,53.4,1.650e-132,384.0
m0126,m0163,38.2,3.560e-56,181.0
m0126,m0164,59.5,6.150e-176,493.0
m0126,m0166,35.1,5.700e-38,134.0
m0126,m0167,52.2,3.370e-92,274.0
m0126,m0168,41.2,1.480e-55,179.0
m0126,m0169,48.6,1.240e-78,239.0
m0126,m0170,58.3,1.120e-165,466.0
m0126,m0171,36.0,1.330e-48,161.0
m0126,m0173,48.2,2.830e-115,338.0
m0126,m0174,58.0,2.870e-166,468.0
m0126,m0175,49.4,1.090e-120,352.0
m0126,m0176,41.4,2.750e-55,179.0
m0126,m0177,37.9,3.610e-51,168.0
m0126,m0179,49.4,6.250e-117,341.0
m0126,m0182,54.6,5.870e-145,414.0
m0126,m0183,54.5,4.810e-154,436.0
m0126,m0184,42.4,4.200e-59,189.0
m0126,m0187,50.2,1.980e-78,237.0
m0126,m0188,59.2,5.030e-174,488.0
m0126,m0191,39.7,7.760e-57,182.0
m0126,m0192,46.3,7.540e-77,234.0
m0126,m0193,50.2,5.170e-86,259.0
m0126,m0194,42.4,7.510e-56,180.0
m0126,m0197,53.1,1.300e-90,270.0
m0126,m0198,57.8,6.230e-117,342.0
m0126,m0204,47.0,8.180e-94,280.0
m0126,m0205,51.4,3.600e-124,362.0
m0126,m0209,39.7,2.120e-55,178.0
m0126,m0212,58.2,3.630e-121,349.0
m0126,m0213,57.1,1.060e-131,380.0
m0126,m0214,52.7,2.450e-127,370.0
m0126,m0215,50.1,7.750e-108,318.0
m0126,m0225,47.8,1.380e-103,308.0
m0126,m0226,51.6,4.120e-129,374.0
m0126,m0227,32.2,3.200e-10,54.3
m0126,m0228,53.5,7.050e-87,259.0
m0126,m0229,50.5,9.670e-90,268.0
m0126,m0230,50.5,6.550e-90,268.0
m0126,m0231,46.8,5.020e-88,264.0
m0126,m0232,54.9,4.390e-96,284.0
m0126,m0233,51.9,8.560e-92,273.0
m0126,m0235,55.5,2.220e-102,302.0
m0126,m0236,63.5,1.340e-122,356.0
m0126,m0241,46.3,1.040e-74,229.0
m0126,m0242,37.2,5.280e-50,165.0
m0126,m0243,47.0,8.820e-111,326.0
m0126,m0244,42.4,1.230e-65,206.0
m0126,m0246,48.9,1.270e-87,262.0
m0126,m0247,60.8,4.760e-174,486.0
m0126,m0248,41.9,2.430e-55,179.0
m0126,m0251,43.7,8.920e-72,221.0
m0126,m0253,63.3,6.710e-134,387.0
m0126,m0258,60.3,7.050e-177,494.0
m0126,m0261,45.9,5.450e-82,248.0
m0126,m0263,40.0,3.310e-60,192.0
m0126,m0264,30.7,2.720e-08,48.5
m0126,m0266,84.1,2.450e-171,475.0
m0126,m0267,47.9,1.860e-77,234.0
m0126,m0271,52.2,1.260e-95,283.0
m0126,m0272,47.8,2.020e-81,246.0
m0126,m0273,34.0,3.600e-32,119.0
m0126,m0276,45.4,8.000e-103,307.0
m0126,m0277,31.3,4.340e-14,65.9
m0126,m0278,51.3,9.120e-125,362.0
m0126,m0280,60.5,7.770e-172,481.0
m0126,m0281,45.3,8.100e-104,308.0
m0126,m0282,39.6,1.830e-51,167.0
m0126,m0284,36.7,4.410e-50,165.0
m0126,m0287,31.1,2.210e-28,107.0
m0126,m0290,39.6,6.440e-56,181.0
m0126,m0292,45.1,9.940e-71,218.0
m0126,m0293,48.1,2.270e-117,343.0
m0126,m0294,60.7,1.500e-120,347.0
m0126,m0295,67.2,3.110e-196,543.0
m0126,m0297,53.7,5.270e-95,281.0
m0126,m0303,48.1,3.780e-83,250.0
m0126,m0304,53.0,1.020e-88,265.0
m0126,m0309,52.4,2.240e-84,254.0
m0126,m0311,40.2,1.550e-56,182.0
m0126,m0312,40.0,7.870e-54,174.0
m0126,m0314,62.4,4.270e-130,377.0
m0126,m0315,44.5,2.620e-75,231.0
m0126,m0317,54.6,6.430e-101,296.0
m0126,m0318,56.4,5.670e-168,473.0
m0126,m0320,49.6,1.610e-101,302.0
m0126,m0322,55.7,2.820e-129,374.0
m0126,m0324,84.8,2.900e-177,490.0
m0126,m0328,58.1,3.300e-113,329.0
m0126,m0329,46.2,1.490e-71,219.0
m0126,m0331,59.5,3.810e-174,487.0
m0126,m0332,54.4,4.720e-99,291.0
m0126,m0333,54.9,3.730e-132,382.0
m0126,m0335,45.3,1.340e-60,192.0
m0126,m0336,59.3,1.700e-111,324.0
m0126,m0337,50.0,1.180e-84,254.0
m0126,m0339,44.9,4.010e-103,308.0
m0126,m0340,82.8,4.180e-174,482.0
m0126,m0343,44.8,2.940e-60,191.0
m0126,m0344,63.3,8.140e-134,387.0
m0126,m0345,48.5,1.250e-81,247.0
m0126,m0347,53.7,3.880e-136,392.0
m0126,m0348,54.6,2.700e-133,385.0
m0126,m0349,50.9,3.400e-121,354.0
m0126,m0351,39.6,1.270e-55,180.0
m0126,m0354,40.5,7.400e-65,203.0
m0126,m0356,41.9,6.810e-53,173.0
m0126,m0363,59.1,1.070e-126,368.0
m0126,m0364,42.3,1.600e-61,194.0
m0126,m0365,47.1,1.410e-79,241.0
m0126,m0368,47.2,2.240e-81,246.0
m0126,m0369,33.5,5.450e-33,121.0
m0126,m0370,56.0,1.050e-101,298.0
m0126,m0371,34.2,4.170e-41,145.0
m0126,m0372,47.2,1.900e-77,236.0
m0126,m0377,47.0,1.460e-79,241.0
m0126,m0378,56.4,6.880e-129,374.0
m0126,m0380,48.9,2.290e-84,253.0
m0126,m0382,47.0,4.380e-76,232.0
m0126,m0383,40.7,5.180e-56,181.0
m0126,m0385,39.8,2.420e-59,190.0
m0126,m0387,39.4,2.310e-54,176.0
m0126,m0388,49.0,2.460e-82,249.0
m0126,m0390,56.0,2.350e-94,279.0
m0126,m0393,62.8,5.730e-135,390.0
m0126,m0394,50.9,6.420e-89,265.0
m0126,m0396,30.4,1.840e-14,66.6
m0126,m0397,55.8,1.270e-123,361.0
m0126,m0399,61.1,4.650e-184,513.0
m0126,m0401,51.0,7.460e-95,280.0
m0126,m0404,60.5,1.930e-114,332.0
m0126,m0405,59.9,9.420e-117,340.0
m0126,m0407,46.1,1.300e-70,218.0
m0126,m0409,40.7,9.970e-55,178.0
m0126,m0411,51.4,1.390e-92,275.0
m0128,m0157,60.3,7.710e-184,511.0
m0128,m0234,46.6,3.960e-125,362.0
m0128,m0302,82.6,3.040e-249,677.0
m0128,m0373,59.0,9.910e-178,496.0
m0129,m0131,39.8,1.260e-53,173.0
m0129,m0132,46.9,1.720e-77,231.0
m0129,m0134,36.6,9.920e-47,153.0
m0129,m0135,41.3,1.330e-61,191.0
m0129,m0139,39.8,1.970e-52,171.0
m0129,m0142,40.7,6.650e-56,175.0
m0129,m0145,41.9,1.230e-55,179.0
m0129,m0150,43.5,2.010e-67,206.0
m0129,m0155,39.0,1.420e-48,161.0
m0129,m0156,44.4,3.230e-59,185.0
m0129,m0158,37.9,1.060e-46,156.0
m0129,m0159,39.6,1.680e-53,174.0
m0129,m0160,40.2,1.040e-44,147.0
m0129,m0162,40.3,8.040e-49,162.0
m0129,m0163,67.6,1.060e-132,371.0
m0129,m0164,38.8,2.930e-48,160.0
m0129,m0166,38.7,7.030e-49,159.0
m0129,m0167,45.7,3.140e-72,218.0
m0129,m0168,37.2,9.520e-51,163.0
m0129,m0169,46.0,5.350e-68,207.0
m0129,m0170,39.0,1.960e-54,176.0
m0129,m0171,65.9,1.540e-133,374.0
m0129,m0173,36.0,9.050e-50,164.0
m0129,m0174,39.3,1.880e-48,160.0
m0129,m0175,37.5,6.530e-48,159.0
m0129,m0176,35.6,6.410e-51,163.0
m0129,m0177,39.1,1.090e-51,166.0
m0129,m0179,35.3,1.100e-44,150.0
m0129,m0182,41.8,4.420e-54,176.0
m0129,m0183,36.7,2.980e-44,149.0
m0129,m0184,37.0,7.790e-53,168.0
m0129,m0187,44.7,2.110e-67,204.0
m0129,m0188,38.2,3.750e-54,176.0
m0129,m0191,44.7,9.070e-71,214.0
m0129,m0192,37.2,9.870e-57,178.0
m0129,m0193,44.9,2.150e-63,196.0
m0129,m0194,35.6,3.400e-51,164.0
m0129,m0197,40.6,2.990e-52,167.0
m0129,m0198,39.0,6.080e-49,162.0
m0129,m0204,38.3,5.990e-48,157.0
m0129,m0205,39.7,1.230e-49,164.0
m0129,m0209,64.4,4.610e-132,369.0
m0129,m0212,40.0,1.900e-50,163.0
m0129,m0213,37.1,4.460e-45,151.0
m0129,m0214,39.4,4.300e-48,160.0
m0129,m0215,41.8,1.170e-48,160.0
m0129,m0217,30.8,1.490e-06,42.7
m0129,m0225,39.7,1.040e-49,164.0
m0129,m0226,38.9,1.110e-48,161.0
m0129,m0228,44.8,6.500e-63,193.0
m0129,m0229,45.7,4.630e-72,218.0
m0129,m0230,37.4,9.870e-57,178.0
m0129,m0231,45.9,1.610e-64,199.0
m0129,m0232,45.3,1.470e-73,221.0
m0129,m0233,46.6,6.300e-74,222.0
m0129,m0235,37.3,1.040e-43,146.0
m0129,m0236,36.3,1.260e-47,158.0
m0129,m0241,45.5,1.350e-66,204.0
m0129,m0242,40.1,9.130e-54,171.0
m0129,m0243,34.7,1.510e-45,152.0
m0129,m0244,37.7,2.660e-50,162.0
m0129,m0246,43.2,1.050e-65,201.0
m0129,m0247,40.2,3.270e-53,172.0
m0129,m0248,39.2,1.530e-50,162.0
m0129,m0251,43.7,1.290e-63,196.0
m0129,m0253,38.7,4.240e-46,155.0
m0129,m0258,38.2,3.450e-46,154.0
m0129,m0261,43.7,3.030e-66,203.0
m0129,m0263,36.4,6.480e-53,169.0
m0129,m0264,34.8,4.010e-12,59.3
m0129,m0266,38.5,7.020e-49,158.0
m0129,m0267,45.2,2.210e-68,207.0
m0129,m0271,44.2,3.260e-69,211.0
m0129,m0272,42.7,1.940e-61,190.0
m0129,m0273,30.8,1.060e-27,103.0
m0129,m0276,37.3,2.200e-50,166.0
m0129,m0277,33.0,6.370e-12,58.5
m0129,m0278,39.8,1.600e-51,168.0
m0129,m0280,37.9,1.640e-52,170.0
m0129,m0281,37.3,1.810e-49,163.0
m0129,m0282,41.7,3.230e-49,157.0
m0129,m0284,81.0,1.140e-165,455.0
m0129,m0290,39.6,6.480e-53,169.0
m0129,m0292,45.2,1.500e-65,200.0
m0129,m0293,39.1,1.020e-51,169.0
m0129,m0294,38.4,1.130e-47,155.0
m0129,m0295,35.7,4.540e-42,143.0
m0129,m0297,47.2,2.870e-74,223.0
m0129,m0303,42.5,7.480e-57,178.0
m0129,m0304,44.2,4.070e-64,197.0
m0129,m0309,46.2,9.270e-68,207.0
m0129,m0311,40.3,6.140e-53,169.0
m0129,m0312,37.2,1.370e-50,162.0
m0129,m0314,39.8,5.690e-48,160.0
m0129,m0315,42.9,1.870e-69,211.0
m0129,m0317,48.5,4.550e-78,233.0
m0129,m0318,36.7,6.300e-48,159.0
m0129,m0320,36.2,2.820e-44,149.0
m0129,m0322,38.8,6.110e-47,157.0
m0129,m0324,36.4,2.710e-47,154.0
m0129,m0328,35.6,3.610e-44,147.0
m0129,m0329,46.4,4.630e-66,201.0
m0129,m0331,37.1,1.820e-51,168.0
m0129,m0332,47.8,1.360e-77,232.0
m0129,m0333,38.7,1.720e-46,156.0
m0129,m0335,41.9,4.330e-62,191.0
m0129,m0336,38.5,1.380e-47,155.0
m0129,m0337,45.3,7.000e-64,196.0
m0129,m0339,37.6,2.920e-51,168.0
m0129,m0340,36.2,6.560e-48,155.0
m0129,m0343,43.8,4.110e-66,202.0
m0129,m0344,39.8,2.240e-48,161.0
m0129,m0345,42.9,1.130e-55,176.0
m0129,m0347,38.7,1.150e-46,156.0
m0129,m0348,39.1,3.930e-48,160.0
m0129,m0349,39.2,1.490e-56,182.0
m0129,m0351,39.6,5.080e-52,166.0
m0129,m0354,35.5,1.250e-52,167.0
m0129,m0356,38.2,1.220e-47,155.0
m0129,m0363,38.9,1.630e-47,158.0
m0129,m0364,40.2,1.370e-56,177.0
m0129,m0365,40.9,1.760e-54,172.0
m0129,m0368,41.7,8.220e-55,173.0
m0129,m0369,34.4,5.470e-27,102.0
m0129,m0370,38.0,8.700e-50,160.0
m0129,m0371,41.1,2.010e-52,171.0
m0129,m0372,46.3,5.210e-66,202.0
m0129,m0377,43.7,2.740e-62,192.0
m0129,m0378,39.1,1.110e-47,159.0
m0129,m0380,42.4,1.140e-64,198.0
m0129,m0382,48.5,1.270e-72,219.0
m0129,m0383,40.2,1.120e-51,166.0
m0129,m0385,42.1,1.540e-49,160.0
m0129,m0387,70.1,2.640e-143,398.0
m0129,m0388,43.6,3.320e-64,198.0
m0129,m0390,48.0,3.580e-81,241.0
m0129,m0393,38.6,9.470e-47,157.0
m0129,m0394,41.9,4.470e-60,187.0
m0129,m0397,39.7,2.180e-51,169.0
m0129,m0399,39.2,2.670e-48,160.0
m0129,m0401,47.0,2.870e-74,223.0
m0129,m0404,40.8,3.150e-52,168.0
m0129,m0405,34.8,3.670e-48,158.0
m0129,m0407,58.4,2.710e-111,317.0
m0129,m0409,38.6,2.800e-47,154.0
m0129,m0411,44.2,2.160e-70,214.0
m0130,m0269,44.5,2.610e-69,212.0
m0131,m0132,50.2,3.830e-84,253.0
m0131,m0134,61.0,1.540e-120,347.0
m0131,m0135,49.8,1.150e-79,242.0
m0131,m0138,32.5,2.790e-31,115.0
m0131,m0139,85.2,9.410e-193,536.0
m0131,m0142,50.4,1.020e-81,246.0
m0131,m0145,38.0,3.960e-56,185.0
m0131,m0150,43.2,2.780e-68,212.0
m0131,m0155,63.6,1.280e-153,436.0
m0131,m0156,52.4,4.380e-85,256.0
m0131,m0158,61.6,3.040e-130,377.0
m0131,m0159,50.7,1.050e-117,345.0
m0131,m0160,35.3,1.940e-47,158.0
m0131,m0161,32.4,9.180e-33,118.0
m0131,m0162,60.8,3.920e-132,383.0
m0131,m0163,42.5,5.210e-54,175.0
m0131,m0164,75.3,6.200e-234,640.0
m0131,m0166,33.3,1.910e-34,124.0
m0131,m0167,53.7,8.220e-92,273.0
m0131,m0168,39.8,1.600e-47,158.0
m0131,m0169,51.1,1.210e-83,252.0
m0131,m0170,84.5,2.570e-257,697.0
m0131,m0171,38.3,1.060e-50,166.0
m0131,m0173,71.0,1.220e-146,417.0
m0131,m0174,65.2,2.020e-196,544.0
m0131,m0175,64.6,6.290e-167,469.0
m0131,m0176,42.5,3.050e-52,171.0
m0131,m0177,36.3,8.370e-46,154.0
m0131,m0179,72.1,3.400e-151,428.0
m0131,m0182,51.6,1.040e-128,373.0
m0131,m0183,58.2,3.670e-162,457.0
m0131,m0184,41.4,1.430e-49,164.0
m0131,m0187,47.5,4.330e-76,231.0
m0131,m0188,77.4,4.170e-238,650.0
m0131,m0191,39.1,1.730e-53,173.0
m0131,m0192,48.8,1.160e-74,229.0
m0131,m0193,48.9,5.660e-84,253.0
m0131,m0194,40.1,2.000e-49,163.0
m0131,m0197,51.3,1.300e-80,244.0
m0131,m0198,58.0,9.230e-118,344.0
m0131,m0204,58.3,4.000e-112,326.0
m0131,m0205,64.4,9.740e-131,378.0
m0131,m0209,39.8,9.590e-56,179.0
m0131,m0212,59.9,1.180e-128,368.0
m0131,m0213,62.9,1.180e-134,387.0
m0131,m0214,63.5,4.080e-135,390.0
m0131,m0215,60.9,8.700e-114,333.0
m0131,m0225,60.1,6.970e-111,327.0
m0131,m0226,61.6,4.650e-132,381.0
m0131,m0228,53.1,6.110e-87,259.0
m0131,m0229,49.3,6.010e-87,261.0
m0131,m0230,48.6,1.310e-82,249.0
m0131,m0231,45.3,1.750e-81,247.0
m0131,m0232,53.4,1.770e-91,272.0
m0131,m0233,52.7,3.690e-92,273.0
m0131,m0235,61.3,3.860e-123,355.0
m0131,m0236,63.5,1.220e-157,445.0
m0131,m0241,44.6,7.000e-71,219.0
m0131,m0242,36.8,9.910e-49,161.0
m0131,m0243,59.0,2.450e-153,434.0
m0131,m0244,40.9,2.430e-60,192.0
m0131,m0246,49.5,2.470e-86,259.0
m0131,m0247,67.2,6.480e-204,562.0
m0131,m0248,38.2,6.390e-49,162.0
m0131,m0251,44.1,1.670e-67,210.0
m0131,m0253,60.5,7.310e-132,381.0
m0131,m0258,64.5,2.280e-193,536.0
m0131,m0261,49.1,2.350e-85,256.0
m0131,m0263,36.9,2.960e-51,168.0
m0131,m0266,57.7,8.270e-115,331.0
m0131,m0267,47.7,3.220e-74,226.0
m0131,m0271,48.2,2.940e-84,254.0
m0131,m0272,47.1,9.860e-78,236.0
m0131,m0273,30.3,2.730e-29,111.0
m0131,m0276,53.3,1.740e-133,385.0
m0131,m0277,33.5,8.960e-16,70.9
m0131,m0278,56.8,7.220e-146,416.0
m0131,m0280,82.0,3.780e-253,686.0
m0131,m0281,50.5,9.260e-134,385.0
m0131,m0282,41.0,1.820e-54,174.0
m0131,m0284,42.0,6.530e-61,193.0
m0131,m0290,37.6,4.420e-50,165.0
m0131,m0292,50.6,1.130e-77,236.0
m0131,m0293,56.8,4.230e-150,427.0
m0131,m0294,62.9,5.550e-122,350.0
m0131,m0295,60.1,8.420e-164,460.0
m0131,m0297,54.7,1.660e-92,274.0
m0131,m0303,47.3,2.610e-76,233.0
m0131,m0304,52.3,1.130e-83,252.0
m0131,m0309,50.0,6.870e-79,240.0
m0131,m0311,39.6,7.690e-51,167.0
m0131,m0312,39.2,7.610e-48,158.0
m0131,m0314,64.4,2.610e-135,390.0
m0131,m0315,47.5,4.470e-72,222.0
m0131,m0317,51.1,4.480e-89,265.0
m0131,m0318,57.4,4.700e-168,473.0
m0131,m0320,51.6,2.000e-120,350.0
m0131,m0322,61.8,3.940e-133,384.0
m0131,m0324,61.3,4.120e-120,345.0
m0131,m0328,64.2,1.810e-129,370.0
m0131,m0329,45.5,2.600e-71,219.0
m0131,m0331,82.0,4.180e-252,684.0
m0131,m0332,55.1,2.100e-96,285.0
m0131,m0333,63.8,5.960e-135,389.0
m0131,m0335,46.4,2.150e-61,194.0
m0131,m0336,65.3,6.560e-128,365.0
m0131,m0337,51.4,2.300e-83,250.0
m0131,m0339,51.9,3.320e-136,392.0
m0131,m0340,60.6,9.370e-116,334.0
m0131,m0343,44.9,2.850e-59,188.0
m0131,m0344,64.4,3.230e-137,395.0
m0131,m0345,48.1,1.880e-73,226.0
m0131,m0347,57.5,3.240e-136,392.0
m0131,m0348,62.3,1.400e-134,388.0
m0131,m0349,63.3,2.040e-167,471.0
m0131,m0351,39.5,1.140e-50,167.0
m0131,m0354,38.7,9.500e-57,182.0
m0131,m0356,38.8,5.900e-48,160.0
m0131,m0363,60.3,5.310e-131,379.0
m0131,m0364,39.3,4.710e-59,188.0
m0131,m0365,47.5,6.140e-77,234.0
m0131,m0368,51.3,1.740e-79,241.0
m0131,m0369,34.9,6.630e-32,118.0
m0131,m0370,67.4,2.310e-130,371.0
m0131,m0371,32.7,1.530e-34,127.0
m0131,m0372,46.2,1.610e-71,220.0
m0131,m0377,49.5,4.020e-81,245.0
m0131,m0378,63.4,1.490e-134,388.0
m0131,m0380,51.7,3.520e-85,255.0
m0131,m0382,46.3,2.390e-74,228.0
m0131,m0383,36.7,4.190e-47,157.0
m0131,m0385,39.2,3.620e-52,171.0
m0131,m0387,40.6,2.480e-56,181.0
m0131,m0388,48.4,1.510e-79,242.0
m0131,m0390,54.4,1.180e-90,270.0
m0131,m0393,62.5,2.200e-133,385.0
m0131,m0394,48.2,1.820e-81,246.0
m0131,m0396,30.4,1.000e-14,67.4
m0131,m0397,52.6,5.010e-119,349.0
m0131,m0399,67.5,1.580e-202,560.0
m0131,m0401,53.2,6.190e-98,288.0
m0131,m0404,55.4,5.850e-107,313.0
m0131,m0405,74.0,3.470e-146,414.0
m0131,m0407,45.4,3.280e-73,225.0
m0131,m0409,38.8,5.910e-51,168.0
m0131,m0411,50.9,4.890e-89,266.0
m0132,m0134,51.3,2.480e-95,278.0
m0132,m0135,55.3,9.140e-111,317.0
m0132,m0139,47.2,8.520e-80,243.0
m0132,m0142,56.4,1.580e-107,307.0
m0132,m0145,48.9,2.440e-87,261.0
m0132,m0150,61.7,2.770e-122,346.0
m0132,m0155,50.0,3.200e-89,267.0
m0132,m0156,53.9,1.180e-108,311.0
m0132,m0158,50.7,4.470e-87,262.0
m0132,m0159,51.0,8.510e-88,263.0
m0132,m0160,45.2,2.390e-75,226.0
m0132,m0161,30.0,5.010e-27,100.0
m0132,m0162,49.1,9.270e-87,262.0
m0132,m0163,53.7,1.560e-102,295.0
m0132,m0164,48.3,6.220e-84,253.0
m0132,m0166,41.3,4.220e-59,186.0
m0132,m0167,55.4,1.220e-111,319.0
m0132,m0168,44.1,1.970e-75,227.0
m0132,m0169,64.4,1.240e-126,357.0
m0132,m0170,48.4,6.800e-84,252.0
m0132,m0171,55.1,3.460e-100,290.0
m0132,m0173,43.6,1.160e-78,239.0
m0132,m0174,47.2,5.220e-83,250.0
m0132,m0175,49.8,1.150e-87,263.0
m0132,m0176,43.4,8.430e-74,223.0
m0132,m0177,42.5,2.010e-77,232.0
m0132,m0179,50.0,3.210e-85,255.0
m0132,m0182,47.0,3.480e-87,262.0
m0132,m0183,49.8,7.370e-85,255.0
m0132,m0184,44.0,1.740e-76,229.0
m0132,m0187,59.9,1.810e-112,320.0
m0132,m0188,49.6,6.220e-89,266.0
m0132,m0191,46.8,3.030e-78,233.0
m0132,m0192,50.4,1.000e-93,273.0
m0132,m0193,60.5,1.780e-123,350.0
m0132,m0194,41.6,1.630e-71,217.0
m0132,m0197,48.5,7.130e-97,282.0
m0132,m0198,49.1,4.470e-84,253.0
m0132,m0204,44.8,1.150e-69,213.0
m0132,m0205,50.5,1.300e-88,266.0
m0132,m0209,45.3,1.300e-73,221.0
m0132,m0212,46.6,1.620e-83,248.0
m0132,m0213,52.5,8.490e-91,270.0
m0132,m0214,49.5,1.750e-85,258.0
m0132,m0215,52.1,1.530e-80,244.0
m0132,m0225,49.1,1.270e-82,249.0
m0132,m0226,50.0,2.930e-88,265.0
m0132,m0228,62.4,4.020e-118,334.0
m0132,m0229,60.1,9.540e-124,350.0
m0132,m0230,47.3,1.240e-94,276.0
m0132,m0231,60.8,1.930e-119,340.0
m0132,m0232,67.0,7.880e-137,383.0
m0132,m0233,65.8,8.430e-133,372.0
m0132,m0235,50.7,2.030e-84,251.0
m0132,m0236,48.2,2.690e-90,269.0
m0132,m0241,59.2,1.730e-117,334.0
m0132,m0242,43.7,3.170e-76,229.0
m0132,m0243,46.8,5.540e-82,248.0
m0132,m0244,49.8,8.370e-93,271.0
m0132,m0246,61.5,5.860e-130,365.0
m0132,m0247,49.3,2.160e-88,263.0
m0132,m0248,50.0,4.650e-83,246.0
m0132,m0251,56.8,7.930e-108,309.0
m0132,m0253,50.9,4.320e-88,265.0
m0132,m0258,50.4,1.130e-85,257.0
m0132,m0261,56.1,1.760e-113,324.0
m0132,m0263,48.0,4.400e-81,241.0
m0132,m0266,52.6,3.970e-97,282.0
m0132,m0267,57.0,1.250e-106,305.0
m0132,m0271,59.9,2.280e-124,352.0
m0132,m0272,50.0,2.950e-89,262.0
m0132,m0273,38.1,1.040e-38,134.0
m0132,m0276,46.8,3.030e-80,244.0
m0132,m0278,46.9,7.570e-80,242.0
m0132,m0280,48.5,8.690e-87,259.0
m0132,m0281,47.6,1.200e-81,247.0
m0132,m0282,44.1,1.540e-62,192.0
m0132,m0284,45.6,1.020e-78,235.0
m0132,m0287,31.4,5.970e-31,112.0
m0132,m0290,48.9,1.360e-82,245.0
m0132,m0292,54.7,6.010e-100,288.0
m0132,m0293,49.1,1.600e-90,270.0
m0132,m0294,48.6,8.820e-87,256.0
m0132,m0295,49.3,2.810e-83,250.0
m0132,m0297,70.8,3.280e-141,394.0
m0132,m0303,50.9,3.600e-94,274.0
m0132,m0304,62.3,3.830e-125,353.0
m0132,m0309,59.2,5.020e-118,336.0
m0132,m0311,46.1,2.250e-83,247.0
m0132,m0312,46.7,5.160e-80,238.0
m0132,m0314,51.8,3.230e-88,265.0
m0132,m0315,56.4,3.560e-112,320.0
m0132,m0317,82.6,9.660e-182,496.0
m0132,m0318,45.9,3.170e-82,249.0
m0132,m0320,45.6,1.200e-76,234.0
m0132,m0322,50.2,5.690e-88,264.0
m0132,m0324,51.1,2.460e-95,278.0
m0132,m0328,49.5,1.060e-85,254.0
m0132,m0329,57.6,2.070e-106,304.0
m0132,m0331,49.6,1.400e-89,267.0
m0132,m0332,73.6,1.260e-150,418.0
m0132,m0333,50.9,1.280e-88,266.0
m0132,m0335,50.9,3.730e-78,233.0
m0132,m0336,48.9,2.470e-88,260.0
m0132,m0337,62.4,7.440e-123,347.0
m0132,m0339,45.4,5.300e-78,238.0
m0132,m0340,50.5,4.340e-98,285.0
m0132,m0343,50.4,5.820e-91,266.0
m0132,m0344,51.6,1.140e-89,269.0
m0132,m0345,51.5,1.120e-100,291.0
m0132,m0347,51.6,1.020e-89,269.0
m0132,m0348,50.7,6.850e-87,261.0
m0132,m0349,50.4,1.890e-90,270.0
m0132,m0351,46.8,4.570e-86,254.0
m0132,m0354,48.1,2.490e-82,244.0
m0132,m0356,48.9,2.040e-83,248.0
m0132,m0363,50.7,2.330e-87,262.0
m0132,m0364,53.8,8.060e-100,288.0
m0132,m0365,52.0,2.560e-96,280.0
m0132,m0368,49.1,1.410e-90,265.0
m0132,m0369,37.9,1.510e-38,133.0
m0132,m0370,48.3,5.960e-84,249.0
m0132,m0371,36.6,8.010e-48,159.0
m0132,m0372,57.3,7.560e-111,317.0
m0132,m0377,61.6,8.470e-122,345.0
m0132,m0378,50.9,3.630e-87,262.0
m0132,m0380,59.1,6.180e-117,332.0
m0132,m0382,60.4,6.240e-115,327.0
m0132,m0383,47.1,2.380e-84,250.0
m0132,m0385,46.0,3.880e-76,229.0
m0132,m0387,45.2,7.920e-78,233.0
m0132,m0388,58.0,4.120e-116,331.0
m0132,m0390,70.1,2.210e-142,397.0
m0132,m0393,50.9,2.020e-88,266.0
m0132,m0394,57.4,1.290e-115,329.0
m0132,m0397,51.0,4.250e-88,265.0
m0132,m0399,51.2,1.340e-90,270.0
m0132,m0401,65.1,1.610e-134,377.0
m0132,m0404,48.9,4.970e-83,248.0
m0132,m0405,47.3,1.940e-88,263.0
m0132,m0407,52.4,1.210e-96,281.0
m0132,m0409,46.2,2.640e-77,232.0
m0132,m0411,61.5,3.880e-128,361.0
m0133,m0148,43.3,3.070e-63,198.0
m0133,m0149,58.6,2.330e-134,379.0
m0133,m0288,31.7,5.430e-09,50.8
m0133,m0289,30.5,3.510e-07,44.7
m0133,m0352,32.3,2.130e-22,89.7
m0133,m0398,36.3,8.880e-14,65.5
m0134,m0135,54.2,2.550e-97,284.0
m0134,m0139,57.7,3.960e-117,340.0
m0134,m0142,52.5,6.320e-91,266.0
m0134,m0145,41.6,7.430e-62,197.0
m0134,m0150,42.9,5.920e-72,219.0
m0134,m0155,58.4,8.210e-122,351.0
m0134,m0156,50.5,5.990e-93,273.0
m0134,m0158,60.5,1.100e-120,349.0
m0134,m0159,60.9,1.250e-114,333.0
m0134,m0160,36.5,6.770e-55,175.0
m0134,m0162,61.9,2.630e-125,362.0
m0134,m0163,41.3,4.910e-59,185.0
m0134,m0164,60.6,1.960e-123,355.0
m0134,m0166,34.7,9.560e-43,144.0
m0134,m0167,51.9,1.250e-95,279.0
m0134,m0168,41.6,2.080e-58,184.0
m0134,m0169,47.6,5.290e-85,253.0
m0134,m0170,58.9,1.850e-118,342.0
m0134,m0171,36.6,5.850e-52,167.0
m0134,m0173,59.6,4.490e-114,331.0
m0134,m0174,56.8,8.300e-112,325.0
m0134,m0175,61.6,3.360e-119,344.0
m0134,m0176,41.0,1.340e-55,177.0
m0134,m0177,37.3,3.490e-52,168.0
m0134,m0179,60.9,1.540e-117,339.0
m0134,m0182,61.0,6.150e-118,342.0
m0134,m0183,65.5,3.330e-123,354.0
m0134,m0184,43.5,1.070e-61,192.0
m0134,m0187,50.8,7.700e-83,245.0
m0134,m0188,58.7,1.930e-117,340.0
m0134,m0191,38.3,1.260e-54,174.0
m0134,m0192,46.9,3.540e-77,232.0
m0134,m0193,51.0,9.700e-93,273.0
m0134,m0194,40.6,2.550e-56,179.0
m0134,m0197,50.7,1.470e-90,267.0
m0134,m0198,58.1,6.100e-109,318.0
m0134,m0204,50.9,7.230e-95,279.0
m0134,m0205,60.2,3.510e-121,350.0
m0134,m0209,40.5,3.700e-56,177.0
m0134,m0212,55.0,9.660e-113,324.0
m0134,m0213,62.0,1.870e-121,350.0
m0134,m0214,58.7,9.140e-119,344.0
m0134,m0215,55.2,1.020e-97,289.0
m0134,m0225,55.5,4.680e-102,300.0
m0134,m0226,61.4,3.870e-121,350.0
m0134,m0228,55.0,1.060e-92,270.0
m0134,m0229,51.4,6.480e-94,275.0
m0134,m0230,48.6,3.010e-89,263.0
m0134,m0231,48.5,9.910e-89,263.0
m0134,m0232,52.9,6.300e-99,288.0
m0134,m0233,52.9,7.930e-96,280.0
m0134,m0235,55.6,7.200e-108,312.0
m0134,m0236,63.9,2.200e-123,354.0
m0134,m0241,46.5,3.050e-79,238.0
m0134,m0242,35.1,6.320e-49,159.0
m0134,m0243,60.1,8.460e-114,330.0
m0134,m0244,43.2,1.080e-70,216.0
m0134,m0246,52.1,9.440e-94,275.0
m0134,m0247,61.5,3.220e-119,343.0
m0134,m0248,40.1,1.010e-53,172.0
m0134,m0251,45.2,7.790e-76,228.0
m0134,m0253,62.9,4.020e-124,358.0
m0134,m0258,65.1,5.340e-126,361.0
m0134,m0261,46.4,7.740e-89,262.0
m0134,m0263,37.2,1.440e-60,190.0
m0134,m0266,82.5,2.510e-171,471.0
m0134,m0267,48.8,3.360e-80,238.0
m0134,m0271,52.9,6.770e-96,280.0
m0134,m0272,45.0,1.110e-82,246.0
m0134,m0273,31.5,2.150e-30,112.0
m0134,m0276,54.2,2.110e-103,305.0
m0134,m0278,57.3,7.230e-108,315.0
m0134,m0280,61.3,2.470e-120,346.0
m0134,m0281,55.6,2.140e-104,306.0
m0134,m0282,40.9,1.620e-53,169.0
m0134,m0284,37.9,1.190e-54,174.0
m0134,m0287,32.9,9.980e-26,98.6
m0134,m0290,39.5,5.250e-54,173.0
m0134,m0292,46.2,1.770e-74,224.0
m0134,m0293,60.1,2.940e-120,347.0
m0134,m0294,60.5,4.750e-121,344.0
m0134,m0295,66.8,3.030e-132,376.0
m0134,m0297,54.4,4.380e-97,283.0
m0134,m0303,47.5,1.160e-83,248.0
m0134,m0304,51.0,2.240e-91,269.0
m0134,m0309,49.1,1.340e-84,252.0
m0134,m0311,40.3,7.320e-57,180.0
m0134,m0312,41.1,5.640e-54,172.0
m0134,m0314,61.4,3.460e-123,355.0
m0134,m0315,46.0,3.800e-80,240.0
m0134,m0317,53.6,2.690e-100,291.0
m0134,m0318,57.2,5.120e-109,319.0
m0134,m0320,55.4,2.890e-97,288.0
m0134,m0322,59.3,9.050e-117,338.0
m0134,m0324,80.1,6.830e-176,483.0
m0134,m0328,58.9,5.460e-116,332.0
m0134,m0329,47.1,1.850e-75,226.0
m0134,m0331,60.9,7.030e-124,355.0
m0134,m0332,55.9,4.660e-107,308.0
m0134,m0333,59.7,2.770e-123,356.0
m0134,m0335,45.6,1.860e-65,201.0
m0134,m0336,59.9,2.990e-114,327.0
m0134,m0337,51.3,9.100e-91,266.0
m0134,m0339,53.1,6.370e-108,316.0
m0134,m0340,80.5,7.000e-173,475.0
m0134,m0343,42.3,9.210e-64,197.0
m0134,m0344,61.8,2.120e-125,361.0
m0134,m0345,48.5,1.630e-86,256.0
m0134,m0347,62.8,9.820e-123,354.0
m0134,m0348,61.4,4.240e-121,350.0
m0134,m0349,60.6,2.080e-119,345.0
m0134,m0351,40.5,2.780e-57,181.0
m0134,m0354,40.6,8.360e-65,200.0
m0134,m0356,41.6,2.470e-53,171.0
m0134,m0363,59.9,5.780e-118,342.0
m0134,m0364,40.4,1.080e-60,189.0
m0134,m0365,44.1,2.570e-79,237.0
m0134,m0368,48.8,3.360e-85,253.0
m0134,m0369,33.5,3.230e-34,122.0
m0134,m0370,56.0,1.010e-104,303.0
m0134,m0371,34.5,2.970e-41,142.0
m0134,m0372,47.0,5.030e-77,231.0
m0134,m0377,47.0,5.610e-84,249.0
m0134,m0378,60.6,3.640e-120,348.0
m0134,m0380,51.8,6.270e-91,267.0
m0134,m0382,46.6,5.200e-77,231.0
m0134,m0383,39.3,1.750e-56,179.0
m0134,m0385,42.3,3.410e-61,192.0
m0134,m0387,39.9,6.670e-57,180.0
m0134,m0388,47.5,5.360e-83,248.0
m0134,m0390,55.7,5.260e-99,288.0
m0134,m0393,61.9,4.820e-125,360.0
m0134,m0394,50.7,1.620e-90,266.0
m0134,m0396,31.2,2.140e-12,60.1
m0134,m0397,57.6,6.980e-112,327.0
m0134,m0399,63.7,1.590e-131,376.0
m0134,m0401,52.8,9.470e-99,287.0
m0134,m0404,56.9,2.030e-110,318.0
m0134,m0405,62.5,2.340e-120,345.0
m0134,m0407,43.8,1.850e-73,223.0
m0134,m0409,39.2,7.420e-54,173.0
m0134,m0411,51.6,9.510e-94,275.0
m0135,m0138,35.7,5.930e-38,131.0
m0135,m0139,48.7,1.630e-82,251.0
m0135,m0142,69.2,9.090e-128,359.0
m0135,m0145,46.4,6.550e-84,253.0
m0135,m0150,47.8,1.360e-92,271.0
m0135,m0155,49.7,2.420e-85,258.0
m0135,m0156,54.7,3.200e-113,324.0
m0135,m0158,46.1,2.560e-79,243.0
m0135,m0159,48.5,9.880e-80,243.0
m0135,m0160,39.7,2.530e-65,201.0
m0135,m0161,36.1,2.650e-37,128.0
m0135,m0162,48.3,9.580e-83,252.0
m0135,m0163,44.3,2.220e-78,234.0
m0135,m0164,51.7,7.410e-85,256.0
m0135,m0166,40.1,7.850e-55,175.0
m0135,m0167,52.6,5.780e-107,308.0
m0135,m0168,43.1,7.880e-77,231.0
m0135,m0169,57.4,2.510e-121,345.0
m0135,m0170,50.7,1.280e-83,252.0
m0135,m0171,43.8,1.930e-75,227.0
m0135,m0173,46.9,7.710e-79,240.0
m0135,m0174,48.8,4.370e-81,246.0
m0135,m0175,51.9,1.540e-84,255.0
m0135,m0176,43.0,1.180e-75,228.0
m0135,m0177,39.5,2.470e-69,212.0
m0135,m0179,49.8,1.720e-81,246.0
m0135,m0182,51.6,1.170e-87,264.0
m0135,m0183,48.5,1.100e-80,245.0
m0135,m0184,44.9,2.020e-74,225.0
m0135,m0187,63.7,2.970e-120,340.0
m0135,m0188,49.8,6.640e-85,256.0
m0135,m0191,47.9,2.040e-80,239.0
m0135,m0192,49.7,5.010e-96,280.0
m0135,m0193,62.3,2.720e-132,373.0
m0135,m0194,41.0,9.310e-70,213.0
m0135,m0197,51.8,5.590e-106,306.0
m0135,m0198,46.6,5.660e-75,231.0
m0135,m0204,45.7,2.090e-72,221.0
m0135,m0205,47.5,1.380e-84,256.0
m0135,m0209,42.1,1.660e-67,206.0
m0135,m0212,46.8,9.760e-82,244.0
m0135,m0213,48.2,1.640e-84,255.0
m0135,m0214,47.5,5.810e-83,252.0
m0135,m0215,51.0,1.500e-70,219.0
m0135,m0225,46.2,4.010e-74,228.0
m0135,m0226,49.5,1.240e-86,261.0
m0135,m0228,70.0,1.340e-132,371.0
m0135,m0229,63.2,3.580e-133,375.0
m0135,m0230,55.3,2.490e-111,319.0
m0135,m0231,61.9,2.010e-121,345.0
m0135,m0232,60.3,1.100e-124,353.0
m0135,m0233,61.5,7.840e-126,355.0
m0135,m0235,45.3,3.530e-79,239.0
m0135,m0236,53.2,2.330e-85,257.0
m0135,m0241,58.6,1.340e-121,345.0
m0135,m0242,44.3,8.430e-70,213.0
m0135,m0243,48.5,1.650e-83,252.0
m0135,m0244,49.3,3.800e-88,260.0
m0135,m0246,58.3,6.220e-127,358.0
m0135,m0247,49.5,2.650e-80,243.0
m0135,m0248,46.8,1.170e-77,233.0
m0135,m0251,49.6,3.320e-91,267.0
m0135,m0253,48.5,4.550e-84,255.0
m0135,m0258,49.3,1.710e-81,247.0
m0135,m0261,60.7,4.570e-128,362.0
m0135,m0263,47.0,4.810e-77,232.0
m0135,m0266,53.1,4.710e-90,265.0
m0135,m0267,63.7,4.390e-116,329.0
m0135,m0271,64.5,9.030e-136,381.0
m0135,m0272,47.6,1.080e-88,261.0
m0135,m0273,33.3,4.780e-31,114.0
m0135,m0276,46.7,5.780e-83,252.0
m0135,m0278,48.5,1.760e-77,237.0
m0135,m0280,50.5,2.110e-81,246.0
m0135,m0281,46.8,1.270e-83,253.0
m0135,m0282,50.6,9.610e-71,213.0
m0135,m0284,42.2,1.240e-67,207.0
m0135,m0287,31.9,7.950e-36,125.0
m0135,m0290,43.0,9.630e-77,231.0
m0135,m0292,53.6,2.510e-98,285.0
m0135,m0293,49.8,4.870e-86,259.0
m0135,m0294,48.1,1.230e-83,249.0
m0135,m0295,53.0,7.240e-89,265.0
m0135,m0297,60.1,1.250e-121,345.0
m0135,m0303,54.7,2.430e-111,318.0
m0135,m0304,63.8,2.100e-129,365.0
m0135,m0309,54.5,2.290e-116,332.0
m0135,m0311,43.4,2.890e-75,227.0
m0135,m0312,43.6,7.820e-73,220.0
m0135,m0314,47.8,3.340e-81,248.0
m0135,m0315,57.3,2.190e-120,342.0
m0135,m0317,57.7,3.680e-113,323.0
m0135,m0318,47.7,2.990e-82,250.0
m0135,m0320,47.7,3.570e-78,238.0
m0135,m0322,47.3,5.340e-82,249.0
m0135,m0324,53.6,3.780e-94,275.0
m0135,m0328,49.1,6.640e-81,243.0
m0135,m0329,61.8,4.970e-121,342.0
m0135,m0331,50.3,6.050e-82,248.0
m0135,m0332,61.1,6.460e-127,358.0
m0135,m0333,49.3,3.400e-85,258.0
m0135,m0335,51.7,1.140e-78,235.0
m0135,m0336,49.0,2.660e-87,258.0
m0135,m0337,60.6,1.030e-124,352.0
m0135,m0339,47.5,2.560e-81,248.0
m0135,m0340,53.0,1.420e-93,274.0
m0135,m0341,35.3,2.080e-06,42.4
m0135,m0343,49.8,9.780e-94,273.0
m0135,m0344,47.5,5.230e-81,247.0
m0135,m0345,52.6,1.830e-96,281.0
m0135,m0347,47.4,7.560e-83,252.0
m0135,m0348,46.4,2.500e-80,245.0
m0135,m0349,50.7,5.080e-87,262.0
m0135,m0351,40.9,7.890e-73,221.0
m0135,m0354,47.2,3.730e-78,234.0
m0135,m0356,43.1,1.200e-70,216.0
m0135,m0363,49.2,3.510e-86,260.0
m0135,m0364,53.5,9.580e-98,284.0
m0135,m0365,49.8,3.750e-100,290.0
m0135,m0368,50.3,4.660e-96,280.0
m0135,m0369,34.2,9.630e-32,115.0
m0135,m0370,49.3,8.610e-86,254.0
m0135,m0371,35.5,1.540e-44,151.0
m0135,m0372,55.6,1.610e-109,314.0
m0135,m0377,60.1,6.810e-128,361.0
m0135,m0378,48.3,1.510e-82,251.0
m0135,m0380,62.1,9.660e-123,347.0
m0135,m0382,57.2,4.760e-109,313.0
m0135,m0383,44.1,1.360e-77,233.0
m0135,m0385,47.2,8.950e-77,231.0
m0135,m0387,44.3,5.230e-72,218.0
m0135,m0388,58.9,2.460e-117,335.0
m0135,m0390,60.1,6.770e-127,358.0
m0135,m0393,47.8,2.070e-81,248.0
m0135,m0394,63.4,2.610e-129,364.0
m0135,m0397,49.0,3.910e-82,250.0
m0135,m0399,50.0,1.290e-84,256.0
m0135,m0401,63.5,1.670e-131,370.0
m0135,m0404,49.1,3.820e-79,238.0
m0135,m0405,50.3,7.550e-85,254.0
m0135,m0407,45.2,1.880e-79,238.0
m0135,m0409,42.2,6.410e-66,204.0
m0135,m0411,63.0,6.450e-134,377.0
m0136,m0152,33.4,3.430e-30,111.0
m0136,m0172,54.8,1.460e-115,333.0
m0136,m0180,30.1,3.050e-30,112.0
m0136,m0186,31.9,8.460e-25,97.4
m0136,m0190,36.5,4.970e-43,146.0
m0136,m0206,39.4,6.570e-61,192.0
m0136,m0208,36.2,9.920e-34,121.0
m0136,m0218,43.4,9.370e-78,237.0
m0136,m0219,68.8,1.120e-157,439.0
m0136,m0220,30.0,1.120e-24,96.7
m0136,m0224,32.5,2.080e-29,110.0
m0136,m0240,47.6,5.070e-89,264.0
m0136,m0255,34.4,1.620e-26,100.0
m0136,m0268,51.9,1.130e-105,308.0
m0136,m0275,30.8,8.090e-35,124.0
m0136,m0286,33.2,2.400e-34,124.0
m0136,m0316,31.6,4.030e-30,112.0
m0136,m0321,35.2,1.320e-40,139.0
m0136,m0353,33.1,1.570e-27,103.0
m0136,m0357,34.6,5.080e-34,121.0
m0136,m0379,56.9,4.500e-119,342.0
m0136,m0384,32.5,2.310e-26,101.0
m0136,m0386,32.0,3.020e-32,117.0
m0136,m0389,31.9,1.460e-29,110.0
m0136,m0403,30.4,3.760e-22,89.7
m0136,m0412,31.0,1.000e-28,107.0
m0137,m0215,30.7,1.390e-06,43.5
m0137,m0225,30.7,1.420e-06,43.5
m0138,m0142,30.0,1.650e-29,107.0
m0138,m0145,31.2,1.440e-32,119.0
m0138,m0155,33.6,2.530e-25,99.4
m0138,m0159,30.2,2.440e-27,105.0
m0138,m0161,85.4,1.870e-178,488.0
m0138,m0162,30.3,1.290e-25,100.0
m0138,m0163,30.2,1.690e-24,94.7
m0138,m0168,30.2,5.700e-36,125.0
m0138,m0169,31.5,1.130e-30,112.0
m0138,m0173,32.4,4.930e-24,95.5
m0138,m0176,32.0,3.710e-37,129.0
m0138,m0179,32.6,5.720e-24,95.1
m0138,m0184,30.9,2.790e-37,129.0
m0138,m0187,35.1,5.410e-38,130.0
m0138,m0188,32.1,2.070e-26,102.0
m0138,m0191,36.3,1.460e-40,137.0
m0138,m0193,30.8,2.540e-31,114.0
m0138,m0194,30.7,7.960e-36,125.0
m0138,m0198,31.0,1.710e-28,108.0
m0138,m0213,30.9,9.600e-27,103.0
m0138,m0214,30.5,2.040e-27,105.0
m0138,m0226,30.0,4.530e-27,104.0
m0138,m0228,31.8,4.700e-33,117.0
m0138,m0229,33.9,9.410e-38,130.0
m0138,m0232,32.3,1.230e-30,111.0
m0138,m0233,32.3,1.080e-31,114.0
m0138,m0236,33.8,8.920e-27,103.0
m0138,m0241,32.2,2.280e-35,124.0
m0138,m0244,30.8,4.590e-32,115.0
m0138,m0248,31.0,1.340e-33,119.0
m0138,m0251,31.1,8.650e-24,92.8
m0138,m0253,31.2,1.600e-28,108.0
m0138,m0261,30.8,3.850e-29,107.0
m0138,m0263,32.5,6.360e-37,128.0
m0138,m0266,31.9,5.310e-25,96.3
m0138,m0267,31.5,3.540e-27,101.0
m0138,m0271,33.2,5.100e-36,126.0
m0138,m0272,31.2,1.100e-29,108.0
m0138,m0273,33.2,3.000e-36,128.0
m0138,m0280,30.1,1.160e-28,108.0
m0138,m0287,30.1,1.590e-22,89.7
m0138,m0290,32.2,1.420e-40,138.0
m0138,m0293,31.0,1.840e-23,94.0
m0138,m0295,31.5,4.040e-27,103.0
m0138,m0304,31.9,2.070e-31,114.0
m0138,m0309,31.2,1.250e-33,120.0
m0138,m0311,32.2,3.080e-43,145.0
m0138,m0312,30.9,1.140e-35,124.0
m0138,m0314,30.8,2.220e-28,108.0
m0138,m0315,31.5,1.690e-34,122.0
m0138,m0317,33.5,1.370e-29,108.0
m0138,m0318,30.6,3.030e-26,102.0
m0138,m0329,33.2,2.370e-34,120.0
m0138,m0331,32.9,6.870e-28,106.0
m0138,m0333,30.8,4.290e-28,107.0
m0138,m0335,30.3,1.210e-21,86.7
m0138,m0337,30.9,5.620e-27,101.0
m0138,m0340,31.1,4.570e-26,99.4
m0138,m0343,31.9,5.650e-32,114.0
m0138,m0344,30.4,2.810e-27,105.0
m0138,m0347,30.4,1.070e-27,106.0
m0138,m0348,30.0,8.510e-29,109.0
m0138,m0351,32.5,2.470e-42,142.0
m0138,m0354,32.5,3.320e-42,142.0
m0138,m0369,33.2,7.660e-40,137.0
m0138,m0377,31.5,6.240e-30,109.0
m0138,m0378,30.0,3.730e-27,104.0
m0138,m0380,32.5,6.710e-32,114.0
m0138,m0382,31.6,3.690e-31,112.0
m0138,m0383,32.8,1.580e-40,138.0
m0138,m0385,33.9,5.420e-38,131.0
m0138,m0388,30.5,1.100e-25,98.6
m0138,m0393,30.1,2.550e-26,102.0
m0138,m0394,30.4,2.140e-31,113.0
m0138,m0397,30.6,2.920e-27,105.0
m0138,m0401,31.3,5.350e-29,107.0
m0138,m0405,32.1,2.130e-23,93.2
m0138,m0407,30.0,7.310e-24,93.2
m0138,m0409,30.1,1.320e-30,112.0
m0138,m0411,32.4,3.830e-36,126.0
m0139,m0142,49.2,1.990e-78,239.0
m0139,m0145,39.0,8.480e-58,191.0
m0139,m0150,40.3,1.640e-65,206.0
m0139,m0155,59.2,1.610e-184,516.0
m0139,m0156,50.5,7.060e-84,254.0
m0139,m0158,56.5,6.340e-176,495.0
m0139,m0159,56.3,3.130e-176,496.0
m0139,m0160,36.9,4.880e-48,160.0
m0139,m0161,33.3,5.050e-29,108.0
m0139,m0162,56.6,2.620e-174,492.0
m0139,m0163,41.2,2.000e-54,177.0
m0139,m0164,60.7,5.320e-164,464.0
m0139,m0166,35.9,3.900e-35,127.0
m0139,m0167,52.3,1.970e-90,271.0
m0139,m0168,38.7,7.910e-48,160.0
m0139,m0169,47.3,1.890e-79,243.0
m0139,m0170,75.9,2.970e-191,532.0
m0139,m0171,39.0,6.840e-53,173.0
m0139,m0173,62.1,3.470e-188,525.0
m0139,m0174,62.3,7.830e-132,382.0
m0139,m0175,71.3,1.770e-159,452.0
m0139,m0176,40.3,6.200e-52,171.0
m0139,m0177,35.5,3.130e-42,145.0
m0139,m0179,63.1,9.200e-183,510.0
m0139,m0182,54.4,6.870e-104,311.0
m0139,m0183,65.2,2.300e-127,370.0
m0139,m0184,41.1,6.590e-52,171.0
m0139,m0187,46.9,5.620e-73,224.0
m0139,m0188,76.3,6.450e-174,489.0
m0139,m0191,39.9,1.380e-52,172.0
m0139,m0192,45.5,9.470e-73,225.0
m0139,m0193,47.3,9.060e-83,252.0
m0139,m0194,39.1,3.010e-47,159.0
m0139,m0197,48.9,1.590e-78,241.0
m0139,m0198,57.4,4.800e-174,489.0
m0139,m0204,54.8,1.820e-114,334.0
m0139,m0205,57.2,3.280e-175,493.0
m0139,m0209,40.6,1.250e-52,172.0
m0139,m0212,58.9,4.680e-122,353.0
m0139,m0213,57.1,1.150e-162,460.0
m0139,m0214,53.6,5.160e-167,473.0
m0139,m0215,58.4,8.230e-158,447.0
m0139,m0225,53.7,1.810e-155,442.0
m0139,m0226,56.4,5.680e-174,490.0
m0139,m0227,30.2,1.880e-11,58.2
m0139,m0228,52.3,1.770e-83,251.0
m0139,m0229,46.0,6.160e-84,254.0
m0139,m0230,47.7,1.830e-79,243.0
m0139,m0231,43.9,3.860e-80,245.0
m0139,m0232,50.2,4.710e-92,275.0
m0139,m0233,50.7,8.850e-91,271.0
m0139,m0235,58.2,2.710e-122,354.0
m0139,m0236,64.9,3.920e-200,555.0
m0139,m0241,43.5,4.550e-71,221.0
m0139,m0242,34.3,2.040e-46,156.0
m0139,m0243,63.9,3.130e-193,538.0
m0139,m0244,40.3,2.150e-59,191.0
m0139,m0246,49.0,3.600e-86,260.0
m0139,m0247,68.1,4.650e-143,409.0
m0139,m0248,39.8,1.180e-49,165.0
m0139,m0251,42.4,1.770e-65,206.0
m0139,m0253,58.2,1.230e-176,497.0
m0139,m0258,51.5,1.100e-126,368.0
m0139,m0261,45.0,6.680e-82,249.0
m0139,m0263,37.3,6.210e-50,166.0
m0139,m0264,30.1,3.610e-14,66.6
m0139,m0266,56.9,5.140e-112,326.0
m0139,m0267,45.9,1.780e-69,215.0
m0139,m0271,46.6,3.370e-86,260.0
m0139,m0272,44.4,3.640e-74,229.0
m0139,m0276,59.1,5.190e-186,521.0
m0139,m0278,64.5,7.760e-127,369.0
m0139,m0280,68.5,1.020e-180,505.0
m0139,m0281,57.5,1.640e-174,490.0
m0139,m0282,42.6,5.640e-53,172.0
m0139,m0284,41.8,2.260e-59,190.0
m0139,m0290,35.9,3.450e-48,161.0
m0139,m0292,48.4,1.170e-73,227.0
m0139,m0293,59.7,1.380e-183,514.0
m0139,m0294,59.4,7.780e-121,349.0
m0139,m0295,56.3,6.050e-106,315.0
m0139,m0297,52.8,3.530e-92,275.0
m0139,m0303,46.3,7.440e-72,223.0
m0139,m0304,50.2,1.620e-83,253.0
m0139,m0309,48.2,3.750e-78,240.0
m0139,m0311,38.3,1.600e-49,165.0
m0139,m0312,39.3,7.600e-47,157.0
m0139,m0314,57.7,1.500e-180,507.0
m0139,m0315,47.6,4.780e-74,229.0
m0139,m0317,50.9,2.630e-85,257.0
m0139,m0318,52.5,5.030e-104,311.0
m0139,m0320,58.3,6.140e-170,478.0
m0139,m0322,55.1,1.460e-171,484.0
m0139,m0324,57.7,3.910e-114,332.0
m0139,m0328,62.2,6.870e-126,363.0
m0139,m0329,45.5,1.450e-69,216.0
m0139,m0331,70.2,8.850e-184,513.0
m0139,m0332,52.7,4.130e-94,280.0
m0139,m0333,55.6,1.740e-175,494.0
m0139,m0335,45.5,3.390e-57,184.0
m0139,m0336,61.2,1.610e-122,353.0
m0139,m0337,49.3,4.550e-80,243.0
m0139,m0339,57.6,4.220e-185,518.0
m0139,m0340,58.6,1.340e-111,325.0
m0139,m0343,40.0,4.880e-58,186.0
m0139,m0344,56.0,1.070e-176,498.0
m0139,m0345,45.8,6.580e-70,218.0
m0139,m0347,57.0,7.540e-176,495.0
m0139,m0348,56.4,2.290e-179,504.0
m0139,m0349,68.5,5.570e-163,462.0
m0139,m0351,37.5,1.770e-48,162.0
m0139,m0354,38.3,1.270e-53,175.0
m0139,m0356,39.0,1.730e-43,149.0
m0139,m0363,54.8,1.070e-171,484.0
m0139,m0364,38.9,1.170e-61,196.0
m0139,m0365,46.5,1.130e-73,227.0
m0139,m0368,49.3,2.400e-79,242.0
m0139,m0369,31.9,2.580e-29,112.0
m0139,m0370,64.5,1.630e-124,358.0
m0139,m0372,45.7,2.290e-70,219.0
m0139,m0377,45.5,1.760e-79,243.0
m0139,m0378,55.9,6.120e-175,493.0
m0139,m0380,49.8,6.350e-83,251.0
m0139,m0382,44.3,1.680e-70,219.0
m0139,m0383,36.5,5.780e-46,155.0
m0139,m0385,38.5,1.030e-51,171.0
m0139,m0387,38.0,4.320e-54,176.0
m0139,m0388,47.5,1.650e-78,241.0
m0139,m0390,52.0,2.500e-87,263.0
m0139,m0393,56.1,2.280e-179,504.0
m0139,m0394,49.1,5.660e-80,244.0
m0139,m0396,30.6,9.410e-13,61.6
m0139,m0397,55.5,1.740e-174,492.0
m0139,m0399,56.8,8.710e-136,392.0
m0139,m0401,52.3,1.390e-94,281.0
m0139,m0404,50.0,3.450e-115,336.0
m0139,m0405,73.0,1.730e-143,409.0
m0139,m0407,44.6,7.750e-74,228.0
m0139,m0409,37.5,2.410e-49,165.0
m0139,m0411,48.8,3.630e-89,268.0
m0140,m0146,30.4,4.000e-37,137.0
m0140,m0151,32.0,4.400e-60,199.0
m0140,m0189,31.3,5.360e-48,167.0
m0142,m0145,49.3,7.980e-89,265.0
m0142,m0150,51.9,2.690e-98,284.0
m0142,m0155,50.4,7.550e-82,247.0
m0142,m0156,60.1,4.490e-111,317.0
m0142,m0158,49.6,1.460e-82,249.0
m0142,m0159,48.9,2.750e-77,236.0
m0142,m0160,44.6,4.520e-76,228.0
m0142,m0161,32.2,1.050e-38,131.0
m0142,m0162,52.3,2.400e-84,255.0
m0142,m0163,44.1,3.930e-67,204.0
m0142,m0164,52.3,9.200e-84,252.0
m0142,m0166,42.7,4.680e-59,185.0
m0142,m0167,60.1,4.250e-117,332.0
m0142,m0168,44.5,1.200e-74,224.0
m0142,m0169,63.6,7.420e-121,342.0
m0142,m0170,50.4,3.230e-79,239.0
m0142,m0171,44.5,5.150e-66,202.0
m0142,m0173,46.9,4.840e-75,229.0
m0142,m0174,48.3,7.770e-80,241.0
m0142,m0175,52.5,4.280e-85,255.0
m0142,m0176,46.0,7.650e-78,232.0
m0142,m0177,46.7,5.350e-78,233.0
m0142,m0179,50.4,7.590e-84,251.0
m0142,m0182,52.1,4.560e-88,263.0
m0142,m0183,52.1,1.520e-87,261.0
m0142,m0184,43.9,2.400e-74,223.0
m0142,m0187,67.8,1.670e-125,352.0
m0142,m0188,50.4,3.270e-80,243.0
m0142,m0191,48.3,5.780e-79,234.0
m0142,m0192,50.4,2.070e-88,259.0
m0142,m0193,66.5,5.760e-127,358.0
m0142,m0194,42.6,1.410e-70,214.0
m0142,m0197,56.4,5.210e-102,294.0
m0142,m0198,46.9,3.620e-74,227.0
m0142,m0204,47.3,1.380e-71,218.0
m0142,m0205,49.2,9.570e-83,250.0
m0142,m0209,45.2,2.850e-62,192.0
m0142,m0212,48.5,1.150e-78,235.0
m0142,m0213,50.0,5.150e-84,252.0
m0142,m0214,50.4,1.150e-83,253.0
m0142,m0215,50.4,6.330e-74,226.0
m0142,m0225,50.0,1.290e-73,226.0
m0142,m0226,52.7,9.700e-87,260.0
m0142,m0228,69.5,2.560e-131,367.0
m0142,m0229,69.0,4.890e-131,368.0
m0142,m0230,59.5,1.670e-107,308.0
m0142,m0231,75.1,4.940e-146,406.0
m0142,m0232,63.3,3.400e-119,337.0
m0142,m0233,62.3,5.440e-117,332.0
m0142,m0235,49.2,7.110e-80,239.0
m0142,m0236,53.3,2.060e-84,253.0
m0142,m0241,62.4,1.440e-116,331.0
m0142,m0242,44.7,3.100e-74,223.0
m0142,m0243,48.3,1.170e-78,238.0
m0142,m0244,51.5,2.490e-92,269.0
m0142,m0246,66.4,9.180e-127,357.0
m0142,m0247,52.9,2.890e-86,257.0
m0142,m0248,47.4,5.620e-82,243.0
m0142,m0251,53.3,7.820e-96,278.0
m0142,m0253,50.0,5.640e-83,251.0
m0142,m0258,52.5,6.580e-88,262.0
m0142,m0261,65.6,1.030e-124,352.0
m0142,m0263,49.2,1.100e-84,250.0
m0142,m0266,54.1,9.480e-91,265.0
m0142,m0267,62.3,2.000e-113,321.0
m0142,m0271,68.7,5.780e-132,370.0
m0142,m0272,46.7,6.990e-83,245.0
m0142,m0273,33.8,3.710e-35,124.0
m0142,m0276,49.4,1.110e-77,237.0
m0142,m0278,51.0,2.520e-81,245.0
m0142,m0280,51.0,1.890e-80,242.0
m0142,m0281,49.6,1.130e-79,241.0
m0142,m0282,46.6,5.470e-67,202.0
m0142,m0284,41.6,1.440e-59,185.0
m0142,m0287,34.1,1.840e-33,118.0
m0142,m0290,48.5,2.330e-81,241.0
m0142,m0291,33.0,3.260e-26,98.6
m0142,m0292,59.5,4.450e-105,301.0
m0142,m0293,49.2,7.620e-80,242.0
m0142,m0294,51.7,3.260e-87,256.0
m0142,m0295,53.5,7.220e-87,259.0
m0142,m0297,64.7,2.890e-123,347.0
m0142,m0303,59.4,5.130e-109,311.0
m0142,m0304,67.7,7.100e-128,360.0
m0142,m0309,62.4,9.650e-116,329.0
m0142,m0311,47.9,5.010e-80,238.0
m0142,m0312,45.3,1.580e-74,223.0
m0142,m0314,50.8,2.670e-84,254.0
m0142,m0315,62.7,5.030e-117,332.0
m0142,m0317,58.2,8.940e-110,313.0
m0142,m0318,46.4,5.390e-71,219.0
m0142,m0320,50.4,1.140e-77,236.0
m0142,m0322,50.4,8.410e-82,247.0
m0142,m0324,51.9,3.600e-90,264.0
m0142,m0328,51.0,4.110e-83,247.0
m0142,m0329,64.3,6.180e-123,345.0
m0142,m0331,52.1,5.350e-84,252.0
m0142,m0332,65.2,2.970e-123,348.0
m0142,m0333,51.5,1.330e-85,258.0
m0142,m0335,48.5,1.220e-74,223.0
m0142,m0336,51.5,1.690e-86,255.0
m0142,m0337,62.9,1.560e-122,345.0
m0142,m0339,48.7,6.230e-77,235.0
m0142,m0340,51.0,2.530e-87,256.0
m0142,m0343,50.8,1.530e-86,254.0
m0142,m0344,50.4,1.660e-83,252.0
m0142,m0345,55.8,3.070e-98,284.0
m0142,m0347,50.8,1.340e-84,255.0
m0142,m0348,50.0,1.770e-81,247.0
m0142,m0349,50.0,3.860e-78,238.0
m0142,m0351,45.5,9.780e-78,232.0
m0142,m0354,48.3,6.910e-80,237.0
m0142,m0356,46.4,2.350e-77,231.0
m0142,m0363,50.8,7.710e-83,250.0
m0142,m0364,56.5,1.800e-101,292.0
m0142,m0365,52.5,1.150e-97,282.0
m0142,m0368,50.2,6.420e-92,268.0
m0142,m0369,32.8,1.970e-35,124.0
m0142,m0370,49.0,1.510e-79,237.0
m0142,m0371,35.2,5.140e-46,154.0
m0142,m0372,58.8,2.770e-106,304.0
m0142,m0377,63.6,3.480e-121,342.0
m0142,m0378,51.2,1.340e-84,255.0
m0142,m0380,68.6,2.910e-127,357.0
m0142,m0382,58.7,6.130e-108,308.0
m0142,m0383,43.4,2.090e-72,219.0
m0142,m0385,48.4,2.360e-83,247.0
m0142,m0387,41.9,1.980e-59,185.0
m0142,m0388,64.9,4.080e-121,343.0
m0142,m0390,64.7,2.470e-120,340.0
m0142,m0393,51.9,1.480e-85,258.0
m0142,m0394,62.3,5.630e-117,332.0
m0142,m0397,48.1,3.560e-74,228.0
m0142,m0399,51.2,8.030e-84,252.0
m0142,m0401,70.4,1.620e-134,376.0
m0142,m0404,46.4,3.660e-72,219.0
m0142,m0405,49.6,9.540e-84,250.0
m0142,m0407,45.8,7.780e-72,217.0
m0142,m0409,44.4,7.490e-72,218.0
m0142,m0411,68.3,8.790e-132,370.0
m0143,m0299,33.2,2.580e-50,174.0
m0143,m0323,33.7,2.010e-83,261.0
m0144,m0147,31.1,2.420e-46,163.0
m0144,m0375,37.5,2.340e-26,105.0
m0145,m0150,45.0,9.230e-75,229.0
m0145,m0155,37.9,4.510e-59,194.0
m0145,m0156,47.5,3.550e-86,259.0
m0145,m0158,43.9,1.280e-64,209.0
m0145,m0159,38.3,1.690e-61,200.0
m0145,m0160,39.9,1.130e-61,196.0
m0145,m0161,32.4,2.460e-36,128.0
m0145,m0162,39.3,1.020e-61,202.0
m0145,m0163,43.0,3.120e-62,197.0
m0145,m0164,42.6,4.100e-62,202.0
m0145,m0166,39.8,3.020e-67,211.0
m0145,m0167,48.5,1.240e-84,255.0
m0145,m0168,54.5,1.710e-102,301.0
m0145,m0169,51.7,8.670e-89,266.0
m0145,m0170,39.6,1.600e-58,191.0
m0145,m0171,41.9,1.700e-59,190.0
m0145,m0173,40.6,2.130e-58,191.0
m0145,m0174,36.6,1.140e-57,189.0
m0145,m0175,40.8,1.370e-59,195.0
m0145,m0176,50.8,3.480e-104,305.0
m0145,m0177,51.7,2.290e-94,280.0
m0145,m0179,43.7,3.180e-64,206.0
m0145,m0182,42.6,6.310e-62,201.0
m0145,m0183,41.9,1.810e-59,194.0
m0145,m0184,50.8,3.010e-103,303.0
m0145,m0187,50.2,9.390e-89,264.0
m0145,m0188,41.0,1.860e-56,187.0
m0145,m0191,60.2,1.770e-102,300.0
m0145,m0192,46.6,1.140e-73,227.0
m0145,m0193,50.5,2.010e-92,276.0
m0145,m0194,50.3,6.860e-102,299.0
m0145,m0197,43.5,9.100e-77,235.0
m0145,m0198,40.3,3.080e-62,202.0
m0145,m0204,40.1,6.000e-57,185.0
m0145,m0205,45.2,7.960e-66,212.0
m0145,m0209,40.0,6.430e-54,175.0
m0145,m0212,43.0,1.520e-57,186.0
m0145,m0213,42.4,4.570e-63,204.0
m0145,m0214,43.7,1.540e-64,209.0
m0145,m0215,43.1,1.770e-58,191.0
m0145,m0225,40.8,2.250e-60,197.0
m0145,m0226,43.9,1.810e-65,211.0
m0145,m0228,51.1,3.010e-92,273.0
m0145,m0229,50.0,2.140e-92,275.0
m0145,m0230,48.7,1.330e-81,247.0
m0145,m0231,50.7,1.240e-92,276.0
m0145,m0232,45.5,1.180e-79,242.0
m0145,m0233,47.2,6.220e-78,238.0
m0145,m0235,40.7,4.200e-57,186.0
m0145,m0236,42.2,1.020e-62,202.0
m0145,m0241,49.4,6.540e-89,266.0
m0145,m0242,44.7,1.600e-69,216.0
m0145,m0243,40.7,8.170e-57,187.0
m0145,m0244,69.1,4.750e-143,404.0
m0145,m0246,52.8,1.180e-97,288.0
m0145,m0247,41.5,2.480e-57,188.0
m0145,m0248,55.5,1.450e-102,301.0
m0145,m0251,43.1,4.430e-66,207.0
m0145,m0253,42.3,6.550e-66,212.0
m0145,m0258,41.9,2.760e-61,199.0
m0145,m0261,49.6,1.910e-86,260.0
m0145,m0263,64.4,7.420e-124,355.0
m0145,m0265,30.2,6.170e-17,72.8
m0145,m0266,40.8,1.290e-63,201.0
m0145,m0267,47.8,1.010e-83,251.0
m0145,m0271,48.5,4.580e-94,280.0
m0145,m0272,44.8,3.790e-73,225.0
m0145,m0273,41.5,1.830e-56,184.0
m0145,m0276,43.5,2.940e-65,210.0
m0145,m0278,39.6,1.350e-54,181.0
m0145,m0280,42.1,8.220e-63,202.0
m0145,m0281,41.9,3.350e-67,214.0
m0145,m0282,45.7,5.440e-66,205.0
m0145,m0284,42.7,3.530e-58,186.0
m0145,m0287,33.2,9.890e-40,138.0
m0145,m0290,51.8,6.240e-99,292.0
m0145,m0292,46.1,1.970e-74,228.0
m0145,m0293,41.5,2.680e-59,194.0
m0145,m0294,43.7,9.670e-65,204.0
m0145,m0295,40.5,5.650e-54,179.0
m0145,m0297,49.3,4.480e-86,258.0
m0145,m0303,46.2,1.470e-77,236.0
m0145,m0304,52.3,2.150e-97,288.0
m0145,m0309,49.6,6.240e-88,264.0
m0145,m0311,53.9,7.940e-102,299.0
m0145,m0312,54.5,1.360e-102,300.0
m0145,m0314,41.8,1.350e-65,211.0
m0145,m0315,46.5,7.370e-88,263.0
m0145,m0317,48.3,4.190e-83,251.0
m0145,m0318,38.4,4.240e-57,189.0
m0145,m0320,42.4,1.190e-59,194.0
m0145,m0322,43.2,1.440e-63,206.0
m0145,m0324,41.3,1.580e-64,203.0
m0145,m0328,41.0,3.090e-59,191.0
m0145,m0329,51.3,1.560e-92,274.0
m0145,m0331,40.7,3.870e-61,198.0
m0145,m0332,49.1,9.250e-89,266.0
m0145,m0333,39.6,1.200e-63,206.0
m0145,m0335,49.4,1.390e-74,228.0
m0145,m0336,41.0,1.750e-60,193.0
m0145,m0337,50.4,4.060e-89,266.0
m0145,m0339,42.8,1.690e-63,206.0
m0145,m0340,39.6,9.720e-62,196.0
m0145,m0343,51.0,6.170e-89,265.0
m0145,m0344,43.9,1.580e-64,209.0
m0145,m0345,45.9,4.190e-74,228.0
m0145,m0347,43.2,7.780e-64,207.0
m0145,m0348,42.8,1.540e-62,203.0
m0145,m0349,39.6,3.300e-56,186.0
m0145,m0351,52.7,1.060e-102,301.0
m0145,m0354,63.8,5.340e-120,345.0
m0145,m0356,59.1,1.970e-107,314.0
m0145,m0363,42.4,2.060e-63,205.0
m0145,m0364,43.2,1.300e-74,229.0
m0145,m0365,42.7,8.380e-73,224.0
m0145,m0368,43.3,1.380e-77,237.0
m0145,m0369,41.5,1.210e-58,190.0
m0145,m0370,44.6,1.320e-67,211.0
m0145,m0371,35.4,3.850e-73,230.0
m0145,m0372,46.0,2.930e-77,236.0
m0145,m0377,49.6,1.150e-85,258.0
m0145,m0378,43.4,3.960e-64,207.0
m0145,m0380,52.2,4.300e-94,279.0
m0145,m0382,54.9,1.610e-105,308.0
m0145,m0383,55.9,2.690e-104,306.0
m0145,m0385,56.1,4.450e-120,346.0
m0145,m0387,42.9,9.500e-58,185.0
m0145,m0388,47.6,1.910e-79,242.0
m0145,m0390,48.7,4.980e-86,258.0
m0145,m0393,44.6,6.680e-64,207.0
m0145,m0394,46.0,1.640e-84,254.0
m0145,m0397,37.8,9.360e-58,191.0
m0145,m0399,43.7,8.860e-64,206.0
m0145,m0401,54.0,1.450e-98,290.0
m0145,m0404,39.3,5.930e-58,187.0
m0145,m0405,41.7,5.300e-60,194.0
m0145,m0407,40.4,3.830e-63,199.0
m0145,m0409,52.1,7.470e-101,297.0
m0145,m0411,53.0,3.070e-95,283.0
m0146,m0151,32.7,7.990e-52,177.0
m0146,m0199,30.2,1.010e-14,70.5
m0146,m0270,30.6,6.620e-37,137.0
m0146,m0300,31.9,4.030e-50,173.0
m0146,m0358,32.0,1.020e-14,70.5
m0148,m0149,42.9,6.660e-73,223.0
m0148,m0288,30.2,8.570e-07,44.3
m0148,m0352,33.6,1.610e-24,96.3
m0148,m0398,40.7,9.500e-11,56.6
m0149,m0288,31.5,1.750e-08,49.3
m0149,m0289,32.0,1.470e-08,48.9
m0149,m0352,32.9,3.080e-27,103.0
m0149,m0398,36.4,4.110e-10,54.3
m0150,m0155,41.0,2.500e-65,206.0
m0150,m0156,50.9,1.390e-89,263.0
m0150,m0158,41.9,7.810e-68,213.0
m0150,m0159,43.4,4.810e-63,200.0
m0150,m0160,39.9,5.430e-68,208.0
m0150,m0162,43.3,1.050e-67,213.0
m0150,m0163,45.7,2.280e-81,242.0
m0150,m0164,42.3,4.720e-70,218.0
m0150,m0166,38.9,6.150e-51,165.0
m0150,m0167,48.6,4.560e-94,275.0
m0150,m0168,39.9,1.600e-65,202.0
m0150,m0169,55.5,1.150e-107,310.0
m0150,m0170,42.8,1.720e-68,213.0
m0150,m0171,46.3,5.430e-81,241.0
m0150,m0173,37.6,1.010e-58,188.0
m0150,m0174,43.2,2.280e-68,213.0
m0150,m0175,43.6,1.800e-70,219.0
m0150,m0176,40.5,8.420e-68,207.0
m0150,m0177,42.9,2.300e-70,214.0
m0150,m0179,42.0,1.150e-66,208.0
m0150,m0182,43.0,1.870e-70,219.0
m0150,m0183,43.2,2.750e-65,205.0
m0150,m0184,41.1,5.040e-67,206.0
m0150,m0187,52.9,2.580e-97,281.0
m0150,m0188,45.1,2.150e-70,219.0
m0150,m0191,41.8,7.140e-65,199.0
m0150,m0192,48.2,1.590e-92,271.0
m0150,m0193,54.3,3.980e-105,303.0
m0150,m0194,38.7,3.580e-64,198.0
m0150,m0197,43.6,6.610e-79,236.0
m0150,m0198,43.0,7.280e-62,196.0
m0150,m0204,37.6,4.800e-55,176.0
m0150,m0205,45.7,1.270e-72,225.0
m0150,m0209,42.6,2.200e-71,216.0
m0150,m0212,42.3,6.170e-66,204.0
m0150,m0213,43.9,2.510e-71,221.0
m0150,m0214,43.0,4.770e-68,213.0
m0150,m0215,44.5,1.120e-59,190.0
m0150,m0225,42.6,2.820e-60,192.0
m0150,m0226,43.9,1.140e-71,222.0
m0150,m0228,52.1,9.020e-95,275.0
m0150,m0229,52.4,3.760e-101,293.0
m0150,m0230,42.0,1.620e-76,230.0
m0150,m0231,54.7,1.950e-109,315.0
m0150,m0232,52.1,9.860e-104,299.0
m0150,m0233,52.4,3.860e-102,295.0
m0150,m0235,44.2,4.170e-66,205.0
m0150,m0236,43.7,2.870e-71,220.0
m0150,m0241,51.0,1.340e-99,289.0
m0150,m0242,41.7,7.250e-69,210.0
m0150,m0243,41.2,8.080e-65,204.0
m0150,m0244,47.3,2.720e-83,247.0
m0150,m0246,55.9,3.620e-114,326.0
m0150,m0247,44.6,3.370e-72,222.0
m0150,m0248,45.6,1.250e-74,225.0
m0150,m0251,78.2,3.140e-166,457.0
m0150,m0253,42.8,3.870e-69,216.0
m0150,m0258,43.9,5.610e-67,209.0
m0150,m0261,50.3,7.620e-100,290.0
m0150,m0263,43.7,1.490e-70,215.0
m0150,m0266,43.6,3.230e-72,219.0
m0150,m0267,46.7,7.350e-83,244.0
m0150,m0271,49.8,5.510e-98,285.0
m0150,m0272,46.1,1.210e-77,233.0
m0150,m0273,35.3,4.690e-40,137.0
m0150,m0276,43.8,2.730e-63,201.0
m0150,m0277,30.5,9.730e-13,61.2
m0150,m0278,44.7,2.710e-70,218.0
m0150,m0280,44.0,1.640e-68,213.0
m0150,m0281,44.6,4.390e-65,204.0
m0150,m0282,38.8,6.980e-51,162.0
m0150,m0284,42.0,1.870e-70,214.0
m0150,m0290,48.3,5.160e-74,224.0
m0150,m0292,45.7,3.160e-84,249.0
m0150,m0293,42.3,4.570e-71,220.0
m0150,m0294,45.2,1.150e-70,215.0
m0150,m0295,40.7,1.000e-60,192.0
m0150,m0297,55.6,1.110e-110,317.0
m0150,m0303,46.6,3.580e-86,254.0
m0150,m0304,51.7,2.860e-100,291.0
m0150,m0309,50.0,7.590e-95,277.0
m0150,m0311,46.3,3.880e-73,221.0
m0150,m0312,44.5,5.420e-71,215.0
m0150,m0314,42.9,1.030e-69,218.0
m0150,m0315,50.9,1.540e-98,286.0
m0150,m0317,55.4,8.940e-112,319.0
m0150,m0318,41.8,5.030e-63,200.0
m0150,m0320,40.4,3.370e-58,186.0
m0150,m0322,43.6,1.730e-70,219.0
m0150,m0324,41.2,1.360e-70,215.0
m0150,m0328,42.7,1.160e-67,208.0
m0150,m0329,50.6,4.990e-92,268.0
m0150,m0331,44.0,5.850e-70,217.0
m0150,m0332,56.3,1.330e-109,314.0
m0150,m0333,42.6,1.600e-69,217.0
m0150,m0335,44.4,5.600e-63,194.0
m0150,m0336,41.3,2.070e-67,207.0
m0150,m0337,54.9,6.760e-104,299.0
m0150,m0339,42.7,1.890e-59,191.0
m0150,m0340,42.6,1.130e-71,218.0
m0150,m0343,45.1,2.100e-80,239.0
m0150,m0344,42.9,2.470e-68,214.0
m0150,m0345,48.0,5.340e-91,267.0
m0150,m0347,42.5,1.240e-67,212.0
m0150,m0348,43.6,5.450e-69,216.0
m0150,m0349,43.6,2.210e-69,216.0
m0150,m0351,45.0,6.250e-78,234.0
m0150,m0354,45.1,1.510e-72,219.0
m0150,m0356,41.9,8.990e-68,208.0
m0150,m0363,44.6,1.610e-71,222.0
m0150,m0364,47.7,5.200e-85,251.0
m0150,m0365,48.3,3.510e-83,246.0
m0150,m0368,41.5,5.130e-69,211.0
m0150,m0369,33.7,6.550e-41,140.0
m0150,m0370,41.9,1.200e-63,197.0
m0150,m0371,35.8,1.190e-44,151.0
m0150,m0372,52.8,3.450e-99,287.0
m0150,m0377,53.1,1.670e-104,301.0
m0150,m0378,42.3,1.590e-68,214.0
m0150,m0380,50.9,2.190e-97,283.0
m0150,m0382,54.8,1.340e-106,306.0
m0150,m0383,42.8,3.630e-75,227.0
m0150,m0385,38.1,1.930e-61,192.0
m0150,m0387,40.3,9.290e-65,199.0
m0150,m0388,53.5,1.030e-106,307.0
m0150,m0390,53.2,4.710e-108,310.0
m0150,m0393,44.1,9.740e-69,215.0
m0150,m0394,51.4,4.260e-94,275.0
m0150,m0397,42.6,7.240e-65,205.0
m0150,m0399,45.6,6.800e-72,223.0
m0150,m0401,53.7,2.580e-109,313.0
m0150,m0404,41.1,5.710e-64,199.0
m0150,m0405,40.1,4.010e-70,216.0
m0150,m0407,45.0,6.810e-83,246.0
m0150,m0409,44.5,1.690e-69,213.0
m0150,m0411,52.4,1.030e-103,300.0
m0151,m0189,35.3,4.520e-71,228.0
m0151,m0199,31.0,2.420e-27,108.0
m0151,m0222,32.7,6.020e-57,190.0
m0151,m0262,31.1,2.520e-55,186.0
m0151,m0270,35.8,8.510e-67,217.0
m0151,m0300,30.7,1.560e-63,207.0
m0151,m0306,30.5,1.220e-55,187.0
m0151,m0326,35.0,7.220e-57,190.0
m0151,m0362,31.5,1.000e-52,178.0
m0152,m0165,44.2,2.160e-65,204.0
m0152,m0172,33.1,1.120e-29,110.0
m0152,m0180,35.6,3.090e-54,174.0
m0152,m0186,45.3,1.090e-63,199.0
m0152,m0190,48.4,4.280e-86,257.0
m0152,m0208,46.3,7.240e-74,225.0
m0152,m0219,36.2,1.020e-35,126.0
m0152,m0220,37.4,3.400e-52,169.0
m0152,m0224,41.9,2.190e-64,202.0
m0152,m0240,32.8,7.370e-30,110.0
m0152,m0245,42.4,1.200e-75,229.0
m0152,m0250,42.2,3.700e-68,209.0
m0152,m0255,38.5,7.060e-47,154.0
m0152,m0268,30.3,2.790e-26,100.0
m0152,m0275,50.2,7.860e-88,261.0
m0152,m0283,38.1,1.290e-54,176.0
m0152,m0286,44.4,1.490e-74,228.0
m0152,m0316,44.3,7.900e-75,228.0
m0152,m0321,50.2,1.590e-92,273.0
m0152,m0353,43.6,2.290e-58,184.0
m0152,m0357,41.7,2.580e-59,186.0
m0152,m0361,34.0,2.550e-44,148.0
m0152,m0379,33.2,5.880e-32,116.0
m0152,m0384,34.9,1.580e-43,146.0
m0152,m0386,45.0,3.880e-77,233.0
m0152,m0389,44.4,1.360e-71,219.0
m0152,m0403,48.0,5.580e-70,215.0
m0152,m0412,42.1,1.450e-64,201.0
m0153,m0181,34.1,9.870e-06,40.0
m0155,m0156,51.2,9.320e-88,264.0
m0155,m0158,52.1,4.910e-160,454.0
m0155,m0159,50.5,4.790e-145,416.0
m0155,m0160,38.0,5.060e-50,166.0
m0155,m0161,32.7,1.710e-25,99.0
m0155,m0162,51.2,1.380e-153,439.0
m0155,m0163,39.9,2.530e-52,171.0
m0155,m0164,71.1,2.060e-153,437.0
m0155,m0166,33.3,2.520e-36,130.0
m0155,m0167,53.4,1.810e-91,273.0
m0155,m0168,38.0,1.210e-48,162.0
m0155,m0169,47.8,8.040e-82,249.0
m0155,m0170,55.5,5.240e-150,427.0
m0155,m0171,36.7,1.330e-48,162.0
m0155,m0173,70.6,1.160e-219,604.0
m0155,m0174,51.7,1.560e-131,380.0
m0155,m0175,62.6,1.060e-160,455.0
m0155,m0176,40.3,2.950e-55,179.0
m0155,m0177,35.4,3.310e-46,156.0
m0155,m0179,74.1,1.330e-222,611.0
m0155,m0182,57.7,1.720e-107,320.0
m0155,m0183,67.4,2.290e-127,370.0
m0155,m0184,40.1,2.690e-52,172.0
m0155,m0187,48.7,5.400e-74,227.0
m0155,m0188,55.3,6.350e-159,451.0
m0155,m0191,40.9,5.270e-54,176.0
m0155,m0192,45.1,2.560e-73,226.0
m0155,m0193,47.6,8.550e-87,262.0
m0155,m0194,39.3,1.530e-50,167.0
m0155,m0197,45.5,1.190e-78,241.0
m0155,m0198,48.5,2.790e-140,403.0
m0155,m0204,57.2,5.680e-116,337.0
m0155,m0205,53.4,1.670e-162,461.0
m0155,m0209,37.4,2.930e-51,168.0
m0155,m0212,59.2,4.940e-119,345.0
m0155,m0213,53.5,1.470e-150,429.0
m0155,m0214,52.0,4.220e-158,450.0
m0155,m0215,53.3,5.560e-143,409.0
m0155,m0225,52.3,6.490e-143,410.0
m0155,m0226,51.6,1.180e-155,443.0
m0155,m0227,32.0,3.980e-14,66.2
m0155,m0228,55.1,1.160e-87,262.0
m0155,m0229,50.3,5.670e-94,280.0
m0155,m0230,47.7,3.480e-83,252.0
m0155,m0231,46.4,1.020e-80,246.0
m0155,m0232,48.3,1.960e-88,265.0
m0155,m0233,51.5,8.120e-92,274.0
m0155,m0235,57.8,3.360e-123,356.0
m0155,m0236,70.2,8.260e-216,594.0
m0155,m0241,47.2,2.080e-76,234.0
m0155,m0242,36.9,2.340e-46,156.0
m0155,m0243,74.6,7.250e-232,635.0
m0155,m0244,41.4,9.410e-63,199.0
m0155,m0246,50.4,3.750e-86,259.0
m0155,m0247,66.7,2.720e-134,387.0
m0155,m0248,36.0,4.120e-46,155.0
m0155,m0251,42.1,7.520e-65,204.0
m0155,m0253,52.8,2.890e-157,447.0
m0155,m0258,67.6,6.450e-131,379.0
m0155,m0261,44.8,2.200e-80,245.0
m0155,m0263,39.9,1.280e-56,183.0
m0155,m0264,31.6,1.620e-09,52.4
m0155,m0266,59.8,9.920e-115,332.0
m0155,m0267,47.5,1.270e-73,226.0
m0155,m0271,47.9,2.790e-88,265.0
m0155,m0272,45.6,2.010e-77,237.0
m0155,m0273,33.3,2.700e-31,117.0
m0155,m0276,58.6,4.100e-175,493.0
m0155,m0278,64.8,5.680e-124,361.0
m0155,m0280,57.8,8.030e-153,434.0
m0155,m0281,58.1,8.030e-170,478.0
m0155,m0282,43.5,4.520e-53,172.0
m0155,m0284,37.8,5.630e-52,171.0
m0155,m0287,32.4,3.850e-27,104.0
m0155,m0290,35.3,7.680e-48,160.0
m0155,m0292,48.0,5.070e-76,233.0
m0155,m0293,67.5,5.790e-216,595.0
m0155,m0294,62.7,1.130e-125,361.0
m0155,m0295,47.9,3.840e-107,317.0
m0155,m0297,52.4,1.270e-95,283.0
m0155,m0303,46.2,1.920e-79,242.0
m0155,m0304,50.8,7.590e-88,264.0
m0155,m0309,49.5,4.600e-83,252.0
m0155,m0311,36.2,9.700e-49,162.0
m0155,m0312,38.2,1.550e-48,161.0
m0155,m0314,52.5,6.680e-159,452.0
m0155,m0315,49.5,5.990e-79,241.0
m0155,m0317,50.9,6.790e-92,274.0
m0155,m0318,43.5,1.410e-103,310.0
m0155,m0320,57.3,9.210e-162,457.0
m0155,m0322,52.6,1.230e-157,448.0
m0155,m0324,60.7,1.150e-118,343.0
m0155,m0328,61.4,7.990e-130,372.0
m0155,m0329,46.4,5.040e-71,219.0
m0155,m0331,57.2,2.620e-153,436.0
m0155,m0332,54.1,1.470e-97,289.0
m0155,m0333,52.5,5.010e-157,447.0
m0155,m0335,41.2,1.760e-58,187.0
m0155,m0336,64.1,5.830e-133,380.0
m0155,m0337,51.6,3.420e-83,251.0
m0155,m0339,57.5,1.450e-170,481.0
m0155,m0340,59.4,5.180e-114,331.0
m0155,m0343,41.6,3.280e-60,192.0
m0155,m0344,51.2,1.760e-157,448.0
m0155,m0345,46.6,1.330e-73,227.0
m0155,m0347,51.5,3.820e-158,450.0
m0155,m0348,51.7,7.170e-158,449.0
m0155,m0349,59.2,3.490e-161,457.0
m0155,m0351,35.4,2.810e-48,161.0
m0155,m0354,40.5,2.570e-59,190.0
m0155,m0356,37.0,4.860e-47,158.0
m0155,m0363,50.9,7.750e-154,438.0
m0155,m0364,43.2,4.570e-66,207.0
m0155,m0365,47.4,1.090e-74,229.0
m0155,m0368,49.3,1.440e-81,248.0
m0155,m0369,36.1,2.210e-32,120.0
m0155,m0370,66.7,1.090e-132,379.0
m0155,m0371,31.7,4.760e-30,115.0
m0155,m0372,45.5,1.290e-73,227.0
m0155,m0377,48.1,8.450e-84,253.0
m0155,m0378,53.0,1.900e-158,451.0
m0155,m0380,51.6,5.220e-91,271.0
m0155,m0382,46.5,1.000e-69,217.0
m0155,m0383,35.9,5.910e-49,163.0
m0155,m0385,38.7,4.220e-52,172.0
m0155,m0387,40.0,1.330e-53,175.0
m0155,m0388,49.0,6.310e-82,249.0
m0155,m0390,52.6,8.120e-92,274.0
m0155,m0393,52.1,3.070e-159,453.0
m0155,m0394,48.5,8.540e-86,258.0
m0155,m0396,32.3,7.360e-16,70.9
m0155,m0397,49.8,1.090e-144,416.0
m0155,m0399,51.0,1.730e-135,391.0
m0155,m0401,52.0,9.890e-98,289.0
m0155,m0404,53.0,6.110e-116,337.0
m0155,m0405,75.1,9.540e-163,458.0
m0155,m0407,42.6,5.300e-68,213.0
m0155,m0409,39.2,9.970e-50,166.0
m0155,m0411,48.7,7.460e-92,275.0
m0156,m0158,48.4,2.270e-83,253.0
m0156,m0159,49.0,3.480e-86,260.0
m0156,m0160,43.1,1.330e-73,223.0
m0156,m0162,50.5,3.760e-85,258.0
m0156,m0163,43.5,4.730e-66,203.0
m0156,m0164,49.7,4.520e-86,259.0
m0156,m0166,38.1,1.130e-57,182.0
m0156,m0167,55.2,6.800e-113,323.0
m0156,m0168,44.9,5.670e-71,216.0
m0156,m0169,52.6,4.700e-109,313.0
m0156,m0170,50.5,2.760e-79,241.0
m0156,m0171,42.9,2.220e-65,201.0
m0156,m0173,47.6,3.680e-76,233.0
m0156,m0174,49.1,4.230e-84,254.0
m0156,m0175,53.6,1.870e-85,258.0
m0156,m0176,46.6,2.350e-72,219.0
m0156,m0177,43.0,2.360e-72,220.0
m0156,m0179,53.0,1.650e-84,254.0
m0156,m0182,49.3,4.510e-87,262.0
m0156,m0183,52.9,7.500e-87,261.0
m0156,m0184,45.5,3.550e-72,219.0
m0156,m0187,56.9,7.140e-104,298.0
m0156,m0188,53.2,3.210e-85,257.0
m0156,m0191,49.4,6.370e-79,236.0
m0156,m0192,51.2,2.570e-93,273.0
m0156,m0193,56.3,2.110e-119,340.0
m0156,m0194,41.7,5.100e-69,211.0
m0156,m0197,62.8,3.290e-129,365.0
m0156,m0198,50.6,2.880e-84,254.0
m0156,m0204,47.7,5.700e-72,220.0
m0156,m0205,50.9,3.360e-88,265.0
m0156,m0209,43.7,1.630e-64,199.0
m0156,m0212,50.5,1.410e-86,257.0
m0156,m0213,51.6,2.490e-89,267.0
m0156,m0214,49.3,7.200e-87,262.0
m0156,m0215,52.9,3.890e-80,243.0
m0156,m0225,47.5,2.270e-79,242.0
m0156,m0226,51.2,2.130e-90,271.0
m0156,m0228,62.2,2.660e-120,340.0
m0156,m0229,56.1,9.210e-119,338.0
m0156,m0230,52.7,2.260e-109,314.0
m0156,m0231,58.6,3.230e-110,317.0
m0156,m0232,55.4,1.280e-113,325.0
m0156,m0233,58.1,1.730e-112,322.0
m0156,m0235,47.6,1.300e-84,253.0
m0156,m0236,52.5,1.130e-85,258.0
m0156,m0241,51.9,1.020e-98,287.0
m0156,m0242,42.2,1.310e-65,202.0
m0156,m0243,47.7,1.980e-78,239.0
m0156,m0244,49.3,1.480e-87,258.0
m0156,m0246,58.6,2.350e-119,339.0
m0156,m0247,53.6,2.840e-85,256.0
m0156,m0248,46.1,5.440e-81,242.0
m0156,m0251,49.1,2.530e-85,252.0
m0156,m0253,49.0,9.920e-86,259.0
m0156,m0258,53.2,7.230e-89,266.0
m0156,m0261,54.3,3.840e-107,308.0
m0156,m0263,44.8,8.440e-75,226.0
m0156,m0266,53.3,2.810e-91,268.0
m0156,m0267,54.9,1.110e-101,293.0
m0156,m0271,54.8,3.380e-116,332.0
m0156,m0272,47.9,1.780e-84,250.0
m0156,m0273,33.3,3.390e-35,125.0
m0156,m0276,49.8,5.640e-86,259.0
m0156,m0278,48.3,5.420e-79,241.0
m0156,m0280,54.7,3.510e-88,263.0
m0156,m0281,52.3,4.280e-90,269.0
m0156,m0282,47.6,3.000e-69,209.0
m0156,m0284,43.3,6.810e-64,197.0
m0156,m0287,32.3,1.210e-31,114.0
m0156,m0290,45.5,8.440e-75,226.0
m0156,m0291,32.3,1.510e-18,78.2
m0156,m0292,58.1,3.430e-103,297.0
m0156,m0293,52.9,4.190e-87,262.0
m0156,m0294,50.0,2.690e-90,266.0
m0156,m0295,51.0,4.020e-85,256.0
m0156,m0297,57.3,9.280e-119,337.0
m0156,m0303,55.4,9.660e-101,291.0
m0156,m0304,56.9,1.730e-118,337.0
m0156,m0309,55.2,5.930e-109,313.0
m0156,m0311,44.1,2.250e-74,225.0
m0156,m0312,46.5,2.590e-76,229.0
m0156,m0314,50.9,9.360e-87,262.0
m0156,m0315,51.7,1.020e-98,287.0
m0156,m0317,54.7,5.050e-113,323.0
m0156,m0318,47.2,2.040e-82,250.0
m0156,m0320,50.4,2.190e-82,249.0
m0156,m0322,51.1,2.610e-85,258.0
m0156,m0324,49.2,9.360e-87,256.0
m0156,m0328,52.9,7.440e-88,260.0
m0156,m0329,53.1,3.700e-96,279.0
m0156,m0331,52.8,2.040e-88,265.0
m0156,m0332,55.6,2.690e-111,319.0
m0156,m0333,49.7,7.400e-87,262.0
m0156,m0335,48.2,6.540e-75,225.0
m0156,m0336,53.0,5.040e-95,278.0
m0156,m0337,58.4,4.000e-112,320.0
m0156,m0339,49.8,7.880e-83,251.0
m0156,m0340,53.0,4.720e-89,262.0
m0156,m0343,46.0,3.190e-76,229.0
m0156,m0344,50.2,7.400e-87,262.0
m0156,m0345,54.7,7.180e-106,305.0
m0156,m0347,52.2,1.870e-86,261.0
m0156,m0348,49.5,1.380e-82,251.0
m0156,m0349,51.7,1.230e-90,271.0
m0156,m0351,44.5,4.100e-78,234.0
m0156,m0354,44.8,1.320e-75,228.0
m0156,m0356,44.9,3.280e-70,214.0
m0156,m0363,51.2,2.690e-88,265.0
m0156,m0364,47.5,1.210e-90,266.0
m0156,m0365,63.4,5.170e-122,345.0
m0156,m0368,56.4,7.710e-117,333.0
m0156,m0369,30.2,9.460e-35,124.0
m0156,m0370,49.3,5.870e-86,254.0
m0156,m0371,38.6,2.210e-50,166.0
m0156,m0372,54.7,7.300e-98,284.0
m0156,m0377,50.5,2.190e-104,301.0
m0156,m0378,50.5,2.360e-87,263.0
m0156,m0380,59.4,2.050e-119,339.0
m0156,m0382,50.0,2.790e-90,265.0
m0156,m0383,43.2,1.240e-66,205.0
m0156,m0385,44.7,6.260e-74,224.0
m0156,m0387,40.6,1.040e-62,194.0
m0156,m0388,55.9,1.480e-108,312.0
m0156,m0390,61.6,1.660e-122,347.0
m0156,m0393,49.5,1.030e-84,257.0
m0156,m0394,54.3,5.130e-112,320.0
m0156,m0397,54.0,1.100e-87,265.0
m0156,m0399,51.9,1.110e-88,266.0
m0156,m0401,56.2,1.340e-113,324.0
m0156,m0404,48.9,7.210e-82,245.0
m0156,m0405,50.7,4.560e-86,257.0
m0156,m0407,43.5,3.030e-75,227.0
m0156,m0409,45.2,1.240e-68,211.0
m0156,m0411,58.9,5.920e-115,328.0
m0157,m0234,46.4,6.420e-131,377.0
m0157,m0302,58.7,7.930e-181,503.0
m0157,m0373,57.9,7.230e-177,494.0
m0158,m0159,51.2,1.140e-157,449.0
m0158,m0160,36.0,2.840e-47,159.0
m0158,m0161,30.4,1.360e-28,107.0
m0158,m0162,82.5,9.230e-288,780.0
m0158,m0163,41.2,2.760e-50,166.0
m0158,m0164,58.2,6.090e-136,393.0
m0158,m0166,38.4,4.680e-42,145.0
m0158,m0167,46.7,8.540e-78,238.0
m0158,m0168,37.9,4.090e-50,166.0
m0158,m0169,44.6,2.190e-72,225.0
m0158,m0170,61.9,4.220e-127,369.0
m0158,m0171,37.9,3.500e-48,161.0
m0158,m0173,53.3,3.590e-162,459.0
m0158,m0174,52.0,2.490e-134,388.0
m0158,m0175,61.1,3.200e-130,378.0
m0158,m0176,39.1,4.890e-52,171.0
m0158,m0177,36.3,6.810e-52,171.0
m0158,m0179,56.0,6.190e-165,465.0
m0158,m0182,56.4,1.550e-115,341.0
m0158,m0183,70.3,1.990e-145,416.0
m0158,m0184,40.9,1.280e-53,176.0
m0158,m0185,31.9,5.350e-19,80.9
m0158,m0187,46.4,7.770e-71,219.0
m0158,m0188,58.0,3.580e-131,381.0
m0158,m0191,40.2,5.530e-53,173.0
m0158,m0192,47.0,1.580e-75,233.0
m0158,m0193,45.6,2.300e-81,248.0
m0158,m0194,39.5,1.350e-52,173.0
m0158,m0197,45.5,2.010e-77,238.0
m0158,m0198,51.7,1.870e-152,435.0
m0158,m0204,53.1,1.250e-110,324.0
m0158,m0205,86.1,2.480e-303,818.0
m0158,m0209,39.4,2.410e-54,177.0
m0158,m0212,59.2,1.320e-130,375.0
m0158,m0213,84.0,2.230e-268,728.0
m0158,m0214,87.4,8.350e-307,827.0
m0158,m0215,63.6,8.810e-193,536.0
m0158,m0225,60.8,5.720e-190,530.0
m0158,m0226,85.1,1.150e-283,768.0
m0158,m0227,30.7,5.920e-12,59.7
m0158,m0228,49.4,4.000e-80,243.0
m0158,m0229,48.1,5.450e-80,244.0
m0158,m0230,46.8,4.140e-79,242.0
m0158,m0231,47.6,1.640e-86,262.0
m0158,m0232,50.9,5.430e-86,259.0
m0158,m0233,50.9,1.140e-86,261.0
m0158,m0235,55.9,7.260e-121,351.0
m0158,m0236,57.0,2.490e-168,474.0
m0158,m0241,42.4,6.190e-69,216.0
m0158,m0242,35.8,2.080e-48,162.0
m0158,m0243,53.6,1.910e-161,457.0
m0158,m0244,44.7,8.920e-68,213.0
m0158,m0246,49.5,1.640e-85,258.0
m0158,m0247,69.3,3.640e-146,417.0
m0158,m0248,39.7,5.140e-48,161.0
m0158,m0251,43.0,3.610e-66,208.0
m0158,m0253,88.3,1.140e-305,824.0
m0158,m0258,70.7,1.170e-145,417.0
m0158,m0261,43.7,1.820e-76,235.0
m0158,m0263,40.5,3.770e-55,180.0
m0158,m0265,30.0,6.990e-11,55.1
m0158,m0266,60.1,5.450e-118,341.0
m0158,m0267,45.6,1.500e-72,223.0
m0158,m0271,46.2,7.600e-83,252.0
m0158,m0272,45.2,1.280e-72,225.0
m0158,m0273,35.4,1.650e-35,129.0
m0158,m0276,55.6,5.930e-174,490.0
m0158,m0277,35.1,1.840e-15,70.1
m0158,m0278,54.4,7.670e-131,379.0
m0158,m0280,52.5,5.420e-129,374.0
m0158,m0281,54.6,4.290e-161,456.0
m0158,m0282,40.1,5.300e-50,164.0
m0158,m0284,38.2,1.240e-48,162.0
m0158,m0290,40.1,2.150e-53,175.0
m0158,m0292,46.2,9.250e-67,209.0
m0158,m0293,53.6,1.200e-158,451.0
m0158,m0294,64.5,1.360e-135,387.0
m0158,m0295,52.8,2.840e-99,298.0
m0158,m0297,54.4,4.070e-92,275.0
m0158,m0303,44.7,4.910e-74,228.0
m0158,m0304,47.8,2.610e-83,253.0
m0158,m0309,46.2,6.370e-74,229.0
m0158,m0311,38.5,6.960e-55,179.0
m0158,m0312,38.2,7.300e-50,165.0
m0158,m0314,89.9,2.290e-317,854.0
m0158,m0315,42.9,2.850e-70,219.0
m0158,m0317,49.8,7.600e-89,266.0
m0158,m0318,45.2,9.270e-106,316.0
m0158,m0320,56.5,4.520e-161,456.0
m0158,m0322,84.6,4.690e-285,771.0
m0158,m0324,60.0,1.900e-118,343.0
m0158,m0328,61.8,1.530e-128,370.0
m0158,m0329,44.1,1.200e-65,206.0
m0158,m0331,59.2,5.390e-131,379.0
m0158,m0332,51.9,6.040e-92,275.0
m0158,m0333,87.6,5.730e-312,840.0
m0158,m0335,42.1,1.190e-54,177.0
m0158,m0336,62.9,3.380e-128,368.0
m0158,m0337,47.5,2.220e-75,231.0
m0158,m0339,56.1,5.930e-174,490.0
m0158,m0340,56.9,9.230e-116,336.0
m0158,m0343,41.3,9.920e-54,175.0
m0158,m0344,88.5,5.140e-315,848.0
m0158,m0345,48.1,2.660e-77,237.0
m0158,m0347,91.4,5.840e-320,860.0
m0158,m0348,87.1,2.810e-306,826.0
m0158,m0349,49.4,1.430e-133,387.0
m0158,m0351,38.0,2.850e-54,177.0
m0158,m0354,42.0,3.660e-59,190.0
m0158,m0356,41.8,3.990e-51,169.0
m0158,m0363,83.6,1.810e-280,760.0
m0158,m0364,40.5,1.260e-57,186.0
m0158,m0365,43.7,5.580e-72,223.0
m0158,m0368,44.6,1.640e-74,230.0
m0158,m0369,36.9,3.270e-35,128.0
m0158,m0370,60.8,4.870e-117,339.0
m0158,m0371,35.9,4.850e-39,140.0
m0158,m0372,45.1,1.670e-71,222.0
m0158,m0377,45.8,2.490e-70,219.0
m0158,m0378,89.2,4.420e-315,848.0
m0158,m0380,47.8,3.490e-77,236.0
m0158,m0382,46.1,3.770e-70,218.0
m0158,m0383,38.8,1.370e-51,171.0
m0158,m0385,38.3,4.360e-51,169.0
m0158,m0387,35.0,1.210e-48,162.0
m0158,m0388,45.8,3.590e-75,232.0
m0158,m0390,54.3,1.810e-88,266.0
m0158,m0393,82.2,4.430e-294,795.0
m0158,m0394,48.4,1.290e-79,243.0
m0158,m0397,50.8,9.350e-153,437.0
m0158,m0399,74.6,1.450e-183,514.0
m0158,m0401,52.0,6.400e-94,280.0
m0158,m0404,50.3,1.250e-116,340.0
m0158,m0405,58.9,9.190e-124,359.0
m0158,m0407,42.7,7.840e-64,202.0
m0158,m0409,40.3,1.180e-52,174.0
m0158,m0411,49.7,1.040e-86,262.0
m0159,m0160,37.4,1.170e-48,162.0
m0159,m0161,30.2,1.590e-27,104.0
m0159,m0162,53.5,2.880e-167,474.0
m0159,m0163,39.6,4.670e-55,179.0
m0159,m0164,48.1,2.420e-119,350.0
m0159,m0166,38.4,5.550e-42,145.0
m0159,m0167,47.4,8.590e-85,256.0
m0159,m0168,41.9,2.500e-60,193.0
m0159,m0169,44.7,1.140e-76,236.0
m0159,m0170,47.5,5.260e-109,323.0
m0159,m0171,36.4,7.270e-50,165.0
m0159,m0173,50.3,8.230e-146,417.0
m0159,m0174,47.6,6.070e-108,320.0
m0159,m0175,46.1,1.810e-107,320.0
m0159,m0176,43.5,7.210e-63,199.0
m0159,m0177,38.0,2.540e-54,177.0
m0159,m0179,50.9,2.710e-146,417.0
m0159,m0182,54.7,1.470e-110,328.0
m0159,m0183,56.2,2.090e-110,327.0
m0159,m0184,43.4,1.400e-63,201.0
m0159,m0187,44.5,1.470e-68,213.0
m0159,m0188,49.9,1.650e-121,356.0
m0159,m0191,42.2,2.290e-58,187.0
m0159,m0192,44.9,1.730e-68,214.0
m0159,m0193,47.6,2.480e-81,248.0
m0159,m0194,41.5,2.070e-58,188.0
m0159,m0197,46.9,3.920e-78,239.0
m0159,m0198,81.9,7.230e-274,742.0
m0159,m0204,46.6,5.900e-89,268.0
m0159,m0205,53.2,4.160e-157,447.0
m0159,m0209,39.0,5.770e-53,173.0
m0159,m0212,54.6,6.250e-116,337.0
m0159,m0213,52.7,9.380e-143,409.0
m0159,m0214,52.4,1.130e-159,454.0
m0159,m0215,53.4,1.300e-155,442.0
m0159,m0225,51.2,4.660e-152,433.0
m0159,m0226,50.2,4.170e-155,442.0
m0159,m0227,33.2,1.570e-15,70.5
m0159,m0228,49.4,4.330e-80,243.0
m0159,m0229,47.3,1.330e-81,248.0
m0159,m0230,48.7,1.460e-86,261.0
m0159,m0231,44.9,2.660e-79,243.0
m0159,m0232,50.5,1.840e-84,255.0
m0159,m0233,51.0,3.460e-86,259.0
m0159,m0235,50.2,1.050e-101,301.0
m0159,m0236,52.2,5.450e-155,440.0
m0159,m0241,43.5,7.230e-72,223.0
m0159,m0242,37.5,2.200e-50,167.0
m0159,m0243,51.8,1.920e-151,431.0
m0159,m0244,41.5,2.290e-69,216.0
m0159,m0246,46.3,2.420e-79,242.0
m0159,m0247,49.2,3.120e-113,333.0
m0159,m0248,41.2,1.980e-56,183.0
m0159,m0251,39.7,3.910e-58,187.0
m0159,m0253,55.1,1.460e-166,471.0
m0159,m0258,47.4,1.250e-110,327.0
m0159,m0261,42.4,4.590e-71,221.0
m0159,m0263,41.6,2.200e-64,204.0
m0159,m0264,34.3,5.080e-12,60.1
m0159,m0266,62.1,1.840e-116,337.0
m0159,m0267,46.4,7.930e-70,216.0
m0159,m0271,48.7,5.800e-83,252.0
m0159,m0272,43.9,4.760e-70,218.0
m0159,m0273,37.7,2.180e-37,134.0
m0159,m0276,53.8,4.810e-168,475.0
m0159,m0277,31.4,7.990e-21,85.9
m0159,m0278,52.1,1.430e-100,301.0
m0159,m0280,51.8,1.020e-118,347.0
m0159,m0281,50.5,3.050e-161,456.0
m0159,m0282,40.2,5.380e-46,153.0
m0159,m0284,36.7,4.790e-51,168.0
m0159,m0287,30.0,3.550e-29,110.0
m0159,m0290,41.1,2.160e-60,193.0
m0159,m0292,45.6,5.480e-70,217.0
m0159,m0293,48.5,3.240e-138,398.0
m0159,m0294,56.8,3.840e-112,327.0
m0159,m0295,49.5,1.040e-105,314.0
m0159,m0297,51.4,5.520e-87,261.0
m0159,m0303,41.2,3.140e-69,216.0
m0159,m0304,47.3,9.840e-81,246.0
m0159,m0309,46.8,4.940e-74,229.0
m0159,m0311,43.6,8.060e-64,202.0
m0159,m0312,42.0,9.980e-58,185.0
m0159,m0314,52.9,3.140e-161,458.0
m0159,m0315,42.1,2.680e-68,214.0
m0159,m0317,51.0,5.110e-90,269.0
m0159,m0318,61.7,7.530e-174,489.0
m0159,m0320,53.0,2.610e-160,454.0
m0159,m0322,52.3,1.420e-160,456.0
m0159,m0324,62.1,2.570e-116,337.0
m0159,m0328,54.8,1.540e-107,316.0
m0159,m0329,43.6,2.410e-66,207.0
m0159,m0331,49.6,5.380e-115,338.0
m0159,m0332,55.9,4.390e-98,290.0
m0159,m0333,50.8,1.540e-157,449.0
m0159,m0335,41.8,2.420e-50,166.0
m0159,m0336,53.4,1.110e-105,310.0
m0159,m0337,47.3,3.910e-77,236.0
m0159,m0339,53.5,1.690e-168,476.0
m0159,m0340,57.8,7.740e-115,333.0
m0159,m0343,40.8,1.300e-56,182.0
m0159,m0344,54.3,2.370e-169,479.0
m0159,m0345,47.7,1.980e-74,229.0
m0159,m0347,53.5,5.490e-162,460.0
m0159,m0348,54.1,5.900e-166,470.0
m0159,m0349,51.0,1.380e-117,346.0
m0159,m0351,42.3,5.120e-62,197.0
m0159,m0354,41.6,5.930e-63,199.0
m0159,m0356,43.4,2.780e-54,177.0
m0159,m0363,52.1,1.940e-158,450.0
m0159,m0364,39.0,6.210e-60,191.0
m0159,m0365,44.9,3.210e-75,231.0
m0159,m0368,46.8,1.450e-76,235.0
m0159,m0369,36.2,1.150e-36,132.0
m0159,m0370,52.6,4.370e-102,301.0
m0159,m0371,35.8,2.510e-45,157.0
m0159,m0372,43.4,9.630e-68,212.0
m0159,m0377,43.7,2.490e-71,221.0
m0159,m0378,52.4,3.840e-157,447.0
m0159,m0380,47.7,7.830e-83,251.0
m0159,m0382,43.2,1.300e-64,204.0
m0159,m0383,38.5,2.620e-54,177.0
m0159,m0385,40.8,6.510e-58,187.0
m0159,m0387,40.4,3.660e-55,179.0
m0159,m0388,45.5,1.970e-75,233.0
m0159,m0390,52.5,1.090e-87,263.0
m0159,m0393,54.1,6.730e-165,468.0
m0159,m0394,48.3,1.000e-82,251.0
m0159,m0397,87.4,2.710e-302,816.0
m0159,m0399,48.5,7.230e-120,352.0
m0159,m0401,50.2,4.370e-89,267.0
m0159,m0404,68.4,6.570e-172,480.0
m0159,m0405,51.9,9.580e-99,295.0
m0159,m0407,43.1,2.000e-69,216.0
m0159,m0409,39.3,3.140e-55,180.0
m0159,m0411,48.1,1.380e-81,248.0
m0160,m0162,38.5,1.160e-48,163.0
m0160,m0163,39.4,2.750e-53,170.0
m0160,m0164,36.2,5.880e-48,160.0
m0160,m0166,34.3,2.200e-42,142.0
m0160,m0167,41.7,3.350e-75,226.0
m0160,m0168,35.6,3.810e-50,162.0
m0160,m0169,47.0,5.290e-80,239.0
m0160,m0170,37.8,1.800e-51,169.0
m0160,m0171,38.5,2.170e-50,162.0
m0160,m0173,36.6,4.150e-46,155.0
m0160,m0174,36.7,1.040e-47,159.0
m0160,m0175,36.8,4.550e-49,163.0
m0160,m0176,34.3,8.570e-48,156.0
m0160,m0177,36.9,1.830e-53,171.0
m0160,m0179,40.2,3.490e-53,173.0
m0160,m0182,36.7,7.720e-51,168.0
m0160,m0183,38.6,4.880e-48,160.0
m0160,m0184,34.2,1.240e-51,166.0
m0160,m0187,43.3,4.080e-70,212.0
m0160,m0188,36.1,3.730e-49,163.0
m0160,m0191,38.6,2.610e-52,167.0
m0160,m0192,41.7,1.680e-61,191.0
m0160,m0193,43.6,2.460e-77,233.0
m0160,m0194,33.6,1.360e-50,163.0
m0160,m0197,40.2,6.150e-68,208.0
m0160,m0198,37.8,1.540e-50,167.0
m0160,m0204,39.5,3.660e-50,163.0
m0160,m0205,38.5,2.490e-49,164.0
m0160,m0209,41.2,7.650e-54,171.0
m0160,m0212,35.6,2.290e-48,158.0
m0160,m0213,37.0,1.430e-48,161.0
m0160,m0214,36.0,1.240e-46,157.0
m0160,m0215,37.7,1.940e-45,153.0
m0160,m0225,35.5,7.120e-44,149.0
m0160,m0226,37.2,4.180e-49,163.0
m0160,m0228,43.4,3.350e-71,215.0
m0160,m0229,46.0,3.410e-78,234.0
m0160,m0230,38.4,5.940e-68,208.0
m0160,m0231,40.8,1.210e-73,223.0
m0160,m0232,45.7,1.460e-71,217.0
m0160,m0233,46.6,9.770e-74,223.0
m0160,m0235,38.8,1.720e-50,164.0
m0160,m0236,36.3,4.690e-48,160.0
m0160,m0241,42.6,1.130e-71,218.0
m0160,m0242,42.9,4.470e-61,190.0
m0160,m0243,35.9,1.090e-45,154.0
m0160,m0244,39.4,2.730e-60,188.0
m0160,m0246,43.3,4.550e-79,236.0
m0160,m0247,36.9,9.300e-48,159.0
m0160,m0248,39.8,7.490e-55,174.0
m0160,m0251,42.0,3.760e-66,203.0
m0160,m0253,37.1,2.150e-47,159.0
m0160,m0258,37.3,5.850e-49,162.0
m0160,m0261,39.5,6.380e-72,218.0
m0160,m0263,38.5,8.500e-54,172.0
m0160,m0266,35.3,5.010e-49,159.0
m0160,m0267,41.7,1.280e-64,198.0
m0160,m0271,46.9,7.940e-82,244.0
m0160,m0272,37.5,7.200e-59,184.0
m0160,m0273,32.5,5.170e-30,110.0
m0160,m0276,39.7,9.920e-54,176.0
m0160,m0277,31.6,5.460e-08,47.0
m0160,m0278,39.1,1.680e-44,150.0
m0160,m0280,36.9,1.580e-48,160.0
m0160,m0281,37.6,2.330e-51,169.0
m0160,m0282,36.3,2.080e-42,140.0
m0160,m0284,38.1,7.060e-48,156.0
m0160,m0290,38.4,4.000e-58,183.0
m0160,m0292,42.8,2.420e-64,198.0
m0160,m0293,36.6,3.250e-49,163.0
m0160,m0294,36.8,5.630e-52,167.0
m0160,m0295,36.1,2.030e-45,152.0
m0160,m0297,44.6,1.250e-73,222.0
m0160,m0303,40.3,6.950e-64,197.0
m0160,m0304,45.8,2.820e-79,237.0
m0160,m0309,46.0,4.420e-72,219.0
m0160,m0311,36.3,2.990e-57,181.0
m0160,m0312,35.3,3.270e-51,164.0
m0160,m0314,37.3,5.630e-49,163.0
m0160,m0315,42.3,2.830e-72,219.0
m0160,m0317,43.4,6.610e-73,220.0
m0160,m0318,36.6,1.690e-48,162.0
m0160,m0320,40.1,5.080e-52,170.0
m0160,m0322,37.4,2.190e-48,161.0
m0160,m0324,35.6,2.800e-54,173.0
m0160,m0328,36.9,4.440e-50,163.0
m0160,m0329,43.3,1.230e-71,216.0
m0160,m0331,37.3,3.700e-51,168.0
m0160,m0332,42.2,3.200e-71,216.0
m0160,m0333,37.3,8.770e-48,160.0
m0160,m0335,38.7,1.510e-56,178.0
m0160,m0336,36.9,2.120e-50,163.0
m0160,m0337,47.3,2.070e-82,244.0
m0160,m0339,37.5,1.280e-48,162.0
m0160,m0340,36.2,8.210e-53,169.0
m0160,m0343,43.8,1.070e-60,189.0
m0160,m0344,38.4,2.130e-50,167.0
m0160,m0345,40.5,4.350e-62,193.0
m0160,m0347,37.0,1.590e-47,159.0
m0160,m0348,38.4,2.780e-49,164.0
m0160,m0349,38.9,5.850e-51,168.0
m0160,m0351,36.2,3.150e-57,181.0
m0160,m0354,38.1,1.540e-50,163.0
m0160,m0356,39.8,3.930e-53,170.0
m0160,m0363,38.2,4.370e-48,160.0
m0160,m0364,42.0,3.160e-64,198.0
m0160,m0365,44.0,8.130e-79,235.0
m0160,m0368,39.4,2.800e-59,186.0
m0160,m0369,33.2,1.060e-31,115.0
m0160,m0370,38.8,5.460e-55,175.0
m0160,m0372,43.7,9.740e-67,204.0
m0160,m0377,47.1,5.160e-80,239.0
m0160,m0378,37.7,1.100e-48,162.0
m0160,m0380,43.8,1.410e-74,224.0
m0160,m0382,42.3,2.520e-67,206.0
m0160,m0383,35.3,3.830e-49,160.0
m0160,m0385,39.6,2.740e-54,173.0
m0160,m0387,38.7,5.180e-51,164.0
m0160,m0388,38.5,5.660e-66,203.0
m0160,m0390,44.6,4.880e-74,223.0
m0160,m0393,37.8,2.480e-48,162.0
m0160,m0394,44.4,1.780e-74,224.0
m0160,m0397,36.8,1.320e-48,162.0
m0160,m0399,39.9,4.360e-52,171.0
m0160,m0401,43.9,1.870e-78,234.0
m0160,m0404,38.2,3.840e-50,163.0
m0160,m0405,38.1,5.930e-51,166.0
m0160,m0407,39.1,4.760e-57,180.0
m0160,m0409,35.6,7.780e-47,154.0
m0160,m0411,46.6,7.030e-78,234.0
m0161,m0163,30.7,1.300e-23,91.7
m0161,m0164,31.2,2.130e-27,104.0
m0161,m0167,31.1,5.500e-32,114.0
m0161,m0168,32.3,1.140e-38,132.0
m0161,m0169,31.5,1.810e-33,118.0
m0161,m0170,31.2,1.770e-29,109.0
m0161,m0173,33.8,1.620e-26,101.0
m0161,m0174,31.1,7.160e-25,97.1
m0161,m0175,31.1,1.300e-26,102.0
m0161,m0176,32.1,1.230e-36,126.0
m0161,m0177,33.3,5.370e-38,130.0
m0161,m0179,33.3,6.560e-26,99.8
m0161,m0182,30.0,5.550e-24,94.7
m0161,m0184,31.5,8.640e-38,129.0
m0161,m0185,30.9,1.820e-11,57.4
m0161,m0187,33.9,8.410e-40,134.0
m0161,m0188,31.2,5.330e-27,103.0
m0161,m0191,34.2,5.350e-39,132.0
m0161,m0192,32.0,8.220e-31,111.0
m0161,m0193,31.2,1.460e-34,121.0
m0161,m0194,32.8,6.530e-37,127.0
m0161,m0198,30.3,2.080e-28,107.0
m0161,m0205,30.5,4.310e-27,103.0
m0161,m0213,30.1,2.060e-25,98.6
m0161,m0214,30.5,1.810e-27,104.0
m0161,m0226,30.0,1.970e-26,101.0
m0161,m0228,31.6,1.490e-35,122.0
m0161,m0229,35.6,7.680e-38,130.0
m0161,m0232,31.3,6.030e-30,108.0
m0161,m0233,30.9,5.480e-30,108.0
m0161,m0236,34.7,8.740e-28,105.0
m0161,m0241,34.1,4.870e-37,127.0
m0161,m0243,33.2,7.750e-26,99.8
m0161,m0248,30.0,4.740e-31,112.0
m0161,m0251,31.1,3.640e-25,95.9
m0161,m0253,30.8,2.630e-28,107.0
m0161,m0261,30.8,9.560e-30,108.0
m0161,m0263,31.9,3.370e-39,133.0
m0161,m0266,31.2,7.840e-26,97.8
m0161,m0267,30.8,7.050e-29,105.0
m0161,m0271,34.5,1.110e-36,127.0
m0161,m0272,33.2,3.570e-33,117.0
m0161,m0273,31.9,2.490e-35,124.0
m0161,m0276,31.2,1.650e-27,104.0
m0161,m0280,30.8,1.350e-27,104.0
m0161,m0281,30.7,2.240e-26,101.0
m0161,m0290,33.8,2.950e-41,139.0
m0161,m0293,32.6,3.040e-25,98.2
m0161,m0295,31.1,5.660e-29,108.0
m0161,m0303,30.6,1.370e-28,105.0
m0161,m0304,30.5,1.740e-33,118.0
m0161,m0309,32.6,3.760e-35,123.0
m0161,m0311,33.8,5.160e-42,140.0
m0161,m0312,31.9,2.610e-37,127.0
m0161,m0314,30.4,9.440e-28,105.0
m0161,m0315,33.7,3.480e-37,128.0
m0161,m0317,33.2,2.560e-30,109.0
m0161,m0328,30.1,1.890e-24,94.7
m0161,m0329,33.6,1.330e-37,128.0
m0161,m0331,32.5,1.240e-28,107.0
m0161,m0332,32.2,1.650e-31,113.0
m0161,m0333,30.0,9.710e-28,105.0
m0161,m0335,31.0,1.510e-22,88.6
m0161,m0337,31.9,2.100e-30,109.0
m0161,m0339,31.3,1.200e-27,105.0
m0161,m0340,30.9,3.300e-26,99.0
m0161,m0343,32.7,9.420e-35,121.0
m0161,m0347,30.0,1.770e-27,104.0
m0161,m0348,30.2,4.950e-28,106.0
m0161,m0349,31.7,6.380e-25,97.4
m0161,m0351,33.3,1.070e-41,140.0
m0161,m0354,35.7,2.540e-43,144.0
m0161,m0368,31.2,1.590e-25,97.1
m0161,m0369,36.2,1.210e-38,133.0
m0161,m0370,31.3,1.350e-27,102.0
m0161,m0377,30.7,2.970e-31,112.0
m0161,m0380,32.4,2.860e-35,122.0
m0161,m0382,32.5,1.200e-33,118.0
m0161,m0383,34.6,1.340e-39,134.0
m0161,m0385,35.8,1.620e-47,155.0
m0161,m0387,32.8,3.770e-25,95.9
m0161,m0388,30.0,2.080e-26,99.8
m0161,m0390,30.5,7.780e-29,105.0
m0161,m0394,32.9,1.390e-32,115.0
m0161,m0397,30.2,4.340e-26,100.0
m0161,m0399,31.5,2.380e-29,109.0
m0161,m0401,31.8,1.850e-31,112.0
m0161,m0404,31.1,2.380e-28,105.0
m0161,m0405,33.5,1.880e-26,100.0
m0161,m0407,30.4,2.940e-24,93.6
m0161,m0409,32.1,1.050e-34,122.0
m0161,m0411,34.3,6.510e-35,122.0
m0162,m0163,40.7,3.350e-49,164.0
m0162,m0164,58.9,3.790e-141,407.0
m0162,m0166,38.3,2.510e-39,139.0
m0162,m0167,45.8,1.960e-79,243.0
m0162,m0168,37.9,9.020e-51,169.0
m0162,m0169,43.9,3.010e-72,225.0
m0162,m0170,60.5,8.720e-128,372.0
m0162,m0171,38.4,8.040e-47,158.0
m0162,m0173,52.5,8.310e-160,454.0
m0162,m0174,60.4,4.770e-133,386.0
m0162,m0175,64.0,5.620e-135,391.0
m0162,m0176,39.7,5.830e-52,172.0
m0162,m0177,37.7,2.850e-53,176.0
m0162,m0179,53.6,2.700e-160,454.0
m0162,m0182,54.0,7.890e-117,345.0
m0162,m0183,66.7,1.840e-147,422.0
m0162,m0184,40.4,5.930e-53,174.0
m0162,m0187,47.9,3.440e-72,223.0
m0162,m0188,53.5,1.860e-132,385.0
m0162,m0191,38.0,4.980e-52,171.0
m0162,m0192,46.9,8.720e-75,231.0
m0162,m0193,46.5,1.500e-82,252.0
m0162,m0194,40.2,8.300e-53,174.0
m0162,m0197,45.5,2.440e-75,233.0
m0162,m0198,55.4,7.690e-166,470.0
m0162,m0204,52.5,1.470e-104,310.0
m0162,m0205,81.6,6.160e-276,750.0
m0162,m0209,41.1,3.240e-52,172.0
m0162,m0212,59.0,4.060e-128,369.0
m0162,m0213,77.4,2.240e-249,681.0
m0162,m0214,81.7,2.970e-286,776.0
m0162,m0215,62.7,9.980e-189,527.0
m0162,m0225,58.8,3.000e-184,516.0
m0162,m0226,82.9,3.680e-275,748.0
m0162,m0227,31.2,2.560e-12,60.8
m0162,m0228,51.4,3.630e-81,246.0
m0162,m0229,48.8,5.530e-80,245.0
m0162,m0230,44.1,2.570e-77,238.0
m0162,m0231,47.9,4.310e-87,264.0
m0162,m0232,48.1,8.860e-85,257.0
m0162,m0233,48.8,5.860e-84,255.0
m0162,m0235,59.1,4.750e-120,350.0
m0162,m0236,54.8,2.700e-164,465.0
m0162,m0241,44.7,2.130e-69,218.0
m0162,m0242,39.1,1.610e-50,168.0
m0162,m0243,52.5,1.550e-159,453.0
m0162,m0244,45.2,2.360e-67,212.0
m0162,m0246,50.2,1.340e-84,257.0
m0162,m0247,56.2,2.510e-145,416.0
m0162,m0248,37.8,4.240e-48,162.0
m0162,m0251,44.9,1.130e-67,213.0
m0162,m0253,81.6,3.990e-292,791.0
m0162,m0258,68.4,3.080e-147,422.0
m0162,m0261,45.9,6.790e-80,245.0
m0162,m0263,39.4,1.860e-53,176.0
m0162,m0266,63.5,8.420e-121,349.0
m0162,m0267,48.6,3.350e-74,228.0
m0162,m0271,48.1,3.170e-85,259.0
m0162,m0272,45.1,3.520e-68,214.0
m0162,m0273,34.2,1.420e-33,124.0
m0162,m0276,57.0,3.460e-172,487.0
m0162,m0277,32.8,8.420e-15,68.2
m0162,m0278,66.0,1.590e-131,382.0
m0162,m0280,52.3,1.730e-131,381.0
m0162,m0281,54.6,1.310e-161,459.0
m0162,m0282,41.4,1.610e-50,166.0
m0162,m0284,39.7,6.580e-52,171.0
m0162,m0290,39.7,6.470e-55,180.0
m0162,m0292,48.2,8.660e-71,220.0
m0162,m0293,51.2,2.410e-157,448.0
m0162,m0294,65.3,6.000e-133,381.0
m0162,m0295,47.0,2.790e-103,309.0
m0162,m0297,53.2,3.430e-91,273.0
m0162,m0303,47.1,2.090e-72,225.0
m0162,m0304,48.7,1.310e-80,247.0
m0162,m0309,46.2,3.170e-74,231.0
m0162,m0311,39.5,5.770e-56,182.0
m0162,m0312,38.7,2.400e-48,161.0
m0162,m0314,83.0,1.660e-296,802.0
m0162,m0315,43.7,2.750e-70,220.0
m0162,m0317,48.8,5.000e-87,263.0
m0162,m0318,44.4,1.460e-114,340.0
m0162,m0320,55.9,2.420e-162,460.0
m0162,m0322,81.3,8.700e-276,749.0
m0162,m0324,59.7,1.540e-118,344.0
m0162,m0328,61.3,2.530e-128,370.0
m0162,m0329,45.5,4.040e-66,207.0
m0162,m0331,53.8,5.350e-135,390.0
m0162,m0332,52.2,2.550e-94,282.0
m0162,m0333,81.2,2.390e-290,787.0
m0162,m0335,43.8,5.270e-55,179.0
m0162,m0336,62.6,1.720e-129,372.0
m0162,m0337,47.3,1.720e-74,230.0
m0162,m0339,55.9,3.460e-172,487.0
m0162,m0340,58.1,2.860e-118,343.0
m0162,m0343,40.5,1.760e-52,172.0
m0162,m0344,82.2,3.360e-297,804.0
m0162,m0345,49.0,5.520e-80,245.0
m0162,m0347,81.7,1.510e-292,792.0
m0162,m0348,83.8,4.590e-298,806.0
m0162,m0349,49.2,9.060e-128,374.0
m0162,m0351,40.1,4.390e-56,183.0
m0162,m0354,40.9,3.740e-57,185.0
m0162,m0356,42.2,3.120e-53,176.0
m0162,m0363,82.1,3.010e-274,745.0
m0162,m0364,41.4,7.500e-59,189.0
m0162,m0365,46.0,1.520e-71,223.0
m0162,m0368,46.8,2.270e-74,230.0
m0162,m0369,35.4,2.790e-33,123.0
m0162,m0370,60.3,8.170e-114,332.0
m0162,m0371,35.5,4.840e-38,138.0
m0162,m0372,46.4,2.940e-72,224.0
m0162,m0377,44.2,2.200e-71,223.0
m0162,m0378,82.1,2.870e-297,804.0
m0162,m0380,48.6,1.130e-78,241.0
m0162,m0382,44.8,1.200e-67,213.0
m0162,m0383,36.8,5.490e-54,177.0
m0162,m0385,39.8,4.980e-52,172.0
m0162,m0387,35.8,5.130e-49,164.0
m0162,m0388,48.5,4.140e-77,238.0
m0162,m0390,53.2,5.980e-87,263.0
m0162,m0393,88.6,0.000e+00,869.0
m0162,m0394,48.0,2.860e-78,240.0
m0162,m0397,53.1,1.330e-164,468.0
m0162,m0399,73.1,1.590e-184,518.0
m0162,m0401,51.4,1.220e-91,275.0
m0162,m0404,50.0,1.430e-116,340.0
m0162,m0405,60.1,1.380e-121,355.0
m0162,m0407,42.0,1.660e-61,197.0
m0162,m0409,41.4,1.370e-53,177.0
m0162,m0411,47.9,7.530e-84,255.0
m0163,m0164,37.5,7.830e-51,167.0
m0163,m0166,37.3,3.040e-52,168.0
m0163,m0167,48.4,2.680e-80,239.0
m0163,m0168,40.9,2.980e-60,188.0
m0163,m0169,47.9,2.270e-79,237.0
m0163,m0170,40.1,5.350e-56,180.0
m0163,m0171,76.8,8.310e-163,448.0
m0163,m0173,39.9,4.020e-54,176.0
m0163,m0174,40.1,7.740e-49,162.0
m0163,m0175,39.4,1.160e-51,169.0
m0163,m0176,39.8,2.230e-59,186.0
m0163,m0177,40.4,5.410e-60,187.0
m0163,m0179,40.6,4.980e-54,175.0
m0163,m0182,40.1,2.260e-56,182.0
m0163,m0183,42.2,5.940e-52,170.0
m0163,m0184,39.7,1.680e-62,194.0
m0163,m0187,49.0,2.600e-77,230.0
m0163,m0188,40.9,6.400e-58,186.0
m0163,m0191,44.7,1.310e-71,216.0
m0163,m0192,41.4,2.850e-69,211.0
m0163,m0193,47.9,1.320e-77,233.0
m0163,m0194,38.0,4.700e-59,185.0
m0163,m0197,41.5,1.050e-60,189.0
m0163,m0198,38.7,3.140e-51,168.0
m0163,m0204,39.2,9.480e-52,167.0
m0163,m0205,39.2,5.340e-49,163.0
m0163,m0209,65.0,3.760e-130,365.0
m0163,m0212,42.3,6.740e-56,177.0
m0163,m0213,38.9,1.980e-50,166.0
m0163,m0214,39.6,6.270e-50,166.0
m0163,m0215,41.2,5.070e-48,159.0
m0163,m0225,38.5,8.430e-50,164.0
m0163,m0226,41.4,2.640e-53,174.0
m0163,m0228,46.5,7.470e-71,214.0
m0163,m0229,50.8,1.680e-84,250.0
m0163,m0230,38.3,1.030e-60,189.0
m0163,m0231,44.4,5.190e-73,221.0
m0163,m0232,55.6,1.000e-93,273.0
m0163,m0233,54.2,3.190e-91,267.0
m0163,m0235,37.4,2.060e-49,161.0
m0163,m0236,38.5,7.990e-52,169.0
m0163,m0241,46.0,7.130e-79,236.0
m0163,m0242,35.4,4.530e-52,167.0
m0163,m0243,38.2,2.940e-53,173.0
m0163,m0244,39.6,2.570e-55,175.0
m0163,m0246,48.1,9.380e-82,243.0
m0163,m0247,41.3,1.150e-55,179.0
m0163,m0248,42.2,4.270e-58,182.0
m0163,m0251,46.2,4.620e-79,236.0
m0163,m0253,41.5,7.990e-50,165.0
m0163,m0258,42.7,3.300e-54,176.0
m0163,m0261,42.5,1.470e-76,230.0
m0163,m0263,42.3,2.240e-61,191.0
m0163,m0264,30.3,1.570e-14,66.6
m0163,m0266,41.0,5.600e-59,184.0
m0163,m0267,44.0,7.640e-70,211.0
m0163,m0271,47.8,4.620e-84,249.0
m0163,m0272,42.6,4.430e-58,182.0
m0163,m0273,33.2,1.420e-26,101.0
m0163,m0276,39.2,2.980e-53,174.0
m0163,m0278,41.8,9.260e-52,169.0
m0163,m0280,39.6,1.480e-55,179.0
m0163,m0281,39.1,1.710e-52,171.0
m0163,m0282,39.0,2.110e-47,153.0
m0163,m0284,66.1,2.080e-137,384.0
m0163,m0290,40.5,5.020e-63,195.0
m0163,m0292,44.5,1.880e-67,206.0
m0163,m0293,38.8,1.640e-56,182.0
m0163,m0294,40.4,2.840e-53,170.0
m0163,m0295,39.8,5.650e-52,169.0
m0163,m0297,54.4,2.520e-92,270.0
m0163,m0303,39.1,6.870e-59,184.0
m0163,m0304,47.1,8.580e-79,236.0
m0163,m0309,45.8,2.260e-78,235.0
m0163,m0311,41.3,5.950e-61,190.0
m0163,m0312,38.3,1.730e-55,175.0
m0163,m0314,40.4,1.550e-50,167.0
m0163,m0315,44.6,1.850e-76,229.0
m0163,m0317,55.3,8.860e-105,301.0
m0163,m0318,36.3,2.490e-49,164.0
m0163,m0320,37.1,5.070e-48,159.0
m0163,m0322,40.8,1.120e-50,167.0
m0163,m0324,39.6,5.780e-61,190.0
m0163,m0328,39.2,9.720e-50,162.0
m0163,m0329,47.3,7.440e-74,221.0
m0163,m0331,39.3,2.530e-53,173.0
m0163,m0332,52.5,7.840e-99,286.0
m0163,m0333,42.9,2.440e-49,164.0
m0163,m0335,47.1,1.220e-62,193.0
m0163,m0336,38.2,2.140e-51,166.0
m0163,m0337,47.6,6.480e-74,222.0
m0163,m0339,38.9,3.340e-51,169.0
m0163,m0340,41.7,1.720e-59,186.0
m0163,m0343,46.9,3.180e-80,238.0
m0163,m0344,41.7,1.590e-51,170.0
m0163,m0345,39.9,7.500e-61,189.0
m0163,m0347,40.5,1.160e-49,165.0
m0163,m0348,39.5,2.180e-49,164.0
m0163,m0349,42.1,7.020e-60,191.0
m0163,m0351,38.6,3.530e-60,188.0
m0163,m0354,40.3,2.990e-61,190.0
m0163,m0356,38.8,8.980e-56,177.0
m0163,m0363,39.5,6.130e-50,165.0
m0163,m0364,43.5,2.180e-68,208.0
m0163,m0365,38.1,1.410e-54,173.0
m0163,m0368,34.4,3.040e-49,159.0
m0163,m0369,33.5,1.630e-29,109.0
m0163,m0370,37.8,3.020e-55,175.0
m0163,m0371,35.9,2.760e-49,163.0
m0163,m0372,45.4,4.760e-79,236.0
m0163,m0377,48.0,3.270e-76,229.0
m0163,m0378,40.3,3.030e-50,166.0
m0163,m0380,45.1,4.390e-74,223.0
m0163,m0382,52.4,2.290e-95,277.0
m0163,m0383,41.9,2.520e-64,199.0
m0163,m0385,42.4,5.990e-54,172.0
m0163,m0387,62.3,2.710e-135,379.0
m0163,m0388,44.8,1.030e-75,228.0
m0163,m0390,57.8,3.970e-97,282.0
m0163,m0393,38.6,3.510e-50,166.0
m0163,m0394,44.2,9.600e-75,225.0
m0163,m0397,39.9,3.160e-53,174.0
m0163,m0399,40.0,2.870e-49,163.0
m0163,m0401,50.7,2.680e-89,262.0
m0163,m0404,38.2,3.900e-51,166.0
m0163,m0405,39.3,6.080e-56,179.0
m0163,m0407,57.0,4.760e-111,317.0
m0163,m0409,39.1,6.760e-57,180.0
m0163,m0411,49.6,5.350e-86,254.0
m0164,m0166,32.7,1.700e-33,122.0
m0164,m0167,50.0,1.250e-89,268.0
m0164,m0168,38.2,2.160e-51,169.0
m0164,m0169,46.4,2.730e-80,245.0
m0164,m0170,71.5,1.080e-222,612.0
m0164,m0171,36.0,5.610e-47,157.0
m0164,m0173,68.9,1.140e-147,422.0
m0164,m0174,62.3,1.460e-192,536.0
m0164,m0175,64.7,1.090e-168,476.0
m0164,m0176,38.6,2.690e-52,172.0
m0164,m0177,34.4,1.360e-44,152.0
m0164,m0179,58.9,8.620e-147,419.0
m0164,m0182,50.6,3.790e-140,404.0
m0164,m0183,62.0,5.140e-175,491.0
m0164,m0184,37.5,2.160e-51,169.0
m0164,m0187,49.0,1.870e-75,231.0
m0164,m0188,71.8,1.500e-237,650.0
m0164,m0191,39.1,3.040e-53,174.0
m0164,m0192,48.6,4.710e-81,246.0
m0164,m0193,46.3,1.840e-83,253.0
m0164,m0194,37.3,6.230e-50,166.0
m0164,m0197,47.7,3.710e-81,247.0
m0164,m0198,49.6,1.180e-118,348.0
m0164,m0204,55.9,8.720e-108,317.0
m0164,m0205,62.7,3.720e-139,401.0
m0164,m0209,38.3,2.760e-53,174.0
m0164,m0212,59.3,1.410e-129,372.0
m0164,m0213,61.6,1.950e-141,406.0
m0164,m0214,55.5,3.890e-144,414.0
m0164,m0215,64.7,1.800e-118,347.0
m0164,m0225,59.7,6.890e-111,328.0
m0164,m0226,61.7,6.550e-138,398.0
m0164,m0228,54.9,2.240e-88,264.0
m0164,m0229,50.0,6.250e-91,272.0
m0164,m0230,49.1,1.900e-86,260.0
m0164,m0231,45.8,4.490e-83,253.0
m0164,m0232,50.3,5.350e-89,267.0
m0164,m0233,51.5,2.500e-91,273.0
m0164,m0235,58.2,1.340e-128,370.0
m0164,m0236,80.1,3.410e-170,479.0
m0164,m0241,46.6,3.060e-73,226.0
m0164,m0242,36.6,5.980e-49,163.0
m0164,m0243,72.3,1.070e-157,447.0
m0164,m0244,42.8,2.800e-66,208.0
m0164,m0246,47.5,2.040e-86,260.0
m0164,m0247,67.6,3.580e-204,564.0
m0164,m0248,39.0,9.150e-52,171.0
m0164,m0251,44.7,4.610e-71,220.0
m0164,m0253,63.0,7.950e-140,403.0
m0164,m0258,68.0,2.070e-204,565.0
m0164,m0261,46.7,2.140e-81,248.0
m0164,m0263,39.6,9.740e-57,184.0
m0164,m0264,31.3,1.150e-13,65.1
m0164,m0266,61.7,1.810e-118,342.0
m0164,m0267,48.4,2.460e-74,228.0
m0164,m0271,48.5,1.910e-86,261.0
m0164,m0272,43.5,2.680e-75,231.0
m0164,m0273,30.7,1.080e-31,118.0
m0164,m0276,51.6,1.890e-141,407.0
m0164,m0278,58.6,1.800e-149,426.0
m0164,m0280,75.8,7.020e-236,644.0
m0164,m0281,50.2,1.360e-133,386.0
m0164,m0282,45.2,6.550e-58,184.0
m0164,m0284,37.5,1.800e-55,180.0
m0164,m0287,30.0,8.170e-28,106.0
m0164,m0290,38.1,7.090e-51,168.0
m0164,m0292,49.6,3.550e-80,243.0
m0164,m0293,56.6,5.050e-152,433.0
m0164,m0294,62.4,5.810e-129,369.0
m0164,m0295,58.8,1.780e-163,461.0
m0164,m0297,53.2,1.760e-93,278.0
m0164,m0303,47.3,1.640e-78,239.0
m0164,m0304,48.1,2.070e-88,266.0
m0164,m0309,45.8,6.200e-81,247.0
m0164,m0311,38.8,4.280e-53,174.0
m0164,m0312,37.9,6.300e-48,159.0
m0164,m0314,61.6,2.010e-143,412.0
m0164,m0315,45.3,1.960e-74,229.0
m0164,m0317,49.0,5.290e-89,266.0
m0164,m0318,55.3,1.360e-173,489.0
m0164,m0320,53.0,9.920e-129,373.0
m0164,m0322,57.4,9.240e-143,410.0
m0164,m0324,59.6,5.530e-120,346.0
m0164,m0328,66.4,2.930e-138,394.0
m0164,m0329,47.0,5.440e-71,219.0
m0164,m0331,76.3,4.330e-239,653.0
m0164,m0332,53.6,5.150e-96,285.0
m0164,m0333,53.9,2.840e-144,415.0
m0164,m0335,46.3,8.830e-60,191.0
m0164,m0336,64.1,4.830e-130,372.0
m0164,m0337,50.2,4.160e-82,248.0
m0164,m0339,52.4,1.160e-142,410.0
m0164,m0340,59.9,3.340e-118,342.0
m0164,m0343,40.6,3.150e-57,184.0
m0164,m0344,61.8,1.900e-147,423.0
m0164,m0345,48.7,7.680e-80,243.0
m0164,m0347,60.2,1.310e-141,408.0
m0164,m0348,62.3,2.800e-140,404.0
m0164,m0349,59.1,8.960e-170,479.0
m0164,m0351,39.5,1.940e-50,167.0
m0164,m0354,41.4,1.810e-60,193.0
m0164,m0356,38.6,4.750e-49,164.0
m0164,m0363,56.9,5.740e-139,400.0
m0164,m0364,41.9,7.550e-65,204.0
m0164,m0365,45.1,1.700e-77,237.0
m0164,m0368,48.6,4.900e-80,244.0
m0164,m0369,33.2,3.620e-30,114.0
m0164,m0370,63.1,3.660e-129,370.0
m0164,m0371,33.5,2.910e-34,127.0
m0164,m0372,46.2,7.010e-74,228.0
m0164,m0377,47.0,3.600e-80,244.0
m0164,m0378,61.8,1.900e-146,420.0
m0164,m0380,51.1,1.440e-88,265.0
m0164,m0382,45.8,1.760e-71,221.0
m0164,m0383,38.1,8.380e-50,166.0
m0164,m0385,41.3,2.170e-53,175.0
m0164,m0387,38.3,1.520e-57,185.0
m0164,m0388,49.1,1.240e-85,259.0
m0164,m0390,51.9,4.430e-92,275.0
m0164,m0393,61.8,1.140e-144,416.0
m0164,m0394,50.4,2.940e-87,262.0
m0164,m0397,48.8,8.460e-118,347.0
m0164,m0399,64.8,8.430e-211,583.0
m0164,m0401,53.6,3.820e-98,290.0
m0164,m0404,55.6,9.370e-108,317.0
m0164,m0405,74.0,1.330e-153,435.0
m0164,m0407,43.2,1.130e-74,230.0
m0164,m0409,39.4,3.320e-53,175.0
m0164,m0411,49.0,3.610e-93,278.0
m0165,m0180,33.8,1.120e-44,150.0
m0165,m0186,47.9,1.510e-88,264.0
m0165,m0190,38.7,6.980e-53,172.0
m0165,m0208,38.2,8.480e-52,169.0
m0165,m0220,37.2,1.580e-48,160.0
m0165,m0224,40.9,8.680e-68,211.0
m0165,m0245,36.0,4.190e-53,172.0
m0165,m0250,34.3,1.150e-48,160.0
m0165,m0255,33.2,1.200e-33,120.0
m0165,m0275,40.5,5.660e-68,211.0
m0165,m0283,42.5,1.200e-76,234.0
m0165,m0286,39.9,4.350e-57,184.0
m0165,m0316,41.4,1.220e-61,195.0
m0165,m0321,41.2,1.950e-68,212.0
m0165,m0353,39.7,1.060e-47,157.0
m0165,m0357,38.4,2.630e-51,166.0
m0165,m0361,38.5,1.750e-52,170.0
m0165,m0384,31.0,1.880e-30,112.0
m0165,m0386,36.6,7.780e-58,184.0
m0165,m0389,41.4,1.500e-57,184.0
m0165,m0403,46.7,3.940e-88,263.0
m0165,m0412,37.9,8.780e-56,179.0
m0166,m0167,44.1,1.060e-62,195.0
m0166,m0168,47.8,7.060e-79,237.0
m0166,m0169,41.8,9.620e-58,183.0
m0166,m0170,32.5,5.840e-35,125.0
m0166,m0171,40.2,4.980e-52,167.0
m0166,m0173,33.1,2.510e-34,124.0
m0166,m0174,35.2,9.910e-38,133.0
m0166,m0175,36.2,1.490e-33,122.0
m0166,m0176,48.9,1.060e-77,234.0
m0166,m0177,43.1,3.980e-72,220.0
m0166,m0179,37.3,7.060e-38,133.0
m0166,m0182,36.3,7.770e-43,147.0
m0166,m0183,36.4,6.670e-37,131.0
m0166,m0184,48.0,5.650e-78,234.0
m0166,m0187,44.1,7.010e-69,210.0
m0166,m0188,35.9,9.510e-38,134.0
m0166,m0191,44.6,1.300e-62,194.0
m0166,m0192,38.5,2.000e-45,150.0
m0166,m0193,44.0,1.320e-63,198.0
m0166,m0194,46.5,4.400e-80,240.0
m0166,m0197,42.7,1.240e-55,177.0
m0166,m0198,38.0,1.620e-41,144.0
m0166,m0204,35.4,2.060e-38,133.0
m0166,m0205,38.9,2.310e-40,141.0
m0166,m0209,36.4,1.440e-50,163.0
m0166,m0212,38.2,1.240e-43,147.0
m0166,m0213,39.0,2.660e-42,145.0
m0166,m0214,37.9,1.960e-40,141.0
m0166,m0215,39.5,4.590e-39,137.0
m0166,m0217,31.7,3.690e-06,42.0
m0166,m0225,36.0,5.750e-39,137.0
m0166,m0226,36.7,5.400e-43,148.0
m0166,m0228,43.6,2.100e-64,198.0
m0166,m0229,40.9,1.170e-55,177.0
m0166,m0230,40.5,2.990e-56,179.0
m0166,m0231,41.7,1.620e-69,214.0
m0166,m0232,43.7,1.920e-57,182.0
m0166,m0233,41.1,1.200e-60,190.0
m0166,m0235,30.9,1.020e-35,126.0
m0166,m0236,35.6,1.700e-35,127.0
m0166,m0241,40.1,3.070e-60,189.0
m0166,m0242,33.9,5.230e-45,149.0
m0166,m0243,34.0,9.200e-35,125.0
m0166,m0244,43.8,2.110e-69,213.0
m0166,m0246,44.1,1.370e-67,208.0
m0166,m0247,36.8,6.940e-38,133.0
m0166,m0248,53.2,8.900e-84,249.0
m0166,m0251,36.6,1.890e-46,153.0
m0166,m0253,38.3,9.390e-40,139.0
m0166,m0258,36.4,3.200e-37,132.0
m0166,m0261,41.9,5.450e-59,186.0
m0166,m0263,46.6,1.440e-68,211.0
m0166,m0266,34.5,8.290e-42,141.0
m0166,m0267,37.7,2.260e-53,170.0
m0166,m0271,40.0,3.330e-58,184.0
m0166,m0272,32.1,1.090e-42,143.0
m0166,m0276,36.5,8.190e-44,150.0
m0166,m0278,33.8,6.930e-35,125.0
m0166,m0280,35.5,6.520e-37,130.0
m0166,m0281,35.0,6.740e-44,150.0
m0166,m0282,38.3,2.300e-44,146.0
m0166,m0284,37.5,2.670e-51,166.0
m0166,m0290,45.3,9.100e-70,214.0
m0166,m0292,39.0,1.270e-51,166.0
m0166,m0293,35.3,1.490e-33,122.0
m0166,m0294,38.1,2.460e-46,153.0
m0166,m0295,33.0,3.550e-39,137.0
m0166,m0297,45.2,5.540e-64,198.0
m0166,m0303,39.6,1.100e-56,179.0
m0166,m0304,44.9,2.420e-64,200.0
m0166,m0309,36.3,4.030e-55,176.0
m0166,m0311,42.1,1.060e-73,224.0
m0166,m0312,48.7,1.300e-80,240.0
m0166,m0314,38.8,1.360e-41,144.0
m0166,m0315,42.1,6.260e-63,196.0
m0166,m0317,41.1,3.080e-56,178.0
m0166,m0318,36.7,4.060e-38,135.0
m0166,m0320,38.4,8.690e-41,141.0
m0166,m0322,35.5,3.830e-38,135.0
m0166,m0324,37.3,1.060e-41,141.0
m0166,m0328,36.9,7.140e-37,129.0
m0166,m0329,46.8,4.350e-64,197.0
m0166,m0331,33.5,1.150e-34,125.0
m0166,m0332,44.0,6.780e-59,186.0
m0166,m0333,36.7,3.780e-39,138.0
m0166,m0335,40.6,5.490e-50,162.0
m0166,m0336,34.3,5.060e-37,129.0
m0166,m0337,40.9,1.950e-54,173.0
m0166,m0339,35.7,3.110e-42,146.0
m0166,m0340,37.3,1.410e-41,140.0
m0166,m0343,35.6,1.630e-53,171.0
m0166,m0344,38.5,1.030e-40,142.0
m0166,m0345,39.9,2.960e-49,160.0
m0166,m0347,37.5,3.570e-39,138.0
m0166,m0348,37.7,9.080e-38,134.0
m0166,m0349,34.5,3.050e-39,138.0
m0166,m0351,47.6,8.090e-71,216.0
m0166,m0354,45.0,1.020e-67,208.0
m0166,m0356,46.0,5.550e-70,214.0
m0166,m0363,37.5,5.460e-42,145.0
m0166,m0364,43.3,4.650e-61,191.0
m0166,m0365,39.4,1.850e-57,181.0
m0166,m0368,40.2,1.720e-54,174.0
m0166,m0369,32.0,2.730e-33,120.0
m0166,m0370,35.9,8.800e-46,152.0
m0166,m0371,36.5,2.570e-41,143.0
m0166,m0372,43.5,2.930e-66,204.0
m0166,m0377,41.9,6.830e-61,191.0
m0166,m0378,38.4,1.350e-40,142.0
m0166,m0380,39.0,2.820e-63,196.0
m0166,m0382,39.8,3.510e-55,176.0
m0166,m0383,43.1,5.810e-66,204.0
m0166,m0385,42.6,2.570e-59,187.0
m0166,m0387,36.4,7.230e-51,164.0
m0166,m0388,37.9,5.860e-57,181.0
m0166,m0390,41.5,6.110e-64,198.0
m0166,m0393,38.8,2.930e-40,141.0
m0166,m0394,37.1,1.620e-54,174.0
m0166,m0397,39.1,4.240e-43,149.0
m0166,m0399,38.8,1.310e-41,144.0
m0166,m0401,45.8,2.460e-62,194.0
m0166,m0404,36.3,3.000e-38,133.0
m0166,m0405,32.6,1.650e-35,126.0
m0166,m0407,34.5,1.000e-44,149.0
m0166,m0409,46.2,2.130e-68,211.0
m0166,m0411,38.1,6.360e-59,186.0
m0167,m0168,44.7,3.340e-79,237.0
m0167,m0169,54.8,4.770e-112,321.0
m0167,m0170,54.1,5.060e-95,281.0
m0167,m0171,44.5,1.370e-73,222.0
m0167,m0173,48.6,5.250e-83,251.0
m0167,m0174,48.8,9.280e-87,260.0
m0167,m0175,52.5,1.620e-90,270.0
m0167,m0176,43.0,1.260e-78,235.0
m0167,m0177,41.3,6.710e-70,213.0
m0167,m0179,50.7,1.400e-89,267.0
m0167,m0182,50.7,8.840e-88,264.0
m0167,m0183,50.2,5.910e-84,253.0
m0167,m0184,44.4,4.540e-82,244.0
m0167,m0187,54.8,1.980e-104,300.0
m0167,m0188,52.5,9.760e-94,279.0
m0167,m0191,45.8,6.650e-77,230.0
m0167,m0192,49.3,4.330e-90,265.0
m0167,m0193,57.9,9.890e-121,343.0
m0167,m0194,43.0,8.330e-80,238.0
m0167,m0197,53.0,7.290e-102,295.0
m0167,m0198,46.1,1.380e-76,234.0
m0167,m0204,47.0,5.590e-76,230.0
m0167,m0205,49.3,1.830e-82,250.0
m0167,m0209,45.7,1.360e-75,227.0
m0167,m0212,48.1,3.250e-83,248.0
m0167,m0213,46.0,1.100e-79,242.0
m0167,m0214,47.5,4.770e-79,242.0
m0167,m0215,49.6,2.110e-74,228.0
m0167,m0216,32.5,9.580e-06,39.7
m0167,m0225,46.7,7.730e-75,230.0
m0167,m0226,46.8,7.410e-83,251.0
m0167,m0228,61.5,5.330e-116,329.0
m0167,m0229,61.6,1.010e-130,368.0
m0167,m0230,52.0,3.590e-104,300.0
m0167,m0231,53.6,4.320e-116,332.0
m0167,m0232,60.6,1.610e-117,334.0
m0167,m0233,59.1,1.460e-114,327.0
m0167,m0235,48.3,4.290e-78,236.0
m0167,m0236,52.9,1.070e-92,275.0
m0167,m0241,50.0,1.300e-102,296.0
m0167,m0242,41.9,5.200e-72,218.0
m0167,m0243,50.4,1.950e-88,265.0
m0167,m0244,43.3,2.270e-82,245.0
m0167,m0246,56.8,1.580e-120,342.0
m0167,m0247,51.2,8.520e-91,270.0
m0167,m0248,45.3,7.520e-82,244.0
m0167,m0251,48.9,1.120e-92,271.0
m0167,m0253,46.1,9.240e-78,238.0
m0167,m0258,50.0,1.620e-85,257.0
m0167,m0261,55.8,3.660e-108,311.0
m0167,m0263,43.8,1.000e-79,238.0
m0167,m0266,53.5,1.980e-97,283.0
m0167,m0267,53.9,4.750e-99,286.0
m0167,m0271,60.8,2.640e-128,362.0
m0167,m0272,54.9,1.970e-107,308.0
m0167,m0273,32.6,9.040e-41,139.0
m0167,m0276,48.2,4.940e-85,257.0
m0167,m0278,47.3,7.600e-80,243.0
m0167,m0280,53.7,5.350e-91,270.0
m0167,m0281,50.5,4.250e-88,264.0
m0167,m0282,43.3,1.040e-59,185.0
m0167,m0284,45.5,7.280e-76,228.0
m0167,m0287,30.1,3.330e-36,126.0
m0167,m0290,44.7,1.040e-76,231.0
m0167,m0292,55.8,7.190e-106,304.0
m0167,m0293,50.3,5.810e-88,264.0
m0167,m0294,50.5,3.130e-87,258.0
m0167,m0295,50.0,1.110e-85,257.0
m0167,m0297,58.7,4.850e-117,333.0
m0167,m0303,52.7,1.090e-100,291.0
m0167,m0304,58.2,9.990e-121,343.0
m0167,m0309,58.5,1.960e-115,330.0
m0167,m0311,43.7,1.720e-77,233.0
m0167,m0312,45.8,1.610e-78,234.0
m0167,m0314,47.1,1.110e-79,243.0
m0167,m0315,49.8,7.440e-102,295.0
m0167,m0317,55.3,6.010e-115,327.0
m0167,m0318,46.6,1.410e-80,245.0
m0167,m0320,49.8,4.830e-79,240.0
m0167,m0322,46.4,5.030e-80,244.0
m0167,m0324,52.6,1.170e-98,286.0
m0167,m0328,49.1,1.210e-84,252.0
m0167,m0329,52.9,1.680e-100,290.0
m0167,m0331,51.1,3.120e-91,271.0
m0167,m0332,55.6,1.450e-116,332.0
m0167,m0333,46.4,3.120e-80,245.0
m0167,m0335,47.4,2.190e-71,216.0
m0167,m0336,50.2,8.320e-92,270.0
m0167,m0337,56.5,5.180e-111,317.0
m0167,m0339,48.1,6.970e-85,256.0
m0167,m0340,51.5,1.440e-96,281.0
m0167,m0343,45.5,1.410e-78,234.0
m0167,m0344,46.9,3.960e-81,247.0
m0167,m0345,48.1,1.700e-92,271.0
m0167,m0347,47.5,1.990e-80,245.0
m0167,m0348,49.5,1.200e-81,248.0
m0167,m0349,50.0,4.820e-88,265.0
m0167,m0351,43.6,1.470e-76,230.0
m0167,m0354,45.2,3.190e-80,239.0
m0167,m0356,46.2,4.400e-77,232.0
m0167,m0363,46.0,3.660e-80,244.0
m0167,m0364,46.8,1.100e-89,263.0
m0167,m0365,55.4,1.330e-103,298.0
m0167,m0368,53.0,9.580e-99,286.0
m0167,m0369,36.9,1.420e-45,152.0
m0167,m0370,49.3,3.250e-86,255.0
m0167,m0371,37.0,7.700e-48,159.0
m0167,m0372,50.4,3.320e-102,295.0
m0167,m0377,52.5,3.230e-107,308.0
m0167,m0378,46.9,1.990e-80,245.0
m0167,m0380,62.4,1.240e-128,362.0
m0167,m0382,52.8,2.110e-103,298.0
m0167,m0383,39.5,2.450e-70,214.0
m0167,m0385,44.1,9.650e-77,231.0
m0167,m0387,45.4,2.570e-73,221.0
m0167,m0388,54.1,1.410e-109,315.0
m0167,m0390,62.8,4.990e-120,340.0
m0167,m0393,46.4,3.470e-80,245.0
m0167,m0394,55.4,2.150e-114,326.0
m0167,m0397,46.8,1.880e-83,253.0
m0167,m0399,47.2,4.850e-82,249.0
m0167,m0401,60.1,4.730e-122,345.0
m0167,m0404,46.4,3.280e-78,236.0
m0167,m0405,50.0,4.450e-87,259.0
m0167,m0407,47.4,1.080e-84,251.0
m0167,m0409,45.6,6.760e-75,226.0
m0167,m0411,60.7,2.660e-126,357.0
m0168,m0169,43.3,1.110e-80,241.0
m0168,m0170,38.2,2.370e-49,163.0
m0168,m0171,36.6,3.810e-56,177.0
m0168,m0173,38.8,2.970e-49,163.0
m0168,m0174,37.7,2.650e-51,169.0
m0168,m0175,38.8,1.230e-51,170.0
m0168,m0176,86.5,1.160e-199,542.0
m0168,m0177,52.0,2.080e-111,319.0
m0168,m0179,40.3,3.320e-51,168.0
m0168,m0182,38.4,1.850e-55,180.0
m0168,m0183,38.5,1.210e-45,154.0
m0168,m0184,86.9,1.080e-200,545.0
m0168,m0185,34.8,3.770e-20,82.8
m0168,m0187,47.3,3.240e-81,241.0
m0168,m0188,36.7,1.580e-49,164.0
m0168,m0191,53.9,1.610e-91,268.0
m0168,m0192,38.4,2.780e-67,206.0
m0168,m0193,45.5,6.440e-79,237.0
m0168,m0194,81.5,5.020e-190,518.0
m0168,m0197,41.4,4.080e-67,206.0
m0168,m0198,41.2,4.750e-56,181.0
m0168,m0204,38.2,2.150e-50,164.0
m0168,m0205,39.0,7.210e-51,168.0
m0168,m0209,38.6,3.120e-54,172.0
m0168,m0212,37.5,1.600e-50,164.0
m0168,m0213,38.6,2.090e-50,166.0
m0168,m0214,38.5,6.640e-50,166.0
m0168,m0215,39.3,6.120e-45,152.0
m0168,m0225,38.1,4.780e-49,163.0
m0168,m0226,36.9,6.780e-49,163.0
m0168,m0227,30.2,4.070e-14,65.5
m0168,m0228,47.0,1.120e-78,234.0
m0168,m0229,46.2,5.310e-84,249.0
m0168,m0230,40.9,5.560e-67,206.0
m0168,m0231,43.5,1.550e-78,236.0
m0168,m0232,44.1,3.710e-76,229.0
m0168,m0233,44.9,3.540e-75,226.0
m0168,m0235,35.9,1.270e-47,157.0
m0168,m0236,38.5,2.630e-49,163.0
m0168,m0241,45.1,2.680e-82,245.0
m0168,m0242,39.3,1.840e-61,191.0
m0168,m0243,40.6,1.590e-53,174.0
m0168,m0244,51.4,1.270e-100,291.0
m0168,m0246,42.9,1.580e-75,228.0
m0168,m0247,36.6,2.800e-48,160.0
m0168,m0248,68.1,4.170e-139,389.0
m0168,m0251,37.6,6.170e-63,195.0
m0168,m0253,38.1,4.130e-51,169.0
m0168,m0258,38.1,7.890e-46,154.0
m0168,m0261,42.8,1.150e-76,231.0
m0168,m0263,50.0,4.970e-94,275.0
m0168,m0266,40.8,1.050e-59,187.0
m0168,m0267,45.5,1.420e-78,234.0
m0168,m0271,45.9,3.640e-84,250.0
m0168,m0272,42.7,6.650e-61,190.0
m0168,m0273,34.6,1.570e-44,149.0
m0168,m0276,35.4,5.430e-49,163.0
m0168,m0278,38.1,1.160e-48,162.0
m0168,m0280,38.8,2.120e-51,168.0
m0168,m0281,36.5,1.290e-52,172.0
m0168,m0282,41.2,5.670e-60,186.0
m0168,m0284,36.8,7.070e-53,169.0
m0168,m0287,31.6,2.450e-37,129.0
m0168,m0290,53.3,3.510e-114,326.0
m0168,m0292,40.8,2.210e-66,203.0
m0168,m0293,39.6,4.130e-47,158.0
m0168,m0294,38.6,2.720e-54,173.0
m0168,m0295,38.8,1.650e-51,169.0
m0168,m0297,44.4,3.990e-76,229.0
m0168,m0303,39.5,2.010e-61,191.0
m0168,m0304,46.3,2.000e-83,248.0
m0168,m0309,42.8,2.980e-68,209.0
m0168,m0311,53.0,1.060e-117,335.0
m0168,m0312,85.3,2.440e-179,490.0
m0168,m0314,37.9,2.300e-50,167.0
m0168,m0315,46.4,7.270e-85,251.0
m0168,m0317,43.8,7.460e-76,228.0
m0168,m0318,40.7,1.020e-54,178.0
m0168,m0320,37.7,4.770e-50,165.0
m0168,m0322,36.1,1.240e-49,165.0
m0168,m0324,41.4,3.120e-61,191.0
m0168,m0328,35.4,4.650e-47,155.0
m0168,m0329,48.1,1.930e-82,244.0
m0168,m0331,36.2,3.850e-47,157.0
m0168,m0332,47.2,2.150e-81,243.0
m0168,m0333,38.1,1.210e-51,171.0
m0168,m0335,45.1,6.920e-68,207.0
m0168,m0336,37.7,4.060e-52,168.0
m0168,m0337,43.9,2.320e-77,231.0
m0168,m0339,36.0,1.900e-50,167.0
m0168,m0340,39.9,3.210e-57,181.0
m0168,m0343,45.4,1.410e-76,229.0
m0168,m0344,39.3,3.310e-51,169.0
m0168,m0345,39.6,3.230e-63,196.0
m0168,m0347,38.3,1.230e-49,165.0
m0168,m0348,37.6,8.810e-49,163.0
m0168,m0349,37.8,1.860e-50,167.0
m0168,m0351,56.0,8.500e-120,340.0
m0168,m0354,49.7,3.260e-91,267.0
m0168,m0356,58.0,2.420e-118,337.0
m0168,m0363,38.8,1.270e-49,165.0
m0168,m0364,37.1,1.830e-61,191.0
m0168,m0365,41.3,3.350e-65,201.0
m0168,m0368,45.3,3.460e-76,229.0
m0168,m0369,35.1,2.690e-47,157.0
m0168,m0370,36.1,4.710e-51,165.0
m0168,m0371,35.6,3.420e-52,171.0
m0168,m0372,40.6,2.540e-65,201.0
m0168,m0377,42.9,9.810e-79,236.0
m0168,m0378,37.2,1.170e-50,168.0
m0168,m0380,42.9,1.020e-75,228.0
m0168,m0382,45.7,9.250e-80,238.0
m0168,m0383,55.6,1.380e-119,340.0
m0168,m0385,47.0,3.380e-86,255.0
m0168,m0387,38.5,7.130e-56,177.0
m0168,m0388,40.5,1.160e-72,221.0
m0168,m0390,44.1,2.010e-74,224.0
m0168,m0393,38.3,3.570e-51,169.0
m0168,m0394,42.8,2.850e-77,232.0
m0168,m0397,41.7,9.760e-58,187.0
m0168,m0399,39.1,3.830e-51,169.0
m0168,m0401,47.5,2.830e-84,249.0
m0168,m0404,40.7,1.750e-53,172.0
m0168,m0405,40.8,9.670e-51,166.0
m0168,m0407,38.8,3.140e-59,186.0
m0168,m0409,52.9,2.120e-113,325.0
m0168,m0411,46.4,8.830e-83,246.0
m0169,m0170,48.3,6.800e-82,248.0
m0169,m0171,45.1,4.480e-75,226.0
m0169,m0173,43.9,4.380e-73,226.0
m0169,m0174,48.3,1.460e-80,245.0
m0169,m0175,48.8,2.570e-81,247.0
m0169,m0176,43.6,3.650e-81,242.0
m0169,m0177,47.4,1.210e-79,239.0
m0169,m0179,49.1,6.410e-77,235.0
m0169,m0182,44.8,2.660e-78,240.0
m0169,m0183,49.6,7.230e-77,235.0
m0169,m0184,45.9,3.020e-83,248.0
m0169,m0187,65.8,1.310e-122,346.0
m0169,m0188,48.4,1.250e-83,253.0
m0169,m0191,50.4,8.010e-84,248.0
m0169,m0192,50.7,4.660e-90,265.0
m0169,m0193,64.4,1.140e-144,404.0
m0169,m0194,43.0,3.240e-77,232.0
m0169,m0197,47.8,7.100e-98,285.0
m0169,m0198,46.6,9.450e-75,230.0
m0169,m0204,42.9,1.920e-65,203.0
m0169,m0205,47.4,8.750e-78,239.0
m0169,m0209,42.8,1.720e-62,194.0
m0169,m0212,48.6,9.280e-81,242.0
m0169,m0213,43.6,1.330e-75,232.0
m0169,m0214,44.1,6.170e-74,229.0
m0169,m0215,50.6,4.270e-68,213.0
m0169,m0225,46.4,3.930e-69,216.0
m0169,m0226,46.0,1.230e-75,233.0
m0169,m0227,30.3,3.920e-17,74.3
m0169,m0228,71.0,6.200e-137,382.0
m0169,m0229,63.7,9.770e-137,384.0
m0169,m0230,50.2,1.570e-98,286.0
m0169,m0231,57.1,4.010e-115,330.0
m0169,m0232,65.0,4.280e-135,379.0
m0169,m0233,63.6,2.980e-129,364.0
m0169,m0235,48.9,3.000e-76,231.0
m0169,m0236,50.7,9.830e-86,258.0
m0169,m0241,60.4,5.900e-124,351.0
m0169,m0242,46.1,2.930e-77,232.0
m0169,m0243,46.4,9.670e-78,238.0
m0169,m0244,50.5,1.610e-93,274.0
m0169,m0246,66.3,1.470e-138,388.0
m0169,m0247,49.5,7.040e-82,248.0
m0169,m0248,51.3,1.380e-85,254.0
m0169,m0251,56.2,9.820e-97,281.0
m0169,m0253,44.1,1.950e-74,230.0
m0169,m0258,50.5,2.010e-78,239.0
m0169,m0261,62.2,3.620e-126,357.0
m0169,m0263,45.8,2.730e-80,240.0
m0169,m0266,47.4,2.050e-79,238.0
m0169,m0267,58.5,1.650e-107,308.0
m0169,m0271,62.6,6.850e-132,372.0
m0169,m0272,50.0,3.150e-89,263.0
m0169,m0273,33.9,1.440e-36,129.0
m0169,m0276,44.9,3.640e-76,234.0
m0169,m0278,49.2,2.040e-74,229.0
m0169,m0280,48.6,1.410e-80,244.0
m0169,m0281,45.4,4.160e-77,236.0
m0169,m0282,46.4,4.590e-67,204.0
m0169,m0284,44.8,2.000e-70,214.0
m0169,m0287,31.1,2.240e-37,129.0
m0169,m0290,49.8,9.260e-84,249.0
m0169,m0291,31.3,7.240e-26,98.6
m0169,m0292,50.4,2.930e-93,272.0
m0169,m0293,46.2,6.460e-82,249.0
m0169,m0294,49.2,3.620e-84,250.0
m0169,m0295,47.4,2.480e-76,233.0
m0169,m0297,65.6,1.040e-133,375.0
m0169,m0303,55.9,1.350e-104,301.0
m0169,m0304,67.7,6.490e-144,402.0
m0169,m0309,64.4,4.350e-125,355.0
m0169,m0311,50.8,1.070e-84,251.0
m0169,m0312,45.4,1.860e-80,239.0
m0169,m0314,45.3,3.170e-73,227.0
m0169,m0315,59.4,7.870e-122,346.0
m0169,m0317,63.6,1.420e-128,362.0
m0169,m0318,42.6,2.290e-73,227.0
m0169,m0320,46.6,7.230e-73,225.0
m0169,m0322,45.3,2.380e-75,232.0
m0169,m0324,45.7,4.740e-83,247.0
m0169,m0328,46.7,1.580e-80,242.0
m0169,m0329,66.1,4.660e-125,352.0
m0169,m0331,49.5,4.540e-83,251.0
m0169,m0332,67.8,9.320e-140,391.0
m0169,m0333,44.7,1.030e-75,234.0
m0169,m0335,48.2,1.030e-80,240.0
m0169,m0336,46.1,7.220e-86,255.0
m0169,m0337,81.0,1.040e-165,456.0
m0169,m0339,44.0,1.590e-74,230.0
m0169,m0340,45.5,8.870e-83,246.0
m0169,m0343,53.4,1.240e-100,291.0
m0169,m0344,44.1,6.640e-77,237.0
m0169,m0345,51.4,1.050e-91,269.0
m0169,m0347,42.9,1.600e-73,228.0
m0169,m0348,44.0,1.950e-74,230.0
m0169,m0349,47.6,5.890e-81,247.0
m0169,m0351,51.3,1.930e-88,261.0
m0169,m0354,47.3,9.550e-80,238.0
m0169,m0356,49.8,1.820e-82,246.0
m0169,m0363,45.0,1.500e-73,228.0
m0169,m0364,52.7,1.840e-101,293.0
m0169,m0365,53.0,6.710e-102,295.0
m0169,m0368,48.4,5.480e-96,280.0
m0169,m0369,32.1,1.100e-33,121.0
m0169,m0370,44.4,1.590e-76,231.0
m0169,m0371,40.2,1.190e-52,172.0
m0169,m0372,58.5,8.750e-113,322.0
m0169,m0377,87.8,1.720e-192,525.0
m0169,m0378,43.7,6.300e-73,226.0
m0169,m0380,63.8,4.780e-129,363.0
m0169,m0382,61.4,1.580e-113,324.0
m0169,m0383,48.3,3.890e-81,243.0
m0169,m0385,45.3,9.580e-75,226.0
m0169,m0387,44.7,1.900e-73,222.0
m0169,m0388,58.5,8.300e-122,346.0
m0169,m0390,65.9,1.480e-129,365.0
m0169,m0393,44.7,2.750e-73,228.0
m0169,m0394,65.6,8.560e-134,376.0
m0169,m0397,44.9,1.960e-77,238.0
m0169,m0399,47.2,6.550e-77,236.0
m0169,m0401,68.8,1.180e-144,403.0
m0169,m0404,44.8,2.930e-71,218.0
m0169,m0405,45.7,3.180e-85,255.0
m0169,m0407,48.0,9.260e-84,249.0
m0169,m0409,46.1,3.630e-78,235.0
m0169,m0411,66.1,4.100e-136,382.0
m0170,m0171,36.9,1.170e-51,169.0
m0170,m0173,57.4,7.080e-148,421.0
m0170,m0174,62.0,3.920e-184,513.0
m0170,m0175,63.4,1.390e-165,466.0
m0170,m0176,40.0,9.390e-53,172.0
m0170,m0177,34.0,1.480e-43,148.0
m0170,m0179,61.0,5.520e-147,418.0
m0170,m0182,48.3,5.570e-128,371.0
m0170,m0183,56.7,1.240e-157,446.0
m0170,m0184,38.3,8.620e-50,164.0
m0170,m0187,48.5,9.590e-77,233.0
m0170,m0188,74.0,3.640e-227,623.0
m0170,m0191,38.4,5.730e-53,172.0
m0170,m0192,45.4,1.400e-71,221.0
m0170,m0193,48.4,2.520e-84,254.0
m0170,m0194,38.6,1.890e-47,158.0
m0170,m0197,49.0,1.450e-81,247.0
m0170,m0198,46.4,2.590e-111,328.0
m0170,m0204,54.8,4.510e-113,329.0
m0170,m0205,60.9,5.430e-127,369.0
m0170,m0209,42.1,7.550e-57,182.0
m0170,m0212,57.9,1.070e-123,355.0
m0170,m0213,54.7,4.140e-132,381.0
m0170,m0214,61.3,3.380e-128,372.0
m0170,m0215,50.5,3.680e-112,330.0
m0170,m0225,49.7,1.830e-110,326.0
m0170,m0226,53.9,4.020e-130,377.0
m0170,m0227,32.0,4.220e-11,57.0
m0170,m0228,52.7,2.460e-85,255.0
m0170,m0229,47.9,3.360e-88,264.0
m0170,m0230,48.6,5.850e-80,243.0
m0170,m0231,45.4,1.230e-80,245.0
m0170,m0232,52.0,8.720e-94,278.0
m0170,m0233,52.6,1.500e-90,270.0
m0170,m0235,59.2,9.290e-121,349.0
m0170,m0236,64.1,1.870e-161,455.0
m0170,m0241,46.2,3.530e-73,225.0
m0170,m0242,36.4,2.290e-48,160.0
m0170,m0243,56.1,3.070e-151,429.0
m0170,m0244,40.3,1.060e-60,193.0
m0170,m0246,47.9,3.910e-87,261.0
m0170,m0247,66.7,6.020e-197,545.0
m0170,m0248,39.6,7.130e-50,165.0
m0170,m0251,43.5,1.610e-66,207.0
m0170,m0253,61.1,1.260e-129,376.0
m0170,m0258,63.0,1.590e-188,524.0
m0170,m0261,47.9,9.380e-84,253.0
m0170,m0263,38.4,3.090e-53,174.0
m0170,m0266,57.4,2.140e-114,330.0
m0170,m0267,47.5,8.900e-73,223.0
m0170,m0271,47.8,1.030e-86,260.0
m0170,m0272,46.1,1.550e-78,239.0
m0170,m0273,32.1,1.320e-27,106.0
m0170,m0276,50.1,3.600e-127,369.0
m0170,m0278,53.7,5.460e-140,401.0
m0170,m0280,82.8,1.390e-250,680.0
m0170,m0281,48.3,7.160e-125,362.0
m0170,m0282,40.2,3.850e-51,166.0
m0170,m0284,42.1,2.840e-61,194.0
m0170,m0287,30.8,2.970e-24,95.9
m0170,m0290,37.3,3.960e-49,163.0
m0170,m0292,49.5,4.420e-76,232.0
m0170,m0293,59.3,4.010e-155,440.0
m0170,m0294,60.1,2.180e-118,341.0
m0170,m0295,57.3,9.170e-158,445.0
m0170,m0297,51.9,6.720e-91,270.0
m0170,m0303,47.7,3.630e-75,230.0
m0170,m0304,50.0,5.630e-86,258.0
m0170,m0309,47.3,8.650e-82,248.0
m0170,m0311,39.5,3.530e-50,166.0
m0170,m0312,38.6,1.180e-48,160.0
m0170,m0314,62.4,1.290e-132,384.0
m0170,m0315,47.1,3.530e-73,225.0
m0170,m0317,51.3,2.550e-87,261.0
m0170,m0318,56.3,4.510e-163,461.0
m0170,m0320,50.0,1.570e-124,361.0
m0170,m0322,59.5,3.570e-128,372.0
m0170,m0324,59.2,5.330e-120,345.0
m0170,m0328,60.8,5.800e-125,359.0
m0170,m0329,45.8,3.210e-71,219.0
m0170,m0331,80.0,1.350e-250,681.0
m0170,m0332,53.5,3.330e-97,287.0
m0170,m0333,61.7,1.670e-131,381.0
m0170,m0335,44.8,1.720e-58,186.0
m0170,m0336,61.5,9.700e-122,350.0
m0170,m0337,50.7,4.080e-83,250.0
m0170,m0339,50.2,1.110e-128,373.0
m0170,m0340,58.5,4.870e-115,332.0
m0170,m0343,42.7,6.820e-59,187.0
m0170,m0344,62.7,2.570e-133,385.0
m0170,m0345,45.6,2.040e-71,221.0
m0170,m0347,56.3,2.580e-132,383.0
m0170,m0348,59.6,1.380e-131,381.0
m0170,m0349,77.4,6.360e-166,468.0
m0170,m0351,36.7,4.180e-48,160.0
m0170,m0354,38.2,8.800e-56,180.0
m0170,m0356,39.8,7.300e-47,157.0
m0170,m0363,59.5,3.690e-128,372.0
m0170,m0364,39.1,1.220e-61,195.0
m0170,m0365,47.1,2.150e-76,233.0
m0170,m0368,47.8,7.700e-80,242.0
m0170,m0369,34.1,9.490e-31,115.0
m0170,m0370,65.0,6.470e-127,363.0
m0170,m0371,32.3,1.390e-31,119.0
m0170,m0372,44.8,5.720e-74,227.0
m0170,m0377,48.4,4.490e-82,248.0
m0170,m0378,56.4,2.370e-130,378.0
m0170,m0380,52.0,1.970e-86,259.0
m0170,m0382,46.2,7.330e-72,221.0
m0170,m0383,36.5,1.010e-45,154.0
m0170,m0385,40.5,6.460e-56,181.0
m0170,m0387,38.5,8.270e-56,180.0
m0170,m0388,48.3,5.340e-82,248.0
m0170,m0390,52.8,3.300e-92,274.0
m0170,m0393,60.8,1.530e-130,379.0
m0170,m0394,47.7,4.040e-82,248.0
m0170,m0397,49.9,1.530e-114,338.0
m0170,m0399,64.9,2.040e-200,555.0
m0170,m0401,52.3,1.270e-96,285.0
m0170,m0404,54.4,7.500e-107,313.0
m0170,m0405,69.6,5.610e-147,417.0
m0170,m0407,45.2,6.370e-72,222.0
m0170,m0409,39.2,1.460e-49,164.0
m0170,m0411,49.3,4.840e-91,271.0
m0171,m0173,34.9,1.760e-48,161.0
m0171,m0174,38.2,1.860e-47,158.0
m0171,m0175,35.3,6.110e-48,160.0
m0171,m0176,37.7,6.460e-57,179.0
m0171,m0177,39.1,2.030e-61,191.0
m0171,m0179,35.4,4.680e-47,157.0
m0171,m0182,37.6,3.600e-51,169.0
m0171,m0183,38.5,1.230e-47,159.0
m0171,m0184,38.4,8.660e-58,182.0
m0171,m0187,50.2,1.070e-77,231.0
m0171,m0188,38.5,7.510e-53,173.0
m0171,m0191,43.2,1.270e-64,199.0
m0171,m0192,41.8,3.740e-71,216.0
m0171,m0193,47.8,1.570e-77,233.0
m0171,m0194,35.5,1.850e-53,171.0
m0171,m0197,38.9,1.380e-59,187.0
m0171,m0198,36.4,6.540e-46,154.0
m0171,m0204,37.2,1.100e-51,167.0
m0171,m0205,36.5,6.720e-47,157.0
m0171,m0209,61.8,4.010e-126,355.0
m0171,m0212,38.5,1.260e-50,164.0
m0171,m0213,38.1,1.030e-46,156.0
m0171,m0214,37.5,1.140e-46,157.0
m0171,m0215,38.7,5.060e-44,149.0
m0171,m0225,36.4,4.520e-45,152.0
m0171,m0226,37.4,1.530e-47,159.0
m0171,m0228,46.9,3.070e-71,215.0
m0171,m0229,48.9,1.040e-81,243.0
m0171,m0230,39.4,3.000e-58,183.0
m0171,m0231,47.9,4.150e-79,237.0
m0171,m0232,50.5,2.930e-89,262.0
m0171,m0233,50.0,5.720e-88,259.0
m0171,m0235,36.4,2.590e-48,159.0
m0171,m0236,35.2,8.850e-47,156.0
m0171,m0241,46.1,3.870e-77,231.0
m0171,m0242,37.6,9.850e-49,158.0
m0171,m0243,34.7,5.340e-45,152.0
m0171,m0244,40.7,1.220e-57,181.0
m0171,m0246,46.9,3.610e-80,239.0
m0171,m0247,39.5,9.240e-52,169.0
m0171,m0248,41.9,3.540e-58,183.0
m0171,m0251,48.7,1.910e-79,237.0
m0171,m0253,37.9,1.460e-46,157.0
m0171,m0258,38.5,4.040e-48,160.0
m0171,m0261,44.2,2.810e-75,227.0
m0171,m0263,40.9,5.240e-61,190.0
m0171,m0264,30.1,4.130e-14,65.5
m0171,m0266,38.4,2.820e-54,172.0
m0171,m0267,41.7,4.140e-65,199.0
m0171,m0271,49.0,1.010e-81,243.0
m0171,m0272,40.2,1.010e-54,174.0
m0171,m0273,30.7,1.020e-24,96.3
m0171,m0276,35.4,2.380e-47,159.0
m0171,m0278,41.4,4.170e-51,168.0
m0171,m0280,36.7,1.270e-50,166.0
m0171,m0281,38.1,3.160e-50,166.0
m0171,m0282,38.1,8.130e-45,146.0
m0171,m0284,66.3,1.610e-140,392.0
m0171,m0290,41.9,4.140e-60,188.0
m0171,m0292,42.4,9.850e-66,201.0
m0171,m0293,36.2,7.320e-51,167.0
m0171,m0294,39.3,1.300e-52,169.0
m0171,m0295,36.5,3.460e-46,154.0
m0171,m0297,50.5,2.090e-87,257.0
m0171,m0303,41.5,3.580e-60,187.0
m0171,m0304,46.8,1.800e-79,238.0
m0171,m0309,46.2,4.510e-71,216.0
m0171,m0311,41.3,3.830e-57,180.0
m0171,m0312,39.5,1.990e-55,175.0
m0171,m0314,36.6,7.730e-47,157.0
m0171,m0315,45.7,3.870e-77,231.0
m0171,m0317,51.6,9.900e-98,283.0
m0171,m0318,34.4,8.250e-48,160.0
m0171,m0320,37.4,2.690e-43,147.0
m0171,m0322,37.9,2.010e-48,161.0
m0171,m0324,35.9,8.710e-52,166.0
m0171,m0328,37.4,6.730e-48,157.0
m0171,m0329,47.7,2.790e-72,218.0
m0171,m0331,37.2,2.730e-49,163.0
m0171,m0332,53.8,1.530e-97,283.0
m0171,m0333,37.9,1.120e-47,160.0
m0171,m0335,45.1,1.410e-59,186.0
m0171,m0336,37.4,2.110e-49,160.0
m0171,m0337,45.8,7.800e-71,214.0
m0171,m0339,37.2,1.640e-48,162.0
m0171,m0340,38.0,6.780e-54,172.0
m0171,m0343,47.2,8.870e-76,227.0
m0171,m0344,38.6,2.840e-49,164.0
m0171,m0345,40.2,5.510e-59,185.0
m0171,m0347,37.8,1.080e-46,157.0
m0171,m0348,37.5,1.970e-47,159.0
m0171,m0349,38.9,2.290e-54,177.0
m0171,m0351,37.9,1.440e-57,181.0
m0171,m0354,39.3,6.260e-62,192.0
m0171,m0356,41.1,6.060e-58,182.0
m0171,m0363,37.8,8.420e-46,154.0
m0171,m0364,45.6,7.150e-68,207.0
m0171,m0365,42.0,8.160e-55,174.0
m0171,m0368,36.4,2.510e-49,160.0
m0171,m0369,33.5,6.470e-28,105.0
m0171,m0370,36.2,2.680e-47,155.0
m0171,m0371,39.3,2.850e-51,168.0
m0171,m0372,46.4,6.380e-78,233.0
m0171,m0377,45.7,1.770e-74,224.0
m0171,m0378,37.9,3.830e-48,161.0
m0171,m0380,45.6,1.810e-74,224.0
m0171,m0382,56.5,1.170e-91,268.0
m0171,m0383,41.4,3.280e-60,188.0
m0171,m0385,39.2,5.460e-53,170.0
m0171,m0387,61.3,6.820e-130,365.0
m0171,m0388,46.2,9.210e-81,241.0
m0171,m0390,53.7,3.850e-96,280.0
m0171,m0393,37.1,9.110e-46,155.0
m0171,m0394,44.8,4.690e-71,216.0
m0171,m0397,36.5,8.290e-50,166.0
m0171,m0399,37.4,6.850e-48,160.0
m0171,m0401,52.8,6.920e-91,266.0
m0171,m0404,34.5,2.610e-45,150.0
m0171,m0405,36.6,8.180e-50,163.0
m0171,m0407,56.1,4.050e-111,318.0
m0171,m0409,43.8,9.070e-59,185.0
m0171,m0411,48.6,1.030e-84,251.0
m0172,m0180,31.3,3.850e-31,114.0
m0172,m0190,34.4,2.860e-37,131.0
m0172,m0206,36.9,2.590e-60,191.0
m0172,m0208,30.6,8.750e-32,116.0
m0172,m0218,40.1,2.260e-66,208.0
m0172,m0219,58.9,2.640e-135,383.0
m0172,m0220,33.2,5.110e-32,117.0
m0172,m0224,34.2,1.910e-29,110.0
m0172,m0240,45.3,2.550e-81,245.0
m0172,m0255,35.4,4.200e-31,113.0
m0172,m0268,62.6,5.460e-149,418.0
m0172,m0286,31.1,1.160e-33,122.0
m0172,m0316,30.6,1.940e-31,115.0
m0172,m0321,32.6,1.230e-40,140.0
m0172,m0353,31.5,1.170e-24,95.9
m0172,m0357,33.8,2.400e-32,117.0
m0172,m0379,84.2,1.020e-218,595.0
m0172,m0384,30.8,1.990e-26,101.0
m0172,m0389,34.4,3.720e-33,120.0
m0172,m0412,32.8,2.620e-35,125.0
m0173,m0174,49.0,1.160e-123,360.0
m0173,m0175,59.2,7.920e-158,447.0
m0173,m0176,39.3,1.780e-51,169.0
m0173,m0177,37.3,1.060e-48,162.0
m0173,m0179,81.4,2.300e-253,688.0
m0173,m0182,43.9,5.660e-103,308.0
m0173,m0183,63.7,8.450e-120,350.0
m0173,m0184,38.2,2.810e-50,166.0
m0173,m0187,44.1,1.870e-66,207.0
m0173,m0188,69.0,5.680e-147,420.0
m0173,m0191,38.6,2.140e-51,168.0
m0173,m0192,45.2,1.870e-71,221.0
m0173,m0193,46.2,6.820e-81,246.0
m0173,m0194,38.0,3.280e-47,158.0
m0173,m0197,45.1,5.360e-75,231.0
m0173,m0198,50.3,4.040e-145,415.0
m0173,m0204,54.3,2.310e-102,302.0
m0173,m0205,54.7,7.500e-161,456.0
m0173,m0209,36.7,5.040e-52,170.0
m0173,m0212,58.3,1.110e-115,335.0
m0173,m0213,54.2,1.970e-148,423.0
m0173,m0214,52.3,1.080e-155,443.0
m0173,m0215,55.3,1.160e-147,421.0
m0173,m0225,53.6,3.800e-147,420.0
m0173,m0226,51.2,1.320e-154,439.0
m0173,m0227,32.7,1.990e-15,70.1
m0173,m0228,48.8,4.800e-79,239.0
m0173,m0229,47.0,2.330e-82,249.0
m0173,m0230,45.4,4.870e-75,230.0
m0173,m0231,42.6,3.620e-76,234.0
m0173,m0232,49.7,3.930e-89,266.0
m0173,m0233,50.9,2.330e-89,267.0
m0173,m0235,55.6,5.870e-114,332.0
m0173,m0236,68.4,3.070e-206,569.0
m0173,m0241,43.8,3.220e-70,218.0
m0173,m0242,31.3,1.430e-38,135.0
m0173,m0243,83.7,1.560e-272,737.0
m0173,m0244,40.8,4.850e-57,184.0
m0173,m0246,48.6,3.400e-82,249.0
m0173,m0247,51.0,3.710e-132,380.0
m0173,m0248,39.2,2.460e-49,164.0
m0173,m0251,39.9,1.310e-60,192.0
m0173,m0253,53.0,9.850e-163,461.0
m0173,m0258,63.0,2.020e-119,348.0
m0173,m0261,43.1,7.830e-76,233.0
m0173,m0263,37.0,1.080e-52,172.0
m0173,m0264,32.4,2.100e-10,55.1
m0173,m0266,57.4,7.310e-110,319.0
m0173,m0267,45.9,1.470e-70,217.0
m0173,m0271,46.9,1.590e-82,250.0
m0173,m0272,44.8,1.850e-76,234.0
m0173,m0273,30.7,7.890e-28,107.0
m0173,m0276,59.3,2.940e-177,497.0
m0173,m0278,62.2,3.860e-122,356.0
m0173,m0280,56.4,1.340e-146,417.0
m0173,m0281,58.3,2.450e-171,481.0
m0173,m0282,41.5,2.630e-50,164.0
m0173,m0284,37.3,1.090e-55,180.0
m0173,m0290,36.3,1.020e-47,159.0
m0173,m0292,46.1,4.440e-69,214.0
m0173,m0293,71.5,1.670e-224,616.0
m0173,m0294,60.8,2.180e-118,342.0
m0173,m0295,44.1,1.740e-94,284.0
m0173,m0297,50.5,8.340e-89,265.0
m0173,m0303,44.2,1.520e-73,226.0
m0173,m0304,46.9,4.290e-79,241.0
m0173,m0309,47.5,6.330e-75,231.0
m0173,m0311,38.3,3.160e-50,166.0
m0173,m0312,37.9,1.480e-48,160.0
m0173,m0314,53.0,1.600e-159,452.0
m0173,m0315,43.6,1.150e-70,219.0
m0173,m0317,46.3,3.540e-81,246.0
m0173,m0318,45.8,2.610e-101,303.0
m0173,m0320,57.6,1.520e-160,453.0
m0173,m0322,52.8,3.890e-161,456.0
m0173,m0324,59.6,4.230e-114,330.0
m0173,m0328,60.9,7.230e-126,362.0
m0173,m0329,42.2,9.480e-63,197.0
m0173,m0331,54.2,3.070e-147,419.0
m0173,m0332,49.5,4.850e-91,271.0
m0173,m0333,51.5,1.130e-160,456.0
m0173,m0335,44.9,2.610e-56,181.0
m0173,m0336,61.9,3.700e-124,357.0
m0173,m0337,47.4,3.090e-76,233.0
m0173,m0339,59.3,2.070e-177,498.0
m0173,m0340,57.7,4.140e-111,323.0
m0173,m0343,40.5,2.370e-54,176.0
m0173,m0344,53.8,9.130e-165,466.0
m0173,m0345,43.5,3.160e-66,207.0
m0173,m0347,53.5,1.490e-162,460.0
m0173,m0348,53.5,1.980e-162,460.0
m0173,m0349,55.5,8.200e-147,420.0
m0173,m0351,38.5,2.660e-48,161.0
m0173,m0354,38.8,1.130e-55,180.0
m0173,m0356,38.2,7.000e-45,152.0
m0173,m0363,51.2,3.040e-153,436.0
m0173,m0364,37.1,7.150e-55,177.0
m0173,m0365,41.7,6.660e-68,211.0
m0173,m0368,45.1,8.130e-76,232.0
m0173,m0369,34.4,9.090e-33,121.0
m0173,m0370,66.5,3.040e-130,372.0
m0173,m0371,32.2,1.170e-28,110.0
m0173,m0372,41.2,4.790e-65,204.0
m0173,m0377,43.9,2.550e-71,221.0
m0173,m0378,52.8,4.260e-162,459.0
m0173,m0380,48.2,1.520e-79,241.0
m0173,m0382,44.5,4.090e-67,209.0
m0173,m0383,37.0,2.990e-48,161.0
m0173,m0385,40.8,1.990e-52,172.0
m0173,m0387,36.5,1.220e-53,174.0
m0173,m0388,44.7,1.970e-75,232.0
m0173,m0390,49.8,1.180e-86,260.0
m0173,m0393,53.9,2.980e-164,465.0
m0173,m0394,44.5,1.870e-73,226.0
m0173,m0396,31.1,1.290e-15,70.1
m0173,m0397,48.9,4.930e-143,411.0
m0173,m0399,61.5,3.200e-125,364.0
m0173,m0401,48.4,2.950e-89,266.0
m0173,m0404,51.1,5.720e-117,339.0
m0173,m0405,78.6,3.600e-165,463.0
m0173,m0407,41.5,1.530e-65,206.0
m0173,m0409,37.8,2.690e-48,161.0
m0173,m0411,46.7,1.920e-84,255.0
m0174,m0175,52.5,1.100e-129,375.0
m0174,m0176,39.9,1.560e-53,174.0
m0174,m0177,35.6,5.140e-50,166.0
m0174,m0179,51.7,1.270e-122,356.0
m0174,m0182,48.8,7.200e-129,374.0
m0174,m0183,55.6,4.550e-153,434.0
m0174,m0184,39.9,3.270e-53,174.0
m0174,m0187,47.0,5.620e-72,221.0
m0174,m0188,62.8,9.190e-200,554.0
m0174,m0191,40.1,4.160e-56,181.0
m0174,m0192,50.3,6.320e-82,248.0
m0174,m0193,47.6,1.540e-82,250.0
m0174,m0194,36.6,5.820e-49,162.0
m0174,m0197,44.7,3.890e-78,239.0
m0174,m0198,48.7,1.750e-103,308.0
m0174,m0204,50.7,2.620e-101,299.0
m0174,m0205,61.3,7.320e-133,384.0
m0174,m0209,40.6,1.920e-56,181.0
m0174,m0212,68.0,2.650e-149,421.0
m0174,m0213,61.3,3.770e-133,384.0
m0174,m0214,58.7,9.160e-134,387.0
m0174,m0215,58.4,6.990e-139,398.0
m0174,m0225,67.0,6.820e-135,389.0
m0174,m0226,58.0,5.430e-128,372.0
m0174,m0227,30.7,1.340e-11,58.5
m0174,m0228,48.6,1.210e-79,241.0
m0174,m0229,49.2,2.860e-92,275.0
m0174,m0230,46.8,1.780e-81,247.0
m0174,m0231,45.9,1.500e-84,256.0
m0174,m0232,47.5,5.020e-84,253.0
m0174,m0233,48.5,1.680e-83,252.0
m0174,m0235,66.3,2.960e-147,417.0
m0174,m0236,58.8,1.310e-131,380.0
m0174,m0241,44.0,2.530e-69,216.0
m0174,m0242,39.5,3.910e-54,176.0
m0174,m0243,48.9,9.490e-125,362.0
m0174,m0244,40.6,1.630e-62,198.0
m0174,m0246,47.8,1.700e-85,257.0
m0174,m0247,67.1,9.060e-204,562.0
m0174,m0248,39.1,1.760e-49,164.0
m0174,m0251,43.1,1.750e-68,213.0
m0174,m0253,61.8,8.890e-133,384.0
m0174,m0258,63.2,8.510e-184,512.0
m0174,m0261,44.7,4.470e-78,238.0
m0174,m0263,41.6,1.660e-60,193.0
m0174,m0266,58.5,4.520e-111,322.0
m0174,m0267,46.7,2.630e-71,219.0
m0174,m0271,48.1,1.260e-84,255.0
m0174,m0272,46.7,1.680e-80,244.0
m0174,m0273,34.2,2.280e-32,120.0
m0174,m0276,53.7,4.740e-141,405.0
m0174,m0278,59.7,3.830e-148,422.0
m0174,m0280,65.1,1.690e-193,536.0
m0174,m0281,54.8,2.010e-140,402.0
m0174,m0282,39.4,1.430e-49,162.0
m0174,m0284,40.8,3.940e-56,181.0
m0174,m0290,41.2,4.480e-56,181.0
m0174,m0292,46.4,4.590e-72,222.0
m0174,m0293,50.5,3.420e-123,359.0
m0174,m0294,72.5,1.530e-148,418.0
m0174,m0295,56.3,1.090e-151,430.0
m0174,m0297,48.4,1.690e-85,257.0
m0174,m0303,45.9,2.150e-73,226.0
m0174,m0304,48.0,2.740e-83,252.0
m0174,m0309,46.2,1.780e-74,229.0
m0174,m0311,40.5,7.270e-53,173.0
m0174,m0312,38.1,5.680e-48,159.0
m0174,m0314,60.5,8.310e-134,387.0
m0174,m0315,42.8,9.960e-69,214.0
m0174,m0317,48.4,8.860e-85,255.0
m0174,m0318,55.3,2.930e-164,464.0
m0174,m0320,51.1,4.160e-122,355.0
m0174,m0322,60.6,1.360e-133,386.0
m0174,m0324,55.7,4.460e-111,323.0
m0174,m0328,68.7,5.250e-158,443.0
m0174,m0329,43.3,6.730e-63,197.0
m0174,m0331,64.6,3.970e-194,538.0
m0174,m0332,51.2,1.550e-89,268.0
m0174,m0333,52.2,5.130e-136,393.0
m0174,m0335,42.3,4.250e-54,175.0
m0174,m0336,71.4,6.330e-150,422.0
m0174,m0337,48.2,3.510e-81,245.0
m0174,m0339,64.8,2.930e-142,408.0
m0174,m0340,54.0,2.470e-107,313.0
m0174,m0343,38.0,2.200e-55,179.0
m0174,m0344,52.1,2.560e-136,394.0
m0174,m0345,47.6,3.210e-76,233.0
m0174,m0347,61.4,4.150e-134,388.0
m0174,m0348,61.7,2.110e-136,394.0
m0174,m0349,51.2,2.830e-142,408.0
m0174,m0351,38.1,5.510e-53,173.0
m0174,m0354,42.2,2.100e-60,192.0
m0174,m0356,35.8,2.370e-47,159.0
m0174,m0363,60.6,9.130e-132,381.0
m0174,m0364,40.9,8.750e-61,193.0
m0174,m0365,47.4,6.530e-78,237.0
m0174,m0368,51.1,1.650e-87,262.0
m0174,m0369,34.6,1.880e-29,112.0
m0174,m0370,65.7,4.950e-134,381.0
m0174,m0371,33.8,1.330e-37,135.0
m0174,m0372,44.9,2.080e-70,218.0
m0174,m0377,46.6,4.290e-79,241.0
m0174,m0378,50.7,1.530e-131,381.0
m0174,m0380,49.3,4.300e-82,248.0
m0174,m0382,45.7,7.690e-71,219.0
m0174,m0383,36.7,1.040e-49,165.0
m0174,m0385,39.3,1.870e-53,175.0
m0174,m0387,38.5,4.420e-54,176.0
m0174,m0388,43.7,7.030e-76,233.0
m0174,m0390,48.3,3.350e-83,251.0
m0174,m0393,61.1,2.160e-133,386.0
m0174,m0394,47.2,1.100e-81,247.0
m0174,m0396,33.1,3.440e-14,65.9
m0174,m0397,45.5,1.450e-106,318.0
m0174,m0399,63.8,2.260e-195,543.0
m0174,m0401,52.0,7.240e-93,276.0
m0174,m0404,46.8,4.610e-97,288.0
m0174,m0405,61.3,7.340e-117,340.0
m0174,m0407,43.4,5.610e-62,196.0
m0174,m0409,43.0,1.040e-53,176.0
m0174,m0411,47.9,5.910e-92,274.0
m0175,m0176,39.5,3.970e-53,174.0
m0175,m0177,36.2,5.560e-46,155.0
m0175,m0179,58.7,6.370e-159,449.0
m0175,m0182,50.4,5.200e-110,326.0
m0175,m0183,52.0,2.960e-131,379.0
m0175,m0184,39.5,4.750e-51,168.0
m0175,m0187,48.3,2.790e-75,230.0
m0175,m0188,59.2,1.260e-166,470.0
m0175,m0191,39.5,1.230e-53,174.0
m0175,m0192,48.8,8.680e-79,240.0
m0175,m0193,49.6,3.420e-87,263.0
m0175,m0194,38.4,7.390e-49,162.0
m0175,m0197,45.5,2.700e-78,239.0
m0175,m0198,45.2,1.140e-107,320.0
m0175,m0204,55.6,1.840e-120,348.0
m0175,m0205,60.4,1.450e-130,379.0
m0175,m0209,38.8,7.970e-54,175.0
m0175,m0212,60.0,1.380e-124,358.0
m0175,m0213,62.7,7.550e-136,391.0
m0175,m0214,60.6,2.570e-131,381.0
m0175,m0215,52.2,2.980e-114,336.0
m0175,m0225,51.8,5.990e-115,338.0
m0175,m0226,59.8,7.910e-131,379.0
m0175,m0227,30.2,2.450e-11,57.8
m0175,m0228,55.4,4.110e-89,265.0
m0175,m0229,50.5,4.560e-91,272.0
m0175,m0230,47.5,1.240e-81,248.0
m0175,m0231,45.9,7.240e-79,241.0
m0175,m0232,51.9,8.710e-91,271.0
m0175,m0233,54.2,2.290e-92,275.0
m0175,m0235,64.0,7.410e-123,355.0
m0175,m0236,64.6,2.690e-169,476.0
m0175,m0241,47.2,3.250e-73,226.0
m0175,m0242,37.4,9.460e-49,162.0
m0175,m0243,76.4,2.380e-166,469.0
m0175,m0244,44.6,1.150e-69,217.0
m0175,m0246,49.5,2.380e-85,257.0
m0175,m0247,54.9,4.970e-143,409.0
m0175,m0248,38.4,4.160e-50,166.0
m0175,m0251,45.0,2.140e-69,216.0
m0175,m0253,60.2,7.370e-135,390.0
m0175,m0258,52.2,7.040e-131,378.0
m0175,m0261,46.8,6.340e-84,254.0
m0175,m0263,41.1,2.770e-57,185.0
m0175,m0264,30.4,3.610e-13,63.5
m0175,m0266,61.2,3.850e-115,333.0
m0175,m0267,48.1,3.230e-72,222.0
m0175,m0271,51.1,6.280e-88,264.0
m0175,m0272,44.6,7.950e-75,230.0
m0175,m0273,33.1,5.850e-30,113.0
m0175,m0276,65.5,2.100e-132,384.0
m0175,m0277,30.7,2.940e-16,72.4
m0175,m0278,54.6,3.350e-134,387.0
m0175,m0280,66.8,4.190e-168,472.0
m0175,m0281,65.1,1.420e-130,378.0
m0175,m0282,43.3,1.390e-53,173.0
m0175,m0284,37.5,2.140e-54,177.0
m0175,m0290,38.0,1.640e-49,164.0
m0175,m0292,49.1,3.680e-77,235.0
m0175,m0293,60.8,3.260e-160,454.0
m0175,m0294,65.2,1.160e-128,368.0
m0175,m0295,49.0,1.200e-106,316.0
m0175,m0297,52.5,1.030e-92,276.0
m0175,m0303,48.8,8.750e-82,248.0
m0175,m0304,51.2,1.360e-86,261.0
m0175,m0309,48.3,1.640e-81,248.0
m0175,m0311,38.4,4.040e-50,166.0
m0175,m0312,36.1,7.850e-46,154.0
m0175,m0314,58.4,1.160e-131,382.0
m0175,m0315,47.6,5.390e-78,238.0
m0175,m0317,51.9,4.310e-91,271.0
m0175,m0318,43.9,3.860e-104,311.0
m0175,m0320,60.3,2.790e-120,351.0
m0175,m0322,63.3,4.160e-133,385.0
m0175,m0324,56.6,3.910e-120,346.0
m0175,m0328,67.3,4.690e-132,378.0
m0175,m0329,48.1,4.720e-73,224.0
m0175,m0331,66.4,1.360e-173,487.0
m0175,m0332,56.4,2.270e-100,296.0
m0175,m0333,65.5,3.750e-131,381.0
m0175,m0335,45.1,4.430e-57,183.0
m0175,m0336,65.0,5.920e-131,374.0
m0175,m0337,51.3,6.140e-85,255.0
m0175,m0339,65.2,4.790e-131,380.0
m0175,m0340,58.6,9.520e-118,340.0
m0175,m0343,43.3,6.850e-57,183.0
m0175,m0344,63.3,1.160e-132,385.0
m0175,m0345,48.1,1.240e-75,232.0
m0175,m0347,63.4,1.800e-133,387.0
m0175,m0348,59.2,1.090e-131,382.0
m0175,m0349,74.2,5.670e-228,626.0
m0175,m0351,38.6,2.300e-49,164.0
m0175,m0354,40.7,1.410e-60,193.0
m0175,m0356,38.0,2.610e-50,167.0
m0175,m0363,59.8,1.970e-131,381.0
m0175,m0364,42.2,2.280e-64,202.0
m0175,m0365,48.4,7.120e-77,235.0
m0175,m0368,48.8,9.180e-81,245.0
m0175,m0369,34.3,4.830e-31,116.0
m0175,m0370,66.9,2.230e-130,372.0
m0175,m0371,34.0,1.230e-33,125.0
m0175,m0372,46.6,9.450e-75,229.0
m0175,m0377,48.5,1.320e-77,237.0
m0175,m0378,63.9,2.050e-132,384.0
m0175,m0380,49.8,5.950e-88,263.0
m0175,m0382,47.7,3.480e-75,231.0
m0175,m0383,38.5,1.380e-48,162.0
m0175,m0385,41.8,4.460e-54,177.0
m0175,m0387,39.4,1.930e-55,179.0
m0175,m0388,50.5,2.030e-84,255.0
m0175,m0390,54.6,2.580e-91,272.0
m0175,m0393,63.3,4.460e-136,394.0
m0175,m0394,49.1,1.220e-83,253.0
m0175,m0396,31.5,1.620e-16,72.8
m0175,m0397,43.6,8.600e-106,316.0
m0175,m0399,56.5,5.000e-138,397.0
m0175,m0401,54.1,2.760e-98,290.0
m0175,m0404,56.4,6.450e-111,324.0
m0175,m0405,79.3,1.110e-159,450.0
m0175,m0407,43.1,4.780e-67,210.0
m0175,m0409,39.6,1.020e-52,173.0
m0175,m0411,50.7,1.860e-93,278.0
m0176,m0177,52.2,1.460e-113,325.0
m0176,m0179,42.8,3.040e-56,181.0
m0176,m0182,39.7,4.200e-57,184.0
m0176,m0183,40.5,1.390e-48,161.0
m0176,m0184,86.5,2.350e-199,541.0
m0176,m0185,31.0,2.100e-21,86.3
m0176,m0187,48.1,8.200e-84,247.0
m0176,m0188,38.3,2.200e-54,177.0
m0176,m0191,51.8,1.230e-95,278.0
m0176,m0192,41.3,1.040e-66,205.0
m0176,m0193,45.8,9.340e-81,241.0
m0176,m0194,83.4,3.980e-191,521.0
m0176,m0197,43.6,1.700e-68,210.0
m0176,m0198,42.8,5.830e-57,184.0
m0176,m0204,40.8,1.110e-49,162.0
m0176,m0205,40.5,1.680e-52,172.0
m0176,m0209,38.0,6.520e-53,169.0
m0176,m0212,39.8,4.520e-53,171.0
m0176,m0213,39.7,6.740e-52,170.0
m0176,m0214,39.5,7.200e-54,176.0
m0176,m0215,41.5,1.930e-47,158.0
m0176,m0225,40.4,2.880e-51,169.0
m0176,m0226,38.0,1.080e-51,170.0
m0176,m0227,31.3,6.440e-15,67.8
m0176,m0228,46.6,1.200e-77,231.0
m0176,m0229,46.8,2.820e-83,248.0
m0176,m0230,44.3,1.310e-67,207.0
m0176,m0231,44.1,1.020e-78,236.0
m0176,m0232,45.0,2.370e-79,237.0
m0176,m0233,46.7,1.410e-79,238.0
m0176,m0235,36.2,1.030e-49,162.0
m0176,m0236,39.6,3.080e-51,168.0
m0176,m0241,45.2,1.000e-81,243.0
m0176,m0242,39.6,1.100e-62,194.0
m0176,m0243,40.7,5.050e-55,178.0
m0176,m0244,51.0,2.540e-102,296.0
m0176,m0246,42.5,3.690e-76,229.0
m0176,m0247,39.6,2.860e-52,171.0
m0176,m0248,68.1,2.020e-141,395.0
m0176,m0251,38.4,1.040e-63,197.0
m0176,m0253,38.7,2.080e-50,167.0
m0176,m0258,40.4,6.400e-49,162.0
m0176,m0261,46.4,5.370e-77,231.0
m0176,m0263,50.9,3.520e-96,280.0
m0176,m0266,41.8,2.450e-57,181.0
m0176,m0267,45.8,2.340e-79,236.0
m0176,m0271,45.1,6.230e-82,244.0
m0176,m0272,42.1,7.080e-63,195.0
m0176,m0273,33.3,1.570e-43,147.0
m0176,m0276,36.7,1.220e-51,170.0
m0176,m0277,30.7,7.290e-13,61.6
m0176,m0278,39.6,9.250e-52,170.0
m0176,m0280,40.5,2.930e-55,178.0
m0176,m0281,37.1,1.490e-54,177.0
m0176,m0282,41.2,5.360e-60,186.0
m0176,m0284,37.2,7.720e-55,174.0
m0176,m0287,31.0,1.190e-37,130.0
m0176,m0290,53.3,9.890e-116,330.0
m0176,m0292,40.0,5.930e-63,194.0
m0176,m0293,41.8,4.480e-51,168.0
m0176,m0294,40.4,2.100e-56,179.0
m0176,m0295,38.8,7.900e-52,169.0
m0176,m0297,46.8,1.450e-78,235.0
m0176,m0303,39.5,4.780e-62,192.0
m0176,m0304,47.5,1.320e-83,248.0
m0176,m0309,40.9,6.210e-70,214.0
m0176,m0311,53.6,1.980e-117,334.0
m0176,m0312,84.2,5.840e-182,496.0
m0176,m0314,39.5,3.850e-52,172.0
m0176,m0315,46.0,1.090e-83,248.0
m0176,m0317,43.1,3.500e-76,229.0
m0176,m0318,41.8,6.440e-56,181.0
m0176,m0320,38.4,7.800e-52,170.0
m0176,m0322,38.5,1.960e-52,172.0
m0176,m0324,43.3,2.310e-60,189.0
m0176,m0328,37.0,8.030e-48,157.0
m0176,m0329,48.5,1.960e-84,249.0
m0176,m0331,37.5,2.190e-50,166.0
m0176,m0332,46.6,4.180e-78,234.0
m0176,m0333,39.4,5.250e-54,177.0
m0176,m0335,40.5,3.260e-68,208.0
m0176,m0336,39.3,1.760e-53,171.0
m0176,m0337,43.7,1.910e-78,234.0
m0176,m0339,37.3,4.430e-52,171.0
m0176,m0340,40.9,1.190e-56,179.0
m0176,m0343,45.8,1.330e-76,229.0
m0176,m0344,39.4,1.520e-52,173.0
m0176,m0345,38.8,4.280e-63,196.0
m0176,m0347,39.3,2.890e-51,169.0
m0176,m0348,40.1,9.640e-53,173.0
m0176,m0349,39.3,1.070e-53,176.0
m0176,m0351,52.4,2.820e-115,329.0
m0176,m0354,50.5,1.160e-93,273.0
m0176,m0356,55.4,3.390e-120,342.0
m0176,m0363,39.9,1.350e-53,175.0
m0176,m0364,39.0,1.540e-62,194.0
m0176,m0365,42.4,2.770e-69,211.0
m0176,m0368,45.2,2.610e-75,227.0
m0176,m0369,35.5,6.100e-49,161.0
m0176,m0370,38.4,4.250e-55,175.0
m0176,m0371,37.1,2.810e-54,176.0
m0176,m0372,41.8,1.060e-66,204.0
m0176,m0377,42.9,2.020e-80,240.0
m0176,m0378,38.2,2.890e-51,169.0
m0176,m0380,42.0,4.790e-76,228.0
m0176,m0382,46.8,2.360e-82,244.0
m0176,m0383,55.0,4.490e-120,341.0
m0176,m0385,45.2,2.040e-84,251.0
m0176,m0387,37.5,1.890e-55,176.0
m0176,m0388,40.6,8.510e-75,226.0
m0176,m0390,45.5,1.040e-76,230.0
m0176,m0393,39.0,1.170e-52,173.0
m0176,m0394,43.5,1.340e-77,233.0
m0176,m0397,42.4,4.360e-59,190.0
m0176,m0399,40.5,2.830e-55,179.0
m0176,m0401,46.6,5.330e-84,249.0
m0176,m0404,40.2,5.380e-55,176.0
m0176,m0405,41.4,3.050e-52,170.0
m0176,m0407,38.3,3.310e-58,183.0
m0176,m0409,56.2,3.470e-109,314.0
m0176,m0411,45.9,1.170e-82,246.0
m0177,m0179,38.9,9.090e-50,164.0
m0177,m0182,38.3,5.150e-59,190.0
m0177,m0183,37.5,3.930e-47,158.0
m0177,m0184,51.9,5.160e-112,321.0
m0177,m0187,48.3,3.560e-85,251.0
m0177,m0188,35.9,8.220e-48,160.0
m0177,m0191,45.9,1.200e-77,233.0
m0177,m0192,39.3,5.720e-69,211.0
m0177,m0193,44.7,7.480e-83,247.0
m0177,m0194,52.0,1.470e-111,320.0
m0177,m0197,39.9,2.180e-66,205.0
m0177,m0198,39.9,1.320e-54,178.0
m0177,m0204,36.8,4.040e-45,150.0
m0177,m0205,38.3,6.740e-51,169.0
m0177,m0209,39.5,5.610e-54,172.0
m0177,m0212,34.3,6.270e-49,160.0
m0177,m0213,38.1,2.580e-51,169.0
m0177,m0214,38.5,1.110e-51,171.0
m0177,m0215,36.5,2.070e-45,153.0
m0177,m0217,33.9,3.480e-12,60.5
m0177,m0225,36.8,9.120e-48,160.0
m0177,m0226,37.7,5.470e-52,171.0
m0177,m0228,46.1,9.120e-80,237.0
m0177,m0229,46.6,1.030e-83,249.0
m0177,m0230,43.0,9.750e-76,228.0
m0177,m0231,43.7,5.790e-81,243.0
m0177,m0232,42.2,1.800e-70,215.0
m0177,m0233,43.5,2.390e-72,219.0
m0177,m0235,34.7,4.550e-47,156.0
m0177,m0236,37.9,3.420e-49,163.0
m0177,m0241,45.2,4.250e-86,255.0
m0177,m0242,37.0,1.020e-56,179.0
m0177,m0243,36.9,5.970e-46,155.0
m0177,m0244,45.8,2.520e-92,271.0
m0177,m0246,44.0,5.330e-84,249.0
m0177,m0247,37.4,1.170e-50,167.0
m0177,m0248,57.5,7.370e-123,348.0
m0177,m0251,42.5,7.110e-67,205.0
m0177,m0253,38.4,2.070e-50,167.0
m0177,m0258,37.0,1.820e-47,159.0
m0177,m0261,43.8,2.330e-81,243.0
m0177,m0263,44.9,2.120e-79,238.0
m0177,m0265,30.1,3.460e-14,64.3
m0177,m0266,36.3,5.460e-52,167.0
m0177,m0267,42.5,5.530e-75,225.0
m0177,m0271,45.1,9.960e-84,249.0
m0177,m0272,38.0,5.350e-59,185.0
m0177,m0273,37.2,1.690e-47,157.0
m0177,m0276,37.6,3.770e-48,161.0
m0177,m0278,36.1,8.480e-47,157.0
m0177,m0280,36.5,6.910e-47,157.0
m0177,m0281,37.5,1.800e-51,169.0
m0177,m0282,41.1,2.300e-58,182.0
m0177,m0284,36.0,4.980e-52,167.0
m0177,m0290,73.9,3.060e-167,461.0
m0177,m0292,38.7,6.440e-62,192.0
m0177,m0293,36.9,3.980e-46,155.0
m0177,m0294,37.9,1.160e-55,177.0
m0177,m0295,37.2,2.300e-50,166.0
m0177,m0297,46.1,1.790e-79,238.0
m0177,m0303,39.5,5.140e-70,213.0
m0177,m0304,45.2,7.730e-83,247.0
m0177,m0309,40.4,4.480e-70,214.0
m0177,m0311,74.4,1.090e-171,472.0
m0177,m0312,57.6,1.750e-113,323.0
m0177,m0314,38.4,7.510e-52,171.0
m0177,m0315,47.0,4.850e-85,252.0
m0177,m0317,43.5,5.550e-75,226.0
m0177,m0318,36.1,1.830e-48,162.0
m0177,m0320,40.4,2.390e-49,164.0
m0177,m0322,38.7,1.850e-53,175.0
m0177,m0324,37.1,2.980e-54,173.0
m0177,m0328,37.0,6.020e-47,155.0
m0177,m0329,46.5,1.460e-81,242.0
m0177,m0331,34.7,1.910e-46,156.0
m0177,m0332,45.6,1.260e-82,246.0
m0177,m0333,37.2,6.560e-49,164.0
m0177,m0335,40.5,1.800e-67,206.0
m0177,m0336,37.0,6.320e-50,162.0
m0177,m0337,44.8,7.300e-81,241.0
m0177,m0339,38.7,9.070e-51,168.0
m0177,m0340,37.8,7.120e-55,175.0
m0177,m0343,40.8,1.960e-70,214.0
m0177,m0344,39.1,1.510e-52,173.0
m0177,m0345,42.2,3.710e-70,214.0
m0177,m0347,37.4,4.200e-50,167.0
m0177,m0348,37.3,2.890e-50,167.0
m0177,m0349,34.8,2.840e-46,156.0
m0177,m0351,73.9,7.530e-168,462.0
m0177,m0354,46.4,1.700e-85,253.0
m0177,m0356,53.5,2.710e-122,347.0
m0177,m0363,38.0,5.760e-51,169.0
m0177,m0364,41.4,1.330e-66,204.0
m0177,m0365,43.1,1.060e-71,218.0
m0177,m0368,42.5,3.730e-72,219.0
m0177,m0369,39.6,2.630e-51,167.0
m0177,m0370,38.2,2.550e-53,171.0
m0177,m0371,35.1,4.360e-46,155.0
m0177,m0372,40.5,5.790e-69,211.0
m0177,m0377,43.7,7.330e-78,234.0
m0177,m0378,36.7,4.360e-49,164.0
m0177,m0380,42.1,3.350e-76,229.0
m0177,m0382,45.6,4.890e-87,257.0
m0177,m0383,61.2,1.790e-134,378.0
m0177,m0385,43.7,8.480e-84,249.0
m0177,m0387,38.5,2.070e-57,181.0
m0177,m0388,44.7,6.630e-80,239.0
m0177,m0390,45.0,1.280e-77,233.0
m0177,m0393,38.4,1.480e-54,179.0
m0177,m0394,39.9,1.200e-75,228.0
m0177,m0397,38.0,2.270e-53,176.0
m0177,m0399,38.1,9.320e-52,171.0
m0177,m0401,46.7,1.020e-86,256.0
m0177,m0404,36.3,2.440e-48,159.0
m0177,m0405,37.5,1.900e-49,163.0
m0177,m0407,37.9,5.520e-56,177.0
m0177,m0409,66.8,4.080e-154,428.0
m0177,m0411,46.8,6.580e-85,252.0
m0178,m0342,34.9,3.100e-35,121.0
m0178,m0376,65.8,3.130e-129,362.0
m0179,m0182,47.4,4.360e-108,320.0
m0179,m0183,66.9,9.330e-127,367.0
m0179,m0184,42.4,4.920e-55,178.0
m0179,m0187,47.5,7.270e-74,225.0
m0179,m0188,60.0,8.650e-146,416.0
m0179,m0191,39.9,1.180e-53,174.0
m0179,m0192,46.5,3.020e-71,220.0
m0179,m0193,50.7,1.340e-84,255.0
m0179,m0194,38.0,4.970e-50,165.0
m0179,m0197,48.5,9.680e-77,234.0
m0179,m0198,51.3,1.080e-144,413.0
m0179,m0204,61.3,2.650e-112,327.0
m0179,m0205,56.3,3.940e-165,466.0
m0179,m0209,36.9,4.830e-51,167.0
m0179,m0212,60.7,3.260e-115,333.0
m0179,m0213,57.0,9.170e-154,436.0
m0179,m0214,54.3,5.750e-160,453.0
m0179,m0215,54.4,2.380e-149,424.0
m0179,m0225,53.4,1.010e-146,418.0
m0179,m0226,52.7,9.920e-159,449.0
m0179,m0227,33.7,1.670e-12,61.2
m0179,m0228,51.2,5.900e-84,251.0
m0179,m0229,50.4,3.600e-85,256.0
m0179,m0230,48.1,8.820e-80,242.0
m0179,m0231,46.7,5.860e-82,248.0
m0179,m0232,52.5,2.720e-87,261.0
m0179,m0233,52.7,1.260e-89,267.0
m0179,m0235,63.8,1.350e-120,348.0
m0179,m0236,71.6,1.200e-214,590.0
m0179,m0241,48.0,7.710e-76,232.0
m0179,m0242,37.0,3.060e-45,152.0
m0179,m0243,80.7,4.560e-248,674.0
m0179,m0244,43.6,3.690e-66,207.0
m0179,m0246,50.4,1.050e-84,254.0
m0179,m0247,51.5,3.010e-131,377.0
m0179,m0248,40.2,3.370e-53,173.0
m0179,m0251,43.7,2.850e-68,212.0
m0179,m0253,56.2,1.380e-164,464.0
m0179,m0258,66.4,3.950e-127,367.0
m0179,m0261,47.5,3.980e-80,243.0
m0179,m0263,38.2,1.640e-54,177.0
m0179,m0266,59.3,7.190e-113,326.0
m0179,m0267,47.3,9.630e-73,222.0
m0179,m0271,50.9,2.460e-85,256.0
m0179,m0272,48.2,1.480e-76,233.0
m0179,m0273,31.6,8.630e-28,107.0
m0179,m0276,62.8,4.570e-183,511.0
m0179,m0277,30.8,6.600e-16,71.2
m0179,m0278,62.7,1.630e-123,358.0
m0179,m0280,61.6,1.230e-149,424.0
m0179,m0281,60.8,2.070e-174,488.0
m0179,m0282,41.9,7.090e-49,160.0
m0179,m0284,36.7,3.070e-48,160.0
m0179,m0287,31.3,3.740e-24,95.5
m0179,m0290,40.3,1.250e-53,174.0
m0179,m0292,49.6,3.770e-75,229.0
m0179,m0293,78.9,1.480e-238,651.0
m0179,m0294,66.1,2.420e-125,358.0
m0179,m0295,46.4,1.780e-103,306.0
m0179,m0297,53.7,5.010e-91,270.0
m0179,m0303,47.9,5.520e-75,229.0
m0179,m0304,52.1,1.700e-82,249.0
m0179,m0309,51.1,1.030e-77,237.0
m0179,m0311,42.3,3.270e-53,173.0
m0179,m0312,39.2,7.830e-52,169.0
m0179,m0314,55.0,1.950e-162,459.0
m0179,m0315,47.1,5.370e-73,224.0
m0179,m0317,53.2,3.380e-88,263.0
m0179,m0318,46.7,9.200e-102,304.0
m0179,m0320,58.4,1.410e-165,465.0
m0179,m0322,55.5,2.040e-165,466.0
m0179,m0324,63.3,4.440e-119,342.0
m0179,m0328,66.9,5.970e-130,371.0
m0179,m0329,46.4,1.380e-70,217.0
m0179,m0331,59.6,5.890e-152,431.0
m0179,m0332,55.6,3.480e-97,286.0
m0179,m0333,54.9,2.760e-163,461.0
m0179,m0335,46.2,1.610e-56,181.0
m0179,m0336,65.4,4.980e-127,363.0
m0179,m0337,49.1,4.930e-79,239.0
m0179,m0339,62.2,6.110e-181,506.0
m0179,m0340,62.2,2.020e-114,330.0
m0179,m0343,42.9,4.170e-58,185.0
m0179,m0344,56.6,1.570e-167,472.0
m0179,m0345,46.4,3.960e-72,222.0
m0179,m0347,56.2,1.110e-166,470.0
m0179,m0348,54.7,1.290e-162,459.0
m0179,m0349,57.4,1.540e-146,418.0
m0179,m0351,40.9,3.980e-51,168.0
m0179,m0354,41.5,7.020e-60,190.0
m0179,m0356,41.2,6.240e-52,170.0
m0179,m0363,52.2,4.610e-157,445.0
m0179,m0364,39.7,2.270e-59,189.0
m0179,m0365,45.0,1.430e-71,220.0
m0179,m0368,48.2,6.500e-76,232.0
m0179,m0369,34.3,1.220e-31,117.0
m0179,m0370,66.8,1.750e-129,369.0
m0179,m0371,35.0,2.800e-34,126.0
m0179,m0372,43.9,5.430e-72,221.0
m0179,m0377,47.9,4.760e-76,232.0
m0179,m0378,56.1,3.650e-165,466.0
m0179,m0380,51.1,7.370e-87,259.0
m0179,m0382,46.9,3.980e-72,222.0
m0179,m0383,39.6,8.800e-51,167.0
m0179,m0385,41.2,1.420e-55,180.0
m0179,m0387,38.4,8.880e-52,169.0
m0179,m0388,49.2,1.130e-78,239.0
m0179,m0390,52.8,1.260e-89,267.0
m0179,m0393,55.2,1.360e-164,465.0
m0179,m0394,47.8,1.930e-80,243.0
m0179,m0396,31.1,1.480e-16,72.8
m0179,m0397,50.7,3.810e-147,421.0
m0179,m0399,55.5,1.390e-131,380.0
m0179,m0401,53.0,5.510e-93,275.0
m0179,m0404,53.6,8.780e-114,330.0
m0179,m0405,81.1,4.130e-159,447.0
m0179,m0407,42.4,5.530e-64,201.0
m0179,m0409,41.4,1.670e-54,177.0
m0179,m0411,50.0,1.170e-86,260.0
m0180,m0186,35.5,6.390e-45,151.0
m0180,m0190,39.7,6.910e-67,208.0
m0180,m0208,40.9,4.220e-63,198.0
m0180,m0220,36.9,4.070e-57,182.0
m0180,m0224,32.9,4.380e-38,133.0
m0180,m0240,32.4,2.310e-34,122.0
m0180,m0245,43.0,5.500e-85,254.0
m0180,m0250,38.7,8.780e-69,211.0
m0180,m0255,30.3,9.700e-31,112.0
m0180,m0275,43.8,2.750e-88,262.0
m0180,m0286,38.5,2.120e-64,202.0
m0180,m0316,36.2,1.360e-59,189.0
m0180,m0321,39.4,1.170e-75,230.0
m0180,m0353,34.2,1.160e-46,154.0
m0180,m0357,31.2,1.010e-41,141.0
m0180,m0386,39.1,5.990e-67,207.0
m0180,m0389,38.3,8.000e-64,199.0
m0180,m0403,35.6,1.310e-44,150.0
m0180,m0412,42.5,7.900e-79,238.0
m0182,m0183,53.3,7.450e-151,430.0
m0182,m0184,41.5,7.650e-59,189.0
m0182,m0187,47.7,3.250e-74,228.0
m0182,m0188,48.3,3.180e-135,391.0
m0182,m0191,42.1,1.050e-55,180.0
m0182,m0192,43.2,4.970e-75,231.0
m0182,m0193,49.5,2.890e-95,284.0
m0182,m0194,39.2,5.100e-55,179.0
m0182,m0197,52.7,5.970e-87,262.0
m0182,m0198,55.0,2.030e-106,317.0
m0182,m0204,48.5,3.420e-91,274.0
m0182,m0205,57.3,7.820e-118,347.0
m0182,m0209,38.7,6.340e-57,183.0
m0182,m0212,57.0,5.920e-114,332.0
m0182,m0213,56.1,4.170e-123,359.0
m0182,m0214,55.7,3.050e-120,353.0
m0182,m0215,52.9,1.130e-103,309.0
m0182,m0225,55.6,7.110e-100,300.0
m0182,m0226,57.9,6.690e-120,352.0
m0182,m0228,51.9,5.620e-87,260.0
m0182,m0229,51.2,7.000e-91,272.0
m0182,m0230,53.4,9.450e-91,271.0
m0182,m0231,49.0,6.410e-93,278.0
m0182,m0232,52.2,2.370e-91,273.0
m0182,m0233,53.1,3.540e-89,267.0
m0182,m0235,52.3,2.400e-103,306.0
m0182,m0236,53.7,8.900e-112,330.0
m0182,m0241,45.1,2.170e-74,229.0
m0182,m0242,37.2,1.610e-50,167.0
m0182,m0243,53.2,1.180e-104,312.0
m0182,m0244,43.4,3.970e-67,211.0
m0182,m0246,48.1,1.280e-88,266.0
m0182,m0247,52.2,1.140e-137,395.0
m0182,m0248,41.1,1.540e-55,181.0
m0182,m0251,44.1,2.320e-72,224.0
m0182,m0253,59.6,4.610e-121,355.0
m0182,m0258,51.6,3.250e-143,410.0
m0182,m0261,47.7,4.840e-87,262.0
m0182,m0263,41.5,5.240e-62,197.0
m0182,m0264,30.3,8.620e-14,65.5
m0182,m0266,61.7,3.800e-116,336.0
m0182,m0267,49.8,1.770e-78,238.0
m0182,m0271,51.2,2.670e-93,278.0
m0182,m0272,47.0,1.490e-75,232.0
m0182,m0273,34.6,5.980e-32,119.0
m0182,m0276,52.8,5.410e-100,301.0
m0182,m0277,33.3,5.600e-19,80.5
m0182,m0278,48.4,1.770e-113,335.0
m0182,m0280,50.4,3.560e-130,376.0
m0182,m0281,53.9,1.170e-99,299.0
m0182,m0282,43.0,1.300e-58,186.0
m0182,m0284,40.3,1.130e-53,175.0
m0182,m0287,31.1,2.190e-31,116.0
m0182,m0290,39.3,9.920e-58,186.0
m0182,m0292,46.2,1.570e-69,216.0
m0182,m0293,48.6,2.040e-112,332.0
m0182,m0294,57.5,3.960e-112,327.0
m0182,m0295,51.0,3.950e-125,363.0
m0182,m0297,53.6,3.180e-89,267.0
m0182,m0303,48.6,5.270e-84,254.0
m0182,m0304,50.8,9.210e-91,272.0
m0182,m0309,47.6,7.690e-80,244.0
m0182,m0311,42.2,2.490e-62,198.0
m0182,m0312,39.7,5.190e-53,173.0
m0182,m0314,60.5,7.850e-120,352.0
m0182,m0315,47.0,8.580e-74,228.0
m0182,m0317,52.7,1.480e-89,268.0
m0182,m0318,50.6,2.570e-139,402.0
m0182,m0320,54.2,7.120e-99,297.0
m0182,m0322,57.3,3.320e-117,345.0
m0182,m0324,62.4,6.260e-120,346.0
m0182,m0328,52.1,1.800e-106,313.0
m0182,m0329,46.6,4.900e-73,224.0
m0182,m0331,50.7,6.740e-135,389.0
m0182,m0332,52.9,1.810e-97,289.0
m0182,m0333,57.3,1.390e-121,357.0
m0182,m0335,40.7,1.160e-61,196.0
m0182,m0336,55.5,9.750e-110,321.0
m0182,m0337,49.3,2.620e-84,254.0
m0182,m0339,52.6,2.180e-105,315.0
m0182,m0340,58.6,6.990e-116,336.0
m0182,m0343,45.1,2.130e-63,200.0
m0182,m0344,56.4,3.470e-122,358.0
m0182,m0345,50.7,8.760e-86,259.0
m0182,m0347,56.8,8.670e-122,357.0
m0182,m0348,56.1,1.510e-116,344.0
m0182,m0349,46.1,3.320e-110,327.0
m0182,m0351,40.3,7.360e-62,197.0
m0182,m0354,43.3,2.820e-64,203.0
m0182,m0356,41.7,3.520e-56,182.0
m0182,m0363,54.9,2.190e-115,340.0
m0182,m0364,38.6,6.350e-60,191.0
m0182,m0365,44.7,2.670e-77,236.0
m0182,m0368,49.0,4.380e-82,249.0
m0182,m0369,34.8,1.750e-32,120.0
m0182,m0370,53.3,1.890e-95,284.0
m0182,m0371,35.4,3.320e-35,129.0
m0182,m0372,45.5,4.480e-76,233.0
m0182,m0377,47.3,3.900e-77,236.0
m0182,m0378,56.4,1.000e-117,347.0
m0182,m0380,51.8,2.560e-87,262.0
m0182,m0382,47.7,1.170e-76,235.0
m0182,m0383,38.1,1.580e-57,186.0
m0182,m0385,41.7,2.720e-61,196.0
m0182,m0387,43.5,8.680e-62,196.0
m0182,m0388,46.2,2.660e-79,243.0
m0182,m0390,54.7,5.520e-94,280.0
m0182,m0393,57.1,7.870e-122,358.0
m0182,m0394,52.7,1.300e-89,268.0
m0182,m0396,30.4,1.470e-14,67.0
m0182,m0397,53.8,1.400e-111,332.0
m0182,m0399,50.9,2.430e-142,409.0
m0182,m0401,51.7,5.360e-99,292.0
m0182,m0404,56.9,2.720e-105,310.0
m0182,m0405,53.5,2.450e-102,304.0
m0182,m0407,42.8,5.210e-70,218.0
m0182,m0409,38.5,1.970e-62,199.0
m0182,m0411,50.0,2.870e-93,278.0
m0183,m0184,41.7,2.590e-50,166.0
m0183,m0185,32.8,1.840e-11,58.2
m0183,m0187,47.7,3.220e-73,224.0
m0183,m0188,59.5,2.600e-169,476.0
m0183,m0191,37.5,4.630e-48,159.0
m0183,m0192,47.4,3.450e-74,228.0
m0183,m0193,50.4,8.670e-84,253.0
m0183,m0194,39.6,8.310e-47,157.0
m0183,m0197,49.1,2.500e-84,254.0
m0183,m0198,53.8,1.510e-106,316.0
m0183,m0204,57.3,2.110e-99,294.0
m0183,m0205,73.4,1.460e-144,414.0
m0183,m0209,40.0,8.520e-53,172.0
m0183,m0212,65.4,3.370e-134,382.0
m0183,m0213,73.8,8.510e-154,436.0
m0183,m0214,58.1,2.840e-152,434.0
m0183,m0215,49.6,9.100e-123,357.0
m0183,m0225,62.5,2.730e-117,343.0
m0183,m0226,68.9,2.130e-152,434.0
m0183,m0228,50.8,6.750e-84,251.0
m0183,m0229,49.8,2.330e-81,247.0
m0183,m0230,50.4,1.130e-84,255.0
m0183,m0231,46.9,7.540e-84,254.0
m0183,m0232,53.0,3.500e-89,266.0
m0183,m0233,53.8,1.320e-87,262.0
m0183,m0235,62.9,5.350e-119,345.0
m0183,m0236,68.0,1.770e-133,384.0
m0183,m0241,45.1,2.280e-69,216.0
m0183,m0242,36.6,2.910e-46,155.0
m0183,m0243,64.7,1.230e-121,354.0
m0183,m0244,42.7,7.470e-63,199.0
m0183,m0246,52.2,4.240e-88,264.0
m0183,m0247,60.2,1.510e-165,465.0
m0183,m0248,38.4,1.790e-47,159.0
m0183,m0251,42.6,1.290e-63,200.0
m0183,m0253,72.5,1.810e-149,427.0
m0183,m0258,83.7,6.420e-253,687.0
m0183,m0261,46.8,5.720e-81,246.0
m0183,m0263,38.7,3.370e-54,176.0
m0183,m0266,64.5,7.260e-122,350.0
m0183,m0267,48.4,3.850e-76,231.0
m0183,m0271,51.3,1.010e-85,258.0
m0183,m0272,46.0,6.440e-73,224.0
m0183,m0273,33.6,1.370e-30,115.0
m0183,m0276,61.3,2.630e-115,339.0
m0183,m0277,31.3,1.190e-11,58.5
m0183,m0278,54.6,1.330e-142,408.0
m0183,m0280,56.3,6.560e-161,453.0
m0183,m0281,62.1,6.400e-117,342.0
m0183,m0282,36.9,5.770e-47,155.0
m0183,m0284,38.6,1.130e-48,161.0
m0183,m0287,30.6,6.070e-22,89.4
m0183,m0290,38.0,3.440e-48,160.0
m0183,m0292,46.1,4.440e-68,211.0
m0183,m0293,64.9,4.210e-123,358.0
m0183,m0294,70.3,7.930e-133,378.0
m0183,m0295,50.0,1.140e-132,382.0
m0183,m0297,53.9,4.660e-90,268.0
m0183,m0303,48.7,1.120e-78,239.0
m0183,m0304,51.3,3.080e-84,254.0
m0183,m0309,50.2,2.070e-78,239.0
m0183,m0311,40.6,2.750e-51,169.0
m0183,m0312,37.2,4.160e-46,154.0
m0183,m0314,57.2,7.210e-147,420.0
m0183,m0315,46.1,5.220e-71,220.0
m0183,m0317,51.9,1.960e-88,264.0
m0183,m0318,48.2,1.610e-129,375.0
m0183,m0320,49.3,1.130e-123,359.0
m0183,m0322,58.1,3.600e-153,436.0
m0183,m0324,64.8,1.780e-122,352.0
m0183,m0328,66.2,4.830e-128,367.0
m0183,m0329,45.0,4.280e-70,216.0
m0183,m0331,58.8,1.400e-164,463.0
m0183,m0332,56.5,1.320e-95,283.0
m0183,m0333,71.4,3.370e-151,431.0
m0183,m0335,40.5,2.980e-53,173.0
m0183,m0336,65.4,8.580e-122,350.0
m0183,m0337,49.4,4.440e-81,245.0
m0183,m0339,62.3,1.990e-120,352.0
m0183,m0340,63.4,1.420e-118,342.0
m0183,m0343,43.8,2.620e-56,181.0
m0183,m0344,72.1,1.180e-151,432.0
m0183,m0345,50.0,4.060e-76,233.0
m0183,m0347,70.2,3.140e-148,424.0
m0183,m0348,72.4,8.350e-148,422.0
m0183,m0349,67.0,1.640e-132,383.0
m0183,m0351,39.2,4.810e-48,160.0
m0183,m0354,40.4,1.890e-56,182.0
m0183,m0356,40.3,9.570e-51,167.0
m0183,m0363,68.1,9.760e-146,417.0
m0183,m0364,42.5,1.440e-61,195.0
m0183,m0365,45.5,1.810e-73,226.0
m0183,m0368,48.3,7.310e-76,232.0
m0183,m0369,36.0,3.690e-30,114.0
m0183,m0370,65.8,3.650e-115,333.0
m0183,m0371,33.6,3.760e-34,126.0
m0183,m0372,47.8,7.830e-76,232.0
m0183,m0377,48.7,1.510e-75,231.0
m0183,m0378,70.8,5.090e-147,421.0
m0183,m0380,53.6,6.020e-87,260.0
m0183,m0382,49.4,3.580e-74,228.0
m0183,m0383,40.0,4.330e-52,171.0
m0183,m0385,40.1,1.460e-50,167.0
m0183,m0387,36.7,5.580e-49,162.0
m0183,m0388,48.7,1.260e-75,232.0
m0183,m0390,54.6,8.120e-92,273.0
m0183,m0393,69.3,1.030e-153,438.0
m0183,m0394,50.6,6.190e-83,250.0
m0183,m0396,31.5,1.200e-12,61.2
m0183,m0397,56.6,1.000e-108,323.0
m0183,m0399,65.2,9.370e-189,526.0
m0183,m0401,54.5,4.020e-94,279.0
m0183,m0404,54.1,2.820e-100,296.0
m0183,m0405,65.2,2.690e-121,352.0
m0183,m0407,40.9,1.200e-59,190.0
m0183,m0409,37.6,2.480e-48,161.0
m0183,m0411,51.5,9.580e-87,261.0
m0184,m0187,47.3,2.290e-81,241.0
m0184,m0188,38.9,1.780e-53,175.0
m0184,m0191,51.8,6.090e-94,274.0
m0184,m0192,40.9,7.020e-65,200.0
m0184,m0193,46.1,5.000e-81,242.0
m0184,m0194,84.2,5.250e-192,523.0
m0184,m0197,44.3,7.190e-71,216.0
m0184,m0198,42.5,1.600e-57,185.0
m0184,m0204,41.0,5.500e-51,166.0
m0184,m0205,42.7,1.140e-54,178.0
m0184,m0209,39.6,7.110e-56,176.0
m0184,m0212,41.3,2.820e-55,176.0
m0184,m0213,40.1,1.410e-51,169.0
m0184,m0214,40.4,1.130e-52,173.0
m0184,m0215,42.2,1.310e-49,164.0
m0184,m0225,41.1,5.670e-52,171.0
m0184,m0226,38.2,5.850e-52,171.0
m0184,m0228,47.7,4.880e-80,238.0
m0184,m0229,45.6,1.060e-83,249.0
m0184,m0230,41.1,4.940e-68,208.0
m0184,m0231,43.9,4.380e-78,235.0
m0184,m0232,44.6,2.310e-77,232.0
m0184,m0233,45.7,5.510e-77,231.0
m0184,m0235,38.6,1.010e-50,165.0
m0184,m0236,39.7,7.220e-49,162.0
m0184,m0241,45.4,2.920e-84,250.0
m0184,m0242,41.0,1.310e-64,199.0
m0184,m0243,40.0,3.350e-52,171.0
m0184,m0244,50.3,2.210e-101,293.0
m0184,m0246,44.6,3.820e-79,237.0
m0184,m0247,39.6,1.540e-52,171.0
m0184,m0248,69.2,1.540e-141,395.0
m0184,m0251,38.2,1.550e-63,196.0
m0184,m0253,41.1,2.670e-53,175.0
m0184,m0258,41.5,3.260e-50,166.0
m0184,m0261,46.8,2.030e-77,233.0
m0184,m0263,52.3,1.640e-97,284.0
m0184,m0266,43.2,2.980e-62,193.0
m0184,m0267,45.1,3.530e-79,235.0
m0184,m0271,46.3,7.290e-84,249.0
m0184,m0272,43.5,1.060e-62,194.0
m0184,m0273,33.8,1.570e-44,149.0
m0184,m0276,38.6,1.620e-53,175.0
m0184,m0278,41.6,1.290e-52,172.0
m0184,m0280,39.3,2.580e-53,173.0
m0184,m0281,38.8,1.370e-56,182.0
m0184,m0282,40.8,1.270e-58,182.0
m0184,m0284,38.3,1.620e-54,173.0
m0184,m0287,31.7,1.190e-38,132.0
m0184,m0290,54.3,6.510e-117,333.0
m0184,m0292,41.1,6.230e-66,202.0
m0184,m0293,40.2,1.510e-47,159.0
m0184,m0294,41.9,5.640e-57,180.0
m0184,m0295,38.6,1.540e-52,171.0
m0184,m0297,45.0,2.480e-77,232.0
m0184,m0303,40.2,1.800e-62,194.0
m0184,m0304,47.1,4.990e-84,249.0
m0184,m0309,39.9,1.330e-69,213.0
m0184,m0311,55.1,1.200e-121,345.0
m0184,m0312,84.6,2.440e-179,490.0
m0184,m0314,41.6,2.480e-55,180.0
m0184,m0315,46.1,2.060e-84,250.0
m0184,m0317,44.0,1.490e-75,227.0
m0184,m0318,41.9,1.180e-57,186.0
m0184,m0320,39.6,1.630e-51,169.0
m0184,m0322,39.5,7.590e-53,173.0
m0184,m0324,42.3,5.560e-62,193.0
m0184,m0328,37.0,1.430e-49,162.0
m0184,m0329,48.9,5.950e-84,248.0
m0184,m0331,37.5,6.790e-49,162.0
m0184,m0332,49.3,1.890e-82,245.0
m0184,m0333,43.6,3.980e-54,177.0
m0184,m0335,42.7,4.330e-69,210.0
m0184,m0336,40.9,7.750e-56,177.0
m0184,m0337,43.7,9.300e-77,230.0
m0184,m0339,39.6,3.960e-55,179.0
m0184,m0340,41.5,7.300e-59,185.0
m0184,m0343,46.4,1.240e-77,232.0
m0184,m0344,41.9,2.530e-56,183.0
m0184,m0345,39.5,3.630e-65,201.0
m0184,m0347,40.7,1.420e-53,176.0
m0184,m0348,41.6,2.520e-54,177.0
m0184,m0349,38.3,6.460e-52,171.0
m0184,m0351,57.5,9.040e-122,345.0
m0184,m0354,51.6,9.410e-96,279.0
m0184,m0356,56.5,6.770e-123,348.0
m0184,m0363,39.5,2.130e-52,172.0
m0184,m0364,37.9,2.300e-62,193.0
m0184,m0365,40.3,3.740e-67,206.0
m0184,m0368,44.4,9.800e-76,228.0
m0184,m0369,36.3,4.290e-50,164.0
m0184,m0370,38.0,1.260e-54,174.0
m0184,m0371,36.7,2.130e-54,177.0
m0184,m0372,43.2,2.510e-68,209.0
m0184,m0377,42.8,1.220e-79,238.0
m0184,m0378,39.9,1.980e-53,175.0
m0184,m0380,42.9,3.470e-79,236.0
m0184,m0382,44.0,1.430e-81,243.0
m0184,m0383,57.6,1.270e-122,348.0
m0184,m0385,47.3,2.960e-87,258.0
m0184,m0387,38.7,4.080e-58,182.0
m0184,m0388,43.2,3.290e-72,219.0
m0184,m0390,44.3,2.010e-74,224.0
m0184,m0393,40.9,1.570e-54,178.0
m0184,m0394,43.4,2.510e-78,234.0
m0184,m0397,42.4,4.340e-60,193.0
m0184,m0399,42.3,5.160e-57,184.0
m0184,m0401,47.2,9.170e-83,246.0
m0184,m0404,42.0,3.700e-56,179.0
m0184,m0405,40.2,1.260e-51,168.0
m0184,m0407,38.3,9.820e-58,182.0
m0184,m0409,59.2,2.260e-115,330.0
m0184,m0411,46.0,3.540e-82,245.0
m0185,m0194,30.5,6.400e-19,79.3
m0185,m0204,31.5,2.540e-12,60.5
m0185,m0213,32.2,1.080e-21,88.6
m0185,m0232,30.1,6.720e-17,73.6
m0185,m0251,30.6,1.200e-20,84.0
m0185,m0253,31.0,5.400e-19,80.9
m0185,m0258,32.8,1.820e-11,58.2
m0185,m0277,41.3,2.400e-57,181.0
m0185,m0297,30.4,6.840e-18,76.3
m0185,m0311,30.5,4.000e-20,82.8
m0185,m0312,31.6,5.890e-19,79.0
m0185,m0314,30.7,1.630e-19,82.4
m0185,m0315,31.0,3.320e-22,88.6
m0185,m0340,30.5,3.020e-11,57.0
m0185,m0347,30.6,5.430e-19,80.9
m0185,m0351,30.2,4.100e-20,82.8
m0185,m0378,30.2,4.020e-19,81.3
m0185,m0393,30.5,8.800e-17,74.3
m0185,m0396,38.5,2.550e-54,172.0
m0186,m0190,38.4,5.640e-53,172.0
m0186,m0208,42.9,9.260e-64,200.0
m0186,m0218,31.2,7.310e-24,95.1
m0186,m0219,35.7,1.100e-26,102.0
m0186,m0220,37.6,7.340e-47,156.0
m0186,m0224,54.3,1.680e-119,344.0
m0186,m0245,37.4,1.450e-55,179.0
m0186,m0250,35.6,4.130e-46,153.0
m0186,m0255,36.2,3.540e-33,119.0
m0186,m0275,40.2,3.180e-65,204.0
m0186,m0283,39.7,7.140e-60,191.0
m0186,m0286,39.7,4.250e-59,189.0
m0186,m0316,40.5,6.660e-66,206.0
m0186,m0321,43.3,6.460e-77,234.0
m0186,m0353,45.7,7.260e-61,191.0
m0186,m0357,42.6,2.930e-62,195.0
m0186,m0361,35.6,2.670e-43,146.0
m0186,m0379,32.4,1.160e-26,102.0
m0186,m0384,34.0,2.850e-36,128.0
m0186,m0386,38.5,3.480e-53,172.0
m0186,m0389,40.9,2.190e-65,204.0
m0186,m0403,45.1,1.040e-86,259.0
m0186,m0412,36.2,8.160e-50,164.0
m0187,m0188,49.1,6.810e-78,237.0
m0187,m0191,49.6,1.050e-80,239.0
m0187,m0192,50.8,6.460e-86,253.0
m0187,m0193,65.5,2.730e-126,356.0
m0187,m0194,45.1,9.650e-78,232.0
m0187,m0197,53.3,2.310e-94,275.0
m0187,m0198,43.0,1.580e-67,210.0
m0187,m0204,43.0,5.780e-60,187.0
m0187,m0205,47.5,5.910e-73,224.0
m0187,m0209,44.7,4.180e-66,201.0
m0187,m0212,48.8,1.810e-73,222.0
m0187,m0213,48.3,1.200e-74,228.0
m0187,m0214,47.1,1.210e-71,221.0
m0187,m0215,48.6,1.420e-67,209.0
m0187,m0225,48.1,4.000e-67,209.0
m0187,m0226,49.0,8.880e-77,234.0
m0187,m0228,68.4,5.830e-129,360.0
m0187,m0229,67.2,1.190e-125,354.0
m0187,m0230,55.9,8.660e-99,285.0
m0187,m0231,67.9,2.040e-127,359.0
m0187,m0232,62.8,8.240e-114,323.0
m0187,m0233,64.9,3.060e-122,345.0
m0187,m0235,46.6,6.330e-71,216.0
m0187,m0236,50.0,3.900e-77,234.0
m0187,m0241,75.5,4.370e-152,421.0
m0187,m0242,47.4,1.000e-76,229.0
m0187,m0243,45.6,1.660e-70,217.0
m0187,m0244,50.6,2.730e-90,264.0
m0187,m0246,70.1,1.200e-130,366.0
m0187,m0247,49.6,5.020e-77,233.0
m0187,m0248,49.4,2.540e-84,249.0
m0187,m0251,52.7,6.070e-94,273.0
m0187,m0253,47.1,1.360e-72,224.0
m0187,m0254,31.3,5.480e-06,40.4
m0187,m0258,48.9,3.190e-75,229.0
m0187,m0261,69.1,4.290e-132,370.0
m0187,m0263,50.4,1.710e-82,244.0
m0187,m0266,51.5,1.660e-82,244.0
m0187,m0267,56.1,2.770e-100,288.0
m0187,m0271,67.0,6.270e-123,347.0
m0187,m0272,46.8,1.790e-84,249.0
m0187,m0273,34.6,4.510e-35,123.0
m0187,m0276,47.8,4.410e-72,222.0
m0187,m0278,48.1,1.310e-73,225.0
m0187,m0280,47.7,1.420e-75,229.0
m0187,m0281,47.0,8.300e-75,228.0
m0187,m0282,46.3,2.340e-67,203.0
m0187,m0284,46.5,5.120e-70,212.0
m0187,m0287,36.4,1.230e-38,131.0
m0187,m0290,51.1,1.530e-88,259.0
m0187,m0291,33.9,5.540e-28,103.0
m0187,m0292,55.8,6.550e-101,290.0
m0187,m0293,48.9,2.510e-76,233.0
m0187,m0294,47.1,1.870e-74,224.0
m0187,m0295,51.7,5.020e-77,233.0
m0187,m0297,64.1,1.300e-120,340.0
m0187,m0303,58.1,1.070e-104,300.0
m0187,m0304,67.4,6.780e-127,357.0
m0187,m0309,59.2,4.380e-108,310.0
m0187,m0311,50.6,1.880e-86,254.0
m0187,m0312,48.5,7.930e-84,246.0
m0187,m0314,47.5,7.210e-73,224.0
m0187,m0315,78.2,3.390e-156,431.0
m0187,m0317,62.1,4.140e-114,324.0
m0187,m0318,43.8,3.360e-67,209.0
m0187,m0320,45.3,7.130e-68,210.0
m0187,m0322,48.7,2.130e-74,228.0
m0187,m0324,49.8,3.110e-82,243.0
m0187,m0328,47.5,2.380e-75,227.0
m0187,m0329,74.7,4.210e-150,414.0
m0187,m0331,49.8,3.200e-78,237.0
m0187,m0332,65.5,8.110e-122,344.0
m0187,m0333,47.5,4.010e-73,225.0
m0187,m0335,52.0,4.260e-79,234.0
m0187,m0336,48.3,3.250e-77,231.0
m0187,m0337,65.8,1.660e-125,352.0
m0187,m0339,46.0,1.360e-70,218.0
m0187,m0340,50.4,1.180e-81,242.0
m0187,m0343,53.9,1.680e-99,286.0
m0187,m0344,47.1,3.140e-72,223.0
m0187,m0345,51.7,1.360e-90,265.0
m0187,m0347,47.5,1.830e-73,226.0
m0187,m0348,47.1,7.580e-72,222.0
m0187,m0349,49.8,1.620e-78,239.0
m0187,m0351,49.3,6.140e-88,258.0
m0187,m0354,50.6,8.880e-82,242.0
m0187,m0356,48.1,7.230e-83,245.0
m0187,m0363,49.8,9.890e-76,231.0
m0187,m0364,59.1,3.400e-105,301.0
m0187,m0365,51.0,4.440e-91,265.0
m0187,m0368,48.3,6.060e-86,253.0
m0187,m0369,31.5,9.360e-33,117.0
m0187,m0370,46.2,4.840e-74,223.0
m0187,m0371,34.1,8.200e-47,155.0
m0187,m0372,62.6,8.830e-116,328.0
m0187,m0377,65.4,1.230e-122,346.0
m0187,m0378,47.1,4.010e-72,223.0
m0187,m0380,67.9,3.220e-125,352.0
m0187,m0382,61.5,8.350e-119,336.0
m0187,m0383,47.6,1.250e-80,239.0
m0187,m0385,44.0,1.630e-71,216.0
m0187,m0387,45.8,1.640e-65,200.0
m0187,m0388,67.9,5.180e-130,365.0
m0187,m0390,64.9,1.760e-121,343.0
m0187,m0393,47.5,8.780e-73,224.0
m0187,m0394,61.8,1.450e-113,323.0
m0187,m0397,45.3,3.120e-70,218.0
m0187,m0399,48.5,1.020e-73,226.0
m0187,m0401,67.9,2.170e-126,355.0
m0187,m0404,44.2,1.110e-66,205.0
m0187,m0405,48.3,1.880e-76,231.0
m0187,m0407,46.5,2.630e-79,236.0
m0187,m0409,48.9,1.080e-83,248.0
m0187,m0411,67.0,1.430e-124,351.0
m0188,m0191,39.4,1.010e-53,175.0
m0188,m0192,48.8,9.400e-80,243.0
m0188,m0193,47.8,2.620e-85,258.0
m0188,m0194,36.6,4.120e-50,166.0
m0188,m0197,49.5,2.380e-84,255.0
m0188,m0198,49.0,5.180e-119,349.0
m0188,m0204,54.7,1.930e-108,318.0
m0188,m0205,59.1,6.520e-131,380.0
m0188,m0209,38.7,2.220e-55,179.0
m0188,m0212,60.6,7.700e-136,387.0
m0188,m0213,59.1,4.860e-141,405.0
m0188,m0214,53.2,2.420e-136,394.0
m0188,m0215,59.1,1.850e-114,337.0
m0188,m0225,59.7,9.720e-110,325.0
m0188,m0226,61.4,7.060e-139,400.0
m0188,m0227,30.8,4.430e-11,57.0
m0188,m0228,54.0,7.980e-88,262.0
m0188,m0229,50.2,3.940e-91,273.0
m0188,m0230,49.6,9.570e-86,258.0
m0188,m0231,45.0,4.490e-82,250.0
m0188,m0232,53.9,1.450e-96,286.0
m0188,m0233,51.7,4.380e-94,280.0
m0188,m0235,56.1,6.540e-123,355.0
m0188,m0236,76.1,2.460e-154,438.0
m0188,m0241,47.1,3.510e-74,229.0
m0188,m0242,37.4,2.960e-48,161.0
m0188,m0243,75.4,6.590e-158,447.0
m0188,m0244,43.0,1.530e-64,204.0
m0188,m0246,50.3,8.090e-91,271.0
m0188,m0247,67.4,2.940e-202,559.0
m0188,m0248,37.1,5.010e-49,163.0
m0188,m0251,45.2,9.120e-70,217.0
m0188,m0253,58.5,6.100e-133,385.0
m0188,m0258,66.6,3.420e-202,560.0
m0188,m0261,46.7,2.730e-84,255.0
m0188,m0263,38.8,6.810e-56,181.0
m0188,m0266,59.4,1.770e-112,327.0
m0188,m0267,47.5,3.130e-74,227.0
m0188,m0271,49.3,4.300e-87,262.0
m0188,m0272,43.8,2.410e-75,231.0
m0188,m0273,31.0,1.940e-31,117.0
m0188,m0276,49.3,3.630e-135,391.0
m0188,m0278,57.8,3.310e-141,405.0
m0188,m0280,76.0,1.920e-232,635.0
m0188,m0281,49.5,5.050e-130,377.0
m0188,m0282,44.3,8.440e-58,184.0
m0188,m0284,39.7,4.440e-60,192.0
m0188,m0287,30.8,4.170e-25,98.6
m0188,m0290,36.5,4.920e-50,166.0
m0188,m0292,48.1,9.830e-76,232.0
m0188,m0293,69.2,4.360e-147,421.0
m0188,m0294,62.6,1.770e-124,358.0
m0188,m0295,60.7,4.040e-171,480.0
m0188,m0297,53.1,1.740e-95,283.0
m0188,m0303,48.0,8.250e-78,238.0
m0188,m0304,51.4,6.580e-86,259.0
m0188,m0309,47.8,1.260e-82,251.0
m0188,m0311,38.4,1.520e-52,172.0
m0188,m0312,37.5,1.030e-49,164.0
m0188,m0314,60.1,1.850e-132,384.0
m0188,m0315,46.6,5.680e-76,233.0
m0188,m0317,50.5,1.650e-92,275.0
m0188,m0318,54.5,1.530e-176,496.0
m0188,m0320,53.7,1.600e-126,367.0
m0188,m0322,63.7,6.480e-142,408.0
m0188,m0324,57.3,5.880e-116,336.0
m0188,m0328,61.1,1.030e-132,380.0
m0188,m0329,45.6,2.150e-69,215.0
m0188,m0331,77.8,1.950e-241,659.0
m0188,m0332,52.9,1.120e-99,294.0
m0188,m0333,56.2,4.030e-135,391.0
m0188,m0335,43.5,4.860e-62,196.0
m0188,m0336,64.7,6.900e-129,369.0
m0188,m0337,51.8,4.190e-84,253.0
m0188,m0339,50.0,1.970e-137,397.0
m0188,m0340,57.3,5.450e-116,336.0
m0188,m0343,42.7,1.620e-60,192.0
m0188,m0344,60.6,3.100e-137,397.0
m0188,m0345,48.6,6.740e-77,236.0
m0188,m0347,59.3,5.020e-135,391.0
m0188,m0348,60.4,2.910e-136,394.0
m0188,m0349,65.4,7.540e-197,548.0
m0188,m0351,38.0,1.150e-52,173.0
m0188,m0354,38.5,5.760e-57,184.0
m0188,m0356,37.5,2.350e-48,162.0
m0188,m0363,59.4,1.930e-133,386.0
m0188,m0364,40.8,3.170e-66,207.0
m0188,m0365,47.3,1.380e-78,239.0
m0188,m0368,51.0,2.240e-86,260.0
m0188,m0369,34.1,9.830e-31,115.0
m0188,m0370,64.2,5.230e-128,367.0
m0188,m0371,33.1,1.350e-33,125.0
m0188,m0372,47.8,5.250e-79,241.0
m0188,m0377,49.8,2.590e-82,249.0
m0188,m0378,58.5,1.300e-132,385.0
m0188,m0380,52.5,3.630e-88,264.0
m0188,m0382,46.8,2.330e-74,229.0
m0188,m0383,35.5,2.830e-50,167.0
m0188,m0385,38.5,6.100e-51,169.0
m0188,m0387,40.1,1.060e-56,183.0
m0188,m0388,45.2,2.390e-78,240.0
m0188,m0390,53.0,3.100e-94,280.0
m0188,m0393,54.1,6.490e-135,391.0
m0188,m0394,48.6,3.710e-84,254.0
m0188,m0397,49.2,6.380e-122,358.0
m0188,m0399,65.2,2.500e-204,566.0
m0188,m0401,52.6,1.920e-97,288.0
m0188,m0404,54.6,5.660e-111,325.0
m0188,m0405,72.6,1.340e-147,419.0
m0188,m0407,46.1,6.530e-76,233.0
m0188,m0409,38.8,1.180e-52,173.0
m0188,m0411,51.6,1.610e-93,279.0
m0189,m0199,33.7,5.820e-19,83.6
m0189,m0222,34.3,3.030e-62,205.0
m0189,m0262,32.7,4.820e-61,202.0
m0189,m0270,39.0,1.250e-95,293.0
m0189,m0300,30.4,2.310e-51,176.0
m0189,m0306,38.9,5.260e-89,275.0
m0189,m0326,38.9,2.680e-97,296.0
m0189,m0358,30.3,2.290e-11,59.7
m0190,m0208,50.0,1.850e-89,266.0
m0190,m0218,35.1,4.720e-35,125.0
m0190,m0219,35.4,1.590e-39,137.0
m0190,m0220,41.3,2.170e-64,201.0
m0190,m0224,41.2,1.750e-60,192.0
m0190,m0240,33.2,7.360e-39,134.0
m0190,m0245,47.9,1.160e-90,269.0
m0190,m0250,41.7,5.380e-71,218.0
m0190,m0255,39.8,5.950e-56,178.0
m0190,m0268,33.7,2.030e-37,131.0
m0190,m0275,52.7,7.600e-105,305.0
m0190,m0283,37.8,1.060e-57,185.0
m0190,m0286,47.5,2.130e-84,254.0
m0190,m0316,41.0,2.520e-77,235.0
m0190,m0321,50.6,1.010e-99,292.0
m0190,m0353,41.8,4.250e-65,202.0
m0190,m0357,38.5,4.560e-60,189.0
m0190,m0361,33.9,4.000e-40,137.0
m0190,m0379,35.1,1.900e-39,137.0
m0190,m0384,36.1,1.420e-53,173.0
m0190,m0386,43.5,2.340e-79,240.0
m0190,m0389,46.3,3.080e-85,255.0
m0190,m0403,43.0,4.780e-69,214.0
m0190,m0412,41.7,3.870e-68,211.0
m0191,m0192,43.2,1.540e-67,206.0
m0191,m0193,48.5,1.450e-83,248.0
m0191,m0194,52.2,5.240e-90,264.0
m0191,m0197,45.7,2.220e-70,214.0
m0191,m0198,40.5,4.360e-54,176.0
m0191,m0204,38.6,1.360e-49,161.0
m0191,m0205,40.1,9.060e-55,178.0
m0191,m0209,41.3,1.090e-62,193.0
m0191,m0212,40.4,2.270e-55,176.0
m0191,m0213,39.9,5.040e-54,175.0
m0191,m0214,40.1,1.200e-53,175.0
m0191,m0215,42.5,5.400e-55,177.0
m0191,m0225,41.0,5.230e-55,178.0
m0191,m0226,39.7,4.440e-53,173.0
m0191,m0228,51.0,4.870e-81,239.0
m0191,m0229,50.5,5.380e-87,256.0
m0191,m0230,45.8,5.870e-73,220.0
m0191,m0231,45.1,1.070e-76,231.0
m0191,m0232,50.2,1.140e-83,248.0
m0191,m0233,51.8,9.200e-87,255.0
m0191,m0235,39.6,3.500e-49,160.0
m0191,m0236,40.1,2.800e-55,178.0
m0191,m0241,49.1,3.550e-83,246.0
m0191,m0242,42.7,9.750e-74,222.0
m0191,m0243,38.5,1.670e-54,176.0
m0191,m0244,58.6,3.910e-112,320.0
m0191,m0246,45.1,1.650e-78,234.0
m0191,m0247,39.9,5.840e-54,174.0
m0191,m0248,53.2,9.210e-87,256.0
m0191,m0251,42.9,1.800e-60,188.0
m0191,m0253,39.9,8.220e-53,173.0
m0191,m0258,37.1,1.020e-49,164.0
m0191,m0261,45.0,7.980e-75,225.0
m0191,m0263,68.7,3.740e-140,391.0
m0191,m0266,40.0,6.740e-59,184.0
m0191,m0267,50.8,1.660e-83,246.0
m0191,m0271,51.8,1.400e-89,263.0
m0191,m0272,39.7,1.350e-61,191.0
m0191,m0273,36.4,5.130e-36,126.0
m0191,m0276,42.1,4.140e-56,181.0
m0191,m0277,30.6,5.250e-12,58.9
m0191,m0278,39.5,2.190e-51,168.0
m0191,m0280,41.3,2.960e-57,183.0
m0191,m0281,42.9,5.110e-58,186.0
m0191,m0282,42.4,9.610e-60,184.0
m0191,m0284,41.8,1.390e-63,196.0
m0191,m0287,30.6,1.050e-28,105.0
m0191,m0290,49.6,6.490e-82,243.0
m0191,m0292,46.5,8.640e-73,219.0
m0191,m0293,38.9,4.760e-53,173.0
m0191,m0294,41.1,3.100e-54,172.0
m0191,m0295,41.0,1.150e-53,174.0
m0191,m0297,50.2,2.870e-82,244.0
m0191,m0303,43.9,1.460e-65,201.0
m0191,m0304,51.7,1.160e-85,253.0
m0191,m0309,48.6,2.770e-75,227.0
m0191,m0311,53.3,9.400e-84,248.0
m0191,m0312,52.6,1.060e-93,272.0
m0191,m0314,41.4,1.490e-54,177.0
m0191,m0315,50.2,1.310e-80,240.0
m0191,m0317,49.8,2.360e-83,246.0
m0191,m0318,37.9,2.840e-50,166.0
m0191,m0320,40.5,3.880e-50,165.0
m0191,m0322,39.9,5.720e-54,176.0
m0191,m0324,40.4,1.220e-58,184.0
m0191,m0328,37.8,7.620e-47,154.0
m0191,m0329,53.6,9.570e-84,246.0
m0191,m0331,40.2,2.820e-54,176.0
m0191,m0332,49.5,4.780e-86,254.0
m0191,m0333,40.3,6.600e-53,173.0
m0191,m0335,50.6,8.640e-73,219.0
m0191,m0336,38.6,1.300e-51,166.0
m0191,m0337,50.0,8.920e-81,239.0
m0191,m0339,40.6,2.040e-51,169.0
m0191,m0340,40.4,4.590e-58,182.0
m0191,m0343,50.8,8.380e-82,242.0
m0191,m0344,40.7,1.720e-53,175.0
m0191,m0345,41.9,1.600e-61,191.0
m0191,m0347,39.9,8.550e-53,173.0
m0191,m0348,38.7,2.990e-53,174.0
m0191,m0349,40.3,1.780e-58,187.0
m0191,m0351,48.2,1.620e-82,245.0
m0191,m0354,67.8,1.530e-138,387.0
m0191,m0356,53.8,6.860e-83,246.0
m0191,m0363,40.1,8.190e-54,175.0
m0191,m0364,43.2,1.310e-68,209.0
m0191,m0365,43.3,1.190e-69,211.0
m0191,m0368,46.2,5.020e-71,215.0
m0191,m0369,36.4,3.320e-40,137.0
m0191,m0370,41.9,3.000e-60,188.0
m0191,m0371,43.7,3.170e-63,199.0
m0191,m0372,45.5,1.910e-74,224.0
m0191,m0377,49.6,4.080e-81,241.0
m0191,m0378,40.2,2.600e-50,166.0
m0191,m0380,48.5,1.300e-82,244.0
m0191,m0382,48.7,7.490e-85,250.0
m0191,m0383,54.2,7.020e-85,251.0
m0191,m0385,47.8,1.150e-76,230.0
m0191,m0387,43.2,2.030e-71,216.0
m0191,m0388,45.5,2.170e-76,229.0
m0191,m0390,50.7,1.570e-82,244.0
m0191,m0393,39.1,1.400e-52,172.0
m0191,m0394,46.8,3.410e-79,236.0
m0191,m0397,41.8,2.550e-54,177.0
m0191,m0399,40.0,5.050e-54,176.0
m0191,m0401,50.9,1.030e-87,258.0
m0191,m0404,37.5,2.380e-51,166.0
m0191,m0405,38.1,2.620e-52,169.0
m0191,m0407,42.2,6.390e-63,194.0
m0191,m0409,48.6,1.830e-73,222.0
m0191,m0411,49.1,1.110e-86,256.0
m0192,m0193,50.7,1.310e-91,269.0
m0192,m0194,39.0,4.950e-62,193.0
m0192,m0197,46.5,8.030e-89,262.0
m0192,m0198,46.3,1.250e-71,222.0
m0192,m0204,43.8,8.540e-67,206.0
m0192,m0205,48.8,2.380e-77,237.0
m0192,m0209,40.1,2.510e-62,193.0
m0192,m0212,46.0,5.340e-74,224.0
m0192,m0213,48.1,4.140e-77,236.0
m0192,m0214,47.1,1.250e-76,236.0
m0192,m0215,48.8,6.820e-70,217.0
m0192,m0225,47.8,1.760e-70,219.0
m0192,m0226,48.4,3.830e-77,236.0
m0192,m0228,52.1,6.100e-96,278.0
m0192,m0229,51.2,2.230e-98,286.0
m0192,m0230,45.4,9.820e-87,256.0
m0192,m0231,48.8,6.030e-94,275.0
m0192,m0232,49.8,1.170e-95,279.0
m0192,m0233,48.9,6.820e-91,266.0
m0192,m0235,48.4,9.180e-78,235.0
m0192,m0236,50.2,1.890e-79,241.0
m0192,m0241,48.0,6.440e-83,246.0
m0192,m0242,43.0,6.390e-65,200.0
m0192,m0243,44.0,1.770e-71,221.0
m0192,m0244,42.8,5.390e-73,221.0
m0192,m0246,49.7,1.090e-96,281.0
m0192,m0247,47.2,1.210e-76,234.0
m0192,m0248,43.4,4.070e-65,201.0
m0192,m0251,48.8,1.790e-89,263.0
m0192,m0253,48.8,9.900e-78,238.0
m0192,m0258,46.6,2.140e-74,228.0
m0192,m0261,44.4,9.630e-94,274.0
m0192,m0263,42.6,6.630e-67,206.0
m0192,m0266,47.1,4.290e-76,229.0
m0192,m0267,47.9,2.620e-81,241.0
m0192,m0271,51.5,7.590e-99,287.0
m0192,m0272,44.4,2.430e-75,227.0
m0192,m0273,34.6,3.000e-31,114.0
m0192,m0276,46.4,9.470e-73,225.0
m0192,m0278,49.6,9.650e-72,222.0
m0192,m0280,51.6,1.080e-79,241.0
m0192,m0281,47.4,2.200e-73,226.0
m0192,m0282,46.2,3.470e-61,189.0
m0192,m0284,38.4,3.290e-60,188.0
m0192,m0290,39.5,1.670e-64,199.0
m0192,m0292,47.9,1.510e-85,252.0
m0192,m0293,45.1,4.580e-72,223.0
m0192,m0294,48.9,5.890e-80,239.0
m0192,m0295,47.4,6.770e-76,232.0
m0192,m0297,52.0,6.220e-101,292.0
m0192,m0303,44.7,2.460e-79,237.0
m0192,m0304,51.6,5.420e-91,267.0
m0192,m0309,49.0,1.370e-93,274.0
m0192,m0311,43.2,1.110e-67,207.0
m0192,m0312,39.5,6.170e-65,199.0
m0192,m0314,48.4,8.190e-77,236.0
m0192,m0315,48.5,4.960e-85,252.0
m0192,m0317,54.0,1.160e-100,291.0
m0192,m0318,42.5,1.190e-61,196.0
m0192,m0320,46.2,4.370e-71,220.0
m0192,m0322,48.4,1.200e-78,240.0
m0192,m0324,46.4,1.390e-79,238.0
m0192,m0328,47.6,3.460e-79,238.0
m0192,m0329,50.8,3.550e-85,251.0
m0192,m0331,47.7,7.620e-75,229.0
m0192,m0332,50.5,1.050e-94,276.0
m0192,m0333,48.8,1.040e-78,241.0
m0192,m0335,45.1,9.500e-68,207.0
m0192,m0336,47.3,3.420e-78,235.0
m0192,m0337,53.3,1.410e-96,280.0
m0192,m0339,45.8,1.150e-70,220.0
m0192,m0340,47.6,1.010e-81,243.0
m0192,m0343,45.9,1.250e-74,224.0
m0192,m0344,49.1,1.040e-78,241.0
m0192,m0345,60.5,2.540e-117,334.0
m0192,m0347,49.1,4.720e-79,242.0
m0192,m0348,48.8,7.020e-78,239.0
m0192,m0349,50.0,7.190e-82,249.0
m0192,m0351,42.3,2.950e-68,209.0
m0192,m0354,42.6,9.530e-69,210.0
m0192,m0356,45.2,3.140e-66,204.0
m0192,m0363,47.0,4.260e-76,234.0
m0192,m0364,49.6,4.840e-81,241.0
m0192,m0365,45.1,2.290e-79,237.0
m0192,m0368,48.5,1.250e-81,243.0
m0192,m0369,33.6,6.070e-33,119.0
m0192,m0370,47.6,4.450e-76,229.0
m0192,m0371,38.3,2.980e-48,160.0
m0192,m0372,48.1,2.920e-83,247.0
m0192,m0377,47.3,8.990e-90,264.0
m0192,m0378,47.3,4.120e-77,237.0
m0192,m0380,52.7,1.470e-93,273.0
m0192,m0382,49.8,7.870e-94,274.0
m0192,m0383,40.9,9.360e-68,208.0
m0192,m0385,42.6,2.150e-64,199.0
m0192,m0387,40.2,2.260e-60,188.0
m0192,m0388,47.6,6.880e-93,272.0
m0192,m0390,52.3,4.250e-97,282.0
m0192,m0393,48.4,5.050e-77,237.0
m0192,m0394,48.6,2.480e-91,268.0
m0192,m0397,46.2,2.050e-69,217.0
m0192,m0399,50.0,4.590e-80,244.0
m0192,m0401,50.8,8.220e-99,286.0
m0192,m0404,43.9,2.560e-69,213.0
m0192,m0405,44.6,1.780e-72,222.0
m0192,m0407,43.9,2.600e-75,227.0
m0192,m0409,39.4,1.320e-66,205.0
m0192,m0411,51.2,1.320e-97,284.0
m0193,m0194,43.9,2.340e-76,230.0
m0193,m0197,54.0,9.420e-113,323.0
m0193,m0198,46.3,3.310e-71,221.0
m0193,m0204,44.0,1.580e-66,206.0
m0193,m0205,47.6,4.800e-83,253.0
m0193,m0209,44.6,4.830e-67,206.0
m0193,m0212,48.3,1.010e-87,260.0
m0193,m0213,47.2,1.830e-84,255.0
m0193,m0214,47.1,2.550e-82,251.0
m0193,m0215,47.4,4.280e-74,228.0
m0193,m0225,46.0,1.990e-75,232.0
m0193,m0226,49.7,5.520e-86,260.0
m0193,m0228,76.7,8.700e-153,423.0
m0193,m0229,69.5,2.830e-152,424.0
m0193,m0230,54.1,1.450e-108,312.0
m0193,m0231,60.1,2.410e-128,363.0
m0193,m0232,65.1,5.650e-135,379.0
m0193,m0233,64.2,4.160e-131,369.0
m0193,m0235,43.3,2.750e-79,239.0
m0193,m0236,50.0,4.090e-87,262.0
m0193,m0241,60.1,6.710e-125,354.0
m0193,m0242,45.1,9.740e-72,218.0
m0193,m0243,47.9,7.210e-80,243.0
m0193,m0244,48.0,8.810e-90,265.0
m0193,m0246,66.4,2.180e-142,398.0
m0193,m0247,49.1,1.840e-84,254.0
m0193,m0248,51.1,6.830e-88,260.0
m0193,m0251,53.1,3.150e-97,283.0
m0193,m0253,47.1,1.010e-83,254.0
m0193,m0258,50.9,1.340e-84,255.0
m0193,m0261,63.2,2.440e-133,375.0
m0193,m0263,48.5,1.140e-86,257.0
m0193,m0266,52.5,3.110e-91,268.0
m0193,m0267,60.5,2.110e-112,320.0
m0193,m0271,68.6,3.480e-148,413.0
m0193,m0272,53.3,3.170e-96,281.0
m0193,m0273,32.9,1.720e-37,131.0
m0193,m0276,46.5,1.620e-83,254.0
m0193,m0278,49.6,1.230e-78,240.0
m0193,m0280,50.2,5.850e-82,248.0
m0193,m0281,49.0,2.500e-87,263.0
m0193,m0282,47.1,2.820e-70,213.0
m0193,m0284,46.4,1.430e-69,213.0
m0193,m0287,32.8,4.970e-38,131.0
m0193,m0290,49.0,1.540e-89,264.0
m0193,m0291,30.2,8.200e-26,98.6
m0193,m0292,54.5,1.550e-102,296.0
m0193,m0293,48.5,6.830e-87,262.0
m0193,m0294,48.5,8.950e-87,257.0
m0193,m0295,49.3,2.930e-83,251.0
m0193,m0297,66.5,3.270e-139,390.0
m0193,m0303,59.5,1.470e-120,342.0
m0193,m0304,82.0,1.230e-178,490.0
m0193,m0309,59.0,3.570e-126,358.0
m0193,m0311,51.9,3.290e-88,261.0
m0193,m0312,49.4,3.210e-83,247.0
m0193,m0314,47.1,2.680e-84,256.0
m0193,m0315,59.5,5.460e-124,352.0
m0193,m0317,60.9,7.770e-123,348.0
m0193,m0318,46.4,3.690e-81,248.0
m0193,m0320,46.8,1.560e-77,237.0
m0193,m0322,48.6,8.480e-85,257.0
m0193,m0324,49.0,3.280e-93,273.0
m0193,m0328,46.3,2.850e-83,249.0
m0193,m0329,65.9,1.300e-126,357.0
m0193,m0331,48.3,6.710e-85,256.0
m0193,m0332,61.1,4.220e-133,375.0
m0193,m0333,46.9,2.990e-84,256.0
m0193,m0335,47.6,4.640e-81,241.0
m0193,m0336,48.4,8.690e-92,270.0
m0193,m0337,66.2,8.330e-139,388.0
m0193,m0339,46.0,6.420e-83,252.0
m0193,m0340,48.5,2.460e-92,271.0
m0193,m0341,34.1,9.360e-06,40.4
m0193,m0343,56.5,8.030e-101,292.0
m0193,m0344,47.2,1.900e-85,259.0
m0193,m0345,54.4,1.990e-101,294.0
m0193,m0347,47.2,2.990e-83,253.0
m0193,m0348,47.6,2.540e-84,256.0
m0193,m0349,47.8,2.220e-83,253.0
m0193,m0351,53.0,2.080e-92,271.0
m0193,m0354,47.1,1.730e-79,238.0
m0193,m0356,50.6,2.570e-84,251.0
m0193,m0363,47.6,1.090e-82,251.0
m0193,m0364,57.0,5.920e-107,308.0
m0193,m0365,51.6,2.320e-104,301.0
m0193,m0368,52.9,1.350e-108,312.0
m0193,m0369,33.6,1.830e-35,126.0
m0193,m0370,46.4,1.840e-85,254.0
m0193,m0371,36.4,5.810e-45,152.0
m0193,m0372,63.4,9.530e-124,350.0
m0193,m0377,67.7,3.950e-149,415.0
m0193,m0378,46.3,1.060e-83,254.0
m0193,m0380,68.9,1.770e-140,393.0
m0193,m0382,58.8,4.800e-112,321.0
m0193,m0383,45.8,1.760e-81,244.0
m0193,m0385,44.7,7.760e-76,229.0
m0193,m0387,43.8,1.730e-70,215.0
m0193,m0388,62.2,4.920e-130,367.0
m0193,m0390,66.5,3.170e-140,392.0
m0193,m0393,47.1,1.670e-84,257.0
m0193,m0394,64.6,3.410e-135,380.0
m0193,m0397,45.3,6.120e-82,250.0
m0193,m0399,49.0,1.600e-83,253.0
m0193,m0401,67.8,1.100e-144,404.0
m0193,m0404,45.5,3.350e-78,236.0
m0193,m0405,48.0,4.100e-88,263.0
m0193,m0407,46.5,5.200e-85,252.0
m0193,m0409,47.5,2.310e-81,244.0
m0193,m0411,68.0,4.180e-152,423.0
m0194,m0197,42.5,7.250e-65,201.0
m0194,m0198,41.4,4.750e-56,181.0
m0194,m0204,36.3,2.930e-46,153.0
m0194,m0205,39.8,9.100e-53,173.0
m0194,m0209,38.0,1.410e-55,176.0
m0194,m0212,39.8,3.730e-52,168.0
m0194,m0213,40.4,4.100e-50,166.0
m0194,m0214,38.8,3.250e-51,169.0
m0194,m0215,39.4,1.840e-49,164.0
m0194,m0225,37.9,6.360e-50,165.0
m0194,m0226,36.6,4.850e-49,163.0
m0194,m0228,44.7,3.760e-74,223.0
m0194,m0229,42.6,2.080e-75,228.0
m0194,m0230,40.7,4.420e-66,203.0
m0194,m0231,41.4,4.550e-72,219.0
m0194,m0232,43.6,3.050e-72,219.0
m0194,m0233,43.7,2.270e-73,222.0
m0194,m0235,36.2,3.030e-49,161.0
m0194,m0236,37.2,1.490e-47,159.0
m0194,m0241,43.6,1.580e-78,235.0
m0194,m0242,38.2,1.650e-62,194.0
m0194,m0243,37.8,1.100e-48,162.0
m0194,m0244,50.9,7.240e-100,290.0
m0194,m0246,41.4,5.070e-74,224.0
m0194,m0247,36.2,5.180e-49,162.0
m0194,m0248,67.5,5.600e-137,384.0
m0194,m0251,36.5,1.730e-59,186.0
m0194,m0253,39.1,5.780e-51,169.0
m0194,m0258,39.6,2.750e-47,158.0
m0194,m0261,43.0,3.400e-70,214.0
m0194,m0263,50.2,8.070e-93,272.0
m0194,m0266,41.3,1.030e-56,179.0
m0194,m0267,43.9,3.700e-76,228.0
m0194,m0271,42.3,1.110e-77,233.0
m0194,m0272,41.5,2.660e-63,196.0
m0194,m0273,32.8,2.200e-44,149.0
m0194,m0276,34.5,1.060e-48,162.0
m0194,m0277,30.9,1.090e-11,58.2
m0194,m0278,37.4,1.790e-46,156.0
m0194,m0280,37.9,1.620e-50,166.0
m0194,m0281,35.0,5.940e-49,162.0
m0194,m0282,40.8,2.260e-59,184.0
m0194,m0284,36.6,9.970e-53,169.0
m0194,m0290,51.7,2.500e-109,314.0
m0194,m0292,38.3,4.960e-59,184.0
m0194,m0293,37.7,1.640e-45,154.0
m0194,m0294,39.2,1.370e-54,174.0
m0194,m0295,38.3,5.980e-52,170.0
m0194,m0297,43.7,1.450e-73,222.0
m0194,m0303,38.7,2.800e-58,183.0
m0194,m0304,44.6,3.050e-77,232.0
m0194,m0309,41.4,2.370e-67,207.0
m0194,m0311,55.1,1.960e-120,342.0
m0194,m0312,79.9,1.750e-172,473.0
m0194,m0314,39.5,1.070e-52,173.0
m0194,m0315,44.1,9.830e-80,238.0
m0194,m0317,43.3,1.360e-73,222.0
m0194,m0318,40.1,3.170e-52,172.0
m0194,m0320,36.7,7.460e-48,159.0
m0194,m0322,36.9,4.540e-50,166.0
m0194,m0324,40.9,1.210e-57,182.0
m0194,m0328,35.0,2.540e-46,153.0
m0194,m0329,45.8,2.320e-78,233.0
m0194,m0331,35.1,2.160e-45,153.0
m0194,m0332,43.6,3.780e-71,216.0
m0194,m0333,40.1,1.530e-53,176.0
m0194,m0335,41.0,3.910e-67,205.0
m0194,m0336,37.9,8.810e-51,164.0
m0194,m0337,41.9,3.090e-72,218.0
m0194,m0339,34.7,1.650e-45,154.0
m0194,m0340,38.7,4.360e-54,172.0
m0194,m0343,46.4,1.290e-74,224.0
m0194,m0344,41.9,1.030e-54,179.0
m0194,m0345,39.1,4.570e-63,196.0
m0194,m0347,40.8,5.730e-52,171.0
m0194,m0348,39.8,5.510e-52,171.0
m0194,m0349,35.9,7.760e-48,160.0
m0194,m0351,54.6,8.500e-120,340.0
m0194,m0354,49.3,6.170e-94,274.0
m0194,m0356,56.1,6.370e-121,343.0
m0194,m0363,36.8,1.850e-48,162.0
m0194,m0364,38.7,3.250e-62,193.0
m0194,m0365,39.2,4.210e-66,203.0
m0194,m0368,42.0,1.610e-71,217.0
m0194,m0369,37.2,3.980e-51,167.0
m0194,m0370,37.4,6.040e-52,167.0
m0194,m0371,37.5,2.990e-54,176.0
m0194,m0372,39.6,2.020e-64,199.0
m0194,m0377,42.9,2.230e-77,232.0
m0194,m0378,40.1,5.730e-52,171.0
m0194,m0380,40.6,8.410e-72,218.0
m0194,m0382,43.0,2.400e-77,232.0
m0194,m0383,56.2,6.320e-123,348.0
m0194,m0385,44.9,4.010e-82,245.0
m0194,m0387,38.6,1.010e-55,176.0
m0194,m0388,40.3,5.900e-70,214.0
m0194,m0390,43.2,3.710e-69,211.0
m0194,m0393,38.7,9.340e-52,171.0
m0194,m0394,41.3,5.330e-72,218.0
m0194,m0397,41.2,5.950e-55,179.0
m0194,m0399,40.1,8.850e-54,176.0
m0194,m0401,44.8,8.760e-78,233.0
m0194,m0404,39.4,3.460e-53,171.0
m0194,m0405,40.4,5.650e-49,161.0
m0194,m0407,38.1,3.890e-57,180.0
m0194,m0409,51.5,9.240e-110,315.0
m0194,m0411,43.8,6.690e-77,231.0
m0197,m0198,43.0,1.580e-73,227.0
m0197,m0204,44.8,1.660e-73,224.0
m0197,m0205,46.7,3.700e-77,237.0
m0197,m0209,42.3,4.580e-63,195.0
m0197,m0212,50.9,1.440e-88,262.0
m0197,m0213,49.2,5.190e-79,241.0
m0197,m0214,48.5,8.830e-78,239.0
m0197,m0215,50.8,1.270e-77,237.0
m0197,m0225,48.1,3.780e-80,244.0
m0197,m0226,46.1,2.430e-79,243.0
m0197,m0228,59.3,1.180e-113,323.0
m0197,m0229,50.4,7.660e-100,290.0
m0197,m0230,57.2,4.460e-111,318.0
m0197,m0231,51.0,4.020e-103,299.0
m0197,m0232,55.3,2.390e-108,311.0
m0197,m0233,53.5,1.860e-106,306.0
m0197,m0235,45.6,1.270e-78,238.0
m0197,m0236,49.0,1.660e-78,239.0
m0197,m0241,49.8,1.200e-91,269.0
m0197,m0242,38.5,2.320e-62,194.0
m0197,m0243,47.4,5.880e-80,243.0
m0197,m0244,43.4,1.180e-80,241.0
m0197,m0246,54.2,9.660e-111,318.0
m0197,m0247,48.7,5.330e-79,240.0
m0197,m0248,47.0,1.050e-74,226.0
m0197,m0251,44.2,5.690e-78,234.0
m0197,m0253,47.7,2.410e-76,235.0
m0197,m0258,49.4,1.930e-85,257.0
m0197,m0261,50.9,7.050e-97,283.0
m0197,m0263,42.3,1.530e-74,226.0
m0197,m0266,51.8,1.460e-90,266.0
m0197,m0267,53.9,6.730e-100,288.0
m0197,m0271,51.6,3.000e-104,301.0
m0197,m0272,47.0,5.950e-82,244.0
m0197,m0273,31.8,1.090e-31,115.0
m0197,m0276,44.7,1.590e-78,241.0
m0197,m0278,45.3,7.130e-79,241.0
m0197,m0280,50.7,3.370e-82,248.0
m0197,m0281,45.3,1.020e-81,248.0
m0197,m0282,43.7,7.880e-63,193.0
m0197,m0284,39.0,6.520e-57,180.0
m0197,m0287,31.4,1.040e-29,109.0
m0197,m0290,39.4,1.250e-67,208.0
m0197,m0291,30.2,2.510e-23,91.7
m0197,m0292,51.7,1.360e-94,276.0
m0197,m0293,46.7,6.810e-79,241.0
m0197,m0294,46.2,1.090e-83,249.0
m0197,m0295,51.2,4.220e-84,253.0
m0197,m0297,53.6,1.160e-111,320.0
m0197,m0303,52.7,4.410e-101,293.0
m0197,m0304,56.3,3.310e-113,324.0
m0197,m0309,48.9,9.100e-103,298.0
m0197,m0311,42.6,5.810e-71,216.0
m0197,m0312,46.0,3.860e-72,218.0
m0197,m0314,49.2,5.230e-79,242.0
m0197,m0315,48.3,5.520e-90,265.0
m0197,m0317,48.7,3.110e-101,293.0
m0197,m0318,46.0,2.550e-76,235.0
m0197,m0320,46.1,3.580e-77,236.0
m0197,m0322,45.5,2.630e-78,240.0
m0197,m0324,50.2,7.090e-91,267.0
m0197,m0328,49.3,1.050e-81,245.0
m0197,m0329,50.6,1.350e-90,265.0
m0197,m0331,47.3,6.870e-83,251.0
m0197,m0332,54.2,1.010e-105,305.0
m0197,m0333,49.2,3.720e-80,245.0
m0197,m0335,48.7,4.570e-77,231.0
m0197,m0336,48.8,1.760e-84,251.0
m0197,m0337,54.4,4.030e-104,300.0
m0197,m0339,44.6,1.590e-78,241.0
m0197,m0340,50.5,7.550e-90,265.0
m0197,m0343,47.5,2.370e-72,219.0
m0197,m0344,46.8,7.390e-80,244.0
m0197,m0345,51.2,7.030e-98,285.0
m0197,m0347,48.1,3.230e-77,238.0
m0197,m0348,46.5,1.960e-78,241.0
m0197,m0349,49.0,4.020e-82,250.0
m0197,m0351,42.2,9.760e-73,221.0
m0197,m0354,44.8,2.440e-72,219.0
m0197,m0356,41.6,1.910e-68,210.0
m0197,m0363,45.7,3.330e-76,234.0
m0197,m0364,47.6,3.460e-84,249.0
m0197,m0365,58.8,6.520e-115,328.0
m0197,m0368,55.5,9.490e-115,328.0
m0197,m0369,30.3,7.170e-28,105.0
m0197,m0370,42.4,5.980e-77,232.0
m0197,m0371,34.5,7.610e-41,141.0
m0197,m0372,49.5,5.750e-94,275.0
m0197,m0377,49.5,2.840e-99,288.0
m0197,m0378,48.1,4.550e-77,237.0
m0197,m0380,57.8,6.360e-113,323.0
m0197,m0382,48.3,1.080e-86,256.0
m0197,m0383,39.9,4.490e-66,204.0
m0197,m0385,40.6,1.830e-63,197.0
m0197,m0387,43.4,2.940e-64,199.0
m0197,m0388,50.4,8.800e-92,270.0
m0197,m0390,56.3,1.670e-119,340.0
m0197,m0393,44.0,1.420e-77,239.0
m0197,m0394,49.2,1.930e-101,294.0
m0197,m0397,46.6,1.720e-79,244.0
m0197,m0399,48.5,3.520e-77,237.0
m0197,m0401,57.0,9.460e-111,317.0
m0197,m0404,46.5,1.940e-78,237.0
m0197,m0405,47.0,1.390e-78,238.0
m0197,m0407,42.7,3.550e-70,214.0
m0197,m0409,45.8,2.550e-70,215.0
m0197,m0411,52.0,1.300e-103,300.0
m0198,m0204,47.3,3.400e-84,256.0
m0198,m0205,53.7,1.950e-156,445.0
m0198,m0209,38.3,6.740e-51,167.0
m0198,m0212,52.4,4.290e-110,322.0
m0198,m0213,54.4,1.860e-141,405.0
m0198,m0214,54.0,2.470e-157,447.0
m0198,m0215,54.9,1.360e-161,456.0
m0198,m0225,51.9,7.470e-155,440.0
m0198,m0226,51.3,9.800e-155,440.0
m0198,m0227,35.2,3.440e-16,72.4
m0198,m0228,46.0,6.390e-76,231.0
m0198,m0229,45.4,1.530e-76,235.0
m0198,m0230,47.4,9.570e-81,245.0
m0198,m0231,42.4,1.510e-74,230.0
m0198,m0232,50.2,1.210e-84,255.0
m0198,m0233,48.9,7.190e-82,248.0
m0198,m0235,51.4,1.940e-98,293.0
m0198,m0236,53.6,4.040e-156,442.0
m0198,m0241,42.5,4.840e-65,205.0
m0198,m0242,37.0,3.040e-51,169.0
m0198,m0243,51.7,1.630e-146,418.0
m0198,m0244,42.8,5.630e-70,218.0
m0198,m0246,47.4,3.220e-79,241.0
m0198,m0247,53.2,3.650e-108,320.0
m0198,m0248,40.3,1.640e-54,177.0
m0198,m0251,39.5,3.360e-60,192.0
m0198,m0253,54.1,6.850e-161,456.0
m0198,m0258,53.4,4.010e-108,320.0
m0198,m0261,40.6,5.370e-69,215.0
m0198,m0263,39.9,1.180e-59,191.0
m0198,m0266,59.0,2.560e-110,321.0
m0198,m0267,44.8,1.140e-65,205.0
m0198,m0271,46.5,3.730e-77,236.0
m0198,m0272,41.0,6.740e-66,207.0
m0198,m0273,35.2,4.290e-35,127.0
m0198,m0276,56.2,1.470e-170,481.0
m0198,m0277,31.1,1.470e-17,76.3
m0198,m0278,45.2,9.110e-101,301.0
m0198,m0280,53.1,6.360e-119,347.0
m0198,m0281,51.2,2.790e-158,448.0
m0198,m0282,38.5,2.100e-46,154.0
m0198,m0284,38.2,2.830e-49,163.0
m0198,m0290,40.9,7.480e-57,184.0
m0198,m0292,43.1,1.410e-66,208.0
m0198,m0293,48.7,3.460e-139,400.0
m0198,m0294,56.4,7.770e-103,302.0
m0198,m0295,46.9,1.080e-95,288.0
m0198,m0297,50.7,2.580e-84,254.0
m0198,m0303,41.8,3.160e-65,205.0
m0198,m0304,47.3,2.010e-76,234.0
m0198,m0309,45.7,1.040e-72,225.0
m0198,m0311,41.3,3.070e-59,190.0
m0198,m0312,41.3,5.950e-56,180.0
m0198,m0314,53.8,1.690e-159,453.0
m0198,m0315,40.6,7.450e-64,202.0
m0198,m0317,50.0,1.060e-88,265.0
m0198,m0318,63.3,3.050e-174,490.0
m0198,m0320,54.9,1.910e-166,469.0
m0198,m0322,52.5,6.210e-153,436.0
m0198,m0324,60.1,3.570e-110,321.0
m0198,m0328,53.2,3.570e-105,309.0
m0198,m0329,41.0,3.430e-62,196.0
m0198,m0331,52.2,1.050e-116,342.0
m0198,m0332,53.0,3.340e-91,272.0
m0198,m0333,52.1,4.150e-156,444.0
m0198,m0335,40.5,1.020e-48,161.0
m0198,m0336,55.0,1.070e-99,295.0
m0198,m0337,46.6,1.040e-76,234.0
m0198,m0339,55.6,3.410e-169,477.0
m0198,m0340,57.2,8.630e-108,315.0
m0198,m0343,38.2,7.220e-56,180.0
m0198,m0344,55.1,7.300e-167,472.0
m0198,m0345,47.8,3.050e-76,234.0
m0198,m0347,54.4,3.400e-159,452.0
m0198,m0348,54.6,4.830e-161,457.0
m0198,m0349,51.1,2.350e-117,345.0
m0198,m0351,41.5,5.970e-60,192.0
m0198,m0354,40.9,1.260e-61,196.0
m0198,m0356,42.0,1.100e-53,176.0
m0198,m0363,51.6,6.460e-158,448.0
m0198,m0364,38.0,2.180e-56,182.0
m0198,m0365,44.5,6.760e-74,227.0
m0198,m0368,47.6,9.980e-80,243.0
m0198,m0369,34.6,2.450e-36,131.0
m0198,m0370,54.8,2.040e-99,293.0
m0198,m0371,35.0,1.340e-42,149.0
m0198,m0372,41.5,1.750e-64,203.0
m0198,m0377,45.2,7.740e-73,225.0
m0198,m0378,53.2,1.940e-158,450.0
m0198,m0380,46.4,2.900e-79,241.0
m0198,m0382,41.1,3.570e-64,202.0
m0198,m0383,40.3,2.180e-57,185.0
m0198,m0385,43.2,6.080e-59,189.0
m0198,m0387,38.6,6.750e-51,167.0
m0198,m0388,43.5,4.800e-69,216.0
m0198,m0390,50.0,1.280e-85,258.0
m0198,m0393,55.3,1.110e-164,466.0
m0198,m0394,46.4,2.070e-78,239.0
m0198,m0397,80.7,6.110e-272,738.0
m0198,m0399,55.5,1.830e-116,342.0
m0198,m0401,48.1,3.250e-85,256.0
m0198,m0404,66.9,4.530e-171,477.0
m0198,m0405,55.8,1.360e-100,299.0
m0198,m0407,43.0,6.560e-67,209.0
m0198,m0409,39.9,1.840e-53,175.0
m0198,m0411,46.2,3.990e-77,236.0
m0199,m0300,31.3,2.090e-24,100.0
m0199,m0358,33.9,3.370e-95,295.0
m0199,m0362,32.3,1.230e-27,109.0
m0202,m0257,31.9,2.220e-15,65.9
m0202,m0327,54.8,1.150e-77,228.0
m0202,m0374,63.0,3.030e-94,270.0
m0202,m0400,30.6,3.250e-06,40.4
m0203,m0252,51.1,1.530e-72,215.0
m0203,m0338,53.7,6.160e-77,226.0
m0203,m0355,61.9,2.380e-84,243.0
m0203,m0400,49.5,1.510e-60,184.0
m0204,m0205,52.1,1.890e-106,313.0
m0204,m0209,37.0,2.060e-51,166.0
m0204,m0212,51.9,1.540e-97,286.0
m0204,m0213,55.1,4.330e-103,304.0
m0204,m0214,51.9,2.630e-106,313.0
m0204,m0215,50.9,4.600e-86,260.0
m0204,m0225,50.2,4.330e-87,263.0
m0204,m0226,54.8,3.060e-103,305.0
m0204,m0227,31.1,1.360e-12,61.2
m0204,m0228,46.9,7.650e-72,218.0
m0204,m0229,43.3,3.490e-72,221.0
m0204,m0230,44.6,1.920e-68,211.0
m0204,m0231,40.1,2.460e-70,216.0
m0204,m0232,44.8,8.450e-76,229.0
m0204,m0233,47.9,1.420e-75,229.0
m0204,m0235,51.2,7.290e-99,290.0
m0204,m0236,58.5,5.030e-116,337.0
m0204,m0241,40.6,5.010e-60,189.0
m0204,m0242,35.9,2.080e-39,135.0
m0204,m0243,55.7,4.230e-113,329.0
m0204,m0244,39.3,6.330e-57,181.0
m0204,m0246,43.4,7.280e-72,219.0
m0204,m0247,52.5,1.290e-104,307.0
m0204,m0248,37.4,9.320e-46,152.0
m0204,m0251,41.4,2.410e-56,179.0
m0204,m0253,53.9,2.570e-105,311.0
m0204,m0258,56.9,5.130e-99,293.0
m0204,m0261,43.7,4.820e-74,225.0
m0204,m0263,35.7,4.540e-47,155.0
m0204,m0266,49.2,2.500e-95,279.0
m0204,m0267,46.9,1.750e-69,212.0
m0204,m0271,45.8,3.770e-74,226.0
m0204,m0272,44.8,3.500e-61,192.0
m0204,m0276,54.3,1.390e-108,319.0
m0204,m0277,30.3,2.660e-16,72.0
m0204,m0278,54.9,1.910e-101,300.0
m0204,m0280,58.0,4.170e-110,321.0
m0204,m0281,54.6,8.130e-106,311.0
m0204,m0282,35.5,1.040e-42,142.0
m0204,m0284,34.5,1.140e-46,154.0
m0204,m0290,38.5,1.640e-47,157.0
m0204,m0292,43.2,5.850e-61,191.0
m0204,m0293,55.7,2.580e-104,307.0
m0204,m0294,55.8,7.700e-101,294.0
m0204,m0295,47.4,1.060e-86,261.0
m0204,m0297,46.7,5.690e-77,232.0
m0204,m0303,41.4,1.370e-65,203.0
m0204,m0304,44.1,1.290e-68,211.0
m0204,m0309,42.9,5.320e-64,200.0
m0204,m0311,39.1,8.710e-51,165.0
m0204,m0312,36.2,3.220e-44,147.0
m0204,m0314,54.3,3.400e-106,313.0
m0204,m0315,41.3,1.610e-61,193.0
m0204,m0317,44.8,1.940e-71,218.0
m0204,m0318,46.5,5.440e-84,256.0
m0204,m0320,54.8,4.810e-100,296.0
m0204,m0322,53.4,5.250e-104,307.0
m0204,m0324,51.4,7.510e-97,283.0
m0204,m0328,55.5,2.160e-109,317.0
m0204,m0329,44.5,8.950e-62,192.0
m0204,m0331,54.4,1.840e-115,335.0
m0204,m0332,50.2,1.230e-84,252.0
m0204,m0333,55.7,1.200e-107,317.0
m0204,m0335,40.6,1.090e-46,154.0
m0204,m0336,57.5,1.600e-107,311.0
m0204,m0337,44.8,1.750e-69,213.0
m0204,m0339,54.0,1.140e-104,309.0
m0204,m0340,49.0,1.690e-92,272.0
m0204,m0343,38.8,6.540e-46,152.0
m0204,m0344,53.8,2.990e-108,318.0
m0204,m0345,43.7,4.430e-67,207.0
m0204,m0347,54.2,6.010e-107,315.0
m0204,m0348,56.2,1.640e-103,306.0
m0204,m0349,51.9,2.370e-109,321.0
m0204,m0351,38.3,1.760e-46,154.0
m0204,m0354,36.9,3.630e-49,160.0
m0204,m0356,39.2,8.080e-46,152.0
m0204,m0363,54.1,1.110e-100,298.0
m0204,m0364,36.1,6.530e-52,167.0
m0204,m0365,45.3,3.630e-68,209.0
m0204,m0368,43.7,4.010e-67,207.0
m0204,m0370,53.3,1.280e-98,288.0
m0204,m0371,31.8,5.270e-29,110.0
m0204,m0372,43.6,2.160e-64,200.0
m0204,m0377,44.1,3.590e-62,194.0
m0204,m0378,54.5,2.180e-104,308.0
m0204,m0380,44.7,7.480e-68,209.0
m0204,m0382,40.9,5.910e-58,183.0
m0204,m0383,38.4,1.500e-45,152.0
m0204,m0385,37.3,2.120e-47,157.0
m0204,m0387,36.9,3.730e-52,168.0
m0204,m0388,40.5,2.360e-64,201.0
m0204,m0390,47.3,1.580e-77,234.0
m0204,m0393,52.7,1.100e-103,307.0
m0204,m0394,45.1,7.520e-70,214.0
m0204,m0396,30.4,4.640e-11,56.2
m0204,m0397,47.7,1.470e-86,263.0
m0204,m0399,56.7,1.390e-113,331.0
m0204,m0401,46.7,8.640e-82,244.0
m0204,m0404,47.2,4.630e-84,252.0
m0204,m0405,55.6,1.110e-104,306.0
m0204,m0407,38.8,1.810e-58,185.0
m0204,m0408,31.0,9.010e-06,40.8
m0204,m0409,40.1,1.170e-47,157.0
m0204,m0411,45.5,7.150e-75,228.0
m0205,m0209,39.4,3.380e-53,174.0
m0205,m0212,60.3,1.800e-127,367.0
m0205,m0213,81.9,2.600e-257,700.0
m0205,m0214,85.3,2.060e-297,803.0
m0205,m0215,66.0,2.200e-197,548.0
m0205,m0225,62.1,9.510e-193,537.0
m0205,m0226,82.6,1.040e-276,750.0
m0205,m0227,31.9,3.290e-12,60.5
m0205,m0228,51.0,1.480e-82,249.0
m0205,m0229,48.3,1.300e-83,254.0
m0205,m0230,47.5,3.910e-82,249.0
m0205,m0231,46.8,8.460e-86,260.0
m0205,m0232,52.6,1.000e-88,266.0
m0205,m0233,52.8,1.870e-87,263.0
m0205,m0235,57.3,4.450e-124,359.0
m0205,m0236,58.3,1.120e-168,475.0
m0205,m0241,46.2,3.080e-72,224.0
m0205,m0242,37.5,3.690e-49,164.0
m0205,m0243,54.7,9.870e-161,455.0
m0205,m0244,44.6,8.300e-68,213.0
m0205,m0246,49.5,9.550e-87,261.0
m0205,m0247,68.7,1.160e-146,419.0
m0205,m0248,40.1,9.130e-49,163.0
m0205,m0251,45.4,1.290e-69,217.0
m0205,m0253,84.6,8.100e-296,799.0
m0205,m0258,73.2,3.020e-145,416.0
m0205,m0261,44.1,5.560e-81,247.0
m0205,m0263,41.8,1.800e-55,181.0
m0205,m0266,61.8,2.000e-117,340.0
m0205,m0267,47.3,5.680e-75,229.0
m0205,m0271,48.1,2.230e-84,256.0
m0205,m0272,47.1,1.070e-73,228.0
m0205,m0273,34.5,4.390e-36,130.0
m0205,m0276,55.7,1.880e-174,491.0
m0205,m0277,31.6,1.360e-15,70.5
m0205,m0278,65.4,2.250e-129,375.0
m0205,m0280,64.2,1.890e-131,380.0
m0205,m0281,55.9,2.060e-163,462.0
m0205,m0282,41.4,8.760e-52,169.0
m0205,m0284,38.5,2.100e-50,167.0
m0205,m0287,32.6,1.460e-29,111.0
m0205,m0290,38.7,3.980e-53,174.0
m0205,m0292,47.2,1.420e-68,214.0
m0205,m0293,54.6,3.310e-160,454.0
m0205,m0294,66.6,1.620e-133,381.0
m0205,m0295,51.6,3.670e-99,297.0
m0205,m0297,54.7,1.170e-93,279.0
m0205,m0303,45.8,1.150e-74,230.0
m0205,m0304,49.8,1.710e-83,253.0
m0205,m0309,49.1,7.550e-75,231.0
m0205,m0311,41.3,8.620e-56,181.0
m0205,m0312,39.6,9.170e-51,167.0
m0205,m0314,85.2,1.580e-298,806.0
m0205,m0315,44.9,1.710e-71,222.0
m0205,m0317,50.5,6.220e-90,269.0
m0205,m0318,46.7,1.200e-105,316.0
m0205,m0320,59.4,1.520e-168,475.0
m0205,m0322,81.1,2.720e-274,744.0
m0205,m0324,59.7,6.610e-121,349.0
m0205,m0328,64.0,1.860e-131,377.0
m0205,m0329,46.2,1.190e-68,213.0
m0205,m0331,53.1,6.930e-131,379.0
m0205,m0332,54.2,9.710e-96,285.0
m0205,m0333,81.8,1.080e-290,786.0
m0205,m0335,43.6,6.970e-57,183.0
m0205,m0336,65.3,1.650e-130,374.0
m0205,m0337,48.6,2.990e-78,239.0
m0205,m0339,56.5,2.010e-176,496.0
m0205,m0340,58.3,6.460e-118,341.0
m0205,m0343,42.4,5.860e-56,181.0
m0205,m0344,81.6,5.100e-289,782.0
m0205,m0345,47.5,1.240e-77,238.0
m0205,m0347,84.0,1.020e-294,796.0
m0205,m0348,83.0,1.000e-289,784.0
m0205,m0349,59.8,2.710e-130,379.0
m0205,m0351,39.1,1.370e-54,178.0
m0205,m0354,42.1,8.170e-61,194.0
m0205,m0356,43.7,8.350e-55,179.0
m0205,m0363,82.0,1.210e-275,748.0
m0205,m0364,40.2,7.260e-60,191.0
m0205,m0365,45.4,4.690e-73,226.0
m0205,m0368,46.6,1.930e-75,232.0
m0205,m0369,34.0,1.200e-35,129.0
m0205,m0370,62.2,2.400e-119,345.0
m0205,m0371,35.5,6.700e-40,142.0
m0205,m0372,46.4,7.090e-73,225.0
m0205,m0377,48.3,5.060e-76,234.0
m0205,m0378,83.5,1.870e-290,786.0
m0205,m0380,47.2,2.060e-78,239.0
m0205,m0382,47.9,4.710e-74,228.0
m0205,m0383,38.3,4.490e-53,174.0
m0205,m0385,38.6,1.140e-56,184.0
m0205,m0387,37.0,2.860e-50,166.0
m0205,m0388,46.6,1.070e-76,236.0
m0205,m0390,53.5,4.710e-88,265.0
m0205,m0393,80.0,4.910e-281,762.0
m0205,m0394,50.5,5.440e-84,254.0
m0205,m0397,52.0,1.190e-152,437.0
m0205,m0399,75.4,4.640e-179,503.0
m0205,m0401,52.5,1.490e-91,273.0
m0205,m0404,51.0,1.140e-116,340.0
m0205,m0405,62.4,1.350e-122,356.0
m0205,m0407,41.0,3.400e-65,206.0
m0205,m0409,39.9,3.060e-52,172.0
m0205,m0411,50.0,1.530e-88,266.0
m0206,m0218,36.4,1.960e-54,176.0
m0206,m0219,38.6,2.160e-62,196.0
m0206,m0220,30.6,2.100e-28,106.0
m0206,m0240,33.1,1.600e-52,170.0
m0206,m0268,35.9,9.380e-56,179.0
m0206,m0379,36.4,1.740e-60,192.0
m0206,m0384,32.0,2.890e-31,114.0
m0206,m0386,30.7,7.820e-28,105.0
m0207,m0223,40.8,3.510e-52,173.0
m0207,m0288,40.9,1.730e-52,174.0
m0207,m0360,35.8,2.440e-43,150.0
m0207,m0398,33.8,4.890e-27,104.0
m0207,m0410,35.8,9.090e-38,134.0
m0208,m0218,31.3,2.240e-21,87.8
m0208,m0219,35.9,1.430e-37,131.0
m0208,m0220,41.2,7.640e-63,197.0
m0208,m0224,40.8,4.980e-57,183.0
m0208,m0245,46.1,5.820e-89,264.0
m0208,m0250,36.2,1.630e-61,193.0
m0208,m0255,40.4,3.260e-49,160.0
m0208,m0268,32.4,8.720e-30,110.0
m0208,m0275,44.9,5.490e-87,259.0
m0208,m0283,38.7,2.120e-54,176.0
m0208,m0286,47.7,3.200e-87,261.0
m0208,m0316,42.1,3.450e-72,222.0
m0208,m0321,48.6,1.280e-90,268.0
m0208,m0353,45.6,9.660e-68,208.0
m0208,m0357,41.0,1.530e-55,177.0
m0208,m0361,31.9,9.260e-40,136.0
m0208,m0379,32.8,2.300e-32,118.0
m0208,m0384,34.7,1.340e-41,142.0
m0208,m0386,42.0,5.270e-76,231.0
m0208,m0389,48.4,1.750e-82,248.0
m0208,m0403,40.2,2.430e-60,191.0
m0208,m0412,44.2,1.530e-80,243.0
m0209,m0212,41.3,7.370e-56,177.0
m0209,m0213,39.4,4.260e-55,178.0
m0209,m0214,39.5,3.000e-53,174.0
m0209,m0215,42.7,2.210e-52,171.0
m0209,m0225,41.1,4.750e-55,178.0
m0209,m0226,39.7,3.540e-55,179.0
m0209,m0228,45.2,9.010e-62,190.0
m0209,m0229,46.6,6.500e-74,223.0
m0209,m0230,41.3,7.050e-65,199.0
m0209,m0231,43.5,3.620e-65,201.0
m0209,m0232,44.6,1.870e-73,221.0
m0209,m0233,43.1,7.310e-72,217.0
m0209,m0235,39.1,4.130e-50,163.0
m0209,m0236,39.1,4.440e-52,170.0
m0209,m0241,43.9,9.650e-66,202.0
m0209,m0242,38.1,1.610e-53,170.0
m0209,m0243,35.8,1.600e-48,160.0
m0209,m0244,38.0,1.410e-55,176.0
m0209,m0246,43.7,1.850e-68,209.0
m0209,m0247,39.8,4.160e-57,182.0
m0209,m0248,39.3,8.680e-52,166.0
m0209,m0251,44.6,8.620e-72,217.0
m0209,m0253,38.4,4.030e-52,171.0
m0209,m0258,39.1,1.400e-53,174.0
m0209,m0261,40.2,1.220e-61,191.0
m0209,m0263,38.0,3.670e-54,172.0
m0209,m0264,35.5,2.160e-13,63.2
m0209,m0266,40.8,6.840e-58,181.0
m0209,m0267,42.7,3.990e-65,199.0
m0209,m0271,50.5,6.690e-79,236.0
m0209,m0272,42.8,4.860e-64,197.0
m0209,m0273,30.5,3.280e-27,102.0
m0209,m0276,40.5,1.650e-53,174.0
m0209,m0278,39.1,3.870e-56,181.0
m0209,m0280,40.9,1.480e-56,181.0
m0209,m0281,41.2,1.510e-55,179.0
m0209,m0282,40.5,2.090e-45,147.0
m0209,m0284,66.1,7.580e-138,385.0
m0209,m0290,42.2,5.930e-56,177.0
m0209,m0292,47.4,1.120e-72,219.0
m0209,m0293,36.4,1.190e-52,172.0
m0209,m0294,39.5,7.140e-55,174.0
m0209,m0295,39.0,8.080e-48,158.0
m0209,m0297,44.9,1.180e-72,219.0
m0209,m0303,40.8,2.080e-55,175.0
m0209,m0304,44.6,3.210e-68,208.0
m0209,m0309,43.6,1.180e-67,207.0
m0209,m0311,39.4,6.240e-55,174.0
m0209,m0312,37.8,1.670e-50,162.0
m0209,m0314,39.7,5.240e-54,176.0
m0209,m0315,42.4,1.710e-66,204.0
m0209,m0317,47.3,5.330e-76,228.0
m0209,m0318,37.5,6.740e-51,167.0
m0209,m0320,39.4,7.380e-49,161.0
m0209,m0322,37.4,1.090e-52,172.0
m0209,m0324,39.1,6.290e-61,189.0
m0209,m0328,38.4,3.520e-51,165.0
m0209,m0329,46.0,1.830e-64,197.0
m0209,m0331,40.5,2.020e-57,184.0
m0209,m0332,44.5,3.610e-74,223.0
m0209,m0333,39.0,2.060e-54,177.0
m0209,m0335,41.7,8.640e-61,188.0
m0209,m0336,40.1,2.470e-54,173.0
m0209,m0337,43.1,2.520e-60,187.0
m0209,m0339,41.3,3.060e-54,176.0
m0209,m0340,41.1,2.370e-60,188.0
m0209,m0343,44.5,5.200e-66,202.0
m0209,m0344,39.7,7.040e-56,181.0
m0209,m0345,40.4,3.570e-56,177.0
m0209,m0347,38.7,5.550e-53,173.0
m0209,m0348,39.2,2.560e-54,177.0
m0209,m0349,42.4,1.500e-59,190.0
m0209,m0351,38.2,2.260e-52,167.0
m0209,m0354,39.5,6.460e-58,181.0
m0209,m0356,39.0,2.270e-50,162.0
m0209,m0363,37.6,6.010e-52,170.0
m0209,m0364,41.0,1.730e-59,185.0
m0209,m0365,41.4,7.960e-61,189.0
m0209,m0368,41.8,1.650e-56,178.0
m0209,m0369,33.1,1.820e-28,106.0
m0209,m0370,41.7,3.780e-57,180.0
m0209,m0371,41.5,1.670e-53,174.0
m0209,m0372,43.2,2.280e-69,211.0
m0209,m0377,42.3,1.520e-57,181.0
m0209,m0378,39.4,2.670e-54,177.0
m0209,m0380,45.4,3.910e-70,213.0
m0209,m0382,46.0,4.830e-77,230.0
m0209,m0383,38.2,1.530e-50,163.0
m0209,m0385,40.8,2.450e-50,162.0
m0209,m0387,67.5,9.420e-141,392.0
m0209,m0388,43.3,4.200e-64,198.0
m0209,m0390,46.2,3.530e-75,226.0
m0209,m0393,39.0,4.880e-52,171.0
m0209,m0394,43.3,1.570e-65,201.0
m0209,m0397,39.6,3.440e-53,174.0
m0209,m0399,38.0,1.440e-51,169.0
m0209,m0401,46.6,3.030e-70,213.0
m0209,m0404,40.1,3.930e-52,168.0
m0209,m0405,35.7,4.710e-52,169.0
m0209,m0407,55.6,4.770e-104,299.0
m0209,m0409,39.8,3.090e-52,167.0
m0209,m0411,46.8,2.370e-74,224.0
m0210,m0249,37.8,8.670e-130,393.0
m0212,m0213,59.8,3.100e-131,375.0
m0212,m0214,58.0,5.860e-126,363.0
m0212,m0215,75.5,5.500e-152,427.0
m0212,m0225,71.4,1.920e-148,419.0
m0212,m0226,60.7,7.050e-133,380.0
m0212,m0227,31.0,7.630e-12,58.9
m0212,m0228,50.6,2.330e-84,249.0
m0212,m0229,47.8,9.000e-84,250.0
m0212,m0230,44.9,1.120e-81,244.0
m0212,m0231,45.7,5.820e-83,248.0
m0212,m0232,52.5,6.720e-86,255.0
m0212,m0233,53.1,1.400e-86,256.0
m0212,m0235,62.2,3.190e-137,387.0
m0212,m0236,62.0,1.440e-122,353.0
m0212,m0241,45.5,1.180e-73,224.0
m0212,m0242,37.8,5.110e-55,176.0
m0212,m0243,57.8,3.390e-114,332.0
m0212,m0244,43.5,1.250e-66,206.0
m0212,m0246,48.9,3.290e-84,251.0
m0212,m0247,67.8,1.780e-149,421.0
m0212,m0248,38.2,3.660e-50,163.0
m0212,m0251,41.5,2.110e-64,199.0
m0212,m0253,61.4,5.850e-130,373.0
m0212,m0258,64.4,3.520e-135,385.0
m0212,m0261,46.0,1.470e-78,236.0
m0212,m0263,40.3,7.360e-61,191.0
m0212,m0264,30.1,3.910e-10,53.9
m0212,m0266,56.6,2.840e-109,314.0
m0212,m0267,47.9,2.590e-77,231.0
m0212,m0271,47.8,5.200e-88,261.0
m0212,m0272,43.6,3.120e-77,233.0
m0212,m0273,30.9,2.920e-31,115.0
m0212,m0276,61.3,2.790e-131,376.0
m0212,m0278,65.2,3.000e-131,375.0
m0212,m0280,61.2,5.720e-125,358.0
m0212,m0281,60.4,1.970e-129,370.0
m0212,m0282,40.0,3.060e-50,161.0
m0212,m0284,38.5,6.720e-50,162.0
m0212,m0287,32.0,1.670e-25,98.2
m0212,m0290,38.2,1.460e-53,172.0
m0212,m0292,45.3,2.140e-67,207.0
m0212,m0293,57.5,4.240e-113,329.0
m0212,m0294,72.9,2.780e-154,429.0
m0212,m0295,54.1,7.980e-100,294.0
m0212,m0297,50.6,4.450e-87,258.0
m0212,m0303,42.6,1.520e-73,223.0
m0212,m0304,49.1,1.140e-86,257.0
m0212,m0309,49.3,1.920e-76,231.0
m0212,m0311,38.7,3.190e-55,176.0
m0212,m0312,40.2,1.730e-52,168.0
m0212,m0314,58.9,7.140e-129,370.0
m0212,m0315,46.2,1.050e-74,226.0
m0212,m0317,49.5,8.300e-87,257.0
m0212,m0318,53.0,1.220e-113,331.0
m0212,m0320,61.1,9.850e-123,353.0
m0212,m0322,59.6,3.160e-131,376.0
m0212,m0324,58.6,1.960e-114,328.0
m0212,m0328,69.5,1.440e-148,416.0
m0212,m0329,48.7,8.730e-74,223.0
m0212,m0331,61.0,1.750e-130,373.0
m0212,m0332,51.5,3.400e-92,271.0
m0212,m0333,58.8,3.820e-132,379.0
m0212,m0335,43.5,1.160e-57,182.0
m0212,m0336,68.8,2.730e-142,399.0
m0212,m0337,49.1,9.800e-83,246.0
m0212,m0339,63.1,1.210e-132,380.0
m0212,m0340,55.1,3.940e-111,319.0
m0212,m0343,42.6,3.950e-56,178.0
m0212,m0344,60.9,2.210e-136,390.0
m0212,m0345,46.7,9.580e-78,234.0
m0212,m0347,59.1,5.040e-129,371.0
m0212,m0348,60.5,1.270e-131,377.0
m0212,m0349,59.4,7.690e-131,375.0
m0212,m0351,38.8,1.750e-51,167.0
m0212,m0354,42.4,1.070e-62,195.0
m0212,m0356,39.2,6.280e-54,173.0
m0212,m0363,58.3,1.510e-129,372.0
m0212,m0364,40.2,5.480e-61,191.0
m0212,m0365,46.3,6.940e-77,231.0
m0212,m0368,47.6,2.610e-82,246.0
m0212,m0369,33.3,5.760e-31,114.0
m0212,m0370,60.8,2.960e-129,365.0
m0212,m0371,36.4,1.120e-40,141.0
m0212,m0372,46.3,3.430e-72,219.0
m0212,m0377,47.0,1.620e-75,228.0
m0212,m0378,59.0,4.070e-128,369.0
m0212,m0380,52.0,3.500e-88,260.0
m0212,m0382,49.6,1.090e-76,231.0
m0212,m0383,36.2,4.600e-53,171.0
m0212,m0385,39.5,1.910e-53,172.0
m0212,m0387,38.6,1.150e-54,174.0
m0212,m0388,48.9,5.360e-75,228.0
m0212,m0390,52.2,3.800e-89,263.0
m0212,m0393,59.5,1.140e-129,373.0
m0212,m0394,49.5,3.620e-87,258.0
m0212,m0397,53.2,5.620e-112,328.0
m0212,m0399,59.6,3.210e-132,378.0
m0212,m0401,52.5,8.070e-93,272.0
m0212,m0404,53.7,5.700e-111,320.0
m0212,m0405,56.9,5.980e-109,317.0
m0212,m0407,41.7,9.590e-62,193.0
m0212,m0409,39.3,4.440e-56,179.0
m0212,m0411,48.1,2.240e-87,259.0
m0213,m0214,83.6,1.650e-265,721.0
m0213,m0215,62.1,1.490e-168,474.0
m0213,m0225,59.2,3.550e-163,461.0
m0213,m0226,86.2,6.690e-265,719.0
m0213,m0227,30.8,2.860e-14,66.6
m0213,m0228,51.7,2.000e-84,253.0
m0213,m0229,45.5,2.760e-84,254.0
m0213,m0230,45.8,1.500e-83,252.0
m0213,m0231,48.1,1.260e-86,261.0
m0213,m0232,50.5,3.740e-87,261.0
m0213,m0233,50.2,1.410e-85,257.0
m0213,m0235,56.2,8.710e-122,352.0
m0213,m0236,58.5,5.560e-159,449.0
m0213,m0241,43.5,5.510e-72,223.0
m0213,m0242,37.0,7.350e-50,165.0
m0213,m0243,53.6,4.550e-149,424.0
m0213,m0244,43.9,1.950e-68,213.0
m0213,m0246,49.3,1.420e-87,263.0
m0213,m0247,67.8,1.170e-146,417.0
m0213,m0248,39.5,1.730e-50,167.0
m0213,m0251,43.3,7.240e-68,211.0
m0213,m0253,82.9,3.740e-263,715.0
m0213,m0258,72.5,7.090e-154,436.0
m0213,m0261,44.3,1.350e-80,245.0
m0213,m0263,41.0,1.460e-58,188.0
m0213,m0266,62.4,5.760e-120,345.0
m0213,m0267,47.5,2.010e-74,227.0
m0213,m0271,47.8,5.970e-86,259.0
m0213,m0272,44.8,2.690e-73,226.0
m0213,m0273,36.0,5.220e-35,127.0
m0213,m0276,56.2,1.620e-157,447.0
m0213,m0277,30.8,4.190e-15,68.9
m0213,m0278,56.8,1.840e-136,392.0
m0213,m0280,57.3,1.140e-135,389.0
m0213,m0281,56.0,4.420e-150,427.0
m0213,m0282,39.7,7.560e-50,163.0
m0213,m0284,38.2,2.490e-48,160.0
m0213,m0287,31.5,2.040e-29,110.0
m0213,m0290,40.1,1.200e-51,170.0
m0213,m0292,47.6,6.590e-69,214.0
m0213,m0293,53.6,1.710e-152,434.0
m0213,m0294,66.6,1.270e-135,385.0
m0213,m0295,55.6,1.110e-107,318.0
m0213,m0297,54.6,2.710e-93,277.0
m0213,m0303,45.7,4.620e-76,233.0
m0213,m0304,50.2,8.150e-86,258.0
m0213,m0309,47.2,3.020e-76,234.0
m0213,m0311,39.8,1.490e-52,172.0
m0213,m0312,38.8,1.100e-48,161.0
m0213,m0314,83.8,4.920e-264,717.0
m0213,m0315,45.2,2.500e-73,226.0
m0213,m0317,51.9,2.860e-92,274.0
m0213,m0318,49.7,1.950e-107,319.0
m0213,m0320,57.1,3.530e-147,419.0
m0213,m0322,83.8,1.380e-259,706.0
m0213,m0324,60.9,4.980e-121,348.0
m0213,m0328,60.6,1.930e-131,376.0
m0213,m0329,46.4,1.400e-69,215.0
m0213,m0331,55.2,1.130e-137,395.0
m0213,m0332,53.8,6.300e-95,281.0
m0213,m0333,83.3,7.300e-267,725.0
m0213,m0335,43.8,4.590e-58,186.0
m0213,m0336,62.1,9.870e-130,371.0
m0213,m0337,49.3,5.210e-78,237.0
m0213,m0339,56.7,6.120e-160,453.0
m0213,m0340,61.0,4.280e-119,343.0
m0213,m0343,41.7,8.320e-56,180.0
m0213,m0344,83.2,3.450e-265,721.0
m0213,m0345,48.1,1.080e-77,237.0
m0213,m0347,85.6,1.870e-275,746.0
m0213,m0348,84.7,2.140e-269,731.0
m0213,m0349,58.4,7.130e-133,384.0
m0213,m0351,37.7,6.490e-51,168.0
m0213,m0354,41.9,2.400e-59,189.0
m0213,m0356,42.5,3.720e-52,171.0
m0213,m0363,84.7,2.130e-261,710.0
m0213,m0364,40.9,2.550e-60,192.0
m0213,m0365,46.3,2.990e-73,225.0
m0213,m0368,45.6,6.080e-76,233.0
m0213,m0369,36.2,2.730e-34,125.0
m0213,m0370,59.8,2.080e-118,342.0
m0213,m0371,34.9,4.970e-37,134.0
m0213,m0372,46.2,2.880e-74,228.0
m0213,m0377,45.3,3.080e-73,226.0
m0213,m0378,84.5,9.370e-269,729.0
m0213,m0380,48.6,2.860e-80,243.0
m0213,m0382,47.2,2.110e-74,228.0
m0213,m0383,37.7,4.150e-49,163.0
m0213,m0385,40.1,3.130e-56,182.0
m0213,m0387,35.6,1.820e-47,158.0
m0213,m0388,46.9,1.680e-77,237.0
m0213,m0390,53.5,7.840e-88,263.0
m0213,m0393,81.8,1.800e-261,711.0
m0213,m0394,51.1,5.180e-83,251.0
m0213,m0397,51.5,4.050e-145,416.0
m0213,m0399,68.6,1.480e-184,515.0
m0213,m0401,51.9,5.430e-93,276.0
m0213,m0404,50.6,1.400e-115,336.0
m0213,m0405,63.4,1.470e-127,368.0
m0213,m0407,38.9,2.300e-61,195.0
m0213,m0409,39.9,3.550e-50,166.0
m0213,m0411,47.9,8.980e-89,266.0
m0214,m0215,62.6,4.190e-188,525.0
m0214,m0225,58.6,4.430e-184,515.0
m0214,m0226,83.8,2.000e-279,758.0
m0214,m0227,33.7,1.070e-11,58.9
m0214,m0228,50.6,3.960e-82,248.0
m0214,m0229,47.7,2.460e-83,253.0
m0214,m0230,46.7,2.310e-80,245.0
m0214,m0231,45.3,6.240e-82,250.0
m0214,m0232,52.4,2.140e-87,263.0
m0214,m0233,51.9,1.420e-86,261.0
m0214,m0235,61.1,1.640e-121,353.0
m0214,m0236,56.4,2.010e-164,465.0
m0214,m0241,42.8,2.280e-67,212.0
m0214,m0242,35.8,9.140e-48,160.0
m0214,m0243,52.0,2.020e-155,442.0
m0214,m0244,44.3,3.010e-67,211.0
m0214,m0246,50.2,1.140e-84,256.0
m0214,m0247,59.5,4.460e-149,425.0
m0214,m0248,40.1,5.730e-49,164.0
m0214,m0251,44.0,4.350e-66,208.0
m0214,m0253,87.8,1.200e-309,835.0
m0214,m0258,69.4,5.450e-151,431.0
m0214,m0261,43.7,1.290e-78,241.0
m0214,m0263,39.5,1.610e-55,181.0
m0214,m0265,30.0,2.320e-10,53.5
m0214,m0266,60.4,8.660e-119,343.0
m0214,m0267,46.7,1.170e-73,226.0
m0214,m0271,46.7,2.080e-81,248.0
m0214,m0272,45.9,3.950e-73,226.0
m0214,m0273,37.2,1.010e-36,132.0
m0214,m0276,53.5,1.270e-162,462.0
m0214,m0277,32.0,5.250e-17,74.7
m0214,m0278,57.9,1.460e-135,392.0
m0214,m0280,52.2,1.460e-133,385.0
m0214,m0281,52.9,3.200e-155,442.0
m0214,m0282,40.9,4.160e-51,167.0
m0214,m0284,38.4,5.480e-48,160.0
m0214,m0287,31.0,5.680e-29,109.0
m0214,m0290,40.8,3.350e-54,177.0
m0214,m0292,45.7,9.330e-69,214.0
m0214,m0293,50.3,2.210e-153,437.0
m0214,m0294,67.6,1.070e-131,377.0
m0214,m0295,47.7,2.260e-103,308.0
m0214,m0297,55.8,9.040e-93,277.0
m0214,m0303,45.0,2.370e-73,227.0
m0214,m0304,48.0,1.010e-81,249.0
m0214,m0309,45.4,1.980e-74,231.0
m0214,m0311,39.2,1.610e-54,178.0
m0214,m0312,38.2,6.320e-49,162.0
m0214,m0314,87.4,1.880e-302,816.0
m0214,m0315,43.6,4.140e-68,214.0
m0214,m0317,49.8,1.060e-87,264.0
m0214,m0318,47.2,2.080e-112,333.0
m0214,m0320,56.1,1.690e-160,455.0
m0214,m0322,83.1,1.420e-281,763.0
m0214,m0324,59.9,1.390e-117,341.0
m0214,m0328,61.7,1.390e-128,370.0
m0214,m0329,44.5,5.660e-65,204.0
m0214,m0331,54.6,4.470e-137,395.0
m0214,m0332,53.5,1.070e-91,275.0
m0214,m0333,85.7,1.270e-301,815.0
m0214,m0335,42.9,9.370e-56,181.0
m0214,m0336,61.8,1.240e-127,367.0
m0214,m0337,48.6,3.470e-76,234.0
m0214,m0339,54.1,4.180e-166,471.0
m0214,m0340,59.5,8.340e-116,336.0
m0214,m0343,41.5,1.160e-53,175.0
m0214,m0344,85.5,3.640e-301,813.0
m0214,m0345,49.0,2.090e-78,240.0
m0214,m0347,87.4,2.060e-306,827.0
m0214,m0348,85.4,1.120e-298,807.0
m0214,m0349,49.1,1.360e-130,380.0
m0214,m0351,39.1,3.350e-54,177.0
m0214,m0354,40.8,3.100e-59,190.0
m0214,m0356,41.0,2.480e-50,167.0
m0214,m0363,82.9,9.450e-278,753.0
m0214,m0364,39.6,2.930e-57,185.0
m0214,m0365,45.1,2.210e-73,227.0
m0214,m0368,45.5,5.600e-74,229.0
m0214,m0369,37.7,3.830e-36,131.0
m0214,m0370,61.9,2.190e-117,340.0
m0214,m0371,34.7,3.510e-37,135.0
m0214,m0372,45.1,1.130e-70,220.0
m0214,m0377,46.9,3.540e-72,224.0
m0214,m0378,86.7,3.790e-302,816.0
m0214,m0380,48.5,1.530e-77,238.0
m0214,m0382,46.5,1.170e-70,220.0
m0214,m0383,36.5,3.130e-51,170.0
m0214,m0385,38.3,7.100e-51,169.0
m0214,m0387,36.3,1.950e-48,162.0
m0214,m0388,46.1,7.170e-77,237.0
m0214,m0390,53.2,1.430e-89,269.0
m0214,m0393,83.2,3.350e-291,788.0
m0214,m0394,49.5,1.010e-80,246.0
m0214,m0396,30.4,9.430e-17,73.6
m0214,m0397,51.9,6.700e-155,443.0
m0214,m0399,76.6,2.830e-190,531.0
m0214,m0401,52.4,5.680e-94,280.0
m0214,m0404,49.2,2.670e-112,329.0
m0214,m0405,59.1,8.350e-124,360.0
m0214,m0407,41.4,1.020e-62,199.0
m0214,m0409,39.9,3.800e-52,172.0
m0214,m0411,49.0,6.520e-87,263.0
m0215,m0225,90.2,1.030e-282,763.0
m0215,m0226,61.2,1.650e-185,518.0
m0215,m0227,31.1,7.390e-12,59.3
m0215,m0228,52.5,1.410e-76,233.0
m0215,m0229,47.6,9.820e-70,217.0
m0215,m0230,49.2,4.500e-74,228.0
m0215,m0231,46.6,3.220e-72,224.0
m0215,m0232,49.1,1.020e-75,232.0
m0215,m0233,54.7,7.690e-77,234.0
m0215,m0235,67.8,1.350e-136,389.0
m0215,m0236,57.1,6.220e-156,441.0
m0215,m0241,48.1,1.650e-68,213.0
m0215,m0242,40.3,4.360e-50,165.0
m0215,m0243,54.5,7.120e-146,416.0
m0215,m0244,44.0,9.770e-63,198.0
m0215,m0246,52.5,4.390e-78,238.0
m0215,m0247,54.4,1.920e-130,376.0
m0215,m0248,40.9,9.630e-52,170.0
m0215,m0251,46.0,1.710e-59,189.0
m0215,m0253,65.0,1.040e-194,541.0
m0215,m0258,62.8,9.560e-124,359.0
m0215,m0261,48.8,6.740e-69,214.0
m0215,m0263,42.6,3.280e-58,187.0
m0215,m0264,30.1,6.000e-14,65.9
m0215,m0266,58.8,3.080e-99,292.0
m0215,m0267,47.9,1.680e-67,209.0
m0215,m0271,49.4,1.390e-72,224.0
m0215,m0272,47.1,7.050e-68,211.0
m0215,m0273,30.2,1.290e-36,131.0
m0215,m0276,63.3,1.270e-181,508.0
m0215,m0278,64.3,1.570e-127,369.0
m0215,m0280,52.7,6.570e-117,341.0
m0215,m0281,60.6,7.630e-171,479.0
m0215,m0282,42.8,1.620e-50,164.0
m0215,m0284,39.4,1.120e-47,159.0
m0215,m0290,37.3,5.700e-50,165.0
m0215,m0292,46.7,2.180e-64,202.0
m0215,m0293,52.5,5.180e-139,399.0
m0215,m0294,74.3,4.310e-144,407.0
m0215,m0295,45.1,4.290e-84,257.0
m0215,m0297,52.2,3.880e-76,233.0
m0215,m0303,46.5,1.020e-65,206.0
m0215,m0304,48.5,1.090e-74,229.0
m0215,m0309,51.3,1.680e-76,234.0
m0215,m0311,39.5,7.950e-49,162.0
m0215,m0312,38.0,1.080e-45,153.0
m0215,m0314,63.4,3.470e-191,533.0
m0215,m0315,46.4,7.190e-67,209.0
m0215,m0317,53.5,8.210e-81,244.0
m0215,m0318,45.8,3.270e-103,308.0
m0215,m0320,61.9,3.820e-169,475.0
m0215,m0322,63.4,1.000e-193,538.0
m0215,m0324,57.4,4.270e-99,292.0
m0215,m0328,73.3,5.780e-141,400.0
m0215,m0329,50.2,5.030e-71,218.0
m0215,m0331,51.2,4.750e-116,340.0
m0215,m0332,54.2,3.640e-83,251.0
m0215,m0333,61.8,9.280e-190,529.0
m0215,m0335,43.8,8.290e-52,169.0
m0215,m0336,75.1,2.240e-136,387.0
m0215,m0337,49.8,1.110e-71,221.0
m0215,m0339,63.1,2.220e-182,510.0
m0215,m0340,57.1,1.540e-101,298.0
m0215,m0343,44.6,2.030e-54,176.0
m0215,m0344,63.1,1.280e-194,541.0
m0215,m0345,49.1,7.470e-76,232.0
m0215,m0347,63.7,1.050e-192,536.0
m0215,m0348,63.8,5.970e-194,540.0
m0215,m0349,52.1,1.270e-117,345.0
m0215,m0351,37.9,1.480e-50,167.0
m0215,m0354,42.2,6.350e-57,183.0
m0215,m0356,39.1,2.330e-51,169.0
m0215,m0363,61.4,5.010e-187,521.0
m0215,m0364,41.0,7.970e-56,180.0
m0215,m0365,46.8,5.790e-71,219.0
m0215,m0368,47.8,6.740e-76,232.0
m0215,m0369,32.8,7.790e-32,118.0
m0215,m0370,63.8,2.730e-119,343.0
m0215,m0371,35.3,1.540e-36,132.0
m0215,m0372,46.4,7.980e-65,203.0
m0215,m0377,49.6,9.770e-66,206.0
m0215,m0378,63.2,1.210e-191,534.0
m0215,m0380,52.1,5.590e-78,237.0
m0215,m0382,47.0,2.100e-65,205.0
m0215,m0383,39.2,1.520e-45,154.0
m0215,m0385,43.2,6.580e-57,184.0
m0215,m0387,42.3,1.580e-52,171.0
m0215,m0388,50.4,3.680e-67,210.0
m0215,m0390,52.4,5.450e-77,235.0
m0215,m0393,62.2,7.990e-192,535.0
m0215,m0394,49.1,1.120e-76,234.0
m0215,m0397,53.6,3.720e-156,444.0
m0215,m0399,52.9,1.480e-121,355.0
m0215,m0401,52.2,4.410e-81,245.0
m0215,m0404,54.8,1.080e-120,348.0
m0215,m0405,59.2,2.310e-94,283.0
m0215,m0407,42.9,2.400e-58,187.0
m0215,m0409,38.3,3.420e-47,158.0
m0215,m0411,47.8,1.340e-73,227.0
m0216,m0394,30.1,2.960e-06,41.2
m0217,m0248,31.9,1.960e-09,52.0
m0217,m0290,33.0,6.180e-11,56.6
m0217,m0351,32.1,2.590e-11,57.8
m0217,m0382,31.8,3.070e-09,51.2
m0217,m0409,31.3,3.880e-10,54.3
m0218,m0219,40.1,1.700e-68,213.0
m0218,m0224,33.2,6.260e-26,101.0
m0218,m0240,36.1,2.490e-54,176.0
m0218,m0250,30.9,4.190e-27,103.0
m0218,m0255,31.6,2.960e-26,100.0
m0218,m0268,39.2,3.760e-66,207.0
m0218,m0275,30.0,2.870e-29,109.0
m0218,m0286,32.9,7.460e-28,106.0
m0218,m0316,30.6,2.510e-27,104.0
m0218,m0321,36.2,2.970e-39,136.0
m0218,m0353,34.8,1.680e-31,114.0
m0218,m0357,30.0,3.390e-27,103.0
m0218,m0361,30.3,2.680e-19,81.3
m0218,m0379,42.7,2.560e-71,221.0
m0218,m0384,30.7,3.560e-24,95.5
m0218,m0389,31.6,1.040e-21,88.6
m0218,m0403,31.6,2.860e-23,93.2
m0218,m0412,31.4,5.250e-29,108.0
m0219,m0220,31.7,1.620e-28,107.0
m0219,m0224,34.2,1.010e-26,102.0
m0219,m0240,46.2,1.930e-80,242.0
m0219,m0245,31.2,8.910e-33,118.0
m0219,m0250,30.6,5.320e-30,110.0
m0219,m0255,32.9,1.360e-26,100.0
m0219,m0268,57.7,4.020e-128,364.0
m0219,m0275,30.4,9.070e-34,121.0
m0219,m0286,32.2,1.760e-31,115.0
m0219,m0316,33.3,3.200e-30,112.0
m0219,m0321,34.4,1.290e-42,144.0
m0219,m0353,32.2,2.450e-26,100.0
m0219,m0357,35.5,2.980e-33,119.0
m0219,m0379,59.2,1.060e-136,387.0
m0219,m0384,33.7,2.680e-26,100.0
m0219,m0386,33.8,1.730e-30,112.0
m0219,m0389,31.0,4.510e-30,111.0
m0219,m0412,30.6,1.590e-28,107.0
m0220,m0224,35.6,1.840e-42,145.0
m0220,m0240,31.9,3.080e-29,108.0
m0220,m0245,37.5,1.890e-57,183.0
m0220,m0250,37.1,4.870e-46,152.0
m0220,m0255,34.4,6.440e-41,139.0
m0220,m0268,31.8,7.750e-25,97.1
m0220,m0275,41.4,1.720e-65,204.0
m0220,m0283,33.0,1.930e-39,137.0
m0220,m0286,42.2,2.470e-65,204.0
m0220,m0316,42.0,1.260e-51,168.0
m0220,m0321,39.0,8.390e-66,204.0
m0220,m0353,37.3,1.080e-46,154.0
m0220,m0357,34.8,3.450e-42,142.0
m0220,m0361,34.6,9.270e-34,120.0
m0220,m0379,32.2,6.720e-31,114.0
m0220,m0384,30.2,1.960e-30,112.0
m0220,m0386,36.4,5.430e-57,182.0
m0220,m0389,37.2,4.120e-56,179.0
m0220,m0403,36.2,1.820e-48,160.0
m0220,m0412,37.2,2.590e-57,182.0
m0221,m0395,39.9,1.110e-83,256.0
m0222,m0262,59.1,8.670e-195,545.0
m0222,m0270,37.9,4.620e-79,249.0
m0222,m0306,36.3,1.640e-68,221.0
m0222,m0326,38.2,1.990e-77,244.0
m0223,m0288,42.0,6.840e-124,365.0
m0223,m0391,33.0,2.710e-36,135.0
m0223,m0398,31.4,3.940e-61,201.0
m0223,m0410,32.0,1.900e-65,214.0
m0224,m0240,31.2,9.500e-23,91.3
m0224,m0245,35.3,6.670e-54,175.0
m0224,m0250,35.8,4.310e-46,154.0
m0224,m0255,37.9,2.130e-39,135.0
m0224,m0268,32.7,1.250e-27,105.0
m0224,m0275,37.6,1.560e-63,200.0
m0224,m0283,34.6,4.400e-50,166.0
m0224,m0286,43.4,1.610e-56,183.0
m0224,m0316,39.1,8.300e-65,204.0
m0224,m0321,42.2,1.460e-70,218.0
m0224,m0353,38.8,1.250e-47,157.0
m0224,m0357,39.2,2.470e-54,175.0
m0224,m0361,38.6,4.890e-50,164.0
m0224,m0379,31.2,6.230e-28,106.0
m0224,m0384,34.9,7.350e-38,132.0
m0224,m0386,36.8,1.040e-52,172.0
m0224,m0389,39.7,1.030e-56,182.0
m0224,m0403,41.8,2.540e-77,236.0
m0224,m0412,38.7,4.120e-51,167.0
m0225,m0226,59.1,3.520e-181,507.0
m0225,m0227,31.1,5.660e-12,59.7
m0225,m0228,52.9,5.150e-77,234.0
m0225,m0229,44.5,3.360e-74,229.0
m0225,m0230,46.4,5.270e-76,233.0
m0225,m0231,44.5,2.980e-73,227.0
m0225,m0232,47.1,1.510e-78,239.0
m0225,m0233,53.0,2.270e-79,241.0
m0225,m0235,62.3,6.120e-136,388.0
m0225,m0236,55.8,5.750e-155,439.0
m0225,m0241,46.7,3.860e-70,218.0
m0225,m0242,40.1,2.120e-50,166.0
m0225,m0243,51.4,6.590e-145,414.0
m0225,m0244,41.6,1.930e-62,198.0
m0225,m0246,49.3,5.160e-80,243.0
m0225,m0247,65.4,9.090e-127,367.0
m0225,m0248,40.9,1.610e-53,175.0
m0225,m0251,43.3,2.360e-59,189.0
m0225,m0253,61.9,1.110e-190,532.0
m0225,m0258,61.5,1.570e-120,352.0
m0225,m0261,45.7,3.610e-72,223.0
m0225,m0263,40.7,1.160e-58,188.0
m0225,m0266,53.9,1.650e-99,293.0
m0225,m0267,48.3,6.050e-68,211.0
m0225,m0271,48.3,1.160e-74,230.0
m0225,m0272,44.0,6.470e-69,214.0
m0225,m0273,30.4,2.210e-36,131.0
m0225,m0276,60.9,8.720e-181,506.0
m0225,m0278,53.0,1.640e-125,365.0
m0225,m0280,51.9,4.110e-116,340.0
m0225,m0281,58.3,7.260e-170,478.0
m0225,m0282,42.3,4.250e-50,164.0
m0225,m0284,37.4,6.420e-51,167.0
m0225,m0290,37.5,8.410e-54,176.0
m0225,m0292,44.7,3.670e-62,196.0
m0225,m0293,52.1,9.980e-143,409.0
m0225,m0294,73.2,5.180e-146,412.0
m0225,m0295,49.0,6.140e-81,249.0
m0225,m0297,49.3,1.620e-78,239.0
m0225,m0303,44.3,1.390e-69,216.0
m0225,m0304,49.5,2.290e-77,237.0
m0225,m0309,45.8,1.680e-73,227.0
m0225,m0311,38.3,7.160e-50,165.0
m0225,m0312,39.5,6.510e-48,159.0
m0225,m0314,61.1,1.370e-189,529.0
m0225,m0315,43.7,4.680e-68,213.0
m0225,m0317,51.3,1.920e-82,249.0
m0225,m0318,45.3,3.280e-101,303.0
m0225,m0320,57.1,8.940e-164,462.0
m0225,m0322,59.3,2.340e-186,520.0
m0225,m0324,53.9,5.050e-101,297.0
m0225,m0328,68.2,1.610e-141,402.0
m0225,m0329,50.2,7.220e-71,218.0
m0225,m0331,50.1,9.220e-117,342.0
m0225,m0332,53.5,3.810e-86,259.0
m0225,m0333,60.6,2.580e-188,526.0
m0225,m0335,39.8,1.110e-51,169.0
m0225,m0336,70.9,1.540e-137,391.0
m0225,m0337,48.1,1.130e-71,221.0
m0225,m0339,61.0,6.550e-183,512.0
m0225,m0340,55.3,2.920e-102,300.0
m0225,m0343,44.2,1.500e-53,174.0
m0225,m0344,60.6,9.630e-191,532.0
m0225,m0345,49.5,5.460e-76,233.0
m0225,m0347,62.0,3.910e-189,528.0
m0225,m0348,61.2,9.010e-190,530.0
m0225,m0349,49.3,6.710e-113,333.0
m0225,m0351,37.2,1.330e-51,170.0
m0225,m0354,40.8,1.470e-58,187.0
m0225,m0356,38.9,1.330e-48,162.0
m0225,m0363,59.1,1.310e-183,513.0
m0225,m0364,40.7,5.940e-55,178.0
m0225,m0365,44.8,1.490e-71,221.0
m0225,m0368,47.5,1.750e-76,234.0
m0225,m0369,32.0,4.550e-31,116.0
m0225,m0370,63.4,6.050e-119,343.0
m0225,m0371,35.2,1.940e-36,132.0
m0225,m0372,44.9,6.630e-67,209.0
m0225,m0377,46.2,1.260e-66,209.0
m0225,m0378,61.1,3.190e-188,526.0
m0225,m0380,55.0,1.150e-77,237.0
m0225,m0382,47.5,1.060e-65,206.0
m0225,m0383,37.9,2.770e-45,153.0
m0225,m0385,42.0,5.550e-59,189.0
m0225,m0387,39.4,5.140e-54,176.0
m0225,m0388,47.3,1.330e-67,212.0
m0225,m0390,51.0,2.000e-77,236.0
m0225,m0393,60.2,1.040e-188,527.0
m0225,m0394,47.0,2.570e-75,231.0
m0225,m0397,51.1,2.470e-150,430.0
m0225,m0399,50.5,1.410e-117,345.0
m0225,m0401,50.6,8.190e-82,248.0
m0225,m0404,52.1,3.380e-120,348.0
m0225,m0405,56.6,3.900e-96,288.0
m0225,m0407,41.8,7.830e-60,191.0
m0225,m0409,36.1,4.130e-49,164.0
m0225,m0411,47.2,2.280e-78,239.0
m0226,m0227,32.3,2.990e-14,66.6
m0226,m0228,52.9,1.190e-85,257.0
m0226,m0229,51.1,2.960e-86,260.0
m0226,m0230,46.5,1.580e-82,250.0
m0226,m0231,48.2,8.560e-87,262.0
m0226,m0232,50.9,1.420e-89,268.0
m0226,m0233,50.9,3.740e-91,272.0
m0226,m0235,61.4,2.460e-116,339.0
m0226,m0236,56.3,3.000e-164,464.0
m0226,m0241,45.7,3.220e-73,226.0
m0226,m0242,35.8,6.480e-48,160.0
m0226,m0243,51.0,1.510e-155,442.0
m0226,m0244,45.0,7.990e-70,218.0
m0226,m0246,49.7,1.920e-87,263.0
m0226,m0247,71.0,1.180e-154,439.0
m0226,m0248,38.2,2.880e-49,164.0
m0226,m0251,44.7,1.350e-70,219.0
m0226,m0253,82.7,1.300e-276,750.0
m0226,m0258,72.3,5.050e-152,432.0
m0226,m0261,45.7,5.090e-83,252.0
m0226,m0263,39.2,2.000e-56,183.0
m0226,m0265,30.2,4.150e-10,52.8
m0226,m0266,59.6,1.440e-115,335.0
m0226,m0267,50.2,2.370e-78,238.0
m0226,m0271,50.2,9.040e-88,264.0
m0226,m0272,45.2,2.710e-72,224.0
m0226,m0273,36.3,2.720e-35,128.0
m0226,m0276,55.0,6.140e-166,469.0
m0226,m0277,31.0,2.250e-16,72.8
m0226,m0278,56.5,7.480e-139,399.0
m0226,m0280,62.3,4.490e-133,384.0
m0226,m0281,53.2,9.010e-158,447.0
m0226,m0282,40.9,1.470e-51,168.0
m0226,m0284,39.9,1.290e-50,167.0
m0226,m0287,31.5,2.150e-31,116.0
m0226,m0290,38.5,5.000e-52,171.0
m0226,m0292,47.3,1.650e-68,213.0
m0226,m0293,50.9,1.170e-153,437.0
m0226,m0294,65.0,8.230e-132,377.0
m0226,m0295,53.4,3.210e-104,310.0
m0226,m0297,54.0,5.850e-95,282.0
m0226,m0303,47.1,3.440e-78,239.0
m0226,m0304,52.1,4.380e-88,265.0
m0226,m0309,46.9,3.940e-76,234.0
m0226,m0311,40.3,2.140e-54,177.0
m0226,m0312,37.2,8.290e-50,164.0
m0226,m0314,85.1,1.960e-283,768.0
m0226,m0315,45.2,8.150e-74,228.0
m0226,m0317,50.5,5.540e-92,274.0
m0226,m0318,51.5,1.660e-106,318.0
m0226,m0320,55.1,1.450e-159,452.0
m0226,m0322,84.6,1.610e-287,777.0
m0226,m0324,59.2,7.690e-118,341.0
m0226,m0328,64.2,2.110e-123,356.0
m0226,m0329,47.1,2.040e-71,220.0
m0226,m0331,61.1,3.900e-136,392.0
m0226,m0332,51.4,5.540e-93,277.0
m0226,m0333,84.7,6.830e-285,771.0
m0226,m0335,44.6,5.060e-59,189.0
m0226,m0336,64.3,1.650e-123,356.0
m0226,m0337,50.0,7.730e-80,243.0
m0226,m0339,56.1,8.100e-169,477.0
m0226,m0340,57.3,4.060e-117,339.0
m0226,m0343,42.9,4.290e-58,186.0
m0226,m0344,83.8,2.170e-281,763.0
m0226,m0345,48.8,3.570e-78,239.0
m0226,m0347,85.6,7.170e-286,774.0
m0226,m0348,82.4,1.930e-278,755.0
m0226,m0349,62.4,9.060e-132,382.0
m0226,m0351,37.4,1.820e-52,172.0
m0226,m0354,41.7,2.660e-60,192.0
m0226,m0356,41.0,8.380e-52,171.0
m0226,m0363,91.3,1.810e-314,845.0
m0226,m0364,42.8,3.990e-61,194.0
m0226,m0365,47.0,1.740e-74,229.0
m0226,m0368,44.9,1.000e-76,235.0
m0226,m0369,36.6,1.490e-35,129.0
m0226,m0370,61.9,2.650e-119,345.0
m0226,m0371,36.4,2.240e-40,144.0
m0226,m0372,47.3,6.660e-75,230.0
m0226,m0377,46.4,2.290e-75,232.0
m0226,m0378,86.0,5.880e-285,771.0
m0226,m0380,50.7,6.810e-84,253.0
m0226,m0382,47.2,6.890e-75,230.0
m0226,m0383,35.7,5.640e-52,171.0
m0226,m0385,41.2,5.190e-56,182.0
m0226,m0387,36.1,1.310e-49,164.0
m0226,m0388,47.0,5.010e-79,242.0
m0226,m0390,55.0,1.040e-93,279.0
m0226,m0393,83.5,9.780e-279,756.0
m0226,m0394,50.9,1.390e-85,258.0
m0226,m0397,51.2,2.390e-155,443.0
m0226,m0399,78.0,7.530e-181,507.0
m0226,m0401,53.0,1.650e-94,281.0
m0226,m0404,48.9,2.990e-112,328.0
m0226,m0405,60.6,4.210e-122,355.0
m0226,m0407,42.0,8.540e-64,202.0
m0226,m0409,38.8,7.510e-51,169.0
m0226,m0411,51.5,1.720e-91,274.0
m0227,m0235,32.9,1.060e-12,61.6
m0227,m0236,30.7,1.840e-09,52.0
m0227,m0243,33.0,2.660e-15,69.7
m0227,m0253,34.6,4.290e-13,63.2
m0227,m0265,42.6,3.160e-49,157.0
m0227,m0272,30.5,4.270e-13,62.4
m0227,m0280,31.3,5.600e-10,53.5
m0227,m0290,30.1,7.350e-20,82.0
m0227,m0309,31.1,1.940e-16,72.4
m0227,m0311,30.1,4.730e-19,79.7
m0227,m0314,34.6,1.040e-12,62.0
m0227,m0318,30.6,1.310e-13,64.7
m0227,m0320,31.3,1.320e-11,58.5
m0227,m0322,31.9,1.350e-12,61.6
m0227,m0331,30.1,2.450e-09,51.6
m0227,m0333,35.0,1.280e-14,67.8
m0227,m0336,30.9,1.770e-11,57.8
m0227,m0344,35.0,3.090e-14,66.6
m0227,m0345,30.3,2.610e-17,74.7
m0227,m0347,34.6,9.940e-14,65.1
m0227,m0348,33.1,2.550e-11,57.8
m0227,m0349,31.1,4.500e-11,57.0
m0227,m0363,30.2,2.340e-13,63.9
m0227,m0377,30.6,4.100e-16,71.2
m0227,m0378,34.6,1.790e-13,64.3
m0227,m0387,30.1,1.640e-20,83.6
m0227,m0393,33.9,4.500e-12,60.1
m0227,m0397,33.3,2.200e-15,70.1
m0227,m0399,32.6,2.400e-12,60.8
m0227,m0404,31.7,2.010e-17,75.5
m0227,m0405,30.4,2.800e-12,60.5
m0227,m0407,30.5,4.520e-25,96.3
m0228,m0229,73.7,2.180e-144,401.0
m0228,m0230,59.8,5.860e-111,316.0
m0228,m0231,68.7,6.030e-131,368.0
m0228,m0232,66.1,2.510e-124,350.0
m0228,m0233,67.3,1.660e-128,360.0
m0228,m0235,49.6,7.830e-80,239.0
m0228,m0236,56.5,1.080e-90,269.0
m0228,m0241,66.0,5.600e-124,349.0
m0228,m0242,43.8,6.280e-72,217.0
m0228,m0243,50.0,4.530e-82,247.0
m0228,m0244,50.6,2.530e-90,264.0
m0228,m0246,75.2,9.630e-146,404.0
m0228,m0247,52.7,3.580e-85,254.0
m0228,m0248,49.1,4.140e-85,251.0
m0228,m0251,54.2,2.810e-94,273.0
m0228,m0253,50.2,9.750e-82,247.0
m0228,m0258,51.6,3.680e-85,254.0
m0228,m0261,76.2,3.820e-144,400.0
m0228,m0263,52.6,5.710e-88,258.0
m0228,m0266,54.7,1.580e-92,269.0
m0228,m0267,62.3,9.580e-115,324.0
m0228,m0271,71.3,2.560e-138,386.0
m0228,m0272,53.3,2.580e-91,266.0
m0228,m0273,33.9,5.180e-39,134.0
m0228,m0276,51.0,8.880e-84,252.0
m0228,m0278,49.6,4.380e-77,234.0
m0228,m0280,53.5,7.050e-87,258.0
m0228,m0281,51.5,1.700e-88,263.0
m0228,m0282,51.0,5.040e-79,233.0
m0228,m0284,44.4,8.900e-65,198.0
m0228,m0287,34.1,4.200e-39,132.0
m0228,m0290,49.6,2.440e-84,249.0
m0228,m0292,58.3,1.920e-109,311.0
m0228,m0293,51.9,1.490e-83,251.0
m0228,m0294,51.7,1.560e-88,259.0
m0228,m0295,56.4,1.090e-89,266.0
m0228,m0297,70.3,5.540e-138,384.0
m0228,m0303,60.6,7.060e-117,331.0
m0228,m0304,74.0,1.580e-148,412.0
m0228,m0309,63.4,5.070e-121,342.0
m0228,m0311,49.1,8.050e-85,250.0
m0228,m0312,47.3,1.110e-80,238.0
m0228,m0314,51.0,7.280e-82,248.0
m0228,m0315,67.2,1.190e-125,353.0
m0228,m0317,62.6,1.000e-116,330.0
m0228,m0318,47.5,4.030e-78,238.0
m0228,m0320,50.6,3.500e-83,249.0
m0228,m0322,51.7,9.230e-85,254.0
m0228,m0324,54.1,5.250e-93,271.0
m0228,m0328,51.0,2.260e-83,247.0
m0228,m0329,68.3,8.000e-129,360.0
m0228,m0331,54.6,2.040e-87,260.0
m0228,m0332,70.0,1.210e-132,371.0
m0228,m0333,51.4,1.020e-82,250.0
m0228,m0335,55.5,6.190e-91,265.0
m0228,m0336,52.9,3.520e-89,261.0
m0228,m0337,70.2,7.330e-138,384.0
m0228,m0339,51.3,7.910e-85,255.0
m0228,m0340,54.1,1.130e-91,267.0
m0228,m0343,54.4,3.380e-96,278.0
m0228,m0344,50.6,4.060e-82,248.0
m0228,m0345,55.6,3.590e-100,289.0
m0228,m0347,50.2,7.280e-82,248.0
m0228,m0348,51.0,6.910e-82,248.0
m0228,m0349,54.0,4.320e-87,261.0
m0228,m0351,49.3,5.290e-86,253.0
m0228,m0354,49.2,1.790e-83,246.0
m0228,m0356,49.6,1.590e-86,254.0
m0228,m0363,51.4,2.380e-82,248.0
m0228,m0364,58.2,7.320e-104,298.0
m0228,m0365,55.3,1.870e-104,299.0
m0228,m0368,54.9,6.450e-105,301.0
m0228,m0369,34.4,2.210e-36,127.0
m0228,m0370,51.5,4.620e-87,256.0
m0228,m0371,34.7,3.260e-44,149.0
m0228,m0372,61.3,1.460e-111,317.0
m0228,m0377,73.4,1.580e-141,394.0
m0228,m0378,50.6,1.830e-82,249.0
m0228,m0380,76.1,9.070e-148,409.0
m0228,m0382,56.1,4.430e-106,303.0
m0228,m0383,45.5,1.730e-77,231.0
m0228,m0385,46.0,2.010e-77,231.0
m0228,m0387,43.5,1.380e-63,195.0
m0228,m0388,70.9,3.240e-135,378.0
m0228,m0390,68.7,2.250e-133,373.0
m0228,m0393,51.4,1.600e-82,249.0
m0228,m0394,67.2,2.440e-128,360.0
m0228,m0397,49.4,4.660e-79,241.0
m0228,m0399,51.4,8.800e-84,252.0
m0228,m0401,74.8,4.540e-144,400.0
m0228,m0404,46.4,2.540e-73,222.0
m0228,m0405,52.5,4.070e-86,256.0
m0228,m0407,45.4,1.890e-73,221.0
m0228,m0409,48.5,8.100e-83,245.0
m0228,m0411,74.8,1.940e-145,404.0
m0229,m0230,56.3,5.920e-111,318.0
m0229,m0231,61.9,7.210e-128,362.0
m0229,m0232,65.1,4.680e-132,372.0
m0229,m0233,65.3,2.980e-129,364.0
m0229,m0235,44.5,1.640e-81,245.0
m0229,m0236,51.8,4.790e-92,274.0
m0229,m0241,58.6,1.980e-117,335.0
m0229,m0242,44.6,6.800e-73,221.0
m0229,m0243,46.8,1.750e-84,255.0
m0229,m0244,49.5,1.490e-91,269.0
m0229,m0246,68.7,1.730e-144,403.0
m0229,m0247,51.3,9.750e-88,263.0
m0229,m0248,45.9,1.160e-81,244.0
m0229,m0251,54.9,8.580e-103,297.0
m0229,m0253,45.6,3.380e-82,250.0
m0229,m0258,49.6,5.710e-84,253.0
m0229,m0261,60.8,2.080e-125,355.0
m0229,m0263,49.1,7.140e-86,254.0
m0229,m0266,53.5,6.080e-97,282.0
m0229,m0267,62.8,2.110e-115,328.0
m0229,m0271,76.1,9.220e-170,468.0
m0229,m0272,51.1,5.640e-95,277.0
m0229,m0273,32.2,7.610e-33,119.0
m0229,m0276,48.8,3.120e-87,263.0
m0229,m0278,49.6,5.970e-80,243.0
m0229,m0280,49.1,3.910e-86,258.0
m0229,m0281,50.5,2.650e-90,270.0
m0229,m0282,47.8,2.780e-71,215.0
m0229,m0284,43.7,1.390e-73,223.0
m0229,m0287,31.7,9.210e-35,122.0
m0229,m0290,49.0,2.600e-91,268.0
m0229,m0292,59.9,3.260e-117,333.0
m0229,m0293,47.7,9.180e-88,264.0
m0229,m0294,50.0,1.520e-88,261.0
m0229,m0295,53.1,4.320e-89,266.0
m0229,m0297,65.5,4.070e-138,387.0
m0229,m0303,55.8,5.350e-114,325.0
m0229,m0304,72.3,3.440e-160,443.0
m0229,m0309,64.8,9.880e-129,364.0
m0229,m0311,49.1,1.710e-91,269.0
m0229,m0312,46.2,1.700e-78,234.0
m0229,m0314,45.4,5.030e-82,250.0
m0229,m0315,57.8,3.990e-117,334.0
m0229,m0317,63.7,4.290e-130,366.0
m0229,m0318,44.9,2.210e-80,245.0
m0229,m0320,47.6,1.700e-80,244.0
m0229,m0322,50.0,3.220e-85,258.0
m0229,m0324,51.2,1.370e-95,279.0
m0229,m0328,46.6,7.380e-87,258.0
m0229,m0329,61.8,1.290e-117,333.0
m0229,m0331,52.8,1.550e-92,275.0
m0229,m0332,62.9,6.810e-135,379.0
m0229,m0333,46.4,3.960e-82,250.0
m0229,m0335,47.0,1.070e-85,253.0
m0229,m0336,48.1,5.760e-93,273.0
m0229,m0337,67.6,2.560e-138,387.0
m0229,m0339,46.5,2.780e-88,266.0
m0229,m0340,52.2,6.200e-91,267.0
m0229,m0341,38.2,6.760e-06,40.8
m0229,m0343,52.7,2.020e-99,288.0
m0229,m0344,48.4,2.210e-81,248.0
m0229,m0345,52.2,1.070e-96,282.0
m0229,m0347,45.3,3.570e-82,250.0
m0229,m0348,45.9,3.030e-83,253.0
m0229,m0349,50.5,1.350e-91,274.0
m0229,m0351,48.4,1.480e-90,266.0
m0229,m0354,47.9,1.610e-83,248.0
m0229,m0356,47.3,4.270e-78,235.0
m0229,m0363,49.7,8.330e-86,259.0
m0229,m0364,57.1,6.440e-107,307.0
m0229,m0365,52.4,5.440e-101,292.0
m0229,m0368,52.1,1.690e-102,296.0
m0229,m0369,34.5,2.120e-34,123.0
m0229,m0370,48.6,1.100e-87,259.0
m0229,m0371,36.0,1.120e-47,159.0
m0229,m0372,62.3,1.790e-124,352.0
m0229,m0377,63.9,2.370e-134,377.0
m0229,m0378,46.9,1.410e-81,249.0
m0229,m0380,69.9,1.640e-141,395.0
m0229,m0382,62.6,4.080e-121,343.0
m0229,m0383,43.0,5.020e-79,237.0
m0229,m0385,47.5,1.600e-81,244.0
m0229,m0387,42.7,5.230e-76,229.0
m0229,m0388,63.5,1.260e-135,381.0
m0229,m0390,66.3,2.030e-134,377.0
m0229,m0393,47.1,3.120e-82,251.0
m0229,m0394,67.4,9.690e-145,404.0
m0229,m0397,45.6,1.140e-79,244.0
m0229,m0399,47.8,3.820e-82,249.0
m0229,m0401,72.1,4.120e-145,404.0
m0229,m0404,44.8,2.040e-77,234.0
m0229,m0405,49.6,3.870e-89,265.0
m0229,m0407,50.0,9.600e-89,261.0
m0229,m0409,46.3,4.640e-76,230.0
m0229,m0411,88.7,4.380e-203,552.0
m0230,m0231,56.4,2.690e-110,317.0
m0230,m0232,51.8,1.020e-96,281.0
m0230,m0233,50.7,8.430e-92,269.0
m0230,m0235,42.6,5.180e-77,233.0
m0230,m0236,46.9,2.390e-83,251.0
m0230,m0241,49.7,1.600e-96,281.0
m0230,m0242,44.2,1.770e-70,214.0
m0230,m0243,47.0,4.700e-78,238.0
m0230,m0244,47.3,1.010e-86,256.0
m0230,m0246,57.2,3.040e-116,331.0
m0230,m0247,46.7,3.030e-83,251.0
m0230,m0248,44.9,3.190e-70,214.0
m0230,m0251,43.8,3.070e-77,231.0
m0230,m0253,45.3,4.480e-79,242.0
m0230,m0258,50.5,9.660e-88,263.0
m0230,m0261,56.4,2.750e-113,324.0
m0230,m0263,45.8,1.430e-74,225.0
m0230,m0266,51.3,2.400e-91,268.0
m0230,m0267,55.5,1.780e-99,287.0
m0230,m0271,56.3,2.430e-117,334.0
m0230,m0272,45.1,1.070e-84,251.0
m0230,m0273,35.3,5.090e-40,137.0
m0230,m0276,44.3,1.640e-80,245.0
m0230,m0278,46.8,9.100e-79,240.0
m0230,m0280,50.6,6.760e-84,252.0
m0230,m0281,45.4,1.150e-79,242.0
m0230,m0282,46.6,5.180e-69,209.0
m0230,m0284,38.4,1.310e-59,186.0
m0230,m0287,33.6,7.120e-35,122.0
m0230,m0290,40.8,1.030e-71,218.0
m0230,m0292,49.6,2.360e-92,270.0
m0230,m0293,46.2,1.230e-78,240.0
m0230,m0294,45.2,4.360e-85,252.0
m0230,m0295,51.1,4.680e-88,263.0
m0230,m0297,52.3,1.010e-99,289.0
m0230,m0303,54.2,1.010e-101,294.0
m0230,m0304,55.1,1.480e-108,312.0
m0230,m0309,51.4,7.000e-104,300.0
m0230,m0311,44.3,7.140e-80,239.0
m0230,m0312,42.0,2.180e-65,201.0
m0230,m0314,46.1,5.240e-78,239.0
m0230,m0315,51.2,1.480e-94,276.0
m0230,m0317,50.3,1.080e-98,286.0
m0230,m0318,44.0,1.290e-75,233.0
m0230,m0320,46.3,6.340e-74,227.0
m0230,m0322,48.4,1.540e-82,250.0
m0230,m0324,49.3,3.010e-89,263.0
m0230,m0328,45.2,6.730e-82,245.0
m0230,m0329,54.0,7.800e-97,280.0
m0230,m0331,49.8,7.780e-84,253.0
m0230,m0332,51.4,6.490e-101,292.0
m0230,m0333,47.0,2.130e-81,248.0
m0230,m0335,52.8,9.870e-84,248.0
m0230,m0336,45.8,9.030e-84,249.0
m0230,m0337,52.5,1.140e-100,291.0
m0230,m0339,43.7,1.260e-76,235.0
m0230,m0340,48.5,1.990e-89,263.0
m0230,m0343,53.9,5.610e-89,261.0
m0230,m0344,44.4,7.390e-79,241.0
m0230,m0345,47.3,2.030e-86,255.0
m0230,m0347,46.3,4.720e-79,242.0
m0230,m0348,46.4,3.530e-78,239.0
m0230,m0349,48.9,1.450e-84,256.0
m0230,m0351,44.1,5.550e-77,231.0
m0230,m0354,47.6,2.980e-81,242.0
m0230,m0356,47.3,4.830e-74,224.0
m0230,m0363,46.9,1.580e-82,250.0
m0230,m0364,51.9,7.090e-86,253.0
m0230,m0365,53.4,2.160e-105,303.0
m0230,m0368,50.4,5.850e-98,285.0
m0230,m0369,32.9,1.630e-33,120.0
m0230,m0370,47.0,4.720e-81,242.0
m0230,m0371,35.9,5.830e-48,160.0
m0230,m0372,50.2,1.330e-94,276.0
m0230,m0377,48.2,3.690e-94,275.0
m0230,m0378,46.4,2.640e-78,240.0
m0230,m0380,55.7,1.350e-111,319.0
m0230,m0382,54.2,2.590e-97,283.0
m0230,m0383,41.1,9.270e-71,216.0
m0230,m0385,43.5,3.410e-69,212.0
m0230,m0387,41.9,1.430e-64,199.0
m0230,m0388,49.7,1.140e-96,282.0
m0230,m0390,50.9,5.630e-100,290.0
m0230,m0393,46.6,2.070e-79,243.0
m0230,m0394,51.0,6.260e-102,295.0
m0230,m0397,47.3,3.610e-84,255.0
m0230,m0399,47.5,3.290e-83,252.0
m0230,m0401,55.6,9.830e-115,327.0
m0230,m0404,45.4,6.220e-79,238.0
m0230,m0405,49.6,2.210e-82,248.0
m0230,m0407,41.2,3.070e-68,209.0
m0230,m0409,45.9,4.620e-73,222.0
m0230,m0411,57.6,6.540e-113,323.0
m0231,m0232,57.4,1.530e-114,328.0
m0231,m0233,58.0,3.140e-115,329.0
m0231,m0235,41.7,1.520e-74,228.0
m0231,m0236,47.6,1.010e-83,253.0
m0231,m0241,58.5,5.200e-116,332.0
m0231,m0242,44.9,3.230e-74,225.0
m0231,m0243,42.6,2.190e-77,237.0
m0231,m0244,51.7,1.810e-98,287.0
m0231,m0246,67.3,2.540e-140,393.0
m0231,m0247,46.8,2.530e-86,259.0
m0231,m0248,53.0,8.980e-90,265.0
m0231,m0251,55.1,2.370e-103,299.0
m0231,m0253,46.4,1.110e-84,257.0
m0231,m0258,47.4,1.300e-86,261.0
m0231,m0261,62.9,1.990e-131,371.0
m0231,m0263,47.2,2.520e-84,251.0
m0231,m0266,50.9,3.460e-89,263.0
m0231,m0267,57.4,1.620e-103,298.0
m0231,m0271,61.5,1.140e-126,359.0
m0231,m0272,47.8,9.020e-87,257.0
m0231,m0273,36.9,5.440e-36,127.0
m0231,m0276,46.2,5.580e-83,253.0
m0231,m0277,31.0,5.630e-10,53.1
m0231,m0278,47.3,1.910e-79,243.0
m0231,m0280,43.8,3.580e-79,241.0
m0231,m0281,48.9,4.870e-83,252.0
m0231,m0282,49.3,4.190e-71,215.0
m0231,m0284,44.6,1.710e-66,205.0
m0231,m0287,31.0,1.190e-35,125.0
m0231,m0290,48.9,2.860e-83,248.0
m0231,m0291,30.4,9.440e-28,103.0
m0231,m0292,54.1,3.780e-102,295.0
m0231,m0293,45.3,2.320e-80,245.0
m0231,m0294,47.9,9.000e-83,247.0
m0231,m0295,47.6,8.020e-85,256.0
m0231,m0297,59.9,9.660e-121,343.0
m0231,m0303,57.7,4.590e-111,318.0
m0231,m0304,61.0,7.100e-130,367.0
m0231,m0309,57.6,3.180e-116,333.0
m0231,m0311,44.9,1.070e-82,247.0
m0231,m0312,46.6,2.290e-79,237.0
m0231,m0314,47.7,2.380e-87,264.0
m0231,m0315,59.1,2.070e-120,343.0
m0231,m0317,58.5,2.770e-117,334.0
m0231,m0318,40.3,1.230e-70,221.0
m0231,m0320,45.4,9.350e-75,230.0
m0231,m0322,47.4,1.640e-83,254.0
m0231,m0324,47.9,3.510e-86,256.0
m0231,m0328,45.2,7.920e-82,246.0
m0231,m0329,65.3,3.520e-123,348.0
m0231,m0331,46.8,1.310e-83,253.0
m0231,m0332,60.9,5.330e-128,362.0
m0231,m0333,48.1,8.320e-86,260.0
m0231,m0335,51.5,8.970e-80,238.0
m0231,m0336,48.6,1.770e-87,259.0
m0231,m0337,59.3,1.900e-117,334.0
m0231,m0339,45.2,3.040e-79,243.0
m0231,m0340,47.0,5.280e-85,253.0
m0231,m0343,49.3,1.340e-90,266.0
m0231,m0344,47.6,5.890e-86,261.0
m0231,m0345,53.3,1.380e-100,292.0
m0231,m0347,47.6,1.840e-83,254.0
m0231,m0348,47.2,7.880e-85,258.0
m0231,m0349,46.4,4.870e-84,255.0
m0231,m0351,43.4,2.090e-80,241.0
m0231,m0354,46.7,6.200e-84,249.0
m0231,m0356,50.9,8.460e-87,258.0
m0231,m0363,47.8,6.790e-86,260.0
m0231,m0364,58.4,2.510e-112,322.0
m0231,m0365,50.5,9.230e-103,297.0
m0231,m0368,47.8,2.140e-96,281.0
m0231,m0369,37.2,2.110e-35,126.0
m0231,m0370,47.4,1.180e-79,239.0
m0231,m0371,35.3,3.390e-46,156.0
m0231,m0372,60.1,2.770e-117,334.0
m0231,m0377,56.3,8.440e-114,326.0
m0231,m0378,46.6,1.660e-84,257.0
m0231,m0380,65.0,5.140e-127,359.0
m0231,m0382,58.2,1.100e-109,315.0
m0231,m0383,43.2,7.690e-79,237.0
m0231,m0385,45.6,1.330e-72,221.0
m0231,m0387,43.1,1.470e-64,200.0
m0231,m0388,65.5,4.020e-140,393.0
m0231,m0390,60.8,3.210e-127,360.0
m0231,m0393,47.2,4.650e-86,261.0
m0231,m0394,60.1,6.990e-117,333.0
m0231,m0397,44.4,1.500e-74,231.0
m0231,m0399,48.2,1.760e-84,256.0
m0231,m0401,66.0,9.400e-138,386.0
m0231,m0404,42.4,2.330e-71,219.0
m0231,m0405,45.8,4.150e-81,245.0
m0231,m0407,46.0,5.400e-78,234.0
m0231,m0409,45.9,3.060e-83,249.0
m0231,m0411,64.1,1.060e-127,362.0
m0232,m0233,75.8,7.370e-158,436.0
m0232,m0235,49.2,3.390e-86,256.0
m0232,m0236,52.7,2.020e-93,277.0
m0232,m0241,55.1,6.930e-108,310.0
m0232,m0242,40.7,9.770e-73,220.0
m0232,m0243,51.8,2.090e-88,265.0
m0232,m0244,47.7,2.130e-83,248.0
m0232,m0246,64.0,1.610e-130,367.0
m0232,m0247,52.0,1.290e-90,270.0
m0232,m0248,49.4,5.910e-79,236.0
m0232,m0251,53.6,1.110e-105,304.0
m0232,m0253,51.7,5.260e-87,262.0
m0232,m0258,52.7,1.070e-89,268.0
m0232,m0261,59.0,7.090e-121,343.0
m0232,m0263,48.3,5.160e-83,247.0
m0232,m0266,54.9,3.000e-97,283.0
m0232,m0267,59.9,6.040e-110,313.0
m0232,m0271,63.6,9.960e-129,363.0
m0232,m0272,49.6,1.330e-85,253.0
m0232,m0273,33.9,4.170e-35,124.0
m0232,m0276,48.1,1.060e-84,256.0
m0232,m0278,47.8,1.830e-84,254.0
m0232,m0280,54.3,1.270e-92,275.0
m0232,m0281,47.9,2.300e-85,257.0
m0232,m0282,44.6,4.900e-61,188.0
m0232,m0284,48.0,5.280e-79,236.0
m0232,m0287,34.9,6.230e-38,130.0
m0232,m0290,46.0,5.550e-77,231.0
m0232,m0291,31.8,1.570e-24,94.7
m0232,m0292,54.7,5.870e-98,284.0
m0232,m0293,50.0,8.810e-88,263.0
m0232,m0294,50.5,4.160e-88,260.0
m0232,m0295,52.5,1.140e-91,272.0
m0232,m0297,78.4,4.160e-161,444.0
m0232,m0303,53.6,3.550e-102,295.0
m0232,m0304,62.9,8.310e-130,366.0
m0232,m0309,60.1,3.400e-119,339.0
m0232,m0311,47.0,2.860e-79,237.0
m0232,m0312,45.7,1.260e-75,227.0
m0232,m0314,52.3,1.400e-87,264.0
m0232,m0315,56.4,2.770e-112,321.0
m0232,m0317,67.8,5.740e-142,396.0
m0232,m0318,47.4,6.820e-82,249.0
m0232,m0320,50.0,1.640e-80,244.0
m0232,m0322,51.6,1.730e-90,271.0
m0232,m0324,56.1,5.830e-102,295.0
m0232,m0328,50.2,2.010e-86,256.0
m0232,m0329,57.5,1.890e-107,307.0
m0232,m0331,51.8,2.100e-92,275.0
m0232,m0332,68.5,1.720e-144,403.0
m0232,m0333,51.2,1.100e-87,264.0
m0232,m0335,45.4,7.950e-75,225.0
m0232,m0336,49.7,1.520e-87,259.0
m0232,m0337,63.3,2.680e-128,361.0
m0232,m0339,46.9,2.930e-81,247.0
m0232,m0340,53.9,2.190e-96,281.0
m0232,m0343,53.4,9.830e-90,263.0
m0232,m0344,51.6,1.560e-87,264.0
m0232,m0345,49.8,2.260e-93,273.0
m0232,m0347,52.3,4.960e-88,265.0
m0232,m0348,51.2,1.870e-87,263.0
m0232,m0349,52.0,3.600e-94,280.0
m0232,m0351,47.5,1.460e-82,246.0
m0232,m0354,47.8,2.490e-77,232.0
m0232,m0356,46.6,3.480e-71,217.0
m0232,m0363,50.2,1.010e-86,261.0
m0232,m0364,54.2,3.920e-98,285.0
m0232,m0365,52.0,4.060e-103,297.0
m0232,m0368,48.8,2.330e-92,270.0
m0232,m0369,33.5,1.630e-33,120.0
m0232,m0370,47.2,4.930e-86,254.0
m0232,m0371,36.1,2.340e-46,155.0
m0232,m0372,59.0,1.950e-116,331.0
m0232,m0377,66.7,1.800e-138,387.0
m0232,m0378,51.8,3.940e-87,263.0
m0232,m0380,61.6,9.340e-117,332.0
m0232,m0382,56.8,2.230e-108,311.0
m0232,m0383,43.9,3.130e-77,232.0
m0232,m0385,45.6,2.640e-74,225.0
m0232,m0387,46.1,1.360e-73,222.0
m0232,m0388,58.5,6.990e-113,323.0
m0232,m0390,75.9,1.410e-155,431.0
m0232,m0393,50.2,8.720e-88,265.0
m0232,m0394,61.8,4.150e-122,346.0
m0232,m0397,50.7,5.170e-87,263.0
m0232,m0399,51.4,7.380e-88,264.0
m0232,m0401,67.6,5.010e-134,376.0
m0232,m0404,48.5,8.570e-82,245.0
m0232,m0405,51.7,3.160e-93,275.0
m0232,m0407,50.0,1.360e-88,261.0
m0232,m0409,44.4,4.190e-68,209.0
m0232,m0411,66.8,2.950e-133,375.0
m0233,m0235,49.2,2.940e-83,249.0
m0233,m0236,53.7,2.170e-91,272.0
m0233,m0241,58.1,1.030e-120,342.0
m0233,m0242,41.8,7.650e-68,207.0
m0233,m0243,53.1,1.720e-91,272.0
m0233,m0244,48.6,1.110e-84,251.0
m0233,m0246,62.3,3.390e-126,356.0
m0233,m0247,56.5,7.430e-94,278.0
m0233,m0248,52.5,1.690e-82,245.0
m0233,m0251,53.6,7.660e-105,301.0
m0233,m0253,50.7,2.190e-84,255.0
m0233,m0258,53.8,1.010e-88,265.0
m0233,m0261,57.8,1.680e-120,342.0
m0233,m0263,50.5,2.350e-85,253.0
m0233,m0264,31.4,2.230e-11,57.4
m0233,m0266,53.8,2.520e-92,270.0
m0233,m0267,59.1,3.390e-108,309.0
m0233,m0271,64.5,9.530e-128,360.0
m0233,m0272,47.2,5.670e-86,254.0
m0233,m0273,33.9,1.300e-37,131.0
m0233,m0276,50.5,2.810e-86,260.0
m0233,m0278,50.4,6.840e-86,258.0
m0233,m0280,54.9,1.060e-92,275.0
m0233,m0281,48.8,6.080e-87,261.0
m0233,m0282,45.3,8.500e-61,187.0
m0233,m0284,46.2,1.460e-77,232.0
m0233,m0287,32.4,5.470e-38,130.0
m0233,m0290,44.7,1.060e-75,228.0
m0233,m0292,53.1,4.330e-94,274.0
m0233,m0293,55.2,1.290e-91,273.0
m0233,m0294,51.0,6.120e-89,262.0
m0233,m0295,51.9,1.250e-86,259.0
m0233,m0297,79.2,1.200e-168,463.0
m0233,m0303,55.0,2.790e-105,303.0
m0233,m0304,65.7,1.700e-130,367.0
m0233,m0309,59.2,3.050e-116,332.0
m0233,m0311,46.6,4.830e-79,236.0
m0233,m0312,49.5,6.430e-80,238.0
m0233,m0314,51.9,1.040e-88,266.0
m0233,m0315,62.1,8.180e-125,353.0
m0233,m0317,66.3,4.520e-133,373.0
m0233,m0318,48.6,2.870e-82,249.0
m0233,m0320,53.7,9.750e-84,252.0
m0233,m0322,50.8,1.300e-88,266.0
m0233,m0324,54.2,9.030e-95,276.0
m0233,m0328,50.7,6.490e-89,263.0
m0233,m0329,61.8,2.150e-117,332.0
m0233,m0331,52.2,2.190e-93,277.0
m0233,m0332,68.5,4.460e-141,394.0
m0233,m0333,51.5,6.550e-88,265.0
m0233,m0335,44.6,3.110e-73,221.0
m0233,m0336,52.2,6.350e-88,259.0
m0233,m0337,63.0,1.940e-129,363.0
m0233,m0339,49.2,1.990e-86,260.0
m0233,m0340,53.3,1.110e-92,271.0
m0233,m0343,53.0,1.030e-90,265.0
m0233,m0344,51.5,9.250e-88,264.0
m0233,m0345,51.6,5.360e-93,272.0
m0233,m0347,52.1,1.310e-86,261.0
m0233,m0348,52.1,2.780e-88,265.0
m0233,m0349,53.6,2.130e-94,281.0
m0233,m0351,46.4,1.400e-81,243.0
m0233,m0354,48.6,6.340e-82,243.0
m0233,m0356,44.9,9.230e-73,221.0
m0233,m0363,50.2,1.060e-87,263.0
m0233,m0364,52.4,1.900e-102,295.0
m0233,m0365,51.1,3.210e-101,292.0
m0233,m0368,49.1,1.400e-97,283.0
m0233,m0369,33.0,5.300e-31,113.0
m0233,m0370,51.9,1.140e-93,274.0
m0233,m0371,34.6,8.360e-44,149.0
m0233,m0372,57.3,1.550e-114,326.0
m0233,m0377,64.6,2.550e-132,372.0
m0233,m0378,50.9,9.280e-87,261.0
m0233,m0380,62.8,4.940e-125,353.0
m0233,m0382,59.3,2.630e-113,323.0
m0233,m0383,44.5,3.740e-77,232.0
m0233,m0385,44.4,8.060e-72,218.0
m0233,m0387,43.3,3.310e-73,221.0
m0233,m0388,63.8,6.280e-127,358.0
m0233,m0390,80.5,1.920e-168,463.0
m0233,m0393,50.3,1.820e-85,258.0
m0233,m0394,61.9,5.390e-119,338.0
m0233,m0397,51.2,1.520e-84,256.0
m0233,m0399,51.9,1.740e-87,263.0
m0233,m0401,64.9,7.310e-135,378.0
m0233,m0404,46.3,2.960e-78,236.0
m0233,m0405,52.9,4.080e-95,280.0
m0233,m0407,48.1,8.110e-89,261.0
m0233,m0409,41.0,1.590e-66,205.0
m0233,m0411,66.9,4.010e-132,372.0
m0234,m0302,46.7,2.350e-126,365.0
m0234,m0373,43.9,2.700e-125,363.0
m0235,m0236,65.3,4.150e-123,355.0
m0235,m0241,43.8,3.650e-69,213.0
m0235,m0242,39.4,9.240e-51,165.0
m0235,m0243,61.3,4.440e-113,330.0
m0235,m0244,42.6,2.030e-61,193.0
m0235,m0246,48.4,1.200e-81,245.0
m0235,m0247,70.7,5.330e-145,410.0
m0235,m0248,37.3,3.100e-46,154.0
m0235,m0251,46.3,2.530e-65,202.0
m0235,m0253,56.1,8.680e-123,356.0
m0235,m0258,62.0,3.220e-119,345.0
m0235,m0261,43.3,1.050e-75,230.0
m0235,m0263,39.4,7.930e-52,168.0
m0235,m0266,56.4,2.240e-101,295.0
m0235,m0267,45.7,4.720e-72,219.0
m0235,m0271,45.1,2.580e-77,234.0
m0235,m0272,45.6,3.140e-71,218.0
m0235,m0273,35.3,7.050e-35,125.0
m0235,m0276,62.6,1.510e-129,373.0
m0235,m0277,32.9,1.270e-12,61.2
m0235,m0278,67.7,1.330e-143,407.0
m0235,m0280,64.4,1.250e-127,366.0
m0235,m0281,63.4,7.070e-131,375.0
m0235,m0282,39.7,1.370e-46,152.0
m0235,m0284,37.0,3.010e-50,164.0
m0235,m0290,36.6,4.760e-54,174.0
m0235,m0292,44.8,8.140e-67,206.0
m0235,m0293,56.0,3.580e-118,343.0
m0235,m0294,71.1,7.950e-150,419.0
m0235,m0295,49.5,4.820e-82,249.0
m0235,m0297,47.9,2.410e-81,244.0
m0235,m0303,44.4,5.930e-73,222.0
m0235,m0304,44.5,1.560e-78,237.0
m0235,m0309,47.2,3.000e-78,237.0
m0235,m0311,37.9,1.480e-51,167.0
m0235,m0312,36.5,5.380e-45,149.0
m0235,m0314,55.9,1.850e-122,355.0
m0235,m0315,41.9,6.500e-70,215.0
m0235,m0317,50.5,1.680e-86,257.0
m0235,m0318,50.4,3.950e-102,303.0
m0235,m0320,63.8,1.580e-117,341.0
m0235,m0322,56.2,1.050e-117,342.0
m0235,m0324,52.7,6.730e-103,299.0
m0235,m0328,73.7,5.710e-175,483.0
m0235,m0329,43.9,1.540e-65,202.0
m0235,m0331,62.0,2.700e-128,368.0
m0235,m0332,49.8,1.330e-86,258.0
m0235,m0333,58.0,1.610e-124,360.0
m0235,m0335,40.2,2.850e-50,163.0
m0235,m0336,77.6,1.370e-171,474.0
m0235,m0337,49.1,3.160e-81,243.0
m0235,m0339,61.1,1.870e-130,375.0
m0235,m0340,53.0,4.760e-105,305.0
m0235,m0343,41.2,2.560e-56,179.0
m0235,m0344,59.0,2.970e-122,355.0
m0235,m0345,48.3,2.680e-77,234.0
m0235,m0347,56.4,2.110e-121,352.0
m0235,m0348,55.2,2.460e-122,355.0
m0235,m0349,64.7,2.760e-119,347.0
m0235,m0351,37.5,8.590e-51,166.0
m0235,m0354,41.2,2.200e-54,174.0
m0235,m0356,38.2,3.410e-52,169.0
m0235,m0363,63.5,2.460e-116,339.0
m0235,m0364,40.9,2.350e-55,177.0
m0235,m0365,48.3,1.710e-77,234.0
m0235,m0368,48.1,1.710e-77,234.0
m0235,m0369,34.0,6.030e-29,109.0
m0235,m0370,60.9,8.620e-127,360.0
m0235,m0371,32.1,1.640e-32,120.0
m0235,m0372,45.4,4.670e-66,204.0
m0235,m0377,49.4,2.510e-77,234.0
m0235,m0378,56.6,1.150e-123,358.0
m0235,m0380,50.2,1.230e-80,242.0
m0235,m0382,45.6,6.820e-66,204.0
m0235,m0383,37.2,7.430e-50,163.0
m0235,m0385,44.8,1.640e-61,194.0
m0235,m0387,36.2,5.780e-50,163.0
m0235,m0388,46.9,1.320e-75,230.0
m0235,m0390,50.5,4.720e-82,246.0
m0235,m0393,58.8,2.380e-122,355.0
m0235,m0394,44.7,2.550e-76,231.0
m0235,m0397,50.8,7.760e-102,303.0
m0235,m0399,59.0,2.550e-122,354.0
m0235,m0401,48.8,1.450e-85,254.0
m0235,m0404,57.1,5.410e-107,311.0
m0235,m0405,58.1,1.980e-113,329.0
m0235,m0407,40.2,3.210e-62,195.0
m0235,m0409,39.3,1.840e-49,162.0
m0235,m0411,46.1,9.380e-84,251.0
m0236,m0241,46.7,2.570e-74,228.0
m0236,m0242,37.4,2.100e-45,153.0
m0236,m0243,71.6,2.260e-217,597.0
m0236,m0244,43.3,6.900e-67,209.0
m0236,m0246,50.2,1.130e-87,263.0
m0236,m0247,69.5,1.450e-140,402.0
m0236,m0248,37.2,3.570e-52,171.0
m0236,m0251,44.4,6.150e-71,219.0
m0236,m0253,57.6,1.940e-168,475.0
m0236,m0258,68.4,1.300e-134,387.0
m0236,m0261,47.4,4.830e-82,248.0
m0236,m0263,39.5,3.920e-56,181.0
m0236,m0266,63.6,1.030e-118,342.0
m0236,m0267,49.8,1.030e-75,230.0
m0236,m0271,49.8,4.710e-89,266.0
m0236,m0272,47.0,7.110e-81,245.0
m0236,m0273,35.0,1.110e-32,120.0
m0236,m0276,61.8,4.010e-183,512.0
m0236,m0277,31.0,4.650e-17,74.7
m0236,m0278,54.9,1.550e-130,377.0
m0236,m0280,64.8,1.290e-167,470.0
m0236,m0281,58.9,2.780e-171,481.0
m0236,m0282,45.2,1.230e-54,175.0
m0236,m0284,37.3,6.020e-53,172.0
m0236,m0287,32.6,1.080e-26,102.0
m0236,m0290,37.4,3.920e-51,168.0
m0236,m0292,47.7,1.270e-76,233.0
m0236,m0293,71.2,2.280e-218,600.0
m0236,m0294,66.0,3.210e-129,369.0
m0236,m0295,49.9,6.910e-107,316.0
m0236,m0297,53.9,8.340e-96,283.0
m0236,m0303,47.5,8.440e-81,244.0
m0236,m0304,51.6,1.630e-86,260.0
m0236,m0309,50.2,1.250e-85,258.0
m0236,m0311,38.1,2.790e-50,166.0
m0236,m0312,37.3,2.720e-47,157.0
m0236,m0314,57.4,2.080e-168,475.0
m0236,m0315,48.2,5.820e-76,233.0
m0236,m0317,52.6,2.000e-93,277.0
m0236,m0318,53.7,1.510e-104,311.0
m0236,m0320,60.2,2.230e-173,486.0
m0236,m0322,57.4,5.340e-172,483.0
m0236,m0324,62.9,2.200e-120,346.0
m0236,m0328,64.8,1.830e-132,378.0
m0236,m0329,47.7,8.290e-73,223.0
m0236,m0331,64.6,3.450e-167,470.0
m0236,m0332,55.6,4.820e-98,289.0
m0236,m0333,55.1,2.230e-166,470.0
m0236,m0335,43.5,6.380e-60,190.0
m0236,m0336,64.9,9.330e-126,360.0
m0236,m0337,50.9,1.640e-86,259.0
m0236,m0339,59.8,7.140e-179,501.0
m0236,m0340,62.8,6.260e-122,350.0
m0236,m0343,42.4,3.250e-61,194.0
m0236,m0344,57.3,5.900e-169,476.0
m0236,m0345,48.8,7.780e-79,240.0
m0236,m0347,57.1,1.030e-168,476.0
m0236,m0348,56.7,8.390e-170,478.0
m0236,m0349,61.5,1.090e-160,455.0
m0236,m0351,39.2,3.300e-48,160.0
m0236,m0354,40.2,8.430e-58,185.0
m0236,m0356,37.2,4.950e-50,166.0
m0236,m0363,54.1,2.280e-161,456.0
m0236,m0364,39.8,5.780e-64,201.0
m0236,m0365,46.2,8.750e-77,234.0
m0236,m0368,47.5,4.400e-77,235.0
m0236,m0369,35.5,5.730e-32,119.0
m0236,m0370,67.8,4.360e-131,374.0
m0236,m0371,32.1,1.790e-33,124.0
m0236,m0372,45.6,6.650e-77,234.0
m0236,m0377,52.3,6.460e-86,258.0
m0236,m0378,55.8,4.180e-168,474.0
m0236,m0380,53.2,1.090e-92,275.0
m0236,m0382,47.2,2.410e-74,228.0
m0236,m0383,37.9,1.700e-50,167.0
m0236,m0385,43.7,1.330e-56,183.0
m0236,m0387,39.3,8.570e-57,182.0
m0236,m0388,50.3,4.860e-87,261.0
m0236,m0390,53.6,4.780e-93,276.0
m0236,m0393,55.9,1.930e-168,475.0
m0236,m0394,48.8,9.240e-85,255.0
m0236,m0396,31.3,1.390e-14,67.0
m0236,m0397,50.9,1.450e-153,437.0
m0236,m0399,57.5,4.040e-140,402.0
m0236,m0401,54.0,1.140e-98,290.0
m0236,m0404,52.4,6.350e-120,347.0
m0236,m0405,78.2,8.520e-160,449.0
m0236,m0407,43.7,7.000e-69,214.0
m0236,m0409,39.6,1.790e-53,175.0
m0236,m0411,51.2,1.550e-93,278.0
m0237,m0259,49.1,4.920e-129,373.0
m0237,m0260,48.1,3.570e-123,358.0
m0237,m0392,50.3,9.880e-126,366.0
m0238,m0362,35.7,3.460e-83,258.0
m0240,m0250,30.4,7.160e-33,117.0
m0240,m0255,34.9,3.890e-29,107.0
m0240,m0268,45.7,3.060e-81,244.0
m0240,m0275,31.1,3.850e-38,132.0
m0240,m0286,34.3,1.190e-33,121.0
m0240,m0316,30.3,3.930e-28,105.0
m0240,m0321,30.6,3.610e-39,135.0
m0240,m0353,31.9,5.030e-30,109.0
m0240,m0357,30.5,8.040e-32,114.0
m0240,m0379,42.4,6.150e-73,223.0
m0240,m0384,32.0,5.340e-27,102.0
m0240,m0386,33.6,2.860e-37,130.0
m0241,m0242,45.4,1.370e-70,215.0
m0241,m0243,45.2,1.390e-71,221.0
m0241,m0244,50.3,5.010e-93,272.0
m0241,m0246,55.6,5.900e-117,333.0
m0241,m0247,46.3,3.700e-73,225.0
m0241,m0248,49.8,2.650e-86,255.0
m0241,m0251,50.2,1.720e-90,265.0
m0241,m0253,43.8,1.860e-68,214.0
m0241,m0258,46.2,1.630e-71,221.0
m0241,m0261,61.5,7.740e-126,356.0
m0241,m0263,48.7,1.620e-82,246.0
m0241,m0266,49.1,1.290e-78,235.0
m0241,m0267,54.4,9.130e-93,270.0
m0241,m0271,58.0,1.170e-118,338.0
m0241,m0272,45.7,7.660e-83,246.0
m0241,m0273,35.9,3.180e-36,127.0
m0241,m0276,45.9,7.720e-69,215.0
m0241,m0278,46.5,1.130e-67,211.0
m0241,m0280,46.5,1.860e-72,223.0
m0241,m0281,44.6,1.500e-71,221.0
m0241,m0282,48.9,5.140e-67,204.0
m0241,m0284,42.6,2.840e-68,209.0
m0241,m0287,38.1,1.560e-40,137.0
m0241,m0290,47.8,1.190e-87,259.0
m0241,m0292,53.6,5.610e-94,274.0
m0241,m0293,45.9,9.410e-76,233.0
m0241,m0294,44.5,2.160e-75,228.0
m0241,m0295,46.6,7.370e-73,224.0
m0241,m0297,58.2,4.060e-117,333.0
m0241,m0303,50.3,3.630e-95,277.0
m0241,m0304,59.6,7.810e-124,351.0
m0241,m0309,57.5,7.290e-107,308.0
m0241,m0311,47.2,7.910e-88,259.0
m0241,m0312,45.6,6.330e-82,243.0
m0241,m0314,43.9,5.820e-71,221.0
m0241,m0315,84.7,2.140e-192,524.0
m0241,m0317,57.6,7.120e-115,327.0
m0241,m0318,40.0,5.630e-64,202.0
m0241,m0320,46.3,3.280e-68,213.0
m0241,m0322,44.1,2.980e-70,219.0
m0241,m0324,45.2,5.610e-77,231.0
m0241,m0328,44.7,2.830e-70,215.0
m0241,m0329,85.8,2.610e-169,464.0
m0241,m0331,45.4,1.470e-72,224.0
m0241,m0332,58.7,3.980e-120,341.0
m0241,m0333,44.1,1.790e-70,220.0
m0241,m0335,53.1,1.680e-77,232.0
m0241,m0336,45.3,7.010e-73,221.0
m0241,m0337,63.8,6.930e-127,357.0
m0241,m0339,44.8,1.530e-68,214.0
m0241,m0340,46.1,1.440e-79,238.0
m0241,m0343,57.7,6.200e-109,312.0
m0241,m0344,44.1,3.240e-71,222.0
m0241,m0345,50.5,1.150e-91,269.0
m0241,m0347,43.0,9.830e-69,215.0
m0241,m0348,43.9,7.280e-68,213.0
m0241,m0349,48.0,9.910e-80,243.0
m0241,m0351,47.8,4.200e-88,260.0
m0241,m0354,48.6,4.060e-82,244.0
m0241,m0356,46.2,3.260e-78,235.0
m0241,m0363,45.3,1.090e-70,220.0
m0241,m0364,54.3,3.750e-104,300.0
m0241,m0365,48.6,2.690e-89,262.0
m0241,m0368,46.1,1.630e-85,253.0
m0241,m0369,34.8,1.260e-33,120.0
m0241,m0370,43.6,7.250e-70,213.0
m0241,m0371,35.0,1.310e-46,156.0
m0241,m0372,53.8,1.570e-106,306.0
m0241,m0377,61.2,3.850e-124,351.0
m0241,m0378,43.6,2.740e-68,214.0
m0241,m0380,58.3,5.580e-114,325.0
m0241,m0382,61.5,3.380e-118,336.0
m0241,m0383,45.1,2.840e-84,250.0
m0241,m0385,45.5,1.570e-79,238.0
m0241,m0387,44.5,9.740e-69,210.0
m0241,m0388,59.9,1.980e-125,355.0
m0241,m0390,54.1,4.340e-110,315.0
m0241,m0393,44.1,6.010e-69,216.0
m0241,m0394,58.9,1.370e-111,319.0
m0241,m0397,43.1,4.480e-69,216.0
m0241,m0399,43.1,2.570e-70,219.0
m0241,m0401,57.9,1.640e-116,332.0
m0241,m0404,40.4,1.380e-63,198.0
m0241,m0405,46.3,3.120e-80,242.0
m0241,m0407,45.3,2.330e-82,245.0
m0241,m0409,46.3,7.820e-78,234.0
m0241,m0411,59.4,1.330e-120,343.0
m0242,m0243,35.0,9.230e-43,146.0
m0242,m0244,48.7,5.640e-83,246.0
m0242,m0246,40.3,2.080e-72,219.0
m0242,m0247,39.1,1.150e-50,166.0
m0242,m0248,40.1,2.120e-61,191.0
m0242,m0251,43.6,1.970e-69,211.0
m0242,m0253,35.1,5.990e-48,160.0
m0242,m0258,36.2,2.640e-46,155.0
m0242,m0261,42.0,6.820e-72,218.0
m0242,m0263,44.7,2.590e-77,232.0
m0242,m0264,31.3,1.470e-07,45.8
m0242,m0266,38.0,4.150e-55,175.0
m0242,m0267,45.7,2.340e-68,207.0
m0242,m0271,42.5,9.330e-73,221.0
m0242,m0272,39.9,1.080e-58,184.0
m0242,m0273,31.6,1.040e-29,110.0
m0242,m0276,37.8,2.040e-46,156.0
m0242,m0278,39.5,2.920e-48,160.0
m0242,m0280,37.5,2.910e-50,165.0
m0242,m0281,37.8,3.340e-45,152.0
m0242,m0282,38.5,6.530e-45,147.0
m0242,m0284,38.2,2.330e-53,170.0
m0242,m0290,40.1,1.960e-62,194.0
m0242,m0292,43.0,2.860e-66,203.0
m0242,m0293,36.6,3.620e-48,160.0
m0242,m0294,38.7,7.650e-53,169.0
m0242,m0295,36.3,2.860e-46,155.0
m0242,m0297,42.0,2.770e-67,206.0
m0242,m0303,41.6,6.560e-62,192.0
m0242,m0304,44.3,3.620e-72,219.0
m0242,m0309,46.3,2.960e-73,222.0
m0242,m0311,40.4,6.560e-63,195.0
m0242,m0312,38.2,3.700e-60,187.0
m0242,m0314,35.5,1.690e-47,159.0
m0242,m0315,41.5,1.230e-68,210.0
m0242,m0317,43.7,5.460e-75,226.0
m0242,m0318,37.1,3.050e-51,169.0
m0242,m0320,35.7,2.220e-43,147.0
m0242,m0322,37.0,5.810e-50,166.0
m0242,m0324,35.8,3.620e-52,167.0
m0242,m0328,36.2,7.200e-49,160.0
m0242,m0329,44.3,2.960e-70,213.0
m0242,m0331,36.6,3.350e-48,160.0
m0242,m0332,44.1,2.290e-77,232.0
m0242,m0333,36.5,8.270e-51,168.0
m0242,m0335,41.7,2.510e-55,175.0
m0242,m0336,38.7,7.420e-48,157.0
m0242,m0337,45.6,1.240e-73,222.0
m0242,m0339,37.5,3.080e-43,148.0
m0242,m0340,37.3,6.190e-53,169.0
m0242,m0343,43.5,3.330e-74,223.0
m0242,m0344,36.6,1.620e-50,167.0
m0242,m0345,41.2,9.250e-62,192.0
m0242,m0347,36.6,5.740e-50,166.0
m0242,m0348,39.0,3.770e-51,169.0
m0242,m0349,37.9,7.110e-48,160.0
m0242,m0351,38.7,7.770e-62,192.0
m0242,m0354,42.3,1.210e-74,225.0
m0242,m0356,41.4,6.520e-62,193.0
m0242,m0363,37.4,3.170e-49,164.0
m0242,m0364,41.6,2.100e-65,201.0
m0242,m0365,40.9,4.880e-64,197.0
m0242,m0368,41.4,3.370e-61,191.0
m0242,m0369,30.1,3.780e-28,105.0
m0242,m0370,37.2,3.560e-53,170.0
m0242,m0371,39.8,9.140e-51,167.0
m0242,m0372,42.4,3.510e-73,221.0
m0242,m0377,44.3,2.300e-76,229.0
m0242,m0378,36.2,2.940e-50,167.0
m0242,m0380,45.7,5.780e-77,231.0
m0242,m0382,47.5,5.450e-78,233.0
m0242,m0383,42.5,2.470e-67,207.0
m0242,m0385,42.0,3.130e-60,189.0
m0242,m0387,38.0,3.640e-48,157.0
m0242,m0388,45.7,5.340e-70,214.0
m0242,m0390,42.3,5.320e-71,216.0
m0242,m0393,37.7,1.300e-49,165.0
m0242,m0394,42.3,1.240e-69,212.0
m0242,m0397,37.9,1.030e-47,160.0
m0242,m0399,37.9,1.110e-47,159.0
m0242,m0401,41.1,8.500e-72,218.0
m0242,m0404,38.9,2.240e-53,172.0
m0242,m0405,37.0,7.260e-49,161.0
m0242,m0407,38.4,9.040e-58,182.0
m0242,m0409,38.4,2.980e-58,184.0
m0242,m0411,42.1,2.420e-76,230.0
m0243,m0244,42.2,2.570e-64,202.0
m0243,m0246,47.9,8.070e-83,250.0
m0243,m0247,62.6,2.270e-130,376.0
m0243,m0248,38.7,2.360e-49,164.0
m0243,m0251,41.2,7.460e-63,198.0
m0243,m0253,54.0,3.960e-164,464.0
m0243,m0258,64.4,2.570e-122,356.0
m0243,m0261,44.8,4.230e-78,238.0
m0243,m0263,39.6,1.550e-56,182.0
m0243,m0266,56.6,1.450e-106,311.0
m0243,m0267,47.5,5.660e-73,223.0
m0243,m0271,48.6,9.500e-84,253.0
m0243,m0272,44.7,4.810e-73,225.0
m0243,m0276,59.5,2.370e-178,500.0
m0243,m0278,59.6,8.980e-123,357.0
m0243,m0280,57.3,1.900e-148,422.0
m0243,m0281,57.6,2.270e-171,481.0
m0243,m0282,39.7,1.460e-48,159.0
m0243,m0284,35.9,5.000e-52,170.0
m0243,m0290,37.5,2.090e-45,153.0
m0243,m0292,47.5,6.290e-75,229.0
m0243,m0293,74.4,7.310e-230,630.0
m0243,m0294,60.1,1.020e-118,342.0
m0243,m0295,46.4,1.800e-102,305.0
m0243,m0297,54.1,6.830e-93,276.0
m0243,m0303,46.8,3.720e-77,235.0
m0243,m0304,50.2,8.170e-85,256.0
m0243,m0309,48.9,1.550e-78,240.0
m0243,m0311,37.6,1.550e-50,167.0
m0243,m0312,39.4,1.340e-49,163.0
m0243,m0314,53.1,1.710e-158,450.0
m0243,m0315,46.0,9.870e-72,222.0
m0243,m0317,49.1,1.880e-83,251.0
m0243,m0318,43.7,6.130e-102,305.0
m0243,m0320,57.3,4.990e-161,454.0
m0243,m0322,53.6,5.490e-163,461.0
m0243,m0324,59.7,2.810e-114,331.0
m0243,m0328,61.8,4.780e-126,362.0
m0243,m0329,43.7,2.190e-67,209.0
m0243,m0331,57.9,4.070e-152,432.0
m0243,m0332,52.6,3.170e-94,280.0
m0243,m0333,52.6,1.830e-161,457.0
m0243,m0335,42.1,9.220e-52,169.0
m0243,m0336,61.4,3.970e-123,354.0
m0243,m0337,48.2,6.600e-78,237.0
m0243,m0339,58.8,2.730e-177,497.0
m0243,m0340,57.0,1.440e-108,316.0
m0243,m0343,38.0,4.810e-53,172.0
m0243,m0344,53.5,4.530e-162,459.0
m0243,m0345,41.4,3.300e-65,205.0
m0243,m0347,53.0,5.600e-162,459.0
m0243,m0348,53.0,4.250e-161,456.0
m0243,m0349,60.7,5.440e-152,433.0
m0243,m0351,37.6,5.970e-51,168.0
m0243,m0354,41.4,5.580e-60,191.0
m0243,m0356,40.4,1.110e-48,162.0
m0243,m0363,51.9,2.640e-156,444.0
m0243,m0364,37.8,3.860e-62,196.0
m0243,m0365,43.0,7.300e-70,216.0
m0243,m0368,45.6,2.410e-74,228.0
m0243,m0369,33.1,9.750e-30,112.0
m0243,m0370,64.8,1.740e-126,362.0
m0243,m0372,41.2,1.480e-66,208.0
m0243,m0377,46.2,9.880e-74,227.0
m0243,m0378,53.3,9.790e-163,461.0
m0243,m0380,49.6,2.030e-85,256.0
m0243,m0382,44.1,3.530e-68,212.0
m0243,m0383,36.5,1.540e-47,159.0
m0243,m0385,37.7,1.780e-47,159.0
m0243,m0387,35.8,1.140e-48,161.0
m0243,m0388,46.1,4.820e-79,241.0
m0243,m0390,53.1,7.000e-88,263.0
m0243,m0393,54.3,9.710e-165,466.0
m0243,m0394,45.6,1.040e-81,247.0
m0243,m0397,50.7,4.100e-149,426.0
m0243,m0399,50.0,1.850e-126,367.0
m0243,m0401,50.4,1.210e-93,278.0
m0243,m0404,51.8,6.660e-118,342.0
m0243,m0405,81.5,1.020e-166,467.0
m0243,m0407,41.3,5.220e-66,207.0
m0243,m0409,39.2,3.610e-48,161.0
m0243,m0411,48.0,1.600e-88,265.0
m0244,m0246,51.3,1.310e-100,291.0
m0244,m0247,42.1,1.010e-65,206.0
m0244,m0248,55.6,6.930e-104,300.0
m0244,m0251,44.7,1.800e-76,229.0
m0244,m0253,44.3,1.050e-66,210.0
m0244,m0258,42.2,4.290e-64,202.0
m0244,m0261,48.9,8.970e-87,256.0
m0244,m0263,66.1,2.730e-135,380.0
m0244,m0265,30.7,1.440e-15,68.2
m0244,m0266,43.8,4.120e-71,216.0
m0244,m0267,49.4,1.490e-88,259.0
m0244,m0271,48.7,1.260e-92,271.0
m0244,m0272,40.5,6.580e-70,213.0
m0244,m0273,35.7,5.050e-47,156.0
m0244,m0276,43.7,8.650e-67,210.0
m0244,m0277,32.1,3.650e-16,71.2
m0244,m0278,43.7,2.560e-61,195.0
m0244,m0280,42.1,7.820e-64,201.0
m0244,m0281,43.9,1.100e-70,219.0
m0244,m0282,43.8,7.020e-64,196.0
m0244,m0284,39.3,6.620e-57,179.0
m0244,m0287,30.2,1.120e-39,135.0
m0244,m0290,49.2,3.300e-97,283.0
m0244,m0292,44.7,4.900e-79,236.0
m0244,m0293,43.8,8.420e-66,207.0
m0244,m0294,43.5,7.420e-70,213.0
m0244,m0295,42.7,1.010e-65,206.0
m0244,m0297,47.6,1.530e-86,255.0
m0244,m0303,46.4,1.570e-80,240.0
m0244,m0304,50.3,2.310e-95,278.0
m0244,m0309,49.8,1.500e-90,266.0
m0244,m0311,50.0,5.820e-100,290.0
m0244,m0312,50.2,1.660e-99,288.0
m0244,m0314,46.0,9.200e-69,215.0
m0244,m0315,48.3,1.390e-87,258.0
m0244,m0317,46.3,9.300e-85,251.0
m0244,m0318,39.8,1.730e-61,196.0
m0244,m0320,44.1,1.260e-63,201.0
m0244,m0322,44.7,1.320e-67,212.0
m0244,m0324,42.2,4.390e-70,214.0
m0244,m0328,40.9,8.330e-66,204.0
m0244,m0329,51.7,7.000e-93,270.0
m0244,m0331,42.0,8.500e-64,201.0
m0244,m0332,51.0,2.640e-90,265.0
m0244,m0333,44.0,6.090e-67,211.0
m0244,m0335,45.9,1.690e-71,216.0
m0244,m0336,42.1,4.200e-65,201.0
m0244,m0337,50.7,1.260e-92,270.0
m0244,m0339,42.5,3.700e-65,206.0
m0244,m0340,41.0,2.100e-67,207.0
m0244,m0343,46.2,2.160e-86,254.0
m0244,m0344,44.4,1.420e-68,215.0
m0244,m0345,46.4,4.610e-80,239.0
m0244,m0347,43.6,1.540e-66,209.0
m0244,m0348,44.8,1.470e-66,209.0
m0244,m0349,42.5,1.000e-64,204.0
m0244,m0351,48.5,6.680e-102,295.0
m0244,m0354,65.5,4.650e-135,379.0
m0244,m0356,55.8,5.340e-100,290.0
m0244,m0363,45.3,1.440e-70,219.0
m0244,m0364,41.7,6.940e-73,220.0
m0244,m0365,43.2,4.330e-77,231.0
m0244,m0368,46.6,3.990e-83,247.0
m0244,m0369,34.1,9.730e-48,158.0
m0244,m0370,44.0,2.130e-71,217.0
m0244,m0371,42.4,2.190e-66,208.0
m0244,m0372,45.4,3.150e-80,239.0
m0244,m0377,47.7,1.390e-86,256.0
m0244,m0378,45.4,1.010e-67,213.0
m0244,m0380,52.4,4.060e-101,292.0
m0244,m0382,55.5,1.160e-103,299.0
m0244,m0383,48.7,7.090e-100,290.0
m0244,m0385,55.7,9.640e-104,300.0
m0244,m0387,40.9,2.320e-60,188.0
m0244,m0388,47.9,2.560e-85,253.0
m0244,m0390,47.8,2.420e-86,255.0
m0244,m0393,46.6,1.210e-67,213.0
m0244,m0394,49.0,9.550e-89,261.0
m0244,m0397,42.7,8.300e-69,216.0
m0244,m0399,43.9,2.640e-69,216.0
m0244,m0401,53.9,3.940e-102,295.0
m0244,m0404,42.3,8.240e-65,201.0
m0244,m0405,43.0,2.170e-64,201.0
m0244,m0407,37.7,2.250e-62,194.0
m0244,m0409,44.6,5.450e-91,268.0
m0244,m0411,50.3,1.790e-95,279.0
m0245,m0250,44.0,4.710e-82,245.0
m0245,m0255,34.2,2.500e-45,150.0
m0245,m0268,31.4,1.400e-30,112.0
m0245,m0275,58.3,3.930e-123,351.0
m0245,m0283,35.6,1.340e-56,182.0
m0245,m0286,45.9,1.030e-85,257.0
m0245,m0316,41.4,9.760e-81,243.0
m0245,m0321,49.7,1.410e-100,293.0
m0245,m0353,36.1,2.510e-52,168.0
m0245,m0357,34.3,6.690e-47,154.0
m0245,m0361,32.7,1.530e-44,149.0
m0245,m0384,32.7,2.110e-41,141.0
m0245,m0386,45.1,8.800e-89,263.0
m0245,m0389,43.0,2.330e-80,242.0
m0245,m0403,42.8,5.530e-69,213.0
m0245,m0412,45.6,4.490e-91,269.0
m0246,m0247,51.3,4.010e-87,261.0
m0246,m0248,49.6,1.450e-85,253.0
m0246,m0251,52.8,1.820e-102,296.0
m0246,m0253,49.7,1.990e-84,256.0
m0246,m0258,53.5,7.200e-91,271.0
m0246,m0261,66.8,3.870e-140,392.0
m0246,m0263,46.2,6.290e-82,244.0
m0246,m0266,55.3,1.050e-95,279.0
m0246,m0267,59.1,4.840e-112,319.0
m0246,m0271,65.8,1.300e-141,396.0
m0246,m0272,47.7,1.800e-91,268.0
m0246,m0273,33.1,1.140e-36,129.0
m0246,m0276,50.7,1.140e-87,264.0
m0246,m0278,50.2,2.740e-78,239.0
m0246,m0280,49.3,1.610e-85,256.0
m0246,m0281,50.2,1.730e-88,265.0
m0246,m0282,46.2,3.890e-69,209.0
m0246,m0284,43.9,1.700e-72,219.0
m0246,m0287,33.1,4.690e-38,131.0
m0246,m0290,48.9,4.630e-87,257.0
m0246,m0292,56.6,3.270e-110,315.0
m0246,m0293,49.1,7.520e-87,261.0
m0246,m0294,51.2,3.910e-89,263.0
m0246,m0295,51.1,8.890e-89,265.0
m0246,m0297,63.6,1.780e-132,372.0
m0246,m0303,58.5,1.270e-117,334.0
m0246,m0304,69.7,4.420e-149,415.0
m0246,m0309,62.2,9.400e-127,358.0
m0246,m0311,46.4,2.000e-85,253.0
m0246,m0312,46.6,9.100e-79,235.0
m0246,m0314,48.5,1.050e-84,256.0
m0246,m0315,58.4,3.120e-119,339.0
m0246,m0317,60.6,2.800e-126,356.0
m0246,m0318,47.7,2.900e-81,247.0
m0246,m0320,48.9,4.430e-81,246.0
m0246,m0322,50.2,3.320e-88,265.0
m0246,m0324,49.5,1.080e-92,271.0
m0246,m0328,49.5,3.060e-86,256.0
m0246,m0329,60.5,7.780e-117,331.0
m0246,m0331,49.5,8.140e-90,268.0
m0246,m0332,63.1,2.130e-136,382.0
m0246,m0333,48.8,2.090e-85,258.0
m0246,m0335,50.8,1.610e-85,252.0
m0246,m0336,50.2,2.870e-88,261.0
m0246,m0337,66.3,1.450e-135,379.0
m0246,m0339,47.8,6.360e-84,254.0
m0246,m0340,51.0,2.020e-92,271.0
m0246,m0343,45.8,7.400e-90,263.0
m0246,m0344,48.8,1.870e-86,261.0
m0246,m0345,50.3,3.220e-96,280.0
m0246,m0347,48.5,2.650e-85,258.0
m0246,m0348,48.5,5.010e-85,257.0
m0246,m0349,49.7,3.120e-90,270.0
m0246,m0351,47.6,3.270e-87,258.0
m0246,m0354,46.1,5.320e-85,251.0
m0246,m0356,50.2,2.250e-86,256.0
m0246,m0363,48.6,1.920e-84,255.0
m0246,m0364,57.6,4.700e-112,320.0
m0246,m0365,52.3,2.160e-103,298.0
m0246,m0368,50.0,9.510e-100,289.0
m0246,m0369,36.0,8.680e-36,126.0
m0246,m0370,48.6,4.060e-88,260.0
m0246,m0371,35.1,4.420e-48,160.0
m0246,m0372,59.0,2.890e-121,343.0
m0246,m0377,65.1,1.360e-138,388.0
m0246,m0378,48.3,2.650e-85,258.0
m0246,m0380,72.1,2.670e-145,404.0
m0246,m0382,58.9,2.890e-114,326.0
m0246,m0383,43.1,5.220e-79,237.0
m0246,m0385,42.7,3.540e-75,227.0
m0246,m0387,38.8,4.190e-70,213.0
m0246,m0388,64.3,5.940e-134,377.0
m0246,m0390,67.3,1.920e-137,385.0
m0246,m0393,47.8,1.840e-84,256.0
m0246,m0394,63.8,4.840e-131,369.0
m0246,m0397,47.6,8.580e-83,252.0
m0246,m0399,48.3,6.290e-84,254.0
m0246,m0401,70.1,9.510e-149,413.0
m0246,m0404,47.2,5.330e-78,235.0
m0246,m0405,49.0,1.020e-86,259.0
m0246,m0407,45.4,1.130e-82,246.0
m0246,m0409,44.6,2.190e-85,253.0
m0246,m0411,69.5,6.980e-149,414.0
m0247,m0248,39.8,4.030e-50,165.0
m0247,m0251,44.9,7.210e-72,221.0
m0247,m0253,69.1,3.510e-147,420.0
m0247,m0258,65.8,1.230e-194,539.0
m0247,m0261,48.2,3.860e-83,251.0
m0247,m0263,37.7,1.720e-53,174.0
m0247,m0266,60.9,3.470e-113,327.0
m0247,m0267,46.9,7.470e-75,228.0
m0247,m0271,49.6,6.660e-88,263.0
m0247,m0272,46.8,8.050e-76,231.0
m0247,m0273,35.6,1.090e-30,115.0
m0247,m0276,60.0,1.580e-125,365.0
m0247,m0277,30.8,1.320e-17,76.3
m0247,m0278,63.2,1.070e-171,481.0
m0247,m0280,68.6,1.740e-204,563.0
m0247,m0281,50.5,1.500e-126,366.0
m0247,m0282,41.1,6.470e-50,162.0
m0247,m0284,39.4,1.840e-55,179.0
m0247,m0290,38.7,1.320e-52,172.0
m0247,m0292,47.9,4.630e-76,231.0
m0247,m0293,53.8,7.960e-137,393.0
m0247,m0294,72.9,8.560e-143,403.0
m0247,m0295,56.7,1.570e-153,434.0
m0247,m0297,53.6,2.670e-93,276.0
m0247,m0303,47.2,4.290e-77,234.0
m0247,m0304,52.3,7.260e-87,260.0
m0247,m0309,49.5,5.000e-78,238.0
m0247,m0311,39.8,6.750e-52,170.0
m0247,m0312,38.3,3.190e-50,164.0
m0247,m0314,67.5,1.400e-144,414.0
m0247,m0315,46.8,1.670e-74,228.0
m0247,m0317,50.7,3.200e-91,271.0
m0247,m0318,54.7,3.710e-159,450.0
m0247,m0320,49.7,5.830e-119,347.0
m0247,m0322,68.6,1.310e-148,423.0
m0247,m0324,62.1,1.400e-117,338.0
m0247,m0328,73.6,1.020e-152,429.0
m0247,m0329,46.6,9.530e-71,217.0
m0247,m0331,69.0,1.540e-209,577.0
m0247,m0332,53.8,7.690e-96,283.0
m0247,m0333,69.4,4.270e-147,420.0
m0247,m0335,44.0,3.120e-56,180.0
m0247,m0336,74.9,4.620e-147,414.0
m0247,m0337,52.0,1.870e-84,253.0
m0247,m0339,58.8,5.570e-126,366.0
m0247,m0340,61.0,7.430e-117,337.0
m0247,m0343,40.3,9.510e-60,189.0
m0247,m0344,59.9,2.440e-146,418.0
m0247,m0345,49.0,3.510e-76,233.0
m0247,m0347,68.9,3.270e-148,423.0
m0247,m0348,71.8,2.680e-154,438.0
m0247,m0349,57.6,2.770e-144,412.0
m0247,m0351,36.5,1.600e-49,164.0
m0247,m0354,41.4,4.870e-60,191.0
m0247,m0356,40.0,2.890e-53,174.0
m0247,m0363,68.3,7.190e-146,416.0
m0247,m0364,42.1,8.920e-66,205.0
m0247,m0365,47.4,9.990e-75,228.0
m0247,m0368,48.6,1.600e-79,241.0
m0247,m0369,36.7,8.230e-31,115.0
m0247,m0370,63.8,9.720e-124,354.0
m0247,m0371,34.6,6.330e-38,136.0
m0247,m0372,48.1,3.800e-75,229.0
m0247,m0377,51.3,5.220e-81,245.0
m0247,m0378,67.9,1.400e-144,414.0
m0247,m0380,52.0,1.120e-88,264.0
m0247,m0382,48.6,1.770e-76,233.0
m0247,m0383,39.0,1.480e-52,172.0
m0247,m0385,41.0,5.400e-55,178.0
m0247,m0387,41.1,3.540e-59,188.0
m0247,m0388,49.8,1.100e-81,247.0
m0247,m0390,56.3,6.540e-95,280.0
m0247,m0393,70.2,9.200e-150,427.0
m0247,m0394,49.8,1.480e-82,249.0
m0247,m0397,46.1,4.200e-114,336.0
m0247,m0399,69.2,1.820e-205,567.0
m0247,m0401,54.1,3.210e-97,286.0
m0247,m0404,51.1,6.900e-105,308.0
m0247,m0405,65.9,1.170e-128,370.0
m0247,m0407,44.6,1.300e-68,213.0
m0247,m0409,38.3,4.200e-50,166.0
m0247,m0411,51.8,1.980e-90,270.0
m0248,m0251,43.2,4.410e-70,213.0
m0248,m0253,40.1,5.420e-48,161.0
m0248,m0258,38.4,4.450e-47,157.0
m0248,m0261,49.4,1.270e-82,246.0
m0248,m0263,53.7,7.350e-95,277.0
m0248,m0266,39.3,4.040e-54,172.0
m0248,m0267,46.4,4.860e-83,245.0
m0248,m0271,46.8,1.340e-85,254.0
m0248,m0272,41.6,1.080e-60,189.0
m0248,m0273,33.9,5.500e-42,143.0
m0248,m0276,37.0,1.280e-47,160.0
m0248,m0278,39.6,5.810e-52,171.0
m0248,m0280,40.7,1.090e-53,174.0
m0248,m0281,36.9,3.510e-49,163.0
m0248,m0282,40.5,5.190e-59,183.0
m0248,m0284,38.5,5.190e-54,172.0
m0248,m0290,58.1,1.060e-126,358.0
m0248,m0292,42.6,8.890e-70,212.0
m0248,m0293,40.1,8.950e-48,160.0
m0248,m0294,38.8,1.130e-54,174.0
m0248,m0295,40.4,4.950e-52,170.0
m0248,m0297,53.3,3.910e-88,259.0
m0248,m0303,44.1,1.260e-72,220.0
m0248,m0304,51.5,5.210e-85,252.0
m0248,m0309,46.1,3.800e-76,230.0
m0248,m0311,57.0,3.560e-122,347.0
m0248,m0312,69.6,1.850e-145,404.0
m0248,m0314,40.1,3.880e-49,164.0
m0248,m0315,50.5,2.320e-87,258.0
m0248,m0317,48.7,9.170e-81,241.0
m0248,m0318,39.7,1.630e-48,162.0
m0248,m0320,38.6,4.180e-49,163.0
m0248,m0322,38.2,2.110e-48,162.0
m0248,m0324,40.5,6.140e-56,177.0
m0248,m0328,37.7,1.060e-46,154.0
m0248,m0329,52.0,1.420e-88,259.0
m0248,m0331,37.5,2.700e-50,166.0
m0248,m0332,48.4,2.630e-78,235.0
m0248,m0333,39.0,4.460e-47,159.0
m0248,m0335,40.3,3.200e-67,206.0
m0248,m0336,37.5,4.730e-48,157.0
m0248,m0337,48.9,1.990e-82,244.0
m0248,m0339,37.7,1.280e-47,160.0
m0248,m0340,41.0,3.550e-54,173.0
m0248,m0343,47.7,8.710e-71,215.0
m0248,m0344,40.1,8.150e-49,163.0
m0248,m0345,41.1,3.720e-69,211.0
m0248,m0347,39.7,2.060e-48,162.0
m0248,m0348,39.7,5.420e-48,161.0
m0248,m0349,37.3,5.920e-50,166.0
m0248,m0351,58.8,2.140e-126,357.0
m0248,m0354,52.1,4.390e-90,265.0
m0248,m0356,61.0,8.950e-132,371.0
m0248,m0363,38.6,2.150e-48,162.0
m0248,m0364,43.2,3.290e-69,211.0
m0248,m0365,43.8,2.360e-72,219.0
m0248,m0368,44.3,3.130e-78,234.0
m0248,m0369,34.5,1.420e-43,147.0
m0248,m0370,39.5,4.980e-52,167.0
m0248,m0371,38.3,2.000e-57,185.0
m0248,m0372,44.5,3.940e-74,224.0
m0248,m0377,50.8,7.450e-85,251.0
m0248,m0378,38.6,4.160e-47,159.0
m0248,m0380,45.3,1.150e-78,235.0
m0248,m0382,50.0,1.730e-86,255.0
m0248,m0383,62.6,2.600e-128,362.0
m0248,m0385,50.7,1.290e-92,272.0
m0248,m0387,41.3,5.950e-59,185.0
m0248,m0388,46.5,6.340e-82,244.0
m0248,m0390,47.7,1.050e-83,248.0
m0248,m0393,38.0,2.380e-48,162.0
m0248,m0394,42.8,1.580e-69,212.0
m0248,m0397,40.1,8.660e-57,184.0
m0248,m0399,39.8,1.800e-49,164.0
m0248,m0401,53.4,2.760e-88,260.0
m0248,m0404,39.1,1.430e-49,162.0
m0248,m0405,40.7,5.280e-52,169.0
m0248,m0407,39.6,2.560e-59,186.0
m0248,m0409,60.4,1.670e-116,333.0
m0248,m0411,46.9,8.110e-85,252.0
m0250,m0255,32.9,2.210e-39,134.0
m0250,m0275,48.0,6.940e-90,265.0
m0250,m0283,33.8,2.700e-47,157.0
m0250,m0286,39.9,2.260e-62,196.0
m0250,m0316,39.6,1.770e-62,196.0
m0250,m0321,44.8,2.270e-85,254.0
m0250,m0353,37.5,9.190e-57,179.0
m0250,m0357,34.6,3.800e-47,154.0
m0250,m0361,34.2,5.490e-42,141.0
m0250,m0384,34.3,6.840e-45,149.0
m0250,m0386,42.7,3.200e-77,233.0
m0250,m0389,38.2,3.210e-68,210.0
m0250,m0403,36.4,3.160e-50,164.0
m0250,m0412,37.3,3.850e-63,197.0
m0251,m0253,42.6,1.650e-64,204.0
m0251,m0258,42.2,4.470e-63,199.0
m0251,m0261,53.4,3.490e-101,293.0
m0251,m0263,41.9,1.300e-63,197.0
m0251,m0266,46.0,2.120e-76,229.0
m0251,m0267,47.3,1.860e-81,241.0
m0251,m0271,53.8,2.720e-101,293.0
m0251,m0272,45.7,7.460e-77,230.0
m0251,m0273,30.2,6.000e-36,126.0
m0251,m0276,43.7,3.210e-62,197.0
m0251,m0278,46.4,1.620e-69,216.0
m0251,m0280,44.2,2.770e-67,209.0
m0251,m0281,43.4,5.210e-64,201.0
m0251,m0282,43.0,1.420e-51,164.0
m0251,m0284,42.5,1.310e-68,209.0
m0251,m0287,31.4,8.340e-32,114.0
m0251,m0290,45.5,1.280e-69,212.0
m0251,m0292,44.7,7.710e-78,232.0
m0251,m0293,41.2,3.660e-67,210.0
m0251,m0294,45.6,1.120e-68,210.0
m0251,m0295,43.6,1.480e-64,202.0
m0251,m0297,55.6,1.590e-108,311.0
m0251,m0303,49.1,3.420e-87,256.0
m0251,m0304,50.7,5.260e-96,280.0
m0251,m0309,50.0,1.710e-91,268.0
m0251,m0311,43.9,2.370e-72,219.0
m0251,m0312,38.5,3.600e-61,189.0
m0251,m0314,44.0,1.880e-67,211.0
m0251,m0315,51.0,4.610e-93,272.0
m0251,m0317,55.4,2.800e-106,305.0
m0251,m0318,38.7,3.790e-59,189.0
m0251,m0320,44.9,8.490e-64,201.0
m0251,m0322,44.0,6.300e-68,212.0
m0251,m0324,43.1,1.300e-71,217.0
m0251,m0328,43.5,5.010e-67,206.0
m0251,m0329,50.0,2.510e-85,251.0
m0251,m0331,45.0,2.860e-71,220.0
m0251,m0332,56.1,6.150e-101,292.0
m0251,m0333,44.0,2.900e-67,211.0
m0251,m0335,46.4,4.440e-63,194.0
m0251,m0336,43.6,1.000e-68,210.0
m0251,m0337,55.8,1.970e-96,280.0
m0251,m0339,42.1,7.410e-60,191.0
m0251,m0340,43.4,5.410e-73,221.0
m0251,m0343,47.3,1.710e-77,231.0
m0251,m0344,43.7,1.600e-66,209.0
m0251,m0345,48.5,1.410e-91,268.0
m0251,m0347,43.0,8.030e-66,207.0
m0251,m0348,44.7,6.420e-68,213.0
m0251,m0349,44.0,1.030e-67,212.0
m0251,m0351,43.3,4.020e-71,216.0
m0251,m0354,43.3,3.440e-66,203.0
m0251,m0356,41.8,1.550e-66,204.0
m0251,m0363,44.4,4.170e-69,215.0
m0251,m0364,46.3,1.640e-76,229.0
m0251,m0365,48.1,6.240e-82,243.0
m0251,m0368,41.8,2.170e-71,216.0
m0251,m0369,33.6,6.080e-37,129.0
m0251,m0370,42.5,3.280e-64,198.0
m0251,m0371,35.4,7.950e-39,135.0
m0251,m0372,52.8,2.290e-95,277.0
m0251,m0377,54.4,4.080e-98,285.0
m0251,m0378,43.7,3.720e-67,211.0
m0251,m0380,51.4,2.220e-95,277.0
m0251,m0382,52.5,2.730e-99,287.0
m0251,m0383,43.9,1.450e-69,212.0
m0251,m0385,40.8,2.350e-60,189.0
m0251,m0387,42.6,9.230e-63,194.0
m0251,m0388,55.7,2.510e-100,291.0
m0251,m0390,55.4,5.000e-108,310.0
m0251,m0393,44.9,1.470e-68,214.0
m0251,m0394,50.7,1.700e-91,268.0
m0251,m0397,40.2,3.390e-58,187.0
m0251,m0399,44.7,1.940e-68,213.0
m0251,m0401,53.6,1.850e-102,295.0
m0251,m0404,41.3,2.740e-62,194.0
m0251,m0405,42.8,8.610e-70,215.0
m0251,m0407,46.2,1.280e-83,248.0
m0251,m0409,43.0,2.600e-66,204.0
m0251,m0411,55.5,1.090e-103,299.0
m0252,m0338,77.9,3.570e-124,346.0
m0252,m0355,55.2,3.300e-70,207.0
m0252,m0400,48.1,2.370e-57,176.0
m0253,m0258,68.9,4.610e-151,431.0
m0253,m0261,43.6,4.050e-79,242.0
m0253,m0263,40.5,5.620e-55,179.0
m0253,m0266,61.5,1.610e-120,348.0
m0253,m0267,46.7,3.680e-74,228.0
m0253,m0271,48.0,3.270e-82,250.0
m0253,m0272,45.7,6.930e-73,226.0
m0253,m0273,36.3,4.490e-35,128.0
m0253,m0276,55.3,2.480e-171,484.0
m0253,m0277,32.2,1.270e-16,73.6
m0253,m0278,62.5,5.970e-131,380.0
m0253,m0280,62.4,1.760e-133,385.0
m0253,m0281,55.2,1.180e-161,458.0
m0253,m0282,41.4,7.020e-52,169.0
m0253,m0284,38.8,1.840e-48,162.0
m0253,m0287,30.8,1.540e-29,111.0
m0253,m0290,38.8,1.630e-53,176.0
m0253,m0292,45.7,1.490e-69,216.0
m0253,m0293,53.0,1.640e-159,453.0
m0253,m0294,68.6,1.130e-137,392.0
m0253,m0295,54.9,1.950e-103,308.0
m0253,m0297,54.7,3.520e-91,273.0
m0253,m0303,45.0,1.050e-73,228.0
m0253,m0304,49.3,4.950e-81,247.0
m0253,m0309,46.6,7.220e-77,237.0
m0253,m0311,41.1,9.770e-56,181.0
m0253,m0312,38.2,8.080e-49,162.0
m0253,m0314,87.5,5.660e-305,823.0
m0253,m0315,43.3,7.280e-68,213.0
m0253,m0317,49.8,1.650e-88,266.0
m0253,m0318,50.7,6.380e-110,327.0
m0253,m0320,58.3,2.020e-165,467.0
m0253,m0322,84.0,2.890e-282,764.0
m0253,m0324,60.3,4.930e-122,352.0
m0253,m0328,62.5,9.070e-131,375.0
m0253,m0329,44.9,6.500e-66,206.0
m0253,m0331,61.1,1.230e-135,391.0
m0253,m0332,52.6,4.650e-92,275.0
m0253,m0333,84.8,1.270e-302,817.0
m0253,m0335,43.8,7.380e-58,186.0
m0253,m0336,61.9,4.020e-130,373.0
m0253,m0337,49.1,1.210e-75,232.0
m0253,m0339,55.8,3.770e-173,488.0
m0253,m0340,61.3,2.980e-120,347.0
m0253,m0343,42.1,1.480e-53,175.0
m0253,m0344,86.7,1.390e-306,827.0
m0253,m0345,49.3,3.290e-79,242.0
m0253,m0347,88.8,3.740e-310,836.0
m0253,m0348,87.0,7.120e-303,817.0
m0253,m0349,49.6,4.640e-130,379.0
m0253,m0351,39.6,4.250e-54,177.0
m0253,m0354,43.0,1.520e-58,188.0
m0253,m0356,41.4,1.160e-50,168.0
m0253,m0363,81.8,5.030e-274,744.0
m0253,m0364,40.2,2.010e-56,182.0
m0253,m0365,45.1,4.270e-72,223.0
m0253,m0368,44.9,2.740e-73,227.0
m0253,m0369,36.9,1.680e-34,126.0
m0253,m0370,61.2,1.520e-116,338.0
m0253,m0371,35.1,6.620e-38,137.0
m0253,m0372,45.9,5.030e-71,221.0
m0253,m0377,44.8,2.220e-72,224.0
m0253,m0378,87.4,1.140e-304,822.0
m0253,m0380,48.2,1.900e-77,237.0
m0253,m0382,46.8,6.660e-72,223.0
m0253,m0383,37.2,9.910e-53,174.0
m0253,m0385,39.4,6.170e-52,172.0
m0253,m0387,36.5,1.330e-47,159.0
m0253,m0388,48.4,3.510e-76,235.0
m0253,m0390,53.3,2.780e-88,265.0
m0253,m0393,84.9,4.920e-301,813.0
m0253,m0394,48.4,6.990e-80,244.0
m0253,m0397,52.3,1.410e-160,457.0
m0253,m0399,77.4,5.400e-194,541.0
m0253,m0401,53.2,1.110e-92,276.0
m0253,m0404,50.6,3.410e-117,341.0
m0253,m0405,63.4,7.140e-124,360.0
m0253,m0407,41.8,3.830e-61,195.0
m0253,m0409,40.3,4.820e-52,172.0
m0253,m0411,48.2,2.520e-85,258.0
m0255,m0268,31.9,3.100e-28,105.0
m0255,m0275,34.8,1.690e-46,153.0
m0255,m0283,32.1,2.630e-25,97.8
m0255,m0286,35.5,1.740e-34,122.0
m0255,m0316,35.1,2.150e-43,145.0
m0255,m0321,33.8,2.890e-37,129.0
m0255,m0353,39.3,3.570e-49,159.0
m0255,m0357,41.8,2.390e-55,175.0
m0255,m0361,35.6,8.830e-27,100.0
m0255,m0379,35.2,1.510e-33,120.0
m0255,m0384,35.6,7.430e-37,128.0
m0255,m0386,35.6,1.440e-38,132.0
m0255,m0389,39.0,5.460e-52,167.0
m0255,m0403,37.1,4.440e-39,134.0
m0255,m0412,35.3,2.090e-47,155.0
m0257,m0279,32.3,6.770e-23,85.5
m0257,m0327,33.2,5.250e-15,65.1
m0257,m0374,32.1,4.580e-16,67.8
m0258,m0261,47.6,1.570e-82,249.0
m0258,m0263,40.1,3.130e-58,187.0
m0258,m0266,63.6,1.080e-122,352.0
m0258,m0267,49.6,3.780e-78,236.0
m0258,m0271,50.0,8.720e-86,258.0
m0258,m0272,45.4,1.810e-74,228.0
m0258,m0273,34.0,1.010e-31,118.0
m0258,m0276,50.0,1.220e-117,345.0
m0258,m0277,32.1,1.430e-13,64.3
m0258,m0278,54.7,5.510e-143,409.0
m0258,m0280,62.8,2.560e-188,523.0
m0258,m0281,61.0,3.350e-118,345.0
m0258,m0282,37.8,1.780e-48,159.0
m0258,m0284,39.9,9.040e-51,167.0
m0258,m0287,31.1,9.230e-23,91.7
m0258,m0290,37.7,1.130e-48,162.0
m0258,m0292,47.3,2.030e-71,220.0
m0258,m0293,64.1,3.860e-125,363.0
m0258,m0294,69.8,6.720e-133,378.0
m0258,m0295,56.6,2.760e-162,457.0
m0258,m0297,54.0,1.010e-90,270.0
m0258,m0303,47.4,1.230e-79,241.0
m0258,m0304,51.7,1.340e-84,255.0
m0258,m0309,51.3,2.040e-80,244.0
m0258,m0311,39.9,3.250e-52,171.0
m0258,m0312,37.9,3.580e-47,157.0
m0258,m0314,67.5,1.850e-148,424.0
m0258,m0315,45.9,3.250e-71,220.0
m0258,m0317,52.2,3.750e-90,268.0
m0258,m0318,55.0,1.830e-160,454.0
m0258,m0320,52.6,3.840e-123,358.0
m0258,m0322,69.1,1.300e-154,439.0
m0258,m0324,63.6,2.660e-123,353.0
m0258,m0328,65.7,2.040e-128,368.0
m0258,m0329,45.8,1.340e-70,217.0
m0258,m0331,65.1,4.730e-193,535.0
m0258,m0332,56.9,3.110e-98,290.0
m0258,m0333,68.8,3.020e-153,436.0
m0258,m0335,41.3,8.970e-55,177.0
m0258,m0336,64.6,1.810e-122,352.0
m0258,m0337,50.2,6.860e-82,247.0
m0258,m0339,61.2,7.360e-122,356.0
m0258,m0340,61.8,1.060e-119,344.0
m0258,m0343,41.6,3.040e-57,183.0
m0258,m0344,68.8,8.600e-153,435.0
m0258,m0345,48.9,1.780e-76,234.0
m0258,m0347,66.9,1.850e-148,424.0
m0258,m0348,68.5,7.500e-150,427.0
m0258,m0349,66.8,3.700e-135,390.0
m0258,m0351,38.8,1.500e-49,164.0
m0258,m0354,41.2,3.660e-59,189.0
m0258,m0356,41.0,2.940e-52,171.0
m0258,m0363,64.3,4.370e-148,422.0
m0258,m0364,43.6,1.500e-63,200.0
m0258,m0365,45.5,3.200e-76,233.0
m0258,m0368,47.2,6.380e-76,232.0
m0258,m0369,36.0,1.340e-30,115.0
m0258,m0370,64.6,5.900e-118,340.0
m0258,m0371,33.2,2.510e-34,126.0
m0258,m0372,49.4,3.880e-78,238.0
m0258,m0377,49.3,8.350e-77,234.0
m0258,m0378,67.5,1.850e-148,424.0
m0258,m0380,55.1,2.040e-89,266.0
m0258,m0382,48.2,5.600e-75,229.0
m0258,m0383,39.6,2.100e-51,169.0
m0258,m0385,40.1,1.850e-50,167.0
m0258,m0387,37.0,1.230e-50,166.0
m0258,m0388,49.5,1.000e-79,243.0
m0258,m0390,54.4,1.090e-93,278.0
m0258,m0393,68.1,3.450e-153,436.0
m0258,m0394,50.5,1.350e-83,252.0
m0258,m0396,31.5,1.600e-12,60.8
m0258,m0397,48.2,3.000e-109,324.0
m0258,m0399,73.2,9.780e-223,612.0
m0258,m0401,53.8,9.510e-97,285.0
m0258,m0404,53.7,6.860e-100,295.0
m0258,m0405,64.8,8.070e-122,353.0
m0258,m0407,41.0,3.510e-61,194.0
m0258,m0409,38.8,2.130e-49,164.0
m0258,m0411,51.2,2.610e-88,265.0
m0259,m0260,50.9,4.140e-133,382.0
m0259,m0392,55.5,3.470e-152,432.0
m0260,m0392,47.2,9.020e-121,352.0
m0261,m0263,45.3,2.740e-79,238.0
m0261,m0266,48.2,3.060e-83,247.0
m0261,m0267,56.9,3.350e-106,304.0
m0261,m0271,59.9,4.390e-122,347.0
m0261,m0272,50.0,7.880e-89,261.0
m0261,m0273,32.9,1.860e-33,120.0
m0261,m0276,45.4,1.480e-80,246.0
m0261,m0278,47.1,4.590e-78,238.0
m0261,m0280,47.8,7.730e-82,247.0
m0261,m0281,44.4,7.230e-77,235.0
m0261,m0282,50.2,4.350e-72,217.0
m0261,m0284,42.6,3.560e-70,214.0
m0261,m0287,32.0,1.220e-33,119.0
m0261,m0290,50.9,7.820e-87,257.0
m0261,m0292,51.1,4.510e-94,274.0
m0261,m0293,47.7,1.000e-82,251.0
m0261,m0294,44.9,4.480e-84,250.0
m0261,m0295,47.7,2.170e-82,249.0
m0261,m0297,58.0,1.300e-121,345.0
m0261,m0303,55.3,1.250e-111,319.0
m0261,m0304,61.7,8.840e-129,363.0
m0261,m0309,52.8,4.830e-106,306.0
m0261,m0311,48.9,2.070e-86,256.0
m0261,m0312,46.4,3.010e-78,234.0
m0261,m0314,45.1,5.420e-80,244.0
m0261,m0315,59.5,7.740e-126,356.0
m0261,m0317,54.0,1.780e-111,319.0
m0261,m0318,41.1,2.670e-70,219.0
m0261,m0320,45.1,1.970e-71,221.0
m0261,m0322,45.1,1.370e-79,243.0
m0261,m0324,45.8,3.510e-87,258.0
m0261,m0328,46.0,1.170e-84,252.0
m0261,m0329,65.6,8.640e-127,357.0
m0261,m0331,47.1,4.930e-87,261.0
m0261,m0332,60.5,2.030e-128,362.0
m0261,m0333,45.5,9.690e-82,249.0
m0261,m0335,52.7,3.210e-81,241.0
m0261,m0336,47.4,2.030e-84,251.0
m0261,m0337,64.2,5.930e-129,363.0
m0261,m0339,44.7,2.870e-77,237.0
m0261,m0340,46.7,3.010e-85,253.0
m0261,m0343,52.2,8.170e-93,271.0
m0261,m0344,44.7,4.260e-80,245.0
m0261,m0345,49.3,3.790e-96,280.0
m0261,m0347,44.3,1.930e-80,246.0
m0261,m0348,43.7,3.900e-76,234.0
m0261,m0349,47.1,4.610e-82,249.0
m0261,m0351,47.8,3.710e-90,265.0
m0261,m0354,44.6,5.440e-78,234.0
m0261,m0356,45.1,1.160e-79,239.0
m0261,m0363,45.7,8.940e-81,246.0
m0261,m0364,50.9,5.260e-95,277.0
m0261,m0365,50.2,2.720e-95,278.0
m0261,m0368,48.9,1.450e-92,271.0
m0261,m0369,31.6,6.990e-31,113.0
m0261,m0370,43.8,1.500e-81,243.0
m0261,m0371,34.1,2.280e-43,148.0
m0261,m0372,54.9,1.440e-110,317.0
m0261,m0377,61.8,1.230e-128,363.0
m0261,m0378,44.3,8.480e-79,241.0
m0261,m0380,61.9,9.420e-121,342.0
m0261,m0382,56.8,4.270e-110,315.0
m0261,m0383,46.3,3.860e-80,240.0
m0261,m0385,43.8,1.710e-68,210.0
m0261,m0387,41.3,1.230e-67,207.0
m0261,m0388,62.1,5.530e-131,369.0
m0261,m0390,59.1,1.940e-119,339.0
m0261,m0393,44.5,1.330e-79,244.0
m0261,m0394,57.2,1.670e-113,324.0
m0261,m0397,43.6,2.530e-73,228.0
m0261,m0399,44.9,4.200e-83,252.0
m0261,m0401,66.1,1.440e-137,385.0
m0261,m0404,44.7,2.290e-72,221.0
m0261,m0405,47.8,1.950e-85,256.0
m0261,m0407,42.6,8.250e-73,221.0
m0261,m0409,44.6,7.660e-82,244.0
m0261,m0411,61.3,1.970e-128,363.0
m0262,m0270,37.2,6.730e-80,251.0
m0262,m0306,36.0,4.160e-65,212.0
m0262,m0326,38.3,1.030e-78,248.0
m0263,m0266,39.3,5.630e-64,198.0
m0263,m0267,48.3,8.110e-82,242.0
m0263,m0271,50.0,7.530e-88,259.0
m0263,m0272,41.5,1.110e-69,213.0
m0263,m0273,41.5,5.900e-52,169.0
m0263,m0276,44.6,1.480e-66,209.0
m0263,m0278,39.9,9.690e-55,178.0
m0263,m0280,39.8,3.200e-57,184.0
m0263,m0281,46.3,1.640e-68,214.0
m0263,m0282,40.3,3.760e-56,176.0
m0263,m0284,37.8,1.970e-57,181.0
m0263,m0287,33.3,1.090e-36,127.0
m0263,m0290,48.6,1.700e-88,261.0
m0263,m0292,46.5,1.390e-74,224.0
m0263,m0293,36.7,1.060e-51,170.0
m0263,m0294,41.4,2.500e-60,189.0
m0263,m0295,37.8,2.930e-55,179.0
m0263,m0297,50.5,2.760e-83,247.0
m0263,m0303,43.1,2.350e-70,214.0
m0263,m0304,51.3,5.600e-90,265.0
m0263,m0309,49.1,1.850e-82,246.0
m0263,m0311,49.7,9.820e-90,264.0
m0263,m0312,52.6,2.010e-94,275.0
m0263,m0314,39.7,4.180e-55,180.0
m0263,m0315,48.5,1.010e-83,249.0
m0263,m0317,45.0,5.370e-80,239.0
m0263,m0318,40.0,9.440e-59,189.0
m0263,m0320,42.3,1.800e-57,185.0
m0263,m0322,40.7,1.700e-58,188.0
m0263,m0324,40.3,1.500e-63,197.0
m0263,m0328,39.0,1.110e-54,175.0
m0263,m0329,53.2,2.890e-83,246.0
m0263,m0331,38.7,7.210e-56,181.0
m0263,m0332,50.2,4.200e-88,260.0
m0263,m0333,41.3,4.270e-56,182.0
m0263,m0335,41.5,1.490e-62,194.0
m0263,m0336,37.5,7.630e-58,183.0
m0263,m0337,48.0,7.250e-83,246.0
m0263,m0339,42.1,1.150e-65,207.0
m0263,m0340,38.1,6.130e-59,185.0
m0263,m0343,47.4,7.140e-81,241.0
m0263,m0344,41.3,2.170e-56,183.0
m0263,m0345,41.5,2.430e-67,207.0
m0263,m0347,40.1,2.250e-54,178.0
m0263,m0348,40.9,1.460e-55,181.0
m0263,m0349,40.4,1.130e-56,184.0
m0263,m0351,47.3,2.990e-89,263.0
m0263,m0354,78.6,8.700e-165,454.0
m0263,m0356,54.5,5.570e-91,268.0
m0263,m0363,41.0,4.480e-59,190.0
m0263,m0364,43.9,4.700e-72,218.0
m0263,m0365,40.7,3.150e-67,206.0
m0263,m0368,42.9,1.890e-74,225.0
m0263,m0369,38.9,6.190e-52,169.0
m0263,m0370,45.0,5.860e-70,214.0
m0263,m0371,39.2,7.440e-58,186.0
m0263,m0372,43.2,4.600e-73,221.0
m0263,m0377,45.5,9.470e-78,233.0
m0263,m0378,40.1,3.160e-54,177.0
m0263,m0380,51.6,9.750e-91,266.0
m0263,m0382,52.4,6.460e-92,269.0
m0263,m0383,49.3,3.270e-84,250.0
m0263,m0385,49.4,1.530e-83,249.0
m0263,m0387,39.2,9.790e-61,189.0
m0263,m0388,45.0,1.490e-80,241.0
m0263,m0390,49.3,2.800e-81,242.0
m0263,m0393,41.1,6.500e-56,182.0
m0263,m0394,46.8,5.310e-79,236.0
m0263,m0397,41.8,4.560e-62,198.0
m0263,m0399,39.6,2.410e-56,182.0
m0263,m0401,51.1,3.090e-90,265.0
m0263,m0404,38.4,4.050e-57,182.0
m0263,m0405,36.6,9.950e-53,171.0
m0263,m0407,37.9,5.950e-61,190.0
m0263,m0409,45.7,1.480e-84,251.0
m0263,m0411,50.5,5.670e-88,260.0
m0264,m0266,32.4,3.290e-09,50.8
m0264,m0280,30.9,7.660e-14,65.5
m0264,m0284,33.3,6.100e-13,62.0
m0264,m0292,31.6,9.560e-08,46.2
m0264,m0295,32.7,3.590e-10,54.3
m0264,m0309,34.1,6.970e-06,40.8
m0264,m0318,34.3,1.590e-12,61.6
m0264,m0328,30.4,2.990e-10,54.3
m0264,m0349,30.7,2.790e-13,63.9
m0264,m0364,38.6,1.720e-09,51.6
m0264,m0387,36.2,1.480e-12,60.8
m0264,m0390,30.6,7.270e-11,55.8
m0264,m0397,35.0,2.950e-12,60.8
m0264,m0407,31.6,5.510e-11,56.2
m0265,m0271,32.1,6.000e-16,69.3
m0265,m0273,30.6,7.010e-15,66.6
m0265,m0277,30.8,9.800e-07,42.4
m0265,m0287,30.7,1.350e-14,65.5
m0265,m0290,32.0,3.430e-17,72.8
m0265,m0292,30.3,3.090e-15,67.0
m0265,m0311,32.9,1.480e-15,68.2
m0265,m0331,30.0,8.380e-08,45.8
m0265,m0335,30.4,9.780e-14,62.8
m0265,m0337,30.9,1.610e-12,59.3
m0265,m0347,30.0,3.120e-10,53.1
m0265,m0348,30.0,2.310e-10,53.5
m0265,m0351,31.2,1.500e-15,68.2
m0265,m0387,31.7,4.180e-14,63.9
m0265,m0393,30.0,5.700e-10,52.4
m0266,m0267,51.0,3.940e-82,243.0
m0266,m0271,54.2,2.370e-96,281.0
m0266,m0272,49.5,4.340e-88,259.0
m0266,m0273,34.0,7.230e-33,118.0
m0266,m0276,56.2,2.690e-98,291.0
m0266,m0277,31.8,4.050e-15,68.2
m0266,m0278,57.2,3.180e-106,310.0
m0266,m0280,58.5,1.770e-117,338.0
m0266,m0281,56.1,1.220e-100,296.0
m0266,m0282,40.9,1.350e-53,169.0
m0266,m0284,39.1,4.270e-53,169.0
m0266,m0287,33.3,2.640e-27,102.0
m0266,m0290,41.0,3.390e-56,178.0
m0266,m0292,50.2,8.870e-81,240.0
m0266,m0293,56.3,1.150e-111,324.0
m0266,m0294,63.0,4.680e-116,331.0
m0266,m0295,72.3,3.980e-137,388.0
m0266,m0297,55.3,1.850e-96,280.0
m0266,m0303,47.8,4.030e-82,244.0
m0266,m0304,56.2,2.630e-95,278.0
m0266,m0309,53.8,2.240e-88,261.0
m0266,m0311,41.1,5.760e-57,180.0
m0266,m0312,40.2,2.100e-55,175.0
m0266,m0314,62.7,5.570e-119,344.0
m0266,m0315,48.7,9.940e-81,241.0
m0266,m0317,56.0,2.440e-101,293.0
m0266,m0318,57.6,3.610e-114,331.0
m0266,m0320,54.9,6.170e-99,291.0
m0266,m0322,63.1,1.770e-121,350.0
m0266,m0324,84.8,3.410e-171,470.0
m0266,m0328,60.1,2.810e-108,312.0
m0266,m0329,48.1,1.010e-75,226.0
m0266,m0331,57.9,1.320e-118,341.0
m0266,m0332,57.4,3.810e-101,293.0
m0266,m0333,62.4,8.480e-122,351.0
m0266,m0335,45.5,2.360e-61,190.0
m0266,m0336,58.3,9.490e-108,310.0
m0266,m0337,50.0,2.690e-85,251.0
m0266,m0339,58.1,1.020e-103,305.0
m0266,m0340,84.0,9.070e-171,469.0
m0266,m0343,42.2,3.260e-65,200.0
m0266,m0344,63.1,2.410e-121,350.0
m0266,m0345,48.6,3.590e-83,247.0
m0266,m0347,61.6,1.210e-120,348.0
m0266,m0348,61.8,2.480e-122,352.0
m0266,m0349,60.7,5.170e-117,338.0
m0266,m0351,38.9,8.580e-57,179.0
m0266,m0354,41.9,7.390e-67,205.0
m0266,m0356,42.0,3.600e-57,181.0
m0266,m0363,57.7,3.290e-114,331.0
m0266,m0364,44.5,6.120e-64,197.0
m0266,m0365,46.2,1.320e-82,245.0
m0266,m0368,49.1,1.860e-82,245.0
m0266,m0369,32.8,2.770e-34,122.0
m0266,m0370,54.3,3.280e-98,285.0
m0266,m0371,35.6,1.210e-42,145.0
m0266,m0372,46.9,8.780e-76,228.0
m0266,m0377,47.1,9.990e-80,238.0
m0266,m0378,61.2,1.580e-118,343.0
m0266,m0380,52.8,1.250e-93,273.0
m0266,m0382,48.0,6.180e-79,236.0
m0266,m0383,39.4,7.510e-56,177.0
m0266,m0385,41.2,9.090e-62,192.0
m0266,m0387,40.1,3.850e-57,180.0
m0266,m0388,48.4,1.400e-80,241.0
m0266,m0390,56.3,1.360e-99,288.0
m0266,m0393,63.2,6.780e-122,352.0
m0266,m0394,53.6,1.840e-92,270.0
m0266,m0397,60.7,1.170e-112,328.0
m0266,m0399,61.2,7.390e-127,363.0
m0266,m0401,54.2,3.240e-97,282.0
m0266,m0404,58.6,1.280e-108,313.0
m0266,m0405,59.5,8.960e-115,330.0
m0266,m0407,46.4,1.780e-74,224.0
m0266,m0409,38.5,7.600e-58,182.0
m0266,m0411,53.3,2.210e-97,283.0
m0267,m0271,61.4,5.030e-116,329.0
m0267,m0272,48.6,2.930e-79,235.0
m0267,m0273,35.2,4.960e-38,131.0
m0267,m0276,46.5,5.990e-74,227.0
m0267,m0278,43.8,1.460e-67,209.0
m0267,m0280,48.1,6.670e-72,220.0
m0267,m0281,46.7,1.950e-74,227.0
m0267,m0282,45.0,4.200e-64,195.0
m0267,m0284,43.9,1.220e-69,211.0
m0267,m0287,30.7,2.200e-30,109.0
m0267,m0290,46.0,1.210e-78,234.0
m0267,m0292,54.9,4.190e-93,270.0
m0267,m0293,44.4,1.920e-67,209.0
m0267,m0294,47.1,8.560e-77,229.0
m0267,m0295,51.0,2.950e-80,241.0
m0267,m0297,59.3,1.070e-108,310.0
m0267,m0303,51.4,3.680e-94,273.0
m0267,m0304,62.9,2.420e-116,330.0
m0267,m0309,57.8,4.510e-104,299.0
m0267,m0311,48.1,1.890e-82,244.0
m0267,m0312,46.2,2.470e-81,240.0
m0267,m0314,48.1,3.500e-75,230.0
m0267,m0315,54.8,2.790e-94,274.0
m0267,m0317,59.8,3.510e-109,311.0
m0267,m0318,44.4,4.790e-65,204.0
m0267,m0320,47.8,2.820e-75,229.0
m0267,m0322,47.9,6.360e-75,229.0
m0267,m0324,48.2,7.390e-82,242.0
m0267,m0328,46.3,7.980e-75,225.0
m0267,m0329,55.3,8.290e-97,279.0
m0267,m0331,49.0,5.950e-74,226.0
m0267,m0332,60.1,1.160e-110,315.0
m0267,m0333,47.5,1.530e-74,229.0
m0267,m0335,51.5,8.860e-80,236.0
m0267,m0336,47.7,8.420e-79,235.0
m0267,m0337,56.2,1.040e-103,297.0
m0267,m0339,46.5,1.680e-73,226.0
m0267,m0340,49.0,4.520e-80,238.0
m0267,m0343,46.3,4.130e-76,227.0
m0267,m0344,47.1,1.080e-74,229.0
m0267,m0345,52.9,3.690e-89,261.0
m0267,m0347,46.7,2.750e-74,228.0
m0267,m0348,47.1,1.780e-71,221.0
m0267,m0349,48.6,7.420e-75,229.0
m0267,m0351,45.5,7.460e-80,237.0
m0267,m0354,48.1,1.950e-79,236.0
m0267,m0356,46.6,2.330e-77,231.0
m0267,m0363,48.3,9.210e-75,229.0
m0267,m0364,53.3,1.260e-91,266.0
m0267,m0365,53.7,2.780e-98,283.0
m0267,m0368,50.6,4.770e-94,273.0
m0267,m0369,35.7,2.140e-34,121.0
m0267,m0370,45.9,1.780e-75,226.0
m0267,m0371,34.0,8.760e-42,142.0
m0267,m0372,54.1,1.700e-97,281.0
m0267,m0377,56.5,7.930e-103,295.0
m0267,m0378,47.5,3.870e-74,228.0
m0267,m0380,61.2,3.120e-112,319.0
m0267,m0382,50.6,5.390e-94,273.0
m0267,m0383,48.1,4.970e-84,248.0
m0267,m0385,44.5,1.370e-71,216.0
m0267,m0387,45.8,1.610e-72,218.0
m0267,m0388,55.6,3.460e-100,289.0
m0267,m0390,60.3,1.900e-112,320.0
m0267,m0393,48.3,2.380e-74,228.0
m0267,m0394,57.8,1.640e-106,305.0
m0267,m0397,45.5,4.440e-68,212.0
m0267,m0399,48.5,7.690e-75,229.0
m0267,m0401,63.7,7.540e-121,341.0
m0267,m0404,43.5,1.480e-65,202.0
m0267,m0405,46.3,7.120e-72,219.0
m0267,m0407,47.2,9.280e-76,226.0
m0267,m0409,45.0,2.560e-75,226.0
m0267,m0411,62.9,8.100e-118,334.0
m0268,m0275,31.9,1.440e-35,126.0
m0268,m0286,33.6,1.390e-29,110.0
m0268,m0316,33.1,1.470e-32,118.0
m0268,m0321,30.9,5.190e-36,127.0
m0268,m0353,31.0,3.430e-24,94.4
m0268,m0357,30.6,4.560e-27,102.0
m0268,m0379,61.0,1.220e-142,402.0
m0268,m0384,31.6,5.710e-26,100.0
m0268,m0386,33.2,2.580e-28,106.0
m0268,m0412,31.8,5.140e-31,114.0
m0270,m0306,39.4,3.560e-94,288.0
m0270,m0326,41.8,1.770e-105,317.0
m0271,m0272,49.3,3.850e-95,278.0
m0271,m0273,34.3,1.400e-36,129.0
m0271,m0276,46.7,1.340e-85,259.0
m0271,m0278,46.9,1.450e-80,245.0
m0271,m0280,49.1,2.700e-83,251.0
m0271,m0281,49.0,3.270e-85,257.0
m0271,m0282,47.3,1.230e-69,211.0
m0271,m0284,43.6,8.620e-72,218.0
m0271,m0290,48.5,1.560e-92,271.0
m0271,m0292,56.7,9.760e-114,324.0
m0271,m0293,49.1,4.990e-87,262.0
m0271,m0294,48.5,8.370e-88,259.0
m0271,m0295,52.8,1.850e-90,270.0
m0271,m0297,63.8,3.330e-132,372.0
m0271,m0303,56.5,1.380e-111,319.0
m0271,m0304,69.7,2.450e-155,431.0
m0271,m0309,58.6,5.950e-125,354.0
m0271,m0311,48.5,8.710e-89,262.0
m0271,m0312,46.4,1.580e-81,242.0
m0271,m0314,47.4,7.800e-84,254.0
m0271,m0315,59.8,7.160e-120,341.0
m0271,m0317,63.0,2.380e-129,364.0
m0271,m0318,44.4,2.820e-74,229.0
m0271,m0320,47.6,4.090e-78,238.0
m0271,m0322,48.2,3.920e-86,260.0
m0271,m0324,53.4,3.810e-100,291.0
m0271,m0328,46.9,5.380e-81,243.0
m0271,m0329,61.3,1.450e-116,331.0
m0271,m0331,50.2,1.530e-89,268.0
m0271,m0332,62.9,1.320e-134,378.0
m0271,m0333,49.1,2.190e-84,256.0
m0271,m0335,53.0,8.350e-85,251.0
m0271,m0336,50.0,3.620e-91,268.0
m0271,m0337,64.8,4.470e-134,376.0
m0271,m0339,47.2,3.720e-82,250.0
m0271,m0340,53.1,6.610e-98,285.0
m0271,m0341,36.5,2.840e-07,45.1
m0271,m0343,50.0,1.700e-95,278.0
m0271,m0344,48.5,4.420e-87,263.0
m0271,m0345,50.9,9.600e-95,277.0
m0271,m0347,49.5,1.970e-84,256.0
m0271,m0348,49.5,1.860e-84,256.0
m0271,m0349,50.3,4.650e-89,268.0
m0271,m0351,47.7,4.080e-90,265.0
m0271,m0354,49.6,3.250e-88,260.0
m0271,m0356,47.9,1.410e-81,244.0
m0271,m0363,49.1,2.270e-85,258.0
m0271,m0364,55.0,1.170e-104,301.0
m0271,m0365,51.3,1.300e-101,294.0
m0271,m0368,51.6,4.340e-100,290.0
m0271,m0369,33.5,2.820e-36,128.0
m0271,m0370,47.6,1.390e-85,254.0
m0271,m0371,36.0,1.450e-48,162.0
m0271,m0372,60.2,1.080e-120,342.0
m0271,m0377,63.6,2.040e-130,367.0
m0271,m0378,47.7,9.870e-85,257.0
m0271,m0380,69.5,7.050e-138,386.0
m0271,m0382,61.0,1.500e-118,337.0
m0271,m0383,43.9,1.710e-79,238.0
m0271,m0385,47.4,1.700e-83,249.0
m0271,m0387,47.6,6.100e-80,239.0
m0271,m0388,62.3,1.530e-131,371.0
m0271,m0390,61.4,1.010e-129,365.0
m0271,m0393,48.5,8.670e-85,257.0
m0271,m0394,65.0,3.410e-140,392.0
m0271,m0397,47.6,6.330e-82,250.0
m0271,m0399,49.2,9.360e-86,259.0
m0271,m0401,71.1,1.090e-149,416.0
m0271,m0404,47.2,5.580e-77,233.0
m0271,m0405,47.6,1.690e-87,261.0
m0271,m0407,47.9,3.020e-87,258.0
m0271,m0409,43.4,3.170e-76,230.0
m0271,m0411,76.2,3.340e-170,469.0
m0272,m0273,31.4,1.000e-32,118.0
m0272,m0276,45.1,5.130e-74,228.0
m0272,m0278,46.3,3.690e-73,225.0
m0272,m0280,47.2,4.070e-78,237.0
m0272,m0281,44.0,2.620e-73,226.0
m0272,m0282,40.9,7.620e-56,175.0
m0272,m0284,43.5,1.610e-62,194.0
m0272,m0290,41.5,8.930e-66,202.0
m0272,m0292,46.6,4.800e-83,246.0
m0272,m0293,48.1,9.070e-77,235.0
m0272,m0294,44.8,1.280e-77,233.0
m0272,m0295,43.5,3.990e-73,224.0
m0272,m0297,51.0,5.830e-85,251.0
m0272,m0303,43.9,5.460e-77,231.0
m0272,m0304,50.9,8.580e-94,274.0
m0272,m0309,52.8,2.010e-94,276.0
m0272,m0311,42.9,5.960e-66,203.0
m0272,m0312,42.7,1.070e-61,191.0
m0272,m0314,45.9,1.850e-73,227.0
m0272,m0315,45.3,1.350e-83,248.0
m0272,m0317,51.1,7.870e-90,263.0
m0272,m0318,42.8,4.540e-71,221.0
m0272,m0320,44.7,1.150e-69,216.0
m0272,m0322,43.8,2.390e-73,226.0
m0272,m0324,45.5,4.660e-87,257.0
m0272,m0328,44.3,2.390e-75,228.0
m0272,m0329,47.1,6.440e-82,242.0
m0272,m0331,43.0,2.290e-75,231.0
m0272,m0332,49.3,3.020e-90,265.0
m0272,m0333,45.1,1.310e-74,230.0
m0272,m0335,42.9,2.650e-63,195.0
m0272,m0336,46.9,1.150e-77,233.0
m0272,m0337,48.2,1.900e-85,252.0
m0272,m0339,43.4,3.150e-72,224.0
m0272,m0340,46.0,2.400e-81,242.0
m0272,m0343,46.9,5.530e-72,218.0
m0272,m0344,46.6,3.680e-74,229.0
m0272,m0345,44.2,5.680e-74,223.0
m0272,m0347,45.2,2.040e-72,224.0
m0272,m0348,46.2,1.760e-73,227.0
m0272,m0349,44.1,9.940e-74,228.0
m0272,m0351,41.9,7.950e-64,197.0
m0272,m0354,41.4,7.270e-70,213.0
m0272,m0356,41.1,2.920e-59,186.0
m0272,m0363,45.9,9.680e-73,225.0
m0272,m0364,43.8,2.550e-74,224.0
m0272,m0365,45.2,9.790e-80,238.0
m0272,m0368,48.0,1.700e-80,240.0
m0272,m0369,34.4,1.010e-35,126.0
m0272,m0370,45.1,2.650e-76,229.0
m0272,m0371,33.7,1.300e-38,135.0
m0272,m0372,46.8,1.420e-82,245.0
m0272,m0377,47.3,6.440e-86,254.0
m0272,m0378,44.8,1.130e-71,223.0
m0272,m0380,52.0,5.070e-98,284.0
m0272,m0382,50.5,1.220e-86,255.0
m0272,m0383,41.2,3.550e-66,204.0
m0272,m0385,41.5,1.620e-62,194.0
m0272,m0387,41.7,1.100e-59,186.0
m0272,m0388,46.4,1.180e-84,251.0
m0272,m0390,49.3,3.500e-87,257.0
m0272,m0393,46.2,1.370e-71,223.0
m0272,m0394,48.0,5.120e-87,256.0
m0272,m0397,42.9,8.080e-67,210.0
m0272,m0399,48.2,3.400e-78,239.0
m0272,m0401,48.7,9.680e-89,261.0
m0272,m0404,43.9,8.620e-72,219.0
m0272,m0405,46.9,2.130e-75,229.0
m0272,m0407,40.6,7.500e-65,200.0
m0272,m0409,42.9,7.080e-65,201.0
m0272,m0411,49.3,7.200e-96,280.0
m0273,m0276,30.0,7.840e-31,116.0
m0273,m0278,35.2,7.390e-36,129.0
m0273,m0280,32.9,2.880e-31,116.0
m0273,m0281,32.9,2.160e-31,117.0
m0273,m0282,33.8,9.910e-27,100.0
m0273,m0284,32.1,2.950e-26,100.0
m0273,m0287,33.7,1.910e-33,120.0
m0273,m0290,35.1,3.740e-49,162.0
m0273,m0291,30.0,3.860e-21,86.3
m0273,m0292,33.2,4.330e-38,132.0
m0273,m0293,30.6,3.870e-29,111.0
m0273,m0294,34.4,1.980e-35,125.0
m0273,m0297,35.2,1.230e-36,128.0
m0273,m0303,31.8,1.670e-35,125.0
m0273,m0304,34.3,4.930e-38,132.0
m0273,m0309,36.4,4.190e-40,138.0
m0273,m0311,36.5,2.340e-50,165.0
m0273,m0312,34.8,1.310e-46,154.0
m0273,m0314,34.4,7.060e-37,133.0
m0273,m0315,36.8,1.640e-36,128.0
m0273,m0317,35.5,1.220e-34,123.0
m0273,m0318,35.4,9.630e-34,124.0
m0273,m0320,33.2,2.500e-30,114.0
m0273,m0322,35.2,1.480e-36,132.0
m0273,m0324,31.6,2.380e-31,114.0
m0273,m0328,35.6,3.480e-34,123.0
m0273,m0329,33.9,2.310e-34,121.0
m0273,m0331,33.6,6.820e-31,115.0
m0273,m0332,35.6,1.640e-36,128.0
m0273,m0333,37.0,3.510e-35,128.0
m0273,m0335,33.5,9.380e-33,117.0
m0273,m0336,35.0,8.940e-33,119.0
m0273,m0337,32.6,4.990e-32,115.0
m0273,m0339,30.5,5.190e-30,114.0
m0273,m0340,34.6,2.260e-35,125.0
m0273,m0343,32.3,1.940e-33,119.0
m0273,m0344,35.4,4.830e-35,128.0
m0273,m0345,32.0,1.540e-29,109.0
m0273,m0347,36.7,2.560e-36,131.0
m0273,m0348,34.4,1.240e-35,129.0
m0273,m0349,35.6,1.870e-33,123.0
m0273,m0351,35.6,4.890e-50,164.0
m0273,m0354,37.5,8.410e-46,152.0
m0273,m0356,38.9,9.370e-48,158.0
m0273,m0363,33.0,1.120e-37,135.0
m0273,m0364,36.0,4.270e-33,119.0
m0273,m0365,32.8,1.110e-36,128.0
m0273,m0368,32.1,7.570e-36,126.0
m0273,m0369,61.0,4.950e-170,473.0
m0273,m0370,35.6,4.990e-34,122.0
m0273,m0371,30.6,8.170e-22,90.1
m0273,m0372,33.6,1.220e-34,123.0
m0273,m0377,33.9,7.880e-35,124.0
m0273,m0378,35.4,6.720e-36,130.0
m0273,m0380,34.3,3.770e-40,137.0
m0273,m0382,33.2,3.370e-34,122.0
m0273,m0383,40.2,1.210e-52,171.0
m0273,m0385,32.6,3.030e-38,133.0
m0273,m0387,32.7,6.540e-32,115.0
m0273,m0388,31.2,1.420e-28,107.0
m0273,m0390,34.3,1.380e-34,123.0
m0273,m0393,36.7,2.670e-35,129.0
m0273,m0394,32.6,1.020e-31,115.0
m0273,m0397,37.7,1.990e-35,129.0
m0273,m0399,34.1,7.330e-38,135.0
m0273,m0401,33.6,3.410e-35,124.0
m0273,m0404,36.0,2.150e-34,124.0
m0273,m0405,30.8,4.090e-27,104.0
m0273,m0407,36.3,5.460e-33,119.0
m0273,m0409,39.0,4.330e-56,180.0
m0273,m0411,34.4,2.100e-33,120.0
m0274,m0305,31.6,6.310e-10,53.1
m0275,m0283,40.4,2.180e-69,215.0
m0275,m0286,47.9,1.300e-89,267.0
m0275,m0316,46.0,3.290e-90,268.0
m0275,m0321,59.2,4.830e-124,353.0
m0275,m0353,41.9,8.400e-67,206.0
m0275,m0357,35.5,1.140e-52,169.0
m0275,m0361,33.5,2.300e-48,159.0
m0275,m0379,30.3,1.750e-39,137.0
m0275,m0384,35.0,1.800e-49,162.0
m0275,m0386,50.5,2.180e-105,306.0
m0275,m0389,47.2,3.340e-99,290.0
m0275,m0403,43.2,2.530e-79,239.0
m0275,m0412,45.6,8.810e-86,256.0
m0276,m0278,61.3,2.500e-114,337.0
m0276,m0280,52.8,5.450e-133,384.0
m0276,m0281,85.7,1.060e-276,749.0
m0276,m0282,42.7,2.870e-53,172.0
m0276,m0284,35.8,8.120e-49,162.0
m0276,m0287,32.1,1.630e-27,105.0
m0276,m0290,39.7,7.080e-54,176.0
m0276,m0292,45.8,3.620e-72,223.0
m0276,m0293,56.4,1.160e-167,473.0
m0276,m0294,65.3,2.130e-128,368.0
m0276,m0295,44.2,1.330e-89,273.0
m0276,m0297,47.3,1.420e-85,258.0
m0276,m0303,45.3,2.860e-78,239.0
m0276,m0304,48.8,6.490e-86,259.0
m0276,m0309,46.0,8.550e-80,244.0
m0276,m0311,38.9,9.330e-54,176.0
m0276,m0312,36.3,1.060e-46,156.0
m0276,m0314,55.2,1.750e-169,479.0
m0276,m0315,43.1,3.890e-69,216.0
m0276,m0317,49.6,2.950e-84,254.0
m0276,m0318,44.2,1.420e-106,318.0
m0276,m0320,69.9,2.380e-215,593.0
m0276,m0322,56.9,7.760e-174,489.0
m0276,m0324,54.0,3.640e-101,298.0
m0276,m0328,67.1,2.040e-145,412.0
m0276,m0329,46.6,3.490e-67,209.0
m0276,m0331,52.4,7.280e-138,397.0
m0276,m0332,51.5,5.900e-91,272.0
m0276,m0333,54.8,1.870e-172,487.0
m0276,m0335,44.7,2.710e-60,192.0
m0276,m0336,68.6,5.910e-143,405.0
m0276,m0337,48.0,1.280e-79,242.0
m0276,m0339,89.0,1.310e-310,836.0
m0276,m0340,52.4,4.340e-99,293.0
m0276,m0343,41.9,8.970e-54,175.0
m0276,m0344,55.1,1.630e-173,489.0
m0276,m0345,49.1,1.170e-77,238.0
m0276,m0347,55.4,1.070e-170,482.0
m0276,m0348,55.2,8.140e-170,480.0
m0276,m0349,50.3,8.580e-134,388.0
m0276,m0351,38.1,4.030e-52,172.0
m0276,m0354,43.1,3.370e-63,200.0
m0276,m0356,38.9,1.940e-50,167.0
m0276,m0363,54.9,9.320e-168,474.0
m0276,m0364,41.1,2.540e-64,203.0
m0276,m0365,47.9,3.760e-78,239.0
m0276,m0368,48.3,3.910e-84,254.0
m0276,m0369,35.3,3.160e-31,117.0
m0276,m0370,81.4,1.480e-174,485.0
m0276,m0371,34.5,2.550e-35,130.0
m0276,m0372,41.9,1.630e-70,219.0
m0276,m0377,44.6,5.880e-74,228.0
m0276,m0378,52.9,4.660e-167,473.0
m0276,m0380,50.0,5.700e-87,261.0
m0276,m0382,48.0,1.440e-68,214.0
m0276,m0383,36.1,1.420e-48,162.0
m0276,m0385,38.3,1.300e-53,176.0
m0276,m0387,39.5,1.570e-54,177.0
m0276,m0388,48.4,4.020e-76,234.0
m0276,m0390,51.0,9.910e-84,253.0
m0276,m0393,56.3,2.300e-174,492.0
m0276,m0394,46.4,1.810e-81,248.0
m0276,m0397,49.9,5.270e-161,458.0
m0276,m0399,50.1,2.800e-126,368.0
m0276,m0401,54.1,1.410e-91,273.0
m0276,m0404,50.9,7.550e-117,340.0
m0276,m0405,63.4,6.320e-123,357.0
m0276,m0407,42.5,5.390e-67,210.0
m0276,m0409,40.5,5.470e-53,174.0
m0276,m0411,47.3,3.230e-90,271.0
m0277,m0278,35.0,4.750e-17,74.7
m0277,m0292,30.5,4.490e-13,62.0
m0277,m0295,30.0,9.650e-15,67.8
m0277,m0309,30.2,3.090e-16,71.6
m0277,m0314,35.7,1.280e-16,73.6
m0277,m0328,31.2,8.050e-14,64.7
m0277,m0332,30.5,8.810e-11,55.5
m0277,m0333,30.7,4.230e-16,72.0
m0277,m0339,33.8,6.970e-12,59.3
m0277,m0344,32.6,1.030e-15,70.9
m0277,m0347,35.1,5.660e-16,71.6
m0277,m0348,31.5,1.370e-15,70.5
m0277,m0354,31.9,2.150e-15,68.9
m0277,m0356,33.6,2.390e-13,63.2
m0277,m0363,31.2,2.250e-16,72.8
m0277,m0378,33.9,4.200e-16,72.0
m0277,m0393,30.7,1.300e-16,73.6
m0277,m0396,46.9,8.090e-81,239.0
m0277,m0397,32.1,1.180e-20,85.5
m0277,m0399,35.2,3.680e-17,75.1
m0277,m0401,31.4,8.370e-14,64.3
m0278,m0280,56.0,1.590e-145,414.0
m0278,m0281,59.6,1.260e-112,332.0
m0278,m0282,35.5,3.600e-45,150.0
m0278,m0284,40.1,3.090e-55,179.0
m0278,m0287,30.8,5.570e-26,100.0
m0278,m0290,40.3,4.920e-55,179.0
m0278,m0292,43.2,2.410e-65,204.0
m0278,m0293,62.1,5.690e-122,356.0
m0278,m0294,68.3,6.150e-131,374.0
m0278,m0295,47.8,6.070e-107,316.0
m0278,m0297,49.8,4.900e-85,256.0
m0278,m0303,47.5,3.460e-72,223.0
m0278,m0304,49.3,6.940e-78,238.0
m0278,m0309,42.9,9.770e-71,220.0
m0278,m0311,38.2,1.650e-50,167.0
m0278,m0312,38.4,1.070e-48,161.0
m0278,m0314,56.7,1.390e-132,384.0
m0278,m0315,45.1,3.650e-69,215.0
m0278,m0317,47.3,6.430e-79,240.0
m0278,m0318,47.6,1.180e-108,322.0
m0278,m0320,49.9,8.030e-106,314.0
m0278,m0322,56.6,2.910e-138,398.0
m0278,m0324,56.0,8.870e-106,309.0
m0278,m0328,73.4,1.420e-138,394.0
m0278,m0329,46.8,1.510e-68,212.0
m0278,m0331,56.1,7.320e-146,416.0
m0278,m0332,52.2,2.280e-86,259.0
m0278,m0333,54.9,2.140e-135,391.0
m0278,m0335,36.4,3.410e-47,157.0
m0278,m0336,74.9,2.710e-139,395.0
m0278,m0337,46.8,6.200e-73,224.0
m0278,m0339,61.4,7.810e-116,341.0
m0278,m0340,58.4,2.340e-105,308.0
m0278,m0343,42.7,5.480e-52,170.0
m0278,m0344,62.7,2.900e-130,378.0
m0278,m0345,45.8,2.800e-71,221.0
m0278,m0347,56.6,1.330e-135,392.0
m0278,m0348,57.0,4.590e-133,385.0
m0278,m0349,62.7,1.160e-128,374.0
m0278,m0351,39.5,3.760e-54,176.0
m0278,m0354,40.1,4.810e-54,176.0
m0278,m0356,36.2,1.520e-55,180.0
m0278,m0363,58.6,1.080e-143,412.0
m0278,m0364,43.6,3.220e-61,194.0
m0278,m0365,45.0,4.390e-69,214.0
m0278,m0368,48.3,2.280e-72,223.0
m0278,m0369,32.8,2.070e-30,114.0
m0278,m0370,62.2,4.890e-114,330.0
m0278,m0371,31.1,4.720e-32,120.0
m0278,m0372,49.4,2.450e-72,223.0
m0278,m0377,47.3,1.460e-70,219.0
m0278,m0378,64.5,3.770e-135,390.0
m0278,m0380,51.2,4.920e-78,238.0
m0278,m0382,47.9,6.190e-70,217.0
m0278,m0383,35.2,7.960e-49,162.0
m0278,m0385,39.9,2.840e-52,172.0
m0278,m0387,34.3,5.170e-52,170.0
m0278,m0388,46.4,2.930e-78,239.0
m0278,m0390,49.5,1.090e-84,255.0
m0278,m0393,64.8,1.720e-135,392.0
m0278,m0394,48.3,4.360e-75,230.0
m0278,m0396,30.4,5.810e-10,53.1
m0278,m0397,53.6,2.630e-98,296.0
m0278,m0399,56.9,1.860e-145,416.0
m0278,m0401,51.1,9.780e-85,255.0
m0278,m0404,52.7,2.100e-98,292.0
m0278,m0405,61.6,2.670e-117,342.0
m0278,m0407,39.3,6.260e-61,194.0
m0278,m0409,34.7,7.500e-48,160.0
m0278,m0411,48.1,1.390e-81,248.0
m0279,m0338,32.7,3.590e-28,100.0
m0279,m0355,31.2,8.900e-22,82.8
m0280,m0281,51.2,1.340e-131,379.0
m0280,m0282,40.6,1.830e-52,169.0
m0280,m0284,39.7,5.560e-57,182.0
m0280,m0287,31.2,1.540e-25,99.4
m0280,m0290,38.8,3.100e-53,173.0
m0280,m0292,48.9,2.930e-76,232.0
m0280,m0293,60.6,1.070e-153,436.0
m0280,m0294,65.4,2.370e-124,356.0
m0280,m0295,56.8,1.260e-156,442.0
m0280,m0297,55.1,5.380e-92,273.0
m0280,m0303,47.9,6.070e-76,231.0
m0280,m0304,52.1,2.340e-81,246.0
m0280,m0309,48.9,7.970e-79,240.0
m0280,m0311,39.4,6.170e-52,170.0
m0280,m0312,38.4,5.760e-50,164.0
m0280,m0314,62.7,1.640e-134,388.0
m0280,m0315,47.1,6.620e-73,224.0
m0280,m0317,53.5,6.250e-93,275.0
m0280,m0318,57.7,1.370e-165,466.0
m0280,m0320,55.3,4.240e-123,357.0
m0280,m0322,56.8,1.170e-135,390.0
m0280,m0324,61.3,5.350e-119,342.0
m0280,m0328,64.8,1.650e-133,380.0
m0280,m0329,46.8,3.050e-71,218.0
m0280,m0331,83.1,6.990e-256,694.0
m0280,m0332,55.0,4.240e-97,286.0
m0280,m0333,53.2,1.630e-135,390.0
m0280,m0335,43.0,5.550e-60,190.0
m0280,m0336,66.8,2.410e-131,374.0
m0280,m0337,50.7,3.330e-84,252.0
m0280,m0339,51.5,1.250e-131,380.0
m0280,m0340,62.0,7.030e-119,342.0
m0280,m0343,41.1,7.870e-61,192.0
m0280,m0344,63.8,3.550e-137,395.0
m0280,m0345,48.2,2.490e-75,230.0
m0280,m0347,57.6,1.010e-135,391.0
m0280,m0348,63.0,5.410e-135,389.0
m0280,m0349,83.6,1.510e-177,497.0
m0280,m0351,38.7,8.580e-53,172.0
m0280,m0354,40.9,1.340e-58,187.0
m0280,m0356,39.3,1.250e-49,164.0
m0280,m0363,61.3,7.260e-132,380.0
m0280,m0364,40.2,8.440e-62,195.0
m0280,m0365,47.6,1.420e-79,241.0
m0280,m0368,49.5,1.430e-79,241.0
m0280,m0369,35.2,9.120e-34,123.0
m0280,m0370,67.4,5.580e-132,375.0
m0280,m0371,33.9,1.540e-37,135.0
m0280,m0372,48.6,1.350e-74,228.0
m0280,m0377,48.0,1.860e-80,243.0
m0280,m0378,56.2,3.030e-132,382.0
m0280,m0380,52.0,1.800e-86,258.0
m0280,m0382,46.8,1.580e-76,233.0
m0280,m0383,38.2,8.400e-50,164.0
m0280,m0385,41.7,3.510e-55,179.0
m0280,m0387,40.8,1.260e-58,187.0
m0280,m0388,48.0,4.930e-79,240.0
m0280,m0390,54.0,2.120e-92,274.0
m0280,m0393,54.8,1.380e-132,383.0
m0280,m0394,51.0,7.490e-79,239.0
m0280,m0397,50.1,2.590e-114,337.0
m0280,m0399,67.3,7.340e-204,563.0
m0280,m0401,53.0,1.470e-94,279.0
m0280,m0404,57.6,4.870e-112,326.0
m0280,m0405,75.8,1.790e-149,422.0
m0280,m0407,43.7,7.450e-70,216.0
m0280,m0409,40.3,2.940e-54,176.0
m0280,m0411,50.7,3.980e-89,266.0
m0281,m0282,43.1,3.670e-55,177.0
m0281,m0284,37.1,4.050e-51,168.0
m0281,m0287,30.4,8.190e-31,114.0
m0281,m0290,40.1,4.260e-57,184.0
m0281,m0292,46.7,2.750e-77,235.0
m0281,m0293,54.4,2.180e-160,454.0
m0281,m0294,66.0,1.750e-130,372.0
m0281,m0295,42.5,1.120e-89,272.0
m0281,m0297,48.4,3.860e-87,261.0
m0281,m0303,45.6,2.020e-77,236.0
m0281,m0304,49.1,7.920e-86,258.0
m0281,m0309,48.0,1.530e-82,250.0
m0281,m0311,39.9,3.710e-58,187.0
m0281,m0312,36.9,4.850e-51,167.0
m0281,m0314,54.5,2.350e-159,452.0
m0281,m0315,42.9,3.310e-70,218.0
m0281,m0317,49.3,3.630e-84,253.0
m0281,m0318,44.9,1.310e-110,327.0
m0281,m0320,69.0,8.770e-206,568.0
m0281,m0322,55.1,4.330e-163,461.0
m0281,m0324,53.7,1.920e-99,293.0
m0281,m0328,68.7,3.030e-145,411.0
m0281,m0329,45.7,2.450e-70,217.0
m0281,m0331,52.5,1.090e-137,395.0
m0281,m0332,52.6,2.820e-90,270.0
m0281,m0333,53.8,6.680e-160,454.0
m0281,m0335,44.7,2.470e-61,194.0
m0281,m0336,69.7,8.830e-143,404.0
m0281,m0337,48.4,3.210e-82,248.0
m0281,m0339,84.9,3.540e-275,745.0
m0281,m0340,53.7,3.570e-99,292.0
m0281,m0343,39.3,7.530e-57,182.0
m0281,m0344,55.6,3.320e-165,467.0
m0281,m0345,49.8,8.480e-83,250.0
m0281,m0347,55.2,3.580e-161,457.0
m0281,m0348,55.1,1.180e-161,458.0
m0281,m0349,52.1,6.600e-128,372.0
m0281,m0351,38.8,9.040e-56,181.0
m0281,m0354,42.9,5.420e-65,204.0
m0281,m0356,39.4,2.440e-53,174.0
m0281,m0363,53.2,1.940e-159,452.0
m0281,m0364,42.9,1.130e-65,206.0
m0281,m0365,46.4,5.360e-80,243.0
m0281,m0368,49.5,4.780e-87,261.0
m0281,m0369,36.1,1.190e-31,118.0
m0281,m0370,80.5,1.550e-169,471.0
m0281,m0371,34.1,1.860e-37,135.0
m0281,m0372,45.4,3.010e-70,218.0
m0281,m0377,45.7,4.340e-76,233.0
m0281,m0378,52.7,5.060e-156,444.0
m0281,m0380,52.7,6.690e-93,276.0
m0281,m0382,46.9,1.570e-70,218.0
m0281,m0383,34.6,8.350e-48,160.0
m0281,m0385,40.3,2.180e-56,182.0
m0281,m0387,39.5,2.130e-55,179.0
m0281,m0388,47.9,1.470e-78,240.0
m0281,m0390,50.5,9.560e-89,265.0
m0281,m0393,56.4,1.890e-165,468.0
m0281,m0394,47.9,5.640e-85,256.0
m0281,m0397,50.6,1.750e-156,445.0
m0281,m0399,49.9,5.820e-126,366.0
m0281,m0401,51.8,9.530e-91,270.0
m0281,m0404,50.4,8.060e-112,326.0
m0281,m0405,61.6,1.450e-119,347.0
m0281,m0407,43.3,8.370e-69,214.0
m0281,m0409,42.1,4.390e-57,184.0
m0281,m0411,48.4,2.460e-88,265.0
m0282,m0284,38.6,4.000e-45,147.0
m0282,m0287,37.0,1.370e-32,115.0
m0282,m0290,41.6,1.880e-56,177.0
m0282,m0291,30.1,4.810e-23,89.4
m0282,m0292,45.0,2.420e-59,183.0
m0282,m0293,41.5,6.170e-51,166.0
m0282,m0294,41.4,2.150e-49,159.0
m0282,m0295,39.9,1.790e-49,161.0
m0282,m0297,44.6,2.450e-62,191.0
m0282,m0303,45.9,7.970e-66,200.0
m0282,m0304,47.3,1.490e-70,213.0
m0282,m0309,47.5,5.060e-65,199.0
m0282,m0311,43.5,2.830e-61,189.0
m0282,m0312,39.9,5.010e-58,180.0
m0282,m0314,40.9,2.810e-51,167.0
m0282,m0315,48.0,9.080e-68,206.0
m0282,m0317,45.5,1.280e-64,197.0
m0282,m0318,35.9,4.680e-41,140.0
m0282,m0320,43.0,2.370e-54,174.0
m0282,m0322,40.9,2.030e-51,167.0
m0282,m0324,40.0,2.170e-54,171.0
m0282,m0328,39.9,1.090e-48,157.0
m0282,m0329,47.1,2.480e-69,208.0
m0282,m0331,41.7,2.040e-51,167.0
m0282,m0332,45.0,4.200e-63,194.0
m0282,m0333,40.9,5.620e-52,169.0
m0282,m0335,77.2,2.850e-137,381.0
m0282,m0336,40.1,1.690e-50,162.0
m0282,m0337,49.1,1.420e-69,209.0
m0282,m0339,41.8,7.920e-53,171.0
m0282,m0340,39.6,5.780e-54,170.0
m0282,m0343,46.3,6.900e-68,205.0
m0282,m0344,41.4,1.100e-51,169.0
m0282,m0345,46.7,3.880e-66,201.0
m0282,m0347,41.4,3.710e-52,170.0
m0282,m0348,40.9,2.860e-50,165.0
m0282,m0349,46.1,3.560e-59,188.0
m0282,m0351,40.8,3.760e-56,176.0
m0282,m0354,41.7,1.020e-58,182.0
m0282,m0356,40.8,1.980e-57,179.0
m0282,m0363,40.1,7.970e-51,166.0
m0282,m0364,42.5,8.630e-56,174.0
m0282,m0365,44.9,1.700e-64,197.0
m0282,m0368,42.6,2.320e-61,189.0
m0282,m0369,34.3,1.020e-26,100.0
m0282,m0370,41.4,2.290e-51,164.0
m0282,m0371,32.5,8.560e-32,115.0
m0282,m0372,41.6,2.960e-54,171.0
m0282,m0377,47.8,6.470e-67,203.0
m0282,m0378,40.1,5.510e-51,167.0
m0282,m0380,50.4,3.900e-74,221.0
m0282,m0382,46.3,6.570e-65,198.0
m0282,m0383,42.3,1.880e-57,179.0
m0282,m0385,40.9,3.780e-55,174.0
m0282,m0387,43.1,1.190e-50,161.0
m0282,m0388,43.9,1.110e-68,208.0
m0282,m0390,44.4,1.330e-62,192.0
m0282,m0393,40.5,4.570e-51,167.0
m0282,m0394,45.5,1.150e-69,210.0
m0282,m0397,38.9,4.460e-44,149.0
m0282,m0399,41.8,1.280e-51,168.0
m0282,m0401,48.9,1.720e-73,220.0
m0282,m0404,38.6,5.620e-47,153.0
m0282,m0405,41.0,1.970e-49,160.0
m0282,m0407,42.9,3.600e-57,178.0
m0282,m0409,39.7,1.030e-55,175.0
m0282,m0411,48.7,4.440e-73,219.0
m0283,m0286,35.6,3.130e-43,148.0
m0283,m0316,35.5,6.790e-50,165.0
m0283,m0321,40.2,3.910e-63,199.0
m0283,m0353,34.2,5.740e-34,121.0
m0283,m0357,36.7,1.950e-42,144.0
m0283,m0361,35.4,2.030e-41,141.0
m0283,m0386,31.7,3.010e-45,152.0
m0283,m0389,38.0,7.230e-52,169.0
m0283,m0403,41.5,7.910e-69,214.0
m0283,m0412,31.3,2.360e-42,144.0
m0284,m0290,37.4,1.720e-55,176.0
m0284,m0292,44.6,5.860e-70,212.0
m0284,m0293,37.3,2.140e-54,177.0
m0284,m0294,37.5,4.670e-49,159.0
m0284,m0295,36.1,9.210e-46,153.0
m0284,m0297,45.4,1.070e-76,230.0
m0284,m0303,42.8,1.230e-60,189.0
m0284,m0304,45.4,2.130e-69,212.0
m0284,m0309,47.8,8.720e-71,216.0
m0284,m0311,40.7,7.390e-57,179.0
m0284,m0312,35.7,6.460e-50,160.0
m0284,m0314,39.6,1.310e-49,165.0
m0284,m0315,41.1,6.310e-70,213.0
m0284,m0317,46.9,4.180e-81,241.0
m0284,m0318,37.0,1.620e-53,175.0
m0284,m0320,38.1,2.760e-49,163.0
m0284,m0322,39.6,1.260e-50,167.0
m0284,m0324,36.5,6.940e-54,172.0
m0284,m0328,36.7,2.170e-49,161.0
m0284,m0329,42.7,7.350e-64,196.0
m0284,m0331,38.0,7.380e-54,175.0
m0284,m0332,46.2,4.870e-83,246.0
m0284,m0333,38.5,2.050e-48,162.0
m0284,m0335,44.0,6.090e-58,181.0
m0284,m0336,37.8,6.730e-51,164.0
m0284,m0337,44.9,5.580e-65,199.0
m0284,m0339,37.3,3.380e-53,174.0
m0284,m0340,36.0,1.240e-50,163.0
m0284,m0343,44.0,2.940e-68,208.0
m0284,m0344,39.5,2.640e-50,167.0
m0284,m0345,41.9,9.530e-60,187.0
m0284,m0347,38.6,2.660e-48,161.0
m0284,m0348,39.6,8.610e-51,168.0
m0284,m0349,40.3,6.830e-62,197.0
m0284,m0351,40.8,1.220e-55,176.0
m0284,m0354,37.8,1.060e-56,179.0
m0284,m0356,39.5,3.480e-53,170.0
m0284,m0363,38.9,4.940e-50,166.0
m0284,m0364,40.4,7.940e-61,189.0
m0284,m0365,38.5,1.580e-54,173.0
m0284,m0368,40.1,5.330e-55,174.0
m0284,m0369,33.1,1.670e-27,103.0
m0284,m0370,38.1,9.140e-52,166.0
m0284,m0371,40.3,3.120e-49,163.0
m0284,m0372,45.2,3.310e-72,218.0
m0284,m0377,43.8,8.040e-67,205.0
m0284,m0378,39.9,1.250e-50,167.0
m0284,m0380,44.1,4.650e-69,210.0
m0284,m0382,45.5,3.200e-78,234.0
m0284,m0383,35.0,2.040e-47,155.0
m0284,m0385,39.7,1.480e-52,169.0
m0284,m0387,71.8,8.650e-154,426.0
m0284,m0388,42.7,1.230e-69,213.0
m0284,m0390,48.4,4.700e-84,249.0
m0284,m0393,38.0,2.120e-49,164.0
m0284,m0394,44.8,1.170e-65,202.0
m0284,m0397,37.8,3.940e-51,169.0
m0284,m0399,37.4,8.880e-49,162.0
m0284,m0401,45.0,1.510e-76,229.0
m0284,m0404,38.8,1.550e-55,177.0
m0284,m0405,37.4,4.130e-54,174.0
m0284,m0407,58.6,1.900e-116,331.0
m0284,m0409,36.9,6.300e-52,167.0
m0284,m0411,45.3,7.150e-74,223.0
m0286,m0316,41.6,5.130e-73,225.0
m0286,m0321,48.0,2.760e-91,271.0
m0286,m0353,39.6,1.180e-56,181.0
m0286,m0357,36.2,1.170e-46,155.0
m0286,m0361,33.9,8.850e-39,134.0
m0286,m0379,31.0,1.510e-32,119.0
m0286,m0384,31.4,7.610e-35,124.0
m0286,m0386,43.6,6.160e-76,232.0
m0286,m0389,42.9,4.720e-75,229.0
m0286,m0403,43.3,3.060e-69,215.0
m0286,m0412,41.2,1.000e-70,218.0
m0287,m0290,30.6,5.330e-38,131.0
m0287,m0292,32.3,1.340e-28,105.0
m0287,m0293,30.4,4.930e-27,103.0
m0287,m0294,30.6,2.330e-24,94.7
m0287,m0295,30.0,2.910e-22,90.1
m0287,m0297,31.5,2.720e-37,129.0
m0287,m0304,33.2,6.640e-41,139.0
m0287,m0309,34.2,8.160e-41,139.0
m0287,m0311,30.2,1.940e-37,129.0
m0287,m0312,31.2,6.070e-39,132.0
m0287,m0315,38.3,1.560e-40,137.0
m0287,m0317,34.1,7.750e-35,122.0
m0287,m0320,32.4,5.700e-27,103.0
m0287,m0322,31.2,3.760e-30,112.0
m0287,m0329,37.0,5.670e-40,135.0
m0287,m0331,31.2,2.210e-24,96.3
m0287,m0332,31.7,1.440e-35,124.0
m0287,m0333,32.1,5.170e-28,107.0
m0287,m0335,38.7,7.800e-36,124.0
m0287,m0337,32.6,1.980e-37,129.0
m0287,m0340,30.5,2.100e-25,97.4
m0287,m0343,33.3,9.200e-34,119.0
m0287,m0349,31.2,1.550e-24,97.1
m0287,m0354,30.5,8.360e-35,122.0
m0287,m0356,30.8,1.920e-33,119.0
m0287,m0363,31.0,5.600e-31,115.0
m0287,m0364,35.9,6.200e-38,130.0
m0287,m0369,32.7,7.330e-33,119.0
m0287,m0370,31.2,9.010e-27,101.0
m0287,m0372,31.7,4.270e-33,117.0
m0287,m0377,32.3,1.250e-36,127.0
m0287,m0378,30.8,4.410e-30,112.0
m0287,m0380,34.1,9.160e-38,130.0
m0287,m0383,34.2,4.170e-38,131.0
m0287,m0385,30.0,4.090e-30,110.0
m0287,m0387,30.1,4.700e-28,104.0
m0287,m0388,31.6,3.800e-33,118.0
m0287,m0390,32.8,5.760e-37,128.0
m0287,m0393,30.3,2.080e-28,108.0
m0287,m0397,31.5,3.950e-28,107.0
m0287,m0399,31.7,1.740e-29,110.0
m0287,m0401,32.3,1.940e-37,129.0
m0287,m0405,30.2,5.270e-28,105.0
m0287,m0409,31.8,9.270e-39,133.0
m0287,m0411,30.7,1.170e-37,130.0
m0288,m0360,35.0,4.280e-65,214.0
m0288,m0391,34.8,3.470e-41,149.0
m0288,m0398,31.4,7.890e-59,195.0
m0288,m0410,30.3,1.620e-57,193.0
m0290,m0292,42.9,1.790e-72,219.0
m0290,m0293,37.4,8.390e-50,165.0
m0290,m0294,40.4,1.220e-57,182.0
m0290,m0295,39.7,2.250e-54,176.0
m0290,m0297,47.5,6.010e-85,251.0
m0290,m0303,43.2,1.330e-69,212.0
m0290,m0304,47.1,7.300e-88,259.0
m0290,m0309,43.2,4.450e-75,227.0
m0290,m0311,77.1,8.390e-173,475.0
m0290,m0312,55.5,1.290e-112,321.0
m0290,m0314,38.9,1.210e-53,176.0
m0290,m0315,50.0,1.770e-84,251.0
m0290,m0317,44.4,2.160e-79,237.0
m0290,m0318,36.6,5.590e-51,169.0
m0290,m0320,39.3,3.370e-53,174.0
m0290,m0322,40.1,2.360e-53,175.0
m0290,m0324,38.4,8.040e-57,180.0
m0290,m0328,39.1,1.330e-52,170.0
m0290,m0329,50.0,3.870e-86,253.0
m0290,m0331,37.4,2.460e-52,171.0
m0290,m0332,49.0,7.750e-86,254.0
m0290,m0333,40.1,5.540e-51,169.0
m0290,m0335,46.2,3.300e-67,206.0
m0290,m0336,38.9,3.330e-56,179.0
m0290,m0337,46.2,2.350e-81,242.0
m0290,m0339,40.4,2.570e-54,177.0
m0290,m0340,39.9,6.820e-58,182.0
m0290,m0343,42.2,7.170e-70,213.0
m0290,m0344,41.5,1.740e-54,178.0
m0290,m0345,40.9,3.430e-64,199.0
m0290,m0347,40.4,4.660e-53,174.0
m0290,m0348,40.4,5.950e-54,177.0
m0290,m0349,37.2,2.970e-51,169.0
m0290,m0351,79.9,1.270e-179,492.0
m0290,m0354,47.9,6.420e-90,264.0
m0290,m0356,55.2,1.810e-124,353.0
m0290,m0363,39.5,1.160e-54,178.0
m0290,m0364,41.9,1.060e-70,215.0
m0290,m0365,44.0,1.720e-72,219.0
m0290,m0368,41.1,3.470e-69,211.0
m0290,m0369,36.6,4.190e-48,159.0
m0290,m0370,41.4,6.260e-57,180.0
m0290,m0371,35.3,3.470e-49,163.0
m0290,m0372,43.1,3.750e-69,211.0
m0290,m0377,48.3,4.560e-81,242.0
m0290,m0378,39.7,1.880e-51,170.0
m0290,m0380,45.5,9.130e-81,241.0
m0290,m0382,48.3,2.100e-90,265.0
m0290,m0383,59.2,4.310e-132,372.0
m0290,m0385,44.9,1.910e-84,251.0
m0290,m0387,41.8,4.330e-59,185.0
m0290,m0388,45.9,7.190e-84,249.0
m0290,m0390,46.3,9.890e-82,243.0
m0290,m0393,38.9,9.630e-55,179.0
m0290,m0394,44.7,1.060e-78,236.0
m0290,m0397,41.1,5.250e-60,193.0
m0290,m0399,40.4,2.410e-56,182.0
m0290,m0401,49.7,7.080e-89,261.0
m0290,m0404,38.1,4.140e-53,171.0
m0290,m0405,38.7,1.400e-52,171.0
m0290,m0407,39.3,1.640e-57,181.0
m0290,m0409,66.8,1.710e-152,424.0
m0290,m0411,49.7,1.080e-90,267.0
m0291,m0292,30.2,6.290e-13,61.6
m0291,m0297,32.4,3.130e-21,85.5
m0291,m0304,30.5,3.270e-23,91.3
m0291,m0315,31.9,5.990e-24,93.2
m0291,m0324,30.8,1.590e-16,72.4
m0291,m0329,32.3,5.470e-25,95.1
m0291,m0332,31.1,7.890e-23,90.1
m0291,m0354,30.1,2.780e-26,99.4
m0291,m0356,30.7,2.820e-26,99.8
m0291,m0359,78.4,4.010e-177,485.0
m0291,m0364,32.1,3.680e-20,82.4
m0291,m0377,30.5,5.640e-24,93.2
m0291,m0388,30.0,1.940e-24,94.7
m0291,m0401,30.1,2.520e-23,91.3
m0292,m0293,45.5,6.260e-72,222.0
m0292,m0294,46.0,6.910e-73,220.0
m0292,m0295,48.7,9.140e-73,223.0
m0292,m0297,58.2,8.890e-108,308.0
m0292,m0303,50.0,4.860e-92,268.0
m0292,m0304,57.7,2.190e-112,321.0
m0292,m0309,57.9,1.130e-104,301.0
m0292,m0311,42.7,5.510e-68,207.0
m0292,m0312,39.8,1.690e-62,192.0
m0292,m0314,47.7,9.510e-68,212.0
m0292,m0315,51.2,2.120e-96,280.0
m0292,m0317,55.4,2.770e-101,292.0
m0292,m0318,43.9,5.430e-67,209.0
m0292,m0320,46.7,4.110e-68,211.0
m0292,m0322,48.4,4.280e-72,223.0
m0292,m0324,47.8,2.450e-77,231.0
m0292,m0328,45.4,6.220e-74,224.0
m0292,m0329,52.3,9.060e-96,277.0
m0292,m0331,48.2,4.670e-76,232.0
m0292,m0332,56.3,1.390e-104,301.0
m0292,m0333,47.7,1.890e-68,214.0
m0292,m0335,48.2,1.350e-73,221.0
m0292,m0336,46.3,4.680e-78,234.0
m0292,m0337,53.3,8.660e-98,283.0
m0292,m0339,45.8,5.100e-72,223.0
m0292,m0340,46.1,5.440e-73,220.0
m0292,m0343,42.4,3.830e-79,235.0
m0292,m0344,47.7,4.390e-70,218.0
m0292,m0345,49.5,4.440e-85,251.0
m0292,m0347,46.2,3.110e-69,216.0
m0292,m0348,48.4,1.360e-70,219.0
m0292,m0349,50.9,3.380e-79,241.0
m0292,m0351,41.8,1.860e-66,204.0
m0292,m0354,45.1,2.930e-73,221.0
m0292,m0356,45.4,6.050e-72,218.0
m0292,m0363,47.3,7.530e-70,217.0
m0292,m0364,52.0,1.910e-93,272.0
m0292,m0365,48.7,1.470e-85,252.0
m0292,m0368,47.3,6.540e-84,248.0
m0292,m0369,35.3,3.770e-42,142.0
m0292,m0370,47.6,1.390e-74,224.0
m0292,m0371,34.2,1.490e-42,145.0
m0292,m0372,48.7,9.750e-92,268.0
m0292,m0377,49.5,4.000e-93,271.0
m0292,m0378,47.7,3.110e-69,216.0
m0292,m0380,62.2,1.180e-126,356.0
m0292,m0382,49.6,2.500e-92,269.0
m0292,m0383,39.2,3.290e-59,185.0
m0292,m0385,43.5,6.810e-63,195.0
m0292,m0387,45.4,1.770e-71,216.0
m0292,m0388,53.8,1.620e-98,286.0
m0292,m0390,55.1,2.840e-102,295.0
m0292,m0393,47.5,4.000e-72,223.0
m0292,m0394,52.1,7.300e-98,283.0
m0292,m0397,43.8,2.830e-65,206.0
m0292,m0399,47.9,5.940e-74,227.0
m0292,m0401,54.4,5.880e-106,304.0
m0292,m0404,43.1,5.630e-65,201.0
m0292,m0405,48.0,5.490e-74,225.0
m0292,m0407,47.1,1.340e-80,239.0
m0292,m0409,42.5,1.050e-65,202.0
m0292,m0411,59.0,1.360e-116,332.0
m0293,m0294,60.0,7.920e-119,343.0
m0293,m0295,56.0,1.110e-98,295.0
m0293,m0297,53.5,1.820e-93,278.0
m0293,m0303,44.8,6.020e-76,233.0
m0293,m0304,51.5,8.560e-88,264.0
m0293,m0309,46.2,8.220e-82,249.0
m0293,m0311,37.8,5.650e-50,166.0
m0293,m0312,39.9,3.660e-48,160.0
m0293,m0314,52.8,1.420e-158,451.0
m0293,m0315,47.1,2.640e-75,231.0
m0293,m0317,51.6,2.160e-91,272.0
m0293,m0318,42.4,1.220e-99,300.0
m0293,m0320,56.2,4.030e-156,442.0
m0293,m0322,52.0,6.480e-158,448.0
m0293,m0324,61.5,1.270e-118,342.0
m0293,m0328,61.6,1.630e-127,366.0
m0293,m0329,46.2,2.920e-71,219.0
m0293,m0331,60.9,3.490e-159,450.0
m0293,m0332,52.3,5.140e-99,292.0
m0293,m0333,50.8,2.300e-158,450.0
m0293,m0335,44.2,2.600e-55,179.0
m0293,m0336,62.5,1.110e-128,369.0
m0293,m0337,49.8,5.480e-83,250.0
m0293,m0339,56.1,2.340e-167,473.0
m0293,m0340,60.7,5.870e-119,343.0
m0293,m0343,40.7,4.510e-58,186.0
m0293,m0344,54.0,3.770e-162,460.0
m0293,m0345,45.2,3.710e-71,221.0
m0293,m0347,52.1,1.080e-160,456.0
m0293,m0348,51.3,1.240e-156,446.0
m0293,m0349,58.1,2.950e-150,429.0
m0293,m0351,38.3,1.720e-48,162.0
m0293,m0354,38.6,2.500e-57,184.0
m0293,m0356,39.9,1.650e-45,154.0
m0293,m0363,50.7,1.440e-154,440.0
m0293,m0364,40.7,6.350e-64,201.0
m0293,m0365,44.6,9.790e-74,227.0
m0293,m0368,46.3,6.250e-75,230.0
m0293,m0369,33.8,5.490e-29,110.0
m0293,m0370,64.3,1.930e-126,362.0
m0293,m0371,32.5,5.230e-29,112.0
m0293,m0372,45.2,1.520e-76,234.0
m0293,m0377,46.8,9.500e-81,245.0
m0293,m0378,51.9,4.350e-160,454.0
m0293,m0380,51.5,4.740e-87,261.0
m0293,m0382,47.0,9.780e-75,229.0
m0293,m0383,38.0,1.120e-45,154.0
m0293,m0385,44.2,1.150e-54,178.0
m0293,m0387,39.2,1.200e-52,172.0
m0293,m0388,49.7,5.730e-84,254.0
m0293,m0390,54.6,2.860e-93,277.0
m0293,m0393,53.9,1.410e-160,456.0
m0293,m0394,50.4,7.680e-85,256.0
m0293,m0397,48.5,9.890e-141,405.0
m0293,m0399,52.8,6.300e-131,379.0
m0293,m0401,52.9,5.010e-96,284.0
m0293,m0404,51.9,6.730e-116,337.0
m0293,m0405,89.4,4.230e-186,517.0
m0293,m0407,42.4,6.120e-68,212.0
m0293,m0409,39.9,5.780e-51,169.0
m0293,m0411,48.2,4.760e-88,265.0
m0294,m0295,54.9,1.120e-94,280.0
m0294,m0297,50.3,4.200e-91,267.0
m0294,m0303,43.9,1.780e-73,222.0
m0294,m0304,48.7,2.010e-88,261.0
m0294,m0309,47.0,1.500e-79,239.0
m0294,m0311,40.5,1.030e-58,185.0
m0294,m0312,40.9,8.860e-55,174.0
m0294,m0314,66.9,5.210e-134,383.0
m0294,m0315,43.8,2.440e-74,225.0
m0294,m0317,50.5,3.620e-89,262.0
m0294,m0318,54.1,7.100e-105,308.0
m0294,m0320,65.6,2.470e-118,341.0
m0294,m0322,66.9,4.260e-134,382.0
m0294,m0324,61.6,2.070e-124,352.0
m0294,m0328,79.2,1.560e-164,455.0
m0294,m0329,46.0,4.650e-72,218.0
m0294,m0331,64.5,4.130e-129,369.0
m0294,m0332,53.9,4.830e-98,285.0
m0294,m0333,67.6,7.880e-137,390.0
m0294,m0335,42.9,2.220e-56,178.0
m0294,m0336,74.3,1.130e-160,445.0
m0294,m0337,50.5,4.090e-88,259.0
m0294,m0339,66.0,7.050e-132,377.0
m0294,m0340,59.0,5.170e-122,346.0
m0294,m0343,41.5,7.950e-61,189.0
m0294,m0344,68.5,1.480e-139,397.0
m0294,m0345,50.5,1.070e-80,241.0
m0294,m0347,63.8,1.290e-134,384.0
m0294,m0348,67.7,4.260e-135,385.0
m0294,m0349,62.7,1.770e-124,358.0
m0294,m0351,39.1,3.420e-57,181.0
m0294,m0354,42.9,4.070e-64,198.0
m0294,m0356,41.7,8.920e-56,177.0
m0294,m0363,63.9,1.540e-129,371.0
m0294,m0364,40.9,2.360e-61,191.0
m0294,m0365,46.1,8.850e-79,236.0
m0294,m0368,47.2,1.060e-82,246.0
m0294,m0369,34.2,2.030e-31,115.0
m0294,m0370,64.9,2.390e-131,370.0
m0294,m0371,38.2,1.190e-45,154.0
m0294,m0372,46.7,3.800e-78,234.0
m0294,m0377,48.1,1.360e-83,248.0
m0294,m0378,65.8,2.260e-135,386.0
m0294,m0380,52.9,4.320e-90,265.0
m0294,m0382,48.4,6.320e-77,231.0
m0294,m0383,36.7,5.170e-54,173.0
m0294,m0385,42.7,9.100e-60,188.0
m0294,m0387,36.6,8.710e-53,169.0
m0294,m0388,46.2,1.540e-75,228.0
m0294,m0390,53.7,9.390e-91,266.0
m0294,m0393,67.2,1.030e-135,387.0
m0294,m0394,50.3,6.670e-86,254.0
m0294,m0397,53.0,2.810e-104,307.0
m0294,m0399,69.8,4.010e-143,405.0
m0294,m0401,53.8,2.130e-96,281.0
m0294,m0404,56.6,1.570e-108,313.0
m0294,m0405,57.8,3.640e-118,339.0
m0294,m0407,41.5,2.910e-62,194.0
m0294,m0409,40.1,2.660e-56,179.0
m0294,m0411,49.2,1.940e-89,264.0
m0295,m0297,52.8,4.980e-88,263.0
m0295,m0303,49.3,8.500e-83,249.0
m0295,m0304,51.4,1.820e-87,262.0
m0295,m0309,54.2,4.460e-85,256.0
m0295,m0311,41.1,7.630e-55,177.0
m0295,m0312,38.4,1.320e-48,160.0
m0295,m0314,53.1,1.310e-101,304.0
m0295,m0315,46.9,5.220e-73,224.0
m0295,m0317,53.0,2.260e-91,271.0
m0295,m0318,54.3,4.280e-153,435.0
m0295,m0320,47.3,5.630e-94,283.0
m0295,m0322,48.2,4.810e-109,322.0
m0295,m0324,71.3,9.190e-136,385.0
m0295,m0328,52.9,1.510e-90,271.0
m0295,m0329,47.5,1.350e-70,217.0
m0295,m0331,59.6,3.400e-163,459.0
m0295,m0332,52.8,7.940e-93,275.0
m0295,m0333,48.4,1.300e-105,314.0
m0295,m0335,42.5,4.760e-55,177.0
m0295,m0336,54.1,8.810e-88,263.0
m0295,m0337,50.9,5.350e-81,244.0
m0295,m0339,43.3,3.410e-93,282.0
m0295,m0340,68.2,4.280e-131,373.0
m0295,m0343,45.3,2.210e-61,194.0
m0295,m0344,53.8,1.310e-102,306.0
m0295,m0345,49.1,7.000e-76,232.0
m0295,m0347,53.6,2.310e-105,313.0
m0295,m0348,54.4,1.090e-105,314.0
m0295,m0349,47.9,3.620e-110,325.0
m0295,m0351,40.1,1.230e-53,174.0
m0295,m0354,40.4,9.640e-60,190.0
m0295,m0356,39.8,4.350e-52,171.0
m0295,m0363,51.9,1.620e-101,303.0
m0295,m0364,39.7,5.650e-60,190.0
m0295,m0365,47.0,7.080e-75,229.0
m0295,m0368,50.0,5.670e-80,242.0
m0295,m0369,30.6,7.070e-26,101.0
m0295,m0370,53.6,1.060e-88,265.0
m0295,m0371,35.6,4.710e-39,139.0
m0295,m0372,44.5,8.050e-68,211.0
m0295,m0377,48.0,7.380e-78,237.0
m0295,m0378,46.4,9.250e-102,304.0
m0295,m0380,54.0,2.530e-87,261.0
m0295,m0382,45.9,1.210e-70,218.0
m0295,m0383,36.3,2.820e-47,158.0
m0295,m0385,41.0,5.070e-51,168.0
m0295,m0387,41.8,1.710e-51,168.0
m0295,m0388,48.6,8.710e-78,237.0
m0295,m0390,53.3,3.380e-92,273.0
m0295,m0393,53.8,2.330e-104,311.0
m0295,m0394,53.4,5.610e-91,270.0
m0295,m0397,52.9,4.900e-107,318.0
m0295,m0399,57.4,7.470e-164,462.0
m0295,m0401,53.5,7.310e-96,283.0
m0295,m0404,48.0,9.520e-97,287.0
m0295,m0405,57.3,1.000e-100,298.0
m0295,m0407,43.3,2.560e-61,194.0
m0295,m0409,41.0,1.760e-53,174.0
m0295,m0411,53.0,1.930e-93,277.0
m0297,m0303,52.6,9.440e-108,309.0
m0297,m0304,66.7,2.310e-139,390.0
m0297,m0309,58.2,1.770e-119,340.0
m0297,m0311,48.6,3.490e-86,254.0
m0297,m0312,48.9,9.000e-82,242.0
m0297,m0314,55.1,5.220e-94,280.0
m0297,m0315,61.9,1.700e-123,349.0
m0297,m0317,68.9,7.520e-143,398.0
m0297,m0318,48.6,6.510e-83,251.0
m0297,m0320,50.9,1.240e-83,252.0
m0297,m0322,54.6,6.420e-94,279.0
m0297,m0324,54.9,2.020e-100,291.0
m0297,m0328,50.2,6.340e-91,268.0
m0297,m0329,61.1,6.790e-118,333.0
m0297,m0331,53.3,3.060e-95,281.0
m0297,m0332,71.1,1.620e-147,410.0
m0297,m0333,54.6,4.660e-93,278.0
m0297,m0335,50.7,3.400e-77,231.0
m0297,m0336,51.8,1.910e-91,268.0
m0297,m0337,65.3,3.570e-136,380.0
m0297,m0339,46.9,5.640e-85,256.0
m0297,m0340,53.1,7.590e-95,276.0
m0297,m0343,50.0,2.160e-89,262.0
m0297,m0344,54.6,5.240e-92,275.0
m0297,m0345,53.6,1.710e-98,286.0
m0297,m0347,55.7,2.080e-93,278.0
m0297,m0348,55.4,1.390e-93,279.0
m0297,m0349,55.6,4.780e-95,282.0
m0297,m0351,49.8,4.370e-90,265.0
m0297,m0354,48.4,3.000e-79,236.0
m0297,m0356,50.8,6.090e-81,241.0
m0297,m0363,53.3,8.410e-92,274.0
m0297,m0364,55.5,6.870e-107,306.0
m0297,m0365,49.8,1.920e-99,288.0
m0297,m0368,48.9,2.040e-96,280.0
m0297,m0369,34.5,6.910e-34,121.0
m0297,m0370,50.5,5.100e-94,275.0
m0297,m0371,34.5,9.470e-47,156.0
m0297,m0372,58.2,1.180e-120,342.0
m0297,m0377,66.6,5.690e-140,391.0
m0297,m0378,54.6,8.310e-93,277.0
m0297,m0380,60.6,2.340e-127,358.0
m0297,m0382,58.5,7.840e-112,319.0
m0297,m0383,46.0,3.700e-79,237.0
m0297,m0385,45.9,8.900e-76,228.0
m0297,m0387,44.4,3.770e-74,223.0
m0297,m0388,61.5,4.310e-124,351.0
m0297,m0390,81.0,3.100e-171,470.0
m0297,m0393,55.0,4.630e-94,280.0
m0297,m0394,59.3,1.640e-124,352.0
m0297,m0397,50.7,2.180e-86,261.0
m0297,m0399,54.1,6.100e-93,276.0
m0297,m0401,68.9,1.900e-141,394.0
m0297,m0404,46.8,1.040e-80,242.0
m0297,m0405,54.7,2.160e-99,291.0
m0297,m0407,48.1,2.370e-87,257.0
m0297,m0409,47.8,3.040e-77,232.0
m0297,m0411,65.8,3.440e-137,384.0
m0299,m0323,79.0,1.090e-311,848.0
m0301,m0406,33.3,3.160e-22,85.9
m0302,m0373,57.1,3.150e-171,479.0
m0303,m0304,57.2,1.320e-116,332.0
m0303,m0309,54.9,1.380e-108,312.0
m0303,m0311,42.6,2.020e-65,201.0
m0303,m0312,43.1,2.600e-64,197.0
m0303,m0314,45.1,1.110e-73,228.0
m0303,m0315,49.8,2.090e-99,288.0
m0303,m0317,48.8,1.560e-93,273.0
m0303,m0318,42.1,2.820e-67,211.0
m0303,m0320,47.8,2.900e-78,238.0
m0303,m0322,45.7,1.120e-72,224.0
m0303,m0324,46.3,6.640e-83,246.0
m0303,m0328,45.8,1.110e-77,234.0
m0303,m0329,53.5,4.880e-98,283.0
m0303,m0331,46.8,1.090e-77,236.0
m0303,m0332,54.0,6.840e-103,297.0
m0303,m0333,45.3,3.950e-75,231.0
m0303,m0335,47.4,1.660e-74,224.0
m0303,m0336,47.5,2.340e-81,243.0
m0303,m0337,54.6,1.410e-106,305.0
m0303,m0339,44.0,4.320e-74,228.0
m0303,m0340,44.7,7.410e-79,236.0
m0303,m0343,46.6,1.140e-75,227.0
m0303,m0344,44.0,1.350e-72,225.0
m0303,m0345,50.0,5.140e-92,269.0
m0303,m0347,45.7,2.540e-75,232.0
m0303,m0348,44.8,7.780e-70,218.0
m0303,m0349,47.2,9.630e-76,233.0
m0303,m0351,39.9,2.680e-66,204.0
m0303,m0354,42.9,4.380e-70,213.0
m0303,m0356,42.1,1.010e-67,207.0
m0303,m0363,46.7,2.140e-76,234.0
m0303,m0364,50.5,6.080e-95,276.0
m0303,m0365,50.5,5.480e-96,279.0
m0303,m0368,48.6,2.660e-91,267.0
m0303,m0369,32.0,1.740e-30,112.0
m0303,m0370,45.5,1.220e-78,235.0
m0303,m0371,35.4,7.910e-41,140.0
m0303,m0372,55.5,3.100e-108,310.0
m0303,m0377,52.3,7.890e-106,304.0
m0303,m0378,45.3,8.650e-73,225.0
m0303,m0380,57.1,1.030e-113,324.0
m0303,m0382,50.4,1.120e-88,260.0
m0303,m0383,39.3,1.350e-64,199.0
m0303,m0385,41.8,1.230e-66,205.0
m0303,m0387,42.2,1.200e-63,196.0
m0303,m0388,53.1,1.710e-108,311.0
m0303,m0390,54.2,9.060e-109,311.0
m0303,m0393,46.8,1.900e-73,227.0
m0303,m0394,55.6,7.040e-111,317.0
m0303,m0397,42.6,8.080e-69,215.0
m0303,m0399,45.0,1.360e-72,224.0
m0303,m0401,56.3,9.860e-115,327.0
m0303,m0404,43.0,2.900e-71,218.0
m0303,m0405,46.3,1.120e-79,240.0
m0303,m0407,43.2,3.940e-69,211.0
m0303,m0409,41.6,1.680e-70,215.0
m0303,m0411,57.8,8.890e-118,335.0
m0304,m0309,65.9,5.920e-132,372.0
m0304,m0311,50.2,1.250e-85,254.0
m0304,m0312,49.8,2.920e-84,249.0
m0304,m0314,49.2,7.530e-84,254.0
m0304,m0315,59.3,1.480e-121,345.0
m0304,m0317,61.5,9.610e-124,350.0
m0304,m0318,47.0,2.620e-81,248.0
m0304,m0320,48.1,1.570e-77,237.0
m0304,m0322,51.0,5.350e-86,259.0
m0304,m0324,52.3,4.170e-94,275.0
m0304,m0328,47.6,6.280e-85,253.0
m0304,m0329,64.4,7.150e-124,349.0
m0304,m0331,49.7,4.740e-85,256.0
m0304,m0332,67.0,6.120e-140,392.0
m0304,m0333,47.8,4.210e-84,255.0
m0304,m0335,51.9,9.240e-84,248.0
m0304,m0336,51.9,2.530e-96,281.0
m0304,m0337,69.3,6.200e-141,393.0
m0304,m0339,47.5,8.110e-84,254.0
m0304,m0340,51.4,3.310e-90,265.0
m0304,m0343,56.2,9.410e-105,301.0
m0304,m0344,50.2,9.510e-86,259.0
m0304,m0345,52.6,7.070e-97,282.0
m0304,m0347,49.3,5.220e-81,247.0
m0304,m0348,50.7,3.580e-84,255.0
m0304,m0349,50.2,1.590e-86,261.0
m0304,m0351,50.2,9.060e-89,262.0
m0304,m0354,50.2,2.050e-86,255.0
m0304,m0356,48.3,3.870e-81,243.0
m0304,m0363,51.2,2.460e-87,263.0
m0304,m0364,56.3,1.380e-110,317.0
m0304,m0365,51.6,5.860e-100,290.0
m0304,m0368,53.6,4.840e-104,300.0
m0304,m0369,32.5,5.420e-34,122.0
m0304,m0370,48.8,6.150e-84,249.0
m0304,m0371,37.6,2.170e-46,156.0
m0304,m0372,60.9,7.380e-121,343.0
m0304,m0377,66.6,8.740e-146,406.0
m0304,m0378,47.5,4.220e-83,253.0
m0304,m0380,72.5,1.080e-148,413.0
m0304,m0382,59.1,1.580e-115,329.0
m0304,m0383,49.5,4.530e-82,245.0
m0304,m0385,47.4,2.480e-77,233.0
m0304,m0387,43.5,1.160e-68,210.0
m0304,m0388,62.2,5.630e-129,364.0
m0304,m0390,67.5,3.880e-141,394.0
m0304,m0393,50.0,1.060e-85,259.0
m0304,m0394,65.9,1.640e-140,393.0
m0304,m0397,48.8,2.420e-81,248.0
m0304,m0399,49.7,2.020e-84,255.0
m0304,m0401,72.1,2.720e-152,422.0
m0304,m0404,47.6,8.600e-76,230.0
m0304,m0405,51.0,1.020e-88,264.0
m0304,m0407,47.7,1.530e-84,251.0
m0304,m0409,45.7,2.640e-80,241.0
m0304,m0411,72.7,4.810e-158,438.0
m0306,m0326,48.6,5.680e-137,397.0
m0308,m0310,60.9,1.990e-113,326.0
m0309,m0311,43.4,3.320e-74,225.0
m0309,m0312,42.0,3.260e-66,203.0
m0309,m0314,47.6,4.220e-76,235.0
m0309,m0315,56.0,9.620e-110,315.0
m0309,m0317,64.9,8.170e-120,340.0
m0309,m0318,45.1,1.450e-73,228.0
m0309,m0320,50.0,2.080e-74,229.0
m0309,m0322,47.7,8.760e-78,239.0
m0309,m0324,50.0,1.340e-81,244.0
m0309,m0328,48.7,6.500e-76,230.0
m0309,m0329,59.9,9.040e-110,314.0
m0309,m0331,49.1,3.250e-82,249.0
m0309,m0332,62.3,4.110e-116,332.0
m0309,m0333,47.3,1.840e-75,233.0
m0309,m0335,50.6,2.650e-77,232.0
m0309,m0336,49.1,4.910e-80,240.0
m0309,m0337,62.6,5.260e-118,335.0
m0309,m0339,46.0,5.290e-78,239.0
m0309,m0340,48.8,9.680e-84,249.0
m0309,m0343,51.1,6.630e-92,269.0
m0309,m0344,48.6,1.670e-76,236.0
m0309,m0345,50.0,5.280e-91,268.0
m0309,m0347,46.3,1.670e-75,233.0
m0309,m0348,46.2,1.020e-76,236.0
m0309,m0349,49.3,2.390e-82,251.0
m0309,m0351,41.3,2.010e-73,223.0
m0309,m0354,51.7,1.240e-84,251.0
m0309,m0356,44.3,3.850e-75,228.0
m0309,m0363,45.8,3.420e-74,229.0
m0309,m0364,55.0,4.650e-101,293.0
m0309,m0365,50.2,1.080e-89,264.0
m0309,m0368,48.2,7.280e-93,272.0
m0309,m0369,36.9,3.380e-37,130.0
m0309,m0370,45.6,2.170e-78,236.0
m0309,m0371,37.3,1.740e-49,164.0
m0309,m0372,58.8,3.410e-109,313.0
m0309,m0377,62.7,1.840e-123,350.0
m0309,m0378,47.6,5.950e-76,234.0
m0309,m0380,62.7,1.890e-125,355.0
m0309,m0382,60.3,1.760e-109,314.0
m0309,m0383,46.1,8.520e-82,244.0
m0309,m0385,47.6,4.160e-78,235.0
m0309,m0387,45.7,1.320e-72,220.0
m0309,m0388,54.8,2.690e-112,322.0
m0309,m0390,60.1,5.540e-124,351.0
m0309,m0393,46.4,2.360e-77,238.0
m0309,m0394,63.0,3.820e-122,347.0
m0309,m0397,45.2,5.450e-76,235.0
m0309,m0399,49.0,1.370e-81,248.0
m0309,m0401,56.4,7.170e-119,338.0
m0309,m0404,46.3,2.030e-79,239.0
m0309,m0405,46.8,1.640e-81,246.0
m0309,m0407,47.6,1.630e-83,248.0
m0309,m0409,44.4,8.410e-73,222.0
m0309,m0411,59.8,1.370e-126,358.0
m0311,m0312,58.1,1.530e-120,341.0
m0311,m0314,40.2,6.830e-57,184.0
m0311,m0315,48.0,5.590e-88,259.0
m0311,m0317,49.3,2.110e-84,250.0
m0311,m0318,38.9,3.950e-56,182.0
m0311,m0320,40.0,4.450e-53,173.0
m0311,m0322,38.9,2.760e-55,180.0
m0311,m0324,40.5,3.100e-59,186.0
m0311,m0328,39.4,1.920e-51,167.0
m0311,m0329,52.1,6.870e-89,260.0
m0311,m0331,36.9,1.870e-50,166.0
m0311,m0332,48.0,3.950e-88,260.0
m0311,m0333,38.6,9.300e-53,174.0
m0311,m0335,47.9,1.350e-71,217.0
m0311,m0336,39.9,3.800e-54,173.0
m0311,m0337,45.3,2.740e-82,244.0
m0311,m0339,38.9,3.590e-53,174.0
m0311,m0340,39.1,4.570e-58,183.0
m0311,m0343,47.7,2.910e-74,224.0
m0311,m0344,42.4,5.290e-57,185.0
m0311,m0345,41.3,5.100e-69,211.0
m0311,m0347,38.9,5.820e-54,177.0
m0311,m0348,39.7,9.180e-57,184.0
m0311,m0349,38.0,3.920e-51,169.0
m0311,m0351,85.9,2.510e-197,537.0
m0311,m0354,52.1,1.070e-95,279.0
m0311,m0356,56.0,1.090e-127,361.0
m0311,m0363,42.0,3.950e-55,179.0
m0311,m0364,40.7,3.240e-66,203.0
m0311,m0365,45.1,7.330e-71,215.0
m0311,m0368,42.8,3.210e-72,219.0
m0311,m0369,39.3,3.190e-51,167.0
m0311,m0370,39.0,2.100e-57,181.0
m0311,m0371,37.5,5.070e-53,173.0
m0311,m0372,42.7,3.920e-71,216.0
m0311,m0377,45.3,1.330e-82,246.0
m0311,m0378,39.5,4.160e-54,177.0
m0311,m0380,46.5,6.060e-81,241.0
m0311,m0382,48.8,2.130e-92,270.0
m0311,m0383,61.1,3.650e-135,380.0
m0311,m0385,47.1,2.750e-86,256.0
m0311,m0387,42.6,1.150e-58,184.0
m0311,m0388,45.2,4.740e-84,250.0
m0311,m0390,45.9,4.240e-80,239.0
m0311,m0393,39.5,4.360e-56,182.0
m0311,m0394,44.3,4.800e-82,244.0
m0311,m0397,42.1,2.330e-61,196.0
m0311,m0399,42.1,7.100e-59,189.0
m0311,m0401,47.4,5.360e-88,259.0
m0311,m0404,39.9,8.290e-56,178.0
m0311,m0405,38.9,3.930e-51,167.0
m0311,m0407,39.6,6.990e-59,185.0
m0311,m0409,64.6,2.870e-148,413.0
m0311,m0411,51.2,4.760e-94,275.0
m0312,m0314,39.9,1.010e-51,170.0
m0312,m0315,47.4,1.500e-85,252.0
m0312,m0317,45.4,1.010e-77,232.0
m0312,m0318,40.8,2.160e-51,169.0
m0312,m0320,38.4,1.690e-49,163.0
m0312,m0322,36.5,1.680e-48,161.0
m0312,m0324,42.2,3.910e-61,190.0
m0312,m0328,36.6,6.690e-46,151.0
m0312,m0329,49.2,2.340e-85,250.0
m0312,m0331,35.5,3.970e-45,151.0
m0312,m0332,49.1,3.030e-77,231.0
m0312,m0333,38.9,8.220e-51,167.0
m0312,m0335,44.2,1.040e-66,203.0
m0312,m0336,38.5,9.820e-49,158.0
m0312,m0337,45.7,4.590e-79,235.0
m0312,m0339,37.1,1.060e-46,156.0
m0312,m0340,40.1,1.030e-57,181.0
m0312,m0343,46.2,4.490e-77,230.0
m0312,m0344,39.3,5.880e-51,168.0
m0312,m0345,40.9,9.020e-62,191.0
m0312,m0347,38.2,5.990e-49,162.0
m0312,m0348,38.2,4.130e-49,163.0
m0312,m0349,37.1,3.660e-48,160.0
m0312,m0351,59.0,1.000e-121,344.0
m0312,m0354,52.7,8.390e-93,270.0
m0312,m0356,59.9,6.460e-124,350.0
m0312,m0363,38.5,4.450e-49,162.0
m0312,m0364,40.8,6.030e-62,191.0
m0312,m0365,41.8,1.170e-70,214.0
m0312,m0368,46.0,1.680e-75,226.0
m0312,m0369,36.5,1.020e-50,165.0
m0312,m0370,37.8,4.370e-51,164.0
m0312,m0371,37.9,4.570e-56,180.0
m0312,m0372,43.2,1.130e-68,209.0
m0312,m0377,45.1,2.560e-80,239.0
m0312,m0378,37.8,4.090e-50,166.0
m0312,m0380,45.1,1.120e-76,229.0
m0312,m0382,45.5,4.970e-81,240.0
m0312,m0383,60.4,5.690e-122,345.0
m0312,m0385,45.4,4.730e-82,244.0
m0312,m0387,37.0,2.870e-51,164.0
m0312,m0388,41.2,1.990e-72,219.0
m0312,m0390,48.4,2.260e-80,239.0
m0312,m0393,39.1,9.270e-50,165.0
m0312,m0394,44.4,7.890e-76,227.0
m0312,m0397,42.0,9.800e-56,181.0
m0312,m0399,39.4,2.490e-51,168.0
m0312,m0401,50.8,8.530e-85,250.0
m0312,m0404,39.4,1.750e-52,169.0
m0312,m0405,38.9,2.190e-47,156.0
m0312,m0407,38.6,6.930e-54,171.0
m0312,m0409,56.2,2.960e-109,313.0
m0312,m0411,46.4,8.740e-79,235.0
m0314,m0315,43.0,4.530e-70,219.0
m0314,m0317,50.9,1.550e-89,268.0
m0314,m0318,46.4,4.290e-108,322.0
m0314,m0320,58.3,8.140e-163,461.0
m0314,m0322,83.6,2.440e-279,757.0
m0314,m0324,60.6,6.850e-120,347.0
m0314,m0328,64.4,3.600e-128,369.0
m0314,m0329,45.5,1.230e-66,208.0
m0314,m0331,61.5,1.320e-135,391.0
m0314,m0332,53.2,7.760e-94,280.0
m0314,m0333,88.3,9.940e-312,840.0
m0314,m0335,42.9,8.810e-56,181.0
m0314,m0336,62.0,3.460e-129,371.0
m0314,m0337,49.6,1.620e-76,234.0
m0314,m0339,55.8,1.630e-172,487.0
m0314,m0340,59.6,1.660e-117,340.0
m0314,m0343,42.1,7.830e-54,176.0
m0314,m0344,89.7,6.280e-315,848.0
m0314,m0345,49.1,5.420e-78,239.0
m0314,m0347,90.8,9.760e-318,855.0
m0314,m0348,87.5,2.930e-307,828.0
m0314,m0349,49.3,2.700e-132,384.0
m0314,m0351,39.7,2.810e-56,183.0
m0314,m0354,41.9,5.330e-60,192.0
m0314,m0356,41.4,5.870e-52,172.0
m0314,m0363,82.6,7.260e-279,756.0
m0314,m0364,39.5,2.570e-58,187.0
m0314,m0365,46.3,1.450e-73,227.0
m0314,m0368,46.3,1.190e-75,233.0
m0314,m0369,36.2,6.610e-35,127.0
m0314,m0370,61.5,1.410e-117,341.0
m0314,m0371,35.5,1.990e-39,141.0
m0314,m0372,45.8,4.800e-72,223.0
m0314,m0377,45.5,1.290e-71,223.0
m0314,m0378,89.7,8.010e-317,853.0
m0314,m0380,48.2,3.580e-78,239.0
m0314,m0382,47.5,1.780e-72,224.0
m0314,m0383,37.2,1.370e-53,176.0
m0314,m0385,37.9,8.550e-53,174.0
m0314,m0387,37.3,1.270e-49,165.0
m0314,m0388,46.8,1.190e-77,239.0
m0314,m0390,52.5,1.850e-92,276.0
m0314,m0393,84.1,5.920e-298,805.0
m0314,m0394,49.8,1.180e-81,248.0
m0314,m0396,30.0,8.470e-18,76.6
m0314,m0397,52.7,3.280e-162,461.0
m0314,m0399,76.6,1.950e-187,524.0
m0314,m0401,53.2,2.940e-93,278.0
m0314,m0404,50.3,1.280e-117,342.0
m0314,m0405,62.0,1.730e-122,356.0
m0314,m0407,41.9,2.250e-64,204.0
m0314,m0409,40.6,1.740e-53,176.0
m0314,m0411,48.5,1.350e-88,267.0
m0315,m0317,57.3,3.330e-113,323.0
m0315,m0318,40.6,2.190e-67,211.0
m0315,m0320,43.7,5.610e-66,207.0
m0315,m0322,44.6,8.780e-73,225.0
m0315,m0324,46.8,2.170e-79,238.0
m0315,m0328,43.5,7.110e-71,217.0
m0315,m0329,82.4,2.770e-164,451.0
m0315,m0331,48.8,2.690e-76,233.0
m0315,m0332,59.4,1.310e-118,337.0
m0315,m0333,45.1,3.240e-71,222.0
m0315,m0335,49.6,4.940e-74,223.0
m0315,m0336,43.9,4.390e-74,224.0
m0315,m0337,63.4,1.080e-123,349.0
m0315,m0339,41.6,1.530e-68,214.0
m0315,m0340,47.9,6.320e-81,241.0
m0315,m0343,54.8,2.060e-102,295.0
m0315,m0344,43.5,2.300e-71,222.0
m0315,m0345,49.1,2.640e-90,265.0
m0315,m0347,43.5,1.260e-69,218.0
m0315,m0348,44.2,8.560e-70,218.0
m0315,m0349,48.7,4.470e-81,247.0
m0315,m0351,47.2,3.870e-86,255.0
m0315,m0354,49.1,7.140e-83,246.0
m0315,m0356,49.1,6.300e-81,242.0
m0315,m0363,45.5,1.790e-72,224.0
m0315,m0364,52.4,4.030e-101,292.0
m0315,m0365,47.1,1.540e-88,260.0
m0315,m0368,47.0,1.010e-86,256.0
m0315,m0369,35.1,9.060e-34,121.0
m0315,m0370,43.9,4.030e-72,219.0
m0315,m0371,35.0,2.550e-46,155.0
m0315,m0372,53.7,1.470e-104,301.0
m0315,m0377,59.8,4.200e-121,343.0
m0315,m0378,43.3,1.260e-69,218.0
m0315,m0380,58.6,1.470e-116,332.0
m0315,m0382,61.2,1.580e-116,332.0
m0315,m0383,44.4,4.190e-81,242.0
m0315,m0385,44.5,4.890e-81,242.0
m0315,m0387,43.0,1.950e-68,209.0
m0315,m0388,59.3,4.610e-124,352.0
m0315,m0390,58.8,5.240e-116,330.0
m0315,m0393,43.7,1.400e-70,220.0
m0315,m0394,57.4,1.460e-113,324.0
m0315,m0397,41.2,5.320e-67,211.0
m0315,m0399,45.8,2.330e-71,221.0
m0315,m0401,59.3,2.020e-117,334.0
m0315,m0404,40.5,2.510e-67,208.0
m0315,m0405,46.2,7.880e-78,236.0
m0315,m0407,45.7,5.090e-84,249.0
m0315,m0409,48.1,2.760e-78,235.0
m0315,m0411,61.5,5.740e-122,346.0
m0316,m0321,44.9,2.630e-86,258.0
m0316,m0353,39.4,9.030e-50,162.0
m0316,m0357,36.7,4.350e-49,160.0
m0316,m0361,36.4,2.410e-48,159.0
m0316,m0379,31.2,6.010e-28,106.0
m0316,m0384,37.0,1.160e-55,179.0
m0316,m0386,43.7,3.160e-82,247.0
m0316,m0389,44.6,1.530e-82,248.0
m0316,m0403,36.8,3.230e-59,188.0
m0316,m0412,41.5,3.310e-66,206.0
m0317,m0318,47.2,8.560e-83,251.0
m0317,m0320,49.1,9.200e-80,242.0
m0317,m0322,49.5,1.930e-89,268.0
m0317,m0324,53.9,1.070e-99,289.0
m0317,m0328,49.5,2.840e-86,256.0
m0317,m0329,59.0,8.230e-109,310.0
m0317,m0331,52.4,2.930e-92,274.0
m0317,m0332,70.5,6.420e-149,414.0
m0317,m0333,50.5,2.180e-90,271.0
m0317,m0335,54.9,2.670e-81,241.0
m0317,m0336,50.5,3.290e-89,263.0
m0317,m0337,63.4,1.790e-126,356.0
m0317,m0339,48.5,3.690e-82,249.0
m0317,m0340,56.2,2.860e-104,300.0
m0317,m0343,48.1,5.030e-90,263.0
m0317,m0344,51.2,1.090e-90,271.0
m0317,m0345,52.0,2.100e-101,293.0
m0317,m0347,51.2,3.470e-91,273.0
m0317,m0348,50.9,1.470e-89,268.0
m0317,m0349,53.1,2.780e-96,285.0
m0317,m0351,47.4,1.590e-84,250.0
m0317,m0354,46.3,6.110e-81,241.0
m0317,m0356,49.2,9.150e-80,238.0
m0317,m0363,49.5,1.980e-89,268.0
m0317,m0364,52.7,3.020e-100,290.0
m0317,m0365,50.6,5.860e-93,271.0
m0317,m0368,47.6,4.660e-92,269.0
m0317,m0369,37.0,1.210e-36,128.0
m0317,m0370,47.6,2.250e-84,250.0
m0317,m0371,39.2,1.980e-50,166.0
m0317,m0372,56.3,5.750e-111,317.0
m0317,m0377,63.0,1.680e-124,352.0
m0317,m0378,50.3,1.550e-89,268.0
m0317,m0380,58.3,5.410e-116,330.0
m0317,m0382,58.3,1.470e-111,318.0
m0317,m0383,50.9,7.240e-84,249.0
m0317,m0385,47.7,4.150e-76,229.0
m0317,m0387,48.4,4.410e-83,246.0
m0317,m0388,59.0,1.010e-119,340.0
m0317,m0390,69.0,2.780e-141,394.0
m0317,m0393,50.2,1.540e-88,266.0
m0317,m0394,59.3,6.720e-121,342.0
m0317,m0397,52.5,1.450e-89,269.0
m0317,m0399,52.6,5.680e-93,276.0
m0317,m0401,65.6,1.300e-136,382.0
m0317,m0404,49.8,2.060e-85,254.0
m0317,m0405,49.8,1.620e-90,268.0
m0317,m0407,50.2,5.930e-90,264.0
m0317,m0409,45.4,3.290e-73,222.0
m0317,m0411,66.1,2.700e-131,369.0
m0318,m0320,43.6,1.160e-100,301.0
m0318,m0322,44.5,4.500e-109,324.0
m0318,m0324,59.7,5.050e-114,331.0
m0318,m0328,51.9,4.220e-105,310.0
m0318,m0329,41.4,1.190e-59,190.0
m0318,m0331,57.0,3.630e-170,479.0
m0318,m0332,51.7,1.510e-93,279.0
m0318,m0333,51.5,6.830e-108,322.0
m0318,m0335,38.8,3.010e-46,155.0
m0318,m0336,52.1,7.610e-104,306.0
m0318,m0337,45.1,1.580e-73,226.0
m0318,m0339,45.9,3.140e-111,330.0
m0318,m0340,54.6,8.990e-109,318.0
m0318,m0343,37.0,1.260e-52,172.0
m0318,m0344,51.2,1.520e-112,334.0
m0318,m0345,45.4,6.110e-70,218.0
m0318,m0347,47.7,2.400e-110,328.0
m0318,m0348,48.3,1.010e-111,332.0
m0318,m0349,46.4,1.180e-116,344.0
m0318,m0351,37.8,9.870e-53,173.0
m0318,m0354,39.1,7.480e-56,181.0
m0318,m0356,41.3,2.560e-50,167.0
m0318,m0363,46.0,1.460e-110,328.0
m0318,m0364,37.5,1.300e-54,177.0
m0318,m0365,43.3,1.280e-71,222.0
m0318,m0368,44.4,5.270e-74,228.0
m0318,m0369,34.0,2.250e-36,131.0
m0318,m0370,53.3,4.640e-102,301.0
m0318,m0371,31.9,1.300e-35,130.0
m0318,m0372,41.2,3.090e-66,208.0
m0318,m0377,43.1,2.150e-73,227.0
m0318,m0378,44.5,5.390e-109,325.0
m0318,m0380,48.4,1.300e-81,248.0
m0318,m0382,39.9,7.980e-59,189.0
m0318,m0383,35.9,1.290e-49,165.0
m0318,m0385,38.4,5.690e-49,164.0
m0318,m0387,36.2,1.090e-47,159.0
m0318,m0388,43.0,2.390e-70,219.0
m0318,m0390,51.2,5.160e-86,259.0
m0318,m0393,47.1,8.580e-113,335.0
m0318,m0394,45.5,1.820e-77,237.0
m0318,m0397,58.0,1.550e-174,492.0
m0318,m0399,55.5,2.440e-170,480.0
m0318,m0401,47.0,2.610e-85,257.0
m0318,m0404,78.9,7.040e-172,480.0
m0318,m0405,53.4,3.620e-96,288.0
m0318,m0407,41.5,1.400e-66,209.0
m0318,m0409,38.8,5.690e-51,169.0
m0318,m0411,45.9,3.590e-79,242.0
m0320,m0322,57.4,5.210e-167,471.0
m0320,m0324,54.4,8.830e-96,283.0
m0320,m0328,65.1,1.010e-126,363.0
m0320,m0329,44.9,5.170e-64,200.0
m0320,m0331,49.0,2.710e-123,358.0
m0320,m0332,51.3,4.580e-84,253.0
m0320,m0333,56.7,5.720e-164,464.0
m0320,m0335,45.1,3.730e-58,186.0
m0320,m0336,64.1,1.790e-120,347.0
m0320,m0337,46.9,2.520e-73,225.0
m0320,m0339,71.2,7.970e-221,607.0
m0320,m0340,54.3,3.620e-97,287.0
m0320,m0343,41.9,1.240e-56,182.0
m0320,m0344,57.2,3.500e-165,467.0
m0320,m0345,50.9,5.360e-79,240.0
m0320,m0347,57.4,1.150e-162,460.0
m0320,m0348,57.7,3.290e-164,464.0
m0320,m0349,63.0,9.520e-123,358.0
m0320,m0351,39.4,2.310e-48,161.0
m0320,m0354,41.9,6.350e-57,183.0
m0320,m0356,39.5,7.900e-47,157.0
m0320,m0363,55.3,2.360e-158,449.0
m0320,m0364,41.9,1.470e-60,192.0
m0320,m0365,46.2,8.520e-77,234.0
m0320,m0368,46.0,4.080e-71,220.0
m0320,m0369,35.3,9.460e-36,129.0
m0320,m0370,76.8,4.010e-151,424.0
m0320,m0371,31.3,1.180e-32,122.0
m0320,m0372,45.0,4.230e-68,212.0
m0320,m0377,47.6,1.720e-73,226.0
m0320,m0378,56.6,8.140e-163,461.0
m0320,m0380,49.6,7.920e-81,244.0
m0320,m0382,45.5,5.860e-65,204.0
m0320,m0383,39.6,7.120e-48,160.0
m0320,m0385,41.0,5.800e-54,176.0
m0320,m0387,39.8,6.110e-52,170.0
m0320,m0388,47.5,2.750e-70,218.0
m0320,m0390,49.1,1.550e-79,241.0
m0320,m0393,57.7,1.310e-168,476.0
m0320,m0394,48.9,9.020e-82,247.0
m0320,m0397,52.5,9.910e-159,451.0
m0320,m0399,49.9,8.710e-118,345.0
m0320,m0401,50.2,1.970e-82,249.0
m0320,m0404,49.1,3.730e-108,317.0
m0320,m0405,64.4,1.180e-116,340.0
m0320,m0407,41.2,1.440e-60,192.0
m0320,m0409,40.4,1.980e-51,169.0
m0320,m0411,49.8,1.400e-82,250.0
m0321,m0353,42.6,1.290e-65,202.0
m0321,m0357,36.7,2.580e-54,174.0
m0321,m0361,36.1,2.430e-47,156.0
m0321,m0379,31.7,4.510e-40,138.0
m0321,m0384,36.2,2.950e-51,167.0
m0321,m0386,46.1,2.730e-90,267.0
m0321,m0389,42.6,2.110e-78,237.0
m0321,m0403,46.0,2.170e-80,242.0
m0321,m0412,46.9,1.370e-84,253.0
m0322,m0324,59.5,9.230e-119,343.0
m0322,m0328,65.6,2.740e-126,363.0
m0322,m0329,46.4,9.580e-69,213.0
m0322,m0331,55.6,1.740e-134,388.0
m0322,m0332,53.8,8.460e-95,282.0
m0322,m0333,83.8,1.140e-285,773.0
m0322,m0335,42.5,1.710e-55,179.0
m0322,m0336,63.3,1.730e-125,361.0
m0322,m0337,49.6,2.120e-79,241.0
m0322,m0339,57.3,3.350e-175,493.0
m0322,m0340,59.2,1.580e-116,337.0
m0322,m0343,42.0,6.800e-56,181.0
m0322,m0344,84.1,6.870e-287,776.0
m0322,m0345,48.2,1.940e-77,237.0
m0322,m0347,84.1,6.890e-286,774.0
m0322,m0348,84.2,4.300e-284,769.0
m0322,m0349,61.8,1.240e-131,382.0
m0322,m0351,38.4,4.370e-54,177.0
m0322,m0354,40.7,1.010e-59,191.0
m0322,m0356,41.8,2.990e-52,172.0
m0322,m0363,85.6,5.890e-290,783.0
m0322,m0364,43.4,2.560e-62,197.0
m0322,m0365,45.6,2.930e-72,223.0
m0322,m0368,44.3,1.380e-76,235.0
m0322,m0369,36.8,3.870e-35,128.0
m0322,m0370,61.9,7.290e-119,343.0
m0322,m0371,34.4,3.850e-38,137.0
m0322,m0372,46.9,1.010e-73,227.0
m0322,m0377,47.2,8.830e-75,230.0
m0322,m0378,85.2,3.420e-286,775.0
m0322,m0380,49.3,3.290e-81,246.0
m0322,m0382,47.9,1.050e-73,227.0
m0322,m0383,36.5,8.140e-51,168.0
m0322,m0385,38.3,2.460e-51,170.0
m0322,m0387,35.6,1.410e-47,159.0
m0322,m0388,47.7,2.730e-78,240.0
m0322,m0390,55.0,2.900e-90,270.0
m0322,m0393,82.6,8.080e-280,759.0
m0322,m0394,49.0,1.060e-81,248.0
m0322,m0397,52.0,6.180e-158,450.0
m0322,m0399,70.9,4.170e-180,505.0
m0322,m0401,53.0,2.270e-94,280.0
m0322,m0404,48.5,5.100e-113,330.0
m0322,m0405,62.0,1.260e-123,358.0
m0322,m0407,42.7,3.870e-65,205.0
m0322,m0409,39.9,6.640e-53,174.0
m0322,m0411,51.2,4.710e-91,273.0
m0324,m0328,58.5,1.030e-115,331.0
m0324,m0329,46.4,2.330e-76,228.0
m0324,m0331,59.8,3.050e-122,351.0
m0324,m0332,55.4,3.230e-107,308.0
m0324,m0333,60.6,3.380e-121,350.0
m0324,m0335,46.4,2.710e-65,201.0
m0324,m0336,58.5,3.250e-113,324.0
m0324,m0337,49.1,4.080e-84,249.0
m0324,m0339,54.0,5.490e-106,311.0
m0324,m0340,79.5,1.210e-175,482.0
m0324,m0343,42.3,5.350e-63,195.0
m0324,m0344,61.3,1.480e-122,353.0
m0324,m0345,46.8,5.060e-80,239.0
m0324,m0347,61.2,3.410e-120,347.0
m0324,m0348,62.3,3.040e-123,355.0
m0324,m0349,60.4,1.710e-120,348.0
m0324,m0351,39.4,4.040e-57,181.0
m0324,m0354,43.6,3.360e-70,214.0
m0324,m0356,43.1,1.240e-60,190.0
m0324,m0363,57.4,2.850e-115,334.0
m0324,m0364,40.3,5.600e-61,190.0
m0324,m0365,45.2,2.830e-81,242.0
m0324,m0368,47.4,8.780e-83,246.0
m0324,m0369,34.4,2.420e-36,128.0
m0324,m0370,56.0,1.500e-106,307.0
m0324,m0371,35.5,4.200e-42,144.0
m0324,m0372,44.4,3.160e-78,234.0
m0324,m0377,46.0,7.310e-82,244.0
m0324,m0378,59.5,4.450e-118,342.0
m0324,m0380,53.1,5.880e-94,274.0
m0324,m0382,46.5,3.270e-78,234.0
m0324,m0383,39.1,9.260e-60,187.0
m0324,m0385,40.8,1.500e-59,187.0
m0324,m0387,39.7,1.120e-58,184.0
m0324,m0388,46.0,4.330e-79,237.0
m0324,m0390,53.9,2.410e-97,283.0
m0324,m0393,59.8,7.680e-121,349.0
m0324,m0394,49.1,5.670e-91,267.0
m0324,m0396,30.4,6.050e-13,61.6
m0324,m0397,58.4,8.190e-113,329.0
m0324,m0399,62.8,5.580e-129,369.0
m0324,m0401,54.4,1.080e-102,296.0
m0324,m0404,59.8,4.430e-114,327.0
m0324,m0405,61.1,8.280e-118,338.0
m0324,m0407,43.2,3.330e-74,224.0
m0324,m0409,40.4,2.550e-58,184.0
m0324,m0411,51.9,1.880e-98,286.0
m0327,m0374,62.7,3.930e-101,288.0
m0328,m0329,45.6,3.000e-70,214.0
m0328,m0331,63.9,2.710e-136,388.0
m0328,m0332,52.9,8.940e-94,275.0
m0328,m0333,64.5,8.380e-133,381.0
m0328,m0335,40.0,3.120e-52,168.0
m0328,m0336,86.2,2.700e-188,516.0
m0328,m0337,50.2,3.980e-86,255.0
m0328,m0339,65.9,5.040e-146,414.0
m0328,m0340,58.5,1.270e-113,326.0
m0328,m0343,39.9,6.780e-59,185.0
m0328,m0344,62.7,5.470e-131,376.0
m0328,m0345,50.5,6.970e-82,245.0
m0328,m0347,61.5,1.570e-129,372.0
m0328,m0348,64.4,9.590e-128,368.0
m0328,m0349,60.1,3.880e-130,374.0
m0328,m0351,38.2,5.660e-51,166.0
m0328,m0354,40.4,6.550e-56,178.0
m0328,m0356,38.5,5.210e-50,163.0
m0328,m0363,62.2,7.030e-127,365.0
m0328,m0364,40.8,2.910e-62,194.0
m0328,m0365,48.0,7.330e-78,234.0
m0328,m0368,47.5,4.030e-80,240.0
m0328,m0369,33.3,8.320e-29,108.0
m0328,m0370,65.6,1.270e-141,397.0
m0328,m0371,33.3,1.750e-35,127.0
m0328,m0372,45.1,2.300e-71,218.0
m0328,m0377,46.6,2.090e-80,241.0
m0328,m0378,59.2,2.050e-127,367.0
m0328,m0380,49.1,5.480e-86,255.0
m0328,m0382,46.8,3.320e-74,225.0
m0328,m0383,37.8,4.730e-46,153.0
m0328,m0385,41.3,1.330e-55,178.0
m0328,m0387,37.8,2.490e-51,166.0
m0328,m0388,48.3,7.700e-82,245.0
m0328,m0390,50.2,5.230e-88,260.0
m0328,m0393,66.2,2.190e-131,377.0
m0328,m0394,47.9,1.030e-82,247.0
m0328,m0397,53.1,3.690e-106,313.0
m0328,m0399,65.8,1.750e-138,394.0
m0328,m0401,52.3,2.120e-94,276.0
m0328,m0404,55.4,1.630e-109,317.0
m0328,m0405,61.8,1.780e-122,351.0
m0328,m0407,41.1,1.430e-62,195.0
m0328,m0409,39.3,2.890e-51,167.0
m0328,m0411,47.6,1.670e-88,262.0
m0329,m0331,47.1,3.040e-72,221.0
m0329,m0332,62.5,1.320e-115,328.0
m0329,m0333,46.0,8.010e-69,214.0
m0329,m0335,51.3,1.660e-78,233.0
m0329,m0336,46.0,2.950e-72,218.0
m0329,m0337,66.9,8.820e-130,363.0
m0329,m0339,44.3,4.190e-65,204.0
m0329,m0340,46.4,4.020e-74,223.0
m0329,m0343,60.4,3.120e-109,311.0
m0329,m0344,45.2,3.450e-67,210.0
m0329,m0345,52.5,7.480e-90,263.0
m0329,m0347,44.5,1.350e-65,206.0
m0329,m0348,44.9,1.180e-66,208.0
m0329,m0349,46.8,3.260e-71,220.0
m0329,m0351,50.0,2.390e-87,256.0
m0329,m0354,53.6,1.420e-85,251.0
m0329,m0356,48.5,7.970e-82,243.0
m0329,m0363,47.5,8.900e-70,216.0
m0329,m0364,56.0,1.240e-102,295.0
m0329,m0365,49.8,1.220e-90,264.0
m0329,m0368,47.9,3.340e-85,251.0
m0329,m0369,34.3,3.330e-34,121.0
m0329,m0370,43.8,7.000e-68,207.0
m0329,m0371,36.1,9.360e-50,163.0
m0329,m0372,56.0,3.190e-101,291.0
m0329,m0377,66.1,3.570e-124,350.0
m0329,m0378,45.2,3.440e-66,207.0
m0329,m0380,61.8,1.170e-115,328.0
m0329,m0382,63.0,1.400e-119,338.0
m0329,m0383,49.1,2.860e-84,249.0
m0329,m0385,48.3,5.670e-80,238.0
m0329,m0387,44.3,3.090e-68,207.0
m0329,m0388,60.7,2.030e-117,333.0
m0329,m0390,57.3,9.740e-109,310.0
m0329,m0393,44.7,1.150e-65,206.0
m0329,m0394,61.0,5.650e-113,321.0
m0329,m0397,42.9,1.850e-64,203.0
m0329,m0399,46.0,2.090e-69,215.0
m0329,m0401,63.7,3.080e-121,342.0
m0329,m0404,42.1,6.690e-62,192.0
m0329,m0405,45.7,5.160e-70,214.0
m0329,m0407,46.2,4.680e-77,230.0
m0329,m0409,47.0,1.240e-79,237.0
m0329,m0411,63.6,1.060e-121,344.0
m0330,m0408,30.4,3.860e-09,50.4
m0331,m0332,54.0,2.740e-99,292.0
m0331,m0333,55.1,1.760e-139,401.0
m0331,m0335,45.9,5.010e-58,185.0
m0331,m0336,68.1,3.940e-134,382.0
m0331,m0337,52.0,4.810e-85,255.0
m0331,m0339,52.2,1.580e-139,401.0
m0331,m0340,60.5,3.720e-120,345.0
m0331,m0343,43.8,2.790e-58,186.0
m0331,m0344,56.6,5.730e-138,397.0
m0331,m0345,48.1,2.520e-76,233.0
m0331,m0347,56.1,2.870e-137,395.0
m0331,m0348,57.3,1.340e-137,396.0
m0331,m0349,63.5,7.700e-175,491.0
m0331,m0351,37.4,6.780e-52,170.0
m0331,m0354,39.1,1.110e-57,185.0
m0331,m0356,38.2,1.010e-47,159.0
m0331,m0363,59.7,4.110e-133,384.0
m0331,m0364,41.0,8.300e-63,198.0
m0331,m0365,47.0,7.240e-81,244.0
m0331,m0368,49.0,1.150e-82,249.0
m0331,m0369,34.5,5.150e-31,116.0
m0331,m0370,67.0,6.000e-133,378.0
m0331,m0371,33.6,1.020e-35,130.0
m0331,m0372,47.8,9.760e-79,239.0
m0331,m0377,49.1,5.330e-81,245.0
m0331,m0378,55.0,1.320e-135,391.0
m0331,m0380,53.3,8.170e-89,265.0
m0331,m0382,46.3,1.410e-75,231.0
m0331,m0383,35.4,3.670e-47,158.0
m0331,m0385,40.5,3.430e-56,182.0
m0331,m0387,39.9,7.150e-54,175.0
m0331,m0388,48.2,3.570e-83,251.0
m0331,m0390,53.6,7.730e-94,278.0
m0331,m0393,56.1,4.240e-136,393.0
m0331,m0394,47.6,2.400e-81,246.0
m0331,m0397,52.5,2.500e-119,350.0
m0331,m0399,66.7,6.060e-205,566.0
m0331,m0401,54.9,4.180e-98,289.0
m0331,m0404,52.4,2.700e-110,322.0
m0331,m0405,74.4,5.160e-153,432.0
m0331,m0407,43.0,1.290e-68,213.0
m0331,m0409,36.8,4.620e-53,174.0
m0331,m0411,51.0,4.020e-93,277.0
m0332,m0333,52.6,1.730e-93,279.0
m0332,m0335,46.7,4.570e-80,238.0
m0332,m0336,53.6,1.920e-99,289.0
m0332,m0337,66.8,1.230e-134,377.0
m0332,m0339,52.8,1.310e-92,276.0
m0332,m0340,52.8,9.200e-99,287.0
m0332,m0341,34.1,4.840e-06,41.2
m0332,m0343,51.0,1.260e-93,273.0
m0332,m0344,53.2,2.180e-94,281.0
m0332,m0345,52.8,5.450e-100,290.0
m0332,m0347,52.6,1.390e-91,274.0
m0332,m0348,53.1,2.600e-94,281.0
m0332,m0349,54.6,5.460e-100,295.0
m0332,m0351,50.3,9.150e-90,264.0
m0332,m0354,50.0,1.200e-86,256.0
m0332,m0356,46.0,4.450e-81,242.0
m0332,m0363,53.6,6.950e-94,280.0
m0332,m0364,50.9,3.500e-97,282.0
m0332,m0365,50.7,2.220e-93,273.0
m0332,m0368,49.7,6.870e-95,277.0
m0332,m0369,37.0,1.610e-38,134.0
m0332,m0370,51.5,4.940e-92,270.0
m0332,m0371,37.7,1.190e-48,162.0
m0332,m0372,56.6,8.220e-114,325.0
m0332,m0377,61.8,4.850e-132,371.0
m0332,m0378,51.6,9.820e-92,275.0
m0332,m0380,66.1,5.750e-133,373.0
m0332,m0382,60.1,8.530e-114,325.0
m0332,m0383,45.8,2.160e-78,235.0
m0332,m0385,46.3,5.180e-75,227.0
m0332,m0387,45.1,7.590e-82,243.0
m0332,m0388,59.7,1.900e-118,337.0
m0332,m0390,70.9,1.920e-149,415.0
m0332,m0393,52.2,1.370e-93,280.0
m0332,m0394,61.1,1.310e-121,345.0
m0332,m0397,55.5,1.440e-96,287.0
m0332,m0399,54.8,8.900e-96,284.0
m0332,m0401,72.2,1.800e-151,420.0
m0332,m0404,50.9,5.520e-89,263.0
m0332,m0405,53.3,2.600e-98,288.0
m0332,m0407,48.2,1.850e-89,263.0
m0332,m0409,47.7,5.360e-81,242.0
m0332,m0411,65.5,3.700e-137,385.0
m0333,m0335,42.9,1.260e-56,183.0
m0333,m0336,63.7,9.200e-133,380.0
m0333,m0337,50.4,3.670e-79,241.0
m0333,m0339,55.3,2.470e-175,494.0
m0333,m0340,57.7,1.650e-118,343.0
m0333,m0343,42.5,2.070e-55,180.0
m0333,m0344,87.8,2.110e-314,847.0
m0333,m0345,49.5,1.930e-79,243.0
m0333,m0347,88.9,1.480e-313,845.0
m0333,m0348,85.0,4.930e-300,810.0
m0333,m0349,59.7,1.230e-131,383.0
m0333,m0351,38.8,3.790e-52,172.0
m0333,m0354,41.4,4.760e-58,187.0
m0333,m0356,41.5,3.240e-52,172.0
m0333,m0363,81.7,2.940e-279,757.0
m0333,m0364,40.3,5.510e-58,187.0
m0333,m0365,44.1,6.970e-72,223.0
m0333,m0368,45.6,6.010e-77,236.0
m0333,m0369,36.9,6.930e-35,127.0
m0333,m0370,60.8,6.420e-117,339.0
m0333,m0371,35.9,1.530e-39,142.0
m0333,m0372,45.8,1.720e-73,227.0
m0333,m0377,45.1,9.220e-73,226.0
m0333,m0378,88.8,5.150e-314,846.0
m0333,m0380,47.9,9.030e-80,243.0
m0333,m0382,47.1,1.960e-72,224.0
m0333,m0383,35.9,6.240e-51,169.0
m0333,m0385,38.7,1.350e-51,171.0
m0333,m0387,37.5,3.730e-49,164.0
m0333,m0388,44.8,4.720e-78,240.0
m0333,m0390,55.4,9.260e-91,272.0
m0333,m0393,81.9,2.860e-290,786.0
m0333,m0394,49.3,5.210e-81,247.0
m0333,m0396,30.1,2.270e-19,81.3
m0333,m0397,49.6,5.610e-154,441.0
m0333,m0399,75.4,4.800e-189,528.0
m0333,m0401,53.1,1.040e-94,282.0
m0333,m0404,49.7,2.130e-114,334.0
m0333,m0405,62.0,1.220e-123,359.0
m0333,m0407,42.9,1.250e-64,204.0
m0333,m0409,40.1,7.900e-51,169.0
m0333,m0411,47.4,9.450e-87,262.0
m0334,m0375,43.0,6.100e-81,249.0
m0335,m0336,40.5,3.880e-56,177.0
m0335,m0337,52.7,7.840e-81,239.0
m0335,m0339,42.1,1.600e-58,187.0
m0335,m0340,45.5,8.130e-64,197.0
m0335,m0341,31.8,5.530e-06,40.8
m0335,m0343,51.0,2.280e-75,226.0
m0335,m0344,42.3,3.470e-56,182.0
m0335,m0345,46.7,1.080e-69,212.0
m0335,m0347,43.3,1.620e-56,182.0
m0335,m0348,42.5,1.770e-54,177.0
m0335,m0349,48.9,1.470e-63,201.0
m0335,m0351,45.1,8.260e-68,207.0
m0335,m0354,46.3,6.970e-66,202.0
m0335,m0356,44.5,1.540e-69,212.0
m0335,m0363,42.1,6.310e-56,181.0
m0335,m0364,46.8,7.310e-67,204.0
m0335,m0365,45.8,5.710e-72,217.0
m0335,m0368,40.2,1.400e-69,211.0
m0335,m0369,34.6,5.020e-32,115.0
m0335,m0370,44.0,1.480e-59,186.0
m0335,m0371,34.3,4.400e-35,125.0
m0335,m0372,47.0,4.870e-71,215.0
m0335,m0377,48.6,3.700e-78,233.0
m0335,m0378,42.1,2.430e-55,179.0
m0335,m0380,53.4,2.500e-89,261.0
m0335,m0382,49.6,7.510e-76,227.0
m0335,m0383,47.9,5.150e-70,213.0
m0335,m0385,42.1,6.040e-61,190.0
m0335,m0387,45.7,9.400e-63,194.0
m0335,m0388,42.9,1.720e-74,224.0
m0335,m0390,48.8,2.870e-79,236.0
m0335,m0393,42.9,1.450e-55,180.0
m0335,m0394,45.3,7.370e-80,238.0
m0335,m0397,40.9,1.100e-48,162.0
m0335,m0399,45.3,5.050e-57,183.0
m0335,m0401,52.3,1.800e-87,257.0
m0335,m0404,40.5,5.860e-51,165.0
m0335,m0405,44.2,2.750e-54,174.0
m0335,m0407,47.0,6.150e-68,207.0
m0335,m0409,43.9,6.610e-64,197.0
m0335,m0411,46.3,4.430e-85,251.0
m0336,m0337,49.8,2.420e-86,255.0
m0336,m0339,67.5,3.890e-141,401.0
m0336,m0340,58.4,2.450e-112,322.0
m0336,m0343,39.9,2.460e-58,183.0
m0336,m0344,63.5,2.280e-133,382.0
m0336,m0345,50.7,2.330e-84,251.0
m0336,m0347,62.7,1.980e-128,369.0
m0336,m0348,63.1,1.620e-129,372.0
m0336,m0349,60.5,9.100e-127,364.0
m0336,m0351,37.7,1.130e-53,172.0
m0336,m0354,41.6,1.120e-59,187.0
m0336,m0356,38.1,6.330e-51,165.0
m0336,m0363,62.5,1.780e-125,361.0
m0336,m0364,41.5,1.880e-65,202.0
m0336,m0365,47.4,1.130e-78,236.0
m0336,m0368,50.0,1.360e-82,246.0
m0336,m0369,33.6,2.360e-30,112.0
m0336,m0370,67.2,7.980e-139,389.0
m0336,m0371,33.2,1.180e-34,125.0
m0336,m0372,46.0,1.250e-75,228.0
m0336,m0377,46.0,4.950e-83,247.0
m0336,m0378,60.2,5.620e-128,368.0
m0336,m0380,51.8,1.380e-90,266.0
m0336,m0382,47.0,2.340e-73,222.0
m0336,m0383,37.6,2.540e-49,161.0
m0336,m0385,43.3,1.040e-60,191.0
m0336,m0387,39.1,5.410e-53,170.0
m0336,m0388,50.2,1.180e-82,247.0
m0336,m0390,52.4,2.480e-95,278.0
m0336,m0393,64.3,5.970e-132,378.0
m0336,m0394,50.7,2.200e-91,268.0
m0336,m0397,52.4,2.650e-104,308.0
m0336,m0399,65.0,5.870e-135,385.0
m0336,m0401,53.0,3.410e-97,283.0
m0336,m0404,55.9,3.920e-106,308.0
m0336,m0405,62.8,5.250e-125,357.0
m0336,m0407,43.1,1.040e-67,208.0
m0336,m0409,40.0,4.480e-53,171.0
m0336,m0411,48.7,2.600e-94,276.0
m0337,m0339,47.3,1.590e-77,237.0
m0337,m0340,48.4,3.830e-84,249.0
m0337,m0343,52.2,1.360e-97,282.0
m0337,m0344,49.5,1.610e-77,237.0
m0337,m0345,54.2,2.200e-93,272.0
m0337,m0347,49.6,2.900e-77,236.0
m0337,m0348,49.5,3.880e-77,236.0
m0337,m0349,51.5,4.490e-83,251.0
m0337,m0351,45.5,1.960e-85,252.0
m0337,m0354,48.6,6.090e-81,240.0
m0337,m0356,45.3,6.910e-74,223.0
m0337,m0363,48.6,2.700e-77,236.0
m0337,m0364,52.6,2.120e-100,290.0
m0337,m0365,53.3,2.870e-103,297.0
m0337,m0368,48.9,2.470e-94,275.0
m0337,m0369,33.3,3.710e-32,116.0
m0337,m0370,47.3,5.360e-80,238.0
m0337,m0371,39.2,2.680e-51,168.0
m0337,m0372,56.2,2.460e-107,307.0
m0337,m0377,78.8,6.150e-162,446.0
m0337,m0378,49.4,9.010e-76,233.0
m0337,m0380,64.3,3.360e-131,368.0
m0337,m0382,58.7,8.030e-116,329.0
m0337,m0383,43.9,2.770e-78,234.0
m0337,m0385,45.9,3.220e-78,234.0
m0337,m0387,46.0,2.660e-68,208.0
m0337,m0388,60.8,6.920e-120,340.0
m0337,m0390,63.5,8.330e-131,367.0
m0337,m0393,48.0,9.970e-77,235.0
m0337,m0394,64.4,2.750e-134,376.0
m0337,m0397,46.6,2.540e-74,229.0
m0337,m0399,50.4,8.100e-81,245.0
m0337,m0401,68.1,7.230e-143,397.0
m0337,m0404,46.0,2.030e-74,225.0
m0337,m0405,49.6,1.370e-83,250.0
m0337,m0407,48.0,3.300e-76,228.0
m0337,m0409,45.9,3.650e-75,226.0
m0337,m0411,68.2,1.130e-139,390.0
m0338,m0355,55.3,2.160e-73,216.0
m0338,m0400,50.2,1.400e-61,186.0
m0339,m0340,52.8,4.790e-101,298.0
m0339,m0343,39.4,8.970e-54,175.0
m0339,m0344,56.2,2.640e-177,499.0
m0339,m0345,47.5,3.650e-76,234.0
m0339,m0347,56.0,1.520e-175,494.0
m0339,m0348,55.9,6.580e-174,490.0
m0339,m0349,60.7,6.910e-133,385.0
m0339,m0351,38.8,2.730e-53,175.0
m0339,m0354,43.2,1.010e-61,196.0
m0339,m0356,38.5,1.080e-48,163.0
m0339,m0363,55.7,2.840e-169,478.0
m0339,m0364,39.5,4.940e-60,192.0
m0339,m0365,46.2,3.650e-75,231.0
m0339,m0368,47.7,1.390e-84,256.0
m0339,m0369,34.7,8.140e-31,116.0
m0339,m0370,80.5,8.040e-172,478.0
m0339,m0371,33.9,1.860e-35,130.0
m0339,m0372,42.2,6.000e-67,210.0
m0339,m0377,43.5,6.500e-73,226.0
m0339,m0378,52.9,9.350e-167,472.0
m0339,m0380,50.4,1.010e-87,263.0
m0339,m0382,45.8,4.410e-67,210.0
m0339,m0383,35.4,4.250e-45,153.0
m0339,m0385,39.2,4.740e-54,177.0
m0339,m0387,39.0,5.340e-56,181.0
m0339,m0388,46.3,3.490e-74,229.0
m0339,m0390,49.5,4.440e-85,257.0
m0339,m0393,56.8,4.290e-177,499.0
m0339,m0394,46.8,7.170e-81,246.0
m0339,m0397,52.5,1.730e-164,467.0
m0339,m0399,50.0,3.490e-127,370.0
m0339,m0401,51.8,4.480e-90,270.0
m0339,m0404,51.4,6.080e-116,338.0
m0339,m0405,58.2,1.110e-123,359.0
m0339,m0407,42.8,1.500e-66,209.0
m0339,m0409,39.9,1.990e-53,176.0
m0339,m0411,46.4,4.070e-88,265.0
m0340,m0343,45.2,5.050e-63,195.0
m0340,m0344,59.3,1.260e-120,348.0
m0340,m0345,48.0,9.150e-83,246.0
m0340,m0347,59.9,2.550e-119,345.0
m0340,m0348,57.3,2.210e-117,340.0
m0340,m0349,60.8,1.670e-117,340.0
m0340,m0351,39.5,1.910e-57,181.0
m0340,m0354,39.6,1.440e-65,202.0
m0340,m0356,39.9,3.520e-56,178.0
m0340,m0363,56.0,4.270e-114,331.0
m0340,m0364,41.4,2.350e-59,186.0
m0340,m0365,46.8,2.050e-83,247.0
m0340,m0368,47.4,4.290e-80,239.0
m0340,m0369,32.8,6.230e-36,127.0
m0340,m0370,56.9,4.560e-105,303.0
m0340,m0371,35.8,3.750e-44,150.0
m0340,m0372,44.3,1.980e-73,222.0
m0340,m0377,47.5,2.130e-83,248.0
m0340,m0378,58.8,4.330e-115,334.0
m0340,m0380,52.4,2.360e-90,265.0
m0340,m0382,45.7,1.020e-73,223.0
m0340,m0383,41.1,2.440e-59,186.0
m0340,m0385,43.3,4.090e-65,201.0
m0340,m0387,40.9,1.490e-58,184.0
m0340,m0388,47.2,9.730e-83,246.0
m0340,m0390,53.5,1.830e-96,281.0
m0340,m0393,59.3,5.750e-120,347.0
m0340,m0394,50.3,3.470e-89,262.0
m0340,m0397,59.9,2.450e-111,325.0
m0340,m0399,62.1,6.810e-127,363.0
m0340,m0401,50.7,5.360e-95,277.0
m0340,m0404,56.8,1.260e-110,318.0
m0340,m0405,60.9,4.710e-119,341.0
m0340,m0407,43.0,1.770e-73,222.0
m0340,m0409,40.7,5.270e-57,181.0
m0340,m0411,51.7,1.970e-92,271.0
m0341,m0411,36.8,9.060e-06,40.4
m0342,m0376,38.4,2.140e-46,150.0
m0343,m0344,43.3,2.720e-56,182.0
m0343,m0345,45.1,2.580e-74,224.0
m0343,m0347,42.5,7.370e-55,178.0
m0343,m0348,42.5,3.370e-56,182.0
m0343,m0349,42.0,5.770e-60,191.0
m0343,m0351,45.7,4.950e-73,221.0
m0343,m0354,50.6,1.420e-82,244.0
m0343,m0356,46.2,1.480e-73,222.0
m0343,m0363,42.1,4.610e-57,184.0
m0343,m0364,50.2,1.610e-77,231.0
m0343,m0365,44.2,5.570e-73,220.0
m0343,m0368,43.3,8.560e-72,217.0
m0343,m0369,35.5,2.720e-35,124.0
m0343,m0370,39.2,1.130e-56,179.0
m0343,m0371,36.2,4.260e-50,165.0
m0343,m0372,48.1,3.990e-84,248.0
m0343,m0377,52.7,6.800e-100,289.0
m0343,m0378,41.3,1.100e-53,175.0
m0343,m0380,48.9,9.170e-93,270.0
m0343,m0382,63.9,6.750e-132,370.0
m0343,m0383,45.8,3.160e-72,219.0
m0343,m0385,44.4,5.940e-68,208.0
m0343,m0387,45.9,6.110e-73,220.0
m0343,m0388,47.6,1.850e-85,253.0
m0343,m0390,51.2,2.520e-86,254.0
m0343,m0393,40.9,3.520e-53,174.0
m0343,m0394,49.1,1.870e-91,267.0
m0343,m0397,41.0,2.060e-57,185.0
m0343,m0399,43.0,1.100e-56,182.0
m0343,m0401,50.9,3.090e-99,287.0
m0343,m0404,36.2,2.710e-53,171.0
m0343,m0405,43.2,3.810e-59,187.0
m0343,m0407,46.6,1.830e-73,221.0
m0343,m0409,44.5,3.250e-68,209.0
m0343,m0411,53.2,2.400e-98,285.0
m0344,m0345,50.2,4.400e-81,247.0
m0344,m0347,91.3,0.000e+00,867.0
m0344,m0348,87.0,1.970e-306,827.0
m0344,m0349,60.9,3.360e-134,389.0
m0344,m0351,40.9,4.530e-55,180.0
m0344,m0354,42.4,1.390e-61,196.0
m0344,m0356,41.8,4.530e-52,172.0
m0344,m0363,81.8,6.590e-276,749.0
m0344,m0364,39.9,1.520e-57,186.0
m0344,m0365,47.0,7.330e-75,231.0
m0344,m0368,46.0,3.340e-76,234.0
m0344,m0369,36.6,2.660e-35,129.0
m0344,m0370,61.9,2.810e-118,343.0
m0344,m0371,36.3,2.910e-39,141.0
m0344,m0372,45.8,9.550e-73,225.0
m0344,m0377,45.1,1.830e-72,225.0
m0344,m0378,88.0,1.720e-312,842.0
m0344,m0380,48.6,2.530e-79,242.0
m0344,m0382,47.5,6.370e-74,228.0
m0344,m0383,40.4,2.910e-53,175.0
m0344,m0385,40.1,4.490e-54,177.0
m0344,m0387,37.4,5.000e-50,166.0
m0344,m0388,46.5,4.260e-79,243.0
m0344,m0390,52.6,4.140e-89,268.0
m0344,m0393,86.0,8.340e-306,825.0
m0344,m0394,49.5,2.350e-82,250.0
m0344,m0397,54.3,1.010e-164,468.0
m0344,m0399,77.5,9.450e-194,540.0
m0344,m0401,52.7,3.670e-95,283.0
m0344,m0404,50.6,1.270e-118,345.0
m0344,m0405,59.4,1.330e-125,364.0
m0344,m0407,43.4,1.360e-67,212.0
m0344,m0409,41.0,4.910e-54,177.0
m0344,m0411,50.7,5.350e-89,268.0
m0345,m0347,50.0,1.110e-80,246.0
m0345,m0348,49.8,1.020e-77,238.0
m0345,m0349,49.0,1.030e-78,241.0
m0345,m0351,40.9,3.430e-67,206.0
m0345,m0354,40.8,1.250e-66,204.0
m0345,m0356,41.2,8.910e-60,187.0
m0345,m0363,48.1,5.600e-77,236.0
m0345,m0364,43.4,7.860e-72,218.0
m0345,m0365,48.0,1.160e-87,258.0
m0345,m0368,50.2,1.940e-91,268.0
m0345,m0369,33.1,6.180e-32,116.0
m0345,m0370,46.8,5.750e-77,231.0
m0345,m0371,34.3,1.490e-40,140.0
m0345,m0372,49.0,5.290e-84,249.0
m0345,m0377,50.5,4.040e-91,267.0
m0345,m0378,49.1,7.650e-78,239.0
m0345,m0380,56.1,2.010e-106,306.0
m0345,m0382,48.6,7.380e-87,256.0
m0345,m0383,40.6,1.370e-64,200.0
m0345,m0385,45.2,6.180e-73,221.0
m0345,m0387,42.9,2.890e-58,183.0
m0345,m0388,51.2,2.920e-97,283.0
m0345,m0390,52.5,1.550e-102,296.0
m0345,m0393,50.7,2.730e-80,245.0
m0345,m0394,51.2,3.690e-96,280.0
m0345,m0397,47.7,1.460e-73,228.0
m0345,m0399,50.5,6.710e-80,243.0
m0345,m0401,53.0,3.200e-101,293.0
m0345,m0404,45.7,2.100e-71,218.0
m0345,m0405,45.2,2.910e-71,219.0
m0345,m0407,44.7,1.900e-75,227.0
m0345,m0409,40.4,7.610e-63,196.0
m0345,m0411,52.4,5.500e-97,283.0
m0347,m0348,88.2,1.520e-309,834.0
m0347,m0349,48.8,1.350e-132,385.0
m0347,m0351,38.7,2.250e-54,178.0
m0347,m0354,41.4,4.370e-58,187.0
m0347,m0356,41.0,1.680e-50,168.0
m0347,m0363,83.9,4.390e-280,759.0
m0347,m0364,39.1,4.130e-56,182.0
m0347,m0365,47.0,9.340e-75,230.0
m0347,m0368,45.6,8.460e-76,233.0
m0347,m0369,37.0,5.080e-36,130.0
m0347,m0370,61.2,1.300e-115,336.0
m0347,m0371,35.5,1.370e-38,139.0
m0347,m0372,46.7,1.720e-72,224.0
m0347,m0377,45.3,2.120e-73,227.0
m0347,m0378,89.5,1.550e-314,847.0
m0347,m0380,48.2,1.000e-77,238.0
m0347,m0382,46.8,9.860e-72,223.0
m0347,m0383,38.9,2.960e-51,170.0
m0347,m0385,39.8,2.230e-53,176.0
m0347,m0387,37.6,1.270e-49,165.0
m0347,m0388,46.9,4.710e-77,237.0
m0347,m0390,54.7,1.170e-90,271.0
m0347,m0393,84.1,1.070e-300,812.0
m0347,m0394,49.1,3.330e-81,247.0
m0347,m0397,52.2,6.120e-160,456.0
m0347,m0399,70.7,6.690e-193,538.0
m0347,m0401,52.4,2.080e-93,278.0
m0347,m0404,50.8,2.560e-117,342.0
m0347,m0405,59.4,4.710e-125,363.0
m0347,m0407,42.7,4.450e-64,203.0
m0347,m0409,39.6,1.920e-51,171.0
m0347,m0411,47.7,6.000e-87,263.0
m0348,m0349,50.0,4.880e-135,391.0
m0348,m0351,38.9,2.040e-55,181.0
m0348,m0354,41.4,2.780e-59,190.0
m0348,m0356,41.8,5.910e-51,169.0
m0348,m0363,83.2,4.080e-280,759.0
m0348,m0364,41.1,8.910e-59,189.0
m0348,m0365,44.1,2.370e-71,221.0
m0348,m0368,45.3,3.170e-75,232.0
m0348,m0369,35.8,8.310e-34,124.0
m0348,m0370,61.9,2.660e-117,340.0
m0348,m0371,35.5,2.660e-39,141.0
m0348,m0372,45.4,3.570e-71,221.0
m0348,m0377,47.4,1.580e-72,225.0
m0348,m0378,86.0,3.810e-303,818.0
m0348,m0380,48.9,3.060e-79,242.0
m0348,m0382,47.9,3.360e-72,224.0
m0348,m0383,36.9,3.610e-53,175.0
m0348,m0385,39.4,3.450e-50,167.0
m0348,m0387,36.7,1.220e-49,165.0
m0348,m0388,45.5,2.750e-75,233.0
m0348,m0390,53.7,1.240e-89,269.0
m0348,m0393,86.0,2.290e-306,827.0
m0348,m0394,49.1,4.450e-81,247.0
m0348,m0397,51.9,3.500e-161,459.0
m0348,m0399,77.6,5.520e-189,528.0
m0348,m0401,53.0,1.390e-93,279.0
m0348,m0404,51.3,4.240e-118,343.0
m0348,m0405,61.7,1.050e-120,352.0
m0348,m0407,41.5,1.530e-64,204.0
m0348,m0409,40.6,2.340e-53,176.0
m0348,m0411,49.7,1.610e-89,269.0
m0349,m0351,37.6,4.360e-50,166.0
m0349,m0354,39.4,6.330e-59,189.0
m0349,m0356,38.7,6.010e-46,155.0
m0349,m0363,49.6,1.660e-129,377.0
m0349,m0364,41.3,1.920e-63,201.0
m0349,m0365,47.6,1.140e-76,235.0
m0349,m0368,49.0,1.890e-81,248.0
m0349,m0369,36.1,1.950e-33,123.0
m0349,m0370,64.5,2.420e-126,363.0
m0349,m0371,34.2,1.970e-36,133.0
m0349,m0372,47.0,6.830e-76,233.0
m0349,m0377,49.0,6.950e-82,249.0
m0349,m0378,58.9,1.130e-128,375.0
m0349,m0380,52.1,2.210e-86,260.0
m0349,m0382,46.8,2.680e-72,224.0
m0349,m0383,37.4,9.160e-51,168.0
m0349,m0385,39.3,1.880e-52,173.0
m0349,m0387,40.9,2.580e-61,195.0
m0349,m0388,47.4,1.020e-79,244.0
m0349,m0390,53.7,3.340e-96,285.0
m0349,m0393,59.6,5.820e-128,374.0
m0349,m0394,49.3,3.550e-84,254.0
m0349,m0396,32.5,2.260e-16,72.4
m0349,m0397,49.2,7.680e-115,340.0
m0349,m0399,52.2,8.830e-133,385.0
m0349,m0401,53.0,2.120e-96,286.0
m0349,m0404,52.4,9.000e-110,322.0
m0349,m0405,73.1,1.460e-149,425.0
m0349,m0407,45.7,1.060e-73,228.0
m0349,m0409,39.5,2.060e-52,173.0
m0349,m0411,49.2,1.570e-90,271.0
m0351,m0354,48.2,3.020e-93,273.0
m0351,m0356,54.5,2.730e-126,357.0
m0351,m0363,39.1,2.270e-54,177.0
m0351,m0364,40.6,3.050e-67,206.0
m0351,m0365,41.1,2.200e-70,214.0
m0351,m0368,42.3,2.130e-73,222.0
m0351,m0369,38.1,2.990e-48,159.0
m0351,m0370,40.4,1.080e-54,174.0
m0351,m0371,35.4,2.220e-51,169.0
m0351,m0372,42.2,9.400e-70,213.0
m0351,m0377,45.5,2.710e-85,253.0
m0351,m0378,38.0,4.900e-52,172.0
m0351,m0380,47.4,1.290e-80,240.0
m0351,m0382,47.5,5.640e-93,272.0
m0351,m0383,63.2,1.260e-138,389.0
m0351,m0385,47.3,9.910e-90,265.0
m0351,m0387,40.5,6.110e-59,185.0
m0351,m0388,44.1,9.290e-82,244.0
m0351,m0390,47.8,2.160e-83,248.0
m0351,m0393,39.7,6.500e-56,182.0
m0351,m0394,42.7,2.330e-80,240.0
m0351,m0397,41.3,1.770e-61,197.0
m0351,m0399,41.3,4.750e-56,182.0
m0351,m0401,47.5,1.540e-90,266.0
m0351,m0404,39.7,3.460e-55,177.0
m0351,m0405,39.5,1.070e-51,169.0
m0351,m0407,39.8,3.710e-59,186.0
m0351,m0409,66.5,5.380e-149,415.0
m0351,m0411,49.5,6.680e-92,270.0
m0353,m0357,40.6,7.080e-60,187.0
m0353,m0361,37.0,4.200e-39,133.0
m0353,m0379,31.1,9.200e-27,101.0
m0353,m0384,32.3,1.450e-34,122.0
m0353,m0386,38.6,3.480e-56,178.0
m0353,m0389,41.4,5.500e-58,183.0
m0353,m0403,42.1,7.440e-50,162.0
m0353,m0412,39.3,1.910e-58,184.0
m0354,m0356,54.8,2.260e-94,276.0
m0354,m0363,41.3,1.350e-60,193.0
m0354,m0364,41.4,2.240e-69,211.0
m0354,m0365,40.1,1.050e-67,207.0
m0354,m0368,45.5,2.660e-76,229.0
m0354,m0369,39.0,2.220e-51,167.0
m0354,m0370,45.5,1.860e-67,207.0
m0354,m0371,42.4,3.420e-62,197.0
m0354,m0372,44.0,1.170e-75,227.0
m0354,m0377,46.2,7.770e-76,228.0
m0354,m0378,39.9,3.340e-57,185.0
m0354,m0380,50.4,1.510e-86,255.0
m0354,m0382,52.0,4.430e-94,274.0
m0354,m0383,53.2,6.370e-91,267.0
m0354,m0385,49.6,4.480e-87,257.0
m0354,m0387,39.4,1.040e-62,194.0
m0354,m0388,44.5,1.730e-75,228.0
m0354,m0390,45.7,1.070e-77,233.0
m0354,m0393,42.0,1.750e-59,191.0
m0354,m0394,45.0,1.200e-79,238.0
m0354,m0397,39.4,1.390e-58,189.0
m0354,m0399,44.6,4.920e-63,199.0
m0354,m0401,48.8,2.580e-88,259.0
m0354,m0404,39.7,2.370e-58,184.0
m0354,m0405,39.2,7.120e-56,179.0
m0354,m0407,40.7,9.830e-68,207.0
m0354,m0409,53.2,7.190e-92,270.0
m0354,m0411,49.8,3.180e-86,255.0
m0355,m0400,50.3,2.050e-57,174.0
m0356,m0363,41.4,4.500e-51,169.0
m0356,m0364,45.8,7.950e-72,218.0
m0356,m0365,40.5,4.220e-63,196.0
m0356,m0368,44.8,2.040e-72,220.0
m0356,m0369,38.8,4.040e-51,167.0
m0356,m0370,40.2,1.680e-51,166.0
m0356,m0371,38.6,3.280e-53,174.0
m0356,m0372,45.2,4.870e-74,224.0
m0356,m0377,48.7,2.500e-79,238.0
m0356,m0378,39.1,3.990e-53,175.0
m0356,m0380,47.7,6.820e-82,244.0
m0356,m0382,51.3,7.620e-87,256.0
m0356,m0383,56.0,1.820e-125,355.0
m0356,m0385,47.8,2.560e-86,256.0
m0356,m0387,39.8,3.520e-56,178.0
m0356,m0388,44.3,1.210e-75,229.0
m0356,m0390,45.5,1.190e-81,243.0
m0356,m0393,40.5,9.140e-53,174.0
m0356,m0394,43.9,1.910e-72,220.0
m0356,m0397,38.5,7.110e-52,172.0
m0356,m0399,43.1,6.480e-54,176.0
m0356,m0401,49.1,1.810e-85,253.0
m0356,m0404,39.3,8.230e-51,166.0
m0356,m0405,39.3,9.070e-47,156.0
m0356,m0407,39.2,2.250e-52,168.0
m0356,m0409,62.6,1.660e-130,369.0
m0356,m0411,48.6,1.660e-83,249.0
m0357,m0361,34.5,5.060e-39,133.0
m0357,m0379,33.5,8.490e-30,110.0
m0357,m0384,34.4,1.640e-42,143.0
m0357,m0386,37.0,2.270e-52,169.0
m0357,m0389,38.2,1.430e-53,172.0
m0357,m0403,39.1,1.640e-54,174.0
m0357,m0412,35.9,8.460e-52,167.0
m0358,m0362,32.6,3.040e-21,90.1
m0360,m0391,31.4,3.090e-43,156.0
m0361,m0384,30.5,5.940e-36,126.0
m0361,m0386,33.2,6.450e-43,144.0
m0361,m0389,35.2,3.810e-40,137.0
m0361,m0403,37.4,2.380e-50,164.0
m0361,m0412,33.2,6.940e-41,139.0
m0363,m0364,43.9,7.270e-62,196.0
m0363,m0365,46.3,8.420e-72,222.0
m0363,m0368,46.0,1.420e-76,235.0
m0363,m0369,35.8,1.490e-35,129.0
m0363,m0370,61.2,5.310e-119,344.0
m0363,m0371,35.5,7.820e-39,139.0
m0363,m0372,48.0,3.350e-75,231.0
m0363,m0377,44.1,2.430e-71,221.0
m0363,m0378,83.7,2.180e-280,760.0
m0363,m0380,49.6,4.270e-82,249.0
m0363,m0382,48.2,1.370e-74,229.0
m0363,m0383,38.1,8.710e-50,166.0
m0363,m0385,39.8,2.130e-54,178.0
m0363,m0387,34.7,3.760e-48,160.0
m0363,m0388,45.6,1.360e-75,233.0
m0363,m0390,54.3,5.950e-90,269.0
m0363,m0393,83.4,3.420e-279,757.0
m0363,m0394,50.2,9.750e-83,251.0
m0363,m0397,51.3,3.390e-155,443.0
m0363,m0399,75.2,4.380e-175,492.0
m0363,m0401,53.7,6.610e-94,279.0
m0363,m0404,48.6,8.470e-112,327.0
m0363,m0405,59.2,7.730e-120,349.0
m0363,m0407,42.0,6.070e-64,202.0
m0363,m0409,41.0,2.610e-52,172.0
m0363,m0411,51.5,9.680e-91,272.0
m0364,m0365,47.1,7.240e-83,245.0
m0364,m0368,42.9,3.060e-76,229.0
m0364,m0369,32.9,7.820e-28,104.0
m0364,m0370,39.9,3.440e-63,196.0
m0364,m0371,31.0,3.860e-34,122.0
m0364,m0372,68.8,5.070e-135,378.0
m0364,m0377,51.6,4.360e-97,282.0
m0364,m0378,41.3,6.620e-59,189.0
m0364,m0380,53.8,3.600e-101,292.0
m0364,m0382,50.7,2.200e-95,277.0
m0364,m0383,42.0,9.670e-67,205.0
m0364,m0385,39.9,4.390e-60,188.0
m0364,m0387,38.8,5.420e-58,182.0
m0364,m0388,57.5,9.980e-112,320.0
m0364,m0390,54.0,3.820e-102,295.0
m0364,m0393,40.6,7.320e-60,192.0
m0364,m0394,52.0,7.940e-97,281.0
m0364,m0397,39.3,2.580e-56,182.0
m0364,m0399,41.3,3.310e-57,184.0
m0364,m0401,55.5,1.700e-107,308.0
m0364,m0404,40.6,1.530e-57,182.0
m0364,m0405,39.9,9.740e-65,202.0
m0364,m0407,46.9,2.460e-72,219.0
m0364,m0409,42.9,5.430e-68,208.0
m0364,m0411,55.8,1.240e-109,314.0
m0365,m0368,58.3,1.120e-114,327.0
m0365,m0370,44.6,1.070e-73,223.0
m0365,m0371,33.3,3.990e-39,136.0
m0365,m0372,51.5,5.860e-93,271.0
m0365,m0377,53.5,1.290e-101,293.0
m0365,m0378,45.4,3.500e-71,221.0
m0365,m0380,53.1,8.570e-105,301.0
m0365,m0382,45.0,4.310e-80,238.0
m0365,m0383,40.8,7.080e-67,205.0
m0365,m0385,41.4,2.050e-67,207.0
m0365,m0387,41.8,2.830e-61,190.0
m0365,m0388,49.5,1.200e-95,279.0
m0365,m0390,53.1,7.960e-102,294.0
m0365,m0393,44.9,2.150e-71,222.0
m0365,m0394,48.2,1.900e-95,278.0
m0365,m0397,46.0,6.980e-77,236.0
m0365,m0399,44.7,6.370e-73,225.0
m0365,m0401,51.6,1.560e-98,285.0
m0365,m0404,42.0,2.160e-70,215.0
m0365,m0405,44.1,1.060e-73,225.0
m0365,m0407,43.9,4.080e-71,216.0
m0365,m0409,44.6,4.990e-69,211.0
m0365,m0411,51.8,1.970e-101,293.0
m0366,m0381,88.0,6.860e-265,715.0
m0368,m0369,32.7,1.540e-34,123.0
m0368,m0370,48.4,8.820e-81,241.0
m0368,m0371,32.0,1.420e-37,132.0
m0368,m0372,45.6,1.560e-82,245.0
m0368,m0377,47.7,5.600e-93,272.0
m0368,m0378,45.3,6.630e-75,231.0
m0368,m0380,52.0,3.200e-102,295.0
m0368,m0382,45.6,1.920e-78,234.0
m0368,m0383,42.0,8.670e-71,216.0
m0368,m0385,41.1,1.270e-68,210.0
m0368,m0387,42.6,2.150e-63,196.0
m0368,m0388,46.1,6.760e-90,265.0
m0368,m0390,50.7,3.020e-99,288.0
m0368,m0393,47.0,3.700e-76,234.0
m0368,m0394,50.0,1.170e-96,281.0
m0368,m0397,47.4,4.730e-74,229.0
m0368,m0399,46.5,1.780e-72,224.0
m0368,m0401,51.6,6.670e-105,302.0
m0368,m0404,44.0,3.380e-72,220.0
m0368,m0405,45.5,7.470e-74,226.0
m0368,m0407,40.2,1.640e-64,199.0
m0368,m0409,42.8,1.380e-71,218.0
m0368,m0411,51.5,1.070e-103,300.0
m0369,m0370,36.6,3.710e-34,122.0
m0369,m0371,34.2,1.600e-25,100.0
m0369,m0372,34.4,1.770e-33,120.0
m0369,m0377,34.1,4.240e-32,116.0
m0369,m0378,36.6,3.690e-36,131.0
m0369,m0380,35.2,2.010e-40,138.0
m0369,m0382,34.3,1.270e-35,125.0
m0369,m0383,40.5,3.810e-51,167.0
m0369,m0385,33.2,5.120e-43,146.0
m0369,m0387,35.0,2.520e-33,119.0
m0369,m0390,35.5,2.000e-32,117.0
m0369,m0393,37.0,2.020e-35,129.0
m0369,m0394,31.2,1.470e-31,115.0
m0369,m0397,36.2,5.760e-36,130.0
m0369,m0399,39.9,4.090e-39,139.0
m0369,m0401,33.0,3.570e-34,122.0
m0369,m0404,33.5,2.200e-33,121.0
m0369,m0405,33.9,1.390e-29,111.0
m0369,m0407,36.4,1.070e-30,112.0
m0369,m0409,40.7,1.160e-56,182.0
m0369,m0411,32.0,4.180e-33,119.0
m0370,m0371,34.2,1.280e-36,130.0
m0370,m0372,44.1,1.660e-70,214.0
m0370,m0377,44.6,6.690e-78,234.0
m0370,m0378,59.8,2.090e-114,333.0
m0370,m0380,52.5,7.430e-93,271.0
m0370,m0382,47.0,8.410e-74,223.0
m0370,m0383,39.5,1.030e-52,169.0
m0370,m0385,42.0,6.260e-56,178.0
m0370,m0387,38.5,2.990e-56,178.0
m0370,m0388,46.6,5.440e-78,234.0
m0370,m0390,49.8,9.760e-90,264.0
m0370,m0393,61.8,2.560e-117,340.0
m0370,m0394,46.0,1.450e-81,243.0
m0370,m0397,53.4,6.560e-99,293.0
m0370,m0399,63.3,6.540e-121,348.0
m0370,m0401,50.3,5.840e-93,272.0
m0370,m0404,52.7,2.590e-101,295.0
m0370,m0405,65.0,6.070e-126,359.0
m0370,m0407,40.9,4.780e-66,203.0
m0370,m0409,41.9,3.100e-57,181.0
m0370,m0411,49.1,9.960e-89,262.0
m0371,m0372,35.9,5.670e-41,141.0
m0371,m0377,37.0,2.370e-45,153.0
m0371,m0378,35.9,1.440e-39,142.0
m0371,m0380,34.0,4.850e-45,152.0
m0371,m0382,35.6,4.950e-52,170.0
m0371,m0383,41.1,4.610e-57,184.0
m0371,m0385,37.7,8.680e-55,178.0
m0371,m0387,39.9,1.540e-49,164.0
m0371,m0388,36.0,6.540e-47,157.0
m0371,m0390,36.1,9.860e-48,159.0
m0371,m0393,35.5,1.440e-37,136.0
m0371,m0394,35.3,1.070e-46,156.0
m0371,m0397,34.0,4.810e-41,146.0
m0371,m0399,38.0,5.590e-42,148.0
m0371,m0401,36.7,8.560e-49,162.0
m0371,m0404,34.6,5.880e-42,145.0
m0371,m0405,31.8,1.430e-28,109.0
m0371,m0407,34.6,2.330e-44,150.0
m0371,m0409,33.8,3.680e-48,161.0
m0371,m0411,37.4,3.810e-50,166.0
m0372,m0377,56.5,1.180e-112,322.0
m0372,m0378,45.1,1.050e-70,220.0
m0372,m0380,55.6,7.380e-109,311.0
m0372,m0382,54.0,1.310e-102,296.0
m0372,m0383,42.3,1.320e-70,215.0
m0372,m0385,46.1,1.060e-73,223.0
m0372,m0387,44.0,1.490e-67,206.0
m0372,m0388,56.8,3.180e-111,318.0
m0372,m0390,58.2,9.450e-116,329.0
m0372,m0393,45.6,2.950e-72,224.0
m0372,m0394,57.3,4.960e-111,317.0
m0372,m0397,43.1,6.270e-68,213.0
m0372,m0399,47.6,2.440e-73,226.0
m0372,m0401,58.9,3.670e-117,333.0
m0372,m0404,42.1,1.030e-68,211.0
m0372,m0405,44.3,8.010e-77,233.0
m0372,m0407,45.8,9.330e-76,228.0
m0372,m0409,43.0,1.890e-69,212.0
m0372,m0411,60.9,3.040e-123,349.0
m0377,m0378,44.8,5.920e-73,226.0
m0377,m0380,64.5,2.820e-125,353.0
m0377,m0382,59.2,4.630e-110,315.0
m0377,m0383,47.5,2.670e-78,235.0
m0377,m0385,45.0,4.610e-72,219.0
m0377,m0387,40.3,3.920e-64,198.0
m0377,m0388,58.8,5.740e-119,338.0
m0377,m0390,64.9,5.630e-129,363.0
m0377,m0393,45.7,1.830e-73,228.0
m0377,m0394,62.8,1.180e-128,362.0
m0377,m0397,44.0,6.490e-71,221.0
m0377,m0399,48.5,1.390e-78,240.0
m0377,m0401,68.5,6.600e-139,388.0
m0377,m0404,44.8,1.240e-69,214.0
m0377,m0405,46.9,5.340e-83,249.0
m0377,m0407,47.0,5.340e-80,239.0
m0377,m0409,45.3,3.160e-73,222.0
m0377,m0411,65.6,1.360e-138,388.0
m0378,m0380,48.2,1.800e-78,240.0
m0378,m0382,47.2,9.860e-72,223.0
m0378,m0383,36.7,2.960e-51,170.0
m0378,m0385,37.4,1.250e-51,171.0
m0378,m0387,37.6,1.780e-49,164.0
m0378,m0388,46.4,2.620e-76,235.0
m0378,m0390,55.5,1.310e-89,269.0
m0378,m0393,85.2,1.010e-305,825.0
m0378,m0394,50.0,2.360e-81,248.0
m0378,m0397,52.4,1.500e-155,444.0
m0378,m0399,68.7,2.770e-187,524.0
m0378,m0401,53.2,8.310e-93,277.0
m0378,m0404,50.3,1.170e-115,337.0
m0378,m0405,58.1,3.050e-123,358.0
m0378,m0407,41.7,1.740e-63,201.0
m0378,m0409,38.8,1.020e-50,169.0
m0378,m0411,48.7,7.580e-88,265.0
m0379,m0384,32.0,3.680e-26,100.0
m0379,m0389,33.1,1.780e-30,112.0
m0379,m0403,30.2,1.080e-29,110.0
m0379,m0412,30.1,4.630e-30,111.0
m0380,m0382,59.7,9.180e-115,327.0
m0380,m0383,40.7,2.010e-72,219.0
m0380,m0385,43.7,6.430e-75,226.0
m0380,m0387,44.4,2.550e-68,208.0
m0380,m0388,63.3,9.490e-125,353.0
m0380,m0390,64.3,2.050e-131,369.0
m0380,m0393,48.6,5.590e-79,241.0
m0380,m0394,60.7,1.690e-123,349.0
m0380,m0397,47.3,1.700e-81,248.0
m0380,m0399,49.5,4.460e-83,251.0
m0380,m0401,68.9,2.280e-139,389.0
m0380,m0404,46.1,2.720e-77,233.0
m0380,m0405,50.9,6.470e-87,259.0
m0380,m0407,45.8,1.670e-81,242.0
m0380,m0409,48.5,2.330e-81,243.0
m0380,m0411,71.5,5.930e-142,396.0
m0382,m0383,48.1,4.650e-85,252.0
m0382,m0385,51.3,3.360e-86,255.0
m0382,m0387,49.0,2.970e-81,241.0
m0382,m0388,56.6,4.100e-107,308.0
m0382,m0390,58.2,4.310e-112,320.0
m0382,m0393,46.8,6.640e-71,221.0
m0382,m0394,57.1,6.850e-109,312.0
m0382,m0397,43.4,3.260e-64,203.0
m0382,m0399,48.6,3.550e-73,226.0
m0382,m0401,60.9,2.460e-120,341.0
m0382,m0404,41.2,5.820e-62,194.0
m0382,m0405,45.7,7.380e-72,220.0
m0382,m0407,46.2,7.810e-83,246.0
m0382,m0409,48.7,4.800e-84,249.0
m0382,m0411,59.9,9.570e-125,353.0
m0383,m0385,46.6,4.580e-89,263.0
m0383,m0387,40.1,5.390e-58,182.0
m0383,m0388,44.4,5.090e-74,224.0
m0383,m0390,44.7,6.590e-78,234.0
m0383,m0393,36.8,4.400e-53,175.0
m0383,m0394,39.5,2.030e-71,217.0
m0383,m0397,39.7,8.090e-55,179.0
m0383,m0399,39.3,7.040e-57,184.0
m0383,m0401,45.7,5.490e-84,249.0
m0383,m0404,39.9,6.020e-54,174.0
m0383,m0405,36.7,2.360e-46,155.0
m0383,m0407,37.3,1.550e-48,158.0
m0383,m0409,57.9,4.140e-128,362.0
m0383,m0411,45.9,6.450e-80,239.0
m0384,m0386,36.6,7.750e-52,168.0
m0384,m0389,38.4,5.310e-56,179.0
m0384,m0403,37.9,1.840e-41,141.0
m0384,m0412,32.9,7.110e-43,145.0
m0385,m0387,43.9,3.940e-59,186.0
m0385,m0388,43.7,2.150e-68,210.0
m0385,m0390,44.7,2.850e-72,219.0
m0385,m0393,40.9,2.610e-53,176.0
m0385,m0394,44.4,4.620e-74,224.0
m0385,m0397,41.1,5.650e-58,188.0
m0385,m0399,41.4,4.460e-56,182.0
m0385,m0401,46.0,5.040e-75,226.0
m0385,m0404,39.8,1.360e-57,183.0
m0385,m0405,42.4,5.640e-55,177.0
m0385,m0407,40.8,3.420e-52,168.0
m0385,m0409,44.9,1.840e-82,246.0
m0385,m0411,46.8,4.140e-82,245.0
m0386,m0389,43.7,2.450e-77,234.0
m0386,m0403,39.9,3.480e-64,201.0
m0386,m0412,42.1,2.690e-73,224.0
m0387,m0388,41.3,2.400e-66,204.0
m0387,m0390,44.8,5.650e-77,231.0
m0387,m0393,37.0,5.380e-50,166.0
m0387,m0394,45.3,1.930e-72,219.0
m0387,m0396,31.2,5.120e-11,55.8
m0387,m0397,40.7,1.770e-53,175.0
m0387,m0399,36.9,1.690e-48,161.0
m0387,m0401,44.6,4.530e-78,233.0
m0387,m0404,42.5,3.460e-57,181.0
m0387,m0405,37.2,1.700e-52,170.0
m0387,m0407,56.3,3.760e-111,318.0
m0387,m0409,40.2,5.830e-56,177.0
m0387,m0411,42.8,8.630e-75,226.0
m0388,m0390,60.3,2.400e-124,352.0
m0388,m0393,46.9,1.320e-78,241.0
m0388,m0394,59.9,1.590e-115,330.0
m0388,m0397,45.1,2.980e-70,220.0
m0388,m0399,48.4,2.320e-78,240.0
m0388,m0401,63.4,4.430e-131,369.0
m0388,m0404,43.7,7.150e-67,207.0
m0388,m0405,49.0,7.790e-87,259.0
m0388,m0407,43.8,1.760e-76,230.0
m0388,m0408,31.2,3.340e-06,42.0
m0388,m0409,41.6,5.790e-75,227.0
m0388,m0411,62.5,1.060e-134,379.0
m0389,m0403,42.4,8.820e-71,218.0
m0389,m0412,43.2,5.860e-72,220.0
m0390,m0393,53.0,1.160e-89,269.0
m0390,m0394,61.2,2.060e-128,362.0
m0390,m0397,51.8,1.090e-87,264.0
m0390,m0399,53.8,4.330e-91,272.0
m0390,m0401,70.1,1.570e-143,400.0
m0390,m0404,46.3,7.200e-82,245.0
m0390,m0405,53.7,1.790e-96,283.0
m0390,m0407,48.8,7.090e-90,264.0
m0390,m0409,46.8,3.900e-73,222.0
m0390,m0411,66.9,2.820e-132,372.0
m0391,m0398,32.7,2.590e-24,99.8
m0391,m0410,36.4,1.020e-28,113.0
m0393,m0394,49.8,5.790e-81,247.0
m0393,m0396,30.2,2.120e-17,75.5
m0393,m0397,53.5,1.170e-164,468.0
m0393,m0399,77.1,4.490e-188,526.0
m0393,m0401,52.9,2.930e-92,276.0
m0393,m0404,52.0,7.180e-119,346.0
m0393,m0405,59.8,5.550e-123,358.0
m0393,m0407,43.1,1.140e-62,199.0
m0393,m0409,38.7,1.460e-53,176.0
m0393,m0411,50.0,4.180e-86,261.0
m0394,m0397,47.6,1.750e-83,253.0
m0394,m0399,49.5,9.010e-82,248.0
m0394,m0401,64.6,3.420e-138,386.0
m0394,m0404,47.6,8.460e-81,242.0
m0394,m0405,47.3,3.840e-82,247.0
m0394,m0407,46.6,1.710e-80,240.0
m0394,m0409,39.9,1.820e-71,218.0
m0394,m0411,66.8,1.050e-139,391.0
m0396,m0404,30.2,8.880e-14,64.3
m0397,m0399,51.3,1.230e-121,357.0
m0397,m0401,49.5,3.080e-86,260.0
m0397,m0404,66.3,3.380e-168,471.0
m0397,m0405,55.1,2.800e-98,295.0
m0397,m0407,41.1,1.710e-66,209.0
m0397,m0409,38.0,4.150e-53,175.0
m0397,m0411,45.4,7.530e-81,247.0
m0398,m0410,30.6,5.140e-43,153.0
m0399,m0401,52.8,1.910e-94,280.0
m0399,m0404,51.7,1.200e-112,329.0
m0399,m0405,61.7,3.300e-130,375.0
m0399,m0407,42.1,5.610e-63,199.0
m0399,m0408,30.3,1.350e-07,47.0
m0399,m0409,41.2,5.540e-54,177.0
m0399,m0411,50.3,5.640e-88,265.0
m0401,m0404,46.9,4.040e-83,248.0
m0401,m0405,51.9,5.640e-97,285.0
m0401,m0407,48.1,5.440e-86,254.0
m0401,m0409,48.0,7.040e-84,249.0
m0401,m0411,73.4,2.470e-151,420.0
m0403,m0412,39.3,8.350e-58,184.0
m0404,m0405,53.0,1.470e-97,288.0
m0404,m0407,42.3,5.120e-65,202.0
m0404,m0409,37.1,9.790e-51,166.0
m0404,m0411,46.5,5.870e-80,241.0
m0405,m0407,42.6,1.590e-69,214.0
m0405,m0409,38.1,2.000e-52,171.0
m0405,m0411,49.5,1.770e-90,269.0
m0407,m0409,41.4,9.910e-56,177.0
m0407,m0411,46.9,3.370e-84,250.0
m0409,m0411,47.4,9.370e-79,237.0
