m0412	m0246	45.4	1.3e-75	274
m0412	m0058	45.8	1.14e-71	261
m0412	m0276	45.7	2.54e-71	260
m0412	m0323	46.9	7.39e-71	258
m0412	m0209	44.9	9.99e-68	248
m0412	m0179	42.5	9.35e-66	242
m0412	m0085	41.2	3.68e-62	230
m0412	m0387	41.6	1.07e-61	228
m0412	m0287	41.0	4.49e-60	223
m0412	m0190	41.8	6.49e-59	219
m0412	m0046	40.1	9.37e-58	215
m0412	m0110	41.4	2.31e-56	210
m0412	m0318	41.1	5.14e-56	209
m0412	m0151	42.1	8.77e-56	208
m0412	m0009	38.5	1.15e-55	208
m0412	m0087	40.1	2.82e-54	203
m0412	m0019	39.5	2.82e-54	203
m0412	m0106	40.5	5.32e-53	199
m0412	m0251	37.1	5.32e-53	199
m0412	m0029	37.5	3.81e-51	193
m0412	m0404	40.3	1.89e-50	191
m0412	m0354	39.1	9.39e-50	188
m0412	m0049	39.1	9.39e-50	188
m0412	m0164	38.4	9.39e-50	188
m0412	m0082	39.3	2.09e-49	187
m0412	m0222	38.1	3.57e-49	186
m0412	m0226	39.0	7.44e-47	179
m0412	m0186	36.5	1.4e-45	174
m0412	m0112	36.8	9.1e-45	172
m0412	m0256	35.0	9.41e-42	162
m0412	m0284	31.3	7.46e-39	152
m0412	m0385	32.9	4.83e-38	149
m0412	m0362	33.2	6.98e-37	146
m0412	m0358	38.7	9.12e-37	145
m0412	m0171	33.1	1.36e-32	131
m0412	m0105	30.1	1.78e-32	131
m0412	m0269	30.9	3.14e-29	120
m0412	m0220	32.2	1.56e-28	118
m0412	m0380	32.0	2.04e-28	117
m0412	m0135	31.0	3.84e-27	113
m0412	m0221	30.5	3.84e-27	113
m0412	m0242	28.9	2.11e-25	107
m0412	m0207	28.4	1.2e-20	92
m0412	m0358	27.8	1.98e-07	48
m0412	m0390	23.0	0.0427	30
m0412	m0359	35.6	0.806	26
m0412	m0010	33.3	1.8	25
m0412	m0214	28.3	3.06	24
m0412	m0372	24.2	3.06	24
m0412	m0081	27.7	8.91	22
m0411	m0225	32.8	4.88e-61	226
m0411	m0114	43.6	7.29e-57	213
m0411	m0289	31.3	1.16e-54	205
m0411	m0030	29.8	3.07e-47	181
m0411	m0361	34.7	1.63e-40	158
m0411	m0399	38.3	1.87e-36	145
m0411	m0208	35.7	2.06e-35	141
m0411	m0392	36.6	2.89e-29	121
m0411	m0132	27.3	9.66e-09	53
m0411	m0147	24.4	3.43e-06	44
m0411	m0399	26.9	3.8e-05	41
m0411	m0148	27.0	3.8e-05	41
m0411	m0011	31.6	0.00208	35
m0411	m0331	31.5	0.00355	34
m0411	m0305	32.5	0.00606	33
m0411	m0366	27.4	0.00606	33
m0411	m0074	24.5	0.00606	33
m0411	m0187	29.2	0.00792	33
m0411	m0134	32.0	0.0103	33
m0411	m0245	24.4	0.0103	33
m0411	m0317	29.2	0.0176	32
m0411	m0346	29.8	0.0176	32
m0411	m0232	31.0	0.023	32
m0411	m0045	30.6	0.023	32
m0411	m0031	26.6	0.023	32
m0411	m0083	29.2	0.023	32
m0411	m0358	24.6	0.0301	31
m0411	m0243	31.7	0.0301	31
m0411	m0097	25.2	0.0301	31
m0411	m0254	28.6	0.0393	31
m0411	m0290	24.6	0.0393	31
m0411	m0141	29.5	0.0393	31
m0411	m0316	28.6	0.0393	31
m0411	m0347	28.6	0.0513	30
m0411	m0098	29.2	0.0513	30
m0411	m0348	29.9	0.067	30
m0411	m0389	25.5	0.067	30
m0411	m0054	27.6	0.0875	30
m0411	m0237	22.7	0.0875	30
m0411	m0096	28.6	0.114	29
m0411	m0155	24.2	0.114	29
m0411	m0215	29.2	0.114	29
m0411	m0342	27.7	0.149	29
m0411	m0165	28.7	0.149	29
m0411	m0216	27.7	0.149	29
m0411	m0111	28.3	0.195	28
m0411	m0335	28.3	0.195	28
m0411	m0047	27.7	0.195	28
m0411	m0259	28.2	0.195	28
m0411	m0183	28.2	0.195	28
m0411	m0364	28.4	0.195	28
m0411	m0294	24.4	0.255	28
m0411	m0394	28.2	0.255	28
m0411	m0379	27.7	0.255	28
m0411	m0050	29.2	0.255	28
m0411	m0093	29.2	0.255	28
m0411	m0157	25.9	0.255	28
m0411	m0026	26.5	0.255	28
m0411	m0206	29.2	0.255	28
m0411	m0182	26.3	0.255	28
m0411	m0161	29.5	0.333	28
m0411	m0353	28.4	0.333	28
m0411	m0158	27.3	0.333	28
m0411	m0262	27.4	0.333	28
m0411	m0198	25.2	0.434	27
m0411	m0014	32.3	0.434	27
m0411	m0400	28.2	0.567	27
m0411	m0023	28.2	0.567	27
m0411	m0118	38.0	0.567	27
m0411	m0296	28.8	0.741	27
m0411	m0073	25.0	0.741	27
m0411	m0009	33.3	0.968	26
m0411	m0324	28.6	1.26	26
m0411	m0398	25.4	1.65	25
m0411	m0178	25.6	1.65	25
m0411	m0133	25.9	1.65	25
m0411	m0268	32.4	2.16	25
m0411	m0405	25.7	3.68	24
m0411	m0330	26.3	3.68	24
m0411	m0383	29.4	3.68	24
m0411	m0149	24.1	4.8	24
m0411	m0077	40.0	8.19	23
m0410	m0037	73.1	3.07e-138	482
m0410	m0067	68.0	1.13e-124	437
m0410	m0176	66.8	1.38e-122	430
m0410	m0291	66.3	2.61e-121	426
m0410	m0095	68.3	7.11e-119	418
m0410	m0352	66.5	7.11e-119	418
m0410	m0313	64.6	2.7e-118	416
m0410	m0065	65.8	1.34e-117	414
m0410	m0357	62.6	2.22e-104	370
m0410	m0384	57.6	4.19e-103	366
m0410	m0036	61.8	3.43e-97	346
m0410	m0249	60.4	2.72e-94	336
m0410	m0184	58.2	3.93e-93	332
m0410	m0167	52.8	1.26e-91	327
m0410	m0079	57.7	1.4e-90	324
m0410	m0194	50.8	4.49e-89	319
m0410	m0175	55.3	2.23e-88	317
m0410	m0314	56.2	6.49e-88	315
m0410	m0028	49.2	1.95e-84	304
m0410	m0144	52.1	4.35e-84	302
m0410	m0355	53.2	5.7e-76	275
m0410	m0245	44.6	2.16e-75	273
m0410	m0031	50.4	2.39e-74	270
m0410	m0101	45.6	2.39e-74	270
m0410	m0001	46.2	1.9e-71	260
m0410	m0247	44.7	2.48e-71	260
m0410	m0402	47.8	2.74e-70	257
m0410	m0264	49.4	4.67e-70	256
m0410	m0232	45.0	6.1e-70	255
m0410	m0187	49.4	1.36e-69	254
m0410	m0383	48.3	3.95e-69	253
m0410	m0262	44.5	6.75e-69	252
m0410	m0229	48.5	1.15e-68	251
m0410	m0045	44.3	1.15e-68	251
m0410	m0386	44.5	2.56e-68	250
m0410	m0193	47.3	3.35e-68	250
m0410	m0074	46.0	3.35e-68	250
m0410	m0334	48.0	3.35e-68	250
m0410	m0381	48.5	4.37e-68	249
m0410	m0124	47.4	1.27e-67	248
m0410	m0306	45.7	1.66e-67	247
m0410	m0103	46.8	2.17e-67	247
m0410	m0002	46.4	6.31e-67	245
m0410	m0331	47.0	3.13e-66	243
m0410	m0083	47.4	5.34e-66	242
m0410	m0062	45.4	6.98e-66	242
m0410	m0168	45.9	9.12e-66	242
m0410	m0109	47.7	9.12e-66	242
m0410	m0317	48.1	1.19e-65	241
m0410	m0299	48.1	1.01e-64	238
m0410	m0131	46.6	1.01e-64	238
m0410	m0011	45.8	1.32e-64	238
m0410	m0233	46.7	1.72e-64	237
m0410	m0272	43.4	2.25e-64	237
m0410	m0012	44.4	2.93e-64	236
m0410	m0230	46.3	5e-64	236
m0410	m0389	41.6	1.11e-63	235
m0410	m0166	46.5	2.48e-63	233
m0410	m0123	45.9	5.53e-63	232
m0410	m0339	45.9	5.53e-63	232
m0410	m0268	45.0	7.22e-63	232
m0410	m0043	48.5	1.61e-62	231
m0410	m0077	46.6	2.74e-62	230
m0410	m0191	48.6	1.04e-61	228
m0410	m0378	45.1	1.04e-61	228
m0410	m0311	44.4	1.36e-61	228
m0410	m0391	47.2	1.36e-61	228
m0410	m0231	41.9	1.36e-61	228
m0410	m0319	45.4	1.36e-61	228
m0410	m0120	43.7	2.32e-61	227
m0410	m0369	41.9	3.96e-61	226
m0410	m0395	39.9	8.83e-61	225
m0410	m0086	45.1	8.83e-61	225
m0410	m0141	44.3	1.97e-60	224
m0410	m0069	41.1	3.36e-60	223
m0410	m0063	43.9	5.72e-60	222
m0410	m0305	41.4	9.76e-60	221
m0410	m0197	45.8	1.28e-59	221
m0410	m0165	45.5	4.85e-59	219
m0410	m0366	42.6	8.26e-59	218
m0410	m0373	43.0	1.08e-58	218
m0410	m0149	44.0	1.08e-58	218
m0410	m0155	45.0	1.41e-58	218
m0410	m0098	40.3	1.84e-58	217
m0410	m0234	44.4	5.36e-58	216
m0410	m0365	40.5	1.56e-57	214
m0410	m0235	41.9	4.54e-57	213
m0410	m0346	44.2	5.92e-57	212
m0410	m0252	43.6	1.01e-56	211
m0410	m0192	39.4	1.32e-56	211
m0410	m0054	41.1	1.32e-56	211
m0410	m0134	39.9	1.72e-56	211
m0410	m0294	42.5	1.12e-55	208
m0410	m0273	39.5	1.91e-55	207
m0410	m0048	42.8	3.25e-55	206
m0410	m0182	38.5	5.54e-55	206
m0410	m0097	39.0	1.24e-54	205
m0410	m0337	43.0	6.13e-54	202
m0410	m0090	38.8	6.13e-54	202
m0410	m0348	40.4	1.05e-53	201
m0410	m0084	37.9	8.85e-53	198
m0410	m0033	37.7	1.16e-52	198
m0410	m0118	39.6	1.51e-52	198
m0410	m0051	41.2	3.36e-52	196
m0410	m0073	37.7	9.79e-52	195
m0410	m0066	42.1	1.67e-51	194
m0410	m0170	42.5	3.72e-51	193
m0410	m0282	42.1	4.86e-51	193
m0410	m0040	40.9	1.85e-50	191
m0410	m0326	40.4	1.85e-50	191
m0410	m0267	38.7	2.41e-50	190
m0410	m0017	40.1	3.15e-50	190
m0410	m0071	42.2	3.15e-50	190
m0410	m0371	42.4	5.37e-50	189
m0410	m0243	38.3	7.01e-50	189
m0410	m0343	41.5	1.2e-49	188
m0410	m0158	39.3	1.56e-49	188
m0410	m0162	38.7	2.04e-49	187
m0410	m0068	41.7	2.66e-49	187
m0410	m0070	36.6	2.66e-49	187
m0410	m0111	37.5	2.66e-49	187
m0410	m0014	41.9	3.48e-49	186
m0410	m0214	39.3	3.48e-49	186
m0410	m0296	40.1	3.48e-49	186
m0410	m0400	38.5	4.55e-49	186
m0410	m0173	39.9	5.94e-49	186
m0410	m0125	41.4	5.94e-49	186
m0410	m0370	40.2	7.75e-49	185
m0410	m0394	38.9	7.75e-49	185
m0410	m0178	41.4	7.75e-49	185
m0410	m0274	39.0	7.75e-49	185
m0410	m0161	41.6	1.01e-48	185
m0410	m0347	41.8	1.01e-48	185
m0410	m0088	41.6	1.01e-48	185
m0410	m0388	37.2	1.32e-48	184
m0410	m0408	41.4	1.32e-48	184
m0410	m0316	41.5	1.73e-48	184
m0410	m0094	41.4	1.73e-48	184
m0410	m0281	40.3	2.26e-48	184
m0410	m0096	41.2	2.26e-48	184
m0410	m0113	39.3	2.95e-48	183
m0410	m0398	37.1	2.95e-48	183
m0410	m0163	39.4	3.85e-48	183
m0410	m0341	39.9	3.85e-48	183
m0410	m0333	36.8	5.03e-48	183
m0410	m0238	39.9	5.03e-48	183
m0410	m0277	40.5	5.03e-48	183
m0410	m0076	42.8	6.56e-48	182
m0410	m0198	39.9	8.57e-48	182
m0410	m0342	41.1	8.57e-48	182
m0410	m0324	39.6	8.57e-48	182
m0410	m0297	41.0	8.57e-48	182
m0410	m0157	41.1	8.57e-48	182
m0410	m0104	39.6	8.57e-48	182
m0410	m0006	37.5	1.12e-47	181
m0410	m0050	39.1	1.12e-47	181
m0410	m0174	38.4	1.12e-47	181
m0410	m0350	39.5	1.46e-47	181
m0410	m0216	40.8	1.91e-47	181
m0410	m0206	40.6	1.91e-47	181
m0410	m0188	38.8	1.91e-47	181
m0410	m0254	41.1	2.49e-47	180
m0410	m0406	38.4	2.49e-47	180
m0410	m0283	39.0	3.26e-47	180
m0410	m0364	41.2	3.26e-47	180
m0410	m0133	35.9	4.25e-47	179
m0410	m0338	40.0	5.56e-47	179
m0410	m0093	41.2	9.48e-47	178
m0410	m0335	40.8	1.24e-46	178
m0410	m0047	40.4	1.62e-46	178
m0410	m0322	40.1	2.76e-46	177
m0410	m0130	38.4	2.76e-46	177
m0410	m0295	40.3	3.6e-46	176
m0410	m0379	39.7	4.7e-46	176
m0410	m0320	38.8	6.14e-46	176
m0410	m0330	39.3	1.05e-45	175
m0410	m0138	37.3	1.37e-45	174
m0410	m0023	36.8	1.79e-45	174
m0410	m0285	35.2	1.79e-45	174
m0410	m0210	39.8	2.33e-45	174
m0410	m0215	40.1	2.33e-45	174
m0410	m0248	38.3	2.33e-45	174
m0410	m0154	39.6	3.05e-45	173
m0410	m0169	36.6	5.2e-45	173
m0410	m0259	36.7	6.79e-45	172
m0410	m0405	37.1	6.79e-45	172
m0410	m0227	36.1	1.51e-44	171
m0410	m0237	39.1	1.98e-44	171
m0410	m0039	38.6	1.98e-44	171
m0410	m0172	35.6	4.4e-44	169
m0410	m0183	37.1	4.4e-44	169
m0410	m0279	34.7	5.75e-44	169
m0410	m0372	33.8	5.75e-44	169
m0410	m0244	39.2	5.75e-44	169
m0410	m0205	40.1	2.19e-43	167
m0410	m0102	37.3	2.85e-43	167
m0410	m0217	38.2	1.85e-42	164
m0410	m0128	36.6	1.2e-41	161
m0410	m0025	36.1	1.57e-41	161
m0410	m0159	35.6	2.05e-41	161
m0410	m0005	31.7	1.02e-40	158
m0410	m0288	32.0	3.16e-34	137
m0410	m0160	32.1	5.58e-31	126
m0410	m0137	30.1	6.82e-29	119
m0410	m0360	26.9	1.63e-22	98
m0410	m0293	25.8	2.13e-22	97
m0410	m0202	26.6	6.84e-21	92
m0410	m0185	27.7	2.87e-19	87
m0410	m0228	28.1	3.18e-18	84
m0410	m0275	24.6	2.78e-14	70
m0410	m0278	27.6	4.75e-14	70
m0410	m0292	25.3	6.2e-14	69
m0410	m0064	25.5	1.17e-12	65
m0410	m0041	25.8	8.38e-11	59
m0410	m0219	33.0	3.18e-10	57
m0410	m0016	31.4	5.08e-08	50
m0410	m0409	27.0	2.36e-05	41
m0410	m0377	24.8	0.0002	38
m0410	m0177	26.0	0.000341	37
m0410	m0218	25.0	0.000582	36
m0410	m0290	28.9	0.00076	36
m0410	m0152	34.0	0.0319	30
m0410	m0345	26.4	0.0544	30
m0410	m0082	22.6	0.602	26
m0410	m0173	23.0	8.69	22
m0409	m0377	32.9	2.44e-20	91
m0409	m0345	44.3	2.29e-18	84
m0409	m0111	25.6	4.32e-09	54
m0409	m0400	27.8	5.65e-09	53
m0409	m0332	29.6	7.37e-09	53
m0409	m0159	26.8	1.26e-08	52
m0409	m0023	26.4	1.64e-08	52
m0409	m0155	27.7	2.15e-08	51
m0409	m0347	23.8	2.8e-08	51
m0409	m0011	27.7	3.66e-08	50
m0409	m0157	26.4	4.78e-08	50
m0409	m0394	26.4	6.24e-08	50
m0409	m0062	26.9	1.06e-07	49
m0409	m0316	25.9	1.06e-07	49
m0409	m0037	26.1	1.39e-07	49
m0409	m0342	25.9	1.39e-07	49
m0409	m0379	26.9	1.39e-07	49
m0409	m0335	26.9	1.39e-07	49
m0409	m0262	25.7	1.82e-07	48
m0409	m0014	25.9	1.82e-07	48
m0409	m0216	25.9	2.37e-07	48
m0409	m0389	25.3	2.37e-07	48
m0409	m0050	24.1	3.1e-07	47
m0409	m0254	25.9	3.1e-07	47
m0409	m0252	29.1	3.1e-07	47
m0409	m0366	28.7	3.1e-07	47
m0409	m0047	28.8	4.05e-07	47
m0409	m0096	25.4	4.05e-07	47
m0409	m0364	28.8	5.28e-07	47
m0409	m0206	28.0	6.9e-07	46
m0409	m0232	25.0	6.9e-07	46
m0409	m0070	27.8	6.9e-07	46
m0409	m0149	28.4	9.01e-07	46
m0409	m0093	28.0	1.18e-06	45
m0409	m0183	25.7	1.18e-06	45
m0409	m0338	25.3	1.18e-06	45
m0409	m0118	25.0	1.18e-06	45
m0409	m0161	25.4	1.54e-06	45
m0409	m0083	23.5	1.54e-06	45
m0409	m0259	26.7	1.54e-06	45
m0409	m0215	24.7	2.01e-06	45
m0409	m0377	32.5	2.62e-06	44
m0409	m0384	27.6	2.62e-06	44
m0409	m0369	27.0	3.43e-06	44
m0409	m0073	24.5	4.47e-06	44
m0409	m0193	24.2	5.84e-06	43
m0409	m0305	25.5	5.84e-06	43
m0409	m0317	21.7	5.84e-06	43
m0409	m0237	25.1	5.84e-06	43
m0409	m0103	24.9	7.63e-06	43
m0409	m0134	28.7	7.63e-06	43
m0409	m0282	29.6	7.63e-06	43
m0409	m0296	29.4	7.63e-06	43
m0409	m0048	30.9	7.63e-06	43
m0409	m0311	26.8	7.63e-06	43
m0409	m0324	27.3	9.97e-06	42
m0409	m0330	25.1	9.97e-06	42
m0409	m0205	29.9	9.97e-06	42
m0409	m0045	23.0	1.3e-05	42
m0409	m0113	30.3	1.3e-05	42
m0409	m0408	28.4	1.3e-05	42
m0409	m0068	30.2	1.7e-05	42
m0409	m0277	29.1	1.7e-05	42
m0409	m0322	31.0	1.7e-05	42
m0409	m0178	28.2	1.7e-05	42
m0409	m0341	27.8	1.7e-05	42
m0409	m0099	28.7	2.22e-05	41
m0409	m0173	25.7	2.22e-05	41
m0409	m0182	40.0	2.9e-05	41
m0409	m0154	23.1	2.9e-05	41
m0409	m0076	28.6	3.79e-05	40
m0409	m0238	28.0	3.79e-05	40
m0409	m0345	25.0	3.79e-05	40
m0409	m0334	22.7	4.95e-05	40
m0409	m0229	24.1	4.95e-05	40
m0409	m0406	32.2	4.95e-05	40
m0409	m0268	27.0	4.95e-05	40
m0409	m0098	26.3	6.46e-05	40
m0409	m0371	26.3	6.46e-05	40
m0409	m0333	28.6	8.44e-05	39
m0409	m0313	27.9	8.44e-05	39
m0409	m0395	28.0	8.44e-05	39
m0409	m0094	28.7	8.44e-05	39
m0409	m0165	31.3	0.00011	39
m0409	m0245	25.3	0.00011	39
m0409	m0352	25.6	0.00011	39
m0409	m0348	28.1	0.000144	39
m0409	m0065	35.4	0.000144	39
m0409	m0234	23.1	0.000188	38
m0409	m0174	28.5	0.000188	38
m0409	m0067	24.8	0.000188	38
m0409	m0123	24.0	0.000245	38
m0409	m0297	30.8	0.000245	38
m0409	m0295	31.0	0.000245	38
m0409	m0217	27.2	0.000245	38
m0409	m0133	30.2	0.000321	37
m0409	m0043	27.4	0.000321	37
m0409	m0028	21.8	0.000321	37
m0409	m0386	22.7	0.000321	37
m0409	m0214	27.8	0.000419	37
m0409	m0039	28.3	0.000547	37
m0409	m0002	26.3	0.000547	37
m0409	m0274	28.0	0.000714	36
m0409	m0272	25.0	0.000714	36
m0409	m0331	22.2	0.000714	36
m0409	m0290	24.7	0.000714	36
m0409	m0291	24.5	0.000714	36
m0409	m0086	28.7	0.000714	36
m0409	m0319	22.1	0.000933	36
m0409	m0131	22.3	0.000933	36
m0409	m0148	23.4	0.000933	36
m0409	m0097	25.9	0.000933	36
m0409	m0109	23.2	0.00122	35
m0409	m0090	26.1	0.00122	35
m0409	m0231	30.1	0.00122	35
m0409	m0144	25.7	0.00122	35
m0409	m0120	24.5	0.00159	35
m0409	m0227	25.6	0.00159	35
m0409	m0343	28.7	0.00208	35
m0409	m0370	30.2	0.00208	35
m0409	m0243	23.0	0.00208	35
m0409	m0066	30.0	0.00271	34
m0409	m0267	29.9	0.00271	34
m0409	m0235	22.4	0.00271	34
m0409	m0244	26.6	0.00271	34
m0409	m0036	25.2	0.00271	34
m0409	m0321	24.6	0.00271	34
m0409	m0391	22.6	0.00463	33
m0409	m0405	39.1	0.00463	33
m0409	m0012	23.2	0.00463	33
m0409	m0017	28.7	0.00463	33
m0409	m0279	27.8	0.00463	33
m0409	m0270	48.7	0.00463	33
m0409	m0249	24.4	0.00463	33
m0409	m0357	31.0	0.00605	33
m0409	m0069	26.6	0.00605	33
m0409	m0320	35.9	0.0079	33
m0409	m0125	27.3	0.0079	33
m0409	m0326	29.2	0.0079	33
m0409	m0158	39.1	0.0103	32
m0409	m0398	35.9	0.0135	32
m0409	m0294	25.8	0.0135	32
m0409	m0063	27.7	0.0135	32
m0409	m0299	26.6	0.0135	32
m0409	m0321	53.3	0.0176	32
m0409	m0187	22.3	0.0176	32
m0409	m0198	34.7	0.023	31
m0409	m0146	25.7	0.023	31
m0409	m0033	22.8	0.0512	30
m0409	m0053	27.3	0.0669	30
m0409	m0122	35.3	0.0873	29
m0409	m0194	20.1	0.0873	29
m0409	m0346	22.2	0.0873	29
m0409	m0129	34.1	0.114	29
m0409	m0160	23.0	0.114	29
m0409	m0288	35.0	0.114	29
m0409	m0141	25.0	0.114	29
m0409	m0224	90.0	0.114	29
m0409	m0152	27.7	0.114	29
m0409	m0218	41.9	0.254	28
m0409	m0114	64.3	0.254	28
m0409	m0177	26.7	0.332	27
m0409	m0271	27.7	0.332	27
m0409	m0266	52.9	0.332	27
m0409	m0290	30.4	0.332	27
m0409	m0136	34.3	0.433	27
m0409	m0030	35.1	0.433	27
m0409	m0208	88.9	0.433	27
m0409	m0263	100.0	0.566	27
m0409	m0386	76.9	0.566	27
m0409	m0360	26.2	0.566	27
m0409	m0293	31.0	1.26	25
m0409	m0241	28.0	2.15	25
m0409	m0132	26.4	2.15	25
m0409	m0121	37.2	4.79	23
m0408	m0285	58.4	4.32e-94	335
m0408	m0051	59.3	5.64e-94	335
m0408	m0040	58.4	4.77e-93	332
m0408	m0102	57.0	1.39e-92	330
m0408	m0170	55.5	2.89e-90	323
m0408	m0162	56.6	1.1e-89	321
m0408	m0388	56.1	1.44e-89	320
m0408	m0128	58.1	1.88e-89	320
m0408	m0104	58.4	9.31e-89	318
m0408	m0210	54.7	5.29e-84	302
m0408	m0131	52.3	2.3e-79	287
m0408	m0123	52.2	5.3e-76	275
m0408	m0103	49.8	6.92e-76	275
m0408	m0001	50.5	2.01e-75	273
m0408	m0334	48.5	1.71e-74	270
m0408	m0319	50.0	1.71e-74	270
m0408	m0391	48.8	2.91e-74	270
m0408	m0235	48.1	1.11e-73	268
m0408	m0234	49.3	1.44e-73	267
m0408	m0230	50.0	1.44e-73	267
m0408	m0272	49.0	4.2e-73	266
m0408	m0299	48.1	1.6e-72	264
m0408	m0402	47.9	1.76e-71	260
m0408	m0193	46.5	5.13e-71	259
m0408	m0109	46.3	6.71e-71	258
m0408	m0311	47.6	4.35e-70	256
m0408	m0166	47.4	4.35e-70	256
m0408	m0168	48.0	5.68e-70	255
m0408	m0233	47.2	1.26e-69	254
m0408	m0306	46.7	3.68e-69	253
m0408	m0317	45.5	3.68e-69	253
m0408	m0063	47.9	3.68e-69	253
m0408	m0252	46.2	6.28e-69	252
m0408	m0247	45.4	8.2e-69	252
m0408	m0149	45.0	1.83e-68	250
m0408	m0045	46.7	1.83e-68	250
m0408	m0383	46.6	2.38e-68	250
m0408	m0043	47.9	5.31e-68	249
m0408	m0090	45.5	9.06e-68	248
m0408	m0062	44.7	9.06e-68	248
m0408	m0381	45.8	9.06e-68	248
m0408	m0083	45.0	1.18e-67	248
m0408	m0086	47.9	1.55e-67	247
m0408	m0395	46.8	3.44e-67	246
m0408	m0378	46.6	1e-66	245
m0408	m0134	45.3	2.23e-66	243
m0408	m0054	50.2	2.92e-66	243
m0408	m0294	47.1	2.92e-66	243
m0408	m0097	45.8	8.48e-66	242
m0408	m0232	46.0	1.89e-65	240
m0408	m0084	43.9	1.89e-65	240
m0408	m0188	45.5	1.89e-65	240
m0408	m0187	46.9	3.22e-65	240
m0408	m0389	42.3	7.18e-65	238
m0408	m0120	44.6	9.38e-65	238
m0408	m0163	44.1	1.6e-64	237
m0408	m0012	46.6	3.56e-64	236
m0408	m0138	44.0	6.08e-64	235
m0408	m0350	45.7	1.04e-63	235
m0408	m0373	45.8	1.04e-63	235
m0408	m0331	46.2	1.35e-63	234
m0408	m0155	43.5	2.31e-63	233
m0408	m0339	48.0	2.31e-63	233
m0408	m0017	45.4	3.02e-63	233
m0408	m0348	45.3	3.02e-63	233
m0408	m0192	43.2	3.94e-63	233
m0408	m0268	47.2	8.78e-63	231
m0408	m0130	45.4	8.78e-63	231
m0408	m0326	43.4	1.5e-62	231
m0408	m0033	42.9	2.55e-62	230
m0408	m0267	46.4	3.34e-62	230
m0408	m0169	44.7	4.36e-62	229
m0408	m0133	44.3	4.36e-62	229
m0408	m0343	42.9	9.7e-62	228
m0408	m0011	44.3	9.7e-62	228
m0408	m0124	44.2	1.27e-61	228
m0408	m0229	45.4	4.82e-61	226
m0408	m0069	45.9	4.82e-61	226
m0408	m0262	41.7	6.29e-61	225
m0408	m0182	43.0	8.22e-61	225
m0408	m0346	43.9	1.07e-60	225
m0408	m0002	45.7	1.4e-60	224
m0408	m0125	46.0	1.83e-60	224
m0408	m0158	43.5	1.83e-60	224
m0408	m0365	46.1	1.83e-60	224
m0408	m0281	44.4	3.12e-60	223
m0408	m0141	45.8	4.08e-60	223
m0408	m0366	43.9	4.08e-60	223
m0408	m0238	43.7	5.33e-60	222
m0408	m0406	42.6	6.95e-60	222
m0408	m0282	43.4	1.19e-59	221
m0408	m0295	42.4	1.19e-59	221
m0408	m0333	42.9	1.55e-59	221
m0408	m0197	43.4	2.02e-59	220
m0408	m0154	43.6	2.02e-59	220
m0408	m0248	44.8	3.45e-59	220
m0408	m0347	43.4	3.45e-59	220
m0408	m0398	41.5	1.31e-58	218
m0408	m0198	43.2	1.71e-58	217
m0408	m0277	42.7	1.71e-58	217
m0408	m0077	43.2	1.71e-58	217
m0408	m0341	43.0	2.24e-58	217
m0408	m0174	43.1	2.92e-58	216
m0408	m0305	43.2	2.92e-58	216
m0408	m0231	41.4	4.98e-58	216
m0408	m0338	43.2	6.51e-58	215
m0408	m0206	41.0	1.11e-57	215
m0408	m0320	41.5	1.45e-57	214
m0408	m0070	43.0	1.45e-57	214
m0408	m0244	41.3	2.47e-57	213
m0408	m0071	42.9	2.47e-57	213
m0408	m0088	41.6	3.23e-57	213
m0408	m0324	43.0	3.23e-57	213
m0408	m0316	41.9	4.22e-57	213
m0408	m0335	42.6	4.22e-57	213
m0408	m0355	40.6	5.51e-57	212
m0408	m0172	42.0	5.51e-57	212
m0408	m0076	45.3	7.2e-57	212
m0408	m0025	41.6	1.23e-56	211
m0408	m0337	47.0	1.6e-56	211
m0408	m0157	42.3	2.09e-56	210
m0408	m0364	41.9	2.09e-56	210
m0408	m0379	41.7	3.57e-56	210
m0408	m0371	41.0	3.57e-56	210
m0408	m0074	40.1	3.57e-56	210
m0408	m0006	41.2	6.09e-56	209
m0408	m0216	41.4	6.09e-56	209
m0408	m0394	42.3	6.09e-56	209
m0408	m0342	41.1	7.96e-56	208
m0408	m0047	40.4	7.96e-56	208
m0408	m0050	40.1	7.96e-56	208
m0408	m0031	40.1	1.04e-55	208
m0408	m0096	41.7	1.04e-55	208
m0408	m0405	42.3	1.36e-55	208
m0408	m0178	42.3	1.77e-55	207
m0408	m0014	41.4	1.77e-55	207
m0408	m0093	41.4	2.32e-55	207
m0408	m0400	41.9	2.32e-55	207
m0408	m0118	40.6	3.02e-55	206
m0408	m0094	41.8	3.02e-55	206
m0408	m0369	40.2	3.95e-55	206
m0408	m0161	42.0	5.16e-55	206
m0408	m0023	39.8	6.74e-55	205
m0408	m0144	40.4	1.15e-54	205
m0408	m0254	40.1	1.5e-54	204
m0408	m0273	40.5	1.5e-54	204
m0408	m0073	39.7	1.5e-54	204
m0408	m0215	38.9	1.96e-54	204
m0408	m0173	43.4	1.96e-54	204
m0408	m0111	40.5	2.56e-54	203
m0408	m0098	40.8	2.56e-54	203
m0408	m0330	41.7	3.34e-54	203
m0408	m0237	40.2	3.34e-54	203
m0408	m0297	43.3	3.34e-54	203
m0408	m0066	40.8	7.45e-54	202
m0408	m0039	42.5	9.73e-54	201
m0408	m0101	39.7	9.73e-54	201
m0408	m0113	40.6	1.27e-53	201
m0408	m0296	42.2	1.27e-53	201
m0408	m0214	40.9	1.66e-53	201
m0408	m0279	39.9	1.66e-53	201
m0408	m0259	41.6	2.17e-53	200
m0408	m0245	38.1	3.7e-53	200
m0408	m0191	42.1	6.3e-53	199
m0408	m0227	41.7	1.08e-52	198
m0408	m0322	41.7	1.83e-52	197
m0408	m0183	40.9	2.4e-52	197
m0408	m0352	39.7	1.19e-51	195
m0408	m0264	37.7	1.19e-51	195
m0408	m0249	39.6	1.55e-51	194
m0408	m0167	38.8	2.03e-51	194
m0408	m0036	40.4	2.65e-51	193
m0408	m0313	39.5	3.46e-51	193
m0408	m0217	43.1	3.46e-51	193
m0408	m0205	38.7	5.9e-51	192
m0408	m0175	38.3	1.31e-50	191
m0408	m0048	40.4	1.31e-50	191
m0408	m0184	38.3	2.93e-50	190
m0408	m0291	38.3	3.83e-50	190
m0408	m0067	39.5	5e-50	189
m0408	m0194	38.1	8.52e-50	188
m0408	m0159	39.1	1.11e-49	188
m0408	m0243	38.9	1.11e-49	188
m0408	m0068	39.5	1.11e-49	188
m0408	m0176	38.6	4.23e-49	186
m0408	m0079	37.5	7.21e-49	185
m0408	m0065	38.4	9.42e-49	185
m0408	m0283	42.9	7.98e-48	182
m0408	m0314	38.3	8.82e-47	178
m0408	m0386	39.5	3.35e-46	176
m0408	m0357	39.8	4.38e-46	176
m0408	m0037	41.9	5.72e-46	176
m0408	m0095	35.2	7.47e-46	175
m0408	m0028	36.2	3.14e-44	170
m0408	m0384	35.8	3.47e-43	166
m0408	m0372	35.3	1.61e-40	158
m0408	m0165	36.3	6.12e-40	156
m0408	m0005	33.7	8.27e-37	145
m0408	m0274	34.5	8.86e-31	125
m0408	m0370	36.2	8.29e-29	119
m0408	m0228	31.2	1.62e-24	104
m0408	m0160	30.4	2.34e-23	101
m0408	m0288	27.8	5.21e-23	99
m0408	m0137	30.3	1.98e-22	97
m0408	m0185	26.4	1.57e-19	88
m0408	m0202	26.3	7.78e-19	86
m0408	m0041	29.9	1.47e-17	81
m0408	m0292	28.0	2.12e-16	77
m0408	m0293	26.1	8.05e-16	75
m0408	m0064	28.5	1.16e-14	72
m0408	m0360	24.2	1.29e-13	68
m0408	m0278	30.6	2.86e-13	67
m0408	m0266	28.4	8.33e-13	65
m0408	m0122	23.0	5.97e-11	59
m0408	m0265	28.6	7.8e-11	59
m0408	m0275	23.1	1.02e-10	59
m0408	m0397	27.4	2.27e-10	57
m0408	m0016	29.3	5.23e-07	46
m0408	m0218	27.2	9.86e-06	42
m0408	m0219	29.6	4.9e-05	40
m0408	m0345	29.7	6.39e-05	39
m0408	m0307	23.5	0.000923	35
m0408	m0177	28.1	0.00157	35
m0408	m0108	30.4	0.00351	33
m0408	m0377	27.0	0.00351	33
m0408	m0372	38.6	0.0102	32
m0408	m0344	28.9	0.0174	31
m0408	m0136	24.3	0.0227	31
m0408	m0008	22.2	0.0297	30
m0408	m0219	23.5	0.0388	30
m0408	m0255	25.7	0.0388	30
m0408	m0179	22.8	0.0864	29
m0408	m0129	32.3	0.113	28
m0408	m0349	27.0	0.251	27
m0408	m0259	26.2	0.56	26
m0408	m0368	41.5	0.731	26
m0408	m0007	29.8	0.731	26
m0408	m0375	31.2	1.63	25
m0408	m0060	25.4	2.13	24
m0408	m0361	50.0	3.63	23
m0408	m0358	41.2	3.63	23
m0408	m0403	35.3	4.74	23
m0408	m0026	33.3	4.74	23
m0408	m0022	29.3	6.19	23
m0408	m0142	29.1	8.09	22
m0407	m0303	34.6	1.01e-21	95
m0407	m0092	28.8	3.47e-14	70
m0407	m0038	26.5	5.54e-12	62
m0407	m0153	24.5	0.151	28
m0407	m0291	43.3	0.337	27
m0407	m0314	44.0	1.28	25
m0407	m0067	52.6	1.67	24
m0407	m0065	66.7	1.67	24
m0407	m0037	47.4	2.85	23
m0407	m0079	40.0	2.85	23
m0407	m0274	20.8	3.73	23
m0407	m0357	52.9	3.73	23
m0407	m0175	28.7	3.73	23
m0407	m0165	44.4	6.35	22
m0407	m0055	31.0	8.3	22
m0406	m0295	89.4	1.02e-148	517
m0406	m0244	81.2	7.86e-133	465
m0406	m0172	78.6	1.34e-132	464
m0406	m0154	75.1	3.3e-131	459
m0406	m0025	78.2	3.65e-130	456
m0406	m0174	75.2	5.27e-129	452
m0406	m0238	78.2	1.17e-128	451
m0406	m0178	81.1	9.94e-128	448
m0406	m0163	74.0	5.11e-124	435
m0406	m0333	73.9	1.94e-123	433
m0406	m0350	73.0	5.28e-121	425
m0406	m0281	75.8	2.62e-120	423
m0406	m0188	72.6	2.22e-119	420
m0406	m0169	69.6	8.43e-119	418
m0406	m0130	74.0	7.14e-118	415
m0406	m0138	73.0	7.89e-117	411
m0406	m0088	69.9	9.65e-115	404
m0406	m0076	72.2	5.13e-108	382
m0406	m0400	61.7	2.81e-106	376
m0406	m0248	62.8	1.54e-104	371
m0406	m0215	63.4	4.49e-104	369
m0406	m0023	63.3	4.49e-104	369
m0406	m0347	59.4	1.71e-103	367
m0406	m0093	58.1	3.8e-103	366
m0406	m0050	59.1	3.8e-103	366
m0406	m0342	59.1	4.21e-102	362
m0406	m0216	59.1	4.21e-102	362
m0406	m0047	58.4	4.21e-102	362
m0406	m0379	58.1	7.17e-102	362
m0406	m0254	59.7	9.37e-102	361
m0406	m0157	58.9	9.37e-102	361
m0406	m0371	65.0	1.22e-101	361
m0406	m0335	62.0	1.6e-101	361
m0406	m0341	57.5	1.6e-101	361
m0406	m0394	59.8	1.6e-101	361
m0406	m0324	61.8	2.73e-101	360
m0406	m0094	63.8	3.56e-101	359
m0406	m0338	59.9	3.56e-101	359
m0406	m0014	58.1	3.56e-101	359
m0406	m0111	60.2	4.65e-101	359
m0406	m0161	56.2	6.07e-101	359
m0406	m0316	58.5	7.93e-101	358
m0406	m0277	63.1	1.04e-100	358
m0406	m0206	62.4	1.35e-100	357
m0406	m0096	62.4	6.71e-100	355
m0406	m0006	57.3	1.5e-99	354
m0406	m0259	64.3	1.5e-99	354
m0406	m0183	65.2	3.33e-99	353
m0406	m0330	61.8	4.35e-99	352
m0406	m0113	64.6	9.69e-99	351
m0406	m0364	59.2	2.16e-98	350
m0406	m0282	60.7	2.82e-98	350
m0406	m0133	62.5	1.07e-97	348
m0406	m0343	60.9	2.64e-96	343
m0406	m0279	60.0	5.88e-96	342
m0406	m0322	64.2	7.68e-96	342
m0406	m0296	57.6	1e-95	341
m0406	m0173	60.9	1.31e-95	341
m0406	m0125	59.9	1.31e-95	341
m0406	m0326	61.1	2.24e-95	340
m0406	m0017	57.6	7.19e-94	335
m0406	m0237	58.1	4.66e-93	332
m0406	m0068	59.1	7.95e-93	332
m0406	m0267	59.3	1.04e-92	331
m0406	m0214	56.9	6.96e-89	319
m0406	m0205	55.4	6.52e-87	312
m0406	m0182	53.5	4.22e-86	309
m0406	m0039	57.0	1.61e-85	307
m0406	m0198	55.8	3.95e-84	303
m0406	m0297	57.1	6.75e-84	302
m0406	m0123	55.6	1.15e-83	301
m0406	m0158	53.2	1.96e-83	300
m0406	m0398	53.2	3.35e-83	300
m0406	m0103	51.5	2.17e-82	297
m0406	m0299	54.7	8.25e-82	295
m0406	m0334	53.3	6.98e-81	292
m0406	m0227	57.1	1.19e-80	291
m0406	m0320	53.2	1.19e-80	291
m0406	m0405	53.0	1.56e-80	291
m0406	m0402	51.9	1.01e-79	288
m0406	m0391	53.7	1.32e-79	288
m0406	m0235	52.5	8.53e-79	285
m0406	m0217	55.1	8.53e-79	285
m0406	m0234	52.1	3.58e-77	280
m0406	m0233	46.0	7.47e-75	272
m0406	m0319	49.8	7.47e-75	272
m0406	m0306	51.0	2.84e-74	270
m0406	m0230	49.6	3.71e-74	270
m0406	m0193	47.8	4.85e-74	269
m0406	m0272	47.2	2.4e-73	267
m0406	m0001	49.8	4.1e-73	266
m0406	m0389	48.6	5.36e-73	266
m0406	m0131	47.4	7e-73	265
m0406	m0166	48.3	3.47e-72	263
m0406	m0381	50.9	3.47e-72	263
m0406	m0247	48.8	3.47e-72	263
m0406	m0155	49.2	4.53e-72	263
m0406	m0229	52.5	1.72e-71	261
m0406	m0134	50.3	1.72e-71	261
m0406	m0262	48.1	1.72e-71	261
m0406	m0168	45.7	1.72e-71	261
m0406	m0011	49.8	9.46e-70	255
m0406	m0378	46.7	1.61e-69	254
m0406	m0339	49.5	1.61e-69	254
m0406	m0141	49.4	2.75e-69	253
m0406	m0395	48.3	6.13e-69	252
m0406	m0231	48.0	1.05e-68	252
m0406	m0311	46.7	1.37e-68	251
m0406	m0083	46.2	1.37e-68	251
m0406	m0232	46.7	3.04e-68	250
m0406	m0062	42.7	5.19e-68	249
m0406	m0086	49.0	8.85e-68	248
m0406	m0012	46.9	1.97e-67	247
m0406	m0305	46.3	4.39e-67	246
m0406	m0197	47.5	1.28e-66	245
m0406	m0317	46.0	2.85e-66	243
m0406	m0069	46.3	8.28e-66	242
m0406	m0033	45.2	1.08e-65	242
m0406	m0045	46.0	1.08e-65	242
m0406	m0187	48.1	1.56e-64	238
m0406	m0373	45.5	2.66e-64	237
m0406	m0097	47.0	3.48e-64	236
m0406	m0002	47.1	3.85e-63	233
m0406	m0124	44.6	8.57e-63	232
m0406	m0273	47.4	8.57e-63	232
m0406	m0294	48.4	8.57e-63	232
m0406	m0369	45.5	1.91e-62	231
m0406	m0054	42.5	4.25e-62	230
m0406	m0366	44.1	7.26e-62	229
m0406	m0192	45.6	9.48e-62	228
m0406	m0383	45.5	1.62e-61	228
m0406	m0070	44.3	1.62e-61	228
m0406	m0348	45.2	1.79e-60	224
m0406	m0268	46.3	1.79e-60	224
m0406	m0109	45.0	3.05e-60	223
m0406	m0252	42.9	1.16e-59	221
m0406	m0098	43.2	1.16e-59	221
m0406	m0149	40.1	1.51e-59	221
m0406	m0331	45.5	1.51e-59	221
m0406	m0043	45.5	3.37e-59	220
m0406	m0063	44.2	1.28e-58	218
m0406	m0084	42.2	4.87e-58	216
m0406	m0048	42.6	1.08e-57	215
m0406	m0090	41.5	9.18e-57	212
m0406	m0245	43.0	1.33e-55	208
m0406	m0118	41.0	1.73e-55	208
m0406	m0073	39.5	3.86e-55	206
m0406	m0365	39.9	5.04e-55	206
m0406	m0066	42.4	1.47e-54	205
m0406	m0120	42.3	3.27e-54	203
m0406	m0144	41.5	1.62e-53	201
m0406	m0346	41.5	4.41e-51	193
m0406	m0031	42.4	8.32e-50	189
m0406	m0040	39.3	1.09e-49	188
m0406	m0102	39.7	1.42e-49	188
m0406	m0162	38.4	1.42e-49	188
m0406	m0074	40.5	1.85e-49	188
m0406	m0386	42.3	5.39e-49	186
m0406	m0101	38.8	1.2e-48	185
m0406	m0355	39.2	1.2e-48	185
m0406	m0104	39.5	2.68e-48	184
m0406	m0036	40.6	2.68e-48	184
m0406	m0065	40.7	7.79e-48	182
m0406	m0175	41.4	1.02e-47	182
m0406	m0285	36.6	1.02e-47	182
m0406	m0291	38.7	2.27e-47	181
m0406	m0184	41.6	5.05e-47	179
m0406	m0249	39.2	1.12e-46	178
m0406	m0264	36.5	1.12e-46	178
m0406	m0337	44.0	1.47e-46	178
m0406	m0167	40.5	2.51e-46	177
m0406	m0352	38.4	3.27e-46	177
m0406	m0313	38.7	3.27e-46	177
m0406	m0388	37.2	5.58e-46	176
m0406	m0210	35.7	9.52e-46	175
m0406	m0159	37.7	2.77e-45	174
m0406	m0170	35.3	4.73e-45	173
m0406	m0051	37.0	6.17e-45	173
m0406	m0176	38.2	8.06e-45	172
m0406	m0191	38.3	1.05e-44	172
m0406	m0079	40.2	1.37e-44	171
m0406	m0194	38.9	1.37e-44	171
m0406	m0037	38.4	5.22e-44	169
m0406	m0314	38.9	3.39e-43	167
m0406	m0243	37.4	3.39e-43	167
m0406	m0067	37.7	4.42e-43	166
m0406	m0128	35.7	5.78e-43	166
m0406	m0077	38.0	7.54e-43	166
m0406	m0357	39.9	1.68e-42	164
m0406	m0095	38.2	1.68e-42	164
m0406	m0028	38.2	2.2e-42	164
m0406	m0283	40.9	3.74e-42	163
m0406	m0384	36.4	6.39e-42	163
m0406	m0071	38.5	3.87e-39	153
m0406	m0165	32.4	5.42e-33	133
m0406	m0370	33.6	1.8e-28	118
m0406	m0372	31.5	2.36e-28	117
m0406	m0005	31.3	8.95e-28	116
m0406	m0288	30.2	1.99e-27	114
m0406	m0274	32.1	9.9e-27	112
m0406	m0160	31.7	1.43e-25	108
m0406	m0137	29.0	2.28e-23	101
m0406	m0202	25.7	4.03e-20	90
m0406	m0185	28.9	8.97e-20	89
m0406	m0278	27.9	3.53e-16	77
m0406	m0041	27.1	1.03e-15	75
m0406	m0397	29.3	1.94e-14	71
m0406	m0293	26.0	3.3e-14	70
m0406	m0228	32.0	7.36e-14	69
m0406	m0275	26.5	2.8e-13	67
m0406	m0292	27.7	1.06e-12	65
m0406	m0360	25.2	3.42e-11	60
m0406	m0265	29.1	2.22e-10	58
m0406	m0266	27.8	5.46e-09	53
m0406	m0064	25.0	7.13e-09	53
m0406	m0122	21.9	2.53e-06	44
m0406	m0026	26.4	1.64e-05	42
m0406	m0219	28.9	0.000529	37
m0406	m0143	25.2	0.000902	36
m0406	m0307	21.7	0.00118	35
m0406	m0146	22.2	0.0222	31
m0406	m0345	27.5	0.029	31
m0406	m0016	24.3	0.0379	30
m0406	m0372	29.3	0.0379	30
m0406	m0344	24.0	0.0379	30
m0406	m0377	28.6	0.11	29
m0406	m0099	24.1	0.188	28
m0406	m0399	23.9	0.246	28
m0406	m0177	28.6	0.547	27
m0406	m0368	40.0	0.547	27
m0406	m0099	28.3	0.933	26
m0406	m0061	24.4	0.933	26
m0406	m0019	37.0	0.933	26
m0406	m0336	30.0	0.933	26
m0406	m0327	23.8	1.22	25
m0406	m0148	23.0	2.71	24
m0406	m0239	61.5	2.71	24
m0406	m0018	26.7	2.71	24
m0406	m0196	31.8	4.63	23
m0405	m0158	68.4	4.3e-138	482
m0405	m0320	78.9	7.33e-138	481
m0405	m0198	66.9	1.63e-137	480
m0405	m0398	65.5	4.45e-135	472
m0405	m0217	55.1	3.93e-99	352
m0405	m0006	52.4	5.14e-99	352
m0405	m0227	52.1	5.14e-99	352
m0405	m0014	51.5	1.14e-98	351
m0405	m0394	52.8	1.49e-98	351
m0405	m0238	52.4	1.95e-98	350
m0405	m0096	50.7	4.35e-98	349
m0405	m0316	50.3	1.65e-97	347
m0405	m0347	50.8	2.16e-97	347
m0405	m0094	53.2	2.16e-97	347
m0405	m0277	51.4	3.68e-97	346
m0405	m0039	51.8	4.81e-97	346
m0405	m0244	51.8	6.28e-97	345
m0405	m0254	50.6	8.2e-97	345
m0405	m0341	52.0	1.07e-96	344
m0405	m0206	51.1	1.4e-96	344
m0405	m0157	50.3	1.4e-96	344
m0405	m0154	52.5	5.32e-96	342
m0405	m0172	51.1	5.32e-96	342
m0405	m0295	51.8	9.07e-96	341
m0405	m0379	50.3	1.18e-95	341
m0405	m0138	50.0	1.18e-95	341
m0405	m0215	50.4	1.18e-95	341
m0405	m0335	49.5	1.55e-95	341
m0405	m0125	52.3	3.45e-95	339
m0405	m0025	51.7	4.5e-95	339
m0405	m0342	49.6	5.88e-95	339
m0405	m0047	50.1	1e-94	338
m0405	m0178	53.4	8.49e-94	335
m0405	m0324	48.5	1.11e-93	334
m0405	m0113	50.7	2.47e-93	333
m0405	m0050	49.0	2.47e-93	333
m0405	m0216	49.2	3.23e-93	333
m0405	m0364	48.2	7.19e-93	332
m0405	m0400	51.7	7.19e-93	332
m0405	m0281	51.0	9.39e-93	331
m0405	m0111	57.0	9.39e-93	331
m0405	m0282	50.7	1.6e-92	330
m0405	m0326	59.8	3.57e-92	329
m0405	m0333	51.0	7.95e-92	328
m0405	m0188	54.8	7.95e-92	328
m0405	m0174	56.4	1.04e-91	328
m0405	m0350	51.6	1.36e-91	327
m0405	m0214	53.7	1.5e-90	324
m0405	m0133	55.4	5.69e-90	322
m0405	m0330	55.2	9.71e-90	321
m0405	m0163	55.6	1.27e-89	321
m0405	m0343	56.8	1.66e-89	320
m0405	m0322	49.1	2.16e-89	320
m0405	m0169	54.9	6.3e-89	319
m0405	m0130	55.4	8.22e-89	318
m0405	m0296	56.6	1.83e-88	317
m0405	m0023	54.4	3.12e-88	316
m0405	m0182	52.2	4.08e-88	316
m0405	m0161	51.2	4.08e-88	316
m0405	m0267	57.8	6.96e-88	315
m0405	m0237	57.1	2.64e-87	313
m0405	m0068	51.6	2.64e-87	313
m0405	m0088	54.4	7.7e-87	312
m0405	m0248	51.1	1.01e-86	311
m0405	m0338	55.5	2.92e-86	310
m0405	m0093	54.0	3.82e-86	309
m0405	m0017	54.5	2.74e-84	303
m0405	m0183	53.6	3.03e-83	300
m0405	m0259	53.1	6.74e-83	299
m0405	m0076	56.9	8.8e-83	298
m0405	m0371	52.2	8.8e-83	298
m0405	m0173	46.9	1.96e-82	297
m0405	m0279	46.1	9.73e-82	295
m0405	m0297	47.6	1.27e-81	294
m0405	m0334	51.0	1.27e-73	268
m0405	m0123	52.3	2.84e-73	267
m0405	m0319	50.5	3.47e-71	260
m0405	m0205	47.2	1.01e-70	258
m0405	m0402	47.8	3.25e-69	253
m0405	m0131	48.8	5.54e-69	252
m0405	m0103	49.3	5.54e-69	252
m0405	m0234	48.7	6.13e-68	249
m0405	m0391	46.3	8e-68	248
m0405	m0155	48.9	1.04e-67	248
m0405	m0395	47.6	3.04e-67	247
m0405	m0299	46.7	6.77e-67	245
m0405	m0033	47.4	1.16e-66	245
m0405	m0134	48.8	1.16e-66	245
m0405	m0311	44.2	3.36e-66	243
m0405	m0231	45.4	5.73e-66	242
m0405	m0247	46.9	1.28e-65	241
m0405	m0193	45.5	1.67e-65	241
m0405	m0235	46.8	2.18e-65	240
m0405	m0233	45.7	3.72e-65	240
m0405	m0166	45.9	4.85e-65	239
m0405	m0197	44.1	4.85e-65	239
m0405	m0272	47.4	1.08e-64	238
m0405	m0230	45.0	1.41e-64	238
m0405	m0381	45.7	3.15e-64	236
m0405	m0069	43.3	5.37e-64	236
m0405	m0306	47.6	9.15e-64	235
m0405	m0002	48.7	2.66e-63	233
m0405	m0001	44.5	2.66e-63	233
m0405	m0339	45.9	6.56e-62	229
m0405	m0011	46.2	1.46e-61	228
m0405	m0262	44.4	2.49e-61	227
m0405	m0232	42.4	5.55e-61	226
m0405	m0097	46.7	5.55e-61	226
m0405	m0086	45.1	7.25e-61	225
m0405	m0229	46.0	7.25e-61	225
m0405	m0369	44.0	1.24e-60	225
m0405	m0045	43.3	1.24e-60	225
m0405	m0098	44.6	1.62e-60	224
m0405	m0070	44.2	2.76e-60	223
m0405	m0348	45.5	2.76e-60	223
m0405	m0012	45.6	3.6e-60	223
m0405	m0141	46.0	3.6e-60	223
m0405	m0168	44.3	4.7e-60	223
m0405	m0305	43.7	1.37e-59	221
m0405	m0273	43.6	2.33e-59	220
m0405	m0043	46.2	3.98e-59	220
m0405	m0366	42.8	6.79e-59	219
m0405	m0192	44.1	6.79e-59	219
m0405	m0378	43.6	1.16e-58	218
m0405	m0373	42.1	7.51e-58	215
m0405	m0109	42.2	1.67e-57	214
m0405	m0124	41.4	1.67e-57	214
m0405	m0073	42.1	1.67e-57	214
m0405	m0317	40.4	2.18e-57	214
m0405	m0389	43.2	6.35e-57	212
m0405	m0048	43.0	6.35e-57	212
m0405	m0054	43.3	1.08e-56	211
m0405	m0187	44.0	1.85e-56	211
m0405	m0062	42.4	3.15e-56	210
m0405	m0083	41.0	4.12e-56	210
m0405	m0245	42.5	1.2e-55	208
m0405	m0120	41.2	2.04e-55	207
m0405	m0268	44.3	5.95e-55	206
m0405	m0149	40.9	7.77e-55	205
m0405	m0294	42.6	1.32e-54	205
m0405	m0084	40.5	3.85e-54	203
m0405	m0031	42.2	1.91e-53	201
m0405	m0252	41.1	2.5e-53	200
m0405	m0063	42.3	2.5e-53	200
m0405	m0383	41.2	3.26e-53	200
m0405	m0331	41.9	3.26e-53	200
m0405	m0101	39.5	3.61e-52	196
m0405	m0090	37.5	6.15e-52	196
m0405	m0144	38.6	3.05e-51	193
m0405	m0074	41.5	3.05e-51	193
m0405	m0386	40.8	1.52e-50	191
m0405	m0102	40.8	1.52e-50	191
m0405	m0066	39.0	1.98e-50	191
m0405	m0355	40.0	1.98e-50	191
m0405	m0365	40.3	1.28e-49	188
m0405	m0184	41.6	2.19e-49	187
m0405	m0264	38.4	2.86e-49	187
m0405	m0388	42.5	3.73e-49	186
m0405	m0313	39.3	3.73e-49	186
m0405	m0040	41.5	6.37e-49	186
m0405	m0175	40.4	1.42e-48	184
m0405	m0352	39.8	1.42e-48	184
m0405	m0285	39.9	1.42e-48	184
m0405	m0104	42.3	4.13e-48	183
m0405	m0065	37.2	1.2e-47	181
m0405	m0384	39.8	2.68e-47	180
m0405	m0291	36.1	3.49e-47	180
m0405	m0118	39.3	3.49e-47	180
m0405	m0167	40.1	4.56e-47	179
m0405	m0194	39.5	5.96e-47	179
m0405	m0067	38.0	1.02e-46	178
m0405	m0314	39.1	2.27e-46	177
m0405	m0346	36.2	2.96e-46	177
m0405	m0243	37.9	8.61e-46	175
m0405	m0128	40.7	1.47e-45	174
m0405	m0079	40.5	1.92e-45	174
m0405	m0210	40.1	2.5e-45	174
m0405	m0051	38.1	2.5e-45	174
m0405	m0036	40.2	3.27e-45	173
m0405	m0162	38.5	5.58e-45	173
m0405	m0357	38.6	7.29e-45	172
m0405	m0191	37.9	1.24e-44	171
m0405	m0337	37.7	2.77e-44	170
m0405	m0249	38.7	8.06e-44	169
m0405	m0159	38.5	1.37e-43	168
m0405	m0176	35.9	1.79e-43	168
m0405	m0037	36.4	6.82e-43	166
m0405	m0077	37.4	1.16e-42	165
m0405	m0095	35.0	1.98e-42	164
m0405	m0028	36.2	1.98e-42	164
m0405	m0170	34.4	1.09e-40	158
m0405	m0283	37.8	1.42e-40	158
m0405	m0071	34.5	4.14e-40	156
m0405	m0372	35.6	1.02e-38	152
m0405	m0005	33.5	6.61e-38	149
m0405	m0165	36.1	8.93e-35	139
m0405	m0274	35.3	2.43e-32	131
m0405	m0370	34.2	1.21e-31	128
m0405	m0137	29.3	3.08e-27	114
m0405	m0160	30.1	3.4e-26	110
m0405	m0288	27.5	4.6e-23	100
m0405	m0228	30.9	1.17e-18	85
m0405	m0202	26.7	2e-18	84
m0405	m0293	25.2	5.44e-16	76
m0405	m0278	30.4	3.53e-15	74
m0405	m0397	30.2	6.02e-15	73
m0405	m0041	25.6	5.09e-14	70
m0405	m0292	29.4	6.65e-14	69
m0405	m0185	28.2	2.14e-12	64
m0405	m0360	26.5	2.14e-12	64
m0405	m0198	64.1	5.27e-11	60
m0405	m0265	29.0	6.88e-11	59
m0405	m0094	48.2	8.99e-11	59
m0405	m0277	62.2	1.17e-10	59
m0405	m0322	68.8	5.83e-10	56
m0405	m0158	56.4	7.61e-10	56
m0405	m0064	27.7	3.78e-09	54
m0405	m0341	58.3	3.78e-09	54
m0405	m0275	24.9	6.44e-09	53
m0405	m0113	62.5	1.1e-08	52
m0405	m0398	51.3	1.1e-08	52
m0405	m0282	36.9	1.44e-08	52
m0405	m0322	54.1	1.87e-08	51
m0405	m0198	59.4	5.45e-08	50
m0405	m0113	51.4	5.45e-08	50
m0405	m0138	52.6	5.45e-08	50
m0405	m0094	52.9	7.12e-08	49
m0405	m0266	26.6	9.3e-08	49
m0405	m0238	30.2	1.22e-07	49
m0405	m0341	56.7	1.22e-07	49
m0405	m0026	23.8	4.62e-07	47
m0405	m0122	22.5	6.03e-07	46
m0405	m0277	40.4	7.88e-07	46
m0405	m0398	50.0	1.34e-06	45
m0405	m0093	45.0	2.99e-06	44
m0405	m0158	50.0	3.91e-06	44
m0405	m0324	62.1	1.94e-05	41
m0405	m0217	34.3	2.53e-05	41
m0405	m0342	62.1	4.32e-05	40
m0405	m0244	44.7	4.32e-05	40
m0405	m0307	21.7	5.64e-05	40
m0405	m0096	55.2	5.64e-05	40
m0405	m0219	30.6	7.37e-05	39
m0405	m0039	35.3	7.37e-05	39
m0405	m0172	42.1	0.000164	38
m0405	m0047	51.7	0.00028	37
m0405	m0178	42.1	0.000366	37
m0405	m0006	58.6	0.000366	37
m0405	m0364	30.9	0.000478	37
m0405	m0379	51.7	0.000478	37
m0405	m0347	55.2	0.000478	37
m0405	m0216	37.5	0.000478	37
m0405	m0157	51.7	0.000478	37
m0405	m0254	51.7	0.000478	37
m0405	m0023	55.2	0.000478	37
m0405	m0335	55.2	0.000478	37
m0405	m0050	51.7	0.000624	36
m0405	m0206	50.0	0.000624	36
m0405	m0282	35.1	0.000815	36
m0405	m0014	40.0	0.000815	36
m0405	m0215	30.9	0.000815	36
m0405	m0316	32.4	0.000815	36
m0405	m0006	41.0	0.00106	35
m0405	m0161	51.7	0.00106	35
m0405	m0154	34.2	0.00106	35
m0405	m0342	43.2	0.00106	35
m0405	m0025	36.8	0.00139	35
m0405	m0295	37.7	0.00139	35
m0405	m0206	43.2	0.00237	34
m0405	m0344	36.2	0.0031	34
m0405	m0217	40.5	0.00405	33
m0405	m0227	37.8	0.00405	33
m0405	m0335	40.5	0.00405	33
m0405	m0347	41.0	0.00405	33
m0405	m0129	32.5	0.00405	33
m0405	m0023	38.5	0.00528	33
m0405	m0379	38.5	0.0069	33
m0405	m0050	40.5	0.0069	33
m0405	m0254	37.8	0.00901	32
m0405	m0316	40.5	0.00901	32
m0405	m0394	37.5	0.00901	32
m0405	m0157	37.8	0.0118	32
m0405	m0216	40.5	0.0118	32
m0405	m0047	40.5	0.0118	32
m0405	m0014	38.5	0.0118	32
m0405	m0161	38.5	0.0118	32
m0405	m0039	37.8	0.0154	32
m0405	m0096	29.2	0.0154	32
m0405	m0394	37.3	0.0154	32
m0405	m0218	27.4	0.0201	31
m0405	m0377	30.0	0.0447	30
m0405	m0345	24.4	0.0996	29
m0405	m0016	22.7	0.17	28
m0405	m0241	29.3	0.17	28
m0405	m0238	22.1	0.17	28
m0405	m0321	26.3	0.17	28
m0405	m0189	28.7	0.222	28
m0405	m0364	32.4	0.379	27
m0405	m0004	30.0	0.494	27
m0405	m0255	27.5	0.843	26
m0405	m0177	23.8	0.843	26
m0405	m0026	23.1	1.1	25
m0405	m0108	33.3	1.1	25
m0405	m0385	22.8	2.45	24
m0405	m0099	25.4	4.19	23
m0405	m0034	26.9	7.14	23
m0405	m0143	40.0	7.14	23
m0404	m0164	47.3	4.32e-74	269
m0404	m0186	45.1	1.64e-73	267
m0404	m0323	46.0	6.04e-68	249
m0404	m0276	44.3	3e-67	247
m0404	m0226	41.5	3.31e-66	243
m0404	m0082	40.6	9.02e-64	235
m0404	m0390	41.9	7.15e-61	225
m0404	m0287	42.7	3.55e-60	223
m0404	m0284	41.8	1.03e-59	221
m0404	m0151	48.0	1.35e-59	221
m0404	m0246	42.7	1.35e-59	221
m0404	m0190	42.7	2.3e-59	220
m0404	m0087	40.6	2.38e-56	210
m0404	m0085	38.5	5.3e-56	209
m0404	m0387	39.9	6.92e-56	209
m0404	m0009	39.5	6.92e-56	209
m0404	m0209	40.5	1.6e-52	198
m0404	m0029	37.6	5.13e-51	193
m0404	m0046	38.4	8.76e-51	192
m0404	m0019	38.9	1.83e-48	184
m0404	m0358	39.3	2.02e-47	181
m0404	m0362	37.2	7.18e-45	172
m0404	m0251	36.7	2.09e-44	171
m0404	m0354	42.1	1.35e-43	168
m0404	m0222	35.9	1.35e-43	168
m0404	m0058	39.3	1.35e-43	168
m0404	m0106	37.1	1.15e-42	165
m0404	m0049	38.1	1.5e-42	164
m0404	m0110	40.7	2.82e-41	160
m0404	m0179	34.5	8.21e-41	159
m0404	m0112	34.9	1.83e-40	158
m0404	m0385	36.3	6.51e-38	149
m0404	m0318	42.2	1.36e-35	141
m0404	m0256	34.1	2.31e-35	141
m0404	m0380	30.6	1.61e-28	118
m0404	m0171	30.1	5.17e-27	113
m0404	m0105	27.1	8.82e-27	112
m0404	m0220	31.6	2.4e-24	104
m0404	m0221	29.7	2.65e-23	101
m0404	m0242	30.0	1.32e-22	98
m0404	m0269	29.1	2.25e-22	97
m0404	m0135	30.4	2.25e-22	97
m0404	m0207	24.6	3.36e-18	84
m0404	m0318	39.1	5.36e-16	76
m0404	m0150	31.7	0.0441	30
m0404	m0005	41.7	1.42	25
m0404	m0125	30.6	1.42	25
m0404	m0224	38.5	1.85	25
m0404	m0055	23.2	2.42	24
m0404	m0260	36.0	7.03	23
m0403	m0108	45.4	3.67e-163	566
m0403	m0152	37.5	0.000593	37
m0403	m0093	22.6	0.0326	32
m0403	m0143	23.5	0.0725	30
m0403	m0149	47.4	0.0947	30
m0403	m0238	24.7	0.124	30
m0403	m0377	34.8	0.211	29
m0403	m0316	30.4	0.614	27
m0403	m0342	27.6	0.802	27
m0403	m0347	27.6	0.802	27
m0403	m0293	33.8	1.05	27
m0403	m0377	48.4	1.05	27
m0403	m0311	22.5	1.05	27
m0403	m0022	43.8	1.05	27
m0403	m0157	33.3	1.37	26
m0403	m0131	34.3	3.05	25
m0403	m0335	26.7	3.98	25
m0403	m0379	21.7	5.2	24
m0403	m0236	51.9	5.2	24
m0403	m0145	28.0	5.2	24
m0403	m0069	34.1	8.87	23
m0403	m0302	54.5	8.87	23
m0402	m0306	72.1	4.07e-121	425
m0402	m0334	72.2	3.45e-120	422
m0402	m0001	71.7	1.31e-119	420
m0402	m0272	71.1	3.81e-119	419
m0402	m0123	73.5	2.47e-118	416
m0402	m0247	70.1	4.21e-118	415
m0402	m0233	71.3	4.66e-117	412
m0402	m0103	70.5	1.5e-115	407
m0402	m0230	72.1	1.96e-115	406
m0402	m0193	68.3	2.56e-115	406
m0402	m0168	68.8	7.44e-115	404
m0402	m0391	70.1	8.22e-114	401
m0402	m0229	74.8	8.22e-114	401
m0402	m0339	68.1	4.08e-113	399
m0402	m0299	68.8	2.65e-112	396
m0402	m0381	69.4	1.11e-110	391
m0402	m0378	66.1	1.45e-110	390
m0402	m0262	66.1	7.2e-110	388
m0402	m0395	64.6	9.41e-110	387
m0402	m0232	65.5	9.41e-110	387
m0402	m0319	65.6	6.1e-109	385
m0402	m0235	65.6	3.35e-107	379
m0402	m0131	64.9	4.37e-107	379
m0402	m0234	66.0	1.27e-106	377
m0402	m0141	70.4	2.17e-106	376
m0402	m0134	63.5	1.84e-105	373
m0402	m0389	63.4	5.34e-105	372
m0402	m0011	63.2	9.11e-105	371
m0402	m0012	62.4	1.72e-103	367
m0402	m0062	60.7	7.98e-101	358
m0402	m0187	67.9	7.98e-101	358
m0402	m0124	61.2	3.96e-100	356
m0402	m0045	62.5	1.15e-99	354
m0402	m0002	64.9	7.47e-99	351
m0402	m0166	60.1	1.08e-97	347
m0402	m0331	63.7	4.1e-97	346
m0402	m0383	60.9	9.13e-97	344
m0402	m0268	63.7	1.56e-96	344
m0402	m0083	58.2	7.73e-96	341
m0402	m0054	60.9	7.73e-96	341
m0402	m0311	56.4	1.72e-95	340
m0402	m0317	58.4	6.55e-95	338
m0402	m0373	58.9	7.24e-94	335
m0402	m0231	55.6	1.36e-92	330
m0402	m0305	56.2	3.04e-92	329
m0402	m0155	56.9	1.51e-91	327
m0402	m0069	54.4	9.78e-91	324
m0402	m0086	56.3	2.18e-90	323
m0402	m0197	53.9	2.41e-89	320
m0402	m0033	58.1	3.15e-89	319
m0402	m0149	53.7	2.04e-88	317
m0402	m0118	56.7	6.56e-87	312
m0402	m0109	56.1	6.56e-87	312
m0402	m0063	57.2	1.12e-86	311
m0402	m0365	55.2	1.91e-86	310
m0402	m0043	55.6	3.26e-86	309
m0402	m0120	55.4	5.55e-86	309
m0402	m0294	54.4	1.24e-85	307
m0402	m0369	51.6	2.33e-84	303
m0402	m0084	53.4	3.05e-84	303
m0402	m0070	55.1	3.98e-84	302
m0402	m0245	54.0	1.98e-83	300
m0402	m0252	53.6	2.58e-83	300
m0402	m0326	54.1	3.37e-83	299
m0402	m0097	51.9	5.75e-83	299
m0402	m0182	51.7	3.73e-82	296
m0402	m0348	53.0	4.87e-82	295
m0402	m0048	52.9	1.08e-81	294
m0402	m0144	53.8	1.42e-81	294
m0402	m0174	53.8	1.42e-81	294
m0402	m0163	53.4	1.42e-81	294
m0402	m0238	53.4	2.41e-81	293
m0402	m0154	52.0	2.41e-81	293
m0402	m0130	53.2	4.12e-81	292
m0402	m0333	54.4	4.12e-81	292
m0402	m0025	52.4	5.38e-81	292
m0402	m0088	53.6	5.38e-81	292
m0402	m0188	52.6	7.03e-81	292
m0402	m0192	50.8	7.03e-81	292
m0402	m0346	50.0	9.18e-81	291
m0402	m0133	52.8	1.57e-80	290
m0402	m0169	51.6	2.67e-80	290
m0402	m0248	54.1	2.67e-80	290
m0402	m0350	52.0	3.49e-80	289
m0402	m0295	52.8	5.95e-80	289
m0402	m0366	51.6	7.77e-80	288
m0402	m0347	52.7	7.77e-80	288
m0402	m0338	52.4	7.77e-80	288
m0402	m0259	53.8	7.77e-80	288
m0402	m0014	52.5	1.01e-79	288
m0402	m0073	49.2	2.26e-79	287
m0402	m0297	53.5	2.95e-79	286
m0402	m0335	53.1	2.95e-79	286
m0402	m0296	53.8	3.86e-79	286
m0402	m0090	49.2	3.86e-79	286
m0402	m0324	52.8	5.03e-79	285
m0402	m0267	55.1	5.03e-79	285
m0402	m0138	52.3	5.03e-79	285
m0402	m0216	52.4	6.58e-79	285
m0402	m0400	52.9	8.59e-79	285
m0402	m0157	52.0	1.12e-78	284
m0402	m0364	53.5	1.12e-78	284
m0402	m0006	52.8	1.91e-78	283
m0402	m0125	51.0	2.5e-78	283
m0402	m0342	52.4	2.5e-78	283
m0402	m0316	52.8	4.26e-78	282
m0402	m0330	52.4	4.26e-78	282
m0402	m0281	53.0	5.57e-78	282
m0402	m0183	54.3	7.27e-78	282
m0402	m0215	51.4	7.27e-78	282
m0402	m0017	50.5	7.27e-78	282
m0402	m0244	50.5	9.5e-78	281
m0402	m0379	53.2	9.5e-78	281
m0402	m0093	51.7	9.5e-78	281
m0402	m0394	51.9	1.24e-77	281
m0402	m0254	53.2	1.24e-77	281
m0402	m0096	52.0	1.62e-77	280
m0402	m0343	51.2	2.12e-77	280
m0402	m0068	51.7	3.61e-77	279
m0402	m0067	50.3	3.61e-77	279
m0402	m0161	51.4	4.71e-77	279
m0402	m0178	52.8	4.71e-77	279
m0402	m0023	50.8	6.15e-77	278
m0402	m0173	50.7	6.15e-77	278
m0402	m0206	52.2	8.04e-77	278
m0402	m0098	46.7	1.79e-76	277
m0402	m0111	51.4	1.79e-76	277
m0402	m0214	52.3	2.34e-76	277
m0402	m0277	49.3	2.34e-76	277
m0402	m0371	50.2	3.05e-76	276
m0402	m0050	51.2	3.99e-76	276
m0402	m0282	52.3	5.21e-76	275
m0402	m0047	51.0	8.89e-76	275
m0402	m0076	54.6	2.59e-75	273
m0402	m0352	48.2	2.59e-75	273
m0402	m0341	51.4	4.41e-75	272
m0402	m0170	52.4	4.41e-75	272
m0402	m0158	50.2	9.83e-75	271
m0402	m0040	50.7	1.68e-74	270
m0402	m0172	48.4	2.19e-74	270
m0402	m0051	51.2	2.19e-74	270
m0402	m0264	50.9	2.86e-74	270
m0402	m0101	49.5	3.73e-74	269
m0402	m0066	49.5	4.88e-74	269
m0402	m0291	48.8	6.37e-74	268
m0402	m0065	49.7	1.09e-73	268
m0402	m0249	49.3	1.42e-73	267
m0402	m0031	48.0	1.85e-73	267
m0402	m0094	50.2	1.85e-73	267
m0402	m0313	47.1	2.42e-73	267
m0402	m0104	50.9	3.16e-73	266
m0402	m0162	49.1	5.39e-73	265
m0402	m0398	49.8	7.04e-73	265
m0402	m0355	49.0	7.04e-73	265
m0402	m0176	46.7	2.05e-72	263
m0402	m0320	47.5	3.49e-72	263
m0402	m0273	47.7	4.56e-72	262
m0402	m0191	50.7	5.96e-72	262
m0402	m0036	47.9	5.96e-72	262
m0402	m0237	49.2	1.02e-71	261
m0402	m0198	48.1	1.33e-71	261
m0402	m0279	50.7	3.86e-71	259
m0402	m0357	49.3	3.86e-71	259
m0402	m0113	50.2	5.05e-71	259
m0402	m0337	52.3	5.05e-71	259
m0402	m0074	47.5	6.59e-71	258
m0402	m0039	52.2	8.61e-71	258
m0402	m0167	47.5	1.12e-70	258
m0402	m0314	50.8	2.5e-70	257
m0402	m0384	45.5	3.27e-70	256
m0402	m0077	47.9	4.27e-70	256
m0402	m0175	46.6	5.58e-70	255
m0402	m0079	46.9	7.29e-70	255
m0402	m0322	50.0	1.62e-69	254
m0402	m0227	51.8	2.77e-69	253
m0402	m0184	47.5	2.77e-69	253
m0402	m0205	47.6	1.37e-68	251
m0402	m0217	50.9	2.34e-68	250
m0402	m0095	45.7	5.22e-68	249
m0402	m0194	44.8	1.86e-65	240
m0402	m0388	44.1	2.43e-65	240
m0402	m0037	43.8	3.17e-65	240
m0402	m0159	44.9	4.14e-65	239
m0402	m0285	45.2	3.5e-64	236
m0402	m0071	43.9	3.5e-64	236
m0402	m0102	43.4	5.98e-64	235
m0402	m0028	43.9	6.61e-63	232
m0402	m0386	46.0	1.47e-62	231
m0402	m0128	46.5	3.28e-62	230
m0402	m0283	49.6	5.23e-60	222
m0402	m0243	41.5	1.52e-59	221
m0402	m0210	46.0	3.39e-59	220
m0402	m0165	39.4	3.63e-53	200
m0402	m0005	38.7	7.34e-46	175
m0402	m0372	36.2	1.53e-43	168
m0402	m0288	33.2	2.45e-33	134
m0402	m0274	34.1	1.59e-32	131
m0402	m0370	32.1	2.99e-31	127
m0402	m0160	31.8	6.24e-29	119
m0402	m0137	30.6	9.01e-28	115
m0402	m0202	29.5	7.14e-25	106
m0402	m0293	27.5	5.66e-22	96
m0402	m0185	28.6	1.18e-19	88
m0402	m0228	26.8	3.8e-18	83
m0402	m0041	29.7	4.96e-18	83
m0402	m0292	26.7	4.96e-18	83
m0402	m0275	27.8	1.44e-17	81
m0402	m0360	27.1	1.44e-17	81
m0402	m0064	27.2	6.7e-15	72
m0402	m0278	29.8	1.95e-14	71
m0402	m0122	24.7	9.67e-14	69
m0402	m0397	25.9	1.82e-12	64
m0402	m0266	26.9	1.82e-12	64
m0402	m0265	24.5	2.63e-11	60
m0402	m0219	27.1	8.77e-07	45
m0402	m0307	22.1	1.15e-06	45
m0402	m0344	30.6	0.00014	38
m0402	m0219	24.3	0.000239	37
m0402	m0177	25.5	0.000407	37
m0402	m0016	23.7	0.000532	36
m0402	m0018	22.8	0.000695	36
m0402	m0218	28.2	0.000907	35
m0402	m0345	25.4	0.00155	35
m0402	m0196	28.7	0.00345	33
m0402	m0327	23.1	0.0045	33
m0402	m0060	22.5	0.00588	33
m0402	m0377	27.8	0.01	32
m0402	m0255	26.3	0.01	32
m0402	m0099	23.4	0.0131	32
m0402	m0056	32.1	0.0292	30
m0402	m0129	26.2	0.323	27
m0402	m0148	27.9	0.323	27
m0402	m0007	21.8	0.422	27
m0402	m0026	22.5	0.939	25
m0402	m0368	42.9	1.23	25
m0402	m0353	32.7	2.09	24
m0402	m0081	45.2	3.57	23
m0402	m0099	38.2	3.57	23
m0402	m0022	22.7	4.66	23
m0401	m0024	51.9	1.85e-54	203
m0401	m0340	49.3	7.29e-51	191
m0401	m0204	47.5	2.35e-49	186
m0401	m0003	44.3	4.42e-48	182
m0401	m0253	47.1	1.29e-47	181
m0401	m0052	43.9	2.87e-47	179
m0401	m0356	50.3	2.43e-46	176
m0401	m0072	46.2	1.33e-44	171
m0401	m0280	29.4	4.32e-19	86
m0401	m0055	27.7	5.11e-12	62
m0401	m0258	24.7	2.8e-10	57
m0401	m0080	29.0	5.85e-08	49
m0401	m0203	30.3	1.1e-06	45
m0401	m0329	25.7	4.19e-06	43
m0401	m0375	27.6	2.72e-05	40
m0401	m0263	34.7	5.86	22
m0401	m0226	35.6	7.65	22
m0400	m0111	84.4	4.33e-223	765
m0400	m0259	71.9	2.49e-178	616
m0400	m0163	65.5	1.24e-169	587
m0400	m0248	69.2	9.18e-165	571
m0400	m0333	67.1	3.49e-164	569
m0400	m0188	65.2	5.95e-164	568
m0400	m0281	67.3	1.73e-163	567
m0400	m0023	75.3	6.58e-163	565
m0400	m0130	67.5	1.46e-162	564
m0400	m0169	64.9	4.71e-161	559
m0400	m0173	64.1	5.39e-157	545
m0400	m0347	67.4	7.04e-157	545
m0400	m0254	77.3	2.05e-156	543
m0400	m0096	77.2	1.12e-154	537
m0400	m0093	67.3	5.58e-154	535
m0400	m0216	68.3	7.29e-154	535
m0400	m0342	67.5	2.12e-153	533
m0400	m0335	65.7	3.62e-153	532
m0400	m0068	63.0	6.17e-153	532
m0400	m0394	70.4	8.06e-153	531
m0400	m0183	65.5	1.79e-152	530
m0400	m0006	69.6	4e-152	529
m0400	m0379	65.3	6.82e-152	528
m0400	m0316	65.7	6.82e-152	528
m0400	m0014	66.7	4.42e-151	525
m0400	m0047	75.2	2.19e-150	523
m0400	m0161	73.1	8.34e-150	521
m0400	m0215	68.6	8.34e-150	521
m0400	m0050	67.6	1.86e-149	520
m0400	m0157	63.2	4.14e-149	519
m0400	m0125	61.1	9.22e-149	518
m0400	m0324	69.1	1.13e-146	511
m0400	m0206	75.1	8.08e-145	505
m0400	m0364	68.4	4.9e-142	495
m0400	m0320	55.5	5.07e-139	485
m0400	m0297	57.4	3.76e-134	469
m0400	m0279	56.9	1.39e-120	424
m0400	m0182	50.9	3.42e-119	419
m0400	m0296	69.8	1.03e-115	408
m0400	m0238	57.5	1.75e-115	407
m0400	m0174	54.5	2.53e-114	403
m0400	m0138	52.1	3.66e-113	399
m0400	m0330	64.4	1.82e-112	397
m0400	m0154	50.7	1.54e-111	394
m0400	m0350	51.4	6.46e-110	389
m0400	m0338	65.0	8.44e-110	388
m0400	m0088	64.6	1.88e-109	387
m0400	m0178	53.1	5.47e-109	386
m0400	m0295	52.8	7.14e-109	385
m0400	m0341	49.1	6.05e-108	382
m0400	m0214	59.3	7.9e-108	382
m0400	m0133	63.7	3.92e-107	379
m0400	m0277	48.9	2.54e-106	377
m0400	m0076	71.9	5.66e-106	376
m0400	m0244	50.0	5.66e-106	376
m0400	m0039	53.9	7.39e-106	375
m0400	m0282	50.4	2.15e-105	374
m0400	m0326	62.8	1.39e-104	371
m0400	m0172	61.5	2.01e-103	367
m0400	m0398	51.1	3.43e-103	366
m0400	m0025	49.5	3.43e-103	366
m0400	m0343	61.0	3.43e-103	366
m0400	m0267	61.0	7.65e-103	365
m0400	m0094	49.2	4.96e-102	362
m0400	m0113	49.8	6.47e-102	362
m0400	m0217	51.8	1.88e-101	361
m0400	m0017	62.3	4.2e-101	359
m0400	m0158	49.3	1.59e-100	357
m0400	m0237	56.6	1.59e-100	357
m0400	m0227	50.0	1.76e-99	354
m0400	m0322	49.6	3.01e-99	353
m0400	m0371	63.1	1.95e-98	351
m0400	m0198	48.1	1.26e-97	348
m0400	m0205	55.9	6.49e-94	335
m0400	m0123	59.1	1.96e-82	297
m0400	m0334	54.8	5.33e-80	289
m0400	m0103	52.2	1.01e-78	285
m0400	m0299	54.1	1.11e-77	282
m0400	m0319	52.6	1.9e-77	281
m0400	m0391	54.2	2.74e-76	277
m0400	m0131	51.2	1.36e-75	275
m0400	m0086	51.9	3.95e-75	273
m0400	m0155	51.9	5.17e-75	273
m0400	m0233	51.7	5.71e-74	269
m0400	m0235	51.9	9.74e-74	268
m0400	m0234	51.4	1.27e-73	268
m0400	m0001	51.0	6.31e-73	266
m0400	m0272	49.0	2.4e-72	264
m0400	m0134	50.5	3.13e-72	263
m0400	m0232	47.9	9.12e-72	262
m0400	m0306	49.0	2.03e-71	261
m0400	m0193	49.0	1.01e-70	258
m0400	m0231	48.7	1.72e-70	258
m0400	m0247	47.0	3.83e-70	257
m0400	m0262	44.7	5e-70	256
m0400	m0229	51.4	5e-70	256
m0400	m0141	51.2	6.53e-70	256
m0400	m0381	49.3	8.53e-70	255
m0400	m0033	49.2	1.11e-69	255
m0400	m0230	48.5	1.46e-69	255
m0400	m0097	50.0	1.46e-69	255
m0400	m0311	48.8	1.9e-69	254
m0400	m0395	49.5	4.24e-69	253
m0400	m0166	47.2	7.22e-69	252
m0400	m0339	50.2	3.59e-68	250
m0400	m0062	45.2	4.68e-68	250
m0400	m0348	51.2	7.99e-68	249
m0400	m0192	50.0	7.99e-68	249
m0400	m0011	48.5	1.04e-67	248
m0400	m0389	48.1	3.04e-67	247
m0400	m0378	47.9	1.15e-66	245
m0400	m0048	46.4	1.15e-66	245
m0400	m0070	47.9	1.97e-66	244
m0400	m0273	48.2	4.38e-66	243
m0400	m0012	47.4	9.76e-66	242
m0400	m0197	46.2	1.28e-65	242
m0400	m0168	46.6	1.67e-65	241
m0400	m0069	47.7	6.33e-65	239
m0400	m0073	44.7	8.27e-65	239
m0400	m0002	46.9	5.36e-64	236
m0400	m0268	48.7	9.14e-64	235
m0400	m0294	47.9	2.66e-63	234
m0400	m0383	48.7	3.47e-63	233
m0400	m0187	48.3	5.92e-63	233
m0400	m0043	49.3	7.74e-63	232
m0400	m0045	46.2	1.32e-62	231
m0400	m0366	45.6	1.72e-62	231
m0400	m0373	48.1	1.72e-62	231
m0400	m0305	44.9	2.25e-62	231
m0400	m0084	45.2	2.25e-62	231
m0400	m0098	45.2	3.84e-62	230
m0400	m0369	44.9	6.55e-62	229
m0400	m0054	45.6	6.55e-62	229
m0400	m0149	45.4	1.12e-61	228
m0400	m0124	45.1	1.46e-61	228
m0400	m0317	44.6	1.91e-61	228
m0400	m0083	43.2	5.54e-61	226
m0400	m0245	43.9	2.11e-60	224
m0400	m0331	46.2	1.37e-59	221
m0400	m0252	44.7	2.33e-59	221
m0400	m0063	45.0	3.04e-59	220
m0400	m0109	42.7	1.28e-57	215
m0400	m0066	45.1	1.67e-57	215
m0400	m0144	43.7	6.34e-57	213
m0400	m0120	43.5	3.48e-55	207
m0400	m0118	43.4	5.94e-55	206
m0400	m0090	42.4	1.32e-54	205
m0400	m0355	45.2	2.26e-54	204
m0400	m0313	43.1	1.91e-53	201
m0400	m0074	43.6	1.62e-52	198
m0400	m0031	43.1	4.7e-52	196
m0400	m0184	41.9	1.05e-51	195
m0400	m0291	40.4	5.2e-51	193
m0400	m0384	39.3	8.87e-51	192
m0400	m0352	41.4	1.16e-50	192
m0400	m0067	42.2	1.51e-50	191
m0400	m0065	40.5	1.51e-50	191
m0400	m0101	40.5	1.98e-50	191
m0400	m0365	41.3	4.4e-50	190
m0400	m0175	40.5	4.4e-50	190
m0400	m0386	40.1	5.75e-50	190
m0400	m0337	44.0	9.81e-50	189
m0400	m0346	41.5	1.28e-49	188
m0400	m0264	40.0	1.28e-49	188
m0400	m0194	40.0	6.36e-49	186
m0400	m0079	39.5	1.85e-48	184
m0400	m0357	43.0	2.42e-48	184
m0400	m0176	39.0	1.57e-47	181
m0400	m0037	38.4	1.57e-47	181
m0400	m0191	40.4	1.57e-47	181
m0400	m0036	38.9	2.05e-47	181
m0400	m0040	40.6	4.56e-47	180
m0400	m0167	39.0	7.77e-47	179
m0400	m0077	41.2	1.33e-46	178
m0400	m0314	39.2	2.26e-46	178
m0400	m0102	38.5	3.86e-46	177
m0400	m0159	39.9	3.86e-46	177
m0400	m0210	37.6	5.04e-46	176
m0400	m0104	42.0	1.12e-45	175
m0400	m0249	39.2	4.26e-45	173
m0400	m0283	40.8	9.5e-45	172
m0400	m0162	39.3	1.62e-44	171
m0400	m0095	39.8	2.12e-44	171
m0400	m0285	37.3	3.61e-44	170
m0400	m0388	36.8	3.61e-44	170
m0400	m0028	38.3	4.72e-44	170
m0400	m0071	37.3	6.16e-44	169
m0400	m0170	36.1	1.37e-43	168
m0400	m0128	39.1	1.79e-43	168
m0400	m0051	37.9	1.98e-42	164
m0400	m0243	35.3	1.98e-42	164
m0400	m0372	38.0	1.85e-40	158
m0400	m0005	39.8	5.39e-40	156
m0400	m0165	38.8	5.05e-38	150
m0400	m0370	39.4	4.27e-37	147
m0400	m0274	34.0	4.73e-36	143
m0400	m0137	29.9	4.28e-29	120
m0400	m0160	31.7	3.63e-28	117
m0400	m0288	33.5	4.74e-28	117
m0400	m0202	28.8	9.25e-24	102
m0400	m0293	27.2	1.38e-19	89
m0400	m0278	33.1	5.8e-18	83
m0400	m0185	28.8	1.09e-16	79
m0400	m0397	30.8	9.27e-16	76
m0400	m0360	25.5	1.58e-15	75
m0400	m0228	29.4	1.13e-13	69
m0400	m0275	26.0	9.59e-13	66
m0400	m0041	26.8	1.25e-12	65
m0400	m0292	27.9	6.22e-12	63
m0400	m0064	32.6	8.12e-12	63
m0400	m0265	24.9	1.17e-10	59
m0400	m0266	29.8	6.43e-09	53
m0400	m0122	23.4	2.7e-07	48
m0400	m0344	29.5	9.61e-05	39
m0400	m0372	29.8	0.000126	39
m0400	m0307	21.5	0.000214	38
m0400	m0346	33.3	0.00028	38
m0400	m0377	32.6	0.00139	35
m0400	m0219	30.6	0.00309	34
m0400	m0345	29.8	0.00689	33
m0400	m0217	31.9	0.009	33
m0400	m0143	22.6	0.0153	32
m0400	m0016	25.5	0.02	32
m0400	m0321	24.3	0.02	32
m0400	m0327	23.1	0.0262	31
m0400	m0336	24.7	0.0583	30
m0400	m0026	35.3	0.17	28
m0400	m0026	27.8	0.222	28
m0400	m0399	29.4	0.222	28
m0400	m0255	27.9	0.289	28
m0400	m0146	28.6	0.289	28
m0400	m0099	22.7	0.842	26
m0400	m0368	37.2	1.44	25
m0400	m0148	52.2	1.44	25
m0400	m0099	25.5	1.88	25
m0400	m0004	30.6	2.45	25
m0400	m0056	24.3	4.18	24
m0400	m0196	38.5	7.13	23
m0400	m0239	61.5	7.13	23
m0400	m0359	41.9	9.31	23
m0400	m0363	26.3	9.31	23
m0399	m0225	31.9	5.08e-57	213
m0399	m0289	31.7	4.75e-55	206
m0399	m0114	45.3	1.21e-42	165
m0399	m0361	28.5	5.84e-37	146
m0399	m0030	35.3	1.44e-27	115
m0399	m0208	31.9	3.55e-26	111
m0399	m0392	32.0	6.69e-25	106
m0399	m0132	28.8	3.12e-14	71
m0399	m0147	33.0	8.49e-12	63
m0399	m0148	27.2	4.21e-11	60
m0399	m0366	25.7	2.64e-05	41
m0399	m0098	27.1	3.45e-05	41
m0399	m0353	28.9	5.89e-05	40
m0399	m0305	28.8	0.000171	39
m0399	m0237	25.0	0.000224	38
m0399	m0339	28.0	0.000224	38
m0399	m0272	26.7	0.000292	38
m0399	m0182	26.7	0.000292	38
m0399	m0155	30.4	0.000292	38
m0399	m0322	23.7	0.000382	37
m0399	m0141	28.5	0.000382	37
m0399	m0011	29.9	0.000382	37
m0399	m0086	28.9	0.000499	37
m0399	m0133	26.1	0.000651	37
m0399	m0073	28.7	0.00111	36
m0399	m0125	23.8	0.00111	36
m0399	m0113	22.9	0.00145	35
m0399	m0017	26.0	0.00189	35
m0399	m0205	22.5	0.00189	35
m0399	m0348	29.5	0.00247	35
m0399	m0273	29.9	0.00247	35
m0399	m0245	26.9	0.00422	34
m0399	m0161	26.7	0.00422	34
m0399	m0216	27.7	0.00422	34
m0399	m0124	27.8	0.00551	33
m0399	m0041	25.3	0.00551	33
m0399	m0048	24.6	0.0072	33
m0399	m0014	24.5	0.0072	33
m0399	m0066	25.6	0.0072	33
m0399	m0259	24.1	0.0072	33
m0399	m0373	28.8	0.0094	33
m0399	m0149	26.6	0.0094	33
m0399	m0118	27.1	0.0123	32
m0399	m0093	24.1	0.0123	32
m0399	m0026	36.7	0.0123	32
m0399	m0252	25.7	0.0123	32
m0399	m0134	27.7	0.016	32
m0399	m0206	24.8	0.016	32
m0399	m0268	25.5	0.016	32
m0399	m0296	27.1	0.016	32
m0399	m0050	24.7	0.0209	32
m0399	m0097	24.7	0.0209	32
m0399	m0070	23.9	0.0209	32
m0399	m0159	27.4	0.0274	31
m0399	m0047	23.9	0.0274	31
m0399	m0183	23.3	0.0274	31
m0399	m0054	27.5	0.0274	31
m0399	m0364	26.8	0.0357	31
m0399	m0394	23.6	0.0357	31
m0399	m0371	25.0	0.0357	31
m0399	m0347	23.3	0.0357	31
m0399	m0037	27.8	0.0357	31
m0399	m0292	25.5	0.0467	30
m0399	m0157	25.8	0.0467	30
m0399	m0094	26.3	0.0467	30
m0399	m0262	31.5	0.0467	30
m0399	m0232	28.7	0.0467	30
m0399	m0096	24.6	0.061	30
m0399	m0342	23.3	0.061	30
m0399	m0316	23.0	0.0796	30
m0399	m0330	23.2	0.0796	30
m0399	m0254	23.0	0.0796	30
m0399	m0143	32.8	0.0796	30
m0399	m0335	23.3	0.104	29
m0399	m0277	23.6	0.104	29
m0399	m0215	22.4	0.136	29
m0399	m0023	26.6	0.136	29
m0399	m0341	24.7	0.136	29
m0399	m0028	26.6	0.136	29
m0399	m0379	23.0	0.136	29
m0399	m0333	24.3	0.177	28
m0399	m0064	23.9	0.302	28
m0399	m0178	24.8	0.302	28
m0399	m0230	24.0	0.302	28
m0399	m0338	25.6	0.302	28
m0399	m0144	25.4	0.516	27
m0399	m0111	28.2	0.516	27
m0399	m0165	26.0	0.674	27
m0399	m0282	24.2	0.674	27
m0399	m0006	24.1	0.674	27
m0399	m0336	38.2	0.88	26
m0399	m0312	27.7	0.88	26
m0399	m0046	54.2	1.5	25
m0399	m0108	33.9	1.5	25
m0399	m0359	34.0	1.5	25
m0399	m0288	25.4	2.56	25
m0399	m0090	34.9	4.37	24
m0399	m0171	52.4	4.37	24
m0399	m0150	25.0	5.7	23
m0399	m0125	27.2	5.7	23
m0399	m0295	23.1	5.7	23
m0399	m0343	30.4	7.45	23
m0399	m0074	32.0	7.45	23
m0399	m0041	23.8	7.45	23
m0399	m0152	45.2	9.73	23
m0399	m0221	38.5	9.73	23
m0398	m0158	87.2	2.3e-238	815
m0398	m0198	80.5	9.4e-216	740
m0398	m0138	55.5	2.79e-143	500
m0398	m0320	57.0	6.22e-143	498
m0398	m0347	54.6	1.14e-136	478
m0398	m0161	53.1	2.53e-136	476
m0398	m0394	53.5	5.64e-136	475
m0398	m0014	52.1	8.14e-135	471
m0398	m0006	52.4	1.06e-134	471
m0398	m0341	52.2	1.81e-134	470
m0398	m0316	52.7	3.09e-134	470
m0398	m0023	51.4	7.62e-133	465
m0398	m0254	52.6	1.3e-132	464
m0398	m0113	53.1	1.88e-131	460
m0398	m0277	50.1	1.88e-131	460
m0398	m0093	52.1	2.45e-131	460
m0398	m0324	52.4	1.22e-130	458
m0398	m0094	52.2	1.59e-130	457
m0398	m0322	52.5	2.71e-130	456
m0398	m0047	51.8	1.76e-129	454
m0398	m0050	51.7	2.29e-129	453
m0398	m0216	51.0	5.11e-129	452
m0398	m0039	51.4	5.11e-129	452
m0398	m0379	51.3	5.11e-129	452
m0398	m0364	51.5	1.49e-128	451
m0398	m0217	54.1	3.31e-128	450
m0398	m0096	51.4	4.33e-128	449
m0398	m0282	51.0	1.26e-127	448
m0398	m0335	50.0	1.26e-127	448
m0398	m0342	50.7	6.25e-127	445
m0398	m0157	51.4	6.25e-127	445
m0398	m0206	52.7	1.07e-126	445
m0398	m0227	51.2	4.95e-124	436
m0398	m0244	49.6	8.74e-121	425
m0398	m0215	51.9	1.49e-120	424
m0398	m0238	50.0	4.49e-117	413
m0398	m0172	48.9	5.86e-117	412
m0398	m0154	48.9	2.72e-114	403
m0398	m0025	45.7	1.23e-106	378
m0398	m0125	50.3	4.36e-104	369
m0398	m0188	49.2	1.27e-103	368
m0398	m0178	49.5	6.96e-102	362
m0398	m0111	49.7	1.55e-101	361
m0398	m0295	47.4	3.45e-101	360
m0398	m0130	50.4	1.31e-100	358
m0398	m0333	52.6	3.82e-100	356
m0398	m0163	49.0	8.5e-100	355
m0398	m0350	45.3	1.77e-97	347
m0398	m0169	49.5	1.5e-96	344
m0398	m0281	49.5	1.96e-96	344
m0398	m0248	46.4	5.7e-96	342
m0398	m0182	46.1	1.66e-95	341
m0398	m0259	48.2	3.46e-93	333
m0398	m0326	58.4	5.9e-93	332
m0398	m0214	53.2	1.32e-92	331
m0398	m0183	46.9	1.32e-92	331
m0398	m0267	61.3	2.24e-92	330
m0398	m0173	46.7	3.83e-92	330
m0398	m0133	57.0	3.83e-92	330
m0398	m0343	56.3	1.11e-91	328
m0398	m0297	52.7	3.24e-91	327
m0398	m0068	44.8	5.53e-91	326
m0398	m0174	46.6	1.61e-90	324
m0398	m0088	55.0	2.32e-89	320
m0398	m0330	53.1	1.5e-88	318
m0398	m0076	60.1	3.35e-88	317
m0398	m0338	53.4	1.08e-86	312
m0398	m0017	56.0	4.1e-86	310
m0398	m0296	53.0	5.35e-86	309
m0398	m0279	45.5	3.84e-84	303
m0398	m0371	52.6	2.1e-82	297
m0398	m0334	55.5	3.97e-81	293
m0398	m0237	48.8	5.18e-81	293
m0398	m0103	51.9	5.02e-76	276
m0398	m0319	52.5	2.49e-75	274
m0398	m0123	52.9	1.62e-74	271
m0398	m0131	51.0	2.11e-74	271
m0398	m0155	53.0	1.05e-73	268
m0398	m0391	51.4	1.37e-73	268
m0398	m0234	50.5	3.05e-73	267
m0398	m0299	50.5	8.86e-73	265
m0398	m0205	46.8	2.58e-72	264
m0398	m0235	51.4	1.67e-71	261
m0398	m0231	47.1	8.29e-71	259
m0398	m0395	49.1	1.41e-70	258
m0398	m0166	46.6	3.15e-70	257
m0398	m0247	47.0	5.38e-70	256
m0398	m0134	49.0	9.17e-70	255
m0398	m0272	48.2	9.17e-70	255
m0398	m0193	45.2	9.17e-70	255
m0398	m0306	48.8	5.94e-69	253
m0398	m0381	47.2	2.26e-68	251
m0398	m0230	45.9	5.03e-68	250
m0398	m0001	45.0	5.03e-68	250
m0398	m0233	46.1	8.58e-68	249
m0398	m0197	46.5	8.58e-68	249
m0398	m0069	47.8	8.58e-68	249
m0398	m0086	48.0	7.27e-67	246
m0398	m0033	47.6	2.11e-66	244
m0398	m0168	45.1	2.11e-66	244
m0398	m0229	49.4	3.61e-66	243
m0398	m0366	45.7	1.05e-65	242
m0398	m0002	48.9	1.05e-65	242
m0398	m0311	44.9	2.34e-65	241
m0398	m0232	44.5	8.88e-65	239
m0398	m0097	49.0	7.52e-64	236
m0398	m0339	46.3	2.86e-63	234
m0398	m0369	47.1	3.73e-63	233
m0398	m0348	47.7	4.87e-63	233
m0398	m0141	47.9	6.37e-63	233
m0398	m0262	43.3	1.09e-62	232
m0398	m0045	45.2	2.42e-62	231
m0398	m0124	45.1	9.19e-62	229
m0398	m0378	44.5	4.56e-61	226
m0398	m0012	44.6	5.96e-61	226
m0398	m0011	45.7	1.73e-60	225
m0398	m0043	48.6	2.26e-60	224
m0398	m0389	43.4	2.26e-60	224
m0398	m0083	43.3	3.86e-60	223
m0398	m0187	45.1	6.59e-60	223
m0398	m0054	45.9	6.59e-60	223
m0398	m0073	43.0	8.6e-60	222
m0398	m0084	44.8	1.12e-59	222
m0398	m0245	43.0	1.12e-59	222
m0398	m0192	45.9	1.47e-59	221
m0398	m0305	42.1	1.92e-59	221
m0398	m0048	44.4	5.58e-59	220
m0398	m0062	42.0	7.28e-59	219
m0398	m0070	43.7	9.51e-59	219
m0398	m0317	41.9	1.62e-58	218
m0398	m0268	45.8	2.12e-58	218
m0398	m0373	42.9	2.77e-58	217
m0398	m0098	43.9	3.61e-58	217
m0398	m0273	42.9	3.06e-57	214
m0398	m0149	42.6	6.82e-57	213
m0398	m0120	43.9	6.82e-57	213
m0398	m0109	42.5	2.59e-56	211
m0398	m0383	43.4	4.42e-56	210
m0398	m0294	43.9	4.42e-56	210
m0398	m0031	42.7	5.77e-56	210
m0398	m0331	42.7	9.84e-56	209
m0398	m0352	41.3	8.33e-55	206
m0398	m0313	42.1	1.09e-54	205
m0398	m0264	42.3	1.42e-54	205
m0398	m0090	40.3	1.86e-54	205
m0398	m0063	44.2	1.2e-53	202
m0398	m0184	42.3	1.57e-53	201
m0398	m0291	40.5	2.05e-53	201
m0398	m0074	42.1	5.97e-53	200
m0398	m0175	41.8	1.33e-52	198
m0398	m0065	40.3	2.96e-52	197
m0398	m0144	38.5	2.96e-52	197
m0398	m0101	39.6	3.87e-52	197
m0398	m0355	39.1	6.6e-52	196
m0398	m0252	41.1	6.6e-52	196
m0398	m0067	40.5	1.13e-51	195
m0398	m0167	41.4	1.47e-51	195
m0398	m0386	41.1	1.92e-51	195
m0398	m0036	42.0	9.53e-51	192
m0398	m0249	40.7	9.53e-51	192
m0398	m0118	38.8	3.62e-50	190
m0398	m0346	40.7	4.73e-50	190
m0398	m0104	41.9	6.18e-50	190
m0398	m0079	39.9	8.07e-50	189
m0398	m0028	40.6	8.07e-50	189
m0398	m0040	40.0	1.38e-49	188
m0398	m0314	41.3	1.38e-49	188
m0398	m0066	40.1	1.38e-49	188
m0398	m0194	42.3	1.38e-49	188
m0398	m0365	38.1	2.35e-49	188
m0398	m0384	39.9	3.07e-49	187
m0398	m0176	39.5	6.83e-49	186
m0398	m0191	41.5	1.52e-48	185
m0398	m0051	40.4	1.52e-48	185
m0398	m0162	39.8	7.55e-48	183
m0398	m0388	41.0	9.87e-48	182
m0398	m0210	40.1	2.2e-47	181
m0398	m0357	38.3	4.9e-47	180
m0398	m0102	38.8	2.43e-46	178
m0398	m0037	37.7	4.15e-46	177
m0398	m0285	36.7	4.15e-46	177
m0398	m0128	39.7	9.23e-46	176
m0398	m0095	38.2	1.58e-45	175
m0398	m0170	36.6	4.58e-45	173
m0398	m0077	41.3	7.82e-45	173
m0398	m0159	36.8	2.27e-44	171
m0398	m0337	40.2	9.56e-43	166
m0398	m0243	37.0	3.63e-42	164
m0398	m0071	37.2	2.35e-41	161
m0398	m0165	34.1	1.29e-39	155
m0398	m0372	33.3	1.09e-38	152
m0398	m0283	38.3	1.09e-38	152
m0398	m0005	34.3	4.15e-38	150
m0398	m0370	35.1	4.75e-34	137
m0398	m0274	35.0	6.21e-34	136
m0398	m0288	32.5	6.65e-28	116
m0398	m0137	30.1	6.22e-26	110
m0398	m0160	30.6	6.88e-25	106
m0398	m0278	32.0	1.75e-20	92
m0398	m0202	26.3	3.66e-18	84
m0398	m0228	29.4	9.96e-16	76
m0398	m0041	28.0	2.22e-15	75
m0398	m0292	30.5	1.44e-14	72
m0398	m0293	26.4	2.45e-14	71
m0398	m0185	28.2	3.2e-14	71
m0398	m0397	27.4	3.54e-13	67
m0398	m0265	34.9	1.14e-11	62
m0398	m0360	27.0	1.49e-11	62
m0398	m0064	30.1	1.65e-10	59
m0398	m0266	29.6	4.79e-10	57
m0398	m0275	24.7	2.01e-08	52
m0398	m0026	23.9	2.9e-07	48
m0398	m0143	26.8	3.79e-07	47
m0398	m0122	20.5	3.55e-05	41
m0398	m0219	27.5	7.91e-05	40
m0398	m0307	24.5	0.000301	38
m0398	m0344	32.0	0.000301	38
m0398	m0218	30.6	0.000393	37
m0398	m0108	23.5	0.00149	35
m0398	m0372	27.5	0.0074	33
m0398	m0016	25.0	0.0126	32
m0398	m0177	26.1	0.14	29
m0398	m0377	28.9	0.14	29
m0398	m0279	29.4	0.182	28
m0398	m0217	26.8	1.18	26
m0398	m0352	35.1	1.54	25
m0398	m0040	29.7	2.63	25
m0398	m0345	40.5	3.44	24
m0398	m0241	34.0	3.44	24
m0398	m0321	28.6	5.87	23
m0397	m0278	45.5	5.92e-66	242
m0397	m0041	47.4	1.9e-64	237
m0397	m0292	41.0	1.57e-50	191
m0397	m0185	39.6	2.34e-46	177
m0397	m0064	41.5	3.49e-42	163
m0397	m0122	30.8	1.29e-20	91
m0397	m0335	30.3	8.38e-20	89
m0397	m0347	29.9	1.43e-19	88
m0397	m0342	30.2	2.44e-19	87
m0397	m0254	29.3	4.16e-19	86
m0397	m0103	28.9	5.43e-19	86
m0397	m0215	29.3	1.21e-18	85
m0397	m0096	30.0	1.21e-18	85
m0397	m0316	29.9	1.58e-18	84
m0397	m0047	29.5	2.06e-18	84
m0397	m0379	28.1	3.52e-18	83
m0397	m0014	29.4	3.52e-18	83
m0397	m0178	31.1	4.6e-18	83
m0397	m0174	29.0	4.6e-18	83
m0397	m0216	30.3	4.6e-18	83
m0397	m0394	29.9	6e-18	82
m0397	m0157	29.5	6e-18	82
m0397	m0093	28.2	1.02e-17	82
m0397	m0172	31.0	1.02e-17	82
m0397	m0350	29.9	1.02e-17	82
m0397	m0324	29.7	1.75e-17	81
m0397	m0244	29.5	2.98e-17	80
m0397	m0364	28.9	3.89e-17	80
m0397	m0206	29.6	3.89e-17	80
m0397	m0050	31.1	5.08e-17	79
m0397	m0154	33.0	5.08e-17	79
m0397	m0245	28.6	5.08e-17	79
m0397	m0168	28.8	6.64e-17	79
m0397	m0173	31.1	8.67e-17	79
m0397	m0023	28.6	8.67e-17	79
m0397	m0161	28.8	8.67e-17	79
m0397	m0025	27.9	8.67e-17	79
m0397	m0182	31.4	1.48e-16	78
m0397	m0130	31.1	1.48e-16	78
m0397	m0317	28.1	1.48e-16	78
m0397	m0125	29.5	1.93e-16	77
m0397	m0077	29.5	1.93e-16	77
m0397	m0238	29.7	2.52e-16	77
m0397	m0188	29.7	3.29e-16	77
m0397	m0339	28.8	3.29e-16	77
m0397	m0006	30.4	3.29e-16	77
m0397	m0011	29.2	3.29e-16	77
m0397	m0311	29.6	1.63e-15	74
m0397	m0267	28.8	1.63e-15	74
m0397	m0228	31.6	1.63e-15	74
m0397	m0235	27.7	2.14e-15	74
m0397	m0068	28.2	2.79e-15	74
m0397	m0111	31.4	3.64e-15	73
m0397	m0169	28.5	3.64e-15	73
m0397	m0296	27.1	4.76e-15	73
m0397	m0133	32.0	6.21e-15	72
m0397	m0194	27.0	6.21e-15	72
m0397	m0079	26.6	6.21e-15	72
m0397	m0083	26.6	6.21e-15	72
m0397	m0334	29.6	6.21e-15	72
m0397	m0378	29.7	6.21e-15	72
m0397	m0163	29.5	1.06e-14	72
m0397	m0073	28.1	1.38e-14	71
m0397	m0234	29.4	1.38e-14	71
m0397	m0184	26.8	1.38e-14	71
m0397	m0326	29.5	1.38e-14	71
m0397	m0198	28.8	1.38e-14	71
m0397	m0138	29.7	1.38e-14	71
m0397	m0088	31.0	1.81e-14	71
m0397	m0386	27.3	1.81e-14	71
m0397	m0248	30.3	2.36e-14	70
m0397	m0346	27.4	3.08e-14	70
m0397	m0343	28.3	3.08e-14	70
m0397	m0191	27.7	4.03e-14	70
m0397	m0183	31.5	4.03e-14	70
m0397	m0259	31.0	5.26e-14	69
m0397	m0017	29.0	5.26e-14	69
m0397	m0001	28.6	5.26e-14	69
m0397	m0214	27.9	6.87e-14	69
m0397	m0124	28.3	6.87e-14	69
m0397	m0039	28.5	6.87e-14	69
m0397	m0333	27.5	6.87e-14	69
m0397	m0281	28.7	8.97e-14	69
m0397	m0031	27.9	8.97e-14	69
m0397	m0123	27.4	8.97e-14	69
m0397	m0319	27.5	8.97e-14	69
m0397	m0131	28.4	1.17e-13	68
m0397	m0076	32.5	1.17e-13	68
m0397	m0033	27.6	1.53e-13	68
m0397	m0070	28.4	1.53e-13	68
m0397	m0275	24.9	1.53e-13	68
m0397	m0012	29.8	1.53e-13	68
m0397	m0337	30.0	2e-13	67
m0397	m0230	25.0	2e-13	67
m0397	m0043	24.6	2e-13	67
m0397	m0094	28.3	2e-13	67
m0397	m0167	26.1	2.61e-13	67
m0397	m0002	27.2	2.61e-13	67
m0397	m0134	28.8	2.61e-13	67
m0397	m0371	29.4	2.61e-13	67
m0397	m0090	27.9	3.41e-13	67
m0397	m0066	27.9	3.41e-13	67
m0397	m0277	27.8	3.41e-13	67
m0397	m0320	26.3	4.45e-13	66
m0397	m0160	27.8	5.81e-13	66
m0397	m0074	25.4	5.81e-13	66
m0397	m0045	25.4	5.81e-13	66
m0397	m0097	27.8	7.59e-13	65
m0397	m0205	27.8	7.59e-13	65
m0397	m0233	27.9	7.59e-13	65
m0397	m0299	27.2	7.59e-13	65
m0397	m0054	28.7	7.59e-13	65
m0397	m0063	24.2	9.92e-13	65
m0397	m0373	27.6	9.92e-13	65
m0397	m0314	28.4	9.92e-13	65
m0397	m0158	27.2	9.92e-13	65
m0397	m0272	27.8	9.92e-13	65
m0397	m0102	27.0	9.92e-13	65
m0397	m0175	26.0	1.3e-12	65
m0397	m0197	26.0	1.3e-12	65
m0397	m0388	30.9	1.69e-12	64
m0397	m0297	31.1	1.69e-12	64
m0397	m0295	27.4	1.69e-12	64
m0397	m0395	25.9	2.21e-12	64
m0397	m0155	24.7	2.21e-12	64
m0397	m0283	30.0	2.21e-12	64
m0397	m0086	26.8	2.21e-12	64
m0397	m0252	27.2	2.89e-12	64
m0397	m0383	25.9	2.89e-12	64
m0397	m0232	25.4	2.89e-12	64
m0397	m0069	26.5	3.77e-12	63
m0397	m0381	27.0	3.77e-12	63
m0397	m0243	25.0	3.77e-12	63
m0397	m0341	27.6	8.4e-12	62
m0397	m0247	25.9	8.4e-12	62
m0397	m0120	24.2	8.4e-12	62
m0397	m0101	25.1	1.1e-11	62
m0397	m0149	24.5	1.1e-11	62
m0397	m0355	25.4	1.1e-11	62
m0397	m0162	27.2	1.1e-11	62
m0397	m0084	26.8	1.43e-11	61
m0397	m0306	27.4	1.43e-11	61
m0397	m0293	27.4	1.87e-11	61
m0397	m0192	27.6	1.87e-11	61
m0397	m0095	27.6	1.87e-11	61
m0397	m0118	26.5	2.44e-11	60
m0397	m0264	24.9	3.19e-11	60
m0397	m0273	27.2	3.19e-11	60
m0397	m0391	23.4	4.17e-11	60
m0397	m0279	28.4	4.17e-11	60
m0397	m0330	27.3	4.17e-11	60
m0397	m0113	27.5	5.44e-11	59
m0397	m0229	27.0	5.44e-11	59
m0397	m0338	28.6	7.11e-11	59
m0397	m0227	26.1	7.11e-11	59
m0397	m0282	26.4	7.11e-11	59
m0397	m0193	25.2	9.28e-11	59
m0397	m0141	26.1	1.21e-10	58
m0397	m0071	24.9	1.21e-10	58
m0397	m0288	26.6	1.58e-10	58
m0397	m0137	25.4	2.07e-10	57
m0397	m0098	26.7	2.07e-10	57
m0397	m0187	26.2	2.07e-10	57
m0397	m0109	27.0	3.53e-10	57
m0397	m0128	26.8	4.61e-10	56
m0397	m0305	26.3	4.61e-10	56
m0397	m0217	27.2	4.61e-10	56
m0397	m0237	28.6	6.02e-10	56
m0397	m0360	24.1	7.86e-10	55
m0397	m0268	26.7	7.86e-10	55
m0397	m0331	26.8	7.86e-10	55
m0397	m0040	26.5	7.86e-10	55
m0397	m0322	26.2	1.34e-09	55
m0397	m0366	24.9	2.99e-09	54
m0397	m0062	25.1	2.99e-09	54
m0397	m0210	25.5	3.9e-09	53
m0397	m0170	26.6	3.9e-09	53
m0397	m0348	25.3	3.9e-09	53
m0397	m0104	26.2	5.09e-09	53
m0397	m0051	27.2	6.65e-09	52
m0397	m0294	30.3	8.69e-09	52
m0397	m0159	26.1	8.69e-09	52
m0397	m0028	29.7	1.48e-08	51
m0397	m0231	23.9	1.48e-08	51
m0397	m0369	26.9	2.53e-08	50
m0397	m0265	24.3	4.31e-08	50
m0397	m0365	26.5	9.61e-08	49
m0397	m0144	25.3	2.14e-07	47
m0397	m0218	29.3	6.23e-07	46
m0397	m0005	27.2	2e-05	41
m0397	m0307	21.8	2.62e-05	40
m0397	m0197	33.7	0.134	28
m0397	m0088	41.0	1.94	24
m0397	m0007	29.4	3.31	23
m0397	m0309	35.1	3.31	23
m0397	m0256	34.8	4.32	23
m0397	m0167	38.7	4.32	23
m0397	m0075	32.7	4.32	23
m0397	m0060	24.8	5.64	23
m0397	m0130	29.0	5.64	23
m0397	m0150	34.0	7.37	22
m0397	m0263	39.4	7.37	22
m0397	m0153	45.5	9.63	22
m0396	m0057	56.0	3.88e-133	466
m0396	m0078	44.1	2.72e-86	310
m0396	m0100	63.1	7.94e-78	282
m0396	m0223	39.9	4.98e-72	263
m0396	m0100	69.6	5.25e-05	40
m0396	m0139	27.4	0.46	27
m0396	m0096	37.0	1.34	25
m0396	m0393	20.9	2.98	24
m0396	m0188	36.1	2.98	24
m0395	m0230	67.4	5.77e-115	405
m0395	m0272	64.7	5.97e-112	395
m0395	m0306	65.6	7.8e-112	394
m0395	m0233	65.3	1.33e-111	394
m0395	m0001	65.1	4.28e-110	389
m0395	m0193	64.4	3.07e-108	382
m0395	m0168	65.6	1.29e-106	377
m0395	m0339	64.4	2.2e-106	376
m0395	m0247	63.8	1.21e-104	371
m0395	m0134	63.4	2.28e-103	366
m0395	m0002	69.2	5.07e-103	365
m0395	m0378	62.8	1.47e-102	364
m0395	m0391	60.5	4.29e-102	362
m0395	m0229	67.2	1.25e-101	361
m0395	m0103	61.6	2.78e-101	359
m0395	m0123	64.4	2.78e-101	359
m0395	m0011	64.1	1.53e-99	354
m0395	m0299	59.3	4.44e-99	352
m0395	m0381	60.5	2.88e-98	349
m0395	m0311	60.8	8.38e-98	348
m0395	m0062	61.9	1.09e-97	347
m0395	m0234	61.6	1.43e-97	347
m0395	m0319	59.3	5.43e-97	345
m0395	m0012	62.5	9.26e-97	344
m0395	m0334	59.7	2.06e-96	343
m0395	m0124	59.4	3.52e-96	342
m0395	m0235	59.2	2.28e-95	340
m0395	m0232	59.3	2.52e-94	336
m0395	m0054	61.7	7.34e-94	335
m0395	m0389	59.2	2.13e-93	333
m0395	m0141	62.0	2.79e-93	333
m0395	m0131	57.7	2.79e-93	333
m0395	m0317	57.4	8.97e-92	328
m0395	m0166	55.4	8.97e-92	328
m0395	m0262	56.7	1.53e-91	327
m0395	m0187	61.8	4.45e-91	325
m0395	m0083	59.2	4.45e-91	325
m0395	m0045	59.1	5.81e-91	325
m0395	m0331	61.0	1.3e-90	324
m0395	m0155	54.3	3.77e-90	322
m0395	m0373	58.0	4.92e-90	322
m0395	m0305	55.6	2.44e-89	320
m0395	m0383	57.1	3.53e-88	316
m0395	m0268	57.8	2.14e-85	307
m0395	m0069	50.8	1.7e-82	297
m0395	m0231	51.0	2.21e-82	297
m0395	m0197	49.2	3.78e-82	296
m0395	m0086	50.5	1.1e-81	294
m0395	m0043	54.1	3.2e-81	293
m0395	m0097	50.7	4.18e-81	292
m0395	m0063	53.4	1.21e-80	291
m0395	m0118	54.3	3.54e-80	289
m0395	m0294	52.1	1.03e-79	288
m0395	m0090	50.5	2.29e-79	287
m0395	m0109	49.5	2.99e-79	286
m0395	m0033	50.3	6.67e-79	285
m0395	m0348	51.2	1.94e-78	283
m0395	m0365	52.0	2.53e-78	283
m0395	m0369	50.0	4.32e-78	282
m0395	m0048	50.9	3.66e-77	279
m0395	m0366	49.3	3.66e-77	279
m0395	m0149	50.5	3.66e-77	279
m0395	m0120	49.7	6.9e-76	275
m0395	m0297	53.2	1.18e-75	274
m0395	m0267	53.2	1.54e-75	274
m0395	m0182	52.8	1.54e-75	274
m0395	m0338	50.5	3.42e-75	273
m0395	m0192	47.9	5.84e-75	272
m0395	m0252	50.9	5.84e-75	272
m0395	m0084	46.4	7.63e-75	272
m0395	m0346	49.8	9.96e-75	271
m0395	m0133	50.2	2.9e-74	270
m0395	m0070	49.5	2.9e-74	270
m0395	m0326	49.1	2.9e-74	270
m0395	m0017	49.8	4.94e-74	269
m0395	m0125	50.7	4.94e-74	269
m0395	m0098	46.9	1.1e-73	268
m0395	m0163	49.8	1.44e-73	267
m0395	m0245	48.6	1.88e-73	267
m0395	m0343	50.9	4.19e-73	266
m0395	m0154	48.5	1.22e-72	264
m0395	m0073	46.2	7.89e-72	262
m0395	m0214	49.1	1.35e-71	261
m0395	m0295	50.4	1.35e-71	261
m0395	m0282	47.9	1.35e-71	261
m0395	m0088	47.3	1.76e-71	260
m0395	m0206	49.8	3.92e-71	259
m0395	m0188	49.1	3.92e-71	259
m0395	m0273	47.9	3.92e-71	259
m0395	m0350	48.8	5.12e-71	259
m0395	m0238	49.3	5.12e-71	259
m0395	m0174	50.2	8.73e-71	258
m0395	m0144	46.0	8.73e-71	258
m0395	m0296	48.9	1.14e-70	258
m0395	m0215	51.1	2.54e-70	257
m0395	m0259	50.2	3.32e-70	256
m0395	m0364	50.2	4.33e-70	256
m0395	m0158	48.3	4.33e-70	256
m0395	m0347	49.5	5.66e-70	255
m0395	m0093	49.5	9.65e-70	255
m0395	m0113	48.8	9.65e-70	255
m0395	m0183	50.0	1.26e-69	254
m0395	m0096	50.5	1.26e-69	254
m0395	m0068	46.7	1.26e-69	254
m0395	m0335	49.3	2.15e-69	253
m0395	m0316	49.1	2.15e-69	253
m0395	m0248	49.8	2.81e-69	253
m0395	m0169	47.4	2.81e-69	253
m0395	m0324	49.0	2.81e-69	253
m0395	m0014	49.5	3.67e-69	253
m0395	m0379	49.8	3.67e-69	253
m0395	m0277	46.3	3.67e-69	253
m0395	m0244	45.6	4.79e-69	252
m0395	m0216	48.8	6.25e-69	252
m0395	m0173	47.1	8.17e-69	252
m0395	m0394	49.5	1.07e-68	251
m0395	m0130	47.9	1.07e-68	251
m0395	m0006	49.3	1.07e-68	251
m0395	m0076	50.9	1.07e-68	251
m0395	m0341	46.6	1.07e-68	251
m0395	m0039	50.0	1.39e-68	251
m0395	m0330	47.9	1.39e-68	251
m0395	m0322	48.7	1.39e-68	251
m0395	m0313	44.0	1.39e-68	251
m0395	m0333	47.8	1.82e-68	250
m0395	m0031	43.7	2.38e-68	250
m0395	m0138	48.1	3.1e-68	250
m0395	m0023	48.4	4.05e-68	249
m0395	m0047	48.8	4.05e-68	249
m0395	m0342	48.1	4.05e-68	249
m0395	m0254	48.4	5.29e-68	249
m0395	m0157	48.4	9.03e-68	248
m0395	m0178	47.8	1.18e-67	248
m0395	m0352	43.0	1.54e-67	247
m0395	m0371	46.7	1.54e-67	247
m0395	m0101	45.1	1.54e-67	247
m0395	m0161	48.0	5.85e-67	245
m0395	m0050	47.3	1.3e-66	244
m0395	m0067	42.0	1.3e-66	244
m0395	m0281	47.3	1.7e-66	244
m0395	m0355	44.4	2.22e-66	243
m0395	m0111	47.6	3.79e-66	243
m0395	m0198	45.2	3.79e-66	243
m0395	m0066	44.6	4.96e-66	242
m0395	m0074	43.2	6.47e-66	242
m0395	m0320	45.2	8.45e-66	242
m0395	m0291	44.7	8.45e-66	242
m0395	m0264	46.4	8.45e-66	242
m0395	m0094	46.3	1.1e-65	241
m0395	m0184	42.9	1.44e-65	241
m0395	m0191	45.9	1.44e-65	241
m0395	m0337	45.3	5.48e-65	239
m0395	m0175	43.5	7.16e-65	238
m0395	m0167	42.5	7.16e-65	238
m0395	m0217	48.8	1.22e-64	238
m0395	m0025	44.0	2.08e-64	237
m0395	m0077	46.3	2.72e-64	236
m0395	m0227	46.1	4.64e-64	236
m0395	m0176	39.9	1.03e-63	235
m0395	m0237	44.7	1.03e-63	235
m0395	m0104	45.8	1.76e-63	234
m0395	m0279	45.4	1.76e-63	234
m0395	m0314	44.4	2.3e-63	233
m0395	m0102	45.5	6.7e-63	232
m0395	m0162	44.0	8.75e-63	231
m0395	m0172	44.5	1.14e-62	231
m0395	m0159	43.1	3.32e-62	230
m0395	m0071	44.2	4.34e-62	229
m0395	m0386	42.0	4.34e-62	229
m0395	m0388	44.5	1.65e-61	227
m0395	m0065	40.3	2.15e-61	227
m0395	m0079	41.2	2.15e-61	227
m0395	m0040	43.2	2.15e-61	227
m0395	m0357	43.4	4.8e-61	226
m0395	m0194	41.0	1.4e-60	224
m0395	m0384	39.5	1.82e-60	224
m0395	m0036	43.6	4.06e-60	223
m0395	m0037	41.8	4.06e-60	223
m0395	m0051	43.4	6.93e-60	222
m0395	m0170	44.4	9.05e-60	221
m0395	m0205	45.3	2.63e-59	220
m0395	m0249	41.5	1e-58	218
m0395	m0095	41.1	1.71e-58	217
m0395	m0243	42.3	8.47e-58	215
m0395	m0028	41.9	2.47e-57	213
m0395	m0283	45.5	5.49e-57	212
m0395	m0285	44.3	1.6e-56	211
m0395	m0210	43.0	4.65e-56	209
m0395	m0128	41.9	1.55e-51	194
m0395	m0165	35.5	3.02e-47	180
m0395	m0005	36.2	4.08e-44	169
m0395	m0372	35.3	2.24e-42	164
m0395	m0288	30.5	8.53e-34	135
m0395	m0160	33.0	5.72e-30	122
m0395	m0274	31.5	1.67e-29	121
m0395	m0137	31.5	6.33e-29	119
m0395	m0370	31.0	6.33e-29	119
m0395	m0202	27.1	9.78e-22	95
m0395	m0293	27.2	5.37e-20	89
m0395	m0185	27.0	4.55e-19	86
m0395	m0228	29.0	1.73e-18	84
m0395	m0360	28.0	1.24e-16	78
m0395	m0041	28.7	2.11e-16	77
m0395	m0292	27.4	1.16e-14	72
m0395	m0064	31.7	1.28e-13	68
m0395	m0278	28.3	2.85e-13	67
m0395	m0275	25.5	2.42e-12	64
m0395	m0266	26.9	2.04e-11	61
m0395	m0122	22.0	4.26e-09	53
m0395	m0136	27.3	4.71e-08	50
m0395	m0265	24.2	8.89e-07	45
m0395	m0219	26.2	1.52e-06	45
m0395	m0016	25.9	1.68e-05	41
m0395	m0344	33.0	1.68e-05	41
m0395	m0345	34.2	0.000413	37
m0395	m0307	23.1	0.0012	35
m0395	m0219	26.6	0.00268	34
m0395	m0099	24.7	0.00457	33
m0395	m0333	31.3	0.00779	32
m0395	m0345	25.0	0.00779	32
m0395	m0177	25.0	0.0133	32
m0395	m0214	44.7	0.0227	31
m0395	m0143	25.7	0.0296	30
m0395	m0152	33.3	0.0387	30
m0395	m0196	24.9	0.0505	30
m0395	m0327	23.2	0.0861	29
m0395	m0255	25.2	0.112	28
m0395	m0060	18.0	0.251	27
m0395	m0281	26.0	0.427	27
m0395	m0377	28.1	0.558	26
m0395	m0026	24.9	1.62	25
m0395	m0361	36.8	2.12	24
m0395	m0270	28.1	4.73	23
m0395	m0056	31.2	4.73	23
m0395	m0199	50.0	8.06	22
m0395	m0007	35.5	8.06	22
m0394	m0161	88.2	4.59e-255	871
m0394	m0014	88.8	3.89e-254	868
m0394	m0379	85.2	4.46e-242	828
m0394	m0006	85.8	7.6e-242	827
m0394	m0347	85.4	1.69e-241	826
m0394	m0254	84.7	2.99e-238	815
m0394	m0047	83.3	3.31e-237	812
m0394	m0316	84.1	2.14e-236	809
m0394	m0342	83.7	4.77e-236	808
m0394	m0050	82.6	5.28e-235	804
m0394	m0093	83.1	1.18e-234	803
m0394	m0096	82.9	3.2e-232	795
m0394	m0157	81.8	3.2e-232	795
m0394	m0216	82.8	1.03e-230	790
m0394	m0335	81.4	1.35e-230	790
m0394	m0023	80.8	1.7e-225	773
m0394	m0206	79.6	3e-222	762
m0394	m0324	82.2	1.95e-221	759
m0394	m0364	83.2	3.32e-221	758
m0394	m0215	81.5	3.56e-207	712
m0394	m0039	65.7	7.27e-168	581
m0394	m0217	62.4	1.57e-154	537
m0394	m0111	68.7	1.63e-151	527
m0394	m0138	56.4	1.21e-146	511
m0394	m0341	56.4	2.27e-145	507
m0394	m0277	55.9	2.78e-143	500
m0394	m0113	58.9	7.09e-139	485
m0394	m0322	59.1	6.63e-137	478
m0394	m0238	56.2	6.63e-137	478
m0394	m0227	57.1	3.29e-136	476
m0394	m0158	53.3	1.63e-135	474
m0394	m0198	54.1	4.75e-135	472
m0394	m0094	54.3	1.81e-134	470
m0394	m0244	55.0	1.53e-133	467
m0394	m0282	55.7	3.41e-133	466
m0394	m0172	54.1	2.21e-132	463
m0394	m0178	54.6	1.87e-131	460
m0394	m0183	58.1	6.88e-126	442
m0394	m0259	66.7	3.41e-125	439
m0394	m0154	51.2	6.44e-124	435
m0394	m0248	58.8	3.2e-123	433
m0394	m0025	50.9	6.66e-121	425
m0394	m0163	56.7	9.62e-120	421
m0394	m0295	51.0	9.01e-118	415
m0394	m0333	55.6	1.14e-112	398
m0394	m0188	54.1	4.33e-112	396
m0394	m0174	54.0	5.65e-112	396
m0394	m0125	52.9	5.65e-112	396
m0394	m0279	56.5	7.38e-112	395
m0394	m0173	51.3	1.39e-110	391
m0394	m0296	67.0	2.38e-110	390
m0394	m0130	55.8	5.29e-110	389
m0394	m0281	52.5	2.63e-109	387
m0394	m0068	51.9	4.48e-109	386
m0394	m0169	55.4	3.79e-108	383
m0394	m0338	63.9	6.47e-108	382
m0394	m0330	62.3	1.44e-107	381
m0394	m0350	59.6	1.22e-106	378
m0394	m0214	59.9	1.59e-106	377
m0394	m0088	63.3	4.64e-106	376
m0394	m0154	61.1	1.03e-105	375
m0394	m0244	61.3	1.82e-102	364
m0394	m0182	56.4	2.38e-102	364
m0394	m0133	61.7	5.3e-102	362
m0394	m0076	68.8	5.86e-101	359
m0394	m0237	57.3	7.66e-101	359
m0394	m0267	62.0	1.44e-99	354
m0394	m0326	59.8	4.2e-99	353
m0394	m0025	58.8	1.6e-98	351
m0394	m0343	58.9	6.07e-98	349
m0394	m0371	61.8	3.33e-96	343
m0394	m0320	47.1	7.42e-96	342
m0394	m0017	58.2	7.68e-93	332
m0394	m0297	46.3	5.69e-88	316
m0394	m0205	50.4	4.82e-87	313
m0394	m0123	56.7	2.17e-79	287
m0394	m0299	55.0	1.41e-78	285
m0394	m0334	52.2	4.09e-78	283
m0394	m0103	51.0	5.91e-77	279
m0394	m0391	53.0	1.9e-75	274
m0394	m0001	49.7	4.23e-75	273
m0394	m0319	50.2	2.74e-74	270
m0394	m0131	50.5	6.11e-74	269
m0394	m0234	50.2	1.36e-73	268
m0394	m0232	47.2	5.17e-73	266
m0394	m0306	50.0	5.17e-73	266
m0394	m0086	51.2	1.51e-72	265
m0394	m0097	52.6	1.51e-72	265
m0394	m0235	50.0	1.97e-72	264
m0394	m0233	49.0	1.97e-72	264
m0394	m0193	47.9	1.97e-72	264
m0394	m0155	49.8	7.47e-72	262
m0394	m0272	48.5	7.47e-72	262
m0394	m0141	51.9	1.66e-71	261
m0394	m0247	47.8	1.66e-71	261
m0394	m0134	50.0	4.1e-70	257
m0394	m0230	47.4	4.1e-70	257
m0394	m0229	51.4	2.66e-69	254
m0394	m0069	47.0	5.92e-69	253
m0394	m0011	49.6	1.72e-68	251
m0394	m0348	50.7	1.72e-68	251
m0394	m0033	46.8	1.72e-68	251
m0394	m0166	46.6	5.01e-68	250
m0394	m0262	43.2	8.55e-68	249
m0394	m0389	46.9	1.46e-67	248
m0394	m0231	46.6	2.49e-67	247
m0394	m0381	47.9	4.24e-67	247
m0394	m0062	43.5	1.23e-66	245
m0394	m0197	44.0	1.61e-66	245
m0394	m0048	46.2	1.61e-66	245
m0394	m0073	45.6	2.11e-66	244
m0394	m0311	46.2	3.59e-66	243
m0394	m0192	47.3	6.13e-66	243
m0394	m0070	47.2	8e-66	242
m0394	m0002	47.7	1.78e-65	241
m0394	m0012	46.3	2.33e-65	241
m0394	m0339	47.6	3.04e-65	240
m0394	m0369	47.8	8.85e-65	239
m0394	m0084	44.7	4.39e-64	236
m0394	m0168	44.8	1.28e-63	235
m0394	m0378	45.6	2.18e-63	234
m0394	m0268	48.3	3.72e-63	233
m0394	m0305	47.3	3.72e-63	233
m0394	m0098	45.7	6.34e-63	233
m0394	m0054	45.4	8.28e-63	232
m0394	m0187	47.3	3.15e-62	230
m0394	m0373	45.1	7.01e-62	229
m0394	m0294	47.5	7.01e-62	229
m0394	m0317	43.5	2.04e-61	228
m0394	m0383	47.5	2.66e-61	227
m0394	m0273	46.2	3.48e-61	227
m0394	m0045	45.2	3.48e-61	227
m0394	m0366	44.9	3.48e-61	227
m0394	m0124	44.3	7.75e-61	226
m0394	m0043	47.9	1.73e-60	225
m0394	m0083	44.2	2.25e-60	224
m0394	m0149	44.1	1.91e-59	221
m0394	m0245	46.6	2.49e-59	221
m0394	m0252	44.9	3.26e-59	220
m0394	m0109	43.4	3.6e-58	217
m0394	m0144	44.4	1.79e-57	215
m0394	m0063	45.4	1.79e-57	215
m0394	m0331	44.5	6.79e-57	213
m0394	m0066	43.6	5.75e-56	210
m0394	m0118	42.9	1.42e-54	205
m0394	m0090	43.8	2.41e-54	204
m0394	m0031	43.9	1.56e-53	201
m0394	m0355	41.8	1.32e-52	198
m0394	m0074	42.6	1.73e-52	198
m0394	m0120	40.7	2.26e-52	198
m0394	m0365	40.6	6.57e-52	196
m0394	m0313	40.6	2.76e-50	191
m0394	m0352	39.9	4.71e-50	190
m0394	m0184	40.9	6.15e-50	190
m0394	m0101	41.9	8.04e-50	189
m0394	m0264	40.8	1.05e-49	189
m0394	m0176	38.4	1.37e-49	188
m0394	m0291	38.9	1.79e-49	188
m0394	m0040	40.8	5.21e-49	186
m0394	m0065	40.3	6.8e-49	186
m0394	m0337	42.7	1.98e-48	184
m0394	m0102	37.8	3.38e-48	184
m0394	m0175	39.0	3.38e-48	184
m0394	m0386	40.9	5.76e-48	183
m0394	m0384	38.1	7.52e-48	183
m0394	m0067	38.2	7.52e-48	183
m0394	m0194	39.2	1.28e-47	182
m0394	m0104	41.1	2.19e-47	181
m0394	m0357	41.1	3.73e-47	180
m0394	m0167	38.3	4.88e-47	180
m0394	m0079	39.0	8.32e-47	179
m0394	m0191	39.6	8.32e-47	179
m0394	m0346	38.2	1.09e-46	179
m0394	m0210	39.2	1.09e-46	179
m0394	m0037	38.2	1.85e-46	178
m0394	m0162	38.0	1.2e-45	175
m0394	m0036	41.9	1.57e-45	175
m0394	m0314	39.7	2.05e-45	174
m0394	m0285	38.4	3.49e-45	174
m0394	m0077	39.1	3.49e-45	174
m0394	m0388	36.9	4.56e-45	173
m0394	m0243	37.7	1.33e-44	172
m0394	m0095	37.5	1.73e-44	171
m0394	m0283	40.5	2.96e-44	171
m0394	m0249	38.7	2.96e-44	171
m0394	m0051	40.2	2.96e-44	171
m0394	m0071	38.0	8.61e-44	169
m0394	m0159	37.8	1.47e-43	168
m0394	m0028	38.7	2.5e-43	168
m0394	m0128	38.2	1.62e-42	165
m0394	m0170	37.6	2.77e-42	164
m0394	m0165	36.7	4.57e-37	147
m0394	m0372	35.6	2.27e-36	144
m0394	m0005	37.1	6.61e-36	143
m0394	m0370	37.2	1.38e-33	135
m0394	m0274	35.0	2.35e-33	134
m0394	m0288	30.3	2.52e-27	114
m0394	m0137	29.6	1.8e-25	108
m0394	m0160	29.5	2.35e-25	108
m0394	m0202	29.3	7.09e-22	96
m0394	m0185	30.8	5.26e-17	80
m0394	m0278	33.2	6.87e-17	80
m0394	m0293	26.9	9.92e-16	76
m0394	m0228	32.4	3.19e-14	71
m0394	m0275	26.5	1.21e-13	69
m0394	m0360	25.7	1.21e-13	69
m0394	m0292	27.7	1.34e-12	65
m0394	m0265	25.0	2.99e-12	64
m0394	m0041	25.4	6.65e-12	63
m0394	m0266	30.4	7.35e-11	60
m0394	m0064	31.5	1.64e-10	59
m0394	m0122	22.6	1.53e-08	52
m0394	m0154	31.9	2.62e-08	51
m0394	m0377	33.7	0.000391	37
m0394	m0219	23.4	0.00114	36
m0394	m0307	21.2	0.00149	35
m0394	m0327	22.7	0.00737	33
m0394	m0016	24.4	0.00963	33
m0394	m0336	29.2	0.0126	32
m0394	m0345	45.9	0.0214	32
m0394	m0344	31.2	0.0478	30
m0394	m0143	25.3	0.0478	30
m0394	m0143	23.2	0.0478	30
m0394	m0237	23.3	0.0478	30
m0394	m0099	25.0	0.0815	30
m0394	m0177	27.4	0.139	29
m0394	m0129	31.2	0.182	28
m0394	m0004	29.9	0.31	28
m0394	m0190	24.3	0.404	27
m0394	m0146	25.5	0.528	27
m0394	m0108	27.9	0.69	27
m0394	m0022	22.2	0.69	27
m0394	m0099	30.2	0.901	26
m0394	m0026	24.2	0.901	26
m0394	m0026	28.3	0.901	26
m0394	m0217	71.4	0.901	26
m0394	m0148	52.2	1.18	26
m0394	m0056	27.0	1.18	26
m0394	m0189	32.5	1.54	25
m0394	m0279	24.4	1.54	25
m0394	m0036	36.4	2.62	25
m0394	m0368	32.6	4.47	24
m0394	m0132	52.2	5.84	23
m0394	m0239	61.5	7.63	23
m0394	m0357	43.8	9.96	23
m0394	m0283	35.9	9.96	23
m0393	m0260	55.5	1.24e-124	438
m0393	m0199	49.4	1.05e-107	381
m0393	m0239	50.4	1.68e-105	374
m0393	m0261	46.6	1.63e-100	357
m0393	m0022	23.1	0.000168	39
m0393	m0061	31.0	0.0092	33
m0393	m0327	23.9	0.102	29
m0393	m0046	28.9	0.133	29
m0393	m0142	20.3	0.296	28
m0393	m0288	22.4	0.387	27
m0393	m0338	24.0	0.659	27
m0393	m0275	22.1	0.659	27
m0393	m0015	26.4	1.12	26
m0393	m0251	27.3	2.51	25
m0393	m0045	22.9	2.51	25
m0393	m0060	20.1	2.51	25
m0393	m0330	44.4	3.27	24
m0393	m0296	23.2	3.27	24
m0393	m0083	22.9	4.27	24
m0393	m0141	26.8	4.27	24
m0393	m0227	57.1	4.27	24
m0393	m0341	24.3	4.27	24
m0393	m0061	45.5	5.58	23
m0393	m0039	57.1	5.58	23
m0393	m0217	57.1	5.58	23
m0393	m0282	57.1	7.29	23
m0393	m0366	37.5	7.29	23
m0393	m0343	23.5	7.29	23
m0393	m0111	21.4	7.29	23
m0393	m0185	47.6	7.29	23
m0393	m0277	57.1	7.29	23
m0393	m0238	44.4	7.29	23
m0393	m0215	37.5	9.52	23
m0392	m0361	29.1	3.43e-44	171
m0392	m0289	34.8	3.93e-40	157
m0392	m0225	32.7	9.06e-37	146
m0392	m0114	33.0	4.97e-35	140
m0392	m0030	26.0	8.5e-27	113
m0392	m0208	29.2	3.02e-24	104
m0392	m0132	26.0	4.38e-07	47
m0392	m0148	24.6	6.33e-06	44
m0392	m0147	24.4	0.000156	39
m0392	m0225	41.9	0.469	27
m0392	m0192	29.3	1.78	25
m0392	m0041	42.3	2.33	25
m0392	m0228	52.2	2.33	25
m0392	m0190	20.0	2.33	25
m0392	m0205	25.9	6.78	23
m0391	m0299	81.0	6.54e-135	471
m0391	m0235	80.2	2.57e-131	459
m0391	m0234	75.9	2.58e-123	433
m0391	m0103	72.4	1.73e-119	420
m0391	m0334	70.7	1.12e-118	417
m0391	m0131	70.1	2.42e-113	399
m0391	m0001	66.0	1.2e-112	397
m0391	m0319	69.0	1.57e-112	397
m0391	m0306	67.5	5.95e-112	395
m0391	m0193	65.9	1.02e-111	394
m0391	m0123	70.2	3.27e-110	389
m0391	m0247	65.8	1.62e-109	387
m0391	m0233	67.0	3.38e-107	379
m0391	m0230	66.3	4.42e-107	379
m0391	m0229	68.7	1.86e-105	373
m0391	m0381	64.3	2.68e-104	369
m0391	m0339	63.5	1.02e-103	367
m0391	m0272	61.4	1.74e-103	367
m0391	m0168	63.6	3.87e-103	366
m0391	m0378	64.6	5.05e-103	365
m0391	m0054	63.7	1.47e-102	364
m0391	m0232	61.6	3.27e-102	362
m0391	m0134	59.9	1.63e-101	360
m0391	m0062	62.2	2.77e-101	359
m0391	m0389	60.3	1.16e-99	354
m0391	m0311	60.4	3.39e-99	352
m0391	m0155	61.4	6.39e-98	348
m0391	m0187	64.9	4.14e-97	346
m0391	m0166	59.8	1.57e-96	344
m0391	m0262	57.4	2.06e-96	343
m0391	m0011	61.8	2.68e-96	343
m0391	m0197	56.1	5.98e-96	342
m0391	m0141	64.7	7.81e-96	341
m0391	m0317	58.8	4.29e-94	335
m0391	m0069	55.5	5.6e-94	335
m0391	m0373	58.2	4.74e-93	332
m0391	m0002	63.3	8.08e-93	331
m0391	m0033	57.6	1.17e-91	327
m0391	m0383	58.6	1.29e-90	324
m0391	m0045	57.1	1.69e-90	324
m0391	m0012	59.9	2.88e-90	323
m0391	m0083	54.5	2.88e-90	323
m0391	m0268	60.3	6.41e-90	322
m0391	m0124	56.2	2.43e-89	320
m0391	m0149	53.2	6e-88	315
m0391	m0086	55.1	1.02e-87	314
m0391	m0252	55.4	1.34e-87	314
m0391	m0305	54.2	1.74e-87	314
m0391	m0331	57.3	2.28e-87	313
m0391	m0109	57.7	7.33e-86	308
m0391	m0043	57.3	6.2e-85	305
m0391	m0063	56.6	5.25e-84	302
m0391	m0120	56.0	1.53e-83	300
m0391	m0348	52.5	2.61e-83	300
m0391	m0097	52.8	2.61e-83	300
m0391	m0294	55.1	4.45e-83	299
m0391	m0365	52.1	2.21e-82	297
m0391	m0090	51.2	2.88e-82	296
m0391	m0366	53.1	6.42e-82	295
m0391	m0084	51.2	8.39e-82	295
m0391	m0118	55.0	1.43e-81	294
m0391	m0267	56.1	3.19e-81	293
m0391	m0048	51.8	4.16e-81	292
m0391	m0133	56.0	9.27e-81	291
m0391	m0231	50.9	1.21e-80	291
m0391	m0040	54.8	1.21e-80	291
m0391	m0017	55.3	1.58e-80	290
m0391	m0162	55.7	2.7e-80	290
m0391	m0350	53.7	4.6e-80	289
m0391	m0369	50.7	4.6e-80	289
m0391	m0326	54.4	1.03e-79	288
m0391	m0192	50.7	1.75e-79	287
m0391	m0104	54.3	2.98e-79	286
m0391	m0051	52.9	3.9e-79	286
m0391	m0170	51.7	6.64e-79	285
m0391	m0088	51.5	8.68e-79	285
m0391	m0182	53.6	8.68e-79	285
m0391	m0248	54.1	1.13e-78	284
m0391	m0343	53.5	1.13e-78	284
m0391	m0070	52.5	1.48e-78	284
m0391	m0188	52.8	1.93e-78	283
m0391	m0125	55.4	3.3e-78	283
m0391	m0338	52.4	5.62e-78	282
m0391	m0333	53.6	7.35e-78	282
m0391	m0259	54.4	9.59e-78	281
m0391	m0316	52.5	9.59e-78	281
m0391	m0295	54.7	1.25e-77	281
m0391	m0238	53.6	2.79e-77	280
m0391	m0163	52.6	6.22e-77	278
m0391	m0281	54.0	8.12e-77	278
m0391	m0169	52.8	8.12e-77	278
m0391	m0154	52.6	8.12e-77	278
m0391	m0297	53.7	1.06e-76	278
m0391	m0073	48.2	2.36e-76	277
m0391	m0183	54.6	2.36e-76	277
m0391	m0335	53.7	3.09e-76	276
m0391	m0342	54.4	4.03e-76	276
m0391	m0174	54.0	4.03e-76	276
m0391	m0324	53.1	8.98e-76	275
m0391	m0216	53.3	1.17e-75	274
m0391	m0096	54.0	1.17e-75	274
m0391	m0130	53.5	1.53e-75	274
m0391	m0364	51.7	1.53e-75	274
m0391	m0379	55.5	2.61e-75	273
m0391	m0347	52.6	3.41e-75	273
m0391	m0047	53.0	7.6e-75	272
m0391	m0023	52.1	7.6e-75	272
m0391	m0025	50.2	9.93e-75	271
m0391	m0093	51.9	9.93e-75	271
m0391	m0006	51.3	9.93e-75	271
m0391	m0178	52.8	1.69e-74	270
m0391	m0014	52.1	1.69e-74	270
m0391	m0254	52.7	1.69e-74	270
m0391	m0157	53.0	1.69e-74	270
m0391	m0111	52.6	2.21e-74	270
m0391	m0296	52.3	2.89e-74	270
m0391	m0050	51.9	3.77e-74	269
m0391	m0206	52.4	3.77e-74	269
m0391	m0215	52.3	8.4e-74	268
m0391	m0282	50.5	8.4e-74	268
m0391	m0371	49.8	8.4e-74	268
m0391	m0161	51.7	8.4e-74	268
m0391	m0158	52.1	1.1e-73	268
m0391	m0244	51.9	1.43e-73	267
m0391	m0138	51.2	1.87e-73	267
m0391	m0214	51.4	2.45e-73	267
m0391	m0098	45.5	3.19e-73	266
m0391	m0076	54.4	9.29e-73	265
m0391	m0172	49.7	1.21e-72	264
m0391	m0330	50.5	2.07e-72	263
m0391	m0320	50.9	3.53e-72	263
m0391	m0068	49.1	4.61e-72	262
m0391	m0144	46.0	6.02e-72	262
m0391	m0198	49.5	1.03e-71	261
m0391	m0245	47.8	2.29e-71	260
m0391	m0341	47.8	2.99e-71	260
m0391	m0279	49.5	3.9e-71	259
m0391	m0273	47.4	3.9e-71	259
m0391	m0346	49.1	6.66e-71	258
m0391	m0036	47.9	8.7e-71	258
m0391	m0277	48.3	1.94e-70	257
m0391	m0031	50.9	1.94e-70	257
m0391	m0285	48.4	3.31e-70	256
m0391	m0249	47.7	4.32e-70	256
m0391	m0173	48.3	5.64e-70	255
m0391	m0352	47.8	7.36e-70	255
m0391	m0066	47.9	9.62e-70	255
m0391	m0067	46.1	9.62e-70	255
m0391	m0101	48.1	2.14e-69	253
m0391	m0074	48.1	2.14e-69	253
m0391	m0357	45.5	1.39e-68	251
m0391	m0237	50.5	4.04e-68	249
m0391	m0291	46.4	4.04e-68	249
m0391	m0191	50.7	5.28e-68	249
m0391	m0113	50.0	6.89e-68	248
m0391	m0264	48.8	9e-68	248
m0391	m0094	49.6	1.18e-67	248
m0391	m0313	45.9	1.54e-67	247
m0391	m0128	47.3	1.54e-67	247
m0391	m0102	45.6	4.47e-67	246
m0391	m0314	48.4	5.83e-67	245
m0391	m0322	49.5	9.95e-67	245
m0391	m0039	51.3	3.78e-66	243
m0391	m0205	47.6	1.88e-65	240
m0391	m0384	45.1	2.45e-65	240
m0391	m0227	50.2	2.45e-65	240
m0391	m0176	45.0	3.2e-65	240
m0391	m0065	45.5	4.18e-65	239
m0391	m0388	44.3	5.46e-65	239
m0391	m0079	45.7	5.46e-65	239
m0391	m0355	45.7	7.13e-65	238
m0391	m0217	52.4	7.13e-65	238
m0391	m0175	44.2	9.31e-65	238
m0391	m0337	48.1	1.59e-64	237
m0391	m0071	43.9	6.04e-64	235
m0391	m0077	45.3	1.76e-63	234
m0391	m0184	44.5	5.11e-63	232
m0391	m0167	43.3	6.67e-63	232
m0391	m0210	45.4	1.49e-62	231
m0391	m0095	43.5	4.33e-62	229
m0391	m0037	43.4	1.26e-61	228
m0391	m0159	44.4	2.15e-61	227
m0391	m0386	45.7	6.25e-61	225
m0391	m0243	42.3	2.62e-59	220
m0391	m0194	42.8	3.43e-59	220
m0391	m0165	41.5	8.74e-55	205
m0391	m0028	39.9	3.32e-54	203
m0391	m0283	44.4	1.54e-51	194
m0391	m0005	37.3	7.41e-46	175
m0391	m0372	36.0	1e-42	165
m0391	m0288	31.2	2.47e-33	134
m0391	m0274	35.2	1.04e-31	128
m0391	m0370	34.4	7.45e-30	122
m0391	m0137	29.2	2.65e-27	114
m0391	m0160	30.4	7.71e-27	112
m0391	m0202	29.6	5.17e-23	99
m0391	m0293	29.5	4.84e-21	93
m0391	m0185	28.3	3.14e-20	90
m0391	m0360	27.3	1.72e-18	84
m0391	m0228	28.3	2.49e-17	80
m0391	m0292	25.6	5.18e-15	73
m0391	m0275	25.6	4.39e-14	70
m0391	m0266	29.1	7.48e-14	69
m0391	m0041	28.5	1.67e-13	68
m0391	m0278	27.2	3.71e-13	67
m0391	m0122	23.1	1.84e-12	64
m0391	m0064	27.4	9.15e-12	62
m0391	m0265	25.3	1.56e-11	61
m0391	m0307	21.1	1.51e-06	45
m0391	m0344	27.2	1.28e-05	42
m0391	m0219	25.5	4.86e-05	40
m0391	m0016	25.9	0.000412	37
m0391	m0218	27.3	0.000702	36
m0391	m0345	38.3	0.00455	33
m0391	m0177	28.0	0.00455	33
m0391	m0108	40.8	0.00455	33
m0391	m0099	22.7	0.00594	33
m0391	m0327	25.4	0.00776	32
m0391	m0148	25.9	0.0173	31
m0391	m0377	29.5	0.0226	31
m0391	m0121	29.2	0.0385	30
m0391	m0056	34.3	0.0503	30
m0391	m0060	22.9	0.0858	29
m0391	m0333	26.0	0.146	28
m0391	m0271	30.9	0.426	27
m0391	m0026	24.8	0.556	26
m0391	m0177	23.9	0.727	26
m0391	m0196	28.6	0.727	26
m0391	m0315	35.8	0.727	26
m0391	m0212	23.2	2.11	24
m0391	m0099	35.6	2.11	24
m0391	m0007	33.3	3.61	23
m0391	m0368	40.0	4.71	23
m0391	m0349	42.9	4.71	23
m0391	m0119	42.4	4.71	23
m0391	m0361	30.2	8.03	22
m0390	m0276	47.2	3.55e-81	293
m0390	m0190	46.7	1.26e-70	258
m0390	m0318	45.1	2.38e-69	253
m0390	m0209	48.9	3.11e-69	253
m0390	m0246	42.5	2.23e-67	247
m0390	m0323	41.7	3.56e-65	240
m0390	m0087	42.5	4.65e-65	239
m0390	m0387	43.3	4.65e-65	239
m0390	m0058	43.1	1.5e-63	234
m0390	m0287	42.4	5.69e-63	232
m0390	m0046	41.0	3.12e-61	226
m0390	m0029	40.2	1.55e-60	224
m0390	m0151	44.4	2.02e-60	224
m0390	m0019	43.8	2.92e-59	220
m0390	m0251	38.6	2.09e-57	214
m0390	m0186	41.5	5.16e-56	209
m0390	m0009	38.4	8.8e-56	208
m0390	m0106	42.1	1.15e-55	208
m0390	m0179	38.3	1.27e-54	205
m0390	m0085	36.6	6.97e-53	199
m0390	m0110	39.9	3.82e-51	193
m0390	m0164	41.4	1.45e-50	191
m0390	m0082	40.5	1.9e-50	191
m0390	m0226	40.2	7.21e-50	189
m0390	m0354	41.9	1.61e-49	188
m0390	m0385	37.8	7.97e-49	185
m0390	m0222	37.5	1.04e-48	185
m0390	m0049	38.5	3.35e-47	180
m0390	m0284	39.2	1.27e-46	178
m0390	m0256	39.0	1.84e-45	174
m0390	m0112	35.5	6.99e-45	172
m0390	m0358	38.1	6.54e-43	166
m0390	m0362	36.9	9.15e-37	145
m0390	m0171	34.7	2.58e-31	127
m0390	m0105	29.7	4.4e-31	126
m0390	m0380	33.1	7.02e-29	119
m0390	m0221	31.9	1.56e-28	118
m0390	m0135	31.5	4.55e-28	116
m0390	m0242	30.2	2.11e-25	107
m0390	m0269	30.2	3.05e-24	104
m0390	m0220	32.4	9.82e-23	99
m0390	m0207	27.4	1.73e-19	88
m0390	m0064	25.4	1.06	25
m0390	m0008	31.2	1.06	25
m0390	m0108	45.5	4.01	23
m0390	m0010	36.7	4.01	23
m0390	m0363	27.4	4.01	23
m0390	m0050	37.0	5.24	23
m0389	m0232	65.5	2.85e-112	396
m0389	m0233	64.2	2.66e-110	389
m0389	m0230	63.5	3.85e-109	386
m0389	m0229	70.9	1.62e-107	380
m0389	m0247	64.3	2.76e-107	379
m0389	m0272	62.2	8.87e-106	374
m0389	m0262	62.2	4.4e-105	372
m0389	m0062	60.9	7.51e-105	371
m0389	m0193	62.0	1.67e-104	370
m0389	m0011	66.1	3.73e-104	369
m0389	m0306	61.7	8.3e-104	368
m0389	m0187	67.9	8.3e-104	368
m0389	m0012	63.1	5.38e-103	365
m0389	m0235	62.7	1.33e-101	361
m0389	m0045	61.5	8.59e-101	358
m0389	m0083	59.5	8.59e-101	358
m0389	m0381	62.9	2.5e-100	356
m0389	m0001	59.0	5.57e-100	355
m0389	m0317	59.5	5.57e-100	355
m0389	m0124	60.4	7.27e-100	355
m0389	m0299	62.1	2.12e-99	353
m0389	m0168	59.0	6.16e-99	352
m0389	m0123	63.4	3.99e-98	349
m0389	m0103	60.5	2.59e-97	346
m0389	m0141	64.9	4.41e-97	346
m0389	m0002	64.1	1.28e-96	344
m0389	m0378	58.8	1.68e-96	344
m0389	m0339	60.4	2.86e-96	343
m0389	m0319	59.0	2.86e-96	343
m0389	m0334	59.7	1.09e-95	341
m0389	m0134	60.2	3.16e-95	339
m0389	m0331	60.7	3.5e-94	336
m0389	m0054	59.4	1.02e-93	334
m0389	m0131	58.0	1.73e-93	334
m0389	m0118	58.7	1.92e-92	330
m0389	m0234	58.5	2.12e-91	327
m0389	m0311	54.8	6.17e-91	325
m0389	m0373	56.2	8.91e-90	321
m0389	m0365	57.2	1.16e-89	321
m0389	m0166	52.3	9.85e-89	318
m0389	m0305	53.1	6.39e-88	315
m0389	m0155	55.9	2.43e-87	313
m0389	m0149	54.5	5.41e-87	312
m0389	m0383	55.5	5.41e-87	312
m0389	m0109	54.2	3.87e-85	306
m0389	m0086	52.4	2.35e-82	297
m0389	m0063	53.4	5.24e-82	295
m0389	m0252	55.7	6.84e-82	295
m0389	m0043	54.5	1.99e-81	294
m0389	m0268	56.2	7.56e-81	292
m0389	m0084	50.5	1.29e-80	291
m0389	m0294	53.2	8.36e-80	288
m0389	m0348	50.7	1.86e-79	287
m0389	m0097	50.8	1.86e-79	287
m0389	m0069	48.4	3.18e-79	286
m0389	m0231	49.7	5.42e-79	285
m0389	m0366	49.5	4.59e-78	282
m0389	m0192	47.5	2.52e-76	277
m0389	m0033	50.3	9.56e-76	275
m0389	m0197	47.3	3.63e-75	273
m0389	m0120	51.9	3.63e-75	273
m0389	m0048	52.8	8.1e-75	272
m0389	m0369	46.1	8.95e-74	268
m0389	m0090	47.5	1.17e-73	268
m0389	m0238	50.9	1.99e-73	267
m0389	m0163	49.1	1.99e-73	267
m0389	m0070	51.3	1.69e-72	264
m0389	m0174	50.2	1.09e-71	261
m0389	m0295	49.7	2.44e-71	260
m0389	m0245	47.9	9.26e-71	258
m0389	m0098	46.0	2.06e-70	257
m0389	m0154	49.0	2.7e-70	257
m0389	m0291	45.9	3.52e-70	256
m0389	m0346	47.6	3.52e-70	256
m0389	m0313	45.1	4.6e-70	256
m0389	m0333	48.2	7.84e-70	255
m0389	m0169	48.8	1.75e-69	254
m0389	m0125	49.5	1.75e-69	254
m0389	m0073	44.3	1.75e-69	254
m0389	m0014	47.6	2.98e-69	253
m0389	m0273	45.7	3.89e-69	253
m0389	m0338	49.5	3.89e-69	253
m0389	m0133	48.5	5.08e-69	252
m0389	m0248	50.4	6.64e-69	252
m0389	m0352	44.8	6.64e-69	252
m0389	m0343	47.7	6.64e-69	252
m0389	m0067	44.1	6.64e-69	252
m0389	m0330	47.9	1.93e-68	250
m0389	m0350	47.0	3.29e-68	250
m0389	m0249	46.2	3.29e-68	250
m0389	m0347	46.5	5.62e-68	249
m0389	m0093	46.2	5.62e-68	249
m0389	m0182	46.2	1.25e-67	248
m0389	m0130	48.4	2.14e-67	247
m0389	m0324	47.7	2.14e-67	247
m0389	m0017	47.3	2.14e-67	247
m0389	m0176	44.7	2.14e-67	247
m0389	m0170	45.3	2.14e-67	247
m0389	m0244	46.1	2.14e-67	247
m0389	m0144	47.6	2.14e-67	247
m0389	m0138	47.5	2.79e-67	247
m0389	m0023	46.7	2.79e-67	247
m0389	m0088	47.0	3.64e-67	246
m0389	m0259	49.5	3.64e-67	246
m0389	m0065	44.9	3.64e-67	246
m0389	m0161	46.4	4.76e-67	246
m0389	m0316	47.4	6.21e-67	245
m0389	m0264	45.0	6.21e-67	245
m0389	m0335	44.9	6.21e-67	245
m0389	m0267	49.8	8.12e-67	245
m0389	m0047	45.9	8.12e-67	245
m0389	m0178	48.4	1.06e-66	245
m0389	m0188	45.2	1.38e-66	244
m0389	m0279	46.5	1.81e-66	244
m0389	m0281	48.2	1.81e-66	244
m0389	m0051	45.2	2.36e-66	243
m0389	m0215	46.3	2.36e-66	243
m0389	m0206	46.6	2.36e-66	243
m0389	m0216	46.2	3.08e-66	243
m0389	m0006	45.3	5.26e-66	242
m0389	m0025	46.2	5.26e-66	242
m0389	m0101	45.8	5.26e-66	242
m0389	m0297	47.9	6.87e-66	242
m0389	m0326	45.9	8.97e-66	242
m0389	m0254	47.5	8.97e-66	242
m0389	m0379	46.3	8.97e-66	242
m0389	m0371	48.0	2e-65	240
m0389	m0111	46.7	2.61e-65	240
m0389	m0342	45.0	2.61e-65	240
m0389	m0037	45.3	3.41e-65	240
m0389	m0040	46.0	3.41e-65	240
m0389	m0096	45.5	5.82e-65	239
m0389	m0036	44.3	5.82e-65	239
m0389	m0157	45.8	7.6e-65	238
m0389	m0172	46.1	7.6e-65	238
m0389	m0076	50.6	9.92e-65	238
m0389	m0364	45.6	9.92e-65	238
m0389	m0277	48.4	9.92e-65	238
m0389	m0050	44.9	1.3e-64	238
m0389	m0173	44.1	1.3e-64	238
m0389	m0104	47.9	1.69e-64	237
m0389	m0158	45.5	2.21e-64	237
m0389	m0183	48.7	2.89e-64	236
m0389	m0031	43.5	6.43e-64	235
m0389	m0113	47.9	1.1e-63	235
m0389	m0296	45.4	1.1e-63	235
m0389	m0237	47.0	1.43e-63	234
m0389	m0341	46.1	1.87e-63	234
m0389	m0355	44.5	2.44e-63	233
m0389	m0191	46.3	2.44e-63	233
m0389	m0214	48.3	3.19e-63	233
m0389	m0162	43.9	3.19e-63	233
m0389	m0094	47.9	1.21e-62	231
m0389	m0384	41.0	1.58e-62	231
m0389	m0357	43.1	1.58e-62	231
m0389	m0066	42.6	3.53e-62	230
m0389	m0074	44.1	6.02e-62	229
m0389	m0175	40.3	1.03e-61	228
m0389	m0068	45.8	2.99e-61	226
m0389	m0337	42.6	5.09e-61	226
m0389	m0039	48.9	1.14e-60	225
m0389	m0077	43.5	1.14e-60	225
m0389	m0320	43.1	1.14e-60	225
m0389	m0095	41.7	1.48e-60	224
m0389	m0322	47.1	1.48e-60	224
m0389	m0184	41.3	1.94e-60	224
m0389	m0167	38.9	4.31e-60	223
m0389	m0079	39.9	9.61e-60	221
m0389	m0314	40.9	1.25e-59	221
m0389	m0198	43.5	2.8e-59	220
m0389	m0102	41.7	2.8e-59	220
m0389	m0285	42.1	3.65e-59	220
m0389	m0194	40.0	3.65e-59	220
m0389	m0243	45.0	8.13e-59	218
m0389	m0227	47.3	2.37e-58	217
m0389	m0071	42.9	5.27e-58	216
m0389	m0386	43.4	6.89e-58	215
m0389	m0217	50.4	1.17e-57	215
m0389	m0282	44.6	1.53e-57	214
m0389	m0028	41.6	1.53e-57	214
m0389	m0388	41.2	2.89e-56	210
m0389	m0283	46.5	8.42e-56	208
m0389	m0159	39.7	1.88e-55	207
m0389	m0128	43.1	2.45e-55	207
m0389	m0205	41.1	2.45e-55	207
m0389	m0210	43.3	3.54e-54	203
m0389	m0165	36.1	9.01e-50	188
m0389	m0372	36.0	2.38e-42	164
m0389	m0005	35.7	4.06e-42	163
m0389	m0288	29.1	3.56e-30	123
m0389	m0274	31.2	1.4e-26	111
m0389	m0160	29.4	2.24e-24	104
m0389	m0137	29.5	2.24e-24	104
m0389	m0370	29.8	1.45e-23	101
m0389	m0293	29.6	3.23e-23	100
m0389	m0202	27.2	6.09e-22	96
m0389	m0185	26.0	1.07e-18	85
m0389	m0360	27.0	4.08e-18	83
m0389	m0041	29.1	2.24e-16	77
m0389	m0275	23.5	2.32e-13	67
m0389	m0292	26.4	1.5e-12	65
m0389	m0064	25.5	1.5e-12	65
m0389	m0265	27.0	5.71e-12	63
m0389	m0278	27.9	3.7e-11	60
m0389	m0266	24.3	6.32e-11	59
m0389	m0228	24.1	5.35e-10	56
m0389	m0219	30.8	2.25e-08	51
m0389	m0122	19.6	1.46e-07	48
m0389	m0136	22.9	1.9e-07	48
m0389	m0016	26.1	1.04e-05	42
m0389	m0327	23.6	1.36e-05	42
m0389	m0345	21.9	0.000151	38
m0389	m0344	29.4	0.000438	37
m0389	m0255	27.9	0.000977	35
m0389	m0061	24.1	0.00218	34
m0389	m0377	24.3	0.00633	33
m0389	m0007	21.1	0.00827	32
m0389	m0143	23.3	0.0184	31
m0389	m0148	24.2	0.0184	31
m0389	m0060	21.6	0.0241	31
m0389	m0177	23.5	0.0241	31
m0389	m0196	25.3	0.0314	30
m0389	m0026	23.6	0.0536	30
m0389	m0307	25.8	0.07	29
m0389	m0022	19.9	0.347	27
m0389	m0142	22.1	1.01	25
m0389	m0340	51.7	2.25	24
m0389	m0089	30.2	3.84	23
m0389	m0301	31.6	5.02	23
m0389	m0368	38.7	6.55	23
m0389	m0325	23.8	6.55	23
m0388	m0102	79.7	4.47e-136	475
m0388	m0285	71.8	8.18e-122	428
m0388	m0128	69.9	2.38e-113	399
m0388	m0210	66.8	1.31e-111	394
m0388	m0040	66.9	1.45e-110	390
m0388	m0104	67.3	3.22e-110	389
m0388	m0162	62.3	1.15e-107	381
m0388	m0051	60.4	4.51e-104	369
m0388	m0170	60.2	2.24e-103	366
m0388	m0319	48.3	2.11e-69	253
m0388	m0103	46.0	1.05e-68	251
m0388	m0334	44.9	2.34e-68	250
m0388	m0383	46.1	3.98e-68	249
m0388	m0272	47.2	1.98e-67	247
m0388	m0131	45.1	1.42e-65	241
m0388	m0123	47.2	4.12e-65	239
m0388	m0033	47.3	5.39e-65	239
m0388	m0230	42.6	2.26e-63	233
m0388	m0299	43.4	1.92e-62	230
m0388	m0234	45.6	4.27e-62	229
m0388	m0166	43.6	5.57e-62	229
m0388	m0168	44.6	5.57e-62	229
m0388	m0235	45.1	7.28e-62	228
m0388	m0120	46.9	7.28e-62	228
m0388	m0063	43.5	1.24e-61	228
m0388	m0311	44.8	1.62e-61	227
m0388	m0109	46.9	4.72e-61	226
m0388	m0233	41.6	6.16e-61	225
m0388	m0346	45.9	1.37e-60	224
m0388	m0043	42.7	2.34e-60	223
m0388	m0134	44.3	2.34e-60	223
m0388	m0268	45.2	3.99e-60	223
m0388	m0191	43.2	6.81e-60	222
m0388	m0077	44.6	6.81e-60	222
m0388	m0090	44.7	8.9e-60	221
m0388	m0294	45.3	1.16e-59	221
m0388	m0193	43.8	1.52e-59	221
m0388	m0045	45.1	2.59e-59	220
m0388	m0012	44.0	3.38e-59	220
m0388	m0247	38.6	4.42e-59	219
m0388	m0002	46.1	9.84e-59	218
m0388	m0001	43.5	1.28e-58	218
m0388	m0054	43.9	1.28e-58	218
m0388	m0306	43.4	2.86e-58	216
m0388	m0071	45.7	2.86e-58	216
m0388	m0381	44.6	4.88e-58	216
m0388	m0373	44.0	6.38e-58	215
m0388	m0339	45.9	6.38e-58	215
m0388	m0083	44.6	8.33e-58	215
m0388	m0262	41.2	1.86e-57	214
m0388	m0317	41.9	4.13e-57	213
m0388	m0011	44.3	4.13e-57	213
m0388	m0331	44.1	5.4e-57	212
m0388	m0073	44.8	7.05e-57	212
m0388	m0074	44.5	9.21e-57	211
m0388	m0124	43.7	1.2e-56	211
m0388	m0062	40.4	1.33e-55	208
m0388	m0232	42.3	1.33e-55	208
m0388	m0048	42.2	2.96e-55	206
m0388	m0086	41.5	5.05e-55	206
m0388	m0197	44.1	5.05e-55	206
m0388	m0031	43.4	5.05e-55	206
m0388	m0182	44.0	6.6e-55	205
m0388	m0378	41.7	8.62e-55	205
m0388	m0187	43.8	8.62e-55	205
m0388	m0305	42.4	1.47e-54	204
m0388	m0231	40.2	1.47e-54	204
m0388	m0149	39.2	1.92e-54	204
m0388	m0350	40.8	2.51e-54	203
m0388	m0369	42.6	5.59e-54	202
m0388	m0355	39.4	9.53e-54	201
m0388	m0252	41.9	1.24e-53	201
m0388	m0155	41.3	1.63e-53	201
m0388	m0229	43.5	2.12e-53	200
m0388	m0337	41.8	3.62e-53	200
m0388	m0069	41.4	4.73e-53	199
m0388	m0366	42.0	1.05e-52	198
m0388	m0036	41.1	1.38e-52	198
m0388	m0097	43.2	1.8e-52	197
m0388	m0248	41.5	3.07e-52	196
m0388	m0264	38.7	4e-52	196
m0388	m0386	43.4	6.83e-52	195
m0388	m0245	40.9	8.92e-52	195
m0388	m0281	40.6	1.52e-51	194
m0388	m0192	38.5	2.59e-51	193
m0388	m0163	38.4	3.39e-51	193
m0388	m0291	40.3	4.43e-51	193
m0388	m0273	40.4	5.78e-51	192
m0388	m0326	39.1	5.78e-51	192
m0388	m0249	37.3	5.78e-51	192
m0388	m0313	40.5	1.29e-50	191
m0388	m0144	41.7	1.29e-50	191
m0388	m0141	41.7	1.68e-50	191
m0388	m0352	40.0	1.68e-50	191
m0388	m0384	39.9	1.68e-50	191
m0388	m0184	37.5	2.2e-50	190
m0388	m0188	39.9	2.2e-50	190
m0388	m0101	38.5	2.87e-50	190
m0388	m0238	39.1	2.87e-50	190
m0388	m0343	40.9	3.75e-50	190
m0388	m0028	41.2	3.75e-50	190
m0388	m0348	42.9	3.75e-50	190
m0388	m0176	37.8	4.89e-50	189
m0388	m0065	38.3	4.89e-50	189
m0388	m0098	40.1	4.89e-50	189
m0388	m0130	40.9	8.35e-50	188
m0388	m0067	40.3	8.35e-50	188
m0388	m0133	39.7	1.09e-49	188
m0388	m0169	39.7	1.09e-49	188
m0388	m0341	39.7	1.09e-49	188
m0388	m0174	39.3	1.42e-49	188
m0388	m0267	39.7	3.17e-49	186
m0388	m0365	38.4	3.17e-49	186
m0388	m0158	40.6	4.14e-49	186
m0388	m0070	40.4	5.41e-49	186
m0388	m0282	38.5	7.07e-49	185
m0388	m0113	39.7	7.07e-49	185
m0388	m0066	41.6	7.07e-49	185
m0388	m0357	39.7	7.07e-49	185
m0388	m0167	37.4	1.21e-48	184
m0388	m0039	39.8	1.21e-48	184
m0388	m0371	38.6	1.57e-48	184
m0388	m0277	39.5	1.57e-48	184
m0388	m0084	36.6	1.57e-48	184
m0388	m0138	38.6	2.06e-48	184
m0388	m0194	37.1	2.06e-48	184
m0388	m0125	39.9	2.69e-48	183
m0388	m0154	38.3	2.69e-48	183
m0388	m0175	37.5	3.51e-48	183
m0388	m0227	38.2	3.51e-48	183
m0388	m0079	36.9	3.51e-48	183
m0388	m0333	38.7	4.58e-48	183
m0388	m0214	39.4	4.58e-48	183
m0388	m0095	37.3	4.58e-48	183
m0388	m0118	37.5	5.98e-48	182
m0388	m0094	39.6	5.98e-48	182
m0388	m0173	38.5	5.98e-48	182
m0388	m0172	36.4	7.81e-48	182
m0388	m0037	38.1	1.74e-47	181
m0388	m0088	38.7	2.97e-47	180
m0388	m0295	39.5	5.06e-47	179
m0388	m0338	39.1	6.61e-47	179
m0388	m0005	41.4	8.64e-47	178
m0388	m0279	33.9	1.92e-46	177
m0388	m0217	42.3	1.92e-46	177
m0388	m0205	37.4	2.51e-46	177
m0388	m0297	41.5	2.51e-46	177
m0388	m0178	38.2	2.51e-46	177
m0388	m0068	39.1	2.51e-46	177
m0388	m0296	36.5	3.28e-46	176
m0388	m0111	38.0	4.29e-46	176
m0388	m0017	36.9	4.29e-46	176
m0388	m0076	40.6	4.29e-46	176
m0388	m0322	39.8	5.6e-46	176
m0388	m0014	35.8	7.31e-46	175
m0388	m0206	36.9	1.25e-45	174
m0388	m0093	36.1	1.63e-45	174
m0388	m0198	38.8	1.63e-45	174
m0388	m0259	36.9	2.13e-45	174
m0388	m0330	38.5	2.13e-45	174
m0388	m0316	37.0	2.13e-45	174
m0388	m0379	37.0	2.13e-45	174
m0388	m0006	36.9	3.63e-45	173
m0388	m0159	39.4	3.63e-45	173
m0388	m0335	37.8	4.74e-45	173
m0388	m0161	35.7	4.74e-45	173
m0388	m0025	36.9	6.19e-45	172
m0388	m0050	35.5	8.09e-45	172
m0388	m0314	35.7	1.06e-44	171
m0388	m0096	37.2	1.06e-44	171
m0388	m0157	35.6	1.06e-44	171
m0388	m0372	39.9	2.35e-44	170
m0388	m0165	37.0	2.35e-44	170
m0388	m0183	36.5	4.01e-44	169
m0388	m0342	36.4	4.01e-44	169
m0388	m0364	35.0	4.01e-44	169
m0388	m0347	37.8	5.24e-44	169
m0388	m0244	36.5	6.84e-44	169
m0388	m0254	36.9	8.94e-44	168
m0388	m0047	36.1	1.52e-43	168
m0388	m0215	36.2	1.99e-43	167
m0388	m0216	36.7	3.4e-43	166
m0388	m0283	41.5	7.57e-43	165
m0388	m0320	36.2	7.57e-43	165
m0388	m0237	34.6	7.57e-43	165
m0388	m0023	36.1	2.2e-42	164
m0388	m0243	37.9	2.88e-42	163
m0388	m0324	35.7	1.86e-41	161
m0388	m0370	33.9	6.64e-31	126
m0388	m0274	34.0	3.3e-30	123
m0388	m0288	28.9	4.46e-27	113
m0388	m0160	32.7	7.87e-24	102
m0388	m0137	29.3	1.34e-23	101
m0388	m0185	29.6	7.36e-22	96
m0388	m0041	29.9	8.14e-21	92
m0388	m0228	30.6	1.06e-20	92
m0388	m0202	28.3	1.54e-19	88
m0388	m0292	29.1	1.7e-18	84
m0388	m0293	28.7	1.88e-17	81
m0388	m0360	26.9	4.18e-17	80
m0388	m0278	28.4	1.35e-15	75
m0388	m0122	25.4	5.65e-14	69
m0388	m0266	31.7	2.8e-13	67
m0388	m0265	30.3	1.07e-12	65
m0388	m0275	24.4	2.37e-12	64
m0388	m0219	26.3	8.44e-10	55
m0388	m0064	23.0	5.47e-09	53
m0388	m0307	21.7	1.03e-07	49
m0388	m0016	26.2	6.26e-05	39
m0388	m0108	32.2	0.000238	37
m0388	m0218	25.0	0.000904	35
m0388	m0345	28.8	0.00118	35
m0388	m0336	28.7	0.00263	34
m0388	m0119	30.1	0.0496	30
m0388	m0377	28.9	0.0846	29
m0388	m0177	28.2	0.0846	29
m0388	m0173	26.0	0.189	28
m0388	m0066	31.0	0.549	26
m0388	m0107	29.7	0.717	26
m0388	m0136	25.4	1.22	25
m0388	m0368	53.3	1.6	25
m0388	m0056	38.3	1.6	25
m0388	m0336	22.0	1.6	25
m0388	m0344	27.6	2.08	24
m0388	m0143	24.0	2.72	24
m0388	m0075	35.6	2.72	24
m0387	m0276	50.2	2.15e-86	310
m0387	m0323	46.5	1.45e-74	271
m0387	m0246	44.2	1.23e-73	268
m0387	m0087	47.9	4.36e-71	259
m0387	m0318	43.7	5.33e-69	252
m0387	m0019	45.2	1.71e-67	247
m0387	m0029	44.3	3.82e-67	246
m0387	m0190	43.0	1.45e-66	244
m0387	m0058	42.8	5.51e-66	242
m0387	m0151	45.0	7.96e-65	238
m0387	m0251	42.8	3.03e-64	236
m0387	m0287	43.6	3.95e-64	236
m0387	m0085	44.0	8.8e-64	235
m0387	m0209	42.0	1.15e-63	235
m0387	m0046	40.2	2.17e-62	230
m0387	m0009	40.9	6.31e-62	229
m0387	m0179	39.0	7.98e-57	212
m0387	m0106	41.8	5.17e-56	209
m0387	m0110	39.5	5.92e-52	196
m0387	m0222	37.2	2.1e-49	187
m0387	m0164	36.0	1.04e-48	185
m0387	m0049	37.0	3.04e-48	183
m0387	m0186	38.6	1.16e-47	181
m0387	m0354	38.6	2.57e-47	180
m0387	m0226	37.7	9.78e-47	178
m0387	m0112	35.7	1.08e-45	175
m0387	m0385	37.0	4.11e-45	173
m0387	m0358	36.9	7.01e-45	172
m0387	m0082	35.2	1.56e-44	171
m0387	m0284	31.9	2.76e-41	160
m0387	m0362	33.2	9.8e-39	152
m0387	m0105	32.6	1.56e-36	144
m0387	m0164	44.4	4.55e-36	143
m0387	m0256	35.2	3.85e-35	140
m0387	m0242	32.4	4.26e-34	136
m0387	m0135	32.0	5.76e-31	126
m0387	m0221	34.0	7.04e-29	119
m0387	m0269	34.3	1.33e-27	115
m0387	m0380	29.7	3.86e-27	113
m0387	m0207	30.7	5.05e-27	113
m0387	m0171	28.5	3.06e-24	104
m0387	m0220	27.2	2.27e-19	87
m0387	m0139	30.0	0.364	27
m0387	m0154	28.3	5.26	23
m0386	m0144	56.1	4.02e-98	349
m0386	m0245	52.6	1.13e-84	304
m0386	m0101	51.4	8.99e-82	295
m0386	m0036	51.4	2.29e-77	280
m0386	m0249	50.7	3.31e-76	276
m0386	m0384	47.6	3.1e-74	270
m0386	m0352	47.0	9.01e-74	268
m0386	m0184	47.3	4.94e-72	262
m0386	m0355	49.6	4.94e-72	262
m0386	m0109	49.1	1.1e-71	261
m0386	m0313	46.8	1.44e-71	261
m0386	m0383	51.3	2.45e-71	260
m0386	m0167	45.7	2.45e-71	260
m0386	m0067	44.1	2.45e-71	260
m0386	m0357	47.8	3.2e-71	260
m0386	m0065	43.9	7.14e-71	258
m0386	m0074	46.6	1.59e-70	257
m0386	m0120	47.9	3.54e-70	256
m0386	m0175	44.9	4.63e-70	256
m0386	m0291	44.5	6.04e-70	255
m0386	m0176	44.0	7.89e-70	255
m0386	m0095	46.5	1.03e-69	255
m0386	m0079	44.6	1.03e-69	255
m0386	m0272	48.9	2.3e-69	253
m0386	m0264	46.2	3e-69	253
m0386	m0141	48.4	3.92e-69	253
m0386	m0037	42.4	1.49e-68	251
m0386	m0194	43.4	4.33e-68	249
m0386	m0103	47.9	5.66e-68	249
m0386	m0230	48.6	7.39e-68	248
m0386	m0314	45.4	9.65e-68	248
m0386	m0317	44.5	2.81e-67	247
m0386	m0031	45.4	2.81e-67	247
m0386	m0233	47.1	8.17e-67	245
m0386	m0331	48.3	3.1e-66	243
m0386	m0045	46.2	6.91e-66	242
m0386	m0083	45.2	6.91e-66	242
m0386	m0028	43.5	1.18e-65	241
m0386	m0311	47.6	2.01e-65	240
m0386	m0339	45.9	4.48e-65	239
m0386	m0306	45.1	9.98e-65	238
m0386	m0166	44.4	2.22e-64	237
m0386	m0134	47.5	3.79e-64	236
m0386	m0229	46.0	4.95e-64	236
m0386	m0001	45.4	6.47e-64	235
m0386	m0319	46.4	6.47e-64	235
m0386	m0131	45.1	8.45e-64	235
m0386	m0123	45.6	8.45e-64	235
m0386	m0191	46.5	1.1e-63	235
m0386	m0299	46.9	1.44e-63	234
m0386	m0193	44.7	1.88e-63	234
m0386	m0334	46.1	3.21e-63	233
m0386	m0247	42.7	5.48e-63	232
m0386	m0012	44.7	9.34e-63	231
m0386	m0381	43.7	1.22e-62	231
m0386	m0168	43.2	1.22e-62	231
m0386	m0011	46.9	1.59e-62	231
m0386	m0002	46.9	2.08e-62	230
m0386	m0234	46.4	2.08e-62	230
m0386	m0077	46.5	2.72e-62	230
m0386	m0155	44.4	4.64e-62	229
m0386	m0124	43.4	4.64e-62	229
m0386	m0043	43.9	7.91e-62	228
m0386	m0373	46.1	1.35e-61	228
m0386	m0232	43.3	1.35e-61	228
m0386	m0062	44.6	1.76e-61	227
m0386	m0348	44.9	3.01e-61	226
m0386	m0054	46.5	3.93e-61	226
m0386	m0378	45.7	1.14e-60	225
m0386	m0086	44.6	1.49e-60	224
m0386	m0097	42.7	1.95e-60	224
m0386	m0235	45.1	1.95e-60	224
m0386	m0268	44.5	5.67e-60	222
m0386	m0187	44.0	9.67e-60	221
m0386	m0073	45.5	2.15e-59	220
m0386	m0231	43.7	1.4e-58	218
m0386	m0369	41.3	5.31e-58	216
m0386	m0262	43.8	6.93e-58	215
m0386	m0346	44.4	2.63e-57	213
m0386	m0048	42.4	3.44e-57	213
m0386	m0366	41.3	5.87e-57	212
m0386	m0063	41.0	2.23e-56	210
m0386	m0305	41.4	2.91e-56	210
m0386	m0343	43.3	1.89e-55	207
m0386	m0192	40.5	3.22e-55	206
m0386	m0033	40.8	4.2e-55	206
m0386	m0098	42.8	7.17e-55	205
m0386	m0090	40.9	3.56e-54	203
m0386	m0237	44.6	4.65e-54	203
m0386	m0197	40.6	7.93e-54	202
m0386	m0182	39.5	1.04e-53	201
m0386	m0294	43.5	1.77e-53	201
m0386	m0069	38.8	2.31e-53	200
m0386	m0273	39.3	3.01e-53	200
m0386	m0338	42.0	3.94e-53	200
m0386	m0149	38.4	3.94e-53	200
m0386	m0118	40.1	6.71e-53	199
m0386	m0084	38.2	8.77e-53	198
m0386	m0071	42.1	8.77e-53	198
m0386	m0267	40.7	8.77e-53	198
m0386	m0227	42.0	1.5e-52	198
m0386	m0133	41.8	1.5e-52	198
m0386	m0252	40.8	2.55e-52	197
m0386	m0198	42.1	4.35e-52	196
m0386	m0296	41.4	4.35e-52	196
m0386	m0125	39.8	5.68e-52	196
m0386	m0158	40.8	7.42e-52	195
m0386	m0337	42.1	2.82e-51	193
m0386	m0326	40.8	3.68e-51	193
m0386	m0165	42.4	3.68e-51	193
m0386	m0365	39.9	3.68e-51	193
m0386	m0017	40.3	4.81e-51	193
m0386	m0111	41.4	8.21e-51	192
m0386	m0088	42.3	1.07e-50	191
m0386	m0206	38.6	1.07e-50	191
m0386	m0243	42.0	1.07e-50	191
m0386	m0238	44.1	1.07e-50	191
m0386	m0217	43.2	1.4e-50	191
m0386	m0066	41.0	1.83e-50	191
m0386	m0068	42.0	2.39e-50	190
m0386	m0282	40.5	2.39e-50	190
m0386	m0113	40.3	3.12e-50	190
m0386	m0333	40.5	4.07e-50	190
m0386	m0215	39.3	4.07e-50	190
m0386	m0169	40.7	1.18e-49	188
m0386	m0005	38.6	1.18e-49	188
m0386	m0178	41.6	1.55e-49	188
m0386	m0295	42.5	2.02e-49	187
m0386	m0014	41.6	2.64e-49	187
m0386	m0371	41.4	2.64e-49	187
m0386	m0248	42.1	2.64e-49	187
m0386	m0104	43.3	3.45e-49	186
m0386	m0281	41.5	3.45e-49	186
m0386	m0341	39.2	4.5e-49	186
m0386	m0330	40.1	4.5e-49	186
m0386	m0347	39.3	5.88e-49	186
m0386	m0364	41.1	7.68e-49	185
m0386	m0070	38.4	7.68e-49	185
m0386	m0093	42.2	1e-48	185
m0386	m0372	37.7	1.31e-48	184
m0386	m0277	38.9	1.31e-48	184
m0386	m0174	42.3	1.71e-48	184
m0386	m0322	41.2	2.23e-48	184
m0386	m0050	38.2	3.81e-48	183
m0386	m0094	42.0	4.98e-48	183
m0386	m0173	39.0	6.5e-48	182
m0386	m0163	41.7	6.5e-48	182
m0386	m0047	37.1	8.49e-48	182
m0386	m0316	38.0	8.49e-48	182
m0386	m0161	39.9	1.11e-47	181
m0386	m0162	39.4	1.45e-47	181
m0386	m0040	39.8	1.45e-47	181
m0386	m0350	39.4	1.89e-47	181
m0386	m0214	39.6	1.89e-47	181
m0386	m0039	40.4	2.47e-47	180
m0386	m0154	39.7	2.47e-47	180
m0386	m0170	38.9	3.23e-47	180
m0386	m0159	39.1	4.21e-47	179
m0386	m0172	41.3	5.5e-47	179
m0386	m0279	40.2	5.5e-47	179
m0386	m0138	39.3	9.39e-47	178
m0386	m0102	40.3	9.39e-47	178
m0386	m0285	39.5	9.39e-47	178
m0386	m0254	39.4	9.39e-47	178
m0386	m0379	37.5	9.39e-47	178
m0386	m0283	40.9	1.23e-46	178
m0386	m0096	37.5	1.23e-46	178
m0386	m0130	39.4	1.23e-46	178
m0386	m0335	38.7	1.6e-46	178
m0386	m0157	36.8	1.6e-46	178
m0386	m0324	36.4	2.09e-46	177
m0386	m0188	38.6	3.57e-46	176
m0386	m0216	37.5	3.57e-46	176
m0386	m0023	39.8	3.57e-46	176
m0386	m0076	41.3	3.57e-46	176
m0386	m0342	36.7	4.66e-46	176
m0386	m0297	39.8	7.95e-46	175
m0386	m0006	39.3	1.36e-45	174
m0386	m0183	39.2	2.31e-45	174
m0386	m0259	38.2	3.02e-45	173
m0386	m0025	38.7	6.73e-45	172
m0386	m0320	36.2	1.15e-44	171
m0386	m0210	39.6	2.56e-44	170
m0386	m0128	40.2	7.44e-44	169
m0386	m0051	36.6	2.16e-43	167
m0386	m0244	38.1	2.83e-43	167
m0386	m0205	37.3	3.69e-43	166
m0386	m0160	35.8	4.51e-41	159
m0386	m0370	33.2	4.67e-38	149
m0386	m0274	32.6	5.34e-34	136
m0386	m0137	31.7	5.34e-34	136
m0386	m0288	30.0	1.66e-27	114
m0386	m0360	27.3	3.36e-20	90
m0386	m0293	26.5	7.49e-20	89
m0386	m0202	25.3	1.67e-19	88
m0386	m0185	28.7	3.85e-16	77
m0386	m0275	23.2	3.26e-15	74
m0386	m0228	28.0	3.98e-13	67
m0386	m0292	26.0	6.36e-11	59
m0386	m0266	29.8	1.57e-09	55
m0386	m0041	26.1	1.01e-08	52
m0386	m0219	29.5	1.47e-07	48
m0386	m0064	27.6	1.91e-07	48
m0386	m0016	28.3	6.81e-05	39
m0386	m0186	25.3	0.0185	31
m0386	m0345	26.5	0.0242	31
m0386	m0143	25.4	0.0242	31
m0386	m0148	21.9	0.0413	30
m0386	m0026	29.2	0.0539	30
m0386	m0082	25.6	0.0539	30
m0386	m0226	26.6	0.092	29
m0386	m0271	90.0	0.12	28
m0386	m0041	29.3	0.268	27
m0386	m0208	41.9	0.35	27
m0386	m0099	100.0	0.457	27
m0386	m0114	100.0	0.457	27
m0386	m0263	60.0	0.457	27
m0386	m0345	100.0	0.457	27
m0386	m0218	100.0	0.457	27
m0386	m0030	100.0	0.457	27
m0386	m0377	56.2	0.457	27
m0386	m0266	100.0	0.457	27
m0386	m0224	100.0	0.457	27
m0386	m0218	26.8	8.61	22
m0385	m0318	37.4	7.9e-49	185
m0385	m0190	35.7	5.66e-47	179
m0385	m0323	36.2	5.3e-45	173
m0385	m0276	35.0	2.23e-43	167
m0385	m0106	38.7	2.91e-43	167
m0385	m0009	33.9	5.48e-42	163
m0385	m0046	33.8	1.76e-40	158
m0385	m0251	34.4	2.55e-39	154
m0385	m0112	35.8	5.68e-39	153
m0385	m0151	35.2	1.65e-38	151
m0385	m0058	35.7	4.8e-38	149
m0385	m0358	34.8	1.4e-37	148
m0385	m0209	35.4	1.83e-37	148
m0385	m0246	32.4	5.31e-37	146
m0385	m0110	35.1	1e-35	142
m0385	m0226	35.4	2.23e-35	141
m0385	m0085	32.6	8.48e-35	139
m0385	m0019	33.2	1.11e-34	138
m0385	m0029	33.7	4.21e-34	136
m0385	m0087	32.6	7.18e-34	136
m0385	m0082	33.5	1.6e-33	134
m0385	m0256	35.6	1.6e-33	134
m0385	m0186	34.4	1.77e-32	131
m0385	m0362	31.8	1.77e-32	131
m0385	m0287	31.8	3.02e-32	130
m0385	m0105	31.9	1.5e-31	128
m0385	m0354	32.3	5.69e-31	126
m0385	m0207	31.6	2.39e-29	121
m0385	m0222	30.9	5.32e-29	119
m0385	m0049	31.4	1.55e-28	118
m0385	m0179	29.3	2.92e-27	114
m0385	m0242	32.0	2.09e-25	107
m0385	m0135	34.1	2.73e-25	107
m0385	m0380	30.7	2.73e-25	107
m0385	m0171	29.7	4.66e-25	106
m0385	m0221	33.5	4.66e-25	106
m0385	m0269	31.1	7.96e-25	106
m0385	m0220	30.7	6.74e-24	102
m0385	m0164	35.6	4.83e-22	96
m0385	m0284	32.7	4.23e-18	83
m0385	m0164	32.3	4.85e-06	43
m0385	m0284	24.5	3.14e-05	40
m0385	m0338	42.9	0.36	27
m0385	m0330	40.0	1.78	25
m0385	m0237	40.0	1.78	25
m0385	m0254	37.1	3.98	23
m0385	m0006	37.1	3.98	23
m0385	m0206	34.3	5.19	23
m0385	m0247	21.1	5.19	23
m0385	m0320	21.9	5.19	23
m0385	m0324	28.6	6.78	23
m0385	m0096	34.3	6.78	23
m0385	m0279	29.7	8.86	22
m0385	m0157	34.3	8.86	22
m0385	m0316	34.3	8.86	22
m0385	m0050	34.3	8.86	22
m0384	m0037	62.8	1.27e-112	397
m0384	m0352	63.2	6.94e-111	391
m0384	m0313	61.1	1.11e-108	384
m0384	m0176	61.2	1.89e-108	383
m0384	m0067	61.1	1.23e-107	381
m0384	m0291	59.2	3.94e-106	376
m0384	m0036	61.8	6.29e-104	368
m0384	m0249	62.1	1.83e-103	367
m0384	m0065	59.4	2.02e-102	363
m0384	m0357	56.0	6.51e-101	358
m0384	m0184	58.8	4.67e-99	352
m0384	m0079	55.9	6.1e-99	352
m0384	m0095	57.9	7.96e-99	351
m0384	m0194	56.2	7.96e-99	351
m0384	m0314	59.1	1.5e-97	347
m0384	m0175	55.1	9.73e-97	344
m0384	m0167	56.1	2.17e-96	343
m0384	m0028	51.2	6.99e-87	312
m0384	m0144	55.9	2.03e-86	310
m0384	m0101	49.7	7.75e-78	282
m0384	m0245	47.3	1.73e-77	280
m0384	m0355	53.2	2.11e-75	273
m0384	m0074	49.7	4.7e-75	272
m0384	m0031	47.2	4.7e-75	272
m0384	m0077	55.0	2.85e-72	263
m0384	m0001	45.0	1.56e-70	257
m0384	m0383	44.0	1.56e-70	257
m0384	m0191	54.2	2.04e-70	257
m0384	m0131	46.4	3.49e-70	256
m0384	m0319	47.9	5.95e-70	255
m0384	m0331	49.1	1.01e-69	255
m0384	m0011	46.1	1.01e-69	255
m0384	m0264	48.5	1.01e-69	255
m0384	m0268	48.1	1.73e-69	254
m0384	m0109	45.1	2.26e-69	253
m0384	m0311	46.6	5.03e-69	252
m0384	m0120	46.6	6.57e-69	252
m0384	m0306	49.5	1.46e-68	251
m0384	m0193	45.8	3.26e-68	250
m0384	m0083	44.8	3.26e-68	250
m0384	m0233	45.9	5.57e-68	249
m0384	m0045	45.5	5.57e-68	249
m0384	m0168	48.1	1.24e-67	248
m0384	m0317	45.2	2.11e-67	247
m0384	m0103	45.0	3.61e-67	246
m0384	m0232	43.1	6.15e-67	245
m0384	m0187	47.6	6.15e-67	245
m0384	m0262	46.3	8.04e-67	245
m0384	m0272	43.5	1.37e-66	244
m0384	m0299	46.2	2.34e-66	243
m0384	m0247	43.3	5.21e-66	242
m0384	m0334	45.6	6.8e-66	242
m0384	m0062	43.9	6.8e-66	242
m0384	m0123	47.9	8.89e-66	242
m0384	m0230	42.6	1.16e-65	241
m0384	m0378	44.6	1.16e-65	241
m0384	m0339	43.9	1.52e-65	241
m0384	m0124	42.5	4.41e-65	239
m0384	m0134	43.5	5.76e-65	239
m0384	m0234	43.9	5.76e-65	239
m0384	m0235	44.2	2.86e-64	236
m0384	m0229	45.5	2.86e-64	236
m0384	m0002	45.7	3.73e-64	236
m0384	m0149	42.8	7.04e-63	232
m0384	m0012	40.7	1.2e-62	231
m0384	m0043	43.6	1.02e-61	228
m0384	m0063	43.4	5.05e-61	226
m0384	m0346	46.4	8.61e-61	225
m0384	m0141	43.4	1.12e-60	225
m0384	m0381	43.2	1.92e-60	224
m0384	m0231	41.1	3.27e-60	223
m0384	m0166	40.3	7.29e-60	222
m0384	m0054	41.2	1.24e-59	221
m0384	m0033	40.6	2.77e-59	220
m0384	m0373	42.3	2.77e-59	220
m0384	m0369	41.5	4.72e-59	219
m0384	m0337	46.9	6.17e-59	219
m0384	m0252	42.9	1.37e-58	218
m0384	m0086	44.9	1.79e-58	217
m0384	m0069	39.3	8.91e-58	215
m0384	m0192	40.5	5.77e-57	212
m0384	m0366	39.7	9.85e-57	211
m0384	m0165	43.1	9.85e-57	211
m0384	m0155	43.2	1.29e-56	211
m0384	m0243	42.4	1.29e-56	211
m0384	m0197	40.2	1.68e-56	211
m0384	m0365	42.0	2.87e-56	210
m0384	m0073	40.3	4.89e-56	209
m0384	m0084	37.9	6.38e-56	209
m0384	m0048	42.3	1.42e-55	208
m0384	m0162	41.8	2.43e-55	207
m0384	m0090	39.9	4.14e-55	206
m0384	m0097	41.1	4.14e-55	206
m0384	m0305	39.0	9.22e-55	205
m0384	m0348	40.5	9.22e-55	205
m0384	m0071	43.1	4.57e-54	203
m0384	m0070	40.8	4.57e-54	203
m0384	m0098	37.7	2.27e-53	200
m0384	m0273	40.0	3.87e-53	200
m0384	m0040	39.9	3.28e-52	196
m0384	m0111	39.7	3.28e-52	196
m0384	m0170	39.9	3.28e-52	196
m0384	m0066	39.0	5.59e-52	196
m0384	m0104	42.4	9.54e-52	195
m0384	m0118	38.1	1.25e-51	195
m0384	m0326	39.1	1.63e-51	194
m0384	m0343	42.7	4.73e-51	193
m0384	m0051	39.2	4.73e-51	193
m0384	m0198	41.3	8.07e-51	192
m0384	m0182	38.3	1.05e-50	191
m0384	m0294	41.5	1.05e-50	191
m0384	m0372	41.1	1.8e-50	191
m0384	m0125	40.2	1.52e-49	188
m0384	m0283	41.6	7.56e-49	185
m0384	m0133	37.3	7.56e-49	185
m0384	m0102	38.0	7.56e-49	185
m0384	m0014	37.5	2.2e-48	184
m0384	m0096	37.9	2.2e-48	184
m0384	m0158	38.2	2.87e-48	183
m0384	m0267	39.6	2.87e-48	183
m0384	m0161	36.9	2.87e-48	183
m0384	m0316	39.4	3.75e-48	183
m0384	m0347	40.2	4.9e-48	183
m0384	m0050	36.1	8.36e-48	182
m0384	m0254	37.2	1.43e-47	181
m0384	m0068	36.6	1.43e-47	181
m0384	m0342	39.0	1.86e-47	181
m0384	m0206	37.8	2.43e-47	180
m0384	m0006	39.0	2.43e-47	180
m0384	m0017	37.7	2.43e-47	180
m0384	m0296	36.7	2.43e-47	180
m0384	m0214	38.5	9.24e-47	178
m0384	m0248	38.9	9.24e-47	178
m0384	m0183	39.5	9.24e-47	178
m0384	m0157	38.7	1.21e-46	178
m0384	m0379	36.3	2.06e-46	177
m0384	m0005	38.9	2.06e-46	177
m0384	m0093	38.7	2.69e-46	177
m0384	m0088	37.5	2.69e-46	177
m0384	m0216	36.5	2.69e-46	177
m0384	m0324	36.5	3.51e-46	176
m0384	m0335	38.3	3.51e-46	176
m0384	m0259	39.1	3.51e-46	176
m0384	m0371	39.5	4.58e-46	176
m0384	m0047	38.7	4.58e-46	176
m0384	m0113	39.1	5.99e-46	176
m0384	m0274	39.3	5.99e-46	176
m0384	m0188	36.7	7.82e-46	175
m0384	m0350	35.6	1.02e-45	175
m0384	m0178	40.4	1.74e-45	174
m0384	m0023	37.9	1.74e-45	174
m0384	m0238	39.6	1.74e-45	174
m0384	m0128	39.1	2.97e-45	173
m0384	m0173	36.7	2.97e-45	173
m0384	m0364	35.6	3.88e-45	173
m0384	m0237	38.2	3.88e-45	173
m0384	m0370	39.8	6.62e-45	172
m0384	m0154	35.9	6.62e-45	172
m0384	m0163	37.7	6.62e-45	172
m0384	m0094	36.7	1.13e-44	171
m0384	m0210	35.8	1.13e-44	171
m0384	m0277	36.1	1.13e-44	171
m0384	m0279	35.7	1.13e-44	171
m0384	m0281	38.7	1.93e-44	171
m0384	m0215	37.3	2.52e-44	170
m0384	m0338	38.1	3.29e-44	170
m0384	m0174	38.5	4.29e-44	169
m0384	m0282	36.0	5.6e-44	169
m0384	m0320	35.6	7.32e-44	169
m0384	m0172	36.8	1.63e-43	168
m0384	m0322	39.4	2.13e-43	167
m0384	m0244	36.4	2.78e-43	167
m0384	m0159	36.5	4.74e-43	166
m0384	m0025	35.2	8.09e-43	165
m0384	m0285	34.9	1.06e-42	165
m0384	m0130	36.7	1.06e-42	165
m0384	m0297	36.7	1.06e-42	165
m0384	m0333	34.6	1.8e-42	164
m0384	m0039	39.0	2.35e-42	164
m0384	m0138	37.8	2.35e-42	164
m0384	m0169	36.5	4.02e-42	163
m0384	m0330	39.1	6.85e-42	162
m0384	m0341	35.4	6.85e-42	162
m0384	m0227	37.6	8.95e-42	162
m0384	m0205	38.7	1.53e-41	161
m0384	m0217	38.9	1.53e-41	161
m0384	m0076	39.2	1.53e-41	161
m0384	m0295	38.0	1.99e-41	161
m0384	m0137	33.0	6.64e-37	146
m0384	m0160	34.9	6.21e-35	139
m0384	m0288	32.9	1.81e-34	138
m0384	m0202	28.8	3.65e-27	113
m0384	m0293	25.7	1.53e-25	108
m0384	m0360	25.4	1.53e-25	108
m0384	m0185	26.5	1.18e-17	82
m0384	m0041	27.1	2.45e-15	74
m0384	m0275	26.3	4.19e-15	73
m0384	m0292	28.4	3.54e-14	70
m0384	m0278	25.9	6.04e-14	69
m0384	m0228	27.0	9.65e-12	62
m0384	m0219	28.7	3.79e-08	50
m0384	m0016	25.0	1.44e-07	48
m0384	m0377	26.4	3.55e-06	44
m0384	m0064	23.2	6.06e-06	43
m0384	m0219	24.7	3.93e-05	40
m0384	m0177	28.7	0.00215	34
m0384	m0345	25.0	0.014	32
m0384	m0218	22.3	0.154	28
m0384	m0016	22.1	0.202	28
m0384	m0129	25.2	0.263	27
m0384	m0056	25.0	0.344	27
m0384	m0173	35.9	0.449	27
m0384	m0152	29.9	1	25
m0384	m0099	41.7	1.31	25
m0383	m0346	63.9	6.95e-105	371
m0383	m0233	60.9	2.73e-101	359
m0383	m0230	62.6	1.4e-97	347
m0383	m0045	61.7	1.31e-95	341
m0383	m0272	61.0	1.31e-95	341
m0383	m0331	62.7	2.24e-95	340
m0383	m0083	62.0	2.24e-95	340
m0383	m0001	57.7	8.52e-95	338
m0383	m0187	61.0	8.52e-95	338
m0383	m0317	60.5	9.42e-94	334
m0383	m0306	58.9	1.61e-93	334
m0383	m0339	58.7	3.58e-93	332
m0383	m0381	59.1	1.04e-92	331
m0383	m0131	60.4	1.36e-92	330
m0383	m0247	58.5	3.03e-92	329
m0383	m0334	59.9	5.17e-92	329
m0383	m0168	60.5	8.82e-92	328
m0383	m0071	58.1	1.15e-91	327
m0383	m0235	59.6	1.5e-91	327
m0383	m0193	58.5	3.35e-91	326
m0383	m0299	58.9	2.17e-90	323
m0383	m0319	55.4	2.84e-90	323
m0383	m0103	59.1	8.25e-90	321
m0383	m0378	59.1	3.14e-89	319
m0383	m0232	58.2	5.35e-89	319
m0383	m0311	60.3	9.12e-89	318
m0383	m0262	55.0	1.19e-88	317
m0383	m0120	58.7	2.03e-88	317
m0383	m0134	57.2	3.47e-88	316
m0383	m0234	56.8	1.01e-87	314
m0383	m0123	59.4	2.25e-87	313
m0383	m0043	56.9	2.93e-87	313
m0383	m0141	58.3	5.01e-87	312
m0383	m0144	54.9	6.54e-87	312
m0383	m0012	57.1	1.9e-86	310
m0383	m0002	58.8	4.24e-86	309
m0383	m0109	56.5	5.53e-86	309
m0383	m0149	54.8	9.44e-86	308
m0383	m0124	56.4	1.23e-85	307
m0383	m0229	55.6	1.61e-85	307
m0383	m0062	52.3	7.99e-85	305
m0383	m0063	56.5	7.99e-85	305
m0383	m0054	57.6	1.78e-84	304
m0383	m0245	54.7	3.97e-84	302
m0383	m0166	54.7	5.18e-84	302
m0383	m0086	54.2	6.77e-84	302
m0383	m0373	54.0	1.97e-83	300
m0383	m0101	52.6	2.57e-83	300
m0383	m0011	53.1	9.77e-83	298
m0383	m0252	53.2	2.66e-80	290
m0383	m0231	50.8	2.25e-79	287
m0383	m0067	49.3	1.46e-78	284
m0383	m0104	53.4	2.49e-78	283
m0383	m0162	52.0	4.25e-78	282
m0383	m0074	50.2	5.55e-78	282
m0383	m0365	50.7	7.25e-78	282
m0383	m0355	52.2	3.6e-77	279
m0383	m0352	48.1	8.01e-77	278
m0383	m0192	49.8	1.37e-76	277
m0383	m0313	48.8	1.78e-76	277
m0383	m0268	50.6	3.04e-76	276
m0383	m0051	52.4	3.98e-76	276
m0383	m0264	51.4	8.86e-76	275
m0383	m0031	48.4	8.86e-76	275
m0383	m0097	48.8	1.16e-75	274
m0383	m0090	51.0	2.58e-75	273
m0383	m0170	54.3	4.4e-75	272
m0383	m0291	49.0	5.74e-75	272
m0383	m0294	49.6	5.74e-75	272
m0383	m0040	52.7	5.74e-75	272
m0383	m0118	50.4	7.5e-75	272
m0383	m0084	47.9	1.67e-74	270
m0383	m0037	47.5	1.67e-74	270
m0383	m0155	49.8	6.35e-74	268
m0383	m0070	48.6	1.41e-73	267
m0383	m0065	46.5	9.17e-73	265
m0383	m0305	50.4	1.56e-72	264
m0383	m0176	45.9	2.67e-72	263
m0383	m0357	51.3	7.76e-72	262
m0383	m0249	50.0	1.73e-71	260
m0383	m0348	47.3	2.95e-71	260
m0383	m0197	48.3	2.95e-71	260
m0383	m0273	47.9	2.95e-71	260
m0383	m0036	50.6	6.57e-71	258
m0383	m0191	48.6	5.56e-70	255
m0383	m0095	45.1	2.76e-69	253
m0383	m0069	48.1	3.6e-69	253
m0383	m0048	47.4	3.6e-69	253
m0383	m0077	48.9	3.6e-69	253
m0383	m0175	44.8	3.05e-68	250
m0383	m0184	44.6	5.2e-68	249
m0383	m0098	47.4	6.8e-68	248
m0383	m0102	45.1	2.58e-67	247
m0383	m0314	45.5	5.75e-67	245
m0383	m0073	46.0	5.75e-67	245
m0383	m0033	46.9	7.52e-67	245
m0383	m0079	44.4	9.81e-67	245
m0383	m0167	43.2	2.19e-66	243
m0383	m0366	45.0	2.19e-66	243
m0383	m0285	45.3	1.09e-65	241
m0383	m0182	47.7	1.42e-65	241
m0383	m0267	47.8	2.42e-65	240
m0383	m0248	48.6	3.16e-65	240
m0383	m0326	46.5	4.12e-65	239
m0383	m0281	46.8	5.39e-65	239
m0383	m0369	44.9	9.19e-65	238
m0383	m0194	41.7	1.2e-64	238
m0383	m0243	47.5	1.2e-64	238
m0383	m0125	46.8	1.57e-64	237
m0383	m0333	46.3	2.05e-64	237
m0383	m0296	48.4	2.05e-64	237
m0383	m0174	46.6	2.67e-64	236
m0383	m0295	47.0	3.49e-64	236
m0383	m0364	48.2	3.49e-64	236
m0383	m0133	46.6	4.56e-64	236
m0383	m0347	48.3	4.56e-64	236
m0383	m0210	46.0	5.95e-64	235
m0383	m0214	49.6	5.95e-64	235
m0383	m0206	47.9	7.78e-64	235
m0383	m0215	47.2	7.78e-64	235
m0383	m0324	48.6	1.02e-63	235
m0383	m0188	46.6	1.02e-63	235
m0383	m0259	48.0	1.02e-63	235
m0383	m0130	46.3	1.33e-63	234
m0383	m0238	46.0	1.73e-63	234
m0383	m0088	47.5	2.96e-63	233
m0383	m0183	48.9	3.86e-63	233
m0383	m0017	46.6	3.86e-63	233
m0383	m0028	44.9	5.04e-63	232
m0383	m0316	48.2	6.58e-63	232
m0383	m0093	47.9	6.58e-63	232
m0383	m0330	47.4	1.12e-62	231
m0383	m0337	44.6	1.12e-62	231
m0383	m0335	47.2	1.12e-62	231
m0383	m0254	47.6	1.92e-62	230
m0383	m0379	47.9	2.5e-62	230
m0383	m0350	45.7	3.27e-62	230
m0383	m0096	48.6	3.27e-62	230
m0383	m0006	48.6	5.57e-62	229
m0383	m0047	47.2	5.57e-62	229
m0383	m0371	47.0	5.57e-62	229
m0383	m0343	45.7	7.28e-62	228
m0383	m0338	46.9	7.28e-62	228
m0383	m0342	47.6	1.24e-61	228
m0383	m0178	46.4	1.24e-61	228
m0383	m0216	47.2	1.62e-61	227
m0383	m0169	44.8	2.12e-61	227
m0383	m0163	45.7	2.77e-61	226
m0383	m0023	46.8	3.61e-61	226
m0383	m0050	46.8	3.61e-61	226
m0383	m0076	49.4	3.61e-61	226
m0383	m0157	46.8	4.72e-61	226
m0383	m0138	44.3	4.72e-61	226
m0383	m0297	45.9	6.16e-61	225
m0383	m0014	46.8	6.16e-61	225
m0383	m0173	45.7	8.05e-61	225
m0383	m0282	46.9	1.37e-60	224
m0383	m0066	44.0	2.34e-60	223
m0383	m0128	46.7	2.34e-60	223
m0383	m0111	47.2	3.99e-60	223
m0383	m0154	46.5	3.99e-60	223
m0383	m0279	48.5	5.22e-60	222
m0383	m0025	44.0	2.59e-59	220
m0383	m0161	45.6	2.59e-59	220
m0383	m0068	46.3	2.59e-59	220
m0383	m0277	48.0	4.42e-59	219
m0383	m0244	44.1	9.84e-59	218
m0383	m0172	43.6	2.19e-58	217
m0383	m0341	42.9	3.74e-58	216
m0383	m0113	45.3	4.88e-58	216
m0383	m0227	46.2	3.16e-57	213
m0383	m0159	42.3	1.2e-56	211
m0383	m0158	42.6	1.2e-56	211
m0383	m0217	47.6	1.2e-56	211
m0383	m0039	45.6	2.68e-56	210
m0383	m0237	45.1	3.5e-56	210
m0383	m0322	45.5	3.5e-56	210
m0383	m0198	41.1	5.97e-56	209
m0383	m0094	46.6	2.96e-55	206
m0383	m0283	46.3	9.53e-54	201
m0383	m0320	40.5	4e-52	196
m0383	m0205	41.2	2.59e-51	193
m0383	m0165	39.8	5.98e-48	182
m0383	m0005	37.8	5.98e-48	182
m0383	m0372	35.5	1.47e-46	178
m0383	m0370	33.2	2.7e-32	130
m0383	m0274	32.7	1.34e-31	128
m0383	m0288	29.2	1.75e-31	127
m0383	m0160	32.5	3.3e-30	123
m0383	m0137	32.2	6.22e-29	119
m0383	m0293	28.8	2.89e-26	110
m0383	m0202	27.9	1.03e-23	102
m0383	m0360	25.9	1.48e-22	98
m0383	m0185	29.2	3.31e-22	97
m0383	m0228	25.1	9.95e-19	85
m0383	m0064	26.5	1.59e-16	78
m0383	m0266	29.5	6.04e-16	76
m0383	m0292	24.5	1.14e-14	72
m0383	m0041	24.5	3.31e-14	70
m0383	m0122	24.4	4.33e-14	70
m0383	m0278	25.4	4.33e-14	70
m0383	m0275	24.1	9.64e-14	69
m0383	m0219	31.8	1.88e-09	54
m0383	m0307	23.1	2.3e-07	47
m0383	m0265	22.3	6.69e-07	46
m0383	m0218	24.4	3.32e-06	44
m0383	m0016	25.7	7.4e-06	42
m0383	m0255	25.4	0.000107	39
m0383	m0344	37.5	0.000238	37
m0383	m0377	26.9	0.00053	36
m0383	m0345	26.1	0.00154	35
m0383	m0136	23.9	0.00201	34
m0383	m0327	22.8	0.00344	33
m0383	m0345	27.7	0.00344	33
m0383	m0060	24.7	0.01	32
m0383	m0177	25.5	0.0131	32
m0383	m0026	22.6	0.0223	31
m0383	m0099	25.0	0.0291	30
m0383	m0129	26.1	0.0291	30
m0383	m0053	26.8	0.0648	29
m0383	m0121	25.8	0.144	28
m0383	m0056	27.5	0.322	27
m0383	m0368	44.2	1.22	25
m0383	m0007	22.2	1.22	25
m0383	m0196	28.4	1.6	25
m0383	m0212	31.5	2.08	24
m0383	m0378	26.0	6.07	23
m0382	m0367	88.0	2.05e-208	716
m0382	m0032	36.4	0.0517	30
m0382	m0309	32.6	0.115	29
m0382	m0032	31.1	3.71	24
m0382	m0150	35.0	8.26	23
m0381	m0306	70.1	5.45e-118	415
m0381	m0229	76.1	2.29e-116	409
m0381	m0247	72.1	1.14e-115	407
m0381	m0230	69.4	2e-112	396
m0381	m0193	68.2	1.7e-111	393
m0381	m0233	68.8	1.7e-111	393
m0381	m0001	68.3	1.1e-110	391
m0381	m0272	68.7	2.07e-109	386
m0381	m0334	66.1	6.24e-106	375
m0381	m0339	64.3	5.85e-104	368
m0381	m0168	63.3	6.46e-103	365
m0381	m0166	62.2	1.88e-102	363
m0381	m0232	65.0	9.33e-102	361
m0381	m0299	60.6	2.08e-101	360
m0381	m0294	62.2	2.08e-101	360
m0381	m0141	68.6	4.63e-101	359
m0381	m0123	63.9	1.35e-100	357
m0381	m0311	62.2	3e-100	356
m0381	m0378	63.5	3.92e-100	356
m0381	m0187	67.9	6.69e-100	355
m0381	m0235	62.8	1.14e-99	354
m0381	m0124	61.3	3.32e-99	352
m0381	m0012	63.3	4.33e-99	352
m0381	m0103	61.3	5.66e-99	352
m0381	m0086	60.2	7.39e-99	351
m0381	m0134	63.3	3.67e-98	349
m0381	m0262	61.5	3.11e-97	346
m0381	m0045	63.9	5.86e-96	342
m0381	m0155	58.8	1.7e-95	340
m0381	m0317	58.6	5.48e-94	335
m0381	m0131	59.1	7.16e-94	335
m0381	m0234	59.9	9.35e-94	334
m0381	m0319	58.3	2.08e-93	333
m0381	m0002	62.7	4.64e-93	332
m0381	m0069	59.7	4.64e-93	332
m0381	m0062	61.7	1.03e-92	331
m0381	m0331	61.8	1.35e-92	330
m0381	m0083	58.7	2.3e-92	330
m0381	m0054	57.7	5.13e-92	329
m0381	m0011	59.0	8.75e-92	328
m0381	m0305	57.1	3.33e-91	326
m0381	m0197	56.8	1.26e-90	324
m0381	m0268	61.2	1.07e-89	321
m0381	m0231	55.5	1.07e-89	321
m0381	m0373	55.6	2.91e-87	313
m0381	m0048	55.5	1.11e-86	311
m0381	m0090	55.6	2.47e-86	310
m0381	m0348	55.5	3.22e-86	309
m0381	m0366	52.9	3.94e-84	302
m0381	m0118	53.7	7.43e-83	298
m0381	m0245	52.4	1.27e-82	297
m0381	m0369	51.4	2.82e-82	296
m0381	m0109	53.3	2.82e-82	296
m0381	m0365	52.2	1.83e-81	294
m0381	m0063	53.9	5.32e-81	292
m0381	m0097	50.7	1.19e-80	291
m0381	m0084	51.8	2.02e-80	290
m0381	m0033	55.6	5.89e-80	289
m0381	m0120	51.9	5.89e-80	289
m0381	m0043	54.0	1.31e-79	287
m0381	m0273	51.2	2.92e-79	286
m0381	m0149	49.7	3.82e-79	286
m0381	m0144	51.6	4.22e-78	282
m0381	m0098	51.1	5.51e-78	282
m0381	m0252	51.4	7.19e-78	282
m0381	m0070	52.9	1.6e-77	280
m0381	m0282	51.9	3.57e-77	279
m0381	m0238	53.2	6.09e-77	278
m0381	m0326	52.3	1.77e-76	277
m0381	m0192	52.3	3.95e-76	276
m0381	m0267	52.6	3.95e-76	276
m0381	m0154	51.4	6.73e-76	275
m0381	m0371	52.3	1.15e-75	274
m0381	m0346	48.9	1.5e-75	274
m0381	m0264	50.9	5.7e-75	272
m0381	m0259	54.8	9.72e-75	271
m0381	m0101	49.1	1.66e-74	270
m0381	m0133	51.8	1.66e-74	270
m0381	m0338	52.1	2.83e-74	270
m0381	m0163	51.1	2.83e-74	270
m0381	m0333	52.9	3.7e-74	269
m0381	m0188	52.5	6.3e-74	268
m0381	m0343	52.4	6.3e-74	268
m0381	m0248	52.0	1.08e-73	268
m0381	m0341	49.8	1.4e-73	267
m0381	m0174	51.1	1.4e-73	267
m0381	m0296	52.2	1.4e-73	267
m0381	m0182	51.4	2.4e-73	267
m0381	m0017	50.9	2.4e-73	267
m0381	m0277	49.5	5.34e-73	265
m0381	m0350	52.1	6.97e-73	265
m0381	m0295	51.5	9.1e-73	265
m0381	m0073	47.6	9.1e-73	265
m0381	m0297	54.4	1.19e-72	264
m0381	m0183	53.4	1.19e-72	264
m0381	m0169	52.0	1.55e-72	264
m0381	m0214	51.8	2.65e-72	263
m0381	m0337	50.4	2.65e-72	263
m0381	m0178	51.1	2.65e-72	263
m0381	m0281	52.3	3.46e-72	263
m0381	m0088	50.4	3.46e-72	263
m0381	m0244	49.6	2.24e-71	260
m0381	m0355	50.7	2.24e-71	260
m0381	m0130	50.2	4.99e-71	259
m0381	m0094	49.7	4.99e-71	259
m0381	m0330	49.1	1.11e-70	258
m0381	m0025	48.7	1.9e-70	257
m0381	m0125	48.6	1.9e-70	257
m0381	m0138	49.3	5.52e-70	255
m0381	m0067	47.6	9.42e-70	255
m0381	m0014	50.0	1.23e-69	254
m0381	m0158	49.3	1.61e-69	254
m0381	m0364	49.5	1.61e-69	254
m0381	m0173	49.3	4.67e-69	252
m0381	m0324	49.1	7.97e-69	252
m0381	m0076	51.9	1.04e-68	251
m0381	m0320	48.8	1.78e-68	250
m0381	m0068	48.6	2.32e-68	250
m0381	m0077	48.4	3.03e-68	250
m0381	m0113	49.1	3.03e-68	250
m0381	m0357	47.7	3.03e-68	250
m0381	m0066	46.9	3.96e-68	249
m0381	m0335	47.9	6.75e-68	248
m0381	m0215	48.4	6.75e-68	248
m0381	m0111	48.6	8.82e-68	248
m0381	m0191	48.9	8.82e-68	248
m0381	m0322	48.9	1.15e-67	248
m0381	m0313	46.4	1.5e-67	247
m0381	m0347	48.4	1.5e-67	247
m0381	m0291	46.2	1.96e-67	247
m0381	m0023	48.9	1.96e-67	247
m0381	m0161	48.6	3.35e-67	246
m0381	m0006	48.4	3.35e-67	246
m0381	m0352	47.4	3.35e-67	246
m0381	m0096	48.7	5.71e-67	245
m0381	m0237	50.2	5.71e-67	245
m0381	m0031	44.9	5.71e-67	245
m0381	m0379	48.0	7.46e-67	245
m0381	m0172	47.3	7.46e-67	245
m0381	m0198	46.4	9.75e-67	245
m0381	m0206	47.2	9.75e-67	245
m0381	m0316	48.0	1.27e-66	244
m0381	m0093	46.9	1.27e-66	244
m0381	m0342	48.4	1.66e-66	244
m0381	m0037	46.6	2.17e-66	243
m0381	m0184	42.9	2.84e-66	243
m0381	m0254	48.2	4.84e-66	242
m0381	m0157	47.7	8.25e-66	242
m0381	m0047	47.7	1.08e-65	241
m0381	m0279	51.6	1.08e-65	241
m0381	m0249	44.8	1.08e-65	241
m0381	m0039	49.6	1.41e-65	241
m0381	m0217	52.1	1.41e-65	241
m0381	m0036	44.7	1.41e-65	241
m0381	m0227	53.3	1.84e-65	240
m0381	m0065	45.5	9.12e-65	238
m0381	m0050	47.3	1.56e-64	237
m0381	m0040	47.2	3.47e-64	236
m0381	m0176	42.1	4.53e-64	236
m0381	m0079	41.3	4.53e-64	236
m0381	m0314	43.7	5.91e-64	235
m0381	m0071	43.9	1.01e-63	235
m0381	m0051	46.7	1.01e-63	235
m0381	m0167	42.9	1.32e-63	234
m0381	m0243	45.7	1.32e-63	234
m0381	m0175	41.4	1.32e-63	234
m0381	m0170	45.6	1.46e-62	231
m0381	m0162	45.1	5.53e-62	229
m0381	m0159	43.8	9.44e-62	228
m0381	m0104	45.1	1.61e-61	227
m0381	m0095	42.9	7.99e-61	225
m0381	m0194	41.1	1.78e-60	224
m0381	m0102	45.5	1.78e-60	224
m0381	m0283	50.4	2.33e-60	223
m0381	m0074	41.0	3.04e-60	223
m0381	m0210	46.4	5.73e-59	219
m0381	m0285	44.1	3.71e-58	216
m0381	m0028	42.6	4.85e-58	216
m0381	m0205	44.6	1.84e-57	214
m0381	m0128	43.2	1.46e-54	204
m0381	m0165	39.0	9.46e-54	201
m0381	m0216	41.8	3.72e-50	190
m0381	m0005	36.0	8.31e-42	162
m0381	m0372	34.0	1.2e-40	158
m0381	m0274	31.6	1.37e-36	144
m0381	m0370	35.5	1.37e-36	144
m0381	m0288	34.1	1.86e-33	134
m0381	m0160	31.8	1.02e-31	128
m0381	m0137	32.3	3.62e-29	120
m0381	m0202	25.6	2.35e-20	91
m0381	m0293	28.7	1.29e-18	85
m0381	m0228	27.0	2.69e-16	77
m0381	m0275	26.9	2.28e-15	74
m0381	m0360	26.4	5.08e-15	73
m0381	m0185	25.4	1.48e-14	71
m0381	m0292	27.8	9.57e-14	69
m0381	m0041	26.9	7.59e-11	59
m0381	m0064	23.5	9.91e-11	59
m0381	m0266	28.7	1.29e-10	58
m0381	m0122	23.4	2.21e-10	57
m0381	m0278	24.7	3.52e-08	50
m0381	m0219	25.7	5.63e-06	43
m0381	m0265	27.0	1.25e-05	42
m0381	m0218	29.0	0.000139	38
m0381	m0344	27.4	0.000139	38
m0381	m0345	29.5	0.000236	37
m0381	m0016	22.9	0.00261	34
m0381	m0327	27.5	0.00582	33
m0381	m0177	27.3	0.0221	31
m0381	m0307	24.0	0.0377	30
m0381	m0255	25.4	0.0493	30
m0381	m0377	29.0	0.0644	29
m0381	m0129	28.6	0.245	27
m0381	m0060	20.5	0.417	27
m0381	m0005	24.7	0.712	26
m0381	m0026	25.6	0.929	25
m0381	m0256	35.4	2.07	24
m0381	m0215	50.0	4.61	23
m0381	m0099	28.3	4.61	23
m0381	m0223	37.5	4.61	23
m0380	m0171	84.2	2.14e-172	596
m0380	m0269	60.2	1.19e-114	404
m0380	m0221	59.2	5.19e-110	389
m0380	m0135	56.9	1.12e-96	344
m0380	m0220	42.4	5.26e-62	229
m0380	m0242	41.6	7.6e-61	225
m0380	m0207	36.3	2.89e-52	197
m0380	m0105	34.9	4.93e-52	196
m0380	m0323	32.1	1.7e-36	144
m0380	m0190	35.8	3.8e-36	143
m0380	m0276	30.3	6.47e-36	143
m0380	m0087	31.7	1.1e-35	142
m0380	m0009	33.0	1.88e-35	141
m0380	m0046	33.8	4.2e-35	140
m0380	m0019	33.3	3.01e-33	134
m0380	m0058	32.9	6.7e-33	132
m0380	m0209	32.3	2.82e-31	127
m0380	m0287	31.5	4.8e-31	126
m0380	m0256	35.2	4.8e-31	126
m0380	m0246	29.3	1.4e-30	125
m0380	m0151	34.4	1.4e-30	125
m0380	m0222	32.2	3.11e-30	124
m0380	m0082	31.8	9.06e-30	122
m0380	m0085	30.1	1.18e-29	122
m0380	m0179	29.0	1.54e-29	121
m0380	m0029	30.4	2.02e-29	121
m0380	m0112	30.6	5.87e-29	119
m0380	m0106	31.6	5.87e-29	119
m0380	m0110	31.1	1e-28	119
m0380	m0358	33.4	2.23e-28	117
m0380	m0226	32.4	6.49e-28	116
m0380	m0186	33.3	1.45e-27	115
m0380	m0318	31.2	1.45e-27	115
m0380	m0251	28.8	1.22e-26	112
m0380	m0049	31.3	2.09e-26	111
m0380	m0354	31.1	1.04e-25	109
m0380	m0284	26.1	2.55e-24	104
m0380	m0362	29.4	2.55e-24	104
m0380	m0164	28.6	3.03e-09	54
m0380	m0164	34.4	5.17e-09	53
m0380	m0283	29.5	0.676	26
m0380	m0078	34.6	3.36	24
m0379	m0342	91.4	4.51e-255	871
m0379	m0316	89.7	3.35e-250	855
m0379	m0096	88.8	6.31e-249	851
m0379	m0157	89.2	1.41e-248	849
m0379	m0335	88.3	4.09e-248	848
m0379	m0347	88.0	5.91e-247	844
m0379	m0047	87.7	1.9e-245	839
m0379	m0254	87.2	1.08e-240	823
m0379	m0216	86.5	2.66e-239	819
m0379	m0093	84.4	4.24e-237	811
m0379	m0050	84.1	1.61e-236	809
m0379	m0161	81.7	3.59e-236	808
m0379	m0006	84.5	8e-236	807
m0379	m0014	82.5	3.72e-233	798
m0379	m0206	83.3	5.02e-230	788
m0379	m0324	85.0	6.79e-227	777
m0379	m0364	83.7	1.01e-222	763
m0379	m0023	79.5	8.59e-222	760
m0379	m0215	84.5	4.27e-213	731
m0379	m0039	66.1	3.54e-167	579
m0379	m0217	63.2	4.07e-155	539
m0379	m0227	61.2	1.89e-152	530
m0379	m0111	66.2	2.16e-148	517
m0379	m0138	55.9	7.95e-143	498
m0379	m0277	52.9	2.93e-137	480
m0379	m0238	55.9	8.52e-137	478
m0379	m0341	53.1	8.52e-137	478
m0379	m0113	58.1	7.21e-136	475
m0379	m0178	54.9	5.17e-134	469
m0379	m0322	56.6	2.56e-133	466
m0379	m0244	53.3	2.17e-132	463
m0379	m0172	52.4	6.32e-132	462
m0379	m0094	52.5	5.91e-130	455
m0379	m0025	51.8	7.72e-130	455
m0379	m0158	52.4	7.72e-130	455
m0379	m0198	53.2	1.01e-129	455
m0379	m0295	51.9	6.54e-129	452
m0379	m0282	52.7	9.44e-128	448
m0379	m0154	52.3	1.23e-127	448
m0379	m0183	57.1	5.92e-122	429
m0379	m0259	57.5	2.25e-121	427
m0379	m0163	53.7	3.84e-121	426
m0379	m0248	55.9	6.13e-119	419
m0379	m0279	56.2	1.91e-112	397
m0379	m0333	54.5	1.91e-112	397
m0379	m0130	56.9	1.79e-110	391
m0379	m0296	65.6	5.2e-110	389
m0379	m0188	52.0	8.87e-110	388
m0379	m0173	50.9	1.51e-109	387
m0379	m0174	60.9	1.98e-109	387
m0379	m0281	52.5	1.98e-109	387
m0379	m0169	54.5	2.85e-108	383
m0379	m0125	52.3	6.36e-108	382
m0379	m0350	47.9	7.03e-107	379
m0379	m0154	61.6	5.95e-106	376
m0379	m0068	50.4	2.95e-105	373
m0379	m0214	59.0	6.58e-105	372
m0379	m0338	60.0	1.91e-104	371
m0379	m0330	59.0	1.91e-104	371
m0379	m0088	61.7	2.12e-103	367
m0379	m0237	56.6	3.06e-102	363
m0379	m0076	68.1	4.88e-100	356
m0379	m0182	56.0	4.88e-100	356
m0379	m0133	59.9	2.05e-98	351
m0379	m0267	61.1	8.62e-97	345
m0379	m0326	59.4	1.47e-96	344
m0379	m0343	56.5	1.38e-94	338
m0379	m0371	59.2	1.16e-93	335
m0379	m0320	44.5	4.42e-93	333
m0379	m0017	56.9	3.75e-92	330
m0379	m0205	54.2	1.63e-87	314
m0379	m0297	45.0	3.63e-87	313
m0379	m0123	57.2	6.2e-79	286
m0379	m0299	54.6	1.53e-77	281
m0379	m0334	52.0	3.4e-77	280
m0379	m0103	49.8	3.4e-77	280
m0379	m0319	50.3	5.43e-75	273
m0379	m0155	51.0	4.6e-74	270
m0379	m0131	50.9	2.28e-73	267
m0379	m0235	51.4	2.98e-73	267
m0379	m0234	50.7	3.89e-73	267
m0379	m0086	51.1	1.13e-72	265
m0379	m0233	48.9	3.3e-72	263
m0379	m0272	47.7	5.62e-72	263
m0379	m0232	46.8	1.64e-71	261
m0379	m0193	46.3	2.79e-71	260
m0379	m0247	47.5	2.79e-71	260
m0379	m0001	48.8	3.64e-71	260
m0379	m0306	48.3	4.76e-71	260
m0379	m0134	49.0	8.12e-71	259
m0379	m0141	51.2	1.06e-70	258
m0379	m0097	50.5	1.81e-70	258
m0379	m0230	46.9	8.98e-70	255
m0379	m0229	50.6	3.41e-69	253
m0379	m0166	45.7	8.4e-68	249
m0379	m0033	47.0	2.44e-67	247
m0379	m0262	43.7	4.17e-67	247
m0379	m0348	49.1	1.58e-66	245
m0379	m0231	44.7	2.07e-66	244
m0379	m0011	48.4	2.07e-66	244
m0379	m0070	47.5	2.7e-66	244
m0379	m0192	47.3	3.53e-66	243
m0379	m0069	47.3	3.53e-66	243
m0379	m0073	44.8	6.02e-66	243
m0379	m0048	45.7	6.02e-66	243
m0379	m0197	44.9	7.86e-66	242
m0379	m0062	44.8	1.03e-65	242
m0379	m0002	47.7	1.34e-65	242
m0379	m0012	46.3	1.75e-65	241
m0379	m0311	46.4	2.29e-65	241
m0379	m0339	49.3	1.94e-64	238
m0379	m0369	45.3	9.61e-64	235
m0379	m0378	45.2	2.8e-63	234
m0379	m0084	44.2	2.8e-63	234
m0379	m0168	43.3	4.77e-63	233
m0379	m0268	47.5	6.23e-63	233
m0379	m0305	45.2	1.06e-62	232
m0379	m0054	45.5	2.37e-62	231
m0379	m0187	47.0	1.18e-61	228
m0379	m0273	45.2	1.18e-61	228
m0379	m0366	45.6	3.42e-61	227
m0379	m0124	44.5	4.47e-61	226
m0379	m0043	47.9	1.7e-60	225
m0379	m0373	46.0	1.7e-60	225
m0379	m0317	43.5	2.22e-60	224
m0379	m0098	43.4	2.22e-60	224
m0379	m0045	45.1	3.78e-60	223
m0379	m0083	43.2	4.94e-60	223
m0379	m0294	47.7	8.42e-60	222
m0379	m0149	42.3	3.2e-59	220
m0379	m0245	45.4	4.18e-59	220
m0379	m0109	43.8	2.71e-58	217
m0379	m0252	43.1	4.62e-58	216
m0379	m0063	46.6	6.04e-58	216
m0379	m0144	43.4	2.29e-57	214
m0379	m0331	45.5	5.11e-57	213
m0379	m0118	42.9	1.26e-55	208
m0379	m0066	42.2	2.15e-55	208
m0379	m0090	41.6	2.8e-55	207
m0379	m0120	41.9	2.22e-52	198
m0379	m0031	43.0	2.9e-52	197
m0379	m0365	40.5	4.19e-51	193
m0379	m0355	40.5	4.19e-51	193
m0379	m0074	43.0	2.08e-50	191
m0379	m0040	41.6	6.05e-50	190
m0379	m0101	40.1	1.35e-49	188
m0379	m0313	39.0	5.12e-49	186
m0379	m0184	39.9	1.14e-48	185
m0379	m0104	43.3	1.95e-48	184
m0379	m0210	39.8	1.95e-48	184
m0379	m0102	37.5	1.95e-48	184
m0379	m0357	39.1	3.32e-48	184
m0379	m0337	41.9	3.32e-48	184
m0379	m0264	39.4	3.32e-48	184
m0379	m0194	38.8	1.26e-47	182
m0379	m0079	38.4	1.65e-47	181
m0379	m0352	37.9	3.67e-47	180
m0379	m0175	38.0	4.79e-47	180
m0379	m0346	38.8	8.18e-47	179
m0379	m0065	38.3	8.18e-47	179
m0379	m0291	37.6	1.39e-46	178
m0379	m0167	37.2	2.38e-46	178
m0379	m0285	39.6	3.11e-46	177
m0379	m0191	39.9	1.18e-45	175
m0379	m0314	39.0	1.54e-45	175
m0379	m0162	39.9	1.54e-45	175
m0379	m0243	36.9	2.01e-45	174
m0379	m0067	36.9	2.01e-45	174
m0379	m0036	38.7	2.63e-45	174
m0379	m0176	36.6	3.44e-45	174
m0379	m0077	39.1	1e-44	172
m0379	m0071	38.1	1.31e-44	172
m0379	m0283	40.1	3.8e-44	170
m0379	m0037	37.9	4.96e-44	170
m0379	m0170	38.0	8.46e-44	169
m0379	m0051	38.6	1.11e-43	169
m0379	m0159	37.7	1.44e-43	168
m0379	m0249	38.4	4.2e-43	167
m0379	m0128	39.8	7.16e-43	166
m0379	m0095	37.4	1.22e-42	165
m0379	m0028	37.7	2.08e-42	164
m0379	m0372	36.0	4.07e-38	150
m0379	m0005	37.4	5.31e-38	150
m0379	m0165	38.4	2.64e-37	148
m0379	m0370	36.8	3.56e-34	137
m0379	m0274	32.9	4.65e-34	137
m0379	m0288	30.5	1e-28	119
m0379	m0137	30.0	3.57e-26	111
m0379	m0160	29.5	6.09e-26	110
m0379	m0202	26.6	5.9e-21	93
m0379	m0185	29.9	6.52e-20	90
m0379	m0278	30.9	1.5e-16	79
m0379	m0228	32.9	1.66e-15	75
m0379	m0293	25.8	2.17e-15	75
m0379	m0360	23.8	9.12e-14	69
m0379	m0292	28.3	2.03e-13	68
m0379	m0275	27.1	2.03e-13	68
m0379	m0041	27.2	2.03e-13	68
m0379	m0265	24.1	3.83e-12	64
m0379	m0064	30.8	3.59e-10	57
m0379	m0266	28.4	4.69e-10	57
m0379	m0122	24.0	1.04e-09	56
m0379	m0154	27.8	6.33e-07	47
m0379	m0307	23.5	2.04e-05	42
m0379	m0377	32.7	0.00146	35
m0379	m0219	22.5	0.00191	35
m0379	m0327	22.9	0.00325	34
m0379	m0345	48.6	0.00325	34
m0379	m0099	26.1	0.0124	32
m0379	m0143	23.5	0.0124	32
m0379	m0129	31.2	0.0613	30
m0379	m0016	23.6	0.0613	30
m0379	m0177	27.4	0.105	29
m0379	m0056	34.9	0.233	28
m0379	m0344	31.5	0.233	28
m0379	m0325	39.5	0.398	27
m0379	m0148	56.5	0.519	27
m0379	m0177	26.8	0.678	27
m0379	m0099	30.2	0.886	26
m0379	m0036	36.0	0.886	26
m0379	m0328	55.0	1.16	26
m0379	m0217	68.8	1.16	26
m0379	m0221	34.5	1.16	26
m0379	m0279	21.5	1.97	25
m0379	m0026	21.5	2.58	25
m0379	m0301	55.0	3.37	24
m0379	m0075	26.1	5.74	23
m0379	m0026	22.1	5.74	23
m0379	m0132	52.2	5.74	23
m0379	m0168	60.0	7.5	23
m0379	m0368	32.6	9.79	23
m0379	m0357	50.0	9.79	23
m0378	m0168	87.8	2.27e-151	526
m0378	m0339	78.8	6.01e-128	448
m0378	m0193	67.4	1.14e-118	417
m0378	m0001	67.2	9e-116	408
m0378	m0306	66.6	9e-116	408
m0378	m0229	72.1	1.03e-111	394
m0378	m0299	66.6	2.29e-111	393
m0378	m0247	64.6	1.14e-110	391
m0378	m0234	66.4	2.54e-110	389
m0378	m0233	64.6	7.38e-110	388
m0378	m0103	63.7	3.66e-109	386
m0378	m0230	63.9	9.02e-108	381
m0378	m0123	68.9	2.01e-107	380
m0378	m0334	62.7	8.44e-106	374
m0378	m0235	64.4	1.44e-105	374
m0378	m0011	64.3	1.88e-105	373
m0378	m0272	63.5	1.22e-104	371
m0378	m0262	61.4	1.35e-103	367
m0378	m0134	59.9	2.54e-102	363
m0378	m0319	61.9	9.04e-100	354
m0378	m0083	61.5	1.54e-99	354
m0378	m0331	65.0	3.44e-99	352
m0378	m0012	60.8	4.49e-99	352
m0378	m0311	62.7	1.31e-98	351
m0378	m0131	60.6	4.96e-98	349
m0378	m0187	64.3	4.96e-98	349
m0378	m0317	59.8	4.96e-98	349
m0378	m0062	57.2	6.48e-98	348
m0378	m0045	60.8	3.22e-97	346
m0378	m0141	62.5	1.6e-96	344
m0378	m0002	63.8	2.55e-94	336
m0378	m0124	57.4	3.33e-94	336
m0378	m0232	56.3	9.06e-92	328
m0378	m0054	58.5	9.06e-92	328
m0378	m0373	57.0	1e-90	324
m0378	m0166	52.9	1.5e-86	310
m0378	m0090	53.3	5.69e-86	309
m0378	m0305	52.3	2.82e-85	306
m0378	m0149	53.1	8.21e-85	305
m0378	m0155	50.5	2.39e-84	303
m0378	m0069	55.7	9.08e-84	301
m0378	m0086	51.0	5.89e-83	299
m0378	m0268	56.3	1.31e-82	297
m0378	m0366	53.3	4.98e-82	295
m0378	m0118	53.1	8.5e-82	295
m0378	m0346	52.7	5.51e-81	292
m0378	m0063	55.2	1.23e-80	291
m0378	m0197	49.5	1.6e-80	290
m0378	m0043	55.8	2.09e-80	290
m0378	m0252	54.1	3.57e-80	289
m0378	m0365	51.6	8.8e-79	285
m0378	m0120	51.2	8.23e-77	278
m0378	m0231	48.1	1.83e-76	277
m0378	m0070	52.0	1.19e-75	274
m0378	m0294	49.5	1.19e-75	274
m0378	m0109	50.7	1.55e-75	274
m0378	m0369	47.5	2.65e-75	273
m0378	m0084	47.8	3.46e-75	273
m0378	m0348	50.5	1.31e-74	271
m0378	m0073	47.3	2.24e-74	270
m0378	m0033	49.0	8.52e-74	268
m0378	m0192	47.1	1.45e-73	267
m0378	m0097	48.0	2.48e-73	267
m0378	m0098	47.4	3.24e-73	266
m0378	m0238	51.4	4.68e-72	262
m0378	m0144	49.6	6.11e-72	262
m0378	m0245	47.7	1.36e-71	261
m0378	m0036	51.7	3.96e-71	259
m0378	m0352	45.4	3.96e-71	259
m0378	m0249	50.6	5.17e-71	259
m0378	m0154	47.5	6.75e-71	258
m0378	m0273	46.9	1.96e-70	257
m0378	m0071	47.6	5.71e-70	255
m0378	m0188	49.5	9.75e-70	255
m0378	m0350	48.8	9.75e-70	255
m0378	m0169	48.3	1.66e-69	254
m0378	m0017	47.5	2.17e-69	253
m0378	m0067	45.3	2.84e-69	253
m0378	m0133	46.8	2.84e-69	253
m0378	m0296	48.0	3.7e-69	253
m0378	m0048	45.9	3.7e-69	253
m0378	m0313	45.3	4.84e-69	252
m0378	m0343	47.3	6.32e-69	252
m0378	m0338	46.0	8.25e-69	252
m0378	m0031	47.1	8.25e-69	252
m0378	m0295	45.6	1.41e-68	251
m0378	m0130	49.5	1.41e-68	251
m0378	m0333	49.8	2.4e-68	250
m0378	m0163	46.5	4.1e-68	249
m0378	m0248	51.3	4.1e-68	249
m0378	m0281	48.1	6.99e-68	248
m0378	m0138	45.3	6.99e-68	248
m0378	m0291	44.5	9.12e-68	248
m0378	m0326	45.1	9.12e-68	248
m0378	m0088	46.5	1.56e-67	247
m0378	m0074	46.9	2.03e-67	247
m0378	m0175	42.9	2.65e-67	247
m0378	m0066	44.8	2.65e-67	247
m0378	m0330	47.0	4.53e-67	246
m0378	m0191	47.6	4.53e-67	246
m0378	m0125	46.9	4.53e-67	246
m0378	m0173	46.6	4.53e-67	246
m0378	m0314	45.1	5.91e-67	245
m0378	m0111	46.1	7.72e-67	245
m0378	m0184	45.1	7.72e-67	245
m0378	m0025	45.1	1.01e-66	245
m0378	m0357	48.7	2.25e-66	243
m0378	m0167	42.9	2.94e-66	243
m0378	m0174	48.2	2.94e-66	243
m0378	m0159	47.1	2.94e-66	243
m0378	m0065	46.0	5.01e-66	242
m0378	m0079	43.9	6.54e-66	242
m0378	m0297	47.1	8.54e-66	242
m0378	m0176	43.8	1.12e-65	241
m0378	m0267	46.9	1.46e-65	241
m0378	m0037	42.9	1.9e-65	240
m0378	m0182	45.3	1.9e-65	240
m0378	m0264	45.3	2.48e-65	240
m0378	m0206	47.8	3.25e-65	240
m0378	m0077	48.4	3.25e-65	240
m0378	m0101	47.0	3.25e-65	240
m0378	m0194	42.9	5.54e-65	239
m0378	m0259	49.1	5.54e-65	239
m0378	m0076	51.2	7.23e-65	238
m0378	m0371	44.3	9.44e-65	238
m0378	m0237	44.2	9.44e-65	238
m0378	m0282	45.5	1.23e-64	238
m0378	m0178	46.9	2.1e-64	237
m0378	m0183	48.5	4.69e-64	236
m0378	m0104	48.4	4.69e-64	236
m0378	m0324	46.7	6.12e-64	235
m0378	m0337	48.6	6.12e-64	235
m0378	m0014	45.7	7.99e-64	235
m0378	m0277	44.7	1.04e-63	235
m0378	m0355	46.1	1.04e-63	235
m0378	m0040	49.1	1.36e-63	234
m0378	m0162	47.0	1.36e-63	234
m0378	m0243	44.3	1.78e-63	234
m0378	m0068	46.7	2.33e-63	233
m0378	m0214	47.7	3.04e-63	233
m0378	m0051	44.7	3.04e-63	233
m0378	m0023	47.1	3.97e-63	233
m0378	m0094	44.2	5.18e-63	232
m0378	m0335	44.7	5.18e-63	232
m0378	m0320	43.9	5.18e-63	232
m0378	m0093	44.0	6.77e-63	232
m0378	m0244	45.1	6.77e-63	232
m0378	m0095	42.5	6.77e-63	232
m0378	m0215	45.5	1.15e-62	231
m0378	m0341	43.6	1.15e-62	231
m0378	m0050	44.5	1.15e-62	231
m0378	m0316	45.0	1.51e-62	231
m0378	m0347	44.7	1.51e-62	231
m0378	m0254	43.8	1.97e-62	230
m0378	m0322	47.1	1.97e-62	230
m0378	m0216	46.3	2.57e-62	230
m0378	m0198	45.6	3.36e-62	230
m0378	m0006	44.8	4.39e-62	229
m0378	m0342	44.5	4.39e-62	229
m0378	m0096	45.5	9.77e-62	228
m0378	m0161	43.7	1.28e-61	228
m0378	m0158	44.2	1.28e-61	228
m0378	m0170	45.3	1.28e-61	228
m0378	m0047	44.5	2.18e-61	227
m0378	m0172	43.8	2.84e-61	226
m0378	m0364	43.9	2.84e-61	226
m0378	m0157	43.9	1.41e-60	224
m0378	m0279	47.1	3.14e-60	223
m0378	m0113	43.5	1.56e-59	221
m0378	m0028	46.0	2.94e-58	216
m0378	m0227	45.5	5.02e-58	216
m0378	m0039	44.6	1.12e-57	215
m0378	m0285	43.1	3.25e-57	213
m0378	m0217	48.6	5.55e-57	212
m0378	m0102	42.4	5.19e-55	206
m0378	m0283	47.8	6.78e-55	205
m0378	m0205	41.5	7.5e-54	202
m0378	m0128	43.6	2.85e-53	200
m0378	m0165	37.6	3.15e-52	196
m0378	m0210	40.9	1.91e-49	187
m0378	m0005	38.9	1.33e-42	164
m0378	m0372	36.8	4.27e-41	159
m0378	m0288	32.3	4.28e-33	133
m0378	m0274	34.1	4.73e-32	129
m0378	m0370	32.9	4.43e-30	123
m0378	m0160	31.1	2.43e-28	117
m0378	m0137	31.1	9.23e-28	115
m0378	m0293	30.1	1.06e-23	102
m0378	m0202	27.4	2.2e-21	94
m0378	m0292	28.1	3.29e-17	80
m0378	m0360	25.4	1.25e-16	78
m0378	m0228	27.3	1.63e-16	78
m0378	m0185	26.7	2.79e-16	77
m0378	m0275	26.8	4.75e-16	76
m0378	m0064	28.6	8.39e-13	65
m0378	m0122	24.3	1.43e-12	65
m0378	m0041	28.4	3.19e-12	64
m0378	m0278	26.3	1.75e-10	58
m0378	m0265	23.8	3.9e-10	57
m0378	m0266	28.6	4.31e-09	53
m0378	m0136	24.5	4.03e-07	47
m0378	m0219	28.0	1.53e-06	45
m0378	m0345	30.9	2e-06	44
m0378	m0016	26.5	4.93e-05	40
m0378	m0344	31.8	0.000319	37
m0378	m0327	25.3	0.00121	35
m0378	m0377	26.8	0.00207	34
m0378	m0218	23.9	0.00353	33
m0378	m0345	29.0	0.00461	33
m0378	m0177	28.3	0.00461	33
m0378	m0255	25.4	0.0229	31
m0378	m0099	23.4	0.0299	30
m0378	m0060	20.0	0.0299	30
m0378	m0307	22.6	0.114	28
m0378	m0152	27.8	0.148	28
m0378	m0196	33.8	0.148	28
m0378	m0056	37.5	0.194	28
m0378	m0026	23.6	0.194	28
m0378	m0005	27.2	0.962	25
m0378	m0237	31.5	0.962	25
m0378	m0177	29.8	1.64	25
m0378	m0241	30.5	1.64	25
m0378	m0007	20.9	2.14	24
m0378	m0321	28.4	2.14	24
m0378	m0121	23.2	2.8	24
m0378	m0368	33.3	2.8	24
m0378	m0151	30.4	8.14	22
m0378	m0099	35.3	8.14	22
m0378	m0349	41.4	8.14	22
m0377	m0177	65.8	2.34e-102	363
m0377	m0345	38.1	4.34e-40	156
m0377	m0300	27.8	4.65e-26	109
m0377	m0332	28.6	8.78e-25	105
m0377	m0099	30.8	3.57e-18	83
m0377	m0368	26.9	4.23e-11	60
m0377	m0053	25.0	1.61e-10	58
m0377	m0056	26.6	6.11e-10	56
m0377	m0219	23.5	6.32e-07	46
m0377	m0149	28.7	1.41e-06	45
m0377	m0205	27.8	4.1e-06	43
m0377	m0357	29.3	5.35e-06	43
m0377	m0275	23.5	6.99e-06	42
m0377	m0037	28.7	6.99e-06	42
m0377	m0043	28.5	6.99e-06	42
m0377	m0016	20.5	9.13e-06	42
m0377	m0352	25.6	9.13e-06	42
m0377	m0144	30.4	1.19e-05	42
m0377	m0061	28.1	1.56e-05	41
m0377	m0176	27.5	2.03e-05	41
m0377	m0317	27.6	2.03e-05	41
m0377	m0245	31.5	2.03e-05	41
m0377	m0083	26.8	2.03e-05	41
m0377	m0206	34.7	2.03e-05	41
m0377	m0291	30.1	2.66e-05	40
m0377	m0252	27.8	2.66e-05	40
m0377	m0313	30.1	2.66e-05	40
m0377	m0255	28.0	2.66e-05	40
m0377	m0067	30.1	3.47e-05	40
m0377	m0096	33.7	3.47e-05	40
m0377	m0264	25.9	3.47e-05	40
m0377	m0218	28.7	3.47e-05	40
m0377	m0282	29.5	4.53e-05	40
m0377	m0095	24.1	4.53e-05	40
m0377	m0331	27.2	5.91e-05	39
m0377	m0050	33.7	7.73e-05	39
m0377	m0161	32.7	7.73e-05	39
m0377	m0228	27.0	0.000101	39
m0377	m0157	32.7	0.000101	39
m0377	m0093	33.7	0.000101	39
m0377	m0316	32.7	0.000101	39
m0377	m0045	25.2	0.000101	39
m0377	m0074	30.5	0.000101	39
m0377	m0014	32.7	0.000101	39
m0377	m0347	32.7	0.000132	38
m0377	m0342	33.7	0.000172	38
m0377	m0172	32.2	0.000172	38
m0377	m0192	26.9	0.000172	38
m0377	m0187	25.2	0.000172	38
m0377	m0155	32.4	0.000225	37
m0377	m0159	26.5	0.000225	37
m0377	m0215	35.4	0.000225	37
m0377	m0216	33.7	0.000225	37
m0377	m0047	32.7	0.000225	37
m0377	m0066	29.0	0.000294	37
m0377	m0339	28.3	0.000294	37
m0377	m0277	33.3	0.000294	37
m0377	m0006	32.7	0.000294	37
m0377	m0178	27.0	0.000294	37
m0377	m0098	32.1	0.000294	37
m0377	m0111	33.7	0.000294	37
m0377	m0036	29.3	0.000383	37
m0377	m0065	24.8	0.000383	37
m0377	m0254	32.7	0.000383	37
m0377	m0341	27.4	0.000383	37
m0377	m0076	26.8	0.000383	37
m0377	m0311	27.2	0.000383	37
m0377	m0249	28.3	0.000501	36
m0377	m0296	34.5	0.000501	36
m0377	m0324	31.6	0.000501	36
m0377	m0371	33.3	0.000501	36
m0377	m0185	26.4	0.000501	36
m0377	m0231	26.2	0.000654	36
m0377	m0073	27.2	0.000654	36
m0377	m0101	25.4	0.000654	36
m0377	m0322	34.1	0.000654	36
m0377	m0294	26.7	0.000854	35
m0377	m0330	26.6	0.000854	35
m0377	m0113	33.0	0.000854	35
m0377	m0355	29.3	0.000854	35
m0377	m0063	30.3	0.00112	35
m0377	m0084	28.7	0.00112	35
m0377	m0335	31.6	0.00112	35
m0377	m0173	25.9	0.00112	35
m0377	m0039	31.0	0.00112	35
m0377	m0338	32.2	0.00146	35
m0377	m0068	25.7	0.00146	35
m0377	m0168	28.3	0.0019	34
m0377	m0131	27.7	0.0019	34
m0377	m0155	33.3	0.00249	34
m0377	m0191	24.8	0.00249	34
m0377	m0023	31.5	0.00249	34
m0377	m0305	33.3	0.00249	34
m0377	m0094	32.2	0.00325	33
m0377	m0364	29.9	0.00325	33
m0377	m0028	28.8	0.00325	33
m0377	m0290	32.7	0.00325	33
m0377	m0247	32.5	0.00424	33
m0377	m0237	29.6	0.00424	33
m0377	m0321	23.5	0.00424	33
m0377	m0319	30.9	0.00424	33
m0377	m0183	32.2	0.00424	33
m0377	m0259	32.2	0.00424	33
m0377	m0217	31.0	0.00424	33
m0377	m0369	32.8	0.00554	33
m0377	m0248	25.3	0.00554	33
m0377	m0129	31.9	0.00554	33
m0377	m0141	21.1	0.00723	32
m0377	m0297	31.0	0.00723	32
m0377	m0184	25.0	0.00723	32
m0377	m0001	29.5	0.00723	32
m0377	m0314	25.0	0.00944	32
m0377	m0175	25.0	0.00944	32
m0377	m0079	26.1	0.00944	32
m0377	m0031	28.7	0.00944	32
m0377	m0130	24.4	0.00944	32
m0377	m0166	30.1	0.00944	32
m0377	m0273	28.8	0.00944	32
m0377	m0227	29.9	0.00944	32
m0377	m0238	27.3	0.00944	32
m0377	m0193	28.4	0.00944	32
m0377	m0071	24.1	0.00944	32
m0377	m0337	35.7	0.0123	32
m0377	m0120	28.3	0.0123	32
m0377	m0167	25.0	0.0123	32
m0377	m0366	24.6	0.0123	32
m0377	m0194	25.0	0.0123	32
m0377	m0214	29.9	0.0123	32
m0377	m0138	29.5	0.0123	32
m0377	m0154	31.2	0.0123	32
m0377	m0136	24.8	0.0123	32
m0377	m0350	25.8	0.0123	32
m0377	m0232	25.0	0.0161	31
m0377	m0025	28.7	0.0161	31
m0377	m0163	34.5	0.0161	31
m0377	m0129	44.4	0.021	31
m0377	m0070	22.3	0.021	31
m0377	m0281	31.0	0.021	31
m0377	m0002	25.7	0.0275	30
m0377	m0333	31.0	0.0275	30
m0377	m0169	29.5	0.0275	30
m0377	m0224	39.5	0.0275	30
m0377	m0233	27.1	0.0359	30
m0377	m0040	29.8	0.0359	30
m0377	m0174	31.0	0.0359	30
m0377	m0043	26.6	0.0469	30
m0377	m0319	25.9	0.0469	30
m0377	m0346	23.4	0.0469	30
m0377	m0137	24.3	0.0469	30
m0377	m0307	23.9	0.0469	30
m0377	m0134	23.3	0.0469	30
m0377	m0109	31.0	0.0469	30
m0377	m0194	32.8	0.0469	30
m0377	m0165	40.0	0.0469	30
m0377	m0230	27.1	0.0469	30
m0377	m0124	24.5	0.0612	29
m0377	m0270	33.3	0.0612	29
m0377	m0077	29.1	0.0612	29
m0377	m0051	26.2	0.0612	29
m0377	m0271	42.9	0.0612	29
m0377	m0030	36.6	0.0612	29
m0377	m0123	24.2	0.0799	29
m0377	m0267	28.1	0.0799	29
m0377	m0188	29.9	0.0799	29
m0377	m0048	28.4	0.0799	29
m0377	m0348	25.0	0.0799	29
m0377	m0218	25.8	0.0799	29
m0377	m0346	26.7	0.0799	29
m0377	m0162	27.4	0.0799	29
m0377	m0241	31.8	0.0799	29
m0377	m0343	28.1	0.0799	29
m0377	m0102	28.4	0.104	28
m0377	m0244	28.7	0.104	28
m0377	m0025	18.8	0.104	28
m0377	m0097	27.5	0.104	28
m0377	m0088	29.3	0.104	28
m0377	m0279	31.1	0.104	28
m0377	m0090	27.1	0.136	28
m0377	m0299	30.7	0.136	28
m0377	m0370	31.8	0.136	28
m0377	m0196	51.4	0.136	28
m0377	m0069	25.3	0.136	28
m0377	m0295	28.6	0.136	28
m0377	m0214	23.8	0.178	28
m0377	m0262	33.9	0.178	28
m0377	m0133	29.2	0.178	28
m0377	m0097	34.7	0.178	28
m0377	m0104	26.3	0.233	27
m0377	m0160	25.0	0.233	27
m0377	m0054	29.9	0.233	27
m0377	m0141	28.7	0.233	27
m0377	m0086	23.6	0.233	27
m0377	m0243	23.4	0.304	27
m0377	m0272	30.2	0.304	27
m0377	m0108	31.8	0.304	27
m0377	m0062	26.4	0.304	27
m0377	m0040	25.0	0.304	27
m0377	m0198	25.3	0.397	27
m0377	m0283	24.3	0.397	27
m0377	m0234	25.0	0.397	27
m0377	m0210	30.8	0.397	27
m0377	m0208	100.0	0.397	27
m0377	m0263	100.0	0.397	27
m0377	m0160	68.8	0.397	27
m0377	m0114	100.0	0.397	27
m0377	m0266	100.0	0.397	27
m0377	m0017	27.0	0.518	26
m0377	m0158	26.4	0.518	26
m0377	m0146	20.6	0.518	26
m0377	m0196	32.8	0.518	26
m0377	m0326	27.0	0.677	26
m0377	m0373	23.8	0.677	26
m0377	m0235	25.3	0.677	26
m0377	m0012	26.4	0.884	25
m0377	m0334	24.2	0.884	25
m0377	m0103	25.3	0.884	25
m0377	m0104	32.7	1.15	25
m0377	m0197	26.4	1.15	25
m0377	m0336	52.2	1.15	25
m0377	m0011	25.2	1.15	25
m0377	m0229	35.3	1.51	25
m0377	m0274	23.4	1.51	25
m0377	m0306	30.7	1.51	25
m0377	m0182	30.6	1.97	24
m0377	m0041	39.0	1.97	24
m0377	m0138	20.6	2.57	24
m0377	m0125	27.8	2.57	24
m0377	m0365	35.1	2.57	24
m0377	m0274	30.8	2.57	24
m0377	m0121	34.5	3.36	23
m0377	m0320	29.5	3.36	23
m0377	m0026	40.0	3.36	23
m0377	m0285	26.5	3.36	23
m0377	m0143	40.0	4.39	23
m0377	m0284	30.4	4.39	23
m0377	m0199	40.9	7.48	22
m0377	m0370	33.3	7.48	22
m0377	m0321	38.1	7.48	22
m0376	m0336	41.8	7.3e-70	256
m0376	m0026	38.5	4.93e-42	163
m0376	m0143	29.0	1.65e-13	69
m0376	m0026	25.8	2.02e-11	62
m0376	m0143	25.6	7.68e-11	60
m0376	m0146	25.0	8.79e-07	46
m0376	m0116	22.8	1.5e-06	45
m0376	m0146	22.7	2.83e-05	41
m0376	m0321	24.8	3.69e-05	41
m0376	m0241	38.8	4.82e-05	40
m0376	m0241	33.0	0.000107	39
m0376	m0063	27.8	0.00203	35
m0376	m0277	27.2	0.0131	32
m0376	m0241	20.6	0.0131	32
m0376	m0068	26.0	0.0499	30
m0376	m0111	27.2	0.145	29
m0376	m0333	29.2	0.19	28
m0376	m0361	35.2	0.248	28
m0376	m0031	28.4	0.248	28
m0376	m0038	27.3	0.422	27
m0376	m0139	25.0	0.721	27
m0376	m0107	21.8	0.941	26
m0376	m0047	24.5	1.23	26
m0376	m0138	26.2	1.23	26
m0376	m0201	43.8	1.61	25
m0376	m0109	27.7	2.1	25
m0376	m0311	37.0	2.74	25
m0376	m0008	39.6	3.58	24
m0376	m0303	27.2	3.58	24
m0376	m0134	32.5	3.58	24
m0376	m0084	27.9	4.67	24
m0376	m0345	48.1	4.67	24
m0376	m0104	31.0	6.1	23
m0376	m0350	30.5	6.1	23
m0376	m0209	31.6	6.1	23
m0376	m0040	34.1	7.97	23
m0375	m0329	61.6	2.09e-80	290
m0375	m0203	62.8	4.5e-75	272
m0375	m0080	57.3	5.33e-68	248
m0375	m0055	32.5	5.41e-20	89
m0375	m0258	33.0	2.35e-15	74
m0375	m0024	27.8	1.34e-10	58
m0375	m0052	30.2	5.07e-10	56
m0375	m0204	29.4	5.07e-10	56
m0375	m0356	29.3	2.78e-08	50
m0375	m0280	23.3	1.53e-06	44
m0375	m0340	26.4	4.45e-06	43
m0375	m0003	28.1	1.29e-05	41
m0375	m0253	22.0	0.00785	32
m0375	m0072	24.8	0.00785	32
m0375	m0143	23.5	0.148	28
m0375	m0015	26.4	0.431	26
m0375	m0285	30.2	2.14	24
m0374	m0034	75.7	1.65e-184	636
m0374	m0042	65.0	2.39e-159	553
m0374	m0127	59.0	2.4e-143	500
m0374	m0156	57.7	2.04e-142	497
m0374	m0091	59.1	8.55e-141	491
m0374	m0004	56.7	6.77e-138	481
m0374	m0304	56.7	9.78e-137	478
m0374	m0236	43.8	1.09e-103	368
m0374	m0075	44.7	9.24e-103	365
m0374	m0348	39.0	0.35	27
m0374	m0119	26.2	1.02	26
m0374	m0207	33.3	5.05	23
m0374	m0095	37.5	5.05	23
m0374	m0107	27.3	5.05	23
m0374	m0317	25.3	6.6	23
m0373	m0054	77.7	3.09e-129	452
m0373	m0365	68.4	4.34e-107	379
m0373	m0118	62.6	1.54e-104	370
m0373	m0230	62.3	1.14e-99	354
m0373	m0233	61.9	4.35e-99	352
m0373	m0193	61.6	4.35e-99	352
m0373	m0001	65.9	1.27e-98	351
m0373	m0247	59.0	4.07e-97	346
m0373	m0306	60.3	6.94e-97	345
m0373	m0299	58.2	1.55e-96	344
m0373	m0272	59.4	1.55e-96	344
m0373	m0103	59.4	1.71e-95	340
m0373	m0232	59.2	2.47e-94	336
m0373	m0234	56.6	1.23e-93	334
m0373	m0062	59.7	2.09e-93	333
m0373	m0011	60.5	1.04e-92	331
m0373	m0187	62.6	1.77e-92	330
m0373	m0235	57.1	1.96e-91	327
m0373	m0334	56.6	1.96e-91	327
m0373	m0168	58.5	9.71e-91	324
m0373	m0262	54.9	1.83e-89	320
m0373	m0319	56.3	2.39e-89	320
m0373	m0131	57.3	3.12e-89	319
m0373	m0229	59.2	9.09e-89	318
m0373	m0134	55.2	2.03e-88	317
m0373	m0123	58.1	2.03e-88	317
m0373	m0311	58.4	7.7e-88	315
m0373	m0305	55.5	4.99e-87	312
m0373	m0012	55.6	4.99e-87	312
m0373	m0083	53.8	1.9e-86	310
m0373	m0045	55.1	2.48e-86	310
m0373	m0339	56.0	3.23e-86	309
m0373	m0141	58.8	4.67e-85	305
m0373	m0317	53.1	1.77e-84	304
m0373	m0124	53.1	5.16e-84	302
m0373	m0002	56.4	1.96e-83	300
m0373	m0166	50.4	1.66e-82	297
m0373	m0331	56.0	2.4e-81	293
m0373	m0149	52.6	6.98e-81	292
m0373	m0268	54.1	6.53e-79	285
m0373	m0155	52.5	8.53e-79	285
m0373	m0086	50.9	7.22e-78	282
m0373	m0252	52.8	7.22e-78	282
m0373	m0069	52.0	9.43e-78	281
m0373	m0231	51.8	4.68e-77	279
m0373	m0033	52.6	7.98e-77	278
m0373	m0197	49.1	3.96e-76	276
m0373	m0366	50.2	1.51e-75	274
m0373	m0294	48.7	9.76e-75	271
m0373	m0090	46.8	2.84e-74	270
m0373	m0043	49.0	1.56e-72	264
m0373	m0063	49.1	2.03e-72	263
m0373	m0073	47.7	1.46e-70	257
m0373	m0084	47.9	1.9e-70	257
m0373	m0097	49.3	4.24e-70	256
m0373	m0348	49.5	2.11e-69	253
m0373	m0109	45.1	2.11e-69	253
m0373	m0070	47.7	3.59e-69	253
m0373	m0048	46.0	3.59e-69	253
m0373	m0098	45.2	4.69e-69	252
m0373	m0346	48.5	8e-69	252
m0373	m0192	47.9	3.04e-68	250
m0373	m0369	45.4	3.36e-67	246
m0373	m0273	46.8	3.36e-67	246
m0373	m0040	46.5	5.73e-67	245
m0373	m0120	45.5	5.73e-67	245
m0373	m0188	48.0	2.18e-66	243
m0373	m0245	45.4	2.18e-66	243
m0373	m0333	48.1	3.72e-66	243
m0373	m0162	45.4	4.85e-66	242
m0373	m0051	45.0	8.28e-66	242
m0373	m0101	46.8	8.28e-66	242
m0373	m0259	48.2	8.28e-66	242
m0373	m0170	46.4	2.41e-65	240
m0373	m0144	46.0	4.11e-65	239
m0373	m0125	45.9	5.37e-65	239
m0373	m0104	47.6	7.01e-65	238
m0373	m0017	44.7	9.15e-65	238
m0373	m0088	46.3	9.15e-65	238
m0373	m0296	46.2	9.15e-65	238
m0373	m0326	43.9	9.15e-65	238
m0373	m0182	45.5	1.2e-64	238
m0373	m0295	45.2	1.2e-64	238
m0373	m0238	45.9	1.56e-64	237
m0373	m0350	46.8	3.48e-64	236
m0373	m0364	48.4	5.93e-64	235
m0373	m0031	43.1	7.75e-64	235
m0373	m0183	47.2	7.75e-64	235
m0373	m0133	44.9	1.32e-63	234
m0373	m0355	44.2	1.32e-63	234
m0373	m0014	46.5	1.32e-63	234
m0373	m0248	47.7	1.73e-63	234
m0373	m0174	45.4	2.94e-63	233
m0373	m0338	46.0	2.94e-63	233
m0373	m0215	46.4	5.02e-63	232
m0373	m0163	45.5	6.56e-63	232
m0373	m0267	46.9	6.56e-63	232
m0373	m0324	47.1	8.57e-63	231
m0373	m0281	48.4	8.57e-63	231
m0373	m0335	46.2	8.57e-63	231
m0373	m0036	46.2	8.57e-63	231
m0373	m0206	45.8	1.46e-62	231
m0373	m0093	47.6	1.91e-62	230
m0373	m0169	45.2	1.91e-62	230
m0373	m0347	46.0	2.49e-62	230
m0373	m0191	45.2	3.26e-62	230
m0373	m0357	45.2	3.26e-62	230
m0373	m0154	45.9	3.26e-62	230
m0373	m0249	44.5	3.26e-62	230
m0373	m0161	46.7	5.55e-62	229
m0373	m0316	45.3	9.47e-62	228
m0373	m0111	46.5	9.47e-62	228
m0373	m0047	45.8	1.24e-61	228
m0373	m0096	46.7	1.62e-61	227
m0373	m0279	47.4	1.62e-61	227
m0373	m0264	43.2	2.11e-61	227
m0373	m0050	45.0	2.76e-61	226
m0373	m0285	45.2	2.76e-61	226
m0373	m0157	45.4	3.6e-61	226
m0373	m0243	42.4	6.14e-61	225
m0373	m0343	44.4	6.14e-61	225
m0373	m0342	45.7	8.02e-61	225
m0373	m0254	46.0	8.02e-61	225
m0373	m0006	44.9	1.05e-60	225
m0373	m0178	43.1	1.05e-60	225
m0373	m0076	48.4	1.37e-60	224
m0373	m0216	45.4	1.37e-60	224
m0373	m0065	41.0	1.79e-60	224
m0373	m0214	46.3	1.79e-60	224
m0373	m0074	43.9	2.33e-60	223
m0373	m0313	42.7	2.33e-60	223
m0373	m0067	42.1	3.05e-60	223
m0373	m0130	46.6	3.05e-60	223
m0373	m0173	44.9	3.05e-60	223
m0373	m0077	45.1	3.98e-60	223
m0373	m0330	44.3	3.98e-60	223
m0373	m0277	42.3	3.98e-60	223
m0373	m0282	45.8	6.79e-60	222
m0373	m0138	45.6	8.87e-60	221
m0373	m0068	43.1	8.87e-60	221
m0373	m0066	43.8	1.51e-59	221
m0373	m0352	40.6	4.4e-59	219
m0373	m0210	43.2	5.75e-59	219
m0373	m0102	41.6	5.75e-59	219
m0373	m0039	45.9	5.75e-59	219
m0373	m0023	45.0	7.51e-59	218
m0373	m0113	42.8	9.8e-59	218
m0373	m0291	40.1	9.8e-59	218
m0373	m0037	41.3	9.8e-59	218
m0373	m0371	44.0	9.8e-59	218
m0373	m0176	40.5	1.67e-58	217
m0373	m0028	42.1	1.67e-58	217
m0373	m0337	47.0	2.18e-58	217
m0373	m0071	42.4	2.85e-58	216
m0373	m0158	43.2	3.73e-58	216
m0373	m0322	44.9	4.87e-58	216
m0373	m0314	43.2	6.35e-58	215
m0373	m0184	43.2	6.35e-58	215
m0373	m0297	43.3	1.85e-57	214
m0373	m0227	44.4	1.85e-57	214
m0373	m0341	41.3	2.41e-57	213
m0373	m0320	41.8	4.12e-57	213
m0373	m0244	40.8	5.38e-57	212
m0373	m0175	41.8	1.2e-56	211
m0373	m0094	42.3	1.2e-56	211
m0373	m0128	44.7	5.95e-56	209
m0373	m0079	39.5	5.95e-56	209
m0373	m0172	40.1	5.95e-56	209
m0373	m0159	41.8	1.01e-55	208
m0373	m0167	39.5	1.01e-55	208
m0373	m0237	45.2	1.01e-55	208
m0373	m0165	42.4	1.32e-55	208
m0373	m0198	40.9	1.73e-55	207
m0373	m0217	45.6	2.26e-55	207
m0373	m0025	41.6	2.26e-55	207
m0373	m0194	39.2	6.58e-55	205
m0373	m0205	43.4	6.58e-55	205
m0373	m0095	38.1	1.24e-53	201
m0373	m0283	40.3	4.72e-45	173
m0373	m0005	37.2	5.98e-40	156
m0373	m0372	35.9	9.54e-38	148
m0373	m0274	33.5	5.99e-32	129
m0373	m0370	34.1	1.74e-31	127
m0373	m0288	30.3	1.13e-30	125
m0373	m0137	28.5	1.48e-22	98
m0373	m0160	28.8	1.93e-22	97
m0373	m0202	30.1	1.63e-21	94
m0373	m0293	28.2	8.97e-20	89
m0373	m0228	27.1	2.07e-16	77
m0373	m0041	28.6	1.03e-15	75
m0373	m0360	24.8	1.48e-14	71
m0373	m0185	27.9	1.94e-14	71
m0373	m0275	27.0	4.77e-13	66
m0373	m0292	25.1	4.04e-12	63
m0373	m0266	27.0	8.99e-12	62
m0373	m0278	26.7	2.62e-11	60
m0373	m0064	28.6	2.21e-10	57
m0373	m0122	23.0	7.12e-09	52
m0373	m0219	30.9	2.29e-07	47
m0373	m0265	26.8	6.67e-07	46
m0373	m0016	26.4	1.49e-06	45
m0373	m0345	27.9	2.8e-05	40
m0373	m0344	28.0	4.78e-05	40
m0373	m0143	25.9	0.000182	38
m0373	m0218	26.5	0.00447	33
m0373	m0026	25.7	0.00584	33
m0373	m0327	26.1	0.00584	33
m0373	m0255	24.3	0.00763	32
m0373	m0307	20.0	0.013	32
m0373	m0321	28.2	0.0844	29
m0373	m0213	39.5	0.11	28
m0373	m0060	21.7	0.144	28
m0373	m0007	24.8	0.419	27
m0373	m0081	50.0	2.08	24
m0373	m0295	33.3	2.71	24
m0373	m0146	23.9	3.54	23
m0373	m0148	28.9	4.63	23
m0373	m0016	28.8	4.63	23
m0373	m0025	30.8	7.89	22
m0373	m0244	30.8	7.89	22
m0372	m0005	75.9	5.34e-154	535
m0372	m0144	35.2	1.03e-64	238
m0372	m0245	42.4	7.93e-57	212
m0372	m0101	40.3	3.93e-56	210
m0372	m0109	38.1	2.82e-54	204
m0372	m0191	41.8	4.81e-54	203
m0372	m0355	41.2	4.07e-53	200
m0372	m0120	40.7	3.45e-52	197
m0372	m0074	40.9	6.5e-51	193
m0372	m0249	36.3	8.49e-51	192
m0372	m0036	38.0	1.89e-50	191
m0372	m0264	38.8	7.19e-50	189
m0372	m0079	37.9	7.19e-50	189
m0372	m0314	37.9	3.57e-49	187
m0372	m0031	39.4	4.66e-49	186
m0372	m0095	37.0	1.04e-48	185
m0372	m0194	36.7	3.02e-48	184
m0372	m0184	36.2	3.94e-48	183
m0372	m0175	36.6	5.15e-48	183
m0372	m0077	41.0	8.79e-48	182
m0372	m0033	40.8	1.96e-47	181
m0372	m0313	37.5	2.56e-47	181
m0372	m0357	38.6	2.56e-47	181
m0372	m0210	38.5	3.34e-47	180
m0372	m0168	40.2	4.36e-47	180
m0372	m0067	36.5	9.71e-47	179
m0372	m0167	35.1	2.16e-46	178
m0372	m0128	40.8	2.83e-46	177
m0372	m0352	35.4	4.82e-46	176
m0372	m0170	39.3	8.22e-46	176
m0372	m0065	37.7	8.22e-46	176
m0372	m0102	39.0	1.07e-45	175
m0372	m0339	39.5	1.07e-45	175
m0372	m0037	34.6	3.13e-45	174
m0372	m0155	38.5	3.13e-45	174
m0372	m0319	39.2	4.08e-45	173
m0372	m0243	39.8	9.09e-45	172
m0372	m0002	36.2	9.09e-45	172
m0372	m0311	37.7	1.55e-44	171
m0372	m0103	38.6	1.55e-44	171
m0372	m0124	37.1	1.55e-44	171
m0372	m0040	38.0	2.03e-44	171
m0372	m0346	36.2	2.65e-44	171
m0372	m0291	35.3	2.65e-44	171
m0372	m0162	36.3	3.46e-44	170
m0372	m0123	39.0	3.46e-44	170
m0372	m0331	36.1	4.51e-44	170
m0372	m0334	38.2	5.89e-44	169
m0372	m0285	40.3	5.89e-44	169
m0372	m0012	36.6	1.01e-43	169
m0372	m0028	35.9	1.31e-43	168
m0372	m0272	36.0	1.31e-43	168
m0372	m0233	36.6	1.71e-43	168
m0372	m0104	37.2	2.92e-43	167
m0372	m0247	35.1	3.82e-43	167
m0372	m0166	37.0	3.82e-43	167
m0372	m0192	37.9	4.99e-43	166
m0372	m0071	36.1	4.99e-43	166
m0372	m0230	34.1	6.52e-43	166
m0372	m0131	37.0	8.51e-43	166
m0372	m0232	33.8	1.11e-42	165
m0372	m0231	35.9	1.11e-42	165
m0372	m0045	36.7	1.11e-42	165
m0372	m0158	35.3	1.9e-42	164
m0372	m0176	35.1	4.22e-42	163
m0372	m0299	34.8	5.52e-42	163
m0372	m0306	35.5	5.52e-42	163
m0372	m0296	38.5	7.2e-42	163
m0372	m0051	36.4	7.2e-42	163
m0372	m0187	34.5	9.41e-42	162
m0372	m0317	35.0	9.41e-42	162
m0372	m0234	36.1	1.6e-41	161
m0372	m0141	35.6	2.1e-41	161
m0372	m0062	37.1	2.74e-41	161
m0372	m0193	35.5	6.1e-41	159
m0372	m0343	35.8	1.04e-40	159
m0372	m0134	35.5	1.36e-40	158
m0372	m0001	34.2	1.36e-40	158
m0372	m0063	35.1	2.32e-40	158
m0372	m0083	34.5	2.32e-40	158
m0372	m0149	35.8	2.32e-40	158
m0372	m0090	34.2	3.03e-40	157
m0372	m0111	37.5	5.16e-40	156
m0372	m0011	34.5	6.74e-40	156
m0372	m0098	36.9	6.74e-40	156
m0372	m0198	34.6	6.74e-40	156
m0372	m0235	34.6	6.74e-40	156
m0372	m0054	37.1	8.81e-40	156
m0372	m0229	34.7	1.15e-39	155
m0372	m0086	34.9	1.15e-39	155
m0372	m0262	34.1	1.96e-39	154
m0372	m0043	34.4	2.56e-39	154
m0372	m0267	35.2	4.37e-39	153
m0372	m0084	35.2	4.37e-39	153
m0372	m0125	36.0	7.46e-39	153
m0372	m0326	36.5	7.46e-39	153
m0372	m0006	36.9	1.27e-38	152
m0372	m0133	35.0	1.27e-38	152
m0372	m0097	36.6	1.66e-38	151
m0372	m0294	33.7	2.17e-38	151
m0372	m0165	35.9	2.17e-38	151
m0372	m0070	36.3	2.83e-38	151
m0372	m0206	35.5	4.83e-38	150
m0372	m0316	34.4	6.31e-38	149
m0372	m0347	36.9	6.31e-38	149
m0372	m0335	36.5	6.31e-38	149
m0372	m0214	36.4	1.08e-37	149
m0372	m0268	34.4	1.08e-37	149
m0372	m0096	36.1	1.41e-37	148
m0372	m0197	34.7	1.41e-37	148
m0372	m0157	36.5	1.84e-37	148
m0372	m0093	35.5	1.84e-37	148
m0372	m0305	35.4	1.84e-37	148
m0372	m0017	35.2	2.4e-37	148
m0372	m0364	35.1	2.4e-37	148
m0372	m0297	35.6	3.13e-37	147
m0372	m0050	35.3	3.13e-37	147
m0372	m0047	35.1	3.13e-37	147
m0372	m0023	37.1	4.09e-37	147
m0372	m0348	34.3	4.09e-37	147
m0372	m0161	36.1	5.34e-37	146
m0372	m0342	35.7	5.34e-37	146
m0372	m0014	36.5	5.34e-37	146
m0372	m0324	34.4	9.11e-37	146
m0372	m0254	35.7	1.55e-36	145
m0372	m0248	34.6	4.52e-36	143
m0372	m0366	33.2	4.52e-36	143
m0372	m0216	35.4	5.91e-36	143
m0372	m0088	35.9	5.91e-36	143
m0372	m0282	33.7	5.91e-36	143
m0372	m0252	35.4	7.72e-36	143
m0372	m0173	34.1	1.01e-35	142
m0372	m0215	35.2	1.01e-35	142
m0372	m0273	33.5	1.72e-35	141
m0372	m0066	34.9	2.24e-35	141
m0372	m0350	34.2	2.24e-35	141
m0372	m0281	33.8	2.93e-35	141
m0372	m0217	34.7	2.93e-35	141
m0372	m0227	35.4	3.83e-35	140
m0372	m0073	34.5	6.53e-35	139
m0372	m0182	35.4	8.53e-35	139
m0372	m0341	33.8	1.46e-34	138
m0372	m0048	34.4	1.46e-34	138
m0372	m0371	33.8	1.9e-34	138
m0372	m0039	36.0	1.9e-34	138
m0372	m0277	34.1	2.48e-34	138
m0372	m0369	32.2	3.24e-34	137
m0372	m0068	32.6	3.24e-34	137
m0372	m0320	32.0	4.23e-34	137
m0372	m0333	33.5	4.23e-34	137
m0372	m0178	34.8	5.53e-34	136
m0372	m0094	34.0	5.53e-34	136
m0372	m0330	33.7	7.22e-34	136
m0372	m0130	32.7	9.43e-34	136
m0372	m0163	33.1	1.61e-33	135
m0372	m0076	34.0	2.1e-33	134
m0372	m0338	33.0	2.74e-33	134
m0372	m0259	33.1	3.58e-33	134
m0372	m0183	33.5	4.68e-33	133
m0372	m0174	33.8	4.68e-33	133
m0372	m0113	33.0	4.68e-33	133
m0372	m0188	33.1	6.11e-33	133
m0372	m0238	33.6	7.98e-33	132
m0372	m0069	30.8	7.98e-33	132
m0372	m0337	34.6	3.96e-32	130
m0372	m0279	31.5	5.18e-32	130
m0372	m0365	31.3	8.83e-32	129
m0372	m0169	31.8	2.57e-31	127
m0372	m0322	31.2	2.57e-31	127
m0372	m0138	29.0	4.38e-31	127
m0372	m0237	31.9	7.47e-31	126
m0372	m0154	31.4	6.33e-30	123
m0372	m0283	33.2	1.84e-29	121
m0372	m0295	31.9	2.4e-29	121
m0372	m0118	30.7	3.14e-29	121
m0372	m0172	31.4	6.99e-29	119
m0372	m0205	32.6	9.13e-29	119
m0372	m0025	30.7	1.19e-28	119
m0372	m0244	29.7	3.47e-28	117
m0372	m0159	29.7	1.9e-26	111
m0372	m0370	31.4	2.75e-25	107
m0372	m0288	29.5	1.67e-22	98
m0372	m0274	30.6	6.34e-22	96
m0372	m0293	29.0	7.75e-20	89
m0372	m0202	27.8	3.85e-19	87
m0372	m0160	28.7	1.46e-18	85
m0372	m0137	29.0	6.14e-17	80
m0372	m0360	28.0	6.14e-17	80
m0372	m0005	31.5	1.42e-13	69
m0372	m0292	30.1	3.15e-13	67
m0372	m0041	27.6	9.18e-13	66
m0372	m0185	25.6	2.67e-12	64
m0372	m0278	28.6	2.26e-11	61
m0372	m0228	27.4	2.26e-11	61
m0372	m0275	24.5	1.12e-10	59
m0372	m0219	29.9	5.21e-08	50
m0372	m0122	25.8	5.21e-08	50
m0372	m0307	24.8	8.89e-08	49
m0372	m0266	22.4	2.42e-05	41
m0372	m0016	26.8	7.04e-05	40
m0372	m0265	27.9	9.2e-05	39
m0372	m0143	31.6	0.000457	37
m0372	m0218	36.8	0.00386	34
m0372	m0111	39.7	0.00505	33
m0372	m0064	22.1	0.00505	33
m0372	m0136	24.5	0.00659	33
m0372	m0026	24.6	0.00659	33
m0372	m0233	26.4	0.00861	33
m0372	m0306	31.0	0.0192	32
m0372	m0133	37.9	0.025	31
m0372	m0172	29.3	0.0327	31
m0372	m0183	27.6	0.0327	31
m0372	m0230	27.0	0.0427	30
m0372	m0125	43.8	0.0427	30
m0372	m0259	32.4	0.0558	30
m0372	m0131	23.8	0.0558	30
m0372	m0093	44.1	0.0729	30
m0372	m0158	25.9	0.0952	29
m0372	m0244	30.4	0.0952	29
m0372	m0025	35.7	0.162	28
m0372	m0198	28.1	0.162	28
m0372	m0338	23.8	0.277	28
m0372	m0236	30.6	0.362	27
m0372	m0054	24.8	0.362	27
m0372	m0295	29.5	0.472	27
m0372	m0279	33.9	0.472	27
m0372	m0346	22.9	0.617	27
m0372	m0272	25.2	0.806	26
m0372	m0173	21.3	0.806	26
m0372	m0038	27.9	1.05	26
m0372	m0182	29.2	1.05	26
m0372	m0163	21.6	1.05	26
m0372	m0235	31.2	1.37	25
m0372	m0001	25.0	1.37	25
m0372	m0089	43.3	1.37	25
m0372	m0324	33.3	1.37	25
m0372	m0316	31.7	1.37	25
m0372	m0350	28.0	1.37	25
m0372	m0231	26.8	1.37	25
m0372	m0285	34.0	2.34	25
m0372	m0322	31.1	2.34	25
m0372	m0188	33.3	4	24
m0372	m0267	31.2	6.82	23
m0372	m0009	24.4	8.91	23
m0372	m0153	52.0	8.91	23
m0371	m0277	78.7	1.2e-139	487
m0371	m0094	80.2	1.12e-137	480
m0371	m0341	78.3	1.91e-137	480
m0371	m0282	80.5	2.34e-135	473
m0371	m0113	75.9	3.5e-123	432
m0371	m0322	76.5	3.28e-121	426
m0371	m0330	65.6	5.61e-113	398
m0371	m0338	67.2	1.99e-110	390
m0371	m0068	65.9	5.8e-110	388
m0371	m0173	65.5	3.18e-108	382
m0371	m0154	66.4	2.06e-107	380
m0371	m0333	67.0	2.69e-107	379
m0371	m0088	64.7	4.6e-107	379
m0371	m0281	67.4	2.28e-106	376
m0371	m0238	67.5	3.89e-106	376
m0371	m0172	64.7	1.48e-105	374
m0371	m0174	66.9	1.48e-105	374
m0371	m0130	67.4	3.29e-105	372
m0371	m0163	61.4	3.29e-105	372
m0371	m0296	64.9	7.34e-105	371
m0371	m0178	66.8	1.63e-104	370
m0371	m0188	64.2	8.11e-104	368
m0371	m0214	60.4	1.06e-103	367
m0371	m0350	63.0	6.87e-103	365
m0371	m0169	65.3	6.87e-103	365
m0371	m0295	64.3	8.97e-103	364
m0371	m0244	64.8	2e-102	363
m0371	m0237	60.6	2e-102	363
m0371	m0138	64.2	1.69e-101	360
m0371	m0039	61.4	2.44e-100	356
m0371	m0248	62.6	4.17e-100	356
m0371	m0025	61.5	7.11e-100	355
m0371	m0206	60.5	8.69e-98	348
m0371	m0227	63.4	1.94e-97	347
m0371	m0364	59.9	2.53e-97	346
m0371	m0324	60.2	2.53e-97	346
m0371	m0096	61.7	2.53e-97	346
m0371	m0217	63.8	2.53e-97	346
m0371	m0347	61.3	7.36e-97	345
m0371	m0215	59.6	9.61e-97	344
m0371	m0093	61.3	1.64e-96	344
m0371	m0316	61.0	2.8e-96	343
m0371	m0216	60.6	3.65e-96	342
m0371	m0259	62.7	4.77e-96	342
m0371	m0014	60.9	4.77e-96	342
m0371	m0076	66.5	6.23e-96	342
m0371	m0157	60.6	8.13e-96	341
m0371	m0335	60.6	8.13e-96	341
m0371	m0006	60.1	8.13e-96	341
m0371	m0050	61.1	1.06e-95	341
m0371	m0254	59.5	1.39e-95	341
m0371	m0047	60.6	5.27e-95	339
m0371	m0342	60.6	5.27e-95	339
m0371	m0111	58.7	8.99e-95	338
m0371	m0161	58.7	5.83e-94	335
m0371	m0183	62.7	7.61e-94	335
m0371	m0279	62.2	3.78e-93	332
m0371	m0023	60.2	4.18e-92	329
m0371	m0326	55.2	4.47e-86	309
m0371	m0343	56.4	2.22e-85	307
m0371	m0133	54.5	8.44e-85	305
m0371	m0320	53.3	1.1e-84	304
m0371	m0158	52.3	2.45e-84	303
m0371	m0125	55.1	7.14e-84	302
m0371	m0198	55.5	2.3e-82	297
m0371	m0205	53.3	1.49e-81	294
m0371	m0017	54.4	4.33e-81	292
m0371	m0182	52.2	4.79e-80	289
m0371	m0267	54.4	1.07e-79	288
m0371	m0235	51.7	8.46e-77	278
m0371	m0299	50.5	8.46e-77	278
m0371	m0123	54.4	2.46e-76	277
m0371	m0334	51.7	3.21e-76	276
m0371	m0001	50.0	7.91e-75	272
m0371	m0297	53.7	1.76e-74	270
m0371	m0233	49.8	5.13e-74	269
m0371	m0103	49.3	4.34e-73	266
m0371	m0247	48.6	7.41e-73	265
m0371	m0230	48.4	2.16e-72	263
m0371	m0011	49.8	4.8e-72	262
m0371	m0134	49.3	2.38e-71	260
m0371	m0234	48.3	3.11e-71	260
m0371	m0229	51.3	4.06e-71	259
m0371	m0166	48.5	5.31e-71	259
m0371	m0155	49.3	5.31e-71	259
m0371	m0193	46.0	5.31e-71	259
m0371	m0272	47.5	9.05e-71	258
m0371	m0319	47.8	5.87e-70	255
m0371	m0131	47.9	2.23e-69	253
m0371	m0306	48.8	2.91e-69	253
m0371	m0086	47.9	1.11e-68	251
m0371	m0262	43.8	1.22e-67	248
m0371	m0012	48.6	4.65e-67	246
m0371	m0369	48.5	1.04e-66	245
m0371	m0231	46.7	1.04e-66	245
m0371	m0232	46.3	1.04e-66	245
m0371	m0339	47.3	5.14e-66	242
m0371	m0062	46.1	8.77e-66	242
m0371	m0141	48.9	1.15e-65	241
m0371	m0311	45.4	1.5e-65	241
m0371	m0305	45.5	3.33e-65	240
m0371	m0197	42.4	1.27e-64	238
m0371	m0045	45.2	1.27e-64	238
m0371	m0348	46.8	1.65e-64	237
m0371	m0098	44.4	3.68e-64	236
m0371	m0192	47.5	6.29e-64	235
m0371	m0168	44.1	8.21e-64	235
m0371	m0069	42.7	1.83e-63	234
m0371	m0273	44.4	3.12e-63	233
m0371	m0124	46.1	1.19e-62	231
m0371	m0097	46.9	4.5e-62	229
m0371	m0043	48.4	4.5e-62	229
m0371	m0294	46.0	4.5e-62	229
m0371	m0268	45.9	5.88e-62	229
m0371	m0033	45.2	5.88e-62	229
m0371	m0187	46.0	1.31e-61	228
m0371	m0073	44.7	1.71e-61	227
m0371	m0366	44.8	2.24e-61	227
m0371	m0002	46.7	2.92e-61	226
m0371	m0070	44.6	1.11e-60	225
m0371	m0245	44.0	1.89e-60	224
m0371	m0317	43.5	1.89e-60	224
m0371	m0063	45.9	3.23e-60	223
m0371	m0101	44.7	3.23e-60	223
m0371	m0048	45.4	3.23e-60	223
m0371	m0264	44.7	2.09e-59	220
m0371	m0083	43.6	2.73e-59	220
m0371	m0144	44.5	1.04e-58	218
m0371	m0355	43.6	2.56e-57	213
m0371	m0331	44.5	3.34e-57	213
m0371	m0084	43.7	5.7e-57	212
m0371	m0090	40.8	5.7e-57	212
m0371	m0120	43.0	2.17e-56	210
m0371	m0109	45.1	3.69e-56	210
m0371	m0054	42.3	8.23e-56	208
m0371	m0252	42.4	3.13e-55	206
m0371	m0066	41.6	9.1e-55	205
m0371	m0149	41.9	1.55e-54	204
m0371	m0365	40.4	8.51e-53	198
m0371	m0118	41.1	1.45e-52	198
m0371	m0065	41.3	1.61e-51	194
m0371	m0040	41.5	2.74e-51	193
m0371	m0191	41.8	7.97e-51	192
m0371	m0037	42.9	7.97e-51	192
m0371	m0313	39.0	1.36e-50	191
m0371	m0291	40.0	5.17e-50	189
m0371	m0337	39.9	6.75e-50	189
m0371	m0036	39.4	8.81e-50	188
m0371	m0210	41.7	3.35e-49	186
m0371	m0175	38.4	5.71e-49	186
m0371	m0104	40.9	5.71e-49	186
m0371	m0031	41.3	1.66e-48	184
m0371	m0051	40.1	2.17e-48	184
m0371	m0184	38.2	2.17e-48	184
m0371	m0352	38.8	2.83e-48	183
m0371	m0346	39.2	3.7e-48	183
m0371	m0095	39.9	4.83e-48	183
m0371	m0028	38.3	6.31e-48	182
m0371	m0074	39.5	8.25e-48	182
m0371	m0102	38.9	8.25e-48	182
m0371	m0162	37.5	1.08e-47	181
m0371	m0159	38.8	1.08e-47	181
m0371	m0079	39.1	1.08e-47	181
m0371	m0176	39.7	1.08e-47	181
m0371	m0067	37.8	4.09e-47	179
m0371	m0194	37.3	5.35e-47	179
m0371	m0077	40.1	9.12e-47	178
m0371	m0249	39.7	3.46e-46	176
m0371	m0314	38.2	1.01e-45	175
m0371	m0243	37.2	1.32e-45	174
m0371	m0167	35.8	1.72e-45	174
m0371	m0357	40.2	2.25e-45	174
m0371	m0285	38.1	2.93e-45	173
m0371	m0128	38.0	1.23e-43	168
m0371	m0283	41.4	2.1e-43	167
m0371	m0170	36.1	3.04e-42	163
m0371	m0071	36.7	4.38e-41	159
m0371	m0165	35.6	1.67e-40	158
m0371	m0005	35.8	2.33e-34	137
m0371	m0274	34.2	2.18e-32	131
m0371	m0370	36.5	4.86e-32	129
m0371	m0160	31.6	3.05e-26	110
m0371	m0288	29.0	5.2e-26	109
m0371	m0137	29.2	1.16e-25	108
m0371	m0202	26.1	7.77e-22	96
m0371	m0293	26.0	7.53e-17	79
m0371	m0228	28.8	1.42e-15	75
m0371	m0265	27.0	2.68e-14	70
m0371	m0041	27.0	2.68e-14	70
m0371	m0185	27.4	7.79e-14	69
m0371	m0360	27.1	1.02e-13	69
m0371	m0292	26.5	1.02e-13	69
m0371	m0122	24.2	6.6e-13	66
m0371	m0278	27.5	1.47e-12	65
m0371	m0275	24.7	6.17e-11	59
m0371	m0064	26.8	3.39e-09	54
m0371	m0266	24.7	6.61e-05	39
m0371	m0136	23.0	6.61e-05	39
m0371	m0345	28.1	0.00056	36
m0371	m0143	25.6	0.00125	35
m0371	m0219	27.3	0.00163	35
m0371	m0177	29.0	0.00619	33
m0371	m0327	22.9	0.0307	30
m0371	m0196	30.0	0.0401	30
m0371	m0281	27.5	0.0401	30
m0371	m0344	33.3	0.0524	30
m0371	m0016	27.8	0.0524	30
m0371	m0279	23.8	0.0684	29
m0371	m0129	25.6	0.117	28
m0371	m0255	25.4	0.152	28
m0371	m0307	21.4	0.26	27
m0371	m0026	26.0	0.34	27
m0371	m0321	31.9	0.443	27
m0371	m0177	27.8	0.579	26
m0371	m0102	28.7	0.988	25
m0371	m0368	43.6	0.988	25
m0371	m0255	28.1	0.988	25
m0371	m0099	30.8	1.29	25
m0371	m0239	61.5	1.69	25
m0371	m0061	26.6	2.2	24
m0371	m0148	41.9	2.87	24
m0371	m0213	30.8	6.4	23
m0371	m0199	50.0	6.4	23
m0371	m0050	40.7	6.4	23
m0370	m0274	60.8	9.68e-136	474
m0370	m0144	41.5	4.31e-51	193
m0370	m0095	35.4	5.45e-46	176
m0370	m0037	38.6	9.29e-46	175
m0370	m0079	35.6	1.21e-45	175
m0370	m0065	40.4	1.59e-45	174
m0370	m0176	38.0	4.61e-45	173
m0370	m0264	38.7	6.02e-45	173
m0370	m0194	35.4	7.87e-45	172
m0370	m0355	38.8	7.87e-45	172
m0370	m0031	36.6	1.34e-44	171
m0370	m0357	40.2	1.34e-44	171
m0370	m0313	39.0	1.75e-44	171
m0370	m0184	36.8	6.66e-44	169
m0370	m0067	39.3	8.7e-44	169
m0370	m0314	37.5	8.7e-44	169
m0370	m0352	37.3	9.62e-43	165
m0370	m0175	34.8	9.62e-43	165
m0370	m0101	36.6	3.65e-42	163
m0370	m0291	35.7	4.77e-42	163
m0370	m0167	34.0	1.81e-41	161
m0370	m0245	34.1	4.04e-41	160
m0370	m0166	36.8	2.62e-40	157
m0370	m0028	33.3	2.62e-40	157
m0370	m0043	36.0	3.42e-40	157
m0370	m0074	37.7	3.42e-40	157
m0370	m0036	34.9	2.9e-39	154
m0370	m0249	34.2	2.45e-38	151
m0370	m0294	35.3	1.22e-37	148
m0370	m0077	37.6	3.54e-37	147
m0370	m0149	33.7	1.35e-36	145
m0370	m0063	34.5	1.76e-36	144
m0370	m0023	37.4	1.76e-36	144
m0370	m0090	35.2	3.91e-36	143
m0370	m0191	37.1	1.49e-35	141
m0370	m0137	33.9	3.31e-35	140
m0370	m0120	35.2	4.33e-35	140
m0370	m0320	33.9	5.65e-35	139
m0370	m0334	36.5	9.64e-35	139
m0370	m0131	37.1	1.26e-34	138
m0370	m0158	35.1	1.26e-34	138
m0370	m0216	37.0	1.64e-34	138
m0370	m0111	37.0	1.64e-34	138
m0370	m0109	33.9	2.15e-34	138
m0370	m0198	34.6	2.15e-34	138
m0370	m0033	34.1	2.15e-34	138
m0370	m0160	33.2	2.15e-34	138
m0370	m0050	36.9	3.66e-34	137
m0370	m0206	34.1	3.66e-34	137
m0370	m0047	37.7	4.78e-34	136
m0370	m0311	36.2	6.25e-34	136
m0370	m0347	33.3	6.25e-34	136
m0370	m0322	35.7	8.16e-34	136
m0370	m0364	34.2	8.16e-34	136
m0370	m0157	36.6	8.16e-34	136
m0370	m0326	34.3	1.07e-33	135
m0370	m0342	36.4	1.82e-33	134
m0370	m0324	36.5	1.82e-33	134
m0370	m0093	33.8	1.82e-33	134
m0370	m0335	36.6	2.37e-33	134
m0370	m0096	36.0	2.37e-33	134
m0370	m0252	33.5	2.37e-33	134
m0370	m0319	37.0	3.1e-33	134
m0370	m0247	36.0	3.1e-33	134
m0370	m0316	36.4	3.1e-33	134
m0370	m0123	36.1	4.05e-33	133
m0370	m0254	33.9	4.05e-33	133
m0370	m0001	34.5	5.29e-33	133
m0370	m0272	33.5	5.29e-33	133
m0370	m0343	33.1	6.91e-33	132
m0370	m0273	34.2	6.91e-33	132
m0370	m0103	34.4	9.02e-33	132
m0370	m0215	37.2	1.18e-32	132
m0370	m0229	33.6	1.18e-32	132
m0370	m0113	34.6	1.18e-32	132
m0370	m0193	33.3	1.18e-32	132
m0370	m0012	34.0	1.18e-32	132
m0370	m0014	34.2	1.54e-32	131
m0370	m0086	33.6	1.54e-32	131
m0370	m0346	35.1	2.63e-32	131
m0370	m0281	35.1	2.63e-32	131
m0370	m0161	33.6	2.63e-32	131
m0370	m0350	31.4	3.43e-32	130
m0370	m0232	34.3	3.43e-32	130
m0370	m0141	33.7	3.43e-32	130
m0370	m0155	30.3	4.48e-32	130
m0370	m0097	35.6	4.48e-32	130
m0370	m0088	34.7	4.48e-32	130
m0370	m0369	31.3	5.85e-32	129
m0370	m0267	31.9	9.98e-32	129
m0370	m0011	31.9	9.98e-32	129
m0370	m0154	30.2	1.3e-31	128
m0370	m0133	33.7	1.3e-31	128
m0370	m0006	35.3	1.7e-31	128
m0370	m0182	34.7	1.7e-31	128
m0370	m0045	35.0	1.7e-31	128
m0370	m0125	33.7	1.7e-31	128
m0370	m0268	35.3	1.7e-31	128
m0370	m0172	34.4	2.22e-31	127
m0370	m0054	34.9	2.22e-31	127
m0370	m0230	32.3	2.9e-31	127
m0370	m0306	32.0	2.9e-31	127
m0370	m0168	32.1	3.79e-31	127
m0370	m0331	35.2	3.79e-31	127
m0370	m0124	32.1	3.79e-31	127
m0370	m0317	35.6	4.95e-31	126
m0370	m0094	35.3	6.47e-31	126
m0370	m0299	34.2	6.47e-31	126
m0370	m0102	34.0	8.44e-31	126
m0370	m0017	33.5	8.44e-31	126
m0370	m0238	34.7	8.44e-31	126
m0370	m0048	31.0	8.44e-31	126
m0370	m0025	34.7	8.44e-31	126
m0370	m0234	33.5	1.1e-30	125
m0370	m0231	32.8	1.1e-30	125
m0370	m0165	32.7	1.44e-30	125
m0370	m0217	32.8	1.44e-30	125
m0370	m0277	34.6	1.44e-30	125
m0370	m0282	35.3	1.44e-30	125
m0370	m0233	34.5	1.44e-30	125
m0370	m0192	33.6	1.88e-30	124
m0370	m0366	29.5	2.46e-30	124
m0370	m0341	33.6	2.46e-30	124
m0370	m0130	34.4	2.46e-30	124
m0370	m0068	32.9	2.46e-30	124
m0370	m0178	33.7	2.46e-30	124
m0370	m0083	35.0	3.21e-30	124
m0370	m0174	32.5	5.47e-30	123
m0370	m0227	32.1	5.47e-30	123
m0370	m0039	30.8	5.47e-30	123
m0370	m0188	33.2	9.34e-30	122
m0370	m0187	31.4	9.34e-30	122
m0370	m0288	32.9	9.34e-30	122
m0370	m0248	31.7	1.22e-29	122
m0370	m0296	34.6	1.22e-29	122
m0370	m0169	28.2	1.59e-29	121
m0370	m0214	34.2	1.59e-29	121
m0370	m0337	34.6	1.59e-29	121
m0370	m0259	35.9	1.59e-29	121
m0370	m0279	32.6	2.08e-29	121
m0370	m0348	33.1	2.08e-29	121
m0370	m0333	30.7	2.08e-29	121
m0370	m0159	33.1	2.72e-29	121
m0370	m0062	30.6	2.72e-29	121
m0370	m0040	33.6	3.55e-29	120
m0370	m0183	35.9	3.55e-29	120
m0370	m0163	32.2	4.63e-29	120
m0370	m0134	32.2	4.63e-29	120
m0370	m0339	33.0	6.05e-29	119
m0370	m0076	36.1	7.9e-29	119
m0370	m0173	34.6	7.9e-29	119
m0370	m0244	32.8	7.9e-29	119
m0370	m0338	32.2	1.03e-28	119
m0370	m0262	31.3	1.03e-28	119
m0370	m0138	33.6	1.03e-28	119
m0370	m0069	32.0	1.03e-28	119
m0370	m0305	31.6	1.03e-28	119
m0370	m0070	31.8	1.35e-28	118
m0370	m0235	32.3	1.35e-28	118
m0370	m0084	30.3	1.35e-28	118
m0370	m0295	30.6	1.76e-28	118
m0370	m0002	30.7	2.3e-28	117
m0370	m0098	31.0	3e-28	117
m0370	m0237	33.5	5.12e-28	116
m0370	m0073	31.5	5.12e-28	116
m0370	m0162	33.1	1.49e-27	115
m0370	m0210	33.6	1.49e-27	115
m0370	m0330	33.2	1.49e-27	115
m0370	m0118	33.3	1.95e-27	114
m0370	m0104	32.7	3.32e-27	114
m0370	m0051	35.0	5.66e-27	113
m0370	m0243	29.2	9.66e-27	112
m0370	m0170	32.4	1.65e-26	111
m0370	m0285	32.4	2.81e-26	111
m0370	m0197	30.9	2.81e-26	111
m0370	m0365	33.6	4.8e-26	110
m0370	m0005	31.0	6.26e-26	109
m0370	m0071	29.1	8.18e-26	109
m0370	m0128	31.3	1.4e-25	108
m0370	m0297	31.0	2.38e-25	107
m0370	m0205	30.6	3.11e-25	107
m0370	m0283	34.3	3.44e-24	104
m0370	m0202	30.3	1.71e-23	101
m0370	m0066	32.9	3.22e-22	97
m0370	m0293	27.9	7.41e-19	86
m0370	m0360	26.9	2.64e-16	77
m0370	m0278	28.9	6.5e-15	73
m0370	m0266	29.6	2.09e-13	68
m0370	m0185	25.5	2.09e-13	68
m0370	m0122	23.8	4.36e-11	60
m0370	m0228	26.7	2.82e-10	57
m0370	m0041	27.1	1.07e-09	55
m0370	m0292	25.1	1.07e-09	55
m0370	m0064	25.5	2.02e-08	51
m0370	m0275	24.2	1.71e-07	48
m0370	m0307	23.6	3.57e-05	40
m0370	m0345	27.3	0.00437	33
m0370	m0099	27.8	0.0127	32
m0370	m0016	24.1	0.183	28
m0370	m0146	27.3	0.24	28
m0370	m0125	26.7	0.911	26
m0370	m0219	28.2	1.55	25
m0370	m0354	24.3	3.46	24
m0370	m0216	26.9	5.9	23
m0370	m0253	28.2	5.9	23
m0370	m0085	33.3	7.71	23
m0369	m0069	55.6	4.33e-94	335
m0369	m0155	56.4	7.39e-94	335
m0369	m0197	56.4	2.38e-92	330
m0369	m0366	57.4	6.91e-92	328
m0369	m0048	56.4	3.79e-90	322
m0369	m0001	52.2	1.03e-87	314
m0369	m0193	52.7	1.76e-87	314
m0369	m0306	53.6	4.06e-84	302
m0369	m0229	54.7	9.05e-84	301
m0369	m0230	52.1	1e-82	298
m0369	m0233	51.2	4.97e-82	295
m0369	m0247	50.2	5.49e-81	292
m0369	m0272	51.4	7.17e-81	292
m0369	m0166	53.0	3.56e-80	289
m0369	m0231	50.4	2.31e-79	287
m0369	m0086	50.2	3.94e-79	286
m0369	m0123	52.4	5.14e-79	285
m0369	m0235	49.1	8.77e-79	285
m0369	m0232	47.8	1.95e-78	283
m0369	m0134	50.3	3.33e-78	283
m0369	m0168	48.3	5.68e-78	282
m0369	m0299	48.9	1.27e-77	281
m0369	m0103	49.7	1.27e-77	281
m0369	m0334	49.7	4.81e-77	279
m0369	m0002	52.7	8.21e-77	278
m0369	m0073	49.1	2.39e-76	277
m0369	m0012	47.4	3.12e-76	276
m0369	m0098	47.6	5.32e-76	275
m0369	m0268	50.6	6.95e-76	275
m0369	m0339	48.6	6.95e-76	275
m0369	m0311	47.0	1.55e-75	274
m0369	m0262	49.3	1.55e-75	274
m0369	m0124	47.0	3.45e-75	273
m0369	m0234	48.8	4.5e-75	272
m0369	m0348	50.2	4.5e-75	272
m0369	m0319	47.6	5.88e-75	272
m0369	m0097	51.7	7.68e-75	272
m0369	m0062	48.9	1e-74	271
m0369	m0141	49.8	3.81e-74	269
m0369	m0305	48.6	6.5e-74	268
m0369	m0131	48.6	8.49e-74	268
m0369	m0173	50.7	1.45e-73	267
m0369	m0282	49.8	2.47e-73	267
m0369	m0033	48.8	2.47e-73	267
m0369	m0011	48.8	7.19e-73	265
m0369	m0188	50.2	2.09e-72	263
m0369	m0054	47.5	4.66e-72	262
m0369	m0341	47.7	1.36e-71	261
m0369	m0317	46.9	1.77e-71	260
m0369	m0277	48.3	3.02e-71	260
m0369	m0066	49.3	6.73e-71	258
m0369	m0083	46.0	1.15e-70	258
m0369	m0133	48.8	3.34e-70	256
m0369	m0187	47.9	5.7e-70	255
m0369	m0068	48.1	5.7e-70	255
m0369	m0333	48.5	7.44e-70	255
m0369	m0045	45.8	9.72e-70	255
m0369	m0182	49.0	2.16e-69	253
m0369	m0331	47.5	2.16e-69	253
m0369	m0350	49.0	3.69e-69	253
m0369	m0154	49.3	3.69e-69	253
m0369	m0245	46.2	1.07e-68	251
m0369	m0174	48.8	1.07e-68	251
m0369	m0294	46.9	1.4e-68	251
m0369	m0338	50.0	1.83e-68	250
m0369	m0125	47.8	3.13e-68	250
m0369	m0326	48.5	5.33e-68	249
m0369	m0094	47.3	5.33e-68	249
m0369	m0296	47.2	5.33e-68	249
m0369	m0163	48.6	5.33e-68	249
m0369	m0267	49.1	6.96e-68	248
m0369	m0169	49.0	1.19e-67	248
m0369	m0138	49.0	1.55e-67	247
m0369	m0198	47.6	2.03e-67	247
m0369	m0297	50.0	2.65e-67	247
m0369	m0214	47.2	3.46e-67	246
m0369	m0130	50.4	3.46e-67	246
m0369	m0192	48.4	4.51e-67	246
m0369	m0248	48.4	5.89e-67	245
m0369	m0088	48.6	1.71e-66	244
m0369	m0281	49.1	2.24e-66	243
m0369	m0330	47.4	2.24e-66	243
m0369	m0070	47.4	2.24e-66	243
m0369	m0084	45.6	2.93e-66	243
m0369	m0090	41.9	2.93e-66	243
m0369	m0273	46.2	2.93e-66	243
m0369	m0343	47.2	3.82e-66	243
m0369	m0249	44.3	1.11e-65	241
m0369	m0017	46.7	1.11e-65	241
m0369	m0335	45.6	1.45e-65	241
m0369	m0144	43.3	1.9e-65	240
m0369	m0096	46.3	2.48e-65	240
m0369	m0364	46.0	4.22e-65	239
m0369	m0324	44.3	4.22e-65	239
m0369	m0158	46.8	4.22e-65	239
m0369	m0014	46.9	5.52e-65	239
m0369	m0347	46.0	5.52e-65	239
m0369	m0039	47.8	7.2e-65	238
m0369	m0227	47.3	7.2e-65	238
m0369	m0238	47.2	7.2e-65	238
m0369	m0237	48.1	7.2e-65	238
m0369	m0167	45.6	1.23e-64	238
m0369	m0316	46.3	1.61e-64	237
m0369	m0006	45.6	1.61e-64	237
m0369	m0172	45.1	1.61e-64	237
m0369	m0050	45.3	2.1e-64	237
m0369	m0215	45.6	2.1e-64	237
m0369	m0184	45.1	2.74e-64	236
m0369	m0206	45.6	2.74e-64	236
m0369	m0036	43.2	2.74e-64	236
m0369	m0175	45.5	3.58e-64	236
m0369	m0342	45.3	3.58e-64	236
m0369	m0259	47.1	3.58e-64	236
m0369	m0183	48.3	4.67e-64	236
m0369	m0217	47.8	4.67e-64	236
m0369	m0295	46.0	6.1e-64	235
m0369	m0161	46.2	6.1e-64	235
m0369	m0157	44.6	1.36e-63	234
m0369	m0178	47.8	1.36e-63	234
m0369	m0093	44.9	1.36e-63	234
m0369	m0314	46.0	1.77e-63	234
m0369	m0216	45.5	1.77e-63	234
m0369	m0076	49.4	1.77e-63	234
m0369	m0355	45.5	2.32e-63	233
m0369	m0320	45.1	3.03e-63	233
m0369	m0079	43.1	3.03e-63	233
m0369	m0244	45.4	3.95e-63	233
m0369	m0047	44.9	5.16e-63	232
m0369	m0254	44.9	1.15e-62	231
m0369	m0113	45.8	1.15e-62	231
m0369	m0025	44.1	1.96e-62	230
m0369	m0264	42.3	2.56e-62	230
m0369	m0365	42.7	2.56e-62	230
m0369	m0352	42.7	4.37e-62	229
m0369	m0101	42.9	7.46e-62	228
m0369	m0111	45.4	7.46e-62	228
m0369	m0063	46.4	7.46e-62	228
m0369	m0279	45.8	7.46e-62	228
m0369	m0313	42.9	2.17e-61	227
m0369	m0194	42.7	2.83e-61	226
m0369	m0176	42.5	3.7e-61	226
m0369	m0357	44.3	4.83e-61	226
m0369	m0067	42.2	6.31e-61	225
m0369	m0322	46.0	8.24e-61	225
m0369	m0065	42.4	1.08e-60	225
m0369	m0037	42.6	1.08e-60	225
m0369	m0109	41.9	1.08e-60	225
m0369	m0118	40.3	1.41e-60	224
m0369	m0023	43.9	2.4e-60	223
m0369	m0346	43.7	9.11e-60	221
m0369	m0043	44.1	1.19e-59	221
m0369	m0252	41.8	2.65e-59	220
m0369	m0191	45.5	4.52e-59	219
m0369	m0291	40.9	5.91e-59	219
m0369	m0120	42.7	7.72e-59	218
m0369	m0095	41.4	1.01e-58	218
m0369	m0077	43.5	1.72e-58	217
m0369	m0031	40.6	3.83e-58	216
m0369	m0149	41.5	1.11e-57	215
m0369	m0337	40.2	2.48e-57	213
m0369	m0205	43.7	3.24e-57	213
m0369	m0028	38.5	2.57e-54	203
m0369	m0074	38.8	7.47e-54	202
m0369	m0243	39.4	2.66e-51	193
m0369	m0283	42.4	1.32e-50	191
m0369	m0102	41.1	1.12e-49	188
m0369	m0159	38.2	1.46e-49	188
m0369	m0210	41.4	5.54e-49	186
m0369	m0071	37.5	8e-48	182
m0369	m0285	39.7	1.37e-47	181
m0369	m0128	41.7	3.04e-47	180
m0369	m0165	36.1	3.97e-47	179
m0369	m0051	38.9	3.36e-46	176
m0369	m0040	38.1	9.78e-46	175
m0369	m0104	38.1	1.41e-44	171
m0369	m0162	34.3	5.94e-43	166
m0369	m0170	36.4	5.94e-43	166
m0369	m0005	33.5	5.75e-38	149
m0369	m0274	32.3	5.57e-33	132
m0369	m0137	29.2	2.12e-24	104
m0369	m0160	29.9	2.77e-24	104
m0369	m0288	26.7	9.85e-22	95
m0369	m0293	27.9	1.42e-20	91
m0369	m0202	27.0	2.68e-19	87
m0369	m0275	25.7	4.01e-15	73
m0369	m0360	24.0	5.24e-15	73
m0369	m0228	25.7	3.39e-14	70
m0369	m0122	24.2	2.87e-13	67
m0369	m0185	25.6	2.87e-13	67
m0369	m0292	25.3	1.86e-12	64
m0369	m0041	25.8	3.18e-12	64
m0369	m0265	21.8	7.82e-11	59
m0369	m0064	26.3	6.62e-10	56
m0369	m0278	25.9	3.63e-08	50
m0369	m0219	28.6	8.95e-07	45
m0369	m0266	22.7	3.4e-06	44
m0369	m0345	30.6	1.29e-05	42
m0369	m0218	26.9	0.000318	37
m0369	m0177	29.9	0.000926	35
m0369	m0016	20.8	0.0102	32
m0369	m0255	25.7	0.0175	31
m0369	m0327	33.9	0.0228	31
m0369	m0219	26.8	0.0867	29
m0369	m0060	24.2	0.148	28
m0369	m0152	31.0	0.252	27
m0369	m0061	25.2	0.329	27
m0369	m0359	28.4	0.562	26
m0369	m0336	33.9	2.14	24
m0369	m0188	28.8	2.14	24
m0369	m0207	31.4	2.79	24
m0369	m0007	29.0	6.21	23
m0369	m0173	31.1	8.12	22
m0369	m0259	30.3	8.12	22
m0368	m0056	24.3	3.86e-06	43
m0368	m0099	23.7	6.58e-06	42
m0368	m0275	22.4	0.00179	34
m0368	m0122	36.8	0.0152	31
m0368	m0160	30.5	0.0441	30
m0368	m0177	29.3	0.0441	30
m0368	m0102	28.5	0.0576	29
m0368	m0259	28.1	0.0576	29
m0368	m0111	41.9	0.0752	29
m0368	m0137	31.6	0.0752	29
m0368	m0218	26.4	0.0983	28
m0368	m0183	28.1	0.128	28
m0368	m0366	35.8	0.128	28
m0368	m0149	38.2	0.168	28
m0368	m0109	33.9	0.168	28
m0368	m0172	36.7	0.286	27
m0368	m0134	35.7	0.286	27
m0368	m0074	33.9	0.286	27
m0368	m0096	37.2	0.373	27
m0368	m0066	32.7	0.373	27
m0368	m0073	40.4	0.373	27
m0368	m0050	37.2	0.373	27
m0368	m0233	37.8	0.488	26
m0368	m0252	44.4	0.488	26
m0368	m0230	37.8	0.488	26
m0368	m0141	36.4	0.637	26
m0368	m0161	34.1	0.637	26
m0368	m0341	37.2	0.637	26
m0368	m0206	34.9	0.832	25
m0368	m0215	34.9	0.832	25
m0368	m0093	34.9	0.832	25
m0368	m0193	34.0	0.832	25
m0368	m0296	39.5	0.832	25
m0368	m0282	42.9	0.832	25
m0368	m0262	25.9	0.832	25
m0368	m0014	34.1	0.832	25
m0368	m0120	40.6	1.09	25
m0368	m0348	37.5	1.09	25
m0368	m0192	38.6	1.09	25
m0368	m0342	34.9	1.09	25
m0368	m0254	34.9	1.09	25
m0368	m0322	36.8	1.09	25
m0368	m0272	41.5	1.09	25
m0368	m0316	34.9	1.09	25
m0368	m0238	37.2	1.09	25
m0368	m0247	36.4	1.09	25
m0368	m0295	37.1	1.42	25
m0368	m0297	39.4	1.42	25
m0368	m0299	37.2	1.42	25
m0368	m0144	41.2	1.42	25
m0368	m0159	32.6	1.42	25
m0368	m0113	35.7	1.42	25
m0368	m0347	34.9	1.42	25
m0368	m0006	34.9	1.42	25
m0368	m0330	39.5	1.42	25
m0368	m0285	53.3	1.42	25
m0368	m0098	40.0	1.85	24
m0368	m0133	34.7	1.85	24
m0368	m0084	38.6	1.85	24
m0368	m0168	33.3	1.85	24
m0368	m0324	34.9	1.85	24
m0368	m0277	37.2	1.85	24
m0368	m0266	21.8	2.42	24
m0368	m0043	45.2	2.42	24
m0368	m0212	50.0	2.42	24
m0368	m0216	32.6	2.42	24
m0368	m0166	32.7	2.42	24
m0368	m0047	32.6	2.42	24
m0368	m0163	37.2	2.42	24
m0368	m0227	38.5	3.16	23
m0368	m0291	45.2	3.16	23
m0368	m0268	36.4	3.16	23
m0368	m0332	23.4	3.16	23
m0368	m0128	50.0	3.16	23
m0368	m0178	34.1	3.16	23
m0368	m0157	30.2	3.16	23
m0368	m0124	24.1	3.16	23
m0368	m0062	30.0	4.13	23
m0368	m0217	38.5	4.13	23
m0368	m0045	38.5	4.13	23
m0368	m0155	28.7	4.13	23
m0368	m0023	32.6	4.13	23
m0368	m0131	40.0	4.13	23
m0368	m0097	32.4	4.13	23
m0368	m0234	34.9	5.39	23
m0368	m0154	34.9	5.39	23
m0368	m0205	38.7	5.39	23
m0368	m0041	26.8	5.39	23
m0368	m0174	33.3	5.39	23
m0368	m0083	38.5	5.39	23
m0368	m0039	38.5	7.04	22
m0368	m0040	50.0	7.04	22
m0368	m0001	37.2	7.04	22
m0368	m0319	37.1	7.04	22
m0368	m0104	50.0	7.04	22
m0368	m0335	32.6	7.04	22
m0368	m0005	41.9	9.2	22
m0368	m0364	30.2	9.2	22
m0368	m0343	32.2	9.2	22
m0368	m0026	29.8	9.2	22
m0368	m0037	41.9	9.2	22
m0368	m0281	38.5	9.2	22
m0368	m0094	38.5	9.2	22
m0368	m0170	50.0	9.2	22
m0368	m0339	37.2	9.2	22
m0368	m0053	21.4	9.2	22
m0368	m0069	41.9	9.2	22
m0367	m0032	27.4	0.000423	37
m0367	m0309	22.0	0.0882	29
m0367	m0127	42.3	6.32	23
m0367	m0298	23.4	6.32	23
m0367	m0304	42.3	8.26	23
m0367	m0115	22.1	8.26	23
m0366	m0155	63.1	3.1e-97	346
m0366	m0069	59.7	3e-92	329
m0366	m0197	54.7	6.68e-92	328
m0366	m0048	52.8	1.1e-86	311
m0366	m0231	53.4	6.06e-85	305
m0366	m0193	51.7	1.76e-84	304
m0366	m0166	53.0	1.49e-83	300
m0366	m0247	52.3	1.95e-83	300
m0366	m0229	55.0	2.54e-83	300
m0366	m0234	52.0	3.32e-83	299
m0366	m0339	52.7	4.34e-83	299
m0366	m0232	50.5	5.67e-83	299
m0366	m0168	52.9	1.26e-82	297
m0366	m0001	52.5	3.67e-82	296
m0366	m0235	51.0	6.27e-82	295
m0366	m0272	51.3	1.07e-81	294
m0366	m0124	50.2	1.07e-81	294
m0366	m0230	52.4	1.82e-81	294
m0366	m0134	49.8	3.11e-81	293
m0366	m0306	52.3	9.05e-81	291
m0366	m0012	49.8	1.54e-80	290
m0366	m0299	49.8	2.63e-80	290
m0366	m0086	51.6	1e-79	288
m0366	m0233	49.5	1.71e-79	287
m0366	m0268	53.7	4.97e-79	285
m0366	m0141	52.1	1.89e-78	283
m0366	m0002	53.9	1.89e-78	283
m0366	m0131	51.8	2.46e-78	283
m0366	m0305	49.8	7.17e-78	282
m0366	m0103	51.1	7.17e-78	282
m0366	m0262	50.2	9.36e-78	281
m0366	m0123	50.0	1.35e-76	277
m0366	m0073	50.5	1.35e-76	277
m0366	m0054	49.6	3.01e-76	276
m0366	m0098	47.1	3.93e-76	276
m0366	m0319	50.4	8.76e-76	275
m0366	m0334	50.0	1.49e-75	274
m0366	m0062	47.4	2.55e-75	273
m0366	m0045	48.6	4.35e-75	272
m0366	m0083	48.7	4.81e-74	269
m0366	m0187	50.6	8.2e-74	268
m0366	m0331	49.4	1.83e-73	267
m0366	m0311	47.5	9.07e-73	265
m0366	m0011	47.5	1.18e-72	264
m0366	m0317	46.8	1.55e-72	264
m0366	m0070	48.2	4.5e-72	262
m0366	m0348	47.9	4.5e-72	262
m0366	m0090	48.0	7.68e-72	262
m0366	m0066	46.7	6.5e-71	258
m0366	m0294	48.7	9.39e-70	255
m0366	m0097	46.7	9.39e-70	255
m0366	m0017	46.8	1.6e-69	254
m0366	m0343	46.7	7.95e-69	252
m0366	m0033	45.9	1.04e-68	251
m0366	m0149	48.3	1.36e-68	251
m0366	m0333	46.9	3.94e-68	249
m0366	m0267	46.2	6.73e-68	248
m0366	m0282	46.4	1.15e-67	248
m0366	m0252	47.9	2.56e-67	247
m0366	m0125	47.1	3.34e-67	246
m0366	m0326	45.2	3.34e-67	246
m0366	m0365	45.7	4.36e-67	246
m0366	m0281	47.6	7.44e-67	245
m0366	m0173	48.9	1.66e-66	244
m0366	m0188	46.7	1.66e-66	244
m0366	m0277	45.8	2.16e-66	243
m0366	m0113	45.8	3.69e-66	243
m0366	m0182	44.7	6.3e-66	242
m0366	m0338	47.6	1.07e-65	241
m0366	m0118	45.2	1.07e-65	241
m0366	m0163	45.1	1.07e-65	241
m0366	m0084	45.2	1.83e-65	240
m0366	m0350	46.9	1.83e-65	240
m0366	m0273	45.2	1.83e-65	240
m0366	m0133	44.9	1.83e-65	240
m0366	m0330	48.2	2.39e-65	240
m0366	m0174	48.2	2.39e-65	240
m0366	m0192	44.4	4.08e-65	239
m0366	m0296	46.1	4.08e-65	239
m0366	m0130	47.4	4.08e-65	239
m0366	m0322	46.2	6.96e-65	238
m0366	m0238	46.6	6.96e-65	238
m0366	m0159	44.0	9.09e-65	238
m0366	m0237	48.0	9.09e-65	238
m0366	m0259	45.5	1.19e-64	238
m0366	m0169	46.7	1.55e-64	237
m0366	m0036	45.3	2.65e-64	236
m0366	m0109	44.1	2.65e-64	236
m0366	m0245	42.9	3.45e-64	236
m0366	m0347	47.4	3.45e-64	236
m0366	m0158	45.7	3.45e-64	236
m0366	m0341	44.3	4.51e-64	236
m0366	m0214	45.0	5.89e-64	235
m0366	m0154	45.7	1.01e-63	235
m0366	m0248	46.8	2.24e-63	233
m0366	m0076	47.1	2.92e-63	233
m0366	m0120	43.2	2.92e-63	233
m0366	m0297	46.8	2.92e-63	233
m0366	m0316	46.7	3.82e-63	233
m0366	m0065	41.3	4.99e-63	232
m0366	m0088	45.2	4.99e-63	232
m0366	m0068	44.2	4.99e-63	232
m0366	m0198	44.1	4.99e-63	232
m0366	m0094	44.3	4.99e-63	232
m0366	m0138	46.6	6.51e-63	232
m0366	m0050	45.6	8.51e-63	231
m0366	m0295	44.6	8.51e-63	231
m0366	m0216	45.5	8.51e-63	231
m0366	m0014	47.1	8.51e-63	231
m0366	m0342	46.3	1.11e-62	231
m0366	m0206	45.5	1.11e-62	231
m0366	m0215	46.7	1.45e-62	231
m0366	m0096	46.7	1.9e-62	230
m0366	m0183	44.8	3.23e-62	230
m0366	m0254	45.1	4.22e-62	229
m0366	m0043	45.3	4.22e-62	229
m0366	m0037	41.8	4.22e-62	229
m0366	m0324	45.8	5.52e-62	229
m0366	m0291	41.6	7.2e-62	228
m0366	m0157	44.9	9.41e-62	228
m0366	m0161	46.4	9.41e-62	228
m0366	m0023	45.0	9.41e-62	228
m0366	m0364	46.3	9.41e-62	228
m0366	m0227	45.1	1.23e-61	228
m0366	m0144	42.7	1.23e-61	228
m0366	m0335	44.1	1.6e-61	227
m0366	m0039	44.1	1.6e-61	227
m0366	m0178	45.1	2.74e-61	226
m0366	m0249	43.8	2.74e-61	226
m0366	m0111	43.0	6.1e-61	225
m0366	m0031	43.0	1.04e-60	225
m0366	m0320	43.2	1.04e-60	225
m0366	m0093	44.4	1.36e-60	224
m0366	m0346	44.2	1.36e-60	224
m0366	m0006	43.7	2.32e-60	223
m0366	m0176	43.1	2.32e-60	223
m0366	m0217	47.0	2.32e-60	223
m0366	m0047	44.9	3.95e-60	223
m0366	m0067	40.8	5.16e-60	222
m0366	m0063	43.5	8.81e-60	221
m0366	m0313	42.3	8.81e-60	221
m0366	m0352	41.1	1.5e-59	221
m0366	m0314	41.1	1.96e-59	220
m0366	m0244	43.8	1.96e-59	220
m0366	m0337	41.0	2.56e-59	220
m0366	m0175	41.7	4.37e-59	219
m0366	m0279	45.0	5.71e-59	219
m0366	m0079	40.3	1.27e-58	218
m0366	m0172	43.3	2.17e-58	217
m0366	m0205	43.1	6.31e-58	215
m0366	m0191	43.7	8.24e-58	215
m0366	m0074	41.3	8.24e-58	215
m0366	m0184	39.6	1.84e-57	214
m0366	m0101	40.3	2.4e-57	213
m0366	m0355	40.5	3.13e-57	213
m0366	m0025	40.6	1.19e-56	211
m0366	m0264	39.0	1.19e-56	211
m0366	m0194	39.2	2.03e-56	210
m0366	m0167	40.1	1.01e-55	208
m0366	m0071	41.5	8.53e-55	205
m0366	m0077	41.1	1.45e-54	204
m0366	m0357	40.8	7.22e-54	202
m0366	m0095	39.7	1.61e-53	201
m0366	m0243	41.8	3.58e-53	200
m0366	m0283	44.9	6.11e-53	199
m0366	m0210	42.7	8.83e-52	195
m0366	m0102	39.1	1.15e-51	195
m0366	m0028	36.8	9.76e-51	191
m0366	m0051	41.5	3.71e-50	190
m0366	m0165	40.1	2.4e-49	187
m0366	m0040	40.5	4.1e-49	186
m0366	m0104	40.5	6.99e-49	185
m0366	m0170	39.5	1.72e-47	181
m0366	m0128	41.5	5.01e-47	179
m0366	m0162	38.1	6.55e-47	179
m0366	m0285	39.2	1.46e-46	178
m0366	m0005	33.7	2.25e-39	154
m0366	m0274	33.3	2.41e-33	134
m0366	m0288	26.6	1.24e-29	121
m0366	m0160	27.7	7.04e-25	106
m0366	m0137	28.7	1.33e-23	101
m0366	m0293	27.2	4.27e-22	96
m0366	m0202	25.5	1.24e-21	95
m0366	m0228	27.1	2.43e-17	80
m0366	m0360	25.9	3.5e-16	77
m0366	m0275	25.0	8.63e-15	72
m0366	m0185	25.5	8.08e-13	65
m0366	m0278	28.7	4.01e-12	63
m0366	m0266	27.8	6.84e-12	62
m0366	m0041	25.9	1.17e-11	62
m0366	m0122	26.3	1.52e-11	61
m0366	m0265	26.0	3.39e-11	60
m0366	m0064	25.2	4.43e-11	60
m0366	m0292	28.0	1.86e-09	54
m0366	m0016	23.8	7.82e-08	49
m0366	m0219	26.9	1.93e-06	44
m0366	m0016	26.0	9.56e-06	42
m0366	m0026	27.1	1.63e-05	41
m0366	m0344	24.0	2.78e-05	40
m0366	m0345	34.1	0.000138	38
m0366	m0219	29.7	0.000525	36
m0366	m0143	23.6	0.000895	35
m0366	m0327	24.8	0.00153	35
m0366	m0290	35.2	0.00199	34
m0366	m0307	24.4	0.00444	33
m0366	m0177	26.1	0.0491	30
m0366	m0255	24.3	0.143	28
m0366	m0321	26.4	0.187	28
m0366	m0061	28.7	0.318	27
m0366	m0060	23.5	0.318	27
m0366	m0325	28.4	0.709	26
m0366	m0007	41.9	1.21	25
m0366	m0239	61.5	1.21	25
m0366	m0099	26.9	2.69	24
m0366	m0075	40.5	2.69	24
m0366	m0146	31.4	3.52	23
m0366	m0199	50.0	4.6	23
m0365	m0118	71.2	3.17e-118	416
m0365	m0054	67.2	1.58e-101	360
m0365	m0001	59.8	5.63e-91	325
m0365	m0232	58.4	9.61e-91	324
m0365	m0247	56.1	8.14e-90	321
m0365	m0306	56.3	9e-89	318
m0365	m0233	56.1	2e-88	317
m0365	m0230	56.9	3.2e-86	309
m0365	m0193	55.2	3.2e-86	309
m0365	m0299	55.1	5.46e-86	309
m0365	m0187	59.1	2.29e-84	303
m0365	m0272	54.3	2.99e-84	303
m0365	m0083	53.9	8.71e-84	301
m0365	m0229	56.5	4.32e-83	299
m0365	m0331	56.0	2.15e-82	297
m0365	m0168	52.7	2.8e-82	296
m0365	m0235	52.0	3.66e-82	296
m0365	m0123	52.8	4.78e-82	295
m0365	m0317	52.5	8.16e-82	295
m0365	m0045	51.8	8.16e-82	295
m0365	m0311	55.0	1.39e-81	294
m0365	m0141	56.5	2.37e-81	293
m0365	m0319	52.7	4.05e-81	292
m0365	m0062	56.1	5.29e-81	292
m0365	m0339	52.6	1.18e-80	291
m0365	m0131	52.9	1.18e-80	291
m0365	m0012	52.4	1.54e-80	290
m0365	m0103	53.8	4.48e-80	289
m0365	m0011	54.9	7.63e-80	288
m0365	m0124	50.9	1.7e-79	287
m0365	m0134	52.0	2.22e-79	287
m0365	m0234	50.9	6.46e-79	285
m0365	m0334	50.9	6.46e-79	285
m0365	m0002	53.7	7.14e-78	282
m0365	m0262	49.5	1.59e-77	280
m0365	m0305	50.5	4.63e-77	279
m0365	m0294	51.8	3e-76	276
m0365	m0268	53.3	2.15e-74	270
m0365	m0086	49.1	3.67e-74	269
m0365	m0155	47.5	1.07e-73	268
m0365	m0166	46.8	6.92e-73	265
m0365	m0231	48.7	4.2e-70	256
m0365	m0149	47.7	5.48e-70	255
m0365	m0043	47.1	2.72e-69	253
m0365	m0069	47.9	3.55e-69	253
m0365	m0197	47.6	2.3e-68	250
m0365	m0109	46.7	3.33e-67	246
m0365	m0084	45.6	5.67e-67	245
m0365	m0048	46.4	5.67e-67	245
m0365	m0033	47.8	5.67e-67	245
m0365	m0120	45.7	1.65e-66	244
m0365	m0192	49.6	2.82e-66	243
m0365	m0063	47.7	3.68e-66	243
m0365	m0090	44.1	1e-63	235
m0365	m0252	46.3	1.31e-63	234
m0365	m0346	48.6	1.31e-63	234
m0365	m0144	43.5	3.81e-63	233
m0365	m0097	44.1	1.45e-62	231
m0365	m0067	42.1	2.09e-61	227
m0365	m0245	41.5	1.04e-60	225
m0365	m0264	43.8	1.35e-60	224
m0365	m0357	45.8	1.77e-60	224
m0365	m0273	42.1	1.77e-60	224
m0365	m0098	42.7	2.31e-60	223
m0365	m0051	44.9	2.31e-60	223
m0365	m0101	43.4	3.02e-60	223
m0365	m0031	41.8	3.02e-60	223
m0365	m0073	41.7	5.14e-60	222
m0365	m0291	41.6	8.77e-60	221
m0365	m0348	43.9	1.5e-59	221
m0365	m0065	41.6	3.33e-59	220
m0365	m0070	43.4	5.69e-59	219
m0365	m0249	42.8	1.27e-58	218
m0365	m0355	41.9	1.65e-58	217
m0365	m0074	40.8	3.69e-58	216
m0365	m0170	44.8	6.29e-58	215
m0365	m0162	41.9	1.4e-57	214
m0365	m0191	42.9	2.39e-57	213
m0365	m0352	40.3	4.08e-57	213
m0365	m0188	40.6	4.08e-57	213
m0365	m0154	43.2	5.32e-57	212
m0365	m0176	41.7	1.19e-56	211
m0365	m0313	40.6	1.55e-56	211
m0365	m0040	44.4	2.64e-56	210
m0365	m0036	42.4	3.45e-56	210
m0365	m0104	43.9	3.45e-56	210
m0365	m0282	42.9	4.51e-56	209
m0365	m0248	42.1	5.89e-56	209
m0365	m0163	41.9	7.69e-56	208
m0365	m0037	40.1	1e-55	208
m0365	m0174	41.1	1.31e-55	208
m0365	m0277	41.1	1.71e-55	207
m0365	m0337	46.4	3.81e-55	206
m0365	m0079	37.9	3.81e-55	206
m0365	m0338	40.8	3.81e-55	206
m0365	m0295	40.7	4.98e-55	206
m0365	m0238	39.8	6.51e-55	205
m0365	m0095	39.1	8.5e-55	205
m0365	m0243	42.0	8.5e-55	205
m0365	m0350	41.2	1.11e-54	205
m0365	m0077	40.1	1.89e-54	204
m0365	m0088	42.3	1.89e-54	204
m0365	m0259	43.6	2.47e-54	203
m0365	m0071	40.4	3.23e-54	203
m0365	m0267	43.5	4.22e-54	203
m0365	m0333	41.2	7.19e-54	202
m0365	m0324	42.3	7.19e-54	202
m0365	m0364	43.0	1.23e-53	201
m0365	m0175	38.2	1.6e-53	201
m0365	m0159	41.9	1.6e-53	201
m0365	m0138	38.8	2.09e-53	200
m0365	m0076	43.5	2.09e-53	200
m0365	m0184	37.6	2.09e-53	200
m0365	m0244	39.4	2.09e-53	200
m0365	m0113	40.8	3.57e-53	200
m0365	m0125	41.4	3.57e-53	200
m0365	m0194	38.5	3.57e-53	200
m0365	m0330	40.8	4.66e-53	199
m0365	m0169	39.1	4.66e-53	199
m0365	m0183	42.5	7.95e-53	198
m0365	m0314	40.5	7.95e-53	198
m0365	m0279	42.6	7.95e-53	198
m0365	m0066	39.6	1.04e-52	198
m0365	m0014	42.1	1.36e-52	198
m0365	m0167	37.1	1.36e-52	198
m0365	m0281	40.2	1.36e-52	198
m0365	m0093	41.2	1.77e-52	197
m0365	m0173	40.9	1.77e-52	197
m0365	m0322	41.9	2.31e-52	197
m0365	m0158	38.9	3.02e-52	196
m0365	m0206	40.2	3.02e-52	196
m0365	m0215	40.1	3.02e-52	196
m0365	m0341	39.5	3.95e-52	196
m0365	m0094	40.0	5.16e-52	196
m0365	m0285	39.3	5.16e-52	196
m0365	m0296	40.9	6.73e-52	195
m0365	m0182	38.6	8.79e-52	195
m0365	m0214	39.2	1.15e-51	195
m0365	m0039	40.6	1.15e-51	195
m0365	m0297	39.6	1.15e-51	195
m0365	m0161	40.7	1.15e-51	195
m0365	m0165	41.2	1.5e-51	194
m0365	m0133	40.4	1.96e-51	194
m0365	m0326	39.7	1.96e-51	194
m0365	m0047	40.1	1.96e-51	194
m0365	m0028	38.8	2.56e-51	193
m0365	m0178	39.9	3.34e-51	193
m0365	m0006	41.2	3.34e-51	193
m0365	m0316	39.5	4.36e-51	193
m0365	m0102	41.8	5.7e-51	192
m0365	m0130	39.1	5.7e-51	192
m0365	m0017	40.4	5.7e-51	192
m0365	m0050	40.5	9.72e-51	191
m0365	m0068	39.6	9.72e-51	191
m0365	m0096	39.4	1.27e-50	191
m0365	m0210	39.9	1.66e-50	191
m0365	m0343	41.2	1.66e-50	191
m0365	m0335	39.7	1.66e-50	191
m0365	m0342	39.1	1.66e-50	191
m0365	m0025	36.4	2.17e-50	190
m0365	m0023	40.5	2.17e-50	190
m0365	m0157	39.8	2.17e-50	190
m0365	m0216	39.7	2.17e-50	190
m0365	m0347	39.1	3.69e-50	190
m0365	m0254	39.6	1.83e-49	187
m0365	m0198	37.9	2.4e-49	187
m0365	m0111	40.9	6.97e-49	185
m0365	m0217	40.5	9.1e-49	185
m0365	m0227	39.3	1.55e-48	184
m0365	m0128	40.2	2.65e-48	183
m0365	m0320	37.2	4.52e-48	183
m0365	m0172	36.9	4.52e-48	183
m0365	m0237	38.2	1.01e-47	181
m0365	m0283	42.5	3.24e-46	176
m0365	m0205	36.0	7.21e-46	175
m0365	m0005	32.4	2.57e-35	140
m0365	m0288	32.6	6.33e-34	136
m0365	m0274	35.0	2.49e-30	124
m0365	m0160	28.2	5.56e-22	96
m0365	m0202	26.3	8.03e-21	92
m0365	m0137	28.5	1.79e-20	91
m0365	m0293	30.0	2.58e-19	87
m0365	m0360	28.1	9.19e-17	79
m0365	m0228	27.2	2.67e-16	77
m0365	m0185	24.8	5.22e-12	63
m0365	m0064	25.6	6.81e-12	62
m0365	m0266	25.7	8.9e-12	62
m0365	m0041	24.7	3.38e-11	60
m0365	m0122	23.3	5.77e-11	59
m0365	m0292	24.5	1.28e-10	58
m0365	m0265	26.8	1.42e-09	55
m0365	m0275	26.9	3.16e-09	54
m0365	m0278	25.7	4.57e-08	50
m0365	m0219	30.8	1.02e-07	49
m0365	m0016	27.3	3.87e-07	47
m0365	m0136	27.3	1.13e-06	45
m0365	m0218	28.3	0.000138	38
m0365	m0344	22.4	0.0004	37
m0365	m0016	25.5	0.000523	36
m0365	m0345	44.7	0.000892	35
m0365	m0196	25.6	0.00578	33
m0365	m0307	22.2	0.0489	30
m0365	m0099	30.6	0.142	28
m0365	m0255	52.0	0.541	26
m0365	m0340	34.9	2.69	24
m0365	m0177	36.4	4.58	23
m0365	m0108	28.1	5.98	23
m0364	m0093	86.5	9.45e-234	800
m0364	m0324	85.7	1.84e-229	786
m0364	m0047	85.1	2.25e-227	779
m0364	m0157	83.2	9.8e-223	763
m0364	m0335	82.0	8.3e-222	760
m0364	m0316	82.6	1.41e-221	760
m0364	m0216	83.0	5.38e-221	758
m0364	m0006	83.3	5.38e-221	758
m0364	m0342	82.1	1.2e-220	757
m0364	m0050	81.1	2.26e-219	752
m0364	m0347	81.1	3.85e-219	752
m0364	m0096	82.4	5.03e-219	751
m0364	m0206	82.0	8.58e-219	750
m0364	m0014	81.4	1.46e-218	750
m0364	m0161	81.2	5.56e-218	748
m0364	m0254	81.8	7.27e-218	747
m0364	m0023	78.0	3.61e-209	718
m0364	m0215	84.7	4.42e-207	711
m0364	m0039	64.4	3e-163	566
m0364	m0217	60.5	3.8e-150	522
m0364	m0227	59.0	5.49e-149	518
m0364	m0138	55.4	1.23e-140	491
m0364	m0111	65.9	7.95e-140	488
m0364	m0341	55.7	5.15e-139	485
m0364	m0277	55.0	1.27e-137	481
m0364	m0113	55.9	2.1e-132	463
m0364	m0238	54.2	6.1e-132	462
m0364	m0158	51.9	3.95e-131	459
m0364	m0282	53.2	1.15e-130	458
m0364	m0322	55.2	3.35e-130	456
m0364	m0198	51.6	7.45e-130	455
m0364	m0094	52.2	1.66e-129	454
m0364	m0178	52.2	4.09e-128	449
m0364	m0244	51.5	2.65e-127	446
m0364	m0154	50.9	2.24e-126	443
m0364	m0172	49.8	2.48e-125	440
m0364	m0259	59.6	9.76e-122	428
m0364	m0025	48.2	1.27e-121	428
m0364	m0183	56.5	1.41e-120	424
m0364	m0248	55.3	1.56e-119	421
m0364	m0279	58.3	1.72e-118	417
m0364	m0163	56.8	3.04e-115	406
m0364	m0295	48.8	1.73e-110	391
m0364	m0188	59.4	5.02e-110	389
m0364	m0333	50.9	1.46e-109	387
m0364	m0281	53.8	2.49e-109	387
m0364	m0173	50.4	1.62e-108	384
m0364	m0174	59.4	3.6e-108	383
m0364	m0130	60.6	8.02e-108	382
m0364	m0350	50.1	1.79e-107	381
m0364	m0214	58.3	7.51e-106	375
m0364	m0169	57.7	1.28e-105	374
m0364	m0125	50.5	2.18e-105	374
m0364	m0296	63.9	3.73e-105	373
m0364	m0068	49.2	1.42e-104	371
m0364	m0330	62.0	2.04e-103	367
m0364	m0088	61.4	2.04e-103	367
m0364	m0338	62.2	2.26e-102	364
m0364	m0076	66.5	6.81e-99	352
m0364	m0182	54.6	6.37e-97	346
m0364	m0133	58.5	1.42e-96	344
m0364	m0237	57.9	9.2e-96	342
m0364	m0320	46.0	3.86e-94	336
m0364	m0326	57.3	3.86e-94	336
m0364	m0267	57.7	1.12e-93	335
m0364	m0343	55.6	9.52e-93	332
m0364	m0017	55.3	8.34e-89	319
m0364	m0297	46.8	5.98e-87	312
m0364	m0205	53.9	2.78e-84	304
m0364	m0103	51.3	3.51e-79	287
m0364	m0334	53.0	1.74e-78	284
m0364	m0123	56.9	1.74e-78	284
m0364	m0299	52.9	7.32e-77	279
m0364	m0319	49.5	8.95e-75	272
m0364	m0155	51.5	1.99e-74	271
m0364	m0306	51.2	7.58e-74	269
m0364	m0235	50.2	9.9e-74	268
m0364	m0001	50.5	1.29e-73	268
m0364	m0233	50.2	1.69e-73	268
m0364	m0134	49.3	3.76e-73	267
m0364	m0131	50.7	3.76e-73	267
m0364	m0232	47.8	6.41e-73	266
m0364	m0234	50.2	8.38e-73	265
m0364	m0230	50.0	1.09e-72	265
m0364	m0086	50.3	1.43e-72	265
m0364	m0272	48.7	4.16e-72	263
m0364	m0247	48.1	1.34e-70	258
m0364	m0193	47.6	3.89e-70	257
m0364	m0231	46.8	1.48e-69	255
m0364	m0141	50.8	3.29e-69	253
m0364	m0229	51.4	5.62e-69	253
m0364	m0262	45.5	2.79e-68	250
m0364	m0097	47.5	3.64e-68	250
m0364	m0048	47.4	1.06e-67	248
m0364	m0166	46.4	1.38e-67	248
m0364	m0069	49.0	2.36e-67	247
m0364	m0002	49.2	3.08e-67	247
m0364	m0073	45.2	1.53e-66	245
m0364	m0062	44.4	1.53e-66	245
m0364	m0339	47.9	9.92e-66	242
m0364	m0348	48.1	9.92e-66	242
m0364	m0011	47.5	1.69e-65	241
m0364	m0305	46.6	2.21e-65	241
m0364	m0033	45.6	2.21e-65	241
m0364	m0197	45.7	4.92e-65	240
m0364	m0192	47.4	8.4e-65	239
m0364	m0054	46.9	8.4e-65	239
m0364	m0012	46.8	1.1e-64	238
m0364	m0070	46.1	1.43e-64	238
m0364	m0187	49.6	2.44e-64	237
m0364	m0311	45.6	1.58e-63	235
m0364	m0045	47.1	2.7e-63	234
m0364	m0268	48.3	2.7e-63	234
m0364	m0098	45.3	2.7e-63	234
m0364	m0168	44.8	6.02e-63	233
m0364	m0124	45.5	1.03e-62	232
m0364	m0317	46.4	1.75e-62	231
m0364	m0084	43.7	5.09e-62	230
m0364	m0149	44.6	1.94e-61	228
m0364	m0083	45.2	2.53e-61	227
m0364	m0273	45.5	3.3e-61	227
m0364	m0245	46.0	7.36e-61	226
m0364	m0043	46.5	7.36e-61	226
m0364	m0294	47.7	3.65e-60	223
m0364	m0331	47.7	1.06e-59	222
m0364	m0252	44.0	1.81e-59	221
m0364	m0109	43.6	1.17e-58	218
m0364	m0063	44.3	9.94e-58	215
m0364	m0090	42.5	4.93e-57	213
m0364	m0118	44.8	8.42e-57	212
m0364	m0144	41.3	1.1e-56	212
m0364	m0066	40.1	1.75e-54	205
m0364	m0120	40.5	3.91e-54	203
m0364	m0031	44.2	1.49e-53	201
m0364	m0355	41.1	4.32e-53	200
m0364	m0101	40.0	1.06e-51	195
m0364	m0264	40.8	2.37e-51	194
m0364	m0074	42.8	1.18e-50	192
m0364	m0313	42.2	5.84e-50	190
m0364	m0291	39.5	1.7e-49	188
m0364	m0346	39.3	3.79e-49	187
m0364	m0352	38.9	6.46e-49	186
m0364	m0175	39.7	8.44e-49	186
m0364	m0337	40.1	8.44e-49	186
m0364	m0191	39.0	7.14e-48	183
m0364	m0065	41.5	9.33e-48	182
m0364	m0184	39.5	9.33e-48	182
m0364	m0040	39.7	1.59e-47	181
m0364	m0067	38.2	2.71e-47	181
m0364	m0077	39.4	4.63e-47	180
m0364	m0176	37.8	1.35e-46	178
m0364	m0104	41.1	1.76e-46	178
m0364	m0210	37.6	2.3e-46	178
m0364	m0357	41.4	3e-46	177
m0364	m0167	38.7	6.68e-46	176
m0364	m0036	40.3	1.14e-45	175
m0364	m0285	38.8	1.49e-45	175
m0364	m0079	37.0	1.49e-45	175
m0364	m0071	39.1	3.32e-45	174
m0364	m0194	36.9	5.66e-45	173
m0364	m0162	40.1	5.66e-45	173
m0364	m0314	39.1	1.65e-44	171
m0364	m0102	36.1	1.65e-44	171
m0364	m0051	39.9	2.15e-44	171
m0364	m0249	38.4	4.79e-44	170
m0364	m0283	40.1	6.26e-44	169
m0364	m0028	39.1	8.17e-44	169
m0364	m0243	37.0	1.07e-43	169
m0364	m0037	38.0	3.1e-43	167
m0364	m0159	38.1	5.3e-43	166
m0364	m0095	35.1	5.3e-43	166
m0364	m0128	39.3	6.92e-43	166
m0364	m0170	37.8	2.63e-42	164
m0364	m0165	37.5	1.35e-38	152
m0364	m0005	36.7	1.49e-37	148
m0364	m0274	32.1	7.41e-37	146
m0364	m0288	30.8	1.15e-29	122
m0364	m0137	29.2	3.45e-26	111
m0364	m0160	28.7	8.49e-25	106
m0364	m0202	26.8	1.27e-20	92
m0364	m0293	27.8	2.39e-19	88
m0364	m0278	32.1	4.99e-17	80
m0364	m0185	29.4	1.9e-16	78
m0364	m0228	30.6	4.67e-15	74
m0364	m0360	24.8	1.36e-14	72
m0364	m0265	24.9	6.75e-14	70
m0364	m0292	29.1	8.81e-14	69
m0364	m0041	27.7	8.81e-14	69
m0364	m0275	28.0	2.17e-12	65
m0364	m0064	28.9	2.65e-10	58
m0364	m0266	26.7	3.46e-10	57
m0364	m0122	24.0	5e-09	54
m0364	m0307	23.3	4.38e-05	40
m0364	m0279	24.2	0.000633	37
m0364	m0219	26.9	0.000827	36
m0364	m0327	23.4	0.00184	35
m0364	m0016	23.5	0.00914	33
m0364	m0129	30.0	0.0156	32
m0364	m0099	27.3	0.0156	32
m0364	m0143	22.9	0.0156	32
m0364	m0345	43.2	0.0204	32
m0364	m0177	27.1	0.0592	30
m0364	m0290	29.8	0.0774	30
m0364	m0357	25.2	0.0774	30
m0364	m0217	33.9	0.172	28
m0364	m0213	33.3	0.384	27
m0364	m0344	23.6	0.384	27
m0364	m0146	23.2	0.384	27
m0364	m0004	29.9	0.384	27
m0364	m0099	32.1	0.655	27
m0364	m0148	52.2	0.655	27
m0364	m0325	25.0	0.855	26
m0364	m0060	20.8	0.855	26
m0364	m0065	23.6	0.855	26
m0364	m0056	27.9	1.12	26
m0364	m0352	35.4	1.46	25
m0364	m0026	24.2	2.49	25
m0364	m0022	32.9	2.49	25
m0364	m0132	50.0	4.25	24
m0364	m0325	32.6	5.54	23
m0363	m0008	83.1	5.27e-213	731
m0363	m0115	52.7	1.05e-120	424
m0363	m0240	36.0	1.4e-72	265
m0363	m0150	31.5	3.35e-50	190
m0363	m0059	32.2	7.99e-44	169
m0363	m0189	29.8	7.99e-44	169
m0363	m0027	27.0	1.46e-37	148
m0363	m0139	30.3	1.91e-37	148
m0363	m0328	29.3	4.11e-32	130
m0363	m0263	28.9	5.37e-32	130
m0363	m0302	33.6	7.01e-32	129
m0363	m0271	36.1	7.26e-29	119
m0363	m0200	31.7	1.16e-26	112
m0363	m0224	36.9	7.51e-26	109
m0363	m0308	28.0	3.73e-25	107
m0363	m0145	38.5	1.42e-24	105
m0363	m0018	30.2	1.57e-23	102
m0363	m0359	29.4	2.76e-20	91
m0363	m0145	24.0	6.39e-09	53
m0363	m0224	24.4	0.00235	35
m0363	m0271	22.8	0.0152	32
m0363	m0333	26.4	0.034	31
m0363	m0247	31.1	0.22	28
m0363	m0200	24.1	0.64	27
m0363	m0105	28.3	3.18	24
m0363	m0147	31.0	3.18	24
m0363	m0234	40.0	5.42	23
m0363	m0151	23.2	5.42	23
m0363	m0246	30.8	9.25	23
m0363	m0137	38.1	9.25	23
m0363	m0186	38.5	9.25	23
m0362	m0226	38.6	3.24e-44	170
m0362	m0009	36.4	3.24e-44	170
m0362	m0082	37.0	6.12e-43	166
m0362	m0085	35.3	6.12e-43	166
m0362	m0276	34.1	6.12e-43	166
m0362	m0323	36.6	6.12e-43	166
m0362	m0318	36.4	3.36e-41	160
m0362	m0087	32.8	1.67e-40	158
m0362	m0046	36.4	3.71e-40	156
m0362	m0151	33.8	8.27e-40	155
m0362	m0246	33.5	1.08e-39	155
m0362	m0251	34.8	3.47e-38	150
m0362	m0029	35.5	1.72e-37	148
m0362	m0058	33.8	3.84e-37	146
m0362	m0190	33.9	6.55e-37	146
m0362	m0287	32.4	1.12e-36	145
m0362	m0049	34.7	2.49e-36	144
m0362	m0209	32.3	5.54e-36	143
m0362	m0186	34.9	2.11e-35	141
m0362	m0358	34.7	3.59e-35	140
m0362	m0354	36.1	6.13e-35	139
m0362	m0019	33.8	6.78e-34	136
m0362	m0110	30.4	1.97e-33	134
m0362	m0222	34.6	6.34e-32	129
m0362	m0106	29.3	1.01e-29	122
m0362	m0179	28.9	3.85e-29	120
m0362	m0105	30.1	5.03e-29	119
m0362	m0318	37.8	1.24e-27	115
m0362	m0164	37.6	1.37e-26	111
m0362	m0186	39.4	1.16e-25	108
m0362	m0256	34.9	1.51e-25	108
m0362	m0112	30.6	5.75e-25	106
m0362	m0207	29.8	9.81e-25	105
m0362	m0284	38.0	4.87e-24	103
m0362	m0171	29.4	8.3e-24	102
m0362	m0242	29.7	1.57e-22	98
m0362	m0269	27.9	1.02e-21	95
m0362	m0220	30.3	5.04e-21	93
m0362	m0135	28.2	7.28e-20	89
m0362	m0164	54.9	3.99e-18	83
m0362	m0221	27.2	4.41e-17	80
m0362	m0284	43.0	1.02e-13	69
m0362	m0225	20.9	0.26	27
m0362	m0129	23.8	0.988	25
m0362	m0312	28.5	1.29	25
m0362	m0123	31.4	3.75	23
m0362	m0320	25.5	4.9	23
m0362	m0156	31.5	8.36	22
m0362	m0304	38.7	8.36	22
m0361	m0289	35.3	8.12e-62	229
m0361	m0225	29.8	1.7e-51	195
m0361	m0114	41.6	2.89e-51	194
m0361	m0208	36.0	2.72e-41	161
m0361	m0030	32.6	4.65e-25	107
m0361	m0132	27.9	2.32e-08	52
m0361	m0147	29.5	2.57e-07	48
m0361	m0148	23.2	6.99e-05	40
m0361	m0353	29.7	0.00172	35
m0361	m0082	25.0	0.0424	31
m0361	m0198	29.6	3.97	24
m0360	m0293	78.4	3.35e-139	485
m0360	m0202	42.8	5.46e-65	239
m0360	m0037	27.7	8.52e-26	109
m0360	m0101	26.3	1.23e-24	105
m0360	m0264	28.0	1.04e-23	102
m0360	m0355	29.8	1.36e-23	101
m0360	m0291	26.9	2.32e-23	101
m0360	m0074	28.3	5.17e-23	99
m0360	m0288	29.4	6.75e-23	99
m0360	m0031	28.2	1.5e-22	98
m0360	m0083	28.7	2.57e-22	97
m0360	m0144	25.8	7.47e-22	96
m0360	m0176	25.9	7.47e-22	96
m0360	m0317	28.3	9.75e-22	95
m0360	m0357	27.0	1.66e-21	94
m0360	m0245	25.0	1.66e-21	94
m0360	m0187	29.0	2.17e-21	94
m0360	m0109	27.6	3.71e-21	93
m0360	m0313	26.6	4.84e-21	93
m0360	m0067	26.0	4.84e-21	93
m0360	m0073	28.7	8.25e-21	92
m0360	m0120	26.6	1.84e-20	91
m0360	m0192	28.0	1.84e-20	91
m0360	m0314	26.9	2.4e-20	91
m0360	m0141	28.3	2.4e-20	91
m0360	m0234	27.3	2.4e-20	91
m0360	m0065	24.9	2.4e-20	91
m0360	m0124	28.3	2.4e-20	91
m0360	m0012	27.5	3.14e-20	90
m0360	m0066	31.0	3.14e-20	90
m0360	m0071	25.3	4.1e-20	90
m0360	m0184	26.0	4.1e-20	90
m0360	m0045	26.9	4.1e-20	90
m0360	m0167	26.1	5.35e-20	89
m0360	m0002	28.4	5.35e-20	89
m0360	m0079	27.4	6.99e-20	89
m0360	m0299	26.5	6.99e-20	89
m0360	m0235	27.9	9.13e-20	89
m0360	m0232	27.4	9.13e-20	89
m0360	m0249	26.2	9.13e-20	89
m0360	m0193	30.2	9.13e-20	89
m0360	m0175	25.6	2.66e-19	87
m0360	m0123	25.7	4.53e-19	86
m0360	m0077	25.0	5.92e-19	86
m0360	m0001	25.3	5.92e-19	86
m0360	m0095	24.5	1.32e-18	85
m0360	m0194	26.7	1.72e-18	84
m0360	m0243	25.5	2.94e-18	84
m0360	m0331	27.6	2.94e-18	84
m0360	m0168	25.2	2.94e-18	84
m0360	m0084	26.5	2.94e-18	84
m0360	m0352	26.2	3.83e-18	83
m0360	m0118	27.4	3.83e-18	83
m0360	m0197	24.8	6.54e-18	82
m0360	m0191	25.4	6.54e-18	82
m0360	m0262	26.3	8.54e-18	82
m0360	m0149	25.2	1.12e-17	82
m0360	m0069	27.2	1.12e-17	82
m0360	m0334	28.1	1.12e-17	82
m0360	m0103	27.6	1.12e-17	82
m0360	m0155	27.5	1.12e-17	82
m0360	m0098	28.7	2.49e-17	80
m0360	m0346	26.1	2.49e-17	80
m0360	m0090	25.5	2.49e-17	80
m0360	m0134	27.7	3.25e-17	80
m0360	m0283	28.9	3.25e-17	80
m0360	m0305	26.7	3.25e-17	80
m0360	m0043	26.9	4.24e-17	80
m0360	m0339	26.8	9.44e-17	79
m0360	m0036	24.9	9.44e-17	79
m0360	m0131	25.7	9.44e-17	79
m0360	m0273	26.8	1.23e-16	78
m0360	m0028	24.9	1.23e-16	78
m0360	m0274	27.9	1.23e-16	78
m0360	m0062	24.9	2.1e-16	77
m0360	m0068	24.8	2.75e-16	77
m0360	m0086	26.5	3.59e-16	77
m0360	m0233	25.6	3.59e-16	77
m0360	m0272	24.8	4.69e-16	76
m0360	m0011	26.5	4.69e-16	76
m0360	m0040	27.2	4.69e-16	76
m0360	m0054	23.3	8e-16	75
m0360	m0159	26.5	8e-16	75
m0360	m0230	24.9	8e-16	75
m0360	m0162	25.8	1.04e-15	75
m0360	m0319	26.7	1.04e-15	75
m0360	m0214	26.8	1.04e-15	75
m0360	m0063	26.5	1.04e-15	75
m0360	m0326	26.6	1.36e-15	75
m0360	m0275	25.1	1.36e-15	75
m0360	m0337	28.0	2.33e-15	74
m0360	m0252	23.8	2.33e-15	74
m0360	m0229	26.2	3.04e-15	74
m0360	m0102	28.9	3.04e-15	74
m0360	m0285	26.1	3.04e-15	74
m0360	m0247	24.5	3.04e-15	74
m0360	m0097	26.0	3.97e-15	73
m0360	m0268	24.3	5.18e-15	73
m0360	m0005	28.0	6.77e-15	72
m0360	m0267	26.1	6.77e-15	72
m0360	m0160	25.5	8.84e-15	72
m0360	m0306	27.1	8.84e-15	72
m0360	m0210	25.4	8.84e-15	72
m0360	m0348	25.9	1.15e-14	72
m0360	m0166	23.7	1.15e-14	72
m0360	m0048	25.2	1.15e-14	72
m0360	m0320	26.9	1.51e-14	71
m0360	m0206	26.2	1.51e-14	71
m0360	m0070	24.5	1.51e-14	71
m0360	m0170	25.2	1.51e-14	71
m0360	m0311	25.6	1.51e-14	71
m0360	m0096	26.3	1.97e-14	71
m0360	m0324	25.4	1.97e-14	71
m0360	m0231	24.7	1.97e-14	71
m0360	m0205	27.0	2.57e-14	70
m0360	m0051	25.3	2.57e-14	70
m0360	m0104	26.1	2.57e-14	70
m0360	m0279	25.6	2.57e-14	70
m0360	m0006	25.1	4.39e-14	70
m0360	m0093	25.9	4.39e-14	70
m0360	m0111	25.7	4.39e-14	70
m0360	m0198	28.6	4.39e-14	70
m0360	m0014	26.7	5.73e-14	69
m0360	m0347	23.7	7.48e-14	69
m0360	m0017	25.6	7.48e-14	69
m0360	m0335	24.3	7.48e-14	69
m0360	m0165	23.0	9.77e-14	69
m0360	m0172	24.8	1.28e-13	68
m0360	m0188	23.7	1.28e-13	68
m0360	m0161	26.3	1.28e-13	68
m0360	m0316	25.1	1.28e-13	68
m0360	m0130	24.8	1.67e-13	68
m0360	m0133	25.3	1.67e-13	68
m0360	m0050	25.5	2.84e-13	67
m0360	m0342	23.3	3.71e-13	67
m0360	m0282	25.5	3.71e-13	67
m0360	m0125	24.6	3.71e-13	67
m0360	m0173	24.0	4.85e-13	66
m0360	m0158	26.2	6.34e-13	66
m0360	m0254	24.3	6.34e-13	66
m0360	m0330	24.9	1.08e-12	65
m0360	m0033	25.2	1.08e-12	65
m0360	m0244	23.1	1.08e-12	65
m0360	m0216	23.2	1.08e-12	65
m0360	m0137	24.2	1.08e-12	65
m0360	m0047	23.4	1.41e-12	65
m0360	m0343	25.1	1.41e-12	65
m0360	m0157	23.3	1.41e-12	65
m0360	m0169	24.0	1.41e-12	65
m0360	m0248	25.4	1.41e-12	65
m0360	m0333	23.4	2.41e-12	64
m0360	m0128	23.0	3.14e-12	64
m0360	m0138	24.0	3.14e-12	64
m0360	m0185	24.4	4.11e-12	63
m0360	m0174	23.8	4.11e-12	63
m0360	m0281	24.4	4.11e-12	63
m0360	m0088	23.2	4.11e-12	63
m0360	m0023	23.9	4.11e-12	63
m0360	m0277	25.3	4.11e-12	63
m0360	m0076	24.2	5.36e-12	63
m0360	m0215	24.0	7e-12	62
m0360	m0297	24.8	7e-12	62
m0360	m0094	26.0	1.19e-11	62
m0360	m0178	24.9	1.19e-11	62
m0360	m0350	23.4	1.56e-11	61
m0360	m0322	24.3	1.56e-11	61
m0360	m0338	23.1	1.56e-11	61
m0360	m0163	24.0	2.04e-11	61
m0360	m0238	24.7	2.66e-11	60
m0360	m0296	23.5	3.48e-11	60
m0360	m0182	24.0	3.48e-11	60
m0360	m0295	25.4	4.54e-11	60
m0360	m0154	24.9	4.54e-11	60
m0360	m0113	24.7	5.93e-11	59
m0360	m0025	24.0	5.93e-11	59
m0360	m0237	23.8	7.74e-11	59
m0360	m0341	24.6	6.56e-10	56
m0360	m0064	24.4	8.56e-10	55
m0360	m0294	23.2	1.12e-09	55
m0360	m0041	26.3	2.49e-09	54
m0360	m0039	23.8	2.49e-09	54
m0360	m0183	22.4	4.25e-09	53
m0360	m0227	21.8	1.61e-08	51
m0360	m0259	22.4	1.61e-08	51
m0360	m0228	22.8	6.14e-08	49
m0360	m0217	22.2	8.01e-08	49
m0360	m0292	24.4	1.05e-07	49
m0360	m0307	28.6	5.19e-07	46
m0360	m0266	26.7	7.5e-06	42
m0360	m0016	26.2	4.86e-05	40
m0360	m0219	25.2	0.000917	35
m0360	m0136	26.0	0.00348	33
m0360	m0218	28.8	0.00455	33
m0360	m0345	31.5	0.326	27
m0360	m0146	60.0	1.62	25
m0360	m0349	25.7	2.76	24
m0360	m0053	23.6	3.61	23
m0360	m0001	23.8	8.03	22
m0360	m0091	30.6	8.03	22
m0360	m0300	32.5	8.03	22
m0359	m0200	32.7	4.45e-84	303
m0359	m0139	25.9	1.9e-26	112
m0359	m0008	26.7	3.35e-23	101
m0359	m0240	25.6	6.32e-22	97
m0359	m0115	30.5	1.41e-21	96
m0359	m0027	25.5	4.24e-18	84
m0359	m0271	29.0	3.97e-16	77
m0359	m0263	24.3	5.19e-16	77
m0359	m0150	28.0	8.84e-16	76
m0359	m0302	24.0	1.16e-15	76
m0359	m0145	32.0	3.36e-15	74
m0359	m0059	26.9	9.78e-15	73
m0359	m0328	27.5	1.08e-13	69
m0359	m0018	28.8	5.93e-12	64
m0359	m0189	24.8	2.94e-11	61
m0359	m0224	22.9	8.57e-11	60
m0359	m0308	23.6	3.6e-09	54
m0359	m0226	27.5	0.162	29
m0359	m0049	30.6	0.276	28
m0359	m0323	31.9	0.615	27
m0359	m0110	37.2	0.804	27
m0359	m0315	32.6	1.79	25
m0359	m0106	39.6	3.05	25
m0359	m0211	34.2	5.21	24
m0359	m0354	25.0	6.8	23
m0359	m0009	33.3	8.89	23
m0359	m0023	41.9	8.89	23
m0358	m0112	41.5	4.34e-54	203
m0358	m0087	41.7	5.66e-54	202
m0358	m0186	43.4	7.4e-54	202
m0358	m0151	42.0	5.86e-51	192
m0358	m0009	35.9	5.86e-51	192
m0358	m0190	38.5	7.65e-51	192
m0358	m0049	38.9	4.96e-50	189
m0358	m0354	41.0	4.96e-50	189
m0358	m0085	37.0	9.36e-49	185
m0358	m0209	40.9	6.07e-48	182
m0358	m0226	38.7	1.03e-47	181
m0358	m0256	42.2	1.03e-47	181
m0358	m0082	41.2	1.49e-46	178
m0358	m0019	37.2	1.95e-46	177
m0358	m0323	37.1	3.33e-46	176
m0358	m0164	39.0	5.68e-46	176
m0358	m0058	36.2	1.55e-43	168
m0358	m0046	36.2	4.97e-42	163
m0358	m0106	37.2	1.11e-41	161
m0358	m0251	35.5	3.22e-41	160
m0358	m0246	33.9	7.18e-41	159
m0358	m0287	35.5	2.09e-40	157
m0358	m0029	33.9	1.35e-39	154
m0358	m0110	34.0	1.27e-37	148
m0358	m0222	34.7	1.66e-37	148
m0358	m0179	31.2	8.22e-37	145
m0358	m0105	32.0	3.12e-36	143
m0358	m0276	42.4	9.08e-36	142
m0358	m0318	42.4	1.31e-34	138
m0358	m0135	34.5	1.04e-31	128
m0358	m0221	35.5	3.02e-31	127
m0358	m0171	33.8	1.96e-30	124
m0358	m0242	29.4	3.7e-29	120
m0358	m0284	40.3	8.24e-29	119
m0358	m0269	30.7	1.11e-25	108
m0358	m0207	27.8	7.98e-24	102
m0358	m0220	31.7	7.98e-24	102
m0358	m0220	35.0	3.03e-23	100
m0358	m0284	49.0	8.56e-10	55
m0358	m0276	28.4	2.75e-08	50
m0358	m0318	38.9	3.98e-07	47
m0358	m0005	25.2	0.949	25
m0358	m0326	25.7	2.11	24
m0358	m0328	24.4	3.61	23
m0358	m0150	52.2	6.15	23
m0358	m0147	29.4	8.03	22
m0357	m0036	60.1	2.33e-106	376
m0357	m0249	61.0	6.77e-106	375
m0357	m0067	56.5	2.84e-104	369
m0357	m0037	62.1	1.08e-103	367
m0357	m0313	55.5	9.15e-103	364
m0357	m0352	54.5	2.94e-101	359
m0357	m0079	57.7	1.12e-100	357
m0357	m0291	54.4	9.47e-100	354
m0357	m0065	53.7	2.75e-99	353
m0357	m0184	56.5	4.7e-99	352
m0357	m0314	60.4	6.14e-99	352
m0357	m0176	53.8	1.05e-98	351
m0357	m0194	56.1	2.58e-97	346
m0357	m0175	55.2	9.8e-97	344
m0357	m0095	54.2	1.28e-96	344
m0357	m0167	55.7	2.41e-95	340
m0357	m0144	59.1	7.52e-89	318
m0357	m0028	56.4	9.19e-87	311
m0357	m0245	55.8	8.9e-82	295
m0357	m0101	50.5	2.59e-81	293
m0357	m0355	54.8	1.74e-77	280
m0357	m0264	54.5	3.62e-75	273
m0357	m0031	50.7	1.52e-73	267
m0357	m0232	50.2	1.29e-72	264
m0357	m0247	49.8	4.9e-72	262
m0357	m0229	49.2	1.86e-71	260
m0357	m0001	49.3	9.23e-71	258
m0357	m0193	50.6	2.06e-70	257
m0357	m0074	48.3	5.99e-70	255
m0357	m0045	49.1	2.97e-69	253
m0357	m0131	48.7	3.88e-69	253
m0357	m0168	50.0	5.07e-69	252
m0357	m0187	48.1	1.13e-68	251
m0357	m0334	46.0	1.93e-68	250
m0357	m0062	44.4	1.93e-68	250
m0357	m0191	52.7	1.93e-68	250
m0357	m0272	46.9	3.28e-68	250
m0357	m0233	47.1	4.29e-68	249
m0357	m0306	48.0	7.32e-68	248
m0357	m0331	48.5	7.32e-68	248
m0357	m0123	49.8	7.32e-68	248
m0357	m0299	50.2	9.56e-68	248
m0357	m0317	48.9	1.25e-67	248
m0357	m0077	49.8	4.74e-67	246
m0357	m0109	47.4	6.19e-67	245
m0357	m0086	51.3	1.38e-66	244
m0357	m0120	47.4	1.38e-66	244
m0357	m0319	49.2	1.38e-66	244
m0357	m0262	45.0	1.8e-66	244
m0357	m0103	46.4	6.85e-66	242
m0357	m0083	46.0	1.17e-65	241
m0357	m0230	46.5	1.17e-65	241
m0357	m0166	42.2	5.8e-65	239
m0357	m0141	46.4	9.89e-65	238
m0357	m0124	45.7	9.89e-65	238
m0357	m0268	47.0	1.29e-64	238
m0357	m0002	45.8	2.2e-64	237
m0357	m0311	43.5	2.44e-63	233
m0357	m0011	46.0	4.15e-63	233
m0357	m0231	43.6	1.21e-62	231
m0357	m0012	44.3	1.58e-62	231
m0357	m0339	45.3	3.52e-62	230
m0357	m0054	43.5	1.02e-61	228
m0357	m0235	44.7	1.75e-61	227
m0357	m0346	46.2	2.28e-61	227
m0357	m0043	42.9	1.13e-60	225
m0357	m0294	43.1	1.48e-60	224
m0357	m0234	46.6	4.3e-60	223
m0357	m0165	42.4	7.33e-60	222
m0357	m0134	43.0	9.58e-60	221
m0357	m0155	44.9	1.25e-59	221
m0357	m0063	45.0	2.13e-59	220
m0357	m0197	40.3	3.08e-58	216
m0357	m0337	44.5	3.08e-58	216
m0357	m0048	43.1	5.26e-58	216
m0357	m0118	43.4	6.86e-58	215
m0357	m0305	42.1	1.53e-57	214
m0357	m0149	41.3	2e-57	214
m0357	m0069	40.4	7.59e-57	212
m0357	m0252	41.7	9.91e-57	211
m0357	m0033	41.9	1.29e-56	211
m0357	m0192	42.3	2.88e-56	210
m0357	m0071	44.6	4.16e-55	206
m0357	m0097	44.6	3.53e-54	203
m0357	m0090	41.8	3.53e-54	203
m0357	m0098	38.6	4.6e-54	203
m0357	m0084	38.7	1.03e-53	201
m0357	m0073	43.1	2.28e-53	200
m0357	m0243	40.2	1.13e-52	198
m0357	m0326	40.2	1.93e-52	197
m0357	m0348	41.0	1.64e-51	194
m0357	m0273	41.6	4.76e-51	193
m0357	m0051	41.6	2.36e-50	190
m0357	m0182	41.7	5.27e-50	189
m0357	m0170	40.5	5.27e-50	189
m0357	m0267	42.3	8.99e-50	188
m0357	m0279	37.5	1.53e-49	188
m0357	m0206	43.2	2e-49	187
m0357	m0066	42.0	2e-49	187
m0357	m0014	41.1	9.93e-49	185
m0357	m0343	39.9	9.93e-49	185
m0357	m0158	43.0	9.93e-49	185
m0357	m0296	41.7	9.93e-49	185
m0357	m0161	40.8	1.3e-48	184
m0357	m0017	42.4	1.3e-48	184
m0357	m0283	39.6	2.21e-48	184
m0357	m0070	38.1	2.21e-48	184
m0357	m0162	38.5	2.89e-48	183
m0357	m0282	37.9	3.78e-48	183
m0357	m0198	41.8	3.78e-48	183
m0357	m0040	38.9	3.78e-48	183
m0357	m0248	40.0	8.41e-48	182
m0357	m0088	41.5	8.41e-48	182
m0357	m0125	41.9	1.43e-47	181
m0357	m0214	39.2	1.87e-47	181
m0357	m0096	43.1	1.87e-47	181
m0357	m0335	41.8	1.87e-47	181
m0357	m0324	41.8	2.45e-47	180
m0357	m0347	41.8	2.45e-47	180
m0357	m0316	41.4	3.2e-47	180
m0357	m0068	39.9	4.17e-47	179
m0357	m0215	42.2	4.17e-47	179
m0357	m0111	38.2	4.17e-47	179
m0357	m0133	41.6	7.12e-47	179
m0357	m0259	40.9	7.12e-47	179
m0357	m0104	38.9	9.3e-47	178
m0357	m0237	37.9	9.3e-47	178
m0357	m0047	42.2	9.3e-47	178
m0357	m0178	40.2	1.59e-46	178
m0357	m0157	41.8	1.59e-46	178
m0357	m0342	41.4	1.59e-46	178
m0357	m0006	42.6	2.07e-46	177
m0357	m0297	39.8	2.07e-46	177
m0357	m0254	41.4	3.53e-46	176
m0357	m0050	41.4	3.53e-46	176
m0357	m0285	39.0	4.61e-46	176
m0357	m0159	40.0	4.61e-46	176
m0357	m0216	41.0	6.03e-46	176
m0357	m0277	38.9	6.03e-46	176
m0357	m0217	39.1	6.03e-46	176
m0357	m0093	41.8	7.87e-46	175
m0357	m0174	38.4	7.87e-46	175
m0357	m0102	40.0	7.87e-46	175
m0357	m0039	38.1	1.03e-45	175
m0357	m0183	40.3	1.03e-45	175
m0357	m0238	36.2	1.03e-45	175
m0357	m0076	42.4	1.34e-45	174
m0357	m0320	38.3	2.29e-45	174
m0357	m0338	38.1	2.99e-45	173
m0357	m0113	40.5	3.91e-45	173
m0357	m0281	39.6	8.7e-45	172
m0357	m0023	41.0	1.14e-44	171
m0357	m0330	38.5	1.14e-44	171
m0357	m0341	38.5	1.48e-44	171
m0357	m0163	39.0	1.48e-44	171
m0357	m0188	38.4	3.31e-44	170
m0357	m0244	40.4	4.32e-44	169
m0357	m0210	38.4	5.64e-44	169
m0357	m0227	37.9	7.37e-44	169
m0357	m0130	39.0	9.62e-44	168
m0357	m0005	35.6	1.26e-43	168
m0357	m0333	38.2	1.64e-43	168
m0357	m0173	36.4	2.14e-43	167
m0357	m0154	36.4	3.66e-43	166
m0357	m0094	37.7	3.66e-43	166
m0357	m0169	39.8	4.78e-43	166
m0357	m0322	38.7	1.39e-42	164
m0357	m0274	37.2	1.39e-42	164
m0357	m0350	37.3	1.81e-42	164
m0357	m0128	37.3	5.28e-42	163
m0357	m0295	39.6	6.9e-42	162
m0357	m0205	37.0	6.9e-42	162
m0357	m0172	38.2	4.47e-41	159
m0357	m0138	39.0	1.3e-40	158
m0357	m0025	35.9	1.44e-39	154
m0357	m0288	30.8	3.55e-30	123
m0357	m0137	29.6	3.92e-29	120
m0357	m0160	28.6	3.11e-26	110
m0357	m0293	30.7	5.86e-25	106
m0357	m0202	27.0	1.95e-20	91
m0357	m0185	27.7	4.98e-16	76
m0357	m0228	27.9	1.23e-14	72
m0357	m0292	26.8	4.66e-14	70
m0357	m0275	25.9	1.04e-13	69
m0357	m0041	27.7	6.29e-11	59
m0357	m0064	24.7	6.29e-11	59
m0357	m0266	25.1	1.4e-10	58
m0357	m0219	28.7	4.08e-10	57
m0357	m0016	31.5	4.99e-08	50
m0357	m0265	28.5	7.96e-06	42
m0357	m0177	29.3	0.000115	39
m0357	m0345	28.2	0.000256	37
m0357	m0345	27.8	0.000745	36
m0357	m0216	25.9	0.0534	30
m0357	m0279	30.8	0.0534	30
m0357	m0290	26.8	0.0911	29
m0357	m0174	31.4	0.203	28
m0357	m0152	28.6	0.203	28
m0357	m0161	41.2	0.771	26
m0357	m0093	56.2	1.72	25
m0357	m0347	37.0	2.93	24
m0357	m0330	46.2	2.93	24
m0357	m0158	30.0	3.83	23
m0357	m0215	28.6	6.53	23
m0357	m0297	29.2	6.53	23
m0356	m0052	72.8	2.59e-79	286
m0356	m0003	62.7	2.97e-67	246
m0356	m0204	61.2	3.88e-67	245
m0356	m0072	62.4	8.08e-65	238
m0356	m0340	55.3	5.07e-59	218
m0356	m0253	54.0	1.38e-56	210
m0356	m0024	50.0	9.59e-50	188
m0356	m0280	31.7	3.55e-20	89
m0356	m0055	32.4	6.94e-16	75
m0356	m0258	29.9	8.48e-14	68
m0356	m0080	30.2	4.65e-12	62
m0356	m0329	30.3	2.82e-09	53
m0356	m0203	29.0	1.07e-08	51
m0356	m0263	27.0	0.166	27
m0356	m0222	30.0	1.4	24
m0356	m0201	30.9	1.83	24
m0356	m0174	24.7	2.4	23
m0356	m0115	33.3	2.4	23
m0356	m0041	27.1	3.13	23
m0356	m0281	54.5	5.34	22
m0356	m0115	38.5	9.1	22
m0355	m0264	78.6	6.29e-130	455
m0355	m0101	74.9	5.9e-120	421
m0355	m0191	67.8	4.24e-110	389
m0355	m0245	64.6	8.84e-108	381
m0355	m0077	61.5	5.19e-100	355
m0355	m0144	62.1	4.86e-98	349
m0355	m0079	51.4	2.05e-80	290
m0355	m0313	51.2	3.87e-79	286
m0355	m0184	51.7	6.6e-79	285
m0355	m0031	51.0	5.59e-78	282
m0355	m0067	49.5	7.3e-78	282
m0355	m0194	49.3	1.24e-77	281
m0355	m0352	49.7	2.12e-77	280
m0355	m0175	50.5	2.12e-77	280
m0355	m0314	50.7	3.07e-76	276
m0355	m0167	49.7	1.52e-75	274
m0355	m0036	53.0	4.43e-75	272
m0355	m0095	49.8	7.55e-75	272
m0355	m0291	48.2	7.55e-75	272
m0355	m0249	52.1	2.2e-74	270
m0355	m0065	46.4	1.09e-73	268
m0355	m0001	50.0	1.09e-73	268
m0355	m0074	49.8	1.86e-73	267
m0355	m0120	50.0	1.86e-73	267
m0355	m0272	49.6	2.43e-73	267
m0355	m0037	50.6	7.07e-73	265
m0355	m0109	50.2	5.98e-72	262
m0355	m0045	52.0	5.98e-72	262
m0355	m0334	49.7	7.81e-72	262
m0355	m0306	50.5	1.02e-71	261
m0355	m0103	49.5	1.33e-71	261
m0355	m0028	48.4	2.27e-71	260
m0355	m0176	46.4	2.97e-71	260
m0355	m0233	48.9	1.47e-70	257
m0355	m0247	46.1	2.51e-70	257
m0355	m0331	51.3	3.28e-70	256
m0355	m0311	51.9	3.28e-70	256
m0355	m0232	46.7	9.55e-70	255
m0355	m0230	48.1	1.63e-69	254
m0355	m0123	50.0	2.13e-69	253
m0355	m0012	47.6	3.63e-69	253
m0355	m0229	48.7	1.06e-68	251
m0355	m0317	49.1	1.06e-68	251
m0355	m0083	48.3	1.06e-68	251
m0355	m0048	48.2	1.38e-68	251
m0355	m0131	48.1	2.35e-68	250
m0355	m0086	46.8	2.35e-68	250
m0355	m0346	48.4	4.01e-68	249
m0355	m0235	49.0	4.01e-68	249
m0355	m0043	47.3	1.52e-67	247
m0355	m0062	46.4	2.6e-67	247
m0355	m0339	48.2	3.4e-67	246
m0355	m0187	48.9	3.4e-67	246
m0355	m0319	46.3	4.44e-67	246
m0355	m0231	47.2	5.79e-67	245
m0355	m0166	45.5	7.57e-67	245
m0355	m0168	48.2	1.69e-66	244
m0355	m0193	46.4	1.69e-66	244
m0355	m0002	48.1	2.88e-66	243
m0355	m0299	48.4	4.9e-66	242
m0355	m0141	47.7	8.37e-66	242
m0355	m0268	47.9	1.43e-65	241
m0355	m0124	44.9	1.86e-65	240
m0355	m0262	44.5	5.42e-65	239
m0355	m0134	45.0	7.08e-65	238
m0355	m0234	48.0	2.06e-64	237
m0355	m0063	45.8	2.06e-64	237
m0355	m0090	46.5	6e-64	235
m0355	m0054	42.8	7.83e-64	235
m0355	m0033	42.9	1.02e-63	235
m0355	m0011	44.6	1.74e-63	234
m0355	m0155	42.4	2.28e-63	233
m0355	m0243	42.7	7.33e-62	228
m0355	m0294	43.8	6.2e-61	225
m0355	m0149	44.5	8.1e-61	225
m0355	m0197	44.6	1.81e-60	224
m0355	m0071	45.3	3.08e-60	223
m0355	m0069	43.1	5.25e-60	222
m0355	m0305	42.6	3.4e-59	220
m0355	m0326	42.2	5.81e-59	219
m0355	m0097	43.5	1.29e-58	218
m0355	m0273	41.4	1.29e-58	218
m0355	m0192	41.9	8.39e-58	215
m0355	m0098	41.3	1.1e-57	215
m0355	m0070	42.0	1.43e-57	214
m0355	m0165	44.2	1.43e-57	214
m0355	m0084	41.8	3.19e-57	213
m0355	m0073	42.4	1.21e-56	211
m0355	m0182	43.0	1.58e-56	211
m0355	m0282	42.2	1.58e-56	211
m0355	m0005	43.5	2.7e-56	210
m0355	m0348	40.8	2.7e-56	210
m0355	m0125	40.8	4.6e-56	209
m0355	m0267	41.5	4.6e-56	209
m0355	m0017	41.5	4.6e-56	209
m0355	m0343	39.2	7.85e-56	208
m0355	m0277	42.4	1.03e-55	208
m0355	m0252	41.8	1.34e-55	208
m0355	m0337	43.2	1.75e-55	207
m0355	m0296	42.7	2.98e-55	206
m0355	m0118	39.7	2.98e-55	206
m0355	m0158	42.0	3.9e-55	206
m0355	m0347	43.0	5.09e-55	206
m0355	m0133	39.3	6.64e-55	205
m0355	m0088	39.9	8.68e-55	205
m0355	m0102	41.3	1.48e-54	204
m0355	m0341	42.3	1.93e-54	204
m0355	m0206	42.7	4.31e-54	203
m0355	m0051	40.3	4.31e-54	203
m0355	m0198	41.3	5.63e-54	202
m0355	m0214	41.5	5.63e-54	202
m0355	m0039	41.5	1.25e-53	201
m0355	m0173	42.2	2.14e-53	200
m0355	m0050	43.1	3.65e-53	200
m0355	m0324	41.3	3.65e-53	200
m0355	m0163	40.6	3.65e-53	200
m0355	m0170	39.3	3.65e-53	200
m0355	m0157	42.6	4.76e-53	199
m0355	m0093	43.0	4.76e-53	199
m0355	m0316	42.6	4.76e-53	199
m0355	m0174	40.6	6.22e-53	199
m0355	m0014	41.9	8.12e-53	198
m0355	m0068	41.3	8.12e-53	198
m0355	m0096	43.0	1.06e-52	198
m0355	m0162	40.3	1.39e-52	198
m0355	m0216	41.5	1.81e-52	197
m0355	m0342	41.9	1.81e-52	197
m0355	m0154	40.5	1.81e-52	197
m0355	m0254	42.9	1.81e-52	197
m0355	m0215	41.6	2.36e-52	197
m0355	m0244	41.3	2.36e-52	197
m0355	m0006	41.6	2.36e-52	197
m0355	m0350	39.7	3.09e-52	196
m0355	m0248	41.3	3.09e-52	196
m0355	m0178	41.4	4.03e-52	196
m0355	m0040	41.1	5.26e-52	196
m0355	m0111	41.6	6.88e-52	195
m0355	m0094	40.6	8.98e-52	195
m0355	m0297	40.1	8.98e-52	195
m0355	m0335	40.8	8.98e-52	195
m0355	m0338	42.0	1.17e-51	195
m0355	m0047	42.0	1.17e-51	195
m0355	m0259	41.6	1.17e-51	195
m0355	m0066	38.8	1.53e-51	194
m0355	m0227	39.9	2.61e-51	193
m0355	m0113	41.5	3.41e-51	193
m0355	m0161	41.5	4.46e-51	193
m0355	m0281	40.9	4.46e-51	193
m0355	m0238	39.9	7.6e-51	192
m0355	m0023	42.2	1.3e-50	191
m0355	m0333	39.1	1.69e-50	191
m0355	m0295	38.6	2.21e-50	190
m0355	m0322	42.3	2.21e-50	190
m0355	m0076	43.0	2.21e-50	190
m0355	m0104	40.0	2.89e-50	190
m0355	m0130	38.4	6.44e-50	189
m0355	m0188	38.5	6.44e-50	189
m0355	m0217	41.2	1.1e-49	188
m0355	m0210	39.5	1.1e-49	188
m0355	m0183	41.2	1.43e-49	188
m0355	m0320	39.5	3.19e-49	186
m0355	m0169	38.1	3.19e-49	186
m0355	m0172	38.8	3.19e-49	186
m0355	m0285	37.8	4.17e-49	186
m0355	m0283	41.7	5.45e-49	186
m0355	m0330	40.3	7.12e-49	185
m0355	m0025	37.4	2.07e-48	184
m0355	m0138	37.8	7.87e-48	182
m0355	m0279	40.1	1.03e-47	181
m0355	m0237	37.9	1.03e-47	181
m0355	m0128	35.5	4.77e-45	173
m0355	m0205	36.7	4.04e-44	169
m0355	m0159	36.6	9e-44	168
m0355	m0274	36.9	2.71e-40	157
m0355	m0160	35.6	5.65e-38	149
m0355	m0137	32.4	5.65e-38	149
m0355	m0288	30.8	2.3e-31	127
m0355	m0202	29.1	3.44e-27	113
m0355	m0293	30.1	1.22e-24	105
m0355	m0228	25.7	2.47e-17	80
m0355	m0278	29.8	1.6e-16	78
m0355	m0185	27.9	1.77e-15	74
m0355	m0041	28.2	1.15e-14	72
m0355	m0266	29.3	1.5e-14	71
m0355	m0292	27.2	1.66e-13	68
m0355	m0275	25.7	3.12e-12	64
m0355	m0122	24.0	4.22e-09	53
m0355	m0064	22.0	1.6e-08	51
m0355	m0219	29.2	3.02e-07	47
m0355	m0265	22.4	5.7e-06	43
m0355	m0016	24.0	0.00119	35
m0355	m0177	27.3	0.00155	35
m0355	m0307	22.9	0.00346	33
m0355	m0143	19.9	0.00452	33
m0355	m0108	34.9	0.00771	32
m0355	m0056	38.3	0.0101	32
m0355	m0345	26.6	0.0224	31
m0355	m0241	24.1	0.0293	30
m0355	m0218	22.4	0.942	25
m0355	m0108	29.8	2.1	24
m0355	m0196	21.3	2.74	24
m0355	m0186	22.5	4.68	23
m0355	m0320	23.1	4.68	23
m0355	m0114	30.2	6.11	23
m0354	m0049	71.4	6.21e-114	401
m0354	m0209	46.1	9.11e-57	211
m0354	m0276	41.6	7.71e-56	208
m0354	m0190	41.6	6.53e-55	205
m0354	m0085	41.0	1.9e-54	204
m0354	m0186	45.9	1.04e-52	198
m0354	m0323	41.9	1.04e-52	198
m0354	m0058	43.4	1.27e-50	191
m0354	m0112	37.5	2.84e-50	190
m0354	m0087	42.8	3.71e-50	190
m0354	m0046	40.3	4.1e-49	186
m0354	m0287	39.5	1.56e-48	184
m0354	m0151	42.5	2.66e-48	183
m0354	m0251	38.0	5.92e-48	182
m0354	m0106	39.0	7.73e-48	182
m0354	m0009	36.8	3.59e-45	173
m0354	m0082	40.1	4.69e-45	173
m0354	m0246	36.1	1.36e-44	171
m0354	m0226	37.8	7.49e-43	165
m0354	m0256	39.3	2.85e-42	163
m0354	m0110	36.6	1.41e-41	161
m0354	m0179	34.2	1.2e-40	158
m0354	m0222	37.3	2.04e-40	157
m0354	m0029	37.2	2.66e-40	157
m0354	m0019	42.7	3.98e-36	143
m0354	m0318	45.9	5.2e-36	143
m0354	m0105	32.2	1.57e-32	131
m0354	m0220	33.9	3.61e-29	120
m0354	m0164	44.3	1.79e-28	117
m0354	m0242	31.4	1.98e-27	114
m0354	m0135	32.9	1.68e-26	111
m0354	m0221	32.9	1.85e-25	107
m0354	m0171	30.2	5.96e-24	102
m0354	m0269	30.6	6.59e-23	99
m0354	m0207	26.8	2.12e-21	94
m0354	m0284	37.6	2.77e-21	94
m0354	m0220	38.1	3.62e-21	93
m0354	m0164	34.0	1.74e-15	74
m0354	m0019	50.0	3.39e-11	60
m0354	m0284	44.2	4.43e-11	60
m0354	m0318	51.9	8.65e-07	45
m0354	m0074	23.9	0.0641	29
m0354	m0201	26.6	0.416	27
m0354	m0253	27.8	0.926	25
m0354	m0240	28.0	1.21	25
m0354	m0312	33.9	2.69	24
m0354	m0169	25.0	2.69	24
m0354	m0189	23.0	3.52	23
m0354	m0139	27.0	4.6	23
m0354	m0308	19.6	6	23
m0354	m0008	31.2	7.84	22
m0353	m0148	32.5	1.23e-25	108
m0353	m0147	30.0	1.5e-23	101
m0353	m0132	29.5	1.08e-21	95
m0353	m0103	23.9	0.0946	29
m0353	m0146	25.9	0.613	26
m0353	m0082	31.8	0.801	26
m0353	m0150	24.2	2.33	24
m0353	m0241	37.5	3.98	23
m0352	m0313	85.9	4.53e-155	538
m0352	m0067	82.9	1.16e-150	523
m0352	m0291	79.9	7.51e-142	494
m0352	m0065	74.5	2.19e-133	466
m0352	m0176	73.9	2.19e-133	466
m0352	m0095	72.6	2.59e-126	443
m0352	m0037	68.4	2.87e-125	439
m0352	m0249	57.1	1.69e-101	360
m0352	m0036	58.7	2.21e-101	360
m0352	m0079	55.5	8.69e-98	348
m0352	m0184	55.9	1.48e-97	347
m0352	m0314	59.0	4.31e-97	346
m0352	m0194	54.6	6.23e-96	342
m0352	m0167	56.0	6.23e-96	342
m0352	m0175	51.7	1.87e-92	330
m0352	m0028	51.3	1.39e-87	314
m0352	m0144	53.1	6.46e-85	305
m0352	m0245	47.7	3.54e-83	299
m0352	m0101	48.8	1.82e-79	287
m0352	m0031	47.5	1.44e-76	277
m0352	m0193	52.4	1.44e-76	277
m0352	m0233	49.1	2.08e-75	273
m0352	m0230	48.5	2.72e-75	273
m0352	m0272	47.7	3.55e-75	273
m0352	m0334	49.2	7.91e-75	272
m0352	m0262	47.6	7.91e-75	272
m0352	m0299	49.7	1.35e-74	271
m0352	m0074	46.7	1.35e-74	271
m0352	m0001	47.0	6.7e-74	268
m0352	m0264	47.3	8.75e-74	268
m0352	m0306	49.8	8.75e-74	268
m0352	m0168	51.7	1.95e-73	267
m0352	m0247	45.1	1.26e-72	264
m0352	m0187	49.8	1.26e-72	264
m0352	m0045	47.3	1.26e-72	264
m0352	m0083	46.8	2.16e-72	263
m0352	m0331	50.0	4.8e-72	262
m0352	m0131	46.8	6.27e-72	262
m0352	m0317	47.2	8.19e-72	262
m0352	m0339	46.1	5.31e-71	259
m0352	m0229	50.0	5.31e-71	259
m0352	m0319	46.8	2.63e-70	257
m0352	m0103	46.1	2.63e-70	257
m0352	m0062	44.3	5.87e-70	255
m0352	m0109	49.1	1.31e-69	254
m0352	m0124	45.2	2.23e-69	253
m0352	m0234	48.2	2.91e-69	253
m0352	m0002	48.9	6.49e-69	252
m0352	m0191	48.9	8.48e-69	252
m0352	m0235	46.7	1.45e-68	251
m0352	m0123	47.5	1.45e-68	251
m0352	m0011	45.2	1.89e-68	250
m0352	m0077	49.8	3.22e-68	250
m0352	m0120	44.3	3.22e-68	250
m0352	m0232	43.6	5.49e-68	249
m0352	m0012	44.0	7.17e-68	248
m0352	m0043	46.4	3.56e-67	246
m0352	m0063	45.2	1.04e-66	245
m0352	m0268	46.3	3.01e-66	243
m0352	m0155	44.8	6.72e-66	242
m0352	m0149	45.5	1.5e-65	241
m0352	m0141	46.3	5.68e-65	239
m0352	m0166	43.2	7.42e-65	238
m0352	m0231	44.0	7.42e-65	238
m0352	m0086	44.4	3.68e-64	236
m0352	m0054	42.2	3.68e-64	236
m0352	m0311	41.3	2.02e-62	230
m0352	m0197	42.5	1e-61	228
m0352	m0134	40.4	1.31e-61	228
m0352	m0048	42.8	1.71e-61	227
m0352	m0346	46.5	4.98e-61	226
m0352	m0069	41.6	6.5e-61	225
m0352	m0165	47.5	1.11e-60	225
m0352	m0252	43.3	4.22e-60	223
m0352	m0066	43.7	1.6e-59	221
m0352	m0097	42.1	7.95e-59	218
m0352	m0090	40.5	1.36e-58	218
m0352	m0098	41.6	6.73e-58	215
m0352	m0033	39.8	6.73e-58	215
m0352	m0084	39.8	1.15e-57	215
m0352	m0192	39.5	1.15e-57	215
m0352	m0348	41.4	2.56e-57	213
m0352	m0337	45.1	9.72e-57	211
m0352	m0305	39.7	9.72e-57	211
m0352	m0294	41.1	2.17e-56	210
m0352	m0158	42.1	3.13e-55	206
m0352	m0073	41.4	3.13e-55	206
m0352	m0273	41.6	5.33e-55	206
m0352	m0071	42.1	6.97e-55	205
m0352	m0182	40.5	9.1e-55	205
m0352	m0051	41.5	2.65e-54	203
m0352	m0198	41.5	2.93e-53	200
m0352	m0243	38.2	1.11e-52	198
m0352	m0104	40.6	2.48e-52	197
m0352	m0040	39.3	3.24e-52	196
m0352	m0070	39.4	7.21e-52	195
m0352	m0014	40.3	1.23e-51	195
m0352	m0162	39.2	1.23e-51	195
m0352	m0118	37.2	2.74e-51	193
m0352	m0316	39.5	1.04e-50	191
m0352	m0161	40.7	1.04e-50	191
m0352	m0347	40.9	2.32e-50	190
m0352	m0282	39.3	3.03e-50	190
m0352	m0050	39.0	3.96e-50	190
m0352	m0111	39.6	3.96e-50	190
m0352	m0296	39.0	3.96e-50	190
m0352	m0133	39.3	5.17e-50	189
m0352	m0343	40.4	5.17e-50	189
m0352	m0068	38.9	6.75e-50	189
m0352	m0170	37.8	6.75e-50	189
m0352	m0006	38.7	6.75e-50	189
m0352	m0159	36.9	8.81e-50	188
m0352	m0326	39.4	1.15e-49	188
m0352	m0096	39.3	1.5e-49	188
m0352	m0206	39.3	1.5e-49	188
m0352	m0125	38.8	1.96e-49	187
m0352	m0157	37.7	2.56e-49	187
m0352	m0216	39.3	2.56e-49	187
m0352	m0254	39.8	3.35e-49	186
m0352	m0267	39.2	3.35e-49	186
m0352	m0102	39.1	4.37e-49	186
m0352	m0017	39.5	4.37e-49	186
m0352	m0342	38.5	5.71e-49	186
m0352	m0324	38.2	7.46e-49	185
m0352	m0005	37.7	7.46e-49	185
m0352	m0279	38.0	7.46e-49	185
m0352	m0088	40.1	9.74e-49	185
m0352	m0341	39.1	1.66e-48	184
m0352	m0094	39.8	1.66e-48	184
m0352	m0285	37.6	2.17e-48	184
m0352	m0093	38.3	2.17e-48	184
m0352	m0023	38.7	4.83e-48	183
m0352	m0188	38.6	6.31e-48	182
m0352	m0173	38.5	6.31e-48	182
m0352	m0297	39.8	8.25e-48	182
m0352	m0338	38.0	1.08e-47	181
m0352	m0283	37.3	1.41e-47	181
m0352	m0281	38.7	1.41e-47	181
m0352	m0277	38.7	1.41e-47	181
m0352	m0047	37.5	1.41e-47	181
m0352	m0335	38.6	1.84e-47	181
m0352	m0320	37.3	1.84e-47	181
m0352	m0333	38.8	5.35e-47	179
m0352	m0178	41.3	1.56e-46	178
m0352	m0237	38.0	2.03e-46	177
m0352	m0215	38.2	2.65e-46	177
m0352	m0163	38.5	3.46e-46	176
m0352	m0130	40.2	3.46e-46	176
m0352	m0244	38.3	4.53e-46	176
m0352	m0227	38.1	4.53e-46	176
m0352	m0214	39.5	7.72e-46	175
m0352	m0350	38.3	7.72e-46	175
m0352	m0210	38.7	1.32e-45	174
m0352	m0330	37.0	1.72e-45	174
m0352	m0217	39.1	2.25e-45	174
m0352	m0128	39.6	2.25e-45	174
m0352	m0259	39.0	3.83e-45	173
m0352	m0174	38.6	3.83e-45	173
m0352	m0248	38.0	3.83e-45	173
m0352	m0113	38.3	5e-45	173
m0352	m0076	41.1	5e-45	173
m0352	m0138	38.3	6.53e-45	172
m0352	m0039	36.2	6.53e-45	172
m0352	m0025	38.0	1.11e-44	171
m0352	m0154	36.4	1.11e-44	171
m0352	m0322	39.1	1.46e-44	171
m0352	m0295	38.3	1.9e-44	171
m0352	m0172	38.1	2.48e-44	170
m0352	m0169	38.5	5.53e-44	169
m0352	m0274	35.6	5.53e-44	169
m0352	m0238	39.9	7.22e-44	169
m0352	m0183	38.7	9.44e-44	168
m0352	m0205	39.0	7.99e-43	165
m0352	m0137	32.5	4.54e-38	149
m0352	m0160	32.7	3.25e-36	143
m0352	m0288	29.9	5.74e-33	132
m0352	m0202	29.1	7.51e-25	106
m0352	m0293	25.1	1.73e-21	94
m0352	m0185	29.7	1.12e-20	92
m0352	m0228	28.1	3.99e-18	83
m0352	m0292	28.9	5.76e-17	79
m0352	m0275	25.1	7.05e-15	72
m0352	m0266	31.2	1.57e-14	71
m0352	m0219	32.1	2.12e-11	61
m0352	m0041	25.8	2.77e-11	60
m0352	m0064	25.3	7.06e-07	46
m0352	m0016	26.8	1.2e-06	45
m0352	m0177	27.1	5.06e-05	40
m0352	m0218	24.7	6.61e-05	39
m0352	m0345	33.7	8.63e-05	39
m0352	m0345	28.2	0.00056	36
m0352	m0016	21.6	0.00474	33
m0352	m0279	29.6	0.0684	29
m0352	m0059	30.3	0.756	26
m0352	m0152	33.3	1.69	25
m0352	m0324	45.8	3.75	23
m0352	m0335	47.6	3.75	23
m0352	m0113	24.6	6.4	23
m0352	m0315	39.3	6.4	23
m0351	m0055	28.1	1.23	25
m0351	m0171	34.1	2.1	25
m0351	m0189	27.6	2.1	25
m0351	m0248	35.1	3.57	24
m0351	m0103	32.0	4.67	23
m0351	m0338	35.1	6.1	23
m0351	m0092	32.4	7.96	23
m0351	m0172	36.1	7.96	23
m0350	m0174	74.2	2.92e-182	629
m0350	m0188	64.0	3.47e-159	552
m0350	m0281	65.5	2.67e-143	500
m0350	m0333	63.5	1.12e-141	494
m0350	m0163	60.6	1.98e-138	483
m0350	m0130	64.1	5.39e-136	475
m0350	m0169	64.2	5.96e-135	472
m0350	m0138	62.3	1.12e-133	468
m0350	m0238	61.2	4e-131	459
m0350	m0154	55.8	2.59e-130	456
m0350	m0244	59.8	1.63e-124	437
m0350	m0295	55.6	1.05e-123	434
m0350	m0088	69.1	9.87e-122	428
m0350	m0025	57.8	2.2e-121	427
m0350	m0178	57.7	1.86e-120	424
m0350	m0172	56.6	7.07e-120	422
m0350	m0173	50.9	6.62e-118	415
m0350	m0248	57.6	6.62e-118	415
m0350	m0076	77.3	4.74e-116	409
m0350	m0277	49.9	2.06e-111	394
m0350	m0342	51.7	4.59e-111	393
m0350	m0157	50.0	7.84e-111	392
m0350	m0111	51.2	7.84e-111	392
m0350	m0347	60.9	1.02e-110	391
m0350	m0259	56.0	1.02e-110	391
m0350	m0068	53.6	1.02e-110	391
m0350	m0006	49.4	1.34e-110	391
m0350	m0093	49.0	1.34e-110	391
m0350	m0316	49.3	3.89e-110	389
m0350	m0215	51.8	5.08e-110	389
m0350	m0335	49.4	5.08e-110	389
m0350	m0341	48.8	5.08e-110	389
m0350	m0183	53.7	8.66e-110	388
m0350	m0014	49.4	2.52e-109	387
m0350	m0216	49.0	4.3e-109	386
m0350	m0324	51.1	1.63e-108	384
m0350	m0206	50.4	2.13e-108	384
m0350	m0047	49.2	6.21e-108	382
m0350	m0023	56.2	8.11e-108	382
m0350	m0050	48.1	1.38e-107	381
m0350	m0254	56.9	1.81e-107	381
m0350	m0161	49.2	4.02e-107	379
m0350	m0214	60.1	6.87e-107	379
m0350	m0282	52.4	6.87e-107	379
m0350	m0096	59.3	2e-106	377
m0350	m0330	60.1	2e-106	377
m0350	m0279	51.6	3.41e-106	376
m0350	m0094	50.1	4.92e-105	372
m0350	m0338	60.5	6.01e-103	366
m0350	m0113	50.6	1.03e-102	365
m0350	m0322	50.7	2.29e-102	364
m0350	m0039	49.5	8.68e-102	362
m0350	m0296	62.7	2.53e-101	360
m0350	m0125	50.3	4.31e-101	359
m0350	m0320	46.2	2.36e-99	354
m0350	m0198	47.3	5.27e-99	352
m0350	m0158	50.9	6.88e-99	352
m0350	m0217	52.1	1.53e-98	351
m0350	m0326	60.4	5.83e-98	349
m0350	m0237	57.6	5.83e-98	349
m0350	m0133	58.9	2.89e-97	347
m0350	m0227	49.3	5.45e-96	342
m0350	m0343	59.6	1.21e-95	341
m0350	m0267	60.5	3.53e-95	340
m0350	m0297	47.9	5.1e-94	336
m0350	m0182	44.9	5.1e-94	336
m0350	m0017	59.5	3.66e-92	330
m0350	m0205	51.7	1.82e-91	327
m0350	m0103	56.4	2.15e-84	304
m0350	m0123	58.7	4.79e-84	303
m0350	m0334	54.2	3.1e-83	300
m0350	m0319	53.1	7.15e-80	289
m0350	m0299	55.6	3.55e-79	287
m0350	m0235	53.4	4.64e-79	286
m0350	m0234	52.0	1.35e-78	285
m0350	m0086	53.8	6.7e-78	282
m0350	m0230	50.5	1.95e-77	281
m0350	m0233	48.7	4.34e-77	280
m0350	m0155	51.5	2.81e-76	277
m0350	m0247	49.5	1.07e-75	275
m0350	m0001	51.9	1.82e-75	274
m0350	m0131	50.5	2.38e-75	274
m0350	m0272	50.3	5.31e-75	273
m0350	m0134	51.3	2.23e-73	267
m0350	m0166	49.7	3.8e-73	267
m0350	m0062	44.9	3.8e-73	267
m0350	m0306	48.9	4.97e-73	266
m0350	m0229	54.0	6.49e-73	266
m0350	m0033	50.5	4.2e-72	263
m0350	m0232	46.3	4.65e-71	260
m0350	m0231	48.4	6.07e-71	259
m0350	m0193	47.6	1.04e-70	258
m0350	m0197	48.7	3.93e-70	257
m0350	m0339	50.7	8.77e-70	255
m0350	m0311	48.3	8.77e-70	255
m0350	m0097	48.7	1.14e-69	255
m0350	m0192	50.2	1.14e-69	255
m0350	m0262	47.1	1.5e-69	255
m0350	m0069	47.2	2.55e-69	254
m0350	m0011	49.5	2.55e-69	254
m0350	m0317	48.2	4.35e-69	253
m0350	m0168	47.8	9.69e-69	252
m0350	m0002	50.6	2.82e-68	250
m0350	m0012	48.3	4.81e-68	250
m0350	m0083	47.5	6.28e-68	249
m0350	m0294	51.4	3.12e-67	247
m0350	m0187	49.6	9.07e-67	245
m0350	m0348	49.0	1.18e-66	245
m0350	m0054	47.0	1.55e-66	245
m0350	m0045	47.2	2.64e-66	244
m0350	m0141	50.0	1.31e-65	242
m0350	m0124	46.8	2.92e-65	240
m0350	m0070	47.9	4.98e-65	240
m0350	m0305	47.2	1.89e-64	238
m0350	m0084	46.1	9.39e-64	235
m0350	m0048	46.8	1.6e-63	235
m0350	m0268	49.0	1.6e-63	235
m0350	m0273	44.8	1.77e-62	231
m0350	m0073	43.3	2.56e-61	227
m0350	m0331	46.6	7.44e-61	226
m0350	m0043	46.8	8.22e-60	222
m0350	m0149	43.6	8.22e-60	222
m0350	m0098	41.6	1.83e-59	221
m0350	m0252	44.9	1.19e-58	218
m0350	m0109	43.6	2.03e-58	218
m0350	m0090	43.4	7.7e-58	216
m0350	m0063	43.4	1.71e-57	215
m0350	m0245	42.5	1.11e-56	212
m0350	m0118	41.4	1.45e-56	211
m0350	m0120	43.0	9.41e-56	209
m0350	m0285	40.1	1.36e-54	205
m0350	m0337	44.6	1.36e-54	205
m0350	m0102	39.3	1.15e-53	202
m0350	m0162	42.3	3.35e-53	200
m0350	m0101	39.5	3.35e-53	200
m0350	m0066	43.4	7.45e-53	199
m0350	m0040	41.6	9.74e-53	199
m0350	m0210	42.1	1.66e-52	198
m0350	m0346	41.9	4.83e-52	196
m0350	m0144	39.6	5.34e-51	193
m0350	m0191	40.3	6.98e-51	193
m0350	m0283	46.1	2.65e-50	191
m0350	m0264	39.0	3.46e-50	190
m0350	m0104	40.9	3.46e-50	190
m0350	m0128	39.2	5.91e-50	190
m0350	m0031	40.9	1.32e-49	188
m0350	m0175	39.3	3.83e-49	187
m0350	m0170	38.9	6.53e-49	186
m0350	m0074	40.1	8.53e-49	186
m0350	m0077	40.6	1.45e-48	185
m0350	m0051	40.0	1.9e-48	184
m0350	m0184	38.7	2.74e-47	181
m0350	m0065	38.0	6.11e-47	179
m0350	m0291	37.2	7.98e-47	179
m0350	m0313	38.0	1.04e-46	179
m0350	m0167	37.8	2.32e-46	178
m0350	m0036	37.8	3.96e-46	177
m0350	m0249	37.0	1.15e-45	175
m0350	m0159	38.7	1.51e-45	175
m0350	m0079	36.7	2.17e-44	171
m0350	m0194	35.9	2.84e-44	171
m0350	m0028	36.7	1.08e-43	169
m0350	m0314	36.6	1.08e-43	169
m0350	m0067	35.2	1.41e-43	168
m0350	m0071	37.0	4.1e-43	167
m0350	m0095	38.1	5.35e-43	166
m0350	m0176	35.3	6.99e-43	166
m0350	m0243	37.8	1.56e-42	165
m0350	m0037	35.0	5.92e-42	163
m0350	m0165	34.0	1.28e-36	145
m0350	m0005	35.5	5.37e-35	140
m0350	m0274	33.2	5.55e-32	130
m0350	m0137	29.3	1.57e-26	112
m0350	m0160	30.5	5.57e-24	103
m0350	m0288	30.5	7.27e-24	103
m0350	m0202	25.6	1.28e-20	92
m0350	m0278	29.7	1.09e-19	89
m0350	m0041	26.4	2.77e-15	74
m0350	m0293	24.6	3.62e-15	74
m0350	m0185	26.1	6.17e-15	73
m0350	m0265	30.8	8.91e-14	69
m0350	m0275	25.5	8.91e-14	69
m0350	m0228	28.3	7.54e-13	66
m0350	m0292	26.5	4.89e-12	64
m0350	m0064	26.5	9.22e-11	59
m0350	m0266	29.0	6.61e-09	53
m0350	m0122	25.3	7.3e-08	50
m0350	m0345	29.6	0.000836	36
m0350	m0177	27.4	0.00243	35
m0350	m0307	22.2	0.00415	34
m0350	m0026	25.4	0.00415	34
m0350	m0219	24.8	0.00415	34
m0350	m0016	26.2	0.00924	33
m0350	m0177	22.4	0.0121	32
m0350	m0344	31.5	0.0158	32
m0350	m0321	25.8	0.0269	31
m0350	m0327	25.0	0.0599	30
m0350	m0258	31.0	0.0599	30
m0350	m0219	24.0	0.102	29
m0350	m0099	24.7	0.297	28
m0350	m0279	28.6	0.388	27
m0350	m0007	26.3	0.865	26
m0350	m0060	21.4	0.865	26
m0350	m0255	22.3	1.13	26
m0350	m0110	35.9	1.93	25
m0350	m0143	24.8	2.52	25
m0350	m0099	28.8	4.29	24
m0350	m0129	29.1	4.29	24
m0350	m0217	23.9	9.56	23
m0349	m0020	26.8	5.63e-05	40
m0349	m0152	26.9	0.000125	39
m0349	m0053	37.5	0.000214	38
m0349	m0345	48.0	0.000622	36
m0349	m0180	30.3	0.0153	32
m0349	m0266	23.6	0.0761	29
m0349	m0099	19.5	0.493	27
m0349	m0275	21.4	0.644	26
m0349	m0264	31.0	0.841	26
m0349	m0071	26.5	2.45	24
m0349	m0290	50.0	2.45	24
m0349	m0024	33.3	4.17	23
m0349	m0129	36.6	4.17	23
m0349	m0090	48.4	4.17	23
m0349	m0077	31.0	7.12	23
m0349	m0196	24.7	9.3	22
m0349	m0168	29.3	9.3	22
m0349	m0053	25.0	9.3	22
m0348	m0097	72.4	2.54e-126	443
m0348	m0084	58.7	5.17e-95	339
m0348	m0192	61.0	8.81e-95	338
m0348	m0070	57.7	3.59e-88	316
m0348	m0155	54.3	3.36e-86	309
m0348	m0086	54.9	8.27e-85	305
m0348	m0103	54.5	1.19e-83	301
m0348	m0193	54.4	3.47e-83	299
m0348	m0232	53.3	7.74e-83	298
m0348	m0319	51.7	2.25e-82	297
m0348	m0011	54.6	2.94e-82	296
m0348	m0131	51.5	8.56e-82	295
m0348	m0334	52.3	1.91e-81	294
m0348	m0123	54.6	2.49e-81	293
m0348	m0229	55.6	7.24e-81	292
m0348	m0299	53.2	1.24e-80	291
m0348	m0197	50.5	3.6e-80	289
m0348	m0062	49.8	1.05e-79	288
m0348	m0230	51.9	3.04e-79	286
m0348	m0141	55.8	3.04e-79	286
m0348	m0069	49.0	5.19e-79	285
m0348	m0001	51.0	5.19e-79	285
m0348	m0306	51.4	6.78e-79	285
m0348	m0233	52.2	1.16e-78	284
m0348	m0134	51.9	1.51e-78	284
m0348	m0247	49.5	1.51e-78	284
m0348	m0262	49.3	2.58e-78	283
m0348	m0272	50.9	1.67e-77	280
m0348	m0339	54.0	2.41e-76	277
m0348	m0048	50.7	2.41e-76	277
m0348	m0234	49.3	4.11e-76	276
m0348	m0166	48.8	1.56e-75	274
m0348	m0305	49.5	2.04e-75	273
m0348	m0002	52.4	2.04e-75	273
m0348	m0311	50.3	7.76e-75	272
m0348	m0168	50.2	1.01e-74	271
m0348	m0252	48.3	1.32e-74	271
m0348	m0012	50.9	2.26e-74	270
m0348	m0149	47.8	2.95e-74	270
m0348	m0083	50.2	2.95e-74	270
m0348	m0045	49.7	3.85e-74	269
m0348	m0317	48.8	5.03e-74	269
m0348	m0187	51.7	1.46e-73	267
m0348	m0073	50.5	1.46e-73	267
m0348	m0090	48.8	4.26e-73	266
m0348	m0331	52.5	5.56e-73	265
m0348	m0268	52.9	7.26e-73	265
m0348	m0098	47.7	1.24e-72	264
m0348	m0182	50.5	2.76e-72	263
m0348	m0054	49.8	3.6e-72	263
m0348	m0133	48.5	3.05e-71	260
m0348	m0124	46.4	3.98e-71	259
m0348	m0231	47.3	5.2e-71	259
m0348	m0338	51.4	1.51e-70	257
m0348	m0294	49.1	3.37e-70	256
m0348	m0282	50.0	4.41e-70	256
m0348	m0014	49.3	9.81e-70	255
m0348	m0347	50.0	2.86e-69	253
m0348	m0235	46.9	6.36e-69	252
m0348	m0125	48.5	1.09e-68	251
m0348	m0330	50.2	1.85e-68	250
m0348	m0267	48.6	1.85e-68	250
m0348	m0343	48.0	1.85e-68	250
m0348	m0161	48.5	2.42e-68	250
m0348	m0335	48.8	5.39e-68	249
m0348	m0033	48.3	7.03e-68	248
m0348	m0163	48.7	7.03e-68	248
m0348	m0109	47.3	9.19e-68	248
m0348	m0111	51.5	9.19e-68	248
m0348	m0254	48.5	9.19e-68	248
m0348	m0296	50.5	1.2e-67	248
m0348	m0093	49.5	2.67e-67	247
m0348	m0342	49.1	3.49e-67	246
m0348	m0245	46.1	4.56e-67	246
m0348	m0216	49.0	5.95e-67	245
m0348	m0316	49.1	7.78e-67	245
m0348	m0322	50.9	1.02e-66	245
m0348	m0238	49.1	1.33e-66	244
m0348	m0023	49.5	1.73e-66	244
m0348	m0096	48.2	2.26e-66	243
m0348	m0113	49.0	2.26e-66	243
m0348	m0088	48.5	2.26e-66	243
m0348	m0206	47.3	2.95e-66	243
m0348	m0324	48.2	2.95e-66	243
m0348	m0006	48.8	2.95e-66	243
m0348	m0157	48.0	2.95e-66	243
m0348	m0326	46.8	3.86e-66	243
m0348	m0043	48.3	3.86e-66	243
m0348	m0017	46.5	3.86e-66	243
m0348	m0215	48.5	3.86e-66	243
m0348	m0277	49.1	5.04e-66	242
m0348	m0047	47.8	8.6e-66	242
m0348	m0188	48.6	1.47e-65	241
m0348	m0050	48.1	1.47e-65	241
m0348	m0237	48.4	2.5e-65	240
m0348	m0227	49.7	3.27e-65	240
m0348	m0198	47.8	3.27e-65	240
m0348	m0068	48.3	4.27e-65	239
m0348	m0214	46.4	4.27e-65	239
m0348	m0341	47.5	4.27e-65	239
m0348	m0248	49.0	7.28e-65	238
m0348	m0333	48.1	7.28e-65	238
m0348	m0173	48.1	9.51e-65	238
m0348	m0174	47.8	9.51e-65	238
m0348	m0297	49.3	1.24e-64	238
m0348	m0259	48.1	1.24e-64	238
m0348	m0217	49.3	2.12e-64	237
m0348	m0183	48.6	2.12e-64	237
m0348	m0158	47.7	1.05e-63	235
m0348	m0281	48.2	1.05e-63	235
m0348	m0076	50.8	1.37e-63	234
m0348	m0144	45.9	3.06e-63	233
m0348	m0063	45.5	3.99e-63	233
m0348	m0154	46.5	5.22e-63	232
m0348	m0039	48.6	1.52e-62	231
m0348	m0118	44.0	1.98e-62	230
m0348	m0130	48.1	2.59e-62	230
m0348	m0094	45.8	9.84e-62	228
m0348	m0178	46.4	2.86e-61	226
m0348	m0346	45.1	2.86e-61	226
m0348	m0279	46.0	3.74e-61	226
m0348	m0295	45.2	4.88e-61	226
m0348	m0273	43.8	6.38e-61	225
m0348	m0036	43.1	8.33e-61	225
m0348	m0169	45.6	8.33e-61	225
m0348	m0120	44.5	1.09e-60	225
m0348	m0320	45.0	3.16e-60	223
m0348	m0138	45.8	5.4e-60	222
m0348	m0176	42.2	1.57e-59	221
m0348	m0066	43.8	5.97e-59	219
m0348	m0249	41.1	1.02e-58	218
m0348	m0313	41.4	1.74e-58	217
m0348	m0065	40.5	2.27e-58	217
m0348	m0337	46.7	6.6e-58	215
m0348	m0205	44.4	1.47e-57	214
m0348	m0172	43.1	3.27e-57	213
m0348	m0264	41.5	4.28e-57	213
m0348	m0067	41.6	1.63e-56	211
m0348	m0244	41.2	4.73e-56	209
m0348	m0025	42.1	4.73e-56	209
m0348	m0077	43.6	1.38e-55	208
m0348	m0184	39.3	1.38e-55	208
m0348	m0040	40.8	1.8e-55	207
m0348	m0079	38.3	2.35e-55	207
m0348	m0291	41.2	4e-55	206
m0348	m0037	39.4	1.16e-54	205
m0348	m0283	46.7	1.52e-54	204
m0348	m0095	41.3	1.52e-54	204
m0348	m0167	38.5	4.43e-54	203
m0348	m0031	38.0	4.43e-54	203
m0348	m0101	39.6	5.78e-54	202
m0348	m0175	38.8	5.78e-54	202
m0348	m0194	38.6	1.29e-53	201
m0348	m0074	39.4	2.2e-53	200
m0348	m0159	40.9	8.35e-53	198
m0348	m0104	40.7	1.42e-52	198
m0348	m0314	40.8	1.86e-52	197
m0348	m0243	41.5	3.17e-52	196
m0348	m0191	41.0	5.41e-52	196
m0348	m0028	39.7	7.07e-52	195
m0348	m0162	39.9	1.21e-51	195
m0348	m0051	39.7	7.81e-51	192
m0348	m0285	39.9	2.27e-50	190
m0348	m0071	37.5	2.27e-50	190
m0348	m0102	40.4	5.06e-50	189
m0348	m0170	39.9	1.47e-49	188
m0348	m0210	38.4	2.13e-48	184
m0348	m0128	41.2	1.06e-47	181
m0348	m0165	38.8	2.69e-43	167
m0348	m0005	37.8	1.74e-42	164
m0348	m0274	32.0	9.29e-28	115
m0348	m0288	28.1	4.32e-25	106
m0348	m0160	29.0	1.64e-24	104
m0348	m0137	28.0	2.01e-22	97
m0348	m0293	27.5	3e-18	84
m0348	m0228	27.0	8.72e-18	82
m0348	m0185	29.2	2.22e-13	67
m0348	m0275	24.4	1.88e-12	64
m0348	m0292	25.3	6.69e-10	56
m0348	m0122	26.2	6.69e-10	56
m0348	m0041	27.3	6.69e-10	56
m0348	m0064	25.7	2.15e-08	51
m0348	m0278	26.9	1.07e-07	49
m0348	m0265	22.0	2.38e-07	47
m0348	m0266	25.4	4.49e-06	43
m0348	m0307	21.9	0.000189	38
m0348	m0219	29.0	0.000189	38
m0348	m0016	24.9	0.000936	35
m0348	m0325	24.3	0.00272	34
m0348	m0344	23.9	0.00356	33
m0348	m0146	23.7	0.00356	33
m0348	m0143	29.8	0.00464	33
m0348	m0301	26.7	0.00464	33
m0348	m0026	28.4	0.0393	30
m0348	m0236	41.4	0.0393	30
m0348	m0237	42.9	0.0513	30
m0348	m0255	23.4	0.0876	29
m0348	m0006	31.9	0.114	28
m0348	m0093	33.3	0.149	28
m0348	m0216	30.2	0.149	28
m0348	m0125	22.7	0.195	28
m0348	m0345	28.6	0.255	27
m0348	m0202	23.9	0.435	27
m0348	m0142	25.2	0.435	27
m0348	m0327	26.8	0.568	26
m0348	m0157	30.1	0.741	26
m0348	m0060	21.4	0.968	25
m0348	m0047	28.4	1.65	25
m0348	m0318	28.9	1.65	25
m0348	m0050	29.8	2.82	24
m0348	m0007	37.5	2.82	24
m0348	m0239	61.5	3.68	23
m0348	m0253	27.4	6.28	23
m0347	m0342	90.4	1.37e-251	859
m0347	m0316	89.7	4.87e-249	851
m0347	m0157	88.2	4.13e-248	848
m0347	m0335	87.8	5.39e-248	847
m0347	m0096	88.9	3.49e-247	845
m0347	m0254	86.7	1.98e-242	829
m0347	m0047	86.8	8.33e-241	824
m0347	m0006	85.9	1.86e-240	822
m0347	m0216	85.8	1.02e-238	817
m0347	m0093	83.9	5.06e-238	814
m0347	m0014	83.4	1.47e-237	813
m0347	m0050	83.9	2.77e-236	809
m0347	m0161	82.4	8.07e-236	807
m0347	m0206	81.8	1.25e-228	783
m0347	m0324	84.1	5.24e-227	778
m0347	m0023	79.4	2.69e-223	765
m0347	m0215	84.2	8.99e-211	724
m0347	m0039	65.2	6.1e-167	578
m0347	m0217	63.1	3.35e-157	546
m0347	m0111	68.9	5.01e-153	532
m0347	m0341	55.8	1.91e-144	503
m0347	m0138	55.7	4.25e-144	502
m0347	m0277	54.5	2.58e-141	493
m0347	m0158	54.4	5.38e-139	485
m0347	m0113	58.7	7.03e-139	485
m0347	m0198	55.1	1.91e-136	477
m0347	m0282	55.4	2.76e-135	473
m0347	m0178	56.3	4.71e-135	472
m0347	m0322	57.2	6.16e-135	472
m0347	m0094	53.8	8.89e-134	468
m0347	m0172	53.6	4.41e-133	466
m0347	m0295	53.6	3.16e-131	460
m0347	m0244	53.5	1.57e-130	457
m0347	m0025	52.1	2.77e-127	446
m0347	m0259	69.4	7.54e-125	438
m0347	m0183	56.7	4.89e-124	436
m0347	m0163	53.3	2.68e-122	430
m0347	m0248	59.9	7.31e-120	422
m0347	m0238	52.6	3.75e-116	409
m0347	m0333	53.5	4.59e-114	403
m0347	m0227	51.9	4.59e-114	403
m0347	m0188	53.1	1.02e-113	401
m0347	m0130	53.1	1.33e-113	401
m0347	m0281	57.6	2.28e-113	400
m0347	m0296	66.5	2.97e-113	400
m0347	m0173	52.1	1.13e-112	398
m0347	m0154	49.5	1.48e-112	398
m0347	m0125	53.6	9.56e-112	395
m0347	m0214	60.9	1.63e-111	394
m0347	m0169	53.6	3.08e-110	390
m0347	m0174	51.7	3.4e-109	386
m0347	m0068	50.9	5.8e-109	386
m0347	m0279	54.9	1.29e-108	384
m0347	m0338	63.3	1.29e-108	384
m0347	m0330	60.2	4.16e-107	379
m0347	m0088	63.9	5.08e-105	372
m0347	m0182	50.2	9.58e-104	368
m0347	m0133	61.8	1.81e-102	364
m0347	m0076	68.5	2.61e-101	360
m0347	m0237	58.5	2.61e-101	360
m0347	m0326	61.3	3.77e-100	356
m0347	m0267	61.7	3.19e-99	353
m0347	m0343	59.3	9.28e-99	352
m0347	m0320	44.5	5.63e-96	342
m0347	m0017	60.1	5.63e-96	342
m0347	m0205	52.1	9.31e-91	325
m0347	m0297	46.2	7.37e-88	315
m0347	m0123	56.8	9.65e-80	289
m0347	m0334	52.9	6.26e-79	286
m0347	m0103	51.6	1.82e-78	284
m0347	m0299	54.6	5.86e-77	279
m0347	m0319	51.2	6.47e-76	276
m0347	m0131	51.6	2.46e-75	274
m0347	m0086	51.7	4.64e-74	270
m0347	m0235	51.5	6.06e-74	269
m0347	m0155	50.7	1.03e-73	268
m0347	m0234	51.7	1.03e-73	268
m0347	m0272	48.5	1.35e-73	268
m0347	m0232	47.3	3.93e-73	267
m0347	m0001	49.0	3.93e-73	267
m0347	m0247	48.8	3.93e-73	267
m0347	m0306	49.2	5.13e-73	266
m0347	m0233	48.5	5.13e-73	266
m0347	m0193	48.1	1.14e-72	265
m0347	m0097	50.8	1.14e-72	265
m0347	m0141	50.4	6.93e-70	256
m0347	m0134	48.0	2.02e-69	254
m0347	m0230	46.4	3.44e-69	253
m0347	m0229	50.6	5.87e-69	253
m0347	m0048	47.1	1.31e-68	252
m0347	m0166	46.9	1.31e-68	252
m0347	m0197	46.8	1.71e-68	251
m0347	m0033	48.3	2.23e-68	251
m0347	m0262	44.7	2.23e-68	251
m0347	m0011	48.4	6.49e-68	249
m0347	m0069	46.7	3.22e-67	247
m0347	m0192	49.1	5.49e-67	246
m0347	m0231	44.4	7.17e-67	246
m0347	m0062	43.3	9.37e-67	245
m0347	m0073	46.3	1.6e-66	245
m0347	m0012	47.0	1.6e-66	245
m0347	m0339	49.3	4.65e-66	243
m0347	m0168	43.7	6.07e-66	243
m0347	m0311	46.6	1.04e-65	242
m0347	m0070	46.5	1.77e-65	241
m0347	m0002	47.3	3.94e-65	240
m0347	m0084	45.2	7.42e-64	236
m0347	m0268	47.1	2.16e-63	234
m0347	m0045	45.8	1.07e-62	232
m0347	m0273	46.8	1.07e-62	232
m0347	m0305	44.0	1.4e-62	231
m0347	m0083	44.0	2.39e-62	231
m0347	m0098	44.0	3.12e-62	230
m0347	m0054	45.0	5.32e-62	230
m0347	m0124	45.7	5.32e-62	230
m0347	m0187	47.0	9.08e-62	229
m0347	m0317	43.7	9.08e-62	229
m0347	m0043	48.2	4.5e-61	226
m0347	m0294	47.7	1.71e-60	225
m0347	m0245	44.4	4.98e-60	223
m0347	m0149	42.9	4.22e-59	220
m0347	m0109	44.3	5.51e-59	220
m0347	m0063	45.6	6.09e-58	216
m0347	m0252	43.7	7.95e-58	216
m0347	m0331	45.5	7.95e-58	216
m0347	m0144	43.7	1.04e-57	215
m0347	m0066	42.2	6.73e-57	213
m0347	m0118	44.4	1.96e-56	211
m0347	m0090	43.2	1.27e-55	208
m0347	m0031	43.8	1.66e-55	208
m0347	m0120	41.8	5.33e-54	203
m0347	m0074	44.7	1.31e-52	198
m0347	m0313	42.2	4.99e-52	196
m0347	m0101	41.8	8.51e-52	196
m0347	m0184	41.9	5.52e-51	193
m0347	m0040	43.2	9.41e-51	192
m0347	m0264	40.9	6.1e-50	190
m0347	m0194	40.5	7.97e-50	189
m0347	m0210	39.7	1.36e-49	188
m0347	m0291	39.5	2.32e-49	188
m0347	m0337	42.2	3.96e-49	187
m0347	m0104	44.0	6.75e-49	186
m0347	m0346	41.1	6.75e-49	186
m0347	m0065	39.4	1.5e-48	185
m0347	m0067	38.5	1.5e-48	185
m0347	m0175	39.4	4.37e-48	183
m0347	m0176	38.9	5.71e-48	183
m0347	m0079	39.1	7.46e-48	183
m0347	m0191	39.7	7.46e-48	183
m0347	m0167	39.2	4.83e-47	180
m0347	m0036	39.7	4.83e-47	180
m0347	m0037	38.7	4.83e-47	180
m0347	m0162	42.0	3.13e-46	177
m0347	m0314	40.4	3.13e-46	177
m0347	m0077	40.6	4.09e-46	177
m0347	m0285	40.0	6.98e-46	176
m0347	m0095	38.8	2.03e-45	174
m0347	m0051	40.0	2.65e-45	174
m0347	m0243	37.5	3.46e-45	174
m0347	m0102	37.6	4.53e-45	173
m0347	m0159	38.4	5.91e-45	173
m0347	m0170	38.8	7.72e-45	173
m0347	m0028	40.1	1.01e-44	172
m0347	m0071	38.1	1.01e-44	172
m0347	m0283	41.4	1.01e-44	172
m0347	m0249	39.9	1.72e-44	171
m0347	m0128	40.2	1.9e-43	168
m0347	m0005	37.8	5.36e-38	150
m0347	m0165	37.5	1.56e-37	148
m0347	m0274	32.3	1.05e-33	136
m0347	m0288	29.9	1.91e-27	115
m0347	m0137	30.4	2.11e-26	111
m0347	m0160	29.5	1.79e-25	108
m0347	m0202	27.7	9.18e-22	96
m0347	m0185	29.5	6.58e-20	90
m0347	m0278	34.0	6.81e-17	80
m0347	m0228	33.3	3.38e-16	77
m0347	m0293	25.9	3.74e-15	74
m0347	m0292	28.8	2.42e-14	71
m0347	m0275	26.9	7.05e-14	70
m0347	m0041	26.3	1.2e-13	69
m0347	m0265	25.0	6.6e-12	63
m0347	m0266	29.8	5.58e-11	60
m0347	m0064	31.5	2.77e-10	58
m0347	m0122	23.6	1.8e-09	55
m0347	m0307	22.2	0.000661	37
m0347	m0219	22.7	0.00147	35
m0347	m0344	32.3	0.00328	34
m0347	m0016	22.8	0.00731	33
m0347	m0143	21.9	0.00955	33
m0347	m0327	23.7	0.0125	32
m0347	m0345	45.9	0.0125	32
m0347	m0255	25.2	0.0163	32
m0347	m0146	25.8	0.0163	32
m0347	m0143	25.3	0.0213	32
m0347	m0177	27.4	0.0474	30
m0347	m0004	31.4	0.0619	30
m0347	m0026	38.5	0.0808	30
m0347	m0099	23.9	0.106	29
m0347	m0239	28.6	0.138	29
m0347	m0279	33.3	0.18	28
m0347	m0099	32.1	0.18	28
m0347	m0129	30.4	0.235	28
m0347	m0237	21.6	0.401	27
m0347	m0065	25.2	0.524	27
m0347	m0108	33.3	0.684	27
m0347	m0056	37.2	0.684	27
m0347	m0148	59.1	0.893	26
m0347	m0196	38.5	1.52	25
m0347	m0217	28.6	3.4	24
m0347	m0036	44.0	4.43	24
m0347	m0034	26.9	4.43	24
m0347	m0061	24.8	4.43	24
m0346	m0331	60.4	1.28e-87	314
m0346	m0045	55.0	6.33e-87	312
m0346	m0083	57.3	6.33e-87	312
m0346	m0071	56.6	8.27e-87	311
m0346	m0306	56.2	5.93e-85	305
m0346	m0317	54.8	7.25e-83	298
m0346	m0193	53.6	4.7e-82	295
m0346	m0168	52.7	8.01e-82	295
m0346	m0001	54.7	8.01e-82	295
m0346	m0230	52.5	3.98e-81	292
m0346	m0120	54.6	5.19e-81	292
m0346	m0233	52.9	2.58e-80	290
m0346	m0109	53.8	2.58e-80	290
m0346	m0187	53.9	5.74e-80	289
m0346	m0339	52.2	3.72e-79	286
m0346	m0229	53.2	4.11e-78	282
m0346	m0272	49.5	4.11e-78	282
m0346	m0103	51.3	3.48e-77	279
m0346	m0334	51.9	5.94e-77	278
m0346	m0134	50.2	5.94e-77	278
m0346	m0031	47.8	8.58e-76	275
m0346	m0002	52.6	1.12e-75	274
m0346	m0262	50.4	1.12e-75	274
m0346	m0311	51.1	1.91e-75	273
m0346	m0124	49.5	5.56e-75	272
m0346	m0043	51.2	7.26e-75	272
m0346	m0012	50.4	1.62e-74	270
m0346	m0232	49.3	1.62e-74	270
m0346	m0235	50.5	2.11e-74	270
m0346	m0063	52.2	2.11e-74	270
m0346	m0131	50.4	3.6e-74	269
m0346	m0144	51.0	4.71e-74	269
m0346	m0319	48.1	1.05e-73	268
m0346	m0234	53.4	1.37e-73	267
m0346	m0299	50.0	3.05e-73	266
m0346	m0074	49.1	3.99e-73	266
m0346	m0101	48.3	8.88e-73	265
m0346	m0123	50.7	8.88e-73	265
m0346	m0231	49.8	1.98e-72	263
m0346	m0247	45.8	5.76e-72	262
m0346	m0011	47.7	2.86e-71	260
m0346	m0245	45.9	4.87e-71	259
m0346	m0054	51.6	8.31e-71	258
m0346	m0141	50.8	1.42e-70	257
m0346	m0086	47.8	7.04e-70	255
m0346	m0062	47.1	4.56e-69	252
m0346	m0191	49.8	7.28e-67	245
m0346	m0264	47.4	7.28e-67	245
m0346	m0097	47.0	6.16e-66	242
m0346	m0162	46.9	1.05e-65	241
m0346	m0149	44.7	1.05e-65	241
m0346	m0077	45.8	3.06e-65	240
m0346	m0184	46.4	5.22e-65	239
m0346	m0294	42.4	1.52e-64	237
m0346	m0314	46.4	3.38e-64	236
m0346	m0167	45.4	5.77e-64	235
m0346	m0166	43.3	5.77e-64	235
m0346	m0175	45.4	5.77e-64	235
m0346	m0252	44.9	7.53e-64	235
m0346	m0098	47.8	9.84e-64	235
m0346	m0051	45.4	9.84e-64	235
m0346	m0118	45.2	1.29e-63	234
m0346	m0084	44.2	2.86e-63	233
m0346	m0170	44.9	4.88e-63	232
m0346	m0268	46.3	1.09e-62	231
m0346	m0194	44.1	1.86e-62	230
m0346	m0090	43.2	1.86e-62	230
m0346	m0040	45.6	1.86e-62	230
m0346	m0305	43.3	2.42e-62	230
m0346	m0313	46.5	3.17e-62	230
m0346	m0337	46.7	4.13e-62	229
m0346	m0104	47.2	4.13e-62	229
m0346	m0192	45.9	9.21e-62	228
m0346	m0073	48.2	9.21e-62	228
m0346	m0243	43.5	1.2e-61	228
m0346	m0048	43.9	2.05e-61	227
m0346	m0069	45.3	2.68e-61	226
m0346	m0079	43.0	4.57e-61	226
m0346	m0036	46.7	1.33e-60	224
m0346	m0067	46.5	1.74e-60	224
m0346	m0197	45.3	2.96e-60	223
m0346	m0176	40.8	8.62e-60	221
m0346	m0070	43.0	8.62e-60	221
m0346	m0037	41.4	8.62e-60	221
m0346	m0291	42.9	1.47e-59	221
m0346	m0249	45.6	1.47e-59	221
m0346	m0155	44.3	2.51e-59	220
m0346	m0095	44.5	3.28e-59	220
m0346	m0273	46.5	3.28e-59	220
m0346	m0102	44.2	4.73e-58	216
m0346	m0028	45.2	1.38e-57	214
m0346	m0285	44.0	5.23e-57	212
m0346	m0065	43.0	8.92e-57	211
m0346	m0033	43.8	1.17e-56	211
m0346	m0283	46.3	9.86e-56	208
m0346	m0210	43.2	3.75e-55	206
m0346	m0128	43.4	4.89e-55	206
m0346	m0182	43.6	4.89e-55	206
m0346	m0267	42.2	1.09e-54	205
m0346	m0133	42.1	9.23e-54	201
m0346	m0343	43.0	1.57e-53	201
m0346	m0297	44.1	2.06e-53	200
m0346	m0326	41.2	7.81e-53	198
m0346	m0238	42.4	1.02e-52	198
m0346	m0076	43.6	1.33e-52	198
m0346	m0188	40.5	1.33e-52	198
m0346	m0281	41.1	1.74e-52	197
m0346	m0066	41.8	1.74e-52	197
m0346	m0113	43.0	2.27e-52	197
m0346	m0017	40.7	2.27e-52	197
m0346	m0125	42.7	2.97e-52	196
m0346	m0248	40.6	1.13e-51	195
m0346	m0159	43.8	1.92e-51	194
m0346	m0296	40.1	1.92e-51	194
m0346	m0130	42.7	3.28e-51	193
m0346	m0138	40.0	5.6e-51	192
m0346	m0295	39.5	5.6e-51	192
m0346	m0169	43.3	7.31e-51	192
m0346	m0163	38.4	1.63e-50	191
m0346	m0330	39.9	2.13e-50	190
m0346	m0282	40.4	2.13e-50	190
m0346	m0178	40.8	2.13e-50	190
m0346	m0333	41.3	2.78e-50	190
m0346	m0338	39.9	2.78e-50	190
m0346	m0322	41.5	4.74e-50	189
m0346	m0158	40.7	4.74e-50	189
m0346	m0154	39.9	1.06e-49	188
m0346	m0259	40.0	1.38e-49	188
m0346	m0039	44.3	3.07e-49	186
m0346	m0174	40.2	3.07e-49	186
m0346	m0206	40.5	3.07e-49	186
m0346	m0198	37.6	4.01e-49	186
m0346	m0324	40.1	4.01e-49	186
m0346	m0006	40.1	6.85e-49	185
m0346	m0014	39.4	8.94e-49	185
m0346	m0215	39.6	8.94e-49	185
m0346	m0183	39.9	1.17e-48	184
m0346	m0335	42.3	1.53e-48	184
m0346	m0237	41.2	1.53e-48	184
m0346	m0096	42.3	1.99e-48	184
m0346	m0277	39.4	3.4e-48	183
m0346	m0111	41.6	4.44e-48	183
m0346	m0088	38.9	4.44e-48	183
m0346	m0214	39.8	5.8e-48	182
m0346	m0341	39.4	5.8e-48	182
m0346	m0217	43.9	7.57e-48	182
m0346	m0173	37.7	7.57e-48	182
m0346	m0172	40.3	1.29e-47	181
m0346	m0093	41.1	1.69e-47	181
m0346	m0316	40.1	2.2e-47	180
m0346	m0068	37.5	2.88e-47	180
m0346	m0047	39.3	2.88e-47	180
m0346	m0157	41.1	3.76e-47	179
m0346	m0216	41.5	3.76e-47	179
m0346	m0227	45.1	4.91e-47	179
m0346	m0342	41.9	4.91e-47	179
m0346	m0254	41.9	4.91e-47	179
m0346	m0165	35.6	8.37e-47	178
m0346	m0320	36.9	1.09e-46	178
m0346	m0025	37.2	1.09e-46	178
m0346	m0161	38.3	1.43e-46	178
m0346	m0050	41.4	1.43e-46	178
m0346	m0244	38.0	1.43e-46	178
m0346	m0094	39.8	4.15e-46	176
m0346	m0023	40.7	5.42e-46	176
m0346	m0279	40.4	1.58e-45	174
m0346	m0005	36.0	1.93e-43	167
m0346	m0205	37.7	8.96e-41	158
m0346	m0160	32.3	2.89e-31	127
m0346	m0274	33.5	8.41e-31	125
m0346	m0288	32.6	2.45e-30	124
m0346	m0137	33.2	2.7e-29	120
m0346	m0202	28.6	1.34e-28	118
m0346	m0228	29.6	8.43e-23	99
m0346	m0293	28.6	1.44e-22	98
m0346	m0185	25.9	6.25e-18	82
m0346	m0041	27.3	5.29e-17	79
m0346	m0292	24.9	2.63e-16	77
m0346	m0278	28.2	5.85e-16	76
m0346	m0122	26.2	1.1e-14	72
m0346	m0266	29.5	1.1e-14	72
m0346	m0275	25.6	2.46e-14	70
m0346	m0064	26.6	2.3e-12	64
m0346	m0265	25.3	1.07e-09	55
m0346	m0219	23.4	2.46e-06	44
m0346	m0307	23.6	1.6e-05	41
m0346	m0016	22.9	4.65e-05	40
m0346	m0218	23.5	6.07e-05	39
m0346	m0115	23.3	0.000671	36
m0346	m0344	24.0	0.000671	36
m0346	m0255	28.0	0.00255	34
m0346	m0026	21.9	0.0127	32
m0346	m0148	23.4	0.0282	30
m0346	m0177	25.4	0.0628	29
m0346	m0143	22.6	0.183	28
m0346	m0143	25.2	0.407	27
m0346	m0099	22.1	0.407	27
m0346	m0163	28.4	0.694	26
m0346	m0345	23.0	0.694	26
m0346	m0196	28.1	1.55	25
m0346	m0053	25.5	2.02	24
m0346	m0320	33.3	3.45	23
m0346	m0056	42.3	3.45	23
m0346	m0177	38.9	3.45	23
m0346	m0013	21.7	4.5	23
m0346	m0099	25.4	5.88	23
m0345	m0177	35.7	1.98e-31	127
m0345	m0099	28.1	5.6e-18	82
m0345	m0332	34.6	6.19e-17	79
m0345	m0300	24.3	1.99e-15	74
m0345	m0053	25.7	4.15e-13	66
m0345	m0245	26.8	8.1e-09	52
m0345	m0012	27.0	1.53e-07	48
m0345	m0255	27.5	3.41e-07	47
m0345	m0193	31.4	4.45e-07	46
m0345	m0275	24.7	9.91e-07	45
m0345	m0155	23.3	2.88e-06	44
m0345	m0061	29.9	4.92e-06	43
m0345	m0149	26.6	8.39e-06	42
m0345	m0124	27.4	1.1e-05	42
m0345	m0191	34.4	1.43e-05	41
m0345	m0273	28.6	1.87e-05	41
m0345	m0306	28.8	1.87e-05	41
m0345	m0252	28.7	1.87e-05	41
m0345	m0168	30.2	1.87e-05	41
m0345	m0291	31.0	1.87e-05	41
m0345	m0321	30.0	1.87e-05	41
m0345	m0113	29.4	2.44e-05	40
m0345	m0322	29.4	3.19e-05	40
m0345	m0166	29.8	3.19e-05	40
m0345	m0176	32.5	3.19e-05	40
m0345	m0069	32.4	3.19e-05	40
m0345	m0067	32.9	4.16e-05	40
m0345	m0169	28.4	4.16e-05	40
m0345	m0011	28.1	4.16e-05	40
m0345	m0337	29.0	7.1e-05	39
m0345	m0070	27.2	7.1e-05	39
m0345	m0163	31.1	9.27e-05	39
m0345	m0277	26.7	9.27e-05	39
m0345	m0313	32.9	9.27e-05	39
m0345	m0331	26.9	9.27e-05	39
m0345	m0341	28.4	0.000121	38
m0345	m0339	29.9	0.000121	38
m0345	m0238	29.6	0.000121	38
m0345	m0317	28.2	0.000121	38
m0345	m0001	28.1	0.000121	38
m0345	m0094	28.4	0.000121	38
m0345	m0065	30.9	0.000121	38
m0345	m0168	32.4	0.000121	38
m0345	m0249	32.0	0.000158	38
m0345	m0219	24.9	0.000158	38
m0345	m0048	26.1	0.000158	38
m0345	m0192	27.8	0.000207	37
m0345	m0311	27.6	0.000207	37
m0345	m0305	32.5	0.000207	37
m0345	m0334	21.8	0.000207	37
m0345	m0041	28.1	0.000207	37
m0345	m0095	29.0	0.000207	37
m0345	m0282	29.1	0.000207	37
m0345	m0002	32.4	0.00027	37
m0345	m0233	27.8	0.00027	37
m0345	m0235	29.0	0.00027	37
m0345	m0037	29.0	0.00027	37
m0345	m0056	24.7	0.000352	37
m0345	m0299	26.7	0.000352	37
m0345	m0036	32.0	0.00046	36
m0345	m0165	29.5	0.00046	36
m0345	m0043	26.6	0.00046	36
m0345	m0176	28.2	0.00046	36
m0345	m0102	30.2	0.00046	36
m0345	m0090	30.5	0.00046	36
m0345	m0054	32.3	0.00046	36
m0345	m0154	28.9	0.00046	36
m0345	m0319	26.5	0.00046	36
m0345	m0299	27.5	0.000601	36
m0345	m0063	27.3	0.000601	36
m0345	m0205	26.2	0.000601	36
m0345	m0196	36.7	0.000601	36
m0345	m0118	25.4	0.000601	36
m0345	m0138	27.2	0.000601	36
m0345	m0306	29.0	0.000601	36
m0345	m0006	31.2	0.000601	36
m0345	m0187	25.6	0.000601	36
m0345	m0230	27.8	0.000785	35
m0345	m0103	25.2	0.000785	35
m0345	m0109	26.7	0.000785	35
m0345	m0172	27.1	0.000785	35
m0345	m0028	23.5	0.000785	35
m0345	m0188	28.9	0.000785	35
m0345	m0111	30.2	0.000785	35
m0345	m0120	27.9	0.000785	35
m0345	m0232	26.0	0.000785	35
m0345	m0235	42.6	0.000785	35
m0345	m0083	26.6	0.00103	35
m0345	m0045	25.6	0.00103	35
m0345	m0215	30.4	0.00103	35
m0345	m0123	26.4	0.00103	35
m0345	m0067	27.5	0.00103	35
m0345	m0159	28.7	0.00103	35
m0345	m0264	27.2	0.00134	35
m0345	m0281	28.1	0.00134	35
m0345	m0272	25.0	0.00134	35
m0345	m0333	28.9	0.00175	34
m0345	m0234	40.4	0.00175	34
m0345	m0065	26.0	0.00175	34
m0345	m0174	27.7	0.00175	34
m0345	m0182	23.3	0.00175	34
m0345	m0165	25.0	0.00175	34
m0345	m0077	32.2	0.00175	34
m0345	m0103	25.7	0.00175	34
m0345	m0202	26.0	0.00175	34
m0345	m0066	30.2	0.00228	34
m0345	m0079	43.2	0.00228	34
m0345	m0296	29.2	0.00228	34
m0345	m0194	43.2	0.00228	34
m0345	m0279	26.1	0.00228	34
m0345	m0335	48.6	0.00228	34
m0345	m0130	27.1	0.00298	33
m0345	m0141	26.5	0.00298	33
m0345	m0248	28.9	0.00298	33
m0345	m0245	27.3	0.00298	33
m0345	m0313	27.5	0.00298	33
m0345	m0267	26.9	0.00298	33
m0345	m0272	27.2	0.0039	33
m0345	m0197	28.6	0.0039	33
m0345	m0173	45.9	0.0039	33
m0345	m0157	45.9	0.0039	33
m0345	m0228	25.9	0.0039	33
m0345	m0231	28.6	0.0039	33
m0345	m0249	26.1	0.0039	33
m0345	m0084	28.8	0.0039	33
m0345	m0291	27.5	0.0039	33
m0345	m0124	28.0	0.0039	33
m0345	m0167	26.4	0.00509	33
m0345	m0193	24.6	0.00509	33
m0345	m0074	45.9	0.00509	33
m0345	m0316	45.9	0.00509	33
m0345	m0144	23.0	0.00509	33
m0345	m0288	22.4	0.00509	33
m0345	m0069	26.9	0.00665	32
m0345	m0076	27.1	0.00665	32
m0345	m0305	29.9	0.00665	32
m0345	m0285	41.5	0.00665	32
m0345	m0152	37.5	0.00665	32
m0345	m0314	37.8	0.00665	32
m0345	m0342	45.9	0.00665	32
m0345	m0229	25.6	0.00665	32
m0345	m0264	23.8	0.00665	32
m0345	m0214	43.2	0.00868	32
m0345	m0326	27.7	0.00868	32
m0345	m0294	28.0	0.00868	32
m0345	m0096	45.9	0.00868	32
m0345	m0324	45.9	0.00868	32
m0345	m0001	26.1	0.00868	32
m0345	m0073	28.1	0.00868	32
m0345	m0050	45.9	0.00868	32
m0345	m0047	45.9	0.0113	32
m0345	m0206	45.9	0.0113	32
m0345	m0217	31.1	0.0113	32
m0345	m0196	29.1	0.0113	32
m0345	m0184	25.8	0.0113	32
m0345	m0266	28.3	0.0113	32
m0345	m0279	25.5	0.0113	32
m0345	m0254	45.9	0.0113	32
m0345	m0216	45.9	0.0113	32
m0345	m0039	25.6	0.0113	32
m0345	m0175	36.6	0.0113	32
m0345	m0330	27.6	0.0113	32
m0345	m0234	27.5	0.0113	32
m0345	m0244	43.2	0.0148	31
m0345	m0159	33.3	0.0148	31
m0345	m0023	28.4	0.0148	31
m0345	m0178	25.2	0.0148	31
m0345	m0068	26.6	0.0148	31
m0345	m0247	26.5	0.0148	31
m0345	m0036	24.3	0.0148	31
m0345	m0031	26.0	0.0148	31
m0345	m0237	48.6	0.0148	31
m0345	m0093	45.9	0.0193	31
m0345	m0062	26.2	0.0193	31
m0345	m0343	27.4	0.0193	31
m0345	m0210	47.6	0.0193	31
m0345	m0025	40.5	0.0193	31
m0345	m0083	27.8	0.0193	31
m0345	m0274	28.4	0.0193	31
m0345	m0295	28.8	0.0193	31
m0345	m0014	29.9	0.0193	31
m0345	m0311	29.9	0.0253	30
m0345	m0161	43.2	0.0253	30
m0345	m0266	25.9	0.0253	30
m0345	m0297	29.1	0.0253	30
m0345	m0012	26.6	0.0253	30
m0345	m0227	24.8	0.033	30
m0345	m0169	23.8	0.033	30
m0345	m0283	41.7	0.033	30
m0345	m0030	41.5	0.033	30
m0345	m0197	28.9	0.033	30
m0345	m0125	25.7	0.033	30
m0345	m0129	22.2	0.033	30
m0345	m0128	30.8	0.033	30
m0345	m0002	23.9	0.033	30
m0345	m0212	27.3	0.033	30
m0345	m0101	26.4	0.033	30
m0345	m0045	27.8	0.0431	30
m0345	m0338	26.5	0.0431	30
m0345	m0051	28.0	0.0431	30
m0345	m0262	26.9	0.0431	30
m0345	m0040	42.9	0.0563	29
m0345	m0259	30.3	0.0563	29
m0345	m0319	40.5	0.0563	29
m0345	m0066	26.9	0.0563	29
m0345	m0098	30.1	0.0563	29
m0345	m0090	26.1	0.0563	29
m0345	m0183	30.3	0.0563	29
m0345	m0017	26.2	0.0563	29
m0345	m0170	29.5	0.0563	29
m0345	m0086	30.3	0.0563	29
m0345	m0088	26.3	0.0563	29
m0345	m0271	50.0	0.0735	29
m0345	m0033	23.6	0.0735	29
m0345	m0104	25.6	0.0735	29
m0345	m0320	40.5	0.096	28
m0345	m0162	39.0	0.096	28
m0345	m0293	29.5	0.096	28
m0345	m0160	47.8	0.096	28
m0345	m0131	40.5	0.125	28
m0345	m0134	36.6	0.164	28
m0345	m0134	25.0	0.164	28
m0345	m0208	57.9	0.214	27
m0345	m0268	34.1	0.279	27
m0345	m0263	100.0	0.365	27
m0345	m0141	88.9	0.365	27
m0345	m0114	100.0	0.365	27
m0345	m0224	100.0	0.365	27
m0345	m0218	100.0	0.365	27
m0345	m0243	24.7	0.476	26
m0345	m0160	23.9	0.476	26
m0345	m0133	28.2	0.476	26
m0345	m0097	24.1	0.476	26
m0345	m0143	42.1	0.476	26
m0345	m0064	26.7	0.622	26
m0345	m0198	34.1	0.812	25
m0345	m0270	25.8	0.812	25
m0345	m0137	52.6	1.06	25
m0345	m0194	24.6	1.39	25
m0345	m0158	40.5	2.36	24
m0345	m0146	30.5	3.09	23
m0345	m0067	24.6	4.03	23
m0345	m0175	23.8	4.03	23
m0345	m0241	28.6	5.27	23
m0345	m0026	36.7	5.27	23
m0345	m0037	30.4	8.98	22
m0344	m0339	29.2	1.92e-07	48
m0344	m0234	28.6	2.51e-07	47
m0344	m0272	36.4	4.28e-07	47
m0344	m0334	28.9	2.12e-06	44
m0344	m0134	29.6	2.77e-06	44
m0344	m0193	25.9	3.62e-06	44
m0344	m0235	27.3	8.07e-06	42
m0344	m0233	37.7	8.07e-06	42
m0344	m0337	28.8	1.05e-05	42
m0344	m0066	32.2	1.38e-05	42
m0344	m0230	34.1	1.38e-05	42
m0344	m0063	29.8	1.8e-05	41
m0344	m0083	30.1	2.35e-05	41
m0344	m0299	24.6	2.35e-05	41
m0344	m0317	30.1	3.07e-05	40
m0344	m0331	32.3	3.07e-05	40
m0344	m0306	33.0	3.07e-05	40
m0344	m0149	29.0	4e-05	40
m0344	m0001	23.8	4e-05	40
m0344	m0168	31.8	4e-05	40
m0344	m0283	28.8	5.23e-05	40
m0344	m0319	25.4	5.23e-05	40
m0344	m0103	23.8	6.83e-05	39
m0344	m0311	31.8	8.92e-05	39
m0344	m0326	24.5	0.000152	38
m0344	m0268	25.3	0.000199	38
m0344	m0076	41.3	0.000199	38
m0344	m0090	26.1	0.000199	38
m0344	m0045	30.1	0.000199	38
m0344	m0054	25.5	0.000199	38
m0344	m0131	23.6	0.000199	38
m0344	m0002	29.7	0.000259	37
m0344	m0125	33.0	0.000339	37
m0344	m0228	28.6	0.000339	37
m0344	m0012	28.8	0.000339	37
m0344	m0227	32.2	0.000443	37
m0344	m0343	25.6	0.000578	36
m0344	m0217	32.2	0.000578	36
m0344	m0247	27.4	0.000578	36
m0344	m0158	25.4	0.000578	36
m0344	m0197	20.6	0.000755	36
m0344	m0133	33.0	0.000755	36
m0344	m0023	34.4	0.000755	36
m0344	m0198	34.4	0.000755	36
m0344	m0201	29.1	0.000986	35
m0344	m0267	26.1	0.000986	35
m0344	m0252	26.6	0.000986	35
m0344	m0182	28.6	0.00129	35
m0344	m0214	29.6	0.00129	35
m0344	m0237	38.0	0.00129	35
m0344	m0017	31.9	0.00168	35
m0344	m0073	24.7	0.0022	34
m0344	m0320	36.2	0.0022	34
m0344	m0124	25.7	0.0022	34
m0344	m0011	26.6	0.0022	34
m0344	m0014	31.1	0.00287	34
m0344	m0296	32.2	0.00375	33
m0344	m0039	31.1	0.00375	33
m0344	m0043	23.9	0.00489	33
m0344	m0098	32.4	0.00489	33
m0344	m0155	29.5	0.00489	33
m0344	m0254	32.3	0.00489	33
m0344	m0070	22.9	0.00639	33
m0344	m0025	21.6	0.00639	33
m0344	m0123	23.8	0.00639	33
m0344	m0111	31.0	0.00835	32
m0344	m0086	21.3	0.00835	32
m0344	m0031	24.1	0.00835	32
m0344	m0335	32.9	0.00835	32
m0344	m0232	28.6	0.00835	32
m0344	m0069	32.3	0.00835	32
m0344	m0141	27.3	0.0109	32
m0344	m0096	30.9	0.0109	32
m0344	m0062	27.1	0.0109	32
m0344	m0109	32.4	0.0109	32
m0344	m0248	36.2	0.0109	32
m0344	m0161	30.0	0.0142	32
m0344	m0159	30.9	0.0142	32
m0344	m0187	25.8	0.0142	32
m0344	m0294	22.9	0.0142	32
m0344	m0205	25.9	0.0142	32
m0344	m0231	26.4	0.0186	31
m0344	m0118	20.6	0.0186	31
m0344	m0229	22.5	0.0186	31
m0344	m0316	31.2	0.0186	31
m0344	m0097	23.6	0.0186	31
m0344	m0238	28.4	0.0186	31
m0344	m0330	42.9	0.0243	31
m0344	m0040	28.4	0.0243	31
m0344	m0120	25.5	0.0317	30
m0344	m0279	27.0	0.0317	30
m0344	m0262	22.3	0.0317	30
m0344	m0157	31.2	0.0317	30
m0344	m0342	31.2	0.0317	30
m0344	m0174	29.7	0.0414	30
m0344	m0295	35.0	0.0414	30
m0344	m0006	31.1	0.0414	30
m0344	m0088	35.3	0.0414	30
m0344	m0243	23.3	0.0414	30
m0344	m0050	30.1	0.0541	30
m0344	m0281	35.0	0.0541	30
m0344	m0244	23.3	0.0541	30
m0344	m0338	35.5	0.0541	30
m0344	m0297	33.9	0.0541	30
m0344	m0216	30.1	0.0541	30
m0344	m0154	28.3	0.0541	30
m0344	m0277	33.8	0.0707	29
m0344	m0215	26.7	0.0707	29
m0344	m0104	31.1	0.0707	29
m0344	m0094	33.8	0.0707	29
m0344	m0188	24.8	0.0707	29
m0344	m0130	30.1	0.0923	29
m0344	m0192	27.4	0.0923	29
m0344	m0074	27.9	0.0923	29
m0344	m0324	26.7	0.0923	29
m0344	m0172	24.0	0.0923	29
m0344	m0206	29.0	0.0923	29
m0344	m0162	31.1	0.121	28
m0344	m0322	35.6	0.121	28
m0344	m0282	33.8	0.121	28
m0344	m0163	28.4	0.121	28
m0344	m0341	33.8	0.157	28
m0344	m0047	29.0	0.157	28
m0344	m0333	35.0	0.157	28
m0344	m0102	28.4	0.157	28
m0344	m0169	29.0	0.157	28
m0344	m0212	23.3	0.206	28
m0344	m0314	25.0	0.206	28
m0344	m0178	35.0	0.206	28
m0344	m0305	46.7	0.269	27
m0344	m0321	34.4	0.269	27
m0344	m0113	31.2	0.351	27
m0344	m0213	29.5	0.458	27
m0344	m0259	20.5	0.458	27
m0344	m0093	33.9	0.458	27
m0344	m0183	23.3	0.458	27
m0344	m0173	33.3	0.598	26
m0344	m0210	28.8	0.598	26
m0344	m0278	25.3	0.598	26
m0344	m0068	33.3	0.598	26
m0344	m0288	34.2	0.781	26
m0344	m0084	25.6	0.781	26
m0344	m0138	27.6	0.781	26
m0344	m0136	29.6	0.781	26
m0344	m0226	27.7	1.02	25
m0344	m0170	48.1	1.02	25
m0344	m0144	25.0	1.02	25
m0344	m0079	20.4	1.33	25
m0344	m0051	36.0	1.33	25
m0344	m0266	29.8	2.97	24
m0344	m0033	24.7	2.97	24
m0344	m0167	21.3	3.88	23
m0344	m0175	20.1	5.06	23
m0344	m0128	25.2	8.64	22
m0344	m0194	26.3	8.64	22
m0343	m0017	81.0	3.1e-140	489
m0343	m0125	82.8	1.3e-138	483
m0343	m0326	79.3	1.7e-138	483
m0343	m0133	79.1	7.15e-137	478
m0343	m0267	82.5	1.14e-134	470
m0343	m0297	68.2	2.24e-106	376
m0343	m0111	58.7	2.84e-101	359
m0343	m0023	60.6	6.99e-100	355
m0343	m0014	58.7	7.73e-99	351
m0343	m0238	62.8	7.73e-99	351
m0343	m0254	61.3	1.72e-98	350
m0343	m0296	59.0	3.84e-98	349
m0343	m0333	60.1	1.12e-97	347
m0343	m0161	58.6	1.46e-97	347
m0343	m0259	62.9	1.9e-97	347
m0343	m0215	59.3	3.25e-97	346
m0343	m0335	56.7	3.25e-97	346
m0343	m0163	60.5	5.54e-97	345
m0343	m0342	58.1	5.54e-97	345
m0343	m0088	59.2	5.54e-97	345
m0343	m0295	60.5	5.54e-97	345
m0343	m0206	58.3	1.23e-96	344
m0343	m0281	62.0	1.61e-96	344
m0343	m0174	58.6	1.61e-96	344
m0343	m0183	63.2	1.61e-96	344
m0343	m0050	59.2	1.61e-96	344
m0343	m0316	58.9	2.11e-96	343
m0343	m0093	56.8	4.69e-96	342
m0343	m0096	58.3	6.12e-96	342
m0343	m0324	58.8	1.78e-95	340
m0343	m0157	56.8	3.04e-95	339
m0343	m0216	59.3	3.97e-95	339
m0343	m0182	58.6	5.19e-95	339
m0343	m0248	61.0	5.19e-95	339
m0343	m0188	57.3	5.19e-95	339
m0343	m0006	58.1	8.84e-95	338
m0343	m0130	60.6	3.36e-94	336
m0343	m0158	57.8	3.36e-94	336
m0343	m0047	55.8	5.73e-94	335
m0343	m0169	58.5	9.78e-94	334
m0343	m0154	59.2	2.85e-93	333
m0343	m0076	62.9	2.85e-93	333
m0343	m0178	61.1	4.85e-93	332
m0343	m0330	58.2	5.37e-92	329
m0343	m0138	57.5	9.15e-92	328
m0343	m0025	57.0	4.54e-91	325
m0343	m0338	56.7	5.93e-91	325
m0343	m0172	57.7	7.75e-91	325
m0343	m0214	56.3	3.85e-90	322
m0343	m0320	54.6	1.46e-89	320
m0343	m0244	57.0	4.25e-89	319
m0343	m0198	57.2	1.24e-88	317
m0343	m0173	54.0	6.14e-88	315
m0343	m0068	55.3	5.2e-87	312
m0343	m0039	57.4	8.86e-87	311
m0343	m0279	54.6	2.58e-86	310
m0343	m0237	53.7	5.75e-86	309
m0343	m0113	56.1	6.35e-85	305
m0343	m0227	54.7	8.3e-85	305
m0343	m0319	56.2	2.41e-84	303
m0343	m0123	57.4	5.38e-84	302
m0343	m0217	56.9	7.02e-84	302
m0343	m0103	53.7	7.02e-84	302
m0343	m0341	52.8	1.2e-83	301
m0343	m0277	52.2	2.95e-82	296
m0343	m0094	54.3	3.85e-82	296
m0343	m0282	53.7	6.57e-82	295
m0343	m0334	52.8	2.76e-80	290
m0343	m0322	54.3	4.71e-80	289
m0343	m0272	53.1	6.15e-80	289
m0343	m0131	50.7	1.79e-79	287
m0343	m0234	53.9	6.8e-79	285
m0343	m0166	51.4	8.89e-79	285
m0343	m0134	53.0	9.82e-78	281
m0343	m0299	53.1	1.28e-77	281
m0343	m0001	50.3	2.86e-77	280
m0343	m0233	53.0	4.88e-77	279
m0343	m0205	49.3	6.37e-77	278
m0343	m0193	48.1	3.16e-76	276
m0343	m0247	50.8	1.2e-75	274
m0343	m0230	51.8	4.56e-75	272
m0343	m0062	48.1	5.96e-75	272
m0343	m0229	54.1	1.33e-74	271
m0343	m0235	54.3	2.96e-74	270
m0343	m0306	51.4	2.96e-74	270
m0343	m0197	50.5	5.05e-74	269
m0343	m0231	48.6	3.27e-73	266
m0343	m0155	50.0	5.58e-73	265
m0343	m0086	48.3	4.72e-72	262
m0343	m0069	49.5	1.05e-71	261
m0343	m0011	52.1	3.06e-71	260
m0343	m0141	51.0	6.82e-71	258
m0343	m0012	49.5	1.16e-70	258
m0343	m0262	46.0	1.98e-70	257
m0343	m0097	49.2	5.77e-70	255
m0343	m0232	47.0	5.77e-70	255
m0343	m0339	48.2	2.86e-69	253
m0343	m0311	49.8	4.89e-69	252
m0343	m0168	45.8	8.34e-69	252
m0343	m0045	48.4	1.09e-68	251
m0343	m0002	50.4	2.43e-68	250
m0343	m0317	47.3	5.4e-68	249
m0343	m0192	47.6	1.2e-67	248
m0343	m0273	44.7	3.5e-67	246
m0343	m0187	50.2	3.5e-67	246
m0343	m0033	46.8	7.8e-67	245
m0343	m0083	45.8	7.8e-67	245
m0343	m0054	48.1	1.74e-66	244
m0343	m0048	47.0	1.74e-66	244
m0343	m0268	49.0	3.87e-66	243
m0343	m0070	46.6	1.47e-65	241
m0343	m0305	44.6	1.47e-65	241
m0343	m0124	47.7	4.73e-64	236
m0343	m0084	45.9	1.05e-63	235
m0343	m0331	46.2	1.29e-61	228
m0343	m0090	43.4	1.68e-61	227
m0343	m0252	43.7	2.2e-61	227
m0343	m0294	46.1	1.86e-60	224
m0343	m0149	42.6	4.15e-60	223
m0343	m0043	46.4	7.07e-60	222
m0343	m0098	44.8	5.07e-58	216
m0343	m0063	43.4	4.29e-57	213
m0343	m0109	43.9	7.32e-57	212
m0343	m0245	39.9	7.32e-57	212
m0343	m0073	40.3	1.63e-56	211
m0343	m0120	43.1	8.09e-56	208
m0343	m0031	43.7	8.09e-56	208
m0343	m0118	41.9	1.29e-53	201
m0343	m0144	39.6	1.29e-53	201
m0343	m0337	45.5	3.76e-53	200
m0343	m0102	40.3	4.16e-52	196
m0343	m0040	41.6	5.43e-52	196
m0343	m0162	41.0	7.09e-52	195
m0343	m0101	38.3	9.26e-52	195
m0343	m0210	41.1	1.21e-51	195
m0343	m0074	41.5	2.06e-51	194
m0343	m0184	40.3	2.69e-51	193
m0343	m0036	40.3	3.52e-51	193
m0343	m0066	41.3	4.6e-51	193
m0343	m0079	41.1	1.34e-50	191
m0343	m0313	38.8	1.34e-50	191
m0343	m0291	39.0	2.28e-50	190
m0343	m0104	42.1	2.28e-50	190
m0343	m0264	38.6	5.08e-50	189
m0343	m0314	40.3	6.64e-50	189
m0343	m0167	41.4	6.64e-50	189
m0343	m0175	40.6	1.13e-49	188
m0343	m0191	39.8	3.29e-49	186
m0343	m0067	38.8	4.3e-49	186
m0343	m0176	37.6	3.64e-48	183
m0343	m0065	38.5	3.64e-48	183
m0343	m0077	40.9	8.11e-48	182
m0343	m0249	39.2	1.06e-47	181
m0343	m0194	39.1	1.81e-47	181
m0343	m0170	36.9	4.03e-47	179
m0343	m0095	38.6	2e-46	177
m0343	m0037	35.7	3.41e-46	176
m0343	m0028	39.6	4.45e-46	176
m0343	m0159	37.4	1.3e-45	174
m0343	m0283	39.6	6.43e-45	172
m0343	m0243	37.3	6.43e-45	172
m0343	m0285	35.9	1.87e-44	171
m0343	m0071	38.2	9.28e-44	168
m0343	m0128	36.2	3.9e-42	163
m0343	m0051	35.5	3.65e-40	156
m0343	m0165	37.8	1.7e-37	148
m0343	m0005	34.0	2.07e-35	141
m0343	m0274	35.5	1.26e-32	131
m0343	m0160	30.9	7.39e-25	106
m0343	m0137	30.7	1.65e-24	104
m0343	m0288	31.1	4.79e-24	103
m0343	m0202	29.6	1.82e-23	101
m0343	m0293	27.9	2.81e-16	77
m0343	m0292	28.6	1.07e-15	75
m0343	m0041	28.4	1.18e-14	72
m0343	m0228	28.5	7.66e-14	69
m0343	m0185	27.9	2.91e-13	67
m0343	m0278	27.4	3.8e-13	67
m0343	m0275	23.8	1.04e-10	59
m0343	m0064	30.8	1.65e-08	51
m0343	m0265	25.5	3.68e-08	50
m0343	m0266	25.0	1.83e-07	48
m0343	m0122	18.6	5.32e-07	46
m0343	m0255	28.0	3.45e-06	44
m0343	m0218	30.6	6.5e-05	39
m0343	m0219	29.0	8.49e-05	39
m0343	m0327	27.1	0.000145	38
m0343	m0307	24.4	0.000145	38
m0343	m0016	23.7	0.000247	37
m0343	m0060	22.7	0.00609	33
m0343	m0026	27.1	0.00609	33
m0343	m0196	34.1	0.0302	30
m0343	m0061	26.7	0.0515	30
m0343	m0177	27.4	0.196	28
m0343	m0143	25.0	0.256	27
m0343	m0241	31.3	0.334	27
m0343	m0099	37.1	1.27	25
m0343	m0007	21.0	3.69	23
m0343	m0156	37.5	4.82	23
m0343	m0199	50.0	6.3	23
m0342	m0157	92.1	2.65e-255	872
m0342	m0316	91.4	1.01e-254	870
m0342	m0335	89.6	1.5e-250	856
m0342	m0096	90.5	6.98e-248	847
m0342	m0047	88.2	2.48e-245	839
m0342	m0254	88.5	1.78e-243	832
m0342	m0216	87.6	3.35e-242	828
m0342	m0093	84.6	1.32e-238	816
m0342	m0050	85.2	1.72e-238	816
m0342	m0006	85.2	2.49e-237	812
m0342	m0206	85.1	6.13e-236	807
m0342	m0014	82.5	4.39e-234	801
m0342	m0161	80.9	1.01e-230	790
m0342	m0324	84.1	1.28e-225	773
m0342	m0023	80.3	9.18e-224	767
m0342	m0215	85.0	3.27e-213	732
m0342	m0039	65.0	1.82e-163	567
m0342	m0217	61.7	1.22e-151	527
m0342	m0227	60.5	7.93e-151	525
m0342	m0111	69.1	2.31e-150	523
m0342	m0138	55.9	2.73e-143	500
m0342	m0341	55.0	2.31e-142	497
m0342	m0277	54.5	5.33e-139	485
m0342	m0238	56.9	2.93e-137	480
m0342	m0113	57.7	1.5e-133	467
m0342	m0178	54.8	9.74e-133	465
m0342	m0244	54.4	1.08e-131	461
m0342	m0172	53.0	3.13e-131	460
m0342	m0295	52.2	4.09e-131	459
m0342	m0094	54.0	5.35e-131	459
m0342	m0322	56.4	9.12e-131	458
m0342	m0282	54.0	1.32e-129	454
m0342	m0158	52.5	1.32e-129	454
m0342	m0154	51.7	2.25e-129	453
m0342	m0025	52.2	2.48e-128	450
m0342	m0198	53.8	1.23e-127	448
m0342	m0259	55.9	7.74e-122	428
m0342	m0183	56.2	2.25e-121	427
m0342	m0163	54.3	1.91e-120	424
m0342	m0248	56.1	1.61e-119	421
m0342	m0188	54.5	1.91e-112	397
m0342	m0279	50.8	1.62e-111	394
m0342	m0173	51.6	8.03e-111	392
m0342	m0333	53.1	5.2e-110	389
m0342	m0296	66.9	2.58e-109	387
m0342	m0281	54.5	5.75e-109	386
m0342	m0174	50.7	7.51e-109	385
m0342	m0125	53.1	1.28e-108	384
m0342	m0130	56.1	1.08e-107	381
m0342	m0214	59.0	2.67e-106	377
m0342	m0169	53.5	1.33e-105	374
m0342	m0338	62.0	1.33e-105	374
m0342	m0068	49.9	6.58e-105	372
m0342	m0330	64.4	1.12e-104	371
m0342	m0088	63.5	1.91e-104	371
m0342	m0133	60.3	1.28e-100	358
m0342	m0182	56.9	2.19e-100	357
m0342	m0076	66.5	1.42e-99	354
m0342	m0237	55.7	5.4e-99	352
m0342	m0326	60.9	7.79e-98	349
m0342	m0267	60.8	1.33e-97	348
m0342	m0017	59.5	4.42e-93	333
m0342	m0320	44.5	8.34e-92	329
m0342	m0205	53.7	7.81e-90	322
m0342	m0297	48.9	1.99e-85	307
m0342	m0123	57.2	1.06e-78	285
m0342	m0299	55.0	3.08e-78	283
m0342	m0103	50.9	7.58e-77	279
m0342	m0334	51.4	2.21e-76	277
m0342	m0235	51.9	4.6e-74	270
m0342	m0319	50.2	6.01e-74	269
m0342	m0131	50.5	3.89e-73	267
m0342	m0234	51.9	6.64e-73	266
m0342	m0233	48.4	1.13e-72	265
m0342	m0086	51.0	3.3e-72	263
m0342	m0001	50.0	4.31e-72	263
m0342	m0155	49.8	1.64e-71	261
m0342	m0247	48.4	2.14e-71	261
m0342	m0232	46.2	3.64e-71	260
m0342	m0272	46.8	4.76e-71	260
m0342	m0193	47.2	8.12e-71	259
m0342	m0097	50.2	8.12e-71	259
m0342	m0141	50.4	3.09e-70	257
m0342	m0306	49.2	4.03e-70	257
m0342	m0230	46.4	2.21e-68	251
m0342	m0229	50.2	2.89e-68	250
m0342	m0134	48.3	3.77e-68	250
m0342	m0262	43.4	1.43e-67	248
m0342	m0033	48.1	1.43e-67	248
m0342	m0166	47.9	1.87e-67	248
m0342	m0069	47.7	9.29e-67	245
m0342	m0197	46.5	2.07e-66	244
m0342	m0062	45.1	2.7e-66	244
m0342	m0048	46.5	2.7e-66	244
m0342	m0011	48.4	2.7e-66	244
m0342	m0231	43.8	1.03e-65	242
m0342	m0192	47.7	1.34e-65	242
m0342	m0073	46.3	5.1e-65	240
m0342	m0002	47.3	6.66e-65	239
m0342	m0070	46.1	1.14e-64	238
m0342	m0012	46.2	1.94e-64	238
m0342	m0339	47.2	1.94e-64	238
m0342	m0311	46.8	7.36e-64	236
m0342	m0268	47.3	1.06e-62	232
m0342	m0084	45.1	1.39e-62	231
m0342	m0305	44.5	1.39e-62	231
m0342	m0168	44.1	3.09e-62	230
m0342	m0054	44.8	9e-62	229
m0342	m0273	46.1	2e-61	228
m0342	m0098	44.3	4.47e-61	226
m0342	m0187	46.6	4.47e-61	226
m0342	m0045	44.7	5.83e-61	226
m0342	m0043	47.9	7.62e-61	226
m0342	m0317	43.2	1.3e-60	225
m0342	m0083	42.9	2.22e-60	224
m0342	m0124	43.7	8.42e-60	222
m0342	m0245	43.7	2.45e-59	221
m0342	m0149	42.9	9.31e-59	219
m0342	m0294	45.9	1.22e-58	218
m0342	m0252	44.0	4.62e-58	216
m0342	m0063	46.2	1.76e-57	215
m0342	m0144	42.3	3e-57	214
m0342	m0109	43.6	3e-57	214
m0342	m0331	44.7	3.31e-56	210
m0342	m0118	43.7	2.8e-55	207
m0342	m0090	43.4	8.16e-55	206
m0342	m0066	40.8	1.39e-54	205
m0342	m0031	43.2	9.97e-53	199
m0342	m0074	43.0	4.95e-52	196
m0342	m0120	40.8	6.46e-52	196
m0342	m0313	41.3	3.55e-50	190
m0342	m0101	41.1	6.05e-50	190
m0342	m0040	41.9	1.76e-49	188
m0342	m0184	42.7	1.76e-49	188
m0342	m0264	40.6	1.14e-48	185
m0342	m0102	38.2	2.54e-48	184
m0342	m0291	41.5	3.32e-48	184
m0342	m0337	42.3	3.32e-48	184
m0342	m0104	43.2	4.34e-48	183
m0342	m0210	39.1	5.66e-48	183
m0342	m0194	39.5	9.66e-48	182
m0342	m0065	39.2	9.66e-48	182
m0342	m0191	39.4	2.15e-47	181
m0342	m0067	38.0	2.15e-47	181
m0342	m0079	38.4	2.81e-47	181
m0342	m0175	39.3	4.79e-47	180
m0342	m0176	38.0	6.26e-47	179
m0342	m0077	39.7	5.3e-46	176
m0342	m0071	39.1	5.3e-46	176
m0342	m0167	38.5	6.92e-46	176
m0342	m0037	39.3	6.92e-46	176
m0342	m0036	39.1	6.92e-46	176
m0342	m0162	41.5	1.18e-45	175
m0342	m0314	39.1	3.44e-45	174
m0342	m0095	39.2	3.44e-45	174
m0342	m0285	38.8	5.86e-45	173
m0342	m0249	39.5	2.91e-44	171
m0342	m0283	40.5	6.48e-44	169
m0342	m0028	39.8	1.11e-43	169
m0342	m0051	39.3	1.44e-43	168
m0342	m0159	37.0	1.44e-43	168
m0342	m0170	38.1	1.89e-43	168
m0342	m0243	36.3	3.22e-43	167
m0342	m0128	39.4	1.6e-42	165
m0342	m0005	37.1	2.02e-37	148
m0342	m0165	38.4	3.44e-37	147
m0342	m0274	33.4	1.6e-34	138
m0342	m0288	31.0	2.24e-28	118
m0342	m0137	30.8	4.22e-27	114
m0342	m0160	30.3	1.6e-26	112
m0342	m0202	27.3	1.19e-21	96
m0342	m0185	29.9	8.52e-20	89
m0342	m0278	31.6	5.17e-17	80
m0342	m0228	32.9	3.7e-15	74
m0342	m0293	25.9	4.84e-15	74
m0342	m0275	26.2	5.35e-14	70
m0342	m0292	27.4	2.65e-13	68
m0342	m0265	25.0	2.25e-12	65
m0342	m0041	26.3	5.01e-12	64
m0342	m0266	28.6	5.54e-11	60
m0342	m0064	30.1	7.99e-10	56
m0342	m0122	23.6	3.04e-09	54
m0342	m0307	21.9	0.00112	36
m0342	m0219	22.7	0.00191	35
m0342	m0327	23.7	0.00325	34
m0342	m0016	24.4	0.0124	32
m0342	m0143	23.4	0.0124	32
m0342	m0099	23.9	0.047	30
m0342	m0177	27.4	0.0801	30
m0342	m0146	25.1	0.178	28
m0342	m0279	22.7	0.178	28
m0342	m0026	23.9	0.233	28
m0342	m0004	28.4	0.519	27
m0342	m0129	30.0	0.519	27
m0342	m0148	56.5	0.519	27
m0342	m0099	30.2	0.678	27
m0342	m0056	37.2	0.886	26
m0342	m0217	35.2	1.51	25
m0342	m0325	34.8	1.97	25
m0342	m0107	22.4	1.97	25
m0342	m0239	61.5	5.74	23
m0342	m0132	52.2	5.74	23
m0342	m0061	27.3	9.79	23
m0341	m0277	89.0	9.23e-245	837
m0341	m0094	84.1	5.1e-219	751
m0341	m0282	84.9	1.26e-217	747
m0341	m0113	69.0	1.66e-177	613
m0341	m0322	71.5	2.4e-176	609
m0341	m0138	57.4	2.95e-150	523
m0341	m0227	60.9	9.49e-149	518
m0341	m0039	60.4	8.03e-148	515
m0341	m0217	63.0	1.05e-147	514
m0341	m0178	61.4	1.98e-146	510
m0341	m0238	59.9	2.19e-145	507
m0341	m0206	56.6	1.85e-144	503
m0341	m0244	58.8	4.13e-144	502
m0341	m0172	59.1	7.04e-144	502
m0341	m0047	56.2	9.19e-144	501
m0341	m0335	54.9	9.19e-144	501
m0341	m0324	57.6	3.49e-143	499
m0341	m0096	55.1	7.78e-143	498
m0341	m0014	55.3	1.02e-142	498
m0341	m0157	56.1	2.96e-142	496
m0341	m0006	55.3	2.96e-142	496
m0341	m0161	55.8	8.6e-142	495
m0341	m0254	55.7	1.12e-141	494
m0341	m0050	55.2	1.92e-141	493
m0341	m0316	55.4	2.5e-141	493
m0341	m0093	53.9	3.61e-140	489
m0341	m0154	57.3	6.82e-139	485
m0341	m0198	54.4	4.42e-138	482
m0341	m0158	53.5	5.77e-138	482
m0341	m0295	56.1	3.74e-137	479
m0341	m0216	53.5	1.42e-136	477
m0341	m0023	52.8	2.68e-135	473
m0341	m0025	55.2	3.62e-132	463
m0341	m0215	56.9	3.07e-131	460
m0341	m0068	55.4	3.89e-118	416
m0341	m0163	52.0	6.63e-118	415
m0341	m0330	65.5	1.48e-117	414
m0341	m0173	57.5	1.25e-116	411
m0341	m0333	52.2	4.75e-116	409
m0341	m0188	48.9	3.41e-114	403
m0341	m0338	67.5	5.81e-114	402
m0341	m0130	50.7	1.43e-112	398
m0341	m0088	64.1	7.85e-111	392
m0341	m0281	55.5	1.64e-108	384
m0341	m0174	62.3	2.14e-108	384
m0341	m0169	50.0	6.22e-108	382
m0341	m0214	63.8	1.06e-107	381
m0341	m0296	66.0	8.99e-107	378
m0341	m0111	50.2	1.53e-106	377
m0341	m0237	59.1	1.53e-106	377
m0341	m0248	49.9	6.44e-105	372
m0341	m0076	68.9	5.45e-104	369
m0341	m0259	48.8	1.94e-101	361
m0341	m0183	48.8	1.06e-99	355
m0341	m0279	47.4	6.45e-97	346
m0341	m0320	44.9	6.04e-95	339
m0341	m0182	51.5	1.3e-89	321
m0341	m0133	54.0	1.1e-88	318
m0341	m0326	54.0	1.59e-87	314
m0341	m0125	45.1	1.59e-87	314
m0341	m0205	53.7	1.59e-87	314
m0341	m0267	58.1	3.32e-85	307
m0341	m0297	43.9	1.31e-81	295
m0341	m0017	51.8	2.23e-81	294
m0341	m0334	51.6	3.93e-78	283
m0341	m0001	50.7	5.68e-77	279
m0341	m0230	46.7	2.02e-74	271
m0341	m0103	48.6	7.68e-74	269
m0341	m0233	46.8	1e-73	268
m0341	m0123	52.2	1.71e-73	268
m0341	m0235	49.7	1.11e-72	265
m0341	m0166	48.9	2.73e-71	260
m0341	m0247	48.0	3.57e-71	260
m0341	m0299	46.4	4.66e-71	260
m0341	m0306	47.4	6.08e-71	259
m0341	m0229	51.3	1.04e-70	258
m0341	m0193	45.6	1.77e-70	258
m0341	m0272	47.2	6.73e-70	256
m0341	m0155	47.8	1.15e-69	255
m0341	m0319	48.5	1.5e-69	255
m0341	m0086	46.9	3.34e-69	253
m0341	m0134	47.5	5.69e-69	253
m0341	m0234	47.2	5.69e-69	253
m0341	m0232	45.2	2.39e-67	247
m0341	m0062	43.9	4.08e-67	247
m0341	m0069	45.0	4.08e-67	247
m0341	m0197	44.3	5.33e-67	246
m0341	m0131	46.1	1.19e-66	245
m0341	m0311	45.6	2.64e-66	244
m0341	m0262	44.7	7.7e-66	242
m0341	m0339	47.3	2.92e-65	240
m0341	m0141	48.7	6.51e-65	239
m0341	m0011	46.4	8.51e-65	239
m0341	m0231	43.7	8.51e-65	239
m0341	m0098	43.7	2.48e-64	237
m0341	m0012	46.4	5.52e-64	236
m0341	m0033	45.2	9.41e-64	235
m0341	m0168	44.0	9.41e-64	235
m0341	m0048	46.8	1.23e-63	235
m0341	m0305	44.4	4.67e-63	233
m0341	m0097	46.9	1.36e-62	231
m0341	m0268	46.4	3.95e-62	230
m0341	m0045	45.9	3.95e-62	230
m0341	m0002	46.9	8.8e-62	229
m0341	m0073	43.8	1.5e-61	228
m0341	m0294	45.9	3.35e-61	227
m0341	m0273	42.4	4.37e-61	226
m0341	m0192	45.5	7.45e-61	226
m0341	m0187	46.0	3.7e-60	223
m0341	m0124	43.3	4.83e-60	223
m0341	m0083	44.5	8.24e-60	222
m0341	m0043	46.4	8.24e-60	222
m0341	m0317	43.9	5.34e-59	220
m0341	m0264	42.4	7.71e-58	216
m0341	m0054	42.0	1.72e-57	215
m0341	m0070	41.3	2.24e-57	214
m0341	m0245	42.1	3.83e-57	213
m0341	m0144	39.7	8.53e-57	212
m0341	m0331	44.3	4.23e-56	210
m0341	m0090	39.3	1.23e-55	208
m0341	m0063	43.2	1.61e-55	208
m0341	m0084	40.9	2.32e-54	204
m0341	m0120	42.9	3.96e-54	203
m0341	m0101	42.9	4.38e-53	200
m0341	m0252	42.1	5.72e-53	200
m0341	m0109	43.5	7.47e-53	199
m0341	m0118	39.6	1.66e-52	198
m0341	m0149	41.2	6.32e-52	196
m0341	m0066	41.0	5.35e-51	193
m0341	m0337	42.1	1.19e-50	192
m0341	m0184	39.5	7.73e-50	189
m0341	m0065	39.6	7.73e-50	189
m0341	m0040	41.1	7.73e-50	189
m0341	m0291	40.1	2.94e-49	187
m0341	m0313	38.6	1.46e-48	185
m0341	m0037	39.5	3.25e-48	184
m0341	m0210	40.8	3.25e-48	184
m0341	m0285	37.1	1.23e-47	182
m0341	m0074	38.9	1.61e-47	181
m0341	m0031	39.8	1.61e-47	181
m0341	m0175	37.3	3.59e-47	180
m0341	m0176	38.0	8e-47	179
m0341	m0051	38.1	8e-47	179
m0341	m0067	37.9	1.04e-46	179
m0341	m0102	38.0	1.78e-46	178
m0341	m0162	39.4	3.04e-46	177
m0341	m0036	36.6	3.04e-46	177
m0341	m0191	39.9	6.77e-46	176
m0341	m0167	36.4	6.77e-46	176
m0341	m0283	41.8	1.51e-45	175
m0341	m0128	37.5	1.51e-45	175
m0341	m0104	38.2	1.51e-45	175
m0341	m0028	37.8	4.39e-45	173
m0341	m0079	36.4	5.73e-45	173
m0341	m0159	37.8	2.85e-44	171
m0341	m0170	36.9	4.85e-44	170
m0341	m0249	36.9	1.08e-43	169
m0341	m0095	36.5	3.15e-43	167
m0341	m0314	36.2	1.2e-42	165
m0341	m0077	39.2	1.2e-42	165
m0341	m0194	35.3	4.54e-42	163
m0341	m0243	36.6	6.14e-39	153
m0341	m0165	35.7	1.37e-38	152
m0341	m0071	34.0	3.05e-38	151
m0341	m0005	36.5	2.95e-33	134
m0341	m0274	29.8	1.16e-29	122
m0341	m0160	31.5	2.68e-26	111
m0341	m0288	28.2	3.49e-26	111
m0341	m0137	28.2	3.86e-25	107
m0341	m0202	25.9	2.19e-20	91
m0341	m0041	26.2	7.3e-16	76
m0341	m0228	29.4	8.93e-14	69
m0341	m0293	24.4	8.93e-14	69
m0341	m0185	27.5	1.52e-13	69
m0341	m0278	27.4	2.6e-13	68
m0341	m0265	26.5	2.43e-11	61
m0341	m0275	24.0	7.07e-11	60
m0341	m0292	26.3	7.82e-10	56
m0341	m0122	23.9	1.02e-09	56
m0341	m0064	27.4	8.65e-09	53
m0341	m0266	26.5	9.89e-05	39
m0341	m0143	23.0	0.000641	37
m0341	m0219	29.1	0.00416	34
m0341	m0218	32.4	0.00926	33
m0341	m0177	31.3	0.0206	32
m0341	m0146	24.3	0.046	30
m0341	m0327	25.0	0.046	30
m0341	m0307	32.7	0.0784	30
m0341	m0016	29.1	0.0784	30
m0341	m0196	36.6	0.134	29
m0341	m0255	25.4	0.508	27
m0341	m0026	26.0	0.508	27
m0341	m0106	24.3	0.664	27
m0341	m0061	30.9	0.867	26
m0341	m0239	69.2	1.48	25
m0341	m0099	30.8	1.48	25
m0341	m0309	50.0	1.93	25
m0341	m0089	29.3	3.29	24
m0341	m0241	25.8	3.29	24
m0341	m0148	31.1	4.3	24
m0341	m0199	57.1	5.62	23
m0341	m0279	39.4	7.34	23
m0341	m0007	30.4	9.58	23
m0340	m0253	77.1	8.59e-98	347
m0340	m0072	57.7	2.13e-72	263
m0340	m0052	52.4	1.17e-62	231
m0340	m0003	49.6	2e-62	230
m0340	m0204	52.6	3.41e-62	229
m0340	m0024	45.9	2.07e-51	193
m0340	m0280	32.7	2.55e-25	107
m0340	m0055	25.7	7.7e-14	69
m0340	m0258	25.1	1.5e-09	54
m0340	m0329	25.7	2.83e-08	50
m0340	m0080	24.4	3.7e-08	50
m0340	m0133	25.4	0.0021	34
m0340	m0203	26.0	0.0021	34
m0340	m0267	27.7	0.00468	33
m0340	m0326	25.9	0.0303	30
m0340	m0125	26.5	0.0303	30
m0340	m0186	33.9	1.67	24
m0340	m0320	44.0	2.17	24
m0340	m0166	31.6	2.17	24
m0340	m0110	34.1	3.71	23
m0340	m0033	31.2	4.84	23
m0340	m0339	37.8	4.84	23
m0340	m0051	30.5	8.26	22
m0339	m0168	80.4	9.27e-131	457
m0339	m0123	70.8	6.03e-114	401
m0339	m0306	68.8	1.26e-111	394
m0339	m0233	68.0	2.15e-111	393
m0339	m0193	65.7	1.39e-110	390
m0339	m0230	67.1	6.9e-110	388
m0339	m0001	66.7	1.54e-109	387
m0339	m0103	68.1	3.43e-109	386
m0339	m0229	70.2	9.97e-109	384
m0339	m0247	66.3	6.46e-108	381
m0339	m0299	64.9	8.44e-108	381
m0339	m0334	66.8	1.88e-107	380
m0339	m0272	64.8	1.22e-106	377
m0339	m0331	66.9	2.81e-103	366
m0339	m0262	64.0	3.67e-103	366
m0339	m0235	62.8	6.26e-103	365
m0339	m0234	63.3	1.39e-102	364
m0339	m0045	65.7	6.92e-102	361
m0339	m0319	63.4	2.63e-101	359
m0339	m0083	63.4	5.86e-101	358
m0339	m0187	65.8	4.96e-100	355
m0339	m0134	60.4	1.1e-99	354
m0339	m0317	63.4	1.44e-99	354
m0339	m0002	64.2	7.16e-99	351
m0339	m0011	61.6	1.6e-98	350
m0339	m0012	61.2	2.72e-98	349
m0339	m0131	62.4	2.72e-98	349
m0339	m0141	62.9	2.3e-97	346
m0339	m0062	60.4	1.83e-94	337
m0339	m0232	58.2	2.38e-94	336
m0339	m0311	62.6	3.11e-94	336
m0339	m0124	57.0	5.31e-94	335
m0339	m0054	57.4	6.08e-90	322
m0339	m0155	57.8	1.04e-89	321
m0339	m0086	57.3	1.77e-89	320
m0339	m0069	55.1	6.72e-89	318
m0339	m0166	56.3	6.72e-89	318
m0339	m0305	54.6	1.19e-85	307
m0339	m0149	54.9	1.31e-84	304
m0339	m0063	58.1	2.92e-84	303
m0339	m0070	56.1	6.51e-84	302
m0339	m0197	54.4	8.5e-84	301
m0339	m0043	58.9	1.45e-83	300
m0339	m0268	56.2	4.22e-83	299
m0339	m0090	55.5	2.73e-82	296
m0339	m0231	51.8	3.02e-81	293
m0339	m0120	54.9	6.73e-81	292
m0339	m0118	51.3	2.56e-80	290
m0339	m0294	52.9	3.7e-79	286
m0339	m0192	53.3	4.83e-79	285
m0339	m0109	53.0	8.23e-79	285
m0339	m0252	54.3	2.4e-78	283
m0339	m0033	52.3	5.34e-78	282
m0339	m0048	50.7	6.97e-78	282
m0339	m0097	54.9	9.1e-78	281
m0339	m0084	50.5	2.24e-76	277
m0339	m0245	50.7	4.99e-76	275
m0339	m0098	48.2	1.45e-75	274
m0339	m0133	51.1	2.74e-74	270
m0339	m0144	50.5	2.74e-74	270
m0339	m0073	48.9	1.5e-72	264
m0339	m0238	50.9	2.56e-72	263
m0339	m0296	50.4	5.71e-72	262
m0339	m0031	49.5	7.46e-72	262
m0339	m0017	49.3	1.27e-71	261
m0339	m0333	51.8	2.17e-71	260
m0339	m0067	46.6	3.7e-71	259
m0339	m0338	50.2	3.7e-71	259
m0339	m0076	53.4	4.84e-71	259
m0339	m0174	51.1	4.84e-71	259
m0339	m0248	52.5	6.32e-71	258
m0339	m0330	50.4	8.25e-71	258
m0339	m0188	51.6	1.08e-70	258
m0339	m0182	49.3	1.08e-70	258
m0339	m0065	46.1	1.41e-70	257
m0339	m0125	49.8	1.41e-70	257
m0339	m0154	51.4	1.84e-70	257
m0339	m0281	50.5	2.4e-70	257
m0339	m0130	51.3	5.35e-70	255
m0339	m0169	50.9	9.12e-70	255
m0339	m0273	48.0	9.12e-70	255
m0339	m0267	49.6	9.12e-70	255
m0339	m0074	47.2	1.19e-69	254
m0339	m0295	49.6	1.56e-69	254
m0339	m0036	50.2	1.56e-69	254
m0339	m0326	48.9	3.47e-69	253
m0339	m0163	50.0	3.47e-69	253
m0339	m0066	48.4	4.53e-69	252
m0339	m0249	48.6	5.91e-69	252
m0339	m0264	47.7	7.72e-69	252
m0339	m0282	47.9	7.72e-69	252
m0339	m0111	50.0	7.72e-69	252
m0339	m0259	50.0	1.01e-68	251
m0339	m0313	45.3	1.32e-68	251
m0339	m0068	48.8	1.32e-68	251
m0339	m0101	47.7	1.32e-68	251
m0339	m0173	48.2	2.93e-68	250
m0339	m0183	49.4	3.83e-68	249
m0339	m0214	49.1	5.01e-68	249
m0339	m0138	49.1	5.01e-68	249
m0339	m0297	50.7	6.54e-68	248
m0339	m0088	49.5	8.54e-68	248
m0339	m0291	46.2	1.12e-67	248
m0339	m0159	47.9	1.12e-67	248
m0339	m0237	49.6	1.9e-67	247
m0339	m0335	49.8	2.48e-67	247
m0339	m0324	49.5	2.48e-67	247
m0339	m0176	44.8	2.48e-67	247
m0339	m0025	47.3	3.24e-67	246
m0339	m0277	48.0	4.24e-67	246
m0339	m0023	50.4	5.53e-67	245
m0339	m0206	48.8	9.44e-67	245
m0339	m0014	47.9	1.23e-66	244
m0339	m0093	48.3	1.23e-66	244
m0339	m0071	47.0	1.61e-66	244
m0339	m0178	48.9	2.1e-66	243
m0339	m0191	48.7	2.1e-66	243
m0339	m0215	47.6	4.69e-66	242
m0339	m0314	45.7	7.99e-66	242
m0339	m0244	48.4	7.99e-66	242
m0339	m0337	49.0	1.04e-65	241
m0339	m0006	49.3	1.36e-65	241
m0339	m0175	44.0	1.78e-65	240
m0339	m0316	48.1	1.78e-65	240
m0339	m0158	47.0	2.33e-65	240
m0339	m0216	48.4	5.18e-65	239
m0339	m0096	47.6	5.18e-65	239
m0339	m0047	46.9	6.77e-65	238
m0339	m0198	46.3	6.77e-65	238
m0339	m0167	44.3	6.77e-65	238
m0339	m0077	46.9	1.15e-64	238
m0339	m0157	46.9	1.51e-64	237
m0339	m0037	45.5	1.51e-64	237
m0339	m0254	48.9	1.51e-64	237
m0339	m0094	47.8	1.97e-64	237
m0339	m0172	47.3	1.97e-64	237
m0339	m0184	44.0	3.36e-64	236
m0339	m0161	47.3	4.39e-64	236
m0339	m0050	46.4	9.77e-64	235
m0339	m0095	43.9	2.18e-63	233
m0339	m0113	46.5	2.18e-63	233
m0339	m0320	45.0	1.84e-62	230
m0339	m0162	47.8	5.36e-62	229
m0339	m0279	46.5	5.36e-62	229
m0339	m0079	42.9	7e-62	228
m0339	m0322	46.8	7e-62	228
m0339	m0227	48.1	4.54e-61	226
m0339	m0104	45.7	4.54e-61	226
m0339	m0194	42.2	5.93e-61	225
m0339	m0039	45.9	7.74e-61	225
m0339	m0051	46.6	1.01e-60	225
m0339	m0243	45.6	1.01e-60	225
m0339	m0217	49.8	1.01e-60	225
m0339	m0040	46.3	2.25e-60	223
m0339	m0205	45.4	2.49e-59	220
m0339	m0170	44.4	5.55e-59	219
m0339	m0028	44.0	1.24e-58	218
m0339	m0283	48.1	6.78e-57	212
m0339	m0102	44.6	1.97e-56	210
m0339	m0285	44.4	6.35e-55	205
m0339	m0128	46.2	2.41e-54	203
m0339	m0210	42.1	1.91e-51	194
m0339	m0005	39.1	8.31e-47	178
m0339	m0165	38.9	1.09e-46	178
m0339	m0288	31.5	2.35e-33	134
m0339	m0274	32.9	9.23e-30	122
m0339	m0160	29.3	6.61e-28	116
m0339	m0137	29.3	3.07e-25	107
m0339	m0202	27.3	7.83e-21	92
m0339	m0293	29.3	1.74e-20	91
m0339	m0275	27.4	1.38e-17	81
m0339	m0292	28.9	3.08e-17	80
m0339	m0185	27.9	4.02e-17	80
m0339	m0278	26.3	7.1e-14	69
m0339	m0228	26.0	1.58e-13	68
m0339	m0041	27.6	2.7e-13	67
m0339	m0266	30.9	3.9e-12	63
m0339	m0122	22.8	1.13e-11	62
m0339	m0064	27.4	1.25e-10	58
m0339	m0265	24.3	8.98e-09	52
m0339	m0219	31.8	1.3e-07	48
m0339	m0136	28.1	2.21e-07	47
m0339	m0016	29.9	4.93e-07	46
m0339	m0218	27.5	0.000666	36
m0339	m0219	28.2	0.00087	35
m0339	m0226	26.9	0.00194	34
m0339	m0056	40.4	0.00331	33
m0339	m0177	26.2	0.00736	32
m0339	m0016	22.3	0.00962	32
m0339	m0099	28.7	0.0126	32
m0339	m0307	20.4	0.0164	31
m0339	m0255	24.4	0.028	30
m0339	m0060	20.0	0.0623	29
m0339	m0196	29.5	0.689	26
m0339	m0129	27.5	0.9	25
m0339	m0089	29.7	2.01	24
m0339	m0022	25.0	2.62	24
m0339	m0177	25.9	2.62	24
m0339	m0007	20.9	3.42	23
m0339	m0257	29.3	5.83	23
m0339	m0068	25.0	9.95	22
m0338	m0330	85.9	1.91e-148	516
m0338	m0237	76.8	2.19e-136	476
m0338	m0296	73.9	1.42e-127	447
m0338	m0068	71.7	5.24e-122	428
m0338	m0173	68.1	9.89e-121	424
m0338	m0248	74.6	4.59e-118	415
m0338	m0039	71.8	5.61e-116	408
m0338	m0282	69.7	4.75e-115	405
m0338	m0277	67.6	4.75e-115	405
m0338	m0088	67.3	3.08e-114	403
m0338	m0214	67.7	8.96e-114	401
m0338	m0279	74.6	2.21e-112	396
m0338	m0227	68.0	1.1e-111	394
m0338	m0217	74.5	4.6e-110	389
m0338	m0076	72.0	6.01e-110	388
m0338	m0094	66.3	1.13e-108	384
m0338	m0333	67.5	2.53e-108	383
m0338	m0335	63.3	2.53e-108	383
m0338	m0154	61.5	4.31e-108	382
m0338	m0014	64.1	1.64e-107	380
m0338	m0174	64.5	2.36e-106	376
m0338	m0206	62.5	2.36e-106	376
m0338	m0254	61.7	3.09e-106	376
m0338	m0161	62.4	3.09e-106	376
m0338	m0163	62.9	3.09e-106	376
m0338	m0093	62.4	5.27e-106	375
m0338	m0281	66.8	5.27e-106	375
m0338	m0006	62.5	6.88e-106	375
m0338	m0215	62.3	8.98e-106	374
m0338	m0111	62.0	8.98e-106	374
m0338	m0316	61.8	8.98e-106	374
m0338	m0096	64.3	4.46e-105	372
m0338	m0295	59.9	5.82e-105	372
m0338	m0157	60.8	5.82e-105	372
m0338	m0188	62.2	5.82e-105	372
m0338	m0050	61.0	9.93e-105	371
m0338	m0216	61.8	1.3e-104	371
m0338	m0023	66.0	2.21e-104	370
m0338	m0130	65.1	1.87e-103	367
m0338	m0047	60.3	2.45e-103	366
m0338	m0178	65.2	9.3e-103	364
m0338	m0324	63.1	1.59e-102	364
m0338	m0238	64.5	2.7e-102	363
m0338	m0172	61.7	8.7e-101	358
m0338	m0113	64.3	1.48e-100	357
m0338	m0244	61.1	1.94e-100	357
m0338	m0138	60.4	4.32e-100	356
m0338	m0259	64.6	1.26e-99	354
m0338	m0169	61.3	2.8e-99	353
m0338	m0183	65.4	3.66e-99	352
m0338	m0322	64.1	6.89e-98	348
m0338	m0025	59.6	7.62e-97	345
m0338	m0133	59.7	1.94e-92	330
m0338	m0326	58.2	2.81e-91	326
m0338	m0182	55.2	3.66e-91	326
m0338	m0125	58.7	3.66e-91	326
m0338	m0205	56.2	1.3e-88	317
m0338	m0158	53.7	1.88e-87	314
m0338	m0267	58.3	3.21e-87	313
m0338	m0017	54.5	2.72e-86	310
m0338	m0320	53.4	3.55e-86	309
m0338	m0198	55.0	8.18e-83	298
m0338	m0334	54.1	1.54e-81	294
m0338	m0123	56.4	2.63e-81	293
m0338	m0103	53.4	2.91e-80	290
m0338	m0306	51.0	2.09e-78	283
m0338	m0001	50.2	6.07e-78	282
m0338	m0155	52.8	6.07e-78	282
m0338	m0230	49.0	1.14e-76	278
m0338	m0193	48.4	3.33e-76	276
m0338	m0233	48.7	4.35e-76	276
m0338	m0166	50.3	2.16e-75	273
m0338	m0272	50.0	2.82e-75	273
m0338	m0299	51.9	4.81e-75	272
m0338	m0297	54.0	9.07e-74	268
m0338	m0319	51.1	3.45e-73	266
m0338	m0097	51.8	4.5e-73	266
m0338	m0229	52.9	7.68e-73	265
m0338	m0235	52.8	7.68e-73	265
m0338	m0247	48.6	7.68e-73	265
m0338	m0131	50.3	1e-72	265
m0338	m0134	48.7	1.31e-72	264
m0338	m0232	48.6	1.71e-72	264
m0338	m0234	50.2	2.23e-72	263
m0338	m0086	50.3	2.92e-72	263
m0338	m0011	50.7	1.89e-71	260
m0338	m0141	51.7	5.5e-71	259
m0338	m0168	46.6	9.38e-71	258
m0338	m0262	46.7	3.57e-70	256
m0338	m0197	49.0	4.66e-70	256
m0338	m0069	48.5	7.94e-70	255
m0338	m0231	45.8	2.31e-69	253
m0338	m0012	49.1	3.94e-69	253
m0338	m0033	47.5	5.15e-69	252
m0338	m0305	47.5	3.69e-67	246
m0338	m0062	44.6	3.69e-67	246
m0338	m0311	47.1	8.22e-67	245
m0338	m0098	47.9	1.4e-66	244
m0338	m0192	47.3	9.09e-66	242
m0338	m0048	47.6	9.09e-66	242
m0338	m0045	47.8	2.64e-65	240
m0338	m0273	45.4	1e-64	238
m0338	m0294	46.3	1e-64	238
m0338	m0268	47.7	1.31e-64	238
m0338	m0054	46.5	1.71e-64	237
m0338	m0124	45.7	2.92e-64	236
m0338	m0187	48.3	3.82e-64	236
m0338	m0002	48.1	1.89e-63	234
m0338	m0084	46.3	7.2e-63	232
m0338	m0083	45.0	3.57e-62	230
m0338	m0317	43.5	6.1e-62	229
m0338	m0070	45.7	2.32e-61	227
m0338	m0073	41.8	1.5e-60	224
m0338	m0331	46.2	1.96e-60	224
m0338	m0118	42.8	4.83e-59	219
m0338	m0252	43.6	2.4e-58	217
m0338	m0043	46.1	5.34e-58	216
m0338	m0109	46.2	9.11e-58	215
m0338	m0149	41.9	2.65e-57	213
m0338	m0090	42.9	7.71e-57	212
m0338	m0120	43.7	1.72e-56	211
m0338	m0245	41.9	6.53e-56	209
m0338	m0066	43.0	3.58e-54	203
m0338	m0144	41.7	3.96e-53	200
m0338	m0063	43.5	2.57e-52	197
m0338	m0101	39.4	4.84e-51	193
m0338	m0065	41.0	1.41e-50	191
m0338	m0264	36.8	4.1e-50	190
m0338	m0291	38.9	9.13e-50	188
m0338	m0184	40.5	2.03e-49	187
m0338	m0037	39.7	3.47e-49	186
m0338	m0313	39.5	1.01e-48	185
m0338	m0040	40.5	5.01e-48	183
m0338	m0337	39.1	5.01e-48	183
m0338	m0175	39.3	1.9e-47	181
m0338	m0210	39.8	2.49e-47	180
m0338	m0102	38.2	1.23e-46	178
m0338	m0167	37.0	3.59e-46	176
m0338	m0104	42.2	6.12e-46	176
m0338	m0194	38.0	1.04e-45	175
m0338	m0074	39.2	1.04e-45	175
m0338	m0067	37.9	1.36e-45	174
m0338	m0036	38.5	2.33e-45	174
m0338	m0191	39.6	5.18e-45	173
m0338	m0162	39.9	5.18e-45	173
m0338	m0176	37.4	6.77e-45	172
m0338	m0285	38.1	1.51e-44	171
m0338	m0077	38.7	1.51e-44	171
m0338	m0159	37.4	2.57e-44	170
m0338	m0031	39.9	3.36e-44	170
m0338	m0079	37.5	7.49e-44	169
m0338	m0051	38.0	9.78e-44	168
m0338	m0170	37.4	9.78e-44	168
m0338	m0314	38.3	1.28e-43	168
m0338	m0249	38.0	1.67e-43	168
m0338	m0283	40.3	6.34e-43	166
m0338	m0028	35.2	5.36e-42	163
m0338	m0128	39.0	5.36e-42	163
m0338	m0095	34.8	5.36e-42	163
m0338	m0243	37.2	2.66e-41	160
m0338	m0071	35.9	1.73e-40	158
m0338	m0165	34.3	7.02e-34	136
m0338	m0005	33.6	2.95e-32	130
m0338	m0274	35.0	5.56e-31	126
m0338	m0137	27.5	5.39e-26	109
m0338	m0160	29.9	4.56e-25	106
m0338	m0288	27.2	1.92e-23	101
m0338	m0202	26.4	1.29e-19	88
m0338	m0293	26.6	6.6e-16	76
m0338	m0041	26.0	1.13e-15	75
m0338	m0185	28.6	3.28e-15	74
m0338	m0278	30.6	6.18e-14	69
m0338	m0228	25.9	4.01e-13	67
m0338	m0292	27.6	5.79e-12	63
m0338	m0275	23.9	9.87e-12	62
m0338	m0064	30.1	2.43e-10	57
m0338	m0265	26.7	3.17e-10	57
m0338	m0266	28.4	3.51e-09	54
m0338	m0122	21.6	7.32e-07	46
m0338	m0143	25.5	1.06e-05	42
m0338	m0026	25.6	0.00129	35
m0338	m0146	25.1	0.00169	35
m0338	m0327	26.5	0.0022	34
m0338	m0336	42.2	0.00376	33
m0338	m0307	25.3	0.00491	33
m0338	m0177	24.6	0.0244	31
m0338	m0241	22.5	0.0416	30
m0338	m0321	26.0	0.0416	30
m0338	m0219	23.9	0.0709	29
m0338	m0016	23.6	0.0926	29
m0338	m0213	23.6	0.0926	29
m0338	m0129	26.9	0.121	28
m0338	m0099	32.1	0.206	28
m0338	m0189	29.6	0.269	27
m0338	m0061	26.4	0.459	27
m0338	m0255	34.8	0.459	27
m0338	m0112	29.4	0.6	26
m0338	m0148	28.7	0.784	26
m0338	m0150	25.9	0.784	26
m0338	m0239	69.2	0.784	26
m0338	m0060	23.0	1.02	25
m0338	m0199	40.9	2.98	24
m0338	m0236	36.2	3.89	23
m0338	m0170	36.1	8.67	22
m0337	m0283	76.5	2.89e-108	382
m0337	m0124	50.9	1.23e-74	271
m0337	m0229	55.5	2.31e-73	267
m0337	m0012	49.3	6.73e-73	265
m0337	m0086	49.3	3.34e-72	263
m0337	m0233	48.4	1.66e-71	260
m0337	m0230	46.7	2.39e-70	257
m0337	m0247	46.2	5.33e-70	255
m0337	m0090	55.2	1.19e-69	254
m0337	m0272	53.0	3.45e-69	253
m0337	m0001	47.5	1.71e-68	250
m0337	m0002	50.2	3.82e-68	249
m0337	m0306	51.9	3.82e-68	249
m0337	m0231	52.8	4.99e-68	249
m0337	m0123	51.2	3.23e-67	246
m0337	m0011	45.1	5.51e-67	245
m0337	m0262	47.1	7.2e-67	245
m0337	m0103	46.8	2.74e-66	243
m0337	m0319	54.9	2.74e-66	243
m0337	m0193	47.6	3.57e-66	243
m0337	m0232	45.1	4.67e-66	242
m0337	m0334	46.7	6.1e-66	242
m0337	m0045	47.3	2.32e-65	240
m0337	m0168	47.8	3.03e-65	240
m0337	m0268	51.5	5.16e-65	239
m0337	m0187	52.4	1.15e-64	238
m0337	m0134	52.3	1.5e-64	237
m0337	m0083	53.0	1.96e-64	237
m0337	m0131	46.6	4.37e-64	236
m0337	m0331	51.3	5.71e-64	235
m0337	m0062	47.2	1.66e-63	234
m0337	m0311	50.6	2.83e-63	233
m0337	m0197	47.6	4.83e-63	232
m0337	m0299	50.7	6.31e-63	232
m0337	m0144	49.0	1.08e-62	231
m0337	m0234	44.8	4.09e-62	229
m0337	m0120	51.0	6.98e-62	228
m0337	m0155	47.8	9.11e-62	228
m0337	m0077	46.4	2.65e-61	226
m0337	m0141	49.2	4.52e-61	226
m0337	m0069	42.7	4.52e-61	226
m0337	m0305	47.4	4.52e-61	226
m0337	m0317	49.1	5.91e-61	225
m0337	m0294	46.6	1.32e-60	224
m0337	m0235	43.5	1.32e-60	224
m0337	m0109	43.6	2.24e-60	223
m0337	m0191	46.2	2.24e-60	223
m0337	m0067	46.5	2.93e-60	223
m0337	m0313	41.6	8.53e-60	221
m0337	m0245	42.4	2.48e-59	220
m0337	m0166	40.9	5.53e-59	219
m0337	m0036	47.3	2.74e-58	216
m0337	m0184	41.4	4.68e-58	216
m0337	m0054	47.0	4.68e-58	216
m0337	m0084	42.0	1.36e-57	214
m0337	m0176	40.5	3.03e-57	213
m0337	m0175	40.0	3.96e-57	213
m0337	m0167	39.2	5.17e-57	212
m0337	m0097	43.6	5.17e-57	212
m0337	m0194	40.7	5.17e-57	212
m0337	m0073	46.2	8.82e-57	211
m0337	m0192	46.8	8.82e-57	211
m0337	m0079	38.7	1.15e-56	211
m0337	m0291	46.2	2.57e-56	210
m0337	m0249	43.1	2.57e-56	210
m0337	m0314	43.9	1.27e-55	208
m0337	m0065	39.5	1.66e-55	207
m0337	m0101	42.3	2.17e-55	207
m0337	m0133	46.0	2.84e-55	206
m0337	m0074	43.5	6.32e-55	205
m0337	m0118	42.3	1.41e-54	204
m0337	m0063	44.7	1.84e-54	204
m0337	m0037	44.4	2.4e-54	203
m0337	m0326	46.4	2.4e-54	203
m0337	m0102	42.9	2.4e-54	203
m0337	m0043	45.3	2.4e-54	203
m0337	m0095	42.4	2.4e-54	203
m0337	m0028	44.5	9.13e-54	201
m0337	m0098	40.4	9.13e-54	201
m0337	m0188	43.5	9.13e-54	201
m0337	m0182	40.4	1.56e-53	201
m0337	m0162	42.0	2.03e-53	200
m0337	m0017	44.6	2.66e-53	200
m0337	m0264	41.7	3.47e-53	200
m0337	m0051	46.2	3.47e-53	200
m0337	m0282	40.6	4.53e-53	199
m0337	m0130	45.7	4.53e-53	199
m0337	m0252	45.8	4.53e-53	199
m0337	m0040	42.7	5.92e-53	199
m0337	m0031	45.6	1.72e-52	197
m0337	m0273	42.6	1.72e-52	197
m0337	m0149	44.2	1.72e-52	197
m0337	m0128	41.9	2.25e-52	197
m0337	m0104	43.1	2.94e-52	196
m0337	m0033	38.9	2.94e-52	196
m0337	m0238	43.1	3.84e-52	196
m0337	m0281	43.5	3.84e-52	196
m0337	m0277	44.5	5.01e-52	196
m0337	m0048	38.8	5.01e-52	196
m0337	m0163	42.0	8.55e-52	195
m0337	m0125	41.6	8.55e-52	195
m0337	m0267	42.8	1.9e-51	194
m0337	m0210	40.7	1.9e-51	194
m0337	m0113	42.0	3.25e-51	193
m0337	m0154	40.9	4.24e-51	193
m0337	m0169	43.1	7.24e-51	192
m0337	m0333	41.8	1.23e-50	191
m0337	m0254	43.6	2.11e-50	190
m0337	m0170	43.9	2.11e-50	190
m0337	m0215	43.6	2.75e-50	190
m0337	m0322	44.9	4.69e-50	189
m0337	m0335	40.1	8e-50	188
m0337	m0014	42.0	1.04e-49	188
m0337	m0138	45.5	1.04e-49	188
m0337	m0076	46.0	1.36e-49	188
m0337	m0206	43.6	1.36e-49	188
m0337	m0070	44.9	1.78e-49	187
m0337	m0094	41.3	1.78e-49	187
m0337	m0174	44.9	2.33e-49	187
m0337	m0216	39.8	3.04e-49	186
m0337	m0214	41.5	3.97e-49	186
m0337	m0111	43.0	5.19e-49	186
m0337	m0285	39.6	5.19e-49	186
m0337	m0071	43.6	5.19e-49	186
m0337	m0178	46.6	5.19e-49	186
m0337	m0050	40.0	6.77e-49	185
m0337	m0172	44.7	6.77e-49	185
m0337	m0025	43.0	8.84e-49	185
m0337	m0316	42.7	8.84e-49	185
m0337	m0047	42.7	8.84e-49	185
m0337	m0096	39.9	1.97e-48	184
m0337	m0248	43.8	1.97e-48	184
m0337	m0324	42.3	1.97e-48	184
m0337	m0093	40.5	1.97e-48	184
m0337	m0161	43.6	2.57e-48	183
m0337	m0297	42.0	4.39e-48	183
m0337	m0157	39.8	4.39e-48	183
m0337	m0088	44.7	4.39e-48	183
m0337	m0295	44.0	5.73e-48	182
m0337	m0159	38.1	7.49e-48	182
m0337	m0259	41.3	1.28e-47	181
m0337	m0296	41.8	1.28e-47	181
m0337	m0039	39.1	2.18e-47	180
m0337	m0066	38.4	3.72e-47	179
m0337	m0006	39.4	4.85e-47	179
m0337	m0243	40.7	6.34e-47	179
m0337	m0173	42.1	6.34e-47	179
m0337	m0183	40.5	1.84e-46	177
m0337	m0068	39.8	9.15e-46	175
m0337	m0227	39.8	2.66e-45	173
m0337	m0244	41.9	4.54e-45	173
m0337	m0023	41.3	4.54e-45	173
m0337	m0217	43.6	7.75e-45	172
m0337	m0330	39.8	1.01e-44	171
m0337	m0158	42.0	3.85e-44	169
m0337	m0237	40.0	2.49e-43	167
m0337	m0165	39.2	5.55e-43	166
m0337	m0198	40.8	9.47e-43	165
m0337	m0279	36.4	3.6e-42	163
m0337	m0320	36.7	2.33e-41	160
m0337	m0205	40.3	3.98e-41	159
m0337	m0005	38.6	8.04e-34	135
m0337	m0288	37.5	8.89e-33	132
m0337	m0274	33.9	1.85e-30	124
m0337	m0160	30.5	5.97e-21	92
m0337	m0137	27.2	7.8e-21	92
m0337	m0293	27.0	4.73e-18	83
m0337	m0202	28.5	1.8e-17	81
m0337	m0228	27.5	1.17e-16	78
m0337	m0122	25.3	7.07e-14	69
m0337	m0266	30.9	2.06e-13	67
m0337	m0275	25.6	4.58e-13	66
m0337	m0185	26.0	1.06e-09	55
m0337	m0278	26.5	1.06e-09	55
m0337	m0265	27.3	3.08e-09	54
m0337	m0041	22.8	7.57e-08	49
m0337	m0219	24.7	6.41e-07	46
m0337	m0064	25.2	6.41e-07	46
m0337	m0292	24.3	1.09e-06	45
m0337	m0016	27.1	4.16e-06	43
m0337	m0307	21.4	4.6e-05	40
m0337	m0327	28.8	0.000134	38
m0337	m0177	27.5	0.00113	35
m0337	m0152	35.7	0.00562	33
m0337	m0056	37.9	0.0125	32
m0337	m0177	26.8	0.0621	29
m0337	m0196	27.9	0.0811	29
m0337	m0254	23.0	0.181	28
m0337	m0301	24.2	0.403	27
m0337	m0212	27.0	0.687	26
m0337	m0119	36.0	0.687	26
m0337	m0181	22.4	2	24
m0337	m0255	40.0	2.61	24
m0337	m0138	40.0	2.61	24
m0337	m0196	27.3	4.45	23
m0337	m0325	23.6	5.81	23
m0337	m0099	27.5	5.81	23
m0337	m0227	27.8	7.59	22
m0337	m0106	28.2	7.59	22
m0337	m0144	26.4	9.92	22
m0336	m0026	33.1	1.7e-09	55
m0336	m0143	24.0	3.54e-07	47
m0336	m0146	22.4	0.00139	35
m0336	m0241	26.0	0.0031	34
m0336	m0330	44.4	0.0069	33
m0336	m0237	42.2	0.0262	31
m0336	m0169	27.8	0.0584	30
m0336	m0183	29.8	0.0584	30
m0336	m0161	31.4	0.0584	30
m0336	m0088	27.6	0.0584	30
m0336	m0321	32.8	0.0763	29
m0336	m0205	24.5	0.0763	29
m0336	m0333	28.0	0.0996	29
m0336	m0178	29.9	0.0996	29
m0336	m0014	31.4	0.0996	29
m0336	m0154	28.7	0.13	28
m0336	m0146	21.7	0.13	28
m0336	m0281	34.6	0.13	28
m0336	m0025	27.5	0.13	28
m0336	m0248	39.1	0.17	28
m0336	m0188	26.9	0.17	28
m0336	m0130	27.5	0.222	28
m0336	m0238	32.7	0.222	28
m0336	m0138	32.1	0.29	27
m0336	m0172	30.2	0.29	27
m0336	m0216	28.2	0.379	27
m0336	m0016	28.2	0.646	26
m0336	m0130	26.2	0.843	26
m0336	m0295	32.0	0.843	26
m0336	m0244	29.1	0.843	26
m0336	m0251	33.8	1.44	25
m0336	m0023	20.2	1.44	25
m0336	m0206	26.9	1.44	25
m0336	m0047	23.2	1.88	25
m0336	m0093	25.8	1.88	25
m0336	m0128	24.1	1.88	25
m0336	m0233	23.6	2.45	24
m0336	m0246	50.0	3.21	24
m0336	m0290	27.8	3.21	24
m0336	m0329	27.9	4.19	23
m0336	m0162	26.8	4.19	23
m0336	m0053	40.7	4.19	23
m0336	m0051	29.8	5.47	23
m0336	m0116	36.0	7.14	23
m0335	m0316	88.3	1.33e-246	843
m0335	m0157	87.8	2.26e-246	842
m0335	m0096	86.7	4.89e-241	824
m0335	m0254	85.7	1.57e-239	819
m0335	m0216	85.7	5.97e-239	817
m0335	m0047	84.9	2.96e-238	815
m0335	m0050	83.1	2.35e-235	805
m0335	m0093	83.5	5.78e-234	801
m0335	m0006	83.1	6.4e-233	797
m0335	m0161	81.0	2.69e-231	792
m0335	m0206	82.1	2.27e-230	789
m0335	m0014	80.7	1.06e-227	780
m0335	m0324	83.6	4.44e-226	775
m0335	m0023	80.0	1.87e-224	769
m0335	m0215	83.3	6.22e-212	728
m0335	m0039	65.4	9.41e-168	581
m0335	m0217	61.8	1.72e-153	533
m0335	m0111	66.8	2.11e-151	527
m0335	m0227	59.2	4.39e-149	519
m0335	m0138	55.8	9.47e-144	501
m0335	m0277	53.9	1.08e-139	488
m0335	m0113	57.4	4.55e-138	482
m0335	m0238	55.9	7.27e-136	475
m0335	m0322	56.5	1.52e-133	467
m0335	m0178	54.7	7.52e-133	465
m0335	m0094	52.9	1.85e-131	460
m0335	m0282	53.8	3.16e-131	460
m0335	m0158	50.8	1.02e-129	455
m0335	m0172	51.5	8.61e-129	451
m0335	m0198	52.1	3.27e-128	450
m0335	m0025	51.4	5.22e-126	442
m0335	m0259	60.4	1.52e-125	441
m0335	m0183	57.5	4.42e-125	439
m0335	m0244	51.0	7.54e-125	438
m0335	m0248	57.1	2.97e-121	426
m0335	m0163	54.5	9.54e-120	421
m0335	m0333	55.3	5.42e-115	406
m0335	m0154	47.9	4.59e-114	403
m0335	m0295	49.1	2.97e-113	400
m0335	m0173	52.3	5.07e-113	399
m0335	m0279	55.2	3.29e-112	396
m0335	m0188	51.8	1.25e-111	394
m0335	m0281	53.2	2.78e-111	393
m0335	m0125	54.4	6.2e-111	392
m0335	m0130	63.8	6.2e-111	392
m0335	m0296	67.6	6.2e-111	392
m0335	m0068	51.8	1.06e-110	391
m0335	m0169	53.4	9.9e-109	385
m0335	m0330	64.3	2.2e-108	384
m0335	m0214	58.8	3.76e-108	383
m0335	m0174	63.6	4.91e-108	382
m0335	m0088	63.8	4.6e-106	376
m0335	m0237	57.8	4.76e-103	366
m0335	m0182	57.5	2.36e-102	364
m0335	m0076	68.1	6.87e-102	362
m0335	m0133	59.0	4.45e-101	359
m0335	m0267	60.9	1.87e-99	354
m0335	m0326	59.6	5.44e-99	352
m0335	m0017	59.2	8.13e-95	339
m0335	m0320	44.9	2.89e-92	330
m0335	m0205	53.2	3.54e-90	323
m0335	m0297	45.9	6.03e-90	322
m0335	m0123	58.0	3.32e-80	290
m0335	m0103	50.2	3.1e-78	283
m0335	m0334	52.4	3.1e-78	283
m0335	m0299	54.7	9.03e-78	282
m0335	m0319	50.5	1.1e-75	275
m0335	m0131	50.9	2.72e-74	270
m0335	m0086	51.9	2.72e-74	270
m0335	m0235	51.5	4.64e-74	270
m0335	m0234	51.2	1.03e-73	268
m0335	m0155	50.2	1.76e-73	268
m0335	m0232	47.8	3.01e-73	267
m0335	m0134	50.0	6.7e-73	266
m0335	m0233	48.4	6.7e-73	266
m0335	m0001	48.6	1.95e-72	264
m0335	m0272	47.8	4.34e-72	263
m0335	m0247	48.4	7.41e-72	262
m0335	m0193	46.9	9.67e-72	262
m0335	m0306	47.8	9.67e-72	262
m0335	m0141	51.5	1.65e-71	261
m0335	m0097	51.9	2.16e-71	261
m0335	m0230	47.1	5.31e-70	256
m0335	m0262	45.5	2.02e-69	254
m0335	m0229	51.4	2.02e-69	254
m0335	m0231	45.8	7.67e-69	252
m0335	m0197	46.5	2.23e-68	251
m0335	m0048	48.2	2.91e-68	250
m0335	m0033	47.8	3.8e-68	250
m0335	m0166	47.6	4.97e-68	250
m0335	m0069	47.5	6.49e-68	249
m0335	m0192	48.0	4.21e-67	247
m0335	m0011	48.4	5.49e-67	246
m0335	m0012	46.3	7.17e-67	246
m0335	m0070	47.2	1.22e-66	245
m0335	m0002	47.7	7.93e-66	242
m0335	m0073	45.5	1.04e-65	242
m0335	m0062	42.8	1.04e-65	242
m0335	m0168	44.2	5.14e-65	240
m0335	m0311	45.8	6.72e-65	239
m0335	m0084	44.5	1.15e-64	238
m0335	m0305	45.2	1.5e-64	238
m0335	m0268	48.1	2.16e-63	234
m0335	m0098	45.1	2.16e-63	234
m0335	m0273	46.6	2.82e-63	234
m0335	m0187	47.3	1.83e-62	231
m0335	m0045	46.0	6.95e-62	229
m0335	m0317	45.1	6.95e-62	229
m0335	m0083	43.9	9.08e-62	229
m0335	m0043	48.4	1.55e-61	228
m0335	m0054	44.1	2.02e-61	228
m0335	m0124	43.3	1e-60	225
m0335	m0149	42.5	4.98e-60	223
m0335	m0109	44.4	8.49e-60	222
m0335	m0331	46.2	3.23e-59	220
m0335	m0294	47.0	3.23e-59	220
m0335	m0245	44.0	1.6e-58	218
m0335	m0063	45.9	2.73e-58	217
m0335	m0252	44.0	3.57e-58	217
m0335	m0144	39.6	3.02e-57	214
m0335	m0066	42.2	6.73e-57	213
m0335	m0118	43.7	5.7e-56	210
m0335	m0090	41.9	2.17e-55	208
m0335	m0120	42.4	2.03e-53	201
m0335	m0031	44.0	2.65e-53	201
m0335	m0074	42.1	4.67e-50	190
m0335	m0101	40.4	6.1e-50	190
m0335	m0184	42.7	7.97e-50	189
m0335	m0264	41.0	1.36e-49	188
m0335	m0175	39.4	1.78e-49	188
m0335	m0194	40.1	3.96e-49	187
m0335	m0040	42.0	3.96e-49	187
m0335	m0210	39.4	1.5e-48	185
m0335	m0104	43.2	1.96e-48	184
m0335	m0313	38.7	5.71e-48	183
m0335	m0102	39.2	1.27e-47	182
m0335	m0079	39.1	1.66e-47	181
m0335	m0167	38.1	2.17e-47	181
m0335	m0191	40.0	2.83e-47	181
m0335	m0065	41.5	8.25e-47	179
m0335	m0291	38.5	1.41e-46	178
m0335	m0314	39.5	3.13e-46	177
m0335	m0067	37.7	9.12e-46	176
m0335	m0077	39.9	1.19e-45	175
m0335	m0243	37.3	2.03e-45	174
m0335	m0162	42.2	4.53e-45	173
m0335	m0176	37.4	5.91e-45	173
m0335	m0283	40.9	5.91e-45	173
m0335	m0036	40.8	7.72e-45	173
m0335	m0285	38.9	2.25e-44	171
m0335	m0037	38.6	2.93e-44	171
m0335	m0071	38.1	6.53e-44	169
m0335	m0028	38.6	1.9e-43	168
m0335	m0170	37.9	1.9e-43	168
m0335	m0249	38.7	2.48e-43	168
m0335	m0051	38.9	2.48e-43	168
m0335	m0159	36.9	5.53e-43	166
m0335	m0095	38.1	9.44e-43	166
m0335	m0128	39.0	3.59e-42	164
m0335	m0005	37.1	2.04e-37	148
m0335	m0165	34.3	2.25e-36	144
m0335	m0274	32.1	3.59e-34	137
m0335	m0137	29.5	2.49e-27	114
m0335	m0288	31.8	9.48e-27	112
m0335	m0160	29.9	1.62e-26	112
m0335	m0202	27.6	2.95e-20	91
m0335	m0185	28.8	1.79e-17	82
m0335	m0278	31.9	8.89e-17	79
m0335	m0228	33.3	1.52e-16	79
m0335	m0293	26.0	1.28e-15	75
m0335	m0041	29.2	7.05e-14	70
m0335	m0275	27.1	5.97e-13	67
m0335	m0292	27.4	1.02e-12	66
m0335	m0265	24.1	1.13e-11	62
m0335	m0064	32.6	1.24e-10	59
m0335	m0266	29.1	4.73e-10	57
m0335	m0122	24.0	1.8e-09	55
m0335	m0307	22.8	5.41e-06	44
m0335	m0219	21.9	0.00251	35
m0335	m0327	22.9	0.00731	33
m0335	m0255	25.2	0.0213	32
m0335	m0143	22.8	0.0213	32
m0335	m0099	25.0	0.0363	31
m0335	m0016	23.6	0.0619	30
m0335	m0217	39.0	0.0619	30
m0335	m0227	32.2	0.0619	30
m0335	m0308	24.3	0.0808	30
m0335	m0177	27.4	0.106	29
m0335	m0279	36.0	0.138	29
m0335	m0129	30.0	0.18	28
m0335	m0056	37.2	0.307	28
m0335	m0026	25.3	0.401	27
m0335	m0148	56.5	0.524	27
m0335	m0177	30.9	0.893	26
m0335	m0196	39.5	0.893	26
m0335	m0099	30.2	1.17	26
m0335	m0325	32.6	2.6	25
m0335	m0061	24.8	4.43	24
m0335	m0132	43.5	9.88	23
m0334	m0103	80.8	6.93e-140	488
m0334	m0123	77.7	5.9e-123	431
m0334	m0131	71.4	2.32e-119	419
m0334	m0319	70.5	5.71e-118	415
m0334	m0299	72.6	2.83e-117	413
m0334	m0234	67.9	1.72e-114	403
m0334	m0235	68.9	7.99e-112	394
m0334	m0168	66.8	1.04e-111	394
m0334	m0306	65.8	5.18e-111	392
m0334	m0247	62.6	1.41e-108	384
m0334	m0233	63.8	4.1e-108	382
m0334	m0230	62.8	4.1e-108	382
m0334	m0272	62.9	1.56e-107	380
m0334	m0193	60.9	1.32e-106	377
m0334	m0001	62.2	1.12e-105	374
m0334	m0229	70.0	3.25e-105	372
m0334	m0262	60.5	5.19e-103	365
m0334	m0232	60.5	1.97e-102	363
m0334	m0134	61.1	4.39e-102	362
m0334	m0141	65.2	6.57e-98	348
m0334	m0187	65.5	1.91e-97	347
m0334	m0083	58.1	9.48e-97	344
m0334	m0062	56.9	1.24e-96	344
m0334	m0054	59.2	1.05e-95	341
m0334	m0317	59.3	1.37e-95	341
m0334	m0045	60.6	8.87e-95	338
m0334	m0011	57.8	2.58e-94	336
m0334	m0166	55.6	1.28e-93	334
m0334	m0311	57.4	2.19e-93	333
m0334	m0331	62.5	6.36e-93	332
m0334	m0012	55.8	1.33e-90	324
m0334	m0086	57.6	3.86e-90	322
m0334	m0155	55.4	1.12e-89	321
m0334	m0069	57.3	5.57e-89	319
m0334	m0033	57.2	7.28e-89	318
m0334	m0268	60.1	7.28e-89	318
m0334	m0149	56.2	9.5e-89	318
m0334	m0002	58.9	1.37e-87	314
m0334	m0124	55.5	5.21e-87	312
m0334	m0326	55.4	8.89e-87	311
m0334	m0133	55.9	8.89e-87	311
m0334	m0120	56.8	1.52e-86	310
m0334	m0063	55.8	1.98e-86	310
m0334	m0043	57.1	4.41e-86	309
m0334	m0090	51.5	1.68e-85	307
m0334	m0197	53.5	2.86e-85	306
m0334	m0294	56.3	6.37e-85	305
m0334	m0109	56.4	2.42e-84	303
m0334	m0305	53.8	2.68e-83	300
m0334	m0174	54.4	2.68e-83	300
m0334	m0188	55.2	3.5e-83	299
m0334	m0051	55.1	2.27e-82	297
m0334	m0158	55.9	2.96e-82	296
m0334	m0295	52.3	3.87e-82	296
m0334	m0231	51.4	6.6e-82	295
m0334	m0333	54.0	6.6e-82	295
m0334	m0252	52.5	8.62e-82	295
m0334	m0267	57.4	8.62e-82	295
m0334	m0125	54.4	1.13e-81	294
m0334	m0154	54.1	1.47e-81	294
m0334	m0040	53.7	1.47e-81	294
m0334	m0088	54.0	1.92e-81	294
m0334	m0118	52.5	2.51e-81	293
m0334	m0182	52.9	2.51e-81	293
m0334	m0259	56.9	2.51e-81	293
m0334	m0162	52.2	4.28e-81	292
m0334	m0238	52.3	5.58e-81	292
m0334	m0097	52.0	1.24e-80	291
m0334	m0169	53.5	1.62e-80	290
m0334	m0296	53.9	1.62e-80	290
m0334	m0178	55.6	2.12e-80	290
m0334	m0170	53.5	2.12e-80	290
m0334	m0104	54.5	2.77e-80	290
m0334	m0281	55.9	3.62e-80	289
m0334	m0130	56.0	3.62e-80	289
m0334	m0206	54.2	4.73e-80	289
m0334	m0163	53.4	6.17e-80	289
m0334	m0017	53.0	8.06e-80	288
m0334	m0324	53.8	1.8e-79	287
m0334	m0248	54.4	2.35e-79	287
m0334	m0183	56.5	2.35e-79	287
m0334	m0048	52.3	3.06e-79	286
m0334	m0138	53.3	4e-79	286
m0334	m0215	53.7	4e-79	286
m0334	m0161	52.2	5.23e-79	285
m0334	m0111	53.3	5.23e-79	285
m0334	m0316	52.8	6.83e-79	285
m0334	m0084	50.5	8.92e-79	285
m0334	m0014	51.8	1.16e-78	284
m0334	m0076	57.6	1.16e-78	284
m0334	m0320	52.2	1.16e-78	284
m0334	m0244	52.6	1.99e-78	283
m0334	m0006	52.4	1.99e-78	283
m0334	m0192	50.5	4.42e-78	282
m0334	m0330	53.3	1.29e-77	281
m0334	m0050	52.2	1.68e-77	280
m0334	m0254	52.6	2.87e-77	280
m0334	m0157	51.4	3.75e-77	279
m0334	m0297	54.0	3.75e-77	279
m0334	m0216	52.7	3.75e-77	279
m0334	m0093	51.4	6.39e-77	278
m0334	m0096	51.3	6.39e-77	278
m0334	m0073	48.9	6.39e-77	278
m0334	m0025	49.3	8.34e-77	278
m0334	m0198	53.0	1.42e-76	277
m0334	m0023	53.9	1.86e-76	277
m0334	m0214	51.5	2.43e-76	277
m0334	m0277	51.5	3.17e-76	276
m0334	m0172	49.5	4.14e-76	276
m0334	m0282	52.6	5.41e-76	275
m0334	m0070	50.7	5.41e-76	275
m0334	m0047	51.5	1.2e-75	274
m0334	m0173	50.7	1.02e-74	271
m0334	m0031	48.8	1.33e-74	271
m0334	m0245	50.7	1.74e-74	270
m0334	m0068	51.2	2.97e-74	270
m0334	m0098	46.2	2.97e-74	270
m0334	m0144	49.1	3.88e-74	269
m0334	m0094	50.8	5.06e-74	269
m0334	m0313	47.9	8.64e-74	268
m0334	m0273	48.3	1.13e-73	268
m0334	m0067	49.7	2.51e-73	267
m0334	m0264	50.2	7.31e-73	265
m0334	m0227	53.8	9.55e-73	265
m0334	m0279	52.5	2.13e-72	263
m0334	m0113	50.5	2.13e-72	263
m0334	m0237	49.2	2.78e-72	263
m0334	m0291	48.2	8.08e-72	262
m0334	m0039	53.4	1.38e-71	261
m0334	m0065	48.1	6.84e-71	258
m0334	m0191	49.1	8.94e-71	258
m0334	m0205	50.2	8.94e-71	258
m0334	m0322	51.1	1.17e-70	258
m0334	m0037	47.8	7.56e-70	255
m0334	m0217	54.1	7.56e-70	255
m0334	m0285	46.2	1.29e-69	254
m0334	m0184	49.0	1.29e-69	254
m0334	m0101	49.0	2.2e-69	253
m0334	m0176	45.3	2.2e-69	253
m0334	m0167	47.0	1.43e-68	251
m0334	m0102	45.8	3.18e-68	250
m0334	m0074	46.0	3.18e-68	250
m0334	m0095	47.1	9.25e-68	248
m0334	m0036	50.2	2.97e-66	243
m0334	m0175	46.3	2.97e-66	243
m0334	m0079	46.7	5.07e-66	242
m0334	m0249	48.2	5.07e-66	242
m0334	m0066	45.9	1.48e-65	241
m0334	m0077	48.2	3.29e-65	240
m0334	m0128	47.0	3.29e-65	240
m0334	m0314	49.1	7.33e-65	238
m0334	m0243	44.8	2.78e-64	236
m0334	m0210	44.0	1.17e-62	231
m0334	m0071	47.5	4.45e-62	229
m0334	m0194	43.6	6.42e-61	225
m0334	m0159	42.2	2.7e-59	220
m0334	m0028	45.7	4.6e-59	219
m0334	m0283	45.7	5.45e-52	196
m0334	m0165	38.3	1.34e-50	191
m0334	m0005	38.4	7.62e-46	175
m0334	m0274	36.4	1.95e-33	134
m0334	m0288	31.7	1.65e-32	131
m0334	m0137	29.3	9.99e-30	122
m0334	m0160	31.2	6.48e-29	119
m0334	m0202	30.2	8.2e-24	102
m0334	m0293	29.4	5.87e-22	96
m0334	m0185	27.5	2.73e-19	87
m0334	m0292	27.9	1.96e-17	81
m0334	m0228	27.5	3.34e-17	80
m0334	m0041	29.9	5.69e-17	79
m0334	m0265	24.1	8.5e-13	65
m0334	m0275	24.4	1.11e-12	65
m0334	m0278	28.1	2.47e-12	64
m0334	m0122	23.6	7.2e-12	62
m0334	m0266	25.3	1.23e-11	62
m0334	m0064	27.4	2.73e-11	60
m0334	m0307	23.0	6.97e-07	46
m0334	m0219	24.1	2.24e-05	41
m0334	m0016	22.2	0.000324	37
m0334	m0099	29.0	0.000721	36
m0334	m0177	24.7	0.00358	33
m0334	m0196	29.3	0.00358	33
m0334	m0218	28.0	0.00468	33
m0334	m0212	23.4	0.0104	32
m0334	m0152	29.7	0.0232	31
m0334	m0327	30.0	0.0396	30
m0334	m0177	29.6	0.0396	30
m0334	m0056	37.5	0.0396	30
m0334	m0026	27.7	0.0517	30
m0334	m0325	28.1	0.0675	29
m0334	m0321	23.3	0.0882	29
m0334	m0189	27.1	0.196	28
m0334	m0053	26.6	0.257	27
m0334	m0129	27.3	0.438	27
m0334	m0143	23.8	0.572	26
m0334	m0148	27.7	0.746	26
m0334	m0301	24.8	2.17	24
m0334	m0060	25.2	4.84	23
m0334	m0092	30.4	6.32	23
m0334	m0142	23.1	6.32	23
m0333	m0281	83.1	3.96e-202	695
m0333	m0130	82.0	2.4e-199	686
m0333	m0169	80.0	9.12e-199	684
m0333	m0188	77.8	1.08e-191	660
m0333	m0163	76.3	5.93e-190	654
m0333	m0248	69.0	7.05e-167	578
m0333	m0111	65.7	5.23e-162	562
m0333	m0173	64.6	1.25e-155	540
m0333	m0259	65.1	2.13e-155	540
m0333	m0068	63.1	3.18e-151	526
m0333	m0138	66.0	9.57e-148	514
m0333	m0174	65.5	1.02e-141	494
m0333	m0125	59.8	1.13e-140	491
m0333	m0320	57.0	2.36e-138	483
m0333	m0238	64.6	1.1e-135	474
m0333	m0183	58.8	6.02e-134	468
m0333	m0297	60.3	5.1e-133	465
m0333	m0295	58.4	5.28e-130	455
m0333	m0088	75.0	3e-125	439
m0333	m0244	56.2	1.49e-124	437
m0333	m0154	56.8	1.94e-124	437
m0333	m0178	59.0	2.54e-124	436
m0333	m0025	55.5	4.48e-121	426
m0333	m0172	53.6	7.64e-121	425
m0333	m0279	55.7	4.95e-120	422
m0333	m0277	52.4	8.18e-115	405
m0333	m0023	55.4	3.11e-114	403
m0333	m0282	52.8	4.06e-114	403
m0333	m0094	52.7	6.92e-114	402
m0333	m0215	54.5	3.44e-113	399
m0333	m0076	74.1	3.44e-113	399
m0333	m0216	54.4	3.44e-113	399
m0333	m0093	54.3	1e-112	398
m0333	m0182	50.9	1.31e-112	398
m0333	m0006	55.8	1.31e-112	398
m0333	m0254	56.4	3.8e-112	396
m0333	m0316	54.1	6.48e-112	395
m0333	m0050	53.8	8.46e-112	395
m0333	m0161	53.2	8.46e-112	395
m0333	m0014	54.2	9.36e-111	391
m0333	m0324	56.0	9.36e-111	391
m0333	m0330	63.9	1.6e-110	391
m0333	m0096	51.7	3.56e-110	389
m0333	m0206	51.3	3.01e-109	386
m0333	m0047	54.0	5.13e-109	386
m0333	m0157	50.4	6.7e-109	385
m0333	m0113	51.0	9.68e-108	381
m0333	m0214	61.1	5.31e-106	376
m0333	m0237	59.3	2.23e-104	370
m0333	m0296	64.5	2.92e-104	370
m0333	m0322	49.3	1.6e-102	364
m0333	m0039	52.3	3.56e-102	363
m0333	m0133	60.3	8.78e-101	358
m0333	m0326	59.8	6.29e-99	352
m0333	m0227	49.9	2.39e-98	350
m0333	m0198	48.0	5.32e-98	349
m0333	m0217	50.5	4.51e-97	346
m0333	m0267	55.9	2.92e-96	343
m0333	m0158	48.2	2.92e-96	343
m0333	m0205	54.4	4.98e-96	342
m0333	m0017	59.2	5.16e-93	332
m0333	m0123	56.6	9.75e-84	302
m0333	m0103	53.4	1.19e-81	295
m0333	m0233	52.8	3.25e-79	287
m0333	m0299	53.3	5.54e-79	286
m0333	m0235	52.6	1.04e-77	282
m0333	m0230	52.8	2.33e-77	280
m0333	m0234	51.6	8.84e-77	278
m0333	m0319	51.8	1.97e-76	277
m0333	m0001	51.0	7.48e-76	275
m0333	m0166	51.1	9.77e-76	275
m0333	m0272	50.2	1.41e-74	271
m0333	m0247	49.3	1.84e-74	271
m0333	m0131	49.6	4.11e-74	270
m0333	m0155	52.7	7e-74	269
m0333	m0086	51.1	4.54e-73	266
m0333	m0262	47.1	7.74e-73	265
m0333	m0229	54.6	1.32e-72	265
m0333	m0306	51.6	1.91e-71	261
m0333	m0193	48.3	2.49e-71	260
m0333	m0033	49.8	9.46e-71	258
m0333	m0232	46.9	9.46e-71	258
m0333	m0197	48.3	3.6e-70	257
m0333	m0231	46.6	3.6e-70	257
m0333	m0168	49.3	4.7e-70	256
m0333	m0141	52.1	1.37e-69	255
m0333	m0134	50.7	2.33e-69	254
m0333	m0062	47.0	2.33e-69	254
m0333	m0311	48.9	3.04e-69	253
m0333	m0012	49.6	8.86e-69	252
m0333	m0011	49.0	1.51e-68	251
m0333	m0069	47.4	1.51e-68	251
m0333	m0002	50.4	5.74e-68	249
m0333	m0054	47.5	4.86e-67	246
m0333	m0097	48.5	1.08e-66	245
m0333	m0187	49.6	5.37e-66	243
m0333	m0317	48.8	9.17e-66	242
m0333	m0305	46.6	1.2e-65	242
m0333	m0045	46.9	2.04e-65	241
m0333	m0124	45.6	1.01e-64	238
m0333	m0294	48.2	2.95e-64	237
m0333	m0192	45.6	1.46e-63	235
m0333	m0273	43.0	1.91e-63	234
m0333	m0070	46.1	2.5e-63	234
m0333	m0048	44.1	4.26e-63	233
m0333	m0268	49.2	1.24e-62	231
m0333	m0083	44.9	3.6e-62	230
m0333	m0098	45.0	4.71e-62	230
m0333	m0043	45.7	1.79e-61	228
m0333	m0331	47.0	2.34e-61	227
m0333	m0252	44.8	1.16e-60	225
m0333	m0073	42.0	5.76e-60	223
m0333	m0149	44.0	9.82e-60	222
m0333	m0084	44.2	2.42e-58	217
m0333	m0063	43.2	1.57e-57	215
m0333	m0109	43.8	7.78e-57	212
m0333	m0118	40.4	1.73e-56	211
m0333	m0245	41.4	1.92e-55	208
m0333	m0144	40.4	2.12e-54	204
m0333	m0120	42.5	4.72e-54	203
m0333	m0090	41.2	8.9e-53	199
m0333	m0101	38.8	3.74e-51	193
m0333	m0066	41.3	3.74e-51	193
m0333	m0210	40.5	1.86e-50	191
m0333	m0102	39.9	2.42e-50	191
m0333	m0040	41.2	3.5e-49	187
m0333	m0031	42.2	3.5e-49	187
m0333	m0065	38.3	7.8e-49	186
m0333	m0264	38.3	1.33e-48	185
m0333	m0074	39.5	2.27e-48	184
m0333	m0036	39.2	5.05e-48	183
m0333	m0104	41.2	8.62e-48	182
m0333	m0162	40.8	1.47e-47	181
m0333	m0291	37.4	1.92e-47	181
m0333	m0285	38.4	1.92e-47	181
m0333	m0191	39.8	2.51e-47	181
m0333	m0175	37.1	4.73e-46	176
m0333	m0313	37.3	4.73e-46	176
m0333	m0128	38.1	1.05e-45	175
m0333	m0249	37.8	1.05e-45	175
m0333	m0159	36.4	1.8e-45	174
m0333	m0051	38.0	4e-45	173
m0333	m0184	37.3	1.17e-44	172
m0333	m0170	36.3	3.39e-44	170
m0333	m0071	35.9	4.43e-44	170
m0333	m0283	41.7	5.78e-44	169
m0333	m0037	36.6	9.86e-44	169
m0333	m0077	38.7	9.86e-44	169
m0333	m0067	36.9	9.86e-44	169
m0333	m0167	36.2	4.89e-43	166
m0333	m0176	35.1	8.35e-43	166
m0333	m0079	35.8	1.09e-42	165
m0333	m0028	36.1	1.09e-42	165
m0333	m0243	36.8	1.42e-42	165
m0333	m0095	36.8	3.17e-42	164
m0333	m0194	35.1	7.07e-42	163
m0333	m0314	35.5	2.69e-41	161
m0333	m0005	34.1	9.25e-34	136
m0333	m0165	33.3	1.02e-32	132
m0333	m0274	34.4	1.38e-29	122
m0333	m0137	30.1	3.77e-27	114
m0333	m0160	32.5	3.77e-27	114
m0333	m0288	31.2	1.48e-23	102
m0333	m0202	27.5	4.31e-23	100
m0333	m0278	28.7	1.21e-17	82
m0333	m0293	25.0	1.59e-17	82
m0333	m0185	28.0	2.07e-17	81
m0333	m0041	25.9	9.62e-15	72
m0333	m0265	26.4	1.26e-14	72
m0333	m0292	26.5	1.81e-13	68
m0333	m0275	23.2	3.42e-12	64
m0333	m0064	24.9	3.78e-11	60
m0333	m0228	25.9	6.45e-11	60
m0333	m0026	24.9	6.04e-09	53
m0333	m0266	28.4	2.29e-08	51
m0333	m0122	21.7	5.65e-07	47
m0333	m0327	26.6	0.000263	38
m0333	m0143	21.3	0.000343	37
m0333	m0219	24.8	0.00495	33
m0333	m0307	22.7	0.00647	33
m0333	m0016	25.5	0.00845	33
m0333	m0177	27.4	0.0188	32
m0333	m0321	25.1	0.0548	30
m0333	m0099	24.7	0.463	27
m0333	m0148	56.5	1.35	25
m0333	m0060	19.5	1.35	25
m0333	m0099	30.2	1.35	25
m0333	m0007	27.2	1.76	25
m0333	m0104	20.8	2.3	25
m0333	m0186	23.8	2.3	25
m0333	m0255	23.8	3	24
m0333	m0143	25.0	5.12	23
m0333	m0148	42.3	6.69	23
m0332	m0177	30.4	5.59e-29	119
m0332	m0300	27.0	4.91e-17	79
m0332	m0099	26.1	6.65e-06	42
m0332	m0136	22.8	0.0994	28
m0332	m0116	23.0	0.17	28
m0332	m0288	35.9	3.2	23
m0332	m0321	39.3	3.2	23
m0332	m0265	41.2	4.18	23
m0331	m0083	85.8	3.21e-133	465
m0331	m0317	82.4	3.67e-129	452
m0331	m0045	78.9	5.67e-122	428
m0331	m0187	74.7	6.49e-118	414
m0331	m0229	68.3	2.24e-102	363
m0331	m0193	65.6	2.48e-101	359
m0331	m0262	65.6	2.48e-101	359
m0331	m0168	65.0	4.67e-100	355
m0331	m0306	64.4	3.96e-99	352
m0331	m0232	65.3	8.81e-99	351
m0331	m0141	64.6	4.37e-98	349
m0331	m0134	61.6	1.08e-96	344
m0331	m0001	64.4	1.41e-96	344
m0331	m0233	62.2	2.4e-96	343
m0331	m0103	64.5	2.03e-95	340
m0331	m0299	61.1	2.25e-94	336
m0331	m0230	61.8	2.25e-94	336
m0331	m0123	62.2	8.54e-94	334
m0331	m0235	61.6	8.54e-94	334
m0331	m0247	60.5	1.11e-93	334
m0331	m0272	61.3	1.46e-93	334
m0331	m0124	60.6	3.97e-91	325
m0331	m0002	61.8	3.36e-90	322
m0331	m0012	58.9	6.33e-89	318
m0331	m0311	59.7	1.84e-88	317
m0331	m0319	59.0	7e-88	315
m0331	m0109	56.3	5.92e-87	312
m0331	m0011	58.7	5.92e-87	312
m0331	m0234	57.3	1.72e-86	310
m0331	m0131	57.6	5.02e-86	309
m0331	m0062	57.5	8.56e-86	308
m0331	m0054	59.1	1.46e-85	307
m0331	m0043	59.9	2.49e-85	306
m0331	m0063	59.9	9.46e-85	304
m0331	m0120	56.0	6.13e-84	302
m0331	m0118	55.6	8.85e-83	298
m0331	m0086	56.9	1.16e-82	297
m0331	m0166	52.9	3.72e-81	292
m0331	m0090	57.6	7.02e-80	288
m0331	m0305	53.5	3.48e-79	286
m0331	m0231	53.6	1.32e-78	284
m0331	m0268	55.3	2.26e-78	283
m0331	m0155	53.1	6.57e-78	282
m0331	m0294	52.3	2.5e-77	280
m0331	m0033	54.0	9.48e-77	278
m0331	m0144	51.1	1.24e-76	277
m0331	m0097	53.8	3.6e-76	276
m0331	m0245	51.5	8.03e-76	275
m0331	m0149	50.6	3.98e-75	272
m0331	m0084	51.5	1.16e-74	271
m0331	m0031	49.8	3.37e-74	269
m0331	m0197	50.6	9.81e-74	268
m0331	m0249	52.0	2.85e-73	266
m0331	m0313	51.5	2.85e-73	266
m0331	m0069	49.8	3.73e-73	266
m0331	m0036	52.6	8.31e-73	265
m0331	m0070	51.3	2.42e-72	263
m0331	m0067	49.8	1.2e-71	261
m0331	m0071	50.0	1.57e-71	260
m0331	m0291	49.4	3.49e-71	259
m0331	m0101	50.0	5.95e-71	258
m0331	m0314	50.2	1.73e-70	257
m0331	m0048	50.8	1.73e-70	257
m0331	m0175	49.1	3.86e-70	256
m0331	m0184	48.9	1.12e-69	254
m0331	m0252	50.0	1.12e-69	254
m0331	m0074	47.2	1.91e-69	253
m0331	m0192	48.3	3.27e-69	253
m0331	m0264	52.6	9.5e-69	251
m0331	m0167	49.1	1.24e-68	251
m0331	m0191	51.7	2.12e-68	250
m0331	m0098	47.3	4.72e-68	249
m0331	m0079	47.5	8.05e-68	248
m0331	m0176	46.5	1.05e-67	248
m0331	m0065	48.0	1.05e-67	248
m0331	m0273	47.1	6.81e-67	245
m0331	m0073	47.9	1.52e-66	244
m0331	m0066	46.2	4.41e-66	242
m0331	m0028	49.1	4.41e-66	242
m0331	m0077	49.8	5.77e-66	242
m0331	m0095	47.8	7.53e-66	242
m0331	m0194	45.8	2.19e-65	240
m0331	m0037	45.9	1.85e-64	237
m0331	m0326	46.2	2.05e-63	233
m0331	m0017	46.8	2.68e-63	233
m0331	m0133	47.0	7.79e-63	231
m0331	m0267	48.1	1.02e-62	231
m0331	m0076	49.1	2.27e-62	230
m0331	m0174	48.3	2.96e-62	230
m0331	m0182	46.4	2.96e-62	230
m0331	m0238	48.3	6.6e-62	228
m0331	m0214	48.7	1.13e-61	228
m0331	m0162	45.7	1.92e-61	227
m0331	m0295	46.2	3.27e-61	226
m0331	m0163	46.8	4.28e-61	226
m0331	m0130	45.3	5.58e-61	225
m0331	m0154	46.2	7.29e-61	225
m0331	m0125	46.0	9.53e-61	225
m0331	m0088	46.6	9.53e-61	225
m0331	m0281	46.6	1.24e-60	224
m0331	m0104	45.0	1.62e-60	224
m0331	m0169	45.8	1.62e-60	224
m0331	m0178	46.2	2.12e-60	223
m0331	m0248	46.6	2.77e-60	223
m0331	m0227	50.4	2.77e-60	223
m0331	m0217	50.4	2.77e-60	223
m0331	m0296	45.8	3.62e-60	223
m0331	m0282	45.7	3.62e-60	223
m0331	m0259	46.4	3.62e-60	223
m0331	m0297	47.7	4.73e-60	222
m0331	m0138	45.7	4.73e-60	222
m0331	m0183	45.6	8.06e-60	221
m0331	m0111	46.0	8.06e-60	221
m0331	m0051	44.7	1.05e-59	221
m0331	m0170	47.7	1.05e-59	221
m0331	m0188	46.0	1.05e-59	221
m0331	m0215	46.2	1.38e-59	221
m0331	m0040	46.0	1.38e-59	221
m0331	m0206	46.0	2.35e-59	220
m0331	m0324	46.6	4e-59	219
m0331	m0330	45.8	4e-59	219
m0331	m0159	43.9	4e-59	219
m0331	m0014	46.0	5.23e-59	219
m0331	m0279	47.2	6.83e-59	218
m0331	m0093	46.6	1.99e-58	217
m0331	m0243	44.4	2.59e-58	216
m0331	m0025	42.9	3.39e-58	216
m0331	m0039	48.6	4.42e-58	216
m0331	m0244	43.9	5.78e-58	215
m0331	m0023	44.7	5.78e-58	215
m0331	m0316	45.3	7.55e-58	215
m0331	m0277	46.6	9.86e-58	215
m0331	m0161	45.3	1.29e-57	214
m0331	m0006	45.1	1.29e-57	214
m0331	m0158	43.3	2.87e-57	213
m0331	m0254	45.1	3.75e-57	213
m0331	m0157	44.3	6.39e-57	212
m0331	m0113	45.7	8.34e-57	211
m0331	m0096	44.7	8.34e-57	211
m0331	m0047	44.7	8.34e-57	211
m0331	m0283	47.1	1.09e-56	211
m0331	m0050	44.3	1.42e-56	211
m0331	m0216	44.7	1.86e-56	210
m0331	m0237	43.8	1.2e-55	208
m0331	m0102	43.4	1.57e-55	207
m0331	m0068	42.6	1.57e-55	207
m0331	m0322	44.9	3.51e-55	206
m0331	m0128	45.2	3.51e-55	206
m0331	m0165	44.3	1.74e-54	204
m0331	m0173	43.6	2.27e-54	203
m0331	m0172	42.4	2.27e-54	203
m0331	m0094	44.6	6.61e-54	202
m0331	m0198	40.7	6.61e-54	202
m0331	m0210	44.7	1.47e-53	201
m0331	m0205	44.3	1.92e-53	200
m0331	m0285	41.5	1.92e-53	200
m0331	m0320	40.7	2.78e-52	196
m0331	m0005	38.0	1.13e-45	174
m0331	m0288	36.3	1.06e-35	141
m0331	m0160	33.3	2.21e-33	134
m0331	m0274	34.2	2.7e-31	127
m0331	m0137	33.9	6.02e-31	126
m0331	m0202	31.1	8.42e-25	105
m0331	m0293	30.5	2.71e-23	100
m0331	m0185	28.3	8.44e-17	79
m0331	m0275	23.6	1.76e-14	71
m0331	m0228	23.3	9.66e-13	65
m0331	m0292	25.8	2.15e-12	64
m0331	m0265	26.5	4.79e-12	63
m0331	m0122	24.4	4.79e-12	63
m0331	m0041	27.5	1.39e-11	61
m0331	m0064	25.7	1.39e-11	61
m0331	m0266	27.3	2.38e-11	60
m0331	m0278	26.5	1e-09	55
m0331	m0219	27.4	1.44e-08	51
m0331	m0016	26.1	2.46e-08	50
m0331	m0255	28.4	1.35e-06	45
m0331	m0136	26.8	6.7e-06	42
m0331	m0327	24.7	1.95e-05	41
m0331	m0143	30.1	0.000165	38
m0331	m0218	20.8	0.000282	37
m0331	m0307	23.5	0.000368	37
m0331	m0177	28.2	0.000628	36
m0331	m0026	24.5	0.00311	33
m0331	m0152	35.7	0.00531	33
m0331	m0099	27.6	0.0118	32
m0331	m0056	37.5	0.1	28
m0331	m0060	19.8	0.291	27
m0331	m0325	27.3	1.89	24
m0331	m0099	27.3	2.47	24
m0331	m0196	27.3	3.22	23
m0331	m0224	25.9	4.21	23
m0331	m0199	31.1	7.18	22
m0331	m0308	32.3	9.38	22
m0331	m0007	26.7	9.38	22
m0330	m0237	74.2	1.3e-139	487
m0330	m0296	78.8	3.22e-130	456
m0330	m0068	72.8	2.55e-127	446
m0330	m0173	69.0	3.33e-127	446
m0330	m0248	73.6	1.45e-122	430
m0330	m0039	69.1	8.79e-120	421
m0330	m0214	69.0	1.66e-118	417
m0330	m0277	66.1	1.4e-117	414
m0330	m0282	68.5	4.08e-117	412
m0330	m0088	67.0	4.99e-115	405
m0330	m0227	65.7	6.52e-115	405
m0330	m0217	73.1	9.42e-114	401
m0330	m0076	72.9	1.23e-113	401
m0330	m0163	61.9	1.78e-112	397
m0330	m0094	66.0	3.03e-112	396
m0330	m0279	73.1	5.17e-112	395
m0330	m0111	64.6	5.71e-111	392
m0330	m0281	64.5	4.53e-108	382
m0330	m0188	61.1	5.91e-108	382
m0330	m0238	64.8	1.01e-107	381
m0330	m0014	61.2	1.72e-107	380
m0330	m0206	63.8	2.25e-107	380
m0330	m0174	65.8	2.93e-107	379
m0330	m0096	60.1	5.01e-107	379
m0330	m0254	61.4	6.54e-107	378
m0330	m0215	60.6	8.54e-107	378
m0330	m0093	62.7	3.24e-106	376
m0330	m0113	65.3	5.53e-106	375
m0330	m0006	61.1	7.23e-106	375
m0330	m0154	59.2	1.23e-105	374
m0330	m0161	61.4	2.1e-105	373
m0330	m0023	61.7	3.59e-105	372
m0330	m0157	61.8	3.59e-105	372
m0330	m0178	66.7	3.59e-105	372
m0330	m0216	59.7	3.59e-105	372
m0330	m0316	64.2	6.12e-105	372
m0330	m0130	63.0	6.12e-105	372
m0330	m0050	59.8	1.04e-104	371
m0330	m0259	65.5	2.32e-104	370
m0330	m0183	65.9	6.76e-104	368
m0330	m0295	61.6	1.15e-103	367
m0330	m0324	62.0	2.57e-103	366
m0330	m0047	58.0	7.48e-103	365
m0330	m0322	64.9	7.48e-103	365
m0330	m0138	61.1	7.48e-103	365
m0330	m0172	60.9	1.67e-102	364
m0330	m0244	61.1	2.18e-102	363
m0330	m0169	60.2	1.08e-101	361
m0330	m0025	56.7	1.61e-97	347
m0330	m0133	56.5	4.86e-94	335
m0330	m0326	58.5	2.41e-93	333
m0330	m0125	57.9	7.02e-93	332
m0330	m0205	55.5	5.56e-90	322
m0330	m0158	54.6	3.6e-89	319
m0330	m0182	52.1	6.15e-89	319
m0330	m0267	59.4	8.88e-88	315
m0330	m0320	50.4	1.16e-87	314
m0330	m0198	53.0	5.75e-87	312
m0330	m0017	55.2	2.67e-84	303
m0330	m0123	55.1	2.86e-78	283
m0330	m0297	52.7	7.79e-76	275
m0330	m0103	51.5	1.33e-75	274
m0330	m0299	50.2	1.47e-74	271
m0330	m0235	51.2	1.63e-73	267
m0330	m0233	48.2	1.63e-73	267
m0330	m0001	48.8	1.38e-72	264
m0330	m0155	50.5	1.8e-72	264
m0330	m0086	50.2	6.83e-72	262
m0330	m0234	50.3	6.83e-72	262
m0330	m0247	49.3	1.16e-71	261
m0330	m0097	51.8	2.59e-71	260
m0330	m0319	50.0	2.59e-71	260
m0330	m0230	46.5	5.78e-71	259
m0330	m0131	49.7	9.86e-71	258
m0330	m0306	47.0	2.2e-70	257
m0330	m0262	45.8	2.87e-70	257
m0330	m0166	48.5	4.89e-70	256
m0330	m0193	46.9	3.17e-69	253
m0330	m0011	48.5	5.41e-69	252
m0330	m0033	48.3	9.23e-69	252
m0330	m0232	44.8	1.57e-68	251
m0330	m0229	51.0	1.57e-68	251
m0330	m0141	51.2	1.57e-68	251
m0330	m0231	45.1	2.68e-68	250
m0330	m0197	49.5	4.58e-68	249
m0330	m0134	48.2	5.98e-68	249
m0330	m0272	46.2	1.74e-67	247
m0330	m0168	47.2	8.64e-67	245
m0330	m0069	46.8	1.13e-66	245
m0330	m0098	46.3	1.47e-66	244
m0330	m0192	47.5	2.51e-66	243
m0330	m0048	47.9	3.28e-66	243
m0330	m0062	44.9	9.55e-66	242
m0330	m0012	47.4	2.13e-65	240
m0330	m0045	47.7	1.06e-64	238
m0330	m0305	45.8	1.06e-64	238
m0330	m0070	47.0	1.06e-64	238
m0330	m0311	47.5	1.52e-63	234
m0330	m0273	44.8	7.57e-63	232
m0330	m0187	47.5	7.57e-63	232
m0330	m0002	47.7	1.29e-62	231
m0330	m0073	43.0	4.9e-62	229
m0330	m0268	46.5	4.9e-62	229
m0330	m0084	45.5	1.09e-61	228
m0330	m0124	44.3	1.43e-61	228
m0330	m0294	45.0	1.86e-61	227
m0330	m0083	43.5	6e-60	222
m0330	m0317	43.3	1.34e-59	221
m0330	m0043	46.5	6.63e-59	219
m0330	m0054	44.4	3.29e-58	216
m0330	m0149	43.3	4.3e-58	216
m0330	m0118	43.7	1.25e-57	215
m0330	m0109	45.7	1.63e-57	214
m0330	m0252	43.0	2.78e-57	213
m0330	m0245	40.9	2.36e-56	210
m0330	m0063	44.1	2.61e-55	207
m0330	m0120	43.7	7.58e-55	205
m0330	m0090	41.6	1.43e-53	201
m0330	m0144	41.0	2.07e-52	197
m0330	m0066	42.8	2.7e-52	197
m0330	m0101	38.7	2.79e-49	187
m0330	m0065	38.7	1.81e-48	184
m0330	m0037	37.6	2.36e-48	184
m0330	m0264	39.2	1.17e-47	181
m0330	m0040	42.0	3.41e-47	180
m0330	m0291	37.8	5.82e-47	179
m0330	m0074	39.3	9.93e-47	178
m0330	m0313	38.8	3.77e-46	176
m0330	m0031	38.9	1.43e-45	174
m0330	m0104	41.9	4.17e-45	173
m0330	m0210	39.5	7.11e-45	172
m0330	m0051	38.7	1.21e-44	171
m0330	m0184	36.5	1.21e-44	171
m0330	m0159	37.3	3.53e-44	170
m0330	m0036	39.0	3.53e-44	170
m0330	m0162	39.8	6.02e-44	169
m0330	m0067	37.4	7.87e-44	169
m0330	m0285	35.7	7.87e-44	169
m0330	m0175	36.5	5.1e-43	166
m0330	m0102	36.5	5.1e-43	166
m0330	m0170	37.4	6.66e-43	166
m0330	m0176	37.5	8.7e-43	165
m0330	m0167	35.6	1.48e-42	164
m0330	m0243	35.8	1.94e-42	164
m0330	m0249	38.3	2.53e-42	164
m0330	m0194	35.8	4.32e-42	163
m0330	m0283	39.9	9.62e-42	162
m0330	m0079	35.2	1.26e-41	161
m0330	m0191	36.6	2.14e-41	161
m0330	m0314	36.2	3.65e-41	160
m0330	m0071	35.2	1.81e-40	158
m0330	m0095	33.9	5.28e-40	156
m0330	m0077	36.0	6.89e-40	156
m0330	m0128	36.3	2.01e-39	154
m0330	m0028	33.1	2.62e-39	154
m0330	m0165	36.4	4.33e-34	136
m0330	m0005	34.5	3.66e-33	133
m0330	m0274	34.9	5.29e-32	129
m0330	m0288	28.3	1.18e-23	102
m0330	m0160	28.5	2.63e-23	101
m0330	m0137	26.1	2.23e-22	97
m0330	m0202	28.2	6.48e-22	96
m0330	m0293	28.4	7.41e-18	82
m0330	m0185	29.5	3.11e-16	77
m0330	m0278	32.2	6.94e-16	76
m0330	m0228	26.3	7.67e-15	72
m0330	m0041	28.9	1.31e-14	72
m0330	m0275	25.9	3.22e-13	67
m0330	m0265	29.0	3.02e-11	60
m0330	m0292	28.1	5.15e-11	60
m0330	m0266	27.7	9.71e-10	55
m0330	m0064	28.0	2.39e-08	51
m0330	m0122	21.7	3.12e-08	50
m0330	m0143	25.9	0.000123	39
m0330	m0307	24.3	0.000357	37
m0330	m0026	25.5	0.000609	36
m0330	m0177	26.1	0.00232	34
m0330	m0241	25.4	0.00674	33
m0330	m0327	28.0	0.00674	33
m0330	m0146	22.6	0.0088	32
m0330	m0321	26.7	0.0196	31
m0330	m0219	24.8	0.0256	31
m0330	m0060	26.9	0.0334	30
m0330	m0213	22.7	0.057	30
m0330	m0016	28.6	0.0745	29
m0330	m0328	29.3	0.0745	29
m0330	m0129	29.1	0.0973	29
m0330	m0189	26.6	0.127	28
m0330	m0255	32.6	0.37	27
m0330	m0279	25.3	0.483	27
m0330	m0148	46.3	0.631	26
m0330	m0099	28.3	0.824	26
m0330	m0239	61.5	1.08	25
m0330	m0061	26.4	2.4	24
m0330	m0199	36.4	4.09	23
m0330	m0007	34.8	9.11	22
m0329	m0080	57.3	5.82e-73	265
m0329	m0203	54.8	7.14e-63	231
m0329	m0258	31.8	1.9e-15	74
m0329	m0055	29.2	4.24e-15	73
m0329	m0052	28.4	1.08e-10	58
m0329	m0072	26.9	1.08e-10	58
m0329	m0024	27.2	3.15e-10	57
m0329	m0204	28.9	2.66e-09	54
m0329	m0003	26.9	2.66e-09	54
m0329	m0280	24.1	2.25e-08	50
m0329	m0253	23.5	2.49e-07	47
m0329	m0038	20.7	0.0917	28
m0329	m0054	26.4	0.204	27
m0329	m0272	22.6	0.455	26
m0329	m0026	21.3	0.595	26
m0329	m0193	22.7	0.595	26
m0329	m0318	35.0	0.777	25
m0329	m0322	31.8	1.73	24
m0329	m0235	26.5	1.73	24
m0329	m0051	26.8	2.26	24
m0329	m0306	23.6	5.03	23
m0329	m0268	52.0	6.57	22
m0329	m0001	29.3	8.59	22
m0328	m0308	48.6	1.03e-113	401
m0328	m0189	39.1	3.8e-84	303
m0328	m0271	44.1	4.35e-80	290
m0328	m0263	39.4	1.4e-70	258
m0328	m0224	37.6	4.51e-69	253
m0328	m0150	34.8	2.66e-53	201
m0328	m0059	30.3	7.49e-48	183
m0328	m0027	29.1	3.26e-43	167
m0328	m0302	27.6	6.36e-39	153
m0328	m0139	29.6	6.36e-39	153
m0328	m0240	28.3	1.33e-36	145
m0328	m0115	30.3	1.24e-34	139
m0328	m0145	28.4	1.16e-32	132
m0328	m0008	29.0	3.16e-30	124
m0328	m0018	34.1	2.97e-20	91
m0328	m0200	24.8	3.07e-17	81
m0328	m0271	47.3	5.25e-09	54
m0328	m0018	31.0	6.85e-09	53
m0328	m0296	28.1	0.00959	33
m0328	m0041	23.4	1.17	26
m0328	m0306	24.5	1.53	25
m0328	m0031	32.8	2	25
m0328	m0076	28.9	3.41	24
m0328	m0237	27.0	5.82	23
m0328	m0241	38.3	5.82	23
m0328	m0108	42.3	7.6	23
m0327	m0060	52.0	1.25e-52	197
m0327	m0007	46.9	1.39e-43	167
m0327	m0013	29.4	1.45e-08	51
m0327	m0011	24.8	2.32e-06	44
m0327	m0306	27.9	6.74e-06	42
m0327	m0267	29.3	1.96e-05	40
m0327	m0230	27.1	2.56e-05	40
m0327	m0084	25.3	2.56e-05	40
m0327	m0193	24.8	3.35e-05	40
m0327	m0233	26.9	3.35e-05	40
m0327	m0168	23.4	5.71e-05	39
m0327	m0125	27.6	9.74e-05	38
m0327	m0231	26.1	0.000127	38
m0327	m0227	29.9	0.000127	38
m0327	m0006	27.9	0.000127	38
m0327	m0001	24.7	0.000127	38
m0327	m0272	24.3	0.000166	37
m0327	m0017	26.3	0.000217	37
m0327	m0097	23.3	0.000283	37
m0327	m0217	29.0	0.00037	36
m0327	m0068	26.0	0.00037	36
m0327	m0326	26.3	0.00037	36
m0327	m0054	24.2	0.000483	36
m0327	m0254	24.7	0.000483	36
m0327	m0281	26.9	0.000631	35
m0327	m0133	27.3	0.000631	35
m0327	m0012	25.9	0.000824	35
m0327	m0215	24.0	0.000824	35
m0327	m0039	28.0	0.000824	35
m0327	m0061	24.3	0.00108	35
m0327	m0319	29.6	0.00108	35
m0327	m0216	24.7	0.00108	35
m0327	m0248	25.4	0.00108	35
m0327	m0299	24.8	0.00141	34
m0327	m0317	24.7	0.00141	34
m0327	m0173	24.0	0.00141	34
m0327	m0166	23.3	0.00141	34
m0327	m0111	23.1	0.00184	34
m0327	m0047	24.0	0.00184	34
m0327	m0229	21.8	0.00184	34
m0327	m0316	23.9	0.0024	33
m0327	m0161	25.3	0.0024	33
m0327	m0296	26.0	0.0024	33
m0327	m0324	24.0	0.0024	33
m0327	m0025	26.2	0.0024	33
m0327	m0192	22.6	0.00313	33
m0327	m0050	22.7	0.00313	33
m0327	m0157	23.7	0.00313	33
m0327	m0237	27.9	0.00313	33
m0327	m0014	25.3	0.00409	33
m0327	m0214	24.0	0.00409	33
m0327	m0130	25.2	0.00409	33
m0327	m0279	26.0	0.00534	32
m0327	m0174	22.3	0.00534	32
m0327	m0103	26.0	0.00698	32
m0327	m0197	26.9	0.00698	32
m0327	m0062	23.6	0.00911	32
m0327	m0096	22.7	0.00911	32
m0327	m0247	22.1	0.00911	32
m0327	m0311	27.3	0.00911	32
m0327	m0093	21.9	0.00911	32
m0327	m0238	23.6	0.00911	32
m0327	m0169	24.5	0.0119	31
m0327	m0262	22.0	0.0119	31
m0327	m0163	24.0	0.0119	31
m0327	m0023	22.9	0.0119	31
m0327	m0188	23.7	0.0119	31
m0327	m0294	24.8	0.0119	31
m0327	m0305	29.1	0.0155	31
m0327	m0206	22.9	0.0155	31
m0327	m0131	35.4	0.0203	30
m0327	m0123	25.2	0.0203	30
m0327	m0141	24.1	0.0203	30
m0327	m0002	24.4	0.0203	30
m0327	m0232	27.8	0.0203	30
m0327	m0124	26.1	0.0346	30
m0327	m0297	24.1	0.0346	30
m0327	m0235	23.0	0.0346	30
m0327	m0077	24.4	0.0346	30
m0327	m0155	27.9	0.0346	30
m0327	m0088	22.3	0.0346	30
m0327	m0154	25.7	0.0346	30
m0327	m0259	22.1	0.0452	29
m0327	m0252	26.8	0.0452	29
m0327	m0031	24.1	0.0452	29
m0327	m0260	26.0	0.0452	29
m0327	m0138	24.3	0.0591	29
m0327	m0086	25.0	0.0772	28
m0327	m0183	22.1	0.0772	28
m0327	m0182	26.1	0.0772	28
m0327	m0172	22.1	0.0772	28
m0327	m0218	23.1	0.0772	28
m0327	m0196	22.6	0.0772	28
m0327	m0191	25.4	0.0772	28
m0327	m0120	25.0	0.0772	28
m0327	m0020	33.3	0.101	28
m0327	m0113	20.9	0.101	28
m0327	m0090	33.3	0.132	28
m0327	m0199	30.2	0.132	28
m0327	m0283	24.4	0.132	28
m0327	m0282	24.0	0.132	28
m0327	m0261	31.1	0.132	28
m0327	m0178	22.1	0.172	27
m0327	m0322	22.0	0.293	27
m0327	m0094	24.0	0.293	27
m0327	m0204	31.7	0.383	26
m0327	m0239	28.8	0.383	26
m0327	m0069	28.3	0.383	26
m0327	m0118	26.3	0.383	26
m0327	m0277	23.0	0.5	26
m0327	m0070	20.4	0.5	26
m0327	m0234	30.4	0.5	26
m0327	m0199	39.3	0.5	26
m0327	m0265	23.6	0.853	25
m0327	m0268	21.3	1.9	24
m0327	m0066	25.2	2.48	23
m0327	m0076	23.0	4.23	23
m0327	m0244	20.2	4.23	23
m0327	m0145	28.1	5.53	22
m0327	m0159	19.6	7.22	22
m0327	m0295	24.6	7.22	22
m0327	m0260	45.8	9.43	22
m0326	m0017	83.3	1.77e-143	500
m0326	m0125	84.5	8.22e-141	491
m0326	m0133	80.1	7.69e-139	484
m0326	m0267	82.4	6.74e-135	471
m0326	m0297	68.3	5.74e-110	388
m0326	m0088	62.1	2.58e-102	363
m0326	m0023	60.6	1.28e-101	361
m0326	m0111	60.7	2.42e-100	356
m0326	m0259	63.6	4.13e-100	356
m0326	m0296	61.6	9.19e-100	354
m0326	m0254	60.3	1.2e-99	354
m0326	m0006	60.9	2.05e-99	353
m0326	m0183	64.8	2.67e-99	353
m0326	m0206	59.7	1.02e-98	351
m0326	m0050	62.1	1.73e-98	350
m0326	m0215	60.9	1.73e-98	350
m0326	m0174	56.6	3.86e-98	349
m0326	m0316	59.3	5.04e-98	349
m0326	m0163	60.0	5.04e-98	349
m0326	m0238	62.9	6.59e-98	348
m0326	m0182	62.4	6.59e-98	348
m0326	m0096	60.5	8.6e-98	348
m0326	m0169	59.2	1.47e-97	347
m0326	m0014	57.0	1.47e-97	347
m0326	m0161	57.2	1.47e-97	347
m0326	m0130	61.3	2.5e-97	346
m0326	m0324	59.5	5.58e-97	345
m0326	m0157	59.5	7.28e-97	345
m0326	m0154	59.1	1.24e-96	344
m0326	m0178	63.3	1.62e-96	344
m0326	m0295	61.5	1.62e-96	344
m0326	m0281	61.3	2.12e-96	343
m0326	m0216	59.9	2.77e-96	343
m0326	m0093	59.2	8.05e-96	341
m0326	m0158	61.0	1.05e-95	341
m0326	m0248	62.1	2.34e-95	340
m0326	m0047	58.1	2.34e-95	340
m0326	m0188	57.3	8.9e-95	338
m0326	m0138	57.8	3.38e-94	336
m0326	m0076	63.5	9.84e-94	334
m0326	m0068	59.6	1.29e-93	334
m0326	m0320	58.5	2.19e-93	333
m0326	m0244	59.7	2.86e-93	333
m0326	m0172	59.6	3.74e-93	332
m0326	m0214	58.6	1.42e-92	330
m0326	m0173	55.7	4.57e-91	325
m0326	m0198	59.9	1.74e-90	324
m0326	m0025	56.1	2.27e-90	323
m0326	m0279	56.0	8.92e-87	311
m0326	m0039	57.8	3.39e-86	309
m0326	m0103	54.2	2.87e-85	306
m0326	m0123	57.0	2.87e-85	306
m0326	m0094	55.7	1.42e-84	304
m0326	m0237	52.8	1.42e-84	304
m0326	m0227	53.9	4.15e-84	302
m0326	m0277	53.5	7.07e-84	302
m0326	m0234	55.6	1.02e-82	298
m0326	m0272	53.4	2.27e-82	297
m0326	m0282	53.5	3.88e-82	296
m0326	m0233	53.6	3.88e-82	296
m0326	m0113	54.3	5.07e-82	295
m0326	m0217	56.9	8.64e-82	295
m0326	m0299	54.9	1.93e-81	294
m0326	m0319	53.7	1.63e-80	290
m0326	m0166	52.2	1.06e-79	288
m0326	m0205	50.3	1.06e-79	288
m0326	m0322	54.4	3.07e-79	286
m0326	m0001	51.2	6.85e-79	285
m0326	m0230	50.9	2.6e-78	283
m0326	m0134	54.1	5.8e-78	282
m0326	m0306	52.6	9.89e-78	281
m0326	m0131	49.7	2.2e-77	280
m0326	m0235	52.2	2.88e-77	280
m0326	m0193	49.0	1.87e-76	277
m0326	m0069	48.9	9.26e-76	275
m0326	m0247	50.2	1.58e-75	274
m0326	m0229	54.1	2.06e-75	273
m0326	m0197	50.5	7.84e-75	272
m0326	m0086	50.0	3.89e-74	269
m0326	m0141	51.9	4.3e-73	266
m0326	m0231	49.1	5.62e-73	265
m0326	m0062	48.8	5.62e-73	265
m0326	m0033	47.8	6.21e-72	262
m0326	m0262	45.8	1.06e-71	261
m0326	m0155	49.2	1.38e-71	261
m0326	m0097	49.0	3.08e-71	260
m0326	m0273	46.1	4.02e-71	259
m0326	m0232	47.9	5.26e-71	259
m0326	m0011	50.5	6.86e-71	258
m0326	m0012	47.8	9.91e-70	255
m0326	m0168	45.1	4.92e-69	252
m0326	m0305	46.3	1.87e-68	250
m0326	m0002	49.2	1.87e-68	250
m0326	m0054	46.8	5.44e-68	249
m0326	m0187	49.6	1.21e-67	248
m0326	m0311	46.6	1.21e-67	248
m0326	m0124	47.9	2.7e-67	247
m0326	m0268	48.6	3.53e-67	246
m0326	m0317	45.3	2.98e-66	243
m0326	m0048	48.0	5.09e-66	242
m0326	m0192	46.4	8.68e-66	242
m0326	m0045	45.0	9.6e-65	238
m0326	m0083	44.4	1.25e-64	238
m0326	m0294	47.7	4.77e-64	236
m0326	m0070	44.4	8.13e-64	235
m0326	m0084	44.5	2e-62	230
m0326	m0098	44.0	1.69e-61	227
m0326	m0043	46.6	1.1e-60	225
m0326	m0252	42.1	4.17e-60	223
m0326	m0073	41.9	1.21e-59	221
m0326	m0063	43.9	1.21e-59	221
m0326	m0149	40.6	2.71e-59	220
m0326	m0120	42.8	3.53e-59	220
m0326	m0245	40.5	1.03e-58	218
m0326	m0090	41.3	1.34e-58	218
m0326	m0109	45.2	2.99e-58	216
m0326	m0031	45.7	8.7e-58	215
m0326	m0144	41.6	8.15e-56	208
m0326	m0066	40.6	1.06e-55	208
m0326	m0118	41.5	1.18e-54	205
m0326	m0184	42.3	7.63e-54	202
m0326	m0040	42.0	9.96e-54	201
m0326	m0264	40.9	9.96e-54	201
m0326	m0101	38.3	1.3e-53	201
m0326	m0074	41.5	1.7e-53	201
m0326	m0167	42.0	3.78e-53	200
m0326	m0162	39.3	6.46e-53	199
m0326	m0175	43.1	1.1e-52	198
m0326	m0314	42.2	1.1e-52	198
m0326	m0210	39.6	5.46e-52	196
m0326	m0102	38.0	7.14e-52	195
m0326	m0104	41.7	2.08e-51	194
m0326	m0313	40.5	2.71e-51	193
m0326	m0079	41.1	2.3e-50	190
m0326	m0194	40.8	3e-50	190
m0326	m0291	38.4	6.68e-50	189
m0326	m0036	41.6	8.72e-50	188
m0326	m0067	41.4	1.14e-49	188
m0326	m0191	40.4	1.94e-49	187
m0326	m0065	38.2	5.65e-49	186
m0326	m0249	40.5	5.65e-49	186
m0326	m0037	35.9	4.79e-48	183
m0326	m0077	39.9	6.25e-48	182
m0326	m0176	37.1	1.82e-47	181
m0326	m0285	36.3	3.1e-47	180
m0326	m0028	38.9	4.05e-47	179
m0326	m0159	36.7	1.18e-46	178
m0326	m0051	37.7	2.63e-46	177
m0326	m0170	36.4	7.64e-46	175
m0326	m0283	40.0	2.9e-45	173
m0326	m0095	37.9	3.79e-45	173
m0326	m0243	35.8	8.45e-45	172
m0326	m0071	38.7	9.34e-44	168
m0326	m0128	36.0	6.7e-42	162
m0326	m0005	37.3	2.38e-39	154
m0326	m0165	38.1	5.87e-38	149
m0326	m0274	31.9	1e-29	122
m0326	m0288	29.3	2.16e-24	104
m0326	m0202	28.2	1.07e-23	102
m0326	m0160	28.1	7.7e-22	96
m0326	m0137	26.7	1.31e-21	95
m0326	m0293	28.7	1.96e-17	81
m0326	m0041	28.5	9.74e-17	79
m0326	m0278	31.9	2.03e-14	71
m0326	m0228	29.0	2.24e-13	67
m0326	m0275	25.8	1.11e-12	65
m0326	m0292	28.4	7.22e-12	62
m0326	m0185	25.2	1.36e-10	58
m0326	m0265	24.9	8.83e-10	55
m0326	m0122	20.9	3.71e-08	50
m0326	m0064	29.3	4.84e-08	50
m0326	m0136	27.0	1.41e-07	48
m0326	m0266	26.0	1.84e-07	48
m0326	m0218	30.2	0.000112	39
m0326	m0219	27.1	0.000249	37
m0326	m0255	28.9	0.00123	35
m0326	m0016	23.7	0.00123	35
m0326	m0116	25.5	0.00161	35
m0326	m0307	29.2	0.00359	33
m0326	m0060	21.3	0.00469	33
m0326	m0026	25.1	0.00613	33
m0326	m0196	31.6	0.0233	31
m0326	m0099	22.7	0.197	28
m0326	m0177	28.0	0.257	27
m0326	m0108	25.4	0.439	27
m0326	m0148	56.5	2.18	24
m0326	m0177	22.2	2.18	24
m0326	m0099	37.1	2.18	24
m0326	m0204	26.9	4.85	23
m0326	m0236	37.2	8.28	22
m0325	m0301	79.0	1.17e-249	853
m0325	m0022	34.4	9.15e-77	279
m0325	m0142	51.0	5.74e-71	260
m0325	m0142	31.2	1.1e-21	96
m0325	m0252	25.9	0.003	35
m0325	m0149	27.6	0.0254	32
m0325	m0097	22.8	0.0434	31
m0325	m0142	37.5	0.215	28
m0325	m0216	39.1	0.367	28
m0325	m0084	23.4	0.367	28
m0325	m0050	39.1	0.367	28
m0325	m0187	20.0	0.48	27
m0325	m0317	29.1	0.48	27
m0325	m0014	39.1	0.818	27
m0325	m0324	28.4	0.818	27
m0325	m0161	39.1	0.818	27
m0325	m0236	33.9	1.4	26
m0325	m0023	34.8	1.4	26
m0325	m0316	37.0	1.82	25
m0325	m0254	37.2	1.82	25
m0325	m0267	26.8	2.38	25
m0325	m0157	34.8	2.38	25
m0325	m0217	33.9	3.11	25
m0325	m0047	34.8	3.11	25
m0325	m0227	28.0	4.06	24
m0325	m0039	30.0	4.06	24
m0325	m0006	31.1	5.3	24
m0325	m0045	25.9	6.93	23
m0324	m0047	85.4	7.73e-228	780
m0324	m0006	84.5	2.49e-226	775
m0324	m0157	84.6	5.54e-226	774
m0324	m0093	83.9	1.61e-225	773
m0324	m0096	85.0	4.69e-225	771
m0324	m0254	84.3	5.18e-224	768
m0324	m0216	83.1	3.36e-223	765
m0324	m0316	83.4	1.08e-221	760
m0324	m0014	82.1	7.01e-221	757
m0324	m0050	82.1	2.66e-220	755
m0324	m0161	81.6	2.94e-219	752
m0324	m0206	80.9	2.76e-217	745
m0324	m0023	78.6	8.58e-211	724
m0324	m0215	84.1	4.87e-206	708
m0324	m0039	65.7	3.09e-168	582
m0324	m0217	62.7	1.49e-154	537
m0324	m0227	59.6	3.43e-151	526
m0324	m0111	70.0	4.06e-144	502
m0324	m0277	56.9	3.22e-141	493
m0324	m0113	59.1	5.49e-141	492
m0324	m0138	55.0	1.6e-140	490
m0324	m0238	57.5	7.93e-140	488
m0324	m0322	57.4	2.39e-136	476
m0324	m0178	55.3	4.21e-133	466
m0324	m0094	53.3	5.5e-133	465
m0324	m0282	55.3	1.23e-132	464
m0324	m0244	53.0	2.73e-132	463
m0324	m0158	52.3	4.66e-132	462
m0324	m0172	53.1	8.79e-131	458
m0324	m0295	52.4	4.82e-129	452
m0324	m0183	58.0	7.7e-127	445
m0324	m0198	51.7	2.92e-126	443
m0324	m0259	68.1	8.51e-126	441
m0324	m0248	60.8	1.27e-121	428
m0324	m0025	49.0	5.34e-120	422
m0324	m0163	53.3	7.71e-119	418
m0324	m0188	62.3	2.74e-116	410
m0324	m0279	54.3	1.15e-114	404
m0324	m0281	56.8	6.99e-112	395
m0324	m0173	51.7	1.01e-110	391
m0324	m0174	53.3	1.46e-109	387
m0324	m0130	52.9	4.24e-109	386
m0324	m0296	66.9	1.23e-108	384
m0324	m0125	52.4	8e-108	382
m0324	m0154	49.3	1.36e-107	381
m0324	m0214	59.5	2.33e-107	380
m0324	m0068	50.6	1.16e-106	378
m0324	m0169	52.0	7.49e-106	375
m0324	m0088	63.5	1.41e-104	371
m0324	m0025	59.0	4.25e-101	359
m0324	m0076	68.1	5.55e-101	359
m0324	m0267	62.4	8.87e-99	352
m0324	m0182	57.1	7.51e-98	349
m0324	m0237	56.7	3.73e-97	346
m0324	m0133	58.1	9.18e-96	342
m0324	m0297	47.2	4.26e-93	333
m0324	m0320	46.3	5.57e-93	332
m0324	m0017	58.8	2.76e-92	330
m0324	m0205	53.2	7.79e-87	312
m0324	m0103	51.7	6.38e-81	292
m0324	m0123	58.0	1.09e-80	292
m0324	m0299	54.6	2.97e-78	283
m0324	m0234	51.6	1.05e-75	275
m0324	m0233	51.2	6.84e-75	272
m0324	m0319	49.1	8.93e-75	272
m0324	m0235	50.8	1.17e-74	272
m0324	m0247	49.8	3.39e-74	270
m0324	m0086	51.5	7.56e-74	269
m0324	m0131	49.7	1.29e-73	268
m0324	m0001	50.5	2.2e-73	267
m0324	m0306	51.0	8.36e-73	265
m0324	m0272	48.2	1.09e-72	265
m0324	m0155	51.6	4.15e-72	263
m0324	m0230	49.8	5.42e-72	263
m0324	m0193	48.6	9.24e-72	262
m0324	m0232	47.1	4.59e-71	260
m0324	m0229	51.7	7.82e-71	259
m0324	m0134	48.0	5.07e-70	256
m0324	m0231	48.5	8.65e-70	255
m0324	m0097	48.0	3.29e-69	253
m0324	m0141	50.2	2.13e-68	251
m0324	m0262	45.1	8.1e-68	249
m0324	m0166	46.4	8.1e-68	249
m0324	m0192	48.0	4.02e-67	247
m0324	m0069	47.7	8.95e-67	245
m0324	m0197	45.5	1.17e-66	245
m0324	m0048	46.5	1.17e-66	245
m0324	m0311	47.0	1.99e-66	244
m0324	m0062	43.8	2.6e-66	244
m0324	m0073	45.9	4.44e-66	243
m0324	m0011	46.0	4.91e-65	240
m0324	m0002	47.3	1.09e-64	238
m0324	m0033	45.9	1.09e-64	238
m0324	m0012	47.5	1.43e-64	238
m0324	m0168	44.8	2.44e-64	237
m0324	m0054	46.0	4.16e-64	236
m0324	m0098	45.7	1.21e-63	235
m0324	m0268	47.9	2.06e-63	234
m0324	m0187	48.5	2.7e-63	234
m0324	m0043	49.3	6e-63	233
m0324	m0070	45.4	7.84e-63	232
m0324	m0317	44.9	1.34e-62	231
m0324	m0084	44.1	1.34e-62	231
m0324	m0305	45.5	1.75e-62	231
m0324	m0045	46.1	2.28e-62	231
m0324	m0294	48.4	6.64e-62	229
m0324	m0124	45.2	8.67e-62	229
m0324	m0273	43.8	1.13e-61	228
m0324	m0083	44.0	5.62e-61	226
m0324	m0149	43.6	1.25e-60	225
m0324	m0063	46.2	2.79e-60	224
m0324	m0109	44.7	4.03e-59	220
m0324	m0245	44.7	6.87e-59	219
m0324	m0252	44.0	1.53e-58	218
m0324	m0144	41.9	8.4e-57	212
m0324	m0090	44.1	3.19e-56	210
m0324	m0118	43.4	1.58e-55	208
m0324	m0031	44.5	3.9e-54	203
m0324	m0120	40.5	5.09e-54	203
m0324	m0066	40.3	1.94e-53	201
m0324	m0101	40.7	1.81e-51	195
m0324	m0264	40.4	5.27e-51	193
m0324	m0074	42.8	5.27e-51	193
m0324	m0313	39.9	1.3e-49	188
m0324	m0040	41.6	1.7e-49	188
m0324	m0104	43.2	1.44e-48	185
m0324	m0176	37.9	1.44e-48	185
m0324	m0184	39.3	3.2e-48	184
m0324	m0291	37.3	4.18e-48	183
m0324	m0191	39.3	5.46e-48	183
m0324	m0175	38.3	7.13e-48	183
m0324	m0065	38.4	3.54e-47	180
m0324	m0210	38.2	4.62e-47	180
m0324	m0067	37.3	2.29e-46	178
m0324	m0194	37.5	5.11e-46	176
m0324	m0285	39.4	5.11e-46	176
m0324	m0162	41.7	6.67e-46	176
m0324	m0077	39.2	6.67e-46	176
m0324	m0051	39.2	1.49e-45	175
m0324	m0167	36.1	1.94e-45	174
m0324	m0079	38.2	1.94e-45	174
m0324	m0036	37.8	3.31e-45	174
m0324	m0102	36.8	4.32e-45	173
m0324	m0243	37.8	1.26e-44	172
m0324	m0283	40.9	2.15e-44	171
m0324	m0249	38.0	4.78e-44	170
m0324	m0314	37.1	4.78e-44	170
m0324	m0170	37.9	6.24e-44	169
m0324	m0071	37.7	8.15e-44	169
m0324	m0159	37.4	1.82e-43	168
m0324	m0037	36.6	4.05e-43	167
m0324	m0128	39.4	1.54e-42	165
m0324	m0028	38.4	2.62e-42	164
m0324	m0095	35.2	7.63e-42	163
m0324	m0005	36.1	3.32e-37	147
m0324	m0165	35.4	1.82e-35	141
m0324	m0274	33.5	9.03e-35	139
m0324	m0288	30.8	9.67e-29	119
m0324	m0137	28.3	2.91e-25	107
m0324	m0160	28.3	9.37e-24	102
m0324	m0202	27.9	2.16e-20	91
m0324	m0293	26.7	5.88e-18	83
m0324	m0185	27.2	6.5e-17	80
m0324	m0278	31.3	1.11e-16	79
m0324	m0041	27.4	4.66e-15	74
m0324	m0228	31.4	3.95e-14	70
m0324	m0275	28.1	1.96e-13	68
m0324	m0265	25.7	2.56e-13	68
m0324	m0292	27.9	3.34e-13	67
m0324	m0064	29.0	2.39e-11	61
m0324	m0266	28.4	2.03e-10	58
m0324	m0025	22.3	3.82e-09	54
m0324	m0122	22.1	3.24e-08	51
m0324	m0307	23.5	4.37e-05	40
m0324	m0219	24.1	0.00141	35
m0324	m0121	26.7	0.00313	34
m0324	m0099	30.2	0.00313	34
m0324	m0016	24.1	0.00535	33
m0324	m0321	29.1	0.00912	33
m0324	m0177	30.1	0.0156	32
m0324	m0217	32.9	0.0203	32
m0324	m0255	25.2	0.0453	30
m0324	m0177	26.3	0.0591	30
m0324	m0279	22.5	0.0591	30
m0324	m0004	32.8	0.0772	30
m0324	m0129	31.2	0.132	29
m0324	m0099	32.1	0.293	28
m0324	m0226	36.5	0.5	27
m0324	m0060	20.4	0.653	27
m0324	m0056	23.8	0.853	26
m0324	m0026	33.3	1.11	26
m0324	m0075	30.7	1.46	25
m0324	m0034	29.9	3.24	24
m0324	m0148	45.7	3.24	24
m0324	m0196	38.5	3.24	24
m0324	m0007	39.1	4.24	24
m0324	m0065	45.0	9.44	23
m0323	m0276	58.9	2e-100	357
m0323	m0246	50.9	1.1e-82	298
m0323	m0190	50.6	7.15e-82	295
m0323	m0085	48.9	1.65e-78	284
m0323	m0087	48.3	2.81e-78	283
m0323	m0151	50.2	3.44e-76	276
m0323	m0287	47.4	9.99e-76	275
m0323	m0209	48.6	1.11e-74	271
m0323	m0046	45.6	1.76e-72	264
m0323	m0058	43.8	2.16e-70	257
m0323	m0251	44.7	2.82e-70	257
m0323	m0318	44.0	2.38e-69	253
m0323	m0019	43.6	3.44e-68	250
m0323	m0186	43.5	2.09e-65	240
m0323	m0009	40.5	3.02e-64	236
m0323	m0179	39.4	1.5e-63	234
m0323	m0106	44.1	1.5e-63	234
m0323	m0226	43.7	8.21e-62	228
m0323	m0029	39.6	8.21e-62	228
m0323	m0110	43.0	1.19e-60	225
m0323	m0082	39.3	6.51e-59	219
m0323	m0222	39.3	8.8e-56	208
m0323	m0112	39.7	1.15e-55	208
m0323	m0284	40.0	7.45e-55	205
m0323	m0049	40.9	2.4e-53	200
m0323	m0164	47.9	2.57e-39	154
m0323	m0221	35.3	9.77e-39	152
m0323	m0171	32.6	2.41e-37	147
m0323	m0135	35.4	4.11e-37	146
m0323	m0105	30.9	4.11e-37	146
m0323	m0220	36.1	9.15e-37	145
m0323	m0242	30.4	1.72e-35	141
m0323	m0269	30.9	9.46e-34	135
m0323	m0256	34.9	9.46e-34	135
m0323	m0207	28.2	1.67e-30	124
m0323	m0164	47.5	2.26e-19	87
m0323	m0293	25.2	1.06	25
m0323	m0274	25.0	6.85	23
m0322	m0113	87.3	6.73e-226	774
m0322	m0277	70.6	2.51e-172	596
m0322	m0094	69.2	5.79e-169	585
m0322	m0282	69.0	2.52e-164	569
m0322	m0039	59.5	8.72e-141	491
m0322	m0238	60.0	1.49e-140	490
m0322	m0138	58.3	1.07e-138	484
m0322	m0206	58.8	2.01e-137	480
m0322	m0217	61.8	3.43e-137	479
m0322	m0047	58.8	3.79e-136	476
m0322	m0014	56.2	3.21e-135	473
m0322	m0254	58.3	4.19e-135	472
m0322	m0198	54.5	4.19e-135	472
m0322	m0178	58.0	1.59e-134	470
m0322	m0096	57.8	3.55e-134	469
m0322	m0050	57.5	4.63e-134	469
m0322	m0006	56.6	1.03e-133	468
m0322	m0093	56.6	1.35e-133	467
m0322	m0316	57.4	2.3e-133	466
m0322	m0227	57.0	3e-133	466
m0322	m0161	55.8	5.12e-133	465
m0322	m0023	55.7	3.32e-132	463
m0322	m0154	57.3	4.34e-132	462
m0322	m0216	57.5	4.34e-132	462
m0322	m0157	56.4	5.66e-132	462
m0322	m0244	57.6	1.65e-131	460
m0322	m0172	57.5	2.15e-131	460
m0322	m0158	53.0	8.18e-131	458
m0322	m0295	55.8	8.46e-128	448
m0322	m0025	53.5	1.65e-123	434
m0322	m0215	57.1	5.87e-121	425
m0322	m0163	52.7	9.73e-108	381
m0322	m0188	52.0	6.97e-106	375
m0322	m0169	51.2	1.72e-104	371
m0322	m0088	63.6	3.24e-103	366
m0322	m0259	51.7	1.23e-102	364
m0322	m0173	51.1	2.1e-102	364
m0322	m0281	55.4	1.36e-101	361
m0322	m0183	49.5	1.36e-101	361
m0322	m0068	50.4	1.78e-101	361
m0322	m0130	51.2	1.96e-100	357
m0322	m0174	59.6	5.72e-100	356
m0322	m0214	60.4	9.75e-100	355
m0322	m0111	51.6	6.32e-99	352
m0322	m0248	50.0	6.99e-98	349
m0322	m0076	66.3	7.73e-97	345
m0322	m0296	65.6	1.72e-96	344
m0322	m0237	63.0	1.12e-95	341
m0322	m0279	49.1	7e-90	322
m0322	m0125	47.2	8.01e-86	309
m0322	m0320	43.9	2.33e-85	307
m0322	m0205	55.2	5.74e-84	302
m0322	m0182	53.6	1.28e-83	301
m0322	m0267	54.7	3.48e-81	293
m0322	m0297	44.8	1.73e-80	291
m0322	m0133	54.9	2.95e-80	290
m0322	m0017	53.2	3.37e-76	277
m0322	m0123	54.2	8.6e-72	262
m0322	m0103	49.3	3.27e-71	260
m0322	m0235	52.5	1.62e-70	258
m0322	m0299	50.9	4.72e-70	256
m0322	m0233	48.9	1.37e-69	255
m0322	m0155	50.2	3.06e-69	253
m0322	m0229	50.6	4e-69	253
m0322	m0247	49.6	1.16e-68	252
m0322	m0234	50.5	5.77e-68	249
m0322	m0001	49.1	7.54e-68	249
m0322	m0230	47.3	7.54e-68	249
m0322	m0319	49.1	2.86e-67	247
m0322	m0166	49.5	8.33e-67	245
m0322	m0134	47.7	3.17e-66	243
m0322	m0305	48.2	5.4e-66	243
m0322	m0086	49.3	5.4e-66	243
m0322	m0193	46.7	7.05e-66	242
m0322	m0306	48.1	9.21e-66	242
m0322	m0069	47.2	9.21e-66	242
m0322	m0272	46.8	1.57e-65	241
m0322	m0197	44.0	2.68e-65	240
m0322	m0141	50.4	3.5e-65	240
m0322	m0002	50.2	7.8e-65	239
m0322	m0011	48.7	1.02e-64	238
m0322	m0131	45.6	1.33e-64	238
m0322	m0062	47.8	2.27e-64	237
m0322	m0232	45.2	6.6e-64	236
m0322	m0012	48.8	8.62e-64	235
m0322	m0311	48.4	3.28e-63	233
m0322	m0045	46.5	5.59e-63	233
m0322	m0268	47.8	9.53e-63	232
m0322	m0231	46.7	2.12e-62	231
m0322	m0097	49.5	2.77e-62	230
m0322	m0168	46.6	6.18e-62	229
m0322	m0098	46.7	1.38e-61	228
m0322	m0073	48.0	2.35e-61	227
m0322	m0124	45.5	6.83e-61	226
m0322	m0262	45.1	8.92e-61	225
m0322	m0192	45.8	1.17e-60	225
m0322	m0070	44.8	5.78e-60	223
m0322	m0033	46.4	7.55e-60	222
m0322	m0273	44.4	2.87e-59	220
m0322	m0048	45.2	8.35e-59	219
m0322	m0083	46.3	8.35e-59	219
m0322	m0294	46.8	2.43e-58	217
m0322	m0187	45.9	5.41e-58	216
m0322	m0043	48.4	2.06e-57	214
m0322	m0317	43.9	2.69e-57	214
m0322	m0245	44.1	8.64e-56	209
m0322	m0109	45.5	8.64e-56	209
m0322	m0252	44.9	1.47e-55	208
m0322	m0090	43.6	7.32e-55	206
m0322	m0084	43.0	2.78e-54	204
m0322	m0120	45.1	4.74e-54	203
m0322	m0054	42.6	1.06e-53	202
m0322	m0144	42.4	1.8e-53	201
m0322	m0101	41.7	1.17e-52	198
m0322	m0118	40.9	2.88e-51	194
m0322	m0149	40.4	4.91e-51	193
m0322	m0063	43.1	6.41e-51	193
m0322	m0264	42.5	6.41e-51	193
m0322	m0066	42.1	7.09e-50	189
m0322	m0031	41.7	1.02e-48	185
m0322	m0065	40.6	2.98e-48	184
m0322	m0313	40.6	3.89e-48	183
m0322	m0291	39.7	5.08e-48	183
m0322	m0037	39.8	2.52e-47	181
m0322	m0074	39.7	3.29e-47	180
m0322	m0175	38.4	5.61e-47	179
m0322	m0283	43.0	9.58e-47	179
m0322	m0184	38.8	9.58e-47	179
m0322	m0159	40.1	2.13e-46	178
m0322	m0040	41.2	3.64e-46	177
m0322	m0167	37.7	1.38e-45	175
m0322	m0036	39.8	1.38e-45	175
m0322	m0079	39.0	1.38e-45	175
m0322	m0176	39.5	1.81e-45	174
m0322	m0314	38.4	4.02e-45	173
m0322	m0067	39.3	6.86e-45	173
m0322	m0249	38.8	1.53e-44	171
m0322	m0194	36.3	7.59e-44	169
m0322	m0102	37.7	9.91e-44	169
m0322	m0104	40.5	1.69e-43	168
m0322	m0285	38.0	2.21e-43	168
m0322	m0210	40.2	2.88e-43	167
m0322	m0162	37.5	2.44e-42	164
m0322	m0028	37.2	3.19e-42	164
m0322	m0051	39.2	4.6e-41	160
m0322	m0095	37.2	6.01e-41	159
m0322	m0071	36.2	5.09e-40	156
m0322	m0128	35.9	1.48e-39	155
m0322	m0170	37.4	3.3e-39	154
m0322	m0243	34.9	5.63e-39	153
m0322	m0077	37.6	7.35e-39	153
m0322	m0191	36.3	6.22e-38	149
m0322	m0165	35.8	8.13e-38	149
m0322	m0005	34.2	2.71e-33	134
m0322	m0274	33.4	8.14e-30	122
m0322	m0288	31.7	5.46e-26	110
m0322	m0160	29.3	6.68e-24	103
m0322	m0137	29.8	2.15e-22	98
m0322	m0202	26.3	4.05e-21	94
m0322	m0185	28.9	4.06e-13	67
m0322	m0228	28.9	6.93e-13	66
m0322	m0265	29.0	6.93e-13	66
m0322	m0293	24.1	3.44e-12	64
m0322	m0278	26.3	5.86e-12	63
m0322	m0275	23.8	1e-11	62
m0322	m0122	25.9	8.47e-11	59
m0322	m0041	25.7	7.17e-10	56
m0322	m0064	27.2	6.07e-09	53
m0322	m0292	26.4	6.07e-09	53
m0322	m0266	28.1	4.35e-07	47
m0322	m0136	27.6	3.68e-06	44
m0322	m0219	25.0	0.00131	35
m0322	m0196	31.9	0.00498	33
m0322	m0307	23.8	0.0145	32
m0322	m0107	23.4	0.055	30
m0322	m0143	21.6	0.055	30
m0322	m0177	29.7	0.055	30
m0322	m0016	24.8	0.0719	30
m0322	m0146	27.6	0.0938	29
m0322	m0196	35.2	0.273	28
m0322	m0321	27.3	0.466	27
m0322	m0035	27.5	0.608	27
m0322	m0148	23.3	0.794	26
m0322	m0061	22.4	1.04	26
m0322	m0143	24.7	1.36	25
m0322	m0026	23.2	1.77	25
m0322	m0239	61.5	2.31	25
m0322	m0255	24.4	5.15	23
m0322	m0199	50.0	8.78	23
m0321	m0116	34.2	5.26e-41	159
m0321	m0241	28.5	1.31e-15	75
m0321	m0146	25.8	2.91e-15	74
m0321	m0026	25.1	2.08e-13	68
m0321	m0026	26.1	6.7e-12	63
m0321	m0143	26.7	8.19e-10	56
m0321	m0163	25.9	2.73e-05	41
m0321	m0290	24.9	0.000878	36
m0321	m0154	23.9	0.00255	34
m0321	m0237	28.1	0.00333	34
m0321	m0088	24.3	0.00436	33
m0321	m0196	29.5	0.00569	33
m0321	m0111	25.5	0.00743	33
m0321	m0136	27.9	0.0097	32
m0321	m0050	27.2	0.0127	32
m0321	m0259	27.9	0.0166	32
m0321	m0014	29.1	0.0166	32
m0321	m0183	27.9	0.0166	32
m0321	m0174	25.6	0.0216	31
m0321	m0076	27.3	0.0216	31
m0321	m0212	29.4	0.0282	31
m0321	m0177	26.3	0.0282	31
m0321	m0158	25.7	0.0282	31
m0321	m0192	24.6	0.0369	30
m0321	m0053	26.1	0.0482	30
m0321	m0282	26.0	0.0629	30
m0321	m0006	27.6	0.107	29
m0321	m0296	28.0	0.14	28
m0321	m0093	26.5	0.14	28
m0321	m0096	27.4	0.183	28
m0321	m0161	25.5	0.183	28
m0321	m0121	22.2	0.239	28
m0321	m0043	26.4	0.239	28
m0321	m0206	27.4	0.312	27
m0321	m0209	25.6	0.408	27
m0321	m0143	47.1	0.695	26
m0321	m0113	27.9	0.908	26
m0321	m0149	37.8	1.19	25
m0321	m0177	44.4	2.02	25
m0321	m0248	26.7	2.02	25
m0321	m0108	38.5	3.45	24
m0321	m0257	25.4	3.45	24
m0321	m0109	31.2	4.51	23
m0321	m0024	37.3	7.69	23
m0320	m0188	54.5	5.35e-144	502
m0320	m0158	59.2	1.72e-142	497
m0320	m0198	62.7	5.01e-142	495
m0320	m0163	55.3	2.49e-141	493
m0320	m0111	55.9	3.36e-138	483
m0320	m0130	56.7	8.28e-137	478
m0320	m0125	56.9	1.2e-135	474
m0320	m0173	54.9	1.32e-134	471
m0320	m0281	56.9	1.32e-134	471
m0320	m0169	56.2	2.49e-133	466
m0320	m0259	55.0	1.37e-131	461
m0320	m0068	53.7	3.72e-129	453
m0320	m0248	54.5	6.35e-129	452
m0320	m0297	54.3	2.5e-125	440
m0320	m0182	50.9	1.62e-116	411
m0320	m0183	48.0	1.05e-107	381
m0320	m0161	43.8	1.29e-97	348
m0320	m0014	45.4	3.76e-97	346
m0320	m0216	48.4	2.44e-96	344
m0320	m0006	45.7	2.28e-94	337
m0320	m0093	44.6	2.98e-94	337
m0320	m0214	52.6	3.89e-94	336
m0320	m0282	45.4	8.67e-94	335
m0320	m0023	44.9	1.93e-93	334
m0320	m0267	57.6	3.29e-93	333
m0320	m0316	46.2	3.29e-93	333
m0320	m0279	46.6	7.34e-93	332
m0320	m0254	43.6	2.13e-92	330
m0320	m0047	46.2	2.79e-92	330
m0320	m0050	46.1	3.64e-92	330
m0320	m0039	45.3	1.06e-91	328
m0320	m0215	43.8	1.38e-91	328
m0320	m0277	44.9	1.81e-91	327
m0320	m0096	46.7	4.03e-91	326
m0320	m0157	45.6	1.53e-90	324
m0320	m0206	46.6	3.41e-90	323
m0320	m0133	54.4	5.81e-90	322
m0320	m0138	43.6	1.29e-89	321
m0320	m0094	42.6	2.88e-89	320
m0320	m0238	44.1	8.39e-89	319
m0320	m0113	44.1	8.39e-89	319
m0320	m0174	43.8	2.44e-88	317
m0320	m0244	44.8	9.28e-88	315
m0320	m0217	45.8	1.21e-87	315
m0320	m0017	55.1	1.21e-87	315
m0320	m0227	45.6	4.61e-87	313
m0320	m0154	42.6	4.61e-87	313
m0320	m0296	52.9	1.03e-86	312
m0320	m0172	45.4	1.34e-86	311
m0320	m0178	46.4	2.29e-86	310
m0320	m0088	52.5	3.9e-86	310
m0320	m0237	50.3	1.48e-85	308
m0320	m0295	41.7	3.3e-85	307
m0320	m0025	42.8	1.17e-82	298
m0320	m0076	56.7	2.45e-80	290
m0320	m0103	47.5	2.9e-73	267
m0320	m0205	46.2	2.08e-71	261
m0320	m0123	48.6	1.35e-70	258
m0320	m0134	47.7	3.92e-70	257
m0320	m0319	47.8	8.73e-70	255
m0320	m0299	48.8	1.14e-69	255
m0320	m0155	46.7	1.49e-69	255
m0320	m0131	46.3	1.49e-69	255
m0320	m0193	46.9	2.54e-69	254
m0320	m0235	49.1	3.32e-69	253
m0320	m0234	47.6	3.32e-69	253
m0320	m0247	47.1	4.33e-69	253
m0320	m0306	47.1	4.33e-69	253
m0320	m0230	45.0	2.81e-68	250
m0320	m0166	46.6	4.79e-68	250
m0320	m0233	45.7	8.17e-68	249
m0320	m0001	46.1	5.29e-67	246
m0320	m0229	47.3	1.7e-65	241
m0320	m0033	43.3	2.22e-65	241
m0320	m0197	44.5	1.1e-64	238
m0320	m0231	44.0	3.21e-64	237
m0320	m0069	46.3	9.35e-64	235
m0320	m0272	44.9	1.22e-63	235
m0320	m0168	43.0	6.06e-63	233
m0320	m0311	45.3	6.06e-63	233
m0320	m0086	46.3	1.35e-62	231
m0320	m0012	44.7	8.75e-62	229
m0320	m0097	47.5	1.14e-61	228
m0320	m0045	42.6	2.54e-61	227
m0320	m0232	40.6	4.34e-61	226
m0320	m0262	41.0	1.26e-60	225
m0320	m0011	44.3	1.65e-60	225
m0320	m0273	43.6	1.65e-60	225
m0320	m0141	45.8	3.67e-60	223
m0320	m0070	42.8	6.27e-60	223
m0320	m0317	40.5	1.54e-58	218
m0320	m0002	45.5	1.54e-58	218
m0320	m0043	45.3	2.02e-58	218
m0320	m0187	43.4	1.31e-57	215
m0320	m0073	39.8	1.71e-57	215
m0320	m0305	42.1	2.23e-57	214
m0320	m0294	43.9	2.91e-57	214
m0320	m0083	40.4	2.91e-57	214
m0320	m0084	42.2	6.49e-57	213
m0320	m0098	42.2	1.11e-56	212
m0320	m0124	40.3	1.11e-56	212
m0320	m0062	39.7	1.45e-56	211
m0320	m0054	40.9	1.89e-56	211
m0320	m0268	45.6	2.09e-55	208
m0320	m0149	42.4	2.09e-55	208
m0320	m0048	41.4	3.56e-55	207
m0320	m0109	42.2	7.93e-55	206
m0320	m0192	41.1	1.5e-53	201
m0320	m0245	39.0	1.95e-53	201
m0320	m0090	38.5	3.33e-53	200
m0320	m0031	40.8	9.69e-53	199
m0320	m0063	40.7	2.82e-52	197
m0320	m0252	38.9	4.81e-52	196
m0320	m0144	38.4	1.83e-51	195
m0320	m0120	38.1	3.12e-51	194
m0320	m0184	41.9	4.07e-51	193
m0320	m0264	39.2	4.07e-51	193
m0320	m0101	38.9	6.95e-51	193
m0320	m0313	38.9	5.88e-50	190
m0320	m0175	41.7	1.71e-49	188
m0320	m0074	40.3	2.92e-49	187
m0320	m0167	40.4	8.49e-49	186
m0320	m0065	38.4	1.11e-48	185
m0320	m0040	40.7	5.5e-48	183
m0320	m0066	37.7	5.5e-48	183
m0320	m0285	36.7	1.6e-47	181
m0320	m0104	40.2	2.09e-47	181
m0320	m0118	37.5	3.57e-47	180
m0320	m0067	37.4	3.57e-47	180
m0320	m0194	40.8	6.09e-47	179
m0320	m0291	36.1	5.15e-46	176
m0320	m0314	40.5	6.73e-46	176
m0320	m0079	39.4	6.73e-46	176
m0320	m0051	37.5	2.56e-45	174
m0320	m0210	37.3	4.36e-45	173
m0320	m0036	38.6	7.44e-45	173
m0320	m0243	37.1	7.44e-45	173
m0320	m0191	39.9	7.44e-45	173
m0320	m0162	36.3	9.72e-45	172
m0320	m0028	38.2	9.72e-45	172
m0320	m0176	35.8	3.69e-44	170
m0320	m0037	34.9	6.3e-44	169
m0320	m0249	39.3	1.07e-43	169
m0320	m0102	35.7	1.83e-43	168
m0320	m0159	36.2	2.39e-43	168
m0320	m0128	35.9	3.13e-43	167
m0320	m0170	34.0	3.13e-43	167
m0320	m0095	34.8	2.03e-42	164
m0320	m0077	38.0	6.52e-41	159
m0320	m0071	34.4	3.23e-40	157
m0320	m0283	35.4	3.7e-36	144
m0320	m0165	36.6	3.13e-35	141
m0320	m0274	31.5	8.53e-33	132
m0320	m0005	30.2	1.9e-32	131
m0320	m0137	30.6	5.01e-25	107
m0320	m0288	26.5	2.49e-24	104
m0320	m0160	28.9	3.25e-24	104
m0320	m0202	26.3	8.28e-20	89
m0320	m0278	27.1	4.25e-16	77
m0320	m0041	29.1	9.48e-16	76
m0320	m0293	26.7	9.48e-16	76
m0320	m0292	29.4	4.7e-15	74
m0320	m0228	28.1	1.79e-14	72
m0320	m0265	34.3	6.36e-12	63
m0320	m0185	24.6	1.01e-09	56
m0320	m0064	27.5	3.86e-09	54
m0320	m0275	24.8	8.59e-09	53
m0320	m0122	22.1	3.61e-07	47
m0320	m0026	24.8	1.98e-05	42
m0320	m0266	22.9	3.38e-05	41
m0320	m0307	22.5	0.000128	39
m0320	m0219	29.4	0.000286	38
m0320	m0136	22.8	0.000637	37
m0320	m0218	27.7	0.00185	35
m0320	m0279	25.9	0.00539	33
m0320	m0217	23.5	0.012	32
m0320	m0016	24.6	0.0779	30
m0320	m0189	26.1	0.174	28
m0320	m0117	27.3	3.27	24
m0320	m0013	26.4	3.27	24
m0320	m0146	25.5	5.58	23
m0320	m0308	32.6	7.29	23
m0319	m0131	82.2	2.44e-142	496
m0319	m0103	72.9	2.37e-121	426
m0319	m0123	74.9	1.44e-118	417
m0319	m0299	68.9	6.25e-114	401
m0319	m0234	67.6	4.05e-113	399
m0319	m0235	66.1	2.81e-106	376
m0319	m0230	63.7	3.44e-104	369
m0319	m0233	63.7	5.87e-104	368
m0319	m0272	64.2	1.31e-103	367
m0319	m0168	63.9	2.91e-103	366
m0319	m0247	60.6	6.07e-101	358
m0319	m0306	61.5	2.55e-99	353
m0319	m0193	60.9	3.33e-99	352
m0319	m0001	59.4	1.4e-97	347
m0319	m0311	59.8	2.02e-96	343
m0319	m0062	57.9	4.5e-96	342
m0319	m0232	58.4	2.47e-94	336
m0319	m0045	60.4	9.39e-94	334
m0319	m0229	62.6	3.57e-93	332
m0319	m0083	57.6	6.08e-93	332
m0319	m0054	57.0	1.77e-92	330
m0319	m0166	55.3	3.02e-92	329
m0319	m0317	57.3	6.73e-92	328
m0319	m0011	58.3	8.79e-92	328
m0319	m0187	62.1	1.15e-91	327
m0319	m0155	54.7	1.5e-91	327
m0319	m0134	56.4	1.96e-91	327
m0319	m0149	55.1	4.82e-90	322
m0319	m0262	54.0	6.3e-90	322
m0319	m0002	60.1	1.19e-88	317
m0319	m0086	55.3	2.03e-88	317
m0319	m0141	58.2	1.01e-87	314
m0319	m0268	59.8	2.24e-87	313
m0319	m0097	54.2	1.45e-86	310
m0319	m0252	55.4	5.52e-86	309
m0319	m0162	54.9	1.6e-85	307
m0319	m0104	58.0	2.1e-85	307
m0319	m0012	54.7	2.74e-85	306
m0319	m0040	56.8	3.57e-85	306
m0319	m0124	54.1	1.04e-84	304
m0319	m0033	54.9	3.95e-84	302
m0319	m0051	54.3	1.5e-83	300
m0319	m0109	57.0	4.37e-83	299
m0319	m0125	54.6	5.71e-83	299
m0319	m0084	51.0	5.71e-83	299
m0319	m0120	56.5	7.45e-83	298
m0319	m0267	56.0	2.83e-82	296
m0319	m0197	48.7	3.7e-82	296
m0319	m0294	55.4	4.83e-82	295
m0319	m0063	55.6	6.31e-82	295
m0319	m0192	53.0	8.24e-82	295
m0319	m0017	54.5	8.24e-82	295
m0319	m0133	53.6	1.41e-81	294
m0319	m0069	47.7	6.98e-81	292
m0319	m0118	53.0	6.98e-81	292
m0319	m0170	51.2	2.03e-80	290
m0319	m0043	54.5	3.46e-80	289
m0319	m0231	50.0	3.46e-80	289
m0319	m0090	51.7	5e-79	285
m0319	m0238	52.6	9.43e-78	281
m0319	m0111	54.2	1.61e-77	280
m0319	m0188	50.5	2.74e-77	280
m0319	m0154	51.9	3.58e-77	279
m0319	m0215	51.9	6.11e-77	278
m0319	m0281	53.5	1.04e-76	278
m0319	m0070	50.4	1.04e-76	278
m0319	m0305	48.8	3.03e-76	276
m0319	m0174	51.7	3.03e-76	276
m0319	m0295	52.0	3.96e-76	276
m0319	m0297	53.3	5.17e-76	275
m0319	m0088	51.4	6.76e-76	275
m0319	m0158	51.5	8.83e-76	275
m0319	m0206	50.5	1.15e-75	274
m0319	m0248	50.7	1.15e-75	274
m0319	m0014	49.5	1.51e-75	274
m0319	m0076	56.0	1.97e-75	273
m0319	m0316	50.9	3.35e-75	273
m0319	m0093	50.2	3.35e-75	273
m0319	m0182	51.4	4.38e-75	272
m0319	m0259	52.2	5.72e-75	272
m0319	m0006	50.9	9.76e-75	271
m0319	m0163	49.0	1.27e-74	271
m0319	m0157	49.8	1.27e-74	271
m0319	m0096	50.5	1.27e-74	271
m0319	m0048	49.1	1.27e-74	271
m0319	m0198	50.0	1.66e-74	270
m0319	m0254	49.8	2.17e-74	270
m0319	m0031	50.2	3.71e-74	269
m0319	m0130	50.7	4.84e-74	269
m0319	m0050	49.7	6.33e-74	268
m0319	m0216	49.8	8.26e-74	268
m0319	m0183	52.8	8.26e-74	268
m0319	m0296	49.8	1.08e-73	268
m0319	m0161	49.1	1.41e-73	267
m0319	m0047	49.1	1.41e-73	267
m0319	m0023	50.5	1.84e-73	267
m0319	m0178	53.0	2.4e-73	267
m0319	m0073	51.3	2.4e-73	267
m0319	m0273	49.3	2.4e-73	267
m0319	m0169	51.1	6.99e-73	265
m0319	m0074	50.0	1.19e-72	264
m0319	m0237	50.2	3.47e-72	263
m0319	m0214	49.5	5.92e-72	262
m0319	m0025	48.4	1.01e-71	261
m0319	m0138	49.1	1.72e-71	260
m0319	m0277	48.8	2.25e-71	260
m0319	m0282	47.9	1.12e-70	258
m0319	m0173	48.4	1.12e-70	258
m0319	m0102	48.8	1.46e-70	257
m0319	m0313	49.3	2.49e-70	257
m0319	m0244	49.1	2.49e-70	257
m0319	m0144	48.3	4.24e-70	256
m0319	m0245	46.3	7.24e-70	255
m0319	m0098	45.1	9.45e-70	255
m0319	m0227	51.3	1.61e-69	254
m0319	m0113	50.0	3.59e-69	253
m0319	m0191	50.5	6.13e-69	252
m0319	m0067	46.8	1.04e-68	251
m0319	m0172	46.0	1.36e-68	251
m0319	m0068	47.9	1.36e-68	251
m0319	m0285	46.7	6.77e-68	248
m0319	m0217	53.9	6.77e-68	248
m0319	m0094	47.6	8.85e-68	248
m0319	m0249	46.0	1.51e-67	247
m0319	m0039	51.3	1.51e-67	247
m0319	m0036	46.1	2.57e-67	247
m0319	m0264	45.0	9.78e-67	245
m0319	m0291	45.0	1.28e-66	244
m0319	m0101	47.4	1.67e-66	244
m0319	m0077	46.0	2.18e-66	243
m0319	m0279	47.9	2.85e-66	243
m0319	m0079	45.4	3.72e-66	243
m0319	m0128	47.3	1.84e-65	240
m0319	m0065	45.2	7.01e-65	238
m0319	m0314	45.5	7.01e-65	238
m0319	m0071	48.2	1.2e-64	238
m0319	m0175	43.9	1.2e-64	238
m0319	m0167	43.2	5.93e-64	235
m0319	m0210	47.3	7.75e-64	235
m0319	m0184	44.0	1.01e-63	235
m0319	m0176	43.5	1.32e-63	234
m0319	m0066	45.9	1.73e-63	234
m0319	m0037	46.0	2.25e-63	233
m0319	m0095	45.5	8.57e-63	231
m0319	m0243	43.4	2.49e-62	230
m0319	m0194	43.3	3.26e-62	230
m0319	m0159	43.4	1.05e-60	225
m0319	m0205	45.0	1.37e-60	224
m0319	m0028	42.0	6.35e-58	215
m0319	m0283	46.2	4.71e-53	199
m0319	m0165	37.3	7.04e-49	185
m0319	m0005	40.4	1.2e-48	184
m0319	m0274	35.7	5.99e-32	129
m0319	m0288	33.5	1.74e-31	127
m0319	m0160	34.1	2.36e-28	117
m0319	m0202	31.0	3.08e-28	117
m0319	m0137	31.7	1.53e-27	114
m0319	m0293	31.2	5.62e-22	96
m0319	m0228	27.6	2.61e-19	87
m0319	m0292	29.7	9.28e-17	79
m0319	m0266	29.7	1.03e-15	75
m0319	m0041	25.3	2.29e-15	74
m0319	m0185	25.9	5.09e-15	73
m0319	m0265	25.9	3.65e-13	67
m0319	m0064	26.2	5.27e-12	63
m0319	m0275	22.1	2e-11	61
m0319	m0278	27.4	3.78e-10	57
m0319	m0122	20.6	1.44e-09	55
m0319	m0307	21.2	8.71e-07	45
m0319	m0219	29.5	1.14e-06	45
m0319	m0016	25.7	6.24e-05	39
m0319	m0218	29.9	6.24e-05	39
m0319	m0099	24.7	0.00342	33
m0319	m0152	27.3	0.00447	33
m0319	m0219	25.4	0.00584	33
m0319	m0177	30.3	0.00996	32
m0319	m0196	25.3	0.00996	32
m0319	m0056	41.7	0.0222	31
m0319	m0026	24.1	0.0379	30
m0319	m0177	30.8	0.188	28
m0319	m0259	28.3	0.245	27
m0319	m0060	26.0	0.321	27
m0319	m0129	29.5	0.321	27
m0319	m0144	27.4	1.22	25
m0319	m0212	57.9	1.22	25
m0319	m0148	28.7	1.59	25
m0319	m0007	25.0	3.54	23
m0318	m0276	46.0	6.82e-75	272
m0318	m0246	40.6	2.35e-67	247
m0318	m0190	41.2	3.75e-65	240
m0318	m0087	43.8	5.41e-64	236
m0318	m0151	44.2	3.51e-63	233
m0318	m0287	41.5	3.88e-62	230
m0318	m0029	40.8	3.28e-61	226
m0318	m0209	42.3	7.32e-61	225
m0318	m0046	38.4	1.53e-58	218
m0318	m0058	39.9	2.6e-58	217
m0318	m0085	43.2	2.88e-57	213
m0318	m0226	38.9	4.91e-57	213
m0318	m0019	40.9	1.43e-56	211
m0318	m0082	39.3	5.08e-54	203
m0318	m0110	43.7	6.63e-54	202
m0318	m0251	39.9	5.62e-53	199
m0318	m0179	36.1	1.81e-51	194
m0318	m0106	40.0	5.26e-51	193
m0318	m0284	36.3	1.13e-45	175
m0318	m0049	39.1	2.53e-45	174
m0318	m0112	34.3	9.6e-45	172
m0318	m0222	39.4	1.39e-43	168
m0318	m0186	46.3	1.1e-40	158
m0318	m0009	43.5	1.14e-37	148
m0318	m0256	35.1	2.53e-37	147
m0318	m0164	43.8	1.06e-35	142
m0318	m0105	29.7	9.32e-32	129
m0318	m0269	33.0	7.89e-31	126
m0318	m0256	41.8	2.3e-30	124
m0318	m0171	31.5	3.92e-30	123
m0318	m0221	33.2	1.49e-29	121
m0318	m0135	31.4	5.65e-29	119
m0318	m0220	31.3	9.03e-27	112
m0318	m0242	30.0	2.63e-26	111
m0318	m0207	31.2	7.66e-18	82
m0318	m0164	45.7	1.71e-17	81
m0318	m0186	39.1	5.49e-16	76
m0318	m0009	40.2	1.31e-09	55
m0318	m0207	26.6	0.00107	35
m0318	m0116	34.2	0.0265	31
m0318	m0104	37.5	0.101	29
m0318	m0116	34.5	0.652	26
m0318	m0210	29.2	1.9	25
m0318	m0010	35.3	7.2	23
m0318	m0197	24.4	7.2	23
m0318	m0117	30.0	9.41	22
m0317	m0083	83.3	2.38e-148	516
m0317	m0045	76.8	1.6e-128	450
m0317	m0187	78.2	5.9e-123	431
m0317	m0262	59.5	2.85e-101	359
m0317	m0229	67.2	1.41e-100	357
m0317	m0235	61.9	2.41e-100	356
m0317	m0193	59.2	3.15e-100	356
m0317	m0299	60.8	1.56e-99	354
m0317	m0103	62.3	3.48e-99	352
m0317	m0306	59.9	1.01e-98	351
m0317	m0001	60.2	1.73e-98	350
m0317	m0168	58.2	1.73e-98	350
m0317	m0233	59.4	6.57e-98	348
m0317	m0232	59.1	1.46e-97	347
m0317	m0272	59.2	1.91e-97	347
m0317	m0134	57.1	7.26e-97	345
m0317	m0247	58.4	3.6e-96	342
m0317	m0230	60.2	5.2e-95	339
m0317	m0141	62.7	7.51e-94	335
m0317	m0062	57.3	9.81e-94	334
m0317	m0123	61.9	1.85e-92	330
m0317	m0124	55.6	7.03e-92	328
m0317	m0234	55.7	4.56e-91	325
m0317	m0131	56.4	7.77e-91	325
m0317	m0011	57.9	1.02e-90	324
m0317	m0012	55.0	1.33e-90	324
m0317	m0311	56.0	1.47e-89	320
m0317	m0109	55.7	3.27e-89	319
m0317	m0054	55.8	8.04e-88	315
m0317	m0043	56.0	1.05e-87	314
m0317	m0002	59.1	3.99e-87	312
m0317	m0063	55.3	1.52e-86	310
m0317	m0086	56.6	4.41e-86	309
m0317	m0118	52.5	1.28e-85	307
m0317	m0120	52.4	8.32e-85	305
m0317	m0090	53.0	1.85e-84	304
m0317	m0166	50.2	5.97e-83	299
m0317	m0305	49.7	1.24e-80	291
m0317	m0149	50.9	1.62e-80	290
m0317	m0155	50.3	2.77e-80	290
m0317	m0294	51.2	1.99e-78	283
m0317	m0033	50.3	2.59e-78	283
m0317	m0231	51.0	5.78e-78	282
m0317	m0268	54.8	2.87e-77	280
m0317	m0097	50.5	1.09e-76	278
m0317	m0031	49.5	2.43e-76	277
m0317	m0252	51.0	5.41e-76	275
m0317	m0084	49.1	9.23e-76	275
m0317	m0144	45.3	6.61e-74	268
m0317	m0197	48.3	6.61e-74	268
m0317	m0048	50.3	8.64e-74	268
m0317	m0069	46.1	1.13e-73	268
m0317	m0067	47.2	1.13e-73	268
m0317	m0313	47.8	3.28e-73	266
m0317	m0245	48.0	1.63e-72	264
m0317	m0249	50.5	1.63e-72	264
m0317	m0074	47.6	6.19e-72	262
m0317	m0071	47.0	8.08e-72	262
m0317	m0070	47.7	8.08e-72	262
m0317	m0101	49.8	1.8e-71	260
m0317	m0176	45.6	3.07e-71	260
m0317	m0073	45.8	5.24e-71	259
m0317	m0167	46.9	6.84e-71	258
m0317	m0314	48.0	6.84e-71	258
m0317	m0291	46.2	1.17e-70	258
m0317	m0184	46.1	1.99e-70	257
m0317	m0175	46.5	3.4e-70	256
m0317	m0036	47.0	4.43e-70	256
m0317	m0192	46.4	5.79e-70	255
m0317	m0264	49.0	1.29e-69	254
m0317	m0098	44.1	3.75e-69	253
m0317	m0066	45.4	6.4e-69	252
m0317	m0273	46.0	1.43e-68	251
m0317	m0095	46.7	1.86e-68	250
m0317	m0154	49.3	2.43e-68	250
m0317	m0079	45.1	4.15e-68	249
m0317	m0017	46.8	1.21e-67	248
m0317	m0174	48.1	3.51e-67	246
m0317	m0133	45.9	4.59e-67	246
m0317	m0267	48.6	4.59e-67	246
m0317	m0194	44.1	7.83e-67	245
m0317	m0191	48.6	1.74e-66	244
m0317	m0037	43.3	5.07e-66	242
m0317	m0065	44.3	6.63e-66	242
m0317	m0088	46.9	8.66e-66	242
m0317	m0188	46.4	1.48e-65	241
m0317	m0295	46.6	3.29e-65	240
m0317	m0238	47.9	4.3e-65	239
m0317	m0028	46.8	1.63e-64	237
m0317	m0170	46.1	1.63e-64	237
m0317	m0163	45.2	2.13e-64	237
m0317	m0138	47.6	3.64e-64	236
m0317	m0125	44.4	4.75e-64	236
m0317	m0214	46.4	4.75e-64	236
m0317	m0182	45.7	6.2e-64	235
m0317	m0248	46.3	6.2e-64	235
m0317	m0162	43.5	8.1e-64	235
m0317	m0040	46.5	1.8e-63	234
m0317	m0051	45.2	1.8e-63	234
m0317	m0169	47.0	2.36e-63	233
m0317	m0111	46.0	3.08e-63	233
m0317	m0014	43.9	4.02e-63	233
m0317	m0296	44.2	5.25e-63	232
m0317	m0178	47.3	6.86e-63	232
m0317	m0215	44.2	6.86e-63	232
m0317	m0297	47.1	1.17e-62	231
m0317	m0281	46.5	1.53e-62	231
m0317	m0130	47.0	2e-62	230
m0317	m0244	46.2	2.61e-62	230
m0317	m0104	47.0	2.61e-62	230
m0317	m0025	44.4	3.4e-62	230
m0317	m0076	50.9	4.45e-62	229
m0317	m0206	45.1	5.81e-62	229
m0317	m0093	44.2	1.29e-61	228
m0317	m0161	43.5	1.69e-61	227
m0317	m0172	43.8	1.69e-61	227
m0317	m0259	45.7	4.91e-61	226
m0317	m0183	46.0	4.91e-61	226
m0317	m0157	42.9	4.91e-61	226
m0317	m0316	43.2	6.42e-61	225
m0317	m0282	44.5	6.42e-61	225
m0317	m0159	42.3	2.44e-60	223
m0317	m0006	42.7	3.19e-60	223
m0317	m0077	44.0	3.19e-60	223
m0317	m0023	43.7	3.19e-60	223
m0317	m0047	43.6	3.19e-60	223
m0317	m0050	43.5	4.16e-60	223
m0317	m0216	43.8	7.1e-60	222
m0317	m0096	42.3	7.1e-60	222
m0317	m0113	44.7	7.1e-60	222
m0317	m0173	42.7	9.27e-60	221
m0317	m0158	42.8	9.27e-60	221
m0317	m0277	45.8	1.21e-59	221
m0317	m0237	42.7	1.21e-59	221
m0317	m0254	43.5	1.21e-59	221
m0317	m0279	44.4	2.06e-59	220
m0317	m0285	40.6	6.01e-59	219
m0317	m0227	44.3	7.85e-59	218
m0317	m0128	43.2	2.98e-58	216
m0317	m0039	46.8	2.98e-58	216
m0317	m0217	46.0	6.64e-58	215
m0317	m0243	41.5	8.68e-58	215
m0317	m0068	40.9	3.3e-57	213
m0317	m0094	42.3	4.31e-57	213
m0317	m0210	42.4	6.22e-56	209
m0317	m0283	48.0	8.12e-56	208
m0317	m0198	41.0	1.39e-55	208
m0317	m0102	41.4	1.39e-55	208
m0317	m0205	41.5	5.82e-54	202
m0317	m0165	38.6	9.93e-54	201
m0317	m0005	34.8	1.76e-42	164
m0317	m0288	34.8	2.46e-36	144
m0317	m0274	37.4	1.49e-33	134
m0317	m0160	34.0	2.54e-33	134
m0317	m0137	31.6	8.18e-32	129
m0317	m0293	29.8	4.07e-23	100
m0317	m0185	31.9	3.44e-22	97
m0317	m0202	27.5	5.87e-22	96
m0317	m0292	28.5	4.36e-17	80
m0317	m0275	24.3	4.36e-17	80
m0317	m0041	27.9	1.66e-16	78
m0317	m0228	28.5	1.31e-13	68
m0317	m0278	28.0	2.24e-13	67
m0317	m0064	26.3	2.92e-13	67
m0317	m0265	24.4	1.04e-10	59
m0317	m0266	25.0	3.02e-10	57
m0317	m0016	27.5	1.96e-09	54
m0317	m0136	25.4	5.7e-09	53
m0317	m0122	21.5	7.45e-09	52
m0317	m0219	27.4	1.27e-08	52
m0317	m0218	25.2	7.71e-06	42
m0317	m0307	24.4	1.72e-05	41
m0317	m0255	32.3	2.24e-05	41
m0317	m0177	29.8	3.82e-05	40
m0317	m0226	24.2	0.000721	36
m0317	m0099	32.5	0.00274	34
m0317	m0152	34.0	0.00611	33
m0317	m0143	24.8	0.0136	32
m0317	m0026	24.4	0.0178	31
m0317	m0022	25.3	0.0675	29
m0317	m0060	23.4	0.196	28
m0317	m0148	24.7	0.257	27
m0317	m0121	22.0	0.335	27
m0317	m0046	43.6	0.438	27
m0317	m0301	33.3	1.66	25
m0317	m0007	39.1	2.84	24
m0316	m0157	89.7	5.71e-250	854
m0316	m0096	89.9	5e-246	841
m0316	m0047	88.4	1.04e-243	833
m0316	m0254	87.5	3.71e-241	825
m0316	m0216	87.6	7e-240	820
m0316	m0006	84.8	1.9e-237	812
m0316	m0050	85.2	1.9e-237	812
m0316	m0206	85.2	3.59e-236	808
m0316	m0161	82.8	1.05e-235	807
m0316	m0093	83.3	9.78e-234	800
m0316	m0014	82.7	1.28e-233	800
m0316	m0023	80.5	1.2e-223	767
m0316	m0215	83.8	5.78e-210	721
m0316	m0039	65.2	5.66e-165	572
m0316	m0217	63.1	1.18e-154	537
m0316	m0227	61.1	1.71e-153	533
m0316	m0111	74.4	2.82e-148	516
m0316	m0138	57.7	2.39e-147	513
m0316	m0277	54.8	5.33e-139	485
m0316	m0238	57.7	4.99e-137	479
m0316	m0113	57.3	5.52e-136	475
m0316	m0158	53.2	7.46e-133	465
m0316	m0178	54.7	6.32e-132	462
m0316	m0282	54.8	9.12e-131	458
m0316	m0094	53.2	1.19e-130	458
m0316	m0198	53.8	1.56e-130	457
m0316	m0172	52.7	5.91e-130	455
m0316	m0244	53.1	6.54e-129	452
m0316	m0295	51.4	8.54e-129	451
m0316	m0025	51.2	6.12e-127	445
m0316	m0154	51.9	7.99e-127	445
m0316	m0259	66.3	1.32e-121	428
m0316	m0183	56.9	1.72e-121	427
m0316	m0163	52.3	1.24e-119	421
m0316	m0248	55.4	3.97e-118	416
m0316	m0130	63.5	4.71e-111	393
m0316	m0281	52.6	8.03e-111	392
m0316	m0279	54.8	3.05e-110	390
m0316	m0173	59.5	5.2e-110	389
m0316	m0188	50.3	8.87e-110	388
m0316	m0169	53.8	3.37e-109	386
m0316	m0174	58.3	4.4e-109	386
m0316	m0296	65.0	7.51e-109	385
m0316	m0125	52.7	1.67e-108	384
m0316	m0068	50.4	4.56e-106	376
m0316	m0214	58.9	1.73e-105	374
m0316	m0088	62.3	1.91e-104	371
m0316	m0182	57.8	1.98e-101	361
m0316	m0237	55.7	4.41e-101	359
m0316	m0133	60.1	9.83e-101	358
m0316	m0076	67.7	6.37e-100	356
m0316	m0267	59.6	2.27e-97	347
m0316	m0017	57.0	4.42e-93	333
m0316	m0205	54.1	6.61e-89	319
m0316	m0297	46.5	8.08e-87	312
m0316	m0123	56.4	2.78e-79	287
m0316	m0299	54.7	1.06e-78	285
m0316	m0103	50.2	8.96e-78	282
m0316	m0235	51.9	1.21e-74	272
m0316	m0131	51.2	4.6e-74	270
m0316	m0232	47.3	6.01e-74	269
m0316	m0234	52.3	1.34e-73	268
m0316	m0155	51.0	2.28e-73	267
m0316	m0001	50.7	3.89e-73	267
m0316	m0233	48.2	8.68e-73	265
m0316	m0086	51.4	1.13e-72	265
m0316	m0193	47.1	9.59e-72	262
m0316	m0306	49.4	9.59e-72	262
m0316	m0272	47.4	2.79e-71	260
m0316	m0247	48.0	6.22e-71	259
m0316	m0097	50.2	1.81e-70	258
m0316	m0141	50.8	1.81e-70	258
m0316	m0230	46.4	8.98e-70	255
m0316	m0134	48.7	1.17e-69	255
m0316	m0229	51.0	9.93e-69	252
m0316	m0033	49.1	1.3e-68	252
m0316	m0262	44.4	2.89e-68	250
m0316	m0166	46.7	1.1e-67	248
m0316	m0069	48.1	1.87e-67	248
m0316	m0197	46.2	3.19e-67	247
m0316	m0048	46.7	5.45e-67	246
m0316	m0062	45.0	7.11e-67	246
m0316	m0011	49.1	7.11e-67	246
m0316	m0070	47.5	2.07e-66	244
m0316	m0231	46.1	3.53e-66	243
m0316	m0002	48.1	4.61e-66	243
m0316	m0192	48.4	1.75e-65	241
m0316	m0073	46.3	2.99e-65	240
m0316	m0311	47.7	3.9e-65	240
m0316	m0084	45.5	1.14e-64	238
m0316	m0012	46.6	3.3e-64	237
m0316	m0268	48.1	5.64e-64	236
m0316	m0168	45.0	2.8e-63	234
m0316	m0305	45.0	3.65e-63	233
m0316	m0273	46.0	1.39e-62	231
m0316	m0045	46.3	1.81e-62	231
m0316	m0054	45.1	1.81e-62	231
m0316	m0098	44.8	3.09e-62	230
m0316	m0187	47.3	3.09e-62	230
m0316	m0083	43.7	4.04e-62	230
m0316	m0043	48.6	5.28e-62	230
m0316	m0124	43.9	2.89e-60	224
m0316	m0245	45.8	2.89e-60	224
m0316	m0149	42.9	3.78e-60	223
m0316	m0144	41.8	5.46e-59	220
m0316	m0063	46.9	5.46e-59	220
m0316	m0252	44.7	1.22e-58	218
m0316	m0294	45.5	2.07e-58	218
m0316	m0109	43.8	2.07e-58	218
m0316	m0118	44.4	2.54e-56	211
m0316	m0090	43.0	3.31e-56	210
m0316	m0066	41.5	1.07e-54	205
m0316	m0120	42.1	6.91e-54	203
m0316	m0031	43.6	1.54e-53	201
m0316	m0074	43.0	8.44e-52	196
m0316	m0313	40.4	5.47e-51	193
m0316	m0184	41.6	2.72e-50	191
m0316	m0101	41.8	3.55e-50	190
m0316	m0040	42.4	1.03e-49	189
m0316	m0264	39.5	5.12e-49	186
m0316	m0291	39.5	6.69e-49	186
m0316	m0067	39.0	6.69e-49	186
m0316	m0104	44.4	8.74e-49	186
m0316	m0191	40.4	1.49e-48	185
m0316	m0194	40.0	2.54e-48	184
m0316	m0079	38.9	3.32e-48	184
m0316	m0102	39.0	3.32e-48	184
m0316	m0210	40.1	3.32e-48	184
m0316	m0065	39.5	9.66e-48	182
m0316	m0175	39.4	9.66e-48	182
m0316	m0176	38.3	2.15e-47	181
m0316	m0071	40.2	3.67e-47	180
m0316	m0314	40.4	6.26e-47	179
m0316	m0077	40.8	6.26e-47	179
m0316	m0036	39.4	1.07e-46	179
m0316	m0037	39.3	4.06e-46	177
m0316	m0167	37.9	4.06e-46	177
m0316	m0162	39.3	9.04e-46	176
m0316	m0095	37.0	1.18e-45	175
m0316	m0285	39.3	1.54e-45	175
m0316	m0249	39.5	5.86e-45	173
m0316	m0283	40.9	2.23e-44	171
m0316	m0028	39.5	4.96e-44	170
m0316	m0159	37.3	8.46e-44	169
m0316	m0243	35.3	4.2e-43	167
m0316	m0128	38.8	5.48e-43	166
m0316	m0170	36.6	5.48e-43	166
m0316	m0051	37.8	7.16e-43	166
m0316	m0005	35.8	3.11e-38	151
m0316	m0165	38.8	4.07e-38	150
m0316	m0274	32.5	1.89e-35	141
m0316	m0288	29.9	2.92e-28	117
m0316	m0137	30.0	1.45e-27	115
m0316	m0160	30.3	1.6e-26	112
m0316	m0202	27.7	4.09e-22	97
m0316	m0185	30.7	2.93e-20	91
m0316	m0278	31.7	5.17e-17	80
m0316	m0293	26.3	3.35e-16	77
m0316	m0275	28.1	6.32e-15	73
m0316	m0228	32.9	8.25e-15	73
m0316	m0292	27.9	2.65e-13	68
m0316	m0265	25.0	1.01e-12	66
m0316	m0041	26.7	2.25e-12	65
m0316	m0266	28.6	3.25e-11	61
m0316	m0064	31.5	6.12e-10	57
m0316	m0122	23.2	1.78e-09	55
m0316	m0307	23.9	0.000856	36
m0316	m0219	22.7	0.00112	36
m0316	m0143	23.9	0.00249	35
m0316	m0016	24.4	0.0124	32
m0316	m0099	23.9	0.036	31
m0316	m0177	27.4	0.036	31
m0316	m0026	23.0	0.0801	30
m0316	m0089	25.8	0.105	29
m0316	m0279	21.2	0.105	29
m0316	m0004	29.9	0.105	29
m0316	m0099	32.1	0.137	29
m0316	m0255	24.5	0.137	29
m0316	m0146	27.0	0.178	28
m0316	m0148	59.1	0.886	26
m0316	m0056	37.2	0.886	26
m0316	m0239	26.9	1.16	26
m0316	m0034	25.4	5.74	23
m0316	m0061	27.3	9.79	23
m0315	m0228	26.0	1.9	25
m0315	m0042	31.1	3.23	24
m0315	m0304	37.8	5.52	23
m0315	m0196	33.3	7.2	23
m0315	m0278	35.5	9.41	22
m0314	m0079	86.4	7.7e-146	507
m0314	m0175	84.2	1.04e-142	497
m0314	m0167	85.3	9.73e-141	490
m0314	m0184	84.6	9.73e-141	490
m0314	m0194	79.9	1.61e-135	473
m0314	m0249	69.6	3.15e-115	406
m0314	m0036	67.8	1.46e-112	397
m0314	m0028	58.7	9.85e-101	357
m0314	m0067	59.8	3.87e-97	346
m0314	m0313	57.9	3.28e-96	342
m0314	m0176	57.4	7.07e-91	325
m0314	m0037	56.9	7.07e-91	325
m0314	m0291	55.6	4.59e-90	322
m0314	m0065	55.5	1.48e-88	317
m0314	m0095	56.2	1.63e-87	314
m0314	m0144	54.5	1.69e-84	304
m0314	m0101	54.7	3.18e-83	299
m0314	m0245	50.2	8.67e-81	291
m0314	m0264	52.6	2e-77	280
m0314	m0191	52.6	7.59e-77	278
m0314	m0077	54.9	1.87e-75	273
m0314	m0031	47.5	4.77e-71	259
m0314	m0045	46.7	1.81e-70	257
m0314	m0306	49.6	6.88e-70	255
m0314	m0074	48.1	8.99e-70	255
m0314	m0193	48.2	2.62e-69	253
m0314	m0187	48.5	4.46e-69	252
m0314	m0001	47.8	5.83e-69	252
m0314	m0120	48.9	2.21e-68	250
m0314	m0165	48.7	3.78e-68	249
m0314	m0109	48.0	3.78e-68	249
m0314	m0299	49.3	4.93e-68	249
m0314	m0083	46.4	8.41e-68	248
m0314	m0272	46.2	8.41e-68	248
m0314	m0268	46.2	2.45e-67	247
m0314	m0233	46.6	3.2e-67	246
m0314	m0168	45.4	3.2e-67	246
m0314	m0232	46.6	9.3e-67	245
m0314	m0235	49.5	1.22e-66	244
m0314	m0229	47.3	1.22e-66	244
m0314	m0131	46.7	2.07e-66	243
m0314	m0230	46.2	6.03e-66	242
m0314	m0166	45.8	7.88e-66	242
m0314	m0247	46.8	1.03e-65	241
m0314	m0124	47.2	1.34e-65	241
m0314	m0262	46.8	2.29e-65	240
m0314	m0103	46.9	3.91e-65	239
m0314	m0012	46.2	1.14e-64	238
m0314	m0063	47.1	1.49e-64	237
m0314	m0043	45.6	1.49e-64	237
m0314	m0002	46.2	1.49e-64	237
m0314	m0155	46.5	5.64e-64	235
m0314	m0234	45.7	2.14e-63	233
m0314	m0086	45.2	1.06e-62	231
m0314	m0011	45.6	1.39e-62	231
m0314	m0141	45.3	1.82e-62	230
m0314	m0062	45.7	1.82e-62	230
m0314	m0123	45.2	9.01e-62	228
m0314	m0134	43.6	1.54e-61	227
m0314	m0197	46.0	1.3e-60	224
m0314	m0149	44.5	8.43e-60	221
m0314	m0084	42.6	1.88e-59	220
m0314	m0069	41.5	2.71e-58	216
m0314	m0054	43.1	3.54e-58	216
m0314	m0090	40.9	4.63e-58	216
m0314	m0048	44.7	2.3e-57	213
m0314	m0071	45.7	3.92e-57	213
m0314	m0311	42.9	3.32e-56	210
m0314	m0097	45.1	1.26e-55	208
m0314	m0231	42.5	1.26e-55	208
m0314	m0033	40.4	1.26e-55	208
m0314	m0066	43.7	4.79e-55	206
m0314	m0070	41.1	8.17e-55	205
m0314	m0192	39.5	1.07e-54	205
m0314	m0305	43.1	1.39e-54	204
m0314	m0073	40.5	4.05e-54	203
m0314	m0294	39.8	4.48e-53	199
m0314	m0118	42.1	1.7e-52	197
m0314	m0273	42.4	2.22e-52	197
m0314	m0252	38.2	4.96e-52	196
m0314	m0098	38.9	1.88e-51	194
m0314	m0158	41.9	2.46e-51	193
m0314	m0243	37.9	5.48e-51	192
m0314	m0198	41.3	1.35e-49	188
m0314	m0017	40.1	3.01e-49	186
m0314	m0283	39.5	1.95e-48	184
m0314	m0267	40.6	2.55e-48	183
m0314	m0125	40.4	5.67e-48	182
m0314	m0296	40.7	7.41e-48	182
m0314	m0170	38.9	2.15e-47	180
m0314	m0133	40.9	2.15e-47	180
m0314	m0051	38.1	2.81e-47	180
m0314	m0182	40.3	3.68e-47	179
m0314	m0162	37.1	3.68e-47	179
m0314	m0178	39.5	6.27e-47	179
m0314	m0111	38.8	1.07e-46	178
m0314	m0214	40.4	1.82e-46	177
m0314	m0040	38.2	2.38e-46	177
m0314	m0206	40.1	2.38e-46	177
m0314	m0005	36.0	4.06e-46	176
m0314	m0282	36.9	4.06e-46	176
m0314	m0104	38.0	6.93e-46	175
m0314	m0025	39.0	6.93e-46	175
m0314	m0157	38.8	2.02e-45	174
m0314	m0113	38.4	3.44e-45	173
m0314	m0006	38.8	3.44e-45	173
m0314	m0244	39.4	3.44e-45	173
m0314	m0014	39.0	3.44e-45	173
m0314	m0096	39.9	4.49e-45	173
m0314	m0188	36.9	4.49e-45	173
m0314	m0248	38.8	4.49e-45	173
m0314	m0281	38.7	4.49e-45	173
m0314	m0047	39.0	7.66e-45	172
m0314	m0093	39.1	7.66e-45	172
m0314	m0154	36.8	1e-44	171
m0314	m0216	38.8	1e-44	171
m0314	m0254	38.8	1.31e-44	171
m0314	m0161	38.6	1.31e-44	171
m0314	m0169	38.6	1.31e-44	171
m0314	m0279	38.0	1.71e-44	171
m0314	m0023	37.8	1.71e-44	171
m0314	m0159	36.0	1.71e-44	171
m0314	m0215	39.4	1.71e-44	171
m0314	m0068	37.6	2.23e-44	170
m0314	m0295	40.1	3.8e-44	169
m0314	m0172	37.9	3.8e-44	169
m0314	m0210	37.8	4.97e-44	169
m0314	m0088	38.6	6.49e-44	169
m0314	m0297	37.8	8.47e-44	168
m0314	m0050	37.3	8.47e-44	168
m0314	m0163	37.2	1.11e-43	168
m0314	m0173	38.3	1.11e-43	168
m0314	m0130	39.3	1.45e-43	168
m0314	m0238	37.3	1.45e-43	168
m0314	m0128	36.9	1.89e-43	167
m0314	m0259	38.1	2.47e-43	167
m0314	m0285	35.4	3.22e-43	166
m0314	m0227	40.5	3.22e-43	166
m0314	m0138	39.3	3.22e-43	166
m0314	m0277	35.8	7.17e-43	165
m0314	m0102	35.5	1.22e-42	164
m0314	m0076	39.1	1.6e-42	164
m0314	m0183	37.4	2.73e-42	163
m0314	m0174	35.8	3.56e-42	163
m0314	m0039	38.9	4.65e-42	163
m0314	m0094	36.4	7.93e-42	162
m0314	m0217	39.0	3.01e-41	160
m0314	m0237	36.7	5.14e-41	159
m0314	m0274	35.9	1.5e-40	158
m0314	m0205	37.2	4.35e-40	156
m0314	m0288	31.2	4.66e-34	136
m0314	m0160	31.7	8.79e-33	132
m0314	m0137	31.6	4.36e-32	129
m0314	m0202	28.1	5.71e-24	102
m0314	m0293	28.4	5e-20	89
m0314	m0185	30.1	7.99e-18	82
m0314	m0041	26.6	1.08e-14	72
m0314	m0292	25.9	4.53e-13	66
m0314	m0228	24.7	1.32e-12	65
m0314	m0275	25.4	2.94e-12	64
m0314	m0278	29.0	6.55e-12	62
m0314	m0064	30.6	1.51e-08	51
m0314	m0219	27.5	7.01e-06	42
m0314	m0218	24.2	0.000226	37
m0314	m0016	24.6	0.00948	32
m0314	m0053	23.3	0.137	28
m0314	m0177	26.2	0.137	28
m0314	m0035	21.8	5.75	23
m0313	m0067	85.8	4.81e-157	545
m0313	m0291	76.8	7.22e-137	478
m0313	m0176	74.4	2.74e-136	476
m0313	m0065	72.1	1.91e-129	453
m0313	m0095	72.8	4.39e-126	442
m0313	m0037	65.9	3.85e-122	429
m0313	m0036	56.6	1.2e-99	354
m0313	m0249	57.0	2.97e-98	349
m0313	m0184	54.5	1.47e-97	347
m0313	m0194	53.8	1.25e-96	344
m0313	m0079	53.5	1.38e-95	341
m0313	m0167	53.0	1.52e-94	337
m0313	m0175	53.2	2.6e-94	336
m0313	m0028	54.3	1.33e-90	324
m0313	m0144	53.5	2.44e-84	303
m0313	m0245	49.3	6.64e-82	295
m0313	m0101	50.7	9.59e-81	291
m0313	m0031	50.9	9.92e-78	281
m0313	m0233	50.3	2.44e-76	277
m0313	m0230	49.1	5.44e-76	275
m0313	m0264	49.7	1.34e-74	271
m0313	m0272	48.5	3.9e-74	269
m0313	m0074	49.4	6.66e-74	268
m0313	m0045	49.1	1.48e-73	267
m0313	m0193	48.6	1.48e-73	267
m0313	m0124	48.2	1.94e-73	267
m0313	m0083	47.6	4.31e-73	266
m0313	m0001	46.8	3.65e-72	263
m0313	m0299	48.3	6.23e-72	262
m0313	m0262	48.9	8.14e-72	262
m0313	m0247	46.3	1.39e-71	261
m0313	m0306	46.6	1.81e-71	260
m0313	m0187	50.0	2.37e-71	260
m0313	m0109	50.9	6.89e-71	258
m0313	m0168	47.2	6.89e-71	258
m0313	m0002	50.6	1.53e-70	257
m0313	m0103	46.6	2e-70	257
m0313	m0077	48.9	2e-70	257
m0313	m0062	44.3	2.62e-70	257
m0313	m0229	48.5	4.46e-70	256
m0313	m0011	46.2	4.46e-70	256
m0313	m0232	45.1	1.7e-69	254
m0313	m0131	46.0	1.7e-69	254
m0313	m0191	53.3	1.7e-69	254
m0313	m0123	47.6	4.94e-69	252
m0313	m0012	45.2	6.45e-69	252
m0313	m0268	47.7	3.2e-68	250
m0313	m0120	46.6	7.13e-68	248
m0313	m0043	46.6	9.31e-68	248
m0313	m0231	44.5	2.71e-67	247
m0313	m0235	46.6	6.03e-67	245
m0313	m0234	46.4	7.88e-67	245
m0313	m0141	47.6	1.34e-66	244
m0313	m0166	43.3	1.49e-65	241
m0313	m0063	45.9	5.65e-65	239
m0313	m0086	45.4	9.63e-65	238
m0313	m0134	41.8	1.82e-63	234
m0313	m0165	42.6	5.29e-63	232
m0313	m0311	43.4	5.29e-63	232
m0313	m0155	44.3	6.9e-63	232
m0313	m0054	42.4	2.62e-62	230
m0313	m0149	44.3	9.97e-62	228
m0313	m0252	43.2	4.95e-61	226
m0313	m0097	43.1	8.44e-61	225
m0313	m0197	42.6	1.88e-60	224
m0313	m0069	42.9	3.21e-60	223
m0313	m0048	43.3	4.19e-60	223
m0313	m0033	41.8	1.03e-58	218
m0313	m0066	43.0	1.49e-57	214
m0313	m0294	42.7	1.49e-57	214
m0313	m0192	41.9	1.95e-57	214
m0313	m0084	40.9	9.66e-57	211
m0313	m0273	43.5	1.65e-56	211
m0313	m0090	40.0	1.65e-56	211
m0313	m0158	42.4	2.15e-56	210
m0313	m0098	41.4	4.79e-56	209
m0313	m0305	41.0	6.26e-56	209
m0313	m0182	42.4	1.39e-55	208
m0313	m0073	41.8	1.54e-54	204
m0313	m0071	42.6	2.01e-54	204
m0313	m0243	39.3	1.7e-53	201
m0313	m0198	40.6	1.1e-52	198
m0313	m0162	41.2	3.21e-52	196
m0313	m0282	39.5	4.2e-52	196
m0313	m0051	40.8	4.2e-52	196
m0313	m0070	41.5	4.2e-52	196
m0313	m0040	39.3	4.2e-52	196
m0313	m0104	42.0	9.35e-52	195
m0313	m0118	38.2	1.6e-51	194
m0313	m0014	41.4	2.08e-51	194
m0313	m0296	40.7	2.72e-51	193
m0313	m0283	43.5	2.72e-51	193
m0313	m0111	40.9	2.72e-51	193
m0313	m0006	41.2	4.64e-51	193
m0313	m0023	41.4	4.64e-51	193
m0313	m0096	40.5	7.92e-51	192
m0313	m0161	42.6	7.92e-51	192
m0313	m0254	40.7	1.03e-50	191
m0313	m0206	41.5	1.76e-50	191
m0313	m0125	40.4	3.01e-50	190
m0313	m0157	39.9	5.13e-50	189
m0313	m0088	40.3	8.75e-50	188
m0313	m0170	39.1	8.75e-50	188
m0313	m0133	40.0	8.75e-50	188
m0313	m0017	39.2	8.75e-50	188
m0313	m0159	36.8	1.14e-49	188
m0313	m0050	39.6	1.14e-49	188
m0313	m0267	39.7	1.14e-49	188
m0313	m0216	39.6	1.95e-49	187
m0313	m0093	39.4	1.95e-49	187
m0313	m0113	40.4	1.95e-49	187
m0313	m0277	38.9	5.67e-49	186
m0313	m0214	38.9	5.67e-49	186
m0313	m0094	38.6	1.26e-48	184
m0313	m0297	39.8	1.26e-48	184
m0313	m0163	38.5	1.26e-48	184
m0313	m0285	37.5	1.26e-48	184
m0313	m0068	39.1	1.26e-48	184
m0313	m0102	41.7	2.16e-48	184
m0313	m0047	39.9	2.16e-48	184
m0313	m0173	38.5	2.82e-48	183
m0313	m0188	38.0	2.82e-48	183
m0313	m0178	42.0	6.27e-48	182
m0313	m0005	39.2	6.27e-48	182
m0313	m0215	39.9	1.07e-47	181
m0313	m0210	39.8	1.07e-47	181
m0313	m0281	39.4	2.38e-47	180
m0313	m0259	39.8	4.07e-47	179
m0313	m0248	38.1	5.31e-47	179
m0313	m0237	38.2	6.94e-47	179
m0313	m0183	40.8	9.06e-47	178
m0313	m0130	39.4	2.02e-46	177
m0313	m0279	37.7	2.64e-46	177
m0313	m0174	38.0	3.44e-46	176
m0313	m0076	41.9	3.44e-46	176
m0313	m0128	41.0	4.5e-46	176
m0313	m0205	40.0	4.5e-46	176
m0313	m0169	39.5	4.5e-46	176
m0313	m0238	38.1	5.87e-46	176
m0313	m0244	37.6	5.87e-46	176
m0313	m0172	38.0	5.87e-46	176
m0313	m0295	37.5	7.67e-46	175
m0313	m0039	38.4	1e-45	175
m0313	m0138	38.5	1e-45	175
m0313	m0227	38.8	4.97e-45	173
m0313	m0154	36.7	4.97e-45	173
m0313	m0217	39.8	2.47e-44	170
m0313	m0274	36.5	9.37e-44	168
m0313	m0025	36.4	1.22e-43	168
m0313	m0137	32.0	2.02e-38	151
m0313	m0160	32.7	1.45e-36	144
m0313	m0288	29.9	8.79e-34	135
m0313	m0202	30.7	1.15e-25	108
m0313	m0293	27.9	2.17e-24	104
m0313	m0185	28.7	1.9e-20	91
m0313	m0228	29.1	1.61e-19	88
m0313	m0292	26.9	1.15e-17	82
m0313	m0266	31.1	5.36e-15	73
m0313	m0275	23.8	2.66e-14	70
m0313	m0041	25.4	3.84e-13	67
m0313	m0219	34.8	1.24e-11	62
m0313	m0064	24.0	1.85e-07	48
m0313	m0016	27.6	1.85e-07	48
m0313	m0218	24.0	1.73e-05	41
m0313	m0177	27.1	6.57e-05	39
m0313	m0026	23.0	0.052	30
m0313	m0152	31.3	0.068	29
m0313	m0310	20.5	0.337	27
m0313	m0129	28.6	1.28	25
m0313	m0046	30.6	2.19	24
m0313	m0027	20.0	2.19	24
m0313	m0143	22.0	6.36	23
m0312	m0310	60.9	1.52e-91	327
m0312	m0015	43.6	1.52e-75	274
m0312	m0107	34.1	7.87e-48	182
m0312	m0089	34.4	9.62e-46	175
m0312	m0060	24.3	0.0132	32
m0312	m0219	22.7	0.111	29
m0312	m0108	23.0	0.111	29
m0312	m0043	29.9	0.423	27
m0312	m0063	26.2	0.722	26
m0312	m0016	35.7	1.23	25
m0312	m0112	23.1	1.61	25
m0312	m0102	23.8	1.61	25
m0312	m0183	24.8	2.1	25
m0312	m0022	22.9	3.58	24
m0311	m0001	62.0	1.17e-105	374
m0311	m0306	65.9	2e-105	373
m0311	m0230	64.6	5.45e-103	365
m0311	m0247	61.3	1.03e-101	361
m0311	m0193	58.6	2.29e-101	360
m0311	m0233	59.3	5.1e-101	359
m0311	m0168	62.1	4.32e-100	356
m0311	m0272	58.6	4.32e-100	356
m0311	m0011	65.9	4.04e-98	349
m0311	m0123	65.6	6.89e-98	348
m0311	m0229	63.2	2.9e-96	343
m0311	m0299	58.1	6.45e-96	342
m0311	m0103	57.2	6.45e-96	342
m0311	m0234	58.4	6.45e-96	342
m0311	m0131	59.2	5.46e-95	339
m0311	m0232	57.2	1.35e-93	334
m0311	m0134	54.3	1.76e-93	334
m0311	m0235	59.0	1.76e-93	334
m0311	m0166	55.0	3e-93	333
m0311	m0062	56.8	3e-93	333
m0311	m0141	62.2	1.49e-92	330
m0311	m0054	56.6	1.26e-91	327
m0311	m0124	57.0	4.48e-89	319
m0311	m0002	61.2	1.3e-88	317
m0311	m0045	57.2	3.79e-88	316
m0311	m0155	55.2	4.95e-88	315
m0311	m0012	55.2	6.47e-88	315
m0311	m0083	57.5	6.47e-88	315
m0311	m0305	54.9	1.44e-87	314
m0311	m0187	58.9	4.19e-87	312
m0311	m0262	52.8	2.72e-86	310
m0311	m0090	55.7	6.05e-86	309
m0311	m0294	57.9	6.69e-85	305
m0311	m0231	50.5	1.49e-84	304
m0311	m0268	57.8	9.66e-84	301
m0311	m0197	48.9	2.15e-83	300
m0311	m0043	55.6	3.67e-83	299
m0311	m0086	56.3	6.26e-83	299
m0311	m0063	53.5	8.18e-83	298
m0311	m0069	49.5	9.05e-82	295
m0311	m0109	51.6	2.09e-78	283
m0311	m0118	51.8	2.72e-78	283
m0311	m0097	51.4	2.72e-78	283
m0311	m0149	49.8	7.92e-78	282
m0311	m0273	52.8	8.76e-77	278
m0311	m0192	49.0	1.95e-76	277
m0311	m0120	49.8	1.27e-75	274
m0311	m0252	50.0	2.16e-75	273
m0311	m0048	48.9	2.82e-75	273
m0311	m0084	48.6	4.81e-75	272
m0311	m0245	49.5	4.81e-75	272
m0311	m0033	49.3	1.83e-74	270
m0311	m0144	49.5	1.18e-73	268
m0311	m0031	46.9	1.31e-72	264
m0311	m0098	45.3	1.71e-72	264
m0311	m0267	52.7	1.71e-72	264
m0311	m0238	50.2	4.98e-72	262
m0311	m0297	51.2	3.22e-71	260
m0311	m0111	48.8	9.38e-71	258
m0311	m0125	52.2	9.38e-71	258
m0311	m0154	49.5	2.09e-70	257
m0311	m0188	47.8	2.73e-70	257
m0311	m0133	48.9	6.08e-70	255
m0311	m0101	47.0	6.08e-70	255
m0311	m0073	43.5	7.94e-70	255
m0311	m0282	48.3	1.04e-69	255
m0311	m0295	46.1	1.04e-69	255
m0311	m0169	47.7	1.77e-69	254
m0311	m0088	47.2	2.31e-69	253
m0311	m0174	48.1	3.02e-69	253
m0311	m0017	47.8	3.02e-69	253
m0311	m0163	45.6	5.15e-69	252
m0311	m0264	47.9	1.5e-68	251
m0311	m0070	46.0	1.96e-68	250
m0311	m0182	47.6	2.56e-68	250
m0311	m0023	47.9	4.36e-68	249
m0311	m0259	50.0	5.69e-68	249
m0311	m0277	46.0	7.43e-68	248
m0311	m0040	46.8	9.71e-68	248
m0311	m0104	48.1	3.69e-67	246
m0311	m0244	48.8	8.22e-67	245
m0311	m0130	49.8	1.4e-66	244
m0311	m0138	47.7	1.4e-66	244
m0311	m0281	48.4	1.4e-66	244
m0311	m0296	46.5	2.39e-66	243
m0311	m0237	47.4	3.12e-66	243
m0311	m0162	45.4	3.12e-66	243
m0311	m0036	46.0	3.12e-66	243
m0311	m0183	50.0	3.12e-66	243
m0311	m0096	46.0	3.12e-66	243
m0311	m0254	46.3	4.08e-66	243
m0311	m0248	47.6	5.33e-66	242
m0311	m0102	46.0	6.96e-66	242
m0311	m0178	50.6	9.09e-66	242
m0311	m0094	45.8	9.09e-66	242
m0311	m0014	45.8	9.09e-66	242
m0311	m0076	51.7	9.09e-66	242
m0311	m0074	46.0	1.55e-65	241
m0311	m0215	44.9	2.02e-65	240
m0311	m0006	45.2	4.51e-65	239
m0311	m0217	49.6	4.51e-65	239
m0311	m0093	45.5	7.69e-65	238
m0311	m0025	45.8	1.31e-64	238
m0311	m0047	45.1	1.71e-64	237
m0311	m0216	44.5	1.71e-64	237
m0311	m0206	49.3	2.92e-64	236
m0311	m0172	47.4	2.92e-64	236
m0311	m0249	46.1	2.92e-64	236
m0311	m0113	49.1	3.82e-64	236
m0311	m0161	44.8	3.82e-64	236
m0311	m0050	43.6	8.51e-64	235
m0311	m0291	43.2	1.11e-63	235
m0311	m0214	47.4	1.11e-63	235
m0311	m0173	46.2	1.11e-63	235
m0311	m0071	47.7	1.11e-63	235
m0311	m0157	46.1	1.45e-63	234
m0311	m0077	48.4	1.89e-63	234
m0311	m0158	46.7	3.23e-63	233
m0311	m0227	47.5	5.51e-63	232
m0311	m0039	51.9	7.2e-63	232
m0311	m0191	48.4	2.1e-62	230
m0311	m0051	45.7	3.57e-62	230
m0311	m0068	44.5	4.67e-62	229
m0311	m0198	45.3	4.67e-62	229
m0311	m0067	42.0	6.1e-62	229
m0311	m0066	44.8	7.96e-62	228
m0311	m0279	43.2	3.95e-61	226
m0311	m0243	46.1	5.16e-61	226
m0311	m0065	41.5	8.8e-61	225
m0311	m0095	41.3	2.56e-60	223
m0311	m0170	44.1	2.56e-60	223
m0311	m0159	43.4	2.56e-60	223
m0311	m0176	41.0	4.37e-60	223
m0311	m0285	44.5	4.37e-60	223
m0311	m0175	40.9	2.17e-59	220
m0311	m0184	39.9	3.7e-59	220
m0311	m0037	42.2	3.13e-58	216
m0311	m0167	39.9	6.97e-58	215
m0311	m0210	43.6	1.19e-57	215
m0311	m0128	46.2	2.03e-57	214
m0311	m0194	41.0	2.03e-57	214
m0311	m0079	41.7	5e-56	209
m0311	m0205	42.7	3.24e-55	206
m0311	m0283	47.5	1.36e-53	201
m0311	m0028	42.6	1.5e-52	198
m0311	m0005	41.0	5.92e-49	186
m0311	m0165	36.1	6.54e-48	182
m0311	m0288	34.2	2.58e-36	144
m0311	m0274	33.9	5.75e-36	143
m0311	m0160	32.6	1.12e-31	128
m0311	m0137	31.6	5.56e-31	126
m0311	m0202	28.1	2.5e-23	101
m0311	m0293	29.3	2.59e-20	91
m0311	m0041	30.8	4.14e-18	83
m0311	m0278	30.4	5.97e-17	79
m0311	m0228	29.4	3.87e-16	77
m0311	m0185	24.6	8.63e-16	75
m0311	m0292	28.4	3.62e-14	70
m0311	m0064	28.9	8.93e-13	65
m0311	m0275	22.4	1.52e-12	65
m0311	m0266	27.5	1.99e-12	64
m0311	m0122	22.9	1.42e-10	58
m0311	m0265	25.6	4.29e-07	47
m0311	m0136	28.1	9.56e-07	45
m0311	m0219	26.5	1.25e-06	45
m0311	m0016	28.8	8.09e-06	42
m0311	m0255	26.2	0.00034	37
m0311	m0219	30.0	0.000444	37
m0311	m0218	27.5	0.00058	36
m0311	m0307	23.3	0.000989	35
m0311	m0060	22.1	0.0187	31
m0311	m0196	28.7	0.0244	31
m0311	m0152	36.4	0.0416	30
m0311	m0177	29.8	0.0416	30
m0311	m0023	24.6	0.352	27
m0311	m0130	26.4	0.459	27
m0311	m0163	25.8	0.6	26
m0311	m0144	24.1	0.6	26
m0311	m0068	25.8	0.6	26
m0311	m0143	27.9	1.02	25
m0311	m0259	26.0	2.28	24
m0311	m0108	32.6	3.89	23
m0311	m0281	21.8	6.63	23
m0311	m0142	26.1	8.67	22
m0311	m0032	30.2	8.67	22
m0310	m0015	49.1	4.12e-67	246
m0310	m0107	37.4	1.06e-38	151
m0310	m0089	37.7	2.35e-38	150
m0310	m0180	29.3	0.3	27
m0310	m0082	25.7	0.392	27
m0310	m0214	37.1	5.67	23
m0310	m0130	32.4	9.66	22
m0309	m0298	25.7	2e-20	91
m0309	m0032	26.9	7.85e-17	79
m0309	m0195	40.0	0.0418	30
m0308	m0271	39.5	2.12e-82	297
m0308	m0189	39.5	1.42e-78	285
m0308	m0224	36.8	3.76e-63	233
m0308	m0150	31.0	3.9e-52	197
m0308	m0059	31.2	1.3e-47	182
m0308	m0263	40.2	5.65e-43	166
m0308	m0027	29.5	1.7e-39	155
m0308	m0302	29.0	1.88e-38	151
m0308	m0139	29.2	1.59e-37	148
m0308	m0150	34.4	5.66e-35	140
m0308	m0240	27.4	1.31e-31	129
m0308	m0115	32.6	9.68e-27	112
m0308	m0263	28.4	1.55e-24	105
m0308	m0008	26.6	1.71e-23	102
m0308	m0145	34.1	8.48e-23	99
m0308	m0018	31.7	9.38e-22	96
m0308	m0200	26.8	1e-15	76
m0308	m0018	29.6	7.71e-08	50
m0308	m0145	33.0	6.52e-07	47
m0308	m0180	29.4	0.141	29
m0308	m0075	37.3	0.184	28
m0308	m0088	29.7	0.535	27
m0308	m0090	28.7	0.913	26
m0308	m0136	24.0	1.19	26
m0308	m0112	26.6	5.91	23
m0307	m0218	30.4	5.42e-13	66
m0307	m0149	23.2	3.88e-11	60
m0307	m0016	23.3	1.47e-10	58
m0307	m0275	28.6	1.93e-10	58
m0307	m0102	24.1	5.6e-10	56
m0307	m0084	24.6	1.06e-08	52
m0307	m0252	22.5	1.38e-08	52
m0307	m0285	23.0	1.8e-08	51
m0307	m0005	24.5	5.25e-08	50
m0307	m0228	22.4	8.95e-08	49
m0307	m0299	24.9	1.53e-07	48
m0307	m0131	22.7	1.99e-07	48
m0307	m0103	25.9	4.44e-07	47
m0307	m0090	23.5	5.8e-07	46
m0307	m0293	23.7	9.89e-07	45
m0307	m0185	20.8	1.29e-06	45
m0307	m0120	23.0	1.29e-06	45
m0307	m0109	24.6	1.29e-06	45
m0307	m0123	24.2	1.69e-06	45
m0307	m0254	22.7	1.69e-06	45
m0307	m0066	26.7	1.69e-06	45
m0307	m0111	24.2	1.69e-06	45
m0307	m0045	21.3	2.2e-06	44
m0307	m0040	20.8	2.2e-06	44
m0307	m0155	23.9	2.88e-06	44
m0307	m0031	25.6	3.76e-06	44
m0307	m0292	21.4	4.91e-06	43
m0307	m0206	23.2	4.91e-06	43
m0307	m0182	24.6	8.37e-06	42
m0307	m0192	20.9	8.37e-06	42
m0307	m0187	22.1	1.43e-05	42
m0307	m0232	24.3	1.43e-05	42
m0307	m0159	27.3	1.43e-05	42
m0307	m0122	29.2	1.87e-05	41
m0307	m0128	20.4	1.87e-05	41
m0307	m0215	24.4	3.18e-05	40
m0307	m0070	22.6	3.18e-05	40
m0307	m0098	24.4	4.16e-05	40
m0307	m0259	22.6	4.16e-05	40
m0307	m0101	23.2	5.43e-05	40
m0307	m0168	19.7	5.43e-05	40
m0307	m0202	22.8	5.43e-05	40
m0307	m0268	23.2	5.43e-05	40
m0307	m0093	22.6	7.09e-05	39
m0307	m0083	23.7	9.26e-05	39
m0307	m0235	21.7	9.26e-05	39
m0307	m0198	24.7	0.000121	39
m0307	m0047	22.2	0.000121	39
m0307	m0097	21.7	0.000121	39
m0307	m0069	26.2	0.000121	39
m0307	m0039	22.1	0.000158	38
m0307	m0054	21.9	0.000158	38
m0307	m0073	23.3	0.000158	38
m0307	m0283	25.0	0.000206	38
m0307	m0231	25.5	0.000206	38
m0307	m0248	24.1	0.000269	37
m0307	m0023	20.8	0.000269	37
m0307	m0071	23.0	0.000269	37
m0307	m0063	23.7	0.000269	37
m0307	m0050	23.9	0.000269	37
m0307	m0216	22.8	0.000269	37
m0307	m0197	28.6	0.000269	37
m0307	m0157	24.9	0.000352	37
m0307	m0217	23.1	0.000352	37
m0307	m0227	21.6	0.000352	37
m0307	m0014	24.2	0.000352	37
m0307	m0012	21.9	0.000352	37
m0307	m0234	25.5	0.000352	37
m0307	m0267	24.8	0.00046	37
m0307	m0096	22.6	0.00046	37
m0307	m0183	21.4	0.00046	37
m0307	m0264	22.1	0.0006	36
m0307	m0125	31.9	0.0006	36
m0307	m0170	20.0	0.0006	36
m0307	m0296	25.9	0.0006	36
m0307	m0086	23.3	0.000784	36
m0307	m0214	22.6	0.000784	36
m0307	m0002	28.6	0.000784	36
m0307	m0113	22.7	0.00102	35
m0307	m0229	30.0	0.00102	35
m0307	m0243	22.3	0.00102	35
m0307	m0161	24.4	0.00102	35
m0307	m0162	19.0	0.00102	35
m0307	m0006	22.7	0.00102	35
m0307	m0041	20.2	0.00134	35
m0307	m0237	23.7	0.00134	35
m0307	m0305	28.2	0.00175	35
m0307	m0278	24.2	0.00175	35
m0307	m0247	20.7	0.00228	34
m0307	m0076	26.3	0.00228	34
m0307	m0074	21.8	0.00228	34
m0307	m0238	23.7	0.00298	34
m0307	m0306	21.0	0.00298	34
m0307	m0279	28.0	0.00389	33
m0307	m0043	22.3	0.00389	33
m0307	m0001	21.8	0.00389	33
m0307	m0193	22.2	0.00389	33
m0307	m0130	24.0	0.00664	33
m0307	m0154	24.0	0.00664	33
m0307	m0158	21.7	0.00664	33
m0307	m0233	23.4	0.00664	33
m0307	m0294	26.3	0.00867	32
m0307	m0133	26.1	0.00867	32
m0307	m0062	19.8	0.0113	32
m0307	m0295	23.7	0.0113	32
m0307	m0104	20.3	0.0113	32
m0307	m0230	26.9	0.0148	32
m0307	m0205	23.3	0.0148	32
m0307	m0169	24.3	0.0193	31
m0307	m0163	23.7	0.0193	31
m0307	m0262	23.3	0.0193	31
m0307	m0244	28.7	0.0193	31
m0307	m0025	25.3	0.0252	31
m0307	m0017	24.2	0.0329	30
m0307	m0282	23.2	0.0329	30
m0307	m0174	23.7	0.0329	30
m0307	m0297	23.2	0.0329	30
m0307	m0051	20.0	0.043	30
m0307	m0011	25.0	0.0562	30
m0307	m0068	23.0	0.0734	29
m0307	m0178	21.6	0.0734	29
m0307	m0191	23.6	0.0734	29
m0307	m0173	22.8	0.0958	29
m0307	m0278	26.0	0.0958	29
m0307	m0088	30.8	0.0958	29
m0307	m0288	26.1	0.0958	29
m0307	m0188	20.5	0.125	28
m0307	m0134	22.7	0.125	28
m0307	m0124	27.7	0.125	28
m0307	m0277	22.5	0.163	28
m0307	m0138	22.1	0.213	28
m0307	m0281	21.6	0.213	28
m0307	m0272	22.8	0.213	28
m0307	m0172	29.8	0.213	28
m0307	m0265	46.4	0.279	27
m0307	m0199	41.5	0.279	27
m0307	m0141	33.3	0.279	27
m0307	m0245	27.2	0.364	27
m0307	m0048	21.9	0.621	26
m0307	m0077	24.2	0.621	26
m0307	m0094	21.2	0.811	26
m0307	m0261	31.5	1.38	25
m0307	m0228	24.5	2.36	24
m0307	m0252	30.0	5.26	23
m0307	m0118	33.3	5.26	23
m0307	m0105	35.7	6.87	23
m0307	m0207	47.4	8.97	22
m0306	m0001	83.1	1.05e-143	500
m0306	m0193	80.7	3.75e-141	492
m0306	m0230	70.7	1.17e-126	444
m0306	m0233	72.5	2.44e-124	436
m0306	m0272	69.7	2.07e-123	433
m0306	m0247	69.8	4.03e-119	419
m0306	m0229	74.0	3.78e-117	412
m0306	m0168	67.7	1.75e-114	403
m0306	m0299	66.7	9.01e-111	391
m0306	m0103	66.4	6.46e-109	385
m0306	m0011	67.3	5.66e-105	372
m0306	m0062	61.9	9.65e-105	371
m0306	m0054	65.3	1.26e-104	371
m0306	m0235	63.4	4.79e-104	369
m0306	m0232	61.4	4.79e-104	369
m0306	m0262	61.8	8.17e-104	368
m0306	m0234	62.6	8.17e-104	368
m0306	m0134	61.7	1.39e-103	367
m0306	m0123	64.8	4.48e-102	362
m0306	m0141	67.7	9.98e-102	361
m0306	m0187	67.4	2.22e-101	360
m0306	m0012	61.4	4.96e-101	359
m0306	m0045	61.8	6.47e-101	358
m0306	m0124	60.2	8.45e-101	358
m0306	m0083	59.3	1.22e-99	354
m0306	m0131	61.9	1.22e-99	354
m0306	m0166	58.4	4.34e-97	346
m0306	m0002	62.7	1.07e-95	341
m0306	m0155	56.9	3.11e-95	339
m0306	m0305	56.8	1.31e-93	334
m0306	m0069	59.0	1.31e-93	334
m0306	m0268	62.9	4.97e-93	332
m0306	m0090	57.7	6.49e-93	332
m0306	m0197	54.9	3.56e-91	326
m0306	m0294	57.5	6.07e-91	325
m0306	m0086	56.7	1.77e-90	324
m0306	m0231	55.1	2.39e-87	313
m0306	m0063	54.7	5.88e-86	309
m0306	m0118	53.3	1.31e-85	307
m0306	m0048	54.6	2.92e-85	306
m0306	m0043	53.6	3.23e-84	303
m0306	m0120	57.8	4.21e-84	302
m0306	m0149	51.7	6.73e-82	295
m0306	m0033	51.7	8.79e-82	295
m0306	m0109	50.3	2.56e-81	293
m0306	m0097	52.5	3.34e-81	293
m0306	m0144	52.3	4.36e-81	292
m0306	m0252	50.7	1.19e-78	284
m0306	m0245	50.3	3.46e-78	283
m0306	m0098	49.5	3.46e-78	283
m0306	m0267	56.3	7.7e-78	282
m0306	m0084	48.3	2.93e-77	280
m0306	m0073	50.2	1.11e-76	278
m0306	m0182	51.7	1.45e-76	277
m0306	m0273	50.9	3.23e-76	276
m0306	m0133	52.0	2.74e-75	273
m0306	m0017	50.7	3.58e-75	273
m0306	m0067	50.9	4.67e-75	272
m0306	m0192	47.5	6.1e-75	272
m0306	m0163	48.1	7.97e-75	272
m0306	m0154	50.8	2.32e-74	270
m0306	m0264	51.3	2.32e-74	270
m0306	m0295	51.5	5.16e-74	269
m0306	m0125	52.1	5.16e-74	269
m0306	m0088	49.2	6.74e-74	268
m0306	m0070	50.4	8.81e-74	268
m0306	m0101	49.3	1.96e-73	267
m0306	m0291	46.3	4.37e-73	266
m0306	m0297	51.2	5.71e-73	265
m0306	m0174	50.9	5.71e-73	265
m0306	m0296	48.0	7.46e-73	265
m0306	m0215	50.2	7.46e-73	265
m0306	m0238	51.6	7.46e-73	265
m0306	m0277	48.0	9.74e-73	265
m0306	m0248	52.0	9.74e-73	265
m0306	m0188	51.4	1.27e-72	264
m0306	m0025	49.5	1.27e-72	264
m0306	m0093	49.2	1.66e-72	264
m0306	m0282	49.0	3.7e-72	263
m0306	m0031	47.8	3.7e-72	263
m0306	m0169	51.6	4.83e-72	262
m0306	m0014	47.9	4.83e-72	262
m0306	m0006	49.8	8.24e-72	262
m0306	m0214	49.1	1.41e-71	261
m0306	m0244	50.2	2.4e-71	260
m0306	m0065	50.2	2.4e-71	260
m0306	m0206	49.2	2.4e-71	260
m0306	m0157	47.8	3.13e-71	260
m0306	m0138	50.2	4.09e-71	259
m0306	m0096	49.2	4.09e-71	259
m0306	m0249	50.5	5.34e-71	259
m0306	m0259	51.1	6.98e-71	258
m0306	m0183	51.3	1.19e-70	258
m0306	m0047	48.4	1.19e-70	258
m0306	m0130	51.8	1.55e-70	257
m0306	m0191	50.0	1.55e-70	257
m0306	m0173	47.8	2.03e-70	257
m0306	m0037	47.1	2.03e-70	257
m0306	m0023	48.2	3.46e-70	256
m0306	m0184	47.1	3.46e-70	256
m0306	m0066	49.1	5.91e-70	255
m0306	m0216	47.8	5.91e-70	255
m0306	m0175	47.5	7.72e-70	255
m0306	m0167	46.3	1.01e-69	255
m0306	m0161	48.7	1.32e-69	254
m0306	m0178	50.9	1.32e-69	254
m0306	m0036	47.2	1.72e-69	254
m0306	m0176	45.5	2.24e-69	253
m0306	m0074	45.6	2.24e-69	253
m0306	m0254	49.3	2.93e-69	253
m0306	m0050	47.9	1.11e-68	251
m0306	m0158	47.3	1.11e-68	251
m0306	m0076	51.7	1.9e-68	250
m0306	m0071	50.4	2.48e-68	250
m0306	m0281	52.1	3.24e-68	250
m0306	m0111	46.5	4.23e-68	249
m0306	m0068	47.4	4.23e-68	249
m0306	m0040	46.9	4.23e-68	249
m0306	m0077	49.4	9.43e-68	248
m0306	m0079	48.9	2.1e-67	247
m0306	m0051	46.8	2.74e-67	247
m0306	m0172	46.8	3.58e-67	246
m0306	m0170	46.7	1.36e-66	244
m0306	m0094	45.8	2.32e-66	243
m0306	m0237	45.5	2.32e-66	243
m0306	m0113	48.1	3.03e-66	243
m0306	m0279	49.8	6.76e-66	242
m0306	m0227	49.1	8.83e-66	242
m0306	m0159	45.8	8.83e-66	242
m0306	m0162	45.3	1.15e-65	241
m0306	m0104	48.6	1.97e-65	240
m0306	m0198	47.7	5.72e-65	239
m0306	m0194	44.3	9.76e-65	238
m0306	m0039	47.6	9.76e-65	238
m0306	m0095	44.2	1.41e-63	234
m0306	m0217	48.7	2.4e-63	233
m0306	m0028	43.9	5.36e-63	232
m0306	m0102	44.5	2.66e-62	230
m0306	m0243	42.6	7.24e-60	222
m0306	m0285	44.8	3.59e-59	220
m0306	m0205	42.1	4.69e-59	219
m0306	m0210	44.6	8.85e-58	215
m0306	m0283	47.3	8.85e-58	215
m0306	m0128	42.6	7.01e-55	205
m0306	m0165	41.6	1.2e-54	205
m0306	m0005	35.5	3.61e-43	166
m0306	m0288	33.8	6.59e-37	146
m0306	m0274	34.3	1.8e-34	138
m0306	m0160	30.5	9.22e-31	125
m0306	m0137	32.2	3.87e-29	120
m0306	m0293	30.7	9.24e-23	99
m0306	m0202	26.3	2.97e-21	94
m0306	m0185	26.4	3.18e-15	74
m0306	m0292	26.3	3.18e-15	74
m0306	m0228	26.0	4.16e-15	73
m0306	m0275	24.4	1.93e-12	64
m0306	m0041	26.6	2.52e-12	64
m0306	m0278	25.9	4.3e-12	63
m0306	m0064	27.3	2.14e-11	61
m0306	m0266	27.4	3.08e-10	57
m0306	m0265	23.2	9.92e-09	52
m0306	m0122	21.5	9.92e-09	52
m0306	m0219	29.4	1.87e-07	48
m0306	m0136	27.3	2.44e-07	47
m0306	m0016	24.6	6.65e-05	39
m0306	m0255	25.0	0.000736	36
m0306	m0196	27.6	0.000961	35
m0306	m0218	28.2	0.000961	35
m0306	m0177	27.7	0.00125	35
m0306	m0303	25.7	0.00214	34
m0306	m0060	20.9	0.0139	32
m0306	m0152	30.4	0.0181	31
m0306	m0099	22.4	0.0527	30
m0306	m0099	39.5	0.761	26
m0306	m0007	23.3	0.994	25
m0306	m0301	38.2	2.89	24
m0306	m0181	26.4	6.45	23
m0306	m0089	31.2	8.42	22
m0305	m0193	59.5	9.07e-97	344
m0305	m0247	58.5	1.45e-94	337
m0305	m0012	60.1	1.89e-94	337
m0305	m0011	57.9	2.73e-93	333
m0305	m0001	57.6	3.57e-93	332
m0305	m0229	60.6	4.66e-93	332
m0305	m0124	57.2	6.08e-93	332
m0305	m0230	55.8	1.15e-91	327
m0305	m0233	56.5	1.5e-91	327
m0305	m0002	60.5	9.71e-91	324
m0305	m0262	55.3	2.83e-90	323
m0305	m0232	57.5	4.82e-90	322
m0305	m0272	55.9	4.82e-90	322
m0305	m0134	55.4	1.4e-89	320
m0305	m0141	60.0	1.71e-87	314
m0305	m0299	52.4	1.9e-86	310
m0305	m0054	54.7	2.48e-86	310
m0305	m0235	53.8	4.67e-85	305
m0305	m0168	52.6	2.32e-84	303
m0305	m0187	58.1	3.03e-84	303
m0305	m0103	54.8	8.81e-84	301
m0305	m0069	54.0	1.96e-83	300
m0305	m0234	52.7	3.35e-83	299
m0305	m0123	55.3	3.35e-83	299
m0305	m0231	52.7	3.7e-82	296
m0305	m0086	53.0	6.31e-82	295
m0305	m0062	52.3	8.24e-82	295
m0305	m0197	52.7	8.24e-82	295
m0305	m0166	52.7	1.41e-81	294
m0305	m0155	55.4	1.84e-81	294
m0305	m0083	50.5	6.53e-79	285
m0305	m0118	52.0	4.23e-78	282
m0305	m0045	51.4	1.23e-77	281
m0305	m0131	50.4	1.36e-76	277
m0305	m0048	50.9	2.32e-76	277
m0305	m0268	51.0	3.96e-76	276
m0305	m0294	49.8	9.76e-75	271
m0305	m0033	51.4	1.84e-73	267
m0305	m0073	47.6	3.14e-73	266
m0305	m0097	50.0	4.1e-73	266
m0305	m0090	47.3	5.35e-73	265
m0305	m0109	47.1	1.32e-71	261
m0305	m0252	48.8	1.72e-71	260
m0305	m0182	48.6	5.01e-71	259
m0305	m0149	46.0	1.12e-70	258
m0305	m0098	46.4	1.12e-70	258
m0305	m0120	47.8	1.9e-70	257
m0305	m0125	48.6	2.49e-70	257
m0305	m0297	49.3	1.23e-69	254
m0305	m0174	48.8	2.11e-69	253
m0305	m0133	46.8	2.75e-69	253
m0305	m0043	47.2	1.04e-68	251
m0305	m0238	47.5	1.78e-68	250
m0305	m0267	47.8	8.85e-68	248
m0305	m0063	45.9	1.16e-67	248
m0305	m0154	46.0	1.51e-67	247
m0305	m0259	47.4	1.51e-67	247
m0305	m0070	46.4	1.97e-67	247
m0305	m0084	45.1	3.36e-67	246
m0305	m0163	47.1	3.36e-67	246
m0305	m0088	46.9	4.39e-67	246
m0305	m0113	47.5	5.73e-67	245
m0305	m0183	48.3	7.49e-67	245
m0305	m0245	46.4	1.28e-66	244
m0305	m0277	45.7	1.67e-66	244
m0305	m0017	46.0	2.85e-66	243
m0305	m0188	48.0	3.72e-66	243
m0305	m0144	44.0	1.08e-65	241
m0305	m0244	46.8	1.08e-65	241
m0305	m0192	43.3	1.41e-65	241
m0305	m0248	47.5	1.84e-65	240
m0305	m0282	45.1	1.84e-65	240
m0305	m0215	45.5	4.11e-65	239
m0305	m0094	46.1	7.01e-65	238
m0305	m0295	44.5	7.01e-65	238
m0305	m0130	47.3	1.2e-64	238
m0305	m0169	47.7	2.66e-64	236
m0305	m0093	46.6	3.48e-64	236
m0305	m0076	48.5	4.54e-64	236
m0305	m0281	47.9	4.54e-64	236
m0305	m0206	45.7	4.54e-64	236
m0305	m0157	44.7	7.75e-64	235
m0305	m0025	43.6	1.01e-63	235
m0305	m0014	47.9	1.01e-63	235
m0305	m0273	43.9	1.32e-63	234
m0305	m0254	44.8	1.32e-63	234
m0305	m0178	47.8	1.32e-63	234
m0305	m0216	44.8	2.25e-63	233
m0305	m0047	44.5	5.02e-63	232
m0305	m0172	44.2	6.56e-63	232
m0305	m0173	45.9	8.57e-63	231
m0305	m0161	46.9	1.12e-62	231
m0305	m0096	45.0	2.49e-62	230
m0305	m0101	44.2	4.25e-62	229
m0305	m0138	46.0	7.25e-62	228
m0305	m0111	44.1	7.25e-62	228
m0305	m0279	47.3	1.24e-61	228
m0305	m0214	42.6	1.62e-61	227
m0305	m0237	44.0	2.76e-61	226
m0305	m0296	43.9	2.76e-61	226
m0305	m0249	43.8	4.7e-61	226
m0305	m0037	43.1	4.7e-61	226
m0305	m0050	44.7	6.14e-61	225
m0305	m0067	41.9	6.14e-61	225
m0305	m0066	43.2	1.37e-60	224
m0305	m0023	44.5	1.79e-60	224
m0305	m0006	44.7	2.33e-60	223
m0305	m0068	43.3	3.05e-60	223
m0305	m0036	43.0	5.2e-60	222
m0305	m0227	44.3	6.79e-60	222
m0305	m0264	43.1	1.16e-59	221
m0305	m0039	44.4	1.51e-59	221
m0305	m0065	41.0	2.58e-59	220
m0305	m0158	41.2	2.58e-59	220
m0305	m0176	39.5	2.58e-59	220
m0305	m0291	42.2	5.75e-59	219
m0305	m0031	41.2	2.41e-57	213
m0305	m0205	41.7	1.2e-56	211
m0305	m0217	43.7	1.2e-56	211
m0305	m0198	41.8	4.55e-56	209
m0305	m0191	43.8	2.26e-55	207
m0305	m0077	41.9	3.86e-55	206
m0305	m0079	39.9	1.12e-54	205
m0305	m0102	42.1	1.46e-54	204
m0305	m0283	45.3	3.26e-54	203
m0305	m0159	40.5	4.26e-54	203
m0305	m0184	40.2	1.24e-53	201
m0305	m0175	39.4	2.76e-53	200
m0305	m0051	40.3	3.61e-53	200
m0305	m0167	39.5	8.04e-53	198
m0305	m0028	38.9	1.37e-52	198
m0305	m0074	37.9	1.37e-52	198
m0305	m0243	41.6	1.79e-52	197
m0305	m0040	40.9	2.34e-52	197
m0305	m0285	42.2	3.05e-52	196
m0305	m0170	41.5	1.16e-51	195
m0305	m0095	37.6	1.52e-51	194
m0305	m0071	38.9	4.41e-51	193
m0305	m0104	40.1	4.41e-51	193
m0305	m0162	38.5	9.83e-51	191
m0305	m0194	38.7	2.19e-50	190
m0305	m0128	42.0	3.16e-49	186
m0305	m0165	39.0	2.05e-48	184
m0305	m0210	41.3	7.79e-48	182
m0305	m0005	34.6	1.8e-36	144
m0305	m0274	31.7	9.24e-33	132
m0305	m0288	27.0	7.82e-32	129
m0305	m0160	30.1	4.91e-26	109
m0305	m0202	29.9	1.75e-23	101
m0305	m0293	28.1	7.34e-22	96
m0305	m0137	27.7	9.58e-22	95
m0305	m0064	24.6	6.65e-15	72
m0305	m0185	24.3	6.23e-13	66
m0305	m0292	27.0	1.06e-12	65
m0305	m0228	24.1	1.39e-12	65
m0305	m0041	26.7	8.99e-12	62
m0305	m0278	27.0	1.17e-11	62
m0305	m0275	24.2	3.42e-11	60
m0305	m0266	28.2	3.42e-11	60
m0305	m0265	26.0	4.46e-11	60
m0305	m0122	23.8	1.44e-09	55
m0305	m0219	33.6	1.75e-07	48
m0305	m0136	26.3	1.14e-06	45
m0305	m0016	30.5	4.78e-05	40
m0305	m0196	28.7	0.000182	38
m0305	m0290	36.4	0.00069	36
m0305	m0218	27.7	0.00069	36
m0305	m0181	24.7	0.00201	34
m0305	m0177	24.1	0.00262	34
m0305	m0061	30.4	0.029	30
m0305	m0143	27.4	0.029	30
m0305	m0114	25.4	0.0379	30
m0305	m0255	22.7	0.11	28
m0305	m0289	27.3	0.547	26
m0305	m0026	35.6	0.547	26
m0305	m0007	21.7	1.22	25
m0305	m0201	26.8	4.63	23
m0305	m0087	23.9	6.04	23
m0305	m0225	36.4	7.89	22
m0305	m0239	53.8	7.89	22
m0304	m0127	82.4	1.65e-197	679
m0304	m0034	60.8	1.09e-148	517
m0304	m0156	58.7	2.51e-145	506
m0304	m0004	58.7	8.06e-144	501
m0304	m0042	51.7	7.34e-121	425
m0304	m0091	48.1	8.14e-112	395
m0304	m0236	46.7	7.38e-105	372
m0304	m0075	47.2	1.54e-102	364
m0304	m0062	60.0	0.582	27
m0304	m0119	32.5	2.21	25
m0304	m0148	34.1	8.4	23
m0304	m0113	33.3	8.4	23
m0304	m0051	50.0	8.4	23
m0303	m0092	36.4	8.58e-32	128
m0303	m0038	34.0	1.67e-27	114
m0303	m0086	28.8	0.0925	28
m0303	m0074	25.0	0.158	28
m0303	m0143	23.3	0.352	27
m0303	m0036	43.2	1.34	25
m0303	m0059	28.6	1.74	24
m0303	m0120	63.2	1.74	24
m0303	m0158	24.8	1.74	24
m0303	m0119	35.1	2.28	24
m0303	m0050	34.1	2.98	23
m0303	m0146	23.6	3.89	23
m0303	m0008	52.9	5.08	23
m0303	m0131	25.0	5.08	23
m0303	m0096	30.5	5.08	23
m0303	m0157	28.8	8.66	22
m0303	m0153	28.6	8.66	22
m0302	m0027	75.8	8.45e-217	744
m0302	m0150	30.9	8e-58	216
m0302	m0189	30.6	1.37e-49	188
m0302	m0271	29.3	1.28e-47	182
m0302	m0240	28.7	1.67e-47	181
m0302	m0139	28.2	6.35e-47	179
m0302	m0059	26.8	7.03e-46	176
m0302	m0018	33.7	1.12e-35	142
m0302	m0145	35.4	1.47e-35	142
m0302	m0263	26.1	3.06e-33	134
m0302	m0008	34.2	1.09e-30	126
m0302	m0115	33.3	5.06e-28	117
m0302	m0224	33.6	5.59e-27	113
m0302	m0200	31.7	1.68e-23	102
m0302	m0145	38.8	2.28e-12	65
m0302	m0018	28.7	1.63e-10	59
m0302	m0224	27.7	1.43e-06	45
m0302	m0115	25.6	5.44e-06	44
m0302	m0153	29.8	1.17	26
m0302	m0146	33.3	4.46	24
m0302	m0087	32.7	4.46	24
m0301	m0022	48.1	3.46e-124	436
m0301	m0142	33.9	1.7e-46	178
m0301	m0022	32.9	0.00397	34
m0301	m0252	44.7	0.167	29
m0301	m0063	28.3	1.08	26
m0301	m0213	31.3	1.08	26
m0301	m0084	27.4	1.41	26
m0301	m0050	55.0	4.1	24
m0301	m0216	55.0	4.1	24
m0301	m0149	37.1	5.36	24
m0301	m0157	37.8	7	23
m0301	m0075	30.6	7	23
m0301	m0014	55.0	9.14	23
m0301	m0039	27.7	9.14	23
m0301	m0236	64.3	9.14	23
m0301	m0161	55.0	9.14	23
m0301	m0097	22.8	9.14	23
m0300	m0177	30.1	9e-30	122
m0300	m0099	24.2	6.7e-09	52
m0300	m0136	25.4	0.000291	37
m0300	m0219	22.2	0.00145	35
m0300	m0225	25.2	0.0209	31
m0300	m0212	22.0	0.0209	31
m0300	m0056	30.5	0.394	27
m0300	m0108	25.7	0.672	26
m0300	m0268	25.8	0.877	25
m0300	m0275	26.0	1.15	25
m0300	m0040	32.8	1.15	25
m0300	m0180	25.3	1.5	25
m0300	m0035	31.7	3.33	23
m0300	m0121	33.3	9.7	22
m0299	m0235	79.2	6.06e-133	465
m0299	m0234	78.4	2.91e-127	446
m0299	m0103	73.0	4.5e-120	422
m0299	m0123	73.2	9.71e-115	404
m0299	m0131	70.5	3.45e-112	396
m0299	m0193	67.3	3.82e-111	392
m0299	m0001	66.6	4.99e-111	392
m0299	m0230	65.3	7.2e-110	388
m0299	m0233	65.6	1.23e-109	387
m0299	m0229	70.3	6.1e-109	385
m0299	m0168	66.3	1.27e-106	377
m0299	m0247	63.6	6.31e-106	375
m0299	m0272	63.6	1.84e-105	373
m0299	m0054	61.1	1.78e-100	357
m0299	m0011	64.4	9.76e-99	351
m0299	m0262	58.0	3.71e-98	349
m0299	m0141	64.7	4.84e-98	349
m0299	m0134	59.7	1.84e-97	347
m0299	m0062	62.0	4.1e-97	346
m0299	m0232	59.7	4.1e-97	346
m0299	m0187	64.1	2.03e-96	343
m0299	m0155	57.6	2.94e-95	339
m0299	m0083	57.8	7.24e-94	335
m0299	m0166	58.7	7.24e-94	335
m0299	m0124	58.8	9.45e-94	334
m0299	m0002	63.1	1.23e-93	334
m0299	m0045	58.4	1.23e-93	334
m0299	m0012	58.0	8e-93	331
m0299	m0086	59.5	1.78e-92	330
m0299	m0033	59.0	1.28e-90	324
m0299	m0149	55.6	2.18e-90	323
m0299	m0197	53.6	1.08e-89	321
m0299	m0252	55.6	5.93e-88	315
m0299	m0069	52.8	3.85e-87	312
m0299	m0268	59.3	5.02e-87	312
m0299	m0294	58.0	8.57e-87	311
m0299	m0043	56.9	7.25e-86	308
m0299	m0063	58.2	1.24e-85	307
m0299	m0109	56.9	2.76e-85	306
m0299	m0118	54.2	1.98e-83	300
m0299	m0120	54.7	4.4e-83	299
m0299	m0097	53.4	7.51e-83	298
m0299	m0192	51.8	1.67e-82	297
m0299	m0088	54.2	7.03e-81	292
m0299	m0084	51.0	9.18e-81	291
m0299	m0231	52.3	1.2e-80	291
m0299	m0090	51.5	4.55e-80	289
m0299	m0188	53.1	7.77e-80	288
m0299	m0070	53.2	7.77e-80	288
m0299	m0154	52.3	1.01e-79	288
m0299	m0238	53.9	2.26e-79	287
m0299	m0133	55.1	2.95e-79	286
m0299	m0050	54.9	8.59e-79	285
m0299	m0048	51.1	8.59e-79	285
m0299	m0206	54.3	1.46e-78	284
m0299	m0125	53.7	1.91e-78	283
m0299	m0267	55.8	1.91e-78	283
m0299	m0025	51.9	3.26e-78	283
m0299	m0163	52.6	4.26e-78	282
m0299	m0014	54.1	5.57e-78	282
m0299	m0093	53.1	5.57e-78	282
m0299	m0040	55.5	7.27e-78	282
m0299	m0096	54.7	7.27e-78	282
m0299	m0111	53.8	7.27e-78	282
m0299	m0215	54.0	9.5e-78	281
m0299	m0216	55.3	9.5e-78	281
m0299	m0138	52.8	2.12e-77	280
m0299	m0157	53.8	2.12e-77	280
m0299	m0248	53.2	2.76e-77	280
m0299	m0174	54.2	2.76e-77	280
m0299	m0130	53.8	3.61e-77	279
m0299	m0295	53.7	3.61e-77	279
m0299	m0047	53.6	3.61e-77	279
m0299	m0244	53.5	3.61e-77	279
m0299	m0006	54.0	4.71e-77	279
m0299	m0017	52.7	8.04e-77	278
m0299	m0254	54.7	1.05e-76	278
m0299	m0161	53.2	1.05e-76	278
m0299	m0104	53.4	1.37e-76	277
m0299	m0281	54.6	2.34e-76	277
m0299	m0169	51.9	5.21e-76	275
m0299	m0031	53.9	6.8e-76	275
m0299	m0178	53.5	1.16e-75	274
m0299	m0076	55.5	1.16e-75	274
m0299	m0259	54.0	1.16e-75	274
m0299	m0051	51.2	1.52e-75	274
m0299	m0162	54.0	2.59e-75	273
m0299	m0182	53.1	4.41e-75	272
m0299	m0073	47.4	5.76e-75	272
m0299	m0183	53.9	5.76e-75	272
m0299	m0296	52.3	1.68e-74	270
m0299	m0023	52.3	1.68e-74	270
m0299	m0172	50.5	2.86e-74	270
m0299	m0297	53.1	1.42e-73	267
m0299	m0249	53.1	3.16e-73	266
m0299	m0098	47.4	4.13e-73	266
m0299	m0158	51.1	4.13e-73	266
m0299	m0282	48.1	5.39e-73	265
m0299	m0067	48.7	7.04e-73	265
m0299	m0036	52.3	2.68e-72	263
m0299	m0066	48.8	2.68e-72	263
m0299	m0068	48.4	4.56e-72	262
m0299	m0277	47.1	4.56e-72	262
m0299	m0074	49.3	5.96e-72	262
m0299	m0144	48.7	5.96e-72	262
m0299	m0170	49.5	7.79e-72	262
m0299	m0245	47.6	1.73e-71	260
m0299	m0173	48.3	1.73e-71	260
m0299	m0214	49.6	1.73e-71	260
m0299	m0279	50.4	2.96e-71	260
m0299	m0198	50.7	5.05e-71	259
m0299	m0101	49.5	6.59e-71	258
m0299	m0291	47.5	8.61e-71	258
m0299	m0094	48.3	8.61e-71	258
m0299	m0113	49.8	1.62e-69	254
m0299	m0264	50.4	1.62e-69	254
m0299	m0273	48.6	2.12e-69	253
m0299	m0065	45.2	1.79e-68	250
m0299	m0237	48.1	5.22e-68	249
m0299	m0191	50.0	5.22e-68	249
m0299	m0039	51.7	2.59e-67	247
m0299	m0176	46.1	2.59e-67	247
m0299	m0227	50.0	1.29e-66	244
m0299	m0079	46.7	1.68e-66	244
m0299	m0175	46.8	1.68e-66	244
m0299	m0095	46.2	4.89e-66	242
m0299	m0184	44.8	4.14e-65	239
m0299	m0205	46.7	5.4e-65	239
m0299	m0285	45.3	2.68e-64	236
m0299	m0217	50.0	2.68e-64	236
m0299	m0037	45.2	2.68e-64	236
m0299	m0167	44.4	3.5e-64	236
m0299	m0071	46.6	1.02e-63	235
m0299	m0102	44.1	1.74e-63	234
m0299	m0077	45.4	5.06e-63	232
m0299	m0128	46.1	1.47e-62	231
m0299	m0194	43.4	3.28e-62	230
m0299	m0159	44.6	4.73e-61	226
m0299	m0210	45.3	8.08e-61	225
m0299	m0028	42.3	4.15e-57	213
m0299	m0243	42.0	1.58e-56	211
m0299	m0165	45.0	1.48e-54	204
m0299	m0283	44.6	2.6e-51	193
m0299	m0005	37.5	6.21e-45	172
m0299	m0274	34.7	1.44e-33	134
m0299	m0288	32.2	1.87e-33	134
m0299	m0137	28.7	5.64e-30	122
m0299	m0160	29.4	9.01e-28	115
m0299	m0202	28.9	5.66e-22	96
m0299	m0293	28.3	4.79e-21	93
m0299	m0185	29.4	1.3e-18	85
m0299	m0228	27.0	2.91e-18	84
m0299	m0292	27.7	2.72e-16	77
m0299	m0275	25.1	1.76e-15	74
m0299	m0266	28.1	1.14e-14	72
m0299	m0041	28.9	3.32e-14	70
m0299	m0122	23.2	5.67e-14	69
m0299	m0064	28.7	6.27e-13	66
m0299	m0278	26.1	3.11e-12	64
m0299	m0265	23.3	1e-10	59
m0299	m0136	24.6	1.04e-07	49
m0299	m0016	28.2	1.95e-06	44
m0299	m0218	27.9	5.68e-06	43
m0299	m0219	29.3	1.65e-05	41
m0299	m0099	25.8	0.00014	38
m0299	m0056	37.5	0.01	32
m0299	m0196	29.2	0.01	32
m0299	m0121	22.6	0.0498	30
m0299	m0152	29.2	0.0498	30
m0299	m0177	28.2	0.065	29
m0299	m0060	20.0	0.145	28
m0299	m0053	26.9	0.189	28
m0299	m0007	26.3	0.719	26
m0299	m0026	26.5	0.939	25
m0299	m0177	24.8	0.939	25
m0299	m0212	55.0	1.23	25
m0299	m0182	40.7	1.6	25
m0299	m0148	36.8	1.6	25
m0299	m0099	35.3	7.95	22
m0298	m0032	25.3	8.2e-08	49
m0298	m0208	25.9	3.69	24
m0297	m0125	67.2	1.29e-157	547
m0297	m0188	61.0	7.11e-140	488
m0297	m0163	59.3	3.42e-134	469
m0297	m0130	60.4	3.78e-133	466
m0297	m0111	56.4	3.2e-132	463
m0297	m0259	56.5	5.46e-132	462
m0297	m0169	57.3	9.64e-129	451
m0297	m0281	57.1	1.39e-127	447
m0297	m0248	56.9	3.79e-125	439
m0297	m0173	56.3	3.21e-124	436
m0297	m0068	52.6	1.6e-115	407
m0297	m0267	69.4	2.64e-110	390
m0297	m0183	50.0	7.67e-110	388
m0297	m0133	65.8	3.56e-107	379
m0297	m0182	49.8	7.43e-105	372
m0297	m0017	65.2	7.69e-102	362
m0297	m0215	51.0	6.11e-91	325
m0297	m0174	49.4	7.98e-91	325
m0297	m0238	47.7	7.98e-91	325
m0297	m0154	47.6	1.04e-90	325
m0297	m0023	46.0	1.36e-90	324
m0297	m0014	47.3	3.96e-90	323
m0297	m0158	50.1	3.96e-90	323
m0297	m0138	50.1	5.17e-90	322
m0297	m0279	48.3	8.82e-90	322
m0297	m0006	46.1	1.5e-89	321
m0297	m0161	46.4	7.47e-89	319
m0297	m0216	46.2	9.75e-89	318
m0297	m0254	46.6	1.66e-88	317
m0297	m0096	45.9	2.84e-88	317
m0297	m0047	45.2	1.41e-87	314
m0297	m0244	45.7	1.84e-87	314
m0297	m0178	46.6	1.84e-87	314
m0297	m0093	44.8	3.14e-87	313
m0297	m0050	45.1	5.35e-87	312
m0297	m0157	45.3	3.83e-85	306
m0297	m0295	47.4	1.9e-84	304
m0297	m0206	51.6	5.54e-84	302
m0297	m0088	55.0	3.59e-83	300
m0297	m0214	53.9	4.69e-83	299
m0297	m0123	59.3	6.12e-83	299
m0297	m0113	48.8	7.99e-83	299
m0297	m0198	43.2	7.99e-83	299
m0297	m0076	59.2	8.84e-82	295
m0297	m0172	44.4	5.73e-81	292
m0297	m0025	41.6	2.84e-80	290
m0297	m0039	45.0	2.84e-80	290
m0297	m0103	54.9	2.41e-79	287
m0297	m0296	54.9	1.19e-78	285
m0297	m0094	42.5	1.56e-78	284
m0297	m0277	42.9	1.56e-78	284
m0297	m0282	42.8	4.54e-78	283
m0297	m0233	51.6	3.25e-76	277
m0297	m0234	52.5	5.55e-76	276
m0297	m0272	52.8	1.24e-75	275
m0297	m0134	52.4	2.33e-74	270
m0297	m0230	53.1	2.33e-74	270
m0297	m0229	56.4	5.19e-74	269
m0297	m0247	51.4	1.16e-73	268
m0297	m0086	51.6	1.16e-73	268
m0297	m0205	47.0	1.51e-73	268
m0297	m0231	51.4	3.37e-73	267
m0297	m0217	43.4	7.5e-73	265
m0297	m0002	55.4	7.5e-73	265
m0297	m0001	52.1	7.5e-73	265
m0297	m0235	51.9	2.85e-72	263
m0297	m0141	54.1	8.29e-72	262
m0297	m0166	50.0	2.41e-71	260
m0297	m0155	51.0	3.15e-71	260
m0297	m0232	47.6	3.15e-71	260
m0297	m0227	43.5	4.12e-71	260
m0297	m0197	51.2	9.17e-71	258
m0297	m0193	49.5	5.94e-70	256
m0297	m0069	47.8	7.76e-70	255
m0297	m0131	49.3	1.32e-69	255
m0297	m0237	49.2	1.32e-69	255
m0297	m0262	47.7	3.85e-69	253
m0297	m0012	51.8	3.85e-69	253
m0297	m0011	52.1	3.26e-68	250
m0297	m0062	48.3	9.49e-68	248
m0297	m0124	49.5	4.71e-67	246
m0297	m0268	51.0	6.15e-67	246
m0297	m0097	48.1	2.34e-66	244
m0297	m0033	49.8	8.88e-66	242
m0297	m0192	47.2	9.82e-65	238
m0297	m0187	51.9	9.82e-65	238
m0297	m0168	47.2	9.82e-65	238
m0297	m0048	45.7	3.73e-64	236
m0297	m0045	47.9	1.09e-63	235
m0297	m0083	47.3	5.96e-62	229
m0297	m0273	43.5	1.33e-61	228
m0297	m0294	47.8	2.26e-61	227
m0297	m0084	45.0	6.59e-61	226
m0297	m0070	46.6	1.24e-59	221
m0297	m0054	44.9	1.37e-58	218
m0297	m0043	45.7	2.34e-58	217
m0297	m0063	44.0	3.38e-57	213
m0297	m0098	46.3	7.53e-57	212
m0297	m0073	42.9	7.53e-57	212
m0297	m0245	43.7	9.84e-57	212
m0297	m0109	43.9	6.38e-56	209
m0297	m0252	43.3	1.42e-55	208
m0297	m0101	40.7	2.96e-53	200
m0297	m0090	41.7	8.62e-53	199
m0297	m0149	40.8	1.92e-52	198
m0297	m0031	43.1	3.28e-52	197
m0297	m0120	43.2	4.28e-52	196
m0297	m0074	39.9	6.18e-51	193
m0297	m0066	39.4	2.6e-49	187
m0297	m0144	41.3	9.86e-49	185
m0297	m0040	41.5	1.68e-48	184
m0297	m0291	40.0	2.2e-48	184
m0297	m0264	37.8	2.87e-48	184
m0297	m0118	38.9	1.09e-47	182
m0297	m0067	38.9	2.43e-47	181
m0297	m0191	41.0	5.41e-47	179
m0297	m0184	38.6	9.23e-47	179
m0297	m0194	38.6	1.21e-46	178
m0297	m0249	40.1	1.21e-46	178
m0297	m0175	39.2	2.69e-46	177
m0297	m0162	40.2	3.51e-46	177
m0297	m0167	38.6	5.98e-46	176
m0297	m0176	38.7	1.02e-45	175
m0297	m0102	41.1	1.02e-45	175
m0297	m0036	41.1	1.33e-45	175
m0297	m0104	42.0	2.27e-45	174
m0297	m0065	39.5	2.27e-45	174
m0297	m0079	37.2	5.07e-45	173
m0297	m0037	37.4	1.93e-44	171
m0297	m0077	37.8	1.63e-43	168
m0297	m0210	39.0	8.09e-43	166
m0297	m0051	37.8	8.09e-43	166
m0297	m0283	39.9	1.38e-42	165
m0297	m0028	38.2	3.07e-42	164
m0297	m0170	39.8	8.94e-42	162
m0297	m0285	36.0	4.44e-41	160
m0297	m0243	36.2	4.44e-41	160
m0297	m0159	36.8	9.89e-41	159
m0297	m0095	36.1	2.88e-40	157
m0297	m0071	37.2	1.86e-39	154
m0297	m0128	35.6	3.52e-38	150
m0297	m0005	37.9	2.98e-37	147
m0297	m0165	32.8	7.33e-36	143
m0297	m0160	31.2	4.76e-27	113
m0297	m0137	32.7	4.03e-26	110
m0297	m0274	29.7	3.41e-25	107
m0297	m0288	28.4	3.53e-22	97
m0297	m0202	26.6	4.77e-19	87
m0297	m0293	28.1	1.3e-16	79
m0297	m0278	30.0	2.22e-16	78
m0297	m0185	28.2	2.08e-14	71
m0297	m0292	28.3	4.33e-12	64
m0297	m0228	29.3	7.38e-12	63
m0297	m0064	28.3	6.25e-11	60
m0297	m0265	28.0	5.29e-10	57
m0297	m0275	24.0	9.03e-10	56
m0297	m0136	28.9	1.1e-07	49
m0297	m0122	21.1	1.22e-06	45
m0297	m0266	25.4	1.22e-06	45
m0297	m0219	28.2	0.000195	38
m0297	m0116	25.2	0.00281	34
m0297	m0092	28.6	0.0048	33
m0297	m0177	23.3	0.00818	33
m0297	m0217	28.0	0.00818	33
m0297	m0016	22.3	0.0107	32
m0297	m0255	24.5	0.0406	30
m0297	m0196	29.4	0.053	30
m0297	m0099	28.8	0.263	28
m0297	m0072	22.1	0.344	27
m0297	m0213	27.3	0.766	26
m0297	m0148	60.9	1.31	25
m0297	m0117	28.8	2.91	24
m0297	m0041	28.7	2.91	24
m0297	m0270	28.9	6.48	23
m0296	m0214	72.9	1.34e-122	430
m0296	m0237	71.1	1.82e-119	420
m0296	m0068	71.7	9.02e-119	418
m0296	m0173	72.1	9.02e-119	418
m0296	m0039	73.9	1.54e-118	417
m0296	m0227	69.6	9.97e-118	414
m0296	m0217	74.3	9.33e-116	408
m0296	m0248	71.9	1.03e-114	404
m0296	m0096	65.2	8.18e-112	394
m0296	m0254	68.6	1.07e-111	394
m0296	m0088	65.9	1.07e-111	394
m0296	m0111	65.4	2.38e-111	393
m0296	m0093	66.6	4.06e-111	392
m0296	m0157	64.5	4.49e-110	389
m0296	m0215	66.2	7.65e-110	388
m0296	m0014	65.9	7.65e-110	388
m0296	m0006	66.8	3.8e-109	386
m0296	m0161	64.5	4.96e-109	385
m0296	m0047	64.4	6.48e-109	385
m0296	m0023	66.7	1.1e-108	384
m0296	m0206	66.6	1.88e-108	383
m0296	m0076	72.0	9.35e-108	381
m0296	m0259	68.1	1.6e-107	380
m0296	m0216	65.7	1.6e-107	380
m0296	m0183	69.8	2.08e-107	380
m0296	m0050	65.2	1.35e-106	377
m0296	m0279	68.3	3.93e-106	376
m0296	m0282	66.0	1.49e-105	374
m0296	m0238	66.0	9.68e-105	371
m0296	m0174	65.2	1.65e-104	370
m0296	m0163	62.1	1.65e-104	370
m0296	m0277	65.3	2.82e-104	369
m0296	m0094	65.4	1.83e-103	367
m0296	m0154	61.8	2.64e-102	363
m0296	m0178	66.1	2.23e-101	360
m0296	m0188	60.1	3.81e-101	359
m0296	m0281	65.0	1.45e-100	357
m0296	m0130	62.9	7.94e-99	351
m0296	m0138	59.4	1.04e-98	351
m0296	m0125	60.7	5.14e-98	349
m0296	m0133	59.5	1.15e-97	347
m0296	m0113	63.8	4.36e-97	346
m0296	m0295	60.0	9.7e-97	344
m0296	m0244	60.1	9.7e-97	344
m0296	m0172	60.8	1.65e-96	344
m0296	m0169	60.1	2.16e-96	343
m0296	m0025	59.1	1.07e-95	341
m0296	m0017	58.7	1.4e-95	341
m0296	m0267	60.3	1.71e-93	334
m0296	m0182	55.9	1.11e-92	331
m0296	m0158	56.6	3.23e-92	329
m0296	m0198	55.3	6.52e-85	305
m0296	m0205	55.8	2.74e-83	300
m0296	m0123	56.7	3.14e-79	286
m0296	m0103	50.0	1.72e-77	280
m0296	m0001	49.2	7.99e-75	272
m0296	m0155	50.2	1.36e-74	271
m0296	m0233	49.5	6.77e-74	268
m0296	m0086	50.9	1.15e-73	268
m0296	m0247	51.2	1.15e-73	268
m0296	m0234	50.5	7.48e-73	265
m0296	m0230	49.0	9.77e-73	265
m0296	m0272	48.5	1.67e-72	264
m0296	m0229	51.7	4.85e-72	262
m0296	m0131	49.0	8.27e-72	262
m0296	m0166	50.5	1.08e-71	261
m0296	m0193	49.0	1.08e-71	261
m0296	m0141	51.7	2.41e-71	260
m0296	m0235	50.5	3.14e-71	260
m0296	m0134	47.9	4.54e-70	256
m0296	m0231	45.2	7.74e-70	255
m0296	m0168	48.7	1.01e-69	255
m0296	m0197	46.2	1.32e-69	254
m0296	m0262	44.9	1.32e-69	254
m0296	m0069	47.9	1.32e-69	254
m0296	m0033	49.7	5.02e-69	252
m0296	m0232	48.6	5.02e-69	252
m0296	m0048	48.1	6.55e-69	252
m0296	m0097	50.2	8.56e-69	252
m0296	m0062	43.6	1.24e-67	248
m0296	m0070	47.7	4.7e-67	246
m0296	m0012	46.6	1.37e-66	244
m0296	m0192	48.9	2.33e-66	243
m0296	m0011	48.0	8.86e-66	242
m0296	m0073	43.4	3.37e-65	240
m0296	m0002	48.8	7.5e-65	238
m0296	m0045	46.4	7.5e-65	238
m0296	m0273	45.0	2.18e-64	237
m0296	m0098	43.9	6.35e-64	235
m0296	m0083	45.0	1.41e-63	234
m0296	m0268	47.3	2.41e-63	233
m0296	m0054	45.1	2.67e-62	230
m0296	m0124	45.8	3.48e-62	230
m0296	m0187	47.0	4.55e-62	229
m0296	m0084	44.6	1.73e-61	227
m0296	m0294	46.5	5.03e-61	226
m0296	m0149	44.6	7.26e-60	222
m0296	m0245	43.1	2.11e-59	220
m0296	m0043	47.0	4.71e-59	219
m0296	m0252	45.6	1.79e-58	217
m0296	m0090	42.2	3.05e-58	216
m0296	m0144	43.1	2.86e-56	210
m0296	m0109	44.9	1.09e-55	208
m0296	m0101	40.8	2.42e-55	207
m0296	m0118	43.2	5.39e-55	206
m0296	m0063	44.8	7.03e-55	205
m0296	m0120	40.7	2.26e-53	200
m0296	m0066	41.3	2.5e-52	197
m0296	m0264	41.4	7.28e-52	195
m0296	m0065	40.7	4.72e-51	193
m0296	m0037	42.7	1.05e-50	191
m0296	m0036	40.5	1.05e-50	191
m0296	m0074	42.4	2.34e-50	190
m0296	m0291	39.5	2.34e-50	190
m0296	m0184	40.1	5.22e-50	189
m0296	m0175	40.5	1.16e-49	188
m0296	m0067	40.4	3.38e-49	186
m0296	m0176	37.8	3.38e-49	186
m0296	m0079	39.3	7.53e-49	185
m0296	m0167	39.1	3.74e-48	183
m0296	m0194	38.9	4.88e-48	183
m0296	m0031	41.4	6.38e-48	182
m0296	m0249	38.8	8.33e-48	182
m0296	m0040	39.6	1.09e-47	181
m0296	m0210	39.8	1.42e-47	181
m0296	m0191	41.8	1.2e-46	178
m0296	m0162	39.9	2.05e-46	177
m0296	m0170	38.9	2.68e-46	177
m0296	m0051	39.4	4.57e-46	176
m0296	m0104	40.9	7.8e-46	175
m0296	m0243	38.7	3.87e-45	173
m0296	m0159	36.8	6.6e-45	172
m0296	m0077	39.4	1.13e-44	171
m0296	m0095	36.8	1.92e-44	171
m0296	m0102	35.6	2.51e-44	170
m0296	m0028	36.9	7.3e-44	169
m0296	m0285	37.5	6.18e-43	166
m0296	m0071	34.8	1.38e-42	164
m0296	m0283	40.8	4e-42	163
m0296	m0128	38.4	5.23e-42	163
m0296	m0165	38.0	8.92e-42	162
m0296	m0005	39.6	7.55e-41	159
m0296	m0274	34.4	1.52e-33	134
m0296	m0288	30.0	8.39e-24	102
m0296	m0160	29.1	8.39e-24	102
m0296	m0202	28.5	1.43e-23	101
m0296	m0137	28.4	7.85e-22	96
m0296	m0275	28.7	1.81e-18	84
m0296	m0041	27.3	9.93e-17	79
m0296	m0293	26.4	2.21e-16	77
m0296	m0185	28.5	1.1e-15	75
m0296	m0228	28.0	7.12e-15	72
m0296	m0278	27.6	6.02e-14	69
m0296	m0292	29.9	1.03e-13	69
m0296	m0122	26.3	3.31e-12	64
m0296	m0064	31.2	6.23e-11	59
m0296	m0265	26.4	6.23e-11	59
m0296	m0266	26.9	2.22e-08	51
m0296	m0143	25.6	0.000254	37
m0296	m0219	30.6	0.00126	35
m0296	m0218	25.2	0.00164	35
m0296	m0177	28.6	0.00215	34
m0296	m0189	27.3	0.00478	33
m0296	m0219	26.5	0.00816	32
m0296	m0026	32.1	0.031	30
m0296	m0016	25.2	0.0691	29
m0296	m0099	28.8	0.0691	29
m0296	m0060	19.8	0.118	28
m0296	m0099	34.0	0.154	28
m0296	m0016	29.7	0.154	28
m0296	m0241	21.6	0.201	28
m0296	m0255	27.5	0.263	27
m0296	m0148	30.5	0.585	26
m0296	m0108	25.3	2.9	24
m0296	m0239	61.5	4.95	23
m0296	m0157	41.4	4.95	23
m0296	m0056	30.2	6.47	23
m0295	m0178	78.9	1.81e-189	653
m0295	m0244	74.4	2.53e-183	632
m0295	m0025	71.7	2.22e-179	619
m0295	m0172	71.5	4.94e-179	618
m0295	m0238	71.2	9.65e-175	604
m0295	m0154	67.5	3.1e-173	599
m0295	m0138	59.7	4.08e-149	519
m0295	m0277	56.4	3.58e-137	479
m0295	m0094	56.7	4.68e-137	479
m0295	m0113	58.1	1.84e-133	467
m0295	m0096	52.9	7.73e-132	461
m0295	m0006	51.8	1.32e-131	461
m0295	m0282	54.4	1.72e-131	460
m0295	m0174	57.1	2.25e-131	460
m0295	m0206	52.3	3.84e-131	459
m0295	m0254	53.0	1.46e-130	457
m0295	m0047	52.2	1.9e-130	457
m0295	m0157	52.6	7.24e-130	455
m0295	m0161	51.0	1.16e-127	448
m0295	m0050	53.1	1.51e-127	447
m0295	m0169	59.2	4.39e-127	446
m0295	m0216	50.8	2.41e-125	440
m0295	m0215	54.0	3.15e-125	439
m0295	m0163	56.6	7.01e-125	438
m0295	m0281	57.9	7.75e-124	435
m0295	m0130	56.8	1.91e-122	430
m0295	m0188	56.7	8.02e-121	425
m0295	m0227	51.9	1.42e-117	414
m0295	m0088	69.0	3.15e-117	413
m0295	m0023	48.0	3.15e-117	413
m0295	m0093	47.8	9.18e-117	411
m0295	m0198	48.7	2.26e-115	407
m0295	m0039	50.2	2.95e-115	406
m0295	m0158	48.5	8.59e-115	405
m0295	m0217	52.0	1.47e-114	404
m0295	m0248	53.7	4.71e-113	399
m0295	m0076	71.3	4.88e-110	389
m0295	m0014	47.5	2.42e-109	387
m0295	m0111	48.9	2.34e-104	370
m0295	m0259	63.9	5.78e-103	366
m0295	m0173	50.7	7.54e-103	365
m0295	m0183	64.7	1.86e-101	361
m0295	m0068	49.4	9.22e-101	358
m0295	m0279	50.7	1.2e-100	358
m0295	m0133	58.7	1.92e-98	351
m0295	m0125	48.0	5.59e-98	349
m0295	m0237	56.0	2.78e-97	347
m0295	m0182	47.4	8.93e-96	342
m0295	m0017	59.7	2.43e-93	334
m0295	m0214	57.5	1.21e-92	331
m0295	m0267	56.3	2.28e-91	327
m0295	m0205	52.1	1.17e-87	315
m0295	m0123	55.1	4.3e-82	296
m0295	m0103	50.7	3.64e-81	293
m0295	m0235	55.2	1.21e-76	278
m0295	m0131	49.1	2.99e-75	273
m0295	m0233	47.6	4.31e-74	270
m0295	m0230	47.9	9.61e-74	268
m0295	m0193	48.7	1.64e-73	268
m0295	m0234	49.5	2.14e-73	267
m0295	m0166	50.3	2.14e-73	267
m0295	m0272	47.2	2.14e-73	267
m0295	m0155	51.0	3.65e-73	267
m0295	m0247	48.6	6.23e-73	266
m0295	m0134	49.7	6.23e-73	266
m0295	m0001	48.0	8.13e-73	265
m0295	m0229	52.1	6.45e-70	256
m0295	m0262	46.0	6.45e-70	256
m0295	m0011	50.5	1.1e-69	255
m0295	m0168	45.2	3.2e-69	253
m0295	m0086	50.2	1.59e-68	251
m0295	m0012	47.2	3.54e-68	250
m0295	m0232	44.7	3.54e-68	250
m0295	m0062	47.4	3.54e-68	250
m0295	m0197	47.7	2.99e-67	247
m0295	m0141	48.9	8.71e-67	245
m0295	m0045	46.2	1.49e-66	245
m0295	m0231	46.2	1.94e-66	244
m0295	m0069	47.4	7.37e-66	242
m0295	m0083	45.8	2.15e-65	241
m0295	m0033	46.6	3.66e-65	240
m0295	m0124	45.9	4.78e-65	240
m0295	m0187	48.9	6.24e-65	239
m0295	m0273	45.5	1.82e-64	238
m0295	m0002	48.3	2.37e-64	237
m0295	m0097	46.2	1.54e-63	235
m0295	m0054	43.9	9.97e-63	232
m0295	m0070	44.3	1.3e-62	231
m0295	m0192	44.7	1.44e-61	228
m0295	m0294	45.5	1.88e-61	228
m0295	m0149	42.3	9.33e-61	225
m0295	m0098	43.9	7.9e-60	222
m0295	m0063	43.6	3e-59	220
m0295	m0043	46.2	3e-59	220
m0295	m0109	44.7	1.49e-58	218
m0295	m0118	41.9	1.49e-58	218
m0295	m0084	43.0	3.32e-58	217
m0295	m0252	41.4	7.39e-58	216
m0295	m0048	41.4	7.39e-58	216
m0295	m0268	44.4	1.65e-57	215
m0295	m0245	43.6	3.67e-57	213
m0295	m0073	41.7	4.79e-57	213
m0295	m0090	41.6	7.65e-55	206
m0295	m0144	41.5	2.46e-53	201
m0295	m0120	42.5	5.48e-53	200
m0295	m0066	41.0	1.22e-52	198
m0295	m0040	41.0	2.08e-52	198
m0295	m0104	40.1	1.95e-50	191
m0295	m0031	42.8	1.95e-50	191
m0295	m0162	37.7	4.34e-50	190
m0295	m0102	39.8	6.27e-49	186
m0295	m0101	38.8	1.82e-48	184
m0295	m0285	37.2	1.82e-48	184
m0295	m0074	39.7	4.07e-48	183
m0295	m0051	38.9	5.87e-47	179
m0295	m0175	41.8	5.87e-47	179
m0295	m0210	36.4	1.31e-46	178
m0295	m0128	39.6	1.71e-46	178
m0295	m0065	39.9	2.23e-46	178
m0295	m0170	35.6	3.8e-46	177
m0295	m0264	37.5	4.97e-46	176
m0295	m0191	39.1	6.49e-46	176
m0295	m0036	39.5	1.45e-45	175
m0295	m0291	37.2	2.47e-45	174
m0295	m0159	36.2	4.65e-44	170
m0295	m0184	40.8	4.65e-44	170
m0295	m0077	38.6	6.07e-44	169
m0295	m0079	40.3	6.07e-44	169
m0295	m0283	41.3	1.04e-43	169
m0295	m0249	39.9	1.04e-43	169
m0295	m0167	40.1	2.31e-43	168
m0295	m0243	37.4	3.01e-43	167
m0295	m0067	36.9	6.72e-43	166
m0295	m0037	36.4	8.77e-43	166
m0295	m0176	37.0	1.95e-42	164
m0295	m0194	38.4	3.33e-42	164
m0295	m0071	37.5	8.21e-41	159
m0295	m0028	36.3	1.4e-40	158
m0295	m0095	36.4	4.51e-39	153
m0295	m0165	35.8	9.1e-32	129
m0295	m0005	31.4	7.21e-29	119
m0295	m0274	31.4	1.23e-28	119
m0295	m0288	30.4	8.81e-27	112
m0295	m0160	32.6	2.4e-24	104
m0295	m0137	31.0	4.53e-23	100
m0295	m0202	26.4	6.12e-20	90
m0295	m0185	29.4	1.36e-19	89
m0295	m0278	28.5	1.84e-16	78
m0295	m0292	29.3	9.14e-16	76
m0295	m0293	29.7	1.56e-15	75
m0295	m0228	29.2	5.92e-15	73
m0295	m0041	27.2	4.25e-13	67
m0295	m0275	25.1	6.13e-12	63
m0295	m0265	24.3	1.67e-09	55
m0295	m0266	27.8	6.34e-09	53
m0295	m0064	26.5	1.85e-08	52
m0295	m0122	19.3	2.04e-07	48
m0295	m0026	24.7	0.000162	39
m0295	m0219	24.8	0.00234	35
m0295	m0143	23.5	0.00887	33
m0295	m0016	25.3	0.0116	32
m0295	m0219	31.0	0.219	28
m0295	m0087	28.7	0.285	28
m0295	m0177	29.7	0.373	27
m0295	m0099	21.8	0.487	27
m0295	m0099	28.3	1.42	25
m0295	m0143	23.9	2.42	25
m0295	m0183	36.6	3.16	24
m0295	m0196	24.0	5.38	23
m0295	m0148	52.2	5.38	23
m0295	m0061	27.3	7.03	23
m0295	m0082	23.1	7.03	23
m0294	m0230	59.9	3.1e-94	336
m0294	m0233	59.4	5.29e-94	335
m0294	m0272	56.7	1.44e-91	327
m0294	m0247	56.6	5.13e-89	319
m0294	m0229	58.3	9.67e-88	314
m0294	m0166	55.0	6.93e-86	308
m0294	m0123	58.3	1.18e-85	307
m0294	m0141	59.5	5.86e-85	305
m0294	m0103	54.7	2.91e-84	303
m0294	m0086	56.3	3.8e-84	302
m0294	m0001	54.3	4.96e-84	302
m0294	m0155	57.6	1.11e-83	301
m0294	m0193	54.7	1.89e-83	300
m0294	m0232	54.1	2.46e-83	300
m0294	m0131	54.7	3.01e-81	293
m0294	m0187	55.8	3.01e-81	293
m0294	m0124	52.5	6.71e-81	292
m0294	m0234	54.7	1.27e-79	287
m0294	m0134	52.2	1.65e-79	287
m0294	m0012	51.6	4.81e-79	285
m0294	m0045	52.0	1.83e-78	283
m0294	m0062	50.5	4.5e-77	279
m0294	m0197	51.5	5.88e-77	278
m0294	m0235	53.1	1e-76	278
m0294	m0262	50.9	1e-76	278
m0294	m0069	48.2	1e-76	278
m0294	m0054	51.1	3.81e-76	276
m0294	m0083	52.0	3.81e-76	276
m0294	m0168	49.5	4.98e-76	275
m0294	m0268	54.9	1.89e-75	273
m0294	m0231	49.6	4.21e-75	272
m0294	m0011	51.4	5.5e-75	272
m0294	m0002	51.9	3.02e-73	266
m0294	m0084	49.1	3.02e-73	266
m0294	m0090	50.2	3.94e-73	266
m0294	m0097	47.9	8.78e-73	265
m0294	m0033	50.7	9.71e-72	261
m0294	m0118	48.4	2.16e-71	260
m0294	m0192	48.3	2.39e-70	257
m0294	m0109	48.8	5.33e-70	255
m0294	m0070	50.2	6.96e-70	255
m0294	m0120	50.0	1.55e-69	254
m0294	m0149	45.7	2.64e-69	253
m0294	m0273	46.6	6.51e-68	248
m0294	m0163	48.9	6.51e-68	248
m0294	m0048	47.5	1.9e-67	247
m0294	m0043	46.6	9.41e-67	245
m0294	m0267	50.2	1.23e-66	244
m0294	m0098	45.5	1.04e-65	241
m0294	m0063	44.8	1.36e-65	241
m0294	m0130	50.8	1.36e-65	241
m0294	m0245	44.3	1.77e-65	240
m0294	m0174	48.2	3.03e-65	240
m0294	m0238	48.2	3.95e-65	239
m0294	m0088	48.1	3.95e-65	239
m0294	m0282	46.4	5.16e-65	239
m0294	m0102	47.8	6.74e-65	238
m0294	m0154	48.0	1.15e-64	238
m0294	m0188	48.1	1.15e-64	238
m0294	m0169	50.0	1.5e-64	237
m0294	m0252	44.7	1.5e-64	237
m0294	m0281	48.9	2.56e-64	236
m0294	m0248	47.9	4.37e-64	236
m0294	m0014	48.9	9.73e-64	235
m0294	m0101	44.3	9.73e-64	235
m0294	m0244	47.5	1.27e-63	234
m0294	m0178	49.1	1.66e-63	234
m0294	m0144	44.8	2.83e-63	233
m0294	m0138	48.6	4.83e-63	232
m0294	m0017	47.7	1.41e-62	231
m0294	m0031	42.8	1.84e-62	230
m0294	m0264	46.5	5.34e-62	229
m0294	m0133	46.2	9.11e-62	228
m0294	m0277	45.9	1.19e-61	228
m0294	m0076	49.0	1.19e-61	228
m0294	m0068	46.6	1.19e-61	228
m0294	m0161	48.6	1.55e-61	227
m0294	m0073	43.9	1.55e-61	227
m0294	m0173	46.2	2.03e-61	227
m0294	m0066	46.0	2.65e-61	226
m0294	m0259	47.7	3.46e-61	226
m0294	m0291	43.3	4.52e-61	226
m0294	m0210	47.3	1.01e-60	225
m0294	m0040	45.3	1.72e-60	224
m0294	m0111	46.6	1.72e-60	224
m0294	m0113	47.2	2.24e-60	223
m0294	m0006	48.0	2.24e-60	223
m0294	m0254	45.7	2.93e-60	223
m0294	m0125	45.1	2.93e-60	223
m0294	m0191	45.4	2.93e-60	223
m0294	m0025	45.2	5e-60	222
m0294	m0158	46.1	6.53e-60	222
m0294	m0023	46.3	8.53e-60	221
m0294	m0182	46.0	1.11e-59	221
m0294	m0093	46.2	1.45e-59	221
m0294	m0036	43.1	1.9e-59	220
m0294	m0206	45.7	1.9e-59	220
m0294	m0215	47.5	1.9e-59	220
m0294	m0216	45.7	1.9e-59	220
m0294	m0172	46.5	2.48e-59	220
m0294	m0039	46.2	3.24e-59	220
m0294	m0249	42.7	4.23e-59	219
m0294	m0094	44.8	1.23e-58	218
m0294	m0183	46.7	1.23e-58	218
m0294	m0047	46.6	1.23e-58	218
m0294	m0104	45.7	1.61e-58	217
m0294	m0096	45.9	3.58e-58	216
m0294	m0285	44.6	3.58e-58	216
m0294	m0077	45.7	3.58e-58	216
m0294	m0157	46.2	4.68e-58	216
m0294	m0065	41.8	1.78e-57	214
m0294	m0067	42.4	3.03e-57	213
m0294	m0050	45.5	3.03e-57	213
m0294	m0198	43.1	3.03e-57	213
m0294	m0214	45.1	6.76e-57	212
m0294	m0162	42.9	1.15e-56	211
m0294	m0095	41.6	1.15e-56	211
m0294	m0237	44.8	1.15e-56	211
m0294	m0184	41.2	1.51e-56	211
m0294	m0167	41.2	1.51e-56	211
m0294	m0279	42.9	5.72e-56	209
m0294	m0243	43.2	1.27e-55	208
m0294	m0170	42.4	2.17e-55	207
m0294	m0128	45.6	4.84e-55	206
m0294	m0217	46.0	4.84e-55	206
m0294	m0074	38.9	6.32e-55	205
m0294	m0159	43.0	8.26e-55	205
m0294	m0051	42.6	1.84e-54	204
m0294	m0175	39.9	4.1e-54	203
m0294	m0037	42.4	6.99e-54	202
m0294	m0227	44.4	1.19e-53	201
m0294	m0176	38.3	3.47e-53	200
m0294	m0205	42.9	5.92e-53	199
m0294	m0079	39.0	1.32e-52	198
m0294	m0194	38.1	5.54e-51	192
m0294	m0071	37.2	1.04e-49	188
m0294	m0283	45.3	3.97e-49	186
m0294	m0028	37.8	7.49e-48	182
m0294	m0165	38.5	2.66e-45	173
m0294	m0005	36.3	1.16e-40	158
m0294	m0274	33.2	9.49e-35	138
m0294	m0288	30.2	2.77e-26	110
m0294	m0160	29.1	1.29e-23	101
m0294	m0137	26.0	7.06e-22	96
m0294	m0202	28.7	1.38e-17	81
m0294	m0228	25.3	4.01e-17	80
m0294	m0278	30.5	8.36e-15	72
m0294	m0185	24.5	1.43e-14	71
m0294	m0266	32.3	2.43e-14	70
m0294	m0041	28.6	5.42e-14	69
m0294	m0293	27.3	2.69e-13	67
m0294	m0064	27.7	2.69e-13	67
m0294	m0275	25.8	1.02e-12	65
m0294	m0292	26.5	5.07e-12	63
m0294	m0122	23.3	5.8e-08	49
m0294	m0265	27.4	7.57e-08	49
m0294	m0219	26.2	4.6e-05	40
m0294	m0016	25.7	7.84e-05	39
m0294	m0177	29.3	0.000102	39
m0294	m0218	26.1	0.000867	35
m0294	m0196	27.6	0.00562	33
m0294	m0121	29.4	0.00958	32
m0294	m0056	37.5	0.0279	30
m0294	m0129	27.6	0.0476	30
m0294	m0152	26.0	0.0621	29
m0294	m0255	26.5	0.106	28
m0294	m0053	26.1	0.138	28
m0294	m0212	42.9	0.526	26
m0294	m0060	23.7	1.53	25
m0294	m0007	26.3	4.45	23
m0294	m0099	29.0	5.81	23
m0294	m0148	44.4	7.59	22
m0293	m0202	46.9	7.36e-70	255
m0293	m0124	30.6	2.65e-27	114
m0293	m0001	30.7	4.52e-27	113
m0293	m0232	27.9	2.24e-26	111
m0293	m0090	29.4	8.52e-26	109
m0293	m0045	29.7	1.11e-25	108
m0293	m0187	33.9	1.45e-25	108
m0293	m0012	29.9	1.9e-25	107
m0293	m0168	30.9	2.48e-25	107
m0293	m0031	29.7	3.24e-25	107
m0293	m0002	31.0	4.23e-25	106
m0293	m0291	27.8	7.21e-25	106
m0293	m0083	28.7	9.42e-25	105
m0293	m0176	26.0	1.23e-24	105
m0293	m0144	27.3	1.61e-24	104
m0293	m0264	28.3	2.1e-24	104
m0293	m0193	30.2	2.1e-24	104
m0293	m0037	26.4	2.1e-24	104
m0293	m0073	30.3	3.58e-24	103
m0293	m0141	31.2	6.11e-24	102
m0293	m0234	29.1	6.11e-24	102
m0293	m0262	29.1	6.11e-24	102
m0293	m0243	29.1	7.98e-24	102
m0293	m0067	28.2	1.36e-23	101
m0293	m0101	27.0	1.78e-23	101
m0293	m0245	25.7	5.17e-23	99
m0293	m0109	26.4	5.17e-23	99
m0293	m0071	27.4	5.17e-23	99
m0293	m0123	28.1	8.82e-23	99
m0293	m0103	29.0	1.5e-22	98
m0293	m0214	29.3	1.5e-22	98
m0293	m0288	28.2	1.96e-22	97
m0293	m0283	30.4	3.35e-22	97
m0293	m0098	32.0	4.38e-22	96
m0293	m0074	26.5	4.38e-22	96
m0293	m0235	29.8	5.72e-22	96
m0293	m0272	28.6	5.72e-22	96
m0293	m0084	27.6	9.75e-22	95
m0293	m0197	28.1	1.27e-21	95
m0293	m0131	26.4	1.66e-21	94
m0293	m0273	28.1	2.17e-21	94
m0293	m0247	29.3	2.17e-21	94
m0293	m0120	26.7	2.17e-21	94
m0293	m0231	26.4	2.17e-21	94
m0293	m0065	27.4	2.84e-21	94
m0293	m0062	29.7	1.08e-20	92
m0293	m0233	29.4	1.08e-20	92
m0293	m0069	27.8	1.08e-20	92
m0293	m0252	25.6	1.08e-20	92
m0293	m0054	27.1	1.41e-20	91
m0293	m0192	27.8	1.41e-20	91
m0293	m0095	25.6	1.41e-20	91
m0293	m0118	29.6	1.84e-20	91
m0293	m0274	30.5	1.84e-20	91
m0293	m0184	25.6	4.1e-20	90
m0293	m0268	27.1	4.1e-20	90
m0293	m0162	29.9	4.1e-20	90
m0293	m0134	27.4	5.35e-20	89
m0293	m0040	29.7	5.35e-20	89
m0293	m0068	28.0	5.35e-20	89
m0293	m0149	25.3	9.13e-20	89
m0293	m0230	30.1	1.19e-19	88
m0293	m0167	24.4	1.56e-19	88
m0293	m0279	27.6	1.56e-19	88
m0293	m0043	28.6	2.03e-19	87
m0293	m0249	28.1	2.03e-19	87
m0293	m0229	28.6	2.66e-19	87
m0293	m0173	26.8	2.66e-19	87
m0293	m0086	27.4	3.47e-19	87
m0293	m0175	25.6	4.53e-19	86
m0293	m0011	30.3	5.92e-19	86
m0293	m0079	25.4	5.92e-19	86
m0293	m0048	26.1	7.73e-19	86
m0293	m0063	27.6	1.01e-18	85
m0293	m0160	25.9	1.72e-18	84
m0293	m0205	26.3	2.94e-18	84
m0293	m0159	29.5	2.94e-18	84
m0293	m0155	30.2	3.83e-18	83
m0293	m0194	25.7	3.83e-18	83
m0293	m0244	25.8	3.83e-18	83
m0293	m0102	28.1	5.01e-18	83
m0293	m0188	25.7	5.01e-18	83
m0293	m0170	28.9	5.01e-18	83
m0293	m0006	25.7	6.54e-18	82
m0293	m0210	25.2	8.54e-18	82
m0293	m0275	25.6	8.54e-18	82
m0293	m0096	27.2	1.12e-17	82
m0293	m0066	30.2	1.12e-17	82
m0293	m0051	28.3	1.46e-17	81
m0293	m0104	28.5	1.46e-17	81
m0293	m0017	27.8	1.46e-17	81
m0293	m0158	27.9	1.46e-17	81
m0293	m0191	27.8	1.46e-17	81
m0293	m0070	26.3	2.49e-17	80
m0293	m0285	27.1	3.25e-17	80
m0293	m0128	27.4	4.24e-17	80
m0293	m0130	24.6	4.24e-17	80
m0293	m0248	24.9	7.23e-17	79
m0293	m0097	27.1	7.23e-17	79
m0293	m0182	25.4	7.23e-17	79
m0293	m0005	28.4	7.23e-17	79
m0293	m0267	28.4	9.44e-17	79
m0293	m0036	26.4	9.44e-17	79
m0293	m0216	26.2	1.23e-16	78
m0293	m0172	25.4	1.23e-16	78
m0293	m0166	26.4	1.23e-16	78
m0293	m0077	23.4	1.23e-16	78
m0293	m0254	26.0	1.61e-16	78
m0293	m0169	26.2	1.61e-16	78
m0293	m0281	25.4	2.1e-16	77
m0293	m0206	26.0	2.75e-16	77
m0293	m0161	26.6	2.75e-16	77
m0293	m0050	25.2	3.59e-16	77
m0293	m0023	27.4	4.69e-16	76
m0293	m0178	26.2	4.69e-16	76
m0293	m0111	25.4	4.69e-16	76
m0293	m0014	27.8	4.69e-16	76
m0293	m0125	28.0	6.12e-16	76
m0293	m0137	24.3	6.12e-16	76
m0293	m0277	26.6	6.12e-16	76
m0293	m0138	25.4	6.12e-16	76
m0293	m0163	25.8	6.12e-16	76
m0293	m0039	27.3	8e-16	75
m0293	m0093	27.1	8e-16	75
m0293	m0157	25.1	1.04e-15	75
m0293	m0185	27.6	1.04e-15	75
m0293	m0282	23.4	1.36e-15	75
m0293	m0076	25.7	1.36e-15	75
m0293	m0198	28.7	1.78e-15	74
m0293	m0033	27.3	3.97e-15	73
m0293	m0133	27.3	5.18e-15	73
m0293	m0094	26.6	5.18e-15	73
m0293	m0088	26.3	6.77e-15	72
m0293	m0025	26.3	8.84e-15	72
m0293	m0174	25.5	8.84e-15	72
m0293	m0237	25.4	1.15e-14	72
m0293	m0154	26.0	1.51e-14	71
m0293	m0047	24.1	1.51e-14	71
m0293	m0028	25.7	1.97e-14	71
m0293	m0238	24.0	2.57e-14	70
m0293	m0215	26.0	4.39e-14	70
m0293	m0227	25.6	5.73e-14	69
m0293	m0113	25.5	1.67e-13	68
m0293	m0217	24.9	2.84e-13	67
m0293	m0165	26.8	4.85e-13	66
m0293	m0259	25.2	1.41e-12	65
m0293	m0183	24.8	1.19e-11	62
m0293	m0064	25.5	1.19e-11	62
m0293	m0292	25.0	3.48e-11	60
m0293	m0041	27.9	1.24e-08	52
m0293	m0266	24.6	1.37e-07	48
m0293	m0228	22.7	1.37e-07	48
m0293	m0265	26.0	3.98e-07	47
m0293	m0219	27.4	2.58e-06	44
m0293	m0136	26.8	1.28e-05	42
m0293	m0016	21.0	2.85e-05	40
m0293	m0198	25.5	0.0858	29
m0293	m0262	23.1	0.0858	29
m0293	m0012	31.2	0.556	26
m0293	m0158	30.1	0.727	26
m0293	m0001	21.5	0.949	25
m0293	m0146	26.9	1.24	25
m0293	m0231	24.7	2.11	24
m0293	m0147	37.5	2.11	24
m0293	m0053	24.5	3.61	23
m0293	m0170	30.8	8.03	22
m0292	m0185	63.1	1.23e-98	351
m0292	m0064	50.4	1.38e-65	241
m0292	m0041	43.4	6.42e-55	205
m0292	m0278	42.4	2.44e-54	203
m0292	m0074	27.1	2.3e-20	91
m0292	m0001	27.9	8.75e-20	89
m0292	m0168	29.2	1.49e-19	88
m0292	m0011	29.5	4.34e-19	86
m0292	m0095	27.6	1.26e-18	85
m0292	m0065	29.8	3.68e-18	83
m0292	m0103	27.6	4.8e-18	83
m0292	m0031	29.3	6.27e-18	82
m0292	m0162	28.5	1.82e-17	81
m0292	m0071	28.9	1.82e-17	81
m0292	m0128	28.2	2.38e-17	80
m0292	m0120	26.9	4.07e-17	80
m0292	m0184	27.8	4.07e-17	80
m0292	m0285	29.3	5.31e-17	79
m0292	m0102	28.7	6.93e-17	79
m0292	m0025	28.7	9.06e-17	79
m0292	m0109	26.9	9.06e-17	79
m0292	m0123	28.8	9.06e-17	79
m0292	m0131	27.9	9.06e-17	79
m0292	m0040	28.4	1.18e-16	78
m0292	m0149	25.9	1.18e-16	78
m0292	m0194	28.6	2.64e-16	77
m0292	m0067	27.5	2.64e-16	77
m0292	m0193	27.6	2.64e-16	77
m0292	m0045	27.9	7.67e-16	75
m0292	m0083	28.6	1e-15	75
m0292	m0291	26.3	1.31e-15	75
m0292	m0101	26.2	1.31e-15	75
m0292	m0176	27.2	1.31e-15	75
m0292	m0104	26.9	1.31e-15	75
m0292	m0037	25.8	2.23e-15	74
m0292	m0215	30.5	2.23e-15	74
m0292	m0002	27.0	2.91e-15	74
m0292	m0043	26.3	2.91e-15	74
m0292	m0012	27.8	3.8e-15	73
m0292	m0175	28.1	3.8e-15	73
m0292	m0122	23.0	4.97e-15	73
m0292	m0206	29.8	4.97e-15	73
m0292	m0235	26.9	4.97e-15	73
m0292	m0234	26.9	6.49e-15	72
m0292	m0182	31.8	6.49e-15	72
m0292	m0233	25.3	8.48e-15	72
m0292	m0191	26.6	8.48e-15	72
m0292	m0237	27.6	1.11e-14	72
m0292	m0161	28.7	1.11e-14	72
m0292	m0252	27.7	1.11e-14	72
m0292	m0244	26.5	1.45e-14	71
m0292	m0243	27.3	1.45e-14	71
m0292	m0133	29.8	1.89e-14	71
m0292	m0125	29.5	1.89e-14	71
m0292	m0173	29.1	2.47e-14	70
m0292	m0272	26.8	2.47e-14	70
m0292	m0158	31.0	2.47e-14	70
m0292	m0047	28.2	2.47e-14	70
m0292	m0051	29.6	2.47e-14	70
m0292	m0006	28.5	2.47e-14	70
m0292	m0017	27.2	3.22e-14	70
m0292	m0166	25.8	3.22e-14	70
m0292	m0157	28.2	3.22e-14	70
m0292	m0050	28.1	3.22e-14	70
m0292	m0202	25.5	3.22e-14	70
m0292	m0230	24.7	3.22e-14	70
m0292	m0267	27.5	3.22e-14	70
m0292	m0262	28.4	4.21e-14	70
m0292	m0167	26.8	4.21e-14	70
m0292	m0090	27.3	4.21e-14	70
m0292	m0093	28.5	5.49e-14	69
m0292	m0130	26.8	7.18e-14	69
m0292	m0247	25.9	9.37e-14	69
m0292	m0073	25.0	9.37e-14	69
m0292	m0079	26.5	9.37e-14	69
m0292	m0172	26.7	1.22e-13	68
m0292	m0174	26.7	1.22e-13	68
m0292	m0169	27.3	1.22e-13	68
m0292	m0216	27.6	1.6e-13	68
m0292	m0111	27.4	1.6e-13	68
m0292	m0014	27.9	1.6e-13	68
m0292	m0170	28.4	1.6e-13	68
m0292	m0062	24.6	1.6e-13	68
m0292	m0023	28.9	2.09e-13	67
m0292	m0096	26.8	2.73e-13	67
m0292	m0054	25.3	3.56e-13	67
m0292	m0094	27.3	3.56e-13	67
m0292	m0248	28.7	3.56e-13	67
m0292	m0124	28.7	4.65e-13	66
m0292	m0070	28.1	6.07e-13	66
m0292	m0039	28.2	6.07e-13	66
m0292	m0084	27.8	6.07e-13	66
m0292	m0259	29.8	6.07e-13	66
m0292	m0188	29.7	6.07e-13	66
m0292	m0068	28.0	6.07e-13	66
m0292	m0097	25.7	7.93e-13	65
m0292	m0063	25.3	7.93e-13	65
m0292	m0238	30.3	7.93e-13	65
m0292	m0178	26.5	1.04e-12	65
m0292	m0214	29.6	1.35e-12	65
m0292	m0229	23.9	1.77e-12	64
m0292	m0281	27.7	1.77e-12	64
m0292	m0155	24.5	1.77e-12	64
m0292	m0198	29.6	2.31e-12	64
m0292	m0232	24.0	2.31e-12	64
m0292	m0069	26.4	2.31e-12	64
m0292	m0245	27.2	2.31e-12	64
m0292	m0254	26.8	2.31e-12	64
m0292	m0187	26.3	3.01e-12	64
m0292	m0192	27.7	3.94e-12	63
m0292	m0279	26.0	5.14e-12	63
m0292	m0264	25.5	5.14e-12	63
m0292	m0249	24.2	6.72e-12	62
m0292	m0227	29.0	6.72e-12	62
m0292	m0205	27.6	8.77e-12	62
m0292	m0183	30.3	8.77e-12	62
m0292	m0154	29.2	8.77e-12	62
m0292	m0288	24.2	8.77e-12	62
m0292	m0210	25.7	1.15e-11	62
m0292	m0277	25.1	1.15e-11	62
m0292	m0118	26.3	1.5e-11	61
m0292	m0228	27.6	2.55e-11	60
m0292	m0163	27.8	2.55e-11	60
m0292	m0036	23.6	3.33e-11	60
m0292	m0138	25.3	3.33e-11	60
m0292	m0086	24.1	5.69e-11	59
m0292	m0098	24.5	7.43e-11	59
m0292	m0005	28.2	1.27e-10	58
m0292	m0076	27.0	1.27e-10	58
m0292	m0165	27.8	1.65e-10	58
m0292	m0282	26.4	1.65e-10	58
m0292	m0088	25.0	2.16e-10	57
m0292	m0113	26.7	3.69e-10	57
m0292	m0077	27.5	3.69e-10	57
m0292	m0231	24.0	4.81e-10	56
m0292	m0141	25.8	4.81e-10	56
m0292	m0028	25.1	8.21e-10	55
m0292	m0066	27.0	1.07e-09	55
m0292	m0048	24.3	1.07e-09	55
m0292	m0217	28.4	1.83e-09	54
m0292	m0265	22.4	2.39e-09	54
m0292	m0134	25.4	2.39e-09	54
m0292	m0273	24.6	5.32e-09	53
m0292	m0033	26.9	9.08e-09	52
m0292	m0197	23.1	9.08e-09	52
m0292	m0144	25.3	1.19e-08	52
m0292	m0160	25.3	2.02e-08	51
m0292	m0268	24.1	2.02e-08	51
m0292	m0275	24.0	2.64e-08	50
m0292	m0137	25.4	3.45e-08	50
m0292	m0159	23.8	4.98e-07	46
m0292	m0274	22.7	4.22e-06	43
m0292	m0218	26.9	4.66e-05	40
m0292	m0283	24.3	4.66e-05	40
m0292	m0266	24.0	7.95e-05	39
m0292	m0287	54.5	0.313	27
m0292	m0228	45.0	4.52	23
m0292	m0180	35.1	5.9	23
m0292	m0241	48.0	7.7	22
m0291	m0067	78.3	1.62e-136	476
m0291	m0176	73.9	1.09e-132	464
m0291	m0065	73.3	9.2e-132	461
m0291	m0037	71.9	5.22e-127	445
m0291	m0095	71.2	1.86e-124	436
m0291	m0249	58.4	2.21e-101	360
m0291	m0036	57.3	8.4e-101	358
m0291	m0184	53.5	1.7e-93	334
m0291	m0175	53.3	1.44e-92	330
m0291	m0167	53.2	9.31e-92	328
m0291	m0079	53.7	2.99e-90	323
m0291	m0194	51.6	1.06e-87	314
m0291	m0028	50.2	1.88e-84	304
m0291	m0144	49.5	3e-82	296
m0291	m0245	48.5	2.38e-79	287
m0291	m0272	48.5	4.96e-77	279
m0291	m0101	47.4	1.1e-76	278
m0291	m0233	49.8	5.48e-76	275
m0291	m0230	48.0	2.72e-75	273
m0291	m0193	49.0	1.35e-74	271
m0291	m0001	47.4	3.01e-74	270
m0291	m0062	48.0	3.93e-74	269
m0291	m0031	49.6	3.93e-74	269
m0291	m0187	51.1	4.34e-73	266
m0291	m0264	46.6	5.67e-73	265
m0291	m0109	49.8	9.67e-73	265
m0291	m0247	45.9	2.16e-72	263
m0291	m0262	50.9	3.68e-72	263
m0291	m0083	47.8	4.8e-72	262
m0291	m0074	48.3	1.82e-71	260
m0291	m0124	48.0	4.06e-71	259
m0291	m0168	47.4	5.87e-70	255
m0291	m0002	50.2	7.67e-70	255
m0291	m0232	48.4	7.67e-70	255
m0291	m0229	49.1	1e-69	255
m0291	m0103	47.6	2.91e-69	253
m0291	m0045	45.7	4.97e-69	252
m0291	m0011	46.5	1.11e-68	251
m0291	m0077	49.6	1.45e-68	251
m0291	m0043	47.0	1.45e-68	251
m0291	m0131	48.7	1.45e-68	251
m0291	m0120	48.2	1.89e-68	250
m0291	m0191	48.7	2.47e-68	250
m0291	m0123	47.0	5.49e-68	249
m0291	m0063	47.2	7.17e-68	248
m0291	m0141	48.1	1.22e-67	248
m0291	m0012	43.6	4.65e-67	246
m0291	m0268	45.7	2.55e-65	240
m0291	m0234	45.4	3.33e-65	240
m0291	m0166	44.5	5.68e-65	239
m0291	m0134	42.7	3.68e-64	236
m0291	m0235	44.7	6.29e-64	235
m0291	m0155	45.5	4.07e-63	233
m0291	m0149	47.4	2.02e-62	230
m0291	m0054	41.9	2.24e-61	227
m0291	m0231	40.8	1.11e-60	225
m0291	m0165	45.3	4.22e-60	223
m0291	m0069	40.3	9.39e-60	221
m0291	m0086	42.9	1.6e-59	221
m0291	m0252	44.9	1.04e-58	218
m0291	m0048	42.1	1.77e-58	217
m0291	m0098	42.3	3.95e-58	216
m0291	m0197	40.5	8.79e-58	215
m0291	m0084	38.9	2.83e-56	210
m0291	m0097	41.3	6.3e-56	209
m0291	m0071	43.3	8.23e-56	208
m0291	m0118	39.9	1.4e-55	208
m0291	m0033	39.2	1.83e-55	207
m0291	m0273	41.2	2.39e-55	207
m0291	m0192	39.5	4.08e-55	206
m0291	m0090	39.5	4.08e-55	206
m0291	m0066	40.5	5.33e-55	206
m0291	m0051	43.6	6.97e-55	205
m0291	m0073	41.0	1.19e-54	205
m0291	m0158	41.1	1.01e-53	201
m0291	m0162	40.7	1.31e-53	201
m0291	m0040	39.9	2.24e-53	200
m0291	m0243	39.8	4.99e-53	199
m0291	m0170	42.4	7.21e-52	195
m0291	m0182	39.5	9.41e-52	195
m0291	m0282	39.7	1.23e-51	195
m0291	m0104	40.3	1.61e-51	194
m0291	m0068	40.6	2.1e-51	194
m0291	m0173	40.9	7.97e-51	192
m0291	m0014	40.9	7.97e-51	192
m0291	m0198	40.2	1.04e-50	191
m0291	m0161	40.8	1.78e-50	191
m0291	m0070	40.2	2.32e-50	190
m0291	m0159	37.6	5.17e-50	189
m0291	m0279	39.5	6.75e-50	189
m0291	m0111	39.2	6.75e-50	189
m0291	m0113	40.6	1.15e-49	188
m0291	m0017	38.7	1.5e-49	188
m0291	m0094	40.5	1.96e-49	187
m0291	m0006	38.9	2.56e-49	187
m0291	m0125	39.8	2.56e-49	187
m0291	m0216	38.7	3.35e-49	186
m0291	m0096	40.3	3.35e-49	186
m0291	m0277	40.0	3.35e-49	186
m0291	m0267	40.8	4.37e-49	186
m0291	m0050	39.9	5.71e-49	186
m0291	m0102	39.6	5.71e-49	186
m0291	m0237	38.4	5.71e-49	186
m0291	m0254	39.5	5.71e-49	186
m0291	m0157	38.9	9.74e-49	185
m0291	m0178	40.3	1.66e-48	184
m0291	m0206	39.1	2.17e-48	184
m0291	m0210	39.6	2.83e-48	183
m0291	m0281	38.7	2.83e-48	183
m0291	m0227	38.3	4.83e-48	183
m0291	m0088	40.0	4.83e-48	183
m0291	m0093	39.2	6.31e-48	182
m0291	m0285	36.7	6.31e-48	182
m0291	m0248	39.1	1.08e-47	181
m0291	m0283	42.1	1.41e-47	181
m0291	m0133	36.8	1.84e-47	181
m0291	m0047	38.2	2.4e-47	180
m0291	m0214	39.7	4.09e-47	179
m0291	m0215	40.1	1.19e-46	178
m0291	m0023	38.5	1.19e-46	178
m0291	m0163	38.3	2.03e-46	177
m0291	m0238	39.5	3.46e-46	176
m0291	m0128	40.2	4.53e-46	176
m0291	m0188	36.7	7.72e-46	175
m0291	m0039	37.4	1.01e-45	175
m0291	m0130	37.6	1.01e-45	175
m0291	m0174	38.0	1.72e-45	174
m0291	m0217	38.1	6.53e-45	172
m0291	m0076	39.1	8.53e-45	172
m0291	m0169	36.0	8.53e-45	172
m0291	m0138	35.5	1.46e-44	171
m0291	m0005	35.9	1.9e-44	171
m0291	m0154	36.0	3.24e-44	170
m0291	m0259	37.8	3.24e-44	170
m0291	m0172	36.3	5.53e-44	169
m0291	m0183	38.7	7.22e-44	169
m0291	m0205	38.5	2.75e-43	167
m0291	m0274	34.9	7.99e-43	165
m0291	m0244	35.4	1.78e-42	164
m0291	m0025	33.7	1.28e-40	158
m0291	m0137	31.8	1.12e-36	145
m0291	m0160	32.7	5.54e-36	143
m0291	m0288	31.6	6.13e-35	139
m0291	m0185	29.4	1.98e-25	107
m0291	m0202	29.8	2.85e-24	104
m0291	m0228	30.5	4.27e-20	90
m0291	m0266	32.2	1.68e-16	78
m0291	m0275	25.0	6.37e-16	76
m0291	m0278	26.0	1.33e-13	68
m0291	m0041	24.7	1.74e-13	68
m0291	m0219	33.0	4.73e-11	60
m0291	m0064	24.9	4.42e-09	53
m0291	m0016	28.5	4.89e-08	50
m0291	m0177	25.6	0.00278	34
m0291	m0026	28.9	0.0235	31
m0291	m0061	23.6	0.0524	30
m0291	m0173	28.1	0.34	27
m0291	m0143	23.1	1.29	25
m0291	m0259	25.4	3.75	23
m0291	m0274	25.4	8.36	22
m0290	m0148	30.8	4.75e-08	50
m0290	m0132	30.5	8.95e-07	45
m0290	m0037	31.2	3.76e-05	40
m0290	m0289	26.8	4.91e-05	40
m0290	m0048	25.2	0.000109	39
m0290	m0202	29.1	0.000143	38
m0290	m0219	28.8	0.000244	37
m0290	m0243	25.6	0.000244	37
m0290	m0086	25.8	0.000244	37
m0290	m0182	34.9	0.000543	36
m0290	m0268	34.2	0.000709	36
m0290	m0097	34.8	0.000709	36
m0290	m0069	30.4	0.00121	35
m0290	m0159	33.8	0.00121	35
m0290	m0198	27.6	0.00206	34
m0290	m0084	27.3	0.00206	34
m0290	m0158	24.0	0.00352	33
m0290	m0014	30.2	0.006	33
m0290	m0143	21.9	0.006	33
m0290	m0030	22.4	0.00784	32
m0290	m0155	28.3	0.0102	32
m0290	m0205	32.7	0.0175	31
m0290	m0161	31.2	0.0175	31
m0290	m0192	28.8	0.0228	31
m0290	m0026	42.1	0.0298	30
m0290	m0225	23.8	0.0298	30
m0290	m0232	30.8	0.0389	30
m0290	m0152	34.0	0.0389	30
m0290	m0141	26.9	0.0867	29
m0290	m0084	24.7	0.0867	29
m0290	m0177	29.1	0.113	28
m0290	m0165	32.8	0.193	28
m0290	m0118	28.1	0.329	27
m0290	m0089	23.2	0.959	25
m0290	m0051	21.2	1.25	25
m0290	m0129	25.5	2.14	24
m0290	m0227	31.1	3.64	23
m0290	m0027	25.0	6.21	23
m0289	m0225	41.8	2.81e-106	377
m0289	m0030	33.2	4.1e-65	240
m0289	m0114	42.1	1.51e-51	195
m0289	m0208	37.9	2.26e-47	181
m0289	m0132	30.5	2.45e-09	55
m0289	m0148	33.3	9.29e-09	53
m0289	m0147	31.1	5.1e-07	47
m0289	m0015	27.3	2.08	25
m0289	m0246	20.8	3.54	24
m0288	m0095	32.8	1.56e-38	151
m0288	m0124	31.9	1.73e-37	148
m0288	m0079	30.5	6.57e-37	146
m0288	m0031	35.1	8.58e-37	145
m0288	m0083	34.3	4.26e-36	143
m0288	m0043	31.7	5.56e-36	143
m0288	m0012	33.6	9.49e-36	142
m0288	m0067	31.4	1.24e-35	141
m0288	m0245	32.7	1.62e-35	141
m0288	m0144	33.2	1.62e-35	141
m0288	m0063	31.5	1.62e-35	141
m0288	m0109	33.5	2.11e-35	141
m0288	m0002	35.4	2.76e-35	140
m0288	m0037	32.0	2.76e-35	140
m0288	m0001	35.5	6.15e-35	139
m0288	m0062	32.7	6.15e-35	139
m0288	m0045	32.9	8.03e-35	139
m0288	m0074	32.7	1.05e-34	138
m0288	m0184	29.8	1.37e-34	138
m0288	m0235	32.4	2.34e-34	137
m0288	m0229	34.1	3.05e-34	137
m0288	m0120	36.4	3.05e-34	137
m0288	m0247	33.1	6.8e-34	136
m0288	m0187	34.7	6.8e-34	136
m0288	m0193	32.8	6.8e-34	136
m0288	m0175	30.2	6.8e-34	136
m0288	m0168	31.1	8.88e-34	135
m0288	m0234	34.9	1.16e-33	135
m0288	m0090	31.8	1.98e-33	134
m0288	m0167	28.7	1.98e-33	134
m0288	m0194	29.8	3.37e-33	133
m0288	m0233	29.6	4.41e-33	133
m0288	m0232	31.3	7.52e-33	132
m0288	m0134	32.3	9.82e-33	132
m0288	m0264	32.3	9.82e-33	132
m0288	m0065	32.0	1.28e-32	131
m0288	m0166	30.0	1.67e-32	131
m0288	m0231	32.9	1.67e-32	131
m0288	m0123	33.5	3.73e-32	130
m0288	m0011	33.8	1.09e-31	128
m0288	m0272	28.8	1.42e-31	128
m0288	m0262	33.1	1.85e-31	127
m0288	m0028	31.4	2.42e-31	127
m0288	m0054	28.4	2.42e-31	127
m0288	m0101	29.1	3.16e-31	127
m0288	m0230	31.5	3.16e-31	127
m0288	m0103	33.3	3.16e-31	127
m0288	m0036	31.1	5.39e-31	126
m0288	m0118	34.4	1.2e-30	125
m0288	m0249	29.3	1.57e-30	124
m0288	m0141	33.2	2.67e-30	124
m0288	m0040	30.9	2.67e-30	124
m0288	m0274	32.3	4.56e-30	123
m0288	m0182	31.1	5.96e-30	122
m0288	m0047	31.1	5.96e-30	122
m0288	m0149	28.6	5.96e-30	122
m0288	m0282	29.4	7.78e-30	122
m0288	m0084	30.5	1.33e-29	121
m0288	m0176	28.1	1.73e-29	121
m0288	m0283	37.0	2.26e-29	121
m0288	m0155	31.8	3.86e-29	120
m0288	m0252	31.3	3.86e-29	120
m0288	m0158	30.7	6.59e-29	119
m0288	m0206	30.3	1.47e-28	118
m0288	m0216	30.8	1.92e-28	117
m0288	m0254	30.8	1.92e-28	117
m0288	m0215	31.2	3.27e-28	117
m0288	m0131	31.4	3.27e-28	117
m0288	m0093	33.5	3.27e-28	117
m0288	m0098	32.1	4.27e-28	116
m0288	m0157	29.9	7.28e-28	116
m0288	m0111	33.0	7.28e-28	116
m0288	m0050	28.3	9.51e-28	115
m0288	m0096	30.1	9.51e-28	115
m0288	m0197	32.1	9.51e-28	115
m0288	m0104	28.6	1.62e-27	114
m0288	m0125	31.7	1.62e-27	114
m0288	m0170	28.8	1.62e-27	114
m0288	m0268	30.3	1.62e-27	114
m0288	m0023	30.8	2.77e-27	114
m0288	m0051	29.6	2.77e-27	114
m0288	m0277	31.3	2.77e-27	114
m0288	m0069	29.9	2.77e-27	114
m0288	m0163	30.0	3.61e-27	113
m0288	m0073	31.8	4.72e-27	113
m0288	m0077	31.6	8.05e-27	112
m0288	m0162	28.3	1.37e-26	111
m0288	m0191	30.3	2.34e-26	111
m0288	m0014	29.5	2.34e-26	111
m0288	m0113	30.1	2.34e-26	111
m0288	m0198	30.4	2.34e-26	111
m0288	m0205	25.9	2.34e-26	111
m0288	m0154	32.4	2.34e-26	111
m0288	m0192	30.0	3.06e-26	110
m0288	m0006	28.2	4e-26	110
m0288	m0174	29.8	6.82e-26	109
m0288	m0161	28.5	8.9e-26	109
m0288	m0238	32.6	1.16e-25	108
m0288	m0267	33.3	1.52e-25	108
m0288	m0071	30.1	2.59e-25	107
m0288	m0033	27.9	2.59e-25	107
m0288	m0068	29.2	3.38e-25	107
m0288	m0097	30.9	3.38e-25	107
m0288	m0279	30.8	4.42e-25	106
m0288	m0273	27.3	5.77e-25	106
m0288	m0086	32.7	7.54e-25	106
m0288	m0094	27.6	7.54e-25	106
m0288	m0165	29.7	7.54e-25	106
m0288	m0281	30.5	1.29e-24	105
m0288	m0128	29.7	1.29e-24	105
m0288	m0244	28.8	1.29e-24	105
m0288	m0070	27.3	1.29e-24	105
m0288	m0214	31.6	1.68e-24	104
m0288	m0188	30.5	1.68e-24	104
m0288	m0133	32.9	2.19e-24	104
m0288	m0178	31.1	2.19e-24	104
m0288	m0076	32.0	2.86e-24	104
m0288	m0248	29.4	3.74e-24	103
m0288	m0169	31.0	4.88e-24	103
m0288	m0285	28.2	6.38e-24	102
m0288	m0227	28.3	6.38e-24	102
m0288	m0025	28.3	8.33e-24	102
m0288	m0159	29.5	8.33e-24	102
m0288	m0039	28.5	1.42e-23	101
m0288	m0202	28.9	1.42e-23	101
m0288	m0088	30.0	3.17e-23	100
m0288	m0259	30.7	3.17e-23	100
m0288	m0172	29.0	5.4e-23	99
m0288	m0217	29.7	5.4e-23	99
m0288	m0048	26.2	7.05e-23	99
m0288	m0017	30.6	7.05e-23	99
m0288	m0005	29.0	2.05e-22	97
m0288	m0102	28.0	3.5e-22	97
m0288	m0138	29.7	5.97e-22	96
m0288	m0066	29.4	7.8e-22	96
m0288	m0243	27.5	7.8e-22	96
m0288	m0183	30.6	7.8e-22	96
m0288	m0160	29.0	1.02e-21	95
m0288	m0173	28.5	1.02e-21	95
m0288	m0137	29.9	1.02e-21	95
m0288	m0130	29.3	1.74e-21	94
m0288	m0210	26.1	6.6e-21	92
m0288	m0237	27.6	3.62e-19	87
m0288	m0278	28.6	3.75e-16	77
m0288	m0185	24.1	8.35e-16	75
m0288	m0266	30.1	4.58e-14	70
m0288	m0041	30.7	5.6e-12	63
m0288	m0275	24.1	2.13e-11	61
m0288	m0064	24.2	2.78e-11	60
m0288	m0122	22.9	1.53e-09	55
m0288	m0228	23.5	2.2e-08	51
m0288	m0265	26.9	2.2e-08	51
m0288	m0136	27.9	2.98e-05	40
m0288	m0219	27.5	0.00213	34
m0288	m0016	24.7	0.00279	34
m0288	m0255	24.8	0.0106	32
m0288	m0129	31.4	0.0896	29
m0288	m0213	35.3	0.341	27
m0288	m0108	21.8	4.92	23
m0288	m0212	37.1	4.92	23
m0288	m0021	41.7	8.39	22
m0287	m0276	47.4	1.62e-74	271
m0287	m0209	47.7	3.05e-73	267
m0287	m0246	45.7	2.18e-71	260
m0287	m0190	47.5	2.42e-70	257
m0287	m0151	43.5	6.37e-63	232
m0287	m0009	40.3	5.96e-61	226
m0287	m0085	42.5	1.73e-60	224
m0287	m0058	40.4	8.61e-60	222
m0287	m0087	40.5	1.92e-59	221
m0287	m0046	42.1	5.58e-59	219
m0287	m0110	41.0	1.99e-56	211
m0287	m0222	41.8	2.59e-56	210
m0287	m0179	38.5	3.74e-55	206
m0287	m0019	40.2	1.86e-54	204
m0287	m0251	39.6	4.58e-53	200
m0287	m0106	43.1	1.02e-52	198
m0287	m0186	39.0	1.92e-51	194
m0287	m0112	38.5	1.92e-51	194
m0287	m0029	36.5	7.31e-51	192
m0287	m0164	39.1	1.63e-50	191
m0287	m0226	42.9	2.78e-50	190
m0287	m0082	38.7	3.07e-49	187
m0287	m0049	37.2	4.29e-43	166
m0287	m0105	33.8	3.4e-40	157
m0287	m0135	33.7	6.87e-33	132
m0287	m0242	34.1	7.6e-32	129
m0287	m0171	32.2	9.92e-32	129
m0287	m0256	35.7	2.89e-31	127
m0287	m0221	32.0	2.44e-30	124
m0287	m0269	32.3	3.53e-29	120
m0287	m0220	33.4	1.94e-27	114
m0287	m0284	40.6	3.3e-27	114
m0287	m0256	41.0	2e-24	104
m0287	m0207	26.7	2.62e-24	104
m0287	m0284	38.3	2.54e-11	61
m0287	m0005	31.4	0.531	27
m0287	m0068	26.6	2.64	24
m0287	m0185	35.9	3.44	24
m0287	m0132	24.7	4.49	23
m0287	m0204	33.3	5.87	23
m0287	m0234	41.7	5.87	23
m0287	m0064	50.0	7.67	23
m0285	m0128	81.0	2.15e-130	456
m0285	m0102	67.7	8.22e-114	401
m0285	m0170	66.3	5.89e-112	395
m0285	m0104	69.4	1.11e-110	391
m0285	m0040	65.0	5.52e-110	388
m0285	m0162	66.1	1.6e-109	387
m0285	m0210	65.3	2.74e-109	386
m0285	m0051	64.3	1.96e-107	380
m0285	m0103	46.4	3.06e-68	250
m0285	m0131	46.0	3.74e-66	243
m0285	m0234	48.0	3.74e-66	243
m0285	m0109	44.8	3.17e-65	240
m0285	m0235	47.6	4.14e-65	239
m0285	m0166	45.3	2.05e-64	237
m0285	m0033	46.1	5.98e-64	235
m0285	m0123	45.8	5.98e-64	235
m0285	m0063	46.1	2.97e-63	233
m0285	m0120	49.4	2.51e-62	230
m0285	m0054	44.7	1.25e-61	228
m0285	m0247	43.8	3.63e-61	226
m0285	m0233	42.5	6.18e-61	225
m0285	m0272	43.5	1.05e-60	225
m0285	m0011	46.5	2.35e-60	223
m0285	m0043	43.7	3.07e-60	223
m0285	m0090	43.3	4.01e-60	223
m0285	m0168	46.2	6.84e-60	222
m0285	m0001	44.6	8.93e-60	221
m0285	m0045	43.1	1.99e-59	220
m0285	m0193	46.4	2.6e-59	220
m0285	m0262	42.4	3.39e-59	220
m0285	m0149	41.5	9.87e-59	218
m0285	m0230	41.9	9.87e-59	218
m0285	m0083	42.9	1.29e-58	218
m0285	m0086	42.1	1.68e-58	217
m0285	m0187	44.2	1.68e-58	217
m0285	m0268	43.7	4.9e-58	216
m0285	m0252	43.3	4.9e-58	216
m0285	m0134	41.8	8.36e-58	215
m0285	m0071	41.0	1.86e-57	214
m0285	m0232	43.0	5.42e-57	212
m0285	m0062	41.6	9.24e-57	211
m0285	m0012	42.8	2.69e-56	210
m0285	m0077	40.8	2.52e-54	203
m0285	m0229	44.4	2.52e-54	203
m0285	m0191	42.2	5.61e-54	202
m0285	m0169	40.9	5.61e-54	202
m0285	m0124	40.9	5.61e-54	202
m0285	m0002	42.9	7.32e-54	202
m0285	m0273	41.6	2.13e-53	200
m0285	m0130	42.0	2.13e-53	200
m0285	m0074	41.8	2.13e-53	200
m0285	m0138	41.8	4.75e-53	199
m0285	m0155	41.9	4.75e-53	199
m0285	m0188	39.2	1.38e-52	198
m0285	m0097	40.3	2.6e-51	193
m0285	m0144	43.2	2.6e-51	193
m0285	m0192	38.4	3.4e-51	193
m0285	m0118	38.0	4.44e-51	193
m0285	m0231	38.4	5.8e-51	192
m0285	m0031	40.4	7.58e-51	192
m0285	m0048	40.9	1.29e-50	191
m0285	m0141	41.4	1.29e-50	191
m0285	m0084	37.5	2.2e-50	190
m0285	m0173	40.5	2.88e-50	190
m0285	m0281	39.1	4.91e-50	189
m0285	m0264	37.8	4.91e-50	189
m0285	m0069	40.1	6.41e-50	189
m0285	m0070	40.9	6.41e-50	189
m0285	m0172	38.0	1.43e-49	188
m0285	m0163	37.4	1.87e-49	187
m0285	m0245	39.2	2.44e-49	187
m0285	m0248	39.9	3.18e-49	186
m0285	m0066	40.4	4.16e-49	186
m0285	m0197	39.0	5.43e-49	186
m0285	m0279	39.9	7.09e-49	185
m0285	m0174	36.6	9.26e-49	185
m0285	m0025	37.1	1.58e-48	184
m0285	m0182	39.3	2.69e-48	183
m0285	m0175	37.0	3.52e-48	183
m0285	m0161	40.1	7.84e-48	182
m0285	m0133	37.8	1.02e-47	181
m0285	m0067	37.0	1.02e-47	181
m0285	m0036	38.7	1.02e-47	181
m0285	m0184	36.7	1.34e-47	181
m0285	m0238	37.1	1.75e-47	181
m0285	m0079	37.9	2.98e-47	180
m0285	m0249	38.3	3.89e-47	179
m0285	m0154	37.6	3.89e-47	179
m0285	m0101	37.4	3.89e-47	179
m0285	m0243	38.0	8.67e-47	178
m0285	m0088	37.8	8.67e-47	178
m0285	m0006	39.9	8.67e-47	178
m0285	m0098	41.1	1.13e-46	178
m0285	m0167	36.6	1.13e-46	178
m0285	m0113	38.9	1.48e-46	178
m0285	m0014	39.9	1.48e-46	178
m0285	m0244	35.8	1.48e-46	178
m0285	m0111	39.2	1.93e-46	177
m0285	m0194	36.5	2.52e-46	177
m0285	m0206	38.5	3.29e-46	176
m0285	m0158	36.6	3.29e-46	176
m0285	m0073	39.1	4.3e-46	176
m0285	m0267	39.5	4.3e-46	176
m0285	m0176	35.4	7.34e-46	175
m0285	m0093	38.0	7.34e-46	175
m0285	m0227	37.0	7.34e-46	175
m0285	m0065	36.4	9.58e-46	175
m0285	m0096	39.3	1.25e-45	174
m0285	m0282	36.7	1.25e-45	174
m0285	m0259	38.8	1.63e-45	174
m0285	m0039	39.0	2.14e-45	174
m0285	m0050	39.1	3.64e-45	173
m0285	m0095	35.8	3.64e-45	173
m0285	m0237	36.9	8.11e-45	172
m0285	m0157	37.8	8.11e-45	172
m0285	m0277	36.3	8.11e-45	172
m0285	m0165	38.2	1.06e-44	171
m0285	m0023	38.7	1.06e-44	171
m0285	m0215	38.6	1.38e-44	171
m0285	m0125	36.6	1.81e-44	171
m0285	m0005	39.2	1.81e-44	171
m0285	m0216	38.5	2.36e-44	170
m0285	m0047	38.2	2.36e-44	170
m0285	m0198	36.8	2.36e-44	170
m0285	m0068	37.1	4.03e-44	169
m0285	m0214	37.7	6.87e-44	169
m0285	m0183	37.5	6.87e-44	169
m0285	m0254	38.3	8.97e-44	168
m0285	m0178	37.1	1.17e-43	168
m0285	m0028	36.2	1.53e-43	168
m0285	m0076	37.9	2.61e-43	167
m0285	m0017	36.1	3.41e-43	166
m0285	m0037	36.2	7.59e-43	165
m0285	m0217	38.7	7.59e-43	165
m0285	m0094	36.2	9.92e-43	165
m0285	m0159	38.4	1.3e-42	164
m0285	m0205	34.5	1.87e-41	161
m0285	m0283	38.4	1.13e-38	151
m0285	m0274	32.1	1.44e-25	108
m0285	m0185	27.9	4.33e-22	96
m0285	m0202	27.2	1.07e-20	92
m0285	m0041	29.7	4.05e-20	90
m0285	m0228	27.7	6.92e-20	89
m0285	m0137	28.0	9.99e-19	85
m0285	m0160	27.6	7.16e-17	79
m0285	m0265	33.1	1.82e-12	64
m0285	m0064	24.6	3.11e-12	64
m0285	m0278	27.2	5.31e-12	63
m0285	m0266	29.4	2.02e-11	61
m0285	m0122	21.3	1.22e-08	52
m0285	m0219	24.9	3.56e-08	50
m0285	m0092	25.8	0.000532	36
m0285	m0218	25.6	0.01	32
m0285	m0108	28.9	0.145	28
m0285	m0005	32.2	0.422	27
m0285	m0177	28.3	1.6	25
m0285	m0136	26.8	2.09	24
m0285	m0107	40.4	2.09	24
m0285	m0153	31.8	3.57	23
m0285	m0068	26.2	4.66	23
m0285	m0016	42.9	6.09	23
m0285	m0259	25.5	7.95	22
m0284	m0164	42.3	1.04e-65	242
m0284	m0276	40.4	3.83e-60	223
m0284	m0186	39.7	2.04e-53	201
m0284	m0190	37.7	2.49e-51	194
m0284	m0246	36.1	4.7e-50	190
m0284	m0209	38.3	8.86e-49	185
m0284	m0082	36.6	7.5e-48	182
m0284	m0058	36.6	1.41e-46	178
m0284	m0087	36.5	4.11e-46	176
m0284	m0085	35.0	5.37e-46	176
m0284	m0226	34.9	9.17e-46	175
m0284	m0251	33.7	2.11e-42	164
m0284	m0009	34.3	4.71e-42	163
m0284	m0019	32.8	9.82e-40	155
m0284	m0029	32.0	7.03e-38	149
m0284	m0110	33.2	1.02e-36	145
m0284	m0222	33.0	1.33e-36	145
m0284	m0046	30.9	8.6e-36	142
m0284	m0151	43.1	9.51e-35	139
m0284	m0179	30.1	8.05e-34	136
m0284	m0112	30.7	4.42e-32	130
m0284	m0105	28.5	2.96e-28	117
m0284	m0106	37.8	1.92e-27	114
m0284	m0269	27.9	1.8e-25	108
m0284	m0171	25.5	1.29e-23	102
m0284	m0221	27.7	7.07e-22	96
m0284	m0242	26.2	1.33e-20	92
m0284	m0220	28.9	3.28e-19	87
m0284	m0049	36.5	1.25e-18	85
m0284	m0256	36.2	2.13e-18	84
m0284	m0207	24.1	5.24e-17	80
m0284	m0135	31.4	4.15e-14	70
m0284	m0151	39.8	4.59e-13	67
m0284	m0049	40.5	4.75e-10	57
m0284	m0106	29.1	2e-08	51
m0284	m0135	30.8	4.16e-06	44
m0284	m0256	41.5	2.07e-05	41
m0283	m0124	54.5	1.08e-66	244
m0283	m0012	47.8	2.03e-65	240
m0283	m0229	50.6	5e-64	235
m0283	m0086	50.2	1.11e-63	234
m0283	m0002	48.5	6.12e-62	228
m0283	m0090	52.9	2.32e-61	226
m0283	m0233	48.2	7.48e-60	221
m0283	m0262	50.2	4.85e-59	219
m0283	m0230	47.8	1.84e-58	217
m0283	m0134	50.2	2.41e-58	216
m0283	m0232	49.3	3.14e-58	216
m0283	m0011	43.6	3.14e-58	216
m0283	m0193	45.2	9.14e-58	215
m0283	m0272	47.3	3.47e-57	213
m0283	m0045	48.1	4.54e-57	212
m0283	m0155	47.6	7.74e-57	211
m0283	m0231	46.6	1.32e-56	211
m0283	m0247	46.2	1.72e-56	210
m0283	m0001	47.8	2.25e-56	210
m0283	m0083	49.3	2.94e-56	210
m0283	m0144	45.7	1.12e-55	208
m0283	m0123	47.3	1.12e-55	208
m0283	m0168	46.4	3.25e-55	206
m0283	m0187	46.3	3.25e-55	206
m0283	m0141	45.9	1.61e-54	204
m0283	m0109	46.1	2.11e-54	203
m0283	m0097	46.7	2.11e-54	203
m0283	m0062	41.4	1.05e-53	201
m0283	m0103	46.4	2.33e-53	200
m0283	m0069	45.7	3.04e-53	200
m0283	m0245	43.2	3.97e-53	199
m0283	m0073	44.3	5.19e-53	199
m0283	m0268	45.0	6.78e-53	198
m0283	m0120	46.2	1.51e-52	197
m0283	m0067	43.6	1.97e-52	197
m0283	m0197	43.7	3.36e-52	196
m0283	m0131	43.9	1.28e-51	194
m0283	m0192	43.2	2.85e-51	193
m0283	m0167	41.2	2.41e-50	190
m0283	m0175	41.2	2.41e-50	190
m0283	m0235	45.3	3.15e-50	190
m0283	m0234	44.6	3.15e-50	190
m0283	m0182	43.0	4.11e-50	189
m0283	m0077	43.1	4.11e-50	189
m0283	m0194	40.9	4.11e-50	189
m0283	m0249	40.5	7.01e-50	188
m0283	m0163	45.2	1.56e-49	187
m0283	m0184	40.9	1.56e-49	187
m0283	m0191	42.2	1.56e-49	187
m0283	m0188	42.6	1.56e-49	187
m0283	m0101	41.5	1.56e-49	187
m0283	m0084	43.4	2.04e-49	187
m0283	m0166	43.3	3.48e-49	186
m0283	m0176	41.1	3.48e-49	186
m0283	m0113	44.5	1.01e-48	184
m0283	m0036	40.1	1.01e-48	184
m0283	m0079	40.5	1.32e-48	184
m0283	m0028	41.5	1.12e-47	181
m0283	m0282	43.1	1.91e-47	180
m0283	m0054	41.5	4.26e-47	179
m0283	m0264	40.8	4.26e-47	179
m0283	m0118	41.6	5.56e-47	179
m0283	m0065	37.3	7.26e-47	178
m0283	m0238	45.2	9.48e-47	178
m0283	m0130	41.0	9.48e-47	178
m0283	m0031	41.5	9.48e-47	178
m0283	m0033	40.3	2.11e-46	177
m0283	m0273	40.6	2.11e-46	177
m0283	m0037	40.8	2.76e-46	176
m0283	m0277	42.7	3.6e-46	176
m0283	m0063	42.1	3.6e-46	176
m0283	m0174	43.3	4.7e-46	176
m0283	m0098	38.8	4.7e-46	176
m0283	m0138	42.6	1.05e-45	174
m0283	m0154	43.5	1.05e-45	174
m0283	m0095	41.8	1.37e-45	174
m0283	m0070	43.3	2.34e-45	173
m0283	m0074	39.1	3.98e-45	173
m0283	m0254	41.4	3.98e-45	173
m0283	m0014	41.8	3.98e-45	173
m0283	m0281	40.6	3.98e-45	173
m0283	m0206	41.4	5.2e-45	172
m0283	m0111	40.0	6.79e-45	172
m0283	m0076	43.5	6.79e-45	172
m0283	m0048	37.1	6.79e-45	172
m0283	m0133	40.9	8.87e-45	171
m0283	m0047	40.9	8.87e-45	171
m0283	m0267	40.9	1.16e-44	171
m0283	m0043	41.1	1.51e-44	171
m0283	m0216	40.9	1.51e-44	171
m0283	m0068	41.1	1.98e-44	170
m0283	m0161	41.4	3.37e-44	169
m0283	m0169	40.2	3.37e-44	169
m0283	m0025	41.3	4.4e-44	169
m0283	m0050	40.5	5.75e-44	169
m0283	m0017	40.0	5.75e-44	169
m0283	m0094	42.9	5.75e-44	169
m0283	m0125	39.6	5.75e-44	169
m0283	m0093	40.5	7.51e-44	168
m0283	m0102	43.0	7.51e-44	168
m0283	m0096	39.6	9.81e-44	168
m0283	m0217	42.1	9.81e-44	168
m0283	m0157	40.1	1.28e-43	168
m0283	m0252	43.0	1.67e-43	167
m0283	m0227	41.6	1.67e-43	167
m0283	m0172	41.3	2.19e-43	167
m0283	m0215	39.7	2.85e-43	166
m0283	m0248	41.2	4.87e-43	166
m0283	m0149	40.3	6.36e-43	165
m0283	m0006	39.7	6.36e-43	165
m0283	m0173	39.4	8.3e-43	165
m0283	m0214	39.4	8.3e-43	165
m0283	m0259	37.8	2.42e-42	163
m0283	m0088	41.6	3.16e-42	163
m0283	m0178	41.7	4.12e-42	163
m0283	m0244	39.6	5.38e-42	162
m0283	m0071	39.7	5.38e-42	162
m0283	m0039	41.4	7.03e-42	162
m0283	m0128	41.7	9.18e-42	161
m0283	m0066	39.2	1.2e-41	161
m0283	m0183	36.9	3.49e-41	159
m0283	m0198	37.9	1.33e-40	158
m0283	m0023	39.1	1.73e-40	157
m0283	m0162	38.8	1.73e-40	157
m0283	m0158	39.6	2.26e-40	157
m0283	m0237	39.7	2.26e-40	157
m0283	m0051	39.9	2.95e-40	156
m0283	m0040	39.3	6.58e-40	155
m0283	m0104	39.3	1.12e-39	154
m0283	m0279	35.5	1.47e-39	154
m0283	m0210	39.5	7.28e-39	152
m0283	m0170	37.9	1.62e-38	151
m0283	m0165	35.5	2.12e-38	150
m0283	m0243	38.7	2.76e-38	150
m0283	m0205	35.5	3.06e-37	146
m0283	m0159	36.3	5.76e-36	142
m0283	m0005	32.9	1.52e-28	117
m0283	m0274	34.5	2.97e-24	103
m0283	m0137	28.9	2.43e-18	84
m0283	m0160	27.6	2.69e-17	80
m0283	m0202	25.1	4.75e-14	69
m0283	m0228	26.5	1.38e-13	68
m0283	m0275	24.4	1.53e-12	64
m0283	m0122	27.0	1.29e-11	61
m0283	m0266	29.9	7.1e-10	55
m0283	m0278	27.0	4.6e-09	53
m0283	m0265	25.3	1.02e-08	52
m0283	m0185	23.1	1.93e-07	47
m0283	m0041	25.7	2.14e-06	44
m0283	m0064	24.0	0.000261	37
m0283	m0016	24.8	0.000992	35
m0283	m0152	29.5	0.00493	33
m0283	m0219	22.7	0.00643	32
m0283	m0177	22.4	0.0084	32
m0283	m0219	34.5	0.121	28
m0283	m0099	34.7	0.207	27
m0283	m0196	24.1	0.27	27
m0283	m0255	26.6	0.602	26
m0283	m0078	21.7	0.786	25
m0283	m0161	55.0	1.75	24
m0283	m0007	37.0	2.99	23
m0283	m0138	34.5	5.1	23
m0283	m0060	44.4	5.1	23
m0283	m0136	20.7	6.66	22
m0283	m0279	29.4	8.69	22
m0282	m0277	85.7	8.13e-219	750
m0282	m0094	78.4	1.18e-201	693
m0282	m0113	66.8	5.53e-167	578
m0282	m0138	57.5	8.04e-142	495
m0282	m0178	60.8	3.99e-141	492
m0282	m0172	58.3	1.68e-139	487
m0282	m0244	57.6	1.68e-139	487
m0282	m0238	58.5	4.88e-139	485
m0282	m0039	56.9	8.32e-139	485
m0282	m0217	60.6	2.42e-138	483
m0282	m0227	58.2	3.16e-138	483
m0282	m0154	58.3	3.16e-138	483
m0282	m0206	55.8	8.05e-134	468
m0282	m0006	54.9	4e-133	466
m0282	m0050	54.6	8.91e-133	465
m0282	m0254	55.2	1.52e-132	464
m0282	m0096	54.7	5.77e-132	462
m0282	m0047	55.4	5.77e-132	462
m0282	m0157	54.8	7.54e-132	461
m0282	m0158	50.9	1.68e-131	460
m0282	m0025	54.2	4.57e-129	452
m0282	m0198	51.6	4.57e-129	452
m0282	m0216	52.9	6.6e-128	448
m0282	m0023	52.3	3.62e-126	443
m0282	m0215	56.0	2.87e-123	433
m0282	m0161	52.4	1.74e-120	424
m0282	m0173	55.2	2.6e-116	410
m0282	m0068	53.5	2.2e-115	407
m0282	m0014	50.9	6e-113	399
m0282	m0093	49.4	1.13e-111	394
m0282	m0130	50.5	7.34e-111	392
m0282	m0163	64.1	1.38e-109	387
m0282	m0281	51.2	5.26e-109	386
m0282	m0188	49.5	5.81e-108	382
m0282	m0174	61.5	7.59e-108	382
m0282	m0088	65.4	2.88e-107	380
m0282	m0237	62.2	1.87e-106	377
m0282	m0248	50.5	1.21e-105	374
m0282	m0214	61.1	6.02e-105	372
m0282	m0169	49.2	1.75e-104	371
m0282	m0111	49.5	1.25e-102	364
m0282	m0076	67.4	5.27e-101	359
m0282	m0259	49.6	3.2e-98	350
m0282	m0183	62.1	1.34e-96	344
m0282	m0279	55.3	1.06e-93	335
m0282	m0125	45.2	3e-88	317
m0282	m0205	54.6	5.12e-88	316
m0282	m0133	56.3	1.82e-85	307
m0282	m0182	44.3	5.29e-85	306
m0282	m0267	55.4	4.96e-83	299
m0282	m0017	53.6	8.75e-80	289
m0282	m0001	50.2	4.06e-77	280
m0282	m0233	49.8	1.71e-75	274
m0282	m0155	52.2	1.71e-75	274
m0282	m0230	50.0	8.47e-75	272
m0282	m0247	50.0	3.22e-74	270
m0282	m0123	51.6	4.2e-74	270
m0282	m0166	50.0	1.22e-73	268
m0282	m0193	49.3	2.09e-73	267
m0282	m0229	51.9	3.56e-73	267
m0282	m0235	50.3	4.65e-73	266
m0282	m0103	49.0	4.65e-73	266
m0282	m0234	47.9	8.77e-72	262
m0282	m0272	49.0	8.77e-72	262
m0282	m0134	46.4	2.16e-70	257
m0282	m0232	47.0	2.82e-70	257
m0282	m0086	47.6	8.21e-70	255
m0282	m0069	46.6	5.32e-69	253
m0282	m0197	45.3	6.95e-69	252
m0282	m0131	47.6	9.07e-69	252
m0282	m0231	44.9	6.5e-67	246
m0282	m0141	49.6	8.49e-67	245
m0282	m0011	46.5	1.11e-66	245
m0282	m0012	48.8	2.47e-66	244
m0282	m0048	49.3	4.21e-66	243
m0282	m0062	46.2	5.5e-66	243
m0282	m0168	45.4	2.73e-65	240
m0282	m0262	44.4	2.73e-65	240
m0282	m0045	46.6	6.09e-65	239
m0282	m0098	44.3	6.09e-65	239
m0282	m0033	46.0	7.95e-65	239
m0282	m0097	47.8	1.04e-64	238
m0282	m0002	46.9	2.31e-64	237
m0282	m0073	45.7	5.15e-64	236
m0282	m0187	47.0	3.34e-63	233
m0282	m0192	46.9	9.72e-63	232
m0282	m0268	46.7	1.27e-62	231
m0282	m0273	44.6	4.82e-62	230
m0282	m0124	44.3	1.4e-61	228
m0282	m0070	43.7	4.08e-61	226
m0282	m0083	44.1	5.33e-61	226
m0282	m0245	43.8	6.96e-61	226
m0282	m0264	44.8	1.71e-59	221
m0282	m0054	44.6	1.71e-59	221
m0282	m0144	42.6	2.93e-59	220
m0282	m0043	46.7	2.93e-59	220
m0282	m0084	43.1	6.52e-59	219
m0282	m0090	42.3	1.9e-58	218
m0282	m0120	43.2	4.67e-57	213
m0282	m0149	44.3	2.32e-56	211
m0282	m0109	44.5	3.95e-56	210
m0282	m0252	43.4	8.81e-56	209
m0282	m0101	41.8	1.15e-55	208
m0282	m0063	43.0	3.35e-55	207
m0282	m0118	41.5	1.66e-54	205
m0282	m0065	40.8	6.31e-54	203
m0282	m0074	42.2	3.46e-52	197
m0282	m0066	43.1	5.91e-52	196
m0282	m0031	41.3	7.72e-52	196
m0282	m0037	43.2	2.24e-51	194
m0282	m0184	38.8	8.53e-51	192
m0282	m0191	41.6	2.48e-50	191
m0282	m0067	39.1	7.22e-50	189
m0282	m0040	40.9	4.68e-49	186
m0282	m0175	37.1	6.11e-49	186
m0282	m0210	39.9	1.36e-48	185
m0282	m0095	38.5	1.78e-48	184
m0282	m0051	41.0	1.78e-48	184
m0282	m0028	38.8	3.03e-48	184
m0282	m0079	37.0	5.18e-48	183
m0282	m0077	41.5	8.83e-48	182
m0282	m0167	36.5	1.15e-47	182
m0282	m0104	39.6	1.15e-47	182
m0282	m0176	38.3	1.51e-47	181
m0282	m0102	39.1	7.47e-47	179
m0282	m0036	36.8	1.27e-46	178
m0282	m0162	39.7	1.27e-46	178
m0282	m0159	38.5	3.71e-46	177
m0282	m0170	37.8	5.36e-45	173
m0282	m0249	37.5	6.99e-45	173
m0282	m0194	35.4	9.14e-45	172
m0282	m0128	37.8	5.92e-44	169
m0282	m0243	35.9	1.78e-40	158
m0282	m0165	34.2	2.33e-40	158
m0282	m0071	35.9	2.33e-40	158
m0282	m0005	35.0	1.01e-35	142
m0282	m0274	33.3	1.67e-30	125
m0282	m0160	32.3	1.24e-25	109
m0282	m0137	30.2	1.05e-24	106
m0282	m0202	27.7	3.73e-22	97
m0282	m0041	28.2	1.98e-15	75
m0282	m0185	28.6	1.68e-14	72
m0282	m0228	29.0	2.87e-14	71
m0282	m0278	27.7	3.74e-14	70
m0282	m0265	25.6	2.68e-12	64
m0282	m0275	25.6	4.58e-12	64
m0282	m0122	24.9	1.13e-10	59
m0282	m0064	25.6	1.8e-08	52
m0282	m0266	27.1	7.56e-07	46
m0282	m0014	32.4	3.75e-06	44
m0282	m0143	23.0	0.00174	35
m0282	m0219	25.7	0.00507	33
m0282	m0093	43.6	0.0113	32
m0282	m0177	28.7	0.0193	32
m0282	m0218	31.8	0.0561	30
m0282	m0255	26.2	0.0956	29
m0282	m0016	29.1	0.0956	29
m0282	m0108	21.2	0.0956	29
m0282	m0146	25.4	0.363	27
m0282	m0232	24.5	0.62	27
m0282	m0239	69.2	1.38	25
m0282	m0099	30.8	1.38	25
m0282	m0026	23.9	2.36	25
m0282	m0213	33.3	4.02	24
m0282	m0148	41.9	4.02	24
m0282	m0199	57.1	5.25	23
m0282	m0061	26.0	5.25	23
m0281	m0130	82.5	6.06e-200	688
m0281	m0169	82.8	1.49e-198	683
m0281	m0163	75.8	2.64e-187	646
m0281	m0188	76.0	1.23e-184	637
m0281	m0248	68.6	4.53e-163	565
m0281	m0111	64.6	1.08e-156	544
m0281	m0173	65.1	1.01e-154	537
m0281	m0259	63.7	2.33e-151	526
m0281	m0068	61.7	2.42e-148	516
m0281	m0138	68.7	3.86e-146	509
m0281	m0125	60.5	1.73e-138	483
m0281	m0174	67.0	1.24e-136	477
m0281	m0238	65.4	2.77e-136	476
m0281	m0183	56.3	1.33e-130	457
m0281	m0154	59.0	1.86e-124	437
m0281	m0178	59.5	1.48e-121	427
m0281	m0088	74.7	7.32e-121	425
m0281	m0244	56.5	2.13e-120	423
m0281	m0279	56.0	1.06e-119	421
m0281	m0172	58.5	4.44e-118	416
m0281	m0025	54.5	1.43e-116	411
m0281	m0076	76.4	4.6e-115	406
m0281	m0006	55.2	3.64e-112	396
m0281	m0093	52.5	6.21e-112	395
m0281	m0215	57.3	1.81e-111	394
m0281	m0050	51.6	1.81e-111	394
m0281	m0096	54.3	6.87e-111	392
m0281	m0277	52.8	1.53e-110	391
m0281	m0216	52.7	2e-110	390
m0281	m0254	53.1	2.61e-110	390
m0281	m0023	55.6	2.61e-110	390
m0281	m0014	53.9	2.21e-109	387
m0281	m0161	51.1	4.92e-109	386
m0281	m0094	51.9	6.43e-109	385
m0281	m0047	53.9	8.4e-109	385
m0281	m0182	50.5	1.1e-108	384
m0281	m0206	51.9	1.87e-108	384
m0281	m0113	52.6	7.86e-107	378
m0281	m0157	51.4	1.34e-106	377
m0281	m0237	64.2	1.81e-103	367
m0281	m0039	53.6	6.89e-103	365
m0281	m0214	59.6	1.3e-101	361
m0281	m0198	52.9	9.31e-100	355
m0281	m0158	50.1	2.07e-99	354
m0281	m0227	52.4	1.14e-97	348
m0281	m0133	60.9	1.49e-97	347
m0281	m0217	53.3	1.94e-97	347
m0281	m0267	58.3	3.1e-95	340
m0281	m0017	61.9	3.79e-93	333
m0281	m0205	54.3	3.54e-91	326
m0281	m0123	57.4	5.48e-84	302
m0281	m0103	53.9	2.38e-79	287
m0281	m0235	53.9	4.97e-77	279
m0281	m0234	54.3	1.89e-76	277
m0281	m0166	53.5	3.56e-75	273
m0281	m0233	50.2	1.15e-73	268
m0281	m0155	54.4	1.15e-73	268
m0281	m0001	50.4	4.81e-72	263
m0281	m0229	53.5	4.81e-72	263
m0281	m0131	48.5	8.21e-72	262
m0281	m0230	49.1	8.21e-72	262
m0281	m0247	49.3	5.32e-71	259
m0281	m0086	51.3	7.68e-70	255
m0281	m0033	50.2	7.68e-70	255
m0281	m0231	50.6	1e-69	255
m0281	m0272	49.1	1.31e-69	255
m0281	m0197	51.3	2.24e-69	254
m0281	m0193	50.2	1.11e-68	252
m0281	m0134	50.5	1.45e-68	251
m0281	m0262	47.8	1.89e-68	251
m0281	m0168	48.4	1.6e-67	248
m0281	m0062	48.6	2.09e-67	247
m0281	m0192	49.1	6.09e-67	246
m0281	m0069	49.6	6.09e-67	246
m0281	m0141	51.0	1.04e-66	245
m0281	m0232	44.2	1.36e-66	245
m0281	m0097	49.3	1.15e-65	242
m0281	m0002	49.6	1.15e-65	242
m0281	m0273	47.2	1.96e-65	241
m0281	m0011	48.6	7.44e-65	239
m0281	m0012	48.9	9.72e-65	238
m0281	m0045	46.6	2.83e-64	237
m0281	m0187	47.5	8.23e-64	235
m0281	m0054	46.2	1.4e-63	235
m0281	m0070	46.3	9.1e-63	232
m0281	m0083	45.4	3.46e-62	230
m0281	m0048	44.8	2.93e-61	227
m0281	m0043	48.2	3.82e-61	226
m0281	m0124	45.8	8.52e-61	225
m0281	m0268	48.3	1.11e-60	225
m0281	m0098	45.7	1.11e-60	225
m0281	m0084	44.8	3.58e-59	220
m0281	m0109	43.5	4.67e-59	220
m0281	m0149	44.0	3.03e-58	217
m0281	m0073	43.9	8.81e-58	215
m0281	m0252	44.2	1.15e-57	215
m0281	m0063	45.8	1.66e-56	211
m0281	m0144	41.8	1.41e-55	208
m0281	m0245	41.8	2.4e-55	207
m0281	m0118	42.7	2.4e-55	207
m0281	m0120	42.4	5.35e-55	206
m0281	m0090	40.3	5e-53	200
m0281	m0066	42.0	4.24e-52	196
m0281	m0101	40.0	2.75e-51	194
m0281	m0040	43.1	2.75e-51	194
m0281	m0031	42.8	2.75e-51	194
m0281	m0102	39.9	1.04e-50	192
m0281	m0036	42.3	3.04e-50	190
m0281	m0104	41.9	3.96e-50	190
m0281	m0175	40.4	8.83e-50	189
m0281	m0191	40.6	1.51e-49	188
m0281	m0264	39.8	1.97e-49	188
m0281	m0210	40.7	1.97e-49	188
m0281	m0162	41.2	4.38e-49	186
m0281	m0074	39.8	1.28e-48	185
m0281	m0249	40.5	4.85e-48	183
m0281	m0184	39.3	8.27e-48	182
m0281	m0077	40.1	4.1e-47	180
m0281	m0065	38.5	9.14e-47	179
m0281	m0167	38.8	1.56e-46	178
m0281	m0037	38.2	2.66e-46	177
m0281	m0128	37.0	4.54e-46	176
m0281	m0051	38.0	4.54e-46	176
m0281	m0194	37.9	7.74e-46	176
m0281	m0170	36.6	2.25e-45	174
m0281	m0079	38.3	2.94e-45	174
m0281	m0067	38.0	1.91e-44	171
m0281	m0028	38.8	4.25e-44	170
m0281	m0243	38.0	4.25e-44	170
m0281	m0095	39.2	9.46e-44	169
m0281	m0159	36.7	2.75e-43	167
m0281	m0176	36.9	3.59e-43	167
m0281	m0071	38.9	1.37e-42	165
m0281	m0005	34.8	2.11e-35	141
m0281	m0165	35.5	3.05e-34	137
m0281	m0274	32.9	4.56e-30	123
m0281	m0137	30.1	1.24e-27	115
m0281	m0160	30.6	3.06e-26	111
m0281	m0202	24.3	6.6e-21	93
m0281	m0278	29.5	6.17e-19	86
m0281	m0185	28.0	4.42e-17	80
m0281	m0265	27.8	1.2e-14	72
m0281	m0041	27.3	1.02e-13	69
m0281	m0275	25.5	1.92e-12	65
m0281	m0228	29.2	2.13e-11	61
m0281	m0064	26.9	2.6e-09	54
m0281	m0266	28.2	2.6e-09	54
m0281	m0122	21.8	7.08e-07	46
m0281	m0016	24.5	0.000561	37
m0281	m0026	25.7	0.000561	37
m0281	m0219	25.7	0.00125	35
m0281	m0241	23.3	0.00163	35
m0281	m0177	29.0	0.0138	32
m0281	m0143	28.6	0.117	29
m0281	m0255	24.1	0.758	26
m0281	m0099	23.5	0.758	26
m0281	m0177	25.0	1.69	25
m0281	m0099	37.1	2.21	25
m0281	m0186	25.6	2.88	24
m0281	m0061	23.8	2.88	24
m0281	m0060	17.9	2.88	24
m0281	m0196	30.0	3.76	24
m0281	m0140	26.4	3.76	24
m0281	m0007	33.3	3.76	24
m0281	m0072	28.9	8.38	23
m0281	m0006	27.4	8.38	23
m0280	m0072	32.8	1.01e-25	108
m0280	m0024	32.7	1.72e-25	107
m0280	m0055	32.6	1.46e-24	104
m0280	m0253	30.6	3.97e-22	96
m0280	m0003	30.9	1.51e-21	94
m0280	m0258	32.2	2.18e-20	90
m0280	m0052	30.8	7.02e-19	85
m0280	m0204	26.9	3.85e-17	79
m0280	m0203	26.4	6.58e-09	52
m0280	m0080	24.9	8.6e-09	52
m0280	m0278	24.8	0.102	28
m0280	m0251	18.7	0.505	26
m0280	m0121	21.4	0.66	25
m0280	m0122	37.5	1.13	25
m0280	m0265	22.8	1.47	24
m0280	m0079	21.8	2.51	23
m0280	m0184	25.2	2.51	23
m0280	m0182	21.9	3.27	23
m0280	m0110	27.0	4.28	23
m0280	m0194	21.6	5.58	22
m0280	m0069	40.0	5.58	22
m0280	m0262	37.5	9.53	22
m0280	m0064	28.6	9.53	22
m0279	m0248	63.2	4.88e-139	485
m0279	m0163	57.5	4.9e-123	432
m0279	m0173	57.8	9.24e-122	428
m0279	m0130	54.7	6.62e-120	422
m0279	m0259	54.9	1.06e-117	414
m0279	m0183	55.2	1.8e-117	414
m0279	m0188	57.1	6.85e-117	412
m0279	m0237	67.4	5.8e-116	409
m0279	m0111	54.0	5.8e-116	409
m0279	m0169	51.6	3.76e-115	406
m0279	m0093	54.4	4.91e-115	406
m0279	m0068	53.7	1.58e-113	401
m0279	m0215	55.6	7.84e-113	398
m0279	m0216	57.9	1.34e-112	398
m0279	m0096	51.2	5.62e-111	392
m0279	m0174	54.0	5.62e-111	392
m0279	m0006	57.4	7.34e-111	392
m0279	m0039	53.5	1.25e-110	391
m0279	m0161	54.4	1.06e-109	388
m0279	m0157	52.6	3.08e-109	386
m0279	m0047	52.8	3.08e-109	386
m0279	m0254	55.4	3.08e-109	386
m0279	m0023	53.9	4.03e-109	386
m0279	m0076	70.5	1.53e-108	384
m0279	m0014	50.4	2e-108	384
m0279	m0050	54.3	5.81e-108	382
m0279	m0238	55.7	5.81e-108	382
m0279	m0206	51.2	4.92e-107	379
m0279	m0214	65.6	1.1e-106	378
m0279	m0217	53.5	9.28e-106	375
m0279	m0138	51.8	3.53e-105	373
m0279	m0227	53.1	3.9e-104	369
m0279	m0125	50.7	6.65e-104	369
m0279	m0154	64.8	4.77e-102	362
m0279	m0244	48.8	1.39e-101	361
m0279	m0178	50.8	3.09e-101	360
m0279	m0088	66.7	8.99e-101	358
m0279	m0172	49.7	1.53e-100	357
m0279	m0182	45.7	1.03e-96	345
m0279	m0094	56.6	2.29e-96	344
m0279	m0277	59.2	7.37e-95	339
m0279	m0025	47.0	1.06e-93	335
m0279	m0113	46.5	1.54e-92	331
m0279	m0133	57.3	2.3e-88	317
m0279	m0267	57.2	1.26e-86	311
m0279	m0198	44.7	4.79e-86	309
m0279	m0158	44.9	1.39e-85	308
m0279	m0205	54.9	1.18e-84	305
m0279	m0017	57.1	9.98e-84	302
m0279	m0123	53.5	3.01e-72	263
m0279	m0235	51.2	5.14e-72	263
m0279	m0103	51.9	3.33e-71	260
m0279	m0234	46.9	9.69e-71	258
m0279	m0001	52.0	2.82e-70	257
m0279	m0233	49.1	1.18e-68	252
m0279	m0272	47.4	2.64e-68	250
m0279	m0141	51.5	1e-67	248
m0279	m0230	50.2	2.23e-67	247
m0279	m0232	46.2	4.98e-67	246
m0279	m0197	45.3	6.5e-67	246
m0279	m0131	47.5	8.49e-67	245
m0279	m0166	47.5	8.49e-67	245
m0279	m0155	48.3	1.11e-66	245
m0279	m0231	46.8	1.11e-66	245
m0279	m0193	50.0	1.89e-66	244
m0279	m0069	46.2	5.5e-66	243
m0279	m0262	47.1	7.19e-66	242
m0279	m0247	50.0	7.19e-66	242
m0279	m0134	48.4	9.39e-66	242
m0279	m0229	49.6	1.04e-64	238
m0279	m0002	49.0	5.15e-64	236
m0279	m0097	46.9	8.79e-64	235
m0279	m0033	44.4	2.56e-63	234
m0279	m0168	49.6	2.56e-63	234
m0279	m0062	44.1	4.36e-63	233
m0279	m0086	47.5	5.7e-63	233
m0279	m0054	48.4	1.66e-62	231
m0279	m0011	48.5	2.16e-62	231
m0279	m0187	47.9	2.83e-62	230
m0279	m0045	48.3	6.3e-62	229
m0279	m0273	46.3	1.4e-61	228
m0279	m0012	46.1	4.08e-61	226
m0279	m0192	49.6	5.33e-61	226
m0279	m0098	43.0	9.09e-61	225
m0279	m0149	42.9	5.89e-60	223
m0279	m0252	46.1	1.31e-59	221
m0279	m0073	41.4	1.71e-59	221
m0279	m0083	44.0	6.52e-59	219
m0279	m0048	42.9	1.11e-58	218
m0279	m0124	46.5	1.9e-58	218
m0279	m0268	45.0	1.23e-57	215
m0279	m0070	42.4	1.61e-57	215
m0279	m0109	45.5	4.67e-57	213
m0279	m0084	45.2	6.1e-57	213
m0279	m0043	46.8	3.95e-56	210
m0279	m0063	43.7	1.41e-53	201
m0279	m0245	43.7	4.09e-53	200
m0279	m0118	42.6	4.09e-53	200
m0279	m0065	39.6	3.83e-51	193
m0279	m0090	39.8	6.53e-51	193
m0279	m0120	41.0	1.46e-50	191
m0279	m0040	43.8	2.48e-50	191
m0279	m0066	41.6	7.22e-50	189
m0279	m0210	39.1	1.61e-49	188
m0279	m0144	39.6	2.74e-49	187
m0279	m0104	42.5	3.58e-49	187
m0279	m0036	40.5	1.36e-48	185
m0279	m0101	39.4	5.18e-48	183
m0279	m0184	41.6	6.76e-48	183
m0279	m0264	39.9	1.51e-47	181
m0279	m0031	40.3	1.51e-47	181
m0279	m0249	40.1	1.51e-47	181
m0279	m0175	39.8	4.38e-47	180
m0279	m0074	40.0	7.47e-47	179
m0279	m0102	35.1	1.27e-46	178
m0279	m0162	41.9	2.17e-46	178
m0279	m0128	40.2	6.33e-46	176
m0279	m0170	40.0	8.26e-46	176
m0279	m0051	40.2	1.41e-45	175
m0279	m0191	39.5	4.1e-45	173
m0279	m0167	38.7	1.19e-44	172
m0279	m0079	38.9	1.19e-44	172
m0279	m0037	39.6	3.47e-44	170
m0279	m0067	36.7	4.53e-44	170
m0279	m0176	36.3	6.55e-43	166
m0279	m0194	37.5	8.55e-43	166
m0279	m0243	39.3	2.49e-42	164
m0279	m0077	37.9	2.75e-41	161
m0279	m0071	37.0	3.59e-41	160
m0279	m0095	34.7	1.37e-40	158
m0279	m0159	39.1	3.04e-40	157
m0279	m0028	36.4	3.36e-39	154
m0279	m0274	35.2	2.49e-34	138
m0279	m0165	33.2	2.76e-33	134
m0279	m0005	31.0	6.79e-32	129
m0279	m0137	29.6	3.61e-25	107
m0279	m0202	30.9	1.16e-23	102
m0279	m0160	29.6	4.88e-22	97
m0279	m0278	29.5	1.24e-17	82
m0279	m0041	26.8	1.42e-13	69
m0279	m0185	26.4	3.17e-13	67
m0279	m0275	26.1	1.57e-12	65
m0279	m0266	30.5	1.74e-11	62
m0279	m0228	26.0	3.87e-11	60
m0279	m0265	31.4	2.51e-10	58
m0279	m0064	26.0	2.13e-09	55
m0279	m0122	23.2	1.05e-08	52
m0279	m0219	27.5	0.000121	39
m0279	m0016	24.0	0.00297	34
m0279	m0217	27.7	0.00507	33
m0279	m0177	26.3	0.0329	31
m0279	m0121	24.8	0.0561	30
m0279	m0060	22.5	0.0561	30
m0279	m0129	37.0	0.0561	30
m0279	m0255	27.2	0.163	28
m0279	m0036	29.5	0.163	28
m0279	m0099	27.3	0.213	28
m0279	m0249	33.3	0.213	28
m0279	m0026	23.6	0.278	28
m0279	m0182	52.6	0.363	27
m0279	m0065	28.0	0.475	27
m0279	m0007	25.3	0.62	27
m0279	m0099	41.9	1.8	25
m0279	m0147	31.0	1.8	25
m0279	m0143	25.9	2.36	25
m0279	m0241	22.3	3.08	24
m0278	m0041	45.3	2.33e-60	223
m0278	m0185	41.3	2.68e-48	183
m0278	m0064	42.5	4.58e-40	156
m0278	m0158	31.7	1.06e-20	92
m0278	m0182	29.8	3.41e-19	87
m0278	m0244	29.7	7.59e-19	86
m0278	m0154	28.9	9.92e-19	85
m0278	m0163	29.7	9.92e-19	85
m0278	m0198	30.6	2.21e-18	84
m0278	m0248	30.9	2.89e-18	84
m0278	m0216	32.7	2.89e-18	84
m0278	m0122	27.8	3.77e-18	83
m0278	m0188	30.0	3.77e-18	83
m0278	m0254	33.2	8.4e-18	82
m0278	m0088	30.1	1.1e-17	82
m0278	m0238	27.5	1.43e-17	81
m0278	m0169	29.6	1.43e-17	81
m0278	m0068	32.2	1.87e-17	81
m0278	m0172	28.2	3.19e-17	80
m0278	m0245	29.9	3.19e-17	80
m0278	m0206	33.2	4.17e-17	80
m0278	m0023	34.4	4.17e-17	80
m0278	m0205	29.2	5.44e-17	79
m0278	m0157	33.3	5.44e-17	79
m0278	m0050	32.2	7.11e-17	79
m0278	m0174	28.2	7.11e-17	79
m0278	m0111	30.5	7.11e-17	79
m0278	m0093	33.2	9.28e-17	79
m0278	m0138	31.0	9.28e-17	79
m0278	m0267	31.6	1.21e-16	78
m0278	m0047	31.5	1.21e-16	78
m0278	m0096	31.9	1.21e-16	78
m0278	m0006	32.1	1.58e-16	78
m0278	m0252	28.6	2.07e-16	77
m0278	m0130	32.1	3.53e-16	77
m0278	m0161	32.4	3.53e-16	77
m0278	m0178	29.5	3.53e-16	77
m0278	m0076	29.7	6.02e-16	76
m0278	m0215	31.5	6.02e-16	76
m0278	m0090	30.0	7.86e-16	75
m0278	m0125	31.8	7.86e-16	75
m0278	m0173	27.4	1.03e-15	75
m0278	m0025	26.7	1.34e-15	75
m0278	m0014	32.7	1.75e-15	74
m0278	m0264	27.8	3.9e-15	73
m0278	m0277	27.8	6.65e-15	72
m0278	m0184	28.5	6.65e-15	72
m0278	m0259	29.6	8.69e-15	72
m0278	m0162	28.8	1.48e-14	71
m0278	m0043	26.7	1.48e-14	71
m0278	m0237	28.9	1.48e-14	71
m0278	m0109	29.0	1.94e-14	71
m0278	m0017	27.3	1.94e-14	71
m0278	m0101	26.4	1.94e-14	71
m0278	m0243	28.1	2.53e-14	70
m0278	m0102	27.9	3.3e-14	70
m0278	m0001	25.9	3.3e-14	70
m0278	m0123	27.2	4.31e-14	70
m0278	m0094	29.1	4.31e-14	70
m0278	m0054	27.4	4.31e-14	70
m0278	m0066	35.6	5.63e-14	69
m0278	m0234	27.2	5.63e-14	69
m0278	m0028	30.3	7.36e-14	69
m0278	m0039	31.2	7.36e-14	69
m0278	m0166	27.7	9.61e-14	69
m0278	m0103	26.9	9.61e-14	69
m0278	m0149	28.5	1.25e-13	68
m0278	m0031	28.6	1.25e-13	68
m0278	m0170	26.6	1.25e-13	68
m0278	m0002	27.8	1.25e-13	68
m0278	m0011	28.1	1.64e-13	68
m0278	m0113	26.8	1.64e-13	68
m0278	m0128	32.6	1.64e-13	68
m0278	m0214	29.8	1.64e-13	68
m0278	m0191	31.5	1.64e-13	68
m0278	m0079	27.3	2.14e-13	67
m0278	m0133	28.4	2.14e-13	67
m0278	m0194	27.7	2.8e-13	67
m0278	m0037	27.7	2.8e-13	67
m0278	m0265	25.9	3.65e-13	67
m0278	m0175	30.0	3.65e-13	67
m0278	m0062	26.5	3.65e-13	67
m0278	m0074	26.6	3.65e-13	67
m0278	m0210	25.8	4.77e-13	66
m0278	m0183	29.0	4.77e-13	66
m0278	m0012	27.2	4.77e-13	66
m0278	m0069	27.0	6.23e-13	66
m0278	m0167	25.3	6.23e-13	66
m0278	m0168	25.9	6.23e-13	66
m0278	m0197	27.2	6.23e-13	66
m0278	m0235	28.7	8.13e-13	65
m0278	m0155	27.9	8.13e-13	65
m0278	m0124	27.3	8.13e-13	65
m0278	m0070	26.6	8.13e-13	65
m0278	m0187	29.0	8.13e-13	65
m0278	m0040	26.4	8.13e-13	65
m0278	m0231	27.5	1.06e-12	65
m0278	m0077	29.1	1.06e-12	65
m0278	m0141	26.2	1.81e-12	64
m0278	m0120	28.4	1.81e-12	64
m0278	m0274	27.2	1.81e-12	64
m0278	m0051	26.3	3.09e-12	64
m0278	m0230	26.3	4.04e-12	63
m0278	m0097	27.7	5.27e-12	63
m0278	m0275	24.5	6.88e-12	62
m0278	m0005	29.0	6.88e-12	62
m0278	m0193	27.9	6.88e-12	62
m0278	m0192	27.1	1.17e-11	62
m0278	m0063	24.3	2e-11	61
m0278	m0083	27.8	2.62e-11	60
m0278	m0104	27.9	3.42e-11	60
m0278	m0045	26.5	4.46e-11	60
m0278	m0232	26.1	4.46e-11	60
m0278	m0144	25.0	4.46e-11	60
m0278	m0233	25.5	5.83e-11	59
m0278	m0272	27.9	5.83e-11	59
m0278	m0217	28.7	7.61e-11	59
m0278	m0165	25.4	7.61e-11	59
m0278	m0227	26.1	1.3e-10	58
m0278	m0229	25.2	2.89e-10	57
m0278	m0134	25.1	2.89e-10	57
m0278	m0131	27.8	2.89e-10	57
m0278	m0247	24.4	3.78e-10	57
m0278	m0086	29.3	3.78e-10	57
m0278	m0098	29.8	4.93e-10	56
m0278	m0159	29.6	6.44e-10	56
m0278	m0048	24.5	1.1e-09	55
m0278	m0118	26.0	1.44e-09	55
m0278	m0071	23.9	1.44e-09	55
m0278	m0262	25.0	1.87e-09	54
m0278	m0228	24.5	3.2e-09	54
m0278	m0084	26.0	4.18e-09	53
m0278	m0073	30.0	1.59e-08	51
m0278	m0266	31.7	5.11e-07	46
m0278	m0136	26.8	0.000405	37
m0278	m0016	27.2	0.00763	32
m0278	m0218	33.3	0.029	30
m0278	m0107	47.7	0.0844	29
m0278	m0121	26.0	0.0844	29
m0278	m0180	25.7	0.0844	29
m0278	m0016	24.7	0.11	28
m0278	m0099	30.4	0.933	25
m0278	m0106	40.7	6.04	23
m0277	m0094	86.7	7.85e-228	780
m0277	m0113	69.4	1.4e-176	610
m0277	m0138	59.2	4.55e-151	525
m0277	m0238	62.1	1.24e-148	517
m0277	m0178	62.1	4.71e-148	515
m0277	m0217	63.3	3.99e-147	512
m0277	m0227	60.7	6.8e-147	512
m0277	m0039	59.0	7.52e-146	508
m0277	m0244	59.5	6.37e-145	505
m0277	m0172	59.1	9.19e-144	501
m0277	m0206	56.1	5.96e-143	498
m0277	m0157	55.7	2.96e-142	496
m0277	m0014	55.5	5.04e-142	495
m0277	m0161	57.1	8.6e-142	495
m0277	m0154	58.8	1.12e-141	494
m0277	m0096	56.4	4.27e-141	492
m0277	m0254	55.2	2.77e-140	490
m0277	m0047	54.8	2.77e-140	490
m0277	m0006	56.0	1.05e-139	488
m0277	m0198	55.1	4e-139	486
m0277	m0050	54.1	6.82e-139	485
m0277	m0093	53.9	7.54e-138	481
m0277	m0158	54.1	1.29e-137	481
m0277	m0025	56.3	7.8e-135	471
m0277	m0216	53.0	6.6e-134	468
m0277	m0023	52.7	9.53e-133	465
m0277	m0215	56.3	1.68e-129	454
m0277	m0163	51.6	1.93e-117	414
m0277	m0173	54.2	4.3e-117	413
m0277	m0068	54.0	3.08e-115	406
m0277	m0188	48.8	4.16e-112	396
m0277	m0130	52.0	2.98e-110	390
m0277	m0088	65.2	5.09e-110	389
m0277	m0174	51.7	8.68e-110	388
m0277	m0169	49.8	1.17e-106	378
m0277	m0214	60.7	1.53e-106	377
m0277	m0237	61.3	9.93e-106	375
m0277	m0248	49.4	1.87e-104	371
m0277	m0111	50.5	3.91e-102	363
m0277	m0076	67.8	1.94e-101	361
m0277	m0259	49.3	6.9e-99	352
m0277	m0183	47.8	3.2e-96	343
m0277	m0205	54.3	1.18e-90	325
m0277	m0125	45.4	1.59e-87	314
m0277	m0182	43.5	6.7e-86	309
m0277	m0133	54.0	1.95e-85	307
m0277	m0267	56.2	4.97e-81	293
m0277	m0017	52.0	5.49e-80	289
m0277	m0233	48.0	4.81e-76	276
m0277	m0001	48.6	6.28e-76	276
m0277	m0123	53.0	1.18e-74	272
m0277	m0247	49.3	7.68e-74	269
m0277	m0230	46.5	2.23e-73	267
m0277	m0103	49.5	1.45e-72	265
m0277	m0235	50.3	1.45e-72	265
m0277	m0272	47.5	2.47e-72	264
m0277	m0155	49.0	3.23e-72	263
m0277	m0166	48.5	1.23e-71	262
m0277	m0234	48.4	1.23e-71	262
m0277	m0193	45.4	6.08e-71	259
m0277	m0134	46.4	1.77e-70	258
m0277	m0232	46.1	3.02e-70	257
m0277	m0229	51.0	6.73e-70	256
m0277	m0086	47.6	1.5e-69	255
m0277	m0262	44.0	1.27e-68	252
m0277	m0011	47.1	1.27e-68	252
m0277	m0131	46.7	4.82e-68	250
m0277	m0069	45.1	1.07e-67	248
m0277	m0231	44.3	1.4e-67	248
m0277	m0033	46.7	3.12e-67	247
m0277	m0197	43.5	4.08e-67	247
m0277	m0062	44.1	5.33e-67	246
m0277	m0012	46.7	5.89e-66	243
m0277	m0141	49.4	1.71e-65	241
m0277	m0098	45.2	6.51e-65	239
m0277	m0168	44.9	8.51e-65	239
m0277	m0045	48.0	2.48e-64	237
m0277	m0048	47.5	7.2e-64	236
m0277	m0002	47.3	1.6e-63	235
m0277	m0097	47.4	2.74e-63	234
m0277	m0124	44.5	1.04e-62	232
m0277	m0273	45.5	1.77e-62	231
m0277	m0192	46.1	1.77e-62	231
m0277	m0073	45.0	2.32e-62	231
m0277	m0268	46.3	5.16e-62	230
m0277	m0187	46.4	4.37e-61	226
m0277	m0083	45.5	1.66e-60	225
m0277	m0043	47.8	2.17e-60	224
m0277	m0070	44.0	2.65e-58	217
m0277	m0054	42.3	2.65e-58	217
m0277	m0245	42.1	2.65e-58	217
m0277	m0144	40.3	3.46e-58	217
m0277	m0264	44.6	5.91e-58	216
m0277	m0063	44.3	1.32e-57	215
m0277	m0084	42.6	7.22e-56	209
m0277	m0090	39.3	1.23e-55	208
m0277	m0066	42.5	2.1e-55	208
m0277	m0149	43.3	6.11e-55	206
m0277	m0252	43.3	1.36e-54	205
m0277	m0118	40.0	1.36e-54	205
m0277	m0120	42.5	3.03e-54	204
m0277	m0101	41.8	1.51e-53	201
m0277	m0109	43.1	2.57e-53	201
m0277	m0040	40.6	1.19e-50	192
m0277	m0065	39.8	4.53e-50	190
m0277	m0191	41.6	1.32e-49	188
m0277	m0031	40.6	3.84e-49	187
m0277	m0037	40.2	6.55e-49	186
m0277	m0159	40.0	1.46e-48	185
m0277	m0184	38.3	2.49e-48	184
m0277	m0067	38.4	1.61e-47	181
m0277	m0210	39.2	2.11e-47	181
m0277	m0162	38.8	2.75e-47	181
m0277	m0028	39.1	3.59e-47	180
m0277	m0074	39.7	4.69e-47	180
m0277	m0051	38.3	4.69e-47	180
m0277	m0104	38.7	1.04e-46	179
m0277	m0175	36.4	1.36e-46	178
m0277	m0079	36.7	1.78e-46	178
m0277	m0095	37.2	2.33e-46	178
m0277	m0102	38.1	3.97e-46	177
m0277	m0036	35.9	3.97e-46	177
m0277	m0077	40.2	8.85e-46	176
m0277	m0176	37.8	5.73e-45	173
m0277	m0128	37.1	7.49e-45	173
m0277	m0167	35.2	9.78e-45	172
m0277	m0194	35.8	1.28e-44	172
m0277	m0249	36.2	1.08e-43	169
m0277	m0170	35.4	5.37e-43	166
m0277	m0243	36.6	1.73e-41	161
m0277	m0165	36.1	7.25e-40	156
m0277	m0071	35.4	2.33e-38	151
m0277	m0005	36.9	7.77e-34	136
m0277	m0274	30.1	1.37e-30	125
m0277	m0160	32.1	1.57e-26	112
m0277	m0137	30.2	2.68e-26	111
m0277	m0202	26.2	3.38e-21	94
m0277	m0041	25.7	5.06e-17	80
m0277	m0228	28.2	1.05e-14	72
m0277	m0122	24.9	1.86e-11	62
m0277	m0265	29.2	2.43e-11	61
m0277	m0275	24.9	3.18e-11	61
m0277	m0064	26.3	8.65e-09	53
m0277	m0266	27.1	2.36e-06	45
m0277	m0143	22.4	0.00244	35
m0277	m0219	25.0	0.00318	34
m0277	m0177	33.0	0.0158	32
m0277	m0218	27.7	0.0206	32
m0277	m0016	29.1	0.0784	30
m0277	m0255	26.2	0.134	29
m0277	m0239	69.2	1.48	25
m0277	m0099	40.0	1.48	25
m0277	m0185	26.0	1.48	25
m0277	m0026	23.3	1.48	25
m0277	m0061	27.3	1.93	25
m0277	m0108	30.4	4.3	24
m0277	m0213	33.3	5.62	23
m0277	m0199	57.1	5.62	23
m0277	m0148	50.0	7.34	23
m0277	m0007	30.4	9.58	23
m0277	m0026	21.3	9.58	23
m0276	m0246	58.0	5.84e-100	355
m0276	m0190	52.7	3.67e-86	309
m0276	m0087	49.3	1.22e-81	294
m0276	m0085	48.1	2.31e-80	290
m0276	m0058	47.4	4.07e-77	279
m0276	m0251	48.4	3.23e-74	270
m0276	m0046	45.1	7.18e-74	268
m0276	m0151	49.5	2.73e-73	267
m0276	m0179	44.0	1.04e-72	265
m0276	m0019	46.6	2.31e-72	263
m0276	m0209	44.9	1.15e-71	261
m0276	m0029	42.4	4.08e-69	253
m0276	m0009	42.1	9.41e-66	242
m0276	m0110	46.5	2.32e-64	237
m0276	m0106	44.4	8.8e-64	235
m0276	m0112	42.4	3.13e-61	226
m0276	m0082	39.2	3.83e-59	220
m0276	m0164	39.8	1.61e-57	214
m0276	m0186	40.0	6.11e-57	212
m0276	m0049	41.9	2.32e-56	210
m0276	m0226	38.1	3.96e-56	210
m0276	m0222	41.0	6.76e-56	209
m0276	m0105	34.0	6.79e-40	156
m0276	m0171	28.5	2.26e-35	141
m0276	m0242	31.2	1.12e-34	138
m0276	m0135	31.3	1.05e-32	132
m0276	m0269	29.9	1.37e-32	131
m0276	m0207	29.0	3.05e-32	130
m0276	m0221	29.8	3.38e-31	127
m0276	m0256	40.9	7.52e-31	126
m0276	m0220	29.9	7.78e-28	116
m0276	m0256	35.3	8.09e-09	52
m0276	m0064	31.9	0.476	27
m0275	m0228	29.3	4.39e-23	100
m0275	m0205	27.8	3.85e-19	87
m0275	m0202	25.5	8.57e-19	86
m0275	m0124	26.5	8.57e-19	86
m0275	m0069	27.8	3.26e-18	84
m0275	m0141	27.8	3.26e-18	84
m0275	m0002	27.4	9.48e-18	82
m0275	m0012	27.4	9.48e-18	82
m0275	m0166	27.8	9.48e-18	82
m0275	m0182	27.0	1.62e-17	81
m0275	m0243	25.2	1.62e-17	81
m0275	m0197	28.0	2.11e-17	81
m0275	m0155	25.9	2.76e-17	80
m0275	m0095	29.6	2.76e-17	80
m0275	m0235	26.4	4.7e-17	80
m0275	m0184	28.9	1.79e-16	78
m0275	m0001	25.5	1.79e-16	78
m0275	m0120	24.5	2.33e-16	77
m0275	m0068	26.1	2.33e-16	77
m0275	m0084	26.9	3.05e-16	77
m0275	m0066	26.0	3.05e-16	77
m0275	m0230	27.4	3.98e-16	77
m0275	m0083	24.8	3.98e-16	77
m0275	m0173	26.4	3.98e-16	77
m0275	m0167	27.5	3.98e-16	77
m0275	m0123	27.7	6.79e-16	76
m0275	m0176	24.2	1.16e-15	75
m0275	m0159	27.7	1.16e-15	75
m0275	m0234	25.9	1.51e-15	75
m0275	m0214	26.7	1.51e-15	75
m0275	m0161	26.9	1.51e-15	75
m0275	m0168	26.1	1.51e-15	75
m0275	m0096	27.0	1.98e-15	74
m0275	m0122	24.8	1.98e-15	74
m0275	m0109	24.8	1.98e-15	74
m0275	m0074	26.1	2.58e-15	74
m0275	m0229	27.4	2.58e-15	74
m0275	m0043	22.2	2.58e-15	74
m0275	m0048	24.5	3.37e-15	74
m0275	m0134	26.5	3.37e-15	74
m0275	m0175	26.5	3.37e-15	74
m0275	m0187	25.8	4.4e-15	73
m0275	m0070	24.3	4.4e-15	73
m0275	m0063	23.7	5.75e-15	73
m0275	m0067	24.8	5.75e-15	73
m0275	m0252	26.5	9.81e-15	72
m0275	m0194	26.7	9.81e-15	72
m0275	m0233	25.6	9.81e-15	72
m0275	m0262	25.3	9.81e-15	72
m0275	m0101	24.7	1.28e-14	72
m0275	m0157	26.2	1.28e-14	72
m0275	m0045	23.5	1.28e-14	72
m0275	m0017	26.5	1.28e-14	72
m0275	m0232	23.2	1.28e-14	72
m0275	m0264	26.0	1.67e-14	71
m0275	m0183	26.7	1.67e-14	71
m0275	m0245	25.7	1.67e-14	71
m0275	m0154	27.5	2.19e-14	71
m0275	m0249	26.6	2.19e-14	71
m0275	m0172	25.9	2.19e-14	71
m0275	m0192	24.9	2.85e-14	70
m0275	m0073	25.0	2.85e-14	70
m0275	m0098	25.1	2.85e-14	70
m0275	m0006	29.6	2.85e-14	70
m0275	m0193	23.6	2.85e-14	70
m0275	m0014	26.5	3.73e-14	70
m0275	m0033	24.4	3.73e-14	70
m0275	m0259	26.3	4.87e-14	70
m0275	m0031	25.7	4.87e-14	70
m0275	m0103	24.2	4.87e-14	70
m0275	m0054	25.5	4.87e-14	70
m0275	m0169	23.6	6.36e-14	69
m0275	m0050	28.6	6.36e-14	69
m0275	m0272	25.6	8.3e-14	69
m0275	m0051	24.9	8.3e-14	69
m0275	m0216	26.2	8.3e-14	69
m0275	m0254	27.6	1.08e-13	69
m0275	m0174	24.0	1.08e-13	69
m0275	m0036	24.3	1.08e-13	69
m0275	m0149	23.1	1.42e-13	68
m0275	m0025	23.3	1.42e-13	68
m0275	m0090	25.4	1.42e-13	68
m0275	m0071	22.5	1.42e-13	68
m0275	m0118	24.3	1.42e-13	68
m0275	m0011	24.3	1.42e-13	68
m0275	m0047	26.7	2.42e-13	67
m0275	m0113	24.9	3.16e-13	67
m0275	m0138	25.8	3.16e-13	67
m0275	m0248	26.8	3.16e-13	67
m0275	m0023	27.1	4.12e-13	67
m0275	m0076	26.2	4.12e-13	67
m0275	m0191	25.3	4.12e-13	67
m0275	m0065	24.5	4.12e-13	67
m0275	m0206	25.9	4.12e-13	67
m0275	m0247	23.5	5.38e-13	66
m0275	m0093	27.1	5.38e-13	66
m0275	m0111	26.3	5.38e-13	66
m0275	m0097	24.8	5.38e-13	66
m0275	m0238	24.8	7.03e-13	66
m0275	m0178	25.1	7.03e-13	66
m0275	m0062	23.9	7.03e-13	66
m0275	m0086	24.0	9.18e-13	65
m0275	m0188	24.5	9.18e-13	65
m0275	m0170	24.5	9.18e-13	65
m0275	m0039	24.5	1.2e-12	65
m0275	m0037	24.2	1.2e-12	65
m0275	m0130	24.4	1.2e-12	65
m0275	m0163	23.4	2.05e-12	64
m0275	m0133	24.8	2.05e-12	64
m0275	m0079	25.7	2.05e-12	64
m0275	m0237	24.9	2.67e-12	64
m0275	m0244	23.4	5.95e-12	63
m0275	m0144	23.5	5.95e-12	63
m0275	m0266	24.3	5.95e-12	63
m0275	m0162	23.3	5.95e-12	63
m0275	m0131	23.1	7.77e-12	62
m0275	m0231	25.4	7.77e-12	62
m0275	m0088	26.6	7.77e-12	62
m0275	m0041	24.5	1.02e-11	62
m0275	m0217	25.9	1.33e-11	62
m0275	m0077	25.3	1.33e-11	62
m0275	m0215	26.3	1.33e-11	62
m0275	m0227	25.4	1.33e-11	62
m0275	m0125	24.7	1.73e-11	61
m0275	m0137	27.3	2.26e-11	61
m0275	m0102	23.4	2.26e-11	61
m0275	m0185	23.6	3.86e-11	60
m0275	m0094	25.2	3.86e-11	60
m0275	m0040	23.5	5.04e-11	60
m0275	m0128	25.0	5.04e-11	60
m0275	m0210	24.3	5.04e-11	60
m0275	m0268	23.3	1.47e-10	58
m0275	m0165	24.2	1.47e-10	58
m0275	m0005	24.9	1.91e-10	58
m0275	m0219	28.1	1.91e-10	58
m0275	m0104	22.5	3.27e-10	57
m0275	m0160	25.4	3.27e-10	57
m0275	m0267	23.8	5.57e-10	56
m0275	m0273	23.8	1.62e-09	55
m0275	m0158	26.4	1.62e-09	55
m0275	m0028	23.4	2.76e-09	54
m0275	m0265	21.1	2.76e-09	54
m0275	m0198	24.7	3.61e-09	54
m0275	m0016	21.4	2.34e-08	51
m0275	m0064	20.7	2.19e-06	44
m0275	m0177	26.5	4.88e-06	43
m0275	m0274	22.7	8.32e-06	42
m0275	m0218	24.2	7.05e-05	39
m0275	m0099	34.5	0.000457	37
m0275	m0099	30.4	0.000596	36
m0275	m0219	25.9	0.0427	30
m0275	m0261	22.2	0.362	27
m0275	m0062	26.2	1.8	25
m0274	m0144	41.5	1.38e-49	188
m0274	m0037	40.1	5.24e-49	186
m0274	m0095	38.1	2.43e-46	177
m0274	m0264	41.5	5.99e-45	173
m0274	m0079	34.9	2.97e-44	170
m0274	m0043	40.2	8.65e-44	169
m0274	m0067	35.4	1.13e-43	168
m0274	m0065	36.8	7.32e-43	166
m0274	m0176	36.1	1.63e-42	164
m0274	m0245	34.2	5.25e-41	159
m0274	m0101	36.2	1.99e-40	158
m0274	m0031	33.2	3.4e-40	157
m0274	m0194	33.6	2.2e-39	154
m0274	m0184	34.2	3.76e-39	153
m0274	m0167	32.8	3.76e-39	153
m0274	m0175	31.8	1.43e-38	151
m0274	m0036	33.1	9.26e-38	149
m0274	m0028	33.5	1.21e-37	148
m0274	m0166	33.0	4.6e-37	146
m0274	m0249	33.5	7.84e-37	146
m0274	m0231	34.0	1.75e-36	144
m0274	m0090	34.5	2.28e-36	144
m0274	m0149	34.0	3.89e-36	143
m0274	m0023	34.8	3.89e-36	143
m0274	m0111	37.8	1.13e-35	142
m0274	m0050	33.8	1.48e-35	141
m0274	m0048	33.9	1.48e-35	141
m0274	m0001	35.1	1.48e-35	141
m0274	m0216	33.2	2.52e-35	141
m0274	m0158	36.2	2.52e-35	141
m0274	m0229	34.5	4.3e-35	140
m0274	m0109	34.7	5.62e-35	139
m0274	m0217	30.6	5.62e-35	139
m0274	m0047	34.2	7.34e-35	139
m0274	m0227	30.8	7.34e-35	139
m0274	m0045	36.2	9.59e-35	139
m0274	m0206	34.5	9.59e-35	139
m0274	m0131	37.6	9.59e-35	139
m0274	m0268	36.4	9.59e-35	139
m0274	m0096	33.1	2.79e-34	137
m0274	m0074	34.2	3.64e-34	137
m0274	m0123	36.9	3.64e-34	137
m0274	m0193	32.9	3.64e-34	137
m0274	m0157	31.3	4.76e-34	136
m0274	m0062	32.7	4.76e-34	136
m0274	m0235	33.9	6.21e-34	136
m0274	m0077	34.1	6.21e-34	136
m0274	m0254	30.6	8.12e-34	136
m0274	m0272	33.0	8.12e-34	136
m0274	m0093	35.1	8.12e-34	136
m0274	m0012	32.7	1.06e-33	135
m0274	m0247	31.6	1.06e-33	135
m0274	m0068	35.1	1.81e-33	134
m0274	m0215	34.2	1.81e-33	134
m0274	m0168	34.1	1.81e-33	134
m0274	m0237	35.3	2.36e-33	134
m0274	m0120	33.7	2.36e-33	134
m0274	m0006	32.2	3.08e-33	134
m0274	m0124	30.5	4.03e-33	133
m0274	m0198	35.2	4.03e-33	133
m0274	m0054	35.2	8.97e-33	132
m0274	m0252	30.5	8.97e-33	132
m0274	m0232	36.9	1.17e-32	132
m0274	m0083	36.8	1.53e-32	131
m0274	m0155	33.3	1.53e-32	131
m0274	m0191	36.4	2.61e-32	131
m0274	m0137	32.8	2.61e-32	131
m0274	m0234	34.4	2.61e-32	131
m0274	m0014	34.2	2.61e-32	131
m0274	m0161	31.6	3.41e-32	130
m0274	m0002	31.6	3.41e-32	130
m0274	m0069	31.9	5.82e-32	129
m0274	m0141	33.2	5.82e-32	129
m0274	m0033	33.1	7.6e-32	129
m0274	m0238	35.2	9.92e-32	129
m0274	m0182	33.1	1.3e-31	128
m0274	m0187	33.8	1.3e-31	128
m0274	m0039	31.0	1.69e-31	128
m0274	m0173	33.3	2.21e-31	127
m0274	m0098	33.1	2.89e-31	127
m0274	m0160	30.2	2.89e-31	127
m0274	m0163	30.7	4.92e-31	126
m0274	m0262	32.4	4.92e-31	126
m0274	m0233	32.3	4.92e-31	126
m0274	m0103	33.9	6.43e-31	126
m0274	m0273	31.5	8.4e-31	126
m0274	m0113	31.3	8.4e-31	126
m0274	m0125	33.0	8.4e-31	126
m0274	m0267	34.0	8.4e-31	126
m0274	m0259	34.0	1.1e-30	125
m0274	m0102	34.5	1.43e-30	125
m0274	m0154	33.2	1.43e-30	125
m0274	m0070	31.2	1.87e-30	124
m0274	m0214	30.9	1.87e-30	124
m0274	m0011	32.4	2.44e-30	124
m0274	m0094	31.5	3.19e-30	124
m0274	m0230	31.2	3.19e-30	124
m0274	m0188	30.1	3.19e-30	124
m0274	m0088	33.5	5.44e-30	123
m0274	m0183	33.6	9.29e-30	122
m0274	m0086	31.6	1.21e-29	122
m0274	m0118	32.5	1.21e-29	122
m0274	m0248	33.8	1.58e-29	121
m0274	m0174	31.7	1.58e-29	121
m0274	m0017	31.1	2.07e-29	121
m0274	m0197	31.8	2.07e-29	121
m0274	m0192	31.9	3.53e-29	120
m0274	m0165	30.5	6.02e-29	119
m0274	m0133	32.4	7.86e-29	119
m0274	m0130	30.9	1.03e-28	119
m0274	m0159	32.3	1.34e-28	118
m0274	m0134	32.0	1.34e-28	118
m0274	m0025	32.5	2.99e-28	117
m0274	m0097	32.0	2.99e-28	117
m0274	m0073	30.9	6.65e-28	116
m0274	m0076	35.3	8.69e-28	116
m0274	m0172	32.4	8.69e-28	116
m0274	m0169	30.8	1.14e-27	115
m0274	m0243	30.2	1.48e-27	115
m0274	m0084	29.8	1.94e-27	114
m0274	m0178	32.2	2.53e-27	114
m0274	m0071	30.9	7.36e-27	112
m0274	m0138	28.4	9.61e-27	112
m0274	m0040	34.2	3.65e-26	110
m0274	m0128	31.1	4.77e-26	110
m0274	m0244	30.0	6.23e-26	109
m0274	m0210	31.6	6.23e-26	109
m0274	m0162	31.6	2.37e-25	107
m0274	m0104	34.1	8.99e-25	106
m0274	m0051	30.4	1.17e-24	105
m0274	m0170	29.3	4.46e-24	103
m0274	m0202	32.1	7.61e-24	102
m0274	m0205	27.5	4.94e-23	100
m0274	m0066	31.4	9.31e-22	96
m0274	m0005	28.7	3.31e-19	87
m0274	m0266	31.0	1.44e-14	72
m0274	m0228	26.9	2.15e-10	58
m0274	m0185	23.3	4.79e-10	57
m0274	m0064	26.0	1.3e-07	49
m0274	m0041	24.1	6.48e-07	46
m0274	m0063	21.9	0.0126	32
m0274	m0016	25.6	0.238	28
m0274	m0248	21.9	0.311	27
m0274	m0253	27.3	1.18	25
m0274	m0244	38.8	1.18	25
m0274	m0172	37.0	1.54	25
m0274	m0177	40.5	2.02	25
m0274	m0219	25.6	2.64	24
m0273	m0166	54.5	5.08e-87	312
m0273	m0233	50.3	3.9e-79	286
m0273	m0193	53.2	1.93e-78	283
m0273	m0272	49.3	9.59e-78	281
m0273	m0230	50.7	8.12e-77	278
m0273	m0001	50.9	6.88e-76	275
m0273	m0247	47.7	7.6e-75	272
m0273	m0229	51.0	1.1e-73	268
m0273	m0011	49.0	1.87e-73	267
m0273	m0262	47.9	7.12e-73	265
m0273	m0131	48.8	9.29e-73	265
m0273	m0168	50.0	9.29e-73	265
m0273	m0134	47.6	9.29e-73	265
m0273	m0103	47.0	1.03e-71	261
m0273	m0033	46.9	2.29e-71	260
m0273	m0232	46.0	2.99e-71	260
m0273	m0267	49.1	2.99e-71	260
m0273	m0062	44.1	2.99e-71	260
m0273	m0235	47.2	7.36e-70	255
m0273	m0234	48.9	1.26e-69	254
m0273	m0017	46.2	1.64e-69	254
m0273	m0086	44.2	1.64e-69	254
m0273	m0063	48.6	3.65e-69	253
m0273	m0155	44.5	4.77e-69	252
m0273	m0231	45.0	6.23e-69	252
m0273	m0187	46.8	8.14e-69	252
m0273	m0045	46.6	1.06e-68	251
m0273	m0124	47.0	1.81e-68	250
m0273	m0054	45.6	2.37e-68	250
m0273	m0123	48.1	4.04e-68	249
m0273	m0173	47.2	4.04e-68	249
m0273	m0238	47.0	4.04e-68	249
m0273	m0125	47.5	5.28e-68	249
m0273	m0133	45.0	5.28e-68	249
m0273	m0083	45.0	9e-68	248
m0273	m0069	47.5	1.18e-67	248
m0273	m0197	44.9	2.01e-67	247
m0273	m0141	46.7	2.01e-67	247
m0273	m0043	47.8	3.42e-67	246
m0273	m0169	46.7	3.78e-66	243
m0273	m0048	48.9	3.78e-66	243
m0273	m0154	46.2	1.44e-65	241
m0273	m0130	47.1	2.45e-65	240
m0273	m0012	45.0	3.2e-65	240
m0273	m0088	44.3	5.46e-65	239
m0273	m0268	48.3	9.31e-65	238
m0273	m0023	45.5	9.31e-65	238
m0273	m0178	48.2	1.22e-64	238
m0273	m0149	46.3	1.59e-64	237
m0273	m0172	44.8	1.59e-64	237
m0273	m0188	43.7	1.59e-64	237
m0273	m0182	47.0	1.59e-64	237
m0273	m0214	44.5	4.62e-64	236
m0273	m0163	43.0	6.04e-64	235
m0273	m0252	45.2	6.04e-64	235
m0273	m0248	46.8	7.88e-64	235
m0273	m0174	43.5	7.88e-64	235
m0273	m0039	47.1	1.03e-63	235
m0273	m0138	44.7	1.34e-63	234
m0273	m0068	45.3	2.29e-63	233
m0273	m0002	45.0	3.91e-63	233
m0273	m0025	46.9	3.91e-63	233
m0273	m0206	46.4	6.67e-63	232
m0273	m0090	43.8	8.72e-63	231
m0273	m0259	45.4	1.14e-62	231
m0273	m0216	46.3	1.49e-62	231
m0273	m0192	44.1	1.94e-62	230
m0273	m0254	46.0	2.54e-62	230
m0273	m0215	44.8	2.54e-62	230
m0273	m0096	46.2	2.54e-62	230
m0273	m0144	44.1	3.31e-62	230
m0273	m0111	43.6	3.31e-62	230
m0273	m0157	45.5	4.33e-62	229
m0273	m0076	47.9	4.33e-62	229
m0273	m0244	44.6	7.38e-62	228
m0273	m0006	45.2	1.26e-61	228
m0273	m0094	46.3	1.64e-61	227
m0273	m0183	45.5	1.64e-61	227
m0273	m0093	45.2	2.15e-61	227
m0273	m0097	44.4	2.15e-61	227
m0273	m0014	45.5	2.15e-61	227
m0273	m0050	47.0	2.8e-61	226
m0273	m0118	41.7	1.82e-60	224
m0273	m0047	44.4	1.82e-60	224
m0273	m0158	44.2	2.37e-60	223
m0273	m0113	42.5	6.91e-60	222
m0273	m0237	46.6	1.18e-59	221
m0273	m0120	42.1	2.62e-59	220
m0273	m0084	41.6	3.43e-59	220
m0273	m0161	44.1	5.85e-59	219
m0273	m0227	44.1	7.64e-59	218
m0273	m0098	43.8	7.64e-59	218
m0273	m0073	46.4	9.97e-59	218
m0273	m0245	40.3	1.7e-58	217
m0273	m0109	43.0	1.7e-58	217
m0273	m0264	40.9	3.79e-58	216
m0273	m0217	47.9	1.1e-57	215
m0273	m0101	40.2	4.19e-57	213
m0273	m0198	41.0	2.08e-56	210
m0273	m0031	41.8	3.55e-56	210
m0273	m0067	41.9	6.05e-56	209
m0273	m0071	41.4	6.05e-56	209
m0273	m0070	41.6	1.14e-54	205
m0273	m0194	41.2	1.49e-54	204
m0273	m0079	39.3	1.49e-54	204
m0273	m0210	43.5	2.54e-54	203
m0273	m0175	41.6	5.66e-54	202
m0273	m0184	41.1	9.66e-54	201
m0273	m0095	41.3	2.15e-53	200
m0273	m0205	41.4	1.07e-52	198
m0273	m0167	40.1	2.38e-52	197
m0273	m0128	41.9	2.38e-52	197
m0273	m0074	39.9	2.38e-52	197
m0273	m0065	38.0	4.06e-52	196
m0273	m0249	41.1	4.06e-52	196
m0273	m0040	41.2	6.92e-52	195
m0273	m0191	41.2	1.18e-51	195
m0273	m0176	37.6	4.49e-51	193
m0273	m0036	41.4	5.86e-51	192
m0273	m0037	38.7	7.65e-51	192
m0273	m0102	42.0	1.31e-50	191
m0273	m0077	39.0	2.91e-50	190
m0273	m0162	40.3	6.48e-50	189
m0273	m0243	39.6	1.44e-49	188
m0273	m0159	38.2	1.44e-49	188
m0273	m0051	41.0	3.22e-49	186
m0273	m0104	39.9	1.6e-48	184
m0273	m0066	38.8	7.92e-48	182
m0273	m0170	39.6	2.3e-47	180
m0273	m0028	35.5	2.39e-44	170
m0273	m0005	34.3	5.69e-38	149
m0273	m0165	32.1	9.71e-38	148
m0273	m0160	35.1	3.34e-30	123
m0273	m0137	31.6	5.9e-27	112
m0273	m0202	24.6	1.61e-16	78
m0273	m0185	28.0	1.78e-15	74
m0273	m0228	26.7	1.67e-13	68
m0273	m0266	27.4	5.02e-10	56
m0273	m0064	26.1	1.37e-07	48
m0273	m0041	26.3	7.5e-06	42
m0273	m0136	24.8	9.8e-06	42
m0273	m0219	26.9	1.67e-05	41
m0273	m0026	27.8	4.86e-05	40
m0273	m0122	22.6	0.000702	36
m0273	m0255	25.3	0.000917	35
m0273	m0177	28.8	0.00455	33
m0273	m0016	20.3	0.00594	33
m0273	m0143	23.7	0.0101	32
m0273	m0005	28.2	0.949	25
m0273	m0198	28.6	1.24	25
m0272	m0233	77.5	5.26e-135	471
m0272	m0230	76.1	2e-134	470
m0272	m0001	69.7	5.29e-119	418
m0272	m0193	68.6	7.63e-118	414
m0272	m0247	65.8	4.33e-113	399
m0272	m0229	71.3	2.23e-109	386
m0272	m0134	64.5	1.1e-108	384
m0272	m0103	64.0	2.3e-106	376
m0272	m0168	62.6	1.49e-105	374
m0272	m0062	63.6	1.95e-105	373
m0272	m0141	68.7	7.41e-105	371
m0272	m0166	60.4	4.07e-103	366
m0272	m0234	63.6	9.06e-103	364
m0272	m0123	64.4	1.18e-102	364
m0272	m0235	64.5	3.44e-102	362
m0272	m0232	60.3	1e-101	361
m0272	m0054	62.4	6.49e-101	358
m0272	m0012	61.0	8.48e-101	358
m0272	m0131	59.9	5.5e-100	355
m0272	m0124	60.6	6.08e-99	352
m0272	m0262	59.9	1.77e-98	350
m0272	m0187	67.0	2.31e-98	350
m0272	m0011	62.2	8.78e-98	348
m0272	m0002	63.8	1.5e-97	347
m0272	m0083	57.8	1.4e-95	341
m0272	m0231	56.3	2.64e-94	336
m0272	m0155	54.8	1.71e-93	334
m0272	m0045	58.9	1.71e-93	334
m0272	m0268	61.4	8.5e-93	331
m0272	m0086	54.5	5.16e-90	322
m0272	m0118	53.0	9.1e-87	311
m0272	m0069	54.4	1.55e-86	310
m0272	m0033	55.9	4.52e-86	309
m0272	m0109	54.3	1.01e-85	308
m0272	m0063	54.8	1.31e-85	307
m0272	m0043	54.9	1.72e-85	307
m0272	m0197	51.6	1.9e-84	304
m0272	m0120	52.6	5.52e-84	302
m0272	m0252	53.8	2.32e-82	297
m0272	m0048	51.9	2.32e-82	297
m0272	m0090	50.2	3.35e-81	293
m0272	m0192	51.5	7.46e-81	292
m0272	m0149	49.8	3.7e-80	289
m0272	m0097	50.7	3.7e-80	289
m0272	m0017	52.3	2.4e-79	287
m0272	m0125	52.2	2.4e-79	287
m0272	m0267	54.8	6.99e-79	285
m0272	m0144	48.5	1.56e-78	284
m0272	m0182	50.3	2.03e-78	283
m0272	m0133	52.7	2.65e-78	283
m0272	m0073	47.2	2.93e-77	280
m0272	m0084	47.5	5.01e-77	279
m0272	m0245	48.7	1.9e-76	277
m0272	m0098	46.5	3.24e-76	276
m0272	m0031	47.8	1.23e-75	274
m0272	m0154	48.8	1.36e-74	271
m0272	m0238	49.5	1.36e-74	271
m0272	m0070	50.0	1.78e-74	270
m0272	m0014	50.7	3.04e-74	270
m0272	m0174	51.1	3.97e-74	269
m0272	m0191	51.8	8.84e-74	268
m0272	m0248	50.5	8.84e-74	268
m0272	m0067	50.0	1.51e-73	267
m0272	m0163	48.5	1.97e-73	267
m0272	m0188	48.3	2.57e-73	267
m0272	m0138	46.4	5.73e-73	265
m0272	m0101	49.2	5.73e-73	265
m0272	m0169	47.8	5.73e-73	265
m0272	m0264	49.8	7.48e-73	265
m0272	m0051	50.3	1.28e-72	264
m0272	m0215	46.9	1.67e-72	264
m0272	m0161	48.1	1.67e-72	264
m0272	m0214	47.8	2.18e-72	263
m0272	m0259	50.0	4.85e-72	262
m0272	m0050	48.8	4.85e-72	262
m0272	m0040	50.4	6.33e-72	262
m0272	m0183	51.3	8.27e-72	262
m0272	m0006	48.1	1.08e-71	261
m0272	m0178	50.9	1.41e-71	261
m0272	m0206	48.5	1.41e-71	261
m0272	m0249	46.1	1.84e-71	260
m0272	m0093	47.5	1.84e-71	260
m0272	m0173	48.1	3.14e-71	260
m0272	m0111	48.0	5.36e-71	259
m0272	m0130	48.2	5.36e-71	259
m0272	m0025	46.3	7e-71	258
m0272	m0047	48.4	9.14e-71	258
m0272	m0065	45.2	1.19e-70	258
m0272	m0244	48.5	2.04e-70	257
m0272	m0157	46.2	2.04e-70	257
m0272	m0176	44.3	2.66e-70	257
m0272	m0158	49.2	2.66e-70	257
m0272	m0104	50.0	3.47e-70	256
m0272	m0096	46.2	3.47e-70	256
m0272	m0184	45.5	3.47e-70	256
m0272	m0162	47.6	4.54e-70	256
m0272	m0167	45.9	4.54e-70	256
m0272	m0076	52.1	4.54e-70	256
m0272	m0172	46.9	5.93e-70	255
m0272	m0254	48.1	5.93e-70	255
m0272	m0074	46.2	7.74e-70	255
m0272	m0077	48.0	1.01e-69	255
m0272	m0023	47.4	1.32e-69	254
m0272	m0094	47.6	1.72e-69	254
m0272	m0066	48.4	2.25e-69	253
m0272	m0216	46.7	2.25e-69	253
m0272	m0036	44.4	3.84e-69	253
m0272	m0102	47.7	5.02e-69	252
m0272	m0113	46.3	6.55e-69	252
m0272	m0068	47.7	6.55e-69	252
m0272	m0170	48.8	8.56e-69	252
m0272	m0175	45.1	1.46e-68	251
m0272	m0159	46.1	7.25e-68	248
m0272	m0079	43.7	1.61e-67	247
m0272	m0037	44.2	2.11e-67	247
m0272	m0210	50.2	1.37e-66	244
m0272	m0039	47.0	3.04e-66	243
m0272	m0198	46.8	1.16e-65	241
m0272	m0237	45.1	1.51e-65	241
m0272	m0095	44.6	1.51e-65	241
m0272	m0088	45.9	1.97e-65	240
m0272	m0194	41.9	2.58e-65	240
m0272	m0071	44.3	9.79e-65	238
m0272	m0227	48.5	1.08e-63	235
m0272	m0205	45.1	3.15e-63	233
m0272	m0217	48.5	5.94e-62	229
m0272	m0028	41.4	3.85e-61	226
m0272	m0243	41.2	8.58e-61	225
m0272	m0128	44.9	1.05e-58	218
m0272	m0165	39.3	2.34e-50	190
m0272	m0005	39.0	2.05e-46	177
m0272	m0160	34.1	3.4e-33	133
m0272	m0137	31.8	2.88e-32	130
m0272	m0202	29.0	9.27e-23	99
m0272	m0228	27.6	2.79e-19	87
m0272	m0185	27.0	1.06e-18	85
m0272	m0266	32.0	7.12e-15	72
m0272	m0041	28.6	7.87e-14	69
m0272	m0064	25.1	2.8e-11	60
m0272	m0122	23.7	4.77e-11	60
m0272	m0265	23.2	5.83e-09	53
m0272	m0219	27.1	1.22e-06	45
m0272	m0218	27.0	3e-05	40
m0272	m0115	22.3	3e-05	40
m0272	m0016	21.5	0.000149	38
m0272	m0099	23.4	0.00215	34
m0272	m0255	29.6	0.00366	33
m0272	m0177	30.7	0.00625	33
m0272	m0196	26.0	0.0139	32
m0272	m0060	21.8	0.0139	32
m0272	m0263	26.8	0.0139	32
m0272	m0224	25.7	0.031	30
m0272	m0177	25.9	0.0405	30
m0272	m0152	31.0	0.0691	29
m0272	m0212	22.8	0.0902	29
m0272	m0107	26.1	0.0902	29
m0272	m0056	33.3	0.448	27
m0272	m0259	27.8	0.585	26
m0272	m0075	42.4	0.764	26
m0272	m0129	26.0	2.22	24
m0272	m0099	29.9	2.22	24
m0272	m0007	24.6	2.9	24
m0272	m0115	43.3	4.95	23
m0272	m0089	28.0	8.45	22
m0271	m0189	38.9	6.83e-84	302
m0271	m0224	37.6	1.02e-71	262
m0271	m0263	37.2	1.75e-71	261
m0271	m0150	34.9	4.31e-62	230
m0271	m0027	29.9	2.08e-48	184
m0271	m0139	29.9	2.01e-43	168
m0271	m0059	40.3	6.47e-42	163
m0271	m0240	28.6	5.13e-39	153
m0271	m0145	30.9	7.4e-38	149
m0271	m0115	31.3	5.3e-36	143
m0271	m0018	27.7	4.2e-33	134
m0271	m0008	31.2	1.07e-28	119
m0271	m0018	32.4	2.23e-26	111
m0271	m0200	28.1	1.96e-14	72
m0271	m0059	27.3	7.47e-06	43
m0271	m0008	23.6	0.000141	39
m0271	m0208	30.1	0.0384	31
m0271	m0099	36.4	0.112	29
m0271	m0141	24.1	0.112	29
m0271	m0030	100.0	0.249	28
m0271	m0114	45.7	0.249	28
m0271	m0023	21.7	0.325	28
m0271	m0218	64.3	0.424	27
m0271	m0160	23.3	0.723	27
m0271	m0266	100.0	0.723	27
m0271	m0113	42.9	1.23	26
m0271	m0002	34.4	6.12	23
m0271	m0108	41.5	6.12	23
m0270	m0129	44.3	1.78e-58	217
m0270	m0061	23.0	5.24e-10	56
m0270	m0035	26.0	1.69e-08	51
m0270	m0196	24.6	2.44e-07	47
m0270	m0152	27.3	5.43e-07	46
m0270	m0099	25.3	0.000958	35
m0270	m0219	24.5	0.0402	30
m0270	m0261	32.7	0.117	28
m0270	m0020	23.3	0.153	28
m0270	m0116	28.3	0.2	28
m0270	m0177	26.4	0.445	27
m0270	m0177	31.4	0.991	25
m0270	m0199	24.8	1.29	25
m0270	m0241	26.9	2.21	24
m0270	m0179	61.1	2.88	24
m0270	m0255	42.1	8.39	22
m0270	m0056	32.3	8.39	22
m0269	m0171	62.6	2.63e-119	419
m0269	m0221	57.8	3.45e-103	366
m0269	m0135	50.3	2.93e-86	310
m0269	m0242	44.3	1.79e-67	247
m0269	m0220	39.6	2.86e-57	213
m0269	m0105	40.6	1.42e-56	211
m0269	m0207	36.1	5.41e-48	183
m0269	m0190	33.7	3.08e-35	140
m0269	m0046	33.8	6.86e-35	139
m0269	m0029	30.5	2.44e-32	131
m0269	m0087	33.7	4.16e-32	130
m0269	m0019	33.0	7.1e-32	129
m0269	m0009	31.1	5.08e-30	123
m0269	m0058	31.4	1.13e-29	122
m0269	m0246	31.8	5.62e-29	119
m0269	m0106	31.9	1.64e-28	118
m0269	m0209	32.0	1.64e-28	118
m0269	m0085	30.1	2.14e-28	117
m0269	m0082	32.1	1.06e-27	115
m0269	m0112	28.6	1.06e-27	115
m0269	m0110	31.9	1.38e-27	115
m0269	m0256	32.2	2.36e-27	114
m0269	m0179	30.4	1.17e-26	112
m0269	m0226	31.9	1.17e-26	112
m0269	m0251	27.6	1.53e-26	111
m0269	m0151	30.3	1.69e-25	108
m0269	m0222	31.5	8.4e-25	106
m0269	m0049	30.9	9.29e-24	102
m0269	m0186	31.3	3.53e-23	100
m0269	m0164	27.9	5.46e-16	76
m0269	m0263	27.8	0.0449	30
m0269	m0052	38.6	0.17	28
m0269	m0166	23.2	7.16	23
m0269	m0153	48.1	9.35	22
m0269	m0025	26.6	9.35	22
m0268	m0001	61.0	8.4e-94	334
m0268	m0233	63.2	1.87e-93	333
m0268	m0134	63.5	4.17e-93	332
m0268	m0103	63.8	5.45e-93	332
m0268	m0230	62.8	2.07e-92	330
m0268	m0229	62.3	2.29e-91	326
m0268	m0141	62.3	1.14e-90	324
m0268	m0193	60.5	3.31e-90	322
m0268	m0247	59.1	5.64e-90	322
m0268	m0234	59.9	2.37e-88	316
m0268	m0235	59.1	5.83e-87	312
m0268	m0086	56.4	7.62e-87	311
m0268	m0168	58.3	2.22e-86	310
m0268	m0123	59.1	2.22e-86	310
m0268	m0262	56.7	1.44e-85	307
m0268	m0131	57.0	1.88e-85	307
m0268	m0011	57.1	6.04e-84	302
m0268	m0232	56.9	1.03e-83	301
m0268	m0062	56.4	1.34e-83	300
m0268	m0045	57.1	7.38e-82	295
m0268	m0155	54.9	7.38e-82	295
m0268	m0187	56.1	4.78e-81	292
m0268	m0012	56.7	6.25e-81	292
m0268	m0002	56.4	8.16e-81	291
m0268	m0197	53.9	1.39e-80	290
m0268	m0124	55.0	2.37e-80	290
m0268	m0231	55.5	4.05e-80	289
m0268	m0166	53.9	5.29e-80	289
m0268	m0054	56.2	6.91e-80	288
m0268	m0033	56.8	2.01e-79	287
m0268	m0069	52.3	4.48e-79	285
m0268	m0083	55.5	3.21e-77	279
m0268	m0048	51.9	9.34e-77	278
m0268	m0245	49.4	1.07e-72	264
m0268	m0098	47.9	2.63e-71	260
m0268	m0097	48.8	4.49e-71	259
m0268	m0073	50.2	4.49e-71	259
m0268	m0118	49.4	2.23e-70	257
m0268	m0144	47.8	2.91e-70	256
m0268	m0249	46.3	9.36e-69	251
m0268	m0109	50.7	9.36e-69	251
m0268	m0036	46.4	1.6e-68	250
m0268	m0191	50.6	2.08e-68	250
m0268	m0149	46.7	7.92e-68	248
m0268	m0070	51.0	7.92e-68	248
m0268	m0267	51.4	1.03e-67	248
m0268	m0264	47.9	1.35e-67	247
m0268	m0090	50.0	1.35e-67	247
m0268	m0252	46.9	1.14e-66	244
m0268	m0192	47.9	1.95e-66	243
m0268	m0182	49.8	2.55e-66	243
m0268	m0079	45.2	2.55e-66	243
m0268	m0101	46.6	3.33e-66	243
m0268	m0133	48.8	3.33e-66	243
m0268	m0175	45.8	4.35e-66	242
m0268	m0067	46.4	5.68e-66	242
m0268	m0259	50.2	9.68e-66	241
m0268	m0167	45.5	1.65e-65	240
m0268	m0084	46.2	2.16e-65	240
m0268	m0184	44.7	3.68e-65	239
m0268	m0125	47.9	4.81e-65	239
m0268	m0077	48.6	4.81e-65	239
m0268	m0037	45.3	8.2e-65	238
m0268	m0183	49.0	3.12e-64	236
m0268	m0017	47.7	3.12e-64	236
m0268	m0238	50.2	4.07e-64	236
m0268	m0014	49.0	4.07e-64	236
m0268	m0206	47.3	5.31e-64	235
m0268	m0066	45.6	6.94e-64	235
m0268	m0214	47.9	6.94e-64	235
m0268	m0194	43.9	1.18e-63	234
m0268	m0113	47.8	1.55e-63	234
m0268	m0096	47.7	2.02e-63	233
m0268	m0161	48.6	2.02e-63	233
m0268	m0254	47.3	2.64e-63	233
m0268	m0188	47.9	3.44e-63	233
m0268	m0248	46.9	3.44e-63	233
m0268	m0023	48.3	3.44e-63	233
m0268	m0163	48.3	3.44e-63	233
m0268	m0093	48.1	3.44e-63	233
m0268	m0215	47.5	4.5e-63	232
m0268	m0065	43.3	5.87e-63	232
m0268	m0216	47.3	5.87e-63	232
m0268	m0130	47.7	5.87e-63	232
m0268	m0047	46.3	7.67e-63	231
m0268	m0120	47.0	7.67e-63	231
m0268	m0176	42.5	1.31e-62	231
m0268	m0154	47.5	1.31e-62	231
m0268	m0111	47.5	2.23e-62	230
m0268	m0050	47.3	2.92e-62	230
m0268	m0068	45.6	3.81e-62	229
m0268	m0102	45.6	4.97e-62	229
m0268	m0157	46.2	4.97e-62	229
m0268	m0244	47.5	6.5e-62	228
m0268	m0076	49.0	1.11e-61	228
m0268	m0169	47.5	1.11e-61	228
m0268	m0178	47.1	1.45e-61	227
m0268	m0174	48.3	1.89e-61	227
m0268	m0088	46.4	5.5e-61	225
m0268	m0028	43.2	5.5e-61	225
m0268	m0173	46.7	1.22e-60	224
m0268	m0006	47.1	1.22e-60	224
m0268	m0172	45.8	3.56e-60	223
m0268	m0158	46.8	7.94e-60	221
m0268	m0237	45.7	7.94e-60	221
m0268	m0138	46.6	1.04e-59	221
m0268	m0031	46.1	1.04e-59	221
m0268	m0025	44.8	1.04e-59	221
m0268	m0043	46.7	2.31e-59	220
m0268	m0205	46.9	1.15e-58	218
m0268	m0074	43.5	1.5e-58	217
m0268	m0162	43.7	1.96e-58	217
m0268	m0039	46.3	1.96e-58	217
m0268	m0051	43.5	1.96e-58	217
m0268	m0104	43.7	2.55e-58	216
m0268	m0040	43.3	2.55e-58	216
m0268	m0063	44.4	3.34e-58	216
m0268	m0227	48.4	5.69e-58	215
m0268	m0094	44.6	9.71e-58	215
m0268	m0095	41.9	1.27e-57	214
m0268	m0217	48.0	1.66e-57	214
m0268	m0128	45.1	3.69e-57	213
m0268	m0243	44.8	1.07e-56	211
m0268	m0198	45.6	2.39e-56	210
m0268	m0170	40.2	1.31e-54	204
m0268	m0210	42.7	2.92e-54	203
m0268	m0159	41.7	1.45e-53	201
m0268	m0071	39.8	1.36e-51	194
m0268	m0165	36.5	8.52e-46	175
m0268	m0005	35.9	8.25e-41	158
m0268	m0160	30.8	1.97e-26	111
m0268	m0137	31.3	6.35e-25	106
m0268	m0202	30.9	3.48e-23	100
m0268	m0228	26.6	2.19e-17	80
m0268	m0185	24.8	3.86e-14	70
m0268	m0064	26.3	1.05e-11	62
m0268	m0266	26.3	4.42e-10	56
m0268	m0041	29.8	4.88e-09	53
m0268	m0265	21.1	1.02e-06	45
m0268	m0026	24.9	0.000362	37
m0268	m0143	25.2	0.000807	35
m0268	m0196	25.1	0.22	27
m0268	m0146	33.3	2.43	24
m0268	m0148	52.2	3.17	23
m0268	m0105	20.9	4.14	23
m0267	m0125	82.3	3.47e-136	475
m0267	m0133	82.5	5.01e-135	471
m0267	m0017	83.8	1.46e-134	470
m0267	m0023	60.2	6.83e-100	355
m0267	m0111	60.6	8.92e-100	354
m0267	m0259	63.6	1.52e-99	354
m0267	m0014	62.2	2.59e-99	353
m0267	m0006	61.3	3.39e-99	352
m0267	m0161	61.3	4.43e-99	352
m0267	m0183	64.3	5.78e-99	352
m0267	m0050	59.5	7.55e-99	351
m0267	m0254	61.5	1.29e-98	351
m0267	m0215	61.0	1.09e-97	347
m0267	m0216	60.4	2.43e-97	346
m0267	m0157	60.1	9.23e-97	344
m0267	m0163	61.7	2.06e-96	343
m0267	m0238	59.9	2.06e-96	343
m0267	m0206	60.0	2.68e-96	343
m0267	m0096	59.1	7.81e-96	341
m0267	m0158	62.1	2.27e-95	340
m0267	m0182	60.8	2.97e-95	339
m0267	m0093	59.8	5.06e-95	339
m0267	m0047	59.1	6.61e-95	338
m0267	m0088	59.4	3.28e-94	336
m0267	m0154	59.3	7.31e-94	335
m0267	m0174	60.3	9.55e-94	334
m0267	m0130	57.4	1.25e-93	334
m0267	m0169	57.0	2.13e-93	333
m0267	m0076	61.9	1.8e-92	330
m0267	m0138	56.9	3.07e-92	329
m0267	m0248	59.2	4.01e-92	329
m0267	m0188	57.5	5.24e-92	329
m0267	m0178	57.2	8.94e-92	328
m0267	m0173	58.5	1.69e-90	324
m0267	m0198	58.3	2.2e-90	323
m0267	m0068	57.4	2.88e-90	323
m0267	m0172	57.4	8.37e-90	321
m0267	m0214	56.2	1.58e-88	317
m0267	m0244	56.6	5.08e-87	312
m0267	m0039	58.0	5.08e-87	312
m0267	m0025	56.4	8.66e-87	311
m0267	m0103	57.7	2.13e-85	307
m0267	m0123	56.5	2e-83	300
m0267	m0113	54.2	2.61e-83	300
m0267	m0227	53.9	7.58e-83	298
m0267	m0217	57.5	8.39e-82	295
m0267	m0237	51.6	2.44e-81	293
m0267	m0233	54.9	4.16e-81	292
m0267	m0094	53.2	3.52e-80	289
m0267	m0001	55.6	4.6e-80	289
m0267	m0166	53.3	3.9e-79	286
m0267	m0230	53.4	5.09e-79	285
m0267	m0234	55.6	6.64e-79	285
m0267	m0131	52.6	1.13e-78	284
m0267	m0205	49.2	1.93e-78	283
m0267	m0247	54.5	4.31e-78	282
m0267	m0086	53.3	8.12e-77	278
m0267	m0235	54.1	1.17e-75	274
m0267	m0193	52.5	4.46e-75	272
m0267	m0229	54.7	5.82e-75	272
m0267	m0134	54.1	9.93e-75	271
m0267	m0155	53.3	1.69e-74	270
m0267	m0231	51.4	2.21e-74	270
m0267	m0197	52.3	2.89e-74	270
m0267	m0069	51.6	6.44e-74	268
m0267	m0141	53.8	1.87e-73	267
m0267	m0232	49.2	9.29e-73	265
m0267	m0097	50.9	1.21e-72	264
m0267	m0062	48.2	3.9e-71	259
m0267	m0054	51.1	3.65e-69	253
m0267	m0033	50.2	6.23e-69	252
m0267	m0002	50.8	8.14e-69	252
m0267	m0048	48.5	1.39e-68	251
m0267	m0262	48.0	2.37e-68	250
m0267	m0011	52.3	5.28e-68	249
m0267	m0187	51.3	9e-68	248
m0267	m0012	50.4	6.45e-66	242
m0267	m0168	47.8	8.42e-66	242
m0267	m0083	48.9	1.1e-65	241
m0267	m0124	48.6	9.31e-65	238
m0267	m0045	48.7	1.22e-64	238
m0267	m0252	45.7	1.76e-63	234
m0267	m0192	47.1	1.76e-63	234
m0267	m0070	45.2	1.94e-62	230
m0267	m0084	46.4	9.64e-62	228
m0267	m0149	43.6	1.82e-60	224
m0267	m0043	46.9	2.37e-60	223
m0267	m0090	44.6	3.1e-60	223
m0267	m0245	43.8	1.18e-59	221
m0267	m0063	45.1	2.62e-59	220
m0267	m0109	45.7	9.97e-59	218
m0267	m0073	42.2	6.47e-58	215
m0267	m0098	43.7	1.88e-57	214
m0267	m0031	44.3	9.34e-57	211
m0267	m0120	43.6	1.59e-56	211
m0267	m0144	39.9	5.12e-55	206
m0267	m0184	43.4	7.4e-54	202
m0267	m0264	40.2	9.66e-54	201
m0267	m0101	39.6	9.66e-54	201
m0267	m0118	43.4	2.38e-52	197
m0267	m0066	40.5	4.06e-52	196
m0267	m0040	41.2	6.92e-52	195
m0267	m0167	40.6	9.04e-52	195
m0267	m0074	40.8	1.18e-51	195
m0267	m0162	41.0	4.49e-51	193
m0267	m0067	40.8	3.8e-50	190
m0267	m0175	41.3	6.48e-50	189
m0267	m0191	40.0	8.46e-50	188
m0267	m0194	41.6	1.11e-49	188
m0267	m0210	40.8	1.11e-49	188
m0267	m0104	40.9	4.2e-49	186
m0267	m0079	39.8	1.22e-48	184
m0267	m0077	40.5	2.08e-48	184
m0267	m0102	38.5	2.72e-48	183
m0267	m0028	39.4	7.92e-48	182
m0267	m0249	39.3	1.76e-47	181
m0267	m0065	38.9	1.76e-47	181
m0267	m0170	38.4	1.76e-47	181
m0267	m0036	39.7	3.01e-47	180
m0267	m0243	38.0	1.49e-46	178
m0267	m0176	37.4	4.35e-46	176
m0267	m0037	38.7	1.26e-45	174
m0267	m0095	37.8	4.07e-44	169
m0267	m0071	37.8	5.87e-43	166
m0267	m0128	38.4	7.67e-43	165
m0267	m0159	37.5	1e-42	165
m0267	m0051	37.4	4.97e-42	163
m0267	m0165	35.0	1.27e-37	148
m0267	m0005	32.0	1.23e-32	131
m0267	m0160	30.4	9.42e-25	105
m0267	m0202	29.2	6.11e-24	102
m0267	m0137	31.7	1.04e-23	102
m0267	m0041	29.5	6.12e-16	76
m0267	m0185	25.5	2.41e-12	64
m0267	m0228	29.4	5.93e-11	59
m0267	m0064	34.6	1.32e-10	58
m0267	m0265	29.9	4.25e-09	53
m0267	m0266	26.3	3.6e-08	50
m0267	m0136	26.4	3.98e-07	47
m0267	m0122	20.4	2.58e-06	44
m0267	m0026	27.8	0.000141	38
m0267	m0255	26.2	0.000141	38
m0267	m0219	24.3	0.000702	36
m0267	m0016	26.3	0.000702	36
m0267	m0060	23.3	0.00204	34
m0267	m0183	27.7	0.00267	34
m0267	m0253	28.0	0.0101	32
m0267	m0121	27.0	0.112	28
m0267	m0177	28.9	0.25	27
m0267	m0148	60.9	0.727	26
m0267	m0196	30.1	0.949	25
m0267	m0061	27.0	1.24	25
m0267	m0007	21.4	3.61	23
m0267	m0132	43.2	6.15	23
m0266	m0228	42.6	4.12e-41	159
m0266	m0031	33.5	4.29e-22	96
m0266	m0074	30.6	5.79e-19	86
m0266	m0109	31.1	3.18e-17	80
m0266	m0144	31.5	2.06e-16	77
m0266	m0101	29.5	2.69e-16	77
m0266	m0037	32.5	7.83e-16	75
m0266	m0104	32.9	7.83e-16	75
m0266	m0264	29.8	1.74e-15	74
m0266	m0067	30.7	2.98e-15	73
m0266	m0077	27.4	3.89e-15	73
m0266	m0245	30.7	6.63e-15	72
m0266	m0191	28.0	8.66e-15	72
m0266	m0230	29.2	8.66e-15	72
m0266	m0043	28.0	8.66e-15	72
m0266	m0065	26.4	1.13e-14	71
m0266	m0162	29.1	1.48e-14	71
m0266	m0002	29.2	2.52e-14	70
m0266	m0131	28.4	3.29e-14	70
m0266	m0098	29.1	3.29e-14	70
m0266	m0170	28.4	4.3e-14	69
m0266	m0120	27.0	7.33e-14	69
m0266	m0149	25.3	7.33e-14	69
m0266	m0167	28.3	9.57e-14	68
m0266	m0054	27.1	9.57e-14	68
m0266	m0040	30.7	9.57e-14	68
m0266	m0233	28.1	9.57e-14	68
m0266	m0231	29.5	1.25e-13	68
m0266	m0232	29.0	1.63e-13	67
m0266	m0083	29.0	2.79e-13	67
m0266	m0012	27.8	3.64e-13	66
m0266	m0243	28.5	4.75e-13	66
m0266	m0071	27.5	4.75e-13	66
m0266	m0175	27.7	4.75e-13	66
m0266	m0184	28.3	4.75e-13	66
m0266	m0103	26.4	6.21e-13	65
m0266	m0185	29.3	6.21e-13	65
m0266	m0124	28.3	6.21e-13	65
m0266	m0045	27.0	8.1e-13	65
m0266	m0102	29.0	8.1e-13	65
m0266	m0166	26.9	8.1e-13	65
m0266	m0141	27.8	1.06e-12	65
m0266	m0235	25.8	1.38e-12	64
m0266	m0210	28.8	1.81e-12	64
m0266	m0050	30.0	2.36e-12	64
m0266	m0001	27.5	2.36e-12	64
m0266	m0193	29.0	2.36e-12	64
m0266	m0155	27.8	2.36e-12	64
m0266	m0073	27.2	4.02e-12	63
m0266	m0070	28.9	4.02e-12	63
m0266	m0234	28.2	4.02e-12	63
m0266	m0157	30.4	5.25e-12	62
m0266	m0051	28.7	6.86e-12	62
m0266	m0118	23.6	1.17e-11	61
m0266	m0216	29.1	1.53e-11	61
m0266	m0122	26.7	2e-11	60
m0266	m0128	29.1	2e-11	60
m0266	m0096	29.8	2.61e-11	60
m0266	m0252	27.3	3.41e-11	60
m0266	m0158	28.6	5.81e-11	59
m0266	m0090	24.7	5.81e-11	59
m0266	m0248	29.0	5.81e-11	59
m0266	m0187	25.4	5.81e-11	59
m0266	m0254	28.6	5.81e-11	59
m0266	m0206	29.2	5.81e-11	59
m0266	m0006	29.7	5.81e-11	59
m0266	m0063	26.5	7.59e-11	59
m0266	m0161	27.7	7.59e-11	59
m0266	m0014	28.3	7.59e-11	59
m0266	m0047	27.6	9.91e-11	58
m0266	m0160	29.1	9.91e-11	58
m0266	m0093	29.8	1.69e-10	57
m0266	m0247	23.3	1.69e-10	57
m0266	m0259	27.7	2.21e-10	57
m0266	m0028	26.5	3.76e-10	56
m0266	m0183	27.2	3.76e-10	56
m0266	m0197	27.6	4.92e-10	56
m0266	m0023	31.0	4.92e-10	56
m0266	m0111	28.3	4.92e-10	56
m0266	m0011	25.6	8.39e-10	55
m0266	m0097	25.9	8.39e-10	55
m0266	m0202	26.0	8.39e-10	55
m0266	m0168	28.0	1.1e-09	55
m0266	m0237	28.9	1.1e-09	55
m0266	m0086	31.0	1.1e-09	55
m0266	m0062	24.6	1.1e-09	55
m0266	m0084	24.9	1.1e-09	55
m0266	m0215	28.1	1.43e-09	54
m0266	m0192	25.6	1.43e-09	54
m0266	m0137	26.6	1.87e-09	54
m0266	m0039	29.4	1.87e-09	54
m0266	m0229	24.2	2.44e-09	54
m0266	m0134	24.6	2.44e-09	54
m0266	m0169	27.8	3.19e-09	53
m0266	m0048	21.9	4.16e-09	53
m0266	m0123	25.1	5.44e-09	52
m0266	m0217	28.1	1.21e-08	51
m0266	m0198	26.4	1.21e-08	51
m0266	m0163	26.5	1.21e-08	51
m0266	m0069	26.4	1.21e-08	51
m0266	m0262	25.1	1.21e-08	51
m0266	m0076	28.8	1.58e-08	51
m0266	m0227	28.1	1.58e-08	51
m0266	m0017	25.7	2.07e-08	50
m0266	m0125	26.7	2.07e-08	50
m0266	m0036	25.7	2.7e-08	50
m0266	m0154	28.8	2.7e-08	50
m0266	m0188	29.0	2.7e-08	50
m0266	m0174	25.6	2.7e-08	50
m0266	m0238	27.1	4.6e-08	49
m0266	m0016	30.6	4.6e-08	49
m0266	m0205	26.4	4.6e-08	49
m0266	m0249	24.4	7.85e-08	49
m0266	m0130	27.8	7.85e-08	49
m0266	m0068	24.7	7.85e-08	49
m0266	m0066	29.6	1.03e-07	48
m0266	m0088	27.1	1.03e-07	48
m0266	m0041	28.9	1.03e-07	48
m0266	m0173	24.6	1.03e-07	48
m0266	m0214	26.1	1.34e-07	48
m0266	m0159	25.3	1.75e-07	47
m0266	m0182	24.0	1.75e-07	47
m0266	m0133	26.0	2.98e-07	47
m0266	m0005	21.9	6.65e-07	45
m0266	m0244	27.8	6.65e-07	45
m0266	m0138	25.6	1.13e-06	45
m0266	m0094	26.5	1.93e-06	44
m0266	m0113	26.2	2.53e-06	44
m0266	m0025	23.1	3.3e-06	43
m0266	m0178	26.0	4.31e-06	43
m0266	m0172	24.1	9.6e-06	42
m0266	m0136	23.9	2.79e-05	40
m0266	m0255	22.6	6.22e-05	39
m0266	m0064	25.6	0.000236	37
m0266	m0218	25.4	0.0076	32
m0266	m0261	22.7	0.0493	29
m0266	m0160	88.9	0.187	27
m0266	m0099	69.2	0.187	27
m0266	m0224	88.9	0.245	27
m0266	m0263	100.0	0.319	27
m0266	m0218	100.0	0.319	27
m0266	m0208	80.0	0.319	27
m0266	m0114	100.0	0.319	27
m0266	m0141	100.0	0.319	27
m0266	m0030	100.0	0.319	27
m0266	m0053	40.6	0.545	26
m0266	m0099	30.2	0.712	25
m0266	m0177	21.4	2.07	24
m0266	m0112	45.0	2.7	23
m0266	m0140	48.0	6.02	22
m0266	m0106	29.8	6.02	22
m0266	m0241	33.3	6.02	22
m0266	m0218	30.8	7.87	22
m0266	m0031	21.6	7.87	22
m0265	m0217	28.2	1.46e-15	75
m0265	m0238	25.2	1.91e-15	74
m0265	m0051	30.8	1.91e-15	74
m0265	m0040	27.1	3.26e-15	74
m0265	m0138	26.6	4.25e-15	73
m0265	m0162	28.3	5.56e-15	73
m0265	m0227	27.8	7.26e-15	72
m0265	m0182	26.8	1.24e-14	72
m0265	m0064	26.8	1.62e-14	71
m0265	m0163	27.3	1.62e-14	71
m0265	m0090	25.0	1.62e-14	71
m0265	m0104	30.3	2.11e-14	71
m0265	m0169	26.0	2.11e-14	71
m0265	m0170	28.7	2.76e-14	70
m0265	m0188	28.2	3.6e-14	70
m0265	m0174	30.2	4.7e-14	70
m0265	m0130	26.2	6.14e-14	69
m0265	m0122	22.7	1.37e-13	68
m0265	m0205	23.0	3.05e-13	67
m0265	m0012	24.4	3.05e-13	67
m0265	m0210	35.0	5.2e-13	66
m0265	m0185	23.6	5.2e-13	66
m0265	m0248	26.1	6.79e-13	66
m0265	m0093	24.9	6.79e-13	66
m0265	m0094	25.4	6.79e-13	66
m0265	m0014	25.8	8.87e-13	65
m0265	m0161	25.4	1.16e-12	65
m0265	m0206	25.7	1.16e-12	65
m0265	m0033	24.8	1.51e-12	65
m0265	m0235	26.2	1.51e-12	65
m0265	m0123	26.6	1.51e-12	65
m0265	m0050	25.0	1.98e-12	64
m0265	m0113	29.0	2.58e-12	64
m0265	m0096	25.3	2.58e-12	64
m0265	m0047	24.6	2.58e-12	64
m0265	m0214	28.1	2.58e-12	64
m0265	m0254	25.3	2.58e-12	64
m0265	m0128	31.3	2.58e-12	64
m0265	m0006	25.4	3.37e-12	64
m0265	m0215	22.7	3.37e-12	64
m0265	m0216	24.9	4.4e-12	63
m0265	m0103	27.1	4.4e-12	63
m0265	m0244	25.6	4.4e-12	63
m0265	m0098	27.6	1.28e-11	62
m0265	m0131	26.7	1.28e-11	62
m0265	m0155	25.8	1.28e-11	62
m0265	m0158	34.3	1.28e-11	62
m0265	m0039	28.7	1.67e-11	61
m0265	m0198	34.3	2.18e-11	61
m0265	m0237	29.8	2.18e-11	61
m0265	m0025	23.9	2.85e-11	60
m0265	m0157	24.9	2.85e-11	60
m0265	m0041	28.3	2.85e-11	60
m0265	m0073	26.8	2.85e-11	60
m0265	m0068	24.3	3.73e-11	60
m0265	m0023	24.0	4.87e-11	60
m0265	m0197	25.6	4.87e-11	60
m0265	m0045	26.5	6.36e-11	59
m0265	m0069	24.3	8.3e-11	59
m0265	m0173	22.9	8.3e-11	59
m0265	m0083	26.9	8.3e-11	59
m0265	m0172	31.6	1.08e-10	59
m0265	m0102	32.5	1.08e-10	59
m0265	m0252	29.6	1.08e-10	59
m0265	m0111	25.0	1.42e-10	58
m0265	m0234	27.7	1.85e-10	58
m0265	m0002	25.5	2.42e-10	57
m0265	m0154	29.1	2.42e-10	57
m0265	m0178	24.7	2.42e-10	57
m0265	m0229	23.7	3.15e-10	57
m0265	m0149	23.4	4.12e-10	57
m0265	m0118	24.5	5.38e-10	56
m0265	m0259	24.5	5.38e-10	56
m0265	m0192	22.4	5.38e-10	56
m0265	m0076	31.6	7.03e-10	56
m0265	m0232	23.0	9.18e-10	55
m0265	m0262	24.6	9.18e-10	55
m0265	m0193	24.5	1.57e-09	55
m0265	m0183	24.5	1.57e-09	55
m0265	m0088	27.7	1.57e-09	55
m0265	m0120	23.8	2.04e-09	54
m0265	m0109	26.6	3.49e-09	54
m0265	m0070	24.3	4.55e-09	53
m0265	m0124	24.1	4.55e-09	53
m0265	m0168	24.2	5.95e-09	53
m0265	m0001	22.7	1.01e-08	52
m0265	m0074	25.3	1.01e-08	52
m0265	m0125	25.3	1.33e-08	52
m0265	m0243	24.8	1.33e-08	52
m0265	m0084	23.4	1.73e-08	51
m0265	m0031	25.8	1.73e-08	51
m0265	m0011	23.5	5.04e-08	50
m0265	m0247	23.1	6.58e-08	49
m0265	m0043	23.1	8.59e-08	49
m0265	m0017	25.4	1.12e-07	49
m0265	m0133	22.0	1.12e-07	49
m0265	m0187	23.9	1.91e-07	48
m0265	m0066	23.3	2.5e-07	47
m0265	m0097	23.1	3.26e-07	47
m0265	m0086	22.0	5.57e-07	46
m0265	m0231	23.1	5.57e-07	46
m0265	m0062	23.0	7.27e-07	46
m0265	m0141	22.7	7.27e-07	46
m0265	m0228	21.5	2.76e-06	44
m0265	m0054	25.7	3.61e-06	44
m0265	m0233	20.5	4.71e-06	43
m0265	m0230	20.9	4.71e-06	43
m0265	m0165	21.3	4.71e-06	43
m0265	m0134	22.2	8.04e-06	42
m0265	m0005	27.9	1.05e-05	42
m0265	m0159	22.9	3.06e-05	40
m0265	m0184	22.1	3.99e-05	40
m0265	m0264	22.2	5.21e-05	40
m0265	m0063	22.9	8.89e-05	39
m0265	m0144	22.0	0.000198	38
m0265	m0245	21.4	0.000198	38
m0265	m0191	25.6	0.000576	36
m0265	m0194	25.2	0.000576	36
m0265	m0101	19.4	0.000983	35
m0265	m0079	22.7	0.00128	35
m0265	m0137	24.5	0.00128	35
m0265	m0071	25.0	0.00168	35
m0265	m0077	22.4	0.00488	33
m0265	m0136	24.1	0.00488	33
m0265	m0060	22.3	0.0109	32
m0265	m0099	27.3	2.96	24
m0265	m0121	27.7	3.86	23
m0265	m0199	22.2	8.61	22
m0264	m0101	73.8	1.52e-118	417
m0264	m0191	68.2	3.08e-111	393
m0264	m0245	66.1	5.43e-108	382
m0264	m0144	64.2	1.1e-100	357
m0264	m0077	61.8	2.53e-97	346
m0264	m0079	52.6	1.14e-81	294
m0264	m0184	52.5	6.26e-80	289
m0264	m0175	51.4	6.92e-79	285
m0264	m0249	53.7	2.63e-78	283
m0264	m0095	49.7	1.3e-77	281
m0264	m0167	50.5	1.7e-77	280
m0264	m0194	50.2	4.96e-77	279
m0264	m0036	52.8	4.2e-76	276
m0264	m0031	52.3	1.22e-75	274
m0264	m0067	48.5	1.59e-75	274
m0264	m0109	52.3	8.75e-74	268
m0264	m0028	49.0	1.14e-73	268
m0264	m0233	50.4	3.33e-73	266
m0264	m0037	47.3	4.34e-73	266
m0264	m0120	49.8	7.41e-73	265
m0264	m0229	50.2	2.81e-72	263
m0264	m0045	51.3	6.27e-72	262
m0264	m0193	47.2	1.07e-71	261
m0264	m0065	45.4	2.38e-71	260
m0264	m0230	48.2	2.38e-71	260
m0264	m0103	48.1	6.93e-71	258
m0264	m0001	48.0	1.54e-70	257
m0264	m0235	50.4	2.02e-70	257
m0264	m0232	47.0	3.44e-70	256
m0264	m0141	48.9	1.31e-69	254
m0264	m0234	47.9	6.49e-69	252
m0264	m0123	48.9	1.11e-68	251
m0264	m0247	46.2	2.47e-68	250
m0264	m0124	46.9	4.21e-68	249
m0264	m0187	48.5	5.49e-68	249
m0264	m0012	46.4	7.17e-68	248
m0264	m0043	49.5	7.17e-68	248
m0264	m0083	48.4	1.6e-67	247
m0264	m0131	48.0	2.73e-67	247
m0264	m0168	45.0	3.56e-67	246
m0264	m0048	45.1	4.65e-67	246
m0264	m0176	44.9	6.07e-67	245
m0264	m0002	47.6	7.93e-67	245
m0264	m0166	43.3	1.04e-66	245
m0264	m0074	45.9	1.35e-66	244
m0264	m0262	45.3	6.72e-66	242
m0264	m0086	43.9	3.33e-65	240
m0264	m0054	44.3	9.7e-65	238
m0264	m0134	45.8	2.16e-64	237
m0264	m0063	47.1	2.82e-64	236
m0264	m0033	43.1	2.82e-64	236
m0264	m0090	47.3	4.81e-64	236
m0264	m0243	44.1	4.81e-64	236
m0264	m0062	44.7	8.21e-64	235
m0264	m0197	41.9	6.95e-63	232
m0264	m0011	42.8	9.08e-63	231
m0264	m0155	43.5	1.19e-62	231
m0264	m0231	44.9	2.02e-62	230
m0264	m0069	41.9	4.5e-62	229
m0264	m0149	42.1	1.6e-59	221
m0264	m0084	41.8	2.73e-59	220
m0264	m0097	43.2	2.73e-59	220
m0264	m0098	42.0	7.95e-59	218
m0264	m0165	40.3	1.77e-58	217
m0264	m0070	40.1	1.77e-58	217
m0264	m0073	38.1	5.7e-57	212
m0264	m0192	42.6	1.66e-56	211
m0264	m0118	39.7	1.66e-56	211
m0264	m0158	42.1	4.82e-56	209
m0264	m0252	40.6	4.51e-54	203
m0264	m0182	41.5	4.51e-54	203
m0264	m0094	41.4	4.51e-54	203
m0264	m0051	41.6	5.9e-54	202
m0264	m0173	41.8	3.82e-53	200
m0264	m0005	40.7	4.99e-53	199
m0264	m0088	39.2	4.99e-53	199
m0264	m0162	42.3	4.99e-53	199
m0264	m0068	41.6	6.52e-53	199
m0264	m0170	40.9	8.51e-53	198
m0264	m0071	41.0	1.11e-52	198
m0264	m0214	42.0	1.9e-52	197
m0264	m0198	40.1	3.24e-52	196
m0264	m0125	40.1	3.24e-52	196
m0264	m0040	41.2	7.21e-52	195
m0264	m0227	40.6	1.61e-51	194
m0264	m0215	41.4	2.1e-51	194
m0264	m0133	37.1	2.1e-51	194
m0264	m0017	38.6	2.74e-51	193
m0264	m0102	40.2	6.1e-51	192
m0264	m0217	42.5	7.97e-51	192
m0264	m0039	39.4	7.97e-51	192
m0264	m0113	41.1	1.36e-50	191
m0264	m0104	41.8	1.78e-50	191
m0264	m0259	40.1	2.32e-50	190
m0264	m0174	39.0	3.03e-50	190
m0264	m0163	39.4	3.96e-50	190
m0264	m0154	40.7	3.96e-50	190
m0264	m0066	38.9	6.75e-50	189
m0264	m0244	40.2	6.75e-50	189
m0264	m0188	39.2	8.81e-50	188
m0264	m0093	41.0	1.5e-49	188
m0264	m0206	41.6	1.96e-49	187
m0264	m0014	39.9	1.96e-49	187
m0264	m0096	41.3	1.96e-49	187
m0264	m0216	39.3	2.56e-49	187
m0264	m0157	38.8	5.71e-49	186
m0264	m0006	40.3	5.71e-49	186
m0264	m0254	40.3	7.46e-49	185
m0264	m0238	37.3	9.74e-49	185
m0264	m0047	40.3	9.74e-49	185
m0264	m0111	39.4	1.66e-48	184
m0264	m0178	37.9	4.83e-48	183
m0264	m0050	38.3	6.31e-48	182
m0264	m0161	39.2	8.25e-48	182
m0264	m0076	41.2	1.41e-47	181
m0264	m0183	39.4	3.13e-47	180
m0264	m0025	36.6	3.13e-47	180
m0264	m0169	37.0	5.35e-47	179
m0264	m0248	38.1	6.98e-47	179
m0264	m0172	37.6	9.12e-47	178
m0264	m0210	37.5	9.12e-47	178
m0264	m0159	39.4	3.46e-46	176
m0264	m0023	37.0	4.53e-46	176
m0264	m0128	37.0	7.72e-46	175
m0264	m0237	39.3	7.72e-46	175
m0264	m0130	35.5	1.32e-45	174
m0264	m0138	36.3	1.11e-44	171
m0264	m0205	35.4	2.32e-42	164
m0264	m0160	32.5	1.05e-34	138
m0264	m0137	32.2	3.36e-33	133
m0264	m0202	29.6	2.11e-27	114
m0264	m0228	27.0	9.83e-17	79
m0264	m0185	25.5	9.2e-15	72
m0264	m0041	25.3	2.77e-11	60
m0264	m0122	24.4	2.35e-10	57
m0264	m0064	23.5	3.75e-08	50
m0264	m0219	23.1	2.43e-07	47
m0264	m0219	26.5	1.57e-06	45
m0264	m0177	30.8	1.33e-05	42
m0264	m0016	21.8	0.000731	36
m0264	m0218	26.7	0.00363	33
m0264	m0056	31.9	0.0524	30
m0264	m0108	34.0	0.0893	29
m0264	m0099	22.7	0.26	27
m0264	m0060	19.8	2.87	24
m0264	m0053	31.2	3.75	23
m0264	m0195	27.3	4.9	23
m0264	m0152	25.5	8.36	22
m0263	m0224	58.8	1.55e-157	547
m0263	m0189	33.0	2.38e-57	214
m0263	m0150	32.2	7.91e-53	199
m0263	m0059	29.4	1.55e-40	158
m0263	m0139	28.3	5.7e-35	140
m0263	m0008	27.4	5.33e-33	133
m0263	m0115	27.2	4.52e-32	130
m0263	m0027	26.7	1.31e-31	129
m0263	m0240	26.5	3.96e-28	117
m0263	m0018	24.9	2.56e-27	114
m0263	m0145	32.9	1.27e-26	112
m0263	m0200	28.3	4.1e-17	80
m0263	m0145	28.2	7.26e-06	43
m0263	m0160	33.3	0.0636	30
m0263	m0052	35.1	0.0831	30
m0263	m0030	22.2	0.242	28
m0263	m0114	32.8	0.316	28
m0263	m0141	60.0	0.538	27
m0263	m0208	88.9	0.538	27
m0263	m0024	27.7	0.538	27
m0263	m0099	37.9	0.703	27
m0263	m0218	72.7	0.703	27
m0263	m0241	25.9	2.67	25
m0263	m0041	44.0	2.67	25
m0263	m0026	30.4	5.95	23
m0262	m0229	76.2	1.74e-114	403
m0262	m0247	66.8	1.06e-111	394
m0262	m0062	62.9	4.16e-108	382
m0262	m0193	64.1	1.58e-107	380
m0262	m0232	62.7	8.67e-106	374
m0262	m0187	69.1	2.52e-105	373
m0262	m0011	62.6	7.34e-105	371
m0262	m0134	61.4	5.26e-103	365
m0262	m0001	62.8	1.53e-102	364
m0262	m0103	62.9	2e-102	363
m0262	m0168	62.0	1.3e-101	361
m0262	m0083	61.5	3.77e-101	359
m0262	m0233	59.0	4.92e-101	359
m0262	m0230	58.7	6.43e-101	358
m0262	m0045	59.9	9.28e-100	354
m0262	m0141	65.6	1.58e-99	354
m0262	m0012	59.5	3.3e-97	346
m0262	m0234	58.8	3.3e-97	346
m0262	m0235	57.8	4.31e-97	346
m0262	m0124	58.5	2.37e-95	340
m0262	m0123	59.8	2.62e-94	336
m0262	m0231	56.2	7.12e-92	328
m0262	m0131	56.1	2.07e-91	327
m0262	m0054	56.0	2.71e-91	326
m0262	m0002	61.4	1.75e-90	324
m0262	m0086	56.1	4.32e-89	319
m0262	m0155	54.5	2.37e-87	313
m0262	m0166	54.0	3.1e-87	313
m0262	m0118	52.8	1.22e-83	301
m0262	m0097	49.3	1.14e-81	294
m0262	m0043	54.4	1.49e-81	294
m0262	m0252	51.7	3.32e-81	293
m0262	m0063	52.9	3.32e-81	293
m0262	m0149	50.0	9.65e-81	291
m0262	m0069	49.8	1.65e-80	290
m0262	m0070	53.8	1.07e-79	288
m0262	m0197	50.9	3.1e-79	286
m0262	m0048	52.3	6.92e-79	285
m0262	m0192	44.4	1.1e-76	278
m0262	m0084	46.3	1.44e-76	277
m0262	m0109	51.8	3.21e-76	276
m0262	m0120	51.0	5.48e-76	275
m0262	m0033	49.0	1.22e-75	274
m0262	m0098	47.3	2.08e-75	273
m0262	m0090	47.7	3.01e-74	270
m0262	m0182	47.2	4.34e-73	266
m0262	m0133	46.4	4.34e-73	266
m0262	m0144	49.6	5.67e-73	265
m0262	m0067	46.2	1.26e-72	264
m0262	m0245	48.9	8.19e-72	262
m0262	m0065	49.3	1.07e-71	261
m0262	m0130	49.1	1.4e-71	261
m0262	m0188	46.7	2.38e-71	260
m0262	m0174	46.8	9.05e-71	258
m0262	m0014	45.8	1.18e-70	258
m0262	m0169	47.9	2.02e-70	257
m0262	m0073	46.9	5.87e-70	255
m0262	m0138	45.5	7.67e-70	255
m0262	m0066	46.3	1e-69	255
m0262	m0088	45.6	1.31e-69	254
m0262	m0111	43.2	1.31e-69	254
m0262	m0248	47.9	1.31e-69	254
m0262	m0017	45.4	1.31e-69	254
m0262	m0163	47.6	1.71e-69	254
m0262	m0093	44.9	1.71e-69	254
m0262	m0259	47.6	2.91e-69	253
m0262	m0249	49.3	3.8e-69	253
m0262	m0238	47.2	3.8e-69	253
m0262	m0125	46.6	8.48e-69	252
m0262	m0206	44.0	1.11e-68	251
m0262	m0176	44.8	1.45e-68	251
m0262	m0161	44.8	1.89e-68	250
m0262	m0036	48.7	2.47e-68	250
m0262	m0154	44.5	2.47e-68	250
m0262	m0215	44.2	2.47e-68	250
m0262	m0183	46.8	4.21e-68	249
m0262	m0023	44.7	5.49e-68	249
m0262	m0037	43.7	7.17e-68	248
m0262	m0254	43.3	9.37e-68	248
m0262	m0047	44.1	1.22e-67	248
m0262	m0101	45.1	1.6e-67	247
m0262	m0178	47.5	2.73e-67	247
m0262	m0096	44.1	3.56e-67	246
m0262	m0031	45.5	3.56e-67	246
m0262	m0216	43.7	3.56e-67	246
m0262	m0050	43.0	7.93e-67	245
m0262	m0074	48.0	1.77e-66	244
m0262	m0076	49.4	1.77e-66	244
m0262	m0244	44.8	2.31e-66	243
m0262	m0173	44.1	3.94e-66	243
m0262	m0068	43.7	6.72e-66	242
m0262	m0214	46.0	8.77e-66	242
m0262	m0051	44.5	1.15e-65	241
m0262	m0157	43.4	1.15e-65	241
m0262	m0040	43.8	2.55e-65	240
m0262	m0184	43.8	4.35e-65	239
m0262	m0006	42.9	5.68e-65	239
m0262	m0175	43.9	7.42e-65	238
m0262	m0167	42.8	9.7e-65	238
m0262	m0172	43.4	2.16e-64	237
m0262	m0095	43.1	6.29e-64	235
m0262	m0162	42.9	6.29e-64	235
m0262	m0237	43.3	8.21e-64	235
m0262	m0025	42.9	8.21e-64	235
m0262	m0113	46.0	4.07e-63	233
m0262	m0170	42.7	5.32e-63	232
m0262	m0104	42.8	5.32e-63	232
m0262	m0094	43.8	6.95e-63	232
m0262	m0205	43.2	1.19e-62	231
m0262	m0039	47.5	2.64e-62	230
m0262	m0079	44.9	2.64e-62	230
m0262	m0191	44.8	3.45e-62	230
m0262	m0227	46.2	5.88e-62	229
m0262	m0028	44.8	2.92e-61	226
m0262	m0071	44.2	6.5e-61	225
m0262	m0158	42.3	6.5e-61	225
m0262	m0077	43.8	1.11e-60	225
m0262	m0159	39.9	3.23e-60	223
m0262	m0243	42.0	4.22e-60	223
m0262	m0194	39.8	9.39e-60	221
m0262	m0198	41.4	3.57e-59	220
m0262	m0217	48.2	6.09e-59	219
m0262	m0102	39.7	6.09e-59	219
m0262	m0128	43.5	1.07e-55	208
m0262	m0210	40.1	3.24e-52	196
m0262	m0165	36.2	1.04e-50	191
m0262	m0005	35.2	7e-39	152
m0262	m0160	30.3	3.6e-27	113
m0262	m0137	30.5	6.14e-27	112
m0262	m0202	28.1	4.56e-22	96
m0262	m0185	29.1	6.16e-19	86
m0262	m0041	26.5	1.2e-14	72
m0262	m0064	25.5	1.13e-12	65
m0262	m0228	24.0	2.51e-12	64
m0262	m0122	23.4	3.27e-12	64
m0262	m0219	27.1	2.27e-05	41
m0262	m0016	28.4	5.06e-05	40
m0262	m0099	27.8	0.000955	35
m0262	m0016	23.3	0.00619	33
m0262	m0061	29.0	0.0106	32
m0262	m0026	23.8	0.0524	30
m0262	m0089	25.8	0.0524	30
m0262	m0143	25.8	0.0684	29
m0262	m0177	25.8	0.34	27
m0262	m0082	35.2	1.69	25
m0262	m0239	61.5	2.2	24
m0262	m0007	18.9	4.9	23
m0262	m0007	31.2	4.9	23
m0262	m0005	28.6	6.4	23
m0262	m0060	16.5	6.4	23
m0262	m0199	47.1	8.36	22
m0262	m0226	35.3	8.36	22
m0261	m0260	50.8	4.95e-109	386
m0261	m0239	48.1	1.18e-102	364
m0261	m0199	43.0	7.69e-86	309
m0261	m0007	24.0	0.00623	33
m0261	m0129	20.7	0.447	27
m0261	m0081	25.4	0.583	27
m0261	m0061	23.7	0.762	26
m0261	m0089	34.0	1.7	25
m0261	m0122	25.4	6.45	23
m0260	m0239	49.1	6.08e-107	379
m0260	m0199	48.0	6.29e-104	369
m0260	m0007	24.2	0.0182	32
m0260	m0061	25.6	0.202	28
m0260	m0006	23.2	0.766	26
m0260	m0214	21.4	6.48	23
m0260	m0060	34.5	6.48	23
m0259	m0183	84.7	7.46e-201	691
m0259	m0111	73.3	8.87e-178	614
m0259	m0163	68.0	1.92e-164	570
m0259	m0188	65.6	1.99e-161	560
m0259	m0248	65.6	3.28e-156	542
m0259	m0130	64.5	4.74e-155	538
m0259	m0169	62.8	1.86e-151	527
m0259	m0173	62.7	9.57e-148	514
m0259	m0068	60.7	5.25e-146	508
m0259	m0125	59.5	9.27e-143	498
m0259	m0215	71.7	6.67e-125	438
m0259	m0023	67.9	6.67e-125	438
m0259	m0014	60.3	1.49e-124	437
m0259	m0093	58.6	1.94e-124	437
m0259	m0216	57.9	5.65e-124	435
m0259	m0254	68.9	1.26e-123	434
m0259	m0096	58.4	5.29e-122	429
m0259	m0006	72.3	1.18e-121	428
m0259	m0161	68.4	5.85e-121	425
m0259	m0050	67.7	1.44e-119	421
m0259	m0206	59.1	4.19e-119	419
m0259	m0182	51.9	5.47e-119	419
m0259	m0157	57.4	5.47e-119	419
m0259	m0047	70.5	1.22e-118	418
m0259	m0238	67.5	1.35e-109	387
m0259	m0214	64.1	1.76e-109	387
m0259	m0174	51.6	4.35e-108	382
m0259	m0039	51.9	2.16e-107	380
m0259	m0154	67.6	2.82e-107	380
m0259	m0138	51.5	7.67e-105	372
m0259	m0178	66.4	3.81e-104	369
m0259	m0088	66.2	2.47e-103	367
m0259	m0217	50.7	2.47e-103	367
m0259	m0113	50.6	3.22e-103	366
m0259	m0133	65.1	3.56e-102	363
m0259	m0244	63.2	1.96e-100	357
m0259	m0227	61.1	1.27e-99	354
m0259	m0076	67.3	3.69e-99	353
m0259	m0172	62.5	2.39e-98	350
m0259	m0237	60.4	1.19e-97	348
m0259	m0094	58.8	7.2e-95	339
m0259	m0025	59.0	7.2e-95	339
m0259	m0158	47.0	1.04e-93	335
m0259	m0017	60.7	2.32e-93	334
m0259	m0198	45.7	7.45e-92	329
m0259	m0205	54.5	1.41e-82	298
m0259	m0123	56.9	3.14e-82	297
m0259	m0103	53.3	1.46e-79	288
m0259	m0247	53.5	1.67e-75	274
m0259	m0234	52.7	1.41e-74	271
m0259	m0235	53.8	5.36e-74	269
m0259	m0155	53.2	5.36e-74	269
m0259	m0001	51.7	9.15e-74	268
m0259	m0231	50.5	4.54e-73	266
m0259	m0233	51.2	7.74e-73	265
m0259	m0141	52.5	1.32e-72	265
m0259	m0232	48.0	1.72e-72	264
m0259	m0197	49.4	1.12e-71	262
m0259	m0086	50.5	1.91e-71	261
m0259	m0033	50.7	3.25e-71	260
m0259	m0069	50.4	3.25e-71	260
m0259	m0131	50.0	4.25e-71	260
m0259	m0166	50.0	4.25e-71	260
m0259	m0193	50.9	7.25e-71	259
m0259	m0229	51.6	1.24e-70	258
m0259	m0230	49.6	2.75e-70	257
m0259	m0002	49.4	1.78e-69	254
m0259	m0134	48.4	1.51e-68	251
m0259	m0097	50.4	2.58e-68	250
m0259	m0062	48.5	2.85e-67	247
m0259	m0048	46.6	3.72e-67	247
m0259	m0012	49.4	8.29e-67	245
m0259	m0168	50.4	1.08e-66	245
m0259	m0070	47.5	1.41e-66	245
m0259	m0011	48.1	4.12e-66	243
m0259	m0045	48.0	7.76e-65	239
m0259	m0054	47.8	1.01e-64	238
m0259	m0124	46.7	5.03e-64	236
m0259	m0187	48.7	1.91e-63	234
m0259	m0192	46.4	3.26e-63	233
m0259	m0098	46.7	3.26e-63	233
m0259	m0083	45.7	5.21e-61	226
m0259	m0043	48.9	1.28e-59	221
m0259	m0073	43.0	1.85e-58	218
m0259	m0063	46.6	5.39e-58	216
m0259	m0084	44.6	5.39e-58	216
m0259	m0149	44.3	2.05e-57	214
m0259	m0118	44.9	1.33e-56	211
m0259	m0090	42.4	5.04e-56	210
m0259	m0245	42.9	1.47e-55	208
m0259	m0109	43.5	1.62e-54	205
m0259	m0144	41.5	1.62e-54	205
m0259	m0252	42.2	2.77e-54	204
m0259	m0120	41.3	4.42e-52	196
m0259	m0101	40.4	4.13e-50	190
m0259	m0040	42.8	5.4e-50	190
m0259	m0066	42.2	1.2e-49	188
m0259	m0162	41.7	5.05e-48	183
m0259	m0210	39.1	1.92e-47	181
m0259	m0104	41.7	2.51e-47	181
m0259	m0074	39.1	1.63e-46	178
m0259	m0031	39.4	4.73e-46	176
m0259	m0067	39.2	4.73e-46	176
m0259	m0184	40.6	1.05e-45	175
m0259	m0036	38.7	1.05e-45	175
m0259	m0175	40.0	6.83e-45	173
m0259	m0079	38.4	1.52e-44	171
m0259	m0102	36.8	1.52e-44	171
m0259	m0051	39.4	2.6e-44	171
m0259	m0191	38.0	5.78e-44	169
m0259	m0176	37.9	7.55e-44	169
m0259	m0194	39.4	1.29e-43	168
m0259	m0037	36.0	1.29e-43	168
m0259	m0159	38.3	1.29e-43	168
m0259	m0065	38.6	1.29e-43	168
m0259	m0170	38.0	2.2e-43	168
m0259	m0249	36.9	3.75e-43	167
m0259	m0167	38.1	1.86e-42	164
m0259	m0128	37.4	1.21e-41	162
m0259	m0243	37.4	7.81e-41	159
m0259	m0028	38.4	2.97e-40	157
m0259	m0071	35.6	5.07e-40	156
m0259	m0077	36.3	8.64e-40	156
m0259	m0095	35.3	2.78e-38	151
m0259	m0165	36.4	1.43e-34	138
m0259	m0005	36.0	1.21e-33	135
m0259	m0202	28.7	1.39e-21	95
m0259	m0160	26.4	2.61e-20	91
m0259	m0137	26.3	1.3e-19	89
m0259	m0228	29.0	5.64e-15	73
m0259	m0041	28.2	2.8e-14	71
m0259	m0185	27.9	1.18e-12	65
m0259	m0064	28.7	2.71e-09	54
m0259	m0122	22.7	9.64e-07	46
m0259	m0219	23.1	0.000448	37
m0259	m0016	24.4	0.000764	36
m0259	m0026	30.6	0.00495	33
m0259	m0143	31.6	0.0246	31
m0259	m0237	29.2	0.0548	30
m0259	m0148	23.2	0.0548	30
m0259	m0146	28.2	0.0715	30
m0259	m0116	25.3	0.122	29
m0259	m0177	26.8	0.122	29
m0259	m0143	21.5	0.159	28
m0259	m0217	30.6	0.463	27
m0259	m0099	29.6	0.605	27
m0259	m0126	23.0	1.35	25
m0259	m0222	22.2	1.76	25
m0259	m0132	25.7	3	24
m0259	m0196	40.5	3.92	24
m0259	m0211	30.8	3.92	24
m0259	m0061	27.9	3.92	24
m0259	m0239	61.5	5.12	23
m0259	m0182	55.6	6.69	23
m0258	m0055	44.2	1.74e-40	157
m0258	m0203	32.6	3.3e-15	73
m0258	m0024	30.3	9.6e-15	71
m0258	m0080	29.2	9.6e-15	71
m0258	m0072	30.3	2.62e-12	63
m0258	m0253	25.3	6.44e-11	59
m0258	m0003	27.8	1.87e-10	57
m0258	m0204	29.0	3.2e-10	56
m0258	m0052	26.6	9.3e-10	55
m0258	m0005	31.2	0.032	30
m0258	m0201	24.8	0.208	27
m0258	m0241	29.7	2.3	23
m0258	m0099	32.4	2.3	23
m0258	m0121	24.7	3.92	23
m0258	m0142	30.7	6.68	22
m0257	m0119	30.4	9.78e-17	79
m0257	m0102	24.2	0.441	27
m0257	m0025	26.4	4.88	24
m0257	m0193	29.4	4.88	24
m0256	m0190	39.2	1.21e-48	184
m0256	m0046	41.0	1.74e-47	181
m0256	m0112	38.1	2.35e-44	170
m0256	m0209	40.3	1.17e-43	168
m0256	m0106	40.6	3.4e-43	166
m0256	m0049	39.1	1.43e-41	161
m0256	m0151	37.9	1.86e-41	161
m0256	m0029	38.5	1.58e-40	158
m0256	m0246	34.2	4.59e-40	156
m0256	m0087	37.7	4.59e-40	156
m0256	m0058	38.2	8.66e-39	152
m0256	m0085	35.8	7.33e-38	149
m0256	m0082	37.7	3.64e-37	146
m0256	m0226	35.6	1.06e-36	145
m0256	m0222	33.9	1.38e-36	144
m0256	m0019	35.0	8.96e-36	142
m0256	m0251	33.9	4.45e-35	139
m0256	m0110	32.6	1.21e-32	131
m0256	m0186	36.2	1.03e-31	128
m0256	m0009	31.4	2.28e-31	127
m0256	m0105	31.2	7.35e-30	122
m0256	m0171	33.0	2.14e-29	121
m0256	m0242	31.1	7.6e-27	112
m0256	m0135	35.2	4.93e-26	109
m0256	m0221	33.3	1.43e-25	108
m0256	m0179	30.5	1.87e-25	107
m0256	m0207	29.1	5.1e-23	99
m0256	m0220	36.4	7.36e-22	96
m0256	m0164	32.7	1.39e-20	91
m0256	m0220	27.0	0.0171	31
m0256	m0244	25.3	0.549	26
m0256	m0005	35.6	0.936	25
m0256	m0130	22.3	7.92	22
m0255	m0053	27.3	3.02e-19	87
m0255	m0056	25.1	1.4e-16	78
m0255	m0177	27.1	1.01e-06	45
m0255	m0218	24.5	2.24e-06	44
m0255	m0083	29.3	2.93e-06	44
m0255	m0187	31.4	3.83e-06	43
m0255	m0045	28.4	8.52e-06	42
m0255	m0192	29.6	4.23e-05	40
m0255	m0125	28.0	5.52e-05	39
m0255	m0017	26.6	7.21e-05	39
m0255	m0193	28.7	9.42e-05	39
m0255	m0043	29.3	9.42e-05	39
m0255	m0133	26.8	0.000123	38
m0255	m0070	26.0	0.00021	37
m0255	m0233	27.8	0.000468	36
m0255	m0234	30.8	0.000468	36
m0255	m0103	26.6	0.000611	36
m0255	m0097	24.5	0.000611	36
m0255	m0134	29.0	0.00104	35
m0255	m0218	42.5	0.00136	35
m0255	m0228	24.4	0.00136	35
m0255	m0063	26.4	0.00136	35
m0255	m0109	22.3	0.00136	35
m0255	m0011	24.6	0.00178	34
m0255	m0230	26.2	0.00178	34
m0255	m0118	29.8	0.00232	34
m0255	m0214	25.4	0.00232	34
m0255	m0123	23.2	0.00303	33
m0255	m0061	27.8	0.00303	33
m0255	m0001	27.5	0.00303	33
m0255	m0232	25.7	0.00675	32
m0255	m0231	24.8	0.00882	32
m0255	m0131	25.0	0.00882	32
m0255	m0066	26.8	0.0115	32
m0255	m0090	24.6	0.0115	32
m0255	m0069	29.6	0.015	31
m0255	m0084	26.2	0.0196	31
m0255	m0062	23.9	0.0196	31
m0255	m0254	25.2	0.0196	31
m0255	m0120	23.8	0.0257	30
m0255	m0098	26.2	0.0257	30
m0255	m0157	25.2	0.0257	30
m0255	m0197	25.0	0.0335	30
m0255	m0205	30.0	0.0335	30
m0255	m0063	44.8	0.0438	30
m0255	m0014	25.2	0.0438	30
m0255	m0217	28.7	0.0438	30
m0255	m0012	23.9	0.0438	30
m0255	m0168	24.6	0.0572	29
m0255	m0101	25.0	0.0572	29
m0255	m0215	23.3	0.0747	29
m0255	m0238	22.8	0.0747	29
m0255	m0129	23.3	0.0747	29
m0255	m0136	26.2	0.0747	29
m0255	m0237	27.9	0.0975	28
m0255	m0229	23.9	0.0975	28
m0255	m0086	23.4	0.0975	28
m0255	m0227	27.7	0.0975	28
m0255	m0111	27.9	0.0975	28
m0255	m0033	34.0	0.0975	28
m0255	m0047	24.5	0.127	28
m0255	m0039	27.7	0.127	28
m0255	m0023	26.8	0.127	28
m0255	m0096	24.5	0.127	28
m0255	m0206	23.5	0.127	28
m0255	m0155	22.1	0.166	28
m0255	m0174	22.5	0.217	27
m0255	m0196	40.0	0.217	27
m0255	m0016	30.3	0.217	27
m0255	m0025	22.5	0.284	27
m0255	m0073	26.9	0.284	27
m0255	m0173	27.3	0.37	27
m0255	m0094	44.0	0.37	27
m0255	m0244	23.4	0.632	26
m0255	m0188	22.9	0.632	26
m0255	m0068	24.6	0.632	26
m0255	m0248	27.9	0.825	25
m0255	m0077	24.1	0.825	25
m0255	m0159	25.2	0.825	25
m0255	m0247	22.9	1.08	25
m0255	m0172	23.8	1.41	25
m0255	m0076	26.9	1.41	25
m0255	m0191	25.9	1.41	25
m0255	m0113	24.4	1.84	24
m0255	m0122	25.0	2.4	24
m0255	m0088	27.9	3.14	23
m0255	m0154	25.3	4.1	23
m0255	m0163	40.0	5.35	23
m0255	m0026	35.3	5.35	23
m0255	m0165	44.0	6.99	22
m0255	m0189	27.1	6.99	22
m0255	m0113	28.9	6.99	22
m0255	m0028	34.3	6.99	22
m0255	m0180	47.8	9.13	22
m0255	m0178	35.1	9.13	22
m0254	m0216	88.5	4.22e-245	838
m0254	m0050	86.5	1.77e-243	832
m0254	m0157	88.3	1.27e-241	826
m0254	m0047	86.1	2.65e-239	819
m0254	m0006	85.3	1.11e-237	813
m0254	m0096	86.0	1.45e-237	813
m0254	m0014	83.0	7.97e-236	807
m0254	m0206	84.6	7.46e-234	800
m0254	m0023	83.7	9.74e-234	800
m0254	m0093	82.9	8.25e-233	797
m0254	m0161	81.5	2.4e-232	795
m0254	m0215	82.9	2.85e-209	719
m0254	m0039	66.4	1.43e-168	584
m0254	m0217	64.2	3.31e-157	546
m0254	m0227	61.2	2.01e-154	537
m0254	m0111	77.7	3.43e-154	536
m0254	m0138	56.8	4.2e-144	502
m0254	m0113	58.4	2.64e-138	483
m0254	m0238	57.7	2.91e-137	480
m0254	m0158	55.1	8.48e-137	478
m0254	m0178	55.9	1.5e-133	467
m0254	m0244	54.1	7.43e-133	465
m0254	m0094	54.8	4.81e-132	462
m0254	m0172	53.1	6.29e-132	462
m0254	m0198	54.0	8.21e-132	461
m0254	m0025	52.9	1.31e-129	454
m0254	m0154	51.2	5.16e-126	442
m0254	m0183	58.6	2.17e-124	437
m0254	m0248	68.6	5.52e-120	422
m0254	m0163	60.0	1.08e-115	408
m0254	m0174	60.5	2.75e-111	393
m0254	m0125	52.9	6.12e-111	392
m0254	m0188	58.1	5.18e-110	389
m0254	m0173	52.1	1.15e-109	388
m0254	m0068	50.2	2.18e-108	384
m0254	m0130	55.8	2.84e-108	383
m0254	m0169	61.1	4.1e-107	379
m0254	m0214	61.4	9.14e-107	378
m0254	m0088	64.6	1.56e-106	377
m0254	m0133	61.3	8.86e-102	362
m0254	m0182	53.9	2.58e-101	360
m0254	m0237	55.9	4.4e-101	359
m0254	m0076	68.5	5.74e-101	359
m0254	m0017	60.6	5.2e-94	336
m0254	m0205	53.4	2.12e-87	314
m0254	m0123	57.0	4.73e-79	286
m0254	m0103	50.9	7.55e-77	279
m0254	m0131	50.9	1.33e-73	268
m0254	m0097	52.0	2.27e-73	267
m0254	m0234	51.7	3.88e-73	267
m0254	m0086	50.7	5.06e-73	266
m0254	m0155	50.2	6.61e-73	266
m0254	m0001	49.0	7.31e-72	262
m0254	m0134	49.2	9.55e-72	262
m0254	m0233	47.4	1.25e-71	262
m0254	m0232	46.4	1.25e-71	262
m0254	m0235	50.7	1.63e-71	261
m0254	m0193	47.4	1.63e-71	261
m0254	m0247	47.4	6.19e-71	259
m0254	m0230	45.6	8.94e-70	255
m0254	m0141	50.0	1.99e-69	254
m0254	m0011	49.5	9.88e-69	252
m0254	m0229	50.2	1.29e-68	252
m0254	m0033	48.8	1.86e-67	248
m0254	m0231	45.3	3.18e-67	247
m0254	m0062	44.3	1.21e-66	245
m0254	m0192	48.8	4.59e-66	243
m0254	m0048	45.7	7.83e-66	242
m0254	m0166	46.1	1.02e-65	242
m0254	m0069	45.4	1.02e-65	242
m0254	m0197	44.9	2.28e-65	241
m0254	m0073	46.4	5.08e-65	240
m0254	m0070	45.8	1.13e-64	238
m0254	m0084	45.1	4.3e-64	236
m0254	m0168	43.7	5.61e-64	236
m0254	m0002	46.9	7.33e-64	236
m0254	m0012	46.4	2.13e-63	234
m0254	m0098	44.1	4.02e-62	230
m0254	m0187	47.0	5.25e-62	230
m0254	m0054	44.4	8.96e-62	229
m0254	m0043	46.8	2e-61	228
m0254	m0045	45.6	2.61e-61	227
m0254	m0083	43.6	4.92e-60	223
m0254	m0149	42.8	1.1e-59	222
m0254	m0124	43.1	1.1e-59	222
m0254	m0144	42.3	5.44e-59	220
m0254	m0245	44.3	1.58e-58	218
m0254	m0109	43.4	2.7e-58	217
m0254	m0063	44.6	1.34e-57	215
m0254	m0118	43.3	1.48e-56	211
m0254	m0252	42.4	2.52e-56	211
m0254	m0066	41.2	1.81e-54	205
m0254	m0090	42.6	1.81e-54	205
m0254	m0031	42.8	2.89e-52	197
m0254	m0120	41.8	3.77e-52	197
m0254	m0074	42.6	9.29e-51	192
m0254	m0040	42.1	6.66e-49	186
m0254	m0184	41.1	6.66e-49	186
m0254	m0101	40.6	1.48e-48	185
m0254	m0104	44.0	2.53e-48	184
m0254	m0067	39.0	9.62e-48	182
m0254	m0065	40.6	1.26e-47	182
m0254	m0191	40.4	3.65e-47	180
m0254	m0194	39.1	4.77e-47	180
m0254	m0167	38.1	1.06e-46	179
m0254	m0210	38.0	1.39e-46	178
m0254	m0175	38.7	2.37e-46	178
m0254	m0176	38.7	2.37e-46	178
m0254	m0036	38.9	4.04e-46	177
m0254	m0102	38.5	5.28e-46	176
m0254	m0077	41.0	9e-46	176
m0254	m0037	37.9	2.01e-45	174
m0254	m0079	38.0	2.62e-45	174
m0254	m0162	41.4	3.42e-45	174
m0254	m0095	36.8	2.22e-44	171
m0254	m0249	39.5	4.94e-44	170
m0254	m0071	38.4	6.45e-44	169
m0254	m0028	39.6	6.45e-44	169
m0254	m0051	39.1	1.88e-43	168
m0254	m0243	36.0	4.18e-43	167
m0254	m0159	37.0	7.13e-43	166
m0254	m0170	37.9	1.59e-42	165
m0254	m0128	38.5	1.76e-41	161
m0254	m0165	38.3	1.3e-36	145
m0254	m0005	36.3	4.95e-36	143
m0254	m0137	31.2	2.46e-27	114
m0254	m0160	30.7	5.49e-27	113
m0254	m0202	26.6	1.71e-20	92
m0254	m0185	29.6	1.23e-18	86
m0254	m0228	32.9	3.69e-15	74
m0254	m0041	27.9	2.64e-13	68
m0254	m0064	31.9	2.74e-10	58
m0254	m0122	24.4	7.45e-08	50
m0254	m0219	22.7	0.000852	36
m0254	m0143	23.4	0.00324	34
m0254	m0016	23.9	0.0123	32
m0254	m0146	27.7	0.0274	31
m0254	m0099	23.7	0.0611	30
m0254	m0026	22.5	0.0798	30
m0254	m0237	24.1	0.0798	30
m0254	m0217	48.6	0.104	29
m0254	m0196	41.0	0.136	29
m0254	m0177	27.4	0.136	29
m0254	m0239	28.6	0.178	28
m0254	m0129	30.0	0.303	28
m0254	m0004	30.0	0.303	28
m0254	m0148	38.0	0.396	27
m0254	m0099	30.2	1.15	26
m0254	m0056	37.2	1.5	25
m0254	m0026	25.0	3.35	24
m0254	m0061	24.8	4.38	24
m0254	m0132	52.2	5.72	23
m0254	m0153	47.8	7.47	23
m0253	m0072	57.5	7.57e-70	255
m0253	m0204	51.1	2.07e-59	220
m0253	m0003	48.7	6.02e-59	218
m0253	m0052	50.2	1.03e-58	218
m0253	m0024	47.8	1.34e-50	191
m0253	m0055	26.7	2.65e-14	70
m0253	m0080	22.4	6.53e-05	39
m0253	m0133	27.1	0.00611	32
m0253	m0110	22.9	0.0303	30
m0253	m0203	25.2	0.0303	30
m0253	m0136	26.9	0.257	27
m0253	m0186	32.6	1.27	25
m0253	m0183	23.9	4.84	23
m0253	m0105	26.8	6.33	22
m0252	m0149	78.2	4.29e-131	458
m0252	m0131	56.3	2.91e-87	313
m0252	m0234	53.6	7.18e-86	308
m0252	m0235	53.6	2.09e-85	307
m0252	m0103	55.4	2.73e-85	306
m0252	m0232	53.7	3.94e-84	302
m0252	m0230	54.9	8.77e-84	301
m0252	m0247	52.6	3.33e-83	299
m0252	m0233	53.8	9.7e-83	298
m0252	m0123	56.2	3.69e-82	296
m0252	m0062	50.8	4.51e-80	289
m0252	m0193	53.3	7.69e-80	288
m0252	m0001	52.6	2.24e-79	287
m0252	m0011	52.0	3.82e-79	286
m0252	m0168	56.2	3.82e-79	286
m0252	m0045	52.8	1.45e-78	284
m0252	m0097	51.2	3.23e-78	283
m0252	m0054	52.2	5.51e-78	282
m0252	m0141	53.3	1.6e-77	280
m0252	m0229	54.2	1.77e-76	277
m0252	m0187	52.7	3.02e-76	276
m0252	m0166	48.9	1.15e-75	274
m0252	m0086	50.4	2.56e-75	273
m0252	m0002	53.3	7.45e-75	272
m0252	m0083	49.5	9.72e-75	271
m0252	m0134	49.0	9.72e-75	271
m0252	m0109	50.3	9.72e-75	271
m0252	m0084	50.0	9.72e-75	271
m0252	m0012	50.2	3.7e-74	269
m0252	m0192	48.8	5.34e-73	265
m0252	m0090	50.3	2.03e-72	263
m0252	m0124	48.8	4.99e-71	259
m0252	m0043	47.7	6.52e-71	258
m0252	m0155	48.7	4.23e-70	256
m0252	m0070	49.5	5.52e-70	255
m0252	m0120	49.1	1.61e-69	254
m0252	m0063	48.6	2.1e-69	253
m0252	m0069	45.0	6.75e-68	248
m0252	m0040	45.6	1.5e-67	247
m0252	m0031	46.4	7.46e-67	245
m0252	m0051	47.2	1.27e-66	244
m0252	m0104	49.1	2.84e-66	243
m0252	m0170	47.4	4.84e-66	242
m0252	m0162	45.2	1.84e-65	240
m0252	m0197	44.8	6.99e-65	238
m0252	m0231	43.9	3.47e-64	236
m0252	m0245	44.7	1.01e-63	235
m0252	m0133	44.9	1.32e-63	234
m0252	m0074	45.5	3.83e-63	233
m0252	m0017	44.2	1.46e-62	231
m0252	m0098	43.2	1.9e-62	230
m0252	m0033	46.0	2.48e-62	230
m0252	m0182	44.1	4.24e-62	229
m0252	m0125	43.4	1.23e-61	228
m0252	m0118	43.4	2.1e-61	227
m0252	m0248	45.2	3.59e-61	226
m0252	m0163	45.1	3.59e-61	226
m0252	m0238	44.7	7.99e-61	225
m0252	m0206	45.4	1.36e-60	224
m0252	m0076	47.9	2.33e-60	223
m0252	m0188	45.0	3.04e-60	223
m0252	m0093	44.6	3.97e-60	223
m0252	m0210	44.6	3.97e-60	223
m0252	m0174	44.4	6.77e-60	222
m0252	m0071	45.1	6.77e-60	222
m0252	m0161	45.1	2.57e-59	220
m0252	m0023	44.9	3.36e-59	220
m0252	m0249	43.2	4.39e-59	219
m0252	m0178	43.8	4.39e-59	219
m0252	m0173	43.0	5.73e-59	219
m0252	m0036	43.2	9.77e-59	218
m0252	m0215	43.3	1.28e-58	218
m0252	m0014	44.9	1.28e-58	218
m0252	m0065	42.4	1.67e-58	217
m0252	m0243	43.6	1.67e-58	217
m0252	m0067	43.1	2.18e-58	217
m0252	m0130	44.6	2.84e-58	216
m0252	m0050	44.3	3.71e-58	216
m0252	m0006	44.0	3.71e-58	216
m0252	m0048	41.0	4.85e-58	216
m0252	m0096	43.7	4.85e-58	216
m0252	m0088	43.3	4.85e-58	216
m0252	m0216	44.0	8.27e-58	215
m0252	m0101	42.8	1.08e-57	215
m0252	m0047	43.0	1.08e-57	215
m0252	m0102	42.5	1.41e-57	214
m0252	m0037	42.7	1.41e-57	214
m0252	m0157	42.7	1.84e-57	214
m0252	m0169	43.8	1.84e-57	214
m0252	m0073	44.4	1.84e-57	214
m0252	m0138	42.8	2.41e-57	213
m0252	m0111	43.3	2.41e-57	213
m0252	m0144	42.3	4.1e-57	213
m0252	m0176	40.5	7e-57	212
m0252	m0068	43.6	7e-57	212
m0252	m0066	42.3	7e-57	212
m0252	m0154	42.0	9.14e-57	211
m0252	m0039	44.8	2.66e-56	210
m0252	m0237	46.3	2.66e-56	210
m0252	m0159	42.0	3.47e-56	210
m0252	m0113	42.5	2.94e-55	206
m0252	m0214	41.3	3.84e-55	206
m0252	m0183	42.6	6.55e-55	205
m0252	m0244	40.8	1.46e-54	204
m0252	m0175	38.3	1.91e-54	204
m0252	m0184	38.2	1.91e-54	204
m0252	m0025	40.3	2.49e-54	203
m0252	m0128	43.9	7.25e-54	202
m0252	m0167	37.6	1.61e-53	201
m0252	m0198	40.8	2.75e-53	200
m0252	m0172	39.9	2.75e-53	200
m0252	m0095	41.2	3.6e-53	200
m0252	m0094	42.5	3.6e-53	200
m0252	m0079	38.2	1.05e-52	198
m0252	m0227	43.2	1.37e-52	198
m0252	m0217	44.9	3.98e-52	196
m0252	m0158	40.5	1.16e-51	195
m0252	m0194	37.1	1.97e-51	194
m0252	m0191	41.2	4.4e-51	193
m0252	m0077	38.2	1.85e-49	187
m0252	m0028	37.5	1.2e-48	184
m0252	m0205	41.0	1.2e-48	184
m0252	m0165	34.6	3.16e-41	160
m0252	m0005	37.6	1.47e-38	151
m0252	m0160	30.5	1.33e-23	101
m0252	m0137	31.1	6.61e-23	99
m0252	m0185	29.5	8.09e-21	92
m0252	m0202	27.5	1.17e-19	88
m0252	m0041	29.1	7.08e-17	79
m0252	m0228	23.3	4.3e-14	70
m0252	m0064	28.3	1.25e-13	68
m0252	m0122	24.4	5.81e-11	59
m0252	m0219	33.0	2.28e-07	47
m0252	m0016	25.6	2.14e-05	41
m0252	m0060	22.6	0.000181	38
m0252	m0218	25.2	0.00117	35
m0252	m0022	26.2	0.0221	31
m0252	m0007	22.7	0.0289	30
m0252	m0026	24.5	0.0841	29
m0252	m0196	26.9	0.11	28
m0252	m0142	24.0	0.11	28
m0252	m0121	23.9	0.245	27
m0252	m0224	25.4	0.417	27
m0252	m0143	22.2	1.21	25
m0252	m0099	26.8	2.07	24
m0252	m0080	31.0	4.61	23
m0252	m0177	36.8	7.87	22
m0252	m0056	39.1	7.87	22
m0251	m0058	47.5	3.53e-75	273
m0251	m0246	43.9	5.46e-68	249
m0251	m0046	44.9	2.99e-66	243
m0251	m0085	45.3	2.54e-65	240
m0251	m0009	41.0	8.15e-64	235
m0251	m0087	41.7	8.15e-64	235
m0251	m0110	44.3	2.9e-61	226
m0251	m0190	42.2	9.33e-60	221
m0251	m0151	41.9	1.14e-57	215
m0251	m0179	38.3	1.49e-57	214
m0251	m0106	41.8	1.82e-55	207
m0251	m0029	37.4	2.46e-52	197
m0251	m0019	37.0	5.48e-52	196
m0251	m0209	36.3	1.22e-51	195
m0251	m0112	38.7	1.35e-50	191
m0251	m0049	37.2	5.31e-47	179
m0251	m0164	34.5	6.08e-43	166
m0251	m0186	36.5	7.94e-43	165
m0251	m0226	36.1	1.15e-41	161
m0251	m0222	36.8	1.65e-40	158
m0251	m0082	34.3	3.12e-39	153
m0251	m0105	30.6	2.31e-34	137
m0251	m0242	30.4	1.19e-30	125
m0251	m0221	30.5	8.52e-29	119
m0251	m0135	29.8	7.21e-28	116
m0251	m0164	36.7	2.1e-27	114
m0251	m0220	29.6	1.04e-26	112
m0251	m0171	28.8	2.32e-26	111
m0251	m0207	28.1	8.81e-26	109
m0251	m0007	42.9	0.068	29
m0251	m0071	26.4	3.73	23
m0251	m0060	17.8	6.36	23
m0250	m0010	82.6	0	1208
m0250	m0211	36.8	3.31e-105	374
m0249	m0036	90.4	7.43e-166	574
m0249	m0079	64.6	5.59e-113	398
m0249	m0184	69.2	1.63e-112	397
m0249	m0175	68.1	2.12e-112	396
m0249	m0167	64.6	1.17e-110	391
m0249	m0194	63.4	3.75e-109	386
m0249	m0028	62.0	3.51e-107	379
m0249	m0067	58.8	3.76e-101	359
m0249	m0037	62.7	6.41e-101	358
m0249	m0095	58.8	4.15e-100	356
m0249	m0176	57.5	2.98e-98	349
m0249	m0065	55.4	4.02e-95	339
m0249	m0144	55.5	8.41e-85	305
m0249	m0245	55.6	1.87e-84	304
m0249	m0101	53.0	9.62e-81	291
m0249	m0232	52.7	6.04e-75	272
m0249	m0001	50.5	4.33e-73	266
m0249	m0193	51.1	4.33e-73	266
m0249	m0045	50.7	4.33e-73	266
m0249	m0074	50.7	7.38e-73	265
m0249	m0031	48.7	9.64e-73	265
m0249	m0191	51.7	8.16e-72	262
m0249	m0002	50.8	3.1e-71	260
m0249	m0168	51.1	3.1e-71	260
m0249	m0247	48.7	4.05e-71	259
m0249	m0109	50.6	5.29e-71	259
m0249	m0124	46.6	1.54e-70	257
m0249	m0120	49.3	2.01e-70	257
m0249	m0077	51.0	2.63e-70	257
m0249	m0229	48.7	2.63e-70	257
m0249	m0083	48.4	3.43e-70	256
m0249	m0165	52.8	3.43e-70	256
m0249	m0187	49.3	7.64e-70	255
m0249	m0012	45.2	3.79e-69	253
m0249	m0131	50.0	4.95e-69	252
m0249	m0233	45.9	4.95e-69	252
m0249	m0166	45.3	6.47e-69	252
m0249	m0235	50.7	1.1e-68	251
m0249	m0141	47.8	1.44e-68	251
m0249	m0230	45.6	1.88e-68	250
m0249	m0123	49.6	5.48e-68	249
m0249	m0155	46.1	7.15e-68	248
m0249	m0103	47.6	7.15e-68	248
m0249	m0043	46.1	4.64e-67	246
m0249	m0011	48.9	6.05e-67	245
m0249	m0234	46.7	3e-66	243
m0249	m0062	48.5	1.14e-65	241
m0249	m0134	46.8	2.54e-65	240
m0249	m0086	48.7	4.34e-65	239
m0249	m0197	44.1	3.11e-63	233
m0249	m0149	45.6	6.93e-63	232
m0249	m0063	44.6	2.63e-62	230
m0249	m0054	40.9	1.89e-60	224
m0249	m0069	43.9	4.2e-60	223
m0249	m0084	44.6	7.17e-60	222
m0249	m0231	44.3	1.6e-59	221
m0249	m0097	42.3	1.04e-58	218
m0249	m0033	41.1	6.71e-58	215
m0249	m0048	40.2	5.68e-57	212
m0249	m0090	43.6	5.68e-57	212
m0249	m0071	43.4	1.4e-55	208
m0249	m0192	41.8	4.07e-55	206
m0249	m0073	41.2	6.94e-55	205
m0249	m0098	42.8	9.07e-55	205
m0249	m0118	40.5	2.02e-54	204
m0249	m0066	43.3	7.68e-54	202
m0249	m0243	38.7	3.22e-52	196
m0249	m0070	40.5	7.18e-52	195
m0249	m0158	41.8	3.02e-50	190
m0249	m0170	41.6	3.94e-50	190
m0249	m0162	37.7	6.72e-50	189
m0249	m0051	39.9	8.78e-50	188
m0249	m0125	41.8	1.96e-49	187
m0249	m0182	41.0	2.56e-49	187
m0249	m0005	37.9	3.34e-49	186
m0249	m0198	40.4	1.27e-48	184
m0249	m0040	38.5	2.83e-48	183
m0249	m0227	41.5	4.82e-48	183
m0249	m0178	41.2	6.29e-48	182
m0249	m0104	38.6	8.22e-48	182
m0249	m0159	38.4	1.4e-47	181
m0249	m0102	35.7	1.83e-47	181
m0249	m0133	40.8	3.12e-47	180
m0249	m0017	39.5	4.08e-47	179
m0249	m0163	38.5	1.19e-46	178
m0249	m0238	36.9	1.55e-46	178
m0249	m0217	41.4	2.64e-46	177
m0249	m0088	39.8	7.69e-46	175
m0249	m0248	39.0	1e-45	175
m0249	m0169	38.6	1.31e-45	174
m0249	m0174	38.8	1.31e-45	174
m0249	m0215	40.2	1.71e-45	174
m0249	m0014	38.1	1.71e-45	174
m0249	m0138	40.4	1.71e-45	174
m0249	m0210	39.3	2.92e-45	173
m0249	m0173	37.7	3.82e-45	173
m0249	m0076	40.6	3.82e-45	173
m0249	m0113	40.2	4.99e-45	173
m0249	m0216	39.5	4.99e-45	173
m0249	m0244	39.1	6.51e-45	172
m0249	m0068	38.4	6.51e-45	172
m0249	m0206	39.5	8.51e-45	172
m0249	m0096	40.2	1.11e-44	171
m0249	m0093	39.9	1.11e-44	171
m0249	m0172	39.2	1.45e-44	171
m0249	m0130	38.7	1.45e-44	171
m0249	m0161	37.8	1.45e-44	171
m0249	m0214	37.8	1.9e-44	171
m0249	m0188	37.1	1.9e-44	171
m0249	m0157	39.1	3.23e-44	170
m0249	m0025	36.4	4.22e-44	169
m0249	m0128	39.3	4.22e-44	169
m0249	m0050	38.1	5.51e-44	169
m0249	m0047	39.9	7.2e-44	169
m0249	m0006	38.7	7.2e-44	169
m0249	m0183	38.0	1.6e-43	168
m0249	m0111	38.0	2.74e-43	167
m0249	m0094	36.7	3.57e-43	166
m0249	m0154	36.6	1.04e-42	165
m0249	m0237	35.8	1.36e-42	164
m0249	m0039	37.5	1.77e-42	164
m0249	m0205	37.3	2.32e-42	164
m0249	m0023	37.6	1.96e-41	161
m0249	m0137	32.3	8.26e-32	129
m0249	m0160	29.5	1.9e-28	117
m0249	m0202	26.0	2.11e-19	87
m0249	m0185	26.3	1.42e-15	75
m0249	m0041	23.5	1.32e-13	68
m0249	m0228	24.8	3.61e-11	60
m0249	m0219	31.9	1.16e-09	55
m0249	m0064	27.4	1.2e-06	45
m0249	m0016	26.4	7.78e-06	42
m0249	m0177	26.4	0.000729	36
m0249	m0173	24.5	0.0891	29
m0249	m0152	26.2	0.116	28
m0249	m0099	24.0	0.198	28
m0249	m0056	28.0	0.442	27
m0249	m0093	56.2	1.29	25
m0249	m0026	24.4	1.29	25
m0249	m0053	30.9	2.19	24
m0249	m0143	21.2	3.74	23
m0249	m0199	43.5	3.74	23
m0249	m0150	34.4	8.34	22
m0248	m0111	69.0	4.14e-164	569
m0248	m0163	67.6	9.23e-164	567
m0248	m0173	67.1	7.81e-163	564
m0248	m0130	67.2	1.02e-162	564
m0248	m0188	67.4	2.27e-162	563
m0248	m0169	66.7	3.4e-158	549
m0248	m0068	63.2	1.25e-152	530
m0248	m0125	60.8	3.19e-140	489
m0248	m0183	60.1	1.54e-134	470
m0248	m0006	59.3	1.3e-125	441
m0248	m0216	57.6	1.76e-122	430
m0248	m0214	67.8	1.26e-120	424
m0248	m0093	56.6	2.81e-120	423
m0248	m0161	56.3	8.18e-120	421
m0248	m0215	67.1	1.07e-119	421
m0248	m0157	69.3	3.11e-119	419
m0248	m0014	56.5	4.06e-119	419
m0248	m0096	56.3	4.06e-119	419
m0248	m0050	56.1	1.18e-118	418
m0248	m0039	56.7	7.65e-118	415
m0248	m0206	69.0	7.65e-118	415
m0248	m0047	67.1	1e-117	414
m0248	m0138	57.9	1e-117	414
m0248	m0174	56.9	1.71e-117	414
m0248	m0237	70.7	8.46e-117	411
m0248	m0023	66.5	2.46e-116	410
m0248	m0238	55.3	2.08e-115	407
m0248	m0182	52.2	1.76e-114	404
m0248	m0076	74.1	3.01e-114	403
m0248	m0088	67.5	5.87e-110	389
m0248	m0154	52.2	5.87e-110	389
m0248	m0172	50.9	1.45e-108	384
m0248	m0178	51.8	4.21e-108	382
m0248	m0217	54.4	9.38e-108	381
m0248	m0244	51.1	1.22e-107	381
m0248	m0227	54.4	2.55e-105	373
m0248	m0025	50.5	5.69e-105	372
m0248	m0094	53.1	6.29e-104	369
m0248	m0113	51.5	1.19e-102	364
m0248	m0133	61.5	7.45e-97	345
m0248	m0158	48.9	3.13e-95	340
m0248	m0198	47.6	3.58e-91	326
m0248	m0017	59.1	4.84e-88	316
m0248	m0205	52.5	4.1e-87	313
m0248	m0123	57.8	5.73e-81	292
m0248	m0103	53.0	9.15e-79	285
m0248	m0235	55.3	7.74e-78	282
m0248	m0166	50.9	4.7e-75	273
m0248	m0234	51.8	6.14e-75	272
m0248	m0233	51.6	3.04e-74	270
m0248	m0001	51.6	6.78e-74	269
m0248	m0230	50.7	4.4e-73	266
m0248	m0131	49.3	4.4e-73	266
m0248	m0086	51.4	5.74e-73	266
m0248	m0247	50.0	1.67e-72	264
m0248	m0232	47.5	8.29e-72	262
m0248	m0155	52.1	1.85e-71	261
m0248	m0141	52.7	2.41e-71	260
m0248	m0193	49.1	4.12e-71	260
m0248	m0229	52.7	1.56e-70	258
m0248	m0069	51.2	2.67e-70	257
m0248	m0231	46.9	1.01e-69	255
m0248	m0011	50.2	3.85e-69	253
m0248	m0168	50.9	6.57e-69	252
m0248	m0033	49.6	1.91e-68	251
m0248	m0134	49.5	5.56e-68	249
m0248	m0062	47.9	9.49e-68	248
m0248	m0097	50.2	2.11e-67	247
m0248	m0002	50.0	2.76e-67	247
m0248	m0197	48.6	8.03e-67	245
m0248	m0012	49.5	6.8e-66	242
m0248	m0045	47.4	3.37e-65	240
m0248	m0187	49.6	5.76e-65	239
m0248	m0192	47.2	7.52e-65	239
m0248	m0054	48.2	9.82e-65	238
m0248	m0070	47.3	1.28e-64	238
m0248	m0098	47.8	4.12e-63	233
m0248	m0048	44.5	4.12e-63	233
m0248	m0083	47.0	5.39e-63	233
m0248	m0073	43.4	1.2e-62	231
m0248	m0149	44.5	2.26e-61	227
m0248	m0124	45.8	2.26e-61	227
m0248	m0084	45.9	5.58e-60	223
m0248	m0109	45.5	1.79e-58	218
m0248	m0043	46.3	6.82e-58	216
m0248	m0245	42.1	2.19e-56	211
m0248	m0118	41.4	2.86e-56	210
m0248	m0120	43.3	2.86e-56	210
m0248	m0063	43.3	5.4e-55	206
m0248	m0066	42.6	3.5e-54	203
m0248	m0090	42.3	1.74e-53	201
m0248	m0074	40.7	1.92e-52	198
m0248	m0144	41.5	1.63e-51	195
m0248	m0040	43.2	2.12e-51	194
m0248	m0102	39.1	2.35e-50	191
m0248	m0101	38.9	2.35e-50	191
m0248	m0104	40.6	3.07e-50	190
m0248	m0065	39.1	4e-50	190
m0248	m0210	39.8	6.83e-50	189
m0248	m0162	39.8	4.43e-49	186
m0248	m0036	41.8	7.55e-49	186
m0248	m0031	40.3	1.68e-48	184
m0248	m0184	40.0	1.09e-47	182
m0248	m0175	38.5	4.14e-47	180
m0248	m0191	39.6	5.41e-47	179
m0248	m0128	38.9	9.23e-47	179
m0248	m0176	38.3	3.51e-46	177
m0248	m0170	37.4	3.51e-46	177
m0248	m0037	38.7	5.98e-46	176
m0248	m0051	38.2	5.98e-46	176
m0248	m0079	37.9	2.27e-45	174
m0248	m0067	38.3	5.07e-45	173
m0248	m0194	37.7	1.93e-44	171
m0248	m0243	37.3	2.51e-44	171
m0248	m0077	39.4	3.28e-44	170
m0248	m0167	37.8	7.32e-44	169
m0248	m0071	35.4	4.74e-43	166
m0248	m0159	36.9	1.06e-42	165
m0248	m0095	35.8	2.6e-41	161
m0248	m0028	35.7	2.2e-40	158
m0248	m0165	33.7	2.79e-35	141
m0248	m0005	35.1	5.25e-34	136
m0248	m0202	28.4	1.87e-23	101
m0248	m0160	29.3	2.45e-23	101
m0248	m0137	26.4	9.3e-23	99
m0248	m0041	28.0	3.42e-17	80
m0248	m0185	29.0	9.96e-17	79
m0248	m0228	27.7	2.45e-15	74
m0248	m0064	32.0	1.54e-09	55
m0248	m0122	20.7	4.48e-09	54
m0248	m0219	23.7	0.000195	38
m0248	m0016	24.1	0.00074	36
m0248	m0177	28.8	0.00281	34
m0248	m0060	27.5	0.0048	33
m0248	m0099	23.7	0.00626	33
m0248	m0177	26.6	0.00818	33
m0248	m0129	31.9	0.0311	31
m0248	m0143	20.7	0.0406	30
m0248	m0168	26.7	0.0693	30
m0248	m0217	27.1	0.0693	30
m0248	m0137	32.1	0.0905	29
m0248	m0226	32.9	0.154	28
m0248	m0196	24.4	0.202	28
m0248	m0007	27.5	0.263	28
m0248	m0056	32.6	0.449	27
m0248	m0026	22.7	1.71	25
m0248	m0099	30.2	1.71	25
m0247	m0001	71.1	3.94e-119	419
m0247	m0229	75.2	3.45e-115	406
m0247	m0230	67.1	4.51e-115	405
m0247	m0233	66.8	1.71e-114	403
m0247	m0193	65.9	1.11e-113	401
m0247	m0232	65.9	6.1e-112	395
m0247	m0168	66.3	1.5e-110	390
m0247	m0103	65.5	9.73e-110	387
m0247	m0062	62.0	1.55e-107	380
m0247	m0123	65.7	6.53e-106	375
m0247	m0187	70.1	3.58e-104	369
m0247	m0234	64.0	4.68e-104	369
m0247	m0131	61.3	1.04e-103	367
m0247	m0012	62.3	5.17e-103	365
m0247	m0134	58.3	4.38e-102	362
m0247	m0011	62.5	2.17e-101	360
m0247	m0235	62.7	6.32e-101	358
m0247	m0141	66.4	1.41e-100	357
m0247	m0124	62.4	6.99e-100	355
m0247	m0054	61.7	1.19e-99	354
m0247	m0045	62.0	7.73e-99	351
m0247	m0002	63.3	1.61e-96	344
m0247	m0166	56.7	2.75e-96	343
m0247	m0086	59.4	1.36e-95	341
m0247	m0155	57.2	1.36e-95	341
m0247	m0083	56.4	2.57e-94	336
m0247	m0231	57.2	7.49e-94	335
m0247	m0149	55.9	5.37e-92	329
m0247	m0197	54.0	2.49e-89	320
m0247	m0069	54.6	5.55e-89	319
m0247	m0118	53.9	8.86e-87	311
m0247	m0043	54.2	2.85e-85	306
m0247	m0063	53.3	1.2e-83	301
m0247	m0048	52.3	7.77e-83	298
m0247	m0245	51.0	2.95e-82	296
m0247	m0090	50.0	2.95e-82	296
m0247	m0120	53.0	1.12e-81	294
m0247	m0144	51.6	1.62e-80	290
m0247	m0109	51.2	6.8e-79	285
m0247	m0192	48.6	6.8e-79	285
m0247	m0097	49.0	1.52e-78	284
m0247	m0084	49.1	4.41e-78	282
m0247	m0067	48.0	9.82e-78	281
m0247	m0017	50.7	8.32e-77	278
m0247	m0133	49.8	1.42e-76	277
m0247	m0188	50.3	2.42e-76	277
m0247	m0033	49.7	5.39e-76	275
m0247	m0070	50.5	1.57e-75	274
m0247	m0098	46.9	2.05e-75	273
m0247	m0088	49.2	3.49e-75	273
m0247	m0073	48.3	7.78e-75	272
m0247	m0182	48.6	1.73e-74	270
m0247	m0014	50.0	3.86e-74	269
m0247	m0183	52.2	1.47e-73	267
m0247	m0215	48.2	1.47e-73	267
m0247	m0238	50.0	3.27e-73	266
m0247	m0206	49.1	4.27e-73	266
m0247	m0031	46.9	5.58e-73	265
m0247	m0125	48.9	7.29e-73	265
m0247	m0138	49.0	1.24e-72	264
m0247	m0154	49.3	1.24e-72	264
m0247	m0163	47.5	1.62e-72	264
m0247	m0169	47.7	1.62e-72	264
m0247	m0093	48.0	2.12e-72	263
m0247	m0101	47.2	2.12e-72	263
m0247	m0157	48.8	2.77e-72	263
m0247	m0036	46.0	3.62e-72	263
m0247	m0130	49.3	4.72e-72	262
m0247	m0047	48.2	6.17e-72	262
m0247	m0174	49.5	8.06e-72	262
m0247	m0216	49.3	8.06e-72	262
m0247	m0173	48.7	1.05e-71	261
m0247	m0037	45.4	1.37e-71	261
m0247	m0096	47.8	1.79e-71	260
m0247	m0065	44.9	3.06e-71	260
m0247	m0161	47.7	4e-71	259
m0247	m0178	49.8	5.22e-71	259
m0247	m0006	48.2	5.22e-71	259
m0247	m0074	45.2	1.16e-70	258
m0247	m0113	49.1	1.52e-70	257
m0247	m0050	48.0	1.98e-70	257
m0247	m0176	44.1	2.59e-70	257
m0247	m0214	48.9	4.42e-70	256
m0247	m0068	48.4	5.77e-70	255
m0247	m0051	47.9	7.54e-70	255
m0247	m0076	52.1	7.54e-70	255
m0247	m0023	47.7	1.29e-69	254
m0247	m0111	47.9	1.68e-69	254
m0247	m0025	47.0	1.68e-69	254
m0247	m0172	48.6	1.68e-69	254
m0247	m0244	47.4	1.68e-69	254
m0247	m0237	48.2	8.34e-69	252
m0247	m0094	48.4	1.09e-68	251
m0247	m0040	46.8	2.43e-68	250
m0247	m0227	49.3	5.4e-68	249
m0247	m0039	48.6	7.06e-68	248
m0247	m0162	47.3	9.22e-68	248
m0247	m0095	44.0	1.2e-67	248
m0247	m0158	46.3	1.57e-67	247
m0247	m0170	47.3	1.57e-67	247
m0247	m0198	46.0	3.5e-67	246
m0247	m0066	43.9	1.74e-66	244
m0247	m0184	43.0	2.27e-66	243
m0247	m0077	46.6	3.87e-66	243
m0247	m0217	52.5	3.87e-66	243
m0247	m0104	47.3	6.6e-66	242
m0247	m0159	44.0	1.92e-65	240
m0247	m0079	43.1	5.59e-65	239
m0247	m0191	45.1	5.59e-65	239
m0247	m0175	42.7	3.62e-64	236
m0247	m0167	43.1	6.18e-64	235
m0247	m0028	43.3	3.07e-63	233
m0247	m0194	41.3	1.52e-62	231
m0247	m0071	43.2	1.52e-62	231
m0247	m0102	41.9	1.43e-60	224
m0247	m0205	43.0	2.43e-60	223
m0247	m0243	40.0	3.17e-60	223
m0247	m0165	38.9	1.47e-57	214
m0247	m0210	41.7	1.93e-57	214
m0247	m0128	43.1	3.08e-55	206
m0247	m0005	37.5	3.41e-46	176
m0247	m0137	28.9	1.1e-28	118
m0247	m0160	29.2	1.44e-28	118
m0247	m0202	25.6	8.45e-21	92
m0247	m0228	24.8	1.07e-15	75
m0247	m0185	26.1	2.02e-14	71
m0247	m0041	26.9	3.44e-14	70
m0247	m0122	22.3	6.07e-11	59
m0247	m0064	26.3	7.93e-11	59
m0247	m0219	25.9	6.95e-07	46
m0247	m0016	26.1	5.88e-06	43
m0247	m0099	26.0	0.000189	38
m0247	m0018	22.3	0.000323	37
m0247	m0219	22.0	0.000323	37
m0247	m0177	25.8	0.00209	34
m0247	m0061	29.6	0.00609	33
m0247	m0196	24.2	0.00795	32
m0247	m0056	35.6	0.0673	29
m0247	m0142	27.8	0.0879	29
m0247	m0008	31.1	0.15	28
m0247	m0005	25.3	0.256	27
m0247	m0177	24.2	0.744	26
m0247	m0089	31.0	1.27	25
m0247	m0129	24.7	1.66	25
m0247	m0115	35.1	4.82	23
m0247	m0143	41.4	8.23	22
m0246	m0058	47.8	4.19e-82	296
m0246	m0085	49.2	4.63e-81	292
m0246	m0190	47.9	1.7e-75	274
m0246	m0209	46.1	9.35e-74	268
m0246	m0087	46.4	1.49e-71	261
m0246	m0179	43.4	2.16e-70	257
m0246	m0046	39.8	1.6e-65	241
m0246	m0106	43.2	6.72e-64	235
m0246	m0151	42.4	1.15e-63	235
m0246	m0110	43.3	1.19e-60	225
m0246	m0009	40.8	3.82e-59	220
m0246	m0029	38.0	8.5e-59	218
m0246	m0019	39.3	3.57e-57	213
m0246	m0112	36.9	1.66e-54	204
m0246	m0222	37.5	7.21e-50	189
m0246	m0186	38.4	2.74e-49	187
m0246	m0082	34.8	7.97e-49	185
m0246	m0226	35.3	3.96e-48	183
m0246	m0049	34.4	5.01e-43	166
m0246	m0105	32.8	2.57e-39	154
m0246	m0164	42.8	9.46e-34	135
m0246	m0171	28.3	8.86e-32	129
m0246	m0242	29.2	1.16e-31	128
m0246	m0221	31.2	7.5e-31	126
m0246	m0135	29.7	4.55e-28	116
m0246	m0220	28.2	2.26e-27	114
m0246	m0207	25.9	3.85e-27	113
m0246	m0164	38.4	2.68e-12	64
m0246	m0008	30.8	6.85	23
m0245	m0144	69.1	4.5e-115	405
m0245	m0101	66.1	6.08e-112	395
m0245	m0191	57.5	1.72e-90	324
m0245	m0109	57.5	8.84e-87	311
m0245	m0120	55.1	1.28e-85	307
m0245	m0067	50.0	1.84e-84	304
m0245	m0079	51.0	2.41e-84	303
m0245	m0036	55.4	3.14e-84	303
m0245	m0077	55.7	5.36e-84	302
m0245	m0175	51.0	1.19e-83	301
m0245	m0184	50.3	1.01e-82	298
m0245	m0167	51.0	2.25e-82	297
m0245	m0065	49.0	5.02e-82	295
m0245	m0194	50.9	8.56e-82	295
m0245	m0045	54.0	2.49e-81	293
m0245	m0232	52.4	3.25e-81	293
m0245	m0095	49.0	6.13e-80	289
m0245	m0074	49.0	3.04e-79	286
m0245	m0123	54.0	3.04e-79	286
m0245	m0028	48.6	1.51e-78	284
m0245	m0037	46.0	7.5e-78	282
m0245	m0031	48.8	9.79e-78	281
m0245	m0168	50.5	4.86e-77	279
m0245	m0083	50.7	4.86e-77	279
m0245	m0001	49.7	2.41e-76	277
m0245	m0176	44.7	2.41e-76	277
m0245	m0086	48.8	3.15e-76	276
m0245	m0131	49.8	3.15e-76	276
m0245	m0141	50.7	2.04e-75	273
m0245	m0230	49.3	3.48e-75	273
m0245	m0233	48.4	3.48e-75	273
m0245	m0124	48.3	1.73e-74	270
m0245	m0193	49.3	1.73e-74	270
m0245	m0103	50.9	3.85e-74	269
m0245	m0229	50.2	5.03e-74	269
m0245	m0187	50.2	8.58e-74	268
m0245	m0002	50.2	4.26e-73	266
m0245	m0134	49.7	5.56e-73	265
m0245	m0012	46.7	7.26e-73	265
m0245	m0155	49.3	3.6e-72	263
m0245	m0231	47.3	1.05e-71	261
m0245	m0090	46.7	6.8e-71	258
m0245	m0235	48.6	7.51e-70	255
m0245	m0011	47.3	1.67e-69	254
m0245	m0149	47.3	2.86e-69	253
m0245	m0234	47.2	6.36e-69	252
m0245	m0166	43.3	2.42e-68	250
m0245	m0062	45.7	2.42e-68	250
m0245	m0243	48.7	2.42e-68	250
m0245	m0069	44.7	5.39e-68	249
m0245	m0054	45.0	2.05e-67	247
m0245	m0197	43.7	3.49e-67	246
m0245	m0043	48.6	4.56e-67	246
m0245	m0063	46.8	1.73e-66	244
m0245	m0048	46.3	2.26e-66	243
m0245	m0097	45.8	6.58e-66	242
m0245	m0033	43.8	1.62e-64	237
m0245	m0098	44.6	2.12e-64	237
m0245	m0071	45.1	1.05e-63	235
m0245	m0073	46.2	1.98e-62	230
m0245	m0070	44.0	4.42e-62	229
m0245	m0005	43.4	1.68e-61	227
m0245	m0192	42.8	2.19e-61	227
m0245	m0084	41.7	8.33e-61	225
m0245	m0174	44.6	2.42e-60	223
m0245	m0096	45.7	2.42e-60	223
m0245	m0198	42.8	2.42e-60	223
m0245	m0014	46.6	4.13e-60	223
m0245	m0093	46.0	5.4e-60	222
m0245	m0161	45.2	7.05e-60	222
m0245	m0118	41.4	7.05e-60	222
m0245	m0158	41.5	9.21e-60	221
m0245	m0133	42.7	1.57e-59	221
m0245	m0165	40.7	2.05e-59	220
m0245	m0157	44.7	2.68e-59	220
m0245	m0111	45.2	2.68e-59	220
m0245	m0206	44.6	3.5e-59	220
m0245	m0216	44.3	3.5e-59	220
m0245	m0047	43.1	4.57e-59	219
m0245	m0215	43.9	4.57e-59	219
m0245	m0182	43.9	1.33e-58	218
m0245	m0050	44.6	2.27e-58	217
m0245	m0006	44.4	6.6e-58	215
m0245	m0163	43.3	6.6e-58	215
m0245	m0238	43.3	8.62e-58	215
m0245	m0068	44.1	8.62e-58	215
m0245	m0214	43.5	3.27e-57	213
m0245	m0088	43.6	4.28e-57	213
m0245	m0178	43.6	4.28e-57	213
m0245	m0023	44.3	1.63e-56	211
m0245	m0125	42.2	1.63e-56	211
m0245	m0188	43.0	2.12e-56	210
m0245	m0244	42.2	2.77e-56	210
m0245	m0113	43.9	3.62e-56	210
m0245	m0017	39.9	3.62e-56	210
m0245	m0039	42.6	1.38e-55	208
m0245	m0066	40.3	6.83e-55	205
m0245	m0154	42.6	6.83e-55	205
m0245	m0183	43.5	1.52e-54	204
m0245	m0173	40.6	1.99e-54	204
m0245	m0094	41.3	2.59e-54	203
m0245	m0227	41.6	5.78e-54	202
m0245	m0217	44.0	7.55e-54	202
m0245	m0076	43.0	1.29e-53	201
m0245	m0237	40.7	3.75e-53	200
m0245	m0169	40.3	3.75e-53	200
m0245	m0130	41.6	1.09e-52	198
m0245	m0138	40.9	1.86e-52	197
m0245	m0051	40.8	1.21e-51	195
m0245	m0159	39.6	2.06e-51	194
m0245	m0172	40.8	1.33e-50	191
m0245	m0025	38.4	2.97e-50	190
m0245	m0205	39.1	5.06e-50	189
m0245	m0102	40.2	1.13e-49	188
m0245	m0170	40.7	1.47e-49	188
m0245	m0210	38.0	1.06e-47	181
m0245	m0162	37.9	1.06e-47	181
m0245	m0104	40.4	2.35e-47	180
m0245	m0040	36.9	3.07e-47	180
m0245	m0128	37.7	2.06e-43	167
m0245	m0202	31.4	2.52e-33	134
m0245	m0160	29.8	9.93e-30	122
m0245	m0137	30.2	2.21e-29	121
m0245	m0185	28.9	4.48e-14	70
m0245	m0228	23.1	8.44e-13	65
m0245	m0041	25.3	3.21e-12	64
m0245	m0219	28.3	6.92e-07	46
m0245	m0064	23.8	8.46e-05	39
m0245	m0016	32.3	0.000111	39
m0245	m0177	25.6	0.000144	38
m0245	m0146	25.7	0.000549	36
m0245	m0219	26.7	0.00208	34
m0245	m0026	22.7	0.00464	33
m0245	m0056	32.8	0.00792	32
m0245	m0143	23.6	0.0103	32
m0245	m0061	26.6	0.0176	31
m0245	m0218	21.6	0.0671	29
m0245	m0099	25.5	0.255	27
m0245	m0148	39.0	2.82	24
m0245	m0206	35.0	8.2	22
m0244	m0172	83.7	3.17e-215	738
m0244	m0025	83.1	8.09e-211	724
m0244	m0178	80.7	2.53e-196	676
m0244	m0154	74.6	3.42e-185	639
m0244	m0238	70.5	7.91e-174	601
m0244	m0138	63.9	2.55e-156	543
m0244	m0094	59.7	5.53e-143	498
m0244	m0174	59.5	2.1e-134	470
m0244	m0113	58.0	4.69e-134	469
m0244	m0096	54.5	5.18e-133	465
m0244	m0006	53.2	3.36e-132	463
m0244	m0023	53.1	5.73e-132	462
m0244	m0047	54.5	5.73e-132	462
m0244	m0157	53.8	1.67e-131	460
m0244	m0206	54.2	2.84e-131	460
m0244	m0161	52.0	1.41e-130	457
m0244	m0050	52.8	7.01e-130	455
m0244	m0014	52.2	5.93e-129	452
m0244	m0163	58.1	3.84e-128	449
m0244	m0188	59.3	2.49e-127	446
m0244	m0216	52.0	2.49e-127	446
m0244	m0130	58.1	1.79e-125	440
m0244	m0158	51.8	3.05e-125	439
m0244	m0093	50.7	6.79e-125	438
m0244	m0169	56.4	5.74e-124	435
m0244	m0215	53.6	3.15e-122	429
m0244	m0198	52.2	3.49e-121	426
m0244	m0039	51.5	1.32e-120	424
m0244	m0217	53.6	1.91e-119	420
m0244	m0227	51.4	4.26e-119	419
m0244	m0088	73.9	7.27e-119	418
m0244	m0076	75.2	1.57e-113	401
m0244	m0173	50.6	5.59e-103	366
m0244	m0111	48.3	4.73e-102	362
m0244	m0068	48.9	1.38e-101	361
m0244	m0183	64.7	3.39e-100	356
m0244	m0214	57.8	1.38e-93	334
m0244	m0125	47.2	3.07e-93	333
m0244	m0133	57.8	3.07e-93	333
m0244	m0205	54.6	5.24e-93	332
m0244	m0237	58.0	8.95e-93	332
m0244	m0182	45.0	2.98e-88	317
m0244	m0017	57.2	1.38e-85	308
m0244	m0123	54.0	3.9e-80	290
m0244	m0103	49.3	4.03e-77	280
m0244	m0235	53.1	2e-76	277
m0244	m0234	51.4	1.21e-73	268
m0244	m0166	50.4	2.07e-73	267
m0244	m0233	47.9	6.67e-72	262
m0244	m0230	47.7	7.37e-71	259
m0244	m0134	48.5	2.14e-70	257
m0244	m0001	47.6	3.1e-69	253
m0244	m0033	48.3	5.28e-69	253
m0244	m0229	50.0	1.54e-68	251
m0244	m0131	46.1	3.42e-68	250
m0244	m0193	47.6	5.84e-68	249
m0244	m0086	49.1	1.3e-67	248
m0244	m0197	46.8	3.2e-66	243
m0244	m0168	46.3	3.2e-66	243
m0244	m0062	45.9	4.18e-66	243
m0244	m0155	47.7	5.47e-66	243
m0244	m0231	45.5	1.22e-65	242
m0244	m0141	48.3	1.59e-65	241
m0244	m0232	42.6	2.08e-65	241
m0244	m0011	45.6	2.71e-65	240
m0244	m0069	46.7	7.89e-65	239
m0244	m0012	46.2	8.73e-64	235
m0244	m0083	45.1	4.79e-62	230
m0244	m0002	46.0	1.82e-61	228
m0244	m0097	45.7	3.1e-61	227
m0244	m0192	44.0	3.1e-61	227
m0244	m0045	44.1	2.63e-60	224
m0244	m0124	43.5	2.63e-60	224
m0244	m0187	45.5	4.48e-60	223
m0244	m0054	41.1	3.79e-59	220
m0244	m0070	41.7	2.46e-58	217
m0244	m0048	40.6	1.22e-57	215
m0244	m0063	42.2	3.01e-56	210
m0244	m0043	44.1	5.13e-56	210
m0244	m0118	41.7	5.13e-56	210
m0244	m0149	41.2	8.75e-56	209
m0244	m0084	41.5	1.49e-55	208
m0244	m0073	39.4	2.54e-55	207
m0244	m0098	39.7	6.27e-54	203
m0244	m0109	42.1	1.82e-53	201
m0244	m0101	40.4	4.49e-52	196
m0244	m0090	40.1	3.8e-51	193
m0244	m0144	40.7	4.97e-51	193
m0244	m0175	40.7	9.37e-50	189
m0244	m0066	39.9	3.56e-49	187
m0244	m0120	39.4	6.07e-49	186
m0244	m0167	40.6	7.93e-49	186
m0244	m0162	37.9	8.77e-48	182
m0244	m0191	38.5	8.77e-48	182
m0244	m0184	40.0	1.5e-47	181
m0244	m0079	41.3	3.33e-47	180
m0244	m0077	38.7	1.27e-46	178
m0244	m0040	38.7	1.27e-46	178
m0244	m0102	37.8	1.83e-45	174
m0244	m0031	39.9	1.83e-45	174
m0244	m0194	37.8	1.55e-44	171
m0244	m0065	39.1	1.31e-43	168
m0244	m0104	37.0	1.31e-43	168
m0244	m0210	36.0	1.71e-43	168
m0244	m0051	36.2	2.23e-43	168
m0244	m0036	37.8	2.23e-43	168
m0244	m0067	38.7	8.49e-43	166
m0244	m0176	37.3	1.11e-42	165
m0244	m0074	35.6	1.89e-42	164
m0244	m0159	35.9	1.23e-41	162
m0244	m0170	34.5	2.73e-41	161
m0244	m0128	34.7	4.66e-41	160
m0244	m0071	36.7	6.73e-40	156
m0244	m0028	35.3	6.73e-40	156
m0244	m0095	36.1	2.56e-39	154
m0244	m0037	34.8	7.44e-39	153
m0244	m0243	33.7	2.83e-38	151
m0244	m0165	33.5	1.36e-32	132
m0244	m0005	32.5	1.41e-29	122
m0244	m0160	32.2	3.58e-25	107
m0244	m0202	28.9	5.17e-24	103
m0244	m0137	29.7	1.51e-23	102
m0244	m0041	28.0	8e-17	79
m0244	m0228	30.6	1.36e-16	79
m0244	m0185	27.7	1.36e-16	79
m0244	m0064	25.0	1.91e-10	58
m0244	m0122	19.9	4.4e-07	47
m0244	m0219	26.5	0.00173	35
m0244	m0016	22.8	0.00658	33
m0244	m0177	27.9	0.0191	32
m0244	m0015	29.9	0.0557	30
m0244	m0087	29.0	0.124	29
m0244	m0186	28.2	1.05	26
m0244	m0019	21.9	1.37	25
m0244	m0196	28.7	1.37	25
m0244	m0099	28.3	1.79	25
m0244	m0007	24.0	2.34	25
m0243	m0109	46.1	8.22e-69	252
m0243	m0120	46.4	4.51e-67	246
m0243	m0101	47.3	2.74e-64	236
m0243	m0168	46.1	4.67e-64	236
m0243	m0131	43.6	5.16e-63	232
m0243	m0187	47.0	6.74e-63	232
m0243	m0001	41.9	8.81e-63	231
m0243	m0086	44.4	2.56e-62	230
m0243	m0233	40.8	2.56e-62	230
m0243	m0232	42.9	4.37e-62	229
m0243	m0011	43.3	9.74e-62	228
m0243	m0141	44.7	3.7e-61	226
m0243	m0045	44.8	4.83e-61	226
m0243	m0230	40.6	6.31e-61	225
m0243	m0123	45.4	8.24e-61	225
m0243	m0124	44.3	8.24e-61	225
m0243	m0191	42.3	1.08e-60	225
m0243	m0193	43.2	1.41e-60	224
m0243	m0166	40.6	2.4e-60	223
m0243	m0234	41.0	3.13e-60	223
m0243	m0012	41.4	1.19e-59	221
m0243	m0103	43.7	2.03e-59	220
m0243	m0054	42.3	2.65e-59	220
m0243	m0229	44.6	2.65e-59	220
m0243	m0062	43.0	2.65e-59	220
m0243	m0083	41.7	4.52e-59	219
m0243	m0144	44.3	5.91e-59	219
m0243	m0002	44.1	1.32e-58	218
m0243	m0134	44.3	1.72e-58	217
m0243	m0231	43.9	2.93e-58	216
m0243	m0149	42.1	6.53e-58	215
m0243	m0077	41.8	1.46e-57	214
m0243	m0235	41.8	7.22e-57	212
m0243	m0090	41.4	1.23e-56	211
m0243	m0098	42.1	4.68e-56	209
m0243	m0031	40.4	1.04e-55	208
m0243	m0155	43.4	5.18e-55	206
m0243	m0184	40.7	1.97e-54	204
m0243	m0192	42.5	2.57e-54	203
m0243	m0067	38.7	1.66e-53	201
m0243	m0036	39.8	1.66e-53	201
m0243	m0175	38.1	2.17e-53	200
m0243	m0194	37.9	4.84e-53	199
m0243	m0118	36.9	6.33e-53	199
m0243	m0197	38.5	1.41e-52	198
m0243	m0070	41.6	2.4e-52	197
m0243	m0084	39.7	2.4e-52	197
m0243	m0033	41.0	3.14e-52	196
m0243	m0079	34.9	3.14e-52	196
m0243	m0069	41.2	6.99e-52	195
m0243	m0159	43.1	9.14e-52	195
m0243	m0167	39.0	1.19e-51	195
m0243	m0043	40.0	2.66e-51	193
m0243	m0037	40.1	3.47e-51	193
m0243	m0074	37.8	4.53e-51	193
m0243	m0095	39.5	1.01e-50	191
m0243	m0048	40.6	5.01e-50	189
m0243	m0073	40.2	6.55e-50	189
m0243	m0005	39.4	1.12e-49	188
m0243	m0065	36.7	5.54e-49	186
m0243	m0063	36.7	7.24e-49	185
m0243	m0176	36.7	1.23e-48	184
m0243	m0102	39.5	3.59e-48	183
m0243	m0066	38.0	1.37e-47	181
m0243	m0173	38.2	2.33e-47	180
m0243	m0071	36.8	5.19e-47	179
m0243	m0214	36.3	5.19e-47	179
m0243	m0068	36.6	5.19e-47	179
m0243	m0097	37.5	8.85e-47	178
m0243	m0128	40.1	1.97e-46	177
m0243	m0104	37.6	4.39e-46	176
m0243	m0040	37.0	7.49e-46	175
m0243	m0006	38.1	7.49e-46	175
m0243	m0028	33.7	7.49e-46	175
m0243	m0210	38.0	9.78e-46	175
m0243	m0161	39.1	1.28e-45	174
m0243	m0182	36.0	2.18e-45	174
m0243	m0014	39.2	2.18e-45	174
m0243	m0198	37.0	2.18e-45	174
m0243	m0039	38.7	8.28e-45	172
m0243	m0227	39.9	1.08e-44	171
m0243	m0162	34.1	1.08e-44	171
m0243	m0096	36.7	1.41e-44	171
m0243	m0215	37.7	2.41e-44	170
m0243	m0217	39.5	2.41e-44	170
m0243	m0206	37.5	2.41e-44	170
m0243	m0158	37.5	2.41e-44	170
m0243	m0237	39.3	7.01e-44	169
m0243	m0076	39.0	9.16e-44	168
m0243	m0093	37.8	9.16e-44	168
m0243	m0157	36.3	1.2e-43	168
m0243	m0174	37.0	1.2e-43	168
m0243	m0051	35.9	1.56e-43	168
m0243	m0163	36.6	1.56e-43	168
m0243	m0125	35.9	1.56e-43	168
m0243	m0169	36.5	2.66e-43	167
m0243	m0017	34.7	2.66e-43	167
m0243	m0216	36.7	3.48e-43	166
m0243	m0047	36.0	4.54e-43	166
m0243	m0111	36.8	4.54e-43	166
m0243	m0130	36.5	4.54e-43	166
m0243	m0188	36.6	5.94e-43	166
m0243	m0170	37.4	1.01e-42	165
m0243	m0050	36.7	1.32e-42	164
m0243	m0138	34.4	5.02e-42	163
m0243	m0133	33.8	6.56e-42	162
m0243	m0023	36.6	8.57e-42	162
m0243	m0154	37.0	1.12e-41	161
m0243	m0238	36.9	5.56e-41	159
m0243	m0183	37.8	5.56e-41	159
m0243	m0094	37.0	7.26e-41	159
m0243	m0178	37.0	2.76e-40	157
m0243	m0165	33.6	8.02e-40	155
m0243	m0113	35.6	8.02e-40	155
m0243	m0088	33.4	3.98e-39	153
m0243	m0205	35.8	1.57e-35	141
m0243	m0172	31.5	4.55e-35	139
m0243	m0025	30.0	1.01e-34	138
m0243	m0160	28.9	3.86e-26	110
m0243	m0137	26.8	8.06e-24	102
m0243	m0202	26.0	1.29e-21	95
m0243	m0185	27.2	3.28e-17	80
m0243	m0228	23.6	1.29e-13	68
m0243	m0041	27.4	1.29e-13	68
m0243	m0122	25.9	7.82e-11	59
m0243	m0219	31.5	3.63e-08	50
m0243	m0064	24.1	4.75e-08	50
m0243	m0016	27.4	2.6e-06	44
m0243	m0218	23.7	0.000709	36
m0243	m0219	26.4	0.0664	29
m0243	m0146	26.4	2.14	24
m0243	m0199	45.0	2.14	24
m0242	m0135	47.6	2.01e-73	267
m0242	m0171	45.0	1.26e-67	248
m0242	m0221	45.7	3.1e-66	243
m0242	m0105	39.1	2.09e-54	204
m0242	m0220	36.0	3.81e-48	183
m0242	m0207	32.8	1.04e-45	175
m0242	m0058	34.8	4.67e-38	149
m0242	m0190	33.2	4.83e-35	139
m0242	m0019	34.2	6.31e-35	139
m0242	m0110	31.7	4.09e-34	136
m0242	m0046	33.8	1.19e-33	135
m0242	m0029	31.5	5.91e-33	132
m0242	m0179	32.0	1.32e-32	131
m0242	m0087	34.0	1.32e-32	131
m0242	m0085	29.4	3.83e-32	130
m0242	m0106	32.4	1.61e-30	124
m0242	m0009	31.9	1.36e-29	121
m0242	m0151	32.2	2.57e-28	117
m0242	m0222	32.6	5.72e-28	116
m0242	m0049	31.1	1.84e-26	111
m0242	m0209	28.4	9.14e-26	109
m0242	m0112	29.7	2.66e-25	107
m0242	m0226	31.3	2.49e-23	101
m0242	m0186	29.2	7.24e-23	99
m0242	m0164	29.0	3.04e-21	94
m0242	m0082	28.4	1.28e-19	88
m0242	m0005	31.8	0.268	27
m0242	m0124	26.5	0.457	27
m0242	m0193	44.8	1.33	25
m0241	m0116	27.2	1.25e-20	92
m0241	m0143	24.6	5.79e-18	84
m0241	m0026	26.2	6.2e-12	64
m0241	m0146	23.3	5.25e-11	60
m0241	m0026	33.9	1.75e-06	45
m0241	m0143	35.0	0.00403	34
m0241	m0076	28.1	0.0117	33
m0241	m0088	24.7	0.02	32
m0241	m0074	24.4	0.0261	32
m0241	m0237	23.0	0.0445	31
m0241	m0050	26.7	0.0445	31
m0241	m0146	34.8	0.0992	30
m0241	m0136	34.5	0.221	28
m0241	m0177	25.0	0.221	28
m0241	m0075	30.4	0.289	28
m0241	m0121	24.6	0.289	28
m0241	m0238	23.3	0.289	28
m0241	m0039	25.3	0.493	27
m0241	m0230	36.1	0.84	27
m0241	m0172	24.8	1.1	26
m0241	m0173	25.3	1.87	25
m0241	m0236	38.1	3.19	25
m0241	m0233	31.7	5.45	24
m0241	m0069	23.4	9.29	23
m0241	m0064	30.4	9.29	23
m0240	m0115	39.7	8.25e-74	269
m0240	m0008	34.9	2.48e-70	257
m0240	m0027	28.7	4.56e-48	183
m0240	m0150	38.6	5.22e-44	170
m0240	m0059	35.8	4.88e-42	163
m0240	m0189	28.0	1.86e-41	161
m0240	m0139	30.4	9.86e-35	139
m0240	m0200	30.9	2.27e-31	128
m0240	m0145	32.3	1.09e-25	109
m0240	m0018	30.8	7.08e-25	106
m0240	m0224	34.0	3.52e-24	104
m0240	m0150	30.7	4.61e-08	50
m0240	m0224	24.6	0.000139	39
m0240	m0200	28.0	0.000181	39
m0240	m0059	37.5	0.000237	38
m0240	m0145	40.9	0.000404	37
m0240	m0018	42.1	0.00342	34
m0240	m0153	27.8	0.32	28
m0240	m0185	33.3	0.418	27
m0240	m0049	28.2	1.59	25
m0240	m0142	40.9	2.71	25
m0240	m0113	24.5	7.89	23
m0239	m0199	43.1	5e-99	352
m0239	m0213	26.1	0.00877	33
m0239	m0028	29.5	0.0435	30
m0239	m0007	30.5	0.0569	30
m0239	m0022	33.3	0.0569	30
m0239	m0060	28.1	0.165	28
m0239	m0061	40.6	0.481	27
m0239	m0205	52.4	1.07	26
m0239	m0007	30.4	1.83	25
m0239	m0159	27.7	2.39	25
m0239	m0113	61.5	2.39	25
m0239	m0142	42.9	3.12	24
m0239	m0155	61.5	3.12	24
m0239	m0098	61.5	3.12	24
m0239	m0141	61.5	3.12	24
m0239	m0232	27.8	3.12	24
m0239	m0178	61.5	3.12	24
m0239	m0037	43.3	4.07	24
m0239	m0083	28.6	5.32	23
m0239	m0215	61.5	5.32	23
m0239	m0050	61.5	5.32	23
m0239	m0096	61.5	5.32	23
m0239	m0202	25.0	5.32	23
m0239	m0183	61.5	5.32	23
m0239	m0111	61.5	5.32	23
m0239	m0157	61.5	5.32	23
m0239	m0216	61.5	6.95	23
m0239	m0227	66.7	6.95	23
m0239	m0014	61.5	6.95	23
m0239	m0023	61.5	6.95	23
m0239	m0094	61.5	6.95	23
m0239	m0093	61.5	6.95	23
m0239	m0206	61.5	6.95	23
m0239	m0161	61.5	6.95	23
m0239	m0047	61.5	6.95	23
m0239	m0039	23.5	9.08	23
m0239	m0217	66.7	9.08	23
m0238	m0154	70.0	1.13e-172	597
m0238	m0178	71.3	4.75e-171	592
m0238	m0172	68.0	1.34e-165	574
m0238	m0025	66.6	1.93e-164	570
m0238	m0138	64.9	1.53e-161	560
m0238	m0113	61.3	4.78e-147	512
m0238	m0094	60.6	1.44e-143	500
m0238	m0023	56.9	3.32e-140	489
m0238	m0047	57.5	1.4e-138	484
m0238	m0163	64.5	5.3e-138	482
m0238	m0206	58.1	9.04e-138	481
m0238	m0174	64.4	9.04e-138	481
m0238	m0006	56.8	1.18e-137	481
m0238	m0157	57.1	5.86e-137	478
m0238	m0096	56.6	1e-136	478
m0238	m0050	56.0	1.31e-136	477
m0238	m0216	56.5	1.6e-134	470
m0238	m0093	55.6	2.72e-134	470
m0238	m0161	55.6	3.01e-133	466
m0238	m0169	61.6	3.68e-131	459
m0238	m0215	58.5	5.31e-130	455
m0238	m0130	61.2	1.71e-128	450
m0238	m0198	53.6	3.81e-128	449
m0238	m0039	55.2	1.11e-127	448
m0238	m0217	57.1	1.45e-127	447
m0238	m0158	52.2	1.89e-127	447
m0238	m0227	55.5	1.23e-126	444
m0238	m0188	76.1	3.02e-125	439
m0238	m0088	74.7	5.69e-124	435
m0238	m0076	77.2	2.74e-118	416
m0238	m0014	52.3	6.09e-118	415
m0238	m0111	55.2	2.03e-113	400
m0238	m0183	68.0	8.82e-109	385
m0238	m0173	53.1	2.57e-108	383
m0238	m0068	51.3	4.24e-103	366
m0238	m0125	50.6	1.36e-101	361
m0238	m0237	65.1	1.97e-100	357
m0238	m0133	63.9	5.73e-100	356
m0238	m0214	62.4	1.67e-99	354
m0238	m0017	62.6	2.25e-96	344
m0238	m0205	58.6	9.47e-95	338
m0238	m0182	53.4	8.01e-94	335
m0238	m0123	57.1	1.37e-85	308
m0238	m0103	54.3	2.67e-81	294
m0238	m0233	51.2	1.05e-77	282
m0238	m0234	51.4	1.79e-77	281
m0238	m0230	51.0	5.22e-77	279
m0238	m0166	52.9	6.82e-77	279
m0238	m0235	51.4	4.42e-76	276
m0238	m0229	56.5	3.74e-75	273
m0238	m0131	48.2	1.09e-74	272
m0238	m0001	50.7	4.14e-74	270
m0238	m0193	49.8	4.57e-73	266
m0238	m0168	49.5	2.96e-72	263
m0238	m0062	48.7	8.62e-72	262
m0238	m0155	49.3	1.13e-71	262
m0238	m0134	52.8	1.92e-71	261
m0238	m0011	52.0	1.63e-70	258
m0238	m0232	48.1	3.62e-70	257
m0238	m0231	48.3	4.73e-70	256
m0238	m0141	53.1	6.18e-70	256
m0238	m0086	50.9	1.38e-69	255
m0238	m0033	50.4	5.23e-69	253
m0238	m0097	50.9	3.39e-68	250
m0238	m0192	49.0	2.2e-67	247
m0238	m0002	50.4	2.87e-67	247
m0238	m0197	48.0	1.86e-66	244
m0238	m0045	49.7	1.86e-66	244
m0238	m0069	46.5	2.43e-66	244
m0238	m0012	49.8	3.17e-66	243
m0238	m0187	49.8	3.51e-65	240
m0238	m0083	47.3	8.64e-64	235
m0238	m0070	45.9	3.28e-63	233
m0238	m0054	45.6	9.56e-63	232
m0238	m0124	48.1	9.56e-63	232
m0238	m0043	48.4	3.63e-62	230
m0238	m0048	43.1	3.07e-61	227
m0238	m0063	45.5	5.24e-61	226
m0238	m0149	43.7	1.17e-60	225
m0238	m0084	43.1	2.6e-60	224
m0238	m0098	44.2	2.2e-59	221
m0238	m0073	42.5	2.2e-59	221
m0238	m0109	45.9	8.37e-59	219
m0238	m0118	41.0	1.34e-56	211
m0238	m0090	44.4	8.66e-56	209
m0238	m0144	42.2	1.13e-55	208
m0238	m0120	43.3	1.63e-54	205
m0238	m0066	42.5	2.36e-53	201
m0238	m0102	40.2	7.59e-52	196
m0238	m0101	39.5	9.91e-52	195
m0238	m0031	42.2	1.75e-48	184
m0238	m0040	37.9	5.09e-48	183
m0238	m0191	40.1	6.65e-48	183
m0238	m0065	40.1	8.68e-48	182
m0238	m0074	39.5	1.13e-47	182
m0238	m0036	38.9	1.93e-47	181
m0238	m0175	39.6	5.63e-47	179
m0238	m0104	39.0	2.14e-46	178
m0238	m0210	39.7	3.65e-46	177
m0238	m0162	37.1	3.65e-46	177
m0238	m0077	40.2	2.36e-45	174
m0238	m0167	38.4	3.09e-45	174
m0238	m0176	38.1	4.03e-45	173
m0238	m0184	39.9	8.99e-45	172
m0238	m0079	37.8	4.46e-44	170
m0238	m0037	39.2	9.93e-44	169
m0238	m0194	37.4	1.69e-43	168
m0238	m0159	36.3	4.93e-43	166
m0238	m0051	35.6	6.44e-43	166
m0238	m0128	36.1	1.1e-42	165
m0238	m0170	34.1	2.45e-42	164
m0238	m0067	37.8	4.17e-42	163
m0238	m0095	39.7	2.07e-41	161
m0238	m0028	35.8	1.34e-40	158
m0238	m0071	36.6	3.91e-40	157
m0238	m0165	34.3	3.54e-33	134
m0238	m0005	34.8	1.03e-32	132
m0238	m0160	33.4	8.45e-27	112
m0238	m0137	30.7	3.21e-26	111
m0238	m0202	26.2	1.07e-21	96
m0238	m0185	28.9	7.17e-18	83
m0238	m0041	27.7	3.33e-15	74
m0238	m0228	27.7	4.98e-11	60
m0238	m0064	28.9	7.19e-10	56
m0238	m0122	21.6	1.04e-08	52
m0238	m0219	28.3	0.00499	33
m0238	m0016	23.4	0.00851	33
m0238	m0177	28.2	0.00851	33
m0238	m0026	23.5	0.0111	32
m0238	m0219	24.1	0.0248	31
m0238	m0099	24.0	0.0422	30
m0238	m0061	26.6	0.123	29
m0238	m0177	25.0	0.16	28
m0238	m0056	38.3	0.357	27
m0238	m0220	36.7	0.796	26
m0238	m0099	37.1	1.77	25
m0238	m0060	20.5	2.32	25
m0238	m0007	22.4	3.03	24
m0238	m0196	27.7	5.16	23
m0238	m0199	50.0	8.8	23
m0237	m0173	65.6	4.59e-119	419
m0237	m0068	69.5	4.75e-116	409
m0237	m0039	64.2	7.1e-112	395
m0237	m0076	72.6	2.7e-111	393
m0237	m0214	62.8	6.01e-111	392
m0237	m0217	67.8	6.01e-111	392
m0237	m0227	62.3	1.02e-110	391
m0237	m0094	62.7	3.64e-108	382
m0237	m0163	59.3	1.69e-105	374
m0237	m0088	58.3	9.29e-104	368
m0237	m0206	57.5	1.34e-102	364
m0237	m0006	58.2	2.29e-102	363
m0237	m0111	55.4	1.94e-101	360
m0237	m0154	57.5	2.53e-101	360
m0237	m0174	57.9	3.3e-101	359
m0237	m0014	56.7	4.31e-101	359
m0237	m0216	56.6	9.61e-101	358
m0237	m0130	61.3	1.26e-100	357
m0237	m0138	58.0	1.26e-100	357
m0237	m0157	55.8	3.65e-100	356
m0237	m0161	56.1	3.65e-100	356
m0237	m0050	55.3	1.06e-99	354
m0237	m0169	57.9	3.09e-99	353
m0237	m0096	55.5	5.27e-99	352
m0237	m0023	57.3	9e-99	351
m0237	m0178	63.3	3.42e-98	349
m0237	m0183	62.2	2.22e-97	347
m0237	m0113	61.5	4.94e-97	346
m0237	m0172	55.6	3e-94	336
m0237	m0215	54.7	8.71e-94	335
m0237	m0093	53.5	2.15e-92	330
m0237	m0188	51.9	7.63e-90	322
m0237	m0025	52.7	1.88e-88	317
m0237	m0182	50.4	7.9e-87	312
m0237	m0158	49.8	5.66e-85	305
m0237	m0125	53.2	1.26e-84	304
m0237	m0017	54.2	6.26e-84	302
m0237	m0205	51.0	6.92e-83	299
m0237	m0198	51.4	3.43e-82	296
m0237	m0133	52.3	1.6e-79	287
m0237	m0123	54.4	1.07e-75	275
m0237	m0103	52.5	1.11e-72	265
m0237	m0234	49.2	5.5e-72	262
m0237	m0155	48.9	1.35e-70	258
m0237	m0131	48.7	3.94e-70	256
m0237	m0235	49.0	8.77e-70	255
m0237	m0097	50.6	1.5e-69	254
m0237	m0069	48.2	7.43e-69	252
m0237	m0230	45.3	1.27e-68	251
m0237	m0233	48.4	8.21e-68	248
m0237	m0001	47.6	1.83e-67	247
m0237	m0193	43.5	9.08e-67	245
m0237	m0011	47.6	9.08e-67	245
m0237	m0086	46.6	1.19e-66	245
m0237	m0134	45.3	2.02e-66	244
m0237	m0141	49.2	3.45e-66	243
m0237	m0197	46.1	4.51e-66	243
m0237	m0229	49.4	5.89e-66	242
m0237	m0166	45.3	2.92e-65	240
m0237	m0192	47.9	3.82e-65	240
m0237	m0098	45.2	1.89e-64	237
m0237	m0231	43.4	2.47e-64	237
m0237	m0070	46.9	1.23e-63	235
m0237	m0168	46.5	1.23e-63	235
m0237	m0232	41.4	3.57e-63	233
m0237	m0048	47.3	1.04e-62	231
m0237	m0045	45.3	1.36e-62	231
m0237	m0073	43.1	1.96e-61	227
m0237	m0033	43.9	3.34e-61	226
m0237	m0012	43.9	5.7e-61	226
m0237	m0062	41.1	9.72e-61	225
m0237	m0187	46.2	1.4e-59	221
m0237	m0002	46.4	1.83e-59	221
m0237	m0083	42.9	2.4e-59	220
m0237	m0109	45.1	1.72e-57	214
m0237	m0149	44.8	1.45e-56	211
m0237	m0124	41.4	4.23e-56	210
m0237	m0054	42.9	1.61e-55	208
m0237	m0084	42.8	3.58e-55	206
m0237	m0120	42.9	1.96e-53	201
m0237	m0090	42.6	7.46e-53	199
m0237	m0043	43.3	2.84e-52	197
m0237	m0065	39.8	3.14e-51	193
m0237	m0118	42.2	4.1e-51	193
m0237	m0063	42.5	5.35e-51	193
m0237	m0144	36.9	5.35e-51	193
m0237	m0066	43.2	6.99e-51	192
m0237	m0101	41.8	1.72e-49	188
m0237	m0036	37.8	1.04e-46	178
m0237	m0040	38.6	3.04e-46	177
m0237	m0184	38.8	3.04e-46	177
m0237	m0031	39.9	3.97e-46	176
m0237	m0104	41.8	8.84e-46	175
m0237	m0037	40.7	8.84e-46	175
m0237	m0210	39.1	9.77e-45	172
m0237	m0175	35.8	1.28e-44	171
m0237	m0194	36.9	1.67e-44	171
m0237	m0074	39.9	2.18e-44	171
m0237	m0051	37.9	2.18e-44	171
m0237	m0159	37.7	3.71e-44	170
m0237	m0162	37.4	1.41e-43	168
m0237	m0102	35.8	1.41e-43	168
m0237	m0067	36.4	1.84e-43	168
m0237	m0191	39.0	1.84e-43	168
m0237	m0176	37.1	1.84e-43	168
m0237	m0170	36.4	3.14e-43	167
m0237	m0167	36.1	4.1e-43	166
m0237	m0077	38.7	2.04e-42	164
m0237	m0095	35.3	1.72e-41	161
m0237	m0079	35.1	2.94e-41	160
m0237	m0071	37.9	2.94e-41	160
m0237	m0128	36.4	4.7e-39	153
m0237	m0028	36.8	1.37e-38	151
m0237	m0005	32.7	2.67e-34	137
m0237	m0165	31.2	2.95e-33	134
m0237	m0137	30.0	3.27e-24	104
m0237	m0160	29.4	5.77e-21	93
m0237	m0202	27.3	3.74e-20	90
m0237	m0047	26.9	9.21e-19	86
m0237	m0185	29.1	9.53e-16	75
m0237	m0041	28.2	1.24e-15	75
m0237	m0228	27.8	2.59e-13	67
m0237	m0064	29.4	5.98e-10	56
m0237	m0122	21.4	4.01e-06	44
m0237	m0143	23.4	1.17e-05	42
m0237	m0026	25.3	0.00186	35
m0237	m0177	26.1	0.00415	33
m0237	m0188	28.9	0.00542	33
m0237	m0213	25.6	0.0121	32
m0237	m0219	24.5	0.0206	31
m0237	m0163	25.4	0.0459	30
m0237	m0129	29.6	0.0783	29
m0237	m0119	40.0	0.102	29
m0237	m0060	23.0	0.134	28
m0237	m0161	22.9	0.228	28
m0237	m0148	26.1	0.389	27
m0237	m0096	22.2	0.508	27
m0237	m0189	28.8	0.508	27
m0237	m0016	22.8	0.866	26
m0237	m0099	28.3	1.13	25
m0237	m0114	38.7	1.48	25
m0237	m0007	39.1	3.29	24
m0237	m0170	44.0	7.33	23
m0237	m0051	40.0	9.57	22
m0236	m0075	72.4	3.94e-170	589
m0236	m0034	49.0	3.63e-115	406
m0236	m0004	46.3	1.13e-108	384
m0236	m0156	45.7	7.32e-108	382
m0236	m0127	46.0	1.87e-103	367
m0236	m0042	42.8	2.53e-92	330
m0236	m0091	40.2	5.27e-90	322
m0236	m0209	31.5	0.0414	30
m0236	m0097	38.3	0.0706	30
m0236	m0119	28.9	0.0706	30
m0236	m0133	26.9	0.458	27
m0236	m0145	34.2	2.27	25
m0236	m0226	31.2	2.27	25
m0236	m0202	43.2	2.27	25
m0236	m0107	48.6	3.88	24
m0236	m0234	36.0	6.61	23
m0235	m0234	75.8	8.01e-125	438
m0235	m0103	70.4	2.11e-117	413
m0235	m0123	69.5	3.99e-108	382
m0235	m0131	65.8	4.88e-106	375
m0235	m0001	62.5	1.09e-105	374
m0235	m0193	62.2	5.4e-105	372
m0235	m0233	66.1	1.2e-104	371
m0235	m0230	65.1	2.27e-103	366
m0235	m0168	63.4	2.27e-103	366
m0235	m0229	67.3	5.59e-102	362
m0235	m0134	61.5	3.62e-101	359
m0235	m0054	61.1	2.87e-98	349
m0235	m0187	64.6	1.86e-97	347
m0235	m0062	58.3	4.14e-97	346
m0235	m0011	62.2	1.21e-96	344
m0235	m0083	57.5	1.74e-95	340
m0235	m0141	62.1	2.78e-93	333
m0235	m0045	58.4	2.78e-93	333
m0235	m0232	58.0	8.08e-93	331
m0235	m0002	63.2	2.35e-92	330
m0235	m0166	57.9	3.07e-92	329
m0235	m0033	60.3	1.17e-91	327
m0235	m0012	59.9	3.4e-91	326
m0235	m0155	58.1	1.69e-90	324
m0235	m0124	57.5	1.43e-89	320
m0235	m0069	53.4	3.89e-87	312
m0235	m0043	59.0	8.66e-87	311
m0235	m0197	53.5	1.93e-86	310
m0235	m0086	55.0	2.13e-85	307
m0235	m0118	54.2	2e-83	300
m0235	m0149	51.9	2e-83	300
m0235	m0063	55.4	4.45e-83	299
m0235	m0109	55.3	2.21e-82	297
m0235	m0120	53.8	5.44e-81	292
m0235	m0084	51.4	2.7e-80	290
m0235	m0090	52.7	1.34e-79	287
m0235	m0048	51.7	2.98e-79	286
m0235	m0097	51.3	6.64e-79	285
m0235	m0070	52.1	8.68e-79	285
m0235	m0133	53.3	1.48e-78	284
m0235	m0188	51.6	1.93e-78	283
m0235	m0174	53.6	1.25e-77	281
m0235	m0088	51.4	2.14e-77	280
m0235	m0154	51.2	4.76e-77	279
m0235	m0130	53.2	6.22e-77	278
m0235	m0163	51.4	1.06e-76	278
m0235	m0025	50.9	1.39e-76	277
m0235	m0138	50.7	2.36e-76	277
m0235	m0125	51.9	3.09e-76	276
m0235	m0169	52.4	4.03e-76	276
m0235	m0182	54.3	2.61e-75	273
m0235	m0096	51.9	2.61e-75	273
m0235	m0051	50.5	2.61e-75	273
m0235	m0162	52.4	4.46e-75	272
m0235	m0076	55.8	4.46e-75	272
m0235	m0017	52.4	4.46e-75	272
m0235	m0231	49.8	5.82e-75	272
m0235	m0172	50.2	5.82e-75	272
m0235	m0178	52.7	9.93e-75	271
m0235	m0192	48.0	1.3e-74	271
m0235	m0104	53.1	2.21e-74	270
m0235	m0073	45.8	2.89e-74	270
m0235	m0093	50.0	3.77e-74	269
m0235	m0206	51.2	4.93e-74	269
m0235	m0050	50.3	4.93e-74	269
m0235	m0040	51.5	4.93e-74	269
m0235	m0006	50.5	8.4e-74	268
m0235	m0183	53.8	1.43e-73	267
m0235	m0216	51.9	1.87e-73	267
m0235	m0157	50.9	3.19e-73	266
m0235	m0047	50.2	7.12e-73	265
m0235	m0158	51.0	9.29e-73	265
m0235	m0170	49.0	1.59e-72	264
m0235	m0111	50.7	2.07e-72	263
m0235	m0098	46.9	2.7e-72	263
m0235	m0113	52.8	3.53e-72	263
m0235	m0014	48.7	4.61e-72	262
m0235	m0215	50.2	4.61e-72	262
m0235	m0161	48.8	1.34e-71	261
m0235	m0214	52.9	2.29e-71	260
m0235	m0094	50.7	2.99e-71	260
m0235	m0191	51.8	5.1e-71	259
m0235	m0031	50.2	1.94e-70	257
m0235	m0173	48.5	3.31e-70	256
m0235	m0036	47.7	3.31e-70	256
m0235	m0023	49.3	1.26e-69	254
m0235	m0068	49.0	2.8e-69	253
m0235	m0198	49.6	4.77e-69	252
m0235	m0101	50.8	6.23e-69	252
m0235	m0074	47.4	1.06e-68	251
m0235	m0066	46.1	2.37e-68	250
m0235	m0079	48.1	1.18e-67	248
m0235	m0227	52.3	2.01e-67	247
m0235	m0175	46.7	4.47e-67	246
m0235	m0039	53.4	7.62e-67	245
m0235	m0144	46.7	1.1e-65	241
m0235	m0217	54.1	4.18e-65	239
m0235	m0184	45.7	4.18e-65	239
m0235	m0067	44.3	7.13e-65	238
m0235	m0205	47.8	3.54e-64	236
m0235	m0077	47.2	6.04e-64	235
m0235	m0167	44.9	1.76e-63	234
m0235	m0065	44.1	1.49e-62	231
m0235	m0102	44.5	1.94e-62	230
m0235	m0128	47.4	3.31e-62	230
m0235	m0095	43.8	4.33e-62	229
m0235	m0194	43.7	4.33e-62	229
m0235	m0176	44.2	9.64e-62	228
m0235	m0159	46.6	3.66e-61	226
m0235	m0210	43.1	3.1e-60	223
m0235	m0071	43.7	5.29e-60	222
m0235	m0037	41.0	1.3e-58	218
m0235	m0028	42.7	2.3e-55	207
m0235	m0165	40.8	1.54e-51	194
m0235	m0005	35.8	3.81e-42	163
m0235	m0137	30.6	2.17e-29	121
m0235	m0160	30.9	2.65e-27	114
m0235	m0202	26.8	1.08e-20	92
m0235	m0185	27.5	2.49e-17	80
m0235	m0041	27.9	2.1e-16	77
m0235	m0228	25.7	3.04e-15	74
m0235	m0122	22.4	7.48e-14	69
m0235	m0064	26.9	5.93e-11	59
m0235	m0219	25.8	7.5e-06	42
m0235	m0016	25.6	3.72e-05	40
m0235	m0099	25.8	0.000241	37
m0235	m0218	29.0	0.000538	36
m0235	m0056	37.5	0.000702	36
m0235	m0148	26.6	0.00776	32
m0235	m0055	24.5	0.0503	30
m0235	m0196	29.9	0.0657	29
m0235	m0177	27.5	0.0858	29
m0235	m0181	26.7	0.191	28
m0235	m0121	25.3	0.191	28
m0235	m0060	23.2	0.326	27
m0235	m0177	22.7	0.727	26
m0235	m0153	22.5	0.727	26
m0235	m0080	29.3	2.11	24
m0235	m0007	37.0	2.11	24
m0235	m0212	26.6	2.76	24
m0235	m0135	25.7	3.61	23
m0235	m0099	27.0	6.15	23
m0234	m0103	70.2	4.79e-117	412
m0234	m0123	69.6	1.35e-111	394
m0234	m0131	64.3	4.8e-109	385
m0234	m0168	64.6	6.93e-108	381
m0234	m0193	65.1	1.18e-107	381
m0234	m0233	66.5	4.49e-107	379
m0234	m0230	65.1	8.47e-106	374
m0234	m0001	63.2	4.2e-105	372
m0234	m0062	60.7	1.4e-100	357
m0234	m0134	60.3	4.07e-100	356
m0234	m0229	65.9	7.68e-99	351
m0234	m0011	60.2	9.39e-97	344
m0234	m0012	60.1	3.02e-95	339
m0234	m0054	60.0	3.02e-95	339
m0234	m0002	65.1	5.15e-95	339
m0234	m0141	63.0	8.79e-95	338
m0234	m0166	60.6	4.36e-94	335
m0234	m0124	59.6	9.71e-94	334
m0234	m0232	57.2	6.96e-92	328
m0234	m0187	62.6	2.65e-91	326
m0234	m0155	55.2	3.45e-91	326
m0234	m0045	55.4	4.67e-88	315
m0234	m0069	55.8	7.96e-88	315
m0234	m0083	52.7	1.77e-87	314
m0234	m0197	54.5	3.95e-87	312
m0234	m0086	55.4	2.4e-84	303
m0234	m0149	52.1	5.34e-84	302
m0234	m0120	56.1	5.91e-83	299
m0234	m0109	55.6	7.71e-83	298
m0234	m0033	54.8	1.01e-82	298
m0234	m0118	56.8	6.53e-82	295
m0234	m0097	52.0	8.53e-82	295
m0234	m0090	52.7	3.24e-81	293
m0234	m0017	55.2	3.24e-81	293
m0234	m0043	53.7	5.53e-81	292
m0234	m0188	53.9	1.61e-80	290
m0234	m0063	54.1	2.1e-80	290
m0234	m0098	50.7	4.68e-80	289
m0234	m0125	55.0	7.98e-80	288
m0234	m0133	53.2	7.98e-80	288
m0234	m0070	51.6	8.83e-79	285
m0234	m0231	51.8	1.15e-78	284
m0234	m0169	52.0	1.51e-78	284
m0234	m0192	49.8	2.57e-78	283
m0234	m0073	49.7	9.76e-78	281
m0234	m0048	50.2	2.17e-77	280
m0234	m0088	53.0	2.84e-77	280
m0234	m0138	50.2	3.71e-77	279
m0234	m0051	52.5	8.26e-77	278
m0234	m0182	52.2	1.41e-76	277
m0234	m0162	54.0	1.84e-76	277
m0234	m0040	54.0	1.84e-76	277
m0234	m0130	50.7	5.35e-76	275
m0234	m0174	52.1	6.99e-76	275
m0234	m0084	49.0	4.53e-75	272
m0234	m0163	50.3	1.01e-74	271
m0234	m0172	50.0	1.32e-74	271
m0234	m0111	50.3	1.72e-74	270
m0234	m0096	52.6	2.25e-74	270
m0234	m0050	52.6	2.25e-74	270
m0234	m0183	53.0	3.84e-74	269
m0234	m0170	49.8	3.84e-74	269
m0234	m0216	52.2	6.55e-74	268
m0234	m0154	47.8	6.55e-74	268
m0234	m0031	52.5	1.12e-73	268
m0234	m0206	50.5	1.46e-73	267
m0234	m0014	49.7	1.9e-73	267
m0234	m0104	54.1	2.49e-73	267
m0234	m0215	49.7	4.24e-73	266
m0234	m0076	53.8	7.24e-73	265
m0234	m0178	51.6	9.45e-73	265
m0234	m0157	50.9	1.61e-72	264
m0234	m0025	48.6	2.11e-72	263
m0234	m0047	50.5	2.11e-72	263
m0234	m0006	49.8	2.11e-72	263
m0234	m0093	50.2	3.59e-72	263
m0234	m0074	50.3	4.69e-72	262
m0234	m0023	50.7	8e-72	262
m0234	m0161	48.1	1.36e-71	261
m0234	m0198	50.2	1.78e-71	260
m0234	m0158	49.5	3.04e-71	260
m0234	m0094	48.6	5.19e-71	259
m0234	m0214	52.5	1.16e-70	258
m0234	m0173	47.1	1.97e-70	257
m0234	m0066	47.7	7.49e-70	255
m0234	m0113	50.2	9.78e-70	255
m0234	m0068	47.6	2.85e-69	253
m0234	m0191	49.8	1.08e-68	251
m0234	m0101	47.8	2.41e-68	250
m0234	m0039	49.3	3.15e-68	250
m0234	m0175	45.2	3.48e-67	246
m0234	m0227	47.3	4.54e-67	246
m0234	m0144	45.5	4.54e-67	246
m0234	m0184	44.6	1.91e-65	240
m0234	m0102	47.3	3.26e-65	240
m0234	m0036	49.4	3.26e-65	240
m0234	m0067	45.0	7.25e-65	238
m0234	m0167	43.3	1.62e-64	237
m0234	m0217	48.6	2.11e-64	237
m0234	m0205	44.8	6.14e-64	235
m0234	m0077	46.0	1.05e-63	235
m0234	m0079	44.1	1.05e-63	235
m0234	m0065	44.0	6.79e-63	232
m0234	m0095	45.2	1.16e-62	231
m0234	m0128	46.4	9.8e-62	228
m0234	m0210	44.8	1.67e-61	227
m0234	m0194	43.6	4.87e-61	226
m0234	m0176	41.9	2.41e-60	223
m0234	m0037	40.8	9.18e-60	221
m0234	m0071	45.2	1.57e-59	221
m0234	m0159	44.0	4.55e-59	219
m0234	m0028	43.9	1.79e-55	207
m0234	m0165	40.1	4.27e-49	186
m0234	m0005	38.4	3.39e-46	176
m0234	m0137	29.9	1.87e-28	117
m0234	m0160	29.9	2.06e-27	114
m0234	m0202	27.9	1.17e-22	98
m0234	m0185	28.6	3.3e-17	80
m0234	m0041	29.3	7.36e-17	79
m0234	m0228	26.7	3.65e-16	77
m0234	m0064	27.6	9.3e-12	62
m0234	m0122	21.7	1.03e-10	59
m0234	m0016	26.7	3.79e-05	40
m0234	m0219	26.4	8.44e-05	39
m0234	m0099	25.8	0.00122	35
m0234	m0196	26.2	0.00271	34
m0234	m0218	27.0	0.00463	33
m0234	m0056	39.6	0.00605	33
m0234	m0053	28.4	0.0079	32
m0234	m0075	40.0	0.0176	31
m0234	m0121	25.3	0.03	30
m0234	m0219	27.0	0.0512	30
m0234	m0177	28.1	0.0512	30
m0234	m0119	47.4	0.114	28
m0234	m0177	23.9	0.149	28
m0234	m0008	22.0	0.332	27
m0234	m0060	27.1	0.566	26
m0234	m0007	36.7	0.566	26
m0234	m0026	25.4	0.566	26
m0234	m0189	34.4	0.965	25
m0234	m0148	25.4	1.26	25
m0234	m0212	57.9	1.26	25
m0234	m0092	34.1	2.15	24
m0234	m0214	29.5	4.79	23
m0234	m0107	47.2	4.79	23
m0234	m0150	27.2	4.79	23
m0234	m0099	34.3	6.26	23
m0233	m0230	88.7	1.06e-159	554
m0233	m0001	71.8	3.33e-121	426
m0233	m0193	69.3	9.08e-119	418
m0233	m0229	73.4	4.36e-113	399
m0233	m0168	63.0	9.1e-111	391
m0233	m0062	63.2	4.67e-107	379
m0233	m0134	61.7	1.04e-106	377
m0233	m0103	63.0	2.32e-106	376
m0233	m0123	65.2	8.81e-106	374
m0233	m0141	68.6	9.74e-105	371
m0233	m0011	65.4	2.83e-104	369
m0233	m0054	64.8	6.98e-103	365
m0233	m0232	61.1	1.56e-102	364
m0233	m0166	59.6	7.72e-102	361
m0233	m0187	67.2	5e-101	359
m0233	m0002	65.8	6.54e-101	358
m0233	m0124	59.2	1.11e-100	357
m0233	m0012	62.2	4.68e-99	352
m0233	m0131	60.1	7.99e-99	351
m0233	m0045	60.1	3.71e-96	342
m0233	m0083	57.5	1.56e-94	337
m0233	m0155	54.8	1.72e-93	334
m0233	m0231	57.8	2.49e-92	330
m0233	m0109	56.5	1.16e-89	321
m0233	m0086	54.0	3.72e-88	316
m0233	m0120	56.4	6.34e-88	315
m0233	m0063	55.8	4.11e-87	312
m0233	m0069	54.6	5.37e-87	312
m0233	m0043	55.3	5.37e-87	312
m0233	m0118	55.5	2.95e-85	306
m0233	m0197	52.2	8.03e-83	298
m0233	m0090	51.0	2.34e-82	297
m0233	m0149	51.9	1.16e-81	294
m0233	m0192	51.2	9.81e-81	291
m0233	m0033	53.1	2.19e-80	290
m0233	m0097	50.5	8.31e-80	288
m0233	m0048	51.6	1.85e-79	287
m0233	m0188	49.0	3.16e-79	286
m0233	m0133	53.4	4.12e-79	286
m0233	m0084	49.3	7.03e-79	285
m0233	m0144	46.7	1.57e-78	284
m0233	m0017	52.4	1.73e-77	280
m0233	m0182	50.3	2.26e-77	280
m0233	m0073	47.3	2.26e-77	280
m0233	m0163	51.5	2.95e-77	280
m0233	m0154	48.7	6.58e-77	278
m0233	m0125	52.1	6.58e-77	278
m0233	m0088	51.2	8.59e-77	278
m0233	m0174	50.7	8.59e-77	278
m0233	m0070	51.6	1.12e-76	278
m0233	m0173	47.9	2.5e-76	277
m0233	m0169	49.3	3.27e-76	276
m0233	m0098	47.3	1.62e-75	274
m0233	m0006	50.2	4.72e-75	272
m0233	m0067	49.8	6.16e-75	272
m0233	m0031	48.5	3.99e-74	269
m0233	m0093	47.7	6.81e-74	268
m0233	m0014	48.6	6.81e-74	268
m0233	m0130	50.0	8.89e-74	268
m0233	m0215	46.5	1.16e-73	268
m0233	m0051	51.4	5.76e-73	265
m0233	m0138	46.7	5.76e-73	265
m0233	m0068	49.3	9.83e-73	265
m0233	m0206	49.5	9.83e-73	265
m0233	m0214	49.7	1.28e-72	264
m0233	m0216	47.9	1.28e-72	264
m0233	m0094	49.7	1.68e-72	264
m0233	m0101	48.3	2.19e-72	263
m0233	m0074	48.1	2.86e-72	263
m0233	m0025	46.3	3.74e-72	263
m0233	m0050	46.7	6.37e-72	262
m0233	m0161	47.8	8.32e-72	262
m0233	m0047	47.2	1.09e-71	261
m0233	m0113	47.9	1.09e-71	261
m0233	m0183	51.9	1.09e-71	261
m0233	m0191	51.7	1.42e-71	261
m0233	m0096	47.6	1.42e-71	261
m0233	m0065	47.0	1.42e-71	261
m0233	m0111	48.7	2.42e-71	260
m0233	m0157	47.6	2.42e-71	260
m0233	m0076	52.7	3.16e-71	260
m0233	m0178	49.1	4.13e-71	259
m0233	m0162	49.5	4.13e-71	259
m0233	m0172	46.3	9.2e-71	258
m0233	m0023	47.4	9.2e-71	258
m0233	m0176	46.7	1.2e-70	258
m0233	m0167	46.3	4.57e-70	256
m0233	m0040	49.8	1.02e-69	255
m0233	m0175	45.9	1.33e-69	254
m0233	m0104	49.1	2.27e-69	253
m0233	m0170	48.1	3.87e-69	253
m0233	m0158	49.0	1.13e-68	251
m0233	m0184	44.2	2.51e-68	250
m0233	m0066	46.9	7.29e-68	248
m0233	m0077	47.5	2.77e-67	247
m0233	m0037	47.4	1.05e-66	245
m0233	m0198	46.1	1.05e-66	245
m0233	m0036	44.6	1.8e-66	244
m0233	m0102	45.7	8.91e-66	242
m0233	m0039	46.0	1.99e-65	240
m0233	m0079	44.6	1.99e-65	240
m0233	m0194	43.3	4.42e-65	239
m0233	m0205	45.3	6.39e-64	235
m0233	m0227	44.8	6.39e-64	235
m0233	m0159	45.2	1.42e-63	234
m0233	m0071	45.5	2.43e-63	233
m0233	m0210	45.7	7.06e-63	232
m0233	m0095	44.1	9.23e-63	231
m0233	m0028	41.5	1.02e-61	228
m0233	m0217	46.8	5.06e-61	226
m0233	m0128	44.4	9.55e-60	221
m0233	m0165	40.1	8.96e-50	188
m0233	m0005	37.7	1.93e-44	171
m0233	m0160	34.6	1.3e-32	131
m0233	m0137	32.5	8.42e-32	129
m0233	m0202	29.6	7.15e-23	99
m0233	m0228	28.4	2.81e-19	87
m0233	m0185	29.1	8.18e-19	86
m0233	m0041	27.7	4.96e-16	76
m0233	m0122	22.6	1.35e-13	68
m0233	m0064	24.5	7.41e-12	62
m0233	m0136	27.3	1.11e-07	49
m0233	m0219	28.0	2.47e-07	47
m0233	m0016	22.8	2.31e-05	41
m0233	m0218	28.4	0.000115	39
m0233	m0099	26.0	0.000255	37
m0233	m0177	30.4	0.00097	35
m0233	m0060	22.0	0.00482	33
m0233	m0177	24.4	0.014	32
m0233	m0190	22.4	0.0239	31
m0233	m0196	24.8	0.0408	30
m0233	m0212	22.8	0.0408	30
m0233	m0018	21.7	0.0695	29
m0233	m0152	31.0	0.119	28
m0233	m0056	35.4	0.264	27
m0233	m0099	29.9	0.345	27
m0233	m0129	27.6	0.451	27
m0233	m0007	20.2	0.451	27
m0233	m0026	20.7	1.31	25
m0233	m0163	22.0	1.71	25
m0233	m0089	31.1	2.92	24
m0232	m0141	74.8	1.67e-115	407
m0232	m0001	63.1	1.2e-105	374
m0232	m0229	68.5	3.86e-104	369
m0232	m0012	62.2	3.27e-103	366
m0232	m0193	60.1	5.57e-103	365
m0232	m0103	63.4	1.24e-102	364
m0232	m0230	61.9	1.24e-102	364
m0232	m0187	67.7	6.16e-102	362
m0232	m0123	65.5	1.79e-101	360
m0232	m0124	61.3	2.34e-101	360
m0232	m0062	62.1	1.09e-98	351
m0232	m0134	60.4	5.4e-98	349
m0232	m0002	65.0	1.57e-97	347
m0232	m0045	60.6	1.33e-96	344
m0232	m0083	59.2	1.74e-96	344
m0232	m0054	61.3	8.61e-96	341
m0232	m0131	60.5	1.47e-95	341
m0232	m0011	60.4	2.51e-95	340
m0232	m0166	54.5	3.06e-93	333
m0232	m0168	57.1	6.83e-93	332
m0232	m0086	57.1	2.43e-90	323
m0232	m0118	57.9	1.2e-89	321
m0232	m0231	55.5	2.68e-89	320
m0232	m0149	54.3	7.81e-89	318
m0232	m0155	58.1	7.81e-89	318
m0232	m0069	53.7	9.55e-87	311
m0232	m0197	50.8	9.88e-84	301
m0232	m0043	54.6	3.75e-83	299
m0232	m0097	52.0	1.86e-82	297
m0232	m0063	53.4	2.43e-82	297
m0232	m0048	53.2	2.06e-81	294
m0232	m0109	53.3	2.69e-81	293
m0232	m0120	52.4	7.83e-81	292
m0232	m0084	51.9	1.93e-79	287
m0232	m0182	48.6	2.78e-78	283
m0232	m0144	47.4	1.8e-77	280
m0232	m0090	49.5	3.08e-77	280
m0232	m0192	48.8	5.25e-77	279
m0232	m0073	49.6	3.4e-76	276
m0232	m0098	47.3	2.21e-75	273
m0232	m0033	50.3	1.87e-74	270
m0232	m0161	47.1	4.16e-74	269
m0232	m0125	46.4	1.21e-73	268
m0232	m0157	47.3	1.21e-73	268
m0232	m0101	49.0	1.58e-73	267
m0232	m0096	47.4	3.52e-73	266
m0232	m0215	47.7	3.52e-73	266
m0232	m0070	49.5	4.6e-73	266
m0232	m0133	47.5	4.6e-73	266
m0232	m0206	46.3	7.85e-73	265
m0232	m0014	47.3	2.28e-72	263
m0232	m0067	46.5	2.28e-72	263
m0232	m0036	50.2	2.28e-72	263
m0232	m0047	46.2	5.09e-72	262
m0232	m0006	47.1	1.13e-71	261
m0232	m0093	47.6	1.93e-71	260
m0232	m0017	48.8	3.3e-71	260
m0232	m0173	46.2	4.31e-71	259
m0232	m0163	46.2	9.59e-71	258
m0232	m0111	44.8	1.64e-70	257
m0232	m0183	47.4	1.64e-70	257
m0232	m0216	45.0	2.14e-70	257
m0232	m0023	46.1	2.79e-70	257
m0232	m0065	44.1	6.22e-70	255
m0232	m0050	46.0	1.06e-69	255
m0232	m0037	45.8	1.06e-69	255
m0232	m0188	45.3	1.38e-69	254
m0232	m0214	45.7	2.36e-69	253
m0232	m0178	47.6	6.87e-69	252
m0232	m0130	46.5	1.53e-68	251
m0232	m0154	45.7	1.53e-68	251
m0232	m0176	44.2	2e-68	250
m0232	m0169	45.4	3.41e-68	250
m0232	m0138	45.3	5.82e-68	249
m0232	m0158	44.5	5.82e-68	249
m0232	m0088	47.5	5.82e-68	249
m0232	m0031	44.4	1.3e-67	248
m0232	m0113	45.5	2.21e-67	247
m0232	m0095	44.4	2.89e-67	247
m0232	m0174	44.6	4.93e-67	246
m0232	m0170	46.5	1.43e-66	244
m0232	m0175	44.1	1.87e-66	244
m0232	m0079	43.9	2.44e-66	243
m0232	m0074	45.0	2.44e-66	243
m0232	m0167	43.5	4.17e-66	243
m0232	m0040	47.6	7.11e-66	242
m0232	m0076	48.5	7.11e-66	242
m0232	m0184	44.6	9.29e-66	242
m0232	m0068	43.9	1.03e-64	238
m0232	m0094	43.9	1.03e-64	238
m0232	m0172	42.6	1.34e-64	238
m0232	m0039	44.4	1.75e-64	237
m0232	m0028	44.4	2.29e-64	237
m0232	m0051	46.3	2.29e-64	237
m0232	m0066	45.0	2.99e-64	236
m0232	m0025	43.8	6.66e-64	235
m0232	m0198	42.4	6.66e-64	235
m0232	m0191	45.1	8.69e-64	235
m0232	m0104	49.6	1.48e-63	234
m0232	m0227	43.9	1.26e-62	231
m0232	m0217	46.9	3.65e-62	230
m0232	m0077	44.1	4.77e-62	229
m0232	m0162	43.7	1.39e-61	228
m0232	m0194	40.8	4.04e-61	226
m0232	m0159	40.8	6.89e-61	225
m0232	m0205	39.4	9.95e-60	221
m0232	m0071	42.5	9.95e-60	221
m0232	m0165	42.5	2.89e-59	220
m0232	m0102	41.7	1.22e-57	215
m0232	m0210	43.5	2.54e-55	207
m0232	m0128	45.3	3.31e-55	206
m0232	m0005	36.8	1.54e-44	171
m0232	m0202	28.0	2.73e-25	107
m0232	m0160	28.0	5.16e-24	103
m0232	m0137	29.6	4.37e-23	100
m0232	m0185	26.8	3.82e-19	87
m0232	m0228	24.3	3.96e-16	77
m0232	m0041	28.5	2.65e-12	64
m0232	m0064	24.0	4.69e-09	53
m0232	m0136	25.6	6.77e-08	49
m0232	m0122	21.8	1.51e-07	48
m0232	m0219	27.1	1.28e-06	45
m0232	m0016	24.6	4.85e-06	43
m0232	m0061	29.6	0.0191	31
m0232	m0152	20.5	0.0555	30
m0232	m0177	24.8	0.0555	30
m0232	m0092	34.8	0.36	27
m0232	m0143	25.0	0.801	26
m0232	m0127	33.3	2.33	24
m0232	m0026	34.8	2.33	24
m0232	m0199	27.8	6.78	23
m0232	m0217	80.0	8.86	22
m0231	m0086	58.4	1.71e-90	324
m0231	m0134	55.3	6.52e-90	322
m0231	m0230	56.3	1.9e-89	320
m0231	m0197	57.2	2.48e-89	320
m0231	m0229	59.8	1.23e-88	317
m0231	m0155	52.7	2.1e-88	317
m0231	m0193	54.4	4.67e-88	315
m0231	m0001	52.7	3.95e-87	312
m0231	m0141	59.2	2.56e-86	310
m0231	m0012	53.9	3.35e-86	309
m0231	m0124	54.3	1.27e-85	307
m0231	m0166	52.0	1.41e-84	304
m0231	m0069	51.5	5.91e-83	299
m0231	m0002	57.7	7.71e-83	298
m0231	m0045	51.9	1.32e-82	297
m0231	m0011	53.6	1.11e-81	294
m0231	m0062	52.7	4.23e-81	292
m0231	m0103	49.7	4.23e-81	292
m0231	m0098	50.5	4.23e-81	292
m0231	m0083	50.2	5.53e-81	292
m0231	m0048	52.6	7.22e-81	292
m0231	m0123	52.5	2.1e-80	290
m0231	m0187	56.4	3.58e-80	289
m0231	m0168	50.0	6.11e-80	289
m0231	m0073	50.0	3.96e-79	286
m0231	m0054	49.5	2.17e-77	280
m0231	m0131	47.3	6.33e-77	278
m0231	m0182	53.6	3.14e-76	276
m0231	m0125	50.3	1.32e-74	271
m0231	m0133	48.3	1.46e-73	267
m0231	m0158	48.5	7.24e-73	265
m0231	m0017	47.1	1.23e-72	264
m0231	m0163	49.1	2.75e-72	263
m0231	m0033	49.8	4.69e-72	262
m0231	m0188	49.6	6.13e-72	262
m0231	m0192	45.1	1.05e-71	261
m0231	m0097	47.0	1.36e-71	261
m0231	m0183	50.2	6.77e-71	258
m0231	m0154	47.9	1.16e-70	258
m0231	m0090	46.3	1.16e-70	258
m0231	m0215	45.8	2.57e-70	257
m0231	m0076	52.3	5.73e-70	255
m0231	m0206	47.0	1.67e-69	254
m0231	m0023	47.9	2.18e-69	253
m0231	m0144	45.2	2.18e-69	253
m0231	m0130	48.8	2.18e-69	253
m0231	m0043	46.6	3.72e-69	253
m0231	m0014	46.3	8.28e-69	252
m0231	m0173	46.6	8.28e-69	252
m0231	m0174	47.5	1.08e-68	251
m0231	m0198	47.2	1.84e-68	250
m0231	m0111	45.9	3.15e-68	250
m0231	m0050	46.8	3.15e-68	250
m0231	m0216	46.7	3.15e-68	250
m0231	m0101	47.0	5.37e-68	249
m0231	m0088	46.5	5.37e-68	249
m0231	m0093	46.1	7.01e-68	248
m0231	m0066	48.1	7.01e-68	248
m0231	m0214	44.9	1.2e-67	248
m0231	m0138	47.9	1.56e-67	247
m0231	m0070	45.8	2.04e-67	247
m0231	m0063	47.8	2.66e-67	247
m0231	m0169	48.6	3.48e-67	246
m0231	m0157	44.8	3.48e-67	246
m0231	m0068	44.7	5.93e-67	245
m0231	m0178	48.3	5.93e-67	245
m0231	m0039	46.9	7.75e-67	245
m0231	m0047	45.5	7.75e-67	245
m0231	m0161	45.3	1.73e-66	244
m0231	m0006	45.6	2.94e-66	243
m0231	m0084	43.6	2.94e-66	243
m0231	m0096	45.7	6.56e-66	242
m0231	m0118	44.1	1.12e-65	241
m0231	m0109	47.9	5.55e-65	239
m0231	m0227	47.9	7.25e-65	238
m0231	m0120	48.7	9.47e-65	238
m0231	m0113	46.1	1.62e-64	237
m0231	m0094	44.5	3.6e-64	236
m0231	m0176	43.0	4.7e-64	236
m0231	m0149	42.0	8.02e-64	235
m0231	m0067	43.4	1.05e-63	235
m0231	m0172	42.3	1.37e-63	234
m0231	m0217	49.2	6.79e-63	232
m0231	m0031	43.8	6.79e-63	232
m0231	m0025	42.4	7.51e-62	228
m0231	m0065	42.2	7.51e-62	228
m0231	m0191	45.5	1.85e-60	224
m0231	m0036	41.9	3.15e-60	223
m0231	m0077	44.1	1.01e-58	218
m0231	m0074	44.4	1.33e-58	218
m0231	m0205	45.0	1.33e-58	218
m0231	m0037	40.3	2.26e-58	217
m0231	m0184	41.7	2.26e-58	217
m0231	m0175	41.0	8.59e-58	215
m0231	m0167	40.7	1.91e-57	214
m0231	m0159	38.4	5.57e-57	212
m0231	m0095	41.8	9.5e-57	211
m0231	m0194	40.7	1.62e-56	211
m0231	m0071	43.2	3.61e-56	210
m0231	m0102	41.1	6.15e-56	209
m0231	m0079	39.5	3.99e-55	206
m0231	m0210	41.5	5.21e-55	206
m0231	m0040	40.1	1.68e-53	201
m0231	m0051	41.3	8.32e-53	198
m0231	m0028	40.5	1.42e-52	198
m0231	m0104	39.8	3.16e-52	196
m0231	m0162	37.5	9.2e-52	195
m0231	m0170	39.6	2.27e-50	190
m0231	m0165	35.8	9.52e-49	185
m0231	m0128	37.4	2.77e-48	183
m0231	m0005	35.7	1.33e-42	164
m0231	m0160	27.8	4.76e-24	103
m0231	m0202	26.3	3.41e-22	97
m0231	m0137	26.4	7.59e-22	96
m0231	m0228	26.7	8.4e-21	92
m0231	m0041	28.2	8.99e-15	72
m0231	m0064	25.9	5.83e-14	69
m0231	m0185	25.0	2.45e-12	64
m0231	m0122	24.7	1.14e-09	55
m0231	m0219	28.0	2.22e-05	41
m0231	m0177	28.9	2.9e-05	40
m0231	m0016	23.3	0.00208	34
m0231	m0112	25.9	0.03	30
m0231	m0099	28.1	0.0873	29
m0231	m0144	27.1	0.566	26
m0231	m0060	21.8	0.965	25
m0231	m0029	22.9	4.79	23
m0230	m0193	69.5	3.32e-121	426
m0230	m0001	71.9	2.15e-120	423
m0230	m0229	73.7	5.14e-114	402
m0230	m0103	64.9	7.68e-110	388
m0230	m0168	63.5	1.71e-109	387
m0230	m0134	62.3	1.36e-106	377
m0230	m0062	66.9	1.77e-106	377
m0230	m0166	61.6	1.66e-104	370
m0230	m0141	69.0	3.69e-104	369
m0230	m0123	64.9	4.82e-104	369
m0230	m0054	65.1	1.07e-103	367
m0230	m0011	64.4	4.08e-103	366
m0230	m0187	67.2	1.9e-100	357
m0230	m0002	66.5	2.48e-100	356
m0230	m0124	60.6	3.23e-100	356
m0230	m0131	60.1	2.74e-99	353
m0230	m0012	62.6	1.04e-98	351
m0230	m0045	61.9	4.83e-96	342
m0230	m0155	55.7	3.13e-95	339
m0230	m0083	58.2	2.65e-94	336
m0230	m0109	56.3	2.57e-89	320
m0230	m0120	56.7	3.71e-88	316
m0230	m0086	54.4	3.71e-88	316
m0230	m0043	55.1	1.19e-86	311
m0230	m0069	53.6	3.47e-86	309
m0230	m0063	54.4	4.24e-84	302
m0230	m0090	52.6	9.45e-84	301
m0230	m0118	54.9	9.45e-84	301
m0230	m0149	52.4	8e-83	298
m0230	m0197	50.2	7.49e-81	292
m0230	m0048	50.5	9.78e-81	291
m0230	m0192	51.0	1.67e-80	290
m0230	m0097	50.0	6.34e-80	289
m0230	m0154	50.5	5.37e-79	285
m0230	m0084	48.6	9.15e-79	285
m0230	m0070	52.7	1.73e-77	280
m0230	m0033	50.7	2.25e-77	280
m0230	m0188	50.3	2.25e-77	280
m0230	m0173	49.0	2.25e-77	280
m0230	m0144	47.3	5.02e-77	279
m0230	m0133	50.2	5.02e-77	279
m0230	m0073	47.9	1.12e-76	278
m0230	m0088	51.2	2.49e-76	277
m0230	m0174	50.3	2.49e-76	277
m0230	m0182	51.2	2.49e-76	277
m0230	m0163	50.0	3.26e-76	276
m0230	m0017	50.7	5.55e-76	275
m0230	m0125	50.5	8.02e-75	272
m0230	m0098	46.8	8.02e-75	272
m0230	m0074	49.0	1.37e-74	271
m0230	m0031	48.8	2.33e-74	270
m0230	m0169	48.3	1.16e-73	268
m0230	m0067	47.2	1.51e-73	267
m0230	m0130	49.3	4.4e-73	266
m0230	m0101	48.3	1.28e-72	264
m0230	m0068	49.0	2.18e-72	263
m0230	m0104	50.5	3.72e-72	263
m0230	m0065	46.2	4.86e-72	262
m0230	m0191	50.5	8.3e-72	262
m0230	m0076	53.1	8.3e-72	262
m0230	m0215	46.4	1.08e-71	261
m0230	m0006	48.5	1.08e-71	261
m0230	m0178	50.0	1.08e-71	261
m0230	m0138	46.0	1.08e-71	261
m0230	m0025	47.5	1.85e-71	260
m0230	m0040	49.1	1.85e-71	260
m0230	m0216	47.7	2.41e-71	260
m0230	m0093	47.1	3.15e-71	260
m0230	m0206	48.3	3.15e-71	260
m0230	m0014	48.4	4.12e-71	259
m0230	m0023	46.4	7.02e-71	258
m0230	m0162	49.1	1.56e-70	257
m0230	m0167	46.2	2.04e-70	257
m0230	m0176	45.5	2.67e-70	257
m0230	m0094	47.7	4.55e-70	256
m0230	m0050	47.2	5.95e-70	255
m0230	m0184	45.2	5.95e-70	255
m0230	m0113	47.1	5.95e-70	255
m0230	m0175	46.8	7.77e-70	255
m0230	m0214	47.8	7.77e-70	255
m0230	m0172	46.9	1.01e-69	255
m0230	m0051	47.9	1.32e-69	254
m0230	m0158	47.7	1.73e-69	254
m0230	m0047	46.3	2.95e-69	253
m0230	m0111	47.4	1.46e-68	251
m0230	m0170	49.8	1.91e-68	250
m0230	m0183	49.3	1.91e-68	250
m0230	m0157	46.0	1.91e-68	250
m0230	m0161	48.9	1.91e-68	250
m0230	m0096	44.6	2.5e-68	250
m0230	m0077	48.6	2.11e-67	247
m0230	m0102	45.6	2.76e-67	247
m0230	m0036	44.3	1.79e-66	244
m0230	m0066	47.3	2.34e-66	243
m0230	m0037	46.6	1.98e-65	240
m0230	m0198	45.2	3.38e-65	240
m0230	m0159	47.3	3.38e-65	240
m0230	m0039	46.2	5.76e-65	239
m0230	m0079	42.2	1.09e-63	235
m0230	m0194	42.2	1.42e-63	234
m0230	m0227	45.0	1.42e-63	234
m0230	m0071	43.3	5.39e-63	232
m0230	m0095	42.9	1.2e-62	231
m0230	m0205	43.3	5.96e-62	229
m0230	m0028	41.5	2.96e-61	226
m0230	m0128	45.5	6.59e-61	225
m0230	m0210	45.5	9.52e-60	221
m0230	m0217	46.4	1.62e-59	221
m0230	m0165	39.5	3.75e-48	183
m0230	m0005	36.4	2.78e-43	167
m0230	m0137	33.1	4.03e-34	136
m0230	m0160	34.8	6.87e-34	136
m0230	m0202	28.9	3.54e-22	97
m0230	m0185	27.5	1.94e-20	91
m0230	m0228	26.8	1.82e-18	84
m0230	m0041	27.9	7.63e-17	79
m0230	m0122	23.4	2.08e-14	71
m0230	m0064	28.0	4.63e-14	70
m0230	m0136	26.4	2.46e-07	47
m0230	m0219	27.1	4.2e-07	47
m0230	m0099	27.3	1.76e-05	41
m0230	m0016	24.1	2.3e-05	41
m0230	m0218	28.4	3.93e-05	40
m0230	m0177	29.3	0.00215	34
m0230	m0005	30.6	0.0048	33
m0230	m0060	22.4	0.0107	32
m0230	m0143	26.5	0.0107	32
m0230	m0196	25.2	0.014	32
m0230	m0212	24.8	0.014	32
m0230	m0177	25.6	0.014	32
m0230	m0129	31.0	0.0905	29
m0230	m0152	28.6	0.154	28
m0230	m0056	35.4	0.202	28
m0230	m0224	29.7	0.263	27
m0230	m0007	21.2	0.344	27
m0230	m0099	28.4	0.449	27
m0230	m0190	23.0	0.449	27
m0230	m0183	24.8	1.71	25
m0230	m0169	30.2	2.23	24
m0230	m0089	32.3	2.91	24
m0230	m0055	23.4	2.91	24
m0230	m0026	21.0	8.47	22
m0229	m0193	76.7	1.39e-120	423
m0229	m0001	74.0	2.54e-114	403
m0229	m0168	69.8	2.08e-108	383
m0229	m0103	70.2	1.49e-106	377
m0229	m0123	69.6	2.16e-105	373
m0229	m0134	70.0	2.82e-105	372
m0229	m0062	69.8	8.2e-105	371
m0229	m0011	69.7	3.12e-104	369
m0229	m0141	69.5	6.94e-104	368
m0229	m0187	68.4	1.71e-102	363
m0229	m0012	67.2	1.45e-101	360
m0229	m0124	64.2	5.15e-99	352
m0229	m0083	65.6	1.5e-98	350
m0229	m0045	65.6	2.55e-98	349
m0229	m0002	66.3	5.69e-98	348
m0229	m0155	62.2	1.19e-95	341
m0229	m0131	62.4	2.92e-94	336
m0229	m0054	62.7	1.11e-93	334
m0229	m0086	60.5	5.51e-93	332
m0229	m0166	61.0	1.6e-92	330
m0229	m0197	59.3	1.15e-90	324
m0229	m0069	58.4	1.27e-89	320
m0229	m0118	59.6	1.45e-85	307
m0229	m0048	58.8	1.23e-84	304
m0229	m0063	58.0	7.98e-84	301
m0229	m0090	56.6	8.82e-83	298
m0229	m0043	56.9	8.82e-83	298
m0229	m0109	54.9	1.84e-80	290
m0229	m0120	55.6	6.99e-80	288
m0229	m0097	53.9	2.03e-79	287
m0229	m0033	56.0	1.01e-78	284
m0229	m0192	52.1	1.12e-77	281
m0229	m0149	52.1	5.54e-77	278
m0229	m0144	51.3	1.61e-76	277
m0229	m0084	49.8	2.75e-76	276
m0229	m0088	54.6	8e-76	275
m0229	m0133	55.0	2.33e-75	273
m0229	m0070	54.3	3.97e-75	272
m0229	m0163	54.9	2.57e-74	270
m0229	m0174	55.4	2.57e-74	270
m0229	m0031	53.3	2.57e-74	270
m0229	m0073	51.4	3.36e-74	269
m0229	m0098	49.2	4.39e-74	269
m0229	m0154	55.3	1.28e-73	267
m0229	m0188	54.0	1.28e-73	267
m0229	m0017	52.7	1.28e-73	267
m0229	m0067	51.3	1.67e-73	267
m0229	m0182	51.9	8.27e-73	265
m0229	m0130	53.1	2.41e-72	263
m0229	m0125	53.5	4.11e-72	262
m0229	m0076	54.0	2.66e-71	260
m0229	m0169	52.7	3.48e-71	259
m0229	m0065	48.7	7.74e-71	258
m0229	m0215	51.7	1.32e-70	257
m0229	m0138	52.3	3.84e-70	256
m0229	m0036	48.5	5.02e-70	255
m0229	m0014	52.1	5.02e-70	255
m0229	m0178	51.2	5.02e-70	255
m0229	m0025	50.0	6.56e-70	255
m0229	m0183	50.8	6.56e-70	255
m0229	m0206	51.0	1.91e-69	253
m0229	m0216	50.6	3.25e-69	253
m0229	m0214	50.6	4.25e-69	252
m0229	m0113	50.4	5.55e-69	252
m0229	m0047	50.6	5.55e-69	252
m0229	m0093	50.2	5.55e-69	252
m0229	m0006	51.4	7.25e-69	252
m0229	m0161	51.4	1.24e-68	251
m0229	m0101	47.4	1.61e-68	250
m0229	m0050	50.2	2.11e-68	250
m0229	m0096	50.6	2.75e-68	250
m0229	m0111	50.2	3.6e-68	249
m0229	m0068	49.8	3.6e-68	249
m0229	m0094	51.5	8.01e-68	248
m0229	m0037	47.7	1.05e-67	248
m0229	m0157	49.4	1.37e-67	247
m0229	m0074	45.8	1.37e-67	247
m0229	m0023	49.4	2.33e-67	247
m0229	m0095	48.5	3.98e-67	246
m0229	m0158	49.2	5.19e-67	245
m0229	m0066	47.3	6.78e-67	245
m0229	m0173	48.5	1.16e-66	244
m0229	m0191	52.0	1.51e-66	244
m0229	m0184	47.3	1.97e-66	243
m0229	m0172	48.8	1.97e-66	243
m0229	m0176	46.1	2.58e-66	243
m0229	m0079	47.0	9.8e-66	241
m0229	m0167	47.0	2.18e-65	240
m0229	m0039	49.8	4.86e-65	239
m0229	m0227	50.6	6.35e-65	238
m0229	m0175	46.6	1.41e-64	237
m0229	m0217	50.2	1.85e-64	237
m0229	m0198	45.8	1.2e-63	234
m0229	m0077	47.4	1.01e-62	231
m0229	m0071	44.9	2.95e-62	230
m0229	m0040	49.4	5.03e-62	229
m0229	m0194	44.3	6.57e-62	228
m0229	m0051	48.1	1.62e-60	224
m0229	m0205	46.9	2.76e-60	223
m0229	m0104	46.9	3.61e-60	223
m0229	m0028	42.8	4.71e-60	222
m0229	m0170	46.9	2.34e-59	220
m0229	m0159	43.0	5.21e-59	219
m0229	m0162	46.5	5.21e-59	219
m0229	m0102	44.3	5.96e-55	205
m0229	m0165	43.2	6.59e-54	202
m0229	m0128	43.4	7.28e-53	198
m0229	m0210	45.0	4.72e-52	196
m0229	m0005	36.2	3.17e-40	156
m0229	m0160	31.8	7.09e-32	129
m0229	m0137	32.2	2.98e-30	123
m0229	m0202	26.8	3.3e-21	93
m0229	m0185	25.6	4.32e-13	66
m0229	m0122	24.3	9.62e-13	65
m0229	m0228	25.4	4.78e-12	63
m0229	m0041	28.9	6.24e-12	62
m0229	m0064	27.0	1.06e-11	62
m0229	m0136	24.8	3.92e-06	43
m0229	m0016	21.1	1.14e-05	42
m0229	m0219	23.4	9.64e-05	39
m0229	m0016	24.4	0.00139	35
m0229	m0152	34.0	0.00903	32
m0229	m0099	21.5	0.0118	32
m0229	m0177	25.6	0.0343	30
m0229	m0196	25.0	0.0448	30
m0229	m0089	26.9	0.13	28
m0229	m0099	29.9	0.379	27
m0229	m0060	20.8	0.495	26
m0229	m0177	22.9	0.495	26
m0229	m0026	25.3	2.46	24
m0229	m0148	50.0	9.34	22
m0228	m0051	31.9	1.18e-22	98
m0228	m0098	28.1	4.47e-22	96
m0228	m0040	28.5	9.95e-22	95
m0228	m0065	29.2	1.7e-21	94
m0228	m0104	28.4	2.45e-20	91
m0228	m0031	29.5	7.13e-20	89
m0228	m0162	25.5	9.31e-20	89
m0228	m0210	29.3	2.71e-19	87
m0228	m0037	28.6	2.71e-19	87
m0228	m0109	29.3	2.71e-19	87
m0228	m0090	27.1	6.04e-19	86
m0228	m0176	27.3	6.04e-19	86
m0228	m0122	27.1	1.03e-18	85
m0228	m0095	27.9	1.03e-18	85
m0228	m0102	30.1	1.76e-18	84
m0228	m0131	27.1	8.72e-18	82
m0228	m0069	27.9	1.14e-17	82
m0228	m0074	26.4	1.14e-17	82
m0228	m0168	27.3	1.94e-17	81
m0228	m0170	27.1	2.54e-17	80
m0228	m0067	29.7	4.33e-17	80
m0228	m0097	27.1	4.33e-17	80
m0228	m0198	30.5	4.33e-17	80
m0228	m0001	25.6	4.33e-17	80
m0228	m0084	25.2	9.64e-17	79
m0228	m0054	26.6	1.26e-16	78
m0228	m0172	29.3	1.26e-16	78
m0228	m0144	25.8	1.26e-16	78
m0228	m0193	26.7	1.26e-16	78
m0228	m0154	29.6	1.64e-16	78
m0228	m0185	24.3	1.64e-16	78
m0228	m0086	26.3	2.15e-16	77
m0228	m0166	26.1	2.15e-16	77
m0228	m0202	27.3	2.8e-16	77
m0228	m0158	29.4	4.78e-16	76
m0228	m0041	28.8	4.78e-16	76
m0228	m0025	30.3	4.78e-16	76
m0228	m0149	22.5	6.25e-16	76
m0228	m0192	27.7	6.25e-16	76
m0228	m0184	25.9	8.16e-16	75
m0228	m0194	28.7	8.16e-16	75
m0228	m0215	30.8	1.07e-15	75
m0228	m0101	25.6	1.07e-15	75
m0228	m0005	28.8	1.39e-15	75
m0228	m0103	24.9	1.82e-15	74
m0228	m0182	28.4	1.82e-15	74
m0228	m0066	27.4	1.82e-15	74
m0228	m0014	31.9	2.37e-15	74
m0228	m0047	32.9	2.37e-15	74
m0228	m0002	26.0	2.37e-15	74
m0228	m0048	28.0	2.37e-15	74
m0228	m0012	25.6	3.1e-15	74
m0228	m0045	26.4	3.1e-15	74
m0228	m0128	26.5	3.1e-15	74
m0228	m0094	29.0	4.05e-15	73
m0228	m0096	32.5	4.05e-15	73
m0228	m0043	26.4	4.05e-15	73
m0228	m0124	24.1	4.05e-15	73
m0228	m0073	27.9	5.29e-15	73
m0228	m0167	26.1	6.91e-15	72
m0228	m0183	29.0	6.91e-15	72
m0228	m0175	26.5	6.91e-15	72
m0228	m0178	31.3	9.02e-15	72
m0228	m0113	28.3	1.18e-14	72
m0228	m0155	25.5	1.18e-14	72
m0228	m0033	25.7	1.18e-14	72
m0228	m0079	24.8	2.01e-14	71
m0228	m0093	32.1	2.01e-14	71
m0228	m0111	31.0	2.01e-14	71
m0228	m0068	27.8	2.62e-14	70
m0228	m0161	31.2	3.43e-14	70
m0228	m0077	26.3	3.43e-14	70
m0228	m0071	23.0	4.48e-14	70
m0228	m0118	27.3	4.48e-14	70
m0228	m0134	25.1	5.85e-14	69
m0228	m0173	29.2	5.85e-14	69
m0228	m0157	31.7	5.85e-14	69
m0228	m0120	30.2	5.85e-14	69
m0228	m0083	26.1	7.64e-14	69
m0228	m0214	27.8	7.64e-14	69
m0228	m0159	26.4	9.97e-14	69
m0228	m0206	30.8	9.97e-14	69
m0228	m0123	26.6	1.3e-13	68
m0228	m0216	31.7	1.3e-13	68
m0228	m0039	27.6	1.7e-13	68
m0228	m0070	28.3	1.7e-13	68
m0228	m0036	25.7	2.22e-13	67
m0228	m0062	27.1	2.22e-13	67
m0228	m0138	27.7	2.22e-13	67
m0228	m0227	26.9	2.22e-13	67
m0228	m0205	27.9	2.9e-13	67
m0228	m0217	27.3	2.9e-13	67
m0228	m0130	26.8	4.95e-13	66
m0228	m0174	30.2	4.95e-13	66
m0228	m0076	28.4	6.47e-13	66
m0228	m0191	25.3	6.47e-13	66
m0228	m0169	28.3	8.44e-13	65
m0228	m0023	32.0	8.44e-13	65
m0228	m0006	29.2	1.1e-12	65
m0228	m0141	28.9	1.44e-12	65
m0228	m0187	24.6	1.44e-12	65
m0228	m0133	28.0	1.44e-12	65
m0228	m0188	28.3	1.88e-12	64
m0228	m0063	25.1	3.21e-12	64
m0228	m0050	30.0	4.19e-12	63
m0228	m0197	25.5	5.47e-12	63
m0228	m0125	28.2	5.47e-12	63
m0228	m0011	24.2	5.47e-12	63
m0228	m0165	24.6	2.72e-11	60
m0228	m0017	27.7	4.63e-11	60
m0228	m0163	26.1	3e-10	57
m0228	m0088	25.3	3.92e-10	57
m0228	m0028	23.1	2.54e-09	54
m0228	m0064	25.2	2.54e-09	54
m0228	m0160	27.9	6.26e-08	49
m0228	m0218	28.8	1.07e-07	49
m0228	m0177	29.6	9.04e-07	45
m0228	m0137	24.5	0.000111	39
m0228	m0219	26.8	0.000189	38
m0228	m0219	25.1	0.0135	32
m0228	m0016	23.0	0.0301	30
m0228	m0026	23.3	0.0393	30
m0228	m0129	27.3	0.0513	30
m0228	m0016	27.4	0.968	25
m0228	m0110	36.4	1.26	25
m0228	m0108	24.7	1.26	25
m0228	m0090	36.4	3.68	23
m0228	m0211	28.3	6.28	23
m0227	m0217	89.2	3.23e-223	765
m0227	m0039	75.9	1.51e-196	676
m0227	m0096	61.5	2e-156	543
m0227	m0206	62.4	3.41e-156	542
m0227	m0157	60.8	9.28e-154	534
m0227	m0006	60.9	1.58e-153	533
m0227	m0050	59.3	4.61e-153	532
m0227	m0047	60.6	2.99e-152	529
m0227	m0216	58.6	4.77e-150	522
m0227	m0161	57.9	3.91e-144	502
m0227	m0094	58.6	6.9e-141	492
m0227	m0215	59.2	2.38e-133	466
m0227	m0113	57.0	3.1e-133	466
m0227	m0138	54.1	1.14e-127	448
m0227	m0198	51.9	7.41e-127	445
m0227	m0158	51.2	2.38e-125	440
m0227	m0172	53.4	4.65e-121	426
m0227	m0178	53.4	8.77e-120	421
m0227	m0214	70.9	1.5e-119	421
m0227	m0154	51.0	4.81e-118	416
m0227	m0068	56.5	9.07e-117	411
m0227	m0093	50.7	4.66e-113	399
m0227	m0025	50.2	6.09e-113	399
m0227	m0173	54.8	1.96e-111	394
m0227	m0111	49.3	4.52e-100	356
m0227	m0088	60.6	2.25e-99	354
m0227	m0183	61.4	6.11e-97	346
m0227	m0174	51.8	7.99e-97	345
m0227	m0014	59.9	1.36e-96	344
m0227	m0076	65.5	2.32e-96	344
m0227	m0023	56.6	9.76e-95	338
m0227	m0163	49.1	6.33e-94	335
m0227	m0169	49.7	5.36e-93	332
m0227	m0130	51.2	1.19e-92	331
m0227	m0188	48.3	4.53e-92	329
m0227	m0125	47.0	1.37e-88	318
m0227	m0182	44.9	1.08e-85	308
m0227	m0133	52.7	1.2e-84	305
m0227	m0017	53.5	3.15e-77	280
m0227	m0205	49.5	2.5e-74	270
m0227	m0123	54.0	1.68e-70	258
m0227	m0131	49.6	3.16e-69	253
m0227	m0033	49.1	5.39e-69	253
m0227	m0197	46.2	4.57e-68	250
m0227	m0086	52.0	5.96e-68	249
m0227	m0155	47.4	2.27e-67	247
m0227	m0069	48.1	5.05e-67	246
m0227	m0001	47.4	8.61e-67	245
m0227	m0103	49.8	1.12e-66	245
m0227	m0097	47.4	6.17e-65	239
m0227	m0193	46.4	1.8e-64	238
m0227	m0166	46.2	1.16e-63	235
m0227	m0048	47.1	1.52e-63	235
m0227	m0134	45.9	3.39e-63	233
m0227	m0045	48.4	4.89e-62	230
m0227	m0141	50.2	4.89e-62	230
m0227	m0098	46.2	8.34e-62	229
m0227	m0043	47.7	1.86e-61	228
m0227	m0073	46.0	3.17e-61	227
m0227	m0062	42.5	9.22e-61	225
m0227	m0192	45.9	1.57e-60	225
m0227	m0011	48.7	1.57e-60	225
m0227	m0002	50.2	2.05e-60	224
m0227	m0083	45.4	1.02e-59	222
m0227	m0168	45.3	1.33e-59	221
m0227	m0070	43.6	9.54e-58	215
m0227	m0012	46.9	1.63e-57	215
m0227	m0023	68.7	2.13e-57	214
m0227	m0063	42.8	3.63e-57	213
m0227	m0187	47.6	4.74e-57	213
m0227	m0090	43.4	8.08e-57	212
m0227	m0124	42.2	3.39e-55	207
m0227	m0084	45.8	5.79e-55	206
m0227	m0054	42.6	7.56e-55	206
m0227	m0109	41.7	2.87e-54	204
m0227	m0120	40.4	1.09e-53	202
m0227	m0144	40.8	1.09e-53	202
m0227	m0014	60.1	3.18e-53	200
m0227	m0149	43.0	7.08e-53	199
m0227	m0036	42.3	9.56e-50	189
m0227	m0101	41.8	6.2e-49	186
m0227	m0066	39.6	8.1e-49	186
m0227	m0210	39.7	1.8e-48	184
m0227	m0118	37.7	4.02e-48	183
m0227	m0031	40.9	5.25e-48	183
m0227	m0191	40.6	5.25e-48	183
m0227	m0079	41.7	2.21e-46	178
m0227	m0175	40.4	3.76e-46	177
m0227	m0184	40.7	3.76e-46	177
m0227	m0065	39.5	1.87e-45	174
m0227	m0194	37.8	2.44e-45	174
m0227	m0102	38.7	7.09e-45	173
m0227	m0074	41.8	7.09e-45	173
m0227	m0040	39.2	1.58e-44	171
m0227	m0128	39.7	1.58e-44	171
m0227	m0167	38.7	2.06e-44	171
m0227	m0162	38.7	2.06e-44	171
m0227	m0037	37.4	2.7e-44	171
m0227	m0104	42.7	2.7e-44	171
m0227	m0028	38.4	4.6e-44	170
m0227	m0051	38.5	7.84e-44	169
m0227	m0077	38.9	1.02e-43	169
m0227	m0067	37.9	1.02e-43	169
m0227	m0176	36.7	1.34e-43	168
m0227	m0095	35.5	8.67e-43	166
m0227	m0170	36.0	6.21e-41	159
m0227	m0071	41.2	2.36e-40	158
m0227	m0159	35.4	6.87e-40	156
m0227	m0165	35.7	1.58e-36	145
m0227	m0005	36.5	6.02e-36	143
m0227	m0137	28.9	3.1e-24	104
m0227	m0160	28.1	1.3e-22	99
m0227	m0202	25.8	4.95e-22	97
m0227	m0041	27.5	9.04e-16	76
m0227	m0185	30.3	2.91e-14	71
m0227	m0122	23.4	2.3e-11	61
m0227	m0064	28.5	1.82e-08	52
m0227	m0093	59.0	3.11e-08	51
m0227	m0014	42.9	0.000209	38
m0227	m0026	24.9	0.00104	36
m0227	m0218	26.5	0.00177	35
m0227	m0219	24.5	0.00302	34
m0227	m0016	25.0	0.127	29
m0227	m0099	32.1	0.127	29
m0227	m0092	35.6	0.165	28
m0227	m0177	24.6	0.165	28
m0227	m0189	25.6	0.282	28
m0227	m0007	37.5	0.481	27
m0227	m0061	26.2	0.481	27
m0227	m0004	26.1	1.83	25
m0227	m0060	33.3	1.83	25
m0227	m0185	26.9	2.39	25
m0227	m0089	28.1	3.12	24
m0227	m0199	52.9	4.07	24
m0226	m0082	66.7	1.82e-134	470
m0226	m0186	54.6	4.67e-98	349
m0226	m0164	41.1	1.92e-59	221
m0226	m0151	41.9	6.82e-57	212
m0226	m0046	39.7	2.68e-53	200
m0226	m0190	41.2	5.98e-53	199
m0226	m0209	40.5	2.51e-51	194
m0226	m0085	37.4	9.54e-51	192
m0226	m0087	38.6	1.25e-50	191
m0226	m0029	37.9	5.79e-48	183
m0226	m0058	37.2	2.06e-45	174
m0226	m0009	36.3	2.69e-45	174
m0226	m0019	37.7	1.74e-44	171
m0226	m0110	39.6	5.61e-43	166
m0226	m0049	37.0	9.56e-43	165
m0226	m0106	35.8	4.44e-40	156
m0226	m0112	35.8	7.58e-40	156
m0226	m0222	37.2	2.88e-39	154
m0226	m0179	32.9	4.3e-35	140
m0226	m0135	32.7	4.61e-29	120
m0226	m0171	32.8	6.02e-29	119
m0226	m0105	29.6	1.03e-28	119
m0226	m0220	33.9	4.77e-26	110
m0226	m0221	35.0	6.23e-26	109
m0226	m0207	27.4	3.31e-19	87
m0226	m0063	24.4	0.00149	35
m0226	m0141	22.9	0.182	28
m0226	m0108	28.2	0.311	27
m0226	m0050	28.8	0.906	26
m0226	m0157	34.9	1.54	25
m0226	m0140	50.0	5.87	23
m0226	m0124	32.7	5.87	23
m0226	m0174	50.0	7.67	23
m0226	m0089	26.9	7.67	23
m0225	m0030	34.9	1.79e-68	251
m0225	m0114	41.5	3.87e-55	207
m0225	m0208	40.7	1.47e-46	178
m0225	m0148	26.6	1.59e-08	52
m0225	m0132	29.2	4.63e-08	50
m0225	m0147	23.1	6.26e-05	40
m0225	m0132	39.5	0.0846	30
m0224	m0189	34.9	5.61e-59	220
m0224	m0059	31.9	1.48e-43	168
m0224	m0150	40.4	1.22e-37	149
m0224	m0139	28.2	1.94e-35	141
m0224	m0115	29.9	4.19e-30	124
m0224	m0145	27.5	7.9e-29	119
m0224	m0027	35.0	3e-28	117
m0224	m0008	37.7	2.38e-25	108
m0224	m0018	31.5	1.35e-20	92
m0224	m0150	38.3	3.81e-15	74
m0224	m0200	25.9	7.18e-14	70
m0224	m0018	26.5	4.22e-06	44
m0224	m0008	22.4	0.000232	38
m0224	m0160	32.2	0.00088	36
m0224	m0030	26.6	0.0166	32
m0224	m0099	32.5	0.14	29
m0224	m0218	100.0	0.697	27
m0224	m0208	88.9	0.697	27
m0224	m0141	100.0	0.697	27
m0224	m0114	100.0	0.697	27
m0224	m0065	23.1	2.65	25
m0224	m0148	37.1	4.52	24
m0224	m0074	32.6	4.52	24
m0224	m0026	28.3	5.9	23
m0223	m0057	41.3	3.05e-90	323
m0223	m0078	47.1	1.08e-87	315
m0223	m0100	40.6	7.61e-41	159
m0223	m0100	53.1	0.00216	35
m0223	m0069	32.4	0.589	27
m0223	m0161	44.0	8.51	23
m0222	m0046	41.8	6.74e-56	209
m0222	m0190	41.3	3.34e-55	206
m0222	m0209	40.3	6.3e-54	202
m0222	m0087	39.7	6.97e-53	199
m0222	m0085	38.5	6.97e-53	199
m0222	m0058	40.1	6.52e-51	192
m0222	m0106	40.2	1.61e-49	188
m0222	m0179	37.1	4.68e-49	186
m0222	m0112	38.3	3.35e-47	180
m0222	m0110	37.3	6.32e-46	176
m0222	m0151	37.1	1.08e-45	175
m0222	m0009	37.2	1.41e-45	174
m0222	m0019	38.8	5.35e-45	173
m0222	m0164	37.2	7.72e-44	169
m0222	m0186	37.0	9.44e-42	162
m0222	m0082	36.5	1.23e-41	161
m0222	m0049	38.2	2.75e-41	160
m0222	m0029	36.0	1.04e-40	158
m0222	m0105	32.6	5.93e-36	143
m0222	m0171	32.0	9.79e-31	125
m0222	m0221	31.7	2.26e-27	114
m0222	m0207	30.4	1.46e-26	111
m0222	m0135	31.0	3.99e-24	103
m0222	m0220	28.2	1.73e-19	88
m0222	m0014	22.8	0.619	26
m0222	m0145	23.7	0.619	26
m0222	m0201	55.0	1.38	25
m0222	m0163	31.0	6.85	23
m0222	m0027	38.6	6.85	23
m0222	m0154	26.8	8.94	22
m0221	m0135	68.2	1.08e-125	441
m0221	m0171	58.9	5.36e-109	385
m0221	m0220	39.6	1.75e-59	221
m0221	m0105	39.0	1.06e-56	211
m0221	m0207	38.6	4.17e-53	200
m0221	m0190	35.9	2.72e-36	144
m0221	m0009	31.7	4.64e-36	143
m0221	m0058	36.0	6.06e-36	143
m0221	m0209	35.8	6.69e-35	139
m0221	m0019	36.4	1.49e-34	138
m0221	m0087	34.6	2.54e-34	137
m0221	m0151	36.0	4.34e-34	136
m0221	m0029	33.4	1.65e-33	134
m0221	m0085	35.9	3.67e-33	133
m0221	m0110	35.6	2.91e-30	124
m0221	m0082	32.2	2.46e-29	121
m0221	m0112	32.1	5.49e-29	119
m0221	m0046	33.5	2.09e-28	117
m0221	m0049	32.5	2.72e-28	117
m0221	m0106	31.9	1.35e-27	115
m0221	m0186	34.3	2.55e-26	111
m0221	m0179	29.4	3.68e-25	107
m0221	m0164	29.1	4.21e-21	93
m0221	m0200	26.8	9.13	22
m0220	m0135	43.7	1.63e-66	244
m0220	m0171	40.4	1.06e-57	215
m0220	m0105	38.3	2.36e-49	187
m0220	m0207	36.3	3.41e-48	183
m0220	m0110	34.3	1.26e-34	138
m0220	m0190	33.1	8.16e-34	136
m0220	m0009	35.0	2.01e-32	131
m0220	m0019	31.6	9.98e-32	129
m0220	m0058	32.0	3e-28	117
m0220	m0087	31.9	1.14e-27	115
m0220	m0046	34.4	1.95e-27	114
m0220	m0179	30.0	2.54e-27	114
m0220	m0106	32.2	3.67e-26	110
m0220	m0112	31.8	6.26e-26	109
m0220	m0085	31.6	1.07e-25	109
m0220	m0151	29.8	5.3e-25	106
m0220	m0029	29.1	6.92e-25	106
m0220	m0186	31.8	6.92e-25	106
m0220	m0049	31.9	9.04e-25	106
m0220	m0082	31.5	9.04e-25	106
m0220	m0209	32.2	1.11e-22	99
m0220	m0164	28.7	6.28e-18	83
m0220	m0164	31.2	7.43e-11	59
m0220	m0092	28.1	0.14	28
m0219	m0016	71.7	1.17e-180	624
m0219	m0136	27.5	1.35e-19	89
m0219	m0067	35.7	3.57e-12	64
m0219	m0176	33.9	4.66e-12	64
m0219	m0037	34.8	1.36e-11	62
m0219	m0065	33.9	3.95e-11	60
m0219	m0218	24.9	6.73e-11	60
m0219	m0074	33.9	3.34e-10	57
m0219	m0120	28.7	4.36e-10	57
m0219	m0124	31.8	1.66e-09	55
m0219	m0067	23.4	1.66e-09	55
m0219	m0144	33.0	8.23e-09	53
m0219	m0036	31.9	1.07e-08	52
m0219	m0001	29.9	1.4e-08	52
m0219	m0193	31.8	1.83e-08	52
m0219	m0162	29.0	3.13e-08	51
m0219	m0187	29.6	3.13e-08	51
m0219	m0095	31.2	3.13e-08	51
m0219	m0170	29.0	4.08e-08	50
m0219	m0102	32.1	4.08e-08	50
m0219	m0054	27.7	5.33e-08	50
m0219	m0051	29.7	6.97e-08	50
m0219	m0118	30.8	9.1e-08	49
m0219	m0104	29.0	1.19e-07	49
m0219	m0071	28.8	1.19e-07	49
m0219	m0040	29.0	1.55e-07	49
m0219	m0184	28.4	2.03e-07	48
m0219	m0028	28.7	2.03e-07	48
m0219	m0109	22.7	2.03e-07	48
m0219	m0002	28.0	2.65e-07	48
m0219	m0070	24.4	2.65e-07	48
m0219	m0005	31.7	2.65e-07	48
m0219	m0192	30.8	3.46e-07	47
m0219	m0103	25.3	3.46e-07	47
m0219	m0012	29.9	3.46e-07	47
m0219	m0101	30.2	4.52e-07	47
m0219	m0149	30.4	4.52e-07	47
m0219	m0083	25.5	4.52e-07	47
m0219	m0062	30.9	4.52e-07	47
m0219	m0194	28.4	5.9e-07	47
m0219	m0166	29.0	5.9e-07	47
m0219	m0033	31.0	5.9e-07	47
m0219	m0128	24.4	5.9e-07	47
m0219	m0079	28.4	7.7e-07	46
m0219	m0011	28.1	1.01e-06	46
m0219	m0123	22.3	1.01e-06	46
m0219	m0090	24.5	1.01e-06	46
m0219	m0131	28.6	1.72e-06	45
m0219	m0168	27.8	1.72e-06	45
m0219	m0159	26.3	1.72e-06	45
m0219	m0165	31.7	1.72e-06	45
m0219	m0045	24.5	2.24e-06	45
m0219	m0069	27.7	2.93e-06	44
m0219	m0167	27.5	2.93e-06	44
m0219	m0063	29.1	3.82e-06	44
m0219	m0175	27.5	3.82e-06	44
m0219	m0031	31.2	3.82e-06	44
m0219	m0066	29.1	3.82e-06	44
m0219	m0123	26.6	4.99e-06	44
m0219	m0197	25.6	4.99e-06	44
m0219	m0043	27.5	4.99e-06	44
m0219	m0177	25.0	4.99e-06	44
m0219	m0141	23.2	1.11e-05	42
m0219	m0191	26.2	1.9e-05	42
m0219	m0210	28.3	1.9e-05	42
m0219	m0097	30.8	2.48e-05	41
m0219	m0025	28.9	3.24e-05	41
m0219	m0158	28.7	3.24e-05	41
m0219	m0182	24.8	3.24e-05	41
m0219	m0076	27.6	3.24e-05	41
m0219	m0077	30.2	3.24e-05	41
m0219	m0098	27.0	4.23e-05	40
m0219	m0172	26.5	7.21e-05	40
m0219	m0084	26.0	7.21e-05	40
m0219	m0006	25.9	7.21e-05	40
m0219	m0086	27.9	9.42e-05	39
m0219	m0198	28.7	0.000123	39
m0219	m0134	25.2	0.000161	39
m0219	m0202	26.1	0.00021	38
m0219	m0183	23.1	0.000467	37
m0219	m0133	25.2	0.00061	37
m0219	m0205	27.8	0.00061	37
m0219	m0048	20.8	0.00061	37
m0219	m0017	27.1	0.00061	37
m0219	m0125	24.9	0.000797	36
m0219	m0214	24.5	0.000797	36
m0219	m0094	31.5	0.000797	36
m0219	m0131	27.9	0.000797	36
m0219	m0188	22.7	0.000797	36
m0219	m0014	24.1	0.00104	36
m0219	m0073	25.5	0.00104	36
m0219	m0173	26.7	0.00136	35
m0219	m0160	26.1	0.00136	35
m0219	m0130	23.2	0.00136	35
m0219	m0154	24.8	0.00178	35
m0219	m0215	29.6	0.00178	35
m0219	m0113	25.0	0.00178	35
m0219	m0157	22.4	0.00178	35
m0219	m0088	28.3	0.00178	35
m0219	m0039	24.3	0.00232	35
m0219	m0216	23.0	0.00232	35
m0219	m0050	24.2	0.00232	35
m0219	m0174	28.1	0.00232	35
m0219	m0096	24.1	0.00232	35
m0219	m0174	24.8	0.00232	35
m0219	m0111	28.7	0.00303	34
m0219	m0161	25.7	0.00303	34
m0219	m0118	30.3	0.00303	34
m0219	m0023	30.6	0.00303	34
m0219	m0137	26.9	0.00303	34
m0219	m0206	23.9	0.00303	34
m0219	m0178	26.5	0.00303	34
m0219	m0093	24.1	0.00303	34
m0219	m0047	24.1	0.00303	34
m0219	m0138	25.7	0.00396	34
m0219	m0217	27.1	0.00396	34
m0219	m0155	26.2	0.00396	34
m0219	m0033	24.8	0.00517	33
m0219	m0192	38.5	0.00675	33
m0219	m0169	24.8	0.00675	33
m0219	m0163	23.0	0.00881	33
m0219	m0030	24.9	0.0196	32
m0219	m0068	24.8	0.0335	31
m0219	m0155	33.3	0.0437	30
m0219	m0144	25.0	0.0571	30
m0219	m0073	26.4	0.127	29
m0219	m0048	27.5	0.166	28
m0219	m0033	28.6	0.166	28
m0219	m0088	27.7	0.217	28
m0219	m0152	25.8	0.217	28
m0219	m0099	47.8	3.13	24
m0219	m0171	43.2	5.35	23
m0218	m0016	25.7	3.05e-13	67
m0218	m0136	31.3	1.85e-10	57
m0218	m0175	25.7	7.28e-07	45
m0218	m0120	24.7	8.05e-06	42
m0218	m0031	25.3	8.05e-06	42
m0218	m0167	23.9	8.05e-06	42
m0218	m0194	22.6	1.05e-05	42
m0218	m0109	29.3	1.37e-05	41
m0218	m0067	24.0	2.34e-05	40
m0218	m0104	29.0	2.34e-05	40
m0218	m0192	26.9	4e-05	40
m0218	m0097	29.1	5.22e-05	39
m0218	m0066	24.6	5.22e-05	39
m0218	m0043	26.8	5.22e-05	39
m0218	m0070	24.6	8.9e-05	39
m0218	m0123	30.5	8.9e-05	39
m0218	m0184	25.6	8.9e-05	39
m0218	m0149	25.9	8.9e-05	39
m0218	m0040	26.0	8.9e-05	39
m0218	m0001	26.4	0.000116	38
m0218	m0084	28.2	0.000116	38
m0218	m0071	24.6	0.000116	38
m0218	m0177	25.5	0.000152	38
m0218	m0124	27.6	0.000152	38
m0218	m0162	26.3	0.000152	38
m0218	m0185	24.1	0.000198	37
m0218	m0012	28.8	0.000198	37
m0218	m0217	28.2	0.000198	37
m0218	m0079	23.8	0.000198	37
m0218	m0002	25.7	0.000259	37
m0218	m0176	25.3	0.000259	37
m0218	m0159	27.1	0.000259	37
m0218	m0063	24.4	0.000259	37
m0218	m0039	26.9	0.000259	37
m0218	m0131	28.2	0.000338	37
m0218	m0051	26.0	0.000754	35
m0218	m0193	21.8	0.000754	35
m0218	m0187	37.5	0.000754	35
m0218	m0037	21.7	0.000984	35
m0218	m0170	24.6	0.000984	35
m0218	m0103	27.5	0.00129	35
m0218	m0144	21.8	0.00129	35
m0218	m0168	27.5	0.00168	34
m0218	m0065	22.8	0.00168	34
m0218	m0202	33.3	0.00168	34
m0218	m0045	32.5	0.00219	34
m0218	m0158	28.2	0.00219	34
m0218	m0005	25.3	0.00286	33
m0218	m0074	35.7	0.00374	33
m0218	m0083	30.4	0.00488	33
m0218	m0064	23.8	0.00488	33
m0218	m0053	27.3	0.00488	33
m0218	m0090	25.4	0.00488	33
m0218	m0122	20.9	0.00833	32
m0218	m0173	28.9	0.00833	32
m0218	m0017	22.5	0.00833	32
m0218	m0102	26.3	0.0109	32
m0218	m0198	26.2	0.0142	31
m0218	m0210	27.0	0.0186	31
m0218	m0094	34.1	0.0242	30
m0218	m0073	24.8	0.0242	30
m0218	m0033	34.0	0.0242	30
m0218	m0191	26.8	0.0317	30
m0218	m0125	23.6	0.0414	30
m0218	m0128	24.2	0.0414	30
m0218	m0133	22.5	0.0705	29
m0218	m0011	24.8	0.0921	28
m0218	m0099	31.8	0.12	28
m0218	m0069	25.6	0.12	28
m0218	m0086	23.8	0.12	28
m0218	m0030	57.9	0.205	27
m0218	m0149	34.8	0.205	27
m0218	m0101	23.0	0.268	27
m0218	m0160	48.0	0.268	27
m0218	m0208	100.0	0.35	27
m0218	m0114	100.0	0.35	27
m0218	m0141	100.0	0.35	27
m0218	m0098	23.3	0.597	26
m0218	m0048	30.2	0.597	26
m0218	m0197	25.0	0.78	25
m0218	m0077	34.9	0.78	25
m0218	m0136	30.4	1.74	24
m0218	m0162	36.4	6.6	22
m0217	m0039	78.2	1.67e-200	689
m0217	m0206	66.0	3.19e-159	552
m0217	m0096	64.9	6.01e-158	548
m0217	m0006	63.4	1.13e-156	544
m0217	m0047	64.4	1.48e-156	544
m0217	m0050	63.2	5.62e-156	542
m0217	m0157	63.6	9.59e-156	541
m0217	m0023	62.2	1.81e-154	537
m0217	m0014	61.8	8.98e-154	534
m0217	m0093	62.0	8.98e-154	534
m0217	m0161	62.7	5.82e-153	532
m0217	m0216	62.0	1.3e-152	530
m0217	m0094	60.0	1.49e-140	490
m0217	m0113	63.0	4.78e-139	485
m0217	m0215	62.1	4.48e-137	479
m0217	m0198	55.4	5.66e-132	462
m0217	m0138	56.2	2.63e-129	453
m0217	m0158	53.4	1.11e-127	448
m0217	m0214	75.5	5.31e-122	429
m0217	m0178	53.7	1.18e-121	428
m0217	m0172	53.7	5.87e-121	425
m0217	m0154	53.3	1.04e-117	414
m0217	m0068	57.4	2.16e-115	407
m0217	m0173	58.1	2.82e-115	406
m0217	m0025	51.1	2.39e-114	403
m0217	m0183	49.6	6.11e-102	362
m0217	m0111	53.1	1.36e-101	361
m0217	m0163	53.2	3.71e-99	353
m0217	m0088	63.1	5.35e-98	349
m0217	m0076	66.3	1.56e-97	347
m0217	m0174	52.2	3.83e-96	343
m0217	m0188	51.2	8.54e-96	342
m0217	m0130	51.4	2.49e-95	340
m0217	m0169	50.1	1.04e-93	335
m0217	m0125	50.7	6.33e-91	325
m0217	m0182	46.5	1.32e-88	318
m0217	m0133	55.0	5.94e-81	292
m0217	m0017	53.7	5.76e-76	276
m0217	m0205	50.7	2.05e-73	267
m0217	m0123	55.1	2.34e-69	254
m0217	m0033	51.4	5.77e-68	249
m0217	m0155	51.3	1.68e-67	248
m0217	m0131	52.7	1.68e-67	248
m0217	m0086	53.8	6.38e-67	246
m0217	m0197	47.6	7.05e-66	242
m0217	m0103	51.4	2.68e-65	240
m0217	m0069	48.2	1.02e-64	238
m0217	m0001	48.3	1.74e-64	238
m0217	m0097	47.6	2.51e-63	234
m0217	m0193	48.0	4.28e-63	233
m0217	m0166	49.6	5.59e-63	233
m0217	m0141	50.6	3.62e-62	230
m0217	m0048	48.5	6.18e-62	229
m0217	m0098	48.3	8.92e-61	225
m0217	m0045	49.8	1.99e-60	224
m0217	m0062	46.3	2.6e-60	224
m0217	m0134	50.2	2.6e-60	224
m0217	m0011	50.8	4.43e-60	223
m0217	m0002	50.2	4.43e-60	223
m0217	m0192	48.8	9.86e-60	222
m0217	m0043	48.8	2.2e-59	221
m0217	m0073	47.1	4.9e-59	220
m0217	m0168	48.8	1.86e-58	218
m0217	m0083	46.3	3.17e-58	217
m0217	m0187	48.0	2.69e-57	214
m0217	m0070	44.9	4.58e-57	213
m0217	m0012	50.0	3.88e-56	210
m0217	m0063	44.0	1.93e-55	208
m0217	m0090	43.5	2.51e-55	207
m0217	m0054	44.7	2.78e-54	204
m0217	m0109	46.9	8.09e-54	202
m0217	m0120	43.1	3.07e-53	200
m0217	m0124	45.1	8.94e-53	199
m0217	m0084	45.7	1.99e-52	198
m0217	m0149	44.8	5.8e-52	196
m0217	m0144	43.1	7.57e-52	196
m0217	m0036	43.3	1.75e-48	184
m0217	m0118	41.3	5.08e-48	183
m0217	m0191	42.2	1.13e-47	182
m0217	m0101	41.9	1.48e-47	181
m0217	m0066	42.0	2.52e-47	181
m0217	m0031	43.5	4.3e-47	180
m0217	m0210	42.1	2.79e-46	177
m0217	m0104	39.8	5.25e-45	173
m0217	m0074	41.4	1.17e-44	172
m0217	m0194	39.4	1.17e-44	172
m0217	m0184	39.7	2.61e-44	171
m0217	m0040	41.8	3.41e-44	170
m0217	m0079	39.8	9.91e-44	169
m0217	m0077	40.1	9.91e-44	169
m0217	m0065	39.9	1.29e-43	168
m0217	m0102	40.7	1.69e-43	168
m0217	m0175	39.2	2.88e-43	167
m0217	m0128	41.2	3.77e-43	167
m0217	m0067	38.1	3.77e-43	167
m0217	m0162	41.8	4.92e-43	166
m0217	m0051	40.6	8.39e-43	166
m0217	m0037	38.1	4.16e-42	163
m0217	m0028	38.8	9.28e-42	162
m0217	m0176	36.4	3.52e-41	160
m0217	m0159	38.1	4.6e-41	160
m0217	m0167	37.7	4.6e-41	160
m0217	m0095	36.4	6.01e-41	159
m0217	m0071	41.2	1.34e-40	158
m0217	m0170	38.3	8.68e-40	156
m0217	m0165	36.9	2e-36	144
m0217	m0005	35.1	1.87e-34	138
m0217	m0137	29.7	6.68e-24	103
m0217	m0160	27.6	5.65e-23	100
m0217	m0202	25.9	9.98e-20	89
m0217	m0041	29.7	2.54e-15	74
m0217	m0185	28.6	3.44e-12	64
m0217	m0122	23.9	1e-11	62
m0217	m0064	29.1	1.04e-08	52
m0217	m0026	25.5	0.00131	35
m0217	m0143	24.9	0.00849	33
m0217	m0016	28.3	0.0247	31
m0217	m0177	25.4	0.055	30
m0217	m0189	26.2	0.123	29
m0217	m0099	30.2	0.209	28
m0217	m0061	27.1	0.466	27
m0217	m0004	29.3	1.04	26
m0217	m0007	37.5	1.04	26
m0217	m0185	40.0	2.31	25
m0217	m0060	20.3	3.94	24
m0217	m0199	57.1	5.15	23
m0217	m0034	34.0	8.78	23
m0216	m0157	88.1	1.98e-242	829
m0216	m0047	86.8	7.04e-240	820
m0216	m0050	85.6	2.68e-239	819
m0216	m0096	86.5	6.17e-236	807
m0216	m0093	83.3	3.38e-234	802
m0216	m0206	85.3	7.54e-234	800
m0216	m0006	83.1	8.34e-233	797
m0216	m0014	82.8	1.42e-232	796
m0216	m0161	81.5	2.12e-228	782
m0216	m0023	80.9	3.75e-225	772
m0216	m0215	83.6	1.38e-211	726
m0216	m0039	65.1	1.19e-162	564
m0216	m0111	65.6	4.68e-151	525
m0216	m0138	53.6	2.95e-137	480
m0216	m0113	57.7	2.33e-134	470
m0216	m0158	52.4	8.3e-132	461
m0216	m0198	53.0	1.33e-129	454
m0216	m0178	54.4	1.73e-129	454
m0216	m0154	52.0	1.47e-128	451
m0216	m0172	51.8	2.76e-127	446
m0216	m0183	58.1	8.89e-126	441
m0216	m0025	50.5	8.32e-124	435
m0216	m0094	51.7	3.16e-123	433
m0216	m0163	53.4	4.27e-120	423
m0216	m0188	53.1	3.87e-113	399
m0216	m0130	63.5	4.74e-111	393
m0216	m0173	50.6	4.01e-110	389
m0216	m0068	50.5	5.24e-110	389
m0216	m0174	60.1	1.68e-108	384
m0216	m0125	52.8	1.21e-106	378
m0216	m0169	50.7	4.59e-106	376
m0216	m0214	59.0	1.25e-103	368
m0216	m0088	63.2	1.63e-103	367
m0216	m0182	56.5	1.53e-101	361
m0216	m0076	67.8	1.99e-101	361
m0216	m0133	58.7	2.28e-97	347
m0216	m0017	58.7	3.77e-92	330
m0216	m0205	51.9	5.1e-89	319
m0216	m0123	57.2	6.24e-79	286
m0216	m0103	50.5	2.9e-76	277
m0216	m0155	49.8	1.03e-73	268
m0216	m0001	49.8	3.32e-72	263
m0216	m0086	50.7	5.66e-72	263
m0216	m0131	49.5	7.39e-72	262
m0216	m0134	48.2	6.26e-71	259
m0216	m0097	50.3	6.26e-71	259
m0216	m0193	47.1	1.82e-70	258
m0216	m0141	50.4	5.3e-70	256
m0216	m0069	48.8	2.91e-68	250
m0216	m0011	49.3	3.21e-67	247
m0216	m0166	47.5	5.48e-67	246
m0216	m0048	47.6	9.35e-67	245
m0216	m0033	47.6	9.35e-67	245
m0216	m0197	48.5	3.55e-66	243
m0216	m0192	46.9	1.35e-65	242
m0216	m0062	44.4	1.76e-65	241
m0216	m0012	46.3	8.75e-65	239
m0216	m0002	47.3	1.14e-64	238
m0216	m0073	44.8	1.95e-64	238
m0216	m0070	46.1	9.68e-64	235
m0216	m0168	43.7	1.26e-63	235
m0216	m0084	45.1	1.4e-62	231
m0216	m0045	46.0	5.31e-62	230
m0216	m0098	43.8	6.93e-62	229
m0216	m0187	47.0	2.64e-61	227
m0216	m0054	44.8	1e-60	225
m0216	m0043	47.2	1.31e-60	225
m0216	m0124	43.8	2.23e-60	224
m0216	m0083	42.4	2.47e-59	221
m0216	m0149	43.0	4.21e-59	220
m0216	m0144	43.7	1.04e-57	215
m0216	m0109	43.3	1.04e-57	215
m0216	m0063	45.2	3.01e-57	214
m0216	m0118	42.3	4.35e-56	210
m0216	m0090	42.6	1.07e-54	205
m0216	m0066	43.3	1.07e-54	205
m0216	m0120	41.6	2.64e-53	201
m0216	m0031	42.5	5.51e-51	193
m0216	m0074	42.3	7.19e-51	193
m0216	m0175	39.5	6.73e-49	186
m0216	m0101	40.8	1.15e-48	185
m0216	m0184	40.4	1.15e-48	185
m0216	m0040	41.2	4.36e-48	183
m0216	m0065	39.2	4.36e-48	183
m0216	m0191	40.0	7.44e-48	183
m0216	m0210	39.4	1.66e-47	181
m0216	m0067	38.5	2.17e-47	181
m0216	m0176	39.1	2.17e-47	181
m0216	m0104	42.5	3.69e-47	180
m0216	m0194	38.8	4.82e-47	180
m0216	m0036	39.1	1.83e-46	178
m0216	m0079	38.4	2.39e-46	178
m0216	m0077	41.3	4.08e-46	177
m0216	m0167	38.5	5.33e-46	176
m0216	m0162	39.8	1.55e-45	175
m0216	m0037	39.0	3.46e-45	174
m0216	m0102	37.2	4.52e-45	173
m0216	m0071	38.4	4.52e-45	173
m0216	m0028	39.5	2.93e-44	171
m0216	m0095	38.5	3.82e-44	170
m0216	m0128	40.0	1.45e-43	168
m0216	m0170	37.7	1.23e-42	165
m0216	m0051	38.3	1.61e-42	165
m0216	m0159	35.8	6.1e-42	163
m0216	m0165	36.2	3.47e-37	147
m0216	m0005	36.0	1.11e-35	142
m0216	m0137	29.5	4.25e-27	114
m0216	m0160	30.3	2.75e-26	111
m0216	m0202	28.3	1.32e-20	92
m0216	m0185	28.9	6.15e-18	83
m0216	m0041	27.9	9.18e-14	69
m0216	m0064	28.5	1.24e-10	59
m0216	m0122	24.9	3.61e-10	57
m0216	m0143	23.4	0.00729	33
m0216	m0016	24.1	0.00953	33
m0216	m0099	25.0	0.0362	31
m0216	m0177	27.4	0.105	29
m0216	m0129	30.0	0.235	28
m0216	m0004	28.4	0.235	28
m0216	m0146	26.3	0.4	27
m0216	m0164	33.3	0.523	27
m0216	m0099	30.2	0.892	26
m0216	m0056	37.2	1.16	26
m0216	m0075	30.3	1.16	26
m0216	m0148	52.2	1.16	26
m0216	m0026	33.3	1.52	25
m0216	m0132	52.2	5.78	23
m0216	m0107	27.0	7.55	23
m0216	m0022	34.0	9.86	23
m0215	m0093	85.0	5.1e-221	758
m0215	m0047	85.5	3.42e-217	745
m0215	m0157	84.3	6.68e-213	731
m0215	m0006	84.0	1.49e-212	730
m0215	m0096	84.0	2.81e-211	725
m0215	m0014	80.2	2.46e-207	712
m0215	m0050	80.8	1.59e-206	710
m0215	m0206	81.9	8.74e-205	704
m0215	m0161	77.3	4.2e-199	685
m0215	m0023	77.6	2.16e-195	673
m0215	m0111	66.1	9.82e-148	514
m0215	m0039	64.4	4.88e-147	512
m0215	m0138	57.1	1.8e-133	467
m0215	m0183	73.5	3.08e-125	439
m0215	m0178	56.8	4.02e-125	439
m0215	m0113	59.2	1.69e-123	434
m0215	m0172	53.2	1.58e-121	427
m0215	m0094	54.5	1.75e-120	424
m0215	m0025	51.6	9.58e-119	418
m0215	m0158	52.7	2.13e-118	417
m0215	m0163	53.7	4.03e-117	413
m0215	m0198	54.0	8.97e-117	411
m0215	m0188	58.9	2.21e-115	407
m0215	m0154	49.1	2.07e-113	400
m0215	m0174	62.7	8.69e-112	395
m0215	m0130	57.0	1.64e-110	391
m0215	m0173	55.1	1.06e-109	388
m0215	m0125	53.3	1.06e-109	388
m0215	m0169	55.2	5.27e-109	386
m0215	m0068	51.7	5.83e-108	382
m0215	m0214	59.4	6.44e-107	379
m0215	m0088	63.5	2.71e-105	373
m0215	m0182	49.2	5.1e-104	369
m0215	m0076	68.3	2.14e-102	364
m0215	m0133	61.5	2.9e-99	353
m0215	m0017	58.3	9.03e-93	332
m0215	m0205	50.8	2.81e-86	310
m0215	m0123	58.0	3.94e-80	290
m0215	m0103	52.4	6.71e-80	289
m0215	m0131	52.5	1.31e-75	275
m0215	m0155	51.9	4.98e-75	273
m0215	m0001	49.7	2.73e-73	267
m0215	m0134	48.8	8.79e-72	262
m0215	m0086	50.3	8.79e-72	262
m0215	m0193	46.5	1.5e-71	261
m0215	m0141	50.0	6.3e-70	256
m0215	m0062	45.7	1.55e-68	251
m0215	m0048	48.2	2.03e-68	251
m0215	m0011	49.8	4.51e-68	250
m0215	m0097	48.2	5.89e-68	249
m0215	m0166	44.9	6.52e-67	246
m0215	m0197	47.2	8.51e-67	245
m0215	m0033	48.3	1.11e-66	245
m0215	m0192	48.4	2.1e-65	241
m0215	m0069	47.2	3.58e-65	240
m0215	m0070	46.8	3.58e-65	240
m0215	m0168	43.0	7.97e-65	239
m0215	m0002	47.3	1.77e-64	238
m0215	m0012	47.5	1.77e-64	238
m0215	m0073	43.3	3.03e-64	237
m0215	m0054	45.8	1.96e-63	234
m0215	m0043	48.6	2.56e-63	234
m0215	m0187	48.1	2.56e-63	234
m0215	m0045	46.8	3.35e-63	233
m0215	m0083	43.5	5.71e-63	233
m0215	m0098	44.3	3.13e-61	227
m0215	m0149	43.9	4.09e-61	226
m0215	m0084	43.7	4.09e-61	226
m0215	m0124	44.1	2.65e-60	224
m0215	m0063	47.3	4.52e-60	223
m0215	m0109	42.6	3.24e-58	217
m0215	m0118	44.4	1.61e-57	215
m0215	m0090	42.5	7.98e-57	212
m0215	m0144	40.6	1.78e-56	211
m0215	m0031	45.0	3.71e-54	203
m0215	m0120	41.1	1.08e-53	202
m0215	m0066	39.4	3.47e-52	197
m0215	m0074	42.6	5.92e-52	196
m0215	m0101	40.7	2.25e-51	194
m0215	m0210	39.4	1.05e-48	185
m0215	m0040	40.3	5.19e-48	183
m0215	m0191	38.6	6.78e-48	183
m0215	m0077	40.2	1.16e-47	182
m0215	m0175	39.6	1.51e-47	181
m0215	m0104	41.5	2.57e-47	181
m0215	m0184	40.1	5.74e-47	179
m0215	m0176	38.3	9.78e-47	179
m0215	m0036	40.1	1.67e-46	178
m0215	m0167	39.0	2.85e-46	177
m0215	m0194	39.1	6.34e-46	176
m0215	m0065	38.7	6.34e-46	176
m0215	m0162	39.7	1.08e-45	175
m0215	m0079	38.3	5.37e-45	173
m0215	m0067	36.5	2.04e-44	171
m0215	m0071	38.4	3.48e-44	170
m0215	m0095	37.5	7.75e-44	169
m0215	m0028	39.4	7.75e-44	169
m0215	m0037	38.7	1.73e-43	168
m0215	m0159	37.0	2.95e-43	167
m0215	m0051	39.2	2.95e-43	167
m0215	m0102	36.6	2.95e-43	167
m0215	m0170	37.5	5.02e-43	166
m0215	m0128	37.1	6.14e-41	159
m0215	m0165	38.8	1.67e-38	151
m0215	m0005	36.2	1.2e-36	145
m0215	m0137	30.8	5.58e-26	110
m0215	m0160	29.9	1.05e-24	106
m0215	m0185	32.5	3.17e-21	94
m0215	m0202	26.4	1.13e-18	86
m0215	m0041	27.4	5.79e-15	73
m0215	m0206	45.8	1.68e-14	72
m0215	m0014	43.1	4.15e-13	67
m0215	m0161	43.1	4.15e-13	67
m0215	m0006	40.3	5.42e-13	67
m0215	m0064	27.8	1.02e-11	62
m0215	m0122	23.0	6.2e-09	53
m0215	m0093	56.4	5.8e-07	47
m0215	m0096	56.1	7.58e-07	46
m0215	m0047	53.7	1.69e-06	45
m0215	m0050	54.8	1.69e-06	45
m0215	m0138	45.2	2.2e-06	45
m0215	m0023	50.0	3.76e-06	44
m0215	m0094	39.3	3.76e-06	44
m0215	m0198	40.5	4.91e-06	44
m0215	m0157	51.2	6.42e-06	43
m0215	m0113	50.0	8.38e-06	43
m0215	m0039	45.5	1.09e-05	42
m0215	m0158	35.7	0.000121	39
m0215	m0143	23.9	0.00102	36
m0215	m0099	28.4	0.00508	33
m0215	m0016	26.5	0.00508	33
m0215	m0177	28.8	0.0113	32
m0215	m0177	32.0	0.0148	32
m0215	m0026	23.8	0.0193	32
m0215	m0129	28.7	0.0252	31
m0215	m0146	27.1	0.0329	31
m0215	m0018	24.8	0.0959	29
m0215	m0183	28.9	0.0959	29
m0215	m0056	28.6	0.364	27
m0215	m0148	56.5	0.476	27
m0215	m0196	39.5	0.812	26
m0215	m0061	27.4	0.812	26
m0215	m0060	18.8	1.06	26
m0215	m0108	31.6	3.08	24
m0215	m0186	25.5	3.08	24
m0215	m0099	28.3	3.08	24
m0215	m0036	50.0	5.26	23
m0215	m0168	46.7	8.97	23
m0215	m0132	43.5	8.97	23
m0214	m0039	72.2	5.4e-130	455
m0214	m0173	67.8	7.81e-121	424
m0214	m0068	65.3	8.63e-120	421
m0214	m0188	60.4	2.78e-110	389
m0214	m0183	65.4	8.96e-109	384
m0214	m0006	60.2	2.88e-107	379
m0214	m0157	59.8	6.42e-107	378
m0214	m0093	59.2	1.09e-106	377
m0214	m0014	59.6	3.19e-106	376
m0214	m0096	59.6	4.16e-106	376
m0214	m0111	58.7	4.16e-106	376
m0214	m0161	59.5	1.21e-105	374
m0214	m0163	58.8	2.06e-105	373
m0214	m0094	60.3	1.34e-104	371
m0214	m0206	59.9	1.75e-104	370
m0214	m0130	60.2	1.75e-104	370
m0214	m0047	58.8	1.75e-104	370
m0214	m0050	59.0	2.28e-104	370
m0214	m0023	58.3	5.62e-103	365
m0214	m0088	61.6	1.25e-102	364
m0214	m0174	60.0	8.12e-102	361
m0214	m0169	58.8	6.87e-101	358
m0214	m0113	59.3	2e-100	357
m0214	m0138	57.2	7.6e-100	355
m0214	m0125	58.2	2.21e-99	353
m0214	m0076	65.9	1.87e-98	350
m0214	m0154	58.3	2.7e-97	346
m0214	m0158	54.6	1.48e-95	341
m0214	m0172	56.8	7.36e-95	338
m0214	m0182	56.5	1.26e-94	337
m0214	m0178	59.6	6.23e-94	335
m0214	m0133	55.0	2.22e-91	327
m0214	m0198	52.2	6.45e-91	325
m0214	m0025	57.3	1.1e-90	324
m0214	m0017	54.3	4.48e-84	302
m0214	m0205	51.0	3.55e-81	293
m0214	m0123	53.1	2.23e-75	273
m0214	m0001	49.7	8.46e-75	272
m0214	m0103	50.0	1.44e-74	271
m0214	m0197	50.9	1.6e-73	267
m0214	m0193	48.3	3.01e-72	263
m0214	m0086	48.3	1.49e-71	261
m0214	m0155	50.0	1.49e-71	261
m0214	m0033	50.0	8.2e-70	255
m0214	m0166	48.0	3.11e-69	253
m0214	m0131	45.9	6.94e-69	252
m0214	m0134	46.8	5.87e-68	249
m0214	m0069	47.2	5.87e-68	249
m0214	m0011	51.5	1.71e-67	247
m0214	m0168	48.6	2.91e-67	247
m0214	m0062	46.6	8.48e-67	245
m0214	m0002	49.4	3.22e-66	243
m0214	m0097	47.5	5.5e-66	242
m0214	m0141	48.5	6.08e-65	239
m0214	m0048	45.3	2.31e-64	237
m0214	m0045	46.8	6.72e-64	235
m0214	m0070	46.2	1.5e-63	234
m0214	m0124	46.7	1.96e-63	234
m0214	m0098	45.2	3.33e-63	233
m0214	m0012	47.2	7.43e-63	232
m0214	m0083	45.8	1.27e-62	231
m0214	m0192	45.1	1.66e-62	231
m0214	m0187	46.7	3.12e-61	226
m0214	m0073	43.8	4.08e-61	226
m0214	m0054	46.7	9.08e-61	225
m0214	m0043	47.9	1.19e-60	225
m0214	m0084	44.6	4.22e-58	216
m0214	m0063	45.2	1.77e-56	211
m0214	m0090	40.7	2.31e-56	210
m0214	m0109	45.6	3.02e-56	210
m0214	m0149	40.5	3.34e-55	206
m0214	m0120	44.2	3.34e-55	206
m0214	m0118	41.1	1.19e-52	198
m0214	m0101	41.2	4.52e-52	196
m0214	m0066	41.6	2.93e-51	193
m0214	m0144	41.3	3.82e-51	193
m0214	m0040	42.5	5.52e-50	189
m0214	m0184	41.1	1.23e-49	188
m0214	m0162	42.5	4.68e-49	186
m0214	m0210	40.4	1.36e-48	184
m0214	m0037	40.0	1.78e-48	184
m0214	m0051	41.4	6.75e-48	182
m0214	m0065	39.3	8.82e-48	182
m0214	m0191	38.8	8.82e-48	182
m0214	m0079	40.0	1.5e-47	181
m0214	m0104	42.1	1.96e-47	181
m0214	m0175	39.7	3.35e-47	180
m0214	m0036	39.6	5.71e-47	179
m0214	m0194	38.4	7.46e-47	179
m0214	m0102	39.6	7.46e-47	179
m0214	m0031	40.8	9.75e-47	178
m0214	m0067	36.4	2.17e-46	177
m0214	m0074	39.8	2.84e-46	177
m0214	m0167	37.3	1.84e-45	174
m0214	m0170	39.4	6.99e-45	172
m0214	m0077	38.8	1.19e-44	171
m0214	m0176	34.6	1.56e-44	171
m0214	m0128	40.0	2.65e-44	170
m0214	m0159	35.1	2.48e-42	164
m0214	m0095	34.8	5.54e-42	163
m0214	m0028	36.4	4.69e-41	159
m0214	m0071	37.8	2.33e-40	157
m0214	m0165	36.0	1.51e-39	154
m0214	m0005	38.5	9.15e-37	145
m0214	m0160	29.4	2.76e-25	107
m0214	m0202	27.8	2.76e-25	107
m0214	m0137	29.1	3.05e-24	104
m0214	m0041	26.5	5.22e-16	76
m0214	m0185	29.1	6.81e-16	76
m0214	m0122	24.3	5.97e-12	63
m0214	m0064	28.7	1.13e-10	59
m0214	m0121	35.8	0.000781	36
m0214	m0016	26.5	0.00388	33
m0214	m0026	23.3	0.00506	33
m0214	m0143	23.0	0.0113	32
m0214	m0177	25.8	0.0192	31
m0214	m0060	27.5	0.0429	30
m0214	m0099	29.5	0.056	30
m0214	m0099	29.9	0.163	28
m0214	m0007	25.0	0.213	28
m0214	m0173	29.0	1.06	25
m0214	m0057	27.5	1.8	25
m0214	m0197	33.3	6.85	23
m0214	m0143	40.0	8.94	22
m0213	m0159	29.7	0.132	29
m0213	m0205	35.1	2.48	25
m0213	m0113	34.2	5.53	23
m0213	m0011	30.3	7.22	23
m0213	m0094	33.3	7.22	23
m0212	m0196	27.1	2.28e-12	64
m0212	m0129	29.3	6.62e-12	62
m0212	m0061	33.3	4.74e-10	56
m0212	m0103	25.0	0.00734	32
m0212	m0056	38.3	0.00958	32
m0212	m0152	29.6	0.0364	30
m0212	m0136	27.8	0.106	28
m0212	m0141	28.0	0.308	27
m0212	m0066	29.5	0.526	26
m0212	m0159	32.5	0.526	26
m0212	m0113	25.4	0.897	25
m0212	m0124	23.7	1.53	25
m0212	m0002	22.9	2	24
m0212	m0012	26.3	2	24
m0212	m0103	50.0	2	24
m0212	m0123	50.0	2	24
m0212	m0131	52.6	2	24
m0212	m0098	31.0	4.45	23
m0212	m0073	38.7	5.81	23
m0212	m0099	26.4	7.59	22
m0212	m0200	24.1	9.92	22
m0212	m0187	26.9	9.92	22
m0211	m0010	33.2	1.03e-90	325
m0211	m0204	36.1	1.69	26
m0211	m0183	30.8	6.41	24
m0211	m0105	41.7	8.37	23
m0210	m0040	64.9	5.29e-110	388
m0210	m0102	66.4	2.01e-109	386
m0210	m0128	64.7	6.69e-105	371
m0210	m0104	64.2	5.66e-104	368
m0210	m0162	63.3	1.65e-103	367
m0210	m0170	62.3	9.99e-101	357
m0210	m0051	59.1	3.01e-97	346
m0210	m0033	45.8	5.18e-65	239
m0210	m0103	44.8	8.27e-63	231
m0210	m0166	45.1	1.08e-62	231
m0210	m0090	44.9	1.41e-62	231
m0210	m0131	45.5	1.19e-61	228
m0210	m0043	45.3	3.84e-60	223
m0210	m0063	44.7	5.02e-60	222
m0210	m0054	46.5	5.02e-60	222
m0210	m0149	42.2	1.91e-59	220
m0210	m0086	43.8	4.7e-58	216
m0210	m0012	46.9	8.01e-58	215
m0210	m0120	45.2	8.01e-58	215
m0210	m0123	44.5	8.01e-58	215
m0210	m0109	44.5	1.37e-57	214
m0210	m0134	42.4	2.33e-57	213
m0210	m0001	44.2	2.33e-57	213
m0210	m0193	44.4	5.19e-57	212
m0210	m0045	44.5	1.16e-56	211
m0210	m0002	44.5	1.97e-56	210
m0210	m0071	42.6	4.4e-56	209
m0210	m0083	43.8	2.18e-55	207
m0210	m0155	43.5	3.72e-55	206
m0210	m0124	45.3	6.35e-55	205
m0210	m0187	44.7	8.29e-55	205
m0210	m0197	43.6	1.41e-54	204
m0210	m0062	41.1	7.02e-54	202
m0210	m0077	41.9	2.04e-53	200
m0210	m0168	42.8	4.55e-53	199
m0210	m0192	41.0	1.01e-52	198
m0210	m0191	41.2	1.32e-52	198
m0210	m0141	45.2	2.26e-52	197
m0210	m0069	42.3	2.95e-52	196
m0210	m0048	44.2	8.58e-52	195
m0210	m0011	40.7	1.46e-51	194
m0210	m0097	42.2	4.26e-51	193
m0210	m0031	38.8	4.26e-51	193
m0210	m0073	41.6	7.26e-51	192
m0210	m0182	39.9	1.62e-50	191
m0210	m0169	41.7	2.11e-50	190
m0210	m0074	38.8	6.15e-50	189
m0210	m0173	40.0	1.37e-49	188
m0210	m0130	40.4	1.79e-49	187
m0210	m0017	38.9	3.05e-49	186
m0210	m0084	39.0	5.2e-49	186
m0210	m0188	38.6	6.8e-49	185
m0210	m0039	40.7	6.8e-49	185
m0210	m0125	39.7	8.88e-49	185
m0210	m0098	41.0	8.88e-49	185
m0210	m0157	38.3	1.51e-48	184
m0210	m0096	39.0	1.51e-48	184
m0210	m0070	39.4	1.98e-48	184
m0210	m0133	39.2	1.98e-48	184
m0210	m0184	37.7	2.58e-48	183
m0210	m0006	39.2	3.37e-48	183
m0210	m0194	38.0	3.37e-48	183
m0210	m0036	40.5	7.51e-48	182
m0210	m0206	39.7	7.51e-48	182
m0210	m0174	38.5	9.81e-48	181
m0210	m0144	40.4	9.81e-48	181
m0210	m0111	38.5	1.28e-47	181
m0210	m0094	40.8	1.28e-47	181
m0210	m0047	37.7	1.67e-47	181
m0210	m0159	41.0	1.67e-47	181
m0210	m0093	39.0	1.67e-47	181
m0210	m0163	37.1	2.19e-47	180
m0210	m0068	39.5	2.86e-47	180
m0210	m0167	39.2	2.86e-47	180
m0210	m0113	40.4	2.86e-47	180
m0210	m0158	39.6	2.86e-47	180
m0210	m0161	41.1	2.86e-47	180
m0210	m0183	40.0	2.86e-47	180
m0210	m0176	38.3	2.86e-47	180
m0210	m0079	37.9	3.73e-47	179
m0210	m0005	38.7	3.73e-47	179
m0210	m0067	39.1	8.31e-47	178
m0210	m0088	40.4	8.31e-47	178
m0210	m0050	39.4	1.09e-46	178
m0210	m0172	36.6	1.09e-46	178
m0210	m0014	39.9	1.42e-46	178
m0210	m0101	37.4	1.85e-46	177
m0210	m0025	36.9	4.12e-46	176
m0210	m0118	38.6	4.12e-46	176
m0210	m0065	36.3	4.12e-46	176
m0210	m0154	37.3	5.39e-46	176
m0210	m0023	38.0	5.39e-46	176
m0210	m0138	37.1	5.39e-46	176
m0210	m0175	35.9	7.03e-46	175
m0210	m0028	38.0	9.19e-46	175
m0210	m0178	37.7	1.57e-45	174
m0210	m0095	38.0	2.05e-45	174
m0210	m0198	38.9	2.05e-45	174
m0210	m0205	37.0	4.56e-45	173
m0210	m0165	36.1	2.96e-44	170
m0210	m0066	39.7	1.92e-43	167
m0210	m0037	36.3	3.27e-43	166
m0210	m0076	40.2	6.16e-42	162
m0210	m0202	28.1	4.9e-23	99
m0210	m0137	27.6	1.63e-18	84
m0210	m0160	29.5	1.06e-17	82
m0210	m0185	26.8	1.38e-17	81
m0210	m0041	26.4	1.87e-14	71
m0210	m0064	21.5	7.6e-08	49
m0210	m0016	26.2	0.00148	35
m0210	m0108	25.7	0.0477	30
m0210	m0092	34.7	0.404	27
m0210	m0177	31.5	0.9	25
m0210	m0200	29.4	3.42	23
m0210	m0119	32.4	4.47	23
m0209	m0190	50.0	1.94e-74	270
m0209	m0087	43.6	9.66e-66	242
m0209	m0085	45.0	1.26e-65	241
m0209	m0058	43.5	4.06e-64	236
m0209	m0029	44.8	2.02e-63	234
m0209	m0106	46.9	1e-62	231
m0209	m0151	45.5	1.71e-62	231
m0209	m0019	43.7	7.42e-58	215
m0209	m0186	42.9	1.83e-56	211
m0209	m0046	41.9	4.5e-55	206
m0209	m0009	38.9	1.71e-54	204
m0209	m0082	41.3	2.23e-54	204
m0209	m0110	43.9	3.81e-54	203
m0209	m0049	44.4	6.5e-54	202
m0209	m0179	40.7	1.11e-53	201
m0209	m0112	39.2	4.21e-53	200
m0209	m0164	38.3	1.71e-46	178
m0209	m0105	32.0	2.4e-32	131
m0209	m0135	35.3	2.4e-32	131
m0209	m0171	30.4	5.01e-30	123
m0209	m0207	29.1	4.85e-25	106
m0209	m0147	46.2	7.06	23
m0208	m0114	41.7	1.35e-37	148
m0208	m0030	37.1	2.81e-35	140
m0208	m0132	30.9	3.57e-06	44
m0208	m0148	25.2	3.95e-05	40
m0208	m0147	26.7	0.00824	32
m0208	m0114	53.8	0.0141	32
m0208	m0099	36.4	0.0184	31
m0208	m0141	68.8	0.155	28
m0208	m0030	88.9	0.346	27
m0208	m0160	64.7	0.346	27
m0208	m0026	20.8	0.452	27
m0208	m0147	35.9	2.24	24
m0207	m0105	37.4	2.42e-53	200
m0207	m0135	39.3	9.19e-53	198
m0207	m0171	36.8	2.67e-52	197
m0207	m0085	32.2	4.29e-34	136
m0207	m0110	30.1	1.69e-30	124
m0207	m0019	29.7	3.76e-30	123
m0207	m0009	32.4	3.76e-30	123
m0207	m0087	30.4	1.86e-29	121
m0207	m0190	29.0	1.21e-28	118
m0207	m0058	28.3	4.3e-26	110
m0207	m0029	29.1	2.13e-25	107
m0207	m0151	28.7	2.13e-25	107
m0207	m0046	28.8	2.79e-25	107
m0207	m0179	28.3	6.21e-25	106
m0207	m0049	29.2	5.25e-24	103
m0207	m0112	27.1	1.29e-22	98
m0207	m0082	28.4	1.69e-22	98
m0207	m0106	27.0	3.76e-22	97
m0207	m0186	24.8	1.39e-16	78
m0207	m0164	25.1	1.3e-14	72
m0207	m0153	34.2	5.29	23
m0207	m0113	29.3	6.91	23
m0206	m0157	86.1	1.53e-239	819
m0206	m0047	85.4	5.1e-235	804
m0206	m0050	83.1	1.39e-232	796
m0206	m0096	85.8	9e-232	793
m0206	m0093	82.2	1.88e-229	786
m0206	m0006	80.5	2.37e-224	769
m0206	m0014	78.9	9.97e-223	763
m0206	m0161	81.3	3.92e-219	752
m0206	m0023	77.6	1e-214	737
m0206	m0039	65.6	6.15e-164	568
m0206	m0111	76.1	1.09e-144	504
m0206	m0138	57.2	1.02e-142	498
m0206	m0113	58.8	1.38e-139	487
m0206	m0094	55.2	2.28e-134	470
m0206	m0178	55.9	6.63e-134	468
m0206	m0154	53.0	7.33e-133	465
m0206	m0172	54.0	4.02e-131	459
m0206	m0158	53.2	2.88e-129	453
m0206	m0198	52.7	1.87e-128	450
m0206	m0025	51.5	6.65e-126	442
m0206	m0183	58.6	3.53e-119	419
m0206	m0163	52.7	2.8e-116	410
m0206	m0173	52.5	1.76e-110	391
m0206	m0188	59.0	3.66e-108	383
m0206	m0068	62.0	6.25e-108	382
m0206	m0174	60.4	8.16e-108	382
m0206	m0130	62.8	2.38e-107	380
m0206	m0088	61.3	8.45e-105	372
m0206	m0169	52.4	8.45e-105	372
m0206	m0125	51.1	9.34e-104	368
m0206	m0076	68.9	3.92e-102	363
m0206	m0182	49.9	1.82e-99	354
m0206	m0133	59.4	4.06e-99	353
m0206	m0017	60.2	1.27e-92	331
m0206	m0205	51.7	4.98e-89	319
m0206	m0123	57.0	1.23e-79	288
m0206	m0103	51.6	1.04e-78	285
m0206	m0155	50.2	1.55e-74	271
m0206	m0131	51.1	4.52e-74	270
m0206	m0086	51.4	1.01e-73	268
m0206	m0001	50.0	8.53e-73	265
m0206	m0134	48.5	3.24e-72	263
m0206	m0193	47.8	2.74e-71	260
m0206	m0097	50.9	5.17e-70	256
m0206	m0166	49.3	8.82e-70	255
m0206	m0141	49.2	3.35e-69	253
m0206	m0062	43.5	7.47e-69	252
m0206	m0048	47.0	8.26e-68	249
m0206	m0002	48.5	6.99e-67	246
m0206	m0069	47.0	2.03e-66	244
m0206	m0168	46.9	2.66e-66	244
m0206	m0073	45.2	4.53e-66	243
m0206	m0011	48.4	4.53e-66	243
m0206	m0192	48.8	4.53e-66	243
m0206	m0033	48.2	5.92e-66	243
m0206	m0197	46.1	1.32e-65	242
m0206	m0098	46.4	5.01e-65	240
m0206	m0012	48.6	4.24e-64	236
m0206	m0070	46.2	9.45e-64	235
m0206	m0045	48.1	1.23e-63	235
m0206	m0054	45.4	1.61e-63	235
m0206	m0043	47.2	4.69e-63	233
m0206	m0083	45.8	8e-63	232
m0206	m0084	45.1	8e-63	232
m0206	m0149	45.0	2.33e-62	231
m0206	m0187	47.3	3.04e-62	230
m0206	m0124	44.8	7.49e-61	226
m0206	m0063	45.5	1.41e-59	221
m0206	m0109	44.6	4.11e-59	220
m0206	m0144	43.6	5.37e-59	220
m0206	m0090	43.6	2.49e-56	211
m0206	m0066	42.6	1.62e-55	208
m0206	m0118	42.7	3.6e-55	207
m0206	m0120	41.5	1.05e-54	205
m0206	m0074	41.9	4.12e-51	193
m0206	m0031	42.6	7.02e-51	193
m0206	m0101	42.1	2.04e-50	191
m0206	m0184	42.7	1.01e-49	189
m0206	m0191	40.0	1.12e-48	185
m0206	m0175	39.2	7.27e-48	183
m0206	m0194	40.3	7.27e-48	183
m0206	m0040	38.9	1.62e-47	181
m0206	m0067	38.7	1.62e-47	181
m0206	m0077	40.2	2.11e-47	181
m0206	m0065	39.2	4.71e-47	180
m0206	m0079	39.3	1.05e-46	179
m0206	m0167	38.7	1.05e-46	179
m0206	m0176	38.4	1.37e-46	178
m0206	m0104	41.1	1.79e-46	178
m0206	m0036	39.4	3.05e-46	177
m0206	m0037	38.0	5.21e-46	176
m0206	m0102	36.7	1.98e-45	174
m0206	m0071	38.4	2.59e-45	174
m0206	m0051	37.8	2.86e-44	171
m0206	m0162	38.1	2.86e-44	171
m0206	m0159	38.4	2.86e-44	171
m0206	m0128	38.8	2.86e-44	171
m0206	m0028	39.8	1.09e-43	169
m0206	m0170	36.5	9.19e-43	166
m0206	m0095	37.0	9.19e-43	166
m0206	m0005	36.7	8.91e-38	149
m0206	m0165	38.4	4.42e-37	147
m0206	m0137	29.5	4.9e-28	117
m0206	m0160	30.3	5.99e-26	110
m0206	m0202	27.5	6.85e-22	96
m0206	m0185	28.1	2.28e-17	81
m0206	m0041	28.1	1.06e-14	72
m0206	m0064	27.3	3.53e-10	57
m0206	m0122	25.0	1.48e-08	52
m0206	m0099	26.1	0.0121	32
m0206	m0016	24.2	0.0159	32
m0206	m0143	22.7	0.0159	32
m0206	m0177	36.4	0.0462	30
m0206	m0177	27.3	0.0462	30
m0206	m0026	23.9	0.0787	30
m0206	m0196	26.3	0.103	29
m0206	m0129	28.2	0.175	28
m0206	m0004	29.9	0.175	28
m0206	m0146	26.4	0.175	28
m0206	m0099	30.2	0.871	26
m0206	m0056	30.2	0.871	26
m0206	m0148	38.0	1.14	26
m0206	m0022	34.0	3.31	24
m0206	m0092	28.8	4.32	24
m0206	m0142	32.7	4.32	24
m0206	m0089	27.4	5.64	23
m0206	m0075	29.4	9.63	23
m0205	m0174	55.0	3.91e-99	352
m0205	m0154	56.1	2.01e-95	340
m0205	m0138	55.8	2.62e-95	340
m0205	m0169	55.4	2.9e-94	336
m0205	m0178	61.3	1.22e-92	331
m0205	m0157	52.1	7.9e-92	328
m0205	m0130	55.2	1.35e-91	327
m0205	m0088	56.2	5.66e-90	322
m0205	m0188	54.5	9.66e-90	321
m0205	m0050	51.5	1.26e-89	321
m0205	m0163	51.6	1.07e-88	318
m0205	m0023	52.6	1.39e-88	317
m0205	m0094	54.6	2.38e-88	317
m0205	m0014	53.2	6.92e-88	315
m0205	m0161	52.3	1.18e-87	314
m0205	m0047	51.9	1.54e-87	314
m0205	m0113	56.0	2.01e-87	314
m0205	m0111	52.4	2.23e-86	310
m0205	m0096	51.2	2.23e-86	310
m0205	m0093	53.7	4.96e-86	309
m0205	m0172	51.1	1.88e-85	307
m0205	m0173	50.7	2.46e-85	307
m0205	m0076	59.2	5.48e-85	305
m0205	m0006	49.4	5.48e-85	305
m0205	m0025	53.4	7.92e-84	302
m0205	m0068	51.1	6.7e-83	299
m0205	m0183	56.8	6.7e-83	299
m0205	m0133	50.2	1.11e-77	281
m0205	m0125	46.5	1.45e-77	281
m0205	m0039	50.8	9.37e-77	278
m0205	m0182	46.7	4.65e-76	276
m0205	m0158	47.6	6.72e-75	272
m0205	m0017	48.7	8.77e-75	272
m0205	m0198	47.0	9.08e-72	262
m0205	m0123	51.9	2.64e-71	260
m0205	m0103	46.6	7.19e-69	252
m0205	m0166	45.4	1.55e-63	234
m0205	m0197	45.3	7.7e-63	232
m0205	m0069	44.4	1.31e-62	231
m0205	m0033	46.9	2.93e-62	230
m0205	m0134	44.8	8.52e-62	228
m0205	m0155	47.4	3.24e-61	226
m0205	m0001	41.9	2.1e-60	224
m0205	m0011	43.6	2.74e-60	223
m0205	m0141	47.3	4.67e-60	223
m0205	m0062	40.8	1.78e-59	221
m0205	m0131	42.4	5.17e-59	219
m0205	m0097	44.9	1.15e-58	218
m0205	m0086	44.6	1.15e-58	218
m0205	m0193	41.6	2.84e-57	213
m0205	m0192	43.0	3.7e-57	213
m0205	m0168	42.8	1.84e-56	211
m0205	m0002	43.8	1.84e-56	211
m0205	m0012	43.1	1.84e-56	211
m0205	m0070	40.7	9.12e-56	208
m0205	m0048	42.8	4.53e-55	206
m0205	m0098	44.4	5.91e-55	206
m0205	m0073	41.8	5e-54	203
m0205	m0124	40.8	5e-54	203
m0205	m0083	40.4	4.24e-53	200
m0205	m0045	42.7	3.59e-52	196
m0205	m0054	38.2	6.12e-52	196
m0205	m0187	42.8	1.04e-51	195
m0205	m0084	39.0	1.36e-51	195
m0205	m0144	40.1	6.76e-51	192
m0205	m0043	41.9	1.51e-50	191
m0205	m0109	40.6	5.73e-50	189
m0205	m0040	38.0	3.14e-48	183
m0205	m0063	39.7	9.14e-48	182
m0205	m0118	37.5	1.56e-47	181
m0205	m0149	38.1	2.66e-47	180
m0205	m0090	38.8	2.66e-47	180
m0205	m0051	39.6	4.54e-47	179
m0205	m0066	39.3	4.54e-47	179
m0205	m0102	36.1	2.25e-46	177
m0205	m0167	38.2	5.02e-46	176
m0205	m0120	39.5	5.02e-46	176
m0205	m0162	38.2	6.55e-46	176
m0205	m0104	37.3	1.46e-45	174
m0205	m0065	39.0	2.49e-45	174
m0205	m0170	36.3	2.49e-45	174
m0205	m0184	39.9	3.25e-45	173
m0205	m0175	38.9	7.24e-45	172
m0205	m0074	39.9	1.24e-44	171
m0205	m0031	39.0	1.61e-44	171
m0205	m0067	39.0	2.75e-44	170
m0205	m0159	37.4	3.6e-44	170
m0205	m0191	38.5	1.37e-43	168
m0205	m0037	39.2	1.78e-43	168
m0205	m0194	36.8	8.86e-43	165
m0205	m0036	38.2	1.16e-42	165
m0205	m0128	37.9	1.51e-42	164
m0205	m0079	38.5	3.36e-42	163
m0205	m0101	37.3	4.39e-42	163
m0205	m0176	37.4	7.5e-42	162
m0205	m0028	36.6	2.18e-41	161
m0205	m0095	36.6	5.37e-40	156
m0205	m0077	37.5	5.37e-40	156
m0205	m0071	36.1	2.76e-36	144
m0205	m0165	32.6	6.8e-35	139
m0205	m0005	33.2	2.77e-28	117
m0205	m0202	27.1	2.51e-21	94
m0205	m0137	27.0	5.59e-21	93
m0205	m0160	27.8	9.53e-21	92
m0205	m0041	32.1	1.21e-15	75
m0205	m0185	27.6	4.29e-13	67
m0205	m0122	24.1	2.13e-12	64
m0205	m0064	28.3	1.09e-08	52
m0205	m0177	26.8	9.57e-05	39
m0205	m0099	29.2	0.000125	39
m0205	m0016	26.1	0.000278	37
m0205	m0005	30.8	0.00896	32
m0205	m0143	27.8	0.0153	32
m0205	m0146	20.3	0.02	31
m0205	m0152	33.3	0.0581	30
m0205	m0026	22.5	0.099	29
m0205	m0099	34.0	0.221	28
m0205	m0136	26.8	0.838	26
m0205	m0107	52.8	1.1	25
m0205	m0061	23.7	1.1	25
m0205	m0181	23.3	3.19	24
m0205	m0179	29.6	4.16	23
m0205	m0199	26.8	7.1	23
m0205	m0089	25.6	7.1	23
m0205	m0165	35.6	7.1	23
m0204	m0003	59.9	2.66e-75	273
m0204	m0052	56.2	1.37e-71	260
m0204	m0072	53.3	1.98e-62	230
m0204	m0024	50.7	1.86e-52	197
m0204	m0055	31.2	1.18e-14	71
m0204	m0080	26.8	1.26e-08	51
m0204	m0203	26.0	3.11e-07	47
m0204	m0154	25.2	0.195	27
m0204	m0136	26.4	0.333	27
m0204	m0174	32.4	4.8	23
m0203	m0080	58.9	7.57e-67	245
m0203	m0055	29.3	3.02e-15	73
m0203	m0052	28.1	4.22e-09	53
m0203	m0024	26.3	4.67e-08	49
m0203	m0003	27.7	0.00119	35
m0203	m0072	26.3	1.23	25
m0202	m0109	30.9	4.51e-32	129
m0202	m0031	29.9	6.51e-31	126
m0202	m0120	29.7	3.23e-30	123
m0202	m0144	28.9	1.23e-29	121
m0202	m0097	31.1	3.57e-29	120
m0202	m0074	28.5	1.96e-27	114
m0202	m0167	28.6	2.56e-27	114
m0202	m0101	29.0	3.34e-27	113
m0202	m0067	29.5	8.23e-26	109
m0202	m0131	31.2	1.07e-25	108
m0202	m0065	28.6	1.07e-25	108
m0202	m0184	27.5	1.4e-25	108
m0202	m0133	30.0	3.13e-25	107
m0202	m0168	28.4	3.13e-25	107
m0202	m0193	30.4	4.08e-25	106
m0202	m0079	27.7	5.33e-25	106
m0202	m0194	26.2	5.33e-25	106
m0202	m0012	29.5	6.97e-25	106
m0202	m0166	27.0	6.97e-25	106
m0202	m0141	28.8	9.1e-25	105
m0202	m0037	27.6	2.03e-24	104
m0202	m0124	30.7	2.03e-24	104
m0202	m0123	30.6	2.03e-24	104
m0202	m0111	29.1	2.65e-24	104
m0202	m0077	29.5	2.65e-24	104
m0202	m0175	25.7	4.52e-24	103
m0202	m0048	27.7	7.7e-24	102
m0202	m0073	28.5	1.31e-23	101
m0202	m0023	29.1	1.72e-23	101
m0202	m0192	28.1	1.72e-23	101
m0202	m0174	27.1	2.93e-23	100
m0202	m0086	25.9	4.99e-23	99
m0202	m0095	27.4	4.99e-23	99
m0202	m0103	29.0	6.52e-23	99
m0202	m0090	28.7	6.52e-23	99
m0202	m0188	26.3	6.52e-23	99
m0202	m0170	29.0	6.52e-23	99
m0202	m0162	30.9	8.52e-23	99
m0202	m0071	26.2	8.52e-23	99
m0202	m0161	28.3	1.45e-22	98
m0202	m0084	26.4	1.45e-22	98
m0202	m0014	28.7	1.45e-22	98
m0202	m0191	28.1	1.9e-22	97
m0202	m0002	29.0	2.48e-22	97
m0202	m0096	27.9	2.48e-22	97
m0202	m0098	28.9	2.48e-22	97
m0202	m0040	27.5	2.48e-22	97
m0202	m0050	28.3	2.48e-22	97
m0202	m0043	29.7	3.24e-22	97
m0202	m0187	28.1	4.23e-22	96
m0202	m0051	29.0	4.23e-22	96
m0202	m0182	26.8	4.23e-22	96
m0202	m0033	29.6	5.52e-22	96
m0202	m0063	29.1	9.42e-22	95
m0202	m0172	26.2	9.42e-22	95
m0202	m0163	27.5	1.23e-21	95
m0202	m0070	29.0	1.61e-21	94
m0202	m0197	26.2	2.1e-21	94
m0202	m0054	27.6	2.74e-21	94
m0202	m0093	27.2	2.74e-21	94
m0202	m0183	27.8	3.58e-21	93
m0202	m0036	26.4	3.58e-21	93
m0202	m0011	29.0	3.58e-21	93
m0202	m0045	27.5	3.58e-21	93
m0202	m0006	28.1	3.58e-21	93
m0202	m0130	25.9	4.67e-21	93
m0202	m0017	27.9	4.67e-21	93
m0202	m0062	27.0	6.1e-21	92
m0202	m0157	26.8	6.1e-21	92
m0202	m0155	27.1	1.04e-20	92
m0202	m0176	26.1	1.04e-20	92
m0202	m0158	28.1	1.36e-20	91
m0202	m0173	27.2	1.36e-20	91
m0202	m0178	29.3	1.36e-20	91
m0202	m0125	27.2	1.36e-20	91
m0202	m0028	30.5	1.78e-20	91
m0202	m0149	26.8	1.78e-20	91
m0202	m0083	27.5	1.78e-20	91
m0202	m0047	25.5	2.32e-20	91
m0202	m0025	26.6	2.32e-20	91
m0202	m0128	28.8	2.32e-20	91
m0202	m0069	25.3	3.03e-20	90
m0202	m0001	27.0	3.03e-20	90
m0202	m0154	29.1	3.96e-20	90
m0202	m0118	27.0	3.96e-20	90
m0202	m0104	28.4	3.96e-20	90
m0202	m0068	26.0	3.96e-20	90
m0202	m0094	25.9	5.17e-20	89
m0202	m0102	25.6	6.75e-20	89
m0202	m0076	29.8	6.75e-20	89
m0202	m0169	25.7	1.15e-19	88
m0202	m0113	26.3	1.15e-19	88
m0202	m0039	27.7	1.15e-19	88
m0202	m0198	27.2	1.5e-19	88
m0202	m0159	27.9	1.96e-19	87
m0202	m0066	28.3	3.35e-19	87
m0202	m0138	24.1	5.71e-19	86
m0202	m0088	25.2	9.75e-19	85
m0202	m0160	26.3	4.84e-18	83
m0202	m0005	27.4	8.25e-18	82
m0202	m0134	26.6	1.08e-17	82
m0202	m0137	26.6	3.47e-16	77
m0202	m0185	26.5	5.91e-16	76
m0202	m0165	21.8	7.99e-13	65
m0202	m0064	24.8	4.38e-11	60
m0202	m0041	26.7	1.08e-09	55
m0202	m0016	27.9	0.000178	38
m0202	m0136	22.7	0.00439	33
m0202	m0015	24.2	0.141	28
m0202	m0143	18.8	0.702	26
m0201	m0158	27.0	0.36	27
m0201	m0182	26.2	1.79	25
m0201	m0062	23.3	3.98	24
m0201	m0126	24.1	8.87	23
m0201	m0159	23.4	8.87	23
m0200	m0115	26.4	4.05e-29	121
m0200	m0150	30.8	4.19e-26	111
m0200	m0008	29.4	5.47e-26	110
m0200	m0139	23.3	2.71e-25	108
m0200	m0027	33.1	1.76e-24	105
m0200	m0059	30.0	6.26e-22	97
m0200	m0189	23.7	4.48e-20	91
m0200	m0145	26.4	6.7e-16	77
m0200	m0018	28.0	1.49e-15	75
m0200	m0145	44.8	1.77	25
m0200	m0071	37.1	2.31	25
m0199	m0007	25.1	0.000264	38
m0199	m0060	24.5	0.0111	32
m0199	m0020	25.0	0.0247	31
m0199	m0061	60.0	0.794	26
m0199	m0068	57.1	3.02	24
m0199	m0155	25.9	3.02	24
m0199	m0107	48.1	5.15	23
m0199	m0039	57.1	5.15	23
m0199	m0084	42.9	6.73	23
m0199	m0062	50.0	6.73	23
m0199	m0002	50.0	8.78	23
m0199	m0172	50.0	8.78	23
m0199	m0109	50.0	8.78	23
m0199	m0113	50.0	8.78	23
m0198	m0158	81.2	1.02e-216	743
m0198	m0138	57.4	8.22e-142	495
m0198	m0161	55.4	3.95e-136	476
m0198	m0094	54.2	1.27e-134	471
m0198	m0014	53.1	2.17e-134	470
m0198	m0113	54.1	1.84e-133	467
m0198	m0023	52.4	3.13e-133	466
m0198	m0006	53.8	4.52e-132	462
m0198	m0050	53.3	6.53e-131	458
m0198	m0093	52.5	1.46e-130	457
m0198	m0047	53.0	9.43e-130	455
m0198	m0039	52.6	2.1e-129	453
m0198	m0096	53.4	6.76e-128	448
m0198	m0157	50.9	1.84e-125	440
m0198	m0172	50.6	1.97e-119	420
m0198	m0154	48.4	3.48e-116	409
m0198	m0025	48.6	2.76e-113	400
m0198	m0178	49.2	3.98e-112	396
m0198	m0188	48.9	2.05e-100	357
m0198	m0163	49.6	4.57e-100	356
m0198	m0125	48.2	1.12e-98	351
m0198	m0111	50.9	1.12e-98	351
m0198	m0130	49.0	1.47e-98	351
m0198	m0169	46.4	6.39e-94	335
m0198	m0174	45.2	1.02e-91	328
m0198	m0068	46.0	1.92e-90	324
m0198	m0182	45.8	5.59e-90	322
m0198	m0183	44.4	7.31e-90	322
m0198	m0133	56.8	1.63e-89	321
m0198	m0173	46.3	6.84e-88	315
m0198	m0088	54.6	3.75e-86	310
m0198	m0076	58.4	3.18e-85	307
m0198	m0017	56.4	7.08e-85	305
m0198	m0123	51.1	2.14e-73	267
m0198	m0103	48.4	1.81e-72	264
m0198	m0131	49.1	9.92e-71	258
m0198	m0155	49.5	1.3e-70	258
m0198	m0033	46.3	7.86e-68	249
m0198	m0086	48.9	7.36e-66	242
m0198	m0097	50.3	3.65e-65	240
m0198	m0166	45.9	4.77e-65	240
m0198	m0002	48.3	5.27e-64	236
m0198	m0134	46.2	6.89e-64	236
m0198	m0168	47.2	6.89e-64	236
m0198	m0069	46.8	1.53e-63	235
m0198	m0197	43.2	9.94e-63	232
m0198	m0141	46.6	1.3e-62	231
m0198	m0098	46.4	2.22e-62	231
m0198	m0012	46.8	4.94e-62	230
m0198	m0001	44.6	1.88e-61	228
m0198	m0192	47.8	1.88e-61	228
m0198	m0045	44.9	1.88e-61	228
m0198	m0124	44.4	4.18e-61	226
m0198	m0193	45.1	9.31e-61	225
m0198	m0062	44.2	1.03e-59	222
m0198	m0043	45.5	1.14e-58	218
m0198	m0070	41.5	1.14e-58	218
m0198	m0073	41.2	1.14e-58	218
m0198	m0011	44.3	2.53e-58	217
m0198	m0109	42.5	5.65e-58	216
m0198	m0187	42.7	1.64e-57	215
m0198	m0048	42.6	2.15e-57	214
m0198	m0120	42.7	2.15e-57	214
m0198	m0031	44.6	2.8e-57	214
m0198	m0084	42.8	3.66e-57	213
m0198	m0083	42.7	6.24e-57	213
m0198	m0054	41.7	2.37e-56	211
m0198	m0144	40.3	2.01e-55	208
m0198	m0149	41.2	2.22e-54	204
m0198	m0063	42.5	2.22e-54	204
m0198	m0074	42.8	3.79e-54	203
m0198	m0067	41.6	9.33e-53	199
m0198	m0101	40.5	1.22e-52	198
m0198	m0065	40.6	3.54e-52	197
m0198	m0184	42.6	5.12e-51	193
m0198	m0079	41.7	6.69e-51	193
m0198	m0175	41.8	1.95e-50	191
m0198	m0194	41.9	4.33e-50	190
m0198	m0090	39.2	7.39e-50	189
m0198	m0167	41.2	9.65e-50	189
m0198	m0040	40.9	1.65e-49	188
m0198	m0176	40.0	2.15e-49	188
m0198	m0036	41.0	2.81e-49	187
m0198	m0066	39.5	8.17e-49	186
m0198	m0037	39.5	2.38e-48	184
m0198	m0191	41.7	4.06e-48	183
m0198	m0104	40.8	6.92e-48	183
m0198	m0028	38.9	9.99e-47	179
m0198	m0118	36.4	1.7e-46	178
m0198	m0051	38.6	3.8e-46	177
m0198	m0162	38.7	4.96e-46	176
m0198	m0095	38.7	1.1e-45	175
m0198	m0159	38.0	4.2e-45	173
m0198	m0102	37.4	5.48e-45	173
m0198	m0077	39.4	4.64e-44	170
m0198	m0128	35.9	1.35e-43	168
m0198	m0170	34.4	1.26e-41	162
m0198	m0071	35.4	5.31e-40	156
m0198	m0005	34.3	1.31e-38	152
m0198	m0165	38.0	2.23e-38	151
m0198	m0137	31.0	6.73e-27	113
m0198	m0160	29.5	1.5e-26	112
m0198	m0041	30.9	3.47e-15	74
m0198	m0185	27.7	5.18e-11	60
m0198	m0064	27.8	1.28e-09	55
m0198	m0122	20.4	5.02e-06	44
m0198	m0026	24.1	5.55e-05	40
m0198	m0143	23.2	0.000161	39
m0198	m0108	22.5	0.000469	37
m0198	m0026	22.3	0.0336	31
m0198	m0016	23.9	0.0574	30
m0198	m0050	25.2	0.218	28
m0198	m0121	25.3	1.85	25
m0198	m0108	26.1	9.16	23
m0197	m0069	71.9	1.71e-133	466
m0197	m0155	58.3	4.11e-103	366
m0197	m0001	55.4	3.85e-93	332
m0197	m0048	59.6	8.58e-93	331
m0197	m0193	54.0	8.03e-91	325
m0197	m0134	51.8	1.02e-85	308
m0197	m0086	52.7	4.27e-84	302
m0197	m0002	56.8	2.77e-83	300
m0197	m0103	49.7	4.72e-83	299
m0197	m0098	47.1	1.05e-82	298
m0197	m0166	53.0	1.79e-82	297
m0197	m0123	53.7	3.06e-82	296
m0197	m0141	56.4	5.22e-82	295
m0197	m0124	51.7	1.29e-80	291
m0197	m0073	48.5	1.29e-80	291
m0197	m0054	49.1	1.68e-80	290
m0197	m0168	47.8	2.42e-79	287
m0197	m0012	49.8	9.21e-79	285
m0197	m0033	50.7	1.2e-78	284
m0197	m0131	48.2	1.57e-78	284
m0197	m0062	49.0	3.5e-78	283
m0197	m0097	48.6	1.74e-77	280
m0197	m0011	51.4	3.87e-77	279
m0197	m0187	53.3	1.47e-76	277
m0197	m0083	50.0	1.92e-76	277
m0197	m0090	47.5	1.63e-75	274
m0197	m0045	49.3	2.12e-75	273
m0197	m0125	52.9	2.77e-75	273
m0197	m0066	50.9	1.38e-74	271
m0197	m0133	48.5	5.23e-74	269
m0197	m0084	45.8	8.92e-74	268
m0197	m0070	48.9	1.52e-73	267
m0197	m0182	51.0	1.99e-73	267
m0197	m0192	46.5	9.87e-73	265
m0197	m0017	50.2	3.75e-72	263
m0197	m0188	50.0	1.42e-71	261
m0197	m0183	48.7	3.51e-70	256
m0197	m0039	46.9	1.74e-69	254
m0197	m0169	49.0	5.07e-69	252
m0197	m0163	47.9	8.64e-69	252
m0197	m0130	50.9	2.51e-68	250
m0197	m0138	49.3	2.78e-67	247
m0197	m0154	45.3	3.63e-67	246
m0197	m0088	44.9	4.74e-67	246
m0197	m0063	45.5	8.09e-67	245
m0197	m0173	44.7	1.06e-66	245
m0197	m0174	45.6	1.38e-66	244
m0197	m0050	44.9	1.38e-66	244
m0197	m0025	46.4	1.8e-66	244
m0197	m0014	45.9	2.35e-66	243
m0197	m0068	43.9	3.07e-66	243
m0197	m0118	46.9	3.07e-66	243
m0197	m0096	45.4	4.01e-66	243
m0197	m0157	44.7	5.24e-66	242
m0197	m0043	47.4	5.24e-66	242
m0197	m0149	43.1	1.17e-65	241
m0197	m0006	44.4	1.53e-65	241
m0197	m0113	44.8	1.99e-65	240
m0197	m0178	47.5	2.6e-65	240
m0197	m0144	43.9	3.4e-65	240
m0197	m0047	45.8	3.4e-65	240
m0197	m0161	43.9	7.57e-65	238
m0197	m0023	47.7	7.57e-65	238
m0197	m0093	45.4	1.29e-64	238
m0197	m0111	44.5	1.69e-64	237
m0197	m0067	43.7	2.88e-64	236
m0197	m0076	48.5	4.91e-64	236
m0197	m0172	45.1	4.91e-64	236
m0197	m0094	43.4	1.09e-63	235
m0197	m0120	45.8	1.86e-63	234
m0197	m0036	43.5	1.34e-61	228
m0197	m0101	44.2	1.75e-61	227
m0197	m0184	44.3	1.48e-60	224
m0197	m0109	42.9	5.61e-60	222
m0197	m0095	42.3	2.79e-59	220
m0197	m0031	41.9	4.75e-59	219
m0197	m0175	43.6	1.06e-58	218
m0197	m0191	45.5	1.38e-58	218
m0197	m0079	41.0	2.36e-58	217
m0197	m0065	41.2	2.36e-58	217
m0197	m0037	41.7	3.08e-58	216
m0197	m0158	42.5	1.17e-57	215
m0197	m0167	41.4	2e-57	214
m0197	m0077	43.6	2.61e-57	213
m0197	m0176	39.9	5.81e-57	212
m0197	m0159	40.1	7.59e-57	212
m0197	m0071	44.8	7.59e-57	212
m0197	m0194	42.0	4.92e-56	209
m0197	m0102	43.4	5.44e-55	206
m0197	m0074	38.9	1.58e-54	204
m0197	m0040	41.5	1.03e-53	201
m0197	m0104	42.6	3.9e-53	200
m0197	m0051	41.0	3.9e-53	200
m0197	m0162	42.2	5.63e-52	196
m0197	m0170	38.8	2.79e-51	193
m0197	m0165	37.9	9.93e-49	185
m0197	m0028	38.8	1.69e-48	184
m0197	m0128	39.7	5.1e-45	173
m0197	m0005	36.6	8.43e-40	155
m0197	m0137	27.5	1.6e-22	98
m0197	m0160	26.1	2.72e-22	97
m0197	m0064	25.6	1.96e-12	64
m0197	m0185	25.3	6.29e-11	59
m0197	m0041	27.4	4.08e-10	57
m0197	m0122	24.1	2.64e-09	54
m0197	m0016	24.6	1.6e-06	45
m0197	m0099	27.5	0.000335	37
m0197	m0196	24.7	0.00824	32
m0197	m0019	25.4	0.0534	30
m0197	m0060	22.1	0.0911	29
m0197	m0143	26.5	0.119	28
m0197	m0116	36.8	0.452	27
m0197	m0177	27.5	0.452	27
m0197	m0007	27.7	1.32	25
m0197	m0107	47.1	1.32	25
m0197	m0029	22.0	1.72	25
m0197	m0010	41.2	2.93	24
m0197	m0152	28.6	3.83	23
m0197	m0039	26.8	6.53	23
m0196	m0129	28.9	1.01e-11	62
m0196	m0180	23.8	3.58e-09	54
m0196	m0061	30.8	5.71e-07	46
m0196	m0035	24.7	8.25e-06	42
m0196	m0103	27.2	3.13e-05	40
m0196	m0159	23.1	0.00132	35
m0196	m0099	22.7	0.00172	35
m0196	m0193	25.6	0.00293	34
m0196	m0123	27.5	0.00383	33
m0196	m0131	25.5	0.00853	32
m0196	m0053	25.0	0.0111	32
m0196	m0097	26.6	0.0111	32
m0196	m0134	27.5	0.0146	32
m0196	m0053	26.2	0.019	31
m0196	m0056	28.0	0.019	31
m0196	m0056	27.7	0.019	31
m0196	m0093	33.0	0.0324	30
m0196	m0098	30.3	0.0324	30
m0196	m0090	31.8	0.0423	30
m0196	m0116	27.0	0.0423	30
m0196	m0138	27.3	0.0423	30
m0196	m0125	30.7	0.0722	29
m0196	m0169	26.0	0.0722	29
m0196	m0011	30.2	0.0722	29
m0196	m0113	35.2	0.0943	29
m0196	m0182	25.5	0.0943	29
m0196	m0154	28.7	0.123	28
m0196	m0177	37.2	0.123	28
m0196	m0155	28.3	0.21	28
m0196	m0133	30.1	0.274	27
m0196	m0001	25.9	0.274	27
m0196	m0020	26.5	0.359	27
m0196	m0017	30.7	0.359	27
m0196	m0141	28.2	0.468	27
m0196	m0014	41.0	0.612	26
m0196	m0060	26.2	0.612	26
m0196	m0177	42.9	1.04	25
m0196	m0178	25.2	1.04	25
m0196	m0047	29.5	1.04	25
m0196	m0019	28.9	1.36	25
m0196	m0111	38.5	1.36	25
m0196	m0045	31.5	1.36	25
m0196	m0182	50.0	1.78	25
m0196	m0074	27.2	1.78	25
m0196	m0163	43.2	1.78	25
m0196	m0023	38.5	3.03	24
m0196	m0090	30.3	3.03	24
m0196	m0062	27.8	3.03	24
m0196	m0183	40.5	3.03	24
m0196	m0161	38.5	5.18	23
m0196	m0101	23.1	5.18	23
m0196	m0124	28.9	5.18	23
m0196	m0174	27.3	5.18	23
m0196	m0121	24.2	6.76	23
m0196	m0165	26.0	6.76	23
m0196	m0130	27.3	8.83	22
m0196	m0139	34.3	8.83	22
m0196	m0044	31.7	8.83	22
m0195	m0144	25.0	0.637	27
m0195	m0153	18.8	2.42	25
m0195	m0031	34.8	3.16	24
m0195	m0133	25.0	7.05	23
m0195	m0182	34.0	7.05	23
m0195	m0183	35.1	7.05	23
m0194	m0184	84.2	1.13e-150	523
m0194	m0175	83.4	5.62e-150	521
m0194	m0167	81.5	3.64e-149	518
m0194	m0079	81.5	8.97e-148	514
m0194	m0036	62.2	3.69e-109	386
m0194	m0028	57.8	7.44e-102	361
m0194	m0067	53.1	3.96e-95	339
m0194	m0176	51.9	3.83e-90	322
m0194	m0037	52.5	1.46e-89	320
m0194	m0095	51.2	1.9e-89	320
m0194	m0065	50.5	8.84e-87	311
m0194	m0101	51.7	1.51e-86	310
m0194	m0144	50.5	2.41e-84	303
m0194	m0077	51.0	2.41e-76	277
m0194	m0191	50.7	2.95e-74	270
m0194	m0109	50.3	3.85e-74	269
m0194	m0031	46.7	3.98e-71	259
m0194	m0074	46.0	1.51e-70	257
m0194	m0045	43.4	2.42e-68	250
m0194	m0165	46.1	9.19e-68	248
m0194	m0166	43.0	7.78e-67	245
m0194	m0083	43.6	3.86e-66	243
m0194	m0001	43.6	8.6e-66	242
m0194	m0120	45.1	1.47e-65	241
m0194	m0168	43.3	4.27e-65	239
m0194	m0187	45.1	1.24e-64	238
m0194	m0193	43.9	2.12e-64	237
m0194	m0011	44.4	4.72e-64	236
m0194	m0043	44.4	1.16e-62	231
m0194	m0012	42.3	1.52e-62	231
m0194	m0002	44.7	1.98e-62	230
m0194	m0086	42.8	5.77e-62	229
m0194	m0124	41.2	7.53e-62	228
m0194	m0063	44.0	6.38e-61	225
m0194	m0103	42.7	8.33e-61	225
m0194	m0131	41.6	2.42e-60	223
m0194	m0062	42.2	2.05e-59	220
m0194	m0141	42.6	2.05e-59	220
m0194	m0134	41.0	4.57e-59	219
m0194	m0123	42.4	7.79e-59	218
m0194	m0155	42.0	1.02e-58	218
m0194	m0097	43.0	8.62e-58	215
m0194	m0084	39.1	5.59e-57	212
m0194	m0054	39.7	6.18e-56	209
m0194	m0090	37.3	1.16e-54	205
m0194	m0149	38.5	1.52e-54	204
m0194	m0033	38.5	2.59e-54	203
m0194	m0069	38.7	5.78e-54	202
m0194	m0048	40.4	7.55e-54	202
m0194	m0066	41.5	2.87e-53	200
m0194	m0192	39.0	6.39e-53	199
m0194	m0071	43.6	1.09e-52	198
m0194	m0073	37.7	5.41e-52	196
m0194	m0158	41.5	7.07e-52	195
m0194	m0111	41.7	7.07e-52	195
m0194	m0070	38.3	9.23e-52	195
m0194	m0098	38.3	3.51e-51	193
m0194	m0162	37.7	1.02e-50	191
m0194	m0118	39.6	1.74e-50	191
m0194	m0125	42.4	2.97e-50	190
m0194	m0133	40.5	1.47e-49	188
m0194	m0182	39.2	3.28e-49	186
m0194	m0161	39.5	1.25e-48	184
m0194	m0040	35.7	2.78e-48	183
m0194	m0006	39.8	2.78e-48	183
m0194	m0157	39.5	2.78e-48	183
m0194	m0017	39.0	4.74e-48	183
m0194	m0023	40.3	4.74e-48	183
m0194	m0096	40.8	6.19e-48	182
m0194	m0050	39.4	8.08e-48	182
m0194	m0051	36.6	8.08e-48	182
m0194	m0047	39.5	1.06e-47	181
m0194	m0014	38.8	4.01e-47	179
m0194	m0104	37.6	5.24e-47	179
m0194	m0154	38.3	1.17e-46	178
m0194	m0170	35.4	1.17e-46	178
m0194	m0113	38.6	1.17e-46	178
m0194	m0039	39.3	2.6e-46	177
m0194	m0188	36.6	5.79e-46	176
m0194	m0163	37.3	7.57e-46	175
m0194	m0093	37.8	9.88e-46	175
m0194	m0130	40.1	1.29e-45	174
m0194	m0178	38.0	2.2e-45	174
m0194	m0068	36.5	2.88e-45	173
m0194	m0088	38.0	2.88e-45	173
m0194	m0025	38.0	6.41e-45	172
m0194	m0173	36.3	6.41e-45	172
m0194	m0174	37.4	1.09e-44	171
m0194	m0005	33.8	1.86e-44	171
m0194	m0128	35.7	1.86e-44	171
m0194	m0094	36.5	2.43e-44	170
m0194	m0159	33.4	2.43e-44	170
m0194	m0102	34.3	4.15e-44	169
m0194	m0138	39.0	5.42e-44	169
m0194	m0169	37.4	1.58e-43	168
m0194	m0183	39.6	2.06e-43	167
m0194	m0172	38.0	2.06e-43	167
m0194	m0076	38.0	1.81e-39	154
m0194	m0160	30.4	7.35e-33	132
m0194	m0137	31.3	7.35e-33	132
m0194	m0185	28.9	6.68e-18	82
m0194	m0041	25.3	2.8e-16	77
m0194	m0064	26.8	8.18e-08	49
m0194	m0143	24.5	6.48e-05	39
m0194	m0016	24.7	0.000111	39
m0194	m0177	30.0	0.0876	29
m0194	m0060	29.3	0.114	28
m0194	m0053	21.5	0.149	28
m0194	m0152	33.3	0.255	27
m0194	m0103	29.3	8.2	22
m0193	m0001	77.4	1.29e-136	477
m0193	m0168	64.2	4.31e-116	409
m0193	m0011	67.8	2.71e-110	389
m0193	m0062	61.8	9.63e-108	381
m0193	m0134	62.3	1.18e-105	374
m0193	m0103	62.4	1.18e-105	374
m0193	m0054	64.0	1.44e-103	367
m0193	m0045	62.3	7.89e-102	361
m0193	m0123	62.4	1.03e-101	361
m0193	m0141	66.3	3.92e-101	359
m0193	m0012	60.5	5.12e-101	359
m0193	m0187	65.3	5.12e-101	359
m0193	m0083	59.9	6.68e-101	358
m0193	m0124	60.0	2.81e-99	353
m0193	m0131	59.9	8.17e-99	351
m0193	m0002	62.5	2.63e-97	346
m0193	m0166	59.2	4.48e-97	346
m0193	m0155	56.1	2.91e-96	343
m0193	m0069	55.5	7.41e-92	328
m0193	m0090	54.8	3.11e-90	323
m0193	m0086	55.9	5.87e-89	319
m0193	m0063	54.4	1.22e-86	311
m0193	m0149	54.3	1.04e-85	308
m0193	m0118	53.9	3.94e-85	306
m0193	m0048	53.2	6.28e-83	299
m0193	m0043	54.5	4.07e-82	296
m0193	m0098	50.5	5.32e-82	295
m0193	m0097	52.5	1.19e-81	294
m0193	m0033	55.3	2.24e-80	290
m0193	m0182	51.1	2.92e-80	290
m0193	m0120	51.5	6.5e-80	289
m0193	m0073	50.5	1.11e-79	288
m0193	m0109	49.2	1.45e-79	287
m0193	m0067	53.6	7.95e-78	282
m0193	m0084	48.6	1.04e-77	281
m0193	m0144	46.3	3.02e-77	280
m0193	m0070	53.0	5.15e-77	279
m0193	m0017	48.3	1.96e-76	277
m0193	m0133	51.0	1.96e-76	277
m0193	m0192	48.5	1.66e-75	274
m0193	m0154	47.6	9.1e-74	268
m0193	m0174	49.6	2.03e-73	267
m0193	m0014	47.6	2.03e-73	267
m0193	m0025	48.1	2.65e-73	267
m0193	m0065	47.2	7.7e-73	265
m0193	m0066	49.1	1.01e-72	265
m0193	m0125	49.5	2.93e-72	263
m0193	m0188	47.7	2.93e-72	263
m0193	m0006	47.8	2.93e-72	263
m0193	m0036	52.3	6.52e-72	262
m0193	m0088	47.9	2.48e-71	260
m0193	m0163	46.3	2.48e-71	260
m0193	m0178	50.7	4.23e-71	259
m0193	m0169	48.4	5.52e-71	259
m0193	m0161	46.5	9.41e-71	258
m0193	m0183	50.2	1.23e-70	258
m0193	m0037	46.3	1.23e-70	258
m0193	m0130	48.9	1.23e-70	258
m0193	m0093	46.6	2.1e-70	257
m0193	m0138	47.1	2.1e-70	257
m0193	m0157	46.9	6.1e-70	255
m0193	m0173	47.6	6.1e-70	255
m0193	m0047	46.0	6.1e-70	255
m0193	m0050	47.5	1.36e-69	254
m0193	m0031	48.0	1.78e-69	254
m0193	m0023	46.8	1.78e-69	254
m0193	m0176	44.7	1.78e-69	254
m0193	m0101	45.6	1.78e-69	254
m0193	m0158	47.5	5.16e-69	252
m0193	m0096	47.3	8.81e-69	252
m0193	m0191	48.5	8.81e-69	252
m0193	m0172	46.2	1.96e-68	250
m0193	m0076	50.8	2.56e-68	250
m0193	m0184	46.1	3.35e-68	250
m0193	m0175	45.8	5.71e-68	249
m0193	m0111	45.7	9.74e-68	248
m0193	m0068	46.0	1.27e-67	248
m0193	m0094	48.4	1.27e-67	248
m0193	m0079	48.1	1.08e-66	245
m0193	m0040	50.0	1.41e-66	244
m0193	m0167	45.4	1.41e-66	244
m0193	m0113	45.7	1.41e-66	244
m0193	m0074	44.8	2.4e-66	243
m0193	m0051	47.8	5.34e-66	242
m0193	m0095	44.2	6.98e-66	242
m0193	m0170	47.8	4.52e-65	239
m0193	m0077	48.8	1.01e-64	238
m0193	m0104	48.1	1.32e-64	238
m0193	m0162	46.7	2.93e-64	236
m0193	m0159	44.0	3.83e-64	236
m0193	m0039	45.7	8.53e-64	235
m0193	m0071	45.2	1.9e-63	234
m0193	m0028	43.7	7.99e-62	228
m0193	m0102	44.0	7.99e-62	228
m0193	m0128	43.2	2.11e-54	204
m0193	m0165	43.8	8.01e-54	202
m0193	m0005	38.1	4.12e-42	163
m0193	m0160	31.2	1.47e-31	128
m0193	m0137	30.9	5.23e-29	119
m0193	m0185	26.1	1.74e-16	78
m0193	m0041	26.8	4.75e-14	70
m0193	m0064	27.6	5.8e-12	63
m0193	m0122	24.7	7.58e-12	62
m0193	m0136	26.4	1.48e-07	48
m0193	m0016	25.2	1.06e-05	42
m0193	m0060	25.1	0.000582	36
m0193	m0177	29.1	0.00169	35
m0193	m0026	25.0	0.0143	32
m0193	m0152	31.0	0.0711	29
m0193	m0007	20.2	0.0929	29
m0193	m0053	25.0	0.461	27
m0193	m0099	38.2	3.9	23
m0193	m0089	29.7	5.1	23
m0192	m0097	59.8	1.71e-98	350
m0192	m0084	56.9	4.08e-92	329
m0192	m0070	53.6	2.65e-83	300
m0192	m0086	52.5	4.23e-81	292
m0192	m0062	49.7	9.43e-81	291
m0192	m0123	54.4	1.61e-80	290
m0192	m0103	51.5	3.96e-79	286
m0192	m0134	48.7	3.35e-78	283
m0192	m0001	50.0	8.26e-77	278
m0192	m0131	49.1	1.08e-76	278
m0192	m0155	50.8	4.1e-76	276
m0192	m0149	48.2	2.03e-75	273
m0192	m0011	48.8	7.73e-75	272
m0192	m0168	49.0	2.94e-74	270
m0192	m0012	48.3	3.84e-74	269
m0192	m0166	49.6	1.12e-73	268
m0192	m0073	48.0	6.13e-72	262
m0192	m0141	50.4	6.13e-72	262
m0192	m0054	47.9	1.05e-71	261
m0192	m0124	47.7	1.36e-71	261
m0192	m0045	46.3	3.04e-71	260
m0192	m0002	49.6	1.51e-70	257
m0192	m0069	45.2	5.73e-70	255
m0192	m0187	49.0	5.73e-70	255
m0192	m0173	48.8	2.85e-69	253
m0192	m0163	47.0	8.28e-69	252
m0192	m0083	46.9	5.37e-68	249
m0192	m0188	48.6	1.56e-67	247
m0192	m0048	46.5	1.56e-67	247
m0192	m0096	49.1	5.93e-67	245
m0192	m0111	48.6	7.75e-67	245
m0192	m0109	46.3	1.01e-66	245
m0192	m0093	48.4	1.01e-66	245
m0192	m0174	48.8	1.01e-66	245
m0192	m0014	47.6	2.25e-66	243
m0192	m0050	46.1	5.02e-66	242
m0192	m0006	48.1	8.57e-66	242
m0192	m0088	46.6	1.46e-65	241
m0192	m0043	45.8	2.49e-65	240
m0192	m0125	46.3	5.55e-65	239
m0192	m0098	44.1	7.25e-65	238
m0192	m0068	46.9	9.47e-65	238
m0192	m0047	47.4	9.47e-65	238
m0192	m0157	47.0	1.24e-64	238
m0192	m0023	48.8	1.62e-64	237
m0192	m0161	48.3	2.11e-64	237
m0192	m0133	46.5	3.6e-64	236
m0192	m0017	47.1	3.6e-64	236
m0192	m0063	45.3	4.7e-64	236
m0192	m0118	44.4	4.7e-64	236
m0192	m0076	51.9	4.7e-64	236
m0192	m0182	43.2	6.14e-64	235
m0192	m0130	46.9	1.79e-63	234
m0192	m0039	47.5	3.05e-63	233
m0192	m0183	47.4	5.2e-63	232
m0192	m0154	45.3	6.79e-63	232
m0192	m0033	45.1	6.79e-63	232
m0192	m0120	45.8	1.16e-62	231
m0192	m0138	46.7	1.16e-62	231
m0192	m0144	43.8	1.16e-62	231
m0192	m0113	46.2	1.51e-62	231
m0192	m0025	45.5	3.37e-62	230
m0192	m0172	45.6	2.85e-61	226
m0192	m0169	45.2	2.85e-61	226
m0192	m0065	40.8	2.85e-61	226
m0192	m0090	43.8	4.87e-61	226
m0192	m0094	44.8	8.3e-61	225
m0192	m0178	46.5	8.3e-61	225
m0192	m0040	42.6	7.03e-60	222
m0192	m0051	40.4	1.2e-59	221
m0192	m0158	44.5	1.57e-59	221
m0192	m0170	40.3	2.04e-59	220
m0192	m0066	45.4	4.55e-59	219
m0192	m0104	45.7	4.55e-59	219
m0192	m0176	39.3	2.26e-58	217
m0192	m0031	39.0	2.95e-58	216
m0192	m0101	42.0	6.58e-58	215
m0192	m0067	38.9	2.5e-57	213
m0192	m0162	41.0	3.26e-57	213
m0192	m0167	38.4	3.26e-57	213
m0192	m0175	41.3	1.62e-56	211
m0192	m0191	41.7	1.62e-56	211
m0192	m0077	44.4	2.12e-56	210
m0192	m0102	38.8	2.34e-55	207
m0192	m0184	40.9	3.99e-55	206
m0192	m0036	42.6	5.21e-55	206
m0192	m0071	43.5	8.89e-55	205
m0192	m0074	42.1	8.89e-55	205
m0192	m0079	37.9	7.52e-54	202
m0192	m0095	39.0	4.88e-53	199
m0192	m0037	41.2	2.42e-52	197
m0192	m0159	40.7	1.57e-51	194
m0192	m0128	36.7	6.17e-48	182
m0192	m0028	37.3	9.85e-46	175
m0192	m0005	39.8	2.19e-45	174
m0192	m0165	33.7	3.63e-40	156
m0192	m0160	32.3	2.44e-28	117
m0192	m0137	30.7	1.34e-26	111
m0192	m0185	26.5	9.61e-17	79
m0192	m0064	26.1	1.44e-12	65
m0192	m0041	26.9	1.44e-12	65
m0192	m0122	25.0	1.59e-11	61
m0192	m0016	31.1	2.62e-06	44
m0192	m0136	26.6	6.46e-05	39
m0192	m0177	26.2	0.000547	36
m0192	m0016	26.1	0.0103	32
m0192	m0080	29.8	0.0176	31
m0192	m0038	27.2	0.114	28
m0192	m0099	26.1	0.194	28
m0192	m0007	28.3	1.26	25
m0192	m0060	18.4	1.65	25
m0192	m0129	30.3	2.15	24
m0192	m0105	27.6	2.81	24
m0191	m0077	77.6	1.04e-129	454
m0191	m0101	68.4	4.53e-101	359
m0191	m0144	59.4	2.95e-84	303
m0191	m0079	52.7	1.09e-78	284
m0191	m0175	52.3	1.09e-78	284
m0191	m0184	50.3	2.68e-77	280
m0191	m0167	53.0	1.92e-75	273
m0191	m0120	51.9	2.77e-74	270
m0191	m0031	54.8	8.06e-74	268
m0191	m0109	54.3	1.8e-73	267
m0191	m0028	52.1	7.54e-72	262
m0191	m0095	51.8	9.85e-72	261
m0191	m0036	52.9	2.87e-71	260
m0191	m0045	50.2	8.34e-71	258
m0191	m0074	49.8	4.14e-70	256
m0191	m0067	47.9	1.57e-69	254
m0191	m0168	50.2	5.98e-69	252
m0191	m0012	50.5	1.02e-68	251
m0191	m0065	46.8	6.61e-68	248
m0191	m0103	48.2	8.63e-68	248
m0191	m0011	48.6	8.63e-68	248
m0191	m0001	48.2	1.92e-67	247
m0191	m0002	47.5	3.28e-67	246
m0191	m0083	48.0	4.28e-67	246
m0191	m0033	47.1	1.25e-66	244
m0191	m0134	47.8	1.63e-66	244
m0191	m0187	49.2	4.74e-66	242
m0191	m0124	46.7	8.08e-66	242
m0191	m0123	49.4	8.08e-66	242
m0191	m0155	49.2	2.35e-65	240
m0191	m0176	45.9	4.01e-65	239
m0191	m0037	44.1	4.01e-65	239
m0191	m0131	47.1	8.93e-65	238
m0191	m0141	48.1	8.93e-65	238
m0191	m0048	47.3	1.17e-64	238
m0191	m0054	45.5	1.68e-63	234
m0191	m0166	45.2	1.68e-63	234
m0191	m0086	45.4	3.75e-63	233
m0191	m0062	46.7	4.9e-63	232
m0191	m0090	46.6	8.36e-63	231
m0191	m0063	45.6	5.42e-62	229
m0191	m0043	45.9	9.24e-62	228
m0191	m0073	46.6	2.06e-61	227
m0191	m0098	44.4	2.69e-61	226
m0191	m0162	44.9	3.88e-60	223
m0191	m0102	44.4	1.48e-59	221
m0191	m0071	45.7	5.61e-59	219
m0191	m0128	44.7	5.61e-59	219
m0191	m0070	43.6	7.32e-59	218
m0191	m0104	46.9	3.63e-58	216
m0191	m0005	43.9	6.2e-58	215
m0191	m0069	44.9	1.17e-56	211
m0191	m0097	45.1	1.99e-56	210
m0191	m0040	44.0	4.44e-56	209
m0191	m0118	43.3	7.58e-56	208
m0191	m0051	42.4	1.69e-55	207
m0191	m0066	41.7	2.2e-55	207
m0191	m0170	43.2	6.42e-55	205
m0191	m0149	41.8	1.09e-54	205
m0191	m0165	43.9	2.7e-53	200
m0191	m0084	40.1	8.67e-52	195
m0191	m0158	42.8	8.67e-52	195
m0191	m0125	39.7	1.06e-49	188
m0191	m0017	40.0	1.38e-49	188
m0191	m0182	41.8	2.36e-49	187
m0191	m0173	39.8	3.08e-49	186
m0191	m0088	40.9	1.17e-48	184
m0191	m0068	40.4	1.53e-48	184
m0191	m0039	40.0	2.61e-48	183
m0191	m0094	40.9	3.41e-48	183
m0191	m0014	39.3	3.41e-48	183
m0191	m0154	41.4	7.6e-48	182
m0191	m0050	38.9	1.3e-47	181
m0191	m0157	39.6	1.69e-47	181
m0191	m0096	41.0	1.69e-47	181
m0191	m0047	39.3	4.92e-47	179
m0191	m0188	39.1	6.43e-47	179
m0191	m0178	40.1	6.43e-47	179
m0191	m0174	38.4	8.4e-47	178
m0191	m0130	39.0	8.4e-47	178
m0191	m0111	39.9	1.1e-46	178
m0191	m0161	38.9	1.1e-46	178
m0191	m0138	39.6	1.1e-46	178
m0191	m0163	39.4	1.1e-46	178
m0191	m0093	40.4	1.1e-46	178
m0191	m0006	38.4	1.43e-46	178
m0191	m0133	38.2	1.87e-46	177
m0191	m0023	40.1	1.87e-46	177
m0191	m0169	38.8	1.87e-46	177
m0191	m0025	38.6	3.19e-46	176
m0191	m0076	40.8	2.07e-45	174
m0191	m0172	38.6	2.7e-45	173
m0191	m0159	38.4	1.03e-44	171
m0191	m0183	37.9	1.64e-42	164
m0191	m0113	38.1	8.13e-42	162
m0191	m0137	36.7	8.71e-36	142
m0191	m0160	33.5	2.15e-34	137
m0191	m0185	26.9	3.22e-14	70
m0191	m0041	26.4	1.5e-11	61
m0191	m0122	21.4	2.02e-08	51
m0191	m0064	25.7	3.81e-07	47
m0191	m0016	24.8	0.000177	38
m0191	m0177	26.1	0.00744	32
m0191	m0056	32.0	0.107	28
m0190	m0151	48.4	7.08e-72	262
m0190	m0046	45.3	1.38e-67	248
m0190	m0085	43.1	4.44e-66	243
m0190	m0087	45.7	4.91e-65	239
m0190	m0019	43.1	7.09e-64	235
m0190	m0058	43.0	5.08e-62	229
m0190	m0110	42.7	2.36e-59	220
m0190	m0029	40.0	1.53e-58	218
m0190	m0179	39.2	3.77e-57	213
m0190	m0106	41.4	2.7e-55	207
m0190	m0009	38.8	1.34e-54	205
m0190	m0112	39.0	8.69e-54	202
m0190	m0049	41.3	6.23e-52	196
m0190	m0082	38.8	2e-50	191
m0190	m0186	34.8	1.59e-47	181
m0190	m0105	34.7	2.01e-42	164
m0190	m0135	36.5	4.63e-39	153
m0190	m0171	34.2	1.54e-34	138
m0190	m0164	43.8	7.91e-31	126
m0190	m0164	41.2	1.23e-15	75
m0190	m0026	26.0	0.0203	31
m0190	m0161	24.3	0.5	27
m0190	m0108	27.9	1.11	25
m0190	m0014	23.7	1.46	25
m0190	m0055	26.4	2.48	24
m0189	m0150	35.5	3.17e-65	240
m0189	m0059	31.1	1.02e-47	182
m0189	m0139	31.1	8.67e-47	179
m0189	m0027	30.1	1.48e-46	178
m0189	m0115	30.2	3.19e-41	161
m0189	m0008	27.8	1.21e-40	159
m0189	m0145	35.4	1.03e-23	102
m0189	m0018	28.9	3.43e-19	87
m0189	m0039	25.6	0.00202	35
m0189	m0029	25.9	0.422	27
m0188	m0163	71.8	1.41e-189	653
m0188	m0130	77.4	3.14e-189	652
m0188	m0169	74.3	8.28e-182	627
m0188	m0111	64.3	6.59e-163	565
m0188	m0173	63.2	8.06e-161	558
m0188	m0068	61.9	2.06e-148	517
m0188	m0138	61.7	1.29e-142	497
m0188	m0125	59.2	1.21e-140	491
m0188	m0183	59.8	2.14e-137	480
m0188	m0174	59.0	1.81e-136	477
m0188	m0154	70.3	1.39e-128	451
m0188	m0088	71.2	1.06e-120	424
m0188	m0178	59.8	6.9e-120	422
m0188	m0172	69.0	6.9e-120	422
m0188	m0025	70.7	2.62e-119	420
m0188	m0076	75.0	5.66e-114	402
m0188	m0182	49.3	3.67e-113	399
m0188	m0014	52.9	4.79e-113	399
m0188	m0006	50.5	4.79e-113	399
m0188	m0093	58.8	6.26e-113	399
m0188	m0023	58.1	1.82e-112	397
m0188	m0161	53.4	1.3e-110	391
m0188	m0096	58.8	4.96e-110	389
m0188	m0047	56.4	1.1e-109	388
m0188	m0094	52.2	4.2e-109	386
m0188	m0157	49.5	4.64e-108	382
m0188	m0113	50.2	3.01e-107	380
m0188	m0050	57.9	3.01e-107	380
m0188	m0158	49.2	5.87e-103	366
m0188	m0039	50.2	1.11e-101	361
m0188	m0133	57.7	1.19e-95	341
m0188	m0017	59.3	1.15e-90	325
m0188	m0123	56.4	2.74e-84	304
m0188	m0103	53.0	2.32e-83	300
m0188	m0086	53.7	4.23e-77	280
m0188	m0166	51.8	2.75e-76	277
m0188	m0001	49.7	2.32e-75	274
m0188	m0131	49.6	4.38e-74	270
m0188	m0134	49.8	4.1e-72	263
m0188	m0155	50.3	9.14e-72	262
m0188	m0062	46.3	2.66e-71	260
m0188	m0069	51.0	1.01e-70	258
m0188	m0168	48.4	1.72e-70	258
m0188	m0033	47.2	6.55e-70	256
m0188	m0011	48.6	2.49e-69	254
m0188	m0002	50.2	9.46e-69	252
m0188	m0054	47.9	2.75e-68	250
m0188	m0012	48.8	8.01e-68	249
m0188	m0141	50.4	3.97e-67	247
m0188	m0097	49.7	8.85e-67	245
m0188	m0045	47.2	8.85e-67	245
m0188	m0187	48.9	5.74e-66	243
m0188	m0124	46.2	4.11e-64	236
m0188	m0070	45.9	7.01e-64	236
m0188	m0083	46.6	1.2e-63	235
m0188	m0084	44.7	3.26e-61	227
m0188	m0048	43.7	5.56e-61	226
m0188	m0043	48.4	1.24e-60	225
m0188	m0149	45.1	1.62e-60	225
m0188	m0073	41.8	2.76e-60	224
m0188	m0098	43.8	1.05e-59	222
m0188	m0109	43.9	6.36e-57	213
m0188	m0118	41.6	1.85e-56	211
m0188	m0063	44.4	2.42e-56	211
m0188	m0090	40.4	1.57e-55	208
m0188	m0120	43.4	1.02e-54	205
m0188	m0066	41.9	9.5e-53	199
m0188	m0101	39.7	9.5e-53	199
m0188	m0040	40.5	8.04e-52	196
m0188	m0162	40.8	3.99e-51	193
m0188	m0144	41.0	3.99e-51	193
m0188	m0102	38.6	6.81e-51	193
m0188	m0104	41.4	1.28e-49	188
m0188	m0175	38.7	2.86e-49	187
m0188	m0051	39.8	4.88e-49	186
m0188	m0074	40.1	8.32e-49	186
m0188	m0184	38.9	1.85e-48	184
m0188	m0128	38.2	9.2e-48	182
m0188	m0170	38.6	1.57e-47	181
m0188	m0031	40.7	3.5e-47	180
m0188	m0065	38.5	3.5e-47	180
m0188	m0079	37.6	1.33e-46	178
m0188	m0067	38.0	8.61e-46	176
m0188	m0077	38.6	1.47e-45	175
m0188	m0167	36.7	4.27e-45	173
m0188	m0036	38.7	1.24e-44	172
m0188	m0176	36.6	3.62e-44	170
m0188	m0159	36.0	6.17e-44	169
m0188	m0071	36.6	8.06e-44	169
m0188	m0095	37.3	5.23e-43	166
m0188	m0037	37.7	1.16e-42	165
m0188	m0028	36.9	1.99e-42	164
m0188	m0165	34.8	6.84e-35	139
m0188	m0005	34.3	3.75e-33	134
m0188	m0137	29.2	5.8e-26	110
m0188	m0160	30.9	2.21e-25	108
m0188	m0041	27.5	1.1e-16	79
m0188	m0185	26.6	5.1e-14	70
m0188	m0064	25.6	1.17e-10	59
m0188	m0122	21.1	5.46e-08	50
m0188	m0016	24.3	4.32e-05	40
m0188	m0177	29.7	0.00405	34
m0188	m0099	23.5	0.29	28
m0188	m0007	34.6	1.1	26
m0188	m0060	23.4	1.1	26
m0188	m0099	30.2	1.44	25
m0188	m0067	30.5	3.21	24
m0188	m0137	24.8	4.19	24
m0188	m0154	36.5	7.14	23
m0187	m0083	75.1	2.65e-119	419
m0187	m0045	74.7	3.23e-117	412
m0187	m0001	69.0	3.25e-101	359
m0187	m0141	67.8	6.13e-100	355
m0187	m0103	66.8	1.78e-99	353
m0187	m0168	64.6	3.36e-98	349
m0187	m0123	63.7	1.84e-96	343
m0187	m0134	63.5	4.11e-96	342
m0187	m0124	63.6	1.01e-94	337
m0187	m0054	63.8	1.91e-93	333
m0187	m0062	64.4	3.26e-93	332
m0187	m0012	62.4	4.25e-93	332
m0187	m0002	63.3	1.62e-92	330
m0187	m0011	63.3	5.2e-91	325
m0187	m0131	59.9	1.98e-90	323
m0187	m0086	58.8	5.95e-87	312
m0187	m0043	61.3	2.95e-86	309
m0187	m0063	60.9	5.57e-85	305
m0187	m0118	58.4	1.24e-84	304
m0187	m0166	54.8	3.61e-84	302
m0187	m0109	56.8	4.71e-84	302
m0187	m0155	56.9	8.04e-84	301
m0187	m0120	56.0	9.83e-82	294
m0187	m0090	56.3	4.88e-81	292
m0187	m0069	55.6	9.2e-80	288
m0187	m0149	52.9	5.96e-79	285
m0187	m0033	53.6	1.47e-77	280
m0187	m0067	51.9	9.85e-74	268
m0187	m0144	50.0	9.85e-74	268
m0187	m0084	49.2	1.68e-73	267
m0187	m0097	51.0	1.42e-72	264
m0187	m0070	51.2	3.17e-72	263
m0187	m0101	51.3	1.2e-71	261
m0187	m0048	51.5	1.57e-71	260
m0187	m0065	48.9	4.58e-71	259
m0187	m0031	49.4	5.98e-71	258
m0187	m0176	48.9	1.02e-70	258
m0187	m0071	48.7	1.02e-70	258
m0187	m0098	47.3	1.33e-70	257
m0187	m0175	48.1	2.51e-69	253
m0187	m0017	50.6	7.3e-69	252
m0187	m0073	49.0	9.54e-69	251
m0187	m0133	50.6	2.78e-68	250
m0187	m0036	48.3	2.78e-68	250
m0187	m0184	47.3	1.8e-67	247
m0187	m0167	47.3	2.35e-67	247
m0187	m0037	48.7	2.35e-67	247
m0187	m0095	48.1	3.07e-67	246
m0187	m0079	46.6	5.23e-67	245
m0187	m0074	46.1	8.93e-67	245
m0187	m0066	47.4	2.6e-66	243
m0187	m0125	50.0	7.56e-66	242
m0187	m0040	49.4	2.87e-65	240
m0187	m0088	49.0	3.75e-65	239
m0187	m0169	48.3	4.9e-65	239
m0187	m0130	47.9	1.43e-64	237
m0187	m0051	48.4	1.86e-64	237
m0187	m0170	48.1	2.43e-64	236
m0187	m0163	48.9	2.43e-64	236
m0187	m0077	48.6	4.15e-64	236
m0187	m0076	49.6	4.15e-64	236
m0187	m0174	48.1	4.15e-64	236
m0187	m0014	49.2	4.15e-64	236
m0187	m0162	47.9	5.42e-64	235
m0187	m0154	48.9	2.06e-63	233
m0187	m0182	47.5	3.51e-63	233
m0187	m0093	48.1	4.59e-63	232
m0187	m0028	45.7	4.59e-63	232
m0187	m0178	47.3	1.02e-62	231
m0187	m0138	47.0	2.28e-62	230
m0187	m0104	46.7	2.97e-62	230
m0187	m0161	47.7	3.88e-62	229
m0187	m0183	47.5	3.88e-62	229
m0187	m0006	47.3	5.07e-62	229
m0187	m0111	47.3	6.62e-62	228
m0187	m0096	46.6	1.93e-61	227
m0187	m0173	46.8	1.93e-61	227
m0187	m0047	46.6	4.29e-61	226
m0187	m0023	46.2	4.29e-61	226
m0187	m0157	46.2	7.32e-61	225
m0187	m0050	46.2	1.25e-60	224
m0187	m0068	44.5	1.63e-60	224
m0187	m0113	46.8	1.38e-59	221
m0187	m0158	44.2	8.95e-59	218
m0187	m0025	43.2	2.6e-58	216
m0187	m0159	43.3	4.44e-58	216
m0187	m0039	47.7	5.8e-58	215
m0187	m0165	44.0	7.58e-58	215
m0187	m0094	44.4	1.69e-57	214
m0187	m0172	43.9	3.76e-57	213
m0187	m0102	42.9	2.44e-56	210
m0187	m0128	45.3	2.44e-56	210
m0187	m0005	35.4	1.3e-41	161
m0187	m0160	33.6	4.05e-35	139
m0187	m0137	34.7	3.42e-34	136
m0187	m0185	28.2	6.49e-17	79
m0187	m0041	30.2	1.5e-13	68
m0187	m0064	26.0	3.68e-12	63
m0187	m0122	20.9	1.11e-08	52
m0187	m0016	26.4	2.47e-08	50
m0187	m0177	29.0	5.7e-05	39
m0187	m0143	25.2	0.00408	33
m0187	m0060	23.9	0.0265	30
m0187	m0026	22.1	0.0265	30
m0187	m0152	31.0	0.101	28
m0187	m0022	20.0	0.172	28
m0187	m0056	33.3	1.11	25
m0187	m0108	26.7	7.21	22
m0186	m0082	54.9	1.69e-97	347
m0186	m0164	47.8	5.3e-75	272
m0186	m0085	40.9	1.07e-59	221
m0186	m0151	42.6	9.39e-56	208
m0186	m0009	36.9	8.23e-52	195
m0186	m0087	38.2	5.9e-50	189
m0186	m0029	38.2	1.31e-49	188
m0186	m0046	35.4	6.52e-49	186
m0186	m0049	40.3	6.1e-47	179
m0186	m0106	39.0	1.15e-45	175
m0186	m0085	50.8	7.46e-45	172
m0186	m0058	36.0	5.35e-43	166
m0186	m0110	40.1	1.01e-41	162
m0186	m0019	36.1	1.72e-41	161
m0186	m0179	35.8	1.46e-40	158
m0186	m0112	31.7	5.72e-37	146
m0186	m0105	32.5	1.16e-29	122
m0186	m0135	31.0	8.57e-25	106
m0186	m0171	30.9	9.48e-24	102
m0186	m0169	23.3	0.0205	31
m0186	m0138	22.7	0.133	28
m0186	m0174	32.4	0.297	27
m0186	m0163	22.6	0.388	27
m0186	m0076	24.7	1.13	25
m0186	m0145	25.2	1.47	25
m0186	m0090	32.6	2.51	24
m0186	m0054	27.9	5.6	23
m0186	m0008	38.5	7.31	23
m0186	m0145	52.9	9.55	22
m0185	m0064	47.1	1.09e-76	278
m0185	m0041	40.5	7.89e-51	192
m0185	m0109	32.4	1.96e-25	107
m0185	m0040	30.6	3.69e-24	103
m0185	m0162	29.8	6.3e-24	102
m0185	m0128	28.5	1.4e-23	101
m0185	m0120	28.3	6.96e-23	99
m0185	m0170	28.8	6.96e-23	99
m0185	m0104	28.6	9.09e-23	99
m0185	m0095	29.4	2.03e-22	97
m0185	m0176	28.9	3.45e-22	97
m0185	m0102	28.9	4.51e-22	96
m0185	m0051	27.8	1.01e-21	95
m0185	m0043	28.8	1.01e-21	95
m0185	m0175	32.0	2.24e-21	94
m0185	m0149	27.9	2.24e-21	94
m0185	m0074	28.0	2.92e-21	94
m0185	m0131	29.1	3.82e-21	93
m0185	m0045	29.8	6.52e-21	92
m0185	m0096	31.8	6.52e-21	92
m0185	m0166	27.4	8.51e-21	92
m0185	m0157	31.6	1.9e-20	91
m0185	m0083	29.6	1.9e-20	91
m0185	m0103	26.8	3.23e-20	90
m0185	m0047	28.9	5.52e-20	89
m0185	m0037	27.6	9.41e-20	89
m0185	m0167	29.7	1.23e-19	88
m0185	m0025	26.2	1.23e-19	88
m0185	m0063	27.3	1.23e-19	88
m0185	m0011	29.2	1.6e-19	88
m0185	m0023	31.1	1.6e-19	88
m0185	m0001	28.0	2.1e-19	87
m0185	m0184	29.0	3.58e-19	87
m0185	m0079	31.7	3.58e-19	87
m0185	m0071	30.6	3.58e-19	87
m0185	m0111	31.8	6.1e-19	86
m0185	m0006	30.3	7.96e-19	86
m0185	m0122	24.4	7.96e-19	86
m0185	m0093	27.7	2.32e-18	84
m0185	m0174	29.8	3.03e-18	84
m0185	m0050	29.6	3.03e-18	84
m0185	m0062	28.7	5.16e-18	83
m0185	m0169	29.9	5.16e-18	83
m0185	m0101	29.6	5.16e-18	83
m0185	m0054	28.9	8.81e-18	82
m0185	m0067	26.9	8.81e-18	82
m0185	m0123	28.7	1.15e-17	82
m0185	m0172	27.0	3.35e-17	80
m0185	m0144	27.6	3.35e-17	80
m0185	m0168	26.2	7.45e-17	79
m0185	m0065	27.4	9.74e-17	79
m0185	m0005	28.7	1.27e-16	78
m0185	m0031	28.4	1.66e-16	78
m0185	m0182	28.2	1.66e-16	78
m0185	m0161	27.2	2.17e-16	77
m0185	m0002	27.3	2.17e-16	77
m0185	m0014	29.2	2.17e-16	77
m0185	m0036	28.0	3.7e-16	77
m0185	m0154	26.7	3.7e-16	77
m0185	m0173	27.5	6.31e-16	76
m0185	m0155	25.0	1.08e-15	75
m0185	m0138	27.8	1.08e-15	75
m0185	m0125	28.2	1.08e-15	75
m0185	m0178	27.7	1.41e-15	75
m0185	m0097	26.9	1.84e-15	74
m0185	m0130	27.2	1.84e-15	74
m0185	m0163	29.4	2.4e-15	74
m0185	m0113	28.3	2.4e-15	74
m0185	m0088	26.6	2.4e-15	74
m0185	m0077	25.3	6.98e-15	72
m0185	m0012	25.5	6.98e-15	72
m0185	m0084	27.4	1.19e-14	72
m0185	m0158	25.6	1.19e-14	72
m0185	m0090	26.3	1.55e-14	71
m0185	m0134	26.7	2.03e-14	71
m0185	m0094	28.2	4.52e-14	70
m0185	m0039	28.8	4.52e-14	70
m0185	m0073	25.1	5.91e-14	69
m0185	m0070	27.7	1.01e-13	69
m0185	m0017	27.2	1.01e-13	69
m0185	m0028	28.3	1.32e-13	68
m0185	m0124	26.2	1.32e-13	68
m0185	m0068	27.4	2.24e-13	67
m0185	m0159	26.0	3.83e-13	67
m0185	m0086	24.6	6.53e-13	66
m0185	m0048	28.6	8.53e-13	65
m0185	m0118	26.4	1.9e-12	64
m0185	m0141	26.6	3.24e-12	64
m0185	m0069	25.3	5.53e-12	63
m0185	m0160	25.4	5.53e-12	63
m0185	m0183	27.8	5.53e-12	63
m0185	m0137	26.2	7.22e-12	62
m0185	m0133	26.8	7.22e-12	62
m0185	m0033	27.7	7.22e-12	62
m0185	m0076	27.9	1.23e-11	62
m0185	m0066	27.5	4.68e-11	60
m0185	m0165	25.6	7.98e-11	59
m0185	m0098	26.1	8.83e-10	55
m0185	m0143	28.0	5.92e-06	43
m0185	m0026	26.7	2.94e-05	40
m0185	m0143	25.0	0.257	27
m0185	m0182	24.8	0.257	27
m0185	m0121	26.3	2.85	24
m0185	m0066	26.5	4.85	23
m0184	m0167	86.9	2.78e-157	545
m0184	m0175	86.5	3.08e-156	542
m0184	m0079	83.6	1.81e-148	516
m0184	m0036	62.0	1.15e-110	391
m0184	m0028	57.2	1.15e-102	364
m0184	m0067	55.0	3.24e-97	346
m0184	m0037	55.7	8.81e-95	338
m0184	m0095	53.7	9.12e-92	328
m0184	m0176	51.9	2.93e-90	323
m0184	m0065	52.5	5.53e-89	319
m0184	m0101	52.8	3.59e-88	316
m0184	m0144	50.5	1.67e-85	307
m0184	m0077	51.8	4.86e-77	279
m0184	m0031	48.5	1.73e-74	270
m0184	m0001	46.4	1.37e-71	261
m0184	m0109	47.4	3.05e-71	260
m0184	m0083	45.1	2.58e-70	257
m0184	m0045	44.7	2.58e-70	257
m0184	m0168	45.9	1.28e-69	254
m0184	m0074	44.9	1.67e-69	254
m0184	m0120	46.0	8.31e-69	252
m0184	m0103	46.5	8.31e-69	252
m0184	m0166	44.6	1.42e-68	251
m0184	m0043	46.8	4.12e-68	249
m0184	m0165	48.0	2.26e-66	243
m0184	m0011	44.4	3.86e-66	243
m0184	m0012	44.0	1.92e-65	240
m0184	m0124	43.6	2.12e-64	237
m0184	m0002	45.9	2.12e-64	237
m0184	m0131	44.0	3.61e-64	236
m0184	m0086	44.3	1.05e-63	235
m0184	m0063	43.7	1.79e-63	234
m0184	m0134	42.6	5.22e-63	232
m0184	m0123	47.3	6.81e-63	232
m0184	m0141	44.2	3.38e-62	230
m0184	m0062	45.3	4.42e-62	229
m0184	m0155	42.7	2.19e-61	227
m0184	m0084	40.7	1.09e-60	225
m0184	m0097	42.2	1.57e-59	221
m0184	m0090	41.6	2.05e-59	220
m0184	m0048	40.9	2.05e-59	220
m0184	m0069	41.0	5.05e-58	216
m0184	m0054	42.3	1.47e-57	214
m0184	m0149	41.1	3.27e-57	213
m0184	m0073	39.5	3.27e-57	213
m0184	m0033	39.4	5.59e-57	212
m0184	m0158	43.4	2.77e-56	210
m0184	m0071	45.3	8.07e-56	208
m0184	m0070	40.1	1.99e-54	204
m0184	m0098	39.1	1.99e-54	204
m0184	m0133	43.2	1.68e-53	201
m0184	m0066	41.9	3.75e-53	200
m0184	m0162	39.1	6.39e-53	199
m0184	m0125	42.5	8.35e-53	198
m0184	m0017	41.8	1.42e-52	198
m0184	m0118	39.9	1.42e-52	198
m0184	m0182	41.5	1.86e-52	197
m0184	m0040	38.8	9.23e-52	195
m0184	m0051	38.5	2.68e-51	193
m0184	m0104	39.8	2.97e-50	190
m0184	m0111	41.0	3.88e-50	190
m0184	m0178	41.6	8.64e-50	188
m0184	m0170	37.9	1.92e-49	187
m0184	m0157	40.9	3.28e-49	186
m0184	m0014	39.8	3.28e-49	186
m0184	m0161	40.4	3.28e-49	186
m0184	m0047	40.9	3.28e-49	186
m0184	m0023	41.0	4.29e-49	186
m0184	m0068	40.3	4.29e-49	186
m0184	m0050	41.4	9.55e-49	185
m0184	m0096	40.8	9.55e-49	185
m0184	m0173	41.1	9.55e-49	185
m0184	m0093	40.8	9.55e-49	185
m0184	m0006	40.5	1.25e-48	184
m0184	m0094	39.3	2.13e-48	184
m0184	m0113	40.3	2.78e-48	183
m0184	m0138	41.1	6.19e-48	182
m0184	m0154	40.1	8.08e-48	182
m0184	m0088	39.1	1.8e-47	181
m0184	m0163	37.5	5.24e-47	179
m0184	m0174	39.9	8.94e-47	178
m0184	m0039	39.9	1.52e-46	178
m0184	m0025	38.4	1.99e-46	177
m0184	m0183	41.4	3.4e-46	176
m0184	m0172	39.1	5.79e-46	176
m0184	m0005	33.8	1.69e-45	174
m0184	m0169	38.5	1.69e-45	174
m0184	m0076	41.7	1.69e-45	174
m0184	m0128	36.7	2.2e-45	174
m0184	m0159	34.3	2.2e-45	174
m0184	m0130	39.2	2.88e-45	173
m0184	m0102	36.3	2.43e-44	170
m0184	m0137	31.8	3.9e-34	136
m0184	m0160	31.3	1.48e-33	134
m0184	m0041	28.3	5.65e-17	79
m0184	m0064	32.2	6.69e-10	56
m0184	m0016	26.2	4.96e-05	40
m0184	m0177	23.3	0.149	28
m0184	m0152	31.0	0.149	28
m0184	m0053	22.5	0.195	28
m0184	m0035	20.9	8.2	22
m0183	m0111	64.0	1.03e-149	521
m0183	m0163	61.2	3.56e-142	496
m0183	m0130	58.2	5.7e-132	462
m0183	m0169	56.2	2.24e-128	450
m0183	m0023	58.4	1.04e-125	441
m0183	m0014	57.0	3.96e-125	439
m0183	m0125	54.8	5.17e-125	439
m0183	m0173	55.4	1.5e-124	437
m0183	m0182	53.3	1.97e-124	437
m0183	m0068	55.6	1.97e-124	437
m0183	m0093	57.3	4.38e-124	436
m0183	m0161	56.3	6.32e-123	432
m0183	m0096	57.9	2.4e-122	430
m0183	m0006	57.5	5.35e-122	429
m0183	m0050	57.3	2.66e-121	426
m0183	m0047	55.8	8.54e-120	421
m0183	m0157	55.4	4.24e-119	419
m0183	m0174	52.5	6.79e-109	385
m0183	m0039	52.7	5.74e-108	382
m0183	m0138	51.4	2.67e-105	373
m0183	m0154	67.4	1.32e-104	371
m0183	m0178	66.9	1.12e-103	368
m0183	m0088	66.4	3.61e-102	363
m0183	m0113	49.4	8.03e-102	362
m0183	m0133	65.5	4.41e-100	356
m0183	m0076	67.3	4.87e-99	352
m0183	m0172	63.7	1.85e-98	351
m0183	m0025	60.1	4.27e-95	339
m0183	m0094	60.9	1.05e-93	335
m0183	m0158	56.2	5.22e-93	332
m0183	m0017	61.4	3.38e-92	330
m0183	m0123	56.9	1.58e-81	294
m0183	m0103	53.4	1.63e-78	284
m0183	m0001	51.3	1.58e-73	268
m0183	m0155	52.7	1.75e-72	264
m0183	m0141	52.1	2.28e-72	264
m0183	m0033	51.7	4.3e-71	260
m0183	m0131	49.4	2.79e-70	257
m0183	m0166	50.2	6.21e-70	256
m0183	m0086	51.0	1.38e-69	255
m0183	m0069	49.1	1.81e-69	254
m0183	m0097	51.8	8.97e-69	252
m0183	m0002	49.0	1.17e-68	252
m0183	m0134	48.5	5.81e-68	249
m0183	m0062	48.0	6.43e-67	246
m0183	m0048	47.6	1.87e-66	244
m0183	m0011	50.0	2.7e-65	240
m0183	m0168	49.8	3.53e-65	240
m0183	m0012	48.9	4.6e-65	240
m0183	m0070	47.2	3.9e-64	236
m0183	m0054	47.0	3.3e-63	233
m0183	m0098	46.5	7.35e-63	232
m0183	m0124	46.5	1.25e-62	231
m0183	m0045	47.0	1.25e-62	231
m0183	m0043	49.6	9.94e-60	222
m0183	m0083	45.0	1.3e-59	221
m0183	m0073	43.1	1.43e-58	218
m0183	m0084	43.9	1.59e-57	215
m0183	m0063	46.9	2.71e-57	214
m0183	m0149	43.2	6.66e-56	209
m0183	m0118	44.6	3.31e-55	207
m0183	m0109	44.1	2.8e-54	204
m0183	m0144	41.9	4.04e-53	200
m0183	m0090	41.6	6.9e-53	199
m0183	m0120	42.1	9.96e-52	195
m0183	m0066	42.9	3.2e-50	190
m0183	m0040	43.7	2.08e-49	188
m0183	m0101	40.4	8.72e-48	182
m0183	m0104	42.5	5.65e-47	179
m0183	m0074	39.7	1.65e-46	178
m0183	m0162	41.2	2.81e-46	177
m0183	m0031	39.9	3.67e-46	177
m0183	m0036	40.5	1.39e-45	175
m0183	m0175	40.9	6.91e-45	173
m0183	m0067	39.9	2.01e-44	171
m0183	m0051	39.9	3.43e-44	170
m0183	m0037	36.8	1.3e-43	168
m0183	m0079	38.2	1.7e-43	168
m0183	m0176	38.5	2.22e-43	168
m0183	m0102	36.4	2.9e-43	167
m0183	m0065	39.8	3.79e-43	167
m0183	m0170	38.1	4.95e-43	166
m0183	m0159	38.4	8.45e-43	166
m0183	m0167	38.5	2.46e-42	164
m0183	m0071	35.9	5.13e-40	156
m0183	m0128	35.7	6.7e-40	156
m0183	m0077	35.8	1.49e-39	155
m0183	m0028	38.4	2.54e-39	154
m0183	m0095	35.8	6.27e-38	149
m0183	m0165	36.4	2.46e-34	138
m0183	m0005	36.3	1.6e-33	135
m0183	m0160	26.4	3.45e-20	91
m0183	m0137	26.6	4.51e-20	90
m0183	m0041	27.7	9.74e-15	72
m0183	m0064	28.7	2.74e-09	54
m0183	m0122	22.7	5.72e-07	47
m0183	m0016	24.4	0.000773	36
m0183	m0026	30.6	0.0112	32
m0183	m0148	23.2	0.0554	30
m0183	m0182	26.4	0.0554	30
m0183	m0146	28.2	0.0724	30
m0183	m0177	26.8	0.123	29
m0183	m0143	32.1	0.123	29
m0183	m0143	21.5	0.161	28
m0183	m0116	24.7	0.211	28
m0183	m0143	26.7	0.469	27
m0183	m0099	29.6	0.613	27
m0183	m0097	26.7	1.04	26
m0183	m0132	27.7	2.33	25
m0183	m0061	27.9	3.97	24
m0183	m0155	29.5	6.77	23
m0182	m0125	54.6	2.04e-119	420
m0182	m0111	52.3	3.49e-119	419
m0182	m0163	50.6	2.5e-117	413
m0182	m0173	48.5	8.06e-108	382
m0182	m0130	50.0	1.37e-107	381
m0182	m0169	49.6	3.06e-107	380
m0182	m0068	48.0	7.54e-106	375
m0182	m0093	47.7	7.3e-101	359
m0182	m0014	55.4	7.3e-101	359
m0182	m0096	48.1	6.18e-100	356
m0182	m0006	56.7	3.07e-99	353
m0182	m0161	54.9	1.17e-98	351
m0182	m0023	54.9	1.29e-97	348
m0182	m0047	48.0	1.29e-97	348
m0182	m0050	54.0	2.2e-97	347
m0182	m0157	51.3	3.75e-97	346
m0182	m0133	57.5	1.43e-96	344
m0182	m0158	54.5	1.47e-93	334
m0182	m0174	46.9	1.47e-93	334
m0182	m0017	57.4	2.78e-92	330
m0182	m0039	47.4	2.35e-91	327
m0182	m0178	47.4	3.08e-91	327
m0182	m0154	47.3	2.6e-90	324
m0182	m0113	46.9	5.8e-90	322
m0182	m0172	44.8	3.18e-88	317
m0182	m0138	52.9	7.09e-88	315
m0182	m0088	54.4	2.69e-87	314
m0182	m0076	59.2	3.29e-85	307
m0182	m0025	43.2	5.62e-85	306
m0182	m0094	44.9	1.63e-84	304
m0182	m0123	56.5	1.81e-83	301
m0182	m0103	52.4	2.61e-82	297
m0182	m0097	52.4	4.31e-77	280
m0182	m0001	49.2	1.06e-75	275
m0182	m0134	51.2	1.17e-74	272
m0182	m0011	51.1	9.94e-74	268
m0182	m0166	50.7	1.3e-73	268
m0182	m0141	51.9	2.89e-73	267
m0182	m0155	49.3	3.78e-73	267
m0182	m0069	48.7	3.78e-73	267
m0182	m0062	46.8	6.44e-73	266
m0182	m0131	47.0	1.1e-72	265
m0182	m0012	50.8	1.44e-72	265
m0182	m0002	52.5	1.87e-72	264
m0182	m0086	50.0	1.22e-71	262
m0182	m0033	49.0	1.75e-70	258
m0182	m0124	47.9	2.14e-68	251
m0182	m0048	45.6	1.06e-67	248
m0182	m0054	46.6	6.9e-67	246
m0182	m0168	45.1	9.01e-67	245
m0182	m0070	46.4	2.22e-65	241
m0182	m0073	43.9	6.46e-65	239
m0182	m0045	45.5	7.14e-64	236
m0182	m0083	44.6	1.59e-63	235
m0182	m0090	45.2	1.76e-62	231
m0182	m0043	47.4	1.94e-61	228
m0182	m0084	42.5	1.65e-60	225
m0182	m0149	42.3	2.81e-60	224
m0182	m0098	43.5	5.29e-59	220
m0182	m0063	45.4	3.43e-58	217
m0182	m0109	43.8	4.48e-58	216
m0182	m0101	42.0	5.48e-56	210
m0182	m0120	43.8	1.22e-55	208
m0182	m0144	43.3	1.22e-55	208
m0182	m0118	40.1	3.93e-54	203
m0182	m0067	41.6	1.95e-53	201
m0182	m0040	43.6	3.32e-53	200
m0182	m0066	42.4	1.26e-52	198
m0182	m0031	40.3	1.65e-52	198
m0182	m0176	38.6	2.81e-52	197
m0182	m0102	41.4	2.81e-52	197
m0182	m0037	38.6	8.19e-52	196
m0182	m0175	40.0	9.05e-51	192
m0182	m0036	41.8	2.63e-50	191
m0182	m0162	40.1	2.63e-50	191
m0182	m0104	42.5	5.87e-50	190
m0182	m0079	40.6	1.71e-49	188
m0182	m0167	38.6	1.71e-49	188
m0182	m0077	41.9	3.8e-49	187
m0182	m0065	37.1	6.49e-49	186
m0182	m0051	40.4	1.89e-48	184
m0182	m0128	41.8	1.89e-48	184
m0182	m0074	39.0	2.09e-47	181
m0182	m0028	39.0	1.35e-46	178
m0182	m0170	37.6	2.31e-46	178
m0182	m0159	38.1	4.35e-45	173
m0182	m0095	36.9	1.27e-44	172
m0182	m0071	38.5	5.32e-43	166
m0182	m0165	36.0	2.73e-39	154
m0182	m0005	35.6	1.01e-33	136
m0182	m0160	29.3	2.1e-23	101
m0182	m0137	29.0	1.15e-21	96
m0182	m0041	29.4	1.46e-16	79
m0182	m0064	28.1	4.55e-10	57
m0182	m0136	27.7	2.49e-08	51
m0182	m0122	19.5	3.6e-07	47
m0182	m0016	22.9	0.0204	32
m0182	m0108	25.2	0.0777	30
m0182	m0177	26.1	0.101	29
m0182	m0148	33.3	0.101	29
m0182	m0026	26.3	0.295	28
m0182	m0053	48.5	0.504	27
m0182	m0143	20.5	0.504	27
m0182	m0146	29.3	0.658	27
m0182	m0026	24.5	0.658	27
m0182	m0056	34.0	1.12	26
m0182	m0161	26.9	1.91	25
m0182	m0132	30.2	1.91	25
m0182	m0119	31.5	2.5	25
m0182	m0022	26.1	3.26	24
m0182	m0143	32.3	7.27	23
m0181	m0121	25.6	5.02e-05	39
m0181	m0013	24.1	0.0179	31
m0181	m0011	28.8	0.151	28
m0181	m0123	24.8	2.18	24
m0181	m0056	47.6	2.85	23
m0181	m0103	25.7	3.73	23
m0181	m0177	30.8	8.3	22
m0180	m0152	25.3	1.53e-06	45
m0180	m0129	22.7	0.00158	35
m0180	m0115	32.5	2.14	24
m0180	m0018	27.5	4.76	23
m0180	m0073	32.3	8.12	22
m0179	m0058	43.6	1.84e-69	254
m0179	m0085	42.0	5.55e-66	242
m0179	m0019	41.4	1.62e-57	214
m0179	m0106	43.2	7.52e-55	205
m0179	m0046	38.4	1.28e-54	205
m0179	m0087	36.9	6.36e-54	202
m0179	m0110	37.6	2.05e-52	197
m0179	m0029	37.4	7.28e-50	189
m0179	m0009	35.9	2.12e-49	187
m0179	m0151	35.5	1.52e-47	181
m0179	m0112	35.5	5.59e-42	163
m0179	m0164	33.8	1.05e-40	158
m0179	m0049	35.3	8.92e-40	155
m0179	m0082	34.1	3.17e-37	147
m0179	m0105	31.3	9.55e-34	135
m0179	m0171	31.1	6.41e-30	122
m0179	m0135	29.8	9.25e-29	119
m0178	m0172	81.4	2.11e-200	689
m0178	m0025	75.5	4.27e-185	638
m0178	m0154	74.1	1.13e-177	614
m0178	m0138	61.8	7.12e-148	515
m0178	m0094	63.1	1.75e-146	510
m0178	m0113	61.0	1.35e-138	484
m0178	m0096	55.5	1.54e-134	470
m0178	m0006	55.8	2.63e-134	470
m0178	m0023	56.5	4.48e-134	469
m0178	m0157	55.7	7.64e-134	468
m0178	m0047	55.3	1.44e-132	464
m0178	m0050	55.2	1.59e-131	460
m0178	m0014	54.0	6.69e-130	455
m0178	m0093	54.5	1.95e-129	453
m0178	m0174	60.6	3.32e-129	453
m0178	m0161	53.4	2.15e-128	450
m0178	m0039	52.5	2.72e-123	433
m0178	m0130	57.9	4.64e-123	432
m0178	m0163	58.7	9.68e-121	424
m0178	m0158	50.9	1.26e-120	424
m0178	m0169	58.5	3.68e-120	423
m0178	m0076	76.8	4.07e-119	419
m0178	m0088	77.3	9.06e-119	418
m0178	m0111	51.0	1.15e-105	374
m0178	m0068	52.3	1.83e-103	367
m0178	m0173	51.7	1.01e-101	361
m0178	m0125	48.5	2.17e-96	344
m0178	m0133	60.5	8.26e-96	342
m0178	m0017	59.6	3.04e-90	323
m0178	m0123	55.5	1.67e-80	291
m0178	m0103	53.6	1.56e-78	284
m0178	m0166	51.1	3.99e-74	270
m0178	m0131	50.0	7.04e-71	259
m0178	m0155	53.0	9.19e-71	258
m0178	m0001	49.5	7.78e-70	255
m0178	m0141	50.4	1.33e-69	255
m0178	m0062	47.5	1.73e-69	254
m0178	m0134	49.8	1.12e-68	252
m0178	m0086	51.3	5.58e-68	249
m0178	m0033	48.2	4.72e-67	246
m0178	m0168	48.9	3.38e-65	240
m0178	m0083	47.8	5.77e-65	239
m0178	m0097	49.1	1.29e-64	238
m0178	m0045	48.0	1.29e-64	238
m0178	m0069	47.6	4.88e-64	236
m0178	m0011	49.2	1.42e-63	235
m0178	m0012	48.3	1.86e-63	234
m0178	m0002	46.7	1.2e-62	231
m0178	m0124	46.2	4.28e-60	223
m0178	m0070	43.8	3.62e-59	220
m0178	m0043	46.6	6.83e-58	216
m0178	m0054	43.3	8.92e-58	215
m0178	m0084	42.7	1.52e-57	215
m0178	m0098	44.9	1.52e-57	215
m0178	m0149	41.8	4.43e-57	213
m0178	m0073	43.4	9.87e-57	212
m0178	m0144	43.7	9.87e-57	212
m0178	m0118	42.6	1.68e-56	211
m0178	m0048	42.9	4.9e-56	210
m0178	m0109	43.3	1.58e-54	205
m0178	m0063	42.8	7.82e-54	202
m0178	m0090	40.8	3.88e-53	200
m0178	m0120	41.7	8.64e-53	199
m0178	m0101	40.4	2.13e-51	194
m0178	m0175	41.9	1.38e-50	191
m0178	m0066	42.6	6.85e-50	189
m0178	m0036	42.9	8.94e-50	189
m0178	m0040	40.5	7.57e-49	186
m0178	m0104	40.7	1.29e-48	185
m0178	m0031	42.7	1.29e-48	185
m0178	m0065	41.9	1.69e-48	184
m0178	m0162	40.3	3.76e-48	183
m0178	m0159	40.2	3.18e-47	180
m0178	m0167	40.1	1.21e-46	178
m0178	m0074	39.8	2.69e-46	177
m0178	m0102	37.5	7.83e-46	176
m0178	m0079	39.4	1.02e-45	175
m0178	m0176	38.6	1.75e-45	174
m0178	m0037	39.7	2.98e-45	174
m0178	m0077	39.7	3.89e-45	173
m0178	m0067	41.5	6.63e-45	173
m0178	m0095	39.8	4.3e-44	170
m0178	m0028	38.9	1.06e-42	165
m0178	m0170	35.1	1.38e-42	165
m0178	m0051	38.8	2.36e-42	164
m0178	m0128	35.8	3.77e-40	157
m0178	m0071	37.5	8.39e-40	156
m0178	m0165	36.1	3.65e-35	140
m0178	m0005	34.6	2e-33	134
m0178	m0160	34.6	9.96e-25	106
m0178	m0137	31.7	4.18e-23	100
m0178	m0041	27.8	1.35e-13	69
m0178	m0064	26.8	4.96e-08	50
m0178	m0122	22.3	1.11e-07	49
m0178	m0143	23.9	0.000742	36
m0178	m0026	24.2	0.00368	34
m0178	m0177	29.6	0.00628	33
m0178	m0016	25.8	0.0407	30
m0178	m0148	24.0	0.0407	30
m0178	m0099	27.6	0.155	28
m0178	m0061	24.3	0.588	27
m0178	m0146	23.9	0.588	27
m0178	m0019	23.6	0.768	26
m0178	m0099	28.3	1	26
m0178	m0170	32.8	2.23	25
m0178	m0132	22.0	8.49	23
m0177	m0099	27.9	3.12e-11	60
m0177	m0053	25.8	2.64e-10	57
m0177	m0061	28.7	7.19e-08	49
m0177	m0056	24.8	2.31e-06	44
m0177	m0067	27.9	3.34e-05	40
m0177	m0001	27.1	0.000127	38
m0177	m0037	27.5	0.000127	38
m0177	m0172	29.9	0.000127	38
m0177	m0176	25.2	0.000217	37
m0177	m0025	29.2	0.000283	37
m0177	m0101	27.5	0.000283	37
m0177	m0166	33.0	0.000369	37
m0177	m0076	26.9	0.00063	36
m0177	m0149	29.2	0.000823	35
m0177	m0073	27.8	0.000823	35
m0177	m0103	24.5	0.00107	35
m0177	m0065	26.4	0.00107	35
m0177	m0083	27.5	0.00107	35
m0177	m0124	27.1	0.0014	35
m0177	m0138	27.4	0.0014	35
m0177	m0169	30.6	0.00183	34
m0177	m0045	26.7	0.00239	34
m0177	m0098	28.1	0.00313	33
m0177	m0039	25.8	0.00408	33
m0177	m0095	24.8	0.00408	33
m0177	m0102	27.9	0.00533	33
m0177	m0130	28.6	0.00533	33
m0177	m0118	26.3	0.00533	33
m0177	m0036	25.6	0.00533	33
m0177	m0168	28.3	0.00533	33
m0177	m0159	27.9	0.00533	33
m0177	m0163	28.2	0.00696	32
m0177	m0066	27.7	0.00696	32
m0177	m0136	24.6	0.00696	32
m0177	m0144	22.7	0.00696	32
m0177	m0123	25.3	0.0091	32
m0177	m0173	27.9	0.0091	32
m0177	m0109	32.0	0.0091	32
m0177	m0039	29.9	0.0091	32
m0177	m0047	31.4	0.0119	32
m0177	m0002	26.1	0.0119	32
m0177	m0174	26.6	0.0155	31
m0177	m0062	28.0	0.0155	31
m0177	m0155	25.2	0.0155	31
m0177	m0165	22.3	0.0155	31
m0177	m0094	30.3	0.0155	31
m0177	m0157	27.4	0.0203	31
m0177	m0043	26.6	0.0203	31
m0177	m0088	23.8	0.0203	31
m0177	m0131	30.3	0.0265	30
m0177	m0074	27.3	0.0265	30
m0177	m0028	50.0	0.0265	30
m0177	m0120	29.0	0.0265	30
m0177	m0122	37.5	0.0346	30
m0177	m0113	29.7	0.0346	30
m0177	m0006	27.4	0.0346	30
m0177	m0093	30.1	0.0346	30
m0177	m0054	25.8	0.0346	30
m0177	m0134	24.6	0.0346	30
m0177	m0051	28.7	0.0346	30
m0177	m0047	27.3	0.0346	30
m0177	m0079	24.8	0.0451	30
m0177	m0154	27.8	0.0451	30
m0177	m0123	27.4	0.059	29
m0177	m0129	29.7	0.059	29
m0177	m0012	27.3	0.059	29
m0177	m0096	26.6	0.059	29
m0177	m0103	27.1	0.059	29
m0177	m0088	26.5	0.059	29
m0177	m0175	24.0	0.077	29
m0177	m0012	24.8	0.077	29
m0177	m0141	25.6	0.077	29
m0177	m0167	24.8	0.101	28
m0177	m0158	23.8	0.101	28
m0177	m0048	23.3	0.101	28
m0177	m0011	24.8	0.101	28
m0177	m0093	26.5	0.131	28
m0177	m0050	26.6	0.131	28
m0177	m0040	27.6	0.131	28
m0177	m0069	21.8	0.172	28
m0177	m0104	29.0	0.172	28
m0177	m0131	29.7	0.172	28
m0177	m0077	48.4	0.224	27
m0177	m0111	24.2	0.224	27
m0177	m0023	24.4	0.224	27
m0177	m0090	28.8	0.293	27
m0177	m0086	26.5	0.293	27
m0177	m0162	27.5	0.293	27
m0177	m0120	22.0	0.382	27
m0177	m0084	23.9	0.382	27
m0177	m0068	24.6	0.382	27
m0177	m0013	40.7	0.499	26
m0177	m0125	27.0	0.499	26
m0177	m0017	31.8	0.499	26
m0177	m0161	28.9	0.652	26
m0177	m0133	25.7	0.652	26
m0177	m0043	22.6	0.652	26
m0177	m0121	35.7	0.851	25
m0177	m0014	28.9	0.851	25
m0177	m0109	21.3	0.851	25
m0177	m0023	23.4	1.11	25
m0177	m0125	24.8	1.45	25
m0177	m0157	31.5	1.45	25
m0177	m0137	27.1	1.9	24
m0177	m0017	23.0	2.48	24
m0177	m0045	24.6	3.24	23
m0177	m0160	24.7	3.24	23
m0177	m0168	29.8	4.23	23
m0177	m0040	27.7	4.23	23
m0177	m0149	25.0	4.23	23
m0177	m0083	27.5	5.52	23
m0177	m0104	30.5	7.21	22
m0176	m0065	72.6	1.81e-135	473
m0176	m0067	73.7	3.19e-132	462
m0176	m0037	67.6	6.45e-125	438
m0176	m0095	65.4	3.92e-114	402
m0176	m0036	56.0	1.04e-98	351
m0176	m0175	52.2	1.23e-91	327
m0176	m0079	52.5	3.57e-91	326
m0176	m0167	52.2	8.8e-90	321
m0176	m0028	54.3	1.55e-86	310
m0176	m0144	51.7	9.12e-79	285
m0176	m0045	47.3	7.48e-73	265
m0176	m0101	46.4	9.77e-73	265
m0176	m0001	47.2	9.77e-73	265
m0176	m0031	44.7	1.67e-72	264
m0176	m0074	47.1	9.14e-71	258
m0176	m0083	44.8	1.56e-70	257
m0176	m0124	44.6	1.32e-69	254
m0176	m0103	44.8	9.46e-68	248
m0176	m0062	42.9	3.6e-67	246
m0176	m0168	47.0	1.05e-66	245
m0176	m0043	45.9	1.37e-66	244
m0176	m0002	46.4	1.78e-66	244
m0176	m0011	43.9	6.78e-66	242
m0176	m0063	44.1	1.51e-65	241
m0176	m0012	42.0	1.51e-65	241
m0176	m0109	43.0	3.37e-65	240
m0176	m0123	44.9	3.37e-65	240
m0176	m0141	46.7	3.37e-65	240
m0176	m0131	42.6	5.74e-65	239
m0176	m0077	43.7	1.41e-63	234
m0176	m0120	41.3	1.85e-63	234
m0176	m0165	42.6	3.48e-62	230
m0176	m0155	43.0	1.73e-61	227
m0176	m0086	41.5	2.26e-61	227
m0176	m0054	41.0	3.85e-61	226
m0176	m0149	42.8	1.91e-60	224
m0176	m0097	41.9	2.5e-60	223
m0176	m0166	41.1	1.24e-59	221
m0176	m0069	39.1	4.71e-59	219
m0176	m0134	39.7	6.15e-59	219
m0176	m0098	39.6	3.37e-57	213
m0176	m0048	39.9	4.41e-57	213
m0176	m0071	41.6	5.39e-55	206
m0176	m0084	39.4	2.05e-54	204
m0176	m0073	39.9	2.67e-54	203
m0176	m0170	39.6	5.04e-53	199
m0176	m0033	35.9	6.58e-53	199
m0176	m0066	39.3	2.5e-52	197
m0176	m0051	40.1	3.27e-52	196
m0176	m0162	37.8	9.51e-52	195
m0176	m0040	38.1	1.24e-51	195
m0176	m0090	36.4	1.62e-51	194
m0176	m0104	39.0	3.06e-50	190
m0176	m0014	39.0	2.59e-49	187
m0176	m0158	38.2	2.59e-49	187
m0176	m0118	36.7	3.38e-49	186
m0176	m0070	40.1	4.42e-49	186
m0176	m0161	38.1	7.53e-49	185
m0176	m0096	38.7	1.68e-48	184
m0176	m0157	36.7	1.09e-47	181
m0176	m0068	37.6	1.86e-47	181
m0176	m0111	38.2	1.86e-47	181
m0176	m0017	36.5	5.4e-47	179
m0176	m0050	37.1	5.4e-47	179
m0176	m0159	36.9	9.21e-47	178
m0176	m0093	37.6	9.21e-47	178
m0176	m0113	39.1	1.57e-46	178
m0176	m0088	38.6	1.57e-46	178
m0176	m0102	36.1	1.57e-46	178
m0176	m0006	37.1	2.68e-46	177
m0176	m0173	35.7	3.5e-46	176
m0176	m0094	38.6	5.97e-46	176
m0176	m0125	38.1	5.97e-46	176
m0176	m0133	37.5	7.8e-46	175
m0176	m0047	36.9	2.27e-45	174
m0176	m0128	38.4	3.87e-45	173
m0176	m0172	38.0	5.05e-45	173
m0176	m0023	36.9	4.28e-44	169
m0176	m0154	36.5	1.63e-43	168
m0176	m0130	36.6	6.18e-43	166
m0176	m0174	36.5	8.07e-43	165
m0176	m0039	36.9	1.8e-42	164
m0176	m0005	35.6	4e-42	163
m0176	m0025	35.5	8.92e-42	162
m0176	m0163	35.1	1.52e-41	161
m0176	m0076	38.5	2.59e-41	160
m0176	m0169	34.3	1.68e-40	158
m0176	m0138	35.3	3.75e-40	156
m0176	m0160	31.9	6.84e-34	136
m0176	m0137	30.8	1.17e-33	135
m0176	m0041	24.6	2.89e-16	77
m0176	m0016	28.1	6.45e-08	49
m0176	m0064	25.4	4.18e-07	47
m0176	m0152	23.2	0.0139	32
m0176	m0143	23.7	0.031	30
m0176	m0026	22.8	0.0529	30
m0176	m0061	22.4	0.585	26
m0176	m0173	30.3	4.95	23
m0176	m0173	30.0	8.45	22
m0175	m0167	86.5	1.79e-156	543
m0175	m0079	80.3	2.68e-144	502
m0175	m0036	61.1	2.15e-109	386
m0175	m0028	56.2	8.18e-101	358
m0175	m0067	52.7	1.65e-93	334
m0175	m0037	51.7	9.38e-89	318
m0175	m0065	50.5	9.38e-89	318
m0175	m0095	51.5	1.77e-87	314
m0175	m0144	50.8	4.36e-86	309
m0175	m0101	51.5	9.7e-86	308
m0175	m0077	53.6	2.83e-77	280
m0175	m0109	48.0	6.52e-74	268
m0175	m0031	47.4	1.04e-71	261
m0175	m0045	45.6	7.46e-70	255
m0175	m0001	46.1	1.27e-69	254
m0175	m0074	45.2	2.4e-68	250
m0175	m0043	46.1	4.1e-68	249
m0175	m0083	45.6	4.1e-68	249
m0175	m0168	43.6	5.35e-68	249
m0175	m0120	46.1	6.99e-68	248
m0175	m0124	45.4	9.12e-68	248
m0175	m0012	45.2	9.12e-68	248
m0175	m0103	45.9	5.91e-67	245
m0175	m0165	48.9	2.25e-66	243
m0175	m0166	43.0	6.54e-66	242
m0175	m0011	44.8	1.12e-65	241
m0175	m0002	46.6	1.12e-65	241
m0175	m0063	44.7	3.25e-65	240
m0175	m0141	46.0	5.54e-65	239
m0175	m0123	45.1	7.99e-64	235
m0175	m0086	43.3	1.04e-63	235
m0175	m0134	42.5	1.04e-63	235
m0175	m0131	43.4	2.57e-62	230
m0175	m0155	45.7	2.18e-61	227
m0175	m0062	42.9	2.84e-61	226
m0175	m0033	41.6	2.04e-59	220
m0175	m0084	39.9	3.84e-58	216
m0175	m0069	41.4	5.02e-58	216
m0175	m0097	42.5	1.12e-57	215
m0175	m0149	40.7	1.12e-57	215
m0175	m0090	40.2	4.25e-57	213
m0175	m0054	40.1	1.24e-56	211
m0175	m0071	46.1	2.75e-56	210
m0175	m0048	42.1	2.75e-56	210
m0175	m0158	43.5	1.37e-55	208
m0175	m0073	38.9	1.78e-55	207
m0175	m0098	39.1	5.74e-54	202
m0175	m0070	39.1	1.28e-53	201
m0175	m0066	40.1	1.28e-53	201
m0175	m0118	40.3	1.67e-53	201
m0175	m0017	40.6	1.01e-50	191
m0175	m0162	38.2	1.01e-50	191
m0175	m0154	40.3	5.03e-50	189
m0175	m0111	39.9	1.12e-49	188
m0175	m0051	38.0	1.46e-49	188
m0175	m0125	41.4	2.5e-49	187
m0175	m0023	40.4	7.26e-49	185
m0175	m0170	37.2	9.49e-49	185
m0175	m0133	41.0	9.49e-49	185
m0175	m0174	39.5	9.49e-49	185
m0175	m0173	39.9	1.62e-48	184
m0175	m0006	39.8	2.11e-48	184
m0175	m0113	38.9	2.11e-48	184
m0175	m0068	39.4	2.76e-48	183
m0175	m0040	39.1	2.76e-48	183
m0175	m0161	39.4	3.6e-48	183
m0175	m0169	40.0	4.71e-48	183
m0175	m0163	38.6	6.15e-48	182
m0175	m0025	38.5	8.03e-48	182
m0175	m0093	38.7	8.03e-48	182
m0175	m0088	39.6	8.03e-48	182
m0175	m0157	39.3	8.03e-48	182
m0175	m0138	40.3	1.05e-47	181
m0175	m0104	38.5	1.05e-47	181
m0175	m0050	38.2	1.37e-47	181
m0175	m0096	39.3	1.79e-47	181
m0175	m0130	40.2	2.34e-47	180
m0175	m0172	39.3	3.99e-47	179
m0175	m0047	39.3	5.2e-47	179
m0175	m0014	38.0	8.88e-47	178
m0175	m0094	37.2	5.75e-46	176
m0175	m0005	35.2	4.87e-45	173
m0175	m0039	39.9	6.36e-45	172
m0175	m0076	42.0	6.36e-45	172
m0175	m0102	34.9	7.03e-44	169
m0175	m0128	35.3	7.03e-44	169
m0175	m0159	33.9	2.26e-42	164
m0175	m0137	31.5	2.27e-34	137
m0175	m0160	32.5	1.63e-32	131
m0175	m0041	29.1	6.63e-18	82
m0175	m0122	25.1	2.7e-11	60
m0175	m0064	27.5	1.64e-08	51
m0175	m0016	24.2	0.00121	35
m0175	m0152	31.0	0.114	28
m0175	m0053	21.5	0.253	27
m0174	m0163	63.8	1.46e-138	484
m0174	m0130	62.3	3.03e-136	476
m0174	m0169	63.7	2.57e-135	473
m0174	m0154	57.3	3.84e-131	459
m0174	m0138	62.1	6.55e-131	458
m0174	m0172	57.4	1.97e-127	447
m0174	m0088	75.4	3.72e-126	443
m0174	m0025	56.9	3.15e-125	439
m0174	m0076	75.8	6.58e-115	405
m0174	m0161	63.8	4.41e-111	393
m0174	m0014	62.0	1.28e-110	391
m0174	m0111	50.0	2.86e-110	390
m0174	m0068	52.8	6.37e-110	389
m0174	m0023	61.5	1.2e-108	384
m0174	m0050	58.4	2.05e-108	384
m0174	m0006	58.4	2.68e-108	383
m0174	m0094	65.4	2.68e-108	383
m0174	m0157	49.3	2.68e-108	383
m0174	m0173	51.5	5.96e-108	382
m0174	m0047	54.0	6.59e-107	379
m0174	m0096	58.7	6.59e-107	379
m0174	m0093	60.1	4.27e-106	376
m0174	m0113	53.4	1.16e-103	368
m0174	m0125	49.9	2.05e-100	357
m0174	m0039	50.7	7.31e-98	349
m0174	m0133	59.9	3.63e-97	346
m0174	m0017	60.0	7.08e-93	332
m0174	m0158	46.8	4.59e-92	329
m0174	m0123	59.9	1.17e-87	315
m0174	m0103	53.1	3.08e-80	290
m0174	m0166	49.7	5.1e-75	273
m0174	m0001	49.3	9.61e-74	268
m0174	m0131	48.2	1.39e-72	265
m0174	m0134	51.7	8.99e-72	262
m0174	m0155	53.8	8.99e-72	262
m0174	m0011	49.1	7.61e-71	259
m0174	m0141	52.5	1.3e-70	258
m0174	m0033	50.0	2.45e-69	254
m0174	m0168	48.6	7.13e-69	252
m0174	m0062	44.1	1.59e-68	251
m0174	m0002	51.2	2.71e-68	250
m0174	m0086	49.1	3.54e-68	250
m0174	m0012	48.9	4.62e-68	250
m0174	m0069	49.5	1.34e-67	248
m0174	m0097	49.0	5.11e-67	246
m0174	m0045	47.1	3.66e-65	240
m0174	m0054	48.0	1.39e-64	238
m0174	m0124	46.9	2.37e-64	237
m0174	m0083	46.9	1.54e-63	235
m0174	m0070	45.9	4.47e-63	233
m0174	m0048	45.6	9.97e-63	232
m0174	m0084	45.6	1.22e-60	225
m0174	m0043	47.5	2.71e-60	224
m0174	m0149	43.6	2.71e-60	224
m0174	m0073	42.8	7.9e-60	222
m0174	m0098	42.7	3.92e-59	220
m0174	m0109	43.6	1.14e-58	218
m0174	m0063	43.2	1.07e-56	212
m0174	m0118	42.1	3.11e-56	210
m0174	m0090	42.1	6.92e-56	209
m0174	m0120	43.3	2.46e-53	201
m0174	m0144	40.8	2.46e-53	201
m0174	m0101	38.8	4.64e-52	196
m0174	m0066	41.6	1.14e-50	192
m0174	m0031	41.7	4.34e-50	190
m0174	m0102	38.4	5.67e-50	190
m0174	m0065	39.4	5.31e-48	183
m0174	m0040	42.7	1.18e-47	182
m0174	m0074	38.7	2.02e-47	181
m0174	m0167	38.7	5.87e-47	179
m0174	m0104	40.8	1.71e-46	178
m0174	m0162	40.7	2.23e-46	178
m0174	m0036	38.3	3.22e-45	174
m0174	m0051	37.5	4.21e-45	173
m0174	m0077	38.1	2.09e-44	171
m0174	m0159	36.8	6.07e-44	169
m0174	m0079	38.3	1.04e-43	169
m0174	m0170	35.3	2.31e-43	168
m0174	m0067	37.2	3.94e-43	167
m0174	m0128	36.7	8.77e-43	166
m0174	m0037	36.9	1.95e-42	164
m0174	m0071	35.7	1.65e-41	161
m0174	m0028	35.5	1.83e-40	158
m0174	m0095	34.9	9.08e-40	156
m0174	m0005	35.5	1.66e-33	135
m0174	m0165	33.5	6.97e-32	129
m0174	m0137	29.2	4.37e-26	110
m0174	m0160	30.8	1.66e-25	108
m0174	m0041	25.1	1.32e-14	72
m0174	m0064	26.5	3.36e-10	57
m0174	m0122	22.0	2.67e-07	48
m0174	m0026	24.7	0.000211	38
m0174	m0143	23.2	0.0258	31
m0174	m0121	24.3	0.0258	31
m0174	m0016	25.7	0.044	30
m0174	m0060	23.6	0.167	28
m0174	m0007	37.5	0.831	26
m0174	m0099	30.2	1.08	26
m0174	m0003	34.3	2.42	25
m0174	m0099	23.4	2.42	25
m0174	m0148	56.5	3.16	24
m0174	m0108	31.0	5.38	23
m0174	m0139	29.2	7.03	23
m0173	m0068	74.4	7.66e-185	637
m0173	m0130	65.2	5.17e-157	545
m0173	m0163	61.3	4.84e-155	538
m0173	m0111	64.6	6.32e-155	538
m0173	m0169	62.0	3.36e-148	516
m0173	m0125	58.0	9.49e-135	471
m0173	m0039	54.5	1.99e-116	410
m0173	m0006	52.4	7.82e-113	398
m0173	m0096	51.9	7.82e-113	398
m0173	m0094	52.9	1.74e-112	397
m0173	m0093	58.7	6.62e-112	395
m0173	m0157	52.0	4.29e-111	393
m0173	m0014	51.6	1.63e-110	391
m0173	m0161	49.8	3.63e-110	389
m0173	m0138	50.3	6.2e-110	389
m0173	m0050	50.9	3.07e-109	386
m0173	m0047	52.8	8.95e-109	385
m0173	m0076	71.5	1.17e-108	384
m0173	m0154	50.7	2.6e-108	383
m0173	m0023	50.3	7.57e-108	382
m0173	m0088	64.5	3.76e-107	379
m0173	m0113	51.9	1.02e-104	371
m0173	m0172	50.0	2.13e-102	364
m0173	m0025	48.4	2.99e-96	343
m0173	m0158	46.4	5.27e-93	332
m0173	m0133	55.2	1.3e-91	328
m0173	m0017	55.2	1.64e-86	311
m0173	m0123	53.6	2.22e-75	274
m0173	m0103	50.7	4.19e-74	270
m0173	m0086	50.3	9.34e-74	268
m0173	m0001	48.5	6.06e-73	266
m0173	m0166	48.5	3.01e-72	263
m0173	m0155	49.1	9.67e-71	258
m0173	m0069	46.2	1.82e-69	254
m0173	m0131	47.2	2.38e-69	254
m0173	m0097	48.3	5.31e-69	253
m0173	m0134	48.8	5.31e-69	253
m0173	m0168	48.1	5.87e-68	249
m0173	m0011	48.6	1e-67	248
m0173	m0062	45.3	2.91e-67	247
m0173	m0012	47.1	6.49e-67	246
m0173	m0141	48.3	1.44e-66	245
m0173	m0098	46.6	9.37e-66	242
m0173	m0002	48.4	1.6e-65	241
m0173	m0033	48.1	2.73e-65	240
m0173	m0048	45.4	6.07e-65	239
m0173	m0070	45.5	8.77e-64	235
m0173	m0124	45.6	5.68e-63	233
m0173	m0045	45.3	1.65e-62	231
m0173	m0073	42.6	6.28e-62	229
m0173	m0083	43.7	7.68e-60	222
m0173	m0054	43.6	7.68e-60	222
m0173	m0084	44.8	8.49e-59	219
m0173	m0149	43.2	1.45e-58	218
m0173	m0090	40.7	1.5e-55	208
m0173	m0043	43.3	4.36e-55	206
m0173	m0118	39.0	7.44e-55	206
m0173	m0063	43.5	1.27e-54	205
m0173	m0109	41.2	1.07e-53	202
m0173	m0101	39.5	9.09e-53	199
m0173	m0144	36.6	5.89e-52	196
m0173	m0065	42.4	1.01e-51	195
m0173	m0120	41.0	1.01e-51	195
m0173	m0066	44.1	2.24e-51	194
m0173	m0036	38.6	6.1e-49	186
m0173	m0037	39.5	3.03e-48	184
m0173	m0167	38.1	9.74e-47	179
m0173	m0077	39.6	1.66e-46	178
m0173	m0040	40.1	1.66e-46	178
m0173	m0031	39.4	2.83e-46	177
m0173	m0074	37.7	4.83e-46	176
m0173	m0067	38.2	8.24e-46	176
m0173	m0079	36.9	1.08e-45	175
m0173	m0102	37.8	1.84e-45	174
m0173	m0104	39.3	6.98e-45	173
m0173	m0162	38.4	1.32e-43	168
m0173	m0128	38.4	1.72e-43	168
m0173	m0051	38.8	2.93e-43	167
m0173	m0170	37.5	6.53e-43	166
m0173	m0159	36.8	1.46e-42	165
m0173	m0095	35.3	1.23e-41	162
m0173	m0028	36.8	5.18e-40	156
m0173	m0071	35.8	8.83e-40	156
m0173	m0165	35.5	7.73e-36	143
m0173	m0005	36.1	1.12e-34	139
m0173	m0160	30.4	2.33e-24	104
m0173	m0137	27.6	2.85e-22	97
m0173	m0041	30.7	1.37e-16	79
m0173	m0064	28.0	5.05e-11	60
m0173	m0122	25.2	3.62e-09	54
m0173	m0036	27.8	0.0147	32
m0173	m0060	21.2	0.0428	30
m0173	m0143	24.5	0.0954	29
m0173	m0016	23.5	0.618	27
m0173	m0099	40.0	0.808	26
m0173	m0007	33.3	1.38	25
m0173	m0161	28.7	1.8	25
m0173	m0099	19.8	2.35	25
m0172	m0025	84.2	2.98e-213	732
m0172	m0154	70.5	1.11e-175	607
m0172	m0138	62.1	1.72e-152	530
m0172	m0094	59.3	1.62e-142	497
m0172	m0113	57.9	9.49e-135	471
m0172	m0096	54.0	6.15e-134	468
m0172	m0006	53.6	6.8e-133	465
m0172	m0157	52.5	5.76e-132	462
m0172	m0047	53.0	6.37e-131	458
m0172	m0050	53.2	1.42e-130	457
m0172	m0161	52.1	1.85e-130	457
m0172	m0023	52.2	4.13e-130	456
m0172	m0014	52.6	5.96e-129	452
m0172	m0093	50.3	2.86e-123	433
m0172	m0169	55.7	2.05e-121	427
m0172	m0158	50.2	5.97e-121	425
m0172	m0163	57.9	7.8e-121	425
m0172	m0039	50.8	2.96e-120	423
m0172	m0130	55.4	2.51e-119	420
m0172	m0088	70.1	4.9e-115	406
m0172	m0076	73.7	1.93e-111	394
m0172	m0111	49.4	4.45e-100	356
m0172	m0068	48.0	6.01e-97	346
m0172	m0125	48.0	1.03e-96	345
m0172	m0133	57.3	5.27e-93	332
m0172	m0017	56.4	7.87e-89	319
m0172	m0123	51.1	4.48e-76	276
m0172	m0103	46.4	7.15e-74	269
m0172	m0001	47.0	3.67e-70	257
m0172	m0166	47.1	1.07e-69	255
m0172	m0134	46.9	2.91e-67	247
m0172	m0131	43.6	3.22e-66	243
m0172	m0062	43.3	5.49e-66	243
m0172	m0033	46.2	5.49e-66	243
m0172	m0012	46.9	5.49e-66	243
m0172	m0155	47.1	1.04e-64	238
m0172	m0011	47.5	3.94e-64	236
m0172	m0141	46.9	5.68e-63	233
m0172	m0086	47.0	2.16e-62	231
m0172	m0168	44.3	2.82e-62	230
m0172	m0083	44.0	3.68e-62	230
m0172	m0069	44.2	6.28e-62	229
m0172	m0097	45.5	1.07e-61	228
m0172	m0124	43.6	5.88e-60	223
m0172	m0045	43.0	3.81e-59	220
m0172	m0043	46.5	6.5e-59	219
m0172	m0002	43.8	7.19e-58	216
m0172	m0054	40.3	5.15e-56	210
m0172	m0084	42.6	4.36e-55	206
m0172	m0073	40.0	1.27e-54	205
m0172	m0063	41.5	2.83e-54	204
m0172	m0048	39.1	8.22e-54	202
m0172	m0070	40.0	1.4e-53	201
m0172	m0098	41.1	9.09e-53	199
m0172	m0144	41.2	2.03e-52	198
m0172	m0109	41.1	1.31e-51	195
m0172	m0149	37.6	2.93e-51	194
m0172	m0118	40.1	8.51e-51	192
m0172	m0120	40.2	2.48e-50	191
m0172	m0090	38.4	4.22e-50	190
m0172	m0066	40.8	7.2e-50	189
m0172	m0102	38.3	1.61e-49	188
m0172	m0101	39.6	1.77e-48	184
m0172	m0162	38.9	5.16e-48	183
m0172	m0040	37.8	7.46e-47	179
m0172	m0051	37.5	3.7e-46	177
m0172	m0074	37.7	3.7e-46	177
m0172	m0104	38.4	4.83e-46	176
m0172	m0031	39.9	1.08e-45	175
m0172	m0167	39.0	2.4e-45	174
m0172	m0128	36.9	2.03e-44	171
m0172	m0079	38.7	3.46e-44	170
m0172	m0065	38.5	5.91e-44	169
m0172	m0170	34.1	1.01e-43	169
m0172	m0095	36.6	1.72e-43	168
m0172	m0036	37.5	2.93e-43	167
m0172	m0077	37.0	1.11e-42	165
m0172	m0067	37.7	2.48e-42	164
m0172	m0159	37.0	4.23e-42	163
m0172	m0037	35.5	1.36e-40	158
m0172	m0028	36.1	1.78e-40	158
m0172	m0071	36.3	1.27e-38	152
m0172	m0165	33.1	5.19e-32	130
m0172	m0005	32.8	5.37e-29	120
m0172	m0160	33.9	3.6e-25	107
m0172	m0137	29.2	5.2e-24	103
m0172	m0041	27.9	3.73e-14	70
m0172	m0064	25.4	3.27e-10	57
m0172	m0122	20.8	7.29e-10	56
m0172	m0026	26.7	5.41e-05	40
m0172	m0016	25.8	0.0251	31
m0172	m0061	25.2	0.213	28
m0172	m0099	28.8	4.01	24
m0172	m0007	32.0	4.01	24
m0172	m0060	23.8	6.84	23
m0171	m0135	54.8	5.24e-94	335
m0171	m0105	36.4	5.86e-53	199
m0171	m0046	33.1	4.22e-35	140
m0171	m0009	33.1	4.67e-34	136
m0171	m0087	31.3	4.67e-34	136
m0171	m0085	32.2	1.36e-33	135
m0171	m0058	32.1	2.32e-33	134
m0171	m0019	31.6	3.02e-33	134
m0171	m0029	30.2	1.83e-30	124
m0171	m0082	31.1	2.4e-30	124
m0171	m0110	31.9	1.55e-29	121
m0171	m0151	33.0	4.52e-29	120
m0171	m0112	31.7	2.93e-28	117
m0171	m0106	31.5	1.9e-27	114
m0171	m0049	31.0	1.78e-25	108
m0171	m0164	30.2	1.91e-11	61
m0171	m0164	34.4	1.51e-08	52
m0171	m0062	35.5	3.38	24
m0170	m0051	84.5	1.18e-144	503
m0170	m0040	76.3	2.02e-128	450
m0170	m0162	76.8	2.02e-128	450
m0170	m0104	76.4	4.22e-126	442
m0170	m0128	65.9	3.71e-106	376
m0170	m0102	59.4	3.6e-101	359
m0170	m0103	54.8	1.28e-82	297
m0170	m0131	53.6	2.19e-82	297
m0170	m0123	51.3	2.06e-72	263
m0170	m0063	49.8	1.13e-70	258
m0170	m0043	49.5	1.25e-69	254
m0170	m0001	51.3	2.35e-68	250
m0170	m0054	51.1	1.17e-67	248
m0170	m0149	46.3	1.99e-67	247
m0170	m0120	47.0	3.76e-66	243
m0170	m0109	47.2	1.09e-65	241
m0170	m0062	45.2	2.69e-64	236
m0170	m0011	45.8	2.69e-64	236
m0170	m0045	48.1	3.52e-64	236
m0170	m0083	45.6	4.59e-64	236
m0170	m0071	48.0	1.02e-63	235
m0170	m0168	45.3	2.28e-63	233
m0170	m0134	44.0	3.89e-63	233
m0170	m0166	43.0	3.29e-62	230
m0170	m0074	43.8	3.64e-61	226
m0170	m0012	45.5	4.02e-60	223
m0170	m0033	42.3	5.81e-59	219
m0170	m0124	43.4	3.76e-58	216
m0170	m0090	41.3	3.76e-58	216
m0170	m0086	41.6	1.58e-56	211
m0170	m0118	41.5	4.6e-56	209
m0170	m0031	43.5	6.01e-56	209
m0170	m0155	42.5	1.03e-55	208
m0170	m0141	44.1	1.34e-55	208
m0170	m0077	41.5	1.75e-55	207
m0170	m0002	42.9	2.52e-54	203
m0170	m0097	42.2	9.59e-54	201
m0170	m0084	40.4	2.79e-53	200
m0170	m0144	41.6	1.81e-52	197
m0170	m0069	39.4	8.98e-52	195
m0170	m0037	42.0	2.61e-51	193
m0170	m0095	41.4	7.6e-51	192
m0170	m0065	39.9	1.3e-50	191
m0170	m0067	41.7	1.69e-50	191
m0170	m0048	39.8	2.21e-50	190
m0170	m0036	38.6	2.45e-49	187
m0170	m0101	40.7	3.19e-49	186
m0170	m0028	40.7	4.17e-49	186
m0170	m0167	36.5	9.29e-49	185
m0170	m0073	39.6	2.07e-48	184
m0170	m0070	38.4	1.03e-47	181
m0170	m0138	39.0	1.03e-47	181
m0170	m0098	38.0	1.34e-47	181
m0170	m0079	36.4	1.75e-47	181
m0170	m0017	35.1	3.9e-47	179
m0170	m0169	37.8	5.64e-46	176
m0170	m0130	38.6	7.36e-46	175
m0170	m0165	40.5	2.8e-45	173
m0170	m0111	37.7	2.8e-45	173
m0170	m0158	36.1	4.77e-45	173
m0170	m0005	36.1	4.77e-45	173
m0170	m0159	36.5	1.06e-44	171
m0170	m0154	36.6	1.81e-44	171
m0170	m0157	39.0	3.09e-44	170
m0170	m0014	39.3	3.09e-44	170
m0170	m0096	37.9	3.09e-44	170
m0170	m0088	36.0	1.18e-43	168
m0170	m0161	38.4	1.54e-43	168
m0170	m0006	37.5	2.01e-43	167
m0170	m0025	35.2	2.01e-43	167
m0170	m0163	34.8	2.62e-43	167
m0170	m0093	37.6	2.62e-43	167
m0170	m0050	36.9	4.47e-43	166
m0170	m0047	37.7	5.83e-43	166
m0170	m0039	37.5	2.22e-42	164
m0170	m0113	37.3	2.22e-42	164
m0170	m0094	35.8	2.9e-42	163
m0170	m0133	34.5	3.2e-41	160
m0170	m0066	36.7	1.22e-40	158
m0170	m0023	37.4	1.59e-40	158
m0170	m0076	36.6	3.54e-40	156
m0170	m0068	34.4	2.29e-39	154
m0170	m0125	32.9	7.64e-35	139
m0170	m0137	28.3	4.81e-21	93
m0170	m0160	28.9	1.18e-19	88
m0170	m0041	28.8	8.48e-18	82
m0170	m0122	25.3	1.07e-12	65
m0170	m0064	26.1	4.51e-11	60
m0170	m0016	22.3	7.2e-09	52
m0170	m0060	24.7	0.00155	35
m0170	m0068	27.9	0.0383	30
m0170	m0136	24.3	0.145	28
m0170	m0107	20.9	0.19	28
m0170	m0153	24.6	0.324	27
m0170	m0148	33.3	0.722	26
m0170	m0156	35.4	4.68	23
m0170	m0022	32.6	7.98	22
m0169	m0130	85.0	7.17e-204	701
m0169	m0163	71.5	6.76e-178	614
m0169	m0138	65.7	3.61e-155	539
m0169	m0111	63.8	3.99e-154	535
m0169	m0068	58.2	2.51e-140	490
m0169	m0125	58.3	2.06e-134	470
m0169	m0154	58.2	8.12e-123	431
m0169	m0025	55.4	9.92e-121	424
m0169	m0088	69.8	2.29e-117	413
m0169	m0093	54.1	1.88e-111	394
m0169	m0076	73.0	1.34e-109	387
m0169	m0006	55.9	1.76e-109	387
m0169	m0113	51.3	3e-109	386
m0169	m0096	51.3	1.39e-106	377
m0169	m0047	53.2	1.82e-106	377
m0169	m0014	52.4	2.37e-106	377
m0169	m0094	50.7	3.1e-106	376
m0169	m0050	59.5	3.1e-106	376
m0169	m0161	52.3	6.9e-106	375
m0169	m0023	54.0	2.62e-105	373
m0169	m0157	54.5	4.48e-105	372
m0169	m0039	51.5	6.92e-98	349
m0169	m0133	58.9	2.23e-96	344
m0169	m0017	58.9	1.76e-93	334
m0169	m0158	48.2	3.33e-92	330
m0169	m0123	57.6	9.08e-82	295
m0169	m0103	51.4	1.71e-80	291
m0169	m0166	54.1	1.23e-78	285
m0169	m0001	50.2	3.7e-75	273
m0169	m0134	50.5	1.23e-70	258
m0169	m0062	47.2	4.67e-70	256
m0169	m0131	48.3	4.67e-70	256
m0169	m0033	49.1	6.11e-70	256
m0169	m0168	47.8	2.32e-69	254
m0169	m0086	50.0	4.38e-68	250
m0169	m0011	50.2	3.7e-67	247
m0169	m0155	50.5	4.84e-67	246
m0169	m0045	47.2	2.4e-66	244
m0169	m0141	50.4	4.1e-66	243
m0169	m0012	48.4	3.47e-65	240
m0169	m0002	49.0	3.47e-65	240
m0169	m0069	48.0	1.32e-64	238
m0169	m0054	45.2	3.24e-63	233
m0169	m0083	45.8	7.23e-63	232
m0169	m0124	45.1	1.78e-61	228
m0169	m0097	47.1	3.97e-61	226
m0169	m0070	44.5	2.57e-60	224
m0169	m0043	45.1	3.36e-60	223
m0169	m0048	43.7	9.77e-60	222
m0169	m0109	45.0	4.85e-59	220
m0169	m0149	42.8	8.27e-59	219
m0169	m0063	43.8	3.14e-58	217
m0169	m0073	42.7	3.47e-57	213
m0169	m0098	42.0	7.74e-57	212
m0169	m0120	43.3	1.01e-56	212
m0169	m0084	43.5	2.94e-56	210
m0169	m0118	39.9	1.24e-54	205
m0169	m0090	42.1	6.78e-53	199
m0169	m0144	39.5	2.58e-52	197
m0169	m0102	39.3	2.58e-52	197
m0169	m0066	42.5	3.72e-51	193
m0169	m0040	42.0	2.41e-50	191
m0169	m0101	39.9	3.15e-50	190
m0169	m0162	40.1	5.37e-50	190
m0169	m0104	41.6	1.01e-48	185
m0169	m0128	40.5	2.95e-48	184
m0169	m0074	40.2	3.85e-48	183
m0169	m0031	42.2	5.03e-48	183
m0169	m0051	40.1	2.5e-47	181
m0169	m0159	37.7	6.15e-46	176
m0169	m0036	39.3	3.05e-45	174
m0169	m0167	38.2	5.2e-45	173
m0169	m0065	37.4	1.16e-44	172
m0169	m0071	40.5	1.51e-44	171
m0169	m0077	37.3	6.36e-43	166
m0169	m0079	37.7	4.12e-42	163
m0169	m0067	36.9	3.49e-41	160
m0169	m0095	36.2	1.02e-40	159
m0169	m0028	37.3	6.58e-40	156
m0169	m0037	35.6	8.6e-40	156
m0169	m0165	32.2	7.8e-33	132
m0169	m0005	33.2	8.62e-32	129
m0169	m0137	28.7	1.99e-28	118
m0169	m0160	31.2	7.55e-28	116
m0169	m0041	28.1	1.13e-15	75
m0169	m0064	28.0	3.76e-11	60
m0169	m0122	23.6	4.16e-10	57
m0169	m0016	24.6	0.00289	34
m0169	m0108	35.1	0.00289	34
m0169	m0026	23.7	0.0187	32
m0169	m0107	18.9	0.159	28
m0169	m0143	29.2	0.353	27
m0169	m0099	21.6	0.787	26
m0169	m0007	20.7	1.34	25
m0169	m0056	31.9	1.75	25
m0169	m0099	37.1	2.29	25
m0169	m0140	37.5	2.99	24
m0169	m0075	33.3	2.99	24
m0169	m0117	27.7	3.9	24
m0168	m0001	65.3	1.35e-114	404
m0168	m0103	66.7	4.81e-112	395
m0168	m0123	70.6	6.94e-111	391
m0168	m0011	64.6	1.55e-102	364
m0168	m0131	64.6	2.24e-101	360
m0168	m0045	63.8	3.82e-101	359
m0168	m0012	61.4	4.99e-101	359
m0168	m0062	60.2	7.2e-100	355
m0168	m0083	60.7	2.1e-99	353
m0168	m0124	59.1	4.67e-99	352
m0168	m0002	66.1	1.36e-98	351
m0168	m0134	57.2	1.96e-97	347
m0168	m0141	62.5	2.17e-96	343
m0168	m0054	58.5	6.11e-91	325
m0168	m0166	54.8	2.32e-90	323
m0168	m0155	52.6	8.26e-88	315
m0168	m0149	55.2	4.1e-87	312
m0168	m0090	53.5	9.13e-87	311
m0168	m0086	53.4	2.66e-86	310
m0168	m0069	51.3	2.94e-85	306
m0168	m0063	56.4	1.46e-84	304
m0168	m0118	53.3	3.04e-82	296
m0168	m0043	58.0	5.19e-82	295
m0168	m0120	54.4	2.18e-80	290
m0168	m0070	53.0	1.08e-79	288
m0168	m0109	55.5	3.15e-79	286
m0168	m0084	49.0	2.66e-78	283
m0168	m0033	50.5	1.32e-77	281
m0168	m0098	48.8	4.25e-76	276
m0168	m0097	49.5	3.05e-74	270
m0168	m0144	51.7	3.05e-74	270
m0168	m0073	48.2	7.5e-73	265
m0168	m0067	50.6	4.86e-72	262
m0168	m0048	48.0	6.35e-72	262
m0168	m0031	48.5	1.42e-71	261
m0168	m0071	48.6	1.85e-71	260
m0168	m0036	52.3	2.41e-71	260
m0168	m0130	50.9	9.17e-71	258
m0168	m0133	47.5	1.2e-70	258
m0168	m0017	47.5	4.55e-70	256
m0168	m0074	46.5	1.32e-69	254
m0168	m0065	45.7	1.73e-69	254
m0168	m0154	47.6	1.73e-69	254
m0168	m0088	46.6	1.46e-68	251
m0168	m0138	47.2	3.26e-68	250
m0168	m0163	44.9	5.57e-68	249
m0168	m0101	46.6	9.49e-68	248
m0168	m0111	47.9	1.24e-67	248
m0168	m0167	43.3	1.24e-67	248
m0168	m0037	47.7	2.11e-67	247
m0168	m0051	46.8	2.76e-67	247
m0168	m0076	52.5	8.04e-67	245
m0168	m0025	44.5	1.05e-66	245
m0168	m0125	47.4	1.05e-66	245
m0168	m0104	50.0	1.79e-66	244
m0168	m0162	47.9	2.34e-66	243
m0168	m0040	47.2	3.99e-66	243
m0168	m0079	43.4	3.99e-66	243
m0168	m0066	46.5	3.99e-66	243
m0168	m0159	46.5	3.99e-66	243
m0168	m0095	47.7	1.98e-65	240
m0168	m0158	45.1	3.38e-65	240
m0168	m0068	47.0	3.38e-65	240
m0168	m0023	45.0	7.52e-65	238
m0168	m0094	46.1	3.73e-64	236
m0168	m0077	48.7	4.88e-64	236
m0168	m0014	43.8	1.09e-63	235
m0168	m0096	43.5	1.09e-63	235
m0168	m0006	43.4	1.85e-63	234
m0168	m0093	43.0	2.42e-63	233
m0168	m0161	43.6	5.39e-63	232
m0168	m0050	43.2	1.2e-62	231
m0168	m0157	44.1	2.68e-62	230
m0168	m0102	45.3	7.78e-62	228
m0168	m0047	43.8	1.33e-61	228
m0168	m0113	44.2	2.77e-59	220
m0168	m0028	45.8	1.37e-58	218
m0168	m0039	45.7	2.34e-58	217
m0168	m0128	45.9	2.59e-57	213
m0168	m0165	39.5	2.6e-49	187
m0168	m0005	40.9	5.79e-49	186
m0168	m0160	31.7	2.07e-30	124
m0168	m0137	30.3	8.69e-29	119
m0168	m0041	29.2	6.46e-16	76
m0168	m0064	29.8	5.66e-12	63
m0168	m0122	23.6	1.07e-10	59
m0168	m0136	26.4	5.48e-07	46
m0168	m0016	27.6	1.35e-05	42
m0168	m0016	26.1	0.00165	35
m0168	m0060	21.1	0.014	32
m0168	m0152	31.0	0.0693	29
m0168	m0099	22.1	0.0905	29
m0168	m0010	41.5	0.344	27
m0168	m0056	35.4	0.766	26
m0168	m0007	23.0	2.23	24
m0168	m0023	41.4	3.8	23
m0168	m0089	27.5	4.97	23
m0168	m0096	56.2	6.49	23
m0167	m0079	80.9	2.44e-145	506
m0167	m0036	65.9	3.45e-107	379
m0167	m0028	58.8	1.27e-101	361
m0167	m0067	55.3	1.36e-95	341
m0167	m0037	53.1	2.65e-91	326
m0167	m0095	51.3	2.48e-89	320
m0167	m0065	52.7	4.68e-88	315
m0167	m0101	51.2	2.84e-85	306
m0167	m0144	51.4	8.27e-85	305
m0167	m0077	52.3	1.97e-78	283
m0167	m0109	48.5	2.5e-73	267
m0167	m0031	47.3	2.76e-72	263
m0167	m0001	45.1	2.19e-69	253
m0167	m0083	46.1	4.87e-69	252
m0167	m0045	45.5	1.09e-68	251
m0167	m0074	43.9	1.85e-68	250
m0167	m0165	47.4	1.57e-67	247
m0167	m0120	45.3	3.49e-67	246
m0167	m0103	46.6	5.95e-67	245
m0167	m0043	45.3	1.02e-66	245
m0167	m0166	44.7	1.33e-66	244
m0167	m0011	43.7	6.58e-66	242
m0167	m0134	43.1	7.28e-65	238
m0167	m0002	46.2	2.77e-64	236
m0167	m0012	43.1	6.16e-64	235
m0167	m0124	42.2	6.16e-64	235
m0167	m0131	44.1	1.37e-63	234
m0167	m0063	44.7	1.37e-63	234
m0167	m0141	44.5	1.52e-62	231
m0167	m0086	41.7	2.19e-61	227
m0167	m0062	44.2	4.88e-61	226
m0167	m0123	43.8	4.88e-61	226
m0167	m0155	42.1	2.42e-60	223
m0167	m0097	42.5	1.57e-59	221
m0167	m0090	41.1	1.33e-58	218
m0167	m0069	40.2	3.87e-58	216
m0167	m0084	39.9	5.05e-58	216
m0167	m0048	41.0	1.13e-57	215
m0167	m0073	38.4	4.73e-56	209
m0167	m0054	40.2	4.73e-56	209
m0167	m0149	39.9	6.18e-56	209
m0167	m0033	39.0	4e-55	206
m0167	m0070	39.0	2.59e-54	203
m0167	m0071	43.6	1.68e-53	201
m0167	m0158	41.9	2.2e-53	200
m0167	m0066	39.9	3.17e-52	196
m0167	m0098	38.6	4.14e-52	196
m0167	m0118	42.3	2.06e-51	194
m0167	m0162	39.2	2.68e-51	193
m0167	m0133	41.8	5.98e-51	192
m0167	m0017	39.7	3.88e-50	190
m0167	m0125	40.9	8.64e-50	188
m0167	m0051	37.3	2.51e-49	187
m0167	m0040	39.5	7.31e-49	185
m0167	m0104	39.3	2.78e-48	183
m0167	m0111	38.3	1.38e-47	181
m0167	m0068	38.9	1.8e-47	181
m0167	m0163	38.2	5.24e-47	179
m0167	m0161	37.9	8.94e-47	178
m0167	m0113	38.3	8.94e-47	178
m0167	m0023	39.0	1.17e-46	178
m0167	m0025	39.3	2.6e-46	177
m0167	m0088	37.7	2.6e-46	177
m0167	m0157	38.2	3.4e-46	176
m0167	m0096	38.9	3.4e-46	176
m0167	m0050	37.0	5.79e-46	176
m0167	m0047	38.2	1.29e-45	174
m0167	m0014	37.2	2.2e-45	174
m0167	m0093	38.3	2.2e-45	174
m0167	m0154	38.0	3.76e-45	173
m0167	m0006	37.0	4.9e-45	173
m0167	m0094	36.7	8.37e-45	172
m0167	m0039	37.2	1.86e-44	171
m0167	m0138	38.7	1.86e-44	171
m0167	m0159	35.7	1.86e-44	171
m0167	m0102	35.4	4.15e-44	169
m0167	m0128	36.9	9.25e-44	168
m0167	m0130	38.2	1.21e-43	168
m0167	m0005	33.1	1.21e-43	168
m0167	m0076	39.8	3.89e-42	163
m0167	m0160	32.1	2.98e-34	137
m0167	m0137	30.8	1.13e-33	135
m0167	m0041	28.7	2.54e-17	80
m0167	m0064	29.4	4.34e-09	53
m0167	m0016	23.8	0.000549	36
m0167	m0053	22.4	0.0135	32
m0167	m0152	33.3	0.0301	30
m0167	m0107	32.8	0.0671	29
m0167	m0103	32.8	1.26	25
m0167	m0035	21.8	1.26	25
m0167	m0046	42.4	3.68	23
m0167	m0097	30.0	8.2	22
m0166	m0001	58.1	1.03e-95	341
m0166	m0141	60.1	3.67e-93	332
m0166	m0103	55.1	4.05e-92	329
m0166	m0062	55.3	5.29e-92	329
m0166	m0155	58.2	9.98e-91	324
m0166	m0123	56.6	1.3e-90	324
m0166	m0131	55.4	1.88e-89	320
m0166	m0054	56.0	4.64e-88	315
m0166	m0002	58.3	1.03e-87	314
m0166	m0124	54.0	1.76e-87	314
m0166	m0012	55.6	3.93e-87	312
m0166	m0134	52.6	1.49e-86	310
m0166	m0045	52.8	6.93e-84	302
m0166	m0011	53.9	6.93e-84	302
m0166	m0083	50.0	1.18e-83	301
m0166	m0069	54.3	2.63e-83	300
m0166	m0017	52.9	1e-82	298
m0166	m0086	50.5	2.73e-80	290
m0166	m0097	48.7	3.94e-79	286
m0166	m0088	51.4	8.77e-79	285
m0166	m0048	50.5	8.77e-79	285
m0166	m0109	51.2	3.33e-78	283
m0166	m0133	50.7	4.35e-78	282
m0166	m0084	46.4	5.68e-78	282
m0166	m0033	51.2	1.65e-77	280
m0166	m0090	50.3	1.65e-77	280
m0166	m0149	48.6	8.21e-77	278
m0166	m0154	51.4	1.07e-76	278
m0166	m0130	54.2	2.39e-76	277
m0166	m0125	52.1	3.12e-76	276
m0166	m0138	51.2	4.07e-76	276
m0166	m0163	49.8	3.45e-75	273
m0166	m0043	49.8	5.5e-73	265
m0166	m0076	52.7	2.73e-72	263
m0166	m0063	48.1	2.73e-72	263
m0166	m0158	47.1	2.31e-71	260
m0166	m0144	48.2	2.31e-71	260
m0166	m0118	45.6	5.15e-71	259
m0166	m0120	46.4	1.96e-70	257
m0166	m0070	46.3	1.96e-70	257
m0166	m0050	49.5	2.16e-69	253
m0166	m0094	46.8	2.83e-69	253
m0166	m0068	47.5	3.69e-69	253
m0166	m0025	47.9	4.82e-69	252
m0166	m0113	49.1	1.07e-68	251
m0166	m0079	45.1	1.83e-68	250
m0166	m0093	45.2	2.39e-68	250
m0166	m0040	47.6	3.13e-68	250
m0166	m0039	49.5	3.13e-68	250
m0166	m0014	46.8	4.08e-68	249
m0166	m0161	45.8	4.08e-68	249
m0166	m0047	47.7	1.19e-67	248
m0166	m0006	46.3	1.19e-67	248
m0166	m0101	45.2	2.03e-67	247
m0166	m0036	42.7	2.03e-67	247
m0166	m0073	43.4	2.65e-67	247
m0166	m0162	46.5	3.46e-67	246
m0166	m0066	47.9	3.46e-67	246
m0166	m0096	45.7	5.89e-67	245
m0166	m0157	46.7	1.31e-66	244
m0166	m0111	45.4	1.71e-66	244
m0166	m0031	44.8	2.24e-66	243
m0166	m0023	45.9	2.93e-66	243
m0166	m0067	43.6	1.11e-65	241
m0166	m0098	41.8	4.22e-65	239
m0166	m0104	45.7	5.52e-65	239
m0166	m0102	44.3	7.2e-65	238
m0166	m0077	45.2	1.61e-64	237
m0166	m0051	44.6	1.5e-62	231
m0166	m0159	41.0	4.37e-62	229
m0166	m0074	43.3	9.74e-62	228
m0166	m0128	44.2	8.24e-61	225
m0166	m0065	42.5	1.08e-60	225
m0166	m0095	40.5	4.52e-59	219
m0166	m0037	43.2	5.91e-59	219
m0166	m0028	37.8	1.04e-55	208
m0166	m0071	37.5	2.57e-54	203
m0166	m0165	40.3	1.66e-53	201
m0166	m0005	39.6	3.97e-47	179
m0166	m0160	29.5	2.86e-29	120
m0166	m0137	28.5	1.2e-27	115
m0166	m0041	27.1	5.79e-14	69
m0166	m0064	27.8	1.29e-13	68
m0166	m0122	22.5	6.62e-10	56
m0166	m0136	21.3	2.36e-07	47
m0166	m0099	22.6	2.2e-05	41
m0166	m0016	24.8	3.76e-05	40
m0166	m0129	25.6	0.0228	31
m0166	m0061	31.5	0.0508	30
m0166	m0056	31.9	0.0867	29
m0166	m0009	30.0	0.113	28
m0166	m0055	26.0	0.734	26
m0166	m0013	25.2	1.64	25
m0166	m0038	28.2	4.76	23
m0166	m0093	30.2	6.21	23
m0166	m0158	30.2	8.12	22
m0165	m0036	45.4	7.28e-71	258
m0165	m0028	48.0	6.37e-67	245
m0165	m0079	48.0	8.32e-67	245
m0165	m0067	45.6	2.27e-64	237
m0165	m0095	41.3	6.6e-64	235
m0165	m0065	41.1	1.99e-60	224
m0165	m0037	46.5	1.29e-59	221
m0165	m0144	39.9	3.75e-59	220
m0165	m0101	43.7	4.14e-58	216
m0165	m0077	41.9	3.28e-55	206
m0165	m0012	37.9	3.28e-55	206
m0165	m0124	42.2	5.6e-55	206
m0165	m0045	40.3	1.63e-54	204
m0165	m0086	37.5	1.8e-53	201
m0165	m0001	43.6	1.8e-53	201
m0165	m0054	42.0	1.99e-52	197
m0165	m0090	38.1	1.99e-52	197
m0165	m0083	38.2	2.6e-52	197
m0165	m0002	41.8	4.43e-52	196
m0165	m0120	44.4	7.56e-52	195
m0165	m0031	39.3	9.88e-52	195
m0165	m0043	43.4	4.9e-51	193
m0165	m0131	41.1	1.09e-50	191
m0165	m0141	40.5	3.18e-50	190
m0165	m0011	41.0	4.15e-50	190
m0165	m0155	36.9	5.42e-50	189
m0165	m0123	40.5	1.21e-49	188
m0165	m0118	41.2	2.06e-49	187
m0165	m0048	37.5	4.59e-49	186
m0165	m0103	37.8	7.83e-49	185
m0165	m0109	40.7	7.83e-49	185
m0165	m0062	40.4	5.07e-48	183
m0165	m0069	37.2	8.65e-48	182
m0165	m0134	35.5	1.13e-47	181
m0165	m0051	40.0	4.29e-47	179
m0165	m0063	38.3	4.29e-47	179
m0165	m0097	37.6	7.33e-47	179
m0165	m0040	40.6	1.25e-46	178
m0165	m0084	39.4	1.25e-46	178
m0165	m0033	35.7	1.8e-45	174
m0165	m0162	37.0	4.02e-45	173
m0165	m0074	40.2	6.86e-45	172
m0165	m0104	39.0	1.53e-44	171
m0165	m0149	37.6	1.53e-44	171
m0165	m0098	37.2	1.87e-42	164
m0165	m0128	38.3	4.16e-42	163
m0165	m0066	37.4	1.21e-41	161
m0165	m0102	35.2	1.21e-41	161
m0165	m0070	38.3	1.58e-41	161
m0165	m0071	37.8	1.58e-41	161
m0165	m0073	37.3	1.75e-40	158
m0165	m0094	34.2	1.93e-39	154
m0165	m0096	35.9	7.34e-39	152
m0165	m0158	38.2	7.34e-39	152
m0165	m0157	38.4	1.25e-38	151
m0165	m0113	35.8	1.64e-38	151
m0165	m0133	34.5	6.22e-38	149
m0165	m0111	35.0	6.22e-38	149
m0165	m0005	35.7	8.12e-38	149
m0165	m0047	39.5	1.06e-37	148
m0165	m0017	35.0	1.38e-37	148
m0165	m0093	39.2	2.36e-37	147
m0165	m0159	31.5	2.36e-37	147
m0165	m0050	37.8	8.98e-37	145
m0165	m0039	37.0	1.17e-36	145
m0165	m0161	38.2	1.53e-36	144
m0165	m0014	37.9	4.45e-36	143
m0165	m0088	37.0	1.69e-35	141
m0165	m0068	36.3	2.89e-35	140
m0165	m0125	34.6	2.89e-35	140
m0165	m0006	37.1	4.93e-35	139
m0165	m0023	36.7	6.43e-35	139
m0165	m0076	36.6	1.87e-34	138
m0165	m0154	32.3	1.87e-34	138
m0165	m0138	33.8	7.86e-33	132
m0165	m0025	32.0	1.34e-32	131
m0165	m0130	32.6	2.99e-32	130
m0165	m0163	33.2	1.48e-31	128
m0165	m0160	28.8	3.91e-24	103
m0165	m0137	27.7	2.54e-23	101
m0165	m0041	22.8	2.01e-12	64
m0165	m0064	24.7	9.68e-07	45
m0165	m0016	26.3	0.00291	34
m0165	m0016	24.4	0.0938	29
m0164	m0082	43.3	3.88e-62	230
m0164	m0151	44.0	6.41e-57	212
m0164	m0046	38.4	1.63e-52	198
m0164	m0085	38.4	4.02e-51	193
m0164	m0087	38.7	1.53e-50	191
m0164	m0029	37.4	5.09e-46	176
m0164	m0009	35.1	7.35e-45	172
m0164	m0058	38.2	1.64e-44	171
m0164	m0019	36.2	8.13e-44	169
m0164	m0049	39.4	4.93e-41	159
m0164	m0110	34.0	4.62e-39	153
m0164	m0112	33.3	5.64e-37	146
m0164	m0106	42.7	4.18e-32	130
m0164	m0049	44.8	4.33e-29	120
m0164	m0135	29.1	2.54e-21	94
m0164	m0105	29.9	6.71e-14	69
m0164	m0105	40.2	1.5e-13	68
m0164	m0106	44.2	7.42e-13	66
m0164	m0135	30.0	1.9	25
m0163	m0130	75.3	4.28e-186	642
m0163	m0111	64.6	1.48e-170	590
m0163	m0068	62.3	5.84e-151	525
m0163	m0125	59.3	7.15e-141	492
m0163	m0138	58.2	5.87e-135	472
m0163	m0154	69.0	5.5e-125	439
m0163	m0076	77.6	1.83e-120	424
m0163	m0093	54.5	1.83e-120	424
m0163	m0088	71.4	1.83e-120	424
m0163	m0023	58.7	3.82e-118	416
m0163	m0014	54.6	4.99e-118	416
m0163	m0161	51.5	1.11e-117	414
m0163	m0047	51.6	1.23e-116	411
m0163	m0025	54.0	1.61e-116	411
m0163	m0096	53.0	2.74e-116	410
m0163	m0006	59.7	1.04e-115	408
m0163	m0050	59.5	3.95e-115	406
m0163	m0094	51.5	2.17e-113	400
m0163	m0157	57.6	8.24e-113	398
m0163	m0113	50.1	2.93e-110	390
m0163	m0039	50.8	5.36e-104	369
m0163	m0133	59.6	4.24e-101	359
m0163	m0158	46.7	1.61e-100	357
m0163	m0017	57.0	3.26e-93	333
m0163	m0123	58.1	6.16e-84	302
m0163	m0103	51.7	1.85e-80	291
m0163	m0001	50.7	2.59e-74	270
m0163	m0155	50.2	4.89e-73	266
m0163	m0134	51.7	7.06e-72	262
m0163	m0086	50.3	1.57e-71	261
m0163	m0062	44.1	3.87e-70	257
m0163	m0141	52.1	6.61e-70	256
m0163	m0131	48.4	8.63e-70	255
m0163	m0012	47.7	2.51e-69	254
m0163	m0097	48.7	4.28e-69	253
m0163	m0033	48.2	9.54e-69	252
m0163	m0002	50.2	1.8e-67	248
m0163	m0011	48.1	6.84e-67	246
m0163	m0070	47.0	2.6e-66	244
m0163	m0069	47.2	3.39e-66	243
m0163	m0045	48.3	2.87e-65	240
m0163	m0054	45.6	2.69e-63	234
m0163	m0083	46.1	4.59e-63	233
m0163	m0124	43.3	7.82e-63	232
m0163	m0084	44.5	6.62e-62	229
m0163	m0109	44.7	8.65e-62	229
m0163	m0048	44.7	1.25e-60	225
m0163	m0043	44.9	4.75e-60	223
m0163	m0149	43.4	4.75e-60	223
m0163	m0098	42.2	4.75e-60	223
m0163	m0073	42.2	1.8e-59	221
m0163	m0063	42.2	2.6e-58	217
m0163	m0090	41.4	1.43e-56	211
m0163	m0118	41.1	5.43e-56	210
m0163	m0144	42.6	2.06e-55	208
m0163	m0066	42.3	1.34e-54	205
m0163	m0120	41.9	1.13e-53	202
m0163	m0101	38.9	8.12e-52	196
m0163	m0102	39.3	1.81e-51	195
m0163	m0031	41.2	6.87e-51	193
m0163	m0040	37.8	3.19e-48	184
m0163	m0074	38.4	2.07e-47	181
m0163	m0065	38.3	2.29e-46	178
m0163	m0162	37.3	2.29e-46	178
m0163	m0104	37.4	2.99e-46	177
m0163	m0036	38.8	5.09e-46	176
m0163	m0077	38.4	2.14e-44	171
m0163	m0079	36.6	3.65e-44	170
m0163	m0067	37.2	6.23e-44	169
m0163	m0037	38.3	8.13e-44	169
m0163	m0128	37.9	1.39e-43	168
m0163	m0159	37.1	2.37e-43	168
m0163	m0051	33.9	2e-42	164
m0163	m0095	36.7	3.42e-42	164
m0163	m0028	35.3	7.61e-42	163
m0163	m0071	33.7	7.13e-40	156
m0163	m0005	35.0	1.7e-33	135
m0163	m0160	30.6	1.54e-26	112
m0163	m0137	29.7	2.01e-26	111
m0163	m0041	26.2	3.33e-13	67
m0163	m0064	27.4	6.95e-11	60
m0163	m0122	23.9	3.81e-09	54
m0163	m0026	24.6	0.00183	35
m0163	m0129	29.5	0.00408	34
m0163	m0016	23.7	0.059	30
m0163	m0099	23.5	1.11	26
m0163	m0116	26.8	1.11	26
m0163	m0017	27.6	1.45	25
m0163	m0143	27.9	1.45	25
m0163	m0099	30.2	1.45	25
m0163	m0061	24.4	1.9	25
m0163	m0060	25.3	2.48	25
m0163	m0161	22.6	3.24	24
m0162	m0040	85.5	7.04e-142	494
m0162	m0104	85.9	1.24e-138	483
m0162	m0051	76.9	1.17e-128	450
m0162	m0102	61.3	1.25e-106	377
m0162	m0128	65.8	1.39e-105	374
m0162	m0131	53.3	8.74e-84	301
m0162	m0103	52.6	3.11e-81	293
m0162	m0123	51.3	1.83e-73	267
m0162	m0063	49.6	8.49e-71	258
m0162	m0043	49.5	3.57e-69	253
m0162	m0109	48.0	1.96e-67	247
m0162	m0149	45.7	1.96e-67	247
m0162	m0001	46.6	2.56e-67	247
m0162	m0054	48.3	3.69e-66	243
m0162	m0120	45.7	4.82e-66	242
m0162	m0011	46.6	8.22e-66	242
m0162	m0134	44.2	8.22e-66	242
m0162	m0074	47.0	1.07e-65	241
m0162	m0062	44.3	3.12e-65	240
m0162	m0045	46.3	3.12e-65	240
m0162	m0083	44.6	4.08e-65	239
m0162	m0124	45.8	4.51e-64	236
m0162	m0071	45.8	1.01e-63	235
m0162	m0090	44.5	1.45e-62	231
m0162	m0012	45.2	3.57e-61	226
m0162	m0031	46.6	4.67e-61	226
m0162	m0033	44.8	1.04e-60	225
m0162	m0002	46.1	6.74e-60	222
m0162	m0077	43.6	3.35e-59	220
m0162	m0141	43.8	2.03e-56	210
m0162	m0118	41.8	2.65e-56	210
m0162	m0086	40.4	4.52e-56	209
m0162	m0155	41.0	5.91e-56	209
m0162	m0097	40.4	7.71e-56	208
m0162	m0084	40.3	1.32e-55	208
m0162	m0144	42.9	2.48e-54	203
m0162	m0069	41.7	3.03e-52	196
m0162	m0028	40.7	1.15e-51	195
m0162	m0017	40.2	1.15e-51	195
m0162	m0133	39.9	2.57e-51	193
m0162	m0095	39.1	5.72e-51	192
m0162	m0101	39.5	7.47e-51	192
m0162	m0067	40.1	1.66e-50	191
m0162	m0079	37.6	1.66e-50	191
m0162	m0036	38.1	2.17e-50	190
m0162	m0037	39.6	3.71e-50	190
m0162	m0125	38.9	6.32e-50	189
m0162	m0088	40.8	1.08e-49	188
m0162	m0073	39.9	1.08e-49	188
m0162	m0065	39.4	2.4e-49	187
m0162	m0025	37.2	3.14e-49	186
m0162	m0158	39.6	3.14e-49	186
m0162	m0098	40.6	3.14e-49	186
m0162	m0138	41.2	4.1e-49	186
m0162	m0130	41.4	9.13e-49	185
m0162	m0048	39.8	1.56e-48	184
m0162	m0014	39.0	2.94e-47	180
m0162	m0154	38.5	2.94e-47	180
m0162	m0070	38.2	3.84e-47	179
m0162	m0096	40.7	6.55e-47	179
m0162	m0113	39.4	1.12e-46	178
m0162	m0094	38.7	1.46e-46	178
m0162	m0159	39.6	1.46e-46	178
m0162	m0093	40.3	2.49e-46	177
m0162	m0157	41.2	4.24e-46	176
m0162	m0039	40.9	7.24e-46	175
m0162	m0050	41.0	7.24e-46	175
m0162	m0047	39.1	1.61e-45	174
m0162	m0111	39.6	2.11e-45	174
m0162	m0005	37.8	2.11e-45	174
m0162	m0161	38.4	2.75e-45	173
m0162	m0006	40.2	1.36e-44	171
m0162	m0076	40.4	3.97e-44	169
m0162	m0068	38.8	1.51e-43	168
m0162	m0023	38.0	2.18e-42	164
m0162	m0066	36.2	1.56e-40	158
m0162	m0137	29.9	2.68e-24	104
m0162	m0160	31.1	5.05e-23	99
m0162	m0041	29.2	1.47e-22	98
m0162	m0122	27.1	1.02e-15	75
m0162	m0064	25.9	1.8e-12	64
m0162	m0016	26.2	1.33e-07	48
m0162	m0060	22.2	0.022	31
m0162	m0006	31.4	0.109	28
m0162	m0136	26.8	0.187	28
m0162	m0068	23.3	1.58	25
m0162	m0029	24.6	2.69	24
m0162	m0113	29.5	6	23
m0161	m0014	88.9	6.17e-255	871
m0161	m0006	82.6	3.19e-235	805
m0161	m0050	80.7	7.34e-232	794
m0161	m0047	79.8	3.09e-230	788
m0161	m0096	82.6	2.89e-228	782
m0161	m0157	81.9	4.17e-227	778
m0161	m0093	79.2	1.75e-225	773
m0161	m0023	80.7	2.62e-221	759
m0161	m0039	64.8	1.19e-165	574
m0161	m0111	71.9	8.6e-148	515
m0161	m0138	55.1	6.38e-143	498
m0161	m0158	53.5	8.07e-138	481
m0161	m0113	57.4	2.59e-136	476
m0161	m0094	54.3	7.07e-134	468
m0161	m0154	51.0	5.08e-124	436
m0161	m0025	50.1	3.64e-122	429
m0161	m0125	51.2	8.41e-111	392
m0161	m0130	60.8	1.03e-108	385
m0161	m0068	49.8	2.62e-104	370
m0161	m0088	62.8	4.47e-104	369
m0161	m0154	61.0	1.7e-103	367
m0161	m0133	61.9	2.45e-102	364
m0161	m0076	67.3	1.14e-99	355
m0161	m0017	57.8	2.3e-92	330
m0161	m0123	55.0	3.56e-77	280
m0161	m0103	49.8	1.15e-75	275
m0161	m0131	49.1	9.09e-73	265
m0161	m0001	48.0	1.55e-72	265
m0161	m0155	51.0	2.64e-72	264
m0161	m0097	51.2	3.45e-72	263
m0161	m0086	49.7	3.45e-72	263
m0161	m0134	48.9	3.82e-71	260
m0161	m0141	52.3	1.11e-70	258
m0161	m0073	44.9	1.77e-68	251
m0161	m0033	47.7	1.27e-66	245
m0161	m0069	46.9	2.17e-66	244
m0161	m0011	47.5	6.31e-66	243
m0161	m0070	47.7	1.41e-65	242
m0161	m0012	46.2	1.83e-65	241
m0161	m0048	46.5	1.83e-65	241
m0161	m0062	44.3	1.55e-64	238
m0161	m0002	47.7	2.03e-64	238
m0161	m0098	45.3	7.71e-64	236
m0161	m0084	44.9	2.93e-63	234
m0161	m0054	45.0	1.11e-62	232
m0161	m0083	45.4	2.1e-61	228
m0161	m0124	44.6	3.58e-61	227
m0161	m0045	45.9	4.68e-61	226
m0161	m0043	46.5	2.57e-59	221
m0161	m0149	43.3	5.72e-59	220
m0161	m0109	44.0	1.41e-57	215
m0161	m0144	40.1	3.47e-56	210
m0161	m0063	44.0	5.92e-56	210
m0161	m0066	42.9	6.54e-55	206
m0161	m0118	42.1	4.24e-54	203
m0161	m0090	43.4	5.54e-54	203
m0161	m0031	41.8	4.69e-53	200
m0161	m0120	41.3	3.97e-52	197
m0161	m0074	42.4	4.39e-51	193
m0161	m0067	39.2	9.15e-49	186
m0161	m0040	39.5	1.56e-48	185
m0161	m0065	40.3	2.04e-48	184
m0161	m0101	40.2	4.54e-48	183
m0161	m0102	39.2	1.73e-47	181
m0161	m0104	40.9	8.56e-47	179
m0161	m0037	40.4	1.46e-46	178
m0161	m0036	38.5	7.25e-46	176
m0161	m0079	38.8	9.47e-46	176
m0161	m0077	38.8	1.24e-45	175
m0161	m0095	39.4	6.14e-45	173
m0161	m0051	39.4	1.05e-44	172
m0161	m0071	36.8	1.79e-44	171
m0161	m0128	40.0	2.33e-44	171
m0161	m0159	39.1	3.98e-44	170
m0161	m0028	38.0	7.5e-43	166
m0161	m0005	37.4	2.34e-36	144
m0161	m0137	28.5	9.21e-25	106
m0161	m0160	29.5	1.57e-24	105
m0161	m0041	25.5	2.35e-12	65
m0161	m0064	30.8	1.43e-09	55
m0161	m0122	22.9	9.26e-09	53
m0161	m0154	29.2	2.98e-07	48
m0161	m0016	26.6	0.0129	32
m0161	m0099	25.0	0.0839	30
m0161	m0004	31.3	0.143	29
m0161	m0143	23.4	0.187	28
m0161	m0129	30.0	0.416	27
m0161	m0026	35.9	0.544	27
m0161	m0146	25.7	0.71	27
m0161	m0056	27.0	1.21	26
m0161	m0022	25.7	3.53	24
m0161	m0036	34.7	3.53	24
m0161	m0142	40.0	6.01	23
m0161	m0132	50.0	6.01	23
m0161	m0026	26.7	6.01	23
m0160	m0137	85.4	2.87e-140	489
m0160	m0095	34.0	5.97e-37	146
m0160	m0067	31.6	1.63e-34	138
m0160	m0141	32.3	2.12e-34	137
m0160	m0063	33.2	8.07e-34	135
m0160	m0065	33.8	1.38e-33	134
m0160	m0037	31.7	1.38e-33	134
m0160	m0043	32.1	1.38e-33	134
m0160	m0109	34.7	1.8e-33	134
m0160	m0134	36.1	3.07e-33	133
m0160	m0031	32.9	3.07e-33	133
m0160	m0083	33.5	6.83e-33	132
m0160	m0144	32.4	8.92e-33	132
m0160	m0001	32.4	1.99e-32	131
m0160	m0079	29.8	7.55e-32	129
m0160	m0077	32.9	2.2e-31	127
m0160	m0101	32.6	2.2e-31	127
m0160	m0103	32.9	4.89e-31	126
m0160	m0130	32.4	8.35e-31	125
m0160	m0045	32.1	8.35e-31	125
m0160	m0120	33.5	1.42e-30	124
m0160	m0124	33.1	9.23e-30	122
m0160	m0074	31.7	1.21e-29	121
m0160	m0002	32.9	2.69e-29	120
m0160	m0011	31.2	7.81e-29	119
m0160	m0111	31.8	1.33e-28	118
m0160	m0012	32.6	3.88e-28	116
m0160	m0138	33.5	5.06e-28	116
m0160	m0096	31.5	6.61e-28	116
m0160	m0071	32.1	6.61e-28	116
m0160	m0090	30.0	1.47e-27	114
m0160	m0157	30.3	1.92e-27	114
m0160	m0123	30.9	3.28e-27	113
m0160	m0094	33.3	3.28e-27	113
m0160	m0050	30.7	4.29e-27	113
m0160	m0076	30.0	5.6e-27	112
m0160	m0036	28.7	9.55e-27	112
m0160	m0097	30.9	9.55e-27	112
m0160	m0054	30.1	1.63e-26	111
m0160	m0006	30.0	1.63e-26	111
m0160	m0158	30.2	2.78e-26	110
m0160	m0023	30.9	1.8e-25	107
m0160	m0033	30.5	1.8e-25	107
m0160	m0131	30.3	3.07e-25	107
m0160	m0093	29.9	3.07e-25	107
m0160	m0025	32.5	3.07e-25	107
m0160	m0068	28.7	5.24e-25	106
m0160	m0048	29.4	5.24e-25	106
m0160	m0047	29.5	5.24e-25	106
m0160	m0014	29.1	5.24e-25	106
m0160	m0086	30.3	8.94e-25	105
m0160	m0088	29.1	8.94e-25	105
m0160	m0102	31.7	8.94e-25	105
m0160	m0154	30.5	1.17e-24	105
m0160	m0039	29.8	1.52e-24	104
m0160	m0028	26.2	1.52e-24	104
m0160	m0062	29.0	2.6e-24	104
m0160	m0155	26.1	3.4e-24	103
m0160	m0070	30.7	3.4e-24	103
m0160	m0017	29.9	5.79e-24	102
m0160	m0084	28.1	3.76e-23	100
m0160	m0133	29.3	4.9e-23	99
m0160	m0149	27.8	6.41e-23	99
m0160	m0125	29.2	1.43e-22	98
m0160	m0113	28.2	3.18e-22	97
m0160	m0069	26.8	3.18e-22	97
m0160	m0040	31.1	4.15e-22	96
m0160	m0128	29.5	2.69e-21	94
m0160	m0073	26.9	6e-21	92
m0160	m0104	30.7	7.83e-21	92
m0160	m0098	29.1	8.66e-20	89
m0160	m0118	27.8	1.13e-19	88
m0160	m0051	27.8	4.3e-19	86
m0160	m0005	27.5	2.61e-16	77
m0160	m0066	28.3	1.69e-15	74
m0160	m0159	23.6	9.27e-14	69
m0160	m0041	25.9	3.65e-10	57
m0160	m0122	23.2	6.88e-09	52
m0160	m0064	25.3	3.41e-08	50
m0160	m0099	27.8	0.00114	35
m0160	m0016	21.7	0.00148	35
m0160	m0114	23.5	0.028	30
m0160	m0146	27.4	0.139	28
m0160	m0030	100.0	0.404	27
m0160	m0066	36.4	0.404	27
m0159	m0124	47.1	4.64e-64	236
m0159	m0012	44.5	3.01e-63	233
m0159	m0001	47.8	3.01e-63	233
m0159	m0131	44.9	8.75e-63	231
m0159	m0045	45.2	1.95e-62	230
m0159	m0141	44.6	5.67e-62	229
m0159	m0155	42.1	2.15e-61	227
m0159	m0062	41.0	2.81e-61	226
m0159	m0090	46.7	6.27e-61	225
m0159	m0103	43.5	8.19e-61	225
m0159	m0002	46.9	1.07e-60	225
m0159	m0123	45.5	1.82e-60	224
m0159	m0086	42.5	5.31e-60	222
m0159	m0083	42.6	1.18e-59	221
m0159	m0084	41.6	4.49e-59	219
m0159	m0069	41.2	4.49e-59	219
m0159	m0070	39.5	2.91e-58	216
m0159	m0098	39.7	1.11e-57	215
m0159	m0149	39.9	5.49e-57	212
m0159	m0066	41.8	7.17e-57	212
m0159	m0011	41.8	7.17e-57	212
m0159	m0134	41.1	3.01e-55	206
m0159	m0118	41.0	6.71e-55	205
m0159	m0120	44.6	8.77e-55	205
m0159	m0073	41.2	1.95e-54	204
m0159	m0054	39.7	2.16e-53	200
m0159	m0144	39.9	4.81e-53	199
m0159	m0067	38.6	1.4e-52	198
m0159	m0097	40.1	6.95e-52	195
m0159	m0109	42.0	1.55e-51	194
m0159	m0048	38.4	3.45e-51	193
m0159	m0065	37.7	4.5e-51	193
m0159	m0074	37.2	1.31e-50	191
m0159	m0017	39.0	2.47e-49	187
m0159	m0043	38.2	4.21e-49	186
m0159	m0036	39.1	1.6e-48	184
m0159	m0063	37.5	7.95e-48	182
m0159	m0040	39.0	7.95e-48	182
m0159	m0104	40.8	1.04e-47	181
m0159	m0102	42.3	1.36e-47	181
m0159	m0133	36.5	3.02e-47	180
m0159	m0095	37.1	3.02e-47	180
m0159	m0031	37.1	1.5e-46	178
m0159	m0033	37.6	4.36e-46	176
m0159	m0079	33.2	9.72e-46	175
m0159	m0077	38.5	9.72e-46	175
m0159	m0037	34.0	9.72e-46	175
m0159	m0154	38.2	2.16e-45	174
m0159	m0094	37.6	2.16e-45	174
m0159	m0051	35.7	4.82e-45	173
m0159	m0125	38.0	1.07e-44	171
m0159	m0093	38.5	2.39e-44	170
m0159	m0050	38.1	2.39e-44	170
m0159	m0111	39.9	2.39e-44	170
m0159	m0014	38.8	3.13e-44	170
m0159	m0113	39.2	3.13e-44	170
m0159	m0138	37.0	6.96e-44	169
m0159	m0158	37.1	9.09e-44	168
m0159	m0071	37.5	2.03e-43	167
m0159	m0047	37.0	2.03e-43	167
m0159	m0023	38.2	2.03e-43	167
m0159	m0006	37.7	2.65e-43	167
m0159	m0025	36.2	4.51e-43	166
m0159	m0101	36.0	5.89e-43	166
m0159	m0130	35.4	7.7e-43	165
m0159	m0076	40.3	1.31e-42	164
m0159	m0157	36.0	1.31e-42	164
m0159	m0068	37.5	1.72e-42	164
m0159	m0096	36.0	2.24e-42	164
m0159	m0088	36.0	8.51e-42	162
m0159	m0028	33.5	1.61e-40	158
m0159	m0039	34.1	3.58e-40	156
m0159	m0128	39.1	3.58e-40	156
m0159	m0005	31.9	6.76e-31	126
m0159	m0137	25.3	5.38e-12	63
m0159	m0122	27.0	1.47e-09	55
m0159	m0064	24.4	7.27e-09	52
m0159	m0041	25.3	1.37e-07	48
m0159	m0016	20.4	1.68e-05	41
m0159	m0136	27.0	1.68e-05	41
m0159	m0148	23.3	0.0659	29
m0159	m0099	24.1	0.147	28
m0159	m0056	36.2	0.327	27
m0159	m0152	28.6	0.952	25
m0159	m0099	29.6	0.952	25
m0159	m0060	22.6	1.24	25
m0159	m0107	35.9	1.62	25
m0159	m0025	44.8	1.62	25
m0159	m0136	35.7	2.12	24
m0159	m0143	23.2	2.12	24
m0159	m0026	41.2	2.77	24
m0158	m0138	56.3	1.19e-143	501
m0158	m0006	54.2	4.83e-137	479
m0158	m0094	53.7	9.11e-136	475
m0158	m0023	52.2	3.83e-134	469
m0158	m0014	52.3	3.83e-134	469
m0158	m0113	53.4	1.23e-132	464
m0158	m0050	52.2	1.78e-131	460
m0158	m0093	52.1	6.76e-131	458
m0158	m0047	51.9	3.35e-130	456
m0158	m0096	52.9	5.72e-130	455
m0158	m0157	51.2	5.72e-130	455
m0158	m0039	51.3	1.01e-126	445
m0158	m0025	49.5	3.6e-116	409
m0158	m0154	49.2	7.51e-114	402
m0158	m0125	50.0	9.2e-104	368
m0158	m0111	50.0	1.05e-99	355
m0158	m0130	48.9	1.52e-98	351
m0158	m0133	60.9	5.06e-94	336
m0158	m0068	44.5	1.17e-90	325
m0158	m0017	58.3	4.43e-90	323
m0158	m0088	54.8	3.75e-89	320
m0158	m0076	60.1	5.42e-88	316
m0158	m0123	53.2	2.13e-76	277
m0158	m0103	51.4	1.06e-75	275
m0158	m0131	51.0	5.81e-74	269
m0158	m0155	49.0	1.87e-72	264
m0158	m0033	47.8	1.48e-69	255
m0158	m0134	48.0	3.65e-68	250
m0158	m0069	49.5	3.65e-68	250
m0158	m0001	46.1	1.17e-66	245
m0158	m0002	49.4	3.42e-66	243
m0158	m0124	45.4	2.89e-65	240
m0158	m0141	48.5	3.78e-65	240
m0158	m0086	46.7	1.44e-64	238
m0158	m0012	46.9	4.18e-64	236
m0158	m0097	48.0	2.07e-63	234
m0158	m0070	45.4	7.88e-63	232
m0158	m0045	44.6	2.29e-62	231
m0158	m0083	43.7	5.11e-62	230
m0158	m0084	45.5	1.49e-61	228
m0158	m0073	42.3	3.31e-61	227
m0158	m0043	47.9	8.15e-60	222
m0158	m0062	43.1	1.39e-59	221
m0158	m0011	45.6	2.37e-59	221
m0158	m0098	42.9	9.01e-59	219
m0158	m0054	43.9	1.18e-58	218
m0158	m0048	44.6	5.84e-58	216
m0158	m0120	42.3	1.88e-56	211
m0158	m0109	42.1	2.45e-56	211
m0158	m0031	42.8	2.71e-55	207
m0158	m0149	43.1	4.63e-55	206
m0158	m0144	38.3	6.04e-55	206
m0158	m0090	40.5	2.3e-54	204
m0158	m0063	42.8	5.12e-54	203
m0158	m0067	41.9	5.12e-54	203
m0158	m0118	42.0	1.65e-52	198
m0158	m0074	42.6	1.65e-52	198
m0158	m0101	40.1	1.65e-52	198
m0158	m0079	42.1	1.65e-52	198
m0158	m0036	41.3	1.07e-51	195
m0158	m0066	40.1	1.07e-51	195
m0158	m0028	41.4	1.54e-50	191
m0158	m0040	41.2	9.99e-50	189
m0158	m0065	38.5	1.7e-49	188
m0158	m0104	41.0	1.1e-48	185
m0158	m0051	40.1	7.16e-48	183
m0158	m0128	39.6	2.72e-47	181
m0158	m0037	37.8	6.06e-47	179
m0158	m0077	41.7	2.3e-46	178
m0158	m0095	38.3	8.75e-46	176
m0158	m0102	36.7	4.34e-45	173
m0158	m0071	33.8	4.49e-42	163
m0158	m0005	35.0	1.11e-40	159
m0158	m0137	30.2	3.46e-26	111
m0158	m0041	28.4	3.96e-14	70
m0158	m0064	28.4	1.32e-09	55
m0158	m0026	24.3	3.59e-07	47
m0158	m0143	21.6	5.19e-06	44
m0158	m0122	20.2	5.74e-05	40
m0158	m0108	22.2	0.00141	35
m0158	m0026	29.4	0.0156	32
m0158	m0016	25.0	0.0594	30
m0158	m0040	38.2	0.0594	30
m0158	m0004	26.1	0.656	27
m0158	m0026	27.4	2.49	25
m0158	m0055	27.5	4.25	24
m0158	m0079	28.6	5.56	23
m0158	m0151	26.5	5.56	23
m0158	m0104	33.3	9.48	23
m0157	m0096	89.2	1.7e-246	842
m0157	m0047	89.0	2.9e-246	842
m0157	m0050	85.0	9.99e-239	817
m0157	m0093	85.0	2.23e-238	815
m0157	m0006	84.7	5.48e-237	811
m0157	m0014	81.2	9.06e-232	793
m0157	m0023	79.2	1.04e-219	753
m0157	m0039	65.7	2.51e-165	573
m0157	m0111	67.1	3.77e-145	506
m0157	m0138	55.5	2.07e-143	500
m0157	m0113	57.9	4.18e-136	476
m0157	m0094	53.9	7.38e-133	465
m0157	m0154	52.1	5.29e-131	459
m0157	m0025	52.1	1.44e-128	451
m0157	m0130	55.8	5.33e-107	379
m0157	m0125	52.1	2.02e-106	377
m0157	m0068	49.8	3.45e-106	376
m0157	m0088	62.8	2.09e-103	367
m0157	m0076	66.5	3.13e-99	353
m0157	m0133	58.2	9.11e-99	352
m0157	m0017	58.4	2.4e-91	327
m0157	m0123	56.9	6.14e-79	286
m0157	m0103	50.2	9.8e-77	278
m0157	m0131	50.2	3.85e-73	267
m0157	m0001	49.5	9.49e-72	262
m0157	m0086	50.3	2.11e-71	261
m0157	m0155	48.8	1.05e-70	258
m0157	m0097	48.8	1.51e-69	255
m0157	m0141	49.6	4.41e-69	253
m0157	m0134	46.7	4.87e-68	250
m0157	m0069	46.7	6.36e-68	249
m0157	m0033	47.2	9.19e-67	245
m0157	m0011	48.4	2.67e-66	244
m0157	m0048	46.1	4.56e-66	243
m0157	m0073	46.0	4.56e-66	243
m0157	m0062	42.6	5.04e-65	240
m0157	m0002	46.5	1.47e-64	238
m0157	m0070	45.4	5.58e-64	236
m0157	m0012	44.9	6.16e-63	233
m0157	m0084	45.1	1.79e-62	231
m0157	m0054	44.1	1.52e-61	228
m0157	m0098	43.8	2.59e-61	227
m0157	m0045	44.6	5.77e-61	226
m0157	m0043	46.5	1.29e-60	225
m0157	m0083	42.2	2.19e-60	224
m0157	m0124	43.0	4.14e-59	220
m0157	m0149	41.9	1.2e-58	218
m0157	m0144	42.6	1.02e-57	215
m0157	m0109	44.4	1.33e-57	215
m0157	m0063	44.6	1.74e-57	215
m0157	m0118	43.4	2.77e-55	207
m0157	m0090	43.1	3.62e-55	207
m0157	m0066	40.8	3.07e-54	204
m0157	m0031	42.4	1.68e-52	198
m0157	m0120	40.5	1.68e-52	198
m0157	m0074	42.6	8.35e-52	196
m0157	m0101	42.1	2.06e-50	191
m0157	m0040	40.9	5.07e-49	186
m0157	m0102	38.7	1.13e-48	185
m0157	m0067	37.8	5.6e-48	183
m0157	m0104	42.1	1.25e-47	182
m0157	m0065	38.0	1.25e-47	182
m0157	m0079	38.7	3.63e-47	180
m0157	m0071	39.9	4.01e-46	177
m0157	m0077	39.7	4.01e-46	177
m0157	m0036	41.1	1.53e-45	175
m0157	m0037	39.0	1.99e-45	174
m0157	m0095	35.5	3.76e-44	170
m0157	m0051	39.3	8.37e-44	169
m0157	m0028	39.8	1.09e-43	169
m0157	m0128	39.0	3.52e-42	164
m0157	m0005	36.0	2.88e-36	144
m0157	m0137	29.5	3.77e-28	117
m0157	m0041	27.3	1.18e-13	69
m0157	m0064	29.9	1.59e-10	59
m0157	m0122	23.6	2.3e-09	55
m0157	m0016	23.8	0.00549	33
m0157	m0143	23.4	0.0122	32
m0157	m0099	25.0	0.0209	32
m0157	m0129	29.4	0.104	29
m0157	m0004	26.2	0.231	28
m0157	m0146	27.0	0.231	28
m0157	m0026	35.9	0.671	27
m0157	m0148	40.0	0.671	27
m0157	m0036	55.0	0.876	26
m0157	m0056	34.9	1.14	26
m0157	m0099	28.3	1.14	26
m0157	m0156	26.0	1.14	26
m0157	m0089	28.2	4.35	24
m0157	m0022	31.9	9.69	23
m0156	m0004	68.6	4.18e-172	595
m0156	m0127	60.3	9.39e-148	514
m0156	m0034	60.1	1.15e-145	507
m0156	m0042	52.9	7.24e-124	435
m0156	m0091	52.9	2.41e-119	420
m0156	m0075	46.2	8.04e-107	378
m0156	m0051	35.1	6.56	23
m0155	m0069	58.9	3.39e-102	362
m0155	m0001	54.6	4.9e-93	332
m0155	m0086	59.4	1.43e-92	330
m0155	m0134	55.4	3.51e-91	326
m0155	m0048	56.5	4.59e-91	325
m0155	m0103	58.1	1.93e-89	320
m0155	m0141	60.1	7.32e-89	318
m0155	m0131	53.9	1.06e-87	314
m0155	m0012	55.1	2.61e-86	310
m0155	m0124	54.1	3.4e-86	309
m0155	m0123	57.6	4.44e-86	309
m0155	m0054	52.7	2.88e-85	306
m0155	m0002	57.1	6.42e-85	305
m0155	m0098	50.5	3.18e-84	303
m0155	m0045	54.5	3.52e-83	299
m0155	m0062	51.1	8.67e-82	295
m0155	m0097	50.0	1.93e-81	294
m0155	m0083	51.3	9.59e-81	291
m0155	m0033	53.7	1.64e-80	290
m0155	m0011	52.0	1.64e-80	290
m0155	m0073	52.4	4.76e-80	289
m0155	m0070	53.1	1.17e-78	284
m0155	m0090	48.1	1.69e-77	280
m0155	m0133	50.5	1.87e-76	277
m0155	m0084	47.8	1.21e-75	274
m0155	m0014	51.7	1.34e-74	271
m0155	m0154	51.2	2.99e-74	270
m0155	m0125	50.7	6.66e-74	268
m0155	m0093	50.5	8.69e-74	268
m0155	m0017	50.8	8.69e-74	268
m0155	m0149	50.9	1.14e-73	268
m0155	m0088	49.0	4.31e-73	266
m0155	m0050	50.3	4.31e-73	266
m0155	m0023	49.5	1.26e-72	264
m0155	m0047	49.5	1.64e-72	264
m0155	m0118	46.6	2.8e-72	263
m0155	m0144	45.8	3.65e-72	263
m0155	m0066	51.3	4.77e-72	262
m0155	m0113	50.9	2.37e-71	260
m0155	m0096	50.2	2.37e-71	260
m0155	m0130	51.8	2.37e-71	260
m0155	m0138	50.5	2.37e-71	260
m0155	m0111	50.3	4.04e-71	259
m0155	m0076	52.3	3.42e-70	256
m0155	m0006	50.3	4.46e-70	256
m0155	m0068	47.6	9.95e-70	255
m0155	m0043	49.4	1.7e-69	254
m0155	m0094	49.0	8.42e-69	252
m0155	m0039	48.0	1.1e-68	251
m0155	m0036	46.0	1.44e-68	251
m0155	m0109	47.2	2.07e-67	247
m0155	m0063	46.0	7.88e-67	245
m0155	m0065	46.1	1.76e-66	244
m0155	m0120	47.0	2.99e-66	243
m0155	m0067	46.6	3.91e-66	243
m0155	m0101	44.6	2.37e-63	233
m0155	m0031	43.3	2.37e-63	233
m0155	m0025	44.3	9.02e-63	231
m0155	m0077	45.0	1.54e-62	231
m0155	m0074	42.1	9.97e-62	228
m0155	m0079	43.2	2.22e-61	227
m0155	m0095	41.9	1.88e-60	224
m0155	m0037	46.5	9.33e-60	221
m0155	m0051	42.8	1.76e-58	217
m0155	m0040	43.4	6.69e-58	215
m0155	m0071	41.9	1.82e-55	207
m0155	m0104	42.3	5.3e-55	206
m0155	m0102	43.0	9.04e-55	205
m0155	m0028	42.0	9.04e-55	205
m0155	m0128	44.3	3.01e-50	190
m0155	m0005	40.8	2.38e-47	180
m0155	m0137	27.0	2.17e-24	104
m0155	m0041	26.8	8.27e-16	75
m0155	m0122	21.9	8.86e-10	55
m0155	m0064	25.3	1.28e-08	52
m0155	m0016	22.5	0.00162	35
m0155	m0056	31.9	0.00615	33
m0155	m0099	26.1	0.00615	33
m0155	m0061	27.8	0.116	28
m0155	m0026	33.9	0.151	28
m0155	m0129	24.5	0.575	26
m0155	m0143	22.7	0.575	26
m0155	m0099	28.1	0.575	26
m0155	m0016	25.5	1.28	25
m0155	m0060	20.9	2.86	24
m0155	m0007	25.2	6.36	23
m0154	m0025	70.0	2.19e-174	603
m0154	m0138	59.2	6.41e-150	522
m0154	m0094	58.7	5.09e-139	485
m0154	m0113	57.4	4.46e-135	472
m0154	m0006	52.5	1.34e-131	461
m0154	m0096	52.1	1.94e-130	457
m0154	m0047	52.3	9.01e-128	448
m0154	m0023	51.0	3.79e-126	443
m0154	m0050	51.2	8.43e-126	441
m0154	m0088	73.2	1.22e-124	438
m0154	m0130	62.4	2.71e-124	436
m0154	m0014	50.7	3.1e-120	423
m0154	m0076	78.7	7.65e-119	418
m0154	m0039	50.2	2.81e-113	400
m0154	m0093	47.6	6.93e-112	395
m0154	m0111	50.6	1.04e-107	381
m0154	m0014	62.3	7.42e-106	375
m0154	m0068	50.9	2.02e-103	367
m0154	m0133	59.8	8.79e-99	352
m0154	m0125	47.6	4.82e-97	346
m0154	m0017	59.8	3.95e-91	326
m0154	m0123	58.4	3.24e-85	307
m0154	m0103	51.9	4.85e-81	293
m0154	m0001	50.0	6.78e-75	272
m0154	m0131	49.6	7.49e-74	269
m0154	m0134	49.7	3.15e-72	263
m0154	m0033	48.9	4.11e-72	263
m0154	m0086	49.3	2.49e-69	254
m0154	m0141	50.4	2.11e-68	251
m0154	m0069	50.4	1.79e-67	248
m0154	m0062	44.0	2.33e-67	247
m0154	m0012	48.4	3.98e-67	247
m0154	m0011	48.4	5.2e-67	246
m0154	m0083	46.7	1.67e-65	241
m0154	m0045	48.3	1.67e-65	241
m0154	m0002	48.3	6.36e-65	239
m0154	m0097	47.0	8.3e-65	239
m0154	m0124	45.3	1.2e-63	235
m0154	m0048	46.8	1.33e-62	231
m0154	m0054	46.5	1.91e-61	228
m0154	m0070	43.3	7.27e-61	226
m0154	m0084	43.6	8.04e-60	222
m0154	m0043	46.1	4.41e-58	216
m0154	m0063	43.7	5.76e-58	216
m0154	m0073	39.0	9.83e-58	215
m0154	m0090	42.4	1.09e-56	212
m0154	m0149	41.0	1.09e-56	212
m0154	m0118	42.3	2.42e-56	211
m0154	m0098	42.1	9.2e-56	209
m0154	m0109	42.8	1.02e-54	205
m0154	m0144	37.9	1.12e-53	202
m0154	m0066	41.9	2.77e-52	197
m0154	m0120	41.3	4e-51	193
m0154	m0101	39.1	3.39e-50	190
m0154	m0040	40.0	3.74e-49	187
m0154	m0104	41.4	2.68e-47	181
m0154	m0102	40.4	2.68e-47	181
m0154	m0065	38.0	1.33e-46	178
m0154	m0074	37.9	3.87e-46	177
m0154	m0031	40.7	6.61e-46	176
m0154	m0079	37.3	1.47e-45	175
m0154	m0077	38.0	4.28e-45	173
m0154	m0051	38.9	5.6e-45	173
m0154	m0128	37.7	1.38e-43	168
m0154	m0071	38.7	6.84e-43	166
m0154	m0036	36.4	6.84e-43	166
m0154	m0067	36.9	2.6e-42	164
m0154	m0028	36.6	8.36e-41	159
m0154	m0037	34.3	1.09e-40	159
m0154	m0095	34.5	1.48e-37	148
m0154	m0005	35.3	2.06e-31	128
m0154	m0137	30.2	4.92e-25	107
m0154	m0041	28.6	1.44e-16	79
m0154	m0064	26.2	9.02e-11	59
m0154	m0122	23.0	1.18e-10	59
m0154	m0121	30.8	0.00139	35
m0154	m0116	25.9	0.00238	35
m0154	m0026	24.1	0.00311	34
m0154	m0016	23.5	0.0201	32
m0154	m0015	28.2	0.0999	29
m0154	m0019	23.5	0.13	29
m0154	m0099	30.2	0.846	26
m0154	m0061	24.4	1.88	25
m0154	m0087	29.8	1.88	25
m0154	m0060	21.8	3.21	24
m0154	m0148	56.5	4.2	24
m0154	m0014	23.8	5.48	23
m0153	m0038	27.4	0.00023	38
m0153	m0068	27.4	0.14	28
m0153	m0067	20.1	0.182	28
m0153	m0134	23.9	0.693	26
m0153	m0143	27.9	3.44	24
m0152	m0129	27.6	3.26e-14	70
m0152	m0061	30.2	1.16e-11	62
m0152	m0129	32.6	1.08e-09	55
m0152	m0103	25.4	0.000305	37
m0152	m0035	29.2	0.00116	35
m0152	m0083	38.1	0.00152	35
m0152	m0124	30.1	0.00441	33
m0152	m0012	33.3	0.00441	33
m0152	m0097	29.2	0.00752	32
m0152	m0108	27.4	0.00983	32
m0152	m0011	35.7	0.0128	32
m0152	m0002	31.2	0.0168	31
m0152	m0045	33.3	0.0168	31
m0152	m0149	27.1	0.0168	31
m0152	m0141	26.5	0.0219	31
m0152	m0090	29.6	0.0219	31
m0152	m0134	32.1	0.0286	30
m0152	m0095	28.4	0.0637	29
m0152	m0001	33.3	0.0637	29
m0152	m0056	23.3	0.0832	29
m0152	m0144	28.6	0.109	28
m0152	m0109	33.3	0.109	28
m0152	m0037	31.9	0.242	27
m0152	m0067	29.9	0.413	27
m0152	m0079	31.0	0.704	26
m0152	m0036	28.6	1.2	25
m0152	m0136	24.5	3.49	23
m0152	m0065	26.1	4.56	23
m0151	m0087	47.6	2.25e-72	263
m0151	m0019	41.7	4.41e-60	223
m0151	m0058	41.9	5.76e-60	222
m0151	m0082	45.0	8.32e-59	218
m0151	m0046	41.3	7.78e-57	212
m0151	m0009	40.6	5.05e-56	209
m0151	m0110	40.7	1.79e-53	201
m0151	m0029	40.1	6.82e-53	199
m0151	m0049	41.9	1.86e-50	191
m0151	m0106	38.7	3.62e-46	176
m0151	m0112	35.4	1.74e-40	158
m0151	m0085	45.7	5.07e-40	156
m0151	m0105	31.6	5.43e-34	136
m0151	m0135	33.5	2.36e-29	121
m0151	m0085	48.2	2.99e-16	77
m0151	m0055	32.7	3.01	24
m0150	m0059	36.6	4.08e-78	283
m0150	m0027	32.6	1.01e-60	225
m0150	m0139	31.8	1.08e-54	205
m0150	m0008	31.0	1.62e-50	191
m0150	m0115	32.4	2.26e-44	171
m0150	m0008	36.9	9.5e-43	166
m0150	m0145	34.9	7.52e-40	156
m0150	m0018	33.5	2.77e-34	138
m0150	m0145	27.6	3.41e-08	51
m0150	m0018	27.0	4.45e-08	50
m0150	m0113	42.9	2	25
m0150	m0041	27.4	4.46	24
m0149	m0131	61.7	2.89e-98	349
m0149	m0103	56.2	1.59e-88	317
m0149	m0123	56.8	9.64e-86	308
m0149	m0045	53.1	3.1e-84	303
m0149	m0083	51.0	2.46e-81	293
m0149	m0062	50.7	4.19e-81	292
m0149	m0001	50.9	7.15e-81	292
m0149	m0063	53.8	2.08e-80	290
m0149	m0011	52.3	1.35e-79	287
m0149	m0141	51.9	1.76e-79	287
m0149	m0054	51.6	1.49e-78	284
m0149	m0086	50.2	2.15e-77	280
m0149	m0043	51.1	4.79e-77	279
m0149	m0012	49.3	1.82e-76	277
m0149	m0084	50.7	3.11e-76	276
m0149	m0134	47.8	5.3e-76	275
m0149	m0002	51.9	5.3e-76	275
m0149	m0097	49.2	5.86e-75	272
m0149	m0120	49.1	2.91e-74	270
m0149	m0109	47.4	4.2e-73	266
m0149	m0090	47.6	5.49e-73	265
m0149	m0124	48.4	3.56e-72	263
m0149	m0070	48.6	1.14e-70	258
m0149	m0031	45.3	3.33e-70	256
m0149	m0051	46.2	1.65e-69	254
m0149	m0069	45.8	6.28e-69	252
m0149	m0118	45.6	6.49e-66	242
m0149	m0067	44.0	8.48e-66	242
m0149	m0071	44.3	8.48e-66	242
m0149	m0040	42.3	1.11e-65	241
m0149	m0104	44.7	1.89e-65	240
m0149	m0074	42.0	3.22e-65	240
m0149	m0033	43.9	2.09e-64	237
m0149	m0144	45.0	1.04e-63	235
m0149	m0036	44.6	3.94e-63	233
m0149	m0065	43.4	1.15e-62	231
m0149	m0048	41.7	1.15e-62	231
m0149	m0017	43.3	5.69e-62	229
m0149	m0023	44.5	5.69e-62	229
m0149	m0037	43.3	1.66e-61	227
m0149	m0093	44.6	1.66e-61	227
m0149	m0101	44.4	6.29e-61	225
m0149	m0073	41.4	1.07e-60	225
m0149	m0098	41.6	1.07e-60	225
m0149	m0133	43.8	3.12e-60	223
m0149	m0111	44.6	4.08e-60	223
m0149	m0047	42.1	5.33e-60	222
m0149	m0076	46.7	6.95e-60	222
m0149	m0050	42.7	1.55e-59	221
m0149	m0096	43.3	2.02e-59	220
m0149	m0006	42.1	3.45e-59	220
m0149	m0125	42.2	5.89e-59	219
m0149	m0130	43.1	1e-58	218
m0149	m0014	43.3	2.24e-58	217
m0149	m0102	40.6	1.45e-57	214
m0149	m0079	42.3	2.47e-57	213
m0149	m0138	40.9	5.51e-57	212
m0149	m0128	43.6	9.4e-57	211
m0149	m0088	42.0	2.73e-56	210
m0149	m0039	44.4	2.73e-56	210
m0149	m0066	42.3	3.57e-56	210
m0149	m0068	41.9	1.36e-55	208
m0149	m0095	41.1	2.32e-55	207
m0149	m0025	38.7	6.74e-55	205
m0149	m0028	40.9	4.37e-54	203
m0149	m0077	41.0	1.83e-52	197
m0149	m0094	41.8	6.97e-52	195
m0149	m0113	38.8	1.55e-51	194
m0149	m0005	38.4	1.41e-44	171
m0149	m0137	27.4	6.36e-21	92
m0149	m0041	28.8	3.86e-18	83
m0149	m0122	23.7	1.09e-12	65
m0149	m0064	25.5	3.5e-11	60
m0149	m0016	27.0	8.35e-05	39
m0149	m0142	24.2	0.00458	33
m0149	m0022	26.7	0.0133	32
m0149	m0007	22.5	0.0174	31
m0149	m0060	21.3	0.0174	31
m0149	m0016	31.7	0.0174	31
m0149	m0143	23.0	0.0174	31
m0149	m0144	26.1	0.0864	29
m0149	m0099	32.4	0.955	25
m0149	m0147	27.7	1.63	25
m0148	m0132	58.1	3.68e-107	379
m0148	m0147	43.4	6.15e-62	229
m0148	m0114	31.2	1.35e-08	52
m0148	m0026	23.6	0.00291	34
m0148	m0120	25.0	0.0188	31
m0148	m0098	27.2	0.0188	31
m0148	m0073	27.5	0.0548	30
m0148	m0113	24.1	0.0716	29
m0148	m0109	25.4	0.0935	29
m0148	m0103	28.0	0.159	28
m0148	m0011	39.2	0.159	28
m0148	m0133	24.0	0.159	28
m0148	m0116	24.6	0.208	28
m0148	m0050	38.0	0.355	27
m0148	m0096	40.0	0.464	27
m0148	m0111	56.5	0.464	27
m0148	m0036	23.4	0.464	27
m0148	m0086	25.2	0.791	26
m0148	m0047	52.2	0.791	26
m0148	m0093	52.2	0.791	26
m0148	m0023	52.2	1.03	25
m0148	m0123	29.8	1.35	25
m0148	m0006	38.0	1.35	25
m0148	m0090	36.4	1.76	25
m0148	m0131	23.3	1.76	25
m0148	m0125	56.5	3.01	24
m0148	m0069	40.0	3.93	23
m0148	m0068	24.6	5.13	23
m0148	m0144	36.6	6.7	23
m0148	m0015	47.4	8.75	22
m0148	m0094	50.0	8.75	22
m0148	m0135	29.9	8.75	22
m0148	m0066	56.2	8.75	22
m0148	m0043	31.0	8.75	22
m0148	m0065	54.5	8.75	22
m0147	m0132	43.3	6.18e-55	206
m0147	m0114	35.0	1.82e-06	45
m0147	m0030	24.7	0.000648	36
m0147	m0133	41.9	0.876	26
m0146	m0026	28.7	3.47e-48	184
m0146	m0143	31.0	3.04e-44	171
m0146	m0116	25.1	7.06e-17	80
m0146	m0050	24.9	0.0169	32
m0146	m0144	26.7	0.0376	31
m0146	m0111	28.6	0.0641	30
m0146	m0068	24.2	0.0838	30
m0146	m0113	27.0	0.0838	30
m0146	m0096	25.1	0.0838	30
m0146	m0014	25.1	0.143	29
m0146	m0093	26.3	0.244	28
m0146	m0024	26.2	0.318	28
m0146	m0023	28.6	0.416	28
m0146	m0047	26.3	0.543	27
m0146	m0121	26.2	0.926	27
m0146	m0074	32.4	2.69	25
m0146	m0002	24.4	2.69	25
m0146	m0073	33.9	4.6	24
m0146	m0073	45.0	7.84	23
m0145	m0018	35.0	1.36e-82	298
m0145	m0027	39.9	4.15e-39	154
m0145	m0139	28.5	6e-38	150
m0145	m0115	39.7	5.63e-28	117
m0145	m0059	31.0	1.39e-26	112
m0145	m0008	32.9	3.09e-26	111
m0145	m0027	34.5	7.38e-12	63
m0145	m0008	23.9	2.46e-07	48
m0145	m0059	30.0	1.03e-05	43
m0145	m0115	42.5	0.0406	31
m0145	m0113	34.2	6.48	23
m0145	m0041	33.3	8.47	23
m0144	m0101	65.0	9.3e-106	375
m0144	m0067	55.6	3.93e-88	316
m0144	m0109	58.2	1.65e-86	311
m0144	m0037	53.7	1.65e-86	311
m0144	m0079	52.0	4.8e-86	309
m0144	m0095	53.1	1.07e-85	308
m0144	m0120	54.9	1.54e-84	304
m0144	m0031	54.5	4.49e-84	303
m0144	m0036	54.7	7.66e-84	302
m0144	m0065	52.2	8.47e-83	299
m0144	m0074	52.6	1.35e-80	291
m0144	m0001	50.5	9.69e-79	285
m0144	m0077	54.6	1.27e-78	285
m0144	m0045	49.5	2.92e-75	273
m0144	m0028	51.3	8.49e-75	272
m0144	m0123	48.9	3.23e-74	270
m0144	m0141	49.1	1.23e-73	268
m0144	m0083	48.7	1.6e-73	268
m0144	m0131	46.7	6.09e-73	266
m0144	m0103	44.7	3.02e-72	263
m0144	m0124	49.4	5.15e-72	263
m0144	m0002	49.8	6.73e-72	262
m0144	m0134	44.5	1.66e-70	258
m0144	m0062	46.1	1.66e-70	258
m0144	m0012	49.4	1.66e-70	258
m0144	m0043	45.5	2.83e-70	257
m0144	m0063	48.1	3.13e-69	253
m0144	m0090	48.1	1.19e-68	252
m0144	m0011	48.7	1.19e-68	252
m0144	m0086	47.7	4.51e-68	250
m0144	m0071	48.3	6.52e-67	246
m0144	m0054	45.9	7.21e-66	242
m0144	m0048	43.5	1.77e-64	238
m0144	m0097	45.8	5.16e-64	236
m0144	m0098	45.2	1.5e-63	235
m0144	m0073	41.8	1.96e-63	234
m0144	m0069	42.0	4.37e-63	233
m0144	m0033	42.4	8.24e-62	229
m0144	m0084	40.7	2.65e-60	224
m0144	m0070	41.8	3.46e-60	223
m0144	m0005	43.3	3.46e-60	223
m0144	m0118	39.8	3.24e-58	217
m0144	m0096	42.0	9.43e-58	215
m0144	m0047	40.8	9.43e-58	215
m0144	m0014	44.1	1.23e-57	215
m0144	m0006	43.0	1.78e-56	211
m0144	m0093	41.5	2.32e-56	211
m0144	m0111	41.0	3.03e-56	210
m0144	m0050	42.2	3.96e-56	210
m0144	m0113	43.1	6.76e-56	209
m0144	m0094	41.8	9.76e-55	205
m0144	m0040	42.9	1.27e-54	205
m0144	m0133	38.6	2.17e-54	204
m0144	m0023	38.2	4.84e-54	203
m0144	m0088	42.2	1.08e-53	202
m0144	m0066	40.9	5.36e-53	200
m0144	m0138	37.6	1.56e-52	198
m0144	m0017	39.9	4.53e-52	196
m0144	m0051	41.0	4.53e-52	196
m0144	m0104	40.7	5.92e-52	196
m0144	m0125	39.4	5.92e-52	196
m0144	m0076	41.5	7.73e-52	196
m0144	m0102	42.0	1.32e-51	195
m0144	m0068	41.0	1.72e-51	195
m0144	m0025	39.6	2.25e-51	194
m0144	m0130	38.0	1.46e-50	191
m0144	m0039	41.9	1.9e-50	191
m0144	m0128	41.9	8e-49	186
m0144	m0137	30.8	1.42e-29	122
m0144	m0064	22.2	1.8e-08	52
m0144	m0041	23.4	1.17e-07	49
m0144	m0016	29.8	6.42e-06	43
m0144	m0026	22.3	0.000121	39
m0144	m0143	26.6	0.000352	37
m0144	m0143	28.7	0.00228	35
m0144	m0101	25.2	0.00298	34
m0144	m0056	34.3	0.0148	32
m0144	m0108	38.3	0.0252	31
m0144	m0135	26.8	0.476	27
m0143	m0026	60.7	1.07e-141	494
m0143	m0116	22.3	1.27e-09	55
m0143	m0098	25.7	3.82e-06	44
m0143	m0068	22.2	6.52e-06	43
m0143	m0130	22.3	4.23e-05	40
m0143	m0025	25.8	4.23e-05	40
m0143	m0045	25.2	0.00021	38
m0143	m0083	26.5	0.00104	36
m0143	m0039	26.7	0.00232	35
m0143	m0006	25.5	0.00303	34
m0143	m0051	25.2	0.00675	33
m0143	m0071	23.0	0.00675	33
m0143	m0031	21.7	0.00881	33
m0143	m0107	29.5	0.0115	32
m0143	m0062	22.2	0.015	32
m0143	m0096	22.9	0.015	32
m0143	m0050	20.2	0.0196	32
m0143	m0093	21.8	0.0196	32
m0143	m0097	23.3	0.0196	32
m0143	m0111	22.8	0.0256	31
m0143	m0047	21.4	0.0335	31
m0143	m0023	22.2	0.0437	30
m0143	m0014	24.1	0.0437	30
m0143	m0066	24.5	0.0571	30
m0143	m0048	24.9	0.0571	30
m0143	m0073	23.5	0.0571	30
m0143	m0113	30.1	0.0746	30
m0143	m0028	24.9	0.0746	30
m0143	m0037	27.2	0.0974	29
m0143	m0065	24.0	0.0974	29
m0143	m0131	24.0	0.0974	29
m0143	m0094	20.7	0.127	29
m0143	m0118	24.8	0.127	29
m0143	m0011	24.2	0.127	29
m0143	m0141	24.2	0.166	28
m0143	m0036	23.2	0.166	28
m0143	m0074	22.3	0.166	28
m0143	m0070	26.5	0.217	28
m0143	m0005	27.8	0.37	27
m0143	m0012	22.7	0.632	27
m0143	m0069	23.9	0.825	26
m0143	m0125	28.1	1.41	25
m0143	m0002	24.0	1.41	25
m0143	m0128	24.8	2.4	25
m0143	m0013	31.0	3.13	24
m0143	m0138	21.8	4.09	24
m0143	m0134	32.7	4.09	24
m0143	m0064	23.4	6.98	23
m0143	m0139	42.9	9.12	23
m0143	m0043	23.6	9.12	23
m0142	m0022	67.9	5.23e-99	352
m0142	m0022	74.1	1.45e-32	132
m0142	m0022	30.6	1.36e-22	99
m0142	m0022	21.5	0.0777	30
m0142	m0063	21.3	1.47	25
m0142	m0093	38.0	3.26	24
m0142	m0043	32.8	3.26	24
m0142	m0044	35.1	5.57	23
m0142	m0053	37.5	9.5	23
m0141	m0012	68.2	2.07e-103	366
m0141	m0123	65.4	1.34e-102	364
m0141	m0134	69.0	6.67e-102	361
m0141	m0124	66.2	8.15e-100	354
m0141	m0002	66.5	3.1e-99	352
m0141	m0001	66.1	1.54e-98	350
m0141	m0103	64.2	8.44e-97	344
m0141	m0011	63.8	6.05e-95	338
m0141	m0083	62.0	4.33e-93	332
m0141	m0062	62.5	4.06e-91	325
m0141	m0045	60.8	9.04e-91	324
m0141	m0054	63.1	2.01e-90	323
m0141	m0086	59.5	2.46e-88	316
m0141	m0131	56.4	5.13e-86	309
m0141	m0069	57.2	5.67e-85	305
m0141	m0118	57.6	6.93e-83	298
m0141	m0109	55.7	1.45e-80	290
m0141	m0097	54.7	4.21e-80	289
m0141	m0120	53.9	3.33e-77	279
m0141	m0043	54.7	3.33e-77	279
m0141	m0084	51.3	1.65e-76	277
m0141	m0048	52.9	8.21e-76	275
m0141	m0063	53.1	5.32e-75	272
m0141	m0090	54.4	9.08e-75	271
m0141	m0125	53.9	4.51e-74	269
m0141	m0133	52.5	7.69e-74	268
m0141	m0017	51.9	1.45e-72	264
m0141	m0098	49.6	2.47e-72	263
m0141	m0070	50.6	3.23e-72	263
m0141	m0073	50.0	3.23e-72	263
m0141	m0033	52.7	1.23e-71	261
m0141	m0014	52.7	1.23e-71	261
m0141	m0093	51.2	7.95e-71	258
m0141	m0023	51.5	1.04e-70	258
m0141	m0047	49.6	8.79e-70	255
m0141	m0096	50.0	8.79e-70	255
m0141	m0031	48.3	3.34e-69	253
m0141	m0111	51.0	4.36e-69	252
m0141	m0076	51.0	9.72e-69	251
m0141	m0101	48.5	1.66e-68	250
m0141	m0050	49.2	2.83e-68	250
m0141	m0036	47.6	3.69e-68	249
m0141	m0088	51.2	3.69e-68	249
m0141	m0130	50.6	3.69e-68	249
m0141	m0006	50.0	4.82e-68	249
m0141	m0068	48.8	3.13e-67	246
m0141	m0065	46.7	2.65e-66	243
m0141	m0067	48.3	3.46e-66	243
m0141	m0138	49.4	4.52e-66	242
m0141	m0113	50.6	2.24e-65	240
m0141	m0039	51.6	8.52e-65	238
m0141	m0066	46.0	1.11e-64	238
m0141	m0025	46.4	1.9e-64	237
m0141	m0037	45.9	1.9e-64	237
m0141	m0094	49.0	1.23e-63	234
m0141	m0077	45.6	5.17e-62	229
m0141	m0074	44.8	8.81e-62	228
m0141	m0028	44.2	1.66e-60	224
m0141	m0079	43.0	2.84e-60	223
m0141	m0095	45.9	3.7e-60	223
m0141	m0040	46.5	4.09e-59	219
m0141	m0071	44.6	1.19e-58	218
m0141	m0104	45.4	1.19e-58	218
m0141	m0051	44.7	3.24e-56	210
m0141	m0102	42.5	1.28e-52	198
m0141	m0128	39.7	1.24e-47	181
m0141	m0005	37.4	5.74e-45	172
m0141	m0137	30.6	5.4e-27	112
m0141	m0041	31.0	4.44e-13	66
m0141	m0122	22.6	2.06e-10	57
m0141	m0064	25.9	2.98e-09	54
m0141	m0136	27.3	3.29e-08	50
m0141	m0016	22.1	0.000129	38
m0141	m0061	31.3	0.00319	33
m0141	m0060	22.8	0.0071	32
m0141	m0099	23.9	0.046	30
m0141	m0056	32.1	0.102	28
m0141	m0030	22.5	0.228	27
m0141	m0114	100.0	0.389	27
m0141	m0026	28.7	0.868	25
m0141	m0022	27.7	3.3	23
m0140	m0068	26.1	0.161	29
m0139	m0027	31.1	5.14e-52	196
m0139	m0059	29.3	8.49e-47	179
m0139	m0008	28.2	1.96e-35	141
m0139	m0115	30.3	3.7e-34	137
m0139	m0018	26.6	9.46e-22	96
m0139	m0082	22.9	0.00576	33
m0139	m0138	31.1	0.92	26
m0139	m0110	23.1	1.2	26
m0139	m0100	29.5	1.2	26
m0138	m0130	70.2	5.2e-155	538
m0138	m0094	60.7	2.95e-150	523
m0138	m0006	56.9	1.24e-148	517
m0138	m0025	60.0	1.98e-146	510
m0138	m0023	56.2	1.42e-144	504
m0138	m0047	55.8	2.67e-143	500
m0138	m0096	56.0	2.26e-142	497
m0138	m0113	57.9	8.6e-142	495
m0138	m0050	55.5	9.51e-141	491
m0138	m0014	54.4	6.17e-140	488
m0138	m0093	54.2	1.37e-139	487
m0138	m0039	54.4	5.78e-130	455
m0138	m0088	70.6	4.75e-116	409
m0138	m0076	74.9	3.77e-113	399
m0138	m0111	55.1	7.85e-111	392
m0138	m0068	51.6	7.12e-104	369
m0138	m0125	49.6	4.94e-97	346
m0138	m0133	56.9	9.32e-96	342
m0138	m0017	56.9	2.46e-88	317
m0138	m0123	56.2	1.22e-79	288
m0138	m0103	50.0	1.35e-78	285
m0138	m0001	49.0	2.92e-73	267
m0138	m0134	48.7	3.02e-70	257
m0138	m0086	50.0	3.94e-70	257
m0138	m0033	48.3	3.34e-69	253
m0138	m0062	45.2	1.4e-67	248
m0138	m0131	46.4	4.08e-67	247
m0138	m0012	48.1	8.51e-65	239
m0138	m0002	48.7	1.45e-64	238
m0138	m0011	47.1	7.2e-64	236
m0138	m0069	44.3	2.1e-63	234
m0138	m0045	45.3	6.1e-63	233
m0138	m0097	48.0	3.03e-62	230
m0138	m0054	44.1	3.95e-62	230
m0138	m0083	43.3	1.5e-61	228
m0138	m0124	44.3	5.71e-61	226
m0138	m0070	43.9	2.17e-60	224
m0138	m0043	44.6	4.09e-59	220
m0138	m0048	43.1	1.55e-58	218
m0138	m0073	40.5	1.9e-56	211
m0138	m0084	43.4	3.24e-56	210
m0138	m0098	43.3	4.23e-56	210
m0138	m0109	43.1	1.78e-54	205
m0138	m0063	42.8	2.32e-54	204
m0138	m0118	39.9	2.32e-54	204
m0138	m0120	40.7	1.27e-52	198
m0138	m0066	42.5	2.84e-52	197
m0138	m0090	39.4	1.84e-51	195
m0138	m0102	39.2	3.14e-51	194
m0138	m0051	41.8	1.72e-49	188
m0138	m0040	42.4	2.25e-49	188
m0138	m0104	42.7	6.55e-49	186
m0138	m0101	38.0	2.11e-47	181
m0138	m0128	38.9	6.13e-47	179
m0138	m0031	40.7	2.33e-46	178
m0138	m0074	38.3	3.04e-46	177
m0138	m0077	38.5	1.28e-44	172
m0138	m0036	39.3	1.28e-44	172
m0138	m0065	38.1	1.08e-43	169
m0138	m0071	38.7	2.41e-43	168
m0138	m0067	38.5	1.2e-42	165
m0138	m0079	37.0	3.85e-41	160
m0138	m0037	36.8	6.56e-41	159
m0138	m0095	36.9	1.91e-40	158
m0138	m0028	35.3	3.6e-39	154
m0138	m0005	33.7	9.5e-32	129
m0138	m0137	30.9	7.52e-29	119
m0138	m0041	26.6	1.25e-15	75
m0138	m0064	25.9	2.43e-11	61
m0138	m0122	22.3	1.74e-09	55
m0138	m0016	26.6	0.00416	34
m0138	m0099	26.3	0.0784	30
m0138	m0049	27.0	0.664	27
m0138	m0099	37.1	2.52	25
m0138	m0056	34.0	2.52	25
m0138	m0082	21.5	3.29	24
m0138	m0060	25.8	7.34	23
m0138	m0007	33.3	7.34	23
m0137	m0095	32.8	6.7e-37	146
m0137	m0067	32.4	5.67e-36	143
m0137	m0065	33.1	7.41e-36	142
m0137	m0077	33.8	7.41e-36	142
m0137	m0134	36.4	2.38e-34	137
m0137	m0109	33.8	9.06e-34	135
m0137	m0031	33.6	2.63e-33	134
m0137	m0083	32.6	1.31e-32	131
m0137	m0079	29.2	2.23e-32	131
m0137	m0037	30.8	1.11e-31	128
m0137	m0036	29.6	1.89e-31	127
m0137	m0001	30.8	4.21e-31	126
m0137	m0103	31.2	7.18e-31	126
m0137	m0043	31.2	7.18e-31	126
m0137	m0101	30.1	1.22e-30	125
m0137	m0063	30.5	2.09e-30	124
m0137	m0050	30.9	4.65e-30	123
m0137	m0130	30.5	7.93e-30	122
m0137	m0111	29.7	3.01e-29	120
m0137	m0120	31.4	5.14e-29	119
m0137	m0045	33.2	6.72e-29	119
m0137	m0096	30.9	1.15e-28	118
m0137	m0074	29.6	1.15e-28	118
m0137	m0090	30.4	3.33e-28	117
m0137	m0097	32.0	3.33e-28	117
m0137	m0094	30.4	5.69e-28	116
m0137	m0002	33.1	7.43e-28	116
m0137	m0006	29.1	9.7e-28	115
m0137	m0023	29.1	2.82e-27	114
m0137	m0124	32.6	2.82e-27	114
m0137	m0012	31.4	4.81e-27	113
m0137	m0028	30.3	4.81e-27	113
m0137	m0054	28.4	1.07e-26	112
m0137	m0033	29.1	1.4e-26	111
m0137	m0047	29.4	1.83e-26	111
m0137	m0093	28.9	2.39e-26	111
m0137	m0076	31.5	3.12e-26	110
m0137	m0011	30.3	3.12e-26	110
m0137	m0014	29.0	9.08e-26	109
m0137	m0123	30.2	1.19e-25	108
m0137	m0068	28.3	2.02e-25	107
m0137	m0131	28.2	3.45e-25	107
m0137	m0071	31.5	4.5e-25	106
m0137	m0088	27.8	1e-24	105
m0137	m0048	28.7	3.81e-24	103
m0137	m0025	29.4	8.5e-24	102
m0137	m0062	26.9	8.5e-24	102
m0137	m0102	29.1	1.45e-23	101
m0137	m0084	30.1	1.45e-23	101
m0137	m0133	28.1	1.89e-23	101
m0137	m0128	28.7	7.19e-23	99
m0137	m0039	27.4	1.23e-22	98
m0137	m0086	26.8	2.09e-22	97
m0137	m0017	29.8	7.95e-22	96
m0137	m0070	28.3	7.95e-22	96
m0137	m0040	28.9	7.95e-22	96
m0137	m0125	28.2	1.36e-21	95
m0137	m0069	24.4	5.15e-21	93
m0137	m0104	30.6	8.79e-21	92
m0137	m0113	29.3	1.15e-20	92
m0137	m0073	26.7	3.69e-19	87
m0137	m0051	26.2	3.69e-19	87
m0137	m0066	26.5	1.4e-18	85
m0137	m0098	26.3	6.97e-18	82
m0137	m0005	26.2	5.52e-15	73
m0137	m0122	24.4	8.54e-08	49
m0137	m0041	25.4	1.9e-07	48
m0137	m0064	24.5	9.44e-07	45
m0137	m0016	22.2	0.00827	32
m0137	m0008	38.1	6.55	23
m0136	m0016	31.4	3e-17	80
m0136	m0118	27.3	1.14e-08	52
m0136	m0083	26.0	2.54e-08	51
m0136	m0001	29.8	2.54e-08	51
m0136	m0002	27.3	9.66e-08	49
m0136	m0017	27.0	1.65e-07	48
m0136	m0011	24.2	6.26e-07	46
m0136	m0133	28.1	6.26e-07	46
m0136	m0125	27.3	8.18e-07	46
m0136	m0043	28.9	2.38e-06	44
m0136	m0066	25.6	2.38e-06	44
m0136	m0124	27.3	3.11e-06	44
m0136	m0012	23.8	5.3e-06	43
m0136	m0113	27.6	6.92e-06	43
m0136	m0134	26.8	1.54e-05	42
m0136	m0097	24.6	0.000171	38
m0136	m0005	27.1	0.000223	38
m0136	m0122	25.8	0.000846	36
m0136	m0063	25.0	0.00111	35
m0136	m0084	22.2	0.00549	33
m0136	m0104	26.8	0.23	28
m0136	m0128	26.2	0.393	27
m0136	m0051	41.7	0.513	27
m0136	m0040	24.4	1.14	25
m0136	m0121	22.6	1.49	25
m0135	m0105	39.1	3.54e-55	206
m0135	m0019	34.6	7.41e-37	146
m0135	m0029	34.3	1.26e-36	145
m0135	m0058	34.5	2.16e-36	144
m0135	m0087	34.2	3.68e-36	143
m0135	m0110	35.3	1.35e-30	125
m0135	m0085	30.2	8.78e-30	122
m0135	m0106	32.9	1.15e-29	122
m0135	m0009	31.1	1.95e-29	121
m0135	m0046	32.3	1.27e-28	118
m0135	m0049	34.6	1.27e-28	118
m0135	m0082	31.9	2.16e-28	117
m0135	m0112	31.8	2.82e-28	117
m0134	m0001	62.5	1.25e-104	371
m0134	m0011	65.2	1.63e-104	370
m0134	m0103	60.6	2.88e-101	359
m0134	m0083	58.1	1.02e-98	351
m0134	m0123	61.9	8.11e-96	341
m0134	m0012	57.5	1.69e-93	334
m0134	m0045	57.2	2.21e-93	333
m0134	m0054	59.5	1.1e-92	331
m0134	m0062	58.0	1.87e-92	330
m0134	m0124	56.1	1.21e-91	327
m0134	m0002	62.9	3.9e-90	322
m0134	m0131	55.3	1.48e-89	320
m0134	m0069	53.0	7.6e-86	308
m0134	m0043	56.3	4.17e-84	302
m0134	m0086	54.2	2.7e-83	300
m0134	m0118	54.8	3.53e-83	299
m0134	m0063	54.2	1.48e-81	294
m0134	m0097	49.8	3.66e-80	289
m0134	m0133	55.0	3.66e-80	289
m0134	m0048	51.1	9e-79	285
m0134	m0033	50.0	7.62e-78	282
m0134	m0073	48.2	1.7e-77	280
m0134	m0109	52.4	1.1e-76	278
m0134	m0090	49.0	9.32e-76	275
m0134	m0084	47.6	1.59e-75	274
m0134	m0125	54.3	2.71e-75	273
m0134	m0017	50.3	1.76e-74	270
m0134	m0120	50.7	5.11e-74	269
m0134	m0070	50.2	1.94e-73	267
m0134	m0093	49.5	7.38e-73	265
m0134	m0023	49.8	2.81e-72	263
m0134	m0014	49.5	3.1e-71	260
m0134	m0098	45.0	1.54e-70	257
m0134	m0066	45.8	2.01e-70	257
m0134	m0096	48.2	2.01e-70	257
m0134	m0047	47.5	3.43e-70	256
m0134	m0050	47.2	9.98e-70	255
m0134	m0068	49.8	1.7e-69	254
m0134	m0088	48.8	1.7e-69	254
m0134	m0111	47.9	1.7e-69	254
m0134	m0025	47.8	8.45e-69	252
m0134	m0113	48.6	8.45e-69	252
m0134	m0031	45.4	1.88e-68	250
m0134	m0130	50.2	5.48e-68	249
m0134	m0076	52.3	9.34e-68	248
m0134	m0094	46.9	1.22e-67	248
m0134	m0006	46.4	1.59e-67	247
m0134	m0077	46.9	7.91e-67	245
m0134	m0101	46.2	1.76e-66	244
m0134	m0104	46.2	2.3e-66	243
m0134	m0051	44.6	3.32e-65	240
m0134	m0040	46.0	7.4e-65	238
m0134	m0039	46.9	1.07e-63	235
m0134	m0036	46.6	1.82e-63	234
m0134	m0074	43.7	4.06e-63	233
m0134	m0067	42.2	3.44e-62	230
m0134	m0102	44.6	8.47e-61	225
m0134	m0079	40.9	1.11e-60	225
m0134	m0095	43.7	1.44e-60	224
m0134	m0065	39.4	2.46e-60	223
m0134	m0071	44.2	5.49e-60	222
m0134	m0028	41.8	2.09e-59	220
m0134	m0037	43.0	3.01e-58	216
m0134	m0128	40.7	6.5e-53	199
m0134	m0005	35.7	8.8e-42	162
m0134	m0041	30.3	1.42e-15	75
m0134	m0122	21.2	1.24e-11	62
m0134	m0064	25.6	3.99e-10	57
m0134	m0016	23.4	0.00212	34
m0134	m0099	25.8	0.00277	34
m0134	m0056	36.7	0.442	27
m0134	m0026	28.6	0.754	26
m0134	m0007	41.9	0.985	25
m0134	m0060	18.6	1.29	25
m0134	m0087	25.5	2.86	24
m0134	m0099	26.5	6.38	23
m0133	m0125	80.8	3.58e-139	485
m0133	m0017	76.4	5.53e-132	461
m0133	m0111	62.3	8.33e-104	368
m0133	m0023	61.5	7.05e-103	365
m0133	m0014	60.3	1.2e-102	364
m0133	m0050	60.3	2.05e-102	363
m0133	m0096	62.2	3.62e-99	352
m0133	m0093	60.9	6.18e-99	352
m0133	m0088	59.3	2.35e-98	350
m0133	m0006	60.1	2.35e-98	350
m0133	m0130	60.6	8.92e-98	348
m0133	m0047	60.6	3.39e-97	346
m0133	m0025	57.3	1.74e-93	334
m0133	m0076	63.3	3.88e-93	332
m0133	m0068	56.5	4.44e-89	319
m0133	m0123	57.1	2.69e-86	310
m0133	m0039	57.6	4.59e-86	309
m0133	m0094	54.0	2.28e-85	307
m0133	m0103	53.2	6.63e-85	305
m0133	m0113	57.0	1.63e-83	300
m0133	m0001	51.7	1.75e-77	280
m0133	m0131	51.3	2.28e-77	280
m0133	m0097	50.5	2.14e-75	273
m0133	m0086	48.3	1.81e-74	270
m0133	m0011	51.4	2.21e-72	263
m0133	m0069	45.9	1.43e-71	261
m0133	m0062	46.5	1.87e-71	260
m0133	m0002	50.4	7.87e-70	255
m0133	m0048	48.1	2.29e-69	253
m0133	m0012	48.4	3.9e-69	253
m0133	m0084	47.6	1.14e-68	251
m0133	m0054	48.8	1.48e-68	251
m0133	m0124	47.8	2.14e-67	247
m0133	m0033	48.7	6.23e-67	245
m0133	m0083	46.2	8.14e-67	245
m0133	m0070	46.6	2.37e-66	243
m0133	m0045	47.2	2.01e-65	240
m0133	m0098	43.9	6.04e-62	229
m0133	m0073	41.7	5.11e-61	226
m0133	m0043	46.3	8.72e-61	225
m0133	m0063	46.1	1.14e-60	225
m0133	m0090	42.9	7.38e-60	222
m0133	m0109	45.2	1.3e-56	211
m0133	m0118	42.4	3.21e-55	206
m0133	m0031	43.6	7.15e-55	205
m0133	m0120	41.7	4.63e-54	203
m0133	m0066	40.7	6.05e-54	202
m0133	m0074	42.0	1.76e-53	201
m0133	m0040	40.6	5.66e-52	196
m0133	m0101	39.9	2.81e-51	193
m0133	m0051	40.1	4.8e-51	193
m0133	m0102	39.4	4.06e-50	190
m0133	m0104	40.9	5.3e-50	189
m0133	m0036	39.0	2.01e-49	187
m0133	m0065	38.5	1.71e-48	184
m0133	m0067	39.7	1.71e-48	184
m0133	m0079	42.5	4.96e-48	183
m0133	m0028	39.7	1.11e-47	181
m0133	m0037	37.5	4.64e-46	176
m0133	m0077	38.6	1.76e-45	174
m0133	m0095	38.0	7.41e-44	169
m0133	m0071	37.8	1.4e-42	164
m0133	m0128	36.2	2.64e-41	160
m0133	m0005	35.7	1.89e-39	154
m0133	m0041	30.1	1.23e-14	72
m0133	m0122	22.2	1.12e-07	49
m0133	m0064	30.4	1.91e-07	48
m0133	m0026	26.7	0.00167	35
m0133	m0016	22.9	0.00829	32
m0133	m0005	28.6	0.00829	32
m0133	m0099	24.2	0.0702	29
m0133	m0108	26.1	0.0702	29
m0133	m0119	31.9	0.776	26
m0133	m0029	23.1	1.01	25
m0133	m0056	36.4	1.32	25
m0133	m0132	37.7	1.73	25
m0133	m0082	32.7	2.26	24
m0132	m0114	34.6	3.16e-10	57
m0132	m0073	31.7	0.00287	34
m0132	m0050	56.5	2.97	24
m0132	m0023	24.8	2.97	24
m0132	m0003	42.3	2.97	24
m0132	m0093	52.2	3.88	23
m0132	m0014	50.0	3.88	23
m0132	m0047	43.5	6.61	23
m0132	m0096	52.2	8.64	22
m0132	m0111	38.3	8.64	22
m0131	m0103	74.0	1.29e-119	420
m0131	m0123	74.0	2.28e-116	409
m0131	m0001	61.1	1.48e-99	354
m0131	m0045	61.1	1.7e-95	340
m0131	m0062	58.2	4.94e-95	339
m0131	m0083	59.2	1.1e-94	337
m0131	m0011	56.1	7.39e-91	325
m0131	m0054	56.7	4.79e-90	322
m0131	m0086	54.9	6.91e-89	318
m0131	m0051	57.0	1.88e-86	310
m0131	m0097	54.1	1.22e-85	307
m0131	m0002	56.6	1.03e-84	304
m0131	m0124	54.1	7.4e-83	298
m0131	m0033	53.8	1.26e-82	297
m0131	m0017	52.7	1.26e-82	297
m0131	m0012	51.7	2.81e-82	296
m0131	m0069	53.4	6.27e-82	295
m0131	m0120	53.4	8.18e-82	295
m0131	m0063	56.3	1.07e-81	294
m0131	m0090	51.3	3.11e-81	293
m0131	m0104	55.1	4.06e-81	292
m0131	m0043	54.9	4.06e-81	292
m0131	m0109	53.6	5.3e-81	292
m0131	m0084	50.3	1.54e-80	290
m0131	m0040	52.7	1.54e-80	290
m0131	m0118	52.5	7.66e-80	288
m0131	m0070	50.4	1.6e-77	280
m0131	m0125	51.8	1.04e-76	278
m0131	m0111	51.0	5.14e-76	275
m0131	m0031	50.0	1.95e-75	273
m0131	m0014	49.8	1.27e-74	271
m0131	m0088	50.0	2.16e-74	270
m0131	m0048	47.5	4.81e-74	269
m0131	m0096	50.3	8.2e-74	268
m0131	m0093	51.1	4.07e-73	266
m0131	m0050	50.4	1.55e-72	264
m0131	m0047	49.0	2.02e-72	263
m0131	m0006	49.3	2.02e-72	263
m0131	m0074	48.1	2.64e-72	263
m0131	m0023	49.8	3.45e-72	263
m0131	m0067	47.3	1e-71	261
m0131	m0076	52.1	4.98e-71	259
m0131	m0130	49.6	1.45e-70	257
m0131	m0073	45.0	1.89e-70	257
m0131	m0036	47.4	3.57e-69	253
m0131	m0037	49.6	1.77e-68	250
m0131	m0025	45.3	3.94e-68	249
m0131	m0102	45.6	6.73e-68	248
m0131	m0098	43.5	1.15e-67	248
m0131	m0039	49.2	1.96e-67	247
m0131	m0065	45.6	3.34e-67	246
m0131	m0101	46.2	2.16e-66	243
m0131	m0068	46.2	6.3e-66	242
m0131	m0113	45.2	1.07e-65	241
m0131	m0079	45.8	4.08e-65	239
m0131	m0128	47.3	9.09e-65	238
m0131	m0094	45.4	1.19e-64	238
m0131	m0066	45.3	2.03e-64	237
m0131	m0077	45.7	2.65e-64	236
m0131	m0071	44.4	2.65e-64	236
m0131	m0095	46.3	5.89e-64	235
m0131	m0028	42.8	4.37e-59	219
m0131	m0005	38.6	4.24e-46	176
m0131	m0041	26.9	1.2e-16	78
m0131	m0064	26.6	1.52e-11	61
m0131	m0122	21.0	2.6e-11	60
m0131	m0016	24.5	2.78e-05	40
m0131	m0026	25.5	0.000525	36
m0131	m0099	29.1	0.000895	35
m0131	m0060	26.1	0.0288	30
m0131	m0056	40.0	0.0376	30
m0131	m0129	28.1	0.109	28
m0131	m0007	22.7	0.318	27
m0131	m0005	26.0	7.84	22
m0130	m0111	65.4	3.2e-156	542
m0130	m0068	62.2	8.45e-149	518
m0130	m0125	60.5	8.47e-141	491
m0130	m0088	74.0	9.11e-119	418
m0130	m0025	55.7	5.9e-118	415
m0130	m0076	76.4	3.24e-116	409
m0130	m0093	61.9	1.27e-112	398
m0130	m0006	56.2	3.14e-111	393
m0130	m0096	52.2	1.72e-109	387
m0130	m0023	56.0	5.01e-109	386
m0130	m0047	61.3	6.54e-109	385
m0130	m0094	52.1	1.12e-108	384
m0130	m0050	59.9	7.23e-108	382
m0130	m0014	52.5	2.75e-107	380
m0130	m0113	51.6	1.78e-106	377
m0130	m0039	49.3	1.79e-98	351
m0130	m0017	61.2	1.91e-92	330
m0130	m0123	57.0	9.51e-84	302
m0130	m0103	53.4	2.86e-80	290
m0130	m0086	52.2	3.39e-73	267
m0130	m0001	51.3	4.9e-72	263
m0130	m0033	50.9	2.97e-69	253
m0130	m0062	48.0	1.47e-68	251
m0130	m0012	50.0	1.25e-67	248
m0130	m0002	48.7	5.24e-66	243
m0130	m0069	48.4	1.17e-65	242
m0130	m0011	47.6	1.53e-65	241
m0130	m0097	49.5	1.69e-64	238
m0130	m0045	45.9	1.43e-63	235
m0130	m0070	45.8	1.87e-63	234
m0130	m0054	46.0	7.09e-63	232
m0130	m0124	45.5	4.59e-62	230
m0130	m0083	44.3	6.63e-61	226
m0130	m0084	45.0	1.25e-59	221
m0130	m0048	43.5	1.06e-58	218
m0130	m0043	46.2	3.08e-58	217
m0130	m0098	42.9	1.17e-57	215
m0130	m0063	45.3	3.41e-57	213
m0130	m0109	44.7	5.81e-57	213
m0130	m0073	42.1	8.39e-56	209
m0130	m0120	43.3	2.44e-55	207
m0130	m0090	41.1	1.58e-54	205
m0130	m0118	40.9	1.75e-53	201
m0130	m0066	43.9	6.65e-53	199
m0130	m0102	40.3	2.37e-50	191
m0130	m0104	42.7	5.27e-50	190
m0130	m0101	39.2	8.99e-50	189
m0130	m0040	42.4	1.17e-49	188
m0130	m0074	39.3	5.83e-49	186
m0130	m0051	41.0	4.93e-48	183
m0130	m0128	41.1	1.43e-47	181
m0130	m0031	42.2	3.2e-47	180
m0130	m0036	40.1	6.03e-46	176
m0130	m0065	38.0	5.1e-45	173
m0130	m0071	40.1	6.67e-45	173
m0130	m0067	38.8	8.71e-45	172
m0130	m0077	38.2	8.71e-45	172
m0130	m0079	39.2	1.06e-42	165
m0130	m0037	36.6	4.47e-41	160
m0130	m0095	36.1	2.22e-40	158
m0130	m0028	37.2	3.78e-40	157
m0130	m0005	34.8	1.18e-33	135
m0130	m0041	29.2	2.23e-16	78
m0130	m0064	26.9	1.27e-11	62
m0130	m0122	25.2	1.01e-08	52
m0130	m0016	22.7	0.000256	38
m0130	m0099	24.7	0.265	28
m0130	m0056	24.0	0.591	27
m0130	m0007	26.3	0.591	27
m0130	m0099	37.2	1.32	25
m0130	m0106	21.2	1.72	25
m0130	m0060	21.9	6.53	23
m0130	m0026	23.2	8.53	23
m0129	m0061	25.3	9.27e-12	62
m0129	m0035	25.3	3.41e-06	44
m0129	m0076	33.3	0.00121	35
m0129	m0088	28.8	0.00602	33
m0129	m0093	30.0	0.0134	32
m0129	m0097	26.7	0.0229	31
m0129	m0020	24.1	0.0391	30
m0129	m0070	35.2	0.0391	30
m0129	m0047	27.5	0.051	30
m0129	m0056	28.0	0.0666	29
m0129	m0006	30.0	0.0666	29
m0129	m0096	29.3	0.087	29
m0129	m0099	47.6	0.114	28
m0129	m0014	30.9	0.194	28
m0129	m0067	31.7	0.253	27
m0129	m0056	30.6	0.331	27
m0129	m0123	23.7	0.331	27
m0129	m0103	26.3	0.331	27
m0129	m0068	26.1	0.331	27
m0129	m0050	30.0	0.432	27
m0129	m0023	34.9	0.962	25
m0129	m0095	21.7	0.962	25
m0129	m0108	24.8	1.26	25
m0129	m0083	26.2	2.14	24
m0129	m0007	33.3	6.23	23
m0128	m0102	69.1	1.96e-109	386
m0128	m0104	66.8	4.51e-106	375
m0128	m0051	64.4	1.31e-105	374
m0128	m0040	62.2	1.61e-103	367
m0128	m0103	47.9	3.27e-64	236
m0128	m0033	47.1	1.05e-62	231
m0128	m0063	45.3	3.39e-61	226
m0128	m0120	44.9	7.54e-61	225
m0128	m0109	45.0	9.85e-61	225
m0128	m0123	44.2	4.89e-60	222
m0128	m0043	42.7	3.5e-58	216
m0128	m0045	44.6	3.87e-57	213
m0128	m0054	47.2	5.06e-57	212
m0128	m0083	45.2	8.63e-57	211
m0128	m0090	43.8	8.63e-57	211
m0128	m0011	46.4	4.28e-56	209
m0128	m0062	42.0	9.54e-56	208
m0128	m0071	41.3	2.13e-55	207
m0128	m0086	42.3	3.63e-55	206
m0128	m0077	42.7	4.74e-55	206
m0128	m0001	43.2	1.06e-54	205
m0128	m0012	45.2	5.24e-54	202
m0128	m0002	45.1	2.6e-53	200
m0128	m0124	43.8	1.43e-51	194
m0128	m0074	38.7	3.18e-51	193
m0128	m0073	41.7	4.15e-51	193
m0128	m0048	41.0	5.99e-50	189
m0128	m0031	39.9	4.29e-48	183
m0128	m0097	41.8	9.57e-48	181
m0128	m0084	38.8	4.75e-47	179
m0128	m0070	41.0	1.38e-46	178
m0128	m0101	36.7	1.8e-46	177
m0128	m0005	42.8	1.8e-46	177
m0128	m0069	41.4	3.08e-46	176
m0128	m0118	38.7	5.25e-46	176
m0128	m0036	38.6	6.86e-46	175
m0128	m0098	38.5	2.61e-45	173
m0128	m0079	37.6	2.61e-45	173
m0128	m0039	39.6	5.8e-45	172
m0128	m0066	39.1	5.8e-45	172
m0128	m0067	39.6	7.58e-45	172
m0128	m0111	39.9	9.9e-45	171
m0128	m0096	40.2	2.88e-44	170
m0128	m0028	37.0	4.91e-44	169
m0128	m0025	36.4	4.91e-44	169
m0128	m0006	38.9	1.09e-43	168
m0128	m0113	38.0	1.87e-43	167
m0128	m0014	39.9	3.18e-43	166
m0128	m0095	38.2	7.09e-43	165
m0128	m0050	39.1	7.09e-43	165
m0128	m0093	38.6	9.27e-43	165
m0128	m0094	36.6	1.21e-42	164
m0128	m0023	38.5	1.21e-42	164
m0128	m0088	36.4	1.58e-42	164
m0128	m0047	39.4	2.06e-42	164
m0128	m0065	36.5	2.7e-42	163
m0128	m0068	37.3	1.34e-41	161
m0128	m0017	35.7	8.67e-41	158
m0128	m0076	38.6	1.13e-40	158
m0128	m0037	34.7	2.79e-39	153
m0128	m0125	35.7	3.64e-39	153
m0128	m0041	28.9	3.55e-18	83
m0128	m0064	24.9	3.43e-13	67
m0128	m0122	23.6	1.3e-12	65
m0128	m0016	25.2	4.5e-05	40
m0128	m0108	33.8	0.016	31
m0128	m0005	29.0	1.95	24
m0127	m0034	63.5	1.04e-154	537
m0127	m0004	57.8	2.57e-145	506
m0127	m0042	53.5	1.33e-125	441
m0127	m0091	49.5	5.79e-113	399
m0127	m0075	45.4	4.76e-99	352
m0127	m0119	31.8	0.0186	32
m0126	m0117	42.4	3.48e-36	143
m0126	m0110	34.1	2.36	23
m0125	m0111	61.0	1.97e-145	507
m0125	m0017	80.6	2.67e-134	470
m0125	m0068	53.4	3.62e-123	433
m0125	m0023	53.7	1.29e-112	398
m0125	m0006	53.8	2.06e-110	390
m0125	m0093	51.9	8.65e-109	385
m0125	m0014	51.5	2.52e-108	383
m0125	m0050	51.9	3.29e-108	383
m0125	m0096	53.0	3.63e-107	379
m0125	m0047	51.5	3.08e-106	376
m0125	m0088	61.1	5.62e-100	356
m0125	m0039	48.3	2.07e-94	337
m0125	m0025	46.5	6.02e-94	335
m0125	m0076	63.5	3.9e-93	333
m0125	m0113	45.8	3.09e-90	323
m0125	m0094	44.8	1.88e-87	314
m0125	m0123	58.8	1.59e-86	311
m0125	m0103	51.8	1.3e-80	291
m0125	m0069	49.0	2.38e-74	270
m0125	m0086	51.1	7.65e-73	265
m0125	m0001	50.7	7.65e-73	265
m0125	m0002	52.7	9.99e-73	265
m0125	m0011	52.6	4.96e-72	263
m0125	m0097	49.5	8.46e-72	262
m0125	m0012	50.0	1.44e-71	261
m0125	m0062	49.8	2.72e-70	257
m0125	m0054	47.6	4.34e-68	250
m0125	m0124	47.4	2.16e-67	247
m0125	m0033	48.0	3.68e-67	247
m0125	m0048	45.5	4.49e-65	240
m0125	m0070	45.5	7.67e-65	239
m0125	m0045	44.9	2.91e-64	237
m0125	m0083	44.6	6.49e-64	236
m0125	m0084	45.1	1.45e-63	235
m0125	m0098	45.0	1.35e-61	228
m0125	m0073	43.8	4.81e-59	220
m0125	m0043	46.3	4.81e-59	220
m0125	m0090	43.9	8.21e-59	219
m0125	m0109	44.8	2.64e-57	214
m0125	m0063	45.2	3.45e-57	213
m0125	m0120	44.0	1.11e-55	208
m0125	m0031	42.2	1.89e-55	208
m0125	m0101	41.0	2.47e-55	207
m0125	m0066	40.0	1.77e-53	201
m0125	m0074	43.4	8.79e-53	199
m0125	m0118	43.1	4.36e-52	196
m0125	m0040	40.8	4.82e-51	193
m0125	m0104	42.0	2.39e-50	191
m0125	m0079	42.1	3.13e-50	190
m0125	m0036	40.4	3.46e-49	187
m0125	m0067	39.4	7.7e-49	186
m0125	m0102	39.2	2.93e-48	184
m0125	m0065	38.6	4.23e-47	180
m0125	m0037	37.0	4.67e-46	176
m0125	m0028	39.1	1.04e-45	175
m0125	m0095	38.3	2.56e-44	171
m0125	m0077	38.0	7.46e-44	169
m0125	m0071	38.3	1.19e-41	162
m0125	m0005	36.7	2.48e-39	154
m0125	m0051	34.8	2.75e-38	151
m0125	m0041	29.6	1.12e-15	75
m0125	m0064	25.9	3.5e-09	54
m0125	m0122	20.9	4.73e-06	44
m0125	m0016	26.3	0.00375	34
m0125	m0026	25.1	0.351	27
m0125	m0099	23.9	0.351	27
m0125	m0082	42.3	8.64	23
m0124	m0012	79.2	8.57e-135	471
m0124	m0002	78.5	2.42e-121	426
m0124	m0001	59.3	1.21e-96	344
m0124	m0011	60.3	1.48e-94	337
m0124	m0123	57.9	9.92e-91	324
m0124	m0083	56.4	3.77e-90	322
m0124	m0045	57.2	4.17e-89	319
m0124	m0062	53.7	2.07e-88	317
m0124	m0103	54.9	1.94e-86	310
m0124	m0054	54.8	6.88e-84	302
m0124	m0069	53.2	2.21e-82	297
m0124	m0086	52.8	3.78e-82	296
m0124	m0098	50.0	2.71e-80	290
m0124	m0118	50.7	1.75e-79	287
m0124	m0090	50.5	1.49e-78	284
m0124	m0109	50.2	6.24e-77	278
m0124	m0084	49.1	8.15e-77	278
m0124	m0063	51.0	1.06e-76	278
m0124	m0048	52.1	1.82e-76	277
m0124	m0120	51.1	1.54e-75	274
m0124	m0067	48.7	2.01e-75	273
m0124	m0043	50.7	2.62e-75	273
m0124	m0097	47.0	1.7e-74	270
m0124	m0073	48.4	9.32e-73	265
m0124	m0031	46.7	3.92e-71	259
m0124	m0036	46.7	9.65e-70	255
m0124	m0066	47.2	1.26e-69	254
m0124	m0037	45.3	4.79e-69	252
m0124	m0033	46.6	1.82e-68	250
m0124	m0070	46.3	1.54e-67	247
m0124	m0101	46.6	2.63e-67	247
m0124	m0017	47.4	2.22e-66	243
m0124	m0065	42.8	3.79e-66	243
m0124	m0074	43.8	7.16e-65	238
m0124	m0088	45.2	2.08e-64	237
m0124	m0025	44.3	2.72e-64	236
m0124	m0095	44.1	2.72e-64	236
m0124	m0014	46.3	1.76e-63	234
m0124	m0079	41.8	2.3e-63	233
m0124	m0113	46.1	6.7e-63	232
m0124	m0077	46.4	3.32e-62	230
m0124	m0051	45.3	3.32e-62	230
m0124	m0094	45.7	1.65e-61	227
m0124	m0071	45.0	4.8e-61	226
m0124	m0068	44.8	6.27e-61	225
m0124	m0028	42.9	1.07e-60	225
m0124	m0047	43.8	3.11e-60	223
m0124	m0104	44.6	3.11e-60	223
m0124	m0040	44.1	4.06e-60	223
m0124	m0076	47.5	6.93e-60	222
m0124	m0093	42.6	1.54e-59	221
m0124	m0096	44.5	2.02e-59	220
m0124	m0050	42.0	1e-58	218
m0124	m0111	41.4	2.91e-58	216
m0124	m0023	41.4	3.8e-58	216
m0124	m0006	42.8	4.97e-58	216
m0124	m0102	42.4	3.22e-57	213
m0124	m0039	42.8	3.01e-55	206
m0124	m0005	38.9	2.31e-47	180
m0124	m0041	28.1	1.67e-13	68
m0124	m0064	29.1	2.18e-13	67
m0124	m0122	23.9	6.58e-10	56
m0124	m0016	25.2	6.81e-07	46
m0124	m0061	29.5	0.00205	34
m0124	m0056	39.6	0.0296	30
m0124	m0016	24.2	0.0296	30
m0124	m0099	23.5	0.251	27
m0124	m0089	30.0	0.327	27
m0124	m0007	27.9	0.427	27
m0124	m0026	26.3	2.12	24
m0124	m0114	64.3	3.62	23
m0123	m0103	78.7	2.84e-124	436
m0123	m0001	64.8	3.6e-103	366
m0123	m0011	62.0	8.6e-97	344
m0123	m0062	62.2	8.6e-97	344
m0123	m0012	61.1	7.28e-96	341
m0123	m0002	62.1	1.37e-94	337
m0123	m0083	59.9	4.13e-91	325
m0123	m0045	60.6	1.2e-90	324
m0123	m0054	57.6	3.87e-89	319
m0123	m0086	59.5	2.51e-88	316
m0123	m0069	56.6	8.92e-86	308
m0123	m0109	57.1	9.86e-85	304
m0123	m0084	55.5	2.2e-84	303
m0123	m0111	58.8	1.42e-83	300
m0123	m0097	56.0	3.17e-83	299
m0123	m0017	56.2	7.06e-83	298
m0123	m0063	57.6	7.06e-83	298
m0123	m0033	55.6	9.23e-83	298
m0123	m0120	57.6	1.21e-82	297
m0123	m0118	56.1	1.21e-82	297
m0123	m0043	58.9	2.68e-82	296
m0123	m0076	60.3	4.58e-82	295
m0123	m0088	56.8	5.98e-82	295
m0123	m0090	55.8	1.74e-81	294
m0123	m0023	57.9	6.61e-81	292
m0123	m0025	52.0	3.28e-80	289
m0123	m0096	58.0	9.55e-80	288
m0123	m0093	57.6	2.78e-79	286
m0123	m0070	53.3	2.78e-79	286
m0123	m0014	55.6	3.63e-79	286
m0123	m0006	57.0	8.08e-79	285
m0123	m0050	56.3	1.38e-78	284
m0123	m0047	56.1	1.52e-77	280
m0123	m0068	53.3	1.29e-76	277
m0123	m0094	53.0	5.99e-74	268
m0123	m0104	52.2	1.02e-73	268
m0123	m0048	50.7	1.02e-73	268
m0123	m0113	54.2	1.74e-73	267
m0123	m0051	51.3	1.74e-73	267
m0123	m0040	51.9	3.89e-73	266
m0123	m0031	51.9	4.3e-72	262
m0123	m0039	52.6	4.75e-71	259
m0123	m0098	46.9	8.1e-71	258
m0123	m0101	50.5	6.86e-70	255
m0123	m0073	47.4	1.17e-69	254
m0123	m0067	47.8	2e-69	253
m0123	m0074	47.1	3.19e-67	246
m0123	m0036	50.6	4.16e-67	246
m0123	m0065	47.4	3.52e-66	243
m0123	m0102	47.4	2.28e-65	240
m0123	m0066	46.7	5.09e-65	239
m0123	m0077	47.5	1.13e-64	238
m0123	m0037	46.8	1.13e-64	238
m0123	m0095	45.4	3.3e-64	236
m0123	m0071	45.6	8.98e-62	228
m0123	m0079	45.0	1.17e-61	228
m0123	m0028	45.3	6.02e-58	215
m0123	m0005	41.5	5.65e-48	182
m0123	m0041	29.6	2.32e-17	80
m0123	m0064	31.1	1.4e-14	71
m0123	m0122	23.4	2.1e-10	57
m0123	m0016	24.7	2.03e-05	41
m0123	m0099	25.8	0.00723	32
m0123	m0121	25.2	0.021	31
m0123	m0056	37.5	0.021	31
m0123	m0053	24.1	0.518	26
m0123	m0060	25.0	0.677	26
m0123	m0007	22.2	3.36	23
m0123	m0026	19.9	5.73	23
m0123	m0099	35.3	7.48	22
m0123	m0022	21.4	9.77	22
m0122	m0041	26.4	3.16e-22	97
m0122	m0040	24.3	1.09e-14	72
m0122	m0051	25.9	1.42e-14	71
m0122	m0109	24.0	1.85e-14	71
m0122	m0102	24.8	4.13e-14	70
m0122	m0104	25.6	4.13e-14	70
m0122	m0064	25.0	2.05e-13	67
m0122	m0074	22.7	3.5e-13	67
m0122	m0071	23.5	7.79e-13	65
m0122	m0033	23.2	1.74e-12	64
m0122	m0120	24.4	1.74e-12	64
m0122	m0073	25.7	1.74e-12	64
m0122	m0048	22.2	1.92e-11	61
m0122	m0113	25.0	1.92e-11	61
m0122	m0063	23.1	2.51e-11	60
m0122	m0066	27.0	3.27e-11	60
m0122	m0025	21.4	3.27e-11	60
m0122	m0084	23.0	4.28e-11	60
m0122	m0103	22.9	5.58e-11	59
m0122	m0062	20.7	5.58e-11	59
m0122	m0039	23.0	7.29e-11	59
m0122	m0086	27.2	7.29e-11	59
m0122	m0045	20.8	1.24e-10	58
m0122	m0070	28.0	1.24e-10	58
m0122	m0031	25.4	1.62e-10	58
m0122	m0094	24.9	1.62e-10	58
m0122	m0043	21.1	2.12e-10	57
m0122	m0090	24.1	2.12e-10	57
m0122	m0098	23.3	2.77e-10	57
m0122	m0083	22.5	3.62e-10	57
m0122	m0011	20.1	6.17e-10	56
m0122	m0001	23.3	1.05e-09	55
m0122	m0005	27.3	1.38e-09	55
m0122	m0002	22.2	1.8e-09	54
m0122	m0012	21.0	1.8e-09	54
m0122	m0076	25.7	2.35e-09	54
m0122	m0096	23.2	4e-09	53
m0122	m0047	25.0	5.23e-09	53
m0122	m0006	20.7	5.23e-09	53
m0122	m0050	25.9	5.23e-09	53
m0122	m0097	23.7	6.83e-09	52
m0122	m0101	21.8	6.83e-09	52
m0122	m0068	23.6	8.92e-09	52
m0122	m0093	22.3	8.92e-09	52
m0122	m0054	21.6	1.16e-08	52
m0122	m0111	26.0	1.52e-08	51
m0122	m0014	24.5	1.99e-08	51
m0122	m0069	23.6	1.99e-08	51
m0122	m0077	21.0	1.99e-08	51
m0122	m0088	24.3	4.42e-08	50
m0122	m0118	21.0	4.42e-08	50
m0122	m0023	22.6	2.2e-07	47
m0122	m0017	21.8	6.39e-07	46
m0122	m0099	25.9	0.00955	32
m0122	m0099	26.7	0.0163	31
m0122	m0056	41.2	0.401	27
m0122	m0009	32.3	0.524	26
m0122	m0021	43.3	9.88	22
m0121	m0041	28.2	0.000894	35
m0121	m0083	24.8	0.0034	33
m0121	m0025	27.3	0.00444	33
m0121	m0045	25.8	0.0058	32
m0121	m0064	28.3	0.0837	28
m0121	m0069	26.7	0.415	26
m0121	m0054	25.4	1.58	24
m0121	m0108	35.6	2.06	24
m0120	m0109	73.6	1.35e-124	437
m0120	m0031	58.7	3.82e-95	339
m0120	m0074	58.7	5.52e-94	335
m0120	m0083	52.2	3.36e-83	299
m0120	m0103	54.8	7.48e-83	298
m0120	m0001	52.9	1.28e-82	297
m0120	m0045	54.9	1.67e-82	297
m0120	m0062	56.8	5.93e-80	289
m0120	m0043	53.5	1.12e-78	284
m0120	m0101	52.2	7.25e-78	282
m0120	m0063	52.9	9.46e-78	281
m0120	m0011	51.0	2.18e-74	270
m0120	m0002	52.0	2.18e-74	270
m0120	m0012	50.7	4.86e-74	269
m0120	m0090	49.8	1.56e-72	264
m0120	m0077	51.7	2.67e-72	263
m0120	m0071	47.4	7.76e-72	262
m0120	m0086	49.5	2.26e-71	260
m0120	m0067	50.0	2.95e-71	260
m0120	m0036	50.0	8.58e-71	258
m0120	m0054	49.1	8.58e-71	258
m0120	m0079	47.2	8.03e-69	252
m0120	m0095	45.3	1.09e-65	241
m0120	m0051	46.8	1.42e-65	241
m0120	m0040	50.0	1.85e-65	240
m0120	m0104	48.6	3.16e-65	240
m0120	m0033	47.8	1.57e-64	237
m0120	m0065	45.7	1.57e-64	237
m0120	m0118	45.7	2.05e-64	237
m0120	m0037	43.5	2.05e-64	237
m0120	m0098	46.2	1.73e-63	234
m0120	m0028	44.6	5.04e-63	232
m0120	m0084	42.7	2.5e-62	230
m0120	m0073	48.0	2.5e-62	230
m0120	m0102	47.5	9.51e-62	228
m0120	m0048	45.2	1.24e-61	228
m0120	m0097	43.6	1.62e-61	227
m0120	m0070	43.9	3.99e-60	223
m0120	m0069	45.2	3.38e-59	220
m0120	m0017	43.8	1.09e-57	215
m0120	m0111	44.3	7.05e-57	212
m0120	m0006	42.8	2.68e-56	210
m0120	m0039	42.7	1.13e-54	205
m0120	m0088	41.4	1.92e-54	204
m0120	m0005	42.6	3.27e-54	203
m0120	m0068	42.3	3.27e-54	203
m0120	m0014	41.7	4.28e-54	203
m0120	m0096	41.1	9.53e-54	201
m0120	m0113	43.4	9.53e-54	201
m0120	m0066	43.2	1.24e-53	201
m0120	m0093	39.8	1.63e-53	201
m0120	m0076	44.5	3.62e-53	200
m0120	m0047	40.8	4.73e-53	199
m0120	m0050	40.6	8.07e-53	198
m0120	m0023	42.5	8.07e-53	198
m0120	m0094	43.7	6.83e-52	195
m0120	m0025	39.9	3.75e-50	190
m0120	m0041	29.1	4.62e-16	76
m0120	m0064	24.7	5.85e-11	59
m0120	m0016	27.6	3.92e-07	47
m0120	m0061	31.5	0.00118	35
m0120	m0026	21.0	0.549	26
m0120	m0053	26.8	0.549	26
m0120	m0060	23.2	0.936	25
m0120	m0056	40.8	1.22	25
m0120	m0099	32.6	1.6	25
m0120	m0089	35.0	4.64	23
m0119	m0042	25.2	0.00708	33
m0119	m0107	39.7	0.06	30
m0119	m0092	42.0	0.134	28
m0119	m0034	24.7	0.663	26
m0119	m0004	30.5	0.866	26
m0119	m0075	43.8	1.93	25
m0119	m0017	31.9	1.93	25
m0119	m0069	57.9	4.3	23
m0119	m0068	32.6	4.3	23
m0119	m0077	32.8	5.61	23
m0118	m0054	60.6	4.09e-98	349
m0118	m0012	54.1	9.46e-87	311
m0118	m0001	56.2	4.69e-86	309
m0118	m0011	58.0	1.16e-84	304
m0118	m0062	54.3	1.16e-84	304
m0118	m0083	51.0	4.39e-84	302
m0118	m0103	52.0	8.29e-83	298
m0118	m0045	51.4	2.33e-77	280
m0118	m0002	53.3	1.28e-75	274
m0118	m0086	46.6	1.73e-72	264
m0118	m0069	46.2	8.89e-69	252
m0118	m0048	46.6	8.32e-67	245
m0118	m0097	46.3	1.09e-66	245
m0118	m0043	49.3	3.16e-66	243
m0118	m0033	44.3	9.2e-66	242
m0118	m0109	46.1	1.57e-65	241
m0118	m0084	44.6	3.5e-65	240
m0118	m0063	45.8	1.13e-63	235
m0118	m0098	45.2	1.62e-62	231
m0118	m0073	43.6	2.12e-62	230
m0118	m0070	45.1	9.86e-60	221
m0118	m0090	42.1	6.39e-59	219
m0118	m0051	43.8	8.34e-59	218
m0118	m0088	40.3	1.57e-57	214
m0118	m0047	43.7	1.13e-55	208
m0118	m0077	41.3	1.47e-55	208
m0118	m0014	43.2	1.92e-55	207
m0118	m0067	39.9	7.31e-55	205
m0118	m0040	44.3	7.31e-55	205
m0118	m0023	43.4	1.25e-54	205
m0118	m0066	41.2	1.25e-54	205
m0118	m0093	42.3	1.25e-54	205
m0118	m0031	39.5	1.63e-54	204
m0118	m0050	43.0	2.13e-54	204
m0118	m0101	41.1	4.74e-54	203
m0118	m0104	44.2	6.19e-54	202
m0118	m0096	43.4	8.08e-54	202
m0118	m0025	39.0	8.08e-54	202
m0118	m0076	43.8	1.38e-53	201
m0118	m0113	42.7	2.35e-53	200
m0118	m0111	42.2	2.35e-53	200
m0118	m0065	40.6	3.07e-53	200
m0118	m0074	40.1	4.01e-53	200
m0118	m0036	38.0	5.24e-53	199
m0118	m0006	41.9	5.24e-53	199
m0118	m0017	40.7	1.17e-52	198
m0118	m0079	41.8	1.52e-52	198
m0118	m0071	38.6	3.4e-52	196
m0118	m0039	41.3	4.43e-52	196
m0118	m0068	39.4	4.43e-52	196
m0118	m0037	38.8	5.79e-52	196
m0118	m0028	39.4	7.56e-52	195
m0118	m0094	38.9	4.15e-50	190
m0118	m0102	39.2	7.08e-50	189
m0118	m0095	37.9	1.25e-46	178
m0118	m0005	32.2	7.36e-31	126
m0118	m0064	25.0	3.43e-12	64
m0118	m0041	26.6	8.46e-11	59
m0118	m0016	24.0	4.07e-05	40
m0118	m0087	33.3	1.04	25
m0118	m0099	29.2	1.35	25
m0118	m0026	23.9	2.31	24
m0117	m0043	30.4	0.224	27
m0117	m0015	28.0	0.293	27
m0117	m0063	29.1	0.853	25
m0117	m0103	32.1	7.22	22
m0116	m0026	23.7	5.63e-11	60
m0116	m0014	25.3	0.181	28
m0116	m0032	41.9	5.84	23
m0115	m0008	52.4	5.78e-119	419
m0115	m0059	29.4	1.19e-39	155
m0115	m0059	39.0	3.04e-35	141
m0115	m0018	36.9	5.19e-27	113
m0115	m0027	33.6	2.18e-25	108
m0115	m0027	26.1	1.42e-08	52
m0115	m0018	27.1	0.00683	33
m0115	m0113	39.3	0.639	27
m0115	m0024	29.2	5.41	23
m0114	m0030	38.4	1.46e-36	144
m0114	m0086	32.5	0.000193	38
m0114	m0070	26.9	0.0236	31
m0114	m0073	25.0	0.0402	30
m0114	m0011	25.9	0.153	28
m0114	m0030	40.0	0.445	27
m0114	m0099	100.0	0.445	27
m0114	m0048	26.1	0.991	25
m0113	m0094	67.8	3.48e-169	585
m0113	m0039	58.6	4.01e-141	492
m0113	m0047	58.6	2.2e-139	486
m0113	m0014	58.2	3.17e-138	483
m0113	m0006	58.0	4.58e-137	479
m0113	m0096	57.7	3.88e-136	476
m0113	m0023	56.3	6.62e-136	475
m0113	m0093	58.0	6.62e-136	475
m0113	m0050	56.4	1.25e-134	471
m0113	m0025	55.4	3.64e-126	443
m0113	m0088	64.0	5.12e-104	369
m0113	m0068	50.9	1.14e-103	368
m0113	m0111	49.0	2.81e-102	363
m0113	m0076	66.2	8.75e-96	342
m0113	m0017	53.8	8.79e-80	289
m0113	m0103	48.6	3.95e-72	263
m0113	m0011	50.5	1.41e-69	255
m0113	m0001	47.9	9.11e-69	252
m0113	m0086	50.5	2.65e-68	250
m0113	m0062	47.9	1.32e-67	248
m0113	m0069	46.9	5e-67	246
m0113	m0045	48.4	3.24e-66	243
m0113	m0012	49.1	7.22e-66	242
m0113	m0002	49.6	9.43e-66	242
m0113	m0098	47.8	2.32e-64	237
m0113	m0097	48.8	3.35e-63	233
m0113	m0073	46.7	9.76e-63	232
m0113	m0033	45.1	2.04e-60	224
m0113	m0070	44.2	2.04e-60	224
m0113	m0083	45.8	2.25e-59	221
m0113	m0048	45.1	6.55e-59	219
m0113	m0043	49.1	1.9e-58	218
m0113	m0084	43.9	8e-57	212
m0113	m0109	43.9	5.19e-56	210
m0113	m0090	43.0	1.97e-55	208
m0113	m0054	41.1	1.28e-54	205
m0113	m0101	41.8	1.85e-53	201
m0113	m0063	43.5	1.2e-52	198
m0113	m0065	41.9	7.26e-50	189
m0113	m0031	39.4	6.14e-49	186
m0113	m0066	41.9	6.14e-49	186
m0113	m0074	40.0	2.33e-48	184
m0113	m0040	40.5	6.79e-48	183
m0113	m0037	38.9	1.16e-47	182
m0113	m0079	39.5	9.81e-47	179
m0113	m0102	38.2	9.81e-47	179
m0113	m0104	40.7	1.28e-46	178
m0113	m0036	41.2	4.87e-46	176
m0113	m0051	40.3	4.87e-46	176
m0113	m0067	38.8	1.85e-45	174
m0113	m0028	38.2	2.95e-43	167
m0113	m0095	37.0	3.26e-42	164
m0113	m0071	36.6	1.79e-40	158
m0113	m0077	35.8	2.86e-38	151
m0113	m0005	34.3	1.92e-34	138
m0113	m0041	26.4	2.28e-11	61
m0113	m0064	28.6	4.76e-09	54
m0113	m0016	29.1	0.0736	30
m0113	m0026	24.1	0.164	28
m0113	m0061	27.0	1.06	26
m0113	m0089	24.3	8.99	23
m0113	m0032	37.2	8.99	23
m0112	m0106	43.0	1.96e-60	224
m0112	m0046	40.6	7.22e-55	205
m0112	m0085	38.6	6.76e-53	199
m0112	m0087	39.3	6.32e-51	192
m0112	m0009	34.7	5.35e-50	189
m0112	m0058	36.5	2.03e-49	187
m0112	m0049	37.8	9.45e-47	178
m0112	m0019	35.2	2.33e-45	174
m0112	m0110	37.3	1.15e-44	171
m0112	m0029	33.8	1.01e-40	158
m0112	m0082	32.5	1.62e-38	151
m0112	m0105	30.3	7.5e-36	142
m0112	m0005	25.9	0.206	28
m0112	m0107	27.7	0.784	26
m0111	m0023	70.1	1.48e-154	537
m0111	m0068	64.4	6.21e-153	532
m0111	m0093	68.6	5.81e-151	525
m0111	m0006	67.8	1.1e-149	521
m0111	m0096	73.0	3.53e-148	516
m0111	m0014	65.9	3.53e-148	516
m0111	m0050	67.3	4.61e-148	515
m0111	m0047	67.5	7.86e-148	515
m0111	m0088	64.3	4.66e-108	382
m0111	m0039	52.4	1.07e-104	371
m0111	m0076	69.5	9.09e-104	368
m0111	m0094	48.4	6.1e-100	356
m0111	m0025	47.2	7.97e-100	355
m0111	m0017	57.1	6.31e-97	346
m0111	m0103	52.0	2.04e-79	287
m0111	m0086	49.7	1.2e-71	262
m0111	m0001	48.6	6.58e-70	256
m0111	m0097	49.5	1.62e-68	251
m0111	m0033	46.9	8.04e-68	249
m0111	m0062	43.1	3.74e-65	240
m0111	m0011	48.0	6.37e-65	239
m0111	m0048	45.7	8.32e-65	239
m0111	m0070	47.7	1.42e-64	238
m0111	m0002	46.2	3.5e-63	233
m0111	m0012	45.1	4.57e-63	233
m0111	m0054	46.0	5.96e-63	233
m0111	m0045	46.9	7.79e-63	232
m0111	m0073	44.3	7.79e-63	232
m0111	m0083	43.8	2.27e-62	231
m0111	m0069	45.3	2.27e-62	231
m0111	m0098	44.6	1.92e-61	228
m0111	m0043	47.5	2.51e-61	227
m0111	m0084	44.3	3.62e-60	223
m0111	m0109	44.7	4.73e-60	223
m0111	m0063	47.0	2.35e-59	221
m0111	m0031	43.8	1.74e-54	205
m0111	m0066	42.8	5.06e-54	203
m0111	m0090	41.9	1.92e-53	201
m0111	m0074	44.3	8.93e-51	192
m0111	m0101	41.2	9.88e-50	189
m0111	m0079	40.5	1.09e-48	185
m0111	m0040	41.4	1.86e-48	184
m0111	m0065	41.2	2.43e-48	184
m0111	m0102	38.4	3.18e-48	184
m0111	m0067	38.7	1.21e-47	182
m0111	m0104	43.1	4.59e-47	180
m0111	m0037	37.2	7.82e-47	179
m0111	m0036	40.4	1.33e-46	178
m0111	m0077	40.2	1.48e-45	175
m0111	m0071	39.9	4.29e-45	173
m0111	m0095	37.7	2.13e-44	171
m0111	m0051	38.8	1.8e-43	168
m0111	m0028	37.5	1.99e-42	164
m0111	m0005	39.1	5.43e-40	156
m0111	m0041	28.3	6.69e-14	70
m0111	m0064	32.6	1.82e-11	62
m0111	m0016	24.1	0.00906	33
m0111	m0026	23.1	0.0587	30
m0111	m0013	29.1	0.649	27
m0111	m0099	23.8	1.11	26
m0111	m0060	20.4	1.89	25
m0111	m0099	26.9	1.89	25
m0111	m0061	26.5	3.22	24
m0111	m0056	22.2	4.21	24
m0110	m0085	44.9	4.05e-63	233
m0110	m0058	45.6	6.46e-61	225
m0110	m0009	41.4	4.63e-59	219
m0110	m0087	40.3	3.92e-58	216
m0110	m0046	38.3	7.16e-52	195
m0110	m0019	38.8	1.35e-50	191
m0110	m0106	39.7	1.95e-49	187
m0110	m0105	35.0	9.7e-41	158
m0110	m0049	35.1	1.27e-40	158
m0110	m0082	37.0	2.39e-39	154
m0110	m0029	33.8	2.39e-39	154
m0110	m0081	32.4	6.36	23
m0109	m0031	59.9	1.67e-93	334
m0109	m0045	55.4	8.86e-87	311
m0109	m0083	53.6	1.97e-86	310
m0109	m0074	55.6	2.58e-86	310
m0109	m0101	56.9	2.85e-85	306
m0109	m0103	54.1	1.42e-84	304
m0109	m0062	54.8	1.12e-81	294
m0109	m0001	49.8	3.99e-79	286
m0109	m0002	53.3	1.52e-78	284
m0109	m0011	50.7	1.28e-77	281
m0109	m0063	51.4	2.42e-76	277
m0109	m0012	49.1	2.05e-75	273
m0109	m0043	51.9	1.33e-74	271
m0109	m0090	49.0	1.12e-73	268
m0109	m0086	51.4	2.12e-72	263
m0109	m0036	50.9	1.79e-71	260
m0109	m0079	48.5	3.06e-71	260
m0109	m0054	46.4	6.82e-71	258
m0109	m0040	51.1	2.59e-70	257
m0109	m0097	50.2	2.59e-70	257
m0109	m0067	50.4	2.59e-70	257
m0109	m0104	50.2	3.38e-70	256
m0109	m0084	45.7	1.68e-69	254
m0109	m0077	51.2	1.42e-68	251
m0109	m0033	47.3	2.43e-68	250
m0109	m0071	46.1	2.68e-67	247
m0109	m0051	49.7	1.02e-66	245
m0109	m0065	44.3	2.27e-66	243
m0109	m0095	47.8	4.28e-65	239
m0109	m0102	48.9	1.25e-64	238
m0109	m0070	45.3	2.12e-64	237
m0109	m0037	42.0	8.07e-64	235
m0109	m0098	44.9	3.07e-63	233
m0109	m0073	45.8	1.17e-62	231
m0109	m0028	45.3	2.6e-62	230
m0109	m0066	45.0	1.09e-60	225
m0109	m0048	45.7	3.17e-60	223
m0109	m0069	43.8	3.17e-60	223
m0109	m0050	44.0	1.21e-59	221
m0109	m0014	45.1	2.06e-59	220
m0109	m0006	44.7	1.33e-58	218
m0109	m0093	43.4	2.28e-58	217
m0109	m0047	42.7	8.65e-58	215
m0109	m0017	43.8	1.93e-57	214
m0109	m0096	43.6	7.32e-57	212
m0109	m0023	43.1	7.32e-57	212
m0109	m0005	41.8	1.25e-56	211
m0109	m0088	42.5	2.78e-56	210
m0109	m0068	42.1	2.78e-56	210
m0109	m0076	46.5	2.78e-56	210
m0109	m0039	45.9	4.74e-56	209
m0109	m0094	44.8	2.44e-52	197
m0109	m0025	39.4	9.26e-52	195
m0109	m0041	27.4	1.4e-15	75
m0109	m0064	26.4	2.91e-13	67
m0109	m0016	22.9	2.23e-05	41
m0109	m0061	31.2	0.000145	38
m0109	m0099	26.3	0.15	28
m0109	m0060	21.6	0.196	28
m0109	m0053	25.4	0.334	27
m0109	m0026	22.7	0.57	26
m0109	m0056	36.0	0.972	25
m0109	m0068	26.7	2.16	24
m0109	m0007	34.8	4.82	23
m0109	m0008	23.3	8.23	22
m0108	m0102	33.3	0.00301	35
m0108	m0074	24.4	0.216	29
m0108	m0033	35.3	2.39	25
m0108	m0082	25.8	2.39	25
m0107	m0089	45.5	7.18e-81	292
m0107	m0015	33.8	3.38e-38	150
m0107	m0055	25.5	0.000244	38
m0107	m0097	30.6	0.0869	29
m0107	m0075	53.3	0.563	27
m0107	m0051	31.9	0.563	27
m0107	m0094	53.3	1.25	25
m0107	m0073	35.3	1.64	25
m0107	m0068	28.6	2.14	25
m0107	m0050	28.6	3.65	24
m0107	m0039	22.9	3.65	24
m0107	m0096	28.6	3.65	24
m0107	m0069	44.1	6.23	23
m0107	m0082	24.8	8.13	23
m0106	m0058	42.0	3.69e-59	220
m0106	m0046	42.7	4.08e-58	216
m0106	m0087	40.5	1e-56	211
m0106	m0085	39.0	1.6e-54	204
m0106	m0049	41.3	9.72e-52	195
m0106	m0019	39.8	2.17e-51	194
m0106	m0009	37.1	2.48e-47	180
m0106	m0029	38.1	4.23e-47	179
m0106	m0105	36.8	5.91e-41	159
m0106	m0082	35.5	7.99e-38	149
m0105	m0046	34.1	4e-40	156
m0105	m0009	35.2	7.55e-39	152
m0105	m0085	34.1	4.89e-38	149
m0105	m0019	32.7	9.23e-37	145
m0105	m0087	32.0	3.88e-35	140
m0105	m0058	31.2	8.64e-35	139
m0105	m0082	33.0	1.25e-33	135
m0105	m0029	29.7	6.41e-30	122
m0105	m0049	31.9	1.02e-27	115
m0105	m0008	27.9	0.366	27
m0105	m0084	22.6	2.37	24
m0105	m0037	37.0	6.91	23
m0104	m0040	87.4	8.68e-142	494
m0104	m0051	75.3	2.8e-124	436
m0104	m0102	65.8	1.65e-108	383
m0104	m0103	54.9	7.72e-82	295
m0104	m0063	51.4	6.13e-71	258
m0104	m0043	52.0	2.33e-70	257
m0104	m0001	49.3	3.15e-67	246
m0104	m0011	49.8	7.02e-67	245
m0104	m0074	48.2	1.73e-65	240
m0104	m0054	49.8	2.26e-65	240
m0104	m0071	46.5	4.26e-64	236
m0104	m0062	45.3	1.24e-63	234
m0104	m0045	48.5	1.24e-63	234
m0104	m0031	47.8	6.8e-62	228
m0104	m0012	45.5	2.58e-61	226
m0104	m0090	44.4	3.37e-61	226
m0104	m0083	45.2	7.52e-61	225
m0104	m0002	46.9	3.73e-60	223
m0104	m0033	45.3	2.67e-58	216
m0104	m0097	44.8	5.96e-58	215
m0104	m0077	44.4	2.26e-57	213
m0104	m0084	41.5	1.47e-56	211
m0104	m0086	39.8	4.72e-55	206
m0104	m0069	42.6	4.88e-52	196
m0104	m0098	43.2	1.86e-51	194
m0104	m0073	41.2	3.17e-51	193
m0104	m0036	40.5	1.57e-50	191
m0104	m0070	39.9	1.57e-50	191
m0104	m0067	39.9	1.02e-49	188
m0104	m0028	39.5	1.74e-49	187
m0104	m0095	41.5	2.27e-49	187
m0104	m0065	39.8	2.96e-49	186
m0104	m0096	43.0	5.05e-49	186
m0104	m0017	40.5	5.05e-49	186
m0104	m0101	40.1	6.6e-49	185
m0104	m0048	40.2	2.51e-48	183
m0104	m0093	41.7	3.28e-48	183
m0104	m0047	42.2	9.53e-48	181
m0104	m0025	38.9	9.53e-48	181
m0104	m0088	44.2	1.24e-47	181
m0104	m0014	40.8	1.24e-47	181
m0104	m0079	37.9	2.12e-47	180
m0104	m0050	42.5	2.12e-47	180
m0104	m0006	42.6	2.77e-47	180
m0104	m0037	40.1	2.77e-47	180
m0104	m0005	38.5	6.18e-47	179
m0104	m0039	42.0	1.05e-46	178
m0104	m0094	40.3	3.07e-46	176
m0104	m0023	42.2	4.43e-45	173
m0104	m0068	39.6	7.55e-45	172
m0104	m0076	40.9	1.29e-44	171
m0104	m0066	39.1	7.81e-42	162
m0104	m0041	27.3	1.43e-19	88
m0104	m0064	26.9	4.94e-12	63
m0104	m0016	24.2	2.63e-05	40
m0104	m0060	22.7	0.512	26
m0104	m0006	25.4	1.95	24
m0104	m0056	26.1	5.67	23
m0104	m0023	31.7	9.66	22
m0103	m0001	65.0	2.8e-109	386
m0103	m0062	61.2	3e-103	366
m0103	m0054	63.2	4.06e-100	356
m0103	m0011	60.0	2.23e-98	350
m0103	m0045	63.8	2.08e-96	343
m0103	m0083	57.7	2.55e-94	336
m0103	m0012	56.7	7.67e-91	325
m0103	m0002	59.7	1.22e-88	317
m0103	m0086	54.7	1.77e-87	314
m0103	m0069	54.8	1.77e-87	314
m0103	m0090	53.4	1.15e-86	311
m0103	m0033	54.1	1.4e-84	304
m0103	m0017	53.7	6.95e-84	302
m0103	m0063	53.6	1e-82	298
m0103	m0097	51.5	1e-82	298
m0103	m0040	54.0	2.24e-82	297
m0103	m0043	53.3	2.24e-82	297
m0103	m0088	52.2	8.5e-82	295
m0103	m0084	51.7	9.4e-81	291
m0103	m0048	51.6	6.09e-80	289
m0103	m0070	52.5	1.77e-79	287
m0103	m0093	51.6	5.16e-79	285
m0103	m0051	51.4	8.8e-79	285
m0103	m0076	56.3	1.5e-78	284
m0103	m0006	52.3	2.56e-78	283
m0103	m0050	49.7	7.45e-78	282
m0103	m0025	49.5	7.45e-78	282
m0103	m0073	47.9	1.27e-77	281
m0103	m0096	52.3	2.17e-77	280
m0103	m0014	50.5	2.83e-77	280
m0103	m0047	50.3	3.13e-76	276
m0103	m0023	51.2	1.19e-75	274
m0103	m0074	48.6	2.24e-74	270
m0103	m0068	50.9	1.9e-73	267
m0103	m0094	49.3	3.24e-73	266
m0103	m0098	46.9	7.21e-73	265
m0103	m0031	49.5	4.68e-72	262
m0103	m0101	49.1	4.68e-72	262
m0103	m0102	46.2	3.7e-69	253
m0103	m0067	47.3	1.84e-68	250
m0103	m0065	46.5	2.4e-68	250
m0103	m0036	45.2	3.14e-68	250
m0103	m0039	50.9	1.19e-67	248
m0103	m0066	47.9	1.32e-66	244
m0103	m0037	44.3	1.72e-66	244
m0103	m0077	47.1	6.54e-66	242
m0103	m0095	46.0	9.44e-65	238
m0103	m0079	44.6	1.61e-64	237
m0103	m0071	46.3	1.04e-63	235
m0103	m0028	44.0	3.48e-59	220
m0103	m0005	39.3	2.34e-47	180
m0103	m0041	31.1	4.15e-20	90
m0103	m0064	29.4	2.61e-14	70
m0103	m0016	22.7	9.93e-06	42
m0103	m0099	31.2	0.000187	38
m0103	m0056	39.6	0.0134	32
m0103	m0055	23.4	0.194	28
m0103	m0026	23.3	0.432	27
m0103	m0053	25.0	0.564	26
m0103	m0092	36.4	2.8	24
m0103	m0099	27.1	4.77	23
m0103	m0060	27.3	4.77	23
m0102	m0040	65.8	1.02e-111	394
m0102	m0051	59.2	2.35e-100	356
m0102	m0033	46.0	1.88e-65	240
m0102	m0001	44.4	2.55e-62	230
m0102	m0062	40.6	2.38e-60	223
m0102	m0012	43.8	3.11e-60	223
m0102	m0063	42.7	6.93e-60	222
m0102	m0054	45.3	9.05e-60	221
m0102	m0090	43.1	2.02e-59	220
m0102	m0077	43.9	3.44e-59	220
m0102	m0011	43.5	2.91e-58	216
m0102	m0002	44.5	2.91e-58	216
m0102	m0086	40.8	1.45e-57	214
m0102	m0045	42.0	2.47e-57	213
m0102	m0074	43.3	3.22e-57	213
m0102	m0043	42.9	3.22e-57	213
m0102	m0071	43.3	5.49e-57	212
m0102	m0073	44.0	1.6e-56	211
m0102	m0083	43.3	1.04e-55	208
m0102	m0031	43.2	3.01e-55	206
m0102	m0084	40.5	1.15e-54	205
m0102	m0048	42.8	5.68e-54	202
m0102	m0069	41.2	3.68e-53	200
m0102	m0097	41.8	1.07e-52	198
m0102	m0070	42.8	1.83e-52	197
m0102	m0098	41.0	5.88e-51	192
m0102	m0101	38.2	4.98e-50	189
m0102	m0066	41.0	6.5e-50	189
m0102	m0014	38.2	1.89e-49	187
m0102	m0005	39.0	3.23e-49	186
m0102	m0096	40.8	1.6e-48	184
m0102	m0036	37.9	3.57e-48	183
m0102	m0017	36.1	7.95e-48	182
m0102	m0093	37.0	7.95e-48	182
m0102	m0067	39.2	7.95e-48	182
m0102	m0047	37.9	1.77e-47	181
m0102	m0028	36.6	2.31e-47	180
m0102	m0088	36.3	3.94e-47	179
m0102	m0094	38.7	3.94e-47	179
m0102	m0076	40.7	1.5e-46	178
m0102	m0006	38.1	1.96e-46	177
m0102	m0025	37.6	5.7e-46	176
m0102	m0065	37.1	5.7e-46	176
m0102	m0095	39.3	1.27e-45	174
m0102	m0050	35.9	2.16e-45	174
m0102	m0023	38.0	2.16e-45	174
m0102	m0079	35.2	2.83e-45	173
m0102	m0039	38.2	4.82e-45	173
m0102	m0037	37.9	1.83e-44	171
m0102	m0068	36.1	1.19e-43	168
m0102	m0041	32.7	2.57e-22	97
m0102	m0064	26.2	5.95e-11	59
m0102	m0026	26.7	5.21e-07	46
m0102	m0016	23.6	6.37e-05	39
m0102	m0088	29.4	0.0861	29
m0102	m0092	35.3	0.327	27
m0102	m0014	26.8	0.952	25
m0102	m0066	44.0	3.62	23
m0102	m0075	31.9	6.17	23
m0101	m0077	57.3	2.98e-87	313
m0101	m0079	52.9	5.08e-87	312
m0101	m0067	50.8	2.44e-81	293
m0101	m0036	52.8	1.34e-79	287
m0101	m0065	48.2	3.3e-78	283
m0101	m0095	49.5	7.35e-78	282
m0101	m0031	50.7	3.65e-77	279
m0101	m0074	49.7	8.98e-76	275
m0101	m0045	51.7	8.98e-76	275
m0101	m0028	47.2	4.93e-74	269
m0101	m0001	49.0	1.87e-73	267
m0101	m0037	46.2	5.45e-73	265
m0101	m0083	49.8	6.66e-71	258
m0101	m0086	46.2	6.89e-68	248
m0101	m0012	47.0	1.18e-67	248
m0101	m0071	49.3	2.62e-67	247
m0101	m0062	46.6	9.95e-67	245
m0101	m0002	47.6	9.95e-67	245
m0101	m0054	46.2	2.9e-66	243
m0101	m0011	45.7	4.18e-65	239
m0101	m0048	47.8	5.46e-65	239
m0101	m0043	47.5	1.03e-63	235
m0101	m0063	47.5	5.65e-62	229
m0101	m0033	40.8	9.64e-62	228
m0101	m0090	43.4	5.29e-60	222
m0101	m0069	42.5	1.54e-59	221
m0101	m0097	44.0	1.3e-58	218
m0101	m0073	43.2	1.3e-58	218
m0101	m0084	41.2	4.95e-58	216
m0101	m0070	41.2	1.44e-57	214
m0101	m0098	42.8	2.46e-57	213
m0101	m0005	39.9	5.47e-57	212
m0101	m0088	41.0	5.66e-54	202
m0101	m0017	39.2	1.26e-53	201
m0101	m0066	41.4	1.4e-52	198
m0101	m0039	41.4	1.82e-52	197
m0101	m0094	41.9	2.38e-52	197
m0101	m0068	40.3	4.06e-52	196
m0101	m0047	41.4	1.54e-51	194
m0101	m0093	41.1	7.65e-51	192
m0101	m0040	39.9	2.23e-50	190
m0101	m0051	42.4	4.96e-50	189
m0101	m0014	41.2	4.96e-50	189
m0101	m0006	40.5	4.96e-50	189
m0101	m0050	41.3	4.96e-50	189
m0101	m0076	41.0	1.44e-49	188
m0101	m0096	40.4	2.46e-49	187
m0101	m0025	38.2	9.36e-49	185
m0101	m0023	38.2	2.55e-46	177
m0101	m0041	26.3	4.11e-12	63
m0101	m0064	24.6	8.01e-08	49
m0101	m0016	27.9	0.000315	37
m0101	m0056	40.8	0.00267	34
m0101	m0099	24.1	0.0858	29
m0101	m0060	24.7	1.24	25
m0101	m0081	40.0	3.61	23
m0100	m0057	50.0	4.74e-62	229
m0100	m0078	39.9	5.1e-40	156
m0100	m0057	70.0	0.000769	35
m0100	m0078	42.9	0.0247	30
m0100	m0010	31.6	0.357	27
m0100	m0072	29.3	6.74	22
m0100	m0096	25.5	8.8	22
m0100	m0052	25.0	8.8	22
m0099	m0056	36.4	1.82e-05	40
m0099	m0070	30.3	1.82e-05	40
m0099	m0033	27.3	2.37e-05	40
m0099	m0047	27.3	0.0013	34
m0099	m0093	27.3	0.0029	33
m0099	m0066	22.4	0.00379	33
m0099	m0062	23.9	0.00494	32
m0099	m0083	26.3	0.00494	32
m0099	m0050	25.0	0.011	31
m0099	m0023	25.8	0.0188	30
m0099	m0096	23.9	0.0188	30
m0099	m0012	26.5	0.0188	30
m0099	m0006	27.1	0.0245	30
m0099	m0017	22.7	0.032	30
m0099	m0088	28.6	0.0547	29
m0099	m0014	23.7	0.0547	29
m0099	m0039	23.9	0.0714	28
m0099	m0076	32.1	0.0714	28
m0099	m0001	20.8	0.0714	28
m0099	m0076	26.7	0.0714	28
m0099	m0030	39.4	0.0714	28
m0099	m0096	32.1	0.0932	28
m0099	m0068	20.4	0.0932	28
m0099	m0088	38.6	0.159	27
m0099	m0068	40.0	0.208	27
m0099	m0002	22.9	0.208	27
m0099	m0039	28.3	0.271	27
m0099	m0047	30.2	0.354	26
m0099	m0098	25.9	0.354	26
m0099	m0050	30.2	0.354	26
m0099	m0036	23.1	0.463	26
m0099	m0045	23.7	0.463	26
m0099	m0093	30.2	0.604	25
m0099	m0006	28.3	0.789	25
m0099	m0002	32.6	0.789	25
m0099	m0062	24.3	1.03	25
m0099	m0023	30.2	1.03	25
m0099	m0041	29.0	1.03	25
m0099	m0001	37.0	1.03	25
m0099	m0073	27.5	1.03	25
m0099	m0014	30.2	1.35	24
m0099	m0094	40.0	1.35	24
m0099	m0017	37.1	1.35	24
m0099	m0090	29.8	1.76	24
m0099	m0025	28.8	1.76	24
m0099	m0011	23.0	2.3	23
m0099	m0045	25.8	3	23
m0099	m0083	25.8	3.92	23
m0099	m0031	30.0	3.92	23
m0099	m0016	28.9	3.92	23
m0099	m0069	29.4	5.12	22
m0099	m0012	29.4	5.12	22
m0099	m0086	25.8	5.12	22
m0099	m0070	26.4	6.68	22
m0099	m0074	24.4	8.73	22
m0098	m0073	60.6	8.82e-103	364
m0098	m0069	47.7	5.03e-82	295
m0098	m0002	54.8	2.34e-79	287
m0098	m0012	49.8	3.99e-79	286
m0098	m0001	47.2	2.59e-78	283
m0098	m0048	48.3	1.33e-74	271
m0098	m0086	47.1	1.73e-74	270
m0098	m0045	50.4	6.59e-74	268
m0098	m0062	46.3	4.27e-73	266
m0098	m0011	50.8	1.05e-71	261
m0098	m0070	47.1	1.37e-71	261
m0098	m0097	47.0	6.82e-71	258
m0098	m0083	46.2	1.52e-70	257
m0098	m0090	44.8	3.74e-69	253
m0098	m0054	45.4	1.86e-68	250
m0098	m0066	48.0	2.68e-67	247
m0098	m0014	46.5	2.51e-65	240
m0098	m0043	45.4	5.59e-65	239
m0098	m0068	44.2	4.73e-64	236
m0098	m0094	46.2	6.18e-64	235
m0098	m0033	44.6	8.07e-64	235
m0098	m0093	46.0	1.17e-62	231
m0098	m0050	44.3	1.99e-62	230
m0098	m0031	45.2	9.87e-62	228
m0098	m0096	44.6	1.29e-61	228
m0098	m0063	42.4	1.29e-61	228
m0098	m0047	44.1	1.68e-61	227
m0098	m0006	44.6	8.36e-61	225
m0098	m0039	44.7	1.43e-60	224
m0098	m0023	44.2	1.86e-60	224
m0098	m0074	43.1	5.42e-60	222
m0098	m0084	40.5	9.24e-60	221
m0098	m0017	42.0	4.58e-59	219
m0098	m0037	41.3	5.99e-59	219
m0098	m0076	44.2	2.28e-58	217
m0098	m0065	42.1	2.28e-58	217
m0098	m0067	42.3	3.88e-58	216
m0098	m0088	41.4	1.93e-57	214
m0098	m0036	43.4	1.17e-54	205
m0098	m0077	40.5	1.53e-54	204
m0098	m0095	42.1	1.09e-52	198
m0098	m0040	42.5	5.43e-52	196
m0098	m0071	42.1	7.09e-52	195
m0098	m0079	36.4	9.26e-52	195
m0098	m0025	37.4	2.28e-50	190
m0098	m0051	38.9	5.62e-49	186
m0098	m0028	38.4	8.97e-47	178
m0098	m0005	40.5	1.69e-45	174
m0098	m0041	26.9	4.35e-09	53
m0098	m0064	24.5	2.64e-06	44
m0098	m0016	26.3	1.31e-05	42
m0098	m0026	25.2	0.00795	32
m0098	m0060	21.5	0.334	27
m0098	m0007	24.2	0.57	26
m0098	m0056	34.0	1.66	25
m0098	m0061	35.0	4.82	23
m0097	m0084	62.7	4.41e-102	362
m0097	m0070	56.1	5.23e-87	312
m0097	m0086	53.4	4.9e-85	305
m0097	m0011	54.0	7.82e-83	298
m0097	m0062	51.5	1.74e-82	297
m0097	m0069	52.1	5.6e-81	292
m0097	m0001	52.2	5.6e-81	292
m0097	m0012	49.2	4.44e-78	282
m0097	m0045	49.5	1.21e-75	274
m0097	m0048	48.8	7.84e-75	272
m0097	m0083	49.0	7.84e-75	272
m0097	m0014	51.9	5.62e-73	265
m0097	m0002	50.2	5.62e-73	265
m0097	m0054	48.8	1.06e-71	261
m0097	m0093	49.2	1.53e-70	257
m0097	m0017	50.0	1.53e-70	257
m0097	m0090	47.0	3.41e-70	256
m0097	m0050	48.7	5.81e-70	255
m0097	m0096	49.2	7.59e-70	255
m0097	m0043	49.1	7.59e-70	255
m0097	m0006	49.2	1.29e-69	254
m0097	m0047	48.8	2.21e-69	253
m0097	m0073	45.9	3.77e-69	253
m0097	m0023	49.3	6.43e-69	252
m0097	m0033	47.0	1.21e-67	248
m0097	m0088	49.5	1.21e-67	248
m0097	m0076	53.6	6.01e-67	245
m0097	m0068	47.3	1.34e-66	244
m0097	m0063	47.5	2.29e-66	243
m0097	m0039	51.1	9.6e-65	238
m0097	m0066	45.0	5.27e-63	232
m0097	m0065	45.0	2.61e-62	230
m0097	m0094	46.5	1.69e-61	227
m0097	m0036	44.3	3.78e-61	226
m0097	m0077	45.4	7.12e-60	222
m0097	m0025	44.9	9.3e-60	221
m0097	m0031	41.4	3.53e-59	220
m0097	m0040	44.6	4.62e-59	219
m0097	m0067	41.0	6.66e-58	215
m0097	m0079	41.3	4.32e-57	213
m0097	m0095	41.7	3.66e-56	210
m0097	m0037	40.8	6.24e-56	209
m0097	m0028	41.7	4.04e-55	206
m0097	m0051	41.6	6.9e-55	205
m0097	m0074	42.0	1.3e-53	201
m0097	m0071	43.3	3.78e-53	200
m0097	m0005	37.7	2.54e-41	160
m0097	m0041	25.3	1.32e-13	68
m0097	m0064	25.9	3.58e-11	60
m0097	m0016	27.3	8.55e-05	39
m0097	m0022	24.2	0.00161	35
m0097	m0055	26.3	0.0105	32
m0097	m0060	19.6	0.151	28
m0097	m0056	30.4	0.257	27
m0097	m0075	48.6	0.439	27
m0097	m0010	27.4	0.439	27
m0097	m0026	22.5	1.28	25
m0096	m0047	87.7	1.95e-242	829
m0096	m0093	83.9	6.09e-236	807
m0096	m0050	84.7	1.04e-235	807
m0096	m0006	83.4	8.23e-233	797
m0096	m0014	81.2	7.97e-228	780
m0096	m0023	78.6	2.1e-220	756
m0096	m0039	66.7	1.87e-168	583
m0096	m0094	54.7	2.72e-135	473
m0096	m0025	51.0	1.35e-126	444
m0096	m0068	51.7	3.35e-109	386
m0096	m0088	63.2	2.75e-103	367
m0096	m0076	68.1	3.71e-100	356
m0096	m0017	58.0	1.28e-92	331
m0096	m0001	51.1	4.57e-74	270
m0096	m0086	50.3	8.62e-73	265
m0096	m0033	47.1	1.09e-67	248
m0096	m0011	49.5	4.14e-67	247
m0096	m0048	47.5	7.07e-67	246
m0096	m0062	45.1	9.23e-67	245
m0096	m0069	47.7	1.57e-66	245
m0096	m0073	46.3	3.51e-66	243
m0096	m0002	47.7	5.06e-65	240
m0096	m0070	46.5	2.51e-64	237
m0096	m0012	46.2	5.6e-64	236
m0096	m0084	45.5	2.78e-63	234
m0096	m0043	47.6	1.17e-61	228
m0096	m0054	45.3	3.4e-61	227
m0096	m0083	43.2	1.69e-60	225
m0096	m0045	44.6	3.76e-60	223
m0096	m0063	47.0	3.52e-58	217
m0096	m0090	43.7	1.06e-54	205
m0096	m0074	44.3	5.25e-54	203
m0096	m0066	40.5	6.86e-54	203
m0096	m0031	43.9	6.86e-54	203
m0096	m0040	42.7	1.34e-49	188
m0096	m0067	38.6	1.93e-48	184
m0096	m0065	39.9	3.3e-48	184
m0096	m0095	38.4	4.76e-47	180
m0096	m0079	39.9	1.06e-46	179
m0096	m0077	39.7	2.36e-46	178
m0096	m0036	39.7	3.09e-46	177
m0096	m0037	38.3	1.53e-45	175
m0096	m0071	38.1	2.61e-45	174
m0096	m0051	39.6	4.93e-44	170
m0096	m0028	39.4	1.87e-43	168
m0096	m0005	37.1	2.62e-37	148
m0096	m0041	27.1	1.31e-12	65
m0096	m0064	30.2	7.94e-10	56
m0096	m0016	24.4	0.0123	32
m0096	m0004	31.3	0.061	30
m0096	m0026	23.1	0.136	29
m0096	m0056	37.2	1.5	25
m0096	m0034	25.4	5.7	23
m0096	m0089	37.0	9.73	23
m0096	m0061	27.3	9.73	23
m0095	m0067	71.6	3.05e-127	446
m0095	m0065	70.9	1.2e-123	434
m0095	m0037	70.3	9.51e-121	424
m0095	m0036	56.9	4.15e-100	356
m0095	m0079	53.4	1.03e-90	324
m0095	m0028	50.2	2.45e-84	303
m0095	m0031	48.8	2.71e-75	273
m0095	m0074	46.5	1.26e-72	264
m0095	m0045	48.0	3.1e-71	260
m0095	m0077	48.9	1.7e-69	254
m0095	m0083	47.6	4.95e-69	252
m0095	m0001	47.1	1.1e-68	251
m0095	m0011	47.8	3e-66	243
m0095	m0043	45.2	3.92e-66	243
m0095	m0063	44.0	1.65e-64	237
m0095	m0062	43.6	1.4e-63	234
m0095	m0002	46.2	1.82e-63	234
m0095	m0012	42.3	6.48e-61	225
m0095	m0086	43.0	2.72e-59	220
m0095	m0033	40.7	1.14e-57	215
m0095	m0069	38.5	5.32e-55	206
m0095	m0048	41.2	1.18e-54	205
m0095	m0071	44.6	1.31e-53	201
m0095	m0054	38.0	2.23e-53	200
m0095	m0090	40.0	6.5e-53	199
m0095	m0073	40.4	1.23e-51	195
m0095	m0051	41.7	3.57e-51	193
m0095	m0084	36.5	4.66e-51	193
m0095	m0040	38.9	3.02e-50	190
m0095	m0005	38.8	1.96e-49	187
m0095	m0066	42.1	2.56e-49	187
m0095	m0094	39.5	1.66e-48	184
m0095	m0070	38.3	2.39e-47	180
m0095	m0017	38.2	9.09e-47	178
m0095	m0014	38.5	5.89e-46	176
m0095	m0047	36.4	8.51e-45	172
m0095	m0006	35.7	1.11e-44	171
m0095	m0093	36.1	1.45e-44	171
m0095	m0039	36.4	5.51e-44	169
m0095	m0068	35.7	1.6e-43	168
m0095	m0050	35.9	2.1e-43	167
m0095	m0088	35.6	6.1e-43	166
m0095	m0023	36.4	1.04e-42	165
m0095	m0025	34.5	2.83e-40	157
m0095	m0076	37.9	1.41e-39	154
m0095	m0041	22.9	4.71e-11	60
m0095	m0064	22.7	5.21e-10	56
m0095	m0016	29.2	1.57e-06	45
m0095	m0016	24.9	7.78e-06	42
m0094	m0039	55.7	7.16e-138	481
m0094	m0006	54.6	3.32e-135	473
m0094	m0025	57.1	9.67e-135	471
m0094	m0014	54.2	3.44e-132	463
m0094	m0050	53.3	1e-131	461
m0094	m0047	53.8	1.31e-131	461
m0094	m0023	52.6	1.83e-125	440
m0094	m0093	51.1	1e-123	434
m0094	m0068	51.6	3.35e-111	393
m0094	m0088	65.2	1.9e-106	377
m0094	m0076	69.5	5.36e-101	359
m0094	m0017	54.2	1.79e-80	291
m0094	m0001	48.3	3.06e-72	263
m0094	m0069	46.8	3.5e-68	250
m0094	m0011	47.6	1.74e-67	248
m0094	m0086	46.3	5.59e-66	243
m0094	m0012	48.0	1.25e-65	242
m0094	m0062	45.4	3.07e-64	237
m0094	m0002	47.9	1.52e-63	235
m0094	m0073	45.0	2.6e-63	234
m0094	m0033	46.0	1.29e-62	231
m0094	m0048	45.2	8.36e-62	229
m0094	m0045	46.6	5.42e-61	226
m0094	m0070	42.9	1.25e-57	215
m0094	m0043	45.9	1.63e-57	215
m0094	m0083	44.3	1.06e-56	212
m0094	m0063	44.1	2.6e-55	207
m0094	m0054	41.0	2.21e-54	204
m0094	m0084	42.0	3.76e-54	203
m0094	m0066	41.9	7.09e-53	199
m0094	m0065	41.5	7.84e-52	196
m0094	m0090	38.0	7.84e-52	196
m0094	m0037	40.9	1.38e-48	185
m0094	m0040	39.9	8.97e-48	182
m0094	m0036	37.2	5.82e-47	179
m0094	m0031	39.9	9.92e-47	179
m0094	m0079	38.0	2.21e-46	178
m0094	m0067	38.3	4.92e-46	176
m0094	m0074	39.7	7.11e-45	173
m0094	m0077	40.1	9.29e-45	172
m0094	m0051	38.1	1.21e-44	172
m0094	m0028	37.7	1.75e-43	168
m0094	m0071	36.8	2.07e-36	144
m0094	m0005	35.8	5.65e-34	136
m0094	m0041	27.3	2.02e-15	75
m0094	m0064	27.1	4.07e-08	50
m0094	m0016	29.1	0.057	30
m0094	m0046	32.8	0.369	27
m0094	m0055	29.0	5.33	23
m0093	m0047	86.7	1.37e-243	833
m0093	m0050	82.3	7.52e-234	800
m0093	m0014	82.3	9.83e-234	800
m0093	m0006	83.1	3.49e-231	792
m0093	m0023	80.3	2.97e-222	762
m0093	m0039	64.8	2.31e-166	576
m0093	m0025	49.5	5.38e-123	432
m0093	m0068	50.2	2.43e-107	380
m0093	m0088	62.3	1.74e-105	374
m0093	m0076	68.8	2.87e-100	357
m0093	m0017	58.1	3.52e-90	323
m0093	m0086	51.4	2.29e-73	267
m0093	m0001	48.2	1.94e-72	264
m0093	m0062	44.4	4.47e-69	253
m0093	m0002	48.1	6.05e-66	243
m0093	m0048	46.0	7.9e-66	242
m0093	m0069	46.1	1.35e-65	242
m0093	m0073	45.2	3.92e-65	240
m0093	m0012	46.8	5.12e-65	240
m0093	m0033	47.0	6.69e-65	239
m0093	m0011	47.1	1.14e-64	238
m0093	m0070	46.1	4.33e-64	236
m0093	m0054	46.0	4.79e-63	233
m0093	m0045	46.8	8.17e-63	232
m0093	m0084	44.4	1.07e-62	232
m0093	m0083	45.2	5.3e-62	230
m0093	m0043	46.8	1.18e-61	228
m0093	m0063	46.2	4.2e-59	220
m0093	m0090	44.4	3.33e-56	210
m0093	m0066	42.6	9.68e-56	209
m0093	m0031	42.3	1.89e-51	195
m0093	m0074	41.2	2.09e-50	191
m0093	m0040	39.6	3.33e-48	184
m0093	m0067	37.8	4.35e-48	183
m0093	m0065	39.2	3.69e-47	180
m0093	m0036	38.9	2.39e-46	178
m0093	m0079	38.1	6.95e-46	176
m0093	m0077	38.8	2.64e-45	174
m0093	m0037	39.7	5.88e-45	173
m0093	m0051	39.0	4.98e-44	170
m0093	m0071	38.1	6.51e-44	169
m0093	m0028	38.4	4.66e-42	163
m0093	m0005	36.4	3.46e-37	147
m0093	m0041	25.6	1.73e-12	65
m0093	m0064	33.3	4.71e-10	57
m0093	m0016	24.4	0.0162	32
m0093	m0026	23.3	0.105	29
m0093	m0004	31.3	0.399	27
m0093	m0056	27.9	1.16	26
m0093	m0022	39.6	3.38	24
m0093	m0036	36.2	9.84	23
m0092	m0038	36.6	4.62e-33	132
m0092	m0025	31.4	0.61	26
m0092	m0015	22.1	3.95	23
m0092	m0083	24.0	5.16	23
m0091	m0042	63.5	1.69e-146	510
m0091	m0034	61.8	2.52e-142	496
m0091	m0004	50.1	2.15e-109	387
m0091	m0075	39.4	3.03e-87	313
m0091	m0007	26.0	0.433	27
m0090	m0001	53.3	6.22e-88	315
m0090	m0083	51.3	2.7e-83	300
m0090	m0045	54.3	1.34e-82	297
m0090	m0069	48.7	6.89e-79	285
m0090	m0086	49.8	6.89e-79	285
m0090	m0002	55.2	3.42e-78	283
m0090	m0011	50.5	5.84e-78	282
m0090	m0062	50.2	1.1e-76	278
m0090	m0012	50.9	1.44e-76	277
m0090	m0054	48.5	9.32e-76	275
m0090	m0084	46.0	3.66e-72	263
m0090	m0043	48.6	3.1e-71	260
m0090	m0063	46.8	7.64e-70	255
m0090	m0070	46.3	9.34e-68	248
m0090	m0073	44.6	1.59e-67	247
m0090	m0031	45.5	6.69e-66	242
m0090	m0048	44.3	5.67e-65	239
m0090	m0017	43.9	9.05e-63	231
m0090	m0040	44.7	3.44e-62	230
m0090	m0033	42.8	1.22e-59	221
m0090	m0051	41.4	4.65e-59	219
m0090	m0036	39.5	1.77e-58	217
m0090	m0077	45.0	3.93e-58	216
m0090	m0079	39.7	5.14e-58	216
m0090	m0067	40.2	4.35e-57	213
m0090	m0074	39.9	7.42e-57	212
m0090	m0068	41.6	1.27e-56	211
m0090	m0071	43.4	4.81e-56	209
m0090	m0037	39.3	8.2e-56	208
m0090	m0006	42.5	8.2e-56	208
m0090	m0050	42.2	1.07e-55	208
m0090	m0047	43.1	2.39e-55	207
m0090	m0039	42.5	3.12e-55	206
m0090	m0065	39.3	4.07e-55	206
m0090	m0014	43.2	1.18e-54	205
m0090	m0088	40.8	7.68e-54	202
m0090	m0066	40.5	7.68e-54	202
m0090	m0076	44.4	1e-53	201
m0090	m0023	42.7	2.23e-53	200
m0090	m0025	39.9	8.49e-53	198
m0090	m0028	39.5	3.02e-50	190
m0090	m0005	38.5	1.23e-43	168
m0090	m0041	27.2	6.57e-13	66
m0090	m0064	28.7	3.05e-10	57
m0090	m0016	25.5	3.16e-07	47
m0090	m0022	25.9	0.000951	35
m0090	m0026	20.3	1.29	25
m0090	m0060	26.6	1.68	25
m0090	m0089	22.4	2.19	24
m0090	m0007	37.0	4.89	23
m0089	m0015	33.5	1.96e-46	178
m0089	m0026	22.7	0.00782	33
m0089	m0062	29.1	0.0507	30
m0089	m0014	29.9	0.328	27
m0089	m0031	25.0	1.25	25
m0089	m0011	32.4	2.78	24
m0089	m0044	26.8	2.78	24
m0089	m0001	25.0	3.63	24
m0089	m0049	27.9	6.19	23
m0088	m0076	76.9	8.87e-119	418
m0088	m0025	69.5	7.77e-115	404
m0088	m0068	65.3	1.68e-109	387
m0088	m0014	63.4	6.59e-106	375
m0088	m0006	63.9	7.29e-105	371
m0088	m0050	63.8	1.62e-104	370
m0088	m0023	64.0	2.35e-103	366
m0088	m0047	62.5	3.06e-103	366
m0088	m0039	62.3	4.14e-100	356
m0088	m0017	58.6	8.93e-95	338
m0088	m0001	49.8	3.77e-77	279
m0088	m0086	51.1	4.94e-69	252
m0088	m0011	48.8	1.1e-68	251
m0088	m0062	46.0	1.44e-68	251
m0088	m0054	48.1	1.44e-68	251
m0088	m0033	47.1	4.18e-68	249
m0088	m0069	46.1	2.29e-66	243
m0088	m0012	47.4	4.32e-65	239
m0088	m0045	47.7	7.38e-65	238
m0088	m0083	45.6	2.15e-64	237
m0088	m0002	46.9	1.82e-63	234
m0088	m0048	43.2	3.21e-60	223
m0088	m0043	46.6	2.08e-59	220
m0088	m0084	44.6	2.71e-59	220
m0088	m0073	41.4	1.35e-58	218
m0088	m0070	43.8	3.92e-58	216
m0088	m0063	43.6	4.79e-56	209
m0088	m0040	41.6	1.35e-50	191
m0088	m0066	41.7	1.49e-49	188
m0088	m0074	40.6	1.65e-48	184
m0088	m0065	40.7	2.16e-48	184
m0088	m0037	37.4	1.83e-47	181
m0088	m0031	39.5	6.94e-47	179
m0088	m0067	38.0	5.87e-46	176
m0088	m0036	40.1	5.87e-46	176
m0088	m0077	40.4	1.31e-45	174
m0088	m0079	38.0	1.71e-45	174
m0088	m0051	39.7	8.48e-45	172
m0088	m0071	39.6	9.37e-44	168
m0088	m0028	39.3	2.09e-43	167
m0088	m0005	38.0	1.6e-35	141
m0088	m0041	27.7	1.19e-14	72
m0088	m0064	29.3	7.5e-09	52
m0088	m0016	25.8	0.00615	33
m0088	m0026	24.4	0.0305	30
m0088	m0035	26.2	0.575	26
m0088	m0056	37.8	0.981	25
m0088	m0061	22.6	1.28	25
m0088	m0007	30.8	1.28	25
m0088	m0060	29.2	4.87	23
m0087	m0085	46.2	6.02e-70	255
m0087	m0046	43.5	2.14e-67	247
m0087	m0029	43.9	5.28e-66	242
m0087	m0019	42.9	1.3e-64	238
m0087	m0058	44.3	6.04e-62	229
m0087	m0009	37.2	3.21e-55	206
m0087	m0049	41.3	6.69e-53	199
m0087	m0082	37.8	1.4e-50	191
m0086	m0001	56.2	1.38e-89	320
m0086	m0083	54.5	2.28e-84	303
m0086	m0045	55.1	5.09e-84	302
m0086	m0062	55.2	1.13e-83	301
m0086	m0069	50.9	3.65e-82	296
m0086	m0012	51.9	6.22e-82	295
m0086	m0002	55.0	1.39e-81	294
m0086	m0011	51.6	4.03e-81	292
m0086	m0048	49.8	6.44e-79	285
m0086	m0073	50.7	1.43e-78	284
m0086	m0084	51.2	4.17e-78	282
m0086	m0070	52.3	5.45e-78	282
m0086	m0033	50.7	9.3e-78	281
m0086	m0054	48.9	6.66e-76	275
m0086	m0014	52.3	2.37e-73	267
m0086	m0023	50.5	6.9e-73	265
m0086	m0076	53.6	9.96e-72	261
m0086	m0068	48.6	9.96e-72	261
m0086	m0050	50.5	1.7e-71	260
m0086	m0006	49.3	2.22e-71	260
m0086	m0017	48.1	4.94e-71	259
m0086	m0047	50.3	6.45e-71	258
m0086	m0066	48.2	4.18e-70	256
m0086	m0043	50.2	7.14e-70	255
m0086	m0039	52.3	1.59e-69	254
m0086	m0063	47.6	5.11e-68	249
m0086	m0036	50.2	7.38e-67	245
m0086	m0025	47.4	2.81e-66	243
m0086	m0067	45.5	3.1e-65	240
m0086	m0065	44.9	1.18e-64	238
m0086	m0079	43.2	3.43e-64	236
m0086	m0031	46.2	1.7e-63	234
m0086	m0037	46.6	1.88e-62	230
m0086	m0077	43.1	3.55e-61	226
m0086	m0074	43.6	4.64e-61	226
m0086	m0071	43.5	6.05e-61	225
m0086	m0051	43.3	1.95e-59	220
m0086	m0040	42.4	5.67e-59	219
m0086	m0028	41.5	4.06e-57	213
m0086	m0005	35.5	2.39e-41	160
m0086	m0041	25.8	6.35e-10	56
m0086	m0064	24.1	1.42e-09	55
m0086	m0016	27.8	0.000137	38
m0086	m0026	23.3	0.185	28
m0086	m0029	25.1	0.413	27
m0086	m0060	20.2	1.2	25
m0086	m0007	25.5	1.2	25
m0086	m0081	45.5	2.68	24
m0085	m0058	41.3	1.1e-63	235
m0085	m0019	41.8	2.3e-61	227
m0085	m0009	41.1	4.34e-60	223
m0085	m0082	38.9	4.65e-54	203
m0085	m0046	36.2	1.35e-53	201
m0085	m0049	40.1	1.77e-53	201
m0085	m0029	38.7	2.82e-51	193
m0084	m0070	56.7	1.06e-92	331
m0084	m0001	50.2	4.19e-81	292
m0084	m0012	49.1	1.65e-77	280
m0084	m0011	50.4	9.04e-76	275
m0084	m0083	48.0	2.63e-75	273
m0084	m0045	48.8	3.44e-75	273
m0084	m0062	47.0	2.23e-74	270
m0084	m0002	49.6	1.44e-73	267
m0084	m0069	45.8	3.93e-71	259
m0084	m0073	45.0	4.81e-69	252
m0084	m0043	46.2	2.02e-67	247
m0084	m0054	45.5	3.44e-67	246
m0084	m0048	42.7	1.71e-66	244
m0084	m0014	46.0	3.22e-65	240
m0084	m0006	45.9	7.18e-65	238
m0084	m0063	43.6	3.02e-63	233
m0084	m0033	44.4	1.5e-62	231
m0084	m0050	44.4	1.96e-62	230
m0084	m0047	44.4	3.34e-62	230
m0084	m0017	44.4	3.69e-61	226
m0084	m0023	44.2	8.22e-61	225
m0084	m0076	47.3	3.45e-59	220
m0084	m0036	43.0	7.69e-59	218
m0084	m0031	39.9	1e-58	218
m0084	m0079	40.7	1.31e-58	218
m0084	m0068	42.1	3.82e-58	216
m0084	m0066	41.4	1.89e-57	214
m0084	m0025	42.3	2.47e-57	213
m0084	m0067	39.7	2.47e-57	213
m0084	m0040	40.6	7.2e-57	212
m0084	m0071	40.4	1.6e-56	211
m0084	m0051	40.6	2.73e-56	210
m0084	m0065	40.7	3.57e-56	210
m0084	m0074	39.9	5.16e-55	206
m0084	m0039	43.6	1.96e-54	204
m0084	m0077	39.1	2.83e-53	200
m0084	m0028	38.5	2.24e-50	190
m0084	m0037	37.1	8.52e-50	188
m0084	m0005	36.5	6.54e-42	162
m0084	m0041	26.7	4.88e-13	66
m0084	m0064	25.9	3.17e-12	64
m0084	m0060	27.8	0.0133	32
m0084	m0016	20.6	0.0174	31
m0084	m0007	27.5	0.113	28
m0083	m0045	85.5	1.07e-140	490
m0083	m0001	60.5	1.91e-97	347
m0083	m0012	55.0	3.27e-89	319
m0083	m0054	55.4	1.62e-88	317
m0083	m0011	54.6	1.79e-87	314
m0083	m0062	53.3	3.06e-87	313
m0083	m0043	55.5	2.59e-86	310
m0083	m0002	58.7	3.38e-86	309
m0083	m0063	54.7	4.13e-84	302
m0083	m0033	52.4	2.12e-80	290
m0083	m0069	48.8	1.2e-75	274
m0083	m0031	48.0	2.97e-74	270
m0083	m0070	50.0	1.13e-73	268
m0083	m0071	48.8	2.78e-72	263
m0083	m0067	46.7	4.74e-72	262
m0083	m0074	46.7	5.24e-71	259
m0083	m0036	49.1	1.52e-70	257
m0083	m0048	47.7	1.99e-70	257
m0083	m0073	44.1	7.56e-70	255
m0083	m0017	47.2	9.88e-70	255
m0083	m0066	45.6	4.9e-69	252
m0083	m0079	45.0	1.21e-67	248
m0083	m0037	43.9	1.02e-66	245
m0083	m0065	45.2	1.74e-66	244
m0083	m0014	46.2	2.78e-64	236
m0083	m0028	45.6	6.2e-64	235
m0083	m0025	43.9	5.25e-63	232
m0083	m0076	49.4	5.81e-62	229
m0083	m0040	45.3	5.81e-62	229
m0083	m0050	44.6	5.81e-62	229
m0083	m0077	43.9	7.58e-62	228
m0083	m0051	43.0	1.69e-61	227
m0083	m0023	43.3	8.38e-61	225
m0083	m0047	43.6	8.38e-61	225
m0083	m0039	47.2	2.06e-59	220
m0083	m0006	42.8	2.06e-59	220
m0083	m0068	42.5	5.09e-58	216
m0083	m0005	36.5	1.34e-42	164
m0083	m0041	28.3	2.02e-14	71
m0083	m0064	24.2	2.47e-12	64
m0083	m0016	27.5	1.5e-09	55
m0083	m0026	26.0	0.00358	33
m0083	m0056	43.8	0.00797	32
m0083	m0061	26.1	0.0178	31
m0083	m0075	25.3	0.975	25
m0083	m0060	18.2	2.84	24
m0083	m0046	34.8	4.84	23
m0083	m0005	22.1	6.32	23
m0082	m0046	41.7	1.57e-56	211
m0082	m0029	37.3	1.16e-51	195
m0082	m0019	38.7	1.33e-47	181
m0082	m0049	38.6	4.74e-45	173
m0082	m0009	33.3	6.84e-44	169
m0082	m0058	34.0	5.79e-43	166
m0082	m0030	29.8	6.06	23
m0080	m0055	30.1	2.11e-16	77
m0080	m0024	30.1	6.35e-13	65
m0080	m0052	29.9	9.17e-12	62
m0080	m0003	29.7	4.41e-06	43
m0080	m0072	21.9	4.87e-05	39
m0079	m0036	60.6	3.93e-111	392
m0079	m0028	57.8	1.07e-100	357
m0079	m0067	55.4	6.5e-98	348
m0079	m0037	55.2	3.34e-94	336
m0079	m0065	52.8	4.22e-89	319
m0079	m0077	49.5	6.33e-77	278
m0079	m0031	47.9	1.23e-72	264
m0079	m0074	44.8	3.72e-69	253
m0079	m0045	44.9	1.08e-68	251
m0079	m0043	46.2	5.02e-66	242
m0079	m0001	43.6	4.25e-65	239
m0079	m0063	44.0	1.05e-63	235
m0079	m0011	43.6	1.37e-63	234
m0079	m0002	43.9	1.98e-62	230
m0079	m0062	42.2	2.58e-62	230
m0079	m0012	43.4	5.75e-62	229
m0079	m0033	39.6	8.59e-58	215
m0079	m0048	42.5	3.26e-57	213
m0079	m0054	37.5	1.62e-56	211
m0079	m0069	38.1	3.05e-55	206
m0079	m0071	44.6	5.21e-55	206
m0079	m0073	40.7	1.98e-54	204
m0079	m0070	39.0	4.41e-54	203
m0079	m0066	40.4	7.04e-52	195
m0079	m0051	37.8	3.27e-49	186
m0079	m0040	38.8	3.27e-49	186
m0079	m0017	39.3	7.29e-49	185
m0079	m0005	34.9	5.22e-47	179
m0079	m0047	38.7	5.22e-47	179
m0079	m0025	38.7	1.52e-46	178
m0079	m0006	39.3	1.52e-46	178
m0079	m0023	39.9	4.42e-46	176
m0079	m0068	38.4	4.42e-46	176
m0079	m0014	37.1	9.85e-46	175
m0079	m0039	39.1	9.85e-46	175
m0079	m0050	37.6	6.38e-45	172
m0079	m0076	40.5	2.05e-43	167
m0079	m0041	26.5	1.81e-15	74
m0079	m0064	32.4	8.71e-10	55
m0079	m0016	26.9	0.00011	39
m0079	m0053	22.7	0.149	28
m0078	m0057	47.7	7.27e-108	382
m0078	m0072	42.9	5.03	23
m0077	m0028	51.1	3.6e-74	269
m0077	m0031	47.3	9.82e-72	261
m0077	m0036	53.6	2.19e-71	260
m0077	m0074	49.6	2.19e-71	260
m0077	m0067	50.2	2.26e-68	250
m0077	m0045	47.9	4.27e-67	246
m0077	m0065	48.8	1.24e-66	244
m0077	m0011	47.4	8.05e-66	242
m0077	m0012	48.8	5.22e-65	239
m0077	m0054	44.7	8.9e-65	238
m0077	m0001	45.1	1.16e-64	238
m0077	m0033	45.7	7.53e-64	235
m0077	m0037	46.2	1.29e-63	234
m0077	m0062	44.7	4.13e-62	229
m0077	m0048	44.9	7.05e-62	228
m0077	m0002	44.2	1.2e-61	228
m0077	m0043	43.0	2.77e-58	216
m0077	m0051	41.8	1.05e-57	215
m0077	m0040	43.6	1.38e-57	214
m0077	m0063	43.0	4e-57	213
m0077	m0073	42.9	3.39e-56	210
m0077	m0071	40.0	4.43e-56	209
m0077	m0069	43.2	9.86e-56	208
m0077	m0066	41.2	1.21e-53	201
m0077	m0070	42.9	2.27e-52	197
m0077	m0005	41.4	6.85e-49	185
m0077	m0017	41.5	7.57e-48	182
m0077	m0014	39.6	8.37e-47	178
m0077	m0050	39.5	4.15e-46	176
m0077	m0006	39.5	4.15e-46	176
m0077	m0039	38.3	9.25e-46	175
m0077	m0068	40.3	1.21e-45	174
m0077	m0047	38.6	2.69e-45	173
m0077	m0025	37.4	1.02e-44	171
m0077	m0023	39.5	6.63e-44	169
m0077	m0076	40.3	4.75e-42	163
m0077	m0041	24.7	3.67e-10	57
m0077	m0064	23.7	5.86e-08	49
m0077	m0016	27.9	3.56e-05	40
m0077	m0056	35.3	0.0628	29
m0076	m0025	68.5	9.27e-104	367
m0076	m0068	67.4	1.58e-103	367
m0076	m0039	68.9	4.6e-103	365
m0076	m0014	67.6	8.68e-102	361
m0076	m0006	67.7	1.25e-100	357
m0076	m0050	68.1	4.76e-100	355
m0076	m0023	68.4	1.39e-99	354
m0076	m0047	66.9	8.98e-99	351
m0076	m0017	63.0	7.62e-90	321
m0076	m0001	53.4	2.46e-72	263
m0076	m0002	49.4	1.71e-65	240
m0076	m0062	47.7	3.81e-65	239
m0076	m0033	50.0	1.89e-64	237
m0076	m0069	49.4	5.5e-64	235
m0076	m0045	50.6	4.66e-63	232
m0076	m0011	49.6	4.66e-63	232
m0076	m0070	47.5	2.31e-62	230
m0076	m0012	48.9	3.02e-62	230
m0076	m0054	46.7	3.12e-59	220
m0076	m0048	45.0	1e-57	215
m0076	m0073	44.4	8.5e-57	211
m0076	m0043	48.6	7.2e-56	208
m0076	m0063	44.9	1.27e-52	198
m0076	m0066	44.0	4.09e-51	193
m0076	m0065	43.0	2.93e-49	186
m0076	m0031	43.6	3.24e-48	183
m0076	m0074	41.7	9.42e-48	181
m0076	m0036	42.5	3.96e-46	176
m0076	m0040	40.8	3.35e-45	173
m0076	m0037	40.7	3.35e-45	173
m0076	m0067	40.3	2.03e-42	164
m0076	m0051	40.0	1.32e-41	161
m0076	m0071	38.2	9.45e-40	155
m0076	m0028	38.5	1.36e-38	151
m0076	m0005	35.5	2.94e-33	133
m0076	m0041	29.7	1.37e-14	71
m0076	m0064	29.8	1.13e-08	52
m0076	m0016	25.3	0.00109	35
m0076	m0026	22.8	0.00923	32
m0076	m0060	23.8	0.507	26
m0076	m0007	22.3	0.662	26
m0076	m0056	32.6	9.56	22
m0075	m0034	50.5	5.54e-116	409
m0075	m0004	47.8	4.7e-107	379
m0075	m0042	44.9	7.04e-95	339
m0075	m0050	35.3	0.00633	33
m0075	m0062	51.4	0.453	27
m0074	m0031	68.6	6.73e-116	408
m0074	m0036	51.9	4.41e-75	272
m0074	m0067	47.0	9.83e-75	271
m0074	m0065	50.0	2.86e-74	270
m0074	m0001	47.7	7.04e-73	265
m0074	m0037	45.3	1.57e-72	264
m0074	m0028	45.9	1.33e-71	261
m0074	m0045	47.6	1.92e-70	257
m0074	m0071	46.2	1.24e-69	254
m0074	m0062	46.5	6.17e-69	252
m0074	m0040	49.6	2.87e-66	243
m0074	m0043	47.6	4.89e-66	242
m0074	m0054	43.7	3.5e-64	236
m0074	m0002	45.1	1.33e-63	234
m0074	m0051	46.9	1.74e-63	234
m0074	m0011	45.3	2.27e-63	233
m0074	m0012	43.9	1.63e-61	227
m0074	m0063	44.9	4.01e-60	223
m0074	m0033	43.8	8.36e-58	215
m0074	m0073	45.3	8.36e-58	215
m0074	m0069	41.0	3.51e-56	210
m0074	m0048	41.9	5.99e-56	209
m0074	m0017	43.2	1.33e-55	208
m0074	m0070	41.0	2.97e-55	206
m0074	m0006	44.0	2.13e-53	200
m0074	m0005	42.4	2.78e-53	200
m0074	m0050	43.9	1.8e-52	197
m0074	m0014	42.4	3.08e-52	196
m0074	m0066	42.4	8.95e-52	195
m0074	m0047	44.6	2.6e-51	193
m0074	m0023	41.9	4.16e-49	186
m0074	m0039	40.6	7.84e-48	182
m0074	m0025	37.0	2.79e-45	173
m0074	m0068	38.0	3.64e-45	173
m0074	m0041	25.6	1.95e-14	71
m0074	m0064	23.4	1.71e-10	58
m0074	m0016	28.2	7.93e-08	49
m0074	m0026	23.1	0.0224	31
m0074	m0019	23.5	0.065	29
m0074	m0007	26.7	1.23	25
m0073	m0069	52.6	4.07e-82	296
m0073	m0048	51.5	7.68e-81	292
m0073	m0001	50.5	3.81e-80	289
m0073	m0002	52.2	3.69e-75	273
m0073	m0011	51.9	2.39e-74	270
m0073	m0012	46.2	5.33e-74	269
m0073	m0033	46.7	1.61e-70	257
m0073	m0062	46.8	2.1e-70	257
m0073	m0070	46.7	6.1e-70	255
m0073	m0045	45.0	3.03e-69	253
m0073	m0054	47.0	2.56e-68	250
m0073	m0014	45.9	1.27e-67	248
m0073	m0066	47.7	2.17e-67	247
m0073	m0050	44.7	5.91e-65	239
m0073	m0006	45.6	1.01e-64	238
m0073	m0043	45.8	1.32e-64	238
m0073	m0047	44.2	4.23e-63	233
m0073	m0063	43.4	1.78e-61	227
m0073	m0023	43.6	2.32e-61	227
m0073	m0039	46.6	3.36e-60	223
m0073	m0068	44.5	4.38e-60	223
m0073	m0031	44.9	9.76e-60	221
m0073	m0017	41.1	7e-58	215
m0073	m0065	40.8	9.14e-58	215
m0073	m0025	39.6	2.49e-55	207
m0073	m0071	44.6	2.75e-54	203
m0073	m0067	41.8	8.01e-54	202
m0073	m0036	42.5	1.37e-53	201
m0073	m0037	38.6	5.19e-53	199
m0073	m0040	42.7	5.74e-52	196
m0073	m0051	39.2	1.85e-50	191
m0073	m0028	37.9	2.76e-46	177
m0073	m0005	36.9	1.62e-38	151
m0073	m0041	27.3	1.69e-11	61
m0073	m0064	27.5	3.52e-09	54
m0073	m0026	25.1	3.08e-05	40
m0073	m0016	26.3	0.0711	29
m0073	m0056	39.6	0.158	28
m0073	m0007	32.7	3.9	23
m0073	m0016	27.3	3.9	23
m0072	m0003	53.8	2.25e-66	243
m0072	m0052	53.5	4.24e-65	239
m0072	m0024	47.8	7.77e-51	191
m0072	m0055	27.4	2.89e-13	67
m0072	m0041	25.9	0.114	28
m0072	m0033	24.7	2.8	23
m0071	m0045	50.0	2.07e-69	253
m0071	m0031	46.2	4.61e-69	252
m0071	m0001	46.6	1.75e-68	250
m0071	m0063	47.9	2.99e-68	250
m0071	m0043	45.3	5.27e-65	239
m0071	m0051	44.8	2.89e-63	233
m0071	m0040	42.8	1.22e-61	228
m0071	m0054	44.1	3.91e-60	223
m0071	m0012	45.4	6.67e-60	222
m0071	m0002	45.1	8.71e-60	221
m0071	m0062	44.4	2.53e-59	220
m0071	m0011	43.9	1.39e-57	214
m0071	m0048	42.8	1.54e-56	211
m0071	m0067	41.9	1.7e-55	207
m0071	m0037	43.3	3.21e-54	203
m0071	m0036	43.7	1.22e-53	201
m0071	m0065	41.0	2.3e-52	197
m0071	m0069	41.7	3.92e-52	196
m0071	m0070	39.2	2.81e-50	190
m0071	m0033	38.7	8.17e-50	188
m0071	m0028	39.3	7.65e-48	182
m0071	m0050	39.1	7.16e-46	175
m0071	m0006	38.1	2.72e-45	173
m0071	m0017	39.2	1.03e-44	171
m0071	m0014	38.1	1.03e-44	171
m0071	m0005	36.1	1.35e-44	171
m0071	m0047	38.1	1.76e-44	171
m0071	m0023	38.2	8.75e-44	168
m0071	m0066	36.8	1.49e-43	168
m0071	m0068	35.9	2.16e-42	164
m0071	m0039	36.6	6.94e-41	159
m0071	m0025	37.0	2.02e-40	157
m0071	m0041	27.8	2.57e-11	60
m0071	m0064	24.2	5.73e-11	59
m0071	m0026	25.5	0.0372	30
m0071	m0046	45.2	0.916	25
m0071	m0021	38.5	4.55	23
m0070	m0069	47.3	5.07e-76	275
m0070	m0002	51.9	2.78e-74	270
m0070	m0001	49.1	6.19e-74	268
m0070	m0045	49.3	6.19e-74	268
m0070	m0011	49.6	6.85e-73	265
m0070	m0062	48.4	3.76e-71	259
m0070	m0012	47.6	1.86e-70	257
m0070	m0048	49.1	7.09e-70	255
m0070	m0033	51.4	8.66e-68	248
m0070	m0014	47.5	2.13e-66	243
m0070	m0043	47.0	6.21e-66	242
m0070	m0054	45.8	1.17e-64	238
m0070	m0023	46.5	4.45e-64	236
m0070	m0017	45.1	9.91e-64	235
m0070	m0047	45.4	1.29e-63	234
m0070	m0066	46.6	1.29e-63	234
m0070	m0006	46.1	6.42e-63	232
m0070	m0050	45.4	6.42e-63	232
m0070	m0063	45.5	1.1e-62	231
m0070	m0068	43.7	5.44e-62	229
m0070	m0039	47.0	4.31e-59	219
m0070	m0025	41.1	5.27e-57	212
m0070	m0031	40.1	2.61e-56	210
m0070	m0065	42.2	3.77e-55	206
m0070	m0036	41.3	1.48e-51	194
m0070	m0067	40.1	9.62e-51	191
m0070	m0040	40.2	2.14e-50	190
m0070	m0037	38.1	6.89e-49	185
m0070	m0051	35.6	7.89e-45	172
m0070	m0028	34.7	1.49e-43	168
m0070	m0005	37.6	2.15e-42	164
m0070	m0064	28.8	3.03e-12	64
m0070	m0041	27.0	2.83e-10	57
m0070	m0016	24.5	0.0127	32
m0070	m0056	29.3	0.0284	30
m0070	m0016	24.6	0.0826	29
m0070	m0007	30.0	0.141	28
m0070	m0026	23.3	0.314	27
m0070	m0060	21.7	0.699	26
m0070	m0045	28.9	1.19	25
m0070	m0027	32.1	2.66	24
m0069	m0001	58.0	5.92e-94	335
m0069	m0048	54.2	9.79e-89	318
m0069	m0002	57.1	3.85e-85	306
m0069	m0054	52.9	2.11e-83	300
m0069	m0011	51.6	1.2e-78	284
m0069	m0062	47.7	1.02e-77	281
m0069	m0045	49.0	1.91e-76	277
m0069	m0012	48.4	3.27e-76	276
m0069	m0066	49.2	2.76e-75	273
m0069	m0017	48.7	3.38e-73	266
m0069	m0033	49.0	7.05e-71	258
m0069	m0006	47.0	3.27e-68	250
m0069	m0068	47.2	1.62e-67	247
m0069	m0014	47.4	3.62e-67	246
m0069	m0039	45.7	1.38e-66	244
m0069	m0050	45.3	3.06e-66	243
m0069	m0047	46.3	5.78e-65	239
m0069	m0025	44.6	2.2e-64	237
m0069	m0023	45.9	1.42e-63	234
m0069	m0043	45.8	1.2e-62	231
m0069	m0063	45.2	1.57e-62	231
m0069	m0067	42.2	2.68e-62	230
m0069	m0065	41.3	7.31e-60	222
m0069	m0036	41.4	9.55e-60	221
m0069	m0037	40.0	9.55e-60	221
m0069	m0031	43.4	1.69e-56	211
m0069	m0051	41.1	1.02e-53	201
m0069	m0040	42.9	6.63e-53	199
m0069	m0028	36.6	2.61e-49	187
m0069	m0005	30.5	1.14e-36	145
m0069	m0041	27.6	1.26e-11	62
m0069	m0064	24.9	2.23e-08	51
m0069	m0016	22.9	0.000115	39
m0069	m0019	23.6	0.000255	37
m0069	m0029	27.5	0.0239	31
m0069	m0056	25.5	0.264	27
m0069	m0060	25.8	0.451	27
m0069	m0007	32.7	1	25
m0069	m0047	27.8	2.92	24
m0068	m0039	53.1	3.77e-115	406
m0068	m0006	52.4	2.37e-109	387
m0068	m0050	50.2	3.78e-107	379
m0068	m0014	49.8	2.45e-106	377
m0068	m0023	51.5	1.21e-105	374
m0068	m0047	49.0	1.75e-104	371
m0068	m0025	47.0	1.03e-96	345
m0068	m0017	55.7	6.93e-85	305
m0068	m0001	47.4	1.07e-69	255
m0068	m0033	47.7	7.7e-68	249
m0068	m0011	46.4	1.04e-64	238
m0068	m0002	47.5	2.32e-64	237
m0068	m0012	48.4	3.03e-64	237
m0068	m0062	45.1	6.74e-64	236
m0068	m0048	44.5	1.66e-62	231
m0068	m0045	43.2	3.7e-62	230
m0068	m0054	44.2	8.24e-62	229
m0068	m0043	45.7	3.03e-56	210
m0068	m0063	42.5	4.84e-54	203
m0068	m0065	40.4	1.61e-49	188
m0068	m0031	40.1	2.75e-49	187
m0068	m0037	38.0	5.19e-48	183
m0068	m0067	38.1	8.85e-48	182
m0068	m0066	39.9	8.85e-48	182
m0068	m0036	38.4	6.34e-46	176
m0068	m0040	37.8	4.54e-44	170
m0068	m0051	36.6	2.76e-41	161
m0068	m0028	36.3	3.98e-40	157
m0068	m0005	33.7	2.12e-33	134
m0068	m0041	27.2	5.79e-15	73
m0068	m0064	27.7	2.6e-07	48
m0068	m0060	20.0	0.00134	35
m0068	m0061	25.4	0.0562	30
m0068	m0026	25.3	0.0562	30
m0068	m0013	25.2	0.164	28
m0068	m0038	29.4	0.476	27
m0068	m0016	23.9	0.812	26
m0068	m0007	33.3	1.06	26
m0068	m0018	24.3	1.38	25
m0068	m0026	24.3	6.87	23
m0067	m0065	72.1	3.59e-128	449
m0067	m0037	71.6	6.78e-127	445
m0067	m0036	56.1	1.42e-100	357
m0067	m0028	52.9	5.61e-89	319
m0067	m0031	49.8	8.4e-77	278
m0067	m0001	47.7	2.99e-74	270
m0067	m0045	47.8	1.94e-73	267
m0067	m0002	50.8	1.26e-72	264
m0067	m0012	45.5	1.39e-71	261
m0067	m0062	45.1	4.04e-71	259
m0067	m0043	47.6	2.45e-68	250
m0067	m0063	46.5	4.18e-68	249
m0067	m0011	44.4	2.07e-67	247
m0067	m0054	42.3	9.02e-63	231
m0067	m0048	42.5	2.22e-61	227
m0067	m0033	42.8	1.44e-60	224
m0067	m0066	43.2	5.12e-58	216
m0067	m0051	45.2	2.01e-54	204
m0067	m0040	39.1	4.64e-51	193
m0067	m0017	39.7	2.3e-50	190
m0067	m0014	39.2	1.95e-49	187
m0067	m0006	38.3	7.41e-49	185
m0067	m0050	37.7	2.16e-48	184
m0067	m0005	38.4	2.82e-48	183
m0067	m0023	37.6	2.38e-47	180
m0067	m0047	36.9	7.67e-46	175
m0067	m0039	37.4	3.22e-44	170
m0067	m0025	37.8	6.72e-42	162
m0067	m0041	24.3	4.7e-11	60
m0067	m0016	26.8	4.11e-07	47
m0067	m0064	20.9	9.16e-07	45
m0067	m0016	22.0	2.04e-06	44
m0067	m0035	28.6	8.31	22
m0066	m0001	46.6	4.56e-69	252
m0066	m0045	46.9	1.73e-68	250
m0066	m0012	44.9	1.12e-67	248
m0066	m0048	46.0	8.05e-66	242
m0066	m0002	46.9	9.84e-64	235
m0066	m0011	44.4	1.29e-63	234
m0066	m0033	45.1	1.42e-62	231
m0066	m0062	44.0	6.6e-60	222
m0066	m0065	44.6	6.18e-58	215
m0066	m0054	42.4	6.18e-58	215
m0066	m0014	44.2	6.83e-57	212
m0066	m0063	44.2	1.17e-56	211
m0066	m0036	44.6	1.68e-55	207
m0066	m0031	41.8	8.35e-55	205
m0066	m0047	41.7	1.09e-54	205
m0066	m0043	44.1	1.09e-54	205
m0066	m0050	42.2	5.41e-54	202
m0066	m0017	39.6	5.41e-54	202
m0066	m0006	41.6	1.21e-53	201
m0066	m0023	40.8	1.21e-53	201
m0066	m0025	38.6	1.25e-50	191
m0066	m0037	42.0	1.25e-50	191
m0066	m0039	40.7	3.07e-49	186
m0066	m0028	37.6	1.34e-44	171
m0066	m0040	37.9	9.57e-43	165
m0066	m0051	38.2	3.64e-42	163
m0066	m0005	38.0	3.77e-39	153
m0066	m0041	27.4	6.69e-12	62
m0066	m0064	26.5	6.26e-10	56
m0066	m0016	26.6	0.000103	39
m0066	m0056	34.4	0.00255	34
m0066	m0026	24.4	0.107	28
m0066	m0007	28.2	0.907	25
m0066	m0060	22.0	5.88	23
m0065	m0037	69.6	2.29e-122	429
m0065	m0036	56.2	5.14e-98	349
m0065	m0028	49.5	3.24e-84	303
m0065	m0031	48.1	4.24e-76	276
m0065	m0001	48.8	9.77e-73	265
m0065	m0062	44.2	5.93e-70	255
m0065	m0045	47.1	7.74e-70	255
m0065	m0002	47.1	3.04e-66	243
m0065	m0011	42.9	3.98e-66	243
m0065	m0012	42.0	4.86e-64	236
m0065	m0043	45.1	2.41e-63	233
m0065	m0048	42.3	2.67e-62	230
m0065	m0063	43.1	4.26e-60	223
m0065	m0054	41.7	1.62e-59	221
m0065	m0033	38.7	5.95e-54	202
m0065	m0051	40.2	9.51e-52	195
m0065	m0040	42.3	3.06e-50	190
m0065	m0014	39.5	5.77e-49	186
m0065	m0017	38.5	3.74e-48	183
m0065	m0005	39.0	1.86e-47	181
m0065	m0050	38.6	4.13e-47	179
m0065	m0006	39.8	5.4e-47	179
m0065	m0047	38.0	2.05e-46	177
m0065	m0023	37.6	2.68e-46	177
m0065	m0039	40.0	4.57e-46	176
m0065	m0025	37.7	8.07e-43	165
m0065	m0041	25.1	2.07e-14	71
m0065	m0064	24.8	4.94e-08	50
m0065	m0016	28.1	3.2e-07	47
m0065	m0016	21.6	5.11e-05	40
m0065	m0026	24.3	0.0237	31
m0064	m0041	42.9	4.24e-43	166
m0064	m0001	29.1	7.05e-14	69
m0064	m0012	29.4	1.2e-13	68
m0064	m0062	27.3	3.5e-13	67
m0064	m0002	29.7	1.74e-12	64
m0064	m0011	27.0	1.74e-12	64
m0064	m0045	26.6	2.27e-12	64
m0064	m0023	32.6	3.87e-12	63
m0064	m0040	25.5	8.62e-12	62
m0064	m0043	25.6	8.62e-12	62
m0064	m0039	30.5	3.27e-11	60
m0064	m0025	27.8	1.24e-10	58
m0064	m0047	34.2	1.24e-10	58
m0064	m0054	28.3	1.62e-10	58
m0064	m0037	24.8	2.12e-10	57
m0064	m0014	30.6	2.77e-10	57
m0064	m0050	28.6	3.62e-10	57
m0064	m0063	26.0	1.05e-09	55
m0064	m0006	31.5	1.05e-09	55
m0064	m0051	25.3	1.05e-09	55
m0064	m0017	29.6	5.23e-09	53
m0064	m0033	23.9	8.92e-09	52
m0064	m0031	26.1	1.68e-07	48
m0064	m0048	22.8	2.2e-07	47
m0064	m0028	24.7	2.2e-07	47
m0064	m0036	26.5	1.09e-06	45
m0064	m0005	25.1	7.81e-05	39
m0063	m0043	85.0	2.4e-145	506
m0063	m0045	58.2	6.65e-87	312
m0063	m0001	54.3	8.99e-84	301
m0063	m0062	54.4	1.03e-79	288
m0063	m0054	53.1	3.31e-78	283
m0063	m0011	55.4	9.63e-78	281
m0063	m0012	52.1	4.78e-77	279
m0063	m0002	55.7	2.01e-75	273
m0063	m0051	52.7	9.96e-75	271
m0063	m0031	52.2	3.79e-74	269
m0063	m0040	48.5	3.92e-71	259
m0063	m0033	48.4	2.38e-68	250
m0063	m0048	46.6	3.93e-63	233
m0063	m0036	43.7	1.49e-62	231
m0063	m0037	42.5	1.82e-60	224
m0063	m0023	44.7	1.71e-58	217
m0063	m0047	45.2	1.71e-58	217
m0063	m0050	45.8	4.97e-58	216
m0063	m0017	44.1	6.49e-58	215
m0063	m0014	44.7	1.11e-57	215
m0063	m0025	42.8	1.89e-57	214
m0063	m0006	44.1	7.17e-57	212
m0063	m0039	43.9	5.14e-55	206
m0063	m0028	40.3	1.55e-51	194
m0063	m0005	37.5	1.45e-41	161
m0063	m0041	25.4	5.38e-12	63
m0063	m0016	30.8	9.83e-06	42
m0063	m0060	21.1	0.0296	30
m0063	m0022	23.2	0.192	28
m0063	m0053	32.1	1.24	25
m0063	m0026	26.2	2.12	24
m0062	m0011	70.2	3.08e-106	376
m0062	m0001	62.4	1.69e-104	370
m0062	m0054	59.4	2.99e-93	333
m0062	m0012	59.4	7.36e-92	328
m0062	m0002	62.0	1.26e-91	327
m0062	m0045	56.8	1.7e-88	317
m0062	m0048	51.1	1.59e-78	284
m0062	m0043	56.8	2.71e-78	283
m0062	m0017	47.5	2.15e-75	273
m0062	m0033	49.0	4.79e-75	272
m0062	m0031	50.0	3.33e-68	250
m0062	m0050	44.4	1.26e-67	248
m0062	m0014	44.2	2.16e-67	247
m0062	m0047	42.0	1.07e-66	245
m0062	m0023	45.8	1.4e-66	244
m0062	m0040	44.1	1.18e-65	241
m0062	m0037	43.9	7.67e-65	238
m0062	m0039	46.0	1e-64	238
m0062	m0036	47.3	1.31e-64	238
m0062	m0025	44.3	2.91e-64	236
m0062	m0051	45.3	3.81e-64	236
m0062	m0006	41.5	6.49e-64	235
m0062	m0028	40.3	1.71e-56	211
m0062	m0005	37.5	5.35e-42	163
m0062	m0041	24.6	1.16e-12	65
m0062	m0016	29.3	5.59e-07	46
m0062	m0061	27.3	0.0109	32
m0062	m0034	32.9	0.121	28
m0062	m0026	24.4	0.269	27
m0062	m0056	29.2	1.02	25
m0061	m0035	27.6	3.28e-08	50
m0061	m0056	21.0	0.000375	37
m0061	m0053	25.3	0.00064	36
m0061	m0028	28.3	0.0269	30
m0061	m0039	24.0	0.0599	29
m0061	m0045	27.8	0.0599	29
m0061	m0007	17.8	0.0782	29
m0061	m0037	24.7	0.227	27
m0061	m0060	20.8	0.297	27
m0061	m0025	25.4	0.662	26
m0061	m0016	25.7	2.51	24
m0061	m0014	31.8	2.51	24
m0061	m0047	27.4	3.28	23
m0061	m0050	27.3	5.6	23
m0061	m0006	26.5	7.32	22
m0061	m0023	29.5	7.32	22
m0060	m0007	62.4	3.69e-68	249
m0060	m0013	25.3	6.19e-07	45
m0060	m0051	26.3	7.57e-05	39
m0060	m0011	21.2	0.00143	34
m0060	m0002	21.9	0.00186	34
m0060	m0017	21.5	0.00318	33
m0060	m0054	20.5	0.00708	32
m0060	m0006	21.4	0.00708	32
m0060	m0001	23.5	0.0206	30
m0060	m0020	25.5	0.0351	30
m0060	m0040	24.6	0.06	29
m0060	m0025	25.8	0.866	25
m0060	m0039	20.8	1.93	24
m0060	m0045	18.4	2.52	23
m0060	m0043	26.5	3.29	23
m0059	m0027	27.6	1.57e-48	185
m0059	m0018	27.5	2.28e-39	154
m0059	m0008	31.2	1.48e-38	152
m0058	m0029	41.9	1.68e-59	221
m0058	m0046	38.9	2.68e-57	213
m0058	m0009	38.3	2.13e-54	204
m0058	m0019	37.3	3.51e-49	186
m0058	m0049	40.3	8.1e-46	175
m0056	m0053	27.3	4.4e-20	89
m0056	m0035	27.1	0.000754	35
m0056	m0012	39.6	0.0242	30
m0056	m0047	37.2	0.0242	30
m0056	m0045	39.6	0.0921	28
m0056	m0002	39.6	0.12	28
m0056	m0036	25.7	0.157	28
m0056	m0006	27.0	0.205	27
m0056	m0017	35.4	0.268	27
m0056	m0014	27.0	0.35	27
m0056	m0050	34.9	0.35	27
m0056	m0031	32.1	0.35	27
m0056	m0040	34.0	1.02	25
m0056	m0023	25.4	1.74	24
m0056	m0039	36.4	3.87	23
m0055	m0024	29.0	2.25e-15	74
m0055	m0052	29.1	1.78e-12	64
m0055	m0003	26.0	6.33e-10	55
m0055	m0051	23.0	0.0486	29
m0055	m0028	32.8	0.315	27
m0054	m0001	67.3	3.1e-105	372
m0054	m0011	61.1	3.01e-92	329
m0054	m0045	57.7	2.38e-89	320
m0054	m0012	55.6	3.81e-87	312
m0054	m0002	58.8	7.18e-86	308
m0054	m0033	52.5	5.51e-78	282
m0054	m0043	51.4	1.36e-76	277
m0054	m0048	46.9	4.52e-72	262
m0054	m0051	48.1	9.42e-70	255
m0054	m0040	49.1	3.96e-68	249
m0054	m0017	47.9	2.17e-66	243
m0054	m0047	44.6	6.54e-63	232
m0054	m0014	45.7	6.54e-63	232
m0054	m0006	44.6	1.9e-62	230
m0054	m0031	43.0	9.44e-62	228
m0054	m0050	43.2	1.61e-61	227
m0054	m0023	44.8	3.59e-61	226
m0054	m0036	43.5	1.36e-60	224
m0054	m0037	41.0	8.27e-58	215
m0054	m0039	44.4	9.14e-57	211
m0054	m0025	40.4	2.04e-56	210
m0054	m0028	40.1	1.72e-55	207
m0054	m0005	39.4	1.28e-42	164
m0054	m0041	29.9	2.69e-16	77
m0054	m0016	23.9	9.6e-06	42
m0054	m0007	27.1	0.929	25
m0054	m0049	25.3	1.21	25
m0054	m0026	22.8	2.7	24
m0053	m0043	23.1	0.0429	30
m0053	m0028	27.9	0.163	28
m0053	m0031	35.7	1.06	25
m0053	m0043	28.6	2.35	24
m0053	m0036	34.3	2.35	24
m0053	m0026	43.5	8.95	22
m0052	m0003	56.1	5.63e-73	265
m0052	m0024	42.1	1.4e-47	181
m0052	m0041	25.3	0.116	28
m0051	m0040	75.9	1.1e-126	444
m0051	m0043	50.7	8.58e-71	258
m0051	m0001	49.7	1.24e-69	254
m0051	m0011	46.0	1.57e-64	237
m0051	m0045	44.4	5.04e-63	232
m0051	m0012	46.4	5.57e-62	229
m0051	m0033	43.6	6.38e-58	215
m0051	m0031	45.2	1.86e-57	214
m0051	m0002	45.1	2.42e-57	213
m0051	m0028	42.8	4e-52	196
m0051	m0037	41.2	4.43e-51	193
m0051	m0048	41.3	1.42e-49	188
m0051	m0036	39.2	1.21e-48	184
m0051	m0017	38.6	4.58e-48	183
m0051	m0014	40.0	2.78e-45	173
m0051	m0039	40.9	2.78e-45	173
m0051	m0005	36.0	2.78e-45	173
m0051	m0050	38.7	6.19e-45	172
m0051	m0006	40.0	1.06e-44	171
m0051	m0025	36.1	5.24e-44	169
m0051	m0047	38.3	1.17e-43	168
m0051	m0023	37.4	3.52e-40	156
m0051	m0041	30.2	8.14e-21	92
m0051	m0016	25.5	1.14e-06	45
m0051	m0047	26.2	0.144	28
m0051	m0007	36.0	4.64	23
m0050	m0047	85.1	4.6e-239	818
m0050	m0006	83.7	1.25e-236	810
m0050	m0014	82.2	4.46e-234	801
m0050	m0023	80.7	8.14e-228	780
m0050	m0039	65.5	4.7e-167	579
m0050	m0025	50.2	6.43e-124	435
m0050	m0017	58.6	6.93e-94	335
m0050	m0001	48.4	5.71e-72	263
m0050	m0048	46.8	5e-68	250
m0050	m0033	47.6	8.53e-68	249
m0050	m0011	46.0	1.97e-64	238
m0050	m0002	46.5	4.38e-64	236
m0050	m0012	46.0	2.4e-62	231
m0050	m0045	46.6	3.14e-62	230
m0050	m0043	46.9	5.92e-61	226
m0050	m0031	43.1	7.75e-53	199
m0050	m0040	39.5	2.18e-47	181
m0050	m0036	37.3	1.2e-45	175
m0050	m0037	36.5	1.01e-44	172
m0050	m0028	37.9	5.04e-44	170
m0050	m0005	35.8	1.02e-36	146
m0050	m0041	28.5	8.38e-15	73
m0050	m0016	24.1	0.00194	35
m0050	m0004	31.3	0.106	29
m0050	m0026	24.8	0.309	28
m0049	m0019	38.2	2.27e-47	180
m0049	m0046	39.1	5.05e-47	179
m0049	m0029	36.9	4.42e-43	166
m0049	m0009	33.7	3.07e-36	143
m0049	m0032	40.0	4.63	23
m0048	m0001	54.4	4.67e-85	305
m0048	m0012	54.7	6.31e-82	295
m0048	m0002	53.1	4.23e-78	282
m0048	m0011	51.4	1.36e-76	277
m0048	m0033	49.5	4.84e-74	269
m0048	m0045	47.5	3.04e-68	250
m0048	m0014	46.8	1.16e-67	248
m0048	m0017	47.1	3.36e-67	246
m0048	m0043	48.0	1.67e-66	244
m0048	m0006	46.5	6.34e-66	242
m0048	m0047	45.3	5.37e-65	239
m0048	m0039	48.0	3.48e-64	236
m0048	m0023	45.2	1.32e-63	234
m0048	m0031	44.9	1.24e-61	228
m0048	m0036	40.1	1.42e-57	214
m0048	m0037	40.2	7.03e-57	212
m0048	m0025	37.7	3.99e-52	196
m0048	m0040	41.2	5.76e-51	192
m0048	m0028	38.5	7.04e-49	185
m0048	m0005	36.0	1.05e-36	145
m0048	m0041	24.5	3.42e-11	60
m0048	m0016	22.4	0.00262	34
m0048	m0026	24.6	0.00996	32
m0047	m0006	84.7	1e-238	817
m0047	m0014	82.9	7.44e-234	800
m0047	m0023	80.1	2.4e-224	769
m0047	m0039	65.3	1.48e-165	574
m0047	m0025	51.3	9.38e-128	448
m0047	m0017	58.1	1.01e-89	322
m0047	m0001	49.3	1.8e-70	258
m0047	m0002	47.3	1.74e-65	241
m0047	m0011	48.0	1.74e-65	241
m0047	m0033	47.2	3.88e-65	240
m0047	m0012	47.1	2.51e-64	237
m0047	m0045	46.0	1.17e-61	228
m0047	m0043	47.2	1.99e-61	228
m0047	m0031	41.7	1.29e-52	198
m0047	m0040	40.6	1.93e-48	184
m0047	m0036	38.9	1.17e-45	175
m0047	m0037	39.0	1.69e-44	171
m0047	m0028	39.8	2.45e-43	168
m0047	m0005	36.1	1.18e-37	149
m0047	m0041	26.3	2.92e-12	64
m0047	m0016	24.4	0.016	32
m0047	m0004	28.4	0.516	27
m0047	m0026	22.9	0.516	27
m0047	m0022	22.8	3.34	24
m0047	m0036	52.6	7.45	23
m0046	m0029	40.6	1.31e-62	231
m0046	m0019	40.3	3.33e-58	216
m0046	m0009	39.0	1.07e-56	211
m0046	m0015	25.5	4.14	23
m0045	m0001	62.0	6.64e-100	355
m0045	m0011	58.2	9.61e-91	324
m0045	m0012	58.5	1.81e-89	320
m0045	m0002	59.8	2.22e-87	313
m0045	m0043	56.4	6.67e-84	302
m0045	m0033	51.7	2.71e-77	280
m0045	m0031	49.0	4.33e-75	272
m0045	m0036	49.1	1.39e-73	267
m0045	m0037	46.1	1.22e-69	254
m0045	m0017	47.1	6.7e-68	248
m0045	m0028	44.5	5.31e-65	239
m0045	m0014	47.5	1.18e-64	238
m0045	m0040	46.8	1.18e-64	238
m0045	m0039	49.4	1.55e-64	237
m0045	m0023	44.7	6.08e-61	225
m0045	m0006	44.9	1.35e-60	224
m0045	m0025	42.6	1.77e-60	224
m0045	m0005	39.0	4.67e-45	173
m0045	m0041	27.0	1.47e-14	71
m0045	m0016	26.6	9.21e-09	52
m0045	m0026	22.7	0.0129	32
m0044	m0022	52.6	4.18	23
m0043	m0001	54.5	1.06e-84	304
m0043	m0012	53.9	1.64e-77	280
m0043	m0011	54.9	1.06e-76	278
m0043	m0002	56.1	9.01e-76	275
m0043	m0031	51.3	3.2e-73	266
m0043	m0040	50.2	1.35e-71	261
m0043	m0033	49.6	1.54e-67	247
m0043	m0036	46.4	2.63e-67	247
m0043	m0037	46.9	1.49e-62	231
m0043	m0023	47.2	9.67e-62	228
m0043	m0014	47.5	1.65e-61	227
m0043	m0006	47.5	4.06e-60	223
m0043	m0017	44.4	2.02e-59	220
m0043	m0039	48.2	2.63e-59	220
m0043	m0025	44.0	4.97e-58	216
m0043	m0028	41.6	3.01e-55	206
m0043	m0005	36.5	1.9e-41	161
m0043	m0041	25.8	1.98e-14	71
m0043	m0016	27.4	1.28e-05	42
m0043	m0026	23.7	0.00457	33
m0043	m0029	27.2	0.952	25
m0043	m0015	28.4	2.77	24
m0043	m0022	23.3	6.17	23
m0043	m0007	39.1	8.06	22
m0042	m0034	66.9	1.18e-158	550
m0042	m0004	51.8	2.33e-122	430
m0041	m0040	29.8	8.06e-21	92
m0041	m0001	28.7	1.86e-17	81
m0041	m0011	29.2	4.14e-17	80
m0041	m0039	27.8	5.4e-17	79
m0041	m0025	27.8	4.57e-16	76
m0041	m0036	25.9	3.87e-15	73
m0041	m0031	29.6	1.13e-14	72
m0041	m0037	27.1	1.47e-14	71
m0041	m0002	28.0	2.51e-14	70
m0041	m0017	29.1	3.28e-14	70
m0041	m0006	27.7	9.54e-14	69
m0041	m0023	26.9	1.25e-13	68
m0041	m0014	26.4	1.63e-13	68
m0041	m0012	30.5	2.13e-13	67
m0041	m0028	26.4	2.78e-13	67
m0041	m0005	27.9	3.62e-13	67
m0041	m0033	26.9	8.93e-12	62
m0041	m0024	24.1	6	23
m0041	m0027	40.0	7.84	22
m0040	m0001	53.0	2.05e-69	253
m0040	m0011	47.2	8.05e-66	242
m0040	m0031	47.0	1.98e-64	237
m0040	m0012	45.9	4.88e-63	232
m0040	m0033	44.9	1.57e-61	227
m0040	m0002	48.1	2.96e-60	223
m0040	m0017	41.7	4.14e-54	203
m0040	m0036	39.3	8.09e-50	188
m0040	m0037	40.1	1.38e-49	188
m0040	m0028	39.6	4.01e-49	186
m0040	m0014	40.2	5.24e-49	186
m0040	m0025	38.1	8.94e-49	185
m0040	m0006	42.1	5.8e-48	182
m0040	m0039	40.8	1.69e-47	181
m0040	m0005	38.6	2.2e-47	180
m0040	m0023	40.8	1.21e-45	174
m0040	m0016	24.6	2.72e-05	40
m0039	m0014	65.2	1.65e-166	577
m0039	m0006	65.3	2.82e-166	576
m0039	m0023	65.8	1.4e-165	574
m0039	m0025	48.7	4.72e-113	399
m0039	m0017	54.7	1.75e-83	301
m0039	m0001	47.5	7.9e-68	249
m0039	m0033	51.7	4.33e-66	243
m0039	m0002	49.8	2.91e-62	230
m0039	m0011	52.9	3.21e-61	227
m0039	m0012	47.8	2.3e-59	221
m0039	m0031	38.9	6.51e-46	176
m0039	m0037	38.2	1.6e-44	171
m0039	m0036	41.9	3.57e-44	170
m0039	m0028	34.4	5.33e-40	156
m0039	m0005	36.5	3.7e-33	134
m0039	m0026	26.3	0.000212	38
m0039	m0016	27.6	0.0198	32
m0039	m0007	34.8	7.05	23
m0037	m0036	57.5	4.97e-101	359
m0037	m0028	54.6	8.8e-90	321
m0037	m0031	46.3	5.18e-74	269
m0037	m0001	49.1	7e-71	258
m0037	m0002	46.8	8.86e-66	242
m0037	m0011	46.0	2.58e-65	240
m0037	m0012	41.6	1.28e-64	238
m0037	m0033	38.1	1.02e-53	201
m0037	m0014	38.9	1.86e-47	181
m0037	m0017	35.8	1.57e-46	178
m0037	m0023	36.5	1.47e-44	171
m0037	m0005	34.8	5.59e-44	169
m0037	m0006	35.8	9.53e-44	168
m0037	m0025	35.3	3.75e-40	156
m0037	m0016	31.4	5.83e-09	53
m0037	m0026	30.0	0.00164	35
m0036	m0028	62.0	1.24e-107	381
m0036	m0031	49.8	4.76e-75	272
m0036	m0001	48.2	2.21e-72	263
m0036	m0002	50.4	4.61e-70	256
m0036	m0011	49.3	2.14e-67	247
m0036	m0012	45.1	2.8e-67	247
m0036	m0033	40.9	1.18e-57	215
m0036	m0005	37.5	7.66e-49	185
m0036	m0017	41.0	2.23e-48	184
m0036	m0014	41.5	1.22e-46	178
m0036	m0006	39.9	1.49e-44	171
m0036	m0023	40.0	1.65e-43	168
m0036	m0025	36.8	2.82e-43	167
m0036	m0016	28.8	3.6e-06	44
m0036	m0026	26.2	0.12	28
m0034	m0004	59.1	2.98e-146	509
m0034	m0007	31.6	2.23	25
m0034	m0022	50.0	4.96	23
m0033	m0001	51.2	3.61e-80	289
m0033	m0011	52.5	3.38e-78	283
m0033	m0012	48.8	4.42e-70	256
m0033	m0002	51.1	4.89e-69	252
m0033	m0014	48.0	1.09e-68	251
m0033	m0023	47.7	5.4e-68	249
m0033	m0006	48.2	7.8e-67	245
m0033	m0017	45.4	1.74e-66	244
m0033	m0025	45.5	2.96e-66	243
m0033	m0031	44.7	1.68e-61	227
m0033	m0005	43.2	5.08e-50	189
m0033	m0028	36.9	2.36e-47	180
m0033	m0016	33.8	1e-05	42
m0033	m0016	28.2	1.27	25
m0033	m0013	33.3	2.16	24
m0031	m0001	46.4	4.32e-70	256
m0031	m0002	48.0	5.64e-70	255
m0031	m0012	45.0	2.8e-69	253
m0031	m0011	45.9	7.62e-67	245
m0031	m0028	47.0	8.42e-66	242
m0031	m0017	45.5	1.3e-58	218
m0031	m0014	43.7	5.12e-55	206
m0031	m0006	45.4	8.74e-55	205
m0031	m0005	40.2	7.65e-51	192
m0031	m0023	41.6	1.71e-50	191
m0031	m0025	39.4	9.68e-46	175
m0031	m0016	27.4	3.05e-07	47
m0031	m0015	51.9	1.62	25
m0031	m0026	21.5	2.11	24
m0029	m0019	41.0	1.55e-53	201
m0029	m0009	36.4	1.08e-46	178
m0029	m0013	33.9	7.56	23
m0029	m0012	39.3	9.88	22
m0028	m0011	43.9	3.38e-62	230
m0028	m0001	42.9	5.77e-62	229
m0028	m0012	45.8	1.57e-59	221
m0028	m0002	42.6	2.77e-56	210
m0028	m0017	39.0	4.44e-46	176
m0028	m0023	39.8	4.59e-43	166
m0028	m0005	35.1	7.83e-43	165
m0028	m0014	37.5	1.02e-42	165
m0028	m0006	38.6	5.08e-42	163
m0028	m0025	35.1	1.25e-40	158
m0028	m0016	29.2	1.71e-05	41
m0028	m0026	20.4	0.0135	32
m0027	m0018	34.8	1.47e-35	142
m0027	m0008	33.5	1.92e-27	115
m0027	m0018	27.3	8.67e-12	63
m0027	m0008	23.8	2.7e-05	41
m0026	m0015	23.9	6.22e-05	40
m0026	m0025	27.9	0.00153	35
m0026	m0017	25.1	0.0221	32
m0026	m0014	26.4	0.11	29
m0026	m0023	24.2	0.11	29
m0026	m0012	26.6	2.7	25
m0026	m0006	23.1	6.03	23
m0026	m0011	22.4	6.03	23
m0025	m0023	51.8	5.31e-130	455
m0025	m0006	51.6	1e-128	451
m0025	m0014	50.5	3.69e-123	433
m0025	m0017	55.1	9.49e-87	312
m0025	m0001	47.4	7.3e-71	259
m0025	m0011	47.3	8.35e-67	245
m0025	m0012	45.1	2.43e-66	244
m0025	m0002	43.7	2.6e-60	224
m0025	m0005	30.6	1.54e-28	118
m0025	m0016	23.5	0.001	36
m0025	m0015	31.0	0.0422	30
m0025	m0019	23.2	0.357	27
m0025	m0007	27.3	0.796	26
m0024	m0003	43.7	2.43e-49	186
m0024	m0005	23.5	0.938	25
m0024	m0018	26.9	2.09	24
m0024	m0008	29.6	2.73	23
m0023	m0006	80.1	1.59e-223	766
m0023	m0014	78.7	2.81e-220	755
m0023	m0017	60.1	5.13e-97	346
m0023	m0001	45.5	1.32e-68	252
m0023	m0011	48.6	4.68e-66	243
m0023	m0002	46.5	8.26e-63	232
m0023	m0012	44.6	1.08e-62	232
m0023	m0005	38.7	7.04e-38	149
m0023	m0016	24.8	0.028	31
m0023	m0004	28.7	1.17	26
m0022	m0014	23.0	4.47	24
m0020	m0012	25.2	0.413	27
m0020	m0007	41.9	0.704	26
m0019	m0009	40.1	1.5e-57	214
m0018	m0008	31.7	1.84e-23	102
m0018	m0006	26.1	0.0234	32
m0017	m0014	56.8	1.26e-93	334
m0017	m0006	58.5	2.38e-92	330
m0017	m0001	51.4	5.7e-78	282
m0017	m0011	49.8	3.35e-70	256
m0017	m0012	48.8	9.75e-70	255
m0017	m0002	49.2	3.14e-68	250
m0017	m0005	33.6	9.53e-33	132
m0017	m0016	23.7	0.00207	34
m0016	m0001	23.6	6.54e-06	43
m0016	m0002	25.9	8.54e-06	43
m0016	m0007	28.6	0.000123	39
m0016	m0011	23.7	0.000612	37
m0016	m0012	21.4	0.00136	35
m0016	m0005	22.9	0.00178	35
m0016	m0014	25.2	0.00397	34
m0016	m0006	23.6	0.00883	33
m0016	m0012	24.1	0.0197	32
m0016	m0002	28.1	0.0257	31
m0016	m0012	23.7	0.0336	31
m0016	m0011	31.4	0.0748	30
m0014	m0006	83.5	4.05e-235	805
m0014	m0001	49.7	7.73e-77	279
m0014	m0011	48.9	1.12e-67	248
m0014	m0012	46.8	1.91e-67	248
m0014	m0002	48.5	2.33e-65	241
m0014	m0005	37.4	6.62e-36	143
m0014	m0004	34.3	0.107	29
m0013	m0007	27.2	8.83e-07	46
m0013	m0010	25.0	4.69	23
m0012	m0002	80.3	1.63e-125	440
m0012	m0011	64.5	9.63e-102	361
m0012	m0001	58.6	9.32e-97	344
m0012	m0006	46.0	2.56e-62	230
m0012	m0005	39.0	2.57e-46	177
m0012	m0007	19.2	1.25	25
m0011	m0001	65.6	4.02e-105	372
m0011	m0002	65.6	1.06e-97	347
m0011	m0006	49.1	1.83e-65	240
m0011	m0005	36.4	3.14e-41	160
m0011	m0007	22.2	0.00339	33
m0007	m0002	22.1	0.0284	30
m0007	m0001	25.6	0.535	26
m0007	m0006	22.3	2.03	24
m0006	m0001	50.9	6.61e-73	266
m0006	m0002	47.3	6.63e-65	239
m0006	m0005	37.4	3.43e-37	147
m0005	m0002	38.5	1.75e-47	181
m0005	m0001	35.2	3.41e-43	167
m0002	m0001	61.9	1.44e-93	334
