query,target,qlen_m,tlen_n,pct_id_v11,pct_id_v12,bits_v11,bits_v12,evalue_v11,evalue_v12,log10_Eratio_v12_over_v11,impliedK_v11,impliedK_v12,pass_v11,pass_v12,flips
n1,n10,290,262,52.4,52.4,252.0,252.0,3.180e-69,4.280e-65,4.13,1.07,1.44e+04,1,1,
n1,n11,290,262,51.1,51.1,257.0,257.0,9.870e-71,1.330e-66,4.13,1.06,1.43e+04,1,1,
n1,n12,290,262,49.6,49.6,251.0,251.0,5.420e-69,7.290e-65,4.13,0.911,1.23e+04,1,1,
n1,n13,290,262,50.4,50.4,253.0,253.0,1.430e-69,1.920e-65,4.13,0.961,1.29e+04,1,1,
n1,n14,290,319,49.3,49.3,261.0,261.0,6.840e-72,9.210e-68,4.13,1.18,1.58e+04,1,1,
n1,n15,290,301,48.0,50.3,259.0,265.0,1.990e-71,3.740e-69,2.27,0.856,1.03e+04,1,1,
n1,n16,290,262,48.9,48.9,246.0,246.0,1.740e-67,2.350e-63,4.13,0.914,1.23e+04,1,1,
n1,n18,290,298,64.6,64.6,381.0,381.0,4.530e-108,6.100e-104,4.13,1.04,1.4e+04,1,1,
n1,n19,290,307,46.4,46.4,260.0,260.0,1.520e-71,2.050e-67,4.13,1.31,1.76e+04,1,1,
n1,n2,290,259,47.7,47.7,242.0,242.0,4.290e-66,5.780e-62,4.13,1.41,1.9e+04,1,1,
n1,n20,290,298,48.4,48.4,260.0,260.0,1.170e-71,1.570e-67,4.13,1.01,1.35e+04,1,1,
n1,n21,290,304,78.6,78.6,455.0,455.0,3.230e-130,4.340e-126,4.13,1.4,1.88e+04,1,1,
n1,n22,290,296,48.1,49.0,251.0,252.0,5.420e-69,5.580e-65,4.01,0.911,1.88e+04,1,1,
n1,n23,290,300,47.3,49.1,245.0,251.0,3.880e-67,7.290e-65,2.27,1.02,1.23e+04,1,1,
n1,n24,290,304,44.5,44.5,239.0,239.0,2.780e-65,3.750e-61,4.13,1.14,1.54e+04,1,1,
n1,n25,290,301,49.7,49.7,262.0,262.0,3.070e-72,4.130e-68,4.13,1.06,1.42e+04,1,1,
n1,n26,290,261,51.3,51.3,256.0,256.0,1.680e-70,2.270e-66,4.13,0.903,1.22e+04,1,1,
n1,n27,290,296,48.1,49.0,251.0,252.0,5.420e-69,5.580e-65,4.01,0.911,1.88e+04,1,1,
n1,n28,290,284,41.9,41.9,217.0,217.0,8.670e-59,1.170e-54,4.13,0.848,1.14e+04,1,1,
n1,n29,290,319,42.2,49.7,216.0,261.0,1.930e-58,9.210e-68,-9.32,0.944,1.58e+04,1,1,
n1,n30,290,262,51.1,51.1,257.0,257.0,9.870e-71,1.330e-66,4.13,1.06,1.43e+04,1,1,
n1,n31,290,262,49.6,49.6,251.0,251.0,5.420e-69,7.290e-65,4.13,0.911,1.23e+04,1,1,
n1,n32,290,294,44.5,44.5,225.0,225.0,4.160e-61,4.290e-57,4.01,1.04,1.07e+04,1,1,
n1,n33,290,293,47.3,47.3,247.0,247.0,7.820e-68,1.050e-63,4.13,0.821,1.1e+04,1,1,
n1,n34,290,293,44.7,44.7,232.0,232.0,3.400e-63,4.580e-59,4.13,1.09,1.47e+04,1,1,
n1,n36,290,310,54.8,54.8,280.0,280.0,8.340e-78,1.120e-73,4.13,0.752,1.01e+04,1,1,
n1,n37,290,263,29.3,29.3,35.0,35.0,4.670e-04,6.290e+00,4.13,0.745,1e+04,0,0,
n1,n38,290,495,27.5,28.5,82.0,83.0,4.350e-18,3.440e-14,3.90,0.977,1.55e+04,0,0,
n1,n4,290,292,74.9,74.9,421.0,421.0,3.030e-120,4.070e-116,4.13,0.762,1.02e+04,1,1,
n1,n40,290,292,30.1,30.1,105.0,105.0,6.270e-25,8.440e-21,4.13,1.18,1.59e+04,1,1,
n1,n41,290,305,49.6,49.6,262.0,262.0,2.350e-72,3.160e-68,4.13,0.809,1.09e+04,1,1,
n1,n42,290,426,62.1,62.1,349.0,349.0,2.490e-98,3.360e-94,4.13,1.33,1.79e+04,1,1,
n1,n43,290,319,44.2,44.2,214.0,214.0,7.340e-58,9.880e-54,4.13,0.897,1.21e+04,1,1,
n1,n44,290,301,48.0,50.3,259.0,265.0,1.990e-71,3.740e-69,2.27,0.856,1.03e+04,1,1,
n1,n45,290,319,49.3,49.3,261.0,261.0,6.840e-72,9.210e-68,4.13,1.18,1.58e+04,1,1,
n1,n46,290,301,48.0,50.3,259.0,265.0,1.990e-71,3.740e-69,2.27,0.856,1.03e+04,1,1,
n1,n47,290,304,78.6,78.6,455.0,455.0,3.230e-130,4.340e-126,4.13,1.4,1.88e+04,1,1,
n1,n49,290,262,29.2,27.3,35.0,35.0,7.970e-04,1.070e+01,4.13,1.27,1.71e+04,0,0,
n1,n5,290,292,46.6,49.0,239.0,249.0,2.780e-65,2.770e-64,1.00,1.14,1.16e+04,1,1,
n1,n50,290,269,35.6,35.6,149.0,149.0,2.900e-38,3.900e-34,4.13,0.961,1.29e+04,1,1,
n1,n51,290,312,53.0,53.0,272.0,272.0,2.270e-75,3.060e-71,4.13,0.8,1.08e+04,1,1,
n1,n52,290,260,47.5,47.5,243.0,243.0,1.930e-66,2.590e-62,4.13,1.27,1.7e+04,1,1,
n1,n53,290,260,48.7,48.7,251.0,251.0,5.420e-69,7.290e-65,4.13,0.911,1.23e+04,1,1,
n1,n54,290,259,48.9,48.9,244.0,244.0,6.620e-67,8.920e-63,4.13,0.869,1.17e+04,1,1,
n1,n55,290,257,47.9,47.9,241.0,241.0,7.320e-66,9.860e-62,4.13,1.2,1.62e+04,1,1,
n1,n56,290,257,49.0,49.0,247.0,247.0,1.330e-67,1.800e-63,4.13,1.4,1.89e+04,1,1,
n1,n57,290,257,47.9,47.9,242.0,242.0,4.290e-66,5.780e-62,4.13,1.41,1.9e+04,1,1,
n1,n58,290,299,42.9,42.9,235.0,235.0,5.250e-64,7.060e-60,4.13,1.35,1.81e+04,1,1,
n1,n59,290,298,49.7,49.7,274.0,274.0,7.800e-76,1.050e-71,4.13,1.1,1.48e+04,1,1,
n1,n6,290,289,48.4,48.4,242.0,242.0,2.520e-66,3.390e-62,4.13,0.827,1.11e+04,1,1,
n1,n60,290,316,53.2,53.2,275.0,275.0,2.680e-76,3.610e-72,4.13,0.756,1.02e+04,1,1,
n1,n61,290,307,50.6,50.6,265.0,265.0,3.620e-73,4.880e-69,4.13,0.997,1.34e+04,1,1,
n1,n62,290,263,50.2,50.2,251.0,251.0,5.420e-69,7.290e-65,4.13,0.911,1.23e+04,1,1,
n1,n63,290,282,29.1,29.1,113.0,113.0,1.760e-27,2.370e-23,4.13,0.849,1.14e+04,0,0,
n1,n64,290,257,48.5,48.5,238.0,238.0,4.740e-65,6.390e-61,4.13,0.972,1.31e+04,1,1,
n1,n66,290,302,49.5,49.5,282.0,282.0,3.740e-78,5.040e-74,4.13,1.35,1.82e+04,1,1,
n1,n67,290,366,38.8,38.8,172.0,172.0,3.200e-45,4.310e-41,4.13,0.89,1.2e+04,1,1,
n1,n68,290,302,49.0,50.0,289.0,291.0,1.790e-80,8.310e-77,3.67,0.827,1.54e+04,1,1,
n1,n69,290,279,48.4,48.4,249.0,249.0,2.060e-68,2.770e-64,4.13,0.865,1.16e+04,1,1,
n1,n7,290,302,51.2,51.2,286.0,286.0,1.980e-79,2.670e-75,4.13,1.14,1.54e+04,1,1,
n1,n70,290,292,51.0,51.0,282.0,282.0,2.870e-78,3.860e-74,4.13,1.04,1.39e+04,1,1,
n1,n71,290,297,51.4,51.4,290.0,290.0,1.050e-80,1.420e-76,4.13,0.97,1.31e+04,1,1,
n1,n72,290,311,44.5,44.5,233.0,233.0,1.170e-63,1.570e-59,4.13,0.75,1.01e+04,1,1,
n1,n73,290,302,42.4,42.4,233.0,233.0,1.170e-63,1.570e-59,4.13,0.75,1.01e+04,1,1,
n1,n74,290,284,52.0,52.0,262.0,262.0,3.070e-72,4.130e-68,4.13,1.06,1.42e+04,1,1,
n1,n75,290,279,61.5,61.5,355.0,355.0,2.660e-100,3.590e-96,4.13,0.907,1.22e+04,1,1,
n1,n76,290,304,48.2,48.2,272.0,272.0,3.870e-75,5.210e-71,4.13,1.36,1.84e+04,1,1,
n1,n77,290,304,49.7,49.7,280.0,280.0,1.090e-77,1.470e-73,4.13,0.983,1.33e+04,1,1,
n1,n78,290,293,44.9,44.9,240.0,240.0,9.560e-66,1.290e-61,4.13,0.784,1.06e+04,1,1,
n1,n79,290,283,34.5,34.5,146.0,146.0,3.200e-37,4.320e-33,4.13,1.33,1.79e+04,1,1,
n1,n8,290,262,50.6,50.6,252.0,252.0,2.430e-69,3.270e-65,4.13,0.817,1.1e+04,1,1,
n1,n80,290,301,47.4,49.7,255.0,262.0,2.870e-70,5.400e-68,2.27,0.772,1.86e+04,1,1,
n1,n81,290,310,50.5,50.5,261.0,261.0,5.230e-72,7.050e-68,4.13,0.9,1.21e+04,1,1,
n1,n82,290,364,36.9,36.9,157.0,157.0,1.390e-40,1.870e-36,4.13,1.18,1.59e+04,1,1,
n1,n83,290,434,40.6,40.6,199.0,199.0,3.190e-53,4.300e-49,4.13,1.19,1.6e+04,1,1,
n1,n85,290,258,26.8,26.6,31.0,30.0,1.150e-02,2.640e+02,4.36,1.15,1.32e+04,0,0,
n1,n86,290,273,50.7,50.7,276.0,276.0,1.570e-76,2.120e-72,4.13,0.885,1.2e+04,1,1,
n1,n87,290,286,42.8,42.8,235.0,235.0,4.020e-64,5.410e-60,4.13,1.03,1.39e+04,1,1,
n1,n88,290,282,45.3,45.3,222.0,223.0,2.690e-60,2.130e-56,3.90,0.842,1.33e+04,1,1,
n1,n89,290,308,53.2,53.2,273.0,273.0,1.020e-75,1.370e-71,4.13,0.719,9.66e+03,1,1,
n1,n9,290,315,51.9,51.9,256.0,256.0,1.680e-70,2.270e-66,4.13,0.903,1.22e+04,1,1,
n1,n90,290,258,25.9,26.4,61.0,68.0,1.040e-11,8.760e-10,1.93,1.11,1.2e+04,0,0,
n10,n1,262,290,52.4,52.4,252.0,252.0,2.870e-69,3.860e-65,4.13,1.07,1.44e+04,1,1,
n10,n11,262,262,98.5,98.5,520.0,520.0,7.380e-150,9.930e-146,4.13,1.3,1.75e+04,1,1,
n10,n12,262,262,91.6,91.6,488.0,488.0,3.110e-140,4.180e-136,4.13,1.28,1.72e+04,1,1,
n10,n127,262,433,30.8,30.8,38.0,38.0,6.510e-05,8.770e-01,4.13,0.92,1.24e+04,0,0,
n10,n13,262,262,96.2,96.2,510.0,510.0,7.630e-147,1.030e-142,4.13,1.31,1.77e+04,1,1,
n10,n14,262,319,91.6,91.6,486.0,486.0,1.180e-139,1.590e-135,4.13,1.21,1.63e+04,1,1,
n10,n15,262,301,98.5,98.5,518.0,518.0,2.800e-149,3.770e-145,4.13,1.24,1.66e+04,1,1,
n10,n16,262,262,73.7,73.7,404.0,404.0,4.520e-115,6.080e-111,4.13,0.96,1.29e+04,1,1,
n10,n17,262,314,21.3,32.3,18.0,39.0,6.970e+01,3.940e-01,-2.25,0.939,1.11e+04,0,0,
n10,n18,262,298,51.3,51.3,270.0,270.0,7.790e-75,1.050e-70,4.13,0.76,1.02e+04,1,1,
n10,n19,262,307,46.1,46.1,243.0,243.0,1.740e-66,2.340e-62,4.13,1.26,1.7e+04,1,1,
n10,n2,262,259,63.6,63.6,339.0,339.0,1.780e-95,2.400e-91,4.13,1.02,1.38e+04,1,1,
n10,n20,262,298,48.7,48.7,238.0,238.0,4.290e-65,5.770e-61,4.13,0.974,1.31e+04,1,1,
n10,n21,262,304,52.0,52.0,247.0,247.0,7.070e-68,9.520e-64,4.13,0.822,1.11e+04,1,1,
n10,n22,262,296,81.6,81.6,443.0,443.0,6.720e-127,9.050e-123,4.13,0.785,1.06e+04,1,1,
n10,n23,262,300,80.8,80.8,437.0,437.0,4.810e-125,6.480e-121,4.13,0.877,1.18e+04,1,1,
n10,n24,262,304,63.7,63.7,345.0,345.0,3.250e-97,4.380e-93,4.13,1.2,1.61e+04,1,1,
n10,n25,262,301,91.2,91.2,484.0,484.0,3.430e-139,4.620e-135,4.13,0.881,1.19e+04,1,1,
n10,n26,262,261,97.7,97.7,514.0,514.0,3.100e-148,4.170e-144,4.13,0.855,1.15e+04,1,1,
n10,n27,262,296,81.6,81.6,443.0,443.0,6.720e-127,9.050e-123,4.13,0.785,1.06e+04,1,1,
n10,n28,262,284,55.1,55.1,287.0,287.0,1.050e-79,1.420e-75,4.13,1.34,1.81e+04,1,1,
n10,n29,262,319,93.1,93.1,494.0,494.0,4.330e-142,5.840e-138,4.13,1.14,1.54e+04,1,1,
n10,n3,262,380,23.1,23.1,30.0,30.0,2.320e-02,3.120e+02,4.13,1.28,1.72e+04,0,0,
n10,n30,262,262,98.5,98.5,520.0,520.0,7.380e-150,9.930e-146,4.13,1.3,1.75e+04,1,1,
n10,n31,262,262,91.6,91.6,488.0,488.0,3.110e-140,4.180e-136,4.13,1.28,1.72e+04,1,1,
n10,n32,262,294,49.8,49.8,263.0,263.0,1.630e-72,2.190e-68,4.13,1.24,1.67e+04,1,1,
n10,n33,262,293,59.7,59.7,303.0,303.0,1.420e-84,1.910e-80,4.13,1.19,1.6e+04,1,1,
n10,n34,262,293,59.7,59.7,301.0,301.0,5.380e-84,7.250e-80,4.13,1.13,1.52e+04,1,1,
n10,n35,262,456,20.8,20.8,29.0,29.0,3.950e-02,5.320e+02,4.13,1.09,1.47e+04,0,0,
n10,n36,262,310,48.5,48.5,245.0,245.0,2.680e-67,3.620e-63,4.13,0.779,1.05e+04,1,1,
n10,n37,262,263,28.0,27.2,38.0,38.0,6.510e-05,8.770e-01,4.13,0.92,1.24e+04,0,0,
n10,n38,262,495,26.8,26.8,71.0,71.0,9.060e-15,1.220e-10,4.13,1.1,1.48e+04,0,0,
n10,n4,262,292,49.1,49.1,252.0,252.0,3.750e-69,5.050e-65,4.13,1.39,1.88e+04,1,1,
n10,n40,262,292,30.0,30.0,95.0,95.0,4.490e-22,6.040e-18,4.13,0.914,1.23e+04,1,1,
n10,n41,262,305,48.0,48.0,238.0,238.0,5.600e-65,7.540e-61,4.13,1.27,1.71e+04,1,1,
n10,n42,262,426,51.1,51.1,273.0,273.0,1.200e-75,1.620e-71,4.13,0.936,1.26e+04,1,1,
n10,n43,262,319,43.8,43.8,198.0,198.0,6.420e-53,8.650e-49,4.13,1.33,1.79e+04,1,1,
n10,n44,262,301,98.5,98.5,518.0,518.0,2.800e-149,3.770e-145,4.13,1.24,1.66e+04,1,1,
n10,n45,262,319,91.6,91.6,486.0,486.0,1.180e-139,1.590e-135,4.13,1.21,1.63e+04,1,1,
n10,n46,262,301,98.5,98.5,518.0,518.0,2.800e-149,3.770e-145,4.13,1.24,1.66e+04,1,1,
n10,n47,262,304,52.0,52.0,247.0,247.0,7.070e-68,9.520e-64,4.13,0.822,1.11e+04,1,1,
n10,n49,262,262,28.2,28.2,35.0,35.0,5.510e-04,7.420e+00,4.13,0.973,1.31e+04,0,0,
n10,n5,262,292,60.1,60.1,322.0,322.0,2.260e-90,3.040e-86,4.13,0.993,1.34e+04,1,1,
n10,n50,262,269,33.7,33.7,134.0,134.0,8.720e-34,1.170e-29,4.13,0.976,1.31e+04,1,1,
n10,n51,262,312,52.6,52.6,263.0,263.0,1.240e-72,1.680e-68,4.13,0.945,1.28e+04,1,1,
n10,n52,262,260,66.7,66.7,354.0,354.0,7.000e-100,9.430e-96,4.13,1.32,1.78e+04,1,1,
n10,n53,262,260,67.3,67.3,354.0,354.0,5.360e-100,7.220e-96,4.13,1.01,1.36e+04,1,1,
n10,n54,262,259,63.6,63.6,340.0,340.0,8.010e-96,1.080e-91,4.13,0.922,1.24e+04,1,1,
n10,n55,262,257,53.8,53.8,273.0,273.0,1.570e-75,2.110e-71,4.13,1.22,1.65e+04,1,1,
n10,n56,262,257,53.8,53.8,274.0,274.0,5.400e-76,7.270e-72,4.13,0.843,1.13e+04,1,1,
n10,n57,262,257,54.5,54.5,276.0,276.0,1.850e-76,2.500e-72,4.13,1.15,1.56e+04,1,1,
n10,n58,262,299,53.6,53.6,273.0,273.0,1.200e-75,1.620e-71,4.13,0.936,1.26e+04,1,1,
n10,n59,262,298,48.3,48.3,245.0,245.0,4.580e-67,6.170e-63,4.13,1.33,1.79e+04,1,1,
n10,n6,262,289,60.3,60.3,327.0,327.0,7.020e-92,9.450e-88,4.13,0.987,1.33e+04,1,1,
n10,n60,262,316,47.0,47.0,240.0,240.0,8.640e-66,1.160e-61,4.13,0.785,1.05e+04,1,1,
n10,n61,262,307,46.2,46.2,235.0,235.0,4.740e-64,6.380e-60,4.13,1.35,1.81e+04,1,1,
n10,n62,262,263,62.5,62.5,331.0,331.0,4.860e-93,6.540e-89,4.13,1.09,1.47e+04,1,1,
n10,n63,262,282,30.2,30.2,98.0,98.0,6.920e-23,9.320e-19,4.13,1.13,1.52e+04,1,1,
n10,n64,262,257,64.7,64.7,340.0,340.0,8.010e-96,1.080e-91,4.13,0.922,1.24e+04,1,1,
n10,n66,262,302,49.8,49.8,257.0,257.0,6.830e-71,9.190e-67,4.13,0.813,1.09e+04,1,1,
n10,n67,262,366,35.2,35.2,128.0,128.0,6.250e-32,8.410e-28,4.13,1.09,1.47e+04,1,1,
n10,n68,262,302,51.3,51.3,267.0,267.0,1.130e-73,1.520e-69,4.13,1.38,1.85e+04,1,1,
n10,n69,262,279,60.4,60.4,309.0,309.0,1.510e-86,2.040e-82,4.13,0.81,1.09e+04,1,1,
n10,n7,262,302,51.5,51.5,264.0,264.0,5.590e-73,7.520e-69,4.13,0.852,1.15e+04,1,1,
n10,n70,262,292,48.0,48.0,258.0,258.0,3.060e-71,4.130e-67,4.13,0.729,9.83e+03,1,1,
n10,n71,262,297,46.8,46.8,241.0,241.0,5.060e-66,6.820e-62,4.13,0.919,1.24e+04,1,1,
n10,n72,262,311,59.9,59.9,326.0,326.0,1.560e-91,2.110e-87,4.13,1.1,1.48e+04,1,1,
n10,n73,262,302,52.7,52.7,276.0,276.0,1.850e-76,2.500e-72,4.13,1.15,1.56e+04,1,1,
n10,n74,262,284,78.2,78.2,418.0,418.0,3.950e-119,5.320e-115,4.13,1.37,1.85e+04,1,1,
n10,n75,262,279,48.5,48.5,238.0,238.0,3.280e-65,4.420e-61,4.13,0.745,1e+04,1,1,
n10,n76,262,304,49.1,49.1,254.0,254.0,7.550e-70,1.020e-65,4.13,1.12,1.52e+04,1,1,
n10,n77,262,304,50.0,50.0,258.0,258.0,3.060e-71,4.130e-67,4.13,0.729,9.83e+03,1,1,
n10,n78,262,293,59.8,59.8,319.0,319.0,2.500e-89,3.360e-85,4.13,1.37,1.84e+04,1,1,
n10,n79,262,283,34.0,34.0,126.0,126.0,1.820e-31,2.450e-27,4.13,0.796,1.07e+04,1,1,
n10,n8,262,262,97.3,97.3,511.0,511.0,3.430e-147,4.610e-143,4.13,1.18,1.59e+04,1,1,
n10,n80,262,301,96.2,96.2,508.0,508.0,2.900e-146,3.910e-142,4.13,1.25,1.68e+04,1,1,
n10,n81,262,310,62.8,62.8,340.0,340.0,8.010e-96,1.080e-91,4.13,0.922,1.24e+04,1,1,
n10,n82,262,364,34.2,34.2,127.0,127.0,1.390e-31,1.870e-27,4.13,1.22,1.64e+04,1,1,
n10,n83,262,434,48.7,48.7,227.0,227.0,7.570e-62,1.020e-57,4.13,0.839,1.13e+04,1,1,
n10,n85,262,258,25.2,25.2,37.0,37.0,1.890e-04,2.550e+00,4.13,1.34,1.8e+04,0,0,
n10,n86,262,273,49.4,49.4,252.0,252.0,3.750e-69,5.050e-65,4.13,1.39,1.88e+04,1,1,
n10,n87,262,286,58.6,58.6,299.0,299.0,2.050e-83,2.760e-79,4.13,1.07,1.44e+04,1,1,
n10,n88,262,282,50.2,50.2,259.0,259.0,1.800e-71,2.420e-67,4.13,0.857,1.15e+04,1,1,
n10,n89,262,308,48.7,48.7,250.0,250.0,1.420e-68,1.920e-64,4.13,1.32,1.79e+04,1,1,
n10,n9,262,315,58.6,58.6,305.0,305.0,2.190e-85,2.940e-81,4.13,0.734,9.85e+03,1,1,
n10,n90,262,258,26.2,27.0,61.0,61.0,9.380e-12,9.670e-08,4.01,1.11,1.15e+04,0,0,
n100,n106,322,314,29.5,29.5,95.0,95.0,5.520e-22,7.430e-18,4.13,0.915,1.23e+04,0,0,
n100,n107,322,318,32.5,32.5,108.0,108.0,6.300e-26,8.480e-22,4.13,0.855,1.15e+04,1,1,
n101,n102,520,548,32.6,32.6,107.0,107.0,2.260e-25,3.050e-21,4.13,0.95,1.28e+04,1,1,
n101,n103,520,613,28.2,28.2,177.0,177.0,2.330e-46,3.130e-42,4.13,1.16,1.55e+04,0,0,
n101,n104,520,549,26.0,26.0,113.0,113.0,4.130e-27,5.560e-23,4.13,1.11,1.5e+04,0,0,
n101,n105,520,295,22.4,22.4,32.0,32.0,7.090e-03,9.550e+01,4.13,0.789,1.06e+04,0,0,
n101,n108,520,462,35.3,35.3,115.0,115.0,8.320e-28,1.120e-23,4.13,0.895,1.2e+04,1,1,
n101,n109,520,565,29.8,29.6,186.0,186.0,2.940e-49,3.960e-45,4.13,0.747,1.01e+04,0,0,
n101,n110,520,508,29.8,29.8,181.0,181.0,1.610e-47,2.170e-43,4.13,1.28,1.72e+04,0,0,
n101,n111,520,491,34.9,34.9,251.0,251.0,9.710e-69,1.310e-64,4.13,0.91,1.23e+04,1,1,
n101,n99,520,489,33.2,33.2,240.0,240.0,2.240e-65,3.020e-61,4.13,1.02,1.38e+04,1,1,
n102,n101,548,520,32.6,32.6,107.0,107.0,2.390e-25,3.210e-21,4.13,0.953,1.28e+04,1,1,
n102,n103,548,613,35.4,37.2,250.0,268.0,2.980e-68,1.090e-69,-1.44,1.32,1.27e+04,1,1,
n102,n104,548,549,29.1,29.1,171.0,171.0,1.760e-44,2.370e-40,4.13,1.29,1.74e+04,0,0,
n102,n106,548,314,27.7,27.9,52.0,52.0,1.190e-08,1.600e-04,4.13,1.32,1.77e+04,0,0,
n102,n107,548,318,23.2,23.2,40.0,40.0,3.580e-05,4.830e-01,4.13,0.967,1.31e+04,0,0,
n102,n108,548,462,28.5,28.5,146.0,146.0,3.550e-37,4.780e-33,4.13,0.778,1.05e+04,0,0,
n102,n109,548,565,34.5,34.5,229.0,229.0,5.440e-62,7.330e-58,4.13,1.15,1.55e+04,1,1,
n102,n110,548,508,34.7,34.7,158.0,158.0,9.030e-41,1.220e-36,4.13,0.811,1.1e+04,1,1,
n102,n111,548,491,29.8,29.8,195.0,195.0,8.700e-52,1.170e-47,4.13,1.07,1.44e+04,0,0,
n102,n99,548,489,35.3,35.3,229.0,229.0,4.160e-62,5.610e-58,4.13,0.882,1.19e+04,1,1,
n103,n101,613,520,26.5,28.2,158.0,177.0,1.720e-40,3.700e-42,-1.67,1.38,1.56e+04,0,0,
n103,n102,613,548,37.2,37.2,268.0,268.0,9.050e-74,1.220e-69,4.13,0.943,1.27e+04,1,1,
n103,n104,613,549,28.6,28.6,150.0,150.0,2.750e-38,3.700e-34,4.13,0.862,1.16e+04,0,0,
n103,n106,613,314,32.6,31.9,51.0,49.0,1.740e-08,1.160e-03,4.82,0.861,1.43e+04,1,0,lost_in_v12
n103,n107,613,318,26.7,26.3,45.0,43.0,9.540e-07,6.380e-02,4.83,0.737,1.23e+04,0,0,
n103,n108,613,462,31.8,31.8,166.0,166.0,6.330e-43,8.520e-39,4.13,1.3,1.75e+04,1,1,
n103,n109,613,565,36.9,36.9,277.0,277.0,2.540e-76,3.430e-72,4.13,1.36,1.83e+04,1,1,
n103,n110,613,508,31.4,31.4,211.0,211.0,1.310e-56,1.770e-52,4.13,0.947,1.28e+04,1,1,
n103,n111,613,491,35.4,35.4,259.0,259.0,4.200e-71,5.660e-67,4.13,0.855,1.15e+04,1,1,
n103,n99,613,489,36.5,36.5,275.0,275.0,5.670e-76,7.630e-72,4.13,0.756,1.02e+04,1,1,
n104,n101,549,520,26.0,26.0,113.0,113.0,4.360e-27,5.870e-23,4.13,1.11,1.5e+04,0,0,
n104,n102,549,548,29.1,29.1,171.0,171.0,1.760e-44,2.370e-40,4.13,1.29,1.74e+04,0,0,
n104,n103,549,613,28.4,28.4,150.0,150.0,3.220e-38,4.330e-34,4.13,1.13,1.52e+04,0,0,
n104,n106,549,314,26.0,26.0,47.0,47.0,2.250e-07,3.030e-03,4.13,0.777,1.05e+04,0,0,
n104,n107,549,318,24.6,24.6,44.0,44.0,3.250e-06,4.370e-02,4.13,1.4,1.89e+04,0,0,
n104,n108,549,462,32.0,32.0,106.0,106.0,4.080e-25,5.490e-21,4.13,0.812,1.09e+04,1,1,
n104,n109,549,565,31.9,31.9,150.0,150.0,2.460e-38,3.320e-34,4.13,0.861,1.16e+04,1,1,
n104,n110,549,508,36.6,36.6,121.0,121.0,1.600e-29,2.160e-25,4.13,1.04,1.41e+04,1,1,
n104,n111,549,491,32.7,32.7,146.0,146.0,4.650e-37,6.260e-33,4.13,1.02,1.37e+04,1,1,
n104,n99,549,489,34.8,34.8,157.0,157.0,2.010e-40,2.710e-36,4.13,0.901,1.21e+04,1,1,
n105,n101,295,520,22.4,22.4,32.0,32.0,4.020e-03,5.420e+01,4.13,0.788,1.06e+04,0,0,
n105,n106,295,314,30.5,30.5,45.0,45.0,4.590e-07,6.180e-03,4.13,0.737,9.93e+03,1,0,lost_in_v12
n105,n107,295,318,30.8,30.8,50.0,50.0,2.430e-08,3.280e-04,4.13,1.25,1.69e+04,1,0,lost_in_v12
n105,n127,295,433,21.9,21.9,33.0,33.0,3.080e-03,4.150e+01,4.13,1.21,1.63e+04,0,0,
n105,n128,295,365,40.8,40.8,33.0,33.0,1.810e-03,2.430e+01,4.13,0.71,9.53e+03,0,0,
n105,n37,295,263,32.7,32.7,33.0,33.0,1.810e-03,2.430e+01,4.13,0.71,9.53e+03,0,0,
n105,n49,295,262,29.1,29.1,28.0,28.0,5.810e-02,7.820e+02,4.13,0.712,9.58e+03,0,0,
n105,n99,295,489,26.8,26.8,40.0,40.0,2.520e-05,3.390e-01,4.13,1.26,1.7e+04,0,0,
n106,n100,314,322,29.5,29.5,95.0,95.0,5.380e-22,7.240e-18,4.13,0.914,1.23e+04,0,0,
n106,n102,314,548,27.7,27.7,52.0,52.0,6.820e-09,9.180e-05,4.13,1.32,1.77e+04,0,0,
n106,n103,314,613,32.6,32.6,51.0,51.0,8.910e-09,1.200e-04,4.13,0.861,1.16e+04,1,0,lost_in_v12
n106,n104,314,549,26.0,26.0,47.0,47.0,1.290e-07,2.260e-03,4.24,0.779,1.36e+04,0,0,
n106,n105,314,295,30.5,30.5,45.0,45.0,4.890e-07,6.580e-03,4.13,0.738,9.93e+03,1,0,lost_in_v12
n106,n107,314,318,58.1,58.1,379.0,379.0,1.860e-107,2.510e-103,4.13,0.982,1.33e+04,1,1,
n106,n108,314,462,28.8,28.8,71.0,71.0,1.090e-14,1.460e-10,4.13,1.1,1.48e+04,0,0,
n106,n109,314,565,31.0,31.0,60.0,60.0,1.920e-11,2.580e-07,4.13,0.949,1.28e+04,1,1,
n106,n110,314,508,26.7,27.3,52.0,53.0,6.820e-09,4.120e-05,3.78,1.32,1.59e+04,0,0,
n106,n111,314,491,29.2,29.2,50.0,50.0,1.520e-08,2.050e-04,4.13,0.734,9.9e+03,0,0,
n106,n99,314,489,29.9,30.5,55.0,55.0,8.060e-10,1.080e-05,4.13,1.25,1.67e+04,0,0,
n107,n100,318,322,32.5,32.5,108.0,108.0,6.220e-26,8.370e-22,4.13,0.855,1.15e+04,1,1,
n107,n102,318,548,23.2,23.2,40.0,40.0,2.720e-05,3.660e-01,4.13,1.27,1.7e+04,0,0,
n107,n103,318,613,26.5,26.7,45.0,45.0,4.950e-07,6.670e-03,4.13,0.738,9.94e+03,0,0,
n107,n104,318,549,24.6,24.6,44.0,44.0,1.880e-06,2.530e-02,4.13,1.4,1.88e+04,0,0,
n107,n105,318,295,30.8,30.8,50.0,50.0,2.620e-08,3.530e-04,4.13,1.25,1.68e+04,1,0,lost_in_v12
n107,n106,318,314,58.1,58.1,379.0,379.0,1.890e-107,2.540e-103,4.13,0.986,1.32e+04,1,1,
n107,n108,318,462,37.3,37.3,60.0,60.0,1.940e-11,2.610e-07,4.13,0.947,1.27e+04,1,1,
n107,n109,318,565,29.8,29.8,48.0,48.0,9.970e-08,1.340e-03,4.13,1.19,1.6e+04,0,0,
n107,n110,318,508,24.6,27.0,41.0,41.0,1.220e-05,1.640e-01,4.13,1.14,1.53e+04,0,0,
n107,n111,318,491,26.6,26.6,52.0,52.0,5.290e-09,7.120e-05,4.13,1.01,1.36e+04,0,0,
n107,n69,318,279,21.9,21.9,30.0,30.0,2.150e-02,2.900e+02,4.13,0.978,1.32e+04,0,0,
n107,n99,318,489,31.7,32.5,54.0,54.0,1.820e-09,2.450e-05,4.13,1.39,1.87e+04,1,0,lost_in_v12
n108,n101,462,520,35.3,35.3,115.0,115.0,7.390e-28,9.950e-24,4.13,0.895,1.2e+04,1,1,
n108,n102,462,548,28.5,28.5,146.0,146.0,2.990e-37,4.030e-33,4.13,0.777,1.05e+04,0,0,
n108,n103,462,613,31.8,31.8,166.0,166.0,4.770e-43,6.420e-39,4.13,1.3,1.75e+04,1,1,
n108,n104,462,549,32.0,32.0,106.0,106.0,3.430e-25,4.620e-21,4.13,0.811,1.09e+04,1,1,
n108,n106,462,314,28.8,28.8,71.0,71.0,1.600e-14,2.150e-10,4.13,1.1,1.48e+04,0,0,
n108,n107,462,318,27.2,27.8,60.0,60.0,2.160e-11,2.910e-07,4.13,0.726,9.78e+03,0,0,
n108,n109,462,565,32.6,32.6,190.0,190.0,1.810e-50,2.430e-46,4.13,0.828,1.11e+04,1,1,
n108,n110,462,508,38.3,38.3,145.0,145.0,8.710e-37,1.170e-32,4.13,1.13,1.52e+04,1,1,
n108,n111,462,491,31.9,31.9,213.0,213.0,2.600e-57,3.510e-53,4.13,0.998,1.35e+04,1,1,
n108,n99,462,489,31.7,31.7,206.0,206.0,2.440e-55,3.280e-51,4.13,0.731,9.83e+03,1,1,
n109,n101,565,520,31.1,30.9,184.0,184.0,1.580e-48,2.130e-44,4.13,0.923,1.24e+04,1,1,
n109,n102,565,548,34.5,34.5,229.0,229.0,5.610e-62,7.550e-58,4.13,1.15,1.55e+04,1,1,
n109,n103,565,613,36.9,36.9,277.0,277.0,2.350e-76,3.160e-72,4.13,1.36,1.83e+04,1,1,
n109,n104,565,549,31.9,31.9,150.0,150.0,2.530e-38,3.410e-34,4.13,0.861,1.16e+04,1,1,
n109,n106,565,314,31.0,31.0,60.0,60.0,3.450e-11,4.650e-07,4.13,0.948,1.28e+04,1,1,
n109,n107,565,318,27.0,27.7,48.0,49.0,1.360e-07,1.400e-03,4.01,0.912,1.88e+04,0,0,
n109,n108,565,462,32.6,32.6,190.0,190.0,2.210e-50,2.980e-46,4.13,0.827,1.11e+04,1,1,
n109,n110,565,508,34.9,34.9,256.0,256.0,4.280e-70,5.770e-66,4.13,1.18,1.59e+04,1,1,
n109,n111,565,491,35.7,35.7,280.0,280.0,2.120e-77,2.860e-73,4.13,0.982,1.32e+04,1,1,
n109,n99,565,489,35.5,35.5,260.0,260.0,2.270e-71,3.060e-67,4.13,1,1.35e+04,1,1,
n11,n1,262,290,51.1,51.1,257.0,257.0,8.920e-71,1.200e-66,4.13,1.06,1.43e+04,1,1,
n11,n10,262,262,98.5,98.5,520.0,520.0,7.380e-150,9.930e-146,4.13,1.3,1.75e+04,1,1,
n11,n12,262,262,93.1,93.1,502.0,502.0,2.080e-144,2.800e-140,4.13,1.4,1.88e+04,1,1,
n11,n127,262,433,30.8,30.8,39.0,39.0,2.920e-05,3.940e-01,4.13,0.825,1.11e+04,0,0,
n11,n13,262,262,97.7,97.7,523.0,523.0,5.110e-151,6.880e-147,4.13,0.721,9.71e+03,1,1,
n11,n14,262,319,93.1,93.1,500.0,500.0,7.900e-144,1.060e-139,4.13,1.33,1.78e+04,1,1,
n11,n15,262,301,100.0,100.0,532.0,532.0,1.880e-153,2.530e-149,4.13,1.36,1.83e+04,1,1,
n11,n16,262,262,75.2,75.2,418.0,418.0,3.020e-119,4.070e-115,4.13,1.05,1.42e+04,1,1,
n11,n17,262,314,23.4,33.3,25.0,42.0,7.450e-01,6.070e-02,-1.09,1.28,1.37e+04,0,0,
n11,n18,262,298,52.0,52.0,278.0,278.0,3.740e-77,5.030e-73,4.13,0.934,1.26e+04,1,1,
n11,n19,262,307,46.8,46.8,250.0,250.0,1.090e-68,1.470e-64,4.13,1.01,1.37e+04,1,1,
n11,n2,262,259,64.8,64.8,351.0,351.0,5.930e-99,7.980e-95,4.13,1.4,1.88e+04,1,1,
n11,n20,262,298,49.1,49.1,243.0,243.0,1.330e-66,1.790e-62,4.13,0.966,1.3e+04,1,1,
n11,n21,262,304,52.4,52.4,252.0,252.0,2.870e-69,3.860e-65,4.13,1.07,1.44e+04,1,1,
n11,n22,262,296,83.1,83.1,457.0,457.0,4.500e-131,6.050e-127,4.13,0.861,1.16e+04,1,1,
n11,n23,262,300,82.4,82.4,451.0,451.0,3.220e-129,4.340e-125,4.13,0.962,1.3e+04,1,1,
n11,n24,262,304,65.3,65.3,359.0,359.0,2.180e-101,2.930e-97,4.13,1.32,1.77e+04,1,1,
n11,n25,262,301,92.3,92.3,497.0,497.0,6.690e-143,9.000e-139,4.13,1.41,1.89e+04,1,1,
n11,n26,262,261,99.2,99.2,528.0,528.0,2.070e-152,2.790e-148,4.13,0.935,1.26e+04,1,1,
n11,n27,262,296,83.1,83.1,457.0,457.0,4.500e-131,6.050e-127,4.13,0.861,1.16e+04,1,1,
n11,n28,262,284,56.0,56.0,297.0,297.0,7.780e-83,1.050e-78,4.13,1.02,1.37e+04,1,1,
n11,n29,262,319,94.3,94.3,506.0,506.0,8.440e-146,1.140e-141,4.13,0.909,1.23e+04,1,1,
n11,n3,262,380,22.0,22.0,34.0,34.0,9.400e-04,1.270e+01,4.13,0.83,1.12e+04,0,0,
n11,n30,262,262,100.0,100.0,533.0,533.0,4.940e-154,6.650e-150,4.13,0.714,9.61e+03,1,1,
n11,n31,262,262,93.1,93.1,502.0,502.0,2.080e-144,2.800e-140,4.13,1.4,1.88e+04,1,1,
n11,n32,262,294,51.0,51.0,275.0,275.0,4.130e-76,5.570e-72,4.13,1.29,1.74e+04,1,1,
n11,n33,262,293,60.1,60.1,308.0,308.0,4.400e-86,5.930e-82,4.13,1.18,1.59e+04,1,1,
n11,n34,262,293,60.1,60.1,306.0,306.0,1.670e-85,2.250e-81,4.13,1.12,1.51e+04,1,1,
n11,n35,262,456,21.3,21.3,36.0,36.0,3.230e-04,4.350e+00,4.13,1.14,1.54e+04,0,0,
n11,n36,262,310,48.9,48.9,250.0,250.0,1.090e-68,1.470e-64,4.13,1.01,1.37e+04,1,1,
n11,n37,262,263,28.0,27.2,39.0,39.0,3.820e-05,5.140e-01,4.13,1.08,1.45e+04,0,0,
n11,n38,262,495,26.8,26.8,71.0,71.0,9.060e-15,1.220e-10,4.13,1.1,1.48e+04,0,0,
n11,n4,262,292,49.4,49.4,258.0,258.0,4.000e-71,5.390e-67,4.13,0.952,1.28e+04,1,1,
n11,n40,262,292,30.5,30.5,101.0,101.0,6.260e-24,8.430e-20,4.13,0.816,1.1e+04,1,1,
n11,n41,262,305,48.7,48.7,245.0,245.0,2.680e-67,3.620e-63,4.13,0.779,1.05e+04,1,1,
n11,n42,262,426,51.9,51.9,281.0,281.0,5.770e-78,7.770e-74,4.13,1.15,1.55e+04,1,1,
n11,n43,262,319,44.2,44.2,202.0,202.0,2.610e-54,3.510e-50,4.13,0.862,1.16e+04,1,1,
n11,n44,262,301,100.0,100.0,532.0,532.0,1.880e-153,2.530e-149,4.13,1.36,1.83e+04,1,1,
n11,n45,262,319,93.1,93.1,500.0,500.0,7.900e-144,1.060e-139,4.13,1.33,1.78e+04,1,1,
n11,n46,262,301,100.0,100.0,532.0,532.0,1.880e-153,2.530e-149,4.13,1.36,1.83e+04,1,1,
n11,n47,262,304,52.4,52.4,252.0,252.0,2.870e-69,3.860e-65,4.13,1.07,1.44e+04,1,1,
n11,n49,262,262,28.2,28.2,35.0,35.0,4.220e-04,5.680e+00,4.13,0.745,1e+04,0,0,
n11,n5,262,292,61.2,61.2,334.0,334.0,5.740e-94,7.730e-90,4.13,1.03,1.39e+04,1,1,
n11,n50,262,269,33.7,33.7,135.0,135.0,3.910e-34,5.270e-30,4.13,0.875,1.18e+04,1,1,
n11,n51,262,312,53.0,53.0,267.0,267.0,8.620e-74,1.160e-69,4.13,1.05,1.41e+04,1,1,
n11,n52,262,260,67.8,67.8,365.0,365.0,2.320e-103,3.130e-99,4.13,0.896,1.21e+04,1,1,
n11,n53,262,260,68.4,68.4,366.0,366.0,1.780e-103,2.400e-99,4.13,1.38,1.85e+04,1,1,
n11,n54,262,259,64.8,64.8,352.0,352.0,2.660e-99,3.580e-95,4.13,1.25,1.69e+04,1,1,
n11,n55,262,257,54.9,54.9,284.0,284.0,5.220e-79,7.020e-75,4.13,0.834,1.12e+04,1,1,
n11,n56,262,257,54.9,54.9,286.0,286.0,1.790e-79,2.410e-75,4.13,1.14,1.54e+04,1,1,
n11,n57,262,257,55.7,55.7,287.0,287.0,6.160e-80,8.300e-76,4.13,0.787,1.06e+04,1,1,
n11,n58,262,299,54.0,54.0,279.0,279.0,2.190e-77,2.950e-73,4.13,1.09,1.47e+04,1,1,
n11,n59,262,298,49.1,49.1,252.0,252.0,3.750e-69,5.050e-65,4.13,1.39,1.88e+04,1,1,
n11,n6,262,289,61.5,61.5,339.0,339.0,2.330e-95,3.140e-91,4.13,1.34,1.81e+04,1,1,
n11,n60,262,316,47.8,47.8,247.0,247.0,1.210e-67,1.620e-63,4.13,1.41,1.88e+04,1,1,
n11,n61,262,307,46.6,46.6,240.0,240.0,8.640e-66,1.160e-61,4.13,0.785,1.05e+04,1,1,
n11,n62,262,263,63.6,63.6,342.0,342.0,1.610e-96,2.170e-92,4.13,0.741,9.99e+03,1,1,
n11,n63,262,282,31.1,31.1,105.0,105.0,5.660e-25,7.630e-21,4.13,1.18,1.59e+04,1,1,
n11,n64,262,257,65.9,65.9,351.0,351.0,4.540e-99,6.110e-95,4.13,1.07,1.44e+04,1,1,
n11,n65,262,254,28.4,28.4,44.0,44.0,9.080e-07,1.220e-02,4.13,0.821,1.1e+04,0,0,
n11,n66,262,302,50.2,50.2,263.0,263.0,1.630e-72,2.190e-68,4.13,1.24,1.67e+04,1,1,
n11,n67,262,366,35.2,35.2,127.0,127.0,1.390e-31,1.870e-27,4.13,1.22,1.64e+04,1,1,
n11,n68,262,302,52.0,52.0,274.0,274.0,5.400e-76,7.270e-72,4.13,0.843,1.13e+04,1,1,
n11,n69,262,279,60.8,60.8,315.0,315.0,2.110e-88,2.850e-84,4.13,0.724,9.78e+03,1,1,
n11,n7,262,302,52.2,52.2,270.0,270.0,1.330e-74,1.790e-70,4.13,1.3,1.75e+04,1,1,
n11,n70,262,292,49.1,49.1,266.0,266.0,1.920e-73,2.590e-69,4.13,1.17,1.58e+04,1,1,
n11,n71,262,297,47.5,47.5,249.0,249.0,2.430e-68,3.270e-64,4.13,1.13,1.52e+04,1,1,
n11,n72,262,311,61.1,61.1,338.0,338.0,3.970e-95,5.350e-91,4.13,1.14,1.54e+04,1,1,
n11,n73,262,302,53.4,53.4,284.0,284.0,6.810e-79,9.170e-75,4.13,1.09,1.47e+04,1,1,
n11,n74,262,284,79.7,79.7,431.0,431.0,2.640e-123,3.560e-119,4.13,0.753,1.01e+04,1,1,
n11,n75,262,279,49.8,49.8,243.0,243.0,1.740e-66,2.340e-62,4.13,1.26,1.7e+04,1,1,
n11,n76,262,304,49.8,49.8,262.0,262.0,3.620e-72,4.880e-68,4.13,1.38,1.86e+04,1,1,
n11,n77,262,304,50.7,50.7,266.0,266.0,1.920e-73,2.590e-69,4.13,1.17,1.58e+04,1,1,
n11,n78,262,293,60.2,60.2,325.0,325.0,3.480e-91,4.690e-87,4.13,1.22,1.65e+04,1,1,
n11,n79,262,283,34.0,34.0,127.0,127.0,8.160e-32,1.100e-27,4.13,0.714,9.62e+03,1,1,
n11,n8,262,262,98.9,98.9,525.0,525.0,2.290e-151,3.090e-147,4.13,1.29,1.74e+04,1,1,
n11,n80,262,301,97.3,97.3,520.0,520.0,5.650e-150,7.610e-146,4.13,0.997,1.34e+04,1,1,
n11,n81,262,310,64.0,64.0,352.0,352.0,2.660e-99,3.580e-95,4.13,1.25,1.69e+04,1,1,
n11,n82,262,364,34.2,34.2,127.0,127.0,1.390e-31,1.870e-27,4.13,1.22,1.64e+04,1,1,
n11,n83,262,434,48.7,48.7,231.0,231.0,5.240e-63,7.060e-59,4.13,0.929,1.25e+04,1,1,
n11,n85,262,258,25.2,25.2,39.0,39.0,4.980e-05,6.710e-01,4.13,1.41,1.9e+04,0,0,
n11,n86,262,273,49.8,49.8,256.0,256.0,1.520e-70,2.050e-66,4.13,0.905,1.22e+04,1,1,
n11,n87,262,286,59.5,59.5,309.0,309.0,1.510e-86,2.040e-82,4.13,0.81,1.09e+04,1,1,
n11,n88,262,282,50.6,50.6,264.0,264.0,7.290e-73,9.820e-69,4.13,1.11,1.5e+04,1,1,
n11,n89,262,308,49.4,49.4,257.0,257.0,8.920e-71,1.200e-66,4.13,1.06,1.43e+04,1,1,
n11,n9,262,315,59.7,59.7,317.0,317.0,7.260e-89,9.780e-85,4.13,0.996,1.34e+04,1,1,
n11,n90,262,258,26.2,27.0,62.0,61.0,4.210e-12,9.670e-08,4.36,0.998,1.15e+04,0,0,
n110,n101,508,520,29.8,29.8,181.0,181.0,1.570e-47,2.120e-43,4.13,1.28,1.72e+04,0,0,
n110,n102,508,548,30.0,34.7,176.0,158.0,5.070e-46,1.130e-36,9.35,1.29,1.09e+04,1,1,
n110,n103,508,613,31.4,31.4,211.0,211.0,1.090e-56,1.470e-52,4.13,0.951,1.28e+04,1,1,
n110,n104,508,549,36.6,36.6,121.0,121.0,1.480e-29,1.990e-25,4.13,1.04,1.4e+04,1,1,
n110,n106,508,314,27.3,27.3,53.0,53.0,4.950e-09,6.670e-05,4.13,1.18,1.59e+04,0,0,
n110,n107,508,318,24.6,27.0,41.0,41.0,1.950e-05,2.620e-01,4.13,1.14,1.53e+04,0,0,
n110,n108,508,462,38.3,38.3,145.0,145.0,9.580e-37,1.290e-32,4.13,1.13,1.53e+04,1,1,
n110,n109,508,565,34.9,34.9,256.0,256.0,3.850e-70,5.190e-66,4.13,1.18,1.59e+04,1,1,
n110,n111,508,491,32.8,32.8,226.0,226.0,2.500e-61,3.370e-57,4.13,0.715,9.63e+03,1,1,
n110,n99,508,489,31.3,31.3,205.0,205.0,5.970e-55,8.040e-51,4.13,0.814,1.1e+04,1,1,
n111,n101,491,520,34.9,34.9,251.0,251.0,9.170e-69,1.230e-64,4.13,0.91,1.22e+04,1,1,
n111,n102,491,548,35.8,35.8,179.0,179.0,4.430e-47,5.960e-43,4.13,0.931,1.25e+04,1,1,
n111,n103,491,613,35.3,35.3,259.0,259.0,3.370e-71,4.530e-67,4.13,0.856,1.15e+04,1,1,
n111,n104,491,549,33.0,33.0,146.0,146.0,5.430e-37,7.310e-33,4.13,1.33,1.79e+04,1,1,
n111,n106,491,314,29.2,29.2,50.0,50.0,2.380e-08,3.200e-04,4.13,0.735,9.88e+03,0,0,
n111,n107,491,318,26.6,26.6,52.0,52.0,8.160e-09,1.100e-04,4.13,1.01,1.36e+04,0,0,
n111,n108,491,462,31.9,31.9,213.0,213.0,2.770e-57,3.730e-53,4.13,1,1.35e+04,1,1,
n111,n109,491,565,35.7,35.7,280.0,280.0,1.840e-77,2.480e-73,4.13,0.98,1.32e+04,1,1,
n111,n110,491,508,32.8,32.8,226.0,226.0,2.420e-61,3.260e-57,4.13,0.716,9.64e+03,1,1,
n111,n99,491,489,41.8,41.8,377.0,377.0,1.450e-106,1.950e-102,4.13,1.22,1.65e+04,1,1,
n112,n17,421,314,29.1,29.1,35.0,35.0,6.780e-04,9.130e+00,4.13,0.745,1e+04,0,0,
n113,n114,452,400,46.6,46.6,357.0,357.0,8.360e-101,1.130e-96,4.13,0.731,9.88e+03,1,1,
n113,n115,452,431,50.4,50.4,374.0,374.0,8.630e-106,1.160e-101,4.13,0.989,1.33e+04,1,1,
n113,n116,452,419,49.6,49.6,374.0,374.0,1.130e-105,1.520e-101,4.13,1.3,1.74e+04,1,1,
n113,n117,452,402,55.5,55.5,438.0,438.0,6.360e-125,8.560e-121,4.13,1.35,1.81e+04,1,1,
n113,n118,452,417,49.4,49.4,381.0,381.0,5.410e-108,7.280e-104,4.13,0.794,1.07e+04,1,1,
n113,n97,452,266,31.0,31.0,33.0,33.0,4.720e-03,6.350e+01,4.13,1.21,1.63e+04,0,0,
n114,n113,400,452,46.6,46.6,357.0,357.0,7.400e-101,9.970e-97,4.13,0.731,9.85e+03,1,1,
n114,n115,400,431,48.1,48.1,364.0,364.0,6.050e-103,8.150e-99,4.13,0.765,1.03e+04,1,1,
n114,n116,400,419,48.1,48.1,360.0,360.0,1.490e-101,2.010e-97,4.13,1.18,1.59e+04,1,1,
n114,n117,400,402,50.8,50.8,386.0,386.0,2.540e-109,3.420e-105,4.13,1.35,1.81e+04,1,1,
n114,n118,400,417,43.0,43.0,309.0,309.0,3.940e-86,5.310e-82,4.13,1.38,1.86e+04,1,1,
n115,n113,431,452,50.4,50.4,374.0,374.0,8.230e-106,1.110e-101,4.13,0.99,1.33e+04,1,1,
n115,n114,431,400,48.1,48.1,364.0,364.0,6.520e-103,8.790e-99,4.13,0.766,1.03e+04,1,1,
n115,n116,431,419,95.2,95.2,839.0,839.0,1.180e-245,1.590e-241,4.13,1.35,1.82e+04,1,1,
n115,n117,431,402,49.1,49.1,379.0,379.0,3.340e-107,4.500e-103,4.13,1.29,1.73e+04,1,1,
n115,n118,431,417,43.1,43.1,352.0,352.0,2.570e-99,3.450e-95,4.13,0.737,9.89e+03,1,1,
n116,n113,419,452,49.6,49.6,374.0,374.0,1.050e-105,1.410e-101,4.13,1.3,1.74e+04,1,1,
n116,n114,419,400,48.1,48.1,360.0,360.0,1.560e-101,2.100e-97,4.13,1.18,1.59e+04,1,1,
n116,n115,419,431,95.2,95.2,839.0,839.0,1.150e-245,1.540e-241,4.13,1.35,1.81e+04,1,1,
n116,n117,419,402,48.9,48.9,380.0,380.0,1.460e-107,1.960e-103,4.13,1.16,1.55e+04,1,1,
n116,n118,419,417,46.0,46.0,365.0,365.0,3.720e-103,5.010e-99,4.13,0.899,1.21e+04,1,1,
n117,n113,402,452,55.5,55.5,438.0,438.0,5.660e-125,7.620e-121,4.13,1.35,1.81e+04,1,1,
n117,n114,402,400,50.8,50.8,386.0,386.0,2.550e-109,3.430e-105,4.13,1.35,1.81e+04,1,1,
n117,n115,402,431,49.1,49.1,379.0,379.0,3.120e-107,4.200e-103,4.13,1.29,1.73e+04,1,1,
n117,n116,402,419,48.9,48.9,380.0,380.0,1.400e-107,1.880e-103,4.13,1.15,1.55e+04,1,1,
n117,n118,402,417,48.0,48.0,369.0,369.0,3.230e-104,4.350e-100,4.13,1.3,1.75e+04,1,1,
n118,n113,417,452,49.4,49.4,381.0,381.0,4.990e-108,6.720e-104,4.13,0.794,1.07e+04,1,1,
n118,n114,417,400,43.0,43.0,309.0,309.0,4.110e-86,5.540e-82,4.13,1.38,1.87e+04,1,1,
n118,n115,417,431,43.1,43.1,352.0,352.0,2.480e-99,3.340e-95,4.13,0.735,9.9e+03,1,1,
n118,n116,417,419,46.0,46.0,365.0,365.0,3.700e-103,4.980e-99,4.13,0.898,1.21e+04,1,1,
n118,n117,417,402,48.0,48.0,369.0,369.0,3.350e-104,4.510e-100,4.13,1.3,1.75e+04,1,1,
n119,n114,215,400,20.8,23.3,21.0,33.0,8.830e+00,2.310e+01,0.42,1.16,1.24e+04,0,0,
n119,n115,215,431,30.5,30.5,30.0,30.0,1.450e-02,1.960e+02,4.13,0.975,1.32e+04,0,0,
n119,n120,215,201,46.9,46.9,167.0,167.0,7.630e-44,1.030e-39,4.13,0.894,1.21e+04,1,1,
n119,n121,215,215,95.3,95.3,408.0,408.0,3.350e-116,4.510e-112,4.13,1.39,1.87e+04,1,1,
n119,n132,215,380,27.2,27.2,46.0,46.0,1.960e-07,2.640e-03,4.13,0.864,1.16e+04,0,0,
n119,n72,215,311,21.1,21.1,32.0,32.0,2.930e-03,3.950e+01,4.13,0.788,1.06e+04,0,0,
n12,n1,262,290,49.6,49.6,251.0,251.0,4.890e-69,6.590e-65,4.13,0.91,1.23e+04,1,1,
n12,n10,262,262,91.6,91.6,488.0,488.0,3.110e-140,4.180e-136,4.13,1.28,1.72e+04,1,1,
n12,n11,262,262,93.1,93.1,502.0,502.0,2.080e-144,2.800e-140,4.13,1.4,1.88e+04,1,1,
n12,n127,262,433,29.4,29.4,33.0,33.0,2.090e-03,2.820e+01,4.13,0.923,1.25e+04,0,0,
n12,n13,262,262,94.7,94.7,509.0,509.0,9.970e-147,1.340e-142,4.13,0.859,1.15e+04,1,1,
n12,n14,262,319,100.0,100.0,535.0,535.0,2.220e-154,2.980e-150,4.13,1.28,1.72e+04,1,1,
n12,n15,262,301,93.1,93.1,500.0,500.0,7.900e-144,1.060e-139,4.13,1.33,1.78e+04,1,1,
n12,n16,262,262,76.7,76.7,427.0,427.0,4.980e-122,6.710e-118,4.13,0.887,1.2e+04,1,1,
n12,n17,262,314,29.0,29.0,39.0,39.0,4.980e-05,6.710e-01,4.13,1.41,1.9e+04,0,0,
n12,n18,262,298,49.8,49.8,268.0,268.0,3.870e-74,5.210e-70,4.13,0.943,1.27e+04,1,1,
n12,n19,262,307,48.0,48.0,253.0,253.0,1.290e-69,1.730e-65,4.13,0.96,1.29e+04,1,1,
n12,n2,262,259,64.0,64.0,345.0,345.0,3.250e-97,4.380e-93,4.13,1.2,1.61e+04,1,1,
n12,n20,262,298,48.0,48.0,239.0,239.0,1.920e-65,2.590e-61,4.13,0.872,1.18e+04,1,1,
n12,n21,262,304,50.8,50.8,248.0,248.0,5.410e-68,7.290e-64,4.13,1.26,1.69e+04,1,1,
n12,n22,262,296,85.8,85.8,474.0,474.0,3.550e-136,4.790e-132,4.13,0.89,1.2e+04,1,1,
n12,n23,262,300,85.8,85.8,473.0,473.0,6.060e-136,8.160e-132,4.13,0.76,1.02e+04,1,1,
n12,n24,262,304,66.0,66.0,365.0,365.0,2.320e-103,3.130e-99,4.13,0.896,1.21e+04,1,1,
n12,n25,262,301,99.2,99.2,532.0,532.0,1.880e-153,2.530e-149,4.13,1.36,1.83e+04,1,1,
n12,n26,262,261,93.1,93.1,500.0,500.0,4.630e-144,6.240e-140,4.13,0.779,1.05e+04,1,1,
n12,n27,262,296,85.8,85.8,474.0,474.0,3.550e-136,4.790e-132,4.13,0.89,1.2e+04,1,1,
n12,n28,262,284,56.0,56.0,298.0,298.0,4.560e-83,6.140e-79,4.13,1.19,1.61e+04,1,1,
n12,n29,262,319,97.3,97.3,520.0,520.0,5.650e-150,7.610e-146,4.13,0.997,1.34e+04,1,1,
n12,n3,262,380,23.7,23.7,39.0,39.0,3.820e-05,5.140e-01,4.13,1.08,1.45e+04,0,0,
n12,n30,262,262,93.1,93.1,502.0,502.0,2.080e-144,2.800e-140,4.13,1.4,1.88e+04,1,1,
n12,n31,262,262,100.0,100.0,537.0,537.0,5.830e-155,7.850e-151,4.13,1.35,1.82e+04,1,1,
n12,n32,262,294,50.2,50.2,270.0,270.0,7.790e-75,1.050e-70,4.13,0.76,1.02e+04,1,1,
n12,n33,262,293,58.8,58.8,303.0,303.0,1.420e-84,1.910e-80,4.13,1.19,1.6e+04,1,1,
n12,n34,262,293,58.8,58.8,300.0,300.0,9.180e-84,1.240e-79,4.13,0.961,1.3e+04,1,1,
n12,n35,262,456,22.4,22.4,40.0,40.0,2.240e-05,3.010e-01,4.13,1.27,1.7e+04,0,0,
n12,n36,262,310,47.7,47.7,247.0,247.0,7.070e-68,9.520e-64,4.13,0.822,1.11e+04,1,1,
n12,n37,262,263,28.3,28.3,41.0,41.0,7.690e-06,1.040e-01,4.13,0.869,1.18e+04,0,0,
n12,n38,262,495,26.0,26.0,69.0,69.0,3.440e-14,4.640e-10,4.13,1.04,1.41e+04,0,0,
n12,n4,262,292,48.7,48.7,253.0,253.0,1.290e-69,1.730e-65,4.13,0.96,1.29e+04,1,1,
n12,n40,262,292,31.1,31.1,100.0,100.0,1.820e-23,2.450e-19,4.13,1.19,1.6e+04,1,1,
n12,n41,262,305,47.2,47.2,237.0,237.0,7.310e-65,9.850e-61,4.13,0.83,1.12e+04,1,1,
n12,n42,262,426,50.4,50.4,273.0,273.0,1.200e-75,1.620e-71,4.13,0.936,1.26e+04,1,1,
n12,n43,262,319,44.1,44.1,203.0,203.0,2.000e-54,2.690e-50,4.13,1.32,1.78e+04,1,1,
n12,n44,262,301,93.1,93.1,500.0,500.0,7.900e-144,1.060e-139,4.13,1.33,1.78e+04,1,1,
n12,n45,262,319,100.0,100.0,535.0,535.0,2.220e-154,2.980e-150,4.13,1.28,1.72e+04,1,1,
n12,n46,262,301,93.1,93.1,500.0,500.0,7.900e-144,1.060e-139,4.13,1.33,1.78e+04,1,1,
n12,n47,262,304,50.8,50.8,248.0,248.0,5.410e-68,7.290e-64,4.13,1.26,1.69e+04,1,1,
n12,n49,262,262,28.2,28.2,38.0,38.0,6.510e-05,8.770e-01,4.13,0.92,1.24e+04,0,0,
n12,n5,262,292,60.8,60.8,333.0,333.0,1.280e-93,1.720e-89,4.13,1.15,1.55e+04,1,1,
n12,n50,262,269,35.3,34.3,137.0,138.0,1.030e-34,1.060e-30,4.01,0.922,1.9e+04,1,1,
n12,n51,262,312,51.9,51.9,265.0,265.0,4.280e-73,5.760e-69,4.13,1.3,1.76e+04,1,1,
n12,n52,262,260,67.0,67.0,359.0,359.0,1.670e-101,2.240e-97,4.13,1.01,1.35e+04,1,1,
n12,n53,262,260,66.9,66.9,359.0,359.0,2.180e-101,2.930e-97,4.13,1.32,1.77e+04,1,1,
n12,n54,262,259,64.0,64.0,346.0,346.0,1.460e-97,1.970e-93,4.13,1.08,1.45e+04,1,1,
n12,n55,262,257,54.3,54.3,280.0,280.0,7.530e-78,1.010e-73,4.13,0.752,1.01e+04,1,1,
n12,n56,262,257,54.7,54.7,282.0,282.0,1.980e-78,2.670e-74,4.13,0.791,1.07e+04,1,1,
n12,n57,262,257,55.1,55.1,283.0,283.0,8.900e-79,1.200e-74,4.13,0.711,9.59e+03,1,1,
n12,n58,262,299,53.6,53.6,275.0,275.0,3.160e-76,4.260e-72,4.13,0.986,1.33e+04,1,1,
n12,n59,262,298,48.3,48.3,251.0,251.0,4.890e-69,6.590e-65,4.13,0.91,1.23e+04,1,1,
n12,n6,262,289,61.1,61.1,338.0,338.0,3.970e-95,5.350e-91,4.13,1.14,1.54e+04,1,1,
n12,n60,262,316,47.4,47.4,243.0,243.0,1.740e-66,2.340e-62,4.13,1.26,1.7e+04,1,1,
n12,n61,262,307,46.6,46.6,239.0,239.0,1.920e-65,2.590e-61,4.13,0.872,1.18e+04,1,1,
n12,n62,262,263,62.8,62.8,339.0,339.0,2.330e-95,3.140e-91,4.13,1.34,1.81e+04,1,1,
n12,n63,262,282,29.8,29.8,98.0,98.0,6.920e-23,9.320e-19,4.13,1.13,1.52e+04,0,0,
n12,n64,262,257,64.7,64.7,342.0,342.0,2.750e-96,3.710e-92,4.13,1.27,1.71e+04,1,1,
n12,n65,262,254,27.7,27.7,39.0,39.0,3.820e-05,5.140e-01,4.13,1.08,1.45e+04,0,0,
n12,n66,262,302,50.2,50.2,267.0,267.0,1.130e-73,1.520e-69,4.13,1.38,1.85e+04,1,1,
n12,n67,262,366,35.7,35.7,127.0,127.0,1.070e-31,1.440e-27,4.13,0.936,1.26e+04,1,1,
n12,n68,262,302,51.7,51.7,277.0,277.0,1.090e-76,1.460e-72,4.13,1.36,1.82e+04,1,1,
n12,n69,262,279,61.2,61.2,310.0,310.0,1.160e-86,1.560e-82,4.13,1.24,1.67e+04,1,1,
n12,n7,262,302,51.9,51.9,270.0,270.0,1.020e-74,1.370e-70,4.13,0.995,1.34e+04,1,1,
n12,n70,262,292,48.7,48.7,263.0,263.0,1.240e-72,1.680e-68,4.13,0.945,1.28e+04,1,1,
n12,n71,262,297,46.8,46.8,248.0,248.0,3.170e-68,4.270e-64,4.13,0.737,9.93e+03,1,1,
n12,n72,262,311,61.5,61.5,338.0,338.0,3.040e-95,4.100e-91,4.13,0.875,1.18e+04,1,1,
n12,n73,262,302,53.1,53.1,283.0,283.0,8.900e-79,1.200e-74,4.13,0.711,9.59e+03,1,1,
n12,n74,262,284,79.7,79.7,429.0,429.0,1.000e-122,1.350e-118,4.13,0.713,9.62e+03,1,1,
n12,n75,262,279,49.0,49.0,236.0,236.0,2.130e-64,2.860e-60,4.13,1.21,1.62e+04,1,1,
n12,n76,262,304,49.4,49.4,265.0,265.0,4.280e-73,5.760e-69,4.13,1.3,1.76e+04,1,1,
n12,n77,262,304,50.0,50.0,266.0,266.0,1.470e-73,1.980e-69,4.13,0.896,1.21e+04,1,1,
n12,n78,262,293,59.8,59.8,322.0,322.0,2.950e-90,3.970e-86,4.13,1.3,1.74e+04,1,1,
n12,n79,262,283,36.0,36.0,135.0,135.0,5.110e-34,6.880e-30,4.13,1.14,1.54e+04,1,1,
n12,n8,262,262,92.7,92.7,497.0,497.0,5.120e-143,6.890e-139,4.13,1.08,1.45e+04,1,1,
n12,n80,262,301,94.3,94.3,506.0,506.0,1.100e-145,1.480e-141,4.13,1.18,1.59e+04,1,1,
n12,n81,262,310,62.8,62.8,343.0,343.0,9.460e-97,1.270e-92,4.13,0.871,1.17e+04,1,1,
n12,n82,262,364,35.2,35.2,129.0,129.0,2.800e-32,3.780e-28,4.13,0.98,1.32e+04,1,1,
n12,n83,262,434,47.1,47.1,223.0,223.0,1.090e-60,1.470e-56,4.13,0.755,1.02e+04,1,1,
n12,n85,262,258,27.1,28.6,32.0,37.0,4.670e-03,2.550e+00,2.74,1.03,1.8e+04,0,0,
n12,n86,262,273,49.8,49.8,260.0,260.0,1.050e-71,1.420e-67,4.13,1,1.35e+04,1,1,
n12,n87,262,286,59.1,59.1,305.0,305.0,2.190e-85,2.940e-81,4.13,0.734,9.85e+03,1,1,
n12,n88,262,282,50.9,50.9,265.0,265.0,2.510e-73,3.380e-69,4.13,0.765,1.03e+04,1,1,
n12,n89,262,308,48.7,48.7,255.0,255.0,3.390e-70,4.560e-66,4.13,1.01,1.36e+04,1,1,
n12,n9,262,315,59.3,59.3,307.0,307.0,5.750e-86,7.750e-82,4.13,0.771,1.04e+04,1,1,
n12,n90,262,258,29.1,29.0,71.0,70.0,6.940e-15,1.590e-10,4.36,0.842,9.65e+03,0,0,
n120,n117,201,402,26.0,26.0,29.0,29.0,2.320e-02,3.120e+02,4.13,0.835,1.12e+04,0,0,
n120,n119,201,215,46.9,46.9,167.0,167.0,7.130e-44,9.600e-40,4.13,0.894,1.2e+04,1,1,
n120,n121,201,215,46.2,46.2,171.0,171.0,6.450e-45,8.680e-41,4.13,1.29,1.74e+04,1,1,
n120,n132,201,380,29.4,29.4,51.0,51.0,7.450e-09,1.000e-04,4.13,1.12,1.51e+04,0,0,
n120,n2,201,259,24.1,24.1,30.0,30.0,1.040e-02,1.400e+02,4.13,0.748,1.01e+04,0,0,
n120,n52,201,260,23.1,23.1,35.0,35.0,4.230e-04,5.690e+00,4.13,0.974,1.31e+04,0,0,
n120,n53,201,260,21.8,21.8,34.0,34.0,9.420e-04,1.270e+01,4.13,1.08,1.46e+04,0,0,
n120,n54,201,259,24.1,24.1,30.0,30.0,1.040e-02,1.400e+02,4.13,0.748,1.01e+04,0,0,
n120,n6,201,289,24.8,24.8,34.0,34.0,7.210e-04,9.710e+00,4.13,0.83,1.12e+04,0,0,
n120,n62,201,263,26.7,26.7,38.0,38.0,6.520e-05,8.780e-01,4.13,1.2,1.62e+04,0,0,
n120,n64,201,257,26.8,26.8,38.0,38.0,6.520e-05,8.780e-01,4.13,1.2,1.62e+04,0,0,
n120,n73,201,302,27.9,27.9,30.0,30.0,1.780e-02,2.390e+02,4.13,1.28,1.72e+04,0,0,
n120,n81,201,310,27.9,27.9,42.0,42.0,3.460e-06,4.660e-02,4.13,1.02,1.37e+04,0,0,
n120,n83,201,434,22.3,22.3,32.0,32.0,2.740e-03,3.690e+01,4.13,0.788,1.06e+04,0,0,
n120,n9,201,315,27.3,27.3,32.0,32.0,4.670e-03,6.300e+01,4.13,1.34,1.81e+04,0,0,
n120,n97,201,266,24.3,24.3,35.0,35.0,5.520e-04,7.440e+00,4.13,1.27,1.71e+04,0,0,
n121,n114,215,400,26.7,26.7,33.0,33.0,1.320e-03,1.770e+01,4.13,0.71,9.52e+03,0,0,
n121,n115,215,431,30.5,30.5,29.0,29.0,2.480e-02,3.340e+02,4.13,0.834,1.12e+04,0,0,
n121,n119,215,215,95.3,95.3,408.0,408.0,3.350e-116,4.510e-112,4.13,1.39,1.87e+04,1,1,
n121,n120,215,201,46.2,46.2,171.0,171.0,6.900e-45,9.290e-41,4.13,1.29,1.74e+04,1,1,
n121,n132,215,380,27.2,27.2,46.0,46.0,1.960e-07,2.640e-03,4.13,0.864,1.16e+04,0,0,
n121,n72,215,311,21.1,21.1,33.0,33.0,2.240e-03,3.020e+01,4.13,1.21,1.62e+04,0,0,
n122,n125,339,576,24.1,26.0,35.0,34.0,9.310e-04,2.140e+01,4.36,1.27,1.46e+04,0,0,
n122,n126,339,635,22.4,22.4,35.0,35.0,7.130e-04,9.600e+00,4.13,0.973,1.31e+04,0,0,
n122,n127,339,433,24.0,24.0,47.0,47.0,1.810e-07,2.440e-03,4.13,1.01,1.36e+04,0,0,
n122,n128,339,365,24.2,32.8,30.0,29.0,3.000e-02,5.270e+02,4.24,1.28,1.12e+04,0,0,
n123,n124,734,718,45.4,45.4,566.0,566.0,1.930e-163,2.590e-159,4.13,0.855,1.15e+04,1,1,
n123,n96,734,283,30.0,27.4,18.0,32.0,1.950e+02,1.760e+02,-0.04,0.938,1.39e+04,0,0,
n124,n123,718,734,45.4,45.4,566.0,566.0,1.880e-163,2.540e-159,4.13,0.852,1.15e+04,1,1,
n124,n96,718,283,37.5,37.5,37.0,37.0,3.040e-04,4.100e+00,4.13,0.784,1.06e+04,0,0,
n125,n122,576,339,24.1,26.0,35.0,34.0,1.580e-03,3.630e+01,4.36,1.27,1.46e+04,0,0,
n125,n126,576,635,22.5,23.3,35.0,60.0,9.280e-04,3.630e-07,-3.41,0.746,9.79e+03,0,0,
n125,n127,576,433,24.6,24.6,84.0,84.0,2.970e-18,4.000e-14,4.13,1.34,1.81e+04,0,0,
n125,n128,576,365,28.5,28.5,75.0,75.0,1.060e-15,1.420e-11,4.13,0.936,1.25e+04,0,0,
n125,n129,576,362,27.2,27.2,92.0,92.0,6.390e-21,8.610e-17,4.13,0.74,9.97e+03,0,0,
n126,n125,635,576,23.3,23.3,60.0,60.0,2.970e-11,4.000e-07,4.13,0.726,9.78e+03,0,0,
n126,n127,635,433,31.2,31.0,172.0,172.0,7.000e-45,9.430e-41,4.13,0.889,1.2e+04,1,1,
n126,n129,635,362,25.9,25.1,79.0,80.0,6.180e-17,4.880e-13,3.90,0.792,1.25e+04,0,0,
n127,n10,433,262,30.8,30.8,38.0,38.0,1.080e-04,1.450e+00,4.13,0.923,1.24e+04,0,0,
n127,n105,433,295,21.9,21.9,33.0,33.0,4.520e-03,6.090e+01,4.13,1.21,1.63e+04,0,0,
n127,n11,433,262,30.8,30.8,39.0,39.0,4.830e-05,6.500e-01,4.13,0.826,1.11e+04,0,0,
n127,n122,433,339,33.7,24.0,35.0,47.0,9.110e-04,3.120e-03,0.53,0.974,1.37e+04,0,0,
n127,n125,433,576,24.6,24.6,84.0,84.0,2.230e-18,3.010e-14,4.13,1.34,1.81e+04,0,0,
n127,n126,433,635,31.2,31.0,172.0,172.0,4.770e-45,6.430e-41,4.13,0.888,1.2e+04,1,1,
n127,n128,433,365,26.7,26.7,56.0,56.0,4.990e-10,6.710e-06,4.13,1.12,1.5e+04,0,0,
n127,n13,433,262,29.4,29.4,35.0,35.0,6.970e-04,9.390e+00,4.13,0.745,1e+04,0,0,
n127,n15,433,301,30.8,30.8,39.0,39.0,4.830e-05,6.500e-01,4.13,0.826,1.11e+04,0,0,
n127,n18,433,298,24.1,24.1,35.0,35.0,9.110e-04,1.230e+01,4.13,0.974,1.31e+04,0,0,
n127,n26,433,261,30.1,30.1,38.0,38.0,1.410e-04,1.890e+00,4.13,1.21,1.62e+04,0,0,
n127,n30,433,262,30.8,30.8,39.0,39.0,4.830e-05,6.500e-01,4.13,0.826,1.11e+04,0,0,
n127,n41,433,305,24.6,24.6,30.0,30.0,2.240e-02,3.020e+02,4.13,0.748,1.01e+04,0,0,
n127,n42,433,426,27.6,27.6,39.0,39.0,4.830e-05,6.500e-01,4.13,0.826,1.11e+04,0,0,
n127,n44,433,301,30.8,30.8,39.0,39.0,4.830e-05,6.500e-01,4.13,0.826,1.11e+04,0,0,
n127,n46,433,301,30.8,30.8,39.0,39.0,4.830e-05,6.500e-01,4.13,0.826,1.11e+04,0,0,
n127,n74,433,284,34.8,25.2,20.0,38.0,2.320e+01,1.450e+00,-1.20,0.757,1.24e+04,0,0,
n127,n8,433,262,30.6,30.6,40.0,40.0,3.700e-05,4.980e-01,4.13,1.27,1.7e+04,0,0,
n127,n80,433,301,29.4,29.4,35.0,35.0,6.970e-04,9.390e+00,4.13,0.745,1e+04,0,0,
n128,n105,365,295,20.6,24.9,16.0,36.0,4.820e+02,6.060e+00,-1.90,1.17,1.54e+04,0,0,
n128,n122,365,339,24.2,32.8,30.0,29.0,3.230e-02,5.670e+02,4.24,1.28,1.12e+04,0,0,
n128,n125,365,576,28.5,28.5,75.0,75.0,6.690e-16,9.020e-12,4.13,0.933,1.26e+04,0,0,
n128,n127,365,433,26.7,26.7,56.0,56.0,4.200e-10,5.660e-06,4.13,1.12,1.5e+04,0,0,
n128,n129,365,362,34.2,34.2,159.0,159.0,2.700e-41,3.640e-37,4.13,0.728,9.81e+03,1,1,
n128,n3,365,380,24.6,53.3,33.0,32.0,2.230e-03,1.140e+02,4.71,0.707,1.81e+04,0,0,
n128,n35,365,456,26.5,32.4,33.0,31.0,2.230e-03,1.950e+02,4.94,0.707,1.55e+04,0,0,
n128,n83,365,434,25.6,25.6,31.0,31.0,1.110e-02,1.490e+02,4.13,0.88,1.18e+04,0,0,
n129,n125,362,576,27.2,27.2,92.0,92.0,4.020e-21,5.410e-17,4.13,0.741,9.97e+03,0,0,
n129,n126,362,635,25.9,25.1,79.0,80.0,3.520e-17,2.780e-13,3.90,0.792,1.25e+04,0,0,
n129,n128,362,365,34.2,34.2,159.0,159.0,2.680e-41,3.610e-37,4.13,0.729,9.81e+03,1,1,
n13,n1,262,290,50.4,50.4,253.0,253.0,1.290e-69,1.730e-65,4.13,0.96,1.29e+04,1,1,
n13,n10,262,262,96.2,96.2,510.0,510.0,7.630e-147,1.030e-142,4.13,1.31,1.77e+04,1,1,
n13,n11,262,262,97.7,97.7,523.0,523.0,5.110e-151,6.880e-147,4.13,0.721,9.71e+03,1,1,
n13,n12,262,262,94.7,94.7,509.0,509.0,9.970e-147,1.340e-142,4.13,0.859,1.15e+04,1,1,
n13,n127,262,433,29.4,29.4,35.0,35.0,4.220e-04,5.680e+00,4.13,0.745,1e+04,0,0,
n13,n14,262,319,94.6,94.6,507.0,507.0,3.790e-146,5.100e-142,4.13,0.816,1.1e+04,1,1,
n13,n15,262,301,97.7,97.7,522.0,522.0,1.940e-150,2.610e-146,4.13,1.37,1.84e+04,1,1,
n13,n16,262,262,75.2,75.2,417.0,417.0,5.160e-119,6.940e-115,4.13,0.898,1.21e+04,1,1,
n13,n17,262,314,22.8,31.2,23.0,39.0,1.660e+00,5.140e-01,-0.51,0.716,1.45e+04,0,0,
n13,n18,262,298,50.9,50.9,273.0,273.0,1.570e-75,2.110e-71,4.13,1.22,1.65e+04,1,1,
n13,n19,262,307,46.5,46.5,246.0,246.0,2.060e-67,2.770e-63,4.13,1.2,1.61e+04,1,1,
n13,n2,262,259,64.8,64.8,350.0,350.0,7.740e-99,1.040e-94,4.13,0.912,1.23e+04,1,1,
n13,n20,262,298,48.7,48.7,238.0,238.0,5.600e-65,7.540e-61,4.13,1.27,1.71e+04,1,1,
n13,n21,262,304,51.6,51.6,248.0,248.0,5.410e-68,7.290e-64,4.13,1.26,1.69e+04,1,1,
n13,n22,262,296,82.4,82.4,453.0,453.0,8.480e-130,1.140e-125,4.13,1.01,1.36e+04,1,1,
n13,n23,262,300,81.2,81.2,447.0,447.0,6.080e-128,8.180e-124,4.13,1.14,1.53e+04,1,1,
n13,n24,262,304,64.9,64.9,357.0,357.0,4.850e-101,6.530e-97,4.13,0.732,9.85e+03,1,1,
n13,n25,262,301,94.6,94.6,507.0,507.0,4.950e-146,6.660e-142,4.13,1.07,1.43e+04,1,1,
n13,n26,262,261,98.5,98.5,525.0,525.0,1.760e-151,2.360e-147,4.13,0.994,1.33e+04,1,1,
n13,n27,262,296,82.4,82.4,453.0,453.0,8.480e-130,1.140e-125,4.13,1.01,1.36e+04,1,1,
n13,n28,262,284,56.0,56.0,295.0,295.0,2.260e-82,3.050e-78,4.13,0.739,9.98e+03,1,1,
n13,n29,262,319,96.6,96.6,517.0,517.0,6.240e-149,8.410e-145,4.13,1.38,1.85e+04,1,1,
n13,n3,262,380,22.9,22.9,35.0,35.0,4.220e-04,5.680e+00,4.13,0.745,1e+04,0,0,
n13,n30,262,262,97.7,97.7,523.0,523.0,5.110e-151,6.880e-147,4.13,0.721,9.71e+03,1,1,
n13,n31,262,262,94.7,94.7,509.0,509.0,9.970e-147,1.340e-142,4.13,0.859,1.15e+04,1,1,
n13,n32,262,294,50.2,50.2,270.0,270.0,7.790e-75,1.050e-70,4.13,0.76,1.02e+04,1,1,
n13,n33,262,293,59.3,59.3,303.0,303.0,1.080e-84,1.460e-80,4.13,0.905,1.22e+04,1,1,
n13,n34,262,293,59.3,59.3,301.0,301.0,5.380e-84,7.250e-80,4.13,1.13,1.52e+04,1,1,
n13,n35,262,456,21.7,21.7,36.0,36.0,2.470e-04,3.330e+00,4.13,0.872,1.18e+04,0,0,
n13,n36,262,310,48.1,48.1,247.0,247.0,9.230e-68,1.240e-63,4.13,1.07,1.44e+04,1,1,
n13,n37,262,263,28.0,27.2,39.0,39.0,2.920e-05,3.940e-01,4.13,0.825,1.11e+04,0,0,
n13,n38,262,495,26.0,26.0,67.0,67.0,1.710e-13,2.300e-09,4.13,1.3,1.74e+04,0,0,
n13,n4,262,292,49.8,49.8,256.0,256.0,1.990e-70,2.680e-66,4.13,1.18,1.6e+04,1,1,
n13,n40,262,292,30.5,30.5,100.0,100.0,1.820e-23,2.450e-19,4.13,1.19,1.6e+04,1,1,
n13,n41,262,305,47.6,47.6,238.0,238.0,3.280e-65,4.420e-61,4.13,0.745,1e+04,1,1,
n13,n42,262,426,50.7,50.7,275.0,275.0,4.130e-76,5.570e-72,4.13,1.29,1.74e+04,1,1,
n13,n43,262,319,44.5,44.5,204.0,204.0,6.860e-55,9.240e-51,4.13,0.907,1.22e+04,1,1,
n13,n44,262,301,97.7,97.7,522.0,522.0,1.940e-150,2.610e-146,4.13,1.37,1.84e+04,1,1,
n13,n45,262,319,94.6,94.6,507.0,507.0,3.790e-146,5.100e-142,4.13,0.816,1.1e+04,1,1,
n13,n46,262,301,97.7,97.7,522.0,522.0,1.940e-150,2.610e-146,4.13,1.37,1.84e+04,1,1,
n13,n47,262,304,51.6,51.6,248.0,248.0,5.410e-68,7.290e-64,4.13,1.26,1.69e+04,1,1,
n13,n49,262,262,28.2,28.2,36.0,36.0,3.230e-04,4.350e+00,4.13,1.14,1.54e+04,0,0,
n13,n5,262,292,61.6,61.6,334.0,334.0,4.390e-94,5.920e-90,4.13,0.79,1.06e+04,1,1,
n13,n50,262,269,33.9,33.9,137.0,137.0,1.340e-34,1.810e-30,4.13,1.2,1.62e+04,1,1,
n13,n51,262,312,51.9,51.9,260.0,260.0,1.380e-71,1.850e-67,4.13,1.31,1.76e+04,1,1,
n13,n52,262,260,68.2,68.2,366.0,366.0,1.040e-103,1.410e-99,4.13,0.804,1.09e+04,1,1,
n13,n53,262,260,68.4,68.4,365.0,365.0,2.320e-103,3.130e-99,4.13,0.896,1.21e+04,1,1,
n13,n54,262,259,64.8,64.8,351.0,351.0,3.470e-99,4.680e-95,4.13,0.818,1.1e+04,1,1,
n13,n55,262,257,54.2,54.2,279.0,279.0,2.190e-77,2.950e-73,4.13,1.09,1.47e+04,1,1,
n13,n56,262,257,54.5,54.5,281.0,281.0,5.770e-78,7.770e-74,4.13,1.15,1.55e+04,1,1,
n13,n57,262,257,54.9,54.9,282.0,282.0,2.590e-78,3.490e-74,4.13,1.03,1.39e+04,1,1,
n13,n58,262,299,53.6,53.6,275.0,275.0,2.420e-76,3.260e-72,4.13,0.755,1.02e+04,1,1,
n13,n59,262,298,48.7,48.7,249.0,249.0,1.860e-68,2.500e-64,4.13,0.865,1.16e+04,1,1,
n13,n6,262,289,61.1,61.1,336.0,336.0,1.160e-94,1.560e-90,4.13,0.835,1.12e+04,1,1,
n13,n60,262,316,47.0,47.0,242.0,242.0,3.880e-66,5.220e-62,4.13,1.41,1.9e+04,1,1,
n13,n61,262,307,45.9,45.9,235.0,235.0,3.630e-64,4.890e-60,4.13,1.03,1.39e+04,1,1,
n13,n62,262,263,62.5,62.5,338.0,338.0,3.040e-95,4.100e-91,4.13,0.875,1.18e+04,1,1,
n13,n63,262,282,31.1,31.1,103.0,103.0,2.150e-24,2.900e-20,4.13,1.12,1.51e+04,1,1,
n13,n64,262,257,64.7,64.7,346.0,346.0,1.910e-97,2.570e-93,4.13,1.41,1.89e+04,1,1,
n13,n65,262,254,28.4,28.4,45.0,45.0,6.960e-07,9.370e-03,4.13,1.26,1.69e+04,0,0,
n13,n66,262,302,49.8,49.8,260.0,260.0,8.070e-72,1.090e-67,4.13,0.769,1.04e+04,1,1,
n13,n67,262,366,34.8,34.8,122.0,122.0,2.620e-30,3.530e-26,4.13,0.716,9.65e+03,1,1,
n13,n68,262,302,51.3,51.3,270.0,270.0,7.790e-75,1.050e-70,4.13,0.76,1.02e+04,1,1,
n13,n69,262,279,61.2,61.2,315.0,315.0,2.760e-88,3.720e-84,4.13,0.947,1.28e+04,1,1,
n13,n7,262,302,51.5,51.5,265.0,265.0,4.280e-73,5.760e-69,4.13,1.3,1.76e+04,1,1,
n13,n70,262,292,49.8,49.8,269.0,269.0,2.270e-74,3.050e-70,4.13,1.11,1.49e+04,1,1,
n13,n71,262,297,47.2,47.2,245.0,245.0,2.680e-67,3.620e-63,4.13,0.779,1.05e+04,1,1,
n13,n72,262,311,60.7,60.7,335.0,335.0,1.970e-94,2.660e-90,4.13,0.709,9.57e+03,1,1,
n13,n73,262,302,52.7,52.7,280.0,280.0,7.530e-78,1.010e-73,4.13,0.752,1.01e+04,1,1,
n13,n74,262,284,78.9,78.9,428.0,428.0,2.920e-122,3.930e-118,4.13,1.04,1.4e+04,1,1,
n13,n75,262,279,49.4,49.4,241.0,241.0,6.610e-66,8.910e-62,4.13,1.2,1.62e+04,1,1,
n13,n76,262,304,49.4,49.4,260.0,260.0,1.050e-71,1.420e-67,4.13,1,1.35e+04,1,1,
n13,n77,262,304,49.6,49.6,260.0,260.0,1.050e-71,1.420e-67,4.13,1,1.35e+04,1,1,
n13,n78,262,293,60.2,60.2,324.0,324.0,7.760e-91,1.040e-86,4.13,1.36,1.83e+04,1,1,
n13,n79,262,283,34.7,34.7,130.0,130.0,1.640e-32,2.210e-28,4.13,1.15,1.55e+04,1,1,
n13,n8,262,262,97.3,97.3,519.0,519.0,1.260e-149,1.690e-145,4.13,1.11,1.49e+04,1,1,
n13,n80,262,301,99.6,99.6,530.0,530.0,4.180e-153,5.630e-149,4.13,0.755,1.02e+04,1,1,
n13,n81,262,310,63.6,63.6,349.0,349.0,2.250e-98,3.030e-94,4.13,1.33,1.79e+04,1,1,
n13,n82,262,364,33.9,33.9,124.0,124.0,1.180e-30,1.590e-26,4.13,1.29,1.74e+04,1,1,
n13,n83,262,434,48.3,48.3,230.0,230.0,1.520e-62,2.050e-58,4.13,1.35,1.82e+04,1,1,
n13,n85,262,258,25.2,25.2,39.0,39.0,2.920e-05,3.940e-01,4.13,0.825,1.11e+04,0,0,
n13,n86,262,273,49.8,49.8,255.0,255.0,2.590e-70,3.490e-66,4.13,0.771,1.04e+04,1,1,
n13,n87,262,286,59.1,59.1,305.0,305.0,2.190e-85,2.940e-81,4.13,0.734,9.85e+03,1,1,
n13,n88,262,282,51.3,51.3,266.0,266.0,1.470e-73,1.980e-69,4.13,0.896,1.21e+04,1,1,
n13,n89,262,308,48.7,48.7,253.0,253.0,1.680e-69,2.260e-65,4.13,1.25,1.68e+04,1,1,
n13,n9,262,315,58.9,58.9,312.0,312.0,2.340e-87,3.150e-83,4.13,1,1.35e+04,1,1,
n13,n90,262,258,27.0,27.8,65.0,64.0,6.490e-13,1.140e-08,4.24,1.23,1.08e+04,0,0,
n130,n131,305,293,26.0,26.0,51.0,51.0,8.650e-09,1.170e-04,4.13,0.86,1.16e+04,0,0,
n130,n39,305,257,25.3,25.3,36.0,36.0,3.760e-04,5.070e+00,4.13,1.14,1.54e+04,0,0,
n130,n96,305,283,27.3,27.3,46.0,46.0,2.780e-07,3.750e-03,4.13,0.864,1.17e+04,0,0,
n130,n97,305,266,23.0,23.0,56.0,56.0,2.690e-10,3.620e-06,4.13,0.856,1.15e+04,0,0,
n131,n130,293,305,24.7,24.7,52.0,52.0,4.870e-09,6.560e-05,4.13,1.01,1.36e+04,0,0,
n131,n97,293,266,27.6,27.6,50.0,50.0,1.850e-08,2.490e-04,4.13,0.957,1.29e+04,0,0,
n132,n119,380,215,27.2,27.2,46.0,46.0,4.530e-07,6.100e-03,4.13,1.13,1.52e+04,0,0,
n132,n120,380,201,29.4,29.4,51.0,51.0,1.410e-08,1.900e-04,4.13,1.13,1.52e+04,0,0,
n132,n121,380,215,27.2,27.2,46.0,46.0,4.530e-07,6.100e-03,4.13,1.13,1.52e+04,0,0,
n133,n134,335,352,32.4,32.4,63.0,63.0,3.160e-12,4.250e-08,4.13,1.17,1.58e+04,1,1,
n133,n16,335,262,27.3,27.3,38.0,38.0,8.320e-05,1.120e+00,4.13,0.919,1.24e+04,0,0,
n133,n28,335,284,25.3,27.5,38.0,34.0,8.320e-05,2.110e+01,5.40,0.919,1.46e+04,0,0,
n133,n33,335,293,23.6,23.6,37.0,37.0,2.420e-04,3.260e+00,4.13,1.34,1.8e+04,0,0,
n133,n34,335,293,24.8,24.8,39.0,39.0,6.370e-05,8.580e-01,4.13,1.41,1.9e+04,0,0,
n133,n38,335,495,25.3,25.3,41.0,41.0,9.830e-06,1.320e-01,4.13,0.869,1.17e+04,0,0,
n133,n56,335,257,22.6,22.6,31.0,31.0,1.330e-02,1.790e+02,4.13,1.15,1.55e+04,0,0,
n133,n58,335,299,37.7,37.7,32.0,32.0,4.570e-03,6.150e+01,4.13,0.789,1.06e+04,0,0,
n133,n6,335,289,21.9,21.9,39.0,39.0,4.880e-05,6.570e-01,4.13,1.08,1.45e+04,0,0,
n133,n61,335,307,23.5,23.5,40.0,40.0,2.190e-05,2.950e-01,4.13,0.968,1.3e+04,0,0,
n133,n62,335,263,28.1,28.1,39.0,39.0,4.880e-05,6.570e-01,4.13,1.08,1.45e+04,0,0,
n133,n64,335,257,24.6,24.6,35.0,35.0,7.050e-04,9.490e+00,4.13,0.974,1.31e+04,0,0,
n133,n65,335,254,26.8,26.8,48.0,48.0,8.040e-08,1.080e-03,4.13,0.91,1.22e+04,0,0,
n133,n70,335,292,23.7,23.7,36.0,36.0,3.160e-04,4.260e+00,4.13,0.873,1.18e+04,0,0,
n133,n73,335,302,30.2,30.2,32.0,32.0,5.970e-03,8.030e+01,4.13,1.03,1.39e+04,0,0,
n133,n76,335,304,26.2,26.2,39.0,40.0,3.740e-05,3.850e-01,4.01,0.827,1.7e+04,0,0,
n133,n78,335,293,27.3,27.3,39.0,39.0,4.880e-05,6.570e-01,4.13,1.08,1.45e+04,0,0,
n133,n81,335,310,22.7,22.7,39.0,39.0,6.370e-05,8.580e-01,4.13,1.41,1.9e+04,0,0,
n133,n9,335,315,24.8,24.8,37.0,37.0,1.850e-04,2.500e+00,4.13,1.02,1.38e+04,0,0,
n134,n133,352,335,26.0,26.0,66.0,66.0,3.920e-13,5.280e-09,4.13,1.11,1.49e+04,0,0,
n134,n2,352,259,27.3,27.3,50.0,50.0,2.220e-08,3.000e-04,4.13,0.956,1.29e+04,0,0,
n134,n37,352,263,23.6,21.1,25.0,34.0,1.000e+00,1.700e+01,1.23,1.28,1.12e+04,0,0,
n134,n38,352,495,24.1,25.7,43.0,43.0,3.550e-06,3.660e-02,4.01,1.19,1.23e+04,0,0,
n134,n54,352,259,27.3,27.3,50.0,50.0,2.220e-08,3.000e-04,4.13,0.956,1.29e+04,0,0,
n134,n6,352,289,29.7,24.6,16.0,49.0,4.650e+02,8.720e-04,-5.73,1.17,1.88e+04,0,0,
n134,n64,352,257,25.4,25.4,47.0,47.0,1.880e-07,2.540e-03,4.13,1.01,1.37e+04,0,0,
n134,n78,352,293,27.3,27.3,44.0,44.0,1.590e-06,2.150e-02,4.13,1.07,1.45e+04,0,0,
n134,n9,352,315,28.1,28.1,45.0,45.0,5.480e-07,7.380e-03,4.13,0.738,9.93e+03,0,0,
n135,n136,240,256,23.9,24.3,42.0,43.0,3.160e-06,2.500e-02,3.90,0.78,1.23e+04,0,0,
n135,n37,240,263,26.6,27.0,56.0,56.0,2.760e-10,3.720e-06,4.13,1.12,1.5e+04,0,0,
n135,n39,240,257,22.9,22.9,42.0,42.0,5.390e-06,7.260e-02,4.13,1.33,1.79e+04,0,0,
n135,n4,240,292,40.8,40.8,34.0,34.0,1.120e-03,1.510e+01,4.13,1.08,1.46e+04,0,0,
n135,n65,240,254,25.1,25.1,78.0,78.0,6.790e-17,9.150e-13,4.13,1.15,1.55e+04,0,0,
n135,n75,240,279,32.7,35.3,17.0,29.0,1.090e+02,3.730e+02,0.53,0.802,1.12e+04,0,0,
n135,n85,240,258,24.7,24.7,37.0,37.0,1.740e-04,2.340e+00,4.13,1.34,1.8e+04,0,0,
n135,n98,240,276,38.3,38.3,32.0,32.0,4.270e-03,5.760e+01,4.13,1.03,1.39e+04,0,0,
n136,n135,256,240,25.9,24.3,43.0,43.0,1.980e-06,2.660e-02,4.13,0.916,1.23e+04,0,0,
n136,n37,256,263,26.9,26.6,60.0,60.0,2.040e-11,2.750e-07,4.13,1.24,1.67e+04,0,0,
n136,n50,256,269,30.5,30.5,30.0,30.0,2.260e-02,3.050e+02,4.13,1.28,1.72e+04,0,0,
n136,n79,256,283,31.6,31.6,29.0,29.0,3.860e-02,5.200e+02,4.13,1.09,1.47e+04,0,0,
n137,n74,218,284,25.8,25.8,32.0,32.0,2.970e-03,4.000e+01,4.13,0.788,1.06e+04,0,0,
n138,n135,249,240,27.3,27.3,89.0,89.0,2.340e-20,3.150e-16,4.13,0.783,1.05e+04,0,0,
n138,n65,249,254,27.3,27.3,87.0,87.0,1.520e-19,2.040e-15,4.13,1.27,1.71e+04,0,0,
n139,n140,194,227,62.4,62.4,238.0,238.0,4.150e-65,5.580e-61,4.13,1.27,1.71e+04,1,1,
n139,n141,194,226,29.3,29.3,50.0,50.0,1.230e-08,1.650e-04,4.13,0.961,1.29e+04,0,0,
n139,n143,194,230,55.3,55.3,218.0,218.0,2.600e-59,3.500e-55,4.13,0.76,1.02e+04,1,1,
n139,n145,194,224,30.2,30.2,62.0,62.0,2.390e-12,3.210e-08,4.13,0.765,1.03e+04,1,1,
n139,n146,194,216,32.4,32.4,75.0,75.0,3.560e-16,4.790e-12,4.13,0.934,1.26e+04,1,1,
n139,n148,194,230,54.0,54.0,210.0,210.0,7.090e-57,9.540e-53,4.13,0.81,1.09e+04,1,1,
n139,n149,194,237,62.7,62.7,246.0,246.0,1.520e-67,2.050e-63,4.13,1.19,1.61e+04,1,1,
n139,n150,194,213,50.3,50.3,176.0,176.0,1.130e-46,1.530e-42,4.13,0.751,1.02e+04,1,1,
n139,n151,194,230,55.8,55.8,220.0,220.0,8.940e-60,1.200e-55,4.13,1.05,1.4e+04,1,1,
n139,n152,194,186,29.9,29.9,68.0,68.0,4.350e-14,5.860e-10,4.13,0.891,1.2e+04,0,0,
n139,n153,194,216,32.4,32.4,75.0,75.0,3.560e-16,4.790e-12,4.13,0.934,1.26e+04,1,1,
n139,n154,194,221,50.0,50.0,188.0,188.0,4.920e-50,6.630e-46,4.13,1.34,1.81e+04,1,1,
n139,n155,194,222,29.0,29.0,51.0,51.0,5.500e-09,7.410e-05,4.13,0.86,1.16e+04,0,0,
n14,n1,319,290,49.3,49.3,261.0,261.0,7.520e-72,1.010e-67,4.13,1.18,1.58e+04,1,1,
n14,n10,319,262,91.6,91.6,486.0,486.0,1.440e-139,1.940e-135,4.13,1.21,1.64e+04,1,1,
n14,n11,319,262,93.1,93.1,500.0,500.0,9.620e-144,1.300e-139,4.13,1.33,1.8e+04,1,1,
n14,n12,319,262,100.0,100.0,535.0,535.0,2.700e-154,3.630e-150,4.13,1.28,1.72e+04,1,1,
n14,n127,319,433,29.4,29.4,33.0,33.0,2.550e-03,3.430e+01,4.13,0.925,1.24e+04,0,0,
n14,n13,319,262,94.6,94.6,507.0,507.0,4.610e-146,6.210e-142,4.13,0.815,1.1e+04,1,1,
n14,n15,319,301,93.0,93.0,565.0,565.0,2.430e-163,3.280e-159,4.13,1.24,1.67e+04,1,1,
n14,n16,319,262,76.6,76.6,425.0,425.0,2.300e-121,3.100e-117,4.13,0.841,1.13e+04,1,1,
n14,n17,319,314,29.0,29.0,39.0,39.0,6.070e-05,8.170e-01,4.13,1.41,1.9e+04,0,0,
n14,n18,319,298,49.7,49.7,278.0,278.0,4.550e-77,6.130e-73,4.13,0.933,1.26e+04,1,1,
n14,n19,319,307,45.2,45.3,260.0,263.0,9.820e-72,1.560e-68,3.20,0.768,9.76e+03,1,1,
n14,n2,319,259,63.9,63.9,343.0,343.0,1.500e-96,2.030e-92,4.13,1.13,1.54e+04,1,1,
n14,n20,319,298,47.5,47.5,241.0,241.0,6.160e-66,8.300e-62,4.13,0.919,1.24e+04,1,1,
n14,n21,319,304,47.2,47.2,252.0,252.0,2.670e-69,3.600e-65,4.13,0.816,1.1e+04,1,1,
n14,n22,319,296,82.4,82.4,507.0,507.0,7.870e-146,1.060e-141,4.13,1.39,1.88e+04,1,1,
n14,n23,319,300,84.4,84.4,521.0,522.0,3.090e-150,2.440e-146,3.90,0.896,1.41e+04,1,1,
n14,n24,319,304,61.7,61.7,372.0,372.0,3.020e-105,4.070e-101,4.13,1.23,1.65e+04,1,1,
n14,n25,319,301,99.0,99.0,601.0,601.0,3.070e-174,4.130e-170,4.13,1.08,1.45e+04,1,1,
n14,n26,319,261,93.1,93.1,500.0,500.0,5.640e-144,7.590e-140,4.13,0.779,1.05e+04,1,1,
n14,n27,319,296,82.4,82.4,507.0,507.0,7.870e-146,1.060e-141,4.13,1.39,1.88e+04,1,1,
n14,n28,319,284,55.0,55.0,305.0,305.0,3.480e-85,4.680e-81,4.13,0.958,1.29e+04,1,1,
n14,n29,319,319,96.6,96.6,621.0,621.0,3.740e-180,5.030e-176,4.13,1.37,1.85e+04,1,1,
n14,n3,319,380,22.7,22.7,39.0,39.0,4.650e-05,6.260e-01,4.13,1.08,1.45e+04,0,0,
n14,n30,319,262,93.1,93.1,500.0,500.0,9.620e-144,1.300e-139,4.13,1.33,1.8e+04,1,1,
n14,n31,319,262,100.0,100.0,535.0,535.0,2.700e-154,3.630e-150,4.13,1.28,1.72e+04,1,1,
n14,n32,319,294,49.3,49.3,289.0,289.0,3.370e-80,4.530e-76,4.13,1.42,1.9e+04,1,1,
n14,n33,319,293,57.1,57.1,308.0,308.0,4.110e-86,5.530e-82,4.13,0.905,1.22e+04,1,1,
n14,n34,319,293,56.4,56.4,308.0,308.0,5.360e-86,7.220e-82,4.13,1.18,1.59e+04,1,1,
n14,n35,319,456,22.4,22.4,40.0,40.0,2.720e-05,3.670e-01,4.13,1.26,1.7e+04,0,0,
n14,n36,319,310,47.7,47.7,247.0,247.0,8.600e-68,1.160e-63,4.13,0.821,1.11e+04,1,1,
n14,n37,319,263,28.3,28.3,41.0,41.0,9.360e-06,1.260e-01,4.13,0.869,1.17e+04,0,0,
n14,n38,319,495,26.0,26.0,69.0,69.0,4.190e-14,5.650e-10,4.13,1.04,1.41e+04,0,0,
n14,n4,319,292,46.5,48.4,255.0,258.0,4.130e-70,5.030e-67,3.09,1.01,9.84e+03,1,1,
n14,n40,319,292,29.1,29.1,101.0,101.0,9.960e-24,1.340e-19,4.13,1.07,1.43e+04,0,0,
n14,n41,319,305,44.3,44.3,240.0,240.0,1.050e-65,1.420e-61,4.13,0.783,1.06e+04,1,1,
n14,n42,319,426,45.1,45.1,274.0,274.0,6.570e-76,8.850e-72,4.13,0.842,1.13e+04,1,1,
n14,n43,319,319,41.0,41.0,205.0,205.0,6.390e-55,8.610e-51,4.13,1.39,1.87e+04,1,1,
n14,n44,319,301,93.0,93.0,565.0,565.0,2.430e-163,3.280e-159,4.13,1.24,1.67e+04,1,1,
n14,n45,319,319,100.0,100.0,644.0,644.0,4.120e-187,5.550e-183,4.13,1.27,1.71e+04,1,1,
n14,n46,319,301,93.0,93.0,565.0,565.0,2.430e-163,3.280e-159,4.13,1.24,1.67e+04,1,1,
n14,n47,319,304,47.2,47.2,252.0,252.0,2.670e-69,3.600e-65,4.13,0.816,1.1e+04,1,1,
n14,n49,319,262,28.2,28.2,38.0,38.0,7.930e-05,1.070e+00,4.13,0.92,1.24e+04,0,0,
n14,n5,319,292,59.5,59.5,345.0,345.0,3.030e-97,4.080e-93,4.13,0.917,1.23e+04,1,1,
n14,n50,319,269,35.3,34.3,137.0,138.0,1.250e-34,1.290e-30,4.01,0.919,1.9e+04,1,1,
n14,n51,319,312,47.9,47.9,267.0,267.0,8.030e-74,1.080e-69,4.13,0.804,1.08e+04,1,1,
n14,n52,319,260,66.9,66.9,357.0,357.0,7.710e-101,1.040e-96,4.13,0.956,1.29e+04,1,1,
n14,n53,319,260,66.8,66.8,357.0,357.0,1.010e-100,1.360e-96,4.13,1.25,1.69e+04,1,1,
n14,n54,319,259,64.1,64.1,344.0,344.0,5.170e-97,6.960e-93,4.13,0.782,1.05e+04,1,1,
n14,n55,319,257,54.4,54.4,279.0,279.0,2.670e-77,3.590e-73,4.13,1.09,1.47e+04,1,1,
n14,n56,319,257,54.8,54.8,281.0,281.0,5.380e-78,7.240e-74,4.13,0.882,1.19e+04,1,1,
n14,n57,319,257,55.1,55.1,282.0,282.0,2.410e-78,3.250e-74,4.13,0.791,1.07e+04,1,1,
n14,n58,319,299,52.5,52.5,287.0,288.0,7.500e-80,7.730e-76,4.01,0.787,1.62e+04,1,1,
n14,n59,319,298,46.7,46.7,258.0,258.0,6.360e-71,8.570e-67,4.13,1.24,1.68e+04,1,1,
n14,n6,319,289,58.4,59.8,346.0,347.0,1.780e-97,1.400e-93,3.90,1.08,1.69e+04,1,1,
n14,n60,319,316,47.4,47.4,243.0,243.0,2.120e-66,2.850e-62,4.13,1.27,1.7e+04,1,1,
n14,n61,319,307,42.7,42.7,240.0,240.0,1.370e-65,1.850e-61,4.13,1.02,1.38e+04,1,1,
n14,n62,319,263,62.7,62.7,340.0,340.0,1.270e-95,1.720e-91,4.13,1.2,1.63e+04,1,1,
n14,n63,319,282,30.3,30.5,104.0,105.0,9.010e-25,7.110e-21,3.90,0.771,1.22e+04,1,1,
n14,n64,319,257,64.7,64.7,342.0,342.0,3.350e-96,4.510e-92,4.13,1.27,1.71e+04,1,1,
n14,n65,319,254,27.7,27.7,39.0,39.0,4.650e-05,6.260e-01,4.13,1.08,1.45e+04,0,0,
n14,n66,319,302,46.8,46.8,271.0,271.0,5.560e-75,7.490e-71,4.13,0.891,1.2e+04,1,1,
n14,n67,319,366,35.7,35.7,127.0,127.0,1.300e-31,1.750e-27,4.13,0.934,1.26e+04,1,1,
n14,n68,319,302,48.8,49.3,282.0,283.0,2.410e-78,1.910e-74,3.90,0.791,1.25e+04,1,1,
n14,n69,319,279,57.6,57.6,312.0,312.0,2.840e-87,3.830e-83,4.13,1,1.35e+04,1,1,
n14,n7,319,302,49.5,49.5,275.0,275.0,3.850e-76,5.190e-72,4.13,0.987,1.33e+04,1,1,
n14,n70,319,292,47.6,47.6,271.0,271.0,5.560e-75,7.490e-71,4.13,0.891,1.2e+04,1,1,
n14,n71,319,297,43.3,44.8,250.0,252.0,1.730e-68,3.600e-65,3.32,1.32,1.1e+04,1,1,
n14,n72,319,311,58.9,58.9,355.0,355.0,3.830e-100,5.150e-96,4.13,1.19,1.6e+04,1,1,
n14,n73,319,302,50.5,50.2,285.0,291.0,3.720e-79,9.140e-77,2.39,0.976,1.54e+04,1,1,
n14,n74,319,284,76.5,76.5,445.0,445.0,2.150e-127,2.900e-123,4.13,0.825,1.11e+04,1,1,
n14,n75,319,279,47.1,47.8,240.0,242.0,1.050e-65,4.870e-62,3.67,0.783,1.45e+04,1,1,
n14,n76,319,304,49.3,49.3,265.0,265.0,5.210e-73,7.010e-69,4.13,1.3,1.75e+04,1,1,
n14,n77,319,304,46.2,46.2,270.0,270.0,9.490e-75,1.280e-70,4.13,0.76,1.03e+04,1,1,
n14,n78,319,293,56.6,56.6,327.0,327.0,6.540e-92,8.810e-88,4.13,0.755,1.02e+04,1,1,
n14,n79,319,283,36.0,36.0,135.0,135.0,6.220e-34,8.380e-30,4.13,1.14,1.54e+04,1,1,
n14,n8,319,262,92.7,92.7,498.0,498.0,2.140e-143,2.890e-139,4.13,0.739,9.98e+03,1,1,
n14,n80,319,301,94.0,94.0,571.0,571.0,3.400e-165,4.570e-161,4.13,1.11,1.49e+04,1,1,
n14,n81,319,310,58.8,58.8,353.0,353.0,1.450e-99,1.960e-95,4.13,1.12,1.52e+04,1,1,
n14,n82,319,364,35.2,35.2,129.0,129.0,3.410e-32,4.600e-28,4.13,0.98,1.32e+04,1,1,
n14,n83,319,434,46.1,46.1,238.0,238.0,6.820e-65,9.180e-61,4.13,1.27,1.71e+04,1,1,
n14,n85,319,258,27.1,28.6,32.0,37.0,5.680e-03,3.110e+00,2.74,1.03,1.8e+04,0,0,
n14,n86,319,273,48.4,48.4,261.0,261.0,7.520e-72,1.010e-67,4.13,1.18,1.58e+04,1,1,
n14,n87,319,286,56.1,56.1,312.0,312.0,2.180e-87,2.930e-83,4.13,0.768,1.03e+04,1,1,
n14,n88,319,282,47.7,47.7,267.0,267.0,1.050e-73,1.410e-69,4.13,1.05,1.41e+04,1,1,
n14,n89,319,308,45.8,45.8,260.0,260.0,9.820e-72,1.320e-67,4.13,0.768,1.03e+04,1,1,
n14,n9,319,315,52.8,53.5,314.0,314.0,7.480e-88,1.010e-83,4.13,1.05,1.42e+04,1,1,
n140,n139,227,194,62.4,62.4,238.0,238.0,4.850e-65,6.530e-61,4.13,1.27,1.71e+04,1,1,
n140,n142,227,239,28.2,28.2,66.0,66.0,1.930e-13,2.600e-09,4.13,0.845,1.14e+04,0,0,
n140,n143,227,230,57.7,57.7,264.0,264.0,6.320e-73,8.510e-69,4.13,1.11,1.5e+04,1,1,
n140,n144,227,239,26.9,26.9,58.0,58.0,5.270e-11,7.090e-07,4.13,0.901,1.21e+04,0,0,
n140,n145,227,224,21.9,21.9,39.0,39.0,2.530e-05,3.410e-01,4.13,0.825,1.11e+04,0,0,
n140,n146,227,216,25.7,27.4,46.0,67.0,2.710e-07,1.990e-09,-2.13,1.13,1.74e+04,0,0,
n140,n147,227,203,32.5,32.3,104.0,106.0,6.410e-25,2.270e-21,3.55,0.771,1.09e+04,1,1,
n140,n148,227,230,56.4,57.5,252.0,255.0,3.250e-69,5.160e-66,3.20,1.4,1.77e+04,1,1,
n140,n149,227,237,53.8,53.8,243.0,243.0,1.150e-66,1.550e-62,4.13,0.964,1.3e+04,1,1,
n140,n150,227,213,46.2,46.2,171.0,171.0,7.280e-45,9.810e-41,4.13,1.29,1.74e+04,1,1,
n140,n151,227,230,57.7,57.7,264.0,264.0,4.840e-73,6.520e-69,4.13,0.851,1.15e+04,1,1,
n140,n152,227,186,30.3,30.3,63.0,63.0,1.640e-12,2.200e-08,4.13,0.897,1.2e+04,1,1,
n140,n153,227,216,25.7,27.4,46.0,67.0,2.710e-07,1.990e-09,-2.13,1.13,1.74e+04,0,0,
n140,n154,227,221,47.8,47.8,191.0,191.0,3.990e-51,5.370e-47,4.13,0.743,1e+04,1,1,
n141,n139,226,194,29.3,29.3,50.0,50.0,1.430e-08,1.920e-04,4.13,0.959,1.29e+04,0,0,
n141,n142,226,239,64.5,64.5,297.0,297.0,6.710e-83,9.030e-79,4.13,1.02,1.37e+04,1,1,
n141,n143,226,230,25.1,26.4,35.0,43.0,3.640e-04,3.070e-02,1.93,0.745,1.61e+04,0,0,
n141,n144,226,239,61.6,61.6,290.0,290.0,1.070e-80,1.440e-76,4.13,1.27,1.71e+04,1,1,
n141,n145,226,224,57.3,57.3,248.0,248.0,3.570e-68,3.680e-64,4.01,0.962,9.92e+03,1,1,
n141,n146,226,216,32.5,32.5,89.0,89.0,2.770e-20,3.740e-16,4.13,1.02,1.38e+04,1,1,
n141,n147,226,203,23.3,23.3,44.0,44.0,7.840e-07,1.060e-02,4.13,0.822,1.11e+04,0,0,
n141,n149,226,237,28.1,28.1,41.0,41.0,6.630e-06,8.930e-02,4.13,0.869,1.17e+04,0,0,
n141,n150,226,213,27.6,27.6,40.0,40.0,1.480e-05,1.990e-01,4.13,0.97,1.3e+04,0,0,
n141,n151,226,230,25.8,25.8,42.0,42.0,5.080e-06,6.840e-02,4.13,1.33,1.79e+04,0,0,
n141,n152,226,186,33.0,33.0,74.0,74.0,1.210e-15,1.620e-11,4.13,1.36,1.82e+04,1,1,
n141,n153,226,216,32.5,32.5,89.0,89.0,2.770e-20,3.740e-16,4.13,1.02,1.38e+04,1,1,
n141,n154,226,221,27.8,27.8,58.0,58.0,6.850e-11,9.220e-07,4.13,1.18,1.58e+04,0,0,
n141,n155,226,222,62.8,62.8,272.0,272.0,2.310e-75,3.110e-71,4.13,1.04,1.41e+04,1,1,
n142,n140,239,227,28.2,28.2,66.0,66.0,2.040e-13,2.740e-09,4.13,0.848,1.14e+04,0,0,
n142,n141,239,226,64.5,64.5,297.0,297.0,7.090e-83,9.550e-79,4.13,1.02,1.37e+04,1,1,
n142,n144,239,239,93.3,93.3,451.0,451.0,2.940e-129,3.960e-125,4.13,0.963,1.3e+04,1,1,
n142,n145,239,224,54.9,54.7,255.0,256.0,2.370e-70,1.870e-66,3.90,0.773,1.22e+04,1,1,
n142,n146,239,216,29.1,29.1,73.0,73.0,2.180e-15,2.930e-11,4.13,1.16,1.56e+04,0,0,
n142,n149,239,237,27.6,27.6,57.0,57.0,1.610e-10,2.170e-06,4.13,1.31,1.76e+04,0,0,
n142,n153,239,216,29.1,29.1,73.0,73.0,2.180e-15,2.930e-11,4.13,1.16,1.56e+04,0,0,
n142,n154,239,221,27.6,27.6,58.0,58.0,5.550e-11,7.470e-07,4.13,0.901,1.21e+04,0,0,
n142,n155,239,222,54.3,54.3,230.0,230.0,1.060e-62,1.430e-58,4.13,1.03,1.39e+04,1,1,
n143,n139,230,194,55.3,55.3,218.0,218.0,3.090e-59,4.160e-55,4.13,0.762,1.03e+04,1,1,
n143,n140,230,227,57.7,57.7,263.0,264.0,1.430e-72,8.620e-69,3.78,1.24,1.5e+04,1,1,
n143,n141,230,226,26.4,26.4,43.0,43.0,2.320e-06,3.120e-02,4.13,1.19,1.61e+04,0,0,
n143,n145,230,224,24.4,24.4,50.0,50.0,1.900e-08,2.560e-04,4.13,1.25,1.69e+04,0,0,
n143,n146,230,216,25.7,25.7,69.0,69.0,3.950e-14,5.320e-10,4.13,1.37,1.84e+04,0,0,
n143,n147,230,203,32.7,32.7,107.0,107.0,1.310e-25,1.760e-21,4.13,1.24,1.67e+04,1,1,
n143,n148,230,230,77.1,77.1,347.0,347.0,4.400e-98,5.930e-94,4.13,0.739,9.95e+03,1,1,
n143,n149,230,237,49.6,49.2,230.0,227.0,1.020e-62,1.170e-57,5.06,1.03,1.48e+04,1,1,
n143,n150,230,213,49.3,49.3,191.0,191.0,4.040e-51,5.440e-47,4.13,0.742,1e+04,1,1,
n143,n151,230,230,98.3,98.3,447.0,447.0,4.080e-128,5.500e-124,4.13,0.868,1.17e+04,1,1,
n143,n153,230,216,25.7,25.7,69.0,69.0,3.950e-14,5.320e-10,4.13,1.37,1.84e+04,0,0,
n143,n154,230,221,45.9,45.9,193.0,195.0,1.060e-51,4.920e-48,3.67,0.779,1.45e+04,1,1,
n144,n140,239,227,26.9,26.9,58.0,58.0,5.550e-11,7.470e-07,4.13,0.901,1.21e+04,0,0,
n144,n141,239,226,62.1,62.1,290.0,290.0,1.130e-80,1.530e-76,4.13,1.27,1.72e+04,1,1,
n144,n142,239,239,93.3,93.3,451.0,451.0,2.940e-129,3.960e-125,4.13,0.963,1.3e+04,1,1,
n144,n145,239,224,57.3,57.3,265.0,265.0,2.990e-73,4.020e-69,4.13,0.999,1.34e+04,1,1,
n144,n146,239,216,29.2,29.2,73.0,73.0,2.180e-15,2.930e-11,4.13,1.16,1.56e+04,0,0,
n144,n149,239,237,26.9,26.9,54.0,54.0,1.370e-09,1.840e-05,4.13,1.39,1.87e+04,0,0,
n144,n153,239,216,29.2,29.2,73.0,73.0,2.180e-15,2.930e-11,4.13,1.16,1.56e+04,0,0,
n144,n154,239,221,27.2,27.2,57.0,57.0,1.610e-10,2.170e-06,4.13,1.31,1.76e+04,0,0,
n144,n155,239,222,52.8,54.8,230.0,231.0,1.390e-62,4.930e-59,3.55,1.35,9.59e+03,1,1,
n145,n139,224,194,30.2,30.2,62.0,62.0,2.760e-12,3.710e-08,4.13,0.765,1.03e+04,1,1,
n145,n140,224,227,24.8,21.9,25.0,39.0,4.880e-01,3.360e-01,-0.16,0.984,1.11e+04,0,0,
n145,n141,224,226,57.3,57.3,248.0,248.0,2.710e-68,3.650e-64,4.13,0.737,9.93e+03,1,1,
n145,n142,224,239,54.9,54.7,255.0,256.0,2.220e-70,1.750e-66,3.90,0.773,1.22e+04,1,1,
n145,n143,224,230,24.4,24.4,50.0,50.0,1.850e-08,2.490e-04,4.13,1.25,1.69e+04,0,0,
n145,n144,224,239,57.3,57.3,265.0,265.0,2.800e-73,3.770e-69,4.13,0.998,1.34e+04,1,1,
n145,n147,224,203,25.8,25.8,54.0,54.0,9.800e-10,1.320e-05,4.13,1.06,1.43e+04,0,0,
n145,n148,224,230,22.4,22.4,39.0,39.0,3.260e-05,4.390e-01,4.13,1.08,1.45e+04,0,0,
n145,n149,224,237,28.4,29.7,39.0,43.0,4.260e-05,3.040e-02,2.85,1.41,1.61e+04,0,0,
n145,n150,224,213,28.0,28.0,49.0,49.0,3.150e-08,4.250e-04,4.13,1.07,1.44e+04,0,0,
n145,n151,224,230,25.0,25.0,50.0,50.0,1.420e-08,1.910e-04,4.13,0.961,1.29e+04,0,0,
n145,n154,224,221,25.7,30.1,21.0,65.0,9.200e+00,4.380e-09,-9.32,1.16,9.72e+03,0,1,gained_in_v12
n145,n155,224,222,58.9,58.9,245.0,245.0,3.920e-67,5.270e-63,4.13,1.33,1.79e+04,1,1,
n146,n139,216,194,32.4,32.4,75.0,75.0,3.960e-16,5.340e-12,4.13,0.933,1.26e+04,1,1,
n146,n140,216,227,26.4,27.4,63.0,67.0,1.560e-12,1.900e-09,3.09,0.897,1.75e+04,0,0,
n146,n141,216,226,32.5,32.5,89.0,89.0,2.650e-20,3.570e-16,4.13,1.02,1.38e+04,1,1,
n146,n142,216,239,29.1,29.1,73.0,73.0,1.970e-15,2.650e-11,4.13,1.16,1.56e+04,0,0,
n146,n143,216,230,25.7,25.7,69.0,69.0,3.710e-14,4.990e-10,4.13,1.37,1.84e+04,0,0,
n146,n144,216,239,29.2,29.2,73.0,73.0,1.970e-15,2.650e-11,4.13,1.16,1.56e+04,0,0,
n146,n145,216,224,29.2,29.2,80.0,80.0,9.430e-18,1.270e-13,4.13,0.711,9.57e+03,0,0,
n146,n147,216,203,32.6,32.6,104.0,104.0,7.960e-25,1.070e-20,4.13,1.01,1.35e+04,1,1,
n146,n148,216,230,26.7,26.7,70.0,70.0,1.270e-14,1.720e-10,4.13,0.935,1.27e+04,0,0,
n146,n149,216,237,26.0,26.5,55.0,55.0,3.250e-10,4.370e-06,4.13,0.73,9.82e+03,0,0,
n146,n150,216,213,27.7,27.7,62.0,62.0,2.660e-12,3.580e-08,4.13,0.765,1.03e+04,0,0,
n146,n151,216,230,25.7,25.7,67.0,67.0,8.260e-14,1.110e-09,4.13,0.76,1.02e+04,0,0,
n146,n152,216,186,44.2,44.2,157.0,157.0,1.040e-40,1.390e-36,4.13,1.18,1.58e+04,1,1,
n146,n153,216,216,100.0,100.0,423.0,423.0,5.930e-121,7.990e-117,4.13,0.801,1.08e+04,1,1,
n146,n154,216,221,29.4,28.8,68.0,74.0,4.840e-14,1.550e-11,2.51,0.891,1.83e+04,0,0,
n146,n155,216,222,30.8,30.8,78.0,78.0,4.680e-17,6.300e-13,4.13,0.882,1.19e+04,1,1,
n147,n139,203,194,31.7,31.7,89.0,89.0,1.910e-20,2.570e-16,4.13,0.784,1.06e+04,1,1,
n147,n140,203,227,32.9,32.8,108.0,108.0,5.180e-26,6.980e-22,4.13,1.12,1.5e+04,1,1,
n147,n141,203,226,23.3,23.3,44.0,44.0,7.040e-07,9.480e-03,4.13,0.822,1.11e+04,0,0,
n147,n143,203,230,32.7,32.7,107.0,107.0,1.150e-25,1.560e-21,4.13,1.24,1.68e+04,1,1,
n147,n145,203,224,24.9,25.8,52.0,54.0,4.410e-09,1.560e-05,3.55,1.32,1.86e+04,0,0,
n147,n146,203,216,32.6,32.6,104.0,104.0,7.480e-25,1.010e-20,4.13,1.01,1.36e+04,1,1,
n147,n148,203,230,30.6,30.6,96.0,96.0,2.040e-22,2.750e-18,4.13,1.07,1.45e+04,1,1,
n147,n149,203,237,31.1,30.9,94.0,94.0,7.750e-22,1.040e-17,4.13,1.02,1.37e+04,1,1,
n147,n150,203,213,29.4,29.4,86.0,86.0,2.110e-19,2.840e-15,4.13,1.08,1.46e+04,0,0,
n147,n151,203,230,31.9,31.9,103.0,103.0,1.670e-24,2.250e-20,4.13,1.12,1.51e+04,1,1,
n147,n152,203,186,32.2,32.2,90.0,90.0,1.120e-20,1.510e-16,4.13,0.92,1.24e+04,1,1,
n147,n153,203,216,32.6,32.6,104.0,104.0,7.480e-25,1.010e-20,4.13,1.01,1.36e+04,1,1,
n147,n154,203,221,32.7,32.7,107.0,107.0,8.840e-26,1.190e-21,4.13,0.952,1.28e+04,1,1,
n147,n155,203,222,26.4,26.4,52.0,52.0,3.380e-09,4.550e-05,4.13,1.01,1.36e+04,0,0,
n148,n139,230,194,54.0,54.0,210.0,210.0,8.400e-57,1.130e-52,4.13,0.809,1.09e+04,1,1,
n148,n140,230,227,56.8,57.5,250.0,255.0,9.570e-69,5.230e-66,2.74,1.01,1.77e+04,1,1,
n148,n143,230,230,77.1,77.1,347.0,347.0,4.400e-98,5.930e-94,4.13,0.739,9.95e+03,1,1,
n148,n145,230,224,22.4,22.4,39.0,39.0,3.350e-05,4.510e-01,4.13,1.08,1.45e+04,0,0,
n148,n146,230,216,26.7,26.7,70.0,70.0,1.360e-14,1.830e-10,4.13,0.94,1.27e+04,0,0,
n148,n147,230,203,30.6,30.6,96.0,96.0,2.310e-22,3.110e-18,4.13,1.07,1.44e+04,1,1,
n148,n149,230,237,48.7,48.7,218.0,218.0,3.090e-59,4.160e-55,4.13,0.762,1.03e+04,1,1,
n148,n150,230,213,47.1,47.1,181.0,181.0,7.130e-48,9.600e-44,4.13,1.28,1.72e+04,1,1,
n148,n151,230,230,76.2,76.2,344.0,344.0,4.870e-97,6.560e-93,4.13,1.02,1.38e+04,1,1,
n148,n152,230,186,25.3,25.3,59.0,59.0,4.090e-11,5.500e-07,4.13,1.38,1.86e+04,0,0,
n148,n153,230,216,26.7,26.7,70.0,70.0,1.360e-14,1.830e-10,4.13,0.94,1.27e+04,0,0,
n148,n154,230,221,47.8,47.8,191.0,191.0,6.890e-51,9.280e-47,4.13,1.27,1.71e+04,1,1,
n149,n139,237,194,62.7,62.7,246.0,246.0,1.860e-67,2.500e-63,4.13,1.2,1.61e+04,1,1,
n149,n140,237,227,53.8,53.8,243.0,243.0,1.210e-66,1.620e-62,4.13,0.972,1.3e+04,1,1,
n149,n141,237,226,25.8,25.8,43.0,43.0,2.390e-06,3.220e-02,4.13,1.19,1.61e+04,0,0,
n149,n142,237,239,27.6,27.6,57.0,57.0,1.600e-10,2.150e-06,4.13,1.31,1.76e+04,0,0,
n149,n143,237,230,49.6,49.6,230.0,230.0,1.060e-62,1.420e-58,4.13,1.04,1.39e+04,1,1,
n149,n144,237,239,26.9,26.9,54.0,54.0,1.350e-09,1.820e-05,4.13,1.38,1.86e+04,0,0,
n149,n145,237,224,25.8,29.7,38.0,43.0,5.890e-05,3.220e-02,2.74,0.92,1.61e+04,0,0,
n149,n146,237,216,26.0,26.5,55.0,55.0,3.560e-10,4.800e-06,4.13,0.729,9.83e+03,0,0,
n149,n147,237,203,30.8,31.3,92.0,94.0,4.490e-21,1.220e-17,3.43,1.26,1.37e+04,1,1,
n149,n148,237,230,48.7,48.7,218.0,218.0,3.180e-59,7.300e-55,4.36,0.761,1.75e+04,1,1,
n149,n150,237,213,44.3,44.3,182.0,182.0,2.520e-48,3.400e-44,4.13,0.878,1.18e+04,1,1,
n149,n151,237,230,49.2,49.2,228.0,228.0,4.010e-62,5.400e-58,4.13,0.983,1.32e+04,1,1,
n149,n152,237,186,27.8,27.8,57.0,57.0,1.230e-10,1.650e-06,4.13,1.01,1.35e+04,0,0,
n149,n153,237,216,26.0,26.5,55.0,55.0,3.560e-10,4.800e-06,4.13,0.729,9.83e+03,0,0,
n149,n154,237,221,43.7,43.7,185.0,186.0,3.900e-49,1.800e-45,3.66,1.09,1e+04,1,1,
n149,n155,237,222,27.7,27.7,35.0,35.0,6.510e-04,8.770e+00,4.13,1.27,1.71e+04,0,0,
n15,n1,301,290,50.3,50.3,265.0,265.0,2.880e-73,3.880e-69,4.13,0.764,1.03e+04,1,1,
n15,n10,301,262,98.5,98.5,518.0,518.0,3.220e-149,4.340e-145,4.13,1.24,1.67e+04,1,1,
n15,n11,301,262,100.0,100.0,532.0,532.0,2.150e-153,2.900e-149,4.13,1.35,1.82e+04,1,1,
n15,n12,301,262,93.1,93.1,500.0,500.0,9.070e-144,1.220e-139,4.13,1.33,1.79e+04,1,1,
n15,n127,301,433,30.8,30.8,39.0,39.0,3.360e-05,4.520e-01,4.13,0.826,1.11e+04,0,0,
n15,n13,301,262,97.7,97.7,522.0,522.0,2.230e-150,3.000e-146,4.13,1.37,1.84e+04,1,1,
n15,n14,301,319,93.0,93.0,565.0,565.0,2.300e-163,3.090e-159,4.13,1.24,1.67e+04,1,1,
n15,n16,301,262,75.1,75.1,416.0,416.0,1.320e-118,1.780e-114,4.13,0.999,1.35e+04,1,1,
n15,n17,301,314,23.4,33.3,25.0,42.0,8.560e-01,6.980e-02,-1.09,1.29,1.37e+04,0,0,
n15,n18,301,298,51.4,51.4,287.0,287.0,9.240e-80,1.240e-75,4.13,1.03,1.38e+04,1,1,
n15,n19,301,307,44.3,44.3,258.0,262.0,6.010e-71,5.600e-68,2.97,1.25,1.86e+04,1,1,
n15,n2,301,259,64.6,64.6,349.0,349.0,2.590e-98,3.480e-94,4.13,1.33,1.79e+04,1,1,
n15,n20,301,298,48.6,48.6,245.0,245.0,4.030e-67,5.430e-63,4.13,1.02,1.37e+04,1,1,
n15,n21,301,304,48.6,48.6,257.0,257.0,1.340e-70,1.800e-66,4.13,1.39,1.87e+04,1,1,
n15,n22,301,296,80.4,80.4,492.0,492.0,2.470e-141,3.330e-137,4.13,1.41,1.91e+04,1,1,
n15,n23,301,300,81.1,81.1,498.0,499.0,2.640e-143,2.080e-139,3.90,0.967,1.52e+04,1,1,
n15,n24,301,304,61.4,61.4,367.0,367.0,7.030e-104,9.470e-100,4.13,0.946,1.27e+04,1,1,
n15,n25,301,301,92.7,92.7,563.0,563.0,6.680e-163,9.000e-159,4.13,0.902,1.22e+04,1,1,
n15,n26,301,261,99.2,99.2,528.0,528.0,2.380e-152,3.210e-148,4.13,0.936,1.26e+04,1,1,
n15,n27,301,296,80.4,80.4,492.0,492.0,2.470e-141,3.330e-137,4.13,1.41,1.91e+04,1,1,
n15,n28,301,284,55.0,55.0,304.0,304.0,5.600e-85,7.540e-81,4.13,0.817,1.1e+04,1,1,
n15,n29,301,319,95.0,95.0,576.0,576.0,7.630e-167,1.030e-162,4.13,0.844,1.14e+04,1,1,
n15,n3,301,380,22.0,22.0,34.0,34.0,1.080e-03,1.450e+01,4.13,0.83,1.11e+04,0,0,
n15,n30,301,262,100.0,100.0,532.0,532.0,2.150e-153,2.900e-149,4.13,1.35,1.82e+04,1,1,
n15,n31,301,262,93.1,93.1,500.0,500.0,9.070e-144,1.220e-139,4.13,1.33,1.79e+04,1,1,
n15,n32,301,294,49.7,49.7,292.0,292.0,2.200e-81,2.960e-77,4.13,0.783,1.05e+04,1,1,
n15,n33,301,293,58.2,58.2,313.0,313.0,1.200e-87,1.620e-83,4.13,0.896,1.21e+04,1,1,
n15,n34,301,293,57.4,57.4,313.0,313.0,1.570e-87,2.120e-83,4.13,1.17,1.58e+04,1,1,
n15,n35,301,456,21.3,21.3,36.0,36.0,3.710e-04,5.000e+00,4.13,1.14,1.54e+04,0,0,
n15,n36,301,310,48.9,48.9,250.0,250.0,1.250e-68,1.690e-64,4.13,1.01,1.37e+04,1,1,
n15,n37,301,263,28.0,27.2,39.0,39.0,4.380e-05,5.900e-01,4.13,1.08,1.45e+04,0,0,
n15,n38,301,495,26.4,26.4,73.0,73.0,2.740e-15,3.690e-11,4.13,1.16,1.56e+04,0,0,
n15,n4,301,292,47.2,49.1,260.0,263.0,9.270e-72,1.470e-68,3.20,0.768,9.75e+03,1,1,
n15,n40,301,292,30.4,30.4,104.0,104.0,1.110e-24,1.490e-20,4.13,1.01,1.35e+04,1,1,
n15,n41,301,305,45.5,45.5,248.0,248.0,3.640e-68,4.910e-64,4.13,0.737,9.94e+03,1,1,
n15,n42,301,426,51.7,51.7,281.0,281.0,6.620e-78,8.920e-74,4.13,1.15,1.55e+04,1,1,
n15,n43,301,319,38.2,38.2,205.0,205.0,4.620e-55,6.220e-51,4.13,1.06,1.43e+04,1,1,
n15,n44,301,301,100.0,100.0,602.0,602.0,1.700e-174,2.280e-170,4.13,1.26,1.69e+04,1,1,
n15,n45,301,319,93.0,93.0,565.0,565.0,2.300e-163,3.090e-159,4.13,1.24,1.67e+04,1,1,
n15,n46,301,301,100.0,100.0,602.0,602.0,1.700e-174,2.280e-170,4.13,1.26,1.69e+04,1,1,
n15,n47,301,304,48.6,48.6,257.0,257.0,1.340e-70,1.800e-66,4.13,1.39,1.87e+04,1,1,
n15,n49,301,262,28.2,28.2,35.0,35.0,4.850e-04,6.530e+00,4.13,0.746,1e+04,0,0,
n15,n5,301,292,59.8,59.8,347.0,347.0,7.530e-98,1.010e-93,4.13,0.966,1.3e+04,1,1,
n15,n50,301,269,33.7,33.7,135.0,135.0,4.500e-34,6.050e-30,4.13,0.877,1.18e+04,1,1,
n15,n51,301,312,50.2,50.2,268.0,268.0,4.440e-74,5.980e-70,4.13,0.942,1.27e+04,1,1,
n15,n52,301,260,67.7,67.7,363.0,363.0,1.010e-102,1.370e-98,4.13,0.849,1.15e+04,1,1,
n15,n53,301,260,68.3,68.3,364.0,364.0,7.770e-103,1.050e-98,4.13,1.31,1.77e+04,1,1,
n15,n54,301,259,64.9,64.9,350.0,350.0,8.890e-99,1.200e-94,4.13,0.912,1.23e+04,1,1,
n15,n55,301,257,55.0,55.0,283.0,283.0,1.740e-78,2.350e-74,4.13,1.21,1.63e+04,1,1,
n15,n56,301,257,55.0,55.0,285.0,285.0,4.590e-79,6.180e-75,4.13,1.28,1.72e+04,1,1,
n15,n57,301,257,55.7,55.7,286.0,286.0,1.580e-79,2.120e-75,4.13,0.879,1.18e+04,1,1,
n15,n58,301,299,52.5,51.5,289.0,290.0,3.180e-80,1.470e-76,3.66,1.42,1.31e+04,1,1,
n15,n59,301,298,46.5,46.5,259.0,259.0,2.700e-71,3.630e-67,4.13,1.12,1.5e+04,1,1,
n15,n6,301,289,60.1,60.1,346.0,347.0,1.680e-97,7.760e-94,3.66,1.08,9.95e+03,1,1,
n15,n60,301,316,47.8,47.8,247.0,247.0,1.380e-67,1.860e-63,4.13,1.4,1.88e+04,1,1,
n15,n61,301,307,46.6,46.6,240.0,240.0,9.920e-66,1.340e-61,4.13,0.784,1.06e+04,1,1,
n15,n62,301,263,63.5,63.5,344.0,344.0,8.320e-97,1.120e-92,4.13,1.33,1.8e+04,1,1,
n15,n63,301,282,31.0,31.2,110.0,111.0,2.020e-26,1.600e-22,3.90,1.17,1.86e+04,1,1,
n15,n64,301,257,65.9,65.9,351.0,351.0,5.210e-99,7.020e-95,4.13,1.07,1.44e+04,1,1,
n15,n65,301,254,28.4,28.4,44.0,44.0,1.040e-06,1.410e-02,4.13,0.819,1.11e+04,0,0,
n15,n66,301,302,46.8,46.8,268.0,268.0,4.440e-74,5.980e-70,4.13,0.942,1.27e+04,1,1,
n15,n67,301,366,35.2,35.2,127.0,127.0,1.600e-31,2.150e-27,4.13,1.22,1.64e+04,1,1,
n15,n68,301,302,49.2,49.7,280.0,281.0,1.130e-77,6.830e-74,3.78,0.982,1.19e+04,1,1,
n15,n69,301,279,56.0,56.8,316.0,319.0,1.420e-88,3.860e-85,3.43,0.848,1.84e+04,1,1,
n15,n7,301,302,49.4,49.4,275.0,275.0,2.780e-76,3.750e-72,4.13,0.755,1.02e+04,1,1,
n15,n70,301,292,47.9,47.9,274.0,274.0,8.100e-76,1.090e-71,4.13,1.1,1.48e+04,1,1,
n15,n71,301,297,44.7,44.7,253.0,253.0,1.930e-69,2.600e-65,4.13,1.25,1.68e+04,1,1,
n15,n72,301,311,58.2,58.7,353.0,355.0,1.050e-99,3.720e-96,3.55,0.862,1.22e+04,1,1,
n15,n73,301,302,50.9,50.5,285.0,292.0,2.690e-79,3.870e-77,2.16,0.748,1.38e+04,1,1,
n15,n74,301,284,78.1,76.8,449.0,449.0,1.410e-128,1.890e-124,4.13,0.917,1.23e+04,1,1,
n15,n75,301,279,48.9,49.3,251.0,252.0,7.340e-69,3.400e-65,3.67,1.19,1.1e+04,1,1,
n15,n76,301,304,49.6,49.6,262.0,262.0,4.160e-72,5.600e-68,4.13,1.38,1.86e+04,1,1,
n15,n77,301,304,46.9,46.9,270.0,270.0,1.170e-74,1.570e-70,4.13,0.993,1.33e+04,1,1,
n15,n78,301,293,56.7,56.7,332.0,332.0,2.510e-93,3.370e-89,4.13,0.983,1.32e+04,1,1,
n15,n79,301,283,34.0,34.0,127.0,127.0,9.370e-32,1.260e-27,4.13,0.713,9.59e+03,1,1,
n15,n8,301,262,98.9,98.9,526.0,526.0,9.050e-152,1.220e-147,4.13,0.889,1.2e+04,1,1,
n15,n80,301,301,97.7,97.7,590.0,590.0,5.110e-171,6.880e-167,4.13,0.926,1.25e+04,1,1,
n15,n81,301,310,60.4,60.4,361.0,361.0,3.860e-102,5.190e-98,4.13,0.811,1.09e+04,1,1,
n15,n82,301,364,34.2,34.2,127.0,127.0,1.600e-31,2.150e-27,4.13,1.22,1.64e+04,1,1,
n15,n83,301,434,47.5,47.5,245.0,245.0,3.080e-67,4.150e-63,4.13,0.779,1.05e+04,1,1,
n15,n85,301,258,25.2,25.2,39.0,39.0,5.730e-05,7.710e-01,4.13,1.41,1.9e+04,0,0,
n15,n86,301,273,48.4,48.4,257.0,257.0,1.020e-70,1.380e-66,4.13,1.06,1.43e+04,1,1,
n15,n87,301,286,56.5,56.5,317.0,317.0,1.090e-88,1.470e-84,4.13,1.3,1.76e+04,1,1,
n15,n88,301,282,47.4,47.4,266.0,266.0,1.690e-73,2.270e-69,4.13,0.897,1.2e+04,1,1,
n15,n89,301,308,46.4,46.4,262.0,262.0,4.160e-72,5.600e-68,4.13,1.38,1.86e+04,1,1,
n15,n9,301,315,55.6,55.6,324.0,324.0,6.820e-91,9.190e-87,4.13,1.04,1.41e+04,1,1,
n15,n90,301,258,26.2,27.0,62.0,61.0,4.840e-12,1.110e-07,4.36,0.999,1.15e+04,0,0,
n150,n139,213,194,50.3,50.3,176.0,176.0,1.250e-46,1.680e-42,4.13,0.757,1.02e+04,1,1,
n150,n140,213,227,46.2,46.2,171.0,171.0,6.830e-45,9.200e-41,4.13,1.29,1.74e+04,1,1,
n150,n141,213,226,27.6,27.6,40.0,40.0,1.390e-05,1.880e-01,4.13,0.966,1.31e+04,0,0,
n150,n143,213,230,49.3,49.3,191.0,191.0,3.740e-51,5.040e-47,4.13,0.742,1e+04,1,1,
n150,n145,213,224,28.0,29.0,49.0,49.0,3.920e-08,4.040e-04,4.01,1.4,1.44e+04,0,0,
n150,n146,213,216,27.7,27.7,62.0,62.0,2.620e-12,3.530e-08,4.13,0.764,1.03e+04,0,0,
n150,n147,213,203,29.4,29.4,86.0,86.0,2.210e-19,2.980e-15,4.13,1.08,1.46e+04,0,0,
n150,n148,213,230,47.1,47.1,181.0,181.0,6.600e-48,8.890e-44,4.13,1.28,1.72e+04,1,1,
n150,n149,213,237,44.3,44.3,182.0,182.0,2.270e-48,3.060e-44,4.13,0.88,1.19e+04,1,1,
n150,n151,213,230,50.7,50.7,193.0,193.0,1.680e-51,2.260e-47,4.13,1.33,1.79e+04,1,1,
n150,n153,213,216,27.7,27.7,62.0,62.0,2.620e-12,3.530e-08,4.13,0.764,1.03e+04,0,0,
n150,n154,213,221,51.9,51.9,203.0,203.0,9.510e-55,1.280e-50,4.13,0.773,1.04e+04,1,1,
n150,n155,213,222,30.3,30.3,45.0,45.0,5.650e-07,7.620e-03,4.13,1.26,1.7e+04,1,0,lost_in_v12
n151,n139,230,194,55.8,55.8,220.0,220.0,1.060e-59,1.430e-55,4.13,1.05,1.41e+04,1,1,
n151,n140,230,227,57.7,57.7,264.0,264.0,4.900e-73,6.600e-69,4.13,0.85,1.15e+04,1,1,
n151,n141,230,226,25.8,25.8,42.0,42.0,5.170e-06,6.960e-02,4.13,1.33,1.79e+04,0,0,
n151,n143,230,230,98.3,98.3,447.0,447.0,4.080e-128,5.500e-124,4.13,0.868,1.17e+04,1,1,
n151,n145,230,224,25.0,25.0,50.0,50.0,1.450e-08,1.960e-04,4.13,0.956,1.29e+04,0,0,
n151,n146,230,216,25.7,25.7,67.0,67.0,8.800e-14,1.180e-09,4.13,0.76,1.02e+04,0,0,
n151,n147,230,203,31.9,31.9,103.0,103.0,1.890e-24,2.540e-20,4.13,1.12,1.51e+04,1,1,
n151,n148,230,230,76.2,76.2,344.0,344.0,4.870e-97,6.560e-93,4.13,1.02,1.38e+04,1,1,
n151,n149,230,237,49.2,48.7,228.0,225.0,3.890e-62,4.440e-57,5.06,0.983,1.4e+04,1,1,
n151,n150,230,213,50.7,50.7,193.0,193.0,1.810e-51,2.440e-47,4.13,1.33,1.79e+04,1,1,
n151,n153,230,216,25.7,25.7,67.0,67.0,8.800e-14,1.180e-09,4.13,0.76,1.02e+04,0,0,
n151,n154,230,221,45.4,45.4,192.0,194.0,2.370e-51,1.100e-47,3.67,0.871,1.62e+04,1,1,
n152,n139,186,194,29.9,29.9,68.0,68.0,4.170e-14,5.620e-10,4.13,0.891,1.2e+04,0,0,
n152,n140,186,227,30.3,30.3,63.0,63.0,1.340e-12,1.810e-08,4.13,0.895,1.21e+04,1,1,
n152,n141,186,226,33.0,33.0,74.0,74.0,9.930e-16,1.340e-11,4.13,1.36,1.83e+04,1,1,
n152,n142,186,239,33.7,33.2,75.0,73.0,3.410e-16,2.280e-11,4.83,0.933,1.56e+04,1,1,
n152,n144,186,239,31.8,31.3,74.0,72.0,7.600e-16,5.080e-11,4.83,1.04,1.74e+04,1,1,
n152,n145,186,224,29.2,29.2,71.0,71.0,4.930e-15,6.630e-11,4.13,0.843,1.13e+04,0,0,
n152,n146,186,216,44.2,44.2,157.0,157.0,8.920e-41,1.200e-36,4.13,1.18,1.59e+04,1,1,
n152,n147,186,203,32.2,32.2,90.0,90.0,1.020e-20,1.380e-16,4.13,0.914,1.24e+04,1,1,
n152,n148,186,230,25.8,25.8,59.0,59.0,3.300e-11,4.450e-07,4.13,1.38,1.86e+04,0,0,
n152,n149,186,237,27.8,27.8,57.0,57.0,9.610e-11,1.290e-06,4.13,1,1.35e+04,0,0,
n152,n150,186,213,24.7,24.7,57.0,57.0,1.260e-10,1.690e-06,4.13,1.31,1.76e+04,0,0,
n152,n153,186,216,44.2,44.2,157.0,157.0,8.920e-41,1.200e-36,4.13,1.18,1.59e+04,1,1,
n152,n154,186,221,30.3,30.3,71.0,71.0,4.930e-15,6.630e-11,4.13,0.843,1.13e+04,1,1,
n152,n155,186,222,32.6,32.6,73.0,73.0,1.690e-15,2.280e-11,4.13,1.16,1.56e+04,1,1,
n153,n139,216,194,32.4,32.4,75.0,75.0,3.960e-16,5.340e-12,4.13,0.933,1.26e+04,1,1,
n153,n140,216,227,26.4,27.4,63.0,67.0,1.560e-12,1.900e-09,3.09,0.897,1.75e+04,0,0,
n153,n141,216,226,32.5,32.5,89.0,89.0,2.650e-20,3.570e-16,4.13,1.02,1.38e+04,1,1,
n153,n142,216,239,29.1,29.1,73.0,73.0,1.970e-15,2.650e-11,4.13,1.16,1.56e+04,0,0,
n153,n143,216,230,25.7,25.7,69.0,69.0,3.710e-14,4.990e-10,4.13,1.37,1.84e+04,0,0,
n153,n144,216,239,29.2,29.2,73.0,73.0,1.970e-15,2.650e-11,4.13,1.16,1.56e+04,0,0,
n153,n145,216,224,29.2,29.2,80.0,80.0,9.430e-18,1.270e-13,4.13,0.711,9.57e+03,0,0,
n153,n146,216,216,100.0,100.0,423.0,423.0,5.930e-121,7.990e-117,4.13,0.801,1.08e+04,1,1,
n153,n147,216,203,32.6,32.6,104.0,104.0,7.960e-25,1.070e-20,4.13,1.01,1.35e+04,1,1,
n153,n148,216,230,26.7,26.7,70.0,70.0,1.270e-14,1.720e-10,4.13,0.935,1.27e+04,0,0,
n153,n149,216,237,26.0,26.5,55.0,55.0,3.250e-10,4.370e-06,4.13,0.73,9.82e+03,0,0,
n153,n150,216,213,27.7,27.7,62.0,62.0,2.660e-12,3.580e-08,4.13,0.765,1.03e+04,0,0,
n153,n151,216,230,25.7,25.7,67.0,67.0,8.260e-14,1.110e-09,4.13,0.76,1.02e+04,0,0,
n153,n152,216,186,44.2,44.2,157.0,157.0,1.040e-40,1.390e-36,4.13,1.18,1.58e+04,1,1,
n153,n154,216,221,29.4,28.8,68.0,74.0,4.840e-14,1.550e-11,2.51,0.891,1.83e+04,0,0,
n153,n155,216,222,30.8,30.8,78.0,78.0,4.680e-17,6.300e-13,4.13,0.882,1.19e+04,1,1,
n154,n139,221,194,50.0,50.0,188.0,188.0,5.600e-50,7.550e-46,4.13,1.34,1.8e+04,1,1,
n154,n140,221,227,47.4,47.8,190.0,191.0,1.470e-50,5.230e-47,3.55,1.41,1e+04,1,1,
n154,n141,221,226,28.2,28.2,58.0,58.0,6.700e-11,9.020e-07,4.13,1.18,1.58e+04,0,0,
n154,n142,221,239,27.6,27.6,58.0,58.0,5.130e-11,6.910e-07,4.13,0.901,1.21e+04,0,0,
n154,n143,221,230,45.9,45.9,195.0,195.0,3.510e-52,4.730e-48,4.13,1.07,1.45e+04,1,1,
n154,n144,221,239,27.2,27.2,57.0,57.0,1.490e-10,2.010e-06,4.13,1.31,1.77e+04,0,0,
n154,n145,221,224,30.1,30.1,65.0,65.0,3.210e-13,4.330e-09,4.13,0.722,9.73e+03,1,1,
n154,n146,221,216,29.4,28.8,68.0,74.0,4.960e-14,1.590e-11,2.51,0.892,1.83e+04,0,0,
n154,n147,221,203,32.7,32.7,106.0,107.0,2.140e-25,1.300e-21,3.78,1.06,1.29e+04,1,1,
n154,n148,221,230,47.8,47.8,191.0,191.0,6.620e-51,8.920e-47,4.13,1.27,1.71e+04,1,1,
n154,n149,221,237,43.7,43.7,186.0,186.0,1.250e-49,1.680e-45,4.13,0.747,1e+04,1,1,
n154,n150,221,213,51.9,51.9,203.0,203.0,9.870e-55,1.330e-50,4.13,0.773,1.04e+04,1,1,
n154,n151,221,230,45.4,45.4,194.0,194.0,7.820e-52,1.050e-47,4.13,1.2,1.61e+04,1,1,
n154,n152,221,186,30.3,30.3,71.0,71.0,5.850e-15,7.880e-11,4.13,0.842,1.13e+04,1,1,
n154,n153,221,216,29.4,28.8,68.0,74.0,4.960e-14,1.590e-11,2.51,0.892,1.83e+04,0,0,
n154,n155,221,222,26.3,26.3,49.0,49.0,2.380e-08,3.210e-04,4.13,0.816,1.1e+04,0,0,
n155,n139,222,194,29.0,29.0,51.0,51.0,6.300e-09,8.480e-05,4.13,0.861,1.16e+04,0,0,
n155,n141,222,226,62.8,62.8,272.0,272.0,2.270e-75,3.060e-71,4.13,1.04,1.41e+04,1,1,
n155,n142,222,239,54.3,54.3,230.0,230.0,9.890e-63,1.330e-58,4.13,1.04,1.39e+04,1,1,
n155,n144,222,239,52.8,54.8,230.0,231.0,1.290e-62,4.580e-59,3.55,1.35,9.59e+03,1,1,
n155,n145,222,224,58.9,58.9,245.0,245.0,3.880e-67,5.230e-63,4.13,1.33,1.79e+04,1,1,
n155,n146,222,216,29.3,29.3,73.0,73.0,1.550e-15,2.080e-11,4.13,0.888,1.19e+04,0,0,
n155,n147,222,203,26.4,26.4,52.0,52.0,3.690e-09,4.970e-05,4.13,1.01,1.36e+04,0,0,
n155,n149,222,237,22.3,27.7,28.0,35.0,4.370e-02,8.210e+00,2.27,0.712,1.71e+04,0,0,
n155,n150,222,213,30.3,30.3,45.0,45.0,5.890e-07,7.940e-03,4.13,1.26,1.69e+04,1,0,lost_in_v12
n155,n152,222,186,32.6,32.6,73.0,73.0,2.020e-15,2.720e-11,4.13,1.16,1.56e+04,1,1,
n155,n153,222,216,29.3,29.3,73.0,73.0,1.550e-15,2.080e-11,4.13,0.888,1.19e+04,0,0,
n155,n154,222,221,26.3,26.3,49.0,49.0,2.390e-08,3.220e-04,4.13,0.816,1.1e+04,0,0,
n156,n157,407,412,44.1,44.1,310.0,310.0,1.380e-86,1.860e-82,4.13,0.952,1.28e+04,1,1,
n156,n158,407,404,47.1,47.1,315.0,315.0,5.600e-88,7.540e-84,4.13,1.24,1.67e+04,1,1,
n156,n159,407,419,47.7,47.7,382.0,382.0,3.730e-108,5.020e-104,4.13,1.22,1.64e+04,1,1,
n156,n160,407,245,39.9,39.9,156.0,156.0,4.350e-40,5.850e-36,4.13,1.31,1.77e+04,1,1,
n157,n156,412,407,44.1,44.1,310.0,310.0,1.400e-86,1.880e-82,4.13,0.955,1.28e+04,1,1,
n157,n158,412,404,39.9,39.9,263.0,263.0,2.560e-72,3.440e-68,4.13,1.24,1.67e+04,1,1,
n157,n159,412,419,56.0,56.0,466.0,466.0,1.990e-133,2.680e-129,4.13,1.24,1.67e+04,1,1,
n157,n160,412,245,63.1,63.1,282.0,282.0,4.070e-78,5.480e-74,4.13,1.03,1.39e+04,1,1,
n158,n156,404,407,47.1,47.1,315.0,315.0,5.560e-88,7.480e-84,4.13,1.24,1.66e+04,1,1,
n158,n157,404,412,39.9,39.9,263.0,263.0,2.510e-72,3.370e-68,4.13,1.24,1.67e+04,1,1,
n158,n159,404,419,41.3,41.3,323.0,323.0,1.560e-90,2.100e-86,4.13,0.889,1.2e+04,1,1,
n158,n160,404,245,40.6,40.6,159.0,159.0,3.900e-41,5.250e-37,4.13,0.95,1.28e+04,1,1,
n159,n156,419,407,47.7,47.7,382.0,382.0,3.840e-108,5.170e-104,4.13,1.22,1.64e+04,1,1,
n159,n157,419,412,56.0,56.0,466.0,466.0,2.020e-133,2.720e-129,4.13,1.24,1.67e+04,1,1,
n159,n158,419,404,41.3,41.3,323.0,323.0,1.620e-90,2.180e-86,4.13,0.89,1.2e+04,1,1,
n159,n160,419,245,50.0,50.0,229.0,229.0,4.160e-62,5.600e-58,4.13,1.15,1.55e+04,1,1,
n16,n1,262,290,48.9,48.9,246.0,246.0,1.570e-67,2.120e-63,4.13,0.913,1.23e+04,1,1,
n16,n10,262,262,73.7,73.7,404.0,404.0,4.520e-115,6.080e-111,4.13,0.96,1.29e+04,1,1,
n16,n11,262,262,75.2,75.2,418.0,418.0,3.020e-119,4.070e-115,4.13,1.05,1.42e+04,1,1,
n16,n12,262,262,76.7,76.7,427.0,427.0,4.980e-122,6.710e-118,4.13,0.887,1.2e+04,1,1,
n16,n13,262,262,75.2,75.2,417.0,417.0,5.160e-119,6.940e-115,4.13,0.898,1.21e+04,1,1,
n16,n133,262,335,25.0,25.0,38.0,38.0,8.500e-05,1.150e+00,4.13,1.2,1.62e+04,0,0,
n16,n14,262,319,76.6,76.6,425.0,425.0,1.890e-121,2.550e-117,4.13,0.842,1.14e+04,1,1,
n16,n15,262,301,75.1,75.1,416.0,416.0,1.150e-118,1.550e-114,4.13,1,1.35e+04,1,1,
n16,n17,262,314,25.8,25.8,32.0,32.0,6.090e-03,8.210e+01,4.13,1.34,1.81e+04,0,0,
n16,n18,262,298,50.2,50.2,268.0,268.0,3.870e-74,5.210e-70,4.13,0.943,1.27e+04,1,1,
n16,n19,262,307,48.9,48.9,258.0,258.0,5.230e-71,7.040e-67,4.13,1.25,1.68e+04,1,1,
n16,n2,262,259,67.8,67.8,355.0,355.0,3.140e-100,4.230e-96,4.13,1.18,1.6e+04,1,1,
n16,n20,262,298,45.7,45.7,232.0,232.0,2.350e-63,3.170e-59,4.13,0.834,1.12e+04,1,1,
n16,n21,262,304,48.5,48.5,249.0,249.0,2.430e-68,3.270e-64,4.13,1.13,1.52e+04,1,1,
n16,n22,262,296,77.8,77.8,430.0,430.0,7.690e-123,1.040e-118,4.13,1.1,1.48e+04,1,1,
n16,n23,262,300,78.2,78.2,431.0,431.0,2.640e-123,3.560e-119,4.13,0.753,1.01e+04,1,1,
n16,n24,262,304,69.1,69.1,373.0,373.0,1.110e-105,1.500e-101,4.13,1.1,1.48e+04,1,1,
n16,n25,262,301,75.9,75.9,422.0,422.0,1.600e-120,2.160e-116,4.13,0.891,1.2e+04,1,1,
n16,n26,262,261,74.7,74.7,414.0,414.0,3.340e-118,4.500e-114,4.13,0.726,9.79e+03,1,1,
n16,n27,262,296,77.8,77.8,430.0,430.0,7.690e-123,1.040e-118,4.13,1.1,1.48e+04,1,1,
n16,n28,262,284,59.1,59.1,303.0,303.0,1.080e-84,1.460e-80,4.13,0.905,1.22e+04,1,1,
n16,n29,262,319,75.9,75.9,420.0,420.0,6.090e-120,8.200e-116,4.13,0.848,1.14e+04,1,1,
n16,n3,262,380,24.6,22.3,32.0,32.0,6.090e-03,8.210e+01,4.13,1.34,1.81e+04,0,0,
n16,n30,262,262,75.2,75.2,418.0,418.0,3.020e-119,4.070e-115,4.13,1.05,1.42e+04,1,1,
n16,n31,262,262,76.7,76.7,427.0,427.0,4.980e-122,6.710e-118,4.13,0.887,1.2e+04,1,1,
n16,n32,262,294,52.9,52.9,285.0,285.0,3.060e-79,4.120e-75,4.13,0.978,1.32e+04,1,1,
n16,n33,262,293,61.3,61.3,309.0,309.0,1.510e-86,2.040e-82,4.13,0.81,1.09e+04,1,1,
n16,n34,262,293,59.7,59.7,299.0,299.0,2.670e-83,3.600e-79,4.13,1.4,1.88e+04,1,1,
n16,n35,262,456,23.1,21.8,33.0,33.0,1.600e-03,2.160e+01,4.13,0.706,9.54e+03,0,0,
n16,n36,262,310,48.1,48.1,251.0,251.0,4.890e-69,6.590e-65,4.13,0.91,1.23e+04,1,1,
n16,n38,262,495,27.9,27.9,69.0,69.0,3.440e-14,4.640e-10,4.13,1.04,1.41e+04,0,0,
n16,n4,262,292,51.3,51.3,261.0,261.0,6.180e-72,8.320e-68,4.13,1.18,1.58e+04,1,1,
n16,n40,262,292,28.6,33.9,69.0,108.0,3.440e-14,9.010e-22,-7.58,1.04,1.5e+04,0,1,gained_in_v12
n16,n41,262,305,44.0,44.0,221.0,221.0,4.150e-60,5.590e-56,4.13,0.719,9.68e+03,1,1,
n16,n42,262,426,50.0,50.0,268.0,268.0,5.050e-74,6.800e-70,4.13,1.23,1.66e+04,1,1,
n16,n43,262,319,44.0,44.0,215.0,215.0,3.890e-58,5.230e-54,4.13,1.05,1.42e+04,1,1,
n16,n44,262,301,75.1,75.1,416.0,416.0,1.150e-118,1.550e-114,4.13,1,1.35e+04,1,1,
n16,n45,262,319,76.6,76.6,425.0,425.0,1.890e-121,2.550e-117,4.13,0.842,1.14e+04,1,1,
n16,n46,262,301,75.1,75.1,416.0,416.0,1.150e-118,1.550e-114,4.13,1,1.35e+04,1,1,
n16,n47,262,304,48.5,48.5,249.0,249.0,2.430e-68,3.270e-64,4.13,1.13,1.52e+04,1,1,
n16,n5,262,292,64.6,64.6,347.0,347.0,8.560e-98,1.150e-93,4.13,1.26,1.69e+04,1,1,
n16,n50,262,269,33.6,33.6,139.0,139.0,2.070e-35,2.790e-31,4.13,0.742,9.99e+03,1,1,
n16,n51,262,312,48.3,48.3,250.0,250.0,1.420e-68,1.920e-64,4.13,1.32,1.79e+04,1,1,
n16,n52,262,260,68.6,68.6,369.0,369.0,1.230e-104,1.660e-100,4.13,0.76,1.03e+04,1,1,
n16,n53,262,260,68.4,68.4,363.0,363.0,8.830e-103,1.190e-98,4.13,0.853,1.15e+04,1,1,
n16,n54,262,259,67.0,67.0,352.0,352.0,2.040e-99,2.740e-95,4.13,0.962,1.29e+04,1,1,
n16,n55,262,257,56.1,56.1,292.0,292.0,2.500e-81,3.370e-77,4.13,1.02,1.38e+04,1,1,
n16,n56,262,257,57.6,57.6,297.0,297.0,5.950e-83,8.020e-79,4.13,0.779,1.05e+04,1,1,
n16,n57,262,257,56.8,56.8,295.0,295.0,2.950e-82,3.980e-78,4.13,0.965,1.3e+04,1,1,
n16,n58,262,299,53.6,53.6,280.0,280.0,7.530e-78,1.010e-73,4.13,0.752,1.01e+04,1,1,
n16,n59,262,298,47.3,47.3,247.0,247.0,1.210e-67,1.620e-63,4.13,1.41,1.88e+04,1,1,
n16,n6,262,289,64.1,64.1,343.0,343.0,9.460e-97,1.270e-92,4.13,0.871,1.17e+04,1,1,
n16,n60,262,316,49.4,49.4,254.0,254.0,5.780e-70,7.780e-66,4.13,0.86,1.16e+04,1,1,
n16,n61,262,307,48.7,48.7,247.0,247.0,1.210e-67,1.620e-63,4.13,1.41,1.88e+04,1,1,
n16,n62,262,263,69.0,69.0,359.0,359.0,1.280e-101,1.720e-97,4.13,0.773,1.04e+04,1,1,
n16,n63,262,282,28.1,28.1,96.0,96.0,2.010e-22,2.710e-18,4.13,0.819,1.1e+04,0,0,
n16,n64,262,257,65.9,65.9,349.0,349.0,1.320e-98,1.780e-94,4.13,0.778,1.05e+04,1,1,
n16,n65,262,254,31.4,31.4,43.0,43.0,2.020e-06,2.730e-02,4.13,0.913,1.23e+04,1,0,lost_in_v12
n16,n66,262,302,51.9,51.9,268.0,268.0,5.050e-74,6.800e-70,4.13,1.23,1.66e+04,1,1,
n16,n67,262,366,31.4,31.4,122.0,122.0,3.430e-30,4.620e-26,4.13,0.937,1.26e+04,1,1,
n16,n68,262,302,49.3,51.8,255.0,272.0,3.390e-70,2.760e-71,-1.09,1.01,1.08e+04,1,1,
n16,n69,262,279,53.9,53.9,289.0,289.0,2.770e-80,3.720e-76,4.13,1.42,1.9e+04,1,1,
n16,n7,262,302,50.0,50.0,260.0,260.0,1.050e-71,1.420e-67,4.13,1,1.35e+04,1,1,
n16,n70,262,292,49.4,49.4,258.0,258.0,3.060e-71,4.130e-67,4.13,0.729,9.83e+03,1,1,
n16,n71,262,297,46.6,46.6,245.0,245.0,2.680e-67,3.620e-63,4.13,0.779,1.05e+04,1,1,
n16,n72,262,311,67.9,67.9,368.0,368.0,3.590e-104,4.830e-100,4.13,1.11,1.49e+04,1,1,
n16,n73,262,302,56.9,56.9,301.0,301.0,4.120e-84,5.550e-80,4.13,0.863,1.16e+04,1,1,
n16,n74,262,284,74.7,74.7,412.0,412.0,1.660e-117,2.230e-113,4.13,0.902,1.21e+04,1,1,
n16,n75,262,279,48.6,48.6,236.0,236.0,2.130e-64,2.860e-60,4.13,1.21,1.62e+04,1,1,
n16,n76,262,304,51.1,51.1,266.0,266.0,1.920e-73,2.590e-69,4.13,1.17,1.58e+04,1,1,
n16,n77,262,304,49.8,49.8,264.0,264.0,5.590e-73,7.520e-69,4.13,0.852,1.15e+04,1,1,
n16,n78,262,293,63.6,63.6,337.0,337.0,5.190e-95,6.990e-91,4.13,0.747,1.01e+04,1,1,
n16,n79,262,283,34.7,34.7,136.0,136.0,1.760e-34,2.370e-30,4.13,0.788,1.06e+04,1,1,
n16,n8,262,262,74.3,74.3,411.0,411.0,3.690e-117,4.980e-113,4.13,1,1.35e+04,1,1,
n16,n80,262,301,74.7,74.7,414.0,414.0,5.700e-118,7.680e-114,4.13,1.24,1.67e+04,1,1,
n16,n81,262,310,67.4,67.4,360.0,360.0,9.770e-102,1.320e-97,4.13,1.18,1.59e+04,1,1,
n16,n82,262,364,33.8,33.8,128.0,128.0,4.780e-32,6.440e-28,4.13,0.836,1.13e+04,1,1,
n16,n83,262,434,48.1,48.1,236.0,236.0,2.130e-64,2.860e-60,4.13,1.21,1.62e+04,1,1,
n16,n85,262,258,25.2,25.2,37.0,37.0,1.890e-04,2.550e+00,4.13,1.34,1.8e+04,0,0,
n16,n86,262,273,48.5,48.5,252.0,252.0,2.200e-69,2.960e-65,4.13,0.818,1.1e+04,1,1,
n16,n87,262,286,63.8,63.8,333.0,333.0,9.790e-94,1.320e-89,4.13,0.881,1.19e+04,1,1,
n16,n88,262,282,48.7,48.7,258.0,258.0,5.230e-71,7.040e-67,4.13,1.25,1.68e+04,1,1,
n16,n89,262,308,47.6,47.6,245.0,245.0,2.680e-67,3.620e-63,4.13,0.779,1.05e+04,1,1,
n16,n9,262,315,58.9,58.9,312.0,312.0,1.790e-87,2.410e-83,4.13,0.768,1.03e+04,1,1,
n16,n90,262,258,24.5,25.7,64.0,63.0,1.450e-12,2.540e-08,4.24,1.37,1.2e+04,0,0,
n160,n156,245,407,39.9,39.9,156.0,156.0,2.620e-40,3.520e-36,4.13,1.32,1.77e+04,1,1,
n160,n157,245,412,63.1,63.1,282.0,282.0,2.420e-78,3.260e-74,4.13,1.03,1.39e+04,1,1,
n160,n158,245,404,40.6,40.6,159.0,159.0,2.370e-41,3.190e-37,4.13,0.952,1.28e+04,1,1,
n160,n159,245,419,50.0,50.0,229.0,229.0,2.430e-62,3.270e-58,4.13,1.15,1.55e+04,1,1,
n161,n162,617,567,48.1,48.1,439.0,439.0,3.900e-125,5.250e-121,4.13,1.21,1.63e+04,1,1,
n161,n163,617,451,74.1,67.9,132.0,352.0,1.020e-32,8.440e-95,-62.08,1.21,1.69e+04,1,1,
n161,n164,617,617,99.4,99.4,1241.0,1241.0,0.000e+00,0.000e+00,,,,1,1,
n161,n165,617,561,34.7,34.7,288.0,288.0,8.510e-80,1.150e-75,4.13,0.924,1.25e+04,1,1,
n162,n161,567,617,48.1,48.1,439.0,439.0,3.580e-125,4.820e-121,4.13,1.21,1.63e+04,1,1,
n162,n163,567,451,33.9,33.9,178.0,178.0,8.720e-47,1.170e-42,4.13,0.794,1.06e+04,1,1,
n162,n164,567,617,48.1,48.1,436.0,436.0,1.780e-124,2.390e-120,4.13,0.75,1.01e+04,1,1,
n162,n165,567,561,79.0,79.0,853.0,853.0,6.090e-250,8.200e-246,4.13,0.869,1.17e+04,1,1,
n163,n161,451,617,67.9,67.9,352.0,352.0,4.580e-99,6.170e-95,4.13,1.25,1.69e+04,1,1,
n163,n162,451,567,33.9,33.9,178.0,178.0,6.940e-47,9.340e-43,4.13,0.794,1.07e+04,1,1,
n163,n164,451,617,67.9,67.9,352.0,352.0,2.680e-99,3.620e-95,4.13,0.734,9.92e+03,1,1,
n163,n165,451,561,51.0,51.0,260.0,260.0,2.370e-71,3.190e-67,4.13,1.31,1.76e+04,1,1,
n164,n161,617,617,99.4,99.4,1241.0,1241.0,0.000e+00,0.000e+00,,,,1,1,
n164,n162,617,567,48.1,48.1,436.0,436.0,1.930e-124,2.600e-120,4.13,0.748,1.01e+04,1,1,
n164,n163,617,451,74.1,67.9,132.0,352.0,1.020e-32,4.950e-95,-62.31,1.21,9.91e+03,1,1,
n164,n165,617,561,34.6,34.6,284.0,284.0,1.230e-78,1.650e-74,4.13,0.834,1.12e+04,1,1,
n165,n161,561,617,35.0,35.0,291.0,291.0,1.190e-80,1.610e-76,4.13,1.14,1.54e+04,1,1,
n165,n162,561,567,79.0,79.0,853.0,853.0,6.030e-250,8.120e-246,4.13,0.869,1.17e+04,1,1,
n165,n163,561,451,51.0,51.0,260.0,260.0,2.950e-71,3.970e-67,4.13,1.31,1.77e+04,1,1,
n165,n164,561,617,34.4,34.4,279.0,279.0,4.690e-77,6.320e-73,4.13,1.09,1.47e+04,1,1,
n166,n167,283,283,99.6,99.6,584.0,584.0,4.490e-169,6.050e-165,4.13,1.35,1.82e+04,1,1,
n166,n168,283,338,26.8,26.8,40.0,40.0,2.420e-05,3.250e-01,4.13,1.27,1.7e+04,0,0,
n167,n166,283,283,99.6,99.6,584.0,584.0,4.490e-169,6.050e-165,4.13,1.35,1.82e+04,1,1,
n167,n168,283,338,26.8,26.8,40.0,40.0,2.420e-05,3.250e-01,4.13,1.27,1.7e+04,0,0,
n168,n166,338,283,26.8,26.8,40.0,40.0,2.890e-05,3.890e-01,4.13,1.27,1.7e+04,0,0,
n168,n167,338,283,26.8,26.8,40.0,40.0,2.890e-05,3.890e-01,4.13,1.27,1.7e+04,0,0,
n17,n10,314,262,21.3,32.3,18.0,39.0,8.360e+01,4.720e-01,-2.25,0.94,1.11e+04,0,0,
n17,n11,314,262,22.0,33.3,19.0,42.0,4.900e+01,7.280e-02,-2.83,1.1,1.37e+04,0,0,
n17,n112,314,421,29.1,29.1,35.0,35.0,5.060e-04,6.810e+00,4.13,0.746,1e+04,0,0,
n17,n12,314,262,29.0,29.0,39.0,39.0,5.970e-05,8.050e-01,4.13,1.41,1.9e+04,0,0,
n17,n13,314,262,31.2,31.2,39.0,39.0,4.570e-05,6.160e-01,4.13,1.08,1.45e+04,0,0,
n17,n14,314,319,29.0,29.0,39.0,39.0,5.970e-05,8.050e-01,4.13,1.41,1.9e+04,0,0,
n17,n15,314,301,22.0,33.3,19.0,42.0,4.900e+01,7.280e-02,-2.83,1.1,1.37e+04,0,0,
n17,n16,314,262,25.8,25.8,32.0,32.0,7.300e-03,9.830e+01,4.13,1.34,1.81e+04,0,0,
n17,n22,314,296,30.1,30.1,41.0,41.0,9.220e-06,1.240e-01,4.13,0.87,1.17e+04,1,0,lost_in_v12
n17,n23,314,300,30.1,30.1,40.0,40.0,1.570e-05,2.120e-01,4.13,0.74,1e+04,0,0,
n17,n24,314,304,22.3,22.3,30.0,30.0,1.630e-02,2.190e+02,4.13,0.751,1.01e+04,0,0,
n17,n25,314,301,28.0,28.0,37.0,37.0,1.740e-04,2.340e+00,4.13,1.03,1.38e+04,0,0,
n17,n26,314,261,21.3,32.3,18.0,40.0,8.360e+01,2.120e-01,-2.60,0.94,1e+04,0,0,
n17,n27,314,296,30.1,30.1,41.0,41.0,9.220e-06,1.240e-01,4.13,0.87,1.17e+04,1,0,lost_in_v12
n17,n29,314,319,28.0,28.0,37.0,37.0,1.740e-04,2.340e+00,4.13,1.03,1.38e+04,0,0,
n17,n30,314,262,22.0,33.3,19.0,42.0,4.900e+01,7.280e-02,-2.83,1.1,1.37e+04,0,0,
n17,n31,314,262,29.0,29.0,39.0,39.0,5.970e-05,8.050e-01,4.13,1.41,1.9e+04,0,0,
n17,n32,314,294,29.0,29.0,40.0,40.0,2.050e-05,2.770e-01,4.13,0.967,1.31e+04,0,0,
n17,n33,314,293,23.9,30.7,33.0,43.0,2.510e-03,3.270e-02,1.11,0.925,1.23e+04,0,0,
n17,n34,314,293,23.8,30.4,27.0,39.0,1.800e-01,6.160e-01,0.53,1.04,1.45e+04,0,0,
n17,n44,314,301,22.0,33.3,19.0,42.0,4.900e+01,7.280e-02,-2.83,1.1,1.37e+04,0,0,
n17,n45,314,319,29.0,29.0,39.0,39.0,5.970e-05,8.050e-01,4.13,1.41,1.9e+04,0,0,
n17,n46,314,301,22.0,33.3,19.0,42.0,4.900e+01,7.280e-02,-2.83,1.1,1.37e+04,0,0,
n17,n5,314,292,27.3,27.3,42.0,42.0,4.140e-06,5.570e-02,4.13,0.781,1.05e+04,0,0,
n17,n52,314,260,22.5,22.5,31.0,31.0,1.250e-02,1.680e+02,4.13,1.15,1.55e+04,0,0,
n17,n53,314,260,22.5,22.5,31.0,31.0,9.540e-03,1.280e+02,4.13,0.879,1.18e+04,0,0,
n17,n6,314,289,24.6,24.6,41.0,41.0,1.200e-05,1.620e-01,4.13,1.13,1.53e+04,0,0,
n17,n62,314,263,34.1,34.1,42.0,42.0,5.400e-06,7.280e-02,4.13,1.02,1.37e+04,1,0,lost_in_v12
n17,n64,314,257,31.8,31.8,37.0,37.0,1.740e-04,2.340e+00,4.13,1.03,1.38e+04,0,0,
n17,n72,314,311,29.4,29.4,37.0,37.0,2.270e-04,3.060e+00,4.13,1.34,1.8e+04,0,0,
n17,n73,314,302,29.5,29.5,33.0,33.0,2.510e-03,3.380e+01,4.13,0.925,1.25e+04,0,0,
n17,n74,314,284,30.1,30.1,38.0,38.0,1.020e-04,1.370e+00,4.13,1.2,1.62e+04,0,0,
n17,n8,314,262,22.0,33.3,19.0,42.0,4.900e+01,7.280e-02,-2.83,1.1,1.37e+04,0,0,
n17,n80,314,301,31.2,31.2,39.0,39.0,4.570e-05,6.160e-01,4.13,1.08,1.45e+04,0,0,
n17,n81,314,310,33.0,33.0,40.0,40.0,1.570e-05,2.120e-01,4.13,0.74,1e+04,0,0,
n17,n83,314,434,29.7,29.7,30.0,30.0,2.120e-02,2.860e+02,4.13,0.976,1.32e+04,0,0,
n17,n87,314,286,25.5,25.5,38.0,38.0,1.020e-04,1.370e+00,4.13,1.2,1.62e+04,0,0,
n17,n9,314,315,31.8,31.8,39.0,39.0,4.570e-05,6.160e-01,4.13,1.08,1.45e+04,0,0,
n171,n172,390,414,25.7,25.7,91.0,91.0,9.650e-21,1.300e-16,4.13,0.825,1.11e+04,0,0,
n171,n174,390,455,25.3,25.3,49.0,49.0,4.200e-08,5.660e-04,4.13,0.816,1.1e+04,0,0,
n172,n171,414,390,25.7,25.7,91.0,91.0,1.020e-20,1.380e-16,4.13,0.822,1.11e+04,0,0,
n172,n174,414,455,26.9,26.9,79.0,79.0,4.030e-17,5.420e-13,4.13,0.792,1.07e+04,0,0,
n173,n174,392,455,36.4,36.4,30.0,30.0,2.650e-02,3.570e+02,4.13,0.978,1.32e+04,0,0,
n174,n171,455,390,25.3,25.3,49.0,49.0,4.900e-08,6.600e-04,4.13,0.816,1.1e+04,0,0,
n174,n172,455,414,26.9,26.9,79.0,79.0,4.430e-17,5.960e-13,4.13,0.793,1.07e+04,0,0,
n174,n173,455,392,25.0,25.0,34.0,34.0,1.630e-03,2.200e+01,4.13,0.829,1.12e+04,0,0,
n175,n176,344,332,68.2,68.2,441.0,441.0,5.720e-126,7.700e-122,4.13,1.27,1.71e+04,1,1,
n175,n177,344,340,50.3,50.3,310.0,310.0,1.520e-86,2.050e-82,4.13,1.24,1.67e+04,1,1,
n175,n178,344,355,56.6,56.6,341.0,341.0,6.160e-96,8.300e-92,4.13,1.08,1.46e+04,1,1,
n175,n179,344,355,56.3,56.3,340.0,340.0,1.050e-95,1.420e-91,4.13,0.921,1.25e+04,1,1,
n175,n180,344,355,56.9,56.9,344.0,344.0,5.580e-97,7.510e-93,4.13,0.783,1.05e+04,1,1,
n176,n175,332,344,68.2,68.2,441.0,441.0,5.520e-126,7.430e-122,4.13,1.27,1.71e+04,1,1,
n176,n177,332,340,57.8,57.8,366.0,366.0,1.730e-103,2.330e-99,4.13,1.05,1.42e+04,1,1,
n176,n178,332,355,58.9,58.9,381.0,381.0,5.190e-108,6.990e-104,4.13,1.04,1.4e+04,1,1,
n176,n179,332,355,58.3,58.3,382.0,382.0,2.330e-108,3.140e-104,4.13,0.931,1.25e+04,1,1,
n176,n180,332,355,59.2,59.2,389.0,389.0,2.490e-110,3.350e-106,4.13,1.27,1.71e+04,1,1,
n177,n175,340,344,43.7,50.3,240.0,310.0,1.120e-65,2.030e-82,-16.74,0.784,1.68e+04,1,1,
n177,n176,340,332,57.8,57.8,366.0,366.0,1.770e-103,2.380e-99,4.13,1.05,1.42e+04,1,1,
n177,n178,340,355,60.2,60.2,401.0,401.0,6.480e-114,8.730e-110,4.13,1.33,1.79e+04,1,1,
n177,n179,340,355,58.2,59.6,387.0,399.0,9.680e-110,2.540e-109,0.42,1.21,1.3e+04,1,1,
n177,n180,340,355,58.8,60.2,392.0,404.0,3.010e-111,7.890e-111,0.42,1.2,1.29e+04,1,1,
n178,n175,355,344,56.6,56.6,341.0,341.0,6.360e-96,8.570e-92,4.13,1.08,1.46e+04,1,1,
n178,n176,355,332,58.9,58.9,381.0,381.0,5.550e-108,7.470e-104,4.13,1.04,1.4e+04,1,1,
n178,n177,355,340,60.2,60.2,401.0,401.0,6.770e-114,9.110e-110,4.13,1.33,1.78e+04,1,1,
n178,n179,355,355,97.2,97.2,692.0,692.0,1.470e-201,1.980e-197,4.13,1.15,1.54e+04,1,1,
n178,n180,355,355,95.8,95.8,682.0,682.0,1.160e-198,1.570e-194,4.13,0.883,1.2e+04,1,1,
n179,n175,355,344,56.3,56.3,340.0,340.0,1.090e-95,1.460e-91,4.13,0.926,1.24e+04,1,1,
n179,n176,355,332,58.3,58.3,382.0,382.0,2.490e-108,3.350e-104,4.13,0.93,1.25e+04,1,1,
n179,n177,355,340,58.8,59.6,387.0,399.0,7.740e-110,2.650e-109,0.53,0.926,1.3e+04,1,1,
n179,n178,355,355,97.2,97.2,692.0,692.0,1.470e-201,1.980e-197,4.13,1.15,1.54e+04,1,1,
n179,n180,355,355,98.6,98.6,698.0,698.0,1.570e-203,2.110e-199,4.13,0.783,1.05e+04,1,1,
n18,n1,298,290,64.6,64.6,381.0,381.0,4.660e-108,6.270e-104,4.13,1.04,1.4e+04,1,1,
n18,n10,298,262,51.3,51.3,270.0,270.0,8.860e-75,1.190e-70,4.13,0.76,1.02e+04,1,1,
n18,n11,298,262,52.0,52.0,278.0,278.0,4.250e-77,5.730e-73,4.13,0.933,1.26e+04,1,1,
n18,n12,298,262,49.8,49.8,268.0,268.0,4.400e-74,5.920e-70,4.13,0.943,1.27e+04,1,1,
n18,n127,298,433,24.1,23.6,35.0,32.0,6.270e-04,7.150e+01,5.06,0.974,1.39e+04,0,0,
n18,n13,298,262,50.9,50.9,273.0,273.0,1.790e-75,2.410e-71,4.13,1.23,1.65e+04,1,1,
n18,n14,298,319,49.7,49.7,278.0,278.0,4.250e-77,5.730e-73,4.13,0.933,1.26e+04,1,1,
n18,n15,298,301,51.4,51.4,287.0,287.0,9.150e-80,1.230e-75,4.13,1.03,1.38e+04,1,1,
n18,n16,298,262,50.2,50.2,268.0,268.0,4.400e-74,5.920e-70,4.13,0.943,1.27e+04,1,1,
n18,n19,298,307,44.7,44.7,277.0,277.0,1.240e-76,1.670e-72,4.13,1.36,1.83e+04,1,1,
n18,n2,298,259,50.7,50.7,273.0,273.0,1.050e-75,1.410e-71,4.13,0.72,9.67e+03,1,1,
n18,n20,298,298,48.6,48.6,284.0,284.0,7.750e-79,1.040e-74,4.13,1.09,1.46e+04,1,1,
n18,n21,298,304,63.2,66.1,379.0,382.0,1.770e-107,3.680e-104,3.32,0.985,1.64e+04,1,1,
n18,n22,298,296,49.0,49.3,268.0,273.0,3.370e-74,2.410e-71,2.85,0.722,1.65e+04,1,1,
n18,n23,298,300,48.0,48.0,264.0,264.0,8.300e-73,1.120e-68,4.13,1.11,1.5e+04,1,1,
n18,n24,298,304,48.9,48.9,262.0,262.0,4.120e-72,5.550e-68,4.13,1.38,1.86e+04,1,1,
n18,n25,298,301,49.3,49.3,277.0,277.0,1.240e-76,1.670e-72,4.13,1.36,1.83e+04,1,1,
n18,n26,298,261,51.5,51.5,275.0,275.0,4.700e-76,6.330e-72,4.13,1.29,1.74e+04,1,1,
n18,n27,298,296,49.0,49.3,268.0,273.0,3.370e-74,2.410e-71,2.85,0.722,1.65e+04,1,1,
n18,n28,298,284,41.5,41.5,225.0,225.0,5.580e-61,7.510e-57,4.13,1.36,1.83e+04,1,1,
n18,n29,298,319,50.0,50.0,280.0,280.0,1.460e-77,1.970e-73,4.13,1.28,1.73e+04,1,1,
n18,n3,298,380,25.3,25.3,39.0,39.0,4.340e-05,5.850e-01,4.13,1.08,1.45e+04,0,0,
n18,n30,298,262,52.0,52.0,278.0,278.0,4.250e-77,5.730e-73,4.13,0.933,1.26e+04,1,1,
n18,n31,298,262,49.8,49.8,268.0,268.0,4.400e-74,5.920e-70,4.13,0.943,1.27e+04,1,1,
n18,n32,298,294,43.8,47.3,229.0,253.0,2.960e-62,1.970e-65,-3.18,1.15,1.29e+04,1,1,
n18,n33,298,293,46.7,48.6,244.0,246.0,6.800e-67,3.150e-63,3.67,0.869,1.61e+04,1,1,
n18,n34,298,293,46.8,46.8,235.0,234.0,5.390e-64,9.480e-60,4.25,1.34,1.18e+04,1,1,
n18,n35,298,456,24.7,24.7,38.0,38.0,9.670e-05,1.300e+00,4.13,1.2,1.61e+04,0,0,
n18,n36,298,310,50.7,55.8,285.0,295.0,3.480e-79,5.910e-78,1.23,0.978,1.7e+04,1,1,
n18,n38,298,495,26.1,25.9,81.0,81.0,9.960e-18,1.340e-13,4.13,1.09,1.46e+04,0,0,
n18,n4,298,292,67.0,66.1,393.0,395.0,9.070e-112,4.200e-108,3.67,0.827,1.53e+04,1,1,
n18,n40,298,292,24.7,25.7,99.0,99.0,4.620e-23,3.640e-19,3.90,1.32,1.04e+04,0,0,
n18,n41,298,305,52.6,52.6,304.0,304.0,5.540e-85,7.460e-81,4.13,0.816,1.1e+04,1,1,
n18,n42,298,426,69.1,69.1,405.0,405.0,2.310e-115,3.110e-111,4.13,0.863,1.16e+04,1,1,
n18,n43,298,319,40.7,40.7,220.0,220.0,1.050e-59,1.420e-55,4.13,0.8,1.08e+04,1,1,
n18,n44,298,301,51.4,51.4,287.0,287.0,9.150e-80,1.230e-75,4.13,1.03,1.38e+04,1,1,
n18,n45,298,319,49.7,49.7,278.0,278.0,4.250e-77,5.730e-73,4.13,0.933,1.26e+04,1,1,
n18,n46,298,301,51.4,51.4,287.0,287.0,9.150e-80,1.230e-75,4.13,1.03,1.38e+04,1,1,
n18,n47,298,304,63.2,66.1,379.0,382.0,1.770e-107,3.680e-104,3.32,0.985,1.64e+04,1,1,
n18,n5,298,292,48.6,48.6,255.0,255.0,3.850e-70,5.190e-66,4.13,1.01,1.36e+04,1,1,
n18,n50,298,269,29.8,29.8,122.0,122.0,5.090e-30,6.860e-26,4.13,1.22,1.65e+04,0,0,
n18,n51,298,312,55.4,55.4,303.0,303.0,1.610e-84,2.170e-80,4.13,1.19,1.6e+04,1,1,
n18,n52,298,260,49.1,49.1,268.0,268.0,5.750e-74,7.740e-70,4.13,1.23,1.66e+04,1,1,
n18,n53,298,260,50.2,50.2,269.0,269.0,2.580e-74,3.470e-70,4.13,1.11,1.49e+04,1,1,
n18,n54,298,259,51.5,51.5,275.0,275.0,4.700e-76,6.330e-72,4.13,1.29,1.74e+04,1,1,
n18,n55,298,257,49.4,49.4,264.0,264.0,6.350e-73,8.560e-69,4.13,0.851,1.15e+04,1,1,
n18,n56,298,257,49.8,49.8,265.0,265.0,2.850e-73,3.840e-69,4.13,0.764,1.03e+04,1,1,
n18,n57,298,257,49.4,49.4,265.0,265.0,3.720e-73,5.020e-69,4.13,0.997,1.34e+04,1,1,
n18,n58,298,299,43.8,43.8,237.0,237.0,8.320e-65,1.120e-60,4.13,0.83,1.12e+04,1,1,
n18,n59,298,298,51.0,51.0,297.0,297.0,1.160e-82,1.560e-78,4.13,1.33,1.8e+04,1,1,
n18,n6,298,289,46.6,47.6,254.0,260.0,8.590e-70,1.240e-67,2.16,1.12,1.04e+04,1,1,
n18,n60,298,316,42.7,44.6,255.0,273.0,2.950e-70,1.410e-71,-1.32,0.772,9.67e+03,1,1,
n18,n61,298,307,46.0,46.0,282.0,282.0,3.850e-78,5.180e-74,4.13,1.35,1.82e+04,1,1,
n18,n62,298,263,50.7,50.7,269.0,269.0,1.970e-74,2.660e-70,4.13,0.844,1.14e+04,1,1,
n18,n63,298,282,31.4,31.4,134.0,134.0,1.290e-33,1.740e-29,4.13,1.27,1.71e+04,1,1,
n18,n64,298,257,53.0,53.0,266.0,266.0,1.670e-73,2.250e-69,4.13,0.895,1.21e+04,1,1,
n18,n66,298,302,50.0,50.0,304.0,304.0,9.450e-85,1.270e-80,4.13,1.39,1.87e+04,1,1,
n18,n67,298,366,34.1,34.1,160.0,160.0,1.690e-41,2.270e-37,4.13,1.12,1.5e+04,1,1,
n18,n68,298,302,51.5,51.5,311.0,311.0,4.530e-87,6.100e-83,4.13,0.854,1.15e+04,1,1,
n18,n69,298,279,44.8,45.9,252.0,258.0,4.260e-69,4.690e-67,2.04,1.39,9.82e+03,1,1,
n18,n7,298,302,49.3,49.3,295.0,295.0,3.360e-82,4.530e-78,4.13,0.967,1.3e+04,1,1,
n18,n70,298,292,49.2,49.2,283.0,282.0,1.730e-78,3.960e-74,4.36,1.22,1.39e+04,1,1,
n18,n71,298,297,51.0,51.0,303.0,303.0,1.230e-84,1.660e-80,4.13,0.906,1.22e+04,1,1,
n18,n72,298,311,47.1,47.1,258.0,258.0,4.550e-71,6.130e-67,4.13,0.952,1.28e+04,1,1,
n18,n73,298,302,49.3,49.3,263.0,263.0,1.850e-72,2.490e-68,4.13,1.24,1.67e+04,1,1,
n18,n74,298,284,54.0,54.0,293.0,293.0,1.280e-81,1.720e-77,4.13,0.921,1.24e+04,1,1,
n18,n75,298,279,55.9,55.7,300.0,302.0,1.360e-83,3.700e-80,3.43,1.25,1.36e+04,1,1,
n18,n76,298,304,49.2,49.2,288.0,288.0,4.110e-80,5.530e-76,4.13,0.924,1.24e+04,1,1,
n18,n77,298,304,47.7,47.7,299.0,299.0,1.780e-83,2.400e-79,4.13,0.819,1.1e+04,1,1,
n18,n78,298,293,48.3,48.3,270.0,270.0,8.860e-75,1.190e-70,4.13,0.76,1.02e+04,1,1,
n18,n79,298,283,30.8,30.8,119.0,119.0,2.530e-29,3.400e-25,4.13,0.76,1.02e+04,1,1,
n18,n8,298,262,51.9,51.9,274.0,274.0,6.140e-76,8.270e-72,4.13,0.842,1.13e+04,1,1,
n18,n80,298,301,50.3,50.3,282.0,282.0,3.850e-78,5.180e-74,4.13,1.35,1.82e+04,1,1,
n18,n81,298,310,50.3,50.3,283.0,283.0,1.730e-78,2.320e-74,4.13,1.22,1.63e+04,1,1,
n18,n82,298,364,34.2,34.2,159.0,159.0,2.200e-41,2.970e-37,4.13,0.727,9.81e+03,1,1,
n18,n83,298,434,44.6,44.6,223.0,223.0,1.240e-60,1.670e-56,4.13,0.755,1.02e+04,1,1,
n18,n86,298,273,50.2,50.2,291.0,291.0,4.850e-81,6.540e-77,4.13,0.872,1.18e+04,1,1,
n18,n87,298,286,45.0,45.0,247.0,247.0,1.050e-67,1.410e-63,4.13,1.07,1.44e+04,1,1,
n18,n88,298,282,45.1,45.1,235.0,235.0,4.130e-64,5.560e-60,4.13,1.03,1.39e+04,1,1,
n18,n89,298,308,47.3,48.6,283.0,295.0,1.320e-78,4.530e-78,0.54,0.927,1.3e+04,1,1,
n18,n9,298,315,48.7,48.7,271.0,271.0,6.790e-75,9.140e-71,4.13,1.16,1.57e+04,1,1,
n18,n90,298,258,25.5,25.5,59.0,59.0,4.050e-11,5.460e-07,4.13,1.06,1.42e+04,0,0,
n180,n175,355,344,56.9,56.9,344.0,344.0,5.750e-97,7.750e-93,4.13,0.782,1.05e+04,1,1,
n180,n176,355,332,59.2,59.2,389.0,389.0,2.660e-110,3.580e-106,4.13,1.27,1.71e+04,1,1,
n180,n177,355,340,59.3,60.2,392.0,404.0,2.410e-111,8.240e-111,0.53,0.922,1.29e+04,1,1,
n180,n178,355,355,95.8,95.8,682.0,682.0,1.160e-198,1.570e-194,4.13,0.883,1.2e+04,1,1,
n180,n179,355,355,98.6,98.6,698.0,698.0,1.570e-203,2.110e-199,4.13,0.783,1.05e+04,1,1,
n181,n182,525,517,35.0,35.0,298.0,298.0,6.990e-83,9.420e-79,4.13,0.913,1.23e+04,1,1,
n181,n183,525,483,28.5,28.5,150.0,150.0,3.080e-38,4.140e-34,4.13,1.13,1.52e+04,0,0,
n181,n184,525,472,39.9,39.9,154.0,154.0,2.130e-39,2.870e-35,4.13,1.25,1.68e+04,1,1,
n181,n185,525,472,34.2,35.4,136.0,142.0,4.600e-34,1.130e-31,2.39,1.03,1.62e+04,1,1,
n181,n186,525,479,34.1,34.1,99.0,99.0,4.770e-23,6.420e-19,4.13,0.776,1.04e+04,1,1,
n181,n187,525,493,35.0,35.0,101.0,101.0,1.640e-23,2.210e-19,4.13,1.07,1.44e+04,1,1,
n181,n188,525,493,35.4,35.4,102.0,102.0,5.630e-24,7.590e-20,4.13,0.732,9.87e+03,1,1,
n181,n189,525,545,26.5,26.5,77.0,77.0,3.310e-16,4.460e-12,4.13,1.28,1.73e+04,0,0,
n181,n190,525,438,39.7,39.7,117.0,117.0,2.890e-28,3.890e-24,4.13,1.23,1.66e+04,1,1,
n181,n191,525,439,32.9,32.9,111.0,111.0,1.580e-26,2.130e-22,4.13,1.05,1.42e+04,1,1,
n181,n192,525,439,38.5,38.5,105.0,105.0,8.690e-25,1.170e-20,4.13,0.904,1.22e+04,1,1,
n181,n193,525,479,28.8,28.8,119.0,119.0,7.590e-29,1.020e-24,4.13,1.29,1.74e+04,0,0,
n181,n194,525,471,28.4,28.4,132.0,132.0,6.640e-33,8.940e-29,4.13,0.927,1.25e+04,0,0,
n181,n195,525,485,32.3,32.3,110.0,110.0,2.700e-26,3.640e-22,4.13,0.899,1.21e+04,1,1,
n181,n196,525,472,34.9,34.9,156.0,156.0,4.290e-40,5.780e-36,4.13,1.01,1.35e+04,1,1,
n181,n197,525,551,32.0,32.0,74.0,74.0,1.640e-15,2.210e-11,4.13,0.795,1.07e+04,1,1,
n182,n181,517,525,35.0,35.0,298.0,298.0,6.890e-83,9.280e-79,4.13,0.914,1.23e+04,1,1,
n182,n183,517,483,27.2,26.6,94.0,97.0,1.970e-21,4.100e-18,3.32,1.02,1.69e+04,0,0,
n182,n184,517,472,34.8,34.8,142.0,142.0,8.250e-36,1.110e-31,4.13,1.2,1.61e+04,1,1,
n182,n185,517,472,33.7,33.7,142.0,142.0,6.320e-36,8.510e-32,4.13,0.918,1.24e+04,1,1,
n182,n186,517,479,31.7,31.7,96.0,96.0,5.190e-22,6.990e-18,4.13,1.07,1.44e+04,1,1,
n182,n187,517,493,26.1,28.9,63.0,87.0,3.730e-12,4.240e-15,-2.94,0.896,1.71e+04,0,0,
n182,n188,517,493,26.1,28.9,64.0,87.0,2.190e-12,2.490e-15,-2.94,1.05,1e+04,0,0,
n182,n189,517,545,28.4,28.0,75.0,75.0,7.260e-16,9.780e-12,4.13,0.714,9.62e+03,0,0,
n182,n190,517,438,36.6,36.9,103.0,113.0,4.250e-24,4.230e-23,1.00,1.12,1.14e+04,1,1,
n182,n191,517,439,31.7,31.7,102.0,102.0,9.460e-24,1.270e-19,4.13,1.25,1.68e+04,1,1,
n182,n192,517,439,30.2,30.2,102.0,102.0,9.460e-24,1.270e-19,4.13,1.25,1.68e+04,1,1,
n182,n193,517,479,31.1,31.1,97.0,97.0,3.040e-22,4.100e-18,4.13,1.25,1.69e+04,1,1,
n182,n194,517,471,34.1,34.1,91.0,91.0,1.670e-20,2.250e-16,4.13,1.08,1.45e+04,1,1,
n182,n195,517,485,30.0,30.0,106.0,106.0,6.550e-25,8.820e-21,4.13,1.38,1.86e+04,1,1,
n182,n196,517,472,33.5,33.5,138.0,138.0,1.560e-34,2.100e-30,4.13,1.42,1.91e+04,1,1,
n182,n197,517,551,28.8,28.8,64.0,64.0,2.860e-12,3.850e-08,4.13,1.37,1.85e+04,0,0,
n183,n181,483,525,28.5,28.5,150.0,150.0,2.830e-38,3.810e-34,4.13,1.13,1.52e+04,0,0,
n183,n182,483,517,24.1,26.6,42.0,96.0,1.090e-05,6.530e-18,-12.22,1.34,1.44e+04,0,0,
n183,n184,483,472,31.1,31.1,196.0,196.0,2.640e-52,3.550e-48,4.13,0.739,9.94e+03,1,1,
n183,n185,483,472,28.2,28.2,179.0,179.0,3.340e-47,4.490e-43,4.13,0.714,9.59e+03,0,0,
n183,n186,483,479,29.2,29.2,148.0,148.0,8.230e-38,1.110e-33,4.13,0.819,1.1e+04,0,0,
n183,n187,483,493,31.3,31.3,181.0,181.0,1.150e-47,1.540e-43,4.13,0.983,1.32e+04,1,1,
n183,n188,483,493,31.1,31.1,179.0,179.0,4.360e-47,5.870e-43,4.13,0.932,1.25e+04,1,1,
n183,n189,483,545,23.3,23.3,108.0,108.0,1.230e-25,1.660e-21,4.13,1.11,1.5e+04,0,0,
n183,n190,483,438,30.3,30.3,137.0,137.0,1.900e-34,2.560e-30,4.13,0.923,1.24e+04,1,1,
n183,n191,483,439,28.2,28.2,141.0,141.0,1.010e-35,1.360e-31,4.13,0.785,1.06e+04,0,0,
n183,n192,483,439,30.3,30.3,148.0,148.0,1.080e-37,1.450e-33,4.13,1.07,1.44e+04,1,1,
n183,n193,483,479,29.6,29.6,151.0,151.0,1.660e-38,2.230e-34,4.13,1.32,1.77e+04,0,0,
n183,n194,483,471,29.6,29.6,153.0,153.0,3.340e-39,4.500e-35,4.13,1.06,1.43e+04,0,0,
n183,n195,483,485,27.8,27.8,154.0,154.0,1.500e-39,2.020e-35,4.13,0.955,1.29e+04,0,0,
n183,n196,483,472,31.8,31.8,205.0,205.0,5.680e-55,7.640e-51,4.13,0.814,1.1e+04,1,1,
n183,n197,483,551,26.2,25.9,106.0,112.0,3.590e-25,1.150e-22,2.51,0.812,1.66e+04,0,0,
n184,n181,472,525,39.9,39.9,154.0,154.0,1.920e-39,2.580e-35,4.13,1.25,1.68e+04,1,1,
n184,n182,472,517,34.8,34.8,142.0,142.0,7.530e-36,1.010e-31,4.13,1.2,1.61e+04,1,1,
n184,n183,472,483,31.1,31.1,196.0,196.0,2.580e-52,3.470e-48,4.13,0.739,9.94e+03,1,1,
n184,n185,472,472,75.8,75.8,744.0,744.0,4.330e-217,5.830e-213,4.13,1.14,1.54e+04,1,1,
n184,n186,472,479,29.5,29.5,155.0,155.0,8.600e-40,1.160e-35,4.13,1.12,1.51e+04,0,0,
n184,n187,472,493,34.5,34.5,146.0,146.0,3.990e-37,4.120e-33,4.01,1.02,1.05e+04,1,1,
n184,n188,472,493,30.1,30.1,178.0,178.0,9.480e-47,9.780e-43,4.01,1.04,1.07e+04,1,1,
n184,n189,472,545,30.4,33.1,91.0,105.0,1.520e-20,1.370e-20,-0.05,1.07,1.59e+04,1,1,
n184,n190,472,438,27.9,27.9,142.0,142.0,7.530e-36,1.010e-31,4.13,1.2,1.61e+04,0,0,
n184,n191,472,439,33.5,33.5,115.0,115.0,9.860e-28,1.330e-23,4.13,1.17,1.58e+04,1,1,
n184,n192,472,439,27.0,27.0,148.0,148.0,8.050e-38,1.080e-33,4.13,0.82,1.1e+04,0,0,
n184,n193,472,479,30.1,30.1,156.0,156.0,5.040e-40,6.790e-36,4.13,1.31,1.77e+04,1,1,
n184,n194,472,471,29.1,29.1,167.0,167.0,1.670e-43,2.250e-39,4.13,0.891,1.2e+04,0,0,
n184,n195,472,485,28.4,28.4,188.0,188.0,9.160e-50,1.230e-45,4.13,1.03,1.38e+04,0,0,
n184,n196,472,472,32.6,32.6,225.0,225.0,5.180e-61,6.980e-57,4.13,0.797,1.07e+04,1,1,
n184,n197,472,551,25.5,25.5,84.0,84.0,1.860e-18,2.510e-14,4.13,1.03,1.39e+04,0,0,
n185,n181,472,525,34.2,35.4,136.0,142.0,4.130e-34,1.010e-31,2.39,1.03,1.61e+04,1,1,
n185,n182,472,517,33.7,33.7,142.0,142.0,5.770e-36,7.770e-32,4.13,0.918,1.24e+04,1,1,
n185,n183,472,483,28.2,28.2,179.0,179.0,3.260e-47,4.390e-43,4.13,0.713,9.6e+03,0,0,
n185,n184,472,472,75.8,75.8,744.0,744.0,4.330e-217,5.830e-213,4.13,1.14,1.54e+04,1,1,
n185,n186,472,479,29.0,29.0,151.0,151.0,9.510e-39,1.280e-34,4.13,0.775,1.04e+04,0,0,
n185,n187,472,493,30.8,30.8,191.0,191.0,1.410e-50,1.900e-46,4.13,1.26,1.7e+04,1,1,
n185,n188,472,493,30.6,30.6,188.0,188.0,7.020e-50,9.450e-46,4.13,0.786,1.06e+04,1,1,
n185,n189,472,545,31.7,31.7,102.0,102.0,8.640e-24,1.160e-19,4.13,1.25,1.68e+04,1,1,
n185,n190,472,438,33.3,33.3,117.0,117.0,2.590e-28,3.490e-24,4.13,1.23,1.65e+04,1,1,
n185,n191,472,439,34.2,34.2,126.0,126.0,5.590e-31,7.520e-27,4.13,1.36,1.83e+04,1,1,
n185,n192,472,439,33.6,33.6,129.0,129.0,3.870e-32,5.210e-28,4.13,0.751,1.01e+04,1,1,
n185,n193,472,479,29.3,29.3,150.0,150.0,2.770e-38,3.720e-34,4.13,1.13,1.51e+04,0,0,
n185,n194,472,471,29.3,27.6,152.0,153.0,7.280e-39,4.400e-35,3.78,1.19,1.43e+04,0,0,
n185,n195,472,485,28.7,28.7,184.0,184.0,1.010e-48,1.360e-44,4.13,0.707,9.51e+03,0,0,
n185,n196,472,472,30.9,30.9,216.0,216.0,4.100e-58,5.530e-54,4.13,1.23,1.66e+04,1,1,
n185,n197,472,551,24.0,24.0,76.0,76.0,5.080e-16,6.840e-12,4.13,1.1,1.47e+04,0,0,
n186,n181,479,525,34.1,34.1,99.0,99.0,4.350e-23,5.860e-19,4.13,0.775,1.04e+04,1,1,
n186,n182,479,517,31.3,31.7,96.0,96.0,6.280e-22,6.480e-18,4.01,1.4,1.44e+04,1,1,
n186,n183,479,483,29.2,29.2,148.0,148.0,8.170e-38,1.100e-33,4.13,0.82,1.1e+04,0,0,
n186,n184,479,472,29.5,29.5,155.0,155.0,8.720e-40,1.170e-35,4.13,1.12,1.5e+04,0,0,
n186,n185,479,472,29.0,29.0,151.0,151.0,9.650e-39,1.300e-34,4.13,0.774,1.04e+04,0,0,
n186,n187,479,493,39.2,39.2,282.0,282.0,3.620e-78,4.880e-74,4.13,0.791,1.07e+04,1,1,
n186,n188,479,493,39.5,39.5,285.0,285.0,7.300e-79,9.830e-75,4.13,1.28,1.72e+04,1,1,
n186,n189,479,545,26.8,26.8,76.0,76.0,5.150e-16,6.940e-12,4.13,1.09,1.47e+04,0,0,
n186,n190,479,438,32.6,32.6,112.0,112.0,4.970e-27,6.690e-23,4.13,0.726,9.77e+03,1,1,
n186,n191,479,439,26.7,26.6,98.0,102.0,1.270e-22,1.180e-19,2.97,1.13,1.68e+04,0,0,
n186,n192,479,439,28.3,28.0,106.0,107.0,6.070e-25,2.810e-21,3.67,1.38,1.28e+04,0,0,
n186,n193,479,479,97.9,97.9,927.0,927.0,3.660e-272,4.930e-268,4.13,1.17,1.57e+04,1,1,
n186,n194,479,471,48.6,48.6,401.0,401.0,5.350e-114,7.210e-110,4.13,0.777,1.05e+04,1,1,
n186,n195,479,485,26.6,26.4,132.0,132.0,7.910e-33,1.070e-28,4.13,1.21,1.64e+04,0,0,
n186,n196,479,472,31.0,31.0,197.0,197.0,2.000e-52,2.700e-48,4.13,1.13,1.52e+04,1,1,
n186,n197,479,551,24.2,24.2,55.0,55.0,1.230e-09,1.650e-05,4.13,1.25,1.67e+04,0,0,
n187,n181,493,525,35.0,35.0,101.0,101.0,1.540e-23,2.070e-19,4.13,1.07,1.43e+04,1,1,
n187,n182,493,517,26.5,28.9,63.0,87.0,3.560e-12,4.040e-15,-2.95,0.897,1.71e+04,0,0,
n187,n183,493,483,31.3,31.3,181.0,181.0,1.170e-47,1.580e-43,4.13,0.98,1.32e+04,1,1,
n187,n184,493,472,34.5,34.5,146.0,146.0,3.190e-37,4.300e-33,4.13,0.777,1.05e+04,1,1,
n187,n185,493,472,33.3,33.3,150.0,150.0,2.890e-38,3.890e-34,4.13,1.13,1.52e+04,1,1,
n187,n186,493,479,39.2,39.2,282.0,282.0,3.730e-78,5.020e-74,4.13,0.792,1.07e+04,1,1,
n187,n188,493,493,98.6,98.6,966.0,966.0,4.290e-284,5.780e-280,4.13,0.731,9.85e+03,1,1,
n187,n189,493,545,23.2,23.2,89.0,89.0,4.630e-20,6.240e-16,4.13,0.783,1.06e+04,0,0,
n187,n190,493,438,30.0,30.0,154.0,154.0,1.170e-39,1.580e-35,4.13,0.73,9.86e+03,1,1,
n187,n191,493,439,27.6,27.6,154.0,154.0,1.170e-39,1.580e-35,4.13,0.73,9.86e+03,0,0,
n187,n192,493,439,29.2,29.4,164.0,164.0,1.130e-42,1.530e-38,4.13,0.722,9.77e+03,0,0,
n187,n193,493,479,37.9,37.9,276.0,276.0,3.490e-76,4.700e-72,4.13,1.16,1.56e+04,1,1,
n187,n194,493,471,39.2,39.2,297.0,297.0,1.460e-82,1.970e-78,4.13,1.02,1.37e+04,1,1,
n187,n195,493,485,27.7,27.7,158.0,158.0,1.060e-40,1.430e-36,4.13,1.06,1.43e+04,0,0,
n187,n196,493,472,35.3,35.3,236.0,236.0,2.350e-64,3.160e-60,4.13,0.709,9.53e+03,1,1,
n187,n197,493,551,24.4,24.4,60.0,60.0,3.930e-11,5.290e-07,4.13,1.24,1.67e+04,0,0,
n188,n181,493,525,35.4,35.4,102.0,102.0,5.290e-24,7.120e-20,4.13,0.733,9.86e+03,1,1,
n188,n182,493,517,26.5,28.9,64.0,87.0,2.080e-12,2.370e-15,-2.94,1.05,1e+04,0,0,
n188,n183,493,483,31.1,31.1,179.0,179.0,4.450e-47,5.990e-43,4.13,0.931,1.25e+04,1,1,
n188,n184,493,472,30.1,30.1,178.0,178.0,7.580e-47,1.020e-42,4.13,0.793,1.07e+04,1,1,
n188,n185,493,472,33.3,33.3,148.0,148.0,8.400e-38,1.130e-33,4.13,0.819,1.1e+04,1,1,
n188,n186,493,479,39.5,39.5,285.0,285.0,7.510e-79,1.010e-74,4.13,1.28,1.72e+04,1,1,
n188,n187,493,493,98.6,98.6,966.0,966.0,4.290e-284,5.780e-280,4.13,0.731,9.85e+03,1,1,
n188,n189,493,545,23.7,23.7,91.0,91.0,2.080e-20,2.800e-16,4.13,1.41,1.89e+04,0,0,
n188,n190,493,438,30.2,30.2,161.0,161.0,1.640e-41,2.200e-37,4.13,1.31,1.76e+04,1,1,
n188,n191,493,439,27.8,27.8,159.0,159.0,6.220e-41,8.370e-37,4.13,1.24,1.67e+04,0,0,
n188,n192,493,439,29.6,29.8,169.0,169.0,4.600e-44,6.200e-40,4.13,0.94,1.27e+04,0,0,
n188,n193,493,479,38.5,38.5,281.0,281.0,8.310e-78,1.120e-73,4.13,0.882,1.19e+04,1,1,
n188,n194,493,471,39.1,39.1,303.0,303.0,2.040e-84,2.750e-80,4.13,0.908,1.22e+04,1,1,
n188,n195,493,485,27.7,27.7,159.0,159.0,4.760e-41,6.410e-37,4.13,0.95,1.28e+04,0,0,
n188,n196,493,472,35.5,35.5,240.0,240.0,1.630e-65,2.190e-61,4.13,0.787,1.06e+04,1,1,
n188,n197,493,551,24.7,24.7,61.0,61.0,1.350e-11,1.820e-07,4.13,0.85,1.15e+04,0,0,
n189,n181,545,525,26.4,26.4,77.0,77.0,3.440e-16,4.630e-12,4.13,1.28,1.73e+04,0,0,
n189,n182,545,517,28.4,28.0,75.0,75.0,7.650e-16,1.030e-11,4.13,0.714,9.62e+03,0,0,
n189,n183,545,483,23.3,23.3,108.0,108.0,1.390e-25,1.870e-21,4.13,1.11,1.5e+04,0,0,
n189,n184,545,472,33.1,33.1,105.0,105.0,9.020e-25,1.210e-20,4.13,0.904,1.21e+04,1,1,
n189,n185,545,472,31.7,31.7,102.0,102.0,9.970e-24,1.340e-19,4.13,1.25,1.68e+04,1,1,
n189,n186,545,479,26.8,26.8,76.0,76.0,5.860e-16,7.890e-12,4.13,1.09,1.47e+04,0,0,
n189,n187,545,493,23.2,23.2,89.0,89.0,5.120e-20,6.900e-16,4.13,0.783,1.06e+04,0,0,
n189,n188,545,493,23.7,23.7,91.0,91.0,2.300e-20,3.100e-16,4.13,1.41,1.9e+04,0,0,
n189,n190,545,438,26.4,26.4,121.0,121.0,2.070e-29,2.790e-25,4.13,1.36,1.83e+04,0,0,
n189,n191,545,439,29.4,29.4,110.0,110.0,2.800e-26,3.780e-22,4.13,0.898,1.21e+04,0,0,
n189,n192,545,439,31.7,31.7,112.0,112.0,7.380e-27,9.940e-23,4.13,0.947,1.28e+04,1,1,
n189,n193,545,479,27.5,27.5,77.0,77.0,2.630e-16,3.540e-12,4.13,0.982,1.32e+04,0,0,
n189,n194,545,471,23.5,23.5,81.0,81.0,1.390e-17,1.880e-13,4.13,0.83,1.12e+04,0,0,
n189,n195,545,485,29.5,29.5,119.0,119.0,7.880e-29,1.060e-24,4.13,1.29,1.74e+04,0,0,
n189,n196,545,472,30.8,30.8,111.0,111.0,2.150e-26,2.890e-22,4.13,1.38,1.85e+04,1,1,
n189,n197,545,551,32.7,32.7,303.0,303.0,2.260e-84,3.040e-80,4.13,0.91,1.22e+04,1,1,
n19,n1,307,290,46.4,46.4,260.0,260.0,1.610e-71,2.170e-67,4.13,1.31,1.76e+04,1,1,
n19,n10,307,262,46.1,46.1,243.0,243.0,2.040e-66,2.750e-62,4.13,1.26,1.71e+04,1,1,
n19,n11,307,262,46.8,46.8,250.0,250.0,1.280e-68,1.720e-64,4.13,1.02,1.37e+04,1,1,
n19,n12,307,262,48.0,48.0,253.0,253.0,1.510e-69,2.030e-65,4.13,0.959,1.29e+04,1,1,
n19,n13,307,262,46.5,46.5,246.0,246.0,2.410e-67,3.240e-63,4.13,1.2,1.61e+04,1,1,
n19,n14,307,319,45.2,45.3,258.0,263.0,3.590e-71,1.500e-68,2.62,0.729,9.75e+03,1,1,
n19,n15,307,301,44.3,44.3,256.0,262.0,2.330e-70,5.710e-68,2.39,1.18,1.86e+04,1,1,
n19,n16,307,262,48.9,48.9,258.0,258.0,6.130e-71,8.250e-67,4.13,1.25,1.68e+04,1,1,
n19,n18,307,298,45.4,44.7,276.0,277.0,2.170e-76,1.720e-72,3.90,1.16,1.83e+04,1,1,
n19,n2,307,259,46.7,46.7,240.0,240.0,1.730e-65,2.320e-61,4.13,1.34,1.8e+04,1,1,
n19,n20,307,298,54.3,54.3,310.0,310.0,7.960e-87,1.070e-82,4.13,0.728,9.79e+03,1,1,
n19,n21,307,304,44.8,44.8,245.0,245.0,3.150e-67,4.240e-63,4.13,0.781,1.05e+04,1,1,
n19,n22,307,296,46.0,45.7,259.0,257.0,2.750e-71,1.080e-66,4.59,1.12,1.1e+04,1,1,
n19,n23,307,300,45.6,45.3,259.0,258.0,2.110e-71,6.320e-67,4.48,0.857,1.28e+04,1,1,
n19,n24,307,304,44.6,44.6,251.0,251.0,7.490e-69,1.010e-64,4.13,1.19,1.6e+04,1,1,
n19,n25,307,301,44.9,45.0,257.0,262.0,1.040e-70,4.370e-68,2.62,1.06,1.42e+04,1,1,
n19,n26,307,261,46.5,46.5,248.0,248.0,6.340e-68,8.540e-64,4.13,1.26,1.69e+04,1,1,
n19,n27,307,296,46.0,45.7,259.0,257.0,2.750e-71,1.080e-66,4.59,1.12,1.1e+04,1,1,
n19,n28,307,284,41.2,41.4,211.0,210.0,6.570e-57,2.580e-52,4.59,0.948,1.86e+04,1,1,
n19,n29,307,319,45.2,45.3,257.0,262.0,1.360e-70,3.350e-68,2.39,1.38,1.09e+04,1,1,
n19,n30,307,262,46.8,46.8,250.0,250.0,1.280e-68,1.720e-64,4.13,1.02,1.37e+04,1,1,
n19,n31,307,262,48.0,48.0,253.0,253.0,1.510e-69,2.030e-65,4.13,0.959,1.29e+04,1,1,
n19,n32,307,294,41.6,42.8,222.0,224.0,2.850e-60,1.320e-56,3.67,0.843,1.56e+04,1,1,
n19,n33,307,293,45.9,45.9,244.0,244.0,7.010e-67,9.440e-63,4.13,0.869,1.17e+04,1,1,
n19,n34,307,293,44.5,44.5,235.0,235.0,4.250e-64,5.730e-60,4.13,1.03,1.39e+04,1,1,
n19,n36,307,310,53.8,53.8,351.0,351.0,5.320e-99,7.160e-95,4.13,1.07,1.44e+04,1,1,
n19,n37,307,263,27.5,27.5,41.0,41.0,1.180e-05,1.580e-01,4.13,1.14,1.52e+04,0,0,
n19,n4,307,292,46.4,46.4,265.0,265.0,5.010e-73,6.750e-69,4.13,1.3,1.76e+04,1,1,
n19,n40,307,292,26.1,26.0,18.0,105.0,6.250e+01,8.940e-21,-21.84,0.719,1.59e+04,0,0,
n19,n41,307,305,44.0,44.0,255.0,255.0,3.970e-70,5.350e-66,4.13,1.01,1.36e+04,1,1,
n19,n42,307,426,51.7,51.7,285.0,285.0,4.680e-79,6.300e-75,4.13,1.28,1.72e+04,1,1,
n19,n43,307,319,42.6,42.6,230.0,230.0,1.790e-62,2.410e-58,4.13,1.35,1.82e+04,1,1,
n19,n44,307,301,44.3,44.3,256.0,262.0,2.330e-70,5.710e-68,2.39,1.18,1.86e+04,1,1,
n19,n45,307,319,45.2,45.3,258.0,263.0,3.590e-71,1.500e-68,2.62,0.729,9.75e+03,1,1,
n19,n46,307,301,44.3,44.3,256.0,262.0,2.330e-70,5.710e-68,2.39,1.18,1.86e+04,1,1,
n19,n47,307,304,44.8,44.8,245.0,245.0,3.150e-67,4.240e-63,4.13,0.781,1.05e+04,1,1,
n19,n5,307,292,42.6,43.9,224.0,228.0,9.800e-61,7.000e-58,2.85,1.16,1.32e+04,1,1,
n19,n50,307,269,32.9,32.9,135.0,135.0,4.590e-34,6.170e-30,4.13,0.877,1.18e+04,1,1,
n19,n51,307,312,56.0,56.0,351.0,351.0,5.320e-99,7.160e-95,4.13,1.07,1.44e+04,1,1,
n19,n52,307,260,47.8,47.8,250.0,250.0,1.670e-68,2.250e-64,4.13,1.33,1.79e+04,1,1,
n19,n53,307,260,46.1,46.1,243.0,243.0,1.560e-66,2.100e-62,4.13,0.967,1.3e+04,1,1,
n19,n54,307,259,46.7,46.7,241.0,241.0,5.930e-66,7.990e-62,4.13,0.919,1.24e+04,1,1,
n19,n55,307,257,42.5,42.5,231.0,231.0,8.020e-63,1.080e-58,4.13,1.21,1.63e+04,1,1,
n19,n56,307,257,43.7,43.7,236.0,236.0,1.460e-64,1.970e-60,4.13,0.707,9.54e+03,1,1,
n19,n57,307,257,42.9,42.9,233.0,233.0,1.240e-63,1.670e-59,4.13,0.751,1.01e+04,1,1,
n19,n58,307,299,35.9,35.9,199.0,199.0,3.380e-53,4.550e-49,4.13,1.19,1.6e+04,1,1,
n19,n59,307,298,52.2,52.2,321.0,321.0,4.510e-90,6.080e-86,4.13,0.845,1.14e+04,1,1,
n19,n6,307,289,46.1,46.1,247.0,247.0,1.410e-67,1.900e-63,4.13,1.4,1.88e+04,1,1,
n19,n60,307,316,66.8,66.8,430.0,430.0,6.900e-123,9.290e-119,4.13,0.839,1.13e+04,1,1,
n19,n61,307,307,67.6,67.6,438.0,438.0,3.310e-125,4.450e-121,4.13,1.03,1.39e+04,1,1,
n19,n62,307,263,47.7,47.7,255.0,255.0,3.970e-70,5.350e-66,4.13,1.01,1.36e+04,1,1,
n19,n63,307,282,25.8,26.1,89.0,92.0,2.890e-20,7.830e-17,3.43,0.785,1.7e+04,0,0,
n19,n64,307,257,47.2,47.2,246.0,246.0,1.840e-67,2.480e-63,4.13,0.913,1.23e+04,1,1,
n19,n66,307,302,73.7,73.7,462.0,462.0,1.640e-132,2.210e-128,4.13,0.857,1.15e+04,1,1,
n19,n67,307,366,38.0,38.0,173.0,173.0,1.980e-45,2.670e-41,4.13,1.04,1.4e+04,1,1,
n19,n68,307,302,73.4,73.4,464.0,464.0,5.630e-133,7.580e-129,4.13,1.18,1.58e+04,1,1,
n19,n69,307,279,40.8,40.8,221.0,221.0,4.860e-60,6.550e-56,4.13,0.718,9.68e+03,1,1,
n19,n7,307,302,74.4,74.4,476.0,476.0,1.430e-136,1.930e-132,4.13,1.22,1.65e+04,1,1,
n19,n70,307,292,44.7,44.7,264.0,264.0,8.550e-73,1.150e-68,4.13,1.11,1.5e+04,1,1,
n19,n71,307,297,53.0,52.5,323.0,326.0,1.190e-90,2.470e-87,3.32,0.892,1.48e+04,1,1,
n19,n72,307,311,44.7,44.7,247.0,247.0,1.080e-67,1.460e-63,4.13,1.07,1.45e+04,1,1,
n19,n73,307,302,43.0,43.0,227.0,227.0,8.870e-62,1.190e-57,4.13,0.839,1.13e+04,1,1,
n19,n74,307,284,47.3,47.3,265.0,267.0,3.840e-73,1.360e-69,3.55,0.999,1.41e+04,1,1,
n19,n75,307,279,42.1,43.7,226.0,234.0,2.580e-61,9.770e-60,1.58,1.22,1.18e+04,1,1,
n19,n76,307,304,73.9,73.9,464.0,464.0,5.630e-133,7.580e-129,4.13,1.18,1.58e+04,1,1,
n19,n77,307,304,73.9,73.9,466.0,466.0,1.130e-133,1.530e-129,4.13,0.944,1.28e+04,1,1,
n19,n78,307,293,44.6,44.6,254.0,254.0,6.770e-70,9.120e-66,4.13,0.86,1.16e+04,1,1,
n19,n79,307,283,30.9,30.9,131.0,131.0,8.650e-33,1.160e-28,4.13,1.03,1.39e+04,1,1,
n19,n8,307,262,45.8,45.8,250.0,250.0,1.280e-68,1.720e-64,4.13,1.02,1.37e+04,1,1,
n19,n80,307,301,43.9,44.0,252.0,257.0,4.390e-69,1.080e-66,2.39,1.39,1.1e+04,1,1,
n19,n81,307,310,45.4,45.4,253.0,253.0,1.160e-69,1.560e-65,4.13,0.737,9.91e+03,1,1,
n19,n82,307,364,36.1,36.1,164.0,164.0,7.060e-43,9.500e-39,4.13,0.724,9.75e+03,1,1,
n19,n83,307,434,36.5,36.5,165.0,165.0,4.140e-43,5.570e-39,4.13,0.849,1.14e+04,1,1,
n19,n85,307,258,31.2,28.2,39.0,36.0,5.840e-05,3.900e+00,4.82,1.41,1.18e+04,0,0,
n19,n86,307,273,57.4,57.4,325.0,325.0,4.080e-91,5.490e-87,4.13,1.22,1.65e+04,1,1,
n19,n87,307,286,41.0,41.0,226.0,226.0,1.980e-61,2.660e-57,4.13,0.937,1.26e+04,1,1,
n19,n88,307,282,35.5,41.6,185.0,206.0,3.860e-49,3.720e-51,-2.02,0.83,1.68e+04,1,1,
n19,n89,307,308,61.2,61.2,383.0,383.0,9.670e-109,1.300e-104,4.13,0.836,1.12e+04,1,1,
n19,n9,307,315,41.0,41.0,223.0,223.0,2.180e-60,2.940e-56,4.13,1.29,1.74e+04,1,1,
n19,n90,307,258,27.1,27.1,71.0,72.0,8.130e-15,8.380e-11,4.01,0.842,1.74e+04,0,0,
n190,n181,438,525,39.7,39.7,117.0,117.0,2.410e-28,3.240e-24,4.13,1.23,1.66e+04,1,1,
n190,n182,438,517,36.6,36.9,103.0,113.0,3.600e-24,3.590e-23,1.00,1.12,1.15e+04,1,1,
n190,n183,438,483,30.3,30.3,137.0,137.0,1.720e-34,2.320e-30,4.13,0.921,1.24e+04,1,1,
n190,n184,438,472,33.6,33.6,108.0,108.0,1.120e-25,1.510e-21,4.13,1.12,1.51e+04,1,1,
n190,n185,438,472,33.3,33.3,117.0,117.0,2.410e-28,3.240e-24,4.13,1.23,1.66e+04,1,1,
n190,n186,438,479,32.6,32.6,112.0,112.0,4.540e-27,6.120e-23,4.13,0.725,9.77e+03,1,1,
n190,n187,438,493,30.0,30.0,154.0,154.0,1.040e-39,1.400e-35,4.13,0.73,9.83e+03,1,1,
n190,n188,438,493,30.2,30.2,161.0,161.0,1.450e-41,1.960e-37,4.13,1.3,1.76e+04,1,1,
n190,n189,438,545,26.4,26.4,121.0,121.0,1.670e-29,2.250e-25,4.13,1.37,1.84e+04,0,0,
n190,n191,438,439,52.4,52.4,419.0,419.0,2.960e-119,3.990e-115,4.13,1.23,1.66e+04,1,1,
n190,n192,438,439,52.7,52.7,424.0,424.0,5.400e-121,7.270e-117,4.13,0.719,9.68e+03,1,1,
n190,n193,438,479,32.5,32.5,109.0,109.0,3.840e-26,5.180e-22,4.13,0.766,1.03e+04,1,1,
n190,n194,438,471,30.3,30.3,139.0,139.0,5.920e-35,7.970e-31,4.13,1.27,1.71e+04,1,1,
n190,n195,438,485,43.7,43.7,202.0,202.0,5.690e-54,7.660e-50,4.13,1.12,1.51e+04,1,1,
n190,n196,438,472,32.4,32.4,171.0,171.0,1.080e-44,1.450e-40,4.13,0.994,1.33e+04,1,1,
n190,n197,438,551,47.1,30.5,18.0,96.0,1.520e+02,7.740e-18,-19.29,1.23,1.89e+04,0,1,gained_in_v12
n191,n181,439,525,32.9,32.9,111.0,111.0,1.320e-26,1.780e-22,4.13,1.05,1.42e+04,1,1,
n191,n182,439,517,31.7,31.7,102.0,102.0,8.030e-24,1.080e-19,4.13,1.25,1.68e+04,1,1,
n191,n183,439,483,28.2,28.2,141.0,141.0,9.150e-36,1.230e-31,4.13,0.782,1.05e+04,0,0,
n191,n184,439,472,32.2,33.5,103.0,115.0,3.610e-24,1.230e-23,0.53,1.12,1.57e+04,1,1,
n191,n185,439,472,34.2,34.2,126.0,126.0,5.200e-31,7.000e-27,4.13,1.36,1.83e+04,1,1,
n191,n186,439,479,26.6,26.6,98.0,102.0,1.160e-22,1.080e-19,2.97,1.13,1.68e+04,0,0,
n191,n187,439,493,27.8,27.8,154.0,154.0,1.040e-39,1.410e-35,4.13,0.729,9.88e+03,0,0,
n191,n188,439,493,28.0,28.0,159.0,159.0,5.540e-41,7.460e-37,4.13,1.24,1.67e+04,0,0,
n191,n189,439,545,29.4,29.4,110.0,110.0,2.260e-26,3.040e-22,4.13,0.9,1.21e+04,0,0,
n191,n190,439,438,52.4,52.4,419.0,419.0,2.970e-119,4.000e-115,4.13,1.23,1.66e+04,1,1,
n191,n192,439,439,83.1,83.1,731.0,731.0,2.700e-213,3.640e-209,4.13,0.936,1.26e+04,1,1,
n191,n193,439,479,25.9,25.9,97.0,101.0,1.520e-22,1.850e-19,3.09,0.739,1.44e+04,0,0,
n191,n194,439,471,28.7,28.5,119.0,125.0,3.720e-29,9.140e-27,2.39,0.758,1.19e+04,0,0,
n191,n195,439,485,34.4,34.4,255.0,255.0,4.350e-70,5.850e-66,4.13,0.773,1.04e+04,1,1,
n191,n196,439,472,30.7,30.7,187.0,187.0,1.450e-49,1.960e-45,4.13,0.873,1.18e+04,1,1,
n191,n197,439,551,26.7,26.7,101.0,101.0,1.370e-23,1.850e-19,4.13,1.07,1.44e+04,0,0,
n192,n181,439,525,38.5,38.5,105.0,105.0,7.270e-25,9.790e-21,4.13,0.905,1.22e+04,1,1,
n192,n182,439,517,30.2,30.2,102.0,102.0,8.030e-24,1.080e-19,4.13,1.25,1.68e+04,1,1,
n192,n183,439,483,30.3,30.3,148.0,148.0,9.770e-38,1.320e-33,4.13,1.07,1.44e+04,1,1,
n192,n184,439,472,26.5,27.0,134.0,148.0,1.120e-33,1.010e-33,-0.04,0.748,1.11e+04,0,0,
n192,n185,439,472,33.6,33.6,129.0,129.0,3.600e-32,4.850e-28,4.13,0.752,1.01e+04,1,1,
n192,n186,439,479,28.2,28.0,106.0,107.0,5.560e-25,2.580e-21,3.67,1.38,1.28e+04,0,0,
n192,n187,439,493,29.4,29.4,164.0,164.0,1.010e-42,1.360e-38,4.13,0.725,9.76e+03,0,0,
n192,n188,439,493,29.8,29.8,169.0,169.0,4.100e-44,5.520e-40,4.13,0.941,1.27e+04,0,0,
n192,n189,439,545,31.7,31.7,112.0,112.0,5.940e-27,8.000e-23,4.13,0.946,1.27e+04,1,1,
n192,n190,439,438,52.7,52.7,424.0,424.0,5.410e-121,7.290e-117,4.13,0.719,9.69e+03,1,1,
n192,n191,439,439,83.1,83.1,731.0,731.0,2.700e-213,3.640e-209,4.13,0.936,1.26e+04,1,1,
n192,n193,439,479,27.7,27.4,106.0,107.0,5.560e-25,3.360e-21,3.78,1.38,1.67e+04,0,0,
n192,n194,439,471,29.6,29.3,124.0,130.0,1.160e-30,2.840e-28,2.39,0.757,1.19e+04,0,0,
n192,n195,439,485,35.5,35.5,260.0,260.0,2.310e-71,3.100e-67,4.13,1.31,1.76e+04,1,1,
n192,n196,439,472,31.5,31.5,190.0,190.0,1.720e-50,2.310e-46,4.13,0.828,1.11e+04,1,1,
n192,n197,439,551,29.4,29.4,91.0,91.0,1.420e-20,1.910e-16,4.13,1.08,1.45e+04,0,0,
n193,n181,479,525,28.8,28.8,118.0,118.0,1.180e-28,1.590e-24,4.13,1.1,1.49e+04,0,0,
n193,n182,479,517,30.7,31.1,96.0,97.0,3.680e-22,3.800e-18,4.01,0.82,1.69e+04,1,1,
n193,n183,479,483,29.6,29.6,151.0,151.0,1.650e-38,2.220e-34,4.13,1.32,1.78e+04,0,0,
n193,n184,479,472,30.1,30.1,156.0,156.0,5.110e-40,6.890e-36,4.13,1.31,1.77e+04,1,1,
n193,n185,479,472,29.3,29.3,150.0,150.0,2.810e-38,3.780e-34,4.13,1.13,1.52e+04,0,0,
n193,n186,479,479,97.9,97.9,927.0,927.0,3.660e-272,4.930e-268,4.13,1.17,1.57e+04,1,1,
n193,n187,479,493,37.9,37.9,276.0,276.0,3.390e-76,4.570e-72,4.13,1.16,1.56e+04,1,1,
n193,n188,479,493,38.5,38.5,281.0,281.0,8.070e-78,1.090e-73,4.13,0.882,1.19e+04,1,1,
n193,n189,479,545,27.5,27.5,77.0,77.0,2.310e-16,3.110e-12,4.13,0.981,1.32e+04,0,0,
n193,n190,479,438,32.5,32.5,109.0,109.0,4.200e-26,5.660e-22,4.13,0.766,1.03e+04,1,1,
n193,n191,479,439,26.1,25.9,97.0,101.0,1.650e-22,2.010e-19,3.09,0.735,1.43e+04,0,0,
n193,n192,479,439,27.8,27.4,106.0,107.0,6.070e-25,3.670e-21,3.78,1.38,1.67e+04,0,0,
n193,n194,479,471,48.2,48.2,398.0,398.0,5.920e-113,7.970e-109,4.13,1.07,1.45e+04,1,1,
n193,n195,479,485,26.0,26.0,129.0,129.0,3.930e-32,5.290e-28,4.13,0.752,1.01e+04,0,0,
n193,n196,479,472,30.7,30.9,196.0,201.0,4.460e-52,1.090e-49,2.39,1.26,9.85e+03,1,1,
n193,n197,479,551,24.4,24.4,55.0,55.0,7.200e-10,9.700e-06,4.13,0.729,9.83e+03,0,0,
n194,n181,471,525,28.4,28.4,132.0,132.0,5.950e-33,8.020e-29,4.13,0.926,1.25e+04,0,0,
n194,n182,471,517,34.1,34.1,91.0,91.0,1.520e-20,2.050e-16,4.13,1.08,1.45e+04,1,1,
n194,n183,471,483,29.6,29.6,153.0,153.0,3.260e-39,4.390e-35,4.13,1.06,1.43e+04,0,0,
n194,n184,471,472,29.1,29.1,167.0,167.0,1.670e-43,2.250e-39,4.13,0.893,1.2e+04,0,0,
n194,n185,471,472,29.3,27.6,151.0,153.0,1.240e-38,4.390e-35,3.55,1.01,1.43e+04,0,0,
n194,n186,471,479,48.6,48.6,401.0,401.0,5.260e-114,7.090e-110,4.13,0.777,1.05e+04,1,1,
n194,n187,471,493,39.2,39.2,297.0,297.0,1.400e-82,1.880e-78,4.13,1.02,1.37e+04,1,1,
n194,n188,471,493,39.1,39.1,303.0,303.0,1.950e-84,2.630e-80,4.13,0.909,1.23e+04,1,1,
n194,n189,471,545,24.8,24.8,81.0,81.0,1.570e-17,2.120e-13,4.13,1.09,1.47e+04,0,0,
n194,n190,471,438,30.3,30.3,139.0,139.0,6.360e-35,8.570e-31,4.13,1.27,1.71e+04,1,1,
n194,n191,471,439,29.2,29.0,118.0,124.0,8.900e-29,2.180e-26,2.39,0.846,1.33e+04,0,0,
n194,n192,471,439,29.4,29.2,124.0,130.0,1.620e-30,3.980e-28,2.39,0.985,1.55e+04,0,0,
n194,n193,471,479,48.2,48.2,398.0,398.0,5.820e-113,7.840e-109,4.13,1.07,1.45e+04,1,1,
n194,n195,471,485,28.6,28.6,150.0,150.0,2.760e-38,3.720e-34,4.13,1.13,1.52e+04,0,0,
n194,n196,471,472,34.8,34.8,201.0,201.0,1.360e-53,1.840e-49,4.13,1.25,1.69e+04,1,1,
n194,n197,471,551,27.5,27.5,69.0,69.0,4.740e-14,6.380e-10,4.13,0.8,1.08e+04,0,0,
n195,n181,485,525,32.3,32.3,110.0,110.0,2.500e-26,3.360e-22,4.13,0.901,1.21e+04,1,1,
n195,n182,485,517,30.0,30.0,106.0,106.0,6.150e-25,8.280e-21,4.13,1.39,1.87e+04,1,1,
n195,n183,485,483,27.4,27.4,154.0,154.0,1.510e-39,2.030e-35,4.13,0.957,1.29e+04,0,0,
n195,n184,485,472,28.4,28.4,188.0,188.0,9.420e-50,1.270e-45,4.13,1.03,1.38e+04,0,0,
n195,n185,485,472,28.7,28.7,184.0,184.0,1.040e-48,1.400e-44,4.13,0.708,9.53e+03,0,0,
n195,n186,485,479,26.6,26.4,132.0,132.0,8.010e-33,1.080e-28,4.13,1.21,1.63e+04,0,0,
n195,n187,485,493,27.7,27.7,158.0,158.0,1.040e-40,1.410e-36,4.13,1.06,1.43e+04,0,0,
n195,n188,485,493,27.7,27.7,159.0,159.0,4.680e-41,6.310e-37,4.13,0.95,1.28e+04,0,0,
n195,n189,485,545,29.5,29.5,119.0,119.0,7.020e-29,9.450e-25,4.13,1.3,1.74e+04,0,0,
n195,n190,485,438,38.6,38.6,263.0,263.0,3.010e-72,4.050e-68,4.13,1.24,1.67e+04,1,1,
n195,n191,485,439,34.4,34.4,255.0,255.0,4.800e-70,6.470e-66,4.13,0.772,1.04e+04,1,1,
n195,n192,485,439,35.5,35.5,260.0,260.0,2.550e-71,3.430e-67,4.13,1.31,1.76e+04,1,1,
n195,n193,485,479,26.0,26.0,129.0,129.0,3.970e-32,5.350e-28,4.13,0.75,1.01e+04,0,0,
n195,n194,485,471,28.6,28.6,150.0,150.0,2.840e-38,3.830e-34,4.13,1.13,1.52e+04,0,0,
n195,n196,485,472,37.3,37.3,163.0,163.0,4.240e-42,5.710e-38,4.13,1.38,1.85e+04,1,1,
n195,n197,485,551,27.0,27.0,94.0,94.0,1.420e-21,1.910e-17,4.13,0.781,1.05e+04,0,0,
n196,n181,472,525,34.9,34.9,156.0,156.0,3.860e-40,5.200e-36,4.13,1.01,1.36e+04,1,1,
n196,n182,472,517,33.5,33.5,138.0,138.0,1.420e-34,1.910e-30,4.13,1.41,1.9e+04,1,1,
n196,n183,472,483,31.8,31.8,205.0,205.0,5.550e-55,7.470e-51,4.13,0.814,1.1e+04,1,1,
n196,n184,472,472,32.6,32.6,225.0,225.0,5.180e-61,6.980e-57,4.13,0.797,1.07e+04,1,1,
n196,n185,472,472,30.9,30.9,216.0,216.0,4.100e-58,5.530e-54,4.13,1.23,1.66e+04,1,1,
n196,n186,472,479,31.0,31.0,197.0,197.0,1.970e-52,2.660e-48,4.13,1.13,1.52e+04,1,1,
n196,n187,472,493,34.9,34.9,236.0,236.0,2.250e-64,3.030e-60,4.13,0.709,9.55e+03,1,1,
n196,n188,472,493,35.5,35.5,240.0,240.0,1.560e-65,2.100e-61,4.13,0.786,1.06e+04,1,1,
n196,n189,472,545,30.8,30.8,111.0,111.0,1.860e-26,2.500e-22,4.13,1.38,1.85e+04,1,1,
n196,n190,472,438,32.4,32.4,171.0,171.0,1.160e-44,1.560e-40,4.13,0.991,1.33e+04,1,1,
n196,n191,472,439,31.0,31.0,191.0,191.0,8.290e-51,1.120e-46,4.13,0.742,1e+04,1,1,
n196,n192,472,439,31.5,31.5,190.0,190.0,1.850e-50,2.490e-46,4.13,0.828,1.11e+04,1,1,
n196,n193,472,479,30.5,30.9,195.0,201.0,9.790e-52,1.080e-49,2.04,1.4,9.9e+03,1,1,
n196,n194,472,471,34.8,34.8,201.0,201.0,1.370e-53,1.840e-49,4.13,1.26,1.69e+04,1,1,
n196,n195,472,485,37.3,37.3,163.0,163.0,4.120e-42,5.550e-38,4.13,1.37,1.85e+04,1,1,
n196,n197,472,551,28.0,28.0,76.0,76.0,3.890e-16,5.230e-12,4.13,0.839,1.13e+04,0,0,
n197,n181,551,525,31.8,32.0,67.0,74.0,3.590e-13,2.320e-11,1.81,1.29,1.07e+04,1,1,
n197,n182,551,517,28.8,28.8,64.0,64.0,3.040e-12,4.100e-08,4.13,1.37,1.85e+04,0,0,
n197,n183,551,483,26.2,25.9,106.0,112.0,4.090e-25,1.310e-22,2.51,0.811,1.66e+04,0,0,
n197,n184,551,472,25.5,25.5,84.0,84.0,2.180e-18,2.930e-14,4.13,1.03,1.39e+04,0,0,
n197,n185,551,472,24.0,24.0,76.0,76.0,5.920e-16,7.980e-12,4.13,1.09,1.47e+04,0,0,
n197,n186,551,479,23.6,23.6,54.0,54.0,1.850e-09,2.490e-05,4.13,0.815,1.1e+04,0,0,
n197,n187,551,493,24.5,24.5,60.0,60.0,4.390e-11,5.920e-07,4.13,1.24,1.67e+04,0,0,
n197,n188,551,493,24.8,24.8,61.0,61.0,1.510e-11,2.030e-07,4.13,0.851,1.14e+04,0,0,
n197,n189,551,545,32.7,32.7,303.0,303.0,2.280e-84,3.070e-80,4.13,0.908,1.22e+04,1,1,
n197,n190,551,438,30.5,30.5,96.0,96.0,7.230e-22,9.730e-18,4.13,1.4,1.88e+04,1,1,
n197,n191,551,439,26.7,26.7,101.0,101.0,1.720e-23,2.320e-19,4.13,1.07,1.44e+04,0,0,
n197,n192,551,439,29.4,29.4,91.0,91.0,1.780e-20,2.400e-16,4.13,1.08,1.45e+04,0,0,
n197,n193,551,479,23.8,23.8,55.0,55.0,1.080e-09,1.460e-05,4.13,0.951,1.29e+04,0,0,
n197,n194,551,471,27.5,27.5,69.0,69.0,5.550e-14,7.470e-10,4.13,0.801,1.08e+04,0,0,
n197,n195,551,485,26.6,26.6,94.0,94.0,2.750e-21,3.700e-17,4.13,1.33,1.79e+04,0,0,
n197,n196,551,472,28.0,28.0,76.0,76.0,4.540e-16,6.110e-12,4.13,0.838,1.13e+04,0,0,
n198,n199,241,238,34.0,34.0,114.0,114.0,8.590e-28,1.160e-23,4.13,0.997,1.35e+04,1,1,
n199,n198,238,241,34.0,34.0,114.0,114.0,8.480e-28,1.140e-23,4.13,0.997,1.34e+04,1,1,
n2,n1,259,290,47.7,47.7,242.0,242.0,3.830e-66,5.160e-62,4.13,1.41,1.9e+04,1,1,
n2,n10,259,262,63.6,63.6,339.0,339.0,1.760e-95,2.380e-91,4.13,1.02,1.39e+04,1,1,
n2,n11,259,262,64.8,64.8,351.0,351.0,5.860e-99,7.890e-95,4.13,1.4,1.88e+04,1,1,
n2,n12,259,262,64.0,64.0,345.0,345.0,3.210e-97,4.330e-93,4.13,1.2,1.61e+04,1,1,
n2,n120,259,201,20.8,20.8,30.0,30.0,1.340e-02,1.810e+02,4.13,0.748,1.01e+04,0,0,
n2,n13,259,262,64.8,64.8,350.0,350.0,7.650e-99,1.030e-94,4.13,0.912,1.23e+04,1,1,
n2,n134,259,352,27.3,27.3,50.0,50.0,1.640e-08,2.200e-04,4.13,0.96,1.29e+04,0,0,
n2,n14,259,319,63.9,63.9,343.0,343.0,1.220e-96,1.640e-92,4.13,1.14,1.53e+04,1,1,
n2,n15,259,301,64.6,64.6,349.0,349.0,2.230e-98,3.000e-94,4.13,1.33,1.79e+04,1,1,
n2,n16,259,262,67.8,67.8,355.0,355.0,3.110e-100,4.180e-96,4.13,1.19,1.6e+04,1,1,
n2,n18,259,298,50.7,50.7,273.0,273.0,9.100e-76,1.230e-71,4.13,0.718,9.71e+03,1,1,
n2,n19,259,307,46.7,46.7,240.0,240.0,1.460e-65,1.960e-61,4.13,1.34,1.8e+04,1,1,
n2,n20,259,298,44.2,44.2,224.0,224.0,8.270e-61,1.110e-56,4.13,1.16,1.56e+04,1,1,
n2,n21,259,304,48.9,48.9,254.0,254.0,5.710e-70,7.690e-66,4.13,0.859,1.16e+04,1,1,
n2,n22,259,296,64.3,64.3,342.0,342.0,1.600e-96,2.150e-92,4.13,0.745,1e+04,1,1,
n2,n23,259,300,62.7,62.7,335.0,335.0,3.330e-94,4.480e-90,4.13,1.21,1.63e+04,1,1,
n2,n24,259,304,65.6,65.6,354.0,354.0,6.920e-100,9.320e-96,4.13,1.32,1.78e+04,1,1,
n2,n25,259,301,63.9,63.9,343.0,343.0,9.350e-97,1.260e-92,4.13,0.871,1.17e+04,1,1,
n2,n26,259,261,64.6,64.6,349.0,349.0,2.230e-98,3.000e-94,4.13,1.33,1.79e+04,1,1,
n2,n27,259,296,64.3,64.3,342.0,342.0,1.600e-96,2.150e-92,4.13,0.745,1e+04,1,1,
n2,n28,259,284,56.5,56.5,293.0,293.0,1.110e-81,1.490e-77,4.13,0.919,1.23e+04,1,1,
n2,n29,259,319,64.6,64.6,347.0,347.0,6.480e-98,8.720e-94,4.13,0.966,1.3e+04,1,1,
n2,n30,259,262,64.8,64.8,351.0,351.0,5.860e-99,7.890e-95,4.13,1.4,1.88e+04,1,1,
n2,n31,259,262,64.0,64.0,345.0,345.0,3.210e-97,4.330e-93,4.13,1.2,1.61e+04,1,1,
n2,n32,259,294,51.9,51.9,287.0,287.0,7.950e-80,1.070e-75,4.13,1.03,1.38e+04,1,1,
n2,n33,259,293,54.7,54.7,279.0,279.0,1.660e-77,2.230e-73,4.13,0.838,1.13e+04,1,1,
n2,n34,259,293,52.7,52.7,270.0,270.0,1.010e-74,1.360e-70,4.13,0.996,1.34e+04,1,1,
n2,n36,259,310,46.4,46.4,238.0,238.0,4.240e-65,5.710e-61,4.13,0.974,1.31e+04,1,1,
n2,n38,259,495,28.8,28.8,71.0,71.0,6.860e-15,9.240e-11,4.13,0.842,1.13e+04,0,0,
n2,n4,259,292,48.5,48.5,250.0,250.0,8.250e-69,1.110e-64,4.13,0.776,1.04e+04,1,1,
n2,n40,259,292,31.2,31.2,102.0,102.0,2.780e-24,3.740e-20,4.13,0.733,9.86e+03,1,1,
n2,n41,259,305,46.9,46.9,231.0,231.0,6.760e-63,9.110e-59,4.13,1.21,1.63e+04,1,1,
n2,n42,259,426,49.1,49.1,268.0,268.0,3.820e-74,5.150e-70,4.13,0.942,1.27e+04,1,1,
n2,n43,259,319,40.5,40.5,190.0,190.0,1.320e-50,1.780e-46,4.13,1.08,1.45e+04,1,1,
n2,n44,259,301,64.6,64.6,349.0,349.0,2.230e-98,3.000e-94,4.13,1.33,1.79e+04,1,1,
n2,n45,259,319,63.9,63.9,343.0,343.0,1.220e-96,1.640e-92,4.13,1.14,1.53e+04,1,1,
n2,n46,259,301,64.6,64.6,349.0,349.0,2.230e-98,3.000e-94,4.13,1.33,1.79e+04,1,1,
n2,n47,259,304,48.9,48.9,254.0,254.0,5.710e-70,7.690e-66,4.13,0.859,1.16e+04,1,1,
n2,n5,259,292,62.1,62.1,333.0,333.0,1.260e-93,1.700e-89,4.13,1.15,1.55e+04,1,1,
n2,n50,259,269,31.7,31.7,119.0,119.0,2.870e-29,3.860e-25,4.13,0.992,1.33e+04,1,1,
n2,n51,259,312,47.6,47.6,249.0,249.0,1.840e-68,2.480e-64,4.13,0.866,1.17e+04,1,1,
n2,n52,259,260,68.5,68.5,367.0,367.0,6.050e-104,8.150e-100,4.13,0.946,1.27e+04,1,1,
n2,n53,259,260,69.5,69.5,368.0,368.0,3.550e-104,4.780e-100,4.13,1.11,1.49e+04,1,1,
n2,n54,259,259,98.5,98.5,518.0,518.0,1.620e-149,2.190e-145,4.13,0.723,9.77e+03,1,1,
n2,n55,259,257,62.3,62.3,324.0,324.0,5.870e-91,7.910e-87,4.13,1.04,1.41e+04,1,1,
n2,n56,259,257,63.1,63.1,328.0,328.0,4.070e-92,5.480e-88,4.13,1.16,1.56e+04,1,1,
n2,n57,259,257,63.1,63.1,327.0,327.0,6.940e-92,9.340e-88,4.13,0.987,1.33e+04,1,1,
n2,n58,259,299,52.7,52.7,261.0,261.0,6.100e-72,8.220e-68,4.13,1.18,1.58e+04,1,1,
n2,n59,259,298,44.5,44.5,231.0,231.0,6.760e-63,9.110e-59,4.13,1.21,1.63e+04,1,1,
n2,n6,259,289,64.7,64.7,349.0,349.0,2.230e-98,3.000e-94,4.13,1.33,1.79e+04,1,1,
n2,n60,259,316,44.3,44.3,224.0,224.0,8.270e-61,1.110e-56,4.13,1.16,1.56e+04,1,1,
n2,n61,259,307,45.9,45.9,237.0,237.0,9.440e-65,1.270e-60,4.13,1.08,1.46e+04,1,1,
n2,n62,259,263,69.3,69.3,369.0,369.0,2.080e-104,2.800e-100,4.13,1.3,1.75e+04,1,1,
n2,n63,259,282,28.8,28.8,105.0,105.0,4.290e-25,5.770e-21,4.13,0.905,1.22e+04,0,0,
n2,n64,259,257,62.2,62.2,337.0,337.0,8.750e-95,1.180e-90,4.13,1.27,1.72e+04,1,1,
n2,n66,259,302,48.3,48.3,243.0,243.0,1.720e-66,2.320e-62,4.13,1.26,1.71e+04,1,1,
n2,n67,259,366,32.9,33.7,129.0,130.0,3.620e-32,1.680e-28,3.67,1.28,1.19e+04,1,1,
n2,n68,259,302,48.9,48.9,248.0,248.0,3.140e-68,4.220e-64,4.13,0.738,9.93e+03,1,1,
n2,n69,259,279,50.8,50.8,256.0,256.0,1.500e-70,2.020e-66,4.13,0.903,1.22e+04,1,1,
n2,n7,259,302,47.6,47.6,244.0,244.0,5.910e-67,7.960e-63,4.13,0.869,1.17e+04,1,1,
n2,n70,259,292,48.3,48.3,253.0,253.0,1.660e-69,2.240e-65,4.13,1.25,1.69e+04,1,1,
n2,n71,259,297,43.0,43.0,223.0,223.0,1.410e-60,1.900e-56,4.13,0.988,1.33e+04,1,1,
n2,n72,259,311,64.9,64.9,346.0,346.0,1.880e-97,2.540e-93,4.13,1.4,1.89e+04,1,1,
n2,n73,259,302,60.1,60.1,318.0,318.0,3.220e-89,4.340e-85,4.13,0.894,1.21e+04,1,1,
n2,n74,259,284,60.8,60.8,324.0,324.0,4.500e-91,6.050e-87,4.13,0.8,1.08e+04,1,1,
n2,n75,259,279,45.6,45.6,229.0,229.0,2.570e-62,3.460e-58,4.13,1.15,1.55e+04,1,1,
n2,n76,259,304,48.1,48.1,248.0,248.0,5.350e-68,7.200e-64,4.13,1.26,1.69e+04,1,1,
n2,n77,259,304,46.3,46.3,239.0,239.0,2.480e-65,3.350e-61,4.13,1.14,1.54e+04,1,1,
n2,n78,259,293,66.2,66.2,354.0,354.0,4.060e-100,5.460e-96,4.13,0.775,1.04e+04,1,1,
n2,n79,259,283,30.6,30.6,112.0,113.0,2.690e-27,2.770e-23,4.01,0.726,1.5e+04,1,1,
n2,n8,259,262,64.3,64.3,346.0,346.0,1.880e-97,2.540e-93,4.13,1.4,1.89e+04,1,1,
n2,n80,259,301,64.6,64.6,348.0,348.0,2.910e-98,3.920e-94,4.13,0.868,1.17e+04,1,1,
n2,n81,259,310,67.7,67.7,361.0,361.0,4.330e-102,5.840e-98,4.13,1.06,1.43e+04,1,1,
n2,n82,259,364,33.2,33.2,129.0,129.0,2.120e-32,2.860e-28,4.13,0.75,1.01e+04,1,1,
n2,n83,259,434,52.5,52.5,257.0,257.0,1.150e-70,1.550e-66,4.13,1.38,1.87e+04,1,1,
n2,n85,259,258,26.5,26.5,33.0,33.0,1.590e-03,2.130e+01,4.13,0.71,9.51e+03,0,0,
n2,n86,259,273,45.3,45.3,230.0,230.0,8.840e-63,1.190e-58,4.13,0.793,1.07e+04,1,1,
n2,n87,259,286,63.1,63.1,323.0,323.0,1.000e-90,1.350e-86,4.13,0.889,1.2e+04,1,1,
n2,n88,259,282,44.6,44.6,218.0,218.0,4.540e-59,6.110e-55,4.13,0.994,1.34e+04,1,1,
n2,n89,259,308,40.8,43.4,211.0,225.0,4.250e-57,6.530e-57,0.19,0.727,1.83e+04,1,1,
n2,n9,259,315,62.2,62.2,330.0,330.0,6.270e-93,8.450e-89,4.13,0.713,9.61e+03,1,1,
n2,n90,259,258,26.8,26.8,58.0,58.0,6.010e-11,8.090e-07,4.13,0.901,1.21e+04,0,0,
n20,n1,298,290,48.4,48.4,260.0,260.0,1.200e-71,1.610e-67,4.13,1,1.35e+04,1,1,
n20,n10,298,262,48.7,48.7,238.0,238.0,4.880e-65,6.570e-61,4.13,0.974,1.31e+04,1,1,
n20,n11,298,262,49.1,49.1,243.0,243.0,1.520e-66,2.040e-62,4.13,0.971,1.3e+04,1,1,
n20,n12,298,262,48.0,48.0,239.0,239.0,2.190e-65,2.950e-61,4.13,0.874,1.18e+04,1,1,
n20,n13,298,262,48.7,48.7,238.0,238.0,6.370e-65,8.580e-61,4.13,1.27,1.71e+04,1,1,
n20,n14,298,319,47.5,47.5,241.0,241.0,5.760e-66,7.760e-62,4.13,0.92,1.24e+04,1,1,
n20,n15,298,301,48.6,48.6,245.0,245.0,3.990e-67,5.370e-63,4.13,1.02,1.37e+04,1,1,
n20,n16,298,262,45.7,45.7,232.0,232.0,2.680e-63,3.600e-59,4.13,0.836,1.12e+04,1,1,
n20,n18,298,298,48.6,48.6,284.0,284.0,7.750e-79,1.040e-74,4.13,1.09,1.46e+04,1,1,
n20,n19,298,307,54.3,54.3,310.0,310.0,7.730e-87,1.040e-82,4.13,0.729,9.8e+03,1,1,
n20,n2,298,259,44.2,44.2,224.0,224.0,9.510e-61,1.280e-56,4.13,1.16,1.56e+04,1,1,
n20,n21,298,304,49.0,49.0,268.0,268.0,5.750e-74,7.740e-70,4.13,1.23,1.66e+04,1,1,
n20,n22,298,296,46.2,46.2,243.0,243.0,1.520e-66,2.040e-62,4.13,0.971,1.3e+04,1,1,
n20,n23,298,300,46.8,46.8,237.0,237.0,8.320e-65,1.120e-60,4.13,0.83,1.12e+04,1,1,
n20,n24,298,304,44.8,44.8,226.0,226.0,1.470e-61,1.980e-57,4.13,0.716,9.65e+03,1,1,
n20,n25,298,301,47.8,47.8,242.0,242.0,2.590e-66,3.480e-62,4.13,0.827,1.11e+04,1,1,
n20,n26,298,261,49.1,49.1,242.0,242.0,2.590e-66,3.480e-62,4.13,0.827,1.11e+04,1,1,
n20,n27,298,296,46.2,46.2,243.0,243.0,1.520e-66,2.040e-62,4.13,0.971,1.3e+04,1,1,
n20,n28,298,284,38.8,38.8,193.0,193.0,1.380e-51,1.850e-47,4.13,0.783,1.05e+04,1,1,
n20,n29,298,319,47.8,47.8,240.0,240.0,9.820e-66,1.320e-61,4.13,0.784,1.05e+04,1,1,
n20,n3,298,380,21.8,21.8,37.0,37.0,1.260e-04,1.700e+00,4.13,0.783,1.06e+04,0,0,
n20,n30,298,262,49.1,49.1,243.0,243.0,1.520e-66,2.040e-62,4.13,0.971,1.3e+04,1,1,
n20,n31,298,262,48.0,48.0,239.0,239.0,2.190e-65,2.950e-61,4.13,0.874,1.18e+04,1,1,
n20,n32,298,294,40.9,40.9,203.0,203.0,2.270e-54,3.060e-50,4.13,1.32,1.78e+04,1,1,
n20,n33,298,293,41.6,41.6,206.0,206.0,1.570e-55,2.760e-51,4.25,0.73,1.28e+04,1,1,
n20,n34,298,293,39.7,40.9,188.0,196.0,7.560e-50,2.190e-48,1.46,1.34,9.94e+03,1,1,
n20,n36,298,310,49.7,56.4,293.0,311.0,1.280e-81,6.100e-83,-1.32,0.921,1.15e+04,1,1,
n20,n4,298,292,47.2,47.2,269.0,269.0,2.580e-74,3.470e-70,4.13,1.11,1.49e+04,1,1,
n20,n40,298,292,25.7,25.7,71.0,71.0,1.030e-14,1.390e-10,4.13,1.1,1.48e+04,0,0,
n20,n41,298,305,43.5,43.5,241.0,241.0,5.760e-66,7.760e-62,4.13,0.92,1.24e+04,1,1,
n20,n42,298,426,51.3,51.3,272.0,272.0,3.050e-75,4.100e-71,4.13,1.05,1.41e+04,1,1,
n20,n43,298,319,48.0,48.0,245.0,245.0,3.050e-67,4.110e-63,4.13,0.779,1.05e+04,1,1,
n20,n44,298,301,48.6,48.6,245.0,245.0,3.990e-67,5.370e-63,4.13,1.02,1.37e+04,1,1,
n20,n45,298,319,47.5,47.5,241.0,241.0,5.760e-66,7.760e-62,4.13,0.92,1.24e+04,1,1,
n20,n46,298,301,48.6,48.6,245.0,245.0,3.990e-67,5.370e-63,4.13,1.02,1.37e+04,1,1,
n20,n47,298,304,49.0,49.0,268.0,268.0,5.750e-74,7.740e-70,4.13,1.23,1.66e+04,1,1,
n20,n5,298,292,42.7,42.7,207.0,207.0,1.200e-55,1.620e-51,4.13,1.12,1.51e+04,1,1,
n20,n50,298,269,26.2,26.2,104.0,104.0,8.410e-25,1.130e-20,4.13,0.771,1.04e+04,0,0,
n20,n51,298,312,62.0,62.0,381.0,381.0,6.080e-108,8.190e-104,4.13,1.35,1.82e+04,1,1,
n20,n52,298,260,44.6,44.6,221.0,221.0,4.720e-60,6.360e-56,4.13,0.719,9.69e+03,1,1,
n20,n53,298,260,42.8,42.8,222.0,222.0,2.770e-60,3.730e-56,4.13,0.844,1.14e+04,1,1,
n20,n54,298,259,44.6,44.6,225.0,225.0,3.270e-61,4.400e-57,4.13,0.797,1.07e+04,1,1,
n20,n55,298,257,43.2,43.2,225.0,225.0,3.270e-61,4.400e-57,4.13,0.797,1.07e+04,1,1,
n20,n56,298,257,43.5,43.5,225.0,225.0,3.270e-61,4.400e-57,4.13,0.797,1.07e+04,1,1,
n20,n57,298,257,43.2,43.2,226.0,226.0,2.500e-61,3.370e-57,4.13,1.22,1.64e+04,1,1,
n20,n58,298,299,36.9,36.9,180.0,180.0,1.210e-47,1.620e-43,4.13,0.838,1.12e+04,1,1,
n20,n59,298,298,58.4,58.8,359.0,361.0,2.480e-101,8.770e-98,3.55,1.32,1.86e+04,1,1,
n20,n6,298,289,42.3,42.3,213.0,213.0,2.190e-57,2.950e-53,4.13,1.3,1.75e+04,1,1,
n20,n60,298,316,49.2,49.2,304.0,304.0,9.450e-85,1.270e-80,4.13,1.39,1.87e+04,1,1,
n20,n61,298,307,54.6,54.6,321.0,321.0,4.380e-90,5.900e-86,4.13,0.846,1.14e+04,1,1,
n20,n62,298,263,45.9,45.9,236.0,236.0,2.420e-64,3.260e-60,4.13,1.21,1.63e+04,1,1,
n20,n63,298,282,30.5,30.5,91.0,91.0,9.630e-21,1.300e-16,4.13,1.08,1.45e+04,1,1,
n20,n64,298,257,44.7,44.7,213.0,213.0,1.290e-57,1.730e-53,4.13,0.767,1.03e+04,1,1,
n20,n66,298,302,52.9,52.9,319.0,319.0,2.840e-89,3.820e-85,4.13,1.37,1.84e+04,1,1,
n20,n67,298,366,33.3,33.3,157.0,157.0,1.090e-40,1.470e-36,4.13,0.9,1.21e+04,1,1,
n20,n68,298,302,54.4,54.4,326.0,326.0,1.780e-91,2.390e-87,4.13,1.1,1.48e+04,1,1,
n20,n69,298,279,45.2,45.2,214.0,214.0,7.540e-58,1.020e-53,4.13,0.897,1.21e+04,1,1,
n20,n7,298,302,54.3,54.3,324.0,324.0,6.760e-91,9.100e-87,4.13,1.04,1.41e+04,1,1,
n20,n70,298,292,47.0,47.0,242.0,242.0,4.410e-66,5.940e-62,4.13,1.41,1.9e+04,1,1,
n20,n71,298,297,57.4,57.8,356.0,357.0,2.100e-100,7.430e-97,3.55,1.39,9.86e+03,1,1,
n20,n72,298,311,41.6,41.6,214.0,214.0,7.540e-58,1.020e-53,4.13,0.897,1.21e+04,1,1,
n20,n73,298,302,42.0,42.0,205.0,205.0,4.570e-55,6.160e-51,4.13,1.06,1.43e+04,1,1,
n20,n74,298,284,44.5,44.5,239.0,239.0,2.860e-65,3.850e-61,4.13,1.14,1.54e+04,1,1,
n20,n75,298,279,51.1,51.1,269.0,269.0,1.970e-74,2.660e-70,4.13,0.844,1.14e+04,1,1,
n20,n76,298,304,50.2,50.2,304.0,304.0,9.450e-85,1.270e-80,4.13,1.39,1.87e+04,1,1,
n20,n77,298,304,51.3,51.3,314.0,314.0,6.990e-88,9.420e-84,4.13,1.05,1.42e+04,1,1,
n20,n78,298,293,42.9,42.9,225.0,225.0,5.580e-61,7.510e-57,4.13,1.36,1.83e+04,1,1,
n20,n79,298,283,30.3,30.3,113.0,113.0,2.370e-27,3.190e-23,4.13,1.11,1.5e+04,1,1,
n20,n8,298,262,48.5,48.5,239.0,239.0,2.190e-65,2.950e-61,4.13,0.874,1.18e+04,1,1,
n20,n80,298,301,48.2,48.2,240.0,240.0,1.680e-65,2.260e-61,4.13,1.34,1.8e+04,1,1,
n20,n81,298,310,43.9,43.9,232.0,232.0,2.680e-63,3.600e-59,4.13,0.836,1.12e+04,1,1,
n20,n82,298,364,33.5,33.5,148.0,148.0,5.080e-38,6.840e-34,4.13,0.819,1.1e+04,1,1,
n20,n83,298,434,35.5,35.5,158.0,158.0,6.410e-41,8.640e-37,4.13,1.06,1.43e+04,1,1,
n20,n86,298,273,58.3,58.7,356.0,357.0,2.100e-100,7.430e-97,3.55,1.39,9.86e+03,1,1,
n20,n87,298,286,40.1,40.1,207.0,207.0,9.220e-56,1.240e-51,4.13,0.857,1.15e+04,1,1,
n20,n88,298,282,39.7,39.7,183.0,183.0,1.430e-48,1.920e-44,4.13,0.792,1.06e+04,1,1,
n20,n89,298,308,51.2,51.2,312.0,312.0,3.470e-87,4.670e-83,4.13,1.31,1.76e+04,1,1,
n20,n9,298,315,42.6,42.6,198.0,198.0,7.300e-53,9.830e-49,4.13,1.33,1.78e+04,1,1,
n20,n90,298,258,24.9,25.1,55.0,56.0,5.850e-10,3.540e-06,3.78,0.953,1.15e+04,0,0,
n201,n202,516,348,30.4,30.4,79.0,79.0,5.020e-17,6.760e-13,4.13,0.792,1.07e+04,1,1,
n202,n201,348,516,30.4,30.4,79.0,79.0,3.380e-17,4.560e-13,4.13,0.791,1.07e+04,1,1,
n203,n204,681,679,82.6,82.6,1208.0,1208.0,0.000e+00,0.000e+00,,,,1,1,
n203,n205,681,678,36.8,36.8,374.0,374.0,1.700e-105,2.290e-101,4.13,1.29,1.74e+04,1,1,
n204,n203,679,681,82.6,82.6,1208.0,1208.0,0.000e+00,0.000e+00,,,,1,1,
n204,n205,679,678,36.7,36.7,403.0,403.0,2.000e-114,2.690e-110,4.13,0.819,1.1e+04,1,1,
n205,n203,678,681,34.8,34.8,342.0,342.0,5.450e-96,7.350e-92,4.13,0.97,1.31e+04,1,1,
n205,n204,678,679,33.2,33.2,325.0,325.0,5.280e-91,7.110e-87,4.13,0.717,9.65e+03,1,1,
n206,n207,407,388,63.5,63.5,510.0,510.0,9.080e-147,1.220e-142,4.13,1.01,1.35e+04,1,1,
n206,n208,407,407,51.8,51.8,430.0,430.0,1.190e-122,1.610e-118,4.13,1.09,1.48e+04,1,1,
n206,n209,407,410,42.3,42.8,315.0,330.0,4.290e-88,1.730e-88,-0.39,0.948,1.25e+04,1,1,
n206,n210,407,407,52.9,52.9,435.0,435.0,3.710e-124,5.000e-120,4.13,1.09,1.47e+04,1,1,
n207,n206,388,407,63.5,63.5,510.0,510.0,8.650e-147,1.170e-142,4.13,1.01,1.36e+04,1,1,
n207,n208,388,407,50.1,50.1,387.0,387.0,1.100e-109,1.490e-105,4.13,1.2,1.63e+04,1,1,
n207,n209,388,410,40.2,40.2,322.0,322.0,2.560e-90,3.450e-86,4.13,0.759,1.02e+04,1,1,
n207,n210,388,407,52.9,52.9,420.0,420.0,1.180e-119,1.590e-115,4.13,1.11,1.49e+04,1,1,
n208,n206,407,407,51.3,51.8,420.0,430.0,1.240e-119,1.610e-118,1.11,1.11,1.48e+04,1,1,
n208,n207,407,388,50.1,50.1,387.0,387.0,1.160e-109,1.560e-105,4.13,1.21,1.63e+04,1,1,
n208,n209,407,410,46.3,46.3,384.0,384.0,5.750e-109,7.750e-105,4.13,0.75,1.01e+04,1,1,
n208,n210,407,407,68.6,68.6,595.0,595.0,2.150e-172,2.890e-168,4.13,0.923,1.24e+04,1,1,
n209,n206,410,407,42.8,42.8,330.0,330.0,1.300e-92,1.750e-88,4.13,0.934,1.26e+04,1,1,
n209,n207,410,388,40.2,40.2,322.0,322.0,2.700e-90,3.640e-86,4.13,0.758,1.02e+04,1,1,
n209,n208,410,407,46.3,46.3,384.0,384.0,5.800e-109,7.800e-105,4.13,0.751,1.01e+04,1,1,
n209,n210,410,407,45.0,45.7,375.0,382.0,3.520e-106,5.060e-104,2.16,0.89,1.64e+04,1,1,
n21,n1,304,290,78.6,78.6,455.0,455.0,3.380e-130,4.550e-126,4.13,1.39,1.88e+04,1,1,
n21,n10,304,262,52.0,52.0,247.0,247.0,8.200e-68,1.100e-63,4.13,0.822,1.1e+04,1,1,
n21,n11,304,262,52.4,52.4,252.0,252.0,3.330e-69,4.480e-65,4.13,1.07,1.44e+04,1,1,
n21,n12,304,262,50.8,50.8,248.0,248.0,6.280e-68,8.450e-64,4.13,1.26,1.69e+04,1,1,
n21,n13,304,262,51.6,51.6,248.0,248.0,6.280e-68,8.450e-64,4.13,1.26,1.69e+04,1,1,
n21,n14,304,319,47.2,47.2,252.0,252.0,2.550e-69,3.430e-65,4.13,0.818,1.1e+04,1,1,
n21,n15,304,301,48.6,48.6,257.0,257.0,1.350e-70,1.820e-66,4.13,1.38,1.87e+04,1,1,
n21,n16,304,262,48.5,48.5,249.0,249.0,2.820e-68,3.790e-64,4.13,1.13,1.52e+04,1,1,
n21,n18,304,298,66.1,66.1,382.0,382.0,2.790e-108,3.750e-104,4.13,1.22,1.64e+04,1,1,
n21,n19,304,307,43.2,44.9,233.0,245.0,1.230e-63,4.200e-63,0.53,0.752,1.05e+04,1,1,
n21,n2,304,259,48.9,48.9,254.0,254.0,6.710e-70,9.030e-66,4.13,0.86,1.16e+04,1,1,
n21,n20,304,298,49.0,49.0,268.0,268.0,5.860e-74,7.890e-70,4.13,1.23,1.66e+04,1,1,
n21,n22,304,296,49.7,49.7,265.0,265.0,4.960e-73,6.680e-69,4.13,1.3,1.75e+04,1,1,
n21,n23,304,300,49.0,49.0,254.0,254.0,6.710e-70,9.030e-66,4.13,0.86,1.16e+04,1,1,
n21,n24,304,304,45.3,45.3,242.0,242.0,3.440e-66,4.640e-62,4.13,1.08,1.45e+04,1,1,
n21,n25,304,301,47.6,47.6,253.0,253.0,1.140e-69,1.540e-65,4.13,0.731,9.87e+03,1,1,
n21,n26,304,261,52.6,52.6,251.0,251.0,5.680e-69,7.650e-65,4.13,0.911,1.23e+04,1,1,
n21,n27,304,296,49.7,49.7,265.0,265.0,4.960e-73,6.680e-69,4.13,1.3,1.75e+04,1,1,
n21,n28,304,284,43.8,43.8,224.0,224.0,7.430e-61,1.000e-56,4.13,0.887,1.19e+04,1,1,
n21,n29,304,319,47.9,47.9,253.0,253.0,1.140e-69,1.540e-65,4.13,0.731,9.87e+03,1,1,
n21,n30,304,262,52.4,52.4,252.0,252.0,3.330e-69,4.480e-65,4.13,1.07,1.44e+04,1,1,
n21,n31,304,262,50.8,50.8,248.0,248.0,6.280e-68,8.450e-64,4.13,1.26,1.69e+04,1,1,
n21,n32,304,294,42.1,42.1,221.0,221.0,8.220e-60,1.110e-55,4.13,1.23,1.66e+04,1,1,
n21,n33,304,293,49.5,49.5,248.0,248.0,3.680e-68,4.960e-64,4.13,0.737,9.94e+03,1,1,
n21,n34,304,293,47.1,47.1,232.0,232.0,3.560e-63,4.800e-59,4.13,1.09,1.47e+04,1,1,
n21,n36,304,310,54.5,54.5,273.0,273.0,1.820e-75,2.450e-71,4.13,1.22,1.65e+04,1,1,
n21,n38,304,495,26.9,26.2,75.0,76.0,5.580e-16,3.370e-12,3.78,0.934,1.13e+04,0,0,
n21,n4,304,292,73.8,73.8,417.0,417.0,7.810e-119,1.050e-114,4.13,1.17,1.57e+04,1,1,
n21,n40,304,292,28.3,28.3,104.0,104.0,1.120e-24,1.510e-20,4.13,1.01,1.36e+04,0,0,
n21,n41,304,305,46.2,46.2,253.0,253.0,1.490e-69,2.010e-65,4.13,0.955,1.29e+04,1,1,
n21,n42,304,426,64.2,64.2,357.0,357.0,5.620e-101,7.580e-97,4.13,0.731,9.86e+03,1,1,
n21,n43,304,319,40.3,40.3,217.0,217.0,9.080e-59,1.220e-54,4.13,0.847,1.14e+04,1,1,
n21,n44,304,301,48.6,48.6,257.0,257.0,1.350e-70,1.820e-66,4.13,1.38,1.87e+04,1,1,
n21,n45,304,319,47.2,47.2,252.0,252.0,2.550e-69,3.430e-65,4.13,0.818,1.1e+04,1,1,
n21,n46,304,301,48.6,48.6,257.0,257.0,1.350e-70,1.820e-66,4.13,1.38,1.87e+04,1,1,
n21,n47,304,304,100.0,100.0,618.0,618.0,2.310e-179,3.110e-175,4.13,1.11,1.5e+04,1,1,
n21,n5,304,292,50.4,50.4,257.0,257.0,1.030e-70,1.390e-66,4.13,1.06,1.43e+04,1,1,
n21,n50,304,269,32.5,32.5,138.0,138.0,5.360e-35,7.220e-31,4.13,0.827,1.11e+04,1,1,
n21,n51,304,312,52.8,52.8,276.0,276.0,2.150e-76,2.900e-72,4.13,1.16,1.56e+04,1,1,
n21,n52,304,260,48.3,48.3,252.0,252.0,2.550e-69,3.430e-65,4.13,0.818,1.1e+04,1,1,
n21,n53,304,260,50.2,50.2,263.0,263.0,1.440e-72,1.940e-68,4.13,0.945,1.27e+04,1,1,
n21,n54,304,259,50.0,50.0,257.0,257.0,7.920e-71,1.070e-66,4.13,0.813,1.1e+04,1,1,
n21,n55,304,257,47.9,47.9,247.0,247.0,8.200e-68,1.100e-63,4.13,0.822,1.1e+04,1,1,
n21,n56,304,257,48.7,48.7,251.0,251.0,5.680e-69,7.650e-65,4.13,0.911,1.23e+04,1,1,
n21,n57,304,257,47.9,47.9,248.0,248.0,4.810e-68,6.470e-64,4.13,0.964,1.3e+04,1,1,
n21,n58,304,299,43.1,43.1,236.0,236.0,1.450e-64,1.950e-60,4.13,0.709,9.54e+03,1,1,
n21,n59,304,298,50.5,50.5,280.0,280.0,8.740e-78,1.180e-73,4.13,0.752,1.02e+04,1,1,
n21,n6,304,289,50.4,50.4,254.0,254.0,8.760e-70,1.180e-65,4.13,1.12,1.51e+04,1,1,
n21,n60,304,316,45.7,46.1,257.0,257.0,7.920e-71,1.070e-66,4.13,0.813,1.1e+04,1,1,
n21,n61,304,307,47.3,47.3,266.0,266.0,2.230e-73,3.000e-69,4.13,1.17,1.58e+04,1,1,
n21,n62,304,263,52.1,52.1,262.0,262.0,2.460e-72,3.320e-68,4.13,0.808,1.09e+04,1,1,
n21,n63,304,282,29.6,29.6,114.0,114.0,1.080e-27,1.460e-23,4.13,0.994,1.34e+04,0,0,
n21,n64,304,257,47.9,47.9,236.0,236.0,2.470e-64,3.320e-60,4.13,1.21,1.62e+04,1,1,
n21,n66,304,302,48.5,48.1,274.0,274.0,8.180e-76,1.100e-71,4.13,1.1,1.48e+04,1,1,
n21,n67,304,366,37.3,38.7,168.0,173.0,8.260e-44,3.460e-41,2.62,1.37,1.84e+04,1,1,
n21,n68,304,302,49.1,49.1,278.0,278.0,3.320e-77,4.470e-73,4.13,0.714,9.62e+03,1,1,
n21,n69,304,279,47.4,47.4,245.0,245.0,4.070e-67,5.480e-63,4.13,1.02,1.37e+04,1,1,
n21,n7,304,302,49.7,49.7,271.0,271.0,6.920e-75,9.320e-71,4.13,1.16,1.57e+04,1,1,
n21,n70,304,292,52.3,52.3,275.0,275.0,4.790e-76,6.460e-72,4.13,1.29,1.74e+04,1,1,
n21,n71,304,297,52.6,52.6,293.0,294.0,1.700e-81,7.880e-78,3.67,1.2,1.11e+04,1,1,
n21,n72,304,311,45.0,45.0,245.0,245.0,3.120e-67,4.200e-63,4.13,0.781,1.05e+04,1,1,
n21,n73,304,302,43.5,43.5,231.0,231.0,6.080e-63,8.190e-59,4.13,0.929,1.25e+04,1,1,
n21,n74,304,284,51.3,51.3,262.0,262.0,3.220e-72,4.330e-68,4.13,1.06,1.42e+04,1,1,
n21,n75,304,279,61.8,61.8,346.0,346.0,1.300e-97,1.750e-93,4.13,0.826,1.11e+04,1,1,
n21,n76,304,304,47.2,47.2,267.0,267.0,1.000e-73,1.350e-69,4.13,1.05,1.42e+04,1,1,
n21,n77,304,304,47.9,47.9,268.0,268.0,4.490e-74,6.040e-70,4.13,0.943,1.27e+04,1,1,
n21,n78,304,293,46.9,46.9,249.0,249.0,2.160e-68,2.910e-64,4.13,0.866,1.17e+04,1,1,
n21,n79,304,283,32.2,32.2,133.0,133.0,1.730e-33,2.320e-29,4.13,0.835,1.12e+04,1,1,
n21,n8,304,262,51.8,51.8,247.0,247.0,8.200e-68,1.100e-63,4.13,0.822,1.1e+04,1,1,
n21,n80,304,301,47.9,47.9,252.0,252.0,2.550e-69,3.430e-65,4.13,0.818,1.1e+04,1,1,
n21,n81,304,310,51.3,51.3,270.0,270.0,1.180e-74,1.590e-70,4.13,0.992,1.34e+04,1,1,
n21,n82,304,364,41.5,41.5,173.0,173.0,2.570e-45,3.460e-41,4.13,1.36,1.84e+04,1,1,
n21,n83,304,434,39.0,39.0,190.0,190.0,1.550e-50,2.090e-46,4.13,1.08,1.45e+04,1,1,
n21,n85,304,258,27.2,23.8,35.0,32.0,6.390e-04,9.520e+01,5.17,0.973,1.81e+04,0,0,
n21,n86,304,273,52.6,52.6,280.0,280.0,1.140e-77,1.540e-73,4.13,0.981,1.33e+04,1,1,
n21,n87,304,286,44.3,44.3,238.0,238.0,4.970e-65,6.700e-61,4.13,0.973,1.31e+04,1,1,
n21,n88,304,282,41.0,41.0,198.0,198.0,5.700e-53,7.680e-49,4.13,1.01,1.37e+04,1,1,
n21,n89,304,308,48.1,48.1,256.0,256.0,1.760e-70,2.380e-66,4.13,0.903,1.22e+04,1,1,
n21,n9,304,315,47.9,47.9,251.0,251.0,5.680e-69,7.650e-65,4.13,0.911,1.23e+04,1,1,
n21,n90,304,258,25.6,25.6,55.0,59.0,5.970e-10,5.570e-07,2.97,0.953,1.42e+04,0,0,
n210,n206,407,407,52.9,52.9,435.0,435.0,3.710e-124,5.000e-120,4.13,1.09,1.47e+04,1,1,
n210,n207,407,388,52.9,52.9,420.0,420.0,1.240e-119,1.660e-115,4.13,1.11,1.49e+04,1,1,
n210,n208,407,407,68.6,68.6,595.0,595.0,2.150e-172,2.890e-168,4.13,0.923,1.24e+04,1,1,
n210,n209,407,410,45.7,45.7,382.0,382.0,3.730e-108,5.020e-104,4.13,1.22,1.64e+04,1,1,
n22,n1,296,290,48.1,49.0,251.0,252.0,5.530e-69,5.700e-65,4.01,0.91,1.88e+04,1,1,
n22,n10,296,262,81.6,81.6,443.0,443.0,7.590e-127,1.020e-122,4.13,0.784,1.05e+04,1,1,
n22,n11,296,262,83.1,83.1,457.0,457.0,5.080e-131,6.840e-127,4.13,0.86,1.16e+04,1,1,
n22,n12,296,262,85.8,85.8,474.0,474.0,4.010e-136,5.410e-132,4.13,0.89,1.2e+04,1,1,
n22,n13,296,262,82.4,82.4,453.0,453.0,9.580e-130,1.290e-125,4.13,1.01,1.37e+04,1,1,
n22,n14,296,319,82.4,82.4,507.0,507.0,4.280e-146,5.760e-142,4.13,0.816,1.1e+04,1,1,
n22,n15,296,301,80.4,80.4,492.0,492.0,1.420e-141,1.920e-137,4.13,0.826,1.12e+04,1,1,
n22,n16,296,262,77.8,77.8,430.0,430.0,8.680e-123,1.170e-118,4.13,1.09,1.48e+04,1,1,
n22,n17,296,314,30.1,30.1,41.0,41.0,8.690e-06,1.170e-01,4.13,0.869,1.17e+04,1,0,lost_in_v12
n22,n18,296,298,49.5,49.3,268.0,273.0,3.350e-74,2.390e-71,2.85,0.723,1.65e+04,1,1,
n22,n19,296,307,46.0,46.0,259.0,259.0,2.650e-71,3.570e-67,4.13,1.12,1.5e+04,1,1,
n22,n2,296,259,64.3,64.3,342.0,342.0,1.820e-96,2.460e-92,4.13,0.742,1e+04,1,1,
n22,n20,296,298,46.2,46.2,243.0,243.0,1.510e-66,2.030e-62,4.13,0.971,1.31e+04,1,1,
n22,n21,296,304,49.7,49.7,265.0,265.0,4.830e-73,6.510e-69,4.13,1.3,1.76e+04,1,1,
n22,n23,296,300,92.7,92.7,556.0,556.0,8.030e-161,1.080e-156,4.13,0.862,1.16e+04,1,1,
n22,n24,296,304,57.7,59.2,353.0,355.0,1.030e-99,4.780e-96,3.67,0.86,1.6e+04,1,1,
n22,n25,296,301,81.7,81.7,504.0,504.0,3.620e-145,4.880e-141,4.13,0.863,1.16e+04,1,1,
n22,n26,296,261,83.1,83.1,458.0,458.0,2.980e-131,4.010e-127,4.13,1.01,1.36e+04,1,1,
n22,n27,296,296,100.0,100.0,592.0,592.0,1.010e-171,1.360e-167,4.13,0.745,1e+04,1,1,
n22,n28,296,284,52.8,52.8,303.0,303.0,1.230e-84,1.650e-80,4.13,0.912,1.22e+04,1,1,
n22,n29,296,319,81.1,81.1,498.0,498.0,1.990e-143,2.680e-139,4.13,0.741,9.98e+03,1,1,
n22,n3,296,380,21.7,21.7,40.0,40.0,2.530e-05,3.400e-01,4.13,1.27,1.7e+04,0,0,
n22,n30,296,262,83.1,83.1,457.0,457.0,5.080e-131,6.840e-127,4.13,0.86,1.16e+04,1,1,
n22,n31,296,262,85.8,85.8,474.0,474.0,4.010e-136,5.410e-132,4.13,0.89,1.2e+04,1,1,
n22,n32,296,294,52.9,52.9,299.0,299.0,2.310e-83,3.110e-79,4.13,1.07,1.44e+04,1,1,
n22,n33,296,293,58.9,57.8,320.0,321.0,1.270e-89,7.650e-86,3.78,1.23,1.49e+04,1,1,
n22,n34,296,293,57.8,57.6,311.0,317.0,5.880e-87,1.440e-84,2.39,1.12,1.75e+04,1,1,
n22,n35,296,456,21.4,21.4,42.0,42.0,6.650e-06,8.960e-02,4.13,1.33,1.79e+04,0,0,
n22,n36,296,310,48.2,48.2,247.0,247.0,1.360e-67,1.830e-63,4.13,1.4,1.88e+04,1,1,
n22,n37,296,263,25.2,26.8,40.0,40.0,2.530e-05,3.400e-01,4.13,1.27,1.7e+04,0,0,
n22,n38,296,495,24.8,25.5,70.0,73.0,2.280e-14,3.630e-11,3.20,1.22,1.56e+04,0,0,
n22,n4,296,292,48.7,49.8,261.0,262.0,5.340e-72,5.510e-68,4.01,0.9,1.86e+04,1,1,
n22,n40,296,292,28.8,28.8,99.0,99.0,4.590e-23,6.180e-19,4.13,1.32,1.78e+04,0,0,
n22,n41,296,305,44.2,44.2,242.0,242.0,3.350e-66,4.520e-62,4.13,1.08,1.45e+04,1,1,
n22,n42,296,426,50.6,50.6,278.0,278.0,5.520e-77,7.430e-73,4.13,1.22,1.64e+04,1,1,
n22,n43,296,319,38.9,38.9,201.0,201.0,5.020e-54,6.760e-50,4.13,0.734,9.88e+03,1,1,
n22,n44,296,301,80.4,80.4,492.0,492.0,1.420e-141,1.920e-137,4.13,0.826,1.12e+04,1,1,
n22,n45,296,319,82.4,82.4,507.0,507.0,4.280e-146,5.760e-142,4.13,0.816,1.1e+04,1,1,
n22,n46,296,301,80.4,80.4,492.0,492.0,1.420e-141,1.920e-137,4.13,0.826,1.12e+04,1,1,
n22,n47,296,304,49.7,49.7,265.0,265.0,4.830e-73,6.510e-69,4.13,1.3,1.76e+04,1,1,
n22,n49,296,262,29.0,30.5,41.0,41.0,8.690e-06,1.170e-01,4.13,0.869,1.17e+04,0,0,
n22,n5,296,292,61.4,61.4,360.0,360.0,8.450e-102,1.140e-97,4.13,0.903,1.22e+04,1,1,
n22,n50,296,269,33.6,33.6,132.0,132.0,2.870e-33,3.860e-29,4.13,0.711,9.56e+03,1,1,
n22,n51,296,312,50.5,50.5,264.0,264.0,6.310e-73,8.500e-69,4.13,0.851,1.15e+04,1,1,
n22,n52,296,260,66.9,66.9,361.0,361.0,3.790e-102,5.110e-98,4.13,0.81,1.09e+04,1,1,
n22,n53,296,260,66.8,66.8,362.0,362.0,2.900e-102,3.910e-98,4.13,1.24,1.67e+04,1,1,
n22,n54,296,259,64.1,64.1,341.0,341.0,4.060e-96,5.470e-92,4.13,0.827,1.11e+04,1,1,
n22,n55,296,257,53.6,53.6,277.0,277.0,1.230e-76,1.650e-72,4.13,1.36,1.82e+04,1,1,
n22,n56,296,257,54.4,54.4,281.0,281.0,6.510e-78,8.770e-74,4.13,1.15,1.55e+04,1,1,
n22,n57,296,257,54.4,54.4,280.0,280.0,1.110e-77,1.500e-73,4.13,0.981,1.33e+04,1,1,
n22,n58,296,299,50.0,50.3,286.0,288.0,2.030e-79,7.180e-76,3.55,1.15,1.62e+04,1,1,
n22,n59,296,298,46.4,46.4,258.0,258.0,4.520e-71,6.090e-67,4.13,0.953,1.28e+04,1,1,
n22,n6,296,289,61.0,62.0,364.0,364.0,7.640e-103,6.030e-99,3.90,1.31,1.03e+04,1,1,
n22,n60,296,316,48.5,48.5,244.0,244.0,6.760e-67,9.100e-63,4.13,0.869,1.17e+04,1,1,
n22,n61,296,307,47.3,47.3,255.0,255.0,2.930e-70,3.950e-66,4.13,0.772,1.04e+04,1,1,
n22,n62,296,263,63.3,63.3,340.0,340.0,9.050e-96,1.220e-91,4.13,0.922,1.24e+04,1,1,
n22,n63,296,282,27.8,27.8,97.0,97.0,1.020e-22,1.380e-18,4.13,0.735,9.95e+03,0,0,
n22,n64,296,257,66.7,66.7,352.0,352.0,3.010e-99,4.050e-95,4.13,1.26,1.69e+04,1,1,
n22,n65,296,254,32.3,32.3,41.0,41.0,1.130e-05,1.530e-01,4.13,1.13,1.53e+04,0,0,
n22,n66,296,302,48.3,48.3,275.0,275.0,2.740e-76,3.690e-72,4.13,0.757,1.02e+04,1,1,
n22,n67,296,366,36.9,36.9,134.0,134.0,1.290e-33,1.730e-29,4.13,1.28,1.71e+04,1,1,
n22,n68,296,302,49.7,49.7,279.0,279.0,2.480e-77,3.330e-73,4.13,1.1,1.47e+04,1,1,
n22,n69,296,279,55.7,55.4,302.0,304.0,2.090e-84,9.680e-81,3.67,0.775,1.44e+04,1,1,
n22,n7,296,302,47.0,47.0,264.0,264.0,8.240e-73,1.110e-68,4.13,1.11,1.5e+04,1,1,
n22,n70,296,292,48.8,51.1,280.0,286.0,8.510e-78,2.730e-75,2.51,0.752,1.54e+04,1,1,
n22,n71,296,297,44.9,44.7,254.0,255.0,6.530e-70,5.160e-66,3.90,0.86,1.36e+04,1,1,
n22,n72,296,311,58.7,58.6,349.0,352.0,1.490e-98,2.370e-95,3.20,0.777,9.89e+03,1,1,
n22,n73,296,302,47.6,50.7,266.0,297.0,2.170e-73,1.180e-78,-5.26,1.17,1.37e+04,1,1,
n22,n74,296,284,78.0,78.2,452.0,460.0,2.130e-129,1.380e-127,1.81,1.13,1.87e+04,1,1,
n22,n75,296,279,48.4,48.4,243.0,245.0,1.510e-66,5.340e-63,3.55,0.971,1.37e+04,1,1,
n22,n76,296,304,45.9,45.9,262.0,262.0,4.090e-72,5.510e-68,4.13,1.38,1.86e+04,1,1,
n22,n77,296,304,48.5,48.5,275.0,275.0,4.670e-76,6.290e-72,4.13,1.29,1.74e+04,1,1,
n22,n78,296,293,55.4,55.4,327.0,327.0,7.930e-92,1.070e-87,4.13,0.986,1.33e+04,1,1,
n22,n79,296,283,34.7,34.7,126.0,126.0,2.050e-31,2.770e-27,4.13,0.793,1.07e+04,1,1,
n22,n8,296,262,82.8,82.8,456.0,456.0,1.130e-130,1.520e-126,4.13,0.957,1.29e+04,1,1,
n22,n80,296,301,79.4,79.4,486.0,486.0,7.820e-140,1.050e-135,4.13,0.711,9.54e+03,1,1,
n22,n81,296,310,62.1,62.4,369.0,371.0,2.380e-104,8.420e-101,3.55,1.3,1.84e+04,1,1,
n22,n82,296,364,37.9,37.9,140.0,140.0,1.370e-35,1.850e-31,4.13,0.869,1.17e+04,1,1,
n22,n83,296,434,46.4,46.7,232.0,238.0,3.470e-63,8.520e-61,2.39,1.09,1.71e+04,1,1,
n22,n85,296,258,28.2,28.2,38.0,38.0,7.350e-05,9.900e-01,4.13,0.919,1.24e+04,0,0,
n22,n86,296,273,48.4,48.4,262.0,262.0,3.130e-72,4.220e-68,4.13,1.06,1.42e+04,1,1,
n22,n87,296,286,57.4,57.4,322.0,322.0,3.330e-90,4.490e-86,4.13,1.29,1.75e+04,1,1,
n22,n88,296,282,51.9,51.9,268.0,268.0,3.350e-74,4.510e-70,4.13,0.723,9.73e+03,1,1,
n22,n89,296,308,44.9,44.9,253.0,253.0,1.900e-69,1.960e-65,4.01,1.25,1.29e+04,1,1,
n22,n9,296,315,57.0,57.0,327.0,327.0,1.040e-91,1.390e-87,4.13,1.29,1.73e+04,1,1,
n22,n96,296,283,34.0,34.0,34.0,34.0,1.390e-03,1.870e+01,4.13,1.09,1.46e+04,0,0,
n23,n1,300,290,47.3,49.1,245.0,251.0,5.240e-67,7.550e-65,2.16,1.33,1.23e+04,1,1,
n23,n10,300,262,80.8,80.8,437.0,437.0,5.510e-125,7.420e-121,4.13,0.878,1.18e+04,1,1,
n23,n11,300,262,82.4,82.4,451.0,451.0,3.690e-129,4.970e-125,4.13,0.963,1.3e+04,1,1,
n23,n12,300,262,85.8,85.8,473.0,473.0,6.940e-136,9.350e-132,4.13,0.76,1.02e+04,1,1,
n23,n13,300,262,81.2,81.2,447.0,447.0,6.960e-128,9.370e-124,4.13,1.14,1.53e+04,1,1,
n23,n14,300,319,84.4,84.4,522.0,522.0,1.700e-150,2.290e-146,4.13,1.05,1.41e+04,1,1,
n23,n15,300,301,81.1,81.1,499.0,499.0,1.540e-143,2.080e-139,4.13,1.13,1.53e+04,1,1,
n23,n16,300,262,78.2,78.2,431.0,431.0,3.020e-123,4.070e-119,4.13,0.752,1.01e+04,1,1,
n23,n17,300,314,30.1,30.1,40.0,40.0,1.500e-05,2.020e-01,4.13,0.74,9.97e+03,0,0,
n23,n18,300,298,48.0,48.0,264.0,264.0,8.350e-73,1.120e-68,4.13,1.11,1.49e+04,1,1,
n23,n19,300,307,45.6,45.6,260.0,260.0,1.580e-71,2.120e-67,4.13,1.31,1.76e+04,1,1,
n23,n2,300,259,62.7,62.7,335.0,335.0,3.850e-94,5.190e-90,4.13,1.21,1.63e+04,1,1,
n23,n20,300,298,46.8,46.8,237.0,237.0,8.370e-65,1.130e-60,4.13,0.83,1.12e+04,1,1,
n23,n21,300,304,49.0,49.0,254.0,254.0,6.620e-70,8.910e-66,4.13,0.86,1.16e+04,1,1,
n23,n22,300,296,92.7,92.7,556.0,556.0,8.140e-161,1.100e-156,4.13,0.862,1.16e+04,1,1,
n23,n24,300,304,59.5,59.5,359.0,359.0,1.460e-101,1.970e-97,4.13,0.77,1.04e+04,1,1,
n23,n25,300,301,83.7,83.7,519.0,519.0,1.440e-149,1.940e-145,4.13,1.11,1.49e+04,1,1,
n23,n26,300,261,82.4,82.4,452.0,452.0,2.160e-129,2.910e-125,4.13,1.13,1.52e+04,1,1,
n23,n27,300,296,92.7,92.7,556.0,556.0,8.140e-161,1.100e-156,4.13,0.862,1.16e+04,1,1,
n23,n28,300,284,52.5,52.5,295.0,295.0,4.420e-82,5.950e-78,4.13,1.26,1.7e+04,1,1,
n23,n29,300,319,81.7,81.7,507.0,507.0,7.400e-146,9.960e-142,4.13,1.39,1.87e+04,1,1,
n23,n3,300,380,21.7,21.7,43.0,43.0,2.320e-06,3.120e-02,4.13,0.916,1.23e+04,0,0,
n23,n30,300,262,82.4,82.4,451.0,451.0,3.690e-129,4.970e-125,4.13,0.963,1.3e+04,1,1,
n23,n31,300,262,85.8,85.8,473.0,473.0,6.940e-136,9.350e-132,4.13,0.76,1.02e+04,1,1,
n23,n32,300,294,51.0,50.9,287.0,290.0,9.210e-80,1.120e-76,3.08,1.03,1e+04,1,1,
n23,n33,300,293,56.3,56.0,314.0,314.0,7.040e-88,7.260e-84,4.01,1.05,1.09e+04,1,1,
n23,n34,300,293,55.1,55.1,306.0,306.0,1.920e-85,2.580e-81,4.13,1.12,1.51e+04,1,1,
n23,n35,300,456,21.0,21.0,44.0,44.0,1.770e-06,2.390e-02,4.13,1.4,1.89e+04,0,0,
n23,n36,300,310,48.9,48.9,248.0,248.0,6.190e-68,8.340e-64,4.13,1.26,1.69e+04,1,1,
n23,n37,300,263,26.0,27.6,41.0,41.0,1.150e-05,1.550e-01,4.13,1.14,1.53e+04,0,0,
n23,n38,300,495,24.9,24.6,68.0,68.0,8.780e-14,9.060e-10,4.01,1.16,1.2e+04,0,0,
n23,n4,300,292,49.8,49.8,260.0,260.0,9.230e-72,1.240e-67,4.13,0.768,1.03e+04,1,1,
n23,n40,300,292,29.8,29.8,100.0,100.0,2.090e-23,2.810e-19,4.13,1.19,1.6e+04,0,0,
n23,n41,300,305,44.5,44.5,247.0,247.0,1.380e-67,1.860e-63,4.13,1.4,1.89e+04,1,1,
n23,n42,300,426,45.3,45.3,268.0,268.0,3.390e-74,4.570e-70,4.13,0.722,9.73e+03,1,1,
n23,n43,300,319,38.8,38.6,201.0,201.0,8.680e-54,6.860e-50,3.90,1.25,9.9e+03,1,1,
n23,n44,300,301,81.1,81.1,499.0,499.0,1.540e-143,2.080e-139,4.13,1.13,1.53e+04,1,1,
n23,n45,300,319,84.4,84.4,522.0,522.0,1.700e-150,2.290e-146,4.13,1.05,1.41e+04,1,1,
n23,n46,300,301,81.1,81.1,499.0,499.0,1.540e-143,2.080e-139,4.13,1.13,1.53e+04,1,1,
n23,n47,300,304,49.0,49.0,254.0,254.0,6.620e-70,8.910e-66,4.13,0.86,1.16e+04,1,1,
n23,n49,300,262,28.2,29.8,40.0,40.0,1.960e-05,2.640e-01,4.13,0.967,1.3e+04,0,0,
n23,n5,300,292,61.9,61.9,356.0,356.0,1.240e-100,1.670e-96,4.13,0.817,1.1e+04,1,1,
n23,n50,300,269,34.0,34.0,134.0,134.0,1.300e-33,1.760e-29,4.13,1.27,1.72e+04,1,1,
n23,n51,300,312,47.0,47.0,256.0,256.0,2.270e-70,3.060e-66,4.13,1.18,1.59e+04,1,1,
n23,n52,300,260,66.9,66.9,356.0,356.0,2.110e-100,2.840e-96,4.13,1.39,1.87e+04,1,1,
n23,n53,300,260,67.2,67.2,357.0,357.0,7.250e-101,9.760e-97,4.13,0.955,1.29e+04,1,1,
n23,n54,300,259,62.6,62.6,334.0,334.0,8.580e-94,1.160e-89,4.13,1.35,1.82e+04,1,1,
n23,n55,300,257,54.8,54.8,280.0,280.0,1.470e-77,1.980e-73,4.13,1.28,1.73e+04,1,1,
n23,n56,300,257,55.1,55.1,280.0,280.0,1.130e-77,1.520e-73,4.13,0.985,1.33e+04,1,1,
n23,n57,300,257,55.5,55.5,283.0,283.0,1.330e-78,1.790e-74,4.13,0.928,1.25e+04,1,1,
n23,n58,300,299,50.3,50.3,282.0,283.0,2.270e-78,1.790e-74,3.90,0.792,1.25e+04,1,1,
n23,n59,300,298,46.9,46.9,258.0,258.0,3.510e-71,4.730e-67,4.13,0.73,9.83e+03,1,1,
n23,n6,300,289,60.5,60.8,352.0,354.0,3.050e-99,1.080e-95,3.55,1.26,1.78e+04,1,1,
n23,n60,300,316,48.1,48.1,241.0,241.0,5.800e-66,7.810e-62,4.13,0.92,1.24e+04,1,1,
n23,n61,300,307,43.3,43.3,242.0,242.0,2.600e-66,3.500e-62,4.13,0.825,1.11e+04,1,1,
n23,n62,300,263,63.3,63.3,334.0,334.0,8.580e-94,1.160e-89,4.13,1.35,1.82e+04,1,1,
n23,n63,300,282,27.5,27.5,95.0,96.0,6.710e-22,4.060e-18,3.78,1.19,1.44e+04,0,0,
n23,n64,300,257,63.6,63.6,336.0,336.0,1.730e-94,2.330e-90,4.13,1.09,1.46e+04,1,1,
n23,n65,300,254,32.3,32.3,41.0,41.0,1.150e-05,1.550e-01,4.13,1.14,1.53e+04,0,0,
n23,n66,300,302,47.2,47.2,268.0,268.0,5.780e-74,7.790e-70,4.13,1.23,1.66e+04,1,1,
n23,n67,300,366,35.6,35.6,126.0,126.0,2.080e-31,2.800e-27,4.13,0.794,1.07e+04,1,1,
n23,n68,300,302,47.2,47.2,268.0,268.0,4.430e-74,5.960e-70,4.13,0.943,1.27e+04,1,1,
n23,n69,300,279,53.4,54.8,296.0,298.0,1.980e-82,5.380e-79,3.43,1.13,1.23e+04,1,1,
n23,n7,300,302,47.8,47.8,266.0,266.0,1.680e-73,2.270e-69,4.13,0.894,1.21e+04,1,1,
n23,n70,300,292,48.0,49.5,273.0,277.0,1.800e-75,1.680e-72,2.97,1.23,1.83e+04,1,1,
n23,n71,300,297,45.1,45.1,249.0,249.0,2.130e-68,2.870e-64,4.13,0.865,1.17e+04,1,1,
n23,n72,300,311,59.3,59.3,355.0,355.0,2.750e-100,3.710e-96,4.13,0.906,1.22e+04,1,1,
n23,n73,300,302,50.3,50.3,290.0,290.0,1.420e-80,1.910e-76,4.13,1.27,1.71e+04,1,1,
n23,n74,300,284,77.7,76.8,447.0,450.0,6.960e-128,1.110e-124,3.20,1.14,1.45e+04,1,1,
n23,n75,300,279,46.6,46.9,240.0,240.0,9.890e-66,1.330e-61,4.13,0.784,1.05e+04,1,1,
n23,n76,300,304,46.2,46.2,258.0,258.0,5.990e-71,8.060e-67,4.13,1.25,1.68e+04,1,1,
n23,n77,300,304,47.2,47.2,262.0,262.0,4.150e-72,5.580e-68,4.13,1.38,1.86e+04,1,1,
n23,n78,300,293,55.6,55.6,327.0,328.0,8.030e-92,4.860e-88,3.78,0.986,1.19e+04,1,1,
n23,n79,300,283,34.4,34.4,126.0,126.0,2.080e-31,2.800e-27,4.13,0.794,1.07e+04,1,1,
n23,n8,300,262,82.1,82.1,450.0,450.0,8.220e-129,1.110e-124,4.13,1.07,1.45e+04,1,1,
n23,n80,300,301,79.7,79.7,493.0,493.0,8.460e-142,1.140e-137,4.13,0.971,1.31e+04,1,1,
n23,n81,300,310,59.9,59.9,351.0,351.0,5.200e-99,7.000e-95,4.13,1.07,1.44e+04,1,1,
n23,n82,300,364,37.4,37.4,134.0,134.0,7.640e-34,1.030e-29,4.13,0.747,1.01e+04,1,1,
n23,n83,300,434,48.1,48.1,246.0,246.0,1.800e-67,2.430e-63,4.13,0.914,1.23e+04,1,1,
n23,n85,300,258,25.7,28.2,30.0,38.0,2.030e-02,1.000e+00,1.69,0.978,1.23e+04,0,0,
n23,n86,300,273,48.0,48.0,258.0,258.0,3.510e-71,4.730e-67,4.13,0.73,9.83e+03,1,1,
n23,n87,300,286,55.8,55.8,315.0,315.0,4.130e-88,5.560e-84,4.13,1.24,1.67e+04,1,1,
n23,n88,300,282,47.0,47.0,262.0,262.0,4.150e-72,5.580e-68,4.13,1.38,1.86e+04,1,1,
n23,n89,300,308,45.1,45.1,249.0,249.0,2.130e-68,2.870e-64,4.13,0.865,1.17e+04,1,1,
n23,n9,300,315,56.0,56.0,320.0,320.0,7.520e-90,1.010e-85,4.13,0.721,9.68e+03,1,1,
n24,n1,304,290,44.5,44.5,239.0,239.0,2.920e-65,3.930e-61,4.13,1.14,1.54e+04,1,1,
n24,n10,304,262,63.7,63.7,345.0,345.0,3.770e-97,5.080e-93,4.13,1.2,1.61e+04,1,1,
n24,n11,304,262,65.3,65.3,359.0,359.0,2.520e-101,3.400e-97,4.13,1.31,1.77e+04,1,1,
n24,n12,304,262,66.0,66.0,365.0,365.0,2.700e-103,3.630e-99,4.13,0.899,1.21e+04,1,1,
n24,n127,304,433,25.8,25.8,29.0,29.0,3.510e-02,4.730e+02,4.13,0.835,1.12e+04,0,0,
n24,n13,304,262,64.9,64.9,357.0,357.0,5.620e-101,7.580e-97,4.13,0.731,9.86e+03,1,1,
n24,n14,304,319,61.7,61.7,371.0,371.0,6.420e-105,8.650e-101,4.13,1.37,1.84e+04,1,1,
n24,n15,304,301,61.4,61.4,366.0,366.0,1.580e-103,2.130e-99,4.13,1.05,1.42e+04,1,1,
n24,n16,304,262,69.1,69.1,373.0,373.0,1.290e-105,1.740e-101,4.13,1.1,1.48e+04,1,1,
n24,n17,304,314,22.3,22.3,30.0,30.0,1.580e-02,2.120e+02,4.13,0.752,1.01e+04,0,0,
n24,n18,304,298,48.9,48.9,262.0,262.0,4.200e-72,5.660e-68,4.13,1.38,1.86e+04,1,1,
n24,n19,304,307,44.8,44.8,251.0,251.0,7.410e-69,9.990e-65,4.13,1.19,1.6e+04,1,1,
n24,n2,304,259,65.6,65.6,354.0,354.0,8.120e-100,1.090e-95,4.13,1.32,1.77e+04,1,1,
n24,n20,304,298,44.8,44.8,226.0,226.0,1.500e-61,2.020e-57,4.13,0.717,9.65e+03,1,1,
n24,n21,304,304,45.3,45.3,242.0,242.0,3.440e-66,4.640e-62,4.13,1.08,1.45e+04,1,1,
n24,n22,304,296,57.7,59.2,353.0,354.0,1.060e-99,6.410e-96,3.78,0.862,1.04e+04,1,1,
n24,n23,304,300,59.5,59.5,358.0,358.0,3.300e-101,4.440e-97,4.13,0.858,1.15e+04,1,1,
n24,n25,304,301,61.7,61.7,370.0,370.0,8.390e-105,1.130e-100,4.13,0.894,1.2e+04,1,1,
n24,n26,304,261,65.6,65.6,359.0,359.0,1.480e-101,1.990e-97,4.13,0.77,1.04e+04,1,1,
n24,n27,304,296,57.7,59.2,353.0,354.0,1.060e-99,6.410e-96,3.78,0.862,1.04e+04,1,1,
n24,n28,304,284,49.5,49.5,280.0,280.0,8.740e-78,1.180e-73,4.13,0.752,1.02e+04,1,1,
n24,n29,304,319,61.7,61.7,367.0,367.0,5.440e-104,7.320e-100,4.13,0.724,9.75e+03,1,1,
n24,n3,304,380,25.7,25.7,48.0,48.0,7.300e-08,9.830e-04,4.13,0.91,1.23e+04,0,0,
n24,n30,304,262,65.3,65.3,359.0,359.0,2.520e-101,3.400e-97,4.13,1.31,1.77e+04,1,1,
n24,n31,304,262,66.0,66.0,365.0,365.0,2.700e-103,3.630e-99,4.13,0.899,1.21e+04,1,1,
n24,n32,304,294,50.0,50.0,291.0,291.0,4.950e-81,6.670e-77,4.13,0.872,1.18e+04,1,1,
n24,n33,304,293,54.4,54.4,294.0,294.0,7.640e-82,1.030e-77,4.13,1.08,1.45e+04,1,1,
n24,n34,304,293,53.3,53.3,295.0,295.0,2.620e-82,3.540e-78,4.13,0.739,9.98e+03,1,1,
n24,n35,304,456,23.3,23.3,47.0,47.0,1.250e-07,1.680e-03,4.13,0.779,1.05e+04,0,0,
n24,n36,304,310,45.0,45.0,244.0,244.0,9.060e-67,1.220e-62,4.13,1.13,1.53e+04,1,1,
n24,n38,304,495,23.7,23.7,59.0,59.0,5.400e-11,7.270e-07,4.13,1.38,1.86e+04,0,0,
n24,n4,304,292,45.1,45.1,247.0,247.0,8.200e-68,1.100e-63,4.13,0.822,1.1e+04,1,1,
n24,n40,304,292,29.5,29.5,102.0,102.0,3.260e-24,4.390e-20,4.13,0.732,9.86e+03,0,0,
n24,n41,304,305,43.8,43.8,215.0,215.0,3.450e-58,4.650e-54,4.13,0.805,1.08e+04,1,1,
n24,n42,304,426,49.6,49.6,265.0,265.0,2.910e-73,3.920e-69,4.13,0.764,1.03e+04,1,1,
n24,n43,304,319,36.2,36.2,191.0,191.0,5.340e-51,7.190e-47,4.13,0.742,1e+04,1,1,
n24,n44,304,301,61.4,61.4,366.0,366.0,1.580e-103,2.130e-99,4.13,1.05,1.42e+04,1,1,
n24,n45,304,319,61.7,61.7,371.0,371.0,6.420e-105,8.650e-101,4.13,1.37,1.84e+04,1,1,
n24,n46,304,301,61.4,61.4,366.0,366.0,1.580e-103,2.130e-99,4.13,1.05,1.42e+04,1,1,
n24,n47,304,304,45.3,45.3,242.0,242.0,3.440e-66,4.640e-62,4.13,1.08,1.45e+04,1,1,
n24,n5,304,292,57.8,57.8,346.0,346.0,2.210e-97,2.980e-93,4.13,1.4,1.89e+04,1,1,
n24,n50,304,269,30.3,30.7,113.0,113.0,1.850e-27,2.490e-23,4.13,0.851,1.15e+04,1,1,
n24,n51,304,312,48.7,48.7,250.0,250.0,1.260e-68,1.700e-64,4.13,1.01,1.36e+04,1,1,
n24,n52,304,260,75.8,75.8,402.0,402.0,1.990e-114,2.680e-110,4.13,0.911,1.23e+04,1,1,
n24,n53,304,260,76.2,76.2,403.0,403.0,8.940e-115,1.200e-110,4.13,0.818,1.1e+04,1,1,
n24,n54,304,259,65.1,65.1,355.0,355.0,3.650e-100,4.910e-96,4.13,1.19,1.6e+04,1,1,
n24,n55,304,257,56.7,56.7,307.0,307.0,8.720e-86,1.170e-81,4.13,1.01,1.35e+04,1,1,
n24,n56,304,257,57.1,57.1,309.0,309.0,2.290e-86,3.090e-82,4.13,1.06,1.43e+04,1,1,
n24,n57,304,257,57.1,57.1,310.0,310.0,1.350e-86,1.810e-82,4.13,1.25,1.67e+04,1,1,
n24,n58,304,299,49.0,49.0,274.0,274.0,6.260e-76,8.430e-72,4.13,0.842,1.13e+04,1,1,
n24,n59,304,298,43.0,42.8,236.0,238.0,1.890e-64,6.700e-61,3.55,0.925,1.31e+04,1,1,
n24,n6,304,289,58.0,58.0,349.0,349.0,2.000e-98,2.690e-94,4.13,1.02,1.37e+04,1,1,
n24,n60,304,316,45.1,44.5,250.0,252.0,1.260e-68,4.480e-65,3.55,1.01,1.44e+04,1,1,
n24,n61,304,307,43.7,43.7,248.0,248.0,3.680e-68,4.960e-64,4.13,0.737,9.94e+03,1,1,
n24,n62,304,263,65.5,65.5,352.0,352.0,2.360e-99,3.180e-95,4.13,0.959,1.29e+04,1,1,
n24,n63,304,282,28.1,28.1,96.0,96.0,2.340e-22,3.150e-18,4.13,0.821,1.11e+04,0,0,
n24,n64,304,257,66.0,66.0,349.0,349.0,1.530e-98,2.060e-94,4.13,0.777,1.05e+04,1,1,
n24,n66,304,302,46.2,46.2,264.0,264.0,6.480e-73,8.730e-69,4.13,0.851,1.15e+04,1,1,
n24,n67,304,366,31.3,31.3,119.0,119.0,4.400e-29,5.920e-25,4.13,1.3,1.74e+04,1,1,
n24,n68,304,302,49.8,49.8,265.0,265.0,3.800e-73,5.120e-69,4.13,0.998,1.34e+04,1,1,
n24,n69,304,279,50.0,50.0,272.0,272.0,3.110e-75,4.190e-71,4.13,1.05,1.41e+04,1,1,
n24,n7,304,302,48.9,48.9,262.0,262.0,4.200e-72,5.660e-68,4.13,1.38,1.86e+04,1,1,
n24,n70,304,292,45.5,45.8,246.0,248.0,1.830e-67,4.960e-64,3.43,0.917,9.94e+03,1,1,
n24,n71,304,297,44.9,44.9,230.0,230.0,1.350e-62,1.820e-58,4.13,1.03,1.39e+04,1,1,
n24,n72,304,311,62.2,62.2,372.0,372.0,2.210e-105,2.970e-101,4.13,0.942,1.27e+04,1,1,
n24,n73,304,302,54.5,54.5,313.0,313.0,1.220e-87,1.640e-83,4.13,0.902,1.21e+04,1,1,
n24,n74,304,284,59.9,59.9,354.0,354.0,4.760e-100,6.410e-96,4.13,0.774,1.04e+04,1,1,
n24,n75,304,279,43.8,43.8,225.0,225.0,5.690e-61,7.660e-57,4.13,1.36,1.83e+04,1,1,
n24,n76,304,304,50.9,50.9,263.0,263.0,1.890e-72,2.540e-68,4.13,1.24,1.67e+04,1,1,
n24,n77,304,304,47.6,47.6,272.0,272.0,4.060e-75,5.470e-71,4.13,1.36,1.84e+04,1,1,
n24,n78,304,293,58.5,58.5,340.0,340.0,1.210e-95,1.630e-91,4.13,1.2,1.62e+04,1,1,
n24,n79,304,283,30.5,30.5,112.0,112.0,3.150e-27,4.240e-23,4.13,0.725,9.75e+03,1,1,
n24,n8,304,262,64.9,64.9,356.0,356.0,2.140e-100,2.880e-96,4.13,1.39,1.87e+04,1,1,
n24,n80,304,301,60.7,60.7,363.0,363.0,1.030e-102,1.380e-98,4.13,0.857,1.15e+04,1,1,
n24,n81,304,310,61.8,61.8,368.0,368.0,4.160e-104,5.600e-100,4.13,1.11,1.49e+04,1,1,
n24,n82,304,364,32.4,32.4,126.0,126.0,2.110e-31,2.840e-27,4.13,0.795,1.07e+04,1,1,
n24,n83,304,434,46.8,46.8,258.0,258.0,4.640e-71,6.250e-67,4.13,0.952,1.28e+04,1,1,
n24,n85,304,258,29.0,26.9,33.0,30.0,3.170e-03,3.620e+02,5.06,1.21,1.72e+04,0,0,
n24,n86,304,273,46.8,46.8,240.0,240.0,1.310e-65,1.760e-61,4.13,1.03,1.38e+04,1,1,
n24,n87,304,286,56.0,56.0,326.0,326.0,1.390e-91,1.870e-87,4.13,0.842,1.13e+04,1,1,
n24,n88,304,282,43.8,44.2,223.0,225.0,1.270e-60,4.490e-57,3.55,0.758,1.07e+04,1,1,
n24,n89,304,308,46.3,46.3,245.0,245.0,4.070e-67,5.480e-63,4.13,1.02,1.37e+04,1,1,
n24,n9,304,315,52.8,52.8,310.0,310.0,1.350e-86,1.810e-82,4.13,1.25,1.67e+04,1,1,
n24,n90,304,258,27.6,27.6,72.0,72.0,6.160e-15,8.300e-11,4.13,1.29,1.74e+04,0,0,
n24,n93,304,384,25.8,25.8,30.0,30.0,2.690e-02,3.620e+02,4.13,1.28,1.72e+04,0,0,
n25,n1,301,290,49.7,49.7,262.0,262.0,3.180e-72,4.290e-68,4.13,1.05,1.42e+04,1,1,
n25,n10,301,262,91.2,91.2,484.0,484.0,3.950e-139,5.310e-135,4.13,0.883,1.19e+04,1,1,
n25,n11,301,262,92.3,92.3,497.0,497.0,7.680e-143,1.030e-138,4.13,1.41,1.89e+04,1,1,
n25,n12,301,262,99.2,99.2,532.0,532.0,2.150e-153,2.900e-149,4.13,1.35,1.82e+04,1,1,
n25,n13,301,262,94.6,94.6,507.0,507.0,5.680e-146,7.650e-142,4.13,1.06,1.43e+04,1,1,
n25,n14,301,319,99.0,99.0,601.0,601.0,2.890e-174,3.890e-170,4.13,1.07,1.44e+04,1,1,
n25,n15,301,301,92.7,92.7,563.0,563.0,6.680e-163,9.000e-159,4.13,0.902,1.22e+04,1,1,
n25,n16,301,262,75.9,75.9,422.0,422.0,1.840e-120,2.480e-116,4.13,0.892,1.2e+04,1,1,
n25,n17,301,314,28.0,28.0,37.0,37.0,1.670e-04,2.240e+00,4.13,1.03,1.38e+04,0,0,
n25,n18,301,298,49.3,49.3,277.0,277.0,1.250e-76,1.680e-72,4.13,1.36,1.83e+04,1,1,
n25,n19,301,307,44.9,45.0,259.0,262.0,2.700e-71,4.290e-68,3.20,1.12,1.42e+04,1,1,
n25,n2,301,259,63.9,63.9,343.0,343.0,1.090e-96,1.460e-92,4.13,0.874,1.17e+04,1,1,
n25,n20,301,298,47.8,47.8,242.0,242.0,2.610e-66,3.520e-62,4.13,0.825,1.11e+04,1,1,
n25,n21,301,304,47.6,47.6,253.0,253.0,1.130e-69,1.530e-65,4.13,0.732,9.91e+03,1,1,
n25,n22,301,296,81.7,81.7,503.0,503.0,6.280e-145,8.460e-141,4.13,0.736,9.91e+03,1,1,
n25,n23,301,300,83.7,83.7,518.0,519.0,2.470e-149,1.950e-145,3.90,0.948,1.5e+04,1,1,
n25,n24,301,304,61.7,61.7,371.0,371.0,3.730e-105,5.020e-101,4.13,0.803,1.08e+04,1,1,
n25,n26,301,261,93.1,93.1,500.0,500.0,6.950e-144,9.360e-140,4.13,1.02,1.37e+04,1,1,
n25,n27,301,296,81.7,81.7,503.0,503.0,6.280e-145,8.460e-141,4.13,0.736,9.91e+03,1,1,
n25,n28,301,284,55.0,55.0,305.0,305.0,2.510e-85,3.380e-81,4.13,0.732,9.86e+03,1,1,
n25,n29,301,319,97.7,97.7,589.0,589.0,8.710e-171,1.170e-166,4.13,0.79,1.06e+04,1,1,
n25,n3,301,380,24.3,24.3,41.0,41.0,1.150e-05,1.550e-01,4.13,1.13,1.53e+04,0,0,
n25,n30,301,262,92.3,92.3,497.0,497.0,7.680e-143,1.030e-138,4.13,1.41,1.89e+04,1,1,
n25,n31,301,262,99.2,99.2,532.0,532.0,2.150e-153,2.900e-149,4.13,1.35,1.82e+04,1,1,
n25,n32,301,294,49.0,49.0,288.0,288.0,5.420e-80,7.300e-76,4.13,1.21,1.62e+04,1,1,
n25,n33,301,293,56.7,56.7,307.0,307.0,6.610e-86,8.900e-82,4.13,0.771,1.04e+04,1,1,
n25,n34,301,293,56.0,56.0,306.0,306.0,1.470e-85,1.980e-81,4.13,0.857,1.15e+04,1,1,
n25,n35,301,456,22.9,22.9,42.0,42.0,6.760e-06,9.110e-02,4.13,1.33,1.79e+04,0,0,
n25,n36,301,310,47.7,47.7,248.0,248.0,6.210e-68,8.370e-64,4.13,1.26,1.69e+04,1,1,
n25,n37,301,263,27.6,27.6,42.0,42.0,3.970e-06,5.340e-02,4.13,0.781,1.05e+04,0,0,
n25,n38,301,495,25.6,25.6,67.0,67.0,1.150e-13,1.550e-09,4.13,0.759,1.02e+04,0,0,
n25,n4,301,292,46.8,48.8,256.0,260.0,1.750e-70,2.130e-67,3.09,0.907,1.77e+04,1,1,
n25,n40,301,292,28.7,28.7,99.0,99.0,4.660e-23,6.280e-19,4.13,1.32,1.78e+04,0,0,
n25,n41,301,305,43.9,43.9,239.0,239.0,2.890e-65,3.890e-61,4.13,1.14,1.54e+04,1,1,
n25,n42,301,426,45.8,45.8,272.0,272.0,4.020e-75,5.410e-71,4.13,1.36,1.84e+04,1,1,
n25,n43,301,319,38.8,38.8,206.0,206.0,2.070e-55,2.790e-51,4.13,0.952,1.28e+04,1,1,
n25,n44,301,301,92.7,92.7,563.0,563.0,6.680e-163,9.000e-159,4.13,0.902,1.22e+04,1,1,
n25,n45,301,319,99.0,99.0,601.0,601.0,2.890e-174,3.890e-170,4.13,1.07,1.44e+04,1,1,
n25,n46,301,301,92.7,92.7,563.0,563.0,6.680e-163,9.000e-159,4.13,0.902,1.22e+04,1,1,
n25,n47,301,304,47.6,47.6,253.0,253.0,1.130e-69,1.530e-65,4.13,0.732,9.91e+03,1,1,
n25,n49,301,262,27.5,27.5,39.0,39.0,4.380e-05,5.900e-01,4.13,1.08,1.45e+04,0,0,
n25,n5,301,292,59.8,59.8,346.0,346.0,1.680e-97,2.260e-93,4.13,1.08,1.45e+04,1,1,
n25,n50,301,269,34.9,33.9,136.0,136.0,3.440e-34,3.550e-30,4.01,1.34,1.38e+04,1,1,
n25,n51,301,312,47.5,47.5,266.0,266.0,2.210e-73,2.970e-69,4.13,1.17,1.58e+04,1,1,
n25,n52,301,260,67.3,67.3,358.0,358.0,3.270e-101,4.400e-97,4.13,0.859,1.16e+04,1,1,
n25,n53,301,260,67.2,67.2,358.0,358.0,4.260e-101,5.740e-97,4.13,1.12,1.51e+04,1,1,
n25,n54,301,259,64.1,64.1,345.0,345.0,3.740e-97,5.030e-93,4.13,1.2,1.61e+04,1,1,
n25,n55,301,257,54.8,54.8,280.0,280.0,1.130e-77,1.520e-73,4.13,0.982,1.32e+04,1,1,
n25,n56,301,257,55.1,55.1,282.0,282.0,2.280e-78,3.070e-74,4.13,0.793,1.07e+04,1,1,
n25,n57,301,257,55.5,55.5,283.0,283.0,1.020e-78,1.380e-74,4.13,0.709,9.6e+03,1,1,
n25,n58,301,299,52.5,52.5,287.0,287.0,9.240e-80,9.530e-76,4.01,1.03,1.06e+04,1,1,
n25,n59,301,298,47.1,47.1,259.0,259.0,2.700e-71,3.630e-67,4.13,1.12,1.5e+04,1,1,
n25,n6,301,289,58.1,59.4,344.0,345.0,4.880e-97,3.850e-93,3.90,0.782,1.23e+04,1,1,
n25,n60,301,316,47.0,47.0,241.0,241.0,5.820e-66,7.830e-62,4.13,0.92,1.24e+04,1,1,
n25,n61,301,307,42.3,42.3,238.0,238.0,3.770e-65,5.080e-61,4.13,0.745,1e+04,1,1,
n25,n62,301,263,62.4,62.4,338.0,338.0,3.500e-95,4.710e-91,4.13,0.877,1.18e+04,1,1,
n25,n63,301,282,29.9,30.1,103.0,104.0,1.890e-24,1.490e-20,3.90,0.858,1.35e+04,0,1,gained_in_v12
n25,n64,301,257,64.3,64.3,340.0,340.0,9.200e-96,1.240e-91,4.13,0.922,1.24e+04,1,1,
n25,n65,301,254,27.7,27.7,40.0,40.0,1.970e-05,2.650e-01,4.13,0.969,1.3e+04,0,0,
n25,n66,301,302,46.5,46.5,270.0,270.0,1.530e-74,2.060e-70,4.13,1.3,1.75e+04,1,1,
n25,n67,301,366,35.7,35.7,127.0,127.0,9.370e-32,1.260e-27,4.13,0.713,9.59e+03,1,1,
n25,n68,301,302,48.5,49.0,281.0,282.0,6.620e-78,5.230e-74,3.90,1.15,1.82e+04,1,1,
n25,n69,301,279,57.6,57.6,313.0,313.0,1.200e-87,1.620e-83,4.13,0.896,1.21e+04,1,1,
n25,n7,301,302,48.7,48.7,274.0,274.0,8.100e-76,1.090e-71,4.13,1.1,1.48e+04,1,1,
n25,n70,301,292,47.6,47.6,271.0,271.0,6.860e-75,9.230e-71,4.13,1.16,1.57e+04,1,1,
n25,n71,301,297,43.7,45.1,251.0,253.0,7.340e-69,1.530e-65,3.32,1.19,9.91e+03,1,1,
n25,n72,301,311,58.6,58.6,353.0,353.0,1.370e-99,1.850e-95,4.13,1.12,1.52e+04,1,1,
n25,n73,301,302,50.2,49.8,283.0,289.0,1.020e-78,2.510e-76,2.39,0.709,1.12e+04,1,1,
n25,n74,301,284,75.8,75.8,442.0,442.0,1.720e-126,2.320e-122,4.13,0.874,1.18e+04,1,1,
n25,n75,301,279,47.5,48.2,242.0,243.0,4.450e-66,2.060e-62,3.67,1.41,1.3e+04,1,1,
n25,n76,301,304,48.9,48.9,263.0,263.0,1.430e-72,1.930e-68,4.13,0.948,1.28e+04,1,1,
n25,n77,301,304,45.9,45.9,269.0,269.0,2.610e-74,3.510e-70,4.13,1.11,1.49e+04,1,1,
n25,n78,301,293,56.7,56.7,329.0,329.0,2.120e-92,2.860e-88,4.13,1.04,1.4e+04,1,1,
n25,n79,301,283,35.6,35.6,133.0,133.0,1.710e-33,2.300e-29,4.13,0.833,1.12e+04,1,1,
n25,n8,301,262,92.0,92.0,495.0,495.0,1.710e-142,2.300e-138,4.13,0.783,1.05e+04,1,1,
n25,n80,301,301,95.0,95.0,575.0,575.0,1.700e-166,2.290e-162,4.13,0.941,1.27e+04,1,1,
n25,n81,301,310,60.0,60.0,354.0,354.0,6.160e-100,8.290e-96,4.13,1.01,1.36e+04,1,1,
n25,n82,301,364,35.2,35.2,129.0,129.0,2.470e-32,3.320e-28,4.13,0.752,1.01e+04,1,1,
n25,n83,301,434,46.1,46.1,238.0,238.0,6.430e-65,8.660e-61,4.13,1.27,1.71e+04,1,1,
n25,n85,301,258,27.1,27.6,32.0,38.0,5.360e-03,1.320e+00,2.39,1.03,1.62e+04,0,0,
n25,n86,301,273,48.7,48.7,262.0,262.0,3.180e-72,4.290e-68,4.13,1.05,1.42e+04,1,1,
n25,n87,301,286,55.8,55.8,311.0,311.0,5.980e-87,8.050e-83,4.13,1.12,1.5e+04,1,1,
n25,n88,301,282,47.4,47.4,266.0,266.0,1.690e-73,2.270e-69,4.13,0.897,1.2e+04,1,1,
n25,n89,301,308,45.4,45.4,259.0,259.0,2.700e-71,3.630e-67,4.13,1.12,1.5e+04,1,1,
n25,n9,301,315,55.3,55.3,314.0,314.0,7.060e-88,9.510e-84,4.13,1.05,1.42e+04,1,1,
n25,n90,301,258,29.5,29.4,72.0,72.0,3.580e-15,8.220e-11,4.36,0.756,1.74e+04,0,0,
n26,n1,261,290,51.3,51.3,256.0,256.0,1.520e-70,2.040e-66,4.13,0.908,1.22e+04,1,1,
n26,n10,261,262,97.7,97.7,514.0,514.0,3.090e-148,4.160e-144,4.13,0.855,1.15e+04,1,1,
n26,n11,261,262,99.2,99.2,528.0,528.0,2.070e-152,2.780e-148,4.13,0.939,1.26e+04,1,1,
n26,n12,261,262,93.1,93.1,500.0,500.0,4.610e-144,6.210e-140,4.13,0.779,1.05e+04,1,1,
n26,n127,261,433,30.1,30.1,38.0,38.0,8.470e-05,1.140e+00,4.13,1.2,1.62e+04,0,0,
n26,n13,261,262,98.5,98.5,525.0,525.0,1.750e-151,2.360e-147,4.13,0.992,1.34e+04,1,1,
n26,n14,261,319,93.1,93.1,500.0,500.0,4.610e-144,6.210e-140,4.13,0.779,1.05e+04,1,1,
n26,n15,261,301,99.2,99.2,528.0,528.0,2.070e-152,2.780e-148,4.13,0.939,1.26e+04,1,1,
n26,n16,261,262,74.7,74.7,414.0,414.0,3.330e-118,4.480e-114,4.13,0.727,9.78e+03,1,1,
n26,n17,261,314,23.4,32.3,25.0,40.0,5.680e-01,1.760e-01,-0.51,0.983,9.99e+03,0,0,
n26,n18,261,298,51.5,51.5,275.0,275.0,4.120e-76,5.540e-72,4.13,1.29,1.74e+04,1,1,
n26,n19,261,307,46.5,46.5,248.0,248.0,5.390e-68,7.260e-64,4.13,1.26,1.69e+04,1,1,
n26,n2,261,259,64.6,64.6,349.0,349.0,2.240e-98,3.020e-94,4.13,1.33,1.79e+04,1,1,
n26,n20,261,298,49.1,49.1,242.0,242.0,2.260e-66,3.050e-62,4.13,0.824,1.11e+04,1,1,
n26,n21,261,304,52.6,52.6,251.0,251.0,4.870e-69,6.560e-65,4.13,0.909,1.22e+04,1,1,
n26,n22,261,296,83.1,83.1,458.0,458.0,2.630e-131,3.540e-127,4.13,1.01,1.36e+04,1,1,
n26,n23,261,300,82.4,82.4,452.0,452.0,1.880e-129,2.530e-125,4.13,1.13,1.52e+04,1,1,
n26,n24,261,304,65.6,65.6,359.0,359.0,1.270e-101,1.710e-97,4.13,0.77,1.04e+04,1,1,
n26,n25,261,301,93.1,93.1,500.0,500.0,6.020e-144,8.110e-140,4.13,1.02,1.37e+04,1,1,
n26,n27,261,296,83.1,83.1,458.0,458.0,2.630e-131,3.540e-127,4.13,1.01,1.36e+04,1,1,
n26,n28,261,284,56.0,56.0,297.0,297.0,1.010e-82,1.360e-78,4.13,1.33,1.79e+04,1,1,
n26,n29,261,319,95.0,95.0,510.0,510.0,7.600e-147,1.020e-142,4.13,1.31,1.76e+04,1,1,
n26,n3,261,380,22.2,22.2,36.0,36.0,2.460e-04,3.320e+00,4.13,0.872,1.18e+04,0,0,
n26,n30,261,262,99.2,99.2,528.0,528.0,2.070e-152,2.780e-148,4.13,0.939,1.26e+04,1,1,
n26,n31,261,262,93.1,93.1,500.0,500.0,4.610e-144,6.210e-140,4.13,0.779,1.05e+04,1,1,
n26,n32,261,294,50.6,50.6,272.0,272.0,2.040e-75,2.750e-71,4.13,0.799,1.08e+04,1,1,
n26,n33,261,293,59.9,59.9,306.0,306.0,1.280e-85,1.720e-81,4.13,0.861,1.16e+04,1,1,
n26,n34,261,293,59.9,59.9,304.0,304.0,8.280e-85,1.110e-80,4.13,1.39,1.87e+04,1,1,
n26,n35,261,456,21.7,21.7,39.0,39.0,4.970e-05,6.690e-01,4.13,1.41,1.9e+04,0,0,
n26,n36,261,310,48.5,48.5,248.0,248.0,3.160e-68,4.250e-64,4.13,0.738,9.92e+03,1,1,
n26,n37,261,263,28.0,27.2,39.0,39.0,2.910e-05,3.920e-01,4.13,0.825,1.11e+04,0,0,
n26,n38,261,495,26.4,26.4,69.0,69.0,2.630e-14,3.540e-10,4.13,0.801,1.08e+04,0,0,
n26,n4,261,292,50.0,50.0,258.0,258.0,3.050e-71,4.110e-67,4.13,0.729,9.82e+03,1,1,
n26,n40,261,292,30.5,30.5,100.0,100.0,1.390e-23,1.870e-19,4.13,0.909,1.22e+04,1,1,
n26,n41,261,305,48.3,48.3,243.0,243.0,1.330e-66,1.790e-62,4.13,0.97,1.31e+04,1,1,
n26,n42,261,426,51.1,51.1,277.0,277.0,6.350e-77,8.550e-73,4.13,0.796,1.07e+04,1,1,
n26,n43,261,319,44.3,44.3,204.0,204.0,8.920e-55,1.200e-50,4.13,1.18,1.59e+04,1,1,
n26,n44,261,301,99.2,99.2,528.0,528.0,2.070e-152,2.780e-148,4.13,0.939,1.26e+04,1,1,
n26,n45,261,319,93.1,93.1,500.0,500.0,4.610e-144,6.210e-140,4.13,0.779,1.05e+04,1,1,
n26,n46,261,301,99.2,99.2,528.0,528.0,2.070e-152,2.780e-148,4.13,0.939,1.26e+04,1,1,
n26,n47,261,304,52.6,52.6,251.0,251.0,4.870e-69,6.560e-65,4.13,0.909,1.22e+04,1,1,
n26,n49,261,262,28.2,28.2,36.0,36.0,3.220e-04,4.330e+00,4.13,1.14,1.54e+04,0,0,
n26,n5,261,292,61.6,61.6,334.0,334.0,4.380e-94,5.900e-90,4.13,0.791,1.07e+04,1,1,
n26,n50,261,269,33.3,33.3,134.0,134.0,1.130e-33,1.530e-29,4.13,1.27,1.72e+04,1,1,
n26,n51,261,312,52.6,52.6,265.0,265.0,4.260e-73,5.740e-69,4.13,1.3,1.76e+04,1,1,
n26,n52,261,260,68.1,68.1,364.0,364.0,5.160e-103,6.950e-99,4.13,1,1.35e+04,1,1,
n26,n53,261,260,68.3,68.3,363.0,363.0,1.150e-102,1.550e-98,4.13,1.11,1.5e+04,1,1,
n26,n54,261,259,64.9,64.9,350.0,350.0,7.710e-99,1.040e-94,4.13,0.912,1.23e+04,1,1,
n26,n55,261,257,55.3,55.3,283.0,283.0,1.160e-78,1.560e-74,4.13,0.93,1.25e+04,1,1,
n26,n56,261,257,55.3,55.3,285.0,285.0,3.050e-79,4.100e-75,4.13,0.978,1.32e+04,1,1,
n26,n57,261,257,56.1,56.1,287.0,287.0,1.050e-79,1.410e-75,4.13,1.35,1.81e+04,1,1,
n26,n58,261,299,54.0,54.0,278.0,278.0,4.860e-77,6.550e-73,4.13,1.22,1.64e+04,1,1,
n26,n59,261,298,49.1,49.1,251.0,251.0,6.370e-69,8.570e-65,4.13,1.19,1.6e+04,1,1,
n26,n6,261,289,61.1,61.1,336.0,336.0,1.150e-94,1.550e-90,4.13,0.831,1.12e+04,1,1,
n26,n60,261,316,47.0,47.0,243.0,243.0,1.330e-66,1.790e-62,4.13,0.97,1.31e+04,1,1,
n26,n61,261,307,45.9,45.9,237.0,237.0,9.510e-65,1.280e-60,4.13,1.08,1.46e+04,1,1,
n26,n62,261,263,62.8,62.8,339.0,339.0,1.780e-95,2.390e-91,4.13,1.03,1.38e+04,1,1,
n26,n63,261,282,31.1,31.1,105.0,105.0,4.320e-25,5.820e-21,4.13,0.904,1.22e+04,1,1,
n26,n64,261,257,65.1,65.1,347.0,347.0,5.000e-98,6.730e-94,4.13,0.74,9.96e+03,1,1,
n26,n65,261,254,28.4,28.4,45.0,45.0,6.930e-07,9.330e-03,4.13,1.26,1.69e+04,0,0,
n26,n66,261,302,49.8,49.8,261.0,261.0,6.150e-72,8.280e-68,4.13,1.18,1.58e+04,1,1,
n26,n67,261,366,35.2,35.2,127.0,127.0,1.390e-31,1.870e-27,4.13,1.22,1.64e+04,1,1,
n26,n68,261,302,51.3,51.3,271.0,271.0,5.940e-75,8.010e-71,4.13,1.16,1.57e+04,1,1,
n26,n69,261,279,60.4,60.4,314.0,314.0,6.120e-88,8.250e-84,4.13,1.05,1.42e+04,1,1,
n26,n7,261,302,51.5,51.5,266.0,266.0,1.460e-73,1.970e-69,4.13,0.893,1.21e+04,1,1,
n26,n70,261,292,49.8,49.8,269.0,269.0,1.730e-74,2.330e-70,4.13,0.847,1.14e+04,1,1,
n26,n71,261,297,47.5,47.5,248.0,248.0,4.130e-68,5.560e-64,4.13,0.964,1.3e+04,1,1,
n26,n72,261,311,60.7,60.7,336.0,336.0,1.500e-94,2.030e-90,4.13,1.08,1.47e+04,1,1,
n26,n73,261,302,53.1,53.1,282.0,282.0,3.370e-78,4.540e-74,4.13,1.35,1.82e+04,1,1,
n26,n74,261,284,78.9,78.9,428.0,428.0,2.910e-122,3.920e-118,4.13,1.04,1.4e+04,1,1,
n26,n75,261,279,49.8,49.8,242.0,242.0,2.960e-66,3.980e-62,4.13,1.08,1.45e+04,1,1,
n26,n76,261,304,49.4,49.4,259.0,259.0,1.790e-71,2.410e-67,4.13,0.856,1.15e+04,1,1,
n26,n77,261,304,50.0,50.0,262.0,262.0,2.110e-72,2.850e-68,4.13,0.807,1.09e+04,1,1,
n26,n78,261,293,60.6,60.6,325.0,325.0,2.030e-91,2.740e-87,4.13,0.716,9.66e+03,1,1,
n26,n79,261,283,33.9,33.9,126.0,126.0,3.090e-31,4.160e-27,4.13,1.36,1.83e+04,1,1,
n26,n8,261,262,98.9,98.9,525.0,525.0,1.340e-151,1.800e-147,4.13,0.759,1.02e+04,1,1,
n26,n80,261,301,98.1,98.1,523.0,523.0,5.090e-151,6.850e-147,4.13,0.721,9.71e+03,1,1,
n26,n81,261,310,64.4,64.4,352.0,352.0,2.030e-99,2.730e-95,4.13,0.961,1.29e+04,1,1,
n26,n82,261,364,34.2,34.2,127.0,127.0,1.390e-31,1.870e-27,4.13,1.22,1.64e+04,1,1,
n26,n83,261,434,48.3,48.3,230.0,230.0,1.520e-62,2.050e-58,4.13,1.35,1.83e+04,1,1,
n26,n85,261,258,25.2,25.2,39.0,39.0,2.910e-05,3.920e-01,4.13,0.825,1.11e+04,0,0,
n26,n86,261,273,50.2,50.2,257.0,257.0,8.880e-71,1.200e-66,4.13,1.06,1.43e+04,1,1,
n26,n87,261,286,59.1,59.1,307.0,307.0,7.490e-86,1.010e-81,4.13,1.01,1.36e+04,1,1,
n26,n88,261,282,50.0,50.0,260.0,260.0,8.030e-72,1.080e-67,4.13,0.768,1.03e+04,1,1,
n26,n89,261,308,49.1,49.1,255.0,255.0,4.410e-70,5.940e-66,4.13,1.32,1.77e+04,1,1,
n26,n9,261,315,59.7,59.7,317.0,317.0,9.450e-89,1.270e-84,4.13,1.3,1.75e+04,1,1,
n26,n90,261,258,27.0,27.8,65.0,65.0,4.950e-13,8.710e-09,4.25,0.942,1.66e+04,0,0,
n27,n1,296,290,48.1,49.0,251.0,252.0,5.530e-69,5.700e-65,4.01,0.91,1.88e+04,1,1,
n27,n10,296,262,81.6,81.6,443.0,443.0,7.590e-127,1.020e-122,4.13,0.784,1.05e+04,1,1,
n27,n11,296,262,83.1,83.1,457.0,457.0,5.080e-131,6.840e-127,4.13,0.86,1.16e+04,1,1,
n27,n12,296,262,85.8,85.8,474.0,474.0,4.010e-136,5.410e-132,4.13,0.89,1.2e+04,1,1,
n27,n13,296,262,82.4,82.4,453.0,453.0,9.580e-130,1.290e-125,4.13,1.01,1.37e+04,1,1,
n27,n14,296,319,82.4,82.4,507.0,507.0,4.280e-146,5.760e-142,4.13,0.816,1.1e+04,1,1,
n27,n15,296,301,80.4,80.4,492.0,492.0,1.420e-141,1.920e-137,4.13,0.826,1.12e+04,1,1,
n27,n16,296,262,77.8,77.8,430.0,430.0,8.680e-123,1.170e-118,4.13,1.09,1.48e+04,1,1,
n27,n17,296,314,30.1,30.1,41.0,41.0,8.690e-06,1.170e-01,4.13,0.869,1.17e+04,1,0,lost_in_v12
n27,n18,296,298,49.5,49.3,268.0,273.0,3.350e-74,2.390e-71,2.85,0.723,1.65e+04,1,1,
n27,n19,296,307,46.0,46.0,259.0,259.0,2.650e-71,3.570e-67,4.13,1.12,1.5e+04,1,1,
n27,n2,296,259,64.3,64.3,342.0,342.0,1.820e-96,2.460e-92,4.13,0.742,1e+04,1,1,
n27,n20,296,298,46.2,46.2,243.0,243.0,1.510e-66,2.030e-62,4.13,0.971,1.31e+04,1,1,
n27,n21,296,304,49.7,49.7,265.0,265.0,4.830e-73,6.510e-69,4.13,1.3,1.76e+04,1,1,
n27,n22,296,296,100.0,100.0,592.0,592.0,1.010e-171,1.360e-167,4.13,0.745,1e+04,1,1,
n27,n23,296,300,92.7,92.7,556.0,556.0,8.030e-161,1.080e-156,4.13,0.862,1.16e+04,1,1,
n27,n24,296,304,57.7,59.2,353.0,355.0,1.030e-99,4.780e-96,3.67,0.86,1.6e+04,1,1,
n27,n25,296,301,81.7,81.7,504.0,504.0,3.620e-145,4.880e-141,4.13,0.863,1.16e+04,1,1,
n27,n26,296,261,83.1,83.1,458.0,458.0,2.980e-131,4.010e-127,4.13,1.01,1.36e+04,1,1,
n27,n28,296,284,52.8,52.8,303.0,303.0,1.230e-84,1.650e-80,4.13,0.912,1.22e+04,1,1,
n27,n29,296,319,81.1,81.1,498.0,498.0,1.990e-143,2.680e-139,4.13,0.741,9.98e+03,1,1,
n27,n3,296,380,21.7,21.7,40.0,40.0,2.530e-05,3.400e-01,4.13,1.27,1.7e+04,0,0,
n27,n30,296,262,83.1,83.1,457.0,457.0,5.080e-131,6.840e-127,4.13,0.86,1.16e+04,1,1,
n27,n31,296,262,85.8,85.8,474.0,474.0,4.010e-136,5.410e-132,4.13,0.89,1.2e+04,1,1,
n27,n32,296,294,52.9,52.9,299.0,299.0,2.310e-83,3.110e-79,4.13,1.07,1.44e+04,1,1,
n27,n33,296,293,58.9,57.8,320.0,321.0,1.270e-89,7.650e-86,3.78,1.23,1.49e+04,1,1,
n27,n34,296,293,57.8,57.6,311.0,317.0,5.880e-87,1.440e-84,2.39,1.12,1.75e+04,1,1,
n27,n35,296,456,21.4,21.4,42.0,42.0,6.650e-06,8.960e-02,4.13,1.33,1.79e+04,0,0,
n27,n36,296,310,48.2,48.2,247.0,247.0,1.360e-67,1.830e-63,4.13,1.4,1.88e+04,1,1,
n27,n37,296,263,25.2,26.8,40.0,40.0,2.530e-05,3.400e-01,4.13,1.27,1.7e+04,0,0,
n27,n38,296,495,24.8,25.5,70.0,73.0,2.280e-14,3.630e-11,3.20,1.22,1.56e+04,0,0,
n27,n4,296,292,48.7,49.8,261.0,262.0,5.340e-72,5.510e-68,4.01,0.9,1.86e+04,1,1,
n27,n40,296,292,28.8,28.8,99.0,99.0,4.590e-23,6.180e-19,4.13,1.32,1.78e+04,0,0,
n27,n41,296,305,44.2,44.2,242.0,242.0,3.350e-66,4.520e-62,4.13,1.08,1.45e+04,1,1,
n27,n42,296,426,50.6,50.6,278.0,278.0,5.520e-77,7.430e-73,4.13,1.22,1.64e+04,1,1,
n27,n43,296,319,38.9,38.9,201.0,201.0,5.020e-54,6.760e-50,4.13,0.734,9.88e+03,1,1,
n27,n44,296,301,80.4,80.4,492.0,492.0,1.420e-141,1.920e-137,4.13,0.826,1.12e+04,1,1,
n27,n45,296,319,82.4,82.4,507.0,507.0,4.280e-146,5.760e-142,4.13,0.816,1.1e+04,1,1,
n27,n46,296,301,80.4,80.4,492.0,492.0,1.420e-141,1.920e-137,4.13,0.826,1.12e+04,1,1,
n27,n47,296,304,49.7,49.7,265.0,265.0,4.830e-73,6.510e-69,4.13,1.3,1.76e+04,1,1,
n27,n49,296,262,29.0,30.5,41.0,41.0,8.690e-06,1.170e-01,4.13,0.869,1.17e+04,0,0,
n27,n5,296,292,61.4,61.4,360.0,360.0,8.450e-102,1.140e-97,4.13,0.903,1.22e+04,1,1,
n27,n50,296,269,33.6,33.6,132.0,132.0,2.870e-33,3.860e-29,4.13,0.711,9.56e+03,1,1,
n27,n51,296,312,50.5,50.5,264.0,264.0,6.310e-73,8.500e-69,4.13,0.851,1.15e+04,1,1,
n27,n52,296,260,66.9,66.9,361.0,361.0,3.790e-102,5.110e-98,4.13,0.81,1.09e+04,1,1,
n27,n53,296,260,66.8,66.8,362.0,362.0,2.900e-102,3.910e-98,4.13,1.24,1.67e+04,1,1,
n27,n54,296,259,64.1,64.1,341.0,341.0,4.060e-96,5.470e-92,4.13,0.827,1.11e+04,1,1,
n27,n55,296,257,53.6,53.6,277.0,277.0,1.230e-76,1.650e-72,4.13,1.36,1.82e+04,1,1,
n27,n56,296,257,54.4,54.4,281.0,281.0,6.510e-78,8.770e-74,4.13,1.15,1.55e+04,1,1,
n27,n57,296,257,54.4,54.4,280.0,280.0,1.110e-77,1.500e-73,4.13,0.981,1.33e+04,1,1,
n27,n58,296,299,50.0,50.3,286.0,288.0,2.030e-79,7.180e-76,3.55,1.15,1.62e+04,1,1,
n27,n59,296,298,46.4,46.4,258.0,258.0,4.520e-71,6.090e-67,4.13,0.953,1.28e+04,1,1,
n27,n6,296,289,61.0,62.0,364.0,364.0,7.640e-103,6.030e-99,3.90,1.31,1.03e+04,1,1,
n27,n60,296,316,48.5,48.5,244.0,244.0,6.760e-67,9.100e-63,4.13,0.869,1.17e+04,1,1,
n27,n61,296,307,47.3,47.3,255.0,255.0,2.930e-70,3.950e-66,4.13,0.772,1.04e+04,1,1,
n27,n62,296,263,63.3,63.3,340.0,340.0,9.050e-96,1.220e-91,4.13,0.922,1.24e+04,1,1,
n27,n63,296,282,27.8,27.8,97.0,97.0,1.020e-22,1.380e-18,4.13,0.735,9.95e+03,0,0,
n27,n64,296,257,66.7,66.7,352.0,352.0,3.010e-99,4.050e-95,4.13,1.26,1.69e+04,1,1,
n27,n65,296,254,32.3,32.3,41.0,41.0,1.130e-05,1.530e-01,4.13,1.13,1.53e+04,0,0,
n27,n66,296,302,48.3,48.3,275.0,275.0,2.740e-76,3.690e-72,4.13,0.757,1.02e+04,1,1,
n27,n67,296,366,36.9,36.9,134.0,134.0,1.290e-33,1.730e-29,4.13,1.28,1.71e+04,1,1,
n27,n68,296,302,49.7,49.7,279.0,279.0,2.480e-77,3.330e-73,4.13,1.1,1.47e+04,1,1,
n27,n69,296,279,55.7,55.4,302.0,304.0,2.090e-84,9.680e-81,3.67,0.775,1.44e+04,1,1,
n27,n7,296,302,47.0,47.0,264.0,264.0,8.240e-73,1.110e-68,4.13,1.11,1.5e+04,1,1,
n27,n70,296,292,48.8,51.1,280.0,286.0,8.510e-78,2.730e-75,2.51,0.752,1.54e+04,1,1,
n27,n71,296,297,44.9,44.7,254.0,255.0,6.530e-70,5.160e-66,3.90,0.86,1.36e+04,1,1,
n27,n72,296,311,58.7,58.6,349.0,352.0,1.490e-98,2.370e-95,3.20,0.777,9.89e+03,1,1,
n27,n73,296,302,47.6,50.7,266.0,297.0,2.170e-73,1.180e-78,-5.26,1.17,1.37e+04,1,1,
n27,n74,296,284,78.0,78.2,452.0,460.0,2.130e-129,1.380e-127,1.81,1.13,1.87e+04,1,1,
n27,n75,296,279,48.4,48.4,243.0,245.0,1.510e-66,5.340e-63,3.55,0.971,1.37e+04,1,1,
n27,n76,296,304,45.9,45.9,262.0,262.0,4.090e-72,5.510e-68,4.13,1.38,1.86e+04,1,1,
n27,n77,296,304,48.5,48.5,275.0,275.0,4.670e-76,6.290e-72,4.13,1.29,1.74e+04,1,1,
n27,n78,296,293,55.4,55.4,327.0,327.0,7.930e-92,1.070e-87,4.13,0.986,1.33e+04,1,1,
n27,n79,296,283,34.7,34.7,126.0,126.0,2.050e-31,2.770e-27,4.13,0.793,1.07e+04,1,1,
n27,n8,296,262,82.8,82.8,456.0,456.0,1.130e-130,1.520e-126,4.13,0.957,1.29e+04,1,1,
n27,n80,296,301,79.4,79.4,486.0,486.0,7.820e-140,1.050e-135,4.13,0.711,9.54e+03,1,1,
n27,n81,296,310,62.1,62.4,369.0,371.0,2.380e-104,8.420e-101,3.55,1.3,1.84e+04,1,1,
n27,n82,296,364,37.9,37.9,140.0,140.0,1.370e-35,1.850e-31,4.13,0.869,1.17e+04,1,1,
n27,n83,296,434,46.4,46.7,232.0,238.0,3.470e-63,8.520e-61,2.39,1.09,1.71e+04,1,1,
n27,n85,296,258,28.2,28.2,38.0,38.0,7.350e-05,9.900e-01,4.13,0.919,1.24e+04,0,0,
n27,n86,296,273,48.4,48.4,262.0,262.0,3.130e-72,4.220e-68,4.13,1.06,1.42e+04,1,1,
n27,n87,296,286,57.4,57.4,322.0,322.0,3.330e-90,4.490e-86,4.13,1.29,1.75e+04,1,1,
n27,n88,296,282,51.9,51.9,268.0,268.0,3.350e-74,4.510e-70,4.13,0.723,9.73e+03,1,1,
n27,n89,296,308,44.9,44.9,253.0,253.0,1.900e-69,1.960e-65,4.01,1.25,1.29e+04,1,1,
n27,n9,296,315,57.0,57.0,327.0,327.0,1.040e-91,1.390e-87,4.13,1.29,1.73e+04,1,1,
n27,n96,296,283,34.0,34.0,34.0,34.0,1.390e-03,1.870e+01,4.13,1.09,1.46e+04,0,0,
n28,n1,284,290,41.9,41.9,217.0,217.0,8.490e-59,1.140e-54,4.13,0.848,1.14e+04,1,1,
n28,n10,284,262,55.1,55.1,287.0,287.0,1.140e-79,1.530e-75,4.13,1.34,1.8e+04,1,1,
n28,n11,284,262,56.0,56.0,297.0,297.0,8.430e-83,1.140e-78,4.13,1.02,1.38e+04,1,1,
n28,n12,284,262,56.0,56.0,298.0,298.0,4.940e-83,6.650e-79,4.13,1.19,1.61e+04,1,1,
n28,n13,284,262,56.0,56.0,295.0,295.0,2.450e-82,3.300e-78,4.13,0.74,9.96e+03,1,1,
n28,n133,284,335,25.3,25.3,38.0,38.0,7.060e-05,9.500e-01,4.13,0.92,1.24e+04,0,0,
n28,n14,284,319,54.3,54.3,303.0,303.0,1.180e-84,1.580e-80,4.13,0.912,1.22e+04,1,1,
n28,n15,284,301,54.3,54.3,302.0,302.0,2.010e-84,2.700e-80,4.13,0.777,1.04e+04,1,1,
n28,n16,284,262,59.1,59.1,303.0,303.0,1.180e-84,1.580e-80,4.13,0.912,1.22e+04,1,1,
n28,n17,284,314,22.4,22.4,37.0,37.0,2.050e-04,2.770e+00,4.13,1.34,1.81e+04,0,0,
n28,n18,284,298,41.5,41.5,225.0,225.0,5.320e-61,7.160e-57,4.13,1.36,1.83e+04,1,1,
n28,n19,284,307,41.2,41.7,211.0,211.0,6.080e-57,8.190e-53,4.13,0.949,1.28e+04,1,1,
n28,n2,284,259,56.5,56.5,293.0,293.0,1.220e-81,1.640e-77,4.13,0.921,1.24e+04,1,1,
n28,n20,284,298,38.8,38.8,193.0,193.0,1.310e-51,1.770e-47,4.13,0.78,1.05e+04,1,1,
n28,n21,284,304,43.8,43.8,224.0,224.0,6.940e-61,9.350e-57,4.13,0.887,1.2e+04,1,1,
n28,n22,284,296,52.8,52.8,303.0,303.0,1.180e-84,1.580e-80,4.13,0.912,1.22e+04,1,1,
n28,n23,284,300,52.5,52.5,295.0,295.0,4.180e-82,5.630e-78,4.13,1.26,1.7e+04,1,1,
n28,n24,284,304,49.5,49.5,280.0,280.0,8.160e-78,1.100e-73,4.13,0.752,1.01e+04,1,1,
n28,n25,284,301,54.3,54.3,304.0,304.0,9.000e-85,1.210e-80,4.13,1.39,1.87e+04,1,1,
n28,n26,284,261,56.0,56.0,297.0,297.0,1.100e-82,1.480e-78,4.13,1.33,1.79e+04,1,1,
n28,n27,284,296,52.8,52.8,303.0,303.0,1.180e-84,1.580e-80,4.13,0.912,1.22e+04,1,1,
n28,n29,284,319,54.3,54.3,304.0,304.0,9.000e-85,1.210e-80,4.13,1.39,1.87e+04,1,1,
n28,n30,284,262,56.0,56.0,297.0,297.0,8.430e-83,1.140e-78,4.13,1.02,1.38e+04,1,1,
n28,n31,284,262,56.0,56.0,298.0,298.0,4.940e-83,6.650e-79,4.13,1.19,1.61e+04,1,1,
n28,n32,284,294,47.7,47.7,255.0,255.0,2.810e-70,3.790e-66,4.13,0.771,1.04e+04,1,1,
n28,n33,284,293,47.1,47.1,253.0,253.0,1.400e-69,1.880e-65,4.13,0.961,1.29e+04,1,1,
n28,n34,284,293,45.7,45.7,241.0,241.0,7.170e-66,9.650e-62,4.13,1.2,1.62e+04,1,1,
n28,n36,284,310,45.8,45.8,224.0,224.0,9.070e-61,1.220e-56,4.13,1.16,1.56e+04,1,1,
n28,n38,284,495,24.3,24.3,65.0,65.0,7.040e-13,9.480e-09,4.13,1.23,1.66e+04,0,0,
n28,n4,284,292,43.4,43.4,223.0,223.0,1.550e-60,2.080e-56,4.13,0.991,1.33e+04,1,1,
n28,n40,284,292,30.0,30.0,87.0,87.0,1.320e-19,1.780e-15,4.13,0.969,1.31e+04,1,1,
n28,n41,284,305,39.9,39.9,193.0,193.0,1.710e-51,2.310e-47,4.13,1.02,1.38e+04,1,1,
n28,n42,284,426,43.5,43.5,233.0,233.0,1.950e-63,2.630e-59,4.13,1.28,1.72e+04,1,1,
n28,n43,284,319,41.2,41.2,194.0,194.0,7.690e-52,1.040e-47,4.13,0.916,1.24e+04,1,1,
n28,n44,284,301,54.3,54.3,302.0,302.0,2.010e-84,2.700e-80,4.13,0.777,1.04e+04,1,1,
n28,n45,284,319,54.3,54.3,303.0,303.0,1.180e-84,1.580e-80,4.13,0.912,1.22e+04,1,1,
n28,n46,284,301,54.3,54.3,302.0,302.0,2.010e-84,2.700e-80,4.13,0.777,1.04e+04,1,1,
n28,n47,284,304,43.8,43.8,224.0,224.0,6.940e-61,9.350e-57,4.13,0.887,1.2e+04,1,1,
n28,n5,284,292,52.0,52.0,296.0,296.0,1.880e-82,2.530e-78,4.13,1.14,1.53e+04,1,1,
n28,n50,284,269,27.8,28.2,96.0,96.0,2.850e-22,3.840e-18,4.13,1.07,1.44e+04,0,0,
n28,n51,284,312,42.4,42.4,210.0,210.0,1.770e-56,2.380e-52,4.13,1.38,1.86e+04,1,1,
n28,n52,284,260,58.4,58.4,305.0,305.0,2.370e-85,3.190e-81,4.13,0.733,9.86e+03,1,1,
n28,n53,284,260,56.5,56.5,299.0,299.0,2.220e-83,2.990e-79,4.13,1.07,1.44e+04,1,1,
n28,n54,284,259,57.0,57.0,298.0,298.0,3.780e-83,5.100e-79,4.13,0.913,1.23e+04,1,1,
n28,n55,284,257,53.3,53.3,270.0,270.0,1.100e-74,1.490e-70,4.13,0.99,1.34e+04,1,1,
n28,n56,284,257,54.5,54.5,274.0,274.0,7.640e-76,1.030e-71,4.13,1.1,1.48e+04,1,1,
n28,n57,284,257,53.3,53.3,270.0,270.0,1.100e-74,1.490e-70,4.13,0.99,1.34e+04,1,1,
n28,n58,284,299,47.8,47.8,245.0,245.0,2.910e-67,3.920e-63,4.13,0.78,1.05e+04,1,1,
n28,n59,284,298,37.1,37.1,198.0,198.0,6.960e-53,9.370e-49,4.13,1.33,1.79e+04,1,1,
n28,n6,284,289,55.1,55.1,309.0,309.0,2.800e-86,3.770e-82,4.13,1.38,1.86e+04,1,1,
n28,n60,284,316,40.5,40.5,214.0,214.0,7.180e-58,9.680e-54,4.13,0.896,1.21e+04,1,1,
n28,n61,284,307,40.1,40.1,208.0,208.0,5.150e-56,6.930e-52,4.13,1,1.35e+04,1,1,
n28,n62,284,263,59.1,59.1,307.0,307.0,8.140e-86,1.100e-81,4.13,1.01,1.36e+04,1,1,
n28,n63,284,282,26.3,26.3,92.0,92.0,4.120e-21,5.550e-17,4.13,0.967,1.3e+04,0,0,
n28,n64,284,257,56.2,56.2,292.0,292.0,2.080e-81,2.800e-77,4.13,0.785,1.06e+04,1,1,
n28,n66,284,302,42.1,42.1,227.0,227.0,1.070e-61,1.440e-57,4.13,1.09,1.47e+04,1,1,
n28,n67,284,366,33.2,33.6,109.0,110.0,3.260e-26,2.570e-22,3.90,1,1.58e+04,1,1,
n28,n68,284,302,43.9,43.9,232.0,232.0,3.330e-63,4.480e-59,4.13,1.09,1.47e+04,1,1,
n28,n69,284,279,48.6,48.2,234.0,233.0,6.710e-64,2.010e-59,4.48,0.878,1.32e+04,1,1,
n28,n7,284,302,40.6,40.6,211.0,211.0,7.940e-57,1.070e-52,4.13,1.24,1.67e+04,1,1,
n28,n70,284,292,41.8,41.0,223.0,220.0,1.550e-60,1.760e-55,5.06,0.991,1.41e+04,1,1,
n28,n71,284,297,37.9,37.9,206.0,206.0,1.960e-55,2.640e-51,4.13,0.956,1.29e+04,1,1,
n28,n72,284,311,57.2,57.2,321.0,321.0,5.450e-90,7.340e-86,4.13,1.1,1.49e+04,1,1,
n28,n73,284,302,47.5,47.5,268.0,268.0,5.480e-74,7.370e-70,4.13,1.23,1.66e+04,1,1,
n28,n74,284,284,51.8,51.8,295.0,295.0,4.180e-82,5.630e-78,4.13,1.26,1.7e+04,1,1,
n28,n75,284,279,40.1,40.4,204.0,205.0,9.710e-55,5.870e-51,3.78,1.18,1.43e+04,1,1,
n28,n76,284,304,41.6,41.6,221.0,221.0,4.500e-60,6.060e-56,4.13,0.719,9.68e+03,1,1,
n28,n77,284,304,40.3,40.3,213.0,213.0,2.090e-57,2.820e-53,4.13,1.3,1.76e+04,1,1,
n28,n78,284,293,50.9,50.9,287.0,287.0,8.720e-80,1.170e-75,4.13,1.03,1.38e+04,1,1,
n28,n79,284,283,28.5,28.5,90.0,91.0,1.560e-20,1.240e-16,3.90,0.916,1.46e+04,0,0,
n28,n8,284,262,55.6,55.6,294.0,294.0,5.460e-82,7.360e-78,4.13,0.824,1.11e+04,1,1,
n28,n80,284,301,54.3,54.3,301.0,301.0,5.840e-84,7.860e-80,4.13,1.13,1.52e+04,1,1,
n28,n81,284,310,56.3,56.3,318.0,318.0,4.610e-89,6.210e-85,4.13,1.17,1.57e+04,1,1,
n28,n82,284,364,34.6,35.0,123.0,124.0,2.180e-30,1.720e-26,3.90,1.1,1.73e+04,1,1,
n28,n83,284,434,40.3,41.1,205.0,208.0,5.690e-55,9.060e-52,3.20,1.39,1.77e+04,1,1,
n28,n85,284,258,47.8,26.7,19.0,37.0,4.430e+01,2.120e+00,-1.32,1.1,1.38e+04,0,0,
n28,n86,284,273,40.5,40.5,198.0,198.0,4.080e-53,5.490e-49,4.13,0.777,1.05e+04,1,1,
n28,n87,284,286,67.2,67.2,360.0,360.0,8.110e-102,1.090e-97,4.13,0.903,1.21e+04,1,1,
n28,n88,284,282,40.4,40.4,204.0,203.0,9.710e-55,2.230e-50,4.36,1.18,1.36e+04,1,1,
n28,n89,284,308,39.4,42.0,201.0,210.0,8.220e-54,1.820e-52,1.35,1.25,1.42e+04,1,1,
n28,n9,284,315,51.7,55.0,294.0,294.0,9.320e-82,9.610e-78,4.01,1.41,1.45e+04,1,1,
n28,n90,284,258,26.2,26.2,60.0,60.0,1.330e-11,1.790e-07,4.13,0.727,9.79e+03,0,0,
n29,n1,319,290,42.2,49.7,216.0,261.0,2.120e-58,1.010e-67,-9.32,0.943,1.58e+04,1,1,
n29,n10,319,262,93.1,93.1,494.0,494.0,5.280e-142,7.110e-138,4.13,1.14,1.54e+04,1,1,
n29,n11,319,262,94.3,94.3,506.0,506.0,1.030e-145,1.380e-141,4.13,0.911,1.22e+04,1,1,
n29,n12,319,262,97.3,97.3,520.0,520.0,6.880e-150,9.260e-146,4.13,0.997,1.34e+04,1,1,
n29,n13,319,262,96.6,96.6,517.0,517.0,7.600e-149,1.020e-144,4.13,1.38,1.85e+04,1,1,
n29,n14,319,319,96.6,96.6,621.0,621.0,3.740e-180,5.030e-176,4.13,1.37,1.85e+04,1,1,
n29,n15,319,301,95.0,95.0,576.0,576.0,8.080e-167,1.090e-162,4.13,0.844,1.14e+04,1,1,
n29,n16,319,262,75.9,75.9,420.0,420.0,7.410e-120,9.990e-116,4.13,0.847,1.14e+04,1,1,
n29,n17,319,314,28.0,28.0,37.0,37.0,1.770e-04,2.380e+00,4.13,1.03,1.38e+04,0,0,
n29,n18,319,298,50.0,50.0,280.0,280.0,1.560e-77,2.110e-73,4.13,1.28,1.73e+04,1,1,
n29,n19,319,307,45.2,45.3,258.0,262.0,3.730e-71,3.480e-68,2.97,0.729,1.09e+04,1,1,
n29,n2,319,259,64.6,64.6,347.0,347.0,7.980e-98,1.070e-93,4.13,0.966,1.3e+04,1,1,
n29,n20,319,298,48.2,48.2,243.0,243.0,2.120e-66,2.850e-62,4.13,1.27,1.7e+04,1,1,
n29,n21,319,304,47.9,47.9,253.0,253.0,1.200e-69,1.620e-65,4.13,0.733,9.9e+03,1,1,
n29,n22,319,296,81.1,81.1,498.0,498.0,3.650e-143,4.920e-139,4.13,1.26,1.7e+04,1,1,
n29,n23,319,300,81.7,81.7,506.0,507.0,1.340e-145,1.060e-141,3.90,1.19,1.88e+04,1,1,
n29,n24,319,304,61.7,61.7,369.0,369.0,2.560e-104,3.450e-100,4.13,1.3,1.75e+04,1,1,
n29,n25,319,301,97.7,97.7,589.0,589.0,9.230e-171,1.240e-166,4.13,0.79,1.06e+04,1,1,
n29,n26,319,261,95.0,95.0,510.0,510.0,9.290e-147,1.250e-142,4.13,1.31,1.77e+04,1,1,
n29,n27,319,296,81.1,81.1,498.0,498.0,3.650e-143,4.920e-139,4.13,1.26,1.7e+04,1,1,
n29,n28,319,284,55.0,55.0,305.0,305.0,2.660e-85,3.580e-81,4.13,0.732,9.85e+03,1,1,
n29,n3,319,380,23.9,23.9,40.0,40.0,2.090e-05,2.810e-01,4.13,0.97,1.3e+04,0,0,
n29,n30,319,262,94.3,94.3,506.0,506.0,1.030e-145,1.380e-141,4.13,0.911,1.22e+04,1,1,
n29,n31,319,262,97.3,97.3,520.0,520.0,6.880e-150,9.260e-146,4.13,0.997,1.34e+04,1,1,
n29,n32,319,294,49.0,49.0,289.0,289.0,3.370e-80,4.530e-76,4.13,1.42,1.9e+04,1,1,
n29,n33,319,293,57.5,57.5,309.0,309.0,2.410e-86,3.240e-82,4.13,1.06,1.43e+04,1,1,
n29,n34,319,293,56.7,56.7,308.0,308.0,4.110e-86,5.530e-82,4.13,0.905,1.22e+04,1,1,
n29,n35,319,456,23.2,23.2,39.0,39.0,3.560e-05,4.790e-01,4.13,0.826,1.11e+04,0,0,
n29,n36,319,310,47.7,47.7,247.0,247.0,8.600e-68,1.160e-63,4.13,0.821,1.11e+04,1,1,
n29,n37,319,263,27.6,27.6,42.0,42.0,7.170e-06,9.650e-02,4.13,1.33,1.79e+04,0,0,
n29,n38,319,495,25.5,25.5,68.0,68.0,9.340e-14,1.260e-09,4.13,1.16,1.57e+04,0,0,
n29,n4,319,292,47.2,49.1,257.0,260.0,1.420e-70,2.260e-67,3.20,1.39,1.77e+04,1,1,
n29,n40,319,292,29.1,29.1,99.0,99.0,4.940e-23,6.660e-19,4.13,1.32,1.78e+04,0,0,
n29,n41,319,305,43.9,43.9,238.0,238.0,5.220e-65,7.030e-61,4.13,0.973,1.31e+04,1,1,
n29,n42,319,426,50.2,50.2,272.0,272.0,3.260e-75,4.390e-71,4.13,1.04,1.41e+04,1,1,
n29,n43,319,319,40.5,40.5,203.0,203.0,1.420e-54,1.920e-50,4.13,0.771,1.04e+04,1,1,
n29,n44,319,301,95.0,95.0,576.0,576.0,8.080e-167,1.090e-162,4.13,0.844,1.14e+04,1,1,
n29,n45,319,319,96.6,96.6,621.0,621.0,3.740e-180,5.030e-176,4.13,1.37,1.85e+04,1,1,
n29,n46,319,301,95.0,95.0,576.0,576.0,8.080e-167,1.090e-162,4.13,0.844,1.14e+04,1,1,
n29,n47,319,304,47.9,47.9,253.0,253.0,1.200e-69,1.620e-65,4.13,0.733,9.9e+03,1,1,
n29,n49,319,262,27.5,27.5,38.0,38.0,1.040e-04,1.390e+00,4.13,1.21,1.61e+04,0,0,
n29,n5,319,292,60.5,60.5,348.0,348.0,3.580e-98,4.820e-94,4.13,0.867,1.17e+04,1,1,
n29,n50,319,269,33.5,33.5,134.0,134.0,1.390e-33,1.870e-29,4.13,1.28,1.72e+04,1,1,
n29,n51,319,312,49.5,49.5,265.0,265.0,3.990e-73,5.370e-69,4.13,0.999,1.34e+04,1,1,
n29,n52,319,260,68.4,68.4,366.0,366.0,1.270e-103,1.710e-99,4.13,0.806,1.09e+04,1,1,
n29,n53,319,260,68.3,68.3,364.0,364.0,6.310e-103,8.490e-99,4.13,1,1.35e+04,1,1,
n29,n54,319,259,64.9,64.9,349.0,349.0,2.740e-98,3.690e-94,4.13,1.33,1.79e+04,1,1,
n29,n55,319,257,55.1,55.1,278.0,278.0,3.480e-77,4.690e-73,4.13,0.714,9.62e+03,1,1,
n29,n56,319,257,55.5,55.5,281.0,281.0,7.020e-78,9.460e-74,4.13,1.15,1.55e+04,1,1,
n29,n57,319,257,55.9,55.9,282.0,282.0,3.150e-78,4.240e-74,4.13,1.03,1.39e+04,1,1,
n29,n58,319,299,52.5,51.5,287.0,289.0,9.800e-80,4.530e-76,3.66,1.03,1.9e+04,1,1,
n29,n59,319,298,46.2,46.2,259.0,259.0,2.860e-71,3.850e-67,4.13,1.12,1.51e+04,1,1,
n29,n6,319,289,60.1,60.1,346.0,347.0,2.320e-97,1.070e-93,3.66,1.4,1.3e+04,1,1,
n29,n60,319,316,47.4,47.4,242.0,242.0,3.610e-66,4.870e-62,4.13,1.08,1.45e+04,1,1,
n29,n61,319,307,47.0,47.0,240.0,240.0,1.370e-65,1.850e-61,4.13,1.02,1.38e+04,1,1,
n29,n62,319,263,63.5,63.5,345.0,345.0,3.030e-97,4.080e-93,4.13,0.917,1.23e+04,1,1,
n29,n63,319,282,30.0,30.1,102.0,103.0,4.470e-24,3.530e-20,3.90,0.957,1.51e+04,1,1,
n29,n64,319,257,65.5,65.5,348.0,348.0,4.680e-98,6.300e-94,4.13,1.13,1.52e+04,1,1,
n29,n65,319,254,27.6,27.6,40.0,40.0,2.090e-05,2.810e-01,4.13,0.97,1.3e+04,0,0,
n29,n66,319,302,46.8,46.8,270.0,270.0,1.620e-74,2.180e-70,4.13,1.3,1.75e+04,1,1,
n29,n67,319,366,35.2,35.2,124.0,124.0,8.410e-31,1.130e-26,4.13,0.755,1.01e+04,1,1,
n29,n68,319,302,48.8,49.3,280.0,281.0,1.200e-77,7.240e-74,3.78,0.984,1.19e+04,1,1,
n29,n69,319,279,56.0,56.8,315.0,317.0,4.390e-88,1.190e-84,3.43,1.24,1.34e+04,1,1,
n29,n7,319,302,49.0,49.0,273.0,273.0,1.120e-75,1.510e-71,4.13,0.718,9.68e+03,1,1,
n29,n70,319,292,48.6,48.6,278.0,278.0,5.940e-77,8.000e-73,4.13,1.22,1.64e+04,1,1,
n29,n71,319,297,44.4,44.4,251.0,251.0,5.960e-69,8.020e-65,4.13,0.91,1.23e+04,1,1,
n29,n72,319,311,59.6,60.1,359.0,361.0,1.550e-101,5.500e-98,3.55,0.768,1.09e+04,1,1,
n29,n73,319,302,50.5,50.2,285.0,291.0,4.860e-79,7.000e-77,2.16,1.28,1.18e+04,1,1,
n29,n74,319,284,77.4,76.1,442.0,442.0,2.380e-126,3.200e-122,4.13,1.14,1.53e+04,1,1,
n29,n75,319,279,48.6,48.9,248.0,250.0,5.040e-68,2.330e-64,3.66,0.962,1.78e+04,1,1,
n29,n76,319,304,49.3,49.3,262.0,262.0,2.580e-72,3.480e-68,4.13,0.807,1.09e+04,1,1,
n29,n77,319,304,46.2,46.2,268.0,268.0,4.710e-74,6.340e-70,4.13,0.943,1.27e+04,1,1,
n29,n78,319,293,58.0,58.0,338.0,338.0,3.710e-95,4.990e-91,4.13,0.877,1.18e+04,1,1,
n29,n79,319,283,35.2,35.2,131.0,131.0,8.990e-33,1.210e-28,4.13,1.03,1.39e+04,1,1,
n29,n8,319,262,93.9,93.9,505.0,505.0,2.290e-145,3.080e-141,4.13,1.01,1.36e+04,1,1,
n29,n80,319,301,97.3,97.3,588.0,588.0,2.060e-170,2.770e-166,4.13,0.881,1.18e+04,1,1,
n29,n81,319,310,59.5,59.5,361.0,361.0,5.340e-102,7.190e-98,4.13,1.06,1.43e+04,1,1,
n29,n82,319,364,34.4,34.4,124.0,124.0,1.430e-30,1.930e-26,4.13,1.28,1.73e+04,1,1,
n29,n83,319,434,46.8,46.8,242.0,242.0,2.770e-66,3.730e-62,4.13,0.826,1.11e+04,1,1,
n29,n85,319,258,24.0,24.0,37.0,37.0,1.350e-04,1.820e+00,4.13,0.783,1.06e+04,0,0,
n29,n86,319,273,48.4,48.4,259.0,259.0,2.860e-71,3.850e-67,4.13,1.12,1.51e+04,1,1,
n29,n87,319,286,55.8,55.8,312.0,312.0,3.710e-87,5.000e-83,4.13,1.31,1.76e+04,1,1,
n29,n88,319,282,47.7,47.7,268.0,268.0,4.710e-74,6.340e-70,4.13,0.943,1.27e+04,1,1,
n29,n89,319,308,45.4,45.4,256.0,256.0,2.420e-70,3.260e-66,4.13,1.18,1.59e+04,1,1,
n29,n9,319,315,53.4,53.4,320.0,320.0,8.000e-90,1.080e-85,4.13,0.721,9.74e+03,1,1,
n29,n90,319,258,30.0,29.8,72.0,71.0,6.470e-15,1.490e-10,4.36,1.29,1.49e+04,1,0,lost_in_v12
n3,n10,380,262,23.1,23.1,30.0,30.0,3.360e-02,4.520e+02,4.13,1.28,1.72e+04,0,0,
n3,n11,380,262,22.0,22.0,34.0,34.0,1.360e-03,1.840e+01,4.13,0.828,1.12e+04,0,0,
n3,n12,380,262,23.7,23.7,39.0,39.0,5.540e-05,7.450e-01,4.13,1.08,1.45e+04,0,0,
n3,n128,380,365,24.6,53.3,34.0,32.0,1.360e-03,1.190e+02,4.94,0.828,1.81e+04,0,0,
n3,n13,380,262,22.9,22.9,35.0,35.0,6.120e-04,8.240e+00,4.13,0.745,1e+04,0,0,
n3,n14,380,319,22.7,22.7,39.0,39.0,5.540e-05,7.450e-01,4.13,1.08,1.45e+04,0,0,
n3,n15,380,301,22.0,22.0,34.0,34.0,1.360e-03,1.840e+01,4.13,0.828,1.12e+04,0,0,
n3,n16,380,262,22.9,22.3,31.0,32.0,1.510e-02,1.190e+02,3.90,1.15,1.81e+04,0,0,
n3,n18,380,298,25.3,25.3,39.0,39.0,5.540e-05,7.450e-01,4.13,1.08,1.45e+04,0,0,
n3,n20,380,298,21.8,21.8,37.0,37.0,1.610e-04,2.170e+00,4.13,0.784,1.06e+04,0,0,
n3,n22,380,296,21.7,21.7,40.0,40.0,3.250e-05,4.370e-01,4.13,1.27,1.7e+04,0,0,
n3,n23,380,300,21.7,21.7,43.0,43.0,2.940e-06,3.950e-02,4.13,0.917,1.23e+04,0,0,
n3,n24,380,304,25.7,25.7,48.0,48.0,9.120e-08,1.230e-03,4.13,0.91,1.23e+04,0,0,
n3,n25,380,301,24.3,24.3,41.0,41.0,1.460e-05,1.960e-01,4.13,1.14,1.53e+04,0,0,
n3,n26,380,261,22.2,22.2,36.0,36.0,3.590e-04,4.830e+00,4.13,0.874,1.18e+04,0,0,
n3,n27,380,296,21.7,21.7,40.0,40.0,3.250e-05,4.370e-01,4.13,1.27,1.7e+04,0,0,
n3,n29,380,319,23.9,23.9,40.0,40.0,2.480e-05,3.350e-01,4.13,0.966,1.31e+04,0,0,
n3,n30,380,262,22.0,22.0,34.0,34.0,1.360e-03,1.840e+01,4.13,0.828,1.12e+04,0,0,
n3,n31,380,262,23.7,23.7,39.0,39.0,5.540e-05,7.450e-01,4.13,1.08,1.45e+04,0,0,
n3,n32,380,294,28.4,28.4,46.0,46.0,4.530e-07,6.100e-03,4.13,1.13,1.52e+04,0,0,
n3,n33,380,293,27.4,27.4,37.0,37.0,1.610e-04,2.170e+00,4.13,0.784,1.06e+04,0,0,
n3,n35,380,456,95.1,95.1,695.0,695.0,1.860e-202,2.500e-198,4.13,1.08,1.46e+04,1,1,
n3,n36,380,310,31.0,31.0,33.0,33.0,3.040e-03,4.090e+01,4.13,0.925,1.25e+04,0,0,
n3,n37,380,263,32.9,32.9,91.0,91.0,1.230e-20,1.650e-16,4.13,1.08,1.45e+04,1,1,
n3,n39,380,257,27.7,26.5,47.0,47.0,1.560e-07,2.100e-03,4.13,0.778,1.05e+04,0,0,
n3,n41,380,305,22.7,22.7,37.0,37.0,1.610e-04,2.170e+00,4.13,0.784,1.06e+04,0,0,
n3,n42,380,426,25.7,25.7,35.0,35.0,6.120e-04,8.240e+00,4.13,0.745,1e+04,0,0,
n3,n43,380,319,31.3,31.3,39.0,39.0,5.540e-05,7.450e-01,4.13,1.08,1.45e+04,0,0,
n3,n44,380,301,22.0,22.0,34.0,34.0,1.360e-03,1.840e+01,4.13,0.828,1.12e+04,0,0,
n3,n45,380,319,22.7,22.7,39.0,39.0,5.540e-05,7.450e-01,4.13,1.08,1.45e+04,0,0,
n3,n46,380,301,22.0,22.0,34.0,34.0,1.360e-03,1.840e+01,4.13,0.828,1.12e+04,0,0,
n3,n5,380,292,22.4,22.4,34.0,34.0,1.360e-03,1.840e+01,4.13,0.828,1.12e+04,0,0,
n3,n51,380,312,25.2,25.2,34.0,34.0,1.360e-03,1.840e+01,4.13,0.828,1.12e+04,0,0,
n3,n52,380,260,24.1,24.1,42.0,42.0,8.540e-06,1.150e-01,4.13,1.33,1.79e+04,0,0,
n3,n53,380,260,24.1,24.1,40.0,40.0,2.480e-05,3.350e-01,4.13,0.966,1.31e+04,0,0,
n3,n55,380,257,27.0,27.0,40.0,40.0,2.480e-05,3.350e-01,4.13,0.966,1.31e+04,0,0,
n3,n56,380,257,26.1,26.1,41.0,41.0,1.460e-05,1.960e-01,4.13,1.14,1.53e+04,0,0,
n3,n57,380,257,27.0,27.0,42.0,42.0,8.540e-06,1.150e-01,4.13,1.33,1.79e+04,0,0,
n3,n6,380,289,26.6,26.6,32.0,32.0,6.770e-03,9.110e+01,4.13,1.03,1.39e+04,0,0,
n3,n60,380,316,27.0,27.0,41.0,41.0,1.460e-05,1.960e-01,4.13,1.14,1.53e+04,0,0,
n3,n61,380,307,26.1,26.1,49.0,49.0,6.990e-08,9.410e-04,4.13,1.39,1.88e+04,0,0,
n3,n66,380,302,24.8,24.8,38.0,38.0,9.440e-05,1.270e+00,4.13,0.92,1.24e+04,0,0,
n3,n67,380,366,30.2,30.2,35.0,35.0,1.040e-03,1.410e+01,4.13,1.27,1.72e+04,0,0,
n3,n68,380,302,27.0,27.0,39.0,39.0,4.240e-05,5.710e-01,4.13,0.826,1.11e+04,0,0,
n3,n69,380,279,22.2,22.2,29.0,29.0,4.390e-02,5.910e+02,4.13,0.835,1.12e+04,0,0,
n3,n7,380,302,27.9,27.9,39.0,39.0,4.240e-05,5.710e-01,4.13,0.826,1.11e+04,0,0,
n3,n72,380,311,25.3,25.3,48.0,48.0,1.190e-07,1.600e-03,4.13,1.19,1.6e+04,0,0,
n3,n73,380,302,28.3,27.7,52.0,51.0,8.250e-09,1.450e-04,4.24,1.32,1.16e+04,0,0,
n3,n74,380,284,23.0,23.0,42.0,42.0,6.540e-06,8.810e-02,4.13,1.02,1.37e+04,0,0,
n3,n76,380,304,24.5,24.5,36.0,36.0,3.590e-04,4.830e+00,4.13,0.874,1.18e+04,0,0,
n3,n77,380,304,25.6,25.6,39.0,39.0,5.540e-05,7.450e-01,4.13,1.08,1.45e+04,0,0,
n3,n8,380,262,22.2,22.2,36.0,36.0,4.690e-04,6.310e+00,4.13,1.14,1.54e+04,0,0,
n3,n80,380,301,22.9,22.9,37.0,37.0,1.610e-04,2.170e+00,4.13,0.784,1.06e+04,0,0,
n3,n82,380,364,28.0,28.0,36.0,36.0,3.590e-04,4.830e+00,4.13,0.874,1.18e+04,0,0,
n3,n83,380,434,28.5,28.5,38.0,38.0,9.440e-05,1.270e+00,4.13,0.92,1.24e+04,0,0,
n3,n85,380,258,42.7,42.7,79.0,79.0,3.700e-17,4.980e-13,4.13,0.793,1.07e+04,1,1,
n3,n89,380,308,27.6,27.6,44.0,44.0,1.320e-06,1.770e-02,4.13,0.823,1.1e+04,0,0,
n3,n9,380,315,26.2,26.8,42.0,43.0,6.540e-06,5.160e-02,3.90,1.02,1.61e+04,0,0,
n30,n1,262,290,51.1,51.1,257.0,257.0,8.920e-71,1.200e-66,4.13,1.06,1.43e+04,1,1,
n30,n10,262,262,98.5,98.5,520.0,520.0,7.380e-150,9.930e-146,4.13,1.3,1.75e+04,1,1,
n30,n11,262,262,100.0,100.0,533.0,533.0,4.940e-154,6.650e-150,4.13,0.714,9.61e+03,1,1,
n30,n12,262,262,93.1,93.1,502.0,502.0,2.080e-144,2.800e-140,4.13,1.4,1.88e+04,1,1,
n30,n127,262,433,30.8,30.8,39.0,39.0,2.920e-05,3.940e-01,4.13,0.825,1.11e+04,0,0,
n30,n13,262,262,97.7,97.7,523.0,523.0,5.110e-151,6.880e-147,4.13,0.721,9.71e+03,1,1,
n30,n14,262,319,93.1,93.1,500.0,500.0,7.900e-144,1.060e-139,4.13,1.33,1.78e+04,1,1,
n30,n15,262,301,100.0,100.0,532.0,532.0,1.880e-153,2.530e-149,4.13,1.36,1.83e+04,1,1,
n30,n16,262,262,75.2,75.2,418.0,418.0,3.020e-119,4.070e-115,4.13,1.05,1.42e+04,1,1,
n30,n17,262,314,23.4,33.3,25.0,42.0,7.450e-01,6.070e-02,-1.09,1.28,1.37e+04,0,0,
n30,n18,262,298,52.0,52.0,278.0,278.0,3.740e-77,5.030e-73,4.13,0.934,1.26e+04,1,1,
n30,n19,262,307,46.8,46.8,250.0,250.0,1.090e-68,1.470e-64,4.13,1.01,1.37e+04,1,1,
n30,n2,262,259,64.8,64.8,351.0,351.0,5.930e-99,7.980e-95,4.13,1.4,1.88e+04,1,1,
n30,n20,262,298,49.1,49.1,243.0,243.0,1.330e-66,1.790e-62,4.13,0.966,1.3e+04,1,1,
n30,n21,262,304,52.4,52.4,252.0,252.0,2.870e-69,3.860e-65,4.13,1.07,1.44e+04,1,1,
n30,n22,262,296,83.1,83.1,457.0,457.0,4.500e-131,6.050e-127,4.13,0.861,1.16e+04,1,1,
n30,n23,262,300,82.4,82.4,451.0,451.0,3.220e-129,4.340e-125,4.13,0.962,1.3e+04,1,1,
n30,n24,262,304,65.3,65.3,359.0,359.0,2.180e-101,2.930e-97,4.13,1.32,1.77e+04,1,1,
n30,n25,262,301,92.3,92.3,497.0,497.0,6.690e-143,9.000e-139,4.13,1.41,1.89e+04,1,1,
n30,n26,262,261,99.2,99.2,528.0,528.0,2.070e-152,2.790e-148,4.13,0.935,1.26e+04,1,1,
n30,n27,262,296,83.1,83.1,457.0,457.0,4.500e-131,6.050e-127,4.13,0.861,1.16e+04,1,1,
n30,n28,262,284,56.0,56.0,297.0,297.0,7.780e-83,1.050e-78,4.13,1.02,1.37e+04,1,1,
n30,n29,262,319,94.3,94.3,506.0,506.0,8.440e-146,1.140e-141,4.13,0.909,1.23e+04,1,1,
n30,n3,262,380,22.0,22.0,34.0,34.0,9.400e-04,1.270e+01,4.13,0.83,1.12e+04,0,0,
n30,n31,262,262,93.1,93.1,502.0,502.0,2.080e-144,2.800e-140,4.13,1.4,1.88e+04,1,1,
n30,n32,262,294,51.0,51.0,275.0,275.0,4.130e-76,5.570e-72,4.13,1.29,1.74e+04,1,1,
n30,n33,262,293,60.1,60.1,308.0,308.0,4.400e-86,5.930e-82,4.13,1.18,1.59e+04,1,1,
n30,n34,262,293,60.1,60.1,306.0,306.0,1.670e-85,2.250e-81,4.13,1.12,1.51e+04,1,1,
n30,n35,262,456,21.3,21.3,36.0,36.0,3.230e-04,4.350e+00,4.13,1.14,1.54e+04,0,0,
n30,n36,262,310,48.9,48.9,250.0,250.0,1.090e-68,1.470e-64,4.13,1.01,1.37e+04,1,1,
n30,n37,262,263,28.0,27.2,39.0,39.0,3.820e-05,5.140e-01,4.13,1.08,1.45e+04,0,0,
n30,n38,262,495,26.8,26.8,71.0,71.0,9.060e-15,1.220e-10,4.13,1.1,1.48e+04,0,0,
n30,n4,262,292,49.4,49.4,258.0,258.0,4.000e-71,5.390e-67,4.13,0.952,1.28e+04,1,1,
n30,n40,262,292,30.5,30.5,101.0,101.0,6.260e-24,8.430e-20,4.13,0.816,1.1e+04,1,1,
n30,n41,262,305,48.7,48.7,245.0,245.0,2.680e-67,3.620e-63,4.13,0.779,1.05e+04,1,1,
n30,n42,262,426,51.9,51.9,281.0,281.0,5.770e-78,7.770e-74,4.13,1.15,1.55e+04,1,1,
n30,n43,262,319,44.2,44.2,202.0,202.0,2.610e-54,3.510e-50,4.13,0.862,1.16e+04,1,1,
n30,n44,262,301,100.0,100.0,532.0,532.0,1.880e-153,2.530e-149,4.13,1.36,1.83e+04,1,1,
n30,n45,262,319,93.1,93.1,500.0,500.0,7.900e-144,1.060e-139,4.13,1.33,1.78e+04,1,1,
n30,n46,262,301,100.0,100.0,532.0,532.0,1.880e-153,2.530e-149,4.13,1.36,1.83e+04,1,1,
n30,n47,262,304,52.4,52.4,252.0,252.0,2.870e-69,3.860e-65,4.13,1.07,1.44e+04,1,1,
n30,n49,262,262,28.2,28.2,35.0,35.0,4.220e-04,5.680e+00,4.13,0.745,1e+04,0,0,
n30,n5,262,292,61.2,61.2,334.0,334.0,5.740e-94,7.730e-90,4.13,1.03,1.39e+04,1,1,
n30,n50,262,269,33.7,33.7,135.0,135.0,3.910e-34,5.270e-30,4.13,0.875,1.18e+04,1,1,
n30,n51,262,312,53.0,53.0,267.0,267.0,8.620e-74,1.160e-69,4.13,1.05,1.41e+04,1,1,
n30,n52,262,260,67.8,67.8,365.0,365.0,2.320e-103,3.130e-99,4.13,0.896,1.21e+04,1,1,
n30,n53,262,260,68.4,68.4,366.0,366.0,1.780e-103,2.400e-99,4.13,1.38,1.85e+04,1,1,
n30,n54,262,259,64.8,64.8,352.0,352.0,2.660e-99,3.580e-95,4.13,1.25,1.69e+04,1,1,
n30,n55,262,257,54.9,54.9,284.0,284.0,5.220e-79,7.020e-75,4.13,0.834,1.12e+04,1,1,
n30,n56,262,257,54.9,54.9,286.0,286.0,1.790e-79,2.410e-75,4.13,1.14,1.54e+04,1,1,
n30,n57,262,257,55.7,55.7,287.0,287.0,6.160e-80,8.300e-76,4.13,0.787,1.06e+04,1,1,
n30,n58,262,299,54.0,54.0,279.0,279.0,2.190e-77,2.950e-73,4.13,1.09,1.47e+04,1,1,
n30,n59,262,298,49.1,49.1,252.0,252.0,3.750e-69,5.050e-65,4.13,1.39,1.88e+04,1,1,
n30,n6,262,289,61.5,61.5,339.0,339.0,2.330e-95,3.140e-91,4.13,1.34,1.81e+04,1,1,
n30,n60,262,316,47.8,47.8,247.0,247.0,1.210e-67,1.620e-63,4.13,1.41,1.88e+04,1,1,
n30,n61,262,307,46.6,46.6,240.0,240.0,8.640e-66,1.160e-61,4.13,0.785,1.05e+04,1,1,
n30,n62,262,263,63.6,63.6,342.0,342.0,1.610e-96,2.170e-92,4.13,0.741,9.99e+03,1,1,
n30,n63,262,282,31.1,31.1,105.0,105.0,5.660e-25,7.630e-21,4.13,1.18,1.59e+04,1,1,
n30,n64,262,257,65.9,65.9,351.0,351.0,4.540e-99,6.110e-95,4.13,1.07,1.44e+04,1,1,
n30,n65,262,254,28.4,28.4,44.0,44.0,9.080e-07,1.220e-02,4.13,0.821,1.1e+04,0,0,
n30,n66,262,302,50.2,50.2,263.0,263.0,1.630e-72,2.190e-68,4.13,1.24,1.67e+04,1,1,
n30,n67,262,366,35.2,35.2,127.0,127.0,1.390e-31,1.870e-27,4.13,1.22,1.64e+04,1,1,
n30,n68,262,302,52.0,52.0,274.0,274.0,5.400e-76,7.270e-72,4.13,0.843,1.13e+04,1,1,
n30,n69,262,279,60.8,60.8,315.0,315.0,2.110e-88,2.850e-84,4.13,0.724,9.78e+03,1,1,
n30,n7,262,302,52.2,52.2,270.0,270.0,1.330e-74,1.790e-70,4.13,1.3,1.75e+04,1,1,
n30,n70,262,292,49.1,49.1,266.0,266.0,1.920e-73,2.590e-69,4.13,1.17,1.58e+04,1,1,
n30,n71,262,297,47.5,47.5,249.0,249.0,2.430e-68,3.270e-64,4.13,1.13,1.52e+04,1,1,
n30,n72,262,311,61.1,61.1,338.0,338.0,3.970e-95,5.350e-91,4.13,1.14,1.54e+04,1,1,
n30,n73,262,302,53.4,53.4,284.0,284.0,6.810e-79,9.170e-75,4.13,1.09,1.47e+04,1,1,
n30,n74,262,284,79.7,79.7,431.0,431.0,2.640e-123,3.560e-119,4.13,0.753,1.01e+04,1,1,
n30,n75,262,279,49.8,49.8,243.0,243.0,1.740e-66,2.340e-62,4.13,1.26,1.7e+04,1,1,
n30,n76,262,304,49.8,49.8,262.0,262.0,3.620e-72,4.880e-68,4.13,1.38,1.86e+04,1,1,
n30,n77,262,304,50.7,50.7,266.0,266.0,1.920e-73,2.590e-69,4.13,1.17,1.58e+04,1,1,
n30,n78,262,293,60.2,60.2,325.0,325.0,3.480e-91,4.690e-87,4.13,1.22,1.65e+04,1,1,
n30,n79,262,283,34.0,34.0,127.0,127.0,8.160e-32,1.100e-27,4.13,0.714,9.62e+03,1,1,
n30,n8,262,262,98.9,98.9,525.0,525.0,2.290e-151,3.090e-147,4.13,1.29,1.74e+04,1,1,
n30,n80,262,301,97.3,97.3,520.0,520.0,5.650e-150,7.610e-146,4.13,0.997,1.34e+04,1,1,
n30,n81,262,310,64.0,64.0,352.0,352.0,2.660e-99,3.580e-95,4.13,1.25,1.69e+04,1,1,
n30,n82,262,364,34.2,34.2,127.0,127.0,1.390e-31,1.870e-27,4.13,1.22,1.64e+04,1,1,
n30,n83,262,434,48.7,48.7,231.0,231.0,5.240e-63,7.060e-59,4.13,0.929,1.25e+04,1,1,
n30,n85,262,258,25.2,25.2,39.0,39.0,4.980e-05,6.710e-01,4.13,1.41,1.9e+04,0,0,
n30,n86,262,273,49.8,49.8,256.0,256.0,1.520e-70,2.050e-66,4.13,0.905,1.22e+04,1,1,
n30,n87,262,286,59.5,59.5,309.0,309.0,1.510e-86,2.040e-82,4.13,0.81,1.09e+04,1,1,
n30,n88,262,282,50.6,50.6,264.0,264.0,7.290e-73,9.820e-69,4.13,1.11,1.5e+04,1,1,
n30,n89,262,308,49.4,49.4,257.0,257.0,8.920e-71,1.200e-66,4.13,1.06,1.43e+04,1,1,
n30,n9,262,315,59.7,59.7,317.0,317.0,7.260e-89,9.780e-85,4.13,0.996,1.34e+04,1,1,
n30,n90,262,258,26.2,27.0,62.0,61.0,4.210e-12,9.670e-08,4.36,0.998,1.15e+04,0,0,
n31,n1,262,290,49.6,49.6,251.0,251.0,4.890e-69,6.590e-65,4.13,0.91,1.23e+04,1,1,
n31,n10,262,262,91.6,91.6,488.0,488.0,3.110e-140,4.180e-136,4.13,1.28,1.72e+04,1,1,
n31,n11,262,262,93.1,93.1,502.0,502.0,2.080e-144,2.800e-140,4.13,1.4,1.88e+04,1,1,
n31,n12,262,262,100.0,100.0,537.0,537.0,5.830e-155,7.850e-151,4.13,1.35,1.82e+04,1,1,
n31,n127,262,433,29.4,29.4,33.0,33.0,2.090e-03,2.820e+01,4.13,0.923,1.25e+04,0,0,
n31,n13,262,262,94.7,94.7,509.0,509.0,9.970e-147,1.340e-142,4.13,0.859,1.15e+04,1,1,
n31,n14,262,319,100.0,100.0,535.0,535.0,2.220e-154,2.980e-150,4.13,1.28,1.72e+04,1,1,
n31,n15,262,301,93.1,93.1,500.0,500.0,7.900e-144,1.060e-139,4.13,1.33,1.78e+04,1,1,
n31,n16,262,262,76.7,76.7,427.0,427.0,4.980e-122,6.710e-118,4.13,0.887,1.2e+04,1,1,
n31,n17,262,314,29.0,29.0,39.0,39.0,4.980e-05,6.710e-01,4.13,1.41,1.9e+04,0,0,
n31,n18,262,298,49.8,49.8,268.0,268.0,3.870e-74,5.210e-70,4.13,0.943,1.27e+04,1,1,
n31,n19,262,307,48.0,48.0,253.0,253.0,1.290e-69,1.730e-65,4.13,0.96,1.29e+04,1,1,
n31,n2,262,259,64.0,64.0,345.0,345.0,3.250e-97,4.380e-93,4.13,1.2,1.61e+04,1,1,
n31,n20,262,298,48.0,48.0,239.0,239.0,1.920e-65,2.590e-61,4.13,0.872,1.18e+04,1,1,
n31,n21,262,304,50.8,50.8,248.0,248.0,5.410e-68,7.290e-64,4.13,1.26,1.69e+04,1,1,
n31,n22,262,296,85.8,85.8,474.0,474.0,3.550e-136,4.790e-132,4.13,0.89,1.2e+04,1,1,
n31,n23,262,300,85.8,85.8,473.0,473.0,6.060e-136,8.160e-132,4.13,0.76,1.02e+04,1,1,
n31,n24,262,304,66.0,66.0,365.0,365.0,2.320e-103,3.130e-99,4.13,0.896,1.21e+04,1,1,
n31,n25,262,301,99.2,99.2,532.0,532.0,1.880e-153,2.530e-149,4.13,1.36,1.83e+04,1,1,
n31,n26,262,261,93.1,93.1,500.0,500.0,4.630e-144,6.240e-140,4.13,0.779,1.05e+04,1,1,
n31,n27,262,296,85.8,85.8,474.0,474.0,3.550e-136,4.790e-132,4.13,0.89,1.2e+04,1,1,
n31,n28,262,284,56.0,56.0,298.0,298.0,4.560e-83,6.140e-79,4.13,1.19,1.61e+04,1,1,
n31,n29,262,319,97.3,97.3,520.0,520.0,5.650e-150,7.610e-146,4.13,0.997,1.34e+04,1,1,
n31,n3,262,380,23.7,23.7,39.0,39.0,3.820e-05,5.140e-01,4.13,1.08,1.45e+04,0,0,
n31,n30,262,262,93.1,93.1,502.0,502.0,2.080e-144,2.800e-140,4.13,1.4,1.88e+04,1,1,
n31,n32,262,294,50.2,50.2,270.0,270.0,7.790e-75,1.050e-70,4.13,0.76,1.02e+04,1,1,
n31,n33,262,293,58.8,58.8,303.0,303.0,1.420e-84,1.910e-80,4.13,1.19,1.6e+04,1,1,
n31,n34,262,293,58.8,58.8,300.0,300.0,9.180e-84,1.240e-79,4.13,0.961,1.3e+04,1,1,
n31,n35,262,456,22.4,22.4,40.0,40.0,2.240e-05,3.010e-01,4.13,1.27,1.7e+04,0,0,
n31,n36,262,310,47.7,47.7,247.0,247.0,7.070e-68,9.520e-64,4.13,0.822,1.11e+04,1,1,
n31,n37,262,263,28.3,28.3,41.0,41.0,7.690e-06,1.040e-01,4.13,0.869,1.18e+04,0,0,
n31,n38,262,495,26.0,26.0,69.0,69.0,3.440e-14,4.640e-10,4.13,1.04,1.41e+04,0,0,
n31,n4,262,292,48.7,48.7,253.0,253.0,1.290e-69,1.730e-65,4.13,0.96,1.29e+04,1,1,
n31,n40,262,292,31.1,31.1,100.0,100.0,1.820e-23,2.450e-19,4.13,1.19,1.6e+04,1,1,
n31,n41,262,305,47.2,47.2,237.0,237.0,7.310e-65,9.850e-61,4.13,0.83,1.12e+04,1,1,
n31,n42,262,426,50.4,50.4,273.0,273.0,1.200e-75,1.620e-71,4.13,0.936,1.26e+04,1,1,
n31,n43,262,319,44.1,44.1,203.0,203.0,2.000e-54,2.690e-50,4.13,1.32,1.78e+04,1,1,
n31,n44,262,301,93.1,93.1,500.0,500.0,7.900e-144,1.060e-139,4.13,1.33,1.78e+04,1,1,
n31,n45,262,319,100.0,100.0,535.0,535.0,2.220e-154,2.980e-150,4.13,1.28,1.72e+04,1,1,
n31,n46,262,301,93.1,93.1,500.0,500.0,7.900e-144,1.060e-139,4.13,1.33,1.78e+04,1,1,
n31,n47,262,304,50.8,50.8,248.0,248.0,5.410e-68,7.290e-64,4.13,1.26,1.69e+04,1,1,
n31,n49,262,262,28.2,28.2,38.0,38.0,6.510e-05,8.770e-01,4.13,0.92,1.24e+04,0,0,
n31,n5,262,292,60.8,60.8,333.0,333.0,1.280e-93,1.720e-89,4.13,1.15,1.55e+04,1,1,
n31,n50,262,269,35.3,34.3,137.0,138.0,1.030e-34,1.060e-30,4.01,0.922,1.9e+04,1,1,
n31,n51,262,312,51.9,51.9,265.0,265.0,4.280e-73,5.760e-69,4.13,1.3,1.76e+04,1,1,
n31,n52,262,260,67.0,67.0,359.0,359.0,1.670e-101,2.240e-97,4.13,1.01,1.35e+04,1,1,
n31,n53,262,260,66.9,66.9,359.0,359.0,2.180e-101,2.930e-97,4.13,1.32,1.77e+04,1,1,
n31,n54,262,259,64.0,64.0,346.0,346.0,1.460e-97,1.970e-93,4.13,1.08,1.45e+04,1,1,
n31,n55,262,257,54.3,54.3,280.0,280.0,7.530e-78,1.010e-73,4.13,0.752,1.01e+04,1,1,
n31,n56,262,257,54.7,54.7,282.0,282.0,1.980e-78,2.670e-74,4.13,0.791,1.07e+04,1,1,
n31,n57,262,257,55.1,55.1,283.0,283.0,8.900e-79,1.200e-74,4.13,0.711,9.59e+03,1,1,
n31,n58,262,299,53.6,53.6,275.0,275.0,3.160e-76,4.260e-72,4.13,0.986,1.33e+04,1,1,
n31,n59,262,298,48.3,48.3,251.0,251.0,4.890e-69,6.590e-65,4.13,0.91,1.23e+04,1,1,
n31,n6,262,289,61.1,61.1,338.0,338.0,3.970e-95,5.350e-91,4.13,1.14,1.54e+04,1,1,
n31,n60,262,316,47.4,47.4,243.0,243.0,1.740e-66,2.340e-62,4.13,1.26,1.7e+04,1,1,
n31,n61,262,307,46.6,46.6,239.0,239.0,1.920e-65,2.590e-61,4.13,0.872,1.18e+04,1,1,
n31,n62,262,263,62.8,62.8,339.0,339.0,2.330e-95,3.140e-91,4.13,1.34,1.81e+04,1,1,
n31,n63,262,282,29.8,29.8,98.0,98.0,6.920e-23,9.320e-19,4.13,1.13,1.52e+04,0,0,
n31,n64,262,257,64.7,64.7,342.0,342.0,2.750e-96,3.710e-92,4.13,1.27,1.71e+04,1,1,
n31,n65,262,254,27.7,27.7,39.0,39.0,3.820e-05,5.140e-01,4.13,1.08,1.45e+04,0,0,
n31,n66,262,302,50.2,50.2,267.0,267.0,1.130e-73,1.520e-69,4.13,1.38,1.85e+04,1,1,
n31,n67,262,366,35.7,35.7,127.0,127.0,1.070e-31,1.440e-27,4.13,0.936,1.26e+04,1,1,
n31,n68,262,302,51.7,51.7,277.0,277.0,1.090e-76,1.460e-72,4.13,1.36,1.82e+04,1,1,
n31,n69,262,279,61.2,61.2,310.0,310.0,1.160e-86,1.560e-82,4.13,1.24,1.67e+04,1,1,
n31,n7,262,302,51.9,51.9,270.0,270.0,1.020e-74,1.370e-70,4.13,0.995,1.34e+04,1,1,
n31,n70,262,292,48.7,48.7,263.0,263.0,1.240e-72,1.680e-68,4.13,0.945,1.28e+04,1,1,
n31,n71,262,297,46.8,46.8,248.0,248.0,3.170e-68,4.270e-64,4.13,0.737,9.93e+03,1,1,
n31,n72,262,311,61.5,61.5,338.0,338.0,3.040e-95,4.100e-91,4.13,0.875,1.18e+04,1,1,
n31,n73,262,302,53.1,53.1,283.0,283.0,8.900e-79,1.200e-74,4.13,0.711,9.59e+03,1,1,
n31,n74,262,284,79.7,79.7,429.0,429.0,1.000e-122,1.350e-118,4.13,0.713,9.62e+03,1,1,
n31,n75,262,279,49.0,49.0,236.0,236.0,2.130e-64,2.860e-60,4.13,1.21,1.62e+04,1,1,
n31,n76,262,304,49.4,49.4,265.0,265.0,4.280e-73,5.760e-69,4.13,1.3,1.76e+04,1,1,
n31,n77,262,304,50.0,50.0,266.0,266.0,1.470e-73,1.980e-69,4.13,0.896,1.21e+04,1,1,
n31,n78,262,293,59.8,59.8,322.0,322.0,2.950e-90,3.970e-86,4.13,1.3,1.74e+04,1,1,
n31,n79,262,283,36.0,36.0,135.0,135.0,5.110e-34,6.880e-30,4.13,1.14,1.54e+04,1,1,
n31,n8,262,262,92.7,92.7,497.0,497.0,5.120e-143,6.890e-139,4.13,1.08,1.45e+04,1,1,
n31,n80,262,301,94.3,94.3,506.0,506.0,1.100e-145,1.480e-141,4.13,1.18,1.59e+04,1,1,
n31,n81,262,310,62.8,62.8,343.0,343.0,9.460e-97,1.270e-92,4.13,0.871,1.17e+04,1,1,
n31,n82,262,364,35.2,35.2,129.0,129.0,2.800e-32,3.780e-28,4.13,0.98,1.32e+04,1,1,
n31,n83,262,434,47.1,47.1,223.0,223.0,1.090e-60,1.470e-56,4.13,0.755,1.02e+04,1,1,
n31,n85,262,258,27.1,28.6,32.0,37.0,4.670e-03,2.550e+00,2.74,1.03,1.8e+04,0,0,
n31,n86,262,273,49.8,49.8,260.0,260.0,1.050e-71,1.420e-67,4.13,1,1.35e+04,1,1,
n31,n87,262,286,59.1,59.1,305.0,305.0,2.190e-85,2.940e-81,4.13,0.734,9.85e+03,1,1,
n31,n88,262,282,50.9,50.9,265.0,265.0,2.510e-73,3.380e-69,4.13,0.765,1.03e+04,1,1,
n31,n89,262,308,48.7,48.7,255.0,255.0,3.390e-70,4.560e-66,4.13,1.01,1.36e+04,1,1,
n31,n9,262,315,59.3,59.3,307.0,307.0,5.750e-86,7.750e-82,4.13,0.771,1.04e+04,1,1,
n31,n90,262,258,29.1,29.0,71.0,70.0,6.940e-15,1.590e-10,4.36,0.842,9.65e+03,0,0,
n32,n1,294,290,44.5,44.5,225.0,225.0,3.230e-61,4.340e-57,4.13,0.798,1.07e+04,1,1,
n32,n10,294,262,49.8,49.8,263.0,263.0,1.820e-72,2.460e-68,4.13,1.24,1.67e+04,1,1,
n32,n11,294,262,51.0,51.0,275.0,275.0,4.640e-76,6.250e-72,4.13,1.29,1.74e+04,1,1,
n32,n12,294,262,50.2,50.2,270.0,270.0,8.750e-75,1.180e-70,4.13,0.76,1.03e+04,1,1,
n32,n13,294,262,50.2,50.2,270.0,270.0,8.750e-75,1.180e-70,4.13,0.76,1.03e+04,1,1,
n32,n14,294,319,49.3,49.3,289.0,289.0,3.100e-80,4.180e-76,4.13,1.41,1.9e+04,1,1,
n32,n15,294,301,49.7,49.7,292.0,292.0,2.150e-81,2.890e-77,4.13,0.784,1.05e+04,1,1,
n32,n16,294,262,52.9,52.9,285.0,285.0,3.430e-79,4.620e-75,4.13,0.977,1.32e+04,1,1,
n32,n17,294,314,29.0,29.0,40.0,40.0,1.920e-05,2.590e-01,4.13,0.967,1.3e+04,0,0,
n32,n18,294,298,43.5,47.3,226.0,253.0,1.890e-61,2.540e-65,-3.87,0.934,1.68e+04,1,1,
n32,n19,294,307,42.3,42.8,223.0,224.0,1.600e-60,1.260e-56,3.90,0.988,1.56e+04,1,1,
n32,n2,294,259,51.9,51.9,287.0,287.0,9.030e-80,1.220e-75,4.13,1.03,1.39e+04,1,1,
n32,n20,294,298,40.9,40.9,203.0,203.0,2.240e-54,3.020e-50,4.13,1.32,1.78e+04,1,1,
n32,n21,294,304,42.1,42.1,221.0,221.0,7.950e-60,1.070e-55,4.13,1.23,1.65e+04,1,1,
n32,n22,294,296,52.9,52.9,299.0,299.0,2.300e-83,3.090e-79,4.13,1.07,1.44e+04,1,1,
n32,n23,294,300,51.0,50.9,287.0,290.0,9.030e-80,1.100e-76,3.09,1.03,1e+04,1,1,
n32,n24,294,304,50.0,50.0,292.0,292.0,3.670e-81,4.940e-77,4.13,1.34,1.8e+04,1,1,
n32,n25,294,301,49.0,49.0,288.0,288.0,5.290e-80,7.130e-76,4.13,1.21,1.62e+04,1,1,
n32,n26,294,261,50.6,50.6,272.0,272.0,2.300e-75,3.100e-71,4.13,0.8,1.08e+04,1,1,
n32,n27,294,296,52.9,52.9,299.0,299.0,2.300e-83,3.090e-79,4.13,1.07,1.44e+04,1,1,
n32,n28,294,284,47.7,47.7,255.0,255.0,2.910e-70,3.920e-66,4.13,0.772,1.04e+04,1,1,
n32,n29,294,319,49.0,49.0,289.0,289.0,3.100e-80,4.180e-76,4.13,1.41,1.9e+04,1,1,
n32,n3,294,380,28.4,28.4,46.0,46.0,3.500e-07,4.720e-03,4.13,1.13,1.52e+04,0,0,
n32,n30,294,262,51.0,51.0,275.0,275.0,4.640e-76,6.250e-72,4.13,1.29,1.74e+04,1,1,
n32,n31,294,262,50.2,50.2,270.0,270.0,8.750e-75,1.180e-70,4.13,0.76,1.03e+04,1,1,
n32,n33,294,293,51.1,51.1,279.0,279.0,2.460e-77,3.310e-73,4.13,1.09,1.47e+04,1,1,
n32,n34,294,293,49.8,49.8,271.0,271.0,5.130e-75,6.900e-71,4.13,0.892,1.2e+04,1,1,
n32,n36,294,310,41.3,41.0,214.0,211.0,9.710e-58,1.110e-52,5.06,1.17,1.67e+04,1,1,
n32,n37,294,263,28.7,28.7,45.0,45.0,7.800e-07,1.050e-02,4.13,1.26,1.69e+04,0,0,
n32,n38,294,495,23.2,23.2,72.0,72.0,5.960e-15,8.030e-11,4.13,1.29,1.74e+04,0,0,
n32,n4,294,292,44.4,44.4,225.0,225.0,3.230e-61,4.340e-57,4.13,0.798,1.07e+04,1,1,
n32,n40,294,292,25.3,25.3,89.0,89.0,4.710e-20,6.350e-16,4.13,1.34,1.8e+04,0,0,
n32,n41,294,305,38.4,38.4,200.0,200.0,1.900e-53,2.550e-49,4.13,1.4,1.88e+04,1,1,
n32,n42,294,426,45.0,45.0,235.0,235.0,5.320e-64,7.160e-60,4.13,1.35,1.81e+04,1,1,
n32,n43,294,319,37.6,37.6,171.0,171.0,7.220e-45,9.720e-41,4.13,0.99,1.33e+04,1,1,
n32,n44,294,301,49.7,49.7,292.0,292.0,2.150e-81,2.890e-77,4.13,0.784,1.05e+04,1,1,
n32,n45,294,319,49.3,49.3,289.0,289.0,3.100e-80,4.180e-76,4.13,1.41,1.9e+04,1,1,
n32,n46,294,301,49.7,49.7,292.0,292.0,2.150e-81,2.890e-77,4.13,0.784,1.05e+04,1,1,
n32,n47,294,304,42.1,42.1,221.0,221.0,7.950e-60,1.070e-55,4.13,1.23,1.65e+04,1,1,
n32,n5,294,292,51.9,51.9,300.0,300.0,1.030e-83,1.390e-79,4.13,0.961,1.3e+04,1,1,
n32,n50,294,269,27.8,27.8,99.0,99.0,3.490e-23,4.700e-19,4.13,1.01,1.36e+04,0,0,
n32,n51,294,312,44.6,44.6,233.0,233.0,2.020e-63,2.720e-59,4.13,1.28,1.72e+04,1,1,
n32,n52,294,260,54.4,54.4,284.0,284.0,7.640e-79,1.030e-74,4.13,1.09,1.47e+04,1,1,
n32,n53,294,260,52.1,52.1,278.0,278.0,3.210e-77,4.320e-73,4.13,0.714,9.61e+03,1,1,
n32,n54,294,259,52.1,52.1,288.0,288.0,4.050e-80,5.460e-76,4.13,0.923,1.24e+04,1,1,
n32,n55,294,257,46.7,46.7,248.0,248.0,4.650e-68,6.260e-64,4.13,0.963,1.3e+04,1,1,
n32,n56,294,257,46.7,46.7,249.0,249.0,2.720e-68,3.670e-64,4.13,1.13,1.52e+04,1,1,
n32,n57,294,257,47.1,47.1,251.0,251.0,5.490e-69,7.390e-65,4.13,0.91,1.22e+04,1,1,
n32,n58,294,299,43.9,43.9,237.0,237.0,1.070e-64,1.440e-60,4.13,1.08,1.46e+04,1,1,
n32,n59,294,298,40.3,39.6,209.0,206.0,3.120e-56,3.560e-51,5.06,1.18,1.68e+04,1,1,
n32,n6,294,289,55.6,55.6,323.0,323.0,1.140e-90,1.530e-86,4.13,0.892,1.2e+04,1,1,
n32,n60,294,316,44.0,44.0,216.0,216.0,1.960e-58,2.640e-54,4.13,0.946,1.27e+04,1,1,
n32,n61,294,307,43.1,43.3,227.0,227.0,1.110e-61,1.140e-57,4.01,1.1,1.13e+04,1,1,
n32,n62,294,263,54.4,54.4,292.0,292.0,2.150e-81,2.890e-77,4.13,0.784,1.05e+04,1,1,
n32,n63,294,282,26.8,26.8,90.0,91.0,2.120e-20,1.280e-16,3.78,1.2,1.45e+04,0,0,
n32,n64,294,257,58.0,58.0,307.0,307.0,1.100e-85,1.480e-81,4.13,1.31,1.77e+04,1,1,
n32,n66,294,302,44.0,44.0,242.0,242.0,4.350e-66,5.860e-62,4.13,1.41,1.9e+04,1,1,
n32,n67,294,366,33.7,33.7,145.0,145.0,5.540e-37,7.460e-33,4.13,1.13,1.52e+04,1,1,
n32,n68,294,302,45.5,45.5,242.0,242.0,4.350e-66,5.860e-62,4.13,1.41,1.9e+04,1,1,
n32,n69,294,279,44.4,44.4,240.0,240.0,1.650e-65,2.230e-61,4.13,1.34,1.8e+04,1,1,
n32,n7,294,302,44.3,44.3,228.0,228.0,4.980e-62,6.700e-58,4.13,0.984,1.32e+04,1,1,
n32,n70,294,292,45.3,45.3,256.0,256.0,1.710e-70,2.300e-66,4.13,0.907,1.22e+04,1,1,
n32,n71,294,297,42.7,42.3,216.0,213.0,1.500e-58,1.710e-53,5.06,0.724,1.03e+04,1,1,
n32,n72,294,311,54.5,54.5,312.0,312.0,2.620e-87,3.530e-83,4.13,1,1.35e+04,1,1,
n32,n73,294,302,46.2,50.9,247.0,268.0,7.930e-68,7.630e-70,-2.02,0.822,1.66e+04,1,1,
n32,n74,294,284,53.1,53.1,303.0,303.0,1.590e-84,2.140e-80,4.13,1.19,1.6e+04,1,1,
n32,n75,294,279,38.5,41.0,184.0,197.0,6.310e-49,1.270e-48,0.30,0.709,1.17e+04,1,1,
n32,n76,294,304,47.7,48.3,230.0,231.0,1.000e-62,7.920e-59,3.90,0.79,1.25e+04,1,1,
n32,n77,294,304,45.5,45.3,241.0,240.0,7.420e-66,1.310e-61,4.25,1.2,1.06e+04,1,1,
n32,n78,294,293,48.4,48.4,263.0,263.0,1.820e-72,2.460e-68,4.13,1.24,1.67e+04,1,1,
n32,n79,294,283,27.4,27.8,92.0,93.0,3.260e-21,2.580e-17,3.90,0.739,1.17e+04,0,0,
n32,n8,294,262,50.6,50.6,272.0,272.0,2.300e-75,3.100e-71,4.13,0.8,1.08e+04,1,1,
n32,n80,294,301,49.0,49.0,289.0,289.0,2.380e-80,3.200e-76,4.13,1.08,1.46e+04,1,1,
n32,n81,294,310,51.6,51.6,294.0,294.0,5.660e-82,7.620e-78,4.13,0.825,1.11e+04,1,1,
n32,n82,294,364,34.0,34.0,143.0,143.0,1.610e-36,2.170e-32,4.13,0.822,1.11e+04,1,1,
n32,n83,294,434,43.6,43.6,224.0,224.0,9.390e-61,1.260e-56,4.13,1.16,1.56e+04,1,1,
n32,n85,294,258,26.6,26.6,41.0,41.0,8.630e-06,1.160e-01,4.13,0.869,1.17e+04,0,0,
n32,n86,294,273,44.5,44.1,221.0,218.0,4.660e-60,5.310e-55,5.06,0.719,1.02e+04,1,1,
n32,n87,294,286,51.6,51.6,284.0,284.0,7.640e-79,1.030e-74,4.13,1.09,1.47e+04,1,1,
n32,n88,294,282,44.3,44.3,242.0,242.0,4.350e-66,5.860e-62,4.13,1.41,1.9e+04,1,1,
n32,n89,294,308,42.8,42.8,232.0,232.0,3.450e-63,4.640e-59,4.13,1.09,1.47e+04,1,1,
n32,n9,294,315,49.8,49.8,282.0,282.0,3.790e-78,5.110e-74,4.13,1.35,1.82e+04,1,1,
n32,n90,294,258,28.0,28.0,70.0,70.0,1.330e-14,1.790e-10,4.13,0.719,9.68e+03,0,0,
n33,n1,293,290,47.3,47.3,247.0,247.0,7.900e-68,1.060e-63,4.13,0.821,1.1e+04,1,1,
n33,n10,293,262,59.7,59.7,303.0,303.0,1.580e-84,2.130e-80,4.13,1.18,1.6e+04,1,1,
n33,n11,293,262,60.1,60.1,308.0,308.0,4.930e-86,6.630e-82,4.13,1.18,1.59e+04,1,1,
n33,n12,293,262,58.8,58.8,303.0,303.0,1.580e-84,2.130e-80,4.13,1.18,1.6e+04,1,1,
n33,n13,293,262,59.3,59.3,303.0,303.0,1.210e-84,1.630e-80,4.13,0.906,1.22e+04,1,1,
n33,n133,293,335,23.6,23.6,37.0,37.0,2.120e-04,2.850e+00,4.13,1.34,1.8e+04,0,0,
n33,n14,293,319,57.1,57.1,309.0,309.0,2.890e-86,3.890e-82,4.13,1.39,1.86e+04,1,1,
n33,n15,293,301,58.2,58.2,314.0,314.0,8.980e-88,1.210e-83,4.13,1.38,1.86e+04,1,1,
n33,n16,293,262,61.3,61.3,309.0,309.0,1.690e-86,2.280e-82,4.13,0.81,1.09e+04,1,1,
n33,n17,293,314,23.9,30.7,33.0,43.0,2.340e-03,3.050e-02,1.12,0.924,1.23e+04,0,0,
n33,n18,293,298,46.7,48.6,244.0,246.0,6.690e-67,2.370e-63,3.55,0.869,1.23e+04,1,1,
n33,n19,293,307,45.9,45.9,244.0,244.0,6.690e-67,9.010e-63,4.13,0.869,1.17e+04,1,1,
n33,n2,293,259,54.7,54.7,279.0,279.0,1.880e-77,2.530e-73,4.13,0.839,1.13e+04,1,1,
n33,n20,293,298,41.6,41.6,206.0,206.0,1.550e-55,2.080e-51,4.13,0.733,9.83e+03,1,1,
n33,n21,293,304,47.4,49.5,245.0,248.0,3.000e-67,4.780e-64,3.20,0.78,9.94e+03,1,1,
n33,n22,293,296,58.5,58.1,319.0,323.0,1.640e-89,1.530e-86,2.97,0.805,1.2e+04,1,1,
n33,n23,293,300,56.3,56.0,314.0,314.0,6.870e-88,7.090e-84,4.01,1.05,1.09e+04,1,1,
n33,n24,293,304,54.4,54.4,294.0,294.0,7.360e-82,9.910e-78,4.13,1.08,1.45e+04,1,1,
n33,n25,293,301,56.7,56.7,308.0,308.0,4.930e-86,6.630e-82,4.13,1.18,1.59e+04,1,1,
n33,n26,293,261,59.9,59.9,306.0,306.0,1.430e-85,1.930e-81,4.13,0.857,1.16e+04,1,1,
n33,n27,293,296,58.5,58.1,319.0,323.0,1.640e-89,1.530e-86,2.97,0.805,1.2e+04,1,1,
n33,n28,293,284,47.1,47.1,253.0,253.0,1.440e-69,1.940e-65,4.13,0.958,1.29e+04,1,1,
n33,n29,293,319,57.5,57.5,309.0,309.0,1.690e-86,2.280e-82,4.13,0.81,1.09e+04,1,1,
n33,n3,293,380,27.4,27.4,37.0,37.0,1.240e-04,1.670e+00,4.13,0.783,1.05e+04,0,0,
n33,n30,293,262,60.1,60.1,308.0,308.0,4.930e-86,6.630e-82,4.13,1.18,1.59e+04,1,1,
n33,n31,293,262,58.8,58.8,303.0,303.0,1.580e-84,2.130e-80,4.13,1.18,1.6e+04,1,1,
n33,n32,293,294,51.1,51.1,279.0,279.0,2.450e-77,3.300e-73,4.13,1.09,1.47e+04,1,1,
n33,n34,293,293,92.2,92.2,547.0,547.0,3.690e-158,4.970e-154,4.13,0.781,1.05e+04,1,1,
n33,n35,293,456,25.9,25.9,35.0,35.0,4.720e-04,6.360e+00,4.13,0.745,1e+04,0,0,
n33,n36,293,310,42.9,42.9,225.0,225.0,5.480e-61,7.390e-57,4.13,1.36,1.83e+04,1,1,
n33,n37,293,263,28.2,28.5,41.0,42.0,8.600e-06,5.200e-02,3.78,0.869,1.05e+04,0,0,
n33,n38,293,495,25.5,24.9,73.0,73.0,2.670e-15,3.590e-11,4.13,1.16,1.56e+04,0,0,
n33,n4,293,292,47.5,47.5,233.0,233.0,1.180e-63,1.590e-59,4.13,0.749,1.01e+04,1,1,
n33,n40,293,292,23.5,28.6,29.0,87.0,3.380e-02,1.410e-15,-13.38,0.834,1e+04,0,0,
n33,n41,293,305,44.4,44.4,228.0,228.0,3.800e-62,5.120e-58,4.13,0.753,1.02e+04,1,1,
n33,n42,293,426,45.5,45.5,257.0,257.0,9.970e-71,1.340e-66,4.13,1.06,1.43e+04,1,1,
n33,n43,293,319,43.4,43.4,193.0,193.0,2.310e-51,3.110e-47,4.13,1.33,1.79e+04,1,1,
n33,n44,293,301,58.2,58.2,314.0,314.0,8.980e-88,1.210e-83,4.13,1.38,1.86e+04,1,1,
n33,n45,293,319,57.1,57.1,309.0,309.0,2.890e-86,3.890e-82,4.13,1.39,1.86e+04,1,1,
n33,n46,293,301,58.2,58.2,314.0,314.0,8.980e-88,1.210e-83,4.13,1.38,1.86e+04,1,1,
n33,n47,293,304,47.4,49.5,245.0,248.0,3.000e-67,4.780e-64,3.20,0.78,9.94e+03,1,1,
n33,n5,293,292,58.2,59.0,305.0,311.0,3.190e-85,6.000e-83,2.27,0.956,1.15e+04,1,1,
n33,n50,293,269,32.1,32.1,134.0,134.0,7.460e-34,1.010e-29,4.13,0.747,1.01e+04,1,1,
n33,n51,293,312,46.4,46.4,247.0,247.0,1.350e-67,1.820e-63,4.13,1.4,1.89e+04,1,1,
n33,n52,293,260,59.0,59.0,292.0,292.0,3.650e-81,4.920e-77,4.13,1.33,1.8e+04,1,1,
n33,n53,293,260,56.9,56.9,298.0,298.0,5.100e-83,6.870e-79,4.13,1.19,1.61e+04,1,1,
n33,n54,293,259,55.4,55.4,283.0,283.0,1.700e-78,2.290e-74,4.13,1.21,1.64e+04,1,1,
n33,n55,293,257,47.1,47.1,220.0,220.0,1.030e-59,1.390e-55,4.13,0.798,1.08e+04,1,1,
n33,n56,293,257,48.0,48.0,223.0,223.0,1.600e-60,2.150e-56,4.13,0.991,1.33e+04,1,1,
n33,n57,293,257,47.5,47.5,223.0,223.0,2.080e-60,2.810e-56,4.13,1.29,1.74e+04,1,1,
n33,n58,293,299,48.9,49.6,245.0,247.0,5.120e-67,1.060e-63,3.32,1.33,1.1e+04,1,1,
n33,n59,293,298,45.3,45.3,245.0,245.0,5.120e-67,6.900e-63,4.13,1.33,1.79e+04,1,1,
n33,n6,293,289,56.7,56.9,308.0,308.0,4.930e-86,5.080e-82,4.01,1.18,1.22e+04,1,1,
n33,n60,293,316,48.5,48.5,231.0,231.0,7.650e-63,1.030e-58,4.13,1.21,1.63e+04,1,1,
n33,n61,293,307,46.9,46.9,231.0,231.0,7.650e-63,1.030e-58,4.13,1.21,1.63e+04,1,1,
n33,n62,293,263,59.0,59.0,305.0,305.0,3.190e-85,4.300e-81,4.13,0.956,1.29e+04,1,1,
n33,n63,293,282,29.7,29.7,97.0,97.0,1.720e-22,2.320e-18,4.13,1.25,1.69e+04,0,0,
n33,n64,293,257,60.9,60.9,289.0,289.0,3.090e-80,4.170e-76,4.13,1.41,1.91e+04,1,1,
n33,n65,293,254,29.3,29.3,39.0,39.0,5.570e-05,7.510e-01,4.13,1.41,1.9e+04,0,0,
n33,n66,293,302,47.6,47.8,252.0,253.0,4.190e-69,1.940e-65,3.67,1.39,1.29e+04,1,1,
n33,n67,293,366,36.0,36.0,157.0,157.0,1.400e-40,1.890e-36,4.13,1.18,1.59e+04,1,1,
n33,n68,293,302,48.0,48.0,256.0,256.0,2.220e-70,2.990e-66,4.13,1.18,1.59e+04,1,1,
n33,n69,293,279,51.2,51.2,272.0,272.0,3.910e-75,5.270e-71,4.13,1.36,1.84e+04,1,1,
n33,n7,293,302,46.6,46.6,248.0,248.0,4.630e-68,6.240e-64,4.13,0.963,1.3e+04,1,1,
n33,n70,293,292,51.6,51.3,266.0,266.0,1.640e-73,2.210e-69,4.13,0.894,1.2e+04,1,1,
n33,n71,293,297,46.2,46.2,242.0,242.0,2.540e-66,3.420e-62,4.13,0.825,1.11e+04,1,1,
n33,n72,293,311,54.9,54.9,294.0,292.0,9.610e-82,3.770e-77,4.59,1.41,1.38e+04,1,1,
n33,n73,293,302,49.4,49.4,254.0,254.0,8.440e-70,1.140e-65,4.13,1.12,1.52e+04,1,1,
n33,n74,293,284,56.4,56.4,302.0,302.0,3.530e-84,4.750e-80,4.13,1.32,1.78e+04,1,1,
n33,n75,293,279,41.3,43.0,204.0,216.0,7.670e-55,2.010e-54,0.42,0.906,9.73e+03,1,1,
n33,n76,293,304,47.0,47.0,251.0,251.0,7.150e-69,9.620e-65,4.13,1.19,1.6e+04,1,1,
n33,n77,293,304,46.4,46.4,246.0,246.0,1.760e-67,2.370e-63,4.13,0.915,1.23e+04,1,1,
n33,n78,293,293,50.7,50.7,273.0,273.0,1.340e-75,1.810e-71,4.13,0.935,1.26e+04,1,1,
n33,n79,293,283,31.9,31.9,126.0,126.0,3.470e-31,4.670e-27,4.13,1.36,1.83e+04,1,1,
n33,n8,293,262,60.7,60.7,308.0,308.0,3.770e-86,5.080e-82,4.13,0.904,1.22e+04,1,1,
n33,n80,293,301,57.5,57.5,310.0,310.0,1.300e-86,1.750e-82,4.13,1.25,1.68e+04,1,1,
n33,n81,293,310,53.6,53.6,303.0,303.0,1.580e-84,2.130e-80,4.13,1.18,1.6e+04,1,1,
n33,n82,293,364,40.2,40.2,169.0,169.0,3.570e-44,4.810e-40,4.13,1.23,1.65e+04,1,1,
n33,n83,293,434,47.5,47.5,224.0,224.0,9.360e-61,1.260e-56,4.13,1.16,1.56e+04,1,1,
n33,n85,293,258,26.6,26.6,35.0,35.0,4.720e-04,6.360e+00,4.13,0.745,1e+04,0,0,
n33,n86,293,273,45.6,45.6,237.0,237.0,8.180e-65,1.100e-60,4.13,0.83,1.12e+04,1,1,
n33,n87,293,286,51.4,51.4,277.0,277.0,7.130e-77,9.600e-73,4.13,0.796,1.07e+04,1,1,
n33,n88,293,282,45.3,45.3,239.0,239.0,2.810e-65,3.780e-61,4.13,1.14,1.53e+04,1,1,
n33,n89,293,308,43.8,43.6,228.0,228.0,6.480e-62,6.680e-58,4.01,1.28,1.32e+04,1,1,
n33,n9,293,315,55.6,55.6,300.0,300.0,1.340e-83,1.810e-79,4.13,1.25,1.69e+04,1,1,
n33,n90,293,258,25.3,25.3,67.0,66.0,1.910e-13,4.390e-09,4.36,1.3,1.49e+04,0,0,
n34,n1,293,290,44.7,44.7,232.0,232.0,3.440e-63,4.630e-59,4.13,1.09,1.47e+04,1,1,
n34,n10,293,262,59.7,59.7,301.0,301.0,6.020e-84,8.110e-80,4.13,1.13,1.52e+04,1,1,
n34,n11,293,262,60.1,60.1,306.0,306.0,1.870e-85,2.520e-81,4.13,1.12,1.51e+04,1,1,
n34,n12,293,262,58.8,58.8,300.0,300.0,1.030e-83,1.380e-79,4.13,0.964,1.29e+04,1,1,
n34,n13,293,262,59.3,59.3,301.0,301.0,6.020e-84,8.110e-80,4.13,1.13,1.52e+04,1,1,
n34,n133,293,335,25.6,25.6,39.0,39.0,5.570e-05,7.510e-01,4.13,1.41,1.9e+04,0,0,
n34,n14,293,319,56.4,56.4,308.0,308.0,3.770e-86,5.080e-82,4.13,0.904,1.22e+04,1,1,
n34,n15,293,301,57.4,57.4,313.0,313.0,1.170e-87,1.580e-83,4.13,0.897,1.21e+04,1,1,
n34,n16,293,262,59.7,59.7,299.0,299.0,2.990e-83,4.020e-79,4.13,1.4,1.88e+04,1,1,
n34,n17,293,314,23.8,30.4,27.0,39.0,1.680e-01,5.750e-01,0.53,1.04,1.45e+04,0,0,
n34,n18,293,298,46.8,46.8,235.0,235.0,5.300e-64,7.140e-60,4.13,1.35,1.81e+04,1,1,
n34,n19,293,307,44.5,44.5,235.0,235.0,4.060e-64,5.460e-60,4.13,1.03,1.39e+04,1,1,
n34,n2,293,259,52.7,52.7,270.0,270.0,1.140e-74,1.530e-70,4.13,0.994,1.33e+04,1,1,
n34,n20,293,298,39.5,40.9,187.0,197.0,1.270e-49,1.650e-48,1.11,1.15,1.52e+04,1,1,
n34,n21,293,304,47.1,47.1,232.0,232.0,3.440e-63,4.630e-59,4.13,1.09,1.47e+04,1,1,
n34,n22,293,296,57.5,57.9,310.0,319.0,9.930e-87,2.880e-85,1.46,0.952,1.41e+04,1,1,
n34,n23,293,300,54.2,54.2,305.0,305.0,2.440e-85,3.290e-81,4.13,0.731,9.86e+03,1,1,
n34,n24,293,304,53.3,53.3,295.0,295.0,2.530e-82,3.410e-78,4.13,0.74,9.98e+03,1,1,
n34,n25,293,301,56.0,56.0,307.0,307.0,1.100e-85,1.480e-81,4.13,1.32,1.77e+04,1,1,
n34,n26,293,261,59.9,59.9,304.0,304.0,9.290e-85,1.250e-80,4.13,1.39,1.87e+04,1,1,
n34,n27,293,296,57.5,57.9,310.0,319.0,9.930e-87,2.880e-85,1.46,0.952,1.41e+04,1,1,
n34,n28,293,284,45.7,45.7,241.0,241.0,7.400e-66,9.960e-62,4.13,1.2,1.62e+04,1,1,
n34,n29,293,319,56.7,56.7,309.0,309.0,2.890e-86,3.890e-82,4.13,1.39,1.86e+04,1,1,
n34,n30,293,262,60.1,60.1,306.0,306.0,1.870e-85,2.520e-81,4.13,1.12,1.51e+04,1,1,
n34,n31,293,262,58.8,58.8,300.0,300.0,1.030e-83,1.380e-79,4.13,0.964,1.29e+04,1,1,
n34,n32,293,294,49.8,49.8,271.0,271.0,5.110e-75,6.880e-71,4.13,0.891,1.2e+04,1,1,
n34,n33,293,293,92.2,92.2,547.0,547.0,3.690e-158,4.970e-154,4.13,0.781,1.05e+04,1,1,
n34,n36,293,310,41.6,41.6,216.0,216.0,1.490e-58,2.010e-54,4.13,0.721,9.73e+03,1,1,
n34,n4,293,292,46.2,46.2,222.0,222.0,3.550e-60,4.790e-56,4.13,1.1,1.48e+04,1,1,
n34,n40,293,292,18.5,26.3,24.0,84.0,1.420e+00,2.030e-14,-13.84,1.1,1.8e+04,0,0,
n34,n41,293,305,43.5,43.5,216.0,216.0,1.950e-58,2.630e-54,4.13,0.944,1.27e+04,1,1,
n34,n42,293,426,46.0,46.0,246.0,246.0,2.300e-67,3.100e-63,4.13,1.2,1.61e+04,1,1,
n34,n43,293,319,42.1,42.1,181.0,181.0,5.320e-48,7.170e-44,4.13,0.749,1.01e+04,1,1,
n34,n44,293,301,57.4,57.4,313.0,313.0,1.170e-87,1.580e-83,4.13,0.897,1.21e+04,1,1,
n34,n45,293,319,56.4,56.4,308.0,308.0,3.770e-86,5.080e-82,4.13,0.904,1.22e+04,1,1,
n34,n46,293,301,57.4,57.4,313.0,313.0,1.170e-87,1.580e-83,4.13,0.897,1.21e+04,1,1,
n34,n47,293,304,47.1,47.1,232.0,232.0,3.440e-63,4.630e-59,4.13,1.09,1.47e+04,1,1,
n34,n5,293,292,57.6,57.6,301.0,301.0,4.610e-84,6.210e-80,4.13,0.863,1.16e+04,1,1,
n34,n50,293,269,34.8,34.8,134.0,134.0,7.460e-34,1.010e-29,4.13,0.747,1.01e+04,1,1,
n34,n51,293,312,46.8,46.8,240.0,240.0,1.650e-65,2.220e-61,4.13,1.34,1.8e+04,1,1,
n34,n52,293,260,59.0,59.0,287.0,287.0,9.000e-80,1.210e-75,4.13,1.03,1.38e+04,1,1,
n34,n53,293,260,56.1,56.1,290.0,290.0,8.140e-81,1.100e-76,4.13,0.744,1.01e+04,1,1,
n34,n54,293,259,53.1,53.1,273.0,273.0,1.760e-75,2.370e-71,4.13,1.23,1.65e+04,1,1,
n34,n55,293,257,42.6,43.3,204.0,204.0,1.000e-54,1.350e-50,4.13,1.18,1.6e+04,1,1,
n34,n56,293,257,43.3,44.1,206.0,206.0,1.550e-55,2.080e-51,4.13,0.733,9.83e+03,1,1,
n34,n57,293,257,43.3,44.1,208.0,208.0,5.310e-56,7.150e-52,4.13,1,1.35e+04,1,1,
n34,n58,293,299,48.5,48.5,239.0,239.0,2.810e-65,3.780e-61,4.13,1.14,1.53e+04,1,1,
n34,n59,293,298,46.1,44.9,235.0,235.0,5.300e-64,4.180e-60,3.90,1.35,1.06e+04,1,1,
n34,n6,293,289,56.9,56.9,304.0,304.0,5.450e-85,7.330e-81,4.13,0.816,1.1e+04,1,1,
n34,n60,293,316,42.8,42.8,220.0,220.0,1.350e-59,1.820e-55,4.13,1.05,1.41e+04,1,1,
n34,n61,293,307,42.8,42.8,220.0,220.0,1.030e-59,1.390e-55,4.13,0.798,1.08e+04,1,1,
n34,n62,293,263,56.7,56.7,294.0,294.0,9.610e-82,1.290e-77,4.13,1.41,1.89e+04,1,1,
n34,n63,293,282,25.5,25.5,84.0,84.0,1.510e-18,2.030e-14,4.13,1.34,1.8e+04,0,0,
n34,n64,293,257,59.7,59.7,280.0,280.0,8.420e-78,1.130e-73,4.13,0.752,1.01e+04,1,1,
n34,n65,293,254,27.3,27.3,35.0,35.0,8.050e-04,1.080e+01,4.13,1.27,1.71e+04,0,0,
n34,n66,293,302,45.2,45.2,238.0,238.0,6.260e-65,6.460e-61,4.01,1.27,1.31e+04,1,1,
n34,n67,293,366,37.2,37.2,154.0,154.0,6.970e-40,9.390e-36,4.13,0.732,9.86e+03,1,1,
n34,n68,293,302,46.0,46.0,241.0,241.0,5.660e-66,7.630e-62,4.13,0.919,1.24e+04,1,1,
n34,n69,293,279,51.9,51.9,268.0,268.0,3.310e-74,4.460e-70,4.13,0.722,9.72e+03,1,1,
n34,n7,293,302,44.5,44.5,234.0,234.0,6.920e-64,9.320e-60,4.13,0.878,1.18e+04,1,1,
n34,n70,293,292,50.5,50.5,252.0,252.0,2.460e-69,3.310e-65,4.13,0.818,1.1e+04,1,1,
n34,n71,293,297,45.8,45.8,235.0,235.0,5.300e-64,7.140e-60,4.13,1.35,1.81e+04,1,1,
n34,n72,293,311,51.4,52.2,272.0,278.0,3.910e-75,7.350e-73,2.27,1.36,1.64e+04,1,1,
n34,n73,293,302,48.2,48.2,248.0,248.0,3.550e-68,4.780e-64,4.13,0.738,9.94e+03,1,1,
n34,n74,293,284,55.3,55.3,292.0,292.0,2.140e-81,2.880e-77,4.13,0.783,1.05e+04,1,1,
n34,n75,293,279,39.2,40.9,191.0,204.0,5.150e-51,1.350e-50,0.42,0.743,1.6e+04,1,1,
n34,n76,293,304,45.5,45.5,241.0,241.0,7.400e-66,9.960e-62,4.13,1.2,1.62e+04,1,1,
n34,n77,293,304,44.9,44.9,235.0,235.0,4.060e-64,5.460e-60,4.13,1.03,1.39e+04,1,1,
n34,n78,293,293,49.7,49.7,265.0,265.0,4.780e-73,6.440e-69,4.13,1.3,1.75e+04,1,1,
n34,n79,293,283,32.7,32.7,124.0,124.0,1.320e-30,1.770e-26,4.13,1.29,1.73e+04,1,1,
n34,n8,293,262,60.3,60.3,305.0,305.0,2.440e-85,3.290e-81,4.13,0.731,9.86e+03,1,1,
n34,n80,293,301,56.7,56.7,309.0,309.0,2.210e-86,2.980e-82,4.13,1.06,1.43e+04,1,1,
n34,n81,293,310,53.4,53.4,295.0,295.0,4.320e-82,5.810e-78,4.13,1.26,1.7e+04,1,1,
n34,n82,293,364,39.4,39.4,162.0,162.0,4.370e-42,5.880e-38,4.13,1.17,1.58e+04,1,1,
n34,n83,293,434,43.8,43.8,205.0,205.0,4.500e-55,6.060e-51,4.13,1.06,1.43e+04,1,1,
n34,n86,293,273,45.2,45.2,230.0,230.0,1.700e-62,2.300e-58,4.13,1.35,1.82e+04,1,1,
n34,n87,293,286,50.0,50.0,267.0,267.0,7.380e-74,9.940e-70,4.13,0.804,1.08e+04,1,1,
n34,n88,293,282,48.8,48.8,240.0,240.0,1.260e-65,1.700e-61,4.13,1.02,1.38e+04,1,1,
n34,n89,293,308,42.0,42.2,216.0,216.0,2.550e-58,2.010e-54,3.90,1.23,9.73e+03,1,1,
n34,n9,293,315,53.4,53.4,283.0,283.0,9.950e-79,1.340e-74,4.13,0.711,9.57e+03,1,1,
n35,n11,456,262,21.3,21.3,36.0,36.0,5.620e-04,7.570e+00,4.13,1.14,1.54e+04,0,0,
n35,n12,456,262,22.4,22.4,40.0,40.0,3.890e-05,5.240e-01,4.13,1.26,1.7e+04,0,0,
n35,n128,456,365,26.5,32.4,33.0,31.0,2.790e-03,2.440e+02,4.94,0.708,1.55e+04,0,0,
n35,n13,456,262,21.7,21.7,36.0,36.0,4.310e-04,5.800e+00,4.13,0.875,1.18e+04,0,0,
n35,n14,456,319,22.4,22.4,40.0,40.0,3.890e-05,5.240e-01,4.13,1.26,1.7e+04,0,0,
n35,n15,456,301,21.3,21.3,36.0,36.0,5.620e-04,7.570e+00,4.13,1.14,1.54e+04,0,0,
n35,n16,456,262,22.1,21.8,33.0,33.0,4.760e-03,3.760e+01,3.90,1.21,9.54e+03,0,0,
n35,n18,456,298,24.7,24.7,38.0,38.0,1.480e-04,1.990e+00,4.13,1.2,1.62e+04,0,0,
n35,n22,456,296,21.4,21.4,42.0,42.0,1.020e-05,1.380e-01,4.13,1.32,1.79e+04,0,0,
n35,n23,456,300,21.0,21.0,44.0,44.0,2.700e-06,3.630e-02,4.13,1.4,1.89e+04,0,0,
n35,n24,456,304,23.3,23.3,47.0,47.0,1.870e-07,2.520e-03,4.13,0.777,1.05e+04,0,0,
n35,n25,456,301,22.9,22.9,42.0,42.0,1.020e-05,1.380e-01,4.13,1.32,1.79e+04,0,0,
n35,n26,456,261,21.7,21.7,39.0,39.0,8.680e-05,1.170e+00,4.13,1.41,1.9e+04,0,0,
n35,n27,456,296,21.4,21.4,42.0,42.0,1.020e-05,1.380e-01,4.13,1.32,1.79e+04,0,0,
n35,n29,456,319,23.2,23.2,39.0,39.0,5.090e-05,6.850e-01,4.13,0.826,1.11e+04,0,0,
n35,n3,456,380,95.1,95.1,695.0,695.0,2.230e-202,3.000e-198,4.13,1.08,1.46e+04,1,1,
n35,n30,456,262,21.3,21.3,36.0,36.0,5.620e-04,7.570e+00,4.13,1.14,1.54e+04,0,0,
n35,n31,456,262,22.4,22.4,40.0,40.0,3.890e-05,5.240e-01,4.13,1.26,1.7e+04,0,0,
n35,n33,456,293,25.9,25.9,35.0,35.0,7.340e-04,9.890e+00,4.13,0.745,1e+04,0,0,
n35,n36,456,310,25.4,25.4,35.0,35.0,7.340e-04,9.890e+00,4.13,0.745,1e+04,0,0,
n35,n37,456,263,37.9,32.4,37.0,91.0,1.930e-04,2.590e-16,-11.87,0.783,1.89e+04,0,1,gained_in_v12
n35,n39,456,257,28.7,27.3,49.0,49.0,4.910e-08,6.620e-04,4.13,0.816,1.1e+04,0,0,
n35,n41,456,305,22.4,22.4,36.0,36.0,5.620e-04,7.570e+00,4.13,1.14,1.54e+04,0,0,
n35,n42,456,426,25.0,25.0,34.0,34.0,1.640e-03,2.200e+01,4.13,0.832,1.12e+04,0,0,
n35,n43,456,319,30.4,30.4,38.0,38.0,1.480e-04,1.990e+00,4.13,1.2,1.62e+04,0,0,
n35,n44,456,301,21.3,21.3,36.0,36.0,5.620e-04,7.570e+00,4.13,1.14,1.54e+04,0,0,
n35,n45,456,319,22.4,22.4,40.0,40.0,3.890e-05,5.240e-01,4.13,1.26,1.7e+04,0,0,
n35,n46,456,301,21.3,21.3,36.0,36.0,5.620e-04,7.570e+00,4.13,1.14,1.54e+04,0,0,
n35,n49,456,262,30.1,30.1,35.0,35.0,1.250e-03,1.690e+01,4.13,1.27,1.71e+04,0,0,
n35,n5,456,292,21.4,21.4,34.0,34.0,2.140e-03,2.880e+01,4.13,1.09,1.46e+04,0,0,
n35,n51,456,312,25.2,25.2,33.0,33.0,2.790e-03,3.760e+01,4.13,0.708,9.54e+03,0,0,
n35,n52,456,260,23.1,23.1,41.0,41.0,1.750e-05,2.350e-01,4.13,1.14,1.53e+04,0,0,
n35,n53,456,260,23.1,23.1,39.0,39.0,5.090e-05,6.850e-01,4.13,0.826,1.11e+04,0,0,
n35,n55,456,257,27.5,27.5,39.0,39.0,5.090e-05,6.850e-01,4.13,0.826,1.11e+04,0,0,
n35,n56,456,257,24.5,24.5,40.0,40.0,2.980e-05,4.020e-01,4.13,0.968,1.31e+04,0,0,
n35,n57,456,257,27.5,27.5,41.0,41.0,1.750e-05,2.350e-01,4.13,1.14,1.53e+04,0,0,
n35,n6,456,289,26.6,26.6,32.0,32.0,1.060e-02,1.430e+02,4.13,1.34,1.81e+04,0,0,
n35,n67,456,366,25.4,28.4,32.0,33.0,1.060e-02,6.410e+01,3.78,1.34,1.63e+04,0,0,
n35,n7,456,302,26.2,26.2,37.0,37.0,1.930e-04,2.600e+00,4.13,0.783,1.06e+04,0,0,
n35,n72,456,311,24.5,24.5,45.0,45.0,7.100e-07,9.560e-03,4.13,0.738,9.93e+03,0,0,
n35,n73,456,302,26.5,26.5,23.0,50.0,2.890e+00,2.970e-04,-3.99,0.716,9.88e+03,0,0,
n35,n74,456,284,22.2,22.2,42.0,42.0,1.020e-05,1.380e-01,4.13,1.32,1.79e+04,0,0,
n35,n77,456,304,24.0,24.0,37.0,37.0,2.520e-04,3.400e+00,4.13,1.02,1.38e+04,0,0,
n35,n8,456,262,21.7,21.7,38.0,38.0,1.130e-04,1.530e+00,4.13,0.917,1.24e+04,0,0,
n35,n80,456,301,22.2,22.2,38.0,38.0,1.480e-04,1.990e+00,4.13,1.2,1.62e+04,0,0,
n35,n82,456,364,21.6,21.6,36.0,36.0,4.310e-04,5.800e+00,4.13,0.875,1.18e+04,0,0,
n35,n83,456,434,27.0,27.0,36.0,36.0,4.310e-04,5.800e+00,4.13,0.875,1.18e+04,0,0,
n35,n85,456,258,41.2,41.2,77.0,77.0,1.690e-16,2.270e-12,4.13,0.754,1.01e+04,1,1,
n35,n9,456,315,25.3,25.9,41.0,42.0,1.750e-05,1.380e-01,3.90,1.14,1.79e+04,0,0,
n36,n1,310,290,54.8,54.8,280.0,280.0,8.910e-78,1.200e-73,4.13,0.752,1.01e+04,1,1,
n36,n10,310,262,48.5,48.5,245.0,245.0,3.180e-67,4.280e-63,4.13,0.781,1.05e+04,1,1,
n36,n11,310,262,48.9,48.9,250.0,250.0,1.290e-68,1.740e-64,4.13,1.01,1.37e+04,1,1,
n36,n12,310,262,47.7,47.7,247.0,247.0,8.360e-68,1.130e-63,4.13,0.821,1.11e+04,1,1,
n36,n13,310,262,48.1,48.1,247.0,247.0,1.090e-67,1.470e-63,4.13,1.07,1.44e+04,1,1,
n36,n14,310,319,47.7,47.7,247.0,247.0,8.360e-68,1.130e-63,4.13,0.821,1.11e+04,1,1,
n36,n15,310,301,48.9,48.9,250.0,250.0,1.290e-68,1.740e-64,4.13,1.01,1.37e+04,1,1,
n36,n16,310,262,48.1,48.1,251.0,251.0,5.790e-69,7.800e-65,4.13,0.91,1.23e+04,1,1,
n36,n18,310,298,55.8,55.8,295.0,295.0,4.570e-82,6.150e-78,4.13,1.26,1.7e+04,1,1,
n36,n19,310,307,53.8,53.8,351.0,351.0,5.370e-99,7.230e-95,4.13,1.07,1.44e+04,1,1,
n36,n2,310,259,46.4,46.4,238.0,238.0,5.070e-65,6.830e-61,4.13,0.973,1.31e+04,1,1,
n36,n20,310,298,49.4,56.4,290.0,311.0,1.470e-80,6.350e-83,-2.36,1.27,1.15e+04,1,1,
n36,n21,310,304,54.5,54.5,273.0,273.0,1.860e-75,2.500e-71,4.13,1.23,1.65e+04,1,1,
n36,n22,310,296,48.2,48.2,247.0,247.0,1.430e-67,1.920e-63,4.13,1.4,1.89e+04,1,1,
n36,n23,310,300,48.9,48.9,248.0,248.0,6.400e-68,8.620e-64,4.13,1.26,1.69e+04,1,1,
n36,n24,310,304,45.0,45.0,244.0,244.0,9.240e-67,1.240e-62,4.13,1.13,1.52e+04,1,1,
n36,n25,310,301,47.7,47.7,248.0,248.0,6.400e-68,8.620e-64,4.13,1.26,1.69e+04,1,1,
n36,n26,310,261,48.5,48.5,248.0,248.0,3.750e-68,5.050e-64,4.13,0.737,9.92e+03,1,1,
n36,n27,310,296,48.2,48.2,247.0,247.0,1.430e-67,1.920e-63,4.13,1.4,1.89e+04,1,1,
n36,n28,310,284,45.8,45.8,224.0,224.0,9.900e-61,1.330e-56,4.13,1.16,1.56e+04,1,1,
n36,n29,310,319,47.7,47.7,247.0,247.0,8.360e-68,1.130e-63,4.13,0.821,1.11e+04,1,1,
n36,n3,310,380,31.0,31.0,33.0,33.0,2.480e-03,3.340e+01,4.13,0.925,1.25e+04,0,0,
n36,n30,310,262,48.9,48.9,250.0,250.0,1.290e-68,1.740e-64,4.13,1.01,1.37e+04,1,1,
n36,n31,310,262,47.7,47.7,247.0,247.0,8.360e-68,1.130e-63,4.13,0.821,1.11e+04,1,1,
n36,n32,310,294,41.3,41.3,214.0,214.0,1.020e-57,1.380e-53,4.13,1.17,1.58e+04,1,1,
n36,n33,310,293,42.9,42.9,225.0,225.0,5.800e-61,7.810e-57,4.13,1.36,1.83e+04,1,1,
n36,n34,310,293,41.6,41.6,216.0,216.0,1.580e-58,2.130e-54,4.13,0.723,9.74e+03,1,1,
n36,n35,310,456,25.4,25.4,35.0,35.0,4.990e-04,6.720e+00,4.13,0.745,1e+04,0,0,
n36,n38,310,495,27.7,27.7,67.0,67.0,1.190e-13,1.600e-09,4.13,0.763,1.03e+04,0,0,
n36,n4,310,292,50.5,50.5,293.0,293.0,1.330e-81,1.790e-77,4.13,0.92,1.24e+04,1,1,
n36,n40,310,292,27.7,30.7,94.0,106.0,1.540e-21,4.050e-21,0.42,1.33,1.43e+04,0,1,gained_in_v12
n36,n41,310,305,47.8,47.8,260.0,260.0,1.630e-71,2.190e-67,4.13,1.31,1.76e+04,1,1,
n36,n42,310,426,59.1,59.1,318.0,318.0,3.860e-89,5.190e-85,4.13,0.895,1.2e+04,1,1,
n36,n43,310,319,42.4,42.4,222.0,222.0,3.760e-60,5.070e-56,4.13,1.1,1.48e+04,1,1,
n36,n44,310,301,48.9,48.9,250.0,250.0,1.290e-68,1.740e-64,4.13,1.01,1.37e+04,1,1,
n36,n45,310,319,47.7,47.7,247.0,247.0,8.360e-68,1.130e-63,4.13,0.821,1.11e+04,1,1,
n36,n46,310,301,48.9,48.9,250.0,250.0,1.290e-68,1.740e-64,4.13,1.01,1.37e+04,1,1,
n36,n47,310,304,54.5,54.5,273.0,273.0,1.860e-75,2.500e-71,4.13,1.23,1.65e+04,1,1,
n36,n49,310,262,29.3,29.3,39.0,39.0,5.900e-05,7.940e-01,4.13,1.41,1.9e+04,0,0,
n36,n5,310,292,44.7,44.7,227.0,227.0,8.950e-62,1.210e-57,4.13,0.839,1.13e+04,1,1,
n36,n50,310,269,28.6,28.6,110.0,110.0,1.590e-26,2.150e-22,4.13,0.897,1.21e+04,0,0,
n36,n51,310,312,60.1,60.6,376.0,379.0,1.190e-106,2.480e-103,3.32,0.796,1.33e+04,1,1,
n36,n52,310,260,47.7,47.7,251.0,251.0,5.790e-69,7.800e-65,4.13,0.91,1.23e+04,1,1,
n36,n53,310,260,49.2,49.2,260.0,260.0,9.540e-72,1.290e-67,4.13,0.768,1.04e+04,1,1,
n36,n54,310,259,47.2,47.2,242.0,242.0,4.590e-66,6.180e-62,4.13,1.41,1.9e+04,1,1,
n36,n55,310,257,47.0,47.0,238.0,238.0,6.620e-65,8.920e-61,4.13,1.27,1.71e+04,1,1,
n36,n56,310,257,47.6,47.6,243.0,243.0,2.060e-66,2.770e-62,4.13,1.26,1.7e+04,1,1,
n36,n57,310,257,47.2,47.2,241.0,241.0,5.990e-66,8.070e-62,4.13,0.92,1.24e+04,1,1,
n36,n58,310,299,41.9,41.9,211.0,211.0,6.640e-57,8.940e-53,4.13,0.949,1.28e+04,1,1,
n36,n59,310,298,55.7,55.7,340.0,340.0,1.240e-95,1.670e-91,4.13,1.21,1.62e+04,1,1,
n36,n6,310,289,50.2,50.2,248.0,248.0,4.900e-68,6.600e-64,4.13,0.963,1.3e+04,1,1,
n36,n60,310,316,62.6,62.6,370.0,370.0,1.120e-104,1.500e-100,4.13,1.17,1.57e+04,1,1,
n36,n61,310,307,62.1,62.1,367.0,367.0,5.540e-104,7.460e-100,4.13,0.723,9.74e+03,1,1,
n36,n62,310,263,50.0,50.0,250.0,250.0,1.680e-68,2.270e-64,4.13,1.32,1.78e+04,1,1,
n36,n63,310,282,27.0,27.0,91.0,91.0,1.000e-20,1.350e-16,4.13,1.08,1.45e+04,0,0,
n36,n64,310,257,49.4,49.4,251.0,251.0,7.560e-69,1.020e-64,4.13,1.19,1.6e+04,1,1,
n36,n66,310,302,56.5,56.5,369.0,369.0,1.460e-104,1.960e-100,4.13,0.763,1.02e+04,1,1,
n36,n67,310,366,40.2,40.2,171.0,171.0,5.830e-45,7.850e-41,4.13,0.758,1.02e+04,1,1,
n36,n68,310,302,58.0,58.0,373.0,373.0,1.010e-105,1.360e-101,4.13,0.844,1.14e+04,1,1,
n36,n69,310,279,46.2,46.2,227.0,227.0,1.170e-61,1.570e-57,4.13,1.1,1.47e+04,1,1,
n36,n7,310,302,55.5,55.5,364.0,364.0,4.690e-103,6.320e-99,4.13,0.766,1.03e+04,1,1,
n36,n70,310,292,50.7,50.7,267.0,267.0,7.810e-74,1.050e-69,4.13,0.805,1.08e+04,1,1,
n36,n71,310,297,57.7,57.7,357.0,357.0,5.740e-101,7.720e-97,4.13,0.732,9.85e+03,1,1,
n36,n72,310,311,43.4,43.4,234.0,234.0,9.560e-64,1.290e-59,4.13,1.15,1.55e+04,1,1,
n36,n73,310,302,44.9,44.9,221.0,221.0,6.420e-60,8.640e-56,4.13,0.94,1.26e+04,1,1,
n36,n74,310,284,49.1,49.1,253.0,253.0,1.520e-69,2.050e-65,4.13,0.956,1.29e+04,1,1,
n36,n75,310,279,49.8,49.8,246.0,246.0,2.430e-67,3.280e-63,4.13,1.19,1.61e+04,1,1,
n36,n76,310,304,54.4,54.4,354.0,354.0,4.860e-100,6.540e-96,4.13,0.775,1.04e+04,1,1,
n36,n77,310,304,54.5,54.5,359.0,359.0,1.510e-101,2.030e-97,4.13,0.77,1.04e+04,1,1,
n36,n78,310,293,40.1,45.7,224.0,238.0,9.900e-61,6.830e-61,-0.16,1.16,1.31e+04,1,1,
n36,n79,310,283,30.0,29.7,115.0,117.0,4.960e-28,1.760e-24,3.55,0.895,1.27e+04,1,0,lost_in_v12
n36,n8,310,262,48.1,48.1,245.0,245.0,3.180e-67,4.280e-63,4.13,0.781,1.05e+04,1,1,
n36,n80,310,301,48.1,48.1,247.0,247.0,1.090e-67,1.470e-63,4.13,1.07,1.44e+04,1,1,
n36,n81,310,310,48.0,48.0,248.0,248.0,3.750e-68,5.050e-64,4.13,0.737,9.92e+03,1,1,
n36,n82,310,364,37.2,37.2,164.0,164.0,7.130e-43,9.600e-39,4.13,0.724,9.75e+03,1,1,
n36,n83,310,434,38.4,38.4,175.0,175.0,4.040e-46,5.440e-42,4.13,0.841,1.13e+04,1,1,
n36,n85,310,258,52.8,52.8,37.0,37.0,1.720e-04,2.310e+00,4.13,1.03,1.38e+04,0,0,
n36,n86,310,273,60.4,60.4,352.0,352.0,3.150e-99,4.240e-95,4.13,1.26,1.69e+04,1,1,
n36,n87,310,286,43.5,43.5,228.0,228.0,5.250e-62,7.070e-58,4.13,0.984,1.32e+04,1,1,
n36,n88,310,282,44.6,44.9,208.0,208.0,7.340e-56,7.570e-52,4.01,1.31,1.35e+04,1,1,
n36,n89,310,308,56.0,56.0,357.0,358.0,7.490e-101,4.530e-97,3.78,0.955,1.16e+04,1,1,
n36,n9,310,315,43.5,43.5,233.0,233.0,1.250e-63,1.680e-59,4.13,0.75,1.01e+04,1,1,
n36,n90,310,258,26.0,26.4,66.0,67.0,2.640e-13,1.600e-09,3.78,0.846,1.03e+04,0,0,
n37,n1,263,290,29.3,29.3,35.0,35.0,4.240e-04,5.700e+00,4.13,0.746,1e+04,0,0,
n37,n10,263,262,28.0,27.2,38.0,38.0,6.530e-05,8.800e-01,4.13,0.919,1.24e+04,0,0,
n37,n105,263,295,32.7,32.7,33.0,33.0,1.610e-03,2.170e+01,4.13,0.708,9.54e+03,0,0,
n37,n11,263,262,28.0,27.2,39.0,39.0,3.830e-05,5.160e-01,4.13,1.08,1.45e+04,0,0,
n37,n12,263,262,28.3,28.3,41.0,41.0,7.720e-06,1.040e-01,4.13,0.869,1.17e+04,0,0,
n37,n124,263,718,34.8,34.8,29.0,29.0,3.960e-02,5.340e+02,4.13,1.09,1.47e+04,0,0,
n37,n125,263,576,31.8,31.8,29.0,29.0,3.960e-02,5.340e+02,4.13,1.09,1.47e+04,0,0,
n37,n13,263,262,28.0,27.2,39.0,39.0,2.930e-05,3.950e-01,4.13,0.825,1.11e+04,0,0,
n37,n134,263,352,24.8,24.8,32.0,32.0,6.120e-03,8.240e+01,4.13,1.35,1.81e+04,0,0,
n37,n136,263,256,26.9,26.6,60.0,60.0,2.100e-11,2.820e-07,4.13,1.24,1.66e+04,0,0,
n37,n14,263,319,28.3,28.3,41.0,41.0,7.720e-06,1.040e-01,4.13,0.869,1.17e+04,0,0,
n37,n15,263,301,28.0,27.2,39.0,39.0,3.830e-05,5.160e-01,4.13,1.08,1.45e+04,0,0,
n37,n18,263,298,31.5,31.5,41.0,41.0,1.010e-05,1.360e-01,4.13,1.14,1.53e+04,0,0,
n37,n19,263,307,27.5,27.5,41.0,41.0,1.010e-05,1.360e-01,4.13,1.14,1.53e+04,0,0,
n37,n20,263,298,28.8,28.8,33.0,33.0,1.610e-03,2.170e+01,4.13,0.708,9.54e+03,0,0,
n37,n21,263,304,25.9,25.9,40.0,40.0,1.720e-05,2.320e-01,4.13,0.968,1.31e+04,0,0,
n37,n22,263,296,25.2,26.8,40.0,40.0,2.250e-05,3.020e-01,4.13,1.27,1.7e+04,0,0,
n37,n23,263,300,26.0,27.6,41.0,41.0,1.010e-05,1.360e-01,4.13,1.14,1.53e+04,0,0,
n37,n25,263,301,27.6,27.6,42.0,42.0,3.470e-06,4.670e-02,4.13,0.781,1.05e+04,0,0,
n37,n26,263,261,28.0,27.2,39.0,39.0,2.930e-05,3.950e-01,4.13,0.825,1.11e+04,0,0,
n37,n27,263,296,25.2,26.8,40.0,40.0,2.250e-05,3.020e-01,4.13,1.27,1.7e+04,0,0,
n37,n29,263,319,27.6,27.6,42.0,42.0,5.910e-06,7.960e-02,4.13,1.33,1.79e+04,0,0,
n37,n3,263,380,32.9,32.9,91.0,91.0,8.500e-21,1.140e-16,4.13,1.08,1.45e+04,1,1,
n37,n30,263,262,28.0,27.2,39.0,39.0,3.830e-05,5.160e-01,4.13,1.08,1.45e+04,0,0,
n37,n31,263,262,28.3,28.3,41.0,41.0,7.720e-06,1.040e-01,4.13,0.869,1.17e+04,0,0,
n37,n32,263,294,28.7,28.7,45.0,45.0,6.980e-07,9.400e-03,4.13,1.26,1.69e+04,0,0,
n37,n33,263,293,28.5,28.5,42.0,42.0,3.470e-06,4.670e-02,4.13,0.781,1.05e+04,0,0,
n37,n35,263,456,32.4,32.4,91.0,91.0,1.110e-20,1.490e-16,4.13,1.41,1.89e+04,1,1,
n37,n36,263,310,29.3,29.3,43.0,43.0,2.650e-06,3.570e-02,4.13,1.19,1.61e+04,0,0,
n37,n39,263,257,35.4,35.4,149.0,149.0,2.630e-38,3.540e-34,4.13,0.961,1.29e+04,1,1,
n37,n4,263,292,25.4,25.4,36.0,36.0,3.240e-04,4.370e+00,4.13,1.14,1.54e+04,0,0,
n37,n42,263,426,30.4,30.4,42.0,42.0,5.910e-06,7.960e-02,4.13,1.33,1.79e+04,1,0,lost_in_v12
n37,n43,263,319,40.0,40.0,30.0,30.0,2.320e-02,3.130e+02,4.13,1.28,1.72e+04,0,0,
n37,n44,263,301,28.0,27.2,39.0,39.0,3.830e-05,5.160e-01,4.13,1.08,1.45e+04,0,0,
n37,n45,263,319,28.3,28.3,41.0,41.0,7.720e-06,1.040e-01,4.13,0.869,1.17e+04,0,0,
n37,n46,263,301,28.0,27.2,39.0,39.0,3.830e-05,5.160e-01,4.13,1.08,1.45e+04,0,0,
n37,n47,263,304,25.9,25.9,40.0,40.0,1.720e-05,2.320e-01,4.13,0.968,1.31e+04,0,0,
n37,n48,263,270,27.9,27.9,110.0,110.0,1.350e-26,1.820e-22,4.13,0.897,1.21e+04,0,0,
n37,n49,263,262,66.2,66.2,364.0,364.0,5.200e-103,7.000e-99,4.13,1,1.35e+04,1,1,
n37,n51,263,312,29.3,29.3,37.0,37.0,1.900e-04,2.560e+00,4.13,1.34,1.8e+04,0,0,
n37,n61,263,307,28.7,28.7,42.0,42.0,3.470e-06,4.670e-02,4.13,0.781,1.05e+04,0,0,
n37,n66,263,302,30.1,30.1,40.0,40.0,1.720e-05,2.320e-01,4.13,0.968,1.31e+04,0,0,
n37,n67,263,366,31.8,31.8,28.0,28.0,6.760e-02,9.110e+02,4.13,0.929,1.25e+04,0,0,
n37,n68,263,302,30.1,30.1,40.0,40.0,1.720e-05,2.320e-01,4.13,0.968,1.31e+04,0,0,
n37,n7,263,302,30.1,30.1,40.0,40.0,1.320e-05,1.770e-01,4.13,0.743,9.97e+03,0,0,
n37,n73,263,302,32.4,33.3,37.0,34.0,1.110e-04,1.660e+01,5.17,0.781,1.46e+04,0,0,
n37,n74,263,284,25.8,25.2,40.0,39.0,1.720e-05,6.740e-01,4.59,0.968,1.9e+04,0,0,
n37,n76,263,304,30.1,30.1,40.0,40.0,1.320e-05,1.770e-01,4.13,0.743,9.97e+03,0,0,
n37,n77,263,304,25.6,25.6,42.0,42.0,4.530e-06,6.090e-02,4.13,1.02,1.37e+04,0,0,
n37,n8,263,262,27.2,26.4,37.0,37.0,1.460e-04,1.960e+00,4.13,1.03,1.38e+04,0,0,
n37,n80,263,301,28.0,27.2,40.0,40.0,1.720e-05,2.320e-01,4.13,0.968,1.31e+04,0,0,
n37,n84,263,259,28.6,28.6,105.0,105.0,4.350e-25,5.860e-21,4.13,0.904,1.22e+04,0,0,
n37,n85,263,258,36.3,36.3,135.0,135.0,3.930e-34,5.290e-30,4.13,0.877,1.18e+04,1,1,
n38,n1,495,290,27.5,28.5,82.0,83.0,7.430e-18,5.860e-14,3.90,0.978,1.54e+04,0,0,
n38,n10,495,262,28.8,28.8,70.0,70.0,3.810e-14,5.140e-10,4.13,1.22,1.65e+04,0,0,
n38,n11,495,262,28.8,28.8,70.0,70.0,3.810e-14,5.140e-10,4.13,1.22,1.65e+04,0,0,
n38,n12,495,262,27.7,27.7,68.0,68.0,1.450e-13,1.950e-09,4.13,1.16,1.57e+04,0,0,
n38,n133,495,335,25.3,25.3,41.0,41.0,1.450e-05,1.960e-01,4.13,0.868,1.17e+04,0,0,
n38,n134,495,352,25.7,25.7,43.0,43.0,3.820e-06,5.150e-02,4.13,0.914,1.23e+04,0,0,
n38,n14,495,319,27.7,27.7,68.0,68.0,1.450e-13,1.950e-09,4.13,1.16,1.57e+04,0,0,
n38,n15,495,301,27.9,27.9,72.0,72.0,1.000e-14,1.350e-10,4.13,1.28,1.73e+04,0,0,
n38,n16,495,262,27.9,27.9,69.0,69.0,6.510e-14,8.760e-10,4.13,1.05,1.41e+04,0,0,
n38,n18,495,298,26.1,25.9,81.0,81.0,1.650e-17,2.230e-13,4.13,1.09,1.47e+04,0,0,
n38,n2,495,259,28.8,28.8,71.0,71.0,1.310e-14,1.770e-10,4.13,0.842,1.14e+04,0,0,
n38,n21,495,304,27.1,26.2,75.0,76.0,9.080e-16,5.490e-12,3.78,0.933,1.13e+04,0,0,
n38,n22,495,296,25.5,25.5,73.0,73.0,4.510e-15,6.070e-11,4.13,1.16,1.56e+04,0,0,
n38,n23,495,300,24.6,24.6,68.0,68.0,1.110e-13,1.490e-09,4.13,0.891,1.2e+04,0,0,
n38,n25,495,301,27.2,27.2,66.0,66.0,4.220e-13,5.680e-09,4.13,0.847,1.14e+04,0,0,
n38,n27,495,296,25.5,25.5,73.0,73.0,4.510e-15,6.070e-11,4.13,1.16,1.56e+04,0,0,
n38,n28,495,284,27.0,27.0,64.0,64.0,1.600e-12,2.160e-08,4.13,0.803,1.08e+04,0,0,
n38,n29,495,319,26.6,26.6,67.0,67.0,3.230e-13,4.350e-09,4.13,1.3,1.75e+04,0,0,
n38,n30,495,262,28.8,28.8,70.0,70.0,3.810e-14,5.140e-10,4.13,1.22,1.65e+04,0,0,
n38,n31,495,262,27.7,27.7,68.0,68.0,1.450e-13,1.950e-09,4.13,1.16,1.57e+04,0,0,
n38,n32,495,294,23.2,23.2,72.0,72.0,1.000e-14,1.350e-10,4.13,1.28,1.73e+04,0,0,
n38,n33,495,293,25.5,24.9,73.0,73.0,4.510e-15,6.070e-11,4.13,1.16,1.56e+04,0,0,
n38,n36,495,310,27.7,27.7,67.0,67.0,1.890e-13,2.550e-09,4.13,0.759,1.02e+04,0,0,
n38,n4,495,292,25.3,26.0,80.0,82.0,2.820e-17,1.310e-13,3.67,0.928,1.72e+04,0,0,
n38,n42,495,426,25.6,30.5,20.0,84.0,3.470e+01,3.440e-14,-15.00,0.99,1.81e+04,0,1,gained_in_v12
n38,n44,495,301,27.9,27.9,72.0,72.0,1.000e-14,1.350e-10,4.13,1.28,1.73e+04,0,0,
n38,n45,495,319,27.7,27.7,68.0,68.0,1.450e-13,1.950e-09,4.13,1.16,1.57e+04,0,0,
n38,n46,495,301,27.9,27.9,72.0,72.0,1.000e-14,1.350e-10,4.13,1.28,1.73e+04,0,0,
n38,n47,495,304,27.1,26.2,75.0,76.0,9.080e-16,5.490e-12,3.78,0.933,1.13e+04,0,0,
n38,n5,495,292,24.9,24.9,72.0,72.0,5.880e-15,7.930e-11,4.13,0.755,1.02e+04,0,0,
n38,n51,495,312,24.7,24.7,59.0,59.0,5.160e-11,6.940e-07,4.13,0.809,1.09e+04,0,0,
n38,n52,495,260,25.3,24.6,55.0,55.0,7.440e-10,1.000e-05,4.13,0.729,9.8e+03,0,0,
n38,n54,495,259,28.8,28.8,71.0,71.0,1.310e-14,1.770e-10,4.13,0.842,1.14e+04,0,0,
n38,n55,495,257,26.5,26.5,64.0,64.0,2.090e-12,2.820e-08,4.13,1.05,1.42e+04,0,0,
n38,n56,495,257,27.0,27.0,65.0,65.0,7.190e-13,9.690e-09,4.13,0.722,9.73e+03,0,0,
n38,n57,495,257,26.5,26.5,65.0,65.0,1.230e-12,1.650e-08,4.13,1.23,1.66e+04,0,0,
n38,n59,495,298,24.6,24.6,79.0,79.0,4.810e-17,6.480e-13,4.13,0.791,1.07e+04,0,0,
n38,n6,495,289,27.1,27.1,74.0,74.0,1.550e-15,2.090e-11,4.13,0.797,1.07e+04,0,0,
n38,n62,495,263,26.5,26.5,76.0,76.0,4.080e-16,5.490e-12,4.13,0.839,1.13e+04,0,0,
n38,n66,495,302,28.8,28.8,76.0,76.0,5.320e-16,7.170e-12,4.13,1.09,1.47e+04,0,0,
n38,n67,495,366,27.2,27.2,66.0,66.0,5.510e-13,7.420e-09,4.13,1.11,1.49e+04,0,0,
n38,n68,495,302,27.7,27.7,73.0,73.0,3.450e-15,4.650e-11,4.13,0.887,1.19e+04,0,0,
n38,n69,495,279,27.8,28.4,80.0,81.0,2.820e-17,2.230e-13,3.90,0.928,1.47e+04,0,0,
n38,n7,495,302,29.9,29.9,79.0,79.0,4.810e-17,6.480e-13,4.13,0.791,1.07e+04,0,0,
n38,n70,495,292,32.1,32.1,98.0,98.0,1.310e-22,1.760e-18,4.13,1.13,1.52e+04,1,1,
n38,n72,495,311,26.8,26.8,65.0,65.0,9.400e-13,1.270e-08,4.13,0.944,1.27e+04,0,0,
n38,n73,495,302,29.3,29.3,67.0,67.0,2.470e-13,3.330e-09,4.13,0.992,1.34e+04,0,0,
n38,n74,495,284,27.3,27.3,70.0,70.0,2.920e-14,3.930e-10,4.13,0.938,1.26e+04,0,0,
n38,n75,495,279,28.2,28.2,83.0,83.0,4.350e-18,5.860e-14,4.13,1.14,1.54e+04,0,0,
n38,n76,495,304,29.9,29.9,81.0,81.0,1.270e-17,1.710e-13,4.13,0.835,1.12e+04,0,0,
n38,n77,495,304,30.6,30.6,75.0,75.0,6.950e-16,9.360e-12,4.13,0.714,9.62e+03,1,1,
n38,n78,495,293,30.6,30.6,72.0,72.0,7.690e-15,1.040e-10,4.13,0.988,1.34e+04,1,1,
n38,n8,495,262,28.8,28.8,69.0,69.0,6.510e-14,8.760e-10,4.13,1.05,1.41e+04,0,0,
n38,n81,495,310,27.7,27.7,62.0,62.0,1.040e-11,1.400e-07,4.13,1.3,1.76e+04,0,0,
n38,n82,495,364,27.6,27.9,69.0,69.0,8.500e-14,1.140e-09,4.13,1.37,1.83e+04,0,0,
n38,n83,495,434,25.0,25.0,63.0,63.0,4.660e-12,6.280e-08,4.13,1.17,1.58e+04,0,0,
n38,n87,495,286,26.2,26.2,72.0,72.0,7.690e-15,1.040e-10,4.13,0.988,1.34e+04,0,0,
n38,n88,495,282,26.3,26.3,67.0,67.0,1.890e-13,2.550e-09,4.13,0.759,1.02e+04,0,0,
n38,n9,495,315,28.9,28.9,70.0,70.0,2.920e-14,3.930e-10,4.13,0.938,1.26e+04,0,0,
n39,n130,257,305,25.3,25.3,36.0,36.0,3.170e-04,4.270e+00,4.13,1.14,1.54e+04,0,0,
n39,n3,257,380,26.5,26.5,47.0,47.0,1.050e-07,1.420e-03,4.13,0.774,1.05e+04,0,0,
n39,n35,257,456,27.3,27.3,49.0,49.0,2.770e-08,3.730e-04,4.13,0.817,1.1e+04,0,0,
n39,n37,257,263,35.4,35.4,149.0,149.0,2.570e-38,3.460e-34,4.13,0.961,1.29e+04,1,1,
n39,n48,257,270,25.5,25.5,84.0,84.0,7.770e-19,1.050e-14,4.13,0.788,1.06e+04,0,0,
n39,n49,257,262,34.9,34.9,137.0,137.0,1.010e-34,1.360e-30,4.13,0.922,1.24e+04,1,1,
n39,n5,257,292,25.0,25.0,36.0,36.0,3.170e-04,4.270e+00,4.13,1.14,1.54e+04,0,0,
n39,n6,257,289,24.7,24.7,37.0,37.0,1.860e-04,2.500e+00,4.13,1.34,1.8e+04,0,0,
n39,n84,257,259,29.8,29.8,89.0,89.0,3.150e-20,4.250e-16,4.13,1.02,1.38e+04,0,0,
n39,n85,257,258,29.3,29.3,107.0,107.0,1.460e-25,1.970e-21,4.13,1.24,1.68e+04,0,0,
n4,n1,292,290,74.9,74.9,421.0,421.0,3.050e-120,4.100e-116,4.13,0.762,1.02e+04,1,1,
n4,n10,292,262,49.1,49.1,252.0,252.0,4.180e-69,5.620e-65,4.13,1.4,1.88e+04,1,1,
n4,n11,292,262,49.4,49.4,258.0,258.0,4.460e-71,6.010e-67,4.13,0.953,1.28e+04,1,1,
n4,n12,292,262,48.7,48.7,253.0,253.0,1.440e-69,1.930e-65,4.13,0.961,1.29e+04,1,1,
n4,n13,292,262,49.8,49.8,256.0,256.0,2.210e-70,2.980e-66,4.13,1.18,1.59e+04,1,1,
n4,n14,292,319,46.5,48.4,255.0,258.0,3.780e-70,4.600e-67,3.09,1.01,9.83e+03,1,1,
n4,n15,292,301,47.2,49.1,260.0,263.0,8.990e-72,1.430e-68,3.20,0.768,9.78e+03,1,1,
n4,n16,292,262,51.3,51.3,261.0,261.0,6.880e-72,9.270e-68,4.13,1.18,1.58e+04,1,1,
n4,n18,292,298,67.0,66.1,393.0,395.0,8.880e-112,4.110e-108,3.67,0.826,1.53e+04,1,1,
n4,n19,292,307,46.4,46.4,265.0,265.0,4.770e-73,6.420e-69,4.13,1.3,1.76e+04,1,1,
n4,n2,292,259,48.5,48.5,250.0,250.0,9.300e-69,1.250e-64,4.13,0.776,1.04e+04,1,1,
n4,n20,292,298,47.2,47.2,269.0,269.0,2.530e-74,3.400e-70,4.13,1.11,1.49e+04,1,1,
n4,n21,292,304,73.8,73.8,417.0,417.0,5.750e-119,7.740e-115,4.13,0.898,1.21e+04,1,1,
n4,n22,292,296,48.7,49.8,261.0,262.0,5.270e-72,5.430e-68,4.01,0.901,1.86e+04,1,1,
n4,n23,292,300,49.8,49.8,260.0,260.0,8.990e-72,1.210e-67,4.13,0.768,1.03e+04,1,1,
n4,n24,292,304,45.1,45.1,247.0,247.0,7.870e-68,1.060e-63,4.13,0.821,1.11e+04,1,1,
n4,n25,292,301,46.8,48.8,256.0,260.0,1.700e-70,2.060e-67,3.08,0.908,1.76e+04,1,1,
n4,n26,292,261,50.0,50.0,258.0,258.0,3.420e-71,4.600e-67,4.13,0.731,9.83e+03,1,1,
n4,n27,292,296,48.7,49.8,261.0,262.0,5.270e-72,5.430e-68,4.01,0.901,1.86e+04,1,1,
n4,n28,292,284,43.4,43.4,223.0,223.0,1.590e-60,2.140e-56,4.13,0.989,1.33e+04,1,1,
n4,n29,292,319,47.2,49.1,257.0,260.0,1.300e-70,2.060e-67,3.20,1.39,1.76e+04,1,1,
n4,n30,292,262,49.4,49.4,258.0,258.0,4.460e-71,6.010e-67,4.13,0.953,1.28e+04,1,1,
n4,n31,292,262,48.7,48.7,253.0,253.0,1.440e-69,1.930e-65,4.13,0.961,1.29e+04,1,1,
n4,n32,292,294,44.4,44.4,226.0,226.0,2.450e-61,3.300e-57,4.13,1.22,1.64e+04,1,1,
n4,n33,292,293,47.5,47.5,235.0,235.0,5.280e-64,7.110e-60,4.13,1.34,1.81e+04,1,1,
n4,n34,292,293,46.2,46.2,222.0,222.0,3.540e-60,4.770e-56,4.13,1.1,1.48e+04,1,1,
n4,n36,292,310,49.2,50.5,284.0,293.0,7.590e-79,1.690e-77,1.35,1.09,1.24e+04,1,1,
n4,n38,292,495,26.0,26.0,82.0,82.0,5.720e-18,7.710e-14,4.13,1.28,1.72e+04,0,0,
n4,n40,292,292,27.0,27.0,101.0,101.0,9.110e-24,1.230e-19,4.13,1.07,1.44e+04,0,0,
n4,n41,292,305,51.4,51.4,295.0,295.0,4.300e-82,5.790e-78,4.13,1.26,1.7e+04,1,1,
n4,n42,292,426,65.0,65.0,375.0,375.0,3.270e-106,4.400e-102,4.13,1.16,1.56e+04,1,1,
n4,n43,292,319,38.9,38.9,217.0,217.0,1.140e-58,1.530e-54,4.13,1.11,1.49e+04,1,1,
n4,n44,292,301,47.2,49.1,260.0,263.0,8.990e-72,1.430e-68,3.20,0.768,9.78e+03,1,1,
n4,n45,292,319,46.5,48.4,255.0,258.0,3.780e-70,4.600e-67,3.09,1.01,9.83e+03,1,1,
n4,n46,292,301,47.2,49.1,260.0,263.0,8.990e-72,1.430e-68,3.20,0.768,9.78e+03,1,1,
n4,n47,292,304,73.8,73.8,417.0,417.0,5.750e-119,7.740e-115,4.13,0.898,1.21e+04,1,1,
n4,n5,292,292,50.8,50.8,252.0,252.0,3.200e-69,4.310e-65,4.13,1.07,1.44e+04,1,1,
n4,n50,292,269,32.6,32.6,127.0,127.0,1.190e-31,1.600e-27,4.13,0.934,1.26e+04,1,1,
n4,n51,292,312,52.8,52.8,287.0,287.0,6.870e-80,9.250e-76,4.13,0.788,1.06e+04,1,1,
n4,n52,292,260,47.4,47.4,251.0,251.0,7.120e-69,9.590e-65,4.13,1.19,1.6e+04,1,1,
n4,n53,292,260,47.4,47.4,250.0,250.0,9.300e-69,1.250e-64,4.13,0.776,1.04e+04,1,1,
n4,n54,292,259,48.5,48.5,248.0,248.0,4.620e-68,6.220e-64,4.13,0.964,1.3e+04,1,1,
n4,n55,292,257,46.6,46.6,243.0,243.0,1.940e-66,2.610e-62,4.13,1.26,1.7e+04,1,1,
n4,n56,292,257,47.4,47.4,246.0,246.0,2.290e-67,3.090e-63,4.13,1.19,1.61e+04,1,1,
n4,n57,292,257,46.3,46.3,242.0,242.0,3.310e-66,4.460e-62,4.13,1.08,1.45e+04,1,1,
n4,n58,292,299,40.8,40.8,228.0,228.0,4.940e-62,6.660e-58,4.13,0.983,1.32e+04,1,1,
n4,n59,292,298,49.7,51.2,291.0,306.0,4.760e-81,1.920e-81,-0.39,0.873,1.15e+04,1,1,
n4,n6,292,289,49.5,49.5,258.0,258.0,3.420e-71,4.600e-67,4.13,0.731,9.83e+03,1,1,
n4,n60,292,316,46.4,46.4,269.0,269.0,2.530e-74,3.400e-70,4.13,1.11,1.49e+04,1,1,
n4,n61,292,307,46.2,46.2,265.0,265.0,2.790e-73,3.760e-69,4.13,0.763,1.03e+04,1,1,
n4,n62,292,263,50.0,50.0,260.0,260.0,1.530e-71,2.060e-67,4.13,1.31,1.76e+04,1,1,
n4,n63,292,282,29.0,29.0,113.0,113.0,1.770e-27,2.390e-23,4.13,0.848,1.14e+04,0,0,
n4,n64,292,257,48.5,48.5,245.0,245.0,5.100e-67,6.870e-63,4.13,1.33,1.79e+04,1,1,
n4,n66,292,302,50.8,50.5,293.0,293.0,1.250e-81,1.690e-77,4.13,0.917,1.24e+04,1,1,
n4,n67,292,366,36.6,36.6,163.0,163.0,1.500e-42,2.010e-38,4.13,0.809,1.08e+04,1,1,
n4,n68,292,302,51.0,51.0,297.0,297.0,8.670e-83,1.170e-78,4.13,1.02,1.37e+04,1,1,
n4,n69,292,279,48.3,48.3,265.0,265.0,4.770e-73,6.420e-69,4.13,1.3,1.76e+04,1,1,
n4,n7,292,302,50.7,50.7,291.0,291.0,4.760e-81,6.400e-77,4.13,0.873,1.17e+04,1,1,
n4,n70,292,292,50.7,50.7,279.0,279.0,1.870e-77,2.520e-73,4.13,0.838,1.13e+04,1,1,
n4,n71,292,297,52.9,52.9,312.0,312.0,2.600e-87,3.510e-83,4.13,1,1.35e+04,1,1,
n4,n72,292,311,45.8,45.8,242.0,242.0,2.530e-66,3.410e-62,4.13,0.825,1.11e+04,1,1,
n4,n73,292,302,44.6,44.6,233.0,233.0,1.180e-63,1.580e-59,4.13,0.751,1.01e+04,1,1,
n4,n74,292,284,51.7,51.7,275.0,275.0,4.610e-76,6.200e-72,4.13,1.29,1.74e+04,1,1,
n4,n75,292,279,57.3,57.3,313.0,313.0,1.530e-87,2.060e-83,4.13,1.18,1.59e+04,1,1,
n4,n76,292,304,48.1,48.1,279.0,279.0,1.870e-77,2.520e-73,4.13,0.838,1.13e+04,1,1,
n4,n77,292,304,48.8,48.8,287.0,287.0,8.970e-80,1.210e-75,4.13,1.03,1.39e+04,1,1,
n4,n78,292,293,46.6,46.6,247.0,247.0,1.340e-67,1.810e-63,4.13,1.4,1.89e+04,1,1,
n4,n79,292,283,32.2,32.2,124.0,124.0,7.700e-31,1.040e-26,4.13,0.755,1.02e+04,1,1,
n4,n8,292,262,49.3,49.3,255.0,255.0,4.930e-70,6.640e-66,4.13,1.32,1.77e+04,1,1,
n4,n80,292,301,47.5,49.5,258.0,261.0,4.460e-71,7.100e-68,3.20,0.953,1.21e+04,1,1,
n4,n81,292,310,49.3,49.3,267.0,267.0,9.600e-74,1.290e-69,4.13,1.05,1.41e+04,1,1,
n4,n82,292,364,36.2,36.2,158.0,158.0,8.210e-41,1.110e-36,4.13,1.38,1.87e+04,1,1,
n4,n83,292,434,38.8,38.8,196.0,196.0,1.590e-52,2.150e-48,4.13,0.737,9.96e+03,1,1,
n4,n85,292,258,26.4,26.4,29.0,29.0,3.370e-02,4.540e+02,4.13,0.834,1.12e+04,0,0,
n4,n86,292,273,50.9,54.7,283.0,299.0,1.690e-78,2.350e-79,-0.86,1.21,1.1e+04,1,1,
n4,n87,292,286,46.2,46.2,243.0,243.0,1.490e-66,2.000e-62,4.13,0.971,1.3e+04,1,1,
n4,n88,292,282,49.6,49.3,247.0,247.0,1.340e-67,1.810e-63,4.13,1.4,1.89e+04,1,1,
n4,n89,292,308,49.3,49.3,283.0,283.0,1.290e-78,1.740e-74,4.13,0.925,1.25e+04,1,1,
n4,n9,292,315,47.0,47.0,255.0,255.0,2.890e-70,3.890e-66,4.13,0.772,1.04e+04,1,1,
n4,n90,292,258,26.2,27.1,63.0,70.0,2.750e-12,2.320e-10,1.93,1.17,1.26e+04,0,0,
n40,n1,292,290,30.1,30.1,105.0,105.0,6.310e-25,8.500e-21,4.13,1.18,1.59e+04,1,1,
n40,n10,292,262,30.0,30.0,95.0,95.0,5.000e-22,6.740e-18,4.13,0.914,1.23e+04,1,1,
n40,n11,292,262,30.5,30.5,101.0,101.0,6.980e-24,9.400e-20,4.13,0.816,1.1e+04,1,1,
n40,n12,292,262,31.1,31.1,100.0,100.0,2.030e-23,2.730e-19,4.13,1.19,1.6e+04,1,1,
n40,n13,292,262,30.5,30.5,100.0,100.0,2.030e-23,2.730e-19,4.13,1.19,1.6e+04,1,1,
n40,n14,292,319,29.1,29.1,101.0,101.0,9.110e-24,1.230e-19,4.13,1.07,1.44e+04,0,0,
n40,n15,292,301,30.4,30.4,104.0,104.0,1.080e-24,1.450e-20,4.13,1.01,1.36e+04,1,1,
n40,n16,292,262,29.5,33.9,65.0,108.0,7.240e-13,1.000e-21,-8.86,1.23,1.5e+04,0,1,gained_in_v12
n40,n18,292,298,25.7,25.7,99.0,99.0,2.650e-23,3.570e-19,4.13,0.775,1.04e+04,0,0,
n40,n19,292,307,30.0,26.0,20.0,105.0,1.570e+01,8.500e-21,-21.27,0.759,1.59e+04,0,0,
n40,n2,292,259,31.2,31.2,102.0,102.0,3.130e-24,4.220e-20,4.13,0.732,9.87e+03,1,1,
n40,n20,292,298,25.7,25.7,71.0,71.0,1.010e-14,1.360e-10,4.13,1.1,1.48e+04,0,0,
n40,n21,292,304,28.3,28.3,104.0,104.0,1.080e-24,1.450e-20,4.13,1.01,1.36e+04,0,0,
n40,n22,292,296,28.8,28.8,99.0,99.0,4.520e-23,6.090e-19,4.13,1.32,1.78e+04,0,0,
n40,n23,292,300,29.8,29.8,100.0,100.0,2.030e-23,2.730e-19,4.13,1.19,1.6e+04,0,0,
n40,n24,292,304,29.1,29.5,101.0,102.0,9.110e-24,4.220e-20,3.67,1.07,9.87e+03,0,0,
n40,n25,292,301,28.7,28.7,99.0,99.0,4.520e-23,6.090e-19,4.13,1.32,1.78e+04,0,0,
n40,n26,292,261,30.5,30.5,100.0,100.0,1.550e-23,2.090e-19,4.13,0.906,1.22e+04,1,1,
n40,n27,292,296,28.8,28.8,99.0,99.0,4.520e-23,6.090e-19,4.13,1.32,1.78e+04,0,0,
n40,n28,292,284,30.0,30.0,87.0,87.0,1.360e-19,1.830e-15,4.13,0.971,1.31e+04,1,1,
n40,n29,292,319,29.1,29.1,99.0,99.0,4.520e-23,6.090e-19,4.13,1.32,1.78e+04,0,0,
n40,n30,292,262,30.5,30.5,101.0,101.0,6.980e-24,9.400e-20,4.13,0.816,1.1e+04,1,1,
n40,n31,292,262,31.1,31.1,100.0,100.0,2.030e-23,2.730e-19,4.13,1.19,1.6e+04,1,1,
n40,n32,292,294,25.3,25.3,89.0,89.0,4.680e-20,6.300e-16,4.13,1.34,1.8e+04,0,0,
n40,n33,292,293,28.6,28.6,87.0,87.0,1.040e-19,1.400e-15,4.13,0.742,9.99e+03,0,0,
n40,n34,292,293,26.3,26.3,84.0,84.0,1.510e-18,2.030e-14,4.13,1.35,1.81e+04,0,0,
n40,n36,292,310,27.7,30.7,94.0,106.0,1.460e-21,3.820e-21,0.42,1.33,1.43e+04,0,1,gained_in_v12
n40,n4,292,292,27.0,27.0,101.0,101.0,9.110e-24,1.230e-19,4.13,1.07,1.44e+04,0,0,
n40,n41,292,305,26.5,26.5,89.0,89.0,3.580e-20,4.830e-16,4.13,1.02,1.38e+04,0,0,
n40,n42,292,426,27.3,27.3,104.0,104.0,8.240e-25,1.110e-20,4.13,0.771,1.04e+04,0,0,
n40,n43,292,319,26.8,26.8,66.0,66.0,2.490e-13,3.350e-09,4.13,0.847,1.14e+04,0,0,
n40,n44,292,301,30.4,30.4,104.0,104.0,1.080e-24,1.450e-20,4.13,1.01,1.36e+04,1,1,
n40,n45,292,319,29.1,29.1,101.0,101.0,9.110e-24,1.230e-19,4.13,1.07,1.44e+04,0,0,
n40,n46,292,301,30.4,30.4,104.0,104.0,1.080e-24,1.450e-20,4.13,1.01,1.36e+04,1,1,
n40,n47,292,304,28.3,28.3,104.0,104.0,1.080e-24,1.450e-20,4.13,1.01,1.36e+04,0,0,
n40,n5,292,292,32.0,29.8,96.0,96.0,3.830e-22,3.950e-18,4.01,1.4,1.44e+04,1,0,lost_in_v12
n40,n50,292,269,25.9,25.9,84.0,84.0,8.830e-19,1.190e-14,4.13,0.788,1.06e+04,0,0,
n40,n51,292,312,26.1,26.4,75.0,79.0,5.360e-16,6.520e-13,3.09,0.934,1.82e+04,0,0,
n40,n52,292,260,29.5,29.0,86.0,86.0,2.320e-19,3.130e-15,4.13,0.828,1.12e+04,0,0,
n40,n53,292,260,29.0,28.6,87.0,87.0,1.360e-19,1.830e-15,4.13,0.971,1.31e+04,0,0,
n40,n54,292,259,31.6,31.6,105.0,105.0,6.310e-25,8.500e-21,4.13,1.18,1.59e+04,1,1,
n40,n55,292,257,27.1,27.1,90.0,90.0,2.100e-20,2.830e-16,4.13,1.2,1.62e+04,0,0,
n40,n56,292,257,27.9,27.9,92.0,92.0,4.230e-21,5.700e-17,4.13,0.966,1.3e+04,0,0,
n40,n57,292,257,27.5,27.5,92.0,92.0,4.230e-21,5.700e-17,4.13,0.966,1.3e+04,0,0,
n40,n58,292,299,27.3,27.3,73.0,73.0,2.040e-15,2.740e-11,4.13,0.889,1.19e+04,0,0,
n40,n59,292,298,24.4,24.4,88.0,88.0,7.980e-20,1.080e-15,4.13,1.14,1.54e+04,0,0,
n40,n6,292,289,28.6,28.3,93.0,93.0,2.480e-21,3.340e-17,4.13,1.13,1.53e+04,0,0,
n40,n60,292,316,25.8,25.8,97.0,97.0,1.010e-22,1.360e-18,4.13,0.738,9.94e+03,0,0,
n40,n61,292,307,26.3,26.4,104.0,104.0,1.410e-24,1.450e-20,4.01,1.32,1.36e+04,0,0,
n40,n62,292,263,23.5,30.1,17.0,83.0,1.730e+02,2.650e-14,-15.81,1.05,1.18e+04,0,1,gained_in_v12
n40,n63,292,282,46.9,46.9,255.0,255.0,3.780e-70,5.090e-66,4.13,1.01,1.36e+04,1,1,
n40,n66,292,302,21.8,28.2,16.0,101.0,3.860e+02,9.400e-20,-21.61,1.17,1.1e+04,0,0,
n40,n67,292,366,27.9,27.9,86.0,86.0,3.030e-19,4.090e-15,4.13,1.08,1.46e+04,0,0,
n40,n68,292,302,26.4,28.0,103.0,105.0,2.400e-24,6.510e-21,3.43,1.12,1.22e+04,0,0,
n40,n69,292,279,28.6,28.6,98.0,98.0,7.720e-23,1.040e-18,4.13,1.13,1.52e+04,0,0,
n40,n7,292,302,27.9,27.9,104.0,104.0,1.080e-24,1.450e-20,4.13,1.01,1.36e+04,0,0,
n40,n70,292,292,29.7,29.7,107.0,107.0,1.660e-25,2.240e-21,4.13,1.24,1.68e+04,0,0,
n40,n71,292,297,25.4,25.4,86.0,86.0,3.030e-19,4.090e-15,4.13,1.08,1.46e+04,0,0,
n40,n72,292,311,29.6,29.6,100.0,100.0,1.550e-23,2.090e-19,4.13,0.906,1.22e+04,0,0,
n40,n73,292,302,27.5,30.2,23.0,83.0,2.420e+00,2.650e-14,-13.96,0.936,1.18e+04,0,1,gained_in_v12
n40,n74,292,284,29.7,29.7,108.0,108.0,5.710e-26,7.690e-22,4.13,0.855,1.15e+04,0,0,
n40,n75,292,279,23.4,23.4,78.0,78.0,6.330e-17,8.520e-13,4.13,0.882,1.19e+04,0,0,
n40,n76,292,304,27.8,27.8,106.0,106.0,3.700e-25,4.980e-21,4.13,1.38,1.86e+04,0,0,
n40,n77,292,304,25.1,25.1,94.0,94.0,8.530e-22,1.150e-17,4.13,0.779,1.05e+04,0,0,
n40,n78,292,293,30.6,30.6,114.0,114.0,1.360e-27,1.830e-23,4.13,1.3,1.75e+04,1,1,
n40,n79,292,283,24.3,24.3,76.0,76.0,3.140e-16,4.230e-12,4.13,1.09,1.47e+04,0,0,
n40,n8,292,262,30.5,30.5,101.0,101.0,1.190e-23,1.600e-19,4.13,1.39,1.87e+04,1,1,
n40,n80,292,301,30.0,30.0,101.0,101.0,9.110e-24,1.230e-19,4.13,1.07,1.44e+04,1,1,
n40,n81,292,310,30.7,30.7,99.0,99.0,4.520e-23,6.090e-19,4.13,1.32,1.78e+04,1,1,
n40,n82,292,364,30.5,30.0,91.0,91.0,9.430e-21,1.270e-16,4.13,1.08,1.45e+04,1,1,
n40,n83,292,434,25.5,25.5,72.0,72.0,4.530e-15,6.110e-11,4.13,0.987,1.33e+04,0,0,
n40,n86,292,273,28.4,28.4,89.0,89.0,2.740e-20,3.700e-16,4.13,0.782,1.06e+04,0,0,
n40,n87,292,286,27.1,27.1,91.0,91.0,7.220e-21,9.730e-17,4.13,0.824,1.11e+04,0,0,
n40,n88,292,282,27.4,27.4,99.0,99.0,2.650e-23,3.570e-19,4.13,0.775,1.04e+04,0,0,
n40,n89,292,308,25.2,25.7,108.0,108.0,7.460e-26,1.000e-21,4.13,1.12,1.5e+04,0,0,
n40,n9,292,315,29.3,29.3,91.0,91.0,1.230e-20,1.660e-16,4.13,1.4,1.9e+04,0,0,
n40,n90,292,258,25.3,25.3,59.0,59.0,5.190e-11,6.990e-07,4.13,1.38,1.86e+04,0,0,
n41,n1,305,290,49.6,49.6,262.0,262.0,2.470e-72,3.330e-68,4.13,0.808,1.09e+04,1,1,
n41,n10,305,262,48.0,48.0,238.0,238.0,6.520e-65,8.780e-61,4.13,1.27,1.71e+04,1,1,
n41,n11,305,262,48.7,48.7,245.0,245.0,3.130e-67,4.210e-63,4.13,0.781,1.05e+04,1,1,
n41,n12,305,262,47.2,47.2,237.0,237.0,8.510e-65,1.150e-60,4.13,0.83,1.12e+04,1,1,
n41,n127,305,433,24.6,28.1,30.0,30.0,1.580e-02,2.130e+02,4.13,0.749,1.01e+04,0,0,
n41,n13,305,262,47.6,47.6,238.0,238.0,3.820e-65,5.150e-61,4.13,0.745,1e+04,1,1,
n41,n14,305,319,44.3,44.3,240.0,240.0,1.010e-65,1.350e-61,4.13,0.788,1.05e+04,1,1,
n41,n15,305,301,45.5,45.5,248.0,248.0,3.690e-68,4.970e-64,4.13,0.737,9.93e+03,1,1,
n41,n16,305,262,44.0,44.0,221.0,221.0,4.830e-60,6.510e-56,4.13,0.719,9.69e+03,1,1,
n41,n18,305,298,52.6,52.6,304.0,304.0,5.670e-85,7.640e-81,4.13,0.816,1.1e+04,1,1,
n41,n19,305,307,44.0,44.0,255.0,255.0,3.940e-70,5.310e-66,4.13,1.01,1.36e+04,1,1,
n41,n2,305,259,46.9,46.9,231.0,231.0,7.970e-63,1.070e-58,4.13,1.21,1.63e+04,1,1,
n41,n20,305,298,43.5,43.5,241.0,241.0,5.890e-66,7.940e-62,4.13,0.919,1.24e+04,1,1,
n41,n21,305,304,46.2,46.2,253.0,253.0,1.500e-69,2.020e-65,4.13,0.959,1.29e+04,1,1,
n41,n22,305,296,44.2,44.2,242.0,242.0,3.460e-66,4.650e-62,4.13,1.08,1.45e+04,1,1,
n41,n23,305,300,44.5,44.5,247.0,247.0,1.400e-67,1.890e-63,4.13,1.4,1.89e+04,1,1,
n41,n24,305,304,43.8,43.8,215.0,215.0,3.460e-58,4.660e-54,4.13,0.804,1.08e+04,1,1,
n41,n25,305,301,43.9,43.9,239.0,239.0,2.930e-65,3.940e-61,4.13,1.14,1.54e+04,1,1,
n41,n26,305,261,48.3,48.3,243.0,243.0,1.550e-66,2.090e-62,4.13,0.967,1.3e+04,1,1,
n41,n27,305,296,44.2,44.2,242.0,242.0,3.460e-66,4.650e-62,4.13,1.08,1.45e+04,1,1,
n41,n28,305,284,39.9,39.9,193.0,193.0,1.840e-51,2.480e-47,4.13,1.02,1.37e+04,1,1,
n41,n29,305,319,43.9,43.9,238.0,238.0,4.990e-65,6.720e-61,4.13,0.973,1.31e+04,1,1,
n41,n3,305,380,22.7,22.7,37.0,37.0,1.690e-04,2.270e+00,4.13,1.03,1.38e+04,0,0,
n41,n30,305,262,48.7,48.7,245.0,245.0,3.130e-67,4.210e-63,4.13,0.781,1.05e+04,1,1,
n41,n31,305,262,47.2,47.2,237.0,237.0,8.510e-65,1.150e-60,4.13,0.83,1.12e+04,1,1,
n41,n32,305,294,38.4,38.4,200.0,200.0,1.970e-53,2.650e-49,4.13,1.4,1.88e+04,1,1,
n41,n33,305,293,43.9,43.9,228.0,228.0,3.950e-62,5.320e-58,4.13,0.752,1.01e+04,1,1,
n41,n34,305,293,43.0,43.0,216.0,216.0,2.030e-58,2.730e-54,4.13,0.944,1.27e+04,1,1,
n41,n35,305,456,22.4,22.4,35.0,35.0,4.910e-04,6.620e+00,4.13,0.745,1e+04,0,0,
n41,n36,305,310,47.8,47.8,260.0,260.0,1.600e-71,2.160e-67,4.13,1.31,1.77e+04,1,1,
n41,n4,305,292,51.4,51.4,295.0,295.0,4.490e-82,6.050e-78,4.13,1.26,1.7e+04,1,1,
n41,n40,305,292,26.5,26.5,89.0,89.0,3.740e-20,5.040e-16,4.13,1.02,1.38e+04,0,0,
n41,n42,305,426,56.1,56.1,349.0,349.0,2.010e-98,2.700e-94,4.13,1.02,1.37e+04,1,1,
n41,n43,305,319,42.4,42.4,193.0,193.0,1.840e-51,2.480e-47,4.13,1.02,1.37e+04,1,1,
n41,n44,305,301,45.5,45.5,248.0,248.0,3.690e-68,4.970e-64,4.13,0.737,9.93e+03,1,1,
n41,n45,305,319,44.3,44.3,240.0,240.0,1.010e-65,1.350e-61,4.13,0.788,1.05e+04,1,1,
n41,n46,305,301,45.5,45.5,248.0,248.0,3.690e-68,4.970e-64,4.13,0.737,9.93e+03,1,1,
n41,n47,305,304,46.2,46.2,253.0,253.0,1.500e-69,2.020e-65,4.13,0.959,1.29e+04,1,1,
n41,n5,305,292,44.7,45.1,224.0,224.0,9.740e-61,1.310e-56,4.13,1.16,1.56e+04,1,1,
n41,n50,305,269,36.8,36.8,146.0,146.0,3.370e-37,4.540e-33,4.13,1.33,1.79e+04,1,1,
n41,n51,305,312,51.4,51.4,280.0,280.0,1.150e-77,1.540e-73,4.13,0.986,1.32e+04,1,1,
n41,n52,305,260,43.4,43.4,226.0,226.0,2.560e-61,3.450e-57,4.13,1.22,1.64e+04,1,1,
n41,n53,305,260,46.0,46.0,236.0,236.0,2.480e-64,3.340e-60,4.13,1.21,1.63e+04,1,1,
n41,n54,305,259,47.3,47.3,231.0,231.0,6.100e-63,8.210e-59,4.13,0.929,1.25e+04,1,1,
n41,n55,305,257,44.5,44.5,222.0,222.0,2.830e-60,3.820e-56,4.13,0.842,1.14e+04,1,1,
n41,n56,305,257,44.1,44.1,218.0,218.0,5.340e-59,7.200e-55,4.13,0.993,1.34e+04,1,1,
n41,n57,305,257,43.8,43.8,218.0,218.0,5.340e-59,7.200e-55,4.13,0.993,1.34e+04,1,1,
n41,n58,305,299,40.8,40.8,206.0,206.0,2.100e-55,2.830e-51,4.13,0.954,1.29e+04,1,1,
n41,n59,305,298,45.7,45.7,260.0,260.0,1.230e-71,1.650e-67,4.13,1.01,1.35e+04,1,1,
n41,n6,305,289,46.9,46.9,234.0,234.0,7.210e-64,9.700e-60,4.13,0.879,1.18e+04,1,1,
n41,n60,305,316,41.4,41.4,250.0,250.0,9.720e-69,1.310e-64,4.13,0.777,1.05e+04,1,1,
n41,n61,305,307,42.4,42.4,251.0,251.0,7.440e-69,1.000e-64,4.13,1.19,1.6e+04,1,1,
n41,n62,305,263,50.7,50.7,252.0,252.0,3.340e-69,4.500e-65,4.13,1.07,1.44e+04,1,1,
n41,n63,305,282,25.3,25.3,88.0,88.0,8.340e-20,1.120e-15,4.13,1.14,1.53e+04,0,0,
n41,n64,305,257,45.7,45.7,228.0,228.0,6.740e-62,9.080e-58,4.13,1.28,1.73e+04,1,1,
n41,n66,305,302,44.1,44.1,260.0,260.0,1.230e-71,1.650e-67,4.13,1.01,1.35e+04,1,1,
n41,n67,305,366,33.6,33.2,147.0,149.0,1.160e-37,3.140e-34,3.43,0.914,9.89e+03,1,1,
n41,n68,305,302,46.1,46.1,265.0,265.0,4.980e-73,6.700e-69,4.13,1.3,1.75e+04,1,1,
n41,n69,305,279,44.4,44.4,214.0,213.0,1.010e-57,1.770e-53,4.24,1.17,1.03e+04,1,1,
n41,n7,305,302,46.8,46.8,261.0,261.0,7.190e-72,9.680e-68,4.13,1.18,1.58e+04,1,1,
n41,n70,305,292,45.4,45.4,247.0,247.0,1.400e-67,1.890e-63,4.13,1.4,1.89e+04,1,1,
n41,n71,305,297,44.6,44.6,255.0,255.0,5.150e-70,6.940e-66,4.13,1.32,1.77e+04,1,1,
n41,n72,305,311,43.4,43.4,215.0,215.0,3.460e-58,4.660e-54,4.13,0.804,1.08e+04,1,1,
n41,n73,305,302,44.4,44.4,229.0,229.0,2.320e-62,3.120e-58,4.13,0.884,1.19e+04,1,1,
n41,n74,305,284,46.2,46.2,242.0,242.0,3.460e-66,4.650e-62,4.13,1.08,1.45e+04,1,1,
n41,n75,305,279,46.5,46.5,230.0,230.0,1.360e-62,1.830e-58,4.13,1.04,1.39e+04,1,1,
n41,n76,305,304,44.5,44.5,255.0,255.0,3.020e-70,4.070e-66,4.13,0.772,1.04e+04,1,1,
n41,n77,305,304,47.0,47.0,268.0,268.0,4.500e-74,6.060e-70,4.13,0.942,1.27e+04,1,1,
n41,n78,305,293,43.4,43.4,229.0,229.0,2.320e-62,3.120e-58,4.13,0.884,1.19e+04,1,1,
n41,n79,305,283,33.3,33.3,136.0,136.0,2.670e-34,3.600e-30,4.13,1.03,1.38e+04,1,1,
n41,n8,305,262,48.3,48.3,243.0,243.0,2.030e-66,2.730e-62,4.13,1.27,1.7e+04,1,1,
n41,n80,305,301,44.5,44.5,242.0,242.0,4.510e-66,6.080e-62,4.13,1.41,1.9e+04,1,1,
n41,n81,305,310,45.1,45.1,238.0,238.0,4.990e-65,6.720e-61,4.13,0.973,1.31e+04,1,1,
n41,n82,305,364,32.6,32.6,136.0,136.0,2.670e-34,3.600e-30,4.13,1.03,1.38e+04,1,1,
n41,n83,305,434,42.3,42.3,183.0,183.0,1.900e-48,2.570e-44,4.13,1.03,1.39e+04,1,1,
n41,n86,305,273,45.4,45.4,248.0,248.0,4.820e-68,6.490e-64,4.13,0.963,1.3e+04,1,1,
n41,n87,305,286,46.5,46.5,226.0,226.0,1.960e-61,2.640e-57,4.13,0.933,1.26e+04,1,1,
n41,n88,305,282,42.1,42.1,198.0,198.0,4.380e-53,5.900e-49,4.13,0.777,1.05e+04,1,1,
n41,n89,305,308,47.6,47.6,270.0,270.0,1.550e-74,2.080e-70,4.13,1.3,1.74e+04,1,1,
n41,n9,305,315,47.6,47.6,240.0,240.0,1.010e-65,1.350e-61,4.13,0.788,1.05e+04,1,1,
n41,n90,305,258,26.7,26.7,60.0,60.0,2.430e-11,3.280e-07,4.13,1.24,1.67e+04,0,0,
n42,n1,426,290,62.1,62.1,349.0,349.0,3.660e-98,4.930e-94,4.13,1.33,1.79e+04,1,1,
n42,n10,426,262,51.1,51.1,273.0,273.0,1.950e-75,2.630e-71,4.13,0.936,1.26e+04,1,1,
n42,n11,426,262,51.9,51.9,281.0,281.0,9.380e-78,1.260e-73,4.13,1.15,1.55e+04,1,1,
n42,n12,426,262,50.4,50.4,273.0,273.0,1.950e-75,2.630e-71,4.13,0.936,1.26e+04,1,1,
n42,n127,426,433,26.6,26.6,37.0,37.0,1.810e-04,2.430e+00,4.13,0.786,1.06e+04,0,0,
n42,n13,426,262,50.7,50.7,275.0,275.0,6.720e-76,9.050e-72,4.13,1.29,1.74e+04,1,1,
n42,n14,426,319,45.1,45.1,274.0,274.0,8.780e-76,1.180e-71,4.13,0.843,1.13e+04,1,1,
n42,n15,426,301,51.7,51.7,281.0,281.0,9.380e-78,1.260e-73,4.13,1.15,1.55e+04,1,1,
n42,n16,426,262,50.0,50.0,268.0,268.0,8.210e-74,1.110e-69,4.13,1.23,1.66e+04,1,1,
n42,n18,426,298,69.1,69.1,405.0,405.0,3.300e-115,4.440e-111,4.13,0.862,1.16e+04,1,1,
n42,n19,426,307,51.7,51.7,285.0,285.0,6.490e-79,8.740e-75,4.13,1.28,1.72e+04,1,1,
n42,n2,426,259,49.1,49.1,268.0,268.0,6.290e-74,8.470e-70,4.13,0.943,1.27e+04,1,1,
n42,n20,426,298,51.3,51.3,272.0,272.0,4.360e-75,5.870e-71,4.13,1.05,1.41e+04,1,1,
n42,n21,426,304,64.2,64.2,357.0,357.0,7.880e-101,1.060e-96,4.13,0.731,9.84e+03,1,1,
n42,n22,426,296,50.6,50.6,278.0,278.0,7.940e-77,1.070e-72,4.13,1.22,1.64e+04,1,1,
n42,n23,426,300,45.3,45.3,268.0,268.0,4.820e-74,6.480e-70,4.13,0.723,9.72e+03,1,1,
n42,n24,426,304,49.6,49.6,266.0,266.0,3.120e-73,4.200e-69,4.13,1.17,1.57e+04,1,1,
n42,n25,426,301,45.8,45.8,272.0,272.0,5.690e-75,7.660e-71,4.13,1.37,1.84e+04,1,1,
n42,n26,426,261,51.1,51.1,277.0,277.0,1.040e-76,1.400e-72,4.13,0.798,1.07e+04,1,1,
n42,n27,426,296,50.6,50.6,278.0,278.0,7.940e-77,1.070e-72,4.13,1.22,1.64e+04,1,1,
n42,n28,426,284,43.5,43.5,233.0,233.0,2.930e-63,3.940e-59,4.13,1.28,1.72e+04,1,1,
n42,n29,426,319,50.2,50.2,272.0,272.0,4.360e-75,5.870e-71,4.13,1.05,1.41e+04,1,1,
n42,n3,426,380,25.7,25.7,35.0,35.0,6.860e-04,9.240e+00,4.13,0.745,1e+04,0,0,
n42,n30,426,262,51.9,51.9,281.0,281.0,9.380e-78,1.260e-73,4.13,1.15,1.55e+04,1,1,
n42,n31,426,262,50.4,50.4,273.0,273.0,1.950e-75,2.630e-71,4.13,0.936,1.26e+04,1,1,
n42,n32,426,294,45.0,45.0,235.0,235.0,7.710e-64,1.040e-59,4.13,1.35,1.82e+04,1,1,
n42,n33,426,293,45.5,45.5,257.0,257.0,1.450e-70,1.950e-66,4.13,1.06,1.43e+04,1,1,
n42,n34,426,293,46.0,46.0,246.0,246.0,3.340e-67,4.500e-63,4.13,1.19,1.61e+04,1,1,
n42,n35,426,456,25.0,25.0,34.0,34.0,1.530e-03,2.060e+01,4.13,0.831,1.12e+04,0,0,
n42,n36,426,310,59.1,59.1,318.0,318.0,5.300e-89,7.140e-85,4.13,0.895,1.21e+04,1,1,
n42,n37,426,263,30.4,30.4,42.0,42.0,9.570e-06,1.290e-01,4.13,1.33,1.79e+04,1,0,lost_in_v12
n42,n38,426,495,30.0,30.5,83.0,84.0,3.750e-18,2.960e-14,3.90,1.15,1.81e+04,1,1,
n42,n4,426,292,65.0,65.0,375.0,375.0,4.770e-106,6.430e-102,4.13,1.16,1.56e+04,1,1,
n42,n40,426,292,27.3,27.3,104.0,104.0,1.200e-24,1.620e-20,4.13,0.769,1.04e+04,0,0,
n42,n41,426,305,56.1,56.1,349.0,349.0,2.800e-98,3.780e-94,4.13,1.02,1.37e+04,1,1,
n42,n43,426,319,39.9,39.9,220.0,220.0,2.570e-59,3.450e-55,4.13,1.37,1.84e+04,1,1,
n42,n44,426,301,51.7,51.7,281.0,281.0,9.380e-78,1.260e-73,4.13,1.15,1.55e+04,1,1,
n42,n45,426,319,45.1,45.1,274.0,274.0,8.780e-76,1.180e-71,4.13,0.843,1.13e+04,1,1,
n42,n46,426,301,51.7,51.7,281.0,281.0,9.380e-78,1.260e-73,4.13,1.15,1.55e+04,1,1,
n42,n47,426,304,64.2,64.2,357.0,357.0,7.880e-101,1.060e-96,4.13,0.731,9.84e+03,1,1,
n42,n5,426,292,46.7,46.7,241.0,241.0,8.230e-66,1.110e-61,4.13,0.919,1.24e+04,1,1,
n42,n50,426,269,32.4,32.4,132.0,132.0,7.030e-33,9.470e-29,4.13,1.21,1.63e+04,1,1,
n42,n51,426,312,54.7,54.7,302.0,302.0,3.930e-84,5.290e-80,4.13,1.01,1.36e+04,1,1,
n42,n52,426,260,50.6,50.6,273.0,273.0,2.550e-75,3.440e-71,4.13,1.22,1.65e+04,1,1,
n42,n53,426,260,51.3,51.3,277.0,277.0,1.350e-76,1.820e-72,4.13,1.04,1.4e+04,1,1,
n42,n54,426,259,49.6,49.6,270.0,270.0,2.160e-74,2.910e-70,4.13,1.3,1.75e+04,1,1,
n42,n55,426,257,47.8,47.8,256.0,256.0,2.470e-70,3.330e-66,4.13,0.904,1.22e+04,1,1,
n42,n56,426,257,48.5,48.5,260.0,260.0,1.310e-71,1.770e-67,4.13,0.767,1.04e+04,1,1,
n42,n57,426,257,48.1,48.1,259.0,259.0,3.820e-71,5.140e-67,4.13,1.12,1.51e+04,1,1,
n42,n58,426,299,42.4,42.4,229.0,229.0,4.230e-62,5.690e-58,4.13,1.15,1.55e+04,1,1,
n42,n59,426,298,51.4,51.4,305.0,305.0,6.060e-85,8.170e-81,4.13,1.25,1.68e+04,1,1,
n42,n6,426,289,48.7,48.7,262.0,262.0,4.510e-72,6.070e-68,4.13,1.06,1.42e+04,1,1,
n42,n60,426,316,52.1,52.1,302.0,302.0,3.010e-84,4.050e-80,4.13,0.775,1.04e+04,1,1,
n42,n61,426,307,53.7,53.7,311.0,311.0,8.460e-87,1.140e-82,4.13,1.12,1.5e+04,1,1,
n42,n62,426,263,52.6,52.6,283.0,283.0,2.470e-78,3.320e-74,4.13,1.21,1.63e+04,1,1,
n42,n63,426,282,21.5,28.9,19.0,121.0,5.090e+01,1.280e-25,-26.60,0.844,1.08e+04,0,0,
n42,n64,426,257,51.3,51.3,265.0,265.0,5.320e-73,7.170e-69,4.13,0.997,1.34e+04,1,1,
n42,n66,426,302,55.6,55.6,316.0,316.0,2.010e-88,2.710e-84,4.13,0.848,1.14e+04,1,1,
n42,n67,426,366,41.5,41.5,193.0,193.0,2.570e-51,3.460e-47,4.13,1.02,1.37e+04,1,1,
n42,n68,426,302,56.8,56.8,322.0,322.0,4.790e-90,6.450e-86,4.13,1.29,1.74e+04,1,1,
n42,n69,426,279,51.0,51.0,269.0,269.0,3.690e-74,4.970e-70,4.13,1.11,1.49e+04,1,1,
n42,n7,426,302,53.5,53.5,303.0,303.0,1.760e-84,2.380e-80,4.13,0.907,1.23e+04,1,1,
n42,n70,426,292,54.5,54.5,303.0,302.0,2.300e-84,5.290e-80,4.36,1.18,1.36e+04,1,1,
n42,n71,426,297,52.0,52.0,309.0,309.0,2.460e-86,3.320e-82,4.13,0.811,1.09e+04,1,1,
n42,n72,426,311,47.6,47.6,247.0,247.0,1.500e-67,2.020e-63,4.13,1.07,1.44e+04,1,1,
n42,n73,426,302,45.8,45.8,263.0,263.0,2.640e-72,3.560e-68,4.13,1.24,1.67e+04,1,1,
n42,n74,426,284,49.5,49.5,273.0,273.0,1.500e-75,2.020e-71,4.13,0.72,9.69e+03,1,1,
n42,n75,426,279,54.6,54.6,285.0,285.0,6.490e-79,8.740e-75,4.13,1.28,1.72e+04,1,1,
n42,n76,426,304,49.5,49.5,296.0,296.0,2.820e-82,3.790e-78,4.13,1.14,1.53e+04,1,1,
n42,n77,426,304,53.1,53.1,305.0,305.0,4.640e-85,6.250e-81,4.13,0.956,1.29e+04,1,1,
n42,n78,426,293,49.4,49.4,263.0,263.0,2.640e-72,3.560e-68,4.13,1.24,1.67e+04,1,1,
n42,n79,426,283,30.8,30.8,122.0,122.0,7.280e-30,9.800e-26,4.13,1.22,1.65e+04,1,1,
n42,n8,426,262,50.9,50.9,276.0,276.0,2.310e-76,3.110e-72,4.13,0.887,1.19e+04,1,1,
n42,n80,426,301,50.6,50.6,275.0,275.0,6.720e-76,9.050e-72,4.13,1.29,1.74e+04,1,1,
n42,n81,426,310,52.3,52.3,292.0,292.0,3.110e-81,4.190e-77,4.13,0.782,1.05e+04,1,1,
n42,n82,426,364,41.5,41.5,188.0,188.0,8.270e-50,1.110e-45,4.13,1.03,1.38e+04,1,1,
n42,n83,426,434,40.8,40.8,201.0,201.0,1.230e-53,1.660e-49,4.13,1.25,1.69e+04,1,1,
n42,n86,426,273,54.5,54.5,304.0,304.0,1.350e-84,1.820e-80,4.13,1.39,1.88e+04,1,1,
n42,n87,426,286,40.4,45.9,200.0,242.0,2.750e-53,4.980e-62,-8.74,1.4,1.11e+04,1,1,
n42,n88,426,282,48.3,48.3,246.0,246.0,3.340e-67,4.500e-63,4.13,1.19,1.61e+04,1,1,
n42,n89,426,308,52.9,52.9,311.0,311.0,6.480e-87,8.720e-83,4.13,0.855,1.15e+04,1,1,
n42,n9,426,315,49.5,49.5,268.0,268.0,8.210e-74,1.110e-69,4.13,1.23,1.66e+04,1,1,
n42,n90,426,258,24.8,25.2,53.0,55.0,4.150e-09,1.470e-05,3.55,1.18,1.67e+04,0,0,
n43,n1,319,290,44.2,44.2,214.0,214.0,1.050e-57,1.090e-53,4.02,1.17,1.21e+04,1,1,
n43,n10,319,262,43.8,43.8,198.0,198.0,7.820e-53,1.050e-48,4.13,1.33,1.78e+04,1,1,
n43,n11,319,262,44.2,44.2,202.0,202.0,3.170e-54,4.270e-50,4.13,0.86,1.16e+04,1,1,
n43,n12,319,262,44.1,44.1,203.0,203.0,2.430e-54,3.270e-50,4.13,1.32,1.77e+04,1,1,
n43,n13,319,262,44.5,44.5,204.0,204.0,8.350e-55,1.120e-50,4.13,0.906,1.22e+04,1,1,
n43,n14,319,319,41.0,41.0,205.0,205.0,6.390e-55,8.610e-51,4.13,1.39,1.87e+04,1,1,
n43,n15,319,301,38.2,38.2,205.0,205.0,4.900e-55,6.590e-51,4.13,1.06,1.43e+04,1,1,
n43,n16,319,262,44.0,44.0,215.0,215.0,4.730e-58,6.370e-54,4.13,1.05,1.42e+04,1,1,
n43,n18,319,298,39.9,40.7,220.0,220.0,1.130e-59,1.520e-55,4.13,0.804,1.08e+04,1,1,
n43,n19,319,307,42.6,42.6,230.0,230.0,1.860e-62,2.500e-58,4.13,1.35,1.82e+04,1,1,
n43,n2,319,259,40.5,40.5,190.0,190.0,1.630e-50,2.200e-46,4.13,1.08,1.46e+04,1,1,
n43,n20,319,298,48.0,48.0,245.0,245.0,3.270e-67,4.400e-63,4.13,0.781,1.05e+04,1,1,
n43,n21,319,304,40.3,40.3,217.0,217.0,9.530e-59,1.280e-54,4.13,0.847,1.14e+04,1,1,
n43,n22,319,296,38.9,38.9,201.0,201.0,5.410e-54,7.290e-50,4.13,0.734,9.89e+03,1,1,
n43,n23,319,300,38.8,38.6,201.0,201.0,9.230e-54,7.290e-50,3.90,1.25,9.89e+03,1,1,
n43,n24,319,304,36.2,36.2,191.0,191.0,5.600e-51,7.540e-47,4.13,0.742,9.99e+03,1,1,
n43,n25,319,301,38.8,38.8,206.0,206.0,2.200e-55,2.960e-51,4.13,0.955,1.29e+04,1,1,
n43,n26,319,261,44.3,44.3,204.0,204.0,1.090e-54,1.470e-50,4.13,1.18,1.6e+04,1,1,
n43,n27,319,296,38.9,38.9,201.0,201.0,5.410e-54,7.290e-50,4.13,0.734,9.89e+03,1,1,
n43,n28,319,284,41.2,41.2,194.0,194.0,8.640e-52,1.160e-47,4.13,0.916,1.23e+04,1,1,
n43,n29,319,319,40.5,40.5,203.0,203.0,1.420e-54,1.920e-50,4.13,0.771,1.04e+04,1,1,
n43,n3,319,380,30.4,31.3,37.0,38.0,2.310e-04,1.070e+00,3.67,1.34,1.24e+04,0,0,
n43,n30,319,262,44.2,44.2,202.0,202.0,3.170e-54,4.270e-50,4.13,0.86,1.16e+04,1,1,
n43,n31,319,262,44.1,44.1,203.0,203.0,2.430e-54,3.270e-50,4.13,1.32,1.77e+04,1,1,
n43,n32,319,294,37.6,37.6,171.0,171.0,7.830e-45,1.060e-40,4.13,0.989,1.34e+04,1,1,
n43,n33,319,293,43.4,43.4,193.0,193.0,2.510e-51,3.390e-47,4.13,1.33,1.8e+04,1,1,
n43,n34,319,293,42.1,42.1,181.0,181.0,5.800e-48,7.810e-44,4.13,0.75,1.01e+04,1,1,
n43,n35,319,456,29.6,30.4,35.0,37.0,5.140e-04,2.380e+00,3.67,0.746,1.38e+04,0,0,
n43,n36,319,310,42.4,42.4,222.0,222.0,3.870e-60,5.210e-56,4.13,1.1,1.48e+04,1,1,
n43,n37,319,263,40.0,40.0,30.0,30.0,2.820e-02,3.800e+02,4.13,1.28,1.72e+04,0,0,
n43,n4,319,292,43.7,43.7,216.0,216.0,2.120e-58,2.860e-54,4.13,0.943,1.27e+04,1,1,
n43,n40,319,292,26.8,26.8,66.0,66.0,2.720e-13,3.660e-09,4.13,0.847,1.14e+04,0,0,
n43,n41,319,305,42.4,42.4,193.0,193.0,1.930e-51,2.590e-47,4.13,1.02,1.37e+04,1,1,
n43,n42,319,426,39.9,39.9,220.0,220.0,1.920e-59,2.590e-55,4.13,1.37,1.84e+04,1,1,
n43,n44,319,301,38.2,38.2,205.0,205.0,4.900e-55,6.590e-51,4.13,1.06,1.43e+04,1,1,
n43,n45,319,319,41.0,41.0,205.0,205.0,6.390e-55,8.610e-51,4.13,1.39,1.87e+04,1,1,
n43,n46,319,301,38.2,38.2,205.0,205.0,4.900e-55,6.590e-51,4.13,1.06,1.43e+04,1,1,
n43,n47,319,304,40.3,40.3,217.0,217.0,9.530e-59,1.280e-54,4.13,0.847,1.14e+04,1,1,
n43,n5,319,292,40.8,40.8,194.0,194.0,8.640e-52,1.160e-47,4.13,0.916,1.23e+04,1,1,
n43,n50,319,269,28.8,28.8,103.0,103.0,2.010e-24,2.700e-20,4.13,0.861,1.16e+04,0,0,
n43,n51,319,312,45.4,45.4,258.0,258.0,3.730e-71,5.030e-67,4.13,0.729,9.84e+03,1,1,
n43,n52,319,260,42.5,42.5,196.0,196.0,2.970e-52,4.000e-48,4.13,1.26,1.7e+04,1,1,
n43,n53,319,260,43.2,43.2,202.0,202.0,4.140e-54,5.580e-50,4.13,1.12,1.51e+04,1,1,
n43,n54,319,259,41.2,41.2,194.0,194.0,1.130e-51,1.520e-47,4.13,1.2,1.61e+04,1,1,
n43,n55,319,257,36.5,36.5,175.0,175.0,5.430e-46,7.310e-42,4.13,1.1,1.48e+04,1,1,
n43,n56,319,257,37.3,37.3,178.0,178.0,6.410e-47,8.630e-43,4.13,1.04,1.4e+04,1,1,
n43,n57,319,257,36.9,36.9,177.0,177.0,1.090e-46,1.470e-42,4.13,0.882,1.19e+04,1,1,
n43,n58,319,299,30.7,35.7,105.0,174.0,5.280e-25,1.250e-41,-16.63,0.904,1.26e+04,1,1,
n43,n59,319,298,45.1,47.4,238.0,247.0,4.000e-65,1.160e-63,1.46,0.746,1.11e+04,1,1,
n43,n6,319,289,45.0,45.0,204.0,204.0,8.350e-55,1.120e-50,4.13,0.906,1.22e+04,1,1,
n43,n60,319,316,40.7,40.7,220.0,220.0,1.130e-59,1.520e-55,4.13,0.804,1.08e+04,1,1,
n43,n61,319,307,46.5,46.5,221.0,221.0,6.600e-60,8.890e-56,4.13,0.939,1.26e+04,1,1,
n43,n62,319,263,40.7,40.7,191.0,191.0,9.560e-51,1.290e-46,4.13,1.27,1.71e+04,1,1,
n43,n63,319,282,21.8,21.8,65.0,65.0,4.640e-13,6.240e-09,4.13,0.723,9.72e+03,0,0,
n43,n64,319,257,39.9,39.9,188.0,188.0,8.090e-50,1.090e-45,4.13,1.34,1.81e+04,1,1,
n43,n66,319,302,45.6,45.6,237.0,237.0,1.160e-64,1.570e-60,4.13,1.08,1.46e+04,1,1,
n43,n67,319,366,32.7,32.7,125.0,125.0,6.440e-31,8.670e-27,4.13,1.16,1.56e+04,1,1,
n43,n68,319,302,41.9,43.1,236.0,240.0,1.980e-64,2.420e-61,3.09,0.923,1.81e+04,1,1,
n43,n69,319,279,35.6,35.6,178.0,178.0,4.910e-47,6.610e-43,4.13,0.794,1.07e+04,1,1,
n43,n7,319,302,41.1,42.6,227.0,232.0,9.210e-62,3.860e-59,2.62,0.839,1.12e+04,1,1,
n43,n70,319,292,39.3,39.3,195.0,195.0,5.070e-52,6.820e-48,4.13,1.07,1.45e+04,1,1,
n43,n71,319,297,48.0,48.0,245.0,245.0,4.270e-67,5.750e-63,4.13,1.02,1.37e+04,1,1,
n43,n72,319,311,36.1,36.1,188.0,188.0,4.740e-50,6.390e-46,4.13,0.785,1.06e+04,1,1,
n43,n73,319,302,38.6,36.9,189.0,189.0,2.780e-50,3.740e-46,4.13,0.921,1.24e+04,1,1,
n43,n74,319,284,38.4,40.3,196.0,204.0,2.970e-52,1.120e-50,1.58,1.26,1.22e+04,1,1,
n43,n75,319,279,41.9,41.9,206.0,206.0,1.680e-55,2.270e-51,4.13,0.729,9.86e+03,1,1,
n43,n76,319,304,45.3,45.3,223.0,223.0,2.270e-60,3.060e-56,4.13,1.29,1.74e+04,1,1,
n43,n77,319,304,47.5,47.5,225.0,225.0,5.970e-61,8.040e-57,4.13,1.36,1.83e+04,1,1,
n43,n78,319,293,42.2,42.2,206.0,206.0,2.870e-55,3.870e-51,4.13,1.25,1.68e+04,1,1,
n43,n79,319,283,27.7,27.7,101.0,101.0,1.300e-23,1.750e-19,4.13,1.39,1.87e+04,0,0,
n43,n8,319,262,43.9,43.9,201.0,201.0,5.410e-54,7.290e-50,4.13,0.734,9.89e+03,1,1,
n43,n80,319,301,41.5,41.5,208.0,208.0,7.550e-56,1.020e-51,4.13,1.31,1.77e+04,1,1,
n43,n81,319,310,41.6,41.6,204.0,204.0,8.350e-55,1.120e-50,4.13,0.906,1.22e+04,1,1,
n43,n82,319,364,30.5,30.5,119.0,119.0,2.710e-29,3.640e-25,4.13,0.76,1.02e+04,1,1,
n43,n83,319,434,33.5,33.5,129.0,129.0,2.610e-32,3.520e-28,4.13,0.75,1.01e+04,1,1,
n43,n86,319,273,48.7,48.7,249.0,249.0,2.260e-68,3.050e-64,4.13,0.863,1.16e+04,1,1,
n43,n87,319,286,42.0,42.0,197.0,197.0,1.020e-52,1.370e-48,4.13,0.865,1.16e+04,1,1,
n43,n88,319,282,37.8,37.8,161.0,161.0,8.110e-42,1.090e-37,4.13,1,1.35e+04,1,1,
n43,n89,319,308,43.1,43.1,211.0,211.0,5.230e-57,7.040e-53,4.13,0.727,9.78e+03,1,1,
n43,n9,319,315,36.1,36.1,182.0,182.0,3.400e-48,4.580e-44,4.13,0.88,1.19e+04,1,1,
n44,n1,301,290,50.3,50.3,265.0,265.0,2.880e-73,3.880e-69,4.13,0.764,1.03e+04,1,1,
n44,n10,301,262,98.5,98.5,518.0,518.0,3.220e-149,4.340e-145,4.13,1.24,1.67e+04,1,1,
n44,n11,301,262,100.0,100.0,532.0,532.0,2.150e-153,2.900e-149,4.13,1.35,1.82e+04,1,1,
n44,n12,301,262,93.1,93.1,500.0,500.0,9.070e-144,1.220e-139,4.13,1.33,1.79e+04,1,1,
n44,n127,301,433,30.8,30.8,39.0,39.0,3.360e-05,4.520e-01,4.13,0.826,1.11e+04,0,0,
n44,n13,301,262,97.7,97.7,522.0,522.0,2.230e-150,3.000e-146,4.13,1.37,1.84e+04,1,1,
n44,n14,301,319,93.0,93.0,565.0,565.0,2.300e-163,3.090e-159,4.13,1.24,1.67e+04,1,1,
n44,n15,301,301,100.0,100.0,602.0,602.0,1.700e-174,2.280e-170,4.13,1.26,1.69e+04,1,1,
n44,n16,301,262,75.1,75.1,416.0,416.0,1.320e-118,1.780e-114,4.13,0.999,1.35e+04,1,1,
n44,n17,301,314,23.4,33.3,25.0,42.0,8.560e-01,6.980e-02,-1.09,1.29,1.37e+04,0,0,
n44,n18,301,298,51.4,51.4,287.0,287.0,9.240e-80,1.240e-75,4.13,1.03,1.38e+04,1,1,
n44,n19,301,307,44.3,44.3,258.0,262.0,6.010e-71,5.600e-68,2.97,1.25,1.86e+04,1,1,
n44,n2,301,259,64.6,64.6,349.0,349.0,2.590e-98,3.480e-94,4.13,1.33,1.79e+04,1,1,
n44,n20,301,298,48.6,48.6,245.0,245.0,4.030e-67,5.430e-63,4.13,1.02,1.37e+04,1,1,
n44,n21,301,304,48.6,48.6,257.0,257.0,1.340e-70,1.800e-66,4.13,1.39,1.87e+04,1,1,
n44,n22,301,296,80.4,80.4,492.0,492.0,2.470e-141,3.330e-137,4.13,1.41,1.91e+04,1,1,
n44,n23,301,300,81.1,81.1,498.0,499.0,2.640e-143,2.080e-139,3.90,0.967,1.52e+04,1,1,
n44,n24,301,304,61.4,61.4,367.0,367.0,7.030e-104,9.470e-100,4.13,0.946,1.27e+04,1,1,
n44,n25,301,301,92.7,92.7,563.0,563.0,6.680e-163,9.000e-159,4.13,0.902,1.22e+04,1,1,
n44,n26,301,261,99.2,99.2,528.0,528.0,2.380e-152,3.210e-148,4.13,0.936,1.26e+04,1,1,
n44,n27,301,296,80.4,80.4,492.0,492.0,2.470e-141,3.330e-137,4.13,1.41,1.91e+04,1,1,
n44,n28,301,284,55.0,55.0,304.0,304.0,5.600e-85,7.540e-81,4.13,0.817,1.1e+04,1,1,
n44,n29,301,319,95.0,95.0,576.0,576.0,7.630e-167,1.030e-162,4.13,0.844,1.14e+04,1,1,
n44,n3,301,380,22.0,22.0,34.0,34.0,1.080e-03,1.450e+01,4.13,0.83,1.11e+04,0,0,
n44,n30,301,262,100.0,100.0,532.0,532.0,2.150e-153,2.900e-149,4.13,1.35,1.82e+04,1,1,
n44,n31,301,262,93.1,93.1,500.0,500.0,9.070e-144,1.220e-139,4.13,1.33,1.79e+04,1,1,
n44,n32,301,294,49.7,49.7,292.0,292.0,2.200e-81,2.960e-77,4.13,0.783,1.05e+04,1,1,
n44,n33,301,293,58.2,58.2,313.0,313.0,1.200e-87,1.620e-83,4.13,0.896,1.21e+04,1,1,
n44,n34,301,293,57.4,57.4,313.0,313.0,1.570e-87,2.120e-83,4.13,1.17,1.58e+04,1,1,
n44,n35,301,456,21.3,21.3,36.0,36.0,3.710e-04,5.000e+00,4.13,1.14,1.54e+04,0,0,
n44,n36,301,310,48.9,48.9,250.0,250.0,1.250e-68,1.690e-64,4.13,1.01,1.37e+04,1,1,
n44,n37,301,263,28.0,27.2,39.0,39.0,4.380e-05,5.900e-01,4.13,1.08,1.45e+04,0,0,
n44,n38,301,495,26.4,26.4,73.0,73.0,2.740e-15,3.690e-11,4.13,1.16,1.56e+04,0,0,
n44,n4,301,292,47.2,49.1,260.0,263.0,9.270e-72,1.470e-68,3.20,0.768,9.75e+03,1,1,
n44,n40,301,292,30.4,30.4,104.0,104.0,1.110e-24,1.490e-20,4.13,1.01,1.35e+04,1,1,
n44,n41,301,305,45.5,45.5,248.0,248.0,3.640e-68,4.910e-64,4.13,0.737,9.94e+03,1,1,
n44,n42,301,426,51.7,51.7,281.0,281.0,6.620e-78,8.920e-74,4.13,1.15,1.55e+04,1,1,
n44,n43,301,319,38.2,38.2,205.0,205.0,4.620e-55,6.220e-51,4.13,1.06,1.43e+04,1,1,
n44,n45,301,319,93.0,93.0,565.0,565.0,2.300e-163,3.090e-159,4.13,1.24,1.67e+04,1,1,
n44,n46,301,301,100.0,100.0,602.0,602.0,1.700e-174,2.280e-170,4.13,1.26,1.69e+04,1,1,
n44,n47,301,304,48.6,48.6,257.0,257.0,1.340e-70,1.800e-66,4.13,1.39,1.87e+04,1,1,
n44,n49,301,262,28.2,28.2,35.0,35.0,4.850e-04,6.530e+00,4.13,0.746,1e+04,0,0,
n44,n5,301,292,59.8,59.8,347.0,347.0,7.530e-98,1.010e-93,4.13,0.966,1.3e+04,1,1,
n44,n50,301,269,33.7,33.7,135.0,135.0,4.500e-34,6.050e-30,4.13,0.877,1.18e+04,1,1,
n44,n51,301,312,50.2,50.2,268.0,268.0,4.440e-74,5.980e-70,4.13,0.942,1.27e+04,1,1,
n44,n52,301,260,67.7,67.7,363.0,363.0,1.010e-102,1.370e-98,4.13,0.849,1.15e+04,1,1,
n44,n53,301,260,68.3,68.3,364.0,364.0,7.770e-103,1.050e-98,4.13,1.31,1.77e+04,1,1,
n44,n54,301,259,64.9,64.9,350.0,350.0,8.890e-99,1.200e-94,4.13,0.912,1.23e+04,1,1,
n44,n55,301,257,55.0,55.0,283.0,283.0,1.740e-78,2.350e-74,4.13,1.21,1.63e+04,1,1,
n44,n56,301,257,55.0,55.0,285.0,285.0,4.590e-79,6.180e-75,4.13,1.28,1.72e+04,1,1,
n44,n57,301,257,55.7,55.7,286.0,286.0,1.580e-79,2.120e-75,4.13,0.879,1.18e+04,1,1,
n44,n58,301,299,52.5,51.5,289.0,290.0,3.180e-80,1.470e-76,3.66,1.42,1.31e+04,1,1,
n44,n59,301,298,46.5,46.5,259.0,259.0,2.700e-71,3.630e-67,4.13,1.12,1.5e+04,1,1,
n44,n6,301,289,60.1,60.1,346.0,347.0,1.680e-97,7.760e-94,3.66,1.08,9.95e+03,1,1,
n44,n60,301,316,47.8,47.8,247.0,247.0,1.380e-67,1.860e-63,4.13,1.4,1.88e+04,1,1,
n44,n61,301,307,46.6,46.6,240.0,240.0,9.920e-66,1.340e-61,4.13,0.784,1.06e+04,1,1,
n44,n62,301,263,63.5,63.5,344.0,344.0,8.320e-97,1.120e-92,4.13,1.33,1.8e+04,1,1,
n44,n63,301,282,31.0,31.2,110.0,111.0,2.020e-26,1.600e-22,3.90,1.17,1.86e+04,1,1,
n44,n64,301,257,65.9,65.9,351.0,351.0,5.210e-99,7.020e-95,4.13,1.07,1.44e+04,1,1,
n44,n65,301,254,28.4,28.4,44.0,44.0,1.040e-06,1.410e-02,4.13,0.819,1.11e+04,0,0,
n44,n66,301,302,46.8,46.8,268.0,268.0,4.440e-74,5.980e-70,4.13,0.942,1.27e+04,1,1,
n44,n67,301,366,35.2,35.2,127.0,127.0,1.600e-31,2.150e-27,4.13,1.22,1.64e+04,1,1,
n44,n68,301,302,49.2,49.7,280.0,281.0,1.130e-77,6.830e-74,3.78,0.982,1.19e+04,1,1,
n44,n69,301,279,56.0,56.8,316.0,319.0,1.420e-88,3.860e-85,3.43,0.848,1.84e+04,1,1,
n44,n7,301,302,49.4,49.4,275.0,275.0,2.780e-76,3.750e-72,4.13,0.755,1.02e+04,1,1,
n44,n70,301,292,47.9,47.9,274.0,274.0,8.100e-76,1.090e-71,4.13,1.1,1.48e+04,1,1,
n44,n71,301,297,44.7,44.7,253.0,253.0,1.930e-69,2.600e-65,4.13,1.25,1.68e+04,1,1,
n44,n72,301,311,58.2,58.7,353.0,355.0,1.050e-99,3.720e-96,3.55,0.862,1.22e+04,1,1,
n44,n73,301,302,50.9,50.5,285.0,292.0,2.690e-79,3.870e-77,2.16,0.748,1.38e+04,1,1,
n44,n74,301,284,78.1,76.8,449.0,449.0,1.410e-128,1.890e-124,4.13,0.917,1.23e+04,1,1,
n44,n75,301,279,48.9,49.3,251.0,252.0,7.340e-69,3.400e-65,3.67,1.19,1.1e+04,1,1,
n44,n76,301,304,49.6,49.6,262.0,262.0,4.160e-72,5.600e-68,4.13,1.38,1.86e+04,1,1,
n44,n77,301,304,46.9,46.9,270.0,270.0,1.170e-74,1.570e-70,4.13,0.993,1.33e+04,1,1,
n44,n78,301,293,56.7,56.7,332.0,332.0,2.510e-93,3.370e-89,4.13,0.983,1.32e+04,1,1,
n44,n79,301,283,34.0,34.0,127.0,127.0,9.370e-32,1.260e-27,4.13,0.713,9.59e+03,1,1,
n44,n8,301,262,98.9,98.9,526.0,526.0,9.050e-152,1.220e-147,4.13,0.889,1.2e+04,1,1,
n44,n80,301,301,97.7,97.7,590.0,590.0,5.110e-171,6.880e-167,4.13,0.926,1.25e+04,1,1,
n44,n81,301,310,60.4,60.4,361.0,361.0,3.860e-102,5.190e-98,4.13,0.811,1.09e+04,1,1,
n44,n82,301,364,34.2,34.2,127.0,127.0,1.600e-31,2.150e-27,4.13,1.22,1.64e+04,1,1,
n44,n83,301,434,47.5,47.5,245.0,245.0,3.080e-67,4.150e-63,4.13,0.779,1.05e+04,1,1,
n44,n85,301,258,25.2,25.2,39.0,39.0,5.730e-05,7.710e-01,4.13,1.41,1.9e+04,0,0,
n44,n86,301,273,48.4,48.4,257.0,257.0,1.020e-70,1.380e-66,4.13,1.06,1.43e+04,1,1,
n44,n87,301,286,56.5,56.5,317.0,317.0,1.090e-88,1.470e-84,4.13,1.3,1.76e+04,1,1,
n44,n88,301,282,47.4,47.4,266.0,266.0,1.690e-73,2.270e-69,4.13,0.897,1.2e+04,1,1,
n44,n89,301,308,46.4,46.4,262.0,262.0,4.160e-72,5.600e-68,4.13,1.38,1.86e+04,1,1,
n44,n9,301,315,55.6,55.6,324.0,324.0,6.820e-91,9.190e-87,4.13,1.04,1.41e+04,1,1,
n44,n90,301,258,26.2,27.0,62.0,61.0,4.840e-12,1.110e-07,4.36,0.999,1.15e+04,0,0,
n45,n1,319,290,49.3,49.3,261.0,261.0,7.520e-72,1.010e-67,4.13,1.18,1.58e+04,1,1,
n45,n10,319,262,91.6,91.6,486.0,486.0,1.440e-139,1.940e-135,4.13,1.21,1.64e+04,1,1,
n45,n11,319,262,93.1,93.1,500.0,500.0,9.620e-144,1.300e-139,4.13,1.33,1.8e+04,1,1,
n45,n12,319,262,100.0,100.0,535.0,535.0,2.700e-154,3.630e-150,4.13,1.28,1.72e+04,1,1,
n45,n127,319,433,29.4,29.4,33.0,33.0,2.550e-03,3.430e+01,4.13,0.925,1.24e+04,0,0,
n45,n13,319,262,94.6,94.6,507.0,507.0,4.610e-146,6.210e-142,4.13,0.815,1.1e+04,1,1,
n45,n14,319,319,100.0,100.0,644.0,644.0,4.120e-187,5.550e-183,4.13,1.27,1.71e+04,1,1,
n45,n15,319,301,93.0,93.0,565.0,565.0,2.430e-163,3.280e-159,4.13,1.24,1.67e+04,1,1,
n45,n16,319,262,76.6,76.6,425.0,425.0,2.300e-121,3.100e-117,4.13,0.841,1.13e+04,1,1,
n45,n17,319,314,29.0,29.0,39.0,39.0,6.070e-05,8.170e-01,4.13,1.41,1.9e+04,0,0,
n45,n18,319,298,49.7,49.7,278.0,278.0,4.550e-77,6.130e-73,4.13,0.933,1.26e+04,1,1,
n45,n19,319,307,45.2,45.3,260.0,263.0,9.820e-72,1.560e-68,3.20,0.768,9.76e+03,1,1,
n45,n2,319,259,63.9,63.9,343.0,343.0,1.500e-96,2.030e-92,4.13,1.13,1.54e+04,1,1,
n45,n20,319,298,47.5,47.5,241.0,241.0,6.160e-66,8.300e-62,4.13,0.919,1.24e+04,1,1,
n45,n21,319,304,47.2,47.2,252.0,252.0,2.670e-69,3.600e-65,4.13,0.816,1.1e+04,1,1,
n45,n22,319,296,82.4,82.4,507.0,507.0,7.870e-146,1.060e-141,4.13,1.39,1.88e+04,1,1,
n45,n23,319,300,84.4,84.4,521.0,522.0,3.090e-150,2.440e-146,3.90,0.896,1.41e+04,1,1,
n45,n24,319,304,61.7,61.7,372.0,372.0,3.020e-105,4.070e-101,4.13,1.23,1.65e+04,1,1,
n45,n25,319,301,99.0,99.0,601.0,601.0,3.070e-174,4.130e-170,4.13,1.08,1.45e+04,1,1,
n45,n26,319,261,93.1,93.1,500.0,500.0,5.640e-144,7.590e-140,4.13,0.779,1.05e+04,1,1,
n45,n27,319,296,82.4,82.4,507.0,507.0,7.870e-146,1.060e-141,4.13,1.39,1.88e+04,1,1,
n45,n28,319,284,55.0,55.0,305.0,305.0,3.480e-85,4.680e-81,4.13,0.958,1.29e+04,1,1,
n45,n29,319,319,96.6,96.6,621.0,621.0,3.740e-180,5.030e-176,4.13,1.37,1.85e+04,1,1,
n45,n3,319,380,22.7,22.7,39.0,39.0,4.650e-05,6.260e-01,4.13,1.08,1.45e+04,0,0,
n45,n30,319,262,93.1,93.1,500.0,500.0,9.620e-144,1.300e-139,4.13,1.33,1.8e+04,1,1,
n45,n31,319,262,100.0,100.0,535.0,535.0,2.700e-154,3.630e-150,4.13,1.28,1.72e+04,1,1,
n45,n32,319,294,49.3,49.3,289.0,289.0,3.370e-80,4.530e-76,4.13,1.42,1.9e+04,1,1,
n45,n33,319,293,57.1,57.1,308.0,308.0,4.110e-86,5.530e-82,4.13,0.905,1.22e+04,1,1,
n45,n34,319,293,56.4,56.4,308.0,308.0,5.360e-86,7.220e-82,4.13,1.18,1.59e+04,1,1,
n45,n35,319,456,22.4,22.4,40.0,40.0,2.720e-05,3.670e-01,4.13,1.26,1.7e+04,0,0,
n45,n36,319,310,47.7,47.7,247.0,247.0,8.600e-68,1.160e-63,4.13,0.821,1.11e+04,1,1,
n45,n37,319,263,28.3,28.3,41.0,41.0,9.360e-06,1.260e-01,4.13,0.869,1.17e+04,0,0,
n45,n38,319,495,26.0,26.0,69.0,69.0,4.190e-14,5.650e-10,4.13,1.04,1.41e+04,0,0,
n45,n4,319,292,46.5,48.4,255.0,258.0,4.130e-70,5.030e-67,3.09,1.01,9.84e+03,1,1,
n45,n40,319,292,29.1,29.1,101.0,101.0,9.960e-24,1.340e-19,4.13,1.07,1.43e+04,0,0,
n45,n41,319,305,44.3,44.3,240.0,240.0,1.050e-65,1.420e-61,4.13,0.783,1.06e+04,1,1,
n45,n42,319,426,45.1,45.1,274.0,274.0,6.570e-76,8.850e-72,4.13,0.842,1.13e+04,1,1,
n45,n43,319,319,41.0,41.0,205.0,205.0,6.390e-55,8.610e-51,4.13,1.39,1.87e+04,1,1,
n45,n44,319,301,93.0,93.0,565.0,565.0,2.430e-163,3.280e-159,4.13,1.24,1.67e+04,1,1,
n45,n46,319,301,93.0,93.0,565.0,565.0,2.430e-163,3.280e-159,4.13,1.24,1.67e+04,1,1,
n45,n47,319,304,47.2,47.2,252.0,252.0,2.670e-69,3.600e-65,4.13,0.816,1.1e+04,1,1,
n45,n49,319,262,28.2,28.2,38.0,38.0,7.930e-05,1.070e+00,4.13,0.92,1.24e+04,0,0,
n45,n5,319,292,59.5,59.5,345.0,345.0,3.030e-97,4.080e-93,4.13,0.917,1.23e+04,1,1,
n45,n50,319,269,35.3,34.3,137.0,138.0,1.250e-34,1.290e-30,4.01,0.919,1.9e+04,1,1,
n45,n51,319,312,47.9,47.9,267.0,267.0,8.030e-74,1.080e-69,4.13,0.804,1.08e+04,1,1,
n45,n52,319,260,66.9,66.9,357.0,357.0,7.710e-101,1.040e-96,4.13,0.956,1.29e+04,1,1,
n45,n53,319,260,66.8,66.8,357.0,357.0,1.010e-100,1.360e-96,4.13,1.25,1.69e+04,1,1,
n45,n54,319,259,64.1,64.1,344.0,344.0,5.170e-97,6.960e-93,4.13,0.782,1.05e+04,1,1,
n45,n55,319,257,54.4,54.4,279.0,279.0,2.670e-77,3.590e-73,4.13,1.09,1.47e+04,1,1,
n45,n56,319,257,54.8,54.8,281.0,281.0,5.380e-78,7.240e-74,4.13,0.882,1.19e+04,1,1,
n45,n57,319,257,55.1,55.1,282.0,282.0,2.410e-78,3.250e-74,4.13,0.791,1.07e+04,1,1,
n45,n58,319,299,52.5,52.5,287.0,288.0,7.500e-80,7.730e-76,4.01,0.787,1.62e+04,1,1,
n45,n59,319,298,46.7,46.7,258.0,258.0,6.360e-71,8.570e-67,4.13,1.24,1.68e+04,1,1,
n45,n6,319,289,58.4,59.8,346.0,347.0,1.780e-97,1.400e-93,3.90,1.08,1.69e+04,1,1,
n45,n60,319,316,47.4,47.4,243.0,243.0,2.120e-66,2.850e-62,4.13,1.27,1.7e+04,1,1,
n45,n61,319,307,42.7,42.7,240.0,240.0,1.370e-65,1.850e-61,4.13,1.02,1.38e+04,1,1,
n45,n62,319,263,62.7,62.7,340.0,340.0,1.270e-95,1.720e-91,4.13,1.2,1.63e+04,1,1,
n45,n63,319,282,30.3,30.5,104.0,105.0,9.010e-25,7.110e-21,3.90,0.771,1.22e+04,1,1,
n45,n64,319,257,64.7,64.7,342.0,342.0,3.350e-96,4.510e-92,4.13,1.27,1.71e+04,1,1,
n45,n65,319,254,27.7,27.7,39.0,39.0,4.650e-05,6.260e-01,4.13,1.08,1.45e+04,0,0,
n45,n66,319,302,46.8,46.8,271.0,271.0,5.560e-75,7.490e-71,4.13,0.891,1.2e+04,1,1,
n45,n67,319,366,35.7,35.7,127.0,127.0,1.300e-31,1.750e-27,4.13,0.934,1.26e+04,1,1,
n45,n68,319,302,48.8,49.3,282.0,283.0,2.410e-78,1.910e-74,3.90,0.791,1.25e+04,1,1,
n45,n69,319,279,57.6,57.6,312.0,312.0,2.840e-87,3.830e-83,4.13,1,1.35e+04,1,1,
n45,n7,319,302,49.5,49.5,275.0,275.0,3.850e-76,5.190e-72,4.13,0.987,1.33e+04,1,1,
n45,n70,319,292,47.6,47.6,271.0,271.0,5.560e-75,7.490e-71,4.13,0.891,1.2e+04,1,1,
n45,n71,319,297,43.3,44.8,250.0,252.0,1.730e-68,3.600e-65,3.32,1.32,1.1e+04,1,1,
n45,n72,319,311,58.9,58.9,355.0,355.0,3.830e-100,5.150e-96,4.13,1.19,1.6e+04,1,1,
n45,n73,319,302,50.5,50.2,285.0,291.0,3.720e-79,9.140e-77,2.39,0.976,1.54e+04,1,1,
n45,n74,319,284,76.5,76.5,445.0,445.0,2.150e-127,2.900e-123,4.13,0.825,1.11e+04,1,1,
n45,n75,319,279,47.1,47.8,240.0,242.0,1.050e-65,4.870e-62,3.67,0.783,1.45e+04,1,1,
n45,n76,319,304,49.3,49.3,265.0,265.0,5.210e-73,7.010e-69,4.13,1.3,1.75e+04,1,1,
n45,n77,319,304,46.2,46.2,270.0,270.0,9.490e-75,1.280e-70,4.13,0.76,1.03e+04,1,1,
n45,n78,319,293,56.6,56.6,327.0,327.0,6.540e-92,8.810e-88,4.13,0.755,1.02e+04,1,1,
n45,n79,319,283,36.0,36.0,135.0,135.0,6.220e-34,8.380e-30,4.13,1.14,1.54e+04,1,1,
n45,n8,319,262,92.7,92.7,498.0,498.0,2.140e-143,2.890e-139,4.13,0.739,9.98e+03,1,1,
n45,n80,319,301,94.0,94.0,571.0,571.0,3.400e-165,4.570e-161,4.13,1.11,1.49e+04,1,1,
n45,n81,319,310,58.8,58.8,353.0,353.0,1.450e-99,1.960e-95,4.13,1.12,1.52e+04,1,1,
n45,n82,319,364,35.2,35.2,129.0,129.0,3.410e-32,4.600e-28,4.13,0.98,1.32e+04,1,1,
n45,n83,319,434,46.1,46.1,238.0,238.0,6.820e-65,9.180e-61,4.13,1.27,1.71e+04,1,1,
n45,n85,319,258,27.1,28.6,32.0,37.0,5.680e-03,3.110e+00,2.74,1.03,1.8e+04,0,0,
n45,n86,319,273,48.4,48.4,261.0,261.0,7.520e-72,1.010e-67,4.13,1.18,1.58e+04,1,1,
n45,n87,319,286,56.1,56.1,312.0,312.0,2.180e-87,2.930e-83,4.13,0.768,1.03e+04,1,1,
n45,n88,319,282,47.7,47.7,267.0,267.0,1.050e-73,1.410e-69,4.13,1.05,1.41e+04,1,1,
n45,n89,319,308,45.8,45.8,260.0,260.0,9.820e-72,1.320e-67,4.13,0.768,1.03e+04,1,1,
n45,n9,319,315,52.8,53.5,314.0,314.0,7.480e-88,1.010e-83,4.13,1.05,1.42e+04,1,1,
n46,n1,301,290,50.3,50.3,265.0,265.0,2.880e-73,3.880e-69,4.13,0.764,1.03e+04,1,1,
n46,n10,301,262,98.5,98.5,518.0,518.0,3.220e-149,4.340e-145,4.13,1.24,1.67e+04,1,1,
n46,n11,301,262,100.0,100.0,532.0,532.0,2.150e-153,2.900e-149,4.13,1.35,1.82e+04,1,1,
n46,n12,301,262,93.1,93.1,500.0,500.0,9.070e-144,1.220e-139,4.13,1.33,1.79e+04,1,1,
n46,n127,301,433,30.8,30.8,39.0,39.0,3.360e-05,4.520e-01,4.13,0.826,1.11e+04,0,0,
n46,n13,301,262,97.7,97.7,522.0,522.0,2.230e-150,3.000e-146,4.13,1.37,1.84e+04,1,1,
n46,n14,301,319,93.0,93.0,565.0,565.0,2.300e-163,3.090e-159,4.13,1.24,1.67e+04,1,1,
n46,n15,301,301,100.0,100.0,602.0,602.0,1.700e-174,2.280e-170,4.13,1.26,1.69e+04,1,1,
n46,n16,301,262,75.1,75.1,416.0,416.0,1.320e-118,1.780e-114,4.13,0.999,1.35e+04,1,1,
n46,n17,301,314,23.4,33.3,25.0,42.0,8.560e-01,6.980e-02,-1.09,1.29,1.37e+04,0,0,
n46,n18,301,298,51.4,51.4,287.0,287.0,9.240e-80,1.240e-75,4.13,1.03,1.38e+04,1,1,
n46,n19,301,307,44.3,44.3,258.0,262.0,6.010e-71,5.600e-68,2.97,1.25,1.86e+04,1,1,
n46,n2,301,259,64.6,64.6,349.0,349.0,2.590e-98,3.480e-94,4.13,1.33,1.79e+04,1,1,
n46,n20,301,298,48.6,48.6,245.0,245.0,4.030e-67,5.430e-63,4.13,1.02,1.37e+04,1,1,
n46,n21,301,304,48.6,48.6,257.0,257.0,1.340e-70,1.800e-66,4.13,1.39,1.87e+04,1,1,
n46,n22,301,296,80.4,80.4,492.0,492.0,2.470e-141,3.330e-137,4.13,1.41,1.91e+04,1,1,
n46,n23,301,300,81.1,81.1,498.0,499.0,2.640e-143,2.080e-139,3.90,0.967,1.52e+04,1,1,
n46,n24,301,304,61.4,61.4,367.0,367.0,7.030e-104,9.470e-100,4.13,0.946,1.27e+04,1,1,
n46,n25,301,301,92.7,92.7,563.0,563.0,6.680e-163,9.000e-159,4.13,0.902,1.22e+04,1,1,
n46,n26,301,261,99.2,99.2,528.0,528.0,2.380e-152,3.210e-148,4.13,0.936,1.26e+04,1,1,
n46,n27,301,296,80.4,80.4,492.0,492.0,2.470e-141,3.330e-137,4.13,1.41,1.91e+04,1,1,
n46,n28,301,284,55.0,55.0,304.0,304.0,5.600e-85,7.540e-81,4.13,0.817,1.1e+04,1,1,
n46,n29,301,319,95.0,95.0,576.0,576.0,7.630e-167,1.030e-162,4.13,0.844,1.14e+04,1,1,
n46,n3,301,380,22.0,22.0,34.0,34.0,1.080e-03,1.450e+01,4.13,0.83,1.11e+04,0,0,
n46,n30,301,262,100.0,100.0,532.0,532.0,2.150e-153,2.900e-149,4.13,1.35,1.82e+04,1,1,
n46,n31,301,262,93.1,93.1,500.0,500.0,9.070e-144,1.220e-139,4.13,1.33,1.79e+04,1,1,
n46,n32,301,294,49.7,49.7,292.0,292.0,2.200e-81,2.960e-77,4.13,0.783,1.05e+04,1,1,
n46,n33,301,293,58.2,58.2,313.0,313.0,1.200e-87,1.620e-83,4.13,0.896,1.21e+04,1,1,
n46,n34,301,293,57.4,57.4,313.0,313.0,1.570e-87,2.120e-83,4.13,1.17,1.58e+04,1,1,
n46,n35,301,456,21.3,21.3,36.0,36.0,3.710e-04,5.000e+00,4.13,1.14,1.54e+04,0,0,
n46,n36,301,310,48.9,48.9,250.0,250.0,1.250e-68,1.690e-64,4.13,1.01,1.37e+04,1,1,
n46,n37,301,263,28.0,27.2,39.0,39.0,4.380e-05,5.900e-01,4.13,1.08,1.45e+04,0,0,
n46,n38,301,495,26.4,26.4,73.0,73.0,2.740e-15,3.690e-11,4.13,1.16,1.56e+04,0,0,
n46,n4,301,292,47.2,49.1,260.0,263.0,9.270e-72,1.470e-68,3.20,0.768,9.75e+03,1,1,
n46,n40,301,292,30.4,30.4,104.0,104.0,1.110e-24,1.490e-20,4.13,1.01,1.35e+04,1,1,
n46,n41,301,305,45.5,45.5,248.0,248.0,3.640e-68,4.910e-64,4.13,0.737,9.94e+03,1,1,
n46,n42,301,426,51.7,51.7,281.0,281.0,6.620e-78,8.920e-74,4.13,1.15,1.55e+04,1,1,
n46,n43,301,319,38.2,38.2,205.0,205.0,4.620e-55,6.220e-51,4.13,1.06,1.43e+04,1,1,
n46,n44,301,301,100.0,100.0,602.0,602.0,1.700e-174,2.280e-170,4.13,1.26,1.69e+04,1,1,
n46,n45,301,319,93.0,93.0,565.0,565.0,2.300e-163,3.090e-159,4.13,1.24,1.67e+04,1,1,
n46,n47,301,304,48.6,48.6,257.0,257.0,1.340e-70,1.800e-66,4.13,1.39,1.87e+04,1,1,
n46,n49,301,262,28.2,28.2,35.0,35.0,4.850e-04,6.530e+00,4.13,0.746,1e+04,0,0,
n46,n5,301,292,59.8,59.8,347.0,347.0,7.530e-98,1.010e-93,4.13,0.966,1.3e+04,1,1,
n46,n50,301,269,33.7,33.7,135.0,135.0,4.500e-34,6.050e-30,4.13,0.877,1.18e+04,1,1,
n46,n51,301,312,50.2,50.2,268.0,268.0,4.440e-74,5.980e-70,4.13,0.942,1.27e+04,1,1,
n46,n52,301,260,67.7,67.7,363.0,363.0,1.010e-102,1.370e-98,4.13,0.849,1.15e+04,1,1,
n46,n53,301,260,68.3,68.3,364.0,364.0,7.770e-103,1.050e-98,4.13,1.31,1.77e+04,1,1,
n46,n54,301,259,64.9,64.9,350.0,350.0,8.890e-99,1.200e-94,4.13,0.912,1.23e+04,1,1,
n46,n55,301,257,55.0,55.0,283.0,283.0,1.740e-78,2.350e-74,4.13,1.21,1.63e+04,1,1,
n46,n56,301,257,55.0,55.0,285.0,285.0,4.590e-79,6.180e-75,4.13,1.28,1.72e+04,1,1,
n46,n57,301,257,55.7,55.7,286.0,286.0,1.580e-79,2.120e-75,4.13,0.879,1.18e+04,1,1,
n46,n58,301,299,52.5,51.5,289.0,290.0,3.180e-80,1.470e-76,3.66,1.42,1.31e+04,1,1,
n46,n59,301,298,46.5,46.5,259.0,259.0,2.700e-71,3.630e-67,4.13,1.12,1.5e+04,1,1,
n46,n6,301,289,60.1,60.1,346.0,347.0,1.680e-97,7.760e-94,3.66,1.08,9.95e+03,1,1,
n46,n60,301,316,47.8,47.8,247.0,247.0,1.380e-67,1.860e-63,4.13,1.4,1.88e+04,1,1,
n46,n61,301,307,46.6,46.6,240.0,240.0,9.920e-66,1.340e-61,4.13,0.784,1.06e+04,1,1,
n46,n62,301,263,63.5,63.5,344.0,344.0,8.320e-97,1.120e-92,4.13,1.33,1.8e+04,1,1,
n46,n63,301,282,31.0,31.2,110.0,111.0,2.020e-26,1.600e-22,3.90,1.17,1.86e+04,1,1,
n46,n64,301,257,65.9,65.9,351.0,351.0,5.210e-99,7.020e-95,4.13,1.07,1.44e+04,1,1,
n46,n65,301,254,28.4,28.4,44.0,44.0,1.040e-06,1.410e-02,4.13,0.819,1.11e+04,0,0,
n46,n66,301,302,46.8,46.8,268.0,268.0,4.440e-74,5.980e-70,4.13,0.942,1.27e+04,1,1,
n46,n67,301,366,35.2,35.2,127.0,127.0,1.600e-31,2.150e-27,4.13,1.22,1.64e+04,1,1,
n46,n68,301,302,49.2,49.7,280.0,281.0,1.130e-77,6.830e-74,3.78,0.982,1.19e+04,1,1,
n46,n69,301,279,56.0,56.8,316.0,319.0,1.420e-88,3.860e-85,3.43,0.848,1.84e+04,1,1,
n46,n7,301,302,49.4,49.4,275.0,275.0,2.780e-76,3.750e-72,4.13,0.755,1.02e+04,1,1,
n46,n70,301,292,47.9,47.9,274.0,274.0,8.100e-76,1.090e-71,4.13,1.1,1.48e+04,1,1,
n46,n71,301,297,44.7,44.7,253.0,253.0,1.930e-69,2.600e-65,4.13,1.25,1.68e+04,1,1,
n46,n72,301,311,58.2,58.7,353.0,355.0,1.050e-99,3.720e-96,3.55,0.862,1.22e+04,1,1,
n46,n73,301,302,50.9,50.5,285.0,292.0,2.690e-79,3.870e-77,2.16,0.748,1.38e+04,1,1,
n46,n74,301,284,78.1,76.8,449.0,449.0,1.410e-128,1.890e-124,4.13,0.917,1.23e+04,1,1,
n46,n75,301,279,48.9,49.3,251.0,252.0,7.340e-69,3.400e-65,3.67,1.19,1.1e+04,1,1,
n46,n76,301,304,49.6,49.6,262.0,262.0,4.160e-72,5.600e-68,4.13,1.38,1.86e+04,1,1,
n46,n77,301,304,46.9,46.9,270.0,270.0,1.170e-74,1.570e-70,4.13,0.993,1.33e+04,1,1,
n46,n78,301,293,56.7,56.7,332.0,332.0,2.510e-93,3.370e-89,4.13,0.983,1.32e+04,1,1,
n46,n79,301,283,34.0,34.0,127.0,127.0,9.370e-32,1.260e-27,4.13,0.713,9.59e+03,1,1,
n46,n8,301,262,98.9,98.9,526.0,526.0,9.050e-152,1.220e-147,4.13,0.889,1.2e+04,1,1,
n46,n80,301,301,97.7,97.7,590.0,590.0,5.110e-171,6.880e-167,4.13,0.926,1.25e+04,1,1,
n46,n81,301,310,60.4,60.4,361.0,361.0,3.860e-102,5.190e-98,4.13,0.811,1.09e+04,1,1,
n46,n82,301,364,34.2,34.2,127.0,127.0,1.600e-31,2.150e-27,4.13,1.22,1.64e+04,1,1,
n46,n83,301,434,47.5,47.5,245.0,245.0,3.080e-67,4.150e-63,4.13,0.779,1.05e+04,1,1,
n46,n85,301,258,25.2,25.2,39.0,39.0,5.730e-05,7.710e-01,4.13,1.41,1.9e+04,0,0,
n46,n86,301,273,48.4,48.4,257.0,257.0,1.020e-70,1.380e-66,4.13,1.06,1.43e+04,1,1,
n46,n87,301,286,56.5,56.5,317.0,317.0,1.090e-88,1.470e-84,4.13,1.3,1.76e+04,1,1,
n46,n88,301,282,47.4,47.4,266.0,266.0,1.690e-73,2.270e-69,4.13,0.897,1.2e+04,1,1,
n46,n89,301,308,46.4,46.4,262.0,262.0,4.160e-72,5.600e-68,4.13,1.38,1.86e+04,1,1,
n46,n9,301,315,55.6,55.6,324.0,324.0,6.820e-91,9.190e-87,4.13,1.04,1.41e+04,1,1,
n46,n90,301,258,26.2,27.0,62.0,61.0,4.840e-12,1.110e-07,4.36,0.999,1.15e+04,0,0,
n47,n1,304,290,78.6,78.6,455.0,455.0,3.380e-130,4.550e-126,4.13,1.39,1.88e+04,1,1,
n47,n10,304,262,52.0,52.0,247.0,247.0,8.200e-68,1.100e-63,4.13,0.822,1.1e+04,1,1,
n47,n11,304,262,52.4,52.4,252.0,252.0,3.330e-69,4.480e-65,4.13,1.07,1.44e+04,1,1,
n47,n12,304,262,50.8,50.8,248.0,248.0,6.280e-68,8.450e-64,4.13,1.26,1.69e+04,1,1,
n47,n13,304,262,51.6,51.6,248.0,248.0,6.280e-68,8.450e-64,4.13,1.26,1.69e+04,1,1,
n47,n14,304,319,47.2,47.2,252.0,252.0,2.550e-69,3.430e-65,4.13,0.818,1.1e+04,1,1,
n47,n15,304,301,48.6,48.6,257.0,257.0,1.350e-70,1.820e-66,4.13,1.38,1.87e+04,1,1,
n47,n16,304,262,48.5,48.5,249.0,249.0,2.820e-68,3.790e-64,4.13,1.13,1.52e+04,1,1,
n47,n18,304,298,66.1,66.1,382.0,382.0,2.790e-108,3.750e-104,4.13,1.22,1.64e+04,1,1,
n47,n19,304,307,43.2,44.9,233.0,245.0,1.230e-63,4.200e-63,0.53,0.752,1.05e+04,1,1,
n47,n2,304,259,48.9,48.9,254.0,254.0,6.710e-70,9.030e-66,4.13,0.86,1.16e+04,1,1,
n47,n20,304,298,49.0,49.0,268.0,268.0,5.860e-74,7.890e-70,4.13,1.23,1.66e+04,1,1,
n47,n21,304,304,100.0,100.0,618.0,618.0,2.310e-179,3.110e-175,4.13,1.11,1.5e+04,1,1,
n47,n22,304,296,49.7,49.7,265.0,265.0,4.960e-73,6.680e-69,4.13,1.3,1.75e+04,1,1,
n47,n23,304,300,49.0,49.0,254.0,254.0,6.710e-70,9.030e-66,4.13,0.86,1.16e+04,1,1,
n47,n24,304,304,45.3,45.3,242.0,242.0,3.440e-66,4.640e-62,4.13,1.08,1.45e+04,1,1,
n47,n25,304,301,47.6,47.6,253.0,253.0,1.140e-69,1.540e-65,4.13,0.731,9.87e+03,1,1,
n47,n26,304,261,52.6,52.6,251.0,251.0,5.680e-69,7.650e-65,4.13,0.911,1.23e+04,1,1,
n47,n27,304,296,49.7,49.7,265.0,265.0,4.960e-73,6.680e-69,4.13,1.3,1.75e+04,1,1,
n47,n28,304,284,43.8,43.8,224.0,224.0,7.430e-61,1.000e-56,4.13,0.887,1.19e+04,1,1,
n47,n29,304,319,47.9,47.9,253.0,253.0,1.140e-69,1.540e-65,4.13,0.731,9.87e+03,1,1,
n47,n30,304,262,52.4,52.4,252.0,252.0,3.330e-69,4.480e-65,4.13,1.07,1.44e+04,1,1,
n47,n31,304,262,50.8,50.8,248.0,248.0,6.280e-68,8.450e-64,4.13,1.26,1.69e+04,1,1,
n47,n32,304,294,42.1,42.1,221.0,221.0,8.220e-60,1.110e-55,4.13,1.23,1.66e+04,1,1,
n47,n33,304,293,49.5,49.5,248.0,248.0,3.680e-68,4.960e-64,4.13,0.737,9.94e+03,1,1,
n47,n34,304,293,47.1,47.1,232.0,232.0,3.560e-63,4.800e-59,4.13,1.09,1.47e+04,1,1,
n47,n36,304,310,54.5,54.5,273.0,273.0,1.820e-75,2.450e-71,4.13,1.22,1.65e+04,1,1,
n47,n38,304,495,26.9,26.2,75.0,76.0,5.580e-16,3.370e-12,3.78,0.934,1.13e+04,0,0,
n47,n4,304,292,73.8,73.8,417.0,417.0,7.810e-119,1.050e-114,4.13,1.17,1.57e+04,1,1,
n47,n40,304,292,28.3,28.3,104.0,104.0,1.120e-24,1.510e-20,4.13,1.01,1.36e+04,0,0,
n47,n41,304,305,46.2,46.2,253.0,253.0,1.490e-69,2.010e-65,4.13,0.955,1.29e+04,1,1,
n47,n42,304,426,64.2,64.2,357.0,357.0,5.620e-101,7.580e-97,4.13,0.731,9.86e+03,1,1,
n47,n43,304,319,40.3,40.3,217.0,217.0,9.080e-59,1.220e-54,4.13,0.847,1.14e+04,1,1,
n47,n44,304,301,48.6,48.6,257.0,257.0,1.350e-70,1.820e-66,4.13,1.38,1.87e+04,1,1,
n47,n45,304,319,47.2,47.2,252.0,252.0,2.550e-69,3.430e-65,4.13,0.818,1.1e+04,1,1,
n47,n46,304,301,48.6,48.6,257.0,257.0,1.350e-70,1.820e-66,4.13,1.38,1.87e+04,1,1,
n47,n5,304,292,50.4,50.4,257.0,257.0,1.030e-70,1.390e-66,4.13,1.06,1.43e+04,1,1,
n47,n50,304,269,32.5,32.5,138.0,138.0,5.360e-35,7.220e-31,4.13,0.827,1.11e+04,1,1,
n47,n51,304,312,52.8,52.8,276.0,276.0,2.150e-76,2.900e-72,4.13,1.16,1.56e+04,1,1,
n47,n52,304,260,48.3,48.3,252.0,252.0,2.550e-69,3.430e-65,4.13,0.818,1.1e+04,1,1,
n47,n53,304,260,50.2,50.2,263.0,263.0,1.440e-72,1.940e-68,4.13,0.945,1.27e+04,1,1,
n47,n54,304,259,50.0,50.0,257.0,257.0,7.920e-71,1.070e-66,4.13,0.813,1.1e+04,1,1,
n47,n55,304,257,47.9,47.9,247.0,247.0,8.200e-68,1.100e-63,4.13,0.822,1.1e+04,1,1,
n47,n56,304,257,48.7,48.7,251.0,251.0,5.680e-69,7.650e-65,4.13,0.911,1.23e+04,1,1,
n47,n57,304,257,47.9,47.9,248.0,248.0,4.810e-68,6.470e-64,4.13,0.964,1.3e+04,1,1,
n47,n58,304,299,43.1,43.1,236.0,236.0,1.450e-64,1.950e-60,4.13,0.709,9.54e+03,1,1,
n47,n59,304,298,50.5,50.5,280.0,280.0,8.740e-78,1.180e-73,4.13,0.752,1.02e+04,1,1,
n47,n6,304,289,50.4,50.4,254.0,254.0,8.760e-70,1.180e-65,4.13,1.12,1.51e+04,1,1,
n47,n60,304,316,45.7,46.1,257.0,257.0,7.920e-71,1.070e-66,4.13,0.813,1.1e+04,1,1,
n47,n61,304,307,47.3,47.3,266.0,266.0,2.230e-73,3.000e-69,4.13,1.17,1.58e+04,1,1,
n47,n62,304,263,52.1,52.1,262.0,262.0,2.460e-72,3.320e-68,4.13,0.808,1.09e+04,1,1,
n47,n63,304,282,29.6,29.6,114.0,114.0,1.080e-27,1.460e-23,4.13,0.994,1.34e+04,0,0,
n47,n64,304,257,47.9,47.9,236.0,236.0,2.470e-64,3.320e-60,4.13,1.21,1.62e+04,1,1,
n47,n66,304,302,48.5,48.1,274.0,274.0,8.180e-76,1.100e-71,4.13,1.1,1.48e+04,1,1,
n47,n67,304,366,37.3,38.7,168.0,173.0,8.260e-44,3.460e-41,2.62,1.37,1.84e+04,1,1,
n47,n68,304,302,49.1,49.1,278.0,278.0,3.320e-77,4.470e-73,4.13,0.714,9.62e+03,1,1,
n47,n69,304,279,47.4,47.4,245.0,245.0,4.070e-67,5.480e-63,4.13,1.02,1.37e+04,1,1,
n47,n7,304,302,49.7,49.7,271.0,271.0,6.920e-75,9.320e-71,4.13,1.16,1.57e+04,1,1,
n47,n70,304,292,52.3,52.3,275.0,275.0,4.790e-76,6.460e-72,4.13,1.29,1.74e+04,1,1,
n47,n71,304,297,52.6,52.6,293.0,294.0,1.700e-81,7.880e-78,3.67,1.2,1.11e+04,1,1,
n47,n72,304,311,45.0,45.0,245.0,245.0,3.120e-67,4.200e-63,4.13,0.781,1.05e+04,1,1,
n47,n73,304,302,43.5,43.5,231.0,231.0,6.080e-63,8.190e-59,4.13,0.929,1.25e+04,1,1,
n47,n74,304,284,51.3,51.3,262.0,262.0,3.220e-72,4.330e-68,4.13,1.06,1.42e+04,1,1,
n47,n75,304,279,61.8,61.8,346.0,346.0,1.300e-97,1.750e-93,4.13,0.826,1.11e+04,1,1,
n47,n76,304,304,47.2,47.2,267.0,267.0,1.000e-73,1.350e-69,4.13,1.05,1.42e+04,1,1,
n47,n77,304,304,47.9,47.9,268.0,268.0,4.490e-74,6.040e-70,4.13,0.943,1.27e+04,1,1,
n47,n78,304,293,46.9,46.9,249.0,249.0,2.160e-68,2.910e-64,4.13,0.866,1.17e+04,1,1,
n47,n79,304,283,32.2,32.2,133.0,133.0,1.730e-33,2.320e-29,4.13,0.835,1.12e+04,1,1,
n47,n8,304,262,51.8,51.8,247.0,247.0,8.200e-68,1.100e-63,4.13,0.822,1.1e+04,1,1,
n47,n80,304,301,47.9,47.9,252.0,252.0,2.550e-69,3.430e-65,4.13,0.818,1.1e+04,1,1,
n47,n81,304,310,51.3,51.3,270.0,270.0,1.180e-74,1.590e-70,4.13,0.992,1.34e+04,1,1,
n47,n82,304,364,41.5,41.5,173.0,173.0,2.570e-45,3.460e-41,4.13,1.36,1.84e+04,1,1,
n47,n83,304,434,39.0,39.0,190.0,190.0,1.550e-50,2.090e-46,4.13,1.08,1.45e+04,1,1,
n47,n85,304,258,27.2,23.8,35.0,32.0,6.390e-04,9.520e+01,5.17,0.973,1.81e+04,0,0,
n47,n86,304,273,52.6,52.6,280.0,280.0,1.140e-77,1.540e-73,4.13,0.981,1.33e+04,1,1,
n47,n87,304,286,44.3,44.3,238.0,238.0,4.970e-65,6.700e-61,4.13,0.973,1.31e+04,1,1,
n47,n88,304,282,41.0,41.0,198.0,198.0,5.700e-53,7.680e-49,4.13,1.01,1.37e+04,1,1,
n47,n89,304,308,48.1,48.1,256.0,256.0,1.760e-70,2.380e-66,4.13,0.903,1.22e+04,1,1,
n47,n9,304,315,47.9,47.9,251.0,251.0,5.680e-69,7.650e-65,4.13,0.911,1.23e+04,1,1,
n47,n90,304,258,25.6,25.6,55.0,59.0,5.970e-10,5.570e-07,2.97,0.953,1.42e+04,0,0,
n48,n37,270,263,27.9,27.9,110.0,110.0,1.390e-26,1.870e-22,4.13,0.9,1.21e+04,0,0,
n48,n39,270,257,25.5,25.5,84.0,84.0,8.160e-19,1.100e-14,4.13,0.787,1.06e+04,0,0,
n48,n49,270,262,30.1,30.1,122.0,122.0,4.610e-30,6.210e-26,4.13,1.22,1.65e+04,1,1,
n48,n84,270,259,27.0,27.0,79.0,79.0,2.630e-17,3.540e-13,4.13,0.793,1.07e+04,0,0,
n48,n85,270,258,23.9,23.9,70.0,70.0,2.080e-14,2.800e-10,4.13,1.22,1.65e+04,0,0,
n49,n1,262,290,29.2,27.3,35.0,35.0,7.200e-04,9.690e+00,4.13,1.27,1.71e+04,0,0,
n49,n10,262,262,28.2,28.2,35.0,35.0,5.510e-04,7.420e+00,4.13,0.973,1.31e+04,0,0,
n49,n105,262,295,29.1,29.1,28.0,28.0,5.160e-02,6.950e+02,4.13,0.712,9.59e+03,0,0,
n49,n11,262,262,28.2,28.2,35.0,35.0,4.220e-04,5.680e+00,4.13,0.745,1e+04,0,0,
n49,n12,262,262,28.2,28.2,38.0,38.0,6.510e-05,8.770e-01,4.13,0.92,1.24e+04,0,0,
n49,n125,262,576,25.0,25.0,28.0,28.0,5.160e-02,6.950e+02,4.13,0.712,9.59e+03,0,0,
n49,n13,262,262,28.2,28.2,36.0,36.0,3.230e-04,4.350e+00,4.13,1.14,1.54e+04,0,0,
n49,n14,262,319,28.2,28.2,38.0,38.0,6.510e-05,8.770e-01,4.13,0.92,1.24e+04,0,0,
n49,n15,262,301,28.2,28.2,35.0,35.0,4.220e-04,5.680e+00,4.13,0.745,1e+04,0,0,
n49,n21,262,304,30.8,30.8,42.0,42.0,5.890e-06,7.930e-02,4.13,1.33,1.79e+04,1,0,lost_in_v12
n49,n22,262,296,29.0,30.5,41.0,41.0,7.690e-06,1.040e-01,4.13,0.869,1.18e+04,0,0,
n49,n23,262,300,28.2,29.8,40.0,40.0,1.710e-05,2.310e-01,4.13,0.966,1.31e+04,0,0,
n49,n25,262,301,27.5,27.5,39.0,39.0,3.820e-05,5.140e-01,4.13,1.08,1.45e+04,0,0,
n49,n26,262,261,28.2,28.2,36.0,36.0,3.230e-04,4.350e+00,4.13,1.14,1.54e+04,0,0,
n49,n27,262,296,29.0,30.5,41.0,41.0,7.690e-06,1.040e-01,4.13,0.869,1.18e+04,0,0,
n49,n29,262,319,27.5,27.5,38.0,38.0,8.500e-05,1.150e+00,4.13,1.2,1.62e+04,0,0,
n49,n30,262,262,28.2,28.2,35.0,35.0,4.220e-04,5.680e+00,4.13,0.745,1e+04,0,0,
n49,n31,262,262,28.2,28.2,38.0,38.0,6.510e-05,8.770e-01,4.13,0.92,1.24e+04,0,0,
n49,n35,262,456,26.3,30.1,33.0,35.0,2.090e-03,7.420e+00,3.55,0.923,1.31e+04,0,0,
n49,n36,262,310,29.3,29.3,39.0,39.0,4.980e-05,6.710e-01,4.13,1.41,1.9e+04,0,0,
n49,n37,262,263,66.2,66.2,364.0,364.0,5.180e-103,6.980e-99,4.13,1,1.35e+04,1,1,
n49,n39,262,257,34.9,34.9,137.0,137.0,1.030e-34,1.390e-30,4.13,0.922,1.24e+04,1,1,
n49,n4,262,292,28.3,27.5,37.0,37.0,1.450e-04,1.950e+00,4.13,1.02,1.38e+04,0,0,
n49,n42,262,426,22.7,22.7,32.0,32.0,3.570e-03,4.810e+01,4.13,0.788,1.06e+04,0,0,
n49,n43,262,319,22.3,22.3,31.0,31.0,7.960e-03,1.070e+02,4.13,0.879,1.18e+04,0,0,
n49,n44,262,301,28.2,28.2,35.0,35.0,4.220e-04,5.680e+00,4.13,0.745,1e+04,0,0,
n49,n45,262,319,28.2,28.2,38.0,38.0,6.510e-05,8.770e-01,4.13,0.92,1.24e+04,0,0,
n49,n46,262,301,28.2,28.2,35.0,35.0,4.220e-04,5.680e+00,4.13,0.745,1e+04,0,0,
n49,n47,262,304,30.8,30.8,42.0,42.0,5.890e-06,7.930e-02,4.13,1.33,1.79e+04,1,0,lost_in_v12
n49,n48,262,270,30.1,30.1,122.0,122.0,4.480e-30,6.030e-26,4.13,1.22,1.65e+04,1,1,
n49,n60,262,316,24.1,24.1,37.0,37.0,1.110e-04,1.500e+00,4.13,0.784,1.06e+04,0,0,
n49,n65,262,254,27.1,27.1,45.0,45.0,5.330e-07,7.170e-03,4.13,0.964,1.3e+04,0,0,
n49,n66,262,302,27.9,27.9,40.0,40.0,1.710e-05,2.310e-01,4.13,0.966,1.31e+04,0,0,
n49,n68,262,302,27.9,27.9,40.0,40.0,1.310e-05,1.770e-01,4.13,0.74,1e+04,0,0,
n49,n7,262,302,27.1,27.1,39.0,39.0,2.920e-05,3.940e-01,4.13,0.825,1.11e+04,0,0,
n49,n71,262,297,24.8,24.8,30.0,30.0,2.320e-02,3.120e+02,4.13,1.28,1.72e+04,0,0,
n49,n76,262,304,25.6,25.6,34.0,34.0,1.230e-03,1.650e+01,4.13,1.09,1.46e+04,0,0,
n49,n77,262,304,27.1,27.1,40.0,40.0,2.240e-05,3.010e-01,4.13,1.27,1.7e+04,0,0,
n49,n8,262,262,28.2,28.2,35.0,35.0,5.510e-04,7.420e+00,4.13,0.973,1.31e+04,0,0,
n49,n80,262,301,26.7,26.7,37.0,37.0,1.890e-04,2.550e+00,4.13,1.34,1.8e+04,0,0,
n49,n84,262,259,30.4,30.4,119.0,119.0,2.900e-29,3.910e-25,4.13,0.991,1.34e+04,1,1,
n49,n85,262,258,34.7,35.5,122.0,122.0,3.430e-30,3.530e-26,4.01,0.937,9.65e+03,1,1,
n49,n97,262,266,28.7,28.7,49.0,49.0,3.690e-08,4.970e-04,4.13,1.07,1.44e+04,0,0,
n5,n1,292,290,46.6,49.0,239.0,249.0,2.800e-65,2.790e-64,1.00,1.14,1.16e+04,1,1,
n5,n10,292,262,60.1,60.1,322.0,322.0,2.520e-90,3.390e-86,4.13,0.993,1.34e+04,1,1,
n5,n11,292,262,61.2,61.2,334.0,334.0,6.400e-94,8.610e-90,4.13,1.03,1.39e+04,1,1,
n5,n12,292,262,60.8,60.8,333.0,333.0,1.430e-93,1.920e-89,4.13,1.15,1.55e+04,1,1,
n5,n13,292,262,61.6,61.6,334.0,334.0,4.900e-94,6.600e-90,4.13,0.791,1.07e+04,1,1,
n5,n14,292,319,59.5,59.5,344.0,344.0,4.730e-97,6.370e-93,4.13,0.782,1.05e+04,1,1,
n5,n15,292,301,59.8,59.8,346.0,346.0,1.250e-97,1.680e-93,4.13,0.826,1.11e+04,1,1,
n5,n16,292,262,64.6,64.6,347.0,347.0,9.540e-98,1.280e-93,4.13,1.26,1.69e+04,1,1,
n5,n17,292,314,27.3,27.3,42.0,42.0,3.850e-06,5.180e-02,4.13,0.781,1.05e+04,0,0,
n5,n18,292,298,48.3,48.6,252.0,255.0,4.180e-69,5.090e-66,3.09,1.4,1.36e+04,1,1,
n5,n19,292,307,43.6,44.2,224.0,228.0,7.140e-61,6.660e-58,2.97,0.888,1.32e+04,1,1,
n5,n2,292,259,62.1,62.1,333.0,333.0,1.430e-93,1.920e-89,4.13,1.15,1.55e+04,1,1,
n5,n20,292,298,42.7,42.7,207.0,207.0,1.180e-55,1.590e-51,4.13,1.12,1.51e+04,1,1,
n5,n21,292,304,50.4,50.4,257.0,257.0,9.940e-71,1.340e-66,4.13,1.06,1.43e+04,1,1,
n5,n22,292,296,61.4,60.2,360.0,358.0,8.340e-102,4.270e-97,4.71,0.903,1.16e+04,1,1,
n5,n23,292,300,58.1,60.7,330.0,354.0,9.240e-93,6.160e-96,-3.18,0.932,1.04e+04,1,1,
n5,n24,292,304,57.8,57.8,346.0,346.0,2.120e-97,2.860e-93,4.13,1.4,1.89e+04,1,1,
n5,n25,292,301,59.8,59.8,345.0,345.0,2.770e-97,3.740e-93,4.13,0.916,1.24e+04,1,1,
n5,n26,292,261,61.6,61.6,334.0,334.0,4.900e-94,6.600e-90,4.13,0.791,1.07e+04,1,1,
n5,n27,292,296,61.4,60.2,360.0,358.0,8.340e-102,4.270e-97,4.71,0.903,1.16e+04,1,1,
n5,n28,292,284,52.0,52.0,296.0,296.0,1.930e-82,2.600e-78,4.13,1.13,1.53e+04,1,1,
n5,n29,292,319,60.5,60.5,347.0,347.0,5.590e-98,7.530e-94,4.13,0.739,9.96e+03,1,1,
n5,n3,292,380,22.4,22.4,34.0,34.0,1.050e-03,1.410e+01,4.13,0.832,1.12e+04,0,0,
n5,n30,292,262,61.2,61.2,334.0,334.0,6.400e-94,8.610e-90,4.13,1.03,1.39e+04,1,1,
n5,n31,292,262,60.8,60.8,333.0,333.0,1.430e-93,1.920e-89,4.13,1.15,1.55e+04,1,1,
n5,n32,292,294,51.9,51.9,300.0,300.0,1.020e-83,1.380e-79,4.13,0.958,1.3e+04,1,1,
n5,n33,292,293,58.5,59.0,305.0,311.0,2.440e-85,5.980e-83,2.39,0.734,1.15e+04,1,1,
n5,n34,292,293,57.6,57.6,301.0,301.0,4.590e-84,6.190e-80,4.13,0.862,1.16e+04,1,1,
n5,n35,292,456,21.4,21.4,34.0,34.0,1.370e-03,1.840e+01,4.13,1.09,1.46e+04,0,0,
n5,n36,292,310,44.7,44.7,227.0,227.0,8.430e-62,1.140e-57,4.13,0.839,1.13e+04,1,1,
n5,n38,292,495,25.5,24.9,72.0,72.0,3.470e-15,4.680e-11,4.13,0.756,1.02e+04,0,0,
n5,n39,292,257,25.0,25.0,36.0,36.0,3.600e-04,4.850e+00,4.13,1.14,1.54e+04,0,0,
n5,n4,292,292,50.8,50.8,252.0,252.0,3.200e-69,4.310e-65,4.13,1.07,1.44e+04,1,1,
n5,n40,292,292,29.8,29.8,96.0,96.0,2.930e-22,3.950e-18,4.13,1.07,1.44e+04,0,0,
n5,n41,292,305,44.7,45.1,224.0,224.0,9.320e-61,1.260e-56,4.13,1.16,1.57e+04,1,1,
n5,n42,292,426,38.1,46.7,161.0,241.0,5.680e-42,7.600e-62,-19.87,0.766,1.24e+04,1,1,
n5,n43,292,319,40.8,40.8,194.0,194.0,7.910e-52,1.070e-47,4.13,0.916,1.24e+04,1,1,
n5,n44,292,301,59.8,59.8,346.0,346.0,1.250e-97,1.680e-93,4.13,0.826,1.11e+04,1,1,
n5,n45,292,319,59.5,59.5,344.0,344.0,4.730e-97,6.370e-93,4.13,0.782,1.05e+04,1,1,
n5,n46,292,301,59.8,59.8,346.0,346.0,1.250e-97,1.680e-93,4.13,0.826,1.11e+04,1,1,
n5,n47,292,304,50.4,50.4,257.0,257.0,9.940e-71,1.340e-66,4.13,1.06,1.43e+04,1,1,
n5,n50,292,269,30.9,30.9,114.0,114.0,1.360e-27,1.830e-23,4.13,1.3,1.75e+04,1,1,
n5,n51,292,312,47.7,47.7,256.0,256.0,1.700e-70,2.280e-66,4.13,0.908,1.22e+04,1,1,
n5,n52,292,260,65.4,65.4,354.0,354.0,4.570e-100,6.160e-96,4.13,0.773,1.04e+04,1,1,
n5,n53,292,260,67.3,67.3,362.0,362.0,2.860e-102,3.860e-98,4.13,1.24,1.67e+04,1,1,
n5,n54,292,259,61.9,61.9,332.0,332.0,3.170e-93,4.280e-89,4.13,1.28,1.73e+04,1,1,
n5,n55,292,257,59.1,59.1,312.0,312.0,3.400e-87,4.580e-83,4.13,1.31,1.76e+04,1,1,
n5,n56,292,257,59.2,59.2,314.0,314.0,6.850e-88,9.230e-84,4.13,1.05,1.42e+04,1,1,
n5,n57,292,257,59.2,59.2,314.0,314.0,6.850e-88,9.230e-84,4.13,1.05,1.42e+04,1,1,
n5,n58,292,299,57.9,60.3,322.0,327.0,2.520e-90,8.060e-88,2.50,0.993,1.02e+04,1,1,
n5,n59,292,298,44.9,44.9,234.0,234.0,9.010e-64,1.210e-59,4.13,1.15,1.54e+04,1,1,
n5,n6,292,289,79.2,79.2,465.0,465.0,3.140e-133,4.230e-129,4.13,1.38,1.86e+04,1,1,
n5,n60,292,316,41.9,41.9,213.0,213.0,2.150e-57,2.890e-53,4.13,1.31,1.75e+04,1,1,
n5,n61,292,307,41.0,41.0,218.0,218.0,6.680e-59,9.000e-55,4.13,1.3,1.75e+04,1,1,
n5,n62,292,263,68.2,68.2,365.0,365.0,2.590e-103,3.490e-99,4.13,0.898,1.21e+04,1,1,
n5,n63,292,282,27.7,26.8,81.0,92.0,9.760e-18,7.450e-17,0.88,1.09,1.7e+04,0,0,
n5,n64,292,257,66.8,66.8,357.0,357.0,9.220e-101,1.240e-96,4.13,1.25,1.68e+04,1,1,
n5,n66,292,302,44.3,44.3,238.0,238.0,3.660e-65,4.930e-61,4.13,0.746,1e+04,1,1,
n5,n67,292,366,32.3,32.3,118.0,118.0,5.520e-29,7.430e-25,4.13,0.846,1.14e+04,1,1,
n5,n68,292,302,46.2,46.2,247.0,247.0,1.030e-67,1.380e-63,4.13,1.07,1.44e+04,1,1,
n5,n69,292,279,50.2,50.5,269.0,270.0,2.530e-74,2.000e-70,3.90,1.11,1.75e+04,1,1,
n5,n7,292,302,45.0,46.6,240.0,245.0,1.260e-65,4.030e-63,2.50,1.03,1.05e+04,1,1,
n5,n70,292,292,50.2,50.2,257.0,257.0,9.940e-71,1.340e-66,4.13,1.06,1.43e+04,1,1,
n5,n71,292,297,48.1,48.1,248.0,248.0,6.030e-68,8.120e-64,4.13,1.26,1.69e+04,1,1,
n5,n72,292,311,61.4,61.4,360.0,360.0,8.340e-102,1.120e-97,4.13,0.903,1.21e+04,1,1,
n5,n73,292,302,58.1,58.1,324.0,324.0,8.650e-91,1.160e-86,4.13,1.36,1.83e+04,1,1,
n5,n74,292,284,58.0,58.4,325.0,333.0,2.280e-91,1.920e-89,1.93,0.719,1.55e+04,1,1,
n5,n75,292,279,47.2,47.2,235.0,235.0,3.100e-64,4.170e-60,4.13,0.789,1.06e+04,1,1,
n5,n76,292,304,44.7,44.7,235.0,235.0,3.100e-64,4.170e-60,4.13,0.789,1.06e+04,1,1,
n5,n77,292,304,46.7,46.7,251.0,251.0,7.120e-69,9.590e-65,4.13,1.19,1.6e+04,1,1,
n5,n78,292,293,57.5,57.5,320.0,320.0,7.320e-90,9.860e-86,4.13,0.721,9.71e+03,1,1,
n5,n79,292,283,32.3,32.3,120.0,120.0,1.900e-29,2.550e-25,4.13,1.16,1.56e+04,1,1,
n5,n8,292,262,61.0,61.0,332.0,332.0,2.430e-93,3.270e-89,4.13,0.981,1.32e+04,1,1,
n5,n80,292,301,60.1,60.1,346.0,346.0,1.250e-97,1.680e-93,4.13,0.826,1.11e+04,1,1,
n5,n81,292,310,63.4,63.4,369.0,369.0,2.340e-104,3.160e-100,4.13,1.3,1.75e+04,1,1,
n5,n82,292,364,33.9,33.9,136.0,136.0,2.560e-34,3.440e-30,4.13,1.03,1.38e+04,1,1,
n5,n83,292,434,53.6,53.6,281.0,281.0,6.430e-78,8.650e-74,4.13,1.15,1.55e+04,1,1,
n5,n85,292,258,29.0,42.6,38.0,35.0,9.480e-05,6.330e+00,4.82,1.2,1e+04,0,0,
n5,n86,292,273,49.5,49.5,244.0,244.0,6.670e-67,8.980e-63,4.13,0.87,1.17e+04,1,1,
n5,n87,292,286,61.1,61.1,349.0,349.0,1.470e-98,1.980e-94,4.13,0.777,1.05e+04,1,1,
n5,n88,292,282,43.7,43.7,222.0,222.0,3.540e-60,3.650e-56,4.01,1.1,1.13e+04,1,1,
n5,n89,292,308,44.5,44.5,238.0,238.0,3.660e-65,4.930e-61,4.13,0.746,1e+04,1,1,
n5,n9,292,315,59.0,59.0,334.0,334.0,8.350e-94,1.130e-89,4.13,1.35,1.82e+04,1,1,
n5,n90,292,258,25.9,25.5,65.0,65.0,5.540e-13,7.460e-09,4.13,0.943,1.27e+04,0,0,
n50,n1,269,290,35.6,35.6,149.0,149.0,2.690e-38,3.620e-34,4.13,0.961,1.29e+04,1,1,
n50,n10,269,262,33.7,33.7,134.0,134.0,8.950e-34,1.210e-29,4.13,0.976,1.32e+04,1,1,
n50,n11,269,262,33.7,33.7,135.0,135.0,4.020e-34,5.410e-30,4.13,0.877,1.18e+04,1,1,
n50,n12,269,262,35.3,34.3,137.0,138.0,1.060e-34,1.090e-30,4.01,0.925,1.9e+04,1,1,
n50,n13,269,262,33.9,33.9,137.0,137.0,1.380e-34,1.860e-30,4.13,1.2,1.62e+04,1,1,
n50,n136,269,256,30.5,30.5,30.0,30.0,2.380e-02,3.200e+02,4.13,1.28,1.72e+04,0,0,
n50,n14,269,319,35.3,34.3,137.0,138.0,1.060e-34,1.090e-30,4.01,0.925,1.9e+04,1,1,
n50,n15,269,301,33.7,33.7,135.0,135.0,4.020e-34,5.410e-30,4.13,0.877,1.18e+04,1,1,
n50,n16,269,262,33.6,33.6,139.0,139.0,2.130e-35,2.870e-31,4.13,0.743,1e+04,1,1,
n50,n18,269,298,29.8,29.8,122.0,122.0,4.600e-30,6.190e-26,4.13,1.22,1.65e+04,0,0,
n50,n19,269,307,23.6,32.9,16.0,135.0,3.550e+02,5.410e-30,-31.82,1.16,1.18e+04,0,1,gained_in_v12
n50,n2,269,259,31.7,31.7,119.0,119.0,2.980e-29,4.010e-25,4.13,0.992,1.33e+04,1,1,
n50,n20,269,298,26.2,26.2,104.0,104.0,7.590e-25,1.020e-20,4.13,0.771,1.04e+04,0,0,
n50,n21,269,304,32.5,32.5,138.0,138.0,4.750e-35,6.390e-31,4.13,0.829,1.11e+04,1,1,
n50,n22,269,296,33.6,33.6,132.0,132.0,2.600e-33,3.510e-29,4.13,0.709,9.57e+03,1,1,
n50,n23,269,300,34.0,34.0,134.0,134.0,1.170e-33,1.570e-29,4.13,1.28,1.71e+04,1,1,
n50,n24,269,304,30.7,30.7,113.0,113.0,1.630e-27,2.200e-23,4.13,0.847,1.14e+04,1,1,
n50,n25,269,301,34.9,33.9,136.0,136.0,3.080e-34,3.170e-30,4.01,1.34,1.38e+04,1,1,
n50,n26,269,261,33.3,33.3,134.0,134.0,1.170e-33,1.570e-29,4.13,1.28,1.71e+04,1,1,
n50,n27,269,296,33.6,33.6,132.0,132.0,2.600e-33,3.510e-29,4.13,0.709,9.57e+03,1,1,
n50,n28,269,284,27.8,28.2,96.0,96.0,2.700e-22,3.640e-18,4.13,1.07,1.44e+04,0,0,
n50,n29,269,319,33.5,33.5,134.0,134.0,1.170e-33,1.570e-29,4.13,1.28,1.71e+04,1,1,
n50,n30,269,262,33.7,33.7,135.0,135.0,4.020e-34,5.410e-30,4.13,0.877,1.18e+04,1,1,
n50,n31,269,262,35.3,34.3,137.0,138.0,1.060e-34,1.090e-30,4.01,0.925,1.9e+04,1,1,
n50,n32,269,294,27.8,27.8,99.0,99.0,3.190e-23,4.300e-19,4.13,1.01,1.36e+04,0,0,
n50,n33,269,293,32.1,32.1,134.0,134.0,6.850e-34,9.230e-30,4.13,0.747,1.01e+04,1,1,
n50,n34,269,293,34.8,34.8,134.0,134.0,6.850e-34,9.230e-30,4.13,0.747,1.01e+04,1,1,
n50,n36,269,310,28.6,28.6,110.0,110.0,1.380e-26,1.860e-22,4.13,0.897,1.21e+04,0,0,
n50,n4,269,292,32.6,32.6,127.0,127.0,1.090e-31,1.470e-27,4.13,0.928,1.25e+04,1,1,
n50,n40,269,292,25.9,25.9,84.0,84.0,8.130e-19,1.100e-14,4.13,0.787,1.07e+04,0,0,
n50,n41,269,305,36.8,36.8,146.0,146.0,2.970e-37,4.000e-33,4.13,1.33,1.79e+04,1,1,
n50,n42,269,426,32.4,32.4,132.0,132.0,4.440e-33,5.980e-29,4.13,1.21,1.63e+04,1,1,
n50,n43,269,319,28.8,28.8,103.0,103.0,1.690e-24,2.280e-20,4.13,0.858,1.16e+04,0,0,
n50,n44,269,301,33.7,33.7,135.0,135.0,4.020e-34,5.410e-30,4.13,0.877,1.18e+04,1,1,
n50,n45,269,319,35.3,34.3,137.0,138.0,1.060e-34,1.090e-30,4.01,0.925,1.9e+04,1,1,
n50,n46,269,301,33.7,33.7,135.0,135.0,4.020e-34,5.410e-30,4.13,0.877,1.18e+04,1,1,
n50,n47,269,304,32.5,32.5,138.0,138.0,4.750e-35,6.390e-31,4.13,0.829,1.11e+04,1,1,
n50,n5,269,292,30.9,30.9,114.0,114.0,1.250e-27,1.690e-23,4.13,1.3,1.76e+04,1,1,
n50,n51,269,312,28.7,28.7,112.0,112.0,4.760e-27,6.410e-23,4.13,1.24,1.67e+04,0,0,
n50,n52,269,260,31.1,31.1,124.0,124.0,7.090e-31,9.550e-27,4.13,0.755,1.02e+04,1,1,
n50,n53,269,260,31.8,31.8,129.0,129.0,3.760e-32,5.060e-28,4.13,1.28,1.72e+04,1,1,
n50,n54,269,259,32.1,32.1,122.0,122.0,4.600e-30,6.190e-26,4.13,1.22,1.65e+04,1,1,
n50,n55,269,257,29.7,30.8,101.0,111.0,1.100e-23,1.430e-22,1.11,1.4,1.86e+04,0,1,gained_in_v12
n50,n56,269,257,30.5,31.6,104.0,114.0,7.590e-25,9.880e-24,1.11,0.771,1.03e+04,1,1,
n50,n57,269,257,30.7,30.8,97.0,111.0,1.580e-22,8.370e-23,-0.28,1.25,1.09e+04,1,1,
n50,n58,269,299,30.5,30.5,107.0,107.0,8.970e-26,1.210e-21,4.13,0.729,9.83e+03,1,1,
n50,n59,269,298,32.1,32.1,137.0,137.0,1.380e-34,1.860e-30,4.13,1.2,1.62e+04,1,1,
n50,n6,269,289,29.4,29.4,115.0,115.0,4.300e-28,5.790e-24,4.13,0.894,1.2e+04,0,0,
n50,n60,269,316,32.1,32.1,126.0,126.0,2.440e-31,3.280e-27,4.13,1.04,1.4e+04,1,1,
n50,n61,269,307,31.7,31.7,134.0,134.0,6.850e-34,9.230e-30,4.13,0.747,1.01e+04,1,1,
n50,n62,269,263,34.7,34.7,134.0,134.0,8.950e-34,1.210e-29,4.13,0.976,1.32e+04,1,1,
n50,n63,269,282,26.3,26.3,83.0,83.0,2.370e-18,3.190e-14,4.13,1.15,1.54e+04,0,0,
n50,n64,269,257,31.5,31.5,119.0,119.0,2.280e-29,3.070e-25,4.13,0.759,1.02e+04,1,1,
n50,n66,269,302,31.7,31.6,132.0,138.0,2.600e-33,1.090e-30,2.62,0.709,1.9e+04,1,1,
n50,n67,269,366,33.2,33.2,138.0,138.0,8.100e-35,1.090e-30,4.13,1.41,1.9e+04,1,1,
n50,n68,269,302,31.8,31.8,136.0,136.0,3.080e-34,4.140e-30,4.13,1.34,1.81e+04,1,1,
n50,n69,269,279,32.3,32.3,127.0,127.0,1.430e-31,1.920e-27,4.13,1.22,1.64e+04,1,1,
n50,n7,269,302,32.7,32.7,144.0,144.0,6.620e-37,8.920e-33,4.13,0.739,9.96e+03,1,1,
n50,n70,269,292,32.9,32.9,133.0,133.0,1.530e-33,2.060e-29,4.13,0.834,1.12e+04,1,1,
n50,n71,269,297,29.8,29.8,129.0,129.0,3.760e-32,5.060e-28,4.13,1.28,1.72e+04,0,0,
n50,n72,269,311,29.4,29.4,104.0,104.0,9.920e-25,1.340e-20,4.13,1.01,1.36e+04,0,0,
n50,n73,269,302,26.1,26.1,103.0,103.0,1.690e-24,2.280e-20,4.13,0.858,1.16e+04,0,0,
n50,n74,269,284,32.1,32.1,125.0,125.0,4.160e-31,5.600e-27,4.13,0.886,1.19e+04,1,1,
n50,n75,269,279,32.9,32.9,127.0,127.0,1.090e-31,1.470e-27,4.13,0.928,1.25e+04,1,1,
n50,n76,269,304,32.7,32.7,143.0,143.0,2.520e-36,3.390e-32,4.13,1.41,1.89e+04,1,1,
n50,n77,269,304,32.7,32.7,143.0,143.0,1.480e-36,1.990e-32,4.13,0.826,1.11e+04,1,1,
n50,n78,269,293,33.1,33.1,122.0,122.0,4.600e-30,6.190e-26,4.13,1.22,1.65e+04,1,1,
n50,n79,269,283,85.4,85.4,489.0,489.0,1.430e-140,1.930e-136,4.13,1.14,1.54e+04,1,1,
n50,n8,269,262,33.7,33.7,136.0,136.0,3.080e-34,4.140e-30,4.13,1.34,1.81e+04,1,1,
n50,n80,269,301,33.9,33.9,137.0,137.0,1.380e-34,1.860e-30,4.13,1.2,1.62e+04,1,1,
n50,n81,269,310,29.3,30.5,121.0,125.0,1.020e-29,5.600e-27,2.74,1.36,1.19e+04,0,1,gained_in_v12
n50,n82,269,364,30.2,30.2,127.0,127.0,1.090e-31,1.470e-27,4.13,0.928,1.25e+04,1,1,
n50,n83,269,434,30.8,30.8,108.0,108.0,5.260e-26,7.080e-22,4.13,0.855,1.15e+04,1,1,
n50,n86,269,273,31.4,31.7,128.0,132.0,4.910e-32,5.980e-29,3.09,0.836,1.63e+04,1,1,
n50,n87,269,286,30.1,30.1,111.0,111.0,8.110e-27,1.090e-22,4.13,1.05,1.42e+04,1,1,
n50,n88,269,282,32.1,32.1,116.0,116.0,3.290e-28,4.440e-24,4.13,1.37,1.85e+04,1,1,
n50,n89,269,308,34.9,34.9,139.0,139.0,2.780e-35,3.750e-31,4.13,0.97,1.31e+04,1,1,
n50,n9,269,315,32.6,32.6,129.0,129.0,2.200e-32,2.970e-28,4.13,0.75,1.01e+04,1,1,
n50,n90,269,258,24.7,24.7,47.0,47.0,1.440e-07,1.940e-03,4.13,1.01,1.37e+04,0,0,
n51,n1,312,290,53.0,53.0,272.0,272.0,2.440e-75,3.290e-71,4.13,0.799,1.08e+04,1,1,
n51,n10,312,262,52.6,52.6,263.0,263.0,1.480e-72,2.000e-68,4.13,0.947,1.28e+04,1,1,
n51,n11,312,262,53.0,53.0,267.0,267.0,1.030e-73,1.380e-69,4.13,1.05,1.41e+04,1,1,
n51,n12,312,262,51.9,51.9,265.0,265.0,5.090e-73,6.860e-69,4.13,1.3,1.76e+04,1,1,
n51,n13,312,262,51.9,51.9,260.0,260.0,1.640e-71,2.210e-67,4.13,1.31,1.77e+04,1,1,
n51,n14,312,319,47.9,47.9,267.0,267.0,7.860e-74,1.060e-69,4.13,0.805,1.09e+04,1,1,
n51,n15,312,301,50.2,50.2,268.0,268.0,4.610e-74,6.200e-70,4.13,0.944,1.27e+04,1,1,
n51,n16,312,262,48.3,48.3,250.0,250.0,1.700e-68,2.280e-64,4.13,1.33,1.78e+04,1,1,
n51,n18,312,298,55.4,55.4,303.0,303.0,1.690e-84,2.270e-80,4.13,1.19,1.6e+04,1,1,
n51,n19,312,307,56.0,56.0,349.0,351.0,1.570e-98,7.280e-95,3.67,0.777,1.44e+04,1,1,
n51,n2,312,259,47.6,47.6,249.0,249.0,2.210e-68,2.980e-64,4.13,0.863,1.16e+04,1,1,
n51,n20,312,298,62.0,62.0,381.0,381.0,6.370e-108,8.580e-104,4.13,1.35,1.82e+04,1,1,
n51,n21,312,304,52.8,52.8,276.0,276.0,2.210e-76,2.970e-72,4.13,1.16,1.56e+04,1,1,
n51,n22,312,296,50.5,50.5,264.0,264.0,6.650e-73,8.960e-69,4.13,0.851,1.15e+04,1,1,
n51,n23,312,300,49.1,49.1,255.0,255.0,3.090e-70,4.160e-66,4.13,0.772,1.04e+04,1,1,
n51,n24,312,304,48.7,48.7,250.0,250.0,1.300e-68,1.750e-64,4.13,1.02,1.37e+04,1,1,
n51,n25,312,301,47.5,47.5,266.0,266.0,2.290e-73,3.080e-69,4.13,1.17,1.58e+04,1,1,
n51,n26,312,261,52.6,52.6,265.0,265.0,5.090e-73,6.860e-69,4.13,1.3,1.76e+04,1,1,
n51,n27,312,296,50.5,50.5,264.0,264.0,6.650e-73,8.960e-69,4.13,0.851,1.15e+04,1,1,
n51,n28,312,284,42.4,42.4,210.0,210.0,1.940e-56,2.620e-52,4.13,1.38,1.86e+04,1,1,
n51,n29,312,319,49.5,49.5,265.0,265.0,3.900e-73,5.250e-69,4.13,0.998,1.34e+04,1,1,
n51,n3,312,380,25.2,25.2,34.0,34.0,1.120e-03,1.510e+01,4.13,0.831,1.12e+04,0,0,
n51,n30,312,262,53.0,53.0,267.0,267.0,1.030e-73,1.380e-69,4.13,1.05,1.41e+04,1,1,
n51,n31,312,262,51.9,51.9,265.0,265.0,5.090e-73,6.860e-69,4.13,1.3,1.76e+04,1,1,
n51,n32,312,294,45.9,44.6,231.0,233.0,4.780e-63,2.890e-59,3.78,0.712,1.72e+04,1,1,
n51,n33,312,293,46.1,46.1,243.0,243.0,1.210e-66,1.640e-62,4.13,0.738,1e+04,1,1,
n51,n34,312,293,46.8,46.8,240.0,239.0,1.750e-65,4.030e-61,4.36,1.33,1.54e+04,1,1,
n51,n35,312,456,25.2,25.2,33.0,33.0,1.910e-03,2.570e+01,4.13,0.708,9.53e+03,0,0,
n51,n36,312,310,60.1,60.6,376.0,379.0,1.200e-106,2.500e-103,3.32,0.797,1.33e+04,1,1,
n51,n37,312,263,29.3,29.3,37.0,37.0,2.260e-04,3.040e+00,4.13,1.34,1.8e+04,0,0,
n51,n38,312,495,24.7,24.7,59.0,59.0,3.250e-11,4.380e-07,4.13,0.809,1.09e+04,0,0,
n51,n4,312,292,52.8,52.8,287.0,287.0,7.340e-80,9.880e-76,4.13,0.788,1.06e+04,1,1,
n51,n40,312,292,25.2,26.4,74.0,79.0,9.760e-16,6.970e-13,2.85,0.796,1.82e+04,0,0,
n51,n41,312,305,51.4,50.7,280.0,278.0,1.170e-77,5.990e-73,4.71,0.981,1.26e+04,1,1,
n51,n42,312,426,54.7,54.7,302.0,302.0,2.880e-84,3.880e-80,4.13,1.01,1.36e+04,1,1,
n51,n43,312,319,45.4,45.4,258.0,258.0,3.650e-71,4.910e-67,4.13,0.73,9.82e+03,1,1,
n51,n44,312,301,50.2,50.2,268.0,268.0,4.610e-74,6.200e-70,4.13,0.944,1.27e+04,1,1,
n51,n45,312,319,47.9,47.9,267.0,267.0,7.860e-74,1.060e-69,4.13,0.805,1.09e+04,1,1,
n51,n46,312,301,50.2,50.2,268.0,268.0,4.610e-74,6.200e-70,4.13,0.944,1.27e+04,1,1,
n51,n47,312,304,52.8,52.8,276.0,276.0,2.210e-76,2.970e-72,4.13,1.16,1.56e+04,1,1,
n51,n5,312,292,47.7,47.7,256.0,256.0,1.810e-70,2.440e-66,4.13,0.905,1.22e+04,1,1,
n51,n50,312,269,29.1,29.1,112.0,112.0,5.520e-27,7.430e-23,4.13,1.24,1.67e+04,0,0,
n51,n52,312,260,50.0,50.0,254.0,254.0,6.880e-70,9.270e-66,4.13,0.86,1.16e+04,1,1,
n51,n53,312,260,48.5,48.5,255.0,255.0,3.090e-70,4.160e-66,4.13,0.772,1.04e+04,1,1,
n51,n54,312,259,47.6,47.6,249.0,249.0,2.890e-68,3.890e-64,4.13,1.13,1.52e+04,1,1,
n51,n55,312,257,46.4,46.4,250.0,250.0,9.940e-69,1.340e-64,4.13,0.776,1.05e+04,1,1,
n51,n56,312,257,46.4,46.4,250.0,250.0,9.940e-69,1.340e-64,4.13,0.776,1.05e+04,1,1,
n51,n57,312,257,46.4,46.4,251.0,251.0,5.830e-69,7.850e-65,4.13,0.911,1.23e+04,1,1,
n51,n58,312,299,40.9,40.9,215.0,215.0,6.040e-58,8.140e-54,4.13,1.37,1.85e+04,1,1,
n51,n59,312,298,65.9,65.9,379.0,379.0,1.850e-107,2.500e-103,4.13,0.983,1.33e+04,1,1,
n51,n6,312,289,52.3,52.3,263.0,263.0,1.480e-72,2.000e-68,4.13,0.947,1.28e+04,1,1,
n51,n60,312,316,61.8,61.8,346.0,346.0,1.740e-97,2.340e-93,4.13,1.08,1.45e+04,1,1,
n51,n61,312,307,57.5,57.5,359.0,359.0,2.590e-101,3.490e-97,4.13,1.31,1.77e+04,1,1,
n51,n62,312,263,48.5,48.5,248.0,248.0,3.780e-68,5.090e-64,4.13,0.738,9.94e+03,1,1,
n51,n64,312,257,51.9,51.9,260.0,260.0,1.250e-71,1.690e-67,4.13,1,1.35e+04,1,1,
n51,n66,312,302,56.1,56.1,357.0,357.0,7.540e-101,1.020e-96,4.13,0.955,1.29e+04,1,1,
n51,n67,312,366,34.9,34.9,154.0,154.0,1.270e-39,1.700e-35,4.13,1.25,1.68e+04,1,1,
n51,n68,312,302,57.9,57.9,367.0,367.0,9.520e-104,1.280e-99,4.13,1.24,1.66e+04,1,1,
n51,n69,312,279,46.7,46.7,224.0,224.0,7.630e-61,1.030e-56,4.13,0.888,1.2e+04,1,1,
n51,n7,312,302,56.6,56.6,356.0,356.0,2.190e-100,2.950e-96,4.13,1.39,1.87e+04,1,1,
n51,n70,312,292,49.8,49.8,272.0,272.0,2.440e-75,3.290e-71,4.13,0.799,1.08e+04,1,1,
n51,n71,312,297,60.6,60.6,392.0,392.0,2.110e-111,2.850e-107,4.13,0.919,1.24e+04,1,1,
n51,n72,312,311,44.3,44.3,239.0,239.0,2.990e-65,4.030e-61,4.13,1.14,1.54e+04,1,1,
n51,n73,312,302,46.0,46.0,251.0,251.0,7.610e-69,1.020e-64,4.13,1.19,1.59e+04,1,1,
n51,n74,312,284,49.1,49.1,267.0,267.0,7.860e-74,1.060e-69,4.13,0.805,1.09e+04,1,1,
n51,n75,312,279,53.6,53.6,260.0,260.0,1.250e-71,1.690e-67,4.13,1,1.35e+04,1,1,
n51,n76,312,304,57.3,57.3,358.0,358.0,4.420e-101,5.950e-97,4.13,1.12,1.51e+04,1,1,
n51,n77,312,304,58.7,58.7,360.0,360.0,1.160e-101,1.570e-97,4.13,1.18,1.59e+04,1,1,
n51,n78,312,293,46.7,46.4,255.0,254.0,5.270e-70,1.210e-65,4.36,1.32,1.51e+04,1,1,
n51,n79,312,283,30.2,30.2,117.0,119.0,1.310e-28,4.650e-25,3.55,0.94,1.33e+04,1,1,
n51,n8,312,262,52.6,52.6,263.0,263.0,1.480e-72,2.000e-68,4.13,0.947,1.28e+04,1,1,
n51,n80,312,301,49.1,49.1,261.0,261.0,7.350e-72,9.900e-68,4.13,1.18,1.58e+04,1,1,
n51,n81,312,310,47.2,47.2,254.0,254.0,8.990e-70,1.210e-65,4.13,1.12,1.51e+04,1,1,
n51,n82,312,364,33.1,33.1,149.0,149.0,4.070e-38,5.480e-34,4.13,1.25,1.69e+04,1,1,
n51,n83,312,434,39.5,39.5,173.0,173.0,2.630e-45,3.550e-41,4.13,1.36,1.83e+04,1,1,
n51,n86,312,273,67.8,67.8,397.0,397.0,8.590e-113,1.160e-108,4.13,1.2,1.62e+04,1,1,
n51,n87,312,286,43.5,43.5,224.0,224.0,7.630e-61,1.030e-56,4.13,0.888,1.2e+04,1,1,
n51,n88,312,282,43.3,43.7,198.0,201.0,5.850e-53,9.310e-50,3.20,1.01,1.29e+04,1,1,
n51,n89,312,308,61.8,61.8,368.0,368.0,3.270e-104,4.400e-100,4.13,0.849,1.14e+04,1,1,
n51,n9,312,315,46.0,46.0,243.0,243.0,1.590e-66,2.140e-62,4.13,0.97,1.31e+04,1,1,
n51,n90,312,258,25.5,25.5,60.0,60.0,1.460e-11,1.960e-07,4.13,0.727,9.75e+03,0,0,
n52,n1,260,290,47.5,47.5,243.0,243.0,1.730e-66,2.330e-62,4.13,1.27,1.71e+04,1,1,
n52,n10,260,262,66.7,66.7,354.0,354.0,6.950e-100,9.360e-96,4.13,1.32,1.78e+04,1,1,
n52,n11,260,262,67.8,67.8,365.0,365.0,2.310e-103,3.110e-99,4.13,0.899,1.21e+04,1,1,
n52,n12,260,262,67.0,67.0,359.0,359.0,1.650e-101,2.230e-97,4.13,1,1.36e+04,1,1,
n52,n13,260,262,68.2,68.2,366.0,366.0,1.040e-103,1.390e-99,4.13,0.81,1.08e+04,1,1,
n52,n14,260,319,66.9,66.9,357.0,357.0,6.280e-101,8.460e-97,4.13,0.955,1.29e+04,1,1,
n52,n15,260,301,67.7,67.7,363.0,363.0,8.770e-103,1.180e-98,4.13,0.853,1.15e+04,1,1,
n52,n16,260,262,68.6,68.6,369.0,369.0,1.220e-104,1.650e-100,4.13,0.76,1.03e+04,1,1,
n52,n17,260,314,24.1,24.1,31.0,31.0,1.030e-02,1.390e+02,4.13,1.15,1.55e+04,0,0,
n52,n18,260,298,49.1,49.1,268.0,268.0,5.010e-74,6.750e-70,4.13,1.23,1.66e+04,1,1,
n52,n19,260,307,47.8,47.8,250.0,250.0,1.410e-68,1.900e-64,4.13,1.32,1.78e+04,1,1,
n52,n2,260,259,68.5,68.5,367.0,367.0,6.070e-104,8.180e-100,4.13,0.945,1.27e+04,1,1,
n52,n20,260,298,44.6,44.6,221.0,221.0,4.120e-60,5.550e-56,4.13,0.719,9.69e+03,1,1,
n52,n21,260,304,48.3,48.3,252.0,252.0,2.180e-69,2.940e-65,4.13,0.817,1.1e+04,1,1,
n52,n22,260,296,66.9,66.9,361.0,361.0,3.330e-102,4.490e-98,4.13,0.81,1.09e+04,1,1,
n52,n23,260,300,66.9,66.9,356.0,356.0,1.830e-100,2.460e-96,4.13,1.39,1.87e+04,1,1,
n52,n24,260,304,75.8,75.8,402.0,402.0,1.700e-114,2.290e-110,4.13,0.91,1.23e+04,1,1,
n52,n25,260,301,67.3,67.3,358.0,358.0,2.820e-101,3.800e-97,4.13,0.858,1.16e+04,1,1,
n52,n26,260,261,68.1,68.1,364.0,364.0,5.140e-103,6.920e-99,4.13,1,1.35e+04,1,1,
n52,n27,260,296,66.9,66.9,361.0,361.0,3.330e-102,4.490e-98,4.13,0.81,1.09e+04,1,1,
n52,n28,260,284,58.4,58.4,305.0,305.0,2.170e-85,2.920e-81,4.13,0.733,9.86e+03,1,1,
n52,n29,260,319,68.4,68.4,366.0,366.0,1.040e-103,1.390e-99,4.13,0.81,1.08e+04,1,1,
n52,n3,260,380,24.1,24.1,42.0,42.0,5.840e-06,7.870e-02,4.13,1.33,1.79e+04,0,0,
n52,n30,260,262,67.8,67.8,365.0,365.0,2.310e-103,3.110e-99,4.13,0.899,1.21e+04,1,1,
n52,n31,260,262,67.0,67.0,359.0,359.0,1.650e-101,2.230e-97,4.13,1,1.36e+04,1,1,
n52,n32,260,294,54.4,54.4,284.0,284.0,6.760e-79,9.100e-75,4.13,1.09,1.47e+04,1,1,
n52,n33,260,293,59.0,59.0,292.0,292.0,3.240e-81,4.370e-77,4.13,1.34,1.8e+04,1,1,
n52,n34,260,293,58.6,59.0,287.0,287.0,1.040e-79,1.080e-75,4.02,1.34,1.39e+04,1,1,
n52,n35,260,456,23.1,23.1,41.0,41.0,9.970e-06,1.340e-01,4.13,1.14,1.53e+04,0,0,
n52,n36,260,310,47.7,47.7,251.0,251.0,4.860e-69,6.540e-65,4.13,0.911,1.23e+04,1,1,
n52,n38,260,495,25.3,25.0,55.0,55.0,3.910e-10,5.270e-06,4.13,0.73,9.83e+03,0,0,
n52,n4,260,292,47.4,47.4,251.0,251.0,6.340e-69,8.540e-65,4.13,1.19,1.6e+04,1,1,
n52,n40,260,292,29.0,29.0,86.0,86.0,2.070e-19,2.790e-15,4.13,0.83,1.12e+04,0,0,
n52,n41,260,305,43.4,43.4,226.0,226.0,2.180e-61,2.940e-57,4.13,1.22,1.64e+04,1,1,
n52,n42,260,426,50.6,50.6,273.0,273.0,1.560e-75,2.100e-71,4.13,1.23,1.65e+04,1,1,
n52,n43,260,319,42.5,42.5,196.0,196.0,2.420e-52,3.260e-48,4.13,1.26,1.7e+04,1,1,
n52,n44,260,301,67.7,67.7,363.0,363.0,8.770e-103,1.180e-98,4.13,0.853,1.15e+04,1,1,
n52,n45,260,319,66.9,66.9,357.0,357.0,6.280e-101,8.460e-97,4.13,0.955,1.29e+04,1,1,
n52,n46,260,301,67.7,67.7,363.0,363.0,8.770e-103,1.180e-98,4.13,0.853,1.15e+04,1,1,
n52,n47,260,304,48.3,48.3,252.0,252.0,2.180e-69,2.940e-65,4.13,0.817,1.1e+04,1,1,
n52,n5,260,292,65.4,65.4,354.0,354.0,4.070e-100,5.480e-96,4.13,0.774,1.04e+04,1,1,
n52,n50,260,269,31.1,31.1,124.0,124.0,6.850e-31,9.230e-27,4.13,0.755,1.02e+04,1,1,
n52,n51,260,312,50.0,50.0,254.0,254.0,5.740e-70,7.720e-66,4.13,0.861,1.16e+04,1,1,
n52,n53,260,260,91.2,91.2,487.0,487.0,4.030e-140,5.420e-136,4.13,0.834,1.12e+04,1,1,
n52,n54,260,259,68.8,68.8,370.0,370.0,9.370e-105,1.260e-100,4.13,1.17,1.57e+04,1,1,
n52,n55,260,257,62.7,62.7,324.0,324.0,7.700e-91,1.040e-86,4.13,1.36,1.84e+04,1,1,
n52,n56,260,257,62.3,62.3,324.0,324.0,7.700e-91,1.040e-86,4.13,1.36,1.84e+04,1,1,
n52,n57,260,257,62.7,62.7,324.0,324.0,5.890e-91,7.940e-87,4.13,1.04,1.41e+04,1,1,
n52,n58,260,299,55.4,55.4,278.0,278.0,4.840e-77,6.520e-73,4.13,1.22,1.64e+04,1,1,
n52,n59,260,298,47.0,47.0,233.0,233.0,1.790e-63,2.410e-59,4.13,1.28,1.72e+04,1,1,
n52,n6,260,289,70.3,70.3,382.0,382.0,1.400e-108,1.880e-104,4.13,0.714,9.59e+03,1,1,
n52,n60,260,316,50.6,50.6,254.0,254.0,7.490e-70,1.010e-65,4.13,1.12,1.51e+04,1,1,
n52,n61,260,307,49.8,49.8,253.0,253.0,1.280e-69,1.720e-65,4.13,0.96,1.29e+04,1,1,
n52,n62,260,263,71.7,71.7,387.0,387.0,5.670e-110,7.640e-106,4.13,0.926,1.25e+04,1,1,
n52,n63,260,282,26.4,26.0,89.0,89.0,4.170e-20,5.610e-16,4.13,1.34,1.8e+04,0,0,
n52,n64,260,257,67.7,67.7,375.0,375.0,2.910e-106,3.920e-102,4.13,1.16,1.56e+04,1,1,
n52,n66,260,302,53.0,53.0,272.0,272.0,2.040e-75,2.740e-71,4.13,0.802,1.08e+04,1,1,
n52,n67,260,366,34.3,34.3,131.0,131.0,9.560e-33,1.290e-28,4.13,1.35,1.82e+04,1,1,
n52,n68,260,302,51.8,51.8,273.0,273.0,1.560e-75,2.100e-71,4.13,1.23,1.65e+04,1,1,
n52,n69,260,279,55.1,54.7,281.0,278.0,5.720e-78,3.820e-73,4.82,1.15,9.61e+03,1,1,
n52,n7,260,302,49.4,49.4,258.0,258.0,5.190e-71,6.990e-67,4.13,1.25,1.68e+04,1,1,
n52,n70,260,292,51.1,51.1,265.0,265.0,3.250e-73,4.380e-69,4.13,0.998,1.35e+04,1,1,
n52,n71,260,297,47.0,47.0,237.0,237.0,9.480e-65,1.280e-60,4.13,1.08,1.46e+04,1,1,
n52,n72,260,311,68.6,68.6,372.0,372.0,1.450e-105,1.950e-101,4.13,0.722,9.72e+03,1,1,
n52,n73,260,302,60.1,60.1,329.0,329.0,1.830e-92,2.470e-88,4.13,1.04,1.4e+04,1,1,
n52,n74,260,284,65.4,65.4,351.0,351.0,5.880e-99,7.920e-95,4.13,1.4,1.88e+04,1,1,
n52,n75,260,279,47.0,47.0,225.0,225.0,4.870e-61,6.550e-57,4.13,1.36,1.83e+04,1,1,
n52,n76,260,304,50.0,50.0,260.0,260.0,8.000e-72,1.080e-67,4.13,0.768,1.04e+04,1,1,
n52,n77,260,304,50.9,50.9,264.0,264.0,5.540e-73,7.460e-69,4.13,0.851,1.15e+04,1,1,
n52,n78,260,293,64.2,64.2,354.0,354.0,6.950e-100,9.360e-96,4.13,1.32,1.78e+04,1,1,
n52,n79,260,283,30.8,30.8,116.0,116.0,3.180e-28,4.290e-24,4.13,1.37,1.85e+04,1,1,
n52,n8,260,262,66.9,66.9,358.0,358.0,3.680e-101,4.960e-97,4.13,1.12,1.51e+04,1,1,
n52,n80,260,301,68.1,68.1,364.0,364.0,3.940e-103,5.300e-99,4.13,0.767,1.03e+04,1,1,
n52,n81,260,310,73.6,73.6,405.0,405.0,2.010e-115,2.710e-111,4.13,0.86,1.16e+04,1,1,
n52,n82,260,364,34.4,34.4,143.0,143.0,1.860e-36,2.510e-32,4.13,1.07,1.45e+04,1,1,
n52,n83,260,434,53.1,53.1,260.0,260.0,8.000e-72,1.080e-67,4.13,0.768,1.04e+04,1,1,
n52,n85,260,258,25.6,25.6,32.0,32.0,4.630e-03,6.240e+01,4.13,1.03,1.39e+04,0,0,
n52,n86,260,273,48.5,48.5,242.0,242.0,3.850e-66,5.180e-62,4.13,1.41,1.9e+04,1,1,
n52,n87,260,286,62.0,62.0,327.0,327.0,6.960e-92,9.380e-88,4.13,0.986,1.33e+04,1,1,
n52,n88,260,282,45.3,45.3,230.0,230.0,8.870e-63,1.190e-58,4.13,0.793,1.06e+04,1,1,
n52,n89,260,308,44.2,47.0,225.0,236.0,4.870e-61,2.180e-60,0.65,1.36,1.25e+04,1,1,
n52,n9,260,315,59.8,59.8,328.0,328.0,4.080e-92,5.500e-88,4.13,1.16,1.56e+04,1,1,
n52,n90,260,258,27.5,27.0,74.0,74.0,1.060e-15,1.430e-11,4.13,1.04,1.4e+04,0,0,
n52,n93,260,384,28.8,28.8,30.0,30.0,2.300e-02,3.090e+02,4.13,1.28,1.72e+04,0,0,
n53,n1,260,290,48.7,48.7,251.0,251.0,4.860e-69,6.540e-65,4.13,0.911,1.23e+04,1,1,
n53,n10,260,262,67.3,67.3,354.0,354.0,5.320e-100,7.160e-96,4.13,1.01,1.36e+04,1,1,
n53,n11,260,262,68.4,68.4,366.0,366.0,1.770e-103,2.380e-99,4.13,1.38,1.85e+04,1,1,
n53,n12,260,262,66.9,66.9,359.0,359.0,2.160e-101,2.910e-97,4.13,1.31,1.77e+04,1,1,
n53,n13,260,262,68.4,68.4,365.0,365.0,2.310e-103,3.110e-99,4.13,0.899,1.21e+04,1,1,
n53,n14,260,319,66.8,66.8,357.0,357.0,8.210e-101,1.110e-96,4.13,1.25,1.69e+04,1,1,
n53,n15,260,301,68.3,68.3,364.0,364.0,6.710e-103,9.040e-99,4.13,1.31,1.76e+04,1,1,
n53,n16,260,262,68.4,68.4,363.0,363.0,8.770e-103,1.180e-98,4.13,0.853,1.15e+04,1,1,
n53,n17,260,314,24.1,24.1,31.0,31.0,7.900e-03,1.060e+02,4.13,0.879,1.18e+04,0,0,
n53,n18,260,298,50.2,50.2,269.0,269.0,2.250e-74,3.030e-70,4.13,1.11,1.49e+04,1,1,
n53,n19,260,307,46.1,46.1,243.0,243.0,1.320e-66,1.780e-62,4.13,0.966,1.3e+04,1,1,
n53,n2,260,259,69.5,69.5,368.0,368.0,3.560e-104,4.790e-100,4.13,1.11,1.49e+04,1,1,
n53,n20,260,298,42.8,42.8,222.0,222.0,2.420e-60,3.250e-56,4.13,0.845,1.13e+04,1,1,
n53,n21,260,304,50.2,50.2,263.0,263.0,1.230e-72,1.660e-68,4.13,0.944,1.27e+04,1,1,
n53,n22,260,296,66.8,66.8,362.0,362.0,2.550e-102,3.440e-98,4.13,1.24,1.67e+04,1,1,
n53,n23,260,300,67.2,67.2,357.0,357.0,6.280e-101,8.460e-97,4.13,0.955,1.29e+04,1,1,
n53,n24,260,304,76.2,76.2,403.0,403.0,7.640e-115,1.030e-110,4.13,0.818,1.1e+04,1,1,
n53,n25,260,301,67.2,67.2,358.0,358.0,3.680e-101,4.960e-97,4.13,1.12,1.51e+04,1,1,
n53,n26,260,261,68.3,68.3,363.0,363.0,1.150e-102,1.540e-98,4.13,1.12,1.5e+04,1,1,
n53,n27,260,296,66.8,66.8,362.0,362.0,2.550e-102,3.440e-98,4.13,1.24,1.67e+04,1,1,
n53,n28,260,284,56.5,56.5,299.0,299.0,2.030e-83,2.730e-79,4.13,1.07,1.44e+04,1,1,
n53,n29,260,319,68.3,68.3,364.0,364.0,5.140e-103,6.920e-99,4.13,1,1.35e+04,1,1,
n53,n3,260,380,24.1,24.1,40.0,40.0,1.700e-05,2.290e-01,4.13,0.968,1.3e+04,0,0,
n53,n30,260,262,68.4,68.4,366.0,366.0,1.770e-103,2.380e-99,4.13,1.38,1.85e+04,1,1,
n53,n31,260,262,66.9,66.9,359.0,359.0,2.160e-101,2.910e-97,4.13,1.31,1.77e+04,1,1,
n53,n32,260,294,52.1,52.1,278.0,278.0,2.840e-77,3.820e-73,4.13,0.714,9.61e+03,1,1,
n53,n33,260,293,56.9,56.9,298.0,298.0,4.520e-83,6.090e-79,4.13,1.19,1.61e+04,1,1,
n53,n34,260,293,56.1,56.1,290.0,290.0,7.220e-81,9.730e-77,4.13,0.744,1e+04,1,1,
n53,n35,260,456,23.1,23.1,39.0,39.0,2.900e-05,3.910e-01,4.13,0.826,1.11e+04,0,0,
n53,n36,260,310,49.2,49.2,260.0,260.0,8.000e-72,1.080e-67,4.13,0.768,1.04e+04,1,1,
n53,n38,260,495,25.3,25.0,55.0,55.0,3.910e-10,5.270e-06,4.13,0.73,9.83e+03,0,0,
n53,n4,260,292,47.4,47.4,250.0,250.0,8.280e-69,1.120e-64,4.13,0.776,1.05e+04,1,1,
n53,n40,260,292,28.6,28.6,87.0,87.0,1.210e-19,1.630e-15,4.13,0.97,1.31e+04,0,0,
n53,n41,260,305,46.0,46.0,236.0,236.0,2.110e-64,2.840e-60,4.13,1.21,1.62e+04,1,1,
n53,n42,260,426,51.3,51.3,277.0,277.0,8.260e-77,1.110e-72,4.13,1.04,1.4e+04,1,1,
n53,n43,260,319,43.2,43.2,202.0,202.0,3.380e-54,4.550e-50,4.13,1.13,1.51e+04,1,1,
n53,n44,260,301,68.3,68.3,364.0,364.0,6.710e-103,9.040e-99,4.13,1.31,1.76e+04,1,1,
n53,n45,260,319,66.8,66.8,357.0,357.0,8.210e-101,1.110e-96,4.13,1.25,1.69e+04,1,1,
n53,n46,260,301,68.3,68.3,364.0,364.0,6.710e-103,9.040e-99,4.13,1.31,1.76e+04,1,1,
n53,n47,260,304,50.2,50.2,263.0,263.0,1.230e-72,1.660e-68,4.13,0.944,1.27e+04,1,1,
n53,n5,260,292,67.3,67.3,362.0,362.0,2.550e-102,3.440e-98,4.13,1.24,1.67e+04,1,1,
n53,n50,260,269,31.8,31.8,129.0,129.0,3.630e-32,4.890e-28,4.13,1.28,1.72e+04,1,1,
n53,n51,260,312,48.5,48.5,255.0,255.0,2.570e-70,3.470e-66,4.13,0.771,1.04e+04,1,1,
n53,n52,260,260,91.2,91.2,487.0,487.0,4.030e-140,5.420e-136,4.13,0.834,1.12e+04,1,1,
n53,n54,260,259,69.5,69.5,369.0,369.0,1.600e-104,2.150e-100,4.13,0.997,1.34e+04,1,1,
n53,n55,260,257,62.3,62.3,326.0,326.0,1.190e-91,1.600e-87,4.13,0.843,1.13e+04,1,1,
n53,n56,260,257,62.5,62.5,327.0,327.0,6.960e-92,9.380e-88,4.13,0.986,1.33e+04,1,1,
n53,n57,260,257,62.9,62.9,327.0,327.0,5.330e-92,7.180e-88,4.13,0.755,1.02e+04,1,1,
n53,n58,260,299,56.0,56.0,284.0,284.0,5.180e-79,6.970e-75,4.13,0.834,1.12e+04,1,1,
n53,n59,260,298,47.0,47.0,240.0,240.0,1.120e-65,1.510e-61,4.13,1.02,1.38e+04,1,1,
n53,n6,260,289,70.3,70.3,385.0,385.0,2.810e-109,3.790e-105,4.13,1.15,1.55e+04,1,1,
n53,n60,260,316,48.5,48.5,251.0,251.0,4.860e-69,6.540e-65,4.13,0.911,1.23e+04,1,1,
n53,n61,260,307,47.7,47.7,248.0,248.0,5.370e-68,7.230e-64,4.13,1.26,1.69e+04,1,1,
n53,n62,260,263,74.8,74.8,404.0,404.0,5.850e-115,7.880e-111,4.13,1.25,1.69e+04,1,1,
n53,n63,260,282,26.8,26.8,93.0,93.0,1.690e-21,2.280e-17,4.13,0.867,1.17e+04,0,0,
n53,n64,260,257,70.0,70.0,377.0,377.0,5.870e-107,7.900e-103,4.13,0.936,1.26e+04,1,1,
n53,n66,260,302,51.3,51.3,267.0,267.0,8.550e-74,1.150e-69,4.13,1.05,1.41e+04,1,1,
n53,n67,260,366,33.6,33.6,132.0,132.0,4.290e-33,5.780e-29,4.13,1.21,1.63e+04,1,1,
n53,n68,260,302,50.6,50.6,269.0,269.0,1.720e-74,2.320e-70,4.13,0.845,1.14e+04,1,1,
n53,n69,260,279,53.2,53.2,282.0,282.0,1.970e-78,2.650e-74,4.13,0.793,1.07e+04,1,1,
n53,n7,260,302,48.5,48.5,256.0,256.0,1.970e-70,2.650e-66,4.13,1.18,1.59e+04,1,1,
n53,n70,260,292,53.3,53.3,270.0,270.0,1.320e-74,1.780e-70,4.13,1.3,1.75e+04,1,1,
n53,n71,260,297,47.0,47.0,241.0,241.0,5.020e-66,6.770e-62,4.13,0.919,1.24e+04,1,1,
n53,n72,260,311,70.9,70.9,380.0,380.0,6.930e-108,9.330e-104,4.13,0.884,1.19e+04,1,1,
n53,n73,260,302,62.2,62.2,341.0,341.0,6.090e-96,8.200e-92,4.13,1.41,1.9e+04,1,1,
n53,n74,260,284,65.6,65.6,349.0,349.0,1.310e-98,1.760e-94,4.13,0.778,1.05e+04,1,1,
n53,n75,260,279,47.4,47.4,231.0,231.0,5.200e-63,7.000e-59,4.13,0.929,1.25e+04,1,1,
n53,n76,260,304,49.1,49.1,255.0,255.0,4.390e-70,5.910e-66,4.13,1.32,1.77e+04,1,1,
n53,n77,260,304,50.0,50.0,259.0,259.0,2.330e-71,3.140e-67,4.13,1.12,1.51e+04,1,1,
n53,n78,260,293,64.2,64.2,352.0,352.0,2.640e-99,3.550e-95,4.13,1.25,1.69e+04,1,1,
n53,n79,260,283,32.2,32.2,123.0,123.0,1.530e-30,2.060e-26,4.13,0.843,1.13e+04,1,1,
n53,n8,260,262,67.2,67.2,357.0,357.0,8.210e-101,1.110e-96,4.13,1.25,1.69e+04,1,1,
n53,n80,260,301,68.3,68.3,363.0,363.0,8.770e-103,1.180e-98,4.13,0.853,1.15e+04,1,1,
n53,n81,260,310,74.0,74.0,412.0,412.0,1.650e-117,2.220e-113,4.13,0.904,1.22e+04,1,1,
n53,n82,260,364,34.5,34.5,140.0,140.0,1.580e-35,2.120e-31,4.13,1.14,1.53e+04,1,1,
n53,n83,260,434,55.4,55.4,270.0,270.0,1.320e-74,1.780e-70,4.13,1.3,1.75e+04,1,1,
n53,n85,260,258,25.6,25.6,32.0,32.0,3.540e-03,4.770e+01,4.13,0.788,1.06e+04,0,0,
n53,n86,260,273,47.3,47.3,244.0,244.0,5.940e-67,7.990e-63,4.13,0.87,1.17e+04,1,1,
n53,n87,260,286,62.7,62.7,334.0,334.0,5.700e-94,7.670e-90,4.13,1.03,1.39e+04,1,1,
n53,n88,260,282,44.9,44.6,230.0,228.0,1.510e-62,5.930e-58,4.59,1.35,1.32e+04,1,1,
n53,n89,260,308,45.5,45.5,236.0,236.0,1.240e-64,1.670e-60,4.13,0.709,9.55e+03,1,1,
n53,n9,260,315,63.2,63.2,343.0,343.0,1.230e-96,1.650e-92,4.13,1.14,1.53e+04,1,1,
n53,n90,260,258,27.0,26.6,72.0,72.0,4.040e-15,5.440e-11,4.13,0.988,1.33e+04,0,0,
n53,n93,260,384,26.9,26.9,28.0,28.0,6.690e-02,9.000e+02,4.13,0.93,1.25e+04,0,0,
n53,n96,260,283,34.0,34.0,32.0,32.0,4.630e-03,6.240e+01,4.13,1.03,1.39e+04,0,0,
n54,n1,259,290,48.9,48.9,244.0,244.0,5.910e-67,7.960e-63,4.13,0.869,1.17e+04,1,1,
n54,n10,259,262,63.6,63.6,340.0,340.0,7.920e-96,1.070e-91,4.13,0.922,1.25e+04,1,1,
n54,n11,259,262,64.8,64.8,352.0,352.0,2.630e-99,3.540e-95,4.13,1.25,1.69e+04,1,1,
n54,n12,259,262,64.0,64.0,346.0,346.0,1.440e-97,1.940e-93,4.13,1.07,1.45e+04,1,1,
n54,n120,259,201,24.1,24.1,30.0,30.0,1.340e-02,1.810e+02,4.13,0.748,1.01e+04,0,0,
n54,n13,259,262,64.8,64.8,351.0,351.0,3.430e-99,4.630e-95,4.13,0.818,1.1e+04,1,1,
n54,n134,259,352,27.3,27.3,50.0,50.0,1.640e-08,2.200e-04,4.13,0.96,1.29e+04,0,0,
n54,n14,259,319,64.1,64.1,344.0,344.0,4.200e-97,5.650e-93,4.13,0.783,1.05e+04,1,1,
n54,n15,259,301,64.9,64.9,350.0,350.0,7.650e-99,1.030e-94,4.13,0.912,1.23e+04,1,1,
n54,n16,259,262,67.0,67.0,352.0,352.0,2.010e-99,2.710e-95,4.13,0.959,1.29e+04,1,1,
n54,n18,259,298,51.5,51.5,275.0,275.0,4.090e-76,5.500e-72,4.13,1.29,1.74e+04,1,1,
n54,n19,259,307,46.7,46.7,241.0,241.0,5.010e-66,6.740e-62,4.13,0.921,1.24e+04,1,1,
n54,n2,259,259,98.5,98.5,518.0,518.0,1.620e-149,2.190e-145,4.13,0.723,9.77e+03,1,1,
n54,n20,259,298,44.6,44.6,225.0,225.0,2.840e-61,3.830e-57,4.13,0.796,1.07e+04,1,1,
n54,n21,259,304,50.0,50.0,257.0,257.0,6.750e-71,9.090e-67,4.13,0.813,1.09e+04,1,1,
n54,n22,259,296,64.1,64.1,341.0,341.0,3.550e-96,4.790e-92,4.13,0.827,1.12e+04,1,1,
n54,n23,259,300,62.6,62.6,334.0,334.0,7.410e-94,9.980e-90,4.13,1.35,1.82e+04,1,1,
n54,n24,259,304,65.1,65.1,355.0,355.0,3.110e-100,4.180e-96,4.13,1.19,1.6e+04,1,1,
n54,n25,259,301,64.1,64.1,345.0,345.0,3.210e-97,4.330e-93,4.13,1.2,1.61e+04,1,1,
n54,n26,259,261,64.9,64.9,350.0,350.0,7.650e-99,1.030e-94,4.13,0.912,1.23e+04,1,1,
n54,n27,259,296,64.1,64.1,341.0,341.0,3.550e-96,4.790e-92,4.13,0.827,1.12e+04,1,1,
n54,n28,259,284,57.0,57.0,298.0,298.0,3.450e-83,4.650e-79,4.13,0.914,1.23e+04,1,1,
n54,n29,259,319,64.9,64.9,349.0,349.0,2.230e-98,3.000e-94,4.13,1.33,1.79e+04,1,1,
n54,n30,259,262,64.8,64.8,352.0,352.0,2.630e-99,3.540e-95,4.13,1.25,1.69e+04,1,1,
n54,n31,259,262,64.0,64.0,346.0,346.0,1.440e-97,1.940e-93,4.13,1.07,1.45e+04,1,1,
n54,n32,259,294,52.1,52.1,288.0,288.0,3.570e-80,4.810e-76,4.13,0.923,1.24e+04,1,1,
n54,n33,259,293,55.4,55.4,283.0,283.0,1.500e-78,2.020e-74,4.13,1.21,1.63e+04,1,1,
n54,n34,259,293,53.1,53.1,273.0,273.0,1.550e-75,2.090e-71,4.13,1.22,1.65e+04,1,1,
n54,n36,259,310,47.2,47.2,242.0,242.0,3.830e-66,5.160e-62,4.13,1.41,1.9e+04,1,1,
n54,n38,259,495,28.8,28.8,71.0,71.0,6.860e-15,9.240e-11,4.13,0.842,1.13e+04,0,0,
n54,n4,259,292,48.5,48.5,248.0,248.0,4.090e-68,5.510e-64,4.13,0.962,1.3e+04,1,1,
n54,n40,259,292,31.6,31.6,105.0,105.0,5.600e-25,7.540e-21,4.13,1.18,1.59e+04,1,1,
n54,n41,259,305,47.3,47.3,231.0,231.0,5.180e-63,6.980e-59,4.13,0.929,1.25e+04,1,1,
n54,n42,259,426,49.6,49.6,270.0,270.0,1.310e-74,1.770e-70,4.13,1.29,1.75e+04,1,1,
n54,n43,259,319,41.2,41.2,194.0,194.0,9.160e-52,1.230e-47,4.13,1.2,1.61e+04,1,1,
n54,n44,259,301,64.9,64.9,350.0,350.0,7.650e-99,1.030e-94,4.13,0.912,1.23e+04,1,1,
n54,n45,259,319,64.1,64.1,344.0,344.0,4.200e-97,5.650e-93,4.13,0.783,1.05e+04,1,1,
n54,n46,259,301,64.9,64.9,350.0,350.0,7.650e-99,1.030e-94,4.13,0.912,1.23e+04,1,1,
n54,n47,259,304,50.0,50.0,257.0,257.0,6.750e-71,9.090e-67,4.13,0.813,1.09e+04,1,1,
n54,n5,259,292,61.9,61.9,332.0,332.0,2.820e-93,3.790e-89,4.13,1.28,1.72e+04,1,1,
n54,n50,259,269,32.1,32.1,122.0,122.0,4.430e-30,5.960e-26,4.13,1.22,1.65e+04,1,1,
n54,n51,259,312,47.6,47.6,249.0,249.0,2.400e-68,3.230e-64,4.13,1.13,1.52e+04,1,1,
n54,n52,259,260,68.8,68.8,370.0,370.0,9.330e-105,1.260e-100,4.13,1.17,1.58e+04,1,1,
n54,n53,259,260,69.5,69.5,369.0,369.0,1.590e-104,2.140e-100,4.13,0.994,1.34e+04,1,1,
n54,n55,259,257,63.1,63.1,329.0,329.0,1.400e-92,1.880e-88,4.13,0.796,1.07e+04,1,1,
n54,n56,259,257,63.5,63.5,332.0,332.0,1.650e-93,2.220e-89,4.13,0.751,1.01e+04,1,1,
n54,n57,259,257,63.5,63.5,332.0,332.0,2.820e-93,3.790e-89,4.13,1.28,1.72e+04,1,1,
n54,n58,259,299,53.3,53.3,265.0,265.0,4.230e-73,5.690e-69,4.13,1.3,1.75e+04,1,1,
n54,n59,259,298,44.9,44.9,233.0,233.0,1.780e-63,2.400e-59,4.13,1.28,1.72e+04,1,1,
n54,n6,259,289,64.6,64.6,347.0,347.0,8.460e-98,1.140e-93,4.13,1.26,1.7e+04,1,1,
n54,n60,259,316,44.3,44.3,224.0,224.0,8.270e-61,1.110e-56,4.13,1.16,1.56e+04,1,1,
n54,n61,259,307,45.9,45.9,238.0,238.0,3.240e-65,4.370e-61,4.13,0.744,1e+04,1,1,
n54,n62,259,263,70.2,70.2,375.0,375.0,2.900e-106,3.910e-102,4.13,1.16,1.56e+04,1,1,
n54,n63,259,282,28.4,28.4,104.0,104.0,9.550e-25,1.290e-20,4.13,1.01,1.36e+04,0,0,
n54,n64,259,257,61.8,61.8,336.0,336.0,1.490e-94,2.010e-90,4.13,1.08,1.46e+04,1,1,
n54,n66,259,302,48.1,48.1,247.0,247.0,1.190e-67,1.600e-63,4.13,1.4,1.88e+04,1,1,
n54,n67,259,366,32.9,33.7,129.0,131.0,2.770e-32,1.280e-28,3.66,0.98,1.81e+04,1,1,
n54,n68,259,302,49.4,49.4,252.0,252.0,2.840e-69,3.820e-65,4.13,1.07,1.44e+04,1,1,
n54,n69,259,279,51.2,51.2,258.0,258.0,3.030e-71,4.080e-67,4.13,0.73,9.83e+03,1,1,
n54,n7,259,302,48.1,48.1,248.0,248.0,5.350e-68,7.200e-64,4.13,1.26,1.69e+04,1,1,
n54,n70,259,292,49.1,49.1,257.0,257.0,8.810e-71,1.190e-66,4.13,1.06,1.43e+04,1,1,
n54,n71,259,297,43.4,43.4,225.0,225.0,3.710e-61,5.000e-57,4.13,1.04,1.4e+04,1,1,
n54,n72,259,311,65.3,65.3,346.0,346.0,1.440e-97,1.940e-93,4.13,1.07,1.45e+04,1,1,
n54,n73,259,302,59.1,59.1,312.0,312.0,1.770e-87,2.380e-83,4.13,0.768,1.03e+04,1,1,
n54,n74,259,284,60.7,60.7,323.0,323.0,1.000e-90,1.350e-86,4.13,0.889,1.2e+04,1,1,
n54,n75,259,279,46.6,46.6,230.0,230.0,8.840e-63,1.190e-58,4.13,0.793,1.07e+04,1,1,
n54,n76,259,304,48.3,48.3,248.0,248.0,3.140e-68,4.220e-64,4.13,0.738,9.93e+03,1,1,
n54,n77,259,304,46.1,46.1,240.0,240.0,8.540e-66,1.150e-61,4.13,0.785,1.06e+04,1,1,
n54,n78,259,293,65.7,65.7,349.0,349.0,1.310e-98,1.760e-94,4.13,0.781,1.05e+04,1,1,
n54,n79,259,283,31.0,31.0,115.0,116.0,4.140e-28,4.270e-24,4.01,0.894,1.84e+04,1,1,
n54,n8,259,262,64.5,64.5,347.0,347.0,6.480e-98,8.720e-94,4.13,0.966,1.3e+04,1,1,
n54,n80,259,301,64.9,64.9,350.0,350.0,9.990e-99,1.350e-94,4.13,1.19,1.61e+04,1,1,
n54,n81,259,310,68.2,68.2,366.0,366.0,1.350e-103,1.810e-99,4.13,1.06,1.41e+04,1,1,
n54,n82,259,364,33.2,33.2,129.0,129.0,3.620e-32,4.880e-28,4.13,1.28,1.73e+04,1,1,
n54,n83,259,434,51.9,51.9,257.0,257.0,8.810e-71,1.190e-66,4.13,1.06,1.43e+04,1,1,
n54,n85,259,258,26.5,26.5,33.0,33.0,1.590e-03,2.130e+01,4.13,0.71,9.51e+03,0,0,
n54,n86,259,273,45.7,45.7,232.0,232.0,2.330e-63,3.130e-59,4.13,0.836,1.12e+04,1,1,
n54,n87,259,286,63.3,63.3,325.0,325.0,2.020e-91,2.720e-87,4.13,0.718,9.67e+03,1,1,
n54,n88,259,282,44.2,44.2,218.0,218.0,5.930e-59,7.980e-55,4.13,1.3,1.75e+04,1,1,
n54,n89,259,308,43.4,43.4,226.0,226.0,2.180e-61,2.930e-57,4.13,1.22,1.64e+04,1,1,
n54,n9,259,315,62.0,62.0,330.0,330.0,1.070e-92,1.440e-88,4.13,1.22,1.64e+04,1,1,
n54,n90,259,258,27.5,27.5,59.0,59.0,2.700e-11,3.630e-07,4.13,0.809,1.09e+04,0,0,
n55,n1,257,290,47.9,47.9,241.0,241.0,6.490e-66,8.740e-62,4.13,1.2,1.62e+04,1,1,
n55,n10,257,262,53.8,53.8,273.0,273.0,1.540e-75,2.070e-71,4.13,1.22,1.65e+04,1,1,
n55,n11,257,262,54.9,54.9,284.0,284.0,5.120e-79,6.890e-75,4.13,0.834,1.12e+04,1,1,
n55,n12,257,262,54.3,54.3,280.0,280.0,7.390e-78,9.950e-74,4.13,0.752,1.01e+04,1,1,
n55,n13,257,262,54.2,54.2,279.0,279.0,2.150e-77,2.890e-73,4.13,1.09,1.47e+04,1,1,
n55,n14,257,319,54.4,54.4,279.0,279.0,2.150e-77,2.890e-73,4.13,1.09,1.47e+04,1,1,
n55,n15,257,301,55.0,55.0,283.0,283.0,1.490e-78,2.000e-74,4.13,1.21,1.63e+04,1,1,
n55,n16,257,262,56.1,56.1,292.0,292.0,2.450e-81,3.300e-77,4.13,1.02,1.38e+04,1,1,
n55,n18,257,298,49.4,49.4,264.0,264.0,5.480e-73,7.380e-69,4.13,0.851,1.15e+04,1,1,
n55,n19,257,307,42.5,42.5,231.0,231.0,6.710e-63,9.040e-59,4.13,1.21,1.63e+04,1,1,
n55,n2,257,259,62.3,62.3,324.0,324.0,5.830e-91,7.850e-87,4.13,1.04,1.41e+04,1,1,
n55,n20,257,298,43.2,43.2,225.0,225.0,2.820e-61,3.800e-57,4.13,0.797,1.07e+04,1,1,
n55,n21,257,304,47.9,47.9,247.0,247.0,6.930e-68,9.330e-64,4.13,0.821,1.11e+04,1,1,
n55,n22,257,296,54.0,54.0,277.0,277.0,1.070e-76,1.440e-72,4.13,1.36,1.83e+04,1,1,
n55,n23,257,300,54.8,54.8,280.0,280.0,1.260e-77,1.700e-73,4.13,1.28,1.73e+04,1,1,
n55,n24,257,304,56.7,56.7,307.0,307.0,7.370e-86,9.930e-82,4.13,1.01,1.36e+04,1,1,
n55,n25,257,301,54.8,54.8,280.0,280.0,9.650e-78,1.300e-73,4.13,0.982,1.32e+04,1,1,
n55,n26,257,261,55.3,55.3,283.0,283.0,1.140e-78,1.530e-74,4.13,0.928,1.25e+04,1,1,
n55,n27,257,296,54.0,54.0,277.0,277.0,1.070e-76,1.440e-72,4.13,1.36,1.83e+04,1,1,
n55,n28,257,284,53.3,53.3,270.0,270.0,9.980e-75,1.340e-70,4.13,0.992,1.33e+04,1,1,
n55,n29,257,319,55.1,55.1,278.0,278.0,2.810e-77,3.780e-73,4.13,0.715,9.62e+03,1,1,
n55,n3,257,380,27.0,27.0,40.0,40.0,1.680e-05,2.260e-01,4.13,0.968,1.3e+04,0,0,
n55,n30,257,262,54.9,54.9,284.0,284.0,5.120e-79,6.890e-75,4.13,0.834,1.12e+04,1,1,
n55,n31,257,262,54.3,54.3,280.0,280.0,7.390e-78,9.950e-74,4.13,0.752,1.01e+04,1,1,
n55,n32,257,294,46.7,46.7,248.0,248.0,4.060e-68,5.470e-64,4.13,0.962,1.3e+04,1,1,
n55,n33,257,293,44.0,46.7,200.0,220.0,1.270e-53,1.600e-55,-1.90,1.07,1.41e+04,1,1,
n55,n34,257,293,42.2,43.3,203.0,204.0,1.150e-54,1.180e-50,4.01,0.775,1.59e+04,1,1,
n55,n35,257,456,27.5,27.5,39.0,39.0,2.870e-05,3.860e-01,4.13,0.827,1.11e+04,0,0,
n55,n36,257,310,47.0,47.0,238.0,238.0,5.490e-65,7.400e-61,4.13,1.27,1.71e+04,1,1,
n55,n38,257,495,26.5,27.6,64.0,64.0,1.090e-12,1.460e-08,4.13,1.05,1.41e+04,0,0,
n55,n4,257,292,46.6,46.6,243.0,243.0,1.710e-66,2.300e-62,4.13,1.27,1.7e+04,1,1,
n55,n40,257,292,27.1,27.1,90.0,90.0,1.850e-20,2.490e-16,4.13,1.2,1.62e+04,0,0,
n55,n41,257,305,44.5,44.5,222.0,222.0,2.390e-60,3.220e-56,4.13,0.844,1.14e+04,1,1,
n55,n42,257,426,47.8,47.8,256.0,256.0,1.490e-70,2.010e-66,4.13,0.904,1.22e+04,1,1,
n55,n43,257,319,36.5,36.5,175.0,175.0,4.370e-46,5.890e-42,4.13,1.1,1.48e+04,1,1,
n55,n44,257,301,55.0,55.0,283.0,283.0,1.490e-78,2.000e-74,4.13,1.21,1.63e+04,1,1,
n55,n45,257,319,54.4,54.4,279.0,279.0,2.150e-77,2.890e-73,4.13,1.09,1.47e+04,1,1,
n55,n46,257,301,55.0,55.0,283.0,283.0,1.490e-78,2.000e-74,4.13,1.21,1.63e+04,1,1,
n55,n47,257,304,47.9,47.9,247.0,247.0,6.930e-68,9.330e-64,4.13,0.821,1.11e+04,1,1,
n55,n5,257,292,59.1,59.1,312.0,312.0,2.990e-87,4.030e-83,4.13,1.31,1.76e+04,1,1,
n55,n50,257,269,29.7,30.8,101.0,111.0,1.050e-23,1.360e-22,1.11,1.39,1.85e+04,0,1,gained_in_v12
n55,n51,257,312,46.4,46.4,250.0,250.0,8.190e-69,1.100e-64,4.13,0.776,1.04e+04,1,1,
n55,n52,257,260,62.7,62.7,324.0,324.0,7.610e-91,1.020e-86,4.13,1.36,1.83e+04,1,1,
n55,n53,257,260,62.3,62.3,326.0,326.0,1.170e-91,1.580e-87,4.13,0.838,1.13e+04,1,1,
n55,n54,257,259,63.1,63.1,329.0,329.0,1.390e-92,1.870e-88,4.13,0.797,1.07e+04,1,1,
n55,n56,257,257,97.7,97.7,514.0,514.0,3.040e-148,4.090e-144,4.13,0.854,1.15e+04,1,1,
n55,n57,257,257,98.4,98.4,517.0,517.0,3.590e-149,4.840e-145,4.13,0.807,1.09e+04,1,1,
n55,n58,257,299,56.8,56.8,287.0,287.0,1.030e-79,1.390e-75,4.13,1.34,1.81e+04,1,1,
n55,n59,257,298,45.5,45.5,240.0,240.0,8.470e-66,1.140e-61,4.13,0.784,1.06e+04,1,1,
n55,n6,257,289,59.3,59.3,312.0,312.0,2.290e-87,3.090e-83,4.13,1,1.35e+04,1,1,
n55,n60,257,316,45.0,45.0,232.0,232.0,3.010e-63,4.060e-59,4.13,1.09,1.47e+04,1,1,
n55,n61,257,307,45.3,45.3,238.0,238.0,4.200e-65,5.660e-61,4.13,0.972,1.31e+04,1,1,
n55,n62,257,263,64.1,64.1,339.0,339.0,1.750e-95,2.360e-91,4.13,1.03,1.38e+04,1,1,
n55,n63,257,282,30.9,30.9,100.0,100.0,1.790e-23,2.410e-19,4.13,1.19,1.6e+04,1,1,
n55,n64,257,257,56.3,56.3,302.0,302.0,2.370e-84,3.190e-80,4.13,1.01,1.36e+04,1,1,
n55,n66,257,302,46.4,46.4,242.0,242.0,2.910e-66,3.920e-62,4.13,1.08,1.45e+04,1,1,
n55,n67,257,366,35.3,35.3,128.0,128.0,6.130e-32,8.250e-28,4.13,1.09,1.47e+04,1,1,
n55,n68,257,302,47.2,47.2,247.0,247.0,9.050e-68,1.220e-63,4.13,1.07,1.45e+04,1,1,
n55,n69,257,279,46.3,46.3,231.0,231.0,5.140e-63,6.920e-59,4.13,0.929,1.25e+04,1,1,
n55,n7,257,302,44.9,47.7,228.0,250.0,3.330e-62,1.880e-64,-2.25,0.753,1.78e+04,1,1,
n55,n70,257,292,46.1,46.1,221.0,221.0,5.320e-60,7.160e-56,4.13,0.939,1.26e+04,1,1,
n55,n71,257,297,45.2,45.2,243.0,243.0,1.310e-66,1.760e-62,4.13,0.97,1.3e+04,1,1,
n55,n72,257,311,56.2,56.2,292.0,292.0,3.200e-81,4.320e-77,4.13,1.33,1.8e+04,1,1,
n55,n73,257,302,54.9,54.9,295.0,295.0,3.790e-82,5.100e-78,4.13,1.26,1.7e+04,1,1,
n55,n74,257,284,57.1,57.1,295.0,295.0,3.790e-82,5.100e-78,4.13,1.26,1.7e+04,1,1,
n55,n75,257,279,48.6,48.6,239.0,239.0,2.460e-65,3.320e-61,4.13,1.14,1.54e+04,1,1,
n55,n76,257,304,45.7,45.7,240.0,240.0,1.110e-65,1.490e-61,4.13,1.03,1.38e+04,1,1,
n55,n77,257,304,46.3,46.3,243.0,243.0,1.310e-66,1.760e-62,4.13,0.97,1.3e+04,1,1,
n55,n78,257,293,55.0,55.0,290.0,290.0,1.220e-80,1.640e-76,4.13,1.27,1.71e+04,1,1,
n55,n79,257,283,30.3,32.1,100.0,108.0,1.790e-23,8.840e-22,1.69,1.19,1.5e+04,1,1,
n55,n8,257,262,54.6,54.6,279.0,279.0,2.150e-77,2.890e-73,4.13,1.09,1.47e+04,1,1,
n55,n80,257,301,54.2,54.2,277.0,277.0,6.250e-77,8.420e-73,4.13,0.795,1.07e+04,1,1,
n55,n81,257,310,62.9,62.9,332.0,332.0,2.140e-93,2.880e-89,4.13,0.981,1.32e+04,1,1,
n55,n82,257,364,36.0,36.4,138.0,139.0,5.920e-35,4.680e-31,3.90,1.08,1.71e+04,1,1,
n55,n83,257,434,48.3,48.3,227.0,227.0,9.690e-62,1.310e-57,4.13,1.1,1.48e+04,1,1,
n55,n86,257,273,46.2,46.2,247.0,247.0,1.180e-67,1.590e-63,4.13,1.4,1.88e+04,1,1,
n55,n87,257,286,56.2,56.2,288.0,288.0,3.540e-80,4.770e-76,4.13,0.923,1.24e+04,1,1,
n55,n88,257,282,39.8,39.8,194.0,194.0,6.960e-52,9.380e-48,4.13,0.916,1.23e+04,1,1,
n55,n89,257,308,45.0,48.1,240.0,254.0,1.110e-65,9.970e-66,-0.05,1.03,1.51e+04,1,1,
n55,n9,257,315,57.8,57.8,301.0,301.0,4.040e-84,5.450e-80,4.13,0.862,1.16e+04,1,1,
n56,n1,257,290,49.0,49.0,247.0,247.0,1.180e-67,1.590e-63,4.13,1.4,1.88e+04,1,1,
n56,n10,257,262,53.8,53.8,274.0,274.0,5.290e-76,7.130e-72,4.13,0.841,1.13e+04,1,1,
n56,n11,257,262,54.9,54.9,286.0,286.0,1.760e-79,2.370e-75,4.13,1.15,1.54e+04,1,1,
n56,n12,257,262,54.7,54.7,282.0,282.0,1.940e-78,2.620e-74,4.13,0.79,1.07e+04,1,1,
n56,n13,257,262,54.5,54.5,281.0,281.0,5.660e-78,7.620e-74,4.13,1.15,1.55e+04,1,1,
n56,n133,257,335,22.6,22.6,31.0,31.0,1.020e-02,1.370e+02,4.13,1.15,1.54e+04,0,0,
n56,n14,257,319,54.8,54.8,281.0,281.0,4.330e-78,5.830e-74,4.13,0.882,1.19e+04,1,1,
n56,n15,257,301,55.0,55.0,285.0,285.0,3.920e-79,5.280e-75,4.13,1.28,1.72e+04,1,1,
n56,n16,257,262,57.6,57.6,297.0,297.0,5.840e-83,7.860e-79,4.13,0.779,1.05e+04,1,1,
n56,n17,257,314,24.1,24.1,36.0,36.0,2.430e-04,3.270e+00,4.13,0.875,1.18e+04,0,0,
n56,n18,257,298,49.8,49.8,265.0,265.0,2.460e-73,3.310e-69,4.13,0.764,1.03e+04,1,1,
n56,n19,257,307,43.7,43.7,236.0,236.0,1.220e-64,1.650e-60,4.13,0.706,9.55e+03,1,1,
n56,n2,257,259,63.1,63.1,328.0,328.0,4.030e-92,5.430e-88,4.13,1.15,1.56e+04,1,1,
n56,n20,257,298,43.5,43.5,225.0,225.0,2.820e-61,3.800e-57,4.13,0.797,1.07e+04,1,1,
n56,n21,257,304,48.7,48.7,251.0,251.0,4.800e-69,6.460e-65,4.13,0.91,1.22e+04,1,1,
n56,n22,257,296,54.8,54.8,281.0,281.0,5.660e-78,7.620e-74,4.13,1.15,1.55e+04,1,1,
n56,n23,257,300,55.1,55.1,280.0,280.0,9.650e-78,1.300e-73,4.13,0.982,1.32e+04,1,1,
n56,n24,257,304,57.1,57.1,309.0,309.0,1.940e-86,2.610e-82,4.13,1.06,1.43e+04,1,1,
n56,n25,257,301,55.1,55.1,282.0,282.0,1.940e-78,2.620e-74,4.13,0.79,1.07e+04,1,1,
n56,n26,257,261,55.3,55.3,285.0,285.0,3.000e-79,4.040e-75,4.13,0.977,1.32e+04,1,1,
n56,n27,257,296,54.8,54.8,281.0,281.0,5.660e-78,7.620e-74,4.13,1.15,1.55e+04,1,1,
n56,n28,257,284,54.5,54.5,274.0,274.0,6.910e-76,9.310e-72,4.13,1.1,1.48e+04,1,1,
n56,n29,257,319,55.5,55.5,281.0,281.0,5.660e-78,7.620e-74,4.13,1.15,1.55e+04,1,1,
n56,n3,257,380,26.1,26.1,41.0,41.0,9.850e-06,1.330e-01,4.13,1.14,1.53e+04,0,0,
n56,n30,257,262,54.9,54.9,286.0,286.0,1.760e-79,2.370e-75,4.13,1.15,1.54e+04,1,1,
n56,n31,257,262,54.7,54.7,282.0,282.0,1.940e-78,2.620e-74,4.13,0.79,1.07e+04,1,1,
n56,n32,257,294,46.7,46.7,249.0,249.0,2.380e-68,3.210e-64,4.13,1.13,1.52e+04,1,1,
n56,n33,257,293,44.8,47.5,203.0,223.0,1.960e-54,2.460e-56,-1.90,1.32,1.74e+04,1,1,
n56,n34,257,293,43.0,44.1,206.0,206.0,1.770e-55,1.830e-51,4.01,0.954,9.86e+03,1,1,
n56,n35,257,456,24.5,24.5,40.0,40.0,1.680e-05,2.260e-01,4.13,0.968,1.3e+04,0,0,
n56,n36,257,310,47.6,47.6,243.0,243.0,1.710e-66,2.300e-62,4.13,1.27,1.7e+04,1,1,
n56,n38,257,495,27.0,28.1,65.0,65.0,3.730e-13,5.030e-09,4.13,0.721,9.72e+03,0,0,
n56,n4,257,292,47.4,47.4,246.0,246.0,2.020e-67,2.720e-63,4.13,1.2,1.61e+04,1,1,
n56,n40,257,292,27.9,27.9,92.0,92.0,3.730e-21,5.020e-17,4.13,0.968,1.3e+04,0,0,
n56,n41,257,305,44.1,44.1,218.0,218.0,4.500e-59,6.060e-55,4.13,0.993,1.34e+04,1,1,
n56,n42,257,426,48.5,48.5,260.0,260.0,7.910e-72,1.070e-67,4.13,0.768,1.04e+04,1,1,
n56,n43,257,319,37.3,37.3,178.0,178.0,5.160e-47,6.950e-43,4.13,1.04,1.4e+04,1,1,
n56,n44,257,301,55.0,55.0,285.0,285.0,3.920e-79,5.280e-75,4.13,1.28,1.72e+04,1,1,
n56,n45,257,319,54.8,54.8,281.0,281.0,4.330e-78,5.830e-74,4.13,0.882,1.19e+04,1,1,
n56,n46,257,301,55.0,55.0,285.0,285.0,3.920e-79,5.280e-75,4.13,1.28,1.72e+04,1,1,
n56,n47,257,304,48.7,48.7,251.0,251.0,4.800e-69,6.460e-65,4.13,0.91,1.22e+04,1,1,
n56,n5,257,292,59.2,59.2,314.0,314.0,6.030e-88,8.120e-84,4.13,1.05,1.42e+04,1,1,
n56,n50,257,269,30.5,31.6,104.0,114.0,7.260e-25,9.440e-24,1.11,0.772,1.03e+04,1,1,
n56,n51,257,312,46.4,46.4,250.0,250.0,8.190e-69,1.100e-64,4.13,0.776,1.04e+04,1,1,
n56,n52,257,260,62.3,62.3,324.0,324.0,7.610e-91,1.020e-86,4.13,1.36,1.83e+04,1,1,
n56,n53,257,260,62.5,62.5,327.0,327.0,6.880e-92,9.270e-88,4.13,0.986,1.33e+04,1,1,
n56,n54,257,259,63.5,63.5,332.0,332.0,1.640e-93,2.210e-89,4.13,0.752,1.01e+04,1,1,
n56,n55,257,257,97.7,97.7,514.0,514.0,3.040e-148,4.090e-144,4.13,0.854,1.15e+04,1,1,
n56,n57,257,257,98.4,98.4,518.0,518.0,2.750e-149,3.700e-145,4.13,1.24,1.66e+04,1,1,
n56,n58,257,299,58.3,58.3,294.0,294.0,4.940e-82,6.660e-78,4.13,0.824,1.11e+04,1,1,
n56,n59,257,298,45.5,45.5,241.0,241.0,4.970e-66,6.690e-62,4.13,0.92,1.24e+04,1,1,
n56,n6,257,289,59.9,59.9,314.0,314.0,7.870e-88,1.060e-83,4.13,1.38,1.85e+04,1,1,
n56,n60,257,316,45.6,45.6,235.0,235.0,2.730e-64,3.670e-60,4.13,0.79,1.06e+04,1,1,
n56,n61,257,307,46.3,46.3,244.0,244.0,5.870e-67,7.900e-63,4.13,0.87,1.17e+04,1,1,
n56,n62,257,263,64.7,64.7,341.0,341.0,6.020e-96,8.100e-92,4.13,1.41,1.9e+04,1,1,
n56,n63,257,282,31.1,31.1,102.0,102.0,3.600e-24,4.850e-20,4.13,0.957,1.29e+04,1,1,
n56,n64,257,257,57.9,57.9,308.0,308.0,4.320e-86,5.820e-82,4.13,1.18,1.59e+04,1,1,
n56,n66,257,302,47.6,47.6,247.0,247.0,1.180e-67,1.590e-63,4.13,1.4,1.88e+04,1,1,
n56,n67,257,366,35.7,35.7,130.0,130.0,1.610e-32,2.170e-28,4.13,1.15,1.55e+04,1,1,
n56,n68,257,302,48.0,48.0,250.0,250.0,1.070e-68,1.440e-64,4.13,1.01,1.37e+04,1,1,
n56,n69,257,279,46.3,46.3,234.0,234.0,6.070e-64,8.180e-60,4.13,0.878,1.18e+04,1,1,
n56,n7,257,302,45.6,48.5,231.0,252.0,5.140e-63,2.900e-65,-2.25,0.929,1.1e+04,1,1,
n56,n70,257,292,46.8,46.8,224.0,224.0,6.280e-61,8.460e-57,4.13,0.887,1.2e+04,1,1,
n56,n71,257,297,45.2,45.2,244.0,244.0,7.660e-67,1.030e-62,4.13,1.13,1.53e+04,1,1,
n56,n72,257,311,56.4,56.4,293.0,293.0,1.440e-81,1.940e-77,4.13,1.2,1.62e+04,1,1,
n56,n73,257,302,56.0,56.0,299.0,299.0,1.540e-83,2.070e-79,4.13,0.822,1.1e+04,1,1,
n56,n74,257,284,57.1,57.1,294.0,294.0,4.940e-82,6.660e-78,4.13,0.824,1.11e+04,1,1,
n56,n75,257,279,49.8,49.8,243.0,243.0,1.710e-66,2.300e-62,4.13,1.27,1.7e+04,1,1,
n56,n76,257,304,46.1,46.1,240.0,240.0,8.470e-66,1.140e-61,4.13,0.784,1.06e+04,1,1,
n56,n77,257,304,46.6,46.6,245.0,245.0,2.630e-67,3.550e-63,4.13,0.779,1.05e+04,1,1,
n56,n78,257,293,55.4,55.4,291.0,291.0,5.470e-81,7.360e-77,4.13,1.14,1.53e+04,1,1,
n56,n79,257,283,31.1,32.9,104.0,112.0,1.240e-24,6.120e-23,1.69,1.32,1.67e+04,1,1,
n56,n8,257,262,54.6,54.6,281.0,281.0,5.660e-78,7.620e-74,4.13,1.15,1.55e+04,1,1,
n56,n80,257,301,54.6,54.6,280.0,280.0,1.260e-77,1.700e-73,4.13,1.28,1.73e+04,1,1,
n56,n81,257,310,64.3,64.3,336.0,336.0,1.130e-94,1.530e-90,4.13,0.829,1.12e+04,1,1,
n56,n82,257,364,36.0,36.4,139.0,139.0,3.470e-35,2.740e-31,3.90,1.27,1e+04,1,1,
n56,n83,257,434,49.0,49.0,231.0,231.0,5.140e-63,6.920e-59,4.13,0.929,1.25e+04,1,1,
n56,n85,257,258,36.6,36.6,29.0,29.0,2.970e-02,3.990e+02,4.13,0.836,1.12e+04,0,0,
n56,n86,257,273,46.2,46.2,245.0,245.0,2.630e-67,3.550e-63,4.13,0.779,1.05e+04,1,1,
n56,n87,257,286,56.6,56.6,293.0,293.0,1.440e-81,1.940e-77,4.13,1.2,1.62e+04,1,1,
n56,n88,257,282,40.6,40.6,197.0,197.0,1.070e-52,1.450e-48,4.13,1.13,1.53e+04,1,1,
n56,n89,257,308,45.0,48.0,238.0,253.0,3.220e-65,2.220e-65,-0.16,0.745,1.68e+04,1,1,
n56,n9,257,315,59.3,59.3,307.0,307.0,7.370e-86,9.930e-82,4.13,1.01,1.36e+04,1,1,
n56,n90,257,258,24.3,24.3,52.0,52.0,5.580e-09,7.520e-05,4.13,1.32,1.77e+04,0,0,
n57,n1,257,290,47.9,47.9,242.0,242.0,3.800e-66,5.120e-62,4.13,1.41,1.9e+04,1,1,
n57,n10,257,262,54.5,54.5,276.0,276.0,1.820e-76,2.450e-72,4.13,1.16,1.56e+04,1,1,
n57,n11,257,262,55.7,55.7,287.0,287.0,6.040e-80,8.140e-76,4.13,0.787,1.06e+04,1,1,
n57,n12,257,262,55.1,55.1,283.0,283.0,8.730e-79,1.180e-74,4.13,0.711,9.61e+03,1,1,
n57,n13,257,262,54.9,54.9,282.0,282.0,2.540e-78,3.420e-74,4.13,1.03,1.39e+04,1,1,
n57,n14,257,319,55.1,55.1,282.0,282.0,1.940e-78,2.620e-74,4.13,0.79,1.07e+04,1,1,
n57,n15,257,301,55.7,55.7,286.0,286.0,1.350e-79,1.810e-75,4.13,0.88,1.18e+04,1,1,
n57,n16,257,262,56.8,56.8,295.0,295.0,2.900e-82,3.900e-78,4.13,0.967,1.3e+04,1,1,
n57,n17,257,314,24.7,24.7,37.0,37.0,1.420e-04,1.920e+00,4.13,1.02,1.38e+04,0,0,
n57,n18,257,298,49.4,49.4,265.0,265.0,3.210e-73,4.330e-69,4.13,0.997,1.35e+04,1,1,
n57,n19,257,307,42.9,42.9,233.0,233.0,1.040e-63,1.390e-59,4.13,0.752,1.01e+04,1,1,
n57,n2,257,259,63.1,63.1,327.0,327.0,6.880e-92,9.270e-88,4.13,0.986,1.33e+04,1,1,
n57,n20,257,298,43.2,43.2,226.0,226.0,2.160e-61,2.910e-57,4.13,1.22,1.64e+04,1,1,
n57,n21,257,304,47.9,47.9,248.0,248.0,4.060e-68,5.470e-64,4.13,0.962,1.3e+04,1,1,
n57,n22,257,296,54.8,54.8,280.0,280.0,9.650e-78,1.300e-73,4.13,0.982,1.32e+04,1,1,
n57,n23,257,300,55.5,55.5,283.0,283.0,1.140e-78,1.530e-74,4.13,0.928,1.25e+04,1,1,
n57,n24,257,304,57.1,57.1,310.0,310.0,1.140e-86,1.530e-82,4.13,1.25,1.67e+04,1,1,
n57,n25,257,301,55.5,55.5,283.0,283.0,8.730e-79,1.180e-74,4.13,0.711,9.61e+03,1,1,
n57,n26,257,261,56.1,56.1,287.0,287.0,1.030e-79,1.390e-75,4.13,1.34,1.81e+04,1,1,
n57,n27,257,296,54.8,54.8,280.0,280.0,9.650e-78,1.300e-73,4.13,0.982,1.32e+04,1,1,
n57,n28,257,284,53.3,53.3,270.0,270.0,9.980e-75,1.340e-70,4.13,0.992,1.33e+04,1,1,
n57,n29,257,319,55.9,55.9,282.0,282.0,2.540e-78,3.420e-74,4.13,1.03,1.39e+04,1,1,
n57,n3,257,380,27.0,27.0,42.0,42.0,5.780e-06,7.780e-02,4.13,1.33,1.79e+04,0,0,
n57,n30,257,262,55.7,55.7,287.0,287.0,6.040e-80,8.140e-76,4.13,0.787,1.06e+04,1,1,
n57,n31,257,262,55.1,55.1,283.0,283.0,8.730e-79,1.180e-74,4.13,0.711,9.61e+03,1,1,
n57,n32,257,294,47.1,47.1,251.0,251.0,4.800e-69,6.460e-65,4.13,0.91,1.22e+04,1,1,
n57,n33,257,293,44.4,47.1,202.0,222.0,2.560e-54,3.220e-56,-1.90,0.862,1.14e+04,1,1,
n57,n34,257,293,43.0,44.1,208.0,208.0,6.090e-56,6.280e-52,4.01,1.31,1.35e+04,1,1,
n57,n35,257,456,27.5,27.5,41.0,41.0,9.850e-06,1.330e-01,4.13,1.14,1.53e+04,0,0,
n57,n36,257,310,46.8,46.8,238.0,238.0,3.220e-65,4.340e-61,4.13,0.745,1e+04,1,1,
n57,n38,257,495,27.6,27.6,65.0,65.0,6.370e-13,8.580e-09,4.13,1.23,1.66e+04,0,0,
n57,n4,257,292,46.3,46.3,242.0,242.0,2.910e-66,3.920e-62,4.13,1.08,1.45e+04,1,1,
n57,n40,257,292,27.5,27.5,92.0,92.0,3.730e-21,5.020e-17,4.13,0.968,1.3e+04,0,0,
n57,n41,257,305,43.8,43.8,218.0,218.0,4.500e-59,6.060e-55,4.13,0.993,1.34e+04,1,1,
n57,n42,257,426,48.1,48.1,259.0,259.0,2.300e-71,3.100e-67,4.13,1.12,1.5e+04,1,1,
n57,n43,257,319,36.9,36.9,177.0,177.0,8.810e-47,1.190e-42,4.13,0.884,1.19e+04,1,1,
n57,n44,257,301,55.7,55.7,286.0,286.0,1.350e-79,1.810e-75,4.13,0.88,1.18e+04,1,1,
n57,n45,257,319,55.1,55.1,282.0,282.0,1.940e-78,2.620e-74,4.13,0.79,1.07e+04,1,1,
n57,n46,257,301,55.7,55.7,286.0,286.0,1.350e-79,1.810e-75,4.13,0.88,1.18e+04,1,1,
n57,n47,257,304,47.9,47.9,248.0,248.0,4.060e-68,5.470e-64,4.13,0.962,1.3e+04,1,1,
n57,n5,257,292,59.2,59.2,314.0,314.0,6.030e-88,8.120e-84,4.13,1.05,1.42e+04,1,1,
n57,n50,257,269,29.7,30.8,101.0,111.0,6.140e-24,7.990e-23,1.11,0.816,1.09e+04,0,1,gained_in_v12
n57,n51,257,312,46.4,46.4,251.0,251.0,4.800e-69,6.460e-65,4.13,0.91,1.22e+04,1,1,
n57,n52,257,260,62.7,62.7,324.0,324.0,5.830e-91,7.850e-87,4.13,1.04,1.41e+04,1,1,
n57,n53,257,260,62.9,62.9,327.0,327.0,5.270e-92,7.100e-88,4.13,0.755,1.02e+04,1,1,
n57,n54,257,259,63.5,63.5,332.0,332.0,2.790e-93,3.760e-89,4.13,1.28,1.72e+04,1,1,
n57,n55,257,257,98.4,98.4,517.0,517.0,3.590e-149,4.840e-145,4.13,0.807,1.09e+04,1,1,
n57,n56,257,257,98.4,98.4,518.0,518.0,2.750e-149,3.700e-145,4.13,1.24,1.66e+04,1,1,
n57,n58,257,299,57.9,57.9,292.0,292.0,3.200e-81,4.320e-77,4.13,1.33,1.8e+04,1,1,
n57,n59,257,298,45.5,45.5,240.0,240.0,8.470e-66,1.140e-61,4.13,0.784,1.06e+04,1,1,
n57,n6,257,289,59.9,59.9,314.0,314.0,7.870e-88,1.060e-83,4.13,1.38,1.85e+04,1,1,
n57,n60,257,316,44.9,44.9,232.0,232.0,2.310e-63,3.110e-59,4.13,0.835,1.12e+04,1,1,
n57,n61,257,307,45.5,45.5,241.0,241.0,4.970e-66,6.690e-62,4.13,0.92,1.24e+04,1,1,
n57,n62,257,263,64.7,64.7,341.0,341.0,3.530e-96,4.750e-92,4.13,0.829,1.11e+04,1,1,
n57,n63,257,282,31.4,31.4,102.0,102.0,3.600e-24,4.850e-20,4.13,0.957,1.29e+04,1,1,
n57,n64,257,257,57.1,57.1,305.0,305.0,2.140e-85,2.890e-81,4.13,0.731,9.87e+03,1,1,
n57,n66,257,302,47.2,47.2,246.0,246.0,1.540e-67,2.080e-63,4.13,0.913,1.23e+04,1,1,
n57,n67,257,366,35.7,35.7,131.0,131.0,5.540e-33,7.460e-29,4.13,0.79,1.06e+04,1,1,
n57,n68,257,302,47.6,47.6,250.0,250.0,1.400e-68,1.880e-64,4.13,1.33,1.78e+04,1,1,
n57,n69,257,279,45.9,46.3,230.0,232.0,8.770e-63,3.110e-59,3.55,0.793,1.12e+04,1,1,
n57,n7,257,302,45.2,48.1,231.0,252.0,5.140e-63,2.900e-65,-2.25,0.929,1.1e+04,1,1,
n57,n70,257,292,45.7,45.7,221.0,221.0,5.320e-60,7.160e-56,4.13,0.939,1.26e+04,1,1,
n57,n71,257,297,45.2,45.2,243.0,243.0,1.310e-66,1.760e-62,4.13,0.97,1.3e+04,1,1,
n57,n72,257,311,56.8,56.8,293.0,293.0,1.100e-81,1.480e-77,4.13,0.917,1.23e+04,1,1,
n57,n73,257,302,55.3,55.3,297.0,297.0,7.630e-83,1.030e-78,4.13,1.02,1.37e+04,1,1,
n57,n74,257,284,57.9,57.9,298.0,298.0,3.420e-83,4.610e-79,4.13,0.913,1.23e+04,1,1,
n57,n75,257,279,48.6,48.6,240.0,240.0,1.450e-65,1.950e-61,4.13,1.34,1.81e+04,1,1,
n57,n76,257,304,46.1,46.1,243.0,243.0,1.710e-66,2.300e-62,4.13,1.27,1.7e+04,1,1,
n57,n77,257,304,46.6,46.6,245.0,245.0,2.630e-67,3.550e-63,4.13,0.779,1.05e+04,1,1,
n57,n78,257,293,55.4,55.4,292.0,292.0,1.880e-81,2.530e-77,4.13,0.784,1.05e+04,1,1,
n57,n79,257,283,30.3,32.1,101.0,109.0,1.050e-23,5.180e-22,1.69,1.39,1.76e+04,1,1,
n57,n8,257,262,55.3,55.3,282.0,282.0,1.940e-78,2.620e-74,4.13,0.79,1.07e+04,1,1,
n57,n80,257,301,55.0,55.0,281.0,281.0,5.660e-78,7.620e-74,4.13,1.15,1.55e+04,1,1,
n57,n81,257,310,64.0,64.0,334.0,334.0,4.310e-94,5.810e-90,4.13,0.79,1.07e+04,1,1,
n57,n82,257,364,36.8,36.8,142.0,142.0,3.140e-36,4.230e-32,4.13,0.917,1.24e+04,1,1,
n57,n83,257,434,48.8,48.8,231.0,231.0,6.710e-63,9.040e-59,4.13,1.21,1.63e+04,1,1,
n57,n85,257,258,36.6,36.6,29.0,29.0,2.970e-02,3.990e+02,4.13,0.836,1.12e+04,0,0,
n57,n86,257,273,46.2,46.2,247.0,247.0,1.180e-67,1.590e-63,4.13,1.4,1.88e+04,1,1,
n57,n87,257,286,55.9,55.9,288.0,288.0,4.630e-80,6.230e-76,4.13,1.21,1.62e+04,1,1,
n57,n88,257,282,40.2,40.2,195.0,195.0,3.130e-52,4.210e-48,4.13,0.824,1.11e+04,1,1,
n57,n89,257,308,45.0,48.0,240.0,254.0,1.110e-65,7.640e-66,-0.16,1.03,1.16e+04,1,1,
n57,n9,257,315,58.1,58.1,303.0,303.0,1.060e-84,1.430e-80,4.13,0.905,1.22e+04,1,1,
n57,n90,257,258,24.3,24.3,52.0,52.0,3.270e-09,4.410e-05,4.13,0.772,1.04e+04,0,0,
n58,n1,299,290,42.9,42.9,235.0,235.0,5.410e-64,7.280e-60,4.13,1.35,1.81e+04,1,1,
n58,n10,299,262,53.6,53.6,273.0,273.0,1.370e-75,1.850e-71,4.13,0.937,1.26e+04,1,1,
n58,n11,299,262,54.0,54.0,279.0,279.0,2.500e-77,3.370e-73,4.13,1.09,1.47e+04,1,1,
n58,n12,299,262,53.6,53.6,275.0,275.0,3.610e-76,4.860e-72,4.13,0.987,1.33e+04,1,1,
n58,n13,299,262,53.6,53.6,275.0,275.0,2.760e-76,3.720e-72,4.13,0.755,1.02e+04,1,1,
n58,n133,299,335,28.6,28.6,33.0,33.0,3.120e-03,4.200e+01,4.13,1.21,1.62e+04,0,0,
n58,n14,299,319,52.5,51.9,288.0,287.0,5.380e-80,9.470e-76,4.25,1.21,1.06e+04,1,1,
n58,n15,299,301,52.5,51.5,289.0,290.0,2.420e-80,1.460e-76,3.78,1.08,1.31e+04,1,1,
n58,n16,299,262,53.6,53.6,280.0,280.0,8.590e-78,1.160e-73,4.13,0.752,1.01e+04,1,1,
n58,n18,299,298,43.8,43.8,237.0,237.0,8.340e-65,1.120e-60,4.13,0.83,1.11e+04,1,1,
n58,n19,299,307,35.9,35.9,199.0,199.0,3.290e-53,4.430e-49,4.13,1.19,1.6e+04,1,1,
n58,n2,299,259,52.7,52.7,261.0,261.0,7.050e-72,9.490e-68,4.13,1.18,1.58e+04,1,1,
n58,n20,299,298,36.9,36.9,180.0,180.0,1.210e-47,1.630e-43,4.13,0.835,1.13e+04,1,1,
n58,n21,299,304,43.1,43.1,236.0,236.0,1.420e-64,1.920e-60,4.13,0.706,9.55e+03,1,1,
n58,n22,299,296,49.7,50.0,282.0,285.0,2.260e-78,3.600e-75,3.20,0.791,1.01e+04,1,1,
n58,n23,299,300,50.3,49.7,283.0,282.0,1.330e-78,3.980e-74,4.48,0.931,1.39e+04,1,1,
n58,n24,299,304,49.0,49.0,274.0,274.0,6.160e-76,8.290e-72,4.13,0.842,1.13e+04,1,1,
n58,n25,299,301,52.5,51.9,287.0,287.0,7.030e-80,1.240e-75,4.25,0.787,1.39e+04,1,1,
n58,n26,299,261,54.0,54.0,278.0,278.0,5.570e-77,7.500e-73,4.13,1.22,1.64e+04,1,1,
n58,n27,299,296,49.7,50.0,282.0,285.0,2.260e-78,3.600e-75,3.20,0.791,1.01e+04,1,1,
n58,n28,299,284,47.8,47.8,245.0,245.0,3.060e-67,4.130e-63,4.13,0.779,1.05e+04,1,1,
n58,n29,299,319,52.5,51.5,287.0,289.0,7.030e-80,4.250e-76,3.78,0.787,1.9e+04,1,1,
n58,n30,299,262,54.0,54.0,279.0,279.0,2.500e-77,3.370e-73,4.13,1.09,1.47e+04,1,1,
n58,n31,299,262,53.6,53.6,275.0,275.0,3.610e-76,4.860e-72,4.13,0.987,1.33e+04,1,1,
n58,n32,299,294,43.9,43.9,236.0,236.0,1.860e-64,2.500e-60,4.13,0.925,1.24e+04,1,1,
n58,n33,299,293,48.9,49.6,245.0,247.0,5.230e-67,1.090e-63,3.32,1.33,1.11e+04,1,1,
n58,n34,299,293,48.5,48.5,239.0,239.0,2.870e-65,3.860e-61,4.13,1.14,1.54e+04,1,1,
n58,n36,299,310,41.9,41.9,211.0,211.0,6.400e-57,8.620e-53,4.13,0.949,1.28e+04,1,1,
n58,n4,299,292,40.8,40.8,228.0,228.0,5.060e-62,6.820e-58,4.13,0.983,1.33e+04,1,1,
n58,n40,299,292,27.3,27.3,73.0,73.0,2.080e-15,2.810e-11,4.13,0.885,1.2e+04,0,0,
n58,n41,299,305,40.8,40.8,206.0,206.0,2.060e-55,3.620e-51,4.24,0.954,1.68e+04,1,1,
n58,n42,299,426,42.4,42.4,229.0,229.0,2.970e-62,4.000e-58,4.13,1.15,1.55e+04,1,1,
n58,n43,299,319,37.6,35.7,173.0,174.0,1.930e-45,1.170e-41,3.78,1.04,1.26e+04,1,1,
n58,n44,299,301,52.5,51.5,289.0,290.0,2.420e-80,1.460e-76,3.78,1.08,1.31e+04,1,1,
n58,n45,299,319,52.5,51.9,288.0,287.0,5.380e-80,9.470e-76,4.25,1.21,1.06e+04,1,1,
n58,n46,299,301,52.5,51.5,289.0,290.0,2.420e-80,1.460e-76,3.78,1.08,1.31e+04,1,1,
n58,n47,299,304,43.1,43.1,236.0,236.0,1.420e-64,1.920e-60,4.13,0.706,9.55e+03,1,1,
n58,n5,299,292,57.9,60.3,322.0,327.0,2.580e-90,8.260e-88,2.51,0.993,1.02e+04,1,1,
n58,n50,299,269,30.5,30.5,107.0,107.0,9.970e-26,1.340e-21,4.13,0.729,9.79e+03,1,1,
n58,n51,299,312,40.9,40.9,217.0,217.0,1.170e-58,1.570e-54,4.13,1.11,1.49e+04,1,1,
n58,n52,299,260,55.4,55.4,278.0,278.0,5.570e-77,7.500e-73,4.13,1.22,1.64e+04,1,1,
n58,n53,299,260,56.0,56.0,284.0,284.0,5.950e-79,8.020e-75,4.13,0.833,1.12e+04,1,1,
n58,n54,299,259,53.3,53.3,265.0,265.0,4.880e-73,6.570e-69,4.13,1.3,1.75e+04,1,1,
n58,n55,299,257,56.8,56.8,287.0,287.0,1.200e-79,1.620e-75,4.13,1.34,1.81e+04,1,1,
n58,n56,299,257,58.3,58.3,294.0,294.0,5.750e-82,7.750e-78,4.13,0.824,1.11e+04,1,1,
n58,n57,299,257,57.9,57.9,292.0,292.0,3.730e-81,5.020e-77,4.13,1.34,1.8e+04,1,1,
n58,n59,299,298,39.0,39.0,206.0,206.0,2.060e-55,2.770e-51,4.13,0.954,1.28e+04,1,1,
n58,n6,299,289,58.7,59.0,322.0,324.0,3.360e-90,9.130e-87,3.43,1.29,1.41e+04,1,1,
n58,n60,299,316,37.7,37.7,198.0,198.0,5.610e-53,7.550e-49,4.13,1.02,1.37e+04,1,1,
n58,n61,299,307,38.1,38.1,201.0,201.0,5.070e-54,6.830e-50,4.13,0.734,9.89e+03,1,1,
n58,n62,299,263,54.8,54.8,282.0,282.0,3.860e-78,5.200e-74,4.13,1.35,1.82e+04,1,1,
n58,n63,299,282,29.6,29.6,96.0,96.0,3.000e-22,4.040e-18,4.13,1.07,1.44e+04,0,0,
n58,n64,299,257,51.2,51.2,258.0,258.0,3.500e-71,4.710e-67,4.13,0.73,9.83e+03,1,1,
n58,n66,299,302,42.8,42.8,224.0,224.0,7.310e-61,9.840e-57,4.13,0.888,1.19e+04,1,1,
n58,n67,299,366,34.6,34.6,138.0,138.0,9.000e-35,1.210e-30,4.13,1.41,1.9e+04,1,1,
n58,n68,299,302,41.9,41.9,228.0,228.0,6.610e-62,8.900e-58,4.13,1.28,1.73e+04,1,1,
n58,n69,299,279,43.8,43.8,211.0,211.0,6.400e-57,8.620e-53,4.13,0.949,1.28e+04,1,1,
n58,n7,299,302,41.8,41.8,218.0,218.0,5.240e-59,7.050e-55,4.13,0.994,1.34e+04,1,1,
n58,n70,299,292,44.7,44.7,227.0,227.0,8.630e-62,1.160e-57,4.13,0.838,1.13e+04,1,1,
n58,n71,299,297,39.6,39.6,215.0,215.0,4.430e-58,5.970e-54,4.13,1.05,1.42e+04,1,1,
n58,n72,299,311,50.3,50.3,275.0,275.0,4.720e-76,6.350e-72,4.13,1.29,1.74e+04,1,1,
n58,n73,299,302,53.7,53.7,290.0,290.0,8.310e-81,1.120e-76,4.13,0.745,1e+04,1,1,
n58,n74,299,284,51.7,51.7,279.0,279.0,1.910e-77,2.580e-73,4.13,0.836,1.13e+04,1,1,
n58,n75,299,279,45.2,45.7,230.0,235.0,1.020e-62,5.580e-60,2.74,0.793,1.39e+04,1,1,
n58,n76,299,304,39.2,39.2,207.0,207.0,9.250e-56,1.250e-51,4.13,0.857,1.16e+04,1,1,
n58,n77,299,304,39.8,39.8,215.0,215.0,3.400e-58,4.570e-54,4.13,0.806,1.08e+04,1,1,
n58,n78,299,293,46.2,46.6,248.0,250.0,3.620e-68,1.280e-64,3.55,0.737,1.04e+04,1,1,
n58,n79,299,283,28.6,28.6,106.0,106.0,2.220e-25,2.990e-21,4.13,0.811,1.09e+04,0,0,
n58,n8,299,262,54.0,54.0,277.0,277.0,9.500e-77,1.280e-72,4.13,1.04,1.4e+04,1,1,
n58,n80,299,301,52.2,51.2,285.0,287.0,2.670e-79,1.620e-75,3.78,0.748,1.81e+04,1,1,
n58,n81,299,310,51.7,51.7,295.0,295.0,4.400e-82,5.930e-78,4.13,1.26,1.7e+04,1,1,
n58,n82,299,364,33.1,33.1,129.0,129.0,3.200e-32,4.310e-28,4.13,0.981,1.32e+04,1,1,
n58,n83,299,434,50.0,50.0,254.0,254.0,8.610e-70,1.160e-65,4.13,1.12,1.51e+04,1,1,
n58,n85,299,258,23.7,23.7,29.0,29.0,4.510e-02,6.070e+02,4.13,1.09,1.47e+04,0,0,
n58,n86,299,273,40.4,40.4,208.0,208.0,7.080e-56,9.530e-52,4.13,1.31,1.77e+04,1,1,
n58,n87,299,286,53.3,53.3,284.0,284.0,7.770e-79,1.050e-74,4.13,1.09,1.47e+04,1,1,
n58,n88,299,282,38.7,38.7,188.0,188.0,4.440e-50,5.990e-46,4.13,0.785,1.06e+04,1,1,
n58,n89,299,308,40.6,40.6,220.0,220.0,1.380e-59,1.860e-55,4.13,1.05,1.41e+04,1,1,
n58,n9,299,315,43.9,49.3,234.0,270.0,7.060e-64,1.200e-70,-6.77,0.878,1.03e+04,1,1,
n59,n1,298,290,49.7,49.7,274.0,274.0,8.020e-76,1.080e-71,4.13,1.1,1.48e+04,1,1,
n59,n10,298,262,48.3,48.3,245.0,245.0,5.210e-67,7.010e-63,4.13,1.33,1.79e+04,1,1,
n59,n11,298,262,49.1,49.1,252.0,252.0,4.260e-69,5.740e-65,4.13,1.39,1.88e+04,1,1,
n59,n12,298,262,48.3,48.3,251.0,251.0,5.570e-69,7.490e-65,4.13,0.911,1.22e+04,1,1,
n59,n13,298,262,48.7,48.7,249.0,249.0,2.110e-68,2.850e-64,4.13,0.863,1.17e+04,1,1,
n59,n14,298,319,46.7,46.7,258.0,258.0,5.950e-71,8.010e-67,4.13,1.25,1.68e+04,1,1,
n59,n15,298,301,46.5,46.5,259.0,259.0,2.670e-71,3.590e-67,4.13,1.12,1.5e+04,1,1,
n59,n16,298,262,47.3,47.3,247.0,247.0,1.370e-67,1.850e-63,4.13,1.4,1.89e+04,1,1,
n59,n18,298,298,51.0,51.0,297.0,297.0,1.160e-82,1.560e-78,4.13,1.33,1.8e+04,1,1,
n59,n19,298,307,52.2,52.2,321.0,321.0,4.380e-90,5.900e-86,4.13,0.846,1.14e+04,1,1,
n59,n2,298,259,44.5,44.5,231.0,231.0,7.780e-63,1.050e-58,4.13,1.21,1.64e+04,1,1,
n59,n20,298,298,58.8,58.8,361.0,361.0,6.510e-102,8.770e-98,4.13,1.38,1.86e+04,1,1,
n59,n21,298,304,50.5,50.5,280.0,280.0,8.570e-78,1.150e-73,4.13,0.752,1.01e+04,1,1,
n59,n22,298,296,46.4,46.4,258.0,258.0,4.550e-71,6.130e-67,4.13,0.952,1.28e+04,1,1,
n59,n23,298,300,46.9,46.9,258.0,258.0,3.490e-71,4.690e-67,4.13,0.731,9.82e+03,1,1,
n59,n24,298,304,43.2,42.8,236.0,238.0,1.850e-64,6.570e-61,3.55,0.923,1.31e+04,1,1,
n59,n25,298,301,47.1,47.1,259.0,259.0,2.670e-71,3.590e-67,4.13,1.12,1.5e+04,1,1,
n59,n26,298,261,49.1,49.1,251.0,251.0,7.270e-69,9.790e-65,4.13,1.19,1.6e+04,1,1,
n59,n27,298,296,46.4,46.4,258.0,258.0,4.550e-71,6.130e-67,4.13,0.952,1.28e+04,1,1,
n59,n28,298,284,37.1,37.1,198.0,198.0,7.300e-53,9.830e-49,4.13,1.33,1.78e+04,1,1,
n59,n29,298,319,46.2,46.2,259.0,259.0,2.670e-71,3.590e-67,4.13,1.12,1.5e+04,1,1,
n59,n30,298,262,49.1,49.1,252.0,252.0,4.260e-69,5.740e-65,4.13,1.39,1.88e+04,1,1,
n59,n31,298,262,48.3,48.3,251.0,251.0,5.570e-69,7.490e-65,4.13,0.911,1.22e+04,1,1,
n59,n32,298,294,40.3,39.9,209.0,209.0,3.170e-56,4.270e-52,4.13,1.18,1.59e+04,1,1,
n59,n33,298,293,45.3,45.3,245.0,245.0,5.210e-67,7.010e-63,4.13,1.33,1.79e+04,1,1,
n59,n34,298,293,46.1,44.9,235.0,235.0,5.390e-64,4.260e-60,3.90,1.34,1.06e+04,1,1,
n59,n36,298,310,55.7,55.7,340.0,340.0,1.190e-95,1.600e-91,4.13,1.2,1.62e+04,1,1,
n59,n38,298,495,24.6,24.6,79.0,79.0,2.900e-17,3.900e-13,4.13,0.792,1.07e+04,0,0,
n59,n4,298,292,51.2,51.2,306.0,306.0,1.460e-85,1.960e-81,4.13,0.86,1.15e+04,1,1,
n59,n40,298,292,24.4,24.4,88.0,88.0,8.150e-20,1.100e-15,4.13,1.14,1.54e+04,0,0,
n59,n41,298,305,45.7,45.7,260.0,260.0,1.200e-71,1.610e-67,4.13,1,1.35e+04,1,1,
n59,n42,298,426,51.4,51.4,305.0,305.0,4.240e-85,5.710e-81,4.13,1.25,1.68e+04,1,1,
n59,n43,298,319,44.4,47.4,239.0,247.0,2.190e-65,1.080e-63,1.69,0.874,1.1e+04,1,1,
n59,n44,298,301,46.5,46.5,259.0,259.0,2.670e-71,3.590e-67,4.13,1.12,1.5e+04,1,1,
n59,n45,298,319,46.7,46.7,258.0,258.0,5.950e-71,8.010e-67,4.13,1.25,1.68e+04,1,1,
n59,n46,298,301,46.5,46.5,259.0,259.0,2.670e-71,3.590e-67,4.13,1.12,1.5e+04,1,1,
n59,n47,298,304,50.5,50.5,280.0,280.0,8.570e-78,1.150e-73,4.13,0.752,1.01e+04,1,1,
n59,n5,298,292,44.9,44.9,234.0,234.0,9.190e-64,1.240e-59,4.13,1.15,1.55e+04,1,1,
n59,n50,298,269,32.1,32.1,137.0,137.0,1.530e-34,2.060e-30,4.13,1.2,1.62e+04,1,1,
n59,n51,298,312,65.9,65.9,379.0,379.0,1.770e-107,2.380e-103,4.13,0.985,1.32e+04,1,1,
n59,n52,298,260,47.0,47.0,233.0,233.0,2.050e-63,2.760e-59,4.13,1.28,1.72e+04,1,1,
n59,n53,298,260,47.0,47.0,240.0,240.0,1.280e-65,1.730e-61,4.13,1.02,1.38e+04,1,1,
n59,n54,298,259,44.9,44.9,233.0,233.0,2.050e-63,2.760e-59,4.13,1.28,1.72e+04,1,1,
n59,n55,298,257,45.5,45.5,240.0,240.0,9.820e-66,1.320e-61,4.13,0.784,1.05e+04,1,1,
n59,n56,298,257,45.5,45.5,241.0,241.0,5.760e-66,7.760e-62,4.13,0.92,1.24e+04,1,1,
n59,n57,298,257,45.8,45.8,243.0,243.0,1.520e-66,2.040e-62,4.13,0.971,1.3e+04,1,1,
n59,n58,298,299,39.0,39.0,206.0,206.0,2.050e-55,2.760e-51,4.13,0.953,1.28e+04,1,1,
n59,n6,298,289,44.4,44.4,236.0,236.0,1.850e-64,2.490e-60,4.13,0.923,1.24e+04,1,1,
n59,n60,298,316,52.8,52.8,327.0,327.0,6.110e-92,8.230e-88,4.13,0.755,1.02e+04,1,1,
n59,n61,298,307,53.1,53.1,326.0,326.0,1.360e-91,1.830e-87,4.13,0.84,1.13e+04,1,1,
n59,n62,298,263,50.4,50.4,257.0,257.0,7.770e-71,1.050e-66,4.13,0.813,1.1e+04,1,1,
n59,n63,298,282,28.6,28.6,114.0,114.0,1.390e-27,1.870e-23,4.13,1.3,1.76e+04,0,0,
n59,n64,298,257,41.9,45.1,218.0,234.0,4.000e-59,9.480e-60,-0.63,0.761,1.18e+04,1,1,
n59,n66,298,302,55.3,55.3,341.0,341.0,6.970e-96,9.390e-92,4.13,1.41,1.9e+04,1,1,
n59,n67,298,366,34.0,34.0,161.0,161.0,7.570e-42,1.020e-37,4.13,1,1.35e+04,1,1,
n59,n68,298,302,54.1,54.1,337.0,337.0,1.010e-94,1.360e-90,4.13,1.28,1.72e+04,1,1,
n59,n69,298,279,45.4,45.4,235.0,235.0,3.160e-64,4.260e-60,4.13,0.788,1.06e+04,1,1,
n59,n7,298,302,53.0,53.0,337.0,337.0,7.710e-95,1.040e-90,4.13,0.975,1.32e+04,1,1,
n59,n70,298,292,47.3,47.3,264.0,264.0,8.300e-73,1.120e-68,4.13,1.11,1.5e+04,1,1,
n59,n71,298,297,80.9,80.9,506.0,506.0,1.250e-145,1.690e-141,4.13,1.18,1.6e+04,1,1,
n59,n72,298,311,39.3,39.3,226.0,226.0,2.500e-61,3.370e-57,4.13,1.22,1.64e+04,1,1,
n59,n73,298,302,42.1,42.1,223.0,223.0,1.240e-60,1.670e-56,4.13,0.755,1.02e+04,1,1,
n59,n74,298,284,45.5,45.5,251.0,251.0,5.570e-69,7.490e-65,4.13,0.911,1.22e+04,1,1,
n59,n75,298,279,52.3,52.3,283.0,283.0,1.010e-78,1.360e-74,4.13,0.709,9.55e+03,1,1,
n59,n76,298,304,53.2,53.2,328.0,328.0,4.680e-92,6.300e-88,4.13,1.16,1.56e+04,1,1,
n59,n77,298,304,56.0,56.0,342.0,342.0,3.130e-96,4.220e-92,4.13,1.27,1.71e+04,1,1,
n59,n78,298,293,43.6,42.2,223.0,235.0,1.240e-60,4.260e-60,0.54,0.755,1.06e+04,1,1,
n59,n79,298,283,31.6,31.6,133.0,133.0,2.210e-33,2.970e-29,4.13,1.09,1.46e+04,1,1,
n59,n8,298,262,47.7,47.7,247.0,247.0,1.370e-67,1.850e-63,4.13,1.4,1.89e+04,1,1,
n59,n80,298,301,46.2,46.2,257.0,257.0,1.320e-70,1.780e-66,4.13,1.38,1.86e+04,1,1,
n59,n81,298,310,46.3,46.3,255.0,255.0,5.030e-70,6.780e-66,4.13,1.32,1.77e+04,1,1,
n59,n82,298,364,32.8,32.8,153.0,153.0,1.580e-39,2.130e-35,4.13,0.815,1.1e+04,1,1,
n59,n83,298,434,38.7,38.7,179.0,179.0,2.060e-47,2.770e-43,4.13,0.713,9.59e+03,1,1,
n59,n85,298,258,26.4,26.4,33.0,33.0,3.110e-03,4.190e+01,4.13,1.21,1.63e+04,0,0,
n59,n86,298,273,85.3,85.3,490.0,490.0,5.450e-141,7.340e-137,4.13,0.787,1.06e+04,1,1,
n59,n87,298,286,40.2,40.2,209.0,209.0,2.430e-56,3.270e-52,4.13,0.904,1.22e+04,1,1,
n59,n88,298,282,43.6,43.6,200.0,201.0,1.130e-53,1.160e-49,4.01,0.821,1.68e+04,1,1,
n59,n89,298,308,56.1,56.1,343.0,343.0,1.080e-96,1.450e-92,4.13,0.875,1.17e+04,1,1,
n59,n9,298,315,39.9,39.9,215.0,215.0,3.380e-58,4.560e-54,4.13,0.804,1.09e+04,1,1,
n59,n90,298,258,25.6,25.9,59.0,62.0,5.290e-11,8.420e-08,3.20,1.38,1.75e+04,0,0,
n6,n1,289,290,48.4,48.4,242.0,242.0,2.510e-66,3.380e-62,4.13,0.827,1.11e+04,1,1,
n6,n10,289,262,60.3,60.3,327.0,327.0,7.740e-92,1.040e-87,4.13,0.986,1.33e+04,1,1,
n6,n11,289,262,61.5,61.5,339.0,339.0,2.570e-95,3.460e-91,4.13,1.34,1.81e+04,1,1,
n6,n12,289,262,61.1,61.1,338.0,338.0,4.380e-95,5.900e-91,4.13,1.14,1.54e+04,1,1,
n6,n13,289,262,61.1,61.1,336.0,336.0,1.280e-94,1.720e-90,4.13,0.835,1.12e+04,1,1,
n6,n133,289,335,22.3,22.3,41.0,41.0,1.110e-05,1.490e-01,4.13,1.14,1.53e+04,0,0,
n6,n134,289,352,24.6,24.6,49.0,49.0,5.310e-08,7.160e-04,4.13,1.39,1.88e+04,0,0,
n6,n14,289,319,58.4,58.4,344.0,346.0,6.120e-97,2.170e-93,3.55,1.02,1.45e+04,1,1,
n6,n15,289,301,59.8,60.1,346.0,347.0,1.610e-97,1.270e-93,3.90,1.08,1.7e+04,1,1,
n6,n16,289,262,64.1,64.1,343.0,343.0,1.040e-96,1.410e-92,4.13,0.868,1.18e+04,1,1,
n6,n17,289,314,24.6,24.6,41.0,41.0,1.110e-05,1.490e-01,4.13,1.14,1.53e+04,0,0,
n6,n18,289,298,47.6,47.6,260.0,260.0,8.900e-72,1.200e-67,4.13,0.768,1.04e+04,1,1,
n6,n19,289,307,46.1,46.1,247.0,247.0,1.330e-67,1.790e-63,4.13,1.4,1.89e+04,1,1,
n6,n2,289,259,64.7,64.7,349.0,349.0,2.480e-98,3.350e-94,4.13,1.33,1.79e+04,1,1,
n6,n20,289,298,42.3,42.3,213.0,213.0,2.130e-57,2.860e-53,4.13,1.31,1.75e+04,1,1,
n6,n21,289,304,50.4,50.4,254.0,254.0,8.330e-70,1.120e-65,4.13,1.12,1.51e+04,1,1,
n6,n22,289,296,62.0,60.8,364.0,362.0,4.370e-103,2.240e-98,4.71,0.765,9.81e+03,1,1,
n6,n23,289,300,60.8,60.5,354.0,351.0,7.720e-100,5.160e-95,4.83,1.32,1.1e+04,1,1,
n6,n24,289,304,58.0,58.0,349.0,349.0,1.900e-98,2.560e-94,4.13,1.02,1.37e+04,1,1,
n6,n25,289,301,58.1,58.1,342.0,344.0,1.780e-96,6.310e-93,3.55,0.743,1.05e+04,1,1,
n6,n26,289,261,61.1,61.1,336.0,336.0,1.280e-94,1.720e-90,4.13,0.835,1.12e+04,1,1,
n6,n27,289,296,62.0,60.8,364.0,362.0,4.370e-103,2.240e-98,4.71,0.765,9.81e+03,1,1,
n6,n28,289,284,55.1,55.1,309.0,309.0,2.850e-86,3.840e-82,4.13,1.39,1.87e+04,1,1,
n6,n29,289,319,59.8,60.1,346.0,346.0,2.100e-97,1.660e-93,3.90,1.4,1.11e+04,1,1,
n6,n3,289,380,26.6,26.6,32.0,32.0,5.150e-03,6.930e+01,4.13,1.03,1.39e+04,0,0,
n6,n30,289,262,61.5,61.5,339.0,339.0,2.570e-95,3.460e-91,4.13,1.34,1.81e+04,1,1,
n6,n31,289,262,61.1,61.1,338.0,338.0,4.380e-95,5.900e-91,4.13,1.14,1.54e+04,1,1,
n6,n32,289,294,55.6,55.6,323.0,323.0,1.120e-90,1.510e-86,4.13,0.892,1.2e+04,1,1,
n6,n33,289,293,56.7,56.9,308.0,308.0,4.860e-86,5.010e-82,4.01,1.18,1.22e+04,1,1,
n6,n34,289,293,55.2,56.9,295.0,304.0,4.260e-82,7.230e-81,1.23,1.26,1.1e+04,1,1,
n6,n35,289,456,26.6,26.6,32.0,32.0,6.720e-03,9.050e+01,4.13,1.34,1.81e+04,0,0,
n6,n36,289,310,50.2,50.2,248.0,248.0,4.570e-68,6.150e-64,4.13,0.963,1.3e+04,1,1,
n6,n38,289,495,29.2,29.2,74.0,74.0,1.180e-15,1.590e-11,4.13,1.04,1.4e+04,0,0,
n6,n39,289,257,24.7,24.7,37.0,37.0,2.090e-04,2.810e+00,4.13,1.34,1.8e+04,0,0,
n6,n4,289,292,49.5,49.5,258.0,258.0,3.380e-71,4.550e-67,4.13,0.73,9.82e+03,1,1,
n6,n40,289,292,28.3,28.3,93.0,93.0,2.460e-21,3.310e-17,4.13,1.14,1.53e+04,0,0,
n6,n41,289,305,46.9,46.9,233.0,233.0,1.160e-63,1.570e-59,4.13,0.746,1.01e+04,1,1,
n6,n42,289,426,40.1,48.7,180.0,262.0,1.530e-47,4.120e-68,-20.57,1.09,1.42e+04,1,1,
n6,n43,289,319,45.0,45.0,204.0,204.0,7.570e-55,1.020e-50,4.13,0.907,1.22e+04,1,1,
n6,n44,289,301,59.8,60.1,346.0,347.0,1.610e-97,1.270e-93,3.90,1.08,1.7e+04,1,1,
n6,n45,289,319,58.4,58.4,344.0,346.0,6.120e-97,2.170e-93,3.55,1.02,1.45e+04,1,1,
n6,n46,289,301,59.8,60.1,346.0,347.0,1.610e-97,1.270e-93,3.90,1.08,1.7e+04,1,1,
n6,n47,289,304,50.4,50.4,254.0,254.0,8.330e-70,1.120e-65,4.13,1.12,1.51e+04,1,1,
n6,n5,289,292,79.2,79.2,465.0,465.0,3.110e-133,4.180e-129,4.13,1.38,1.86e+04,1,1,
n6,n50,289,269,29.4,29.4,115.0,115.0,4.620e-28,6.220e-24,4.13,0.894,1.2e+04,0,0,
n6,n51,289,312,52.3,52.3,263.0,263.0,1.370e-72,1.850e-68,4.13,0.946,1.28e+04,1,1,
n6,n52,289,260,70.3,70.3,382.0,382.0,1.550e-108,2.090e-104,4.13,0.711,9.59e+03,1,1,
n6,n53,289,260,70.3,70.3,385.0,385.0,3.130e-109,4.210e-105,4.13,1.15,1.55e+04,1,1,
n6,n54,289,259,64.6,64.6,347.0,347.0,9.440e-98,1.270e-93,4.13,1.26,1.7e+04,1,1,
n6,n55,289,257,59.3,59.3,312.0,312.0,2.580e-87,3.470e-83,4.13,1,1.35e+04,1,1,
n6,n56,289,257,59.9,59.9,314.0,314.0,8.850e-88,1.190e-83,4.13,1.38,1.85e+04,1,1,
n6,n57,289,257,59.9,59.9,314.0,314.0,8.850e-88,1.190e-83,4.13,1.38,1.85e+04,1,1,
n6,n58,289,299,59.0,59.0,324.0,324.0,6.550e-91,8.820e-87,4.13,1.04,1.4e+04,1,1,
n6,n59,289,298,44.4,44.4,236.0,236.0,1.800e-64,2.420e-60,4.13,0.926,1.25e+04,1,1,
n6,n60,289,316,44.7,48.1,237.0,238.0,1.050e-64,6.370e-61,3.78,1.08,1.31e+04,1,1,
n6,n61,289,307,45.2,45.2,236.0,236.0,1.380e-64,1.850e-60,4.13,0.71,9.52e+03,1,1,
n6,n62,289,263,69.0,69.0,375.0,375.0,2.480e-106,3.340e-102,4.13,0.889,1.2e+04,1,1,
n6,n63,289,282,28.9,28.9,96.0,96.0,2.900e-22,3.910e-18,4.13,1.07,1.44e+04,0,0,
n6,n64,289,257,68.4,68.4,372.0,372.0,2.740e-105,3.690e-101,4.13,1.23,1.65e+04,1,1,
n6,n66,289,302,48.7,48.7,265.0,265.0,3.610e-73,4.860e-69,4.13,0.997,1.34e+04,1,1,
n6,n67,289,366,34.2,34.2,126.0,126.0,2.620e-31,3.530e-27,4.13,1.04,1.4e+04,1,1,
n6,n68,289,302,50.8,50.8,272.0,272.0,3.860e-75,5.200e-71,4.13,1.36,1.84e+04,1,1,
n6,n69,289,279,50.0,49.6,266.0,265.0,1.620e-73,4.860e-69,4.48,0.895,1.34e+04,1,1,
n6,n7,289,302,47.0,48.3,240.0,262.0,1.630e-65,4.120e-68,-2.60,1.34,1.42e+04,1,1,
n6,n70,289,292,53.9,53.9,275.0,275.0,2.670e-76,3.600e-72,4.13,0.755,1.02e+04,1,1,
n6,n71,289,297,46.7,46.7,244.0,244.0,8.620e-67,1.160e-62,4.13,1.14,1.53e+04,1,1,
n6,n72,289,311,61.5,61.5,354.0,354.0,5.910e-100,7.960e-96,4.13,1.01,1.36e+04,1,1,
n6,n73,289,302,57.6,57.6,339.0,339.0,1.510e-95,2.030e-91,4.13,0.788,1.06e+04,1,1,
n6,n74,289,284,53.2,58.4,299.0,334.0,2.260e-83,8.530e-90,-6.42,1.07,1.39e+04,1,1,
n6,n75,289,279,44.5,45.4,225.0,232.0,5.410e-61,3.490e-59,1.81,1.36,1.12e+04,1,1,
n6,n76,289,304,47.5,47.5,258.0,258.0,4.420e-71,5.950e-67,4.13,0.954,1.28e+04,1,1,
n6,n77,289,304,49.7,49.7,271.0,271.0,6.580e-75,8.860e-71,4.13,1.16,1.57e+04,1,1,
n6,n78,289,293,58.5,58.8,330.0,334.0,1.190e-92,6.530e-90,2.74,1.21,1.06e+04,1,1,
n6,n79,289,283,29.7,29.7,120.0,120.0,1.440e-29,1.940e-25,4.13,0.892,1.2e+04,0,0,
n6,n8,289,262,61.2,61.2,337.0,337.0,9.770e-95,1.320e-90,4.13,1.27,1.72e+04,1,1,
n6,n80,289,301,59.4,59.8,344.0,344.0,7.990e-97,6.310e-93,3.90,1.33,1.05e+04,1,1,
n6,n81,289,310,66.7,66.7,391.0,391.0,4.360e-111,5.880e-107,4.13,1.02,1.38e+04,1,1,
n6,n82,289,364,34.7,34.7,134.0,134.0,7.360e-34,9.920e-30,4.13,0.747,1.01e+04,1,1,
n6,n83,289,434,54.2,54.2,280.0,280.0,1.420e-77,1.910e-73,4.13,1.29,1.73e+04,1,1,
n6,n85,289,258,26.7,26.7,37.0,37.0,2.090e-04,2.810e+00,4.13,1.34,1.8e+04,0,0,
n6,n86,289,273,49.3,49.3,249.0,249.0,2.680e-68,3.610e-64,4.13,1.13,1.52e+04,1,1,
n6,n87,289,286,61.1,61.1,357.0,357.0,9.120e-101,1.230e-96,4.13,1.25,1.68e+04,1,1,
n6,n88,289,282,46.6,46.6,235.0,235.0,5.230e-64,7.040e-60,4.13,1.35,1.81e+04,1,1,
n6,n89,289,308,45.1,46.0,240.0,243.0,9.530e-66,1.520e-62,3.20,0.785,1e+04,1,1,
n6,n9,289,315,58.1,58.1,342.0,342.0,3.040e-96,4.090e-92,4.13,1.27,1.71e+04,1,1,
n6,n90,289,258,29.9,29.4,74.0,74.0,9.040e-16,1.220e-11,4.13,0.796,1.07e+04,0,0,
n60,n1,316,290,53.2,53.2,275.0,275.0,2.920e-76,3.940e-72,4.13,0.755,1.02e+04,1,1,
n60,n10,316,262,47.0,47.0,240.0,240.0,1.040e-65,1.400e-61,4.13,0.783,1.05e+04,1,1,
n60,n11,316,262,47.8,47.8,247.0,247.0,1.450e-67,1.960e-63,4.13,1.4,1.89e+04,1,1,
n60,n12,316,262,47.4,47.4,243.0,243.0,2.100e-66,2.830e-62,4.13,1.27,1.7e+04,1,1,
n60,n13,316,262,47.0,47.0,242.0,242.0,4.680e-66,6.300e-62,4.13,1.41,1.9e+04,1,1,
n60,n14,316,319,47.4,47.4,243.0,243.0,2.100e-66,2.830e-62,4.13,1.27,1.7e+04,1,1,
n60,n15,316,301,47.8,47.8,247.0,247.0,1.450e-67,1.960e-63,4.13,1.4,1.89e+04,1,1,
n60,n16,316,262,49.4,49.4,254.0,254.0,6.970e-70,9.390e-66,4.13,0.86,1.16e+04,1,1,
n60,n18,316,298,42.7,44.6,253.0,273.0,2.030e-69,1.500e-71,-2.13,1.25,9.7e+03,1,1,
n60,n19,316,307,66.8,66.8,430.0,430.0,7.100e-123,9.560e-119,4.13,0.839,1.13e+04,1,1,
n60,n2,316,259,44.3,44.3,224.0,224.0,1.010e-60,1.360e-56,4.13,1.16,1.56e+04,1,1,
n60,n20,316,298,49.2,49.2,304.0,304.0,1.000e-84,1.350e-80,4.13,1.39,1.88e+04,1,1,
n60,n21,316,304,45.7,49.4,257.0,256.0,8.230e-71,3.230e-66,4.59,0.812,1.59e+04,1,1,
n60,n22,316,296,48.5,48.5,244.0,244.0,7.210e-67,9.720e-63,4.13,0.869,1.17e+04,1,1,
n60,n23,316,300,48.1,48.1,241.0,241.0,6.110e-66,8.220e-62,4.13,0.92,1.24e+04,1,1,
n60,n24,316,304,45.1,44.5,250.0,252.0,1.310e-68,4.660e-65,3.55,1.01,1.44e+04,1,1,
n60,n25,316,301,47.0,47.0,241.0,241.0,6.110e-66,8.220e-62,4.13,0.92,1.24e+04,1,1,
n60,n26,316,261,47.0,47.0,243.0,243.0,1.610e-66,2.160e-62,4.13,0.97,1.3e+04,1,1,
n60,n27,316,296,48.5,48.5,244.0,244.0,7.210e-67,9.720e-63,4.13,0.869,1.17e+04,1,1,
n60,n28,316,284,40.5,40.5,214.0,214.0,7.990e-58,1.080e-53,4.13,0.897,1.21e+04,1,1,
n60,n29,316,319,47.4,47.4,242.0,242.0,3.580e-66,4.820e-62,4.13,1.08,1.45e+04,1,1,
n60,n3,316,380,27.0,27.0,41.0,41.0,1.210e-05,1.630e-01,4.13,1.13,1.53e+04,0,0,
n60,n30,316,262,47.8,47.8,247.0,247.0,1.450e-67,1.960e-63,4.13,1.4,1.89e+04,1,1,
n60,n31,316,262,47.4,47.4,243.0,243.0,2.100e-66,2.830e-62,4.13,1.27,1.7e+04,1,1,
n60,n32,316,294,44.0,44.4,218.0,219.0,5.540e-59,3.350e-55,3.78,0.995,1.2e+04,1,1,
n60,n33,316,293,48.5,48.5,231.0,231.0,8.250e-63,1.110e-58,4.13,1.21,1.63e+04,1,1,
n60,n34,316,293,42.8,42.8,220.0,220.0,1.460e-59,1.960e-55,4.13,1.05,1.41e+04,1,1,
n60,n36,316,310,62.6,62.6,370.0,370.0,1.140e-104,1.530e-100,4.13,1.17,1.57e+04,1,1,
n60,n4,316,292,45.6,45.6,270.0,270.0,1.230e-74,1.650e-70,4.13,0.994,1.33e+04,1,1,
n60,n40,316,292,25.8,25.8,97.0,97.0,1.090e-22,1.470e-18,4.13,0.736,9.93e+03,0,0,
n60,n41,316,305,41.1,44.5,247.0,250.0,1.450e-67,1.770e-64,3.09,1.4,1.36e+04,1,1,
n60,n42,316,426,52.1,52.1,302.0,302.0,2.230e-84,3.010e-80,4.13,0.774,1.05e+04,1,1,
n60,n43,316,319,45.5,45.5,219.0,219.0,2.490e-59,3.350e-55,4.13,0.894,1.2e+04,1,1,
n60,n44,316,301,47.8,47.8,247.0,247.0,1.450e-67,1.960e-63,4.13,1.4,1.89e+04,1,1,
n60,n45,316,319,47.4,47.4,243.0,243.0,2.100e-66,2.830e-62,4.13,1.27,1.7e+04,1,1,
n60,n46,316,301,47.8,47.8,247.0,247.0,1.450e-67,1.960e-63,4.13,1.4,1.89e+04,1,1,
n60,n47,316,304,45.7,49.4,257.0,256.0,8.230e-71,3.230e-66,4.59,0.812,1.59e+04,1,1,
n60,n49,316,262,24.1,26.0,37.0,37.0,1.340e-04,2.360e+00,4.25,0.785,1.38e+04,0,0,
n60,n5,316,292,41.9,41.9,213.0,213.0,2.330e-57,3.130e-53,4.13,1.31,1.76e+04,1,1,
n60,n50,316,269,32.1,32.1,126.0,126.0,2.860e-31,3.860e-27,4.13,1.04,1.4e+04,1,1,
n60,n51,316,312,61.8,61.8,346.0,346.0,1.760e-97,2.370e-93,4.13,1.08,1.45e+04,1,1,
n60,n52,316,260,50.6,50.6,254.0,254.0,9.100e-70,1.230e-65,4.13,1.12,1.52e+04,1,1,
n60,n53,316,260,48.5,48.5,251.0,251.0,5.900e-69,7.950e-65,4.13,0.91,1.23e+04,1,1,
n60,n54,316,259,44.3,44.3,224.0,224.0,1.010e-60,1.360e-56,4.13,1.16,1.56e+04,1,1,
n60,n55,316,257,45.0,45.0,232.0,232.0,3.700e-63,4.990e-59,4.13,1.09,1.47e+04,1,1,
n60,n56,316,257,45.6,45.6,235.0,235.0,3.350e-64,4.510e-60,4.13,0.788,1.06e+04,1,1,
n60,n57,316,257,45.2,45.2,235.0,235.0,4.380e-64,5.890e-60,4.13,1.03,1.39e+04,1,1,
n60,n58,316,299,37.7,37.7,198.0,198.0,5.930e-53,7.980e-49,4.13,1.02,1.37e+04,1,1,
n60,n59,316,298,52.8,52.8,327.0,327.0,6.480e-92,8.730e-88,4.13,0.755,1.02e+04,1,1,
n60,n6,316,289,45.0,48.1,237.0,238.0,1.150e-64,6.960e-61,3.78,1.08,1.31e+04,1,1,
n60,n61,316,307,73.1,73.1,482.0,482.0,1.570e-138,2.120e-134,4.13,0.836,1.13e+04,1,1,
n60,n62,316,263,47.8,47.8,240.0,240.0,1.360e-65,1.830e-61,4.13,1.02,1.38e+04,1,1,
n60,n63,316,282,26.6,26.6,92.0,92.0,3.510e-21,4.720e-17,4.13,0.741,9.96e+03,0,0,
n60,n64,316,257,47.6,47.6,241.0,241.0,7.980e-66,1.070e-61,4.13,1.2,1.61e+04,1,1,
n60,n66,316,302,68.0,68.0,437.0,437.0,5.810e-125,7.820e-121,4.13,0.879,1.18e+04,1,1,
n60,n67,316,366,40.2,40.2,185.0,185.0,3.980e-49,5.360e-45,4.13,0.832,1.12e+04,1,1,
n60,n68,316,302,66.8,66.8,428.0,428.0,4.600e-122,6.200e-118,4.13,1.36,1.83e+04,1,1,
n60,n69,316,279,44.5,44.2,215.0,212.0,6.120e-58,4.090e-53,4.82,1.37,1.15e+04,1,1,
n60,n7,316,302,64.6,64.6,416.0,416.0,1.390e-118,1.870e-114,4.13,1,1.35e+04,1,1,
n60,n70,316,292,50.4,50.4,270.0,270.0,1.230e-74,1.650e-70,4.13,0.994,1.33e+04,1,1,
n60,n71,316,297,57.7,57.7,324.0,324.0,7.160e-91,9.650e-87,4.13,1.04,1.41e+04,1,1,
n60,n72,316,311,41.6,41.6,235.0,235.0,5.720e-64,7.700e-60,4.13,1.35,1.81e+04,1,1,
n60,n73,316,302,45.0,45.0,218.0,218.0,7.230e-59,9.740e-55,4.13,1.3,1.75e+04,1,1,
n60,n74,316,284,44.3,44.3,251.0,251.0,5.900e-69,7.950e-65,4.13,0.91,1.23e+04,1,1,
n60,n75,316,279,46.8,46.6,228.0,230.0,4.100e-62,1.900e-58,3.67,0.754,1.4e+04,1,1,
n60,n76,316,304,66.3,66.3,426.0,426.0,1.340e-121,1.800e-117,4.13,0.99,1.33e+04,1,1,
n60,n77,316,304,66.5,66.5,418.0,418.0,3.650e-119,4.910e-115,4.13,1.05,1.42e+04,1,1,
n60,n78,316,293,47.4,47.4,248.0,248.0,6.520e-68,8.790e-64,4.13,1.26,1.69e+04,1,1,
n60,n79,316,283,30.5,30.5,116.0,116.0,3.870e-28,5.210e-24,4.13,1.37,1.84e+04,1,1,
n60,n8,316,262,47.4,47.4,245.0,245.0,4.230e-67,5.700e-63,4.13,1.02,1.37e+04,1,1,
n60,n80,316,301,47.0,47.0,242.0,242.0,4.680e-66,6.300e-62,4.13,1.41,1.9e+04,1,1,
n60,n81,316,310,45.7,45.7,247.0,247.0,8.520e-68,1.150e-63,4.13,0.821,1.11e+04,1,1,
n60,n82,316,364,39.0,39.0,185.0,185.0,3.980e-49,5.360e-45,4.13,0.832,1.12e+04,1,1,
n60,n83,316,434,38.4,38.4,181.0,181.0,5.740e-48,7.730e-44,4.13,0.75,1.01e+04,1,1,
n60,n86,316,273,56.2,56.2,315.0,315.0,3.330e-88,4.480e-84,4.13,0.947,1.27e+04,1,1,
n60,n87,316,286,41.1,41.1,211.0,211.0,6.770e-57,9.110e-53,4.13,0.95,1.28e+04,1,1,
n60,n88,316,282,42.2,42.2,190.0,190.0,1.610e-50,1.660e-46,4.01,1.08,1.11e+04,1,1,
n60,n89,316,308,57.6,57.6,366.0,366.0,2.150e-103,2.890e-99,4.13,1.38,1.85e+04,1,1,
n60,n9,316,315,44.4,44.4,228.0,228.0,6.990e-62,9.410e-58,4.13,1.29,1.73e+04,1,1,
n60,n90,316,258,26.2,26.6,70.0,71.0,1.860e-14,1.130e-10,3.78,0.936,1.14e+04,0,0,
n61,n1,307,290,50.6,50.6,265.0,265.0,3.840e-73,5.170e-69,4.13,0.999,1.34e+04,1,1,
n61,n10,307,262,46.2,46.2,235.0,235.0,5.550e-64,7.480e-60,4.13,1.34,1.81e+04,1,1,
n61,n11,307,262,46.6,46.6,240.0,240.0,1.010e-65,1.360e-61,4.13,0.783,1.05e+04,1,1,
n61,n12,307,262,46.6,46.6,239.0,239.0,2.250e-65,3.040e-61,4.13,0.872,1.18e+04,1,1,
n61,n13,307,262,45.9,45.9,235.0,235.0,4.250e-64,5.730e-60,4.13,1.03,1.39e+04,1,1,
n61,n133,307,335,23.5,23.5,40.0,40.0,2.620e-05,3.530e-01,4.13,1.26,1.7e+04,0,0,
n61,n14,307,319,42.7,42.7,240.0,240.0,1.320e-65,1.780e-61,4.13,1.02,1.38e+04,1,1,
n61,n15,307,301,46.6,46.6,240.0,240.0,1.010e-65,1.360e-61,4.13,0.783,1.05e+04,1,1,
n61,n16,307,262,48.7,48.7,247.0,247.0,1.410e-67,1.900e-63,4.13,1.4,1.88e+04,1,1,
n61,n18,307,298,46.0,46.0,281.0,281.0,5.170e-78,6.970e-74,4.13,0.881,1.19e+04,1,1,
n61,n19,307,307,67.6,67.6,438.0,438.0,3.310e-125,4.450e-121,4.13,1.03,1.39e+04,1,1,
n61,n2,307,259,45.9,45.9,237.0,237.0,1.120e-64,1.510e-60,4.13,1.09,1.46e+04,1,1,
n61,n20,307,298,54.6,54.6,321.0,321.0,4.510e-90,6.080e-86,4.13,0.845,1.14e+04,1,1,
n61,n21,307,304,47.3,47.3,266.0,266.0,2.250e-73,3.030e-69,4.13,1.17,1.58e+04,1,1,
n61,n22,307,296,47.3,47.3,255.0,255.0,3.040e-70,4.090e-66,4.13,0.772,1.04e+04,1,1,
n61,n23,307,300,43.3,43.3,242.0,242.0,2.660e-66,3.590e-62,4.13,0.825,1.11e+04,1,1,
n61,n24,307,304,43.7,43.7,248.0,248.0,3.720e-68,5.000e-64,4.13,0.738,9.92e+03,1,1,
n61,n25,307,301,42.3,42.3,238.0,238.0,3.850e-65,5.180e-61,4.13,0.746,1e+04,1,1,
n61,n26,307,261,45.9,45.9,237.0,237.0,1.120e-64,1.510e-60,4.13,1.09,1.46e+04,1,1,
n61,n27,307,296,47.3,47.3,255.0,255.0,3.040e-70,4.090e-66,4.13,0.772,1.04e+04,1,1,
n61,n28,307,284,40.1,40.1,208.0,208.0,5.570e-56,7.500e-52,4.13,1.01,1.35e+04,1,1,
n61,n29,307,319,47.0,47.0,240.0,240.0,1.320e-65,1.780e-61,4.13,1.02,1.38e+04,1,1,
n61,n3,307,380,26.1,26.1,48.0,48.0,7.370e-08,9.930e-04,4.13,0.91,1.23e+04,0,0,
n61,n30,307,262,46.6,46.6,240.0,240.0,1.010e-65,1.360e-61,4.13,0.783,1.05e+04,1,1,
n61,n31,307,262,46.6,46.6,239.0,239.0,2.250e-65,3.040e-61,4.13,0.872,1.18e+04,1,1,
n61,n32,307,294,43.3,43.3,227.0,227.0,8.870e-62,1.190e-57,4.13,0.839,1.13e+04,1,1,
n61,n33,307,293,46.9,46.9,231.0,231.0,8.020e-63,1.080e-58,4.13,1.21,1.63e+04,1,1,
n61,n34,307,293,42.8,42.8,220.0,220.0,1.420e-59,1.460e-55,4.01,1.05,1.08e+04,1,1,
n61,n36,307,310,62.1,62.1,367.0,367.0,5.490e-104,7.390e-100,4.13,0.724,9.75e+03,1,1,
n61,n37,307,263,28.7,28.7,42.0,42.0,4.040e-06,5.450e-02,4.13,0.779,1.05e+04,0,0,
n61,n4,307,292,46.2,46.2,265.0,265.0,2.940e-73,3.960e-69,4.13,0.765,1.03e+04,1,1,
n61,n40,307,292,26.4,26.4,104.0,104.0,1.130e-24,1.520e-20,4.13,1.01,1.35e+04,0,0,
n61,n41,307,305,42.4,42.4,250.0,250.0,9.780e-69,1.320e-64,4.13,0.776,1.05e+04,1,1,
n61,n42,307,426,53.7,53.7,311.0,311.0,6.100e-87,8.210e-83,4.13,1.12,1.5e+04,1,1,
n61,n43,307,319,46.5,46.5,221.0,221.0,6.350e-60,8.560e-56,4.13,0.939,1.27e+04,1,1,
n61,n44,307,301,46.6,46.6,240.0,240.0,1.010e-65,1.360e-61,4.13,0.783,1.05e+04,1,1,
n61,n45,307,319,42.7,42.7,240.0,240.0,1.320e-65,1.780e-61,4.13,1.02,1.38e+04,1,1,
n61,n46,307,301,46.6,46.6,240.0,240.0,1.010e-65,1.360e-61,4.13,0.783,1.05e+04,1,1,
n61,n47,307,304,47.3,47.3,266.0,266.0,2.250e-73,3.030e-69,4.13,1.17,1.58e+04,1,1,
n61,n5,307,292,41.0,41.0,218.0,218.0,7.020e-59,9.460e-55,4.13,1.3,1.75e+04,1,1,
n61,n50,307,269,31.7,31.7,134.0,134.0,7.820e-34,1.050e-29,4.13,0.747,1e+04,1,1,
n61,n51,307,312,57.5,57.5,359.0,359.0,2.550e-101,3.430e-97,4.13,1.31,1.77e+04,1,1,
n61,n52,307,260,49.8,49.8,253.0,253.0,1.510e-69,2.030e-65,4.13,0.959,1.29e+04,1,1,
n61,n53,307,260,47.7,47.7,248.0,248.0,6.340e-68,8.540e-64,4.13,1.26,1.69e+04,1,1,
n61,n54,307,259,45.9,45.9,238.0,238.0,3.850e-65,5.180e-61,4.13,0.746,1e+04,1,1,
n61,n55,307,257,45.3,45.3,238.0,238.0,5.020e-65,6.760e-61,4.13,0.973,1.31e+04,1,1,
n61,n56,307,257,46.3,46.3,244.0,244.0,7.010e-67,9.440e-63,4.13,0.869,1.17e+04,1,1,
n61,n57,307,257,45.5,45.5,241.0,241.0,5.930e-66,7.990e-62,4.13,0.919,1.24e+04,1,1,
n61,n58,307,299,38.1,38.1,201.0,201.0,5.210e-54,7.020e-50,4.13,0.735,9.9e+03,1,1,
n61,n59,307,298,53.1,53.1,326.0,326.0,1.400e-91,1.890e-87,4.13,0.84,1.13e+04,1,1,
n61,n6,307,289,45.2,45.2,236.0,236.0,1.460e-64,1.970e-60,4.13,0.707,9.54e+03,1,1,
n61,n60,307,316,73.1,73.1,482.0,482.0,1.530e-138,2.060e-134,4.13,0.838,1.13e+04,1,1,
n61,n62,307,263,47.7,47.7,243.0,243.0,1.200e-66,1.610e-62,4.13,0.744,9.98e+03,1,1,
n61,n63,307,282,27.6,27.6,104.0,104.0,1.130e-24,1.520e-20,4.13,1.01,1.35e+04,0,0,
n61,n64,307,257,48.7,48.7,250.0,250.0,1.670e-68,2.250e-64,4.13,1.33,1.79e+04,1,1,
n61,n66,307,302,71.6,71.6,445.0,445.0,3.530e-127,4.760e-123,4.13,1.41,1.9e+04,1,1,
n61,n67,307,366,38.6,38.6,175.0,175.0,4.000e-46,5.380e-42,4.13,0.84,1.13e+04,1,1,
n61,n68,307,302,71.3,71.3,439.0,439.0,1.140e-125,1.530e-121,4.13,0.71,9.53e+03,1,1,
n61,n69,307,279,41.4,41.0,221.0,219.0,4.860e-60,4.250e-55,4.94,0.718,1.57e+04,1,1,
n61,n7,307,302,65.9,66.3,429.0,429.0,2.010e-122,2.700e-118,4.13,1.22,1.64e+04,1,1,
n61,n70,307,292,46.3,46.3,269.0,269.0,2.660e-74,3.580e-70,4.13,1.11,1.49e+04,1,1,
n61,n71,307,297,55.2,55.2,336.0,336.0,1.770e-94,2.380e-90,4.13,1.09,1.46e+04,1,1,
n61,n72,307,311,45.3,45.3,240.0,240.0,1.730e-65,2.320e-61,4.13,1.34,1.8e+04,1,1,
n61,n73,307,302,46.5,46.5,221.0,221.0,4.860e-60,6.550e-56,4.13,0.718,9.68e+03,1,1,
n61,n74,307,284,46.1,46.1,254.0,254.0,6.770e-70,9.120e-66,4.13,0.86,1.16e+04,1,1,
n61,n75,307,279,46.2,46.2,234.0,234.0,7.250e-64,9.770e-60,4.13,0.878,1.18e+04,1,1,
n61,n76,307,304,71.9,71.9,445.0,445.0,2.710e-127,3.640e-123,4.13,1.08,1.45e+04,1,1,
n61,n77,307,304,68.4,68.4,439.0,439.0,1.480e-125,2.000e-121,4.13,0.922,1.25e+04,1,1,
n61,n78,307,293,45.3,45.3,252.0,252.0,2.570e-69,3.470e-65,4.13,0.816,1.1e+04,1,1,
n61,n79,307,283,30.8,30.8,128.0,128.0,5.600e-32,7.550e-28,4.13,0.836,1.13e+04,1,1,
n61,n8,307,262,46.2,46.2,239.0,239.0,2.940e-65,3.970e-61,4.13,1.14,1.54e+04,1,1,
n61,n80,307,301,45.9,45.9,235.0,235.0,4.250e-64,5.730e-60,4.13,1.03,1.39e+04,1,1,
n61,n81,307,310,47.1,47.1,257.0,257.0,1.040e-70,1.410e-66,4.13,1.06,1.43e+04,1,1,
n61,n82,307,364,40.1,40.1,186.0,186.0,2.270e-49,3.050e-45,4.13,0.977,1.31e+04,1,1,
n61,n83,307,434,36.9,36.9,164.0,164.0,7.060e-43,9.500e-39,4.13,0.724,9.75e+03,1,1,
n61,n85,307,258,29.0,29.0,37.0,37.0,1.700e-04,2.290e+00,4.13,1.02,1.38e+04,0,0,
n61,n86,307,273,56.9,56.9,325.0,325.0,4.080e-91,5.490e-87,4.13,1.22,1.65e+04,1,1,
n61,n87,307,286,41.0,41.0,215.0,215.0,4.550e-58,6.130e-54,4.13,1.05,1.42e+04,1,1,
n61,n88,307,282,43.3,43.3,203.0,203.0,1.790e-54,2.410e-50,4.13,1.01,1.36e+04,1,1,
n61,n89,307,308,60.9,62.8,387.0,397.0,5.130e-110,8.710e-109,1.23,0.709,1.23e+04,1,1,
n61,n9,307,315,42.9,42.9,216.0,216.0,1.560e-58,2.110e-54,4.13,0.721,9.75e+03,1,1,
n61,n90,307,258,27.8,27.8,76.0,76.0,3.300e-16,4.450e-12,4.13,1.09,1.47e+04,0,0,
n62,n1,263,290,25.2,50.2,29.0,251.0,3.040e-02,6.610e-65,-62.66,0.836,1.22e+04,0,1,gained_in_v12
n62,n10,263,262,62.5,62.5,331.0,331.0,4.880e-93,6.570e-89,4.13,1.09,1.47e+04,1,1,
n62,n11,263,262,63.6,63.6,342.0,342.0,1.620e-96,2.180e-92,4.13,0.743,1e+04,1,1,
n62,n12,263,262,62.8,62.8,339.0,339.0,2.340e-95,3.150e-91,4.13,1.34,1.81e+04,1,1,
n62,n13,263,262,62.5,62.5,338.0,338.0,3.060e-95,4.110e-91,4.13,0.877,1.18e+04,1,1,
n62,n133,263,335,28.1,28.1,39.0,39.0,2.930e-05,3.950e-01,4.13,0.825,1.11e+04,0,0,
n62,n14,263,319,62.7,62.7,340.0,340.0,1.050e-95,1.410e-91,4.13,1.2,1.62e+04,1,1,
n62,n15,263,301,63.5,63.5,344.0,344.0,7.270e-97,9.790e-93,4.13,1.33,1.8e+04,1,1,
n62,n16,263,262,69.0,69.0,359.0,359.0,1.280e-101,1.720e-97,4.13,0.77,1.03e+04,1,1,
n62,n17,263,314,34.1,34.1,42.0,42.0,4.530e-06,6.090e-02,4.13,1.02,1.37e+04,1,0,lost_in_v12
n62,n18,263,298,50.7,50.7,269.0,269.0,1.740e-74,2.350e-70,4.13,0.845,1.14e+04,1,1,
n62,n19,263,307,47.7,47.7,255.0,255.0,3.400e-70,4.580e-66,4.13,1.01,1.36e+04,1,1,
n62,n2,263,259,69.3,69.3,369.0,369.0,2.110e-104,2.840e-100,4.13,1.3,1.75e+04,1,1,
n62,n20,263,298,45.9,45.9,236.0,236.0,2.140e-64,2.880e-60,4.13,1.21,1.63e+04,1,1,
n62,n21,263,304,52.1,52.1,262.0,262.0,2.130e-72,2.870e-68,4.13,0.808,1.09e+04,1,1,
n62,n22,263,296,63.3,63.3,340.0,340.0,8.040e-96,1.080e-91,4.13,0.922,1.24e+04,1,1,
n62,n23,263,300,63.3,63.3,334.0,334.0,7.520e-94,1.010e-89,4.13,1.35,1.81e+04,1,1,
n62,n24,263,304,65.5,65.5,352.0,352.0,2.040e-99,2.750e-95,4.13,0.958,1.29e+04,1,1,
n62,n25,263,301,62.4,62.4,338.0,338.0,3.060e-95,4.110e-91,4.13,0.877,1.18e+04,1,1,
n62,n26,263,261,62.8,62.8,339.0,339.0,1.790e-95,2.410e-91,4.13,1.03,1.38e+04,1,1,
n62,n27,263,296,63.3,63.3,340.0,340.0,8.040e-96,1.080e-91,4.13,0.922,1.24e+04,1,1,
n62,n28,263,284,59.1,59.1,307.0,307.0,7.540e-86,1.020e-81,4.13,1.01,1.36e+04,1,1,
n62,n29,263,319,63.5,63.5,345.0,345.0,2.500e-97,3.370e-93,4.13,0.918,1.24e+04,1,1,
n62,n30,263,262,63.6,63.6,342.0,342.0,1.620e-96,2.180e-92,4.13,0.743,1e+04,1,1,
n62,n31,263,262,62.8,62.8,339.0,339.0,2.340e-95,3.150e-91,4.13,1.34,1.81e+04,1,1,
n62,n32,263,294,54.4,54.4,292.0,292.0,1.920e-81,2.590e-77,4.13,0.782,1.06e+04,1,1,
n62,n33,263,293,59.0,59.0,305.0,305.0,2.870e-85,3.860e-81,4.13,0.958,1.29e+04,1,1,
n62,n34,263,293,56.7,56.7,294.0,294.0,8.630e-82,1.160e-77,4.13,1.41,1.89e+04,1,1,
n62,n36,263,310,50.0,50.0,250.0,250.0,1.430e-68,1.920e-64,4.13,1.32,1.78e+04,1,1,
n62,n38,263,495,26.5,26.6,76.0,75.0,2.170e-16,4.970e-12,4.36,0.84,9.61e+03,0,0,
n62,n4,263,292,50.0,50.0,260.0,260.0,1.380e-71,1.860e-67,4.13,1.31,1.76e+04,1,1,
n62,n40,263,292,23.5,30.1,17.0,83.0,1.560e+02,2.390e-14,-15.81,1.05,1.18e+04,0,1,gained_in_v12
n62,n41,263,305,50.7,50.7,252.0,252.0,2.880e-69,3.880e-65,4.13,1.07,1.44e+04,1,1,
n62,n42,263,426,41.2,52.6,203.0,283.0,2.000e-54,2.050e-74,-19.99,1.32,1.63e+04,1,1,
n62,n43,263,319,40.7,40.7,191.0,191.0,7.880e-51,1.060e-46,4.13,1.27,1.7e+04,1,1,
n62,n44,263,301,63.5,63.5,344.0,344.0,7.270e-97,9.790e-93,4.13,1.33,1.8e+04,1,1,
n62,n45,263,319,62.7,62.7,340.0,340.0,1.050e-95,1.410e-91,4.13,1.2,1.62e+04,1,1,
n62,n46,263,301,63.5,63.5,344.0,344.0,7.270e-97,9.790e-93,4.13,1.33,1.8e+04,1,1,
n62,n47,263,304,52.1,52.1,262.0,262.0,2.130e-72,2.870e-68,4.13,0.808,1.09e+04,1,1,
n62,n5,263,292,68.2,68.2,365.0,365.0,2.330e-103,3.140e-99,4.13,0.897,1.21e+04,1,1,
n62,n50,263,269,34.7,34.7,134.0,134.0,8.750e-34,1.180e-29,4.13,0.976,1.32e+04,1,1,
n62,n51,263,312,48.5,48.5,248.0,248.0,3.180e-68,4.290e-64,4.13,0.737,9.94e+03,1,1,
n62,n52,263,260,71.7,71.7,387.0,387.0,5.730e-110,7.720e-106,4.13,0.925,1.25e+04,1,1,
n62,n53,263,260,74.8,74.8,404.0,404.0,5.920e-115,7.970e-111,4.13,1.25,1.69e+04,1,1,
n62,n54,263,259,70.2,70.2,375.0,375.0,2.950e-106,3.970e-102,4.13,1.16,1.56e+04,1,1,
n62,n55,263,257,64.1,64.1,339.0,339.0,1.790e-95,2.410e-91,4.13,1.03,1.38e+04,1,1,
n62,n56,263,257,64.7,64.7,341.0,341.0,6.160e-96,8.290e-92,4.13,1.41,1.9e+04,1,1,
n62,n57,263,257,64.7,64.7,341.0,341.0,3.610e-96,4.860e-92,4.13,0.828,1.11e+04,1,1,
n62,n58,263,299,54.8,54.8,282.0,282.0,3.390e-78,4.570e-74,4.13,1.35,1.82e+04,1,1,
n62,n59,263,298,50.4,50.4,257.0,257.0,6.850e-71,9.230e-67,4.13,0.812,1.09e+04,1,1,
n62,n6,263,289,69.0,69.0,375.0,375.0,2.260e-106,3.040e-102,4.13,0.891,1.2e+04,1,1,
n62,n60,263,316,47.8,47.8,240.0,240.0,1.130e-65,1.520e-61,4.13,1.02,1.38e+04,1,1,
n62,n61,263,307,47.7,47.7,243.0,243.0,1.020e-66,1.380e-62,4.13,0.738,9.99e+03,1,1,
n62,n63,263,282,28.4,28.4,90.0,90.0,1.450e-20,1.950e-16,4.13,0.919,1.24e+04,0,0,
n62,n64,263,257,69.6,69.6,376.0,376.0,1.010e-106,1.360e-102,4.13,0.796,1.07e+04,1,1,
n62,n66,263,302,52.2,52.2,270.0,270.0,7.820e-75,1.050e-70,4.13,0.76,1.02e+04,1,1,
n62,n67,263,366,32.4,32.4,129.0,129.0,3.680e-32,4.950e-28,4.13,1.28,1.73e+04,1,1,
n62,n68,263,302,53.7,53.7,278.0,278.0,4.900e-77,6.600e-73,4.13,1.22,1.64e+04,1,1,
n62,n69,263,279,56.0,55.6,292.0,290.0,3.280e-81,1.280e-76,4.59,1.34,1.3e+04,1,1,
n62,n7,263,302,52.3,52.3,275.0,275.0,3.180e-76,4.280e-72,4.13,0.989,1.33e+04,1,1,
n62,n70,263,292,49.6,49.6,268.0,268.0,3.880e-74,5.230e-70,4.13,0.942,1.27e+04,1,1,
n62,n71,263,297,47.3,47.3,242.0,242.0,3.890e-66,5.240e-62,4.13,1.41,1.9e+04,1,1,
n62,n72,263,311,68.8,68.8,372.0,372.0,2.490e-105,3.360e-101,4.13,1.23,1.66e+04,1,1,
n62,n73,263,302,60.7,60.7,330.0,330.0,8.320e-93,1.120e-88,4.13,0.932,1.25e+04,1,1,
n62,n74,263,284,62.5,62.5,330.0,330.0,1.090e-92,1.460e-88,4.13,1.22,1.64e+04,1,1,
n62,n75,263,279,50.4,50.4,250.0,250.0,1.430e-68,1.920e-64,4.13,1.32,1.78e+04,1,1,
n62,n76,263,304,52.6,52.6,275.0,275.0,4.150e-76,5.590e-72,4.13,1.29,1.74e+04,1,1,
n62,n77,263,304,51.9,51.9,272.0,272.0,2.060e-75,2.770e-71,4.13,0.8,1.08e+04,1,1,
n62,n78,263,293,64.6,64.6,348.0,348.0,3.860e-98,5.190e-94,4.13,1.13,1.52e+04,1,1,
n62,n79,263,283,34.4,34.7,134.0,135.0,6.700e-34,6.910e-30,4.01,0.747,1.54e+04,1,1,
n62,n8,263,262,62.7,62.7,339.0,339.0,1.790e-95,2.410e-91,4.13,1.03,1.38e+04,1,1,
n62,n80,263,301,62.4,62.4,339.0,339.0,1.370e-95,1.850e-91,4.13,0.786,1.06e+04,1,1,
n62,n81,263,310,78.2,78.2,429.0,429.0,1.320e-122,1.770e-118,4.13,0.937,1.26e+04,1,1,
n62,n82,263,364,32.6,32.6,127.0,127.0,1.400e-31,1.880e-27,4.13,1.22,1.64e+04,1,1,
n62,n83,263,434,51.2,51.2,264.0,264.0,7.320e-73,9.860e-69,4.13,1.11,1.5e+04,1,1,
n62,n85,263,258,27.1,27.1,36.0,36.0,2.480e-04,3.340e+00,4.13,0.873,1.18e+04,0,0,
n62,n86,263,273,49.1,49.1,247.0,247.0,7.090e-68,9.550e-64,4.13,0.821,1.11e+04,1,1,
n62,n87,263,286,69.6,69.6,363.0,363.0,8.870e-103,1.190e-98,4.13,0.853,1.14e+04,1,1,
n62,n88,263,282,47.3,47.3,234.0,234.0,8.110e-64,1.090e-59,4.13,1.15,1.54e+04,1,1,
n62,n89,263,308,47.7,47.7,246.0,246.0,1.580e-67,2.130e-63,4.13,0.915,1.23e+04,1,1,
n62,n9,263,315,64.8,64.8,354.0,354.0,7.030e-100,9.460e-96,4.13,1.32,1.78e+04,1,1,
n62,n90,263,258,26.2,26.2,61.0,61.0,9.410e-12,1.270e-07,4.13,1.11,1.5e+04,0,0,
n62,n98,263,276,23.2,22.8,31.0,31.0,1.040e-02,1.080e+02,4.02,1.14,1.19e+04,0,0,
n63,n1,282,290,29.5,29.5,113.0,113.0,1.710e-27,2.310e-23,4.13,0.848,1.15e+04,0,0,
n63,n10,282,262,30.2,30.2,98.0,98.0,7.450e-23,1.000e-18,4.13,1.13,1.51e+04,1,1,
n63,n11,282,262,31.1,31.1,105.0,105.0,6.100e-25,8.210e-21,4.13,1.18,1.59e+04,1,1,
n63,n12,282,262,29.8,29.8,98.0,98.0,7.450e-23,1.000e-18,4.13,1.13,1.51e+04,0,0,
n63,n13,282,262,31.1,31.1,103.0,103.0,2.320e-24,3.120e-20,4.13,1.12,1.51e+04,1,1,
n63,n14,282,319,30.5,30.5,105.0,105.0,4.670e-25,6.290e-21,4.13,0.905,1.22e+04,1,1,
n63,n15,282,301,31.2,31.2,111.0,111.0,1.110e-26,1.500e-22,4.13,1.38,1.86e+04,1,1,
n63,n16,282,262,28.1,28.1,96.0,96.0,2.170e-22,2.920e-18,4.13,0.821,1.1e+04,0,0,
n63,n18,282,298,31.4,31.4,134.0,134.0,1.230e-33,1.650e-29,4.13,1.28,1.72e+04,1,1,
n63,n19,282,307,26.1,26.1,92.0,92.0,5.340e-21,7.190e-17,4.13,1.26,1.7e+04,0,0,
n63,n2,282,259,28.8,28.8,105.0,105.0,4.670e-25,6.290e-21,4.13,0.905,1.22e+04,0,0,
n63,n20,282,298,30.5,30.5,91.0,91.0,9.110e-21,1.230e-16,4.13,1.08,1.45e+04,1,1,
n63,n21,282,304,29.6,29.6,114.0,114.0,1.000e-27,1.350e-23,4.13,0.992,1.34e+04,0,0,
n63,n22,282,296,27.8,27.8,97.0,97.0,9.730e-23,1.310e-18,4.13,0.736,9.91e+03,0,0,
n63,n23,282,300,27.5,27.0,96.0,96.0,2.830e-22,3.810e-18,4.13,1.07,1.44e+04,0,0,
n63,n24,282,304,28.1,28.1,96.0,96.0,2.170e-22,2.920e-18,4.13,0.821,1.1e+04,0,0,
n63,n25,282,301,30.1,30.1,104.0,104.0,1.040e-24,1.400e-20,4.13,1.01,1.36e+04,1,1,
n63,n26,282,261,31.1,31.1,105.0,105.0,4.670e-25,6.290e-21,4.13,0.905,1.22e+04,1,1,
n63,n27,282,296,27.8,27.8,97.0,97.0,9.730e-23,1.310e-18,4.13,0.736,9.91e+03,0,0,
n63,n28,282,284,26.3,26.3,92.0,92.0,4.090e-21,5.510e-17,4.13,0.967,1.3e+04,0,0,
n63,n29,282,319,30.1,30.1,103.0,103.0,2.320e-24,3.120e-20,4.13,1.12,1.51e+04,1,1,
n63,n30,282,262,31.1,31.1,105.0,105.0,6.100e-25,8.210e-21,4.13,1.18,1.59e+04,1,1,
n63,n31,282,262,29.8,29.8,98.0,98.0,7.450e-23,1.000e-18,4.13,1.13,1.51e+04,0,0,
n63,n32,282,294,26.8,26.8,91.0,91.0,9.110e-21,1.230e-16,4.13,1.08,1.45e+04,0,0,
n63,n33,282,293,29.7,29.7,97.0,97.0,1.660e-22,2.240e-18,4.13,1.26,1.7e+04,0,0,
n63,n34,282,293,25.5,25.5,84.0,84.0,1.450e-18,1.960e-14,4.13,1.34,1.81e+04,0,0,
n63,n36,282,310,27.0,27.0,91.0,91.0,9.110e-21,1.230e-16,4.13,1.08,1.45e+04,0,0,
n63,n4,282,292,29.0,29.0,113.0,113.0,1.710e-27,2.310e-23,4.13,0.848,1.15e+04,0,0,
n63,n40,282,292,46.9,46.9,255.0,255.0,3.650e-70,4.910e-66,4.13,1.01,1.36e+04,1,1,
n63,n41,282,305,25.3,25.3,88.0,88.0,7.710e-20,1.040e-15,4.13,1.14,1.54e+04,0,0,
n63,n42,282,426,28.9,28.9,121.0,121.0,6.290e-30,8.480e-26,4.13,0.799,1.08e+04,0,0,
n63,n43,282,319,21.8,21.8,65.0,65.0,4.100e-13,5.520e-09,4.13,0.722,9.73e+03,0,0,
n63,n44,282,301,31.2,31.2,111.0,111.0,1.110e-26,1.500e-22,4.13,1.38,1.86e+04,1,1,
n63,n45,282,319,30.5,30.5,105.0,105.0,4.670e-25,6.290e-21,4.13,0.905,1.22e+04,1,1,
n63,n46,282,301,31.2,31.2,111.0,111.0,1.110e-26,1.500e-22,4.13,1.38,1.86e+04,1,1,
n63,n47,282,304,29.6,29.6,114.0,114.0,1.000e-27,1.350e-23,4.13,0.992,1.34e+04,0,0,
n63,n5,282,292,26.9,26.8,91.0,91.0,1.190e-20,1.230e-16,4.01,1.41,1.45e+04,0,0,
n63,n50,282,269,26.3,26.3,83.0,83.0,2.480e-18,3.340e-14,4.13,1.15,1.54e+04,0,0,
n63,n51,282,312,25.4,26.4,91.0,93.0,1.190e-20,2.470e-17,3.32,1.41,1.17e+04,0,0,
n63,n52,282,260,26.4,26.4,89.0,89.0,4.520e-20,6.090e-16,4.13,1.34,1.8e+04,0,0,
n63,n53,282,260,26.8,26.8,93.0,93.0,1.840e-21,2.470e-17,4.13,0.87,1.17e+04,0,0,
n63,n54,282,259,28.4,28.4,104.0,104.0,1.040e-24,1.400e-20,4.13,1.01,1.36e+04,0,0,
n63,n55,282,257,30.9,30.9,100.0,100.0,1.960e-23,2.640e-19,4.13,1.19,1.6e+04,1,1,
n63,n56,282,257,31.1,31.1,102.0,102.0,3.950e-24,5.320e-20,4.13,0.957,1.29e+04,1,1,
n63,n57,282,257,31.4,31.4,102.0,102.0,3.950e-24,5.320e-20,4.13,0.957,1.29e+04,1,1,
n63,n58,282,299,29.6,29.6,96.0,96.0,2.830e-22,3.810e-18,4.13,1.07,1.44e+04,0,0,
n63,n59,282,298,28.6,28.6,114.0,114.0,1.310e-27,1.770e-23,4.13,1.3,1.76e+04,0,0,
n63,n6,282,289,28.9,28.9,96.0,96.0,2.830e-22,3.810e-18,4.13,1.07,1.44e+04,0,0,
n63,n60,282,316,26.6,26.6,92.0,92.0,3.130e-21,4.220e-17,4.13,0.74,9.98e+03,0,0,
n63,n61,282,307,27.6,27.6,104.0,104.0,1.040e-24,1.400e-20,4.13,1.01,1.36e+04,0,0,
n63,n62,282,263,28.4,28.4,90.0,90.0,1.550e-20,2.090e-16,4.13,0.916,1.24e+04,0,0,
n63,n64,282,257,28.0,28.0,94.0,94.0,1.410e-21,1.890e-17,4.13,1.33,1.79e+04,0,0,
n63,n66,282,302,27.8,29.5,107.0,109.0,1.600e-25,5.690e-22,3.55,1.24,1.76e+04,0,0,
n63,n67,282,366,30.3,30.3,101.0,101.0,6.740e-24,9.080e-20,4.13,0.816,1.1e+04,1,1,
n63,n68,282,302,29.8,29.8,108.0,108.0,7.200e-26,9.700e-22,4.13,1.12,1.5e+04,0,0,
n63,n69,282,279,28.6,28.6,118.0,118.0,6.960e-29,9.370e-25,4.13,1.1,1.49e+04,0,0,
n63,n7,282,302,30.7,30.7,108.0,108.0,5.510e-26,7.430e-22,4.13,0.854,1.15e+04,1,1,
n63,n70,282,292,29.9,29.9,126.0,126.0,3.340e-31,4.490e-27,4.13,1.36,1.82e+04,0,0,
n63,n71,282,297,27.7,27.7,106.0,106.0,2.740e-25,3.690e-21,4.13,1.06,1.43e+04,0,0,
n63,n72,282,311,27.2,27.2,96.0,96.0,2.830e-22,3.810e-18,4.13,1.07,1.44e+04,0,0,
n63,n73,282,302,27.1,27.1,92.0,92.0,5.340e-21,7.190e-17,4.13,1.26,1.7e+04,0,0,
n63,n74,282,284,27.5,27.5,93.0,93.0,1.840e-21,2.470e-17,4.13,0.87,1.17e+04,0,0,
n63,n75,282,279,29.5,29.5,104.0,104.0,1.360e-24,1.830e-20,4.13,1.32,1.77e+04,0,0,
n63,n76,282,304,30.4,30.4,104.0,104.0,7.960e-25,1.070e-20,4.13,0.771,1.04e+04,1,1,
n63,n77,282,304,30.1,30.1,103.0,103.0,1.770e-24,2.390e-20,4.13,0.857,1.16e+04,1,1,
n63,n78,282,293,30.7,30.7,104.0,104.0,1.040e-24,1.400e-20,4.13,1.01,1.36e+04,1,1,
n63,n79,282,283,26.6,26.6,77.0,77.0,1.780e-16,2.390e-12,4.13,1.28,1.72e+04,0,0,
n63,n8,282,262,31.1,31.1,105.0,105.0,6.100e-25,8.210e-21,4.13,1.18,1.59e+04,1,1,
n63,n80,282,301,30.8,30.8,106.0,106.0,2.100e-25,2.820e-21,4.13,0.814,1.09e+04,1,1,
n63,n81,282,310,26.6,26.6,94.0,94.0,1.410e-21,1.890e-17,4.13,1.33,1.79e+04,0,0,
n63,n82,282,364,32.1,32.1,102.0,102.0,3.030e-24,4.070e-20,4.13,0.734,9.86e+03,1,1,
n63,n83,282,434,27.1,27.1,100.0,100.0,1.500e-23,2.020e-19,4.13,0.908,1.22e+04,0,0,
n63,n85,282,258,26.0,26.0,33.0,33.0,2.940e-03,3.960e+01,4.13,1.21,1.62e+04,0,0,
n63,n86,282,273,28.1,28.1,102.0,102.0,3.030e-24,4.070e-20,4.13,0.734,9.86e+03,0,0,
n63,n87,282,286,27.6,27.6,94.0,94.0,1.410e-21,1.890e-17,4.13,1.33,1.79e+04,0,0,
n63,n88,282,282,26.2,26.2,99.0,99.0,4.370e-23,5.880e-19,4.13,1.32,1.78e+04,0,0,
n63,n89,282,308,28.4,28.4,114.0,114.0,7.690e-28,1.040e-23,4.13,0.763,1.03e+04,0,0,
n63,n9,282,315,28.1,28.1,101.0,101.0,1.150e-23,1.550e-19,4.13,1.39,1.88e+04,0,0,
n63,n90,282,258,25.4,25.4,64.0,64.0,1.560e-12,2.100e-08,4.13,1.37,1.85e+04,0,0,
n64,n1,257,290,43.9,48.5,215.0,238.0,3.810e-58,5.660e-61,-2.83,1.05,1.31e+04,1,1,
n64,n10,257,262,64.7,64.7,340.0,340.0,7.860e-96,1.060e-91,4.13,0.923,1.24e+04,1,1,
n64,n11,257,262,65.9,65.9,351.0,351.0,4.450e-99,5.990e-95,4.13,1.07,1.44e+04,1,1,
n64,n12,257,262,64.7,64.7,342.0,342.0,2.700e-96,3.640e-92,4.13,1.27,1.71e+04,1,1,
n64,n13,257,262,64.7,64.7,346.0,346.0,1.870e-97,2.520e-93,4.13,1.4,1.89e+04,1,1,
n64,n133,257,335,23.9,23.9,35.0,35.0,5.410e-04,7.280e+00,4.13,0.974,1.31e+04,0,0,
n64,n134,257,352,25.4,25.4,47.0,47.0,1.370e-07,1.850e-03,4.13,1.01,1.36e+04,0,0,
n64,n14,257,319,64.7,64.7,342.0,342.0,2.700e-96,3.640e-92,4.13,1.27,1.71e+04,1,1,
n64,n15,257,301,65.9,65.9,351.0,351.0,4.450e-99,5.990e-95,4.13,1.07,1.44e+04,1,1,
n64,n16,257,262,65.9,65.9,349.0,349.0,1.290e-98,1.740e-94,4.13,0.775,1.05e+04,1,1,
n64,n17,257,314,31.8,31.8,37.0,37.0,1.420e-04,1.920e+00,4.13,1.02,1.38e+04,0,0,
n64,n18,257,298,53.0,53.0,266.0,266.0,1.440e-73,1.940e-69,4.13,0.895,1.21e+04,1,1,
n64,n19,257,307,47.2,47.2,246.0,246.0,1.540e-67,2.080e-63,4.13,0.913,1.23e+04,1,1,
n64,n2,257,259,62.2,62.2,337.0,337.0,8.690e-95,1.170e-90,4.13,1.27,1.72e+04,1,1,
n64,n20,257,298,44.7,44.7,213.0,213.0,1.110e-57,1.490e-53,4.13,0.766,1.03e+04,1,1,
n64,n21,257,304,47.9,47.9,236.0,236.0,2.090e-64,2.810e-60,4.13,1.21,1.63e+04,1,1,
n64,n22,257,296,66.7,66.7,352.0,352.0,2.610e-99,3.510e-95,4.13,1.25,1.69e+04,1,1,
n64,n23,257,300,63.6,63.6,336.0,336.0,1.480e-94,2.000e-90,4.13,1.09,1.47e+04,1,1,
n64,n24,257,304,66.0,66.0,349.0,349.0,1.290e-98,1.740e-94,4.13,0.775,1.05e+04,1,1,
n64,n25,257,301,64.3,64.3,340.0,340.0,7.860e-96,1.060e-91,4.13,0.923,1.24e+04,1,1,
n64,n26,257,261,65.1,65.1,347.0,347.0,4.920e-98,6.630e-94,4.13,0.739,9.96e+03,1,1,
n64,n27,257,296,66.7,66.7,352.0,352.0,2.610e-99,3.510e-95,4.13,1.25,1.69e+04,1,1,
n64,n28,257,284,56.2,56.2,292.0,292.0,1.880e-81,2.530e-77,4.13,0.784,1.05e+04,1,1,
n64,n29,257,319,65.5,65.5,348.0,348.0,3.770e-98,5.070e-94,4.13,1.13,1.52e+04,1,1,
n64,n30,257,262,65.9,65.9,351.0,351.0,4.450e-99,5.990e-95,4.13,1.07,1.44e+04,1,1,
n64,n31,257,262,64.7,64.7,342.0,342.0,2.700e-96,3.640e-92,4.13,1.27,1.71e+04,1,1,
n64,n32,257,294,58.0,57.6,307.0,304.0,9.630e-86,6.430e-81,4.82,1.32,1.1e+04,1,1,
n64,n33,257,293,60.9,60.9,289.0,289.0,2.710e-80,3.650e-76,4.13,1.41,1.9e+04,1,1,
n64,n34,257,293,59.7,59.7,280.0,280.0,7.390e-78,9.950e-74,4.13,0.752,1.01e+04,1,1,
n64,n36,257,310,45.9,49.4,233.0,251.0,1.040e-63,8.440e-65,-1.09,0.752,1.6e+04,1,1,
n64,n38,257,495,27.0,26.9,59.0,59.0,2.680e-11,4.710e-07,4.24,0.81,1.42e+04,0,0,
n64,n4,257,292,48.5,48.5,245.0,245.0,4.490e-67,6.050e-63,4.13,1.33,1.79e+04,1,1,
n64,n40,257,292,29.3,29.3,99.0,99.0,3.980e-23,5.360e-19,4.13,1.32,1.78e+04,0,0,
n64,n41,257,305,45.7,45.7,228.0,228.0,5.680e-62,7.650e-58,4.13,1.28,1.73e+04,1,1,
n64,n42,257,426,51.3,51.3,265.0,265.0,3.210e-73,4.330e-69,4.13,0.997,1.35e+04,1,1,
n64,n43,257,319,39.9,39.9,188.0,188.0,6.520e-50,8.780e-46,4.13,1.34,1.81e+04,1,1,
n64,n44,257,301,65.9,65.9,351.0,351.0,4.450e-99,5.990e-95,4.13,1.07,1.44e+04,1,1,
n64,n45,257,319,64.7,64.7,342.0,342.0,2.700e-96,3.640e-92,4.13,1.27,1.71e+04,1,1,
n64,n46,257,301,65.9,65.9,351.0,351.0,4.450e-99,5.990e-95,4.13,1.07,1.44e+04,1,1,
n64,n47,257,304,47.9,47.9,236.0,236.0,2.090e-64,2.810e-60,4.13,1.21,1.63e+04,1,1,
n64,n5,257,292,66.8,66.8,357.0,357.0,8.110e-101,1.090e-96,4.13,1.25,1.68e+04,1,1,
n64,n50,257,269,31.5,31.5,119.0,119.0,2.180e-29,2.940e-25,4.13,0.759,1.02e+04,1,1,
n64,n51,257,312,51.9,51.9,260.0,260.0,1.030e-71,1.390e-67,4.13,1,1.35e+04,1,1,
n64,n52,257,260,67.7,67.7,375.0,375.0,2.880e-106,3.880e-102,4.13,1.16,1.56e+04,1,1,
n64,n53,257,260,70.0,70.0,377.0,377.0,5.800e-107,7.810e-103,4.13,0.936,1.26e+04,1,1,
n64,n54,257,259,61.8,61.8,336.0,336.0,1.480e-94,2.000e-90,4.13,1.09,1.47e+04,1,1,
n64,n55,257,257,56.3,56.3,302.0,302.0,2.370e-84,3.190e-80,4.13,1.01,1.36e+04,1,1,
n64,n56,257,257,57.9,57.9,308.0,308.0,4.320e-86,5.820e-82,4.13,1.18,1.59e+04,1,1,
n64,n57,257,257,57.1,57.1,305.0,305.0,2.140e-85,2.890e-81,4.13,0.731,9.87e+03,1,1,
n64,n58,257,299,51.2,51.2,258.0,258.0,3.010e-71,4.050e-67,4.13,0.731,9.83e+03,1,1,
n64,n59,257,298,41.9,45.1,220.0,234.0,9.070e-60,8.180e-60,-0.04,0.801,1.18e+04,1,1,
n64,n6,257,289,68.4,68.4,372.0,372.0,2.440e-105,3.280e-101,4.13,1.23,1.65e+04,1,1,
n64,n60,257,316,47.6,47.6,241.0,241.0,6.490e-66,8.740e-62,4.13,1.2,1.62e+04,1,1,
n64,n61,257,307,48.7,48.7,250.0,250.0,1.400e-68,1.880e-64,4.13,1.33,1.78e+04,1,1,
n64,n62,257,263,69.6,69.6,376.0,376.0,9.890e-107,1.330e-102,4.13,0.798,1.07e+04,1,1,
n64,n63,257,282,28.0,28.0,94.0,94.0,1.280e-21,1.720e-17,4.13,1.33,1.79e+04,0,0,
n64,n66,257,302,48.8,50.9,253.0,263.0,1.650e-69,2.150e-68,1.11,1.25,1.67e+04,1,1,
n64,n67,257,366,31.5,31.5,119.0,119.0,2.180e-29,2.940e-25,4.13,0.759,1.02e+04,1,1,
n64,n68,257,302,51.5,51.5,268.0,268.0,3.790e-74,5.110e-70,4.13,0.942,1.27e+04,1,1,
n64,n69,257,279,53.9,53.9,283.0,283.0,1.140e-78,1.530e-74,4.13,0.928,1.25e+04,1,1,
n64,n7,257,302,47.8,50.2,244.0,256.0,5.870e-67,2.620e-66,0.65,0.87,1.59e+04,1,1,
n64,n70,257,292,48.3,48.3,251.0,251.0,6.270e-69,8.440e-65,4.13,1.19,1.6e+04,1,1,
n64,n71,257,297,44.0,44.0,232.0,232.0,3.010e-63,4.060e-59,4.13,1.09,1.47e+04,1,1,
n64,n72,257,311,63.5,63.5,340.0,340.0,7.860e-96,1.060e-91,4.13,0.923,1.24e+04,1,1,
n64,n73,257,302,57.3,57.3,311.0,311.0,3.910e-87,5.260e-83,4.13,0.855,1.15e+04,1,1,
n64,n74,257,284,66.7,66.7,345.0,345.0,2.440e-97,3.290e-93,4.13,0.916,1.24e+04,1,1,
n64,n75,257,279,49.2,49.2,230.0,230.0,1.500e-62,2.010e-58,4.13,1.36,1.82e+04,1,1,
n64,n76,257,304,46.2,49.3,245.0,254.0,4.490e-67,9.970e-66,1.35,1.33,1.51e+04,1,1,
n64,n77,257,304,50.8,50.8,265.0,265.0,3.210e-73,4.330e-69,4.13,0.997,1.35e+04,1,1,
n64,n78,257,293,61.9,61.9,339.0,339.0,1.340e-95,1.800e-91,4.13,0.786,1.06e+04,1,1,
n64,n79,257,283,32.2,32.2,116.0,116.0,2.410e-28,3.250e-24,4.13,1.05,1.41e+04,1,1,
n64,n8,257,262,65.1,65.1,346.0,346.0,1.100e-97,1.480e-93,4.13,0.826,1.11e+04,1,1,
n64,n80,257,301,64.7,64.7,346.0,346.0,1.870e-97,2.520e-93,4.13,1.4,1.89e+04,1,1,
n64,n81,257,310,73.5,73.5,398.0,398.0,3.170e-113,4.280e-109,4.13,1.07,1.45e+04,1,1,
n64,n82,257,364,32.9,32.9,127.0,127.0,1.050e-31,1.410e-27,4.13,0.936,1.26e+04,1,1,
n64,n83,257,434,50.2,50.2,242.0,242.0,3.800e-66,5.120e-62,4.13,1.41,1.9e+04,1,1,
n64,n85,257,258,30.7,30.7,42.0,42.0,5.780e-06,7.780e-02,4.13,1.33,1.79e+04,1,0,lost_in_v12
n64,n86,257,273,43.3,45.5,223.0,240.0,1.830e-60,1.490e-61,-1.09,1.29,1.38e+04,1,1,
n64,n87,257,286,63.3,63.3,330.0,330.0,8.130e-93,1.090e-88,4.13,0.932,1.25e+04,1,1,
n64,n88,257,282,49.2,49.2,243.0,243.0,1.710e-66,1.350e-62,3.90,1.27,1e+04,1,1,
n64,n89,257,308,47.5,47.5,240.0,240.0,8.470e-66,1.140e-61,4.13,0.784,1.06e+04,1,1,
n64,n9,257,315,67.7,67.7,352.0,352.0,2.000e-99,2.690e-95,4.13,0.961,1.29e+04,1,1,
n64,n90,257,258,29.9,29.9,72.0,72.0,3.060e-15,4.110e-11,4.13,0.757,1.02e+04,0,0,
n65,n11,254,262,28.4,28.4,44.0,44.0,8.810e-07,1.190e-02,4.13,0.822,1.11e+04,0,0,
n65,n12,254,262,27.7,27.7,39.0,39.0,3.700e-05,4.980e-01,4.13,1.08,1.45e+04,0,0,
n65,n13,254,262,28.4,28.4,45.0,45.0,6.740e-07,9.080e-03,4.13,1.26,1.69e+04,0,0,
n65,n133,254,335,26.8,26.8,48.0,48.0,6.100e-08,8.210e-04,4.13,0.91,1.23e+04,0,0,
n65,n134,254,352,26.2,26.2,29.0,29.0,3.830e-02,5.160e+02,4.13,1.09,1.47e+04,0,0,
n65,n14,254,319,27.7,27.7,39.0,39.0,3.700e-05,4.980e-01,4.13,1.08,1.45e+04,0,0,
n65,n15,254,301,28.4,28.4,44.0,44.0,8.810e-07,1.190e-02,4.13,0.822,1.11e+04,0,0,
n65,n16,254,262,31.4,31.4,43.0,43.0,1.960e-06,2.640e-02,4.13,0.914,1.23e+04,1,0,lost_in_v12
n65,n22,254,296,32.3,32.3,41.0,41.0,9.740e-06,1.310e-01,4.13,1.14,1.53e+04,1,0,lost_in_v12
n65,n23,254,300,32.3,32.3,41.0,41.0,9.740e-06,1.310e-01,4.13,1.14,1.53e+04,1,0,lost_in_v12
n65,n25,254,301,27.7,27.7,40.0,40.0,1.660e-05,2.240e-01,4.13,0.968,1.31e+04,0,0,
n65,n26,254,261,28.4,28.4,45.0,45.0,6.740e-07,9.080e-03,4.13,1.26,1.69e+04,0,0,
n65,n27,254,296,32.3,32.3,41.0,41.0,9.740e-06,1.310e-01,4.13,1.14,1.53e+04,1,0,lost_in_v12
n65,n29,254,319,27.6,27.6,40.0,40.0,1.660e-05,2.240e-01,4.13,0.968,1.31e+04,0,0,
n65,n30,254,262,28.4,28.4,44.0,44.0,8.810e-07,1.190e-02,4.13,0.822,1.11e+04,0,0,
n65,n31,254,262,27.7,27.7,39.0,39.0,3.700e-05,4.980e-01,4.13,1.08,1.45e+04,0,0,
n65,n33,254,293,29.3,29.3,39.0,39.0,4.830e-05,6.510e-01,4.13,1.41,1.9e+04,0,0,
n65,n34,254,293,27.3,44.8,35.0,29.0,6.980e-04,5.160e+02,5.87,1.27,1.47e+04,0,0,
n65,n44,254,301,28.4,28.4,44.0,44.0,8.810e-07,1.190e-02,4.13,0.822,1.11e+04,0,0,
n65,n45,254,319,27.7,27.7,39.0,39.0,3.700e-05,4.980e-01,4.13,1.08,1.45e+04,0,0,
n65,n46,254,301,28.4,28.4,44.0,44.0,8.810e-07,1.190e-02,4.13,0.822,1.11e+04,0,0,
n65,n49,254,262,27.1,27.1,45.0,45.0,5.160e-07,6.950e-03,4.13,0.963,1.3e+04,0,0,
n65,n74,254,284,28.4,28.4,42.0,42.0,4.370e-06,5.890e-02,4.13,1.02,1.37e+04,0,0,
n65,n8,254,262,28.4,28.4,44.0,44.0,8.810e-07,1.190e-02,4.13,0.822,1.11e+04,0,0,
n65,n80,254,301,28.4,28.4,45.0,45.0,3.950e-07,5.320e-03,4.13,0.737,9.92e+03,0,0,
n65,n85,254,258,25.6,25.6,42.0,42.0,3.350e-06,4.510e-02,4.13,0.781,1.05e+04,0,0,
n66,n1,302,290,49.5,49.5,282.0,282.0,3.900e-78,5.250e-74,4.13,1.35,1.82e+04,1,1,
n66,n10,302,262,49.8,49.8,257.0,257.0,7.870e-71,1.060e-66,4.13,0.813,1.09e+04,1,1,
n66,n11,302,262,50.2,50.2,263.0,263.0,1.870e-72,2.520e-68,4.13,1.24,1.67e+04,1,1,
n66,n12,302,262,50.2,50.2,267.0,267.0,1.300e-73,1.750e-69,4.13,1.37,1.85e+04,1,1,
n66,n13,302,262,49.8,49.8,260.0,260.0,9.300e-72,1.250e-67,4.13,0.768,1.03e+04,1,1,
n66,n14,302,319,46.8,46.8,271.0,271.0,5.270e-75,7.090e-71,4.13,0.892,1.2e+04,1,1,
n66,n15,302,301,46.8,46.8,268.0,268.0,4.460e-74,6.000e-70,4.13,0.943,1.27e+04,1,1,
n66,n16,302,262,51.9,51.9,268.0,268.0,5.820e-74,7.840e-70,4.13,1.23,1.66e+04,1,1,
n66,n18,302,298,50.0,49.3,304.0,301.0,9.580e-85,6.400e-80,4.82,1.39,1.16e+04,1,1,
n66,n19,302,307,73.7,73.7,462.0,462.0,1.610e-132,2.170e-128,4.13,0.855,1.15e+04,1,1,
n66,n2,302,259,48.3,48.3,243.0,243.0,2.010e-66,2.700e-62,4.13,1.27,1.7e+04,1,1,
n66,n20,302,298,52.9,52.9,319.0,319.0,2.880e-89,3.870e-85,4.13,1.37,1.84e+04,1,1,
n66,n21,302,304,48.5,48.5,274.0,273.0,8.130e-76,2.440e-71,4.48,1.1,1.65e+04,1,1,
n66,n22,302,296,48.3,48.3,275.0,275.0,2.790e-76,3.760e-72,4.13,0.755,1.02e+04,1,1,
n66,n23,302,300,47.2,47.2,268.0,268.0,5.820e-74,7.840e-70,4.13,1.23,1.66e+04,1,1,
n66,n24,302,304,46.2,46.2,264.0,264.0,6.440e-73,8.670e-69,4.13,0.851,1.15e+04,1,1,
n66,n25,302,301,46.5,46.5,270.0,270.0,1.530e-74,2.060e-70,4.13,1.29,1.74e+04,1,1,
n66,n26,302,261,49.8,49.8,261.0,261.0,7.120e-72,9.590e-68,4.13,1.18,1.58e+04,1,1,
n66,n27,302,296,48.3,48.3,275.0,275.0,2.790e-76,3.760e-72,4.13,0.755,1.02e+04,1,1,
n66,n28,302,284,42.1,41.8,227.0,224.0,1.140e-61,1.300e-56,5.06,1.1,1.56e+04,1,1,
n66,n29,302,319,46.8,46.8,270.0,270.0,1.530e-74,2.060e-70,4.13,1.29,1.74e+04,1,1,
n66,n3,302,380,24.8,24.8,38.0,38.0,7.500e-05,1.010e+00,4.13,0.919,1.24e+04,0,0,
n66,n30,302,262,50.2,50.2,263.0,263.0,1.870e-72,2.520e-68,4.13,1.24,1.67e+04,1,1,
n66,n31,302,262,50.2,50.2,267.0,267.0,1.300e-73,1.750e-69,4.13,1.37,1.85e+04,1,1,
n66,n32,302,294,44.0,44.0,242.0,242.0,4.470e-66,6.020e-62,4.13,1.41,1.9e+04,1,1,
n66,n33,302,293,47.2,47.8,252.0,253.0,3.310e-69,2.000e-65,3.78,1.07,1.29e+04,1,1,
n66,n34,302,293,44.8,45.2,236.0,238.0,1.440e-64,6.650e-61,3.66,0.709,1.31e+04,1,1,
n66,n36,302,310,56.5,56.5,369.0,369.0,1.420e-104,1.910e-100,4.13,0.761,1.02e+04,1,1,
n66,n37,302,263,30.1,30.1,40.0,40.0,1.970e-05,2.660e-01,4.13,0.966,1.3e+04,0,0,
n66,n38,302,495,28.8,28.8,76.0,76.0,3.250e-16,4.370e-12,4.13,1.1,1.47e+04,0,0,
n66,n4,302,292,50.8,50.2,293.0,291.0,1.290e-81,8.650e-77,4.83,0.915,1.53e+04,1,1,
n66,n40,302,292,28.2,28.2,101.0,101.0,7.220e-24,9.720e-20,4.13,0.816,1.1e+04,0,0,
n66,n41,302,305,44.1,44.1,260.0,260.0,1.210e-71,1.640e-67,4.13,1,1.35e+04,1,1,
n66,n42,302,426,53.2,53.2,314.0,314.0,7.080e-88,9.540e-84,4.13,1.05,1.42e+04,1,1,
n66,n43,302,319,41.7,45.6,236.0,237.0,1.880e-64,1.480e-60,3.90,0.926,1.46e+04,1,1,
n66,n44,302,301,46.8,46.8,268.0,268.0,4.460e-74,6.000e-70,4.13,0.943,1.27e+04,1,1,
n66,n45,302,319,46.8,46.8,271.0,271.0,5.270e-75,7.090e-71,4.13,0.892,1.2e+04,1,1,
n66,n46,302,301,46.8,46.8,268.0,268.0,4.460e-74,6.000e-70,4.13,0.943,1.27e+04,1,1,
n66,n47,302,304,48.5,48.5,274.0,273.0,8.130e-76,2.440e-71,4.48,1.1,1.65e+04,1,1,
n66,n49,302,262,27.9,27.9,40.0,40.0,1.970e-05,2.660e-01,4.13,0.966,1.3e+04,0,0,
n66,n5,302,292,44.0,44.0,235.0,235.0,3.200e-64,4.310e-60,4.13,0.788,1.06e+04,1,1,
n66,n50,302,269,31.6,31.6,138.0,138.0,9.090e-35,1.220e-30,4.13,1.41,1.9e+04,1,1,
n66,n51,302,312,56.1,56.1,357.0,357.0,7.300e-101,9.830e-97,4.13,0.956,1.29e+04,1,1,
n66,n52,302,260,53.0,53.0,272.0,272.0,2.360e-75,3.180e-71,4.13,0.799,1.08e+04,1,1,
n66,n53,302,260,51.3,51.3,267.0,267.0,9.930e-74,1.340e-69,4.13,1.05,1.42e+04,1,1,
n66,n54,302,259,48.1,48.1,247.0,247.0,1.390e-67,1.870e-63,4.13,1.4,1.89e+04,1,1,
n66,n55,302,257,46.4,46.4,242.0,242.0,3.420e-66,4.610e-62,4.13,1.08,1.45e+04,1,1,
n66,n56,302,257,47.6,47.6,247.0,247.0,1.390e-67,1.870e-63,4.13,1.4,1.89e+04,1,1,
n66,n57,302,257,47.2,47.2,246.0,246.0,1.810e-67,2.440e-63,4.13,0.913,1.23e+04,1,1,
n66,n58,302,299,42.8,42.8,224.0,224.0,7.380e-61,9.940e-57,4.13,0.887,1.2e+04,1,1,
n66,n59,302,298,55.3,55.3,341.0,341.0,7.070e-96,9.520e-92,4.13,1.41,1.9e+04,1,1,
n66,n6,302,289,50.9,50.9,262.0,262.0,2.450e-72,3.290e-68,4.13,0.81,1.09e+04,1,1,
n66,n60,302,316,68.0,68.0,437.0,437.0,5.550e-125,7.470e-121,4.13,0.878,1.18e+04,1,1,
n66,n61,302,307,71.6,71.6,445.0,445.0,3.480e-127,4.680e-123,4.13,1.41,1.9e+04,1,1,
n66,n62,302,263,52.2,52.2,270.0,270.0,8.980e-75,1.210e-70,4.13,0.76,1.02e+04,1,1,
n66,n63,302,282,27.8,29.5,107.0,109.0,1.720e-25,6.090e-22,3.55,1.24,1.76e+04,0,0,
n66,n64,302,257,50.9,50.9,263.0,263.0,1.870e-72,2.520e-68,4.13,1.24,1.67e+04,1,1,
n66,n67,302,366,39.3,39.3,169.0,169.0,3.680e-44,4.960e-40,4.13,1.23,1.66e+04,1,1,
n66,n68,302,302,92.1,92.1,579.0,579.0,1.180e-167,1.590e-163,4.13,1.04,1.4e+04,1,1,
n66,n69,302,279,46.2,46.2,221.0,221.0,6.250e-60,8.420e-56,4.13,0.939,1.27e+04,1,1,
n66,n7,302,302,85.8,85.8,545.0,545.0,2.470e-157,3.320e-153,4.13,1.27,1.71e+04,1,1,
n66,n70,302,292,49.8,49.8,278.0,278.0,4.310e-77,5.800e-73,4.13,0.933,1.26e+04,1,1,
n66,n71,302,297,55.4,55.4,348.0,348.0,3.390e-98,4.570e-94,4.13,0.867,1.17e+04,1,1,
n66,n72,302,311,44.1,44.1,252.0,252.0,3.310e-69,4.450e-65,4.13,1.07,1.44e+04,1,1,
n66,n73,302,302,46.6,46.6,243.0,243.0,2.010e-66,2.700e-62,4.13,1.27,1.7e+04,1,1,
n66,n74,302,284,46.8,47.8,258.0,267.0,4.610e-71,1.340e-69,1.46,0.952,1.42e+04,1,1,
n66,n75,302,279,50.2,50.2,250.0,250.0,1.260e-68,1.690e-64,4.13,1.02,1.36e+04,1,1,
n66,n76,302,304,78.3,78.3,476.0,476.0,8.250e-137,1.110e-132,4.13,0.718,9.66e+03,1,1,
n66,n77,302,304,82.9,82.9,523.0,523.0,5.890e-151,7.930e-147,4.13,0.721,9.71e+03,1,1,
n66,n78,302,293,49.0,49.0,273.0,273.0,1.060e-75,1.430e-71,4.13,0.717,9.68e+03,1,1,
n66,n79,302,283,32.5,32.6,137.0,138.0,1.550e-34,7.180e-31,3.67,1.2,1.12e+04,1,1,
n66,n8,302,262,49.8,49.8,260.0,260.0,1.590e-71,2.140e-67,4.13,1.31,1.77e+04,1,1,
n66,n80,302,301,46.5,46.5,266.0,266.0,2.210e-73,2.980e-69,4.13,1.17,1.58e+04,1,1,
n66,n81,302,310,50.9,50.9,272.0,272.0,2.360e-75,3.180e-71,4.13,0.799,1.08e+04,1,1,
n66,n82,302,364,35.4,35.4,168.0,168.0,4.810e-44,6.470e-40,4.13,0.803,1.08e+04,1,1,
n66,n83,302,434,37.2,37.2,166.0,167.0,2.390e-43,1.880e-39,3.90,0.997,1.57e+04,1,1,
n66,n85,302,258,31.5,27.5,38.0,35.0,7.500e-05,8.550e+00,5.06,0.919,1.31e+04,0,0,
n66,n86,302,273,59.8,59.8,346.0,346.0,2.200e-97,2.960e-93,4.13,1.41,1.89e+04,1,1,
n66,n87,302,286,42.7,42.3,232.0,231.0,2.710e-63,6.230e-59,4.36,0.834,9.59e+03,1,1,
n66,n88,302,282,41.9,42.2,206.0,209.0,2.080e-55,4.320e-52,3.32,0.954,1.58e+04,1,1,
n66,n89,302,308,59.6,61.1,371.0,381.0,6.380e-105,8.300e-104,1.11,1.37,1.82e+04,1,1,
n66,n9,302,315,41.8,41.8,226.0,226.0,1.490e-61,2.000e-57,4.13,0.717,9.62e+03,1,1,
n66,n90,302,258,26.2,26.6,69.0,71.0,3.040e-14,1.080e-10,3.55,0.8,1.14e+04,0,0,
n67,n1,366,290,38.8,38.8,172.0,172.0,4.040e-45,5.430e-41,4.13,0.89,1.2e+04,1,1,
n67,n10,366,262,35.2,35.2,128.0,128.0,8.730e-32,1.180e-27,4.13,1.09,1.48e+04,1,1,
n67,n11,366,262,35.2,35.2,127.0,127.0,1.940e-31,2.620e-27,4.13,1.21,1.64e+04,1,1,
n67,n12,366,262,35.7,35.7,127.0,127.0,1.490e-31,2.000e-27,4.13,0.933,1.25e+04,1,1,
n67,n13,366,262,34.8,34.8,122.0,122.0,3.670e-30,4.940e-26,4.13,0.718,9.66e+03,1,1,
n67,n14,366,319,35.7,35.7,127.0,127.0,1.490e-31,2.000e-27,4.13,0.933,1.25e+04,1,1,
n67,n15,366,301,35.2,35.2,127.0,127.0,1.940e-31,2.620e-27,4.13,1.21,1.64e+04,1,1,
n67,n16,366,262,31.4,31.4,122.0,122.0,4.790e-30,6.450e-26,4.13,0.937,1.26e+04,1,1,
n67,n18,366,298,34.1,34.1,160.0,160.0,2.070e-41,2.790e-37,4.13,1.11,1.5e+04,1,1,
n67,n19,366,307,38.0,38.0,173.0,173.0,2.370e-45,3.190e-41,4.13,1.04,1.41e+04,1,1,
n67,n2,366,259,33.7,33.7,130.0,130.0,1.760e-32,2.370e-28,4.13,0.881,1.19e+04,1,1,
n67,n20,366,298,33.3,33.3,157.0,157.0,1.340e-40,1.810e-36,4.13,0.901,1.22e+04,1,1,
n67,n21,366,304,38.7,38.7,173.0,173.0,3.090e-45,4.160e-41,4.13,1.36,1.83e+04,1,1,
n67,n22,366,296,36.9,36.9,134.0,134.0,1.590e-33,2.140e-29,4.13,1.27,1.71e+04,1,1,
n67,n23,366,300,35.6,35.6,126.0,126.0,2.540e-31,3.420e-27,4.13,0.795,1.07e+04,1,1,
n67,n24,366,304,31.7,31.3,117.0,119.0,1.180e-28,7.130e-25,3.78,0.721,1.74e+04,1,1,
n67,n25,366,301,35.7,35.7,127.0,127.0,1.140e-31,1.530e-27,4.13,0.714,9.58e+03,1,1,
n67,n26,366,261,35.2,35.2,127.0,127.0,1.940e-31,2.620e-27,4.13,1.21,1.64e+04,1,1,
n67,n27,366,296,36.9,36.9,134.0,134.0,1.590e-33,2.140e-29,4.13,1.27,1.71e+04,1,1,
n67,n28,366,284,33.2,33.6,107.0,110.0,1.220e-25,3.310e-22,3.43,0.728,1.58e+04,1,1,
n67,n29,366,319,35.2,35.2,124.0,124.0,9.650e-31,1.300e-26,4.13,0.755,1.02e+04,1,1,
n67,n3,366,380,30.2,30.2,35.0,35.0,1.010e-03,1.350e+01,4.13,1.28,1.71e+04,0,0,
n67,n30,366,262,35.2,35.2,127.0,127.0,1.940e-31,2.620e-27,4.13,1.21,1.64e+04,1,1,
n67,n31,366,262,35.7,35.7,127.0,127.0,1.490e-31,2.000e-27,4.13,0.933,1.25e+04,1,1,
n67,n32,366,294,33.7,33.7,145.0,145.0,6.900e-37,9.290e-33,4.13,1.13,1.52e+04,1,1,
n67,n33,366,293,36.0,36.0,157.0,157.0,1.750e-40,2.360e-36,4.13,1.18,1.59e+04,1,1,
n67,n34,366,293,37.2,37.2,154.0,154.0,8.710e-40,1.170e-35,4.13,0.732,9.83e+03,1,1,
n67,n35,366,456,25.4,28.4,32.0,33.0,8.510e-03,5.150e+01,3.78,1.34,1.63e+04,0,0,
n67,n36,366,310,40.2,40.2,171.0,171.0,6.880e-45,9.270e-41,4.13,0.758,1.02e+04,1,1,
n67,n38,366,495,25.9,25.9,66.0,66.0,4.070e-13,5.480e-09,4.13,1.11,1.49e+04,0,0,
n67,n4,366,292,36.6,36.6,163.0,163.0,1.870e-42,2.520e-38,4.13,0.805,1.08e+04,1,1,
n67,n40,366,292,27.9,27.9,86.0,86.0,3.800e-19,5.120e-15,4.13,1.08,1.46e+04,0,0,
n67,n41,366,305,33.6,33.2,147.0,149.0,1.390e-37,3.770e-34,3.43,0.912,9.9e+03,1,1,
n67,n42,366,426,41.5,41.5,193.0,193.0,2.210e-51,2.970e-47,4.13,1.02,1.37e+04,1,1,
n67,n43,366,319,32.7,32.7,125.0,125.0,7.390e-31,9.950e-27,4.13,1.16,1.56e+04,1,1,
n67,n44,366,301,35.2,35.2,127.0,127.0,1.940e-31,2.620e-27,4.13,1.21,1.64e+04,1,1,
n67,n45,366,319,35.7,35.7,127.0,127.0,1.490e-31,2.000e-27,4.13,0.933,1.25e+04,1,1,
n67,n46,366,301,35.2,35.2,127.0,127.0,1.940e-31,2.620e-27,4.13,1.21,1.64e+04,1,1,
n67,n47,366,304,38.7,38.7,173.0,173.0,3.090e-45,4.160e-41,4.13,1.36,1.83e+04,1,1,
n67,n5,366,292,21.2,32.3,19.0,118.0,5.710e+01,9.310e-25,-25.79,1.1,1.14e+04,0,1,gained_in_v12
n67,n50,366,269,33.2,33.2,138.0,138.0,1.100e-34,1.480e-30,4.13,1.41,1.9e+04,1,1,
n67,n51,366,312,34.9,34.9,154.0,154.0,1.490e-39,2.000e-35,4.13,1.25,1.68e+04,1,1,
n67,n52,366,260,34.3,34.3,131.0,131.0,1.350e-32,1.810e-28,4.13,1.35,1.81e+04,1,1,
n67,n53,366,260,33.6,33.6,132.0,132.0,6.040e-33,8.140e-29,4.13,1.21,1.63e+04,1,1,
n67,n54,366,259,33.7,33.7,131.0,131.0,1.350e-32,1.810e-28,4.13,1.35,1.81e+04,1,1,
n67,n55,366,257,35.7,35.3,128.0,128.0,8.730e-32,1.180e-27,4.13,1.09,1.48e+04,1,1,
n67,n56,366,257,36.1,35.7,130.0,130.0,2.300e-32,3.090e-28,4.13,1.15,1.55e+04,1,1,
n67,n57,366,257,36.1,35.7,131.0,131.0,7.890e-33,1.060e-28,4.13,0.79,1.06e+04,1,1,
n67,n58,366,299,34.1,34.1,138.0,138.0,1.100e-34,1.480e-30,4.13,1.41,1.9e+04,1,1,
n67,n59,366,298,34.0,34.0,161.0,161.0,9.300e-42,1.250e-37,4.13,1,1.34e+04,1,1,
n67,n6,366,289,22.4,34.2,20.0,126.0,3.350e+01,4.470e-27,-27.87,1.29,1.4e+04,0,1,gained_in_v12
n67,n60,366,316,40.2,40.2,185.0,185.0,4.610e-49,6.200e-45,4.13,0.832,1.12e+04,1,1,
n67,n61,366,307,38.6,38.6,175.0,175.0,4.770e-46,6.420e-42,4.13,0.841,1.13e+04,1,1,
n67,n62,366,263,32.4,32.4,129.0,129.0,5.120e-32,6.890e-28,4.13,1.28,1.73e+04,1,1,
n67,n63,366,282,30.3,30.3,101.0,101.0,8.750e-24,1.180e-19,4.13,0.816,1.1e+04,1,1,
n67,n64,366,257,31.5,31.5,119.0,119.0,3.100e-29,4.180e-25,4.13,0.758,1.02e+04,1,1,
n67,n66,366,302,39.3,39.3,169.0,169.0,4.460e-44,6.010e-40,4.13,1.23,1.65e+04,1,1,
n67,n68,366,302,39.3,39.3,171.0,171.0,8.990e-45,1.210e-40,4.13,0.99,1.33e+04,1,1,
n67,n69,366,279,35.1,35.1,131.0,131.0,1.350e-32,1.810e-28,4.13,1.35,1.81e+04,1,1,
n67,n7,366,302,39.0,39.0,171.0,171.0,8.990e-45,1.210e-40,4.13,0.99,1.33e+04,1,1,
n67,n70,366,292,36.3,36.6,169.0,171.0,3.420e-44,9.270e-41,3.43,0.942,1.02e+04,1,1,
n67,n71,366,297,34.6,35.6,172.0,175.0,5.270e-45,8.380e-42,3.20,1.16,1.48e+04,1,1,
n67,n72,366,311,29.8,29.8,101.0,101.0,8.750e-24,1.180e-19,4.13,0.816,1.1e+04,0,0,
n67,n73,366,302,30.3,30.3,130.0,130.0,2.300e-32,3.090e-28,4.13,1.15,1.55e+04,1,1,
n67,n74,366,284,35.0,35.0,128.0,128.0,8.730e-32,1.180e-27,4.13,1.09,1.48e+04,1,1,
n67,n75,366,279,37.6,37.6,147.0,147.0,1.820e-37,2.440e-33,4.13,1.19,1.6e+04,1,1,
n67,n76,366,304,35.7,35.7,163.0,163.0,2.450e-42,3.300e-38,4.13,1.05,1.42e+04,1,1,
n67,n77,366,304,37.3,37.3,165.0,165.0,4.930e-43,6.640e-39,4.13,0.848,1.14e+04,1,1,
n67,n78,366,293,32.1,32.1,127.0,127.0,1.940e-31,2.620e-27,4.13,1.21,1.64e+04,1,1,
n67,n79,366,283,33.9,33.9,140.0,140.0,1.700e-35,2.290e-31,4.13,0.872,1.17e+04,1,1,
n67,n8,366,262,34.6,34.6,127.0,127.0,1.490e-31,2.000e-27,4.13,0.933,1.25e+04,1,1,
n67,n80,366,301,34.8,34.8,122.0,122.0,3.670e-30,4.940e-26,4.13,0.718,9.66e+03,1,1,
n67,n81,366,310,32.0,32.0,127.0,127.0,1.490e-31,2.000e-27,4.13,0.933,1.25e+04,1,1,
n67,n82,366,364,60.8,60.8,474.0,474.0,4.960e-136,6.690e-132,4.13,0.89,1.2e+04,1,1,
n67,n83,366,434,32.5,32.5,123.0,123.0,2.810e-30,3.780e-26,4.13,1.1,1.48e+04,1,1,
n67,n85,366,258,27.3,27.3,34.0,34.0,1.310e-03,1.770e+01,4.13,0.828,1.12e+04,0,0,
n67,n86,366,273,37.5,37.5,169.0,169.0,4.460e-44,6.010e-40,4.13,1.23,1.65e+04,1,1,
n67,n87,366,286,34.9,34.9,127.0,127.0,1.140e-31,1.530e-27,4.13,0.714,9.58e+03,1,1,
n67,n88,366,282,29.1,29.1,109.0,109.0,4.200e-26,5.650e-22,4.13,1,1.35e+04,0,0,
n67,n89,366,308,39.8,39.8,171.0,172.0,6.880e-45,5.430e-41,3.90,0.758,1.2e+04,1,1,
n67,n9,366,315,36.2,36.2,136.0,136.0,3.200e-34,4.320e-30,4.13,1.03,1.38e+04,1,1,
n67,n90,366,258,25.9,25.9,59.0,59.0,6.500e-11,8.760e-07,4.13,1.38,1.86e+04,0,0,
n68,n1,302,290,48.7,50.0,286.0,291.0,2.070e-79,8.650e-77,2.62,1.15,1.53e+04,1,1,
n68,n10,302,262,51.3,51.3,267.0,267.0,1.300e-73,1.750e-69,4.13,1.37,1.85e+04,1,1,
n68,n11,302,262,52.0,52.0,274.0,274.0,6.220e-76,8.380e-72,4.13,0.842,1.13e+04,1,1,
n68,n12,302,262,51.7,51.7,277.0,277.0,1.250e-76,1.690e-72,4.13,1.35,1.83e+04,1,1,
n68,n13,302,262,51.3,51.3,270.0,270.0,8.980e-75,1.210e-70,4.13,0.76,1.02e+04,1,1,
n68,n14,302,319,48.8,49.3,282.0,283.0,2.280e-78,1.800e-74,3.90,0.79,1.25e+04,1,1,
n68,n15,302,301,49.2,49.7,280.0,281.0,1.130e-77,6.850e-74,3.78,0.979,1.19e+04,1,1,
n68,n16,302,262,51.8,51.8,272.0,272.0,2.360e-75,3.180e-71,4.13,0.799,1.08e+04,1,1,
n68,n18,302,298,51.2,51.2,308.0,308.0,3.890e-86,5.240e-82,4.13,0.905,1.22e+04,1,1,
n68,n19,302,307,73.4,73.4,464.0,464.0,5.540e-133,7.460e-129,4.13,1.18,1.58e+04,1,1,
n68,n2,302,259,49.2,49.2,248.0,248.0,4.770e-68,6.430e-64,4.13,0.962,1.3e+04,1,1,
n68,n20,302,298,54.4,54.4,326.0,326.0,1.800e-91,2.430e-87,4.13,1.1,1.48e+04,1,1,
n68,n21,302,304,49.1,48.8,278.0,275.0,3.300e-77,3.760e-72,5.06,0.715,1.02e+04,1,1,
n68,n22,302,296,49.7,49.0,279.0,277.0,2.530e-77,1.290e-72,4.71,1.1,1.4e+04,1,1,
n68,n23,302,300,47.2,47.2,268.0,268.0,4.460e-74,6.000e-70,4.13,0.943,1.27e+04,1,1,
n68,n24,302,304,49.8,49.8,265.0,265.0,3.770e-73,5.080e-69,4.13,0.997,1.34e+04,1,1,
n68,n25,302,301,48.5,49.0,281.0,282.0,6.650e-78,5.250e-74,3.90,1.15,1.82e+04,1,1,
n68,n26,302,261,51.3,51.3,271.0,271.0,6.880e-75,9.260e-71,4.13,1.16,1.57e+04,1,1,
n68,n27,302,296,49.7,49.0,279.0,277.0,2.530e-77,1.290e-72,4.71,1.1,1.4e+04,1,1,
n68,n28,302,284,43.9,43.3,232.0,230.0,3.540e-63,1.810e-58,4.71,1.09,1.39e+04,1,1,
n68,n29,302,319,48.8,49.3,280.0,281.0,1.130e-77,6.850e-74,3.78,0.979,1.19e+04,1,1,
n68,n3,302,380,27.0,27.0,39.0,39.0,3.370e-05,4.540e-01,4.13,0.826,1.11e+04,0,0,
n68,n30,302,262,52.0,52.0,274.0,274.0,6.220e-76,8.380e-72,4.13,0.842,1.13e+04,1,1,
n68,n31,302,262,51.7,51.7,277.0,277.0,1.250e-76,1.690e-72,4.13,1.35,1.83e+04,1,1,
n68,n32,302,294,44.9,45.5,241.0,242.0,5.840e-66,6.020e-62,4.01,0.92,1.9e+04,1,1,
n68,n33,302,293,47.6,48.0,253.0,256.0,1.940e-69,3.080e-66,3.20,1.25,1.59e+04,1,1,
n68,n34,302,293,45.7,46.0,238.0,241.0,4.940e-65,7.860e-62,3.20,0.973,1.24e+04,1,1,
n68,n36,302,310,58.0,58.0,373.0,373.0,9.840e-106,1.330e-101,4.13,0.844,1.14e+04,1,1,
n68,n37,302,263,30.1,30.1,40.0,40.0,1.970e-05,2.660e-01,4.13,0.966,1.3e+04,0,0,
n68,n38,302,495,27.7,27.7,73.0,73.0,2.100e-15,2.830e-11,4.13,0.884,1.19e+04,0,0,
n68,n4,302,292,51.0,50.7,297.0,294.0,8.960e-83,1.020e-77,5.06,1.02,1.45e+04,1,1,
n68,n40,302,292,28.0,28.0,105.0,105.0,5.000e-25,6.730e-21,4.13,0.904,1.22e+04,0,0,
n68,n41,302,305,46.5,46.5,265.0,265.0,2.890e-73,3.890e-69,4.13,0.764,1.03e+04,1,1,
n68,n42,302,426,56.9,56.9,319.0,319.0,1.690e-89,2.270e-85,4.13,0.805,1.08e+04,1,1,
n68,n43,302,319,41.9,43.1,236.0,240.0,1.880e-64,2.290e-61,3.09,0.926,1.8e+04,1,1,
n68,n44,302,301,49.2,49.7,280.0,281.0,1.130e-77,6.850e-74,3.78,0.979,1.19e+04,1,1,
n68,n45,302,319,48.8,49.3,282.0,283.0,2.280e-78,1.800e-74,3.90,0.79,1.25e+04,1,1,
n68,n46,302,301,49.2,49.7,280.0,281.0,1.130e-77,6.850e-74,3.78,0.979,1.19e+04,1,1,
n68,n47,302,304,49.1,48.8,278.0,275.0,3.300e-77,3.760e-72,5.06,0.715,1.02e+04,1,1,
n68,n49,302,262,27.9,27.9,40.0,40.0,1.510e-05,2.040e-01,4.13,0.74,1e+04,0,0,
n68,n5,302,292,45.9,45.9,244.0,244.0,9.000e-67,1.210e-62,4.13,1.13,1.53e+04,1,1,
n68,n50,302,269,31.8,31.8,136.0,136.0,3.450e-34,4.650e-30,4.13,1.34,1.81e+04,1,1,
n68,n51,302,312,57.9,57.9,367.0,367.0,9.210e-104,1.240e-99,4.13,1.23,1.66e+04,1,1,
n68,n52,302,260,52.3,52.3,272.0,272.0,2.360e-75,3.180e-71,4.13,0.799,1.08e+04,1,1,
n68,n53,302,260,50.9,50.9,269.0,269.0,2.610e-74,3.520e-70,4.13,1.1,1.49e+04,1,1,
n68,n54,302,259,49.6,49.6,252.0,252.0,4.320e-69,5.820e-65,4.13,1.39,1.88e+04,1,1,
n68,n55,302,257,47.3,47.3,247.0,247.0,1.390e-67,1.870e-63,4.13,1.4,1.89e+04,1,1,
n68,n56,302,257,48.1,48.1,250.0,250.0,1.640e-68,2.210e-64,4.13,1.32,1.78e+04,1,1,
n68,n57,302,257,47.7,47.7,249.0,249.0,2.140e-68,2.890e-64,4.13,0.863,1.17e+04,1,1,
n68,n58,302,299,41.7,41.7,225.0,225.0,4.330e-61,5.830e-57,4.13,1.04,1.4e+04,1,1,
n68,n59,302,298,54.1,54.1,337.0,337.0,1.020e-94,1.370e-90,4.13,1.27,1.71e+04,1,1,
n68,n6,302,289,50.8,50.5,272.0,268.0,4.030e-75,4.600e-70,5.06,1.36,9.73e+03,1,1,
n68,n60,302,316,66.8,66.8,428.0,428.0,4.400e-122,5.920e-118,4.13,1.36,1.83e+04,1,1,
n68,n61,302,307,71.3,71.3,439.0,439.0,1.120e-125,1.510e-121,4.13,0.709,9.56e+03,1,1,
n68,n62,302,263,54.0,54.0,277.0,277.0,7.350e-77,9.900e-73,4.13,0.796,1.07e+04,1,1,
n68,n63,302,282,29.8,29.8,108.0,108.0,7.710e-26,1.040e-21,4.13,1.12,1.51e+04,0,0,
n68,n64,302,257,51.5,51.5,268.0,268.0,4.460e-74,6.000e-70,4.13,0.943,1.27e+04,1,1,
n68,n66,302,302,92.1,92.1,579.0,579.0,1.180e-167,1.590e-163,4.13,1.04,1.4e+04,1,1,
n68,n67,302,366,37.4,39.3,166.0,171.0,1.830e-43,9.990e-41,2.74,0.763,1.33e+04,1,1,
n68,n69,302,279,47.7,47.7,227.0,227.0,1.140e-61,1.530e-57,4.13,1.1,1.47e+04,1,1,
n68,n7,302,302,88.4,88.4,558.0,558.0,2.160e-161,2.900e-157,4.13,0.909,1.22e+04,1,1,
n68,n70,302,292,52.0,52.0,282.0,282.0,3.900e-78,5.250e-74,4.13,1.35,1.82e+04,1,1,
n68,n71,302,297,54.5,54.5,348.0,348.0,4.430e-98,5.960e-94,4.13,1.13,1.52e+04,1,1,
n68,n72,302,311,46.2,46.2,256.0,256.0,1.750e-70,2.360e-66,4.13,0.904,1.22e+04,1,1,
n68,n73,302,302,45.2,45.2,245.0,245.0,3.090e-67,4.170e-63,4.13,0.779,1.05e+04,1,1,
n68,n74,302,284,49.8,49.8,278.0,278.0,4.310e-77,5.800e-73,4.13,0.933,1.26e+04,1,1,
n68,n75,302,279,51.9,51.9,255.0,255.0,5.100e-70,6.870e-66,4.13,1.32,1.77e+04,1,1,
n68,n76,302,304,76.6,76.6,479.0,479.0,1.660e-137,2.240e-133,4.13,1.16,1.56e+04,1,1,
n68,n77,302,304,84.5,84.5,531.0,531.0,3.690e-153,4.970e-149,4.13,1.16,1.56e+04,1,1,
n68,n78,302,293,48.5,48.5,274.0,274.0,6.220e-76,8.380e-72,4.13,0.842,1.13e+04,1,1,
n68,n79,302,283,31.5,31.5,138.0,138.0,5.330e-35,7.180e-31,4.13,0.828,1.12e+04,1,1,
n68,n8,302,262,51.3,51.3,270.0,270.0,1.530e-74,2.060e-70,4.13,1.29,1.74e+04,1,1,
n68,n80,302,301,48.5,49.0,276.0,277.0,1.640e-76,9.900e-73,3.78,0.888,1.07e+04,1,1,
n68,n81,302,310,52.8,52.8,276.0,276.0,2.140e-76,2.880e-72,4.13,1.16,1.56e+04,1,1,
n68,n82,302,364,36.2,36.2,171.0,171.0,7.420e-45,9.990e-41,4.13,0.99,1.33e+04,1,1,
n68,n83,302,434,36.8,36.8,167.0,167.0,1.070e-43,1.440e-39,4.13,0.893,1.2e+04,1,1,
n68,n86,302,273,59.8,59.8,350.0,350.0,1.170e-98,1.570e-94,4.13,1.2,1.61e+04,1,1,
n68,n87,302,286,43.3,42.5,234.0,232.0,7.130e-64,3.650e-59,4.71,0.878,1.12e+04,1,1,
n68,n88,302,282,43.8,44.2,212.0,215.0,3.790e-57,7.880e-54,3.32,1.11,1.85e+04,1,1,
n68,n89,302,308,60.7,60.7,381.0,381.0,6.160e-108,8.300e-104,4.13,1.35,1.82e+04,1,1,
n68,n9,302,315,42.6,42.6,231.0,231.0,4.620e-63,6.230e-59,4.13,0.711,9.59e+03,1,1,
n68,n90,302,258,27.1,27.1,72.0,73.0,3.590e-15,2.830e-11,3.90,0.756,1.19e+04,0,0,
n69,n1,279,290,48.4,48.4,249.0,249.0,1.980e-68,2.670e-64,4.13,0.865,1.17e+04,1,1,
n69,n10,279,262,60.4,60.4,309.0,309.0,1.610e-86,2.170e-82,4.13,0.811,1.09e+04,1,1,
n69,n107,279,318,21.9,23.4,30.0,30.0,1.890e-02,1.950e+02,4.01,0.98,1.01e+04,0,0,
n69,n11,279,262,60.8,60.8,315.0,315.0,2.250e-88,3.030e-84,4.13,0.725,9.76e+03,1,1,
n69,n12,279,262,61.2,61.2,310.0,310.0,1.230e-86,1.660e-82,4.13,1.24,1.67e+04,1,1,
n69,n13,279,262,61.2,61.2,315.0,315.0,2.940e-88,3.960e-84,4.13,0.947,1.28e+04,1,1,
n69,n14,279,319,57.6,57.6,312.0,312.0,2.490e-87,3.350e-83,4.13,1,1.35e+04,1,1,
n69,n15,279,301,56.0,56.8,316.0,319.0,1.320e-88,3.580e-85,3.43,0.851,1.85e+04,1,1,
n69,n16,279,262,53.9,53.9,289.0,289.0,2.940e-80,3.970e-76,4.13,1.41,1.91e+04,1,1,
n69,n17,279,314,24.0,24.0,36.0,36.0,3.440e-04,4.630e+00,4.13,1.14,1.54e+04,0,0,
n69,n18,279,298,45.8,45.9,255.0,259.0,4.710e-70,3.370e-67,2.85,1.32,1.51e+04,1,1,
n69,n19,279,307,40.8,40.8,221.0,221.0,4.420e-60,5.950e-56,4.13,0.719,9.68e+03,1,1,
n69,n2,279,259,50.8,50.8,257.0,257.0,7.270e-71,9.790e-67,4.13,0.813,1.09e+04,1,1,
n69,n20,279,298,45.2,45.2,214.0,214.0,7.060e-58,9.510e-54,4.13,0.897,1.21e+04,1,1,
n69,n21,279,304,47.4,47.4,245.0,245.0,3.730e-67,5.030e-63,4.13,1.02,1.37e+04,1,1,
n69,n22,279,296,55.4,55.4,304.0,304.0,6.770e-85,9.120e-81,4.13,1.07,1.43e+04,1,1,
n69,n23,279,300,53.4,54.8,296.0,298.0,1.840e-82,5.010e-79,3.44,1.13,1.23e+04,1,1,
n69,n24,279,304,50.4,50.4,274.0,274.0,5.750e-76,7.740e-72,4.13,0.842,1.13e+04,1,1,
n69,n25,279,301,57.6,57.6,313.0,313.0,1.120e-87,1.500e-83,4.13,0.902,1.21e+04,1,1,
n69,n26,279,261,60.4,60.4,314.0,314.0,6.550e-88,8.810e-84,4.13,1.06,1.42e+04,1,1,
n69,n27,279,296,55.4,55.4,304.0,304.0,6.770e-85,9.120e-81,4.13,1.07,1.43e+04,1,1,
n69,n28,279,284,48.6,48.6,234.0,234.0,6.590e-64,8.880e-60,4.13,0.878,1.18e+04,1,1,
n69,n29,279,319,56.0,56.8,315.0,317.0,3.840e-88,1.040e-84,3.43,1.24,1.34e+04,1,1,
n69,n3,279,380,22.2,22.2,29.0,29.0,3.220e-02,4.340e+02,4.13,0.834,1.12e+04,0,0,
n69,n30,279,262,60.8,60.8,315.0,315.0,2.250e-88,3.030e-84,4.13,0.725,9.76e+03,1,1,
n69,n31,279,262,61.2,61.2,310.0,310.0,1.230e-86,1.660e-82,4.13,1.24,1.67e+04,1,1,
n69,n32,279,294,44.7,44.7,241.0,241.0,5.390e-66,7.260e-62,4.13,0.919,1.24e+04,1,1,
n69,n33,279,293,51.2,51.2,272.0,272.0,3.730e-75,5.020e-71,4.13,1.37,1.84e+04,1,1,
n69,n34,279,293,51.9,51.9,268.0,268.0,3.150e-74,4.250e-70,4.13,0.721,9.73e+03,1,1,
n69,n36,279,310,46.6,46.6,229.0,229.0,2.770e-62,3.730e-58,4.13,1.15,1.55e+04,1,1,
n69,n38,279,495,28.4,28.4,81.0,81.0,9.330e-18,1.260e-13,4.13,1.09,1.47e+04,0,0,
n69,n4,279,292,48.3,48.3,265.0,265.0,4.550e-73,6.130e-69,4.13,1.3,1.75e+04,1,1,
n69,n40,279,292,28.6,28.6,98.0,98.0,7.370e-23,9.930e-19,4.13,1.13,1.52e+04,0,0,
n69,n41,279,305,44.4,44.4,213.0,214.0,1.200e-57,1.240e-53,4.01,0.763,1.58e+04,1,1,
n69,n42,279,426,51.0,51.0,269.0,269.0,2.410e-74,3.250e-70,4.13,1.1,1.49e+04,1,1,
n69,n43,279,319,35.6,35.6,178.0,178.0,4.290e-47,5.780e-43,4.13,0.793,1.07e+04,1,1,
n69,n44,279,301,56.0,56.8,316.0,319.0,1.320e-88,3.580e-85,3.43,0.851,1.85e+04,1,1,
n69,n45,279,319,57.6,57.6,312.0,312.0,2.490e-87,3.350e-83,4.13,1,1.35e+04,1,1,
n69,n46,279,301,56.0,56.8,316.0,319.0,1.320e-88,3.580e-85,3.43,0.851,1.85e+04,1,1,
n69,n47,279,304,47.4,47.4,245.0,245.0,3.730e-67,5.030e-63,4.13,1.02,1.37e+04,1,1,
n69,n5,279,292,50.7,50.5,264.0,270.0,5.950e-73,1.460e-70,2.39,0.851,1.34e+04,1,1,
n69,n50,279,269,32.3,32.3,127.0,127.0,1.480e-31,2.000e-27,4.13,1.22,1.64e+04,1,1,
n69,n51,279,312,46.7,46.7,224.0,224.0,6.820e-61,9.190e-57,4.13,0.888,1.2e+04,1,1,
n69,n52,279,260,55.1,55.1,281.0,281.0,6.140e-78,8.270e-74,4.13,1.15,1.55e+04,1,1,
n69,n53,279,260,53.2,53.2,282.0,282.0,2.110e-78,2.840e-74,4.13,0.791,1.07e+04,1,1,
n69,n54,279,259,51.2,51.2,260.0,260.0,1.460e-71,1.970e-67,4.13,1.31,1.76e+04,1,1,
n69,n55,279,257,46.3,46.3,231.0,231.0,5.580e-63,7.510e-59,4.13,0.929,1.25e+04,1,1,
n69,n56,279,257,46.3,46.3,234.0,234.0,6.590e-64,8.880e-60,4.13,0.878,1.18e+04,1,1,
n69,n57,279,257,45.9,46.3,231.0,232.0,7.290e-63,3.370e-59,3.66,1.21,1.12e+04,1,1,
n69,n58,279,299,43.8,43.8,211.0,211.0,5.980e-57,8.050e-53,4.13,0.95,1.28e+04,1,1,
n69,n59,279,298,45.4,45.4,235.0,235.0,2.960e-64,3.980e-60,4.13,0.789,1.06e+04,1,1,
n69,n6,279,289,50.0,50.0,266.0,266.0,1.570e-73,2.110e-69,4.13,0.899,1.21e+04,1,1,
n69,n60,279,316,44.5,44.5,215.0,215.0,5.400e-58,7.280e-54,4.13,1.37,1.85e+04,1,1,
n69,n61,279,307,41.4,41.4,221.0,221.0,4.420e-60,5.950e-56,4.13,0.719,9.68e+03,1,1,
n69,n62,279,263,56.0,55.6,292.0,290.0,3.480e-81,1.360e-76,4.59,1.34,1.31e+04,1,1,
n69,n63,279,282,28.6,28.6,118.0,118.0,6.880e-29,9.270e-25,4.13,1.1,1.49e+04,0,0,
n69,n64,279,257,53.9,53.9,283.0,283.0,9.470e-79,1.280e-74,4.13,0.71,9.6e+03,1,1,
n69,n65,279,254,28.0,28.0,34.0,34.0,1.310e-03,1.760e+01,4.13,1.09,1.46e+04,0,0,
n69,n66,279,302,46.5,46.5,224.0,224.0,8.910e-61,1.200e-56,4.13,1.16,1.56e+04,1,1,
n69,n67,279,366,35.1,35.1,131.0,131.0,1.030e-32,1.380e-28,4.13,1.35,1.81e+04,1,1,
n69,n68,279,302,48.1,48.1,230.0,230.0,1.620e-62,2.190e-58,4.13,1.35,1.82e+04,1,1,
n69,n7,279,302,46.5,46.5,230.0,230.0,1.620e-62,2.190e-58,4.13,1.35,1.82e+04,1,1,
n69,n70,279,292,47.8,47.8,275.0,275.0,4.400e-76,5.930e-72,4.13,1.29,1.74e+04,1,1,
n69,n71,279,297,43.0,43.0,226.0,226.0,2.340e-61,3.160e-57,4.13,1.22,1.64e+04,1,1,
n69,n72,279,311,47.6,47.6,256.0,256.0,1.620e-70,2.180e-66,4.13,0.905,1.22e+04,1,1,
n69,n73,279,302,44.3,45.8,220.0,231.0,1.290e-59,5.750e-59,0.65,1.05,9.58e+03,1,1,
n69,n74,279,284,55.0,55.0,312.0,312.0,3.250e-87,4.370e-83,4.13,1.31,1.76e+04,1,1,
n69,n75,279,279,45.8,45.8,240.0,240.0,1.570e-65,2.110e-61,4.13,1.34,1.8e+04,1,1,
n69,n76,279,304,42.9,42.9,221.0,221.0,7.540e-60,1.020e-55,4.13,1.23,1.66e+04,1,1,
n69,n77,279,304,46.5,46.5,226.0,226.0,1.370e-61,1.850e-57,4.13,0.713,9.63e+03,1,1,
n69,n78,279,293,48.0,49.5,264.0,272.0,7.770e-73,3.840e-71,1.69,1.11,1.41e+04,1,1,
n69,n79,279,283,33.2,33.2,120.0,120.0,1.390e-29,1.870e-25,4.13,0.892,1.2e+04,1,1,
n69,n8,279,262,58.5,58.5,311.0,311.0,4.240e-87,5.710e-83,4.13,0.854,1.15e+04,1,1,
n69,n80,279,301,56.3,57.2,317.0,319.0,1.010e-88,2.740e-85,3.43,1.3,1.41e+04,1,1,
n69,n81,279,310,51.0,56.2,289.0,305.0,2.940e-80,4.090e-81,-0.86,1.41,1.29e+04,1,1,
n69,n82,279,364,33.5,33.5,125.0,125.0,4.310e-31,5.810e-27,4.13,0.885,1.19e+04,1,1,
n69,n83,279,434,41.0,40.2,183.0,186.0,1.330e-48,2.120e-45,3.20,0.787,1e+04,1,1,
n69,n86,279,273,46.4,46.4,236.0,236.0,1.730e-64,2.340e-60,4.13,0.922,1.25e+04,1,1,
n69,n87,279,286,51.6,51.6,258.0,258.0,4.260e-71,5.740e-67,4.13,0.952,1.28e+04,1,1,
n69,n88,279,282,56.6,56.6,311.0,311.0,4.240e-87,5.710e-83,4.13,0.854,1.15e+04,1,1,
n69,n89,279,308,46.4,46.4,225.0,225.0,4.000e-61,5.390e-57,4.13,1.04,1.4e+04,1,1,
n69,n9,279,315,51.1,51.1,273.0,273.0,9.800e-76,1.320e-71,4.13,0.718,9.67e+03,1,1,
n69,n90,279,258,25.5,25.5,76.0,76.0,2.300e-16,3.090e-12,4.13,0.839,1.13e+04,0,0,
n7,n1,302,290,50.9,50.9,283.0,283.0,1.750e-78,2.360e-74,4.13,1.21,1.64e+04,1,1,
n7,n10,302,262,51.5,51.5,264.0,264.0,6.440e-73,8.670e-69,4.13,0.851,1.15e+04,1,1,
n7,n11,302,262,52.2,52.2,270.0,270.0,1.530e-74,2.060e-70,4.13,1.29,1.74e+04,1,1,
n7,n12,302,262,51.9,51.9,270.0,270.0,1.170e-74,1.580e-70,4.13,0.99,1.34e+04,1,1,
n7,n13,302,262,51.5,51.5,265.0,265.0,4.930e-73,6.640e-69,4.13,1.3,1.76e+04,1,1,
n7,n14,302,319,49.0,49.0,275.0,275.0,3.650e-76,4.910e-72,4.13,0.988,1.33e+04,1,1,
n7,n15,302,301,49.4,49.4,275.0,275.0,2.790e-76,3.760e-72,4.13,0.755,1.02e+04,1,1,
n7,n16,302,262,50.0,50.0,260.0,260.0,1.210e-71,1.640e-67,4.13,1,1.35e+04,1,1,
n7,n18,302,298,49.3,49.3,295.0,295.0,3.410e-82,4.590e-78,4.13,0.968,1.3e+04,1,1,
n7,n19,302,307,74.4,74.4,476.0,476.0,1.410e-136,1.900e-132,4.13,1.23,1.65e+04,1,1,
n7,n2,302,259,47.6,47.6,244.0,244.0,6.890e-67,9.280e-63,4.13,0.869,1.17e+04,1,1,
n7,n20,302,298,54.3,54.3,324.0,324.0,6.850e-91,9.220e-87,4.13,1.04,1.41e+04,1,1,
n7,n21,302,304,49.7,49.7,271.0,271.0,6.880e-75,9.260e-71,4.13,1.16,1.57e+04,1,1,
n7,n22,302,296,47.0,47.0,264.0,264.0,8.410e-73,1.130e-68,4.13,1.11,1.49e+04,1,1,
n7,n23,302,300,47.8,47.8,266.0,266.0,2.210e-73,2.280e-69,4.01,1.17,1.21e+04,1,1,
n7,n24,302,304,48.9,48.9,262.0,262.0,4.170e-72,5.620e-68,4.13,1.38,1.86e+04,1,1,
n7,n25,302,301,48.7,48.7,274.0,274.0,8.130e-76,1.090e-71,4.13,1.1,1.48e+04,1,1,
n7,n26,302,261,51.5,51.5,266.0,266.0,1.690e-73,2.280e-69,4.13,0.894,1.21e+04,1,1,
n7,n27,302,296,47.0,47.0,264.0,264.0,8.410e-73,1.130e-68,4.13,1.11,1.49e+04,1,1,
n7,n28,302,284,40.6,40.6,211.0,211.0,8.450e-57,1.140e-52,4.13,1.24,1.67e+04,1,1,
n7,n29,302,319,49.0,49.0,273.0,273.0,1.060e-75,1.430e-71,4.13,0.717,9.68e+03,1,1,
n7,n3,302,380,27.9,27.9,39.0,39.0,3.370e-05,4.540e-01,4.13,0.826,1.11e+04,0,0,
n7,n30,302,262,52.2,52.2,270.0,270.0,1.530e-74,2.060e-70,4.13,1.29,1.74e+04,1,1,
n7,n31,302,262,51.9,51.9,270.0,270.0,1.170e-74,1.580e-70,4.13,0.99,1.34e+04,1,1,
n7,n32,302,294,44.3,44.3,228.0,228.0,5.110e-62,6.890e-58,4.13,0.983,1.33e+04,1,1,
n7,n33,302,293,46.6,46.6,248.0,248.0,4.770e-68,6.430e-64,4.13,0.962,1.3e+04,1,1,
n7,n34,302,293,44.5,44.5,234.0,234.0,7.130e-64,9.610e-60,4.13,0.878,1.18e+04,1,1,
n7,n35,302,456,26.2,26.2,37.0,37.0,1.280e-04,1.720e+00,4.13,0.785,1.05e+04,0,0,
n7,n36,302,310,55.5,55.5,364.0,364.0,4.570e-103,6.160e-99,4.13,0.766,1.03e+04,1,1,
n7,n38,302,495,27.6,27.6,80.0,80.0,2.250e-17,3.030e-13,4.13,1.21,1.63e+04,0,0,
n7,n4,302,292,50.7,50.7,291.0,291.0,4.920e-81,6.620e-77,4.13,0.873,1.17e+04,1,1,
n7,n40,302,292,28.2,27.9,91.0,104.0,7.470e-21,1.500e-20,0.30,0.825,1.36e+04,0,0,
n7,n41,302,305,46.8,46.8,261.0,261.0,7.120e-72,9.590e-68,4.13,1.18,1.58e+04,1,1,
n7,n42,302,426,53.5,53.5,303.0,303.0,1.250e-84,1.680e-80,4.13,0.908,1.22e+04,1,1,
n7,n43,302,319,41.1,42.6,227.0,232.0,8.720e-62,3.650e-59,2.62,0.839,1.12e+04,1,1,
n7,n44,302,301,49.4,49.4,275.0,275.0,2.790e-76,3.760e-72,4.13,0.755,1.02e+04,1,1,
n7,n45,302,319,49.0,49.0,275.0,275.0,3.650e-76,4.910e-72,4.13,0.988,1.33e+04,1,1,
n7,n46,302,301,49.4,49.4,275.0,275.0,2.790e-76,3.760e-72,4.13,0.755,1.02e+04,1,1,
n7,n47,302,304,49.7,49.7,271.0,271.0,6.880e-75,9.260e-71,4.13,1.16,1.57e+04,1,1,
n7,n5,302,292,45.0,46.6,240.0,245.0,1.300e-65,4.170e-63,2.51,1.02,1.05e+04,1,1,
n7,n50,302,269,32.7,32.7,144.0,144.0,7.430e-37,1.000e-32,4.13,0.739,9.94e+03,1,1,
n7,n51,302,312,56.6,56.6,354.0,356.0,6.180e-100,2.860e-96,3.67,1.01,1.87e+04,1,1,
n7,n52,302,260,49.4,49.4,258.0,258.0,6.030e-71,8.110e-67,4.13,1.25,1.68e+04,1,1,
n7,n53,302,260,48.5,48.5,256.0,256.0,2.290e-70,3.080e-66,4.13,1.18,1.59e+04,1,1,
n7,n54,302,259,48.1,48.1,248.0,248.0,6.240e-68,8.400e-64,4.13,1.26,1.69e+04,1,1,
n7,n55,302,257,47.7,47.7,250.0,250.0,1.640e-68,2.210e-64,4.13,1.32,1.78e+04,1,1,
n7,n56,302,257,48.5,48.5,252.0,252.0,2.530e-69,3.410e-65,4.13,0.816,1.1e+04,1,1,
n7,n57,302,257,48.1,48.1,252.0,252.0,2.530e-69,3.410e-65,4.13,0.816,1.1e+04,1,1,
n7,n58,302,299,41.8,41.8,218.0,218.0,5.290e-59,7.130e-55,4.13,0.994,1.34e+04,1,1,
n7,n59,302,298,53.0,53.0,337.0,337.0,7.820e-95,1.050e-90,4.13,0.976,1.31e+04,1,1,
n7,n6,302,289,48.3,48.3,262.0,262.0,3.200e-72,4.300e-68,4.13,1.06,1.42e+04,1,1,
n7,n60,302,316,64.6,64.6,416.0,416.0,1.320e-118,1.780e-114,4.13,0.996,1.34e+04,1,1,
n7,n61,302,307,65.9,66.3,429.0,429.0,1.970e-122,2.660e-118,4.13,1.22,1.64e+04,1,1,
n7,n62,302,263,52.3,52.3,275.0,275.0,3.650e-76,4.910e-72,4.13,0.988,1.33e+04,1,1,
n7,n63,302,282,30.7,30.7,108.0,108.0,5.900e-26,7.950e-22,4.13,0.854,1.15e+04,1,1,
n7,n64,302,257,50.2,50.2,256.0,256.0,2.290e-70,3.080e-66,4.13,1.18,1.59e+04,1,1,
n7,n66,302,302,85.8,85.8,545.0,545.0,2.470e-157,3.320e-153,4.13,1.27,1.71e+04,1,1,
n7,n67,302,366,39.0,39.0,171.0,171.0,7.420e-45,9.990e-41,4.13,0.99,1.33e+04,1,1,
n7,n68,302,302,88.4,88.4,558.0,558.0,2.160e-161,2.900e-157,4.13,0.909,1.22e+04,1,1,
n7,n69,302,279,46.1,46.1,227.0,227.0,1.140e-61,1.530e-57,4.13,1.1,1.47e+04,1,1,
n7,n70,302,292,50.9,50.9,281.0,281.0,5.090e-78,6.850e-74,4.13,0.882,1.19e+04,1,1,
n7,n71,302,297,55.6,53.5,331.0,341.0,4.290e-93,9.520e-92,1.35,0.837,1.9e+04,1,1,
n7,n72,302,311,45.1,45.1,256.0,256.0,2.290e-70,3.080e-66,4.13,1.18,1.59e+04,1,1,
n7,n73,302,302,44.3,44.3,232.0,232.0,3.540e-63,4.770e-59,4.13,1.09,1.47e+04,1,1,
n7,n74,302,284,49.1,49.1,267.0,267.0,7.600e-74,1.020e-69,4.13,0.804,1.08e+04,1,1,
n7,n75,302,279,48.9,48.9,257.0,257.0,1.030e-70,1.380e-66,4.13,1.06,1.43e+04,1,1,
n7,n76,302,304,76.8,76.8,478.0,478.0,3.700e-137,4.990e-133,4.13,1.29,1.74e+04,1,1,
n7,n77,302,304,85.9,85.9,538.0,538.0,2.310e-155,3.110e-151,4.13,0.927,1.25e+04,1,1,
n7,n78,302,293,48.2,48.2,267.0,267.0,9.930e-74,1.340e-69,4.13,1.05,1.42e+04,1,1,
n7,n79,302,283,31.9,31.9,146.0,146.0,1.960e-37,2.630e-33,4.13,0.78,1.05e+04,1,1,
n7,n8,302,262,51.5,51.5,265.0,265.0,3.770e-73,5.080e-69,4.13,0.997,1.34e+04,1,1,
n7,n80,302,301,48.7,48.7,270.0,270.0,8.980e-75,1.210e-70,4.13,0.76,1.02e+04,1,1,
n7,n81,302,310,46.6,46.6,260.0,260.0,9.300e-72,1.250e-67,4.13,0.768,1.03e+04,1,1,
n7,n82,302,364,36.5,36.5,168.0,168.0,4.810e-44,6.470e-40,4.13,0.803,1.08e+04,1,1,
n7,n83,302,434,38.0,38.0,176.0,176.0,1.770e-46,2.380e-42,4.13,0.756,1.02e+04,1,1,
n7,n85,302,258,31.6,27.5,37.0,33.0,1.670e-04,2.490e+01,5.17,1.02,9.54e+03,0,0,
n7,n86,302,273,57.9,57.9,342.0,342.0,1.860e-96,2.510e-92,4.13,0.743,1e+04,1,1,
n7,n87,302,286,42.4,42.4,230.0,230.0,1.350e-62,1.810e-58,4.13,1.04,1.39e+04,1,1,
n7,n88,302,282,42.6,43.0,204.0,206.0,1.030e-54,2.150e-51,3.32,1.18,9.86e+03,1,1,
n7,n89,302,308,61.1,61.1,384.0,384.0,5.570e-109,7.510e-105,4.13,0.979,1.32e+04,1,1,
n7,n9,302,315,43.4,43.4,232.0,232.0,2.710e-63,3.650e-59,4.13,0.834,1.12e+04,1,1,
n7,n90,302,258,28.3,28.7,75.0,77.0,5.540e-16,2.560e-12,3.66,0.933,1.73e+04,0,0,
n70,n1,292,290,51.0,51.0,282.0,282.0,2.880e-78,3.890e-74,4.13,1.03,1.39e+04,1,1,
n70,n10,292,262,48.0,48.0,258.0,258.0,3.420e-71,4.600e-67,4.13,0.731,9.83e+03,1,1,
n70,n11,292,262,49.1,49.1,266.0,266.0,2.140e-73,2.880e-69,4.13,1.17,1.57e+04,1,1,
n70,n12,292,262,48.7,48.7,263.0,263.0,1.390e-72,1.870e-68,4.13,0.95,1.28e+04,1,1,
n70,n127,292,433,22.5,23.1,23.0,30.0,1.850e+00,2.660e+02,2.16,0.716,1.32e+04,0,0,
n70,n13,292,262,49.8,49.8,269.0,269.0,2.530e-74,3.400e-70,4.13,1.11,1.49e+04,1,1,
n70,n133,292,335,23.9,23.9,35.0,35.0,4.700e-04,6.330e+00,4.13,0.745,1e+04,0,0,
n70,n14,292,319,47.6,47.6,271.0,271.0,5.090e-75,6.860e-71,4.13,0.891,1.2e+04,1,1,
n70,n15,292,301,47.9,47.9,274.0,274.0,7.860e-76,1.060e-71,4.13,1.1,1.48e+04,1,1,
n70,n16,292,262,49.4,49.4,258.0,258.0,3.420e-71,4.600e-67,4.13,0.731,9.83e+03,1,1,
n70,n18,292,298,49.2,49.2,283.0,283.0,1.690e-78,2.280e-74,4.13,1.21,1.63e+04,1,1,
n70,n19,292,307,44.7,44.7,264.0,263.0,8.130e-73,1.430e-68,4.25,1.11,9.78e+03,1,1,
n70,n2,292,259,48.3,48.3,253.0,253.0,1.870e-69,2.520e-65,4.13,1.25,1.68e+04,1,1,
n70,n20,292,298,47.0,47.0,242.0,242.0,4.320e-66,5.820e-62,4.13,1.41,1.9e+04,1,1,
n70,n21,292,304,52.3,52.3,275.0,275.0,4.610e-76,6.200e-72,4.13,1.29,1.74e+04,1,1,
n70,n22,292,296,51.1,51.1,286.0,286.0,2.000e-79,2.690e-75,4.13,1.15,1.54e+04,1,1,
n70,n23,292,300,49.5,49.5,277.0,277.0,1.210e-76,1.630e-72,4.13,1.36,1.83e+04,1,1,
n70,n24,292,304,45.8,45.8,248.0,248.0,3.530e-68,4.760e-64,4.13,0.736,9.93e+03,1,1,
n70,n25,292,301,47.6,47.6,271.0,271.0,6.650e-75,8.960e-71,4.13,1.16,1.57e+04,1,1,
n70,n26,292,261,49.8,49.8,269.0,269.0,1.940e-74,2.610e-70,4.13,0.849,1.14e+04,1,1,
n70,n27,292,296,51.1,51.1,286.0,286.0,2.000e-79,2.690e-75,4.13,1.15,1.54e+04,1,1,
n70,n28,292,284,41.8,41.4,223.0,222.0,1.590e-60,3.650e-56,4.36,0.989,1.13e+04,1,1,
n70,n29,292,319,48.6,48.6,278.0,278.0,5.440e-77,7.330e-73,4.13,1.22,1.64e+04,1,1,
n70,n30,292,262,49.1,49.1,266.0,266.0,2.140e-73,2.880e-69,4.13,1.17,1.57e+04,1,1,
n70,n31,292,262,48.7,48.7,263.0,263.0,1.390e-72,1.870e-68,4.13,0.95,1.28e+04,1,1,
n70,n32,292,294,45.3,45.3,256.0,256.0,1.700e-70,2.280e-66,4.13,0.908,1.22e+04,1,1,
n70,n33,292,293,51.6,51.3,266.0,266.0,1.640e-73,2.210e-69,4.13,0.897,1.21e+04,1,1,
n70,n34,292,293,50.5,50.5,252.0,252.0,2.450e-69,3.300e-65,4.13,0.818,1.1e+04,1,1,
n70,n36,292,310,50.7,50.7,267.0,267.0,1.250e-73,1.690e-69,4.13,1.37,1.85e+04,1,1,
n70,n38,292,495,32.1,32.1,98.0,98.0,7.720e-23,1.040e-18,4.13,1.13,1.52e+04,1,1,
n70,n4,292,292,50.7,50.7,280.0,280.0,1.430e-77,1.930e-73,4.13,1.28,1.73e+04,1,1,
n70,n40,292,292,29.7,29.7,107.0,107.0,1.660e-25,2.240e-21,4.13,1.24,1.68e+04,0,0,
n70,n41,292,305,45.4,45.4,247.0,247.0,1.340e-67,1.810e-63,4.13,1.4,1.89e+04,1,1,
n70,n42,292,426,54.5,54.5,303.0,303.0,1.580e-84,2.130e-80,4.13,1.19,1.6e+04,1,1,
n70,n43,292,319,39.3,39.3,195.0,195.0,4.640e-52,6.250e-48,4.13,1.07,1.45e+04,1,1,
n70,n44,292,301,47.9,47.9,274.0,274.0,7.860e-76,1.060e-71,4.13,1.1,1.48e+04,1,1,
n70,n45,292,319,47.6,47.6,271.0,271.0,5.090e-75,6.860e-71,4.13,0.891,1.2e+04,1,1,
n70,n46,292,301,47.9,47.9,274.0,274.0,7.860e-76,1.060e-71,4.13,1.1,1.48e+04,1,1,
n70,n47,292,304,52.3,52.3,275.0,275.0,4.610e-76,6.200e-72,4.13,1.29,1.74e+04,1,1,
n70,n5,292,292,49.8,50.2,254.0,257.0,6.440e-70,1.340e-66,3.32,0.86,1.43e+04,1,1,
n70,n50,292,269,32.9,32.9,133.0,133.0,1.660e-33,2.230e-29,4.13,0.834,1.12e+04,1,1,
n70,n51,292,312,49.8,49.8,272.0,272.0,2.290e-75,3.080e-71,4.13,0.801,1.08e+04,1,1,
n70,n52,292,260,51.1,51.1,265.0,265.0,3.650e-73,4.910e-69,4.13,0.998,1.34e+04,1,1,
n70,n53,292,260,53.3,53.3,270.0,270.0,1.480e-74,2.000e-70,4.13,1.29,1.75e+04,1,1,
n70,n54,292,259,49.1,49.1,257.0,257.0,9.940e-71,1.340e-66,4.13,1.06,1.43e+04,1,1,
n70,n55,292,257,46.1,46.1,221.0,221.0,6.040e-60,8.140e-56,4.13,0.939,1.27e+04,1,1,
n70,n56,292,257,46.8,46.8,224.0,224.0,7.140e-61,9.610e-57,4.13,0.888,1.19e+04,1,1,
n70,n57,292,257,45.7,45.7,221.0,221.0,6.040e-60,8.140e-56,4.13,0.939,1.27e+04,1,1,
n70,n58,292,299,44.7,44.0,227.0,227.0,8.430e-62,1.140e-57,4.13,0.839,1.13e+04,1,1,
n70,n59,292,298,47.3,47.3,264.0,264.0,8.130e-73,1.090e-68,4.13,1.11,1.49e+04,1,1,
n70,n6,292,289,53.9,53.9,275.0,275.0,2.700e-76,3.640e-72,4.13,0.756,1.02e+04,1,1,
n70,n60,292,316,50.4,50.4,270.0,270.0,1.130e-74,1.530e-70,4.13,0.989,1.34e+04,1,1,
n70,n61,292,307,46.3,46.3,269.0,269.0,2.530e-74,3.400e-70,4.13,1.11,1.49e+04,1,1,
n70,n62,292,263,49.6,49.6,268.0,268.0,4.310e-74,5.810e-70,4.13,0.943,1.27e+04,1,1,
n70,n63,292,282,29.9,29.9,126.0,126.0,3.460e-31,4.650e-27,4.13,1.36,1.82e+04,0,0,
n70,n64,292,257,48.3,48.3,251.0,251.0,7.120e-69,9.590e-65,4.13,1.19,1.6e+04,1,1,
n70,n66,292,302,49.8,49.8,278.0,278.0,4.170e-77,7.330e-73,4.24,0.934,1.64e+04,1,1,
n70,n67,292,366,36.6,36.6,171.0,171.0,5.490e-45,7.400e-41,4.13,0.758,1.02e+04,1,1,
n70,n68,292,302,52.0,52.0,282.0,282.0,3.770e-78,5.070e-74,4.13,1.35,1.82e+04,1,1,
n70,n69,292,279,47.8,47.8,275.0,275.0,4.610e-76,6.200e-72,4.13,1.29,1.74e+04,1,1,
n70,n7,292,302,50.9,50.9,281.0,281.0,6.430e-78,8.650e-74,4.13,1.15,1.55e+04,1,1,
n70,n71,292,297,47.9,47.9,265.0,265.0,3.650e-73,4.910e-69,4.13,0.998,1.34e+04,1,1,
n70,n72,292,311,43.5,43.5,235.0,235.0,3.100e-64,4.170e-60,4.13,0.789,1.06e+04,1,1,
n70,n73,292,302,43.3,43.3,234.0,234.0,6.900e-64,9.290e-60,4.13,0.879,1.18e+04,1,1,
n70,n74,292,284,48.1,49.0,261.0,272.0,5.270e-72,3.080e-71,0.77,0.901,1.08e+04,1,1,
n70,n75,292,279,47.3,47.3,261.0,261.0,5.270e-72,7.100e-68,4.13,0.901,1.21e+04,1,1,
n70,n76,292,304,49.6,49.6,269.0,269.0,1.940e-74,2.610e-70,4.13,0.849,1.14e+04,1,1,
n70,n77,292,304,47.5,47.5,277.0,277.0,9.280e-77,1.250e-72,4.13,1.04,1.4e+04,1,1,
n70,n78,292,293,46.7,46.7,259.0,259.0,2.000e-71,2.700e-67,4.13,0.854,1.15e+04,1,1,
n70,n79,292,283,33.6,33.6,134.0,134.0,1.270e-33,1.710e-29,4.13,1.28,1.72e+04,1,1,
n70,n8,292,262,49.1,49.1,266.0,266.0,1.640e-73,2.210e-69,4.13,0.897,1.21e+04,1,1,
n70,n80,292,301,48.3,48.3,275.0,275.0,2.700e-76,3.640e-72,4.13,0.756,1.02e+04,1,1,
n70,n81,292,310,47.8,47.8,263.0,263.0,1.810e-72,2.440e-68,4.13,1.24,1.67e+04,1,1,
n70,n82,292,364,33.2,33.2,157.0,157.0,1.400e-40,1.880e-36,4.13,1.18,1.58e+04,1,1,
n70,n83,292,434,41.7,40.7,190.0,190.0,1.490e-50,2.620e-46,4.25,1.08,1.9e+04,1,1,
n70,n86,292,273,46.4,47.5,257.0,260.0,7.610e-71,2.060e-67,3.43,0.813,1.76e+04,1,1,
n70,n87,292,286,43.0,43.0,228.0,228.0,4.940e-62,6.660e-58,4.13,0.983,1.32e+04,1,1,
n70,n88,292,282,46.2,46.2,252.0,252.0,2.450e-69,3.300e-65,4.13,0.818,1.1e+04,1,1,
n70,n89,292,308,47.9,47.2,272.0,272.0,2.290e-75,3.080e-71,4.13,0.801,1.08e+04,1,1,
n70,n9,292,315,47.5,47.3,267.0,267.0,9.600e-74,1.690e-69,4.25,1.05,1.85e+04,1,1,
n70,n90,292,258,28.3,28.6,75.0,76.0,4.100e-16,4.230e-12,4.01,0.714,1.47e+04,0,0,
n71,n1,297,290,51.4,51.4,290.0,290.0,1.080e-80,1.450e-76,4.13,0.974,1.31e+04,1,1,
n71,n10,297,262,46.8,46.8,241.0,241.0,5.740e-66,7.730e-62,4.13,0.92,1.24e+04,1,1,
n71,n11,297,262,47.5,47.5,249.0,249.0,2.750e-68,3.710e-64,4.13,1.13,1.52e+04,1,1,
n71,n12,297,262,46.8,46.8,248.0,248.0,3.600e-68,4.840e-64,4.13,0.738,9.93e+03,1,1,
n71,n13,297,262,47.2,47.2,245.0,245.0,3.040e-67,4.100e-63,4.13,0.779,1.05e+04,1,1,
n71,n14,297,319,43.3,44.8,250.0,252.0,1.610e-68,3.350e-65,3.32,1.32,1.1e+04,1,1,
n71,n15,297,301,44.7,44.7,253.0,253.0,1.910e-69,2.570e-65,4.13,1.25,1.69e+04,1,1,
n71,n16,297,262,46.6,46.6,245.0,245.0,3.040e-67,4.100e-63,4.13,0.779,1.05e+04,1,1,
n71,n18,297,298,51.0,51.0,303.0,303.0,1.230e-84,1.660e-80,4.13,0.909,1.23e+04,1,1,
n71,n19,297,307,53.4,52.5,324.0,326.0,8.790e-91,2.390e-87,3.43,1.36,1.48e+04,1,1,
n71,n2,297,259,43.0,43.0,223.0,223.0,1.620e-60,2.180e-56,4.13,0.99,1.33e+04,1,1,
n71,n20,297,298,57.8,57.8,357.0,357.0,5.500e-101,7.400e-97,4.13,0.732,9.85e+03,1,1,
n71,n21,297,304,52.6,52.6,292.0,294.0,2.170e-81,7.690e-78,3.55,0.783,1.11e+04,1,1,
n71,n22,297,296,44.9,44.7,254.0,255.0,6.550e-70,5.170e-66,3.90,0.86,1.36e+04,1,1,
n71,n23,297,300,45.1,45.1,249.0,249.0,2.110e-68,2.840e-64,4.13,0.866,1.16e+04,1,1,
n71,n24,297,304,44.9,44.9,230.0,230.0,1.320e-62,1.780e-58,4.13,1.03,1.39e+04,1,1,
n71,n25,297,301,43.7,45.1,251.0,253.0,7.240e-69,1.510e-65,3.32,1.19,9.91e+03,1,1,
n71,n26,297,261,47.5,47.5,248.0,248.0,4.700e-68,6.320e-64,4.13,0.964,1.3e+04,1,1,
n71,n27,297,296,44.9,44.7,254.0,255.0,6.550e-70,5.170e-66,3.90,0.86,1.36e+04,1,1,
n71,n28,297,284,37.9,37.9,206.0,206.0,2.050e-55,2.760e-51,4.13,0.956,1.29e+04,1,1,
n71,n29,297,319,44.4,44.4,251.0,251.0,5.550e-69,7.470e-65,4.13,0.911,1.23e+04,1,1,
n71,n30,297,262,47.5,47.5,249.0,249.0,2.750e-68,3.710e-64,4.13,1.13,1.52e+04,1,1,
n71,n31,297,262,46.8,46.8,248.0,248.0,3.600e-68,4.840e-64,4.13,0.738,9.93e+03,1,1,
n71,n32,297,294,42.7,42.7,216.0,216.0,1.510e-58,2.040e-54,4.13,0.721,9.74e+03,1,1,
n71,n33,297,293,46.2,46.2,242.0,242.0,2.580e-66,3.470e-62,4.13,0.827,1.11e+04,1,1,
n71,n34,297,293,45.8,45.8,235.0,235.0,5.370e-64,7.230e-60,4.13,1.34,1.81e+04,1,1,
n71,n36,297,310,57.7,57.7,357.0,357.0,5.500e-101,7.400e-97,4.13,0.732,9.85e+03,1,1,
n71,n4,297,292,52.9,52.9,312.0,312.0,2.650e-87,3.570e-83,4.13,1,1.35e+04,1,1,
n71,n40,297,292,25.4,25.4,86.0,86.0,3.090e-19,4.160e-15,4.13,1.08,1.46e+04,0,0,
n71,n41,297,305,44.6,44.6,255.0,255.0,5.020e-70,6.760e-66,4.13,1.32,1.77e+04,1,1,
n71,n42,297,426,52.0,52.0,309.0,309.0,1.720e-86,2.310e-82,4.13,0.813,1.09e+04,1,1,
n71,n43,297,319,48.0,48.0,245.0,245.0,3.970e-67,5.350e-63,4.13,1.02,1.37e+04,1,1,
n71,n44,297,301,44.7,44.7,253.0,253.0,1.910e-69,2.570e-65,4.13,1.25,1.69e+04,1,1,
n71,n45,297,319,43.3,44.8,250.0,252.0,1.610e-68,3.350e-65,3.32,1.32,1.1e+04,1,1,
n71,n46,297,301,44.7,44.7,253.0,253.0,1.910e-69,2.570e-65,4.13,1.25,1.69e+04,1,1,
n71,n47,297,304,52.6,52.6,292.0,294.0,2.170e-81,7.690e-78,3.55,0.783,1.11e+04,1,1,
n71,n49,297,262,24.8,24.8,30.0,30.0,2.620e-02,3.530e+02,4.13,1.28,1.72e+04,0,0,
n71,n5,297,292,48.1,48.1,248.0,248.0,6.130e-68,8.260e-64,4.13,1.26,1.69e+04,1,1,
n71,n50,297,269,29.8,29.8,129.0,129.0,4.150e-32,5.590e-28,4.13,1.28,1.73e+04,0,0,
n71,n51,297,312,60.6,60.6,392.0,392.0,2.010e-111,2.710e-107,4.13,0.919,1.24e+04,1,1,
n71,n52,297,260,47.0,47.0,237.0,237.0,1.080e-64,1.460e-60,4.13,1.08,1.46e+04,1,1,
n71,n53,297,260,47.0,47.0,241.0,241.0,5.740e-66,7.730e-62,4.13,0.92,1.24e+04,1,1,
n71,n54,297,259,43.4,43.4,225.0,225.0,4.260e-61,5.730e-57,4.13,1.04,1.4e+04,1,1,
n71,n55,297,257,45.2,45.2,243.0,243.0,1.510e-66,2.030e-62,4.13,0.968,1.3e+04,1,1,
n71,n56,297,257,45.2,45.2,244.0,244.0,8.860e-67,1.190e-62,4.13,1.14,1.53e+04,1,1,
n71,n57,297,257,45.6,45.6,246.0,246.0,2.330e-67,3.140e-63,4.13,1.19,1.61e+04,1,1,
n71,n58,297,299,39.6,39.6,215.0,215.0,4.400e-58,5.930e-54,4.13,1.05,1.42e+04,1,1,
n71,n59,297,298,80.9,80.9,506.0,506.0,9.570e-146,1.290e-141,4.13,0.909,1.23e+04,1,1,
n71,n6,297,289,46.7,46.7,244.0,244.0,8.860e-67,1.190e-62,4.13,1.14,1.53e+04,1,1,
n71,n60,297,316,57.7,57.7,324.0,324.0,6.730e-91,9.070e-87,4.13,1.04,1.41e+04,1,1,
n71,n61,297,307,55.2,55.2,336.0,336.0,1.710e-94,2.310e-90,4.13,1.09,1.47e+04,1,1,
n71,n62,297,263,47.3,47.3,242.0,242.0,4.390e-66,5.920e-62,4.13,1.41,1.9e+04,1,1,
n71,n63,297,282,27.7,27.7,106.0,106.0,2.880e-25,3.880e-21,4.13,1.06,1.43e+04,0,0,
n71,n64,297,257,44.0,44.0,232.0,232.0,3.480e-63,4.690e-59,4.13,1.09,1.47e+04,1,1,
n71,n66,297,302,55.4,55.4,348.0,348.0,3.330e-98,4.490e-94,4.13,0.866,1.17e+04,1,1,
n71,n67,297,366,35.0,35.6,174.0,175.0,1.130e-45,6.800e-42,3.78,1.23,1.48e+04,1,1,
n71,n68,297,302,54.5,54.5,348.0,348.0,4.350e-98,5.860e-94,4.13,1.13,1.52e+04,1,1,
n71,n69,297,279,43.0,43.0,226.0,226.0,2.500e-61,3.360e-57,4.13,1.22,1.64e+04,1,1,
n71,n7,297,302,52.8,53.5,328.0,341.0,3.570e-92,9.360e-92,0.42,0.885,1.9e+04,1,1,
n71,n70,297,292,47.9,47.9,265.0,265.0,3.710e-73,5.000e-69,4.13,0.997,1.34e+04,1,1,
n71,n72,297,311,40.3,40.3,225.0,225.0,5.560e-61,7.490e-57,4.13,1.36,1.83e+04,1,1,
n71,n73,297,302,43.2,43.2,227.0,227.0,1.120e-61,1.510e-57,4.13,1.1,1.48e+04,1,1,
n71,n74,297,284,44.9,44.9,251.0,251.0,5.550e-69,7.470e-65,4.13,0.911,1.23e+04,1,1,
n71,n75,297,279,49.5,49.5,278.0,278.0,3.240e-77,4.370e-73,4.13,0.714,9.62e+03,1,1,
n71,n76,297,304,53.9,53.9,323.0,323.0,1.500e-90,2.020e-86,4.13,1.16,1.57e+04,1,1,
n71,n77,297,304,55.5,55.5,348.0,348.0,4.350e-98,5.860e-94,4.13,1.13,1.52e+04,1,1,
n71,n78,297,293,41.8,41.8,233.0,233.0,1.200e-63,1.610e-59,4.13,0.751,1.01e+04,1,1,
n71,n79,297,283,29.2,29.2,127.0,127.0,1.580e-31,2.120e-27,4.13,1.22,1.64e+04,0,0,
n71,n8,297,262,46.2,46.2,244.0,244.0,8.860e-67,1.190e-62,4.13,1.14,1.53e+04,1,1,
n71,n80,297,301,44.4,44.4,249.0,249.0,2.110e-68,2.840e-64,4.13,0.866,1.16e+04,1,1,
n71,n81,297,310,48.9,48.9,247.0,247.0,1.050e-67,1.410e-63,4.13,1.08,1.45e+04,1,1,
n71,n82,297,364,34.9,34.9,170.0,170.0,1.240e-44,1.680e-40,4.13,0.841,1.14e+04,1,1,
n71,n83,297,434,38.3,38.3,169.0,169.0,3.620e-44,4.880e-40,4.13,1.23,1.66e+04,1,1,
n71,n85,297,258,43.2,43.2,34.0,34.0,1.390e-03,1.870e+01,4.13,1.08,1.46e+04,0,0,
n71,n86,297,273,86.4,86.4,507.0,507.0,4.290e-146,5.780e-142,4.13,0.815,1.1e+04,1,1,
n71,n87,297,286,37.5,37.5,211.0,211.0,8.310e-57,1.120e-52,4.13,1.24,1.67e+04,1,1,
n71,n88,297,282,44.6,44.6,205.0,206.0,5.950e-55,3.600e-51,3.78,1.39,1.68e+04,1,1,
n71,n89,297,308,56.9,55.9,342.0,352.0,3.120e-96,4.060e-95,1.11,1.27,1.69e+04,1,1,
n71,n9,297,315,41.7,41.7,209.0,209.0,2.420e-56,3.260e-52,4.13,0.903,1.22e+04,1,1,
n71,n90,297,258,25.1,25.4,60.0,63.0,1.810e-11,2.880e-08,3.20,0.946,1.2e+04,0,0,
n72,n1,311,290,44.5,44.5,233.0,233.0,1.250e-63,1.690e-59,4.13,0.747,1.01e+04,1,1,
n72,n10,311,262,59.9,59.9,326.0,326.0,1.860e-91,2.500e-87,4.13,1.1,1.48e+04,1,1,
n72,n11,311,262,61.1,61.1,338.0,338.0,4.720e-95,6.350e-91,4.13,1.14,1.54e+04,1,1,
n72,n12,311,262,61.5,61.5,338.0,338.0,3.610e-95,4.870e-91,4.13,0.875,1.18e+04,1,1,
n72,n13,311,262,60.7,60.7,335.0,335.0,2.340e-94,3.150e-90,4.13,0.709,9.55e+03,1,1,
n72,n14,311,319,58.9,58.9,355.0,355.0,3.730e-100,5.020e-96,4.13,1.19,1.6e+04,1,1,
n72,n15,311,301,58.2,58.7,353.0,356.0,1.090e-99,2.940e-96,3.43,0.866,1.87e+04,1,1,
n72,n16,311,262,67.9,67.9,368.0,368.0,4.260e-104,5.730e-100,4.13,1.11,1.49e+04,1,1,
n72,n17,311,314,29.4,29.4,37.0,37.0,2.250e-04,3.030e+00,4.13,1.34,1.8e+04,0,0,
n72,n18,311,298,47.1,47.9,258.0,258.0,4.750e-71,6.400e-67,4.13,0.953,1.28e+04,1,1,
n72,n19,311,307,44.7,44.7,247.0,247.0,1.100e-67,1.480e-63,4.13,1.08,1.45e+04,1,1,
n72,n2,311,259,64.9,64.9,346.0,346.0,2.260e-97,3.050e-93,4.13,1.4,1.89e+04,1,1,
n72,n20,311,298,41.6,41.6,214.0,214.0,7.870e-58,1.060e-53,4.13,0.897,1.21e+04,1,1,
n72,n21,311,304,45.0,45.0,245.0,245.0,3.190e-67,4.290e-63,4.13,0.781,1.05e+04,1,1,
n72,n22,311,296,58.4,58.6,346.0,352.0,1.730e-97,2.490e-95,2.16,1.07,9.89e+03,1,1,
n72,n23,311,300,59.5,59.5,355.0,355.0,2.860e-100,3.850e-96,4.13,0.909,1.22e+04,1,1,
n72,n24,311,304,62.2,62.2,372.0,372.0,2.260e-105,3.040e-101,4.13,0.941,1.27e+04,1,1,
n72,n25,311,301,58.6,58.6,353.0,353.0,1.420e-99,1.910e-95,4.13,1.13,1.52e+04,1,1,
n72,n26,311,261,60.7,60.7,336.0,336.0,1.790e-94,2.410e-90,4.13,1.09,1.46e+04,1,1,
n72,n27,311,296,58.4,58.6,346.0,352.0,1.730e-97,2.490e-95,2.16,1.07,9.89e+03,1,1,
n72,n28,311,284,57.2,57.2,321.0,321.0,5.970e-90,8.040e-86,4.13,1.1,1.49e+04,1,1,
n72,n29,311,319,59.6,60.1,359.0,362.0,1.510e-101,4.110e-98,3.43,0.768,1.67e+04,1,1,
n72,n3,311,380,25.3,25.3,48.0,48.0,9.750e-08,1.310e-03,4.13,1.19,1.6e+04,0,0,
n72,n30,311,262,61.1,61.1,338.0,338.0,4.720e-95,6.350e-91,4.13,1.14,1.54e+04,1,1,
n72,n31,311,262,61.5,61.5,338.0,338.0,3.610e-95,4.870e-91,4.13,0.875,1.18e+04,1,1,
n72,n32,311,294,54.5,54.5,312.0,312.0,2.770e-87,3.730e-83,4.13,1,1.35e+04,1,1,
n72,n33,311,293,54.5,54.5,294.0,294.0,1.020e-81,1.370e-77,4.13,1.41,1.89e+04,1,1,
n72,n34,311,293,51.0,51.9,272.0,278.0,4.150e-75,7.800e-73,2.27,1.36,1.64e+04,1,1,
n72,n35,311,456,24.5,24.5,45.0,45.0,4.840e-07,6.520e-03,4.13,0.737,9.93e+03,0,0,
n72,n36,311,310,43.1,43.1,231.0,231.0,8.120e-63,1.090e-58,4.13,1.21,1.63e+04,1,1,
n72,n38,311,495,26.8,26.8,65.0,65.0,5.900e-13,7.950e-09,4.13,0.943,1.27e+04,0,0,
n72,n4,311,292,45.8,45.8,242.0,242.0,2.700e-66,3.630e-62,4.13,0.826,1.11e+04,1,1,
n72,n40,311,292,29.6,29.6,100.0,100.0,1.660e-23,2.230e-19,4.13,0.911,1.22e+04,0,0,
n72,n41,311,305,43.4,43.4,215.0,215.0,3.530e-58,4.760e-54,4.13,0.805,1.09e+04,1,1,
n72,n42,311,426,47.6,47.6,247.0,247.0,1.100e-67,1.480e-63,4.13,1.08,1.45e+04,1,1,
n72,n43,311,319,36.1,36.1,188.0,188.0,4.620e-50,6.230e-46,4.13,0.785,1.06e+04,1,1,
n72,n44,311,301,58.2,58.7,353.0,356.0,1.090e-99,2.940e-96,3.43,0.866,1.87e+04,1,1,
n72,n45,311,319,58.9,58.9,355.0,355.0,3.730e-100,5.020e-96,4.13,1.19,1.6e+04,1,1,
n72,n46,311,301,58.2,58.7,353.0,356.0,1.090e-99,2.940e-96,3.43,0.866,1.87e+04,1,1,
n72,n47,311,304,45.0,45.0,245.0,245.0,3.190e-67,4.290e-63,4.13,0.781,1.05e+04,1,1,
n72,n5,311,292,62.7,62.7,361.0,361.0,6.800e-102,9.150e-98,4.13,1.38,1.86e+04,1,1,
n72,n50,311,269,29.4,29.4,104.0,104.0,1.150e-24,1.540e-20,4.13,1.01,1.35e+04,0,0,
n72,n51,311,312,44.3,44.3,239.0,239.0,2.980e-65,4.020e-61,4.13,1.14,1.54e+04,1,1,
n72,n52,311,260,68.6,68.6,372.0,372.0,1.730e-105,2.330e-101,4.13,0.721,9.71e+03,1,1,
n72,n53,311,260,70.9,70.9,380.0,380.0,8.290e-108,1.120e-103,4.13,0.884,1.19e+04,1,1,
n72,n54,311,259,65.3,65.3,346.0,346.0,1.730e-97,2.330e-93,4.13,1.07,1.45e+04,1,1,
n72,n55,311,257,56.2,56.2,292.0,292.0,3.880e-81,5.220e-77,4.13,1.34,1.8e+04,1,1,
n72,n56,311,257,56.4,56.4,293.0,293.0,1.740e-81,2.340e-77,4.13,1.2,1.61e+04,1,1,
n72,n57,311,257,56.8,56.8,293.0,293.0,1.330e-81,1.790e-77,4.13,0.917,1.23e+04,1,1,
n72,n58,311,299,50.0,50.3,273.0,275.0,1.090e-75,6.610e-72,3.78,0.716,1.74e+04,1,1,
n72,n59,311,298,38.9,38.9,223.0,223.0,2.210e-60,2.980e-56,4.13,1.29,1.74e+04,1,1,
n72,n6,311,289,61.5,62.1,354.0,353.0,6.360e-100,1.460e-95,4.36,1.01,1.16e+04,1,1,
n72,n60,311,316,41.3,41.3,231.0,231.0,4.760e-63,6.410e-59,4.13,0.711,9.58e+03,1,1,
n72,n61,311,307,45.3,45.3,240.0,240.0,1.750e-65,2.360e-61,4.13,1.34,1.81e+04,1,1,
n72,n62,311,263,68.8,68.8,372.0,372.0,2.950e-105,3.970e-101,4.13,1.23,1.65e+04,1,1,
n72,n63,311,282,27.2,27.2,96.0,96.0,3.120e-22,4.210e-18,4.13,1.07,1.44e+04,0,0,
n72,n64,311,257,63.9,63.9,342.0,342.0,1.920e-96,2.580e-92,4.13,0.745,1e+04,1,1,
n72,n66,311,302,44.1,44.1,252.0,252.0,3.400e-69,4.590e-65,4.13,1.07,1.44e+04,1,1,
n72,n67,311,366,29.8,29.8,101.0,101.0,7.430e-24,1.000e-19,4.13,0.816,1.1e+04,0,0,
n72,n68,311,302,46.2,46.2,256.0,256.0,1.810e-70,2.430e-66,4.13,0.908,1.22e+04,1,1,
n72,n69,311,279,46.8,47.6,255.0,255.0,4.020e-70,4.150e-66,4.01,1.01,1.04e+04,1,1,
n72,n7,311,302,45.1,45.1,256.0,256.0,2.360e-70,3.180e-66,4.13,1.18,1.59e+04,1,1,
n72,n70,311,292,43.5,43.5,235.0,235.0,3.300e-64,4.440e-60,4.13,0.789,1.06e+04,1,1,
n72,n71,311,297,39.9,39.9,221.0,221.0,4.930e-60,6.640e-56,4.13,0.719,9.69e+03,1,1,
n72,n73,311,302,45.4,55.9,232.0,313.0,3.650e-63,1.680e-83,-20.34,1.09,1.21e+04,1,1,
n72,n74,311,284,60.5,61.5,354.0,358.0,4.870e-100,5.930e-97,3.09,0.774,1.51e+04,1,1,
n72,n75,311,279,43.5,43.5,225.0,225.0,5.820e-61,7.840e-57,4.13,1.36,1.83e+04,1,1,
n72,n76,311,304,45.1,45.9,242.0,256.0,2.700e-66,2.430e-66,-0.05,0.826,1.22e+04,1,1,
n72,n77,311,304,44.8,44.8,252.0,252.0,3.400e-69,4.590e-65,4.13,1.07,1.44e+04,1,1,
n72,n78,311,293,60.4,60.4,355.0,355.0,3.730e-100,5.020e-96,4.13,1.19,1.6e+04,1,1,
n72,n79,311,283,29.5,29.5,104.0,104.0,1.150e-24,1.180e-20,4.01,1.01,1.04e+04,0,0,
n72,n8,311,262,60.8,60.8,336.0,336.0,1.370e-94,1.850e-90,4.13,0.83,1.12e+04,1,1,
n72,n80,311,301,57.9,58.4,351.0,353.0,7.030e-99,1.910e-95,3.43,1.4,1.52e+04,1,1,
n72,n81,311,310,61.7,61.7,368.0,368.0,4.260e-104,5.730e-100,4.13,1.11,1.49e+04,1,1,
n72,n82,311,364,31.2,31.2,111.0,111.0,7.180e-27,9.670e-23,4.13,0.807,1.09e+04,1,1,
n72,n83,311,434,50.2,50.2,261.0,261.0,5.610e-72,7.560e-68,4.13,0.9,1.21e+04,1,1,
n72,n85,311,258,26.5,26.5,38.0,38.0,7.730e-05,1.040e+00,4.13,0.92,1.24e+04,0,0,
n72,n86,311,273,40.9,40.9,221.0,221.0,6.440e-60,8.670e-56,4.13,0.94,1.27e+04,1,1,
n72,n87,311,286,59.4,59.4,334.0,334.0,5.220e-94,7.030e-90,4.13,0.791,1.07e+04,1,1,
n72,n88,311,282,42.9,42.9,216.0,216.0,2.070e-58,2.790e-54,4.13,0.944,1.27e+04,1,1,
n72,n89,311,308,41.0,41.0,231.0,231.0,8.120e-63,1.090e-58,4.13,1.21,1.63e+04,1,1,
n72,n9,311,315,54.8,54.8,325.0,325.0,3.160e-91,4.260e-87,4.13,0.935,1.26e+04,1,1,
n72,n90,311,258,27.3,27.3,71.0,71.0,1.080e-14,1.110e-10,4.01,1.1,1.13e+04,0,0,
n73,n1,302,290,44.6,44.6,233.0,233.0,1.220e-63,1.640e-59,4.13,0.751,1.01e+04,1,1,
n73,n10,302,262,52.7,52.7,276.0,276.0,2.140e-76,2.880e-72,4.13,1.16,1.56e+04,1,1,
n73,n11,302,262,53.4,53.4,284.0,284.0,7.850e-79,1.060e-74,4.13,1.09,1.47e+04,1,1,
n73,n12,302,262,53.1,53.1,283.0,283.0,1.030e-78,1.380e-74,4.13,0.714,9.56e+03,1,1,
n73,n13,302,262,52.7,52.7,280.0,280.0,8.680e-78,1.170e-73,4.13,0.752,1.01e+04,1,1,
n73,n133,302,335,30.2,30.2,32.0,32.0,5.380e-03,7.240e+01,4.13,1.03,1.39e+04,0,0,
n73,n14,302,319,50.5,50.7,285.0,293.0,3.520e-79,2.280e-77,1.81,0.976,1.62e+04,1,1,
n73,n15,302,301,50.9,51.0,285.0,294.0,2.700e-79,1.020e-77,1.58,0.748,1.45e+04,1,1,
n73,n16,302,262,56.9,56.9,301.0,301.0,4.750e-84,6.400e-80,4.13,0.863,1.16e+04,1,1,
n73,n17,302,314,29.5,29.5,33.0,33.0,2.410e-03,3.250e+01,4.13,0.923,1.24e+04,0,0,
n73,n18,302,298,49.3,49.3,263.0,263.0,1.870e-72,2.520e-68,4.13,1.24,1.67e+04,1,1,
n73,n19,302,307,43.0,43.0,227.0,227.0,8.720e-62,1.170e-57,4.13,0.839,1.13e+04,1,1,
n73,n2,302,259,60.1,60.1,318.0,318.0,3.760e-89,5.060e-85,4.13,0.895,1.2e+04,1,1,
n73,n20,302,298,42.0,42.0,205.0,205.0,4.640e-55,6.240e-51,4.13,1.06,1.43e+04,1,1,
n73,n21,302,304,43.5,43.5,231.0,231.0,6.040e-63,8.130e-59,4.13,0.929,1.25e+04,1,1,
n73,n22,302,296,48.3,50.7,266.0,297.0,1.690e-73,1.210e-78,-5.15,0.894,1.37e+04,1,1,
n73,n23,302,300,51.0,51.0,291.0,291.0,4.920e-81,6.620e-77,4.13,0.873,1.17e+04,1,1,
n73,n24,302,304,54.5,54.5,313.0,313.0,1.210e-87,1.630e-83,4.13,0.9,1.21e+04,1,1,
n73,n25,302,301,50.2,50.3,283.0,291.0,1.030e-78,6.620e-77,1.81,0.714,1.17e+04,1,1,
n73,n26,302,261,53.1,53.1,282.0,282.0,3.900e-78,5.250e-74,4.13,1.35,1.82e+04,1,1,
n73,n27,302,296,48.3,50.7,266.0,297.0,1.690e-73,1.210e-78,-5.15,0.894,1.37e+04,1,1,
n73,n28,302,284,47.5,47.5,268.0,268.0,5.820e-74,7.840e-70,4.13,1.23,1.66e+04,1,1,
n73,n29,302,319,50.5,50.7,285.0,293.0,4.600e-79,1.740e-77,1.58,1.28,1.23e+04,1,1,
n73,n3,302,380,28.3,27.7,52.0,51.0,6.560e-09,1.150e-04,4.24,1.32,1.15e+04,0,0,
n73,n30,302,262,53.4,53.4,284.0,284.0,7.850e-79,1.060e-74,4.13,1.09,1.47e+04,1,1,
n73,n31,302,262,53.1,53.1,283.0,283.0,1.030e-78,1.380e-74,4.13,0.714,9.56e+03,1,1,
n73,n32,302,294,46.8,50.9,250.0,268.0,1.260e-68,7.840e-70,-1.21,1.02,1.66e+04,1,1,
n73,n33,302,293,49.4,49.4,254.0,254.0,8.700e-70,1.170e-65,4.13,1.12,1.51e+04,1,1,
n73,n34,302,293,48.2,48.2,248.0,248.0,3.660e-68,4.920e-64,4.13,0.738,9.92e+03,1,1,
n73,n35,302,456,27.1,26.5,51.0,50.0,1.120e-08,1.970e-04,4.25,1.12,9.89e+03,0,0,
n73,n36,302,310,44.9,44.9,221.0,221.0,6.250e-60,8.420e-56,4.13,0.939,1.27e+04,1,1,
n73,n37,302,263,32.4,33.3,37.0,34.0,1.280e-04,1.910e+01,5.17,0.785,1.46e+04,0,0,
n73,n38,302,495,29.3,29.3,67.0,67.0,1.510e-13,2.030e-09,4.13,0.994,1.34e+04,0,0,
n73,n4,302,292,44.6,44.6,233.0,233.0,1.220e-63,1.640e-59,4.13,0.751,1.01e+04,1,1,
n73,n40,302,292,28.6,30.2,20.0,83.0,2.110e+01,2.740e-14,-14.89,0.987,1.18e+04,0,1,gained_in_v12
n73,n41,302,305,38.6,44.4,166.0,229.0,1.830e-43,3.090e-58,-14.77,0.763,1.19e+04,1,1,
n73,n42,302,426,45.8,45.8,263.0,263.0,1.870e-72,2.520e-68,4.13,1.24,1.67e+04,1,1,
n73,n43,302,319,38.6,36.9,188.0,189.0,4.490e-50,3.540e-46,3.90,0.786,1.24e+04,1,1,
n73,n44,302,301,50.9,51.0,285.0,294.0,2.700e-79,1.020e-77,1.58,0.748,1.45e+04,1,1,
n73,n45,302,319,50.5,50.7,285.0,293.0,3.520e-79,2.280e-77,1.81,0.976,1.62e+04,1,1,
n73,n46,302,301,50.9,51.0,285.0,294.0,2.700e-79,1.020e-77,1.58,0.748,1.45e+04,1,1,
n73,n47,302,304,43.5,43.5,231.0,231.0,6.040e-63,8.130e-59,4.13,0.929,1.25e+04,1,1,
n73,n5,302,292,58.1,58.1,324.0,324.0,8.940e-91,1.200e-86,4.13,1.36,1.83e+04,1,1,
n73,n50,302,269,26.1,26.1,103.0,103.0,2.480e-24,2.560e-20,4.01,1.12,1.16e+04,0,0,
n73,n51,302,312,46.0,46.0,251.0,251.0,7.370e-69,9.920e-65,4.13,1.19,1.6e+04,1,1,
n73,n52,302,260,60.1,60.1,329.0,329.0,2.130e-92,2.870e-88,4.13,1.04,1.4e+04,1,1,
n73,n53,302,260,62.2,62.2,341.0,341.0,7.070e-96,9.520e-92,4.13,1.41,1.9e+04,1,1,
n73,n54,302,259,59.1,59.1,312.0,312.0,2.060e-87,2.780e-83,4.13,0.766,1.03e+04,1,1,
n73,n55,302,257,54.9,54.9,295.0,295.0,4.450e-82,5.990e-78,4.13,1.26,1.7e+04,1,1,
n73,n56,302,257,56.0,56.0,299.0,299.0,1.810e-83,2.430e-79,4.13,0.822,1.1e+04,1,1,
n73,n57,302,257,55.3,55.3,297.0,297.0,8.960e-83,1.210e-78,4.13,1.02,1.37e+04,1,1,
n73,n58,302,299,53.7,53.7,290.0,290.0,8.390e-81,1.130e-76,4.13,0.744,1e+04,1,1,
n73,n59,302,298,42.1,42.1,223.0,223.0,1.260e-60,1.700e-56,4.13,0.757,1.02e+04,1,1,
n73,n6,302,289,57.6,57.6,339.0,339.0,1.570e-95,2.120e-91,4.13,0.784,1.06e+04,1,1,
n73,n60,302,316,45.0,45.0,218.0,218.0,6.910e-59,9.310e-55,4.13,1.3,1.75e+04,1,1,
n73,n61,302,307,46.5,46.5,221.0,221.0,4.790e-60,6.440e-56,4.13,0.72,9.68e+03,1,1,
n73,n62,302,263,60.7,60.7,330.0,330.0,9.550e-93,1.290e-88,4.13,0.931,1.26e+04,1,1,
n73,n63,302,282,27.1,27.1,92.0,92.0,5.720e-21,7.700e-17,4.13,1.26,1.7e+04,0,0,
n73,n64,302,257,57.3,57.3,311.0,311.0,4.590e-87,6.180e-83,4.13,0.854,1.15e+04,1,1,
n73,n66,302,302,46.6,46.6,243.0,243.0,2.010e-66,2.700e-62,4.13,1.27,1.7e+04,1,1,
n73,n67,302,366,30.3,30.3,130.0,130.0,1.890e-32,2.550e-28,4.13,1.15,1.55e+04,1,1,
n73,n68,302,302,45.2,45.2,245.0,245.0,3.090e-67,4.170e-63,4.13,0.779,1.05e+04,1,1,
n73,n69,302,279,45.8,45.8,231.0,231.0,4.620e-63,6.230e-59,4.13,0.711,9.59e+03,1,1,
n73,n7,302,302,44.9,44.3,216.0,232.0,2.630e-58,4.770e-59,-0.74,1.24,1.47e+04,1,1,
n73,n70,302,292,43.3,43.3,233.0,233.0,1.220e-63,1.640e-59,4.13,0.751,1.01e+04,1,1,
n73,n71,302,297,43.2,43.2,227.0,227.0,1.140e-61,1.530e-57,4.13,1.1,1.47e+04,1,1,
n73,n72,302,311,56.2,56.2,315.0,315.0,2.440e-88,3.280e-84,4.13,0.726,9.76e+03,1,1,
n73,n74,302,284,54.5,54.5,299.0,299.0,1.810e-83,2.430e-79,4.13,0.822,1.1e+04,1,1,
n73,n75,302,279,45.0,45.0,231.0,231.0,7.890e-63,1.060e-58,4.13,1.21,1.63e+04,1,1,
n73,n76,302,304,45.5,45.5,233.0,233.0,2.080e-63,2.800e-59,4.13,1.28,1.72e+04,1,1,
n73,n77,302,304,44.8,44.8,242.0,242.0,3.420e-66,4.610e-62,4.13,1.08,1.45e+04,1,1,
n73,n78,302,293,54.1,54.1,309.0,309.0,1.750e-86,2.350e-82,4.13,0.814,1.09e+04,1,1,
n73,n79,302,283,27.0,27.0,103.0,104.0,1.900e-24,1.500e-20,3.90,0.859,1.36e+04,0,0,
n73,n8,302,262,53.2,53.2,282.0,282.0,2.980e-78,4.020e-74,4.13,1.03,1.39e+04,1,1,
n73,n80,302,301,50.2,50.3,282.0,290.0,2.980e-78,1.130e-76,1.58,1.03,1e+04,1,1,
n73,n81,302,310,51.4,57.3,300.0,339.0,8.110e-84,2.120e-91,-7.58,0.737,1.06e+04,1,1,
n73,n82,302,364,33.3,33.3,131.0,131.0,6.510e-33,8.770e-29,4.13,0.79,1.06e+04,1,1,
n73,n83,302,434,53.8,53.8,262.0,262.0,3.200e-72,4.300e-68,4.13,1.06,1.42e+04,1,1,
n73,n85,302,258,32.6,27.2,15.0,34.0,6.800e+02,1.460e+01,-1.67,0.994,1.12e+04,0,0,
n73,n86,302,273,46.5,46.5,235.0,235.0,3.200e-64,4.310e-60,4.13,0.788,1.06e+04,1,1,
n73,n87,302,286,52.7,52.7,306.0,306.0,1.480e-85,1.990e-81,4.13,0.86,1.16e+04,1,1,
n73,n88,302,282,41.9,41.9,208.0,208.0,7.150e-56,9.630e-52,4.13,1.31,1.77e+04,1,1,
n73,n89,302,308,43.2,43.2,211.0,211.0,6.470e-57,8.710e-53,4.13,0.95,1.28e+04,1,1,
n73,n9,302,315,24.7,55.2,18.0,315.0,6.150e+01,3.280e-84,-85.27,0.719,9.76e+03,0,1,gained_in_v12
n73,n90,302,258,25.2,25.2,60.0,60.0,1.840e-11,2.480e-07,4.13,0.946,1.28e+04,0,0,
n74,n1,284,290,52.0,52.0,262.0,262.0,3.000e-72,4.050e-68,4.13,1.05,1.42e+04,1,1,
n74,n10,284,262,78.2,78.2,418.0,418.0,4.280e-119,5.760e-115,4.13,1.37,1.85e+04,1,1,
n74,n11,284,262,79.7,79.7,431.0,431.0,2.860e-123,3.860e-119,4.13,0.752,1.02e+04,1,1,
n74,n12,284,262,79.7,79.7,429.0,429.0,1.090e-122,1.470e-118,4.13,0.717,9.66e+03,1,1,
n74,n127,284,433,22.2,25.2,26.0,38.0,3.620e-01,9.500e-01,0.42,1.15,1.24e+04,0,0,
n74,n13,284,262,78.9,78.9,428.0,428.0,3.170e-122,4.260e-118,4.13,1.04,1.4e+04,1,1,
n74,n137,284,218,25.8,25.8,32.0,32.0,3.870e-03,5.210e+01,4.13,0.788,1.06e+04,0,0,
n74,n14,284,319,76.5,76.5,445.0,445.0,1.920e-127,2.580e-123,4.13,0.827,1.11e+04,1,1,
n74,n15,284,301,78.1,76.8,449.0,449.0,1.330e-128,1.790e-124,4.13,0.917,1.23e+04,1,1,
n74,n16,284,262,74.7,74.7,412.0,412.0,1.800e-117,2.420e-113,4.13,0.903,1.21e+04,1,1,
n74,n17,284,314,24.5,30.1,33.0,38.0,2.270e-03,1.240e+00,2.74,0.925,1.62e+04,0,0,
n74,n18,284,298,54.0,54.0,293.0,293.0,1.220e-81,1.640e-77,4.13,0.921,1.24e+04,1,1,
n74,n19,284,307,47.3,47.3,267.0,267.0,9.340e-74,1.260e-69,4.13,1.05,1.42e+04,1,1,
n74,n2,284,259,60.8,60.8,324.0,324.0,4.930e-91,6.640e-87,4.13,0.799,1.08e+04,1,1,
n74,n20,284,298,44.5,44.5,239.0,239.0,2.720e-65,3.670e-61,4.13,1.14,1.54e+04,1,1,
n74,n21,284,304,51.3,51.3,262.0,262.0,3.000e-72,4.050e-68,4.13,1.05,1.42e+04,1,1,
n74,n22,284,296,78.0,78.2,452.0,460.0,2.050e-129,1.320e-127,1.81,1.13,1.86e+04,1,1,
n74,n23,284,300,76.8,76.8,450.0,450.0,7.780e-129,1.050e-124,4.13,1.07,1.45e+04,1,1,
n74,n24,284,304,59.9,59.9,354.0,354.0,4.450e-100,5.990e-96,4.13,0.774,1.04e+04,1,1,
n74,n25,284,301,75.8,75.8,442.0,442.0,1.620e-126,2.180e-122,4.13,0.872,1.17e+04,1,1,
n74,n26,284,261,78.9,78.9,428.0,428.0,3.170e-122,4.260e-118,4.13,1.04,1.4e+04,1,1,
n74,n27,284,296,78.0,78.2,452.0,460.0,2.050e-129,1.320e-127,1.81,1.13,1.86e+04,1,1,
n74,n28,284,284,51.8,51.8,295.0,295.0,4.180e-82,5.630e-78,4.13,1.26,1.7e+04,1,1,
n74,n29,284,319,77.4,76.1,442.0,442.0,2.120e-126,2.850e-122,4.13,1.14,1.53e+04,1,1,
n74,n3,284,380,23.0,23.0,42.0,42.0,4.890e-06,6.580e-02,4.13,1.02,1.37e+04,0,0,
n74,n30,284,262,79.7,79.7,431.0,431.0,2.860e-123,3.860e-119,4.13,0.752,1.02e+04,1,1,
n74,n31,284,262,79.7,79.7,429.0,429.0,1.090e-122,1.470e-118,4.13,0.717,9.66e+03,1,1,
n74,n32,284,294,53.1,53.1,303.0,303.0,1.540e-84,2.070e-80,4.13,1.19,1.6e+04,1,1,
n74,n33,284,293,56.4,56.4,302.0,302.0,3.420e-84,4.610e-80,4.13,1.32,1.78e+04,1,1,
n74,n34,284,293,55.3,55.3,292.0,292.0,2.080e-81,2.800e-77,4.13,0.785,1.06e+04,1,1,
n74,n35,284,456,22.2,22.2,42.0,42.0,6.380e-06,8.600e-02,4.13,1.33,1.79e+04,0,0,
n74,n36,284,310,49.1,49.1,253.0,253.0,1.400e-69,1.880e-65,4.13,0.961,1.29e+04,1,1,
n74,n37,284,263,25.8,25.8,40.0,40.0,1.860e-05,2.500e-01,4.13,0.97,1.3e+04,0,0,
n74,n38,284,495,25.6,25.6,72.0,72.0,3.380e-15,4.550e-11,4.13,0.757,1.02e+04,0,0,
n74,n4,284,292,51.7,51.7,275.0,275.0,4.480e-76,6.030e-72,4.13,1.29,1.74e+04,1,1,
n74,n40,284,292,29.7,29.7,108.0,108.0,5.550e-26,7.480e-22,4.13,0.854,1.15e+04,0,0,
n74,n41,284,305,46.2,46.2,242.0,242.0,3.220e-66,4.330e-62,4.13,1.08,1.45e+04,1,1,
n74,n42,284,426,49.5,49.5,273.0,273.0,9.980e-76,1.340e-71,4.13,0.718,9.64e+03,1,1,
n74,n43,284,319,38.4,40.3,196.0,204.0,2.640e-52,1.000e-50,1.58,1.26,1.22e+04,1,1,
n74,n44,284,301,78.1,76.8,449.0,449.0,1.330e-128,1.790e-124,4.13,0.917,1.23e+04,1,1,
n74,n45,284,319,76.5,76.5,445.0,445.0,1.920e-127,2.580e-123,4.13,0.827,1.11e+04,1,1,
n74,n46,284,301,78.1,76.8,449.0,449.0,1.330e-128,1.790e-124,4.13,0.917,1.23e+04,1,1,
n74,n47,284,304,51.3,51.3,262.0,262.0,3.000e-72,4.050e-68,4.13,1.05,1.42e+04,1,1,
n74,n5,284,292,53.2,58.4,297.0,333.0,8.430e-83,1.870e-89,-6.65,1.02,1.55e+04,1,1,
n74,n50,284,269,32.1,32.1,125.0,125.0,4.390e-31,5.910e-27,4.13,0.885,1.19e+04,1,1,
n74,n51,284,312,49.1,49.1,267.0,267.0,7.150e-74,9.630e-70,4.13,0.804,1.08e+04,1,1,
n74,n52,284,260,65.4,65.4,351.0,351.0,6.420e-99,8.650e-95,4.13,1.4,1.88e+04,1,1,
n74,n53,284,260,65.6,65.6,349.0,349.0,1.430e-98,1.930e-94,4.13,0.778,1.05e+04,1,1,
n74,n54,284,259,60.7,60.7,323.0,323.0,1.100e-90,1.480e-86,4.13,0.891,1.2e+04,1,1,
n74,n55,284,257,57.1,57.1,295.0,295.0,4.180e-82,5.630e-78,4.13,1.26,1.7e+04,1,1,
n74,n56,284,257,57.1,57.1,294.0,294.0,5.460e-82,7.360e-78,4.13,0.824,1.11e+04,1,1,
n74,n57,284,257,57.9,57.9,298.0,298.0,3.780e-83,5.100e-79,4.13,0.913,1.23e+04,1,1,
n74,n58,284,299,51.7,51.7,280.0,280.0,1.390e-77,1.880e-73,4.13,1.28,1.73e+04,1,1,
n74,n59,284,298,45.5,45.5,251.0,251.0,5.300e-69,7.140e-65,4.13,0.909,1.23e+04,1,1,
n74,n6,284,289,53.2,58.5,299.0,333.0,2.900e-83,1.430e-89,-6.31,1.4,1.19e+04,1,1,
n74,n60,284,316,44.3,44.3,251.0,251.0,5.300e-69,7.140e-65,4.13,0.909,1.23e+04,1,1,
n74,n61,284,307,46.1,46.1,254.0,254.0,6.270e-70,8.440e-66,4.13,0.861,1.16e+04,1,1,
n74,n62,284,263,62.5,62.5,330.0,330.0,1.170e-92,1.580e-88,4.13,1.21,1.64e+04,1,1,
n74,n63,284,282,27.5,27.5,93.0,93.0,1.850e-21,2.490e-17,4.13,0.869,1.17e+04,0,0,
n74,n64,284,257,66.7,66.7,345.0,345.0,2.700e-97,3.630e-93,4.13,0.918,1.23e+04,1,1,
n74,n65,284,254,28.4,28.4,42.0,42.0,4.890e-06,6.580e-02,4.13,1.02,1.37e+04,0,0,
n74,n66,284,302,47.8,47.8,266.0,267.0,2.080e-73,1.260e-69,3.78,1.17,1.42e+04,1,1,
n74,n67,284,366,35.0,35.0,128.0,128.0,6.770e-32,9.120e-28,4.13,1.09,1.47e+04,1,1,
n74,n68,284,302,49.5,49.8,276.0,278.0,1.540e-76,5.460e-73,3.55,0.887,1.26e+04,1,1,
n74,n69,284,279,55.0,55.0,312.0,312.0,3.310e-87,4.450e-83,4.13,1.31,1.76e+04,1,1,
n74,n7,284,302,49.1,49.1,267.0,267.0,7.150e-74,9.630e-70,4.13,0.804,1.08e+04,1,1,
n74,n70,284,292,48.5,49.0,263.0,272.0,1.760e-72,2.990e-71,1.23,1.24,1.08e+04,1,1,
n74,n71,284,297,44.9,44.9,251.0,251.0,5.300e-69,7.140e-65,4.13,0.909,1.23e+04,1,1,
n74,n72,284,311,60.9,61.5,356.0,358.0,1.170e-100,5.420e-97,3.67,0.814,1.51e+04,1,1,
n74,n73,284,302,54.2,54.2,297.0,297.0,6.450e-83,8.690e-79,4.13,0.779,1.05e+04,1,1,
n74,n75,284,279,47.9,47.9,246.0,246.0,2.230e-67,3.000e-63,4.13,1.2,1.61e+04,1,1,
n74,n76,284,304,45.7,47.7,252.0,270.0,2.380e-69,1.140e-70,-1.32,0.817,1.03e+04,1,1,
n74,n77,284,304,47.3,47.3,264.0,264.0,6.050e-73,8.150e-69,4.13,0.85,1.15e+04,1,1,
n74,n78,284,293,57.2,57.2,319.0,319.0,2.070e-89,2.790e-85,4.13,1.05,1.41e+04,1,1,
n74,n79,284,283,33.2,33.2,119.0,119.0,3.150e-29,4.240e-25,4.13,0.993,1.34e+04,1,1,
n74,n8,284,262,78.6,78.6,426.0,426.0,1.200e-121,1.620e-117,4.13,0.986,1.33e+04,1,1,
n74,n80,284,301,77.0,75.8,444.0,444.0,4.270e-127,5.750e-123,4.13,0.92,1.24e+04,1,1,
n74,n81,284,310,61.8,61.8,359.0,359.0,2.360e-101,3.180e-97,4.13,1.31,1.77e+04,1,1,
n74,n82,284,364,36.2,36.2,139.0,139.0,3.840e-35,5.170e-31,4.13,1.27,1.71e+04,1,1,
n74,n83,284,434,47.4,47.4,238.0,242.0,6.070e-65,3.320e-62,2.74,1.27,1.11e+04,1,1,
n74,n85,284,258,25.9,25.9,37.0,37.0,2.050e-04,2.770e+00,4.13,1.34,1.81e+04,0,0,
n74,n86,284,273,46.7,46.7,257.0,257.0,9.670e-71,1.300e-66,4.13,1.06,1.43e+04,1,1,
n74,n87,284,286,58.1,58.1,322.0,322.0,3.200e-90,4.300e-86,4.13,1.3,1.74e+04,1,1,
n74,n88,284,282,50.0,50.0,253.0,253.0,1.820e-69,1.440e-65,3.90,1.25,9.88e+03,1,1,
n74,n89,284,308,47.2,47.2,268.0,268.0,5.480e-74,7.370e-70,4.13,1.23,1.66e+04,1,1,
n74,n9,284,315,57.2,57.2,316.0,316.0,1.750e-88,2.360e-84,4.13,1.11,1.49e+04,1,1,
n74,n90,284,258,27.3,27.3,74.0,72.0,1.520e-15,4.550e-11,4.48,1.36,1.02e+04,0,0,
n75,n1,279,290,57.3,61.5,331.0,355.0,3.960e-93,3.450e-96,-3.06,0.836,1.22e+04,1,1,
n75,n10,279,262,48.5,48.5,239.0,239.0,2.680e-65,3.600e-61,4.13,1.14,1.54e+04,1,1,
n75,n11,279,262,49.8,49.8,243.0,243.0,1.420e-66,1.910e-62,4.13,0.969,1.3e+04,1,1,
n75,n12,279,262,48.6,48.6,236.0,236.0,2.270e-64,3.050e-60,4.13,1.21,1.63e+04,1,1,
n75,n13,279,262,49.4,49.4,241.0,241.0,5.390e-66,7.260e-62,4.13,0.919,1.24e+04,1,1,
n75,n14,279,319,44.3,47.5,224.0,242.0,8.910e-61,4.260e-62,-1.32,1.16,1.45e+04,1,1,
n75,n15,279,301,47.6,49.3,243.0,253.0,1.420e-66,2.410e-65,1.23,0.969,1.68e+04,1,1,
n75,n16,279,262,48.6,48.6,236.0,236.0,2.270e-64,3.050e-60,4.13,1.21,1.63e+04,1,1,
n75,n18,279,298,55.4,55.7,301.0,302.0,5.730e-84,3.470e-80,3.78,1.13,1.36e+04,1,1,
n75,n19,279,307,42.5,43.7,228.0,234.0,6.170e-62,8.880e-60,2.16,1.28,1.18e+04,1,1,
n75,n2,279,259,45.6,45.6,229.0,229.0,2.770e-62,3.730e-58,4.13,1.15,1.55e+04,1,1,
n75,n20,279,298,51.1,51.1,269.0,269.0,1.850e-74,2.490e-70,4.13,0.847,1.14e+04,1,1,
n75,n21,279,304,61.8,61.8,346.0,346.0,1.190e-97,1.600e-93,4.13,0.823,1.11e+04,1,1,
n75,n22,279,296,48.4,48.4,243.0,245.0,1.420e-66,3.850e-63,3.43,0.969,1.05e+04,1,1,
n75,n23,279,300,45.0,46.6,231.0,240.0,5.580e-63,1.240e-61,1.35,0.929,1.06e+04,1,1,
n75,n24,279,304,43.8,43.8,225.0,225.0,5.220e-61,7.030e-57,4.13,1.36,1.83e+04,1,1,
n75,n25,279,301,44.7,47.8,225.0,243.0,4.000e-61,1.910e-62,-1.32,1.04,1.3e+04,1,1,
n75,n26,279,261,49.8,49.8,242.0,242.0,2.420e-66,3.260e-62,4.13,0.826,1.11e+04,1,1,
n75,n27,279,296,48.4,48.4,243.0,245.0,1.420e-66,3.850e-63,3.43,0.969,1.05e+04,1,1,
n75,n28,279,284,40.4,40.4,205.0,205.0,4.280e-55,5.770e-51,4.13,1.06,1.43e+04,1,1,
n75,n29,279,319,47.3,48.9,240.0,250.0,9.200e-66,1.560e-64,1.23,0.785,1.36e+04,1,1,
n75,n30,279,262,49.8,49.8,243.0,243.0,1.420e-66,1.910e-62,4.13,0.969,1.3e+04,1,1,
n75,n31,279,262,48.6,48.6,236.0,236.0,2.270e-64,3.050e-60,4.13,1.21,1.63e+04,1,1,
n75,n32,279,294,38.9,41.0,188.0,197.0,5.420e-50,1.200e-48,1.35,1.03,1.16e+04,1,1,
n75,n33,279,293,41.6,43.0,208.0,216.0,6.610e-56,1.920e-54,1.46,1.31,9.76e+03,1,1,
n75,n34,279,293,40.2,40.9,195.0,204.0,4.430e-52,1.280e-50,1.46,1.07,1.59e+04,1,1,
n75,n36,279,310,45.4,49.8,227.0,246.0,8.060e-62,2.950e-63,-1.44,0.839,1.61e+04,1,1,
n75,n37,279,263,30.6,29.1,29.0,29.0,3.220e-02,4.340e+02,4.13,0.834,1.12e+04,0,0,
n75,n38,279,495,28.2,28.2,83.0,83.0,2.450e-18,3.310e-14,4.13,1.14,1.55e+04,0,0,
n75,n4,279,292,57.3,57.3,313.0,313.0,1.460e-87,1.960e-83,4.13,1.18,1.58e+04,1,1,
n75,n40,279,292,23.4,23.4,78.0,78.0,6.040e-17,8.140e-13,4.13,0.881,1.19e+04,0,0,
n75,n41,279,305,46.5,46.5,230.0,230.0,1.240e-62,1.670e-58,4.13,1.03,1.39e+04,1,1,
n75,n42,279,426,54.6,54.6,285.0,285.0,4.250e-79,5.730e-75,4.13,1.28,1.72e+04,1,1,
n75,n43,279,319,41.9,41.9,206.0,206.0,1.470e-55,1.980e-51,4.13,0.73,9.83e+03,1,1,
n75,n44,279,301,47.6,49.3,243.0,253.0,1.420e-66,2.410e-65,1.23,0.969,1.68e+04,1,1,
n75,n45,279,319,44.3,47.5,224.0,242.0,8.910e-61,4.260e-62,-1.32,1.16,1.45e+04,1,1,
n75,n46,279,301,47.6,49.3,243.0,253.0,1.420e-66,2.410e-65,1.23,0.969,1.68e+04,1,1,
n75,n47,279,304,61.8,61.8,346.0,346.0,1.190e-97,1.600e-93,4.13,0.823,1.11e+04,1,1,
n75,n5,279,292,47.2,47.2,235.0,235.0,2.960e-64,3.980e-60,4.13,0.789,1.06e+04,1,1,
n75,n50,279,269,32.9,32.9,127.0,127.0,1.130e-31,1.530e-27,4.13,0.928,1.26e+04,1,1,
n75,n51,279,312,53.6,53.6,260.0,260.0,1.120e-71,1.510e-67,4.13,1,1.35e+04,1,1,
n75,n52,279,260,47.0,47.0,225.0,225.0,5.220e-61,7.030e-57,4.13,1.36,1.83e+04,1,1,
n75,n53,279,260,47.4,47.4,231.0,231.0,5.580e-63,7.510e-59,4.13,0.929,1.25e+04,1,1,
n75,n54,279,259,46.6,46.6,230.0,230.0,9.520e-63,1.280e-58,4.13,0.793,1.07e+04,1,1,
n75,n55,279,257,48.6,48.6,239.0,239.0,2.680e-65,3.600e-61,4.13,1.14,1.54e+04,1,1,
n75,n56,279,257,49.8,49.8,243.0,243.0,1.850e-66,2.500e-62,4.13,1.26,1.71e+04,1,1,
n75,n57,279,257,48.6,48.6,240.0,240.0,1.570e-65,2.110e-61,4.13,1.34,1.8e+04,1,1,
n75,n58,279,299,44.8,45.7,228.0,235.0,3.620e-62,5.200e-60,2.16,0.754,1.39e+04,1,1,
n75,n59,279,298,52.3,52.3,283.0,283.0,9.470e-79,1.280e-74,4.13,0.71,9.6e+03,1,1,
n75,n6,279,289,44.5,45.4,225.0,232.0,4.000e-61,3.370e-59,1.93,1.04,1.12e+04,1,1,
n75,n60,279,316,46.6,46.6,230.0,230.0,1.240e-62,1.670e-58,4.13,1.03,1.39e+04,1,1,
n75,n61,279,307,46.2,46.2,234.0,234.0,6.590e-64,8.880e-60,4.13,0.878,1.18e+04,1,1,
n75,n62,279,263,50.4,50.4,250.0,250.0,1.520e-68,2.040e-64,4.13,1.33,1.78e+04,1,1,
n75,n63,279,282,29.5,29.5,104.0,104.0,1.340e-24,1.810e-20,4.13,1.31,1.77e+04,0,0,
n75,n64,279,257,49.2,49.2,230.0,230.0,1.620e-62,2.190e-58,4.13,1.35,1.82e+04,1,1,
n75,n66,279,302,44.3,50.2,235.0,250.0,2.960e-64,1.560e-64,-0.28,0.789,1.36e+04,1,1,
n75,n67,279,366,37.6,37.6,147.0,147.0,1.380e-37,1.860e-33,4.13,1.19,1.6e+04,1,1,
n75,n68,279,302,44.7,51.9,239.0,255.0,2.680e-65,6.350e-66,-0.63,1.14,1.77e+04,1,1,
n75,n69,279,279,45.8,45.8,240.0,240.0,1.570e-65,2.110e-61,4.13,1.34,1.8e+04,1,1,
n75,n7,279,302,46.1,48.9,239.0,257.0,2.050e-65,1.280e-66,-1.20,0.874,1.43e+04,1,1,
n75,n70,279,292,47.3,47.3,261.0,261.0,6.580e-72,6.780e-68,4.01,1.18,1.21e+04,1,1,
n75,n71,279,297,47.5,49.5,265.0,278.0,4.550e-73,4.100e-73,-0.05,1.3,9.61e+03,1,1,
n75,n72,279,311,41.0,43.5,212.0,225.0,3.500e-57,7.030e-57,0.30,1.11,1.83e+04,1,1,
n75,n73,279,302,45.0,45.0,231.0,231.0,7.290e-63,9.810e-59,4.13,1.21,1.63e+04,1,1,
n75,n74,279,284,45.0,47.9,222.0,246.0,3.390e-60,2.950e-63,-3.06,1.1,1.61e+04,1,1,
n75,n76,279,304,45.1,49.6,242.0,251.0,4.130e-66,9.160e-65,1.35,1.41,1.6e+04,1,1,
n75,n77,279,304,42.8,49.8,234.0,250.0,8.610e-64,2.040e-64,-0.63,1.15,1.78e+04,1,1,
n75,n78,279,293,46.4,46.4,230.0,230.0,1.620e-62,2.190e-58,4.13,1.35,1.82e+04,1,1,
n75,n79,279,283,35.2,35.2,140.0,140.0,1.690e-35,2.280e-31,4.13,1.14,1.53e+04,1,1,
n75,n8,279,262,49.2,49.2,241.0,241.0,7.040e-66,9.480e-62,4.13,1.2,1.62e+04,1,1,
n75,n80,279,301,47.3,48.9,241.0,251.0,5.390e-66,9.160e-65,1.23,0.919,1.6e+04,1,1,
n75,n81,279,310,49.4,49.4,248.0,248.0,4.410e-68,5.940e-64,4.13,0.963,1.3e+04,1,1,
n75,n82,279,364,34.1,34.1,136.0,136.0,2.440e-34,3.290e-30,4.13,1.03,1.38e+04,1,1,
n75,n83,279,434,38.1,38.1,171.0,171.0,6.850e-45,9.230e-41,4.13,0.99,1.33e+04,1,1,
n75,n85,279,258,32.2,32.2,34.0,34.0,1.000e-03,1.350e+01,4.13,0.829,1.12e+04,0,0,
n75,n86,279,273,50.2,54.9,256.0,273.0,2.120e-70,1.320e-71,-1.21,1.18,9.67e+03,1,1,
n75,n87,279,286,44.7,44.7,238.0,238.0,4.560e-65,6.150e-61,4.13,0.972,1.31e+04,1,1,
n75,n88,279,282,40.0,40.0,209.0,209.0,2.270e-56,3.060e-52,4.13,0.902,1.22e+04,1,1,
n75,n89,279,308,55.0,55.0,263.0,263.0,1.320e-72,1.780e-68,4.13,0.944,1.27e+04,1,1,
n75,n9,279,315,48.4,48.4,234.0,234.0,8.610e-64,1.160e-59,4.13,1.15,1.55e+04,1,1,
n75,n90,279,258,25.4,25.7,53.0,55.0,2.720e-09,7.380e-06,3.43,1.18,1.28e+04,0,0,
n76,n1,304,290,48.2,48.2,272.0,272.0,4.060e-75,5.470e-71,4.13,1.36,1.84e+04,1,1,
n76,n10,304,262,49.1,49.1,254.0,254.0,8.760e-70,1.180e-65,4.13,1.12,1.51e+04,1,1,
n76,n11,304,262,49.8,49.8,262.0,262.0,4.200e-72,5.660e-68,4.13,1.38,1.86e+04,1,1,
n76,n12,304,262,49.4,49.4,265.0,265.0,4.960e-73,6.680e-69,4.13,1.3,1.75e+04,1,1,
n76,n13,304,262,49.4,49.4,260.0,260.0,1.220e-71,1.650e-67,4.13,1,1.35e+04,1,1,
n76,n133,304,335,26.2,26.2,40.0,39.0,2.600e-05,4.570e-01,4.24,1.27,1.11e+04,0,0,
n76,n14,304,319,49.3,49.3,265.0,265.0,4.960e-73,6.680e-69,4.13,1.3,1.75e+04,1,1,
n76,n15,304,301,49.6,49.6,262.0,262.0,4.200e-72,5.660e-68,4.13,1.38,1.86e+04,1,1,
n76,n16,304,262,51.1,51.1,266.0,266.0,2.230e-73,3.000e-69,4.13,1.17,1.58e+04,1,1,
n76,n18,304,298,48.5,48.5,287.0,287.0,1.220e-79,1.640e-75,4.13,1.34,1.81e+04,1,1,
n76,n19,304,307,73.9,73.9,464.0,464.0,5.570e-133,7.510e-129,4.13,1.18,1.58e+04,1,1,
n76,n2,304,259,48.1,48.1,248.0,248.0,6.280e-68,8.450e-64,4.13,1.26,1.69e+04,1,1,
n76,n20,304,298,50.2,50.2,304.0,304.0,9.640e-85,1.300e-80,4.13,1.39,1.88e+04,1,1,
n76,n21,304,304,47.2,46.6,267.0,265.0,1.000e-73,3.920e-69,4.59,1.05,1.03e+04,1,1,
n76,n22,304,296,46.7,46.7,261.0,261.0,7.170e-72,9.650e-68,4.13,1.18,1.58e+04,1,1,
n76,n23,304,300,46.2,46.2,258.0,258.0,6.070e-71,8.170e-67,4.13,1.25,1.68e+04,1,1,
n76,n24,304,304,50.9,50.9,263.0,263.0,1.890e-72,2.540e-68,4.13,1.24,1.67e+04,1,1,
n76,n25,304,301,48.9,48.9,263.0,263.0,1.440e-72,1.940e-68,4.13,0.945,1.27e+04,1,1,
n76,n26,304,261,49.4,49.4,259.0,259.0,2.080e-71,2.810e-67,4.13,0.854,1.15e+04,1,1,
n76,n27,304,296,46.7,46.7,261.0,261.0,7.170e-72,9.650e-68,4.13,1.18,1.58e+04,1,1,
n76,n28,304,284,41.6,41.6,221.0,221.0,4.820e-60,6.490e-56,4.13,0.72,9.69e+03,1,1,
n76,n29,304,319,49.3,49.3,262.0,262.0,2.460e-72,3.320e-68,4.13,0.808,1.09e+04,1,1,
n76,n3,304,380,24.5,24.5,36.0,36.0,2.870e-04,3.870e+00,4.13,0.874,1.18e+04,0,0,
n76,n30,304,262,49.8,49.8,262.0,262.0,4.200e-72,5.660e-68,4.13,1.38,1.86e+04,1,1,
n76,n31,304,262,49.4,49.4,265.0,265.0,4.960e-73,6.680e-69,4.13,1.3,1.75e+04,1,1,
n76,n32,304,294,47.4,48.3,230.0,231.0,1.040e-62,8.190e-59,3.90,0.795,1.25e+04,1,1,
n76,n33,304,293,47.0,47.0,251.0,251.0,7.410e-69,9.990e-65,4.13,1.19,1.6e+04,1,1,
n76,n34,304,293,45.5,45.5,241.0,241.0,7.670e-66,1.030e-61,4.13,1.2,1.61e+04,1,1,
n76,n36,304,310,54.4,54.4,354.0,354.0,4.760e-100,6.410e-96,4.13,0.774,1.04e+04,1,1,
n76,n37,304,263,30.1,30.1,40.0,40.0,1.520e-05,2.050e-01,4.13,0.74,9.99e+03,0,0,
n76,n38,304,495,29.9,29.9,81.0,81.0,7.780e-18,1.050e-13,4.13,0.833,1.12e+04,0,0,
n76,n4,304,292,48.1,47.4,279.0,278.0,1.950e-77,7.630e-73,4.59,0.839,1.64e+04,1,1,
n76,n40,304,292,19.8,27.8,21.0,106.0,9.560e+00,5.190e-21,-21.27,0.888,1.87e+04,0,0,
n76,n41,304,305,44.5,44.5,255.0,255.0,3.010e-70,4.050e-66,4.13,0.772,1.04e+04,1,1,
n76,n42,304,426,49.5,49.5,296.0,296.0,1.540e-82,2.070e-78,4.13,0.869,1.17e+04,1,1,
n76,n43,304,319,40.2,45.3,224.0,223.0,7.430e-61,2.910e-56,4.59,0.887,1.74e+04,1,1,
n76,n44,304,301,49.6,49.6,262.0,262.0,4.200e-72,5.660e-68,4.13,1.38,1.86e+04,1,1,
n76,n45,304,319,49.3,49.3,265.0,265.0,4.960e-73,6.680e-69,4.13,1.3,1.75e+04,1,1,
n76,n46,304,301,49.6,49.6,262.0,262.0,4.200e-72,5.660e-68,4.13,1.38,1.86e+04,1,1,
n76,n47,304,304,47.2,46.6,267.0,265.0,1.000e-73,3.920e-69,4.59,1.05,1.03e+04,1,1,
n76,n49,304,262,25.6,25.6,34.0,34.0,1.420e-03,1.920e+01,4.13,1.08,1.46e+04,0,0,
n76,n5,304,292,44.7,44.7,235.0,235.0,3.220e-64,4.340e-60,4.13,0.788,1.06e+04,1,1,
n76,n50,304,269,32.7,32.7,143.0,143.0,2.840e-36,3.830e-32,4.13,1.4,1.89e+04,1,1,
n76,n51,304,312,57.3,57.3,358.0,358.0,4.310e-101,5.800e-97,4.13,1.12,1.51e+04,1,1,
n76,n52,304,260,50.0,50.0,260.0,260.0,9.360e-72,1.260e-67,4.13,0.768,1.03e+04,1,1,
n76,n53,304,260,49.1,49.1,255.0,255.0,5.130e-70,6.920e-66,4.13,1.32,1.77e+04,1,1,
n76,n54,304,259,48.3,48.3,248.0,248.0,3.680e-68,4.960e-64,4.13,0.737,9.94e+03,1,1,
n76,n55,304,257,45.7,45.7,240.0,240.0,1.310e-65,1.760e-61,4.13,1.03,1.38e+04,1,1,
n76,n56,304,257,46.1,46.1,240.0,240.0,1.000e-65,1.350e-61,4.13,0.783,1.06e+04,1,1,
n76,n57,304,257,46.1,46.1,243.0,243.0,2.020e-66,2.720e-62,4.13,1.26,1.7e+04,1,1,
n76,n58,304,299,39.2,39.2,207.0,207.0,9.400e-56,1.270e-51,4.13,0.857,1.16e+04,1,1,
n76,n59,304,298,53.2,53.2,328.0,328.0,4.770e-92,6.430e-88,4.13,1.16,1.56e+04,1,1,
n76,n6,304,289,47.5,47.5,258.0,258.0,4.640e-71,6.250e-67,4.13,0.952,1.28e+04,1,1,
n76,n60,304,316,66.3,66.3,426.0,426.0,1.290e-121,1.730e-117,4.13,0.99,1.33e+04,1,1,
n76,n61,304,307,71.9,71.9,445.0,445.0,2.680e-127,3.610e-123,4.13,1.08,1.45e+04,1,1,
n76,n62,304,263,52.6,52.6,275.0,275.0,4.790e-76,6.460e-72,4.13,1.29,1.74e+04,1,1,
n76,n63,304,282,30.4,29.8,104.0,104.0,8.580e-25,1.970e-20,4.36,0.771,1.77e+04,1,0,lost_in_v12
n76,n64,304,257,49.3,49.3,254.0,254.0,8.760e-70,1.180e-65,4.13,1.12,1.51e+04,1,1,
n76,n66,304,302,78.3,78.3,476.0,476.0,8.310e-137,1.120e-132,4.13,0.718,9.68e+03,1,1,
n76,n67,304,366,35.7,35.7,163.0,163.0,2.030e-42,2.740e-38,4.13,1.05,1.42e+04,1,1,
n76,n68,304,302,76.6,76.6,479.0,479.0,1.670e-137,2.250e-133,4.13,1.15,1.56e+04,1,1,
n76,n69,304,279,42.9,42.2,221.0,216.0,8.220e-60,3.560e-54,5.64,1.23,1.66e+04,1,1,
n76,n7,304,302,76.8,76.8,478.0,478.0,3.730e-137,5.020e-133,4.13,1.29,1.74e+04,1,1,
n76,n70,304,292,49.6,49.6,269.0,269.0,2.010e-74,2.710e-70,4.13,0.845,1.14e+04,1,1,
n76,n71,304,297,53.7,53.7,323.0,323.0,1.540e-90,2.070e-86,4.13,1.17,1.57e+04,1,1,
n76,n72,304,311,45.9,45.9,256.0,256.0,1.760e-70,2.380e-66,4.13,0.903,1.22e+04,1,1,
n76,n73,304,302,45.5,45.5,233.0,233.0,2.090e-63,2.810e-59,4.13,1.28,1.72e+04,1,1,
n76,n74,304,284,45.7,47.7,252.0,270.0,2.550e-69,1.220e-70,-1.32,0.818,1.03e+04,1,1,
n76,n75,304,279,45.1,49.6,242.0,251.0,4.500e-66,9.990e-65,1.35,1.41,1.6e+04,1,1,
n76,n77,304,304,79.9,79.9,494.0,494.0,3.850e-142,5.190e-138,4.13,0.872,1.18e+04,1,1,
n76,n78,304,293,48.0,48.0,259.0,259.0,2.080e-71,2.810e-67,4.13,0.854,1.15e+04,1,1,
n76,n79,304,283,31.4,31.4,139.0,139.0,2.410e-35,3.240e-31,4.13,0.744,1e+04,1,1,
n76,n8,304,262,49.6,49.6,261.0,261.0,5.490e-72,7.390e-68,4.13,0.901,1.21e+04,1,1,
n76,n80,304,301,49.3,49.3,260.0,260.0,1.220e-71,1.650e-67,4.13,1,1.35e+04,1,1,
n76,n81,304,310,46.3,46.3,266.0,266.0,2.230e-73,3.000e-69,4.13,1.17,1.58e+04,1,1,
n76,n82,304,364,34.9,34.9,165.0,165.0,4.100e-43,5.520e-39,4.13,0.849,1.14e+04,1,1,
n76,n83,304,434,38.0,38.0,174.0,174.0,8.820e-46,1.190e-41,4.13,0.936,1.26e+04,1,1,
n76,n85,304,258,30.8,26.5,39.0,35.0,4.430e-05,1.120e+01,5.40,1.08,1.7e+04,0,0,
n76,n86,304,273,55.6,55.6,322.0,322.0,2.620e-90,3.530e-86,4.13,0.992,1.34e+04,1,1,
n76,n87,304,286,42.2,41.9,230.0,227.0,1.770e-62,1.540e-57,4.94,1.35,1.47e+04,1,1,
n76,n88,304,282,43.3,43.3,208.0,208.0,4.220e-56,5.680e-52,4.13,0.769,1.04e+04,1,1,
n76,n89,304,308,59.2,59.2,376.0,376.0,2.000e-106,2.690e-102,4.13,1.36,1.83e+04,1,1,
n76,n9,304,315,43.2,43.2,235.0,235.0,5.500e-64,7.410e-60,4.13,1.35,1.81e+04,1,1,
n76,n90,304,258,24.9,26.0,69.0,71.0,4.000e-14,1.420e-10,3.55,1.05,1.49e+04,0,0,
n77,n1,304,290,49.7,49.7,280.0,280.0,1.140e-77,1.540e-73,4.13,0.981,1.33e+04,1,1,
n77,n10,304,262,50.0,50.0,258.0,258.0,3.560e-71,4.790e-67,4.13,0.73,9.83e+03,1,1,
n77,n11,304,262,50.7,50.7,266.0,266.0,2.230e-73,3.000e-69,4.13,1.17,1.58e+04,1,1,
n77,n12,304,262,50.0,50.0,266.0,266.0,1.710e-73,2.300e-69,4.13,0.898,1.21e+04,1,1,
n77,n13,304,262,49.6,49.6,260.0,260.0,1.220e-71,1.650e-67,4.13,1,1.35e+04,1,1,
n77,n14,304,319,46.2,46.2,270.0,270.0,9.040e-75,1.220e-70,4.13,0.76,1.03e+04,1,1,
n77,n15,304,301,46.9,46.9,270.0,270.0,1.180e-74,1.590e-70,4.13,0.992,1.34e+04,1,1,
n77,n16,304,262,49.8,49.8,264.0,264.0,6.480e-73,8.730e-69,4.13,0.851,1.15e+04,1,1,
n77,n18,304,298,47.7,47.7,299.0,299.0,1.820e-83,2.450e-79,4.13,0.821,1.11e+04,1,1,
n77,n19,304,307,73.9,73.9,466.0,466.0,1.120e-133,1.510e-129,4.13,0.945,1.27e+04,1,1,
n77,n2,304,259,46.3,46.3,239.0,239.0,2.920e-65,3.930e-61,4.13,1.14,1.54e+04,1,1,
n77,n20,304,298,51.3,51.3,314.0,314.0,7.130e-88,9.600e-84,4.13,1.05,1.42e+04,1,1,
n77,n21,304,304,47.3,47.3,268.0,268.0,4.490e-74,6.040e-70,4.13,0.943,1.27e+04,1,1,
n77,n22,304,296,48.5,48.5,275.0,275.0,4.790e-76,6.460e-72,4.13,1.29,1.74e+04,1,1,
n77,n23,304,300,47.2,47.2,262.0,262.0,4.200e-72,5.660e-68,4.13,1.38,1.86e+04,1,1,
n77,n24,304,304,47.6,47.6,272.0,272.0,4.060e-75,5.470e-71,4.13,1.36,1.84e+04,1,1,
n77,n25,304,301,45.9,45.9,269.0,269.0,2.630e-74,3.540e-70,4.13,1.11,1.49e+04,1,1,
n77,n26,304,261,50.0,50.0,262.0,262.0,2.460e-72,3.320e-68,4.13,0.808,1.09e+04,1,1,
n77,n27,304,296,48.5,48.5,275.0,275.0,4.790e-76,6.460e-72,4.13,1.29,1.74e+04,1,1,
n77,n28,304,284,40.3,40.3,213.0,213.0,2.240e-57,3.010e-53,4.13,1.31,1.76e+04,1,1,
n77,n29,304,319,46.2,46.2,268.0,268.0,4.490e-74,6.040e-70,4.13,0.943,1.27e+04,1,1,
n77,n3,304,380,25.6,25.6,39.0,39.0,4.430e-05,5.960e-01,4.13,1.08,1.45e+04,0,0,
n77,n30,304,262,50.7,50.7,266.0,266.0,2.230e-73,3.000e-69,4.13,1.17,1.58e+04,1,1,
n77,n31,304,262,50.0,50.0,266.0,266.0,1.710e-73,2.300e-69,4.13,0.898,1.21e+04,1,1,
n77,n32,304,294,45.5,45.5,240.0,241.0,1.000e-65,1.030e-61,4.01,0.783,1.61e+04,1,1,
n77,n33,304,293,46.4,46.4,246.0,246.0,1.830e-67,2.460e-63,4.13,0.917,1.23e+04,1,1,
n77,n34,304,293,44.9,44.9,235.0,235.0,4.210e-64,5.670e-60,4.13,1.03,1.39e+04,1,1,
n77,n35,304,456,24.0,24.0,37.0,37.0,1.680e-04,2.270e+00,4.13,1.02,1.38e+04,0,0,
n77,n36,304,310,54.5,54.5,359.0,359.0,1.480e-101,1.990e-97,4.13,0.77,1.04e+04,1,1,
n77,n37,304,263,25.6,25.6,42.0,42.0,5.230e-06,7.040e-02,4.13,1.02,1.37e+04,0,0,
n77,n38,304,495,30.6,30.6,75.0,75.0,4.270e-16,5.750e-12,4.13,0.715,9.62e+03,1,1,
n77,n4,304,292,48.8,48.8,287.0,287.0,9.340e-80,1.260e-75,4.13,1.03,1.39e+04,1,1,
n77,n40,304,292,25.1,25.1,94.0,94.0,8.880e-22,1.200e-17,4.13,0.779,1.05e+04,0,0,
n77,n41,304,305,47.0,47.0,268.0,268.0,4.490e-74,6.040e-70,4.13,0.943,1.27e+04,1,1,
n77,n42,304,426,53.1,53.1,305.0,305.0,3.310e-85,4.460e-81,4.13,0.956,1.29e+04,1,1,
n77,n43,304,319,47.5,47.5,225.0,225.0,5.690e-61,7.660e-57,4.13,1.36,1.83e+04,1,1,
n77,n44,304,301,46.9,46.9,270.0,270.0,1.180e-74,1.590e-70,4.13,0.992,1.34e+04,1,1,
n77,n45,304,319,46.2,46.2,270.0,270.0,9.040e-75,1.220e-70,4.13,0.76,1.03e+04,1,1,
n77,n46,304,301,46.9,46.9,270.0,270.0,1.180e-74,1.590e-70,4.13,0.992,1.34e+04,1,1,
n77,n47,304,304,47.3,47.3,268.0,268.0,4.490e-74,6.040e-70,4.13,0.943,1.27e+04,1,1,
n77,n49,304,262,27.1,27.1,40.0,40.0,2.600e-05,3.500e-01,4.13,1.27,1.7e+04,0,0,
n77,n5,304,292,46.7,46.7,251.0,251.0,7.410e-69,9.990e-65,4.13,1.19,1.6e+04,1,1,
n77,n50,304,269,32.7,32.7,143.0,143.0,1.670e-36,2.250e-32,4.13,0.825,1.11e+04,1,1,
n77,n51,304,312,58.7,58.7,360.0,360.0,1.130e-101,1.530e-97,4.13,1.18,1.59e+04,1,1,
n77,n52,304,260,50.9,50.9,264.0,264.0,6.480e-73,8.730e-69,4.13,0.851,1.15e+04,1,1,
n77,n53,304,260,50.0,50.0,259.0,259.0,2.720e-71,3.670e-67,4.13,1.12,1.51e+04,1,1,
n77,n54,304,259,46.1,46.1,240.0,240.0,1.000e-65,1.350e-61,4.13,0.783,1.06e+04,1,1,
n77,n55,304,257,46.3,46.3,243.0,243.0,1.550e-66,2.080e-62,4.13,0.971,1.3e+04,1,1,
n77,n56,304,257,46.6,46.6,245.0,245.0,3.120e-67,4.200e-63,4.13,0.781,1.05e+04,1,1,
n77,n57,304,257,46.6,46.6,245.0,245.0,3.120e-67,4.200e-63,4.13,0.781,1.05e+04,1,1,
n77,n58,304,299,39.8,39.8,215.0,215.0,3.450e-58,4.650e-54,4.13,0.805,1.08e+04,1,1,
n77,n59,304,298,56.0,56.0,342.0,342.0,3.190e-96,4.300e-92,4.13,1.27,1.71e+04,1,1,
n77,n6,304,289,49.7,49.7,271.0,271.0,6.920e-75,9.320e-71,4.13,1.16,1.57e+04,1,1,
n77,n60,304,316,66.5,66.5,418.0,418.0,3.510e-119,4.720e-115,4.13,1.05,1.42e+04,1,1,
n77,n61,304,307,68.4,68.4,439.0,439.0,1.470e-125,1.980e-121,4.13,0.924,1.25e+04,1,1,
n77,n62,304,263,51.9,51.9,272.0,272.0,2.380e-75,3.200e-71,4.13,0.8,1.08e+04,1,1,
n77,n63,304,282,29.1,29.1,106.0,106.0,3.850e-25,5.190e-21,4.13,1.38,1.87e+04,0,0,
n77,n64,304,257,50.8,50.8,265.0,265.0,3.800e-73,5.120e-69,4.13,0.998,1.34e+04,1,1,
n77,n66,304,302,82.9,82.9,523.0,523.0,5.930e-151,7.980e-147,4.13,0.721,9.71e+03,1,1,
n77,n67,304,366,37.3,37.3,165.0,165.0,4.100e-43,5.520e-39,4.13,0.849,1.14e+04,1,1,
n77,n68,304,302,84.5,84.5,531.0,531.0,3.710e-153,5.000e-149,4.13,1.16,1.56e+04,1,1,
n77,n69,304,279,46.5,46.5,226.0,226.0,2.550e-61,3.440e-57,4.13,1.22,1.64e+04,1,1,
n77,n7,304,302,85.9,85.9,538.0,538.0,2.330e-155,3.130e-151,4.13,0.929,1.25e+04,1,1,
n77,n70,304,292,47.5,47.5,277.0,277.0,7.400e-77,9.960e-73,4.13,0.796,1.07e+04,1,1,
n77,n71,304,297,55.5,55.5,348.0,348.0,4.460e-98,6.000e-94,4.13,1.13,1.52e+04,1,1,
n77,n72,304,311,44.8,44.8,252.0,252.0,3.330e-69,4.480e-65,4.13,1.07,1.44e+04,1,1,
n77,n73,304,302,44.8,44.8,242.0,242.0,3.440e-66,4.640e-62,4.13,1.08,1.45e+04,1,1,
n77,n74,304,284,47.3,47.3,264.0,264.0,6.480e-73,8.730e-69,4.13,0.851,1.15e+04,1,1,
n77,n75,304,279,49.8,49.8,250.0,250.0,1.650e-68,2.220e-64,4.13,1.32,1.78e+04,1,1,
n77,n76,304,304,79.9,79.9,494.0,494.0,3.850e-142,5.190e-138,4.13,0.872,1.18e+04,1,1,
n77,n78,304,293,45.2,45.2,253.0,253.0,1.140e-69,1.540e-65,4.13,0.731,9.87e+03,1,1,
n77,n79,304,283,32.8,32.8,146.0,146.0,2.570e-37,3.460e-33,4.13,1.02,1.37e+04,1,1,
n77,n8,304,262,50.0,50.0,261.0,261.0,7.170e-72,9.650e-68,4.13,1.18,1.58e+04,1,1,
n77,n80,304,301,45.9,45.9,264.0,264.0,6.480e-73,8.730e-69,4.13,0.851,1.15e+04,1,1,
n77,n81,304,310,49.8,49.8,268.0,268.0,4.490e-74,6.040e-70,4.13,0.943,1.27e+04,1,1,
n77,n82,304,364,35.6,35.6,169.0,169.0,2.840e-44,3.820e-40,4.13,0.941,1.27e+04,1,1,
n77,n83,304,434,38.6,38.6,173.0,173.0,1.960e-45,2.650e-41,4.13,1.04,1.41e+04,1,1,
n77,n85,304,258,32.1,28.2,37.0,36.0,1.680e-04,3.870e+00,4.36,1.02,1.18e+04,0,0,
n77,n86,304,273,59.0,59.0,346.0,346.0,2.210e-97,2.980e-93,4.13,1.4,1.89e+04,1,1,
n77,n87,304,286,42.2,42.2,236.0,236.0,1.890e-64,2.550e-60,4.13,0.925,1.25e+04,1,1,
n77,n88,304,282,42.1,42.1,205.0,206.0,3.570e-55,3.680e-51,4.01,0.813,1.68e+04,1,1,
n77,n89,304,308,63.2,63.2,391.0,391.0,3.510e-111,4.730e-107,4.13,0.784,1.06e+04,1,1,
n77,n9,304,315,41.3,41.3,230.0,230.0,1.040e-62,1.400e-58,4.13,0.795,1.07e+04,1,1,
n77,n90,304,258,27.0,27.4,72.0,73.0,6.160e-15,2.850e-11,3.67,1.29,1.19e+04,0,0,
n78,n1,293,290,44.9,44.9,240.0,240.0,9.660e-66,1.300e-61,4.13,0.784,1.06e+04,1,1,
n78,n10,293,262,59.8,59.8,319.0,319.0,2.790e-89,3.760e-85,4.13,1.37,1.85e+04,1,1,
n78,n11,293,262,60.2,60.2,325.0,325.0,3.890e-91,5.240e-87,4.13,1.22,1.65e+04,1,1,
n78,n12,293,262,59.8,59.8,322.0,322.0,3.300e-90,4.440e-86,4.13,1.3,1.74e+04,1,1,
n78,n13,293,262,60.2,60.2,324.0,324.0,8.680e-91,1.170e-86,4.13,1.36,1.84e+04,1,1,
n78,n133,293,335,26.4,27.3,38.0,39.0,7.280e-05,5.750e-01,3.90,0.92,1.45e+04,0,0,
n78,n134,293,352,21.1,27.3,15.0,44.0,8.620e+02,1.790e-02,-4.68,1.3,1.45e+04,0,0,
n78,n14,293,319,56.6,56.6,327.0,327.0,6.010e-92,8.090e-88,4.13,0.755,1.02e+04,1,1,
n78,n15,293,301,56.7,56.7,332.0,332.0,2.440e-93,3.280e-89,4.13,0.981,1.32e+04,1,1,
n78,n16,293,262,63.6,63.6,337.0,337.0,7.580e-95,1.020e-90,4.13,0.975,1.31e+04,1,1,
n78,n18,293,298,48.3,48.3,271.0,271.0,6.670e-75,8.990e-71,4.13,1.16,1.57e+04,1,1,
n78,n19,293,307,44.6,44.6,254.0,254.0,6.460e-70,8.700e-66,4.13,0.86,1.16e+04,1,1,
n78,n2,293,259,66.2,66.2,354.0,354.0,4.590e-100,6.180e-96,4.13,0.774,1.04e+04,1,1,
n78,n20,293,298,42.9,42.9,225.0,225.0,5.480e-61,7.390e-57,4.13,1.36,1.83e+04,1,1,
n78,n21,293,304,46.9,46.9,249.0,249.0,2.080e-68,2.800e-64,4.13,0.865,1.16e+04,1,1,
n78,n22,293,296,55.4,55.4,327.0,327.0,7.850e-92,1.060e-87,4.13,0.986,1.33e+04,1,1,
n78,n23,293,300,55.6,55.6,328.0,328.0,3.520e-92,4.740e-88,4.13,0.885,1.19e+04,1,1,
n78,n24,293,304,58.5,58.5,339.0,340.0,1.530e-95,1.580e-91,4.01,0.788,1.63e+04,1,1,
n78,n25,293,301,56.7,56.7,329.0,329.0,2.060e-92,2.780e-88,4.13,1.04,1.4e+04,1,1,
n78,n26,293,261,60.6,60.6,325.0,325.0,2.280e-91,3.070e-87,4.13,0.716,9.64e+03,1,1,
n78,n27,293,296,55.4,55.4,327.0,327.0,7.850e-92,1.060e-87,4.13,0.986,1.33e+04,1,1,
n78,n28,293,284,50.9,50.9,287.0,287.0,9.000e-80,1.210e-75,4.13,1.03,1.38e+04,1,1,
n78,n29,293,319,58.0,58.0,338.0,338.0,3.400e-95,4.580e-91,4.13,0.875,1.18e+04,1,1,
n78,n30,293,262,60.2,60.2,325.0,325.0,3.890e-91,5.240e-87,4.13,1.22,1.65e+04,1,1,
n78,n31,293,262,59.8,59.8,322.0,322.0,3.300e-90,4.440e-86,4.13,1.3,1.74e+04,1,1,
n78,n32,293,294,48.4,48.1,263.0,260.0,1.820e-72,1.210e-67,4.82,1.24,1.03e+04,1,1,
n78,n33,293,293,50.7,50.7,273.0,273.0,1.340e-75,1.810e-71,4.13,0.935,1.26e+04,1,1,
n78,n34,293,293,46.9,49.7,198.0,265.0,4.210e-53,6.440e-69,-15.82,0.777,1.75e+04,1,1,
n78,n36,293,310,40.1,45.3,226.0,235.0,1.880e-61,4.180e-60,1.35,0.932,1.06e+04,1,1,
n78,n38,293,495,27.8,27.8,73.0,73.0,2.040e-15,2.750e-11,4.13,0.886,1.19e+04,0,0,
n78,n4,293,292,46.6,46.6,247.0,247.0,1.350e-67,1.820e-63,4.13,1.4,1.89e+04,1,1,
n78,n40,293,292,30.6,30.6,114.0,114.0,1.360e-27,1.840e-23,4.13,1.3,1.76e+04,1,1,
n78,n41,293,305,43.4,43.4,229.0,229.0,2.230e-62,3.000e-58,4.13,0.884,1.19e+04,1,1,
n78,n42,293,426,49.4,49.4,263.0,263.0,1.820e-72,2.450e-68,4.13,1.24,1.67e+04,1,1,
n78,n43,293,319,42.2,42.2,206.0,206.0,2.640e-55,3.550e-51,4.13,1.25,1.68e+04,1,1,
n78,n44,293,301,56.7,56.7,332.0,332.0,2.440e-93,3.280e-89,4.13,0.981,1.32e+04,1,1,
n78,n45,293,319,56.6,56.6,327.0,327.0,6.010e-92,8.090e-88,4.13,0.755,1.02e+04,1,1,
n78,n46,293,301,56.7,56.7,332.0,332.0,2.440e-93,3.280e-89,4.13,0.981,1.32e+04,1,1,
n78,n47,293,304,46.9,46.9,249.0,249.0,2.080e-68,2.800e-64,4.13,0.865,1.16e+04,1,1,
n78,n5,293,292,57.5,57.5,320.0,320.0,7.340e-90,9.890e-86,4.13,0.721,9.71e+03,1,1,
n78,n50,293,269,33.1,33.1,122.0,122.0,5.010e-30,6.740e-26,4.13,1.22,1.65e+04,1,1,
n78,n51,293,312,46.6,46.7,254.0,255.0,8.440e-70,6.670e-66,3.90,1.12,1.77e+04,1,1,
n78,n52,293,260,64.2,64.2,354.0,354.0,7.830e-100,1.050e-95,4.13,1.32,1.77e+04,1,1,
n78,n53,293,260,64.2,64.2,352.0,352.0,2.970e-99,4.010e-95,4.13,1.25,1.69e+04,1,1,
n78,n54,293,259,65.7,65.7,349.0,349.0,1.480e-98,1.990e-94,4.13,0.78,1.05e+04,1,1,
n78,n55,293,257,55.0,55.0,290.0,290.0,1.390e-80,1.870e-76,4.13,1.27,1.71e+04,1,1,
n78,n56,293,257,55.4,55.4,291.0,291.0,6.230e-81,8.390e-77,4.13,1.14,1.53e+04,1,1,
n78,n57,293,257,55.4,55.4,292.0,292.0,2.140e-81,2.880e-77,4.13,0.783,1.05e+04,1,1,
n78,n58,293,299,46.6,46.6,250.0,250.0,9.330e-69,1.260e-64,4.13,0.776,1.05e+04,1,1,
n78,n59,293,298,43.6,41.8,223.0,233.0,1.220e-60,1.590e-59,1.12,0.756,1.01e+04,1,1,
n78,n6,293,289,58.5,58.8,330.0,334.0,1.210e-92,6.620e-90,2.74,1.22,1.06e+04,1,1,
n78,n60,293,316,47.4,47.0,248.0,245.0,6.050e-68,4.040e-63,4.82,1.26,1.05e+04,1,1,
n78,n61,293,307,45.3,45.3,252.0,252.0,2.460e-69,3.310e-65,4.13,0.818,1.1e+04,1,1,
n78,n62,293,263,64.6,64.6,348.0,348.0,4.300e-98,5.780e-94,4.13,1.13,1.52e+04,1,1,
n78,n63,293,282,30.7,30.7,104.0,104.0,1.080e-24,1.450e-20,4.13,1.01,1.35e+04,1,1,
n78,n64,293,257,61.9,61.9,339.0,339.0,1.530e-95,2.060e-91,4.13,0.788,1.06e+04,1,1,
n78,n66,293,302,47.7,48.7,260.0,273.0,1.540e-71,1.390e-71,-0.04,1.31,9.7e+03,1,1,
n78,n67,293,366,32.1,32.1,127.0,127.0,1.560e-31,2.100e-27,4.13,1.22,1.64e+04,1,1,
n78,n68,293,302,47.2,48.5,261.0,275.0,5.290e-72,4.770e-72,-0.04,0.901,1.33e+04,1,1,
n78,n69,293,279,47.6,49.1,260.0,270.0,1.180e-71,2.000e-70,1.23,1,1.74e+04,1,1,
n78,n7,293,302,46.6,47.8,248.0,265.0,4.630e-68,6.440e-69,-0.86,0.963,1.75e+04,1,1,
n78,n70,293,292,47.4,46.7,259.0,259.0,2.010e-71,2.710e-67,4.13,0.856,1.15e+04,1,1,
n78,n71,293,297,41.8,41.4,233.0,231.0,1.180e-63,6.040e-59,4.71,0.749,9.58e+03,1,1,
n78,n72,293,311,60.4,60.4,355.0,355.0,3.510e-100,4.730e-96,4.13,1.18,1.6e+04,1,1,
n78,n73,293,302,54.1,54.1,309.0,309.0,1.690e-86,2.280e-82,4.13,0.81,1.09e+04,1,1,
n78,n74,293,284,57.2,57.2,319.0,319.0,2.140e-89,2.880e-85,4.13,1.05,1.41e+04,1,1,
n78,n75,293,279,46.4,46.4,230.0,230.0,1.700e-62,2.300e-58,4.13,1.35,1.82e+04,1,1,
n78,n76,293,304,48.0,48.0,259.0,259.0,2.010e-71,2.710e-67,4.13,0.856,1.15e+04,1,1,
n78,n77,293,304,45.2,44.8,253.0,251.0,1.100e-69,7.370e-65,4.83,0.732,1.23e+04,1,1,
n78,n79,293,283,32.6,32.6,114.0,114.0,1.360e-27,1.840e-23,4.13,1.3,1.76e+04,1,1,
n78,n8,293,262,60.0,60.0,323.0,323.0,1.480e-90,1.990e-86,4.13,1.16,1.56e+04,1,1,
n78,n80,293,301,56.7,56.7,331.0,331.0,5.430e-93,7.320e-89,4.13,1.09,1.47e+04,1,1,
n78,n81,293,310,60.2,60.2,358.0,358.0,4.150e-101,5.590e-97,4.13,1.12,1.51e+04,1,1,
n78,n82,293,364,30.5,30.5,133.0,133.0,1.660e-33,2.240e-29,4.13,0.831,1.12e+04,1,1,
n78,n83,293,434,46.9,46.9,237.0,237.0,8.180e-65,1.100e-60,4.13,0.83,1.12e+04,1,1,
n78,n85,293,258,35.3,28.0,40.0,33.0,1.920e-05,3.150e+01,6.22,0.97,1.24e+04,0,0,
n78,n86,293,273,44.4,47.2,228.0,241.0,6.480e-62,9.960e-62,0.19,1.28,1.62e+04,1,1,
n78,n87,293,286,54.8,54.8,302.0,302.0,3.530e-84,4.750e-80,4.13,1.32,1.78e+04,1,1,
n78,n88,293,282,45.4,45.4,227.0,227.0,1.110e-61,1.140e-57,4.01,1.1,1.13e+04,1,1,
n78,n89,293,308,42.5,42.5,240.0,240.0,1.650e-65,2.220e-61,4.13,1.34,1.8e+04,1,1,
n78,n9,293,315,57.0,57.0,319.0,319.0,2.140e-89,2.880e-85,4.13,1.05,1.41e+04,1,1,
n78,n90,293,258,28.4,28.4,64.0,64.0,1.240e-12,1.670e-08,4.13,1.05,1.42e+04,0,0,
n79,n1,283,290,34.5,34.5,146.0,146.0,3.130e-37,4.210e-33,4.13,1.33,1.79e+04,1,1,
n79,n10,283,262,34.0,34.0,126.0,126.0,1.960e-31,2.640e-27,4.13,0.793,1.07e+04,1,1,
n79,n11,283,262,34.0,34.0,127.0,127.0,8.810e-32,1.190e-27,4.13,0.713,9.63e+03,1,1,
n79,n12,283,262,36.0,36.0,135.0,135.0,5.520e-34,7.430e-30,4.13,1.14,1.54e+04,1,1,
n79,n13,283,262,34.7,34.7,130.0,130.0,1.780e-32,2.390e-28,4.13,1.15,1.55e+04,1,1,
n79,n14,283,319,36.0,36.0,135.0,135.0,5.520e-34,7.430e-30,4.13,1.14,1.54e+04,1,1,
n79,n15,283,301,34.0,34.0,127.0,127.0,8.810e-32,1.190e-27,4.13,0.713,9.63e+03,1,1,
n79,n16,283,262,34.7,34.7,136.0,136.0,1.900e-34,2.560e-30,4.13,0.788,1.06e+04,1,1,
n79,n18,283,298,30.8,30.8,119.0,119.0,2.400e-29,3.230e-25,4.13,0.759,1.02e+04,1,1,
n79,n19,283,307,30.9,30.9,131.0,131.0,7.970e-33,1.070e-28,4.13,1.03,1.39e+04,1,1,
n79,n2,283,259,30.6,30.6,113.0,113.0,2.250e-27,3.030e-23,4.13,1.11,1.5e+04,1,1,
n79,n20,283,298,30.3,30.3,113.0,113.0,2.250e-27,3.030e-23,4.13,1.11,1.5e+04,1,1,
n79,n21,283,304,32.2,32.2,133.0,133.0,1.610e-33,2.160e-29,4.13,0.834,1.12e+04,1,1,
n79,n22,283,296,34.7,34.7,126.0,126.0,1.960e-31,2.640e-27,4.13,0.793,1.07e+04,1,1,
n79,n23,283,300,34.4,34.4,126.0,126.0,1.960e-31,2.640e-27,4.13,0.793,1.07e+04,1,1,
n79,n24,283,304,30.5,30.5,112.0,112.0,2.930e-27,3.950e-23,4.13,0.724,9.76e+03,1,1,
n79,n25,283,301,35.6,35.6,133.0,133.0,1.610e-33,2.160e-29,4.13,0.834,1.12e+04,1,1,
n79,n26,283,261,33.9,33.9,126.0,126.0,3.350e-31,4.510e-27,4.13,1.36,1.83e+04,1,1,
n79,n27,283,296,34.7,34.7,126.0,126.0,1.960e-31,2.640e-27,4.13,0.793,1.07e+04,1,1,
n79,n28,283,284,28.1,28.5,90.0,91.0,1.560e-20,1.230e-16,3.90,0.919,1.45e+04,0,0,
n79,n29,283,319,35.2,35.2,131.0,131.0,7.970e-33,1.070e-28,4.13,1.03,1.39e+04,1,1,
n79,n30,283,262,34.0,34.0,127.0,127.0,8.810e-32,1.190e-27,4.13,0.713,9.63e+03,1,1,
n79,n31,283,262,36.0,36.0,135.0,135.0,5.520e-34,7.430e-30,4.13,1.14,1.54e+04,1,1,
n79,n32,283,294,27.4,27.8,92.0,93.0,3.140e-21,2.480e-17,3.90,0.74,1.17e+04,0,0,
n79,n33,283,293,31.9,31.9,126.0,126.0,3.350e-31,4.510e-27,4.13,1.36,1.83e+04,1,1,
n79,n34,283,293,32.7,32.7,124.0,124.0,1.270e-30,1.710e-26,4.13,1.29,1.73e+04,1,1,
n79,n36,283,310,30.0,29.7,115.0,117.0,4.530e-28,1.600e-24,3.55,0.895,1.27e+04,1,0,lost_in_v12
n79,n4,283,292,32.2,32.2,124.0,124.0,7.460e-31,1.000e-26,4.13,0.755,1.01e+04,1,1,
n79,n40,283,292,24.3,24.3,76.0,76.0,3.040e-16,4.100e-12,4.13,1.09,1.47e+04,0,0,
n79,n41,283,305,33.3,33.3,136.0,136.0,2.480e-34,3.340e-30,4.13,1.03,1.38e+04,1,1,
n79,n42,283,426,30.8,30.8,122.0,122.0,4.840e-30,6.510e-26,4.13,1.22,1.65e+04,1,1,
n79,n43,283,319,27.7,27.7,101.0,101.0,1.150e-23,1.550e-19,4.13,1.39,1.87e+04,0,0,
n79,n44,283,301,34.0,34.0,127.0,127.0,8.810e-32,1.190e-27,4.13,0.713,9.63e+03,1,1,
n79,n45,283,319,36.0,36.0,135.0,135.0,5.520e-34,7.430e-30,4.13,1.14,1.54e+04,1,1,
n79,n46,283,301,34.0,34.0,127.0,127.0,8.810e-32,1.190e-27,4.13,0.713,9.63e+03,1,1,
n79,n47,283,304,32.2,32.2,133.0,133.0,1.610e-33,2.160e-29,4.13,0.834,1.12e+04,1,1,
n79,n5,283,292,32.3,32.3,120.0,120.0,1.840e-29,2.470e-25,4.13,1.16,1.56e+04,1,1,
n79,n50,283,269,85.4,85.4,489.0,489.0,1.510e-140,2.030e-136,4.13,1.15,1.54e+04,1,1,
n79,n51,283,312,30.2,30.2,119.0,119.0,3.130e-29,4.220e-25,4.13,0.99,1.33e+04,1,1,
n79,n52,283,260,30.8,30.8,116.0,116.0,3.470e-28,4.670e-24,4.13,1.37,1.85e+04,1,1,
n79,n53,283,260,32.2,32.2,123.0,123.0,1.660e-30,2.240e-26,4.13,0.84,1.13e+04,1,1,
n79,n54,283,259,31.0,31.0,116.0,116.0,3.470e-28,4.670e-24,4.13,1.37,1.85e+04,1,1,
n79,n55,283,257,30.3,32.1,100.0,108.0,1.970e-23,9.730e-22,1.69,1.19,1.5e+04,1,1,
n79,n56,283,257,31.1,32.9,104.0,112.0,1.360e-24,6.740e-23,1.70,1.31,1.67e+04,1,1,
n79,n57,283,257,30.8,32.1,95.0,109.0,6.330e-22,5.710e-22,-0.04,1.19,1.76e+04,1,1,
n79,n58,283,299,28.6,28.6,106.0,106.0,2.100e-25,2.830e-21,4.13,0.811,1.09e+04,0,0,
n79,n59,283,298,31.6,31.6,133.0,133.0,2.100e-33,2.820e-29,4.13,1.09,1.46e+04,1,1,
n79,n6,283,289,29.7,29.7,120.0,120.0,1.410e-29,1.890e-25,4.13,0.892,1.2e+04,0,0,
n79,n60,283,316,30.5,30.5,116.0,116.0,3.470e-28,4.670e-24,4.13,1.37,1.85e+04,1,1,
n79,n61,283,307,30.8,30.8,128.0,128.0,5.170e-32,6.960e-28,4.13,0.837,1.13e+04,1,1,
n79,n62,283,263,34.7,34.7,135.0,135.0,5.520e-34,7.430e-30,4.13,1.14,1.54e+04,1,1,
n79,n63,283,282,26.6,26.6,77.0,77.0,1.780e-16,2.400e-12,4.13,1.28,1.73e+04,0,0,
n79,n64,283,257,32.2,32.2,116.0,116.0,2.650e-28,3.570e-24,4.13,1.05,1.41e+04,1,1,
n79,n66,283,302,32.5,32.6,137.0,138.0,1.450e-34,6.720e-31,3.67,1.2,1.11e+04,1,1,
n79,n67,283,366,33.2,33.2,140.0,140.0,1.310e-35,1.770e-31,4.13,0.869,1.17e+04,1,1,
n79,n68,283,302,31.5,31.5,138.0,138.0,4.990e-35,6.720e-31,4.13,0.827,1.11e+04,1,1,
n79,n69,283,279,33.2,33.2,120.0,120.0,1.410e-29,1.890e-25,4.13,0.892,1.2e+04,1,1,
n79,n7,283,302,31.9,31.9,146.0,146.0,1.830e-37,2.470e-33,4.13,0.777,1.05e+04,1,1,
n79,n70,283,292,33.6,33.6,134.0,134.0,1.230e-33,1.660e-29,4.13,1.27,1.72e+04,1,1,
n79,n71,283,297,29.2,29.2,127.0,127.0,1.500e-31,2.020e-27,4.13,1.21,1.64e+04,0,0,
n79,n72,283,311,29.5,29.5,104.0,104.0,7.990e-25,1.080e-20,4.13,0.771,1.04e+04,0,0,
n79,n73,283,302,27.0,27.0,104.0,104.0,1.040e-24,1.410e-20,4.13,1,1.36e+04,0,0,
n79,n74,283,284,33.2,33.2,119.0,119.0,3.130e-29,4.220e-25,4.13,0.99,1.33e+04,1,1,
n79,n75,283,279,35.2,35.2,140.0,140.0,1.720e-35,2.310e-31,4.13,1.14,1.53e+04,1,1,
n79,n76,283,304,31.4,31.4,139.0,139.0,2.240e-35,3.020e-31,4.13,0.743,1e+04,1,1,
n79,n77,283,304,32.8,32.8,146.0,146.0,2.390e-37,3.220e-33,4.13,1.01,1.37e+04,1,1,
n79,n78,283,293,32.6,32.6,114.0,114.0,1.320e-27,1.770e-23,4.13,1.3,1.75e+04,1,1,
n79,n8,283,262,34.3,34.3,128.0,128.0,6.750e-32,9.090e-28,4.13,1.09,1.47e+04,1,1,
n79,n80,283,301,34.7,34.7,130.0,130.0,1.780e-32,2.390e-28,4.13,1.15,1.55e+04,1,1,
n79,n81,283,310,32.6,32.6,121.0,121.0,1.080e-29,1.450e-25,4.13,1.37,1.83e+04,1,1,
n79,n82,283,364,32.8,32.8,131.0,131.0,1.040e-32,1.400e-28,4.13,1.35,1.81e+04,1,1,
n79,n83,283,434,30.1,30.1,103.0,103.0,1.780e-24,2.400e-20,4.13,0.859,1.16e+04,1,1,
n79,n86,283,273,31.0,31.6,126.0,129.0,2.560e-31,3.120e-28,3.09,1.04,1.01e+04,1,1,
n79,n87,283,286,29.8,29.8,109.0,109.0,4.240e-26,5.710e-22,4.13,1.31,1.76e+04,0,0,
n79,n88,283,282,31.5,31.5,106.0,106.0,2.100e-25,2.830e-21,4.13,0.811,1.09e+04,1,1,
n79,n89,283,308,33.9,33.9,142.0,142.0,4.520e-36,6.080e-32,4.13,1.2,1.61e+04,1,1,
n79,n9,283,315,33.2,33.2,126.0,126.0,1.960e-31,2.640e-27,4.13,0.793,1.07e+04,1,1,
n79,n90,283,258,24.3,24.3,42.0,43.0,4.870e-06,3.840e-02,3.90,1.02,1.61e+04,0,0,
n8,n1,262,290,50.6,50.6,252.0,252.0,2.200e-69,2.960e-65,4.13,0.818,1.1e+04,1,1,
n8,n10,262,262,97.3,97.3,511.0,511.0,3.430e-147,4.610e-143,4.13,1.18,1.59e+04,1,1,
n8,n11,262,262,98.9,98.9,525.0,525.0,2.290e-151,3.090e-147,4.13,1.29,1.74e+04,1,1,
n8,n12,262,262,92.7,92.7,497.0,497.0,5.120e-143,6.890e-139,4.13,1.08,1.45e+04,1,1,
n8,n127,262,433,30.6,30.6,40.0,40.0,2.240e-05,3.010e-01,4.13,1.27,1.7e+04,0,0,
n8,n13,262,262,97.3,97.3,519.0,519.0,1.260e-149,1.690e-145,4.13,1.11,1.49e+04,1,1,
n8,n14,262,319,92.7,92.7,498.0,498.0,1.760e-143,2.370e-139,4.13,0.74,9.97e+03,1,1,
n8,n15,262,301,98.9,98.9,526.0,526.0,7.880e-152,1.060e-147,4.13,0.89,1.2e+04,1,1,
n8,n16,262,262,74.3,74.3,411.0,411.0,3.690e-117,4.980e-113,4.13,1,1.35e+04,1,1,
n8,n17,262,314,23.4,33.3,25.0,42.0,7.450e-01,6.070e-02,-1.09,1.28,1.37e+04,0,0,
n8,n18,262,298,51.9,51.9,274.0,274.0,5.400e-76,7.270e-72,4.13,0.843,1.13e+04,1,1,
n8,n19,262,307,45.8,45.8,250.0,250.0,1.090e-68,1.470e-64,4.13,1.01,1.37e+04,1,1,
n8,n2,262,259,64.3,64.3,346.0,346.0,1.910e-97,2.570e-93,4.13,1.41,1.89e+04,1,1,
n8,n20,262,298,48.5,48.5,239.0,239.0,1.920e-65,2.590e-61,4.13,0.872,1.18e+04,1,1,
n8,n21,262,304,51.8,51.8,247.0,247.0,7.070e-68,9.520e-64,4.13,0.822,1.11e+04,1,1,
n8,n22,262,296,82.8,82.8,456.0,456.0,1.000e-130,1.350e-126,4.13,0.956,1.29e+04,1,1,
n8,n23,262,300,82.1,82.1,450.0,450.0,7.180e-129,9.670e-125,4.13,1.07,1.45e+04,1,1,
n8,n24,262,304,64.9,64.9,356.0,356.0,1.840e-100,2.480e-96,4.13,1.39,1.87e+04,1,1,
n8,n25,262,301,92.0,92.0,495.0,495.0,1.490e-142,2.010e-138,4.13,0.783,1.06e+04,1,1,
n8,n26,262,261,98.9,98.9,525.0,525.0,1.340e-151,1.810e-147,4.13,0.757,1.02e+04,1,1,
n8,n27,262,296,82.8,82.8,456.0,456.0,1.000e-130,1.350e-126,4.13,0.956,1.29e+04,1,1,
n8,n28,262,284,55.6,55.6,294.0,294.0,5.040e-82,6.790e-78,4.13,0.825,1.11e+04,1,1,
n8,n29,262,319,93.9,93.9,505.0,505.0,1.880e-145,2.530e-141,4.13,1.01,1.36e+04,1,1,
n8,n3,262,380,22.2,22.2,36.0,36.0,3.230e-04,4.350e+00,4.13,1.14,1.54e+04,0,0,
n8,n30,262,262,98.9,98.9,525.0,525.0,2.290e-151,3.090e-147,4.13,1.29,1.74e+04,1,1,
n8,n31,262,262,92.7,92.7,497.0,497.0,5.120e-143,6.890e-139,4.13,1.08,1.45e+04,1,1,
n8,n32,262,294,50.6,50.6,272.0,272.0,2.050e-75,2.760e-71,4.13,0.8,1.08e+04,1,1,
n8,n33,262,293,60.7,60.7,308.0,308.0,3.370e-86,4.540e-82,4.13,0.903,1.22e+04,1,1,
n8,n34,262,293,60.3,60.3,305.0,305.0,2.190e-85,2.940e-81,4.13,0.734,9.85e+03,1,1,
n8,n35,262,456,21.7,21.7,38.0,38.0,6.510e-05,8.770e-01,4.13,0.92,1.24e+04,0,0,
n8,n36,262,310,48.1,48.1,245.0,245.0,2.680e-67,3.620e-63,4.13,0.779,1.05e+04,1,1,
n8,n37,262,263,27.2,26.4,37.0,37.0,1.450e-04,1.950e+00,4.13,1.02,1.38e+04,0,0,
n8,n38,262,495,28.8,28.8,69.0,69.0,3.440e-14,4.640e-10,4.13,1.04,1.41e+04,0,0,
n8,n4,262,292,49.3,49.3,255.0,255.0,4.430e-70,5.960e-66,4.13,1.32,1.77e+04,1,1,
n8,n40,262,292,30.5,30.5,101.0,101.0,1.070e-23,1.440e-19,4.13,1.39,1.88e+04,1,1,
n8,n41,262,305,48.3,48.3,243.0,243.0,1.740e-66,2.340e-62,4.13,1.26,1.7e+04,1,1,
n8,n42,262,426,50.9,50.9,276.0,276.0,1.420e-76,1.910e-72,4.13,0.886,1.19e+04,1,1,
n8,n43,262,319,43.9,43.9,201.0,201.0,4.450e-54,5.990e-50,4.13,0.735,9.9e+03,1,1,
n8,n44,262,301,98.9,98.9,526.0,526.0,7.880e-152,1.060e-147,4.13,0.89,1.2e+04,1,1,
n8,n45,262,319,92.7,92.7,498.0,498.0,1.760e-143,2.370e-139,4.13,0.74,9.97e+03,1,1,
n8,n46,262,301,98.9,98.9,526.0,526.0,7.880e-152,1.060e-147,4.13,0.89,1.2e+04,1,1,
n8,n47,262,304,51.8,51.8,247.0,247.0,7.070e-68,9.520e-64,4.13,0.822,1.11e+04,1,1,
n8,n49,262,262,28.2,28.2,35.0,35.0,5.510e-04,7.420e+00,4.13,0.973,1.31e+04,0,0,
n8,n5,262,292,61.0,61.0,332.0,332.0,2.180e-93,2.940e-89,4.13,0.98,1.32e+04,1,1,
n8,n50,262,269,33.7,33.7,136.0,136.0,3.000e-34,4.030e-30,4.13,1.34,1.8e+04,1,1,
n8,n51,262,312,52.6,52.6,263.0,263.0,1.240e-72,1.680e-68,4.13,0.945,1.28e+04,1,1,
n8,n52,262,260,67.3,67.3,360.0,360.0,7.480e-102,1.010e-97,4.13,0.903,1.22e+04,1,1,
n8,n53,262,260,67.6,67.6,359.0,359.0,1.670e-101,2.240e-97,4.13,1.01,1.35e+04,1,1,
n8,n54,262,259,64.5,64.5,347.0,347.0,6.550e-98,8.820e-94,4.13,0.965,1.3e+04,1,1,
n8,n55,262,257,54.6,54.6,279.0,279.0,2.190e-77,2.950e-73,4.13,1.09,1.47e+04,1,1,
n8,n56,262,257,54.6,54.6,281.0,281.0,5.770e-78,7.770e-74,4.13,1.15,1.55e+04,1,1,
n8,n57,262,257,55.3,55.3,282.0,282.0,1.980e-78,2.670e-74,4.13,0.791,1.07e+04,1,1,
n8,n58,262,299,54.0,54.0,277.0,277.0,8.330e-77,1.120e-72,4.13,1.04,1.4e+04,1,1,
n8,n59,262,298,47.7,47.7,247.0,247.0,1.210e-67,1.620e-63,4.13,1.41,1.88e+04,1,1,
n8,n6,262,289,61.2,61.2,337.0,337.0,8.860e-95,1.190e-90,4.13,1.28,1.71e+04,1,1,
n8,n60,262,316,47.4,47.4,245.0,245.0,3.510e-67,4.720e-63,4.13,1.02,1.37e+04,1,1,
n8,n61,262,307,46.2,46.2,239.0,239.0,2.510e-65,3.380e-61,4.13,1.14,1.53e+04,1,1,
n8,n62,262,263,62.7,62.7,339.0,339.0,1.780e-95,2.400e-91,4.13,1.02,1.38e+04,1,1,
n8,n63,262,282,31.1,31.1,105.0,105.0,5.660e-25,7.630e-21,4.13,1.18,1.59e+04,1,1,
n8,n64,262,257,65.1,65.1,346.0,346.0,1.120e-97,1.510e-93,4.13,0.825,1.11e+04,1,1,
n8,n65,262,254,28.4,28.4,44.0,44.0,9.080e-07,1.220e-02,4.13,0.821,1.1e+04,0,0,
n8,n66,262,302,49.8,49.8,260.0,260.0,1.380e-71,1.850e-67,4.13,1.31,1.76e+04,1,1,
n8,n67,262,366,34.6,34.6,127.0,127.0,1.070e-31,1.440e-27,4.13,0.936,1.26e+04,1,1,
n8,n68,262,302,51.3,51.3,270.0,270.0,1.330e-74,1.790e-70,4.13,1.3,1.75e+04,1,1,
n8,n69,262,279,58.5,58.5,311.0,311.0,3.980e-87,5.370e-83,4.13,0.853,1.15e+04,1,1,
n8,n7,262,302,51.5,51.5,265.0,265.0,3.270e-73,4.410e-69,4.13,0.996,1.34e+04,1,1,
n8,n70,262,292,49.1,49.1,266.0,266.0,1.470e-73,1.980e-69,4.13,0.896,1.21e+04,1,1,
n8,n71,262,297,46.2,46.2,244.0,244.0,7.810e-67,1.050e-62,4.13,1.13,1.53e+04,1,1,
n8,n72,262,311,60.8,60.8,336.0,336.0,1.160e-94,1.560e-90,4.13,0.835,1.12e+04,1,1,
n8,n73,262,302,53.2,53.2,282.0,282.0,2.590e-78,3.490e-74,4.13,1.03,1.39e+04,1,1,
n8,n74,262,284,78.6,78.6,426.0,426.0,1.110e-121,1.490e-117,4.13,0.989,1.33e+04,1,1,
n8,n75,262,279,49.2,49.2,240.0,240.0,8.640e-66,1.160e-61,4.13,0.785,1.05e+04,1,1,
n8,n76,262,304,49.6,49.6,261.0,261.0,4.730e-72,6.370e-68,4.13,0.901,1.21e+04,1,1,
n8,n77,262,304,50.0,50.0,261.0,261.0,6.180e-72,8.320e-68,4.13,1.18,1.58e+04,1,1,
n8,n78,262,293,60.0,60.0,323.0,323.0,1.320e-90,1.780e-86,4.13,1.16,1.56e+04,1,1,
n8,n79,262,283,34.3,34.3,128.0,128.0,6.250e-32,8.410e-28,4.13,1.09,1.47e+04,1,1,
n8,n80,262,301,96.9,96.9,519.0,519.0,1.260e-149,1.690e-145,4.13,1.11,1.49e+04,1,1,
n8,n81,262,310,63.5,63.5,349.0,349.0,2.250e-98,3.030e-94,4.13,1.33,1.79e+04,1,1,
n8,n82,262,364,33.5,33.5,127.0,127.0,1.070e-31,1.440e-27,4.13,0.936,1.26e+04,1,1,
n8,n83,262,434,48.3,48.3,230.0,230.0,8.940e-63,1.200e-58,4.13,0.793,1.06e+04,1,1,
n8,n85,262,258,25.2,25.2,40.0,40.0,2.240e-05,3.010e-01,4.13,1.27,1.7e+04,0,0,
n8,n86,262,273,48.9,48.9,253.0,253.0,1.680e-69,2.260e-65,4.13,1.25,1.68e+04,1,1,
n8,n87,262,286,59.1,59.1,307.0,307.0,9.810e-86,1.320e-81,4.13,1.31,1.77e+04,1,1,
n8,n88,262,282,50.0,50.0,260.0,260.0,1.050e-71,1.420e-67,4.13,1,1.35e+04,1,1,
n8,n89,262,308,47.7,49.4,256.0,257.0,1.990e-70,1.570e-66,3.90,1.18,1.87e+04,1,1,
n8,n9,262,315,59.5,59.5,315.0,315.0,3.600e-88,4.850e-84,4.13,1.24,1.66e+04,1,1,
n8,n90,262,258,25.8,26.7,65.0,65.0,3.810e-13,6.700e-09,4.25,0.723,1.27e+04,0,0,
n80,n1,301,290,49.7,49.7,262.0,262.0,4.160e-72,5.600e-68,4.13,1.38,1.86e+04,1,1,
n80,n10,301,262,96.2,96.2,508.0,508.0,3.330e-146,4.490e-142,4.13,1.25,1.68e+04,1,1,
n80,n11,301,262,97.3,97.3,520.0,520.0,6.490e-150,8.740e-146,4.13,0.997,1.34e+04,1,1,
n80,n12,301,262,94.3,94.3,506.0,506.0,1.270e-145,1.710e-141,4.13,1.19,1.6e+04,1,1,
n80,n127,301,433,29.4,29.4,35.0,35.0,4.850e-04,6.530e+00,4.13,0.746,1e+04,0,0,
n80,n13,301,262,99.6,99.6,530.0,530.0,4.800e-153,6.460e-149,4.13,0.755,1.02e+04,1,1,
n80,n14,301,319,94.0,94.0,571.0,571.0,3.210e-165,4.320e-161,4.13,1.11,1.49e+04,1,1,
n80,n15,301,301,97.7,97.7,590.0,590.0,5.110e-171,6.880e-167,4.13,0.926,1.25e+04,1,1,
n80,n16,301,262,74.7,74.7,414.0,414.0,6.550e-118,8.820e-114,4.13,1.24,1.67e+04,1,1,
n80,n17,301,314,22.8,31.2,23.0,39.0,1.910e+00,5.900e-01,-0.51,0.717,1.45e+04,0,0,
n80,n18,301,298,50.3,50.3,282.0,282.0,3.880e-78,5.230e-74,4.13,1.35,1.82e+04,1,1,
n80,n19,301,307,43.9,44.0,253.0,257.0,1.130e-69,1.060e-66,2.97,0.732,1.1e+04,1,1,
n80,n2,301,259,64.6,64.6,348.0,348.0,3.380e-98,4.550e-94,4.13,0.867,1.17e+04,1,1,
n80,n20,301,298,48.2,48.2,240.0,240.0,1.690e-65,2.280e-61,4.13,1.34,1.8e+04,1,1,
n80,n21,301,304,47.9,47.9,252.0,252.0,2.520e-69,3.400e-65,4.13,0.816,1.1e+04,1,1,
n80,n22,301,296,79.4,79.4,486.0,486.0,1.360e-139,1.830e-135,4.13,1.22,1.64e+04,1,1,
n80,n23,301,300,79.7,79.7,492.0,493.0,1.450e-141,1.140e-137,3.90,0.83,1.3e+04,1,1,
n80,n24,301,304,60.7,60.7,364.0,364.0,4.560e-103,6.140e-99,4.13,0.767,1.03e+04,1,1,
n80,n25,301,301,95.0,95.0,575.0,575.0,1.700e-166,2.290e-162,4.13,0.941,1.27e+04,1,1,
n80,n26,301,261,98.1,98.1,523.0,523.0,5.870e-151,7.900e-147,4.13,0.721,9.71e+03,1,1,
n80,n27,301,296,79.4,79.4,486.0,486.0,1.360e-139,1.830e-135,4.13,1.22,1.64e+04,1,1,
n80,n28,301,284,55.0,55.0,303.0,303.0,1.630e-84,2.190e-80,4.13,1.19,1.6e+04,1,1,
n80,n29,301,319,97.3,97.3,588.0,588.0,1.940e-170,2.610e-166,4.13,0.879,1.18e+04,1,1,
n80,n3,301,380,22.9,22.9,37.0,37.0,1.280e-04,1.720e+00,4.13,0.787,1.06e+04,0,0,
n80,n30,301,262,97.3,97.3,520.0,520.0,6.490e-150,8.740e-146,4.13,0.997,1.34e+04,1,1,
n80,n31,301,262,94.3,94.3,506.0,506.0,1.270e-145,1.710e-141,4.13,1.19,1.6e+04,1,1,
n80,n32,301,294,49.0,49.0,289.0,289.0,2.430e-80,3.280e-76,4.13,1.08,1.46e+04,1,1,
n80,n33,301,293,57.5,57.5,309.0,309.0,1.740e-86,2.340e-82,4.13,0.812,1.09e+04,1,1,
n80,n34,301,293,56.7,56.7,309.0,309.0,2.970e-86,4.000e-82,4.13,1.39,1.87e+04,1,1,
n80,n35,301,456,22.2,22.2,38.0,38.0,9.770e-05,1.320e+00,4.13,1.2,1.62e+04,0,0,
n80,n36,301,310,48.1,48.1,247.0,247.0,1.060e-67,1.430e-63,4.13,1.07,1.45e+04,1,1,
n80,n37,301,263,28.0,27.2,40.0,40.0,1.970e-05,2.650e-01,4.13,0.969,1.3e+04,0,0,
n80,n38,301,495,25.8,25.8,69.0,69.0,5.170e-14,6.960e-10,4.13,1.37,1.84e+04,0,0,
n80,n4,301,292,47.5,49.5,258.0,261.0,4.600e-71,7.320e-68,3.20,0.953,1.21e+04,1,1,
n80,n40,301,292,30.0,30.0,101.0,101.0,9.400e-24,1.270e-19,4.13,1.07,1.44e+04,1,1,
n80,n41,301,305,44.5,44.5,242.0,242.0,4.450e-66,6.000e-62,4.13,1.41,1.9e+04,1,1,
n80,n42,301,426,50.6,50.6,275.0,275.0,4.750e-76,6.390e-72,4.13,1.29,1.74e+04,1,1,
n80,n43,301,319,41.5,41.5,208.0,208.0,7.130e-56,9.600e-52,4.13,1.31,1.77e+04,1,1,
n80,n44,301,301,97.7,97.7,590.0,590.0,5.110e-171,6.880e-167,4.13,0.926,1.25e+04,1,1,
n80,n45,301,319,94.0,94.0,571.0,571.0,3.210e-165,4.320e-161,4.13,1.11,1.49e+04,1,1,
n80,n46,301,301,97.7,97.7,590.0,590.0,5.110e-171,6.880e-167,4.13,0.926,1.25e+04,1,1,
n80,n47,301,304,47.9,47.9,252.0,252.0,2.520e-69,3.400e-65,4.13,0.816,1.1e+04,1,1,
n80,n49,301,262,26.7,26.7,37.0,37.0,2.180e-04,2.930e+00,4.13,1.34,1.8e+04,0,0,
n80,n5,301,292,60.1,60.1,347.0,347.0,7.530e-98,1.010e-93,4.13,0.966,1.3e+04,1,1,
n80,n50,301,269,33.9,33.9,137.0,137.0,1.550e-34,2.080e-30,4.13,1.21,1.62e+04,1,1,
n80,n51,301,312,49.1,49.1,261.0,261.0,7.090e-72,9.550e-68,4.13,1.18,1.58e+04,1,1,
n80,n52,301,260,68.1,68.1,364.0,364.0,4.560e-103,6.140e-99,4.13,0.767,1.03e+04,1,1,
n80,n53,301,260,68.3,68.3,363.0,363.0,1.010e-102,1.370e-98,4.13,0.849,1.15e+04,1,1,
n80,n54,301,259,64.9,64.9,350.0,350.0,1.160e-98,1.560e-94,4.13,1.19,1.6e+04,1,1,
n80,n55,301,257,54.2,54.2,277.0,277.0,7.320e-77,9.860e-73,4.13,0.795,1.07e+04,1,1,
n80,n56,301,257,54.6,54.6,280.0,280.0,1.480e-77,1.990e-73,4.13,1.29,1.73e+04,1,1,
n80,n57,301,257,55.0,55.0,281.0,281.0,6.620e-78,8.920e-74,4.13,1.15,1.55e+04,1,1,
n80,n58,301,299,52.2,51.2,285.0,287.0,3.510e-79,1.630e-75,3.67,0.976,1.81e+04,1,1,
n80,n59,301,298,46.2,46.2,257.0,257.0,1.340e-70,1.800e-66,4.13,1.39,1.87e+04,1,1,
n80,n6,301,289,59.8,59.8,344.0,345.0,8.320e-97,3.850e-93,3.67,1.33,1.23e+04,1,1,
n80,n60,301,316,47.0,47.0,242.0,242.0,4.450e-66,6.000e-62,4.13,1.41,1.9e+04,1,1,
n80,n61,301,307,45.9,45.9,235.0,235.0,4.170e-64,5.610e-60,4.13,1.03,1.39e+04,1,1,
n80,n62,301,263,62.4,62.4,339.0,339.0,1.570e-95,2.110e-91,4.13,0.787,1.06e+04,1,1,
n80,n63,301,282,31.1,30.9,106.0,106.0,2.920e-25,3.010e-21,4.01,1.06,1.09e+04,1,1,
n80,n64,301,257,64.7,64.7,346.0,346.0,2.190e-97,2.950e-93,4.13,1.4,1.89e+04,1,1,
n80,n65,301,254,28.4,28.4,45.0,45.0,4.680e-07,6.310e-03,4.13,0.737,9.93e+03,0,0,
n80,n66,301,302,46.5,46.5,266.0,266.0,2.210e-73,2.970e-69,4.13,1.17,1.58e+04,1,1,
n80,n67,301,366,34.8,34.8,122.0,122.0,3.020e-30,4.060e-26,4.13,0.718,9.66e+03,1,1,
n80,n68,301,302,48.5,49.0,276.0,277.0,1.630e-76,9.860e-73,3.78,0.885,1.07e+04,1,1,
n80,n69,301,279,56.3,57.2,317.0,319.0,1.090e-88,2.960e-85,3.43,1.3,1.41e+04,1,1,
n80,n7,301,302,48.7,48.7,270.0,270.0,8.950e-75,1.210e-70,4.13,0.76,1.03e+04,1,1,
n80,n70,301,292,48.3,48.3,275.0,275.0,2.780e-76,3.750e-72,4.13,0.755,1.02e+04,1,1,
n80,n71,301,297,44.4,44.4,249.0,249.0,2.140e-68,2.880e-64,4.13,0.866,1.17e+04,1,1,
n80,n72,301,311,57.9,58.4,351.0,352.0,6.810e-99,2.410e-95,3.55,1.4,9.89e+03,1,1,
n80,n73,301,302,50.2,49.8,282.0,289.0,2.970e-78,4.280e-76,2.16,1.03,1.9e+04,1,1,
n80,n74,301,284,77.0,75.8,444.0,444.0,4.520e-127,6.090e-123,4.13,0.919,1.24e+04,1,1,
n80,n75,301,279,48.6,48.9,249.0,250.0,2.790e-68,1.290e-64,3.66,1.13,1.04e+04,1,1,
n80,n76,301,304,49.3,49.3,260.0,260.0,1.210e-71,1.630e-67,4.13,1,1.35e+04,1,1,
n80,n77,301,304,45.9,45.9,264.0,264.0,6.420e-73,8.640e-69,4.13,0.851,1.15e+04,1,1,
n80,n78,301,293,56.7,56.7,331.0,331.0,5.580e-93,7.520e-89,4.13,1.09,1.47e+04,1,1,
n80,n79,301,283,34.7,34.7,130.0,130.0,1.890e-32,2.540e-28,4.13,1.15,1.55e+04,1,1,
n80,n8,301,262,96.9,96.9,519.0,519.0,1.450e-149,1.950e-145,4.13,1.11,1.5e+04,1,1,
n80,n81,301,310,60.1,60.1,358.0,358.0,3.270e-101,4.400e-97,4.13,0.859,1.16e+04,1,1,
n80,n82,301,364,33.7,33.7,123.0,123.0,1.770e-30,2.380e-26,4.13,0.842,1.13e+04,1,1,
n80,n83,301,434,47.1,47.1,243.0,243.0,1.170e-66,1.580e-62,4.13,0.74,9.99e+03,1,1,
n80,n85,301,258,25.2,25.2,40.0,40.0,1.970e-05,2.650e-01,4.13,0.969,1.3e+04,0,0,
n80,n86,301,273,48.4,48.4,256.0,256.0,1.750e-70,2.350e-66,4.13,0.907,1.22e+04,1,1,
n80,n87,301,286,56.1,56.1,313.0,313.0,1.570e-87,2.120e-83,4.13,1.17,1.58e+04,1,1,
n80,n88,301,282,48.1,48.1,269.0,269.0,1.990e-74,2.690e-70,4.13,0.845,1.14e+04,1,1,
n80,n89,301,308,45.7,45.7,257.0,257.0,7.840e-71,1.060e-66,4.13,0.812,1.1e+04,1,1,
n80,n9,301,315,54.9,54.9,319.0,319.0,2.200e-89,2.960e-85,4.13,1.05,1.41e+04,1,1,
n80,n90,301,258,27.0,27.8,65.0,64.0,7.460e-13,1.310e-08,4.24,1.23,1.08e+04,0,0,
n81,n1,310,290,50.5,50.5,261.0,261.0,5.590e-72,7.530e-68,4.13,0.9,1.21e+04,1,1,
n81,n10,310,262,62.8,62.8,340.0,340.0,9.480e-96,1.280e-91,4.13,0.922,1.25e+04,1,1,
n81,n11,310,262,64.0,64.0,352.0,352.0,3.150e-99,4.240e-95,4.13,1.26,1.69e+04,1,1,
n81,n12,310,262,62.8,62.8,343.0,343.0,1.120e-96,1.510e-92,4.13,0.872,1.18e+04,1,1,
n81,n13,310,262,63.6,63.6,349.0,349.0,2.660e-98,3.590e-94,4.13,1.33,1.79e+04,1,1,
n81,n133,310,335,22.7,22.7,39.0,39.0,4.520e-05,6.080e-01,4.13,1.08,1.45e+04,0,0,
n81,n14,310,319,58.8,58.8,353.0,353.0,1.410e-99,1.900e-95,4.13,1.12,1.51e+04,1,1,
n81,n15,310,301,60.4,60.4,361.0,361.0,3.970e-102,5.350e-98,4.13,0.81,1.09e+04,1,1,
n81,n16,310,262,67.4,67.4,360.0,360.0,1.160e-101,1.560e-97,4.13,1.18,1.59e+04,1,1,
n81,n17,310,314,33.0,33.0,40.0,40.0,1.550e-05,2.090e-01,4.13,0.74,9.98e+03,0,0,
n81,n18,310,298,50.3,50.3,283.0,283.0,1.800e-78,2.420e-74,4.13,1.22,1.63e+04,1,1,
n81,n19,310,307,45.5,45.5,253.0,253.0,1.170e-69,1.570e-65,4.13,0.736,9.87e+03,1,1,
n81,n2,310,259,67.7,67.7,361.0,361.0,5.190e-102,6.990e-98,4.13,1.06,1.43e+04,1,1,
n81,n20,310,298,43.9,43.9,232.0,232.0,2.780e-63,3.750e-59,4.13,0.834,1.12e+04,1,1,
n81,n21,310,304,51.3,51.3,270.0,270.0,1.200e-74,1.620e-70,4.13,0.989,1.34e+04,1,1,
n81,n22,310,296,62.4,62.4,365.0,371.0,2.750e-103,8.820e-101,2.51,0.898,1.84e+04,1,1,
n81,n23,310,300,59.9,59.9,351.0,351.0,5.370e-99,7.230e-95,4.13,1.07,1.44e+04,1,1,
n81,n24,310,304,61.8,61.8,368.0,368.0,4.240e-104,5.720e-100,4.13,1.11,1.49e+04,1,1,
n81,n25,310,301,60.0,60.0,354.0,354.0,6.340e-100,8.540e-96,4.13,1.01,1.36e+04,1,1,
n81,n26,310,261,64.4,64.4,352.0,352.0,2.410e-99,3.250e-95,4.13,0.96,1.3e+04,1,1,
n81,n27,310,296,62.4,62.4,365.0,371.0,2.750e-103,8.820e-101,2.51,0.898,1.84e+04,1,1,
n81,n28,310,284,56.3,56.3,318.0,318.0,5.040e-89,6.780e-85,4.13,1.17,1.57e+04,1,1,
n81,n29,310,319,59.5,59.5,361.0,361.0,5.190e-102,6.990e-98,4.13,1.06,1.43e+04,1,1,
n81,n30,310,262,64.0,64.0,352.0,352.0,3.150e-99,4.240e-95,4.13,1.26,1.69e+04,1,1,
n81,n31,310,262,62.8,62.8,343.0,343.0,1.120e-96,1.510e-92,4.13,0.872,1.18e+04,1,1,
n81,n32,310,294,51.7,51.7,295.0,295.0,3.500e-82,4.710e-78,4.13,0.968,1.3e+04,1,1,
n81,n33,310,293,53.6,53.6,303.0,303.0,1.680e-84,2.260e-80,4.13,1.19,1.6e+04,1,1,
n81,n34,310,293,53.4,53.4,295.0,295.0,4.570e-82,6.150e-78,4.13,1.26,1.7e+04,1,1,
n81,n36,310,310,48.0,48.0,248.0,248.0,3.750e-68,5.050e-64,4.13,0.737,9.92e+03,1,1,
n81,n38,310,495,27.6,27.6,62.0,62.0,6.510e-12,8.760e-08,4.13,1.3,1.76e+04,0,0,
n81,n4,310,292,49.3,49.3,267.0,267.0,1.020e-73,1.370e-69,4.13,1.05,1.41e+04,1,1,
n81,n40,310,292,30.7,30.7,99.0,99.0,4.800e-23,6.470e-19,4.13,1.32,1.78e+04,1,1,
n81,n41,310,305,45.1,45.1,238.0,238.0,5.070e-65,6.830e-61,4.13,0.973,1.31e+04,1,1,
n81,n42,310,426,43.6,52.3,206.0,292.0,2.790e-55,3.050e-77,-21.96,1.25,1.05e+04,1,1,
n81,n43,310,319,41.6,41.6,205.0,205.0,6.210e-55,8.370e-51,4.13,1.39,1.87e+04,1,1,
n81,n44,310,301,60.4,60.4,361.0,361.0,3.970e-102,5.350e-98,4.13,0.81,1.09e+04,1,1,
n81,n45,310,319,58.8,58.8,353.0,353.0,1.410e-99,1.900e-95,4.13,1.12,1.51e+04,1,1,
n81,n46,310,301,60.4,60.4,361.0,361.0,3.970e-102,5.350e-98,4.13,0.81,1.09e+04,1,1,
n81,n47,310,304,51.3,51.3,270.0,270.0,1.200e-74,1.620e-70,4.13,0.989,1.34e+04,1,1,
n81,n5,310,292,63.4,63.4,369.0,369.0,2.490e-104,3.350e-100,4.13,1.3,1.75e+04,1,1,
n81,n50,310,269,29.0,30.5,118.0,125.0,5.860e-29,6.450e-27,2.04,0.846,1.19e+04,0,1,gained_in_v12
n81,n51,310,312,47.2,47.2,254.0,254.0,8.930e-70,1.200e-65,4.13,1.12,1.51e+04,1,1,
n81,n52,310,260,73.6,73.6,405.0,405.0,2.400e-115,3.230e-111,4.13,0.862,1.16e+04,1,1,
n81,n53,310,260,74.0,74.0,412.0,412.0,1.960e-117,2.640e-113,4.13,0.901,1.21e+04,1,1,
n81,n54,310,259,68.2,68.2,366.0,366.0,1.610e-103,2.170e-99,4.13,1.05,1.42e+04,1,1,
n81,n55,310,257,62.9,62.9,332.0,332.0,2.580e-93,3.480e-89,4.13,0.981,1.32e+04,1,1,
n81,n56,310,257,64.3,64.3,336.0,336.0,1.370e-94,1.840e-90,4.13,0.833,1.12e+04,1,1,
n81,n57,310,257,64.0,64.0,334.0,334.0,5.200e-94,7.000e-90,4.13,0.791,1.06e+04,1,1,
n81,n58,310,299,51.7,51.7,295.0,295.0,4.570e-82,6.150e-78,4.13,1.26,1.7e+04,1,1,
n81,n59,310,298,46.3,46.3,255.0,255.0,5.240e-70,7.050e-66,4.13,1.32,1.77e+04,1,1,
n81,n6,310,289,66.7,66.7,391.0,391.0,4.680e-111,6.300e-107,4.13,1.03,1.38e+04,1,1,
n81,n60,310,316,45.7,45.7,247.0,247.0,8.360e-68,1.130e-63,4.13,0.821,1.11e+04,1,1,
n81,n61,310,307,47.1,47.1,257.0,257.0,1.060e-70,1.420e-66,4.13,1.07,1.43e+04,1,1,
n81,n62,310,263,78.2,78.2,429.0,429.0,1.550e-122,2.090e-118,4.13,0.934,1.26e+04,1,1,
n81,n63,310,282,26.6,26.3,94.0,94.0,1.540e-21,2.080e-17,4.13,1.33,1.79e+04,0,0,
n81,n64,310,257,73.5,73.5,398.0,398.0,3.830e-113,5.160e-109,4.13,1.07,1.45e+04,1,1,
n81,n66,310,302,50.9,50.9,272.0,272.0,2.430e-75,3.270e-71,4.13,0.801,1.08e+04,1,1,
n81,n67,310,366,32.0,32.0,127.0,127.0,1.260e-31,1.700e-27,4.13,0.931,1.26e+04,1,1,
n81,n68,310,302,49.0,49.0,278.0,278.0,3.390e-77,4.560e-73,4.13,0.715,9.62e+03,1,1,
n81,n69,310,279,51.0,56.2,289.0,305.0,3.270e-80,4.550e-81,-0.86,1.41,1.29e+04,1,1,
n81,n7,310,302,44.9,46.6,238.0,260.0,3.880e-65,1.290e-67,-2.48,0.745,1.04e+04,1,1,
n81,n70,310,292,47.8,47.8,263.0,263.0,1.920e-72,2.590e-68,4.13,1.24,1.67e+04,1,1,
n81,n71,310,297,48.9,48.9,247.0,247.0,1.090e-67,1.470e-63,4.13,1.07,1.44e+04,1,1,
n81,n72,310,311,61.7,61.7,367.0,368.0,5.540e-104,5.720e-100,4.01,0.723,1.49e+04,1,1,
n81,n73,310,302,56.9,56.9,339.0,339.0,1.620e-95,2.180e-91,4.13,0.788,1.06e+04,1,1,
n81,n74,310,284,61.8,61.8,359.0,358.0,2.570e-101,4.530e-97,4.25,1.31,1.16e+04,1,1,
n81,n75,310,279,49.4,49.4,248.0,248.0,4.900e-68,6.600e-64,4.13,0.963,1.3e+04,1,1,
n81,n76,310,304,46.3,46.3,266.0,266.0,2.270e-73,3.060e-69,4.13,1.17,1.58e+04,1,1,
n81,n77,310,304,49.8,49.8,268.0,268.0,4.580e-74,6.160e-70,4.13,0.944,1.27e+04,1,1,
n81,n78,310,293,60.2,60.2,358.0,358.0,4.390e-101,5.910e-97,4.13,1.12,1.51e+04,1,1,
n81,n79,310,283,32.6,32.6,121.0,121.0,1.180e-29,1.590e-25,4.13,1.36,1.84e+04,1,1,
n81,n8,310,262,63.5,63.5,349.0,349.0,2.660e-98,3.590e-94,4.13,1.33,1.79e+04,1,1,
n81,n80,310,301,60.1,60.1,358.0,358.0,3.360e-101,4.530e-97,4.13,0.857,1.16e+04,1,1,
n81,n82,310,364,34.3,34.3,138.0,138.0,9.330e-35,1.260e-30,4.13,1.41,1.91e+04,1,1,
n81,n83,310,434,50.9,50.9,265.0,265.0,2.970e-73,3.990e-69,4.13,0.765,1.03e+04,1,1,
n81,n85,310,258,28.8,28.8,41.0,41.0,1.190e-05,1.600e-01,4.13,1.14,1.53e+04,0,0,
n81,n86,310,273,49.6,49.6,255.0,255.0,4.010e-70,5.400e-66,4.13,1.01,1.36e+04,1,1,
n81,n87,310,286,65.3,65.3,371.0,371.0,6.550e-105,8.820e-101,4.13,1.37,1.84e+04,1,1,
n81,n88,310,282,50.4,50.4,250.0,250.0,1.290e-68,1.740e-64,4.13,1.01,1.37e+04,1,1,
n81,n89,310,308,49.5,49.5,251.0,251.0,7.560e-69,1.020e-64,4.13,1.19,1.6e+04,1,1,
n81,n9,310,315,62.2,62.2,373.0,373.0,1.010e-105,1.360e-101,4.13,0.844,1.14e+04,1,1,
n81,n90,310,258,28.0,28.0,71.0,72.0,8.210e-15,6.480e-11,3.90,0.842,1.33e+04,0,0,
n81,n96,310,283,30.4,30.4,31.0,31.0,9.420e-03,1.270e+02,4.13,0.879,1.18e+04,0,0,
n82,n1,364,290,36.9,36.9,157.0,157.0,1.740e-40,2.350e-36,4.13,1.18,1.59e+04,1,1,
n82,n10,364,262,34.2,34.2,127.0,127.0,1.930e-31,2.600e-27,4.13,1.21,1.64e+04,1,1,
n82,n11,364,262,34.2,34.2,127.0,127.0,1.930e-31,2.600e-27,4.13,1.21,1.64e+04,1,1,
n82,n12,364,262,35.2,35.2,129.0,129.0,3.900e-32,5.250e-28,4.13,0.982,1.32e+04,1,1,
n82,n13,364,262,33.9,33.9,124.0,124.0,1.640e-30,2.200e-26,4.13,1.29,1.73e+04,1,1,
n82,n14,364,319,35.2,35.2,129.0,129.0,3.900e-32,5.250e-28,4.13,0.982,1.32e+04,1,1,
n82,n15,364,301,34.2,34.2,127.0,127.0,1.930e-31,2.600e-27,4.13,1.21,1.64e+04,1,1,
n82,n16,364,262,33.8,33.8,128.0,128.0,6.650e-32,8.950e-28,4.13,0.837,1.13e+04,1,1,
n82,n18,364,298,34.2,34.2,159.0,159.0,2.690e-41,3.630e-37,4.13,0.727,9.81e+03,1,1,
n82,n19,364,307,36.1,36.1,164.0,164.0,8.370e-43,1.130e-38,4.13,0.724,9.78e+03,1,1,
n82,n2,364,259,33.2,33.2,129.0,129.0,2.980e-32,4.020e-28,4.13,0.75,1.01e+04,1,1,
n82,n20,364,298,33.5,33.5,148.0,148.0,6.210e-38,8.360e-34,4.13,0.82,1.1e+04,1,1,
n82,n21,364,304,41.5,41.5,173.0,173.0,3.070e-45,4.140e-41,4.13,1.36,1.83e+04,1,1,
n82,n22,364,296,37.9,37.9,140.0,140.0,1.690e-35,2.280e-31,4.13,0.871,1.18e+04,1,1,
n82,n23,364,300,37.4,37.4,134.0,134.0,9.270e-34,1.250e-29,4.13,0.747,1.01e+04,1,1,
n82,n24,364,304,32.4,32.4,126.0,126.0,3.300e-31,3.400e-27,4.01,1.04,1.07e+04,1,1,
n82,n25,364,301,35.2,35.2,129.0,129.0,2.980e-32,4.020e-28,4.13,0.75,1.01e+04,1,1,
n82,n26,364,261,34.2,34.2,127.0,127.0,1.930e-31,2.600e-27,4.13,1.21,1.64e+04,1,1,
n82,n27,364,296,37.9,37.9,140.0,140.0,1.690e-35,2.280e-31,4.13,0.871,1.18e+04,1,1,
n82,n28,364,284,35.0,35.0,122.0,124.0,3.650e-30,2.200e-26,3.78,0.718,1.73e+04,1,1,
n82,n29,364,319,34.4,34.4,124.0,124.0,1.640e-30,2.200e-26,4.13,1.29,1.73e+04,1,1,
n82,n3,364,380,28.0,28.0,36.0,36.0,3.440e-04,4.630e+00,4.13,0.875,1.18e+04,0,0,
n82,n30,364,262,34.2,34.2,127.0,127.0,1.930e-31,2.600e-27,4.13,1.21,1.64e+04,1,1,
n82,n31,364,262,35.2,35.2,129.0,129.0,3.900e-32,5.250e-28,4.13,0.982,1.32e+04,1,1,
n82,n32,364,294,34.0,34.0,143.0,143.0,2.000e-36,2.690e-32,4.13,0.825,1.11e+04,1,1,
n82,n33,364,293,23.3,40.2,25.0,169.0,7.920e-01,5.980e-40,-39.12,0.983,1.66e+04,0,1,gained_in_v12
n82,n34,364,293,22.7,39.4,26.0,162.0,4.650e-01,7.300e-38,-36.80,1.15,1.58e+04,0,1,gained_in_v12
n82,n35,364,456,21.6,21.6,36.0,36.0,3.440e-04,4.630e+00,4.13,0.875,1.18e+04,0,0,
n82,n36,364,310,37.2,37.2,164.0,164.0,8.370e-43,1.130e-38,4.13,0.724,9.78e+03,1,1,
n82,n38,364,495,27.6,27.9,69.0,69.0,6.250e-14,8.420e-10,4.13,1.36,1.84e+04,0,0,
n82,n4,364,292,36.2,36.2,158.0,158.0,1.020e-40,1.380e-36,4.13,1.38,1.87e+04,1,1,
n82,n40,364,292,30.5,30.0,91.0,91.0,1.180e-20,1.580e-16,4.13,1.08,1.45e+04,1,1,
n82,n41,364,305,32.6,32.6,136.0,136.0,3.190e-34,4.290e-30,4.13,1.03,1.38e+04,1,1,
n82,n42,364,426,41.5,41.5,188.0,188.0,7.070e-50,9.520e-46,4.13,1.03,1.38e+04,1,1,
n82,n43,364,319,30.5,30.5,119.0,119.0,3.090e-29,4.160e-25,4.13,0.76,1.02e+04,1,1,
n82,n44,364,301,34.2,34.2,127.0,127.0,1.930e-31,2.600e-27,4.13,1.21,1.64e+04,1,1,
n82,n45,364,319,35.2,35.2,129.0,129.0,3.900e-32,5.250e-28,4.13,0.982,1.32e+04,1,1,
n82,n46,364,301,34.2,34.2,127.0,127.0,1.930e-31,2.600e-27,4.13,1.21,1.64e+04,1,1,
n82,n47,364,304,41.5,41.5,173.0,173.0,3.070e-45,4.140e-41,4.13,1.36,1.83e+04,1,1,
n82,n5,364,292,20.0,33.9,22.0,136.0,5.140e+00,4.290e-30,-30.08,0.798,1.38e+04,0,1,gained_in_v12
n82,n50,364,269,30.2,30.2,127.0,127.0,1.480e-31,1.990e-27,4.13,0.932,1.25e+04,1,1,
n82,n51,364,312,33.1,33.1,149.0,149.0,4.750e-38,6.400e-34,4.13,1.25,1.69e+04,1,1,
n82,n52,364,260,34.4,34.4,143.0,143.0,2.610e-36,3.510e-32,4.13,1.08,1.45e+04,1,1,
n82,n53,364,260,34.5,34.5,140.0,140.0,2.210e-35,2.970e-31,4.13,1.14,1.53e+04,1,1,
n82,n54,364,259,33.2,33.2,129.0,129.0,5.090e-32,6.850e-28,4.13,1.28,1.72e+04,1,1,
n82,n55,364,257,36.4,36.4,139.0,139.0,4.920e-35,6.620e-31,4.13,1.27,1.71e+04,1,1,
n82,n56,364,257,36.4,36.4,139.0,139.0,2.880e-35,3.880e-31,4.13,0.743,1e+04,1,1,
n82,n57,364,257,36.8,36.8,142.0,142.0,4.450e-36,5.990e-32,4.13,0.918,1.24e+04,1,1,
n82,n58,364,299,33.1,33.1,129.0,129.0,3.900e-32,5.250e-28,4.13,0.982,1.32e+04,1,1,
n82,n59,364,298,22.6,32.8,24.0,153.0,1.350e+00,2.600e-35,-34.72,0.838,1.1e+04,0,1,gained_in_v12
n82,n6,364,289,34.7,34.7,134.0,134.0,9.270e-34,1.250e-29,4.13,0.747,1.01e+04,1,1,
n82,n60,364,316,39.0,39.0,185.0,185.0,4.580e-49,6.170e-45,4.13,0.831,1.12e+04,1,1,
n82,n61,364,307,40.1,40.1,186.0,186.0,2.690e-49,3.620e-45,4.13,0.976,1.31e+04,1,1,
n82,n62,364,263,32.6,32.6,127.0,127.0,1.930e-31,2.600e-27,4.13,1.21,1.64e+04,1,1,
n82,n63,364,282,32.1,32.1,102.0,102.0,3.910e-24,5.260e-20,4.13,0.734,9.87e+03,1,1,
n82,n64,364,257,32.9,32.9,127.0,127.0,1.480e-31,1.990e-27,4.13,0.932,1.25e+04,1,1,
n82,n66,364,302,35.4,35.4,168.0,168.0,5.790e-44,7.800e-40,4.13,0.801,1.08e+04,1,1,
n82,n67,364,366,60.8,60.8,474.0,474.0,4.940e-136,6.650e-132,4.13,0.892,1.2e+04,1,1,
n82,n68,364,302,36.2,36.2,171.0,171.0,8.940e-45,1.200e-40,4.13,0.99,1.33e+04,1,1,
n82,n69,364,279,33.5,33.5,125.0,125.0,5.630e-31,7.580e-27,4.13,0.886,1.19e+04,1,1,
n82,n7,364,302,36.5,36.5,168.0,168.0,5.790e-44,7.800e-40,4.13,0.801,1.08e+04,1,1,
n82,n70,364,292,32.9,33.2,154.0,157.0,8.660e-40,2.350e-36,3.43,0.732,1.59e+04,1,1,
n82,n71,364,297,20.4,34.9,23.0,170.0,3.930e+00,2.050e-40,-40.28,1.22,1.14e+04,0,1,gained_in_v12
n82,n72,364,311,31.2,31.2,111.0,111.0,8.410e-27,1.130e-22,4.13,0.808,1.09e+04,1,1,
n82,n73,364,302,33.3,33.3,131.0,131.0,7.850e-33,1.060e-28,4.13,0.791,1.07e+04,1,1,
n82,n74,364,284,36.2,36.2,139.0,139.0,4.920e-35,6.620e-31,4.13,1.27,1.71e+04,1,1,
n82,n75,364,279,34.1,34.1,136.0,136.0,3.190e-34,4.290e-30,4.13,1.03,1.38e+04,1,1,
n82,n76,364,304,34.9,34.9,165.0,165.0,4.910e-43,6.610e-39,4.13,0.85,1.14e+04,1,1,
n82,n77,364,304,35.6,35.6,169.0,169.0,3.400e-44,4.580e-40,4.13,0.941,1.27e+04,1,1,
n82,n78,364,293,30.5,30.5,133.0,133.0,2.070e-33,2.780e-29,4.13,0.834,1.12e+04,1,1,
n82,n79,364,283,32.8,32.8,131.0,131.0,1.340e-32,1.800e-28,4.13,1.35,1.81e+04,1,1,
n82,n8,364,262,33.5,33.5,127.0,127.0,1.480e-31,1.990e-27,4.13,0.932,1.25e+04,1,1,
n82,n80,364,301,33.7,33.7,123.0,123.0,2.140e-30,2.880e-26,4.13,0.842,1.13e+04,1,1,
n82,n81,364,310,34.3,34.3,138.0,138.0,1.100e-34,1.480e-30,4.13,1.42,1.91e+04,1,1,
n82,n83,364,434,31.7,31.7,121.0,121.0,8.120e-30,1.090e-25,4.13,0.799,1.07e+04,1,1,
n82,n86,364,273,35.9,35.9,158.0,158.0,1.020e-40,1.380e-36,4.13,1.38,1.87e+04,1,1,
n82,n87,364,286,35.2,35.2,132.0,132.0,4.600e-33,6.200e-29,4.13,0.927,1.25e+04,1,1,
n82,n88,364,282,30.9,30.9,112.0,112.0,3.770e-27,5.080e-23,4.13,0.724,9.76e+03,1,1,
n82,n89,364,308,39.3,39.3,176.0,176.0,3.630e-46,4.890e-42,4.13,1.29,1.73e+04,1,1,
n82,n9,364,315,36.3,34.2,143.0,143.0,2.000e-36,2.690e-32,4.13,0.825,1.11e+04,1,1,
n83,n1,434,290,40.6,40.6,199.0,199.0,4.770e-53,6.430e-49,4.13,1.19,1.6e+04,1,1,
n83,n10,434,262,48.7,48.7,227.0,227.0,1.250e-61,1.690e-57,4.13,0.837,1.13e+04,1,1,
n83,n11,434,262,48.7,48.7,231.0,231.0,8.680e-63,1.170e-58,4.13,0.929,1.25e+04,1,1,
n83,n12,434,262,47.1,47.1,223.0,223.0,1.810e-60,2.440e-56,4.13,0.757,1.02e+04,1,1,
n83,n128,434,365,25.6,25.6,31.0,31.0,1.320e-02,1.780e+02,4.13,0.88,1.19e+04,0,0,
n83,n13,434,262,48.3,48.3,230.0,230.0,2.530e-62,3.400e-58,4.13,1.35,1.82e+04,1,1,
n83,n14,434,319,46.1,45.8,238.0,235.0,9.270e-65,6.200e-60,4.83,1.27,1.06e+04,1,1,
n83,n15,434,301,47.5,47.1,245.0,243.0,4.450e-67,2.970e-62,4.82,0.781,1.3e+04,1,1,
n83,n16,434,262,48.1,48.1,236.0,236.0,3.520e-64,4.750e-60,4.13,1.21,1.63e+04,1,1,
n83,n17,434,314,29.7,29.7,30.0,30.0,2.940e-02,3.950e+02,4.13,0.98,1.32e+04,0,0,
n83,n18,434,298,44.6,44.6,223.0,223.0,1.810e-60,2.440e-56,4.13,0.757,1.02e+04,1,1,
n83,n19,434,307,36.6,36.6,165.0,165.0,5.850e-43,7.880e-39,4.13,0.849,1.14e+04,1,1,
n83,n2,434,259,52.3,52.3,257.0,257.0,1.930e-70,2.600e-66,4.13,1.39,1.87e+04,1,1,
n83,n20,434,298,35.5,35.5,158.0,158.0,9.340e-41,1.260e-36,4.13,1.06,1.43e+04,1,1,
n83,n21,434,304,39.0,39.0,190.0,190.0,2.220e-50,2.990e-46,4.13,1.08,1.46e+04,1,1,
n83,n22,434,296,46.0,46.4,231.0,235.0,1.130e-62,6.200e-60,2.74,1.21,1.06e+04,1,1,
n83,n23,434,300,47.8,47.8,244.0,244.0,1.290e-66,1.740e-62,4.13,1.13,1.53e+04,1,1,
n83,n24,434,304,46.8,46.8,258.0,258.0,6.630e-71,8.930e-67,4.13,0.953,1.28e+04,1,1,
n83,n25,434,301,46.1,45.8,238.0,235.0,9.270e-65,6.200e-60,4.83,1.27,1.06e+04,1,1,
n83,n26,434,261,48.3,48.3,230.0,230.0,2.530e-62,3.400e-58,4.13,1.35,1.82e+04,1,1,
n83,n27,434,296,46.0,46.4,231.0,235.0,1.130e-62,6.200e-60,2.74,1.21,1.06e+04,1,1,
n83,n28,434,284,40.7,41.1,205.0,208.0,5.100e-55,1.380e-51,3.43,0.814,1.76e+04,1,1,
n83,n29,434,319,46.8,46.4,242.0,240.0,3.760e-66,2.520e-61,4.83,0.825,1.38e+04,1,1,
n83,n3,434,380,28.5,28.5,38.0,38.0,1.080e-04,1.450e+00,4.13,0.921,1.24e+04,0,0,
n83,n30,434,262,48.7,48.7,231.0,231.0,8.680e-63,1.170e-58,4.13,0.929,1.25e+04,1,1,
n83,n31,434,262,47.1,47.1,223.0,223.0,1.810e-60,2.440e-56,4.13,0.757,1.02e+04,1,1,
n83,n32,434,294,43.6,43.6,224.0,224.0,1.390e-60,1.870e-56,4.13,1.16,1.56e+04,1,1,
n83,n33,434,293,47.5,47.5,224.0,224.0,1.390e-60,1.870e-56,4.13,1.16,1.56e+04,1,1,
n83,n34,434,293,43.5,43.5,205.0,205.0,6.660e-55,8.970e-51,4.13,1.06,1.43e+04,1,1,
n83,n35,434,456,27.0,27.0,36.0,36.0,4.100e-04,5.520e+00,4.13,0.874,1.18e+04,0,0,
n83,n36,434,310,38.4,38.4,175.0,175.0,5.650e-46,7.610e-42,4.13,0.84,1.13e+04,1,1,
n83,n38,434,495,26.6,25.0,62.0,63.0,9.110e-12,5.510e-08,3.78,1.3,1.58e+04,0,0,
n83,n4,434,292,38.8,38.8,196.0,196.0,2.370e-52,3.190e-48,4.13,0.739,9.94e+03,1,1,
n83,n40,434,292,24.8,24.8,72.0,72.0,6.740e-15,9.080e-11,4.13,0.988,1.33e+04,0,0,
n83,n41,434,305,42.3,42.3,183.0,183.0,3.540e-48,4.770e-44,4.13,1.35,1.81e+04,1,1,
n83,n42,434,426,40.8,40.8,201.0,201.0,1.260e-53,1.690e-49,4.13,1.26,1.69e+04,1,1,
n83,n43,434,319,33.5,33.5,129.0,129.0,3.560e-32,4.790e-28,4.13,0.752,1.01e+04,1,1,
n83,n44,434,301,47.5,47.1,245.0,243.0,4.450e-67,2.970e-62,4.82,0.781,1.3e+04,1,1,
n83,n45,434,319,46.1,45.8,238.0,235.0,9.270e-65,6.200e-60,4.83,1.27,1.06e+04,1,1,
n83,n46,434,301,47.5,47.1,245.0,243.0,4.450e-67,2.970e-62,4.82,0.781,1.3e+04,1,1,
n83,n47,434,304,39.0,39.0,190.0,190.0,2.220e-50,2.990e-46,4.13,1.08,1.46e+04,1,1,
n83,n5,434,292,53.6,53.6,281.0,281.0,9.550e-78,1.290e-73,4.13,1.15,1.56e+04,1,1,
n83,n50,434,269,30.8,30.8,108.0,108.0,8.490e-26,1.140e-21,4.13,0.855,1.15e+04,1,1,
n83,n51,434,312,38.3,38.3,174.0,174.0,1.640e-45,2.210e-41,4.13,1.22,1.64e+04,1,1,
n83,n52,434,260,53.1,53.1,260.0,260.0,1.340e-71,1.800e-67,4.13,0.77,1.03e+04,1,1,
n83,n53,434,260,55.4,55.4,270.0,270.0,2.200e-74,2.970e-70,4.13,1.3,1.75e+04,1,1,
n83,n54,434,259,51.7,51.7,257.0,257.0,1.480e-70,1.990e-66,4.13,1.06,1.43e+04,1,1,
n83,n55,434,257,48.3,48.3,227.0,227.0,1.640e-61,2.200e-57,4.13,1.1,1.47e+04,1,1,
n83,n56,434,257,49.0,49.0,231.0,231.0,8.680e-63,1.170e-58,4.13,0.929,1.25e+04,1,1,
n83,n57,434,257,48.8,48.8,231.0,231.0,1.130e-62,1.530e-58,4.13,1.21,1.64e+04,1,1,
n83,n58,434,299,50.0,50.0,254.0,254.0,1.250e-69,1.680e-65,4.13,1.12,1.51e+04,1,1,
n83,n59,434,298,38.7,38.7,179.0,179.0,3.000e-47,4.040e-43,4.13,0.713,9.61e+03,1,1,
n83,n6,434,289,52.5,52.5,280.0,280.0,2.130e-77,2.870e-73,4.13,1.28,1.73e+04,1,1,
n83,n60,434,316,38.4,38.4,181.0,181.0,7.890e-48,1.060e-43,4.13,0.75,1.01e+04,1,1,
n83,n61,434,307,36.9,36.9,164.0,164.0,9.980e-43,1.340e-38,4.13,0.724,9.72e+03,1,1,
n83,n62,434,263,51.2,51.2,264.0,264.0,1.210e-72,1.630e-68,4.13,1.11,1.5e+04,1,1,
n83,n63,434,282,27.1,27.1,100.0,100.0,2.310e-23,3.110e-19,4.13,0.909,1.22e+04,0,0,
n83,n64,434,257,50.2,50.2,242.0,242.0,6.420e-66,8.650e-62,4.13,1.41,1.9e+04,1,1,
n83,n66,434,302,37.2,37.2,167.0,167.0,2.010e-43,2.710e-39,4.13,1.17,1.57e+04,1,1,
n83,n67,434,366,32.5,32.5,123.0,123.0,3.330e-30,4.480e-26,4.13,1.1,1.48e+04,1,1,
n83,n68,434,302,37.2,37.2,170.0,170.0,1.820e-44,2.450e-40,4.13,0.845,1.14e+04,1,1,
n83,n69,434,279,40.2,40.2,186.0,186.0,2.450e-49,5.630e-45,4.36,0.746,1.71e+04,1,1,
n83,n7,434,302,38.0,38.0,176.0,176.0,2.540e-46,3.420e-42,4.13,0.755,1.02e+04,1,1,
n83,n70,434,292,41.7,41.4,190.0,190.0,2.220e-50,2.990e-46,4.13,1.08,1.46e+04,1,1,
n83,n71,434,297,38.3,38.3,169.0,169.0,5.290e-44,7.120e-40,4.13,1.23,1.65e+04,1,1,
n83,n72,434,311,50.2,50.2,261.0,261.0,1.020e-71,1.380e-67,4.13,1.17,1.59e+04,1,1,
n83,n73,434,302,53.8,53.8,262.0,262.0,4.590e-72,6.180e-68,4.13,1.06,1.42e+04,1,1,
n83,n74,434,284,47.4,47.1,237.0,240.0,1.210e-64,2.520e-61,3.32,0.829,1.38e+04,1,1,
n83,n75,434,279,38.1,38.1,171.0,171.0,1.070e-44,1.440e-40,4.13,0.994,1.34e+04,1,1,
n83,n76,434,304,38.0,38.0,174.0,174.0,1.260e-45,1.700e-41,4.13,0.936,1.26e+04,1,1,
n83,n77,434,304,38.6,38.6,173.0,173.0,2.810e-45,3.780e-41,4.13,1.04,1.4e+04,1,1,
n83,n78,434,293,46.9,46.9,237.0,237.0,1.210e-64,1.630e-60,4.13,0.829,1.12e+04,1,1,
n83,n79,434,283,30.1,30.1,103.0,103.0,3.560e-24,3.680e-20,4.01,1.12,1.16e+04,1,1,
n83,n8,434,262,48.3,48.3,230.0,230.0,1.480e-62,1.990e-58,4.13,0.792,1.07e+04,1,1,
n83,n80,434,301,47.1,46.8,243.0,241.0,1.690e-66,1.130e-61,4.83,0.741,1.24e+04,1,1,
n83,n81,434,310,50.9,50.9,265.0,265.0,4.150e-73,5.590e-69,4.13,0.763,1.03e+04,1,1,
n83,n82,434,364,31.7,31.7,121.0,121.0,9.690e-30,1.300e-25,4.13,0.799,1.07e+04,1,1,
n83,n86,434,273,35.8,35.8,163.0,163.0,2.900e-42,3.910e-38,4.13,1.05,1.42e+04,1,1,
n83,n87,434,286,48.0,48.0,238.0,238.0,7.100e-65,9.560e-61,4.13,0.973,1.31e+04,1,1,
n83,n88,434,282,35.7,35.7,161.0,162.0,8.450e-42,8.710e-38,4.01,0.766,1.58e+04,1,1,
n83,n89,434,308,35.4,38.5,155.0,169.0,7.910e-40,4.180e-40,-0.28,1.12,9.71e+03,1,1,
n83,n9,434,315,48.1,48.1,253.0,253.0,2.130e-69,2.870e-65,4.13,0.957,1.29e+04,1,1,
n83,n90,434,258,24.8,26.6,52.0,64.0,5.530e-09,3.230e-08,0.77,0.773,1.85e+04,0,0,
n84,n3,259,380,29.6,29.6,53.0,53.0,2.520e-09,3.400e-05,4.13,1.18,1.59e+04,0,0,
n84,n35,259,456,30.4,30.4,54.0,54.0,1.130e-09,1.530e-05,4.13,1.06,1.43e+04,1,0,lost_in_v12
n84,n37,259,263,28.7,28.7,105.0,105.0,4.290e-25,5.770e-21,4.13,0.905,1.22e+04,0,0,
n84,n39,259,257,29.8,29.8,89.0,89.0,3.180e-20,4.280e-16,4.13,1.02,1.38e+04,0,0,
n84,n48,259,270,27.0,27.0,79.0,79.0,2.520e-17,3.390e-13,4.13,0.792,1.07e+04,0,0,
n84,n49,259,262,30.4,30.4,119.0,119.0,2.870e-29,3.860e-25,4.13,0.992,1.33e+04,1,1,
n84,n85,259,258,31.7,31.7,75.0,75.0,6.200e-16,8.360e-12,4.13,1.22,1.64e+04,1,1,
n85,n1,258,290,26.8,26.6,31.0,30.0,1.020e-02,2.350e+02,4.36,1.14,1.32e+04,0,0,
n85,n10,258,262,21.8,21.8,42.0,42.0,5.800e-06,7.810e-02,4.13,1.33,1.79e+04,0,0,
n85,n11,258,262,25.2,25.2,39.0,39.0,4.910e-05,6.610e-01,4.13,1.41,1.9e+04,0,0,
n85,n12,258,262,28.4,28.4,37.0,37.0,1.870e-04,2.510e+00,4.13,1.34,1.8e+04,0,0,
n85,n13,258,262,25.2,25.2,39.0,39.0,2.880e-05,3.880e-01,4.13,0.826,1.11e+04,0,0,
n85,n14,258,319,28.4,28.4,37.0,37.0,1.870e-04,2.510e+00,4.13,1.34,1.8e+04,0,0,
n85,n15,258,301,25.2,25.2,39.0,39.0,4.910e-05,6.610e-01,4.13,1.41,1.9e+04,0,0,
n85,n16,258,262,25.2,25.2,37.0,37.0,1.870e-04,2.510e+00,4.13,1.34,1.8e+04,0,0,
n85,n18,258,298,24.8,27.3,40.0,33.0,1.290e-05,3.630e+01,6.45,0.74,1.63e+04,0,0,
n85,n19,258,307,31.2,28.2,39.0,36.0,4.910e-05,3.280e+00,4.82,1.41,1.18e+04,0,0,
n85,n2,258,259,26.5,26.5,33.0,33.0,1.580e-03,2.130e+01,4.13,0.708,9.55e+03,0,0,
n85,n20,258,298,22.7,22.7,37.0,37.0,1.870e-04,2.510e+00,4.13,1.34,1.8e+04,0,0,
n85,n21,258,304,27.2,23.8,35.0,32.0,5.430e-04,8.080e+01,5.17,0.974,1.81e+04,0,0,
n85,n22,258,296,28.2,28.2,38.0,38.0,6.410e-05,8.630e-01,4.13,0.92,1.24e+04,0,0,
n85,n23,258,300,28.2,28.2,38.0,38.0,6.410e-05,8.630e-01,4.13,0.92,1.24e+04,0,0,
n85,n24,258,304,29.0,26.9,33.0,30.0,2.690e-03,3.070e+02,5.06,1.21,1.72e+04,0,0,
n85,n25,258,301,27.5,27.5,38.0,38.0,8.370e-05,1.130e+00,4.13,1.2,1.62e+04,0,0,
n85,n26,258,261,25.2,25.2,39.0,39.0,2.880e-05,3.880e-01,4.13,0.826,1.11e+04,0,0,
n85,n27,258,296,28.2,28.2,38.0,38.0,6.410e-05,8.630e-01,4.13,0.92,1.24e+04,0,0,
n85,n28,258,284,26.7,26.7,37.0,37.0,1.430e-04,1.920e+00,4.13,1.03,1.38e+04,0,0,
n85,n29,258,319,23.8,23.8,37.0,37.0,1.090e-04,1.470e+00,4.13,0.782,1.05e+04,0,0,
n85,n3,258,380,42.7,42.7,79.0,79.0,2.510e-17,3.380e-13,4.13,0.792,1.07e+04,1,1,
n85,n30,258,262,25.2,25.2,39.0,39.0,4.910e-05,6.610e-01,4.13,1.41,1.9e+04,0,0,
n85,n31,258,262,28.4,28.4,37.0,37.0,1.870e-04,2.510e+00,4.13,1.34,1.8e+04,0,0,
n85,n32,258,294,26.6,26.6,41.0,41.0,7.570e-06,1.020e-01,4.13,0.869,1.17e+04,0,0,
n85,n33,258,293,26.6,26.6,35.0,35.0,4.160e-04,5.600e+00,4.13,0.746,1e+04,0,0,
n85,n35,258,456,41.2,41.2,77.0,77.0,9.540e-17,1.280e-12,4.13,0.753,1.01e+04,1,1,
n85,n36,258,310,52.8,52.8,37.0,37.0,1.430e-04,1.920e+00,4.13,1.03,1.38e+04,0,0,
n85,n37,258,263,36.3,36.3,135.0,135.0,3.850e-34,5.190e-30,4.13,0.875,1.18e+04,1,1,
n85,n39,258,257,29.3,29.3,107.0,107.0,1.470e-25,1.980e-21,4.13,1.25,1.68e+04,0,0,
n85,n4,258,292,26.4,26.4,29.0,29.0,2.980e-02,4.010e+02,4.13,0.835,1.12e+04,0,0,
n85,n41,258,305,41.7,41.7,28.0,28.0,6.630e-02,8.930e+02,4.13,0.929,1.25e+04,0,0,
n85,n42,258,426,22.8,23.0,35.0,32.0,4.160e-04,6.190e+01,5.17,0.746,1.39e+04,0,0,
n85,n43,258,319,46.2,46.2,36.0,36.0,2.440e-04,3.280e+00,4.13,0.875,1.18e+04,0,0,
n85,n44,258,301,25.2,25.2,39.0,39.0,4.910e-05,6.610e-01,4.13,1.41,1.9e+04,0,0,
n85,n45,258,319,28.4,28.4,37.0,37.0,1.870e-04,2.510e+00,4.13,1.34,1.8e+04,0,0,
n85,n46,258,301,25.2,25.2,39.0,39.0,4.910e-05,6.610e-01,4.13,1.41,1.9e+04,0,0,
n85,n47,258,304,27.2,23.8,35.0,32.0,5.430e-04,8.080e+01,5.17,0.974,1.81e+04,0,0,
n85,n48,258,270,23.9,23.9,70.0,70.0,1.990e-14,2.680e-10,4.13,1.23,1.65e+04,0,0,
n85,n49,258,262,35.5,35.5,122.0,122.0,2.580e-30,3.480e-26,4.13,0.716,9.66e+03,1,1,
n85,n5,258,292,29.0,42.6,38.0,35.0,8.370e-05,5.600e+00,4.83,1.2,1e+04,0,0,
n85,n51,258,312,32.0,24.3,37.0,32.0,1.870e-04,4.740e+01,5.40,1.34,1.06e+04,0,0,
n85,n52,258,260,25.6,25.6,32.0,32.0,4.590e-03,6.190e+01,4.13,1.03,1.39e+04,0,0,
n85,n53,258,260,25.6,25.6,32.0,32.0,3.520e-03,4.740e+01,4.13,0.789,1.06e+04,0,0,
n85,n54,258,259,26.5,26.5,33.0,33.0,1.580e-03,2.130e+01,4.13,0.708,9.55e+03,0,0,
n85,n56,258,257,36.6,36.6,29.0,29.0,2.980e-02,4.010e+02,4.13,0.835,1.12e+04,0,0,
n85,n57,258,257,36.6,36.6,29.0,29.0,2.980e-02,4.010e+02,4.13,0.835,1.12e+04,0,0,
n85,n58,258,299,23.7,23.7,29.0,29.0,3.890e-02,5.240e+02,4.13,1.09,1.47e+04,0,0,
n85,n59,258,298,26.4,26.4,33.0,33.0,2.690e-03,3.630e+01,4.13,1.21,1.63e+04,0,0,
n85,n6,258,289,26.7,26.7,37.0,37.0,1.870e-04,2.510e+00,4.13,1.34,1.8e+04,0,0,
n85,n61,258,307,31.1,29.0,38.0,37.0,6.410e-05,1.920e+00,4.48,0.92,1.38e+04,0,0,
n85,n62,258,263,27.1,27.1,36.0,36.0,2.440e-04,3.280e+00,4.13,0.875,1.18e+04,0,0,
n85,n63,258,282,26.0,26.0,33.0,33.0,2.690e-03,3.630e+01,4.13,1.21,1.63e+04,0,0,
n85,n64,258,257,30.7,30.7,42.0,42.0,5.800e-06,7.810e-02,4.13,1.33,1.79e+04,1,0,lost_in_v12
n85,n65,258,254,25.6,25.6,42.0,42.0,3.400e-06,4.580e-02,4.13,0.781,1.05e+04,0,0,
n85,n66,258,302,24.3,24.3,43.0,43.0,1.990e-06,2.680e-02,4.13,0.914,1.23e+04,0,0,
n85,n67,258,366,27.3,27.3,34.0,34.0,9.260e-04,1.250e+01,4.13,0.83,1.12e+04,0,0,
n85,n68,258,302,31.5,27.5,38.0,34.0,6.410e-05,1.250e+01,5.29,0.92,1.12e+04,0,0,
n85,n7,258,302,31.6,27.5,37.0,33.0,1.430e-04,2.130e+01,5.17,1.03,9.55e+03,0,0,
n85,n71,258,297,43.2,43.2,34.0,34.0,1.210e-03,1.630e+01,4.13,1.09,1.46e+04,0,0,
n85,n72,258,311,26.5,26.5,38.0,38.0,6.410e-05,8.630e-01,4.13,0.92,1.24e+04,0,0,
n85,n73,258,302,23.1,23.1,42.0,42.0,4.440e-06,5.980e-02,4.13,1.02,1.37e+04,0,0,
n85,n74,258,284,25.9,25.9,37.0,37.0,1.870e-04,2.510e+00,4.13,1.34,1.8e+04,0,0,
n85,n75,258,279,32.2,32.2,34.0,34.0,9.260e-04,1.250e+01,4.13,0.83,1.12e+04,0,0,
n85,n76,258,304,30.8,26.5,39.0,35.0,3.760e-05,9.550e+00,5.40,1.08,1.71e+04,0,0,
n85,n77,258,304,32.1,28.2,37.0,36.0,1.430e-04,3.280e+00,4.36,1.03,1.18e+04,0,0,
n85,n78,258,293,35.3,28.0,40.0,33.0,1.690e-05,2.780e+01,6.22,0.97,1.25e+04,0,0,
n85,n8,258,262,25.2,25.2,40.0,40.0,2.200e-05,2.970e-01,4.13,1.26,1.7e+04,0,0,
n85,n80,258,301,25.2,25.2,40.0,40.0,1.690e-05,2.270e-01,4.13,0.97,1.3e+04,0,0,
n85,n81,258,310,28.8,28.8,41.0,41.0,9.890e-06,1.330e-01,4.13,1.14,1.53e+04,0,0,
n85,n82,258,364,27.9,28.4,21.0,32.0,1.060e+01,4.740e+01,0.65,1.16,1.06e+04,0,0,
n85,n83,258,434,27.7,27.7,33.0,33.0,1.580e-03,2.130e+01,4.13,0.708,9.55e+03,0,0,
n85,n84,258,259,31.7,31.7,75.0,75.0,6.180e-16,8.320e-12,4.13,1.22,1.64e+04,1,1,
n85,n86,258,273,23.4,23.4,41.0,41.0,7.570e-06,1.020e-01,4.13,0.869,1.17e+04,0,0,
n85,n87,258,286,32.3,32.3,36.0,36.0,2.440e-04,3.280e+00,4.13,0.875,1.18e+04,0,0,
n85,n89,258,308,27.9,27.9,32.0,32.0,6.000e-03,8.080e+01,4.13,1.35,1.81e+04,0,0,
n85,n9,258,315,27.6,27.6,37.0,37.0,1.870e-04,2.510e+00,4.13,1.34,1.8e+04,0,0,
n85,n96,258,283,26.6,37.5,33.0,32.0,2.690e-03,4.740e+01,4.25,1.21,1.06e+04,0,0,
n85,n98,258,276,27.3,27.3,30.0,30.0,1.340e-02,1.800e+02,4.13,0.751,1.01e+04,0,0,
n86,n1,273,290,50.7,50.7,276.0,276.0,1.480e-76,1.990e-72,4.13,0.886,1.19e+04,1,1,
n86,n10,273,262,49.4,49.4,252.0,252.0,3.900e-69,5.260e-65,4.13,1.39,1.88e+04,1,1,
n86,n11,273,262,49.8,49.8,256.0,256.0,1.580e-70,2.130e-66,4.13,0.903,1.22e+04,1,1,
n86,n12,273,262,49.8,49.8,260.0,260.0,1.100e-71,1.480e-67,4.13,1.01,1.35e+04,1,1,
n86,n13,273,262,49.8,49.8,255.0,255.0,2.700e-70,3.640e-66,4.13,0.771,1.04e+04,1,1,
n86,n14,273,319,48.4,48.4,261.0,261.0,6.430e-72,8.670e-68,4.13,1.18,1.58e+04,1,1,
n86,n15,273,301,48.4,48.4,257.0,257.0,9.290e-71,1.250e-66,4.13,1.06,1.43e+04,1,1,
n86,n16,273,262,48.5,48.5,252.0,252.0,2.290e-69,3.080e-65,4.13,0.818,1.1e+04,1,1,
n86,n18,273,298,50.2,50.2,291.0,291.0,4.450e-81,5.990e-77,4.13,0.873,1.18e+04,1,1,
n86,n19,273,307,57.4,57.4,325.0,325.0,3.630e-91,4.890e-87,4.13,1.22,1.65e+04,1,1,
n86,n2,273,259,45.3,45.3,230.0,230.0,9.310e-63,1.250e-58,4.13,0.792,1.06e+04,1,1,
n86,n20,273,298,58.7,58.7,357.0,357.0,5.050e-101,6.800e-97,4.13,0.731,9.85e+03,1,1,
n86,n21,273,304,52.6,52.6,280.0,280.0,1.020e-77,1.380e-73,4.13,0.977,1.32e+04,1,1,
n86,n22,273,296,48.4,48.4,262.0,262.0,2.890e-72,3.890e-68,4.13,1.06,1.42e+04,1,1,
n86,n23,273,300,48.0,48.0,258.0,258.0,3.190e-71,4.300e-67,4.13,0.729,9.82e+03,1,1,
n86,n24,273,304,46.8,46.8,240.0,240.0,1.180e-65,1.580e-61,4.13,1.03,1.38e+04,1,1,
n86,n25,273,301,48.7,48.7,262.0,262.0,2.890e-72,3.890e-68,4.13,1.06,1.42e+04,1,1,
n86,n26,273,261,50.2,50.2,257.0,257.0,9.290e-71,1.250e-66,4.13,1.06,1.43e+04,1,1,
n86,n27,273,296,48.4,48.4,262.0,262.0,2.890e-72,3.890e-68,4.13,1.06,1.42e+04,1,1,
n86,n28,273,284,40.5,40.5,198.0,198.0,3.920e-53,5.280e-49,4.13,0.777,1.05e+04,1,1,
n86,n29,273,319,48.4,48.4,259.0,259.0,2.450e-71,3.290e-67,4.13,1.12,1.5e+04,1,1,
n86,n30,273,262,49.8,49.8,256.0,256.0,1.580e-70,2.130e-66,4.13,0.903,1.22e+04,1,1,
n86,n31,273,262,49.8,49.8,260.0,260.0,1.100e-71,1.480e-67,4.13,1.01,1.35e+04,1,1,
n86,n32,273,294,44.5,44.5,221.0,221.0,4.330e-60,5.830e-56,4.13,0.72,9.69e+03,1,1,
n86,n33,273,293,45.6,45.6,237.0,237.0,7.620e-65,1.030e-60,4.13,0.83,1.12e+04,1,1,
n86,n34,273,293,45.2,45.2,230.0,230.0,1.590e-62,2.140e-58,4.13,1.35,1.82e+04,1,1,
n86,n36,273,310,60.4,60.4,352.0,352.0,2.770e-99,3.730e-95,4.13,1.25,1.69e+04,1,1,
n86,n4,273,292,54.7,54.7,299.0,299.0,1.630e-83,2.200e-79,4.13,0.819,1.11e+04,1,1,
n86,n40,273,292,28.4,28.4,89.0,89.0,2.570e-20,3.460e-16,4.13,0.785,1.06e+04,0,0,
n86,n41,273,305,45.4,45.4,248.0,248.0,4.320e-68,5.810e-64,4.13,0.964,1.3e+04,1,1,
n86,n42,273,426,54.5,54.5,304.0,304.0,8.660e-85,1.170e-80,4.13,1.39,1.88e+04,1,1,
n86,n43,273,319,48.7,48.7,249.0,249.0,1.940e-68,2.610e-64,4.13,0.866,1.16e+04,1,1,
n86,n44,273,301,48.4,48.4,257.0,257.0,9.290e-71,1.250e-66,4.13,1.06,1.43e+04,1,1,
n86,n45,273,319,48.4,48.4,261.0,261.0,6.430e-72,8.670e-68,4.13,1.18,1.58e+04,1,1,
n86,n46,273,301,48.4,48.4,257.0,257.0,9.290e-71,1.250e-66,4.13,1.06,1.43e+04,1,1,
n86,n47,273,304,52.6,52.6,280.0,280.0,1.020e-77,1.380e-73,4.13,0.977,1.32e+04,1,1,
n86,n5,273,292,49.5,49.5,244.0,244.0,6.230e-67,8.390e-63,4.13,0.869,1.17e+04,1,1,
n86,n50,273,269,31.5,31.7,129.0,132.0,2.920e-32,6.070e-29,3.32,0.98,1.63e+04,1,1,
n86,n51,273,312,67.8,67.8,397.0,397.0,7.510e-113,1.010e-108,4.13,1.2,1.61e+04,1,1,
n86,n52,273,260,48.5,48.5,242.0,242.0,4.040e-66,5.440e-62,4.13,1.41,1.9e+04,1,1,
n86,n53,273,260,47.3,47.3,244.0,244.0,6.230e-67,8.390e-63,4.13,0.869,1.17e+04,1,1,
n86,n54,273,259,45.7,45.7,232.0,232.0,2.450e-63,3.300e-59,4.13,0.834,1.12e+04,1,1,
n86,n55,273,257,46.2,46.2,247.0,247.0,1.260e-67,1.690e-63,4.13,1.41,1.89e+04,1,1,
n86,n56,273,257,46.2,46.2,245.0,245.0,2.800e-67,3.770e-63,4.13,0.781,1.05e+04,1,1,
n86,n57,273,257,46.6,46.6,249.0,249.0,1.940e-68,2.610e-64,4.13,0.866,1.16e+04,1,1,
n86,n58,273,299,40.4,40.4,208.0,208.0,6.460e-56,8.710e-52,4.13,1.31,1.77e+04,1,1,
n86,n59,273,298,85.3,85.3,490.0,490.0,4.990e-141,6.720e-137,4.13,0.787,1.06e+04,1,1,
n86,n6,273,289,49.3,49.3,249.0,249.0,2.530e-68,3.410e-64,4.13,1.13,1.52e+04,1,1,
n86,n60,273,316,56.2,56.2,315.0,315.0,2.870e-88,3.870e-84,4.13,0.945,1.27e+04,1,1,
n86,n61,273,307,56.9,56.9,325.0,325.0,3.630e-91,4.890e-87,4.13,1.22,1.65e+04,1,1,
n86,n62,273,263,49.1,49.1,247.0,247.0,7.360e-68,9.910e-64,4.13,0.821,1.11e+04,1,1,
n86,n63,273,282,28.1,28.1,102.0,102.0,2.930e-24,3.940e-20,4.13,0.733,9.86e+03,0,0,
n86,n64,273,257,43.3,45.5,223.0,240.0,1.940e-60,1.580e-61,-1.09,1.29,1.38e+04,1,1,
n86,n66,273,302,59.8,59.8,346.0,346.0,1.990e-97,2.680e-93,4.13,1.41,1.9e+04,1,1,
n86,n67,273,366,37.5,37.5,169.0,169.0,3.330e-44,4.480e-40,4.13,1.23,1.65e+04,1,1,
n86,n68,273,302,59.8,59.8,350.0,350.0,1.050e-98,1.420e-94,4.13,1.19,1.61e+04,1,1,
n86,n69,273,279,46.4,46.4,236.0,236.0,1.700e-64,2.290e-60,4.13,0.926,1.25e+04,1,1,
n86,n7,273,302,57.9,57.9,342.0,342.0,1.680e-96,2.260e-92,4.13,0.742,9.99e+03,1,1,
n86,n70,273,292,46.4,47.5,257.0,260.0,7.110e-71,1.930e-67,3.43,0.812,1.76e+04,1,1,
n86,n71,273,297,86.4,86.4,507.0,507.0,3.950e-146,5.320e-142,4.13,0.816,1.1e+04,1,1,
n86,n72,273,311,41.2,41.2,224.0,224.0,6.670e-61,8.990e-57,4.13,0.887,1.2e+04,1,1,
n86,n73,273,302,46.5,46.5,235.0,235.0,2.890e-64,3.900e-60,4.13,0.787,1.06e+04,1,1,
n86,n74,273,284,46.7,46.7,257.0,257.0,9.290e-71,1.250e-66,4.13,1.06,1.43e+04,1,1,
n86,n75,273,279,54.9,54.9,273.0,273.0,9.590e-76,1.290e-71,4.13,0.718,9.66e+03,1,1,
n86,n76,273,304,55.6,55.6,322.0,322.0,2.350e-90,3.170e-86,4.13,0.99,1.34e+04,1,1,
n86,n77,273,304,59.0,59.0,346.0,346.0,1.990e-97,2.680e-93,4.13,1.41,1.9e+04,1,1,
n86,n78,273,293,47.2,47.2,241.0,241.0,6.890e-66,9.280e-62,4.13,1.2,1.62e+04,1,1,
n86,n79,273,283,31.0,31.6,127.0,129.0,1.450e-31,3.010e-28,3.32,1.22,1.01e+04,1,1,
n86,n8,273,262,48.9,48.9,253.0,253.0,1.750e-69,2.360e-65,4.13,1.25,1.69e+04,1,1,
n86,n80,273,301,48.4,48.4,256.0,256.0,1.580e-70,2.130e-66,4.13,0.903,1.22e+04,1,1,
n86,n81,273,310,49.6,49.6,255.0,255.0,3.530e-70,4.750e-66,4.13,1.01,1.36e+04,1,1,
n86,n82,273,364,35.9,35.9,158.0,158.0,7.670e-41,1.030e-36,4.13,1.38,1.86e+04,1,1,
n86,n83,273,434,35.8,35.8,163.0,163.0,1.830e-42,2.460e-38,4.13,1.06,1.42e+04,1,1,
n86,n85,273,258,23.0,23.0,36.0,36.0,3.370e-04,4.530e+00,4.13,1.14,1.54e+04,0,0,
n86,n87,273,286,43.1,43.1,216.0,216.0,1.820e-58,2.450e-54,4.13,0.946,1.27e+04,1,1,
n86,n88,273,282,45.7,45.7,213.0,213.0,1.540e-57,2.070e-53,4.13,1,1.34e+04,1,1,
n86,n89,273,308,59.1,59.1,347.0,347.0,6.830e-98,9.190e-94,4.13,0.966,1.3e+04,1,1,
n86,n9,273,315,42.9,42.9,210.0,210.0,1.700e-56,2.290e-52,4.13,1.38,1.86e+04,1,1,
n86,n90,273,258,26.6,26.6,68.0,68.0,6.120e-14,8.240e-10,4.13,0.891,1.2e+04,0,0,
n87,n1,286,290,42.8,42.8,235.0,235.0,3.960e-64,5.330e-60,4.13,1.03,1.39e+04,1,1,
n87,n10,286,262,58.6,58.6,299.0,299.0,2.230e-83,3.010e-79,4.13,1.07,1.44e+04,1,1,
n87,n11,286,262,59.5,59.5,309.0,309.0,1.650e-86,2.230e-82,4.13,0.81,1.1e+04,1,1,
n87,n12,286,262,59.1,59.1,305.0,305.0,2.390e-85,3.210e-81,4.13,0.734,9.85e+03,1,1,
n87,n13,286,262,59.1,59.1,305.0,305.0,2.390e-85,3.210e-81,4.13,0.734,9.85e+03,1,1,
n87,n14,286,319,56.1,56.1,312.0,312.0,1.950e-87,2.630e-83,4.13,0.766,1.03e+04,1,1,
n87,n15,286,301,56.5,56.5,317.0,317.0,1.040e-88,1.390e-84,4.13,1.31,1.75e+04,1,1,
n87,n16,286,262,63.8,63.8,333.0,333.0,1.070e-93,1.440e-89,4.13,0.882,1.19e+04,1,1,
n87,n17,286,314,25.5,25.5,38.0,38.0,9.280e-05,1.250e+00,4.13,1.2,1.62e+04,0,0,
n87,n18,286,298,45.0,45.0,247.0,247.0,1.010e-67,1.360e-63,4.13,1.08,1.45e+04,1,1,
n87,n19,286,307,41.0,41.0,226.0,226.0,1.840e-61,2.480e-57,4.13,0.934,1.26e+04,1,1,
n87,n2,286,259,63.1,63.1,323.0,323.0,1.110e-90,1.490e-86,4.13,0.893,1.2e+04,1,1,
n87,n20,286,298,40.1,40.1,207.0,207.0,8.840e-56,1.190e-51,4.13,0.856,1.15e+04,1,1,
n87,n21,286,304,44.3,44.3,238.0,238.0,4.680e-65,6.300e-61,4.13,0.973,1.31e+04,1,1,
n87,n22,286,296,57.4,57.4,322.0,322.0,3.220e-90,4.330e-86,4.13,1.3,1.74e+04,1,1,
n87,n23,286,300,55.8,55.8,315.0,315.0,3.930e-88,5.300e-84,4.13,1.24,1.67e+04,1,1,
n87,n24,286,304,56.0,56.0,326.0,326.0,1.310e-91,1.760e-87,4.13,0.843,1.13e+04,1,1,
n87,n25,286,301,55.8,55.8,311.0,311.0,5.680e-87,7.650e-83,4.13,1.12,1.5e+04,1,1,
n87,n26,286,261,59.1,59.1,307.0,307.0,8.200e-86,1.100e-81,4.13,1.01,1.35e+04,1,1,
n87,n27,286,296,57.4,57.4,322.0,322.0,3.220e-90,4.330e-86,4.13,1.3,1.74e+04,1,1,
n87,n28,286,284,67.2,67.2,360.0,360.0,8.160e-102,1.100e-97,4.13,0.902,1.22e+04,1,1,
n87,n29,286,319,55.8,55.8,312.0,312.0,3.330e-87,4.480e-83,4.13,1.31,1.76e+04,1,1,
n87,n30,286,262,59.5,59.5,309.0,309.0,1.650e-86,2.230e-82,4.13,0.81,1.1e+04,1,1,
n87,n31,286,262,59.1,59.1,305.0,305.0,2.390e-85,3.210e-81,4.13,0.734,9.85e+03,1,1,
n87,n32,286,294,51.6,51.6,284.0,284.0,7.440e-79,1.000e-74,4.13,1.09,1.46e+04,1,1,
n87,n33,286,293,51.4,51.4,277.0,277.0,6.960e-77,9.370e-73,4.13,0.796,1.07e+04,1,1,
n87,n34,286,293,50.0,50.0,267.0,267.0,7.200e-74,9.700e-70,4.13,0.804,1.08e+04,1,1,
n87,n36,286,310,40.2,43.1,210.0,226.0,1.360e-56,3.240e-57,-0.62,1.05,1.65e+04,1,1,
n87,n38,286,495,24.8,24.8,73.0,74.0,1.990e-15,2.060e-11,4.02,0.885,1.83e+04,0,0,
n87,n4,286,292,46.2,46.2,243.0,243.0,1.450e-66,1.960e-62,4.13,0.965,1.3e+04,1,1,
n87,n40,286,292,25.9,27.1,54.0,91.0,9.580e-10,9.530e-17,-7.00,0.813,1.11e+04,0,0,
n87,n41,286,305,46.5,46.5,226.0,226.0,1.840e-61,2.480e-57,4.13,0.934,1.26e+04,1,1,
n87,n42,286,426,45.9,45.9,242.0,242.0,2.480e-66,3.340e-62,4.13,0.825,1.11e+04,1,1,
n87,n43,286,319,42.0,42.0,197.0,197.0,9.150e-53,1.230e-48,4.13,0.865,1.16e+04,1,1,
n87,n44,286,301,56.5,56.5,317.0,317.0,1.040e-88,1.390e-84,4.13,1.31,1.75e+04,1,1,
n87,n45,286,319,56.1,56.1,312.0,312.0,1.950e-87,2.630e-83,4.13,0.766,1.03e+04,1,1,
n87,n46,286,301,56.5,56.5,317.0,317.0,1.040e-88,1.390e-84,4.13,1.31,1.75e+04,1,1,
n87,n47,286,304,44.3,44.3,238.0,238.0,4.680e-65,6.300e-61,4.13,0.973,1.31e+04,1,1,
n87,n5,286,292,61.1,61.1,349.0,349.0,1.440e-98,1.940e-94,4.13,0.778,1.05e+04,1,1,
n87,n50,286,269,30.1,30.1,111.0,111.0,8.630e-27,1.160e-22,4.13,1.06,1.42e+04,1,1,
n87,n51,286,312,43.5,43.5,224.0,224.0,6.990e-61,9.420e-57,4.13,0.887,1.2e+04,1,1,
n87,n52,286,260,62.0,62.0,327.0,327.0,7.660e-92,1.030e-87,4.13,0.986,1.33e+04,1,1,
n87,n53,286,260,62.7,62.7,334.0,334.0,6.270e-94,8.440e-90,4.13,1.03,1.39e+04,1,1,
n87,n54,286,259,63.3,63.3,325.0,325.0,2.230e-91,3.000e-87,4.13,0.718,9.66e+03,1,1,
n87,n55,286,257,56.2,56.2,288.0,288.0,3.940e-80,5.310e-76,4.13,0.923,1.24e+04,1,1,
n87,n56,286,257,56.6,56.6,293.0,293.0,1.600e-81,2.160e-77,4.13,1.2,1.62e+04,1,1,
n87,n57,286,257,55.9,55.9,288.0,288.0,5.150e-80,6.930e-76,4.13,1.21,1.62e+04,1,1,
n87,n58,286,299,53.3,52.5,284.0,282.0,7.440e-79,3.810e-74,4.71,1.09,1.39e+04,1,1,
n87,n59,286,298,39.1,40.2,193.0,209.0,1.730e-51,3.130e-52,-0.74,1.02,1.21e+04,1,1,
n87,n6,286,289,61.1,61.1,357.0,357.0,9.030e-101,1.220e-96,4.13,1.25,1.69e+04,1,1,
n87,n60,286,316,41.1,41.1,211.0,211.0,6.130e-57,8.250e-53,4.13,0.95,1.28e+04,1,1,
n87,n61,286,307,41.0,41.0,215.0,215.0,4.240e-58,5.710e-54,4.13,1.05,1.42e+04,1,1,
n87,n62,286,263,69.6,69.6,363.0,363.0,9.640e-103,1.300e-98,4.13,0.853,1.15e+04,1,1,
n87,n63,286,282,27.6,27.6,94.0,94.0,1.430e-21,1.920e-17,4.13,1.33,1.79e+04,0,0,
n87,n64,286,257,63.3,63.3,330.0,330.0,9.050e-93,1.220e-88,4.13,0.932,1.26e+04,1,1,
n87,n66,286,302,42.7,42.3,232.0,232.0,2.570e-63,3.460e-59,4.13,0.835,1.12e+04,1,1,
n87,n67,286,366,34.9,34.9,127.0,127.0,8.910e-32,1.200e-27,4.13,0.714,9.61e+03,1,1,
n87,n68,286,302,43.3,43.3,235.0,235.0,3.960e-64,5.330e-60,4.13,1.03,1.39e+04,1,1,
n87,n69,286,279,51.6,51.6,258.0,258.0,4.370e-71,5.880e-67,4.13,0.953,1.28e+04,1,1,
n87,n7,286,302,42.4,42.4,230.0,230.0,1.270e-62,1.720e-58,4.13,1.03,1.4e+04,1,1,
n87,n70,286,292,43.0,43.0,228.0,228.0,4.840e-62,6.520e-58,4.13,0.983,1.32e+04,1,1,
n87,n71,286,297,38.8,37.5,194.0,211.0,7.750e-52,1.080e-52,-0.86,0.916,1.67e+04,1,1,
n87,n72,286,311,59.0,59.4,334.0,334.0,4.800e-94,6.460e-90,4.13,0.791,1.06e+04,1,1,
n87,n73,286,302,52.7,52.7,306.0,306.0,1.400e-85,1.880e-81,4.13,0.859,1.15e+04,1,1,
n87,n74,286,284,57.7,57.7,320.0,320.0,1.220e-89,1.650e-85,4.13,1.23,1.66e+04,1,1,
n87,n75,286,279,44.7,44.7,238.0,238.0,4.680e-65,6.300e-61,4.13,0.973,1.31e+04,1,1,
n87,n76,286,304,42.2,42.2,230.0,230.0,1.660e-62,2.240e-58,4.13,1.35,1.82e+04,1,1,
n87,n77,286,304,42.2,42.2,236.0,236.0,1.780e-64,2.390e-60,4.13,0.926,1.24e+04,1,1,
n87,n78,286,293,54.8,54.8,302.0,302.0,3.450e-84,4.640e-80,4.13,1.32,1.78e+04,1,1,
n87,n79,286,283,29.8,29.8,109.0,109.0,4.280e-26,5.770e-22,4.13,1.31,1.76e+04,0,0,
n87,n8,286,262,59.1,59.1,307.0,307.0,1.070e-85,1.440e-81,4.13,1.31,1.77e+04,1,1,
n87,n80,286,301,56.1,56.1,313.0,313.0,1.490e-87,2.010e-83,4.13,1.17,1.58e+04,1,1,
n87,n81,286,310,65.3,65.3,371.0,371.0,6.040e-105,8.130e-101,4.13,1.37,1.84e+04,1,1,
n87,n82,286,364,34.8,35.2,131.0,132.0,6.170e-33,4.870e-29,3.90,0.791,1.25e+04,1,1,
n87,n83,286,434,48.0,48.0,238.0,238.0,4.680e-65,6.300e-61,4.13,0.973,1.31e+04,1,1,
n87,n85,286,258,55.0,32.3,19.0,36.0,3.420e+01,3.640e+00,-0.97,0.844,1.18e+04,0,0,
n87,n86,286,273,40.1,43.1,200.0,216.0,1.080e-53,2.560e-54,-0.63,0.817,1.27e+04,1,1,
n87,n88,286,282,44.1,44.1,222.0,223.0,2.660e-60,2.740e-56,4.01,0.844,1.74e+04,1,1,
n87,n89,286,308,41.2,41.2,221.0,221.0,5.920e-60,7.970e-56,4.13,0.939,1.26e+04,1,1,
n87,n9,286,315,56.6,56.6,327.0,327.0,5.860e-92,7.900e-88,4.13,0.754,1.02e+04,1,1,
n87,n90,286,258,27.9,27.0,67.0,68.0,1.430e-13,1.130e-09,3.90,0.994,1.57e+04,0,0,
n88,n1,282,290,45.3,45.3,223.0,223.0,1.540e-60,2.070e-56,4.13,0.991,1.33e+04,1,1,
n88,n10,282,262,50.2,50.2,259.0,259.0,1.930e-71,2.600e-67,4.13,0.854,1.15e+04,1,1,
n88,n11,282,262,50.6,50.6,264.0,264.0,7.850e-73,1.060e-68,4.13,1.11,1.5e+04,1,1,
n88,n12,282,262,50.9,50.9,265.0,265.0,2.700e-73,3.630e-69,4.13,0.764,1.03e+04,1,1,
n88,n13,282,262,51.3,51.3,266.0,266.0,1.580e-73,2.130e-69,4.13,0.895,1.21e+04,1,1,
n88,n14,282,319,47.7,47.7,267.0,267.0,9.270e-74,1.250e-69,4.13,1.05,1.42e+04,1,1,
n88,n15,282,301,47.4,47.4,266.0,266.0,1.580e-73,2.130e-69,4.13,0.895,1.21e+04,1,1,
n88,n16,282,262,48.7,48.7,258.0,258.0,5.630e-71,7.580e-67,4.13,1.25,1.68e+04,1,1,
n88,n18,282,298,45.1,45.1,235.0,235.0,3.910e-64,5.260e-60,4.13,1.03,1.39e+04,1,1,
n88,n19,282,307,35.5,41.6,185.0,206.0,3.550e-49,3.420e-51,-2.02,0.831,1.68e+04,1,1,
n88,n2,282,259,44.6,44.6,218.0,218.0,4.940e-59,6.650e-55,4.13,0.994,1.34e+04,1,1,
n88,n20,282,298,39.7,39.7,183.0,183.0,1.350e-48,1.820e-44,4.13,0.79,1.07e+04,1,1,
n88,n21,282,304,41.0,41.0,198.0,198.0,5.290e-53,7.130e-49,4.13,1.01,1.37e+04,1,1,
n88,n22,282,296,51.9,51.9,268.0,268.0,3.190e-74,4.290e-70,4.13,0.723,9.72e+03,1,1,
n88,n23,282,300,47.0,47.0,262.0,262.0,3.900e-72,5.250e-68,4.13,1.38,1.86e+04,1,1,
n88,n24,282,304,44.2,44.2,225.0,225.0,3.090e-61,4.170e-57,4.13,0.796,1.07e+04,1,1,
n88,n25,282,301,47.4,47.4,266.0,266.0,1.580e-73,2.130e-69,4.13,0.895,1.21e+04,1,1,
n88,n26,282,261,50.0,50.0,260.0,260.0,8.680e-72,1.170e-67,4.13,0.768,1.04e+04,1,1,
n88,n27,282,296,51.9,51.9,268.0,268.0,3.190e-74,4.290e-70,4.13,0.723,9.72e+03,1,1,
n88,n28,282,284,40.4,40.4,204.0,204.0,9.640e-55,1.300e-50,4.13,1.18,1.6e+04,1,1,
n88,n29,282,319,47.7,47.7,268.0,268.0,4.160e-74,5.610e-70,4.13,0.942,1.27e+04,1,1,
n88,n30,282,262,50.6,50.6,264.0,264.0,7.850e-73,1.060e-68,4.13,1.11,1.5e+04,1,1,
n88,n31,282,262,50.9,50.9,265.0,265.0,2.700e-73,3.630e-69,4.13,0.764,1.03e+04,1,1,
n88,n32,282,294,44.3,44.3,242.0,242.0,4.170e-66,5.620e-62,4.13,1.41,1.9e+04,1,1,
n88,n33,282,293,45.3,45.3,239.0,239.0,2.700e-65,3.640e-61,4.13,1.14,1.54e+04,1,1,
n88,n34,282,293,48.8,48.8,240.0,240.0,1.210e-65,1.640e-61,4.13,1.02,1.38e+04,1,1,
n88,n36,282,310,44.9,44.9,208.0,208.0,5.110e-56,6.890e-52,4.13,1,1.35e+04,1,1,
n88,n38,282,495,26.3,26.3,67.0,67.0,1.080e-13,1.450e-09,4.13,0.761,1.02e+04,0,0,
n88,n4,282,292,49.3,49.3,247.0,247.0,1.300e-67,1.750e-63,4.13,1.4,1.89e+04,1,1,
n88,n40,282,292,27.4,27.4,99.0,99.0,2.560e-23,3.450e-19,4.13,0.775,1.04e+04,0,0,
n88,n41,282,305,42.1,42.1,198.0,198.0,4.050e-53,5.460e-49,4.13,0.777,1.05e+04,1,1,
n88,n42,282,426,48.3,48.3,246.0,246.0,2.210e-67,2.980e-63,4.13,1.19,1.61e+04,1,1,
n88,n43,282,319,37.8,37.8,161.0,161.0,7.170e-42,9.650e-38,4.13,1,1.35e+04,1,1,
n88,n44,282,301,47.4,47.4,266.0,266.0,1.580e-73,2.130e-69,4.13,0.895,1.21e+04,1,1,
n88,n45,282,319,47.7,47.7,267.0,267.0,9.270e-74,1.250e-69,4.13,1.05,1.42e+04,1,1,
n88,n46,282,301,47.4,47.4,266.0,266.0,1.580e-73,2.130e-69,4.13,0.895,1.21e+04,1,1,
n88,n47,282,304,41.0,41.0,198.0,198.0,5.290e-53,7.130e-49,4.13,1.01,1.37e+04,1,1,
n88,n5,282,292,43.7,43.7,222.0,222.0,2.620e-60,3.530e-56,4.13,0.843,1.14e+04,1,1,
n88,n50,282,269,32.1,32.1,116.0,116.0,3.450e-28,4.650e-24,4.13,1.37,1.84e+04,1,1,
n88,n51,282,312,43.7,43.7,201.0,201.0,6.250e-54,8.420e-50,4.13,0.959,1.29e+04,1,1,
n88,n52,282,260,45.3,45.3,230.0,230.0,9.620e-63,1.300e-58,4.13,0.793,1.07e+04,1,1,
n88,n53,282,260,44.9,44.9,230.0,230.0,9.620e-63,1.300e-58,4.13,0.793,1.07e+04,1,1,
n88,n54,282,259,44.2,44.2,218.0,218.0,6.450e-59,8.690e-55,4.13,1.3,1.75e+04,1,1,
n88,n55,282,257,39.8,39.8,194.0,194.0,7.640e-52,1.030e-47,4.13,0.916,1.24e+04,1,1,
n88,n56,282,257,40.6,40.6,197.0,197.0,1.180e-52,1.590e-48,4.13,1.13,1.53e+04,1,1,
n88,n57,282,257,40.2,40.2,195.0,195.0,3.430e-52,4.620e-48,4.13,0.823,1.11e+04,1,1,
n88,n58,282,299,38.7,38.7,188.0,188.0,4.190e-50,5.650e-46,4.13,0.785,1.06e+04,1,1,
n88,n59,282,298,43.6,43.6,201.0,201.0,8.160e-54,1.100e-49,4.13,1.25,1.69e+04,1,1,
n88,n6,282,289,46.6,46.6,235.0,235.0,5.100e-64,6.870e-60,4.13,1.34,1.81e+04,1,1,
n88,n60,282,316,41.9,42.2,189.0,190.0,3.210e-50,1.490e-46,3.67,1.2,1.12e+04,1,1,
n88,n61,282,307,43.3,43.3,203.0,203.0,1.640e-54,2.210e-50,4.13,1.01,1.36e+04,1,1,
n88,n62,282,263,47.7,47.7,235.0,235.0,2.990e-64,4.030e-60,4.13,0.788,1.06e+04,1,1,
n88,n63,282,282,26.2,26.2,99.0,99.0,4.370e-23,5.880e-19,4.13,1.32,1.78e+04,0,0,
n88,n64,282,257,49.2,49.2,243.0,243.0,1.100e-66,1.480e-62,4.13,0.743,9.99e+03,1,1,
n88,n66,282,302,41.9,42.2,207.0,209.0,8.720e-56,4.040e-52,3.67,0.857,1.59e+04,1,1,
n88,n67,282,366,29.1,29.1,109.0,109.0,3.230e-26,4.350e-22,4.13,1,1.35e+04,0,0,
n88,n68,282,302,43.8,44.2,213.0,215.0,1.590e-57,7.360e-54,3.67,1,1.85e+04,1,1,
n88,n69,282,279,56.6,56.6,311.0,311.0,4.290e-87,5.780e-83,4.13,0.855,1.15e+04,1,1,
n88,n7,282,302,42.6,43.0,205.0,206.0,4.330e-55,2.000e-51,3.66,1.06,9.82e+03,1,1,
n88,n70,282,292,46.2,46.2,252.0,252.0,2.360e-69,3.180e-65,4.13,0.816,1.1e+04,1,1,
n88,n71,282,297,44.6,44.6,206.0,206.0,2.540e-55,3.420e-51,4.13,1.25,1.68e+04,1,1,
n88,n72,282,311,42.9,42.9,216.0,216.0,1.880e-58,2.530e-54,4.13,0.946,1.27e+04,1,1,
n88,n73,282,302,41.9,41.9,208.0,208.0,6.680e-56,8.990e-52,4.13,1.31,1.77e+04,1,1,
n88,n74,282,284,50.0,50.0,253.0,253.0,1.060e-69,1.430e-65,4.13,0.733,9.88e+03,1,1,
n88,n75,282,279,40.0,40.0,209.0,209.0,2.300e-56,3.090e-52,4.13,0.904,1.21e+04,1,1,
n88,n76,282,304,43.3,43.3,208.0,208.0,3.910e-56,5.270e-52,4.13,0.768,1.04e+04,1,1,
n88,n77,282,304,41.7,42.1,204.0,206.0,7.380e-55,3.420e-51,3.67,0.906,1.68e+04,1,1,
n88,n78,282,293,45.4,45.4,227.0,227.0,8.140e-62,1.100e-57,4.13,0.838,1.13e+04,1,1,
n88,n79,282,283,31.5,31.5,106.0,106.0,2.100e-25,2.820e-21,4.13,0.814,1.09e+04,1,1,
n88,n8,282,262,50.0,50.0,260.0,260.0,1.130e-71,1.530e-67,4.13,1,1.35e+04,1,1,
n88,n80,282,301,48.1,48.1,269.0,269.0,1.870e-74,2.520e-70,4.13,0.847,1.14e+04,1,1,
n88,n81,282,310,50.4,50.4,250.0,250.0,1.170e-68,1.580e-64,4.13,1.01,1.37e+04,1,1,
n88,n82,282,364,30.9,30.9,112.0,112.0,2.920e-27,3.940e-23,4.13,0.724,9.77e+03,1,1,
n88,n83,282,434,35.7,35.7,162.0,162.0,4.200e-42,5.660e-38,4.13,1.17,1.58e+04,1,1,
n88,n86,282,273,45.7,45.7,213.0,213.0,1.590e-57,2.140e-53,4.13,1,1.35e+04,1,1,
n88,n87,282,286,44.1,44.1,223.0,223.0,2.010e-60,2.700e-56,4.13,1.29,1.74e+04,1,1,
n88,n89,282,308,43.1,43.1,203.0,203.0,2.150e-54,2.890e-50,4.13,1.32,1.77e+04,1,1,
n88,n9,282,315,47.7,47.7,235.0,235.0,5.100e-64,6.870e-60,4.13,1.34,1.81e+04,1,1,
n88,n90,282,258,29.1,29.1,79.0,79.0,4.680e-17,6.300e-13,4.13,1.35,1.82e+04,0,0,
n89,n1,308,290,53.2,53.2,273.0,273.0,1.080e-75,1.460e-71,4.13,0.717,9.69e+03,1,1,
n89,n10,308,262,48.7,48.7,250.0,250.0,1.670e-68,2.250e-64,4.13,1.32,1.78e+04,1,1,
n89,n11,308,262,49.4,49.4,257.0,257.0,1.050e-70,1.410e-66,4.13,1.06,1.43e+04,1,1,
n89,n12,308,262,48.7,48.7,255.0,255.0,3.980e-70,5.360e-66,4.13,1.01,1.36e+04,1,1,
n89,n13,308,262,48.7,48.7,253.0,253.0,1.980e-69,2.660e-65,4.13,1.25,1.68e+04,1,1,
n89,n14,308,319,44.8,45.4,250.0,257.0,1.670e-68,1.410e-66,1.93,1.32,1.43e+04,1,1,
n89,n15,308,301,45.4,46.1,251.0,258.0,7.510e-69,6.340e-67,1.93,1.19,1.28e+04,1,1,
n89,n16,308,262,47.6,47.6,245.0,245.0,3.160e-67,4.250e-63,4.13,0.781,1.05e+04,1,1,
n89,n18,308,298,50.2,50.2,292.0,292.0,2.250e-81,3.030e-77,4.13,0.783,1.05e+04,1,1,
n89,n19,308,307,61.2,61.2,383.0,383.0,9.700e-109,1.310e-104,4.13,0.836,1.13e+04,1,1,
n89,n2,308,259,40.5,43.4,209.0,225.0,3.270e-56,7.760e-57,-0.62,1.18,1.83e+04,1,1,
n89,n20,308,298,51.2,51.2,312.0,312.0,3.590e-87,4.830e-83,4.13,1.31,1.76e+04,1,1,
n89,n21,308,304,48.1,48.5,256.0,255.0,1.790e-70,7.010e-66,4.59,0.906,1.77e+04,1,1,
n89,n22,308,296,44.9,46.0,253.0,250.0,1.510e-69,1.320e-64,4.94,0.956,1.04e+04,1,1,
n89,n23,308,300,45.2,45.2,247.0,247.0,1.080e-67,1.460e-63,4.13,1.07,1.44e+04,1,1,
n89,n24,308,304,46.3,46.3,245.0,245.0,4.120e-67,5.550e-63,4.13,1.02,1.37e+04,1,1,
n89,n25,308,301,44.4,45.1,248.0,255.0,4.870e-68,4.110e-66,1.93,0.963,1.04e+04,1,1,
n89,n26,308,261,49.1,49.1,255.0,255.0,5.200e-70,7.010e-66,4.13,1.32,1.77e+04,1,1,
n89,n27,308,296,44.9,46.0,253.0,250.0,1.510e-69,1.320e-64,4.94,0.956,1.04e+04,1,1,
n89,n28,308,284,42.0,42.0,210.0,210.0,1.470e-56,1.980e-52,4.13,1.06,1.42e+04,1,1,
n89,n29,308,319,44.4,45.1,245.0,252.0,4.120e-67,3.480e-65,1.93,1.02,1.1e+04,1,1,
n89,n3,308,380,27.6,27.6,44.0,44.0,1.070e-06,1.440e-02,4.13,0.823,1.11e+04,0,0,
n89,n30,308,262,49.4,49.4,257.0,257.0,1.050e-70,1.410e-66,4.13,1.06,1.43e+04,1,1,
n89,n31,308,262,48.7,48.7,255.0,255.0,3.980e-70,5.360e-66,4.13,1.01,1.36e+04,1,1,
n89,n32,308,294,42.8,42.8,232.0,232.0,3.610e-63,4.860e-59,4.13,1.09,1.47e+04,1,1,
n89,n33,308,293,43.0,43.6,222.0,228.0,2.860e-60,7.020e-58,2.39,0.843,1.32e+04,1,1,
n89,n34,308,293,42.2,42.2,216.0,216.0,1.570e-58,2.110e-54,4.13,0.723,9.72e+03,1,1,
n89,n36,308,310,56.3,56.0,357.0,358.0,5.700e-101,4.500e-97,3.90,0.732,1.16e+04,1,1,
n89,n4,308,292,48.2,49.7,270.0,282.0,9.160e-75,5.350e-74,0.77,0.76,1.82e+04,1,1,
n89,n40,308,292,25.7,25.7,108.0,108.0,7.860e-26,1.060e-21,4.13,1.12,1.5e+04,0,0,
n89,n41,308,305,47.6,47.6,268.0,270.0,3.480e-74,2.100e-70,3.78,0.722,1.74e+04,1,1,
n89,n42,308,426,55.9,55.9,310.0,310.0,1.040e-86,1.410e-82,4.13,0.949,1.29e+04,1,1,
n89,n43,308,319,43.1,43.1,211.0,211.0,5.050e-57,6.800e-53,4.13,0.727,9.79e+03,1,1,
n89,n44,308,301,45.4,46.1,251.0,258.0,7.510e-69,6.340e-67,1.93,1.19,1.28e+04,1,1,
n89,n45,308,319,44.8,45.4,250.0,257.0,1.670e-68,1.410e-66,1.93,1.32,1.43e+04,1,1,
n89,n46,308,301,45.4,46.1,251.0,258.0,7.510e-69,6.340e-67,1.93,1.19,1.28e+04,1,1,
n89,n47,308,304,48.1,48.5,256.0,255.0,1.790e-70,7.010e-66,4.59,0.906,1.77e+04,1,1,
n89,n5,308,292,44.5,44.2,238.0,236.0,3.860e-65,1.970e-60,4.71,0.746,9.51e+03,1,1,
n89,n50,308,269,34.9,34.9,139.0,139.0,3.190e-35,4.290e-31,4.13,0.972,1.31e+04,1,1,
n89,n51,308,312,61.8,61.8,368.0,368.0,3.230e-104,4.350e-100,4.13,0.849,1.14e+04,1,1,
n89,n52,308,260,44.2,47.0,225.0,236.0,5.770e-61,2.580e-60,0.65,1.36,1.25e+04,1,1,
n89,n53,308,260,45.5,45.5,236.0,236.0,1.470e-64,1.970e-60,4.13,0.71,9.51e+03,1,1,
n89,n54,308,259,43.4,43.4,226.0,226.0,2.590e-61,3.490e-57,4.13,1.22,1.65e+04,1,1,
n89,n55,308,257,48.1,48.1,254.0,254.0,8.870e-70,1.200e-65,4.13,1.12,1.52e+04,1,1,
n89,n56,308,257,48.0,48.0,253.0,253.0,1.980e-69,2.660e-65,4.13,1.25,1.68e+04,1,1,
n89,n57,308,257,48.0,48.0,254.0,254.0,6.790e-70,9.150e-66,4.13,0.859,1.16e+04,1,1,
n89,n58,308,299,40.6,40.6,220.0,220.0,1.420e-59,1.910e-55,4.13,1.05,1.41e+04,1,1,
n89,n59,308,298,56.1,56.1,343.0,343.0,1.110e-96,1.500e-92,4.13,0.87,1.18e+04,1,1,
n89,n6,308,289,43.8,46.2,228.0,243.0,3.990e-62,1.620e-62,-0.39,0.753,1e+04,1,1,
n89,n60,308,316,57.6,57.6,366.0,366.0,2.090e-103,2.820e-99,4.13,1.37,1.85e+04,1,1,
n89,n61,308,307,60.7,62.8,386.0,397.0,1.150e-109,8.740e-109,0.88,0.793,1.23e+04,1,1,
n89,n62,308,263,47.7,47.7,246.0,246.0,1.850e-67,2.490e-63,4.13,0.915,1.23e+04,1,1,
n89,n63,308,282,28.4,28.8,114.0,113.0,8.400e-28,2.520e-23,4.48,0.763,1.14e+04,0,0,
n89,n64,308,257,47.5,47.5,240.0,240.0,1.020e-65,1.370e-61,4.13,0.788,1.06e+04,1,1,
n89,n66,308,302,61.1,61.1,381.0,381.0,6.290e-108,8.470e-104,4.13,1.35,1.82e+04,1,1,
n89,n67,308,366,39.8,39.8,172.0,172.0,3.400e-45,4.570e-41,4.13,0.89,1.2e+04,1,1,
n89,n68,308,302,60.7,60.7,381.0,381.0,6.290e-108,8.470e-104,4.13,1.35,1.82e+04,1,1,
n89,n69,308,279,46.4,46.4,225.0,225.0,4.410e-61,5.940e-57,4.13,1.04,1.4e+04,1,1,
n89,n7,308,302,61.1,61.1,384.0,384.0,5.690e-109,7.660e-105,4.13,0.98,1.32e+04,1,1,
n89,n70,308,292,46.8,47.2,260.0,272.0,1.240e-71,3.250e-71,0.42,1,1.08e+04,1,1,
n89,n71,308,297,56.9,55.9,342.0,352.0,3.240e-96,4.210e-95,1.11,1.27,1.69e+04,1,1,
n89,n72,308,311,41.0,41.0,231.0,231.0,8.040e-63,1.080e-58,4.13,1.21,1.63e+04,1,1,
n89,n73,308,302,43.2,43.2,211.0,211.0,6.600e-57,8.880e-53,4.13,0.95,1.28e+04,1,1,
n89,n74,308,284,45.5,47.2,249.0,268.0,2.850e-68,8.000e-70,-1.55,1.13,1.66e+04,1,1,
n89,n75,308,279,55.0,55.0,263.0,263.0,1.460e-72,1.970e-68,4.13,0.946,1.28e+04,1,1,
n89,n76,308,304,59.2,59.2,376.0,376.0,2.020e-106,2.720e-102,4.13,1.36,1.83e+04,1,1,
n89,n77,308,304,63.2,63.2,391.0,391.0,3.560e-111,4.800e-107,4.13,0.785,1.06e+04,1,1,
n89,n78,308,293,42.5,42.5,239.0,239.0,2.260e-65,3.050e-61,4.13,0.873,1.18e+04,1,1,
n89,n79,308,283,33.9,33.9,142.0,142.0,4.910e-36,6.620e-32,4.13,1.2,1.61e+04,1,1,
n89,n8,308,262,46.7,49.4,245.0,257.0,4.120e-67,1.840e-66,0.65,1.02,1.86e+04,1,1,
n89,n80,308,301,44.7,45.4,247.0,254.0,1.420e-67,1.200e-65,1.93,1.4,1.52e+04,1,1,
n89,n81,308,310,49.5,49.5,251.0,251.0,7.510e-69,1.010e-64,4.13,1.19,1.6e+04,1,1,
n89,n82,308,364,39.3,39.3,176.0,176.0,3.070e-46,4.140e-42,4.13,1.29,1.73e+04,1,1,
n89,n83,308,434,35.1,38.5,154.0,169.0,1.250e-39,2.960e-40,-0.63,1.25,9.68e+03,1,1,
n89,n85,308,258,25.6,27.9,28.0,32.0,6.060e-02,9.650e+01,3.20,0.711,1.81e+04,0,0,
n89,n86,308,273,59.1,59.1,347.0,347.0,7.700e-98,1.040e-93,4.13,0.965,1.3e+04,1,1,
n89,n87,308,286,41.2,41.2,221.0,221.0,6.370e-60,8.580e-56,4.13,0.939,1.26e+04,1,1,
n89,n88,308,282,43.1,43.1,203.0,203.0,2.350e-54,3.160e-50,4.13,1.32,1.78e+04,1,1,
n89,n9,308,315,46.6,46.6,252.0,252.0,2.580e-69,3.480e-65,4.13,0.816,1.1e+04,1,1,
n89,n90,308,258,28.3,28.5,69.0,69.0,5.290e-14,4.170e-10,3.90,1.37,1.08e+04,0,0,
n9,n1,315,290,51.9,51.9,256.0,256.0,1.830e-70,2.460e-66,4.13,0.906,1.22e+04,1,1,
n9,n10,315,262,58.6,58.6,305.0,305.0,2.630e-85,3.540e-81,4.13,0.733,9.87e+03,1,1,
n9,n11,315,262,59.7,59.7,317.0,317.0,8.730e-89,1.180e-84,4.13,0.997,1.35e+04,1,1,
n9,n12,315,262,59.3,59.3,307.0,307.0,6.920e-86,9.320e-82,4.13,0.771,1.04e+04,1,1,
n9,n13,315,262,58.9,58.9,312.0,312.0,2.810e-87,3.780e-83,4.13,1,1.35e+04,1,1,
n9,n133,315,335,24.8,24.8,37.0,37.0,1.740e-04,2.350e+00,4.13,1.02,1.38e+04,0,0,
n9,n134,315,352,28.1,28.1,45.0,45.0,4.900e-07,6.600e-03,4.13,0.737,9.93e+03,0,0,
n9,n14,315,319,52.8,53.5,314.0,314.0,7.390e-88,9.950e-84,4.13,1.05,1.42e+04,1,1,
n9,n15,315,301,56.2,55.6,324.0,324.0,7.140e-91,9.620e-87,4.13,1.04,1.41e+04,1,1,
n9,n16,315,262,58.9,58.9,312.0,312.0,2.150e-87,2.900e-83,4.13,0.767,1.03e+04,1,1,
n9,n17,315,314,31.8,31.8,39.0,39.0,4.590e-05,6.180e-01,4.13,1.08,1.45e+04,0,0,
n9,n18,315,298,49.5,49.5,272.0,272.0,2.470e-75,3.320e-71,4.13,0.801,1.08e+04,1,1,
n9,n19,315,307,41.0,41.0,223.0,223.0,2.240e-60,3.020e-56,4.13,1.29,1.74e+04,1,1,
n9,n2,315,259,62.2,62.2,330.0,330.0,7.630e-93,1.030e-88,4.13,0.713,9.63e+03,1,1,
n9,n20,315,298,42.6,42.6,198.0,198.0,7.720e-53,1.040e-48,4.13,1.33,1.79e+04,1,1,
n9,n21,315,304,47.9,47.9,251.0,251.0,7.680e-69,1.030e-64,4.13,1.19,1.59e+04,1,1,
n9,n22,315,296,57.0,57.0,327.0,327.0,1.100e-91,1.480e-87,4.13,1.29,1.73e+04,1,1,
n9,n23,315,300,56.0,56.0,320.0,320.0,7.900e-90,1.060e-85,4.13,0.721,9.68e+03,1,1,
n9,n24,315,304,52.8,52.8,310.0,310.0,1.390e-86,1.880e-82,4.13,1.24,1.68e+04,1,1,
n9,n25,315,301,55.3,55.3,314.0,314.0,7.390e-88,9.950e-84,4.13,1.05,1.42e+04,1,1,
n9,n26,315,261,59.7,59.7,317.0,317.0,1.140e-88,1.540e-84,4.13,1.3,1.76e+04,1,1,
n9,n27,315,296,57.0,57.0,327.0,327.0,1.100e-91,1.480e-87,4.13,1.29,1.73e+04,1,1,
n9,n28,315,284,51.7,55.0,293.0,294.0,1.350e-81,1.070e-77,3.90,0.919,1.46e+04,1,1,
n9,n29,315,319,54.0,53.4,320.0,320.0,7.900e-90,1.060e-85,4.13,0.721,9.68e+03,1,1,
n9,n3,315,380,26.8,26.8,43.0,43.0,3.180e-06,4.280e-02,4.13,1.2,1.61e+04,0,0,
n9,n30,315,262,59.7,59.7,317.0,317.0,8.730e-89,1.180e-84,4.13,0.997,1.35e+04,1,1,
n9,n31,315,262,59.3,59.3,307.0,307.0,6.920e-86,9.320e-82,4.13,0.771,1.04e+04,1,1,
n9,n32,315,294,49.8,49.8,282.0,282.0,4.060e-78,5.470e-74,4.13,1.35,1.82e+04,1,1,
n9,n33,315,293,55.7,55.6,300.0,299.0,1.440e-83,2.540e-79,4.25,1.25,1.11e+04,1,1,
n9,n34,315,293,53.0,53.4,283.0,283.0,1.400e-78,1.880e-74,4.13,0.93,1.25e+04,1,1,
n9,n35,315,456,25.9,25.9,42.0,42.0,7.080e-06,9.530e-02,4.13,1.33,1.79e+04,0,0,
n9,n36,315,310,43.5,43.5,233.0,233.0,1.270e-63,1.710e-59,4.13,0.749,1.01e+04,1,1,
n9,n38,315,495,28.9,28.9,70.0,70.0,1.860e-14,2.500e-10,4.13,0.939,1.26e+04,0,0,
n9,n4,315,292,47.0,47.0,255.0,255.0,3.120e-70,4.200e-66,4.13,0.772,1.04e+04,1,1,
n9,n40,315,292,29.3,29.3,91.0,91.0,1.330e-20,1.790e-16,4.13,1.41,1.89e+04,0,0,
n9,n41,315,305,47.6,47.6,240.0,240.0,1.040e-65,1.400e-61,4.13,0.786,1.06e+04,1,1,
n9,n42,315,426,49.5,49.5,268.0,268.0,6.070e-74,8.180e-70,4.13,1.23,1.66e+04,1,1,
n9,n43,315,319,36.1,36.1,182.0,182.0,3.360e-48,4.520e-44,4.13,0.881,1.18e+04,1,1,
n9,n44,315,301,56.2,55.6,324.0,324.0,7.140e-91,9.620e-87,4.13,1.04,1.41e+04,1,1,
n9,n45,315,319,52.8,53.5,314.0,314.0,7.390e-88,9.950e-84,4.13,1.05,1.42e+04,1,1,
n9,n46,315,301,56.2,55.6,324.0,324.0,7.140e-91,9.620e-87,4.13,1.04,1.41e+04,1,1,
n9,n47,315,304,47.9,47.9,251.0,251.0,7.680e-69,1.030e-64,4.13,1.19,1.59e+04,1,1,
n9,n5,315,292,59.0,59.0,334.0,334.0,9.010e-94,1.210e-89,4.13,1.35,1.81e+04,1,1,
n9,n50,315,269,32.6,32.6,129.0,129.0,2.580e-32,3.480e-28,4.13,0.751,1.01e+04,1,1,
n9,n51,315,312,46.0,46.0,243.0,243.0,1.600e-66,2.160e-62,4.13,0.967,1.31e+04,1,1,
n9,n52,315,260,59.8,59.8,328.0,328.0,4.950e-92,6.660e-88,4.13,1.16,1.56e+04,1,1,
n9,n53,315,260,63.2,63.2,343.0,343.0,1.490e-96,2.000e-92,4.13,1.14,1.53e+04,1,1,
n9,n54,315,259,62.0,62.0,330.0,330.0,1.300e-92,1.750e-88,4.13,1.22,1.64e+04,1,1,
n9,n55,315,257,57.8,57.8,301.0,301.0,4.960e-84,6.680e-80,4.13,0.864,1.16e+04,1,1,
n9,n56,315,257,59.3,59.3,307.0,307.0,9.030e-86,1.220e-81,4.13,1.01,1.36e+04,1,1,
n9,n57,315,257,58.1,58.1,303.0,303.0,1.300e-84,1.760e-80,4.13,0.906,1.23e+04,1,1,
n9,n58,315,299,49.3,49.3,270.0,270.0,9.370e-75,1.260e-70,4.13,0.76,1.02e+04,1,1,
n9,n59,315,298,39.9,39.9,215.0,215.0,3.580e-58,4.820e-54,4.13,0.806,1.09e+04,1,1,
n9,n6,315,289,58.1,58.1,342.0,342.0,3.310e-96,4.460e-92,4.13,1.27,1.71e+04,1,1,
n9,n60,315,316,44.4,44.4,228.0,228.0,6.970e-62,9.380e-58,4.13,1.29,1.73e+04,1,1,
n9,n61,315,307,42.2,42.2,216.0,216.0,1.610e-58,2.160e-54,4.13,0.725,9.73e+03,1,1,
n9,n62,315,263,64.8,64.8,354.0,354.0,8.420e-100,1.130e-95,4.13,1.32,1.77e+04,1,1,
n9,n63,315,282,28.1,28.1,101.0,101.0,1.280e-23,1.730e-19,4.13,1.39,1.88e+04,0,0,
n9,n64,315,257,67.7,67.7,352.0,352.0,2.450e-99,3.300e-95,4.13,0.961,1.29e+04,1,1,
n9,n66,315,302,42.0,42.0,229.0,229.0,3.130e-62,4.210e-58,4.13,1.15,1.55e+04,1,1,
n9,n67,315,366,35.8,36.2,135.0,136.0,4.700e-34,3.710e-30,3.90,0.875,1.38e+04,1,1,
n9,n68,315,302,42.9,42.9,235.0,235.0,5.700e-64,7.670e-60,4.13,1.35,1.81e+04,1,1,
n9,n69,315,279,51.1,51.1,273.0,273.0,1.110e-75,1.490e-71,4.13,0.72,9.67e+03,1,1,
n9,n7,315,302,43.4,43.4,232.0,232.0,2.830e-63,3.810e-59,4.13,0.835,1.12e+04,1,1,
n9,n70,315,292,47.5,46.9,267.0,264.0,1.350e-73,9.040e-69,4.83,1.37,1.15e+04,1,1,
n9,n71,315,297,41.7,41.7,209.0,209.0,2.560e-56,3.450e-52,4.13,0.9,1.21e+04,1,1,
n9,n72,315,311,54.8,54.8,325.0,325.0,3.210e-91,4.320e-87,4.13,0.938,1.26e+04,1,1,
n9,n73,315,302,51.9,55.2,282.0,315.0,4.060e-78,3.420e-84,-6.07,1.35,9.76e+03,1,1,
n9,n74,315,284,57.2,57.2,316.0,316.0,1.940e-88,2.620e-84,4.13,1.11,1.5e+04,1,1,
n9,n75,315,279,48.4,48.4,234.0,234.0,9.720e-64,1.310e-59,4.13,1.15,1.55e+04,1,1,
n9,n76,315,304,43.2,43.2,235.0,235.0,5.700e-64,7.670e-60,4.13,1.35,1.81e+04,1,1,
n9,n77,315,304,40.7,41.3,203.0,230.0,2.400e-54,1.450e-58,-4.22,1.32,1.07e+04,1,1,
n9,n78,315,293,57.0,57.0,319.0,319.0,2.300e-89,3.090e-85,4.13,1.05,1.41e+04,1,1,
n9,n79,315,283,33.2,33.2,126.0,126.0,2.190e-31,2.940e-27,4.13,0.797,1.07e+04,1,1,
n9,n8,315,262,59.5,59.5,315.0,315.0,4.330e-88,5.830e-84,4.13,1.24,1.66e+04,1,1,
n9,n80,315,301,55.6,54.9,319.0,319.0,2.300e-89,3.090e-85,4.13,1.05,1.41e+04,1,1,
n9,n81,315,310,62.2,62.2,373.0,373.0,1.030e-105,1.380e-101,4.13,0.847,1.14e+04,1,1,
n9,n82,315,364,36.3,34.2,143.0,143.0,1.730e-36,2.330e-32,4.13,0.825,1.11e+04,1,1,
n9,n83,315,434,48.1,48.1,253.0,253.0,1.550e-69,2.080e-65,4.13,0.959,1.29e+04,1,1,
n9,n85,315,258,27.6,27.6,37.0,37.0,2.280e-04,3.070e+00,4.13,1.34,1.8e+04,0,0,
n9,n86,315,273,42.9,42.9,210.0,210.0,1.960e-56,2.640e-52,4.13,1.38,1.86e+04,1,1,
n9,n87,315,286,56.6,56.6,327.0,327.0,6.460e-92,8.700e-88,4.13,0.755,1.02e+04,1,1,
n9,n88,315,282,47.7,47.7,235.0,235.0,5.700e-64,7.670e-60,4.13,1.35,1.81e+04,1,1,
n9,n89,315,308,46.6,46.6,252.0,252.0,2.640e-69,3.560e-65,4.13,0.817,1.1e+04,1,1,
n9,n90,315,258,26.2,26.2,63.0,63.0,2.970e-12,4.000e-08,4.13,1.17,1.58e+04,0,0,
n90,n1,258,290,27.2,26.4,62.0,68.0,4.150e-12,7.790e-10,2.27,0.999,1.2e+04,0,0,
n90,n10,258,262,26.6,27.0,61.0,61.0,7.070e-12,9.520e-08,4.13,0.851,1.15e+04,0,0,
n90,n11,258,262,26.6,27.0,62.0,62.0,3.170e-12,4.270e-08,4.13,0.763,1.03e+04,0,0,
n90,n12,258,262,29.0,29.0,72.0,72.0,5.230e-15,7.050e-11,4.13,1.29,1.74e+04,0,0,
n90,n13,258,262,27.4,27.8,65.0,65.0,3.750e-13,5.050e-09,4.13,0.722,9.73e+03,0,0,
n90,n14,258,319,29.0,29.0,72.0,72.0,5.230e-15,7.050e-11,4.13,1.29,1.74e+04,0,0,
n90,n15,258,301,26.6,27.0,62.0,62.0,3.170e-12,4.270e-08,4.13,0.763,1.03e+04,0,0,
n90,n16,258,262,25.7,25.7,64.0,64.0,8.350e-13,1.120e-08,4.13,0.804,1.08e+04,0,0,
n90,n18,258,298,25.5,25.5,59.0,59.0,3.510e-11,4.730e-07,4.13,1.06,1.42e+04,0,0,
n90,n19,258,307,26.4,27.1,71.0,72.0,6.830e-15,7.050e-11,4.01,0.842,1.74e+04,0,0,
n90,n2,258,259,27.2,27.2,58.0,58.0,5.990e-11,8.060e-07,4.13,0.901,1.21e+04,0,0,
n90,n20,258,298,25.1,25.1,56.0,56.0,2.270e-10,3.060e-06,4.13,0.854,1.15e+04,0,0,
n90,n21,258,304,26.4,25.6,58.0,59.0,7.820e-11,4.730e-07,3.78,1.18,1.42e+04,0,0,
n90,n24,258,304,27.6,27.6,72.0,72.0,5.230e-15,7.050e-11,4.13,1.29,1.74e+04,0,0,
n90,n25,258,301,29.4,29.4,73.0,73.0,2.350e-15,3.160e-11,4.13,1.16,1.56e+04,0,0,
n90,n26,258,261,27.4,27.8,66.0,66.0,2.870e-13,3.870e-09,4.13,1.11,1.49e+04,0,0,
n90,n28,258,284,26.2,26.2,60.0,60.0,1.210e-11,1.620e-07,4.13,0.728,9.75e+03,0,0,
n90,n29,258,319,29.8,29.8,72.0,72.0,4.010e-15,5.400e-11,4.13,0.988,1.33e+04,0,0,
n90,n30,258,262,26.6,27.0,62.0,62.0,3.170e-12,4.270e-08,4.13,0.763,1.03e+04,0,0,
n90,n31,258,262,29.0,29.0,72.0,72.0,5.230e-15,7.050e-11,4.13,1.29,1.74e+04,0,0,
n90,n32,258,294,28.0,28.0,70.0,70.0,1.170e-14,1.570e-10,4.13,0.721,9.68e+03,0,0,
n90,n33,258,293,25.3,25.3,67.0,67.0,1.680e-13,2.270e-09,4.13,1.29,1.75e+04,0,0,
n90,n36,258,310,26.0,26.4,66.0,67.0,2.200e-13,1.330e-09,3.78,0.847,1.02e+04,0,0,
n90,n4,258,292,26.8,27.1,64.0,70.0,1.420e-12,2.050e-10,2.16,1.37,1.26e+04,0,0,
n90,n40,258,292,25.3,25.3,59.0,59.0,4.580e-11,6.170e-07,4.13,1.38,1.86e+04,0,0,
n90,n41,258,305,26.7,26.7,60.0,60.0,2.060e-11,2.770e-07,4.13,1.24,1.67e+04,0,0,
n90,n42,258,426,25.2,25.2,55.0,55.0,6.620e-10,8.910e-06,4.13,1.24,1.68e+04,0,0,
n90,n44,258,301,26.6,27.0,62.0,62.0,3.170e-12,4.270e-08,4.13,0.763,1.03e+04,0,0,
n90,n45,258,319,29.0,29.0,72.0,72.0,5.230e-15,7.050e-11,4.13,1.29,1.74e+04,0,0,
n90,n46,258,301,26.6,27.0,62.0,62.0,3.170e-12,4.270e-08,4.13,0.763,1.03e+04,0,0,
n90,n47,258,304,26.4,25.6,58.0,59.0,7.820e-11,4.730e-07,3.78,1.18,1.42e+04,0,0,
n90,n5,258,292,25.9,25.5,65.0,65.0,4.900e-13,6.590e-09,4.13,0.944,1.27e+04,0,0,
n90,n50,258,269,24.7,24.7,47.0,47.0,1.380e-07,1.860e-03,4.13,1.01,1.37e+04,0,0,
n90,n51,258,312,25.5,25.5,60.0,60.0,1.210e-11,1.620e-07,4.13,0.728,9.75e+03,0,0,
n90,n52,258,260,27.5,27.0,74.0,74.0,1.050e-15,1.420e-11,4.13,1.04,1.4e+04,0,0,
n90,n53,258,260,27.0,26.6,72.0,72.0,4.010e-15,5.400e-11,4.13,0.988,1.33e+04,0,0,
n90,n54,258,259,27.9,27.9,59.0,59.0,2.690e-11,3.620e-07,4.13,0.809,1.09e+04,0,0,
n90,n56,258,257,24.7,24.3,52.0,52.0,5.600e-09,7.550e-05,4.13,1.32,1.77e+04,0,0,
n90,n57,258,257,24.7,24.3,52.0,52.0,3.280e-09,4.420e-05,4.13,0.771,1.04e+04,0,0,
n90,n59,258,298,25.9,25.9,62.0,62.0,5.410e-12,7.290e-08,4.13,1.3,1.75e+04,0,0,
n90,n6,258,289,29.9,29.4,74.0,74.0,8.070e-16,1.090e-11,4.13,0.796,1.07e+04,0,0,
n90,n60,258,316,26.6,26.6,71.0,71.0,6.830e-15,9.200e-11,4.13,0.842,1.13e+04,0,0,
n90,n61,258,307,27.8,27.8,76.0,76.0,2.770e-16,3.740e-12,4.13,1.09,1.48e+04,0,0,
n90,n62,258,263,26.2,26.2,61.0,61.0,9.240e-12,1.240e-07,4.13,1.11,1.49e+04,0,0,
n90,n63,258,282,25.1,25.1,64.0,64.0,1.420e-12,1.920e-08,4.13,1.37,1.85e+04,0,0,
n90,n64,258,257,29.5,29.5,72.0,72.0,3.070e-15,4.130e-11,4.13,0.757,1.02e+04,0,0,
n90,n66,258,302,26.6,26.6,71.0,71.0,6.830e-15,9.200e-11,4.13,0.842,1.13e+04,0,0,
n90,n67,258,366,25.9,25.9,59.0,59.0,4.580e-11,6.170e-07,4.13,1.38,1.86e+04,0,0,
n90,n68,258,302,27.1,27.1,73.0,73.0,1.800e-15,2.420e-11,4.13,0.887,1.19e+04,0,0,
n90,n69,258,279,25.5,25.5,76.0,76.0,2.120e-16,2.860e-12,4.13,0.836,1.13e+04,0,0,
n90,n7,258,302,28.7,28.7,77.0,77.0,1.630e-16,2.190e-12,4.13,1.29,1.73e+04,0,0,
n90,n70,258,292,28.6,28.6,76.0,76.0,2.770e-16,3.740e-12,4.13,1.09,1.48e+04,0,0,
n90,n71,258,297,25.4,25.4,63.0,63.0,1.860e-12,2.510e-08,4.13,0.895,1.21e+04,0,0,
n90,n72,258,311,27.3,27.3,71.0,71.0,6.830e-15,9.200e-11,4.13,0.842,1.13e+04,0,0,
n90,n73,258,302,25.2,25.2,60.0,60.0,1.580e-11,2.120e-07,4.13,0.951,1.28e+04,0,0,
n90,n74,258,284,27.3,27.3,74.0,74.0,1.380e-15,1.850e-11,4.13,1.36,1.82e+04,0,0,
n90,n75,258,279,25.7,25.7,55.0,55.0,5.070e-10,6.820e-06,4.13,0.953,1.28e+04,0,0,
n90,n76,258,304,26.0,26.0,71.0,71.0,8.920e-15,1.200e-10,4.13,1.1,1.48e+04,0,0,
n90,n77,258,304,27.4,27.4,73.0,73.0,1.800e-15,2.420e-11,4.13,0.887,1.19e+04,0,0,
n90,n78,258,293,28.4,28.4,64.0,64.0,1.090e-12,1.470e-08,4.13,1.05,1.42e+04,0,0,
n90,n79,258,283,24.1,24.3,43.0,43.0,2.600e-06,3.510e-02,4.13,1.19,1.61e+04,0,0,
n90,n8,258,262,26.3,26.7,66.0,66.0,2.200e-13,2.960e-09,4.13,0.847,1.14e+04,0,0,
n90,n80,258,301,27.4,27.8,65.0,65.0,3.750e-13,5.050e-09,4.13,0.722,9.73e+03,0,0,
n90,n81,258,310,28.0,28.0,72.0,72.0,4.010e-15,5.400e-11,4.13,0.988,1.33e+04,0,0,
n90,n83,258,434,24.8,26.6,52.0,64.0,3.280e-09,1.920e-08,0.77,0.771,1.85e+04,0,0,
n90,n86,258,273,26.6,26.6,68.0,68.0,5.780e-14,7.790e-10,4.13,0.89,1.2e+04,0,0,
n90,n87,258,286,27.9,27.0,68.0,68.0,7.560e-14,1.020e-09,4.13,1.16,1.57e+04,0,0,
n90,n88,258,282,29.1,29.1,79.0,79.0,4.280e-17,5.760e-13,4.13,1.35,1.82e+04,0,0,
n90,n89,258,308,28.5,28.5,69.0,69.0,2.600e-14,3.500e-10,4.13,0.801,1.08e+04,0,0,
n90,n9,258,315,26.2,26.2,63.0,63.0,2.430e-12,3.270e-08,4.13,1.17,1.57e+04,0,0,
n91,n92,385,379,43.3,43.3,272.0,272.0,3.010e-75,4.060e-71,4.13,0.799,1.08e+04,1,1,
n91,n93,385,384,33.5,33.5,178.0,178.0,1.010e-46,1.360e-42,4.13,1.35,1.82e+04,1,1,
n91,n94,385,269,49.1,48.7,246.0,245.0,3.020e-67,9.060e-63,4.48,1.19,1.79e+04,1,1,
n91,n95,385,269,49.8,49.5,248.0,247.0,4.660e-68,1.400e-63,4.48,0.737,1.11e+04,1,1,
n92,n91,379,385,43.3,43.3,273.0,273.0,1.740e-75,2.340e-71,4.13,0.938,1.26e+04,1,1,
n92,n93,379,384,34.4,34.4,176.0,176.0,2.220e-46,2.980e-42,4.13,0.756,1.01e+04,1,1,
n92,n94,379,269,59.9,59.9,322.0,322.0,2.500e-90,3.370e-86,4.13,0.759,1.02e+04,1,1,
n92,n95,379,269,60.6,60.6,325.0,325.0,2.950e-91,3.980e-87,4.13,0.716,9.67e+03,1,1,
n93,n24,384,304,25.8,25.8,30.0,30.0,3.390e-02,4.570e+02,4.13,1.28,1.72e+04,0,0,
n93,n52,384,260,28.8,28.8,30.0,30.0,3.390e-02,4.570e+02,4.13,1.28,1.72e+04,0,0,
n93,n91,384,385,33.5,33.5,178.0,178.0,1.010e-46,1.360e-42,4.13,1.36,1.83e+04,1,1,
n93,n92,384,379,34.9,34.9,176.0,176.0,2.240e-46,3.020e-42,4.13,0.752,1.01e+04,1,1,
n94,n91,269,385,49.1,49.1,246.0,246.0,2.110e-67,2.840e-63,4.13,1.19,1.61e+04,1,1,
n94,n92,269,379,59.9,59.9,323.0,323.0,1.360e-90,1.830e-86,4.13,1.16,1.57e+04,1,1,
n94,n93,269,384,37.7,37.7,150.0,150.0,1.210e-38,1.630e-34,4.13,0.865,1.16e+04,1,1,
n94,n95,269,269,98.1,98.1,522.0,522.0,1.990e-150,2.680e-146,4.13,1.37,1.84e+04,1,1,
n95,n91,269,385,49.8,49.8,248.0,248.0,3.260e-68,4.390e-64,4.13,0.738,9.94e+03,1,1,
n95,n92,269,379,60.6,60.6,326.0,326.0,1.600e-91,2.160e-87,4.13,1.1,1.48e+04,1,1,
n95,n93,269,384,38.0,38.0,152.0,152.0,3.180e-39,4.280e-35,4.13,0.909,1.22e+04,1,1,
n95,n94,269,269,98.1,98.1,522.0,522.0,1.990e-150,2.680e-146,4.13,1.37,1.84e+04,1,1,
n96,n123,283,734,27.4,27.4,32.0,32.0,5.040e-03,6.790e+01,4.13,1.03,1.39e+04,0,0,
n96,n124,283,718,37.5,37.5,37.0,37.0,1.200e-04,1.620e+00,4.13,0.785,1.06e+04,0,0,
n96,n130,283,305,27.3,27.3,46.0,46.0,2.580e-07,3.480e-03,4.13,0.864,1.17e+04,0,0,
n96,n22,283,296,19.6,34.0,22.0,34.0,3.990e+00,1.790e+01,0.65,0.796,1.46e+04,0,0,
n96,n27,283,296,19.6,34.0,22.0,34.0,3.990e+00,1.790e+01,0.65,0.796,1.46e+04,0,0,
n96,n53,283,260,20.3,34.0,25.0,32.0,8.050e-01,6.790e+01,1.93,1.29,1.39e+04,0,0,
n96,n59,283,298,33.3,33.3,30.0,30.0,1.470e-02,1.970e+02,4.13,0.751,1.01e+04,0,0,
n96,n78,283,293,20.8,30.1,22.0,33.0,3.990e+00,3.050e+01,0.88,0.796,1.25e+04,0,0,
n96,n81,283,310,21.4,30.4,21.0,31.0,8.900e+00,1.160e+02,1.12,0.888,1.19e+04,0,0,
n96,n85,283,258,26.6,37.5,33.0,32.0,2.950e-03,5.200e+01,4.25,1.21,1.06e+04,0,0,
n96,n97,283,266,30.2,30.2,62.0,62.0,5.940e-12,8.000e-08,4.13,1.3,1.76e+04,1,1,
n97,n113,266,452,31.0,31.0,33.0,33.0,2.780e-03,3.740e+01,4.13,1.21,1.63e+04,0,0,
n97,n130,266,305,23.0,23.0,56.0,56.0,2.350e-10,3.160e-06,4.13,0.857,1.15e+04,0,0,
n97,n131,266,293,27.6,27.6,50.0,50.0,1.680e-08,2.260e-04,4.13,0.958,1.29e+04,0,0,
n97,n49,266,262,28.7,28.7,49.0,49.0,3.740e-08,6.590e-04,4.25,1.07,1.88e+04,0,0,
n97,n96,266,283,30.2,30.2,62.0,62.0,5.580e-12,7.520e-08,4.13,1.3,1.76e+04,1,1,
n98,n62,276,263,23.2,22.8,31.0,31.0,1.090e-02,1.130e+02,4.02,1.14,1.18e+04,0,0,
n98,n85,276,258,27.3,27.3,30.0,30.0,1.430e-02,1.930e+02,4.13,0.749,1.01e+04,0,0,
n98,n97,276,266,33.3,33.3,56.0,56.0,2.430e-10,3.280e-06,4.13,0.854,1.15e+04,1,1,
n99,n101,489,520,33.2,33.2,240.0,240.0,2.110e-65,2.840e-61,4.13,1.03,1.38e+04,1,1,
n99,n102,489,548,35.3,35.3,229.0,229.0,3.720e-62,5.000e-58,4.13,0.884,1.19e+04,1,1,
n99,n103,489,613,36.5,36.5,275.0,275.0,4.520e-76,6.090e-72,4.13,0.756,1.02e+04,1,1,
n99,n104,489,549,34.8,34.8,157.0,157.0,1.790e-40,2.420e-36,4.13,0.901,1.22e+04,1,1,
n99,n105,489,295,26.1,26.8,39.0,40.0,5.450e-05,5.620e-01,4.01,0.825,1.7e+04,0,0,
n99,n106,489,314,29.9,30.5,55.0,55.0,1.250e-09,1.690e-05,4.13,1.24,1.68e+04,0,0,
n99,n107,489,318,31.7,33.3,54.0,53.0,2.790e-09,6.420e-05,4.36,1.38,1.59e+04,1,0,lost_in_v12
n99,n108,489,462,31.7,31.7,206.0,206.0,2.580e-55,3.470e-51,4.13,0.731,9.83e+03,1,1,
n99,n109,489,565,35.5,35.5,260.0,260.0,1.970e-71,2.650e-67,4.13,1.01,1.35e+04,1,1,
n99,n110,489,508,31.3,31.3,205.0,205.0,5.750e-55,7.740e-51,4.13,0.814,1.1e+04,1,1,
n99,n111,489,491,41.8,41.8,377.0,377.0,1.440e-106,1.940e-102,4.13,1.22,1.64e+04,1,1,
