v001	v047	78.6	3.23e-130	455
v001	v021	78.6	3.23e-130	455
v001	v004	74.9	3.03e-120	421
v001	v018	64.6	4.53e-108	381
v001	v075	61.5	2.66e-100	355
v001	v042	62.1	2.49e-98	349
v001	v068	50.0	6.17e-81	291
v001	v071	51.4	1.05e-80	290
v001	v007	51.2	1.98e-79	286
v001	v070	51.0	2.87e-78	282
v001	v066	49.5	3.74e-78	282
v001	v036	54.8	8.34e-78	280
v001	v077	49.7	1.09e-77	280
v001	v086	50.7	1.57e-76	276
v001	v060	53.2	2.68e-76	275
v001	v059	49.7	7.8e-76	274
v001	v089	53.2	1.02e-75	273
v001	v051	53.0	2.27e-75	272
v001	v076	48.2	3.87e-75	272
v001	v046	50.3	2.78e-73	265
v001	v015	50.3	2.78e-73	265
v001	v044	50.3	2.78e-73	265
v001	v061	50.6	3.62e-73	265
v001	v041	49.6	2.35e-72	262
v001	v025	49.7	3.07e-72	262
v001	v074	52.0	3.07e-72	262
v001	v080	49.7	4.01e-72	262
v001	v081	50.5	5.23e-72	261
v001	v045	49.3	6.84e-72	261
v001	v029	49.7	6.84e-72	261
v001	v014	49.3	6.84e-72	261
v001	v020	48.4	1.17e-71	260
v001	v019	46.4	1.52e-71	260
v001	v011	51.1	9.87e-71	257
v001	v030	51.1	9.87e-71	257
v001	v009	51.9	1.68e-70	256
v001	v026	51.3	1.68e-70	256
v001	v013	50.4	1.43e-69	253
v001	v008	50.6	2.43e-69	252
v001	v010	52.4	3.18e-69	252
v001	v027	49.0	4.15e-69	252
v001	v022	49.0	4.15e-69	252
v001	v053	48.7	5.42e-69	251
v001	v062	50.2	5.42e-69	251
v001	v031	49.6	5.42e-69	251
v001	v012	49.6	5.42e-69	251
v001	v023	49.1	5.42e-69	251
v001	v005	49.0	2.06e-68	249
v001	v069	48.4	2.06e-68	249
v001	v033	47.3	7.82e-68	247
v001	v056	49.0	1.33e-67	247
v001	v016	48.9	1.74e-67	246
v001	v054	48.9	6.62e-67	244
v001	v052	47.5	1.93e-66	243
v001	v006	48.4	2.52e-66	242
v001	v057	47.9	4.29e-66	242
v001	v002	47.7	4.29e-66	242
v001	v055	47.9	7.32e-66	241
v001	v078	44.9	9.56e-66	240
v001	v024	44.5	2.78e-65	239
v001	v064	48.5	4.74e-65	238
v001	v087	42.8	4.02e-64	235
v001	v058	42.9	5.25e-64	235
v001	v073	42.4	1.17e-63	233
v001	v072	44.5	1.17e-63	233
v001	v034	44.7	3.4e-63	232
v001	v032	44.5	4.16e-61	225
v001	v088	45.3	1.58e-60	223
v001	v028	41.9	8.67e-59	217
v001	v043	44.2	7.34e-58	214
v001	v083	40.6	3.19e-53	199
v001	v067	38.8	3.2e-45	172
v001	v082	36.9	1.39e-40	157
v001	v050	35.6	2.9e-38	149
v001	v079	34.5	3.2e-37	146
v001	v063	29.1	1.76e-27	113
v001	v040	30.1	6.27e-25	105
v001	v038	28.5	2.55e-18	83
v001	v090	26.8	1.11e-13	67
v001	v037	29.3	0.000467	35
v001	v049	27.3	0.000797	35
v001	v127	19.9	0.00232	33
v001	v123	34.9	0.00395	32
v001	v135	38.3	0.00516	32
v001	v125	24.1	0.015	30
v001	v085	26.6	0.0196	30
v001	v095	25.4	0.0437	29
v001	v123	29.8	1.08	24
v001	v096	25.5	1.08	24
v001	v109	33.3	1.84	23
v001	v133	30.0	1.84	23
v001	v092	24.2	2.4	23
v001	v111	27.7	5.34	22
v001	v168	28.6	6.98	22
v001	v085	31.6	9.12	21
v001	v098	26.9	9.12	21
v002	v054	98.5	1.62e-149	518
v002	v062	69.3	2.08e-104	369
v002	v053	69.5	3.55e-104	368
v002	v052	68.5	6.05e-104	367
v002	v081	67.7	4.33e-102	361
v002	v016	67.8	3.11e-100	355
v002	v078	66.2	4.06e-100	354
v002	v024	65.6	6.92e-100	354
v002	v030	64.8	5.86e-99	351
v002	v011	64.8	5.86e-99	351
v002	v013	64.8	7.65e-99	350
v002	v046	64.6	2.23e-98	349
v002	v044	64.6	2.23e-98	349
v002	v026	64.6	2.23e-98	349
v002	v006	64.7	2.23e-98	349
v002	v015	64.6	2.23e-98	349
v002	v080	64.6	2.91e-98	348
v002	v029	64.6	6.48e-98	347
v002	v008	64.3	1.88e-97	346
v002	v072	64.9	1.88e-97	346
v002	v031	64.0	3.21e-97	345
v002	v012	64.0	3.21e-97	345
v002	v025	63.9	9.35e-97	343
v002	v014	63.9	1.22e-96	343
v002	v045	63.9	1.22e-96	343
v002	v022	64.3	1.6e-96	342
v002	v027	64.3	1.6e-96	342
v002	v010	63.6	1.76e-95	339
v002	v064	62.2	8.75e-95	337
v002	v023	62.7	3.33e-94	335
v002	v005	62.1	1.26e-93	333
v002	v009	62.2	6.27e-93	330
v002	v056	63.1	4.07e-92	328
v002	v057	63.1	6.94e-92	327
v002	v074	60.8	4.5e-91	324
v002	v055	62.3	5.87e-91	324
v002	v087	63.1	1e-90	323
v002	v073	60.1	3.22e-89	318
v002	v028	56.5	1.11e-81	293
v002	v032	51.9	7.95e-80	287
v002	v033	54.7	1.66e-77	279
v002	v018	50.7	9.1e-76	273
v002	v034	52.7	1.01e-74	270
v002	v042	49.1	3.82e-74	268
v002	v058	52.7	6.1e-72	261
v002	v083	52.5	1.15e-70	257
v002	v069	50.8	1.5e-70	256
v002	v021	48.9	5.71e-70	254
v002	v047	48.9	5.71e-70	254
v002	v070	48.3	1.66e-69	253
v002	v004	48.5	8.25e-69	250
v002	v051	47.6	1.84e-68	249
v002	v068	48.9	3.14e-68	248
v002	v076	48.1	5.35e-68	248
v002	v007	47.6	5.91e-67	244
v002	v066	48.3	1.72e-66	243
v002	v019	46.7	1.46e-65	240
v002	v077	46.3	2.48e-65	239
v002	v036	46.4	4.24e-65	238
v002	v061	45.9	9.44e-65	237
v002	v059	44.5	6.76e-63	231
v002	v041	46.9	6.76e-63	231
v002	v086	45.3	8.84e-63	230
v002	v075	45.6	2.57e-62	229
v002	v089	43.4	4.85e-61	225
v002	v060	44.3	8.27e-61	224
v002	v020	44.2	8.27e-61	224
v002	v071	43.0	1.41e-60	223
v002	v088	44.6	4.54e-59	218
v002	v043	40.5	1.32e-50	190
v002	v067	33.7	1.24e-32	130
v002	v082	33.2	2.12e-32	129
v002	v050	31.7	2.87e-29	119
v002	v079	30.6	2.69e-27	112
v002	v063	28.8	4.29e-25	105
v002	v040	31.2	2.78e-24	102
v002	v038	28.8	6.86e-15	71
v002	v090	26.8	6.01e-11	58
v002	v134	27.3	1.64e-08	50
v002	v108	28.5	0.00011	37
v002	v097	31.3	0.00159	33
v002	v085	26.5	0.00159	33
v002	v017	27.3	0.00461	32
v002	v110	29.5	0.00787	31
v002	v096	26.5	0.0103	31
v002	v120	20.8	0.0134	30
v002	v085	21.4	0.0175	30
v002	v049	25.6	0.039	29
v002	v127	24.2	0.051	28
v002	v135	32.1	0.051	28
v002	v105	26.9	0.051	28
v002	v039	23.9	0.087	28
v002	v037	28.7	0.114	27
v002	v098	28.0	0.148	27
v002	v136	36.4	0.331	26
v002	v163	24.1	0.331	26
v002	v115	61.5	0.962	24
v002	v116	61.5	0.962	24
v002	v208	23.8	1.26	24
v002	v113	26.8	1.26	24
v002	v164	27.7	1.64	23
v002	v039	20.2	2.14	23
v002	v161	30.8	2.14	23
v002	v121	17.7	3.65	22
v002	v119	18.5	4.77	22
v002	v165	45.5	4.77	22
v002	v118	50.0	4.77	22
v003	v035	95.1	1.86e-202	695
v003	v037	32.9	1.23e-20	91
v003	v085	42.7	3.7e-17	79
v003	v084	29.6	3.7e-09	53
v003	v073	27.7	1.08e-08	51
v003	v061	26.1	6.99e-08	49
v003	v024	25.7	9.12e-08	48
v003	v072	25.3	1.19e-07	48
v003	v039	26.5	1.56e-07	47
v003	v032	28.4	4.53e-07	46
v003	v089	27.6	1.32e-06	44
v003	v023	21.7	2.94e-06	43
v003	v009	26.8	3.83e-06	43
v003	v074	23.0	6.54e-06	42
v003	v057	27.0	8.54e-06	42
v003	v052	24.1	8.54e-06	42
v003	v025	24.3	1.46e-05	41
v003	v056	26.1	1.46e-05	41
v003	v060	27.0	1.46e-05	41
v003	v029	23.9	2.48e-05	40
v003	v053	24.1	2.48e-05	40
v003	v055	27.0	2.48e-05	40
v003	v022	21.7	3.25e-05	40
v003	v027	21.7	3.25e-05	40
v003	v068	27.0	4.24e-05	39
v003	v007	27.9	4.24e-05	39
v003	v014	22.7	5.54e-05	39
v003	v043	31.3	5.54e-05	39
v003	v045	22.7	5.54e-05	39
v003	v077	25.6	5.54e-05	39
v003	v031	23.7	5.54e-05	39
v003	v018	25.3	5.54e-05	39
v003	v012	23.7	5.54e-05	39
v003	v066	24.8	9.44e-05	38
v003	v083	28.5	9.44e-05	38
v003	v033	27.4	0.000161	37
v003	v041	22.7	0.000161	37
v003	v020	21.8	0.000161	37
v003	v080	22.9	0.000161	37
v003	v082	28.0	0.000359	36
v003	v076	24.5	0.000359	36
v003	v105	24.7	0.000359	36
v003	v026	22.2	0.000359	36
v003	v107	23.4	0.000469	36
v003	v008	22.2	0.000469	36
v003	v042	25.7	0.000612	35
v003	v013	22.9	0.000612	35
v003	v067	30.2	0.00104	35
v003	v030	22.0	0.00136	34
v003	v051	25.2	0.00136	34
v003	v128	24.6	0.00136	34
v003	v044	22.0	0.00136	34
v003	v005	22.4	0.00136	34
v003	v046	22.0	0.00136	34
v003	v015	22.0	0.00136	34
v003	v011	22.0	0.00136	34
v003	v130	48.7	0.00233	33
v003	v036	31.0	0.00304	33
v003	v034	26.2	0.00518	32
v003	v006	26.6	0.00677	32
v003	v128	53.3	0.00884	32
v003	v016	22.3	0.00884	32
v003	v126	25.7	0.0115	31
v003	v058	22.8	0.0257	30
v003	v138	27.3	0.0336	30
v003	v010	23.1	0.0336	30
v003	v169	22.6	0.0336	30
v003	v069	22.2	0.0439	29
v003	v096	27.7	0.0573	29
v003	v010	23.2	0.0977	28
v003	v049	26.7	0.167	27
v003	v105	30.4	0.167	27
v003	v134	34.3	0.218	27
v003	v085	26.4	0.218	27
v003	v040	31.0	0.633	25
v003	v108	23.2	0.633	25
v003	v112	23.3	0.633	25
v003	v106	26.4	1.08	25
v003	v125	28.0	1.08	25
v003	v137	37.2	2.41	23
v003	v099	37.2	2.41	23
v003	v081	32.0	7	22
v004	v021	73.8	5.75e-119	417
v004	v047	73.8	5.75e-119	417
v004	v018	66.1	3.05e-112	395
v004	v042	65.0	3.27e-106	375
v004	v075	57.3	1.53e-87	313
v004	v071	52.9	2.6e-87	312
v004	v059	51.2	1.43e-85	306
v004	v086	54.7	1.75e-83	299
v004	v068	49.3	1.13e-82	297
v004	v041	51.4	4.3e-82	295
v004	v066	50.8	1.25e-81	293
v004	v007	50.7	4.76e-81	291
v004	v051	52.8	6.87e-80	287
v004	v077	48.8	8.97e-80	287
v004	v089	49.3	1.29e-78	283
v004	v070	50.7	1.87e-77	279
v004	v076	48.1	1.87e-77	279
v004	v036	49.4	1.21e-76	277
v004	v074	51.7	4.61e-76	275
v004	v060	46.4	2.53e-74	269
v004	v020	47.2	2.53e-74	269
v004	v081	49.3	9.6e-74	267
v004	v061	46.2	2.79e-73	265
v004	v069	48.3	4.77e-73	265
v004	v019	46.4	4.77e-73	265
v004	v044	49.1	1.06e-72	263
v004	v015	49.1	1.06e-72	263
v004	v046	49.1	1.06e-72	263
v004	v022	49.8	4.03e-72	262
v004	v027	49.8	4.03e-72	262
v004	v080	49.5	5.27e-72	261
v004	v016	51.3	6.88e-72	261
v004	v023	49.8	8.99e-72	260
v004	v025	48.8	1.53e-71	260
v004	v062	50.0	1.53e-71	260
v004	v029	49.1	1.53e-71	260
v004	v006	49.5	3.42e-71	258
v004	v045	48.4	3.42e-71	258
v004	v026	50.0	3.42e-71	258
v004	v014	48.4	3.42e-71	258
v004	v011	49.4	4.46e-71	258
v004	v030	49.4	4.46e-71	258
v004	v013	49.8	2.21e-70	256
v004	v009	47.0	2.89e-70	255
v004	v008	49.3	4.93e-70	255
v004	v012	48.7	1.44e-69	253
v004	v031	48.7	1.44e-69	253
v004	v005	50.8	3.2e-69	252
v004	v010	49.1	4.18e-69	252
v004	v052	47.4	7.12e-69	251
v004	v053	47.4	9.3e-69	250
v004	v054	48.5	4.62e-68	248
v004	v024	45.1	7.87e-68	247
v004	v088	49.3	1.34e-67	247
v004	v078	46.6	1.34e-67	247
v004	v056	47.4	2.29e-67	246
v004	v064	48.5	5.1e-67	245
v004	v087	46.2	1.49e-66	243
v004	v055	46.6	1.94e-66	243
v004	v072	45.8	2.53e-66	242
v004	v057	46.3	3.31e-66	242
v004	v033	47.5	5.28e-64	235
v004	v073	44.6	1.18e-63	233
v004	v058	40.8	4.94e-62	228
v004	v032	44.4	2.45e-61	226
v004	v028	43.4	1.59e-60	223
v004	v034	46.2	3.54e-60	222
v004	v043	38.9	1.14e-58	217
v004	v083	38.8	1.59e-52	196
v004	v067	36.6	1.5e-42	163
v004	v082	36.2	8.21e-41	158
v004	v050	32.6	1.19e-31	127
v004	v079	32.2	7.7e-31	124
v004	v063	29.0	1.77e-27	113
v004	v040	27.0	9.11e-24	101
v004	v038	26.0	5.72e-18	82
v004	v090	27.2	1.12e-13	67
v004	v049	27.5	0.000162	37
v004	v037	25.4	0.00036	36
v004	v042	25.2	0.00105	34
v004	v135	40.8	0.00137	34
v004	v199	23.9	0.00398	32
v004	v065	25.0	0.0337	29
v004	v085	26.4	0.0337	29
v004	v039	23.2	0.0981	28
v004	v212	40.0	1.85	23
v004	v095	27.1	2.42	23
v004	v133	19.8	3.15	23
v004	v168	28.6	5.38	22
v004	v119	28.6	9.18	21
v004	v121	28.6	9.18	21
v005	v006	79.2	3.14e-133	465
v005	v081	63.4	2.34e-104	369
v005	v062	68.2	2.59e-103	365
v005	v053	67.3	2.86e-102	362
v005	v072	61.4	8.34e-102	360
v005	v022	61.0	7.06e-101	357
v005	v027	61.0	7.06e-101	357
v005	v064	66.8	9.22e-101	357
v005	v052	65.4	4.57e-100	354
v005	v087	61.1	1.47e-98	349
v005	v029	60.5	5.59e-98	347
v005	v016	64.6	9.54e-98	347
v005	v046	59.8	1.25e-97	346
v005	v044	59.8	1.25e-97	346
v005	v080	60.1	1.25e-97	346
v005	v015	59.8	1.25e-97	346
v005	v024	57.8	2.12e-97	346
v005	v025	59.8	2.77e-97	345
v005	v014	59.5	4.73e-97	344
v005	v045	59.5	4.73e-97	344
v005	v013	61.6	4.9e-94	334
v005	v026	61.6	4.9e-94	334
v005	v030	61.2	6.4e-94	334
v005	v011	61.2	6.4e-94	334
v005	v009	59.0	8.35e-94	334
v005	v012	60.8	1.43e-93	333
v005	v031	60.8	1.43e-93	333
v005	v074	58.4	1.43e-93	333
v005	v008	61.0	2.43e-93	332
v005	v054	61.9	3.17e-93	332
v005	v023	58.1	9.24e-93	330
v005	v058	60.3	5.99e-92	327
v005	v073	58.1	8.65e-91	324
v005	v010	60.1	2.52e-90	322
v005	v078	57.5	7.32e-90	320
v005	v056	59.2	6.85e-88	314
v005	v057	59.2	6.85e-88	314
v005	v055	59.1	3.4e-87	312
v005	v033	59.0	4.44e-87	311
v005	v034	57.6	4.59e-84	301
v005	v032	51.9	1.02e-83	300
v005	v028	52.0	1.93e-82	296
v005	v083	53.6	6.43e-78	281
v005	v069	50.2	4.31e-74	268
v005	v021	50.4	9.94e-71	257
v005	v047	50.4	9.94e-71	257
v005	v070	50.2	9.94e-71	257
v005	v051	47.7	1.7e-70	256
v005	v018	48.6	3.78e-70	255
v005	v077	46.7	7.12e-69	251
v005	v071	48.1	6.03e-68	248
v005	v068	46.2	1.03e-67	247
v005	v007	46.6	2.99e-67	245
v005	v086	49.5	6.67e-67	244
v005	v042	46.7	5.64e-66	241
v005	v089	44.7	3.66e-65	238
v005	v066	44.3	3.66e-65	238
v005	v076	44.7	3.1e-64	235
v005	v075	47.2	3.1e-64	235
v005	v059	44.9	9.01e-64	234
v005	v019	44.2	4.94e-62	228
v005	v036	44.7	8.43e-62	227
v005	v041	45.1	9.32e-61	224
v005	v088	43.7	2.71e-60	222
v005	v061	41.0	6.68e-59	218
v005	v060	41.9	2.15e-57	213
v005	v020	42.7	1.18e-55	207
v005	v043	40.8	7.91e-52	194
v005	v082	33.9	2.56e-34	136
v005	v079	32.3	1.9e-29	120
v005	v067	32.3	5.52e-29	118
v005	v050	30.9	1.36e-27	114
v005	v040	29.8	2.93e-22	96
v005	v063	26.8	5.53e-21	92
v005	v038	24.9	3.47e-15	72
v005	v090	25.9	5.54e-13	65
v005	v017	27.3	3.85e-06	42
v005	v085	29.0	9.48e-05	38
v005	v133	24.9	0.000162	37
v005	v135	37.5	0.00036	36
v005	v039	25.0	0.00036	36
v005	v085	42.6	0.00047	35
v005	v108	27.5	0.00105	34
v005	v035	21.4	0.00137	34
v005	v107	26.6	0.00398	32
v005	v096	26.1	0.0116	31
v005	v146	24.5	0.0258	30
v005	v120	23.5	0.0258	30
v005	v153	24.5	0.0258	30
v005	v049	27.5	0.044	29
v005	v039	25.2	0.0751	28
v005	v137	25.3	0.0981	28
v005	v037	25.3	0.373	26
v005	v200	22.5	0.373	26
v005	v049	22.7	0.373	26
v005	v142	26.8	0.83	25
v005	v144	26.5	1.08	24
v005	v145	29.3	1.08	24
v005	v121	37.0	1.08	24
v005	v119	37.0	1.08	24
v005	v098	26.6	1.42	24
v005	v162	33.3	1.42	24
v005	v175	25.7	1.85	23
v005	v035	32.8	2.42	23
v005	v136	34.9	7.03	22
v005	v098	87.5	9.18	21
v006	v081	66.7	4.36e-111	391
v006	v053	70.3	3.13e-109	385
v006	v052	70.3	1.55e-108	382
v006	v062	69.0	2.48e-106	375
v006	v064	68.4	2.74e-105	372
v006	v027	60.8	1.66e-102	362
v006	v022	60.8	1.66e-102	362
v006	v087	61.1	9.12e-101	357
v006	v072	61.5	5.91e-100	354
v006	v023	60.5	6.54e-99	351
v006	v024	58.0	1.9e-98	349
v006	v054	64.6	9.44e-98	347
v006	v046	60.1	9.44e-98	347
v006	v044	60.1	9.44e-98	347
v006	v015	60.1	9.44e-98	347
v006	v029	60.1	1.23e-97	346
v006	v014	58.4	1.61e-97	346
v006	v045	58.4	1.61e-97	346
v006	v025	58.1	4.68e-97	344
v006	v080	59.8	4.68e-97	344
v006	v016	64.1	1.04e-96	343
v006	v009	58.1	3.04e-96	342
v006	v073	57.6	1.51e-95	339
v006	v030	61.5	2.57e-95	339
v006	v011	61.5	2.57e-95	339
v006	v012	61.1	4.38e-95	338
v006	v031	61.1	4.38e-95	338
v006	v008	61.2	9.77e-95	337
v006	v026	61.1	1.28e-94	336
v006	v013	61.1	1.28e-94	336
v006	v078	58.8	4.85e-94	334
v006	v074	58.4	6.33e-94	334
v006	v010	60.3	7.74e-92	327
v006	v058	59.0	6.55e-91	324
v006	v032	55.6	1.12e-90	323
v006	v057	59.9	8.85e-88	314
v006	v056	59.9	8.85e-88	314
v006	v055	59.3	2.58e-87	312
v006	v028	55.1	2.85e-86	309
v006	v033	56.9	3.72e-86	308
v006	v034	56.9	5.37e-85	304
v006	v083	54.2	1.42e-77	280
v006	v070	53.9	3.49e-76	275
v006	v068	50.8	3.86e-75	272
v006	v077	49.7	6.58e-75	271
v006	v069	50.0	1.62e-73	266
v006	v066	48.7	3.61e-73	265
v006	v051	52.3	1.37e-72	263
v006	v007	48.3	3.06e-72	262
v006	v042	48.7	3.06e-72	262
v006	v018	47.6	8.9e-72	260
v006	v076	47.5	4.42e-71	258
v006	v047	50.4	8.33e-70	254
v006	v021	50.4	8.33e-70	254
v006	v086	49.3	2.68e-68	249
v006	v036	50.2	4.57e-68	248
v006	v019	46.1	1.33e-67	247
v006	v071	46.7	8.62e-67	244
v006	v089	46.0	1.13e-66	243
v006	v060	48.1	4.73e-65	238
v006	v061	45.2	1.38e-64	236
v006	v059	44.4	1.8e-64	236
v006	v088	46.6	5.23e-64	235
v006	v041	46.9	1.16e-63	233
v006	v075	45.4	2.59e-63	232
v006	v020	42.3	2.13e-57	213
v006	v043	45.0	7.57e-55	204
v006	v082	34.7	7.36e-34	134
v006	v067	34.2	2.62e-31	126
v006	v079	29.7	1.44e-29	120
v006	v050	29.4	4.62e-28	115
v006	v063	28.9	2.9e-22	96
v006	v040	28.3	2.46e-21	93
v006	v090	29.9	9.04e-16	74
v006	v038	29.2	1.18e-15	74
v006	v134	24.6	5.31e-08	49
v006	v133	22.3	1.11e-05	41
v006	v017	24.6	1.11e-05	41
v006	v039	24.7	0.000209	37
v006	v085	26.7	0.000209	37
v006	v085	27.5	0.000273	36
v006	v120	26.1	0.000465	35
v006	v108	31.4	0.000608	35
v006	v135	37.5	0.00515	32
v006	v035	26.6	0.00672	32
v006	v096	29.2	0.0255	30
v006	v137	22.6	0.0255	30
v006	v049	28.2	0.0334	29
v006	v127	22.6	0.0569	28
v006	v110	21.7	0.0743	28
v006	v037	30.7	0.0743	28
v006	v138	26.9	0.0971	28
v006	v039	23.7	0.127	27
v006	v119	26.3	0.369	26
v006	v121	26.3	0.369	26
v006	v049	24.8	0.482	25
v006	v098	55.0	0.629	25
v006	v136	33.3	0.822	25
v006	v107	36.8	0.822	25
v006	v162	24.5	1.4	24
v006	v035	30.7	1.4	24
v006	v039	26.1	2.39	23
v006	v155	32.2	6.96	22
v007	v068	88.4	2.16e-161	558
v007	v066	85.8	2.47e-157	545
v007	v077	85.9	2.31e-155	538
v007	v076	76.8	3.7e-137	478
v007	v019	74.4	1.41e-136	476
v007	v061	65.9	1.97e-122	429
v007	v060	64.6	1.32e-118	416
v007	v089	61.1	5.57e-109	384
v007	v036	55.5	4.57e-103	364
v007	v051	56.6	6.18e-100	354
v007	v086	57.9	1.86e-96	342
v007	v071	53.5	7.07e-96	341
v007	v059	53.0	7.82e-95	337
v007	v020	54.3	6.85e-91	324
v007	v042	53.5	1.25e-84	303
v007	v018	49.3	3.41e-82	295
v007	v070	50.9	5.09e-78	281
v007	v044	49.4	2.79e-76	275
v007	v046	49.4	2.79e-76	275
v007	v015	49.4	2.79e-76	275
v007	v045	49.0	3.65e-76	275
v007	v062	52.3	3.65e-76	275
v007	v014	49.0	3.65e-76	275
v007	v025	48.7	8.13e-76	274
v007	v029	49.0	1.06e-75	273
v007	v021	49.7	6.88e-75	271
v007	v047	49.7	6.88e-75	271
v007	v080	48.7	8.98e-75	270
v007	v012	51.9	1.17e-74	270
v007	v031	51.9	1.17e-74	270
v007	v011	52.2	1.53e-74	270
v007	v030	52.2	1.53e-74	270
v007	v074	49.1	7.6e-74	267
v007	v078	48.2	9.93e-74	267
v007	v023	47.8	1.69e-73	266
v007	v026	51.5	1.69e-73	266
v007	v008	51.5	3.77e-73	265
v007	v013	51.5	4.93e-73	265
v007	v010	51.5	6.44e-73	264
v007	v022	47.0	8.41e-73	264
v007	v027	47.0	8.41e-73	264
v007	v024	48.9	4.17e-72	262
v007	v041	46.8	7.12e-72	261
v007	v081	46.6	9.3e-72	260
v007	v016	50.0	1.21e-71	260
v007	v052	49.4	6.03e-71	258
v007	v075	48.9	1.03e-70	257
v007	v053	48.5	2.29e-70	256
v007	v064	50.2	2.29e-70	256
v007	v072	45.1	2.29e-70	256
v007	v056	48.5	2.53e-69	252
v007	v057	48.1	2.53e-69	252
v007	v055	47.7	1.64e-68	250
v007	v033	46.6	4.77e-68	248
v007	v054	48.1	6.24e-68	248
v007	v034	44.5	7.13e-64	234
v007	v043	42.6	2.71e-63	232
v007	v009	43.4	2.71e-63	232
v007	v073	44.3	3.54e-63	232
v007	v087	42.4	1.35e-62	230
v007	v032	44.3	5.11e-62	228
v007	v069	46.1	1.14e-61	227
v007	v058	41.8	5.29e-59	218
v007	v028	40.6	8.45e-57	211
v007	v088	42.6	1.03e-54	204
v007	v083	38.0	1.77e-46	176
v007	v067	39.0	7.42e-45	171
v007	v082	36.5	4.81e-44	168
v007	v079	31.9	1.96e-37	146
v007	v050	32.7	7.43e-37	144
v007	v063	30.7	5.9e-26	108
v007	v040	27.9	1.11e-24	104
v007	v038	27.6	2.25e-17	80
v007	v090	28.3	5.54e-16	75
v007	v037	30.1	1.51e-05	40
v007	v049	27.1	3.37e-05	39
v007	v035	26.2	0.000128	37
v007	v085	31.6	0.000167	37
v007	v133	23.1	0.000635	35
v007	v085	27.5	0.00185	33
v007	v096	31.3	0.0349	29
v007	v095	21.3	0.0595	28
v007	v094	20.5	0.173	27
v007	v184	20.0	1.12	24
v007	v085	24.6	2.5	23
v007	v127	22.0	3.26	23
v007	v117	37.0	5.56	22
v007	v113	37.0	7.27	22
v007	v114	38.5	9.49	21
v007	v115	37.0	9.49	21
v007	v116	31.9	9.49	21
v008	v015	98.9	7.88e-152	526
v008	v046	98.9	7.88e-152	526
v008	v044	98.9	7.88e-152	526
v008	v026	98.9	1.34e-151	525
v008	v011	98.9	2.29e-151	525
v008	v030	98.9	2.29e-151	525
v008	v080	96.9	1.26e-149	519
v008	v013	97.3	1.26e-149	519
v008	v010	97.3	3.43e-147	511
v008	v029	93.9	1.88e-145	505
v008	v014	92.7	1.76e-143	498
v008	v045	92.7	1.76e-143	498
v008	v012	92.7	5.12e-143	497
v008	v031	92.7	5.12e-143	497
v008	v025	92.0	1.49e-142	495
v008	v027	82.8	1e-130	456
v008	v022	82.8	1e-130	456
v008	v023	82.1	7.18e-129	450
v008	v074	78.6	1.11e-121	426
v008	v016	74.3	3.69e-117	411
v008	v052	67.3	7.48e-102	360
v008	v053	67.6	1.67e-101	359
v008	v024	64.9	1.84e-100	356
v008	v081	63.5	2.25e-98	349
v008	v054	64.5	6.55e-98	347
v008	v064	65.1	1.12e-97	346
v008	v062	62.7	1.78e-95	339
v008	v072	60.8	1.16e-94	336
v008	v078	60.0	1.32e-90	323
v008	v009	59.5	3.6e-88	315
v008	v069	58.5	3.98e-87	311
v008	v033	60.7	3.37e-86	308
v008	v087	59.1	9.81e-86	307
v008	v034	60.3	2.19e-85	305
v008	v028	55.6	5.04e-82	294
v008	v057	55.3	1.98e-78	282
v008	v073	53.2	2.59e-78	282
v008	v056	54.6	5.77e-78	281
v008	v055	54.6	2.19e-77	279
v008	v058	54.0	8.33e-77	277
v008	v042	50.9	1.42e-76	276
v008	v018	51.9	5.4e-76	274
v008	v032	50.6	2.05e-75	272
v008	v068	51.3	1.33e-74	270
v008	v070	49.1	1.47e-73	266
v008	v051	52.6	1.24e-72	263
v008	v076	49.6	4.73e-72	261
v008	v077	50.0	6.18e-72	261
v008	v088	50.0	1.05e-71	260
v008	v066	49.8	1.38e-71	260
v008	v089	49.4	1.16e-70	257
v008	v086	48.9	1.68e-69	253
v008	v019	45.8	1.09e-68	250
v008	v021	51.8	7.07e-68	247
v008	v047	51.8	7.07e-68	247
v008	v059	47.7	1.21e-67	247
v008	v036	48.1	2.68e-67	245
v008	v060	47.4	3.51e-67	245
v008	v071	46.2	7.81e-67	244
v008	v041	48.3	1.74e-66	243
v008	v075	49.2	8.64e-66	240
v008	v020	48.5	1.92e-65	239
v008	v061	46.2	2.51e-65	239
v008	v083	48.3	8.94e-63	230
v008	v043	43.9	4.45e-54	201
v008	v050	33.7	3e-34	136
v008	v079	34.3	6.25e-32	128
v008	v082	33.5	1.07e-31	127
v008	v067	34.6	1.07e-31	127
v008	v063	31.1	5.66e-25	105
v008	v040	30.5	1.07e-23	101
v008	v038	28.8	3.44e-14	69
v008	v090	26.7	2.23e-13	66
v008	v065	28.4	9.08e-07	44
v008	v134	26.8	4.51e-06	42
v008	v017	33.3	4.51e-06	42
v008	v120	24.1	2.24e-05	40
v008	v085	25.2	2.24e-05	40
v008	v127	30.6	2.24e-05	40
v008	v035	21.7	6.51e-05	38
v008	v037	26.4	0.000145	37
v008	v110	31.5	0.000551	35
v008	v049	28.2	0.000551	35
v008	v096	35.7	0.00274	33
v008	v039	28.9	0.00796	31
v008	v039	21.6	0.0395	29
v008	v135	37.5	0.0516	28
v008	v100	33.8	0.256	26
v008	v165	27.3	0.57	25
v008	v164	20.9	0.745	25
v008	v035	28.6	0.973	24
v008	v161	20.9	0.973	24
v008	v108	26.8	0.973	24
v008	v162	25.5	1.27	24
v008	v119	19.4	1.66	23
v008	v121	35.5	2.17	23
v008	v113	21.3	2.83	23
v008	v107	41.7	6.31	22
v008	v049	27.5	6.31	22
v008	v123	27.9	8.24	21
v008	v118	29.5	8.24	21
v009	v081	62.2	1.03e-105	373
v009	v062	64.8	8.42e-100	354
v009	v064	67.7	2.45e-99	352
v009	v053	63.2	1.49e-96	343
v009	v054	62.0	1.3e-92	330
v009	v052	59.8	4.95e-92	328
v009	v087	56.6	6.46e-92	327
v009	v027	57.0	1.1e-91	327
v009	v022	57.0	1.1e-91	327
v009	v072	54.8	3.21e-91	325
v009	v015	55.6	7.14e-91	324
v009	v044	55.6	7.14e-91	324
v009	v046	55.6	7.14e-91	324
v009	v023	56.0	7.9e-90	320
v009	v029	53.4	7.9e-90	320
v009	v080	54.9	2.3e-89	319
v009	v078	57.0	2.3e-89	319
v009	v011	59.7	8.73e-89	317
v009	v030	59.7	8.73e-89	317
v009	v026	59.7	1.14e-88	317
v009	v074	57.2	1.94e-88	316
v009	v073	55.2	2.54e-88	315
v009	v045	53.5	7.39e-88	314
v009	v014	53.5	7.39e-88	314
v009	v025	55.3	7.39e-88	314
v009	v016	58.9	2.15e-87	312
v009	v013	58.9	2.81e-87	312
v009	v024	52.8	1.39e-86	310
v009	v012	59.3	6.92e-86	307
v009	v031	59.3	6.92e-86	307
v009	v056	59.3	9.03e-86	307
v009	v010	58.6	2.63e-85	305
v009	v057	58.1	1.3e-84	303
v009	v055	57.8	4.96e-84	301
v009	v033	55.6	1.88e-83	299
v009	v028	55.0	7.91e-82	294
v009	v034	53.4	1.4e-78	283
v009	v032	49.8	4.06e-78	282
v009	v069	51.1	1.11e-75	273
v009	v018	49.5	2.47e-75	272
v009	v058	49.3	9.37e-75	270
v009	v042	49.5	6.07e-74	268
v009	v070	46.9	6.72e-73	264
v009	v083	48.1	1.55e-69	253
v009	v089	46.6	2.64e-69	252
v009	v021	47.9	7.68e-69	251
v009	v047	47.9	7.68e-69	251
v009	v051	46.0	1.6e-66	243
v009	v041	47.6	1.04e-65	240
v009	v076	43.2	5.7e-64	235
v009	v088	47.7	5.7e-64	235
v009	v068	42.9	5.7e-64	235
v009	v075	48.4	9.72e-64	234
v009	v036	43.5	1.27e-63	233
v009	v077	41.3	1.07e-62	230
v009	v066	42.0	3.13e-62	229
v009	v060	44.4	6.97e-62	228
v009	v019	41.0	2.24e-60	223
v009	v061	42.2	1.61e-58	216
v009	v059	39.9	3.58e-58	215
v009	v086	42.9	1.96e-56	210
v009	v071	41.7	2.56e-56	209
v009	v020	42.6	7.72e-53	198
v009	v043	36.1	3.36e-48	182
v009	v082	33.9	2.95e-36	143
v009	v067	35.8	4.7e-34	135
v009	v050	32.6	5.75e-32	128
v009	v079	32.5	2.42e-30	123
v009	v063	28.1	1.28e-23	101
v009	v040	29.3	1.33e-20	91
v009	v038	28.9	1.86e-14	70
v009	v090	26.2	2.97e-12	63
v009	v134	28.1	4.9e-07	45
v009	v035	25.9	7.08e-06	42
v009	v017	31.8	4.59e-05	39
v009	v065	26.2	0.000174	37
v009	v133	24.8	0.000174	37
v009	v037	27.2	0.000228	37
v009	v085	27.6	0.000228	37
v009	v120	27.3	0.00733	32
v009	v085	29.9	0.0125	31
v009	v049	29.8	0.0213	30
v009	v096	36.4	0.0213	30
v009	v129	23.7	0.18	27
v009	v124	22.5	0.236	27
v009	v042	24.1	0.308	26
v009	v127	27.9	0.525	25
v009	v039	25.3	0.686	25
v009	v123	32.6	1.99	23
v009	v178	28.9	2.61	23
v009	v118	27.0	4.44	22
v009	v174	30.2	4.44	22
v009	v163	26.1	4.44	22
v009	v119	19.3	5.8	22
v009	v121	19.8	5.8	22
v009	v102	43.5	9.9	21
v010	v030	98.5	7.38e-150	520
v010	v011	98.5	7.38e-150	520
v010	v015	98.5	2.8e-149	518
v010	v044	98.5	2.8e-149	518
v010	v046	98.5	2.8e-149	518
v010	v026	97.7	3.1e-148	514
v010	v013	96.2	7.63e-147	510
v010	v080	96.2	2.9e-146	508
v010	v029	93.1	4.33e-142	494
v010	v031	91.6	3.11e-140	488
v010	v012	91.6	3.11e-140	488
v010	v014	91.6	1.18e-139	486
v010	v045	91.6	1.18e-139	486
v010	v025	91.2	3.43e-139	484
v010	v027	81.6	6.72e-127	443
v010	v022	81.6	6.72e-127	443
v010	v023	80.8	4.81e-125	437
v010	v074	78.2	3.95e-119	418
v010	v016	73.7	4.52e-115	404
v010	v053	67.3	5.36e-100	354
v010	v052	66.7	7e-100	354
v010	v024	63.7	3.25e-97	345
v010	v064	64.7	8.01e-96	340
v010	v081	62.8	8.01e-96	340
v010	v054	63.6	8.01e-96	340
v010	v062	62.5	4.86e-93	331
v010	v072	59.9	1.56e-91	326
v010	v078	59.8	2.5e-89	319
v010	v069	60.4	1.51e-86	309
v010	v033	59.7	1.42e-84	303
v010	v034	59.7	5.38e-84	301
v010	v087	58.6	2.05e-83	299
v010	v028	55.1	1.05e-79	287
v010	v073	52.7	1.85e-76	276
v010	v057	54.5	1.85e-76	276
v010	v056	53.8	5.4e-76	274
v010	v058	53.6	1.2e-75	273
v010	v042	51.1	1.2e-75	273
v010	v055	53.8	1.57e-75	273
v010	v018	51.3	7.79e-75	270
v010	v068	51.3	1.13e-73	267
v010	v051	52.6	1.24e-72	263
v010	v032	49.8	1.63e-72	263
v010	v088	50.2	1.8e-71	259
v010	v070	48.0	3.06e-71	258
v010	v077	50.0	3.06e-71	258
v010	v066	49.8	6.83e-71	257
v010	v076	49.1	7.55e-70	254
v010	v086	49.4	3.75e-69	252
v010	v089	48.7	1.42e-68	250
v010	v021	52.0	7.07e-68	247
v010	v047	52.0	7.07e-68	247
v010	v036	48.5	2.68e-67	245
v010	v059	48.3	4.58e-67	245
v010	v019	46.1	1.74e-66	243
v010	v071	46.8	5.06e-66	241
v010	v060	47.0	8.64e-66	240
v010	v075	48.5	3.28e-65	238
v010	v020	48.7	4.29e-65	238
v010	v041	48.0	5.6e-65	238
v010	v061	46.2	4.74e-64	235
v010	v083	48.7	7.57e-62	227
v010	v043	43.8	6.42e-53	198
v010	v050	33.7	8.72e-34	134
v010	v067	35.2	6.25e-32	128
v010	v082	34.2	1.39e-31	127
v010	v079	34.0	1.82e-31	126
v010	v063	30.2	6.92e-23	98
v010	v040	30.0	4.49e-22	95
v010	v038	26.8	9.06e-15	71
v010	v090	27.0	7.18e-12	61
v010	v065	27.6	1e-05	41
v010	v134	26.8	1.71e-05	40
v010	v017	32.3	2.92e-05	39
v010	v037	27.2	6.51e-05	38
v010	v127	30.8	6.51e-05	38
v010	v120	23.5	0.000189	37
v010	v085	25.2	0.000189	37
v010	v049	28.2	0.000551	35
v010	v096	29.9	0.00209	33
v010	v039	26.3	0.00796	31
v010	v110	29.5	0.0104	31
v010	v035	20.8	0.0395	29
v010	v135	38.3	0.0674	28
v010	v162	27.5	0.088	28
v010	v035	25.3	0.088	28
v010	v039	22.3	0.15	27
v010	v165	27.3	0.437	25
v010	v107	36.4	0.973	24
v010	v161	21.8	1.66	23
v010	v164	22.4	3.7	22
v010	v119	27.6	4.83	22
v010	v049	44.4	6.31	22
v010	v121	33.3	6.31	22
v010	v118	42.9	8.24	21
v011	v030	100.0	4.94e-154	533
v011	v015	100.0	1.88e-153	532
v011	v044	100.0	1.88e-153	532
v011	v046	100.0	1.88e-153	532
v011	v026	99.2	2.07e-152	528
v011	v013	97.7	5.11e-151	523
v011	v080	97.3	5.65e-150	520
v011	v029	94.3	8.44e-146	506
v011	v031	93.1	2.08e-144	502
v011	v012	93.1	2.08e-144	502
v011	v014	93.1	7.9e-144	500
v011	v045	93.1	7.9e-144	500
v011	v025	92.3	6.69e-143	497
v011	v027	83.1	4.5e-131	457
v011	v022	83.1	4.5e-131	457
v011	v023	82.4	3.22e-129	451
v011	v074	79.7	2.64e-123	431
v011	v016	75.2	3.02e-119	418
v011	v053	68.4	1.78e-103	366
v011	v052	67.8	2.32e-103	365
v011	v024	65.3	2.18e-101	359
v011	v054	64.8	2.66e-99	352
v011	v081	64.0	2.66e-99	352
v011	v064	65.9	4.54e-99	351
v011	v062	63.6	1.61e-96	342
v011	v072	61.1	3.97e-95	338
v011	v078	60.2	3.48e-91	325
v011	v069	60.8	2.11e-88	315
v011	v087	59.5	1.51e-86	309
v011	v033	60.1	4.4e-86	308
v011	v034	60.1	1.67e-85	306
v011	v028	56.0	7.78e-83	297
v011	v057	55.7	6.16e-80	287
v011	v056	54.9	1.79e-79	286
v011	v055	54.9	5.22e-79	284
v011	v073	53.4	6.81e-79	284
v011	v042	51.9	5.77e-78	281
v011	v058	54.0	2.19e-77	279
v011	v018	52.0	3.74e-77	278
v011	v032	51.0	4.13e-76	275
v011	v068	52.0	5.4e-76	274
v011	v051	53.0	8.62e-74	267
v011	v077	50.7	1.92e-73	266
v011	v070	49.1	1.92e-73	266
v011	v088	50.6	7.29e-73	264
v011	v066	50.2	1.63e-72	263
v011	v076	49.8	3.62e-72	262
v011	v089	49.4	8.92e-71	257
v011	v086	49.8	1.52e-70	256
v011	v047	52.4	2.87e-69	252
v011	v021	52.4	2.87e-69	252
v011	v059	49.1	3.75e-69	252
v011	v036	48.9	1.09e-68	250
v011	v019	46.8	1.09e-68	250
v011	v071	47.5	2.43e-68	249
v011	v060	47.8	1.21e-67	247
v011	v041	48.7	2.68e-67	245
v011	v020	49.1	1.33e-66	243
v011	v075	49.8	1.74e-66	243
v011	v061	46.6	8.64e-66	240
v011	v083	48.7	5.24e-63	231
v011	v043	44.2	2.61e-54	202
v011	v050	33.7	3.91e-34	135
v011	v079	34.0	8.16e-32	127
v011	v082	34.2	1.39e-31	127
v011	v067	35.2	1.39e-31	127
v011	v063	31.1	5.66e-25	105
v011	v040	30.5	6.26e-24	101
v011	v038	26.8	9.06e-15	71
v011	v090	27.0	3.22e-12	62
v011	v065	28.4	9.08e-07	44
v011	v134	26.8	4.51e-06	42
v011	v017	33.3	4.51e-06	42
v011	v120	24.1	2.24e-05	40
v011	v127	30.8	2.92e-05	39
v011	v037	27.2	3.82e-05	39
v011	v085	25.2	4.98e-05	39
v011	v035	21.3	0.000323	36
v011	v049	28.2	0.000422	35
v011	v110	31.5	0.000551	35
v011	v096	35.7	0.00274	33
v011	v039	26.3	0.0136	30
v011	v039	21.6	0.0395	29
v011	v135	37.5	0.0516	28
v011	v100	33.8	0.256	26
v011	v165	27.3	0.57	25
v011	v161	20.4	0.57	25
v011	v108	26.8	0.973	24
v011	v035	28.6	0.973	24
v011	v162	25.5	1.27	24
v011	v119	30.0	1.66	23
v011	v164	20.4	2.17	23
v011	v121	35.5	2.17	23
v011	v113	21.3	3.7	22
v011	v049	27.5	6.31	22
v011	v107	41.7	6.31	22
v011	v123	27.9	8.24	21
v011	v118	29.5	8.24	21
v012	v031	100.0	5.83e-155	537
v012	v045	100.0	2.22e-154	535
v012	v014	100.0	2.22e-154	535
v012	v025	99.2	1.88e-153	532
v012	v029	97.3	5.65e-150	520
v012	v013	94.7	9.97e-147	509
v012	v080	94.3	1.1e-145	506
v012	v030	93.1	2.08e-144	502
v012	v026	93.1	4.63e-144	500
v012	v046	93.1	7.9e-144	500
v012	v044	93.1	7.9e-144	500
v012	v015	93.1	7.9e-144	500
v012	v027	85.8	3.55e-136	474
v012	v022	85.8	3.55e-136	474
v012	v023	85.8	6.06e-136	473
v012	v074	79.7	1e-122	429
v012	v016	76.7	4.98e-122	427
v012	v024	66.0	2.32e-103	365
v012	v052	67.0	1.67e-101	359
v012	v053	66.9	2.18e-101	359
v012	v054	64.0	1.46e-97	346
v012	v081	62.8	9.46e-97	343
v012	v064	64.7	2.75e-96	342
v012	v062	62.8	2.33e-95	339
v012	v072	61.5	3.04e-95	338
v012	v078	59.8	2.95e-90	322
v012	v069	61.2	1.16e-86	310
v012	v087	59.1	2.19e-85	305
v012	v033	58.8	1.42e-84	303
v012	v034	58.8	9.18e-84	300
v012	v028	56.0	4.56e-83	298
v012	v073	53.1	8.9e-79	283
v012	v057	55.1	8.9e-79	283
v012	v056	54.7	1.98e-78	282
v012	v055	54.3	7.53e-78	280
v012	v068	51.7	1.09e-76	277
v012	v058	53.6	3.16e-76	275
v012	v042	50.4	1.2e-75	273
v012	v032	50.2	7.79e-75	270
v012	v018	49.8	3.87e-74	268
v012	v066	50.2	1.13e-73	267
v012	v077	50.0	1.47e-73	266
v012	v088	50.9	2.51e-73	265
v012	v051	51.9	4.28e-73	265
v012	v076	49.4	4.28e-73	265
v012	v070	48.7	1.24e-72	263
v012	v086	49.8	1.05e-71	260
v012	v089	48.7	3.39e-70	255
v012	v019	48.0	1.29e-69	253
v012	v059	48.3	4.89e-69	251
v012	v071	46.8	3.17e-68	248
v012	v021	50.8	5.41e-68	248
v012	v047	50.8	5.41e-68	248
v012	v036	47.7	7.07e-68	247
v012	v060	47.4	1.74e-66	243
v012	v061	46.6	1.92e-65	239
v012	v020	48.0	1.92e-65	239
v012	v041	47.2	7.31e-65	237
v012	v075	49.0	2.13e-64	236
v012	v083	47.1	1.09e-60	223
v012	v043	44.1	2e-54	203
v012	v050	34.3	7.88e-35	138
v012	v079	36.0	5.11e-34	135
v012	v082	35.2	2.8e-32	129
v012	v067	35.7	1.07e-31	127
v012	v040	31.1	1.82e-23	100
v012	v063	29.8	6.92e-23	98
v012	v090	29.0	5.31e-15	72
v012	v038	26.0	3.44e-14	69
v012	v134	28.6	4.82e-08	49
v012	v037	28.3	7.69e-06	41
v012	v035	22.4	2.24e-05	40
v012	v065	27.7	3.82e-05	39
v012	v017	29.0	4.98e-05	39
v012	v049	28.2	6.51e-05	38
v012	v120	24.2	8.5e-05	38
v012	v085	28.6	0.000189	37
v012	v096	38.1	0.00123	34
v012	v127	29.4	0.00209	33
v012	v110	29.2	0.00609	32
v012	v100	30.8	0.00796	31
v012	v039	20.7	0.00796	31
v012	v135	41.7	0.0177	30
v012	v039	25.0	0.0232	30
v012	v161	23.8	0.0395	29
v012	v108	28.3	0.0395	29
v012	v164	24.5	0.0395	29
v012	v107	25.8	0.256	26
v012	v165	34.1	0.334	26
v012	v162	31.4	0.745	25
v012	v049	30.0	1.27	24
v012	v119	34.8	3.7	22
v012	v121	34.8	3.7	22
v012	v113	39.1	4.83	22
v012	v186	29.0	6.31	22
v012	v193	29.0	6.31	22
v012	v118	42.9	8.24	21
v013	v080	99.6	4.18e-153	530
v013	v026	98.5	1.76e-151	525
v013	v030	97.7	5.11e-151	523
v013	v046	97.7	1.94e-150	522
v013	v044	97.7	1.94e-150	522
v013	v015	97.7	1.94e-150	522
v013	v029	96.6	6.24e-149	517
v013	v031	94.7	9.97e-147	509
v013	v014	94.6	3.79e-146	507
v013	v045	94.6	3.79e-146	507
v013	v025	94.6	4.95e-146	507
v013	v027	82.4	8.48e-130	453
v013	v022	82.4	8.48e-130	453
v013	v023	81.2	6.08e-128	447
v013	v074	78.9	2.92e-122	428
v013	v016	75.2	5.16e-119	417
v013	v052	68.2	1.04e-103	366
v013	v053	68.4	2.32e-103	365
v013	v024	64.9	4.85e-101	357
v013	v054	64.8	3.47e-99	351
v013	v081	63.6	2.25e-98	349
v013	v064	64.7	1.91e-97	346
v013	v062	62.5	3.04e-95	338
v013	v072	60.7	1.97e-94	335
v013	v078	60.2	7.76e-91	324
v013	v069	61.2	2.76e-88	315
v013	v087	59.1	2.19e-85	305
v013	v033	59.3	1.08e-84	303
v013	v034	59.3	5.38e-84	301
v013	v028	56.0	2.26e-82	295
v013	v057	54.9	2.59e-78	282
v013	v056	54.5	5.77e-78	281
v013	v073	52.7	7.53e-78	280
v013	v055	54.2	2.19e-77	279
v013	v058	53.6	2.42e-76	275
v013	v042	50.7	4.13e-76	275
v013	v018	50.9	1.57e-75	273
v013	v032	50.2	7.79e-75	270
v013	v068	51.3	7.79e-75	270
v013	v070	49.8	2.27e-74	269
v013	v088	51.3	1.47e-73	266
v013	v066	49.8	8.07e-72	260
v013	v076	49.4	1.05e-71	260
v013	v077	49.6	1.05e-71	260
v013	v051	51.9	1.38e-71	260
v013	v086	49.8	2.59e-70	255
v013	v089	48.7	1.68e-69	253
v013	v059	48.7	1.86e-68	249
v013	v021	51.6	5.41e-68	248
v013	v047	51.6	5.41e-68	248
v013	v036	48.1	9.23e-68	247
v013	v019	46.5	2.06e-67	246
v013	v071	47.2	2.68e-67	245
v013	v060	47.0	3.88e-66	242
v013	v075	49.4	6.61e-66	241
v013	v041	47.6	3.28e-65	238
v013	v020	48.7	5.6e-65	238
v013	v061	45.9	3.63e-64	235
v013	v083	48.3	1.52e-62	230
v013	v043	44.5	6.86e-55	204
v013	v050	33.9	1.34e-34	137
v013	v079	34.7	1.64e-32	130
v013	v082	33.9	1.18e-30	124
v013	v067	34.8	2.62e-30	122
v013	v063	31.1	2.15e-24	103
v013	v040	30.5	1.82e-23	100
v013	v038	26.0	1.71e-13	67
v013	v090	27.8	3.81e-13	65
v013	v065	28.4	6.96e-07	45
v013	v134	26.8	3.45e-06	42
v013	v120	25.6	7.69e-06	41
v013	v085	25.2	2.92e-05	39
v013	v037	27.2	2.92e-05	39
v013	v017	31.2	3.82e-05	39
v013	v035	21.7	0.000247	36
v013	v049	28.2	0.000323	36
v013	v127	29.4	0.000422	35
v013	v110	31.5	0.00094	34
v013	v096	38.1	0.00123	34
v013	v039	22.3	0.0177	30
v013	v135	41.7	0.0177	30
v013	v039	25.0	0.0232	30
v013	v165	27.3	0.973	24
v013	v162	25.5	0.973	24
v013	v049	30.0	1.27	24
v013	v108	26.8	1.66	23
v013	v193	32.3	4.83	22
v013	v119	26.7	4.83	22
v013	v186	32.3	4.83	22
v013	v107	41.7	6.31	22
v013	v118	28.6	6.31	22
v013	v121	32.3	6.31	22
v014	v045	100.0	4.12e-187	644
v014	v029	96.6	3.74e-180	621
v014	v025	99.0	3.07e-174	601
v014	v080	94.0	3.4e-165	571
v014	v046	93.0	2.43e-163	565
v014	v044	93.0	2.43e-163	565
v014	v015	93.0	2.43e-163	565
v014	v031	100.0	2.7e-154	535
v014	v023	84.4	3.09e-150	521
v014	v022	82.4	7.87e-146	507
v014	v027	82.4	7.87e-146	507
v014	v026	93.1	5.64e-144	500
v014	v030	93.1	9.62e-144	500
v014	v074	76.5	2.15e-127	445
v014	v016	76.6	2.3e-121	425
v014	v024	61.7	3.02e-105	372
v014	v052	66.9	7.71e-101	357
v014	v053	66.8	1.01e-100	357
v014	v072	58.9	3.83e-100	355
v014	v081	58.8	1.45e-99	353
v014	v054	64.1	5.17e-97	344
v014	v064	64.7	3.35e-96	342
v014	v062	62.7	1.27e-95	340
v014	v078	56.6	6.54e-92	327
v014	v087	56.1	2.18e-87	312
v014	v069	57.6	2.84e-87	312
v014	v033	57.1	4.11e-86	308
v014	v034	56.4	5.36e-86	308
v014	v028	55.0	3.48e-85	305
v014	v073	50.2	6.78e-81	291
v014	v032	49.3	3.37e-80	289
v014	v058	52.5	5.74e-80	288
v014	v068	49.3	1.41e-78	283
v014	v057	55.1	2.41e-78	282
v014	v056	54.8	5.38e-78	281
v014	v055	54.4	2.67e-77	279
v014	v018	49.7	4.55e-77	278
v014	v042	45.1	6.57e-76	274
v014	v066	46.8	5.56e-75	271
v014	v070	47.6	5.56e-75	271
v014	v077	46.2	9.49e-75	270
v014	v051	47.9	8.03e-74	267
v014	v088	47.7	1.05e-73	267
v014	v076	49.3	5.21e-73	265
v014	v019	45.3	1.16e-72	263
v014	v086	48.4	7.52e-72	261
v014	v089	45.8	9.82e-72	260
v014	v059	46.7	6.36e-71	258
v014	v071	44.8	2.67e-69	252
v014	v021	47.2	2.67e-69	252
v014	v047	47.2	2.67e-69	252
v014	v036	47.7	8.6e-68	247
v014	v060	47.4	2.12e-66	243
v014	v075	47.8	3.61e-66	242
v014	v020	47.5	6.16e-66	241
v014	v041	44.3	1.05e-65	240
v014	v061	42.7	1.37e-65	240
v014	v083	46.1	6.82e-65	238
v014	v043	41.0	6.39e-55	205
v014	v050	34.3	9.6e-35	138
v014	v079	36.0	6.22e-34	135
v014	v082	35.2	3.41e-32	129
v014	v067	35.7	1.3e-31	127
v014	v063	30.3	9.01e-25	104
v014	v040	29.1	9.96e-24	101
v014	v090	29.0	6.47e-15	72
v014	v038	26.0	4.19e-14	69
v014	v134	28.6	5.86e-08	49
v014	v037	28.3	9.36e-06	41
v014	v035	22.4	2.72e-05	40
v014	v065	27.7	4.65e-05	39
v014	v017	29.0	6.07e-05	39
v014	v049	28.2	7.93e-05	38
v014	v120	24.2	0.000104	38
v014	v085	28.6	0.000231	37
v014	v096	38.1	0.00149	34
v014	v127	29.4	0.00255	33
v014	v110	29.2	0.00742	32
v014	v039	20.7	0.00969	31
v014	v100	30.8	0.00969	31
v014	v135	41.7	0.0216	30
v014	v164	24.3	0.0282	30
v014	v161	23.6	0.0282	30
v014	v039	25.0	0.0282	30
v014	v108	28.3	0.0481	29
v014	v186	26.9	0.107	28
v014	v107	25.8	0.312	26
v014	v165	34.1	0.407	26
v014	v162	31.4	0.907	25
v014	v193	25.5	1.18	24
v014	v049	30.0	1.55	24
v014	v121	34.8	4.5	22
v014	v119	34.8	4.5	22
v014	v113	39.1	5.88	22
v015	v044	100.0	1.7e-174	602
v015	v046	100.0	1.7e-174	602
v015	v080	97.7	5.11e-171	590
v015	v029	95.0	7.63e-167	576
v015	v045	93.0	2.3e-163	565
v015	v025	92.7	6.68e-163	563
v015	v030	100.0	2.15e-153	532
v015	v026	99.2	2.38e-152	528
v015	v031	93.1	9.07e-144	500
v015	v023	81.1	2.64e-143	498
v015	v027	80.4	2.47e-141	492
v015	v022	80.4	2.47e-141	492
v015	v074	76.8	1.41e-128	449
v015	v016	75.1	1.32e-118	416
v015	v024	61.4	7.03e-104	367
v015	v053	68.3	7.77e-103	364
v015	v052	67.7	1.01e-102	363
v015	v081	60.4	3.86e-102	361
v015	v072	58.7	2.76e-100	355
v015	v064	65.9	5.21e-99	351
v015	v054	64.9	8.89e-99	350
v015	v062	63.5	8.32e-97	344
v015	v078	56.7	2.51e-93	332
v015	v069	56.8	2.87e-89	319
v015	v087	56.5	1.09e-88	317
v015	v033	58.2	1.2e-87	313
v015	v034	57.4	1.57e-87	313
v015	v028	55.0	5.6e-85	304
v015	v032	49.7	2.2e-81	292
v015	v073	50.5	2.87e-81	292
v015	v058	51.5	1.09e-80	290
v015	v018	51.4	9.24e-80	287
v015	v057	55.7	1.58e-79	286
v015	v056	55.0	4.59e-79	285
v015	v055	55.0	1.74e-78	283
v015	v068	49.7	5.07e-78	281
v015	v042	51.7	6.62e-78	281
v015	v070	47.9	8.1e-76	274
v015	v077	46.9	1.17e-74	270
v015	v051	50.2	4.44e-74	268
v015	v066	46.8	4.44e-74	268
v015	v088	47.4	1.69e-73	266
v015	v019	44.3	4.16e-72	262
v015	v076	49.6	4.16e-72	262
v015	v089	46.4	4.16e-72	262
v015	v059	46.5	2.7e-71	259
v015	v086	48.4	1.02e-70	257
v015	v021	48.6	1.34e-70	257
v015	v047	48.6	1.34e-70	257
v015	v071	44.7	1.93e-69	253
v015	v075	49.3	2.52e-69	252
v015	v036	48.9	1.25e-68	250
v015	v041	45.5	3.64e-68	248
v015	v060	47.8	1.38e-67	247
v015	v083	47.5	3.08e-67	245
v015	v020	48.6	4.03e-67	245
v015	v061	46.6	9.92e-66	240
v015	v043	38.2	4.62e-55	205
v015	v050	33.7	4.5e-34	135
v015	v079	34.0	9.37e-32	127
v015	v082	34.2	1.6e-31	127
v015	v067	35.2	1.6e-31	127
v015	v063	31.0	2.02e-26	110
v015	v040	30.4	1.11e-24	104
v015	v038	26.4	2.74e-15	73
v015	v090	27.0	3.7e-12	62
v015	v065	28.4	1.04e-06	44
v015	v134	26.8	5.18e-06	42
v015	v017	33.3	5.18e-06	42
v015	v120	24.1	2.57e-05	40
v015	v127	30.8	3.36e-05	39
v015	v037	27.2	4.38e-05	39
v015	v085	25.2	5.73e-05	39
v015	v035	21.3	0.000371	36
v015	v049	28.2	0.000485	35
v015	v110	31.5	0.000633	35
v015	v096	35.7	0.00314	33
v015	v039	26.3	0.0156	30
v015	v039	21.6	0.0454	29
v015	v135	37.5	0.0593	28
v015	v100	33.8	0.294	26
v015	v161	21.0	0.655	25
v015	v165	27.3	0.655	25
v015	v108	26.8	1.12	24
v015	v035	28.6	1.12	24
v015	v162	25.5	1.46	24
v015	v119	30.0	1.91	23
v015	v164	21.0	2.49	23
v015	v121	35.5	2.49	23
v015	v113	21.3	4.25	22
v015	v107	41.7	7.24	22
v015	v049	27.5	7.24	22
v015	v158	37.1	7.24	22
v015	v123	27.9	9.46	21
v015	v118	29.5	9.46	21
v016	v023	78.2	2.64e-123	431
v016	v022	77.8	7.69e-123	430
v016	v027	77.8	7.69e-123	430
v016	v031	76.7	4.98e-122	427
v016	v045	76.6	1.89e-121	425
v016	v025	75.9	1.6e-120	422
v016	v029	75.9	6.09e-120	420
v016	v030	75.2	3.02e-119	418
v016	v044	75.1	1.15e-118	416
v016	v046	75.1	1.15e-118	416
v016	v026	74.7	3.34e-118	414
v016	v080	74.7	5.7e-118	414
v016	v074	74.7	1.66e-117	412
v016	v024	69.1	1.11e-105	373
v016	v052	68.6	1.23e-104	369
v016	v072	67.9	3.59e-104	368
v016	v053	68.4	8.83e-103	363
v016	v081	67.4	9.77e-102	360
v016	v062	69.0	1.28e-101	359
v016	v054	67.0	2.04e-99	352
v016	v064	65.9	1.32e-98	349
v016	v078	63.6	5.19e-95	337
v016	v087	63.8	9.79e-94	333
v016	v033	61.3	1.51e-86	309
v016	v028	59.1	1.08e-84	303
v016	v073	56.9	4.12e-84	301
v016	v034	59.7	2.67e-83	299
v016	v056	57.6	5.95e-83	297
v016	v057	56.8	2.95e-82	295
v016	v055	56.1	2.5e-81	292
v016	v069	53.9	2.77e-80	289
v016	v032	52.9	3.06e-79	285
v016	v058	53.6	7.53e-78	280
v016	v068	51.8	2.05e-75	272
v016	v018	50.2	3.87e-74	268
v016	v066	51.9	5.05e-74	268
v016	v042	50.0	5.05e-74	268
v016	v076	51.1	1.92e-73	266
v016	v077	49.8	5.59e-73	264
v016	v070	49.4	3.06e-71	258
v016	v019	48.9	5.23e-71	258
v016	v088	48.7	5.23e-71	258
v016	v060	49.4	5.78e-70	254
v016	v086	48.5	2.2e-69	252
v016	v036	48.1	4.89e-69	251
v016	v051	48.3	1.42e-68	250
v016	v047	48.5	2.43e-68	249
v016	v021	48.5	2.43e-68	249
v016	v061	48.7	1.21e-67	247
v016	v059	47.3	1.21e-67	247
v016	v089	47.6	2.68e-67	245
v016	v071	46.6	2.68e-67	245
v016	v083	48.1	2.13e-64	236
v016	v075	48.6	2.13e-64	236
v016	v020	45.7	2.35e-63	232
v016	v041	44.0	4.15e-60	221
v016	v043	44.0	3.89e-58	215
v016	v050	33.6	2.07e-35	139
v016	v079	34.7	1.76e-34	136
v016	v082	33.8	4.78e-32	128
v016	v067	31.4	3.43e-30	122
v016	v040	33.9	6.69e-26	108
v016	v063	28.1	2.01e-22	96
v016	v038	27.9	3.44e-14	69
v016	v090	24.5	1.45e-12	64
v016	v065	31.4	2.02e-06	43
v016	v049	29.0	2.92e-05	39
v016	v037	25.2	8.5e-05	38
v016	v133	25.0	8.5e-05	38
v016	v085	25.2	0.000189	37
v016	v035	21.8	0.0016	33
v016	v127	25.2	0.00209	33
v016	v110	29.2	0.00209	33
v016	v017	25.8	0.00609	32
v016	v042	29.0	0.0136	30
v016	v161	19.6	0.0516	28
v016	v096	31.0	0.0516	28
v016	v164	20.0	0.088	28
v016	v165	20.0	0.115	27
v016	v039	20.2	0.15	27
v016	v100	29.6	0.334	26
v016	v200	24.0	0.437	25
v016	v135	33.3	0.57	25
v016	v168	28.2	2.83	23
v016	v123	26.7	3.7	22
v016	v049	24.2	3.7	22
v016	v162	26.2	4.83	22
v016	v098	27.8	4.83	22
v016	v107	24.2	6.31	22
v016	v121	32.4	6.31	22
v016	v118	36.4	6.31	22
v016	v119	32.4	8.24	21
v017	v062	34.1	5.4e-06	42
v017	v046	33.3	5.4e-06	42
v017	v044	33.3	5.4e-06	42
v017	v030	33.3	5.4e-06	42
v017	v027	30.1	9.22e-06	41
v017	v022	30.1	9.22e-06	41
v017	v023	30.1	1.57e-05	40
v017	v081	33.0	1.57e-05	40
v017	v026	32.3	1.57e-05	40
v017	v032	29.0	2.05e-05	40
v017	v080	31.2	4.57e-05	39
v017	v045	29.0	5.97e-05	39
v017	v031	29.0	5.97e-05	39
v017	v087	25.5	0.000102	38
v017	v074	30.1	0.000102	38
v017	v055	25.3	0.000102	38
v017	v057	24.7	0.000174	37
v017	v029	28.0	0.000174	37
v017	v064	31.8	0.000174	37
v017	v025	28.0	0.000174	37
v017	v028	22.4	0.000227	37
v017	v072	29.4	0.000227	37
v017	v056	24.1	0.000296	36
v017	v069	23.4	0.000387	36
v017	v112	29.1	0.000506	35
v017	v078	25.7	0.00113	34
v017	v033	23.9	0.00251	33
v017	v073	29.5	0.00251	33
v017	v070	24.1	0.00428	32
v017	v054	27.3	0.00559	32
v017	v053	22.5	0.00954	31
v017	v052	22.5	0.0125	31
v017	v024	22.3	0.0163	30
v017	v083	29.7	0.0212	30
v017	v086	25.0	0.105	28
v017	v098	23.3	0.105	28
v017	v128	34.4	0.138	27
v017	v034	23.8	0.18	27
v017	v134	29.6	0.401	26
v017	v042	25.0	0.523	25
v017	v071	20.4	0.683	25
v017	v058	24.7	1.52	24
v017	v059	21.3	1.99	23
v017	v038	24.6	3.39	23
v018	v042	69.1	2.31e-115	405
v018	v047	66.1	2.73e-108	382
v018	v021	66.1	2.73e-108	382
v018	v068	51.5	4.53e-87	311
v018	v041	52.6	5.54e-85	304
v018	v066	50.0	9.45e-85	304
v018	v071	51.0	1.23e-84	303
v018	v051	55.4	1.61e-84	303
v018	v075	55.7	2.75e-84	302
v018	v077	47.7	1.78e-83	299
v018	v059	51.0	1.16e-82	297
v018	v036	55.8	4.39e-82	295
v018	v074	54.0	1.28e-81	293
v018	v086	50.2	4.85e-81	291
v018	v076	49.2	4.11e-80	288
v018	v044	51.4	9.15e-80	287
v018	v046	51.4	9.15e-80	287
v018	v020	48.6	7.75e-79	284
v018	v089	47.3	1.32e-78	283
v018	v081	50.3	1.73e-78	283
v018	v080	50.3	3.85e-78	282
v018	v061	46.0	3.85e-78	282
v018	v070	48.8	5.02e-78	281
v018	v029	50.0	1.46e-77	280
v018	v045	49.7	4.25e-77	278
v018	v030	52.0	4.25e-77	278
v018	v019	44.7	1.24e-76	277
v018	v025	49.3	1.24e-76	277
v018	v026	51.5	4.7e-76	275
v018	v054	51.5	4.7e-76	275
v018	v027	49.3	1.79e-75	273
v018	v022	49.3	1.79e-75	273
v018	v078	48.3	8.86e-75	270
v018	v062	50.7	1.97e-74	269
v018	v053	50.2	2.58e-74	269
v018	v031	49.8	4.4e-74	268
v018	v052	49.1	5.75e-74	268
v018	v064	53.0	1.67e-73	266
v018	v056	49.8	2.85e-73	265
v018	v057	49.4	3.72e-73	265
v018	v055	49.4	6.35e-73	264
v018	v023	48.0	8.3e-73	264
v018	v073	49.3	1.85e-72	263
v018	v024	48.9	4.12e-72	262
v018	v069	45.9	3.49e-71	258
v018	v072	47.1	4.55e-71	258
v018	v060	42.7	2.95e-70	255
v018	v032	47.3	1.46e-69	253
v018	v087	45.0	1.05e-67	247
v018	v033	48.6	2.34e-67	246
v018	v058	43.8	8.32e-65	237
v018	v088	45.1	5.39e-64	235
v018	v034	46.8	7.04e-64	234
v018	v028	41.5	5.58e-61	225
v018	v083	44.6	1.24e-60	223
v018	v043	40.7	1.05e-59	220
v018	v067	34.1	1.69e-41	160
v018	v082	34.2	2.2e-41	159
v018	v063	31.4	1.29e-33	134
v018	v050	29.8	5.09e-30	122
v018	v079	30.8	2.53e-29	119
v018	v040	25.7	2.71e-23	99
v018	v038	25.9	9.96e-18	81
v018	v090	25.0	1.18e-10	57
v018	v085	25.6	6.06e-07	45
v018	v037	31.5	1.14e-05	41
v018	v049	25.6	7.4e-05	38
v018	v035	24.7	9.67e-05	38
v018	v126	25.7	0.000281	36
v018	v105	25.6	0.00107	34
v018	v108	26.9	0.0014	34
v018	v110	24.4	0.00311	33
v018	v085	27.3	0.00311	33
v018	v135	32.8	0.00406	32
v018	v127	23.6	0.00531	32
v018	v097	26.6	0.00905	31
v018	v098	23.3	0.0766	28
v018	v039	22.9	0.38	26
v018	v096	26.2	1.45	24
v018	v107	39.0	1.45	24
v018	v133	26.8	3.22	23
v018	v065	20.2	5.49	22
v018	v136	21.7	7.17	22
v018	v116	47.6	7.17	22
v018	v115	47.6	7.17	22
v018	v128	34.1	7.17	22
v018	v204	42.9	9.37	21
v019	v077	73.9	1.13e-133	466
v019	v068	73.4	5.63e-133	464
v019	v076	73.9	5.63e-133	464
v019	v066	73.7	1.64e-132	462
v019	v061	67.6	3.31e-125	438
v019	v060	66.8	6.9e-123	430
v019	v089	61.2	9.67e-109	383
v019	v036	53.8	5.32e-99	351
v019	v051	56.0	5.32e-99	351
v019	v071	52.5	1.83e-91	326
v019	v086	57.4	4.08e-91	325
v019	v059	52.2	4.51e-90	321
v019	v020	54.3	7.96e-87	310
v019	v042	51.7	4.68e-79	285
v019	v074	47.3	3.84e-73	265
v019	v070	44.7	8.55e-73	264
v019	v045	45.3	1.12e-72	263
v019	v029	45.3	2.49e-72	262
v019	v025	45.0	3.25e-72	262
v019	v044	44.3	4.24e-72	262
v019	v046	44.3	4.24e-72	262
v019	v023	45.6	2.11e-71	259
v019	v022	46.0	2.75e-71	259
v019	v027	46.0	2.75e-71	259
v019	v080	44.0	8e-71	257
v019	v041	44.0	3.97e-70	255
v019	v062	47.7	3.97e-70	255
v019	v078	44.6	6.77e-70	254
v019	v081	45.4	1.16e-69	253
v019	v031	48.0	1.51e-69	253
v019	v024	44.6	7.49e-69	251
v019	v030	46.8	1.28e-68	250
v019	v052	47.8	1.67e-68	250
v019	v026	46.5	6.34e-68	248
v019	v072	44.7	1.08e-67	247
v019	v064	47.2	1.84e-67	246
v019	v021	44.8	3.15e-67	245
v019	v047	44.8	3.15e-67	245
v019	v033	45.9	7.01e-67	244
v019	v053	46.1	1.56e-66	243
v019	v054	46.7	5.93e-66	241
v019	v056	43.7	1.46e-64	236
v019	v034	44.5	4.25e-64	235
v019	v075	43.7	7.25e-64	234
v019	v057	42.9	1.24e-63	233
v019	v055	42.5	8.02e-63	231
v019	v043	42.6	1.79e-62	230
v019	v073	43.0	8.87e-62	227
v019	v087	41.0	1.98e-61	226
v019	v032	42.8	9.8e-61	224
v019	v069	40.5	3.15e-59	219
v019	v028	41.4	1.91e-56	210
v019	v088	41.3	1.79e-54	203
v019	v058	35.9	3.38e-53	199
v019	v067	38.0	1.98e-45	173
v019	v083	36.5	4.14e-43	165
v019	v082	36.1	7.06e-43	164
v019	v050	32.9	4.59e-34	135
v019	v079	30.9	8.65e-33	131
v019	v040	26.0	6.64e-25	105
v019	v063	26.1	5.81e-21	92
v019	v090	26.7	2.37e-14	70
v019	v037	27.5	1.18e-05	41
v019	v085	31.2	5.84e-05	39
v019	v049	25.2	0.00013	37
v019	v085	28.2	0.00029	36
v019	v133	21.4	0.000379	36
v019	v105	25.6	0.0032	33
v019	v096	23.2	0.00714	32
v019	v127	23.7	0.0159	30
v019	v097	22.4	0.3	26
v019	v133	26.6	1.14	24
v019	v135	30.0	3.32	23
v019	v118	39.4	5.66	22
v019	v117	40.7	5.66	22
v019	v136	41.9	7.39	22
v019	v114	41.7	7.39	22
v019	v113	40.7	7.39	22
v019	v116	41.7	9.65	21
v019	v115	41.7	9.65	21
v020	v051	62.0	6.08e-108	381
v020	v059	58.4	2.48e-101	359
v020	v071	57.8	5.51e-101	357
v020	v086	58.3	2.1e-100	356
v020	v068	54.4	1.78e-91	326
v020	v061	54.6	4.38e-90	321
v020	v066	52.9	2.84e-89	319
v020	v077	51.3	6.99e-88	314
v020	v089	51.2	3.47e-87	312
v020	v036	56.4	4.53e-87	311
v020	v060	49.2	9.45e-85	304
v020	v076	50.2	9.45e-85	304
v020	v042	51.3	3.05e-75	272
v020	v075	51.1	1.97e-74	269
v020	v021	49.0	5.75e-74	268
v020	v047	49.0	5.75e-74	268
v020	v043	48.0	3.05e-67	245
v020	v046	48.6	3.99e-67	245
v020	v044	48.6	3.99e-67	245
v020	v030	49.1	1.52e-66	243
v020	v022	46.2	1.52e-66	243
v020	v027	46.2	1.52e-66	243
v020	v025	47.8	2.59e-66	242
v020	v026	49.1	2.59e-66	242
v020	v070	47.0	4.41e-66	242
v020	v041	43.5	5.76e-66	241
v020	v045	47.5	5.76e-66	241
v020	v029	47.8	9.82e-66	240
v020	v080	48.2	1.68e-65	240
v020	v031	48.0	2.19e-65	239
v020	v074	44.5	2.86e-65	239
v020	v023	46.8	8.32e-65	237
v020	v062	45.9	2.42e-64	236
v020	v081	43.9	2.68e-63	232
v020	v024	44.8	1.47e-61	226
v020	v057	43.2	2.5e-61	226
v020	v054	44.6	3.27e-61	225
v020	v055	43.2	3.27e-61	225
v020	v056	43.5	3.27e-61	225
v020	v078	42.9	5.58e-61	225
v020	v053	42.8	2.77e-60	222
v020	v052	44.6	4.72e-60	221
v020	v069	45.2	7.54e-58	214
v020	v072	41.6	7.54e-58	214
v020	v064	44.7	1.29e-57	213
v020	v087	40.1	9.22e-56	207
v020	v033	41.6	1.57e-55	206
v020	v073	42.0	4.57e-55	205
v020	v032	40.9	2.27e-54	203
v020	v034	40.9	1.25e-52	197
v020	v028	38.8	1.38e-51	193
v020	v088	39.7	1.43e-48	183
v020	v058	36.9	1.21e-47	180
v020	v083	35.5	6.41e-41	158
v020	v067	33.3	1.09e-40	157
v020	v082	33.5	5.08e-38	148
v020	v079	30.3	2.37e-27	113
v020	v050	26.2	8.41e-25	104
v020	v063	30.5	9.63e-21	91
v020	v040	25.7	1.03e-14	71
v020	v090	25.1	2.63e-10	56
v020	v085	22.7	0.000215	37
v020	v035	20.5	0.0014	34
v020	v037	28.8	0.00182	33
v020	v115	29.5	0.0154	30
v020	v097	28.3	0.0154	30
v020	v049	50.0	0.0154	30
v020	v133	22.2	0.0202	30
v020	v127	24.9	0.0344	29
v020	v116	27.3	0.0449	29
v020	v108	26.6	0.0449	29
v020	v138	27.9	0.1	28
v020	v133	26.2	0.1	28
v020	v153	32.8	0.223	27
v020	v146	32.8	0.223	27
v020	v110	23.4	2.46	23
v020	v118	46.9	2.46	23
v020	v065	34.3	4.2	22
v020	v136	66.7	7.17	22
v021	v047	100.0	2.31e-179	618
v021	v042	64.2	5.62e-101	357
v021	v075	61.8	1.3e-97	346
v021	v071	52.6	5.85e-82	294
v021	v059	50.5	8.74e-78	280
v021	v086	52.6	1.14e-77	280
v021	v068	49.1	3.32e-77	278
v021	v051	52.8	2.15e-76	276
v021	v070	52.3	6.26e-76	274
v021	v066	48.5	8.18e-76	274
v021	v036	54.5	1.82e-75	273
v021	v081	51.3	1.18e-74	270
v021	v077	47.9	4.49e-74	268
v021	v076	47.2	1e-73	267
v021	v061	47.3	2.23e-73	266
v021	v022	49.7	4.96e-73	265
v021	v027	49.7	4.96e-73	265
v021	v053	50.2	1.44e-72	263
v021	v062	52.1	2.46e-72	262
v021	v074	51.3	3.22e-72	262
v021	v060	46.1	7.92e-71	257
v021	v054	50.0	7.92e-71	257
v021	v046	48.6	1.35e-70	257
v021	v044	48.6	1.35e-70	257
v021	v089	48.1	1.76e-70	256
v021	v023	49.0	6.71e-70	254
v021	v025	47.6	1.14e-69	253
v021	v029	47.9	1.14e-69	253
v021	v041	46.2	1.49e-69	253
v021	v045	47.2	2.55e-69	252
v021	v080	47.9	2.55e-69	252
v021	v052	48.3	2.55e-69	252
v021	v030	52.4	3.33e-69	252
v021	v026	52.6	5.68e-69	251
v021	v056	48.7	5.68e-69	251
v021	v078	46.9	2.16e-68	249
v021	v033	49.5	3.68e-68	248
v021	v057	47.9	4.81e-68	248
v021	v031	50.8	6.28e-68	248
v021	v055	47.9	8.2e-68	247
v021	v072	45.0	3.12e-67	245
v021	v069	47.4	4.07e-67	245
v021	v024	45.3	3.44e-66	242
v021	v087	44.3	4.97e-65	238
v021	v058	43.1	1.45e-64	236
v021	v064	47.9	2.47e-64	236
v021	v034	47.1	3.56e-63	232
v021	v073	43.5	6.08e-63	231
v021	v028	43.8	7.43e-61	224
v021	v032	42.1	8.22e-60	221
v021	v043	40.3	9.08e-59	217
v021	v088	41.0	5.7e-53	198
v021	v083	39.0	1.55e-50	190
v021	v067	38.7	2.57e-45	173
v021	v082	41.5	2.57e-45	173
v021	v050	32.5	5.36e-35	138
v021	v079	32.2	1.73e-33	133
v021	v063	29.6	1.08e-27	114
v021	v040	28.3	1.12e-24	104
v021	v038	26.2	2.5e-16	76
v021	v090	26.4	9.21e-11	58
v021	v049	30.8	6.83e-06	42
v021	v037	25.9	1.99e-05	40
v021	v125	27.8	4.43e-05	39
v021	v085	27.2	0.000639	35
v021	v085	23.8	0.00707	32
v021	v133	24.0	0.00923	31
v021	v065	26.9	0.0206	30
v021	v127	22.1	0.0206	30
v021	v135	31.9	0.0269	30
v021	v123	34.0	0.0458	29
v021	v039	21.8	0.297	26
v021	v168	31.0	0.388	26
v021	v159	25.5	0.662	25
v021	v138	31.2	1.93	23
v021	v096	25.5	4.29	22
v021	v212	37.5	9.56	21
v022	v027	100.0	1.01e-171	592
v022	v023	92.7	8.03e-161	556
v022	v045	82.4	4.28e-146	507
v022	v025	81.7	3.62e-145	504
v022	v029	81.1	1.99e-143	498
v022	v044	80.4	1.42e-141	492
v022	v046	80.4	1.42e-141	492
v022	v080	79.4	7.82e-140	486
v022	v031	85.8	4.01e-136	474
v022	v074	78.2	1.02e-131	460
v022	v026	83.1	2.98e-131	458
v022	v030	83.1	5.08e-131	457
v022	v081	62.1	2.38e-104	369
v022	v053	66.8	2.9e-102	362
v022	v052	66.9	3.79e-102	361
v022	v024	59.2	3.55e-100	355
v022	v072	58.6	1.76e-99	352
v022	v064	66.7	3.01e-99	352
v022	v054	64.1	4.06e-96	341
v022	v062	63.3	9.05e-96	340
v022	v078	55.4	7.93e-92	327
v022	v087	57.4	3.33e-90	322
v022	v033	57.8	5.68e-90	321
v022	v034	57.6	1.07e-88	317
v022	v028	52.8	1.23e-84	303
v022	v069	55.7	2.09e-84	302
v022	v032	52.9	2.31e-83	299
v022	v073	50.7	8.78e-83	297
v022	v058	50.0	2.03e-79	286
v022	v070	51.1	2.03e-79	286
v022	v056	54.4	6.51e-78	281
v022	v057	54.4	1.11e-77	280
v022	v068	49.7	2.48e-77	279
v022	v042	50.6	5.52e-77	278
v022	v055	53.6	1.23e-76	277
v022	v066	48.3	2.74e-76	275
v022	v077	48.5	4.67e-76	275
v022	v088	51.9	3.35e-74	268
v022	v047	49.7	4.83e-73	265
v022	v051	50.5	6.31e-73	264
v022	v086	48.4	3.13e-72	262
v022	v076	45.9	4.09e-72	262
v022	v059	46.4	4.52e-71	258
v022	v061	47.3	2.93e-70	255
v022	v071	44.7	3.83e-70	255
v022	v089	44.9	1.45e-69	253
v022	v036	48.2	1.36e-67	247
v022	v075	48.4	3.96e-67	245
v022	v060	48.5	6.76e-67	244
v022	v041	44.2	3.35e-66	242
v022	v083	46.7	6.32e-65	238
v022	v043	38.9	5.02e-54	201
v022	v082	37.9	1.37e-35	140
v022	v067	36.9	1.29e-33	134
v022	v050	33.6	2.87e-33	132
v022	v079	34.7	2.05e-31	126
v022	v040	28.8	4.59e-23	99
v022	v063	27.8	1.02e-22	97
v022	v038	25.5	2.69e-15	73
v022	v090	27.6	2.69e-15	73
v022	v134	25.6	7.59e-10	55
v022	v035	21.4	6.65e-06	42
v022	v049	30.5	8.69e-06	41
v022	v065	32.3	1.13e-05	41
v022	v037	26.8	2.53e-05	40
v022	v085	28.2	7.35e-05	38
v022	v039	30.8	0.000477	35
v022	v096	34.0	0.00139	34
v022	v120	26.7	0.00527	32
v022	v110	29.2	0.00527	32
v022	v085	27.1	0.00527	32
v022	v127	25.9	0.00688	32
v022	v039	21.6	0.02	30
v022	v161	21.8	0.02	30
v022	v164	22.3	0.02	30
v022	v097	28.0	0.0342	29
v022	v135	37.8	0.0446	29
v022	v142	24.3	0.0446	29
v022	v108	27.6	0.0761	28
v022	v107	23.4	0.0761	28
v022	v165	24.4	0.378	26
v022	v137	23.2	0.493	25
v022	v119	36.0	1.44	24
v022	v121	33.3	1.44	24
v022	v162	31.4	1.87	23
v022	v113	37.0	3.2	23
v022	v209	28.7	4.18	22
v022	v191	45.5	4.18	22
v022	v136	38.5	4.18	22
v022	v049	27.4	4.18	22
v022	v129	37.9	5.45	22
v022	v186	23.8	5.45	22
v022	v193	32.3	7.12	22
v022	v151	36.7	9.3	21
v022	v143	36.7	9.3	21
v023	v027	92.7	8.14e-161	556
v023	v045	84.4	1.7e-150	522
v023	v025	83.7	1.44e-149	519
v023	v029	81.7	7.4e-146	507
v023	v046	81.1	1.54e-143	499
v023	v044	81.1	1.54e-143	499
v023	v080	79.7	8.46e-142	493
v023	v031	85.8	6.94e-136	473
v023	v026	82.4	2.16e-129	452
v023	v030	82.4	3.69e-129	451
v023	v074	76.8	8.22e-129	450
v023	v024	59.5	1.46e-101	359
v023	v053	67.2	7.25e-101	357
v023	v052	66.9	2.11e-100	356
v023	v072	59.3	2.75e-100	355
v023	v081	59.9	5.2e-99	351
v023	v064	63.6	1.73e-94	336
v023	v062	63.3	8.58e-94	334
v023	v054	62.6	8.58e-94	334
v023	v078	55.6	3.61e-92	328
v023	v087	55.8	4.13e-88	315
v023	v033	56.0	5.39e-88	314
v023	v034	55.1	1.92e-85	306
v023	v069	54.8	4e-83	298
v023	v028	52.5	4.42e-82	295
v023	v032	50.9	8.33e-81	290
v023	v073	50.3	1.42e-80	290
v023	v058	50.3	1.33e-78	283
v023	v057	55.5	1.33e-78	283
v023	v056	55.1	1.13e-77	280
v023	v055	54.8	1.47e-77	280
v023	v070	49.5	1.25e-76	277
v023	v042	45.3	3.39e-74	268
v023	v068	47.2	4.43e-74	268
v023	v066	47.2	5.78e-74	268
v023	v088	47.0	4.15e-72	262
v023	v077	47.2	4.15e-72	262
v023	v086	48.0	3.51e-71	258
v023	v059	46.9	3.51e-71	258
v023	v076	46.2	5.99e-71	258
v023	v051	47.0	2.27e-70	256
v023	v047	49.0	6.62e-70	254
v023	v071	45.1	2.13e-68	249
v023	v089	45.1	2.13e-68	249
v023	v036	48.9	6.19e-68	248
v023	v041	44.5	1.38e-67	247
v023	v083	48.1	1.8e-67	246
v023	v061	43.3	2.6e-66	242
v023	v060	48.1	5.8e-66	241
v023	v075	44.0	1.63e-60	223
v023	v043	38.6	5.09e-54	201
v023	v082	37.4	7.64e-34	134
v023	v050	34.0	1.3e-33	134
v023	v079	34.4	2.08e-31	126
v023	v067	35.6	2.08e-31	126
v023	v040	29.8	2.09e-23	100
v023	v063	27.5	3.01e-22	96
v023	v090	28.8	6.5e-17	78
v023	v038	24.6	6.73e-14	68
v023	v134	25.4	2.92e-09	53
v023	v035	21.0	1.77e-06	44
v023	v037	27.6	1.15e-05	41
v023	v065	32.3	1.15e-05	41
v023	v049	29.8	1.96e-05	40
v023	v085	28.2	7.45e-05	38
v023	v120	24.7	0.00108	34
v023	v039	31.2	0.0024	33
v023	v096	34.0	0.00313	33
v023	v110	29.2	0.00534	32
v023	v127	24.8	0.00698	32
v023	v039	21.6	0.0265	30
v023	v161	25.3	0.0346	29
v023	v164	25.3	0.0346	29
v023	v097	28.0	0.0346	29
v023	v108	28.0	0.0591	28
v023	v107	24.7	0.132	27
v023	v165	29.1	0.132	27
v023	v137	22.0	0.172	27
v023	v162	33.3	0.853	25
v023	v121	39.1	1.45	24
v023	v119	39.1	1.45	24
v023	v113	23.1	3.24	23
v023	v193	26.4	4.23	22
v023	v136	38.5	4.23	22
v023	v186	32.3	7.22	22
v023	v127	23.1	7.22	22
v023	v143	39.3	9.43	21
v023	v151	39.3	9.43	21
v024	v053	76.2	8.94e-115	403
v024	v052	75.8	1.99e-114	402
v024	v072	62.2	2.21e-105	372
v024	v045	61.7	6.42e-105	371
v024	v025	61.7	8.39e-105	370
v024	v081	61.8	4.16e-104	368
v024	v029	61.7	5.44e-104	367
v024	v046	61.4	1.58e-103	366
v024	v044	61.4	1.58e-103	366
v024	v031	66.0	2.7e-103	365
v024	v080	60.7	1.03e-102	363
v024	v026	65.6	1.48e-101	359
v024	v030	65.3	2.52e-101	359
v024	v054	65.1	3.65e-100	355
v024	v074	59.9	4.76e-100	354
v024	v027	59.2	4.76e-100	354
v024	v062	65.5	2.36e-99	352
v024	v064	66.0	1.53e-98	349
v024	v078	58.5	1.21e-95	340
v024	v087	56.0	1.39e-91	326
v024	v073	54.5	1.22e-87	313
v024	v057	57.1	1.35e-86	310
v024	v056	57.1	2.29e-86	309
v024	v055	56.7	8.72e-86	307
v024	v034	53.3	2.62e-82	295
v024	v033	54.4	7.64e-82	294
v024	v032	50.0	4.95e-81	291
v024	v028	49.5	8.74e-78	280
v024	v058	49.0	6.26e-76	274
v024	v069	50.0	3.11e-75	272
v024	v077	47.6	4.06e-75	272
v024	v042	49.6	2.91e-73	265
v024	v068	49.8	3.8e-73	265
v024	v066	46.2	6.48e-73	264
v024	v076	50.9	1.89e-72	263
v024	v083	46.8	4.64e-71	258
v024	v060	44.5	3.33e-69	252
v024	v051	48.7	1.26e-68	250
v024	v061	43.7	3.68e-68	248
v024	v070	45.5	1.83e-67	246
v024	v089	46.3	4.07e-67	245
v024	v036	45.0	9.06e-67	244
v024	v047	45.3	3.44e-66	242
v024	v086	46.8	1.31e-65	240
v024	v059	42.8	4.97e-65	238
v024	v071	44.9	1.35e-62	230
v024	v088	44.2	3.34e-61	225
v024	v075	43.8	5.69e-61	225
v024	v041	43.8	3.45e-58	215
v024	v043	36.2	5.34e-51	191
v024	v082	32.4	2.11e-31	126
v024	v067	31.3	4.4e-29	119
v024	v050	30.3	1.85e-27	113
v024	v079	30.5	3.15e-27	112
v024	v040	29.5	3.26e-24	102
v024	v063	28.1	2.34e-22	96
v024	v090	27.6	6.16e-15	72
v024	v038	23.7	5.4e-11	59
v024	v035	23.3	1.25e-07	47
v024	v039	26.0	0.00186	33
v024	v097	29.0	0.00541	32
v024	v133	21.7	0.00923	31
v024	v120	22.0	0.00923	31
v024	v108	31.5	0.0158	30
v024	v085	26.9	0.0269	30
v024	v093	25.8	0.0269	30
v024	v127	25.8	0.0351	29
v024	v037	33.9	0.102	28
v024	v110	27.4	0.102	28
v024	v049	25.8	0.174	27
v024	v135	31.2	0.507	25
v024	v136	25.9	0.507	25
v024	v123	31.2	0.864	25
v024	v115	61.5	1.13	24
v024	v116	61.5	1.13	24
v024	v121	31.2	1.93	23
v024	v175	33.3	2.51	23
v024	v119	31.2	2.51	23
v024	v119	18.9	2.51	23
v024	v118	47.1	4.29	22
v024	v113	50.0	5.6	22
v024	v121	17.1	5.6	22
v024	v147	37.5	7.32	22
v024	v106	54.5	9.56	21
v025	v045	99.0	2.89e-174	601
v025	v029	97.7	8.71e-171	589
v025	v080	95.0	1.7e-166	575
v025	v046	92.7	6.68e-163	563
v025	v044	92.7	6.68e-163	563
v025	v031	99.2	2.15e-153	532
v025	v027	81.7	6.28e-145	503
v025	v026	93.1	6.95e-144	500
v025	v030	92.3	7.68e-143	497
v025	v074	75.8	1.72e-126	442
v025	v052	67.3	3.27e-101	358
v025	v053	67.2	4.26e-101	358
v025	v081	60.0	6.16e-100	354
v025	v072	58.6	1.37e-99	353
v025	v054	64.1	3.74e-97	345
v025	v064	64.3	9.2e-96	340
v025	v062	62.4	3.5e-95	338
v025	v078	56.7	2.12e-92	329
v025	v069	57.6	1.2e-87	313
v025	v087	55.8	5.98e-87	311
v025	v033	56.7	6.61e-86	307
v025	v034	56.0	1.47e-85	306
v025	v028	55.0	2.51e-85	305
v025	v073	49.8	1.86e-80	289
v025	v032	49.0	5.42e-80	288
v025	v058	52.5	7.08e-80	287
v025	v057	55.5	1.02e-78	283
v025	v056	55.1	2.28e-78	282
v025	v068	49.0	3.88e-78	282
v025	v055	54.8	1.13e-77	280
v025	v042	45.8	4.02e-75	272
v025	v070	47.6	6.86e-75	271
v025	v066	46.5	1.53e-74	270
v025	v077	45.9	2.61e-74	269
v025	v088	47.4	1.69e-73	266
v025	v051	47.5	2.21e-73	266
v025	v076	48.9	1.43e-72	263
v025	v086	48.7	3.18e-72	262
v025	v059	47.1	2.7e-71	259
v025	v089	45.4	2.7e-71	259
v025	v071	45.1	1.13e-69	253
v025	v047	47.6	1.13e-69	253
v025	v036	47.7	6.21e-68	248
v025	v075	48.2	1.53e-66	243
v025	v060	47.0	5.82e-66	241
v025	v041	43.9	2.89e-65	239
v025	v061	42.3	3.77e-65	238
v025	v083	46.1	6.43e-65	238
v025	v043	38.8	2.07e-55	206
v025	v050	33.9	2.64e-34	136
v025	v079	35.6	1.71e-33	133
v025	v082	35.2	2.47e-32	129
v025	v067	35.7	9.37e-32	127
v025	v063	29.9	1.89e-24	103
v025	v040	28.7	4.66e-23	99
v025	v090	29.4	2.74e-15	73
v025	v038	25.6	1.15e-13	67
v025	v134	28.6	4.24e-08	49
v025	v037	27.6	3.97e-06	42
v025	v035	22.9	6.76e-06	42
v025	v065	27.7	1.97e-05	40
v025	v120	24.8	2.57e-05	40
v025	v049	27.5	4.38e-05	39
v025	v085	27.6	9.77e-05	38
v025	v096	38.1	0.00141	34
v025	v039	21.4	0.00241	33
v025	v127	28.6	0.007	32
v025	v135	41.7	0.0204	30
v025	v039	25.0	0.0266	30
v025	v110	28.1	0.0347	29
v025	v186	27.4	0.0454	29
v025	v161	23.4	0.101	28
v025	v164	24.1	0.101	28
v025	v107	26.4	0.294	26
v025	v193	26.1	0.384	26
v025	v165	28.9	0.655	25
v025	v162	31.4	0.655	25
v025	v049	30.0	1.46	24
v025	v197	21.4	7.24	22
v025	v118	28.6	7.24	22
v026	v046	99.2	2.07e-152	528
v026	v030	99.2	2.07e-152	528
v026	v044	99.2	2.07e-152	528
v026	v080	98.1	5.09e-151	523
v026	v029	95.0	7.6e-147	510
v026	v045	93.1	4.61e-144	500
v026	v031	93.1	4.61e-144	500
v026	v027	83.1	2.63e-131	458
v026	v074	78.9	2.91e-122	428
v026	v052	68.1	5.16e-103	364
v026	v053	68.3	1.15e-102	363
v026	v081	64.4	2.03e-99	352
v026	v054	64.9	7.71e-99	350
v026	v064	65.1	5e-98	347
v026	v062	62.8	1.78e-95	339
v026	v072	60.7	1.5e-94	336
v026	v078	60.6	2.03e-91	325
v026	v069	60.4	6.12e-88	314
v026	v087	59.1	7.49e-86	307
v026	v033	59.9	1.28e-85	306
v026	v034	59.9	8.28e-85	304
v026	v028	56.0	1.01e-82	297
v026	v057	56.1	1.05e-79	287
v026	v056	55.3	3.05e-79	285
v026	v055	55.3	1.16e-78	283
v026	v073	53.1	3.37e-78	282
v026	v058	54.0	4.86e-77	278
v026	v042	51.1	6.35e-77	277
v026	v032	50.6	2.04e-75	272
v026	v068	51.3	5.94e-75	271
v026	v070	49.8	1.73e-74	269
v026	v051	52.6	4.26e-73	265
v026	v077	50.0	2.11e-72	262
v026	v066	49.8	6.15e-72	261
v026	v088	50.0	8.03e-72	260
v026	v076	49.4	1.79e-71	259
v026	v086	50.2	8.88e-71	257
v026	v089	49.1	4.41e-70	255
v026	v047	52.6	4.87e-69	251
v026	v059	49.1	6.37e-69	251
v026	v036	48.5	3.16e-68	248
v026	v071	47.5	4.13e-68	248
v026	v041	48.3	1.33e-66	243
v026	v060	47.0	1.33e-66	243
v026	v075	49.8	2.96e-66	242
v026	v061	45.9	9.51e-65	237
v026	v083	48.3	1.52e-62	230
v026	v043	44.3	8.92e-55	204
v026	v050	33.3	1.13e-33	134
v026	v082	34.2	1.39e-31	127
v026	v067	35.2	1.39e-31	127
v026	v079	33.9	3.09e-31	126
v026	v063	31.1	4.32e-25	105
v026	v040	30.5	1.39e-23	100
v026	v038	26.4	2.63e-14	69
v026	v090	27.8	2.9e-13	66
v026	v065	28.4	6.93e-07	45
v026	v134	26.8	3.44e-06	42
v026	v120	24.7	1e-05	41
v026	v037	27.2	2.91e-05	39
v026	v085	25.2	2.91e-05	39
v026	v035	21.7	4.97e-05	39
v026	v127	30.1	8.47e-05	38
v026	v049	28.2	0.000322	36
v026	v110	31.5	0.000936	34
v026	v096	35.7	0.00272	33
v026	v039	26.3	0.0135	30
v026	v039	22.3	0.0177	30
v026	v135	37.5	0.0514	28
v026	v162	25.5	0.969	24
v026	v035	28.6	0.969	24
v026	v165	27.3	0.969	24
v026	v108	26.8	1.65	23
v026	v118	31.1	3.68	22
v026	v193	32.3	4.81	22
v026	v119	26.7	4.81	22
v026	v186	32.3	4.81	22
v026	v121	32.3	6.28	22
v026	v107	41.7	6.28	22
v026	v049	27.5	6.28	22
v026	v123	27.9	8.2	21
v027	v045	82.4	4.28e-146	507
v027	v029	81.1	1.99e-143	498
v027	v044	80.4	1.42e-141	492
v027	v046	80.4	1.42e-141	492
v027	v080	79.4	7.82e-140	486
v027	v031	85.8	4.01e-136	474
v027	v074	78.2	1.02e-131	460
v027	v030	83.1	5.08e-131	457
v027	v081	62.1	2.38e-104	369
v027	v053	66.8	2.9e-102	362
v027	v052	66.9	3.79e-102	361
v027	v072	58.6	1.76e-99	352
v027	v064	66.7	3.01e-99	352
v027	v054	64.1	4.06e-96	341
v027	v062	63.3	9.05e-96	340
v027	v078	55.4	7.93e-92	327
v027	v087	57.4	3.33e-90	322
v027	v033	57.8	5.68e-90	321
v027	v034	57.6	1.07e-88	317
v027	v028	52.8	1.23e-84	303
v027	v069	55.7	2.09e-84	302
v027	v032	52.9	2.31e-83	299
v027	v073	50.7	8.78e-83	297
v027	v058	50.0	2.03e-79	286
v027	v070	51.1	2.03e-79	286
v027	v056	54.4	6.51e-78	281
v027	v057	54.4	1.11e-77	280
v027	v068	49.7	2.48e-77	279
v027	v042	50.6	5.52e-77	278
v027	v055	53.6	1.23e-76	277
v027	v066	48.3	2.74e-76	275
v027	v077	48.5	4.67e-76	275
v027	v088	51.9	3.35e-74	268
v027	v047	49.7	4.83e-73	265
v027	v051	50.5	6.31e-73	264
v027	v086	48.4	3.13e-72	262
v027	v076	45.9	4.09e-72	262
v027	v059	46.4	4.52e-71	258
v027	v061	47.3	2.93e-70	255
v027	v071	44.7	3.83e-70	255
v027	v089	44.9	1.45e-69	253
v027	v036	48.2	1.36e-67	247
v027	v075	48.4	3.96e-67	245
v027	v060	48.5	6.76e-67	244
v027	v041	44.2	3.35e-66	242
v027	v083	46.7	6.32e-65	238
v027	v043	38.9	5.02e-54	201
v027	v082	37.9	1.37e-35	140
v027	v067	36.9	1.29e-33	134
v027	v050	33.6	2.87e-33	132
v027	v079	34.7	2.05e-31	126
v027	v040	28.8	4.59e-23	99
v027	v063	27.8	1.02e-22	97
v027	v038	25.5	2.69e-15	73
v027	v090	27.6	2.69e-15	73
v027	v134	25.6	7.59e-10	55
v027	v035	21.4	6.65e-06	42
v027	v049	30.5	8.69e-06	41
v027	v065	32.3	1.13e-05	41
v027	v037	26.8	2.53e-05	40
v027	v085	28.2	7.35e-05	38
v027	v039	30.8	0.000477	35
v027	v096	34.0	0.00139	34
v027	v120	26.7	0.00527	32
v027	v110	29.2	0.00527	32
v027	v085	27.1	0.00527	32
v027	v127	25.9	0.00688	32
v027	v161	21.8	0.02	30
v027	v039	21.6	0.02	30
v027	v164	22.3	0.02	30
v027	v097	28.0	0.0342	29
v027	v142	24.3	0.0446	29
v027	v135	37.8	0.0446	29
v027	v107	23.4	0.0761	28
v027	v108	27.6	0.0761	28
v027	v165	24.4	0.378	26
v027	v137	23.2	0.493	25
v027	v119	36.0	1.44	24
v027	v121	33.3	1.44	24
v027	v162	31.4	1.87	23
v027	v113	37.0	3.2	23
v027	v191	45.5	4.18	22
v027	v136	38.5	4.18	22
v027	v049	27.4	4.18	22
v027	v209	28.7	4.18	22
v027	v186	23.8	5.45	22
v027	v129	37.9	5.45	22
v027	v193	32.3	7.12	22
v027	v143	36.7	9.3	21
v027	v151	36.7	9.3	21
v028	v087	67.2	8.11e-102	360
v028	v072	57.2	5.45e-90	321
v028	v081	56.3	4.61e-89	318
v028	v062	59.1	8.14e-86	307
v028	v052	58.4	2.37e-85	305
v028	v029	54.3	9e-85	304
v028	v045	54.3	1.18e-84	303
v028	v046	54.3	2.01e-84	302
v028	v044	54.3	2.01e-84	302
v028	v080	54.3	5.84e-84	301
v028	v053	56.5	2.22e-83	299
v028	v054	57.0	3.78e-83	298
v028	v031	56.0	4.94e-83	298
v028	v030	56.0	8.43e-83	297
v028	v074	51.8	4.18e-82	295
v028	v064	56.2	2.08e-81	292
v028	v078	50.9	8.72e-80	287
v028	v056	54.5	7.64e-76	274
v028	v057	53.3	1.1e-74	270
v028	v055	53.3	1.1e-74	270
v028	v073	47.5	5.48e-74	268
v028	v032	47.7	2.81e-70	255
v028	v033	47.1	1.4e-69	253
v028	v058	47.8	2.91e-67	245
v028	v034	45.7	7.17e-66	241
v028	v069	48.6	6.71e-64	234
v028	v042	43.5	1.95e-63	233
v028	v068	43.9	3.33e-63	232
v028	v066	42.1	1.07e-61	227
v028	v047	43.8	6.94e-61	224
v028	v036	45.8	9.07e-61	224
v028	v070	41.8	1.55e-60	223
v028	v076	41.6	4.5e-60	221
v028	v060	40.5	7.18e-58	214
v028	v077	40.3	2.09e-57	213
v028	v089	42.0	1.36e-56	210
v028	v051	42.4	1.77e-56	210
v028	v061	40.1	5.15e-56	208
v028	v083	41.1	6.72e-56	208
v028	v071	37.9	1.96e-55	206
v028	v075	40.1	9.71e-55	204
v028	v088	40.4	9.71e-55	204
v028	v086	40.5	4.08e-53	198
v028	v059	37.1	6.96e-53	198
v028	v043	41.2	7.69e-52	194
v028	v041	39.9	1.71e-51	193
v028	v082	35.0	1.28e-30	124
v028	v067	33.6	1.91e-26	110
v028	v050	28.2	2.85e-22	96
v028	v063	26.3	4.12e-21	92
v028	v079	28.5	9.17e-21	91
v028	v040	30.0	1.32e-19	87
v028	v038	24.3	7.04e-13	65
v028	v090	26.2	1.33e-11	60
v028	v134	27.3	5.77e-07	45
v028	v133	25.3	7.06e-05	38
v028	v085	26.7	0.000157	37
v028	v039	26.6	0.0066	32
v028	v065	52.0	0.277	26
v028	v143	34.9	1.38	24
v028	v037	23.4	1.38	24
v028	v049	36.4	2.35	23
v028	v123	28.1	3.07	23
v028	v110	28.1	3.07	23
v028	v151	32.6	5.23	22
v028	v203	38.5	6.83	22
v028	v212	35.1	8.93	21
v028	v118	38.1	8.93	21
v029	v045	96.6	3.74e-180	621
v029	v080	97.3	2.06e-170	588
v029	v046	95.0	8.08e-167	576
v029	v044	95.0	8.08e-167	576
v029	v031	97.3	6.88e-150	520
v029	v030	94.3	1.03e-145	506
v029	v074	76.1	2.38e-126	442
v029	v052	68.4	1.27e-103	366
v029	v053	68.3	6.31e-103	364
v029	v072	60.1	4.09e-102	361
v029	v081	59.5	5.34e-102	361
v029	v054	64.9	2.74e-98	349
v029	v064	65.5	4.68e-98	348
v029	v062	63.5	3.03e-97	345
v029	v078	58.0	3.71e-95	338
v029	v069	56.8	8.84e-89	317
v029	v087	55.8	3.71e-87	312
v029	v033	57.5	2.41e-86	309
v029	v034	56.7	4.11e-86	308
v029	v073	50.2	5.19e-81	291
v029	v032	49.0	3.37e-80	289
v029	v058	51.5	3.37e-80	289
v029	v057	55.9	3.15e-78	282
v029	v068	49.3	5.38e-78	281
v029	v056	55.5	7.02e-78	281
v029	v055	55.1	3.48e-77	278
v029	v070	48.6	5.94e-77	278
v029	v042	50.2	3.26e-75	272
v029	v066	46.8	1.62e-74	270
v029	v088	47.7	4.71e-74	268
v029	v077	46.2	4.71e-74	268
v029	v051	49.5	3.99e-73	265
v029	v076	49.3	2.58e-72	262
v029	v086	48.4	2.86e-71	259
v029	v059	46.2	2.86e-71	259
v029	v089	45.4	2.42e-70	256
v029	v047	47.9	1.2e-69	253
v029	v071	44.4	5.96e-69	251
v029	v075	48.9	1.73e-68	250
v029	v036	47.7	8.6e-68	247
v029	v083	46.8	2.77e-66	242
v029	v060	47.4	3.61e-66	242
v029	v061	47.0	1.37e-65	240
v029	v041	43.9	5.22e-65	238
v029	v043	40.5	1.42e-54	203
v029	v050	33.5	1.39e-33	134
v029	v079	35.2	8.99e-33	131
v029	v067	35.2	8.41e-31	124
v029	v082	34.4	1.43e-30	124
v029	v063	30.0	4.47e-24	102
v029	v040	29.1	4.94e-23	99
v029	v090	29.8	4.95e-15	72
v029	v038	25.5	9.34e-14	68
v029	v134	28.6	1e-07	48
v029	v120	24.8	7.17e-06	42
v029	v037	27.6	7.17e-06	42
v029	v065	27.6	2.09e-05	40
v029	v035	23.2	3.56e-05	39
v029	v049	27.5	0.000104	38
v029	v085	24.0	0.000135	37
v029	v096	38.1	0.00149	34
v029	v127	25.8	0.00333	33
v029	v039	21.4	0.00568	32
v029	v135	41.7	0.0216	30
v029	v039	25.0	0.0282	30
v029	v110	28.1	0.0481	29
v029	v164	23.9	0.14	27
v029	v161	23.2	0.14	27
v029	v107	26.7	0.407	26
v029	v162	31.4	0.694	25
v029	v165	34.1	0.694	25
v029	v049	30.0	1.55	24
v029	v186	32.3	3.45	23
v029	v193	32.3	3.45	23
v029	v121	19.4	4.5	22
v029	v119	19.4	5.88	22
v029	v197	21.4	7.68	22
v029	v118	28.6	7.68	22
v029	v158	37.1	7.68	22
v030	v044	100.0	1.88e-153	532
v030	v046	100.0	1.88e-153	532
v030	v080	97.3	5.65e-150	520
v030	v031	93.1	2.08e-144	502
v030	v045	93.1	7.9e-144	500
v030	v074	79.7	2.64e-123	431
v030	v053	68.4	1.78e-103	366
v030	v052	67.8	2.32e-103	365
v030	v054	64.8	2.66e-99	352
v030	v081	64.0	2.66e-99	352
v030	v064	65.9	4.54e-99	351
v030	v062	63.6	1.61e-96	342
v030	v072	61.1	3.97e-95	338
v030	v078	60.2	3.48e-91	325
v030	v069	60.8	2.11e-88	315
v030	v087	59.5	1.51e-86	309
v030	v033	60.1	4.4e-86	308
v030	v034	60.1	1.67e-85	306
v030	v057	55.7	6.16e-80	287
v030	v056	54.9	1.79e-79	286
v030	v055	54.9	5.22e-79	284
v030	v073	53.4	6.81e-79	284
v030	v042	51.9	5.77e-78	281
v030	v058	54.0	2.19e-77	279
v030	v032	51.0	4.13e-76	275
v030	v068	52.0	5.4e-76	274
v030	v051	53.0	8.62e-74	267
v030	v077	50.7	1.92e-73	266
v030	v070	49.1	1.92e-73	266
v030	v088	50.6	7.29e-73	264
v030	v066	50.2	1.63e-72	263
v030	v076	49.8	3.62e-72	262
v030	v089	49.4	8.92e-71	257
v030	v086	49.8	1.52e-70	256
v030	v047	52.4	2.87e-69	252
v030	v059	49.1	3.75e-69	252
v030	v036	48.9	1.09e-68	250
v030	v071	47.5	2.43e-68	249
v030	v060	47.8	1.21e-67	247
v030	v041	48.7	2.68e-67	245
v030	v075	49.8	1.74e-66	243
v030	v061	46.6	8.64e-66	240
v030	v083	48.7	5.24e-63	231
v030	v043	44.2	2.61e-54	202
v030	v050	33.7	3.91e-34	135
v030	v079	34.0	8.16e-32	127
v030	v067	35.2	1.39e-31	127
v030	v082	34.2	1.39e-31	127
v030	v063	31.1	5.66e-25	105
v030	v040	30.5	6.26e-24	101
v030	v038	26.8	9.06e-15	71
v030	v090	27.0	3.22e-12	62
v030	v065	28.4	9.08e-07	44
v030	v134	26.8	4.51e-06	42
v030	v120	24.1	2.24e-05	40
v030	v127	30.8	2.92e-05	39
v030	v037	27.2	3.82e-05	39
v030	v085	25.2	4.98e-05	39
v030	v035	21.3	0.000323	36
v030	v049	28.2	0.000422	35
v030	v110	31.5	0.000551	35
v030	v096	35.7	0.00274	33
v030	v039	26.3	0.0136	30
v030	v039	21.6	0.0395	29
v030	v135	37.5	0.0516	28
v030	v100	33.8	0.256	26
v030	v165	27.3	0.57	25
v030	v161	20.4	0.57	25
v030	v108	26.8	0.973	24
v030	v035	28.6	0.973	24
v030	v162	25.5	1.27	24
v030	v119	30.0	1.66	23
v030	v164	20.4	2.17	23
v030	v121	35.5	2.17	23
v030	v113	21.3	3.7	22
v030	v049	27.5	6.31	22
v030	v107	41.7	6.31	22
v030	v123	27.9	8.24	21
v030	v118	29.5	8.24	21
v031	v045	100.0	2.22e-154	535
v031	v080	94.3	1.1e-145	506
v031	v046	93.1	7.9e-144	500
v031	v044	93.1	7.9e-144	500
v031	v074	79.7	1e-122	429
v031	v052	67.0	1.67e-101	359
v031	v053	66.9	2.18e-101	359
v031	v054	64.0	1.46e-97	346
v031	v081	62.8	9.46e-97	343
v031	v064	64.7	2.75e-96	342
v031	v062	62.8	2.33e-95	339
v031	v072	61.5	3.04e-95	338
v031	v078	59.8	2.95e-90	322
v031	v069	61.2	1.16e-86	310
v031	v087	59.1	2.19e-85	305
v031	v033	58.8	1.42e-84	303
v031	v034	58.8	9.18e-84	300
v031	v057	55.1	8.9e-79	283
v031	v073	53.1	8.9e-79	283
v031	v056	54.7	1.98e-78	282
v031	v055	54.3	7.53e-78	280
v031	v068	51.7	1.09e-76	277
v031	v058	53.6	3.16e-76	275
v031	v042	50.4	1.2e-75	273
v031	v032	50.2	7.79e-75	270
v031	v066	50.2	1.13e-73	267
v031	v077	50.0	1.47e-73	266
v031	v088	50.9	2.51e-73	265
v031	v076	49.4	4.28e-73	265
v031	v051	51.9	4.28e-73	265
v031	v070	48.7	1.24e-72	263
v031	v086	49.8	1.05e-71	260
v031	v089	48.7	3.39e-70	255
v031	v059	48.3	4.89e-69	251
v031	v071	46.8	3.17e-68	248
v031	v047	50.8	5.41e-68	248
v031	v036	47.7	7.07e-68	247
v031	v060	47.4	1.74e-66	243
v031	v061	46.6	1.92e-65	239
v031	v041	47.2	7.31e-65	237
v031	v075	49.0	2.13e-64	236
v031	v083	47.1	1.09e-60	223
v031	v043	44.1	2e-54	203
v031	v050	34.3	7.88e-35	138
v031	v079	36.0	5.11e-34	135
v031	v082	35.2	2.8e-32	129
v031	v067	35.7	1.07e-31	127
v031	v040	31.1	1.82e-23	100
v031	v063	29.8	6.92e-23	98
v031	v090	29.0	5.31e-15	72
v031	v038	26.0	3.44e-14	69
v031	v134	28.6	4.82e-08	49
v031	v037	28.3	7.69e-06	41
v031	v035	22.4	2.24e-05	40
v031	v065	27.7	3.82e-05	39
v031	v049	28.2	6.51e-05	38
v031	v120	24.2	8.5e-05	38
v031	v085	28.6	0.000189	37
v031	v096	38.1	0.00123	34
v031	v127	29.4	0.00209	33
v031	v110	29.2	0.00609	32
v031	v039	20.7	0.00796	31
v031	v100	30.8	0.00796	31
v031	v135	41.7	0.0177	30
v031	v039	25.0	0.0232	30
v031	v161	23.8	0.0395	29
v031	v164	24.5	0.0395	29
v031	v108	28.3	0.0395	29
v031	v107	25.8	0.256	26
v031	v165	34.1	0.334	26
v031	v162	31.4	0.745	25
v031	v049	30.0	1.27	24
v031	v119	34.8	3.7	22
v031	v121	34.8	3.7	22
v031	v113	39.1	4.83	22
v031	v186	29.0	6.31	22
v031	v193	29.0	6.31	22
v031	v118	42.9	8.24	21
v032	v072	54.5	2.62e-87	312
v032	v064	58.0	1.1e-85	307
v032	v074	53.1	1.59e-84	303
v032	v081	51.6	5.66e-82	294
v032	v062	54.4	2.15e-81	292
v032	v046	49.7	2.15e-81	292
v032	v044	49.7	2.15e-81	292
v032	v080	49.0	2.38e-80	289
v032	v045	49.3	3.1e-80	289
v032	v054	52.1	4.05e-80	288
v032	v087	51.6	7.64e-79	284
v032	v052	54.4	7.64e-79	284
v032	v033	51.1	2.46e-77	279
v032	v053	52.1	3.21e-77	278
v032	v034	49.8	5.13e-75	271
v032	v073	50.9	5.67e-74	268
v032	v078	48.4	1.82e-72	263
v032	v070	45.3	1.71e-70	256
v032	v057	47.1	5.49e-69	251
v032	v056	46.7	2.72e-68	249
v032	v055	46.7	4.65e-68	248
v032	v088	44.3	4.35e-66	242
v032	v068	45.5	4.35e-66	242
v032	v066	44.0	4.35e-66	242
v032	v077	45.3	9.69e-66	240
v032	v069	44.4	1.65e-65	240
v032	v058	43.9	1.07e-64	237
v032	v042	45.0	5.32e-64	235
v032	v051	44.6	2.02e-63	233
v032	v089	42.8	3.45e-63	232
v032	v076	47.7	1e-62	230
v032	v061	43.1	1.11e-61	227
v032	v083	43.6	9.39e-61	224
v032	v086	44.5	4.66e-60	221
v032	v047	42.1	7.95e-60	221
v032	v060	43.8	8.79e-59	217
v032	v036	41.3	9.71e-58	214
v032	v071	42.3	1.27e-57	213
v032	v059	39.6	2.65e-55	206
v032	v041	38.4	1.9e-53	200
v032	v075	41.0	9.41e-53	197
v032	v043	37.6	7.22e-45	171
v032	v067	33.7	5.54e-37	145
v032	v082	34.0	1.61e-36	143
v032	v050	27.8	3.49e-23	99
v032	v079	27.4	3.26e-21	92
v032	v063	26.8	9.5e-21	91
v032	v040	25.3	4.71e-20	89
v032	v038	23.2	5.96e-15	72
v032	v090	28.0	1.33e-14	70
v032	v037	28.7	7.8e-07	45
v032	v085	26.6	8.63e-06	41
v032	v039	23.2	5.59e-05	39
v032	v049	29.2	0.000474	35
v032	v163	24.2	0.00235	33
v032	v108	26.6	0.00307	33
v032	v165	27.6	0.00684	32
v032	v164	26.7	0.00684	32
v032	v119	22.5	0.00893	31
v032	v127	22.5	0.00893	31
v032	v096	27.1	0.00893	31
v032	v124	47.4	0.0199	30
v032	v161	26.0	0.026	30
v032	v121	20.7	0.0339	29
v032	v042	26.1	0.0443	29
v032	v128	23.4	0.0579	28
v032	v136	38.2	0.0987	28
v032	v133	33.3	0.129	27
v032	v162	31.9	0.64	25
v032	v039	32.4	1.09	24
v032	v110	24.1	1.43	24
v032	v093	33.3	1.43	24
v032	v049	25.0	2.43	23
v032	v113	57.1	7.08	22
v033	v034	92.2	3.69e-158	547
v033	v046	58.2	8.98e-88	314
v033	v044	58.2	8.98e-88	314
v033	v080	57.5	1.3e-86	310
v033	v045	57.1	2.89e-86	309
v033	v062	59.0	3.19e-85	305
v033	v081	53.6	1.58e-84	303
v033	v074	56.4	3.53e-84	302
v033	v053	56.9	5.1e-83	298
v033	v072	54.9	2.8e-81	292
v033	v052	59.0	3.65e-81	292
v033	v064	60.9	3.09e-80	289
v033	v054	55.4	1.7e-78	283
v033	v087	51.4	7.13e-77	277
v033	v078	50.7	1.34e-75	273
v033	v069	51.2	3.91e-75	272
v033	v070	51.3	1.64e-73	266
v033	v042	45.5	9.97e-71	257
v033	v068	48.0	2.22e-70	256
v033	v073	49.4	8.44e-70	254
v033	v066	47.8	1.44e-69	253
v033	v076	47.0	7.15e-69	251
v033	v047	49.5	3.55e-68	248
v033	v058	49.6	7.9e-68	247
v033	v051	46.4	1.35e-67	247
v033	v077	46.4	1.76e-67	246
v033	v059	45.3	5.12e-67	245
v033	v071	46.2	2.54e-66	242
v033	v088	45.3	2.81e-65	239
v033	v086	45.6	8.18e-65	237
v033	v060	48.5	7.65e-63	231
v033	v061	46.9	7.65e-63	231
v033	v041	44.4	3.8e-62	228
v033	v089	43.8	6.48e-62	228
v033	v036	42.9	5.48e-61	225
v033	v083	47.5	9.36e-61	224
v033	v056	48.0	1.6e-60	223
v033	v057	47.5	2.08e-60	223
v033	v055	47.1	1.03e-59	220
v033	v075	43.0	1.49e-58	216
v033	v043	43.4	2.31e-51	193
v033	v082	40.2	3.57e-44	169
v033	v067	36.0	1.4e-40	157
v033	v050	32.1	7.46e-34	134
v033	v079	31.9	3.47e-31	126
v033	v063	29.7	1.72e-22	97
v033	v040	28.6	1.05e-19	87
v033	v038	24.9	2.67e-15	73
v033	v090	25.3	1.91e-13	67
v033	v134	28.9	1.02e-06	44
v033	v037	28.2	8.6e-06	41
v033	v065	29.3	5.57e-05	39
v033	v133	23.6	0.000212	37
v033	v035	25.9	0.000472	35
v033	v085	26.6	0.000472	35
v033	v110	26.1	0.000805	35
v033	v049	26.6	0.0116	31
v033	v037	26.6	0.0259	30
v033	v124	34.0	0.0259	30
v033	v138	23.1	0.0259	30
v033	v128	26.4	0.0984	28
v033	v211	30.4	0.168	27
v033	v092	29.9	0.168	27
v033	v049	22.6	0.374	26
v033	v162	28.0	0.488	25
v033	v108	27.3	0.488	25
v033	v097	29.4	0.833	25
v033	v113	27.1	0.833	25
v033	v163	32.8	1.09	24
v033	v091	28.4	1.42	24
v033	v136	45.2	1.42	24
v033	v164	23.3	3.17	23
v033	v127	21.3	3.17	23
v033	v186	23.4	4.13	22
v033	v118	36.4	4.13	22
v033	v107	31.0	4.13	22
v033	v193	23.4	4.13	22
v033	v121	39.1	4.13	22
v033	v119	39.1	4.13	22
v033	v165	30.8	5.4	22
v033	v161	30.1	5.4	22
v033	v115	24.4	5.4	22
v033	v116	47.6	7.05	22
v033	v125	41.2	7.05	22
v034	v044	57.4	1.17e-87	313
v034	v046	57.4	1.17e-87	313
v034	v080	56.7	2.21e-86	309
v034	v045	56.4	3.77e-86	308
v034	v081	53.4	4.32e-82	295
v034	v062	56.7	9.61e-82	294
v034	v074	55.3	2.14e-81	292
v034	v053	56.1	8.14e-81	290
v034	v052	59.0	9e-80	287
v034	v064	59.7	8.42e-78	280
v034	v072	52.2	5.46e-77	278
v034	v054	53.1	1.76e-75	273
v034	v069	51.9	3.31e-74	268
v034	v087	50.0	7.38e-74	267
v034	v078	49.7	4.78e-73	265
v034	v070	50.5	2.46e-69	252
v034	v073	48.2	3.55e-68	248
v034	v042	46.0	2.3e-67	246
v034	v068	46.0	5.66e-66	241
v034	v076	45.5	7.4e-66	241
v034	v088	48.8	1.26e-65	240
v034	v051	46.8	1.65e-65	240
v034	v058	48.5	2.81e-65	239
v034	v066	45.2	4.79e-65	238
v034	v059	44.9	3.11e-64	235
v034	v077	44.9	4.06e-64	235
v034	v071	45.8	5.3e-64	235
v034	v047	47.1	3.44e-63	232
v034	v086	45.2	1.7e-62	230
v034	v061	42.8	1.03e-59	220
v034	v060	42.8	1.35e-59	220
v034	v036	41.6	1.49e-58	216
v034	v041	43.5	1.95e-58	216
v034	v089	42.0	2.55e-58	216
v034	v057	43.3	5.31e-56	208
v034	v056	43.3	1.55e-55	206
v034	v083	43.8	4.5e-55	205
v034	v075	40.9	1e-54	204
v034	v055	42.6	1e-54	204
v034	v043	42.1	5.32e-48	181
v034	v082	39.4	4.37e-42	162
v034	v067	37.2	6.97e-40	154
v034	v050	34.8	7.46e-34	134
v034	v079	32.7	1.32e-30	124
v034	v040	26.3	1.51e-18	84
v034	v063	25.5	1.51e-18	84
v034	v038	25.2	9.49e-13	64
v034	v090	24.5	3.05e-11	59
v034	v134	30.6	2.96e-06	43
v034	v133	25.6	5.57e-05	39
v034	v037	26.7	7.28e-05	38
v034	v065	27.3	0.000805	35
v034	v110	25.2	0.00179	33
v034	v085	23.5	0.0152	30
v034	v035	24.6	0.0152	30
v034	v124	30.7	0.0198	30
v034	v102	26.6	0.0259	30
v034	v108	24.5	0.0338	29
v034	v138	23.1	0.0984	28
v034	v097	29.4	0.129	27
v034	v049	27.3	0.129	27
v034	v092	29.9	0.168	27
v034	v211	30.4	0.168	27
v034	v091	26.3	0.219	27
v034	v107	28.4	0.286	26
v034	v106	23.3	0.286	26
v034	v127	23.2	0.833	25
v034	v113	25.6	1.09	24
v034	v136	41.9	1.86	23
v034	v118	36.7	1.86	23
v034	v162	30.6	2.42	23
v034	v115	32.7	3.17	23
v034	v163	39.1	4.13	22
v034	v116	43.3	5.4	22
v034	v119	39.1	7.05	22
v034	v165	28.7	7.05	22
v034	v121	39.1	7.05	22
v034	v125	47.4	9.21	21
v035	v037	32.4	1.92e-20	91
v035	v085	41.2	1.69e-16	77
v035	v084	30.4	2e-09	54
v035	v073	26.5	2.21e-08	50
v035	v039	27.3	4.91e-08	49
v035	v072	24.5	7.1e-07	45
v035	v089	26.1	3.52e-06	43
v035	v074	22.2	1.02e-05	42
v035	v057	27.5	1.75e-05	41
v035	v052	23.1	1.75e-05	41
v035	v060	25.4	2.28e-05	40
v035	v056	24.5	2.98e-05	40
v035	v045	22.4	3.89e-05	40
v035	v053	23.1	5.09e-05	39
v035	v055	27.5	5.09e-05	39
v035	v080	22.2	0.000148	38
v035	v043	30.4	0.000148	38
v035	v037	37.9	0.000193	37
v035	v077	24.0	0.000252	37
v035	v105	26.5	0.00033	37
v035	v083	27.0	0.000431	36
v035	v082	21.6	0.000431	36
v035	v041	22.4	0.000562	36
v035	v130	51.3	0.000562	36
v035	v046	21.3	0.000562	36
v035	v044	21.3	0.000562	36
v035	v036	25.4	0.000734	35
v035	v049	30.1	0.00125	35
v035	v042	25.0	0.00164	34
v035	v107	21.8	0.00214	34
v035	v128	26.5	0.00279	33
v035	v051	25.2	0.00279	33
v035	v067	28.4	0.00476	33
v035	v169	23.7	0.00476	33
v035	v126	25.1	0.00622	32
v035	v128	32.4	0.0181	31
v035	v123	33.9	0.0403	30
v035	v096	27.7	0.0526	29
v035	v058	25.2	0.0526	29
v035	v069	20.8	0.2	27
v035	v179	41.0	0.341	27
v035	v180	41.0	0.341	27
v035	v136	26.4	0.446	26
v035	v134	31.4	0.582	26
v035	v106	26.4	0.76	25
v035	v085	41.7	0.76	25
v035	v137	39.5	1.3	25
v035	v125	28.0	1.69	24
v035	v178	30.9	1.69	24
v035	v040	28.6	2.21	24
v035	v129	32.1	2.21	24
v035	v117	22.0	4.93	23
v035	v081	32.4	8.4	22
v036	v051	60.1	1.19e-106	376
v036	v068	58.0	1.01e-105	373
v036	v060	62.6	1.12e-104	370
v036	v066	56.5	1.46e-104	369
v036	v061	62.1	5.54e-104	367
v036	v077	54.5	1.51e-101	359
v036	v089	56.0	3.36e-101	358
v036	v071	57.7	5.74e-101	357
v036	v076	54.4	4.86e-100	354
v036	v086	60.4	3.15e-99	352
v036	v059	55.7	1.24e-95	340
v036	v042	59.1	3.86e-89	318
v036	v047	54.5	1.86e-75	273
v036	v070	50.7	7.81e-74	267
v036	v053	49.2	9.54e-72	260
v036	v041	47.8	1.63e-71	260
v036	v074	49.1	1.52e-69	253
v036	v052	47.7	5.79e-69	251
v036	v064	49.4	7.56e-69	251
v036	v046	48.9	1.29e-68	250
v036	v044	48.9	1.29e-68	250
v036	v062	50.0	1.68e-68	250
v036	v081	48.0	3.75e-68	248
v036	v045	47.7	8.36e-68	247
v036	v080	48.1	1.09e-67	247
v036	v075	49.8	2.43e-67	246
v036	v056	47.6	2.06e-66	243
v036	v054	47.2	4.59e-66	242
v036	v057	47.2	5.99e-66	241
v036	v078	45.7	5.07e-65	238
v036	v055	47.0	6.62e-65	238
v036	v072	43.4	9.56e-64	234
v036	v087	43.5	5.25e-62	228
v036	v069	46.2	1.17e-61	227
v036	v043	42.4	3.76e-60	222
v036	v073	44.9	6.42e-60	221
v036	v058	41.9	6.64e-57	211
v036	v088	44.6	2.14e-55	206
v036	v083	38.4	4.04e-46	175
v036	v067	40.2	5.83e-45	171
v036	v082	37.2	7.13e-43	164
v036	v079	29.7	1.3e-28	117
v036	v050	28.6	1.59e-26	110
v036	v040	30.7	3.01e-25	106
v036	v063	27.0	1e-20	91
v036	v090	26.4	1.19e-13	67
v036	v038	27.7	1.19e-13	67
v036	v037	29.3	3.13e-06	43
v036	v049	29.3	5.9e-05	39
v036	v085	52.8	0.000172	37
v036	v085	27.8	0.000499	35
v036	v133	22.8	0.0019	33
v036	v105	26.8	0.0467	29
v036	v096	28.6	0.104	28
v036	v083	31.4	0.104	28
v036	v072	19.7	1.96	23
v036	v065	27.6	2.56	23
v037	v049	66.2	5.2e-103	364
v037	v039	35.4	2.63e-38	149
v037	v085	36.3	3.93e-34	135
v037	v048	27.9	1.35e-26	110
v037	v084	28.6	4.35e-25	105
v037	v136	26.9	2.1e-11	60
v037	v138	25.0	7.97e-11	58
v037	v135	26.6	3.03e-10	56
v037	v089	26.4	1.56e-06	44
v037	v061	28.7	3.47e-06	42
v037	v077	25.6	4.53e-06	42
v037	v042	30.4	5.91e-06	42
v037	v045	28.3	7.72e-06	41
v037	v097	28.1	7.72e-06	41
v037	v076	30.1	1.32e-05	40
v037	v065	28.0	1.32e-05	40
v037	v068	30.1	1.72e-05	40
v037	v066	30.1	1.72e-05	40
v037	v047	25.9	1.72e-05	40
v037	v080	27.2	1.72e-05	40
v037	v046	27.2	3.83e-05	39
v037	v044	27.2	3.83e-05	39
v037	v074	25.2	5e-05	39
v037	v133	27.7	6.53e-05	38
v037	v060	24.8	8.53e-05	38
v037	v063	29.6	8.53e-05	38
v037	v073	32.4	0.000111	37
v037	v051	29.3	0.00019	37
v037	v064	30.0	0.000944	34
v037	v073	33.3	0.00123	34
v037	v105	32.7	0.00161	33
v037	v128	23.5	0.0021	33
v037	v072	24.3	0.00275	33
v037	v086	25.0	0.00468	32
v037	v056	32.1	0.00468	32
v037	v088	24.1	0.00468	32
v037	v071	26.1	0.00468	32
v037	v070	28.7	0.00468	32
v037	v134	24.8	0.00612	32
v037	v059	25.0	0.00612	32
v037	v057	31.0	0.00799	31
v037	v062	31.8	0.0136	30
v037	v083	31.0	0.0178	30
v037	v079	24.3	0.0232	30
v037	v069	23.4	0.0232	30
v037	v043	40.0	0.0232	30
v037	v075	29.1	0.0304	29
v037	v130	33.3	0.0304	29
v037	v078	24.5	0.0304	29
v037	v069	26.7	0.0396	29
v037	v124	34.8	0.0396	29
v037	v125	31.8	0.0396	29
v037	v067	31.8	0.0676	28
v037	v087	29.9	0.115	27
v037	v050	25.0	0.115	27
v037	v054	28.7	0.115	27
v037	v123	31.8	0.151	27
v037	v124	48.4	0.197	27
v037	v126	20.6	0.257	26
v037	v122	52.2	0.572	25
v037	v164	22.5	0.572	25
v037	v081	30.7	0.748	25
v037	v082	23.4	0.748	25
v037	v052	33.3	0.748	25
v037	v053	35.3	0.748	25
v037	v130	27.3	0.976	24
v037	v161	22.6	0.976	24
v037	v082	30.8	1.28	24
v037	v137	34.5	1.67	23
v037	v127	40.0	2.18	23
v037	v067	33.3	3.71	22
v037	v118	40.9	3.71	22
v037	v128	38.1	3.71	22
v037	v116	45.0	6.33	22
v037	v114	50.0	6.33	22
v037	v113	38.5	6.33	22
v037	v115	45.0	6.33	22
v037	v058	27.1	8.27	21
v038	v070	32.1	1.31e-22	98
v038	v060	30.4	1.5e-18	84
v038	v042	30.5	2.55e-18	84
v038	v075	28.2	4.35e-18	83
v038	v076	29.9	1.27e-17	81
v038	v069	28.4	1.65e-17	81
v038	v059	24.6	4.81e-17	79
v038	v047	26.2	4.08e-16	76
v038	v062	26.5	4.08e-16	76
v038	v066	28.8	5.32e-16	76
v038	v077	30.6	6.95e-16	75
v038	v068	27.7	3.45e-15	73
v038	v078	30.1	5.88e-15	72
v038	v087	26.2	7.69e-15	72
v038	v046	27.9	1e-14	72
v038	v044	27.9	1e-14	72
v038	v054	28.8	1.31e-14	71
v038	v074	27.3	2.92e-14	70
v038	v082	27.9	8.5e-14	69
v038	v045	27.7	1.45e-13	68
v038	v080	27.0	1.89e-13	67
v038	v088	26.3	1.89e-13	67
v038	v073	29.3	2.47e-13	67
v038	v067	27.2	5.51e-13	66
v038	v056	27.0	7.19e-13	65
v038	v072	26.8	9.4e-13	65
v038	v057	26.5	1.23e-12	65
v038	v055	26.5	2.09e-12	64
v038	v083	25.0	4.66e-12	63
v038	v081	27.7	1.04e-11	62
v038	v063	26.7	1.77e-11	61
v038	v051	24.7	5.16e-11	59
v038	v064	27.0	5.16e-11	59
v038	v050	26.2	5.7e-10	56
v038	v053	25.3	7.44e-10	55
v038	v052	25.3	7.44e-10	55
v038	v041	26.4	7.44e-10	55
v038	v079	25.3	6.3e-09	52
v038	v040	24.3	9.1e-08	49
v038	v134	25.7	3.82e-06	43
v038	v133	25.3	1.45e-05	41
v038	v065	23.4	0.000467	36
v038	v090	21.9	0.00178	34
v038	v039	21.4	0.0335	30
v038	v189	25.0	0.484	26
v038	v165	23.9	0.632	26
v038	v046	24.1	1.08	25
v038	v044	24.1	1.08	25
v038	v114	23.4	1.08	25
v038	v049	23.7	1.08	25
v038	v136	20.2	1.84	24
v038	v152	30.9	2.4	24
v038	v085	24.7	3.13	23
v038	v138	37.5	3.13	23
v038	v122	36.7	5.35	23
v039	v049	34.9	1.01e-34	137
v039	v085	29.3	1.46e-25	107
v039	v084	29.8	3.15e-20	89
v039	v048	25.5	7.77e-19	84
v039	v136	23.7	2.12e-08	50
v039	v135	22.9	5.78e-06	42
v039	v062	24.7	3.74e-05	39
v039	v058	23.9	0.000317	36
v039	v130	25.3	0.000317	36
v039	v069	21.4	0.000414	35
v039	v083	25.4	0.000414	35
v039	v168	30.4	0.000541	35
v039	v073	25.9	0.000706	35
v039	v074	20.9	0.000922	34
v039	v052	27.0	0.00268	33
v039	v053	25.7	0.00268	33
v039	v053	25.6	0.00458	32
v039	v045	20.7	0.00781	31
v039	v080	22.3	0.0102	31
v039	v087	26.7	0.0102	31
v039	v046	26.3	0.0133	30
v039	v044	26.3	0.0133	30
v039	v075	21.8	0.0133	30
v039	v080	25.0	0.0227	30
v039	v072	20.4	0.0227	30
v039	v062	25.0	0.0227	30
v039	v045	25.0	0.0227	30
v039	v052	25.6	0.0297	29
v039	v044	21.6	0.0387	29
v039	v081	25.0	0.0387	29
v039	v046	21.6	0.0387	29
v039	v064	26.9	0.0387	29
v039	v054	23.9	0.0506	28
v039	v064	22.1	0.0506	28
v039	v070	24.4	0.0661	28
v039	v067	25.0	0.147	27
v039	v078	23.5	0.192	27
v039	v047	21.8	0.251	26
v039	v168	24.2	0.251	26
v039	v089	38.9	0.428	25
v039	v152	28.6	0.559	25
v039	v051	22.5	0.954	24
v039	v098	26.2	0.954	24
v039	v074	22.4	1.25	24
v039	v078	24.4	1.63	23
v039	v137	27.1	2.13	23
v039	v054	20.2	2.13	23
v039	v133	50.0	3.63	22
v039	v096	30.8	3.63	22
v040	v063	46.9	3.78e-70	255
v040	v078	30.6	1.36e-27	114
v040	v074	29.7	5.71e-26	108
v040	v089	25.7	7.46e-26	108
v040	v070	29.7	1.66e-25	107
v040	v076	27.8	3.7e-25	106
v040	v068	28.0	4.83e-25	105
v040	v054	31.6	6.31e-25	105
v040	v042	27.3	8.24e-25	104
v040	v046	30.4	1.08e-24	104
v040	v047	28.3	1.08e-24	104
v040	v061	26.4	1.08e-24	104
v040	v044	30.4	1.08e-24	104
v040	v066	28.2	6.98e-24	101
v040	v080	30.0	9.11e-24	101
v040	v045	29.1	9.11e-24	101
v040	v072	29.6	1.55e-23	100
v040	v088	27.4	2.65e-23	99
v040	v064	29.3	4.52e-23	99
v040	v081	30.7	4.52e-23	99
v040	v069	28.6	7.72e-23	98
v040	v060	25.8	1.01e-22	97
v040	v077	25.1	8.53e-22	94
v040	v057	27.5	4.23e-21	92
v040	v056	27.9	4.23e-21	92
v040	v087	27.1	7.22e-21	91
v040	v082	30.5	9.43e-21	91
v040	v055	27.1	2.1e-20	90
v040	v086	28.4	2.74e-20	89
v040	v041	26.5	3.58e-20	89
v040	v059	24.4	7.98e-20	88
v040	v053	29.0	1.36e-19	87
v040	v052	29.0	2.32e-19	86
v040	v067	27.9	3.03e-19	86
v040	v071	25.4	3.03e-19	86
v040	v050	25.9	8.83e-19	84
v040	v073	30.2	1.97e-18	83
v040	v062	30.1	1.97e-18	83
v040	v051	26.4	4.84e-17	79
v040	v075	23.4	6.33e-17	78
v040	v079	24.3	3.14e-16	76
v040	v058	27.3	2.04e-15	73
v040	v083	25.5	4.53e-15	72
v040	v043	26.8	2.49e-13	66
v040	v090	25.3	5.19e-11	59
v040	v134	26.8	6.56e-06	42
v040	v085	30.4	0.0981	28
v040	v124	33.8	0.218	27
v040	v081	25.3	0.218	27
v040	v126	26.9	0.636	25
v040	v053	28.0	0.636	25
v040	v133	39.4	1.42	24
v040	v138	24.5	1.85	23
v040	v050	47.4	9.18	21
v041	v042	56.1	2.01e-98	349
v041	v051	51.4	1.15e-77	280
v041	v089	47.6	1.55e-74	270
v041	v077	47.0	4.5e-74	268
v041	v068	46.1	4.98e-73	265
v041	v059	45.7	1.23e-71	260
v041	v066	44.1	1.23e-71	260
v041	v076	44.5	3.02e-70	255
v041	v071	44.6	5.15e-70	255
v041	v047	46.2	1.5e-69	253
v041	v062	50.7	3.34e-69	252
v041	v061	42.4	7.44e-69	251
v041	v060	41.4	9.72e-69	250
v041	v046	45.5	3.69e-68	248
v041	v044	45.5	3.69e-68	248
v041	v086	45.4	4.82e-68	248
v041	v070	45.4	1.4e-67	247
v041	v074	46.2	3.46e-66	242
v041	v080	44.5	4.51e-66	242
v041	v045	44.3	1.01e-65	240
v041	v081	45.1	4.99e-65	238
v041	v053	46.0	2.48e-64	236
v041	v054	47.3	6.1e-63	231
v041	v075	46.5	1.36e-62	230
v041	v078	43.4	2.32e-62	229
v041	v073	44.4	2.32e-62	229
v041	v064	45.7	6.74e-62	228
v041	v087	46.5	1.96e-61	226
v041	v052	43.4	2.56e-61	226
v041	v055	44.5	2.83e-60	222
v041	v057	43.8	5.34e-59	218
v041	v056	44.1	5.34e-59	218
v041	v072	43.4	3.46e-58	215
v041	v069	44.4	1.32e-57	213
v041	v058	40.8	2.1e-55	206
v041	v088	42.1	4.38e-53	198
v041	v043	42.4	1.84e-51	193
v041	v083	42.3	1.9e-48	183
v041	v067	33.2	2.33e-38	149
v041	v050	36.8	3.37e-37	146
v041	v082	32.6	2.67e-34	136
v041	v079	33.3	2.67e-34	136
v041	v063	25.3	8.34e-20	88
v041	v090	26.7	2.43e-11	60
v041	v127	28.1	0.0158	30
v041	v107	21.9	0.0206	30
v041	v085	41.7	0.0784	28
v041	v108	25.2	0.102	28
v041	v110	29.2	0.228	27
v041	v194	35.9	5.62	22
v041	v133	24.4	9.59	21
v041	v085	30.8	9.59	21
v042	v047	64.2	7.88e-101	357
v042	v068	56.8	4.79e-90	322
v042	v066	55.6	2.01e-88	316
v042	v089	52.9	6.48e-87	311
v042	v061	53.7	8.46e-87	311
v042	v071	52.0	2.46e-86	309
v042	v077	53.1	4.64e-85	305
v042	v059	51.4	6.06e-85	305
v042	v086	54.5	1.35e-84	304
v042	v070	54.5	2.3e-84	303
v042	v060	52.1	3.01e-84	302
v042	v051	54.7	3.93e-84	302
v042	v076	49.5	2.82e-82	296
v042	v081	52.3	3.11e-81	292
v042	v075	54.6	6.49e-79	285
v042	v062	52.6	2.47e-78	283
v042	v044	51.7	9.38e-78	281
v042	v046	51.7	9.38e-78	281
v042	v053	51.3	1.35e-76	277
v042	v080	50.6	6.72e-76	275
v042	v045	45.1	8.78e-76	274
v042	v074	49.5	1.5e-75	273
v042	v052	50.6	2.55e-75	273
v042	v054	49.6	2.16e-74	270
v042	v069	51.0	3.69e-74	269
v042	v064	51.3	5.32e-73	265
v042	v073	45.8	2.64e-72	263
v042	v078	49.4	2.64e-72	263
v042	v056	48.5	1.31e-71	260
v042	v057	48.1	3.82e-71	259
v042	v055	47.8	2.47e-70	256
v042	v072	47.6	1.5e-67	247
v042	v088	48.3	3.34e-67	246
v042	v087	45.9	3.7e-66	242
v042	v058	42.4	4.23e-62	229
v042	v043	39.9	2.57e-59	220
v042	v083	40.8	1.23e-53	201
v042	v067	41.5	2.57e-51	193
v042	v082	41.5	8.27e-50	188
v042	v050	32.4	7.03e-33	132
v042	v079	30.8	7.28e-30	122
v042	v063	28.9	9.51e-30	121
v042	v090	24.8	4.15e-09	53
v042	v127	26.6	0.000181	37
v042	v127	28.7	0.00117	35
v042	v049	22.7	0.00581	32
v042	v135	34.3	0.00759	32
v042	v085	23.0	0.00759	32
v042	v123	38.3	0.0129	31
v042	v126	26.7	0.0129	31
v042	v133	22.4	0.0376	30
v042	v097	30.1	0.0642	29
v042	v095	24.3	0.0642	29
v042	v096	28.6	0.0839	28
v042	v124	30.8	0.187	27
v042	v108	25.4	0.244	27
v042	v175	26.8	0.244	27
v042	v136	41.2	1.21	25
v042	v107	36.6	4.6	23
v042	v126	24.1	6.01	22
v043	v051	45.4	3.73e-71	258
v043	v086	48.7	2.26e-68	249
v043	v059	47.4	8.6e-68	247
v043	v071	48.0	4.27e-67	245
v043	v068	43.1	1.79e-65	240
v043	v066	45.6	1.16e-64	237
v043	v077	47.5	5.97e-61	225
v043	v076	45.3	2.27e-60	223
v043	v061	46.5	6.6e-60	221
v043	v060	40.7	1.13e-59	220
v043	v047	40.3	9.53e-59	217
v043	v089	43.1	5.23e-57	211
v043	v080	41.5	7.55e-56	208
v043	v075	41.9	1.68e-55	206
v043	v078	42.2	2.87e-55	206
v043	v046	38.2	4.9e-55	205
v043	v044	38.2	4.9e-55	205
v043	v045	41.0	6.39e-55	205
v043	v081	41.6	8.35e-55	204
v043	v074	40.3	8.35e-55	204
v043	v053	43.2	4.14e-54	202
v043	v087	42.0	1.02e-52	197
v043	v052	42.5	2.97e-52	196
v043	v070	39.3	5.07e-52	195
v043	v054	41.2	1.13e-51	194
v043	v062	40.7	9.56e-51	191
v043	v073	36.9	2.78e-50	189
v043	v072	36.1	4.74e-50	188
v043	v064	39.9	8.09e-50	188
v043	v069	35.6	4.91e-47	178
v043	v056	37.3	6.41e-47	178
v043	v057	36.9	1.09e-46	177
v043	v055	36.5	5.43e-46	175
v043	v058	35.7	9.26e-46	174
v043	v088	37.8	8.11e-42	161
v043	v083	33.5	2.61e-32	129
v043	v067	32.7	6.44e-31	125
v043	v082	30.5	2.71e-29	119
v043	v050	28.8	2.01e-24	103
v043	v079	27.7	1.3e-23	101
v043	v063	21.8	4.64e-13	65
v043	v090	27.2	4.34e-11	59
v043	v085	46.2	0.000301	36
v043	v085	26.5	0.000301	36
v043	v049	22.3	0.00969	31
v043	v110	28.7	0.0481	29
v043	v105	32.8	0.107	28
v043	v108	26.0	0.239	27
v043	v065	44.0	4.5	22
v043	v107	38.5	7.68	22
v044	v046	100.0	1.7e-174	602
v044	v080	97.7	5.11e-171	590
v044	v045	93.0	2.3e-163	565
v044	v074	76.8	1.41e-128	449
v044	v053	68.3	7.77e-103	364
v044	v052	67.7	1.01e-102	363
v044	v081	60.4	3.86e-102	361
v044	v072	58.7	2.76e-100	355
v044	v064	65.9	5.21e-99	351
v044	v054	64.9	8.89e-99	350
v044	v062	63.5	8.32e-97	344
v044	v078	56.7	2.51e-93	332
v044	v069	56.8	2.87e-89	319
v044	v087	56.5	1.09e-88	317
v044	v073	50.5	2.87e-81	292
v044	v058	51.5	1.09e-80	290
v044	v057	55.7	1.58e-79	286
v044	v056	55.0	4.59e-79	285
v044	v055	55.0	1.74e-78	283
v044	v068	49.7	5.07e-78	281
v044	v070	47.9	8.1e-76	274
v044	v077	46.9	1.17e-74	270
v044	v051	50.2	4.44e-74	268
v044	v066	46.8	4.44e-74	268
v044	v088	47.4	1.69e-73	266
v044	v089	46.4	4.16e-72	262
v044	v076	49.6	4.16e-72	262
v044	v059	46.5	2.7e-71	259
v044	v086	48.4	1.02e-70	257
v044	v047	48.6	1.34e-70	257
v044	v071	44.7	1.93e-69	253
v044	v075	49.3	2.52e-69	252
v044	v060	47.8	1.38e-67	247
v044	v083	47.5	3.08e-67	245
v044	v061	46.6	9.92e-66	240
v044	v050	33.7	4.5e-34	135
v044	v079	34.0	9.37e-32	127
v044	v082	34.2	1.6e-31	127
v044	v067	35.2	1.6e-31	127
v044	v063	31.0	2.02e-26	110
v044	v090	27.0	3.7e-12	62
v044	v065	28.4	1.04e-06	44
v044	v134	26.8	5.18e-06	42
v044	v120	24.1	2.57e-05	40
v044	v127	30.8	3.36e-05	39
v044	v085	25.2	5.73e-05	39
v044	v049	28.2	0.000485	35
v044	v110	31.5	0.000633	35
v044	v096	35.7	0.00314	33
v044	v135	37.5	0.0593	28
v044	v100	33.8	0.294	26
v044	v165	27.3	0.655	25
v044	v161	21.0	0.655	25
v044	v108	26.8	1.12	24
v044	v162	25.5	1.46	24
v044	v119	30.0	1.91	23
v044	v121	35.5	2.49	23
v044	v164	21.0	2.49	23
v044	v113	21.3	4.25	22
v044	v107	41.7	7.24	22
v044	v049	27.5	7.24	22
v044	v158	37.1	7.24	22
v044	v118	29.5	9.46	21
v044	v123	27.9	9.46	21
v045	v080	94.0	3.4e-165	571
v045	v046	93.0	2.43e-163	565
v045	v074	76.5	2.15e-127	445
v045	v052	66.9	7.71e-101	357
v045	v053	66.8	1.01e-100	357
v045	v072	58.9	3.83e-100	355
v045	v081	58.8	1.45e-99	353
v045	v054	64.1	5.17e-97	344
v045	v064	64.7	3.35e-96	342
v045	v062	62.7	1.27e-95	340
v045	v078	56.6	6.54e-92	327
v045	v087	56.1	2.18e-87	312
v045	v069	57.6	2.84e-87	312
v045	v073	50.2	6.78e-81	291
v045	v058	52.5	5.74e-80	288
v045	v068	49.3	1.41e-78	283
v045	v057	55.1	2.41e-78	282
v045	v056	54.8	5.38e-78	281
v045	v055	54.4	2.67e-77	279
v045	v066	46.8	5.56e-75	271
v045	v070	47.6	5.56e-75	271
v045	v077	46.2	9.49e-75	270
v045	v051	47.9	8.03e-74	267
v045	v088	47.7	1.05e-73	267
v045	v076	49.3	5.21e-73	265
v045	v086	48.4	7.52e-72	261
v045	v089	45.8	9.82e-72	260
v045	v059	46.7	6.36e-71	258
v045	v047	47.2	2.67e-69	252
v045	v071	44.8	2.67e-69	252
v045	v060	47.4	2.12e-66	243
v045	v075	47.8	3.61e-66	242
v045	v061	42.7	1.37e-65	240
v045	v083	46.1	6.82e-65	238
v045	v050	34.3	9.6e-35	138
v045	v079	36.0	6.22e-34	135
v045	v082	35.2	3.41e-32	129
v045	v067	35.7	1.3e-31	127
v045	v063	30.3	9.01e-25	104
v045	v090	29.0	6.47e-15	72
v045	v134	28.6	5.86e-08	49
v045	v065	27.7	4.65e-05	39
v045	v049	28.2	7.93e-05	38
v045	v120	24.2	0.000104	38
v045	v085	28.6	0.000231	37
v045	v096	38.1	0.00149	34
v045	v127	29.4	0.00255	33
v045	v110	29.2	0.00742	32
v045	v100	30.8	0.00969	31
v045	v135	41.7	0.0216	30
v045	v164	24.3	0.0282	30
v045	v161	23.6	0.0282	30
v045	v108	28.3	0.0481	29
v045	v186	26.9	0.107	28
v045	v107	25.8	0.312	26
v045	v165	34.1	0.407	26
v045	v162	31.4	0.907	25
v045	v193	25.5	1.18	24
v045	v049	30.0	1.55	24
v045	v119	34.8	4.5	22
v045	v121	34.8	4.5	22
v045	v113	39.1	5.88	22
v046	v080	97.7	5.11e-171	590
v046	v074	76.8	1.41e-128	449
v046	v053	68.3	7.77e-103	364
v046	v052	67.7	1.01e-102	363
v046	v081	60.4	3.86e-102	361
v046	v072	58.7	2.76e-100	355
v046	v064	65.9	5.21e-99	351
v046	v054	64.9	8.89e-99	350
v046	v062	63.5	8.32e-97	344
v046	v078	56.7	2.51e-93	332
v046	v069	56.8	2.87e-89	319
v046	v087	56.5	1.09e-88	317
v046	v073	50.5	2.87e-81	292
v046	v058	51.5	1.09e-80	290
v046	v057	55.7	1.58e-79	286
v046	v056	55.0	4.59e-79	285
v046	v055	55.0	1.74e-78	283
v046	v068	49.7	5.07e-78	281
v046	v070	47.9	8.1e-76	274
v046	v077	46.9	1.17e-74	270
v046	v051	50.2	4.44e-74	268
v046	v066	46.8	4.44e-74	268
v046	v088	47.4	1.69e-73	266
v046	v076	49.6	4.16e-72	262
v046	v089	46.4	4.16e-72	262
v046	v059	46.5	2.7e-71	259
v046	v086	48.4	1.02e-70	257
v046	v047	48.6	1.34e-70	257
v046	v071	44.7	1.93e-69	253
v046	v075	49.3	2.52e-69	252
v046	v060	47.8	1.38e-67	247
v046	v083	47.5	3.08e-67	245
v046	v061	46.6	9.92e-66	240
v046	v050	33.7	4.5e-34	135
v046	v079	34.0	9.37e-32	127
v046	v082	34.2	1.6e-31	127
v046	v067	35.2	1.6e-31	127
v046	v063	31.0	2.02e-26	110
v046	v090	27.0	3.7e-12	62
v046	v065	28.4	1.04e-06	44
v046	v134	26.8	5.18e-06	42
v046	v120	24.1	2.57e-05	40
v046	v127	30.8	3.36e-05	39
v046	v085	25.2	5.73e-05	39
v046	v049	28.2	0.000485	35
v046	v110	31.5	0.000633	35
v046	v096	35.7	0.00314	33
v046	v135	37.5	0.0593	28
v046	v100	33.8	0.294	26
v046	v165	27.3	0.655	25
v046	v161	21.0	0.655	25
v046	v108	26.8	1.12	24
v046	v162	25.5	1.46	24
v046	v119	30.0	1.91	23
v046	v164	21.0	2.49	23
v046	v121	35.5	2.49	23
v046	v113	21.3	4.25	22
v046	v107	41.7	7.24	22
v046	v049	27.5	7.24	22
v046	v158	37.1	7.24	22
v046	v123	27.9	9.46	21
v046	v118	29.5	9.46	21
v047	v075	61.8	1.3e-97	346
v047	v071	52.6	5.85e-82	294
v047	v059	50.5	8.74e-78	280
v047	v086	52.6	1.14e-77	280
v047	v068	49.1	3.32e-77	278
v047	v051	52.8	2.15e-76	276
v047	v070	52.3	6.26e-76	274
v047	v066	48.5	8.18e-76	274
v047	v081	51.3	1.18e-74	270
v047	v077	47.9	4.49e-74	268
v047	v076	47.2	1e-73	267
v047	v061	47.3	2.23e-73	266
v047	v053	50.2	1.44e-72	263
v047	v062	52.1	2.46e-72	262
v047	v074	51.3	3.22e-72	262
v047	v060	46.1	7.92e-71	257
v047	v054	50.0	7.92e-71	257
v047	v089	48.1	1.76e-70	256
v047	v080	47.9	2.55e-69	252
v047	v052	48.3	2.55e-69	252
v047	v056	48.7	5.68e-69	251
v047	v078	46.9	2.16e-68	249
v047	v057	47.9	4.81e-68	248
v047	v055	47.9	8.2e-68	247
v047	v072	45.0	3.12e-67	245
v047	v069	47.4	4.07e-67	245
v047	v087	44.3	4.97e-65	238
v047	v058	43.1	1.45e-64	236
v047	v064	47.9	2.47e-64	236
v047	v073	43.5	6.08e-63	231
v047	v088	41.0	5.7e-53	198
v047	v083	39.0	1.55e-50	190
v047	v082	41.5	2.57e-45	173
v047	v067	38.7	2.57e-45	173
v047	v050	32.5	5.36e-35	138
v047	v079	32.2	1.73e-33	133
v047	v063	29.6	1.08e-27	114
v047	v090	26.4	9.21e-11	58
v047	v049	30.8	6.83e-06	42
v047	v125	27.8	4.43e-05	39
v047	v085	27.2	0.000639	35
v047	v085	23.8	0.00707	32
v047	v133	24.0	0.00923	31
v047	v127	22.1	0.0206	30
v047	v065	26.9	0.0206	30
v047	v135	31.9	0.0269	30
v047	v123	34.0	0.0458	29
v047	v168	31.0	0.388	26
v047	v159	25.5	0.662	25
v047	v138	31.2	1.93	23
v047	v096	25.5	4.29	22
v047	v212	37.5	9.56	21
v048	v049	30.1	4.61e-30	122
v048	v084	27.0	2.63e-17	79
v048	v085	23.9	2.08e-14	70
v048	v134	25.4	0.000149	37
v048	v111	25.2	0.0107	31
v048	v098	22.0	0.0107	31
v048	v135	30.5	0.202	27
v048	v123	25.7	0.345	26
v048	v055	25.8	0.45	25
v048	v057	25.4	0.45	25
v048	v056	25.4	0.45	25
v048	v169	25.3	0.768	25
v048	v131	31.7	1.71	23
v048	v137	33.3	4.98	22
v048	v202	29.8	8.49	21
v049	v085	35.5	2.62e-30	122
v049	v084	30.4	2.9e-29	119
v049	v138	25.8	1.35e-10	57
v049	v097	28.7	3.69e-08	49
v049	v065	27.1	5.33e-07	45
v049	v135	24.8	1.19e-06	44
v049	v068	27.9	1.31e-05	40
v049	v066	27.9	1.71e-05	40
v049	v077	27.1	2.24e-05	40
v049	v061	27.5	6.51e-05	38
v049	v060	24.1	0.000111	37
v049	v080	26.7	0.000189	37
v049	v081	27.7	0.000551	35
v049	v078	27.1	0.00072	35
v049	v057	28.8	0.00094	34
v049	v056	28.8	0.00094	34
v049	v089	28.7	0.00094	34
v049	v064	29.3	0.00094	34
v049	v076	25.6	0.00123	34
v049	v074	26.7	0.00123	34
v049	v062	29.3	0.00209	33
v049	v051	25.6	0.00274	33
v049	v134	24.6	0.00357	32
v049	v062	28.8	0.00467	32
v049	v133	23.5	0.00467	32
v049	v083	26.6	0.00796	31
v049	v073	25.2	0.00796	31
v049	v052	26.6	0.0104	31
v049	v128	26.3	0.0104	31
v049	v070	29.6	0.0177	30
v049	v087	25.8	0.0177	30
v049	v053	25.6	0.0177	30
v049	v072	23.5	0.0177	30
v049	v071	24.8	0.0232	30
v049	v078	24.3	0.0232	30
v049	v136	29.3	0.0232	30
v049	v069	25.4	0.0302	29
v049	v054	25.6	0.0395	29
v049	v125	25.0	0.0516	28
v049	v105	29.1	0.0516	28
v049	v059	24.8	0.0516	28
v049	v086	26.2	0.0674	28
v049	v063	27.3	0.088	28
v049	v075	48.4	0.115	27
v049	v064	30.5	0.115	27
v049	v130	26.4	0.196	27
v049	v132	40.7	0.256	26
v049	v137	35.7	0.437	25
v049	v130	31.4	0.437	25
v049	v082	40.5	0.745	25
v049	v128	44.4	0.745	25
v049	v079	27.1	0.973	24
v049	v080	30.0	1.27	24
v049	v069	38.9	1.66	23
v049	v050	24.7	1.66	23
v049	v074	24.6	1.66	23
v049	v067	35.9	3.7	22
v049	v129	40.0	4.83	22
v049	v067	36.4	4.83	22
v049	v095	28.6	6.31	22
v049	v125	25.8	6.31	22
v050	v079	85.4	1.43e-140	489
v050	v077	32.7	1.48e-36	143
v050	v076	32.7	2.52e-36	143
v050	v089	34.9	2.78e-35	139
v050	v066	31.6	8.1e-35	138
v050	v067	33.2	8.1e-35	138
v050	v080	33.9	1.38e-34	137
v050	v059	32.1	1.38e-34	137
v050	v068	31.8	3.08e-34	136
v050	v061	31.7	6.85e-34	134
v050	v062	34.7	8.95e-34	134
v050	v070	32.9	1.53e-33	133
v050	v086	31.7	4.44e-33	132
v050	v053	31.8	3.76e-32	129
v050	v071	29.8	3.76e-32	129
v050	v082	30.2	1.09e-31	127
v050	v075	32.9	1.09e-31	127
v050	v069	32.3	1.43e-31	127
v050	v060	32.1	2.44e-31	126
v050	v081	30.5	4.16e-31	125
v050	v074	32.1	4.16e-31	125
v050	v052	31.1	7.09e-31	124
v050	v054	32.1	4.6e-30	122
v050	v078	33.1	4.6e-30	122
v050	v064	31.5	2.28e-29	119
v050	v088	32.1	3.29e-28	116
v050	v056	31.6	7.34e-28	114
v050	v051	28.7	4.76e-27	112
v050	v057	30.8	6.21e-27	111
v050	v087	30.1	8.11e-27	111
v050	v055	30.8	1.06e-26	111
v050	v083	30.8	5.26e-26	108
v050	v058	30.5	8.97e-26	107
v050	v072	29.4	9.92e-25	104
v050	v073	26.1	1.69e-24	103
v050	v063	26.3	2.37e-18	83
v050	v090	24.7	1.44e-07	47
v050	v136	30.5	0.0238	30
v050	v126	27.4	0.0692	28
v050	v085	23.9	0.263	26
v050	v201	22.7	3.8	22
v051	v086	67.8	8.59e-113	397
v051	v071	60.6	2.11e-111	392
v051	v059	65.9	1.85e-107	379
v051	v089	61.8	3.27e-104	368
v051	v068	57.9	9.52e-104	367
v051	v077	58.7	1.16e-101	360
v051	v061	57.5	2.59e-101	359
v051	v076	57.3	4.42e-101	358
v051	v066	56.1	7.54e-101	357
v051	v060	61.8	1.74e-97	346
v051	v070	49.8	2.44e-75	272
v051	v074	49.1	7.86e-74	267
v051	v080	49.1	7.35e-72	261
v051	v075	53.6	1.25e-71	260
v051	v064	51.9	1.25e-71	260
v051	v053	48.5	3.09e-70	255
v051	v052	50.0	6.88e-70	254
v051	v078	46.4	8.99e-70	254
v051	v081	47.2	8.99e-70	254
v051	v057	46.4	5.83e-69	251
v051	v073	46.0	7.61e-69	251
v051	v056	46.4	9.94e-69	250
v051	v055	46.4	9.94e-69	250
v051	v054	47.6	2.89e-68	249
v051	v062	48.5	3.78e-68	248
v051	v072	44.3	2.99e-65	239
v051	v069	46.7	7.63e-61	224
v051	v087	43.5	7.63e-61	224
v051	v058	40.9	6.04e-58	215
v051	v088	43.7	6.91e-54	201
v051	v083	39.5	2.63e-45	173
v051	v067	34.9	1.27e-39	154
v051	v082	33.1	4.07e-38	149
v051	v079	30.2	3.46e-29	119
v051	v063	26.4	2.03e-21	93
v051	v090	25.5	1.46e-11	60
v051	v085	32.0	0.000226	37
v051	v108	27.9	0.00425	32
v051	v085	24.3	0.00425	32
v051	v127	23.2	0.0614	28
v051	v135	25.7	0.105	28
v051	v107	23.4	0.137	27
v051	v097	25.0	0.305	26
v051	v096	28.6	0.679	25
v051	v096	21.4	0.887	25
v051	v198	43.2	0.887	25
v051	v138	34.3	1.51	24
v051	v116	23.1	1.98	23
v051	v131	26.5	9.81	21
v052	v053	91.2	4.03e-140	487
v052	v081	73.6	2.01e-115	405
v052	v062	71.7	5.67e-110	387
v052	v064	67.7	2.91e-106	375
v052	v072	68.6	1.45e-105	372
v052	v054	68.8	9.37e-105	370
v052	v080	68.1	3.94e-103	364
v052	v078	64.2	6.95e-100	354
v052	v074	65.4	5.88e-99	351
v052	v073	60.1	1.83e-92	329
v052	v087	62.0	6.96e-92	327
v052	v057	62.7	5.89e-91	324
v052	v056	62.3	7.7e-91	324
v052	v055	62.7	7.7e-91	324
v052	v069	55.1	5.72e-78	281
v052	v058	55.4	4.84e-77	278
v052	v068	51.8	1.56e-75	273
v052	v066	53.0	2.04e-75	272
v052	v070	51.1	3.25e-73	265
v052	v077	50.9	5.54e-73	264
v052	v076	50.0	8e-72	260
v052	v083	53.1	8e-72	260
v052	v060	50.6	7.49e-70	254
v052	v061	49.8	1.28e-69	253
v052	v086	48.5	3.85e-66	242
v052	v071	47.0	9.48e-65	237
v052	v089	47.0	1.62e-64	236
v052	v059	47.0	1.79e-63	233
v052	v088	45.3	8.87e-63	230
v052	v075	47.0	4.87e-61	225
v052	v082	34.4	1.86e-36	143
v052	v067	34.3	9.56e-33	131
v052	v079	30.8	3.18e-28	116
v052	v063	26.0	4.17e-20	89
v052	v090	27.5	1.06e-15	74
v052	v134	24.8	1.18e-06	44
v052	v120	23.1	0.000547	35
v052	v065	24.5	0.00354	32
v052	v085	25.6	0.00463	32
v052	v096	19.9	0.0103	31
v052	v093	28.8	0.023	30
v052	v110	28.9	0.566	25
v052	v121	17.3	0.965	24
v052	v119	17.3	1.26	24
v052	v162	35.3	1.65	23
v052	v107	29.1	3.67	22
v052	v148	22.1	4.79	22
v052	v124	34.0	4.79	22
v052	v165	46.2	6.26	22
v052	v118	41.2	8.17	21
v053	v081	74.0	1.65e-117	412
v053	v062	74.8	5.85e-115	404
v053	v072	70.9	6.93e-108	380
v053	v064	70.0	5.87e-107	377
v053	v054	69.5	1.6e-104	369
v053	v080	68.3	8.77e-103	363
v053	v078	64.2	2.64e-99	352
v053	v074	65.6	1.31e-98	349
v053	v073	62.2	6.09e-96	341
v053	v087	62.7	5.7e-94	334
v053	v057	62.9	5.33e-92	327
v053	v056	62.5	6.96e-92	327
v053	v055	62.3	1.19e-91	326
v053	v058	56.0	5.18e-79	284
v053	v069	53.2	1.97e-78	282
v053	v083	55.4	1.32e-74	270
v053	v070	53.3	1.32e-74	270
v053	v068	50.6	1.72e-74	269
v053	v066	51.3	8.55e-74	267
v053	v077	50.0	2.33e-71	259
v053	v076	49.1	4.39e-70	255
v053	v060	48.5	4.86e-69	251
v053	v061	47.7	5.37e-68	248
v053	v086	47.3	5.94e-67	244
v053	v071	47.0	5.02e-66	241
v053	v059	47.0	1.12e-65	240
v053	v089	45.5	1.24e-64	236
v053	v075	47.4	5.2e-63	231
v053	v088	44.9	1.51e-62	230
v053	v082	34.5	1.58e-35	140
v053	v067	33.6	4.29e-33	132
v053	v079	32.2	1.53e-30	123
v053	v063	26.8	1.69e-21	93
v053	v090	27.0	4.04e-15	72
v053	v134	24.8	2.01e-06	43
v053	v120	21.8	0.00122	34
v053	v085	25.6	0.00354	32
v053	v096	34.0	0.00463	32
v053	v097	26.6	0.00605	32
v053	v135	44.4	0.023	30
v053	v065	23.9	0.0512	28
v053	v093	26.9	0.0669	28
v053	v127	20.1	0.195	27
v053	v110	28.1	0.433	25
v053	v121	18.3	1.26	24
v053	v100	31.0	1.65	23
v053	v119	18.3	1.65	23
v053	v162	22.9	2.81	23
v053	v148	21.5	4.79	22
v053	v107	50.0	4.79	22
v053	v112	37.9	6.26	22
v053	v212	26.2	8.17	21
v053	v118	41.2	8.17	21
v054	v062	70.2	2.9e-106	375
v054	v081	68.2	1.35e-103	366
v054	v080	64.9	9.99e-99	350
v054	v078	65.7	1.31e-98	349
v054	v072	65.3	1.44e-97	346
v054	v064	61.8	1.49e-94	336
v054	v056	63.5	1.65e-93	332
v054	v057	63.5	2.82e-93	332
v054	v055	63.1	1.4e-92	329
v054	v087	63.3	2.02e-91	325
v054	v074	60.7	1e-90	323
v054	v073	59.1	1.77e-87	312
v054	v058	53.3	4.23e-73	265
v054	v069	51.2	3.03e-71	258
v054	v083	51.9	8.81e-71	257
v054	v070	49.1	8.81e-71	257
v054	v068	49.4	2.84e-69	252
v054	v076	48.3	3.14e-68	248
v054	v066	48.1	1.19e-67	247
v054	v077	46.1	8.54e-66	240
v054	v061	45.9	3.24e-65	238
v054	v059	44.9	1.78e-63	233
v054	v086	45.7	2.33e-63	232
v054	v075	46.6	8.84e-63	230
v054	v089	43.4	2.18e-61	226
v054	v071	43.4	3.71e-61	225
v054	v060	44.3	8.27e-61	224
v054	v088	44.2	5.93e-59	218
v054	v067	33.7	9.53e-33	131
v054	v082	33.2	3.62e-32	129
v054	v079	31.0	4.14e-28	115
v054	v063	28.4	9.55e-25	104
v054	v090	27.5	2.7e-11	59
v054	v134	27.3	1.64e-08	50
v054	v108	30.8	0.000143	37
v054	v097	31.3	0.00159	33
v054	v085	26.5	0.00159	33
v054	v110	29.5	0.00787	31
v054	v096	26.7	0.0103	31
v054	v120	24.1	0.0134	30
v054	v085	22.9	0.0229	30
v054	v135	32.1	0.0299	29
v054	v105	26.9	0.051	28
v054	v127	24.2	0.051	28
v054	v136	36.4	0.331	26
v054	v163	24.1	0.331	26
v054	v098	26.7	0.432	25
v054	v115	61.5	0.962	24
v054	v116	61.5	0.962	24
v054	v208	23.8	1.26	24
v054	v113	26.8	1.26	24
v054	v164	27.7	1.64	23
v054	v161	30.8	2.14	23
v054	v121	17.7	3.65	22
v054	v118	50.0	4.77	22
v054	v165	45.5	4.77	22
v054	v119	18.5	4.77	22
v055	v057	98.4	3.59e-149	517
v055	v056	97.7	3.04e-148	514
v055	v062	64.1	1.75e-95	339
v055	v081	62.9	2.14e-93	332
v055	v064	56.3	2.37e-84	302
v055	v073	54.9	3.79e-82	295
v055	v074	57.1	3.79e-82	295
v055	v072	56.2	3.2e-81	292
v055	v078	55.0	1.22e-80	290
v055	v087	56.2	3.54e-80	288
v055	v058	56.8	1.03e-79	287
v055	v080	54.2	6.25e-77	277
v055	v089	48.1	7.4e-70	254
v055	v068	47.2	9.05e-68	247
v055	v086	46.2	1.18e-67	247
v055	v077	46.3	1.31e-66	243
v055	v071	45.2	1.31e-66	243
v055	v066	46.4	2.91e-66	242
v055	v059	45.5	8.47e-66	240
v055	v076	45.7	1.11e-65	240
v055	v075	48.6	2.46e-65	239
v055	v061	45.3	4.2e-65	238
v055	v060	45.0	3.01e-63	232
v055	v069	46.3	5.14e-63	231
v055	v083	48.3	9.69e-62	227
v055	v070	46.1	5.32e-60	221
v055	v088	39.8	6.96e-52	194
v055	v082	36.0	5.92e-35	138
v055	v067	34.9	1.05e-31	127
v055	v079	31.3	3.26e-25	106
v055	v063	30.9	1.79e-23	100
v055	v090	24.1	3.27e-09	52
v055	v134	24.5	1.16e-06	44
v055	v105	34.2	0.000317	36
v055	v127	25.2	0.000414	35
v055	v108	25.5	0.00458	32
v055	v110	33.3	0.00598	32
v055	v138	24.8	0.0863	28
v055	v085	34.1	0.147	27
v055	v110	32.4	0.559	25
v055	v120	21.3	1.25	24
v055	v126	33.3	1.25	24
v055	v107	52.2	1.63	23
v055	v136	36.4	1.63	23
v055	v144	52.0	3.63	22
v055	v142	52.0	3.63	22
v055	v135	26.2	3.63	22
v056	v057	98.4	2.75e-149	518
v056	v062	64.7	6.02e-96	341
v056	v081	64.3	1.13e-94	336
v056	v064	57.9	4.32e-86	308
v056	v073	56.0	1.54e-83	299
v056	v074	57.1	4.94e-82	294
v056	v058	58.3	4.94e-82	294
v056	v072	56.4	1.44e-81	293
v056	v087	56.6	1.44e-81	293
v056	v078	55.4	5.47e-81	291
v056	v080	54.6	1.26e-77	280
v056	v089	48.0	1.65e-69	253
v056	v068	48.0	1.07e-68	250
v056	v066	47.6	1.18e-67	247
v056	v077	46.6	2.63e-67	245
v056	v086	46.2	2.63e-67	245
v056	v061	46.3	5.87e-67	244
v056	v071	45.2	7.66e-67	244
v056	v075	49.8	1.71e-66	243
v056	v059	45.5	4.97e-66	241
v056	v076	46.1	8.47e-66	240
v056	v060	45.6	2.73e-64	235
v056	v069	46.3	6.07e-64	234
v056	v083	49.0	5.14e-63	231
v056	v070	46.8	6.28e-61	224
v056	v088	40.6	1.07e-52	197
v056	v082	36.0	3.47e-35	139
v056	v067	35.3	2.75e-32	129
v056	v079	32.1	2.26e-26	109
v056	v063	31.1	3.6e-24	102
v056	v090	24.3	5.58e-09	52
v056	v134	25.2	2.34e-07	46
v056	v127	25.5	1.68e-05	40
v056	v105	35.4	0.000109	37
v056	v108	26.4	0.00157	33
v056	v065	26.9	0.00781	31
v056	v133	22.6	0.0102	31
v056	v110	30.9	0.0102	31
v056	v138	25.7	0.0174	30
v056	v085	36.6	0.0297	29
v056	v097	29.9	0.147	27
v056	v120	23.0	0.147	27
v056	v136	39.4	0.328	26
v056	v110	31.6	0.428	25
v056	v126	33.3	0.731	25
v056	v107	62.5	0.954	24
v056	v135	24.6	2.13	23
v056	v142	52.0	3.63	22
v056	v144	52.0	3.63	22
v056	v106	52.2	8.08	21
v057	v062	64.7	3.53e-96	341
v057	v081	64.0	4.31e-94	334
v057	v064	57.1	2.14e-85	305
v057	v074	57.9	3.42e-83	298
v057	v073	55.3	7.63e-83	297
v057	v072	56.8	1.1e-81	293
v057	v078	55.4	1.88e-81	292
v057	v058	57.9	3.2e-81	292
v057	v087	55.9	4.63e-80	288
v057	v080	55.0	5.66e-78	281
v057	v089	48.0	5.67e-70	254
v057	v068	47.6	1.4e-68	250
v057	v086	46.2	1.18e-67	247
v057	v066	47.2	1.54e-67	246
v057	v077	46.6	2.63e-67	245
v057	v071	45.2	1.31e-66	243
v057	v076	46.1	1.71e-66	243
v057	v061	45.5	4.97e-66	241
v057	v059	45.5	8.47e-66	240
v057	v075	48.6	1.45e-65	240
v057	v060	44.9	2.31e-63	232
v057	v083	48.8	6.71e-63	231
v057	v069	45.9	8.77e-63	230
v057	v070	45.7	5.32e-60	221
v057	v088	39.8	5.33e-52	195
v057	v082	36.8	3.14e-36	142
v057	v067	35.7	5.54e-33	131
v057	v063	31.4	3.6e-24	102
v057	v079	30.3	1.05e-23	101
v057	v090	24.3	3.27e-09	52
v057	v134	24.5	4e-07	45
v057	v105	34.2	0.000186	37
v057	v127	24.8	0.000706	35
v057	v108	31.1	0.00598	32
v057	v110	31.8	0.00598	32
v057	v065	26.9	0.0102	31
v057	v085	36.6	0.0297	29
v057	v138	24.8	0.0297	29
v057	v120	22.1	0.251	26
v057	v097	29.0	0.251	26
v057	v136	39.4	0.328	26
v057	v110	31.6	0.428	25
v057	v126	33.3	0.731	25
v057	v107	62.5	0.954	24
v057	v135	26.2	3.63	22
v057	v106	52.2	8.08	21
v058	v081	51.7	4.4e-82	295
v058	v073	53.7	8.31e-81	290
v058	v080	51.2	1.2e-79	287
v058	v087	53.3	7.77e-79	284
v058	v062	54.8	3.86e-78	282
v058	v074	51.7	1.91e-77	279
v058	v072	50.3	4.72e-76	275
v058	v064	51.2	3.5e-71	258
v058	v083	50.0	8.61e-70	254
v058	v078	46.6	9.52e-69	250
v058	v075	45.7	4.14e-64	235
v058	v068	41.9	6.61e-62	228
v058	v070	44.7	8.63e-62	227
v058	v066	42.8	7.31e-61	224
v058	v089	40.6	1.38e-59	220
v058	v077	39.8	3.4e-58	215
v058	v071	39.6	4.43e-58	215
v058	v069	43.8	6.4e-57	211
v058	v086	40.4	7.08e-56	208
v058	v076	39.2	9.25e-56	207
v058	v059	39.0	2.06e-55	206
v058	v061	38.1	5.07e-54	201
v058	v060	37.7	5.61e-53	198
v058	v088	38.7	4.44e-50	188
v058	v067	34.6	9e-35	138
v058	v082	33.1	3.2e-32	129
v058	v079	28.6	2.22e-25	106
v058	v063	29.6	3e-22	96
v058	v090	26.8	1.11e-08	51
v058	v133	28.6	0.00312	33
v058	v108	26.4	0.0202	30
v058	v123	36.7	0.0451	29
v058	v085	23.7	0.0451	29
v058	v065	34.0	0.0589	28
v058	v193	23.8	0.224	27
v058	v123	35.3	0.498	25
v058	v186	23.8	0.651	25
v058	v132	33.3	1.11	24
v058	v140	24.7	1.89	23
v058	v143	31.2	3.23	23
v058	v205	37.3	5.51	22
v059	v071	80.9	1.25e-145	506
v059	v086	85.3	5.45e-141	490
v059	v089	56.1	1.08e-96	343
v059	v077	56.0	3.13e-96	342
v059	v066	55.3	6.97e-96	341
v059	v068	54.1	1.01e-94	337
v059	v076	53.2	4.68e-92	328
v059	v060	52.8	6.11e-92	327
v059	v061	53.1	1.36e-91	326
v059	v075	52.3	1.01e-78	283
v059	v070	47.3	1.42e-72	263
v059	v062	50.4	7.77e-71	257
v059	v080	46.2	1.32e-70	257
v059	v081	46.3	5.03e-70	255
v059	v074	45.5	5.57e-69	251
v059	v078	42.2	3.16e-64	235
v059	v069	45.4	3.16e-64	235
v059	v064	45.1	7.04e-64	234
v059	v072	39.3	2.5e-61	226
v059	v073	42.1	1.24e-60	223
v059	v087	40.2	2.43e-56	209
v059	v088	43.6	8.63e-54	201
v059	v083	38.7	2.06e-47	179
v059	v067	34.0	7.57e-42	161
v059	v082	32.8	1.58e-39	153
v059	v079	31.6	2.21e-33	133
v059	v063	28.6	1.39e-27	114
v059	v090	25.9	6.25e-12	62
v059	v133	23.8	5.67e-05	39
v059	v085	26.4	0.00311	33
v059	v138	22.4	0.00693	32
v059	v096	33.3	0.0154	30
v059	v131	21.8	0.649	25
v059	v072	34.2	7.17	22
v059	v085	21.5	7.17	22
v060	v061	73.1	1.57e-138	482
v060	v066	68.0	5.81e-125	437
v060	v068	66.8	4.6e-122	428
v060	v076	66.3	1.34e-121	426
v060	v077	66.5	3.65e-119	418
v060	v089	57.6	2.15e-103	366
v060	v071	57.7	7.16e-91	324
v060	v086	56.2	3.33e-88	315
v060	v070	50.4	1.23e-74	270
v060	v074	44.3	5.9e-69	251
v060	v078	47.4	6.52e-68	248
v060	v081	45.7	8.52e-68	247
v060	v080	47.0	4.68e-66	242
v060	v064	47.6	7.98e-66	241
v060	v062	47.8	1.36e-65	240
v060	v072	41.6	5.72e-64	235
v060	v075	46.6	1.41e-62	230
v060	v073	45.0	7.23e-59	218
v060	v069	44.2	3.04e-57	212
v060	v087	41.1	6.77e-57	211
v060	v088	42.2	1.61e-50	190
v060	v067	40.2	3.98e-49	185
v060	v082	39.0	3.98e-49	185
v060	v083	38.4	5.74e-48	181
v060	v079	30.5	3.87e-28	116
v060	v063	26.6	3.51e-21	92
v060	v090	26.6	8.37e-15	71
v060	v133	23.1	3.52e-05	39
v060	v105	28.9	0.00039	36
v060	v096	34.0	0.0164	30
v060	v085	45.9	0.0365	29
v060	v097	22.4	0.403	26
v060	v135	28.0	1.17	24
v060	v110	25.7	1.53	24
v060	v127	19.4	2	23
v060	v131	26.2	7.61	22
v061	v076	71.9	2.71e-127	445
v061	v066	71.6	3.53e-127	445
v061	v068	71.3	1.14e-125	439
v061	v077	68.4	1.48e-125	439
v061	v089	62.8	6.47e-113	397
v061	v071	55.2	1.77e-94	336
v061	v086	56.9	4.08e-91	325
v061	v070	46.3	2.66e-74	269
v061	v081	47.1	1.04e-70	257
v061	v074	46.1	6.77e-70	254
v061	v078	45.3	2.57e-69	252
v061	v064	48.7	1.67e-68	250
v061	v062	47.7	1.2e-66	243
v061	v072	45.3	1.73e-65	240
v061	v080	45.9	4.25e-64	235
v061	v075	46.2	7.25e-64	234
v061	v073	46.5	4.86e-60	221
v061	v069	41.0	3.15e-59	219
v061	v087	41.0	4.55e-58	215
v061	v088	43.3	1.79e-54	203
v061	v082	40.1	2.27e-49	186
v061	v067	38.6	4e-46	175
v061	v083	36.9	7.06e-43	164
v061	v079	30.8	5.6e-32	128
v061	v063	27.6	1.13e-24	104
v061	v090	27.8	3.3e-16	76
v061	v105	31.2	2.01e-05	40
v061	v133	23.5	2.62e-05	40
v061	v085	29.0	0.00017	37
v061	v108	27.8	0.0354	29
v061	v127	26.7	0.0463	29
v061	v096	31.9	0.135	27
v061	v097	24.7	0.135	27
v061	v135	34.0	0.3	26
v061	v110	27.5	0.392	26
v061	v197	30.6	0.512	25
v061	v115	43.3	1.49	24
v061	v126	39.3	2.54	23
v061	v116	27.5	4.33	22
v061	v136	41.9	5.66	22
v061	v113	35.7	5.66	22
v061	v085	23.7	5.66	22
v061	v117	40.7	5.66	22
v061	v200	23.9	7.39	22
v061	v113	40.7	7.39	22
v061	v115	40.7	9.65	21
v062	v081	78.2	1.32e-122	429
v062	v064	69.6	1.01e-106	376
v062	v072	68.8	2.49e-105	372
v062	v087	69.6	8.87e-103	363
v062	v078	64.6	3.86e-98	348
v062	v080	62.4	1.37e-95	339
v062	v073	60.7	8.32e-93	330
v062	v074	62.5	1.09e-92	330
v062	v069	56.0	3.28e-81	292
v062	v068	53.7	4.9e-77	278
v062	v076	52.6	4.15e-76	275
v062	v077	51.9	2.06e-75	272
v062	v066	52.2	7.82e-75	270
v062	v070	49.6	3.88e-74	268
v062	v083	51.2	7.32e-73	264
v062	v075	50.4	1.43e-68	250
v062	v086	49.1	7.09e-68	247
v062	v089	47.7	1.58e-67	246
v062	v071	47.3	3.89e-66	242
v062	v088	47.3	8.11e-64	234
v062	v079	34.4	6.7e-34	134
v062	v067	32.4	3.68e-32	129
v062	v082	32.6	1.4e-31	127
v062	v063	28.4	1.45e-20	90
v062	v090	26.2	9.41e-12	61
v062	v134	26.4	1.08e-07	47
v062	v133	28.1	2.93e-05	39
v062	v120	26.7	8.53e-05	38
v062	v190	23.0	0.000111	37
v062	v085	27.1	0.000248	36
v062	v085	27.9	0.000553	35
v062	v065	26.2	0.0021	33
v062	v098	22.8	0.00799	31
v062	v127	25.0	0.0304	29
v062	v096	23.6	0.0304	29
v062	v135	35.4	0.0676	28
v062	v121	20.2	0.151	27
v062	v119	20.2	0.197	27
v062	v136	35.6	0.336	26
v062	v093	31.1	1.67	23
v062	v118	42.9	4.85	22
v062	v162	26.2	6.33	22
v062	v159	32.3	6.33	22
v062	v107	34.7	6.33	22
v062	v100	24.6	6.33	22
v062	v122	52.9	8.27	21
v062	v113	42.9	8.27	21
v063	v070	29.9	3.34e-31	126
v063	v069	28.6	6.96e-29	118
v063	v089	28.4	7.69e-28	114
v063	v066	29.5	4.22e-26	109
v063	v068	29.8	7.2e-26	108
v063	v080	30.8	2.1e-25	106
v063	v071	27.7	2.74e-25	106
v063	v076	30.4	7.96e-25	104
v063	v078	30.7	1.04e-24	104
v063	v075	29.5	1.36e-24	104
v063	v077	30.1	1.77e-24	103
v063	v086	28.1	3.03e-24	102
v063	v082	32.1	3.03e-24	102
v063	v067	30.3	6.74e-24	101
v063	v083	27.1	1.5e-23	100
v063	v088	26.2	4.37e-23	99
v063	v072	27.2	2.83e-22	96
v063	v081	26.6	1.41e-21	94
v063	v087	27.6	1.41e-21	94
v063	v064	28.0	1.41e-21	94
v063	v074	27.5	1.84e-21	93
v063	v073	27.1	5.34e-21	92
v063	v079	26.6	1.78e-16	77
v063	v090	25.4	1.56e-12	64
v063	v105	28.2	0.00012	37
v063	v134	22.7	0.00225	33
v063	v085	26.0	0.00294	33
v063	v091	24.2	0.0725	28
v063	v127	18.8	0.36	26
v063	v209	43.2	0.802	25
v063	v115	25.0	1.79	23
v063	v097	24.5	2.33	23
v063	v138	27.8	2.33	23
v063	v108	40.7	5.2	22
v063	v116	28.3	5.2	22
v063	v107	40.9	8.86	21
v063	v137	25.9	8.86	21
v064	v081	73.5	3.17e-113	398
v064	v080	64.7	1.87e-97	346
v064	v074	66.7	2.44e-97	345
v064	v072	63.5	7.86e-96	340
v064	v078	61.9	1.34e-95	339
v064	v087	63.3	8.13e-93	330
v064	v073	57.3	3.91e-87	311
v064	v069	53.9	1.14e-78	283
v064	v068	51.5	3.79e-74	268
v064	v077	50.8	3.21e-73	265
v064	v066	50.9	1.59e-72	263
v064	v076	49.3	7.4e-70	254
v064	v070	48.3	6.27e-69	251
v064	v088	49.2	1e-66	243
v064	v083	50.2	3.8e-66	242
v064	v089	47.5	8.47e-66	240
v064	v086	45.5	1.11e-65	240
v064	v071	44.0	3.01e-63	232
v064	v075	49.2	1.5e-62	230
v064	v082	32.9	1.05e-31	127
v064	v067	31.5	2.18e-29	119
v064	v079	32.2	2.41e-28	116
v064	v090	29.9	3.06e-15	72
v064	v134	25.4	1.37e-07	47
v064	v085	30.7	5.78e-06	42
v064	v120	26.8	8.34e-05	38
v064	v085	30.9	0.000317	36
v064	v133	23.9	0.000541	35
v064	v065	25.4	0.0102	31
v064	v096	20.5	0.0227	30
v064	v121	19.1	0.0661	28
v064	v119	20.0	0.113	27
v064	v107	34.4	0.251	26
v064	v127	27.6	0.328	26
v064	v135	35.6	0.428	25
v064	v163	28.4	0.731	25
v064	v136	40.0	2.13	23
v064	v193	25.3	3.63	22
v064	v186	25.2	4.74	22
v064	v128	33.3	4.74	22
v064	v137	38.5	6.19	22
v064	v093	28.9	6.19	22
v064	v161	24.1	8.08	21
v064	v164	24.1	8.08	21
v065	v138	27.3	1.55e-19	87
v065	v135	25.1	7.19e-17	78
v065	v133	26.8	6.1e-08	48
v065	v080	28.4	3.95e-07	45
v065	v085	25.6	3.35e-06	42
v065	v074	28.4	4.37e-06	42
v065	v081	25.0	0.000313	36
v065	v072	27.9	0.000409	35
v065	v069	28.0	0.00119	34
v065	v097	27.8	0.00155	33
v065	v078	25.9	0.00452	32
v065	v087	23.8	0.0224	30
v065	v168	22.5	0.0293	29
v065	v134	26.2	0.0383	29
v065	v073	22.1	0.0853	28
v065	v166	25.4	0.111	27
v065	v167	25.4	0.111	27
v065	v083	22.5	0.111	27
v065	v177	28.9	0.248	26
v065	v075	24.1	0.423	25
v065	v130	42.1	3.58	22
v065	v188	27.1	3.58	22
v065	v130	24.6	4.68	22
v065	v169	47.8	4.68	22
v066	v068	92.1	1.18e-167	579
v066	v077	82.9	5.89e-151	523
v066	v076	78.3	8.25e-137	476
v066	v089	61.1	6.16e-108	381
v066	v071	55.4	3.39e-98	348
v066	v086	59.8	2.2e-97	346
v066	v070	49.8	4.31e-77	278
v066	v078	49.0	1.06e-75	273
v066	v081	50.9	2.36e-75	272
v066	v074	47.8	9.93e-74	267
v066	v080	46.5	2.21e-73	266
v066	v072	44.1	3.31e-69	252
v066	v075	50.2	1.26e-68	250
v066	v073	46.6	2.01e-66	243
v066	v087	42.3	4.62e-63	231
v066	v069	46.2	6.25e-60	221
v066	v088	41.9	2.08e-55	206
v066	v067	39.3	3.68e-44	169
v066	v082	35.4	4.81e-44	168
v066	v083	37.2	2.39e-43	166
v066	v079	32.6	5.33e-35	138
v066	v090	26.2	3.04e-14	69
v066	v085	31.5	7.5e-05	38
v066	v133	23.4	0.000486	35
v066	v085	27.5	0.000635	35
v066	v200	20.1	0.0777	28
v066	v096	32.8	0.226	27
v066	v085	24.6	1.91	23
v066	v131	28.6	4.26	22
v066	v135	32.7	5.56	22
v067	v082	60.8	4.96e-136	474
v067	v071	35.6	6.23e-46	175
v067	v089	39.8	4.04e-45	172
v067	v070	36.6	6.88e-45	171
v067	v068	39.3	8.99e-45	171
v067	v086	37.5	4.46e-44	169
v067	v077	37.3	4.93e-43	165
v067	v076	35.7	2.45e-42	163
v067	v075	37.6	1.82e-37	147
v067	v079	33.9	1.7e-35	140
v067	v069	35.1	1.35e-32	131
v067	v073	30.3	2.3e-32	130
v067	v074	35.0	8.73e-32	128
v067	v087	34.9	1.14e-31	127
v067	v081	32.0	1.49e-31	127
v067	v078	32.1	1.94e-31	127
v067	v083	32.5	2.81e-30	123
v067	v080	34.8	3.67e-30	122
v067	v088	29.1	4.2e-26	109
v067	v072	29.8	8.75e-24	101
v067	v090	25.9	6.5e-11	59
v067	v103	27.1	9.72e-07	45
v067	v085	27.3	0.00131	34
v067	v126	27.3	0.123	28
v067	v123	30.5	0.61	25
v067	v148	28.2	3.03	23
v067	v151	50.0	3.95	23
v067	v124	38.5	8.81	22
v067	v125	31.7	8.81	22
v068	v077	84.5	3.69e-153	531
v068	v076	76.6	1.66e-137	479
v068	v089	60.7	6.16e-108	381
v068	v086	59.8	1.17e-98	350
v068	v071	54.5	4.43e-98	348
v068	v070	52.0	3.9e-78	282
v068	v080	49.0	7.35e-77	277
v068	v081	52.8	2.14e-76	276
v068	v078	48.5	6.22e-76	274
v068	v074	49.5	6.22e-76	274
v068	v072	46.2	1.75e-70	256
v068	v075	51.9	5.1e-70	255
v068	v073	45.2	3.09e-67	245
v068	v087	42.5	2.71e-63	232
v068	v069	47.7	1.14e-61	227
v068	v088	43.8	3.79e-57	212
v068	v082	36.2	7.42e-45	171
v068	v083	36.8	1.07e-43	167
v068	v079	31.5	5.33e-35	138
v068	v090	26.7	6.12e-15	72
v068	v085	31.5	7.5e-05	38
v068	v085	27.5	0.00108	34
v068	v133	24.6	0.00185	33
v068	v096	32.7	0.295	26
v068	v200	20.5	0.295	26
v068	v135	32.1	0.385	26
v068	v095	21.4	0.385	26
v068	v094	20.6	1.12	24
v068	v085	24.6	2.5	23
v068	v131	28.6	7.27	22
v069	v080	57.2	2.03e-89	319
v069	v074	55.0	3.25e-87	312
v069	v088	56.6	4.24e-87	311
v069	v081	56.2	3.04e-85	305
v069	v070	47.8	4.4e-76	275
v069	v078	49.5	2.85e-75	272
v069	v087	51.6	4.26e-71	258
v069	v072	47.6	1.62e-70	256
v069	v075	45.8	1.57e-65	240
v069	v086	46.4	1.73e-64	236
v069	v077	46.5	1.37e-61	226
v069	v071	43.0	2.34e-61	226
v069	v089	46.4	4e-61	225
v069	v076	42.9	7.54e-60	221
v069	v073	44.3	1.29e-59	220
v069	v083	40.2	1.58e-49	186
v069	v082	33.5	4.31e-31	125
v069	v079	33.2	1.39e-29	120
v069	v090	25.5	2.3e-16	76
v069	v120	23.8	0.000154	37
v069	v190	23.3	0.000344	36
v069	v110	29.8	0.00497	32
v069	v107	23.4	0.0145	30
v069	v124	26.2	0.0247	30
v069	v108	25.1	0.0247	30
v069	v123	29.8	0.0322	29
v069	v127	22.6	0.0937	28
v069	v127	25.2	0.209	27
v069	v085	23.0	0.356	26
v069	v138	25.5	1.04	24
v069	v133	31.9	1.77	23
v069	v135	42.3	1.77	23
v069	v132	21.7	2.31	23
v069	v106	32.4	3.94	22
v069	v118	50.0	5.14	22
v069	v102	34.4	6.71	22
v070	v077	47.5	9.28e-77	277
v070	v080	48.3	2.7e-76	275
v070	v074	49.0	2.29e-75	272
v070	v089	47.2	2.29e-75	272
v070	v076	49.6	1.94e-74	269
v070	v071	47.9	3.65e-73	265
v070	v081	47.8	1.81e-72	263
v070	v075	47.3	5.27e-72	261
v070	v086	47.5	1.53e-71	260
v070	v078	46.7	2e-71	259
v070	v088	46.2	2.45e-69	252
v070	v072	43.5	3.1e-64	235
v070	v073	43.3	6.9e-64	234
v070	v087	43.0	4.94e-62	228
v070	v083	41.7	1.49e-50	190
v070	v082	33.2	1.4e-40	157
v070	v079	33.6	1.27e-33	134
v070	v090	28.3	4.1e-16	75
v070	v133	23.9	0.00047	35
v070	v110	26.6	0.00679	32
v070	v085	26.0	0.00887	31
v070	v127	23.1	0.0198	30
v070	v120	24.1	0.0337	29
v070	v138	27.0	0.0751	28
v070	v135	32.1	0.218	27
v070	v123	25.2	0.285	26
v070	v124	26.9	0.373	26
v070	v093	25.0	0.487	25
v070	v194	32.8	0.636	25
v070	v091	51.9	0.83	25
v070	v126	33.8	1.42	24
v070	v212	34.8	4.12	22
v070	v107	50.0	5.38	22
v071	v086	86.4	4.29e-146	507
v071	v089	55.9	3.02e-99	352
v071	v077	55.5	4.35e-98	348
v071	v076	53.9	1.5e-90	323
v071	v075	49.5	3.24e-77	278
v071	v074	44.9	5.55e-69	251
v071	v080	44.4	2.11e-68	249
v071	v081	48.9	1.05e-67	247
v071	v078	41.8	1.2e-63	233
v071	v073	43.2	1.12e-61	227
v071	v072	40.3	5.56e-61	225
v071	v087	37.5	8.31e-57	211
v071	v088	44.6	2.67e-55	206
v071	v082	34.9	1.24e-44	170
v071	v083	38.3	3.62e-44	169
v071	v079	29.2	1.58e-31	127
v071	v090	25.4	2.14e-12	63
v071	v133	23.9	5.65e-05	39
v071	v085	43.2	0.00139	34
v071	v138	22.7	0.0764	28
v071	v096	31.0	0.379	26
v071	v147	21.8	1.88	23
v071	v085	21.5	7.15	22
v071	v131	21.2	7.15	22
v072	v081	61.7	4.26e-104	368
v072	v074	61.5	4.41e-101	358
v072	v078	60.4	3.73e-100	355
v072	v080	58.4	1.42e-99	353
v072	v087	59.4	5.22e-94	334
v072	v073	55.9	1.24e-87	313
v072	v083	50.2	5.61e-72	261
v072	v076	45.9	1.81e-70	256
v072	v077	44.8	3.4e-69	252
v072	v089	41.0	8.12e-63	231
v072	v075	43.5	5.82e-61	225
v072	v086	40.9	6.44e-60	221
v072	v088	42.9	2.7e-58	216
v072	v082	31.2	7.18e-27	111
v072	v079	29.5	1.15e-24	104
v072	v090	27.3	8.24e-15	71
v072	v134	22.9	9.75e-08	48
v072	v108	29.9	2.4e-06	43
v072	v120	23.6	6.99e-06	42
v072	v085	26.5	7.73e-05	38
v072	v097	24.1	0.00112	34
v072	v121	21.1	0.00325	33
v072	v119	21.1	0.00424	32
v072	v127	23.3	0.00945	31
v072	v107	24.2	0.00945	31
v072	v110	25.5	0.021	30
v072	v161	20.6	0.104	28
v072	v164	19.9	0.178	27
v072	v135	31.2	0.233	27
v072	v163	22.1	0.518	25
v072	v143	51.7	1.15	24
v072	v151	51.7	1.15	24
v072	v116	28.6	1.51	24
v072	v093	30.2	1.97	23
v072	v162	31.6	2.57	23
v072	v136	38.7	3.36	23
v072	v165	23.8	3.36	23
v072	v118	50.0	5.73	22
v072	v113	58.3	5.73	22
v072	v115	27.6	5.73	22
v072	v123	46.7	9.78	21
v073	v081	57.3	1.57e-95	339
v073	v078	54.1	1.75e-86	309
v073	v087	52.7	1.48e-85	306
v073	v074	54.5	1.81e-83	299
v073	v080	50.3	8.39e-81	290
v073	v083	53.8	3.2e-72	262
v073	v077	44.8	3.42e-66	242
v073	v086	46.5	3.2e-64	235
v073	v076	45.5	2.08e-63	233
v073	v075	45.0	7.89e-63	231
v073	v089	43.2	6.47e-57	211
v073	v088	41.9	9.34e-56	207
v073	v082	33.3	6.51e-33	131
v073	v079	27.0	1.11e-24	104
v073	v090	25.2	1.84e-11	60
v073	v108	30.4	9.8e-05	38
v073	v085	27.2	0.00108	34
v073	v135	31.9	0.00315	33
v073	v133	30.2	0.00538	32
v073	v105	28.3	0.00538	32
v073	v120	27.9	0.0267	30
v073	v110	24.2	0.0349	29
v073	v133	26.3	0.0455	29
v073	v097	27.8	0.0595	28
v073	v127	22.7	0.295	26
v073	v118	25.9	1.12	24
v073	v115	61.5	1.12	24
v073	v116	61.5	1.12	24
v073	v136	28.7	2.5	23
v073	v114	25.0	2.5	23
v073	v121	25.7	3.26	23
v073	v119	25.2	3.26	23
v073	v113	50.0	5.56	22
v073	v112	24.4	7.27	22
v074	v080	75.8	4.27e-127	444
v074	v081	61.8	2.36e-101	359
v074	v087	58.1	3.2e-90	322
v074	v078	57.2	2.07e-89	319
v074	v089	47.2	5.48e-74	268
v074	v077	47.3	6.05e-73	264
v074	v086	46.7	9.67e-71	257
v074	v088	50.0	1.82e-69	253
v074	v076	45.7	2.38e-69	252
v074	v075	47.9	2.23e-67	246
v074	v083	47.4	2.46e-66	242
v074	v082	36.2	3.84e-35	139
v074	v079	33.2	3.15e-29	119
v074	v090	27.3	1.52e-15	74
v074	v134	28.6	6.82e-08	48
v074	v127	25.2	7.06e-05	38
v074	v085	25.9	0.000205	37
v074	v092	23.8	0.00227	33
v074	v137	25.8	0.00387	32
v074	v110	30.6	0.0066	32
v074	v096	33.3	0.00863	31
v074	v097	27.8	0.0328	29
v074	v135	39.6	0.0559	28
v074	v085	25.7	0.073	28
v074	v108	24.5	0.125	27
v074	v161	23.9	0.362	26
v074	v164	24.0	0.362	26
v074	v113	22.9	0.807	25
v074	v095	26.4	1.05	24
v074	v094	26.3	1.38	24
v074	v165	25.9	1.8	23
v074	v136	38.5	2.35	23
v074	v118	50.0	4.01	22
v074	v123	26.3	5.23	22
v074	v119	34.5	5.23	22
v074	v121	34.5	5.23	22
v074	v115	42.9	6.83	22
v074	v116	42.9	6.83	22
v074	v143	37.5	6.83	22
v074	v151	37.5	6.83	22
v074	v193	28.2	8.93	21
v074	v186	28.2	8.93	21
v075	v086	54.9	9.8e-76	273
v075	v089	55.0	1.32e-72	263
v075	v080	48.9	6.8e-69	251
v075	v076	49.6	6.8e-69	251
v075	v077	49.8	1.52e-68	250
v075	v081	49.4	4.41e-68	248
v075	v087	44.7	4.56e-65	238
v075	v078	46.4	1.62e-62	230
v075	v088	40.0	2.27e-56	209
v075	v083	38.1	6.85e-45	171
v075	v079	35.2	1.69e-35	140
v075	v082	34.1	2.44e-34	136
v075	v090	25.7	5.48e-10	55
v075	v085	32.2	0.001	34
v075	v127	22.9	0.00171	33
v075	v125	22.4	0.0145	30
v075	v120	24.4	0.0247	30
v075	v135	35.3	0.0322	29
v075	v127	22.5	0.0549	28
v075	v123	29.2	0.607	25
v075	v133	24.1	1.35	24
v075	v202	32.8	2.31	23
v075	v110	26.5	2.31	23
v075	v168	31.0	3.01	23
v075	v121	23.8	3.94	22
v075	v174	26.7	6.71	22
v076	v077	79.9	3.85e-142	494
v076	v089	59.2	2e-106	376
v076	v086	55.6	2.62e-90	322
v076	v081	46.3	2.23e-73	266
v076	v080	49.3	1.22e-71	260
v076	v078	48.0	2.08e-71	259
v076	v087	41.9	1.15e-61	227
v076	v088	43.3	4.22e-56	208
v076	v083	38.0	8.82e-46	174
v076	v082	34.9	4.1e-43	165
v076	v079	31.4	2.41e-35	139
v076	v090	26.0	1.05e-14	71
v076	v133	26.2	3.39e-05	39
v076	v085	30.8	4.43e-05	39
v076	v085	26.5	0.000835	35
v076	v097	23.6	0.0269	30
v076	v096	28.7	0.102	28
v076	v185	26.4	0.507	25
v076	v127	23.1	0.662	25
v076	v136	45.2	1.93	23
v076	v183	23.3	3.28	23
v076	v082	25.4	4.29	22
v076	v085	22.2	5.6	22
v076	v118	57.1	5.6	22
v077	v089	63.2	3.51e-111	391
v077	v086	59.0	2.21e-97	346
v077	v081	49.8	4.49e-74	268
v077	v080	45.9	6.48e-73	264
v077	v078	45.2	1.14e-69	253
v077	v087	42.2	1.89e-64	236
v077	v088	42.1	3.57e-55	205
v077	v083	38.6	1.96e-45	173
v077	v082	35.6	2.84e-44	169
v077	v079	32.8	2.57e-37	146
v077	v090	27.0	6.16e-15	72
v077	v085	28.2	0.000287	36
v077	v133	23.4	0.00317	33
v077	v096	33.3	0.864	25
v077	v085	26.1	0.864	25
v077	v170	39.3	3.28	23
v077	v127	21.5	4.29	22
v077	v117	37.0	5.6	22
v077	v113	37.0	7.32	22
v077	v114	38.5	9.56	21
v077	v116	37.0	9.56	21
v077	v115	37.0	9.56	21
v078	v081	60.2	4.15e-101	358
v078	v080	56.7	5.43e-93	331
v078	v087	54.8	3.53e-84	302
v078	v086	47.2	7.4e-66	241
v078	v089	42.5	1.65e-65	240
v078	v083	46.9	8.18e-65	237
v078	v088	45.0	2.46e-61	226
v078	v082	30.5	1.66e-33	133
v078	v079	32.6	1.36e-27	114
v078	v090	28.4	1.24e-12	64
v078	v134	27.3	1.33e-06	44
v078	v085	35.3	1.92e-05	40
v078	v133	27.3	4.27e-05	39
v078	v097	29.5	0.00105	34
v078	v105	25.4	0.00179	33
v078	v108	27.8	0.00179	33
v078	v085	28.0	0.00234	33
v078	v096	30.1	0.00234	33
v078	v135	39.6	0.0152	30
v078	v120	26.1	0.0259	30
v078	v093	30.0	0.168	27
v078	v119	27.9	0.219	27
v078	v121	22.1	0.488	25
v078	v127	28.9	0.833	25
v078	v098	23.7	0.833	25
v078	v136	24.1	1.86	23
v078	v113	25.6	4.13	22
v078	v126	28.7	5.4	22
v078	v116	53.8	9.21	21
v078	v115	53.8	9.21	21
v079	v089	33.9	4.52e-36	142
v079	v082	32.8	1.04e-32	131
v079	v080	34.7	1.78e-32	130
v079	v086	31.6	2.32e-32	129
v079	v081	32.2	1.84e-29	120
v079	v087	29.5	7.23e-26	108
v079	v088	31.5	2.1e-25	106
v079	v083	30.1	1.78e-24	103
v079	v090	24.3	2.85e-06	43
v079	v136	31.6	0.0427	29
v079	v085	52.6	0.616	25
v079	v192	38.1	3.06	23
v079	v191	38.1	3.06	23
v080	v081	60.1	3.27e-101	358
v080	v087	56.1	1.57e-87	313
v080	v088	48.1	1.99e-74	269
v080	v089	45.7	7.84e-71	257
v080	v086	48.4	1.75e-70	256
v080	v083	47.1	1.17e-66	243
v080	v082	33.7	1.77e-30	123
v080	v090	27.8	4.37e-13	65
v080	v134	26.8	3.97e-06	42
v080	v120	25.6	5.18e-06	42
v080	v085	25.2	1.97e-05	40
v080	v127	29.4	0.000485	35
v080	v096	38.1	0.00141	34
v080	v110	30.3	0.00314	33
v080	v135	41.7	0.0204	30
v080	v165	27.3	1.12	24
v080	v162	25.5	1.12	24
v080	v193	32.3	5.55	22
v080	v119	26.7	5.55	22
v080	v186	32.3	5.55	22
v080	v118	28.6	7.24	22
v080	v121	32.3	7.24	22
v080	v158	37.1	7.24	22
v080	v107	41.7	7.24	22
v081	v087	65.3	6.55e-105	371
v081	v083	50.9	2.97e-73	265
v081	v086	49.6	4.01e-70	255
v081	v089	49.5	7.56e-69	251
v081	v088	50.4	1.29e-68	250
v081	v082	34.3	9.33e-35	138
v081	v090	28.0	4.81e-15	72
v081	v134	27.3	1.27e-07	47
v081	v120	27.9	5.33e-06	42
v081	v085	28.8	1.19e-05	41
v081	v133	22.7	4.52e-05	39
v081	v085	29.0	0.000382	36
v081	v198	25.7	0.00111	34
v081	v096	30.4	0.00942	31
v081	v194	25.7	0.303	26
v081	v165	26.0	0.517	25
v081	v119	23.3	0.517	25
v081	v107	33.7	0.881	25
v081	v102	24.7	1.15	24
v081	v135	33.3	1.15	24
v081	v121	24.4	1.15	24
v081	v162	38.2	1.5	24
v081	v105	25.0	2.56	23
v081	v144	23.6	3.35	23
v081	v093	31.2	4.37	22
v081	v163	31.2	4.37	22
v081	v142	24.4	9.74	21
v082	v089	39.3	3.63e-46	176
v082	v086	35.9	1.02e-40	158
v082	v087	35.2	4.6e-33	132
v082	v083	31.7	8.12e-30	121
v082	v088	30.9	3.77e-27	112
v082	v090	23.4	5.67e-07	45
v082	v085	28.4	0.00496	32
v082	v148	27.3	0.607	25
v082	v151	24.3	0.792	25
v082	v126	24.4	3.01	23
v083	v087	48.0	7.1e-65	238
v083	v089	38.5	3.1e-44	169
v083	v086	35.8	2.9e-42	163
v083	v088	35.7	8.45e-42	161
v083	v090	26.6	2.4e-12	64
v083	v085	27.7	0.00266	33
v083	v120	22.3	0.00592	32
v083	v137	24.3	0.0132	31
v083	v127	23.2	0.0132	31
v083	v128	25.6	0.0132	31
v083	v121	23.7	0.249	27
v083	v119	37.5	0.424	26
v083	v133	25.7	0.945	25
v083	v149	34.3	1.23	25
v083	v122	26.7	1.23	25
v083	v107	56.5	1.61	24
v083	v182	28.9	2.1	24
v083	v139	24.7	2.75	23
v083	v135	34.1	2.75	23
v083	v123	31.0	2.75	23
v083	v183	29.2	3.59	23
v083	v136	33.3	4.69	23
v084	v085	31.7	6.2e-16	75
v084	v133	25.8	0.0027	33
v084	v134	22.8	0.051	28
v084	v129	23.0	0.087	28
v084	v098	27.1	0.087	28
v084	v136	23.4	1.64	23
v084	v128	39.3	1.64	23
v084	v138	23.1	3.65	22
v085	v138	25.7	6.4e-13	65
v085	v086	23.4	7.57e-06	41
v085	v097	29.1	3.76e-05	39
v085	v128	29.6	3.76e-05	39
v085	v135	24.7	0.000187	37
v085	v087	32.3	0.000244	36
v085	v096	37.5	0.00352	32
v085	v089	27.9	0.006	32
v085	v098	27.3	0.0134	30
v085	v127	42.1	0.252	26
v085	v088	25.2	0.733	25
v085	v135	29.6	0.733	25
v085	v126	55.6	2.13	23
v085	v125	28.6	2.79	23
v085	v086	20.9	6.21	22
v085	v122	32.7	8.11	21
v086	v089	59.1	6.83e-98	347
v086	v087	43.1	1.82e-58	216
v086	v088	45.7	2.01e-57	213
v086	v090	26.6	6.12e-14	68
v086	v133	24.3	0.000197	37
v086	v138	23.3	0.0702	28
v086	v096	28.6	1.73	23
v086	v131	21.8	2.95	23
v087	v088	44.1	2.66e-60	222
v087	v089	41.2	5.92e-60	221
v087	v090	27.9	8.37e-14	68
v087	v120	24.2	0.000353	36
v087	v108	27.5	0.00869	31
v087	v110	28.6	0.0253	30
v087	v144	26.4	0.125	27
v087	v121	29.2	0.279	26
v087	v142	27.5	0.279	26
v087	v119	27.1	0.477	25
v087	v137	25.4	1.06	24
v087	v125	50.0	3.09	23
v087	v186	25.5	4.04	22
v087	v183	33.3	4.04	22
v087	v212	38.6	5.27	22
v087	v194	26.1	5.27	22
v087	v149	37.8	5.27	22
v088	v089	43.1	2.15e-54	203
v088	v090	29.1	4.68e-17	79
v088	v127	23.0	0.00225	33
v088	v189	37.1	0.614	25
v088	v183	26.5	1.05	24
v088	v168	26.5	1.05	24
v088	v119	20.0	3.98	22
v088	v136	29.8	3.98	22
v089	v090	28.1	9.02e-14	68
v089	v135	25.0	0.176	27
v089	v096	29.9	0.513	25
v089	v127	24.3	1.95	23
v090	v108	25.2	0.0134	30
v090	v127	31.0	0.329	26
v090	v134	21.6	0.562	25
v090	v169	37.8	0.958	24
v090	v118	21.5	1.63	23
v090	v125	48.0	6.21	22
v090	v100	58.3	8.11	21
v091	v092	43.3	3.01e-75	272
v091	v095	49.5	1.04e-67	247
v091	v094	48.7	6.73e-67	245
v091	v093	33.5	1.01e-46	178
v091	v211	28.0	0.288	27
v091	v141	26.4	0.376	26
v091	v113	34.3	0.642	25
v091	v118	22.9	0.838	25
v091	v099	27.3	0.838	25
v091	v107	47.4	5.43	22
v091	v194	27.3	7.09	22
v092	v095	60.6	2.95e-91	325
v092	v094	59.9	2.5e-90	322
v092	v093	34.4	2.22e-46	176
v092	v123	24.2	0.0437	29
v092	v108	26.8	0.484	26
v092	v165	25.0	1.84	24
v092	v164	22.4	2.4	23
v092	v161	22.4	2.4	23
v092	v162	22.3	3.13	23
v093	v095	37.1	4.53e-39	152
v093	v094	36.7	1.72e-38	150
v093	v105	23.2	0.64	25
v093	v114	34.0	0.836	25
v093	v154	26.4	1.86	24
v093	v118	42.3	9.24	22
v094	v095	98.1	1.99e-150	522
v094	v111	28.3	0.00479	32
v094	v169	29.3	0.154	27
v094	v194	24.7	3.8	22
v095	v111	28.3	0.00479	32
v095	v186	24.3	0.053	28
v095	v193	26.1	0.0692	28
v095	v169	27.5	0.118	27
v095	v181	22.8	0.263	26
v095	v187	20.2	0.448	25
v095	v126	26.1	0.448	25
v095	v188	21.7	0.765	25
v095	v194	23.7	2.23	23
v095	v127	26.2	6.47	22
v096	v097	30.2	5.94e-12	62
v096	v130	27.3	2.58e-07	46
v096	v169	25.3	7.51e-07	45
v096	v168	26.9	5.38e-05	39
v096	v124	37.5	0.00012	37
v096	v131	29.2	0.000595	35
v096	v123	27.4	0.00504	32
v096	v105	34.0	0.0191	30
v096	v098	32.2	0.0327	29
v096	v135	23.3	0.0427	29
v096	v134	24.5	1.79	23
v096	v108	45.2	3.06	23
v096	v100	47.6	6.81	22
v097	v130	23.0	2.35e-10	56
v097	v098	33.3	2.35e-10	56
v097	v131	27.6	1.68e-08	50
v097	v169	27.0	2.27e-05	40
v097	v135	21.0	0.000192	37
v097	v138	25.3	0.000328	36
v097	v120	24.3	0.000731	35
v097	v113	31.0	0.00278	33
v097	v131	23.0	0.00808	31
v097	v121	18.6	0.0138	30
v097	v119	17.8	0.0401	29
v097	v117	25.6	0.0684	28
v097	v115	40.6	0.152	27
v097	v118	60.0	0.26	26
v097	v114	23.7	0.26	26
v097	v116	34.0	0.339	26
v097	v167	23.5	0.756	25
v097	v166	23.5	0.756	25
v097	v113	45.5	1.68	23
v097	v206	61.5	6.4	22
v098	v135	38.3	0.00491	32
v098	v128	29.4	0.0109	31
v098	v134	27.8	0.0543	28
v098	v203	30.3	1.34	24
v098	v136	50.0	1.34	24
v098	v189	24.1	5.09	22
v099	v111	41.8	1.44e-106	377
v099	v103	36.5	4.52e-76	275
v099	v109	35.5	1.97e-71	260
v099	v101	33.2	2.11e-65	240
v099	v102	35.3	3.72e-62	229
v099	v108	31.7	2.58e-55	206
v099	v110	31.3	5.75e-55	205
v099	v104	34.8	1.79e-40	157
v099	v106	30.5	1.25e-09	55
v099	v107	31.7	2.79e-09	54
v099	v105	26.8	4.18e-05	40
v100	v107	32.5	6.3e-26	108
v100	v106	29.5	5.52e-22	95
v100	v108	28.9	2.11e-05	40
v100	v102	29.7	0.000519	35
v100	v101	26.5	0.000885	35
v100	v110	28.4	0.108	28
v100	v126	25.9	0.315	26
v100	v109	24.7	0.315	26
v100	v196	24.2	1.2	24
v100	v125	37.5	2.04	23
v100	v171	39.3	5.93	22
v100	v165	33.3	7.75	22
v101	v111	34.9	9.71e-69	251
v101	v109	29.6	2.94e-49	186
v101	v110	29.8	1.61e-47	181
v101	v103	28.2	2.33e-46	177
v101	v108	35.3	8.32e-28	115
v101	v104	26.0	4.13e-27	113
v101	v102	32.6	2.26e-25	107
v101	v105	22.4	0.00709	32
v102	v103	37.2	8.09e-74	268
v102	v109	34.5	5.44e-62	229
v102	v111	29.8	8.7e-52	195
v102	v104	29.1	1.76e-44	171
v102	v110	34.7	9.03e-41	158
v102	v108	28.5	3.55e-37	146
v102	v106	27.9	1.19e-08	52
v102	v107	23.2	3.58e-05	40
v102	v163	32.6	5.92	23
v103	v109	36.9	2.54e-76	277
v103	v111	35.4	4.2e-71	259
v103	v110	31.4	1.31e-56	211
v103	v108	31.8	6.33e-43	166
v103	v104	28.6	2.75e-38	150
v103	v106	31.9	8.63e-08	49
v103	v107	26.3	4.73e-06	43
v103	v129	27.1	0.000152	38
v103	v126	26.1	0.459	27
v103	v128	42.4	8.65	22
v104	v109	31.9	2.46e-38	150
v104	v111	32.7	4.65e-37	146
v104	v110	36.6	1.6e-29	121
v104	v108	32.0	4.08e-25	106
v104	v106	26.0	2.25e-07	47
v104	v107	24.6	3.25e-06	44
v104	v111	41.9	0.241	27
v105	v107	30.8	2.43e-08	50
v105	v106	30.5	4.59e-07	45
v105	v128	40.8	0.00181	33
v105	v127	21.9	0.00308	33
v105	v110	24.6	0.0117	31
v105	v111	23.8	0.0153	30
v105	v168	50.0	1.1	24
v105	v130	26.1	1.43	24
v105	v122	27.8	1.43	24
v105	v184	25.0	3.19	23
v106	v107	58.1	1.86e-107	379
v106	v108	29.1	1.09e-14	71
v106	v109	31.0	1.92e-11	60
v106	v110	27.3	3.06e-09	53
v106	v111	29.2	1.52e-08	50
v106	v111	39.5	0.0277	30
v106	v149	42.3	1.52	24
v106	v108	27.1	4.43	22
v107	v108	37.3	1.94e-11	60
v107	v111	26.6	5.29e-09	52
v107	v109	27.0	5.85e-08	49
v107	v110	27.0	1.22e-05	41
v107	v129	24.6	0.107	28
v107	v162	28.4	2.01	23
v107	v210	32.7	3.44	23
v107	v108	34.2	3.44	23
v107	v175	29.9	4.49	22
v107	v193	40.0	5.86	22
v107	v186	40.0	5.86	22
v107	v211	37.0	7.65	22
v107	v196	27.8	7.65	22
v108	v111	31.9	2.6e-57	213
v108	v109	32.6	1.81e-50	190
v108	v110	38.3	8.71e-37	145
v108	v110	26.9	1.77e-05	41
v108	v127	32.8	0.0408	30
v108	v122	38.2	0.451	26
v108	v197	34.0	0.77	25
v108	v123	33.9	0.77	25
v108	v196	25.0	2.93	23
v108	v176	38.5	4.99	23
v108	v202	31.4	8.51	22
v109	v111	35.7	2.12e-77	280
v109	v110	34.9	4.28e-70	256
v109	v207	24.1	0.423	27
v109	v147	22.5	1.23	25
v109	v170	61.5	7.97	22
v110	v111	32.8	2.5e-61	226
v110	v170	33.3	9.36	22
v110	v127	29.6	9.36	22
v111	v170	50.0	9.05	22
v112	v152	24.8	0.241	27
v112	v139	30.9	2.04	24
v113	v117	55.5	6.36e-125	438
v113	v118	49.4	5.41e-108	381
v113	v115	50.4	8.63e-106	374
v113	v116	49.6	1.13e-105	374
v113	v114	46.6	8.36e-101	357
v113	v161	23.5	1.73e-05	41
v113	v164	23.1	8.6e-05	39
v113	v119	21.6	0.00805	32
v113	v121	21.5	0.0522	29
v113	v120	23.9	0.0522	29
v113	v163	20.3	0.152	28
v113	v157	20.9	1.68	24
v113	v134	42.1	6.38	22
v114	v117	50.8	2.54e-109	386
v114	v115	48.1	6.05e-103	364
v114	v116	48.1	1.49e-101	360
v114	v118	43.0	3.94e-86	309
v114	v121	26.7	0.00245	33
v114	v119	24.0	0.0032	33
v114	v130	32.7	0.134	28
v114	v120	31.1	0.134	28
v114	v212	25.4	0.299	27
v114	v163	29.4	7.37	22
v115	v116	95.2	1.18e-245	839
v115	v117	49.1	3.34e-107	379
v115	v118	43.1	2.57e-99	352
v115	v161	33.3	0.0292	30
v115	v164	33.3	0.0292	30
v115	v119	30.5	0.0292	30
v115	v121	30.5	0.0497	29
v115	v120	24.2	0.065	29
v115	v119	30.4	0.938	25
v115	v121	30.4	0.938	25
v115	v163	42.9	1.6	24
v116	v117	48.9	1.46e-107	380
v116	v118	46.0	3.72e-103	365
v116	v121	26.6	0.0484	29
v116	v119	27.1	0.0484	29
v116	v120	28.8	0.313	27
v116	v164	30.2	0.535	26
v116	v161	30.2	0.535	26
v116	v163	42.9	1.56	24
v116	v119	31.8	1.56	24
v116	v121	31.8	1.56	24
v116	v157	44.8	4.53	23
v117	v118	48.0	3.23e-104	369
v117	v119	24.2	0.00935	32
v117	v121	23.8	0.0122	31
v117	v120	26.0	0.0606	29
v117	v167	22.0	0.176	27
v117	v166	22.0	0.176	27
v117	v120	45.8	9.67	22
v118	v119	25.1	0.000135	38
v118	v121	24.6	0.0015	34
v118	v166	25.0	0.0127	31
v118	v167	25.0	0.0127	31
v118	v120	30.2	0.14	28
v118	v162	24.7	0.312	27
v118	v120	39.3	0.532	26
v118	v130	24.8	0.908	25
v118	v163	29.8	2.02	24
v118	v167	32.7	4.5	23
v118	v166	32.7	4.5	23
v118	v212	24.1	5.88	22
v118	v165	41.4	5.88	22
v119	v121	95.3	3.35e-116	408
v119	v120	46.9	7.63e-44	167
v119	v132	27.2	1.96e-07	46
v119	v207	26.0	0.123	27
v119	v167	41.9	0.274	26
v119	v166	41.9	0.274	26
v119	v206	25.0	8.83	21
v120	v121	46.2	6.45e-45	171
v120	v132	29.4	7.45e-09	51
v120	v167	22.4	0.0178	30
v120	v166	22.4	0.0178	30
v120	v181	28.1	2.84	22
v121	v132	27.2	1.96e-07	46
v121	v167	24.2	0.019	30
v121	v166	24.2	0.0324	29
v121	v130	36.1	6.76	21
v122	v127	24.0	1.81e-07	47
v122	v126	22.4	0.000713	35
v122	v125	26.0	0.00159	34
v122	v128	32.8	0.0391	29
v122	v126	21.7	0.0667	28
v122	v142	30.2	0.964	25
v122	v144	27.9	2.15	23
v122	v138	40.7	2.15	23
v122	v124	23.3	2.15	23
v122	v129	36.0	3.66	23
v122	v141	36.0	4.78	22
v123	v124	45.4	1.93e-163	566
v123	v160	21.4	0.322	27
v123	v178	25.6	1.22	25
v123	v179	25.0	3.56	24
v123	v137	35.6	3.56	24
v123	v128	38.5	3.56	24
v123	v194	42.3	6.07	23
v124	v127	23.5	0.0372	30
v124	v126	22.8	0.411	27
v124	v164	43.8	0.537	27
v124	v161	43.8	0.537	27
v124	v209	51.9	2.67	24
v124	v181	28.0	2.67	24
v124	v185	54.5	4.55	23
v125	v129	27.2	6.39e-21	92
v125	v127	24.6	2.97e-18	84
v125	v128	28.5	1.06e-15	75
v125	v126	23.3	2.69e-11	60
v125	v126	22.5	0.000928	35
v125	v134	34.5	0.113	28
v125	v137	24.6	0.148	28
v125	v209	38.1	1.64	25
v125	v130	26.9	2.14	24
v125	v188	26.9	2.79	24
v125	v187	26.9	2.79	24
v125	v194	38.3	3.65	23
v125	v127	22.6	8.13	22
v126	v127	31.0	1.56e-44	171
v126	v129	25.9	6.18e-17	79
v126	v128	25.8	2.59e-15	74
v126	v154	26.2	0.163	28
v126	v137	26.2	0.475	27
v126	v179	29.2	1.06	25
v126	v178	29.2	1.06	25
v126	v185	33.3	3.08	24
v126	v198	23.6	5.25	23
v127	v128	26.7	4.99e-10	56
v127	v129	22.3	6.51e-10	55
v127	v141	23.5	0.145	28
v127	v142	25.4	0.145	28
v127	v198	23.3	0.324	27
v127	v128	47.1	0.423	26
v127	v132	31.0	1.61	24
v127	v200	27.9	2.1	24
v127	v183	42.9	4.68	23
v128	v129	34.2	2.7e-41	159
v128	v134	27.9	0.00498	32
v128	v138	26.1	0.0247	30
v128	v137	22.2	0.123	28
v128	v201	25.4	1.77	24
v128	v154	37.3	3.94	23
v128	v168	25.5	6.73	22
v128	v191	45.5	8.78	22
v128	v183	19.7	8.78	22
v129	v134	26.4	0.00494	32
v129	v181	26.0	0.0713	28
v129	v130	28.3	0.122	28
v129	v174	41.9	2.99	23
v129	v176	29.1	6.67	22
v130	v131	26.0	8.65e-09	51
v130	v166	23.3	0.0784	28
v130	v167	23.3	0.0784	28
v130	v135	32.3	4.3	22
v131	v135	27.1	0.000472	35
v131	v168	37.9	0.00306	33
v132	v204	25.0	2.41	23
v133	v134	32.4	3.16e-12	63
v133	v136	30.6	0.0102	31
v134	v148	26.9	0.202	27
v134	v186	24.0	0.449	26
v134	v137	22.6	0.766	25
v134	v200	27.6	3.8	23
v134	v193	39.3	3.8	23
v134	v183	28.7	3.8	23
v134	v199	37.9	6.49	22
v134	v194	24.0	8.47	22
v135	v138	27.3	2.26e-20	89
v135	v136	24.3	1.85e-06	43
v135	v170	36.4	9.85	21
v136	v138	21.4	4.72	22
v137	v161	25.6	0.0113	30
v137	v164	25.0	0.125	27
v137	v147	21.4	0.363	25
v137	v152	24.7	2.36	23
v137	v150	30.4	6.85	21
v138	v168	37.5	8.08e-05	38
v138	v163	37.5	2.69	23
v138	v186	26.6	3.51	22
v138	v168	25.0	3.51	22
v138	v193	24.1	4.59	22
v138	v201	26.5	7.83	21
v139	v149	62.7	1.52e-67	246
v139	v140	62.4	4.15e-65	238
v139	v151	55.8	8.94e-60	220
v139	v143	55.3	2.6e-59	218
v139	v148	54.0	7.09e-57	210
v139	v154	50.0	4.92e-50	188
v139	v150	50.3	1.13e-46	176
v139	v147	31.7	1.82e-20	89
v139	v153	32.4	3.56e-16	75
v139	v146	32.4	3.56e-16	75
v139	v152	29.9	4.35e-14	68
v139	v145	30.2	2.39e-12	62
v139	v142	31.0	2.23e-10	56
v139	v144	30.3	1.45e-09	53
v139	v155	29.0	5.5e-09	51
v139	v141	29.3	1.23e-08	50
v139	v194	24.5	0.552	25
v139	v190	33.3	1.23	23
v139	v190	38.5	4.67	22
v139	v181	37.5	7.96	21
v140	v151	57.7	4.84e-73	264
v140	v143	57.7	6.32e-73	264
v140	v148	57.5	3.83e-70	255
v140	v149	53.8	1.15e-66	243
v140	v154	47.8	3.99e-51	191
v140	v150	46.2	7.28e-45	171
v140	v147	32.9	5.8e-26	108
v140	v153	27.4	1.48e-13	67
v140	v146	27.4	1.48e-13	67
v140	v142	28.2	1.93e-13	66
v140	v152	30.3	1.64e-12	63
v140	v144	26.9	5.27e-11	58
v140	v145	21.9	2.53e-05	39
v140	v141	23.1	0.000126	37
v140	v155	26.3	0.645	25
v140	v160	29.3	3.2	22
v140	v156	40.9	3.2	22
v140	v196	32.0	4.18	22
v141	v142	64.5	6.71e-83	297
v141	v144	61.6	1.07e-80	290
v141	v155	62.8	2.31e-75	272
v141	v145	57.3	2.74e-68	248
v141	v153	32.5	2.77e-20	89
v141	v146	32.5	2.77e-20	89
v141	v152	33.0	1.21e-15	74
v141	v154	27.8	6.85e-11	58
v141	v147	23.3	7.84e-07	44
v141	v143	26.4	2.28e-06	43
v141	v151	25.8	5.08e-06	42
v141	v149	28.1	6.63e-06	41
v141	v150	27.6	1.48e-05	40
v141	v148	22.0	0.00402	32
v141	v198	29.3	5.44	22
v141	v181	27.5	7.1	21
v142	v144	93.3	2.94e-129	451
v142	v145	54.7	1.39e-70	256
v142	v155	54.3	1.06e-62	230
v142	v152	33.7	4.38e-16	75
v142	v153	29.1	2.18e-15	73
v142	v146	29.1	2.18e-15	73
v142	v154	27.6	5.55e-11	58
v142	v149	27.6	1.61e-10	57
v142	v143	26.7	1.78e-09	53
v142	v151	26.2	5.19e-09	52
v142	v150	28.4	8.85e-09	51
v142	v148	24.6	1.51e-08	50
v142	v147	23.9	1.67e-07	47
v142	v168	25.5	0.0803	28
v143	v151	98.3	4.08e-128	447
v143	v148	77.1	4.4e-98	347
v143	v149	49.6	1.02e-62	230
v143	v154	45.9	1.06e-51	193
v143	v150	49.3	4.04e-51	191
v143	v147	32.7	1.31e-25	107
v143	v153	25.7	3.95e-14	69
v143	v146	25.7	3.95e-14	69
v143	v152	25.1	7.71e-10	54
v143	v144	25.7	1.45e-08	50
v143	v145	24.4	1.9e-08	50
v143	v155	26.0	0.00108	34
v143	v200	31.1	0.172	27
v143	v192	25.8	0.383	25
v144	v145	57.3	2.99e-73	265
v144	v155	54.8	3.66e-63	231
v144	v152	31.8	9.77e-16	74
v144	v153	29.2	2.18e-15	73
v144	v146	29.2	2.18e-15	73
v144	v154	27.2	1.61e-10	57
v144	v149	26.9	1.37e-09	54
v144	v147	24.1	1.16e-08	50
v144	v151	25.3	4.39e-08	49
v144	v148	23.5	1.28e-07	47
v144	v150	25.7	2.41e-06	43
v144	v199	20.7	0.0471	28
v144	v209	30.0	5.75	22
v145	v155	58.9	3.92e-67	245
v145	v153	30.1	1.08e-16	77
v145	v146	30.1	1.08e-16	77
v145	v152	29.7	5.93e-15	71
v145	v154	30.1	3.26e-13	65
v145	v147	25.8	9.8e-10	54
v145	v151	25.0	1.42e-08	50
v145	v150	28.0	3.15e-08	49
v145	v149	29.7	2.26e-06	43
v145	v148	22.4	3.26e-05	39
v146	v153	100.0	5.93e-121	423
v146	v152	44.2	1.04e-40	157
v146	v147	32.6	7.96e-25	104
v146	v155	30.8	4.68e-17	78
v146	v154	29.0	1.15e-15	74
v146	v148	26.7	1.27e-14	70
v146	v151	25.7	8.26e-14	67
v146	v150	27.7	2.66e-12	62
v146	v149	26.0	3.25e-10	55
v146	v183	27.1	8.87	21
v147	v154	32.7	8.84e-26	107
v147	v153	32.6	7.48e-25	104
v147	v151	31.9	1.67e-24	103
v147	v148	30.6	2.04e-22	96
v147	v149	30.9	7.75e-22	94
v147	v152	32.2	1.12e-20	90
v147	v150	29.4	2.11e-19	86
v147	v155	26.4	3.38e-09	52
v147	v181	28.8	8.33	21
v148	v151	76.2	4.87e-97	344
v148	v149	48.7	3.09e-59	218
v148	v154	47.8	6.89e-51	191
v148	v150	47.1	7.13e-48	181
v148	v153	26.7	1.36e-14	70
v148	v152	25.3	4.09e-11	59
v148	v155	25.2	0.0156	30
v148	v198	33.8	0.294	26
v149	v151	49.2	4.01e-62	228
v149	v154	43.7	3.9e-49	185
v149	v150	44.3	2.52e-48	182
v149	v152	27.8	1.23e-10	57
v149	v153	26.0	3.56e-10	55
v149	v155	27.7	0.000651	35
v150	v154	51.9	9.51e-55	203
v150	v151	50.7	1.68e-51	193
v150	v153	27.7	2.62e-12	62
v150	v152	24.7	1.44e-10	57
v150	v155	30.3	5.65e-07	45
v150	v184	52.9	8.74	21
v151	v154	45.4	2.37e-51	192
v151	v153	25.7	8.8e-14	67
v151	v152	24.7	1.72e-09	53
v151	v155	26.0	0.000825	34
v151	v200	25.3	0.172	27
v151	v192	28.0	0.383	25
v152	v153	44.2	8.92e-41	157
v152	v155	32.6	1.69e-15	73
v152	v154	30.3	4.93e-15	71
v152	v163	30.7	3.43	22
v153	v155	30.8	4.68e-17	78
v153	v154	29.0	1.15e-15	74
v153	v183	27.1	8.87	21
v154	v155	26.3	2.38e-08	49
v154	v194	25.5	0.368	25
v154	v182	26.9	1.07	24
v154	v191	29.6	1.4	23
v154	v190	29.2	1.4	23
v154	v168	33.3	1.4	23
v154	v189	23.5	3.12	22
v154	v193	50.0	9.07	21
v155	v197	22.9	2.4	23
v155	v189	53.8	9.11	21
v156	v159	47.7	3.73e-108	382
v156	v158	47.1	5.6e-88	315
v156	v157	44.1	1.38e-86	310
v156	v160	39.9	4.35e-40	156
v156	v160	42.9	0.0211	30
v156	v180	34.6	1.97	24
v156	v179	34.6	1.97	24
v156	v178	34.6	1.97	24
v157	v159	56.0	1.99e-133	466
v157	v160	63.1	4.07e-78	282
v157	v158	39.9	2.56e-72	263
v157	v160	69.6	2.69e-05	40
v157	v183	27.4	0.236	27
v157	v204	37.8	3.41	23
v158	v159	41.3	1.56e-90	323
v158	v160	40.6	3.9e-41	159
v158	v160	53.1	0.00111	35
v159	v160	50.0	4.16e-62	229
v159	v160	70.0	0.000675	35
v159	v180	35.8	2.65	23
v159	v179	35.8	2.65	23
v160	v204	31.6	0.183	27
v160	v183	29.5	0.313	26
v161	v164	99.4	0	1241
v161	v162	48.1	3.9e-125	439
v161	v163	67.9	6.26e-99	352
v161	v165	34.7	8.51e-80	288
v161	v163	74.1	1.02e-32	132
v161	v163	32.9	8.07e-30	122
v161	v162	32.9	0.00221	34
v162	v165	79.0	6.09e-250	853
v162	v164	48.1	1.78e-124	436
v162	v163	33.9	8.72e-47	178
v162	v164	32.9	0.00203	34
v162	v209	64.3	4.69	23
v163	v164	67.9	2.68e-99	352
v163	v165	51.0	2.37e-71	260
v163	v164	74.1	7.45e-33	132
v163	v164	30.6	6.99e-23	99
v163	v165	31.2	4.53e-22	96
v163	v164	21.5	0.0399	30
v163	v165	37.5	0.0888	28
v164	v165	34.6	1.23e-78	284
v165	v182	21.1	0.00201	34
v165	v209	33.9	0.716	26
v166	v167	99.6	4.49e-169	584
v166	v168	26.8	2.42e-05	40
v167	v168	26.8	2.42e-05	40
v168	v169	30.3	0.00786	32
v169	v186	29.4	0.0445	29
v169	v193	28.1	0.0759	28
v169	v190	32.5	1.1	24
v169	v182	27.5	2.44	23
v170	v197	32.6	0.57	25
v170	v206	31.1	1.66	24
v170	v186	30.7	1.66	24
v170	v193	30.8	2.83	23
v170	v192	35.0	6.3	22
v171	v172	25.7	9.65e-21	91
v171	v174	25.3	4.2e-08	49
v171	v197	32.1	7.19	22
v171	v173	22.1	9.39	22
v172	v174	26.9	4.03e-17	79
v172	v173	32.6	0.0624	29
v173	v174	36.4	0.0265	30
v173	v174	31.1	1.9	24
v173	v196	35.0	4.23	23
v175	v176	68.2	5.72e-126	441
v175	v180	56.9	5.58e-97	344
v175	v178	56.6	6.16e-96	341
v175	v179	56.3	1.05e-95	340
v175	v177	50.3	1.52e-86	310
v175	v189	28.6	6.34	22
v176	v180	59.2	2.49e-110	389
v176	v179	58.3	2.33e-108	382
v176	v178	58.9	5.19e-108	381
v176	v177	57.8	1.73e-103	366
v176	v189	26.8	4.68	22
v177	v180	60.2	5.86e-115	404
v177	v178	60.2	6.48e-114	401
v177	v179	59.6	1.89e-113	399
v177	v200	48.1	4.8	22
v178	v179	97.2	1.47e-201	692
v178	v180	95.8	1.16e-198	682
v179	v180	98.6	1.57e-203	698
v181	v182	35.0	6.99e-83	298
v181	v196	34.9	4.29e-40	156
v181	v184	39.9	2.13e-39	154
v181	v183	28.5	3.08e-38	150
v181	v185	35.4	8.38e-36	142
v181	v194	28.4	6.64e-33	132
v181	v193	28.8	7.59e-29	119
v181	v190	39.7	2.89e-28	117
v181	v191	32.9	1.58e-26	111
v181	v195	32.3	2.7e-26	110
v181	v192	38.5	8.69e-25	105
v181	v188	35.4	5.63e-24	102
v181	v193	34.4	1.64e-23	101
v181	v187	35.0	1.64e-23	101
v181	v186	34.1	4.77e-23	99
v181	v189	26.5	3.31e-16	77
v181	v197	32.0	1.64e-15	74
v181	v185	38.8	1.7e-12	64
v181	v184	34.5	3.79e-12	63
v181	v186	23.6	2.3e-09	54
v181	v192	24.0	3.92e-09	53
v181	v196	27.6	1.94e-08	51
v181	v191	23.9	1.26e-07	48
v181	v195	43.2	4.48e-05	40
v181	v190	42.5	0.0208	31
v181	v189	44.8	0.875	25
v181	v209	34.2	1.49	25
v182	v185	33.7	6.32e-36	142
v182	v184	34.8	8.25e-36	142
v182	v196	33.5	1.56e-34	138
v182	v190	36.9	3.14e-27	113
v182	v195	30.0	6.55e-25	106
v182	v191	31.7	9.46e-24	102
v182	v192	30.2	9.46e-24	102
v182	v193	31.1	3.04e-22	97
v182	v183	26.6	3.04e-22	97
v182	v186	31.7	5.19e-22	96
v182	v194	34.1	1.67e-20	91
v182	v188	28.9	1.85e-19	87
v182	v187	28.9	3.15e-19	87
v182	v189	28.0	7.26e-16	75
v182	v197	28.8	2.86e-12	64
v182	v184	27.3	4.87e-12	63
v182	v185	28.7	9.18e-11	59
v182	v194	31.0	2.95e-09	54
v182	v196	27.0	2.5e-08	50
v182	v186	29.6	4.27e-08	50
v182	v193	31.2	4.27e-08	50
v182	v190	27.1	0.00413	33
v182	v195	39.5	0.00705	32
v183	v196	31.8	5.68e-55	205
v183	v184	31.1	2.64e-52	196
v183	v187	31.3	1.15e-47	181
v183	v185	28.2	3.34e-47	179
v183	v188	31.1	4.36e-47	179
v183	v195	27.8	1.5e-39	154
v183	v194	29.6	3.34e-39	153
v183	v193	29.6	1.66e-38	151
v183	v186	29.2	8.23e-38	148
v183	v192	30.3	1.08e-37	148
v183	v191	28.2	1.01e-35	141
v183	v190	30.3	1.9e-34	137
v183	v197	25.9	8.54e-27	112
v183	v189	23.3	1.23e-25	108
v183	v199	50.0	4	23
v184	v185	75.8	4.33e-217	744
v184	v196	32.6	5.18e-61	225
v184	v195	28.4	9.16e-50	188
v184	v188	30.1	7.26e-47	178
v184	v194	29.1	1.67e-43	167
v184	v193	30.1	5.04e-40	156
v184	v186	29.5	8.6e-40	155
v184	v192	27.0	8.05e-38	148
v184	v187	34.5	3.06e-37	146
v184	v190	27.9	7.53e-36	142
v184	v191	33.5	9.86e-28	115
v184	v190	33.6	1.21e-25	108
v184	v189	33.1	1.02e-24	105
v184	v197	25.5	1.86e-18	84
v184	v187	34.0	2.07e-09	54
v184	v191	23.8	1.39e-05	41
v185	v196	30.9	4.1e-58	216
v185	v187	30.8	1.41e-50	191
v185	v188	30.6	7.02e-50	188
v185	v195	28.7	1.01e-48	184
v185	v194	27.6	3.27e-39	153
v185	v186	29.0	9.51e-39	151
v185	v193	29.3	2.77e-38	150
v185	v192	33.6	3.87e-32	129
v185	v191	34.2	5.59e-31	126
v185	v190	33.3	2.59e-28	117
v185	v189	31.7	8.64e-24	102
v185	v197	24.0	5.08e-16	76
v185	v190	25.6	2.79e-06	44
v185	v200	29.8	0.602	26
v186	v193	97.9	3.66e-272	927
v186	v194	48.6	5.35e-114	401
v186	v188	39.5	7.3e-79	285
v186	v187	39.2	3.62e-78	282
v186	v196	31.0	2e-52	197
v186	v196	34.4	2.9e-35	140
v186	v195	26.4	7.91e-33	132
v186	v190	32.6	4.97e-27	112
v186	v192	28.0	2.09e-25	107
v186	v191	26.6	8.77e-24	102
v186	v189	26.8	5.15e-16	76
v186	v197	24.2	1.23e-09	55
v186	v209	28.3	0.123	28
v186	v205	26.9	0.468	26
v187	v188	98.6	4.29e-284	966
v187	v194	39.2	1.46e-82	297
v187	v193	37.9	3.49e-76	276
v187	v196	35.3	2.35e-64	236
v187	v192	29.4	1.13e-42	164
v187	v195	27.7	1.06e-40	158
v187	v191	27.6	1.17e-39	154
v187	v190	30.0	1.17e-39	154
v187	v189	23.2	4.63e-20	89
v187	v197	24.4	3.93e-11	60
v188	v194	39.1	2.04e-84	303
v188	v193	38.5	8.31e-78	281
v188	v196	35.5	1.63e-65	240
v188	v192	29.8	4.6e-44	169
v188	v190	30.2	1.64e-41	161
v188	v195	27.7	4.76e-41	159
v188	v191	27.8	6.22e-41	159
v188	v189	23.7	2.08e-20	91
v188	v197	24.7	1.35e-11	61
v189	v197	32.7	2.26e-84	303
v189	v190	26.4	2.07e-29	121
v189	v195	29.5	7.88e-29	119
v189	v192	31.7	7.38e-27	112
v189	v196	30.8	2.15e-26	111
v189	v191	29.4	2.8e-26	110
v189	v194	23.5	1.39e-17	81
v189	v193	27.5	2.63e-16	77
v189	v195	26.1	0.000302	37
v189	v192	24.1	0.408	27
v189	v205	28.1	5.89	23
v190	v192	52.7	5.4e-121	424
v190	v191	52.4	2.96e-119	419
v190	v195	43.7	5.69e-54	202
v190	v196	32.4	1.08e-44	171
v190	v194	30.3	5.92e-35	139
v190	v193	32.5	3.84e-26	109
v190	v197	30.5	5.74e-22	96
v190	v195	34.2	2.5e-17	80
v191	v192	83.1	2.7e-213	731
v191	v195	34.4	4.35e-70	255
v191	v196	30.7	1.45e-49	187
v191	v196	36.9	4.53e-43	166
v191	v194	28.5	6.78e-31	125
v191	v197	26.7	1.37e-23	101
v191	v193	25.9	1.37e-23	101
v191	v198	52.9	4.74	23
v191	v201	34.1	6.19	22
v192	v195	35.5	2.31e-71	260
v192	v196	31.5	1.72e-50	190
v192	v194	29.3	2.11e-32	130
v192	v193	27.4	2.5e-25	107
v192	v197	29.4	1.42e-20	91
v193	v194	48.2	5.92e-113	398
v193	v196	30.9	8.13e-54	201
v193	v195	26.0	3.93e-32	129
v193	v197	24.4	7.2e-10	55
v193	v205	26.9	0.468	26
v194	v196	34.8	1.36e-53	201
v194	v195	28.6	2.76e-38	150
v194	v197	27.5	4.74e-14	69
v195	v196	37.3	4.24e-42	163
v195	v197	27.0	1.42e-21	94
v195	v196	30.7	1.8e-08	51
v195	v200	25.3	1.06	25
v196	v197	28.0	3.89e-16	76
v196	v209	25.2	0.602	26
v196	v199	48.1	8.7	22
v197	v205	34.2	2.67	24
v198	v199	34.0	8.59e-28	114
v198	v202	35.1	1.17	24
v198	v200	28.6	4.44	22
v199	v200	27.4	7.72e-05	38
v199	v203	47.8	7.48	21
v201	v202	30.4	5.02e-17	79
v202	v206	25.2	0.00363	33
v202	v209	28.9	0.0308	30
v202	v208	30.5	0.444	26
v203	v204	82.6	0	1208
v203	v205	36.8	1.7e-105	374
v204	v205	36.7	2e-114	403
v206	v207	63.5	9.08e-147	510
v206	v210	52.9	3.71e-124	435
v206	v208	51.8	1.19e-122	430
v206	v209	42.8	1.29e-92	330
v207	v210	52.9	1.18e-119	420
v207	v208	50.1	1.1e-109	387
v207	v209	40.2	2.56e-90	322
v208	v210	68.6	2.15e-172	595
v208	v209	46.3	5.75e-109	384
v209	v210	45.7	3.76e-108	382
