node_a,node_b,pct_id,evalue,bits,acc_a,acc_b,component_id
v001,v002,47.7,3.830e-66,242.0,A0A0K8P6T7,7NEI_A/B; 7CUV_A; MBO2503201.1; SAY37592.1,C001
v001,v004,74.9,3.030e-120,421.0,A0A0K8P6T7,A4W93_05950,C001
v001,v005,49.0,2.060e-68,249.0,A0A0K8P6T7,ACY95991.1,C001
v001,v006,48.4,2.510e-66,242.0,A0A0K8P6T7,D1A9G5,C001
v001,v007,51.2,1.980e-79,286.0,A0A0K8P6T7,ADK73612,C001
v001,v008,50.6,2.200e-69,252.0,A0A0K8P6T7,ADM47605.1,C001
v001,v009,51.9,1.680e-70,256.0,A0A0K8P6T7,E8U721,C001
v001,v010,52.4,2.870e-69,252.0,A0A0K8P6T7,E9LVH7,C001
v001,v011,51.1,8.920e-71,257.0,A0A0K8P6T7,ADV92526.1,C001
v001,v012,49.6,4.890e-69,251.0,A0A0K8P6T7,ADV92571,C001
v001,v013,50.4,1.290e-69,253.0,A0A0K8P6T7,E9LVI0_THEFU,C001
v001,v014,49.3,6.840e-72,261.0,A0A0K8P6T7,JN129499.1,C001
v001,v015,50.3,2.780e-73,265.0,A0A0K8P6T7,JN129500.1,C001
v001,v016,48.9,1.570e-67,246.0,A0A0K8P6T7,H6WX58,C001
v001,v018,64.6,4.530e-108,381.0,A0A0K8P6T7,A0A0G3BI90_9BURK,C001
v001,v019,46.4,1.520e-71,260.0,A0A0K8P6T7,KU695573,C001
v001,v020,48.4,1.170e-71,260.0,A0A0K8P6T7,A0A1Z2SIQ1_VIBGA,C001
v001,v021,78.6,3.230e-130,455.0,A0A0K8P6T7,BAB86909,C001
v001,v022,49.0,4.150e-69,252.0,A0A0K8P6T7,BAI99230,C001
v001,v023,49.1,5.420e-69,251.0,A0A0K8P6T7,F7IX06,C001
v001,v024,44.5,2.780e-65,239.0,A0A0K8P6T7,W0TJ64,C001
v001,v025,49.7,3.070e-72,262.0,A0A0K8P6T7,AJ810119,C001
v001,v026,51.3,1.520e-70,256.0,A0A0K8P6T7,E5BBQ3_THEFU,C001
v001,v027,49.0,4.150e-69,252.0,A0A0K8P6T7,D4Q9N1,C001
v001,v028,41.9,8.490e-59,217.0,A0A0K8P6T7,DAC80635,C001
v001,v029,49.7,6.840e-72,261.0,A0A0K8P6T7,E5BBQ2,C001
v001,v030,51.1,8.920e-71,257.0,A0A0K8P6T7,E9LVH8,C001
v001,v031,49.6,4.890e-69,251.0,A0A0K8P6T7,E9LVH9,C001
v001,v032,44.5,3.230e-61,225.0,A0A0K8P6T7,EGD44994.1,C001
v001,v033,47.3,7.820e-68,247.0,A0A0K8P6T7,G9BY57,C001
v001,v034,44.7,3.400e-63,232.0,A0A0K8P6T7,GBD22443,C001
v001,v036,54.8,8.340e-78,280.0,A0A0K8P6T7,R4YKL9_OLEAN,C001
v001,v040,30.1,6.270e-25,105.0,A0A0K8P6T7,MEC8523093.1,C001
v001,v041,49.6,2.350e-72,262.0,A0A0K8P6T7,ODU60407.1,C001
v001,v042,62.1,2.490e-98,349.0,A0A0K8P6T7,A0A1F4JXW8,C001
v001,v043,44.2,7.340e-58,214.0,A0A0K8P6T7,P19833,C001
v001,v044,50.3,2.780e-73,265.0,A0A0K8P6T7,Q47RJ6_THEFY,C001
v001,v045,49.3,6.840e-72,261.0,A0A0K8P6T7,Q47RJ7_THEFY,C001
v001,v046,50.3,2.780e-73,265.0,A0A0K8P6T7,Q6A0I4,C001
v001,v047,78.6,3.230e-130,455.0,A0A0K8P6T7,Q8RR62,C001
v001,v050,35.6,2.690e-38,149.0,A0A0K8P6T7,RLT92980.1,C001
v001,v051,53.0,2.270e-75,272.0,A0A0K8P6T7,RLU00646.1,C001
v001,v052,47.5,1.730e-66,243.0,A0A0K8P6T7,SAY37579.1,C001
v001,v053,48.7,4.860e-69,251.0,A0A0K8P6T7,SAY37582.1,C001
v001,v054,48.9,5.910e-67,244.0,A0A0K8P6T7,SAY37583.1,C001
v001,v055,47.9,6.490e-66,241.0,A0A0K8P6T7,SAY37584.1,C001
v001,v056,49.0,1.180e-67,247.0,A0A0K8P6T7,SAY37587.1,C001
v001,v057,47.9,3.800e-66,242.0,A0A0K8P6T7,SAY37589.1,C001
v001,v058,42.9,5.250e-64,235.0,A0A0K8P6T7,SHM40309.1,C001
v001,v059,49.7,7.800e-76,274.0,A0A0K8P6T7,SUD16364.1,C001
v001,v060,53.2,2.680e-76,275.0,A0A0K8P6T7,OK558824,C001
v001,v061,50.6,3.620e-73,265.0,A0A0K8P6T7,OK558825,C001
v001,v062,50.2,4.910e-69,251.0,A0A0K8P6T7,WAU86704.1,C001
v001,v064,48.5,4.200e-65,238.0,A0A0K8P6T7,WOR09923,C001
v001,v066,49.5,3.740e-78,282.0,A0A0K8P6T7,A0A031MKR8,C001
v001,v067,38.8,3.200e-45,172.0,A0A0K8P6T7,WP_039353427,C001
v001,v068,50.0,6.170e-81,291.0,A0A0K8P6T7,A0A078MGG8,C001
v001,v069,48.4,1.980e-68,249.0,A0A0K8P6T7,WP_058088494.1,C001
v001,v070,51.0,2.870e-78,282.0,A0A0K8P6T7,WP_062195544.1,C001
v001,v071,51.4,1.050e-80,290.0,A0A0K8P6T7,WP_068824797.1,C001
v001,v072,44.5,1.170e-63,233.0,A0A0K8P6T7,WP_078759821.1,C001
v001,v073,42.4,1.170e-63,233.0,A0A0K8P6T7,WP_082414832.1,C001
v001,v074,52.0,3.000e-72,262.0,A0A0K8P6T7,WP_083947829.1,C001
v001,v075,61.5,2.560e-100,355.0,A0A0K8P6T7,WP_085749238.1,C001
v001,v076,48.2,3.870e-75,272.0,A0A0K8P6T7,A0A1H6AD45,C001
v001,v077,49.7,1.090e-77,280.0,A0A0K8P6T7,WP_090538641.1,C001
v001,v078,44.9,9.560e-66,240.0,A0A0K8P6T7,WP_093412886.1,C001
v001,v079,34.5,3.130e-37,146.0,A0A0K8P6T7,WP_101893509.1,C001
v001,v080,49.7,4.010e-72,262.0,A0A0K8P6T7,WP_104613137.1,C001
v001,v081,50.5,5.230e-72,261.0,A0A0K8P6T7,WP_107095481.1,C001
v001,v082,36.9,1.390e-40,157.0,A0A0K8P6T7,WP_111881932,C001
v001,v083,40.6,3.190e-53,199.0,A0A0K8P6T7,WP_117215036.1,C001
v001,v086,50.7,1.480e-76,276.0,A0A0K8P6T7,Ipet,C001
v001,v087,42.8,3.960e-64,235.0,A0A0K8P6T7,XCO66867,C001
v001,v088,45.3,1.540e-60,223.0,A0A0K8P6T7,XDS72785.1,C001
v001,v089,53.2,1.020e-75,273.0,A0A0K8P6T7,ACC95208.1,C001
v002,v004,48.5,8.250e-69,250.0,7NEI_A/B; 7CUV_A; MBO2503201.1; SAY37592.1,A4W93_05950,C001
v002,v005,62.1,1.260e-93,333.0,7NEI_A/B; 7CUV_A; MBO2503201.1; SAY37592.1,ACY95991.1,C001
v002,v006,64.7,2.230e-98,349.0,7NEI_A/B; 7CUV_A; MBO2503201.1; SAY37592.1,D1A9G5,C001
v002,v007,47.6,5.910e-67,244.0,7NEI_A/B; 7CUV_A; MBO2503201.1; SAY37592.1,ADK73612,C001
v002,v008,64.3,1.880e-97,346.0,7NEI_A/B; 7CUV_A; MBO2503201.1; SAY37592.1,ADM47605.1,C001
v002,v009,62.2,6.270e-93,330.0,7NEI_A/B; 7CUV_A; MBO2503201.1; SAY37592.1,E8U721,C001
v002,v010,63.6,1.760e-95,339.0,7NEI_A/B; 7CUV_A; MBO2503201.1; SAY37592.1,E9LVH7,C001
v002,v011,64.8,5.860e-99,351.0,7NEI_A/B; 7CUV_A; MBO2503201.1; SAY37592.1,ADV92526.1,C001
v002,v012,64.0,3.210e-97,345.0,7NEI_A/B; 7CUV_A; MBO2503201.1; SAY37592.1,ADV92571,C001
v002,v013,64.8,7.650e-99,350.0,7NEI_A/B; 7CUV_A; MBO2503201.1; SAY37592.1,E9LVI0_THEFU,C001
v002,v014,63.9,1.220e-96,343.0,7NEI_A/B; 7CUV_A; MBO2503201.1; SAY37592.1,JN129499.1,C001
v002,v015,64.6,2.230e-98,349.0,7NEI_A/B; 7CUV_A; MBO2503201.1; SAY37592.1,JN129500.1,C001
v002,v016,67.8,3.110e-100,355.0,7NEI_A/B; 7CUV_A; MBO2503201.1; SAY37592.1,H6WX58,C001
v002,v018,50.7,9.100e-76,273.0,7NEI_A/B; 7CUV_A; MBO2503201.1; SAY37592.1,A0A0G3BI90_9BURK,C001
v002,v019,46.7,1.460e-65,240.0,7NEI_A/B; 7CUV_A; MBO2503201.1; SAY37592.1,KU695573,C001
v002,v020,44.2,8.270e-61,224.0,7NEI_A/B; 7CUV_A; MBO2503201.1; SAY37592.1,A0A1Z2SIQ1_VIBGA,C001
v002,v021,48.9,5.710e-70,254.0,7NEI_A/B; 7CUV_A; MBO2503201.1; SAY37592.1,BAB86909,C001
v002,v022,64.3,1.600e-96,342.0,7NEI_A/B; 7CUV_A; MBO2503201.1; SAY37592.1,BAI99230,C001
v002,v023,62.7,3.330e-94,335.0,7NEI_A/B; 7CUV_A; MBO2503201.1; SAY37592.1,F7IX06,C001
v002,v024,65.6,6.920e-100,354.0,7NEI_A/B; 7CUV_A; MBO2503201.1; SAY37592.1,W0TJ64,C001
v002,v025,63.9,9.350e-97,343.0,7NEI_A/B; 7CUV_A; MBO2503201.1; SAY37592.1,AJ810119,C001
v002,v026,64.6,2.230e-98,349.0,7NEI_A/B; 7CUV_A; MBO2503201.1; SAY37592.1,E5BBQ3_THEFU,C001
v002,v027,64.3,1.600e-96,342.0,7NEI_A/B; 7CUV_A; MBO2503201.1; SAY37592.1,D4Q9N1,C001
v002,v028,56.5,1.110e-81,293.0,7NEI_A/B; 7CUV_A; MBO2503201.1; SAY37592.1,DAC80635,C001
v002,v029,64.6,6.480e-98,347.0,7NEI_A/B; 7CUV_A; MBO2503201.1; SAY37592.1,E5BBQ2,C001
v002,v030,64.8,5.860e-99,351.0,7NEI_A/B; 7CUV_A; MBO2503201.1; SAY37592.1,E9LVH8,C001
v002,v031,64.0,3.210e-97,345.0,7NEI_A/B; 7CUV_A; MBO2503201.1; SAY37592.1,E9LVH9,C001
v002,v032,51.9,7.950e-80,287.0,7NEI_A/B; 7CUV_A; MBO2503201.1; SAY37592.1,EGD44994.1,C001
v002,v033,54.7,1.660e-77,279.0,7NEI_A/B; 7CUV_A; MBO2503201.1; SAY37592.1,G9BY57,C001
v002,v034,52.7,1.010e-74,270.0,7NEI_A/B; 7CUV_A; MBO2503201.1; SAY37592.1,GBD22443,C001
v002,v036,46.4,4.240e-65,238.0,7NEI_A/B; 7CUV_A; MBO2503201.1; SAY37592.1,R4YKL9_OLEAN,C001
v002,v040,31.2,2.780e-24,102.0,7NEI_A/B; 7CUV_A; MBO2503201.1; SAY37592.1,MEC8523093.1,C001
v002,v041,46.9,6.760e-63,231.0,7NEI_A/B; 7CUV_A; MBO2503201.1; SAY37592.1,ODU60407.1,C001
v002,v042,49.1,3.820e-74,268.0,7NEI_A/B; 7CUV_A; MBO2503201.1; SAY37592.1,A0A1F4JXW8,C001
v002,v043,40.5,1.320e-50,190.0,7NEI_A/B; 7CUV_A; MBO2503201.1; SAY37592.1,P19833,C001
v002,v044,64.6,2.230e-98,349.0,7NEI_A/B; 7CUV_A; MBO2503201.1; SAY37592.1,Q47RJ6_THEFY,C001
v002,v045,63.9,1.220e-96,343.0,7NEI_A/B; 7CUV_A; MBO2503201.1; SAY37592.1,Q47RJ7_THEFY,C001
v002,v046,64.6,2.230e-98,349.0,7NEI_A/B; 7CUV_A; MBO2503201.1; SAY37592.1,Q6A0I4,C001
v002,v047,48.9,5.710e-70,254.0,7NEI_A/B; 7CUV_A; MBO2503201.1; SAY37592.1,Q8RR62,C001
v002,v050,31.7,2.870e-29,119.0,7NEI_A/B; 7CUV_A; MBO2503201.1; SAY37592.1,RLT92980.1,C001
v002,v051,47.6,1.840e-68,249.0,7NEI_A/B; 7CUV_A; MBO2503201.1; SAY37592.1,RLU00646.1,C001
v002,v052,68.5,6.050e-104,367.0,7NEI_A/B; 7CUV_A; MBO2503201.1; SAY37592.1,SAY37579.1,C001
v002,v053,69.5,3.550e-104,368.0,7NEI_A/B; 7CUV_A; MBO2503201.1; SAY37592.1,SAY37582.1,C001
v002,v054,98.5,1.620e-149,518.0,7NEI_A/B; 7CUV_A; MBO2503201.1; SAY37592.1,SAY37583.1,C001
v002,v055,62.3,5.830e-91,324.0,7NEI_A/B; 7CUV_A; MBO2503201.1; SAY37592.1,SAY37584.1,C001
v002,v056,63.1,4.030e-92,328.0,7NEI_A/B; 7CUV_A; MBO2503201.1; SAY37592.1,SAY37587.1,C001
v002,v057,63.1,6.880e-92,327.0,7NEI_A/B; 7CUV_A; MBO2503201.1; SAY37592.1,SAY37589.1,C001
v002,v058,52.7,6.100e-72,261.0,7NEI_A/B; 7CUV_A; MBO2503201.1; SAY37592.1,SHM40309.1,C001
v002,v059,44.5,6.760e-63,231.0,7NEI_A/B; 7CUV_A; MBO2503201.1; SAY37592.1,SUD16364.1,C001
v002,v060,44.3,8.270e-61,224.0,7NEI_A/B; 7CUV_A; MBO2503201.1; SAY37592.1,OK558824,C001
v002,v061,45.9,9.440e-65,237.0,7NEI_A/B; 7CUV_A; MBO2503201.1; SAY37592.1,OK558825,C001
v002,v062,69.3,2.080e-104,369.0,7NEI_A/B; 7CUV_A; MBO2503201.1; SAY37592.1,WAU86704.1,C001
v002,v064,62.2,8.690e-95,337.0,7NEI_A/B; 7CUV_A; MBO2503201.1; SAY37592.1,WOR09923,C001
v002,v066,48.3,1.720e-66,243.0,7NEI_A/B; 7CUV_A; MBO2503201.1; SAY37592.1,A0A031MKR8,C001
v002,v067,33.7,1.240e-32,130.0,7NEI_A/B; 7CUV_A; MBO2503201.1; SAY37592.1,WP_039353427,C001
v002,v068,48.9,3.140e-68,248.0,7NEI_A/B; 7CUV_A; MBO2503201.1; SAY37592.1,A0A078MGG8,C001
v002,v069,50.8,7.270e-71,257.0,7NEI_A/B; 7CUV_A; MBO2503201.1; SAY37592.1,WP_058088494.1,C001
v002,v070,48.3,1.660e-69,253.0,7NEI_A/B; 7CUV_A; MBO2503201.1; SAY37592.1,WP_062195544.1,C001
v002,v071,43.0,1.410e-60,223.0,7NEI_A/B; 7CUV_A; MBO2503201.1; SAY37592.1,WP_068824797.1,C001
v002,v072,64.9,1.880e-97,346.0,7NEI_A/B; 7CUV_A; MBO2503201.1; SAY37592.1,WP_078759821.1,C001
v002,v073,60.1,3.220e-89,318.0,7NEI_A/B; 7CUV_A; MBO2503201.1; SAY37592.1,WP_082414832.1,C001
v002,v074,60.8,4.500e-91,324.0,7NEI_A/B; 7CUV_A; MBO2503201.1; SAY37592.1,WP_083947829.1,C001
v002,v075,45.6,2.570e-62,229.0,7NEI_A/B; 7CUV_A; MBO2503201.1; SAY37592.1,WP_085749238.1,C001
v002,v076,48.1,5.350e-68,248.0,7NEI_A/B; 7CUV_A; MBO2503201.1; SAY37592.1,A0A1H6AD45,C001
v002,v077,46.3,2.480e-65,239.0,7NEI_A/B; 7CUV_A; MBO2503201.1; SAY37592.1,WP_090538641.1,C001
v002,v078,66.2,4.060e-100,354.0,7NEI_A/B; 7CUV_A; MBO2503201.1; SAY37592.1,WP_093412886.1,C001
v002,v079,30.6,2.250e-27,113.0,7NEI_A/B; 7CUV_A; MBO2503201.1; SAY37592.1,WP_101893509.1,C001
v002,v080,64.6,2.910e-98,348.0,7NEI_A/B; 7CUV_A; MBO2503201.1; SAY37592.1,WP_104613137.1,C001
v002,v081,67.7,4.330e-102,361.0,7NEI_A/B; 7CUV_A; MBO2503201.1; SAY37592.1,WP_107095481.1,C001
v002,v082,33.2,2.120e-32,129.0,7NEI_A/B; 7CUV_A; MBO2503201.1; SAY37592.1,WP_111881932,C001
v002,v083,52.5,1.150e-70,257.0,7NEI_A/B; 7CUV_A; MBO2503201.1; SAY37592.1,WP_117215036.1,C001
v002,v086,45.3,8.840e-63,230.0,7NEI_A/B; 7CUV_A; MBO2503201.1; SAY37592.1,Ipet,C001
v002,v087,63.1,1.000e-90,323.0,7NEI_A/B; 7CUV_A; MBO2503201.1; SAY37592.1,XCO66867,C001
v002,v088,44.6,4.540e-59,218.0,7NEI_A/B; 7CUV_A; MBO2503201.1; SAY37592.1,XDS72785.1,C001
v002,v089,43.4,4.850e-61,225.0,7NEI_A/B; 7CUV_A; MBO2503201.1; SAY37592.1,ACC95208.1,C001
v003,v035,95.1,1.860e-202,695.0,YNPsite05_CeleraDRAFT_401410,YNPsite06_CeleraDRAFT_160970,C001
v003,v037,32.9,8.500e-21,91.0,YNPsite05_CeleraDRAFT_401410,JzSedJan11_10004914,C001
v003,v085,42.7,2.510e-17,79.0,YNPsite05_CeleraDRAFT_401410,YNP18_240440,C001
v004,v005,50.8,3.200e-69,252.0,A4W93_05950,ACY95991.1,C001
v004,v006,49.5,3.380e-71,258.0,A4W93_05950,D1A9G5,C001
v004,v007,50.7,4.760e-81,291.0,A4W93_05950,ADK73612,C001
v004,v008,49.3,4.430e-70,255.0,A4W93_05950,ADM47605.1,C001
v004,v009,47.0,2.890e-70,255.0,A4W93_05950,E8U721,C001
v004,v010,49.1,3.750e-69,252.0,A4W93_05950,E9LVH7,C001
v004,v011,49.4,4.000e-71,258.0,A4W93_05950,ADV92526.1,C001
v004,v012,48.7,1.290e-69,253.0,A4W93_05950,ADV92571,C001
v004,v013,49.8,1.990e-70,256.0,A4W93_05950,E9LVI0_THEFU,C001
v004,v014,48.4,3.420e-71,258.0,A4W93_05950,JN129499.1,C001
v004,v015,49.1,1.060e-72,263.0,A4W93_05950,JN129500.1,C001
v004,v016,51.3,6.180e-72,261.0,A4W93_05950,H6WX58,C001
v004,v018,66.1,3.050e-112,395.0,A4W93_05950,A0A0G3BI90_9BURK,C001
v004,v019,46.4,4.770e-73,265.0,A4W93_05950,KU695573,C001
v004,v020,47.2,2.530e-74,269.0,A4W93_05950,A0A1Z2SIQ1_VIBGA,C001
v004,v021,73.8,5.750e-119,417.0,A4W93_05950,BAB86909,C001
v004,v022,49.8,4.030e-72,262.0,A4W93_05950,BAI99230,C001
v004,v023,49.8,8.990e-72,260.0,A4W93_05950,F7IX06,C001
v004,v024,45.1,7.870e-68,247.0,A4W93_05950,W0TJ64,C001
v004,v025,48.8,1.530e-71,260.0,A4W93_05950,AJ810119,C001
v004,v026,50.0,3.050e-71,258.0,A4W93_05950,E5BBQ3_THEFU,C001
v004,v027,49.8,4.030e-72,262.0,A4W93_05950,D4Q9N1,C001
v004,v028,43.4,1.550e-60,223.0,A4W93_05950,DAC80635,C001
v004,v029,49.1,1.530e-71,260.0,A4W93_05950,E5BBQ2,C001
v004,v030,49.4,4.000e-71,258.0,A4W93_05950,E9LVH8,C001
v004,v031,48.7,1.290e-69,253.0,A4W93_05950,E9LVH9,C001
v004,v032,44.4,2.450e-61,226.0,A4W93_05950,EGD44994.1,C001
v004,v033,47.5,5.280e-64,235.0,A4W93_05950,G9BY57,C001
v004,v034,46.2,3.540e-60,222.0,A4W93_05950,GBD22443,C001
v004,v036,50.5,1.330e-81,293.0,A4W93_05950,R4YKL9_OLEAN,C001
v004,v041,51.4,4.300e-82,295.0,A4W93_05950,ODU60407.1,C001
v004,v042,65.0,3.270e-106,375.0,A4W93_05950,A0A1F4JXW8,C001
v004,v043,39.2,9.530e-59,217.0,A4W93_05950,P19833,C001
v004,v044,49.1,1.060e-72,263.0,A4W93_05950,Q47RJ6_THEFY,C001
v004,v045,48.4,3.420e-71,258.0,A4W93_05950,Q47RJ7_THEFY,C001
v004,v046,49.1,1.060e-72,263.0,A4W93_05950,Q6A0I4,C001
v004,v047,73.8,5.750e-119,417.0,A4W93_05950,Q8RR62,C001
v004,v050,32.6,1.090e-31,127.0,A4W93_05950,RLT92980.1,C001
v004,v051,52.8,6.870e-80,287.0,A4W93_05950,RLU00646.1,C001
v004,v052,47.4,6.340e-69,251.0,A4W93_05950,SAY37579.1,C001
v004,v053,47.4,8.280e-69,250.0,A4W93_05950,SAY37582.1,C001
v004,v054,48.5,4.090e-68,248.0,A4W93_05950,SAY37583.1,C001
v004,v055,46.6,1.710e-66,243.0,A4W93_05950,SAY37584.1,C001
v004,v056,47.4,2.020e-67,246.0,A4W93_05950,SAY37587.1,C001
v004,v057,46.3,2.910e-66,242.0,A4W93_05950,SAY37589.1,C001
v004,v058,40.8,4.940e-62,228.0,A4W93_05950,SHM40309.1,C001
v004,v059,51.2,1.430e-85,306.0,A4W93_05950,SUD16364.1,C001
v004,v060,45.6,1.230e-74,270.0,A4W93_05950,OK558824,C001
v004,v061,46.2,2.790e-73,265.0,A4W93_05950,OK558825,C001
v004,v062,50.0,1.380e-71,260.0,A4W93_05950,WAU86704.1,C001
v004,v064,48.5,4.490e-67,245.0,A4W93_05950,WOR09923,C001
v004,v066,50.8,1.250e-81,293.0,A4W93_05950,A0A031MKR8,C001
v004,v067,36.6,1.500e-42,163.0,A4W93_05950,WP_039353427,C001
v004,v068,49.3,1.130e-82,297.0,A4W93_05950,A0A078MGG8,C001
v004,v069,48.3,4.550e-73,265.0,A4W93_05950,WP_058088494.1,C001
v004,v070,50.7,1.430e-77,280.0,A4W93_05950,WP_062195544.1,C001
v004,v071,52.9,2.600e-87,312.0,A4W93_05950,WP_068824797.1,C001
v004,v072,45.8,2.530e-66,242.0,A4W93_05950,WP_078759821.1,C001
v004,v073,44.6,1.180e-63,233.0,A4W93_05950,WP_082414832.1,C001
v004,v074,51.7,4.480e-76,275.0,A4W93_05950,WP_083947829.1,C001
v004,v075,57.3,1.460e-87,313.0,A4W93_05950,WP_085749238.1,C001
v004,v076,48.1,1.870e-77,279.0,A4W93_05950,A0A1H6AD45,C001
v004,v077,48.8,8.970e-80,287.0,A4W93_05950,WP_090538641.1,C001
v004,v078,46.6,1.340e-67,247.0,A4W93_05950,WP_093412886.1,C001
v004,v079,32.2,7.460e-31,124.0,A4W93_05950,WP_101893509.1,C001
v004,v080,49.5,5.270e-72,261.0,A4W93_05950,WP_104613137.1,C001
v004,v081,49.3,9.600e-74,267.0,A4W93_05950,WP_107095481.1,C001
v004,v082,36.2,8.210e-41,158.0,A4W93_05950,WP_111881932,C001
v004,v083,38.8,1.590e-52,196.0,A4W93_05950,WP_117215036.1,C001
v004,v086,54.7,1.630e-83,299.0,A4W93_05950,Ipet,C001
v004,v087,46.2,1.450e-66,243.0,A4W93_05950,XCO66867,C001
v004,v088,49.3,1.300e-67,247.0,A4W93_05950,XDS72785.1,C001
v004,v089,49.3,1.290e-78,283.0,A4W93_05950,ACC95208.1,C001
v005,v006,79.2,3.110e-133,465.0,ACY95991.1,D1A9G5,C001
v005,v007,46.6,2.990e-67,245.0,ACY95991.1,ADK73612,C001
v005,v008,61.0,2.180e-93,332.0,ACY95991.1,ADM47605.1,C001
v005,v009,59.0,8.350e-94,334.0,ACY95991.1,E8U721,C001
v005,v010,60.1,2.260e-90,322.0,ACY95991.1,E9LVH7,C001
v005,v011,61.2,5.740e-94,334.0,ACY95991.1,ADV92526.1,C001
v005,v012,60.8,1.280e-93,333.0,ACY95991.1,ADV92571,C001
v005,v013,61.6,4.390e-94,334.0,ACY95991.1,E9LVI0_THEFU,C001
v005,v014,59.5,3.030e-97,345.0,ACY95991.1,JN129499.1,C001
v005,v015,59.8,7.530e-98,347.0,ACY95991.1,JN129500.1,C001
v005,v016,64.6,8.560e-98,347.0,ACY95991.1,H6WX58,C001
v005,v018,48.6,3.780e-70,255.0,ACY95991.1,A0A0G3BI90_9BURK,C001
v005,v019,44.2,4.940e-62,228.0,ACY95991.1,KU695573,C001
v005,v020,42.7,1.180e-55,207.0,ACY95991.1,A0A1Z2SIQ1_VIBGA,C001
v005,v021,50.4,9.940e-71,257.0,ACY95991.1,BAB86909,C001
v005,v022,60.3,1.440e-101,359.0,ACY95991.1,BAI99230,C001
v005,v023,61.9,1.240e-100,356.0,ACY95991.1,F7IX06,C001
v005,v024,57.8,2.120e-97,346.0,ACY95991.1,W0TJ64,C001
v005,v025,59.8,1.680e-97,346.0,ACY95991.1,AJ810119,C001
v005,v026,61.6,4.380e-94,334.0,ACY95991.1,E5BBQ3_THEFU,C001
v005,v027,60.3,1.440e-101,359.0,ACY95991.1,D4Q9N1,C001
v005,v028,52.0,1.880e-82,296.0,ACY95991.1,DAC80635,C001
v005,v029,60.5,3.580e-98,348.0,ACY95991.1,E5BBQ2,C001
v005,v030,61.2,5.740e-94,334.0,ACY95991.1,E9LVH8,C001
v005,v031,60.8,1.280e-93,333.0,ACY95991.1,E9LVH9,C001
v005,v032,51.9,1.020e-83,300.0,ACY95991.1,EGD44994.1,C001
v005,v033,59.0,4.440e-87,311.0,ACY95991.1,G9BY57,C001
v005,v034,57.6,4.590e-84,301.0,ACY95991.1,GBD22443,C001
v005,v036,44.7,8.430e-62,227.0,ACY95991.1,R4YKL9_OLEAN,C001
v005,v041,45.1,9.320e-61,224.0,ACY95991.1,ODU60407.1,C001
v005,v042,46.7,5.640e-66,241.0,ACY95991.1,A0A1F4JXW8,C001
v005,v043,40.8,7.910e-52,194.0,ACY95991.1,P19833,C001
v005,v044,59.8,7.530e-98,347.0,ACY95991.1,Q47RJ6_THEFY,C001
v005,v045,59.5,3.030e-97,345.0,ACY95991.1,Q47RJ7_THEFY,C001
v005,v046,59.8,7.530e-98,347.0,ACY95991.1,Q6A0I4,C001
v005,v047,50.4,9.940e-71,257.0,ACY95991.1,Q8RR62,C001
v005,v050,30.9,1.250e-27,114.0,ACY95991.1,RLT92980.1,C001
v005,v051,47.7,1.700e-70,256.0,ACY95991.1,RLU00646.1,C001
v005,v052,65.4,4.070e-100,354.0,ACY95991.1,SAY37579.1,C001
v005,v053,67.3,2.550e-102,362.0,ACY95991.1,SAY37582.1,C001
v005,v054,61.9,2.820e-93,332.0,ACY95991.1,SAY37583.1,C001
v005,v055,59.1,2.990e-87,312.0,ACY95991.1,SAY37584.1,C001
v005,v056,59.2,6.030e-88,314.0,ACY95991.1,SAY37587.1,C001
v005,v057,59.2,6.030e-88,314.0,ACY95991.1,SAY37589.1,C001
v005,v058,60.3,5.990e-92,327.0,ACY95991.1,SHM40309.1,C001
v005,v059,44.9,9.010e-64,234.0,ACY95991.1,SUD16364.1,C001
v005,v060,41.9,2.150e-57,213.0,ACY95991.1,OK558824,C001
v005,v061,41.0,6.680e-59,218.0,ACY95991.1,OK558825,C001
v005,v062,68.2,2.330e-103,365.0,ACY95991.1,WAU86704.1,C001
v005,v064,66.8,8.110e-101,357.0,ACY95991.1,WOR09923,C001
v005,v066,44.3,3.660e-65,238.0,ACY95991.1,A0A031MKR8,C001
v005,v067,32.3,5.520e-29,118.0,ACY95991.1,WP_039353427,C001
v005,v068,46.2,1.030e-67,247.0,ACY95991.1,A0A078MGG8,C001
v005,v069,50.5,1.080e-74,270.0,ACY95991.1,WP_058088494.1,C001
v005,v070,50.2,9.940e-71,257.0,ACY95991.1,WP_062195544.1,C001
v005,v071,48.1,6.030e-68,248.0,ACY95991.1,WP_068824797.1,C001
v005,v072,62.7,6.800e-102,361.0,ACY95991.1,WP_078759821.1,C001
v005,v073,58.1,8.650e-91,324.0,ACY95991.1,WP_082414832.1,C001
v005,v074,58.4,1.390e-93,333.0,ACY95991.1,WP_083947829.1,C001
v005,v075,47.2,2.960e-64,235.0,ACY95991.1,WP_085749238.1,C001
v005,v076,44.7,3.100e-64,235.0,ACY95991.1,A0A1H6AD45,C001
v005,v077,46.7,7.120e-69,251.0,ACY95991.1,WP_090538641.1,C001
v005,v078,57.5,7.320e-90,320.0,ACY95991.1,WP_093412886.1,C001
v005,v079,32.3,1.840e-29,120.0,ACY95991.1,WP_101893509.1,C001
v005,v080,60.1,7.530e-98,347.0,ACY95991.1,WP_104613137.1,C001
v005,v081,63.4,2.340e-104,369.0,ACY95991.1,WP_107095481.1,C001
v005,v082,33.9,2.560e-34,136.0,ACY95991.1,WP_111881932,C001
v005,v083,53.6,6.430e-78,281.0,ACY95991.1,WP_117215036.1,C001
v005,v086,49.5,6.230e-67,244.0,ACY95991.1,Ipet,C001
v005,v087,61.1,1.440e-98,349.0,ACY95991.1,XCO66867,C001
v005,v088,43.7,2.620e-60,222.0,ACY95991.1,XDS72785.1,C001
v005,v089,44.7,3.660e-65,238.0,ACY95991.1,ACC95208.1,C001
v006,v007,48.3,3.060e-72,262.0,D1A9G5,ADK73612,C001
v006,v008,61.2,8.860e-95,337.0,D1A9G5,ADM47605.1,C001
v006,v009,58.1,3.040e-96,342.0,D1A9G5,E8U721,C001
v006,v010,60.3,7.020e-92,327.0,D1A9G5,E9LVH7,C001
v006,v011,61.5,2.330e-95,339.0,D1A9G5,ADV92526.1,C001
v006,v012,61.1,3.970e-95,338.0,D1A9G5,ADV92571,C001
v006,v013,61.1,1.160e-94,336.0,D1A9G5,E9LVI0_THEFU,C001
v006,v014,59.8,1.040e-97,347.0,D1A9G5,JN129499.1,C001
v006,v015,60.1,5.760e-98,347.0,D1A9G5,JN129500.1,C001
v006,v016,64.1,9.460e-97,343.0,D1A9G5,H6WX58,C001
v006,v018,47.6,8.900e-72,260.0,D1A9G5,A0A0G3BI90_9BURK,C001
v006,v019,46.1,1.330e-67,247.0,D1A9G5,KU695573,C001
v006,v020,42.3,2.130e-57,213.0,D1A9G5,A0A1Z2SIQ1_VIBGA,C001
v006,v021,50.4,8.330e-70,254.0,D1A9G5,BAB86909,C001
v006,v022,62.0,4.480e-103,364.0,D1A9G5,BAI99230,C001
v006,v023,60.8,8.020e-100,354.0,D1A9G5,F7IX06,C001
v006,v024,58.0,1.900e-98,349.0,D1A9G5,W0TJ64,C001
v006,v025,59.4,2.860e-97,345.0,D1A9G5,AJ810119,C001
v006,v026,61.1,1.150e-94,336.0,D1A9G5,E5BBQ3_THEFU,C001
v006,v027,62.0,4.480e-103,364.0,D1A9G5,D4Q9N1,C001
v006,v028,55.1,2.800e-86,309.0,D1A9G5,DAC80635,C001
v006,v029,60.1,7.980e-98,347.0,D1A9G5,E5BBQ2,C001
v006,v030,61.5,2.330e-95,339.0,D1A9G5,E9LVH8,C001
v006,v031,61.1,3.970e-95,338.0,D1A9G5,E9LVH9,C001
v006,v032,55.6,1.120e-90,323.0,D1A9G5,EGD44994.1,C001
v006,v033,56.9,3.720e-86,308.0,D1A9G5,G9BY57,C001
v006,v034,56.9,5.370e-85,304.0,D1A9G5,GBD22443,C001
v006,v036,50.2,4.570e-68,248.0,D1A9G5,R4YKL9_OLEAN,C001
v006,v041,46.9,7.210e-64,234.0,D1A9G5,ODU60407.1,C001
v006,v042,48.7,3.060e-72,262.0,D1A9G5,A0A1F4JXW8,C001
v006,v043,45.0,7.570e-55,204.0,D1A9G5,P19833,C001
v006,v044,60.1,5.760e-98,347.0,D1A9G5,Q47RJ6_THEFY,C001
v006,v045,59.8,1.040e-97,347.0,D1A9G5,Q47RJ7_THEFY,C001
v006,v046,60.1,5.760e-98,347.0,D1A9G5,Q6A0I4,C001
v006,v047,50.4,8.330e-70,254.0,D1A9G5,Q8RR62,C001
v006,v051,52.3,1.370e-72,263.0,D1A9G5,RLU00646.1,C001
v006,v052,70.3,1.400e-108,382.0,D1A9G5,SAY37579.1,C001
v006,v053,70.3,2.810e-109,385.0,D1A9G5,SAY37582.1,C001
v006,v054,64.6,8.460e-98,347.0,D1A9G5,SAY37583.1,C001
v006,v055,59.3,2.290e-87,312.0,D1A9G5,SAY37584.1,C001
v006,v056,59.9,7.870e-88,314.0,D1A9G5,SAY37587.1,C001
v006,v057,59.9,7.870e-88,314.0,D1A9G5,SAY37589.1,C001
v006,v058,59.0,6.550e-91,324.0,D1A9G5,SHM40309.1,C001
v006,v059,44.4,1.800e-64,236.0,D1A9G5,SUD16364.1,C001
v006,v060,48.1,4.730e-65,238.0,D1A9G5,OK558824,C001
v006,v061,45.2,1.380e-64,236.0,D1A9G5,OK558825,C001
v006,v062,69.0,2.260e-106,375.0,D1A9G5,WAU86704.1,C001
v006,v064,68.4,2.440e-105,372.0,D1A9G5,WOR09923,C001
v006,v066,48.7,3.610e-73,265.0,D1A9G5,A0A031MKR8,C001
v006,v067,34.2,2.620e-31,126.0,D1A9G5,WP_039353427,C001
v006,v068,50.8,3.860e-75,272.0,D1A9G5,A0A078MGG8,C001
v006,v069,50.0,1.570e-73,266.0,D1A9G5,WP_058088494.1,C001
v006,v070,53.9,2.700e-76,275.0,D1A9G5,WP_062195544.1,C001
v006,v071,46.7,8.620e-67,244.0,D1A9G5,WP_068824797.1,C001
v006,v072,61.5,5.910e-100,354.0,D1A9G5,WP_078759821.1,C001
v006,v073,57.6,1.510e-95,339.0,D1A9G5,WP_082414832.1,C001
v006,v074,58.4,6.330e-94,334.0,D1A9G5,WP_083947829.1,C001
v006,v075,45.4,2.500e-63,232.0,D1A9G5,WP_085749238.1,C001
v006,v076,47.5,4.420e-71,258.0,D1A9G5,A0A1H6AD45,C001
v006,v077,49.7,6.580e-75,271.0,D1A9G5,WP_090538641.1,C001
v006,v078,58.8,4.850e-94,334.0,D1A9G5,WP_093412886.1,C001
v006,v080,59.8,2.860e-97,345.0,D1A9G5,WP_104613137.1,C001
v006,v081,66.7,4.360e-111,391.0,D1A9G5,WP_107095481.1,C001
v006,v082,34.7,7.360e-34,134.0,D1A9G5,WP_111881932,C001
v006,v083,54.2,1.420e-77,280.0,D1A9G5,WP_117215036.1,C001
v006,v086,49.3,2.530e-68,249.0,D1A9G5,Ipet,C001
v006,v087,61.1,9.030e-101,357.0,D1A9G5,XCO66867,C001
v006,v088,46.6,5.100e-64,235.0,D1A9G5,XDS72785.1,C001
v006,v089,46.0,1.130e-66,243.0,D1A9G5,ACC95208.1,C001
v007,v008,51.5,3.270e-73,265.0,ADK73612,ADM47605.1,C001
v007,v009,43.4,2.710e-63,232.0,ADK73612,E8U721,C001
v007,v010,51.5,5.590e-73,264.0,ADK73612,E9LVH7,C001
v007,v011,52.2,1.330e-74,270.0,ADK73612,ADV92526.1,C001
v007,v012,51.9,1.020e-74,270.0,ADK73612,ADV92571,C001
v007,v013,51.5,4.280e-73,265.0,ADK73612,E9LVI0_THEFU,C001
v007,v014,49.0,3.650e-76,275.0,ADK73612,JN129499.1,C001
v007,v015,49.4,2.780e-76,275.0,ADK73612,JN129500.1,C001
v007,v016,50.0,1.050e-71,260.0,ADK73612,H6WX58,C001
v007,v018,49.3,3.360e-82,295.0,ADK73612,A0A0G3BI90_9BURK,C001
v007,v019,74.4,1.410e-136,476.0,ADK73612,KU695573,C001
v007,v020,54.3,6.760e-91,324.0,ADK73612,A0A1Z2SIQ1_VIBGA,C001
v007,v021,49.7,6.880e-75,271.0,ADK73612,BAB86909,C001
v007,v022,47.0,8.240e-73,264.0,ADK73612,BAI99230,C001
v007,v023,47.8,1.680e-73,266.0,ADK73612,F7IX06,C001
v007,v024,48.9,4.170e-72,262.0,ADK73612,W0TJ64,C001
v007,v025,48.7,8.100e-76,274.0,ADK73612,AJ810119,C001
v007,v026,51.5,1.460e-73,266.0,ADK73612,E5BBQ3_THEFU,C001
v007,v027,47.0,8.240e-73,264.0,ADK73612,D4Q9N1,C001
v007,v028,40.6,7.940e-57,211.0,ADK73612,DAC80635,C001
v007,v029,49.0,1.060e-75,273.0,ADK73612,E5BBQ2,C001
v007,v030,52.2,1.330e-74,270.0,ADK73612,E9LVH8,C001
v007,v031,51.9,1.020e-74,270.0,ADK73612,E9LVH9,C001
v007,v032,44.3,4.980e-62,228.0,ADK73612,EGD44994.1,C001
v007,v033,46.6,4.630e-68,248.0,ADK73612,G9BY57,C001
v007,v034,44.5,6.920e-64,234.0,ADK73612,GBD22443,C001
v007,v036,55.5,4.570e-103,364.0,ADK73612,R4YKL9_OLEAN,C001
v007,v041,46.8,7.120e-72,261.0,ADK73612,ODU60407.1,C001
v007,v042,53.5,1.250e-84,303.0,ADK73612,A0A1F4JXW8,C001
v007,v043,42.6,2.710e-63,232.0,ADK73612,P19833,C001
v007,v044,49.4,2.780e-76,275.0,ADK73612,Q47RJ6_THEFY,C001
v007,v045,49.0,3.650e-76,275.0,ADK73612,Q47RJ7_THEFY,C001
v007,v046,49.4,2.780e-76,275.0,ADK73612,Q6A0I4,C001
v007,v047,49.7,6.880e-75,271.0,ADK73612,Q8RR62,C001
v007,v050,32.7,6.620e-37,144.0,ADK73612,RLT92980.1,C001
v007,v051,56.6,2.190e-100,356.0,ADK73612,RLU00646.1,C001
v007,v052,49.4,5.190e-71,258.0,ADK73612,SAY37579.1,C001
v007,v053,48.5,1.970e-70,256.0,ADK73612,SAY37582.1,C001
v007,v054,48.1,5.350e-68,248.0,ADK73612,SAY37583.1,C001
v007,v055,47.7,1.400e-68,250.0,ADK73612,SAY37584.1,C001
v007,v056,48.5,2.150e-69,252.0,ADK73612,SAY37587.1,C001
v007,v057,48.1,2.150e-69,252.0,ADK73612,SAY37589.1,C001
v007,v058,41.8,5.240e-59,218.0,ADK73612,SHM40309.1,C001
v007,v059,53.0,7.710e-95,337.0,ADK73612,SUD16364.1,C001
v007,v060,64.6,1.320e-118,416.0,ADK73612,OK558824,C001
v007,v061,65.9,1.970e-122,429.0,ADK73612,OK558825,C001
v007,v062,52.3,3.180e-76,275.0,ADK73612,WAU86704.1,C001
v007,v063,30.7,5.510e-26,108.0,ADK73612,Ipet,C001
v007,v064,50.2,1.950e-70,256.0,ADK73612,WOR09923,C001
v007,v066,85.8,2.470e-157,545.0,ADK73612,A0A031MKR8,C001
v007,v067,39.0,7.420e-45,171.0,ADK73612,WP_039353427,C001
v007,v068,88.4,2.160e-161,558.0,ADK73612,A0A078MGG8,C001
v007,v069,46.5,1.620e-62,230.0,ADK73612,WP_058088494.1,C001
v007,v070,50.9,5.090e-78,281.0,ADK73612,WP_062195544.1,C001
v007,v071,53.5,6.950e-96,341.0,ADK73612,WP_068824797.1,C001
v007,v072,45.1,2.290e-70,256.0,ADK73612,WP_078759821.1,C001
v007,v073,44.3,3.540e-63,232.0,ADK73612,WP_082414832.1,C001
v007,v074,49.1,7.150e-74,267.0,ADK73612,WP_083947829.1,C001
v007,v075,48.9,9.500e-71,257.0,ADK73612,WP_085749238.1,C001
v007,v076,76.8,3.700e-137,478.0,ADK73612,A0A1H6AD45,C001
v007,v077,85.9,2.310e-155,538.0,ADK73612,WP_090538641.1,C001
v007,v078,48.2,9.640e-74,267.0,ADK73612,WP_093412886.1,C001
v007,v079,31.9,1.830e-37,146.0,ADK73612,WP_101893509.1,C001
v007,v080,48.7,8.950e-75,270.0,ADK73612,WP_104613137.1,C001
v007,v081,46.6,9.300e-72,260.0,ADK73612,WP_107095481.1,C001
v007,v082,36.5,4.810e-44,168.0,ADK73612,WP_111881932,C001
v007,v083,38.0,1.770e-46,176.0,ADK73612,WP_117215036.1,C001
v007,v086,57.9,1.680e-96,342.0,ADK73612,Ipet,C001
v007,v087,42.4,1.270e-62,230.0,ADK73612,XCO66867,C001
v007,v088,42.6,4.330e-55,205.0,ADK73612,XDS72785.1,C001
v007,v089,61.1,5.570e-109,384.0,ADK73612,ACC95208.1,C001
v008,v009,59.5,3.600e-88,315.0,ADM47605.1,E8U721,C001
v008,v010,97.3,3.430e-147,511.0,ADM47605.1,E9LVH7,C001
v008,v011,98.9,2.290e-151,525.0,ADM47605.1,ADV92526.1,C001
v008,v012,92.7,5.120e-143,497.0,ADM47605.1,ADV92571,C001
v008,v013,97.3,1.260e-149,519.0,ADM47605.1,E9LVI0_THEFU,C001
v008,v014,92.7,1.760e-143,498.0,ADM47605.1,JN129499.1,C001
v008,v015,98.9,7.880e-152,526.0,ADM47605.1,JN129500.1,C001
v008,v016,74.3,3.690e-117,411.0,ADM47605.1,H6WX58,C001
v008,v017,33.3,4.510e-06,42.0,ADM47605.1,AGT96415,C001
v008,v018,51.9,5.400e-76,274.0,ADM47605.1,A0A0G3BI90_9BURK,C001
v008,v019,45.8,1.090e-68,250.0,ADM47605.1,KU695573,C001
v008,v020,48.5,1.920e-65,239.0,ADM47605.1,A0A1Z2SIQ1_VIBGA,C001
v008,v021,51.8,7.070e-68,247.0,ADM47605.1,BAB86909,C001
v008,v022,82.8,1.000e-130,456.0,ADM47605.1,BAI99230,C001
v008,v023,82.1,7.180e-129,450.0,ADM47605.1,F7IX06,C001
v008,v024,64.9,1.840e-100,356.0,ADM47605.1,W0TJ64,C001
v008,v025,92.0,1.490e-142,495.0,ADM47605.1,AJ810119,C001
v008,v026,98.9,1.340e-151,525.0,ADM47605.1,E5BBQ3_THEFU,C001
v008,v027,82.8,1.000e-130,456.0,ADM47605.1,D4Q9N1,C001
v008,v028,55.6,5.040e-82,294.0,ADM47605.1,DAC80635,C001
v008,v029,93.9,1.880e-145,505.0,ADM47605.1,E5BBQ2,C001
v008,v030,98.9,2.290e-151,525.0,ADM47605.1,E9LVH8,C001
v008,v031,92.7,5.120e-143,497.0,ADM47605.1,E9LVH9,C001
v008,v032,50.6,2.050e-75,272.0,ADM47605.1,EGD44994.1,C001
v008,v033,60.7,3.370e-86,308.0,ADM47605.1,G9BY57,C001
v008,v034,60.3,2.190e-85,305.0,ADM47605.1,GBD22443,C001
v008,v036,48.1,2.680e-67,245.0,ADM47605.1,R4YKL9_OLEAN,C001
v008,v040,30.5,1.070e-23,101.0,ADM47605.1,MEC8523093.1,C001
v008,v041,48.3,1.740e-66,243.0,ADM47605.1,ODU60407.1,C001
v008,v042,50.9,1.420e-76,276.0,ADM47605.1,A0A1F4JXW8,C001
v008,v043,43.9,4.450e-54,201.0,ADM47605.1,P19833,C001
v008,v044,98.9,7.880e-152,526.0,ADM47605.1,Q47RJ6_THEFY,C001
v008,v045,92.7,1.760e-143,498.0,ADM47605.1,Q47RJ7_THEFY,C001
v008,v046,98.9,7.880e-152,526.0,ADM47605.1,Q6A0I4,C001
v008,v047,51.8,7.070e-68,247.0,ADM47605.1,Q8RR62,C001
v008,v050,33.7,3.000e-34,136.0,ADM47605.1,RLT92980.1,C001
v008,v051,52.6,1.240e-72,263.0,ADM47605.1,RLU00646.1,C001
v008,v052,67.3,7.480e-102,360.0,ADM47605.1,SAY37579.1,C001
v008,v053,67.6,1.670e-101,359.0,ADM47605.1,SAY37582.1,C001
v008,v054,64.5,6.480e-98,347.0,ADM47605.1,SAY37583.1,C001
v008,v055,54.6,2.150e-77,279.0,ADM47605.1,SAY37584.1,C001
v008,v056,54.6,5.660e-78,281.0,ADM47605.1,SAY37587.1,C001
v008,v057,55.3,1.940e-78,282.0,ADM47605.1,SAY37589.1,C001
v008,v058,54.0,8.330e-77,277.0,ADM47605.1,SHM40309.1,C001
v008,v059,47.7,1.210e-67,247.0,ADM47605.1,SUD16364.1,C001
v008,v060,47.4,3.510e-67,245.0,ADM47605.1,OK558824,C001
v008,v061,46.2,2.510e-65,239.0,ADM47605.1,OK558825,C001
v008,v062,62.7,1.780e-95,339.0,ADM47605.1,WAU86704.1,C001
v008,v063,31.1,5.660e-25,105.0,ADM47605.1,Ipet,C001
v008,v064,65.1,1.100e-97,346.0,ADM47605.1,WOR09923,C001
v008,v066,49.8,1.380e-71,260.0,ADM47605.1,A0A031MKR8,C001
v008,v067,34.6,1.070e-31,127.0,ADM47605.1,WP_039353427,C001
v008,v068,51.3,1.330e-74,270.0,ADM47605.1,A0A078MGG8,C001
v008,v069,58.5,3.980e-87,311.0,ADM47605.1,WP_058088494.1,C001
v008,v070,49.1,1.470e-73,266.0,ADM47605.1,WP_062195544.1,C001
v008,v071,46.2,7.810e-67,244.0,ADM47605.1,WP_068824797.1,C001
v008,v072,60.8,1.160e-94,336.0,ADM47605.1,WP_078759821.1,C001
v008,v073,53.2,2.590e-78,282.0,ADM47605.1,WP_082414832.1,C001
v008,v074,78.6,1.110e-121,426.0,ADM47605.1,WP_083947829.1,C001
v008,v075,49.2,7.040e-66,241.0,ADM47605.1,WP_085749238.1,C001
v008,v076,49.6,4.730e-72,261.0,ADM47605.1,A0A1H6AD45,C001
v008,v077,50.0,6.180e-72,261.0,ADM47605.1,WP_090538641.1,C001
v008,v078,60.0,1.320e-90,323.0,ADM47605.1,WP_093412886.1,C001
v008,v079,34.3,6.250e-32,128.0,ADM47605.1,WP_101893509.1,C001
v008,v080,96.9,1.260e-149,519.0,ADM47605.1,WP_104613137.1,C001
v008,v081,63.5,2.250e-98,349.0,ADM47605.1,WP_107095481.1,C001
v008,v082,33.5,1.070e-31,127.0,ADM47605.1,WP_111881932,C001
v008,v083,48.3,8.940e-63,230.0,ADM47605.1,WP_117215036.1,C001
v008,v086,48.9,1.680e-69,253.0,ADM47605.1,Ipet,C001
v008,v087,59.1,9.810e-86,307.0,ADM47605.1,XCO66867,C001
v008,v088,50.0,1.050e-71,260.0,ADM47605.1,XDS72785.1,C001
v008,v089,49.4,1.160e-70,257.0,ADM47605.1,ACC95208.1,C001
v009,v010,58.6,2.190e-85,305.0,E8U721,E9LVH7,C001
v009,v011,59.7,7.260e-89,317.0,E8U721,ADV92526.1,C001
v009,v012,59.3,5.750e-86,307.0,E8U721,ADV92571,C001
v009,v013,58.9,2.340e-87,312.0,E8U721,E9LVI0_THEFU,C001
v009,v014,53.5,7.390e-88,314.0,E8U721,JN129499.1,C001
v009,v015,55.6,6.820e-91,324.0,E8U721,JN129500.1,C001
v009,v016,58.9,1.790e-87,312.0,E8U721,H6WX58,C001
v009,v018,49.5,2.470e-75,272.0,E8U721,A0A0G3BI90_9BURK,C001
v009,v019,41.0,2.180e-60,223.0,E8U721,KU695573,C001
v009,v020,42.6,7.300e-53,198.0,E8U721,A0A1Z2SIQ1_VIBGA,C001
v009,v021,47.9,5.680e-69,251.0,E8U721,BAB86909,C001
v009,v022,57.0,1.040e-91,327.0,E8U721,BAI99230,C001
v009,v023,56.0,7.520e-90,320.0,E8U721,F7IX06,C001
v009,v024,52.8,1.350e-86,310.0,E8U721,W0TJ64,C001
v009,v025,55.3,7.060e-88,314.0,E8U721,AJ810119,C001
v009,v026,59.7,9.450e-89,317.0,E8U721,E5BBQ3_THEFU,C001
v009,v027,57.0,1.040e-91,327.0,E8U721,D4Q9N1,C001
v009,v028,55.0,7.140e-82,294.0,E8U721,DAC80635,C001
v009,v029,53.4,7.900e-90,320.0,E8U721,E5BBQ2,C001
v009,v030,59.7,7.260e-89,317.0,E8U721,E9LVH8,C001
v009,v031,59.3,5.750e-86,307.0,E8U721,E9LVH9,C001
v009,v032,49.8,3.790e-78,282.0,E8U721,EGD44994.1,C001
v009,v033,55.6,1.340e-83,300.0,E8U721,G9BY57,C001
v009,v034,53.4,9.950e-79,283.0,E8U721,GBD22443,C001
v009,v036,43.5,1.250e-63,233.0,E8U721,R4YKL9_OLEAN,C001
v009,v041,47.6,1.010e-65,240.0,E8U721,ODU60407.1,C001
v009,v042,49.5,6.070e-74,268.0,E8U721,A0A1F4JXW8,C001
v009,v043,36.1,3.360e-48,182.0,E8U721,P19833,C001
v009,v044,55.6,6.820e-91,324.0,E8U721,Q47RJ6_THEFY,C001
v009,v045,53.5,7.390e-88,314.0,E8U721,Q47RJ7_THEFY,C001
v009,v046,55.6,6.820e-91,324.0,E8U721,Q6A0I4,C001
v009,v047,47.9,5.680e-69,251.0,E8U721,Q8RR62,C001
v009,v050,32.6,2.200e-32,129.0,E8U721,RLT92980.1,C001
v009,v051,46.0,1.590e-66,243.0,E8U721,RLU00646.1,C001
v009,v052,59.8,4.080e-92,328.0,E8U721,SAY37579.1,C001
v009,v053,63.2,1.230e-96,343.0,E8U721,SAY37582.1,C001
v009,v054,62.0,1.070e-92,330.0,E8U721,SAY37583.1,C001
v009,v055,57.8,4.040e-84,301.0,E8U721,SAY37584.1,C001
v009,v056,59.3,7.370e-86,307.0,E8U721,SAY37587.1,C001
v009,v057,58.1,1.060e-84,303.0,E8U721,SAY37589.1,C001
v009,v058,49.3,8.890e-75,270.0,E8U721,SHM40309.1,C001
v009,v059,39.9,3.380e-58,215.0,E8U721,SUD16364.1,C001
v009,v060,44.4,6.970e-62,228.0,E8U721,OK558824,C001
v009,v061,42.9,1.560e-58,216.0,E8U721,OK558825,C001
v009,v062,64.8,7.030e-100,354.0,E8U721,WAU86704.1,C001
v009,v064,67.7,2.000e-99,352.0,E8U721,WOR09923,C001
v009,v066,42.0,3.130e-62,229.0,E8U721,A0A031MKR8,C001
v009,v067,36.2,3.200e-34,136.0,E8U721,WP_039353427,C001
v009,v068,42.9,5.700e-64,235.0,E8U721,A0A078MGG8,C001
v009,v069,51.1,9.800e-76,273.0,E8U721,WP_058088494.1,C001
v009,v070,47.3,1.250e-73,267.0,E8U721,WP_062195544.1,C001
v009,v071,41.7,2.420e-56,209.0,E8U721,WP_068824797.1,C001
v009,v072,54.8,3.160e-91,325.0,E8U721,WP_078759821.1,C001
v009,v073,55.2,2.440e-88,315.0,E8U721,WP_082414832.1,C001
v009,v074,57.2,1.750e-88,316.0,E8U721,WP_083947829.1,C001
v009,v075,48.4,8.610e-64,234.0,E8U721,WP_085749238.1,C001
v009,v076,43.2,5.500e-64,235.0,E8U721,A0A1H6AD45,C001
v009,v077,41.3,1.040e-62,230.0,E8U721,WP_090538641.1,C001
v009,v078,57.0,2.140e-89,319.0,E8U721,WP_093412886.1,C001
v009,v079,32.8,3.350e-31,126.0,E8U721,WP_101893509.1,C001
v009,v080,54.9,2.200e-89,319.0,E8U721,WP_104613137.1,C001
v009,v081,62.2,1.010e-105,373.0,E8U721,WP_107095481.1,C001
v009,v082,34.2,2.000e-36,143.0,E8U721,WP_111881932,C001
v009,v083,48.1,1.550e-69,253.0,E8U721,WP_117215036.1,C001
v009,v086,42.9,1.700e-56,210.0,E8U721,Ipet,C001
v009,v087,56.6,5.860e-92,327.0,E8U721,XCO66867,C001
v009,v088,47.7,5.100e-64,235.0,E8U721,XDS72785.1,C001
v009,v089,46.6,2.580e-69,252.0,E8U721,ACC95208.1,C001
v010,v011,98.5,7.380e-150,520.0,E9LVH7,ADV92526.1,C001
v010,v012,91.6,3.110e-140,488.0,E9LVH7,ADV92571,C001
v010,v013,96.2,7.630e-147,510.0,E9LVH7,E9LVI0_THEFU,C001
v010,v014,91.6,1.180e-139,486.0,E9LVH7,JN129499.1,C001
v010,v015,98.5,2.800e-149,518.0,E9LVH7,JN129500.1,C001
v010,v016,73.7,4.520e-115,404.0,E9LVH7,H6WX58,C001
v010,v018,51.3,7.790e-75,270.0,E9LVH7,A0A0G3BI90_9BURK,C001
v010,v019,46.1,1.740e-66,243.0,E9LVH7,KU695573,C001
v010,v020,48.7,4.290e-65,238.0,E9LVH7,A0A1Z2SIQ1_VIBGA,C001
v010,v021,52.0,7.070e-68,247.0,E9LVH7,BAB86909,C001
v010,v022,81.6,6.720e-127,443.0,E9LVH7,BAI99230,C001
v010,v023,80.8,4.810e-125,437.0,E9LVH7,F7IX06,C001
v010,v024,63.7,3.250e-97,345.0,E9LVH7,W0TJ64,C001
v010,v025,91.2,3.430e-139,484.0,E9LVH7,AJ810119,C001
v010,v026,97.7,3.090e-148,514.0,E9LVH7,E5BBQ3_THEFU,C001
v010,v027,81.6,6.720e-127,443.0,E9LVH7,D4Q9N1,C001
v010,v028,55.1,1.050e-79,287.0,E9LVH7,DAC80635,C001
v010,v029,93.1,4.330e-142,494.0,E9LVH7,E5BBQ2,C001
v010,v030,98.5,7.380e-150,520.0,E9LVH7,E9LVH8,C001
v010,v031,91.6,3.110e-140,488.0,E9LVH7,E9LVH9,C001
v010,v032,49.8,1.630e-72,263.0,E9LVH7,EGD44994.1,C001
v010,v033,59.7,1.420e-84,303.0,E9LVH7,G9BY57,C001
v010,v034,59.7,5.380e-84,301.0,E9LVH7,GBD22443,C001
v010,v036,48.5,2.680e-67,245.0,E9LVH7,R4YKL9_OLEAN,C001
v010,v040,30.0,4.490e-22,95.0,E9LVH7,MEC8523093.1,C001
v010,v041,48.0,5.600e-65,238.0,E9LVH7,ODU60407.1,C001
v010,v042,51.1,1.200e-75,273.0,E9LVH7,A0A1F4JXW8,C001
v010,v043,43.8,6.420e-53,198.0,E9LVH7,P19833,C001
v010,v044,98.5,2.800e-149,518.0,E9LVH7,Q47RJ6_THEFY,C001
v010,v045,91.6,1.180e-139,486.0,E9LVH7,Q47RJ7_THEFY,C001
v010,v046,98.5,2.800e-149,518.0,E9LVH7,Q6A0I4,C001
v010,v047,52.0,7.070e-68,247.0,E9LVH7,Q8RR62,C001
v010,v050,33.7,8.720e-34,134.0,E9LVH7,RLT92980.1,C001
v010,v051,52.6,1.240e-72,263.0,E9LVH7,RLU00646.1,C001
v010,v052,66.7,6.950e-100,354.0,E9LVH7,SAY37579.1,C001
v010,v053,67.3,5.320e-100,354.0,E9LVH7,SAY37582.1,C001
v010,v054,63.6,7.920e-96,340.0,E9LVH7,SAY37583.1,C001
v010,v055,53.8,1.540e-75,273.0,E9LVH7,SAY37584.1,C001
v010,v056,53.8,5.290e-76,274.0,E9LVH7,SAY37587.1,C001
v010,v057,54.5,1.820e-76,276.0,E9LVH7,SAY37589.1,C001
v010,v058,53.6,1.200e-75,273.0,E9LVH7,SHM40309.1,C001
v010,v059,48.3,4.580e-67,245.0,E9LVH7,SUD16364.1,C001
v010,v060,47.0,8.640e-66,240.0,E9LVH7,OK558824,C001
v010,v061,46.2,4.740e-64,235.0,E9LVH7,OK558825,C001
v010,v062,62.5,4.860e-93,331.0,E9LVH7,WAU86704.1,C001
v010,v063,30.2,6.920e-23,98.0,E9LVH7,Ipet,C001
v010,v064,64.7,7.860e-96,340.0,E9LVH7,WOR09923,C001
v010,v066,49.8,6.830e-71,257.0,E9LVH7,A0A031MKR8,C001
v010,v067,35.2,6.250e-32,128.0,E9LVH7,WP_039353427,C001
v010,v068,51.3,1.130e-73,267.0,E9LVH7,A0A078MGG8,C001
v010,v069,60.4,1.510e-86,309.0,E9LVH7,WP_058088494.1,C001
v010,v070,48.0,3.060e-71,258.0,E9LVH7,WP_062195544.1,C001
v010,v071,46.8,5.060e-66,241.0,E9LVH7,WP_068824797.1,C001
v010,v072,59.9,1.560e-91,326.0,E9LVH7,WP_078759821.1,C001
v010,v073,52.7,1.850e-76,276.0,E9LVH7,WP_082414832.1,C001
v010,v074,78.2,3.950e-119,418.0,E9LVH7,WP_083947829.1,C001
v010,v075,48.5,2.680e-65,239.0,E9LVH7,WP_085749238.1,C001
v010,v076,49.1,7.550e-70,254.0,E9LVH7,A0A1H6AD45,C001
v010,v077,50.0,3.060e-71,258.0,E9LVH7,WP_090538641.1,C001
v010,v078,59.8,2.500e-89,319.0,E9LVH7,WP_093412886.1,C001
v010,v079,34.0,1.820e-31,126.0,E9LVH7,WP_101893509.1,C001
v010,v080,96.2,2.900e-146,508.0,E9LVH7,WP_104613137.1,C001
v010,v081,62.8,8.010e-96,340.0,E9LVH7,WP_107095481.1,C001
v010,v082,34.2,1.390e-31,127.0,E9LVH7,WP_111881932,C001
v010,v083,48.7,7.570e-62,227.0,E9LVH7,WP_117215036.1,C001
v010,v086,49.4,3.750e-69,252.0,E9LVH7,Ipet,C001
v010,v087,58.6,2.050e-83,299.0,E9LVH7,XCO66867,C001
v010,v088,50.2,1.800e-71,259.0,E9LVH7,XDS72785.1,C001
v010,v089,48.7,1.420e-68,250.0,E9LVH7,ACC95208.1,C001
v011,v012,93.1,2.080e-144,502.0,ADV92526.1,ADV92571,C001
v011,v013,97.7,5.110e-151,523.0,ADV92526.1,E9LVI0_THEFU,C001
v011,v014,93.1,7.900e-144,500.0,ADV92526.1,JN129499.1,C001
v011,v015,100.0,1.880e-153,532.0,ADV92526.1,JN129500.1,C001
v011,v016,75.2,3.020e-119,418.0,ADV92526.1,H6WX58,C001
v011,v017,33.3,4.510e-06,42.0,ADV92526.1,AGT96415,C001
v011,v018,52.0,3.740e-77,278.0,ADV92526.1,A0A0G3BI90_9BURK,C001
v011,v019,46.8,1.090e-68,250.0,ADV92526.1,KU695573,C001
v011,v020,49.1,1.330e-66,243.0,ADV92526.1,A0A1Z2SIQ1_VIBGA,C001
v011,v021,52.4,2.870e-69,252.0,ADV92526.1,BAB86909,C001
v011,v022,83.1,4.500e-131,457.0,ADV92526.1,BAI99230,C001
v011,v023,82.4,3.220e-129,451.0,ADV92526.1,F7IX06,C001
v011,v024,65.3,2.180e-101,359.0,ADV92526.1,W0TJ64,C001
v011,v025,92.3,6.690e-143,497.0,ADV92526.1,AJ810119,C001
v011,v026,99.2,2.070e-152,528.0,ADV92526.1,E5BBQ3_THEFU,C001
v011,v027,83.1,4.500e-131,457.0,ADV92526.1,D4Q9N1,C001
v011,v028,56.0,7.780e-83,297.0,ADV92526.1,DAC80635,C001
v011,v029,94.3,8.440e-146,506.0,ADV92526.1,E5BBQ2,C001
v011,v030,100.0,4.940e-154,533.0,ADV92526.1,E9LVH8,C001
v011,v031,93.1,2.080e-144,502.0,ADV92526.1,E9LVH9,C001
v011,v032,51.0,4.130e-76,275.0,ADV92526.1,EGD44994.1,C001
v011,v033,60.1,4.400e-86,308.0,ADV92526.1,G9BY57,C001
v011,v034,60.1,1.670e-85,306.0,ADV92526.1,GBD22443,C001
v011,v036,48.9,1.090e-68,250.0,ADV92526.1,R4YKL9_OLEAN,C001
v011,v040,30.5,6.260e-24,101.0,ADV92526.1,MEC8523093.1,C001
v011,v041,48.7,2.680e-67,245.0,ADV92526.1,ODU60407.1,C001
v011,v042,51.9,5.770e-78,281.0,ADV92526.1,A0A1F4JXW8,C001
v011,v043,44.2,2.610e-54,202.0,ADV92526.1,P19833,C001
v011,v044,100.0,1.880e-153,532.0,ADV92526.1,Q47RJ6_THEFY,C001
v011,v045,93.1,7.900e-144,500.0,ADV92526.1,Q47RJ7_THEFY,C001
v011,v046,100.0,1.880e-153,532.0,ADV92526.1,Q6A0I4,C001
v011,v047,52.4,2.870e-69,252.0,ADV92526.1,Q8RR62,C001
v011,v050,33.7,3.910e-34,135.0,ADV92526.1,RLT92980.1,C001
v011,v051,53.0,8.620e-74,267.0,ADV92526.1,RLU00646.1,C001
v011,v052,67.8,2.310e-103,365.0,ADV92526.1,SAY37579.1,C001
v011,v053,68.4,1.770e-103,366.0,ADV92526.1,SAY37582.1,C001
v011,v054,64.8,2.630e-99,352.0,ADV92526.1,SAY37583.1,C001
v011,v055,54.9,5.120e-79,284.0,ADV92526.1,SAY37584.1,C001
v011,v056,54.9,1.760e-79,286.0,ADV92526.1,SAY37587.1,C001
v011,v057,55.7,6.040e-80,287.0,ADV92526.1,SAY37589.1,C001
v011,v058,54.0,2.190e-77,279.0,ADV92526.1,SHM40309.1,C001
v011,v059,49.1,3.750e-69,252.0,ADV92526.1,SUD16364.1,C001
v011,v060,47.8,1.210e-67,247.0,ADV92526.1,OK558824,C001
v011,v061,46.6,8.640e-66,240.0,ADV92526.1,OK558825,C001
v011,v062,63.6,1.610e-96,342.0,ADV92526.1,WAU86704.1,C001
v011,v063,31.1,5.660e-25,105.0,ADV92526.1,Ipet,C001
v011,v064,65.9,4.450e-99,351.0,ADV92526.1,WOR09923,C001
v011,v066,50.2,1.630e-72,263.0,ADV92526.1,A0A031MKR8,C001
v011,v067,35.2,1.390e-31,127.0,ADV92526.1,WP_039353427,C001
v011,v068,52.0,5.400e-76,274.0,ADV92526.1,A0A078MGG8,C001
v011,v069,60.8,2.110e-88,315.0,ADV92526.1,WP_058088494.1,C001
v011,v070,49.1,1.920e-73,266.0,ADV92526.1,WP_062195544.1,C001
v011,v071,47.5,2.430e-68,249.0,ADV92526.1,WP_068824797.1,C001
v011,v072,61.1,3.970e-95,338.0,ADV92526.1,WP_078759821.1,C001
v011,v073,53.4,6.810e-79,284.0,ADV92526.1,WP_082414832.1,C001
v011,v074,79.7,2.640e-123,431.0,ADV92526.1,WP_083947829.1,C001
v011,v075,49.8,1.420e-66,243.0,ADV92526.1,WP_085749238.1,C001
v011,v076,49.8,3.620e-72,262.0,ADV92526.1,A0A1H6AD45,C001
v011,v077,50.7,1.920e-73,266.0,ADV92526.1,WP_090538641.1,C001
v011,v078,60.2,3.480e-91,325.0,ADV92526.1,WP_093412886.1,C001
v011,v079,34.0,8.160e-32,127.0,ADV92526.1,WP_101893509.1,C001
v011,v080,97.3,5.650e-150,520.0,ADV92526.1,WP_104613137.1,C001
v011,v081,64.0,2.660e-99,352.0,ADV92526.1,WP_107095481.1,C001
v011,v082,34.2,1.390e-31,127.0,ADV92526.1,WP_111881932,C001
v011,v083,48.7,5.240e-63,231.0,ADV92526.1,WP_117215036.1,C001
v011,v086,49.8,1.520e-70,256.0,ADV92526.1,Ipet,C001
v011,v087,59.5,1.510e-86,309.0,ADV92526.1,XCO66867,C001
v011,v088,50.6,7.290e-73,264.0,ADV92526.1,XDS72785.1,C001
v011,v089,49.4,8.920e-71,257.0,ADV92526.1,ACC95208.1,C001
v012,v013,94.7,9.970e-147,509.0,ADV92571,E9LVI0_THEFU,C001
v012,v014,100.0,2.220e-154,535.0,ADV92571,JN129499.1,C001
v012,v015,93.1,7.900e-144,500.0,ADV92571,JN129500.1,C001
v012,v016,76.7,4.980e-122,427.0,ADV92571,H6WX58,C001
v012,v018,49.8,3.870e-74,268.0,ADV92571,A0A0G3BI90_9BURK,C001
v012,v019,48.0,1.290e-69,253.0,ADV92571,KU695573,C001
v012,v020,48.0,1.920e-65,239.0,ADV92571,A0A1Z2SIQ1_VIBGA,C001
v012,v021,50.8,5.410e-68,248.0,ADV92571,BAB86909,C001
v012,v022,85.8,3.550e-136,474.0,ADV92571,BAI99230,C001
v012,v023,85.8,6.060e-136,473.0,ADV92571,F7IX06,C001
v012,v024,66.0,2.320e-103,365.0,ADV92571,W0TJ64,C001
v012,v025,99.2,1.880e-153,532.0,ADV92571,AJ810119,C001
v012,v026,93.1,4.610e-144,500.0,ADV92571,E5BBQ3_THEFU,C001
v012,v027,85.8,3.550e-136,474.0,ADV92571,D4Q9N1,C001
v012,v028,56.0,4.560e-83,298.0,ADV92571,DAC80635,C001
v012,v029,97.3,5.650e-150,520.0,ADV92571,E5BBQ2,C001
v012,v030,93.1,2.080e-144,502.0,ADV92571,E9LVH8,C001
v012,v031,100.0,5.830e-155,537.0,ADV92571,E9LVH9,C001
v012,v032,50.2,7.790e-75,270.0,ADV92571,EGD44994.1,C001
v012,v033,58.8,1.420e-84,303.0,ADV92571,G9BY57,C001
v012,v034,58.8,9.180e-84,300.0,ADV92571,GBD22443,C001
v012,v036,47.7,7.070e-68,247.0,ADV92571,R4YKL9_OLEAN,C001
v012,v040,31.1,1.820e-23,100.0,ADV92571,MEC8523093.1,C001
v012,v041,47.2,7.310e-65,237.0,ADV92571,ODU60407.1,C001
v012,v042,50.4,1.200e-75,273.0,ADV92571,A0A1F4JXW8,C001
v012,v043,44.1,2.000e-54,203.0,ADV92571,P19833,C001
v012,v044,93.1,7.900e-144,500.0,ADV92571,Q47RJ6_THEFY,C001
v012,v045,100.0,2.220e-154,535.0,ADV92571,Q47RJ7_THEFY,C001
v012,v046,93.1,7.900e-144,500.0,ADV92571,Q6A0I4,C001
v012,v047,50.8,5.410e-68,248.0,ADV92571,Q8RR62,C001
v012,v050,34.3,7.880e-35,138.0,ADV92571,RLT92980.1,C001
v012,v051,51.9,4.280e-73,265.0,ADV92571,RLU00646.1,C001
v012,v052,67.0,1.650e-101,359.0,ADV92571,SAY37579.1,C001
v012,v053,66.9,2.160e-101,359.0,ADV92571,SAY37582.1,C001
v012,v054,64.0,1.440e-97,346.0,ADV92571,SAY37583.1,C001
v012,v055,54.3,7.390e-78,280.0,ADV92571,SAY37584.1,C001
v012,v056,54.7,1.940e-78,282.0,ADV92571,SAY37587.1,C001
v012,v057,55.1,8.730e-79,283.0,ADV92571,SAY37589.1,C001
v012,v058,53.6,3.160e-76,275.0,ADV92571,SHM40309.1,C001
v012,v059,48.3,4.890e-69,251.0,ADV92571,SUD16364.1,C001
v012,v060,47.4,1.740e-66,243.0,ADV92571,OK558824,C001
v012,v061,46.6,1.920e-65,239.0,ADV92571,OK558825,C001
v012,v062,62.8,2.330e-95,339.0,ADV92571,WAU86704.1,C001
v012,v064,64.7,2.700e-96,342.0,ADV92571,WOR09923,C001
v012,v066,50.2,1.130e-73,267.0,ADV92571,A0A031MKR8,C001
v012,v067,35.7,1.070e-31,127.0,ADV92571,WP_039353427,C001
v012,v068,51.7,1.090e-76,277.0,ADV92571,A0A078MGG8,C001
v012,v069,61.2,1.160e-86,310.0,ADV92571,WP_058088494.1,C001
v012,v070,48.7,1.240e-72,263.0,ADV92571,WP_062195544.1,C001
v012,v071,46.8,3.170e-68,248.0,ADV92571,WP_068824797.1,C001
v012,v072,61.5,3.040e-95,338.0,ADV92571,WP_078759821.1,C001
v012,v073,53.1,8.900e-79,283.0,ADV92571,WP_082414832.1,C001
v012,v074,79.7,1.000e-122,429.0,ADV92571,WP_083947829.1,C001
v012,v075,49.0,2.130e-64,236.0,ADV92571,WP_085749238.1,C001
v012,v076,49.4,4.280e-73,265.0,ADV92571,A0A1H6AD45,C001
v012,v077,50.0,1.470e-73,266.0,ADV92571,WP_090538641.1,C001
v012,v078,59.8,2.950e-90,322.0,ADV92571,WP_093412886.1,C001
v012,v079,36.0,5.110e-34,135.0,ADV92571,WP_101893509.1,C001
v012,v080,94.3,1.100e-145,506.0,ADV92571,WP_104613137.1,C001
v012,v081,62.8,9.460e-97,343.0,ADV92571,WP_107095481.1,C001
v012,v082,35.2,2.800e-32,129.0,ADV92571,WP_111881932,C001
v012,v083,47.1,1.090e-60,223.0,ADV92571,WP_117215036.1,C001
v012,v086,49.8,1.050e-71,260.0,ADV92571,Ipet,C001
v012,v087,59.1,2.190e-85,305.0,ADV92571,XCO66867,C001
v012,v088,50.9,2.510e-73,265.0,ADV92571,XDS72785.1,C001
v012,v089,48.7,3.390e-70,255.0,ADV92571,ACC95208.1,C001
v013,v014,94.6,3.790e-146,507.0,E9LVI0_THEFU,JN129499.1,C001
v013,v015,97.7,1.940e-150,522.0,E9LVI0_THEFU,JN129500.1,C001
v013,v016,75.2,5.160e-119,417.0,E9LVI0_THEFU,H6WX58,C001
v013,v018,50.9,1.570e-75,273.0,E9LVI0_THEFU,A0A0G3BI90_9BURK,C001
v013,v019,46.5,2.060e-67,246.0,E9LVI0_THEFU,KU695573,C001
v013,v020,48.7,5.600e-65,238.0,E9LVI0_THEFU,A0A1Z2SIQ1_VIBGA,C001
v013,v021,51.6,5.410e-68,248.0,E9LVI0_THEFU,BAB86909,C001
v013,v022,82.4,8.480e-130,453.0,E9LVI0_THEFU,BAI99230,C001
v013,v023,81.2,6.080e-128,447.0,E9LVI0_THEFU,F7IX06,C001
v013,v024,64.9,4.850e-101,357.0,E9LVI0_THEFU,W0TJ64,C001
v013,v025,94.6,4.950e-146,507.0,E9LVI0_THEFU,AJ810119,C001
v013,v026,98.5,1.750e-151,525.0,E9LVI0_THEFU,E5BBQ3_THEFU,C001
v013,v027,82.4,8.480e-130,453.0,E9LVI0_THEFU,D4Q9N1,C001
v013,v028,56.0,2.260e-82,295.0,E9LVI0_THEFU,DAC80635,C001
v013,v029,96.6,6.240e-149,517.0,E9LVI0_THEFU,E5BBQ2,C001
v013,v030,97.7,5.110e-151,523.0,E9LVI0_THEFU,E9LVH8,C001
v013,v031,94.7,9.970e-147,509.0,E9LVI0_THEFU,E9LVH9,C001
v013,v032,50.2,7.790e-75,270.0,E9LVI0_THEFU,EGD44994.1,C001
v013,v033,59.3,1.080e-84,303.0,E9LVI0_THEFU,G9BY57,C001
v013,v034,59.3,5.380e-84,301.0,E9LVI0_THEFU,GBD22443,C001
v013,v036,48.1,9.230e-68,247.0,E9LVI0_THEFU,R4YKL9_OLEAN,C001
v013,v040,30.5,1.820e-23,100.0,E9LVI0_THEFU,MEC8523093.1,C001
v013,v041,47.6,3.280e-65,238.0,E9LVI0_THEFU,ODU60407.1,C001
v013,v042,50.7,4.130e-76,275.0,E9LVI0_THEFU,A0A1F4JXW8,C001
v013,v043,44.5,6.860e-55,204.0,E9LVI0_THEFU,P19833,C001
v013,v044,97.7,1.940e-150,522.0,E9LVI0_THEFU,Q47RJ6_THEFY,C001
v013,v045,94.6,3.790e-146,507.0,E9LVI0_THEFU,Q47RJ7_THEFY,C001
v013,v046,97.7,1.940e-150,522.0,E9LVI0_THEFU,Q6A0I4,C001
v013,v047,51.6,5.410e-68,248.0,E9LVI0_THEFU,Q8RR62,C001
v013,v050,33.9,1.340e-34,137.0,E9LVI0_THEFU,RLT92980.1,C001
v013,v051,51.9,1.380e-71,260.0,E9LVI0_THEFU,RLU00646.1,C001
v013,v052,68.2,1.040e-103,366.0,E9LVI0_THEFU,SAY37579.1,C001
v013,v053,68.4,2.310e-103,365.0,E9LVI0_THEFU,SAY37582.1,C001
v013,v054,64.8,3.430e-99,351.0,E9LVI0_THEFU,SAY37583.1,C001
v013,v055,54.2,2.150e-77,279.0,E9LVI0_THEFU,SAY37584.1,C001
v013,v056,54.5,5.660e-78,281.0,E9LVI0_THEFU,SAY37587.1,C001
v013,v057,54.9,2.540e-78,282.0,E9LVI0_THEFU,SAY37589.1,C001
v013,v058,53.6,2.420e-76,275.0,E9LVI0_THEFU,SHM40309.1,C001
v013,v059,48.7,1.860e-68,249.0,E9LVI0_THEFU,SUD16364.1,C001
v013,v060,47.0,3.880e-66,242.0,E9LVI0_THEFU,OK558824,C001
v013,v061,45.9,3.630e-64,235.0,E9LVI0_THEFU,OK558825,C001
v013,v062,62.5,3.040e-95,338.0,E9LVI0_THEFU,WAU86704.1,C001
v013,v063,31.1,2.150e-24,103.0,E9LVI0_THEFU,Ipet,C001
v013,v064,64.7,1.870e-97,346.0,E9LVI0_THEFU,WOR09923,C001
v013,v066,49.8,8.070e-72,260.0,E9LVI0_THEFU,A0A031MKR8,C001
v013,v067,34.8,2.620e-30,122.0,E9LVI0_THEFU,WP_039353427,C001
v013,v068,51.3,7.790e-75,270.0,E9LVI0_THEFU,A0A078MGG8,C001
v013,v069,61.2,2.760e-88,315.0,E9LVI0_THEFU,WP_058088494.1,C001
v013,v070,49.8,2.270e-74,269.0,E9LVI0_THEFU,WP_062195544.1,C001
v013,v071,47.2,2.680e-67,245.0,E9LVI0_THEFU,WP_068824797.1,C001
v013,v072,60.7,1.970e-94,335.0,E9LVI0_THEFU,WP_078759821.1,C001
v013,v073,52.7,7.530e-78,280.0,E9LVI0_THEFU,WP_082414832.1,C001
v013,v074,78.9,2.920e-122,428.0,E9LVI0_THEFU,WP_083947829.1,C001
v013,v075,49.4,5.390e-66,241.0,E9LVI0_THEFU,WP_085749238.1,C001
v013,v076,49.4,1.050e-71,260.0,E9LVI0_THEFU,A0A1H6AD45,C001
v013,v077,49.6,1.050e-71,260.0,E9LVI0_THEFU,WP_090538641.1,C001
v013,v078,60.2,7.760e-91,324.0,E9LVI0_THEFU,WP_093412886.1,C001
v013,v079,34.7,1.640e-32,130.0,E9LVI0_THEFU,WP_101893509.1,C001
v013,v080,99.6,4.180e-153,530.0,E9LVI0_THEFU,WP_104613137.1,C001
v013,v081,63.6,2.250e-98,349.0,E9LVI0_THEFU,WP_107095481.1,C001
v013,v082,33.9,1.180e-30,124.0,E9LVI0_THEFU,WP_111881932,C001
v013,v083,48.3,1.520e-62,230.0,E9LVI0_THEFU,WP_117215036.1,C001
v013,v086,49.8,2.590e-70,255.0,E9LVI0_THEFU,Ipet,C001
v013,v087,59.1,2.190e-85,305.0,E9LVI0_THEFU,XCO66867,C001
v013,v088,51.3,1.470e-73,266.0,E9LVI0_THEFU,XDS72785.1,C001
v013,v089,48.7,1.680e-69,253.0,E9LVI0_THEFU,ACC95208.1,C001
v014,v015,93.0,2.300e-163,565.0,JN129499.1,JN129500.1,C001
v014,v016,76.6,1.890e-121,425.0,JN129499.1,H6WX58,C001
v014,v018,49.7,4.250e-77,278.0,JN129499.1,A0A0G3BI90_9BURK,C001
v014,v019,45.3,1.120e-72,263.0,JN129499.1,KU695573,C001
v014,v020,47.5,5.760e-66,241.0,JN129499.1,A0A1Z2SIQ1_VIBGA,C001
v014,v021,47.2,2.550e-69,252.0,JN129499.1,BAB86909,C001
v014,v022,82.4,4.280e-146,507.0,JN129499.1,BAI99230,C001
v014,v023,84.4,1.700e-150,522.0,JN129499.1,F7IX06,C001
v014,v024,61.7,3.020e-105,372.0,JN129499.1,W0TJ64,C001
v014,v025,99.0,2.890e-174,601.0,JN129499.1,AJ810119,C001
v014,v026,93.1,4.610e-144,500.0,JN129499.1,E5BBQ3_THEFU,C001
v014,v027,82.4,4.280e-146,507.0,JN129499.1,D4Q9N1,C001
v014,v028,55.0,3.480e-85,305.0,JN129499.1,DAC80635,C001
v014,v029,96.6,3.740e-180,621.0,JN129499.1,E5BBQ2,C001
v014,v030,93.1,7.900e-144,500.0,JN129499.1,E9LVH8,C001
v014,v031,100.0,2.220e-154,535.0,JN129499.1,E9LVH9,C001
v014,v032,49.3,3.100e-80,289.0,JN129499.1,EGD44994.1,C001
v014,v033,57.1,2.890e-86,309.0,JN129499.1,G9BY57,C001
v014,v034,56.4,3.770e-86,308.0,JN129499.1,GBD22443,C001
v014,v036,47.7,8.360e-68,247.0,JN129499.1,R4YKL9_OLEAN,C001
v014,v041,44.3,1.010e-65,240.0,JN129499.1,ODU60407.1,C001
v014,v042,45.1,6.570e-76,274.0,JN129499.1,A0A1F4JXW8,C001
v014,v043,41.0,6.390e-55,205.0,JN129499.1,P19833,C001
v014,v044,93.0,2.300e-163,565.0,JN129499.1,Q47RJ6_THEFY,C001
v014,v045,100.0,4.120e-187,644.0,JN129499.1,Q47RJ7_THEFY,C001
v014,v046,93.0,2.300e-163,565.0,JN129499.1,Q6A0I4,C001
v014,v047,47.2,2.550e-69,252.0,JN129499.1,Q8RR62,C001
v014,v050,34.3,8.100e-35,138.0,JN129499.1,RLT92980.1,C001
v014,v051,47.9,7.860e-74,267.0,JN129499.1,RLU00646.1,C001
v014,v052,66.9,6.280e-101,357.0,JN129499.1,SAY37579.1,C001
v014,v053,66.8,8.210e-101,357.0,JN129499.1,SAY37582.1,C001
v014,v054,64.1,4.200e-97,344.0,JN129499.1,SAY37583.1,C001
v014,v055,54.4,2.150e-77,279.0,JN129499.1,SAY37584.1,C001
v014,v056,54.8,4.330e-78,281.0,JN129499.1,SAY37587.1,C001
v014,v057,55.1,1.940e-78,282.0,JN129499.1,SAY37589.1,C001
v014,v058,52.5,5.740e-80,288.0,JN129499.1,SHM40309.1,C001
v014,v059,46.7,5.950e-71,258.0,JN129499.1,SUD16364.1,C001
v014,v060,47.4,2.100e-66,243.0,JN129499.1,OK558824,C001
v014,v061,42.7,1.320e-65,240.0,JN129499.1,OK558825,C001
v014,v062,62.7,1.050e-95,340.0,JN129499.1,WAU86704.1,C001
v014,v063,30.5,4.670e-25,105.0,JN129499.1,Ipet,C001
v014,v064,64.7,2.700e-96,342.0,JN129499.1,WOR09923,C001
v014,v066,46.8,5.270e-75,271.0,JN129499.1,A0A031MKR8,C001
v014,v067,35.7,1.300e-31,127.0,JN129499.1,WP_039353427,C001
v014,v068,49.3,1.340e-78,283.0,JN129499.1,A0A078MGG8,C001
v014,v069,57.6,2.490e-87,312.0,JN129499.1,WP_058088494.1,C001
v014,v070,47.6,5.090e-75,271.0,JN129499.1,WP_062195544.1,C001
v014,v071,44.8,2.490e-69,252.0,JN129499.1,WP_068824797.1,C001
v014,v072,58.9,3.730e-100,355.0,JN129499.1,WP_078759821.1,C001
v014,v073,50.7,1.690e-81,293.0,JN129499.1,WP_082414832.1,C001
v014,v074,76.5,1.920e-127,445.0,JN129499.1,WP_083947829.1,C001
v014,v075,47.5,3.160e-66,242.0,JN129499.1,WP_085749238.1,C001
v014,v076,49.3,4.960e-73,265.0,JN129499.1,A0A1H6AD45,C001
v014,v077,46.2,9.040e-75,270.0,JN129499.1,WP_090538641.1,C001
v014,v078,56.6,6.010e-92,327.0,JN129499.1,WP_093412886.1,C001
v014,v079,36.0,5.520e-34,135.0,JN129499.1,WP_101893509.1,C001
v014,v080,94.0,3.210e-165,571.0,JN129499.1,WP_104613137.1,C001
v014,v081,58.8,1.410e-99,353.0,JN129499.1,WP_107095481.1,C001
v014,v082,35.2,3.410e-32,129.0,JN129499.1,WP_111881932,C001
v014,v083,46.1,6.820e-65,238.0,JN129499.1,WP_117215036.1,C001
v014,v086,48.4,6.430e-72,261.0,JN129499.1,Ipet,C001
v014,v087,56.1,1.950e-87,312.0,JN129499.1,XCO66867,C001
v014,v088,47.7,9.270e-74,267.0,JN129499.1,XDS72785.1,C001
v014,v089,45.8,9.820e-72,260.0,JN129499.1,ACC95208.1,C001
v015,v016,75.1,1.150e-118,416.0,JN129500.1,H6WX58,C001
v015,v017,33.3,5.180e-06,42.0,JN129500.1,AGT96415,C001
v015,v018,51.4,9.150e-80,287.0,JN129500.1,A0A0G3BI90_9BURK,C001
v015,v019,44.3,4.160e-72,262.0,JN129500.1,KU695573,C001
v015,v020,48.6,3.990e-67,245.0,JN129500.1,A0A1Z2SIQ1_VIBGA,C001
v015,v021,48.6,1.340e-70,257.0,JN129500.1,BAB86909,C001
v015,v022,80.4,1.420e-141,492.0,JN129500.1,BAI99230,C001
v015,v023,81.1,1.540e-143,499.0,JN129500.1,F7IX06,C001
v015,v024,61.4,7.030e-104,367.0,JN129500.1,W0TJ64,C001
v015,v025,92.7,6.680e-163,563.0,JN129500.1,AJ810119,C001
v015,v026,99.2,2.070e-152,528.0,JN129500.1,E5BBQ3_THEFU,C001
v015,v027,80.4,1.420e-141,492.0,JN129500.1,D4Q9N1,C001
v015,v028,55.0,5.600e-85,304.0,JN129500.1,DAC80635,C001
v015,v029,95.0,7.630e-167,576.0,JN129500.1,E5BBQ2,C001
v015,v030,100.0,1.880e-153,532.0,JN129500.1,E9LVH8,C001
v015,v031,93.1,7.900e-144,500.0,JN129500.1,E9LVH9,C001
v015,v032,49.7,2.150e-81,292.0,JN129500.1,EGD44994.1,C001
v015,v033,58.2,8.980e-88,314.0,JN129500.1,G9BY57,C001
v015,v034,57.4,1.170e-87,313.0,JN129500.1,GBD22443,C001
v015,v036,48.9,1.250e-68,250.0,JN129500.1,R4YKL9_OLEAN,C001
v015,v040,30.4,1.080e-24,104.0,JN129500.1,MEC8523093.1,C001
v015,v041,45.5,3.640e-68,248.0,JN129500.1,ODU60407.1,C001
v015,v042,51.7,6.620e-78,281.0,JN129500.1,A0A1F4JXW8,C001
v015,v043,38.2,4.620e-55,205.0,JN129500.1,P19833,C001
v015,v044,100.0,1.700e-174,602.0,JN129500.1,Q47RJ6_THEFY,C001
v015,v045,93.0,2.300e-163,565.0,JN129500.1,Q47RJ7_THEFY,C001
v015,v046,100.0,1.700e-174,602.0,JN129500.1,Q6A0I4,C001
v015,v047,48.6,1.340e-70,257.0,JN129500.1,Q8RR62,C001
v015,v050,33.7,4.020e-34,135.0,JN129500.1,RLT92980.1,C001
v015,v051,50.2,4.440e-74,268.0,JN129500.1,RLU00646.1,C001
v015,v052,67.7,8.770e-103,363.0,JN129500.1,SAY37579.1,C001
v015,v053,68.3,6.710e-103,364.0,JN129500.1,SAY37582.1,C001
v015,v054,64.9,7.650e-99,350.0,JN129500.1,SAY37583.1,C001
v015,v055,55.0,1.490e-78,283.0,JN129500.1,SAY37584.1,C001
v015,v056,55.0,3.920e-79,285.0,JN129500.1,SAY37587.1,C001
v015,v057,55.7,1.350e-79,286.0,JN129500.1,SAY37589.1,C001
v015,v058,51.5,1.080e-80,290.0,JN129500.1,SHM40309.1,C001
v015,v059,46.5,2.670e-71,259.0,JN129500.1,SUD16364.1,C001
v015,v060,47.8,1.380e-67,247.0,JN129500.1,OK558824,C001
v015,v061,46.6,9.920e-66,240.0,JN129500.1,OK558825,C001
v015,v062,63.5,7.270e-97,344.0,JN129500.1,WAU86704.1,C001
v015,v063,31.2,1.110e-26,111.0,JN129500.1,Ipet,C001
v015,v064,65.9,4.450e-99,351.0,JN129500.1,WOR09923,C001
v015,v066,46.8,4.440e-74,268.0,JN129500.1,A0A031MKR8,C001
v015,v067,35.2,1.600e-31,127.0,JN129500.1,WP_039353427,C001
v015,v068,49.7,5.070e-78,281.0,JN129500.1,A0A078MGG8,C001
v015,v069,56.8,2.660e-89,319.0,JN129500.1,WP_058088494.1,C001
v015,v070,47.9,7.860e-76,274.0,JN129500.1,WP_062195544.1,C001
v015,v071,44.7,1.910e-69,253.0,JN129500.1,WP_068824797.1,C001
v015,v072,58.7,2.190e-100,356.0,JN129500.1,WP_078759821.1,C001
v015,v073,51.0,7.590e-82,294.0,JN129500.1,WP_082414832.1,C001
v015,v074,76.8,1.330e-128,449.0,JN129500.1,WP_083947829.1,C001
v015,v075,49.3,1.790e-69,253.0,JN129500.1,WP_085749238.1,C001
v015,v076,49.6,4.160e-72,262.0,JN129500.1,A0A1H6AD45,C001
v015,v077,46.9,1.170e-74,270.0,JN129500.1,WP_090538641.1,C001
v015,v078,56.7,2.440e-93,332.0,JN129500.1,WP_093412886.1,C001
v015,v079,34.0,8.810e-32,127.0,JN129500.1,WP_101893509.1,C001
v015,v080,97.7,5.110e-171,590.0,JN129500.1,WP_104613137.1,C001
v015,v081,60.4,3.860e-102,361.0,JN129500.1,WP_107095481.1,C001
v015,v082,34.2,1.600e-31,127.0,JN129500.1,WP_111881932,C001
v015,v083,47.5,3.080e-67,245.0,JN129500.1,WP_117215036.1,C001
v015,v086,48.4,9.290e-71,257.0,JN129500.1,Ipet,C001
v015,v087,56.5,1.040e-88,317.0,JN129500.1,XCO66867,C001
v015,v088,47.4,1.580e-73,266.0,JN129500.1,XDS72785.1,C001
v015,v089,46.4,4.160e-72,262.0,JN129500.1,ACC95208.1,C001
v016,v018,50.2,3.870e-74,268.0,H6WX58,A0A0G3BI90_9BURK,C001
v016,v019,48.9,5.230e-71,258.0,H6WX58,KU695573,C001
v016,v020,45.7,2.350e-63,232.0,H6WX58,A0A1Z2SIQ1_VIBGA,C001
v016,v021,48.5,2.430e-68,249.0,H6WX58,BAB86909,C001
v016,v022,77.8,7.690e-123,430.0,H6WX58,BAI99230,C001
v016,v023,78.2,2.640e-123,431.0,H6WX58,F7IX06,C001
v016,v024,69.1,1.110e-105,373.0,H6WX58,W0TJ64,C001
v016,v025,75.9,1.600e-120,422.0,H6WX58,AJ810119,C001
v016,v026,74.7,3.330e-118,414.0,H6WX58,E5BBQ3_THEFU,C001
v016,v027,77.8,7.690e-123,430.0,H6WX58,D4Q9N1,C001
v016,v028,59.1,1.080e-84,303.0,H6WX58,DAC80635,C001
v016,v029,75.9,6.090e-120,420.0,H6WX58,E5BBQ2,C001
v016,v030,75.2,3.020e-119,418.0,H6WX58,E9LVH8,C001
v016,v031,76.7,4.980e-122,427.0,H6WX58,E9LVH9,C001
v016,v032,52.9,3.060e-79,285.0,H6WX58,EGD44994.1,C001
v016,v033,61.3,1.510e-86,309.0,H6WX58,G9BY57,C001
v016,v034,59.7,2.670e-83,299.0,H6WX58,GBD22443,C001
v016,v036,48.1,4.890e-69,251.0,H6WX58,R4YKL9_OLEAN,C001
v016,v040,33.9,6.690e-26,108.0,H6WX58,MEC8523093.1,C001
v016,v041,44.0,4.150e-60,221.0,H6WX58,ODU60407.1,C001
v016,v042,50.0,5.050e-74,268.0,H6WX58,A0A1F4JXW8,C001
v016,v043,44.0,3.890e-58,215.0,H6WX58,P19833,C001
v016,v044,75.1,1.150e-118,416.0,H6WX58,Q47RJ6_THEFY,C001
v016,v045,76.6,1.890e-121,425.0,H6WX58,Q47RJ7_THEFY,C001
v016,v046,75.1,1.150e-118,416.0,H6WX58,Q6A0I4,C001
v016,v047,48.5,2.430e-68,249.0,H6WX58,Q8RR62,C001
v016,v050,33.6,2.070e-35,139.0,H6WX58,RLT92980.1,C001
v016,v051,48.3,1.420e-68,250.0,H6WX58,RLU00646.1,C001
v016,v052,68.6,1.220e-104,369.0,H6WX58,SAY37579.1,C001
v016,v053,68.4,8.770e-103,363.0,H6WX58,SAY37582.1,C001
v016,v054,67.0,2.010e-99,352.0,H6WX58,SAY37583.1,C001
v016,v055,56.1,2.450e-81,292.0,H6WX58,SAY37584.1,C001
v016,v056,57.6,5.840e-83,297.0,H6WX58,SAY37587.1,C001
v016,v057,56.8,2.900e-82,295.0,H6WX58,SAY37589.1,C001
v016,v058,53.6,7.530e-78,280.0,H6WX58,SHM40309.1,C001
v016,v059,47.3,1.210e-67,247.0,H6WX58,SUD16364.1,C001
v016,v060,49.4,5.780e-70,254.0,H6WX58,OK558824,C001
v016,v061,48.7,1.210e-67,247.0,H6WX58,OK558825,C001
v016,v062,69.0,1.280e-101,359.0,H6WX58,WAU86704.1,C001
v016,v064,65.9,1.290e-98,349.0,H6WX58,WOR09923,C001
v016,v065,31.4,1.960e-06,43.0,H6WX58,WP_013858543.1,C001
v016,v066,51.9,5.050e-74,268.0,H6WX58,A0A031MKR8,C001
v016,v067,31.4,3.430e-30,122.0,H6WX58,WP_039353427,C001
v016,v068,51.8,2.050e-75,272.0,H6WX58,A0A078MGG8,C001
v016,v069,53.9,2.770e-80,289.0,H6WX58,WP_058088494.1,C001
v016,v070,49.4,3.060e-71,258.0,H6WX58,WP_062195544.1,C001
v016,v071,46.6,2.680e-67,245.0,H6WX58,WP_068824797.1,C001
v016,v072,67.9,3.590e-104,368.0,H6WX58,WP_078759821.1,C001
v016,v073,56.9,4.120e-84,301.0,H6WX58,WP_082414832.1,C001
v016,v074,74.7,1.660e-117,412.0,H6WX58,WP_083947829.1,C001
v016,v075,48.6,2.130e-64,236.0,H6WX58,WP_085749238.1,C001
v016,v076,51.1,1.920e-73,266.0,H6WX58,A0A1H6AD45,C001
v016,v077,49.8,5.590e-73,264.0,H6WX58,WP_090538641.1,C001
v016,v078,63.6,5.190e-95,337.0,H6WX58,WP_093412886.1,C001
v016,v079,34.7,1.760e-34,136.0,H6WX58,WP_101893509.1,C001
v016,v080,74.7,5.700e-118,414.0,H6WX58,WP_104613137.1,C001
v016,v081,67.4,9.770e-102,360.0,H6WX58,WP_107095481.1,C001
v016,v082,33.8,4.780e-32,128.0,H6WX58,WP_111881932,C001
v016,v083,48.1,2.130e-64,236.0,H6WX58,WP_117215036.1,C001
v016,v086,48.5,2.200e-69,252.0,H6WX58,Ipet,C001
v016,v087,63.8,9.790e-94,333.0,H6WX58,XCO66867,C001
v016,v088,48.7,5.230e-71,258.0,H6WX58,XDS72785.1,C001
v016,v089,47.6,2.680e-67,245.0,H6WX58,ACC95208.1,C001
v017,v022,30.1,8.690e-06,41.0,AGT96415,BAI99230,C001
v017,v027,30.1,8.690e-06,41.0,AGT96415,D4Q9N1,C001
v017,v030,33.3,4.510e-06,42.0,AGT96415,E9LVH8,C001
v017,v044,33.3,5.180e-06,42.0,AGT96415,Q47RJ6_THEFY,C001
v017,v046,33.3,5.180e-06,42.0,AGT96415,Q6A0I4,C001
v017,v062,34.1,4.530e-06,42.0,AGT96415,WAU86704.1,C001
v018,v019,44.7,1.240e-76,277.0,A0A0G3BI90_9BURK,KU695573,C001
v018,v020,48.6,7.750e-79,284.0,A0A0G3BI90_9BURK,A0A1Z2SIQ1_VIBGA,C001
v018,v021,66.1,2.730e-108,382.0,A0A0G3BI90_9BURK,BAB86909,C001
v018,v022,49.3,1.770e-75,273.0,A0A0G3BI90_9BURK,BAI99230,C001
v018,v023,48.0,8.300e-73,264.0,A0A0G3BI90_9BURK,F7IX06,C001
v018,v024,48.9,4.120e-72,262.0,A0A0G3BI90_9BURK,W0TJ64,C001
v018,v025,49.3,1.240e-76,277.0,A0A0G3BI90_9BURK,AJ810119,C001
v018,v026,51.5,4.120e-76,275.0,A0A0G3BI90_9BURK,E5BBQ3_THEFU,C001
v018,v027,49.3,1.770e-75,273.0,A0A0G3BI90_9BURK,D4Q9N1,C001
v018,v028,41.5,5.320e-61,225.0,A0A0G3BI90_9BURK,DAC80635,C001
v018,v029,50.0,1.460e-77,280.0,A0A0G3BI90_9BURK,E5BBQ2,C001
v018,v030,52.0,3.740e-77,278.0,A0A0G3BI90_9BURK,E9LVH8,C001
v018,v031,49.8,3.870e-74,268.0,A0A0G3BI90_9BURK,E9LVH9,C001
v018,v032,47.3,1.460e-69,253.0,A0A0G3BI90_9BURK,EGD44994.1,C001
v018,v033,48.6,1.760e-67,246.0,A0A0G3BI90_9BURK,G9BY57,C001
v018,v034,46.8,5.300e-64,235.0,A0A0G3BI90_9BURK,GBD22443,C001
v018,v036,55.8,4.390e-82,295.0,A0A0G3BI90_9BURK,R4YKL9_OLEAN,C001
v018,v041,52.6,5.540e-85,304.0,A0A0G3BI90_9BURK,ODU60407.1,C001
v018,v042,69.1,2.310e-115,405.0,A0A0G3BI90_9BURK,A0A1F4JXW8,C001
v018,v043,40.7,1.050e-59,220.0,A0A0G3BI90_9BURK,P19833,C001
v018,v044,51.4,9.150e-80,287.0,A0A0G3BI90_9BURK,Q47RJ6_THEFY,C001
v018,v045,49.7,4.250e-77,278.0,A0A0G3BI90_9BURK,Q47RJ7_THEFY,C001
v018,v046,51.4,9.150e-80,287.0,A0A0G3BI90_9BURK,Q6A0I4,C001
v018,v047,66.1,2.730e-108,382.0,A0A0G3BI90_9BURK,Q8RR62,C001
v018,v051,55.4,1.610e-84,303.0,A0A0G3BI90_9BURK,RLU00646.1,C001
v018,v052,49.1,5.010e-74,268.0,A0A0G3BI90_9BURK,SAY37579.1,C001
v018,v053,50.2,2.250e-74,269.0,A0A0G3BI90_9BURK,SAY37582.1,C001
v018,v054,51.5,4.090e-76,275.0,A0A0G3BI90_9BURK,SAY37583.1,C001
v018,v055,49.4,5.480e-73,264.0,A0A0G3BI90_9BURK,SAY37584.1,C001
v018,v056,49.8,2.460e-73,265.0,A0A0G3BI90_9BURK,SAY37587.1,C001
v018,v057,49.4,3.210e-73,265.0,A0A0G3BI90_9BURK,SAY37589.1,C001
v018,v058,43.8,8.320e-65,237.0,A0A0G3BI90_9BURK,SHM40309.1,C001
v018,v059,51.0,1.160e-82,297.0,A0A0G3BI90_9BURK,SUD16364.1,C001
v018,v060,42.7,2.950e-70,255.0,A0A0G3BI90_9BURK,OK558824,C001
v018,v061,46.0,3.850e-78,282.0,A0A0G3BI90_9BURK,OK558825,C001
v018,v062,50.7,1.740e-74,269.0,A0A0G3BI90_9BURK,WAU86704.1,C001
v018,v063,31.4,1.230e-33,134.0,A0A0G3BI90_9BURK,Ipet,C001
v018,v064,53.0,1.440e-73,266.0,A0A0G3BI90_9BURK,WOR09923,C001
v018,v066,50.0,9.450e-85,304.0,A0A0G3BI90_9BURK,A0A031MKR8,C001
v018,v067,34.1,1.690e-41,160.0,A0A0G3BI90_9BURK,WP_039353427,C001
v018,v068,51.5,4.530e-87,311.0,A0A0G3BI90_9BURK,A0A078MGG8,C001
v018,v069,45.9,2.500e-71,259.0,A0A0G3BI90_9BURK,WP_058088494.1,C001
v018,v070,49.2,1.690e-78,283.0,A0A0G3BI90_9BURK,WP_062195544.1,C001
v018,v071,51.0,1.230e-84,303.0,A0A0G3BI90_9BURK,WP_068824797.1,C001
v018,v072,47.1,4.550e-71,258.0,A0A0G3BI90_9BURK,WP_078759821.1,C001
v018,v073,49.3,1.850e-72,263.0,A0A0G3BI90_9BURK,WP_082414832.1,C001
v018,v074,54.0,1.220e-81,293.0,A0A0G3BI90_9BURK,WP_083947829.1,C001
v018,v075,55.7,2.570e-84,302.0,A0A0G3BI90_9BURK,WP_085749238.1,C001
v018,v076,49.2,4.110e-80,288.0,A0A0G3BI90_9BURK,A0A1H6AD45,C001
v018,v077,47.7,1.780e-83,299.0,A0A0G3BI90_9BURK,WP_090538641.1,C001
v018,v078,48.3,6.670e-75,271.0,A0A0G3BI90_9BURK,WP_093412886.1,C001
v018,v079,30.8,2.400e-29,119.0,A0A0G3BI90_9BURK,WP_101893509.1,C001
v018,v080,50.3,3.850e-78,282.0,A0A0G3BI90_9BURK,WP_104613137.1,C001
v018,v081,50.3,1.730e-78,283.0,A0A0G3BI90_9BURK,WP_107095481.1,C001
v018,v082,34.2,2.200e-41,159.0,A0A0G3BI90_9BURK,WP_111881932,C001
v018,v083,44.6,1.240e-60,223.0,A0A0G3BI90_9BURK,WP_117215036.1,C001
v018,v086,50.2,4.450e-81,291.0,A0A0G3BI90_9BURK,Ipet,C001
v018,v087,45.0,1.010e-67,247.0,A0A0G3BI90_9BURK,XCO66867,C001
v018,v088,45.1,3.910e-64,235.0,A0A0G3BI90_9BURK,XDS72785.1,C001
v018,v089,47.3,1.320e-78,283.0,A0A0G3BI90_9BURK,ACC95208.1,C001
v019,v020,54.3,7.730e-87,310.0,KU695573,A0A1Z2SIQ1_VIBGA,C001
v019,v021,44.9,3.120e-67,245.0,KU695573,BAB86909,C001
v019,v022,46.0,2.650e-71,259.0,KU695573,BAI99230,C001
v019,v023,45.6,1.580e-71,260.0,KU695573,F7IX06,C001
v019,v024,44.8,7.410e-69,251.0,KU695573,W0TJ64,C001
v019,v025,45.0,3.180e-72,262.0,KU695573,AJ810119,C001
v019,v026,46.5,5.390e-68,248.0,KU695573,E5BBQ3_THEFU,C001
v019,v027,46.0,2.650e-71,259.0,KU695573,D4Q9N1,C001
v019,v028,41.7,6.080e-57,211.0,KU695573,DAC80635,C001
v019,v029,45.3,2.490e-72,262.0,KU695573,E5BBQ2,C001
v019,v030,46.8,1.090e-68,250.0,KU695573,E9LVH8,C001
v019,v031,48.0,1.290e-69,253.0,KU695573,E9LVH9,C001
v019,v032,42.8,9.390e-61,224.0,KU695573,EGD44994.1,C001
v019,v033,45.9,6.690e-67,244.0,KU695573,G9BY57,C001
v019,v034,44.5,4.060e-64,235.0,KU695573,GBD22443,C001
v019,v036,53.8,5.320e-99,351.0,KU695573,R4YKL9_OLEAN,C001
v019,v041,44.0,3.940e-70,255.0,KU695573,ODU60407.1,C001
v019,v042,51.7,4.680e-79,285.0,KU695573,A0A1F4JXW8,C001
v019,v043,42.6,1.790e-62,230.0,KU695573,P19833,C001
v019,v044,44.3,4.160e-72,262.0,KU695573,Q47RJ6_THEFY,C001
v019,v045,45.3,1.120e-72,263.0,KU695573,Q47RJ7_THEFY,C001
v019,v046,44.3,4.160e-72,262.0,KU695573,Q6A0I4,C001
v019,v047,44.9,3.120e-67,245.0,KU695573,Q8RR62,C001
v019,v050,32.9,4.020e-34,135.0,KU695573,RLT92980.1,C001
v019,v051,56.0,5.320e-99,351.0,KU695573,RLU00646.1,C001
v019,v052,47.8,1.410e-68,250.0,KU695573,SAY37579.1,C001
v019,v053,46.1,1.320e-66,243.0,KU695573,SAY37582.1,C001
v019,v054,46.7,5.010e-66,241.0,KU695573,SAY37583.1,C001
v019,v055,42.5,6.710e-63,231.0,KU695573,SAY37584.1,C001
v019,v056,43.7,1.220e-64,236.0,KU695573,SAY37587.1,C001
v019,v057,42.9,1.040e-63,233.0,KU695573,SAY37589.1,C001
v019,v058,35.9,3.290e-53,199.0,KU695573,SHM40309.1,C001
v019,v059,52.2,4.380e-90,321.0,KU695573,SUD16364.1,C001
v019,v060,66.8,6.900e-123,430.0,KU695573,OK558824,C001
v019,v061,67.6,3.310e-125,438.0,KU695573,OK558825,C001
v019,v062,47.7,3.400e-70,255.0,KU695573,WAU86704.1,C001
v019,v064,47.2,1.540e-67,246.0,KU695573,WOR09923,C001
v019,v066,73.7,1.610e-132,462.0,KU695573,A0A031MKR8,C001
v019,v067,38.0,1.980e-45,173.0,KU695573,WP_039353427,C001
v019,v068,73.4,5.540e-133,464.0,KU695573,A0A078MGG8,C001
v019,v069,40.8,4.420e-60,221.0,KU695573,WP_058088494.1,C001
v019,v070,44.7,8.550e-73,264.0,KU695573,WP_062195544.1,C001
v019,v071,52.5,1.770e-91,326.0,KU695573,WP_068824797.1,C001
v019,v072,44.7,1.080e-67,247.0,KU695573,WP_078759821.1,C001
v019,v073,43.0,8.720e-62,227.0,KU695573,WP_082414832.1,C001
v019,v074,47.3,9.340e-74,267.0,KU695573,WP_083947829.1,C001
v019,v075,43.7,6.590e-64,234.0,KU695573,WP_085749238.1,C001
v019,v076,73.9,5.570e-133,464.0,KU695573,A0A1H6AD45,C001
v019,v077,73.9,1.120e-133,466.0,KU695573,WP_090538641.1,C001
v019,v078,44.6,6.460e-70,254.0,KU695573,WP_093412886.1,C001
v019,v079,30.9,7.970e-33,131.0,KU695573,WP_101893509.1,C001
v019,v080,44.0,7.840e-71,257.0,KU695573,WP_104613137.1,C001
v019,v081,45.4,1.160e-69,253.0,KU695573,WP_107095481.1,C001
v019,v082,36.1,7.060e-43,164.0,KU695573,WP_111881932,C001
v019,v083,36.5,4.140e-43,165.0,KU695573,WP_117215036.1,C001
v019,v086,57.4,3.630e-91,325.0,KU695573,Ipet,C001
v019,v087,41.0,1.840e-61,226.0,KU695573,XCO66867,C001
v019,v088,41.3,7.380e-55,204.0,KU695573,XDS72785.1,C001
v019,v089,61.2,9.670e-109,383.0,KU695573,ACC95208.1,C001
v020,v021,49.0,5.750e-74,268.0,A0A1Z2SIQ1_VIBGA,BAB86909,C001
v020,v022,46.2,1.510e-66,243.0,A0A1Z2SIQ1_VIBGA,BAI99230,C001
v020,v023,46.8,8.320e-65,237.0,A0A1Z2SIQ1_VIBGA,F7IX06,C001
v020,v024,44.8,1.470e-61,226.0,A0A1Z2SIQ1_VIBGA,W0TJ64,C001
v020,v025,47.8,2.590e-66,242.0,A0A1Z2SIQ1_VIBGA,AJ810119,C001
v020,v026,49.1,2.260e-66,242.0,A0A1Z2SIQ1_VIBGA,E5BBQ3_THEFU,C001
v020,v027,46.2,1.510e-66,243.0,A0A1Z2SIQ1_VIBGA,D4Q9N1,C001
v020,v028,38.8,1.310e-51,193.0,A0A1Z2SIQ1_VIBGA,DAC80635,C001
v020,v029,48.2,2.120e-66,243.0,A0A1Z2SIQ1_VIBGA,E5BBQ2,C001
v020,v030,49.1,1.330e-66,243.0,A0A1Z2SIQ1_VIBGA,E9LVH8,C001
v020,v031,48.0,1.920e-65,239.0,A0A1Z2SIQ1_VIBGA,E9LVH9,C001
v020,v032,40.9,2.240e-54,203.0,A0A1Z2SIQ1_VIBGA,EGD44994.1,C001
v020,v033,41.6,1.550e-55,206.0,A0A1Z2SIQ1_VIBGA,G9BY57,C001
v020,v034,40.9,1.220e-52,197.0,A0A1Z2SIQ1_VIBGA,GBD22443,C001
v020,v036,56.4,4.530e-87,311.0,A0A1Z2SIQ1_VIBGA,R4YKL9_OLEAN,C001
v020,v041,43.5,5.760e-66,241.0,A0A1Z2SIQ1_VIBGA,ODU60407.1,C001
v020,v042,51.3,3.050e-75,272.0,A0A1Z2SIQ1_VIBGA,A0A1F4JXW8,C001
v020,v043,48.0,3.050e-67,245.0,A0A1Z2SIQ1_VIBGA,P19833,C001
v020,v044,48.6,3.990e-67,245.0,A0A1Z2SIQ1_VIBGA,Q47RJ6_THEFY,C001
v020,v045,47.5,5.760e-66,241.0,A0A1Z2SIQ1_VIBGA,Q47RJ7_THEFY,C001
v020,v046,48.6,3.990e-67,245.0,A0A1Z2SIQ1_VIBGA,Q6A0I4,C001
v020,v047,49.0,5.750e-74,268.0,A0A1Z2SIQ1_VIBGA,Q8RR62,C001
v020,v051,62.0,6.080e-108,381.0,A0A1Z2SIQ1_VIBGA,RLU00646.1,C001
v020,v052,44.6,4.120e-60,221.0,A0A1Z2SIQ1_VIBGA,SAY37579.1,C001
v020,v053,42.8,2.420e-60,222.0,A0A1Z2SIQ1_VIBGA,SAY37582.1,C001
v020,v054,44.6,2.840e-61,225.0,A0A1Z2SIQ1_VIBGA,SAY37583.1,C001
v020,v055,43.2,2.820e-61,225.0,A0A1Z2SIQ1_VIBGA,SAY37584.1,C001
v020,v056,43.5,2.820e-61,225.0,A0A1Z2SIQ1_VIBGA,SAY37587.1,C001
v020,v057,43.2,2.160e-61,226.0,A0A1Z2SIQ1_VIBGA,SAY37589.1,C001
v020,v058,36.9,1.210e-47,180.0,A0A1Z2SIQ1_VIBGA,SHM40309.1,C001
v020,v059,58.8,6.510e-102,361.0,A0A1Z2SIQ1_VIBGA,SUD16364.1,C001
v020,v060,49.2,9.450e-85,304.0,A0A1Z2SIQ1_VIBGA,OK558824,C001
v020,v061,54.6,4.380e-90,321.0,A0A1Z2SIQ1_VIBGA,OK558825,C001
v020,v062,45.9,2.140e-64,236.0,A0A1Z2SIQ1_VIBGA,WAU86704.1,C001
v020,v063,30.5,9.110e-21,91.0,A0A1Z2SIQ1_VIBGA,Ipet,C001
v020,v064,44.7,1.110e-57,213.0,A0A1Z2SIQ1_VIBGA,WOR09923,C001
v020,v066,52.9,2.840e-89,319.0,A0A1Z2SIQ1_VIBGA,A0A031MKR8,C001
v020,v067,33.3,1.090e-40,157.0,A0A1Z2SIQ1_VIBGA,WP_039353427,C001
v020,v068,54.4,1.780e-91,326.0,A0A1Z2SIQ1_VIBGA,A0A078MGG8,C001
v020,v069,45.2,7.060e-58,214.0,A0A1Z2SIQ1_VIBGA,WP_058088494.1,C001
v020,v070,47.0,4.320e-66,242.0,A0A1Z2SIQ1_VIBGA,WP_062195544.1,C001
v020,v071,57.8,5.500e-101,357.0,A0A1Z2SIQ1_VIBGA,WP_068824797.1,C001
v020,v072,41.6,7.540e-58,214.0,A0A1Z2SIQ1_VIBGA,WP_078759821.1,C001
v020,v073,42.0,4.570e-55,205.0,A0A1Z2SIQ1_VIBGA,WP_082414832.1,C001
v020,v074,44.5,2.720e-65,239.0,A0A1Z2SIQ1_VIBGA,WP_083947829.1,C001
v020,v075,51.1,1.850e-74,269.0,A0A1Z2SIQ1_VIBGA,WP_085749238.1,C001
v020,v076,50.2,9.450e-85,304.0,A0A1Z2SIQ1_VIBGA,A0A1H6AD45,C001
v020,v077,51.3,6.990e-88,314.0,A0A1Z2SIQ1_VIBGA,WP_090538641.1,C001
v020,v078,42.9,5.480e-61,225.0,A0A1Z2SIQ1_VIBGA,WP_093412886.1,C001
v020,v079,30.3,2.250e-27,113.0,A0A1Z2SIQ1_VIBGA,WP_101893509.1,C001
v020,v080,48.2,1.680e-65,240.0,A0A1Z2SIQ1_VIBGA,WP_104613137.1,C001
v020,v081,43.9,2.680e-63,232.0,A0A1Z2SIQ1_VIBGA,WP_107095481.1,C001
v020,v082,33.5,5.080e-38,148.0,A0A1Z2SIQ1_VIBGA,WP_111881932,C001
v020,v083,35.5,6.410e-41,158.0,A0A1Z2SIQ1_VIBGA,WP_117215036.1,C001
v020,v086,58.7,5.050e-101,357.0,A0A1Z2SIQ1_VIBGA,Ipet,C001
v020,v087,40.1,8.840e-56,207.0,A0A1Z2SIQ1_VIBGA,XCO66867,C001
v020,v088,39.7,1.430e-48,183.0,A0A1Z2SIQ1_VIBGA,XDS72785.1,C001
v020,v089,51.2,3.470e-87,312.0,A0A1Z2SIQ1_VIBGA,ACC95208.1,C001
v021,v022,49.7,4.830e-73,265.0,BAB86909,BAI99230,C001
v021,v023,49.0,6.620e-70,254.0,BAB86909,F7IX06,C001
v021,v024,45.3,3.440e-66,242.0,BAB86909,W0TJ64,C001
v021,v025,47.6,1.130e-69,253.0,BAB86909,AJ810119,C001
v021,v026,52.6,4.870e-69,251.0,BAB86909,E5BBQ3_THEFU,C001
v021,v027,49.7,4.830e-73,265.0,BAB86909,D4Q9N1,C001
v021,v028,43.8,6.940e-61,224.0,BAB86909,DAC80635,C001
v021,v029,47.9,1.140e-69,253.0,BAB86909,E5BBQ2,C001
v021,v030,52.4,2.870e-69,252.0,BAB86909,E9LVH8,C001
v021,v031,50.8,5.410e-68,248.0,BAB86909,E9LVH9,C001
v021,v032,42.1,7.950e-60,221.0,BAB86909,EGD44994.1,C001
v021,v033,49.5,3.550e-68,248.0,BAB86909,G9BY57,C001
v021,v034,47.1,3.440e-63,232.0,BAB86909,GBD22443,C001
v021,v036,54.5,1.820e-75,273.0,BAB86909,R4YKL9_OLEAN,C001
v021,v041,46.2,1.490e-69,253.0,BAB86909,ODU60407.1,C001
v021,v042,64.2,5.620e-101,357.0,BAB86909,A0A1F4JXW8,C001
v021,v043,40.3,9.080e-59,217.0,BAB86909,P19833,C001
v021,v044,48.6,1.340e-70,257.0,BAB86909,Q47RJ6_THEFY,C001
v021,v045,47.2,2.550e-69,252.0,BAB86909,Q47RJ7_THEFY,C001
v021,v046,48.6,1.340e-70,257.0,BAB86909,Q6A0I4,C001
v021,v047,100.0,2.310e-179,618.0,BAB86909,Q8RR62,C001
v021,v049,30.8,5.890e-06,42.0,BAB86909,RLI42440.1,C001
v021,v050,32.5,4.750e-35,138.0,BAB86909,RLT92980.1,C001
v021,v051,52.8,2.150e-76,276.0,BAB86909,RLU00646.1,C001
v021,v052,48.3,2.180e-69,252.0,BAB86909,SAY37579.1,C001
v021,v053,50.2,1.230e-72,263.0,BAB86909,SAY37582.1,C001
v021,v054,50.0,6.750e-71,257.0,BAB86909,SAY37583.1,C001
v021,v055,47.9,6.930e-68,247.0,BAB86909,SAY37584.1,C001
v021,v056,48.7,4.800e-69,251.0,BAB86909,SAY37587.1,C001
v021,v057,47.9,4.060e-68,248.0,BAB86909,SAY37589.1,C001
v021,v058,43.1,1.420e-64,236.0,BAB86909,SHM40309.1,C001
v021,v059,50.5,8.570e-78,280.0,BAB86909,SUD16364.1,C001
v021,v060,46.1,7.920e-71,257.0,BAB86909,OK558824,C001
v021,v061,47.3,2.230e-73,266.0,BAB86909,OK558825,C001
v021,v062,52.1,2.130e-72,262.0,BAB86909,WAU86704.1,C001
v021,v064,47.9,2.090e-64,236.0,BAB86909,WOR09923,C001
v021,v066,48.5,8.130e-76,274.0,BAB86909,A0A031MKR8,C001
v021,v067,38.7,2.570e-45,173.0,BAB86909,WP_039353427,C001
v021,v068,49.1,3.300e-77,278.0,BAB86909,A0A078MGG8,C001
v021,v069,47.4,3.730e-67,245.0,BAB86909,WP_058088494.1,C001
v021,v070,52.3,4.610e-76,275.0,BAB86909,WP_062195544.1,C001
v021,v071,52.6,5.710e-82,294.0,BAB86909,WP_068824797.1,C001
v021,v072,45.0,3.120e-67,245.0,BAB86909,WP_078759821.1,C001
v021,v073,43.5,6.040e-63,231.0,BAB86909,WP_082414832.1,C001
v021,v074,51.3,3.000e-72,262.0,BAB86909,WP_083947829.1,C001
v021,v075,61.8,1.190e-97,346.0,BAB86909,WP_085749238.1,C001
v021,v076,47.2,1.000e-73,267.0,BAB86909,A0A1H6AD45,C001
v021,v077,47.9,4.490e-74,268.0,BAB86909,WP_090538641.1,C001
v021,v078,46.9,2.080e-68,249.0,BAB86909,WP_093412886.1,C001
v021,v079,32.2,1.610e-33,133.0,BAB86909,WP_101893509.1,C001
v021,v080,47.9,2.520e-69,252.0,BAB86909,WP_104613137.1,C001
v021,v081,51.3,1.180e-74,270.0,BAB86909,WP_107095481.1,C001
v021,v082,41.5,2.570e-45,173.0,BAB86909,WP_111881932,C001
v021,v083,39.0,1.550e-50,190.0,BAB86909,WP_117215036.1,C001
v021,v086,52.6,1.020e-77,280.0,BAB86909,Ipet,C001
v021,v087,44.3,4.680e-65,238.0,BAB86909,XCO66867,C001
v021,v088,41.0,5.290e-53,198.0,BAB86909,XDS72785.1,C001
v021,v089,48.1,1.760e-70,256.0,BAB86909,ACC95208.1,C001
v022,v023,92.7,8.030e-161,556.0,BAI99230,F7IX06,C001
v022,v024,59.2,3.550e-100,355.0,BAI99230,W0TJ64,C001
v022,v025,81.7,3.620e-145,504.0,BAI99230,AJ810119,C001
v022,v026,83.1,2.630e-131,458.0,BAI99230,E5BBQ3_THEFU,C001
v022,v027,100.0,1.010e-171,592.0,BAI99230,D4Q9N1,C001
v022,v028,52.8,1.180e-84,303.0,BAI99230,DAC80635,C001
v022,v029,81.1,1.990e-143,498.0,BAI99230,E5BBQ2,C001
v022,v030,83.1,4.500e-131,457.0,BAI99230,E9LVH8,C001
v022,v031,85.8,3.550e-136,474.0,BAI99230,E9LVH9,C001
v022,v032,52.9,2.300e-83,299.0,BAI99230,EGD44994.1,C001
v022,v033,58.1,1.130e-90,323.0,BAI99230,G9BY57,C001
v022,v034,57.9,2.140e-89,319.0,BAI99230,GBD22443,C001
v022,v036,48.2,1.360e-67,247.0,BAI99230,R4YKL9_OLEAN,C001
v022,v041,44.2,3.350e-66,242.0,BAI99230,ODU60407.1,C001
v022,v042,50.6,5.520e-77,278.0,BAI99230,A0A1F4JXW8,C001
v022,v043,38.9,5.020e-54,201.0,BAI99230,P19833,C001
v022,v044,80.4,1.420e-141,492.0,BAI99230,Q47RJ6_THEFY,C001
v022,v045,82.4,4.280e-146,507.0,BAI99230,Q47RJ7_THEFY,C001
v022,v046,80.4,1.420e-141,492.0,BAI99230,Q6A0I4,C001
v022,v047,49.7,4.830e-73,265.0,BAI99230,Q8RR62,C001
v022,v049,30.5,7.690e-06,41.0,BAI99230,RLI42440.1,C001
v022,v050,33.6,2.600e-33,132.0,BAI99230,RLT92980.1,C001
v022,v051,50.5,6.310e-73,264.0,BAI99230,RLU00646.1,C001
v022,v052,66.9,3.330e-102,361.0,BAI99230,SAY37579.1,C001
v022,v053,66.8,2.550e-102,362.0,BAI99230,SAY37582.1,C001
v022,v054,64.1,3.550e-96,341.0,BAI99230,SAY37583.1,C001
v022,v055,54.0,1.070e-76,277.0,BAI99230,SAY37584.1,C001
v022,v056,54.8,5.660e-78,281.0,BAI99230,SAY37587.1,C001
v022,v057,54.8,9.650e-78,280.0,BAI99230,SAY37589.1,C001
v022,v058,50.0,2.030e-79,286.0,BAI99230,SHM40309.1,C001
v022,v059,46.4,4.520e-71,258.0,BAI99230,SUD16364.1,C001
v022,v060,48.5,6.760e-67,244.0,BAI99230,OK558824,C001
v022,v061,47.3,2.930e-70,255.0,BAI99230,OK558825,C001
v022,v062,63.3,8.040e-96,340.0,BAI99230,WAU86704.1,C001
v022,v064,66.7,2.610e-99,352.0,BAI99230,WOR09923,C001
v022,v065,32.3,9.740e-06,41.0,BAI99230,WP_013858543.1,C001
v022,v066,48.3,2.740e-76,275.0,BAI99230,A0A031MKR8,C001
v022,v067,36.9,1.290e-33,134.0,BAI99230,WP_039353427,C001
v022,v068,49.7,2.480e-77,279.0,BAI99230,A0A078MGG8,C001
v022,v069,54.9,1.970e-84,302.0,BAI99230,WP_058088494.1,C001
v022,v070,51.1,2.000e-79,286.0,BAI99230,WP_062195544.1,C001
v022,v071,44.7,3.830e-70,255.0,BAI99230,WP_068824797.1,C001
v022,v072,58.6,1.760e-99,352.0,BAI99230,WP_078759821.1,C001
v022,v073,50.7,8.780e-83,297.0,BAI99230,WP_082414832.1,C001
v022,v074,78.2,9.820e-132,460.0,BAI99230,WP_083947829.1,C001
v022,v075,48.4,3.960e-67,245.0,BAI99230,WP_085749238.1,C001
v022,v076,45.9,4.090e-72,262.0,BAI99230,A0A1H6AD45,C001
v022,v077,48.5,4.670e-76,275.0,BAI99230,WP_090538641.1,C001
v022,v078,55.4,7.850e-92,327.0,BAI99230,WP_093412886.1,C001
v022,v079,34.7,1.960e-31,126.0,BAI99230,WP_101893509.1,C001
v022,v080,79.4,7.820e-140,486.0,BAI99230,WP_104613137.1,C001
v022,v081,62.1,2.380e-104,369.0,BAI99230,WP_107095481.1,C001
v022,v082,37.9,1.370e-35,140.0,BAI99230,WP_111881932,C001
v022,v083,46.7,6.320e-65,238.0,BAI99230,WP_117215036.1,C001
v022,v086,48.4,2.890e-72,262.0,BAI99230,Ipet,C001
v022,v087,57.4,3.220e-90,322.0,BAI99230,XCO66867,C001
v022,v088,51.9,3.190e-74,268.0,BAI99230,XDS72785.1,C001
v022,v089,44.9,1.450e-69,253.0,BAI99230,ACC95208.1,C001
v023,v024,59.5,1.460e-101,359.0,F7IX06,W0TJ64,C001
v023,v025,83.7,1.440e-149,519.0,F7IX06,AJ810119,C001
v023,v026,82.4,1.880e-129,452.0,F7IX06,E5BBQ3_THEFU,C001
v023,v027,92.7,8.030e-161,556.0,F7IX06,D4Q9N1,C001
v023,v028,52.5,4.180e-82,295.0,F7IX06,DAC80635,C001
v023,v029,81.7,7.400e-146,507.0,F7IX06,E5BBQ2,C001
v023,v030,82.4,3.220e-129,451.0,F7IX06,E9LVH8,C001
v023,v031,85.8,6.060e-136,473.0,F7IX06,E9LVH9,C001
v023,v032,50.9,8.170e-81,290.0,F7IX06,EGD44994.1,C001
v023,v033,56.0,5.260e-88,314.0,F7IX06,G9BY57,C001
v023,v034,55.1,1.920e-85,306.0,F7IX06,GBD22443,C001
v023,v036,48.9,6.190e-68,248.0,F7IX06,R4YKL9_OLEAN,C001
v023,v041,44.5,1.380e-67,247.0,F7IX06,ODU60407.1,C001
v023,v042,45.3,3.390e-74,268.0,F7IX06,A0A1F4JXW8,C001
v023,v043,38.6,5.090e-54,201.0,F7IX06,P19833,C001
v023,v044,81.1,1.540e-143,499.0,F7IX06,Q47RJ6_THEFY,C001
v023,v045,84.4,1.700e-150,522.0,F7IX06,Q47RJ7_THEFY,C001
v023,v046,81.1,1.540e-143,499.0,F7IX06,Q6A0I4,C001
v023,v047,49.0,6.620e-70,254.0,F7IX06,Q8RR62,C001
v023,v050,34.0,1.170e-33,134.0,F7IX06,RLT92980.1,C001
v023,v051,47.0,2.270e-70,256.0,F7IX06,RLU00646.1,C001
v023,v052,66.9,1.830e-100,356.0,F7IX06,SAY37579.1,C001
v023,v053,67.2,6.280e-101,357.0,F7IX06,SAY37582.1,C001
v023,v054,62.6,7.410e-94,334.0,F7IX06,SAY37583.1,C001
v023,v055,54.8,1.260e-77,280.0,F7IX06,SAY37584.1,C001
v023,v056,55.1,9.650e-78,280.0,F7IX06,SAY37587.1,C001
v023,v057,55.5,1.140e-78,283.0,F7IX06,SAY37589.1,C001
v023,v058,50.3,1.330e-78,283.0,F7IX06,SHM40309.1,C001
v023,v059,46.9,3.490e-71,258.0,F7IX06,SUD16364.1,C001
v023,v060,48.1,5.800e-66,241.0,F7IX06,OK558824,C001
v023,v061,43.3,2.600e-66,242.0,F7IX06,OK558825,C001
v023,v062,63.3,7.520e-94,334.0,F7IX06,WAU86704.1,C001
v023,v064,63.6,1.480e-94,336.0,F7IX06,WOR09923,C001
v023,v065,32.3,9.740e-06,41.0,F7IX06,WP_013858543.1,C001
v023,v066,47.2,5.780e-74,268.0,F7IX06,A0A031MKR8,C001
v023,v067,35.6,2.080e-31,126.0,F7IX06,WP_039353427,C001
v023,v068,47.2,4.430e-74,268.0,F7IX06,A0A078MGG8,C001
v023,v069,54.8,3.720e-83,298.0,F7IX06,WP_058088494.1,C001
v023,v070,49.5,1.210e-76,277.0,F7IX06,WP_062195544.1,C001
v023,v071,45.1,2.110e-68,249.0,F7IX06,WP_068824797.1,C001
v023,v072,59.3,2.750e-100,355.0,F7IX06,WP_078759821.1,C001
v023,v073,51.0,4.920e-81,291.0,F7IX06,WP_082414832.1,C001
v023,v074,76.8,7.780e-129,450.0,F7IX06,WP_083947829.1,C001
v023,v075,44.7,2.340e-61,226.0,F7IX06,WP_085749238.1,C001
v023,v076,46.2,5.990e-71,258.0,F7IX06,A0A1H6AD45,C001
v023,v077,47.2,4.150e-72,262.0,F7IX06,WP_090538641.1,C001
v023,v078,55.6,3.520e-92,328.0,F7IX06,WP_093412886.1,C001
v023,v079,34.4,1.960e-31,126.0,F7IX06,WP_101893509.1,C001
v023,v080,79.7,8.460e-142,493.0,F7IX06,WP_104613137.1,C001
v023,v081,59.9,5.200e-99,351.0,F7IX06,WP_107095481.1,C001
v023,v082,37.4,7.640e-34,134.0,F7IX06,WP_111881932,C001
v023,v083,48.1,1.800e-67,246.0,F7IX06,WP_117215036.1,C001
v023,v086,48.0,3.190e-71,258.0,F7IX06,Ipet,C001
v023,v087,55.8,3.930e-88,315.0,F7IX06,XCO66867,C001
v023,v088,47.0,3.900e-72,262.0,F7IX06,XDS72785.1,C001
v023,v089,45.1,2.130e-68,249.0,F7IX06,ACC95208.1,C001
v024,v025,61.7,3.730e-105,371.0,W0TJ64,AJ810119,C001
v024,v026,65.6,1.270e-101,359.0,W0TJ64,E5BBQ3_THEFU,C001
v024,v027,59.2,3.550e-100,355.0,W0TJ64,D4Q9N1,C001
v024,v028,49.5,8.160e-78,280.0,W0TJ64,DAC80635,C001
v024,v029,61.7,2.560e-104,369.0,W0TJ64,E5BBQ2,C001
v024,v030,65.3,2.180e-101,359.0,W0TJ64,E9LVH8,C001
v024,v031,66.0,2.320e-103,365.0,W0TJ64,E9LVH9,C001
v024,v032,50.0,3.670e-81,292.0,W0TJ64,EGD44994.1,C001
v024,v033,54.4,7.360e-82,294.0,W0TJ64,G9BY57,C001
v024,v034,53.3,2.530e-82,295.0,W0TJ64,GBD22443,C001
v024,v036,45.0,9.060e-67,244.0,W0TJ64,R4YKL9_OLEAN,C001
v024,v041,43.8,3.450e-58,215.0,W0TJ64,ODU60407.1,C001
v024,v042,49.6,3.120e-73,266.0,W0TJ64,A0A1F4JXW8,C001
v024,v043,36.2,5.340e-51,191.0,W0TJ64,P19833,C001
v024,v044,61.4,7.030e-104,367.0,W0TJ64,Q47RJ6_THEFY,C001
v024,v045,61.7,3.020e-105,372.0,W0TJ64,Q47RJ7_THEFY,C001
v024,v046,61.4,7.030e-104,367.0,W0TJ64,Q6A0I4,C001
v024,v047,45.3,3.440e-66,242.0,W0TJ64,Q8RR62,C001
v024,v050,30.3,1.630e-27,113.0,W0TJ64,RLT92980.1,C001
v024,v051,48.7,1.260e-68,250.0,W0TJ64,RLU00646.1,C001
v024,v052,75.8,1.700e-114,402.0,W0TJ64,SAY37579.1,C001
v024,v053,76.2,7.640e-115,403.0,W0TJ64,SAY37582.1,C001
v024,v054,65.1,3.110e-100,355.0,W0TJ64,SAY37583.1,C001
v024,v055,56.7,7.370e-86,307.0,W0TJ64,SAY37584.1,C001
v024,v056,57.1,1.940e-86,309.0,W0TJ64,SAY37587.1,C001
v024,v057,57.1,1.140e-86,310.0,W0TJ64,SAY37589.1,C001
v024,v058,49.0,6.160e-76,274.0,W0TJ64,SHM40309.1,C001
v024,v059,42.8,4.880e-65,238.0,W0TJ64,SUD16364.1,C001
v024,v060,44.5,3.330e-69,252.0,W0TJ64,OK558824,C001
v024,v061,43.7,3.680e-68,248.0,W0TJ64,OK558825,C001
v024,v062,65.5,2.040e-99,352.0,W0TJ64,WAU86704.1,C001
v024,v064,66.0,1.290e-98,349.0,W0TJ64,WOR09923,C001
v024,v066,46.2,6.440e-73,264.0,W0TJ64,A0A031MKR8,C001
v024,v067,31.3,4.400e-29,119.0,W0TJ64,WP_039353427,C001
v024,v068,49.8,3.770e-73,265.0,W0TJ64,A0A078MGG8,C001
v024,v069,50.4,5.750e-76,274.0,W0TJ64,WP_058088494.1,C001
v024,v070,45.8,3.530e-68,248.0,W0TJ64,WP_062195544.1,C001
v024,v071,44.9,1.320e-62,230.0,W0TJ64,WP_068824797.1,C001
v024,v072,62.2,2.210e-105,372.0,W0TJ64,WP_078759821.1,C001
v024,v073,54.5,1.210e-87,313.0,W0TJ64,WP_082414832.1,C001
v024,v074,59.9,4.450e-100,354.0,W0TJ64,WP_083947829.1,C001
v024,v075,43.8,5.220e-61,225.0,W0TJ64,WP_085749238.1,C001
v024,v076,50.9,1.890e-72,263.0,W0TJ64,A0A1H6AD45,C001
v024,v077,47.6,4.060e-75,272.0,W0TJ64,WP_090538641.1,C001
v024,v078,58.5,1.170e-95,340.0,W0TJ64,WP_093412886.1,C001
v024,v079,30.5,2.930e-27,112.0,W0TJ64,WP_101893509.1,C001
v024,v080,60.7,4.560e-103,364.0,W0TJ64,WP_104613137.1,C001
v024,v081,61.8,4.160e-104,368.0,W0TJ64,WP_107095481.1,C001
v024,v082,32.4,2.110e-31,126.0,W0TJ64,WP_111881932,C001
v024,v083,46.8,4.640e-71,258.0,W0TJ64,WP_117215036.1,C001
v024,v086,46.8,1.180e-65,240.0,W0TJ64,Ipet,C001
v024,v087,56.0,1.310e-91,326.0,W0TJ64,XCO66867,C001
v024,v088,44.2,3.090e-61,225.0,W0TJ64,XDS72785.1,C001
v024,v089,46.3,4.070e-67,245.0,W0TJ64,ACC95208.1,C001
v025,v026,93.1,6.020e-144,500.0,AJ810119,E5BBQ3_THEFU,C001
v025,v027,81.7,3.620e-145,504.0,AJ810119,D4Q9N1,C001
v025,v028,55.0,2.510e-85,305.0,AJ810119,DAC80635,C001
v025,v029,97.7,8.710e-171,589.0,AJ810119,E5BBQ2,C001
v025,v030,92.3,6.690e-143,497.0,AJ810119,E9LVH8,C001
v025,v031,99.2,1.880e-153,532.0,AJ810119,E9LVH9,C001
v025,v032,49.0,5.290e-80,288.0,AJ810119,EGD44994.1,C001
v025,v033,56.7,4.930e-86,308.0,AJ810119,G9BY57,C001
v025,v034,56.0,1.100e-85,307.0,AJ810119,GBD22443,C001
v025,v036,47.7,6.210e-68,248.0,AJ810119,R4YKL9_OLEAN,C001
v025,v041,43.9,2.890e-65,239.0,AJ810119,ODU60407.1,C001
v025,v042,45.8,4.020e-75,272.0,AJ810119,A0A1F4JXW8,C001
v025,v043,38.8,2.070e-55,206.0,AJ810119,P19833,C001
v025,v044,92.7,6.680e-163,563.0,AJ810119,Q47RJ6_THEFY,C001
v025,v045,99.0,2.890e-174,601.0,AJ810119,Q47RJ7_THEFY,C001
v025,v046,92.7,6.680e-163,563.0,AJ810119,Q6A0I4,C001
v025,v047,47.6,1.130e-69,253.0,AJ810119,Q8RR62,C001
v025,v050,33.9,2.360e-34,136.0,AJ810119,RLT92980.1,C001
v025,v051,47.5,2.210e-73,266.0,AJ810119,RLU00646.1,C001
v025,v052,67.3,2.820e-101,358.0,AJ810119,SAY37579.1,C001
v025,v053,67.2,3.680e-101,358.0,AJ810119,SAY37582.1,C001
v025,v054,64.1,3.210e-97,345.0,AJ810119,SAY37583.1,C001
v025,v055,54.8,9.650e-78,280.0,AJ810119,SAY37584.1,C001
v025,v056,55.1,1.940e-78,282.0,AJ810119,SAY37587.1,C001
v025,v057,55.5,8.730e-79,283.0,AJ810119,SAY37589.1,C001
v025,v058,52.5,7.080e-80,287.0,AJ810119,SHM40309.1,C001
v025,v059,47.1,2.670e-71,259.0,AJ810119,SUD16364.1,C001
v025,v060,47.0,5.820e-66,241.0,AJ810119,OK558824,C001
v025,v061,42.3,3.770e-65,238.0,AJ810119,OK558825,C001
v025,v062,62.4,3.060e-95,338.0,AJ810119,WAU86704.1,C001
v025,v063,30.1,1.040e-24,104.0,AJ810119,Ipet,C001
v025,v064,64.3,7.860e-96,340.0,AJ810119,WOR09923,C001
v025,v066,46.5,1.530e-74,270.0,AJ810119,A0A031MKR8,C001
v025,v067,35.7,9.370e-32,127.0,AJ810119,WP_039353427,C001
v025,v068,49.0,3.880e-78,282.0,AJ810119,A0A078MGG8,C001
v025,v069,57.6,1.120e-87,313.0,AJ810119,WP_058088494.1,C001
v025,v070,47.6,6.650e-75,271.0,AJ810119,WP_062195544.1,C001
v025,v071,45.1,1.120e-69,253.0,AJ810119,WP_068824797.1,C001
v025,v072,58.6,1.370e-99,353.0,AJ810119,WP_078759821.1,C001
v025,v073,50.3,4.920e-81,291.0,AJ810119,WP_082414832.1,C001
v025,v074,75.8,1.620e-126,442.0,AJ810119,WP_083947829.1,C001
v025,v075,47.8,1.420e-66,243.0,AJ810119,WP_085749238.1,C001
v025,v076,48.9,1.430e-72,263.0,AJ810119,A0A1H6AD45,C001
v025,v077,45.9,2.610e-74,269.0,AJ810119,WP_090538641.1,C001
v025,v078,56.7,2.060e-92,329.0,AJ810119,WP_093412886.1,C001
v025,v079,35.6,1.610e-33,133.0,AJ810119,WP_101893509.1,C001
v025,v080,95.0,1.700e-166,575.0,AJ810119,WP_104613137.1,C001
v025,v081,60.0,6.160e-100,354.0,AJ810119,WP_107095481.1,C001
v025,v082,35.2,2.470e-32,129.0,AJ810119,WP_111881932,C001
v025,v083,46.1,6.430e-65,238.0,AJ810119,WP_117215036.1,C001
v025,v086,48.7,2.890e-72,262.0,AJ810119,Ipet,C001
v025,v087,55.8,5.680e-87,311.0,AJ810119,XCO66867,C001
v025,v088,47.4,1.580e-73,266.0,AJ810119,XDS72785.1,C001
v025,v089,45.4,2.700e-71,259.0,AJ810119,ACC95208.1,C001
v026,v027,83.1,2.630e-131,458.0,E5BBQ3_THEFU,D4Q9N1,C001
v026,v028,56.0,1.010e-82,297.0,E5BBQ3_THEFU,DAC80635,C001
v026,v029,95.0,7.600e-147,510.0,E5BBQ3_THEFU,E5BBQ2,C001
v026,v030,99.2,2.070e-152,528.0,E5BBQ3_THEFU,E9LVH8,C001
v026,v031,93.1,4.610e-144,500.0,E5BBQ3_THEFU,E9LVH9,C001
v026,v032,50.6,2.040e-75,272.0,E5BBQ3_THEFU,EGD44994.1,C001
v026,v033,59.9,1.280e-85,306.0,E5BBQ3_THEFU,G9BY57,C001
v026,v034,59.9,8.280e-85,304.0,E5BBQ3_THEFU,GBD22443,C001
v026,v036,48.5,3.160e-68,248.0,E5BBQ3_THEFU,R4YKL9_OLEAN,C001
v026,v040,30.5,1.390e-23,100.0,E5BBQ3_THEFU,MEC8523093.1,C001
v026,v041,48.3,1.330e-66,243.0,E5BBQ3_THEFU,ODU60407.1,C001
v026,v042,51.1,6.350e-77,277.0,E5BBQ3_THEFU,A0A1F4JXW8,C001
v026,v043,44.3,8.920e-55,204.0,E5BBQ3_THEFU,P19833,C001
v026,v044,99.2,2.070e-152,528.0,E5BBQ3_THEFU,Q47RJ6_THEFY,C001
v026,v045,93.1,4.610e-144,500.0,E5BBQ3_THEFU,Q47RJ7_THEFY,C001
v026,v046,99.2,2.070e-152,528.0,E5BBQ3_THEFU,Q6A0I4,C001
v026,v047,52.6,4.870e-69,251.0,E5BBQ3_THEFU,Q8RR62,C001
v026,v050,33.3,1.130e-33,134.0,E5BBQ3_THEFU,RLT92980.1,C001
v026,v051,52.6,4.260e-73,265.0,E5BBQ3_THEFU,RLU00646.1,C001
v026,v052,68.1,5.140e-103,364.0,E5BBQ3_THEFU,SAY37579.1,C001
v026,v053,68.3,1.150e-102,363.0,E5BBQ3_THEFU,SAY37582.1,C001
v026,v054,64.9,7.650e-99,350.0,E5BBQ3_THEFU,SAY37583.1,C001
v026,v055,55.3,1.140e-78,283.0,E5BBQ3_THEFU,SAY37584.1,C001
v026,v056,55.3,3.000e-79,285.0,E5BBQ3_THEFU,SAY37587.1,C001
v026,v057,56.1,1.030e-79,287.0,E5BBQ3_THEFU,SAY37589.1,C001
v026,v058,54.0,4.860e-77,278.0,E5BBQ3_THEFU,SHM40309.1,C001
v026,v059,49.1,6.370e-69,251.0,E5BBQ3_THEFU,SUD16364.1,C001
v026,v060,47.0,1.330e-66,243.0,E5BBQ3_THEFU,OK558824,C001
v026,v061,45.9,9.510e-65,237.0,E5BBQ3_THEFU,OK558825,C001
v026,v062,62.8,1.780e-95,339.0,E5BBQ3_THEFU,WAU86704.1,C001
v026,v063,31.1,4.320e-25,105.0,E5BBQ3_THEFU,Ipet,C001
v026,v064,65.1,4.920e-98,347.0,E5BBQ3_THEFU,WOR09923,C001
v026,v066,49.8,6.150e-72,261.0,E5BBQ3_THEFU,A0A031MKR8,C001
v026,v067,35.2,1.390e-31,127.0,E5BBQ3_THEFU,WP_039353427,C001
v026,v068,51.3,5.940e-75,271.0,E5BBQ3_THEFU,A0A078MGG8,C001
v026,v069,60.4,6.120e-88,314.0,E5BBQ3_THEFU,WP_058088494.1,C001
v026,v070,49.8,1.730e-74,269.0,E5BBQ3_THEFU,WP_062195544.1,C001
v026,v071,47.5,4.130e-68,248.0,E5BBQ3_THEFU,WP_068824797.1,C001
v026,v072,60.7,1.500e-94,336.0,E5BBQ3_THEFU,WP_078759821.1,C001
v026,v073,53.1,3.370e-78,282.0,E5BBQ3_THEFU,WP_082414832.1,C001
v026,v074,78.9,2.910e-122,428.0,E5BBQ3_THEFU,WP_083947829.1,C001
v026,v075,49.8,2.420e-66,242.0,E5BBQ3_THEFU,WP_085749238.1,C001
v026,v076,49.4,1.790e-71,259.0,E5BBQ3_THEFU,A0A1H6AD45,C001
v026,v077,50.0,2.110e-72,262.0,E5BBQ3_THEFU,WP_090538641.1,C001
v026,v078,60.6,2.030e-91,325.0,E5BBQ3_THEFU,WP_093412886.1,C001
v026,v079,33.9,3.090e-31,126.0,E5BBQ3_THEFU,WP_101893509.1,C001
v026,v080,98.1,5.090e-151,523.0,E5BBQ3_THEFU,WP_104613137.1,C001
v026,v081,64.4,2.030e-99,352.0,E5BBQ3_THEFU,WP_107095481.1,C001
v026,v082,34.2,1.390e-31,127.0,E5BBQ3_THEFU,WP_111881932,C001
v026,v083,48.3,1.520e-62,230.0,E5BBQ3_THEFU,WP_117215036.1,C001
v026,v086,50.2,8.880e-71,257.0,E5BBQ3_THEFU,Ipet,C001
v026,v087,59.1,7.490e-86,307.0,E5BBQ3_THEFU,XCO66867,C001
v026,v088,50.0,8.030e-72,260.0,E5BBQ3_THEFU,XDS72785.1,C001
v026,v089,49.1,4.410e-70,255.0,E5BBQ3_THEFU,ACC95208.1,C001
v027,v028,52.8,1.180e-84,303.0,D4Q9N1,DAC80635,C001
v027,v029,81.1,1.990e-143,498.0,D4Q9N1,E5BBQ2,C001
v027,v030,83.1,4.500e-131,457.0,D4Q9N1,E9LVH8,C001
v027,v031,85.8,3.550e-136,474.0,D4Q9N1,E9LVH9,C001
v027,v032,52.9,2.300e-83,299.0,D4Q9N1,EGD44994.1,C001
v027,v033,58.1,1.130e-90,323.0,D4Q9N1,G9BY57,C001
v027,v034,57.9,2.140e-89,319.0,D4Q9N1,GBD22443,C001
v027,v036,48.2,1.360e-67,247.0,D4Q9N1,R4YKL9_OLEAN,C001
v027,v041,44.2,3.350e-66,242.0,D4Q9N1,ODU60407.1,C001
v027,v042,50.6,5.520e-77,278.0,D4Q9N1,A0A1F4JXW8,C001
v027,v043,38.9,5.020e-54,201.0,D4Q9N1,P19833,C001
v027,v044,80.4,1.420e-141,492.0,D4Q9N1,Q47RJ6_THEFY,C001
v027,v045,82.4,4.280e-146,507.0,D4Q9N1,Q47RJ7_THEFY,C001
v027,v046,80.4,1.420e-141,492.0,D4Q9N1,Q6A0I4,C001
v027,v047,49.7,4.830e-73,265.0,D4Q9N1,Q8RR62,C001
v027,v049,30.5,7.690e-06,41.0,D4Q9N1,RLI42440.1,C001
v027,v050,33.6,2.600e-33,132.0,D4Q9N1,RLT92980.1,C001
v027,v051,50.5,6.310e-73,264.0,D4Q9N1,RLU00646.1,C001
v027,v052,66.9,3.330e-102,361.0,D4Q9N1,SAY37579.1,C001
v027,v053,66.8,2.550e-102,362.0,D4Q9N1,SAY37582.1,C001
v027,v054,64.1,3.550e-96,341.0,D4Q9N1,SAY37583.1,C001
v027,v055,54.0,1.070e-76,277.0,D4Q9N1,SAY37584.1,C001
v027,v056,54.8,5.660e-78,281.0,D4Q9N1,SAY37587.1,C001
v027,v057,54.8,9.650e-78,280.0,D4Q9N1,SAY37589.1,C001
v027,v058,50.0,2.030e-79,286.0,D4Q9N1,SHM40309.1,C001
v027,v059,46.4,4.520e-71,258.0,D4Q9N1,SUD16364.1,C001
v027,v060,48.5,6.760e-67,244.0,D4Q9N1,OK558824,C001
v027,v061,47.3,2.930e-70,255.0,D4Q9N1,OK558825,C001
v027,v062,63.3,8.040e-96,340.0,D4Q9N1,WAU86704.1,C001
v027,v064,66.7,2.610e-99,352.0,D4Q9N1,WOR09923,C001
v027,v065,32.3,9.740e-06,41.0,D4Q9N1,WP_013858543.1,C001
v027,v066,48.3,2.740e-76,275.0,D4Q9N1,A0A031MKR8,C001
v027,v067,36.9,1.290e-33,134.0,D4Q9N1,WP_039353427,C001
v027,v068,49.7,2.480e-77,279.0,D4Q9N1,A0A078MGG8,C001
v027,v069,54.9,1.970e-84,302.0,D4Q9N1,WP_058088494.1,C001
v027,v070,51.1,2.000e-79,286.0,D4Q9N1,WP_062195544.1,C001
v027,v071,44.7,3.830e-70,255.0,D4Q9N1,WP_068824797.1,C001
v027,v072,58.6,1.760e-99,352.0,D4Q9N1,WP_078759821.1,C001
v027,v073,50.7,8.780e-83,297.0,D4Q9N1,WP_082414832.1,C001
v027,v074,78.2,9.820e-132,460.0,D4Q9N1,WP_083947829.1,C001
v027,v075,48.4,3.960e-67,245.0,D4Q9N1,WP_085749238.1,C001
v027,v076,45.9,4.090e-72,262.0,D4Q9N1,A0A1H6AD45,C001
v027,v077,48.5,4.670e-76,275.0,D4Q9N1,WP_090538641.1,C001
v027,v078,55.4,7.850e-92,327.0,D4Q9N1,WP_093412886.1,C001
v027,v079,34.7,1.960e-31,126.0,D4Q9N1,WP_101893509.1,C001
v027,v080,79.4,7.820e-140,486.0,D4Q9N1,WP_104613137.1,C001
v027,v081,62.1,2.380e-104,369.0,D4Q9N1,WP_107095481.1,C001
v027,v082,37.9,1.370e-35,140.0,D4Q9N1,WP_111881932,C001
v027,v083,46.7,6.320e-65,238.0,D4Q9N1,WP_117215036.1,C001
v027,v086,48.4,2.890e-72,262.0,D4Q9N1,Ipet,C001
v027,v087,57.4,3.220e-90,322.0,D4Q9N1,XCO66867,C001
v027,v088,51.9,3.190e-74,268.0,D4Q9N1,XDS72785.1,C001
v027,v089,44.9,1.450e-69,253.0,D4Q9N1,ACC95208.1,C001
v028,v029,55.0,2.660e-85,305.0,DAC80635,E5BBQ2,C001
v028,v030,56.0,7.780e-83,297.0,DAC80635,E9LVH8,C001
v028,v031,56.0,4.560e-83,298.0,DAC80635,E9LVH9,C001
v028,v032,47.7,2.810e-70,255.0,DAC80635,EGD44994.1,C001
v028,v033,47.1,1.400e-69,253.0,DAC80635,G9BY57,C001
v028,v034,45.7,7.170e-66,241.0,DAC80635,GBD22443,C001
v028,v036,45.8,9.070e-61,224.0,DAC80635,R4YKL9_OLEAN,C001
v028,v040,30.0,1.320e-19,87.0,DAC80635,MEC8523093.1,C001
v028,v041,39.9,1.710e-51,193.0,DAC80635,ODU60407.1,C001
v028,v042,43.5,1.950e-63,233.0,DAC80635,A0A1F4JXW8,C001
v028,v043,41.2,7.690e-52,194.0,DAC80635,P19833,C001
v028,v044,55.0,5.600e-85,304.0,DAC80635,Q47RJ6_THEFY,C001
v028,v045,55.0,3.480e-85,305.0,DAC80635,Q47RJ7_THEFY,C001
v028,v046,55.0,5.600e-85,304.0,DAC80635,Q6A0I4,C001
v028,v047,43.8,6.940e-61,224.0,DAC80635,Q8RR62,C001
v028,v051,42.4,1.770e-56,210.0,DAC80635,RLU00646.1,C001
v028,v052,58.4,2.170e-85,305.0,DAC80635,SAY37579.1,C001
v028,v053,56.5,2.030e-83,299.0,DAC80635,SAY37582.1,C001
v028,v054,57.0,3.450e-83,298.0,DAC80635,SAY37583.1,C001
v028,v055,53.3,9.980e-75,270.0,DAC80635,SAY37584.1,C001
v028,v056,54.5,6.910e-76,274.0,DAC80635,SAY37587.1,C001
v028,v057,53.3,9.980e-75,270.0,DAC80635,SAY37589.1,C001
v028,v058,47.8,2.910e-67,245.0,DAC80635,SHM40309.1,C001
v028,v059,37.1,6.960e-53,198.0,DAC80635,SUD16364.1,C001
v028,v060,40.5,7.180e-58,214.0,DAC80635,OK558824,C001
v028,v061,40.1,5.150e-56,208.0,DAC80635,OK558825,C001
v028,v062,59.1,7.540e-86,307.0,DAC80635,WAU86704.1,C001
v028,v064,56.2,1.880e-81,292.0,DAC80635,WOR09923,C001
v028,v066,42.1,1.070e-61,227.0,DAC80635,A0A031MKR8,C001
v028,v067,33.6,1.910e-26,110.0,DAC80635,WP_039353427,C001
v028,v068,43.9,3.330e-63,232.0,DAC80635,A0A078MGG8,C001
v028,v069,48.6,6.590e-64,234.0,DAC80635,WP_058088494.1,C001
v028,v070,41.8,1.550e-60,223.0,DAC80635,WP_062195544.1,C001
v028,v071,37.9,1.960e-55,206.0,DAC80635,WP_068824797.1,C001
v028,v072,57.2,5.450e-90,321.0,DAC80635,WP_078759821.1,C001
v028,v073,47.5,5.480e-74,268.0,DAC80635,WP_082414832.1,C001
v028,v074,51.8,4.180e-82,295.0,DAC80635,WP_083947829.1,C001
v028,v075,40.4,4.280e-55,205.0,DAC80635,WP_085749238.1,C001
v028,v076,41.6,4.500e-60,221.0,DAC80635,A0A1H6AD45,C001
v028,v077,40.3,2.090e-57,213.0,DAC80635,WP_090538641.1,C001
v028,v078,50.9,8.720e-80,287.0,DAC80635,WP_093412886.1,C001
v028,v080,55.0,1.630e-84,303.0,DAC80635,WP_104613137.1,C001
v028,v081,56.3,4.610e-89,318.0,DAC80635,WP_107095481.1,C001
v028,v082,35.0,1.280e-30,124.0,DAC80635,WP_111881932,C001
v028,v083,41.1,6.720e-56,208.0,DAC80635,WP_117215036.1,C001
v028,v086,40.5,3.920e-53,198.0,DAC80635,Ipet,C001
v028,v087,67.2,8.110e-102,360.0,DAC80635,XCO66867,C001
v028,v088,40.4,9.640e-55,204.0,DAC80635,XDS72785.1,C001
v028,v089,42.0,1.360e-56,210.0,DAC80635,ACC95208.1,C001
v029,v030,94.3,8.440e-146,506.0,E5BBQ2,E9LVH8,C001
v029,v031,97.3,5.650e-150,520.0,E5BBQ2,E9LVH9,C001
v029,v032,49.0,3.100e-80,289.0,E5BBQ2,EGD44994.1,C001
v029,v033,57.5,1.690e-86,309.0,E5BBQ2,G9BY57,C001
v029,v034,56.7,2.890e-86,309.0,E5BBQ2,GBD22443,C001
v029,v036,47.7,8.360e-68,247.0,E5BBQ2,R4YKL9_OLEAN,C001
v029,v041,43.9,4.990e-65,238.0,E5BBQ2,ODU60407.1,C001
v029,v042,50.2,3.260e-75,272.0,E5BBQ2,A0A1F4JXW8,C001
v029,v043,40.5,1.420e-54,203.0,E5BBQ2,P19833,C001
v029,v044,95.0,7.630e-167,576.0,E5BBQ2,Q47RJ6_THEFY,C001
v029,v045,96.6,3.740e-180,621.0,E5BBQ2,Q47RJ7_THEFY,C001
v029,v046,95.0,7.630e-167,576.0,E5BBQ2,Q6A0I4,C001
v029,v047,47.9,1.140e-69,253.0,E5BBQ2,Q8RR62,C001
v029,v050,33.5,1.170e-33,134.0,E5BBQ2,RLT92980.1,C001
v029,v051,49.5,3.900e-73,265.0,E5BBQ2,RLU00646.1,C001
v029,v052,68.4,1.040e-103,366.0,E5BBQ2,SAY37579.1,C001
v029,v053,68.3,5.140e-103,364.0,E5BBQ2,SAY37582.1,C001
v029,v054,64.9,2.230e-98,349.0,E5BBQ2,SAY37583.1,C001
v029,v055,55.1,2.810e-77,278.0,E5BBQ2,SAY37584.1,C001
v029,v056,55.5,5.660e-78,281.0,E5BBQ2,SAY37587.1,C001
v029,v057,55.9,2.540e-78,282.0,E5BBQ2,SAY37589.1,C001
v029,v058,51.5,3.160e-80,289.0,E5BBQ2,SHM40309.1,C001
v029,v059,46.2,2.670e-71,259.0,E5BBQ2,SUD16364.1,C001
v029,v060,47.4,3.580e-66,242.0,E5BBQ2,OK558824,C001
v029,v061,47.0,1.320e-65,240.0,E5BBQ2,OK558825,C001
v029,v062,63.5,2.500e-97,345.0,E5BBQ2,WAU86704.1,C001
v029,v063,30.1,2.320e-24,103.0,E5BBQ2,Ipet,C001
v029,v064,65.5,3.770e-98,348.0,E5BBQ2,WOR09923,C001
v029,v066,46.8,1.530e-74,270.0,E5BBQ2,A0A031MKR8,C001
v029,v067,35.2,8.410e-31,124.0,E5BBQ2,WP_039353427,C001
v029,v068,49.3,5.090e-78,281.0,E5BBQ2,A0A078MGG8,C001
v029,v069,56.8,7.730e-89,317.0,E5BBQ2,WP_058088494.1,C001
v029,v070,48.6,5.440e-77,278.0,E5BBQ2,WP_062195544.1,C001
v029,v071,44.4,5.550e-69,251.0,E5BBQ2,WP_068824797.1,C001
v029,v072,60.1,3.050e-102,362.0,E5BBQ2,WP_078759821.1,C001
v029,v073,50.7,1.290e-81,293.0,E5BBQ2,WP_082414832.1,C001
v029,v074,76.1,2.120e-126,442.0,E5BBQ2,WP_083947829.1,C001
v029,v075,48.9,1.160e-68,250.0,E5BBQ2,WP_085749238.1,C001
v029,v076,49.3,2.460e-72,262.0,E5BBQ2,A0A1H6AD45,C001
v029,v077,46.2,4.490e-74,268.0,E5BBQ2,WP_090538641.1,C001
v029,v078,58.0,3.400e-95,338.0,E5BBQ2,WP_093412886.1,C001
v029,v079,35.2,7.970e-33,131.0,E5BBQ2,WP_101893509.1,C001
v029,v080,97.3,1.940e-170,588.0,E5BBQ2,WP_104613137.1,C001
v029,v081,59.5,5.190e-102,361.0,E5BBQ2,WP_107095481.1,C001
v029,v082,34.4,1.430e-30,124.0,E5BBQ2,WP_111881932,C001
v029,v083,46.8,2.770e-66,242.0,E5BBQ2,WP_117215036.1,C001
v029,v086,48.4,2.450e-71,259.0,E5BBQ2,Ipet,C001
v029,v087,55.8,3.330e-87,312.0,E5BBQ2,XCO66867,C001
v029,v088,47.7,4.160e-74,268.0,E5BBQ2,XDS72785.1,C001
v029,v089,45.4,2.420e-70,256.0,E5BBQ2,ACC95208.1,C001
v030,v031,93.1,2.080e-144,502.0,E9LVH8,E9LVH9,C001
v030,v032,51.0,4.130e-76,275.0,E9LVH8,EGD44994.1,C001
v030,v033,60.1,4.400e-86,308.0,E9LVH8,G9BY57,C001
v030,v034,60.1,1.670e-85,306.0,E9LVH8,GBD22443,C001
v030,v036,48.9,1.090e-68,250.0,E9LVH8,R4YKL9_OLEAN,C001
v030,v040,30.5,6.260e-24,101.0,E9LVH8,MEC8523093.1,C001
v030,v041,48.7,2.680e-67,245.0,E9LVH8,ODU60407.1,C001
v030,v042,51.9,5.770e-78,281.0,E9LVH8,A0A1F4JXW8,C001
v030,v043,44.2,2.610e-54,202.0,E9LVH8,P19833,C001
v030,v044,100.0,1.880e-153,532.0,E9LVH8,Q47RJ6_THEFY,C001
v030,v045,93.1,7.900e-144,500.0,E9LVH8,Q47RJ7_THEFY,C001
v030,v046,100.0,1.880e-153,532.0,E9LVH8,Q6A0I4,C001
v030,v047,52.4,2.870e-69,252.0,E9LVH8,Q8RR62,C001
v030,v050,33.7,3.910e-34,135.0,E9LVH8,RLT92980.1,C001
v030,v051,53.0,8.620e-74,267.0,E9LVH8,RLU00646.1,C001
v030,v052,67.8,2.310e-103,365.0,E9LVH8,SAY37579.1,C001
v030,v053,68.4,1.770e-103,366.0,E9LVH8,SAY37582.1,C001
v030,v054,64.8,2.630e-99,352.0,E9LVH8,SAY37583.1,C001
v030,v055,54.9,5.120e-79,284.0,E9LVH8,SAY37584.1,C001
v030,v056,54.9,1.760e-79,286.0,E9LVH8,SAY37587.1,C001
v030,v057,55.7,6.040e-80,287.0,E9LVH8,SAY37589.1,C001
v030,v058,54.0,2.190e-77,279.0,E9LVH8,SHM40309.1,C001
v030,v059,49.1,3.750e-69,252.0,E9LVH8,SUD16364.1,C001
v030,v060,47.8,1.210e-67,247.0,E9LVH8,OK558824,C001
v030,v061,46.6,8.640e-66,240.0,E9LVH8,OK558825,C001
v030,v062,63.6,1.610e-96,342.0,E9LVH8,WAU86704.1,C001
v030,v063,31.1,5.660e-25,105.0,E9LVH8,Ipet,C001
v030,v064,65.9,4.450e-99,351.0,E9LVH8,WOR09923,C001
v030,v066,50.2,1.630e-72,263.0,E9LVH8,A0A031MKR8,C001
v030,v067,35.2,1.390e-31,127.0,E9LVH8,WP_039353427,C001
v030,v068,52.0,5.400e-76,274.0,E9LVH8,A0A078MGG8,C001
v030,v069,60.8,2.110e-88,315.0,E9LVH8,WP_058088494.1,C001
v030,v070,49.1,1.920e-73,266.0,E9LVH8,WP_062195544.1,C001
v030,v071,47.5,2.430e-68,249.0,E9LVH8,WP_068824797.1,C001
v030,v072,61.1,3.970e-95,338.0,E9LVH8,WP_078759821.1,C001
v030,v073,53.4,6.810e-79,284.0,E9LVH8,WP_082414832.1,C001
v030,v074,79.7,2.640e-123,431.0,E9LVH8,WP_083947829.1,C001
v030,v075,49.8,1.420e-66,243.0,E9LVH8,WP_085749238.1,C001
v030,v076,49.8,3.620e-72,262.0,E9LVH8,A0A1H6AD45,C001
v030,v077,50.7,1.920e-73,266.0,E9LVH8,WP_090538641.1,C001
v030,v078,60.2,3.480e-91,325.0,E9LVH8,WP_093412886.1,C001
v030,v079,34.0,8.160e-32,127.0,E9LVH8,WP_101893509.1,C001
v030,v080,97.3,5.650e-150,520.0,E9LVH8,WP_104613137.1,C001
v030,v081,64.0,2.660e-99,352.0,E9LVH8,WP_107095481.1,C001
v030,v082,34.2,1.390e-31,127.0,E9LVH8,WP_111881932,C001
v030,v083,48.7,5.240e-63,231.0,E9LVH8,WP_117215036.1,C001
v030,v086,49.8,1.520e-70,256.0,E9LVH8,Ipet,C001
v030,v087,59.5,1.510e-86,309.0,E9LVH8,XCO66867,C001
v030,v088,50.6,7.290e-73,264.0,E9LVH8,XDS72785.1,C001
v030,v089,49.4,8.920e-71,257.0,E9LVH8,ACC95208.1,C001
v031,v032,50.2,7.790e-75,270.0,E9LVH9,EGD44994.1,C001
v031,v033,58.8,1.420e-84,303.0,E9LVH9,G9BY57,C001
v031,v034,58.8,9.180e-84,300.0,E9LVH9,GBD22443,C001
v031,v036,47.7,7.070e-68,247.0,E9LVH9,R4YKL9_OLEAN,C001
v031,v040,31.1,1.820e-23,100.0,E9LVH9,MEC8523093.1,C001
v031,v041,47.2,7.310e-65,237.0,E9LVH9,ODU60407.1,C001
v031,v042,50.4,1.200e-75,273.0,E9LVH9,A0A1F4JXW8,C001
v031,v043,44.1,2.000e-54,203.0,E9LVH9,P19833,C001
v031,v044,93.1,7.900e-144,500.0,E9LVH9,Q47RJ6_THEFY,C001
v031,v045,100.0,2.220e-154,535.0,E9LVH9,Q47RJ7_THEFY,C001
v031,v046,93.1,7.900e-144,500.0,E9LVH9,Q6A0I4,C001
v031,v047,50.8,5.410e-68,248.0,E9LVH9,Q8RR62,C001
v031,v050,34.3,7.880e-35,138.0,E9LVH9,RLT92980.1,C001
v031,v051,51.9,4.280e-73,265.0,E9LVH9,RLU00646.1,C001
v031,v052,67.0,1.650e-101,359.0,E9LVH9,SAY37579.1,C001
v031,v053,66.9,2.160e-101,359.0,E9LVH9,SAY37582.1,C001
v031,v054,64.0,1.440e-97,346.0,E9LVH9,SAY37583.1,C001
v031,v055,54.3,7.390e-78,280.0,E9LVH9,SAY37584.1,C001
v031,v056,54.7,1.940e-78,282.0,E9LVH9,SAY37587.1,C001
v031,v057,55.1,8.730e-79,283.0,E9LVH9,SAY37589.1,C001
v031,v058,53.6,3.160e-76,275.0,E9LVH9,SHM40309.1,C001
v031,v059,48.3,4.890e-69,251.0,E9LVH9,SUD16364.1,C001
v031,v060,47.4,1.740e-66,243.0,E9LVH9,OK558824,C001
v031,v061,46.6,1.920e-65,239.0,E9LVH9,OK558825,C001
v031,v062,62.8,2.330e-95,339.0,E9LVH9,WAU86704.1,C001
v031,v064,64.7,2.700e-96,342.0,E9LVH9,WOR09923,C001
v031,v066,50.2,1.130e-73,267.0,E9LVH9,A0A031MKR8,C001
v031,v067,35.7,1.070e-31,127.0,E9LVH9,WP_039353427,C001
v031,v068,51.7,1.090e-76,277.0,E9LVH9,A0A078MGG8,C001
v031,v069,61.2,1.160e-86,310.0,E9LVH9,WP_058088494.1,C001
v031,v070,48.7,1.240e-72,263.0,E9LVH9,WP_062195544.1,C001
v031,v071,46.8,3.170e-68,248.0,E9LVH9,WP_068824797.1,C001
v031,v072,61.5,3.040e-95,338.0,E9LVH9,WP_078759821.1,C001
v031,v073,53.1,8.900e-79,283.0,E9LVH9,WP_082414832.1,C001
v031,v074,79.7,1.000e-122,429.0,E9LVH9,WP_083947829.1,C001
v031,v075,49.0,2.130e-64,236.0,E9LVH9,WP_085749238.1,C001
v031,v076,49.4,4.280e-73,265.0,E9LVH9,A0A1H6AD45,C001
v031,v077,50.0,1.470e-73,266.0,E9LVH9,WP_090538641.1,C001
v031,v078,59.8,2.950e-90,322.0,E9LVH9,WP_093412886.1,C001
v031,v079,36.0,5.110e-34,135.0,E9LVH9,WP_101893509.1,C001
v031,v080,94.3,1.100e-145,506.0,E9LVH9,WP_104613137.1,C001
v031,v081,62.8,9.460e-97,343.0,E9LVH9,WP_107095481.1,C001
v031,v082,35.2,2.800e-32,129.0,E9LVH9,WP_111881932,C001
v031,v083,47.1,1.090e-60,223.0,E9LVH9,WP_117215036.1,C001
v031,v086,49.8,1.050e-71,260.0,E9LVH9,Ipet,C001
v031,v087,59.1,2.190e-85,305.0,E9LVH9,XCO66867,C001
v031,v088,50.9,2.510e-73,265.0,E9LVH9,XDS72785.1,C001
v031,v089,48.7,3.390e-70,255.0,E9LVH9,ACC95208.1,C001
v032,v033,51.1,2.450e-77,279.0,EGD44994.1,G9BY57,C001
v032,v034,49.8,5.110e-75,271.0,EGD44994.1,GBD22443,C001
v032,v036,41.3,9.710e-58,214.0,EGD44994.1,R4YKL9_OLEAN,C001
v032,v041,38.4,1.900e-53,200.0,EGD44994.1,ODU60407.1,C001
v032,v042,45.0,5.320e-64,235.0,EGD44994.1,A0A1F4JXW8,C001
v032,v043,37.6,7.220e-45,171.0,EGD44994.1,P19833,C001
v032,v044,49.7,2.150e-81,292.0,EGD44994.1,Q47RJ6_THEFY,C001
v032,v045,49.3,3.100e-80,289.0,EGD44994.1,Q47RJ7_THEFY,C001
v032,v046,49.7,2.150e-81,292.0,EGD44994.1,Q6A0I4,C001
v032,v047,42.1,7.950e-60,221.0,EGD44994.1,Q8RR62,C001
v032,v051,44.6,2.020e-63,233.0,EGD44994.1,RLU00646.1,C001
v032,v052,54.4,6.760e-79,284.0,EGD44994.1,SAY37579.1,C001
v032,v053,52.1,2.840e-77,278.0,EGD44994.1,SAY37582.1,C001
v032,v054,52.1,3.570e-80,288.0,EGD44994.1,SAY37583.1,C001
v032,v055,46.7,4.060e-68,248.0,EGD44994.1,SAY37584.1,C001
v032,v056,46.7,2.380e-68,249.0,EGD44994.1,SAY37587.1,C001
v032,v057,47.1,4.800e-69,251.0,EGD44994.1,SAY37589.1,C001
v032,v058,43.9,1.070e-64,237.0,EGD44994.1,SHM40309.1,C001
v032,v059,39.9,3.170e-56,209.0,EGD44994.1,SUD16364.1,C001
v032,v060,44.0,5.540e-59,218.0,EGD44994.1,OK558824,C001
v032,v061,43.3,8.870e-62,227.0,EGD44994.1,OK558825,C001
v032,v062,54.4,1.920e-81,292.0,EGD44994.1,WAU86704.1,C001
v032,v064,58.0,1.100e-85,307.0,EGD44994.1,WOR09923,C001
v032,v066,44.0,4.350e-66,242.0,EGD44994.1,A0A031MKR8,C001
v032,v067,33.7,5.540e-37,145.0,EGD44994.1,WP_039353427,C001
v032,v068,45.5,4.350e-66,242.0,EGD44994.1,A0A078MGG8,C001
v032,v069,44.7,5.390e-66,241.0,EGD44994.1,WP_058088494.1,C001
v032,v070,45.3,1.700e-70,256.0,EGD44994.1,WP_062195544.1,C001
v032,v071,42.7,1.510e-58,216.0,EGD44994.1,WP_068824797.1,C001
v032,v072,54.5,2.620e-87,312.0,EGD44994.1,WP_078759821.1,C001
v032,v073,50.9,5.670e-74,268.0,EGD44994.1,WP_082414832.1,C001
v032,v074,53.1,1.540e-84,303.0,EGD44994.1,WP_083947829.1,C001
v032,v075,41.0,8.930e-53,197.0,EGD44994.1,WP_085749238.1,C001
v032,v076,47.7,1.000e-62,230.0,EGD44994.1,A0A1H6AD45,C001
v032,v077,45.5,7.670e-66,241.0,EGD44994.1,WP_090538641.1,C001
v032,v078,48.4,1.820e-72,263.0,EGD44994.1,WP_093412886.1,C001
v032,v080,49.0,2.380e-80,289.0,EGD44994.1,WP_104613137.1,C001
v032,v081,51.7,3.500e-82,295.0,EGD44994.1,WP_107095481.1,C001
v032,v082,34.0,1.610e-36,143.0,EGD44994.1,WP_111881932,C001
v032,v083,43.6,9.390e-61,224.0,EGD44994.1,WP_117215036.1,C001
v032,v086,44.5,4.330e-60,221.0,EGD44994.1,Ipet,C001
v032,v087,51.6,7.440e-79,284.0,EGD44994.1,XCO66867,C001
v032,v088,44.3,4.170e-66,242.0,EGD44994.1,XDS72785.1,C001
v032,v089,42.8,3.450e-63,232.0,EGD44994.1,ACC95208.1,C001
v033,v034,92.2,3.690e-158,547.0,G9BY57,GBD22443,C001
v033,v036,42.9,5.480e-61,225.0,G9BY57,R4YKL9_OLEAN,C001
v033,v041,44.4,3.800e-62,228.0,G9BY57,ODU60407.1,C001
v033,v042,45.5,9.970e-71,257.0,G9BY57,A0A1F4JXW8,C001
v033,v043,43.4,2.310e-51,193.0,G9BY57,P19833,C001
v033,v044,58.2,8.980e-88,314.0,G9BY57,Q47RJ6_THEFY,C001
v033,v045,57.1,2.890e-86,309.0,G9BY57,Q47RJ7_THEFY,C001
v033,v046,58.2,8.980e-88,314.0,G9BY57,Q6A0I4,C001
v033,v047,49.5,3.550e-68,248.0,G9BY57,Q8RR62,C001
v033,v050,32.1,6.850e-34,134.0,G9BY57,RLT92980.1,C001
v033,v051,46.4,1.350e-67,247.0,G9BY57,RLU00646.1,C001
v033,v052,59.0,3.240e-81,292.0,G9BY57,SAY37579.1,C001
v033,v053,56.9,4.520e-83,298.0,G9BY57,SAY37582.1,C001
v033,v054,55.4,1.500e-78,283.0,G9BY57,SAY37583.1,C001
v033,v055,47.1,1.030e-59,220.0,G9BY57,SAY37584.1,C001
v033,v056,48.0,1.600e-60,223.0,G9BY57,SAY37587.1,C001
v033,v057,47.5,2.080e-60,223.0,G9BY57,SAY37589.1,C001
v033,v058,49.6,7.900e-68,247.0,G9BY57,SHM40309.1,C001
v033,v059,45.3,5.120e-67,245.0,G9BY57,SUD16364.1,C001
v033,v060,48.5,7.650e-63,231.0,G9BY57,OK558824,C001
v033,v061,46.9,7.650e-63,231.0,G9BY57,OK558825,C001
v033,v062,59.0,2.870e-85,305.0,G9BY57,WAU86704.1,C001
v033,v064,60.9,2.710e-80,289.0,G9BY57,WOR09923,C001
v033,v066,47.8,1.440e-69,253.0,G9BY57,A0A031MKR8,C001
v033,v067,36.0,1.400e-40,157.0,G9BY57,WP_039353427,C001
v033,v068,48.0,2.220e-70,256.0,G9BY57,A0A078MGG8,C001
v033,v069,51.2,3.730e-75,272.0,G9BY57,WP_058088494.1,C001
v033,v070,51.3,1.640e-73,266.0,G9BY57,WP_062195544.1,C001
v033,v071,46.2,2.540e-66,242.0,G9BY57,WP_068824797.1,C001
v033,v072,54.5,1.020e-81,294.0,G9BY57,WP_078759821.1,C001
v033,v073,49.4,8.440e-70,254.0,G9BY57,WP_082414832.1,C001
v033,v074,56.4,3.420e-84,302.0,G9BY57,WP_083947829.1,C001
v033,v075,43.0,1.420e-58,216.0,G9BY57,WP_085749238.1,C001
v033,v076,47.0,7.150e-69,251.0,G9BY57,A0A1H6AD45,C001
v033,v077,46.4,1.760e-67,246.0,G9BY57,WP_090538641.1,C001
v033,v078,50.7,1.340e-75,273.0,G9BY57,WP_093412886.1,C001
v033,v079,31.9,3.350e-31,126.0,G9BY57,WP_101893509.1,C001
v033,v080,57.5,1.300e-86,310.0,G9BY57,WP_104613137.1,C001
v033,v081,53.6,1.580e-84,303.0,G9BY57,WP_107095481.1,C001
v033,v082,40.2,3.570e-44,169.0,G9BY57,WP_111881932,C001
v033,v083,47.5,9.360e-61,224.0,G9BY57,WP_117215036.1,C001
v033,v086,45.6,7.620e-65,237.0,G9BY57,Ipet,C001
v033,v087,51.4,6.960e-77,277.0,G9BY57,XCO66867,C001
v033,v088,45.3,2.700e-65,239.0,G9BY57,XDS72785.1,C001
v033,v089,43.6,5.210e-62,228.0,G9BY57,ACC95208.1,C001
v034,v036,41.6,1.490e-58,216.0,GBD22443,R4YKL9_OLEAN,C001
v034,v041,43.5,1.950e-58,216.0,GBD22443,ODU60407.1,C001
v034,v042,46.0,2.300e-67,246.0,GBD22443,A0A1F4JXW8,C001
v034,v043,42.1,5.320e-48,181.0,GBD22443,P19833,C001
v034,v044,57.4,1.170e-87,313.0,GBD22443,Q47RJ6_THEFY,C001
v034,v045,56.4,3.770e-86,308.0,GBD22443,Q47RJ7_THEFY,C001
v034,v046,57.4,1.170e-87,313.0,GBD22443,Q6A0I4,C001
v034,v047,47.1,3.440e-63,232.0,GBD22443,Q8RR62,C001
v034,v050,34.8,6.850e-34,134.0,GBD22443,RLT92980.1,C001
v034,v051,46.8,1.650e-65,240.0,GBD22443,RLU00646.1,C001
v034,v052,59.0,9.000e-80,287.0,GBD22443,SAY37579.1,C001
v034,v053,56.1,7.220e-81,290.0,GBD22443,SAY37582.1,C001
v034,v054,53.1,1.550e-75,273.0,GBD22443,SAY37583.1,C001
v034,v055,42.6,1.000e-54,204.0,GBD22443,SAY37584.1,C001
v034,v056,43.3,1.550e-55,206.0,GBD22443,SAY37587.1,C001
v034,v057,43.3,5.310e-56,208.0,GBD22443,SAY37589.1,C001
v034,v058,48.5,2.810e-65,239.0,GBD22443,SHM40309.1,C001
v034,v059,44.9,3.110e-64,235.0,GBD22443,SUD16364.1,C001
v034,v060,42.8,1.350e-59,220.0,GBD22443,OK558824,C001
v034,v061,42.8,1.030e-59,220.0,GBD22443,OK558825,C001
v034,v062,56.7,8.630e-82,294.0,GBD22443,WAU86704.1,C001
v034,v064,59.7,7.390e-78,280.0,GBD22443,WOR09923,C001
v034,v066,45.2,4.790e-65,238.0,GBD22443,A0A031MKR8,C001
v034,v067,37.2,6.970e-40,154.0,GBD22443,WP_039353427,C001
v034,v068,46.0,5.660e-66,241.0,GBD22443,A0A078MGG8,C001
v034,v069,51.9,3.150e-74,268.0,GBD22443,WP_058088494.1,C001
v034,v070,50.5,2.450e-69,252.0,GBD22443,WP_062195544.1,C001
v034,v071,45.8,5.300e-64,235.0,GBD22443,WP_068824797.1,C001
v034,v072,52.2,5.460e-77,278.0,GBD22443,WP_078759821.1,C001
v034,v073,48.2,3.550e-68,248.0,GBD22443,WP_082414832.1,C001
v034,v074,55.3,2.080e-81,292.0,GBD22443,WP_083947829.1,C001
v034,v075,40.9,9.540e-55,204.0,GBD22443,WP_085749238.1,C001
v034,v076,45.5,7.400e-66,241.0,GBD22443,A0A1H6AD45,C001
v034,v077,44.9,4.060e-64,235.0,GBD22443,WP_090538641.1,C001
v034,v078,49.7,4.780e-73,265.0,GBD22443,WP_093412886.1,C001
v034,v079,32.7,1.270e-30,124.0,GBD22443,WP_101893509.1,C001
v034,v080,56.7,2.210e-86,309.0,GBD22443,WP_104613137.1,C001
v034,v081,53.4,4.320e-82,295.0,GBD22443,WP_107095481.1,C001
v034,v082,39.4,4.370e-42,162.0,GBD22443,WP_111881932,C001
v034,v083,43.8,4.500e-55,205.0,GBD22443,WP_117215036.1,C001
v034,v086,45.2,1.590e-62,230.0,GBD22443,Ipet,C001
v034,v087,50.0,7.200e-74,267.0,GBD22443,XCO66867,C001
v034,v088,48.8,1.210e-65,240.0,GBD22443,XDS72785.1,C001
v034,v089,42.2,1.570e-58,216.0,GBD22443,ACC95208.1,C001
v034,v134,30.6,2.960e-06,43.0,GBD22443,WP_010659881.1,C001
v035,v037,32.4,1.110e-20,91.0,YNPsite06_CeleraDRAFT_160970,JzSedJan11_10004914,C001
v035,v084,30.4,1.130e-09,54.0,YNPsite06_CeleraDRAFT_160970,WP_118011433,C001
v035,v085,41.2,9.540e-17,77.0,YNPsite06_CeleraDRAFT_160970,YNP18_240440,C001
v036,v040,30.7,2.830e-25,106.0,R4YKL9_OLEAN,MEC8523093.1,C001
v036,v041,47.8,1.600e-71,260.0,R4YKL9_OLEAN,ODU60407.1,C001
v036,v042,59.1,3.860e-89,318.0,R4YKL9_OLEAN,A0A1F4JXW8,C001
v036,v043,42.4,3.760e-60,222.0,R4YKL9_OLEAN,P19833,C001
v036,v044,48.9,1.250e-68,250.0,R4YKL9_OLEAN,Q47RJ6_THEFY,C001
v036,v045,47.7,8.360e-68,247.0,R4YKL9_OLEAN,Q47RJ7_THEFY,C001
v036,v046,48.9,1.250e-68,250.0,R4YKL9_OLEAN,Q6A0I4,C001
v036,v047,54.5,1.820e-75,273.0,R4YKL9_OLEAN,Q8RR62,C001
v036,v051,60.1,1.190e-106,376.0,R4YKL9_OLEAN,RLU00646.1,C001
v036,v052,47.7,4.860e-69,251.0,R4YKL9_OLEAN,SAY37579.1,C001
v036,v053,49.2,8.000e-72,260.0,R4YKL9_OLEAN,SAY37582.1,C001
v036,v054,47.2,3.830e-66,242.0,R4YKL9_OLEAN,SAY37583.1,C001
v036,v055,47.0,5.490e-65,238.0,R4YKL9_OLEAN,SAY37584.1,C001
v036,v056,47.6,1.710e-66,243.0,R4YKL9_OLEAN,SAY37587.1,C001
v036,v057,47.2,5.990e-66,241.0,R4YKL9_OLEAN,SAY37589.1,C001
v036,v058,41.9,6.400e-57,211.0,R4YKL9_OLEAN,SHM40309.1,C001
v036,v059,55.7,1.190e-95,340.0,R4YKL9_OLEAN,SUD16364.1,C001
v036,v060,62.6,1.120e-104,370.0,R4YKL9_OLEAN,OK558824,C001
v036,v061,62.1,5.490e-104,367.0,R4YKL9_OLEAN,OK558825,C001
v036,v062,50.0,1.430e-68,250.0,R4YKL9_OLEAN,WAU86704.1,C001
v036,v064,49.4,6.270e-69,251.0,R4YKL9_OLEAN,WOR09923,C001
v036,v066,56.5,1.420e-104,369.0,R4YKL9_OLEAN,A0A031MKR8,C001
v036,v067,40.2,5.830e-45,171.0,R4YKL9_OLEAN,WP_039353427,C001
v036,v068,58.0,9.840e-106,373.0,R4YKL9_OLEAN,A0A078MGG8,C001
v036,v069,46.6,2.770e-62,229.0,R4YKL9_OLEAN,WP_058088494.1,C001
v036,v070,50.7,7.810e-74,267.0,R4YKL9_OLEAN,WP_062195544.1,C001
v036,v071,57.7,5.500e-101,357.0,R4YKL9_OLEAN,WP_068824797.1,C001
v036,v072,43.4,9.560e-64,234.0,R4YKL9_OLEAN,WP_078759821.1,C001
v036,v073,44.9,6.250e-60,221.0,R4YKL9_OLEAN,WP_082414832.1,C001
v036,v074,49.1,1.400e-69,253.0,R4YKL9_OLEAN,WP_083947829.1,C001
v036,v075,49.8,2.190e-67,246.0,R4YKL9_OLEAN,WP_085749238.1,C001
v036,v076,54.4,4.760e-100,354.0,R4YKL9_OLEAN,A0A1H6AD45,C001
v036,v077,54.5,1.480e-101,359.0,R4YKL9_OLEAN,WP_090538641.1,C001
v036,v078,45.7,5.070e-65,238.0,R4YKL9_OLEAN,WP_093412886.1,C001
v036,v080,48.1,1.060e-67,247.0,R4YKL9_OLEAN,WP_104613137.1,C001
v036,v081,48.0,3.750e-68,248.0,R4YKL9_OLEAN,WP_107095481.1,C001
v036,v082,37.2,7.130e-43,164.0,R4YKL9_OLEAN,WP_111881932,C001
v036,v083,38.4,4.040e-46,175.0,R4YKL9_OLEAN,WP_117215036.1,C001
v036,v086,60.4,2.770e-99,352.0,R4YKL9_OLEAN,Ipet,C001
v036,v087,43.5,5.250e-62,228.0,R4YKL9_OLEAN,XCO66867,C001
v036,v088,44.6,1.490e-55,206.0,R4YKL9_OLEAN,XDS72785.1,C001
v036,v089,56.0,3.340e-101,358.0,R4YKL9_OLEAN,ACC95208.1,C001
v037,v039,35.4,2.570e-38,149.0,JzSedJan11_10004914,JGI20132J14458_10325381,C001
v037,v042,30.4,5.910e-06,42.0,JzSedJan11_10004914,A0A1F4JXW8,C001
v037,v049,66.2,5.180e-103,364.0,JzSedJan11_10004914,RLI42440.1,C001
v037,v085,36.3,3.850e-34,135.0,JzSedJan11_10004914,YNP18_240440,C001
v038,v042,30.5,2.200e-18,84.0,YNPsite06_CeleraDRAFT_367810,A0A1F4JXW8,C001
v038,v060,30.4,9.550e-19,84.0,YNPsite06_CeleraDRAFT_367810,OK558824,C001
v038,v070,32.1,7.720e-23,98.0,YNPsite06_CeleraDRAFT_367810,WP_062195544.1,C001
v038,v077,30.6,4.270e-16,75.0,YNPsite06_CeleraDRAFT_367810,WP_090538641.1,C001
v039,v049,34.9,1.010e-34,137.0,JGI20132J14458_10325381,RLI42440.1,C001
v040,v044,30.4,1.080e-24,104.0,MEC8523093.1,Q47RJ6_THEFY,C001
v040,v046,30.4,1.080e-24,104.0,MEC8523093.1,Q6A0I4,C001
v040,v054,31.6,5.600e-25,105.0,MEC8523093.1,SAY37583.1,C001
v040,v062,30.1,1.770e-18,83.0,MEC8523093.1,WAU86704.1,C001
v040,v063,46.9,3.650e-70,255.0,MEC8523093.1,Ipet,C001
v040,v073,30.2,1.970e-18,83.0,MEC8523093.1,WP_082414832.1,C001
v040,v078,30.6,1.360e-27,114.0,MEC8523093.1,WP_093412886.1,C001
v040,v080,30.0,9.110e-24,101.0,MEC8523093.1,WP_104613137.1,C001
v040,v081,30.7,4.520e-23,99.0,MEC8523093.1,WP_107095481.1,C001
v040,v082,30.5,9.430e-21,91.0,MEC8523093.1,WP_111881932,C001
v041,v042,56.1,2.010e-98,349.0,ODU60407.1,A0A1F4JXW8,C001
v041,v043,42.4,1.840e-51,193.0,ODU60407.1,P19833,C001
v041,v044,45.5,3.640e-68,248.0,ODU60407.1,Q47RJ6_THEFY,C001
v041,v045,44.3,1.010e-65,240.0,ODU60407.1,Q47RJ7_THEFY,C001
v041,v046,45.5,3.640e-68,248.0,ODU60407.1,Q6A0I4,C001
v041,v047,46.2,1.490e-69,253.0,ODU60407.1,Q8RR62,C001
v041,v050,36.8,2.970e-37,146.0,ODU60407.1,RLT92980.1,C001
v041,v051,51.4,1.150e-77,280.0,ODU60407.1,RLU00646.1,C001
v041,v052,43.4,2.180e-61,226.0,ODU60407.1,SAY37579.1,C001
v041,v053,46.0,2.110e-64,236.0,ODU60407.1,SAY37582.1,C001
v041,v054,47.3,5.180e-63,231.0,ODU60407.1,SAY37583.1,C001
v041,v055,44.5,2.390e-60,222.0,ODU60407.1,SAY37584.1,C001
v041,v056,44.1,4.500e-59,218.0,ODU60407.1,SAY37587.1,C001
v041,v057,43.8,4.500e-59,218.0,ODU60407.1,SAY37589.1,C001
v041,v058,40.8,2.100e-55,206.0,ODU60407.1,SHM40309.1,C001
v041,v059,45.7,1.200e-71,260.0,ODU60407.1,SUD16364.1,C001
v041,v060,41.4,9.720e-69,250.0,ODU60407.1,OK558824,C001
v041,v061,42.4,7.440e-69,251.0,ODU60407.1,OK558825,C001
v041,v062,50.7,2.880e-69,252.0,ODU60407.1,WAU86704.1,C001
v041,v064,45.7,5.680e-62,228.0,ODU60407.1,WOR09923,C001
v041,v066,44.1,1.210e-71,260.0,ODU60407.1,A0A031MKR8,C001
v041,v067,33.2,2.330e-38,149.0,ODU60407.1,WP_039353427,C001
v041,v068,46.5,2.890e-73,265.0,ODU60407.1,A0A078MGG8,C001
v041,v069,44.4,9.220e-58,214.0,ODU60407.1,WP_058088494.1,C001
v041,v070,45.4,1.340e-67,247.0,ODU60407.1,WP_062195544.1,C001
v041,v071,44.6,5.020e-70,255.0,ODU60407.1,WP_068824797.1,C001
v041,v072,43.4,3.460e-58,215.0,ODU60407.1,WP_078759821.1,C001
v041,v073,44.4,2.300e-62,229.0,ODU60407.1,WP_082414832.1,C001
v041,v074,46.2,3.220e-66,242.0,ODU60407.1,WP_083947829.1,C001
v041,v075,46.5,1.240e-62,230.0,ODU60407.1,WP_085749238.1,C001
v041,v076,44.5,3.010e-70,255.0,ODU60407.1,A0A1H6AD45,C001
v041,v077,47.0,4.490e-74,268.0,ODU60407.1,WP_090538641.1,C001
v041,v078,43.4,2.230e-62,229.0,ODU60407.1,WP_093412886.1,C001
v041,v079,33.3,2.480e-34,136.0,ODU60407.1,WP_101893509.1,C001
v041,v080,44.5,4.450e-66,242.0,ODU60407.1,WP_104613137.1,C001
v041,v081,45.1,4.990e-65,238.0,ODU60407.1,WP_107095481.1,C001
v041,v082,32.6,2.670e-34,136.0,ODU60407.1,WP_111881932,C001
v041,v083,42.3,1.900e-48,183.0,ODU60407.1,WP_117215036.1,C001
v041,v086,45.4,4.320e-68,248.0,ODU60407.1,Ipet,C001
v041,v087,46.5,1.840e-61,226.0,ODU60407.1,XCO66867,C001
v041,v088,42.1,4.050e-53,198.0,ODU60407.1,XDS72785.1,C001
v041,v089,47.6,1.550e-74,270.0,ODU60407.1,ACC95208.1,C001
v042,v043,39.9,1.920e-59,220.0,A0A1F4JXW8,P19833,C001
v042,v044,51.7,6.620e-78,281.0,A0A1F4JXW8,Q47RJ6_THEFY,C001
v042,v045,45.1,6.570e-76,274.0,A0A1F4JXW8,Q47RJ7_THEFY,C001
v042,v046,51.7,6.620e-78,281.0,A0A1F4JXW8,Q6A0I4,C001
v042,v047,64.2,5.620e-101,357.0,A0A1F4JXW8,Q8RR62,C001
v042,v050,32.4,4.440e-33,132.0,A0A1F4JXW8,RLT92980.1,C001
v042,v051,54.7,2.880e-84,302.0,A0A1F4JXW8,RLU00646.1,C001
v042,v052,50.6,1.560e-75,273.0,A0A1F4JXW8,SAY37579.1,C001
v042,v053,51.3,8.260e-77,277.0,A0A1F4JXW8,SAY37582.1,C001
v042,v054,49.6,1.310e-74,270.0,A0A1F4JXW8,SAY37583.1,C001
v042,v055,47.8,1.490e-70,256.0,A0A1F4JXW8,SAY37584.1,C001
v042,v056,48.5,7.910e-72,260.0,A0A1F4JXW8,SAY37587.1,C001
v042,v057,48.1,2.300e-71,259.0,A0A1F4JXW8,SAY37589.1,C001
v042,v058,42.4,2.970e-62,229.0,A0A1F4JXW8,SHM40309.1,C001
v042,v059,51.4,4.240e-85,305.0,A0A1F4JXW8,SUD16364.1,C001
v042,v060,52.1,2.230e-84,302.0,A0A1F4JXW8,OK558824,C001
v042,v061,53.7,6.100e-87,311.0,A0A1F4JXW8,OK558825,C001
v042,v062,52.6,1.520e-78,283.0,A0A1F4JXW8,WAU86704.1,C001
v042,v064,51.3,3.210e-73,265.0,A0A1F4JXW8,WOR09923,C001
v042,v066,55.6,2.010e-88,316.0,A0A1F4JXW8,A0A031MKR8,C001
v042,v067,41.5,2.210e-51,193.0,A0A1F4JXW8,WP_039353427,C001
v042,v068,56.8,4.790e-90,322.0,A0A1F4JXW8,A0A078MGG8,C001
v042,v069,51.0,2.410e-74,269.0,A0A1F4JXW8,WP_058088494.1,C001
v042,v070,54.5,1.580e-84,303.0,A0A1F4JXW8,WP_062195544.1,C001
v042,v071,52.0,1.720e-86,309.0,A0A1F4JXW8,WP_068824797.1,C001
v042,v072,47.6,1.100e-67,247.0,A0A1F4JXW8,WP_078759821.1,C001
v042,v073,45.8,1.870e-72,263.0,A0A1F4JXW8,WP_082414832.1,C001
v042,v074,49.5,9.980e-76,273.0,A0A1F4JXW8,WP_083947829.1,C001
v042,v075,54.6,4.250e-79,285.0,A0A1F4JXW8,WP_085749238.1,C001
v042,v076,49.5,1.540e-82,296.0,A0A1F4JXW8,A0A1H6AD45,C001
v042,v077,53.1,3.310e-85,305.0,A0A1F4JXW8,WP_090538641.1,C001
v042,v078,49.4,1.820e-72,263.0,A0A1F4JXW8,WP_093412886.1,C001
v042,v079,30.8,4.840e-30,122.0,A0A1F4JXW8,WP_101893509.1,C001
v042,v080,50.6,4.750e-76,275.0,A0A1F4JXW8,WP_104613137.1,C001
v042,v081,52.3,2.270e-81,292.0,A0A1F4JXW8,WP_107095481.1,C001
v042,v082,41.5,7.070e-50,188.0,A0A1F4JXW8,WP_111881932,C001
v042,v083,40.8,1.230e-53,201.0,A0A1F4JXW8,WP_117215036.1,C001
v042,v086,54.5,8.660e-85,304.0,A0A1F4JXW8,Ipet,C001
v042,v087,45.9,2.480e-66,242.0,A0A1F4JXW8,XCO66867,C001
v042,v088,48.3,2.210e-67,246.0,A0A1F4JXW8,XDS72785.1,C001
v042,v089,52.9,6.480e-87,311.0,A0A1F4JXW8,ACC95208.1,C001
v043,v044,38.2,4.620e-55,205.0,P19833,Q47RJ6_THEFY,C001
v043,v045,41.0,6.390e-55,205.0,P19833,Q47RJ7_THEFY,C001
v043,v046,38.2,4.620e-55,205.0,P19833,Q6A0I4,C001
v043,v047,40.3,9.080e-59,217.0,P19833,Q8RR62,C001
v043,v051,45.4,3.650e-71,258.0,P19833,RLU00646.1,C001
v043,v052,42.5,2.420e-52,196.0,P19833,SAY37579.1,C001
v043,v053,43.2,3.380e-54,202.0,P19833,SAY37582.1,C001
v043,v054,41.2,9.160e-52,194.0,P19833,SAY37583.1,C001
v043,v055,36.5,4.370e-46,175.0,P19833,SAY37584.1,C001
v043,v056,37.3,5.160e-47,178.0,P19833,SAY37587.1,C001
v043,v057,36.9,8.810e-47,177.0,P19833,SAY37589.1,C001
v043,v058,35.7,8.670e-46,174.0,P19833,SHM40309.1,C001
v043,v059,47.4,8.040e-68,247.0,P19833,SUD16364.1,C001
v043,v060,40.7,1.130e-59,220.0,P19833,OK558824,C001
v043,v061,46.5,6.350e-60,221.0,P19833,OK558825,C001
v043,v062,40.7,7.880e-51,191.0,P19833,WAU86704.1,C001
v043,v064,39.9,6.520e-50,188.0,P19833,WOR09923,C001
v043,v066,45.6,1.100e-64,237.0,P19833,A0A031MKR8,C001
v043,v067,32.7,6.440e-31,125.0,P19833,WP_039353427,C001
v043,v068,43.1,1.700e-65,240.0,P19833,A0A078MGG8,C001
v043,v069,35.6,4.290e-47,178.0,P19833,WP_058088494.1,C001
v043,v070,39.3,4.640e-52,195.0,P19833,WP_062195544.1,C001
v043,v071,48.0,3.970e-67,245.0,P19833,WP_068824797.1,C001
v043,v072,36.1,4.620e-50,188.0,P19833,WP_078759821.1,C001
v043,v073,36.9,2.630e-50,189.0,P19833,WP_082414832.1,C001
v043,v074,40.3,7.440e-55,204.0,P19833,WP_083947829.1,C001
v043,v075,41.9,1.470e-55,206.0,P19833,WP_085749238.1,C001
v043,v076,45.3,2.160e-60,223.0,P19833,A0A1H6AD45,C001
v043,v077,47.5,5.690e-61,225.0,P19833,WP_090538641.1,C001
v043,v078,42.2,2.640e-55,206.0,P19833,WP_093412886.1,C001
v043,v080,41.5,7.130e-56,208.0,P19833,WP_104613137.1,C001
v043,v081,41.6,6.210e-55,205.0,P19833,WP_107095481.1,C001
v043,v082,30.5,2.710e-29,119.0,P19833,WP_111881932,C001
v043,v083,33.5,2.610e-32,129.0,P19833,WP_117215036.1,C001
v043,v086,48.7,1.940e-68,249.0,P19833,Ipet,C001
v043,v087,42.0,9.150e-53,197.0,P19833,XCO66867,C001
v043,v088,37.8,7.170e-42,161.0,P19833,XDS72785.1,C001
v043,v089,43.1,5.050e-57,211.0,P19833,ACC95208.1,C001
v044,v045,93.0,2.300e-163,565.0,Q47RJ6_THEFY,Q47RJ7_THEFY,C001
v044,v046,100.0,1.700e-174,602.0,Q47RJ6_THEFY,Q6A0I4,C001
v044,v047,48.6,1.340e-70,257.0,Q47RJ6_THEFY,Q8RR62,C001
v044,v050,33.7,4.020e-34,135.0,Q47RJ6_THEFY,RLT92980.1,C001
v044,v051,50.2,4.440e-74,268.0,Q47RJ6_THEFY,RLU00646.1,C001
v044,v052,67.7,8.770e-103,363.0,Q47RJ6_THEFY,SAY37579.1,C001
v044,v053,68.3,6.710e-103,364.0,Q47RJ6_THEFY,SAY37582.1,C001
v044,v054,64.9,7.650e-99,350.0,Q47RJ6_THEFY,SAY37583.1,C001
v044,v055,55.0,1.490e-78,283.0,Q47RJ6_THEFY,SAY37584.1,C001
v044,v056,55.0,3.920e-79,285.0,Q47RJ6_THEFY,SAY37587.1,C001
v044,v057,55.7,1.350e-79,286.0,Q47RJ6_THEFY,SAY37589.1,C001
v044,v058,51.5,1.080e-80,290.0,Q47RJ6_THEFY,SHM40309.1,C001
v044,v059,46.5,2.670e-71,259.0,Q47RJ6_THEFY,SUD16364.1,C001
v044,v060,47.8,1.380e-67,247.0,Q47RJ6_THEFY,OK558824,C001
v044,v061,46.6,9.920e-66,240.0,Q47RJ6_THEFY,OK558825,C001
v044,v062,63.5,7.270e-97,344.0,Q47RJ6_THEFY,WAU86704.1,C001
v044,v063,31.2,1.110e-26,111.0,Q47RJ6_THEFY,Ipet,C001
v044,v064,65.9,4.450e-99,351.0,Q47RJ6_THEFY,WOR09923,C001
v044,v066,46.8,4.440e-74,268.0,Q47RJ6_THEFY,A0A031MKR8,C001
v044,v067,35.2,1.600e-31,127.0,Q47RJ6_THEFY,WP_039353427,C001
v044,v068,49.7,5.070e-78,281.0,Q47RJ6_THEFY,A0A078MGG8,C001
v044,v069,56.8,2.660e-89,319.0,Q47RJ6_THEFY,WP_058088494.1,C001
v044,v070,47.9,7.860e-76,274.0,Q47RJ6_THEFY,WP_062195544.1,C001
v044,v071,44.7,1.910e-69,253.0,Q47RJ6_THEFY,WP_068824797.1,C001
v044,v072,58.7,2.190e-100,356.0,Q47RJ6_THEFY,WP_078759821.1,C001
v044,v073,51.0,7.590e-82,294.0,Q47RJ6_THEFY,WP_082414832.1,C001
v044,v074,76.8,1.330e-128,449.0,Q47RJ6_THEFY,WP_083947829.1,C001
v044,v075,49.3,1.790e-69,253.0,Q47RJ6_THEFY,WP_085749238.1,C001
v044,v076,49.6,4.160e-72,262.0,Q47RJ6_THEFY,A0A1H6AD45,C001
v044,v077,46.9,1.170e-74,270.0,Q47RJ6_THEFY,WP_090538641.1,C001
v044,v078,56.7,2.440e-93,332.0,Q47RJ6_THEFY,WP_093412886.1,C001
v044,v079,34.0,8.810e-32,127.0,Q47RJ6_THEFY,WP_101893509.1,C001
v044,v080,97.7,5.110e-171,590.0,Q47RJ6_THEFY,WP_104613137.1,C001
v044,v081,60.4,3.860e-102,361.0,Q47RJ6_THEFY,WP_107095481.1,C001
v044,v082,34.2,1.600e-31,127.0,Q47RJ6_THEFY,WP_111881932,C001
v044,v083,47.5,3.080e-67,245.0,Q47RJ6_THEFY,WP_117215036.1,C001
v044,v086,48.4,9.290e-71,257.0,Q47RJ6_THEFY,Ipet,C001
v044,v087,56.5,1.040e-88,317.0,Q47RJ6_THEFY,XCO66867,C001
v044,v088,47.4,1.580e-73,266.0,Q47RJ6_THEFY,XDS72785.1,C001
v044,v089,46.4,4.160e-72,262.0,Q47RJ6_THEFY,ACC95208.1,C001
v045,v046,93.0,2.300e-163,565.0,Q47RJ7_THEFY,Q6A0I4,C001
v045,v047,47.2,2.550e-69,252.0,Q47RJ7_THEFY,Q8RR62,C001
v045,v050,34.3,8.100e-35,138.0,Q47RJ7_THEFY,RLT92980.1,C001
v045,v051,47.9,7.860e-74,267.0,Q47RJ7_THEFY,RLU00646.1,C001
v045,v052,66.9,6.280e-101,357.0,Q47RJ7_THEFY,SAY37579.1,C001
v045,v053,66.8,8.210e-101,357.0,Q47RJ7_THEFY,SAY37582.1,C001
v045,v054,64.1,4.200e-97,344.0,Q47RJ7_THEFY,SAY37583.1,C001
v045,v055,54.4,2.150e-77,279.0,Q47RJ7_THEFY,SAY37584.1,C001
v045,v056,54.8,4.330e-78,281.0,Q47RJ7_THEFY,SAY37587.1,C001
v045,v057,55.1,1.940e-78,282.0,Q47RJ7_THEFY,SAY37589.1,C001
v045,v058,52.5,5.740e-80,288.0,Q47RJ7_THEFY,SHM40309.1,C001
v045,v059,46.7,5.950e-71,258.0,Q47RJ7_THEFY,SUD16364.1,C001
v045,v060,47.4,2.100e-66,243.0,Q47RJ7_THEFY,OK558824,C001
v045,v061,42.7,1.320e-65,240.0,Q47RJ7_THEFY,OK558825,C001
v045,v062,62.7,1.050e-95,340.0,Q47RJ7_THEFY,WAU86704.1,C001
v045,v063,30.5,4.670e-25,105.0,Q47RJ7_THEFY,Ipet,C001
v045,v064,64.7,2.700e-96,342.0,Q47RJ7_THEFY,WOR09923,C001
v045,v066,46.8,5.270e-75,271.0,Q47RJ7_THEFY,A0A031MKR8,C001
v045,v067,35.7,1.300e-31,127.0,Q47RJ7_THEFY,WP_039353427,C001
v045,v068,49.3,1.340e-78,283.0,Q47RJ7_THEFY,A0A078MGG8,C001
v045,v069,57.6,2.490e-87,312.0,Q47RJ7_THEFY,WP_058088494.1,C001
v045,v070,47.6,5.090e-75,271.0,Q47RJ7_THEFY,WP_062195544.1,C001
v045,v071,44.8,2.490e-69,252.0,Q47RJ7_THEFY,WP_068824797.1,C001
v045,v072,58.9,3.730e-100,355.0,Q47RJ7_THEFY,WP_078759821.1,C001
v045,v073,50.7,1.690e-81,293.0,Q47RJ7_THEFY,WP_082414832.1,C001
v045,v074,76.5,1.920e-127,445.0,Q47RJ7_THEFY,WP_083947829.1,C001
v045,v075,47.5,3.160e-66,242.0,Q47RJ7_THEFY,WP_085749238.1,C001
v045,v076,49.3,4.960e-73,265.0,Q47RJ7_THEFY,A0A1H6AD45,C001
v045,v077,46.2,9.040e-75,270.0,Q47RJ7_THEFY,WP_090538641.1,C001
v045,v078,56.6,6.010e-92,327.0,Q47RJ7_THEFY,WP_093412886.1,C001
v045,v079,36.0,5.520e-34,135.0,Q47RJ7_THEFY,WP_101893509.1,C001
v045,v080,94.0,3.210e-165,571.0,Q47RJ7_THEFY,WP_104613137.1,C001
v045,v081,58.8,1.410e-99,353.0,Q47RJ7_THEFY,WP_107095481.1,C001
v045,v082,35.2,3.410e-32,129.0,Q47RJ7_THEFY,WP_111881932,C001
v045,v083,46.1,6.820e-65,238.0,Q47RJ7_THEFY,WP_117215036.1,C001
v045,v086,48.4,6.430e-72,261.0,Q47RJ7_THEFY,Ipet,C001
v045,v087,56.1,1.950e-87,312.0,Q47RJ7_THEFY,XCO66867,C001
v045,v088,47.7,9.270e-74,267.0,Q47RJ7_THEFY,XDS72785.1,C001
v045,v089,45.8,9.820e-72,260.0,Q47RJ7_THEFY,ACC95208.1,C001
v046,v047,48.6,1.340e-70,257.0,Q6A0I4,Q8RR62,C001
v046,v050,33.7,4.020e-34,135.0,Q6A0I4,RLT92980.1,C001
v046,v051,50.2,4.440e-74,268.0,Q6A0I4,RLU00646.1,C001
v046,v052,67.7,8.770e-103,363.0,Q6A0I4,SAY37579.1,C001
v046,v053,68.3,6.710e-103,364.0,Q6A0I4,SAY37582.1,C001
v046,v054,64.9,7.650e-99,350.0,Q6A0I4,SAY37583.1,C001
v046,v055,55.0,1.490e-78,283.0,Q6A0I4,SAY37584.1,C001
v046,v056,55.0,3.920e-79,285.0,Q6A0I4,SAY37587.1,C001
v046,v057,55.7,1.350e-79,286.0,Q6A0I4,SAY37589.1,C001
v046,v058,51.5,1.080e-80,290.0,Q6A0I4,SHM40309.1,C001
v046,v059,46.5,2.670e-71,259.0,Q6A0I4,SUD16364.1,C001
v046,v060,47.8,1.380e-67,247.0,Q6A0I4,OK558824,C001
v046,v061,46.6,9.920e-66,240.0,Q6A0I4,OK558825,C001
v046,v062,63.5,7.270e-97,344.0,Q6A0I4,WAU86704.1,C001
v046,v063,31.2,1.110e-26,111.0,Q6A0I4,Ipet,C001
v046,v064,65.9,4.450e-99,351.0,Q6A0I4,WOR09923,C001
v046,v066,46.8,4.440e-74,268.0,Q6A0I4,A0A031MKR8,C001
v046,v067,35.2,1.600e-31,127.0,Q6A0I4,WP_039353427,C001
v046,v068,49.7,5.070e-78,281.0,Q6A0I4,A0A078MGG8,C001
v046,v069,56.8,2.660e-89,319.0,Q6A0I4,WP_058088494.1,C001
v046,v070,47.9,7.860e-76,274.0,Q6A0I4,WP_062195544.1,C001
v046,v071,44.7,1.910e-69,253.0,Q6A0I4,WP_068824797.1,C001
v046,v072,58.7,2.190e-100,356.0,Q6A0I4,WP_078759821.1,C001
v046,v073,51.0,7.590e-82,294.0,Q6A0I4,WP_082414832.1,C001
v046,v074,76.8,1.330e-128,449.0,Q6A0I4,WP_083947829.1,C001
v046,v075,49.3,1.790e-69,253.0,Q6A0I4,WP_085749238.1,C001
v046,v076,49.6,4.160e-72,262.0,Q6A0I4,A0A1H6AD45,C001
v046,v077,46.9,1.170e-74,270.0,Q6A0I4,WP_090538641.1,C001
v046,v078,56.7,2.440e-93,332.0,Q6A0I4,WP_093412886.1,C001
v046,v079,34.0,8.810e-32,127.0,Q6A0I4,WP_101893509.1,C001
v046,v080,97.7,5.110e-171,590.0,Q6A0I4,WP_104613137.1,C001
v046,v081,60.4,3.860e-102,361.0,Q6A0I4,WP_107095481.1,C001
v046,v082,34.2,1.600e-31,127.0,Q6A0I4,WP_111881932,C001
v046,v083,47.5,3.080e-67,245.0,Q6A0I4,WP_117215036.1,C001
v046,v086,48.4,9.290e-71,257.0,Q6A0I4,Ipet,C001
v046,v087,56.5,1.040e-88,317.0,Q6A0I4,XCO66867,C001
v046,v088,47.4,1.580e-73,266.0,Q6A0I4,XDS72785.1,C001
v046,v089,46.4,4.160e-72,262.0,Q6A0I4,ACC95208.1,C001
v047,v049,30.8,5.890e-06,42.0,Q8RR62,RLI42440.1,C001
v047,v050,32.5,4.750e-35,138.0,Q8RR62,RLT92980.1,C001
v047,v051,52.8,2.150e-76,276.0,Q8RR62,RLU00646.1,C001
v047,v052,48.3,2.180e-69,252.0,Q8RR62,SAY37579.1,C001
v047,v053,50.2,1.230e-72,263.0,Q8RR62,SAY37582.1,C001
v047,v054,50.0,6.750e-71,257.0,Q8RR62,SAY37583.1,C001
v047,v055,47.9,6.930e-68,247.0,Q8RR62,SAY37584.1,C001
v047,v056,48.7,4.800e-69,251.0,Q8RR62,SAY37587.1,C001
v047,v057,47.9,4.060e-68,248.0,Q8RR62,SAY37589.1,C001
v047,v058,43.1,1.420e-64,236.0,Q8RR62,SHM40309.1,C001
v047,v059,50.5,8.570e-78,280.0,Q8RR62,SUD16364.1,C001
v047,v060,46.1,7.920e-71,257.0,Q8RR62,OK558824,C001
v047,v061,47.3,2.230e-73,266.0,Q8RR62,OK558825,C001
v047,v062,52.1,2.130e-72,262.0,Q8RR62,WAU86704.1,C001
v047,v064,47.9,2.090e-64,236.0,Q8RR62,WOR09923,C001
v047,v066,48.5,8.130e-76,274.0,Q8RR62,A0A031MKR8,C001
v047,v067,38.7,2.570e-45,173.0,Q8RR62,WP_039353427,C001
v047,v068,49.1,3.300e-77,278.0,Q8RR62,A0A078MGG8,C001
v047,v069,47.4,3.730e-67,245.0,Q8RR62,WP_058088494.1,C001
v047,v070,52.3,4.610e-76,275.0,Q8RR62,WP_062195544.1,C001
v047,v071,52.6,5.710e-82,294.0,Q8RR62,WP_068824797.1,C001
v047,v072,45.0,3.120e-67,245.0,Q8RR62,WP_078759821.1,C001
v047,v073,43.5,6.040e-63,231.0,Q8RR62,WP_082414832.1,C001
v047,v074,51.3,3.000e-72,262.0,Q8RR62,WP_083947829.1,C001
v047,v075,61.8,1.190e-97,346.0,Q8RR62,WP_085749238.1,C001
v047,v076,47.2,1.000e-73,267.0,Q8RR62,A0A1H6AD45,C001
v047,v077,47.9,4.490e-74,268.0,Q8RR62,WP_090538641.1,C001
v047,v078,46.9,2.080e-68,249.0,Q8RR62,WP_093412886.1,C001
v047,v079,32.2,1.610e-33,133.0,Q8RR62,WP_101893509.1,C001
v047,v080,47.9,2.520e-69,252.0,Q8RR62,WP_104613137.1,C001
v047,v081,51.3,1.180e-74,270.0,Q8RR62,WP_107095481.1,C001
v047,v082,41.5,2.570e-45,173.0,Q8RR62,WP_111881932,C001
v047,v083,39.0,1.550e-50,190.0,Q8RR62,WP_117215036.1,C001
v047,v086,52.6,1.020e-77,280.0,Q8RR62,Ipet,C001
v047,v087,44.3,4.680e-65,238.0,Q8RR62,XCO66867,C001
v047,v088,41.0,5.290e-53,198.0,Q8RR62,XDS72785.1,C001
v047,v089,48.1,1.760e-70,256.0,Q8RR62,ACC95208.1,C001
v048,v049,30.1,4.480e-30,122.0,RGD93181,RLI42440.1,C001
v049,v084,30.4,2.870e-29,119.0,RLI42440.1,WP_118011433,C001
v049,v085,35.5,2.580e-30,122.0,RLI42440.1,YNP18_240440,C001
v050,v052,31.1,6.850e-31,124.0,RLT92980.1,SAY37579.1,C001
v050,v053,31.8,3.630e-32,129.0,RLT92980.1,SAY37582.1,C001
v050,v054,32.1,4.430e-30,122.0,RLT92980.1,SAY37583.1,C001
v050,v055,30.8,1.010e-26,111.0,RLT92980.1,SAY37584.1,C001
v050,v056,31.6,7.010e-28,114.0,RLT92980.1,SAY37587.1,C001
v050,v057,30.8,5.940e-27,111.0,RLT92980.1,SAY37589.1,C001
v050,v058,30.5,8.970e-26,107.0,RLT92980.1,SHM40309.1,C001
v050,v059,32.1,1.380e-34,137.0,RLT92980.1,SUD16364.1,C001
v050,v060,32.1,2.440e-31,126.0,RLT92980.1,OK558824,C001
v050,v061,31.7,6.850e-34,134.0,RLT92980.1,OK558825,C001
v050,v062,34.7,8.750e-34,134.0,RLT92980.1,WAU86704.1,C001
v050,v064,31.5,2.180e-29,119.0,RLT92980.1,WOR09923,C001
v050,v066,31.6,8.100e-35,138.0,RLT92980.1,A0A031MKR8,C001
v050,v067,33.2,8.100e-35,138.0,RLT92980.1,WP_039353427,C001
v050,v068,31.8,3.080e-34,136.0,RLT92980.1,A0A078MGG8,C001
v050,v069,32.3,1.430e-31,127.0,RLT92980.1,WP_058088494.1,C001
v050,v070,32.9,1.530e-33,133.0,RLT92980.1,WP_062195544.1,C001
v050,v074,32.1,4.160e-31,125.0,RLT92980.1,WP_083947829.1,C001
v050,v075,32.9,1.090e-31,127.0,RLT92980.1,WP_085749238.1,C001
v050,v076,32.7,2.520e-36,143.0,RLT92980.1,A0A1H6AD45,C001
v050,v077,32.7,1.480e-36,143.0,RLT92980.1,WP_090538641.1,C001
v050,v078,33.1,4.600e-30,122.0,RLT92980.1,WP_093412886.1,C001
v050,v079,85.4,1.430e-140,489.0,RLT92980.1,WP_101893509.1,C001
v050,v080,33.9,1.380e-34,137.0,RLT92980.1,WP_104613137.1,C001
v050,v081,30.5,4.160e-31,125.0,RLT92980.1,WP_107095481.1,C001
v050,v082,30.2,1.090e-31,127.0,RLT92980.1,WP_111881932,C001
v050,v083,30.8,5.260e-26,108.0,RLT92980.1,WP_117215036.1,C001
v050,v086,31.7,4.440e-33,132.0,RLT92980.1,Ipet,C001
v050,v087,30.1,8.110e-27,111.0,RLT92980.1,XCO66867,C001
v050,v088,32.1,3.290e-28,116.0,RLT92980.1,XDS72785.1,C001
v050,v089,34.9,2.780e-35,139.0,RLT92980.1,ACC95208.1,C001
v051,v052,50.0,5.740e-70,254.0,RLU00646.1,SAY37579.1,C001
v051,v053,48.5,2.570e-70,255.0,RLU00646.1,SAY37582.1,C001
v051,v054,47.6,2.400e-68,249.0,RLU00646.1,SAY37583.1,C001
v051,v055,46.4,8.190e-69,250.0,RLU00646.1,SAY37584.1,C001
v051,v056,46.4,8.190e-69,250.0,RLU00646.1,SAY37587.1,C001
v051,v057,46.4,4.800e-69,251.0,RLU00646.1,SAY37589.1,C001
v051,v058,40.9,1.170e-58,217.0,RLU00646.1,SHM40309.1,C001
v051,v059,65.9,1.770e-107,379.0,RLU00646.1,SUD16364.1,C001
v051,v060,61.8,1.740e-97,346.0,RLU00646.1,OK558824,C001
v051,v061,57.5,2.550e-101,359.0,RLU00646.1,OK558825,C001
v051,v062,48.5,3.180e-68,248.0,RLU00646.1,WAU86704.1,C001
v051,v064,51.9,1.030e-71,260.0,RLU00646.1,WOR09923,C001
v051,v066,56.1,7.300e-101,357.0,RLU00646.1,A0A031MKR8,C001
v051,v067,34.9,1.270e-39,154.0,RLU00646.1,WP_039353427,C001
v051,v068,57.9,9.210e-104,367.0,RLU00646.1,A0A078MGG8,C001
v051,v069,46.7,6.820e-61,224.0,RLU00646.1,WP_058088494.1,C001
v051,v070,49.8,2.290e-75,272.0,RLU00646.1,WP_062195544.1,C001
v051,v071,60.6,2.010e-111,392.0,RLU00646.1,WP_068824797.1,C001
v051,v072,44.3,2.980e-65,239.0,RLU00646.1,WP_078759821.1,C001
v051,v073,46.0,7.370e-69,251.0,RLU00646.1,WP_082414832.1,C001
v051,v074,49.1,7.150e-74,267.0,RLU00646.1,WP_083947829.1,C001
v051,v075,53.6,1.120e-71,260.0,RLU00646.1,WP_085749238.1,C001
v051,v076,57.3,4.310e-101,358.0,RLU00646.1,A0A1H6AD45,C001
v051,v077,58.7,1.130e-101,360.0,RLU00646.1,WP_090538641.1,C001
v051,v078,46.7,4.950e-70,255.0,RLU00646.1,WP_093412886.1,C001
v051,v079,30.2,3.130e-29,119.0,RLU00646.1,WP_101893509.1,C001
v051,v080,49.1,7.090e-72,261.0,RLU00646.1,WP_104613137.1,C001
v051,v081,47.2,8.930e-70,254.0,RLU00646.1,WP_107095481.1,C001
v051,v082,33.1,4.070e-38,149.0,RLU00646.1,WP_111881932,C001
v051,v083,38.3,1.640e-45,174.0,RLU00646.1,WP_117215036.1,C001
v051,v086,67.8,7.510e-113,397.0,RLU00646.1,Ipet,C001
v051,v087,43.5,6.990e-61,224.0,RLU00646.1,XCO66867,C001
v051,v088,43.7,6.910e-54,201.0,RLU00646.1,XDS72785.1,C001
v051,v089,61.8,3.230e-104,368.0,RLU00646.1,ACC95208.1,C001
v052,v053,91.2,4.030e-140,487.0,SAY37579.1,SAY37582.1,C001
v052,v054,68.8,9.330e-105,370.0,SAY37579.1,SAY37583.1,C001
v052,v055,62.7,7.610e-91,324.0,SAY37579.1,SAY37584.1,C001
v052,v056,62.3,7.610e-91,324.0,SAY37579.1,SAY37587.1,C001
v052,v057,62.7,5.830e-91,324.0,SAY37579.1,SAY37589.1,C001
v052,v058,55.4,4.840e-77,278.0,SAY37579.1,SHM40309.1,C001
v052,v059,47.0,1.790e-63,233.0,SAY37579.1,SUD16364.1,C001
v052,v060,50.6,7.490e-70,254.0,SAY37579.1,OK558824,C001
v052,v061,49.8,1.280e-69,253.0,SAY37579.1,OK558825,C001
v052,v062,71.7,5.670e-110,387.0,SAY37579.1,WAU86704.1,C001
v052,v064,67.7,2.880e-106,375.0,SAY37579.1,WOR09923,C001
v052,v066,53.0,2.040e-75,272.0,SAY37579.1,A0A031MKR8,C001
v052,v067,34.3,9.560e-33,131.0,SAY37579.1,WP_039353427,C001
v052,v068,51.8,1.560e-75,273.0,SAY37579.1,A0A078MGG8,C001
v052,v069,55.1,5.720e-78,281.0,SAY37579.1,WP_058088494.1,C001
v052,v070,51.1,3.250e-73,265.0,SAY37579.1,WP_062195544.1,C001
v052,v071,47.0,9.480e-65,237.0,SAY37579.1,WP_068824797.1,C001
v052,v072,68.6,1.450e-105,372.0,SAY37579.1,WP_078759821.1,C001
v052,v073,60.1,1.830e-92,329.0,SAY37579.1,WP_082414832.1,C001
v052,v074,65.4,5.880e-99,351.0,SAY37579.1,WP_083947829.1,C001
v052,v075,47.0,4.870e-61,225.0,SAY37579.1,WP_085749238.1,C001
v052,v076,50.0,8.000e-72,260.0,SAY37579.1,A0A1H6AD45,C001
v052,v077,50.9,5.540e-73,264.0,SAY37579.1,WP_090538641.1,C001
v052,v078,64.2,6.950e-100,354.0,SAY37579.1,WP_093412886.1,C001
v052,v079,30.8,3.180e-28,116.0,SAY37579.1,WP_101893509.1,C001
v052,v080,68.1,3.940e-103,364.0,SAY37579.1,WP_104613137.1,C001
v052,v081,73.6,2.010e-115,405.0,SAY37579.1,WP_107095481.1,C001
v052,v082,34.4,1.860e-36,143.0,SAY37579.1,WP_111881932,C001
v052,v083,53.1,8.000e-72,260.0,SAY37579.1,WP_117215036.1,C001
v052,v086,48.5,3.850e-66,242.0,SAY37579.1,Ipet,C001
v052,v087,62.0,6.960e-92,327.0,SAY37579.1,XCO66867,C001
v052,v088,45.3,8.870e-63,230.0,SAY37579.1,XDS72785.1,C001
v052,v089,47.0,1.620e-64,236.0,SAY37579.1,ACC95208.1,C001
v053,v054,69.5,1.590e-104,369.0,SAY37582.1,SAY37583.1,C001
v053,v055,62.3,1.170e-91,326.0,SAY37582.1,SAY37584.1,C001
v053,v056,62.5,6.880e-92,327.0,SAY37582.1,SAY37587.1,C001
v053,v057,62.9,5.270e-92,327.0,SAY37582.1,SAY37589.1,C001
v053,v058,56.0,5.180e-79,284.0,SAY37582.1,SHM40309.1,C001
v053,v059,47.0,1.120e-65,240.0,SAY37582.1,SUD16364.1,C001
v053,v060,48.5,4.860e-69,251.0,SAY37582.1,OK558824,C001
v053,v061,47.7,5.370e-68,248.0,SAY37582.1,OK558825,C001
v053,v062,74.8,5.850e-115,404.0,SAY37582.1,WAU86704.1,C001
v053,v064,70.0,5.800e-107,377.0,SAY37582.1,WOR09923,C001
v053,v066,51.3,8.550e-74,267.0,SAY37582.1,A0A031MKR8,C001
v053,v067,33.6,4.290e-33,132.0,SAY37582.1,WP_039353427,C001
v053,v068,50.6,1.720e-74,269.0,SAY37582.1,A0A078MGG8,C001
v053,v069,53.2,1.970e-78,282.0,SAY37582.1,WP_058088494.1,C001
v053,v070,53.3,1.320e-74,270.0,SAY37582.1,WP_062195544.1,C001
v053,v071,47.0,5.020e-66,241.0,SAY37582.1,WP_068824797.1,C001
v053,v072,70.9,6.930e-108,380.0,SAY37582.1,WP_078759821.1,C001
v053,v073,62.2,6.090e-96,341.0,SAY37582.1,WP_082414832.1,C001
v053,v074,65.6,1.310e-98,349.0,SAY37582.1,WP_083947829.1,C001
v053,v075,47.4,5.200e-63,231.0,SAY37582.1,WP_085749238.1,C001
v053,v076,49.1,4.390e-70,255.0,SAY37582.1,A0A1H6AD45,C001
v053,v077,50.0,2.330e-71,259.0,SAY37582.1,WP_090538641.1,C001
v053,v078,64.2,2.640e-99,352.0,SAY37582.1,WP_093412886.1,C001
v053,v079,32.2,1.530e-30,123.0,SAY37582.1,WP_101893509.1,C001
v053,v080,68.3,8.770e-103,363.0,SAY37582.1,WP_104613137.1,C001
v053,v081,74.0,1.650e-117,412.0,SAY37582.1,WP_107095481.1,C001
v053,v082,34.5,1.580e-35,140.0,SAY37582.1,WP_111881932,C001
v053,v083,55.4,1.320e-74,270.0,SAY37582.1,WP_117215036.1,C001
v053,v086,47.3,5.940e-67,244.0,SAY37582.1,Ipet,C001
v053,v087,62.7,5.700e-94,334.0,SAY37582.1,XCO66867,C001
v053,v088,44.9,9.620e-63,230.0,SAY37582.1,XDS72785.1,C001
v053,v089,45.5,1.240e-64,236.0,SAY37582.1,ACC95208.1,C001
v054,v055,63.1,1.390e-92,329.0,SAY37583.1,SAY37584.1,C001
v054,v056,63.5,1.640e-93,332.0,SAY37583.1,SAY37587.1,C001
v054,v057,63.5,2.790e-93,332.0,SAY37583.1,SAY37589.1,C001
v054,v058,53.3,4.230e-73,265.0,SAY37583.1,SHM40309.1,C001
v054,v059,44.9,1.780e-63,233.0,SAY37583.1,SUD16364.1,C001
v054,v060,44.3,8.270e-61,224.0,SAY37583.1,OK558824,C001
v054,v061,45.9,3.240e-65,238.0,SAY37583.1,OK558825,C001
v054,v062,70.2,2.900e-106,375.0,SAY37583.1,WAU86704.1,C001
v054,v064,61.8,1.480e-94,336.0,SAY37583.1,WOR09923,C001
v054,v066,48.1,1.190e-67,247.0,SAY37583.1,A0A031MKR8,C001
v054,v067,33.7,9.530e-33,131.0,SAY37583.1,WP_039353427,C001
v054,v068,49.4,2.840e-69,252.0,SAY37583.1,A0A078MGG8,C001
v054,v069,51.2,1.460e-71,260.0,SAY37583.1,WP_058088494.1,C001
v054,v070,49.1,8.810e-71,257.0,SAY37583.1,WP_062195544.1,C001
v054,v071,43.4,3.710e-61,225.0,SAY37583.1,WP_068824797.1,C001
v054,v072,65.3,1.440e-97,346.0,SAY37583.1,WP_078759821.1,C001
v054,v073,59.1,1.770e-87,312.0,SAY37583.1,WP_082414832.1,C001
v054,v074,60.7,1.000e-90,323.0,SAY37583.1,WP_083947829.1,C001
v054,v075,46.6,8.840e-63,230.0,SAY37583.1,WP_085749238.1,C001
v054,v076,48.3,3.140e-68,248.0,SAY37583.1,A0A1H6AD45,C001
v054,v077,46.1,8.540e-66,240.0,SAY37583.1,WP_090538641.1,C001
v054,v078,65.7,1.310e-98,349.0,SAY37583.1,WP_093412886.1,C001
v054,v079,31.0,3.470e-28,116.0,SAY37583.1,WP_101893509.1,C001
v054,v080,64.9,9.990e-99,350.0,SAY37583.1,WP_104613137.1,C001
v054,v081,68.2,1.350e-103,366.0,SAY37583.1,WP_107095481.1,C001
v054,v082,33.2,3.620e-32,129.0,SAY37583.1,WP_111881932,C001
v054,v083,51.9,8.810e-71,257.0,SAY37583.1,WP_117215036.1,C001
v054,v086,45.7,2.330e-63,232.0,SAY37583.1,Ipet,C001
v054,v087,63.3,2.020e-91,325.0,SAY37583.1,XCO66867,C001
v054,v088,44.2,5.930e-59,218.0,SAY37583.1,XDS72785.1,C001
v054,v089,43.4,2.180e-61,226.0,SAY37583.1,ACC95208.1,C001
v055,v056,97.7,3.040e-148,514.0,SAY37584.1,SAY37587.1,C001
v055,v057,98.4,3.590e-149,517.0,SAY37584.1,SAY37589.1,C001
v055,v058,56.8,1.030e-79,287.0,SAY37584.1,SHM40309.1,C001
v055,v059,45.5,8.470e-66,240.0,SAY37584.1,SUD16364.1,C001
v055,v060,45.0,3.010e-63,232.0,SAY37584.1,OK558824,C001
v055,v061,45.3,4.200e-65,238.0,SAY37584.1,OK558825,C001
v055,v062,64.1,1.750e-95,339.0,SAY37584.1,WAU86704.1,C001
v055,v063,30.9,1.790e-23,100.0,SAY37584.1,Ipet,C001
v055,v064,56.3,2.370e-84,302.0,SAY37584.1,WOR09923,C001
v055,v066,46.4,2.910e-66,242.0,SAY37584.1,A0A031MKR8,C001
v055,v067,35.3,8.730e-32,128.0,SAY37584.1,WP_039353427,C001
v055,v068,47.2,9.050e-68,247.0,SAY37584.1,A0A078MGG8,C001
v055,v069,46.3,5.140e-63,231.0,SAY37584.1,WP_058088494.1,C001
v055,v070,46.1,5.320e-60,221.0,SAY37584.1,WP_062195544.1,C001
v055,v071,45.2,1.310e-66,243.0,SAY37584.1,WP_068824797.1,C001
v055,v072,56.2,3.200e-81,292.0,SAY37584.1,WP_078759821.1,C001
v055,v073,54.9,3.790e-82,295.0,SAY37584.1,WP_082414832.1,C001
v055,v074,57.1,3.790e-82,295.0,SAY37584.1,WP_083947829.1,C001
v055,v075,48.6,2.460e-65,239.0,SAY37584.1,WP_085749238.1,C001
v055,v076,45.7,1.110e-65,240.0,SAY37584.1,A0A1H6AD45,C001
v055,v077,46.3,1.310e-66,243.0,SAY37584.1,WP_090538641.1,C001
v055,v078,55.0,1.220e-80,290.0,SAY37584.1,WP_093412886.1,C001
v055,v079,31.7,1.230e-25,107.0,SAY37584.1,WP_101893509.1,C001
v055,v080,54.2,6.250e-77,277.0,SAY37584.1,WP_104613137.1,C001
v055,v081,62.9,2.140e-93,332.0,SAY37584.1,WP_107095481.1,C001
v055,v082,36.4,4.920e-35,139.0,SAY37584.1,WP_111881932,C001
v055,v083,48.3,9.690e-62,227.0,SAY37584.1,WP_117215036.1,C001
v055,v086,46.2,1.180e-67,247.0,SAY37584.1,Ipet,C001
v055,v087,56.2,3.540e-80,288.0,SAY37584.1,XCO66867,C001
v055,v088,39.8,6.960e-52,194.0,SAY37584.1,XDS72785.1,C001
v055,v089,48.1,7.400e-70,254.0,SAY37584.1,ACC95208.1,C001
v056,v057,98.4,2.750e-149,518.0,SAY37587.1,SAY37589.1,C001
v056,v058,58.3,4.940e-82,294.0,SAY37587.1,SHM40309.1,C001
v056,v059,45.5,4.970e-66,241.0,SAY37587.1,SUD16364.1,C001
v056,v060,45.6,2.730e-64,235.0,SAY37587.1,OK558824,C001
v056,v061,46.3,5.870e-67,244.0,SAY37587.1,OK558825,C001
v056,v062,64.7,6.020e-96,341.0,SAY37587.1,WAU86704.1,C001
v056,v063,31.1,3.600e-24,102.0,SAY37587.1,Ipet,C001
v056,v064,57.9,4.320e-86,308.0,SAY37587.1,WOR09923,C001
v056,v066,47.6,1.180e-67,247.0,SAY37587.1,A0A031MKR8,C001
v056,v067,35.7,2.300e-32,130.0,SAY37587.1,WP_039353427,C001
v056,v068,48.0,1.070e-68,250.0,SAY37587.1,A0A078MGG8,C001
v056,v069,46.3,6.070e-64,234.0,SAY37587.1,WP_058088494.1,C001
v056,v070,46.8,6.280e-61,224.0,SAY37587.1,WP_062195544.1,C001
v056,v071,45.2,7.660e-67,244.0,SAY37587.1,WP_068824797.1,C001
v056,v072,56.4,1.440e-81,293.0,SAY37587.1,WP_078759821.1,C001
v056,v073,56.0,1.540e-83,299.0,SAY37587.1,WP_082414832.1,C001
v056,v074,57.1,4.940e-82,294.0,SAY37587.1,WP_083947829.1,C001
v056,v075,49.8,1.710e-66,243.0,SAY37587.1,WP_085749238.1,C001
v056,v076,46.1,8.470e-66,240.0,SAY37587.1,A0A1H6AD45,C001
v056,v077,46.6,2.630e-67,245.0,SAY37587.1,WP_090538641.1,C001
v056,v078,55.4,5.470e-81,291.0,SAY37587.1,WP_093412886.1,C001
v056,v079,32.5,8.540e-27,111.0,SAY37587.1,WP_101893509.1,C001
v056,v080,54.6,1.260e-77,280.0,SAY37587.1,WP_104613137.1,C001
v056,v081,64.3,1.130e-94,336.0,SAY37587.1,WP_107095481.1,C001
v056,v082,36.4,2.880e-35,139.0,SAY37587.1,WP_111881932,C001
v056,v083,49.0,5.140e-63,231.0,SAY37587.1,WP_117215036.1,C001
v056,v086,46.2,2.630e-67,245.0,SAY37587.1,Ipet,C001
v056,v087,56.6,1.440e-81,293.0,SAY37587.1,XCO66867,C001
v056,v088,40.6,1.070e-52,197.0,SAY37587.1,XDS72785.1,C001
v056,v089,48.0,1.650e-69,253.0,SAY37587.1,ACC95208.1,C001
v057,v058,57.9,3.200e-81,292.0,SAY37589.1,SHM40309.1,C001
v057,v059,45.8,1.520e-66,243.0,SAY37589.1,SUD16364.1,C001
v057,v060,45.2,4.380e-64,235.0,SAY37589.1,OK558824,C001
v057,v061,45.5,4.970e-66,241.0,SAY37589.1,OK558825,C001
v057,v062,64.7,3.530e-96,341.0,SAY37589.1,WAU86704.1,C001
v057,v063,31.4,3.600e-24,102.0,SAY37589.1,Ipet,C001
v057,v064,57.1,2.140e-85,305.0,SAY37589.1,WOR09923,C001
v057,v066,47.2,1.540e-67,246.0,SAY37589.1,A0A031MKR8,C001
v057,v067,35.7,5.540e-33,131.0,SAY37589.1,WP_039353427,C001
v057,v068,47.6,1.400e-68,250.0,SAY37589.1,A0A078MGG8,C001
v057,v069,45.9,7.290e-63,231.0,SAY37589.1,WP_058088494.1,C001
v057,v070,45.7,5.320e-60,221.0,SAY37589.1,WP_062195544.1,C001
v057,v071,45.6,2.330e-67,246.0,SAY37589.1,WP_068824797.1,C001
v057,v072,56.8,1.100e-81,293.0,SAY37589.1,WP_078759821.1,C001
v057,v073,55.3,7.630e-83,297.0,SAY37589.1,WP_082414832.1,C001
v057,v074,57.9,3.420e-83,298.0,SAY37589.1,WP_083947829.1,C001
v057,v075,48.6,1.450e-65,240.0,SAY37589.1,WP_085749238.1,C001
v057,v076,46.1,1.710e-66,243.0,SAY37589.1,A0A1H6AD45,C001
v057,v077,46.6,2.630e-67,245.0,SAY37589.1,WP_090538641.1,C001
v057,v078,55.4,1.880e-81,292.0,SAY37589.1,WP_093412886.1,C001
v057,v079,30.3,1.050e-23,101.0,SAY37589.1,WP_101893509.1,C001
v057,v080,55.0,5.660e-78,281.0,SAY37589.1,WP_104613137.1,C001
v057,v081,64.0,4.310e-94,334.0,SAY37589.1,WP_107095481.1,C001
v057,v082,36.8,3.140e-36,142.0,SAY37589.1,WP_111881932,C001
v057,v083,48.8,6.710e-63,231.0,SAY37589.1,WP_117215036.1,C001
v057,v086,46.6,1.940e-68,249.0,SAY37589.1,Ipet,C001
v057,v087,55.9,4.630e-80,288.0,SAY37589.1,XCO66867,C001
v057,v088,39.8,5.330e-52,195.0,SAY37589.1,XDS72785.1,C001
v057,v089,48.0,5.670e-70,254.0,SAY37589.1,ACC95208.1,C001
v058,v059,39.0,2.050e-55,206.0,SHM40309.1,SUD16364.1,C001
v058,v060,37.7,5.610e-53,198.0,SHM40309.1,OK558824,C001
v058,v061,38.1,5.070e-54,201.0,SHM40309.1,OK558825,C001
v058,v062,54.8,3.390e-78,282.0,SHM40309.1,WAU86704.1,C001
v058,v064,51.2,3.010e-71,258.0,SHM40309.1,WOR09923,C001
v058,v066,42.8,7.310e-61,224.0,SHM40309.1,A0A031MKR8,C001
v058,v067,34.6,9.000e-35,138.0,SHM40309.1,WP_039353427,C001
v058,v068,41.9,6.610e-62,228.0,SHM40309.1,A0A078MGG8,C001
v058,v069,43.8,5.980e-57,211.0,SHM40309.1,WP_058088494.1,C001
v058,v070,44.0,8.430e-62,227.0,SHM40309.1,WP_062195544.1,C001
v058,v071,39.6,4.400e-58,215.0,SHM40309.1,WP_068824797.1,C001
v058,v072,50.3,4.720e-76,275.0,SHM40309.1,WP_078759821.1,C001
v058,v073,53.7,8.310e-81,290.0,SHM40309.1,WP_082414832.1,C001
v058,v074,51.7,1.390e-77,280.0,SHM40309.1,WP_083947829.1,C001
v058,v075,45.7,3.860e-64,235.0,SHM40309.1,WP_085749238.1,C001
v058,v076,39.2,9.250e-56,207.0,SHM40309.1,A0A1H6AD45,C001
v058,v077,39.8,3.400e-58,215.0,SHM40309.1,WP_090538641.1,C001
v058,v078,46.6,9.330e-69,250.0,SHM40309.1,WP_093412886.1,C001
v058,v080,51.2,1.200e-79,287.0,SHM40309.1,WP_104613137.1,C001
v058,v081,51.7,4.400e-82,295.0,SHM40309.1,WP_107095481.1,C001
v058,v082,33.1,3.200e-32,129.0,SHM40309.1,WP_111881932,C001
v058,v083,50.0,8.610e-70,254.0,SHM40309.1,WP_117215036.1,C001
v058,v086,40.4,6.460e-56,208.0,SHM40309.1,Ipet,C001
v058,v087,53.3,7.770e-79,284.0,SHM40309.1,XCO66867,C001
v058,v088,38.7,4.190e-50,188.0,SHM40309.1,XDS72785.1,C001
v058,v089,40.6,1.380e-59,220.0,SHM40309.1,ACC95208.1,C001
v059,v060,52.8,6.110e-92,327.0,SUD16364.1,OK558824,C001
v059,v061,53.1,1.360e-91,326.0,SUD16364.1,OK558825,C001
v059,v062,50.4,6.850e-71,257.0,SUD16364.1,WAU86704.1,C001
v059,v064,45.1,6.070e-64,234.0,SUD16364.1,WOR09923,C001
v059,v066,55.3,6.970e-96,341.0,SUD16364.1,A0A031MKR8,C001
v059,v067,34.0,7.570e-42,161.0,SUD16364.1,WP_039353427,C001
v059,v068,54.1,1.010e-94,337.0,SUD16364.1,A0A078MGG8,C001
v059,v069,45.4,2.960e-64,235.0,SUD16364.1,WP_058088494.1,C001
v059,v070,47.3,8.130e-73,264.0,SUD16364.1,WP_062195544.1,C001
v059,v071,80.9,9.570e-146,506.0,SUD16364.1,WP_068824797.1,C001
v059,v072,39.3,2.500e-61,226.0,SUD16364.1,WP_078759821.1,C001
v059,v073,42.1,1.240e-60,223.0,SUD16364.1,WP_082414832.1,C001
v059,v074,45.5,5.300e-69,251.0,SUD16364.1,WP_083947829.1,C001
v059,v075,52.3,9.470e-79,283.0,SUD16364.1,WP_085749238.1,C001
v059,v076,53.2,4.680e-92,328.0,SUD16364.1,A0A1H6AD45,C001
v059,v077,56.0,3.130e-96,342.0,SUD16364.1,WP_090538641.1,C001
v059,v078,42.2,3.110e-64,235.0,SUD16364.1,WP_093412886.1,C001
v059,v079,31.6,2.100e-33,133.0,SUD16364.1,WP_101893509.1,C001
v059,v080,46.2,1.320e-70,257.0,SUD16364.1,WP_104613137.1,C001
v059,v081,46.3,5.030e-70,255.0,SUD16364.1,WP_107095481.1,C001
v059,v082,32.8,1.580e-39,153.0,SUD16364.1,WP_111881932,C001
v059,v083,38.7,2.060e-47,179.0,SUD16364.1,WP_117215036.1,C001
v059,v086,85.3,4.990e-141,490.0,SUD16364.1,Ipet,C001
v059,v087,40.2,2.330e-56,209.0,SUD16364.1,XCO66867,C001
v059,v088,43.6,8.160e-54,201.0,SUD16364.1,XDS72785.1,C001
v059,v089,56.1,1.080e-96,343.0,SUD16364.1,ACC95208.1,C001
v060,v061,73.1,1.530e-138,482.0,OK558824,OK558825,C001
v060,v062,47.8,1.130e-65,240.0,OK558824,WAU86704.1,C001
v060,v064,47.6,6.490e-66,241.0,OK558824,WOR09923,C001
v060,v066,68.0,5.550e-125,437.0,OK558824,A0A031MKR8,C001
v060,v067,40.2,3.980e-49,185.0,OK558824,WP_039353427,C001
v060,v068,66.8,4.400e-122,428.0,OK558824,A0A078MGG8,C001
v060,v069,44.5,5.400e-58,215.0,OK558824,WP_058088494.1,C001
v060,v070,50.4,1.130e-74,270.0,OK558824,WP_062195544.1,C001
v060,v071,57.7,6.730e-91,324.0,OK558824,WP_068824797.1,C001
v060,v072,41.6,5.720e-64,235.0,OK558824,WP_078759821.1,C001
v060,v073,45.0,6.910e-59,218.0,OK558824,WP_082414832.1,C001
v060,v074,44.3,5.300e-69,251.0,OK558824,WP_083947829.1,C001
v060,v075,46.6,1.240e-62,230.0,OK558824,WP_085749238.1,C001
v060,v076,66.3,1.290e-121,426.0,OK558824,A0A1H6AD45,C001
v060,v077,66.5,3.510e-119,418.0,OK558824,WP_090538641.1,C001
v060,v078,47.4,6.050e-68,248.0,OK558824,WP_093412886.1,C001
v060,v079,30.5,3.470e-28,116.0,OK558824,WP_101893509.1,C001
v060,v080,47.0,4.450e-66,242.0,OK558824,WP_104613137.1,C001
v060,v081,45.7,8.360e-68,247.0,OK558824,WP_107095481.1,C001
v060,v082,39.0,3.980e-49,185.0,OK558824,WP_111881932,C001
v060,v083,38.4,5.740e-48,181.0,OK558824,WP_117215036.1,C001
v060,v086,56.2,2.870e-88,315.0,OK558824,Ipet,C001
v060,v087,41.1,6.130e-57,211.0,OK558824,XCO66867,C001
v060,v088,42.2,1.100e-50,190.0,OK558824,XDS72785.1,C001
v060,v089,57.6,2.090e-103,366.0,OK558824,ACC95208.1,C001
v061,v062,47.7,1.020e-66,243.0,OK558825,WAU86704.1,C001
v061,v064,48.7,1.400e-68,250.0,OK558825,WOR09923,C001
v061,v066,71.6,3.480e-127,445.0,OK558825,A0A031MKR8,C001
v061,v067,38.6,4.000e-46,175.0,OK558825,WP_039353427,C001
v061,v068,71.3,1.120e-125,439.0,OK558825,A0A078MGG8,C001
v061,v069,41.4,4.420e-60,221.0,OK558825,WP_058088494.1,C001
v061,v070,46.3,2.530e-74,269.0,OK558825,WP_062195544.1,C001
v061,v071,55.2,1.710e-94,336.0,OK558825,WP_068824797.1,C001
v061,v072,45.3,1.730e-65,240.0,OK558825,WP_078759821.1,C001
v061,v073,46.5,4.790e-60,221.0,OK558825,WP_082414832.1,C001
v061,v074,46.1,6.270e-70,254.0,OK558825,WP_083947829.1,C001
v061,v075,46.2,6.590e-64,234.0,OK558825,WP_085749238.1,C001
v061,v076,71.9,2.680e-127,445.0,OK558825,A0A1H6AD45,C001
v061,v077,68.4,1.470e-125,439.0,OK558825,WP_090538641.1,C001
v061,v078,45.3,2.460e-69,252.0,OK558825,WP_093412886.1,C001
v061,v079,30.8,5.170e-32,128.0,OK558825,WP_101893509.1,C001
v061,v080,45.9,4.170e-64,235.0,OK558825,WP_104613137.1,C001
v061,v081,47.1,1.040e-70,257.0,OK558825,WP_107095481.1,C001
v061,v082,40.1,2.270e-49,186.0,OK558825,WP_111881932,C001
v061,v083,36.9,7.060e-43,164.0,OK558825,WP_117215036.1,C001
v061,v086,56.9,3.630e-91,325.0,OK558825,Ipet,C001
v061,v087,41.0,4.240e-58,215.0,OK558825,XCO66867,C001
v061,v088,43.3,1.640e-54,203.0,OK558825,XDS72785.1,C001
v061,v089,62.8,6.470e-113,397.0,OK558825,ACC95208.1,C001
v062,v064,69.6,9.890e-107,376.0,WAU86704.1,WOR09923,C001
v062,v066,52.2,7.820e-75,270.0,WAU86704.1,A0A031MKR8,C001
v062,v067,32.4,3.680e-32,129.0,WAU86704.1,WP_039353427,C001
v062,v068,53.7,4.900e-77,278.0,WAU86704.1,A0A078MGG8,C001
v062,v069,56.0,3.280e-81,292.0,WAU86704.1,WP_058088494.1,C001
v062,v070,49.6,3.880e-74,268.0,WAU86704.1,WP_062195544.1,C001
v062,v071,47.3,3.890e-66,242.0,WAU86704.1,WP_068824797.1,C001
v062,v072,68.8,2.490e-105,372.0,WAU86704.1,WP_078759821.1,C001
v062,v073,60.7,8.320e-93,330.0,WAU86704.1,WP_082414832.1,C001
v062,v074,62.5,1.090e-92,330.0,WAU86704.1,WP_083947829.1,C001
v062,v075,50.4,1.430e-68,250.0,WAU86704.1,WP_085749238.1,C001
v062,v076,52.6,4.150e-76,275.0,WAU86704.1,A0A1H6AD45,C001
v062,v077,51.9,2.060e-75,272.0,WAU86704.1,WP_090538641.1,C001
v062,v078,64.6,3.860e-98,348.0,WAU86704.1,WP_093412886.1,C001
v062,v079,34.4,6.700e-34,134.0,WAU86704.1,WP_101893509.1,C001
v062,v080,62.4,1.370e-95,339.0,WAU86704.1,WP_104613137.1,C001
v062,v081,78.2,1.320e-122,429.0,WAU86704.1,WP_107095481.1,C001
v062,v082,32.6,1.400e-31,127.0,WAU86704.1,WP_111881932,C001
v062,v083,51.2,7.320e-73,264.0,WAU86704.1,WP_117215036.1,C001
v062,v086,49.1,7.090e-68,247.0,WAU86704.1,Ipet,C001
v062,v087,69.6,8.870e-103,363.0,WAU86704.1,XCO66867,C001
v062,v088,47.7,2.990e-64,235.0,WAU86704.1,XDS72785.1,C001
v062,v089,47.7,1.580e-67,246.0,WAU86704.1,ACC95208.1,C001
v063,v067,30.3,6.740e-24,101.0,Ipet,WP_039353427,C001
v063,v076,30.4,7.960e-25,104.0,Ipet,A0A1H6AD45,C001
v063,v078,30.7,1.040e-24,104.0,Ipet,WP_093412886.1,C001
v063,v080,30.8,2.100e-25,106.0,Ipet,WP_104613137.1,C001
v063,v082,32.1,3.030e-24,102.0,Ipet,WP_111881932,C001
v064,v066,50.9,1.590e-72,263.0,WOR09923,A0A031MKR8,C001
v064,v067,31.5,2.180e-29,119.0,WOR09923,WP_039353427,C001
v064,v068,51.5,3.790e-74,268.0,WOR09923,A0A078MGG8,C001
v064,v069,53.9,9.470e-79,283.0,WOR09923,WP_058088494.1,C001
v064,v070,48.3,6.270e-69,251.0,WOR09923,WP_062195544.1,C001
v064,v071,44.0,3.010e-63,232.0,WOR09923,WP_068824797.1,C001
v064,v072,63.9,1.920e-96,342.0,WOR09923,WP_078759821.1,C001
v064,v073,57.3,3.910e-87,311.0,WOR09923,WP_082414832.1,C001
v064,v074,66.7,2.440e-97,345.0,WOR09923,WP_083947829.1,C001
v064,v075,49.2,1.500e-62,230.0,WOR09923,WP_085749238.1,C001
v064,v076,49.3,7.400e-70,254.0,WOR09923,A0A1H6AD45,C001
v064,v077,50.8,3.210e-73,265.0,WOR09923,WP_090538641.1,C001
v064,v078,61.9,1.340e-95,339.0,WOR09923,WP_093412886.1,C001
v064,v079,32.2,2.410e-28,116.0,WOR09923,WP_101893509.1,C001
v064,v080,64.7,1.870e-97,346.0,WOR09923,WP_104613137.1,C001
v064,v081,73.5,3.170e-113,398.0,WOR09923,WP_107095481.1,C001
v064,v082,32.9,1.050e-31,127.0,WOR09923,WP_111881932,C001
v064,v083,50.2,3.800e-66,242.0,WOR09923,WP_117215036.1,C001
v064,v085,30.7,5.780e-06,42.0,WOR09923,YNP18_240440,C001
v064,v086,45.5,1.110e-65,240.0,WOR09923,Ipet,C001
v064,v087,63.3,8.130e-93,330.0,WOR09923,XCO66867,C001
v064,v088,49.2,1.000e-66,243.0,WOR09923,XDS72785.1,C001
v064,v089,47.5,8.470e-66,240.0,WOR09923,ACC95208.1,C001
v066,v067,39.3,3.680e-44,169.0,A0A031MKR8,WP_039353427,C001
v066,v068,92.1,1.180e-167,579.0,A0A031MKR8,A0A078MGG8,C001
v066,v069,46.5,8.910e-61,224.0,A0A031MKR8,WP_058088494.1,C001
v066,v070,49.8,4.170e-77,278.0,A0A031MKR8,WP_062195544.1,C001
v066,v071,55.4,3.330e-98,348.0,A0A031MKR8,WP_068824797.1,C001
v066,v072,44.1,3.310e-69,252.0,A0A031MKR8,WP_078759821.1,C001
v066,v073,46.6,2.010e-66,243.0,A0A031MKR8,WP_082414832.1,C001
v066,v074,47.8,9.340e-74,267.0,A0A031MKR8,WP_083947829.1,C001
v066,v075,50.2,1.160e-68,250.0,A0A031MKR8,WP_085749238.1,C001
v066,v076,78.3,8.250e-137,476.0,A0A031MKR8,A0A1H6AD45,C001
v066,v077,82.9,5.890e-151,523.0,A0A031MKR8,WP_090538641.1,C001
v066,v078,48.7,1.030e-75,273.0,A0A031MKR8,WP_093412886.1,C001
v066,v079,32.6,4.990e-35,138.0,A0A031MKR8,WP_101893509.1,C001
v066,v080,46.5,2.210e-73,266.0,A0A031MKR8,WP_104613137.1,C001
v066,v081,50.9,2.360e-75,272.0,A0A031MKR8,WP_107095481.1,C001
v066,v082,35.4,4.810e-44,168.0,A0A031MKR8,WP_111881932,C001
v066,v083,37.2,2.010e-43,167.0,A0A031MKR8,WP_117215036.1,C001
v066,v086,59.8,1.990e-97,346.0,A0A031MKR8,Ipet,C001
v066,v087,42.3,2.570e-63,232.0,A0A031MKR8,XCO66867,C001
v066,v088,41.9,8.720e-56,207.0,A0A031MKR8,XDS72785.1,C001
v066,v089,61.1,6.160e-108,381.0,A0A031MKR8,ACC95208.1,C001
v067,v068,39.3,7.420e-45,171.0,WP_039353427,A0A078MGG8,C001
v067,v069,35.1,1.030e-32,131.0,WP_039353427,WP_058088494.1,C001
v067,v070,36.6,5.490e-45,171.0,WP_039353427,WP_062195544.1,C001
v067,v071,35.6,5.050e-46,175.0,WP_039353427,WP_068824797.1,C001
v067,v073,30.3,1.890e-32,130.0,WP_039353427,WP_082414832.1,C001
v067,v074,35.0,6.770e-32,128.0,WP_039353427,WP_083947829.1,C001
v067,v075,37.6,1.380e-37,147.0,WP_039353427,WP_085749238.1,C001
v067,v076,35.7,2.030e-42,163.0,WP_039353427,A0A1H6AD45,C001
v067,v077,37.3,4.100e-43,165.0,WP_039353427,WP_090538641.1,C001
v067,v078,32.1,1.560e-31,127.0,WP_039353427,WP_093412886.1,C001
v067,v079,33.2,1.310e-35,140.0,WP_039353427,WP_101893509.1,C001
v067,v080,34.8,3.020e-30,122.0,WP_039353427,WP_104613137.1,C001
v067,v081,32.0,1.260e-31,127.0,WP_039353427,WP_107095481.1,C001
v067,v082,60.8,4.940e-136,474.0,WP_039353427,WP_111881932,C001
v067,v083,32.5,2.810e-30,123.0,WP_039353427,WP_117215036.1,C001
v067,v086,37.5,3.330e-44,169.0,WP_039353427,Ipet,C001
v067,v087,34.9,1.140e-31,127.0,WP_039353427,XCO66867,C001
v067,v089,39.8,3.400e-45,172.0,WP_039353427,ACC95208.1,C001
v068,v069,48.1,1.620e-62,230.0,A0A078MGG8,WP_058088494.1,C001
v068,v070,52.0,3.770e-78,282.0,A0A078MGG8,WP_062195544.1,C001
v068,v071,54.5,4.350e-98,348.0,A0A078MGG8,WP_068824797.1,C001
v068,v072,46.2,1.750e-70,256.0,A0A078MGG8,WP_078759821.1,C001
v068,v073,45.2,3.090e-67,245.0,A0A078MGG8,WP_082414832.1,C001
v068,v074,49.8,4.050e-77,278.0,A0A078MGG8,WP_083947829.1,C001
v068,v075,51.9,4.710e-70,255.0,A0A078MGG8,WP_085749238.1,C001
v068,v076,76.6,1.660e-137,479.0,A0A078MGG8,A0A1H6AD45,C001
v068,v077,84.5,3.690e-153,531.0,A0A078MGG8,WP_090538641.1,C001
v068,v078,48.5,3.540e-76,275.0,A0A078MGG8,WP_093412886.1,C001
v068,v079,31.5,4.990e-35,138.0,A0A078MGG8,WP_101893509.1,C001
v068,v080,49.0,7.320e-77,277.0,A0A078MGG8,WP_104613137.1,C001
v068,v081,49.0,3.390e-77,278.0,A0A078MGG8,WP_107095481.1,C001
v068,v082,36.2,7.420e-45,171.0,A0A078MGG8,WP_111881932,C001
v068,v083,37.2,1.820e-44,170.0,A0A078MGG8,WP_117215036.1,C001
v068,v086,59.8,1.050e-98,350.0,A0A078MGG8,Ipet,C001
v068,v087,43.3,3.960e-64,235.0,A0A078MGG8,XCO66867,C001
v068,v088,43.8,1.590e-57,213.0,A0A078MGG8,XDS72785.1,C001
v068,v089,60.7,6.160e-108,381.0,A0A078MGG8,ACC95208.1,C001
v069,v070,47.8,4.400e-76,275.0,WP_058088494.1,WP_062195544.1,C001
v069,v071,43.0,2.340e-61,226.0,WP_058088494.1,WP_068824797.1,C001
v069,v072,47.6,1.620e-70,256.0,WP_058088494.1,WP_078759821.1,C001
v069,v073,45.8,4.620e-63,231.0,WP_058088494.1,WP_082414832.1,C001
v069,v074,55.0,3.250e-87,312.0,WP_058088494.1,WP_083947829.1,C001
v069,v075,45.8,1.570e-65,240.0,WP_058088494.1,WP_085749238.1,C001
v069,v076,42.9,7.540e-60,221.0,WP_058088494.1,A0A1H6AD45,C001
v069,v077,46.5,1.370e-61,226.0,WP_058088494.1,WP_090538641.1,C001
v069,v078,49.5,2.850e-75,272.0,WP_058088494.1,WP_093412886.1,C001
v069,v079,33.2,1.390e-29,120.0,WP_058088494.1,WP_101893509.1,C001
v069,v080,57.2,2.030e-89,319.0,WP_058088494.1,WP_104613137.1,C001
v069,v081,56.2,3.040e-85,305.0,WP_058088494.1,WP_107095481.1,C001
v069,v082,33.5,4.310e-31,125.0,WP_058088494.1,WP_111881932,C001
v069,v083,40.2,1.580e-49,186.0,WP_058088494.1,WP_117215036.1,C001
v069,v086,46.4,1.700e-64,236.0,WP_058088494.1,Ipet,C001
v069,v087,51.6,4.260e-71,258.0,WP_058088494.1,XCO66867,C001
v069,v088,56.6,4.240e-87,311.0,WP_058088494.1,XDS72785.1,C001
v069,v089,46.4,4.000e-61,225.0,WP_058088494.1,ACC95208.1,C001
v070,v071,47.9,3.650e-73,265.0,WP_062195544.1,WP_068824797.1,C001
v070,v072,43.5,3.100e-64,235.0,WP_062195544.1,WP_078759821.1,C001
v070,v073,43.3,6.900e-64,234.0,WP_062195544.1,WP_082414832.1,C001
v070,v074,49.0,2.220e-75,272.0,WP_062195544.1,WP_083947829.1,C001
v070,v075,47.3,5.030e-72,261.0,WP_062195544.1,WP_085749238.1,C001
v070,v076,49.6,1.940e-74,269.0,WP_062195544.1,A0A1H6AD45,C001
v070,v077,47.5,7.400e-77,277.0,WP_062195544.1,WP_090538641.1,C001
v070,v078,46.7,2.000e-71,259.0,WP_062195544.1,WP_093412886.1,C001
v070,v079,33.6,1.230e-33,134.0,WP_062195544.1,WP_101893509.1,C001
v070,v080,48.3,2.700e-76,275.0,WP_062195544.1,WP_104613137.1,C001
v070,v081,47.8,1.810e-72,263.0,WP_062195544.1,WP_107095481.1,C001
v070,v082,33.2,1.400e-40,157.0,WP_062195544.1,WP_111881932,C001
v070,v083,41.7,1.490e-50,190.0,WP_062195544.1,WP_117215036.1,C001
v070,v086,47.5,1.530e-71,260.0,WP_062195544.1,Ipet,C001
v070,v087,43.0,4.840e-62,228.0,WP_062195544.1,XCO66867,C001
v070,v088,46.2,2.360e-69,252.0,WP_062195544.1,XDS72785.1,C001
v070,v089,47.2,2.290e-75,272.0,WP_062195544.1,ACC95208.1,C001
v071,v072,40.3,5.560e-61,225.0,WP_068824797.1,WP_078759821.1,C001
v071,v073,43.2,1.120e-61,227.0,WP_068824797.1,WP_082414832.1,C001
v071,v074,44.9,5.300e-69,251.0,WP_068824797.1,WP_083947829.1,C001
v071,v075,49.5,3.050e-77,278.0,WP_068824797.1,WP_085749238.1,C001
v071,v076,53.9,1.500e-90,323.0,WP_068824797.1,A0A1H6AD45,C001
v071,v077,55.5,4.350e-98,348.0,WP_068824797.1,WP_090538641.1,C001
v071,v078,41.8,1.180e-63,233.0,WP_068824797.1,WP_093412886.1,C001
v071,v080,44.4,2.110e-68,249.0,WP_068824797.1,WP_104613137.1,C001
v071,v081,48.9,1.050e-67,247.0,WP_068824797.1,WP_107095481.1,C001
v071,v082,34.9,1.240e-44,170.0,WP_068824797.1,WP_111881932,C001
v071,v083,38.3,3.620e-44,169.0,WP_068824797.1,WP_117215036.1,C001
v071,v086,86.4,3.950e-146,507.0,WP_068824797.1,Ipet,C001
v071,v087,37.5,8.000e-57,211.0,WP_068824797.1,XCO66867,C001
v071,v088,44.6,2.540e-55,206.0,WP_068824797.1,XDS72785.1,C001
v071,v089,55.9,3.020e-99,352.0,WP_068824797.1,ACC95208.1,C001
v072,v073,56.2,2.440e-88,315.0,WP_078759821.1,WP_082414832.1,C001
v072,v074,61.5,4.020e-101,358.0,WP_078759821.1,WP_083947829.1,C001
v072,v075,43.5,5.220e-61,225.0,WP_078759821.1,WP_085749238.1,C001
v072,v076,45.9,1.760e-70,256.0,WP_078759821.1,A0A1H6AD45,C001
v072,v077,44.8,3.330e-69,252.0,WP_078759821.1,WP_090538641.1,C001
v072,v078,60.4,3.510e-100,355.0,WP_078759821.1,WP_093412886.1,C001
v072,v080,58.4,1.420e-99,353.0,WP_078759821.1,WP_104613137.1,C001
v072,v081,61.7,4.240e-104,368.0,WP_078759821.1,WP_107095481.1,C001
v072,v082,31.2,7.180e-27,111.0,WP_078759821.1,WP_111881932,C001
v072,v083,50.2,5.610e-72,261.0,WP_078759821.1,WP_117215036.1,C001
v072,v086,41.2,6.670e-61,224.0,WP_078759821.1,Ipet,C001
v072,v087,59.4,4.800e-94,334.0,WP_078759821.1,XCO66867,C001
v072,v088,42.9,2.700e-58,216.0,WP_078759821.1,XDS72785.1,C001
v072,v089,41.0,8.040e-63,231.0,WP_078759821.1,ACC95208.1,C001
v073,v074,54.5,1.810e-83,299.0,WP_082414832.1,WP_083947829.1,C001
v073,v075,45.0,7.290e-63,231.0,WP_082414832.1,WP_085749238.1,C001
v073,v076,45.5,2.080e-63,233.0,WP_082414832.1,A0A1H6AD45,C001
v073,v077,44.8,3.420e-66,242.0,WP_082414832.1,WP_090538641.1,C001
v073,v078,54.1,1.690e-86,309.0,WP_082414832.1,WP_093412886.1,C001
v073,v080,50.3,8.390e-81,290.0,WP_082414832.1,WP_104613137.1,C001
v073,v081,57.3,1.570e-95,339.0,WP_082414832.1,WP_107095481.1,C001
v073,v082,33.3,6.510e-33,131.0,WP_082414832.1,WP_111881932,C001
v073,v083,53.8,3.200e-72,262.0,WP_082414832.1,WP_117215036.1,C001
v073,v086,46.5,2.890e-64,235.0,WP_082414832.1,Ipet,C001
v073,v087,52.7,1.400e-85,306.0,WP_082414832.1,XCO66867,C001
v073,v088,41.9,6.680e-56,208.0,WP_082414832.1,XDS72785.1,C001
v073,v089,43.2,6.470e-57,211.0,WP_082414832.1,ACC95208.1,C001
v074,v075,47.9,2.190e-67,246.0,WP_083947829.1,WP_085749238.1,C001
v074,v076,45.7,2.380e-69,252.0,WP_083947829.1,A0A1H6AD45,C001
v074,v077,47.3,6.050e-73,264.0,WP_083947829.1,WP_090538641.1,C001
v074,v078,57.2,2.070e-89,319.0,WP_083947829.1,WP_093412886.1,C001
v074,v079,33.2,3.130e-29,119.0,WP_083947829.1,WP_101893509.1,C001
v074,v080,75.8,4.270e-127,444.0,WP_083947829.1,WP_104613137.1,C001
v074,v081,61.8,2.360e-101,359.0,WP_083947829.1,WP_107095481.1,C001
v074,v082,36.2,3.840e-35,139.0,WP_083947829.1,WP_111881932,C001
v074,v083,47.4,2.460e-66,242.0,WP_083947829.1,WP_117215036.1,C001
v074,v086,46.7,9.290e-71,257.0,WP_083947829.1,Ipet,C001
v074,v087,58.1,3.200e-90,322.0,WP_083947829.1,XCO66867,C001
v074,v088,50.0,1.060e-69,253.0,WP_083947829.1,XDS72785.1,C001
v074,v089,47.2,5.480e-74,268.0,WP_083947829.1,ACC95208.1,C001
v075,v076,49.6,6.800e-69,251.0,WP_085749238.1,A0A1H6AD45,C001
v075,v077,49.8,1.520e-68,250.0,WP_085749238.1,WP_090538641.1,C001
v075,v078,46.4,1.620e-62,230.0,WP_085749238.1,WP_093412886.1,C001
v075,v079,35.2,1.690e-35,140.0,WP_085749238.1,WP_101893509.1,C001
v075,v080,48.9,6.800e-69,251.0,WP_085749238.1,WP_104613137.1,C001
v075,v081,49.4,4.410e-68,248.0,WP_085749238.1,WP_107095481.1,C001
v075,v082,34.1,2.440e-34,136.0,WP_085749238.1,WP_111881932,C001
v075,v083,38.1,6.850e-45,171.0,WP_085749238.1,WP_117215036.1,C001
v075,v086,54.9,9.590e-76,273.0,WP_085749238.1,Ipet,C001
v075,v087,44.7,4.560e-65,238.0,WP_085749238.1,XCO66867,C001
v075,v088,40.0,2.270e-56,209.0,WP_085749238.1,XDS72785.1,C001
v075,v089,55.0,1.320e-72,263.0,WP_085749238.1,ACC95208.1,C001
v076,v077,79.9,3.850e-142,494.0,A0A1H6AD45,WP_090538641.1,C001
v076,v078,48.0,2.010e-71,259.0,A0A1H6AD45,WP_093412886.1,C001
v076,v079,31.4,2.240e-35,139.0,A0A1H6AD45,WP_101893509.1,C001
v076,v080,49.3,1.210e-71,260.0,A0A1H6AD45,WP_104613137.1,C001
v076,v081,46.3,2.230e-73,266.0,A0A1H6AD45,WP_107095481.1,C001
v076,v082,34.9,4.100e-43,165.0,A0A1H6AD45,WP_111881932,C001
v076,v083,38.0,8.820e-46,174.0,A0A1H6AD45,WP_117215036.1,C001
v076,v086,55.6,2.350e-90,322.0,A0A1H6AD45,Ipet,C001
v076,v087,42.2,1.660e-62,230.0,A0A1H6AD45,XCO66867,C001
v076,v088,43.3,3.910e-56,208.0,A0A1H6AD45,XDS72785.1,C001
v076,v089,59.2,2.000e-106,376.0,A0A1H6AD45,ACC95208.1,C001
v077,v078,45.2,1.100e-69,253.0,WP_090538641.1,WP_093412886.1,C001
v077,v079,32.8,2.390e-37,146.0,WP_090538641.1,WP_101893509.1,C001
v077,v080,45.9,6.420e-73,264.0,WP_090538641.1,WP_104613137.1,C001
v077,v081,49.8,4.490e-74,268.0,WP_090538641.1,WP_107095481.1,C001
v077,v082,35.6,2.840e-44,169.0,WP_090538641.1,WP_111881932,C001
v077,v083,38.6,1.960e-45,173.0,WP_090538641.1,WP_117215036.1,C001
v077,v086,59.0,1.990e-97,346.0,WP_090538641.1,Ipet,C001
v077,v087,42.2,1.780e-64,236.0,WP_090538641.1,XCO66867,C001
v077,v088,42.1,3.570e-55,205.0,WP_090538641.1,XDS72785.1,C001
v077,v089,63.2,3.510e-111,391.0,WP_090538641.1,ACC95208.1,C001
v078,v079,32.6,1.320e-27,114.0,WP_093412886.1,WP_101893509.1,C001
v078,v080,56.7,5.430e-93,331.0,WP_093412886.1,WP_104613137.1,C001
v078,v081,60.2,4.150e-101,358.0,WP_093412886.1,WP_107095481.1,C001
v078,v082,30.5,1.660e-33,133.0,WP_093412886.1,WP_111881932,C001
v078,v083,46.9,8.180e-65,237.0,WP_093412886.1,WP_117215036.1,C001
v078,v086,47.2,6.890e-66,241.0,WP_093412886.1,Ipet,C001
v078,v087,54.8,3.450e-84,302.0,WP_093412886.1,XCO66867,C001
v078,v088,45.4,8.140e-62,227.0,WP_093412886.1,XDS72785.1,C001
v078,v089,42.5,1.650e-65,240.0,WP_093412886.1,ACC95208.1,C001
v079,v080,34.7,1.780e-32,130.0,WP_101893509.1,WP_104613137.1,C001
v079,v081,32.2,1.840e-29,120.0,WP_101893509.1,WP_107095481.1,C001
v079,v082,32.8,1.040e-32,131.0,WP_101893509.1,WP_111881932,C001
v079,v083,30.1,1.780e-24,103.0,WP_101893509.1,WP_117215036.1,C001
v079,v086,31.6,2.240e-32,129.0,WP_101893509.1,Ipet,C001
v079,v088,31.5,2.100e-25,106.0,WP_101893509.1,XDS72785.1,C001
v079,v089,33.9,4.520e-36,142.0,WP_101893509.1,ACC95208.1,C001
v080,v081,60.1,3.270e-101,358.0,WP_104613137.1,WP_107095481.1,C001
v080,v082,33.7,1.770e-30,123.0,WP_104613137.1,WP_111881932,C001
v080,v083,47.1,1.170e-66,243.0,WP_104613137.1,WP_117215036.1,C001
v080,v086,48.4,1.580e-70,256.0,WP_104613137.1,Ipet,C001
v080,v087,56.1,1.490e-87,313.0,WP_104613137.1,XCO66867,C001
v080,v088,48.1,1.870e-74,269.0,WP_104613137.1,XDS72785.1,C001
v080,v089,45.7,7.840e-71,257.0,WP_104613137.1,ACC95208.1,C001
v081,v082,34.3,9.330e-35,138.0,WP_107095481.1,WP_111881932,C001
v081,v083,50.9,2.970e-73,265.0,WP_107095481.1,WP_117215036.1,C001
v081,v086,49.6,3.530e-70,255.0,WP_107095481.1,Ipet,C001
v081,v087,65.3,6.040e-105,371.0,WP_107095481.1,XCO66867,C001
v081,v088,50.4,1.170e-68,250.0,WP_107095481.1,XDS72785.1,C001
v081,v089,49.5,7.510e-69,251.0,WP_107095481.1,ACC95208.1,C001
v082,v083,31.7,8.120e-30,121.0,WP_111881932,WP_117215036.1,C001
v082,v086,35.9,7.670e-41,158.0,WP_111881932,Ipet,C001
v082,v087,35.2,4.600e-33,132.0,WP_111881932,XCO66867,C001
v082,v088,30.9,2.920e-27,112.0,WP_111881932,XDS72785.1,C001
v082,v089,39.3,3.070e-46,176.0,WP_111881932,ACC95208.1,C001
v083,v086,35.8,1.830e-42,163.0,WP_117215036.1,Ipet,C001
v083,v087,48.0,4.680e-65,238.0,WP_117215036.1,XCO66867,C001
v083,v088,35.7,4.200e-42,162.0,WP_117215036.1,XDS72785.1,C001
v083,v089,38.5,2.200e-44,169.0,WP_117215036.1,ACC95208.1,C001
v084,v085,31.7,6.180e-16,75.0,WP_118011433,YNP18_240440,C001
v086,v087,43.1,1.820e-58,216.0,Ipet,XCO66867,C001
v086,v088,45.7,1.590e-57,213.0,Ipet,XDS72785.1,C001
v086,v089,59.1,6.830e-98,347.0,Ipet,ACC95208.1,C001
v087,v088,44.1,2.010e-60,223.0,XCO66867,XDS72785.1,C001
v087,v089,41.2,5.920e-60,221.0,XCO66867,ACC95208.1,C001
v088,v089,43.1,2.150e-54,203.0,XDS72785.1,ACC95208.1,C001
v091,v092,43.3,1.740e-75,273.0,A0A291HVH1,P00780,C006
v091,v093,33.5,1.010e-46,178.0,A0A291HVH1,P06873,C006
v091,v094,49.1,2.110e-67,246.0,A0A291HVH1,P29599,C006
v091,v095,49.8,3.260e-68,248.0,A0A291HVH1,P29600,C006
v092,v093,34.4,2.220e-46,176.0,P00780,P06873,C006
v092,v094,59.9,1.360e-90,323.0,P00780,P29599,C006
v092,v095,60.6,1.600e-91,326.0,P00780,P29600,C006
v093,v094,37.7,1.210e-38,150.0,P06873,P29599,C006
v093,v095,38.0,3.180e-39,152.0,P06873,P29600,C006
v094,v095,98.1,1.990e-150,522.0,P29599,P29600,C006
v096,v097,30.2,5.580e-12,62.0,GU116480,CEE00769.1,C022
v097,v098,33.3,2.350e-10,56.0,CEE00769.1,"Chen, 2024",C022
v099,v101,33.2,2.110e-65,240.0,ADH43200.1,ALS54749.1,C007
v099,v102,35.3,3.720e-62,229.0,ADH43200.1,BAA76305.1,C007
v099,v103,36.5,4.520e-76,275.0,ADH43200.1,YNPsite06_CeleraDRAFT_263770,C007
v099,v104,34.8,1.790e-40,157.0,ADH43200.1,P20261,C007
v099,v106,30.5,8.060e-10,55.0,ADH43200.1,UNZ81746,C007
v099,v107,31.7,1.820e-09,54.0,ADH43200.1,UNZ81748,C007
v099,v108,31.7,2.440e-55,206.0,ADH43200.1,WID88783.1,C007
v099,v109,35.5,1.970e-71,260.0,ADH43200.1,YNP6_02150,C007
v099,v110,31.3,5.750e-55,205.0,ADH43200.1,L0EF70,C007
v099,v111,41.8,1.440e-106,377.0,ADH43200.1,WP_041847557.1,C007
v100,v107,32.5,6.220e-26,108.0,AKJ87216,UNZ81748,C007
v101,v102,32.6,2.260e-25,107.0,ALS54749.1,BAA76305.1,C007
v101,v108,35.3,7.390e-28,115.0,ALS54749.1,WID88783.1,C007
v101,v111,34.9,9.170e-69,251.0,ALS54749.1,WP_041847557.1,C007
v102,v103,37.2,8.090e-74,268.0,BAA76305.1,YNPsite06_CeleraDRAFT_263770,C007
v102,v109,34.5,5.440e-62,229.0,BAA76305.1,YNP6_02150,C007
v102,v110,34.7,8.370e-41,158.0,BAA76305.1,L0EF70,C007
v103,v106,32.6,8.910e-09,51.0,YNPsite06_CeleraDRAFT_263770,UNZ81746,C007
v103,v108,31.8,4.770e-43,166.0,YNPsite06_CeleraDRAFT_263770,WID88783.1,C007
v103,v109,36.9,2.350e-76,277.0,YNPsite06_CeleraDRAFT_263770,YNP6_02150,C007
v103,v110,31.4,1.090e-56,211.0,YNPsite06_CeleraDRAFT_263770,L0EF70,C007
v103,v111,35.3,3.370e-71,259.0,YNPsite06_CeleraDRAFT_263770,WP_041847557.1,C007
v104,v108,32.0,3.430e-25,106.0,P20261,WID88783.1,C007
v104,v109,31.9,2.460e-38,150.0,P20261,YNP6_02150,C007
v104,v110,36.6,1.480e-29,121.0,P20261,L0EF70,C007
v104,v111,32.7,4.650e-37,146.0,P20261,WP_041847557.1,C007
v105,v106,30.5,4.590e-07,45.0,A0A2I2K6T5,UNZ81746,C007
v105,v107,30.8,2.430e-08,50.0,A0A2I2K6T5,UNZ81748,C007
v106,v107,58.1,1.860e-107,379.0,UNZ81746,UNZ81748,C007
v106,v109,31.0,1.920e-11,60.0,UNZ81746,YNP6_02150,C007
v107,v108,37.3,1.940e-11,60.0,UNZ81748,WID88783.1,C007
v108,v109,32.6,1.810e-50,190.0,WID88783.1,YNP6_02150,C007
v108,v110,38.3,8.710e-37,145.0,WID88783.1,L0EF70,C007
v108,v111,31.9,2.600e-57,213.0,WID88783.1,WP_041847557.1,C007
v109,v110,34.9,3.850e-70,256.0,YNP6_02150,L0EF70,C007
v109,v111,35.7,1.840e-77,280.0,YNP6_02150,WP_041847557.1,C007
v110,v111,32.8,2.420e-61,226.0,L0EF70,WP_041847557.1,C007
v113,v114,46.6,7.400e-101,357.0,AKZ20828.1,AKZ20829.1,C009
v113,v115,50.4,8.230e-106,374.0,AKZ20828.1,AB302136; A4UZ10,C009
v113,v116,49.6,1.050e-105,374.0,AKZ20828.1,A4UZ11,C009
v113,v117,55.5,5.660e-125,438.0,AKZ20828.1,EIW29778.1,C009
v113,v118,49.4,4.990e-108,381.0,AKZ20828.1,WP_108898452.1,C009
v114,v115,48.1,6.050e-103,364.0,AKZ20829.1,AB302136; A4UZ10,C009
v114,v116,48.1,1.490e-101,360.0,AKZ20829.1,A4UZ11,C009
v114,v117,50.8,2.540e-109,386.0,AKZ20829.1,EIW29778.1,C009
v114,v118,43.0,3.940e-86,309.0,AKZ20829.1,WP_108898452.1,C009
v115,v116,95.2,1.150e-245,839.0,AB302136; A4UZ10,A4UZ11,C009
v115,v117,49.1,3.120e-107,379.0,AB302136; A4UZ10,EIW29778.1,C009
v115,v118,43.1,2.480e-99,352.0,AB302136; A4UZ10,WP_108898452.1,C009
v116,v117,48.9,1.400e-107,380.0,A4UZ11,EIW29778.1,C009
v116,v118,46.0,3.700e-103,365.0,A4UZ11,WP_108898452.1,C009
v117,v118,48.0,3.230e-104,369.0,EIW29778.1,WP_108898452.1,C009
v119,v120,46.9,7.130e-44,167.0,APJ12152.1,Q83VDO,C004
v119,v121,95.3,3.350e-116,408.0,APJ12152.1,A0A1E1FNX8,C004
v120,v121,46.2,6.450e-45,171.0,Q83VDO,A0A1E1FNX8,C004
v123,v124,45.4,1.880e-163,566.0,A0A080NJE8,Q0K9H3,C003
v126,v127,31.0,1.560e-44,171.0,P94146,Q51871,C030
v128,v129,34.2,2.680e-41,159.0,Q0JYJ1,Q0JZG9,C031
v139,v140,62.4,4.150e-65,238.0,A0A075B5G4,A0A060N399,C002
v139,v142,31.0,2.230e-10,56.0,A0A075B5G4,A0A0P0ZE81,C002
v139,v143,55.3,2.600e-59,218.0,A0A075B5G4,AAA33335.1,C002
v139,v144,30.3,1.450e-09,53.0,A0A075B5G4,AB102945.1; Q874E,C002
v139,v145,30.2,2.390e-12,62.0,A0A075B5G4,AB739034,C002
v139,v146,32.4,3.560e-16,75.0,A0A075B5G4,A0A7I8E2Z4,C002
v139,v147,31.7,1.820e-20,89.0,A0A075B5G4,ESK97883,C002
v139,v148,54.0,7.090e-57,210.0,A0A075B5G4,X0BTD8,C002
v139,v149,62.7,1.520e-67,246.0,A0A075B5G4,KAH7127633,C002
v139,v150,50.3,1.130e-46,176.0,A0A075B5G4,P52956,C002
v139,v151,55.8,8.940e-60,220.0,A0A075B5G4,Q99174,C002
v139,v153,32.4,3.560e-16,75.0,A0A075B5G4,UNZ22463.1,C002
v139,v154,50.0,4.920e-50,188.0,A0A075B5G4,Cut,C002
v140,v143,57.7,6.320e-73,264.0,A0A060N399,AAA33335.1,C002
v140,v147,32.9,5.180e-26,108.0,A0A060N399,ESK97883,C002
v140,v148,57.5,3.830e-70,255.0,A0A060N399,X0BTD8,C002
v140,v149,53.8,1.150e-66,243.0,A0A060N399,KAH7127633,C002
v140,v150,46.2,6.830e-45,171.0,A0A060N399,P52956,C002
v140,v151,57.7,4.840e-73,264.0,A0A060N399,Q99174,C002
v140,v152,30.3,1.340e-12,63.0,A0A060N399,QEX94755.1,C002
v140,v154,47.8,3.990e-51,191.0,A0A060N399,Cut,C002
v141,v142,64.5,6.710e-83,297.0,A0A060N5H2,A0A0P0ZE81,C002
v141,v144,61.6,1.070e-80,290.0,A0A060N5H2,AB102945.1; Q874E,C002
v141,v145,57.3,2.710e-68,248.0,A0A060N5H2,AB739034,C002
v141,v146,32.5,2.650e-20,89.0,A0A060N5H2,A0A7I8E2Z4,C002
v141,v152,33.0,9.930e-16,74.0,A0A060N5H2,QEX94755.1,C002
v141,v153,32.5,2.650e-20,89.0,A0A060N5H2,UNZ22463.1,C002
v141,v155,62.8,2.270e-75,272.0,A0A060N5H2,Cut,C002
v142,v144,93.3,2.940e-129,451.0,A0A0P0ZE81,AB102945.1; Q874E,C002
v142,v145,54.7,1.300e-70,256.0,A0A0P0ZE81,AB739034,C002
v142,v152,33.7,3.410e-16,75.0,A0A0P0ZE81,QEX94755.1,C002
v142,v155,54.3,9.890e-63,230.0,A0A0P0ZE81,Cut,C002
v143,v147,32.7,1.150e-25,107.0,AAA33335.1,ESK97883,C002
v143,v148,77.1,4.400e-98,347.0,AAA33335.1,X0BTD8,C002
v143,v149,49.6,1.020e-62,230.0,AAA33335.1,KAH7127633,C002
v143,v150,49.3,3.740e-51,191.0,AAA33335.1,P52956,C002
v143,v151,98.3,4.080e-128,447.0,AAA33335.1,Q99174,C002
v143,v154,45.9,3.510e-52,195.0,AAA33335.1,Cut,C002
v144,v145,57.3,2.800e-73,265.0,AB102945.1; Q874E,AB739034,C002
v144,v152,31.8,7.600e-16,74.0,AB102945.1; Q874E,QEX94755.1,C002
v144,v155,54.8,3.400e-63,231.0,AB102945.1; Q874E,Cut,C002
v145,v154,30.1,3.210e-13,65.0,AB739034,Cut,C002
v145,v155,58.9,3.880e-67,245.0,AB739034,Cut,C002
v146,v147,32.6,7.480e-25,104.0,A0A7I8E2Z4,ESK97883,C002
v146,v152,44.2,8.920e-41,157.0,A0A7I8E2Z4,QEX94755.1,C002
v146,v153,100.0,5.930e-121,423.0,A0A7I8E2Z4,UNZ22463.1,C002
v146,v155,30.8,4.680e-17,78.0,A0A7I8E2Z4,Cut,C002
v147,v148,30.6,2.040e-22,96.0,ESK97883,X0BTD8,C002
v147,v149,30.9,7.750e-22,94.0,ESK97883,KAH7127633,C002
v147,v151,31.9,1.670e-24,103.0,ESK97883,Q99174,C002
v147,v152,32.2,1.020e-20,90.0,ESK97883,QEX94755.1,C002
v147,v153,32.6,7.480e-25,104.0,ESK97883,UNZ22463.1,C002
v147,v154,32.7,8.840e-26,107.0,ESK97883,Cut,C002
v148,v149,48.7,3.090e-59,218.0,X0BTD8,KAH7127633,C002
v148,v150,47.1,6.600e-48,181.0,X0BTD8,P52956,C002
v148,v151,76.2,4.870e-97,344.0,X0BTD8,Q99174,C002
v148,v154,47.8,6.620e-51,191.0,X0BTD8,Cut,C002
v149,v150,44.3,2.270e-48,182.0,KAH7127633,P52956,C002
v149,v151,49.2,4.010e-62,228.0,KAH7127633,Q99174,C002
v149,v154,43.7,1.250e-49,186.0,KAH7127633,Cut,C002
v150,v151,50.7,1.680e-51,193.0,P52956,Q99174,C002
v150,v154,51.9,9.510e-55,203.0,P52956,Cut,C002
v150,v155,30.3,5.650e-07,45.0,P52956,Cut,C002
v151,v154,45.4,7.820e-52,194.0,Q99174,Cut,C002
v152,v153,44.2,8.920e-41,157.0,QEX94755.1,UNZ22463.1,C002
v152,v154,30.3,4.930e-15,71.0,QEX94755.1,Cut,C002
v152,v155,32.6,1.690e-15,73.0,QEX94755.1,Cut,C002
v153,v155,30.8,4.680e-17,78.0,UNZ22463.1,Cut,C002
v156,v157,44.1,1.380e-86,310.0,Q0K2G9,Q0K4D5,C032
v156,v158,47.1,5.560e-88,315.0,Q0K2G9,Q0K7T2,C032
v156,v159,47.7,3.730e-108,382.0,Q0K2G9,Q0KCI0,C032
v156,v160,39.9,2.620e-40,156.0,Q0K2G9,Q7WXF6,C032
v157,v158,39.9,2.510e-72,263.0,Q0K4D5,Q0K7T2,C032
v157,v159,56.0,1.990e-133,466.0,Q0K4D5,Q0KCI0,C032
v157,v160,63.1,2.420e-78,282.0,Q0K4D5,Q7WXF6,C032
v158,v159,41.3,1.560e-90,323.0,Q0K7T2,Q0KCI0,C032
v158,v160,40.6,2.370e-41,159.0,Q0K7T2,Q7WXF6,C032
v159,v160,50.0,2.430e-62,229.0,Q0KCI0,Q7WXF6,C032
v161,v162,48.1,3.580e-125,439.0,AAD22743.1,AAF01331.1,C011
v161,v163,67.9,4.580e-99,352.0,AAD22743.1,AAF66684.1,C011
v161,v164,99.4,0.000e+00,1241.0,AAD22743.1,AAY92471.1,C011
v161,v165,35.0,1.190e-80,291.0,AAD22743.1,AAY92474.2,C011
v162,v163,33.9,6.940e-47,178.0,AAF01331.1,AAF66684.1,C011
v162,v164,48.1,1.780e-124,436.0,AAF01331.1,AAY92471.1,C011
v162,v165,79.0,6.030e-250,853.0,AAF01331.1,AAY92474.2,C011
v163,v164,67.9,2.680e-99,352.0,AAF66684.1,AAY92471.1,C011
v163,v165,51.0,2.370e-71,260.0,AAF66684.1,AAY92474.2,C011
v164,v165,34.6,1.230e-78,284.0,AAY92471.1,AAY92474.2,C011
v166,v167,99.6,4.490e-169,584.0,AB302138; A4UZ12,A4UZ13,C010
v175,v176,68.2,5.520e-126,441.0,A0A7W8QII1,A0A840P940,C008
v175,v177,50.3,1.500e-86,310.0,A0A7W8QII1,KQR39103,C008
v175,v178,56.6,6.160e-96,341.0,A0A7W8QII1,Q1EPR4,C008
v175,v179,56.3,1.050e-95,340.0,A0A7W8QII1,Q1EPR5,C008
v175,v180,56.9,5.580e-97,344.0,A0A7W8QII1,NYLC_FLASK,C008
v176,v177,57.8,1.730e-103,366.0,A0A840P940,KQR39103,C008
v176,v178,58.9,5.190e-108,381.0,A0A840P940,Q1EPR4,C008
v176,v179,58.3,2.330e-108,382.0,A0A840P940,Q1EPR5,C008
v176,v180,59.2,2.490e-110,389.0,A0A840P940,NYLC_FLASK,C008
v177,v178,60.2,6.480e-114,401.0,KQR39103,Q1EPR4,C008
v177,v179,59.6,1.890e-113,399.0,KQR39103,Q1EPR5,C008
v177,v180,60.2,5.860e-115,404.0,KQR39103,NYLC_FLASK,C008
v178,v179,97.2,1.470e-201,692.0,Q1EPR4,Q1EPR5,C008
v178,v180,95.8,1.160e-198,682.0,Q1EPR4,NYLC_FLASK,C008
v179,v180,98.6,1.570e-203,698.0,Q1EPR5,NYLC_FLASK,C008
v181,v182,35.0,6.890e-83,298.0,AY026386,AAK28498.1,C012
v181,v184,39.9,1.920e-39,154.0,AY026386,ANG60415.1,C012
v181,v185,35.4,7.530e-36,142.0,AY026386,ARF18137.1,C012
v181,v186,34.1,4.350e-23,99.0,AY026386,BAI44731,C012
v181,v187,35.0,1.540e-23,101.0,AY026386,NYLA_PSES8,C012
v181,v188,35.4,5.290e-24,102.0,AY026386,NYLA_FLASK,C012
v181,v190,39.7,2.410e-28,117.0,AY026386,WBR49956,C012
v181,v191,32.9,1.320e-26,111.0,AY026386,WBR49957,C012
v181,v192,38.5,7.270e-25,105.0,AY026386,WBR49958,C012
v181,v195,32.3,2.500e-26,110.0,AY026386,NylA,C012
v181,v196,34.9,3.860e-40,156.0,AY026386,NylA,C012
v181,v197,32.0,1.640e-15,74.0,AY026386,BBP47208; XP_036664376,C012
v182,v184,34.8,7.530e-36,142.0,AAK28498.1,ANG60415.1,C012
v182,v185,33.7,5.770e-36,142.0,AAK28498.1,ARF18137.1,C012
v182,v186,31.7,4.810e-22,96.0,AAK28498.1,BAI44731,C012
v182,v190,36.9,2.660e-27,113.0,AAK28498.1,WBR49956,C012
v182,v191,31.7,8.030e-24,102.0,AAK28498.1,WBR49957,C012
v182,v192,30.2,8.030e-24,102.0,AAK28498.1,WBR49958,C012
v182,v193,31.1,2.820e-22,97.0,AAK28498.1,WP_011209364.1,C012
v182,v194,34.1,1.520e-20,91.0,AAK28498.1,WP_185053500,C012
v182,v195,30.0,6.150e-25,106.0,AAK28498.1,NylA,C012
v182,v196,33.5,1.420e-34,138.0,AAK28498.1,NylA,C012
v183,v184,31.1,2.580e-52,196.0,AGT90042.1,ANG60415.1,C012
v183,v187,31.3,1.150e-47,181.0,AGT90042.1,NYLA_PSES8,C012
v183,v188,31.1,4.360e-47,179.0,AGT90042.1,NYLA_FLASK,C012
v183,v190,30.3,1.720e-34,137.0,AGT90042.1,WBR49956,C012
v183,v192,30.3,9.770e-38,148.0,AGT90042.1,WBR49958,C012
v183,v196,31.8,5.550e-55,205.0,AGT90042.1,NylA,C012
v184,v185,75.8,4.330e-217,744.0,ANG60415.1,ARF18137.1,C012
v184,v187,34.5,3.060e-37,146.0,ANG60415.1,NYLA_PSES8,C012
v184,v188,30.1,7.260e-47,178.0,ANG60415.1,NYLA_FLASK,C012
v184,v189,33.1,9.020e-25,105.0,ANG60415.1,Q12559,C012
v184,v191,33.5,9.170e-28,115.0,ANG60415.1,WBR49957,C012
v184,v193,30.1,5.040e-40,156.0,ANG60415.1,WP_011209364.1,C012
v184,v196,32.6,5.180e-61,225.0,ANG60415.1,NylA,C012
v185,v187,30.8,1.410e-50,191.0,ARF18137.1,NYLA_PSES8,C012
v185,v188,30.6,7.020e-50,188.0,ARF18137.1,NYLA_FLASK,C012
v185,v189,31.7,8.640e-24,102.0,ARF18137.1,Q12559,C012
v185,v190,33.3,2.410e-28,117.0,ARF18137.1,WBR49956,C012
v185,v191,34.2,5.200e-31,126.0,ARF18137.1,WBR49957,C012
v185,v192,33.6,3.600e-32,129.0,ARF18137.1,WBR49958,C012
v185,v196,30.9,4.100e-58,216.0,ARF18137.1,NylA,C012
v186,v187,39.2,3.620e-78,282.0,BAI44731,NYLA_PSES8,C012
v186,v188,39.5,7.300e-79,285.0,BAI44731,NYLA_FLASK,C012
v186,v190,32.6,4.540e-27,112.0,BAI44731,WBR49956,C012
v186,v193,97.9,3.660e-272,927.0,BAI44731,WP_011209364.1,C012
v186,v194,48.6,5.260e-114,401.0,BAI44731,WP_185053500,C012
v186,v196,31.0,1.970e-52,197.0,BAI44731,NylA,C012
v187,v188,98.6,4.290e-284,966.0,NYLA_PSES8,NYLA_FLASK,C012
v187,v190,30.0,1.040e-39,154.0,NYLA_PSES8,WBR49956,C012
v187,v193,37.9,3.390e-76,276.0,NYLA_PSES8,WP_011209364.1,C012
v187,v194,39.2,1.400e-82,297.0,NYLA_PSES8,WP_185053500,C012
v187,v196,34.9,2.250e-64,236.0,NYLA_PSES8,NylA,C012
v188,v190,30.2,1.450e-41,161.0,NYLA_FLASK,WBR49956,C012
v188,v193,38.5,8.070e-78,281.0,NYLA_FLASK,WP_011209364.1,C012
v188,v194,39.1,1.950e-84,303.0,NYLA_FLASK,WP_185053500,C012
v188,v196,35.5,1.560e-65,240.0,NYLA_FLASK,NylA,C012
v189,v192,31.7,5.940e-27,112.0,Q12559,WBR49958,C012
v189,v196,30.8,1.860e-26,111.0,Q12559,NylA,C012
v189,v197,32.7,2.260e-84,303.0,Q12559,BBP47208; XP_036664376,C012
v190,v191,52.4,2.960e-119,419.0,WBR49956,WBR49957,C012
v190,v192,52.7,5.400e-121,424.0,WBR49956,WBR49958,C012
v190,v193,32.5,3.840e-26,109.0,WBR49956,WP_011209364.1,C012
v190,v194,30.3,5.920e-35,139.0,WBR49956,WP_185053500,C012
v190,v195,38.6,3.010e-72,263.0,WBR49956,NylA,C012
v190,v196,32.4,1.080e-44,171.0,WBR49956,NylA,C012
v190,v197,30.5,5.740e-22,96.0,WBR49956,BBP47208; XP_036664376,C012
v191,v192,83.1,2.700e-213,731.0,WBR49957,WBR49958,C012
v191,v195,34.4,4.350e-70,255.0,WBR49957,NylA,C012
v191,v196,31.0,8.290e-51,191.0,WBR49957,NylA,C012
v192,v195,35.5,2.310e-71,260.0,WBR49958,NylA,C012
v192,v196,31.5,1.720e-50,190.0,WBR49958,NylA,C012
v193,v194,48.2,5.820e-113,398.0,WP_011209364.1,WP_185053500,C012
v193,v196,30.9,8.010e-54,201.0,WP_011209364.1,NylA,C012
v194,v196,34.8,1.360e-53,201.0,WP_185053500,NylA,C012
v195,v196,37.3,4.120e-42,163.0,NylA,NylA,C012
v198,v199,34.0,8.480e-28,114.0,B0FLR6,Q75UA4,C019
v201,v202,30.4,3.380e-17,79.0,AII11185,AII11221,C017
v203,v204,82.6,0.000e+00,1208.0,A0A1S6Q8F9,LC073705,C005
v203,v205,36.8,1.700e-105,374.0,A0A1S6Q8F9,Q7X0P3,C005
v204,v205,36.7,2.000e-114,403.0,LC073705,Q7X0P3,C005
v206,v207,63.5,8.650e-147,510.0,H6N162,H6N4Z1,C024
v206,v208,51.8,1.190e-122,430.0,H6N162,Q3L8N0,C024
v206,v209,42.8,1.290e-92,330.0,H6N162,MT664881,C024
v206,v210,52.9,3.710e-124,435.0,H6N162,MT664882,C024
v207,v208,50.1,1.100e-109,387.0,H6N4Z1,Q3L8N0,C024
v207,v209,40.2,2.560e-90,322.0,H6N4Z1,MT664881,C024
v207,v210,52.9,1.180e-119,420.0,H6N4Z1,MT664882,C024
v208,v209,46.3,5.750e-109,384.0,Q3L8N0,MT664881,C024
v208,v210,68.6,2.150e-172,595.0,Q3L8N0,MT664882,C024
v209,v210,45.7,3.730e-108,382.0,MT664881,MT664882,C024
