m0001	m0188	62.7	6.14e-98	348
m0001	m0067	50.4	1.38e-65	241
m0001	m0044	43.7	2.21e-55	207
m0001	m0279	42.4	1.87e-54	204
m0001	m0396	41.0	1.64e-50	191
m0001	m0077	27.1	3.01e-20	90
m0001	m0003	27.9	6.71e-20	89
m0001	m0171	29.2	1.95e-19	87
m0001	m0012	29.5	5.68e-19	86
m0001	m0387	29.1	1.27e-18	85
m0001	m0098	27.6	1.65e-18	84
m0001	m0068	29.8	3.68e-18	83
m0001	m0402	26.7	6.28e-18	82
m0001	m0331	27.3	8.2e-18	82
m0001	m0032	29.3	8.2e-18	82
m0001	m0316	28.7	1.07e-17	82
m0001	m0106	27.6	1.4e-17	81
m0001	m0165	28.5	1.4e-17	81
m0001	m0311	27.3	1.4e-17	81
m0001	m0074	29.7	1.83e-17	81
m0001	m0336	28.9	2.39e-17	80
m0001	m0130	28.2	2.39e-17	80
m0001	m0187	27.8	3.12e-17	80
m0001	m0377	28.1	4.07e-17	80
m0001	m0314	28.5	4.07e-17	80
m0001	m0286	29.3	5.32e-17	79
m0001	m0123	27.2	5.32e-17	79
m0001	m0125	28.8	6.95e-17	79
m0001	m0105	28.7	6.95e-17	79
m0001	m0351	29.4	6.95e-17	79
m0001	m0026	28.7	9.07e-17	79
m0001	m0134	27.9	9.07e-17	79
m0001	m0112	26.9	1.18e-16	78
m0001	m0043	28.4	1.18e-16	78
m0001	m0408	28.0	1.55e-16	78
m0001	m0152	25.9	1.55e-16	78
m0001	m0341	24.9	2.02e-16	77
m0001	m0299	27.7	2.02e-16	77
m0001	m0196	27.6	2.02e-16	77
m0001	m0070	27.5	3.45e-16	77
m0001	m0197	28.6	3.45e-16	77
m0001	m0295	29.3	5.88e-16	76
m0001	m0048	27.9	1e-15	75
m0001	m0107	26.9	1e-15	75
m0001	m0086	28.6	1e-15	75
m0001	m0292	26.3	1.71e-15	74
m0001	m0104	26.2	1.71e-15	74
m0001	m0179	27.2	1.71e-15	74
m0001	m0306	26.3	2.23e-15	74
m0001	m0317	29.4	2.23e-15	74
m0001	m0039	27.6	2.92e-15	74
m0001	m0004	27.4	2.92e-15	74
m0001	m0217	30.5	2.92e-15	74
m0001	m0124	23.1	3.81e-15	73
m0001	m0338	28.8	3.81e-15	73
m0001	m0178	28.1	3.81e-15	73
m0001	m0185	31.8	4.98e-15	73
m0001	m0013	27.8	4.98e-15	73
m0001	m0237	26.9	4.98e-15	73
m0001	m0236	26.9	4.98e-15	73
m0001	m0046	25.9	4.98e-15	73
m0001	m0208	29.8	6.5e-15	72
m0001	m0397	30.5	6.5e-15	72
m0001	m0194	26.6	8.49e-15	72
m0001	m0394	27.4	8.49e-15	72
m0001	m0239	27.6	8.49e-15	72
m0001	m0235	25.3	1.11e-14	72
m0001	m0342	28.6	1.45e-14	71
m0001	m0246	26.5	1.45e-14	71
m0001	m0363	29.0	1.45e-14	71
m0001	m0164	28.7	1.45e-14	71
m0001	m0254	27.7	1.45e-14	71
m0001	m0136	29.8	1.45e-14	71
m0001	m0390	25.6	1.45e-14	71
m0001	m0382	24.5	1.45e-14	71
m0001	m0054	29.6	1.89e-14	71
m0001	m0354	27.5	1.89e-14	71
m0001	m0245	27.3	1.89e-14	71
m0001	m0309	28.4	2.47e-14	70
m0001	m0269	27.5	2.47e-14	70
m0001	m0232	24.7	2.47e-14	70
m0001	m0018	27.2	2.47e-14	70
m0001	m0169	25.8	2.47e-14	70
m0001	m0264	28.4	2.47e-14	70
m0001	m0161	31.0	2.47e-14	70
m0001	m0127	29.5	2.47e-14	70
m0001	m0176	29.1	3.23e-14	70
m0001	m0050	28.2	3.23e-14	70
m0001	m0093	27.3	3.23e-14	70
m0001	m0035	25.5	3.23e-14	70
m0001	m0170	26.8	3.23e-14	70
m0001	m0383	28.4	4.21e-14	70
m0001	m0230	29.5	4.21e-14	70
m0001	m0273	27.2	4.21e-14	70
m0001	m0405	29.4	4.21e-14	70
m0001	m0053	28.1	4.21e-14	70
m0001	m0356	26.8	4.21e-14	70
m0001	m0160	28.2	4.21e-14	70
m0001	m0076	25.0	5.5e-14	69
m0001	m0370	26.5	5.5e-14	69
m0001	m0133	26.8	5.5e-14	69
m0001	m0380	27.8	7.19e-14	69
m0001	m0096	28.5	7.19e-14	69
m0001	m0296	29.1	7.19e-14	69
m0001	m0410	25.3	7.19e-14	69
m0001	m0082	26.5	9.39e-14	69
m0001	m0172	27.3	9.39e-14	69
m0001	m0114	27.4	1.23e-13	68
m0001	m0378	28.2	1.23e-13	68
m0001	m0175	26.7	1.23e-13	68
m0001	m0249	25.9	1.23e-13	68
m0001	m0348	28.1	1.6e-13	68
m0001	m0218	26.8	1.6e-13	68
m0001	m0065	24.6	1.6e-13	68
m0001	m0173	28.4	1.6e-13	68
m0001	m0177	26.7	1.6e-13	68
m0001	m0330	26.5	1.6e-13	68
m0001	m0321	27.7	2.09e-13	67
m0001	m0015	27.9	2.09e-13	67
m0001	m0024	28.9	2.73e-13	67
m0001	m0057	25.3	2.73e-13	67
m0001	m0099	26.8	3.57e-13	67
m0001	m0393	27.6	3.57e-13	67
m0001	m0097	27.3	4.66e-13	66
m0001	m0250	28.7	4.66e-13	66
m0001	m0087	27.8	4.66e-13	66
m0001	m0312	25.4	4.66e-13	66
m0001	m0071	28.0	4.66e-13	66
m0001	m0126	28.7	4.66e-13	66
m0001	m0100	25.7	4.66e-13	66
m0001	m0191	30.0	6.08e-13	66
m0001	m0332	27.3	6.08e-13	66
m0001	m0345	27.3	6.08e-13	66
m0001	m0073	28.1	6.08e-13	66
m0001	m0261	29.8	7.95e-13	65
m0001	m0002	23.9	7.95e-13	65
m0001	m0305	27.0	7.95e-13	65
m0001	m0040	26.8	7.95e-13	65
m0001	m0042	28.2	7.95e-13	65
m0001	m0247	27.0	7.95e-13	65
m0001	m0240	30.3	1.04e-12	65
m0001	m0328	25.8	1.04e-12	65
m0001	m0181	26.5	1.04e-12	65
m0001	m0406	27.7	1.04e-12	65
m0001	m0388	26.4	1.36e-12	65
m0001	m0282	27.7	1.36e-12	65
m0001	m0158	24.5	1.36e-12	65
m0001	m0368	25.3	1.36e-12	65
m0001	m0216	29.6	1.77e-12	64
m0001	m0066	25.4	1.77e-12	64
m0001	m0400	26.6	1.77e-12	64
m0001	m0234	24.0	1.77e-12	64
m0001	m0072	26.4	1.77e-12	64
m0001	m0201	28.6	2.31e-12	64
m0001	m0371	29.6	2.31e-12	64
m0001	m0349	26.5	3.02e-12	64
m0001	m0335	27.6	3.02e-12	64
m0001	m0256	26.8	3.02e-12	64
m0001	m0195	27.7	3.02e-12	64
m0001	m0190	26.3	3.02e-12	64
m0001	m0297	28.3	3.94e-12	63
m0001	m0266	25.5	3.94e-12	63
m0001	m0294	25.5	3.94e-12	63
m0001	m0280	26.0	5.15e-12	63
m0001	m0372	25.1	5.15e-12	63
m0001	m0251	24.2	6.73e-12	62
m0001	m0323	28.4	6.73e-12	62
m0001	m0229	29.0	8.79e-12	62
m0001	m0289	24.2	8.79e-12	62
m0001	m0157	29.2	8.79e-12	62
m0001	m0186	30.3	1.15e-11	62
m0001	m0207	27.6	1.15e-11	62
m0001	m0212	25.7	1.15e-11	62
m0001	m0293	25.4	1.15e-11	62
m0001	m0278	25.1	1.5e-11	61
m0001	m0327	28.5	1.5e-11	61
m0001	m0121	26.3	1.5e-11	61
m0001	m0141	25.3	3.34e-11	60
m0001	m0166	27.8	3.34e-11	60
m0001	m0038	23.6	4.36e-11	60
m0001	m0101	24.5	4.36e-11	60
m0001	m0231	26.0	5.69e-11	59
m0001	m0385	26.0	5.69e-11	59
m0001	m0089	24.1	5.69e-11	59
m0001	m0283	26.4	9.71e-11	59
m0001	m0168	27.8	9.71e-11	59
m0001	m0079	27.0	1.27e-10	58
m0001	m0364	24.5	1.66e-10	58
m0001	m0007	28.2	1.66e-10	58
m0001	m0091	25.0	2.16e-10	57
m0001	m0080	27.5	2.83e-10	57
m0001	m0144	25.8	2.83e-10	57
m0001	m0337	26.3	3.69e-10	57
m0001	m0116	26.7	3.69e-10	57
m0001	m0343	25.3	4.82e-10	56
m0001	m0369	25.1	4.82e-10	56
m0001	m0029	24.5	6.3e-10	56
m0001	m0051	24.7	8.22e-10	55
m0001	m0233	23.3	1.07e-09	55
m0001	m0069	26.5	1.07e-09	55
m0001	m0137	25.4	1.83e-09	54
m0001	m0365	27.7	1.83e-09	54
m0001	m0319	26.4	2.39e-09	54
m0001	m0267	22.4	2.39e-09	54
m0001	m0219	28.4	2.39e-09	54
m0001	m0200	23.1	6.96e-09	52
m0001	m0274	24.6	6.96e-09	52
m0001	m0034	26.9	1.19e-08	52
m0001	m0147	25.3	1.55e-08	51
m0001	m0163	25.3	2.03e-08	51
m0001	m0276	24.6	2.65e-08	50
m0001	m0398	24.3	2.65e-08	50
m0001	m0140	25.4	2.65e-08	50
m0001	m0359	24.7	3.45e-08	50
m0001	m0162	23.8	6.52e-07	46
m0001	m0334	25.1	1.11e-06	45
m0001	m0275	22.7	4.22e-06	43
m0001	m0307	21.4	5.52e-06	43
m0001	m0220	26.9	4.67e-05	40
m0001	m0284	24.3	4.67e-05	40
m0001	m0268	24.0	7.96e-05	39
m0001	m0399	23.3	0.0483	30
m0001	m0288	54.5	0.313	27
m0001	m0231	45.0	4.52	23
m0001	m0183	35.1	5.91	23
m0001	m0243	48.0	7.71	22
m0002	m0196	77.0	3.11e-120	422
m0002	m0306	73.6	3.93e-115	405
m0002	m0249	74.0	1.49e-114	403
m0002	m0264	75.8	3.33e-114	402
m0002	m0402	73.6	1.65e-113	400
m0002	m0380	73.4	2.38e-112	396
m0002	m0235	72.2	9.06e-112	394
m0002	m0003	72.9	2.02e-111	393
m0002	m0232	70.7	1.11e-109	387
m0002	m0336	70.3	3.22e-109	386
m0002	m0299	70.3	2.73e-108	382
m0002	m0377	69.1	6.08e-108	381
m0002	m0012	71.0	5.69e-106	375
m0002	m0171	67.2	1.27e-105	374
m0002	m0273	67.4	1.27e-105	374
m0002	m0388	68.6	2.82e-105	372
m0002	m0065	70.8	1.07e-104	371
m0002	m0190	68.6	2.39e-104	369
m0002	m0125	68.5	3.12e-104	369
m0002	m0144	68.5	1.19e-103	367
m0002	m0390	67.4	1.19e-103	367
m0002	m0234	68.1	5.88e-103	365
m0002	m0137	68.1	1e-102	364
m0002	m0328	68.1	1e-102	364
m0002	m0106	68.6	1.31e-102	364
m0002	m0331	68.5	2.92e-102	362
m0002	m0013	66.0	1.23e-100	357
m0002	m0314	66.9	3.57e-100	356
m0002	m0237	65.4	7.95e-100	354
m0002	m0126	64.2	1.36e-99	354
m0002	m0394	66.0	1.77e-99	353
m0002	m0086	65.8	1.15e-98	351
m0002	m0048	65.4	1.15e-98	351
m0002	m0236	64.7	4.36e-98	349
m0002	m0004	65.1	2.83e-97	346
m0002	m0089	61.6	3.24e-93	332
m0002	m0158	60.1	3.58e-92	329
m0002	m0134	61.2	4.67e-92	329
m0002	m0309	59.8	7.97e-92	328
m0002	m0057	62.0	1.36e-91	327
m0002	m0305	59.8	1.36e-91	327
m0002	m0398	62.7	1.15e-90	324
m0002	m0316	59.9	7.46e-90	321
m0002	m0233	60.6	6.32e-89	318
m0002	m0372	59.2	4.09e-88	315
m0002	m0200	59.5	5.35e-88	315
m0002	m0169	57.5	6.98e-88	315
m0002	m0072	57.6	1.19e-87	314
m0002	m0382	56.4	2.93e-86	309
m0002	m0294	58.3	2.48e-85	306
m0002	m0364	58.4	4.24e-85	305
m0002	m0066	59.9	7.23e-85	305
m0002	m0121	58.0	1.23e-84	304
m0002	m0368	53.9	2.84e-81	293
m0002	m0046	59.0	6.33e-81	292
m0002	m0365	53.1	8.27e-81	291
m0002	m0051	56.0	8.27e-81	291
m0002	m0123	55.6	1.41e-80	290
m0002	m0093	56.4	1.84e-80	290
m0002	m0112	53.8	1.56e-79	287
m0002	m0152	54.4	1.32e-78	284
m0002	m0195	53.3	2.25e-78	283
m0002	m0100	54.4	8.56e-78	281
m0002	m0341	55.1	1.12e-77	281
m0002	m0343	54.4	1.46e-77	280
m0002	m0034	55.4	9.46e-77	278
m0002	m0147	50.6	3.04e-75	273
m0002	m0070	53.0	3.97e-75	272
m0002	m0274	53.7	3.97e-75	272
m0002	m0254	52.7	1.51e-74	270
m0002	m0240	55.8	1.51e-74	270
m0002	m0073	54.7	1.97e-74	270
m0002	m0087	50.2	4.39e-74	269
m0002	m0136	53.9	4.39e-74	269
m0002	m0101	48.4	5.74e-74	268
m0002	m0323	52.5	9.79e-74	268
m0002	m0247	49.1	9.79e-74	268
m0002	m0166	53.8	1.28e-73	267
m0002	m0091	52.3	1.67e-73	267
m0002	m0338	53.3	2.85e-73	266
m0002	m0032	51.1	6.35e-73	265
m0002	m0297	56.0	8.29e-73	265
m0002	m0191	53.6	8.29e-73	265
m0002	m0351	50.9	1.08e-72	264
m0002	m0349	53.6	1.41e-72	264
m0002	m0269	53.5	1.85e-72	263
m0002	m0018	51.6	2.41e-72	263
m0002	m0127	53.1	3.15e-72	263
m0002	m0334	56.9	5.37e-72	262
m0002	m0283	50.8	5.37e-72	262
m0002	m0133	53.1	5.37e-72	262
m0002	m0296	51.0	7.02e-72	262
m0002	m0076	50.2	7.02e-72	262
m0002	m0292	50.0	1.56e-71	260
m0002	m0370	51.7	1.56e-71	260
m0002	m0330	53.5	1.56e-71	260
m0002	m0177	53.1	1.56e-71	260
m0002	m0335	51.4	2.67e-71	260
m0002	m0157	54.2	2.67e-71	260
m0002	m0230	53.3	4.55e-71	259
m0002	m0068	48.9	5.94e-71	258
m0002	m0172	53.5	5.94e-71	258
m0002	m0311	49.4	1.01e-70	258
m0002	m0406	52.1	1.01e-70	258
m0002	m0321	51.7	1.01e-70	258
m0002	m0185	51.6	1.73e-70	257
m0002	m0278	50.6	1.73e-70	257
m0002	m0250	51.7	2.26e-70	257
m0002	m0079	52.9	2.95e-70	256
m0002	m0282	52.3	3.85e-70	256
m0002	m0015	52.1	3.85e-70	256
m0002	m0261	51.6	3.85e-70	256
m0002	m0342	51.4	3.85e-70	256
m0002	m0332	51.7	5.03e-70	255
m0002	m0251	49.8	6.57e-70	255
m0002	m0216	50.6	6.57e-70	255
m0002	m0217	52.1	8.58e-70	255
m0002	m0040	51.4	8.58e-70	255
m0002	m0098	48.9	1.12e-69	254
m0002	m0038	50.0	1.12e-69	254
m0002	m0319	51.3	1.12e-69	254
m0002	m0400	50.6	1.12e-69	254
m0002	m0393	51.7	1.46e-69	254
m0002	m0410	50.6	1.46e-69	254
m0002	m0378	51.4	1.46e-69	254
m0002	m0050	51.4	1.91e-69	253
m0002	m0026	50.4	1.91e-69	253
m0002	m0327	50.2	1.91e-69	253
m0002	m0039	49.8	2.5e-69	253
m0002	m0096	51.0	3.26e-69	253
m0002	m0099	51.0	4.26e-69	252
m0002	m0266	48.3	4.26e-69	252
m0002	m0345	51.0	4.26e-69	252
m0002	m0295	51.7	5.56e-69	252
m0002	m0116	51.1	5.56e-69	252
m0002	m0256	51.0	5.56e-69	252
m0002	m0208	50.6	7.26e-69	252
m0002	m0356	47.7	9.48e-69	251
m0002	m0164	51.3	9.48e-69	251
m0002	m0181	50.8	9.48e-69	251
m0002	m0186	50.4	1.24e-68	251
m0002	m0071	49.0	1.24e-68	251
m0002	m0104	47.4	1.24e-68	251
m0002	m0337	49.8	1.62e-68	250
m0002	m0218	51.0	2.11e-68	250
m0002	m0024	50.2	2.11e-68	250
m0002	m0141	51.2	2.76e-68	250
m0002	m0363	51.4	2.76e-68	250
m0002	m0179	47.8	2.76e-68	250
m0002	m0246	50.0	2.76e-68	250
m0002	m0176	48.5	3.6e-68	249
m0002	m0097	51.5	4.71e-68	249
m0002	m0348	50.6	4.71e-68	249
m0002	m0160	49.8	1.05e-67	248
m0002	m0114	49.4	1.37e-67	247
m0002	m0042	50.2	5.2e-67	245
m0002	m0053	49.4	6.8e-67	245
m0002	m0069	47.3	6.8e-67	245
m0002	m0354	47.5	3.37e-66	243
m0002	m0280	50.4	3.37e-66	243
m0002	m0312	48.5	7.51e-66	242
m0002	m0239	48.3	9.81e-66	241
m0002	m0077	44.6	1.28e-65	241
m0002	m0175	48.5	1.67e-65	240
m0002	m0194	48.7	8.31e-65	238
m0002	m0187	47.7	1.08e-64	238
m0002	m0229	49.8	1.42e-64	237
m0002	m0082	47.0	1.85e-64	237
m0002	m0383	47.0	3.16e-64	236
m0002	m0219	49.4	4.12e-64	236
m0002	m0161	47.7	1.2e-63	234
m0002	m0178	47.0	2.05e-63	233
m0002	m0170	47.0	3.49e-63	233
m0002	m0397	47.5	5.95e-63	232
m0002	m0284	47.6	3.86e-62	229
m0002	m0197	45.5	5.04e-62	229
m0002	m0074	44.9	8.6e-62	228
m0002	m0201	44.7	2.5e-61	226
m0002	m0385	43.4	4.27e-61	226
m0002	m0317	45.8	5.57e-61	225
m0002	m0080	47.0	9.5e-61	225
m0002	m0207	46.9	1.24e-60	224
m0002	m0162	45.5	4.72e-60	222
m0002	m0029	44.6	8.05e-60	221
m0002	m0405	45.6	1.05e-59	221
m0002	m0173	47.7	1.37e-59	221
m0002	m0043	46.9	1.79e-59	220
m0002	m0245	44.6	8.9e-59	218
m0002	m0408	43.8	1.98e-58	217
m0002	m0054	46.9	2.59e-58	216
m0002	m0107	44.9	9.84e-58	215
m0002	m0165	44.4	3.74e-57	213
m0002	m0105	43.9	1.47e-53	201
m0002	m0168	42.5	4.73e-52	196
m0002	m0387	41.8	3.06e-51	193
m0002	m0130	44.0	3.06e-51	193
m0002	m0286	41.9	5.23e-51	192
m0002	m0212	44.4	1.16e-50	191
m0002	m0371	33.6	2.28e-38	150
m0002	m0007	33.8	8.66e-38	148
m0002	m0275	34.4	3.64e-36	143
m0002	m0289	34.1	5.81e-34	136
m0002	m0369	34.3	1.87e-32	131
m0002	m0163	31.1	1.34e-30	124
m0002	m0140	30.8	6.22e-28	116
m0002	m0035	26.0	8.14e-20	89
m0002	m0293	29.0	4.04e-19	86
m0002	m0359	26.9	9.31e-16	75
m0002	m0276	27.4	1.03e-14	72
m0002	m0188	26.6	2.54e-13	67
m0002	m0067	27.7	3.66e-12	63
m0002	m0279	25.8	8.16e-12	62
m0002	m0124	23.8	1.07e-11	62
m0002	m0231	25.1	4.05e-11	60
m0002	m0044	27.2	7.64e-10	55
m0002	m0267	23.3	1.7e-09	54
m0002	m0268	24.2	2.9e-09	54
m0002	m0396	25.9	3.79e-09	53
m0002	m0139	24.8	2.3e-06	44
m0002	m0409	24.1	1.14e-05	42
m0002	m0221	25.2	4.34e-05	40
m0002	m0017	25.2	0.000479	36
m0002	m0324	23.1	0.00107	35
m0002	m0307	28.6	0.00139	35
m0002	m0017	23.2	0.0053	33
m0002	m0257	24.5	0.00692	32
m0002	m0340	25.6	0.00904	32
m0002	m0339	24.1	0.0201	31
m0002	m0180	26.6	0.0201	31
m0002	m0155	19.9	0.0201	31
m0002	m0092	28.8	0.0449	30
m0002	m0199	27.3	0.131	28
m0002	m0063	17.9	0.38	27
m0002	m0102	29.9	0.496	26
m0002	m0411	28.9	1.11	25
m0002	m0376	33.3	1.44	25
m0002	m0184	25.0	2.46	24
m0002	m0151	29.1	7.16	22
m0002	m0403	34.0	9.36	22
m0003	m0306	83.1	1.04e-143	500
m0003	m0196	77.8	1.45e-137	480
m0003	m0235	71.8	3.24e-121	426
m0003	m0232	71.9	2.1e-120	423
m0003	m0402	71.7	1.36e-119	420
m0003	m0249	71.1	3.96e-119	419
m0003	m0273	69.7	5.17e-119	418
m0003	m0377	67.2	9.13e-116	408
m0003	m0171	65.3	1.32e-114	404
m0003	m0390	66.0	1.23e-112	397
m0003	m0299	66.6	5.19e-111	392
m0003	m0380	68.3	1.16e-110	391
m0003	m0394	65.1	4.39e-110	389
m0003	m0336	66.7	1.67e-109	387
m0003	m0106	65.0	2.85e-109	386
m0003	m0309	62.0	1.12e-105	374
m0003	m0331	62.2	1.12e-105	374
m0003	m0237	62.5	1.12e-105	374
m0003	m0234	63.1	1.12e-105	374
m0003	m0057	67.3	3.26e-105	372
m0003	m0012	65.6	4.25e-105	372
m0003	m0236	63.2	4.25e-105	372
m0003	m0137	62.5	1.24e-104	371
m0003	m0065	62.4	1.62e-104	370
m0003	m0125	64.8	3.98e-103	366
m0003	m0264	62.8	1.51e-102	364
m0003	m0190	69.0	3.73e-101	359
m0003	m0048	62.0	7.03e-100	355
m0003	m0388	59.0	7.03e-100	355
m0003	m0134	60.7	7.77e-99	351
m0003	m0372	65.9	1.33e-98	351
m0003	m0144	66.1	1.73e-98	350
m0003	m0314	60.2	1.73e-98	350
m0003	m0086	60.5	1.91e-97	347
m0003	m0316	59.4	3.26e-97	346
m0003	m0126	59.3	1.24e-96	344
m0003	m0013	58.6	1.24e-96	344
m0003	m0328	64.4	1.62e-96	344
m0003	m0169	58.1	1.05e-95	341
m0003	m0382	57.7	8.89e-95	338
m0003	m0398	61.6	3.38e-94	336
m0003	m0072	58.0	5.76e-94	335
m0003	m0004	61.9	1.68e-93	334
m0003	m0305	57.6	3.73e-93	332
m0003	m0200	55.4	3.73e-93	332
m0003	m0158	54.6	4.88e-93	332
m0003	m0364	59.8	5.96e-91	325
m0003	m0089	56.2	1.47e-89	320
m0003	m0093	53.3	6.17e-88	315
m0003	m0368	52.2	1.05e-87	314
m0003	m0233	52.7	4e-87	312
m0003	m0121	56.2	4.42e-86	309
m0003	m0051	53.6	4.89e-85	305
m0003	m0046	54.5	1.09e-84	304
m0003	m0294	54.3	5.4e-84	302
m0003	m0066	54.3	9.22e-84	301
m0003	m0365	52.5	3.87e-82	296
m0003	m0123	52.6	6.61e-82	295
m0003	m0341	54.7	8.63e-82	295
m0003	m0087	50.2	4.28e-81	292
m0003	m0100	52.2	5.59e-81	292
m0003	m0152	50.9	7.3e-81	292
m0003	m0076	50.5	3.63e-80	289
m0003	m0034	51.2	3.63e-80	289
m0003	m0269	55.6	4.73e-80	289
m0003	m0254	52.6	2.35e-79	287
m0003	m0323	50.8	5.23e-79	285
m0003	m0343	51.0	5.23e-79	285
m0003	m0147	50.5	6.84e-79	285
m0003	m0112	49.5	1.99e-78	283
m0003	m0101	47.2	2.6e-78	283
m0003	m0018	51.4	5.79e-78	282
m0003	m0335	50.2	5.79e-78	282
m0003	m0136	51.7	1.68e-77	280
m0003	m0338	50.3	2.87e-77	280
m0003	m0283	50.2	2.87e-77	280
m0003	m0091	49.8	3.75e-77	279
m0003	m0337	50.7	3.75e-77	279
m0003	m0195	50.0	4.9e-77	279
m0003	m0015	49.7	4.9e-77	279
m0003	m0247	49.7	2.43e-76	277
m0003	m0278	48.6	4.15e-76	276
m0003	m0330	51.4	5.42e-76	275
m0003	m0274	50.9	7.08e-76	275
m0003	m0185	49.2	7.08e-76	275
m0003	m0349	51.9	1.21e-75	274
m0003	m0191	49.7	1.58e-75	274
m0003	m0408	50.5	2.06e-75	273
m0003	m0230	50.5	2.06e-75	273
m0003	m0172	50.2	2.69e-75	273
m0003	m0393	49.7	2.69e-75	273
m0003	m0157	50.0	4.59e-75	272
m0003	m0296	49.2	7.82e-75	272
m0003	m0370	50.0	7.82e-75	272
m0003	m0216	49.7	7.82e-75	272
m0003	m0166	50.7	1.74e-74	270
m0003	m0070	47.7	2.97e-74	270
m0003	m0292	47.4	2.97e-74	270
m0003	m0240	50.7	2.97e-74	270
m0003	m0099	51.1	2.97e-74	270
m0003	m0250	51.6	5.07e-74	269
m0003	m0073	49.1	6.62e-74	268
m0003	m0351	47.0	6.62e-74	268
m0003	m0261	51.7	6.62e-74	268
m0003	m0177	49.3	6.62e-74	268
m0003	m0363	50.5	8.65e-74	268
m0003	m0186	51.3	1.13e-73	268
m0003	m0354	49.7	1.13e-73	268
m0003	m0321	50.5	1.48e-73	267
m0003	m0141	49.0	1.93e-73	267
m0003	m0104	49.0	1.93e-73	267
m0003	m0217	49.7	1.93e-73	267
m0003	m0342	49.0	2.52e-73	267
m0003	m0406	49.8	3.29e-73	266
m0003	m0040	50.0	4.29e-73	266
m0003	m0348	50.9	4.29e-73	266
m0003	m0400	51.0	4.29e-73	266
m0003	m0176	48.5	4.29e-73	266
m0003	m0251	50.5	4.29e-73	266
m0003	m0295	48.0	5.61e-73	265
m0003	m0297	52.1	5.61e-73	265
m0003	m0208	50.0	5.61e-73	265
m0003	m0127	50.7	5.61e-73	265
m0003	m0077	47.7	7.32e-73	265
m0003	m0179	47.4	9.56e-73	265
m0003	m0068	48.8	9.56e-73	265
m0003	m0164	48.0	9.56e-73	265
m0003	m0332	48.6	1.25e-72	264
m0003	m0096	48.2	1.25e-72	264
m0003	m0327	48.8	1.25e-72	264
m0003	m0097	48.3	2.13e-72	263
m0003	m0218	49.8	2.13e-72	263
m0003	m0038	48.2	2.13e-72	263
m0003	m0079	53.4	2.78e-72	263
m0003	m0133	51.3	3.63e-72	263
m0003	m0311	46.8	3.63e-72	263
m0003	m0053	48.4	3.63e-72	263
m0003	m0282	50.4	3.63e-72	263
m0003	m0256	49.0	4.75e-72	262
m0003	m0160	49.5	6.2e-72	262
m0003	m0345	49.0	8.1e-72	262
m0003	m0187	46.4	1.38e-71	261
m0003	m0410	46.2	1.8e-71	260
m0003	m0378	48.8	2.36e-71	260
m0003	m0026	47.4	5.25e-71	259
m0003	m0039	49.1	6.85e-71	258
m0003	m0356	49.3	8.95e-71	258
m0003	m0050	49.3	1.17e-70	258
m0003	m0266	48.2	1.53e-70	257
m0003	m0383	45.0	1.53e-70	257
m0003	m0280	52.0	1.99e-70	257
m0003	m0175	47.0	2.6e-70	257
m0003	m0114	48.6	4.44e-70	256
m0003	m0032	46.4	4.44e-70	256
m0003	m0181	49.5	5.8e-70	255
m0003	m0071	47.4	7.58e-70	255
m0003	m0178	46.1	1.29e-69	254
m0003	m0054	49.7	1.29e-69	254
m0003	m0043	53.0	2.2e-69	253
m0003	m0246	47.6	2.2e-69	253
m0003	m0170	45.1	2.2e-69	253
m0003	m0069	46.6	4.91e-69	252
m0003	m0312	47.8	6.41e-69	252
m0003	m0116	47.9	8.38e-69	252
m0003	m0024	45.5	8.38e-69	252
m0003	m0098	47.1	1.09e-68	251
m0003	m0334	47.5	1.87e-68	250
m0003	m0042	47.9	2.44e-68	250
m0003	m0074	46.6	2.44e-68	250
m0003	m0173	51.3	2.44e-68	250
m0003	m0397	45.0	3.18e-68	250
m0003	m0319	49.1	7.09e-68	248
m0003	m0239	47.6	1.58e-67	247
m0003	m0194	48.2	2.06e-67	247
m0003	m0107	49.3	3.52e-67	246
m0003	m0317	46.1	3.52e-67	246
m0003	m0229	47.4	6e-67	245
m0003	m0161	46.1	7.84e-67	245
m0003	m0165	46.3	1.02e-66	245
m0003	m0197	43.6	8.67e-66	242
m0003	m0082	43.6	4.3e-65	239
m0003	m0080	45.1	1.25e-64	238
m0003	m0219	48.3	1.25e-64	238
m0003	m0385	45.4	6.21e-64	235
m0003	m0405	44.5	2.36e-63	233
m0003	m0162	47.8	3.08e-63	233
m0003	m0245	41.9	8.97e-63	231
m0003	m0029	42.9	5.81e-62	229
m0003	m0201	44.6	1.3e-61	228
m0003	m0105	44.1	1.69e-61	227
m0003	m0207	41.9	1.87e-60	224
m0003	m0286	44.6	9.28e-60	221
m0003	m0387	43.5	1.34e-58	218
m0003	m0212	44.2	2.53e-57	213
m0003	m0284	47.8	2.8e-56	210
m0003	m0130	43.2	1.17e-54	205
m0003	m0168	43.6	1.7e-53	201
m0003	m0007	35.2	2.71e-43	167
m0003	m0371	34.2	9.65e-41	158
m0003	m0275	35.1	1.22e-35	141
m0003	m0289	35.5	6.06e-35	139
m0003	m0369	34.1	7.41e-33	132
m0003	m0163	32.4	2.16e-32	131
m0003	m0140	30.5	1.18e-30	125
m0003	m0293	30.7	4.65e-27	113
m0003	m0035	27.0	3.23e-20	90
m0003	m0188	28.0	2.09e-19	87
m0003	m0359	25.3	6.09e-19	86
m0003	m0044	28.7	1.96e-17	81
m0003	m0231	25.6	4.36e-17	80
m0003	m0276	25.1	1.66e-16	78
m0003	m0279	25.9	3.46e-14	70
m0003	m0396	28.6	5.9e-14	69
m0003	m0067	29.1	7.7e-14	69
m0003	m0268	27.5	3.24e-12	64
m0003	m0124	23.3	1.15e-09	55
m0003	m0221	29.9	9.74e-09	52
m0003	m0267	22.7	9.74e-09	52
m0003	m0139	29.8	2.17e-08	51
m0003	m0017	23.6	4.53e-06	43
m0003	m0339	23.8	3.83e-05	40
m0003	m0180	27.1	0.000146	38
m0003	m0340	28.1	0.000146	38
m0003	m0324	24.7	0.00019	38
m0003	m0220	25.9	0.000248	37
m0003	m0257	27.5	0.00359	33
m0003	m0307	21.8	0.00359	33
m0003	m0376	29.5	0.00799	32
m0003	m0340	26.1	0.0104	32
m0003	m0027	25.2	0.0304	30
m0003	m0063	23.5	0.0304	30
m0003	m0155	33.3	0.0676	29
m0003	m0102	20.8	0.115	28
m0003	m0318	25.9	0.151	28
m0003	m0199	25.9	0.257	27
m0003	m0008	25.6	0.748	26
m0003	m0111	24.6	0.748	26
m0003	m0371	25.0	0.976	25
m0003	m0102	37.0	1.67	25
m0003	m0092	25.0	2.84	24
m0003	m0367	37.2	8.27	22
m0004	m0013	80.3	1.43e-125	440
m0004	m0126	78.5	2.14e-121	426
m0004	m0394	69.2	4.49e-103	365
m0004	m0235	65.8	5.49e-101	358
m0004	m0232	66.5	2.08e-100	356
m0004	m0144	66.5	3.01e-99	352
m0004	m0402	64.9	6.71e-99	351
m0004	m0336	64.2	6.71e-99	351
m0004	m0171	66.1	1.14e-98	351
m0004	m0012	65.6	9.68e-98	347
m0004	m0234	65.0	1.26e-97	347
m0004	m0273	63.8	1.26e-97	347
m0004	m0196	62.5	2.16e-97	346
m0004	m0388	64.1	1.07e-96	344
m0004	m0249	63.3	1.4e-96	344
m0004	m0306	62.7	9.06e-96	341
m0004	m0236	65.1	4.5e-95	339
m0004	m0125	62.1	1.31e-94	337
m0004	m0377	63.8	2.23e-94	336
m0004	m0299	63.1	1.11e-93	334
m0004	m0380	62.7	4.21e-93	332
m0004	m0390	63.3	7.18e-93	331
m0004	m0190	63.3	1.6e-92	330
m0004	m0237	63.2	2.09e-92	330
m0004	m0065	62.0	1.04e-91	327
m0004	m0305	60.5	8.78e-91	324
m0004	m0264	61.4	1.5e-90	324
m0004	m0328	61.8	3.34e-90	322
m0004	m0137	62.9	3.34e-90	322
m0004	m0106	59.7	1.07e-88	317
m0004	m0316	60.1	1.07e-88	317
m0004	m0309	61.2	1.07e-88	317
m0004	m0169	58.3	9.09e-88	314
m0004	m0331	58.9	1.19e-87	314
m0004	m0048	59.8	2.02e-87	313
m0004	m0314	59.1	3.45e-87	312
m0004	m0086	58.7	2.92e-86	309
m0004	m0382	58.8	3.82e-86	309
m0004	m0057	58.8	6.51e-86	308
m0004	m0072	57.1	3.23e-85	306
m0004	m0158	57.1	4.22e-85	305
m0004	m0134	56.6	9.4e-85	304
m0004	m0372	56.4	1.77e-83	300
m0004	m0200	56.8	2.32e-83	300
m0004	m0233	57.7	6.74e-83	298
m0004	m0089	55.0	1.27e-81	294
m0004	m0398	56.9	8.24e-81	291
m0004	m0101	54.8	2.03e-79	287
m0004	m0365	53.9	1.72e-78	283
m0004	m0112	53.3	1.72e-78	283
m0004	m0051	53.1	3.83e-78	282
m0004	m0093	55.2	3.83e-78	282
m0004	m0364	53.7	6.53e-78	282
m0004	m0368	52.7	7.22e-77	278
m0004	m0152	51.9	4.68e-76	275
m0004	m0046	56.1	7.98e-76	275
m0004	m0121	53.3	1.04e-75	274
m0004	m0343	52.4	1.78e-75	273
m0004	m0341	52.6	1.78e-75	273
m0004	m0066	55.7	1.78e-75	273
m0004	m0076	52.2	3.03e-75	273
m0004	m0254	53.3	6.75e-75	272
m0004	m0123	52.0	1.96e-74	270
m0004	m0073	51.9	2.57e-74	270
m0004	m0087	49.6	1.27e-73	267
m0004	m0294	51.9	2.84e-73	266
m0004	m0247	50.2	3.71e-73	266
m0004	m0297	55.4	4.84e-73	265
m0004	m0100	50.2	4.84e-73	265
m0004	m0127	52.7	6.32e-73	265
m0004	m0185	52.5	1.08e-72	264
m0004	m0070	50.8	1.08e-72	264
m0004	m0147	49.8	4.1e-72	262
m0004	m0251	50.8	2.66e-71	260
m0004	m0195	49.6	1.32e-70	257
m0004	m0311	50.6	1.32e-70	257
m0004	m0038	50.4	3.83e-70	256
m0004	m0032	48.0	5.01e-70	255
m0004	m0136	50.4	6.54e-70	255
m0004	m0292	50.2	6.54e-70	255
m0004	m0261	49.4	1.12e-69	254
m0004	m0230	49.6	2.49e-69	253
m0004	m0034	51.1	4.24e-69	252
m0004	m0351	48.9	5.54e-69	252
m0004	m0191	50.2	5.54e-69	252
m0004	m0186	49.0	7.23e-69	252
m0004	m0269	50.8	7.23e-69	252
m0004	m0323	49.2	1.61e-68	250
m0004	m0177	51.2	1.61e-68	250
m0004	m0349	50.6	1.61e-68	250
m0004	m0338	50.4	2.1e-68	250
m0004	m0018	49.2	2.75e-68	250
m0004	m0330	50.4	3.59e-68	249
m0004	m0334	50.2	6.12e-68	248
m0004	m0166	50.2	1.04e-67	248
m0004	m0250	50.0	1.78e-67	247
m0004	m0240	50.4	1.78e-67	247
m0004	m0363	49.2	1.78e-67	247
m0004	m0194	47.5	3.04e-67	246
m0004	m0208	48.5	3.97e-67	246
m0004	m0410	46.4	5.18e-67	245
m0004	m0266	47.6	6.77e-67	245
m0004	m0104	47.6	8.84e-67	245
m0004	m0179	46.4	1.51e-66	244
m0004	m0161	49.4	1.97e-66	243
m0004	m0216	49.4	2.57e-66	243
m0004	m0354	48.1	2.57e-66	243
m0004	m0040	48.1	2.57e-66	243
m0004	m0068	47.1	2.57e-66	243
m0004	m0133	48.7	3.36e-66	243
m0004	m0096	48.1	3.36e-66	243
m0004	m0332	47.7	4.39e-66	242
m0004	m0397	48.9	5.73e-66	242
m0004	m0116	49.6	5.73e-66	242
m0004	m0282	49.6	7.48e-66	242
m0004	m0378	47.7	7.48e-66	242
m0004	m0039	46.8	7.48e-66	242
m0004	m0393	47.7	9.77e-66	241
m0004	m0178	46.6	9.77e-66	241
m0004	m0176	48.4	9.77e-66	241
m0004	m0050	47.3	9.77e-66	241
m0004	m0348	47.7	9.77e-66	241
m0004	m0015	48.5	1.28e-65	241
m0004	m0345	47.7	1.28e-65	241
m0004	m0079	49.4	1.67e-65	240
m0004	m0342	47.3	2.18e-65	240
m0004	m0172	49.0	2.18e-65	240
m0004	m0099	47.7	2.84e-65	240
m0004	m0157	48.3	3.71e-65	239
m0004	m0319	50.2	4.85e-65	239
m0004	m0218	47.3	6.34e-65	238
m0004	m0321	47.3	6.34e-65	238
m0004	m0296	48.8	6.34e-65	238
m0004	m0160	46.5	8.27e-65	238
m0004	m0141	48.7	8.27e-65	238
m0004	m0217	47.3	1.08e-64	238
m0004	m0164	47.7	1.08e-64	238
m0004	m0071	47.5	1.41e-64	237
m0004	m0283	46.9	1.41e-64	237
m0004	m0312	46.2	1.41e-64	237
m0004	m0295	48.3	1.41e-64	237
m0004	m0187	45.9	1.84e-64	237
m0004	m0356	45.8	1.84e-64	237
m0004	m0170	46.2	2.41e-64	236
m0004	m0053	46.5	2.41e-64	236
m0004	m0201	48.3	3.14e-64	236
m0004	m0400	46.9	3.14e-64	236
m0004	m0280	49.0	3.14e-64	236
m0004	m0383	45.7	3.14e-64	236
m0004	m0256	46.9	4.11e-64	236
m0004	m0069	46.9	9.15e-64	235
m0004	m0278	47.3	9.15e-64	235
m0004	m0097	47.9	9.15e-64	235
m0004	m0077	45.1	1.19e-63	234
m0004	m0098	46.2	1.56e-63	234
m0004	m0335	48.1	1.56e-63	234
m0004	m0091	46.9	1.56e-63	234
m0004	m0405	48.7	2.04e-63	233
m0004	m0114	46.2	2.04e-63	233
m0004	m0406	47.1	2.66e-63	233
m0004	m0274	45.0	3.48e-63	233
m0004	m0024	46.5	4.54e-63	232
m0004	m0181	46.7	7.74e-63	231
m0004	m0327	47.7	1.01e-62	231
m0004	m0197	44.7	1.73e-62	230
m0004	m0042	49.8	1.73e-62	230
m0004	m0385	46.9	1.73e-62	230
m0004	m0082	43.9	1.73e-62	230
m0004	m0337	46.9	5.02e-62	229
m0004	m0284	48.5	6.56e-62	228
m0004	m0246	46.0	1.12e-61	228
m0004	m0080	44.2	1.12e-61	228
m0004	m0370	46.7	2.49e-61	226
m0004	m0162	46.9	9.47e-61	225
m0004	m0229	50.2	1.24e-60	224
m0004	m0026	43.7	1.61e-60	224
m0004	m0408	45.3	1.61e-60	224
m0004	m0219	50.2	2.75e-60	223
m0004	m0043	48.1	2.75e-60	223
m0004	m0107	46.9	3.6e-60	223
m0004	m0165	46.1	6.14e-60	222
m0004	m0074	45.1	1.05e-59	221
m0004	m0239	46.4	1.37e-59	221
m0004	m0317	45.5	8.86e-59	218
m0004	m0387	46.1	1.16e-58	218
m0004	m0245	44.1	1.16e-58	218
m0004	m0175	44.1	3.37e-58	216
m0004	m0105	44.5	5.74e-58	215
m0004	m0054	45.1	2.18e-57	213
m0004	m0207	43.8	1.41e-56	211
m0004	m0029	42.6	3.15e-56	210
m0004	m0212	44.1	9.17e-56	208
m0004	m0173	42.9	2.26e-54	203
m0004	m0286	42.5	1.46e-53	201
m0004	m0130	44.7	4.26e-53	199
m0004	m0168	41.8	3.61e-52	196
m0004	m0007	38.5	1.2e-47	181
m0004	m0371	36.2	5.58e-45	172
m0004	m0289	35.4	2.35e-35	140
m0004	m0275	31.6	2.43e-32	130
m0004	m0163	32.9	2.51e-29	120
m0004	m0369	30.7	1.63e-28	117
m0004	m0140	33.1	6.19e-28	116
m0004	m0293	31.0	3.76e-25	106
m0004	m0035	29.0	2.28e-22	97
m0004	m0359	28.4	4.75e-20	89
m0004	m0276	27.4	7.59e-18	82
m0004	m0188	27.3	1.87e-16	77
m0004	m0231	26.0	2.07e-15	74
m0004	m0044	28.0	2.28e-14	70
m0004	m0268	29.2	2.98e-14	70
m0004	m0279	27.8	1.13e-13	68
m0004	m0396	27.2	2.53e-13	67
m0004	m0067	29.7	1.64e-12	64
m0004	m0267	25.5	2e-10	57
m0004	m0124	22.2	1.69e-09	54
m0004	m0139	27.3	7.12e-08	49
m0004	m0221	28.0	1.59e-07	48
m0004	m0017	25.9	5.1e-06	43
m0004	m0339	29.7	0.000214	37
m0004	m0220	25.7	0.00028	37
m0004	m0340	32.4	0.00028	37
m0004	m0409	26.3	0.000366	37
m0004	m0307	28.6	0.000624	36
m0004	m0063	21.9	0.00237	34
m0004	m0180	26.1	0.0118	32
m0004	m0155	31.2	0.0154	31
m0004	m0017	28.1	0.0154	31
m0004	m0376	25.7	0.0262	30
m0004	m0324	24.4	0.0262	30
m0004	m0008	22.1	0.0342	30
m0004	m0340	23.9	0.0342	30
m0004	m0059	39.6	0.13	28
m0004	m0146	24.0	0.843	25
m0004	m0149	24.4	1.1	25
m0004	m0102	32.6	1.1	25
m0004	m0214	22.9	1.88	24
m0004	m0272	34.4	3.2	23
m0004	m0202	50.0	5.46	23
m0005	m0206	59.9	2.77e-75	273
m0005	m0055	56.1	5.78e-73	265
m0005	m0355	62.7	3.63e-67	246
m0005	m0075	53.8	2.35e-66	243
m0005	m0347	49.2	7.84e-62	228
m0005	m0255	48.7	1.06e-58	218
m0005	m0025	43.7	7.61e-49	185
m0005	m0401	44.3	4.93e-48	182
m0005	m0281	31.3	1.77e-21	94
m0005	m0260	27.8	2.39e-10	57
m0005	m0058	26.0	6.96e-10	55
m0005	m0326	26.9	2.64e-09	54
m0005	m0083	29.7	4.67e-06	43
m0005	m0374	25.8	4.67e-06	43
m0005	m0205	27.7	0.00127	35
m0005	m0113	25.9	0.00483	33
m0005	m0177	34.3	1.32	25
m0005	m0135	42.3	2.24	24
m0006	m0159	68.6	4.19e-172	595
m0006	m0036	59.1	3.02e-146	509
m0006	m0129	57.8	2.56e-145	506
m0006	m0304	58.7	8.24e-144	501
m0006	m0373	56.7	6.75e-138	481
m0006	m0045	51.8	2.33e-122	430
m0006	m0094	50.1	2.26e-109	387
m0006	m0238	46.3	1.12e-108	384
m0006	m0078	48.0	1.62e-107	381
m0006	m0040	32.8	0.0538	30
m0006	m0099	31.3	0.0538	30
m0006	m0321	35.8	0.0538	30
m0006	m0015	34.3	0.0917	29
m0006	m0053	31.3	0.0917	29
m0006	m0164	31.3	0.12	29
m0006	m0342	29.9	0.12	29
m0006	m0345	30.0	0.156	28
m0006	m0208	29.9	0.156	28
m0006	m0230	29.9	0.204	28
m0006	m0160	26.2	0.204	28
m0006	m0348	31.3	0.204	28
m0006	m0218	28.4	0.204	28
m0006	m0256	30.0	0.267	28
m0006	m0393	29.9	0.267	28
m0006	m0363	29.9	0.349	27
m0006	m0096	31.3	0.349	27
m0006	m0050	28.4	0.455	27
m0006	m0161	26.1	0.595	27
m0006	m0405	29.9	0.777	26
m0006	m0024	28.7	1.01	26
m0006	m0219	29.3	1.01	26
m0006	m0122	30.5	1.01	26
m0006	m0229	26.1	1.73	25
m0006	m0400	30.6	2.26	25
m0007	m0371	75.9	4.78e-154	535
m0007	m0247	43.4	2.13e-61	227
m0007	m0147	43.3	3.08e-60	223
m0007	m0194	43.9	8.38e-58	215
m0007	m0104	39.9	7.1e-57	212
m0007	m0112	41.8	1.58e-56	211
m0007	m0354	43.5	3.52e-56	210
m0007	m0123	42.6	4.31e-54	203
m0007	m0077	42.4	3.64e-53	200
m0007	m0266	40.7	6.22e-53	199
m0007	m0032	40.2	9.93e-51	192
m0007	m0034	43.2	6.43e-50	189
m0007	m0385	38.9	1.1e-49	188
m0007	m0245	39.4	1.43e-49	188
m0007	m0098	38.8	2.44e-49	187
m0007	m0105	39.0	4.17e-49	186
m0007	m0251	37.9	4.17e-49	186
m0007	m0171	40.7	4.17e-49	186
m0007	m0309	41.0	7.11e-49	186
m0007	m0038	37.5	9.29e-49	185
m0007	m0351	37.7	9.29e-49	185
m0007	m0080	41.4	9.29e-49	185
m0007	m0316	40.4	1.58e-48	184
m0007	m0070	37.8	2.7e-48	184
m0007	m0125	41.5	7.86e-48	182
m0007	m0382	37.8	7.86e-48	182
m0007	m0311	39.2	7.86e-48	182
m0007	m0068	39.0	2.29e-47	181
m0007	m0158	40.8	2.99e-47	180
m0007	m0126	38.9	2.99e-47	180
m0007	m0106	39.3	2.99e-47	180
m0007	m0043	38.6	2.99e-47	180
m0007	m0212	38.7	5.1e-47	179
m0007	m0273	39.4	5.1e-47	179
m0007	m0169	39.6	5.1e-47	179
m0007	m0082	34.9	6.66e-47	179
m0007	m0107	38.5	8.69e-47	179
m0007	m0387	41.4	1.14e-46	178
m0007	m0336	40.0	1.48e-46	178
m0007	m0383	37.2	1.94e-46	178
m0007	m0130	42.8	2.53e-46	177
m0007	m0236	38.4	4.32e-46	176
m0007	m0249	36.2	4.32e-46	176
m0007	m0312	36.0	5.64e-46	176
m0007	m0134	38.6	5.64e-46	176
m0007	m0013	38.9	7.36e-46	176
m0007	m0390	37.3	9.61e-46	175
m0007	m0331	38.4	9.61e-46	175
m0007	m0402	38.7	9.61e-46	175
m0007	m0328	38.0	1.64e-45	174
m0007	m0152	38.7	2.14e-45	174
m0007	m0187	33.8	2.14e-45	174
m0007	m0101	40.5	2.14e-45	174
m0007	m0165	37.8	2.8e-45	174
m0007	m0195	39.8	2.8e-45	174
m0007	m0054	36.0	3.65e-45	173
m0007	m0178	35.2	6.23e-45	173
m0007	m0173	36.1	6.23e-45	173
m0007	m0048	39.0	6.23e-45	173
m0007	m0299	37.5	8.14e-45	172
m0007	m0144	37.4	8.14e-45	172
m0007	m0197	34.1	1.39e-44	171
m0007	m0074	36.1	1.81e-44	171
m0007	m0234	36.8	1.81e-44	171
m0007	m0235	37.7	2.37e-44	171
m0007	m0292	35.9	2.37e-44	171
m0007	m0286	39.3	2.37e-44	171
m0007	m0394	36.2	5.27e-44	169
m0007	m0039	34.8	6.89e-44	169
m0007	m0170	33.1	9e-44	169
m0007	m0093	39.0	1.18e-43	168
m0007	m0356	35.6	1.53e-43	168
m0007	m0232	36.4	1.53e-43	168
m0007	m0341	36.0	2.62e-43	167
m0007	m0306	35.5	4.47e-43	166
m0007	m0029	35.1	9.95e-43	165
m0007	m0377	38.7	9.95e-43	165
m0007	m0196	38.5	9.95e-43	165
m0007	m0233	35.7	1.7e-42	164
m0007	m0057	39.4	1.7e-42	164
m0007	m0086	36.5	1.7e-42	164
m0007	m0343	37.8	2.22e-42	164
m0007	m0314	34.8	2.22e-42	164
m0007	m0380	36.4	2.22e-42	164
m0007	m0388	35.7	4.94e-42	163
m0007	m0073	37.8	4.94e-42	163
m0007	m0237	35.8	4.94e-42	163
m0007	m0065	37.5	6.45e-42	163
m0007	m0087	36.5	8.42e-42	162
m0007	m0179	35.6	1.1e-41	162
m0007	m0398	36.6	1.1e-41	162
m0007	m0137	35.7	1.1e-41	162
m0007	m0066	37.5	1.88e-41	161
m0007	m0190	35.4	1.88e-41	161
m0007	m0046	36.5	2.45e-41	161
m0007	m0100	37.7	3.2e-41	160
m0007	m0089	35.5	3.2e-41	160
m0007	m0012	36.4	4.18e-41	160
m0007	m0296	39.6	9.31e-41	159
m0007	m0410	31.7	1.22e-40	158
m0007	m0294	36.3	1.59e-40	158
m0007	m0114	39.1	4.62e-40	156
m0007	m0400	39.8	4.62e-40	156
m0007	m0372	37.2	7.88e-40	156
m0007	m0200	36.6	1.03e-39	155
m0007	m0127	36.7	2.29e-39	154
m0007	m0136	35.7	2.29e-39	154
m0007	m0323	37.3	3e-39	154
m0007	m0254	38.0	3e-39	154
m0007	m0365	35.2	3.91e-39	153
m0007	m0069	38.0	5.11e-39	153
m0007	m0264	34.1	6.67e-39	153
m0007	m0201	33.4	8.72e-39	152
m0007	m0230	37.5	1.94e-38	151
m0007	m0076	36.9	1.94e-38	151
m0007	m0378	37.4	4.33e-38	150
m0007	m0342	37.8	4.33e-38	150
m0007	m0024	38.7	5.65e-38	149
m0007	m0405	33.5	7.38e-38	149
m0007	m0168	35.7	7.38e-38	149
m0007	m0274	34.3	7.38e-38	149
m0007	m0208	36.7	7.38e-38	149
m0007	m0050	36.1	9.64e-38	149
m0007	m0368	33.5	9.64e-38	149
m0007	m0363	36.7	1.26e-37	148
m0007	m0332	37.1	1.64e-37	148
m0007	m0348	37.4	1.64e-37	148
m0007	m0040	37.1	2.15e-37	148
m0007	m0099	37.1	2.15e-37	148
m0007	m0096	36.4	2.8e-37	147
m0007	m0297	37.9	2.8e-37	147
m0007	m0321	36.1	2.8e-37	147
m0007	m0345	37.6	4.78e-37	146
m0007	m0408	33.7	4.78e-37	146
m0007	m0053	35.8	8.16e-37	146
m0007	m0217	36.2	1.07e-36	145
m0007	m0216	38.5	1.07e-36	145
m0007	m0072	30.5	1.39e-36	145
m0007	m0051	36.0	1.39e-36	145
m0007	m0164	37.4	1.82e-36	144
m0007	m0160	36.0	2.37e-36	144
m0007	m0305	34.6	2.37e-36	144
m0007	m0256	36.3	4.05e-36	143
m0007	m0229	36.5	5.29e-36	143
m0007	m0015	37.4	5.29e-36	143
m0007	m0393	37.1	5.29e-36	143
m0007	m0283	35.0	9.02e-36	142
m0007	m0218	36.0	9.02e-36	142
m0007	m0282	34.8	2.01e-35	141
m0007	m0091	38.0	2.01e-35	141
m0007	m0338	34.0	2.62e-35	141
m0007	m0364	32.4	3.43e-35	140
m0007	m0349	35.5	4.48e-35	140
m0007	m0116	34.3	7.63e-35	139
m0007	m0161	31.5	7.63e-35	139
m0007	m0176	36.1	1.3e-34	138
m0007	m0219	35.1	1.7e-34	138
m0007	m0239	32.7	2.9e-34	137
m0007	m0370	35.8	2.9e-34	137
m0007	m0097	35.8	4.95e-34	136
m0007	m0133	34.8	4.95e-34	136
m0007	m0250	35.1	4.95e-34	136
m0007	m0278	36.9	6.46e-34	136
m0007	m0185	35.6	8.44e-34	136
m0007	m0330	34.1	8.44e-34	136
m0007	m0334	38.6	1.1e-33	135
m0007	m0261	36.0	1.1e-33	135
m0007	m0166	35.0	1.44e-33	135
m0007	m0177	35.5	1.44e-33	135
m0007	m0186	36.3	1.44e-33	135
m0007	m0181	34.6	1.88e-33	134
m0007	m0071	33.7	1.88e-33	134
m0007	m0319	34.2	2.46e-33	134
m0007	m0337	36.5	2.46e-33	134
m0007	m0191	34.3	3.21e-33	134
m0007	m0042	36.5	3.21e-33	134
m0007	m0397	31.4	4.19e-33	133
m0007	m0079	35.5	4.19e-33	133
m0007	m0327	34.5	4.19e-33	133
m0007	m0240	34.8	9.33e-33	132
m0007	m0018	33.6	1.22e-32	132
m0007	m0269	32.0	1.59e-32	131
m0007	m0317	30.2	1.59e-32	131
m0007	m0141	33.7	3.55e-32	130
m0007	m0172	33.2	3.55e-32	130
m0007	m0335	33.6	3.55e-32	130
m0007	m0280	31.0	6.05e-32	129
m0007	m0157	35.3	1.76e-31	128
m0007	m0121	32.2	8.74e-31	126
m0007	m0162	31.9	8.74e-31	126
m0007	m0246	32.5	1.26e-29	122
m0007	m0175	32.8	4.79e-29	120
m0007	m0295	31.4	6.26e-29	119
m0007	m0026	30.6	1.39e-28	118
m0007	m0284	32.9	2.38e-28	117
m0007	m0207	33.2	3.11e-28	117
m0007	m0406	31.3	9.04e-28	116
m0007	m0369	31.0	6.48e-26	109
m0007	m0289	29.9	1.49e-22	98
m0007	m0275	28.7	3.44e-19	87
m0007	m0035	27.4	1.11e-17	82
m0007	m0293	28.4	9.38e-17	79
m0007	m0188	28.7	1.6e-16	78
m0007	m0163	27.5	3.56e-16	77
m0007	m0140	26.2	6.72e-15	73
m0007	m0359	28.0	8.78e-15	72
m0007	m0231	28.1	2.55e-14	71
m0007	m0044	27.9	4.82e-13	67
m0007	m0371	31.1	1.07e-12	65
m0007	m0279	29.0	9.08e-12	62
m0007	m0276	24.9	2.24e-10	58
m0007	m0124	27.3	1.89e-09	55
m0007	m0307	24.5	6.09e-08	50
m0007	m0221	31.7	2.31e-07	48
m0007	m0268	21.9	1.15e-06	45
m0007	m0267	27.9	1.27e-05	42
m0007	m0396	27.2	2.83e-05	41
m0007	m0067	25.4	4.83e-05	40
m0007	m0139	27.1	0.00024	38
m0007	m0017	22.9	0.00155	35
m0007	m0220	25.3	0.00452	33
m0007	m0232	30.6	0.00771	33
m0007	m0136	28.6	0.0101	32
m0007	m0207	30.8	0.0101	32
m0007	m0260	31.2	0.0652	30
m0007	m0027	26.8	0.19	28
m0007	m0115	25.9	0.248	28
m0007	m0146	27.8	0.324	27
m0007	m0249	25.3	0.324	27
m0007	m0244	31.8	0.324	27
m0007	m0186	27.0	0.552	27
m0007	m0288	31.4	0.552	27
m0007	m0286	29.2	0.552	27
m0007	m0274	28.2	1.23	25
m0007	m0258	35.6	1.23	25
m0007	m0377	27.2	1.23	25
m0007	m0404	41.7	1.61	25
m0007	m0040	39.5	2.1	25
m0007	m0130	29.0	2.74	24
m0007	m0280	27.3	6.11	23
m0007	m0264	28.6	7.97	23
m0008	m0063	62.4	3.89e-68	249
m0008	m0324	46.9	1.49e-43	167
m0008	m0014	27.2	3.83e-07	46
m0008	m0202	25.1	4.68e-05	39
m0008	m0017	28.6	6.12e-05	39
m0008	m0012	22.2	0.00257	33
m0008	m0263	23.3	0.00336	33
m0008	m0388	21.1	0.00572	32
m0008	m0392	21.6	0.00748	32
m0008	m0262	24.2	0.00976	32
m0008	m0152	22.5	0.0128	31
m0008	m0254	22.7	0.0218	30
m0008	m0241	30.5	0.0284	30
m0008	m0064	18.0	0.0485	29
m0008	m0196	20.2	0.0633	29
m0008	m0087	27.5	0.0827	28
m0008	m0073	30.0	0.108	28
m0008	m0250	27.5	0.141	28
m0008	m0216	25.0	0.141	28
m0008	m0094	26.0	0.241	27
m0008	m0232	21.2	0.241	27
m0008	m0229	37.5	0.241	27
m0008	m0134	22.7	0.241	27
m0008	m0126	27.9	0.314	27
m0008	m0280	25.3	0.314	27
m0008	m0235	20.2	0.314	27
m0008	m0372	26.0	0.314	27
m0008	m0402	21.8	0.314	27
m0008	m0133	26.3	0.314	27
m0008	m0101	24.2	0.41	26
m0008	m0177	37.5	0.41	26
m0008	m0236	36.7	0.41	26
m0008	m0026	27.3	0.41	26
m0008	m0349	26.3	0.41	26
m0008	m0071	33.3	0.536	26
m0008	m0021	41.9	0.536	26
m0008	m0299	26.3	0.536	26
m0008	m0253	40.0	0.536	26
m0008	m0219	37.5	0.536	26
m0008	m0191	34.6	0.536	26
m0008	m0079	22.3	0.536	26
m0008	m0072	32.7	0.7	25
m0008	m0172	20.7	0.7	25
m0008	m0057	27.1	0.7	25
m0008	m0176	33.3	0.7	25
m0008	m0069	28.2	0.7	25
m0008	m0137	41.9	0.7	25
m0008	m0306	23.3	0.7	25
m0008	m0195	28.3	0.914	25
m0008	m0241	30.4	0.914	25
m0008	m0077	26.7	0.914	25
m0008	m0382	22.2	0.914	25
m0008	m0200	27.7	0.914	25
m0008	m0365	41.9	0.914	25
m0008	m0330	27.2	0.914	25
m0008	m0091	30.8	0.914	25
m0008	m0305	21.7	0.914	25
m0008	m0013	19.2	0.914	25
m0008	m0089	25.5	0.914	25
m0008	m0246	24.0	1.19	25
m0008	m0036	31.6	1.19	25
m0008	m0237	37.0	1.56	24
m0008	m0240	22.4	1.56	24
m0008	m0018	20.1	1.56	24
m0008	m0377	20.9	1.56	24
m0008	m0171	24.1	1.56	24
m0008	m0343	37.5	2.04	24
m0008	m0175	32.0	2.04	24
m0008	m0408	43.5	2.04	24
m0008	m0273	24.6	2.04	24
m0008	m0282	33.3	2.04	24
m0008	m0314	39.1	2.04	24
m0008	m0348	39.1	2.04	24
m0008	m0239	39.1	2.04	24
m0008	m0321	39.1	2.04	24
m0008	m0336	20.9	2.66	23
m0008	m0323	19.4	2.66	23
m0008	m0076	32.7	2.66	23
m0008	m0125	22.2	2.66	23
m0008	m0316	25.0	2.66	23
m0008	m0284	37.0	2.66	23
m0008	m0396	29.4	2.66	23
m0008	m0390	33.3	2.66	23
m0008	m0338	21.0	2.66	23
m0008	m0173	24.0	2.66	23
m0008	m0269	21.4	2.66	23
m0008	m0054	36.0	3.47	23
m0008	m0112	34.8	3.47	23
m0008	m0042	34.8	3.47	23
m0008	m0264	31.2	3.47	23
m0008	m0264	18.9	3.47	23
m0008	m0294	26.3	3.47	23
m0008	m0141	33.3	3.47	23
m0008	m0093	37.0	3.47	23
m0008	m0368	29.0	4.54	23
m0008	m0337	30.4	4.54	23
m0008	m0158	25.2	4.54	23
m0008	m0278	30.4	4.54	23
m0008	m0132	33.3	4.54	23
m0008	m0046	39.1	5.92	22
m0008	m0394	35.5	5.92	22
m0008	m0044	33.3	5.92	22
m0008	m0256	21.2	5.92	22
m0008	m0406	24.2	5.92	22
m0008	m0283	30.4	5.92	22
m0008	m0327	34.8	5.92	22
m0008	m0100	30.8	7.74	22
m0008	m0378	23.3	7.74	22
m0008	m0053	34.8	7.74	22
m0008	m0166	22.7	7.74	22
m0008	m0123	25.8	7.74	22
m0008	m0185	21.9	7.74	22
m0008	m0048	34.5	7.74	22
m0008	m0342	34.8	7.74	22
m0008	m0040	28.7	7.74	22
m0008	m0332	28.7	7.74	22
m0008	m0328	26.7	7.74	22
m0008	m0309	19.3	7.74	22
m0008	m0099	34.8	7.74	22
m0008	m0370	22.7	7.74	22
m0008	m0097	30.4	7.74	22
m0008	m0345	34.8	7.74	22
m0008	m0086	34.5	7.74	22
m0009	m0362	83.1	5.28e-213	731
m0009	m0118	52.4	5.8e-119	419
m0009	m0242	34.9	2.23e-70	257
m0009	m0153	30.7	2.84e-49	187
m0009	m0153	36.9	8.85e-43	166
m0009	m0192	28.0	1.08e-40	159
m0009	m0062	31.2	1.32e-38	152
m0009	m0142	28.2	1.79e-35	141
m0009	m0265	27.4	4.87e-33	133
m0009	m0302	34.2	1.01e-30	126
m0009	m0325	28.5	1.32e-30	125
m0009	m0272	31.2	9.5e-29	119
m0009	m0028	33.5	1.79e-27	115
m0009	m0148	32.9	2.59e-26	111
m0009	m0203	29.4	4.41e-26	110
m0009	m0226	37.7	2.19e-25	108
m0009	m0019	31.7	1.57e-23	102
m0009	m0346	25.9	2.68e-23	101
m0009	m0358	26.7	2.68e-23	101
m0009	m0148	23.9	2.69e-07	48
m0009	m0028	23.8	2.52e-05	41
m0009	m0272	23.4	0.000125	39
m0009	m0226	22.4	0.000213	38
m0009	m0408	22.2	0.0444	30
m0009	m0249	31.1	0.22	28
m0009	m0108	27.9	0.491	27
m0009	m0236	22.0	0.491	27
m0009	m0389	31.2	1.43	25
m0009	m0375	39.6	3.18	24
m0009	m0025	29.4	5.43	23
m0009	m0248	30.8	9.26	23
m0009	m0140	38.1	9.26	23
m0009	m0189	38.5	9.26	23
m0009	m0303	52.9	9.26	23
m0010	m0277	42.1	8.99e-66	242
m0010	m0320	40.5	2.89e-64	236
m0010	m0253	41.0	8.41e-64	235
m0010	m0386	40.9	6.03e-62	229
m0010	m0288	40.3	5.1e-61	226
m0010	m0088	41.1	4.32e-60	223
m0010	m0248	40.8	3.66e-59	220
m0010	m0113	41.4	4.78e-59	219
m0010	m0020	40.1	1.54e-57	214
m0010	m0049	39.0	9.96e-57	211
m0010	m0154	40.6	4.94e-56	209
m0010	m0404	39.5	6.46e-56	209
m0010	m0389	38.4	8.43e-56	208
m0010	m0412	38.5	1.1e-55	208
m0010	m0090	37.2	3.2e-55	206
m0010	m0193	38.8	1.22e-54	205
m0010	m0211	38.9	1.59e-54	204
m0010	m0061	38.3	2.08e-54	204
m0010	m0189	36.9	7.39e-52	195
m0010	m0357	35.9	6.25e-51	192
m0010	m0115	34.7	5.29e-50	189
m0010	m0182	35.9	2.01e-49	187
m0010	m0109	37.1	2.46e-47	180
m0010	m0030	36.4	9.34e-47	178
m0010	m0224	37.2	1.35e-45	174
m0010	m0228	36.3	2.3e-45	174
m0010	m0353	36.8	3.93e-45	173
m0010	m0167	35.2	6.7e-45	172
m0010	m0361	36.4	3.32e-44	170
m0010	m0085	33.3	5.67e-44	169
m0010	m0285	34.3	4.06e-42	163
m0010	m0384	33.9	5.31e-42	163
m0010	m0108	35.2	7.17e-39	152
m0010	m0315	43.5	1.04e-37	148
m0010	m0052	33.7	3.33e-36	143
m0010	m0223	31.7	4.35e-36	143
m0010	m0379	33.0	1.65e-35	141
m0010	m0174	33.1	4.07e-34	136
m0010	m0222	35.3	1.71e-32	131
m0010	m0258	31.7	4.21e-31	126
m0010	m0209	32.4	3.57e-30	123
m0010	m0270	31.1	4.66e-30	123
m0010	m0244	31.9	1.36e-29	121
m0010	m0138	31.1	1.77e-29	121
m0010	m0315	41.4	5.35e-10	56
m0010	m0169	30.0	0.12	28
m0010	m0411	33.3	0.593	26
m0010	m0124	32.3	0.593	26
m0010	m0358	33.3	5.02	23
m0010	m0371	24.4	6.56	23
m0011	m0252	82.6	0	1208
m0011	m0213	36.7	3.9e-114	403
m0011	m0412	33.3	3.77	25
m0011	m0200	41.2	6.43	24
m0011	m0389	36.7	8.4	23
m0012	m0196	67.8	2.44e-110	389
m0012	m0065	70.2	2.79e-106	376
m0012	m0377	64.3	1.81e-105	373
m0012	m0306	67.3	5.26e-105	372
m0012	m0264	62.6	6.87e-105	371
m0012	m0402	63.2	8.97e-105	371
m0012	m0137	65.2	1.53e-104	370
m0012	m0235	65.4	2e-104	370
m0012	m0388	66.1	3.41e-104	369
m0012	m0232	64.4	3.77e-103	366
m0012	m0171	64.6	1.43e-102	364
m0012	m0249	62.5	5.44e-102	362
m0012	m0013	64.5	9.28e-102	361
m0012	m0236	62.6	6.02e-101	358
m0012	m0394	64.1	1.48e-99	354
m0012	m0273	62.5	7.35e-99	351
m0012	m0299	64.4	7.35e-99	351
m0012	m0336	61.6	1.64e-98	350
m0012	m0106	60.0	2.14e-98	350
m0012	m0309	65.9	3.65e-98	349
m0012	m0125	62.0	8.99e-97	344
m0012	m0237	62.2	8.99e-97	344
m0012	m0390	61.8	2.62e-96	343
m0012	m0234	60.4	9.94e-96	341
m0012	m0144	63.8	6.44e-95	338
m0012	m0126	60.3	1.44e-94	337
m0012	m0331	57.8	2.45e-94	336
m0012	m0305	58.2	2.45e-94	336
m0012	m0372	60.5	1.03e-92	331
m0012	m0057	61.1	2.99e-92	329
m0012	m0380	59.0	8.71e-92	328
m0012	m0316	58.3	8.71e-92	328
m0012	m0314	57.9	3.31e-91	326
m0012	m0190	63.3	5.64e-91	325
m0012	m0134	56.1	7.37e-91	325
m0012	m0048	58.2	9.63e-91	324
m0012	m0086	54.6	5.84e-88	315
m0012	m0328	58.7	6.46e-87	312
m0012	m0121	58.8	1.22e-85	307
m0012	m0398	57.9	6.04e-85	305
m0012	m0169	53.9	2.3e-84	303
m0012	m0100	54.0	4.33e-83	299
m0012	m0382	53.1	9.65e-83	298
m0012	m0343	54.6	2.81e-82	296
m0012	m0233	53.6	1.07e-81	294
m0012	m0089	53.2	1.82e-81	294
m0012	m0158	52.0	1.54e-80	290
m0012	m0152	52.3	5.85e-80	289
m0012	m0364	54.9	7.65e-80	288
m0012	m0034	53.2	2.91e-79	286
m0012	m0254	52.0	3.79e-79	286
m0012	m0072	51.6	1.1e-78	284
m0012	m0066	55.4	9.35e-78	281
m0012	m0093	50.5	9.35e-78	281
m0012	m0112	50.7	2.08e-77	280
m0012	m0200	51.4	3.55e-77	279
m0012	m0046	54.9	1.03e-76	278
m0012	m0051	51.4	1.35e-76	277
m0012	m0087	50.4	8.75e-76	275
m0012	m0294	51.4	5.67e-75	272
m0012	m0195	48.8	7.41e-75	272
m0012	m0076	51.9	2.15e-74	270
m0012	m0123	51.0	2.81e-74	270
m0012	m0274	49.0	6.27e-74	268
m0012	m0185	51.1	6.27e-74	268
m0012	m0127	53.0	3.11e-73	266
m0012	m0365	47.5	6.93e-73	265
m0012	m0073	49.6	6.93e-73	265
m0012	m0368	48.4	6.93e-73	265
m0012	m0136	51.4	2.02e-72	263
m0012	m0370	49.8	3.44e-72	263
m0012	m0101	50.8	1e-71	261
m0012	m0177	49.5	1.31e-71	261
m0012	m0338	52.1	1.31e-71	261
m0012	m0335	50.7	1.71e-71	260
m0012	m0341	47.7	4.97e-71	259
m0012	m0323	49.8	6.49e-71	258
m0012	m0406	50.2	6.49e-71	258
m0012	m0295	50.9	1.11e-70	258
m0012	m0240	52.0	1.11e-70	258
m0012	m0349	49.8	1.45e-70	257
m0012	m0018	49.8	1.45e-70	257
m0012	m0250	50.5	2.47e-70	257
m0012	m0311	46.2	4.2e-70	256
m0012	m0191	49.1	5.49e-70	255
m0012	m0116	50.5	7.17e-70	255
m0012	m0256	51.1	9.37e-70	255
m0012	m0393	50.0	9.37e-70	255
m0012	m0330	49.3	9.37e-70	255
m0012	m0383	46.1	9.37e-70	255
m0012	m0247	47.3	1.22e-69	254
m0012	m0345	50.7	1.6e-69	254
m0012	m0297	52.5	2.09e-69	253
m0012	m0217	50.5	2.73e-69	253
m0012	m0327	48.8	2.73e-69	253
m0012	m0278	47.5	3.56e-69	253
m0012	m0342	49.8	4.65e-69	252
m0012	m0015	49.3	6.07e-69	252
m0012	m0400	48.8	6.07e-69	252
m0012	m0091	48.8	7.93e-69	252
m0012	m0147	48.7	7.93e-69	252
m0012	m0292	46.5	1.04e-68	251
m0012	m0216	51.8	1.35e-68	251
m0012	m0218	50.0	1.77e-68	250
m0012	m0351	45.2	1.77e-68	250
m0012	m0099	50.2	2.31e-68	250
m0012	m0157	48.8	3.01e-68	250
m0012	m0332	49.1	3.01e-68	250
m0012	m0097	48.3	3.01e-68	250
m0012	m0230	48.6	3.01e-68	250
m0012	m0166	48.5	3.94e-68	249
m0012	m0176	48.6	3.94e-68	249
m0012	m0040	49.1	3.94e-68	249
m0012	m0269	52.3	5.14e-68	249
m0012	m0026	47.7	8.77e-68	248
m0012	m0194	48.6	8.77e-68	248
m0012	m0172	50.9	8.77e-68	248
m0012	m0378	49.1	1.15e-67	248
m0012	m0160	49.1	1.5e-67	247
m0012	m0038	49.3	1.95e-67	247
m0012	m0070	44.4	1.95e-67	247
m0012	m0024	49.3	2.55e-67	247
m0012	m0283	46.5	3.33e-67	246
m0012	m0164	47.9	3.33e-67	246
m0012	m0239	47.6	5.68e-67	245
m0012	m0251	48.9	5.68e-67	245
m0012	m0032	45.9	7.42e-67	245
m0012	m0363	47.8	9.69e-67	245
m0012	m0133	48.0	9.69e-67	245
m0012	m0208	47.9	9.69e-67	245
m0012	m0050	48.7	9.69e-67	245
m0012	m0107	49.8	1.27e-66	244
m0012	m0246	46.0	1.65e-66	244
m0012	m0334	52.4	2.16e-66	243
m0012	m0261	48.1	2.82e-66	243
m0012	m0098	47.8	2.82e-66	243
m0012	m0321	46.4	2.82e-66	243
m0012	m0348	49.5	3.68e-66	243
m0012	m0068	42.9	3.68e-66	243
m0012	m0282	48.9	4.81e-66	242
m0012	m0186	50.0	6.28e-66	242
m0012	m0179	43.9	6.28e-66	242
m0012	m0096	47.5	6.28e-66	242
m0012	m0071	46.8	6.28e-66	242
m0012	m0080	47.4	8.21e-66	242
m0012	m0043	47.2	8.21e-66	242
m0012	m0165	46.6	8.21e-66	242
m0012	m0296	48.0	8.21e-66	242
m0012	m0053	46.4	1.07e-65	241
m0012	m0114	48.4	1.4e-65	241
m0012	m0175	47.8	2.39e-65	240
m0012	m0039	46.0	2.39e-65	240
m0012	m0337	46.8	2.39e-65	240
m0012	m0104	45.7	3.12e-65	240
m0012	m0319	49.6	3.12e-65	240
m0012	m0187	44.1	3.12e-65	240
m0012	m0170	43.4	5.32e-65	239
m0012	m0141	47.9	9.07e-65	238
m0012	m0178	44.4	9.07e-65	238
m0012	m0069	44.7	1.19e-64	238
m0012	m0054	46.0	1.55e-64	237
m0012	m0181	48.4	1.55e-64	237
m0012	m0173	45.8	2.64e-64	236
m0012	m0197	44.4	3.45e-64	236
m0012	m0410	45.5	1e-63	235
m0012	m0354	44.6	1.71e-63	234
m0012	m0077	45.3	2.23e-63	233
m0012	m0079	49.4	2.92e-63	233
m0012	m0266	42.8	8.49e-63	231
m0012	m0082	43.2	1.11e-62	231
m0012	m0385	46.9	1.45e-62	231
m0012	m0280	48.5	1.45e-62	231
m0012	m0356	45.6	3.23e-62	230
m0012	m0029	43.9	3.23e-62	230
m0012	m0405	46.8	4.21e-62	229
m0012	m0245	43.3	9.39e-62	228
m0012	m0408	44.3	9.39e-62	228
m0012	m0312	45.2	1.23e-61	228
m0012	m0042	48.2	1.23e-61	228
m0012	m0207	43.6	6.09e-61	225
m0012	m0229	48.6	7.95e-61	225
m0012	m0317	44.3	1.04e-60	225
m0012	m0397	45.7	1.04e-60	225
m0012	m0219	50.8	3.02e-60	223
m0012	m0286	46.5	3.02e-60	223
m0012	m0161	45.6	1.5e-59	221
m0012	m0201	44.3	1.66e-58	217
m0012	m0284	43.6	3.69e-58	216
m0012	m0105	43.5	6.3e-58	215
m0012	m0074	43.9	1.4e-57	214
m0012	m0387	44.3	6.96e-57	212
m0012	m0162	41.8	6.96e-57	212
m0012	m0130	46.4	4.51e-56	209
m0012	m0212	40.7	1.5e-51	194
m0012	m0168	41.0	3.7e-50	190
m0012	m0371	34.5	4.53e-40	156
m0012	m0369	31.9	7.75e-32	129
m0012	m0289	33.8	1.01e-31	128
m0012	m0275	32.4	1.91e-30	124
m0012	m0163	31.2	8.02e-29	119
m0012	m0140	30.3	3.73e-26	110
m0012	m0035	29.0	3.61e-21	93
m0012	m0188	29.2	1.52e-19	88
m0012	m0293	30.3	5.76e-19	86
m0012	m0044	29.2	4.13e-17	80
m0012	m0396	29.2	3.5e-16	77
m0012	m0359	26.5	4.57e-16	76
m0012	m0276	24.3	1.24e-13	68
m0012	m0279	28.1	1.62e-13	68
m0012	m0067	27.0	1.8e-12	64
m0012	m0231	24.2	5.22e-12	63
m0012	m0124	20.1	6.39e-10	56
m0012	m0268	25.6	1.09e-09	55
m0012	m0409	27.7	2.68e-08	50
m0012	m0267	23.5	4.58e-08	50
m0012	m0139	24.2	5.06e-07	46
m0012	m0221	28.1	6.61e-07	46
m0012	m0324	24.8	3.28e-06	44
m0012	m0340	28.1	4.74e-05	40
m0012	m0399	29.9	0.000235	37
m0012	m0017	23.7	0.000401	37
m0012	m0411	31.6	0.00117	35
m0012	m0257	24.6	0.00199	34
m0012	m0339	26.6	0.00199	34
m0012	m0063	21.2	0.00199	34
m0012	m0155	35.7	0.0129	32
m0012	m0017	31.4	0.049	30
m0012	m0307	25.0	0.049	30
m0012	m0199	30.2	0.064	29
m0012	m0199	28.4	0.0836	29
m0012	m0146	24.2	0.0836	29
m0012	m0220	24.8	0.109	28
m0012	m0180	24.8	0.109	28
m0012	m0117	29.2	0.143	28
m0012	m0151	39.2	0.143	28
m0012	m0184	29.3	0.243	27
m0012	m0376	25.2	1.21	25
m0012	m0092	32.4	2.06	24
m0012	m0102	23.0	3.51	23
m0012	m0027	22.4	3.51	23
m0012	m0215	30.3	4.59	23
m0013	m0126	79.2	8.64e-135	471
m0013	m0402	62.4	1.76e-103	367
m0013	m0144	68.2	2.29e-103	366
m0013	m0234	62.2	3e-103	366
m0013	m0388	63.1	5.11e-103	365
m0013	m0249	62.3	5.11e-103	365
m0013	m0196	60.5	2.81e-101	359
m0013	m0306	61.4	4.78e-101	359
m0013	m0171	61.4	4.78e-101	359
m0013	m0273	61.0	4.78e-101	359
m0013	m0235	62.2	3.43e-99	352
m0013	m0380	63.3	4.48e-99	352
m0013	m0377	60.8	4.48e-99	352
m0013	m0232	62.6	7.64e-99	351
m0013	m0336	61.2	2.9e-98	349
m0013	m0264	59.8	2.46e-97	346
m0013	m0394	62.5	9.34e-97	344
m0013	m0125	61.1	7.9e-96	341
m0013	m0236	60.1	3e-95	339
m0013	m0305	60.1	1.95e-94	337
m0013	m0137	57.5	1.65e-93	334
m0013	m0190	62.4	4.8e-93	332
m0013	m0299	58.0	8.18e-93	331
m0013	m0065	59.4	6.93e-92	328
m0013	m0237	59.9	3.44e-91	326
m0013	m0106	56.7	7.66e-91	325
m0013	m0331	55.8	1.31e-90	324
m0013	m0314	55.0	1.31e-90	324
m0013	m0390	59.9	2.91e-90	323
m0013	m0048	58.5	1.11e-89	321
m0013	m0086	55.0	3.22e-89	319
m0013	m0328	58.9	7.17e-89	318
m0013	m0309	55.2	6.07e-88	315
m0013	m0169	55.6	3.93e-87	312
m0013	m0057	55.6	3.93e-87	312
m0013	m0372	55.6	5.14e-87	312
m0013	m0121	54.1	8.76e-87	311
m0013	m0382	57.8	1.49e-86	310
m0013	m0158	55.1	1.95e-86	310
m0013	m0233	53.9	3.33e-86	309
m0013	m0316	54.7	2.82e-85	306
m0013	m0134	51.7	2.92e-82	296
m0013	m0089	51.9	4.97e-82	295
m0013	m0051	54.7	6.5e-82	295
m0013	m0398	56.7	4.21e-81	292
m0013	m0364	52.4	1.6e-80	290
m0013	m0365	49.8	1.6e-80	290
m0013	m0072	49.7	2.09e-80	290
m0013	m0101	49.8	3.94e-79	286
m0013	m0294	51.6	5.15e-79	285
m0013	m0200	49.8	8.78e-79	285
m0013	m0100	49.2	4.36e-78	282
m0013	m0046	53.9	1.66e-77	280
m0013	m0087	49.1	1.66e-77	280
m0013	m0066	52.1	4.82e-77	279
m0013	m0152	49.3	1.83e-76	277
m0013	m0093	50.9	2.39e-76	277
m0013	m0368	47.4	3.12e-76	276
m0013	m0112	49.1	3.45e-75	273
m0013	m0195	48.3	1.71e-74	270
m0013	m0343	50.9	2.24e-74	270
m0013	m0341	50.4	2.92e-74	270
m0013	m0254	50.2	3.82e-74	269
m0013	m0123	50.7	4.99e-74	269
m0013	m0076	46.2	4.99e-74	269
m0013	m0334	49.3	7.2e-73	265
m0013	m0247	46.7	7.2e-73	265
m0013	m0185	50.8	9.4e-73	265
m0013	m0127	50.0	1.04e-71	261
m0013	m0070	45.5	1.36e-71	261
m0013	m0147	49.4	1.15e-70	258
m0013	m0073	47.6	1.96e-70	257
m0013	m0338	49.7	3.34e-70	256
m0013	m0034	48.8	4.37e-70	256
m0013	m0018	48.8	9.73e-70	255
m0013	m0166	47.8	9.73e-70	255
m0013	m0323	47.8	9.73e-70	255
m0013	m0297	51.8	2.83e-69	253
m0013	m0032	45.0	2.83e-69	253
m0013	m0330	49.8	3.7e-69	253
m0013	m0251	45.2	3.7e-69	253
m0013	m0136	48.4	3.7e-69	253
m0013	m0335	49.1	3.7e-69	253
m0013	m0354	47.6	3.7e-69	253
m0013	m0194	50.5	1.08e-68	251
m0013	m0177	49.1	1.84e-68	250
m0013	m0295	47.4	2.4e-68	250
m0013	m0191	49.0	3.13e-68	250
m0013	m0349	48.5	3.13e-68	250
m0013	m0266	46.4	6.97e-68	248
m0013	m0351	44.0	6.97e-68	248
m0013	m0015	46.8	6.97e-68	248
m0013	m0133	50.2	9.11e-68	248
m0013	m0178	45.2	9.11e-68	248
m0013	m0069	44.9	1.19e-67	248
m0013	m0104	47.0	1.19e-67	248
m0013	m0406	47.1	1.55e-67	247
m0013	m0038	45.1	2.65e-67	247
m0013	m0176	47.1	2.65e-67	247
m0013	m0157	48.6	2.65e-67	247
m0013	m0332	46.3	2.65e-67	247
m0013	m0292	43.6	4.52e-67	246
m0013	m0370	48.6	4.52e-67	246
m0013	m0261	49.4	5.9e-67	245
m0013	m0296	46.6	7.71e-67	245
m0013	m0342	47.0	1.01e-66	245
m0013	m0283	48.8	1.72e-66	244
m0013	m0026	45.3	1.72e-66	244
m0013	m0240	50.0	2.24e-66	243
m0013	m0278	47.2	2.93e-66	243
m0013	m0175	47.0	3.83e-66	243
m0013	m0250	49.8	3.83e-66	243
m0013	m0230	47.8	3.83e-66	243
m0013	m0345	46.5	5e-66	242
m0013	m0116	49.1	5e-66	242
m0013	m0269	50.4	6.53e-66	242
m0013	m0097	48.5	6.53e-66	242
m0013	m0400	47.4	6.53e-66	242
m0013	m0393	46.3	8.52e-66	242
m0013	m0378	46.3	1.11e-65	241
m0013	m0164	46.2	1.11e-65	241
m0013	m0311	45.5	1.11e-65	241
m0013	m0179	42.0	1.45e-65	241
m0013	m0274	45.0	1.9e-65	240
m0013	m0187	44.0	1.9e-65	240
m0013	m0327	47.4	1.9e-65	240
m0013	m0284	47.8	2.48e-65	240
m0013	m0096	46.8	2.48e-65	240
m0013	m0172	48.6	2.48e-65	240
m0013	m0186	48.9	3.24e-65	240
m0013	m0091	47.6	4.23e-65	239
m0013	m0282	49.1	4.23e-65	239
m0013	m0363	46.8	4.23e-65	239
m0013	m0218	46.3	5.53e-65	239
m0013	m0321	47.5	5.53e-65	239
m0013	m0080	48.8	5.53e-65	239
m0013	m0141	48.2	5.53e-65	239
m0013	m0040	46.5	7.22e-65	238
m0013	m0217	47.5	7.22e-65	238
m0013	m0050	47.1	9.42e-65	238
m0013	m0312	46.2	1.23e-64	238
m0013	m0039	41.6	1.23e-64	238
m0013	m0071	48.4	1.23e-64	238
m0013	m0099	46.2	2.1e-64	237
m0013	m0410	44.4	2.74e-64	236
m0013	m0161	46.9	2.74e-64	236
m0013	m0208	48.6	2.74e-64	236
m0013	m0337	46.6	3.58e-64	236
m0013	m0068	42.2	3.58e-64	236
m0013	m0246	46.3	3.58e-64	236
m0013	m0170	43.1	6.11e-64	235
m0013	m0319	48.8	6.11e-64	235
m0013	m0239	45.3	1.04e-63	235
m0013	m0256	46.0	1.36e-63	234
m0013	m0181	48.5	1.36e-63	234
m0013	m0408	46.3	1.36e-63	234
m0013	m0160	44.9	2.32e-63	233
m0013	m0114	45.4	2.32e-63	233
m0013	m0162	44.5	3.03e-63	233
m0013	m0216	47.2	3.96e-63	233
m0013	m0043	45.9	5.17e-63	232
m0013	m0348	46.4	6.75e-63	232
m0013	m0024	44.6	6.75e-63	232
m0013	m0053	46.0	8.82e-63	231
m0013	m0385	44.7	8.82e-63	231
m0013	m0383	40.7	1.15e-62	231
m0013	m0197	42.3	1.5e-62	231
m0013	m0201	46.8	3.35e-62	230
m0013	m0079	49.0	3.35e-62	230
m0013	m0317	44.7	5.72e-62	229
m0013	m0082	43.4	5.72e-62	229
m0013	m0054	46.4	5.72e-62	229
m0013	m0356	43.9	1.27e-61	228
m0013	m0077	43.9	1.66e-61	227
m0013	m0280	46.1	2.84e-61	226
m0013	m0107	45.5	2.84e-61	226
m0013	m0165	45.2	3.71e-61	226
m0013	m0397	44.6	3.71e-61	226
m0013	m0098	42.2	6.32e-61	225
m0013	m0405	45.6	1.84e-60	224
m0013	m0173	45.5	4.1e-60	223
m0013	m0074	45.4	9.13e-60	221
m0013	m0105	43.8	1.19e-59	221
m0013	m0245	41.4	1.19e-59	221
m0013	m0029	45.8	1.56e-59	221
m0013	m0042	47.8	1.56e-59	221
m0013	m0387	44.0	1.01e-58	218
m0013	m0229	47.6	8.54e-58	215
m0013	m0212	46.9	1.12e-57	215
m0013	m0207	43.1	1.61e-56	211
m0013	m0219	50.0	2.75e-56	210
m0013	m0286	42.5	1.04e-55	208
m0013	m0168	37.9	3.04e-55	206
m0013	m0130	44.9	1.67e-53	201
m0013	m0371	36.6	2.41e-44	170
m0013	m0289	33.6	9.19e-36	142
m0013	m0275	32.7	8.6e-34	135
m0013	m0369	34.0	9.51e-33	132
m0013	m0163	32.6	4.14e-28	116
m0013	m0140	31.4	5.97e-27	112
m0013	m0293	29.9	1.92e-25	107
m0013	m0035	29.5	7.3e-25	106
m0013	m0359	27.5	3.17e-20	90
m0013	m0276	27.4	8.64e-18	82
m0013	m0231	25.3	4.02e-15	73
m0013	m0188	25.5	6.85e-15	72
m0013	m0067	29.4	1.29e-13	68
m0013	m0396	29.8	1.69e-13	68
m0013	m0044	30.1	2.2e-13	67
m0013	m0267	24.4	2.88e-13	67
m0013	m0268	27.8	4.91e-13	66
m0013	m0279	27.2	4.91e-13	66
m0013	m0124	21.0	1.93e-09	54
m0013	m0340	26.6	1.81e-07	48
m0013	m0221	29.9	2.36e-07	47
m0013	m0139	23.8	4.45e-06	43
m0013	m0220	28.3	0.000319	37
m0013	m0339	28.8	0.000319	37
m0013	m0307	21.9	0.000319	37
m0013	m0017	21.4	0.000928	35
m0013	m0324	25.9	0.00121	35
m0013	m0409	23.2	0.00353	33
m0013	m0155	33.3	0.0046	33
m0013	m0017	24.1	0.0134	32
m0013	m0017	23.7	0.0229	31
m0013	m0102	26.5	0.0298	30
m0013	m0059	39.6	0.0298	30
m0013	m0340	26.6	0.0298	30
m0013	m0257	23.9	0.0509	30
m0013	m0180	27.3	0.0665	29
m0013	m0180	24.8	0.0868	29
m0013	m0021	25.2	0.431	27
m0013	m0146	22.7	0.431	27
m0013	m0376	26.4	0.96	25
m0013	m0027	26.6	1.64	25
m0013	m0214	26.3	2.14	24
m0013	m0102	29.4	8.13	22
m0013	m0030	39.3	8.13	22
m0014	m0324	29.4	2.75e-08	51
m0014	m0063	25.3	1.51e-06	45
m0014	m0184	24.1	0.0294	31
m0014	m0071	25.2	0.146	28
m0014	m0114	29.1	0.555	27
m0014	m0180	40.7	0.725	26
m0014	m0169	25.2	2.11	25
m0014	m0317	26.4	2.76	24
m0014	m0034	33.3	2.76	24
m0014	m0146	31.0	2.76	24
m0014	m0341	23.6	6.14	23
m0014	m0030	33.9	8.02	23
m0015	m0164	88.9	6.02e-255	871
m0015	m0393	88.8	3.9e-254	868
m0015	m0348	85.2	6.05e-239	817
m0015	m0342	83.2	7.39e-237	810
m0015	m0345	83.1	1.07e-235	807
m0015	m0256	82.6	2.38e-235	805
m0015	m0053	82.2	2.01e-234	802
m0015	m0040	82.5	2.23e-233	799
m0015	m0050	82.7	3.8e-233	798
m0015	m0378	82.5	3.8e-233	798
m0015	m0096	82.1	4.96e-233	798
m0015	m0218	82.8	1.44e-232	796
m0015	m0160	81.0	1.76e-230	789
m0015	m0332	80.7	1.07e-227	780
m0015	m0099	81.0	4.06e-227	778
m0015	m0208	78.9	1.15e-221	760
m0015	m0230	82.2	1.65e-220	756
m0015	m0024	78.7	2.82e-220	755
m0015	m0321	81.9	3.68e-220	755
m0015	m0363	81.1	7.68e-218	747
m0015	m0217	80.2	3.03e-206	709
m0015	m0042	65.2	1.8e-166	577
m0015	m0219	61.6	6.63e-153	532
m0015	m0400	66.7	4.75e-151	525
m0015	m0114	65.9	3.76e-148	516
m0015	m0278	55.1	1.3e-140	491
m0015	m0337	55.1	1.3e-140	491
m0015	m0141	54.4	6.43e-140	488
m0015	m0116	57.5	2.99e-137	480
m0015	m0397	52.1	8.14e-135	471
m0015	m0201	53.1	2.37e-134	470
m0015	m0319	56.9	2.37e-134	470
m0015	m0161	52.3	4.04e-134	469
m0015	m0097	54.2	3.78e-132	463
m0015	m0181	54.2	6.67e-129	452
m0015	m0246	52.6	1.14e-128	451
m0015	m0175	52.6	9.64e-128	448
m0015	m0186	56.2	3.1e-126	443
m0015	m0261	61.5	9.97e-125	438
m0015	m0026	50.5	4.19e-123	433
m0015	m0157	50.7	3.32e-120	423
m0015	m0250	56.4	1.07e-118	418
m0015	m0166	54.6	5.3e-118	416
m0015	m0240	51.0	9.35e-115	405
m0015	m0191	52.9	5.13e-113	399
m0015	m0283	50.9	6.7e-113	399
m0015	m0330	54.2	1.07e-110	391
m0015	m0177	62.0	1.4e-110	391
m0015	m0176	51.6	1.83e-110	391
m0015	m0296	65.9	1.18e-109	388
m0015	m0295	47.5	2.64e-109	387
m0015	m0282	53.9	2.64e-109	387
m0015	m0280	50.4	2.23e-108	384
m0015	m0127	51.5	2.91e-108	383
m0015	m0349	49.9	4.97e-108	382
m0015	m0335	64.1	2.47e-107	380
m0015	m0327	61.2	2.47e-107	380
m0015	m0133	52.5	3.22e-107	380
m0015	m0172	52.4	2.73e-106	377
m0015	m0071	49.8	2.73e-106	377
m0015	m0216	59.6	4.65e-106	376
m0015	m0157	62.3	7.94e-106	375
m0015	m0091	63.4	1.04e-105	375
m0015	m0136	60.3	1.83e-102	364
m0015	m0079	67.6	1.55e-101	361
m0015	m0406	58.1	4.51e-101	359
m0015	m0239	56.7	5.89e-101	359
m0015	m0185	55.4	7.69e-101	359
m0015	m0269	62.2	4.22e-99	353
m0015	m0338	58.4	6.09e-98	349
m0015	m0323	57.0	2.31e-97	347
m0015	m0317	45.4	3.95e-97	346
m0015	m0229	59.9	1.5e-96	344
m0015	m0370	60.9	7.45e-96	342
m0015	m0018	56.5	7.71e-93	332
m0015	m0297	47.3	4.67e-90	323
m0015	m0405	55.4	1.96e-88	317
m0015	m0207	53.2	9.75e-88	315
m0015	m0402	52.5	1.67e-79	288
m0015	m0125	55.6	6.33e-79	286
m0015	m0331	51.8	1.84e-78	284
m0015	m0299	54.1	9.14e-78	282
m0015	m0106	49.5	5.93e-77	279
m0015	m0316	49.5	2.49e-75	274
m0015	m0134	49.8	2.11e-74	271
m0015	m0158	51.7	2.11e-74	271
m0015	m0390	52.1	2.75e-74	270
m0015	m0249	51.6	3.6e-74	270
m0015	m0273	50.7	4.7e-74	270
m0015	m0235	48.6	1.05e-73	268
m0015	m0236	49.7	3.04e-73	267
m0015	m0196	47.6	3.04e-73	267
m0015	m0089	52.3	3.98e-73	267
m0015	m0100	51.9	8.86e-73	265
m0015	m0234	47.3	3.37e-72	263
m0015	m0306	47.9	7.5e-72	262
m0015	m0237	48.7	7.5e-72	262
m0015	m0144	52.7	2.18e-71	261
m0015	m0137	49.5	4.86e-71	260
m0015	m0232	48.4	6.35e-71	259
m0015	m0264	45.8	1.85e-70	258
m0015	m0343	49.3	1.56e-69	255
m0015	m0380	50.0	2.04e-69	254
m0015	m0388	47.6	4.55e-69	253
m0015	m0394	49.5	5.94e-69	253
m0015	m0233	46.3	1.32e-68	252
m0015	m0034	48.0	1.73e-68	251
m0015	m0169	46.8	6.57e-68	249
m0015	m0051	46.8	1.91e-67	248
m0015	m0076	45.9	1.91e-67	248
m0015	m0065	44.2	3.26e-67	247
m0015	m0072	47.4	5.56e-67	246
m0015	m0336	47.9	2.11e-66	244
m0015	m0195	47.6	2.11e-66	244
m0015	m0200	45.8	3.6e-66	243
m0015	m0073	47.5	3.6e-66	243
m0015	m0309	45.8	1.37e-65	242
m0015	m0101	46.5	3.99e-65	240
m0015	m0398	49.6	5.2e-65	240
m0015	m0087	46.0	5.2e-65	240
m0015	m0368	46.9	8.88e-65	239
m0015	m0048	47.5	1.98e-64	238
m0015	m0086	46.2	4.41e-64	236
m0015	m0190	49.2	7.52e-64	236
m0015	m0377	45.7	1.28e-63	235
m0015	m0305	47.9	1.67e-63	235
m0015	m0171	43.8	1.67e-63	235
m0015	m0294	48.9	1.67e-63	235
m0015	m0372	46.5	2.19e-63	234
m0015	m0126	46.3	2.86e-63	234
m0015	m0314	43.9	6.36e-63	233
m0015	m0057	45.7	1.42e-62	231
m0015	m0365	47.1	1.42e-62	231
m0015	m0046	47.5	2.67e-61	227
m0015	m0274	45.5	3.49e-61	227
m0015	m0382	46.8	1.02e-60	225
m0015	m0247	46.6	6.58e-60	223
m0015	m0112	45.1	3.27e-59	220
m0015	m0328	46.0	9.51e-59	219
m0015	m0254	44.9	2.77e-58	217
m0015	m0152	43.3	3.61e-58	217
m0015	m0147	44.1	1.37e-57	215
m0015	m0066	44.7	1.79e-57	215
m0015	m0069	44.2	1.16e-56	212
m0015	m0408	41.4	2.86e-55	207
m0015	m0121	43.2	2.86e-55	207
m0015	m0032	43.7	8.33e-55	206
m0015	m0093	43.2	3.16e-54	204
m0015	m0123	41.7	7.05e-54	203
m0015	m0229	60.1	3.5e-53	200
m0015	m0354	41.9	1.33e-52	198
m0015	m0364	42.1	2.27e-52	198
m0015	m0077	42.4	6.6e-52	196
m0015	m0351	40.3	1.92e-51	195
m0015	m0311	41.4	3.28e-51	194
m0015	m0292	40.9	1.24e-50	192
m0015	m0104	41.2	8.07e-50	189
m0015	m0334	42.0	1.8e-49	188
m0015	m0070	39.2	3.07e-49	187
m0015	m0266	39.9	3.07e-49	187
m0015	m0385	41.6	4e-49	187
m0015	m0179	39.0	4e-49	187
m0015	m0187	39.8	5.23e-49	186
m0015	m0410	41.9	5.23e-49	186
m0015	m0105	38.2	6.83e-49	186
m0015	m0068	39.5	8.92e-49	186
m0015	m0043	40.2	8.92e-49	186
m0015	m0356	41.1	1.52e-48	185
m0015	m0383	38.3	1.99e-48	184
m0015	m0341	39.4	2.6e-48	184
m0015	m0194	39.3	5.78e-48	183
m0015	m0039	38.9	2.87e-47	181
m0015	m0107	40.8	3.75e-47	180
m0015	m0165	39.0	4.89e-47	180
m0015	m0038	38.9	6.39e-47	179
m0015	m0197	38.8	6.39e-47	179
m0015	m0178	38.0	1.42e-46	178
m0015	m0080	39.6	1.42e-46	178
m0015	m0212	39.9	2.43e-46	178
m0015	m0286	39.9	3.17e-46	177
m0015	m0098	38.5	9.23e-46	176
m0015	m0082	37.1	1.57e-45	175
m0015	m0251	38.1	2.06e-45	174
m0015	m0387	35.8	2.06e-45	174
m0015	m0170	37.2	3.51e-45	174
m0015	m0245	39.2	3.51e-45	174
m0015	m0054	40.0	5.98e-45	173
m0015	m0312	39.0	5.98e-45	173
m0015	m0284	41.8	7.81e-45	173
m0015	m0074	38.1	2.27e-44	171
m0015	m0162	38.8	5.06e-44	170
m0015	m0173	39.3	5.06e-44	170
m0015	m0130	39.9	5.6e-43	166
m0015	m0029	37.5	1.63e-42	165
m0015	m0371	36.0	6e-37	146
m0015	m0168	37.9	6.63e-36	143
m0015	m0369	34.2	2e-32	131
m0015	m0275	34.2	3.41e-32	131
m0015	m0289	29.5	3.65e-26	111
m0015	m0140	29.0	1.81e-25	108
m0015	m0163	29.1	8.98e-25	106
m0015	m0035	28.7	2.45e-22	98
m0015	m0396	29.4	6.23e-18	83
m0015	m0293	27.8	7.62e-16	76
m0015	m0231	31.9	3.78e-15	74
m0015	m0188	28.4	3.78e-15	74
m0015	m0279	31.8	4.94e-15	74
m0015	m0276	26.5	5.46e-14	70
m0015	m0359	26.7	9.32e-14	69
m0015	m0044	26.4	2.71e-13	68
m0015	m0267	25.8	1.35e-12	65
m0015	m0268	28.3	1.64e-10	59
m0015	m0067	30.6	4.78e-10	57
m0015	m0124	24.5	3.43e-08	51
m0015	m0409	25.9	2.22e-07	48
m0015	m0157	29.1	2.9e-07	48
m0015	m0376	32.7	0.000176	39
m0015	m0307	24.2	0.000512	37
m0015	m0221	24.1	0.00114	36
m0015	m0017	25.2	0.00434	34
m0015	m0339	32.3	0.00434	34
m0015	m0280	37.0	0.00566	33
m0015	m0324	25.3	0.00966	33
m0015	m0318	29.1	0.0165	32
m0015	m0405	38.5	0.0165	32
m0015	m0340	29.9	0.0367	31
m0015	m0291	30.8	0.048	30
m0015	m0399	27.0	0.048	30
m0015	m0146	24.1	0.048	30
m0015	m0257	25.2	0.0818	30
m0015	m0149	25.1	0.107	29
m0015	m0027	26.4	0.107	29
m0015	m0102	23.7	0.14	29
m0015	m0119	25.3	0.238	28
m0015	m0132	30.9	0.311	28
m0015	m0411	32.3	0.406	27
m0015	m0219	32.9	0.406	27
m0015	m0092	29.9	0.406	27
m0015	m0322	39.1	0.692	27
m0015	m0059	27.0	0.692	27
m0015	m0199	41.0	0.904	26
m0015	m0241	26.4	0.904	26
m0015	m0224	22.8	0.904	26
m0015	m0367	34.1	1.54	25
m0015	m0023	23.0	3.44	24
m0015	m0064	31.8	4.49	24
m0015	m0135	50.0	5.86	23
m0015	m0301	55.0	7.66	23
m0016	m0310	43.6	2.64e-75	273
m0016	m0131	49.5	2.03e-67	247
m0016	m0092	33.5	1.97e-46	178
m0016	m0110	34.2	3.37e-38	150
m0016	m0027	23.9	4.92e-05	40
m0016	m0026	31.0	0.039	30
m0016	m0246	29.9	0.0509	30
m0016	m0157	28.2	0.0868	29
m0016	m0035	24.2	0.193	28
m0016	m0392	34.3	1.25	25
m0016	m0290	27.3	1.64	25
m0016	m0032	51.9	2.14	25
m0016	m0143	32.8	6.22	23
m0017	m0221	71.7	1.17e-180	624
m0017	m0139	31.4	4.83e-17	80
m0017	m0220	25.7	5.53e-13	67
m0017	m0307	24.2	2.57e-10	58
m0017	m0086	27.5	2.17e-09	55
m0017	m0314	27.5	2.84e-09	54
m0017	m0039	31.4	8.26e-09	53
m0017	m0173	22.3	1.08e-08	52
m0017	m0048	26.6	1.41e-08	52
m0017	m0276	21.4	3.14e-08	51
m0017	m0328	26.6	4.1e-08	50
m0017	m0190	26.4	4.1e-08	50
m0017	m0292	28.5	6.99e-08	50
m0017	m0410	31.4	6.99e-08	50
m0017	m0356	31.5	6.99e-08	50
m0017	m0268	31.0	9.13e-08	49
m0017	m0077	28.2	1.19e-07	49
m0017	m0365	23.8	1.19e-07	49
m0017	m0179	28.1	1.19e-07	49
m0017	m0383	25.0	2.03e-07	48
m0017	m0165	26.2	2.03e-07	48
m0017	m0311	27.6	2.66e-07	48
m0017	m0093	25.5	4.53e-07	47
m0017	m0032	27.4	4.53e-07	47
m0017	m0364	27.3	5.92e-07	47
m0017	m0123	27.6	5.92e-07	47
m0017	m0068	28.1	5.92e-07	47
m0017	m0070	26.8	5.92e-07	47
m0017	m0408	29.3	7.73e-07	46
m0017	m0065	29.3	7.73e-07	46
m0017	m0336	29.9	7.73e-07	46
m0017	m0126	25.2	1.01e-06	46
m0017	m0054	25.5	1.72e-06	45
m0017	m0351	26.8	1.72e-06	45
m0017	m0098	29.2	2.25e-06	45
m0017	m0372	26.4	2.25e-06	45
m0017	m0200	24.6	2.25e-06	45
m0017	m0299	28.2	2.94e-06	44
m0017	m0245	27.4	3.84e-06	44
m0017	m0195	31.1	3.84e-06	44
m0017	m0070	22.0	3.84e-06	44
m0017	m0038	28.8	5.01e-06	44
m0017	m0147	29.8	6.55e-06	43
m0017	m0234	24.6	6.55e-06	43
m0017	m0249	26.1	8.55e-06	43
m0017	m0382	25.7	1.12e-05	42
m0017	m0251	26.4	1.12e-05	42
m0017	m0098	24.9	1.12e-05	42
m0017	m0309	28.8	1.12e-05	42
m0017	m0334	29.2	1.12e-05	42
m0017	m0212	21.5	1.46e-05	42
m0017	m0365	26.0	1.46e-05	42
m0017	m0034	33.8	1.46e-05	42
m0017	m0066	30.8	1.46e-05	42
m0017	m0388	26.1	1.46e-05	42
m0017	m0106	22.7	1.46e-05	42
m0017	m0376	20.5	1.46e-05	42
m0017	m0057	23.9	1.46e-05	42
m0017	m0196	25.2	1.46e-05	42
m0017	m0171	27.6	1.9e-05	42
m0017	m0101	26.3	1.9e-05	42
m0017	m0046	27.4	1.9e-05	42
m0017	m0398	24.2	2.49e-05	41
m0017	m0394	25.9	2.49e-05	41
m0017	m0029	29.2	2.49e-05	41
m0017	m0162	20.4	2.49e-05	41
m0017	m0254	25.6	3.25e-05	41
m0017	m0125	24.7	3.25e-05	41
m0017	m0235	22.8	3.25e-05	41
m0017	m0112	22.9	3.25e-05	41
m0017	m0232	24.1	3.25e-05	41
m0017	m0043	24.6	4.24e-05	40
m0017	m0134	24.5	4.24e-05	40
m0017	m0293	21.0	4.24e-05	40
m0017	m0107	24.2	4.24e-05	40
m0017	m0121	24.0	5.54e-05	40
m0017	m0236	26.7	5.54e-05	40
m0017	m0169	24.8	5.54e-05	40
m0017	m0191	23.7	5.54e-05	40
m0017	m0237	25.6	5.54e-05	40
m0017	m0080	27.9	5.54e-05	40
m0017	m0305	30.5	7.24e-05	40
m0017	m0264	28.4	7.24e-05	40
m0017	m0377	26.5	7.24e-05	40
m0017	m0341	22.9	7.24e-05	40
m0017	m0187	26.2	7.24e-05	40
m0017	m0359	26.2	7.24e-05	40
m0017	m0371	26.8	7.24e-05	40
m0017	m0306	24.6	9.45e-05	39
m0017	m0385	28.3	9.45e-05	39
m0017	m0105	23.6	9.45e-05	39
m0017	m0387	26.2	9.45e-05	39
m0017	m0316	25.7	9.45e-05	39
m0017	m0294	25.7	0.000123	39
m0017	m0100	27.3	0.000123	39
m0017	m0152	27.0	0.000123	39
m0017	m0072	22.9	0.000161	39
m0017	m0069	26.6	0.000161	39
m0017	m0197	24.7	0.000161	39
m0017	m0082	26.9	0.000161	39
m0017	m0247	32.3	0.000161	39
m0017	m0089	27.8	0.000211	38
m0017	m0144	22.1	0.000211	38
m0017	m0273	21.5	0.000211	38
m0017	m0035	27.9	0.000275	38
m0017	m0194	24.8	0.000275	38
m0017	m0338	23.7	0.000359	37
m0017	m0207	26.1	0.000359	37
m0017	m0104	27.9	0.000469	37
m0017	m0331	22.2	0.000469	37
m0017	m0390	25.9	0.000613	37
m0017	m0286	25.4	0.000613	37
m0017	m0133	22.4	0.000613	37
m0017	m0282	24.5	0.000613	37
m0017	m0170	23.8	0.0008	36
m0017	m0402	23.7	0.0008	36
m0017	m0364	25.5	0.0008	36
m0017	m0250	24.1	0.0008	36
m0017	m0230	27.1	0.0008	36
m0017	m0266	21.8	0.00105	36
m0017	m0026	23.5	0.00105	36
m0017	m0269	26.3	0.00105	36
m0017	m0343	24.9	0.00136	35
m0017	m0186	22.3	0.00136	35
m0017	m0261	22.3	0.00136	35
m0017	m0323	23.7	0.00178	35
m0017	m0354	24.0	0.00178	35
m0017	m0079	25.3	0.00178	35
m0017	m0284	24.8	0.00178	35
m0017	m0053	24.1	0.00178	35
m0017	m0178	24.2	0.00178	35
m0017	m0158	22.5	0.00233	35
m0017	m0280	24.0	0.00304	34
m0017	m0233	23.3	0.00304	34
m0017	m0137	23.4	0.00304	34
m0017	m0018	23.7	0.00304	34
m0017	m0172	23.1	0.00304	34
m0017	m0289	24.7	0.00397	34
m0017	m0141	26.6	0.00397	34
m0017	m0168	26.3	0.00397	34
m0017	m0127	26.3	0.00397	34
m0017	m0380	22.9	0.00397	34
m0017	m0216	26.5	0.00519	33
m0017	m0321	24.1	0.00519	33
m0017	m0160	23.8	0.00519	33
m0017	m0217	26.5	0.00519	33
m0017	m0348	24.4	0.00677	33
m0017	m0246	22.8	0.00677	33
m0017	m0342	22.8	0.00677	33
m0017	m0114	24.1	0.00885	33
m0017	m0087	20.6	0.00885	33
m0017	m0264	23.3	0.00885	33
m0017	m0218	24.1	0.00885	33
m0017	m0274	20.3	0.00885	33
m0017	m0363	23.5	0.00885	33
m0017	m0240	23.4	0.00885	33
m0017	m0393	24.4	0.00885	33
m0017	m0297	22.3	0.0116	32
m0017	m0163	21.0	0.0116	32
m0017	m0164	26.6	0.0116	32
m0017	m0136	22.9	0.0116	32
m0017	m0099	24.4	0.0116	32
m0017	m0345	24.4	0.0116	32
m0017	m0397	25.0	0.0116	32
m0017	m0295	25.3	0.0116	32
m0017	m0256	23.9	0.0116	32
m0017	m0336	22.3	0.0151	32
m0017	m0050	24.4	0.0151	32
m0017	m0096	24.4	0.0151	32
m0017	m0349	25.2	0.0151	32
m0017	m0368	20.8	0.0151	32
m0017	m0312	24.6	0.0151	32
m0017	m0330	24.5	0.0151	32
m0017	m0208	24.2	0.0151	32
m0017	m0157	23.5	0.0197	32
m0017	m0400	25.5	0.0197	32
m0017	m0042	27.6	0.0197	32
m0017	m0185	22.9	0.0197	32
m0017	m0152	31.7	0.0257	31
m0017	m0175	25.8	0.0257	31
m0017	m0024	24.8	0.0257	31
m0017	m0091	24.4	0.0336	31
m0017	m0231	23.0	0.0439	30
m0017	m0406	24.3	0.0439	30
m0017	m0181	25.8	0.0439	30
m0017	m0219	28.0	0.0439	30
m0017	m0126	24.2	0.0439	30
m0017	m0378	23.6	0.0573	30
m0017	m0161	25.0	0.0573	30
m0017	m0140	21.5	0.0573	30
m0017	m0201	23.9	0.0573	30
m0017	m0166	23.7	0.0573	30
m0017	m0097	29.1	0.0573	30
m0017	m0040	23.6	0.0573	30
m0017	m0332	23.6	0.0573	30
m0017	m0116	29.1	0.0749	30
m0017	m0177	24.6	0.0749	30
m0017	m0370	27.8	0.0749	30
m0017	m0317	24.6	0.0749	30
m0017	m0319	24.8	0.0749	30
m0017	m0337	29.1	0.0749	30
m0017	m0278	29.1	0.0749	30
m0017	m0327	28.6	0.0978	29
m0017	m0076	26.3	0.0978	29
m0017	m0283	29.1	0.0978	29
m0017	m0296	25.2	0.0978	29
m0017	m0168	24.4	0.128	29
m0017	m0073	24.6	0.128	29
m0017	m0335	23.6	0.128	29
m0017	m0229	25.0	0.167	28
m0017	m0051	25.0	0.167	28
m0017	m0369	23.5	0.218	28
m0017	m0405	22.7	0.218	28
m0017	m0257	30.1	0.485	27
m0017	m0383	25.7	0.485	27
m0017	m0333	28.2	0.485	27
m0017	m0275	25.9	0.485	27
m0017	m0176	23.5	0.634	27
m0017	m0071	23.9	0.828	26
m0017	m0239	22.8	1.08	26
m0017	m0310	35.7	1.41	25
m0017	m0231	27.4	1.41	25
m0017	m0158	25.5	1.84	25
m0017	m0034	28.2	1.84	25
m0017	m0076	27.3	5.37	23
m0017	m0372	28.8	7.01	23
m0017	m0397	27.0	9.16	23
m0017	m0102	28.9	9.16	23
m0018	m0323	83.3	1.33e-143	500
m0018	m0338	81.0	3.08e-140	489
m0018	m0269	83.8	1.48e-134	470
m0018	m0127	80.6	1.93e-134	470
m0018	m0136	76.4	5.26e-132	461
m0018	m0297	65.2	5.67e-102	362
m0018	m0400	62.3	2.81e-101	359
m0018	m0024	60.4	1.45e-97	347
m0018	m0114	57.1	4.21e-97	346
m0018	m0240	62.6	1.6e-96	344
m0018	m0342	61.6	1.6e-96	344
m0018	m0296	58.7	1.35e-95	341
m0018	m0332	59.2	5.14e-95	339
m0018	m0256	60.9	8.77e-95	338
m0018	m0091	58.6	8.77e-95	338
m0018	m0406	57.9	1.5e-94	337
m0018	m0345	61.2	1.5e-94	337
m0018	m0040	59.8	3.33e-94	336
m0018	m0295	60.1	4.35e-94	335
m0018	m0053	58.6	4.35e-94	335
m0018	m0348	59.2	7.42e-94	335
m0018	m0393	58.5	1.27e-93	334
m0018	m0172	58.9	1.27e-93	334
m0018	m0261	60.7	1.65e-93	334
m0018	m0217	58.6	1.65e-93	334
m0018	m0099	58.4	2.16e-93	333
m0018	m0166	57.9	2.16e-93	333
m0018	m0208	60.6	2.16e-93	333
m0018	m0282	61.9	2.82e-93	333
m0018	m0164	58.1	3.68e-93	332
m0018	m0177	60.0	3.68e-93	332
m0018	m0330	59.2	3.68e-93	332
m0018	m0185	57.8	3.68e-93	332
m0018	m0321	59.2	4.81e-93	332
m0018	m0218	59.0	6.28e-93	332
m0018	m0378	57.2	6.28e-93	332
m0018	m0186	61.4	1.4e-92	330
m0018	m0133	61.2	1.4e-92	330
m0018	m0349	59.5	2.39e-92	330
m0018	m0160	58.8	4.07e-92	329
m0018	m0157	60.1	6.95e-92	328
m0018	m0230	56.7	3.45e-91	326
m0018	m0191	59.3	7.68e-91	325
m0018	m0181	60.6	1.31e-90	324
m0018	m0050	58.5	1.71e-90	324
m0018	m0096	58.1	2.24e-90	323
m0018	m0161	58.3	2.92e-90	323
m0018	m0079	63.0	8.49e-90	321
m0018	m0363	55.3	5.51e-89	319
m0018	m0175	56.4	5.51e-89	319
m0018	m0141	56.9	1.6e-88	317
m0018	m0250	59.1	3.57e-88	316
m0018	m0317	55.1	7.95e-88	315
m0018	m0026	55.5	1.77e-87	314
m0018	m0176	55.6	5.15e-87	312
m0018	m0335	54.9	6.73e-87	312
m0018	m0246	57.6	1.96e-86	310
m0018	m0397	56.0	2.56e-86	310
m0018	m0071	56.6	2.17e-85	307
m0018	m0201	56.4	4.82e-85	305
m0018	m0327	55.5	6.3e-85	305
m0018	m0216	54.7	1.07e-84	304
m0018	m0405	54.5	2.39e-84	303
m0018	m0239	54.2	5.33e-84	302
m0018	m0280	57.1	6.96e-84	302
m0018	m0106	53.7	9.1e-84	301
m0018	m0042	54.7	1.19e-83	301
m0018	m0125	56.2	7.7e-83	298
m0018	m0169	52.9	1.01e-82	298
m0018	m0134	52.7	1.31e-82	297
m0018	m0316	54.5	8.51e-82	295
m0018	m0370	54.7	1.11e-81	294
m0018	m0337	51.8	1.45e-81	294
m0018	m0236	55.2	3.24e-81	293
m0018	m0097	54.2	1.23e-80	291
m0018	m0390	55.3	2.1e-80	290
m0018	m0331	53.9	2.74e-80	290
m0018	m0278	52.0	3.58e-80	289
m0018	m0283	53.6	6.1e-80	289
m0018	m0116	53.9	6.1e-80	289
m0018	m0273	52.0	1.36e-79	287
m0018	m0402	50.5	7.46e-78	282
m0018	m0229	53.5	2.17e-77	280
m0018	m0235	51.4	2.83e-77	280
m0018	m0299	52.7	8.25e-77	278
m0018	m0249	50.7	8.25e-77	278
m0018	m0219	54.0	1.08e-76	278
m0018	m0196	48.3	1.84e-76	277
m0018	m0319	53.2	2.4e-76	277
m0018	m0232	50.0	1.56e-75	274
m0018	m0065	47.5	2.03e-75	273
m0018	m0306	50.7	2.65e-75	273
m0018	m0237	52.4	4.52e-75	272
m0018	m0207	48.7	7.72e-75	272
m0018	m0137	50.3	1.72e-74	270
m0018	m0394	49.8	5e-74	269
m0018	m0072	51.0	6.53e-74	268
m0018	m0158	50.3	2.48e-73	267
m0018	m0380	51.8	2.48e-73	267
m0018	m0233	47.1	1.23e-72	264
m0018	m0144	51.9	1.61e-72	264
m0018	m0200	50.2	3.59e-72	263
m0018	m0336	49.3	1.78e-71	260
m0018	m0234	48.8	3.04e-71	260
m0018	m0089	48.1	5.18e-71	259
m0018	m0100	48.8	1.51e-70	257
m0018	m0171	47.5	4.38e-70	256
m0018	m0264	45.4	9.76e-70	255
m0018	m0086	47.2	9.76e-70	255
m0018	m0274	46.2	1.67e-69	254
m0018	m0377	47.5	2.18e-69	253
m0018	m0309	47.8	2.84e-69	253
m0018	m0365	46.8	2.84e-69	253
m0018	m0190	50.6	8.27e-69	252
m0018	m0048	47.1	7e-68	248
m0018	m0314	46.8	1.19e-67	248
m0018	m0388	47.3	2.04e-67	247
m0018	m0051	47.1	3.47e-67	246
m0018	m0034	45.4	1.32e-66	244
m0018	m0057	48.7	1.72e-66	244
m0018	m0126	47.4	2.25e-66	243
m0018	m0305	46.0	2.94e-66	243
m0018	m0343	46.5	3.84e-66	243
m0018	m0368	46.7	1.12e-65	241
m0018	m0398	47.9	4.24e-65	239
m0018	m0372	44.7	9.46e-65	238
m0018	m0195	47.1	3.59e-64	236
m0018	m0073	45.1	1.05e-63	235
m0018	m0328	46.8	3.04e-63	233
m0018	m0408	45.4	3.04e-63	233
m0018	m0382	46.6	3.97e-63	233
m0018	m0093	43.9	8.85e-63	231
m0018	m0294	47.7	1.51e-62	231
m0018	m0254	44.2	1.97e-62	230
m0018	m0152	43.3	7.49e-62	228
m0018	m0087	44.4	3.72e-61	226
m0018	m0046	44.4	2.04e-59	220
m0018	m0101	42.0	4.55e-59	219
m0018	m0032	45.5	1.32e-58	218
m0018	m0066	44.1	6.56e-58	215
m0018	m0076	41.1	6.56e-58	215
m0018	m0123	43.8	1.12e-57	215
m0018	m0112	43.8	1.91e-57	214
m0018	m0247	39.9	3.6e-56	210
m0018	m0354	41.5	4.7e-56	209
m0018	m0077	42.8	6.79e-55	205
m0018	m0069	39.6	2.58e-54	203
m0018	m0104	39.2	1.28e-53	201
m0018	m0043	41.3	2.19e-53	200
m0018	m0334	44.6	2.85e-53	200
m0018	m0121	40.7	1.08e-52	198
m0018	m0187	41.8	1.42e-52	198
m0018	m0341	40.7	2.42e-52	197
m0018	m0147	39.9	3.16e-52	196
m0018	m0165	40.2	1.2e-51	195
m0018	m0266	38.6	2.67e-51	193
m0018	m0385	40.3	4.56e-51	193
m0018	m0364	40.4	5.95e-51	192
m0018	m0178	40.6	1.02e-50	191
m0018	m0383	38.7	1.33e-50	191
m0018	m0070	39.2	1.73e-50	191
m0018	m0410	40.1	2.95e-50	190
m0018	m0170	39.7	3.86e-50	190
m0018	m0311	39.2	8.59e-50	188
m0018	m0292	38.0	1.47e-49	188
m0018	m0194	40.4	2.5e-49	187
m0018	m0162	39.0	2.5e-49	187
m0018	m0212	38.9	3.27e-49	186
m0018	m0312	40.1	3.27e-49	186
m0018	m0351	39.5	4.26e-49	186
m0018	m0107	40.5	5.57e-49	186
m0018	m0082	39.3	7.27e-49	185
m0018	m0356	42.4	1.24e-48	184
m0018	m0038	39.5	2.12e-48	184
m0018	m0068	38.5	3.61e-48	183
m0018	m0054	38.6	4.72e-48	183
m0018	m0197	39.0	4.72e-48	183
m0018	m0080	41.5	8.04e-48	182
m0018	m0105	36.1	1.05e-47	181
m0018	m0179	36.8	3.06e-47	180
m0018	m0173	35.1	3.99e-47	179
m0018	m0251	39.5	3.99e-47	179
m0018	m0098	38.2	8.89e-47	178
m0018	m0039	35.8	1.52e-46	178
m0018	m0387	36.9	4.41e-46	176
m0018	m0029	39.0	4.41e-46	176
m0018	m0074	39.2	1.09e-44	171
m0018	m0284	40.0	7.05e-44	169
m0018	m0245	34.7	2.68e-43	167
m0018	m0286	36.1	3.5e-43	166
m0018	m0130	35.7	9.52e-41	158
m0018	m0168	35.0	1.29e-37	148
m0018	m0371	35.2	1.68e-37	148
m0018	m0369	33.5	6.84e-31	126
m0018	m0275	31.1	1.68e-29	121
m0018	m0163	29.5	1.8e-23	101
m0018	m0289	30.6	6.86e-23	99
m0018	m0140	30.1	7.58e-22	96
m0018	m0035	27.9	4.91e-21	93
m0018	m0293	27.8	1.48e-17	81
m0018	m0276	26.5	1.17e-14	72
m0018	m0279	27.3	2e-14	71
m0018	m0396	30.0	2.61e-14	70
m0018	m0044	28.8	5.82e-14	69
m0018	m0359	25.6	7.6e-14	69
m0018	m0188	27.2	9.92e-14	69
m0018	m0231	27.7	4.61e-11	60
m0018	m0067	29.6	5.63e-09	53
m0018	m0268	25.7	2.8e-08	50
m0018	m0267	25.4	1.06e-07	49
m0018	m0139	27.0	1.39e-07	48
m0018	m0124	21.8	6.89e-07	46
m0018	m0257	26.6	8.42e-05	39
m0018	m0324	26.3	0.00032	37
m0018	m0221	27.1	0.000418	37
m0018	m0186	27.3	0.000931	35
m0018	m0399	26.0	0.00122	35
m0018	m0339	31.9	0.00159	35
m0018	m0409	28.7	0.00354	33
m0018	m0063	21.5	0.00462	33
m0018	m0027	25.1	0.0134	32
m0018	m0307	24.2	0.0299	30
m0018	m0102	22.7	0.0511	30
m0018	m0340	26.2	0.0667	29
m0018	m0199	30.7	0.331	27
m0018	m0396	32.5	0.331	27
m0018	m0059	35.4	0.331	27
m0018	m0376	27.0	0.565	26
m0018	m0180	31.8	0.565	26
m0018	m0278	37.7	0.565	26
m0018	m0122	31.9	1.64	25
m0018	m0102	37.1	2.15	24
m0018	m0180	23.0	2.8	24
m0019	m0148	35.0	1.34e-82	298
m0019	m0062	27.5	2.4e-39	154
m0019	m0302	33.7	1.23e-35	142
m0019	m0028	34.8	1.61e-35	142
m0019	m0153	33.5	3.04e-34	138
m0019	m0272	27.7	4.39e-33	134
m0019	m0265	24.9	2.75e-27	114
m0019	m0118	36.9	6.14e-27	113
m0019	m0272	32.4	2.33e-26	111
m0019	m0242	30.8	7.5e-25	106
m0019	m0362	30.2	1.85e-23	102
m0019	m0142	26.6	5.94e-22	97
m0019	m0346	31.1	5.94e-22	97
m0019	m0226	31.5	1.46e-20	92
m0019	m0325	34.1	3.26e-20	91
m0019	m0192	28.9	3.61e-19	87
m0019	m0203	28.0	1.42e-15	75
m0019	m0358	28.8	5.58e-12	64
m0019	m0028	27.3	9.51e-12	63
m0019	m0302	28.7	1.79e-10	59
m0019	m0325	31.0	5.77e-09	54
m0019	m0153	27.0	4.88e-08	50
m0019	m0346	31.2	8.33e-08	50
m0019	m0226	26.5	4.57e-06	44
m0019	m0402	22.8	0.000251	38
m0019	m0242	42.1	0.00362	34
m0019	m0348	26.7	0.00618	33
m0019	m0118	27.1	0.00807	33
m0019	m0217	25.7	0.0401	31
m0019	m0071	24.3	1.68	25
m0019	m0025	26.9	4.9	24
m0019	m0183	27.5	8.35	23
m0020	m0277	46.6	2.17e-72	263
m0020	m0320	43.6	3.24e-68	250
m0020	m0386	45.2	1.61e-67	247
m0020	m0090	42.9	1.27e-64	238
m0020	m0193	43.1	6.32e-64	235
m0020	m0088	41.8	2.25e-61	227
m0020	m0154	41.7	4.24e-60	223
m0020	m0389	43.8	2.75e-59	220
m0020	m0049	40.3	3.04e-58	216
m0020	m0211	43.7	6.76e-58	215
m0020	m0182	41.4	1.51e-57	214
m0020	m0248	39.3	3.36e-57	213
m0020	m0315	40.9	1.28e-56	211
m0020	m0288	40.2	1.56e-54	204
m0020	m0412	39.5	2.66e-54	203
m0020	m0030	41.0	1.32e-53	201
m0020	m0253	37.0	5.55e-52	196
m0020	m0109	39.8	2.11e-51	194
m0020	m0113	38.8	1.37e-50	191
m0020	m0061	37.3	3.36e-49	186
m0020	m0353	41.0	1.28e-48	184
m0020	m0404	38.9	1.67e-48	184
m0020	m0085	38.7	1.08e-47	181
m0020	m0052	38.2	2.41e-47	180
m0020	m0357	37.2	2.04e-46	177
m0020	m0115	35.2	2.26e-45	174
m0020	m0224	38.8	5.03e-45	173
m0020	m0228	37.7	1.46e-44	171
m0020	m0167	36.2	7.26e-44	169
m0020	m0189	35.8	8.87e-42	162
m0020	m0285	32.8	8.31e-40	155
m0020	m0138	34.6	6.58e-37	146
m0020	m0108	32.7	8.6e-37	145
m0020	m0258	35.0	9.5e-36	142
m0020	m0244	34.2	6.16e-35	139
m0020	m0384	33.2	1.05e-34	138
m0020	m0223	36.4	1.37e-34	138
m0020	m0361	33.8	6.81e-34	136
m0020	m0379	33.3	2.59e-33	134
m0020	m0174	31.6	2.59e-33	134
m0020	m0270	33.0	6.37e-32	129
m0020	m0222	31.6	8.33e-32	129
m0020	m0209	29.7	3.5e-30	123
m0020	m0072	23.6	0.000252	37
m0020	m0200	25.4	0.0526	30
m0020	m0157	23.5	0.0687	29
m0020	m0077	23.5	0.0687	29
m0020	m0026	23.2	0.2	28
m0020	m0181	23.6	0.446	27
m0020	m0406	37.0	0.582	26
m0020	m0143	27.8	0.582	26
m0020	m0246	21.9	0.76	26
m0020	m0199	28.9	1.3	25
m0021	m0344	26.8	4.72e-05	40
m0021	m0202	25.0	0.0168	31
m0021	m0132	24.1	0.0374	30
m0021	m0063	25.5	0.0488	30
m0021	m0271	23.3	0.142	28
m0021	m0324	33.3	0.142	28
m0021	m0262	22.0	0.242	27
m0021	m0199	26.5	0.317	27
m0022	m0074	38.5	8.12	23
m0023	m0301	48.1	3.78e-124	436
m0023	m0145	67.9	7.17e-99	352
m0023	m0322	34.6	2.4e-78	284
m0023	m0145	74.1	1.99e-32	132
m0023	m0145	32.9	1.58e-29	122
m0023	m0392	23.1	0.000229	39
m0023	m0093	25.9	0.00194	35
m0023	m0301	32.9	0.00432	34
m0023	m0152	26.7	0.028	32
m0023	m0254	26.2	0.0478	31
m0023	m0241	33.3	0.0815	30
m0023	m0314	25.3	0.139	29
m0023	m0066	23.2	0.405	28
m0023	m0190	20.0	0.405	28
m0023	m0388	19.9	0.69	27
m0023	m0403	43.8	0.901	27
m0023	m0393	22.2	0.901	27
m0023	m0363	32.9	3.43	25
m0023	m0164	23.3	4.47	24
m0023	m0096	39.6	4.47	24
m0023	m0208	34.0	4.47	24
m0023	m0310	22.9	5.84	24
m0023	m0336	25.0	5.84	24
m0023	m0036	50.0	7.63	23
m0023	m0050	22.8	7.63	23
m0023	m0402	24.1	9.97	23
m0023	m0047	52.6	9.97	23
m0024	m0256	83.7	9.95e-234	800
m0024	m0053	80.7	8.16e-228	780
m0024	m0348	81.4	1.7e-225	773
m0024	m0393	80.8	1.7e-225	773
m0024	m0218	80.9	3.79e-225	772
m0024	m0332	80.0	1.88e-224	769
m0024	m0345	80.3	1.88e-224	769
m0024	m0040	80.5	2.46e-224	769
m0024	m0050	79.9	1.22e-223	767
m0024	m0342	79.4	2.72e-223	765
m0024	m0096	80.3	3e-222	762
m0024	m0378	79.5	8.73e-222	760
m0024	m0164	80.7	2.54e-221	759
m0024	m0099	79.4	2.15e-220	756
m0024	m0160	78.8	5.3e-219	751
m0024	m0208	77.6	1.03e-214	737
m0024	m0321	78.6	9.06e-211	724
m0024	m0363	78.0	3.81e-209	718
m0024	m0230	78.6	3.22e-208	715
m0024	m0217	77.6	2.4e-195	673
m0024	m0042	65.8	8.88e-166	574
m0024	m0400	75.3	7.03e-163	565
m0024	m0114	70.1	1.57e-154	537
m0024	m0219	62.0	1.74e-153	533
m0024	m0141	56.2	1.47e-144	504
m0024	m0229	56.6	6.84e-142	495
m0024	m0240	56.9	3.76e-140	489
m0024	m0116	56.3	7.33e-136	475
m0024	m0337	52.8	2.79e-135	473
m0024	m0161	52.2	4.02e-134	469
m0024	m0181	56.5	5.25e-134	469
m0024	m0201	52.4	3.4e-133	466
m0024	m0397	51.4	7.58e-133	465
m0024	m0278	52.7	9.91e-133	465
m0024	m0319	55.7	3.76e-132	463
m0024	m0295	51.2	5.09e-129	452
m0024	m0246	51.8	1.13e-128	451
m0024	m0175	52.2	1.13e-128	451
m0024	m0026	51.8	7.35e-128	448
m0024	m0186	58.4	1.17e-125	441
m0024	m0097	52.6	2e-125	440
m0024	m0157	50.8	3.41e-125	439
m0024	m0261	67.9	7.6e-125	438
m0024	m0283	51.7	2.89e-124	436
m0024	m0166	58.7	4.04e-118	416
m0024	m0250	66.5	2.9e-116	410
m0024	m0330	55.4	3.54e-114	403
m0024	m0127	53.7	1.49e-112	398
m0024	m0191	58.1	1.94e-112	397
m0024	m0282	55.6	3.1e-110	390
m0024	m0280	53.9	4.48e-109	386
m0024	m0133	56.0	5.85e-109	386
m0024	m0177	61.5	1.3e-108	384
m0024	m0296	66.7	1.7e-108	384
m0024	m0349	56.2	8.44e-108	382
m0024	m0176	51.2	3.21e-107	380
m0024	m0071	51.5	1.35e-105	374
m0024	m0172	54.0	3e-105	373
m0024	m0327	61.7	5.12e-105	372
m0024	m0335	66.0	3.32e-104	370
m0024	m0406	63.3	5.66e-104	369
m0024	m0091	64.0	3.67e-103	366
m0024	m0216	58.3	8.18e-103	365
m0024	m0136	61.5	1.07e-102	365
m0024	m0323	60.6	2.01e-101	361
m0024	m0269	60.2	1.11e-99	355
m0024	m0338	60.6	1.11e-99	355
m0024	m0079	68.4	2.46e-99	354
m0024	m0239	57.3	1.22e-98	351
m0024	m0185	54.9	1.35e-97	348
m0024	m0317	44.9	2.02e-93	334
m0024	m0370	60.2	6.5e-92	329
m0024	m0297	46.0	1.6e-90	324
m0024	m0207	52.6	1.96e-88	317
m0024	m0405	54.1	4.36e-88	316
m0024	m0125	57.9	1.15e-80	292
m0024	m0402	50.8	1.01e-76	278
m0024	m0331	53.9	2.93e-76	277
m0024	m0106	50.5	1.9e-75	274
m0024	m0390	52.1	1.23e-74	272
m0024	m0299	52.3	2.74e-74	270
m0024	m0316	50.5	3.03e-73	267
m0024	m0089	50.5	1.15e-72	265
m0024	m0158	49.5	1.96e-72	264
m0024	m0137	49.8	4.38e-72	263
m0024	m0134	49.8	5.72e-72	263
m0024	m0236	50.7	1.27e-71	262
m0024	m0232	46.4	1.08e-70	258
m0024	m0235	47.4	1.41e-70	258
m0024	m0144	51.5	1.84e-70	258
m0024	m0234	46.1	4.1e-70	257
m0024	m0306	48.2	5.35e-70	256
m0024	m0249	47.4	2.03e-69	254
m0024	m0273	47.4	2.03e-69	254
m0024	m0237	49.3	2.03e-69	254
m0024	m0196	46.8	2.66e-69	254
m0024	m0233	47.9	3.47e-69	253
m0024	m0100	49.3	1.01e-68	252
m0024	m0309	47.9	6.54e-68	249
m0024	m0394	48.4	6.54e-68	249
m0024	m0264	44.7	8.54e-68	249
m0024	m0034	47.7	8.54e-68	249
m0024	m0380	48.9	3.25e-67	247
m0024	m0388	47.0	4.24e-67	247
m0024	m0336	50.4	9.45e-67	245
m0024	m0065	45.8	2.1e-66	244
m0024	m0343	49.5	2.75e-66	244
m0024	m0169	45.6	1.36e-65	242
m0024	m0200	45.0	8.84e-65	239
m0024	m0171	45.0	1.15e-64	238
m0024	m0274	45.5	1.51e-64	238
m0024	m0398	48.9	4.39e-64	236
m0024	m0195	48.8	5.73e-64	236
m0024	m0073	46.5	7.48e-64	236
m0024	m0051	45.2	2.18e-63	234
m0024	m0072	45.9	2.18e-63	234
m0024	m0377	47.1	6.34e-63	233
m0024	m0152	44.5	9.15e-62	229
m0024	m0046	47.2	1.56e-61	228
m0024	m0365	45.0	2.04e-61	228
m0024	m0076	43.6	3.48e-61	227
m0024	m0382	46.8	5.93e-61	226
m0024	m0190	46.2	7.74e-61	226
m0024	m0057	44.8	1.01e-60	225
m0024	m0048	44.7	1.01e-60	225
m0024	m0087	44.2	1.32e-60	225
m0024	m0086	43.3	1.73e-60	225
m0024	m0101	44.2	2.94e-60	224
m0024	m0305	44.5	2.94e-60	224
m0024	m0368	44.4	3.84e-60	223
m0024	m0314	43.7	6.56e-60	223
m0024	m0294	46.3	1.46e-59	221
m0024	m0254	44.9	5.55e-59	220
m0024	m0372	45.0	1.24e-58	218
m0024	m0066	44.7	2.75e-58	217
m0024	m0126	41.4	6.14e-58	216
m0024	m0328	44.7	1.05e-57	215
m0024	m0112	42.8	1.97e-56	211
m0024	m0247	44.3	2.58e-56	211
m0024	m0408	39.8	1.08e-54	205
m0024	m0121	43.4	1.85e-54	205
m0024	m0147	38.2	5.38e-54	203
m0024	m0069	40.8	2.04e-53	201
m0024	m0093	42.7	3.48e-53	200
m0024	m0123	42.5	1.32e-52	198
m0024	m0311	41.4	7.27e-51	193
m0024	m0354	42.2	2.11e-50	191
m0024	m0364	40.5	3.61e-50	190
m0024	m0032	40.9	8.03e-50	189
m0024	m0077	41.9	6.8e-49	186
m0024	m0187	41.0	6.8e-49	186
m0024	m0178	40.4	1.16e-48	185
m0024	m0197	40.3	7.52e-48	183
m0024	m0351	38.7	7.52e-48	183
m0024	m0070	37.6	3.73e-47	180
m0024	m0170	39.0	1.85e-46	178
m0024	m0292	38.5	1.85e-46	178
m0024	m0194	40.1	3.16e-46	177
m0024	m0068	37.6	4.13e-46	177
m0024	m0104	38.7	4.13e-46	177
m0024	m0385	39.8	5.39e-46	176
m0024	m0266	37.0	7.04e-46	176
m0024	m0082	39.9	7.04e-46	176
m0024	m0383	37.9	9.19e-46	176
m0024	m0212	38.0	9.19e-46	176
m0024	m0341	40.7	1.57e-45	175
m0024	m0043	40.8	2.05e-45	174
m0024	m0410	36.8	2.67e-45	174
m0024	m0334	41.3	7.78e-45	173
m0024	m0105	38.0	7.78e-45	173
m0024	m0107	42.2	1.33e-44	172
m0024	m0356	41.0	1.73e-44	171
m0024	m0039	36.5	2.26e-44	171
m0024	m0286	38.7	2.26e-44	171
m0024	m0312	37.8	2.96e-44	171
m0024	m0179	36.9	6.59e-44	169
m0024	m0038	37.6	1.12e-43	169
m0024	m0080	39.5	1.12e-43	169
m0024	m0074	38.2	1.92e-43	168
m0024	m0162	38.2	3.27e-43	167
m0024	m0029	39.8	7.28e-43	166
m0024	m0098	36.4	1.62e-42	165
m0024	m0130	38.5	2.12e-42	164
m0024	m0165	38.0	4.72e-42	163
m0024	m0387	36.1	6.17e-42	163
m0024	m0245	36.6	1.37e-41	162
m0024	m0251	37.6	3.06e-41	161
m0024	m0284	39.1	3.38e-40	157
m0024	m0173	37.4	3.38e-40	157
m0024	m0054	37.4	7.54e-40	156
m0024	m0371	36.6	4.57e-37	147
m0024	m0369	37.4	2.27e-36	144
m0024	m0275	34.8	5.06e-36	143
m0024	m0168	36.7	9.53e-35	139
m0024	m0140	29.1	4.29e-27	114
m0024	m0289	30.8	4.29e-27	114
m0024	m0163	30.9	3.07e-25	107
m0024	m0035	29.5	1.69e-23	102
m0024	m0188	28.9	2.13e-18	85
m0024	m0279	34.5	1.17e-16	79
m0024	m0396	29.7	2e-16	78
m0024	m0293	27.4	7.59e-16	76
m0024	m0044	26.5	3.53e-13	67
m0024	m0276	27.1	6.01e-13	67
m0024	m0231	32.0	1.34e-12	65
m0024	m0067	32.6	6.65e-12	63
m0024	m0359	23.9	6.65e-12	63
m0024	m0267	24.0	7.35e-11	60
m0024	m0268	31.0	1.06e-09	56
m0024	m0409	26.4	2e-08	52
m0024	m0124	22.6	3.78e-07	47
m0024	m0339	34.4	0.00114	36
m0024	m0221	30.6	0.00331	34
m0024	m0307	20.6	0.00331	34
m0024	m0376	31.5	0.00432	34
m0024	m0405	38.5	0.00737	33
m0024	m0280	22.8	0.0214	32
m0024	m0340	28.4	0.028	31
m0024	m0324	22.9	0.028	31
m0024	m0102	25.8	0.0478	30
m0024	m0146	22.2	0.0478	30
m0024	m0219	31.5	0.0624	30
m0024	m0027	24.2	0.106	29
m0024	m0399	26.6	0.139	29
m0024	m0257	26.8	0.237	28
m0024	m0272	21.7	0.31	28
m0024	m0149	28.6	0.31	28
m0024	m0180	24.4	0.404	27
m0024	m0309	24.6	0.528	27
m0024	m0411	28.2	0.528	27
m0024	m0322	34.8	1.18	26
m0024	m0132	34.9	1.54	25
m0024	m0151	52.2	1.54	25
m0024	m0333	20.2	2.01	25
m0024	m0102	30.2	2.62	25
m0024	m0059	25.4	3.42	24
m0024	m0199	38.5	4.47	24
m0024	m0135	24.8	4.47	24
m0024	m0241	61.5	7.62	23
m0024	m0171	52.9	7.62	23
m0024	m0358	41.9	7.62	23
m0024	m0367	32.6	7.62	23
m0024	m0301	50.0	9.96	23
m0025	m0401	51.9	1.93e-54	203
m0025	m0206	50.7	1.8e-52	197
m0025	m0347	45.4	1.53e-51	194
m0025	m0075	47.8	7.58e-51	191
m0025	m0255	47.8	1.29e-50	191
m0025	m0355	50.0	1.09e-49	188
m0025	m0055	42.1	1.34e-47	181
m0025	m0281	32.7	1.88e-25	107
m0025	m0058	29.0	2.3e-15	74
m0025	m0260	30.3	1.14e-14	71
m0025	m0083	30.1	6.27e-13	65
m0025	m0374	28.2	1.31e-10	58
m0025	m0326	27.2	2.91e-10	57
m0025	m0205	26.3	4.65e-08	49
m0025	m0149	26.2	0.111	28
m0025	m0265	27.7	0.247	27
m0025	m0092	26.4	2.09	24
m0025	m0344	33.3	2.73	23
m0025	m0118	29.2	2.73	23
m0025	m0318	37.3	4.66	23
m0025	m0044	24.1	4.66	23
m0025	m0288	36.1	6.09	22
m0025	m0203	23.5	6.09	22
m0025	m0053	28.3	7.95	22
m0026	m0175	84.2	2.95e-213	732
m0026	m0246	83.1	8.02e-211	724
m0026	m0181	75.5	4.43e-185	638
m0026	m0295	71.7	2.13e-179	619
m0026	m0157	70.0	2.06e-174	603
m0026	m0240	66.6	1.94e-164	570
m0026	m0141	60.0	1.82e-146	510
m0026	m0278	56.3	7.18e-135	471
m0026	m0097	57.1	9.37e-135	471
m0026	m0337	55.2	3.33e-132	463
m0026	m0256	52.7	3.12e-130	456
m0026	m0406	78.2	4.08e-130	456
m0026	m0378	51.8	6.95e-130	455
m0026	m0321	50.7	2.64e-129	453
m0026	m0345	52.3	4.51e-129	452
m0026	m0283	54.2	4.51e-129	452
m0026	m0342	51.6	7.69e-129	451
m0026	m0393	52.1	1.31e-128	451
m0026	m0160	52.1	1.31e-128	451
m0026	m0348	51.4	4.98e-128	449
m0026	m0050	51.3	8.5e-128	448
m0026	m0099	51.0	2.47e-127	446
m0026	m0116	55.4	3.57e-126	443
m0026	m0208	51.5	6.09e-126	442
m0026	m0040	50.5	1.04e-125	441
m0026	m0177	56.9	3.02e-125	439
m0026	m0053	50.2	5.7e-124	435
m0026	m0332	50.7	7.44e-124	435
m0026	m0218	50.5	7.44e-124	435
m0026	m0319	53.7	1.66e-123	434
m0026	m0230	48.9	3.69e-123	433
m0026	m0096	49.5	4.82e-123	432
m0026	m0164	50.1	3.13e-122	429
m0026	m0363	48.2	1.19e-121	428
m0026	m0349	57.8	2.03e-121	427
m0026	m0330	55.5	4.52e-121	426
m0026	m0172	55.4	1.01e-120	424
m0026	m0191	70.7	2.48e-119	420
m0026	m0217	51.4	7.21e-119	418
m0026	m0133	55.7	6.1e-118	415
m0026	m0161	49.5	2.32e-117	413
m0026	m0166	54.0	1.5e-116	411
m0026	m0282	57.2	4.37e-116	409
m0026	m0091	69.5	1.08e-114	404
m0026	m0219	51.1	2.4e-114	403
m0026	m0042	48.7	6.98e-114	402
m0026	m0201	48.4	9.12e-114	401
m0026	m0229	50.4	5.91e-113	399
m0026	m0397	45.9	1.08e-106	378
m0026	m0250	50.5	5.93e-105	372
m0026	m0079	68.5	1.46e-103	367
m0026	m0400	49.5	3.25e-103	366
m0026	m0114	47.2	7.5e-100	355
m0026	m0370	61.5	9.79e-100	355
m0026	m0327	56.7	2.04e-97	347
m0026	m0071	47.0	1.01e-96	345
m0026	m0335	59.6	1.01e-96	345
m0026	m0176	48.4	2.95e-96	343
m0026	m0296	59.1	1.46e-95	341
m0026	m0186	60.1	1.91e-95	341
m0026	m0261	59.0	4.26e-95	339
m0026	m0405	51.7	5.56e-95	339
m0026	m0127	46.5	6.15e-94	335
m0026	m0280	47.0	1.05e-93	335
m0026	m0136	57.3	2.34e-93	334
m0026	m0239	54.1	5.75e-92	329
m0026	m0338	57.0	6.36e-91	325
m0026	m0216	57.3	1.42e-90	324
m0026	m0323	56.1	3.16e-90	323
m0026	m0269	56.4	1.24e-86	311
m0026	m0185	43.2	5.22e-85	306
m0026	m0207	53.8	1.52e-84	304
m0026	m0317	42.8	1.09e-82	298
m0026	m0402	52.4	7.79e-81	292
m0026	m0297	41.6	2.96e-80	290
m0026	m0125	52.0	5.05e-80	289
m0026	m0299	51.9	4.73e-78	283
m0026	m0106	49.5	1.05e-77	282
m0026	m0331	49.3	1.16e-76	278
m0026	m0237	50.9	1.99e-76	277
m0026	m0390	50.2	1.42e-74	271
m0026	m0196	48.1	2.06e-73	267
m0026	m0306	49.5	1.74e-72	264
m0026	m0236	48.6	2.97e-72	263
m0026	m0235	46.3	5.06e-72	263
m0026	m0232	47.5	2.51e-71	260
m0026	m0316	48.4	3.28e-71	260
m0026	m0273	46.3	7.31e-71	259
m0026	m0380	48.7	2.78e-70	257
m0026	m0249	47.2	2.35e-69	254
m0026	m0137	47.8	1.17e-68	252
m0026	m0169	47.5	2.6e-68	250
m0026	m0134	44.2	1.29e-67	248
m0026	m0336	47.3	4.9e-67	246
m0026	m0171	44.5	1.43e-66	245
m0026	m0200	46.4	1.43e-66	245
m0026	m0377	45.1	1.43e-66	245
m0026	m0034	45.5	3.18e-66	243
m0026	m0089	47.4	4.15e-66	243
m0026	m0388	46.2	9.25e-66	242
m0026	m0309	45.8	1.74e-64	238
m0026	m0072	44.6	2.98e-64	237
m0026	m0144	46.2	2.98e-64	237
m0026	m0394	44.0	2.98e-64	237
m0026	m0065	44.3	3.89e-64	236
m0026	m0126	44.3	3.89e-64	236
m0026	m0234	43.8	8.66e-64	235
m0026	m0264	42.9	1.13e-63	235
m0026	m0305	43.6	1.48e-63	235
m0026	m0274	46.9	5.61e-63	233
m0026	m0158	44.3	1.25e-62	231
m0026	m0368	44.1	2.78e-62	230
m0026	m0195	45.5	2.78e-62	230
m0026	m0086	43.5	3.64e-62	230
m0026	m0314	44.4	4.75e-62	230
m0026	m0233	42.4	1.06e-61	228
m0026	m0398	45.4	1.17e-60	225
m0026	m0048	42.6	2.61e-60	224
m0026	m0294	45.2	7.58e-60	222
m0026	m0100	44.9	1.29e-59	221
m0026	m0382	44.0	3.76e-59	220
m0026	m0190	43.2	4.16e-58	216
m0026	m0328	42.9	5.43e-58	216
m0026	m0046	44.0	7.1e-58	216
m0026	m0066	42.8	2.7e-57	214
m0026	m0087	42.3	6.01e-57	213
m0026	m0073	41.1	7.85e-57	212
m0026	m0408	41.6	1.75e-56	211
m0026	m0365	40.6	1.75e-56	211
m0026	m0057	40.4	2.98e-56	210
m0026	m0343	42.1	6.64e-56	209
m0026	m0076	39.6	3.3e-55	207
m0026	m0372	41.6	3.3e-55	207
m0026	m0152	38.3	1.25e-54	205
m0026	m0254	40.3	3.65e-54	203
m0026	m0121	39.0	1.06e-53	202
m0026	m0093	39.9	2e-52	198
m0026	m0051	37.7	5.82e-52	196
m0026	m0147	39.6	2.21e-51	194
m0026	m0112	39.4	2.21e-51	194
m0026	m0069	38.6	1.87e-50	191
m0026	m0364	36.4	3.19e-50	190
m0026	m0101	37.4	3.19e-50	190
m0026	m0247	38.4	4.17e-50	190
m0026	m0123	39.9	5.45e-50	190
m0026	m0165	37.2	6.02e-49	186
m0026	m0104	38.2	1.34e-48	185
m0026	m0043	38.1	1.34e-48	185
m0026	m0334	43.0	1.34e-48	185
m0026	m0354	37.4	2.99e-48	184
m0026	m0286	37.1	2.99e-48	184
m0026	m0178	38.5	1.14e-47	182
m0026	m0107	38.9	2.53e-47	181
m0026	m0266	36.6	4.32e-47	180
m0026	m0341	37.2	1.64e-46	178
m0026	m0082	38.7	2.14e-46	178
m0026	m0187	38.4	2.8e-46	177
m0026	m0170	39.3	3.65e-46	177
m0026	m0194	38.6	4.77e-46	176
m0026	m0212	36.9	6.23e-46	176
m0026	m0312	39.0	1.06e-45	175
m0026	m0105	37.6	1.81e-45	174
m0026	m0032	39.4	2.37e-45	174
m0026	m0077	37.0	6.89e-45	173
m0026	m0385	38.7	9e-45	172
m0026	m0197	38.0	9e-45	172
m0026	m0351	38.0	1.54e-44	171
m0026	m0387	36.9	1.54e-44	171
m0026	m0080	37.4	1.54e-44	171
m0026	m0038	37.2	5.83e-44	169
m0026	m0251	36.4	5.83e-44	169
m0026	m0284	41.3	7.62e-44	169
m0026	m0130	36.4	7.62e-44	169
m0026	m0054	36.1	9.95e-44	169
m0026	m0311	36.4	1.7e-43	168
m0026	m0173	35.2	2.89e-43	167
m0026	m0162	36.2	6.45e-43	166
m0026	m0383	35.2	1.1e-42	165
m0026	m0068	37.7	1.1e-42	165
m0026	m0070	37.8	9.31e-42	162
m0026	m0179	35.5	1.22e-41	162
m0026	m0410	36.1	2.07e-41	161
m0026	m0292	33.7	1.76e-40	158
m0026	m0029	35.1	1.76e-40	158
m0026	m0098	34.5	3.91e-40	157
m0026	m0074	37.0	3.91e-40	157
m0026	m0039	35.3	5.11e-40	156
m0026	m0356	35.9	1.94e-39	154
m0026	m0245	30.0	1.44e-34	138
m0026	m0168	32.0	1.76e-32	131
m0026	m0369	34.7	9.66e-31	126
m0026	m0371	30.6	1.18e-28	119
m0026	m0275	32.5	3.44e-28	117
m0026	m0163	32.5	4.64e-25	107
m0026	m0140	29.4	1.14e-23	102
m0026	m0289	28.3	1.14e-23	102
m0026	m0035	26.6	3.44e-20	91
m0026	m0188	26.2	1.71e-19	88
m0026	m0231	30.3	6.72e-16	76
m0026	m0044	27.8	6.72e-16	76
m0026	m0279	26.7	1.96e-15	75
m0026	m0396	25.7	5.69e-15	73
m0026	m0293	26.3	1.27e-14	72
m0026	m0276	23.3	1.83e-13	68
m0026	m0267	23.9	3.82e-11	60
m0026	m0124	21.4	4.98e-11	60
m0026	m0359	24.0	8.5e-11	59
m0026	m0067	27.8	1.89e-10	58
m0026	m0268	23.1	6.3e-06	43
m0026	m0221	28.9	3.13e-05	41
m0026	m0146	25.8	4.09e-05	40
m0026	m0180	29.2	0.000452	37
m0026	m0027	27.9	0.00131	35
m0026	m0324	26.2	0.005	33
m0026	m0339	21.6	0.00852	33
m0026	m0376	28.7	0.0248	31
m0026	m0340	40.5	0.0324	31
m0026	m0307	25.3	0.0324	31
m0026	m0376	18.8	0.161	28
m0026	m0371	35.7	0.161	28
m0026	m0257	22.5	0.468	27
m0026	m0095	31.4	1.04	26
m0026	m0063	25.8	1.78	25
m0026	m0259	26.4	3.96	24
m0026	m0102	28.8	3.96	24
m0027	m0146	60.7	1.21e-141	494
m0027	m0149	28.5	2.26e-47	181
m0027	m0318	24.8	5.62e-14	70
m0027	m0243	26.2	5.26e-12	64
m0027	m0375	25.8	2e-11	62
m0027	m0119	24.2	7.6e-11	60
m0027	m0333	33.1	2.44e-09	55
m0027	m0330	24.9	7.11e-09	53
m0027	m0397	25.5	2.99e-07	48
m0027	m0161	24.3	3.9e-07	47
m0027	m0105	26.7	8.7e-07	46
m0027	m0243	25.0	1.14e-06	46
m0027	m0405	22.5	1.14e-06	46
m0027	m0243	33.9	1.94e-06	45
m0027	m0406	26.6	9.61e-06	43
m0027	m0317	24.8	2.14e-05	42
m0027	m0365	27.1	2.8e-05	41
m0027	m0076	25.1	4.77e-05	40
m0027	m0188	26.7	4.77e-05	40
m0027	m0239	25.4	6.23e-05	40
m0027	m0201	24.1	6.23e-05	40
m0027	m0175	26.7	6.23e-05	40
m0027	m0147	22.3	0.000139	39
m0027	m0157	22.1	0.000181	39
m0027	m0295	24.7	0.000181	39
m0027	m0042	25.9	0.000237	38
m0027	m0177	24.7	0.000237	38
m0027	m0269	27.8	0.000237	38
m0027	m0101	26.5	0.000309	38
m0027	m0375	30.5	0.000309	38
m0027	m0398	24.9	0.000404	37
m0027	m0282	25.7	0.000689	37
m0027	m0134	25.5	0.0009	36
m0027	m0229	24.9	0.00118	36
m0027	m0039	30.0	0.00153	35
m0027	m0219	25.5	0.00153	35
m0027	m0166	24.6	0.002	35
m0027	m0335	25.6	0.002	35
m0027	m0327	24.2	0.00262	35
m0027	m0136	26.7	0.00262	35
m0027	m0151	23.6	0.00447	34
m0027	m0349	23.3	0.00447	34
m0027	m0371	24.6	0.00583	33
m0027	m0328	24.5	0.00583	33
m0027	m0086	26.0	0.00583	33
m0027	m0247	22.7	0.00583	33
m0027	m0261	30.6	0.00583	33
m0027	m0216	23.3	0.00762	33
m0027	m0372	25.7	0.00762	33
m0027	m0046	23.7	0.00762	33
m0027	m0181	23.9	0.00762	33
m0027	m0338	27.1	0.00995	33
m0027	m0323	25.1	0.00995	33
m0027	m0399	36.7	0.013	32
m0027	m0186	30.6	0.013	32
m0027	m0240	23.5	0.013	32
m0027	m0051	24.6	0.017	32
m0027	m0079	22.8	0.017	32
m0027	m0161	29.4	0.017	32
m0027	m0048	22.7	0.0222	32
m0027	m0217	23.8	0.0222	32
m0027	m0029	20.4	0.0222	32
m0027	m0341	21.9	0.0222	32
m0027	m0314	24.4	0.0289	31
m0027	m0077	23.6	0.0378	31
m0027	m0068	24.3	0.0378	31
m0027	m0292	28.9	0.0378	31
m0027	m0382	22.6	0.0378	31
m0027	m0071	20.5	0.0378	31
m0027	m0291	42.1	0.0494	30
m0027	m0091	24.4	0.0494	30
m0027	m0296	32.1	0.0494	30
m0027	m0190	22.1	0.0494	30
m0027	m0316	24.1	0.0645	30
m0027	m0343	28.4	0.0645	30
m0027	m0230	21.5	0.0645	30
m0027	m0231	23.3	0.0645	30
m0027	m0114	23.1	0.0645	30
m0027	m0264	23.8	0.0842	30
m0027	m0385	29.2	0.0842	30
m0027	m0179	22.8	0.0842	30
m0027	m0342	38.5	0.0842	30
m0027	m0345	38.5	0.0842	30
m0027	m0388	23.6	0.0842	30
m0027	m0256	26.4	0.11	29
m0027	m0207	22.5	0.144	29
m0027	m0038	26.2	0.144	29
m0027	m0331	24.0	0.188	28
m0027	m0069	24.4	0.188	28
m0027	m0400	35.3	0.188	28
m0027	m0116	24.1	0.188	28
m0027	m0185	26.6	0.245	28
m0027	m0099	23.8	0.245	28
m0027	m0158	33.9	0.245	28
m0027	m0411	26.5	0.245	28
m0027	m0089	23.3	0.32	28
m0027	m0377	23.6	0.32	28
m0027	m0280	23.6	0.32	28
m0027	m0053	35.9	0.32	28
m0027	m0127	25.1	0.418	27
m0027	m0332	25.3	0.418	27
m0027	m0096	33.3	0.418	27
m0027	m0065	24.4	0.418	27
m0027	m0208	33.3	0.418	27
m0027	m0337	26.0	0.546	27
m0027	m0073	23.3	0.546	27
m0027	m0164	35.9	0.546	27
m0027	m0106	23.3	0.713	27
m0027	m0160	35.9	0.713	27
m0027	m0210	20.8	0.713	27
m0027	m0185	24.5	0.713	27
m0027	m0393	24.2	0.931	26
m0027	m0050	33.3	0.931	26
m0027	m0236	25.4	0.931	26
m0027	m0370	26.0	0.931	26
m0027	m0390	24.8	0.931	26
m0027	m0393	28.3	0.931	26
m0027	m0040	24.2	0.931	26
m0027	m0123	21.0	0.931	26
m0027	m0112	22.7	0.931	26
m0027	m0305	35.6	0.931	26
m0027	m0326	21.3	1.22	26
m0027	m0137	28.6	1.22	26
m0027	m0321	33.3	1.22	26
m0027	m0278	23.3	1.59	25
m0027	m0218	33.3	1.59	25
m0027	m0402	22.5	1.59	25
m0027	m0405	23.1	1.59	25
m0027	m0144	28.7	1.59	25
m0027	m0100	22.5	2.07	25
m0027	m0235	20.7	2.07	25
m0027	m0250	22.7	2.07	25
m0027	m0319	23.4	2.71	25
m0027	m0363	24.2	2.71	25
m0027	m0394	24.9	2.71	25
m0027	m0283	23.9	2.71	25
m0027	m0234	34.0	3.54	24
m0027	m0256	25.0	3.54	24
m0027	m0066	26.2	3.54	24
m0027	m0121	23.9	3.54	24
m0027	m0378	24.2	3.54	24
m0027	m0057	22.8	4.62	24
m0027	m0164	26.7	6.04	23
m0027	m0378	22.1	6.04	23
m0027	m0299	23.1	6.04	23
m0027	m0265	30.4	6.04	23
m0027	m0226	28.3	6.04	23
m0027	m0376	40.0	6.04	23
m0028	m0302	75.8	8.46e-217	744
m0028	m0153	32.6	1.01e-60	225
m0028	m0142	31.1	5.03e-52	196
m0028	m0062	27.6	1.51e-48	185
m0028	m0272	29.9	1.98e-48	184
m0028	m0242	28.7	4.41e-48	183
m0028	m0192	30.1	1.42e-46	178
m0028	m0325	29.1	3.27e-43	167
m0028	m0346	30.1	9.84e-40	156
m0028	m0148	39.9	3.74e-39	154
m0028	m0362	27.0	1.57e-37	148
m0028	m0118	27.9	1.47e-35	142
m0028	m0265	26.7	1.29e-31	129
m0028	m0226	35.0	2.97e-28	117
m0028	m0118	33.6	2.35e-25	108
m0028	m0203	33.1	1.99e-24	105
m0028	m0358	25.5	3.64e-18	84
m0028	m0148	34.5	6.65e-12	63
m0028	m0311	20.0	3.42	24
m0028	m0073	33.3	4.47	24
m0028	m0224	38.6	9.96	23
m0028	m0291	25.0	9.96	23
m0029	m0038	62.0	1.19e-107	381
m0029	m0251	62.0	3.46e-107	379
m0029	m0187	56.9	4.37e-102	362
m0029	m0197	57.5	1.66e-101	360
m0029	m0170	58.4	4.83e-101	359
m0029	m0082	57.8	1.08e-100	357
m0029	m0178	55.9	3.13e-100	356
m0029	m0312	58.3	4.09e-100	356
m0029	m0311	54.3	1.32e-90	324
m0029	m0039	54.6	8.55e-90	321
m0029	m0070	52.9	5.54e-89	319
m0029	m0351	51.3	1.37e-87	314
m0029	m0383	51.2	6.78e-87	312
m0029	m0356	56.4	8.85e-87	311
m0029	m0179	54.3	1.51e-86	310
m0029	m0410	49.2	1.85e-84	304
m0029	m0292	50.2	1.85e-84	304
m0029	m0098	50.2	2.41e-84	303
m0029	m0068	49.5	3.15e-84	303
m0029	m0247	48.6	1.51e-78	284
m0029	m0147	51.3	5.95e-75	272
m0029	m0080	51.1	3.86e-74	269
m0029	m0104	47.2	5.04e-74	269
m0029	m0266	49.0	1.12e-73	268
m0029	m0194	52.1	8.04e-72	262
m0029	m0077	45.9	1.37e-71	261
m0029	m0354	48.4	2.34e-71	260
m0029	m0168	48.0	5.96e-67	245
m0029	m0328	49.1	5.05e-66	242
m0029	m0032	47.0	8.61e-66	242
m0029	m0385	43.5	1.12e-65	241
m0029	m0048	44.5	5.58e-65	239
m0029	m0314	46.8	1.62e-64	237
m0029	m0234	44.4	2.12e-64	237
m0029	m0086	45.6	6.17e-64	235
m0029	m0249	43.3	3.06e-63	233
m0029	m0190	45.7	5.22e-63	232
m0029	m0382	44.9	5.22e-63	232
m0029	m0306	43.9	5.22e-63	232
m0029	m0123	44.6	5.22e-63	232
m0029	m0402	43.9	6.82e-63	232
m0029	m0112	45.3	2.59e-62	230
m0029	m0235	41.5	5.78e-62	229
m0029	m0196	43.7	7.54e-62	228
m0029	m0273	41.4	2.19e-61	227
m0029	m0232	41.5	2.87e-61	226
m0029	m0264	44.8	2.87e-61	226
m0029	m0398	43.2	4.89e-61	226
m0029	m0126	42.9	1.09e-60	225
m0029	m0144	44.2	1.86e-60	224
m0029	m0137	41.8	2.05e-59	220
m0029	m0106	44.0	3.5e-59	220
m0029	m0134	42.8	4.58e-59	219
m0029	m0331	45.7	4.58e-59	219
m0029	m0171	45.8	1.33e-58	218
m0029	m0336	44.0	1.33e-58	218
m0029	m0372	42.1	1.74e-58	217
m0029	m0377	46.0	2.97e-58	216
m0029	m0380	42.6	5.06e-58	216
m0029	m0316	42.0	6.61e-58	215
m0029	m0125	45.3	6.61e-58	215
m0029	m0341	45.2	1.47e-57	214
m0029	m0388	41.6	1.47e-57	214
m0029	m0394	41.9	2.51e-57	213
m0029	m0299	42.3	4.28e-57	213
m0029	m0089	41.5	4.28e-57	213
m0029	m0065	40.3	9.54e-57	211
m0029	m0100	42.0	4.74e-56	209
m0029	m0169	37.8	1.06e-55	208
m0029	m0057	40.1	1.8e-55	207
m0029	m0236	43.9	1.8e-55	207
m0029	m0237	42.7	2.35e-55	207
m0029	m0046	41.6	3.07e-55	206
m0029	m0158	42.0	8.93e-55	205
m0029	m0368	38.5	2.6e-54	203
m0029	m0390	39.9	3.39e-54	203
m0029	m0152	40.9	4.43e-54	203
m0029	m0334	44.5	9.88e-54	201
m0029	m0305	38.9	1.43e-52	198
m0029	m0233	40.5	1.43e-52	198
m0029	m0309	42.6	1.43e-52	198
m0029	m0121	39.4	4.15e-52	196
m0029	m0054	42.8	4.15e-52	196
m0029	m0343	39.7	7.08e-52	195
m0029	m0165	40.7	1.21e-51	195
m0029	m0066	40.3	2.06e-51	194
m0029	m0364	38.8	2.69e-51	193
m0029	m0161	41.4	1.02e-50	191
m0029	m0365	36.8	1.74e-50	191
m0029	m0093	39.5	2.28e-50	190
m0029	m0087	38.5	2.28e-50	190
m0029	m0387	41.2	3.88e-50	190
m0029	m0397	40.6	5.07e-50	189
m0029	m0107	39.5	1.93e-49	187
m0029	m0072	36.6	2.52e-49	187
m0029	m0043	39.6	4.29e-49	186
m0029	m0254	38.1	4.29e-49	186
m0029	m0173	40.7	4.29e-49	186
m0029	m0051	38.5	7.32e-49	185
m0029	m0200	38.8	1.63e-48	184
m0029	m0283	39.2	2.13e-48	184
m0029	m0074	39.7	2.78e-48	183
m0029	m0370	38.3	6.2e-48	182
m0029	m0294	37.8	8.1e-48	182
m0029	m0269	39.4	8.1e-48	182
m0029	m0136	39.7	1.06e-47	181
m0029	m0284	41.5	1.38e-47	181
m0029	m0034	36.9	2.36e-47	180
m0029	m0278	39.1	2.36e-47	180
m0029	m0105	36.6	2.36e-47	180
m0029	m0323	38.9	4.02e-47	179
m0029	m0201	38.9	6.85e-47	179
m0029	m0185	39.0	8.95e-47	178
m0029	m0101	38.4	8.95e-47	178
m0029	m0076	37.9	2.6e-46	177
m0029	m0338	39.6	4.44e-46	176
m0029	m0245	33.7	7.58e-46	175
m0029	m0127	39.1	7.58e-46	175
m0029	m0195	37.3	7.58e-46	175
m0029	m0212	38.0	9.9e-46	175
m0029	m0337	37.8	2.88e-45	173
m0029	m0342	40.1	6.42e-45	172
m0029	m0317	38.2	6.42e-45	172
m0029	m0230	38.4	8.38e-45	172
m0029	m0069	37.6	1.43e-44	171
m0029	m0218	39.5	1.87e-44	171
m0029	m0274	35.5	2.44e-44	170
m0029	m0229	38.4	3.18e-44	170
m0029	m0053	37.9	3.18e-44	170
m0029	m0282	38.8	3.18e-44	170
m0029	m0408	36.2	3.18e-44	170
m0029	m0400	38.3	3.18e-44	170
m0029	m0256	39.6	4.16e-44	169
m0029	m0217	39.4	5.43e-44	169
m0029	m0363	39.1	5.43e-44	169
m0029	m0040	39.2	7.09e-44	169
m0029	m0160	39.8	7.09e-44	169
m0029	m0296	36.9	7.09e-44	169
m0029	m0130	37.0	7.09e-44	169
m0029	m0208	39.8	7.09e-44	169
m0029	m0349	36.7	7.09e-44	169
m0029	m0371	35.9	9.26e-44	168
m0029	m0332	38.6	1.21e-43	168
m0029	m0073	34.7	1.21e-43	168
m0029	m0097	37.7	1.21e-43	168
m0029	m0099	39.4	1.21e-43	168
m0029	m0050	39.8	1.58e-43	168
m0029	m0393	38.7	1.58e-43	168
m0029	m0091	39.3	2.06e-43	167
m0029	m0286	36.2	2.06e-43	167
m0029	m0116	38.2	2.06e-43	167
m0029	m0164	38.0	4.6e-43	166
m0029	m0345	38.9	4.6e-43	166
m0029	m0181	38.9	7.84e-43	165
m0029	m0330	36.1	7.84e-43	165
m0029	m0191	36.9	1.34e-42	164
m0029	m0378	37.7	1.34e-42	164
m0029	m0114	37.5	1.34e-42	164
m0029	m0321	38.4	1.75e-42	164
m0029	m0406	38.2	1.75e-42	164
m0029	m0405	36.2	1.75e-42	164
m0029	m0319	37.2	2.28e-42	164
m0029	m0297	38.2	2.28e-42	164
m0029	m0096	38.4	2.98e-42	163
m0029	m0335	35.2	5.08e-42	163
m0029	m0348	39.3	5.08e-42	163
m0029	m0166	35.3	5.08e-42	163
m0029	m0219	38.8	6.64e-42	162
m0029	m0207	36.6	1.93e-41	161
m0029	m0216	36.4	4.3e-41	159
m0029	m0157	36.6	5.62e-41	159
m0029	m0240	35.8	9.59e-41	158
m0029	m0295	36.3	9.59e-41	158
m0029	m0177	35.5	1.25e-40	158
m0029	m0175	36.1	1.25e-40	158
m0029	m0250	35.8	1.64e-40	158
m0029	m0162	33.5	1.64e-40	158
m0029	m0261	38.4	2.14e-40	157
m0029	m0369	33.3	2.14e-40	157
m0029	m0071	36.3	2.79e-40	157
m0029	m0133	37.2	2.79e-40	157
m0029	m0042	34.4	3.64e-40	156
m0029	m0176	36.8	3.64e-40	156
m0029	m0246	35.3	4.76e-40	156
m0029	m0172	37.3	4.76e-40	156
m0029	m0186	38.4	1.81e-39	154
m0029	m0327	33.1	2.36e-39	154
m0029	m0280	36.4	2.36e-39	154
m0029	m0141	35.3	2.36e-39	154
m0029	m0239	36.8	1.17e-38	151
m0029	m0079	38.5	1.53e-38	151
m0029	m0275	33.5	9.92e-38	148
m0029	m0289	31.4	2.37e-31	127
m0029	m0140	30.3	4.62e-27	113
m0029	m0163	26.2	1.64e-24	104
m0029	m0035	30.5	1.88e-20	91
m0029	m0359	24.9	3.32e-17	80
m0029	m0293	25.7	2.01e-14	71
m0029	m0279	30.3	7.65e-14	69
m0029	m0188	28.3	1.3e-13	68
m0029	m0044	26.4	2.91e-13	67
m0029	m0268	26.5	5.13e-10	56
m0029	m0231	23.1	2.55e-09	54
m0029	m0276	23.4	2.55e-09	54
m0029	m0396	29.7	1.65e-08	51
m0029	m0221	28.7	1.4e-07	48
m0029	m0067	24.7	2.38e-07	47
m0029	m0409	21.8	0.000247	37
m0029	m0340	23.5	0.000937	35
m0029	m0376	28.8	0.00356	33
m0029	m0064	28.3	0.0302	30
m0029	m0241	29.5	0.0302	30
m0029	m0180	50.0	0.0302	30
m0029	m0146	24.9	0.0672	29
m0029	m0399	26.6	0.0877	29
m0029	m0056	27.9	0.195	28
m0029	m0176	24.5	0.435	27
m0029	m0411	23.4	4.81	23
m0030	m0277	42.4	4.5e-69	253
m0030	m0386	44.3	4.21e-67	246
m0030	m0090	43.9	6.08e-66	242
m0030	m0211	44.8	2.16e-63	234
m0030	m0049	40.6	1.4e-62	231
m0030	m0320	39.6	9.09e-62	228
m0030	m0315	40.8	3.45e-61	226
m0030	m0389	40.2	1.71e-60	224
m0030	m0061	41.9	1.89e-59	221
m0030	m0248	38.0	9.4e-59	218
m0030	m0193	40.0	1.6e-58	218
m0030	m0154	40.1	7.71e-53	199
m0030	m0253	37.4	2.93e-52	197
m0030	m0085	37.3	1.11e-51	195
m0030	m0088	38.7	3.24e-51	193
m0030	m0412	37.5	4.23e-51	193
m0030	m0404	37.6	5.53e-51	193
m0030	m0288	36.5	7.22e-51	192
m0030	m0189	39.0	6.11e-50	189
m0030	m0182	37.4	7.98e-50	189
m0030	m0228	37.9	5.72e-48	183
m0030	m0109	38.1	4.84e-47	179
m0030	m0167	37.4	5.35e-46	176
m0030	m0052	36.9	5.54e-43	166
m0030	m0224	36.0	1.15e-40	158
m0030	m0115	33.8	1.15e-40	158
m0030	m0258	38.5	1.97e-40	158
m0030	m0353	37.2	3.36e-40	157
m0030	m0357	33.9	1.67e-39	154
m0030	m0113	33.8	2.84e-39	154
m0030	m0285	32.0	7.01e-38	149
m0030	m0361	35.5	2.04e-37	148
m0030	m0138	34.3	1.32e-36	145
m0030	m0384	33.7	4.7e-34	136
m0030	m0223	33.4	1.79e-33	134
m0030	m0244	31.7	6.79e-33	132
m0030	m0270	30.5	2.58e-32	131
m0030	m0174	30.2	1.85e-30	124
m0030	m0108	29.7	7.02e-30	122
m0030	m0379	30.5	1.56e-29	121
m0030	m0209	29.1	2.34e-25	107
m0030	m0222	29.1	6.8e-25	106
m0030	m0072	27.5	0.0278	31
m0030	m0192	25.8	0.307	27
m0030	m0089	25.1	0.524	27
m0030	m0136	23.1	1.17	25
m0030	m0200	22.0	1.99	25
m0030	m0165	24.6	3.4	24
m0031	m0227	34.9	1.93e-68	251
m0031	m0290	33.2	4.44e-65	240
m0031	m0411	29.8	3.2e-47	181
m0031	m0117	38.4	2.54e-36	144
m0031	m0210	37.1	4.79e-35	140
m0031	m0399	35.3	1.65e-27	115
m0031	m0391	26.0	8.18e-27	113
m0031	m0360	32.6	4.49e-25	107
m0031	m0150	24.7	0.000974	36
m0031	m0291	22.4	0.0141	32
m0031	m0226	26.6	0.0184	32
m0031	m0221	25.3	0.0184	32
m0031	m0340	41.5	0.0698	30
m0031	m0272	100.0	0.265	28
m0031	m0265	22.2	0.265	28
m0031	m0102	39.4	0.346	28
m0031	m0376	34.1	0.452	27
m0031	m0144	22.5	0.452	27
m0031	m0220	57.9	0.452	27
m0031	m0210	56.2	0.591	27
m0031	m0409	100.0	0.771	27
m0031	m0117	40.0	0.771	27
m0031	m0268	100.0	0.771	27
m0031	m0163	100.0	0.771	27
m0031	m0385	100.0	0.771	27
m0031	m0085	29.8	8.53	23
m0032	m0077	68.6	6.81e-116	408
m0032	m0123	58.7	3.88e-95	339
m0032	m0112	59.9	1.63e-93	334
m0032	m0147	54.5	3.08e-84	303
m0032	m0247	49.2	3.3e-78	283
m0032	m0354	51.0	5.63e-78	282
m0032	m0311	50.9	1.26e-77	281
m0032	m0104	50.7	2.8e-77	280
m0032	m0070	49.8	8.13e-77	278
m0032	m0351	47.5	1.81e-76	277
m0032	m0314	49.5	2.37e-76	277
m0032	m0068	48.1	4.04e-76	276
m0032	m0299	53.9	5.27e-76	275
m0032	m0382	48.4	6.89e-76	275
m0032	m0266	52.3	8.99e-76	275
m0032	m0341	47.8	8.99e-76	275
m0032	m0273	47.8	1.17e-75	274
m0032	m0134	50.0	2e-75	273
m0032	m0098	48.8	2.62e-75	273
m0032	m0038	49.8	4.46e-75	272
m0032	m0383	47.2	4.46e-75	272
m0032	m0048	49.0	4.46e-75	272
m0032	m0187	48.5	9.94e-75	271
m0032	m0331	48.8	1.3e-74	271
m0032	m0316	50.5	1.7e-74	270
m0032	m0232	48.8	2.22e-74	270
m0032	m0410	50.4	2.22e-74	270
m0032	m0235	48.5	2.89e-74	270
m0032	m0086	48.0	2.89e-74	270
m0032	m0328	49.8	3.78e-74	269
m0032	m0292	49.6	3.78e-74	269
m0032	m0066	52.2	3.78e-74	269
m0032	m0039	46.3	4.94e-74	269
m0032	m0402	49.0	6.45e-74	268
m0032	m0194	54.8	8.42e-74	268
m0032	m0236	52.5	1.1e-73	268
m0032	m0356	50.7	2.45e-73	267
m0032	m0309	47.3	2.45e-73	267
m0032	m0046	51.3	3.2e-73	266
m0032	m0249	46.9	5.46e-73	265
m0032	m0082	47.9	7.13e-73	265
m0032	m0251	48.7	9.31e-73	265
m0032	m0170	47.3	1.59e-72	264
m0032	m0179	44.7	2.07e-72	263
m0032	m0306	47.8	3.54e-72	263
m0032	m0106	49.5	4.62e-72	262
m0032	m0125	51.9	4.62e-72	262
m0032	m0178	47.4	6.03e-72	262
m0032	m0336	49.5	7.88e-72	262
m0032	m0080	47.3	1.03e-71	261
m0032	m0171	48.5	1.34e-71	261
m0032	m0312	47.5	2.99e-71	260
m0032	m0197	46.7	3.91e-71	259
m0032	m0126	46.7	3.91e-71	259
m0032	m0190	49.4	6.67e-71	258
m0032	m0390	50.9	1.94e-70	257
m0032	m0237	50.2	1.94e-70	257
m0032	m0152	45.3	3.31e-70	256
m0032	m0196	48.0	1.64e-69	254
m0032	m0144	48.3	3.66e-69	253
m0032	m0074	46.2	4.78e-69	252
m0032	m0377	47.1	8.15e-69	252
m0032	m0137	45.4	1.82e-68	250
m0032	m0394	43.7	2.37e-68	250
m0032	m0065	50.0	3.1e-68	250
m0032	m0264	45.8	6.9e-68	248
m0032	m0234	44.4	1.18e-67	248
m0032	m0385	45.4	2.62e-67	247
m0032	m0380	44.9	5.84e-67	245
m0032	m0254	46.4	7.63e-67	245
m0032	m0169	44.8	2.22e-66	243
m0032	m0093	45.5	6.46e-66	242
m0032	m0043	47.0	2.08e-64	237
m0032	m0388	43.5	6.05e-64	235
m0032	m0372	43.1	7.9e-64	235
m0032	m0158	43.3	1.35e-63	234
m0032	m0089	46.2	1.76e-63	234
m0032	m0233	43.8	6.69e-63	232
m0032	m0294	42.8	1.95e-62	230
m0032	m0051	44.9	7.39e-62	228
m0032	m0107	47.8	7.39e-62	228
m0032	m0101	45.2	9.65e-62	228
m0032	m0057	43.0	9.65e-62	228
m0032	m0034	44.0	1.65e-61	227
m0032	m0165	46.6	4.79e-61	226
m0032	m0365	43.7	6.26e-61	225
m0032	m0364	41.8	3.11e-60	223
m0032	m0076	44.9	9.04e-60	221
m0032	m0398	45.7	1.18e-59	221
m0032	m0100	41.4	3.43e-59	220
m0032	m0200	41.9	4.48e-59	219
m0032	m0087	39.9	9.99e-59	218
m0032	m0368	40.6	2.23e-58	217
m0032	m0195	39.0	2.23e-58	217
m0032	m0323	45.7	8.46e-58	215
m0032	m0201	44.6	1.44e-57	214
m0032	m0054	45.2	1.88e-57	214
m0032	m0305	41.2	2.46e-57	213
m0032	m0269	44.3	9.35e-57	211
m0032	m0072	41.2	1.59e-56	211
m0032	m0073	40.1	2.72e-56	210
m0032	m0397	42.7	3.55e-56	210
m0032	m0274	41.8	3.55e-56	210
m0032	m0173	43.5	6.06e-56	209
m0032	m0408	40.1	1.03e-55	208
m0032	m0342	43.8	1.03e-55	208
m0032	m0245	40.4	1.03e-55	208
m0032	m0338	42.3	1.35e-55	208
m0032	m0127	42.2	1.35e-55	208
m0032	m0161	42.8	1.76e-55	207
m0032	m0105	43.2	3.01e-55	206
m0032	m0387	43.4	5.13e-55	206
m0032	m0348	45.0	5.13e-55	206
m0032	m0136	43.6	6.7e-55	205
m0032	m0121	39.5	8.75e-55	205
m0032	m0069	42.5	8.75e-55	205
m0032	m0114	44.1	1.14e-54	205
m0032	m0217	45.0	2.55e-54	203
m0032	m0321	44.0	2.55e-54	203
m0032	m0343	38.0	3.33e-54	203
m0032	m0099	43.9	4.34e-54	203
m0032	m0393	43.9	9.68e-54	201
m0032	m0363	43.6	9.68e-54	201
m0032	m0405	42.4	9.68e-54	201
m0032	m0332	44.0	1.65e-53	201
m0032	m0345	44.0	1.65e-53	201
m0032	m0040	42.7	2.16e-53	200
m0032	m0230	44.0	2.16e-53	200
m0032	m0164	41.8	2.82e-53	200
m0032	m0053	43.1	3.68e-53	200
m0032	m0050	41.7	8.19e-53	198
m0032	m0160	42.4	8.19e-53	198
m0032	m0185	40.3	1.07e-52	198
m0032	m0400	43.8	1.4e-52	198
m0032	m0378	43.0	1.82e-52	197
m0032	m0334	45.6	1.82e-52	197
m0032	m0256	42.8	1.82e-52	197
m0032	m0297	43.1	2.38e-52	197
m0032	m0317	39.9	3.11e-52	196
m0032	m0096	43.0	5.31e-52	196
m0032	m0283	41.3	5.31e-52	196
m0032	m0168	39.3	9.06e-52	195
m0032	m0208	43.0	1.18e-51	195
m0032	m0282	42.8	2.02e-51	194
m0032	m0166	41.2	4.49e-51	193
m0032	m0212	38.8	4.49e-51	193
m0032	m0286	40.4	7.67e-51	192
m0032	m0295	42.8	1.31e-50	191
m0032	m0177	41.7	2.91e-50	190
m0032	m0406	42.4	6.49e-50	189
m0032	m0349	40.9	8.48e-50	188
m0032	m0071	40.4	1.45e-49	188
m0032	m0278	40.6	1.89e-49	187
m0032	m0330	42.2	2.47e-49	187
m0032	m0371	39.4	3.22e-49	186
m0032	m0116	39.4	4.21e-49	186
m0032	m0250	40.4	5.49e-49	186
m0032	m0181	42.7	5.49e-49	186
m0032	m0319	41.7	7.18e-49	185
m0032	m0296	42.1	1.22e-48	184
m0032	m0240	42.2	1.22e-48	184
m0032	m0370	41.3	1.22e-48	184
m0032	m0229	41.3	1.22e-48	184
m0032	m0079	43.6	3.56e-48	183
m0032	m0172	42.2	3.56e-48	183
m0032	m0130	39.9	4.65e-48	183
m0032	m0219	44.0	1.04e-47	181
m0032	m0337	40.3	1.04e-47	181
m0032	m0280	40.3	1.04e-47	181
m0032	m0133	42.9	1.35e-47	181
m0032	m0191	41.4	1.35e-47	181
m0032	m0216	41.2	3.01e-47	180
m0032	m0097	39.9	6.72e-47	179
m0032	m0176	40.1	6.72e-47	179
m0032	m0091	39.5	6.72e-47	179
m0032	m0186	40.6	8.77e-47	178
m0032	m0162	37.8	1.15e-46	178
m0032	m0261	40.1	1.15e-46	178
m0032	m0284	41.5	1.15e-46	178
m0032	m0141	40.7	1.5e-46	178
m0032	m0042	39.3	1.5e-46	178
m0032	m0239	40.1	1.95e-46	177
m0032	m0157	40.7	2.55e-46	177
m0032	m0327	39.2	7.43e-46	175
m0032	m0175	39.9	7.43e-46	175
m0032	m0246	39.9	9.7e-46	175
m0032	m0369	36.6	1.07e-44	171
m0032	m0207	39.0	1.4e-44	171
m0032	m0335	39.3	3.12e-44	170
m0032	m0275	33.2	2.73e-40	157
m0032	m0289	35.1	8.23e-37	145
m0032	m0140	33.6	2.48e-33	134
m0032	m0163	32.9	3.24e-33	133
m0032	m0035	29.9	6.75e-31	126
m0032	m0293	29.7	3.24e-25	107
m0032	m0359	28.2	1.51e-22	98
m0032	m0268	33.5	5.73e-22	96
m0032	m0231	29.5	7e-20	89
m0032	m0188	28.4	1.61e-16	78
m0032	m0044	29.6	1.16e-14	72
m0032	m0276	25.2	4.39e-14	70
m0032	m0396	27.9	9.79e-14	69
m0032	m0279	28.6	1.28e-13	68
m0032	m0124	25.4	1.73e-10	58
m0032	m0267	25.8	1.62e-08	51
m0032	m0067	26.1	1.79e-07	48
m0032	m0221	31.2	2.58e-06	44
m0032	m0307	25.6	3.37e-06	44
m0032	m0220	24.7	7.51e-06	42
m0032	m0218	23.4	0.00157	35
m0032	m0339	24.1	0.00777	32
m0032	m0376	28.7	0.0102	32
m0032	m0411	26.6	0.0133	32
m0032	m0340	26.0	0.0173	31
m0032	m0146	23.1	0.0386	30
m0032	m0345	26.7	0.0504	30
m0032	m0324	24.1	0.0658	29
m0032	m0056	27.0	0.147	28
m0032	m0375	28.4	0.147	28
m0032	m0059	32.1	0.427	27
m0032	m0092	25.0	0.95	25
m0032	m0325	32.8	1.24	25
m0032	m0198	34.8	2.12	24
m0032	m0149	33.8	2.77	24
m0032	m0102	30.0	6.16	23
m0032	m0084	34.8	8.05	22
m0033	m0308	26.9	8.64e-17	79
m0033	m0298	25.3	9.58e-08	49
m0033	m0366	27.4	0.000492	37
m0033	m0381	25.0	0.00319	34
m0033	m0052	40.0	7.35	23
m0033	m0119	41.9	7.35	23
m0033	m0116	37.2	9.6	23
m0034	m0390	57.6	1.2e-91	327
m0034	m0237	60.3	1.2e-91	327
m0034	m0299	58.7	6.57e-90	322
m0034	m0402	58.1	3.26e-89	319
m0034	m0331	57.5	3.26e-89	319
m0034	m0273	56.2	1.98e-86	310
m0034	m0106	54.1	1.42e-84	304
m0034	m0316	54.9	4.12e-84	302
m0034	m0236	54.8	1.02e-82	298
m0034	m0125	55.6	1.02e-82	298
m0034	m0134	53.8	1.73e-82	297
m0034	m0306	51.7	8.6e-82	295
m0034	m0398	57.9	7.28e-81	292
m0034	m0196	55.3	1.62e-80	290
m0034	m0158	53.7	1.62e-80	290
m0034	m0235	53.1	2.77e-80	290
m0034	m0086	51.9	3.61e-80	289
m0034	m0380	55.6	6.16e-80	289
m0034	m0394	50.3	6.81e-79	285
m0034	m0200	51.3	6.81e-79	285
m0034	m0057	53.3	1.52e-78	284
m0034	m0336	52.3	5.77e-78	282
m0034	m0314	49.7	5.77e-78	282
m0034	m0137	50.0	7.53e-78	282
m0034	m0171	50.5	1.29e-77	281
m0034	m0089	50.7	1.29e-77	281
m0034	m0169	51.2	1.68e-77	280
m0034	m0190	53.6	1.68e-77	280
m0034	m0232	50.7	2.19e-77	280
m0034	m0048	51.7	3.74e-77	279
m0034	m0372	52.6	8.33e-77	278
m0034	m0328	54.0	1.09e-76	278
m0034	m0249	49.7	5.4e-76	275
m0034	m0388	50.3	9.21e-76	275
m0034	m0264	49.0	1.2e-75	274
m0034	m0065	49.0	4.57e-75	272
m0034	m0309	49.3	1.74e-74	270
m0034	m0234	50.3	1.74e-74	270
m0034	m0051	49.5	5.05e-74	269
m0034	m0377	49.0	8.62e-74	268
m0034	m0305	51.4	1.92e-73	267
m0034	m0368	48.8	2.51e-73	267
m0034	m0233	50.2	7.3e-73	265
m0034	m0349	50.5	2.77e-72	263
m0034	m0157	48.9	3.62e-72	263
m0034	m0323	47.8	6.18e-72	262
m0034	m0294	50.7	1.05e-71	261
m0034	m0144	52.7	1.38e-71	261
m0034	m0261	50.7	2.35e-71	260
m0034	m0274	46.9	2.35e-71	260
m0034	m0186	51.7	3.07e-71	260
m0034	m0330	49.8	6.83e-71	258
m0034	m0185	49.0	1.17e-70	258
m0034	m0072	47.3	1.17e-70	258
m0034	m0076	46.7	1.52e-70	257
m0034	m0161	48.1	1.52e-70	257
m0034	m0172	49.1	4.43e-70	256
m0034	m0191	47.2	4.43e-70	256
m0034	m0282	50.9	5.78e-70	255
m0034	m0216	50.0	7.55e-70	255
m0034	m0400	49.2	7.55e-70	255
m0034	m0177	50.0	1.68e-69	254
m0034	m0141	48.3	2.2e-69	253
m0034	m0133	50.9	2.2e-69	253
m0034	m0229	49.1	3.75e-69	253
m0034	m0240	50.4	3.75e-69	253
m0034	m0296	49.8	4.89e-69	252
m0034	m0246	48.6	4.89e-69	252
m0034	m0091	47.5	6.39e-69	252
m0034	m0166	48.2	6.39e-69	252
m0034	m0335	47.5	6.39e-69	252
m0034	m0269	50.2	8.35e-69	252
m0034	m0327	48.3	1.09e-68	251
m0034	m0393	46.8	1.09e-68	251
m0034	m0250	49.6	1.42e-68	251
m0034	m0342	48.3	1.42e-68	251
m0034	m0126	46.6	1.86e-68	250
m0034	m0365	45.9	1.86e-68	250
m0034	m0332	47.8	2.43e-68	250
m0034	m0112	47.3	2.43e-68	250
m0034	m0066	48.4	2.43e-68	250
m0034	m0219	51.4	4.14e-68	249
m0034	m0201	46.3	5.41e-68	249
m0034	m0114	46.9	5.41e-68	249
m0034	m0053	47.6	5.41e-68	249
m0034	m0343	48.3	7.07e-68	248
m0034	m0099	47.1	7.07e-68	248
m0034	m0348	49.1	9.23e-68	248
m0034	m0073	51.4	9.23e-68	248
m0034	m0345	48.1	9.23e-68	248
m0034	m0100	47.0	1.21e-67	248
m0034	m0256	48.8	1.21e-67	248
m0034	m0378	47.0	1.57e-67	247
m0034	m0046	49.6	1.57e-67	247
m0034	m0278	46.7	2.06e-67	247
m0034	m0071	47.3	2.06e-67	247
m0034	m0181	48.2	3.51e-67	246
m0034	m0127	48.0	3.51e-67	246
m0034	m0136	48.7	4.58e-67	246
m0034	m0218	47.6	5.98e-67	245
m0034	m0160	47.2	5.98e-67	245
m0034	m0364	47.8	5.98e-67	245
m0034	m0217	48.3	7.81e-67	245
m0034	m0164	47.7	7.81e-67	245
m0034	m0382	46.9	7.81e-67	245
m0034	m0040	48.8	1.02e-66	245
m0034	m0405	47.4	1.02e-66	245
m0034	m0338	46.8	1.02e-66	245
m0034	m0194	47.1	1.33e-66	244
m0034	m0397	47.6	1.33e-66	244
m0034	m0230	47.9	1.74e-66	244
m0034	m0317	43.7	2.27e-66	243
m0034	m0042	51.7	2.97e-66	243
m0034	m0208	48.2	3.88e-66	243
m0034	m0175	46.2	5.07e-66	242
m0034	m0297	49.8	6.62e-66	242
m0034	m0121	44.3	8.64e-66	242
m0034	m0406	45.2	1.13e-65	241
m0034	m0363	45.6	1.47e-65	241
m0034	m0105	46.0	1.92e-65	240
m0034	m0176	48.1	1.92e-65	240
m0034	m0295	46.6	2.51e-65	240
m0034	m0050	47.2	2.51e-65	240
m0034	m0096	47.0	4.29e-65	239
m0034	m0387	47.3	5.6e-65	239
m0034	m0283	46.0	5.6e-65	239
m0034	m0212	45.8	5.6e-65	239
m0034	m0321	45.9	7.31e-65	238
m0034	m0247	43.8	1.63e-64	237
m0034	m0123	47.8	1.63e-64	237
m0034	m0079	50.0	2.13e-64	237
m0034	m0266	43.1	2.78e-64	236
m0034	m0152	43.9	3.63e-64	236
m0034	m0337	45.2	6.19e-64	235
m0034	m0286	46.1	6.19e-64	235
m0034	m0080	45.7	8.09e-64	235
m0034	m0101	44.6	8.09e-64	235
m0034	m0354	42.9	1.06e-63	235
m0034	m0280	44.4	1.8e-63	234
m0034	m0195	45.1	4.01e-63	233
m0034	m0370	44.7	8.94e-63	231
m0034	m0097	46.0	8.94e-63	231
m0034	m0130	47.1	1.17e-62	231
m0034	m0069	45.1	1.53e-62	231
m0034	m0408	42.9	2.6e-62	230
m0034	m0207	46.9	2.6e-62	230
m0034	m0254	46.0	3.4e-62	230
m0034	m0087	44.4	3.4e-62	230
m0034	m0147	42.4	5.8e-62	229
m0034	m0104	40.8	9.89e-62	228
m0034	m0043	44.9	1.69e-61	227
m0034	m0116	45.4	2.2e-61	227
m0034	m0239	43.9	2.88e-61	226
m0034	m0319	46.8	8.37e-61	225
m0034	m0070	42.8	1.43e-60	224
m0034	m0165	44.4	2.43e-60	223
m0034	m0093	42.8	1.58e-59	221
m0034	m0178	41.6	2.06e-59	220
m0034	m0383	40.6	2.69e-59	220
m0034	m0173	42.3	6e-59	219
m0034	m0311	41.8	1.02e-58	218
m0034	m0038	40.9	2.28e-58	217
m0034	m0107	45.3	3.89e-58	216
m0034	m0251	41.1	5.08e-58	216
m0034	m0054	43.6	6.63e-58	215
m0034	m0351	39.8	6.63e-58	215
m0034	m0077	43.8	8.66e-58	215
m0034	m0082	39.6	8.66e-58	215
m0034	m0098	40.7	1.13e-57	215
m0034	m0187	39.4	5.61e-57	212
m0034	m0341	43.8	1.25e-56	211
m0034	m0356	41.9	1.25e-56	211
m0034	m0312	40.4	1.38e-55	208
m0034	m0292	39.2	1.81e-55	207
m0034	m0170	39.0	4.02e-55	206
m0034	m0385	40.8	5.25e-55	206
m0034	m0197	38.5	2.61e-54	203
m0034	m0068	38.7	5.81e-54	202
m0034	m0039	38.1	9.91e-54	201
m0034	m0179	35.9	6.42e-53	199
m0034	m0410	37.7	1.1e-52	198
m0034	m0245	43.6	3.19e-52	196
m0034	m0334	38.9	3.19e-52	196
m0034	m0074	38.7	8.68e-50	188
m0034	m0371	40.8	1.39e-47	181
m0034	m0284	40.3	2.61e-46	177
m0034	m0162	37.6	4.46e-46	176
m0034	m0168	35.7	1.69e-45	174
m0034	m0369	34.6	1.76e-34	138
m0034	m0275	33.1	6.25e-32	129
m0034	m0140	29.1	1.35e-26	111
m0034	m0163	30.5	1.95e-25	107
m0034	m0289	27.9	2.54e-25	107
m0034	m0035	29.6	5.86e-22	96
m0034	m0293	27.3	4.07e-15	73
m0034	m0231	25.7	1.18e-14	72
m0034	m0276	24.4	3.45e-14	70
m0034	m0396	27.6	1.71e-13	68
m0034	m0359	25.2	1.11e-12	65
m0034	m0267	24.8	1.45e-12	65
m0034	m0124	23.2	1.89e-12	64
m0034	m0188	27.7	7.18e-12	62
m0034	m0044	26.9	9.38e-12	62
m0034	m0067	23.9	9.71e-09	52
m0034	m0221	31.0	4.08e-07	47
m0034	m0102	27.3	3.82e-05	40
m0034	m0221	24.8	0.00357	33
m0034	m0220	26.2	0.0104	32
m0034	m0409	22.8	0.0395	30
m0034	m0340	23.6	0.088	29
m0034	m0111	36.7	0.088	29
m0034	m0257	34.0	0.115	28
m0034	m0221	28.6	0.115	28
m0034	m0127	19.4	0.571	26
m0034	m0111	35.3	0.973	25
m0034	m0339	24.7	2.83	24
m0034	m0075	24.7	3.7	23
m0035	m0293	46.9	7.12e-70	255
m0035	m0359	42.4	5.28e-65	239
m0035	m0247	31.4	2.39e-33	134
m0035	m0112	30.9	4.51e-32	129
m0035	m0123	29.7	4.22e-30	123
m0035	m0147	28.9	1.23e-29	121
m0035	m0100	31.1	3.58e-29	120
m0035	m0341	28.6	1.36e-28	118
m0035	m0316	31.4	1.77e-28	117
m0035	m0077	28.8	1.15e-27	115
m0035	m0266	29.6	1.96e-27	114
m0035	m0170	28.6	2.56e-27	114
m0035	m0104	28.8	3.35e-27	113
m0035	m0383	28.1	3.35e-27	113
m0035	m0354	29.1	7.46e-27	112
m0035	m0070	29.5	8.24e-26	109
m0035	m0068	28.6	1.08e-25	108
m0035	m0311	30.7	1.08e-25	108
m0035	m0134	31.2	1.08e-25	108
m0035	m0187	27.5	1.41e-25	108
m0035	m0171	28.7	1.84e-25	107
m0035	m0234	28.0	2.4e-25	107
m0035	m0216	27.8	2.4e-25	107
m0035	m0196	30.7	2.4e-25	107
m0035	m0136	30.0	3.13e-25	107
m0035	m0082	27.7	5.34e-25	106
m0035	m0197	26.2	5.34e-25	106
m0035	m0402	29.5	6.98e-25	106
m0035	m0169	27.0	6.98e-25	106
m0035	m0144	28.8	9.11e-25	105
m0035	m0328	31.1	9.11e-25	105
m0035	m0292	30.4	1.55e-24	104
m0035	m0114	29.5	1.55e-24	104
m0035	m0126	30.7	2.03e-24	104
m0035	m0125	30.6	2.03e-24	104
m0035	m0039	27.6	2.03e-24	104
m0035	m0080	29.5	2.65e-24	104
m0035	m0400	29.1	3.46e-24	103
m0035	m0351	30.1	3.46e-24	103
m0035	m0246	28.4	3.46e-24	103
m0035	m0236	28.2	4.52e-24	103
m0035	m0178	25.7	4.52e-24	103
m0035	m0275	32.1	5.91e-24	102
m0035	m0269	29.2	5.91e-24	102
m0035	m0312	28.1	5.91e-24	102
m0035	m0398	31.4	7.72e-24	102
m0035	m0280	30.9	7.72e-24	102
m0035	m0051	27.7	7.72e-24	102
m0035	m0331	30.2	7.72e-24	102
m0035	m0323	28.2	1.01e-23	102
m0035	m0382	27.9	1.01e-23	102
m0035	m0289	28.9	1.32e-23	101
m0035	m0076	28.5	1.32e-23	101
m0035	m0296	28.6	1.32e-23	101
m0035	m0369	30.3	1.32e-23	101
m0035	m0305	29.9	1.72e-23	101
m0035	m0195	28.1	1.72e-23	101
m0035	m0338	29.6	1.72e-23	101
m0035	m0309	28.1	2.24e-23	101
m0035	m0330	27.5	2.93e-23	100
m0035	m0250	28.0	2.93e-23	100
m0035	m0177	27.1	2.93e-23	100
m0035	m0212	28.5	2.93e-23	100
m0035	m0106	29.4	3.83e-23	100
m0035	m0235	30.1	3.83e-23	100
m0035	m0390	29.6	5e-23	99
m0035	m0089	26.3	5e-23	99
m0035	m0098	27.4	5e-23	99
m0035	m0093	28.7	6.53e-23	99
m0035	m0173	29.0	6.53e-23	99
m0035	m0191	26.3	6.53e-23	99
m0035	m0074	26.2	8.53e-23	99
m0035	m0165	30.9	8.53e-23	99
m0035	m0273	29.1	8.53e-23	99
m0035	m0348	29.3	1.46e-22	98
m0035	m0099	28.7	1.46e-22	98
m0035	m0164	28.3	1.46e-22	98
m0035	m0087	26.4	1.46e-22	98
m0035	m0194	28.1	1.9e-22	97
m0035	m0053	27.7	2.48e-22	97
m0035	m0043	27.5	2.48e-22	97
m0035	m0101	28.9	2.48e-22	97
m0035	m0040	28.1	2.48e-22	97
m0035	m0233	26.3	3.24e-22	97
m0035	m0314	27.3	3.24e-22	97
m0035	m0232	28.9	3.24e-22	97
m0035	m0342	28.1	3.24e-22	97
m0035	m0229	25.8	3.24e-22	97
m0035	m0046	29.7	3.24e-22	97
m0035	m0185	26.6	3.24e-22	97
m0035	m0054	29.0	4.23e-22	96
m0035	m0264	28.1	4.23e-22	96
m0035	m0208	27.5	4.23e-22	96
m0035	m0393	29.3	4.23e-22	96
m0035	m0190	28.1	4.23e-22	96
m0035	m0283	27.7	5.53e-22	96
m0035	m0388	27.2	5.53e-22	96
m0035	m0327	28.5	5.53e-22	96
m0035	m0299	28.9	5.53e-22	96
m0035	m0240	26.2	7.22e-22	96
m0035	m0066	29.1	9.43e-22	95
m0035	m0394	27.3	9.43e-22	95
m0035	m0261	28.9	9.43e-22	95
m0035	m0175	26.2	9.43e-22	95
m0035	m0166	27.5	1.23e-21	95
m0035	m0365	25.5	1.23e-21	95
m0035	m0245	26.0	1.23e-21	95
m0035	m0073	29.0	1.61e-21	94
m0035	m0370	26.1	1.61e-21	94
m0035	m0372	30.1	1.61e-21	94
m0035	m0207	27.1	2.1e-21	94
m0035	m0377	27.4	2.1e-21	94
m0035	m0096	27.7	2.1e-21	94
m0035	m0200	26.2	2.1e-21	94
m0035	m0378	27.0	2.1e-21	94
m0035	m0306	26.6	2.74e-21	94
m0035	m0038	26.4	3.58e-21	93
m0035	m0186	27.8	3.58e-21	93
m0035	m0048	27.5	3.58e-21	93
m0035	m0363	27.2	4.68e-21	93
m0035	m0278	26.2	4.68e-21	93
m0035	m0133	25.9	4.68e-21	93
m0035	m0282	24.3	4.68e-21	93
m0035	m0160	26.6	4.68e-21	93
m0035	m0057	27.3	6.11e-21	92
m0035	m0065	27.0	6.11e-21	92
m0035	m0319	26.0	6.11e-21	92
m0035	m0256	27.0	6.11e-21	92
m0035	m0410	26.6	6.11e-21	92
m0035	m0345	27.0	7.98e-21	92
m0035	m0349	25.7	7.98e-21	92
m0035	m0336	27.3	7.98e-21	92
m0035	m0127	27.5	7.98e-21	92
m0035	m0249	25.6	7.98e-21	92
m0035	m0218	26.6	7.98e-21	92
m0035	m0364	26.3	7.98e-21	92
m0035	m0286	27.2	1.04e-20	92
m0035	m0237	27.2	1.04e-20	92
m0035	m0179	26.1	1.04e-20	92
m0035	m0158	27.1	1.04e-20	92
m0035	m0050	25.9	1.36e-20	91
m0035	m0181	29.3	1.36e-20	91
m0035	m0321	28.1	1.36e-20	91
m0035	m0337	25.9	1.36e-20	91
m0035	m0161	28.1	1.36e-20	91
m0035	m0176	27.2	1.36e-20	91
m0035	m0356	27.0	1.78e-20	91
m0035	m0152	26.8	1.78e-20	91
m0035	m0332	26.6	1.78e-20	91
m0035	m0230	25.0	1.78e-20	91
m0035	m0086	27.5	1.78e-20	91
m0035	m0107	28.8	2.32e-20	91
m0035	m0380	25.6	2.32e-20	91
m0035	m0130	28.8	2.32e-20	91
m0035	m0072	25.3	3.03e-20	90
m0035	m0406	24.5	3.03e-20	90
m0035	m0239	27.6	3.03e-20	90
m0035	m0157	29.1	3.96e-20	90
m0035	m0295	26.4	3.96e-20	90
m0035	m0071	26.0	3.96e-20	90
m0035	m0105	25.9	3.96e-20	90
m0035	m0121	27.0	3.96e-20	90
m0035	m0317	26.5	3.96e-20	90
m0035	m0097	25.9	5.18e-20	89
m0035	m0219	25.9	6.76e-20	89
m0035	m0335	27.2	6.76e-20	89
m0035	m0079	29.8	6.76e-20	89
m0035	m0254	27.5	1.15e-19	88
m0035	m0042	27.7	1.15e-19	88
m0035	m0172	25.7	1.15e-19	88
m0035	m0116	26.3	1.15e-19	88
m0035	m0387	28.3	1.51e-19	88
m0035	m0201	27.2	1.51e-19	88
m0035	m0385	25.3	1.51e-19	88
m0035	m0162	27.9	1.97e-19	87
m0035	m0251	26.0	1.97e-19	87
m0035	m0371	27.8	2.57e-19	87
m0035	m0368	27.0	2.57e-19	87
m0035	m0297	26.6	3.35e-19	87
m0035	m0069	28.3	3.35e-19	87
m0035	m0141	24.1	5.72e-19	86
m0035	m0217	25.5	5.72e-19	86
m0035	m0408	26.3	7.47e-19	86
m0035	m0091	24.0	7.47e-19	86
m0035	m0276	25.5	7.47e-19	86
m0035	m0405	26.7	1.66e-18	84
m0035	m0397	26.3	2.17e-18	84
m0035	m0163	26.3	4.84e-18	83
m0035	m0137	26.6	1.08e-17	82
m0035	m0294	28.6	1.41e-17	81
m0035	m0334	28.5	1.84e-17	81
m0035	m0274	24.6	2.04e-16	77
m0035	m0140	26.6	3.47e-16	77
m0035	m0231	27.0	5.92e-16	76
m0035	m0188	26.5	5.92e-16	76
m0035	m0284	25.1	5.54e-14	69
m0035	m0168	21.8	8e-13	65
m0035	m0067	24.8	4.39e-11	60
m0035	m0268	26.0	8.28e-10	55
m0035	m0044	26.7	1.08e-09	55
m0035	m0307	23.3	2.76e-05	40
m0035	m0221	26.1	0.000137	38
m0035	m0291	28.2	0.000233	37
m0035	m0340	26.0	0.00198	34
m0035	m0220	33.3	0.00198	34
m0035	m0139	22.7	0.0044	33
m0035	m0338	51.4	0.703	26
m0035	m0146	18.8	0.703	26
m0035	m0343	22.6	0.703	26
m0035	m0238	43.2	1.57	25
m0035	m0241	25.0	3.49	23
m0036	m0373	76.0	5.04e-186	641
m0036	m0045	66.9	1.17e-158	550
m0036	m0129	63.5	1.02e-154	537
m0036	m0304	60.8	1.1e-148	517
m0036	m0159	60.1	1.13e-145	507
m0036	m0094	61.8	2.62e-142	496
m0036	m0078	50.5	5.49e-116	409
m0036	m0238	49.3	9.37e-116	408
m0036	m0065	32.9	0.155	28
m0036	m0122	25.5	0.45	27
m0036	m0321	29.9	2.91	24
m0036	m0342	26.9	3.81	24
m0036	m0099	25.4	4.97	23
m0036	m0040	26.9	4.97	23
m0036	m0405	26.9	8.48	23
m0036	m0219	34.0	8.48	23
m0037	m0271	24.7	9.51e-09	52
m0037	m0064	27.6	3.62e-08	50
m0037	m0132	25.3	3.38e-06	44
m0037	m0199	24.7	7.54e-06	42
m0037	m0059	27.1	0.000922	35
m0037	m0155	29.2	0.0012	35
m0037	m0319	27.5	0.428	27
m0037	m0091	25.2	0.559	26
m0037	m0170	21.8	1.25	25
m0037	m0300	31.7	3.62	23
m0037	m0312	21.8	6.18	23
m0037	m0116	25.0	8.07	22
m0037	m0187	20.9	8.07	22
m0037	m0070	28.6	8.07	22
m0038	m0251	90.1	8.47e-165	570
m0038	m0312	67.8	1.68e-112	397
m0038	m0082	60.6	4.13e-111	392
m0038	m0187	62.0	1.2e-110	391
m0038	m0178	61.1	2.27e-109	386
m0038	m0197	62.2	3.87e-109	386
m0038	m0170	65.9	3.62e-107	379
m0038	m0356	60.1	2.35e-106	376
m0038	m0383	61.8	6.39e-104	368
m0038	m0351	58.7	2.27e-101	360
m0038	m0039	57.5	5.06e-101	359
m0038	m0292	57.3	8.63e-101	358
m0038	m0070	56.1	1.47e-100	357
m0038	m0098	56.9	4.28e-100	356
m0038	m0311	56.6	4.28e-100	356
m0038	m0179	56.0	3.07e-98	349
m0038	m0068	56.2	5.24e-98	349
m0038	m0410	61.8	3.39e-97	346
m0038	m0247	55.4	3.3e-84	303
m0038	m0147	54.7	5.62e-84	302
m0038	m0104	52.8	1.43e-79	287
m0038	m0385	50.7	8.69e-77	278
m0038	m0266	52.8	4.31e-76	276
m0038	m0354	53.0	4.77e-75	272
m0038	m0077	51.9	4.77e-75	272
m0038	m0048	49.1	1.53e-73	267
m0038	m0328	52.6	9.94e-73	265
m0038	m0234	50.2	2.22e-72	263
m0038	m0299	52.3	2.89e-72	263
m0038	m0196	52.3	6.45e-72	262
m0038	m0112	50.9	1.88e-71	260
m0038	m0402	48.0	2.45e-71	260
m0038	m0249	45.6	2.45e-71	260
m0038	m0171	52.3	2.45e-71	260
m0038	m0080	53.6	2.45e-71	260
m0038	m0194	52.9	3.2e-71	260
m0038	m0377	51.7	4.18e-71	259
m0038	m0382	50.6	7.13e-71	258
m0038	m0168	45.4	7.13e-71	258
m0038	m0123	50.0	9.31e-71	258
m0038	m0086	49.1	1.59e-70	257
m0038	m0237	47.7	3.54e-70	256
m0038	m0390	47.6	4.62e-70	256
m0038	m0314	49.1	6.03e-70	255
m0038	m0306	47.2	1.76e-69	254
m0038	m0126	46.4	1.76e-69	254
m0038	m0336	50.2	1.76e-69	254
m0038	m0273	44.7	5.11e-69	252
m0038	m0134	50.4	8.71e-69	252
m0038	m0398	46.4	1.14e-68	251
m0038	m0158	46.0	1.49e-68	251
m0038	m0264	48.7	2.53e-68	250
m0038	m0190	48.3	3.31e-68	250
m0038	m0144	47.6	4.32e-68	249
m0038	m0106	44.9	2.15e-67	247
m0038	m0169	43.0	2.8e-67	247
m0038	m0125	50.6	4.78e-67	246
m0038	m0089	50.2	8.15e-67	245
m0038	m0046	46.1	2.37e-66	243
m0038	m0316	45.7	3.1e-66	243
m0038	m0309	46.0	3.1e-66	243
m0038	m0331	50.2	3.1e-66	243
m0038	m0232	43.9	5.29e-66	242
m0038	m0235	44.3	5.29e-66	242
m0038	m0380	44.7	1.54e-65	241
m0038	m0236	49.4	3.43e-65	240
m0038	m0388	44.3	5.84e-65	239
m0038	m0065	47.3	1.3e-64	238
m0038	m0365	45.3	2.9e-64	236
m0038	m0368	46.6	4.95e-64	236
m0038	m0137	46.6	1.88e-63	234
m0038	m0372	46.2	9.33e-63	231
m0038	m0152	45.9	9.33e-63	231
m0038	m0066	43.9	2.71e-62	230
m0038	m0200	43.5	1.35e-61	228
m0038	m0100	44.3	3.92e-61	226
m0038	m0343	43.1	8.73e-61	225
m0038	m0341	46.7	1.49e-60	224
m0038	m0057	43.5	1.49e-60	224
m0038	m0233	41.9	3.32e-60	223
m0038	m0394	43.6	4.33e-60	223
m0038	m0305	43.0	5.66e-60	222
m0038	m0072	41.4	9.65e-60	221
m0038	m0087	43.0	8.17e-59	218
m0038	m0294	42.7	1.07e-58	218
m0038	m0254	43.2	1.07e-58	218
m0038	m0093	39.5	1.82e-58	217
m0038	m0334	47.3	4.06e-58	216
m0038	m0051	42.9	7.65e-57	212
m0038	m0364	42.4	3.8e-56	210
m0038	m0069	44.6	1.88e-55	207
m0038	m0195	42.6	5.48e-55	206
m0038	m0101	43.4	1.22e-54	205
m0038	m0076	42.5	1.35e-53	201
m0038	m0074	43.7	1.35e-53	201
m0038	m0245	39.8	1.76e-53	201
m0038	m0121	40.8	1.14e-52	198
m0038	m0387	41.1	1.49e-52	198
m0038	m0161	41.3	7.41e-52	195
m0038	m0073	41.3	1.65e-51	194
m0038	m0408	40.4	2.82e-51	193
m0038	m0397	42.0	6.27e-51	192
m0038	m0274	41.4	6.27e-51	192
m0038	m0296	40.5	1.07e-50	191
m0038	m0371	37.9	1.07e-50	191
m0038	m0185	41.8	1.83e-50	191
m0038	m0107	40.5	1.83e-50	191
m0038	m0165	38.1	2.38e-50	190
m0038	m0282	42.3	2.38e-50	190
m0038	m0338	39.9	3.11e-50	190
m0038	m0181	42.9	6.94e-50	189
m0038	m0229	42.3	6.94e-50	189
m0038	m0323	41.6	9.06e-50	188
m0038	m0043	39.3	9.06e-50	188
m0038	m0136	39.0	2.02e-49	187
m0038	m0173	38.6	2.64e-49	187
m0038	m0176	38.6	4.5e-49	186
m0038	m0370	39.5	4.5e-49	186
m0038	m0250	41.8	5.87e-49	186
m0038	m0201	43.0	7.67e-49	185
m0038	m0280	40.5	1e-48	185
m0038	m0219	43.3	1.31e-48	184
m0038	m0054	39.2	1.31e-48	184
m0038	m0162	39.1	1.71e-48	184
m0038	m0284	40.1	1.71e-48	184
m0038	m0127	40.1	1.71e-48	184
m0038	m0330	39.2	3.81e-48	183
m0038	m0105	37.9	3.81e-48	183
m0038	m0212	40.5	8.48e-48	182
m0038	m0286	38.7	1.11e-47	181
m0038	m0400	38.9	1.45e-47	181
m0038	m0406	40.3	1.45e-47	181
m0038	m0230	40.4	3.22e-47	180
m0038	m0269	39.7	3.22e-47	180
m0038	m0342	42.3	5.5e-47	179
m0038	m0216	39.6	5.5e-47	179
m0038	m0283	36.8	9.37e-47	178
m0038	m0239	37.8	9.37e-47	178
m0038	m0114	40.4	9.37e-47	178
m0038	m0097	38.2	1.22e-46	178
m0038	m0240	38.5	1.6e-46	178
m0038	m0040	41.9	1.6e-46	178
m0038	m0208	41.9	2.09e-46	177
m0038	m0337	38.4	2.09e-46	177
m0038	m0217	42.3	2.73e-46	177
m0038	m0349	37.8	2.73e-46	177
m0038	m0096	42.3	2.73e-46	177
m0038	m0278	35.9	2.73e-46	177
m0038	m0218	41.5	3.56e-46	176
m0038	m0099	42.3	3.56e-46	176
m0038	m0116	41.3	3.56e-46	176
m0038	m0166	38.8	3.56e-46	176
m0038	m0133	40.1	4.65e-46	176
m0038	m0079	42.5	4.65e-46	176
m0038	m0071	39.4	4.65e-46	176
m0038	m0091	40.1	6.08e-46	176
m0038	m0130	38.6	7.93e-46	175
m0038	m0053	37.3	7.93e-46	175
m0038	m0363	40.3	7.93e-46	175
m0038	m0164	41.1	1.04e-45	175
m0038	m0393	41.9	1.04e-45	175
m0038	m0297	41.1	1.04e-45	175
m0038	m0160	41.1	1.04e-45	175
m0038	m0186	40.5	1.04e-45	175
m0038	m0319	39.9	1.04e-45	175
m0038	m0295	42.3	1.35e-45	174
m0038	m0050	38.8	1.35e-45	174
m0038	m0256	38.5	1.77e-45	174
m0038	m0345	38.5	1.77e-45	174
m0038	m0172	39.3	2.31e-45	174
m0038	m0335	38.5	2.31e-45	174
m0038	m0261	40.5	2.31e-45	174
m0038	m0321	37.8	2.31e-45	174
m0038	m0405	40.2	3.02e-45	173
m0038	m0348	40.7	3.94e-45	173
m0038	m0378	38.5	3.94e-45	173
m0038	m0317	38.6	5.14e-45	173
m0038	m0177	39.5	5.14e-45	173
m0038	m0332	40.8	5.14e-45	173
m0038	m0191	38.7	8.77e-45	172
m0038	m0141	39.3	8.77e-45	172
m0038	m0042	41.9	2.55e-44	170
m0038	m0327	39.0	3.33e-44	170
m0038	m0246	39.1	3.69e-43	166
m0038	m0175	39.2	4.81e-43	166
m0038	m0157	36.4	4.81e-43	166
m0038	m0207	38.2	1.07e-42	165
m0038	m0369	34.9	2.47e-39	154
m0038	m0275	33.1	7.95e-38	149
m0038	m0140	29.6	1.9e-31	127
m0038	m0289	31.1	5.52e-31	126
m0038	m0163	29.1	1.08e-26	112
m0038	m0359	24.9	1.01e-16	79
m0038	m0293	26.4	1.01e-16	79
m0038	m0188	28.0	3.84e-16	77
m0038	m0044	25.9	4.25e-15	73
m0038	m0276	24.3	1.05e-13	69
m0038	m0231	25.7	2.33e-13	67
m0038	m0221	31.9	7.76e-09	52
m0038	m0268	25.8	3.85e-08	50
m0038	m0067	26.5	1.24e-06	45
m0038	m0376	29.3	0.00044	37
m0038	m0340	32.0	0.000575	36
m0038	m0409	25.2	0.00219	34
m0038	m0180	25.6	0.00636	33
m0038	m0176	27.8	0.0108	32
m0038	m0340	24.3	0.0185	31
m0038	m0280	29.5	0.12	28
m0038	m0146	23.2	0.12	28
m0038	m0059	25.7	0.205	28
m0038	m0151	23.4	0.267	27
m0038	m0160	55.0	0.349	27
m0038	m0378	36.0	0.595	26
m0038	m0155	28.6	1.33	25
m0038	m0393	36.4	1.73	25
m0038	m0303	43.2	1.73	25
m0038	m0164	34.7	2.26	24
m0038	m0345	62.5	2.95	24
m0038	m0288	39.3	2.95	24
m0038	m0056	34.3	2.95	24
m0038	m0342	44.0	2.95	24
m0038	m0050	52.6	3.86	23
m0038	m0217	50.0	3.86	23
m0038	m0332	50.0	5.04	23
m0038	m0363	53.3	8.6	22
m0038	m0096	66.7	8.6	22
m0038	m0218	61.5	8.6	22
m0039	m0410	73.1	2.99e-138	482
m0039	m0292	71.9	5.28e-127	445
m0039	m0070	71.6	6.9e-127	445
m0039	m0351	68.4	2.9e-125	439
m0039	m0179	67.6	6.46e-125	438
m0039	m0068	69.6	2.3e-122	429
m0039	m0311	65.9	3.92e-122	429
m0039	m0098	70.3	9.65e-121	424
m0039	m0383	62.8	1.26e-112	397
m0039	m0356	62.1	1.07e-103	367
m0039	m0251	62.7	6.5e-101	358
m0039	m0187	55.7	9.1e-95	338
m0039	m0082	55.2	3.46e-94	336
m0039	m0170	53.1	2.74e-91	326
m0039	m0312	56.9	7.97e-91	325
m0039	m0197	52.5	1.96e-89	320
m0039	m0178	51.7	9.74e-89	318
m0039	m0147	53.7	1.19e-86	311
m0039	m0247	46.0	1.01e-77	281
m0039	m0382	47.2	1.16e-73	268
m0039	m0266	47.3	4.39e-73	266
m0039	m0104	46.2	5.74e-73	265
m0039	m0354	50.6	7.49e-73	265
m0039	m0077	45.3	2.18e-72	263
m0039	m0249	45.4	1.41e-71	261
m0039	m0196	46.3	1.2e-70	258
m0039	m0306	47.1	2.04e-70	257
m0039	m0331	47.8	7.75e-70	255
m0039	m0234	45.8	1.01e-69	255
m0039	m0048	46.1	1.32e-69	254
m0039	m0126	45.3	5.03e-69	252
m0039	m0385	42.4	1.91e-68	250
m0039	m0134	49.6	1.91e-68	250
m0039	m0264	43.7	7.26e-68	248
m0039	m0171	47.7	2.11e-67	247
m0039	m0273	44.2	2.11e-67	247
m0039	m0190	48.7	2.76e-67	247
m0039	m0086	43.9	1.05e-66	245
m0039	m0235	47.4	1.05e-66	245
m0039	m0106	44.3	1.79e-66	244
m0039	m0380	46.6	2.33e-66	243
m0039	m0314	43.3	5.2e-66	242
m0039	m0398	45.5	1.16e-65	241
m0039	m0377	42.9	1.98e-65	240
m0039	m0232	46.6	1.98e-65	240
m0039	m0388	45.3	3.37e-65	240
m0039	m0194	44.1	4.4e-65	239
m0039	m0065	43.9	7.51e-65	238
m0039	m0125	46.8	1.28e-64	238
m0039	m0336	45.5	1.67e-64	237
m0039	m0402	43.8	1.67e-64	237
m0039	m0144	45.9	2.19e-64	237
m0039	m0328	45.9	2.19e-64	237
m0039	m0123	43.5	2.19e-64	237
m0039	m0299	45.2	2.85e-64	236
m0039	m0112	42.0	8.3e-64	235
m0039	m0080	46.2	1.42e-63	234
m0039	m0316	46.0	2.42e-63	233
m0039	m0046	46.9	1.57e-62	231
m0039	m0089	46.6	2.05e-62	230
m0039	m0365	43.1	5.95e-62	229
m0039	m0390	43.4	1.33e-61	228
m0039	m0152	43.3	1.73e-61	227
m0039	m0305	43.1	5.04e-61	226
m0039	m0368	42.6	1.47e-60	224
m0039	m0066	42.5	2.5e-60	223
m0039	m0394	41.8	4.26e-60	223
m0039	m0072	40.0	9.5e-60	221
m0039	m0236	40.8	9.5e-60	221
m0039	m0158	46.5	9.5e-60	221
m0039	m0168	46.5	1.24e-59	221
m0039	m0169	43.2	6.16e-59	219
m0039	m0341	41.0	6.16e-59	219
m0039	m0101	41.3	6.16e-59	219
m0039	m0372	41.3	1.05e-58	218
m0039	m0237	41.0	1.37e-58	218
m0039	m0233	40.3	2.34e-58	217
m0039	m0309	42.9	3.06e-58	216
m0039	m0200	41.7	3.06e-58	216
m0039	m0137	43.0	3.06e-58	216
m0039	m0057	41.0	8.89e-58	215
m0039	m0254	43.9	1.52e-57	214
m0039	m0051	40.2	7.53e-57	212
m0039	m0100	40.8	6.37e-56	209
m0039	m0093	39.3	8.32e-56	208
m0039	m0364	40.1	1.09e-55	208
m0039	m0343	39.4	1.2e-54	205
m0039	m0334	44.4	2.68e-54	203
m0039	m0074	43.3	3.5e-54	203
m0039	m0294	42.4	7.79e-54	202
m0039	m0076	38.6	5.05e-53	199
m0039	m0195	41.2	2.51e-52	197
m0039	m0185	38.6	5.58e-52	196
m0039	m0121	38.8	5.58e-52	196
m0039	m0283	43.2	1.62e-51	194
m0039	m0173	42.0	2.77e-51	193
m0039	m0245	40.1	3.62e-51	193
m0039	m0054	41.2	4.73e-51	193
m0039	m0370	42.9	8.06e-51	192
m0039	m0274	38.7	8.06e-51	192
m0039	m0296	42.7	1.05e-50	191
m0039	m0069	42.0	1.37e-50	191
m0039	m0165	39.6	4e-50	190
m0039	m0087	37.1	8.91e-50	188
m0039	m0043	40.1	1.52e-49	188
m0039	m0335	39.7	3.39e-49	186
m0039	m0278	40.2	4.42e-49	186
m0039	m0275	40.1	4.42e-49	186
m0039	m0097	40.9	9.85e-49	185
m0039	m0073	37.4	9.85e-49	185
m0039	m0201	39.5	1.68e-48	184
m0039	m0216	40.0	1.68e-48	184
m0039	m0327	37.6	2.2e-48	184
m0039	m0337	39.5	2.2e-48	184
m0039	m0176	39.5	2.2e-48	184
m0039	m0071	38.0	3.74e-48	183
m0039	m0323	35.9	4.89e-48	183
m0039	m0116	38.9	8.34e-48	182
m0039	m0400	38.4	1.09e-47	181
m0039	m0319	39.8	1.86e-47	181
m0039	m0091	37.4	1.86e-47	181
m0039	m0342	38.7	3.17e-47	180
m0039	m0387	38.1	3.17e-47	180
m0039	m0107	40.1	3.17e-47	180
m0039	m0161	37.8	4.14e-47	179
m0039	m0114	37.2	5.41e-47	179
m0039	m0164	40.9	9.22e-47	178
m0039	m0393	38.2	1.2e-46	178
m0039	m0282	38.2	2.05e-46	177
m0039	m0040	39.7	2.68e-46	177
m0039	m0397	37.7	2.68e-46	177
m0039	m0127	37.0	3.5e-46	176
m0039	m0338	35.7	3.5e-46	176
m0039	m0284	40.8	3.5e-46	176
m0039	m0208	38.0	3.5e-46	176
m0039	m0136	37.5	4.58e-46	176
m0039	m0250	38.7	4.58e-46	176
m0039	m0408	41.9	5.98e-46	176
m0039	m0239	40.7	7.81e-46	175
m0039	m0369	38.6	7.81e-46	175
m0039	m0099	38.3	1.02e-45	175
m0039	m0162	34.1	1.02e-45	175
m0039	m0160	39.0	1.33e-45	174
m0039	m0269	38.7	1.33e-45	174
m0039	m0256	37.9	1.33e-45	174
m0039	m0345	36.9	1.74e-45	174
m0039	m0218	39.0	2.27e-45	174
m0039	m0181	39.7	2.27e-45	174
m0039	m0371	34.6	2.27e-45	174
m0039	m0230	39.0	2.97e-45	173
m0039	m0079	40.7	3.87e-45	173
m0039	m0096	39.7	3.87e-45	173
m0039	m0053	36.4	6.61e-45	172
m0039	m0050	39.0	1.13e-44	171
m0039	m0042	38.2	1.13e-44	171
m0039	m0297	37.4	1.47e-44	171
m0039	m0229	37.4	1.92e-44	171
m0039	m0332	38.6	1.92e-44	171
m0039	m0348	36.3	2.51e-44	170
m0039	m0280	39.6	2.51e-44	170
m0039	m0378	37.9	3.28e-44	170
m0039	m0105	37.9	3.28e-44	170
m0039	m0406	38.4	4.28e-44	169
m0039	m0317	34.9	4.28e-44	169
m0039	m0166	38.3	5.6e-44	169
m0039	m0240	39.2	7.31e-44	169
m0039	m0330	36.6	7.31e-44	169
m0039	m0261	36.0	9.54e-44	168
m0039	m0186	36.8	9.54e-44	168
m0039	m0217	38.7	1.25e-43	168
m0039	m0207	39.2	1.63e-43	168
m0039	m0363	38.0	2.13e-43	167
m0039	m0321	36.6	2.78e-43	167
m0039	m0405	36.4	6.19e-43	166
m0039	m0295	36.4	6.19e-43	166
m0039	m0191	37.7	8.08e-43	165
m0039	m0212	36.3	8.08e-43	165
m0039	m0177	36.9	1.38e-42	164
m0039	m0219	38.1	3.07e-42	163
m0039	m0349	35.0	4.01e-42	163
m0039	m0286	35.9	5.24e-42	163
m0039	m0133	36.6	3.39e-41	160
m0039	m0141	36.8	4.43e-41	159
m0039	m0157	34.3	7.56e-41	159
m0039	m0175	35.5	9.88e-41	158
m0039	m0172	35.6	6.4e-40	156
m0039	m0130	35.2	1.86e-39	154
m0039	m0246	34.8	5.42e-39	153
m0039	m0289	32.0	2.78e-35	140
m0039	m0163	31.7	1.53e-33	134
m0039	m0140	30.8	1.09e-31	128
m0039	m0359	27.7	8.97e-26	109
m0039	m0293	26.4	2.21e-24	104
m0039	m0188	27.6	9.61e-20	89
m0039	m0231	28.6	2.8e-19	87
m0039	m0268	32.5	1.1e-15	75
m0039	m0044	27.1	1.59e-14	71
m0039	m0279	27.7	2.99e-13	67
m0039	m0276	24.2	1.14e-12	65
m0039	m0221	34.8	9.63e-12	62
m0039	m0067	24.8	2.37e-10	57
m0039	m0409	26.1	1.44e-07	48
m0039	m0376	28.7	7.9e-06	42
m0039	m0291	31.2	8.73e-05	39
m0039	m0180	27.5	0.000149	38
m0039	m0340	29.0	0.000332	37
m0039	m0399	27.8	0.0692	29
m0039	m0146	26.7	0.0904	29
m0039	m0155	31.9	0.263	27
m0039	m0064	24.7	0.263	27
m0039	m0358	30.6	0.999	25
m0039	m0241	43.3	2.91	24
m0039	m0149	39.3	4.96	23
m0039	m0407	58.3	6.48	23
m0039	m0108	37.0	8.46	22
m0040	m0342	90.8	7.22e-253	864
m0040	m0345	90.8	2.1e-252	862
m0040	m0160	89.9	5.17e-251	857
m0040	m0332	88.7	2.84e-249	852
m0040	m0378	89.0	3.71e-249	851
m0040	m0099	89.0	5.01e-246	841
m0040	m0050	88.2	1.9e-245	839
m0040	m0348	88.0	6.12e-244	834
m0040	m0256	87.0	6.77e-243	830
m0040	m0218	85.9	3.48e-239	818
m0040	m0393	84.1	1.91e-237	812
m0040	m0053	84.3	3.25e-237	812
m0040	m0096	84.6	4.25e-237	811
m0040	m0208	82.7	4.12e-232	795
m0040	m0164	81.8	5.38e-232	794
m0040	m0321	84.1	3.16e-224	768
m0040	m0363	82.9	2.96e-222	762
m0040	m0230	84.6	2.96e-222	762
m0040	m0217	83.8	2.6e-210	722
m0040	m0042	66.5	2.72e-167	579
m0040	m0219	63.4	3.12e-155	539
m0040	m0229	61.8	1e-153	534
m0040	m0400	75.9	8.49e-153	531
m0040	m0114	69.9	4.66e-151	525
m0040	m0337	56.1	1.9e-144	503
m0040	m0141	56.7	2.32e-142	497
m0040	m0278	55.0	1.66e-140	490
m0040	m0116	57.8	8.53e-137	478
m0040	m0240	57.7	1.9e-136	477
m0040	m0319	56.7	5.72e-133	465
m0040	m0161	52.8	8.26e-132	461
m0040	m0097	53.6	1.08e-131	461
m0040	m0175	53.1	1.84e-131	460
m0040	m0181	54.9	1.84e-131	460
m0040	m0246	53.6	4.1e-131	459
m0040	m0283	54.8	6.99e-131	458
m0040	m0201	52.6	4.53e-130	456
m0040	m0397	50.6	1.72e-129	454
m0040	m0157	52.3	1.36e-126	444
m0040	m0261	58.4	2.66e-122	430
m0040	m0186	56.8	1.73e-121	427
m0040	m0250	59.8	5.02e-121	426
m0040	m0166	54.8	6.14e-119	419
m0040	m0295	49.5	2.26e-113	400
m0040	m0280	55.9	5.57e-112	396
m0040	m0330	53.2	7.27e-112	395
m0040	m0133	53.4	2.12e-111	394
m0040	m0349	47.9	6.16e-111	392
m0040	m0176	51.7	1.37e-110	391
m0040	m0296	67.9	2.34e-110	390
m0040	m0127	54.6	5.21e-110	389
m0040	m0172	53.9	2.59e-109	387
m0040	m0177	60.4	3.38e-109	386
m0040	m0282	56.9	3.38e-109	386
m0040	m0191	50.0	9.83e-109	385
m0040	m0071	50.6	2.86e-108	383
m0040	m0216	59.3	4.88e-108	382
m0040	m0327	60.8	4.56e-106	376
m0040	m0335	62.0	7.79e-106	375
m0040	m0091	64.2	8.61e-105	372
m0040	m0406	59.1	3.06e-102	363
m0040	m0136	59.9	6.82e-102	362
m0040	m0239	57.1	8.91e-102	362
m0040	m0079	69.2	4.42e-101	359
m0040	m0185	50.6	1.68e-100	357
m0040	m0269	60.9	4.14e-99	353
m0040	m0323	61.2	5.4e-99	352
m0040	m0405	50.4	1.92e-96	344
m0040	m0338	57.0	2.78e-95	340
m0040	m0370	60.3	8.08e-95	339
m0040	m0317	46.4	1.05e-94	338
m0040	m0207	52.1	2.28e-89	320
m0040	m0297	46.5	5.61e-88	316
m0040	m0125	58.0	5.62e-80	289
m0040	m0402	52.0	8.11e-79	285
m0040	m0299	54.3	2.36e-78	284
m0040	m0331	52.9	4.03e-78	283
m0040	m0106	51.6	6.87e-78	282
m0040	m0390	54.0	2.89e-76	277
m0040	m0316	51.2	1.1e-75	275
m0040	m0237	51.0	2.7e-74	270
m0040	m0134	50.7	1.03e-73	268
m0040	m0234	47.6	1.34e-73	268
m0040	m0235	48.7	2.29e-73	267
m0040	m0236	51.2	2.99e-73	267
m0040	m0089	51.7	2.99e-73	267
m0040	m0196	47.6	1.13e-72	265
m0040	m0158	49.8	5.63e-72	263
m0040	m0100	50.5	9.61e-72	262
m0040	m0249	47.7	1.64e-71	261
m0040	m0273	47.6	2.8e-71	260
m0040	m0306	48.6	4.77e-71	260
m0040	m0144	51.5	8.13e-71	259
m0040	m0394	48.8	2e-69	254
m0040	m0137	47.7	2e-69	254
m0040	m0232	46.3	2.62e-69	254
m0040	m0072	48.8	1.3e-68	252
m0040	m0169	47.9	2.89e-68	250
m0040	m0343	50.2	6.44e-68	249
m0040	m0051	46.7	1.87e-67	248
m0040	m0264	43.4	3.2e-67	247
m0040	m0380	48.0	4.18e-67	247
m0040	m0195	49.8	4.18e-67	247
m0040	m0233	45.1	5.46e-67	246
m0040	m0200	46.5	9.31e-67	245
m0040	m0076	47.0	9.31e-67	245
m0040	m0388	45.4	2.71e-66	244
m0040	m0309	47.4	1.03e-65	242
m0040	m0065	44.8	1.34e-65	242
m0040	m0336	47.9	1.75e-65	241
m0040	m0073	46.1	8.71e-65	239
m0040	m0398	49.0	3.31e-64	237
m0040	m0171	44.0	3.31e-64	237
m0040	m0087	45.1	5.65e-64	236
m0040	m0368	45.3	5.65e-64	236
m0040	m0305	45.9	1.64e-63	235
m0040	m0382	48.2	6.24e-63	233
m0040	m0190	47.3	1.39e-62	231
m0040	m0057	45.1	1.82e-62	231
m0040	m0274	46.8	2.37e-62	231
m0040	m0372	46.5	5.28e-62	230
m0040	m0365	46.3	5.28e-62	230
m0040	m0101	44.8	9.01e-62	229
m0040	m0314	44.0	9.01e-62	229
m0040	m0377	43.5	2.01e-61	228
m0040	m0048	45.3	5.84e-61	226
m0040	m0046	47.2	1.3e-60	225
m0040	m0152	43.6	2.9e-60	224
m0040	m0086	43.0	3.79e-60	223
m0040	m0126	43.3	8.44e-60	222
m0040	m0247	45.5	1.1e-59	222
m0040	m0112	44.0	1.88e-59	221
m0040	m0294	47.0	2.45e-59	221
m0040	m0147	41.3	9.33e-59	219
m0040	m0066	45.9	1.59e-58	218
m0040	m0254	44.0	1.59e-58	218
m0040	m0408	41.4	1.03e-57	215
m0040	m0328	45.5	1.35e-57	215
m0040	m0093	44.1	3.32e-56	210
m0040	m0069	42.9	5.66e-56	210
m0040	m0121	42.7	8.17e-55	206
m0040	m0123	41.1	1.54e-53	201
m0040	m0354	41.9	1.7e-52	198
m0040	m0077	42.3	8.46e-52	196
m0040	m0364	40.5	1.88e-51	195
m0040	m0311	41.6	9.35e-51	192
m0040	m0104	41.1	2.08e-50	191
m0040	m0351	39.5	3.55e-50	190
m0040	m0105	38.9	7.91e-50	189
m0040	m0187	41.2	1.35e-49	188
m0040	m0043	41.3	1.35e-49	188
m0040	m0266	41.0	2.3e-49	188
m0040	m0292	39.9	3.01e-49	187
m0040	m0197	40.1	3.01e-49	187
m0040	m0410	42.2	6.7e-49	186
m0040	m0070	39.0	8.75e-49	186
m0040	m0082	39.4	8.75e-49	186
m0040	m0068	39.9	8.75e-49	186
m0040	m0212	38.7	2.55e-48	184
m0040	m0356	42.9	2.55e-48	184
m0040	m0178	39.6	3.32e-48	184
m0040	m0334	42.7	3.32e-48	184
m0040	m0107	42.9	3.32e-48	184
m0040	m0383	38.3	3.32e-48	184
m0040	m0179	38.7	5.67e-48	183
m0040	m0194	40.0	9.67e-48	182
m0040	m0341	41.9	9.67e-48	182
m0040	m0170	39.0	3.68e-47	180
m0040	m0385	38.9	6.27e-47	179
m0040	m0165	41.2	1.4e-46	178
m0040	m0074	39.1	2.38e-46	178
m0040	m0312	39.9	3.11e-46	177
m0040	m0080	39.7	3.11e-46	177
m0040	m0286	38.7	6.93e-46	176
m0040	m0387	35.8	6.93e-46	176
m0040	m0245	38.1	2.02e-45	174
m0040	m0251	39.9	3.44e-45	174
m0040	m0098	36.7	1.31e-44	172
m0040	m0054	39.3	1.31e-44	172
m0040	m0162	37.7	3.8e-44	170
m0040	m0173	37.7	3.8e-44	170
m0040	m0284	40.9	6.49e-44	169
m0040	m0130	39.0	5.49e-43	166
m0040	m0168	39.7	9.08e-38	149
m0040	m0371	35.6	2.02e-37	148
m0040	m0275	32.9	4.66e-34	137
m0040	m0369	36.0	6.73e-33	133
m0040	m0289	29.3	4.23e-27	114
m0040	m0140	29.7	4.23e-27	114
m0040	m0163	30.7	4.23e-27	114
m0040	m0188	29.9	3.24e-19	87
m0040	m0396	30.4	7.99e-18	83
m0040	m0293	27.0	3.96e-17	80
m0040	m0279	31.2	4.38e-16	77
m0040	m0231	32.5	6.33e-15	73
m0040	m0276	28.5	1.41e-14	72
m0040	m0359	24.7	2.41e-14	71
m0040	m0044	25.8	1.72e-12	65
m0040	m0267	24.2	3.25e-11	61
m0040	m0268	28.6	1.24e-10	59
m0040	m0067	32.2	4.69e-10	57
m0040	m0124	22.7	2.58e-08	51
m0040	m0409	25.9	3.72e-07	47
m0040	m0403	25.9	4.55e-05	40
m0040	m0376	32.7	0.000295	38
m0040	m0307	22.7	0.000503	37
m0040	m0221	23.4	0.00326	34
m0040	m0340	48.6	0.00426	34
m0040	m0339	34.2	0.00726	33
m0040	m0324	21.6	0.0276	31
m0040	m0132	32.5	0.0802	30
m0040	m0180	26.6	0.137	29
m0040	m0399	27.2	0.179	28
m0040	m0411	28.6	0.179	28
m0040	m0146	21.5	0.233	28
m0040	m0102	22.7	0.233	28
m0040	m0318	24.3	0.305	28
m0040	m0102	32.1	0.305	28
m0040	m0193	24.9	0.398	27
m0040	m0280	42.9	0.52	27
m0040	m0151	40.0	0.679	27
m0040	m0059	34.9	1.51	25
m0040	m0367	34.9	3.37	24
m0040	m0076	37.5	3.37	24
m0040	m0403	24.9	4.4	24
m0040	m0384	34.3	9.81	23
m0041	m0095	36.6	4.5e-33	132
m0041	m0303	34.0	1.66e-27	114
m0041	m0407	26.5	5.72e-12	62
m0041	m0156	27.4	0.000151	38
m0041	m0093	26.9	0.0241	30
m0041	m0371	25.2	0.0701	29
m0041	m0195	27.2	0.0915	28
m0041	m0326	20.3	0.156	28
m0041	m0071	29.4	0.266	27
m0041	m0375	26.4	0.454	26
m0041	m0169	28.2	3.84	23
m0041	m0105	35.3	3.84	23
m0041	m0139	37.9	8.56	22
m0041	m0274	27.5	8.56	22
m0041	m0228	29.2	8.56	22
m0041	m0153	48.1	8.56	22
m0042	m0219	78.2	2.99e-200	689
m0042	m0229	75.9	1.54e-196	676
m0042	m0256	66.4	1.35e-168	584
m0042	m0099	66.7	1.77e-168	583
m0042	m0345	65.9	2.31e-168	583
m0042	m0321	65.7	3.02e-168	582
m0042	m0393	65.7	6.72e-168	581
m0042	m0332	65.4	8.78e-168	581
m0042	m0378	66.1	3.34e-167	579
m0042	m0053	65.5	4.36e-167	579
m0042	m0342	65.0	9.71e-167	577
m0042	m0348	66.0	9.71e-167	577
m0042	m0096	64.3	4.82e-166	575
m0042	m0164	64.8	1.07e-165	574
m0042	m0050	65.3	1.4e-165	574
m0042	m0230	65.2	2.39e-165	573
m0042	m0160	66.0	2.39e-165	573
m0042	m0208	65.4	5.89e-164	568
m0042	m0363	64.4	2.92e-163	566
m0042	m0218	64.3	1.89e-162	563
m0042	m0337	60.4	7.73e-148	515
m0042	m0217	64.4	5.01e-147	512
m0042	m0278	58.3	3.59e-145	506
m0042	m0319	59.7	2.04e-140	490
m0042	m0116	59.0	4.54e-140	489
m0042	m0283	56.9	1.12e-138	484
m0042	m0097	55.9	2.76e-137	480
m0042	m0216	73.5	4.26e-130	456
m0042	m0141	54.4	5.56e-130	455
m0042	m0201	52.6	2.76e-129	453
m0042	m0397	51.2	1.37e-128	451
m0042	m0161	51.5	1.52e-127	447
m0042	m0240	55.3	1.98e-127	447
m0042	m0181	52.0	3.61e-121	426
m0042	m0246	51.7	3.06e-120	423
m0042	m0175	51.0	6.82e-120	422
m0042	m0327	69.1	1.16e-119	421
m0042	m0296	73.9	2.19e-118	417
m0042	m0250	56.0	1.09e-117	414
m0042	m0176	54.8	3.17e-117	413
m0042	m0295	50.7	4.14e-117	413
m0042	m0335	71.8	1.02e-115	408
m0042	m0071	53.1	3.87e-115	406
m0042	m0239	64.2	8.92e-112	395
m0042	m0280	53.8	1.99e-111	394
m0042	m0186	52.7	5.99e-108	382
m0042	m0261	52.1	2.97e-107	380
m0042	m0400	53.7	2.13e-105	374
m0042	m0157	50.1	2.78e-105	373
m0042	m0114	52.4	1.06e-104	371
m0042	m0166	51.1	5.24e-104	369
m0042	m0079	68.9	7.57e-103	365
m0042	m0282	53.5	9.89e-103	365
m0042	m0349	49.5	8.37e-102	362
m0042	m0330	52.3	8.37e-102	362
m0042	m0191	50.2	1.09e-101	361
m0042	m0091	62.3	3.52e-100	356
m0042	m0370	61.4	3.52e-100	356
m0042	m0133	49.3	1.93e-98	351
m0042	m0172	51.4	4.3e-98	349
m0042	m0177	50.7	7.33e-98	349
m0042	m0405	51.8	3.64e-97	346
m0042	m0127	48.3	2.21e-94	337
m0042	m0317	46.5	9.28e-93	332
m0042	m0185	47.4	2.29e-91	327
m0042	m0136	58.0	9.94e-87	312
m0042	m0338	57.4	1.3e-86	311
m0042	m0269	57.9	1.69e-86	311
m0042	m0323	57.8	4.93e-86	309
m0042	m0406	57.0	1.87e-85	307
m0042	m0297	45.3	3.1e-80	290
m0042	m0207	51.1	1.88e-77	281
m0042	m0331	53.4	2.01e-71	261
m0042	m0125	52.6	7.64e-71	259
m0042	m0402	51.9	1.7e-70	258
m0042	m0200	46.9	2.46e-69	254
m0042	m0089	52.3	4.19e-69	253
m0042	m0394	50.0	1.22e-68	252
m0042	m0158	48.0	1.59e-68	251
m0042	m0169	49.5	4.64e-68	250
m0042	m0236	49.3	4.64e-68	250
m0042	m0249	48.6	1.03e-67	248
m0042	m0106	50.9	1.76e-67	248
m0042	m0233	47.2	1.76e-67	248
m0042	m0134	49.2	3.01e-67	247
m0042	m0316	50.4	3.01e-67	247
m0042	m0299	51.7	8.74e-67	245
m0042	m0237	53.4	1.49e-66	245
m0042	m0072	45.7	1.49e-66	245
m0042	m0273	47.0	4.34e-66	243
m0042	m0390	51.3	1.26e-65	242
m0042	m0380	49.6	2.15e-65	241
m0042	m0235	46.0	2.81e-65	240
m0042	m0368	48.8	3.67e-65	240
m0042	m0065	46.0	1.4e-64	238
m0042	m0306	47.2	1.4e-64	238
m0042	m0144	51.6	1.4e-64	238
m0042	m0100	51.1	1.4e-64	238
m0042	m0232	46.2	1.82e-64	238
m0042	m0051	49.3	2.38e-64	237
m0042	m0234	44.4	2.38e-64	237
m0042	m0048	49.4	2.38e-64	237
m0042	m0137	46.9	1.54e-63	235
m0042	m0274	47.1	1.54e-63	235
m0042	m0196	45.0	3.44e-63	233
m0042	m0195	47.5	4.49e-63	233
m0042	m0309	51.9	1e-62	232
m0042	m0343	48.6	2.23e-62	231
m0042	m0264	47.5	3.8e-62	230
m0042	m0365	43.5	4.2e-61	226
m0042	m0388	48.9	1.6e-60	225
m0042	m0101	44.7	2.09e-60	224
m0042	m0336	45.9	2.72e-60	224
m0042	m0076	46.6	4.65e-60	223
m0042	m0398	47.1	2.31e-59	221
m0042	m0305	44.1	2.31e-59	221
m0042	m0086	47.4	3.01e-59	220
m0042	m0294	46.2	5.14e-59	220
m0042	m0073	47.0	6.71e-59	219
m0042	m0372	45.9	8.77e-59	219
m0042	m0046	47.3	8.77e-59	219
m0042	m0171	45.7	3.33e-58	217
m0042	m0314	46.8	4.35e-58	216
m0042	m0328	48.6	7.42e-58	216
m0042	m0190	47.7	9.69e-58	215
m0042	m0377	44.6	1.65e-57	215
m0042	m0057	44.4	1.07e-56	212
m0042	m0152	44.4	4.07e-56	210
m0042	m0254	44.8	4.07e-56	210
m0042	m0112	45.9	6.95e-56	209
m0042	m0382	48.2	6.95e-56	209
m0042	m0093	42.5	4.5e-55	206
m0042	m0126	42.8	4.5e-55	206
m0042	m0066	43.9	7.68e-55	206
m0042	m0247	42.2	1e-54	205
m0042	m0123	42.7	1.71e-54	205
m0042	m0087	43.6	2.92e-54	204
m0042	m0408	42.5	1.45e-53	201
m0042	m0354	41.5	1.89e-53	201
m0042	m0121	41.3	6.08e-52	196
m0042	m0104	41.0	1.04e-51	195
m0042	m0364	40.6	1.77e-51	195
m0042	m0266	39.4	1.15e-50	192
m0042	m0147	41.9	1.96e-50	191
m0042	m0069	40.7	4.82e-49	186
m0042	m0341	43.9	1.07e-48	185
m0042	m0212	40.7	1.07e-48	185
m0042	m0387	39.8	2.39e-48	184
m0042	m0194	40.0	4.08e-48	183
m0042	m0077	40.6	1.55e-47	181
m0042	m0043	40.8	2.65e-47	181
m0042	m0385	40.4	3.45e-47	180
m0042	m0334	39.1	3.45e-47	180
m0042	m0107	42.0	1.71e-46	178
m0042	m0187	39.9	2.24e-46	178
m0042	m0197	39.3	2.92e-46	177
m0042	m0292	37.3	3.82e-46	177
m0042	m0068	40.4	6.52e-46	176
m0042	m0082	39.1	1.11e-45	175
m0042	m0356	38.1	1.45e-45	175
m0042	m0080	38.3	1.45e-45	175
m0042	m0311	38.4	1.45e-45	175
m0042	m0165	40.6	2.48e-45	174
m0042	m0286	38.6	7.2e-45	173
m0042	m0351	36.2	9.41e-45	172
m0042	m0105	38.2	9.41e-45	172
m0042	m0178	39.9	9.41e-45	172
m0042	m0245	38.7	1.23e-44	172
m0042	m0130	39.6	1.23e-44	172
m0042	m0054	40.2	1.6e-44	171
m0042	m0410	38.6	2.74e-44	171
m0042	m0170	37.2	2.74e-44	171
m0042	m0070	37.4	4.67e-44	170
m0042	m0098	36.4	7.96e-44	169
m0042	m0179	36.9	2.56e-42	164
m0042	m0251	37.5	2.56e-42	164
m0042	m0173	37.5	3.35e-42	164
m0042	m0383	39.0	3.35e-42	164
m0042	m0312	39.2	7.45e-42	163
m0042	m0284	41.4	1.27e-41	162
m0042	m0074	36.6	1.08e-40	159
m0042	m0162	34.0	6.98e-40	156
m0042	m0168	37.0	1.61e-36	145
m0042	m0371	36.0	1.97e-34	138
m0042	m0275	31.0	2.03e-31	128
m0042	m0369	30.8	6.55e-30	123
m0042	m0163	29.8	2.41e-24	104
m0042	m0289	28.5	2.04e-23	101
m0042	m0140	27.4	1.73e-22	98
m0042	m0044	28.1	1.08e-16	79
m0042	m0293	27.3	1.2e-15	75
m0042	m0188	28.8	6.58e-14	70
m0042	m0279	30.6	1.12e-13	69
m0042	m0396	28.5	1.12e-13	69
m0042	m0231	27.8	2.5e-13	68
m0042	m0276	24.5	1.62e-12	65
m0042	m0267	28.7	2.34e-11	61
m0042	m0067	30.5	5.21e-11	60
m0042	m0124	23.0	1.16e-10	59
m0042	m0359	23.8	3.73e-09	54
m0042	m0268	29.4	3.73e-09	54
m0042	m0307	22.6	0.000162	39
m0042	m0220	26.9	0.000472	37
m0042	m0409	28.3	0.000617	37
m0042	m0376	33.0	0.00105	36
m0042	m0324	28.0	0.0018	35
m0042	m0146	26.7	0.00234	35
m0042	m0221	24.3	0.00234	35
m0042	m0192	25.6	0.004	34
m0042	m0339	31.1	0.00522	33
m0042	m0180	25.8	0.00682	33
m0042	m0180	29.9	0.0152	32
m0042	m0280	44.7	0.0152	32
m0042	m0340	25.6	0.0198	32
m0042	m0403	33.3	0.0442	30
m0042	m0064	27.1	0.129	29
m0042	m0102	23.9	0.168	28
m0042	m0257	27.7	0.219	28
m0042	m0243	25.1	0.287	28
m0042	m0102	28.3	0.638	27
m0042	m0114	40.0	3.17	24
m0042	m0322	30.0	3.17	24
m0042	m0110	22.9	4.14	24
m0042	m0392	57.1	5.4	23
m0042	m0202	57.1	5.4	23
m0042	m0301	27.7	7.06	23
m0042	m0059	36.4	7.06	23
m0042	m0367	42.9	9.22	23
m0042	m0241	23.5	9.22	23
m0042	m0200	26.8	9.22	23
m0043	m0165	85.5	6.9e-142	494
m0043	m0107	87.4	9.01e-142	494
m0043	m0173	76.3	1.95e-128	450
m0043	m0054	75.9	1.07e-126	444
m0043	m0105	65.8	9.72e-112	394
m0043	m0387	66.9	1.4e-110	390
m0043	m0286	65.0	5.33e-110	388
m0043	m0212	64.9	5.33e-110	388
m0043	m0130	62.2	1.66e-103	367
m0043	m0408	58.4	4.54e-93	332
m0043	m0316	56.8	3.48e-85	306
m0043	m0106	54.0	2.11e-82	297
m0043	m0331	53.7	1.37e-81	294
m0043	m0390	54.8	1.16e-80	291
m0043	m0134	52.7	1.51e-80	290
m0043	m0299	55.5	5.38e-78	282
m0043	m0236	54.0	1.73e-76	277
m0043	m0382	52.7	5.57e-75	272
m0043	m0402	50.7	1.62e-74	270
m0043	m0237	51.5	3.61e-74	269
m0043	m0125	51.9	3.06e-73	266
m0043	m0273	50.4	5.76e-72	262
m0043	m0046	50.2	9.83e-72	261
m0043	m0232	49.1	1.68e-71	260
m0043	m0066	48.5	2.19e-71	260
m0043	m0112	51.1	2.42e-70	257
m0043	m0235	49.8	9.2e-70	255
m0043	m0249	47.2	2.68e-69	253
m0043	m0306	47.2	7.79e-69	252
m0043	m0309	47.1	1.74e-68	250
m0043	m0169	47.6	2.27e-68	250
m0043	m0057	49.1	3.87e-68	249
m0043	m0254	45.6	1.47e-67	247
m0043	m0372	46.9	2.51e-67	247
m0043	m0196	50.4	2.51e-67	247
m0043	m0171	47.6	7.29e-67	245
m0043	m0152	42.7	1.24e-66	244
m0043	m0077	49.6	2.77e-66	243
m0043	m0234	47.6	6.17e-66	242
m0043	m0065	44.1	1.05e-65	241
m0043	m0123	50.0	1.8e-65	240
m0043	m0264	43.8	2.35e-65	240
m0043	m0388	46.0	3.06e-65	240
m0043	m0190	49.4	3.06e-65	240
m0043	m0380	47.6	6.82e-65	238
m0043	m0137	46.4	6.82e-65	238
m0043	m0048	46.8	1.16e-64	238
m0043	m0377	49.1	1.29e-63	234
m0043	m0314	46.5	1.68e-63	234
m0043	m0341	45.6	1.86e-62	230
m0043	m0093	44.7	3.17e-62	230
m0043	m0086	45.3	5.41e-62	229
m0043	m0074	42.8	1.2e-61	228
m0043	m0394	43.2	2.05e-61	227
m0043	m0294	45.3	1.74e-60	224
m0043	m0336	46.3	2.27e-60	223
m0043	m0126	44.1	2.97e-60	223
m0043	m0195	42.6	3.88e-60	223
m0043	m0398	44.1	1.13e-59	221
m0043	m0328	46.0	1.47e-59	221
m0043	m0144	46.9	1.47e-59	221
m0043	m0100	43.5	1.92e-59	220
m0043	m0089	42.4	5.6e-59	219
m0043	m0158	43.4	6.19e-58	215
m0043	m0080	43.6	1.38e-57	214
m0043	m0087	40.6	4.01e-57	213
m0043	m0364	44.8	5.24e-57	212
m0043	m0194	44.0	4.43e-56	209
m0043	m0343	40.8	1.68e-55	207
m0043	m0121	44.3	6.4e-55	205
m0043	m0147	42.9	8.36e-55	205
m0043	m0292	40.3	9.25e-54	201
m0043	m0200	42.3	9.25e-54	201
m0043	m0323	42.0	9.25e-54	201
m0043	m0233	40.1	1.58e-53	201
m0043	m0185	43.6	2.06e-53	200
m0043	m0349	41.6	5.99e-53	199
m0043	m0072	42.9	5.99e-53	199
m0043	m0274	41.5	7.83e-53	198
m0043	m0338	42.0	1.02e-52	198
m0043	m0269	41.5	1.34e-52	198
m0043	m0334	42.7	1.34e-52	198
m0043	m0295	41.0	1.34e-52	198
m0043	m0354	41.4	1.74e-52	197
m0043	m0305	41.3	1.74e-52	197
m0043	m0383	39.9	2.97e-52	196
m0043	m0351	39.3	2.97e-52	196
m0043	m0311	39.3	3.88e-52	196
m0043	m0266	41.1	3.88e-52	196
m0043	m0136	40.6	5.07e-52	196
m0043	m0076	42.7	5.07e-52	196
m0043	m0101	42.5	5.07e-52	196
m0043	m0191	40.5	5.07e-52	196
m0043	m0187	38.8	8.65e-52	195
m0043	m0179	38.1	1.13e-51	195
m0043	m0250	43.2	1.48e-51	194
m0043	m0282	43.1	1.93e-51	194
m0043	m0370	41.5	2.52e-51	193
m0043	m0127	40.8	3.29e-51	193
m0043	m0070	39.1	4.29e-51	193
m0043	m0342	43.2	5.61e-51	192
m0043	m0051	41.2	5.61e-51	192
m0043	m0278	40.6	7.33e-51	192
m0043	m0104	40.2	7.33e-51	192
m0043	m0073	40.2	9.57e-51	191
m0043	m0091	41.6	1.25e-50	191
m0043	m0280	43.8	1.63e-50	191
m0043	m0410	40.9	1.63e-50	191
m0043	m0172	42.0	1.63e-50	191
m0043	m0068	42.3	2.78e-50	190
m0043	m0098	38.9	2.78e-50	190
m0043	m0378	41.6	3.64e-50	190
m0043	m0261	42.8	3.64e-50	190
m0043	m0337	41.1	4.75e-50	189
m0043	m0216	42.5	4.75e-50	189
m0043	m0161	41.2	6.2e-50	189
m0043	m0099	42.7	8.1e-50	188
m0043	m0397	40.0	8.1e-50	188
m0043	m0406	39.3	8.1e-50	188
m0043	m0133	42.4	8.1e-50	188
m0043	m0321	41.6	1.06e-49	188
m0043	m0201	40.9	1.06e-49	188
m0043	m0141	42.4	1.38e-49	188
m0043	m0186	43.7	1.38e-49	188
m0043	m0365	40.9	1.8e-49	187
m0043	m0082	38.8	1.8e-49	187
m0043	m0230	40.8	1.8e-49	187
m0043	m0330	41.2	2.36e-49	187
m0043	m0345	41.7	2.36e-49	187
m0043	m0157	40.0	2.36e-49	187
m0043	m0332	42.0	2.36e-49	187
m0043	m0283	40.9	3.08e-49	186
m0043	m0160	40.9	3.08e-49	186
m0043	m0393	40.8	3.08e-49	186
m0043	m0170	39.5	4.02e-49	186
m0043	m0256	42.1	4.02e-49	186
m0043	m0405	41.5	5.25e-49	186
m0043	m0181	40.3	5.25e-49	186
m0043	m0197	36.1	5.25e-49	186
m0043	m0164	39.5	8.96e-49	185
m0043	m0297	41.5	1.17e-48	184
m0043	m0050	40.6	1.17e-48	184
m0043	m0348	41.1	1.53e-48	184
m0043	m0114	41.4	1.53e-48	184
m0043	m0178	39.1	1.53e-48	184
m0043	m0096	39.6	1.99e-48	184
m0043	m0166	37.8	1.99e-48	184
m0043	m0218	41.2	2.61e-48	183
m0043	m0207	38.0	2.61e-48	183
m0043	m0251	38.5	2.61e-48	183
m0043	m0356	38.9	3.4e-48	183
m0043	m0217	40.3	3.4e-48	183
m0043	m0317	40.7	3.4e-48	183
m0043	m0240	37.9	3.4e-48	183
m0043	m0116	40.5	4.44e-48	183
m0043	m0335	40.5	4.44e-48	183
m0043	m0097	39.9	5.8e-48	182
m0043	m0177	42.7	7.58e-48	182
m0043	m0162	39.0	7.58e-48	182
m0043	m0363	39.7	9.9e-48	181
m0043	m0053	39.5	9.9e-48	181
m0043	m0208	38.9	9.9e-48	181
m0043	m0296	39.6	9.9e-48	181
m0043	m0385	39.8	1.29e-47	181
m0043	m0247	36.9	1.69e-47	181
m0043	m0327	42.0	2.88e-47	180
m0043	m0175	37.8	2.88e-47	180
m0043	m0400	40.6	3.76e-47	179
m0043	m0246	38.7	8.38e-47	178
m0043	m0176	40.1	1.09e-46	178
m0043	m0168	40.9	1.09e-46	178
m0043	m0312	38.2	1.43e-46	178
m0043	m0239	38.6	2.44e-46	177
m0043	m0319	41.2	2.44e-46	177
m0043	m0245	37.0	7.1e-46	175
m0043	m0368	38.1	9.27e-46	175
m0043	m0079	40.8	3.52e-45	173
m0043	m0229	39.2	1.02e-44	171
m0043	m0371	38.0	1.34e-44	171
m0043	m0219	41.8	2.28e-44	170
m0043	m0071	37.8	2.98e-44	170
m0043	m0069	37.9	9.59e-43	165
m0043	m0284	39.3	7.6e-40	155
m0043	m0289	30.9	2.45e-30	124
m0043	m0369	33.6	2.71e-29	120
m0043	m0275	34.2	2.8e-26	110
m0043	m0188	30.6	3.43e-24	103
m0043	m0163	31.1	4.19e-22	96
m0043	m0140	28.9	7.15e-22	96
m0043	m0231	28.5	9.33e-22	95
m0043	m0044	29.4	2.3e-20	91
m0043	m0293	30.2	5.12e-20	89
m0043	m0359	27.2	4.49e-16	76
m0043	m0267	27.1	2.91e-15	74
m0043	m0124	24.3	1.1e-14	72
m0043	m0268	30.7	1.22e-13	68
m0043	m0279	26.4	7.92e-13	65
m0043	m0067	25.5	8.75e-12	62
m0043	m0276	23.5	4.34e-11	60
m0043	m0396	26.5	8.19e-10	55
m0043	m0221	29.0	1e-07	49
m0043	m0307	20.8	1.89e-06	44
m0043	m0220	26.0	0.000104	39
m0043	m0339	28.4	0.0282	30
m0043	m0376	29.8	0.0481	30
m0043	m0340	42.9	0.0629	29
m0043	m0063	24.6	0.0821	29
m0043	m0180	29.0	0.14	28
m0043	m0376	25.0	0.312	27
m0043	m0139	24.4	0.908	25
m0043	m0300	28.0	1.19	25
m0043	m0059	34.0	1.19	25
m0043	m0397	29.7	1.55	25
m0043	m0375	34.1	4.51	23
m0043	m0180	27.7	4.51	23
m0043	m0222	21.3	7.69	22
m0043	m0367	50.0	7.69	22
m0044	m0396	47.4	2.03e-64	237
m0044	m0279	45.2	2.32e-60	223
m0044	m0188	40.5	7.48e-51	192
m0044	m0067	42.9	4.4e-43	166
m0044	m0165	29.6	5.05e-23	99
m0044	m0105	32.7	2.51e-22	97
m0044	m0124	26.4	3.28e-22	97
m0044	m0054	30.2	8.07e-21	92
m0044	m0106	31.4	1.05e-20	92
m0044	m0387	29.1	1.8e-20	91
m0044	m0286	29.7	4e-20	90
m0044	m0107	27.7	5.23e-20	89
m0044	m0309	30.8	3.75e-18	83
m0044	m0130	28.9	3.75e-18	83
m0044	m0152	28.8	3.75e-18	83
m0044	m0250	28.4	4.9e-18	83
m0044	m0402	29.9	4.9e-18	83
m0044	m0178	29.1	6.39e-18	82
m0044	m0173	28.8	8.35e-18	82
m0044	m0125	30.0	8.35e-18	82
m0044	m0408	29.9	1.42e-17	81
m0044	m0170	28.7	2.43e-17	80
m0044	m0278	25.7	3.17e-17	80
m0044	m0341	27.3	5.41e-17	79
m0044	m0187	28.3	5.41e-17	79
m0044	m0331	29.9	5.41e-17	79
m0044	m0323	28.8	5.41e-17	79
m0044	m0246	28.0	5.41e-17	79
m0044	m0254	29.1	7.07e-17	79
m0044	m0236	29.3	7.07e-17	79
m0044	m0232	27.9	7.07e-17	79
m0044	m0185	29.8	7.07e-17	79
m0044	m0191	27.9	7.07e-17	79
m0044	m0176	30.7	9.23e-17	79
m0044	m0157	28.6	9.23e-17	79
m0044	m0237	28.2	9.23e-17	79
m0044	m0296	27.3	9.23e-17	79
m0044	m0134	26.9	1.21e-16	78
m0044	m0133	29.2	1.57e-16	78
m0044	m0314	27.9	1.57e-16	78
m0044	m0388	29.1	2.06e-16	77
m0044	m0394	28.7	2.06e-16	77
m0044	m0057	29.9	2.69e-16	77
m0044	m0197	25.3	2.69e-16	77
m0044	m0179	24.6	2.69e-16	77
m0044	m0231	28.8	4.58e-16	76
m0044	m0229	27.8	4.58e-16	76
m0044	m0216	26.5	4.58e-16	76
m0044	m0127	30.0	4.58e-16	76
m0044	m0123	29.1	4.58e-16	76
m0044	m0337	26.2	4.58e-16	76
m0044	m0397	28.4	4.58e-16	76
m0044	m0097	27.6	4.58e-16	76
m0044	m0235	27.7	4.58e-16	76
m0044	m0269	29.5	5.98e-16	76
m0044	m0317	29.1	5.98e-16	76
m0044	m0171	29.2	5.98e-16	76
m0044	m0172	28.1	7.82e-16	75
m0044	m0158	26.8	7.82e-16	75
m0044	m0406	27.3	7.82e-16	75
m0044	m0141	26.6	7.82e-16	75
m0044	m0207	32.1	1.02e-15	75
m0044	m0239	28.2	1.02e-15	75
m0044	m0372	28.6	1.02e-15	75
m0044	m0335	26.0	1.02e-15	75
m0044	m0137	30.3	1.33e-15	75
m0044	m0283	28.2	1.33e-15	75
m0044	m0219	30.1	1.33e-15	75
m0044	m0112	28.0	1.33e-15	75
m0044	m0082	26.5	1.74e-15	74
m0044	m0349	26.8	1.74e-15	74
m0044	m0316	25.3	2.27e-15	74
m0044	m0201	30.9	2.27e-15	74
m0044	m0240	28.1	2.27e-15	74
m0044	m0383	27.1	2.27e-15	74
m0044	m0321	27.4	2.97e-15	74
m0044	m0217	27.4	3.88e-15	73
m0044	m0071	26.5	3.88e-15	73
m0044	m0233	28.7	5.07e-15	73
m0044	m0053	28.5	5.07e-15	73
m0044	m0186	27.7	6.62e-15	72
m0044	m0330	26.2	6.62e-15	72
m0044	m0327	29.3	6.62e-15	72
m0044	m0208	28.1	6.62e-15	72
m0044	m0136	30.4	6.62e-15	72
m0044	m0177	25.5	8.64e-15	72
m0044	m0354	28.2	1.13e-14	72
m0044	m0264	26.5	1.13e-14	72
m0044	m0338	28.4	1.13e-14	72
m0044	m0312	26.6	1.13e-14	72
m0044	m0091	27.7	1.13e-14	72
m0044	m0079	30.2	1.47e-14	71
m0044	m0048	27.0	1.47e-14	71
m0044	m0230	28.0	1.47e-14	71
m0044	m0212	26.4	1.93e-14	71
m0044	m0261	28.2	1.93e-14	71
m0044	m0280	27.2	1.93e-14	71
m0044	m0046	25.8	1.93e-14	71
m0044	m0086	28.3	1.93e-14	71
m0044	m0077	25.6	1.93e-14	71
m0044	m0068	25.1	1.93e-14	71
m0044	m0370	27.0	2.51e-14	70
m0044	m0114	28.6	2.51e-14	70
m0044	m0175	27.9	2.51e-14	70
m0044	m0161	28.9	2.51e-14	70
m0044	m0382	24.5	3.28e-14	70
m0044	m0249	26.9	3.28e-14	70
m0044	m0299	28.9	3.28e-14	70
m0044	m0405	25.9	3.28e-14	70
m0044	m0196	26.8	4.29e-14	70
m0044	m0332	29.2	4.29e-14	70
m0044	m0294	28.6	5.6e-14	69
m0044	m0297	29.5	5.6e-14	69
m0044	m0218	27.9	5.6e-14	69
m0044	m0169	27.1	5.6e-14	69
m0044	m0363	27.7	5.6e-14	69
m0044	m0282	27.7	7.32e-14	69
m0044	m0160	27.3	7.32e-14	69
m0044	m0342	26.3	7.32e-14	69
m0044	m0273	28.6	7.32e-14	69
m0044	m0181	27.8	9.55e-14	69
m0044	m0345	26.6	1.25e-13	68
m0044	m0378	27.2	1.25e-13	68
m0044	m0251	23.8	1.25e-13	68
m0044	m0245	27.6	1.25e-13	68
m0044	m0100	25.3	1.25e-13	68
m0044	m0190	30.2	1.63e-13	68
m0044	m0256	27.9	1.63e-13	68
m0044	m0390	28.5	1.63e-13	68
m0044	m0126	28.1	1.63e-13	68
m0044	m0292	24.7	1.63e-13	68
m0044	m0166	26.2	2.13e-13	67
m0044	m0348	27.3	2.13e-13	67
m0044	m0336	26.5	2.78e-13	67
m0044	m0295	27.2	2.78e-13	67
m0044	m0311	25.6	3.63e-13	67
m0044	m0087	26.7	3.63e-13	67
m0044	m0144	31.0	4.74e-13	66
m0044	m0400	27.2	4.74e-13	66
m0044	m0371	27.6	6.19e-13	66
m0044	m0195	27.4	6.19e-13	66
m0044	m0093	27.2	6.19e-13	66
m0044	m0099	27.1	8.09e-13	65
m0044	m0065	24.6	1.06e-12	65
m0044	m0306	25.7	1.06e-12	65
m0044	m0096	25.6	1.06e-12	65
m0044	m0164	25.5	1.38e-12	65
m0044	m0168	22.8	1.8e-12	64
m0044	m0050	26.3	1.8e-12	64
m0044	m0104	26.3	2.35e-12	64
m0044	m0234	28.5	2.35e-12	64
m0044	m0247	25.3	3.07e-12	64
m0044	m0368	25.8	3.07e-12	64
m0044	m0377	28.0	3.07e-12	64
m0044	m0393	25.4	4.01e-12	63
m0044	m0066	25.4	5.24e-12	63
m0044	m0289	30.7	5.24e-12	63
m0044	m0069	27.7	6.85e-12	62
m0044	m0305	26.7	8.94e-12	62
m0044	m0276	24.5	8.94e-12	62
m0044	m0072	27.6	1.17e-11	62
m0044	m0365	25.9	1.17e-11	62
m0044	m0116	26.4	1.53e-11	61
m0044	m0194	26.4	1.53e-11	61
m0044	m0328	27.5	1.53e-11	61
m0044	m0076	27.2	1.53e-11	61
m0044	m0266	25.3	1.53e-11	61
m0044	m0051	24.5	2.6e-11	60
m0044	m0351	25.8	2.6e-11	60
m0044	m0074	27.8	2.6e-11	60
m0044	m0267	28.3	2.6e-11	60
m0044	m0364	24.7	3.4e-11	60
m0044	m0070	24.3	4.44e-11	60
m0044	m0098	22.9	4.44e-11	60
m0044	m0356	26.9	5.8e-11	59
m0044	m0121	26.6	7.57e-11	59
m0044	m0410	25.8	7.57e-11	59
m0044	m0380	26.9	7.57e-11	59
m0044	m0073	27.0	2.88e-10	57
m0044	m0200	27.4	3.76e-10	57
m0044	m0080	24.7	3.76e-10	57
m0044	m0163	25.9	3.76e-10	57
m0044	m0319	25.7	4.91e-10	56
m0044	m0343	27.3	6.41e-10	56
m0044	m0089	25.8	6.41e-10	56
m0044	m0369	27.1	8.37e-10	55
m0044	m0359	26.3	2.44e-09	54
m0044	m0101	26.9	4.15e-09	53
m0044	m0398	29.3	9.25e-09	52
m0044	m0293	27.9	1.21e-08	52
m0044	m0162	25.7	6e-08	49
m0044	m0147	23.4	7.83e-08	49
m0044	m0334	23.2	7.83e-08	49
m0044	m0268	28.9	1.34e-07	48
m0044	m0140	25.4	1.75e-07	48
m0044	m0275	24.1	5.08e-07	46
m0044	m0284	25.7	2.52e-06	44
m0044	m0274	26.3	7.33e-06	42
m0044	m0340	28.1	0.000236	37
m0044	m0307	20.2	0.00117	35
m0044	m0399	24.5	0.00759	32
m0044	m0075	25.9	0.143	28
m0044	m0055	25.3	0.143	28
m0044	m0385	29.3	0.319	27
m0044	m0403	22.5	0.319	27
m0044	m0325	23.4	0.71	26
m0044	m0391	42.3	1.21	25
m0044	m0265	44.0	1.58	25
m0044	m0153	29.1	1.58	25
m0044	m0146	23.2	2.07	24
m0044	m0297	28.7	2.07	24
m0044	m0376	39.0	2.07	24
m0044	m0190	28.9	3.52	23
m0044	m0148	56.2	4.6	23
m0044	m0399	23.8	4.6	23
m0044	m0102	27.5	4.6	23
m0044	m0367	26.8	6.01	23
m0044	m0191	23.4	7.85	22
m0045	m0373	65.0	2.38e-159	553
m0045	m0094	63.5	1.77e-146	510
m0045	m0129	53.5	1.32e-125	441
m0045	m0159	52.9	7.25e-124	435
m0045	m0304	51.7	7.5e-121	425
m0045	m0078	44.9	7.07e-95	339
m0045	m0238	42.8	2.51e-92	330
m0045	m0122	25.2	0.0083	33
m0046	m0066	85.0	2.41e-145	506
m0046	m0314	56.0	1.03e-87	314
m0046	m0382	56.9	2.99e-87	313
m0046	m0235	55.3	5.1e-87	312
m0046	m0237	59.0	8.7e-87	311
m0046	m0232	55.1	1.14e-86	311
m0046	m0086	56.0	1.48e-86	310
m0046	m0402	55.6	3.31e-86	309
m0046	m0190	61.3	3.31e-86	309
m0046	m0331	57.1	4.32e-86	309
m0046	m0299	56.9	7.37e-86	308
m0046	m0273	54.9	1.64e-85	307
m0046	m0249	54.2	2.8e-85	306
m0046	m0328	59.9	2.8e-85	306
m0046	m0390	57.5	6.24e-85	305
m0046	m0306	53.6	3.09e-84	303
m0046	m0137	56.3	4.04e-84	302
m0046	m0048	56.4	6.89e-84	302
m0046	m0336	58.9	1.54e-83	300
m0046	m0309	55.6	2.62e-83	300
m0046	m0234	54.6	3.42e-83	299
m0046	m0106	53.3	2.22e-82	297
m0046	m0196	54.5	2.9e-82	296
m0046	m0125	58.9	2.9e-82	296
m0046	m0171	58.0	4.94e-82	295
m0046	m0264	54.4	1.44e-81	294
m0046	m0394	54.1	3.2e-81	293
m0046	m0134	54.9	4.18e-81	292
m0046	m0236	53.7	5.46e-81	292
m0046	m0388	54.9	5.46e-81	292
m0046	m0377	55.8	2.08e-80	290
m0046	m0316	54.5	3.54e-80	289
m0046	m0380	54.0	1.35e-79	287
m0046	m0123	52.8	1.14e-78	284
m0046	m0065	56.8	2.54e-78	283
m0046	m0144	54.7	3.66e-77	279
m0046	m0152	51.1	4.79e-77	279
m0046	m0057	51.4	1.39e-76	277
m0046	m0126	50.7	2.63e-75	273
m0046	m0341	51.2	7.64e-75	272
m0046	m0112	51.9	1.3e-74	271
m0046	m0169	49.8	5.48e-73	265
m0046	m0372	49.0	1.59e-72	264
m0046	m0093	48.6	3e-71	260
m0046	m0254	47.5	6.69e-71	258
m0046	m0054	50.7	8.74e-71	258
m0046	m0147	45.5	1.95e-70	257
m0046	m0107	52.0	3.32e-70	256
m0046	m0100	49.1	7.4e-70	255
m0046	m0089	50.2	7.4e-70	255
m0046	m0173	49.5	1.26e-69	254
m0046	m0158	49.4	1.65e-69	254
m0046	m0070	47.8	2.81e-69	253
m0046	m0364	47.1	2.81e-69	253
m0046	m0233	46.6	3.67e-69	253
m0046	m0292	47.0	1.4e-68	251
m0046	m0305	47.2	1.4e-68	251
m0046	m0165	49.1	1.82e-68	250
m0046	m0178	46.1	4.06e-68	249
m0046	m0187	46.8	4.06e-68	249
m0046	m0408	47.9	5.3e-68	249
m0046	m0266	49.5	6.93e-68	248
m0046	m0311	46.6	9.05e-68	248
m0046	m0354	47.3	1.54e-67	247
m0046	m0087	46.2	2.02e-67	247
m0046	m0247	48.6	3.44e-67	246
m0046	m0351	46.4	3.44e-67	246
m0046	m0251	46.1	4.49e-67	246
m0046	m0274	47.1	7.66e-67	245
m0046	m0170	45.3	1e-66	245
m0046	m0294	46.2	1e-66	245
m0046	m0179	45.9	1.31e-66	244
m0046	m0051	48.0	1.71e-66	244
m0046	m0121	49.3	2.91e-66	243
m0046	m0343	48.3	2.91e-66	243
m0046	m0098	46.0	3.8e-66	243
m0046	m0082	46.2	4.96e-66	242
m0046	m0200	47.4	4.96e-66	242
m0046	m0073	47.0	1.11e-65	241
m0046	m0077	47.7	2.46e-65	240
m0046	m0195	45.8	2.46e-65	240
m0046	m0074	45.3	5.49e-65	239
m0046	m0101	45.4	5.49e-65	239
m0046	m0076	45.8	1.22e-64	238
m0046	m0312	45.6	1.6e-64	237
m0046	m0217	48.6	1.77e-63	234
m0046	m0230	47.9	1.77e-63	234
m0046	m0068	45.1	2.31e-63	233
m0046	m0104	47.5	2.31e-63	233
m0046	m0208	47.2	3.01e-63	233
m0046	m0321	49.6	3.93e-63	233
m0046	m0400	49.3	5.14e-63	232
m0046	m0197	44.4	1.14e-62	231
m0046	m0072	45.8	1.14e-62	231
m0046	m0410	48.5	1.49e-62	231
m0046	m0240	48.4	2.55e-62	230
m0046	m0332	48.4	3.33e-62	230
m0046	m0345	47.9	3.33e-62	230
m0046	m0050	47.2	4.35e-62	229
m0046	m0365	45.3	4.35e-62	229
m0046	m0370	48.4	5.68e-62	229
m0046	m0096	46.8	7.42e-62	228
m0046	m0099	47.6	7.42e-62	228
m0046	m0385	44.4	7.42e-62	228
m0046	m0194	45.9	9.69e-62	228
m0046	m0218	47.5	9.69e-62	228
m0046	m0256	46.8	1.27e-61	228
m0046	m0330	45.7	1.27e-61	228
m0046	m0383	43.8	1.27e-61	228
m0046	m0185	47.4	1.27e-61	228
m0046	m0229	47.7	1.27e-61	228
m0046	m0160	46.8	1.65e-61	227
m0046	m0114	47.5	1.65e-61	227
m0046	m0342	48.2	2.82e-61	226
m0046	m0282	48.2	2.82e-61	226
m0046	m0053	47.2	2.82e-61	226
m0046	m0378	47.9	3.68e-61	226
m0046	m0363	46.8	4.81e-61	226
m0046	m0348	47.7	6.28e-61	225
m0046	m0136	46.3	8.2e-61	225
m0046	m0191	48.4	8.2e-61	225
m0046	m0393	47.9	1.07e-60	225
m0046	m0323	46.6	1.07e-60	225
m0046	m0356	42.9	1.07e-60	225
m0046	m0216	47.9	1.07e-60	225
m0046	m0397	48.6	1.4e-60	224
m0046	m0278	47.8	1.4e-60	224
m0046	m0177	47.5	1.83e-60	224
m0046	m0172	45.1	2.39e-60	223
m0046	m0269	46.9	2.39e-60	223
m0046	m0387	42.7	2.39e-60	223
m0046	m0295	46.4	2.39e-60	223
m0046	m0166	44.9	3.12e-60	223
m0046	m0286	43.7	3.12e-60	223
m0046	m0212	45.3	4.07e-60	223
m0046	m0398	47.5	4.07e-60	223
m0046	m0337	46.4	5.32e-60	222
m0046	m0161	47.9	5.32e-60	222
m0046	m0349	46.8	5.32e-60	222
m0046	m0186	49.6	6.94e-60	222
m0046	m0338	46.4	6.94e-60	222
m0046	m0141	45.1	9.07e-60	221
m0046	m0261	48.9	9.07e-60	221
m0046	m0368	44.1	1.18e-59	221
m0046	m0164	46.5	1.55e-59	221
m0046	m0219	48.8	1.55e-59	221
m0046	m0283	46.7	2.02e-59	220
m0046	m0091	46.6	2.02e-59	220
m0046	m0406	45.5	2.64e-59	220
m0046	m0405	46.2	3.45e-59	220
m0046	m0127	46.3	3.45e-59	220
m0046	m0175	46.5	4.5e-59	219
m0046	m0296	47.0	4.5e-59	219
m0046	m0327	46.5	5.88e-59	219
m0046	m0201	45.5	7.68e-59	218
m0046	m0317	45.3	1.31e-58	218
m0046	m0297	45.8	1.71e-58	217
m0046	m0133	46.2	2.23e-58	217
m0046	m0157	46.1	2.92e-58	216
m0046	m0080	43.0	2.92e-58	216
m0046	m0130	42.7	3.81e-58	216
m0046	m0116	48.7	4.98e-58	216
m0046	m0181	46.6	4.98e-58	216
m0046	m0250	46.3	4.98e-58	216
m0046	m0335	46.1	4.98e-58	216
m0046	m0097	45.9	1.11e-57	215
m0046	m0105	42.9	3.22e-57	213
m0046	m0319	48.0	4.21e-57	213
m0046	m0239	45.2	7.18e-57	212
m0046	m0071	45.7	2.09e-56	210
m0046	m0280	46.8	2.73e-56	210
m0046	m0246	44.1	3.57e-56	210
m0046	m0079	48.6	7.94e-56	208
m0046	m0176	43.3	3.02e-55	206
m0046	m0069	44.1	1.15e-54	205
m0046	m0334	45.3	2.56e-54	203
m0046	m0245	40.0	2.02e-51	194
m0046	m0168	43.4	4.51e-51	193
m0046	m0207	41.9	1.31e-50	191
m0046	m0162	38.2	4.22e-49	186
m0046	m0284	41.1	1.84e-44	171
m0046	m0275	40.2	6.97e-44	169
m0046	m0369	36.0	2.74e-40	157
m0046	m0371	34.4	1.78e-39	154
m0046	m0289	31.7	5.35e-36	143
m0046	m0163	32.1	1.46e-33	134
m0046	m0140	31.2	6.77e-31	126
m0046	m0188	28.8	9.8e-22	95
m0046	m0293	28.6	2.04e-19	87
m0046	m0359	26.9	4.26e-17	80
m0046	m0276	22.2	2.34e-15	74
m0046	m0231	26.4	3.99e-15	73
m0046	m0268	28.0	1.16e-14	72
m0046	m0279	26.7	1.52e-14	71
m0046	m0396	24.6	9.82e-14	69
m0046	m0067	25.6	9.19e-12	62
m0046	m0124	21.1	2.26e-10	57
m0046	m0267	23.1	8.05e-08	49
m0046	m0139	28.9	1.98e-06	44
m0046	m0221	27.5	3.38e-06	44
m0046	m0376	28.5	7.54e-06	42
m0046	m0220	26.8	6.38e-05	39
m0046	m0257	29.3	0.000109	39
m0046	m0409	27.4	0.000243	37
m0046	m0340	26.6	0.00054	36
m0046	m0307	22.3	0.0035	33
m0046	m0339	23.9	0.00457	33
m0046	m0180	26.6	0.0227	31
m0046	m0403	34.0	0.0506	30
m0046	m0376	26.6	0.0506	30
m0046	m0056	23.1	0.0506	30
m0046	m0318	26.4	0.192	28
m0046	m0310	29.9	0.328	27
m0046	m0120	30.4	0.328	27
m0046	m0180	22.6	0.73	26
m0046	m0399	27.3	0.954	25
m0046	m0301	28.0	0.954	25
m0046	m0392	27.1	1.63	25
m0046	m0145	32.8	2.12	24
m0046	m0367	45.2	2.77	24
m0046	m0063	26.5	4.73	23
m0046	m0146	21.3	6.18	23
m0046	m0202	36.4	8.07	22
m0046	m0151	31.0	8.07	22
m0047	m0092	26.8	1.88	24
m0047	m0145	35.1	3.2	23
m0047	m0199	31.7	7.14	22
m0048	m0086	85.5	1.01e-140	490
m0048	m0314	76.8	1.52e-128	450
m0048	m0328	78.9	6.18e-122	428
m0048	m0190	74.7	3.51e-117	412
m0048	m0196	62.3	7.11e-102	361
m0048	m0336	65.7	7.11e-102	361
m0048	m0171	63.8	3.53e-101	359
m0048	m0306	61.8	4.61e-101	359
m0048	m0388	61.5	7.86e-101	358
m0048	m0402	62.4	6.65e-100	355
m0048	m0264	59.9	8.69e-100	354
m0048	m0249	62.0	7.35e-99	351
m0048	m0377	60.8	3.09e-97	346
m0048	m0234	60.6	1.17e-96	344
m0048	m0106	63.8	2e-96	343
m0048	m0235	60.1	3.42e-96	342
m0048	m0232	61.9	4.46e-96	342
m0048	m0380	63.9	5.83e-96	342
m0048	m0331	61.0	5.83e-96	342
m0048	m0382	61.7	1.3e-95	341
m0048	m0134	61.1	1.7e-95	340
m0048	m0316	60.4	9.3e-94	334
m0048	m0273	58.9	1.59e-93	334
m0048	m0137	57.2	2.07e-93	333
m0048	m0299	58.5	2.07e-93	333
m0048	m0237	58.4	2.71e-93	333
m0048	m0394	59.1	5.64e-91	325
m0048	m0125	61.9	7.37e-91	325
m0048	m0144	60.8	9.63e-91	324
m0048	m0390	57.1	1.64e-90	324
m0048	m0057	58.1	6.24e-90	322
m0048	m0126	57.2	4.04e-89	319
m0048	m0065	56.8	1.54e-88	317
m0048	m0309	57.2	3.42e-88	316
m0048	m0236	55.4	4.47e-88	315
m0048	m0066	58.2	6.46e-87	312
m0048	m0341	55.0	6.46e-87	312
m0048	m0112	55.4	8.43e-87	311
m0048	m0372	55.1	2.45e-86	310
m0048	m0152	53.1	3e-84	303
m0048	m0089	55.1	5.12e-84	302
m0048	m0169	52.8	8.73e-84	301
m0048	m0398	57.9	7.39e-83	298
m0048	m0233	51.9	1.26e-82	297
m0048	m0158	54.2	1.26e-82	297
m0048	m0093	54.3	1.26e-82	297
m0048	m0123	54.9	1.65e-82	297
m0048	m0364	51.8	8.17e-82	295
m0048	m0247	54.0	2.38e-81	293
m0048	m0254	52.8	1.44e-78	284
m0048	m0294	52.0	1.88e-78	283
m0048	m0305	51.1	9.35e-78	281
m0048	m0121	51.4	2.08e-77	280
m0048	m0072	49.5	1.03e-76	278
m0048	m0104	51.7	8.75e-76	275
m0048	m0100	49.5	1.14e-75	274
m0048	m0147	49.5	1.95e-75	273
m0048	m0200	49.3	2.55e-75	273
m0048	m0087	48.8	3.32e-75	273
m0048	m0365	48.6	7.41e-75	272
m0048	m0343	49.7	3.68e-74	269
m0048	m0073	49.3	6.27e-74	268
m0048	m0101	50.4	6.27e-74	268
m0048	m0383	47.2	1.07e-73	268
m0048	m0311	49.1	1.4e-73	267
m0048	m0179	47.3	1.82e-73	267
m0048	m0070	47.8	1.82e-73	267
m0048	m0251	50.7	4.06e-73	266
m0048	m0351	47.3	1.18e-72	264
m0048	m0354	52.0	5.87e-72	262
m0048	m0266	51.3	5.87e-72	262
m0048	m0098	48.0	2.91e-71	260
m0048	m0195	46.3	2.91e-71	260
m0048	m0068	47.5	4.97e-71	259
m0048	m0194	50.2	8.47e-71	258
m0048	m0077	47.6	1.89e-70	257
m0048	m0312	46.7	1.89e-70	257
m0048	m0187	44.7	2.47e-70	257
m0048	m0178	45.6	7.17e-70	255
m0048	m0368	45.8	9.37e-70	255
m0048	m0356	49.1	2.73e-69	253
m0048	m0076	45.0	2.73e-69	253
m0048	m0074	50.0	3.56e-69	253
m0048	m0292	45.7	4.65e-69	252
m0048	m0408	46.6	7.93e-69	252
m0048	m0069	46.9	7.93e-69	252
m0048	m0338	48.4	1.04e-68	251
m0048	m0082	44.9	1.04e-68	251
m0048	m0274	46.6	1.04e-68	251
m0048	m0410	44.3	1.04e-68	251
m0048	m0170	45.5	1.04e-68	251
m0048	m0197	43.4	2.31e-68	250
m0048	m0051	47.5	3.01e-68	250
m0048	m0191	47.6	1.15e-67	248
m0048	m0349	47.6	1.5e-67	247
m0048	m0080	47.9	4.35e-67	246
m0048	m0295	46.2	9.69e-67	245
m0048	m0172	47.2	9.69e-67	245
m0048	m0240	49.5	1.27e-66	244
m0048	m0116	48.6	2.16e-66	243
m0048	m0157	48.6	2.82e-66	243
m0048	m0177	47.4	4.81e-66	242
m0048	m0166	48.4	4.81e-66	242
m0048	m0406	46.8	4.81e-66	242
m0048	m0385	46.2	6.28e-66	242
m0048	m0330	47.1	1.07e-65	241
m0048	m0091	48.1	1.4e-65	241
m0048	m0136	47.2	1.83e-65	240
m0048	m0323	45.4	1.83e-65	240
m0048	m0327	48.1	2.39e-65	240
m0048	m0335	47.8	2.39e-65	240
m0048	m0250	47.2	2.39e-65	240
m0048	m0165	46.3	3.12e-65	240
m0048	m0261	48.7	3.12e-65	240
m0048	m0296	46.4	4.07e-65	239
m0048	m0283	46.7	4.07e-65	239
m0048	m0334	53.1	4.07e-65	239
m0048	m0370	46.5	5.32e-65	239
m0048	m0181	48.0	9.07e-65	238
m0048	m0230	46.8	9.07e-65	238
m0048	m0278	48.0	1.19e-64	238
m0048	m0269	48.7	1.19e-64	238
m0048	m0185	45.1	1.55e-64	237
m0048	m0282	46.8	1.55e-64	237
m0048	m0216	47.2	1.55e-64	237
m0048	m0127	44.9	2.02e-64	237
m0048	m0173	48.1	3.45e-64	236
m0048	m0133	45.9	5.88e-64	235
m0048	m0208	48.1	7.68e-64	235
m0048	m0297	47.9	7.68e-64	235
m0048	m0107	48.5	1.31e-63	234
m0048	m0363	47.1	1.71e-63	234
m0048	m0217	46.6	2.23e-63	233
m0048	m0319	46.5	3.81e-63	233
m0048	m0141	45.3	3.81e-63	233
m0048	m0079	50.6	4.98e-63	232
m0048	m0054	44.4	4.98e-63	232
m0048	m0053	47.0	4.98e-63	232
m0048	m0114	46.9	4.98e-63	232
m0048	m0096	46.8	4.98e-63	232
m0048	m0342	45.7	6.5e-63	232
m0048	m0186	47.0	8.49e-63	231
m0048	m0400	46.2	8.49e-63	231
m0048	m0239	45.3	1.11e-62	231
m0048	m0176	46.0	1.11e-62	231
m0048	m0321	45.8	1.45e-62	231
m0048	m0397	45.2	1.45e-62	231
m0048	m0161	44.6	1.45e-62	231
m0048	m0071	45.1	1.45e-62	231
m0048	m0337	45.9	1.89e-62	230
m0048	m0229	48.4	1.89e-62	230
m0048	m0162	45.2	1.89e-62	230
m0048	m0218	46.0	3.23e-62	230
m0048	m0332	46.0	4.21e-62	229
m0048	m0280	48.3	4.21e-62	229
m0048	m0050	46.0	7.19e-62	228
m0048	m0201	44.7	1.23e-61	228
m0048	m0393	46.3	1.23e-61	228
m0048	m0256	45.6	1.6e-61	227
m0048	m0317	42.6	1.6e-61	227
m0048	m0348	45.3	2.73e-61	226
m0048	m0164	45.9	2.73e-61	226
m0048	m0097	46.6	2.73e-61	226
m0048	m0160	44.6	3.57e-61	226
m0048	m0345	44.4	4.66e-61	226
m0048	m0245	44.8	4.66e-61	226
m0048	m0246	44.7	6.09e-61	225
m0048	m0219	49.5	7.95e-61	225
m0048	m0405	43.3	1.04e-60	225
m0048	m0099	44.7	2.31e-60	223
m0048	m0378	45.1	2.31e-60	223
m0048	m0175	43.6	1.15e-59	221
m0048	m0286	43.1	1.96e-59	220
m0048	m0387	45.1	3.34e-59	220
m0048	m0105	42.0	3.13e-57	213
m0048	m0130	44.6	4.08e-57	213
m0048	m0284	48.1	5.33e-57	212
m0048	m0212	44.5	1.55e-56	211
m0048	m0168	40.3	1.45e-54	204
m0048	m0207	42.7	3.03e-52	196
m0048	m0371	36.9	7.47e-43	165
m0048	m0289	32.9	7.49e-35	139
m0048	m0275	36.2	7.49e-35	139
m0048	m0369	35.0	1.32e-31	128
m0048	m0163	32.1	8.57e-31	125
m0048	m0140	33.2	6.14e-29	119
m0048	m0293	29.7	1.08e-25	108
m0048	m0188	29.8	6.16e-21	92
m0048	m0359	26.9	3.99e-20	90
m0048	m0231	26.4	2.96e-15	74
m0048	m0276	23.5	1.12e-14	72
m0048	m0268	27.0	1.05e-12	65
m0048	m0067	26.6	2.35e-12	64
m0048	m0396	24.1	4e-12	63
m0048	m0279	26.5	4.42e-11	60
m0048	m0267	26.5	5.78e-11	59
m0048	m0124	20.8	1.29e-10	58
m0048	m0221	24.5	1.47e-06	45
m0048	m0307	21.3	1.92e-06	44
m0048	m0257	28.4	9.54e-06	42
m0048	m0409	23.0	9.54e-06	42
m0048	m0376	25.8	3.63e-05	40
m0048	m0146	25.2	0.000138	38
m0048	m0339	30.1	0.00018	38
m0048	m0220	24.2	0.000684	36
m0048	m0340	25.6	0.00117	35
m0048	m0180	26.7	0.0026	34
m0048	m0411	30.6	0.0129	32
m0048	m0155	33.3	0.0168	31
m0048	m0340	27.8	0.049	30
m0048	m0396	30.8	0.064	29
m0048	m0064	27.8	0.064	29
m0048	m0059	39.6	0.109	28
m0048	m0102	23.7	0.708	26
m0048	m0199	27.4	0.924	25
m0048	m0199	31.5	1.21	25
m0048	m0392	22.9	1.58	25
m0048	m0322	25.9	3.51	23
m0048	m0063	18.4	3.51	23
m0048	m0180	24.6	3.51	23
m0048	m0367	38.5	4.59	23
m0048	m0102	25.8	4.59	23
m0048	m0202	50.0	7.82	22
m0049	m0277	45.1	7.39e-74	268
m0049	m0320	45.6	1.82e-72	264
m0049	m0193	45.3	1.35e-67	248
m0049	m0090	43.5	2.3e-67	247
m0049	m0253	44.9	3.33e-66	243
m0049	m0248	39.8	1.65e-65	241
m0049	m0386	40.2	2.23e-62	230
m0049	m0389	41.0	3.22e-61	226
m0049	m0288	42.1	5.14e-59	219
m0049	m0315	38.4	1.5e-58	218
m0049	m0109	42.7	4.36e-58	216
m0049	m0412	40.1	9.7e-58	215
m0049	m0061	38.9	2.82e-57	213
m0049	m0154	41.3	8.21e-57	212
m0049	m0085	42.0	1.4e-56	211
m0049	m0224	41.8	6.95e-56	209
m0049	m0211	41.9	4.51e-55	206
m0049	m0115	40.6	7.69e-55	205
m0049	m0182	38.4	1.31e-54	205
m0049	m0088	36.2	1.45e-53	201
m0049	m0228	39.7	2.47e-53	200
m0049	m0167	38.4	1.6e-52	198
m0049	m0113	38.3	7.96e-52	195
m0049	m0404	38.4	8.8e-51	192
m0049	m0353	40.3	4.83e-49	186
m0049	m0258	41.0	2.03e-47	181
m0049	m0052	39.1	5.9e-47	179
m0049	m0357	36.2	5.71e-42	163
m0049	m0384	33.8	1.84e-40	158
m0049	m0108	34.1	4.1e-40	156
m0049	m0361	36.4	4.1e-40	156
m0049	m0285	30.9	7.99e-36	142
m0049	m0379	33.8	3.97e-35	140
m0049	m0174	33.1	3.97e-35	140
m0049	m0270	33.8	6.77e-35	139
m0049	m0244	33.8	1.28e-33	135
m0049	m0189	42.1	4.85e-33	133
m0049	m0138	32.3	1.24e-28	118
m0049	m0223	33.5	2.11e-28	117
m0049	m0222	34.4	1.78e-27	114
m0049	m0209	28.8	2.85e-25	107
m0049	m0189	37.7	3.49e-15	74
m0049	m0392	28.9	0.0986	29
m0049	m0097	32.8	0.287	27
m0049	m0314	43.6	0.489	27
m0049	m0399	54.2	0.835	26
m0049	m0311	30.6	2.43	24
m0049	m0074	41.5	3.17	24
m0049	m0170	42.4	4.14	23
m0049	m0153	24.2	4.14	23
m0049	m0358	27.7	7.07	23
m0049	m0086	34.8	7.07	23
m0050	m0345	89.2	6.28e-249	851
m0050	m0160	89.0	2.92e-246	842
m0050	m0378	87.7	1.89e-245	839
m0050	m0096	86.7	1.36e-243	833
m0050	m0099	87.7	1.96e-242	829
m0050	m0342	86.8	9.71e-242	827
m0050	m0348	86.4	2.83e-241	825
m0050	m0218	86.8	6.96e-240	820
m0050	m0256	86.1	2.65e-239	819
m0050	m0053	85.1	4.51e-239	818
m0050	m0332	84.9	4.51e-239	818
m0050	m0393	83.5	6.52e-238	814
m0050	m0208	85.4	5.16e-235	804
m0050	m0164	80.0	9.11e-232	793
m0050	m0230	86.9	1.01e-230	790
m0050	m0321	85.4	7.98e-228	780
m0050	m0363	85.1	2.32e-227	779
m0050	m0217	85.5	4.39e-218	748
m0050	m0219	63.7	1.06e-155	541
m0050	m0229	60.6	3.21e-152	529
m0050	m0400	75.2	2.3e-150	523
m0050	m0114	67.5	8.17e-148	515
m0050	m0141	55.8	2.72e-143	500
m0050	m0337	55.7	6.06e-143	498
m0050	m0278	55.0	4.06e-139	486
m0050	m0116	58.6	6.93e-139	485
m0050	m0240	57.8	3.44e-138	483
m0050	m0319	58.8	4.21e-136	476
m0050	m0181	55.6	1.65e-132	464
m0050	m0246	54.5	6.28e-132	462
m0050	m0283	55.1	3.12e-131	460
m0050	m0175	53.0	6.95e-131	458
m0050	m0097	53.6	1.19e-130	458
m0050	m0295	52.2	2.02e-130	457
m0050	m0161	51.9	3.45e-130	456
m0050	m0397	51.8	7.68e-130	455
m0050	m0201	53.0	1e-129	455
m0050	m0157	52.3	9.39e-128	448
m0050	m0186	56.2	1.9e-120	424
m0050	m0261	67.1	3.58e-119	419
m0050	m0250	67.1	1.15e-117	414
m0050	m0166	51.6	1.27e-116	411
m0050	m0191	56.4	1.15e-109	388
m0050	m0280	52.8	3.36e-109	386
m0050	m0330	54.0	5.72e-109	386
m0050	m0133	61.3	7.48e-109	385
m0050	m0176	52.8	9.76e-109	385
m0050	m0282	53.9	9.76e-109	385
m0050	m0296	64.4	9.76e-109	385
m0050	m0177	53.9	7e-107	379
m0050	m0349	48.5	7e-107	379
m0050	m0172	53.2	2.04e-106	377
m0050	m0127	51.5	3.47e-106	376
m0050	m0071	49.0	1.91e-104	371
m0050	m0216	58.8	2.49e-104	370
m0050	m0335	60.3	3.59e-103	366
m0050	m0091	62.5	4.69e-103	366
m0050	m0327	58.0	1.05e-102	365
m0050	m0406	58.4	5.19e-102	362
m0050	m0239	56.7	1.08e-99	355
m0050	m0079	66.9	1.56e-98	351
m0050	m0185	48.0	1.32e-97	348
m0050	m0136	60.6	5.03e-97	346
m0050	m0323	58.1	3.6e-95	340
m0050	m0370	60.6	8.02e-95	339
m0050	m0269	59.1	1.05e-94	338
m0050	m0405	50.1	6.79e-94	335
m0050	m0338	55.4	4.4e-93	333
m0050	m0317	46.2	2.85e-92	330
m0050	m0207	52.5	3.27e-88	317
m0050	m0297	45.2	1.62e-87	314
m0050	m0125	56.1	2.59e-77	280
m0050	m0299	53.6	5.78e-77	279
m0050	m0106	49.3	1.09e-75	275
m0050	m0402	51.0	1.42e-75	275
m0050	m0331	51.5	1.86e-75	274
m0050	m0390	53.0	1.2e-74	272
m0050	m0316	49.1	2.27e-73	267
m0050	m0237	50.0	1.13e-72	265
m0050	m0158	49.5	2.51e-72	264
m0050	m0134	49.0	3.28e-72	263
m0050	m0236	50.5	3.28e-72	263
m0050	m0249	48.4	9.55e-72	262
m0050	m0235	47.2	1.63e-71	261
m0050	m0234	46.5	6.19e-71	259
m0050	m0089	50.3	1.06e-70	258
m0050	m0273	48.4	1.38e-70	258
m0050	m0306	48.4	1.8e-70	258
m0050	m0137	47.5	5.24e-70	256
m0050	m0196	46.0	8.93e-70	255
m0050	m0144	49.6	1.52e-69	255
m0050	m0100	48.8	3.39e-69	253
m0050	m0232	46.3	4.43e-69	253
m0050	m0394	48.8	6.4e-68	249
m0050	m0264	44.1	1.86e-67	248
m0050	m0169	47.1	2.43e-67	247
m0050	m0233	45.5	1.21e-66	245
m0050	m0388	45.9	1.21e-66	245
m0050	m0065	42.0	1.58e-66	245
m0050	m0343	47.8	1.34e-65	242
m0050	m0380	47.7	1.74e-65	241
m0050	m0200	45.8	2.97e-65	240
m0050	m0072	46.3	8.65e-65	239
m0050	m0051	45.3	8.65e-65	239
m0050	m0336	46.9	1.13e-64	238
m0050	m0195	47.4	1.48e-64	238
m0050	m0309	45.1	2.52e-64	237
m0050	m0398	46.9	9.57e-64	235
m0050	m0073	45.4	2.13e-63	234
m0050	m0076	44.2	6.2e-63	233
m0050	m0305	44.5	8.1e-63	232
m0050	m0368	44.9	8.1e-63	232
m0050	m0057	44.6	1.38e-62	231
m0050	m0087	44.8	5.25e-62	230
m0050	m0382	47.2	8.95e-62	229
m0050	m0171	43.8	1.99e-61	228
m0050	m0372	45.8	1.99e-61	228
m0050	m0101	44.1	2.61e-61	227
m0050	m0377	44.5	3.4e-61	227
m0050	m0190	46.6	7.58e-61	226
m0050	m0086	43.6	1.29e-60	225
m0050	m0126	43.8	4.91e-60	223
m0050	m0314	43.6	4.91e-60	223
m0050	m0152	42.1	8.38e-60	222
m0050	m0274	44.6	8.38e-60	222
m0050	m0365	44.9	8.38e-60	222
m0050	m0247	43.1	7.1e-59	219
m0050	m0294	46.6	2.06e-58	218
m0050	m0066	45.2	7.84e-58	216
m0050	m0147	40.8	1.02e-57	215
m0050	m0254	43.0	1.75e-57	215
m0050	m0112	42.4	1.75e-57	215
m0050	m0328	44.7	1.48e-56	211
m0050	m0408	40.4	1.25e-55	208
m0050	m0121	43.7	1.64e-55	208
m0050	m0093	43.1	6.22e-55	206
m0050	m0069	41.7	1.81e-54	205
m0050	m0123	40.8	7.6e-53	199
m0050	m0354	41.5	1.87e-51	195
m0050	m0104	41.4	2.44e-51	194
m0050	m0364	40.1	3.19e-51	194
m0050	m0077	43.7	5.45e-51	193
m0050	m0187	40.9	5.1e-49	186
m0050	m0334	42.7	1.48e-48	185
m0050	m0266	40.3	1.48e-48	185
m0050	m0311	39.9	3.3e-48	184
m0050	m0385	37.1	1.26e-47	182
m0050	m0197	39.5	1.64e-47	181
m0050	m0351	37.5	2.14e-47	181
m0050	m0212	37.7	2.8e-47	181
m0050	m0107	42.2	2.8e-47	181
m0050	m0292	38.2	3.65e-47	180
m0050	m0105	37.9	6.23e-47	179
m0050	m0082	38.7	8.14e-47	179
m0050	m0178	39.3	8.14e-47	179
m0050	m0341	39.3	8.14e-47	179
m0050	m0194	39.3	8.14e-47	179
m0050	m0356	42.2	1.39e-46	178
m0050	m0410	40.4	2.37e-46	178
m0050	m0068	38.0	3.09e-46	177
m0050	m0383	37.3	5.27e-46	176
m0050	m0070	36.9	1.17e-45	175
m0050	m0170	38.2	2e-45	174
m0050	m0080	39.7	2e-45	174
m0050	m0179	36.9	3.42e-45	174
m0050	m0165	40.1	3.42e-45	174
m0050	m0098	36.4	1.3e-44	172
m0050	m0312	39.0	1.3e-44	172
m0050	m0284	40.9	1.7e-44	171
m0050	m0074	38.1	3.78e-44	170
m0050	m0286	38.2	4.94e-44	170
m0050	m0251	39.9	1.1e-43	169
m0050	m0054	38.3	2.45e-43	168
m0050	m0162	37.0	3.2e-43	167
m0050	m0387	36.1	4.18e-43	167
m0050	m0245	36.0	7.13e-43	166
m0050	m0173	37.7	9.31e-43	166
m0050	m0130	39.4	3.54e-42	164
m0050	m0168	39.5	1.54e-37	148
m0050	m0371	34.7	3.43e-37	147
m0050	m0275	34.2	9.33e-35	139
m0050	m0369	37.7	6.05e-34	136
m0050	m0289	31.1	9.04e-30	122
m0050	m0140	29.4	3.55e-26	111
m0050	m0163	29.5	8.75e-25	106
m0050	m0188	28.4	1.22e-18	86
m0050	m0396	29.5	3.56e-18	84
m0050	m0279	30.8	3.33e-16	77
m0050	m0231	32.9	3.69e-15	74
m0050	m0293	24.1	2.39e-14	71
m0050	m0276	26.7	3.45e-13	67
m0050	m0359	23.4	2.24e-12	65
m0050	m0267	24.6	3.81e-12	64
m0050	m0067	34.2	2.09e-10	58
m0050	m0268	27.6	2.09e-10	58
m0050	m0124	25.0	8.79e-09	53
m0050	m0409	28.8	4.83e-07	47
m0050	m0307	22.2	0.000172	39
m0050	m0376	32.7	0.000382	37
m0050	m0221	24.1	0.00324	34
m0050	m0102	27.3	0.00324	34
m0050	m0324	24.0	0.00423	34
m0050	m0219	40.4	0.021	32
m0050	m0340	45.9	0.021	32
m0050	m0180	32.9	0.0274	31
m0050	m0146	21.4	0.0358	31
m0050	m0059	37.2	0.0467	30
m0050	m0399	26.9	0.0467	30
m0050	m0180	27.3	0.061	30
m0050	m0132	27.5	0.0797	30
m0050	m0411	27.7	0.178	28
m0050	m0339	29.0	0.232	28
m0050	m0149	26.3	0.396	27
m0050	m0102	30.2	0.882	26
m0050	m0375	24.5	1.15	26
m0050	m0151	52.2	1.15	26
m0050	m0322	34.8	2.56	25
m0050	m0333	23.2	2.56	25
m0050	m0367	32.6	4.37	24
m0050	m0064	27.4	5.71	23
m0050	m0241	61.5	7.46	23
m0050	m0135	43.5	9.75	23
m0051	m0200	59.6	7.96e-93	331
m0051	m0158	57.1	4.37e-91	325
m0051	m0368	56.4	3.7e-90	322
m0051	m0072	54.2	6.97e-89	318
m0051	m0365	52.8	1.11e-86	311
m0051	m0380	55.5	1.11e-86	311
m0051	m0306	54.6	2.74e-85	306
m0051	m0196	53.2	5.72e-83	299
m0051	m0249	52.3	7.47e-83	298
m0051	m0273	51.9	2.17e-82	297
m0051	m0402	52.9	1.08e-81	294
m0051	m0234	53.2	1.84e-81	294
m0051	m0390	51.8	4.1e-81	292
m0051	m0233	52.6	6.99e-81	292
m0051	m0076	51.5	6.99e-81	292
m0051	m0232	50.5	9.13e-81	291
m0051	m0106	51.6	5.92e-80	289
m0051	m0235	51.6	1.72e-79	287
m0051	m0237	51.7	2.94e-79	286
m0051	m0331	52.3	2.94e-79	286
m0051	m0264	52.3	6.54e-79	285
m0051	m0089	49.6	6.54e-79	285
m0051	m0299	51.1	8.54e-79	285
m0051	m0169	50.5	8.54e-79	285
m0051	m0137	51.1	8.54e-79	285
m0051	m0065	51.1	1.46e-78	284
m0051	m0336	50.7	7.23e-78	282
m0051	m0236	50.2	2.1e-77	280
m0051	m0398	52.1	3.59e-77	279
m0051	m0394	50.9	3.59e-77	279
m0051	m0126	52.1	1.78e-76	277
m0051	m0343	50.7	2.33e-76	277
m0051	m0305	50.9	2.33e-76	277
m0051	m0144	52.9	8.84e-76	275
m0051	m0309	48.9	2.57e-75	273
m0051	m0100	48.8	7.48e-75	272
m0051	m0388	52.8	7.48e-75	272
m0051	m0101	48.3	1.28e-74	271
m0051	m0316	49.1	1.28e-74	271
m0051	m0134	47.5	4.85e-74	269
m0051	m0314	50.3	1.08e-73	268
m0051	m0125	50.7	1.08e-73	268
m0051	m0057	46.9	4.54e-72	262
m0051	m0171	48.0	5.93e-72	262
m0051	m0190	51.5	1.73e-71	260
m0051	m0328	50.8	1.91e-70	257
m0051	m0086	47.7	1.91e-70	257
m0051	m0073	49.1	7.25e-70	255
m0051	m0136	48.1	2.11e-69	253
m0051	m0372	46.0	3.6e-69	253
m0051	m0377	45.9	3.6e-69	253
m0051	m0382	47.4	4.7e-69	252
m0051	m0296	48.1	6.14e-69	252
m0051	m0230	46.3	6.14e-69	252
m0051	m0354	48.3	6.14e-69	252
m0051	m0342	47.1	8.01e-69	252
m0051	m0269	48.5	1.37e-68	251
m0051	m0217	48.2	1.37e-68	251
m0051	m0332	48.2	1.79e-68	250
m0051	m0053	46.8	3.05e-68	250
m0051	m0208	47.0	5.19e-68	249
m0051	m0363	47.4	6.78e-68	248
m0051	m0185	45.6	6.78e-68	248
m0051	m0195	46.5	1.51e-67	247
m0051	m0294	47.5	1.97e-67	247
m0051	m0266	45.1	1.97e-67	247
m0051	m0261	46.6	2.58e-67	247
m0051	m0099	47.5	4.4e-67	246
m0051	m0247	46.8	5.74e-67	245
m0051	m0364	46.4	5.74e-67	245
m0051	m0218	47.6	5.74e-67	245
m0051	m0345	46.4	5.74e-67	245
m0051	m0400	46.4	7.5e-67	245
m0051	m0321	46.5	7.5e-67	245
m0051	m0121	46.6	7.5e-67	245
m0051	m0393	46.2	9.8e-67	245
m0051	m0348	46.8	1.28e-66	244
m0051	m0186	47.6	1.28e-66	244
m0051	m0338	47.0	1.67e-66	244
m0051	m0087	42.7	1.67e-66	244
m0051	m0160	46.1	2.85e-66	243
m0051	m0327	47.9	2.85e-66	243
m0051	m0378	45.7	3.72e-66	243
m0051	m0274	48.9	3.72e-66	243
m0051	m0256	45.7	4.86e-66	242
m0051	m0096	46.0	4.86e-66	242
m0051	m0323	48.0	4.86e-66	242
m0051	m0283	47.9	4.86e-66	242
m0051	m0069	46.0	8.29e-66	242
m0051	m0335	47.6	8.29e-66	242
m0051	m0164	46.5	1.08e-65	241
m0051	m0127	45.5	3.15e-65	240
m0051	m0176	45.4	4.12e-65	239
m0051	m0114	45.7	5.38e-65	239
m0051	m0104	47.1	7.02e-65	238
m0051	m0093	44.3	9.17e-65	238
m0051	m0147	43.5	1.2e-64	238
m0051	m0194	47.3	1.2e-64	238
m0051	m0216	45.3	2.04e-64	237
m0051	m0297	45.7	2.67e-64	236
m0051	m0278	47.5	4.55e-64	236
m0051	m0337	46.8	7.76e-64	235
m0051	m0349	46.8	1.01e-63	235
m0051	m0229	47.1	1.01e-63	235
m0051	m0330	44.1	2.95e-63	233
m0051	m0250	44.5	2.95e-63	233
m0051	m0066	46.6	3.85e-63	233
m0051	m0177	45.6	6.57e-63	232
m0051	m0239	47.3	8.58e-63	231
m0051	m0157	46.8	8.58e-63	231
m0051	m0152	41.7	1.12e-62	231
m0051	m0071	44.5	1.12e-62	231
m0051	m0068	42.3	2.5e-62	230
m0051	m0219	48.5	4.26e-62	229
m0051	m0097	45.2	5.56e-62	229
m0051	m0080	44.9	7.27e-62	228
m0051	m0123	45.2	1.24e-61	228
m0051	m0351	42.8	1.62e-61	227
m0051	m0282	44.8	2.11e-61	227
m0051	m0341	43.9	2.11e-61	227
m0051	m0070	42.5	2.11e-61	227
m0051	m0240	43.1	4.71e-61	226
m0051	m0191	44.0	4.71e-61	226
m0051	m0166	44.7	8.03e-61	225
m0051	m0091	43.2	3.05e-60	223
m0051	m0370	44.8	3.99e-60	223
m0051	m0311	43.3	3.99e-60	223
m0051	m0112	45.7	5.21e-60	222
m0051	m0172	43.7	6.8e-60	222
m0051	m0187	40.9	1.98e-59	220
m0051	m0397	44.4	3.37e-59	220
m0051	m0116	45.1	5.76e-59	219
m0051	m0319	45.9	5.76e-59	219
m0051	m0133	43.5	7.52e-59	218
m0051	m0280	42.9	7.52e-59	218
m0051	m0292	42.1	1.67e-58	217
m0051	m0141	42.7	1.67e-58	217
m0051	m0161	44.6	2.86e-58	216
m0051	m0295	41.4	4.87e-58	216
m0051	m0356	43.1	4.87e-58	216
m0051	m0406	42.6	8.31e-58	215
m0051	m0254	40.4	8.31e-58	215
m0051	m0246	40.6	8.31e-58	215
m0051	m0170	41.0	1.09e-57	215
m0051	m0079	45.0	1.09e-57	215
m0051	m0312	44.7	2.42e-57	213
m0051	m0385	42.4	3.16e-57	213
m0051	m0201	42.6	3.16e-57	213
m0051	m0082	42.5	3.16e-57	213
m0051	m0251	40.3	4.13e-57	213
m0051	m0179	39.9	4.13e-57	213
m0051	m0405	43.0	5.39e-57	212
m0051	m0074	42.8	2.05e-56	210
m0051	m0383	38.8	2.05e-56	210
m0051	m0178	42.1	2.67e-56	210
m0051	m0181	42.9	3.49e-56	210
m0051	m0077	41.9	1.02e-55	208
m0051	m0317	42.5	2.26e-55	207
m0051	m0410	42.8	2.96e-55	206
m0051	m0207	42.8	3.86e-55	206
m0051	m0387	42.2	5.04e-55	206
m0051	m0098	41.2	1.12e-54	205
m0051	m0175	39.1	5.58e-54	202
m0051	m0197	40.4	7.28e-54	202
m0051	m0105	42.8	1.24e-53	201
m0051	m0334	38.8	5.22e-52	196
m0051	m0212	44.2	8.9e-52	195
m0051	m0162	38.4	3.38e-51	193
m0051	m0286	40.9	1.68e-50	191
m0051	m0408	40.6	2.19e-50	190
m0051	m0173	39.8	2.19e-50	190
m0051	m0245	40.6	4.88e-50	189
m0051	m0130	40.8	6.38e-50	189
m0051	m0054	41.3	1.86e-49	187
m0051	m0168	37.5	4.14e-49	186
m0051	m0165	39.8	2.05e-48	184
m0051	m0107	40.2	4.57e-48	183
m0051	m0284	37.1	8.07e-45	172
m0051	m0275	33.9	1.17e-35	141
m0051	m0371	34.4	9.89e-35	138
m0051	m0369	31.0	6.63e-31	126
m0051	m0163	29.4	5.44e-25	106
m0051	m0140	28.7	3.52e-24	103
m0051	m0289	26.2	6.65e-23	99
m0051	m0293	26.1	7.61e-19	86
m0051	m0231	28.0	2.29e-15	74
m0051	m0276	24.5	2.99e-15	74
m0051	m0359	25.2	1.14e-14	72
m0051	m0188	28.6	8.15e-13	65
m0051	m0124	22.2	2.01e-11	61
m0051	m0279	24.5	1.1e-09	55
m0051	m0268	21.9	5.46e-09	53
m0051	m0067	22.8	2.3e-07	47
m0051	m0409	30.9	5.65e-06	43
m0051	m0291	25.2	0.000107	39
m0051	m0340	26.1	0.000182	38
m0051	m0221	20.8	0.000405	37
m0051	m0399	24.6	0.00448	33
m0051	m0146	24.9	0.0379	30
m0051	m0376	28.4	0.0845	29
m0051	m0221	27.5	0.11	28
m0051	m0180	23.3	0.11	28
m0051	m0117	27.3	0.419	27
m0051	m0307	21.9	0.548	26
m0051	m0220	30.2	0.715	26
m0051	m0280	30.0	1.22	25
m0052	m0353	71.4	6.26e-114	401
m0052	m0277	41.9	2.05e-56	210
m0052	m0211	44.4	5.58e-54	202
m0052	m0088	40.1	1.62e-53	201
m0052	m0320	40.9	2.12e-53	200
m0052	m0090	41.3	6.16e-53	199
m0052	m0193	41.3	5.22e-52	196
m0052	m0109	41.3	8.9e-52	195
m0052	m0154	41.9	1.68e-50	191
m0052	m0357	38.9	4.88e-50	189
m0052	m0412	39.1	8.33e-50	188
m0052	m0386	37.0	2.68e-48	183
m0052	m0389	38.5	2.96e-47	180
m0052	m0189	40.3	5.05e-47	179
m0052	m0253	37.2	5.05e-47	179
m0052	m0115	37.8	8.62e-47	178
m0052	m0061	40.3	7.3e-46	175
m0052	m0315	39.1	2.12e-45	174
m0052	m0085	38.6	3.62e-45	173
m0052	m0167	40.5	1.99e-43	167
m0052	m0288	37.2	3.39e-43	166
m0052	m0248	34.4	4.43e-43	166
m0052	m0228	37.0	7.55e-43	165
m0052	m0404	38.1	1.29e-42	164
m0052	m0258	39.1	1.42e-41	161
m0052	m0224	38.2	2.43e-41	160
m0052	m0113	35.1	1.21e-40	158
m0052	m0182	35.3	7.82e-40	155
m0052	m0361	34.7	2.35e-36	144
m0052	m0167	44.8	3.64e-29	120
m0052	m0138	34.6	1.06e-28	118
m0052	m0384	31.4	1.38e-28	118
m0052	m0223	32.5	2.36e-28	117
m0052	m0108	31.9	8.96e-28	115
m0052	m0244	31.1	1.69e-26	111
m0052	m0379	31.3	1.69e-26	111
m0052	m0174	31.0	1.43e-25	108
m0052	m0222	31.9	7.1e-25	106
m0052	m0209	29.2	6.01e-24	102
m0052	m0270	30.9	7.85e-24	102
m0052	m0285	36.5	9.93e-19	85
m0052	m0285	40.5	3.78e-10	57
m0052	m0358	30.6	0.144	28
m0052	m0157	29.9	0.548	26
m0052	m0141	26.4	0.548	26
m0052	m0242	28.2	0.934	25
m0052	m0057	25.3	1.22	25
m0052	m0092	27.9	4.64	23
m0052	m0363	34.4	7.91	22
m0053	m0256	86.5	1.81e-243	832
m0053	m0348	86.4	1.53e-242	829
m0053	m0218	85.6	2.7e-239	819
m0053	m0345	85.1	6.02e-239	817
m0053	m0160	85.0	1.03e-238	817
m0053	m0378	84.1	1.64e-236	809
m0053	m0342	83.9	2.8e-236	809
m0053	m0099	84.7	1.06e-235	807
m0053	m0332	83.1	2.37e-235	805
m0053	m0393	82.6	5.27e-235	804
m0053	m0096	82.3	7.62e-234	800
m0053	m0164	80.9	4.18e-232	795
m0053	m0208	82.8	9.31e-232	793
m0053	m0321	81.9	1.82e-219	753
m0053	m0363	80.8	1.54e-218	750
m0053	m0230	81.1	2.01e-218	749
m0053	m0217	80.8	1.77e-206	710
m0053	m0219	63.2	6.38e-156	542
m0053	m0229	59.3	5.05e-153	532
m0053	m0400	67.6	1.99e-149	520
m0053	m0114	67.1	1.42e-147	514
m0053	m0337	55.2	1.99e-141	493
m0053	m0141	55.5	9.88e-141	491
m0053	m0278	54.1	7.08e-139	485
m0053	m0240	56.0	1.48e-136	477
m0053	m0116	56.4	1.38e-134	471
m0053	m0319	57.6	5.25e-134	469
m0053	m0283	54.6	9.91e-133	465
m0053	m0097	53.5	2.88e-132	463
m0053	m0181	55.2	1.87e-131	460
m0053	m0161	52.2	1.87e-131	460
m0053	m0201	53.3	7.1e-131	458
m0053	m0175	53.2	1.58e-130	457
m0053	m0397	51.7	2.28e-129	453
m0053	m0246	52.9	2.98e-129	453
m0053	m0295	53.1	2.79e-127	446
m0053	m0157	50.1	4.61e-122	429
m0053	m0186	57.3	2.99e-121	426
m0053	m0261	67.7	1.64e-119	421
m0053	m0250	56.1	1.39e-118	418
m0053	m0166	59.5	4.18e-115	406
m0053	m0330	53.8	9.64e-112	395
m0053	m0282	51.6	2.15e-111	394
m0053	m0176	50.9	3.43e-109	386
m0053	m0177	58.4	2.22e-108	384
m0053	m0127	51.9	3.79e-108	383
m0053	m0280	54.3	6.47e-108	382
m0053	m0133	59.9	8.44e-108	382
m0053	m0191	57.0	3.21e-107	380
m0053	m0349	48.3	4.19e-107	379
m0053	m0071	50.2	4.19e-107	379
m0053	m0296	65.2	2.08e-106	377
m0053	m0172	59.5	3.55e-106	376
m0053	m0335	61.0	1.49e-104	371
m0053	m0327	59.8	1.49e-104	371
m0053	m0091	63.8	2.54e-104	370
m0053	m0216	59.0	3.32e-104	370
m0053	m0406	59.1	4.8e-103	366
m0053	m0136	60.3	3.11e-102	363
m0053	m0079	68.1	8.46e-100	355
m0053	m0239	55.3	1.44e-99	354
m0053	m0269	59.5	1.22e-98	351
m0053	m0323	62.1	2.72e-98	350
m0053	m0185	54.1	1.76e-97	347
m0053	m0338	58.9	1.26e-95	341
m0053	m0370	61.1	1.65e-95	341
m0053	m0405	49.0	3.44e-93	333
m0053	m0317	46.1	3.81e-92	330
m0053	m0207	53.9	3.56e-90	323
m0053	m0297	45.1	6.29e-87	312
m0053	m0299	54.9	1.4e-78	285
m0053	m0125	56.3	2.4e-78	284
m0053	m0106	49.0	2.03e-77	281
m0053	m0331	52.2	2.65e-77	280
m0053	m0402	51.2	6.53e-76	276
m0053	m0236	52.6	3.58e-74	270
m0053	m0390	51.9	6.11e-74	269
m0053	m0237	50.3	7.98e-74	269
m0053	m0316	49.7	2.32e-73	267
m0053	m0158	50.3	1.5e-72	265
m0053	m0134	50.4	2.57e-72	264
m0053	m0273	48.8	7.47e-72	262
m0053	m0235	46.7	9.75e-72	262
m0053	m0089	50.5	2.84e-71	260
m0053	m0249	48.0	6.99e-70	256
m0053	m0100	48.7	9.13e-70	255
m0053	m0232	47.2	9.13e-70	255
m0053	m0234	46.0	1.56e-69	255
m0053	m0196	47.5	2.03e-69	254
m0053	m0137	46.6	3.47e-69	253
m0053	m0169	49.1	1.32e-68	252
m0053	m0306	47.9	1.72e-68	251
m0053	m0233	46.8	5.01e-68	250
m0053	m0144	49.2	5.01e-68	250
m0053	m0065	44.4	1.9e-67	248
m0053	m0264	43.0	1.23e-66	245
m0053	m0200	44.9	1.23e-66	245
m0053	m0394	47.3	2.1e-66	244
m0053	m0072	45.3	4.69e-66	243
m0053	m0195	46.1	8e-66	242
m0053	m0343	48.1	2.33e-65	241
m0053	m0076	44.7	8.84e-65	239
m0053	m0388	44.9	2.57e-64	237
m0053	m0380	47.3	2.57e-64	237
m0053	m0368	45.3	3.36e-64	237
m0053	m0309	43.6	1.28e-63	235
m0053	m0336	46.4	1.67e-63	235
m0053	m0398	47.9	3.71e-63	233
m0053	m0073	45.4	1.08e-62	232
m0053	m0171	43.2	1.84e-62	231
m0053	m0377	44.5	1.84e-62	231
m0053	m0365	45.6	1.84e-62	231
m0053	m0087	44.7	3.14e-62	230
m0053	m0101	44.3	3.14e-62	230
m0053	m0057	43.3	2.66e-61	227
m0053	m0086	44.3	4.54e-61	226
m0053	m0274	47.0	4.54e-61	226
m0053	m0372	45.0	4.54e-61	226
m0053	m0382	46.8	5.93e-61	226
m0053	m0305	44.7	1.01e-60	225
m0053	m0190	46.2	2.25e-60	224
m0053	m0152	42.7	3.25e-59	220
m0053	m0314	43.2	3.25e-59	220
m0053	m0112	44.0	4.25e-59	220
m0053	m0126	42.0	1.61e-58	218
m0053	m0247	44.6	3.6e-58	217
m0053	m0254	44.3	6.14e-58	216
m0053	m0066	45.5	1.05e-57	215
m0053	m0294	45.5	5.19e-57	213
m0053	m0328	44.3	2.58e-56	211
m0053	m0147	42.2	4.4e-56	210
m0053	m0408	40.1	1.28e-55	208
m0053	m0093	42.2	1.67e-55	208
m0053	m0121	43.0	3.15e-54	204
m0053	m0069	42.2	9.17e-54	202
m0053	m0354	43.1	5.94e-53	200
m0053	m0123	40.6	1.32e-52	198
m0053	m0077	43.6	5.03e-52	196
m0053	m0364	40.5	1.62e-50	191
m0053	m0351	39.0	6.15e-50	190
m0053	m0104	41.3	8.03e-50	189
m0053	m0311	39.6	1.79e-49	188
m0053	m0292	39.9	8.88e-49	186
m0053	m0334	40.0	1.16e-48	185
m0053	m0187	41.4	1.51e-48	185
m0053	m0070	37.7	3.38e-48	184
m0053	m0385	38.2	5.76e-48	183
m0053	m0266	38.3	9.82e-48	182
m0053	m0383	36.1	1.28e-47	182
m0053	m0197	39.4	1.28e-47	182
m0053	m0410	39.2	1.68e-47	181
m0053	m0178	38.2	2.19e-47	181
m0053	m0194	38.9	2.19e-47	181
m0053	m0107	42.5	4.87e-47	180
m0053	m0068	38.6	6.37e-47	179
m0053	m0179	37.1	8.31e-47	179
m0053	m0105	37.6	1.85e-46	178
m0053	m0212	39.4	1.85e-46	178
m0053	m0341	41.4	4.13e-46	177
m0053	m0356	41.4	5.39e-46	176
m0053	m0080	39.5	7.04e-46	176
m0053	m0170	37.0	9.19e-46	176
m0053	m0165	41.0	1.2e-45	175
m0053	m0074	39.1	1.2e-45	175
m0053	m0286	39.1	5.96e-45	173
m0053	m0054	38.7	1.02e-44	172
m0053	m0082	37.6	1.02e-44	172
m0053	m0387	35.5	1.73e-44	171
m0053	m0162	38.1	3.86e-44	170
m0053	m0251	38.1	8.6e-44	169
m0053	m0284	40.5	1.12e-43	169
m0053	m0312	37.3	1.47e-43	168
m0053	m0173	37.2	3.27e-43	167
m0053	m0098	35.9	3.27e-43	167
m0053	m0130	39.1	1.62e-42	165
m0053	m0245	36.7	2.12e-42	164
m0053	m0371	35.3	4.57e-37	147
m0053	m0168	37.8	1.33e-36	145
m0053	m0275	33.8	1.92e-35	141
m0053	m0369	36.9	4.73e-34	137
m0053	m0140	30.9	9.23e-30	122
m0053	m0289	28.3	1.47e-27	115
m0053	m0163	30.7	7.32e-27	113
m0053	m0396	31.1	8.96e-17	79
m0053	m0188	28.0	8.96e-17	79
m0053	m0279	31.5	2e-16	78
m0053	m0293	25.2	5.81e-16	77
m0053	m0276	28.6	9.28e-14	69
m0053	m0359	25.5	4.6e-13	67
m0053	m0267	25.0	2.98e-12	64
m0053	m0268	30.0	5.09e-12	64
m0053	m0231	30.0	6.65e-12	63
m0053	m0067	28.6	6.22e-10	57
m0053	m0124	25.9	8.99e-09	53
m0053	m0409	24.1	3.78e-07	47
m0053	m0376	33.7	0.000134	39
m0053	m0307	23.9	0.000391	37
m0053	m0221	24.2	0.00253	35
m0053	m0324	22.7	0.00737	33
m0053	m0078	35.3	0.00737	33
m0053	m0318	27.2	0.0126	32
m0053	m0149	24.9	0.0126	32
m0053	m0340	45.9	0.0164	32
m0053	m0146	20.2	0.0214	32
m0053	m0102	25.0	0.028	31
m0053	m0243	26.7	0.0366	31
m0053	m0339	30.1	0.0815	30
m0053	m0399	27.0	0.0815	30
m0053	m0411	29.2	0.237	28
m0053	m0180	26.6	0.237	28
m0053	m0322	39.1	0.31	28
m0053	m0151	38.0	0.528	27
m0053	m0059	34.9	0.69	27
m0053	m0367	37.2	0.69	27
m0053	m0132	30.0	0.69	27
m0053	m0102	30.2	0.901	26
m0053	m0403	32.7	3.42	24
m0053	m0301	55.0	3.42	24
m0053	m0110	28.6	4.47	24
m0053	m0135	56.5	4.47	24
m0053	m0303	34.1	5.84	23
m0053	m0228	27.1	5.84	23
m0053	m0241	61.5	5.84	23
m0053	m0389	37.0	7.62	23
m0053	m0064	27.3	9.96	23
m0054	m0173	84.5	1.17e-144	503
m0054	m0165	76.9	1.18e-128	450
m0054	m0107	75.3	3.01e-124	436
m0054	m0286	64.8	2.56e-107	379
m0054	m0130	64.4	1.4e-105	374
m0054	m0387	60.4	4.51e-104	369
m0054	m0105	59.2	2.32e-100	356
m0054	m0212	59.1	3.13e-97	346
m0054	m0408	59.3	5.53e-94	335
m0054	m0134	57.0	1.91e-86	310
m0054	m0316	54.3	1.51e-83	300
m0054	m0331	54.7	2.85e-82	296
m0054	m0390	53.2	7.75e-80	288
m0054	m0106	51.7	1.73e-79	287
m0054	m0236	52.9	1.62e-77	280
m0054	m0299	51.5	3.05e-76	276
m0054	m0382	52.4	3.98e-76	276
m0054	m0237	50.5	2.58e-75	273
m0054	m0402	51.6	4.4e-75	272
m0054	m0066	52.7	9.81e-75	271
m0054	m0125	51.7	3.73e-74	269
m0054	m0235	51.4	5.38e-73	265
m0054	m0273	50.3	1.2e-72	264
m0054	m0249	48.3	5.57e-70	255
m0054	m0057	48.1	9.5e-70	255
m0054	m0232	47.9	1.24e-69	254
m0054	m0152	46.2	1.62e-69	254
m0054	m0171	47.1	5.21e-68	249
m0054	m0306	47.1	6.81e-68	248
m0054	m0196	48.2	9.83e-67	245
m0054	m0112	49.7	9.83e-67	245
m0054	m0254	47.2	1.28e-66	244
m0054	m0388	45.2	2.19e-66	243
m0054	m0372	45.0	4.88e-66	242
m0054	m0264	44.5	1.09e-65	241
m0054	m0123	46.8	1.42e-65	241
m0054	m0137	44.6	3.16e-65	240
m0054	m0190	48.4	2.05e-64	237
m0054	m0234	46.3	2.05e-64	237
m0054	m0065	45.3	3.5e-64	236
m0054	m0377	45.1	7.79e-64	235
m0054	m0341	45.4	1.02e-63	235
m0054	m0380	46.7	1.02e-63	235
m0054	m0314	45.2	1.74e-63	234
m0054	m0077	46.9	1.74e-63	234
m0054	m0074	44.8	2.96e-63	233
m0054	m0309	46.1	6.59e-63	232
m0054	m0169	44.6	1.47e-62	231
m0054	m0126	46.5	1.92e-62	230
m0054	m0086	43.0	1.62e-61	227
m0054	m0336	46.4	2.12e-61	227
m0054	m0394	43.4	2.35e-60	223
m0054	m0364	44.9	2.35e-60	223
m0054	m0398	44.3	8.91e-60	221
m0054	m0328	44.7	1.16e-59	221
m0054	m0195	40.4	1.16e-59	221
m0054	m0089	43.3	1.99e-59	220
m0054	m0093	41.4	4.42e-59	219
m0054	m0121	43.8	7.54e-59	218
m0054	m0158	42.8	1.29e-58	218
m0054	m0080	41.8	1.09e-57	215
m0054	m0087	40.6	2.68e-56	210
m0054	m0144	44.7	3.5e-56	210
m0054	m0194	42.4	1.74e-55	207
m0054	m0100	41.6	6.61e-55	205
m0054	m0292	43.6	6.61e-55	205
m0054	m0070	45.2	1.92e-54	204
m0054	m0294	42.6	1.92e-54	204
m0054	m0351	41.5	2.51e-54	203
m0054	m0354	40.3	4.28e-54	203
m0054	m0266	41.6	5.6e-54	202
m0054	m0072	41.1	9.54e-54	201
m0054	m0305	40.3	3.63e-53	200
m0054	m0334	46.2	3.63e-53	200
m0054	m0200	41.0	3.63e-53	200
m0054	m0233	41.3	8.08e-53	198
m0054	m0147	41.0	3.07e-52	196
m0054	m0410	41.2	3.07e-52	196
m0054	m0179	40.1	3.07e-52	196
m0054	m0311	40.8	4.01e-52	196
m0054	m0187	38.9	6.84e-52	195
m0054	m0247	40.8	8.93e-52	195
m0054	m0068	40.2	8.93e-52	195
m0054	m0343	40.1	1.99e-51	194
m0054	m0098	41.7	3.39e-51	193
m0054	m0383	39.2	4.43e-51	193
m0054	m0136	39.5	4.43e-51	193
m0054	m0076	39.2	1.68e-50	191
m0054	m0356	41.6	2.2e-50	190
m0054	m0178	38.4	3.75e-50	190
m0054	m0365	41.5	3.75e-50	190
m0054	m0104	42.4	4.9e-50	189
m0054	m0170	37.6	6.4e-50	189
m0054	m0082	38.1	8.36e-50	188
m0054	m0251	39.9	8.36e-50	188
m0054	m0141	41.8	1.09e-49	188
m0054	m0191	39.8	3.18e-49	186
m0054	m0274	41.0	3.18e-49	186
m0054	m0101	38.9	5.42e-49	186
m0054	m0397	40.4	9.24e-49	185
m0054	m0185	40.4	9.24e-49	185
m0054	m0283	41.7	1.21e-48	184
m0054	m0349	40.0	1.21e-48	184
m0054	m0370	40.1	1.58e-48	184
m0054	m0133	41.0	3.51e-48	183
m0054	m0161	40.1	4.59e-48	183
m0054	m0216	42.1	5.99e-48	182
m0054	m0312	38.5	7.83e-48	182
m0054	m0197	36.6	7.83e-48	182
m0054	m0172	40.1	1.74e-47	181
m0054	m0278	38.5	2.28e-47	180
m0054	m0168	40.0	3.88e-47	179
m0054	m0207	39.6	3.88e-47	179
m0054	m0295	38.9	3.88e-47	179
m0054	m0337	39.0	5.07e-47	179
m0054	m0201	38.6	2.52e-46	177
m0054	m0175	37.5	2.52e-46	177
m0054	m0116	40.3	2.52e-46	177
m0054	m0368	38.9	2.52e-46	177
m0054	m0230	39.8	3.29e-46	176
m0054	m0282	38.0	3.29e-46	176
m0054	m0250	38.2	4.29e-46	176
m0054	m0296	40.1	4.29e-46	176
m0054	m0280	40.2	7.32e-46	175
m0054	m0321	39.2	7.32e-46	175
m0054	m0342	40.0	1.25e-45	174
m0054	m0317	37.5	1.63e-45	174
m0054	m0405	38.1	1.63e-45	174
m0054	m0323	37.4	1.63e-45	174
m0054	m0177	37.5	2.13e-45	174
m0054	m0330	38.0	2.78e-45	173
m0054	m0157	38.9	3.64e-45	173
m0054	m0073	35.9	3.64e-45	173
m0054	m0164	39.4	4.75e-45	173
m0054	m0406	37.0	4.75e-45	173
m0054	m0162	35.7	4.75e-45	173
m0054	m0097	38.1	6.2e-45	172
m0054	m0091	39.7	8.1e-45	172
m0054	m0327	39.4	1.06e-44	171
m0054	m0229	38.9	1.06e-44	171
m0054	m0363	39.9	1.06e-44	171
m0054	m0208	37.8	1.38e-44	171
m0054	m0348	40.3	1.38e-44	171
m0054	m0393	40.2	1.38e-44	171
m0054	m0261	39.4	1.38e-44	171
m0054	m0239	37.9	1.8e-44	171
m0054	m0186	39.9	1.8e-44	171
m0054	m0096	39.0	2.36e-44	170
m0054	m0099	39.6	2.36e-44	170
m0054	m0245	36.3	4.02e-44	169
m0054	m0160	39.3	4.02e-44	169
m0054	m0176	39.1	5.25e-44	169
m0054	m0378	38.6	5.25e-44	169
m0054	m0256	39.1	8.95e-44	168
m0054	m0335	38.8	8.95e-44	168
m0054	m0332	38.9	1.17e-43	168
m0054	m0114	38.8	1.17e-43	168
m0054	m0217	39.2	1.53e-43	168
m0054	m0246	36.2	1.53e-43	168
m0054	m0385	36.6	1.99e-43	167
m0054	m0240	35.6	4.44e-43	166
m0054	m0297	37.8	5.8e-43	166
m0054	m0219	40.6	5.8e-43	166
m0054	m0345	39.3	5.8e-43	166
m0054	m0218	38.3	7.58e-43	165
m0054	m0400	37.9	1.29e-42	164
m0054	m0166	33.9	1.29e-42	164
m0054	m0181	38.8	1.29e-42	164
m0054	m0069	38.2	3.76e-42	163
m0054	m0371	36.4	4.91e-42	163
m0054	m0071	36.2	1.09e-41	161
m0054	m0079	40.0	1.43e-41	161
m0054	m0319	39.2	2.44e-41	160
m0054	m0269	37.3	2.44e-41	160
m0054	m0284	39.9	3.52e-40	156
m0054	m0338	35.1	2.98e-39	153
m0054	m0127	34.7	2.79e-37	147
m0054	m0289	29.6	2.62e-27	114
m0054	m0369	35.0	4.46e-27	113
m0054	m0275	30.4	9.31e-25	105
m0054	m0231	31.9	1.14e-22	98
m0054	m0188	27.8	9.63e-22	95
m0054	m0140	26.2	3.43e-19	87
m0054	m0163	27.8	4.47e-19	86
m0054	m0293	28.3	1.44e-17	81
m0054	m0267	30.8	1.76e-15	74
m0054	m0124	25.9	1.49e-14	71
m0054	m0359	25.3	2.54e-14	70
m0054	m0276	24.9	7.39e-14	69
m0054	m0279	26.4	3.11e-12	64
m0054	m0268	28.7	6.92e-12	62
m0054	m0067	25.3	1.1e-09	55
m0054	m0396	27.2	7.16e-09	52
m0054	m0221	29.7	4.64e-08	50
m0054	m0063	26.3	0.000107	39
m0054	m0220	26.0	0.000906	35
m0054	m0146	25.2	0.0045	33
m0054	m0180	28.7	0.0381	30
m0054	m0307	20.0	0.0381	30
m0054	m0345	26.5	0.0497	30
m0054	m0340	28.0	0.0497	30
m0054	m0058	23.0	0.0649	29
m0054	m0376	26.2	0.0848	29
m0054	m0110	22.8	0.322	27
m0054	m0110	31.9	0.421	27
m0054	m0139	41.7	0.421	27
m0054	m0291	21.2	1.22	25
m0054	m0339	36.0	1.6	25
m0054	m0326	26.8	2.73	24
m0054	m0159	35.1	4.65	23
m0054	m0304	50.0	6.08	23
m0055	m0355	72.8	3.09e-79	286
m0055	m0206	56.2	1.39e-71	260
m0055	m0075	53.5	4.33e-65	239
m0055	m0347	52.4	6.91e-63	231
m0055	m0255	50.2	1.03e-58	218
m0055	m0401	43.9	3.12e-47	179
m0055	m0281	30.8	8e-19	85
m0055	m0058	29.1	1.91e-12	64
m0055	m0083	29.9	9.47e-12	62
m0055	m0326	28.4	1.05e-10	58
m0055	m0374	30.7	8.86e-10	55
m0055	m0260	26.6	1.16e-09	55
m0055	m0205	28.1	4.4e-09	53
m0055	m0265	35.1	0.0399	30
m0055	m0270	36.4	0.441	26
m0055	m0272	26.3	1.28	25
m0055	m0103	25.0	8.31	22
m0056	m0059	27.3	4.57e-20	89
m0056	m0257	27.3	2.96e-19	87
m0056	m0340	26.1	4.14e-13	66
m0056	m0376	25.0	1.47e-10	58
m0056	m0180	25.8	2.51e-10	57
m0056	m0344	37.5	0.000158	38
m0056	m0064	25.3	0.0006	36
m0056	m0220	27.3	0.00508	33
m0056	m0236	28.4	0.00663	32
m0056	m0199	25.0	0.00866	32
m0056	m0170	22.4	0.0113	32
m0056	m0199	26.2	0.0148	31
m0056	m0318	26.1	0.0329	30
m0056	m0409	27.3	0.043	30
m0056	m0382	26.8	0.043	30
m0056	m0398	24.8	0.0561	29
m0056	m0312	23.3	0.125	28
m0056	m0082	22.7	0.125	28
m0056	m0197	21.5	0.125	28
m0056	m0299	26.9	0.163	28
m0056	m0187	22.5	0.163	28
m0056	m0331	26.6	0.213	27
m0056	m0178	21.5	0.213	27
m0056	m0273	24.3	0.279	27
m0056	m0235	25.0	0.279	27
m0056	m0112	25.4	0.279	27
m0056	m0185	48.5	0.279	27
m0056	m0196	25.0	0.364	27
m0056	m0125	24.1	0.475	26
m0056	m0106	25.0	0.475	26
m0056	m0268	40.6	0.621	26
m0056	m0066	32.1	1.06	25
m0056	m0341	25.5	1.81	24
m0056	m0251	30.9	1.81	24
m0056	m0359	23.6	3.08	23
m0056	m0266	31.2	3.08	23
m0056	m0293	24.5	3.08	23
m0056	m0333	40.7	3.08	23
m0056	m0367	21.6	4.02	23
m0056	m0294	35.7	5.25	23
m0056	m0145	37.5	5.25	23
m0056	m0345	39.4	6.86	22
m0056	m0344	25.0	6.86	22
m0056	m0329	23.1	6.86	22
m0056	m0346	24.1	8.96	22
m0057	m0372	77.7	3.08e-129	452
m0057	m0306	65.3	1.18e-104	371
m0057	m0232	65.1	9.99e-104	367
m0057	m0196	64.0	1.3e-103	367
m0057	m0235	64.8	6.47e-103	365
m0057	m0390	63.7	1.44e-102	364
m0057	m0364	67.2	1.59e-101	360
m0057	m0273	62.4	6.06e-101	358
m0057	m0299	61.1	1.76e-100	357
m0057	m0106	63.2	3.93e-100	356
m0057	m0249	61.7	1.14e-99	354
m0057	m0237	61.1	2.81e-98	349
m0057	m0121	60.6	3.68e-98	349
m0057	m0234	61.3	7.66e-96	341
m0057	m0402	60.9	7.66e-96	341
m0057	m0331	59.2	1e-95	341
m0057	m0236	60.0	2.91e-95	339
m0057	m0394	61.7	7.17e-94	335
m0057	m0388	59.4	9.37e-94	334
m0057	m0190	63.8	2.09e-93	333
m0057	m0065	59.4	2.73e-93	333
m0057	m0137	59.5	1.04e-92	331
m0057	m0316	57.0	1.77e-92	330
m0057	m0380	57.7	5.14e-92	329
m0057	m0377	58.5	8.77e-92	328
m0057	m0309	56.6	1.15e-91	327
m0057	m0264	56.0	2.55e-91	326
m0057	m0171	58.9	5.68e-91	325
m0057	m0144	63.1	2.16e-90	323
m0057	m0134	56.7	4.81e-90	322
m0057	m0336	57.4	6.28e-90	322
m0057	m0125	57.6	4.07e-89	319
m0057	m0086	55.4	1.55e-88	317
m0057	m0169	56.0	4.5e-88	315
m0057	m0314	55.8	7.68e-88	315
m0057	m0305	54.7	2.47e-86	310
m0057	m0328	59.1	1.6e-85	307
m0057	m0158	52.7	2.73e-85	306
m0057	m0382	57.6	1.77e-84	304
m0057	m0126	54.8	6.73e-84	302
m0057	m0072	52.9	1.96e-83	300
m0057	m0200	49.1	1.55e-80	290
m0057	m0398	55.9	1.01e-79	288
m0057	m0152	51.6	1.45e-78	284
m0057	m0066	52.8	3.23e-78	283
m0057	m0254	52.2	5.52e-78	282
m0057	m0233	49.5	2.1e-77	280
m0057	m0365	49.6	3.03e-76	276
m0057	m0294	51.1	3.95e-76	276
m0057	m0089	48.9	6.74e-76	275
m0057	m0093	48.5	8.81e-76	275
m0057	m0343	49.8	3.46e-72	263
m0057	m0368	47.5	4.52e-72	262
m0057	m0195	47.9	1.01e-71	261
m0057	m0100	48.8	1.01e-71	261
m0057	m0341	51.6	8.53e-71	258
m0057	m0112	46.0	3.24e-70	256
m0057	m0123	48.8	4.23e-70	256
m0057	m0269	51.1	3.58e-69	253
m0057	m0136	48.8	1.36e-68	251
m0057	m0091	48.1	1.36e-68	251
m0057	m0101	45.4	1.78e-68	250
m0057	m0191	47.9	1.78e-68	250
m0057	m0076	47.0	2.32e-68	250
m0057	m0274	45.6	2.32e-68	250
m0057	m0127	47.6	3.03e-68	250
m0057	m0323	46.8	5.18e-68	249
m0057	m0173	51.1	1.15e-67	248
m0057	m0247	45.0	1.97e-67	247
m0057	m0087	45.5	3.36e-67	246
m0057	m0330	47.5	3.36e-67	246
m0057	m0185	46.6	4.38e-67	246
m0057	m0349	47.0	9.76e-67	245
m0057	m0338	47.5	2.17e-66	243
m0057	m0104	46.2	2.84e-66	243
m0057	m0165	48.3	3.71e-66	243
m0057	m0408	50.2	4.85e-66	242
m0057	m0147	45.9	4.85e-66	242
m0057	m0107	49.8	2.4e-65	240
m0057	m0363	46.9	5.36e-65	239
m0057	m0250	48.2	7e-65	238
m0057	m0230	45.8	7e-65	238
m0057	m0261	48.2	9.14e-65	238
m0057	m0177	48.0	9.14e-65	238
m0057	m0266	44.3	9.14e-65	238
m0057	m0080	44.7	9.14e-65	238
m0057	m0073	45.8	1.19e-64	238
m0057	m0335	46.5	1.56e-64	237
m0057	m0321	46.0	2.66e-64	236
m0057	m0077	43.7	3.47e-64	236
m0057	m0351	42.2	3.47e-64	236
m0057	m0354	42.8	7.74e-64	235
m0057	m0282	46.2	1.01e-63	235
m0057	m0208	45.4	1.01e-63	235
m0057	m0217	45.8	1.32e-63	234
m0057	m0194	45.5	1.72e-63	234
m0057	m0166	45.7	1.72e-63	234
m0057	m0172	45.4	1.72e-63	234
m0057	m0186	47.0	2.25e-63	233
m0057	m0096	46.0	2.94e-63	233
m0057	m0393	45.7	3.84e-63	233
m0057	m0114	46.0	3.84e-63	233
m0057	m0070	42.3	5.01e-63	232
m0057	m0133	46.0	5.01e-63	232
m0057	m0348	44.9	6.55e-63	232
m0057	m0164	45.0	6.55e-63	232
m0057	m0295	43.9	6.55e-63	232
m0057	m0240	45.6	6.55e-63	232
m0057	m0280	48.4	1.12e-62	231
m0057	m0378	45.5	1.46e-62	231
m0057	m0345	45.0	1.91e-62	230
m0057	m0296	45.1	2.49e-62	230
m0057	m0311	42.4	2.49e-62	230
m0057	m0141	44.1	2.49e-62	230
m0057	m0400	45.6	2.49e-62	230
m0057	m0292	42.2	3.25e-62	230
m0057	m0342	45.0	3.25e-62	230
m0057	m0406	42.5	3.25e-62	230
m0057	m0256	44.4	3.25e-62	230
m0057	m0071	44.2	5.54e-62	229
m0057	m0160	44.1	9.46e-62	228
m0057	m0157	46.5	1.23e-61	228
m0057	m0332	44.1	1.23e-61	228
m0057	m0099	45.3	2.11e-61	227
m0057	m0286	44.3	3.59e-61	226
m0057	m0385	46.5	3.59e-61	226
m0057	m0179	41.0	3.59e-61	226
m0057	m0356	43.1	4.69e-61	226
m0057	m0218	44.1	6.13e-61	225
m0057	m0216	46.7	8e-61	225
m0057	m0251	40.9	1.78e-60	224
m0057	m0397	45.2	3.97e-60	223
m0057	m0074	44.1	5.19e-60	222
m0057	m0176	43.6	5.19e-60	222
m0057	m0212	46.5	6.78e-60	222
m0057	m0383	41.2	1.16e-59	221
m0057	m0283	44.6	1.16e-59	221
m0057	m0068	41.7	1.51e-59	221
m0057	m0246	41.1	2.58e-59	220
m0057	m0245	42.3	2.58e-59	220
m0057	m0079	46.7	3.36e-59	220
m0057	m0161	43.9	7.49e-59	218
m0057	m0105	44.9	7.49e-59	218
m0057	m0297	44.9	9.79e-59	218
m0057	m0278	42.3	1.67e-58	217
m0057	m0387	43.9	1.67e-58	217
m0057	m0327	44.2	2.85e-58	216
m0057	m0312	43.1	3.72e-58	216
m0057	m0334	47.0	4.86e-58	216
m0057	m0069	42.4	6.34e-58	215
m0057	m0181	43.3	6.34e-58	215
m0057	m0337	42.0	1.08e-57	215
m0057	m0187	42.3	1.41e-57	214
m0057	m0130	46.8	7.01e-57	212
m0057	m0201	41.5	7.01e-57	212
m0057	m0405	43.3	9.16e-57	211
m0057	m0178	40.1	1.2e-56	211
m0057	m0317	40.9	1.2e-56	211
m0057	m0410	41.1	1.2e-56	211
m0057	m0082	37.5	1.56e-56	211
m0057	m0175	40.3	3.48e-56	210
m0057	m0170	40.2	4.55e-56	209
m0057	m0197	39.3	5.94e-56	209
m0057	m0370	42.3	7.75e-56	208
m0057	m0239	42.9	1.32e-55	208
m0057	m0229	42.6	3.85e-55	206
m0057	m0116	41.1	1.46e-54	204
m0057	m0097	41.0	1.46e-54	204
m0057	m0219	44.7	1.91e-54	204
m0057	m0319	42.6	1.24e-53	201
m0057	m0098	38.0	2.11e-53	200
m0057	m0162	39.7	2.11e-53	200
m0057	m0207	38.6	8.02e-53	198
m0057	m0168	42.0	1.79e-52	197
m0057	m0284	41.5	5.04e-47	179
m0057	m0371	37.1	5.96e-40	156
m0057	m0275	34.8	1.2e-32	131
m0057	m0289	28.4	2.27e-31	127
m0057	m0369	34.4	2.97e-31	127
m0057	m0140	28.8	1.29e-26	111
m0057	m0163	30.1	1.68e-26	111
m0057	m0293	27.1	1.38e-20	91
m0057	m0188	28.9	8.38e-18	82
m0057	m0231	26.6	1.21e-16	78
m0057	m0359	23.3	7.84e-16	75
m0057	m0279	27.4	4.3e-14	70
m0057	m0276	25.5	4.3e-14	70
m0057	m0268	27.1	1.25e-13	68
m0057	m0396	28.7	8.12e-13	65
m0057	m0067	28.3	1.69e-10	58
m0057	m0124	21.6	1.21e-08	52
m0057	m0221	27.7	3.53e-08	50
m0057	m0267	25.7	3.3e-06	44
m0057	m0307	22.0	0.000139	38
m0057	m0339	25.5	0.000181	38
m0057	m0340	32.3	0.000527	36
m0057	m0324	24.2	0.000689	36
m0057	m0228	30.1	0.00583	33
m0057	m0063	20.5	0.00995	32
m0057	m0399	27.5	0.017	31
m0057	m0180	25.8	0.0378	30
m0057	m0411	28.6	0.0494	30
m0057	m0371	24.8	0.245	27
m0057	m0376	29.9	0.245	27
m0057	m0326	26.4	0.245	27
m0057	m0189	27.9	4.62	23
m0057	m0243	50.0	6.03	23
m0057	m0142	33.3	7.88	22
m0058	m0260	44.2	2.02e-40	157
m0058	m0281	32.6	1.56e-24	104
m0058	m0374	32.5	5.18e-20	89
m0058	m0083	29.2	1.84e-17	80
m0058	m0205	30.8	9.14e-17	78
m0058	m0355	32.4	7.74e-16	75
m0058	m0326	29.2	3.84e-15	73
m0058	m0206	31.2	1.12e-14	71
m0058	m0255	26.7	2.49e-14	70
m0058	m0347	25.7	1.61e-13	67
m0058	m0075	27.4	2.75e-13	67
m0058	m0401	27.7	5.19e-12	62
m0058	m0110	25.5	0.000137	38
m0058	m0100	25.0	0.0128	31
m0058	m0237	24.5	0.0373	30
m0058	m0106	23.4	0.142	28
m0058	m0208	25.4	0.242	27
m0058	m0169	26.0	0.538	26
m0058	m0233	22.6	0.703	25
m0058	m0350	28.1	0.703	25
m0058	m0164	24.2	1.2	25
m0058	m0404	23.2	1.57	24
m0058	m0193	26.4	1.57	24
m0058	m0154	32.7	2.05	24
m0058	m0232	23.4	2.05	24
m0058	m0161	27.2	2.05	24
m0058	m0097	29.0	2.67	23
m0058	m0407	31.0	7.77	22
m0059	m0257	25.1	1.33e-16	78
m0059	m0376	26.6	5.4e-10	56
m0059	m0180	24.8	2.12e-06	44
m0059	m0367	24.3	3.62e-06	43
m0059	m0102	36.4	2.35e-05	40
m0059	m0064	20.9	0.000339	37
m0059	m0340	24.7	0.000339	37
m0059	m0237	37.5	0.000578	36
m0059	m0069	34.4	0.0022	34
m0059	m0104	40.8	0.0022	34
m0059	m0336	40.4	0.00287	33
m0059	m0236	39.6	0.00489	33
m0059	m0158	31.9	0.00489	33
m0059	m0086	43.8	0.00639	32
m0059	m0247	32.8	0.00639	32
m0059	m0354	38.3	0.00835	32
m0059	m0147	34.3	0.00835	32
m0059	m0214	38.3	0.00835	32
m0059	m0299	37.5	0.00835	32
m0059	m0106	39.6	0.0109	32
m0059	m0334	37.9	0.0109	32
m0059	m0199	27.7	0.0142	31
m0059	m0199	28.0	0.0142	31
m0059	m0316	41.7	0.0186	31
m0059	m0125	37.5	0.0186	31
m0059	m0073	29.3	0.0243	30
m0059	m0402	32.1	0.0243	30
m0059	m0294	37.5	0.0243	30
m0059	m0126	39.6	0.0243	30
m0059	m0331	37.5	0.0317	30
m0059	m0134	40.0	0.0317	30
m0059	m0230	27.0	0.0414	30
m0059	m0266	31.9	0.0414	30
m0059	m0390	34.3	0.0414	30
m0059	m0080	35.3	0.0541	29
m0059	m0249	35.6	0.0541	29
m0059	m0132	28.0	0.0541	29
m0059	m0169	31.9	0.0706	29
m0059	m0155	23.3	0.0706	29
m0059	m0194	32.0	0.0923	28
m0059	m0328	37.5	0.0923	28
m0059	m0144	32.1	0.0923	28
m0059	m0076	39.6	0.121	28
m0059	m0378	34.9	0.121	28
m0059	m0332	37.2	0.157	28
m0059	m0232	35.4	0.157	28
m0059	m0377	37.5	0.157	28
m0059	m0100	30.4	0.206	27
m0059	m0217	28.4	0.206	27
m0059	m0240	38.3	0.206	27
m0059	m0235	35.4	0.206	27
m0059	m0072	25.5	0.206	27
m0059	m0132	30.6	0.268	27
m0059	m0348	27.0	0.268	27
m0059	m0382	27.5	0.268	27
m0059	m0383	25.0	0.268	27
m0059	m0250	32.6	0.268	27
m0059	m0162	36.2	0.268	27
m0059	m0137	36.7	0.351	27
m0059	m0251	28.0	0.351	27
m0059	m0124	41.2	0.351	27
m0059	m0300	30.5	0.351	27
m0059	m0133	24.0	0.351	27
m0059	m0273	33.3	0.351	27
m0059	m0342	37.2	0.351	27
m0059	m0208	30.2	0.458	26
m0059	m0321	23.8	0.458	26
m0059	m0393	27.0	0.598	26
m0059	m0164	27.0	0.598	26
m0059	m0218	37.2	0.598	26
m0059	m0096	27.9	0.598	26
m0059	m0363	27.9	0.598	26
m0059	m0160	34.9	0.598	26
m0059	m0345	37.2	0.598	26
m0059	m0185	34.0	0.598	26
m0059	m0171	35.4	0.598	26
m0059	m0065	29.2	0.781	25
m0059	m0330	22.7	0.781	25
m0059	m0256	37.2	0.781	25
m0059	m0264	31.2	0.781	25
m0059	m0099	37.2	0.781	25
m0059	m0091	37.8	0.781	25
m0059	m0112	36.0	0.781	25
m0059	m0136	36.4	1.02	25
m0059	m0172	31.9	1.02	25
m0059	m0123	40.8	1.02	25
m0059	m0190	33.3	1.02	25
m0059	m0141	34.0	1.33	25
m0059	m0101	34.0	1.33	25
m0059	m0387	38.3	1.33	25
m0059	m0306	33.3	1.74	24
m0059	m0127	34.1	1.74	24
m0059	m0400	24.3	2.27	24
m0059	m0114	22.2	2.27	24
m0059	m0177	34.1	2.97	23
m0059	m0184	47.6	2.97	23
m0059	m0341	42.3	2.97	23
m0059	m0282	31.9	3.88	23
m0059	m0394	31.2	3.88	23
m0059	m0195	22.6	5.06	23
m0059	m0296	30.2	5.06	23
m0059	m0107	26.1	5.06	23
m0059	m0271	32.3	6.61	22
m0059	m0254	39.1	6.61	22
m0059	m0079	32.6	8.64	22
m0059	m0070	32.7	8.64	22
m0059	m0370	35.7	8.64	22
m0059	m0233	45.0	8.64	22
m0060	m0395	56.0	3.95e-133	466
m0060	m0081	47.7	7.5e-108	382
m0060	m0225	41.3	3.16e-90	323
m0060	m0103	50.0	8.12e-62	229
m0060	m0103	70.0	0.00132	35
m0061	m0248	47.8	4.12e-82	296
m0061	m0277	47.4	3.99e-77	279
m0061	m0253	47.5	3.73e-75	273
m0061	m0412	45.8	1.12e-71	261
m0061	m0320	43.8	2.12e-70	257
m0061	m0182	43.6	1.79e-69	254
m0061	m0386	42.8	5.4e-66	242
m0061	m0211	43.5	3.87e-64	236
m0061	m0088	41.3	1.13e-63	235
m0061	m0389	43.1	1.47e-63	234
m0061	m0193	43.0	4.73e-62	229
m0061	m0090	44.3	6.18e-62	229
m0061	m0113	45.6	6.84e-61	225
m0061	m0154	41.9	4.43e-60	223
m0061	m0288	40.4	7.56e-60	222
m0061	m0109	42.0	3.75e-59	220
m0061	m0315	39.9	2.43e-58	217
m0061	m0224	40.1	6.41e-51	192
m0061	m0353	43.4	1.43e-50	191
m0061	m0115	36.5	2.06e-49	187
m0061	m0285	36.6	1.25e-46	178
m0061	m0228	37.2	1.81e-45	174
m0061	m0167	39.0	4.03e-45	173
m0061	m0404	39.3	1.3e-43	168
m0061	m0357	36.2	1.69e-43	168
m0061	m0189	36.0	4.92e-43	166
m0061	m0085	34.0	4.92e-43	166
m0061	m0258	38.2	9.61e-39	152
m0061	m0244	34.8	4.77e-38	149
m0061	m0384	35.7	4.77e-38	149
m0061	m0361	33.8	4.04e-37	146
m0061	m0138	34.5	2e-36	144
m0061	m0223	36.0	5.83e-36	143
m0061	m0108	31.2	8.41e-35	139
m0061	m0174	32.6	2.07e-33	134
m0061	m0379	32.9	7.88e-33	132
m0061	m0270	31.4	1.06e-29	122
m0061	m0222	32.0	2.62e-28	117
m0061	m0209	28.3	5.47e-26	109
m0062	m0153	36.6	4.25e-78	283
m0062	m0346	30.9	1.21e-48	185
m0062	m0325	30.3	7.82e-48	183
m0062	m0142	29.3	8.65e-47	179
m0062	m0302	26.8	7.32e-46	176
m0062	m0362	32.2	8.95e-44	169
m0062	m0226	31.9	1.53e-43	168
m0062	m0242	35.8	4.91e-42	163
m0062	m0272	40.3	6.41e-42	163
m0062	m0192	34.5	1.02e-39	156
m0062	m0118	29.4	1.34e-39	155
m0062	m0118	39.0	3.41e-35	141
m0062	m0265	32.1	3.19e-33	134
m0062	m0148	31.0	1.3e-26	112
m0062	m0203	30.0	5.64e-22	97
m0062	m0358	27.1	8.73e-15	73
m0062	m0192	31.6	2.55e-06	45
m0062	m0148	30.0	4.34e-06	44
m0062	m0272	27.3	7.41e-06	43
m0062	m0265	32.4	1.65e-05	42
m0062	m0242	37.5	0.000238	38
m0062	m0303	28.6	3.56	24
m0063	m0324	52.0	1.27e-52	197
m0063	m0254	22.6	0.000129	38
m0063	m0196	25.0	0.000376	36
m0063	m0071	20.0	0.000642	35
m0063	m0173	24.7	0.00109	35
m0063	m0269	23.3	0.00143	34
m0063	m0250	27.5	0.00244	33
m0063	m0235	22.0	0.00318	33
m0063	m0323	21.3	0.00318	33
m0063	m0202	25.0	0.00318	33
m0063	m0402	22.5	0.00416	33
m0063	m0338	22.7	0.00416	33
m0063	m0144	22.8	0.00543	32
m0063	m0267	22.3	0.00709	32
m0063	m0310	24.3	0.00709	32
m0063	m0232	22.4	0.00709	32
m0063	m0382	24.7	0.00709	32
m0063	m0087	27.8	0.00926	32
m0063	m0171	21.1	0.00926	32
m0063	m0273	21.8	0.00926	32
m0063	m0306	20.9	0.00926	32
m0063	m0127	24.9	0.0121	31
m0063	m0152	21.3	0.0121	31
m0063	m0348	21.4	0.0121	31
m0063	m0309	22.1	0.0121	31
m0063	m0165	22.6	0.0158	31
m0063	m0388	21.6	0.0158	31
m0063	m0327	26.9	0.0206	30
m0063	m0066	21.1	0.0206	30
m0063	m0134	26.1	0.0206	30
m0063	m0377	20.0	0.0206	30
m0063	m0176	21.2	0.0206	30
m0063	m0190	23.9	0.0206	30
m0063	m0280	22.5	0.027	30
m0063	m0216	27.5	0.027	30
m0063	m0336	20.0	0.046	29
m0063	m0390	22.9	0.0601	29
m0063	m0200	22.1	0.0601	29
m0063	m0241	28.1	0.0784	28
m0063	m0296	19.8	0.0784	28
m0063	m0239	23.0	0.0784	28
m0063	m0197	29.3	0.0784	28
m0063	m0177	23.6	0.0784	28
m0063	m0299	20.0	0.102	28
m0063	m0100	19.6	0.102	28
m0063	m0256	20.4	0.102	28
m0063	m0368	24.2	0.102	28
m0063	m0372	21.7	0.102	28
m0063	m0112	21.6	0.134	28
m0063	m0314	23.4	0.134	28
m0063	m0394	18.0	0.175	27
m0063	m0064	21.5	0.175	27
m0063	m0328	19.8	0.228	27
m0063	m0237	23.2	0.228	27
m0063	m0316	24.0	0.228	27
m0063	m0365	23.5	0.228	27
m0063	m0101	21.5	0.228	27
m0063	m0321	20.4	0.298	27
m0063	m0072	25.8	0.298	27
m0063	m0380	20.5	0.298	27
m0063	m0079	23.8	0.389	26
m0063	m0107	22.7	0.389	26
m0063	m0349	21.4	0.389	26
m0063	m0236	27.1	0.389	26
m0063	m0199	26.2	0.389	26
m0063	m0363	20.8	0.389	26
m0063	m0073	21.7	0.508	26
m0063	m0263	24.3	0.508	26
m0063	m0217	18.8	0.508	26
m0063	m0125	25.0	0.508	26
m0063	m0191	23.4	0.508	26
m0063	m0233	21.8	0.664	25
m0063	m0123	23.2	0.664	25
m0063	m0335	23.0	0.664	25
m0063	m0330	19.5	0.664	25
m0063	m0343	21.4	0.664	25
m0063	m0104	24.7	0.867	25
m0063	m0162	22.6	0.867	25
m0063	m0089	20.2	0.867	25
m0063	m0114	20.4	0.867	25
m0063	m0229	33.3	0.867	25
m0063	m0137	18.6	0.867	25
m0063	m0093	26.6	1.13	25
m0063	m0392	20.1	1.13	25
m0063	m0195	18.4	1.13	25
m0063	m0166	25.3	1.13	25
m0063	m0240	20.5	1.13	25
m0063	m0294	23.7	1.13	25
m0063	m0408	25.4	1.48	24
m0063	m0282	17.9	1.48	24
m0063	m0157	21.8	1.48	24
m0063	m0080	22.6	1.93	24
m0063	m0249	20.4	1.93	24
m0063	m0406	23.8	1.93	24
m0063	m0219	20.3	1.93	24
m0063	m0158	20.9	1.93	24
m0063	m0086	18.2	1.93	24
m0063	m0266	19.8	1.93	24
m0063	m0141	25.8	3.3	23
m0063	m0331	25.2	3.3	23
m0063	m0262	34.5	3.3	23
m0063	m0091	29.2	3.3	23
m0063	m0175	23.8	3.3	23
m0063	m0133	21.9	3.3	23
m0063	m0106	27.3	3.3	23
m0063	m0194	30.3	3.3	23
m0063	m0396	24.8	4.3	23
m0063	m0069	22.0	4.3	23
m0063	m0253	17.8	4.3	23
m0063	m0284	44.4	4.3	23
m0063	m0264	16.5	4.3	23
m0063	m0334	29.3	7.34	22
m0063	m0246	20.6	7.34	22
m0063	m0076	34.8	7.34	22
m0063	m0337	25.4	7.34	22
m0063	m0278	20.6	9.59	22
m0063	m0241	52.9	9.59	22
m0064	m0132	25.3	8.35e-12	62
m0064	m0155	30.2	1.09e-11	62
m0064	m0271	23.0	4.58e-10	56
m0064	m0214	33.3	4.58e-10	56
m0064	m0180	28.7	9.55e-08	49
m0064	m0199	30.8	4.74e-07	46
m0064	m0340	29.9	5.24e-06	43
m0064	m0376	28.1	1.99e-05	41
m0064	m0112	31.2	0.000129	38
m0064	m0388	24.1	0.00049	36
m0064	m0123	31.5	0.00109	35
m0064	m0324	24.3	0.00143	35
m0064	m0126	29.5	0.00186	34
m0064	m0234	25.8	0.00243	34
m0064	m0257	27.8	0.00318	33
m0064	m0144	31.3	0.00318	33
m0064	m0392	31.0	0.00542	33
m0064	m0249	29.6	0.00542	33
m0064	m0264	29.0	0.00925	32
m0064	m0065	27.3	0.00925	32
m0064	m0086	26.1	0.0121	32
m0064	m0247	26.6	0.0158	31
m0064	m0305	30.4	0.0269	30
m0064	m0071	25.4	0.0351	30
m0064	m0292	23.6	0.0459	30
m0064	m0169	31.5	0.0459	30
m0064	m0338	26.7	0.0459	30
m0064	m0240	26.6	0.0783	29
m0064	m0147	30.1	0.0783	29
m0064	m0158	28.4	0.102	28
m0064	m0175	25.2	0.134	28
m0064	m0262	25.6	0.134	28
m0064	m0246	26.1	0.228	27
m0064	m0229	26.2	0.298	27
m0064	m0368	25.2	0.298	27
m0064	m0241	40.6	0.298	27
m0064	m0365	28.7	0.298	27
m0064	m0219	27.1	0.298	27
m0064	m0335	26.4	0.389	27
m0064	m0181	24.3	0.389	27
m0064	m0217	27.4	0.508	26
m0064	m0337	30.9	0.508	26
m0064	m0263	23.7	0.508	26
m0064	m0202	60.0	0.508	26
m0064	m0179	22.4	0.508	26
m0064	m0406	24.4	0.663	26
m0064	m0116	27.0	0.663	26
m0064	m0319	22.4	0.663	26
m0064	m0207	23.7	0.866	25
m0064	m0157	24.4	1.13	25
m0064	m0278	27.3	1.13	25
m0064	m0091	22.6	1.13	25
m0064	m0166	24.4	1.13	25
m0064	m0269	27.0	1.13	25
m0064	m0345	24.8	1.48	25
m0064	m0370	26.6	1.93	24
m0064	m0327	26.4	1.93	24
m0064	m0114	26.5	1.93	24
m0064	m0282	23.8	1.93	24
m0064	m0261	26.4	1.93	24
m0064	m0186	26.4	1.93	24
m0064	m0256	24.8	2.52	24
m0064	m0342	24.8	2.52	24
m0064	m0332	24.8	2.52	24
m0064	m0283	26.0	3.29	23
m0064	m0392	45.5	3.29	23
m0064	m0295	27.3	4.3	23
m0064	m0101	35.0	4.3	23
m0064	m0099	27.3	5.61	23
m0064	m0218	27.3	7.33	22
m0064	m0160	27.3	7.33	22
m0064	m0096	27.3	7.33	22
m0064	m0348	26.5	7.33	22
m0064	m0393	27.3	7.33	22
m0064	m0208	27.3	7.33	22
m0064	m0164	50.0	9.57	22
m0064	m0321	24.1	9.57	22
m0064	m0097	24.3	9.57	22
m0064	m0230	58.8	9.57	22
m0065	m0264	62.9	4.3e-108	382
m0065	m0196	61.8	9.58e-108	381
m0065	m0249	62.0	1.63e-107	380
m0065	m0235	63.2	4.76e-107	379
m0065	m0232	66.9	1.81e-106	377
m0065	m0273	63.6	2e-105	373
m0065	m0388	60.9	7.59e-105	371
m0065	m0306	61.9	9.92e-105	371
m0065	m0106	61.2	3.19e-103	366
m0065	m0390	62.2	2.99e-101	359
m0065	m0402	60.7	8.69e-101	358
m0065	m0236	60.7	1.48e-100	357
m0065	m0171	60.2	7.35e-100	355
m0065	m0234	62.1	8.13e-99	351
m0065	m0377	57.5	2.37e-98	350
m0065	m0394	61.9	1.53e-97	347
m0065	m0299	62.0	4.46e-97	346
m0065	m0237	58.3	4.46e-97	346
m0065	m0125	62.2	9.94e-97	344
m0065	m0331	56.9	1.3e-96	344
m0065	m0316	57.9	4.93e-96	342
m0065	m0134	58.2	5.45e-95	339
m0065	m0336	60.4	2.07e-94	337
m0065	m0314	57.3	1.03e-93	334
m0065	m0372	59.7	2.29e-93	333
m0065	m0309	56.8	2.99e-93	333
m0065	m0190	64.4	3.91e-93	332
m0065	m0380	61.7	1.14e-92	331
m0065	m0137	58.0	1.49e-92	330
m0065	m0169	55.3	5.64e-92	329
m0065	m0144	62.5	4.78e-91	325
m0065	m0126	53.7	2.22e-88	317
m0065	m0086	53.3	3.2e-87	313
m0065	m0328	57.5	1.03e-85	308
m0065	m0121	54.3	1.14e-84	304
m0065	m0382	52.0	4.33e-84	302
m0065	m0398	56.8	5.66e-84	302
m0065	m0089	55.2	1.26e-83	301
m0065	m0100	51.5	1.82e-82	297
m0065	m0158	51.1	9.03e-82	295
m0065	m0305	52.3	9.03e-82	295
m0065	m0112	54.8	1.18e-81	294
m0065	m0152	50.7	4.48e-81	292
m0065	m0233	52.7	4.48e-81	292
m0065	m0364	56.1	5.85e-81	292
m0065	m0195	49.7	9.99e-81	291
m0065	m0123	56.8	3.79e-80	289
m0065	m0254	50.8	4.96e-80	289
m0065	m0343	49.8	1.1e-79	288
m0065	m0066	54.4	1.1e-79	288
m0065	m0200	49.0	3.55e-78	283
m0065	m0072	47.7	1.03e-77	281
m0065	m0294	50.5	5.13e-77	279
m0065	m0093	50.2	1.14e-76	278
m0065	m0365	47.4	2.81e-75	273
m0065	m0338	48.1	6.27e-75	272
m0065	m0368	48.9	8.19e-75	272
m0065	m0087	47.0	2.38e-74	270
m0065	m0292	48.0	4.06e-74	269
m0065	m0349	44.9	2.63e-73	267
m0065	m0101	46.3	4.49e-73	266
m0065	m0185	46.8	4.49e-73	266
m0065	m0323	48.8	5.87e-73	265
m0065	m0240	48.7	6.49e-72	262
m0065	m0136	46.5	1.89e-71	260
m0065	m0191	46.3	1.89e-71	260
m0065	m0274	44.1	3.22e-71	260
m0065	m0070	45.1	4.21e-71	259
m0065	m0073	48.4	4.21e-71	259
m0065	m0269	48.2	4.21e-71	259
m0065	m0147	46.1	1.22e-70	258
m0065	m0076	46.8	2.09e-70	257
m0065	m0127	49.8	2.09e-70	257
m0065	m0311	44.3	2.73e-70	257
m0065	m0166	44.1	2.73e-70	257
m0065	m0172	47.2	3.56e-70	256
m0065	m0230	47.2	4.65e-70	256
m0065	m0068	44.2	6.07e-70	255
m0065	m0351	44.3	6.07e-70	255
m0065	m0181	47.5	1.35e-69	254
m0065	m0330	47.0	1.77e-69	254
m0065	m0096	44.4	3.01e-69	253
m0065	m0341	47.1	5.14e-69	252
m0065	m0208	43.5	5.14e-69	252
m0065	m0077	46.5	6.71e-69	252
m0065	m0217	45.7	1.15e-68	251
m0065	m0133	48.0	1.15e-68	251
m0065	m0177	44.1	1.15e-68	251
m0065	m0091	46.0	1.5e-68	251
m0065	m0345	46.2	1.95e-68	250
m0065	m0247	45.7	1.95e-68	250
m0065	m0356	44.4	1.95e-68	250
m0065	m0295	47.4	2.55e-68	250
m0065	m0400	45.2	3.33e-68	250
m0065	m0406	42.7	4.35e-68	249
m0065	m0297	48.3	7.42e-68	248
m0065	m0250	47.9	7.42e-68	248
m0065	m0408	44.7	9.69e-68	248
m0065	m0141	45.2	9.69e-68	248
m0065	m0116	47.9	9.69e-68	248
m0065	m0296	43.6	1.27e-67	248
m0065	m0282	48.6	1.65e-67	247
m0065	m0157	44.0	1.65e-67	247
m0065	m0261	48.5	2.16e-67	247
m0065	m0176	45.3	2.16e-67	247
m0065	m0337	43.9	2.82e-67	247
m0065	m0354	46.4	2.82e-67	247
m0065	m0179	42.9	3.68e-67	246
m0065	m0335	44.6	3.68e-67	246
m0065	m0278	44.1	3.68e-67	246
m0065	m0186	48.0	4.81e-67	246
m0065	m0099	45.1	6.28e-67	245
m0065	m0342	43.1	6.28e-67	245
m0065	m0256	44.3	8.21e-67	245
m0065	m0216	46.6	8.21e-67	245
m0065	m0393	43.5	8.21e-67	245
m0065	m0104	46.6	1.07e-66	245
m0065	m0363	44.4	1.07e-66	245
m0065	m0321	43.3	1.83e-66	244
m0065	m0246	45.9	3.12e-66	243
m0065	m0283	46.2	4.07e-66	243
m0065	m0175	43.3	4.07e-66	243
m0065	m0332	42.8	6.95e-66	242
m0065	m0378	44.8	6.95e-66	242
m0065	m0383	43.9	6.95e-66	242
m0065	m0410	45.4	6.95e-66	242
m0065	m0327	44.9	9.07e-66	242
m0065	m0370	46.5	9.07e-66	242
m0065	m0251	48.5	1.19e-65	241
m0065	m0218	44.4	1.19e-65	241
m0065	m0114	43.1	2.64e-65	240
m0065	m0160	42.6	3.45e-65	240
m0065	m0165	44.3	3.45e-65	240
m0065	m0079	47.7	4.5e-65	239
m0065	m0164	44.3	1e-64	238
m0065	m0097	45.4	2.23e-64	237
m0065	m0319	47.5	2.92e-64	236
m0065	m0173	45.2	2.92e-64	236
m0065	m0071	45.1	4.98e-64	236
m0065	m0348	42.9	4.98e-64	236
m0065	m0266	44.7	6.5e-64	235
m0065	m0098	43.6	1.45e-63	234
m0065	m0107	45.3	1.45e-63	234
m0065	m0334	49.6	2.47e-63	233
m0065	m0280	44.1	3.23e-63	233
m0065	m0194	46.7	5.5e-63	232
m0065	m0312	45.7	2.09e-62	230
m0065	m0082	42.2	2.73e-62	230
m0065	m0187	45.3	4.66e-62	229
m0065	m0080	44.7	1.36e-61	228
m0065	m0385	44.6	1.77e-61	227
m0065	m0162	41.0	3.02e-61	226
m0065	m0178	42.9	3.02e-61	226
m0065	m0170	44.2	5.15e-61	226
m0065	m0229	42.5	6.73e-61	225
m0065	m0239	41.1	8.79e-61	225
m0065	m0219	46.3	1.96e-60	224
m0065	m0105	40.6	3.34e-60	223
m0065	m0069	44.0	7.44e-60	222
m0065	m0201	44.2	7.44e-60	222
m0065	m0074	44.8	9.72e-60	221
m0065	m0161	43.1	9.72e-60	221
m0065	m0197	42.2	2.16e-59	220
m0065	m0245	43.0	2.83e-59	220
m0065	m0397	42.0	4.82e-59	219
m0065	m0207	40.5	1.83e-58	217
m0065	m0286	41.6	1.01e-56	211
m0065	m0317	39.7	1.01e-56	211
m0065	m0405	42.4	2.93e-56	210
m0065	m0130	42.0	1.11e-55	208
m0065	m0387	40.4	1.45e-55	208
m0065	m0212	41.1	7.97e-54	202
m0065	m0284	44.6	3.03e-53	200
m0065	m0168	40.4	5e-48	183
m0065	m0371	37.1	2.04e-41	161
m0065	m0289	32.7	6.34e-35	139
m0065	m0275	32.5	4.11e-34	136
m0065	m0369	30.6	2.33e-29	121
m0065	m0163	29.0	2.95e-24	104
m0065	m0140	26.9	8.59e-24	102
m0065	m0293	29.7	1.16e-20	92
m0065	m0188	28.7	5.39e-18	83
m0065	m0359	24.7	2.27e-16	77
m0065	m0231	27.1	2.35e-13	67
m0065	m0067	27.3	4e-13	67
m0065	m0279	26.5	4e-13	67
m0065	m0276	23.9	6.82e-13	66
m0065	m0124	20.7	6.39e-11	59
m0065	m0268	24.6	1.57e-09	55
m0065	m0396	25.1	3.5e-09	54
m0065	m0409	26.9	8.63e-08	49
m0065	m0221	30.9	3.28e-07	47
m0065	m0267	23.0	7.31e-07	46
m0065	m0199	24.8	0.000988	35
m0065	m0102	23.9	0.00836	32
m0065	m0146	22.2	0.0109	32
m0065	m0339	27.1	0.0109	32
m0065	m0324	23.6	0.0143	32
m0065	m0180	28.0	0.0186	31
m0065	m0330	34.3	0.0186	31
m0065	m0340	26.2	0.0243	31
m0065	m0257	23.9	0.0243	31
m0065	m0092	29.1	0.0415	30
m0065	m0307	22.8	0.0708	29
m0065	m0411	27.5	0.158	28
m0065	m0078	51.4	0.269	27
m0065	m0376	26.4	0.351	27
m0065	m0304	60.0	0.459	27
m0065	m0071	30.8	0.599	26
m0065	m0102	24.3	1.74	25
m0065	m0199	27.8	2.97	24
m0065	m0204	23.3	2.97	24
m0065	m0174	35.5	2.97	24
m0065	m0202	50.0	5.07	23
m0065	m0367	30.0	5.07	23
m0065	m0392	50.0	8.65	22
m0066	m0235	55.8	3.91e-87	312
m0066	m0402	57.2	1.14e-86	311
m0066	m0196	54.4	1.14e-86	311
m0066	m0314	55.3	1.48e-86	310
m0066	m0331	55.8	1.94e-86	310
m0066	m0306	54.7	5.64e-86	309
m0066	m0299	58.2	1.26e-85	307
m0066	m0273	54.8	1.26e-85	307
m0066	m0190	60.9	6.24e-85	305
m0066	m0382	56.5	8.14e-85	305
m0066	m0328	59.9	1.06e-84	304
m0066	m0171	56.4	1.39e-84	304
m0066	m0336	58.1	3.09e-84	303
m0066	m0232	54.4	4.04e-84	302
m0066	m0086	55.1	4.04e-84	302
m0066	m0390	56.6	5.28e-84	302
m0066	m0249	53.3	1.18e-83	301
m0066	m0237	55.4	4.47e-83	299
m0066	m0309	53.5	5.84e-83	299
m0066	m0125	57.6	7.62e-83	298
m0066	m0106	53.6	9.96e-83	298
m0066	m0234	53.4	2.22e-82	297
m0066	m0316	55.7	3.78e-82	296
m0066	m0388	53.7	4.94e-82	295
m0066	m0134	56.3	1.1e-81	294
m0066	m0137	54.2	1.88e-81	294
m0066	m0264	52.9	3.2e-81	293
m0066	m0380	53.9	5.46e-81	292
m0066	m0377	55.2	1.22e-80	291
m0066	m0394	53.4	1.22e-80	291
m0066	m0152	52.9	2.08e-80	290
m0066	m0236	54.1	2.08e-80	290
m0066	m0123	52.9	9.64e-78	281
m0066	m0126	51.0	1.07e-76	278
m0066	m0112	51.4	2.37e-76	277
m0066	m0144	53.1	5.85e-75	272
m0066	m0341	52.2	2.22e-74	270
m0066	m0372	49.1	2.08e-72	263
m0066	m0169	48.1	2.72e-72	263
m0066	m0107	51.4	1.14e-70	258
m0066	m0173	49.8	1.14e-70	258
m0066	m0165	49.3	4.34e-70	256
m0066	m0093	46.8	7.4e-70	255
m0066	m0254	48.6	2.15e-69	253
m0066	m0147	48.1	2.15e-69	253
m0066	m0408	47.9	3.67e-69	253
m0066	m0274	48.6	3.67e-69	253
m0066	m0070	46.7	1.82e-68	250
m0066	m0074	47.9	3.11e-68	250
m0066	m0089	47.6	5.3e-68	249
m0066	m0292	47.2	6.93e-68	248
m0066	m0305	45.9	1.54e-67	247
m0066	m0233	47.8	2.63e-67	247
m0066	m0200	45.5	7.66e-67	245
m0066	m0351	45.2	1e-66	245
m0066	m0158	45.7	1e-66	245
m0066	m0100	47.5	2.23e-66	243
m0066	m0364	47.7	3.8e-66	243
m0066	m0247	46.5	4.96e-66	242
m0066	m0179	44.1	1.44e-65	241
m0066	m0294	44.8	1.44e-65	241
m0066	m0178	44.7	3.22e-65	240
m0066	m0311	45.9	5.49e-65	239
m0066	m0098	44.0	1.6e-64	237
m0066	m0312	47.1	1.6e-64	237
m0066	m0354	45.8	2.09e-64	237
m0066	m0266	47.1	2.72e-64	236
m0066	m0195	46.0	3.56e-64	236
m0066	m0082	44.0	1.03e-63	235
m0066	m0121	45.8	1.03e-63	235
m0066	m0170	44.7	1.35e-63	234
m0066	m0187	43.7	1.77e-63	234
m0066	m0087	43.6	3.01e-63	233
m0066	m0286	46.1	3.01e-63	233
m0066	m0343	45.3	3.01e-63	233
m0066	m0073	45.5	8.76e-63	231
m0066	m0072	45.2	1.49e-62	231
m0066	m0251	44.6	2.55e-62	230
m0066	m0194	45.6	5.68e-62	229
m0066	m0368	46.4	7.42e-62	228
m0066	m0101	42.4	1.27e-61	228
m0066	m0104	47.5	1.27e-61	228
m0066	m0387	43.5	1.27e-61	228
m0066	m0076	43.4	1.65e-61	227
m0066	m0130	45.3	3.68e-61	226
m0066	m0197	44.0	6.28e-61	225
m0066	m0383	44.8	8.2e-61	225
m0066	m0136	46.1	1.07e-60	225
m0066	m0212	45.0	1.4e-60	224
m0066	m0240	45.1	1.4e-60	224
m0066	m0321	46.6	1.83e-60	224
m0066	m0077	44.9	3.12e-60	223
m0066	m0217	47.3	3.12e-60	223
m0066	m0295	44.0	4.07e-60	223
m0066	m0370	45.9	4.07e-60	223
m0066	m0068	43.1	4.07e-60	223
m0066	m0410	44.1	5.32e-60	222
m0066	m0105	42.7	6.94e-60	222
m0066	m0230	45.7	6.94e-60	222
m0066	m0208	45.5	9.07e-60	221
m0066	m0365	43.5	9.07e-60	221
m0066	m0323	43.9	1.18e-59	221
m0066	m0114	47.0	1.55e-59	221
m0066	m0398	45.6	1.55e-59	221
m0066	m0400	45.0	2.02e-59	220
m0066	m0356	45.0	2.02e-59	220
m0066	m0096	46.2	2.64e-59	220
m0066	m0269	45.1	2.64e-59	220
m0066	m0332	45.9	5.88e-59	219
m0066	m0406	44.2	1e-58	218
m0066	m0378	46.6	1.31e-58	218
m0066	m0185	46.3	1.31e-58	218
m0066	m0345	45.9	1.31e-58	218
m0066	m0166	42.2	1.71e-58	217
m0066	m0160	44.9	2.23e-58	217
m0066	m0218	45.5	2.23e-58	217
m0066	m0099	47.0	2.23e-58	217
m0066	m0172	43.8	2.23e-58	217
m0066	m0342	45.6	3.81e-58	216
m0066	m0157	43.7	3.81e-58	216
m0066	m0261	46.6	3.81e-58	216
m0066	m0363	44.7	6.5e-58	215
m0066	m0278	44.3	8.49e-58	215
m0066	m0256	44.6	8.49e-58	215
m0066	m0393	45.4	1.11e-57	215
m0066	m0330	43.2	1.11e-57	215
m0066	m0349	43.4	1.11e-57	215
m0066	m0186	46.9	1.89e-57	214
m0066	m0297	44.0	2.47e-57	213
m0066	m0127	45.2	2.47e-57	213
m0066	m0348	44.1	2.47e-57	213
m0066	m0133	45.3	2.47e-57	213
m0066	m0229	42.8	2.47e-57	213
m0066	m0080	43.0	4.21e-57	213
m0066	m0338	44.0	4.21e-57	213
m0066	m0177	43.2	7.18e-57	212
m0066	m0282	45.8	1.23e-56	211
m0066	m0069	44.2	1.23e-56	211
m0066	m0216	45.2	1.6e-56	211
m0066	m0191	44.4	1.6e-56	211
m0066	m0385	41.4	2.09e-56	210
m0066	m0246	42.2	2.09e-56	210
m0066	m0164	44.0	3.57e-56	210
m0066	m0091	43.6	4.66e-56	209
m0066	m0337	43.2	1.04e-55	208
m0066	m0219	44.0	1.35e-55	208
m0066	m0097	44.1	1.77e-55	207
m0066	m0327	44.1	2.31e-55	207
m0066	m0283	43.0	2.31e-55	207
m0066	m0141	42.6	3.94e-55	206
m0066	m0250	43.3	3.94e-55	206
m0066	m0296	44.8	5.15e-55	206
m0066	m0176	43.5	8.78e-55	205
m0066	m0201	42.5	1.5e-54	204
m0066	m0175	41.5	1.96e-54	204
m0066	m0334	44.7	1.96e-54	204
m0066	m0071	42.5	3.34e-54	203
m0066	m0161	42.8	3.34e-54	203
m0066	m0181	42.8	5.69e-54	202
m0066	m0397	44.2	7.43e-54	202
m0066	m0280	43.7	9.71e-54	201
m0066	m0405	42.1	2.83e-53	200
m0066	m0079	44.9	1.4e-52	198
m0066	m0335	43.5	2.39e-52	197
m0066	m0317	40.6	3.12e-52	196
m0066	m0116	43.2	3.12e-52	196
m0066	m0239	42.5	4.51e-51	193
m0066	m0319	43.2	1.31e-50	191
m0066	m0245	36.7	7.2e-49	185
m0066	m0162	37.5	7.96e-48	182
m0066	m0207	39.7	7.96e-48	182
m0066	m0168	38.3	3.95e-47	179
m0066	m0284	42.1	4.37e-46	176
m0066	m0371	35.1	1.61e-40	158
m0066	m0275	39.2	4.68e-40	156
m0066	m0369	34.5	1.41e-36	144
m0066	m0289	31.5	1.56e-35	141
m0066	m0163	33.2	8.55e-34	135
m0066	m0140	30.5	1.97e-30	124
m0066	m0188	27.0	1.2e-19	88
m0066	m0293	27.6	1.01e-18	85
m0066	m0359	26.5	1.05e-15	75
m0066	m0276	23.7	5.21e-15	73
m0066	m0396	24.1	1.09e-12	65
m0066	m0231	25.1	3.16e-12	64
m0066	m0279	24.3	2.05e-11	61
m0066	m0124	23.1	2.67e-11	60
m0066	m0268	26.5	1.02e-10	59
m0066	m0067	26.0	1.12e-09	55
m0066	m0221	29.1	2.59e-06	44
m0066	m0339	29.8	1.68e-05	41
m0066	m0267	22.9	8.33e-05	39
m0066	m0307	23.7	0.000243	37
m0066	m0220	24.4	0.000243	37
m0066	m0340	27.3	0.000706	36
m0066	m0139	25.0	0.000922	35
m0066	m0228	24.4	0.0012	35
m0066	m0376	30.3	0.0012	35
m0066	m0375	27.8	0.0012	35
m0066	m0257	26.4	0.00157	35
m0066	m0409	27.7	0.0102	32
m0066	m0301	28.4	0.147	28
m0066	m0310	26.2	0.559	26
m0066	m0145	21.3	0.954	25
m0066	m0120	29.1	1.25	25
m0066	m0322	50.0	6.18	23
m0067	m0188	47.1	1e-76	278
m0067	m0396	41.5	3.59e-42	163
m0067	m0279	42.5	4.39e-40	156
m0067	m0382	26.5	1.52e-16	78
m0067	m0305	24.6	6.38e-15	72
m0067	m0402	27.2	6.38e-15	72
m0067	m0408	28.5	1.09e-14	72
m0067	m0125	31.1	1.42e-14	71
m0067	m0267	26.8	1.42e-14	71
m0067	m0106	29.4	2.43e-14	70
m0067	m0232	28.0	4.14e-14	70
m0067	m0233	25.9	5.4e-14	69
m0067	m0169	27.8	1.2e-13	68
m0067	m0254	28.3	1.2e-13	68
m0067	m0394	31.7	1.2e-13	68
m0067	m0126	29.1	2.05e-13	67
m0067	m0124	24.0	2.05e-13	67
m0067	m0294	27.7	2.68e-13	67
m0067	m0112	26.4	2.68e-13	67
m0067	m0314	26.3	2.68e-13	67
m0067	m0130	24.9	3.5e-13	67
m0067	m0299	28.7	5.98e-13	66
m0067	m0309	28.9	7.8e-13	65
m0067	m0377	28.6	7.8e-13	65
m0067	m0410	25.5	1.02e-12	65
m0067	m0264	25.5	1.02e-12	65
m0067	m0388	25.5	1.33e-12	65
m0067	m0195	26.1	1.33e-12	65
m0067	m0200	25.6	1.74e-12	64
m0067	m0165	25.9	1.74e-12	64
m0067	m0086	24.2	2.27e-12	64
m0067	m0341	26.6	2.27e-12	64
m0067	m0286	24.6	2.97e-12	64
m0067	m0087	25.9	2.97e-12	64
m0067	m0121	25.0	2.97e-12	64
m0067	m0073	28.8	2.97e-12	64
m0067	m0190	26.0	3.87e-12	63
m0067	m0196	27.6	5.06e-12	63
m0067	m0316	26.2	5.06e-12	63
m0067	m0107	26.9	5.06e-12	63
m0067	m0171	29.8	5.06e-12	63
m0067	m0400	32.6	5.06e-12	63
m0067	m0235	24.5	6.61e-12	62
m0067	m0364	25.6	6.61e-12	62
m0067	m0217	27.8	6.61e-12	62
m0067	m0236	27.6	8.63e-12	62
m0067	m0133	27.0	8.63e-12	62
m0067	m0390	27.4	8.63e-12	62
m0067	m0398	26.3	1.13e-11	62
m0067	m0114	32.6	1.13e-11	62
m0067	m0293	25.5	1.13e-11	62
m0067	m0141	26.0	1.47e-11	61
m0067	m0134	26.6	1.47e-11	61
m0067	m0328	25.7	1.47e-11	61
m0067	m0321	29.0	1.47e-11	61
m0067	m0306	27.3	1.92e-11	61
m0067	m0172	28.0	2.51e-11	60
m0067	m0345	28.0	2.51e-11	60
m0067	m0289	24.2	2.51e-11	60
m0067	m0273	25.1	2.51e-11	60
m0067	m0331	27.4	2.51e-11	60
m0067	m0330	25.0	2.51e-11	60
m0067	m0152	25.5	3.28e-11	60
m0067	m0100	25.9	3.28e-11	60
m0067	m0176	28.0	3.28e-11	60
m0067	m0173	26.1	4.28e-11	60
m0067	m0297	28.3	4.28e-11	60
m0067	m0166	27.6	4.28e-11	60
m0067	m0365	25.2	4.28e-11	60
m0067	m0296	31.2	5.59e-11	59
m0067	m0237	26.9	5.59e-11	59
m0067	m0356	24.7	5.59e-11	59
m0067	m0123	24.7	5.59e-11	59
m0067	m0074	24.2	5.59e-11	59
m0067	m0105	26.2	5.59e-11	59
m0067	m0157	26.2	5.59e-11	59
m0067	m0349	26.5	5.59e-11	59
m0067	m0218	28.5	7.3e-11	59
m0067	m0249	26.3	7.3e-11	59
m0067	m0332	32.6	7.3e-11	59
m0067	m0191	25.6	7.3e-11	59
m0067	m0216	28.7	9.54e-11	59
m0067	m0393	31.5	9.54e-11	59
m0067	m0160	29.9	9.54e-11	59
m0067	m0380	23.5	9.54e-11	59
m0067	m0397	30.1	9.54e-11	59
m0067	m0269	34.6	1.25e-10	58
m0067	m0246	25.0	1.25e-10	58
m0067	m0336	27.4	1.25e-10	58
m0067	m0342	31.5	1.63e-10	58
m0067	m0077	23.4	1.63e-10	58
m0067	m0256	31.9	1.63e-10	58
m0067	m0363	28.9	1.63e-10	58
m0067	m0208	27.8	2.13e-10	57
m0067	m0378	30.8	2.13e-10	57
m0067	m0372	28.6	2.13e-10	57
m0067	m0335	30.1	2.13e-10	57
m0067	m0175	25.9	2.13e-10	57
m0067	m0177	26.5	2.13e-10	57
m0067	m0093	28.7	2.78e-10	57
m0067	m0096	33.3	2.78e-10	57
m0067	m0185	28.1	2.78e-10	57
m0067	m0137	25.6	3.63e-10	57
m0067	m0348	32.2	4.73e-10	56
m0067	m0099	30.3	4.73e-10	56
m0067	m0240	29.4	4.73e-10	56
m0067	m0098	22.7	4.73e-10	56
m0067	m0187	32.2	6.18e-10	56
m0067	m0069	27.0	6.18e-10	56
m0067	m0368	25.8	6.18e-10	56
m0067	m0201	27.8	8.08e-10	55
m0067	m0164	30.8	8.08e-10	55
m0067	m0082	32.4	8.08e-10	55
m0067	m0359	24.4	8.08e-10	55
m0067	m0161	28.4	8.08e-10	55
m0067	m0239	29.4	8.08e-10	55
m0067	m0250	32.0	1.05e-09	55
m0067	m0230	29.3	1.05e-09	55
m0067	m0280	26.0	1.38e-09	55
m0067	m0089	24.1	1.38e-09	55
m0067	m0186	28.7	1.8e-09	54
m0067	m0261	28.7	1.8e-09	54
m0067	m0282	26.9	1.8e-09	54
m0067	m0127	25.9	2.35e-09	54
m0067	m0317	27.5	2.35e-09	54
m0067	m0231	25.2	2.35e-09	54
m0067	m0405	27.7	3.07e-09	54
m0067	m0076	27.5	3.07e-09	54
m0067	m0144	25.9	3.07e-09	54
m0067	m0370	26.5	3.07e-09	54
m0067	m0116	28.6	3.07e-09	54
m0067	m0234	24.0	4.01e-09	53
m0067	m0170	29.4	4.01e-09	53
m0067	m0292	24.9	4.01e-09	53
m0067	m0319	27.2	4.01e-09	53
m0067	m0387	22.5	5.24e-09	53
m0067	m0278	26.3	5.24e-09	53
m0067	m0406	25.0	5.24e-09	53
m0067	m0337	27.0	5.24e-09	53
m0067	m0162	24.4	6.84e-09	52
m0067	m0091	29.3	6.84e-09	52
m0067	m0219	29.1	6.84e-09	52
m0067	m0207	28.3	8.93e-09	52
m0067	m0295	26.5	1.17e-08	52
m0067	m0147	22.2	1.17e-08	52
m0067	m0158	25.3	1.17e-08	52
m0067	m0229	28.5	1.17e-08	52
m0067	m0283	25.6	1.17e-08	52
m0067	m0369	25.5	1.52e-08	51
m0067	m0338	30.8	1.52e-08	51
m0067	m0354	22.0	1.52e-08	51
m0067	m0178	27.5	1.52e-08	51
m0067	m0312	30.6	1.52e-08	51
m0067	m0343	25.7	1.99e-08	51
m0067	m0072	24.9	1.99e-08	51
m0067	m0097	27.1	2.6e-08	50
m0067	m0327	28.0	3.39e-08	50
m0067	m0266	23.5	3.39e-08	50
m0067	m0163	25.3	3.39e-08	50
m0067	m0079	29.2	3.39e-08	50
m0067	m0181	26.8	3.39e-08	50
m0067	m0068	24.8	4.43e-08	50
m0067	m0245	24.1	4.43e-08	50
m0067	m0323	29.3	4.43e-08	50
m0067	m0080	23.7	5.79e-08	49
m0067	m0212	21.5	7.56e-08	49
m0067	m0197	26.8	7.56e-08	49
m0067	m0104	24.6	7.56e-08	49
m0067	m0275	26.0	9.87e-08	49
m0067	m0274	26.1	1.29e-07	48
m0067	m0071	27.7	1.68e-07	48
m0067	m0385	27.6	1.68e-07	48
m0067	m0311	24.0	1.68e-07	48
m0067	m0136	30.4	1.68e-07	48
m0067	m0179	25.4	3.75e-07	47
m0067	m0194	25.7	3.75e-07	47
m0067	m0351	25.3	6.4e-07	46
m0067	m0334	25.2	6.4e-07	46
m0067	m0070	20.9	8.36e-07	45
m0067	m0168	25.3	8.36e-07	45
m0067	m0140	24.5	1.09e-06	45
m0067	m0251	27.4	1.09e-06	45
m0067	m0276	20.7	1.86e-06	44
m0067	m0101	24.5	2.43e-06	44
m0067	m0383	23.2	5.42e-06	43
m0067	m0247	23.8	7.82e-05	39
m0067	m0284	24.0	0.000297	37
m0067	m0268	25.6	0.000297	37
m0067	m0220	23.8	0.00561	33
m0067	m0371	27.1	0.00561	33
m0067	m0399	23.9	0.18	28
m0067	m0277	31.9	0.402	27
m0067	m0340	26.7	0.685	26
m0067	m0389	25.4	0.895	25
m0067	m0146	23.4	4.44	23
m0067	m0243	30.4	4.44	23
m0067	m0288	50.0	5.8	23
m0067	m0410	25.0	5.8	23
m0068	m0179	72.6	1.81e-135	473
m0068	m0351	74.5	2.21e-133	466
m0068	m0292	73.3	9.3e-132	461
m0068	m0311	72.1	1.94e-129	453
m0068	m0070	72.1	3.66e-128	449
m0068	m0098	70.9	1.22e-123	434
m0068	m0410	65.8	1.3e-117	414
m0068	m0383	59.4	2.02e-102	363
m0068	m0356	53.7	2.73e-99	353
m0068	m0251	55.4	4.08e-95	339
m0068	m0082	52.8	4.37e-89	319
m0068	m0187	52.5	5.71e-89	319
m0068	m0178	50.5	9.74e-89	318
m0068	m0312	55.5	1.66e-88	317
m0068	m0170	52.7	4.83e-88	315
m0068	m0197	50.5	9.12e-87	311
m0068	m0147	52.2	6.12e-83	299
m0068	m0247	49.0	5.18e-82	295
m0068	m0104	48.2	3.47e-78	283
m0068	m0077	50.0	3.04e-74	270
m0068	m0402	49.7	1.16e-73	268
m0068	m0354	46.4	1.16e-73	268
m0068	m0196	47.2	7.49e-73	265
m0068	m0382	46.5	9.79e-73	265
m0068	m0232	46.2	4.86e-72	262
m0068	m0264	49.3	1.08e-71	261
m0068	m0235	47.0	1.41e-71	261
m0068	m0306	50.2	2.41e-71	260
m0068	m0266	45.4	2.41e-71	260
m0068	m0249	44.9	3.15e-71	260
m0068	m0190	48.9	5.37e-71	259
m0068	m0331	48.1	7.01e-71	258
m0068	m0385	43.9	7.01e-71	258
m0068	m0273	45.2	1.2e-70	258
m0068	m0336	46.1	1.56e-70	257
m0068	m0234	44.1	5.94e-70	255
m0068	m0171	45.7	1.73e-69	254
m0068	m0299	45.2	1.91e-68	250
m0068	m0106	46.5	2.49e-68	250
m0068	m0194	46.8	7.26e-68	248
m0068	m0328	48.0	1.24e-67	248
m0068	m0388	44.9	3.6e-67	246
m0068	m0134	45.6	3.6e-67	246
m0068	m0080	48.8	1.37e-66	244
m0068	m0086	45.2	1.79e-66	244
m0068	m0158	46.1	1.79e-66	244
m0068	m0144	46.7	3.05e-66	243
m0068	m0126	42.8	3.98e-66	243
m0068	m0125	47.4	3.98e-66	243
m0068	m0377	46.0	5.2e-66	242
m0068	m0314	44.3	6.79e-66	242
m0068	m0112	44.0	1.16e-65	241
m0068	m0390	45.5	4.4e-65	239
m0068	m0316	45.2	7.51e-65	238
m0068	m0380	45.5	9.81e-65	238
m0068	m0089	44.9	1.28e-64	238
m0068	m0123	45.7	1.67e-64	237
m0068	m0398	43.0	4.12e-63	233
m0068	m0365	41.3	5.38e-63	232
m0068	m0236	44.0	7.03e-63	232
m0068	m0152	43.4	1.2e-62	231
m0068	m0237	44.1	1.57e-62	231
m0068	m0100	45.0	2.67e-62	230
m0068	m0233	42.2	7.77e-62	228
m0068	m0394	40.3	2.26e-61	227
m0068	m0195	40.8	2.95e-61	226
m0068	m0309	41.5	8.59e-61	225
m0068	m0368	42.0	8.59e-61	225
m0068	m0169	42.5	1.12e-60	225
m0068	m0372	41.0	1.91e-60	224
m0068	m0168	41.1	1.91e-60	224
m0068	m0137	39.4	2.5e-60	223
m0068	m0072	41.3	3.27e-60	223
m0068	m0364	41.6	3.61e-59	220
m0068	m0254	42.4	1.79e-58	217
m0068	m0305	40.7	1.79e-58	217
m0068	m0343	40.5	2.34e-58	217
m0068	m0200	41.2	2.34e-58	217
m0068	m0101	42.1	2.34e-58	217
m0068	m0069	44.6	6.81e-58	215
m0068	m0076	40.8	8.89e-58	215
m0068	m0294	41.8	1.98e-57	214
m0068	m0341	43.0	9.83e-57	211
m0068	m0087	40.7	3.74e-56	210
m0068	m0334	39.9	3.16e-55	206
m0068	m0073	42.2	4.13e-55	206
m0068	m0093	39.3	7.05e-55	205
m0068	m0283	40.8	4.57e-54	203
m0068	m0121	40.6	2.96e-53	200
m0068	m0074	41.3	8.61e-53	198
m0068	m0397	40.3	1.92e-52	197
m0068	m0201	40.6	2.51e-52	197
m0068	m0097	41.5	3.27e-52	196
m0068	m0274	38.0	4.27e-52	196
m0068	m0176	42.4	9.52e-52	195
m0068	m0370	41.3	1.62e-51	194
m0068	m0280	39.6	2.77e-51	193
m0068	m0239	40.1	2.77e-51	193
m0068	m0296	40.7	4.73e-51	193
m0068	m0162	37.7	6.17e-51	192
m0068	m0400	40.5	1.05e-50	191
m0068	m0335	41.0	1.37e-50	191
m0068	m0173	39.9	1.37e-50	191
m0068	m0250	39.1	3.06e-50	190
m0068	m0278	39.8	3.06e-50	190
m0068	m0116	41.9	5.22e-50	189
m0068	m0337	39.6	5.22e-50	189
m0068	m0387	38.3	8.91e-50	188
m0068	m0161	38.5	1.16e-49	188
m0068	m0071	40.4	1.16e-49	188
m0068	m0165	39.4	2.59e-49	187
m0068	m0079	43.0	3.39e-49	186
m0068	m0107	39.8	3.39e-49	186
m0068	m0393	40.3	4.42e-49	186
m0068	m0330	38.3	5.78e-49	186
m0068	m0323	38.2	5.78e-49	186
m0068	m0185	37.1	5.78e-49	186
m0068	m0245	36.7	5.78e-49	186
m0068	m0317	38.4	7.54e-49	185
m0068	m0408	38.4	9.85e-49	185
m0068	m0181	41.9	1.29e-48	184
m0068	m0164	40.3	1.29e-48	184
m0068	m0114	41.2	1.68e-48	184
m0068	m0136	38.5	1.68e-48	184
m0068	m0327	38.7	1.68e-48	184
m0068	m0091	40.7	2.2e-48	184
m0068	m0319	40.6	2.2e-48	184
m0068	m0099	39.9	2.87e-48	183
m0068	m0218	39.2	2.87e-48	183
m0068	m0338	38.5	3.74e-48	183
m0068	m0177	39.4	3.74e-48	183
m0068	m0345	38.6	4.89e-48	183
m0068	m0240	40.1	6.39e-48	182
m0068	m0363	41.5	6.39e-48	182
m0068	m0406	40.7	6.39e-48	182
m0068	m0160	38.0	8.34e-48	182
m0068	m0256	40.6	8.34e-48	182
m0068	m0216	39.3	8.34e-48	182
m0068	m0405	37.2	1.09e-47	181
m0068	m0269	38.9	1.86e-47	181
m0068	m0191	38.5	2.43e-47	180
m0068	m0208	39.2	3.17e-47	180
m0068	m0321	38.4	3.17e-47	180
m0068	m0127	38.6	3.17e-47	180
m0068	m0096	39.2	3.17e-47	180
m0068	m0348	40.5	4.14e-47	179
m0068	m0349	38.0	4.14e-47	179
m0068	m0332	41.5	5.41e-47	179
m0068	m0378	38.3	5.41e-47	179
m0068	m0282	38.5	7.06e-47	179
m0068	m0157	38.0	9.22e-47	178
m0068	m0284	37.3	9.22e-47	178
m0068	m0295	39.9	1.57e-46	178
m0068	m0166	38.3	1.57e-46	178
m0068	m0230	39.9	3.5e-46	176
m0068	m0212	36.3	4.58e-46	176
m0068	m0371	37.5	4.58e-46	176
m0068	m0217	38.7	4.58e-46	176
m0068	m0286	36.4	1.02e-45	175
m0068	m0369	40.4	1.33e-45	174
m0068	m0229	39.5	1.33e-45	174
m0068	m0297	39.5	1.74e-45	174
m0068	m0207	39.0	2.27e-45	174
m0068	m0105	36.7	2.97e-45	173
m0068	m0133	38.0	3.87e-45	173
m0068	m0172	37.4	8.63e-45	172
m0068	m0175	38.5	4.28e-44	169
m0068	m0141	38.1	7.31e-44	169
m0068	m0246	39.1	9.54e-44	168
m0068	m0261	38.6	9.54e-44	168
m0068	m0219	39.9	9.54e-44	168
m0068	m0186	39.8	2.78e-43	167
m0068	m0275	36.8	6.19e-43	166
m0068	m0130	36.5	3.07e-42	163
m0068	m0140	33.1	7.32e-36	142
m0068	m0163	33.8	1.53e-33	134
m0068	m0289	32.0	1.29e-32	131
m0068	m0342	30.5	6.87e-26	109
m0068	m0231	29.2	1.75e-21	94
m0068	m0293	27.4	2.99e-21	94
m0068	m0359	24.9	2.53e-20	91
m0068	m0188	27.4	9.95e-17	79
m0068	m0268	26.4	1.59e-14	71
m0068	m0276	24.5	3.91e-13	67
m0068	m0221	33.9	2.8e-11	60
m0068	m0340	30.9	0.000149	38
m0068	m0409	35.4	0.000149	38
m0068	m0376	24.8	0.000433	37
m0068	m0180	26.4	0.00126	35
m0068	m0340	26.0	0.00215	34
m0068	m0220	23.0	0.00215	34
m0068	m0099	24.7	0.00817	32
m0068	m0146	24.0	0.0692	29
m0068	m0332	26.1	0.0692	29
m0068	m0280	28.0	0.343	27
m0068	m0363	23.6	0.586	26
m0068	m0131	31.1	0.999	25
m0068	m0226	23.1	1.7	25
m0068	m0321	38.7	1.7	25
m0068	m0155	26.1	4.96	23
m0068	m0346	28.4	6.48	23
m0068	m0151	54.5	8.46	22
m0068	m0407	53.8	8.46	22
m0069	m0072	49.2	2.5e-75	273
m0069	m0200	50.9	1.24e-74	271
m0069	m0402	49.5	4.72e-74	269
m0069	m0196	49.1	8.89e-73	265
m0069	m0299	48.8	2.59e-72	263
m0069	m0158	51.3	4.41e-72	262
m0069	m0368	49.3	8.32e-71	258
m0069	m0365	46.7	1.09e-70	258
m0069	m0137	45.8	1.85e-70	257
m0069	m0089	48.2	4.13e-70	256
m0069	m0306	49.1	5.4e-70	255
m0069	m0236	47.7	7.05e-70	255
m0069	m0390	47.9	9.2e-70	255
m0069	m0264	46.3	9.2e-70	255
m0069	m0126	47.2	1.2e-69	254
m0069	m0273	48.4	2.05e-69	253
m0069	m0336	48.4	4.57e-69	252
m0069	m0314	45.5	5.97e-69	252
m0069	m0086	45.6	1.02e-68	251
m0069	m0380	46.9	3.87e-68	249
m0069	m0237	46.1	6.6e-68	248
m0069	m0233	48.1	6.6e-68	248
m0069	m0235	47.3	8.61e-68	248
m0069	m0076	47.7	1.92e-67	247
m0069	m0101	48.0	2.51e-67	247
m0069	m0377	44.8	2.51e-67	247
m0069	m0169	47.9	3.27e-67	246
m0069	m0249	43.9	1.62e-66	244
m0069	m0106	47.9	1.62e-66	244
m0069	m0232	47.3	2.12e-66	243
m0069	m0190	47.4	2.77e-66	243
m0069	m0171	46.5	3.62e-66	243
m0069	m0328	46.2	4.73e-66	242
m0069	m0394	44.6	4.73e-66	242
m0069	m0331	45.9	1.38e-65	241
m0069	m0398	46.2	5.23e-65	239
m0069	m0144	46.0	1.16e-64	238
m0069	m0125	46.7	1.16e-64	238
m0069	m0234	45.0	2.59e-64	236
m0069	m0134	45.3	4.42e-64	236
m0069	m0073	46.8	1.29e-63	234
m0069	m0316	45.9	2.87e-63	233
m0069	m0100	45.0	4.89e-63	232
m0069	m0309	44.8	7.06e-62	228
m0069	m0388	42.3	9.22e-62	228
m0069	m0294	46.0	2.68e-61	226
m0069	m0112	45.0	1.02e-60	225
m0069	m0305	43.2	1.33e-60	224
m0069	m0382	43.5	2.97e-60	223
m0069	m0372	43.8	1.47e-59	221
m0069	m0351	43.7	1.47e-59	221
m0069	m0195	45.4	4.28e-59	219
m0069	m0343	43.8	5.6e-59	219
m0069	m0070	43.5	4.74e-58	216
m0069	m0400	45.1	1.06e-57	215
m0069	m0311	43.0	1.38e-57	214
m0069	m0087	41.4	1.8e-57	214
m0069	m0342	42.2	4.01e-57	213
m0069	m0332	42.2	4.01e-57	213
m0069	m0162	41.8	6.84e-57	212
m0069	m0230	41.9	8.93e-57	211
m0069	m0254	42.3	1.17e-56	211
m0069	m0393	43.6	3.4e-56	210
m0069	m0152	42.3	3.4e-56	210
m0069	m0096	42.6	5.79e-56	209
m0069	m0345	41.5	7.56e-56	208
m0069	m0208	42.6	9.88e-56	208
m0069	m0323	40.6	9.88e-56	208
m0069	m0378	42.2	1.29e-55	208
m0069	m0278	42.5	1.29e-55	208
m0069	m0194	41.7	2.2e-55	207
m0069	m0164	42.9	3.75e-55	206
m0069	m0292	40.5	4.9e-55	206
m0069	m0312	43.7	4.9e-55	206
m0069	m0247	40.3	6.4e-55	205
m0069	m0218	43.3	6.4e-55	205
m0069	m0166	42.3	8.36e-55	205
m0069	m0370	41.6	8.36e-55	205
m0069	m0256	41.2	1.09e-54	205
m0069	m0406	42.4	1.09e-54	205
m0069	m0363	40.1	1.09e-54	205
m0069	m0121	41.2	1.09e-54	205
m0069	m0348	42.0	1.86e-54	204
m0069	m0160	40.8	1.86e-54	204
m0069	m0250	42.6	2.43e-54	203
m0069	m0114	42.8	3.18e-54	203
m0069	m0335	43.0	3.18e-54	203
m0069	m0099	40.5	4.15e-54	203
m0069	m0136	40.7	5.42e-54	202
m0069	m0251	43.3	7.08e-54	202
m0069	m0093	40.5	7.08e-54	202
m0069	m0408	40.8	7.08e-54	202
m0069	m0080	41.2	1.21e-53	201
m0069	m0178	40.1	1.21e-53	201
m0069	m0321	40.3	1.21e-53	201
m0069	m0127	40.0	1.21e-53	201
m0069	m0123	43.2	1.21e-53	201
m0069	m0240	42.5	1.58e-53	201
m0069	m0197	41.5	2.69e-53	200
m0069	m0147	40.9	3.51e-53	200
m0069	m0187	41.9	3.51e-53	200
m0069	m0349	43.4	4.59e-53	199
m0069	m0133	43.9	4.59e-53	199
m0069	m0097	41.9	4.59e-53	199
m0069	m0191	42.3	5.99e-53	199
m0069	m0295	41.0	7.83e-53	198
m0069	m0185	42.4	7.83e-53	198
m0069	m0364	39.6	1.02e-52	198
m0069	m0104	41.4	1.34e-52	198
m0069	m0341	41.8	1.74e-52	197
m0069	m0157	41.9	1.74e-52	197
m0069	m0141	42.5	1.74e-52	197
m0069	m0179	39.3	2.28e-52	197
m0069	m0296	41.3	2.28e-52	197
m0069	m0327	42.8	2.28e-52	197
m0069	m0217	39.4	2.28e-52	197
m0069	m0282	42.0	2.97e-52	196
m0069	m0170	39.9	2.97e-52	196
m0069	m0269	40.5	3.88e-52	196
m0069	m0283	43.1	3.88e-52	196
m0069	m0082	40.4	5.07e-52	196
m0069	m0383	39.0	5.07e-52	196
m0069	m0161	40.1	6.63e-52	195
m0069	m0077	42.4	8.65e-52	195
m0069	m0410	42.1	1.48e-51	194
m0069	m0176	44.1	1.48e-51	194
m0069	m0354	38.8	1.48e-51	194
m0069	m0216	41.6	2.52e-51	193
m0069	m0172	42.5	2.52e-51	193
m0069	m0330	41.3	2.52e-51	193
m0069	m0337	41.0	3.29e-51	193
m0069	m0079	44.0	4.29e-51	193
m0069	m0239	43.2	7.33e-51	192
m0069	m0177	41.6	7.33e-51	192
m0069	m0338	41.3	9.57e-51	191
m0069	m0385	41.0	1.63e-50	191
m0069	m0405	39.0	1.63e-50	191
m0069	m0186	42.9	2.13e-50	190
m0069	m0280	41.6	3.64e-50	190
m0069	m0175	40.8	4.75e-50	189
m0069	m0181	42.6	4.75e-50	189
m0069	m0319	42.1	4.75e-50	189
m0069	m0266	38.9	6.2e-50	189
m0069	m0105	41.0	6.2e-50	189
m0069	m0261	42.2	8.1e-50	188
m0069	m0397	40.1	8.1e-50	188
m0069	m0297	39.4	1.8e-49	187
m0069	m0091	41.7	1.8e-49	187
m0069	m0356	42.0	1.8e-49	187
m0069	m0246	39.9	2.36e-49	187
m0069	m0098	42.1	2.36e-49	187
m0069	m0116	41.9	4.02e-49	186
m0069	m0286	40.4	4.02e-49	186
m0069	m0229	39.6	5.25e-49	186
m0069	m0201	39.5	5.25e-49	186
m0069	m0387	41.6	6.86e-49	185
m0069	m0317	37.7	3.4e-48	183
m0069	m0207	39.7	5.8e-48	182
m0069	m0071	39.9	5.8e-48	182
m0069	m0245	38.0	1.29e-47	181
m0069	m0219	42.0	1.69e-47	181
m0069	m0274	38.8	1.69e-47	181
m0069	m0334	38.4	3.76e-47	179
m0069	m0130	39.1	6.01e-45	172
m0069	m0074	36.8	1.48e-43	168
m0069	m0212	39.7	1.93e-43	167
m0069	m0107	39.1	8.12e-42	162
m0069	m0168	37.4	1.06e-41	161
m0069	m0284	39.2	1.38e-41	161
m0069	m0173	36.7	1.17e-40	158
m0069	m0165	36.2	1.53e-40	158
m0069	m0371	34.9	1.48e-35	141
m0069	m0369	32.9	2.46e-22	97
m0069	m0275	29.3	3.21e-22	97
m0069	m0289	29.4	7.15e-22	96
m0069	m0359	31.0	3e-20	90
m0069	m0140	26.5	1.26e-18	85
m0069	m0163	26.3	8.18e-18	82
m0069	m0293	30.2	1.07e-17	82
m0069	m0276	26.0	2.63e-16	77
m0069	m0231	27.4	1.7e-15	74
m0069	m0396	27.9	3.55e-13	67
m0069	m0279	34.8	7.92e-13	65
m0069	m0124	27.0	3.33e-11	60
m0069	m0188	26.1	1.65e-10	58
m0069	m0268	29.6	1.31e-07	48
m0069	m0267	23.3	2.23e-07	47
m0069	m0221	23.4	6.49e-07	46
m0069	m0307	26.7	1.45e-06	45
m0069	m0221	29.1	1.89e-06	44
m0069	m0139	25.6	1.89e-06	44
m0069	m0339	32.2	1.22e-05	42
m0069	m0220	24.6	3.56e-05	40
m0069	m0376	27.3	0.000302	37
m0069	m0409	30.0	0.00195	34
m0069	m0340	30.2	0.00255	34
m0069	m0399	25.6	0.00435	33
m0069	m0180	27.7	0.00743	32
m0069	m0257	26.8	0.0127	32
m0069	m0146	24.5	0.0369	30
m0069	m0340	26.9	0.0629	29
m0069	m0367	32.7	0.408	27
m0069	m0214	29.5	0.532	26
m0069	m0324	25.2	3.45	23
m0069	m0147	29.3	7.69	22
m0069	m0297	26.3	7.69	22
m0069	m0151	56.2	7.69	22
m0070	m0311	85.8	4.82e-157	545
m0070	m0351	82.9	1.15e-150	523
m0070	m0292	78.3	1.61e-136	476
m0070	m0179	73.7	3.15e-132	462
m0070	m0098	71.6	3.05e-127	446
m0070	m0410	68.0	1.08e-124	437
m0070	m0383	61.1	1.2e-107	381
m0070	m0356	56.5	2.77e-104	369
m0070	m0251	58.8	3.75e-101	359
m0070	m0082	55.4	6.62e-98	348
m0070	m0187	55.0	3.29e-97	346
m0070	m0312	59.8	4.29e-97	346
m0070	m0170	55.3	1.38e-95	341
m0070	m0197	53.1	4.02e-95	339
m0070	m0178	52.7	1.69e-93	334
m0070	m0147	53.2	1.38e-87	314
m0070	m0247	49.3	9.28e-84	301
m0070	m0104	50.8	2.53e-81	293
m0070	m0196	53.6	7.61e-78	282
m0070	m0354	49.5	7.61e-78	282
m0070	m0249	48.0	9.94e-78	281
m0070	m0382	49.0	9.94e-78	281
m0070	m0402	50.3	4.93e-77	279
m0070	m0266	48.5	1.59e-75	274
m0070	m0126	49.0	2.07e-75	273
m0070	m0306	50.9	4.62e-75	272
m0070	m0077	47.0	1.03e-74	271
m0070	m0235	50.0	2.29e-74	270
m0070	m0314	47.2	1.14e-73	268
m0070	m0190	51.9	1.14e-73	268
m0070	m0273	50.0	1.49e-73	267
m0070	m0331	49.7	2.53e-73	267
m0070	m0232	46.8	1.26e-72	264
m0070	m0264	46.2	1.26e-72	264
m0070	m0171	50.6	4.78e-72	262
m0070	m0086	46.7	4.78e-72	262
m0070	m0299	50.9	4.78e-72	262
m0070	m0234	46.8	8.15e-72	262
m0070	m0328	49.8	1.39e-71	261
m0070	m0385	44.1	2.37e-71	260
m0070	m0123	50.0	3.1e-71	260
m0070	m0134	47.1	4.04e-71	259
m0070	m0112	50.4	2.62e-70	257
m0070	m0336	46.3	3.42e-70	256
m0070	m0194	47.9	1.7e-69	254
m0070	m0377	45.3	2.9e-69	253
m0070	m0380	47.4	3.79e-69	253
m0070	m0125	49.8	6.46e-69	252
m0070	m0388	44.1	6.46e-69	252
m0070	m0390	45.7	8.43e-69	252
m0070	m0316	46.8	1.1e-68	251
m0070	m0080	50.2	2.45e-68	250
m0070	m0106	46.6	9.32e-68	248
m0070	m0398	47.2	3.54e-67	246
m0070	m0394	42.0	1.35e-66	244
m0070	m0144	48.3	3.92e-66	243
m0070	m0158	46.6	3.92e-66	243
m0070	m0152	44.0	8.73e-66	242
m0070	m0169	44.7	1.49e-65	241
m0070	m0089	45.5	3.32e-65	240
m0070	m0236	45.0	7.39e-65	238
m0070	m0168	45.6	2.15e-64	237
m0070	m0200	43.7	2.81e-64	236
m0070	m0237	44.0	6.25e-64	235
m0070	m0233	43.4	1.07e-63	235
m0070	m0072	42.2	2.63e-62	230
m0070	m0137	41.9	4.48e-62	229
m0070	m0309	41.8	2.91e-61	226
m0070	m0305	41.9	6.47e-61	225
m0070	m0364	41.8	1.88e-60	224
m0070	m0334	46.5	3.21e-60	223
m0070	m0372	41.4	4.19e-60	223
m0070	m0365	41.2	5.48e-60	222
m0070	m0368	41.8	5.48e-60	222
m0070	m0341	46.2	1.22e-59	221
m0070	m0254	43.1	2.3e-58	217
m0070	m0101	42.3	3.93e-58	216
m0070	m0100	41.0	6.7e-58	215
m0070	m0195	38.9	1.95e-57	214
m0070	m0087	39.7	2.54e-57	213
m0070	m0294	42.4	3.32e-57	213
m0070	m0093	40.2	4.34e-57	213
m0070	m0343	41.6	1.65e-56	211
m0070	m0274	42.1	2.81e-56	210
m0070	m0074	41.9	4.06e-55	206
m0070	m0121	42.0	9.05e-55	205
m0070	m0161	41.5	2.63e-54	203
m0070	m0076	41.8	7.66e-54	202
m0070	m0185	41.6	1.31e-53	201
m0070	m0245	38.7	1.71e-53	201
m0070	m0162	38.6	1.45e-52	198
m0070	m0284	43.4	3.22e-52	196
m0070	m0201	41.3	5.49e-52	196
m0070	m0397	40.5	7.17e-52	195
m0070	m0073	39.7	1.04e-50	191
m0070	m0400	41.9	1.04e-50	191
m0070	m0173	41.7	1.77e-50	191
m0070	m0165	40.1	1.77e-50	191
m0070	m0408	39.5	5.14e-50	189
m0070	m0283	39.1	5.14e-50	189
m0070	m0387	40.3	8.77e-50	188
m0070	m0323	41.4	1.15e-49	188
m0070	m0107	39.9	1.15e-49	188
m0070	m0348	39.0	1.5e-49	188
m0070	m0269	40.4	3.33e-49	186
m0070	m0338	41.2	5.68e-49	186
m0070	m0164	39.6	5.68e-49	186
m0070	m0296	40.2	5.68e-49	186
m0070	m0127	39.4	5.68e-49	186
m0070	m0342	38.5	9.69e-49	185
m0070	m0099	38.6	1.27e-48	184
m0070	m0096	37.8	2.82e-48	183
m0070	m0160	37.8	3.68e-48	183
m0070	m0393	38.2	4.81e-48	183
m0070	m0256	38.2	6.28e-48	182
m0070	m0105	39.2	8.21e-48	182
m0070	m0114	38.3	8.21e-48	182
m0070	m0278	38.4	1.07e-47	181
m0070	m0208	38.7	1.07e-47	181
m0070	m0218	38.5	1.4e-47	181
m0070	m0136	39.4	1.4e-47	181
m0070	m0363	38.2	1.83e-47	181
m0070	m0297	38.9	3.12e-47	180
m0070	m0071	38.1	3.12e-47	180
m0070	m0345	37.3	6.95e-47	179
m0070	m0230	37.3	6.95e-47	179
m0070	m0337	37.9	6.95e-47	179
m0070	m0371	36.5	6.95e-47	179
m0070	m0286	36.7	6.95e-47	179
m0070	m0405	38.0	9.07e-47	178
m0070	m0212	39.1	1.18e-46	178
m0070	m0370	37.5	1.18e-46	178
m0070	m0321	37.3	1.55e-46	178
m0070	m0317	37.1	2.02e-46	177
m0070	m0216	39.3	2.64e-46	177
m0070	m0261	39.3	3.45e-46	176
m0070	m0097	38.3	3.45e-46	176
m0070	m0191	38.0	5.88e-46	176
m0070	m0176	38.2	5.88e-46	176
m0070	m0332	37.7	5.88e-46	176
m0070	m0091	38.0	5.88e-46	176
m0070	m0335	37.9	1.31e-45	174
m0070	m0116	38.8	1.31e-45	174
m0070	m0378	36.9	1.31e-45	174
m0070	m0250	38.3	3.81e-45	173
m0070	m0181	41.5	4.98e-45	173
m0070	m0319	39.3	4.98e-45	173
m0070	m0133	38.8	6.5e-45	172
m0070	m0130	39.6	8.49e-45	172
m0070	m0282	38.0	1.45e-44	171
m0070	m0186	40.0	1.45e-44	171
m0070	m0217	36.5	1.45e-44	171
m0070	m0207	39.0	2.47e-44	170
m0070	m0280	36.7	3.23e-44	170
m0070	m0229	37.9	7.19e-44	169
m0070	m0327	38.9	7.19e-44	169
m0070	m0166	37.5	7.19e-44	169
m0070	m0369	39.3	7.19e-44	169
m0070	m0275	35.4	9.39e-44	168
m0070	m0349	35.2	9.39e-44	168
m0070	m0330	36.9	1.23e-43	168
m0070	m0239	36.4	1.6e-43	168
m0070	m0219	38.1	2.73e-43	167
m0070	m0406	37.7	3.57e-43	166
m0070	m0177	37.2	4.66e-43	166
m0070	m0141	38.5	7.95e-43	165
m0070	m0246	38.4	1.04e-42	165
m0070	m0295	38.4	1.36e-42	164
m0070	m0175	37.7	1.77e-42	164
m0070	m0079	39.7	2.31e-42	164
m0070	m0157	36.6	3.02e-42	163
m0070	m0240	38.1	3.94e-42	163
m0070	m0172	37.2	3.34e-41	160
m0070	m0140	32.4	5.52e-36	143
m0070	m0289	31.4	1.23e-35	141
m0070	m0163	31.6	1.77e-34	138
m0070	m0293	28.2	1.41e-23	101
m0070	m0359	26.0	5.01e-21	93
m0070	m0231	29.7	4.39e-17	80
m0070	m0188	26.6	7.49e-17	79
m0070	m0268	30.7	4.11e-15	73
m0070	m0276	24.8	5.37e-15	73
m0070	m0221	35.7	2.49e-12	64
m0070	m0376	30.1	3.86e-05	40
m0070	m0180	27.9	3.86e-05	40
m0070	m0220	24.0	3.86e-05	40
m0070	m0340	32.9	5.04e-05	40
m0070	m0409	24.8	0.000147	38
m0070	m0340	27.5	0.00124	35
m0070	m0221	22.7	0.0105	32
m0070	m0156	20.1	0.152	28
m0070	m0132	31.7	0.259	27
m0070	m0155	32.8	0.441	27
m0070	m0114	25.0	1.28	25
m0070	m0191	30.5	2.19	24
m0071	m0176	68.1	3.6e-158	549
m0071	m0400	63.0	5.96e-153	532
m0071	m0114	64.4	5.96e-153	532
m0071	m0330	62.9	1.62e-150	523
m0071	m0166	62.0	2.77e-150	523
m0071	m0191	61.9	1.98e-148	517
m0071	m0282	61.7	2.59e-148	516
m0071	m0133	61.4	7.53e-148	515
m0071	m0261	60.9	1.86e-146	510
m0071	m0317	53.7	3.52e-129	453
m0071	m0250	55.5	6.63e-128	448
m0071	m0172	54.5	8.66e-128	448
m0071	m0327	72.8	3.29e-127	446
m0071	m0186	55.6	2e-124	437
m0071	m0127	53.4	3.76e-123	433
m0071	m0335	71.7	7.1e-122	428
m0071	m0216	65.3	1.13e-119	421
m0071	m0296	71.7	1.25e-118	418
m0071	m0337	55.4	3.65e-118	416
m0071	m0229	56.5	8.98e-117	411
m0071	m0239	69.5	5.82e-116	409
m0071	m0283	53.5	1.3e-115	408
m0071	m0297	52.6	1.69e-115	407
m0071	m0219	57.4	2.21e-115	407
m0071	m0278	54.0	2.89e-115	406
m0071	m0097	51.6	3.31e-111	393
m0071	m0280	55.9	4.32e-111	393
m0071	m0349	53.6	9.62e-111	391
m0071	m0332	51.8	9.62e-111	391
m0071	m0218	50.5	4.77e-110	389
m0071	m0177	52.8	6.23e-110	389
m0071	m0370	65.9	8.14e-110	388
m0071	m0091	65.3	2.37e-109	387
m0071	m0099	51.7	3.09e-109	386
m0071	m0393	51.9	4.04e-109	386
m0071	m0348	51.7	5.28e-109	386
m0071	m0342	50.9	5.28e-109	386
m0071	m0256	50.2	2.01e-108	384
m0071	m0208	62.0	5.84e-108	382
m0071	m0217	51.7	5.84e-108	382
m0071	m0096	50.2	2.22e-107	380
m0071	m0321	50.6	1.1e-106	378
m0071	m0345	52.1	1.44e-106	377
m0071	m0160	49.8	3.2e-106	376
m0071	m0185	48.0	7.13e-106	375
m0071	m0378	50.4	2.71e-105	373
m0071	m0363	49.2	1.35e-104	371
m0071	m0164	49.8	2.29e-104	370
m0071	m0116	50.9	1.14e-103	368
m0071	m0157	50.9	1.94e-103	367
m0071	m0079	67.4	2.54e-103	367
m0071	m0141	51.2	3.31e-103	366
m0071	m0240	51.3	4.33e-103	366
m0071	m0230	48.9	5.65e-103	366
m0071	m0181	52.6	5.65e-103	366
m0071	m0246	48.9	1.39e-101	361
m0071	m0319	50.4	1.82e-101	361
m0071	m0295	49.4	9.02e-101	358
m0071	m0175	48.0	6.05e-97	346
m0071	m0323	59.6	1.82e-93	334
m0071	m0406	59.1	9.04e-93	332
m0071	m0397	44.4	3.8e-91	326
m0071	m0161	44.5	1.11e-90	325
m0071	m0201	46.0	1.89e-90	324
m0071	m0269	57.4	4.2e-90	323
m0071	m0136	56.5	6.07e-89	319
m0071	m0405	51.6	3.33e-87	313
m0071	m0338	55.0	3.68e-86	310
m0071	m0207	51.1	8.49e-83	299
m0071	m0402	51.7	5.33e-77	279
m0071	m0125	53.3	2.02e-76	277
m0071	m0331	51.2	4.22e-74	270
m0071	m0106	50.9	2.74e-73	267
m0071	m0235	49.3	1.36e-72	265
m0071	m0232	49.0	3.02e-72	263
m0071	m0390	49.1	6.74e-72	262
m0071	m0299	48.4	6.74e-72	262
m0071	m0089	48.6	1.5e-71	261
m0071	m0249	48.4	8.24e-70	255
m0071	m0368	48.1	8.24e-70	255
m0071	m0394	46.7	1.41e-69	255
m0071	m0158	47.6	1.41e-69	255
m0071	m0137	49.8	2.4e-69	254
m0071	m0273	48.3	4.09e-69	253
m0071	m0237	49.0	4.09e-69	253
m0071	m0236	47.6	4.09e-69	253
m0071	m0169	47.5	5.34e-69	253
m0071	m0336	48.8	2.03e-68	251
m0071	m0316	47.9	2.03e-68	251
m0071	m0380	48.6	3.46e-68	250
m0071	m0306	47.4	5.9e-68	249
m0071	m0196	46.3	1.32e-67	248
m0071	m0072	47.2	2.24e-67	247
m0071	m0144	48.8	5e-67	246
m0071	m0233	44.7	8.52e-67	245
m0071	m0200	44.2	1.11e-66	245
m0071	m0100	47.3	1.9e-66	244
m0071	m0264	43.7	9.43e-66	242
m0071	m0134	45.9	1.61e-65	241
m0071	m0171	47.0	4.68e-65	240
m0071	m0343	48.3	6.11e-65	239
m0071	m0195	46.9	7.98e-65	239
m0071	m0234	43.9	1.36e-64	238
m0071	m0101	44.2	6.75e-64	236
m0071	m0274	45.3	3.35e-63	233
m0071	m0377	46.7	3.35e-63	233
m0071	m0365	44.2	9.75e-63	232
m0071	m0398	45.9	1.27e-62	231
m0071	m0309	44.5	6.32e-62	229
m0071	m0073	43.7	8.26e-62	229
m0071	m0294	46.6	1.84e-61	228
m0071	m0388	45.5	4.1e-61	226
m0071	m0126	44.8	9.13e-61	225
m0071	m0190	44.5	2.66e-60	224
m0071	m0305	43.3	4.53e-60	223
m0071	m0076	43.4	5.92e-60	223
m0071	m0372	43.1	1.32e-59	221
m0071	m0382	46.3	3.84e-59	220
m0071	m0087	41.9	1.12e-58	218
m0071	m0086	42.5	7.23e-58	216
m0071	m0247	44.1	1.23e-57	215
m0071	m0314	40.9	4.69e-57	213
m0071	m0254	43.0	1.04e-56	212
m0071	m0112	42.1	3.97e-56	210
m0071	m0093	41.2	1.51e-55	208
m0071	m0152	41.3	1.97e-55	208
m0071	m0328	42.6	2.57e-55	207
m0071	m0123	42.3	6.34e-54	203
m0071	m0266	41.6	1.2e-52	198
m0071	m0354	41.3	1.56e-52	198
m0071	m0121	39.5	5.93e-52	196
m0071	m0104	40.3	5.93e-52	196
m0071	m0147	41.0	1.73e-51	195
m0071	m0292	39.9	2.25e-51	194
m0071	m0364	39.6	1.46e-50	191
m0071	m0385	42.0	3.25e-50	190
m0071	m0351	38.9	9.47e-50	189
m0071	m0408	39.5	1.62e-49	188
m0071	m0410	41.7	3.6e-49	187
m0071	m0187	40.3	6.14e-49	186
m0071	m0311	39.1	1.79e-48	184
m0071	m0194	40.4	2.33e-48	184
m0071	m0178	39.4	3.98e-48	183
m0071	m0383	36.6	1.97e-47	181
m0071	m0179	37.6	2.58e-47	181
m0071	m0170	38.9	2.58e-47	181
m0071	m0212	39.5	4.4e-47	180
m0071	m0356	39.9	5.74e-47	179
m0071	m0341	37.5	5.74e-47	179
m0071	m0245	36.6	7.5e-47	179
m0071	m0082	38.4	6.35e-46	176
m0071	m0387	39.1	8.3e-46	176
m0071	m0334	39.8	1.41e-45	175
m0071	m0080	40.3	1.85e-45	174
m0071	m0197	36.5	4.12e-45	173
m0071	m0077	38.0	5.38e-45	173
m0071	m0251	38.4	9.17e-45	172
m0071	m0107	39.6	2.67e-44	171
m0071	m0284	41.1	3.49e-44	170
m0071	m0312	37.6	3.49e-44	170
m0071	m0286	37.1	1.01e-43	169
m0071	m0098	35.7	2.26e-43	168
m0071	m0105	36.1	2.95e-43	167
m0071	m0165	38.8	3.85e-43	167
m0071	m0162	37.5	2.5e-42	164
m0071	m0074	35.9	5.56e-42	163
m0071	m0130	37.3	2.11e-41	161
m0071	m0173	34.4	5.76e-39	153
m0071	m0168	36.3	3.86e-35	140
m0071	m0371	32.6	9.51e-34	136
m0071	m0275	35.1	2.12e-33	134
m0071	m0369	32.9	2.86e-30	124
m0071	m0140	28.3	2.77e-25	107
m0071	m0289	29.2	4.73e-25	107
m0071	m0163	28.7	8.07e-25	106
m0071	m0293	28.0	7.82e-20	89
m0071	m0279	32.2	2.78e-17	81
m0071	m0276	26.5	8.09e-17	79
m0071	m0359	24.8	4.02e-16	77
m0071	m0396	28.2	4.44e-15	74
m0071	m0231	26.8	6.41e-14	70
m0071	m0188	27.4	3.18e-13	67
m0071	m0267	24.3	5.08e-11	60
m0071	m0124	23.0	1.38e-08	52
m0071	m0268	24.7	1.53e-07	49
m0071	m0146	22.2	6.43e-06	43
m0071	m0146	31.5	1.43e-05	42
m0071	m0409	30.2	1.87e-05	42
m0071	m0324	26.0	0.000785	36
m0071	m0376	25.7	0.00229	35
m0071	m0340	26.6	0.0253	31
m0071	m0221	24.8	0.033	31
m0071	m0149	24.2	0.0563	30
m0071	m0307	23.0	0.096	29
m0071	m0143	26.1	0.096	29
m0071	m0375	26.4	0.125	29
m0071	m0284	25.9	0.164	28
m0071	m0156	27.4	0.164	28
m0071	m0102	20.4	0.214	28
m0071	m0132	26.1	0.477	27
m0071	m0102	40.0	0.477	27
m0071	m0180	24.6	0.622	27
m0071	m0339	33.3	0.813	26
m0071	m0257	24.6	1.06	26
m0071	m0110	28.6	2.37	25
m0071	m0202	57.1	3.09	24
m0071	m0288	26.6	3.09	24
m0071	m0122	32.6	5.27	23
m0071	m0394	24.7	6.88	23
m0072	m0200	71.9	1.71e-133	466
m0072	m0158	58.9	3.47e-102	362
m0072	m0368	56.1	2.66e-94	336
m0072	m0390	55.5	5.93e-94	335
m0072	m0306	59.0	1.32e-93	334
m0072	m0380	59.7	5.02e-93	332
m0072	m0365	59.7	3.26e-92	329
m0072	m0196	55.5	7.25e-92	328
m0072	m0402	54.4	1.05e-90	324
m0072	m0331	57.3	5.75e-89	319
m0072	m0249	54.6	5.75e-89	319
m0072	m0336	56.1	2.85e-88	316
m0072	m0236	55.5	8.3e-88	315
m0072	m0106	54.8	1.85e-87	314
m0072	m0235	54.6	5.38e-87	312
m0072	m0237	54.5	7.03e-87	312
m0072	m0234	53.7	9.18e-87	311
m0072	m0299	52.8	9.18e-87	311
m0072	m0273	54.4	1.57e-86	310
m0072	m0232	53.6	3.49e-86	309
m0072	m0137	53.0	7.77e-86	308
m0072	m0125	56.6	1.01e-85	308
m0072	m0144	57.2	6.58e-85	305
m0072	m0171	56.5	8.59e-85	305
m0072	m0377	55.7	9.5e-84	301
m0072	m0305	54.0	2.12e-83	300
m0072	m0169	54.3	2.76e-83	300
m0072	m0233	51.8	6.15e-83	299
m0072	m0126	53.2	2.34e-82	297
m0072	m0076	52.6	3.99e-82	296
m0072	m0089	50.9	3.99e-82	296
m0072	m0101	47.7	5.21e-82	295
m0072	m0134	53.0	6.81e-82	295
m0072	m0309	49.5	8.89e-82	295
m0072	m0100	52.1	5.76e-81	292
m0072	m0264	49.8	1.68e-80	290
m0072	m0316	47.7	1.68e-80	290
m0072	m0398	53.1	3.73e-80	289
m0072	m0190	55.6	1.09e-79	288
m0072	m0394	50.0	1.42e-79	287
m0072	m0388	48.4	3.16e-79	286
m0072	m0343	49.0	5.39e-79	285
m0072	m0093	48.7	7.04e-79	285
m0072	m0372	52.0	1.02e-77	281
m0072	m0294	48.2	1.47e-76	277
m0072	m0323	48.9	9.52e-76	275
m0072	m0086	48.8	1.24e-75	274
m0072	m0073	47.0	1.62e-75	274
m0072	m0127	49.0	1.79e-74	270
m0072	m0269	50.9	1.16e-73	268
m0072	m0314	46.1	2.59e-73	267
m0072	m0185	48.7	2.59e-73	267
m0072	m0328	49.8	4.42e-73	266
m0072	m0338	49.5	1.09e-71	261
m0072	m0261	50.4	2.43e-71	260
m0072	m0087	45.8	4.14e-71	259
m0072	m0191	50.9	7.06e-71	258
m0072	m0250	51.2	2.05e-70	257
m0072	m0335	48.5	7.8e-70	255
m0072	m0297	47.8	1.33e-69	254
m0072	m0186	49.1	1.33e-69	254
m0072	m0349	47.2	1.74e-69	254
m0072	m0195	44.9	1.74e-69	254
m0072	m0382	48.1	2.97e-69	253
m0072	m0393	47.0	3.87e-69	253
m0072	m0364	47.9	3.87e-69	253
m0072	m0296	45.6	5.06e-69	252
m0072	m0176	45.8	6.61e-69	252
m0072	m0239	48.2	6.61e-69	252
m0072	m0152	45.8	6.61e-69	252
m0072	m0283	46.6	6.61e-69	252
m0072	m0121	46.2	8.63e-69	252
m0072	m0330	47.4	1.13e-68	251
m0072	m0348	49.0	1.47e-68	251
m0072	m0218	48.8	1.92e-68	250
m0072	m0161	49.5	2.51e-68	250
m0072	m0332	47.5	4.28e-68	249
m0072	m0160	46.7	4.28e-68	249
m0072	m0216	47.2	5.59e-68	249
m0072	m0247	44.7	5.59e-68	249
m0072	m0397	47.8	5.59e-68	249
m0072	m0097	47.0	7.3e-68	248
m0072	m0157	49.3	7.3e-68	248
m0072	m0278	45.1	7.3e-68	248
m0072	m0254	45.0	9.54e-68	248
m0072	m0177	49.5	9.54e-68	248
m0072	m0274	47.5	1.25e-67	248
m0072	m0363	49.0	1.63e-67	247
m0072	m0342	46.7	2.13e-67	247
m0072	m0337	45.0	2.78e-67	247
m0072	m0229	48.1	3.63e-67	246
m0072	m0116	46.9	3.63e-67	246
m0072	m0282	49.6	4.73e-67	246
m0072	m0345	46.8	4.73e-67	246
m0072	m0230	46.9	4.73e-67	246
m0072	m0321	47.7	6.18e-67	245
m0072	m0136	44.9	8.08e-67	245
m0072	m0327	46.8	1.05e-66	245
m0072	m0099	47.7	1.05e-66	245
m0072	m0208	47.0	1.38e-66	244
m0072	m0164	46.9	1.38e-66	244
m0072	m0240	47.7	2.35e-66	243
m0072	m0166	47.6	2.35e-66	243
m0072	m0378	47.3	2.35e-66	243
m0072	m0091	45.4	4.01e-66	243
m0072	m0280	46.2	4.01e-66	243
m0072	m0319	48.7	5.23e-66	242
m0072	m0295	47.4	5.23e-66	242
m0072	m0406	46.3	6.84e-66	242
m0072	m0256	45.4	6.84e-66	242
m0072	m0133	48.4	8.93e-66	242
m0072	m0096	46.1	8.93e-66	242
m0072	m0219	48.6	2.6e-65	240
m0072	m0217	47.2	2.6e-65	240
m0072	m0400	47.7	4.43e-65	239
m0072	m0246	47.9	4.43e-65	239
m0072	m0172	47.3	1.29e-64	238
m0072	m0181	47.6	3.75e-64	236
m0072	m0317	46.3	6.4e-64	235
m0072	m0079	49.4	6.4e-64	235
m0072	m0405	46.7	1.09e-63	235
m0072	m0370	44.9	2.43e-63	233
m0072	m0201	46.8	2.43e-63	233
m0072	m0141	44.3	2.43e-63	233
m0072	m0147	42.0	3.18e-63	233
m0072	m0207	44.4	1.21e-62	231
m0072	m0114	45.1	2.06e-62	230
m0072	m0175	44.2	4.59e-62	229
m0072	m0266	41.6	1.02e-61	228
m0072	m0341	45.3	2.97e-61	226
m0072	m0408	45.9	5.07e-61	226
m0072	m0334	42.7	5.07e-61	226
m0072	m0351	41.6	6.62e-61	225
m0072	m0311	42.9	3.29e-60	223
m0072	m0410	41.1	3.29e-60	223
m0072	m0112	43.8	3.29e-60	223
m0072	m0251	43.9	4.29e-60	223
m0072	m0354	43.1	5.61e-60	222
m0072	m0292	40.3	9.56e-60	221
m0072	m0104	42.5	1.63e-59	221
m0072	m0123	45.2	3.63e-59	220
m0072	m0179	39.1	4.75e-59	219
m0072	m0162	41.2	4.75e-59	219
m0072	m0312	41.5	3.08e-58	216
m0072	m0170	40.2	4.02e-58	216
m0072	m0178	41.4	5.25e-58	216
m0072	m0187	41.0	5.25e-58	216
m0072	m0383	39.3	8.95e-58	215
m0072	m0356	40.4	7.58e-57	212
m0072	m0194	44.9	1.29e-56	211
m0072	m0077	41.0	3.76e-56	210
m0072	m0080	43.2	1.09e-55	208
m0072	m0082	38.1	3.18e-55	206
m0072	m0098	38.5	5.43e-55	206
m0072	m0197	38.7	6e-54	202
m0072	m0385	38.8	2.28e-53	200
m0072	m0105	41.2	3.89e-53	200
m0072	m0284	45.7	3.89e-53	200
m0072	m0387	41.4	5.08e-53	199
m0072	m0212	42.3	3.29e-52	196
m0072	m0165	41.7	3.29e-52	196
m0072	m0074	41.7	4.3e-52	196
m0072	m0107	42.6	5.62e-52	196
m0072	m0245	41.2	7.34e-52	195
m0072	m0173	39.4	9.58e-52	195
m0072	m0286	41.7	2e-49	187
m0072	m0168	37.2	8.4e-48	182
m0072	m0130	41.4	3.53e-46	176
m0072	m0371	30.8	5.84e-33	132
m0072	m0275	31.9	4.95e-32	129
m0072	m0369	32.0	8.73e-29	119
m0072	m0289	29.9	2.81e-27	114
m0072	m0163	25.9	3.55e-22	97
m0072	m0140	24.4	5.13e-21	93
m0072	m0293	27.8	1.14e-20	92
m0072	m0276	27.8	3.11e-18	84
m0072	m0231	27.9	1.18e-17	82
m0072	m0359	27.2	1.18e-17	82
m0072	m0279	27.0	6.71e-13	66
m0072	m0188	25.3	7.42e-12	62
m0072	m0396	27.0	2.82e-11	60
m0072	m0267	24.3	8.21e-11	59
m0072	m0268	26.4	1.71e-08	51
m0072	m0124	23.6	2.24e-08	51
m0072	m0221	27.7	2.09e-06	44
m0072	m0340	32.4	3.95e-05	40
m0072	m0307	26.2	0.000115	39
m0072	m0291	30.3	0.00127	35
m0072	m0409	26.6	0.00482	33
m0072	m0339	32.3	0.00823	32
m0072	m0340	26.9	0.00823	32
m0072	m0257	29.6	0.0183	31
m0072	m0201	31.6	0.119	28
m0072	m0376	25.3	0.155	28
m0072	m0220	25.6	0.155	28
m0072	m0180	21.8	0.203	28
m0072	m0192	28.3	0.346	27
m0072	m0110	46.2	0.346	27
m0072	m0225	32.4	0.451	27
m0072	m0324	28.3	0.59	26
m0072	m0146	23.9	0.59	26
m0072	m0403	34.1	3.82	23
m0072	m0151	40.0	3.82	23
m0072	m0122	57.9	3.82	23
m0072	m0243	23.4	4.99	23
m0072	m0099	32.1	4.99	23
m0072	m0345	25.0	4.99	23
m0072	m0102	29.4	8.51	22
m0072	m0281	40.0	8.51	22
m0073	m0087	56.7	1.02e-92	331
m0073	m0343	57.7	3.39e-88	316
m0073	m0100	56.1	4.89e-87	312
m0073	m0402	55.1	3.88e-84	302
m0073	m0336	56.1	6.61e-84	302
m0073	m0195	53.5	6.61e-84	302
m0073	m0299	53.2	7.56e-80	288
m0073	m0264	53.8	9.88e-80	288
m0073	m0171	53.0	9.88e-80	288
m0073	m0106	52.5	1.69e-79	287
m0073	m0125	53.3	2.87e-79	286
m0073	m0237	52.1	8.36e-79	285
m0073	m0236	51.6	8.36e-79	285
m0073	m0158	53.1	1.09e-78	284
m0073	m0390	52.5	1.43e-78	284
m0073	m0089	52.3	5.42e-78	282
m0073	m0380	52.9	1.58e-77	280
m0073	m0134	50.4	1.58e-77	280
m0073	m0232	52.7	1.58e-77	280
m0073	m0196	53.0	4.59e-77	279
m0073	m0235	51.6	1.02e-76	278
m0073	m0316	50.4	1.02e-76	278
m0073	m0331	50.7	5.07e-76	275
m0073	m0377	52.0	1.13e-75	274
m0073	m0249	50.5	1.48e-75	274
m0073	m0273	50.0	1.63e-74	270
m0073	m0394	49.5	2.78e-74	270
m0073	m0306	50.4	8.1e-74	268
m0073	m0086	50.0	1.06e-73	268
m0073	m0382	48.6	1.38e-73	267
m0073	m0200	48.9	1.38e-73	267
m0073	m0137	50.2	1.8e-73	267
m0073	m0234	49.5	4.02e-73	266
m0073	m0388	51.3	1.53e-72	264
m0073	m0328	51.3	2.61e-72	263
m0073	m0190	51.2	3.4e-72	263
m0073	m0144	50.6	3.4e-72	263
m0073	m0365	48.2	4.45e-72	262
m0073	m0314	47.6	5.81e-72	262
m0073	m0101	47.1	1.29e-71	261
m0073	m0152	48.6	1.09e-70	258
m0073	m0169	46.3	1.87e-70	257
m0073	m0076	46.7	5.43e-70	255
m0073	m0254	49.5	5.43e-70	255
m0073	m0294	50.2	7.1e-70	255
m0073	m0372	47.7	3.52e-69	253
m0073	m0309	46.0	1.75e-68	250
m0073	m0398	51.2	1.75e-68	250
m0073	m0126	46.3	1.48e-67	247
m0073	m0305	46.4	1.93e-67	247
m0073	m0233	45.8	1.93e-67	247
m0073	m0093	46.4	3.3e-67	246
m0073	m0296	47.7	4.31e-67	246
m0073	m0230	47.9	5.62e-67	245
m0073	m0332	47.2	7.34e-67	245
m0073	m0345	46.8	9.59e-67	245
m0073	m0261	47.5	9.59e-67	245
m0073	m0400	47.9	1.25e-66	244
m0073	m0166	47.0	1.64e-66	244
m0073	m0378	47.5	1.64e-66	244
m0073	m0368	47.4	2.14e-66	243
m0073	m0136	46.6	2.14e-66	243
m0073	m0393	47.2	4.76e-66	242
m0073	m0164	47.7	8.12e-66	242
m0073	m0342	46.5	1.06e-65	241
m0073	m0338	46.6	1.06e-65	241
m0073	m0185	46.4	1.39e-65	241
m0073	m0217	46.8	2.36e-65	240
m0073	m0349	47.9	3.09e-65	240
m0073	m0127	45.5	5.26e-65	239
m0073	m0256	45.8	6.87e-65	238
m0073	m0363	46.1	8.98e-65	238
m0073	m0114	47.2	8.98e-65	238
m0073	m0327	47.0	8.98e-65	238
m0073	m0250	47.3	8.98e-65	238
m0073	m0099	46.5	1.53e-64	237
m0073	m0096	46.1	2.61e-64	236
m0073	m0186	47.2	2.61e-64	236
m0073	m0160	45.4	3.41e-64	236
m0073	m0191	46.6	4.46e-64	236
m0073	m0218	46.1	5.82e-64	235
m0073	m0208	46.2	5.82e-64	235
m0073	m0176	45.5	5.82e-64	235
m0073	m0323	44.4	7.6e-64	235
m0073	m0112	45.0	7.6e-64	235
m0073	m0239	46.9	9.93e-64	235
m0073	m0216	46.2	1.3e-63	234
m0073	m0133	45.8	1.3e-63	234
m0073	m0348	46.1	1.69e-63	234
m0073	m0330	46.1	1.69e-63	234
m0073	m0240	45.9	2.21e-63	233
m0073	m0177	45.9	2.89e-63	233
m0073	m0321	45.4	4.93e-63	232
m0073	m0161	45.4	4.93e-63	232
m0073	m0282	46.3	6.43e-63	232
m0073	m0295	44.3	8.4e-63	231
m0073	m0269	45.2	1.87e-62	230
m0073	m0079	47.5	2.44e-62	230
m0073	m0247	44.0	4.17e-62	229
m0073	m0406	44.3	1.21e-61	228
m0073	m0335	45.7	2.07e-61	227
m0073	m0283	43.7	2.7e-61	226
m0073	m0157	43.3	4.61e-61	226
m0073	m0370	44.6	1.03e-60	225
m0073	m0116	44.2	1.34e-60	224
m0073	m0141	43.9	1.34e-60	224
m0073	m0147	42.9	1.34e-60	224
m0073	m0172	44.5	1.75e-60	224
m0073	m0405	44.2	2.29e-60	223
m0073	m0317	42.8	3.9e-60	223
m0073	m0297	46.6	8.7e-60	221
m0073	m0121	45.1	8.7e-60	221
m0073	m0123	43.9	8.7e-60	221
m0073	m0319	44.5	1.14e-59	221
m0073	m0181	43.8	2.53e-59	220
m0073	m0341	42.6	2.53e-59	220
m0073	m0364	43.4	5.64e-59	219
m0073	m0397	43.7	5.64e-59	219
m0073	m0194	43.6	7.36e-59	218
m0073	m0201	41.5	7.36e-59	218
m0073	m0246	41.7	1.64e-58	217
m0073	m0278	44.6	1.64e-58	217
m0073	m0266	40.1	1.64e-58	217
m0073	m0162	39.5	2.8e-58	216
m0073	m0091	43.8	3.65e-58	216
m0073	m0229	43.6	6.23e-58	215
m0073	m0097	42.9	8.14e-58	215
m0073	m0280	42.4	1.06e-57	215
m0073	m0354	42.0	1.39e-57	214
m0073	m0337	41.8	1.39e-57	214
m0073	m0104	41.2	1.39e-57	214
m0073	m0408	43.0	1.39e-57	214
m0073	m0219	44.0	3.09e-57	213
m0073	m0207	41.0	7.62e-56	208
m0073	m0274	41.6	1.1e-54	205
m0073	m0077	40.6	1.1e-54	205
m0073	m0312	41.1	1.44e-54	204
m0073	m0187	40.1	1.88e-54	204
m0073	m0170	39.0	2.45e-54	203
m0073	m0383	40.8	4.18e-54	203
m0073	m0082	39.0	4.18e-54	203
m0073	m0175	40.0	9.31e-54	201
m0073	m0178	38.9	1.59e-53	201
m0073	m0245	41.6	2.29e-52	197
m0073	m0080	42.9	2.29e-52	197
m0073	m0311	41.5	3.91e-52	196
m0073	m0351	40.1	6.67e-52	195
m0073	m0105	42.4	6.67e-52	195
m0073	m0251	40.5	6.67e-52	195
m0073	m0197	38.3	8.72e-52	195
m0073	m0292	40.2	2.15e-50	190
m0073	m0074	39.2	2.8e-50	190
m0073	m0107	39.6	6.25e-50	189
m0073	m0334	44.9	1.82e-49	187
m0073	m0286	40.5	2.37e-49	187
m0073	m0410	36.6	2.37e-49	187
m0073	m0179	40.1	4.05e-49	186
m0073	m0385	38.4	6.91e-49	185
m0073	m0387	40.0	2.01e-48	184
m0073	m0356	38.1	2.01e-48	184
m0073	m0212	39.4	2.01e-48	184
m0073	m0173	38.4	9.97e-48	181
m0073	m0098	38.3	2.22e-47	180
m0073	m0165	37.8	1.44e-46	178
m0073	m0130	41.0	1.88e-46	177
m0073	m0284	43.3	2.72e-45	173
m0073	m0168	38.3	1.39e-41	161
m0073	m0371	36.3	1.89e-38	151
m0073	m0275	31.2	1.45e-30	124
m0073	m0369	31.8	1.04e-28	118
m0073	m0289	27.3	1.19e-24	105
m0073	m0163	30.7	3.45e-24	103
m0073	m0140	28.3	7.2e-22	96
m0073	m0293	26.3	2.4e-17	80
m0073	m0276	24.3	3.82e-15	73
m0073	m0359	24.5	1.45e-14	71
m0073	m0188	27.7	9.42e-14	69
m0073	m0231	28.3	1.61e-13	68
m0073	m0396	29.1	6.11e-13	66
m0073	m0279	26.6	7.97e-13	65
m0073	m0268	28.9	5.17e-12	63
m0073	m0124	28.0	1.27e-10	58
m0073	m0267	24.3	4.1e-09	53
m0073	m0221	24.4	1.72e-07	48
m0073	m0409	27.8	5.01e-07	46
m0073	m0102	30.3	2.75e-05	40
m0073	m0307	22.6	2.75e-05	40
m0073	m0340	27.2	7.99e-05	39
m0073	m0257	26.0	0.000233	37
m0073	m0220	24.0	0.000304	37
m0073	m0339	22.9	0.00573	33
m0073	m0192	27.0	0.00573	33
m0073	m0146	24.9	0.0128	32
m0073	m0399	24.9	0.0128	32
m0073	m0376	22.3	0.0218	31
m0073	m0117	26.9	0.0284	30
m0073	m0132	35.2	0.0371	30
m0073	m0331	22.8	0.411	27
m0073	m0324	20.4	0.7	26
m0073	m0226	41.4	7.74	22
m0074	m0382	58.1	1.13e-91	327
m0074	m0341	56.6	8.37e-87	311
m0074	m0086	48.8	2.62e-72	263
m0074	m0123	47.4	7.61e-72	262
m0074	m0314	47.0	7.61e-72	262
m0074	m0171	48.6	1.7e-71	260
m0074	m0328	50.0	1.7e-71	260
m0074	m0190	48.7	1.1e-70	258
m0074	m0377	47.6	5.45e-70	255
m0074	m0077	46.2	1.21e-69	254
m0074	m0306	50.4	2.29e-68	250
m0074	m0112	46.1	2.53e-67	247
m0074	m0104	49.3	2.53e-67	247
m0074	m0147	48.3	4.32e-67	246
m0074	m0336	47.0	1.26e-66	244
m0074	m0152	44.3	8.15e-66	242
m0074	m0273	44.3	9.01e-65	238
m0074	m0316	48.2	1.18e-64	238
m0074	m0134	44.4	2.62e-64	236
m0074	m0402	43.5	2.62e-64	236
m0074	m0107	46.5	4.47e-64	236
m0074	m0390	43.9	5.84e-64	235
m0074	m0235	45.9	7.63e-64	235
m0074	m0247	45.1	7.63e-64	235
m0074	m0173	48.0	9.96e-64	235
m0074	m0165	45.8	9.96e-64	235
m0074	m0106	46.3	9.96e-64	235
m0074	m0299	46.6	9.96e-64	235
m0074	m0380	43.9	9.96e-64	235
m0074	m0309	47.7	9.96e-64	235
m0074	m0196	45.2	1.3e-63	234
m0074	m0232	43.3	3.79e-63	233
m0074	m0249	43.2	1.1e-62	231
m0074	m0331	47.5	2.45e-62	230
m0074	m0394	44.2	4.19e-62	229
m0074	m0125	45.6	7.14e-62	228
m0074	m0126	45.4	1.59e-61	227
m0074	m0264	44.2	6.04e-61	225
m0074	m0089	43.5	6.04e-61	225
m0074	m0354	45.3	3e-60	223
m0074	m0137	44.2	3.92e-60	223
m0074	m0237	43.7	5.12e-60	222
m0074	m0234	42.5	6.68e-60	222
m0074	m0254	45.1	6.68e-60	222
m0074	m0236	45.2	1.49e-59	221
m0074	m0194	45.7	5.66e-59	219
m0074	m0144	44.6	9.65e-59	218
m0074	m0372	42.4	2.81e-58	216
m0074	m0387	45.7	2.81e-58	216
m0074	m0388	42.5	1.07e-57	215
m0074	m0286	41.0	1.82e-57	214
m0074	m0408	42.9	2.38e-57	213
m0074	m0312	45.7	3.1e-57	213
m0074	m0105	43.3	5.29e-57	212
m0074	m0200	44.8	6.91e-57	212
m0074	m0087	40.4	1.54e-56	211
m0074	m0178	46.1	2.63e-56	210
m0074	m0233	43.2	2.63e-56	210
m0074	m0093	43.4	4.48e-56	209
m0074	m0080	40.0	4.48e-56	209
m0074	m0212	42.6	4.48e-56	209
m0074	m0274	41.4	5.85e-56	209
m0074	m0187	45.3	7.64e-56	208
m0074	m0292	43.3	7.64e-56	208
m0074	m0158	41.9	1.3e-55	208
m0074	m0251	43.4	1.3e-55	208
m0074	m0195	43.9	1.7e-55	207
m0074	m0130	41.3	2.22e-55	207
m0074	m0356	44.6	2.9e-55	206
m0074	m0365	41.8	3.79e-55	206
m0074	m0179	41.6	4.96e-55	206
m0074	m0076	45.0	4.96e-55	206
m0074	m0082	44.6	4.96e-55	206
m0074	m0311	42.6	8.45e-55	205
m0074	m0351	41.7	1.44e-54	204
m0074	m0364	40.4	1.88e-54	204
m0074	m0169	37.5	1.88e-54	204
m0074	m0383	43.1	4.19e-54	203
m0074	m0100	43.7	7.16e-54	202
m0074	m0098	44.6	1.22e-53	201
m0074	m0170	43.6	1.59e-53	201
m0074	m0385	42.1	7.91e-53	198
m0074	m0266	41.0	1.03e-52	198
m0074	m0197	43.6	1.03e-52	198
m0074	m0121	38.6	3.01e-52	196
m0074	m0101	42.1	6.7e-52	195
m0074	m0398	39.8	1.14e-51	195
m0074	m0305	38.9	3.32e-51	193
m0074	m0343	37.9	4.34e-51	193
m0074	m0410	42.2	2.15e-50	190
m0074	m0294	37.2	1.07e-49	188
m0074	m0334	43.6	5.31e-49	186
m0074	m0368	37.5	5.87e-48	182
m0074	m0245	37.1	1.31e-47	181
m0074	m0230	39.5	1.71e-47	181
m0074	m0160	39.9	1.89e-46	177
m0074	m0348	38.4	3.22e-46	176
m0074	m0099	38.1	1.22e-45	174
m0074	m0208	38.4	1.22e-45	174
m0074	m0363	39.1	1.6e-45	174
m0074	m0114	39.9	2.09e-45	174
m0074	m0218	38.4	2.09e-45	174
m0074	m0133	40.1	3.56e-45	173
m0074	m0342	38.1	4.65e-45	173
m0074	m0378	38.1	6.07e-45	172
m0074	m0164	36.8	7.93e-45	172
m0074	m0172	40.5	7.93e-45	172
m0074	m0345	38.1	1.04e-44	171
m0074	m0217	38.4	1.77e-44	171
m0074	m0400	37.3	3.01e-44	170
m0074	m0096	38.1	3.01e-44	170
m0074	m0330	35.9	3.01e-44	170
m0074	m0256	38.4	3.01e-44	170
m0074	m0332	38.1	3.01e-44	170
m0074	m0191	36.6	3.94e-44	169
m0074	m0321	37.7	3.94e-44	169
m0074	m0393	38.0	3.94e-44	169
m0074	m0091	39.6	6.71e-44	169
m0074	m0323	38.7	6.71e-44	169
m0074	m0338	38.2	8.77e-44	168
m0074	m0141	38.7	1.15e-43	168
m0074	m0162	37.5	1.95e-43	167
m0074	m0349	37.0	1.95e-43	167
m0074	m0185	38.5	2.55e-43	167
m0074	m0250	35.4	2.55e-43	167
m0074	m0157	38.7	3.33e-43	166
m0074	m0371	36.1	3.33e-43	166
m0074	m0269	37.8	5.68e-43	166
m0074	m0136	37.8	9.69e-43	165
m0074	m0296	34.8	9.69e-43	165
m0074	m0282	38.9	9.69e-43	165
m0074	m0161	36.4	2.16e-42	164
m0074	m0284	39.7	6.28e-42	162
m0074	m0127	38.3	6.28e-42	162
m0074	m0177	35.7	8.21e-42	162
m0074	m0397	37.2	1.07e-41	161
m0074	m0168	37.8	1.4e-41	161
m0074	m0280	37.0	1.83e-41	161
m0074	m0239	37.9	2.39e-41	160
m0074	m0370	36.7	3.12e-41	160
m0074	m0229	41.6	5.32e-41	159
m0074	m0295	37.5	5.32e-41	159
m0074	m0219	41.2	9.07e-41	158
m0074	m0116	36.6	9.07e-41	158
m0074	m0283	35.9	1.18e-40	158
m0074	m0335	35.9	1.18e-40	158
m0074	m0327	35.2	1.18e-40	158
m0074	m0176	36.2	1.55e-40	158
m0074	m0216	37.8	1.55e-40	158
m0074	m0317	34.4	1.55e-40	158
m0074	m0240	36.6	2.02e-40	157
m0074	m0079	38.5	2.64e-40	157
m0074	m0261	35.6	2.64e-40	157
m0074	m0405	34.5	2.64e-40	157
m0074	m0319	36.2	2.64e-40	157
m0074	m0201	35.4	2.64e-40	157
m0074	m0186	35.9	2.64e-40	157
m0074	m0181	37.5	4.5e-40	156
m0074	m0246	36.7	4.5e-40	156
m0074	m0166	33.7	4.5e-40	156
m0074	m0297	37.2	1e-39	155
m0074	m0175	36.6	2.23e-39	154
m0074	m0406	38.5	2.92e-39	153
m0074	m0278	35.4	1.11e-38	151
m0074	m0337	34.0	1.45e-38	151
m0074	m0097	36.8	1.04e-36	145
m0074	m0207	36.1	2.31e-36	144
m0074	m0163	32.1	6.74e-28	116
m0074	m0275	30.9	5.71e-27	112
m0074	m0369	29.1	6.31e-26	109
m0074	m0289	30.1	2.4e-25	107
m0074	m0140	31.5	4.09e-25	106
m0074	m0293	27.4	5e-23	99
m0074	m0359	25.3	3.96e-20	90
m0074	m0188	30.6	3.35e-19	87
m0074	m0231	23.0	4.24e-14	70
m0074	m0276	22.5	1.23e-13	68
m0074	m0268	27.5	6.13e-13	66
m0074	m0124	23.5	8e-13	65
m0074	m0396	25.5	1.28e-10	58
m0074	m0279	23.9	1.41e-09	55
m0074	m0221	28.8	7.75e-08	49
m0074	m0220	24.6	0.000137	38
m0074	m0307	23.0	0.000233	37
m0074	m0267	25.0	0.00151	35
m0074	m0146	23.0	0.0044	33
m0074	m0376	23.9	0.00981	32
m0074	m0203	37.1	1.2	25
m0074	m0344	26.5	2.04	24
m0074	m0330	26.3	2.04	24
m0074	m0253	26.4	3.49	23
m0075	m0347	57.7	9.45e-73	264
m0075	m0255	57.5	7.49e-70	255
m0075	m0355	62.4	9.47e-65	238
m0075	m0206	53.3	1.97e-62	230
m0075	m0401	46.2	1.42e-44	171
m0075	m0281	32.3	3.29e-25	106
m0075	m0260	30.3	3.2e-12	63
m0075	m0326	26.9	1.03e-10	58
m0075	m0083	21.9	4.94e-05	39
m0075	m0374	23.1	0.000245	37
m0075	m0297	22.1	0.194	27
m0075	m0205	26.3	1.26	25
m0075	m0279	26.6	2.81	23
m0075	m0081	40.9	6.25	22
m0075	m0103	29.3	6.25	22
m0075	m0282	30.4	8.17	22
m0076	m0101	60.6	9.34e-103	364
m0076	m0200	48.5	1.31e-80	291
m0076	m0158	52.4	4.99e-80	289
m0076	m0196	50.5	1.11e-79	288
m0076	m0402	49.2	2.48e-79	287
m0076	m0233	50.0	4.22e-79	286
m0076	m0089	50.7	1.6e-78	284
m0076	m0236	49.7	1.04e-77	281
m0076	m0106	47.9	1.36e-77	281
m0076	m0137	48.2	1.77e-77	280
m0076	m0235	47.3	2.32e-77	280
m0076	m0273	47.2	3.03e-77	280
m0076	m0331	48.9	6.74e-77	278
m0076	m0365	50.5	1.15e-76	278
m0076	m0232	47.9	1.15e-76	278
m0076	m0306	50.2	1.15e-76	278
m0076	m0368	49.1	2.56e-76	277
m0076	m0390	48.2	2.56e-76	277
m0076	m0234	49.6	3.35e-76	276
m0076	m0299	47.4	6.31e-75	272
m0076	m0249	48.3	8.24e-75	272
m0076	m0377	47.3	2.4e-74	270
m0076	m0237	46.2	2.4e-74	270
m0076	m0343	50.5	1.55e-73	267
m0076	m0316	51.3	2.65e-73	267
m0076	m0305	47.6	3.46e-73	266
m0076	m0171	48.2	7.71e-73	265
m0076	m0126	48.4	1.01e-72	265
m0076	m0380	47.6	1.01e-72	265
m0076	m0336	48.9	1.72e-72	264
m0076	m0144	50.0	3.83e-72	263
m0076	m0195	48.0	6.53e-72	262
m0076	m0394	46.2	8.53e-72	262
m0076	m0398	50.6	1.11e-71	261
m0076	m0314	45.8	5.53e-71	259
m0076	m0372	47.7	1.61e-70	257
m0076	m0134	45.0	2.1e-70	257
m0076	m0264	46.9	6.11e-70	255
m0076	m0086	44.1	7.98e-70	255
m0076	m0309	43.5	7.98e-70	255
m0076	m0125	47.4	1.36e-69	254
m0076	m0388	44.3	1.78e-69	254
m0076	m0100	45.9	3.96e-69	253
m0076	m0087	45.0	5.17e-69	252
m0076	m0190	49.0	1.15e-68	251
m0076	m0164	44.9	1.15e-68	251
m0076	m0169	43.4	2.84e-67	247
m0076	m0382	46.0	6.32e-67	245
m0076	m0093	44.2	8.26e-67	245
m0076	m0363	45.2	1.08e-66	245
m0076	m0342	46.3	1.08e-66	245
m0076	m0393	45.6	1.41e-66	244
m0076	m0328	47.9	1.84e-66	244
m0076	m0099	46.3	2.4e-66	243
m0076	m0160	46.0	3.14e-66	243
m0076	m0208	45.2	3.14e-66	243
m0076	m0321	45.9	3.14e-66	243
m0076	m0345	46.7	3.14e-66	243
m0076	m0378	44.8	4.1e-66	243
m0076	m0332	45.5	6.99e-66	242
m0076	m0230	45.9	9.13e-66	242
m0076	m0348	44.7	2.03e-65	240
m0076	m0096	45.2	2.66e-65	240
m0076	m0256	46.4	3.47e-65	240
m0076	m0296	43.4	3.47e-65	240
m0076	m0185	43.9	4.53e-65	239
m0076	m0400	44.7	5.92e-65	239
m0076	m0218	44.8	1.32e-64	238
m0076	m0217	43.3	2.25e-64	237
m0076	m0283	45.7	3.84e-64	236
m0076	m0147	41.8	1.46e-63	234
m0076	m0097	45.0	1.9e-63	234
m0076	m0114	44.3	5.54e-63	232
m0076	m0116	46.7	7.24e-63	232
m0076	m0250	43.4	9.45e-63	231
m0076	m0278	45.0	1.61e-62	231
m0076	m0247	46.2	2.11e-62	230
m0076	m0121	43.6	2.11e-62	230
m0076	m0327	43.0	4.69e-62	229
m0076	m0176	42.6	4.69e-62	229
m0076	m0112	45.4	6.12e-62	229
m0076	m0123	48.0	6.12e-62	229
m0076	m0341	48.2	1.04e-61	228
m0076	m0337	43.8	1.04e-61	228
m0076	m0349	43.3	1.78e-61	227
m0076	m0239	43.1	1.78e-61	227
m0076	m0319	48.0	1.78e-61	227
m0076	m0370	44.7	1.78e-61	227
m0076	m0229	46.0	2.33e-61	227
m0076	m0294	46.2	2.33e-61	227
m0076	m0194	46.6	2.33e-61	227
m0076	m0161	42.3	2.33e-61	227
m0076	m0216	43.8	3.97e-61	226
m0076	m0136	41.7	5.19e-61	226
m0076	m0152	41.4	1.16e-60	225
m0076	m0335	41.8	1.51e-60	224
m0076	m0191	41.8	1.97e-60	224
m0076	m0330	42.0	4.39e-60	223
m0076	m0397	43.0	5.73e-60	222
m0076	m0364	41.7	5.73e-60	222
m0076	m0177	42.8	5.73e-60	222
m0076	m0280	41.4	1.28e-59	221
m0076	m0166	42.2	1.28e-59	221
m0076	m0323	41.9	1.28e-59	221
m0076	m0385	45.5	2.18e-59	220
m0076	m0240	42.9	2.18e-59	220
m0076	m0219	47.1	3.72e-59	220
m0076	m0201	41.2	8.28e-59	218
m0076	m0274	46.4	1.08e-58	218
m0076	m0186	43.1	1.08e-58	218
m0076	m0261	43.0	1.41e-58	218
m0076	m0104	43.2	1.41e-58	218
m0076	m0091	41.4	1.41e-58	218
m0076	m0157	39.0	7.01e-58	215
m0076	m0282	43.9	7.01e-58	215
m0076	m0077	45.3	9.15e-58	215
m0076	m0317	39.8	1.2e-57	215
m0076	m0405	42.1	1.56e-57	214
m0076	m0254	44.4	2.04e-57	214
m0076	m0172	42.7	2.66e-57	213
m0076	m0187	39.5	3.48e-57	213
m0076	m0295	41.7	3.48e-57	213
m0076	m0127	43.4	4.54e-57	213
m0076	m0266	38.1	5.93e-57	212
m0076	m0297	42.9	5.93e-57	212
m0076	m0181	43.4	7.75e-57	212
m0076	m0079	44.4	1.01e-56	211
m0076	m0334	46.2	1.01e-56	211
m0076	m0141	40.5	1.32e-56	211
m0076	m0354	42.4	1.32e-56	211
m0076	m0338	40.3	1.73e-56	211
m0076	m0387	44.4	3.85e-56	210
m0076	m0080	45.2	3.85e-56	210
m0076	m0170	38.4	5.02e-56	209
m0076	m0383	40.3	5.02e-56	209
m0076	m0133	42.1	6.56e-56	209
m0076	m0105	43.6	8.57e-56	208
m0076	m0178	38.9	1.91e-55	207
m0076	m0246	39.4	1.91e-55	207
m0076	m0351	41.4	3.26e-55	206
m0076	m0406	39.5	3.26e-55	206
m0076	m0269	41.8	4.25e-55	206
m0076	m0251	41.2	7.25e-55	205
m0076	m0175	40.0	9.47e-55	205
m0076	m0292	41.0	1.24e-54	205
m0076	m0408	39.7	1.62e-54	204
m0076	m0311	41.8	1.62e-54	204
m0076	m0162	41.2	2.11e-54	204
m0076	m0082	40.7	2.11e-54	204
m0076	m0179	39.9	2.76e-54	203
m0076	m0312	40.5	4.7e-54	203
m0076	m0207	41.8	6.14e-54	202
m0076	m0356	43.1	2.33e-53	200
m0076	m0284	44.3	6.79e-53	199
m0076	m0197	37.7	5.75e-52	196
m0076	m0410	37.7	9.8e-52	195
m0076	m0098	40.4	1.28e-51	195
m0076	m0107	41.2	3.72e-51	193
m0076	m0130	41.7	4.86e-51	193
m0076	m0212	41.6	8.3e-51	192
m0076	m0245	40.2	7.02e-50	189
m0076	m0165	39.9	1.2e-49	188
m0076	m0286	39.9	2.04e-49	187
m0076	m0173	39.6	2.26e-48	184
m0076	m0168	37.3	1.73e-40	158
m0076	m0371	34.5	4.89e-35	139
m0076	m0369	31.5	4.43e-28	116
m0076	m0275	30.9	5.79e-28	116
m0076	m0289	31.8	4.9e-27	113
m0076	m0293	30.3	3.88e-24	103
m0076	m0163	26.9	6.85e-21	92
m0076	m0359	28.7	8.95e-21	92
m0076	m0140	26.7	3.76e-19	87
m0076	m0231	27.9	5.62e-15	73
m0076	m0276	25.0	2.79e-14	70
m0076	m0396	27.7	2.79e-14	70
m0076	m0188	25.1	6.21e-14	69
m0076	m0124	25.7	2e-12	64
m0076	m0268	27.6	5.81e-12	63
m0076	m0267	26.8	2.88e-11	60
m0076	m0279	30.0	1.75e-08	51
m0076	m0409	24.5	3.65e-06	44
m0076	m0307	23.3	0.000153	38
m0076	m0221	25.5	0.000761	36
m0076	m0399	28.7	0.000761	36
m0076	m0376	27.2	0.000761	36
m0076	m0180	27.8	0.000994	35
m0076	m0339	24.7	0.00221	34
m0076	m0135	31.7	0.00289	34
m0076	m0340	28.1	0.011	32
m0076	m0220	24.8	0.032	30
m0076	m0117	25.0	0.0418	30
m0076	m0146	23.5	0.0418	30
m0076	m0151	27.5	0.0545	30
m0076	m0221	26.4	0.093	29
m0076	m0257	26.9	0.353	27
m0076	m0411	25.0	0.462	27
m0076	m0367	40.4	0.462	27
m0076	m0110	35.3	1.34	25
m0076	m0102	27.5	1.75	25
m0076	m0149	33.9	2.29	24
m0076	m0149	45.0	3.91	23
m0076	m0214	38.7	6.67	23
m0076	m0393	41.9	8.71	22
m0076	m0183	32.3	8.71	22
m0077	m0123	58.7	5.55e-94	335
m0077	m0112	55.6	2.5e-86	310
m0077	m0147	52.6	9.19e-81	291
m0077	m0247	50.0	1.33e-79	287
m0077	m0382	50.5	1.12e-78	284
m0077	m0104	50.0	1.79e-76	277
m0077	m0383	49.7	4.42e-75	272
m0077	m0232	49.0	1.29e-74	271
m0077	m0351	46.7	1.29e-74	271
m0077	m0106	48.6	2.19e-74	270
m0077	m0311	49.4	6.38e-74	268
m0077	m0354	49.8	1.86e-73	267
m0077	m0341	49.1	4.13e-73	266
m0077	m0251	50.7	7.05e-73	265
m0077	m0134	48.5	1.2e-72	264
m0077	m0098	46.5	1.2e-72	264
m0077	m0316	50.0	1.2e-72	264
m0077	m0235	48.1	2.05e-72	263
m0077	m0236	50.3	4.57e-72	262
m0077	m0314	47.6	5.97e-72	262
m0077	m0299	49.3	5.97e-72	262
m0077	m0292	48.3	1.74e-71	260
m0077	m0080	49.6	2.27e-71	260
m0077	m0402	47.3	2.96e-71	260
m0077	m0086	46.7	5.05e-71	259
m0077	m0179	47.1	8.62e-71	258
m0077	m0249	44.9	8.62e-71	258
m0077	m0385	46.6	1.47e-70	257
m0077	m0197	46.0	1.47e-70	257
m0077	m0194	49.8	4.28e-70	256
m0077	m0356	48.3	5.59e-70	255
m0077	m0273	46.2	7.3e-70	255
m0077	m0312	48.1	9.53e-70	255
m0077	m0171	46.5	1.25e-69	254
m0077	m0336	47.2	1.25e-69	254
m0077	m0187	44.9	1.63e-69	254
m0077	m0328	47.2	2.12e-69	253
m0077	m0390	48.1	2.12e-69	253
m0077	m0306	45.6	2.12e-69	253
m0077	m0082	44.8	3.62e-69	253
m0077	m0237	47.4	1.05e-68	251
m0077	m0170	43.9	1.8e-68	250
m0077	m0178	45.2	2.35e-68	250
m0077	m0410	46.0	3.07e-68	250
m0077	m0331	46.0	3.07e-68	250
m0077	m0377	46.9	1.99e-67	247
m0077	m0125	47.1	3.39e-67	246
m0077	m0190	46.1	9.86e-67	245
m0077	m0266	45.9	1.29e-66	244
m0077	m0264	46.6	1.68e-66	244
m0077	m0234	45.0	2.2e-66	243
m0077	m0196	44.8	2.2e-66	243
m0077	m0394	43.2	6.39e-66	242
m0077	m0165	47.0	1.09e-65	241
m0077	m0309	46.0	1.42e-65	241
m0077	m0107	48.2	1.86e-65	240
m0077	m0152	42.0	3.17e-65	240
m0077	m0126	43.8	7.07e-65	238
m0077	m0254	45.5	3.88e-63	233
m0077	m0137	43.7	3.88e-63	233
m0077	m0158	42.1	5.6e-62	229
m0077	m0388	44.1	5.6e-62	229
m0077	m0144	44.8	9.55e-62	228
m0077	m0169	43.3	9.55e-62	228
m0077	m0173	43.8	3.63e-61	226
m0077	m0089	43.6	4.74e-61	226
m0077	m0380	41.3	6.19e-61	225
m0077	m0372	43.9	2.35e-60	223
m0077	m0101	43.1	5.24e-60	222
m0077	m0233	44.4	1.29e-58	218
m0077	m0398	43.1	1.69e-58	217
m0077	m0364	41.0	3.76e-58	216
m0077	m0365	41.3	8.37e-58	215
m0077	m0105	43.3	3.18e-57	213
m0077	m0093	39.9	7.09e-57	212
m0077	m0387	44.5	9.25e-57	211
m0077	m0408	40.1	3.52e-56	210
m0077	m0087	40.3	1.34e-55	208
m0077	m0195	42.5	1.75e-55	207
m0077	m0294	38.9	6.63e-55	205
m0077	m0334	43.5	6.63e-55	205
m0077	m0200	38.9	1.48e-54	204
m0077	m0201	42.8	1.93e-54	204
m0077	m0099	44.3	3.29e-54	203
m0077	m0368	38.8	4.3e-54	203
m0077	m0343	39.7	4.3e-54	203
m0077	m0100	42.6	5.61e-54	202
m0077	m0136	42.0	1.63e-53	201
m0077	m0323	41.5	1.63e-53	201
m0077	m0121	40.1	2.13e-53	200
m0077	m0286	41.8	2.13e-53	200
m0077	m0397	42.1	3.64e-53	200
m0077	m0230	43.9	4.75e-53	199
m0077	m0127	43.4	4.75e-53	199
m0077	m0342	44.7	8.11e-53	198
m0077	m0393	42.6	1.06e-52	198
m0077	m0400	43.6	1.06e-52	198
m0077	m0161	42.6	1.06e-52	198
m0077	m0250	40.7	1.38e-52	198
m0077	m0305	37.9	1.38e-52	198
m0077	m0348	42.7	1.81e-52	197
m0077	m0283	42.2	2.36e-52	197
m0077	m0269	41.2	2.36e-52	197
m0077	m0274	39.9	2.36e-52	197
m0077	m0160	43.0	4.02e-52	196
m0077	m0217	42.6	4.02e-52	196
m0077	m0338	41.8	4.02e-52	196
m0077	m0345	45.0	6.86e-52	195
m0077	m0164	42.4	2e-51	194
m0077	m0208	41.9	2.61e-51	193
m0077	m0405	41.5	2.61e-51	193
m0077	m0321	42.6	3.41e-51	193
m0077	m0130	38.7	3.41e-51	193
m0077	m0371	40.9	4.45e-51	193
m0077	m0297	39.9	4.45e-51	193
m0077	m0218	42.1	4.45e-51	193
m0077	m0256	42.6	5.81e-51	192
m0077	m0245	37.8	5.81e-51	192
m0077	m0114	44.3	5.81e-51	192
m0077	m0363	43.6	5.81e-51	192
m0077	m0096	41.2	1.29e-50	191
m0077	m0378	43.4	1.29e-50	191
m0077	m0162	37.2	1.29e-50	191
m0077	m0332	42.1	1.69e-50	191
m0077	m0296	42.4	2.21e-50	190
m0077	m0212	38.8	6.42e-50	189
m0077	m0406	40.5	1.43e-49	188
m0077	m0133	39.3	4.16e-49	186
m0077	m0191	40.1	5.44e-49	186
m0077	m0349	40.1	5.44e-49	186
m0077	m0282	39.8	9.28e-49	185
m0077	m0330	39.5	1.58e-48	184
m0077	m0317	39.9	1.58e-48	184
m0077	m0116	40.0	1.58e-48	184
m0077	m0091	40.6	1.58e-48	184
m0077	m0295	39.7	1.58e-48	184
m0077	m0370	38.7	2.7e-48	183
m0077	m0172	40.2	2.7e-48	183
m0077	m0185	39.0	7.85e-48	182
m0077	m0240	39.5	7.85e-48	182
m0077	m0337	38.9	1.03e-47	181
m0077	m0079	41.7	1.03e-47	181
m0077	m0177	38.7	1.34e-47	181
m0077	m0166	38.4	1.34e-47	181
m0077	m0278	39.7	2.28e-47	180
m0077	m0319	39.7	2.28e-47	180
m0077	m0280	40.0	5.09e-47	179
m0077	m0175	38.0	6.65e-47	179
m0077	m0327	39.3	8.68e-47	178
m0077	m0186	39.7	1.13e-46	178
m0077	m0181	39.8	1.13e-46	178
m0077	m0261	39.1	1.13e-46	178
m0077	m0157	37.9	1.48e-46	178
m0077	m0141	38.3	1.93e-46	177
m0077	m0176	37.7	2.53e-46	177
m0077	m0216	39.8	2.53e-46	177
m0077	m0335	39.2	9.6e-46	175
m0077	m0229	41.8	4.76e-45	173
m0077	m0284	39.1	4.76e-45	173
m0077	m0097	39.7	4.76e-45	173
m0077	m0168	40.2	6.22e-45	172
m0077	m0219	41.4	8.13e-45	172
m0077	m0207	39.9	1.06e-44	171
m0077	m0239	39.9	1.81e-44	171
m0077	m0246	35.6	9.93e-43	165
m0077	m0369	37.7	2.71e-40	157
m0077	m0289	32.7	9.96e-35	138
m0077	m0275	34.2	2.9e-34	137
m0077	m0163	31.7	1.26e-29	121
m0077	m0140	29.6	1.07e-28	118
m0077	m0359	28.3	5.13e-23	99
m0077	m0293	26.5	4.34e-22	96
m0077	m0188	28.0	2.81e-21	94
m0077	m0268	30.6	7.66e-19	86
m0077	m0231	26.4	1.11e-17	82
m0077	m0276	26.1	2.31e-15	74
m0077	m0124	22.7	3.68e-13	67
m0077	m0279	26.6	3.68e-13	67
m0077	m0396	25.4	6.28e-13	66
m0077	m0221	33.9	2.23e-10	57
m0077	m0267	25.3	9.38e-09	52
m0077	m0376	30.5	0.000107	39
m0077	m0307	21.8	0.00202	34
m0077	m0411	24.5	0.00345	33
m0077	m0220	35.7	0.00451	33
m0077	m0340	45.9	0.00589	33
m0077	m0243	24.4	0.0131	32
m0077	m0180	27.3	0.0292	30
m0077	m0353	23.9	0.0651	29
m0077	m0339	27.9	0.0851	29
m0077	m0111	24.4	0.0851	29
m0077	m0146	22.3	0.111	28
m0077	m0303	25.0	0.19	28
m0077	m0367	33.9	0.323	27
m0077	m0180	28.4	0.551	26
m0077	m0149	31.7	1.6	25
m0077	m0226	32.6	2.74	24
m0077	m0199	24.7	3.57	23
m0077	m0399	32.0	4.67	23
m0078	m0238	72.7	4.62e-171	592
m0078	m0159	46.2	8.03e-107	378
m0078	m0373	44.7	2.42e-103	367
m0078	m0304	47.2	1.57e-102	364
m0078	m0129	45.4	4.72e-99	352
m0078	m0094	39.4	3.17e-87	313
m0078	m0236	40.0	0.0241	31
m0078	m0243	30.4	0.204	28
m0078	m0110	53.3	0.775	26
m0078	m0346	36.0	0.775	26
m0078	m0273	42.4	1.01	26
m0078	m0218	30.3	1.01	26
m0078	m0321	30.7	1.32	25
m0078	m0122	43.8	2.25	25
m0078	m0172	33.3	2.94	24
m0078	m0365	40.5	3.84	24
m0078	m0387	35.6	3.84	24
m0078	m0378	26.1	5.02	23
m0078	m0301	30.6	5.02	23
m0078	m0322	64.3	8.57	23
m0078	m0105	31.9	8.57	23
m0079	m0166	77.6	1.09e-120	424
m0079	m0181	76.8	2.69e-119	419
m0079	m0157	78.7	4.59e-119	418
m0079	m0091	76.9	7.83e-119	418
m0079	m0240	77.2	1.74e-118	416
m0079	m0133	76.4	2.13e-116	409
m0079	m0349	77.3	2.78e-116	409
m0079	m0282	76.4	3.08e-115	406
m0079	m0177	75.8	4.02e-115	405
m0079	m0250	74.1	1.99e-114	403
m0079	m0191	75.0	3.4e-114	402
m0079	m0246	75.2	9.9e-114	401
m0079	m0327	72.9	9.9e-114	401
m0079	m0141	74.9	2.21e-113	399
m0079	m0330	74.1	2.21e-113	399
m0079	m0175	73.7	1.21e-111	394
m0079	m0239	72.6	2.06e-111	393
m0079	m0295	71.3	2.98e-110	389
m0079	m0335	72.0	5.08e-110	388
m0079	m0172	73.0	8.67e-110	387
m0079	m0176	71.5	7.34e-109	384
m0079	m0280	70.5	9.59e-109	384
m0079	m0406	72.2	3.64e-108	382
m0079	m0296	72.0	8.12e-108	381
m0079	m0400	71.9	3.41e-106	376
m0079	m0337	68.9	3.19e-104	369
m0079	m0114	69.5	5.44e-104	368
m0079	m0217	68.3	1.34e-102	364
m0079	m0208	68.9	2.29e-102	363
m0079	m0332	68.1	3.9e-102	362
m0079	m0278	67.8	1.14e-101	361
m0079	m0218	67.8	1.14e-101	361
m0079	m0342	68.5	1.48e-101	360
m0079	m0348	68.8	1.48e-101	360
m0079	m0283	67.4	3.3e-101	359
m0079	m0097	69.5	3.3e-101	359
m0079	m0256	68.5	3.3e-101	359
m0079	m0321	68.1	3.3e-101	359
m0079	m0393	68.8	3.3e-101	359
m0079	m0345	68.1	9.61e-101	357
m0079	m0096	68.8	1.64e-100	357
m0079	m0099	68.1	2.14e-100	356
m0079	m0378	68.1	2.8e-100	356
m0079	m0164	67.3	6.23e-100	355
m0079	m0160	66.5	1.81e-99	353
m0079	m0261	67.3	2.37e-99	353
m0079	m0186	67.3	3.09e-99	352
m0079	m0363	66.5	4.04e-99	352
m0079	m0230	66.9	9e-99	351
m0079	m0216	65.9	1.53e-98	350
m0079	m0219	66.3	9.95e-98	347
m0079	m0319	66.3	4.94e-97	345
m0079	m0229	65.5	1.44e-96	344
m0079	m0370	66.5	5.46e-96	342
m0079	m0116	66.2	5.46e-96	342
m0079	m0323	63.5	8.71e-94	334
m0079	m0127	63.5	2.54e-93	333
m0079	m0338	62.9	2.54e-93	333
m0079	m0136	63.3	3.31e-93	332
m0079	m0269	61.9	1.64e-92	330
m0079	m0397	60.1	1.88e-88	317
m0079	m0161	60.1	3.21e-88	316
m0079	m0201	58.4	1.95e-85	307
m0079	m0185	59.2	1.95e-85	307
m0079	m0207	59.2	4.33e-85	305
m0079	m0405	56.9	6.92e-83	298
m0079	m0125	60.3	4.49e-82	295
m0079	m0297	59.2	5.86e-82	295
m0079	m0317	56.7	1.44e-80	290
m0079	m0331	57.6	1.03e-78	284
m0079	m0106	56.3	1.35e-78	284
m0079	m0299	55.5	1.07e-75	274
m0079	m0316	56.0	1.83e-75	273
m0079	m0402	54.6	2.38e-75	273
m0079	m0237	55.8	4.07e-75	272
m0079	m0236	53.8	6.49e-73	265
m0079	m0390	54.4	8.48e-73	265
m0079	m0169	52.7	2.47e-72	263
m0079	m0232	53.1	7.18e-72	262
m0079	m0089	53.6	9.37e-72	261
m0079	m0235	52.7	2.73e-71	260
m0079	m0134	52.1	4.65e-71	259
m0079	m0336	53.4	4.65e-71	259
m0079	m0158	52.3	3.02e-70	256
m0079	m0273	52.1	3.94e-70	256
m0079	m0233	52.3	5.14e-70	255
m0079	m0249	52.1	6.72e-70	255
m0079	m0394	50.9	9.7e-69	251
m0079	m0380	51.9	9.7e-69	251
m0079	m0144	50.8	9.7e-69	251
m0079	m0306	51.7	1.65e-68	250
m0079	m0196	50.8	2.16e-68	250
m0079	m0137	52.3	8.21e-68	248
m0079	m0100	53.6	5.32e-67	245
m0079	m0171	52.5	6.95e-67	245
m0079	m0264	49.4	1.55e-66	244
m0079	m0234	48.5	5.89e-66	242
m0079	m0309	51.7	7.69e-66	242
m0079	m0377	51.2	6.51e-65	238
m0079	m0388	50.6	8.5e-65	238
m0079	m0190	49.6	4.22e-64	236
m0079	m0305	48.5	4.22e-64	236
m0079	m0200	48.5	4.22e-64	236
m0079	m0195	51.9	4.22e-64	236
m0079	m0343	50.8	1.23e-63	234
m0079	m0368	49.4	1.6e-63	234
m0079	m0398	50.0	2.09e-63	233
m0079	m0365	47.1	2.73e-63	233
m0079	m0328	49.1	2.31e-62	230
m0079	m0274	47.9	3.95e-62	229
m0079	m0314	50.9	3.95e-62	229
m0079	m0086	49.4	5.16e-62	229
m0079	m0294	49.0	1.15e-61	228
m0079	m0382	49.4	3.34e-61	226
m0079	m0372	48.4	1.27e-60	224
m0079	m0254	47.9	2.17e-60	223
m0079	m0126	47.5	6.3e-60	222
m0079	m0152	46.7	6.3e-60	222
m0079	m0087	47.3	3.13e-59	220
m0079	m0101	44.2	2.03e-58	217
m0079	m0408	45.3	6.52e-57	212
m0079	m0112	46.5	2.48e-56	210
m0079	m0093	44.4	1.15e-53	201
m0079	m0121	43.8	1.15e-53	201
m0079	m0247	43.0	1.15e-53	201
m0079	m0364	43.5	1.96e-53	200
m0079	m0123	44.5	7.46e-53	198
m0079	m0341	43.6	1.27e-52	198
m0079	m0147	41.5	4.84e-52	196
m0079	m0354	43.0	2.03e-50	190
m0079	m0334	46.0	1.32e-49	188
m0079	m0104	41.0	1.32e-49	188
m0079	m0410	42.8	5.53e-48	182
m0079	m0266	41.2	1.23e-47	181
m0079	m0105	40.7	1.36e-46	178
m0079	m0385	41.3	3.04e-46	176
m0079	m0311	41.9	3.04e-46	176
m0079	m0387	40.6	3.97e-46	176
m0079	m0356	42.4	1.15e-45	174
m0079	m0187	41.7	1.51e-45	174
m0079	m0194	40.8	1.97e-45	174
m0079	m0251	40.6	3.36e-45	173
m0079	m0351	41.1	4.38e-45	173
m0079	m0178	42.0	5.73e-45	172
m0079	m0292	39.1	7.48e-45	172
m0079	m0284	43.5	7.48e-45	172
m0079	m0107	40.9	1.28e-44	171
m0079	m0245	39.0	8.27e-44	168
m0079	m0165	40.0	1.41e-43	168
m0079	m0082	40.5	1.84e-43	167
m0079	m0286	37.9	2.41e-43	167
m0079	m0162	40.3	1.19e-42	164
m0079	m0312	39.1	1.56e-42	164
m0079	m0170	39.8	3.47e-42	163
m0079	m0080	40.3	4.54e-42	163
m0079	m0212	40.2	5.93e-42	162
m0079	m0383	39.2	1.32e-41	161
m0079	m0179	38.5	2.25e-41	160
m0079	m0130	38.6	1.12e-40	158
m0079	m0173	36.6	3.25e-40	156
m0079	m0098	37.9	1.24e-39	154
m0079	m0197	38.0	1.61e-39	154
m0079	m0168	36.6	1.56e-34	138
m0079	m0371	34.0	1.32e-33	134
m0079	m0369	36.1	5.75e-29	119
m0079	m0275	35.3	6.36e-28	116
m0079	m0163	30.0	5.39e-27	112
m0079	m0140	31.5	2.67e-26	110
m0079	m0289	32.0	2.5e-24	104
m0079	m0279	29.7	5.59e-16	76
m0079	m0293	25.7	1.24e-15	75
m0079	m0396	32.5	1.16e-13	68
m0079	m0276	26.2	3.39e-13	67
m0079	m0231	28.4	5.78e-13	66
m0079	m0359	24.2	4.89e-12	63
m0079	m0188	27.9	1.09e-11	62
m0079	m0267	31.6	5.98e-10	56
m0079	m0124	25.7	2.27e-09	54
m0079	m0268	28.8	1.92e-08	51
m0079	m0221	27.6	1.99e-05	41
m0079	m0409	28.6	2.6e-05	40
m0079	m0339	41.3	0.000169	38
m0079	m0376	26.8	0.000376	37
m0079	m0180	26.9	0.000641	36
m0079	m0132	33.3	0.00109	35
m0079	m0307	26.3	0.00186	34
m0079	m0243	28.1	0.00542	33
m0079	m0340	27.1	0.00708	32
m0079	m0318	27.3	0.0158	31
m0079	m0102	32.1	0.102	28
m0079	m0102	26.7	0.102	28
m0079	m0189	24.7	0.866	25
m0079	m0257	26.9	1.48	25
m0079	m0325	26.6	1.93	24
m0079	m0324	23.0	5.61	23
m0079	m0192	26.0	9.57	22
m0080	m0194	77.6	1.03e-129	454
m0080	m0354	61.5	5e-100	355
m0080	m0266	61.8	2.32e-97	346
m0080	m0104	57.3	2.85e-87	313
m0080	m0247	55.7	5.03e-84	302
m0080	m0147	54.6	8.3e-79	285
m0080	m0170	52.3	1.85e-78	283
m0080	m0178	53.6	2.67e-77	280
m0080	m0187	51.8	4.56e-77	279
m0080	m0082	49.5	5.95e-77	278
m0080	m0197	51.0	2.26e-76	277
m0080	m0312	54.9	1.91e-75	273
m0080	m0383	55.0	2.59e-72	263
m0080	m0123	51.7	2.59e-72	263
m0080	m0311	48.9	1.85e-70	257
m0080	m0251	51.0	2.42e-70	257
m0080	m0402	47.9	4.13e-70	256
m0080	m0273	48.0	9.2e-70	255
m0080	m0098	48.9	1.57e-69	254
m0080	m0382	48.9	3.5e-69	253
m0080	m0292	49.6	1.33e-68	251
m0080	m0112	51.2	1.33e-68	251
m0080	m0351	49.8	2.96e-68	250
m0080	m0380	48.4	2.96e-68	250
m0080	m0306	49.4	8.61e-68	248
m0080	m0232	48.6	1.92e-67	247
m0080	m0235	47.5	2.51e-67	247
m0080	m0356	49.8	4.27e-67	246
m0080	m0137	46.9	7.29e-67	245
m0080	m0316	46.0	2.12e-66	243
m0080	m0249	46.6	3.62e-66	243
m0080	m0328	49.8	4.73e-66	242
m0080	m0106	47.1	6.17e-66	242
m0080	m0341	45.8	3.06e-65	240
m0080	m0377	48.4	3.06e-65	240
m0080	m0398	48.6	3.06e-65	240
m0080	m0331	48.2	3.06e-65	240
m0080	m0086	45.2	5.23e-65	239
m0080	m0196	48.8	8.91e-65	238
m0080	m0336	46.9	1.16e-64	238
m0080	m0125	47.5	1.16e-64	238
m0080	m0169	45.2	1.52e-64	237
m0080	m0394	46.3	2.59e-64	236
m0080	m0134	45.7	2.59e-64	236
m0080	m0190	48.6	4.42e-64	236
m0080	m0171	48.7	4.42e-64	236
m0080	m0237	47.2	5.78e-64	235
m0080	m0236	46.0	9.86e-64	235
m0080	m0179	43.7	1.29e-63	234
m0080	m0390	45.3	1.68e-63	234
m0080	m0309	48.4	1.68e-63	234
m0080	m0299	45.4	4.89e-63	232
m0080	m0158	45.0	1.42e-62	231
m0080	m0385	46.5	2.43e-62	230
m0080	m0410	46.6	2.43e-62	230
m0080	m0126	46.4	3.17e-62	230
m0080	m0234	44.1	4.14e-62	229
m0080	m0144	45.6	5.41e-62	229
m0080	m0334	46.4	2.68e-61	226
m0080	m0089	43.1	3.51e-61	226
m0080	m0314	44.7	4.58e-61	226
m0080	m0388	43.5	1.02e-60	225
m0080	m0264	43.8	1.02e-60	225
m0080	m0372	45.1	3.88e-60	223
m0080	m0387	44.6	6.61e-60	222
m0080	m0100	45.4	6.61e-60	222
m0080	m0165	43.6	3.28e-59	220
m0080	m0105	43.9	3.28e-59	220
m0080	m0233	44.1	9.55e-59	218
m0080	m0368	43.5	1.63e-58	217
m0080	m0294	45.7	3.63e-58	216
m0080	m0093	45.0	3.63e-58	216
m0080	m0408	42.8	8.08e-58	215
m0080	m0245	41.8	1.38e-57	214
m0080	m0200	43.6	2.35e-57	213
m0080	m0107	44.4	2.35e-57	213
m0080	m0195	44.7	6.84e-57	212
m0080	m0121	41.3	1.29e-55	208
m0080	m0343	43.6	1.29e-55	208
m0080	m0173	41.5	1.68e-55	207
m0080	m0168	41.9	2.87e-55	206
m0080	m0305	41.9	3.75e-55	206
m0080	m0130	42.7	4.9e-55	206
m0080	m0364	40.4	8.36e-55	205
m0080	m0365	41.1	1.09e-54	205
m0080	m0101	40.5	1.43e-54	204
m0080	m0286	40.8	2.43e-54	203
m0080	m0212	41.9	2.06e-53	200
m0080	m0087	39.1	2.06e-53	200
m0080	m0152	41.0	1.74e-52	197
m0080	m0274	39.0	2.78e-50	190
m0080	m0284	43.1	4.75e-50	189
m0080	m0254	38.2	1.8e-49	187
m0080	m0185	41.9	2.36e-49	187
m0080	m0349	40.6	8.96e-49	185
m0080	m0269	40.5	1.99e-48	184
m0080	m0338	40.9	5.8e-48	182
m0080	m0323	39.9	5.8e-48	182
m0080	m0283	41.5	5.8e-48	182
m0080	m0371	41.0	5.8e-48	182
m0080	m0217	40.2	7.58e-48	182
m0080	m0208	40.2	1.29e-47	181
m0080	m0282	40.1	2.88e-47	180
m0080	m0370	40.1	8.38e-47	178
m0080	m0246	38.7	8.38e-47	178
m0080	m0400	41.2	8.38e-47	178
m0080	m0363	38.3	8.38e-47	178
m0080	m0176	39.6	1.09e-46	178
m0080	m0099	39.7	1.43e-46	178
m0080	m0161	41.7	1.43e-46	178
m0080	m0278	40.2	5.43e-46	176
m0080	m0160	38.6	5.43e-46	176
m0080	m0342	39.5	5.43e-46	176
m0080	m0218	40.1	5.43e-46	176
m0080	m0348	39.5	5.43e-46	176
m0080	m0164	38.8	7.1e-46	175
m0080	m0332	39.9	7.1e-46	175
m0080	m0114	40.2	9.27e-46	175
m0080	m0321	38.0	9.27e-46	175
m0080	m0191	38.6	9.27e-46	175
m0080	m0162	38.5	9.27e-46	175
m0080	m0256	39.9	1.21e-45	174
m0080	m0091	40.4	1.21e-45	174
m0080	m0096	38.8	1.58e-45	174
m0080	m0345	39.1	1.58e-45	174
m0080	m0240	40.2	1.58e-45	174
m0080	m0230	37.6	1.58e-45	174
m0080	m0136	38.6	1.58e-45	174
m0080	m0393	39.1	2.06e-45	174
m0080	m0181	39.7	2.7e-45	173
m0080	m0157	38.4	2.7e-45	173
m0080	m0397	41.3	4.6e-45	173
m0080	m0097	40.1	6.01e-45	172
m0080	m0133	38.2	6.01e-45	172
m0080	m0141	38.5	7.85e-45	172
m0080	m0296	39.4	1.02e-44	171
m0080	m0216	38.8	1.02e-44	171
m0080	m0177	38.1	1.34e-44	171
m0080	m0378	38.0	1.34e-44	171
m0080	m0335	38.7	1.34e-44	171
m0080	m0166	38.4	1.34e-44	171
m0080	m0250	39.4	2.28e-44	170
m0080	m0201	39.4	2.98e-44	170
m0080	m0295	38.6	3.89e-44	169
m0080	m0127	38.3	5.09e-44	169
m0080	m0229	38.9	6.64e-44	169
m0080	m0330	38.7	6.64e-44	169
m0080	m0219	40.1	6.64e-44	169
m0080	m0297	37.8	1.13e-43	168
m0080	m0172	37.3	4.3e-43	166
m0080	m0406	38.0	5.62e-43	166
m0080	m0337	39.2	7.34e-43	165
m0080	m0175	37.0	7.34e-43	165
m0080	m0405	37.4	9.59e-43	165
m0080	m0239	38.7	1.64e-42	164
m0080	m0280	37.9	1.81e-41	161
m0080	m0317	38.0	4.03e-41	159
m0080	m0207	37.5	4.45e-40	156
m0080	m0261	36.3	5.82e-40	156
m0080	m0327	36.0	5.82e-40	156
m0080	m0186	35.8	9.92e-40	155
m0080	m0319	37.6	4.93e-39	153
m0080	m0116	35.8	1.87e-38	151
m0080	m0369	37.6	2.7e-37	147
m0080	m0140	33.8	6.66e-36	142
m0080	m0275	34.1	4.77e-34	136
m0080	m0163	32.9	2.22e-31	127
m0080	m0289	31.6	7.38e-27	112
m0080	m0359	25.0	5.66e-19	86
m0080	m0293	23.4	1.18e-16	78
m0080	m0396	29.5	2.01e-16	77
m0080	m0268	27.4	4.96e-15	73
m0080	m0188	25.3	6.48e-15	72
m0080	m0231	26.3	3.21e-14	70
m0080	m0279	29.1	1.03e-12	65
m0080	m0276	25.3	1.14e-11	62
m0080	m0124	21.0	2.02e-08	51
m0080	m0221	30.2	2.09e-05	41
m0080	m0340	32.2	0.00195	34
m0080	m0146	22.9	0.00333	33
m0080	m0267	22.4	0.00435	33
m0080	m0220	25.8	0.0282	30
m0080	m0243	22.4	0.0282	30
m0080	m0324	24.4	0.0481	30
m0080	m0376	29.1	0.0629	29
m0080	m0180	48.4	0.239	27
m0080	m0307	24.2	0.532	26
m0080	m0257	24.1	0.908	25
m0080	m0111	29.2	1.19	25
m0080	m0411	26.5	4.51	23
m0080	m0232	28.6	4.51	23
m0080	m0122	32.8	4.51	23
m0080	m0344	31.0	5.89	23
m0081	m0225	47.1	1.09e-87	315
m0081	m0395	44.1	2.69e-86	310
m0081	m0103	39.9	8.49e-40	156
m0081	m0103	42.9	0.0412	30
m0081	m0379	34.6	3.85	24
m0082	m0187	83.6	1.38e-148	517
m0082	m0197	81.5	8.96e-148	514
m0082	m0312	86.4	8.39e-146	507
m0082	m0170	80.9	1.87e-145	506
m0082	m0178	80.3	2.7e-144	502
m0082	m0251	64.6	5.49e-113	398
m0082	m0356	57.7	1.07e-100	357
m0082	m0383	55.9	5.89e-99	352
m0082	m0351	55.5	8.5e-98	348
m0082	m0311	53.5	1.36e-95	341
m0082	m0179	52.5	3.46e-91	326
m0082	m0098	53.4	1.01e-90	324
m0082	m0410	57.7	1.31e-90	324
m0082	m0292	53.9	2.93e-90	323
m0082	m0104	52.9	5.17e-87	312
m0082	m0147	52.0	3.35e-86	309
m0082	m0247	51.0	2.4e-84	303
m0082	m0266	52.6	1.12e-81	294
m0082	m0354	51.4	2.1e-80	290
m0082	m0194	52.7	1.15e-78	284
m0082	m0112	48.5	5.19e-71	259
m0082	m0402	46.9	7.5e-70	255
m0082	m0385	44.6	9.8e-70	255
m0082	m0123	47.2	1.41e-68	251
m0082	m0169	45.1	1.85e-68	250
m0082	m0314	45.1	4.12e-68	249
m0082	m0328	47.5	9.17e-68	248
m0082	m0086	45.0	1.2e-67	248
m0082	m0237	48.1	1.2e-67	248
m0082	m0273	43.7	1.56e-67	247
m0082	m0306	48.9	2.04e-67	247
m0082	m0398	45.6	4.55e-67	246
m0082	m0190	46.6	5.94e-67	245
m0082	m0168	48.0	7.76e-67	245
m0082	m0196	48.1	1.01e-66	245
m0082	m0299	46.7	1.73e-66	244
m0082	m0234	43.9	2.26e-66	243
m0082	m0171	43.4	3.85e-66	243
m0082	m0382	44.1	3.85e-66	243
m0082	m0316	45.4	3.85e-66	243
m0082	m0331	46.7	5.03e-66	242
m0082	m0377	43.9	6.57e-66	242
m0082	m0235	44.6	1.91e-65	240
m0082	m0134	45.8	4.26e-65	239
m0082	m0390	45.7	5.56e-65	239
m0082	m0249	43.1	7.27e-65	238
m0082	m0106	44.6	1.62e-64	237
m0082	m0089	43.2	3.61e-64	236
m0082	m0380	41.3	4.71e-64	236
m0082	m0232	42.2	1.05e-63	235
m0082	m0236	44.1	1.05e-63	235
m0082	m0126	41.8	2.34e-63	233
m0082	m0368	43.1	3.05e-63	233
m0082	m0264	44.9	2.58e-62	230
m0082	m0336	42.9	7.52e-62	228
m0082	m0125	45.0	1.28e-61	228
m0082	m0394	41.2	2.19e-61	227
m0082	m0158	43.2	2.19e-61	227
m0082	m0341	43.0	4.87e-61	226
m0082	m0137	40.9	1.09e-60	225
m0082	m0388	40.3	1.09e-60	225
m0082	m0144	43.0	3.16e-60	223
m0082	m0087	40.7	1.33e-58	218
m0082	m0365	40.3	1.33e-58	218
m0082	m0200	41.0	2.26e-58	217
m0082	m0152	42.7	2.96e-58	216
m0082	m0093	39.7	5.04e-58	216
m0082	m0100	42.3	4.27e-57	213
m0082	m0334	38.7	1.24e-56	211
m0082	m0309	41.7	4.72e-56	209
m0082	m0372	39.5	6.16e-56	209
m0082	m0343	38.3	2.34e-55	207
m0082	m0233	39.5	4e-55	206
m0082	m0364	37.9	4e-55	206
m0082	m0305	39.9	1.16e-54	205
m0082	m0274	39.3	1.52e-54	204
m0082	m0195	37.0	5.77e-54	202
m0082	m0161	42.1	1.09e-52	198
m0082	m0254	38.2	1.09e-52	198
m0082	m0121	41.8	1.42e-52	198
m0082	m0294	39.0	1.42e-52	198
m0082	m0245	34.9	3.17e-52	196
m0082	m0101	36.4	9.21e-52	195
m0082	m0201	41.7	4.57e-51	193
m0082	m0338	41.1	1.33e-50	191
m0082	m0323	41.1	2.27e-50	190
m0082	m0127	42.1	2.27e-50	190
m0082	m0371	37.9	5.05e-50	189
m0082	m0397	39.9	5.05e-50	189
m0082	m0165	37.2	6.6e-50	189
m0082	m0185	40.6	1.13e-49	188
m0082	m0296	39.3	7.3e-49	185
m0082	m0114	40.5	7.3e-49	185
m0082	m0269	39.8	1.25e-48	184
m0082	m0400	39.5	1.25e-48	184
m0082	m0284	40.5	1.63e-48	184
m0082	m0283	37.0	3.62e-48	183
m0082	m0408	37.1	3.62e-48	183
m0082	m0136	42.5	4.73e-48	183
m0082	m0342	39.1	4.73e-48	183
m0082	m0387	36.9	6.18e-48	182
m0082	m0332	39.1	1.05e-47	181
m0082	m0378	38.4	1.05e-47	181
m0082	m0370	39.1	1.05e-47	181
m0082	m0216	40.0	1.38e-47	181
m0082	m0246	41.3	2.35e-47	180
m0082	m0160	38.7	2.35e-47	180
m0082	m0212	37.9	4.01e-47	179
m0082	m0107	37.9	4.01e-47	179
m0082	m0393	39.0	5.23e-47	179
m0082	m0116	39.5	6.83e-47	179
m0082	m0173	36.1	6.83e-47	179
m0082	m0208	39.3	6.83e-47	179
m0082	m0099	39.9	6.83e-47	179
m0082	m0348	39.7	8.92e-47	178
m0082	m0191	37.6	8.92e-47	178
m0082	m0286	37.5	1.17e-46	178
m0082	m0278	36.7	1.17e-46	178
m0082	m0218	38.4	1.52e-46	178
m0082	m0097	38.0	1.52e-46	178
m0082	m0229	41.7	1.52e-46	178
m0082	m0345	38.3	2.6e-46	177
m0082	m0096	38.1	4.43e-46	176
m0082	m0317	39.4	4.43e-46	176
m0082	m0164	38.8	5.78e-46	176
m0082	m0181	39.4	7.55e-46	175
m0082	m0176	36.9	7.55e-46	175
m0082	m0319	39.0	9.86e-46	175
m0082	m0157	37.3	9.86e-46	175
m0082	m0369	35.6	9.86e-46	175
m0082	m0162	33.2	9.86e-46	175
m0082	m0363	37.4	9.86e-46	175
m0082	m0230	36.7	1.29e-45	174
m0082	m0321	38.2	1.29e-45	174
m0082	m0091	38.0	1.68e-45	174
m0082	m0405	40.5	1.68e-45	174
m0082	m0256	38.0	1.68e-45	174
m0082	m0250	37.9	1.68e-45	174
m0082	m0282	38.3	2.2e-45	174
m0082	m0337	36.4	3.75e-45	173
m0082	m0297	37.2	3.75e-45	173
m0082	m0217	38.3	3.75e-45	173
m0082	m0105	35.2	4.9e-45	173
m0082	m0280	38.9	8.35e-45	172
m0082	m0261	38.4	1.09e-44	171
m0082	m0406	40.2	1.09e-44	171
m0082	m0130	37.3	1.42e-44	171
m0082	m0349	36.7	1.42e-44	171
m0082	m0175	38.7	2.43e-44	170
m0082	m0166	36.6	2.43e-44	170
m0082	m0275	34.9	2.43e-44	170
m0082	m0240	37.8	3.17e-44	170
m0082	m0295	40.3	4.14e-44	169
m0082	m0177	38.3	7.07e-44	169
m0082	m0335	37.5	7.07e-44	169
m0082	m0219	39.8	7.07e-44	169
m0082	m0186	38.2	1.21e-43	168
m0082	m0330	35.8	7.82e-43	165
m0082	m0133	39.2	7.82e-43	165
m0082	m0207	38.5	2.97e-42	163
m0082	m0172	37.7	2.97e-42	163
m0082	m0327	35.2	1.13e-41	161
m0082	m0141	37.0	2.51e-41	160
m0082	m0239	35.1	2.51e-41	160
m0082	m0289	30.5	6.41e-37	146
m0082	m0140	29.2	2.13e-32	131
m0082	m0163	29.8	8.11e-32	129
m0082	m0359	27.4	7.12e-20	89
m0082	m0293	25.4	6.03e-19	86
m0082	m0188	31.5	2.99e-18	84
m0082	m0231	24.8	2.01e-14	71
m0082	m0396	26.2	2.22e-13	67
m0082	m0276	25.0	1.88e-12	64
m0082	m0279	27.3	3.2e-12	64
m0082	m0221	28.4	5.29e-07	46
m0082	m0220	23.8	0.000246	37
m0082	m0267	22.7	0.00122	35
m0082	m0340	43.2	0.00272	34
m0082	m0376	26.1	0.0103	32
m0082	m0180	24.8	0.0513	30
m0082	m0155	31.0	0.74	26
m0082	m0161	28.6	3.67	23
m0082	m0281	21.8	3.67	23
m0082	m0407	40.0	3.67	23
m0083	m0326	57.3	5.47e-73	265
m0083	m0374	57.3	5.3e-68	248
m0083	m0205	58.9	7.65e-67	245
m0083	m0260	29.7	1.16e-14	71
m0083	m0355	30.2	5.38e-12	62
m0083	m0281	25.8	1.91e-09	54
m0083	m0206	26.8	1.24e-08	51
m0083	m0347	25.0	2.76e-08	50
m0083	m0401	28.0	6.16e-08	49
m0083	m0255	22.4	6.37e-05	39
m0083	m0195	29.8	0.0133	31
m0083	m0237	29.3	1.62	24
m0083	m0254	31.0	3.62	23
m0084	m0263	25.4	0.6	27
m0084	m0372	50.0	2.98	24
m0084	m0089	45.5	3.89	24
m0084	m0397	33.3	5.08	23
m0084	m0402	45.2	5.08	23
m0084	m0104	40.0	5.08	23
m0084	m0113	32.4	8.67	23
m0085	m0228	66.7	1.88e-134	470
m0085	m0189	54.9	1.84e-97	347
m0085	m0404	40.6	1.02e-63	235
m0085	m0167	43.3	4.27e-62	230
m0085	m0277	39.2	4.42e-59	220
m0085	m0320	39.3	7.54e-59	219
m0085	m0154	45.0	9.85e-59	218
m0085	m0211	41.3	2.51e-54	204
m0085	m0088	38.9	5.59e-54	203
m0085	m0090	37.8	1.68e-50	191
m0085	m0193	38.8	2.2e-50	191
m0085	m0389	40.5	2.2e-50	191
m0085	m0412	39.3	2.43e-49	187
m0085	m0288	38.7	3.18e-49	187
m0085	m0248	34.8	9.24e-49	185
m0085	m0285	36.6	7.82e-48	182
m0085	m0357	41.2	1.93e-46	178
m0085	m0353	40.1	6.2e-45	173
m0085	m0386	35.2	2.36e-44	171
m0085	m0361	37.0	7.58e-43	166
m0085	m0224	36.5	1.43e-41	161
m0085	m0113	37.0	2.98e-39	154
m0085	m0253	34.3	3.89e-39	153
m0085	m0115	32.5	1.93e-38	151
m0085	m0109	35.5	9.58e-38	149
m0085	m0182	34.1	3.64e-37	147
m0085	m0258	37.7	4.76e-37	146
m0085	m0315	43.0	6.43e-34	136
m0085	m0108	33.0	1.43e-33	135
m0085	m0384	33.5	1.87e-33	134
m0085	m0174	31.1	2.53e-30	124
m0085	m0379	31.8	9.61e-30	122
m0085	m0223	32.2	2.8e-29	121
m0085	m0138	31.9	2.37e-28	117
m0085	m0270	32.1	1.17e-27	115
m0085	m0222	31.5	9.31e-25	106
m0085	m0209	28.4	1.94e-22	98
m0085	m0244	28.4	1.54e-19	88
m0085	m0315	41.8	4.95e-18	83
m0085	m0142	22.9	0.00449	33
m0085	m0360	24.2	0.0291	31
m0085	m0385	25.6	0.0649	30
m0085	m0410	22.6	0.717	26
m0085	m0352	31.8	0.937	26
m0085	m0111	25.8	1.22	25
m0085	m0264	35.2	2.09	25
m0085	m0136	32.7	2.73	24
m0085	m0141	21.5	2.73	24
m0085	m0348	35.6	3.56	24
m0085	m0295	23.1	6.07	23
m0085	m0110	24.8	7.93	23
m0085	m0127	42.3	7.93	23
m0086	m0314	83.3	2.38e-148	516
m0086	m0328	85.8	3.69e-133	465
m0086	m0190	75.1	3.03e-119	419
m0086	m0264	61.5	3.73e-101	359
m0086	m0336	63.4	6.35e-101	358
m0086	m0196	59.9	6.35e-101	358
m0086	m0388	60.3	8.3e-101	358
m0086	m0306	59.3	1.2e-99	354
m0086	m0377	60.9	1.57e-99	354
m0086	m0171	60.7	2.04e-99	353
m0086	m0137	58.1	1.01e-98	351
m0086	m0331	58.7	3.26e-97	346
m0086	m0234	59.2	1.62e-96	344
m0086	m0237	58.1	2.12e-96	343
m0086	m0402	58.2	8.04e-96	341
m0086	m0273	57.8	1.37e-95	341
m0086	m0382	62.0	2.34e-95	340
m0086	m0134	59.2	1.16e-94	337
m0086	m0235	57.5	1.52e-94	337
m0086	m0249	56.4	2.59e-94	336
m0086	m0232	58.2	2.59e-94	336
m0086	m0299	57.8	4.41e-94	335
m0086	m0106	58.1	1.68e-93	334
m0086	m0144	62.0	4.88e-93	332
m0086	m0316	57.6	6.37e-93	332
m0086	m0380	58.7	2.42e-92	330
m0086	m0125	60.4	2.68e-91	326
m0086	m0394	59.2	4.56e-91	325
m0086	m0390	54.5	2.96e-90	323
m0086	m0126	56.4	3.86e-90	322
m0086	m0309	57.5	6.17e-88	315
m0086	m0236	52.7	1.8e-87	314
m0086	m0341	57.3	6.82e-87	312
m0086	m0112	53.6	1.98e-86	310
m0086	m0372	53.8	1.98e-86	310
m0086	m0089	54.6	1.42e-84	304
m0086	m0121	51.0	3.17e-84	303
m0086	m0364	53.9	9.22e-84	301
m0086	m0169	50.0	1.2e-83	301
m0086	m0093	51.3	2.68e-83	300
m0086	m0123	52.2	3.5e-83	299
m0086	m0152	51.0	2.51e-81	293
m0086	m0233	50.2	5.59e-81	292
m0086	m0158	50.8	2.13e-80	290
m0086	m0305	50.5	6.84e-79	285
m0086	m0398	56.3	3.39e-78	283
m0086	m0247	50.7	4.9e-77	279
m0086	m0200	50.0	1.43e-76	277
m0086	m0294	52.0	4.15e-76	276
m0086	m0087	48.0	2.69e-75	273
m0086	m0100	49.0	7.82e-75	272
m0086	m0254	49.5	1.74e-74	270
m0086	m0343	50.2	2.97e-74	270
m0086	m0365	48.7	5.07e-74	269
m0086	m0147	48.7	1.13e-73	268
m0086	m0311	47.6	4.29e-73	266
m0086	m0351	46.8	2.13e-72	263
m0086	m0292	47.8	4.75e-72	262
m0086	m0383	45.8	1.8e-71	260
m0086	m0179	44.8	4.02e-71	259
m0086	m0104	49.8	6.85e-71	258
m0086	m0368	46.0	1.17e-70	258
m0086	m0101	46.2	1.53e-70	257
m0086	m0187	45.1	2.6e-70	257
m0086	m0251	48.4	3.4e-70	256
m0086	m0098	47.6	4.91e-69	252
m0086	m0170	45.6	4.91e-69	252
m0086	m0349	47.9	1.09e-68	251
m0086	m0406	46.2	1.09e-68	251
m0086	m0354	48.3	1.09e-68	251
m0086	m0178	45.3	4.16e-68	249
m0086	m0195	46.2	5.43e-68	249
m0086	m0312	45.8	9.26e-68	248
m0086	m0274	45.0	9.26e-68	248
m0086	m0408	45.0	1.21e-67	248
m0086	m0266	48.4	1.58e-67	247
m0086	m0194	48.0	4.6e-67	246
m0086	m0136	46.2	6e-67	245
m0086	m0338	45.8	7.84e-67	245
m0086	m0157	47.0	2.28e-66	243
m0086	m0197	43.6	3.89e-66	243
m0086	m0410	47.4	5.08e-66	242
m0086	m0385	45.2	6.64e-66	242
m0086	m0269	48.9	8.67e-66	242
m0086	m0356	46.0	1.13e-65	241
m0086	m0295	45.8	1.48e-65	241
m0086	m0165	44.6	4.3e-65	239
m0086	m0181	47.8	4.3e-65	239
m0086	m0323	45.0	5.62e-65	239
m0086	m0334	53.0	1.63e-64	237
m0086	m0127	46.1	1.63e-64	237
m0086	m0091	45.6	2.14e-64	237
m0086	m0177	47.3	2.14e-64	237
m0086	m0191	46.9	2.14e-64	237
m0086	m0173	45.6	4.76e-64	236
m0086	m0166	46.4	6.21e-64	235
m0086	m0240	47.3	6.21e-64	235
m0086	m0185	44.6	1.06e-63	235
m0086	m0296	45.0	1.38e-63	234
m0086	m0230	45.5	1.81e-63	234
m0086	m0250	47.0	4.03e-63	233
m0086	m0217	44.2	4.03e-63	233
m0086	m0208	45.8	4.03e-63	233
m0086	m0172	45.8	4.03e-63	233
m0086	m0216	45.3	6.87e-63	232
m0086	m0335	45.3	6.87e-63	232
m0086	m0297	46.7	1.17e-62	231
m0086	m0342	44.0	1.53e-62	231
m0086	m0114	43.8	1.53e-62	231
m0086	m0330	46.0	1.53e-62	231
m0086	m0282	45.4	2.61e-62	230
m0086	m0175	44.0	2.61e-62	230
m0086	m0096	45.2	3.41e-62	230
m0086	m0246	45.1	3.41e-62	230
m0086	m0161	43.7	3.41e-62	230
m0086	m0332	43.9	5.81e-62	229
m0086	m0283	44.5	7.59e-62	228
m0086	m0141	43.3	7.59e-62	228
m0086	m0261	46.0	1.3e-61	228
m0086	m0164	45.4	1.3e-61	228
m0086	m0363	45.2	1.69e-61	227
m0086	m0321	44.0	2.21e-61	227
m0086	m0400	45.4	2.89e-61	226
m0086	m0133	44.3	2.89e-61	226
m0086	m0393	44.9	8.4e-61	225
m0086	m0278	45.5	8.4e-61	225
m0086	m0107	45.2	8.4e-61	225
m0086	m0099	43.8	1.1e-60	225
m0086	m0160	42.2	1.43e-60	224
m0086	m0327	44.4	1.43e-60	224
m0086	m0176	44.0	1.87e-60	224
m0086	m0256	43.6	2.44e-60	223
m0086	m0397	43.3	2.44e-60	223
m0086	m0378	43.8	3.19e-60	223
m0086	m0337	44.5	4.17e-60	223
m0086	m0229	45.4	4.17e-60	223
m0086	m0345	42.8	4.17e-60	223
m0086	m0186	44.9	9.28e-60	221
m0086	m0348	43.4	1.21e-59	221
m0086	m0370	44.3	1.21e-59	221
m0086	m0162	42.6	1.21e-59	221
m0086	m0218	43.0	1.21e-59	221
m0086	m0116	45.8	1.58e-59	221
m0086	m0239	42.9	2.07e-59	220
m0086	m0280	44.0	4.61e-59	219
m0086	m0245	41.7	4.61e-59	219
m0086	m0319	45.6	7.86e-59	218
m0086	m0286	42.4	1.75e-58	217
m0086	m0219	46.3	2.29e-58	217
m0086	m0387	44.6	8.69e-58	215
m0086	m0317	40.4	1.94e-57	214
m0086	m0201	42.7	4.31e-57	213
m0086	m0097	44.3	5.63e-57	212
m0086	m0130	45.2	9.61e-57	211
m0086	m0284	49.3	3.65e-56	210
m0086	m0405	41.0	3.65e-56	210
m0086	m0105	43.3	1.06e-55	208
m0086	m0212	43.8	2.37e-55	207
m0086	m0207	40.8	2.89e-53	200
m0086	m0168	38.2	2.45e-52	197
m0086	m0371	34.7	1.65e-40	158
m0086	m0289	34.3	4.2e-36	143
m0086	m0163	33.5	7.41e-33	132
m0086	m0140	32.6	1.26e-32	131
m0086	m0275	36.8	1.26e-32	131
m0086	m0369	35.0	2.63e-30	124
m0086	m0293	28.7	9.7e-25	105
m0086	m0359	28.7	2.64e-22	97
m0086	m0188	29.6	1.89e-20	91
m0086	m0276	24.8	3.69e-16	77
m0086	m0396	26.6	6.97e-15	72
m0086	m0231	26.1	7.7e-14	69
m0086	m0268	29.0	3.82e-13	67
m0086	m0279	27.8	2.74e-11	60
m0086	m0267	26.9	7.97e-11	59
m0086	m0124	22.5	3.95e-10	57
m0086	m0139	26.0	2.17e-08	51
m0086	m0221	25.5	3.13e-07	47
m0086	m0409	23.5	1.19e-06	45
m0086	m0257	29.3	3.46e-06	44
m0086	m0376	27.4	7.72e-06	42
m0086	m0339	30.1	2.25e-05	41
m0086	m0307	23.7	8.53e-05	39
m0086	m0146	26.5	0.000722	36
m0086	m0340	26.6	0.00123	35
m0086	m0180	27.5	0.00123	35
m0086	m0220	24.3	0.00161	35
m0086	m0155	38.1	0.00161	35
m0086	m0102	26.3	0.00799	32
m0086	m0411	29.2	0.0136	32
m0086	m0132	26.2	2.84	24
m0086	m0392	22.9	2.84	24
m0086	m0241	28.6	3.71	23
m0086	m0102	25.8	6.33	23
m0086	m0180	27.5	6.33	23
m0086	m0322	27.3	6.33	23
m0086	m0367	38.5	6.33	23
m0086	m0202	50.0	8.27	22
m0087	m0100	62.7	4.31e-102	362
m0087	m0343	58.7	8.71e-95	338
m0087	m0195	57.2	1.39e-92	330
m0087	m0125	55.5	2.38e-84	303
m0087	m0402	53.4	3.11e-84	303
m0087	m0316	51.0	5.86e-83	299
m0087	m0390	51.2	8.46e-82	295
m0087	m0106	51.7	9.35e-81	291
m0087	m0299	51.0	9.35e-81	291
m0087	m0388	50.3	1.22e-80	291
m0087	m0134	50.3	1.59e-80	290
m0087	m0380	51.8	2.08e-80	290
m0087	m0237	51.4	2.72e-80	290
m0087	m0234	51.9	1.76e-79	287
m0087	m0235	49.3	6.7e-79	285
m0087	m0331	50.5	8.75e-79	285
m0087	m0232	48.6	8.75e-79	285
m0087	m0171	49.0	2.55e-78	283
m0087	m0089	51.2	3.33e-78	283
m0087	m0249	49.1	4.34e-78	282
m0087	m0169	46.4	5.67e-78	282
m0087	m0196	48.6	9.68e-78	281
m0087	m0306	48.3	2.82e-77	280
m0087	m0273	47.5	4.8e-77	279
m0087	m0126	49.1	8.19e-77	278
m0087	m0264	46.3	1.4e-76	277
m0087	m0144	51.3	1.82e-76	277
m0087	m0336	50.5	2.38e-76	277
m0087	m0152	50.7	3.11e-76	276
m0087	m0314	49.1	9.06e-76	275
m0087	m0158	47.8	1.18e-75	274
m0087	m0137	47.6	1.54e-75	274
m0087	m0377	47.8	3.44e-75	273
m0087	m0236	49.0	4.49e-75	272
m0087	m0309	48.6	4.49e-75	272
m0087	m0394	46.4	7.67e-75	272
m0087	m0254	50.0	1e-74	271
m0087	m0328	51.5	1.31e-74	271
m0087	m0382	47.9	1.71e-74	270
m0087	m0200	45.8	8.48e-74	268
m0087	m0190	49.2	1.89e-73	267
m0087	m0294	49.1	3.22e-73	266
m0087	m0093	45.7	1.35e-71	261
m0087	m0372	47.9	1.95e-70	257
m0087	m0112	45.3	6.29e-69	252
m0087	m0136	47.6	1.07e-68	251
m0087	m0305	45.1	3.45e-67	246
m0087	m0364	45.6	5.88e-67	245
m0087	m0233	43.6	2.92e-66	243
m0087	m0368	45.6	2.92e-66	243
m0087	m0398	46.7	8.5e-66	242
m0087	m0408	43.9	1.89e-65	240
m0087	m0365	45.2	1.89e-65	240
m0087	m0101	40.8	2.47e-65	240
m0087	m0348	46.2	3.23e-65	240
m0087	m0121	44.6	3.23e-65	240
m0087	m0332	44.1	7.19e-65	238
m0087	m0393	44.7	2.73e-64	236
m0087	m0256	45.1	2.73e-64	236
m0087	m0342	44.8	4.66e-64	236
m0087	m0349	46.1	4.66e-64	236
m0087	m0127	45.1	7.95e-64	235
m0087	m0230	44.0	7.95e-64	235
m0087	m0338	45.9	1.04e-63	235
m0087	m0345	44.7	1.36e-63	234
m0087	m0378	43.9	1.77e-63	234
m0087	m0164	44.9	1.77e-63	234
m0087	m0099	45.5	1.77e-63	234
m0087	m0335	46.3	5.15e-63	232
m0087	m0208	44.7	5.15e-63	232
m0087	m0096	44.4	6.73e-63	232
m0087	m0321	44.1	8.79e-63	231
m0087	m0218	44.7	8.79e-63	231
m0087	m0341	43.9	1.15e-62	231
m0087	m0160	44.8	1.15e-62	231
m0087	m0323	44.5	1.5e-62	231
m0087	m0400	45.2	1.5e-62	231
m0087	m0166	44.5	3.34e-62	230
m0087	m0363	43.7	3.34e-62	230
m0087	m0123	42.7	4.36e-62	229
m0087	m0327	45.5	7.44e-62	228
m0087	m0161	45.5	9.72e-62	228
m0087	m0269	46.4	9.72e-62	228
m0087	m0191	44.7	1.66e-61	227
m0087	m0217	43.3	2.83e-61	226
m0087	m0297	45.0	3.69e-61	226
m0087	m0247	41.9	4.82e-61	226
m0087	m0177	45.6	6.3e-61	225
m0087	m0187	40.7	1.07e-60	225
m0087	m0185	42.5	1.07e-60	225
m0087	m0147	40.7	1.83e-60	224
m0087	m0240	43.1	1.83e-60	224
m0087	m0114	44.3	2.39e-60	223
m0087	m0250	45.9	4.08e-60	223
m0087	m0397	44.8	5.33e-60	222
m0087	m0157	43.6	5.33e-60	222
m0087	m0251	44.6	6.97e-60	222
m0087	m0133	45.0	9.1e-60	221
m0087	m0312	42.6	2.03e-59	220
m0087	m0091	44.6	2.03e-59	220
m0087	m0266	41.8	2.65e-59	220
m0087	m0282	44.8	2.65e-59	220
m0087	m0283	43.1	4.52e-59	219
m0087	m0162	41.6	4.52e-59	219
m0087	m0274	41.3	5.9e-59	219
m0087	m0176	44.8	5.9e-59	219
m0087	m0295	42.5	1.31e-58	218
m0087	m0330	44.2	1.72e-58	217
m0087	m0406	42.2	2.24e-58	217
m0087	m0216	44.6	3.82e-58	216
m0087	m0178	39.9	3.82e-58	216
m0087	m0261	44.6	3.82e-58	216
m0087	m0170	39.9	4.99e-58	216
m0087	m0104	41.2	4.99e-58	216
m0087	m0351	39.8	1.11e-57	215
m0087	m0334	42.0	1.45e-57	214
m0087	m0239	43.1	1.45e-57	214
m0087	m0201	42.8	2.48e-57	213
m0087	m0186	43.2	2.48e-57	213
m0087	m0354	41.8	3.24e-57	213
m0087	m0181	43.3	3.24e-57	213
m0087	m0317	42.2	4.23e-57	213
m0087	m0280	45.2	4.23e-57	213
m0087	m0116	43.9	5.52e-57	212
m0087	m0197	39.1	5.52e-57	212
m0087	m0370	43.7	5.52e-57	212
m0087	m0311	40.9	9.41e-57	211
m0087	m0172	43.5	1.23e-56	211
m0087	m0107	41.5	1.61e-56	211
m0087	m0141	43.4	2.1e-56	210
m0087	m0292	38.9	2.74e-56	210
m0087	m0278	42.6	4.67e-56	209
m0087	m0383	37.9	6.1e-56	209
m0087	m0246	41.5	7.97e-56	208
m0087	m0296	42.9	1.04e-55	208
m0087	m0165	40.3	1.36e-55	208
m0087	m0175	42.6	1.78e-55	207
m0087	m0229	45.8	3.96e-55	206
m0087	m0337	40.9	1.5e-54	204
m0087	m0179	39.4	1.96e-54	204
m0087	m0319	43.0	1.96e-54	204
m0087	m0097	42.0	2.56e-54	203
m0087	m0405	40.5	3.35e-54	203
m0087	m0105	40.1	4.37e-54	203
m0087	m0356	38.7	9.74e-54	201
m0087	m0173	40.4	2.83e-53	200
m0087	m0385	38.2	8.25e-53	198
m0087	m0410	37.9	8.25e-53	198
m0087	m0219	45.7	1.41e-52	198
m0087	m0245	39.7	2.4e-52	197
m0087	m0207	39.0	1.19e-51	195
m0087	m0098	36.5	4.53e-51	193
m0087	m0194	39.8	7.72e-51	192
m0087	m0286	37.5	2.25e-50	190
m0087	m0284	43.4	2.48e-49	187
m0087	m0212	39.0	5.53e-49	186
m0087	m0387	36.3	6.12e-48	182
m0087	m0130	38.8	5.18e-47	179
m0087	m0168	39.4	1.15e-46	178
m0087	m0371	35.2	3.04e-39	153
m0087	m0289	30.5	1.28e-29	121
m0087	m0369	30.3	1.08e-28	118
m0087	m0275	29.8	1.57e-27	114
m0087	m0140	30.1	1.37e-23	101
m0087	m0163	28.1	3.99e-23	100
m0087	m0293	27.6	9.83e-22	95
m0087	m0359	26.5	2.96e-18	84
m0087	m0231	25.2	9.52e-17	79
m0087	m0276	26.9	2.77e-16	77
m0087	m0188	27.4	1.16e-14	72
m0087	m0396	26.8	1.57e-11	61
m0087	m0124	23.0	4.58e-11	60
m0087	m0268	24.9	2.51e-09	54
m0087	m0279	26.2	4.29e-09	53
m0087	m0307	24.6	9.55e-09	52
m0087	m0267	23.4	1.63e-08	51
m0087	m0324	25.3	3.75e-05	40
m0087	m0221	26.0	4.9e-05	40
m0087	m0220	28.8	0.000143	38
m0087	m0376	28.7	0.00121	35
m0087	m0291	27.3	0.00206	34
m0087	m0340	28.8	0.00459	33
m0087	m0139	22.2	0.00459	33
m0087	m0257	26.2	0.0228	31
m0087	m0291	24.7	0.0865	29
m0087	m0322	22.7	0.329	27
m0087	m0180	23.9	0.43	27
m0087	m0191	35.8	0.733	26
m0087	m0301	27.8	0.733	26
m0087	m0339	26.7	0.957	25
m0087	m0367	38.6	2.13	24
m0087	m0108	22.6	2.13	24
m0087	m0375	27.9	2.78	24
m0087	m0202	42.9	4.75	23
m0088	m0248	49.2	4.47e-81	292
m0088	m0277	48.1	2.22e-80	290
m0088	m0320	48.9	1.59e-78	284
m0088	m0090	46.2	6.05e-70	255
m0088	m0193	43.1	4.06e-66	243
m0088	m0182	42.0	5.3e-66	242
m0088	m0211	45.0	1.18e-65	241
m0088	m0253	45.3	1.54e-65	241
m0088	m0386	44.0	8.47e-64	235
m0088	m0113	44.9	4.2e-63	233
m0088	m0412	41.2	3.56e-62	230
m0088	m0288	42.5	1.49e-60	224
m0088	m0189	40.9	9.69e-60	221
m0088	m0154	42.0	2.02e-57	214
m0088	m0315	43.6	2.64e-57	213
m0088	m0404	38.5	4.97e-56	209
m0088	m0109	39.0	1.6e-54	204
m0088	m0353	41.0	2.09e-54	204
m0088	m0224	38.5	6.72e-53	199
m0088	m0115	38.6	6.72e-53	199
m0088	m0389	36.6	6.72e-53	199
m0088	m0228	37.4	8.22e-51	192
m0088	m0167	37.5	6.96e-50	189
m0088	m0357	37.0	1e-48	185
m0088	m0285	35.0	4.67e-46	176
m0088	m0189	50.8	6.74e-45	172
m0088	m0361	35.3	6.31e-43	166
m0088	m0108	34.1	4.68e-38	149
m0088	m0258	35.8	7.98e-38	149
m0088	m0384	32.6	8.26e-35	139
m0088	m0167	43.0	1.08e-34	138
m0088	m0209	32.2	4.1e-34	136
m0088	m0174	32.1	1.19e-33	135
m0088	m0223	35.9	3.47e-33	133
m0088	m0244	29.4	3.84e-32	130
m0088	m0138	30.2	8e-30	122
m0088	m0379	30.1	1.04e-29	122
m0088	m0270	30.1	1.97e-28	117
m0088	m0222	31.6	9.15e-26	109
m0088	m0369	33.3	6.6	23
m0089	m0380	60.2	7.33e-99	351
m0089	m0249	59.4	1.29e-95	341
m0089	m0158	59.4	1.34e-92	330
m0089	m0299	59.5	1.75e-92	330
m0089	m0331	57.9	1.64e-90	324
m0089	m0233	58.4	1.64e-90	324
m0089	m0306	56.7	1.64e-90	324
m0089	m0402	56.3	2.14e-90	323
m0089	m0234	57.1	2.14e-90	323
m0089	m0273	54.5	4.76e-90	322
m0089	m0336	57.3	1.81e-89	320
m0089	m0196	55.9	3.09e-89	319
m0089	m0264	56.1	4.03e-89	319
m0089	m0134	54.9	6.87e-89	318
m0089	m0316	55.3	8.98e-89	318
m0089	m0144	59.5	2.61e-88	316
m0089	m0125	59.5	2.61e-88	316
m0089	m0235	54.0	3.41e-88	316
m0089	m0232	54.4	3.41e-88	316
m0089	m0390	55.4	9.93e-88	314
m0089	m0106	54.7	1.69e-87	314
m0089	m0190	58.8	6.43e-87	312
m0089	m0398	56.0	1.1e-86	311
m0089	m0171	53.4	2.45e-86	310
m0089	m0314	56.6	4.17e-86	309
m0089	m0237	55.0	2.07e-85	307
m0089	m0100	53.4	4.61e-85	305
m0089	m0343	54.9	7.87e-85	305
m0089	m0236	55.4	2.29e-84	303
m0089	m0200	52.7	3.9e-84	302
m0089	m0294	56.3	3.9e-84	302
m0089	m0382	54.2	6.66e-84	302
m0089	m0137	54.2	1.48e-83	300
m0089	m0377	51.0	5.64e-83	299
m0089	m0309	56.3	5.64e-83	299
m0089	m0328	56.9	1.26e-82	297
m0089	m0388	52.4	2.14e-82	297
m0089	m0126	52.8	3.65e-82	296
m0089	m0305	53.0	6.23e-82	295
m0089	m0394	50.7	8.14e-82	295
m0089	m0195	52.5	1.81e-81	294
m0089	m0169	50.5	2.62e-80	290
m0089	m0365	51.6	9.95e-80	288
m0089	m0368	50.2	3.78e-79	286
m0089	m0093	49.8	6.45e-79	285
m0089	m0349	53.8	4.18e-78	282
m0089	m0372	50.9	7.13e-78	282
m0089	m0152	50.2	2.07e-77	280
m0089	m0191	53.7	2.71e-77	280
m0089	m0269	53.3	7.88e-77	278
m0089	m0247	48.8	3e-76	276
m0089	m0400	51.9	2.54e-75	273
m0089	m0254	50.4	2.54e-75	273
m0089	m0101	47.1	1.64e-74	270
m0089	m0136	48.3	1.64e-74	270
m0089	m0332	51.9	1.64e-74	270
m0089	m0364	49.5	1.64e-74	270
m0089	m0230	52.0	2.15e-74	270
m0089	m0342	51.7	2.8e-74	270
m0089	m0323	50.0	3.66e-74	269
m0089	m0321	51.5	4.78e-74	269
m0089	m0176	50.3	6.25e-74	268
m0089	m0208	51.4	6.25e-74	268
m0089	m0297	51.6	8.16e-74	268
m0089	m0296	50.9	1.07e-73	268
m0089	m0096	51.4	1.39e-73	267
m0089	m0133	52.2	2.37e-73	267
m0089	m0256	50.7	3.1e-73	266
m0089	m0330	51.1	3.1e-73	266
m0089	m0250	51.4	4.05e-73	266
m0089	m0127	51.1	5.29e-73	265
m0089	m0099	50.3	5.29e-73	265
m0089	m0378	51.1	6.91e-73	265
m0089	m0363	50.3	9.02e-73	265
m0089	m0393	51.2	9.02e-73	265
m0089	m0345	50.9	1.18e-72	264
m0089	m0121	46.6	1.54e-72	264
m0089	m0112	51.0	2.01e-72	263
m0089	m0164	49.7	2.01e-72	263
m0089	m0335	50.3	2.62e-72	263
m0089	m0218	50.7	3.43e-72	263
m0089	m0334	49.3	3.43e-72	263
m0089	m0338	48.3	4.48e-72	262
m0089	m0217	50.3	5.85e-72	262
m0089	m0327	50.2	5.85e-72	262
m0089	m0114	49.7	7.64e-72	262
m0089	m0185	50.0	7.64e-72	262
m0089	m0348	51.0	9.97e-72	261
m0089	m0166	50.3	9.97e-72	261
m0089	m0216	48.3	1.3e-71	261
m0089	m0160	50.3	1.3e-71	261
m0089	m0261	50.5	1.3e-71	261
m0089	m0123	49.5	2.22e-71	260
m0089	m0141	50.0	2.46e-70	257
m0089	m0283	47.6	5.47e-70	255
m0089	m0282	51.3	5.47e-70	255
m0089	m0341	47.8	7.15e-70	255
m0089	m0278	47.6	9.33e-70	255
m0089	m0186	51.0	9.33e-70	255
m0089	m0240	50.9	9.33e-70	255
m0089	m0274	44.2	1.59e-69	254
m0089	m0157	49.3	1.59e-69	254
m0089	m0337	46.9	2.08e-69	253
m0089	m0091	51.0	4.63e-69	252
m0089	m0370	47.9	1.03e-68	251
m0089	m0295	50.2	1.03e-68	251
m0089	m0116	50.5	1.76e-68	250
m0089	m0177	49.1	2.3e-68	250
m0089	m0354	46.8	2.3e-68	250
m0089	m0172	50.0	3e-68	250
m0089	m0147	47.7	3e-68	250
m0089	m0181	51.3	3.92e-68	249
m0089	m0229	52.0	3.92e-68	249
m0089	m0406	49.0	6.69e-68	248
m0089	m0104	46.2	6.69e-68	248
m0089	m0246	49.1	8.74e-68	248
m0089	m0408	47.9	1.49e-67	247
m0089	m0219	53.8	4.34e-67	246
m0089	m0397	48.0	4.34e-67	246
m0089	m0239	46.6	5.66e-67	245
m0089	m0097	47.3	9.66e-67	245
m0089	m0356	51.3	1.26e-66	244
m0089	m0319	49.3	3.67e-66	243
m0089	m0201	48.9	4.79e-66	242
m0089	m0266	43.9	3.11e-65	240
m0089	m0251	48.7	4.06e-65	239
m0089	m0311	45.4	9.04e-65	238
m0089	m0161	46.7	9.04e-65	238
m0089	m0351	44.4	3.44e-64	236
m0089	m0187	44.3	1e-63	235
m0089	m0178	43.3	1e-63	235
m0089	m0284	50.2	1.31e-63	234
m0089	m0194	45.4	3.8e-63	233
m0089	m0280	47.5	3.8e-63	233
m0089	m0317	46.3	8.46e-63	231
m0089	m0312	45.2	1.11e-62	231
m0089	m0175	47.0	1.44e-62	231
m0089	m0245	44.4	2.46e-62	230
m0089	m0197	42.8	5.49e-62	229
m0089	m0179	41.5	2.08e-61	227
m0089	m0170	41.7	2.08e-61	227
m0089	m0405	45.1	6.06e-61	225
m0089	m0410	45.1	7.92e-61	225
m0089	m0385	44.6	1.35e-60	224
m0089	m0162	42.5	5.13e-60	222
m0089	m0207	45.0	1.49e-59	221
m0089	m0292	42.9	1.49e-59	221
m0089	m0383	42.1	2.55e-59	220
m0089	m0098	43.0	2.55e-59	220
m0089	m0286	42.1	1.65e-58	217
m0089	m0212	43.8	4.81e-58	216
m0089	m0105	40.8	1.4e-57	214
m0089	m0173	41.6	1.55e-56	211
m0089	m0165	40.4	4.5e-56	209
m0089	m0130	42.3	3.81e-55	206
m0089	m0107	39.8	4.97e-55	206
m0089	m0387	41.5	4.97e-55	206
m0089	m0168	37.5	1.6e-53	201
m0089	m0371	34.9	1.01e-39	155
m0089	m0369	33.6	1.19e-32	131
m0089	m0275	31.6	9.44e-30	122
m0089	m0289	32.7	7e-25	106
m0089	m0163	30.3	9.15e-25	105
m0089	m0140	26.8	1.91e-22	97
m0089	m0293	27.4	3.37e-19	87
m0089	m0231	26.3	2.04e-16	77
m0089	m0359	26.5	3.48e-16	77
m0089	m0276	24.0	8.03e-13	65
m0089	m0188	24.3	1.37e-12	65
m0089	m0396	26.8	2.34e-12	64
m0089	m0124	27.2	7.52e-11	59
m0089	m0279	29.3	3.73e-10	57
m0089	m0268	29.3	1.85e-09	54
m0089	m0267	22.0	5.04e-07	46
m0089	m0221	27.9	6.16e-05	39
m0089	m0291	25.8	0.000234	37
m0089	m0117	32.5	0.000234	37
m0089	m0307	21.3	0.000234	37
m0089	m0399	28.9	0.000306	37
m0089	m0409	28.7	0.000522	36
m0089	m0339	21.3	0.00753	32
m0089	m0340	30.3	0.0638	29
m0089	m0303	28.8	0.109	28
m0089	m0324	25.0	0.109	28
m0089	m0257	23.4	0.109	28
m0089	m0220	23.8	0.142	28
m0089	m0411	28.4	0.242	27
m0089	m0376	23.6	0.242	27
m0089	m0180	26.5	0.317	27
m0089	m0151	25.2	0.705	26
m0089	m0102	25.8	7.8	22
m0090	m0277	49.3	1.17e-81	294
m0090	m0320	48.3	2.7e-78	283
m0090	m0154	47.6	2.22e-72	263
m0090	m0248	46.4	1.44e-71	261
m0090	m0386	47.9	4.18e-71	259
m0090	m0211	43.6	9.02e-66	242
m0090	m0389	42.5	4.47e-65	239
m0090	m0193	45.7	4.47e-65	239
m0090	m0315	43.8	4.95e-64	236
m0090	m0253	41.7	8.44e-64	235
m0090	m0288	40.5	1.65e-59	221
m0090	m0113	40.3	4.06e-58	216
m0090	m0109	40.5	9.99e-57	211
m0090	m0404	40.6	2.23e-56	210
m0090	m0412	40.1	2.72e-54	203
m0090	m0182	36.9	6.06e-54	202
m0090	m0357	41.7	6.06e-54	202
m0090	m0224	39.7	6.7e-53	199
m0090	m0115	39.3	6.27e-51	192
m0090	m0228	38.6	1.07e-50	191
m0090	m0167	38.7	1.4e-50	191
m0090	m0353	42.8	2.38e-50	190
m0090	m0189	38.2	5.31e-50	189
m0090	m0285	36.5	3.56e-46	176
m0090	m0361	32.8	1.71e-40	158
m0090	m0258	37.7	4.98e-40	156
m0090	m0189	45.9	1.6e-38	151
m0090	m0138	34.2	3.34e-36	143
m0090	m0379	31.7	9.72e-36	142
m0090	m0108	32.0	3.69e-35	140
m0090	m0223	34.6	2.39e-34	137
m0090	m0174	31.3	4.08e-34	136
m0090	m0384	32.6	6.97e-34	136
m0090	m0244	34.0	1.31e-32	131
m0090	m0270	33.7	3.82e-32	130
m0090	m0209	30.4	1.78e-29	121
m0090	m0222	31.9	7.46e-28	116
m0090	m0246	29.0	0.0918	29
m0090	m0295	28.7	0.205	28
m0090	m0121	33.3	1.02	25
m0090	m0157	29.8	1.33	25
m0090	m0137	25.5	2.95	24
m0090	m0302	32.7	2.95	24
m0090	m0305	23.9	6.58	23
m0091	m0177	75.4	2.58e-126	443
m0091	m0330	75.0	2.18e-125	439
m0091	m0157	73.2	8.3e-125	438
m0091	m0240	74.7	4.12e-124	435
m0091	m0349	69.1	6.57e-122	428
m0091	m0282	74.7	5.57e-121	425
m0091	m0191	71.2	7.27e-121	424
m0091	m0166	71.4	1.24e-120	424
m0091	m0246	73.9	5.21e-119	418
m0091	m0133	74.0	6.8e-119	418
m0091	m0181	77.3	6.8e-119	418
m0091	m0172	69.8	1.68e-117	413
m0091	m0295	69.0	2.19e-117	413
m0091	m0141	70.6	3.16e-116	409
m0091	m0175	70.1	3.49e-115	406
m0091	m0327	67.0	4.56e-115	405
m0091	m0406	69.9	7.78e-115	404
m0091	m0335	67.3	2.96e-114	403
m0091	m0296	65.9	1.05e-111	394
m0091	m0337	64.1	5.22e-111	392
m0091	m0278	65.2	3.38e-110	389
m0091	m0250	67.5	4.42e-110	389
m0091	m0400	64.6	1.29e-109	387
m0091	m0114	64.3	3.17e-108	382
m0091	m0283	65.4	2.05e-107	380
m0091	m0176	64.5	2.68e-107	379
m0091	m0370	64.7	4.57e-107	379
m0091	m0256	64.6	1.02e-106	377
m0091	m0097	65.2	1.33e-106	377
m0091	m0393	63.3	2.96e-106	376
m0091	m0332	63.8	2.96e-106	376
m0091	m0096	62.3	1.13e-105	374
m0091	m0217	63.5	1.92e-105	373
m0091	m0345	64.2	2.51e-105	373
m0091	m0342	63.9	3.28e-105	372
m0091	m0208	61.3	5.59e-105	372
m0091	m0321	63.5	9.54e-105	371
m0091	m0348	63.2	1.63e-104	370
m0091	m0164	62.8	2.77e-104	369
m0091	m0116	64.0	3.62e-104	369
m0091	m0239	58.3	8.07e-104	368
m0091	m0218	63.2	1.05e-103	367
m0091	m0160	62.8	1.38e-103	367
m0091	m0363	61.4	1.38e-103	367
m0091	m0378	61.7	1.38e-103	367
m0091	m0261	66.2	1.8e-103	367
m0091	m0099	63.2	1.8e-103	367
m0091	m0319	63.6	2.35e-103	366
m0091	m0230	61.4	4.01e-103	366
m0091	m0216	61.6	1.17e-102	364
m0091	m0323	62.1	2.6e-102	363
m0091	m0186	66.4	2.6e-102	363
m0091	m0280	66.7	6.4e-101	358
m0091	m0127	61.1	4.15e-100	356
m0091	m0136	59.3	2.28e-98	350
m0091	m0219	63.1	3.88e-98	349
m0091	m0229	60.7	3.88e-98	349
m0091	m0338	60.5	2.52e-97	346
m0091	m0269	59.4	3.4e-94	336
m0091	m0207	56.5	3.52e-91	326
m0091	m0397	55.0	1.48e-89	320
m0091	m0161	54.8	2.52e-89	320
m0091	m0185	54.4	1.81e-87	314
m0091	m0405	54.4	6.87e-87	312
m0091	m0201	54.6	2.61e-86	310
m0091	m0317	52.5	2.61e-86	310
m0091	m0297	55.0	2.7e-83	300
m0091	m0125	56.8	6.65e-82	295
m0091	m0106	52.2	8.69e-82	295
m0091	m0331	54.0	1.94e-81	294
m0091	m0402	53.6	5.63e-81	292
m0091	m0299	54.2	7.35e-81	292
m0091	m0390	51.5	8.99e-79	285
m0091	m0169	51.0	4.46e-78	282
m0091	m0237	51.4	2.21e-77	280
m0091	m0236	53.0	2.89e-77	280
m0091	m0235	51.2	8.41e-77	278
m0091	m0232	51.2	2.45e-76	277
m0091	m0316	51.2	1.21e-75	274
m0091	m0249	49.2	4.62e-75	272
m0091	m0134	50.0	2.29e-74	270
m0091	m0306	49.5	6.67e-74	268
m0091	m0158	49.0	4.32e-73	266
m0091	m0380	50.4	3.66e-72	263
m0091	m0394	47.3	1.82e-71	260
m0091	m0196	47.9	2.37e-71	260
m0091	m0264	45.6	1.3e-69	254
m0091	m0137	48.8	1.7e-69	254
m0091	m0309	47.2	2.22e-69	253
m0091	m0171	46.6	1.44e-68	251
m0091	m0144	51.0	4.19e-68	249
m0091	m0233	46.5	5.47e-68	249
m0091	m0234	47.5	5.47e-68	249
m0091	m0336	49.5	9.32e-68	248
m0091	m0100	49.5	1.22e-67	248
m0091	m0377	46.5	1.59e-67	247
m0091	m0388	47.0	3.54e-67	246
m0091	m0200	45.6	3.54e-67	246
m0091	m0305	46.9	4.63e-67	246
m0091	m0368	48.6	1.76e-66	244
m0091	m0343	48.5	2.3e-66	243
m0091	m0195	46.6	8.73e-66	242
m0091	m0314	46.6	3.32e-65	240
m0091	m0294	48.1	4.33e-65	239
m0091	m0190	49.0	4.33e-65	239
m0091	m0273	45.7	7.39e-65	238
m0091	m0372	46.3	9.65e-65	238
m0091	m0274	44.3	9.65e-65	238
m0091	m0126	45.2	2.15e-64	237
m0091	m0382	47.5	3.1e-63	233
m0091	m0365	45.2	6.91e-63	232
m0091	m0398	46.9	4.48e-62	229
m0091	m0328	46.6	1.1e-60	225
m0091	m0254	43.3	5.13e-58	216
m0091	m0121	40.3	1.49e-57	214
m0091	m0101	41.4	1.95e-57	214
m0091	m0408	41.6	3.32e-57	213
m0091	m0247	43.6	4.34e-57	213
m0091	m0112	42.5	2.81e-56	210
m0091	m0152	41.8	4.8e-56	209
m0091	m0354	39.9	9.05e-55	205
m0091	m0364	42.3	2.02e-54	204
m0091	m0123	41.4	4.49e-54	203
m0091	m0104	41.0	5.87e-54	202
m0091	m0147	42.2	7.66e-54	202
m0091	m0093	40.8	1.31e-53	201
m0091	m0266	39.2	4.97e-53	199
m0091	m0385	42.3	1.04e-50	191
m0091	m0311	40.3	8.77e-50	188
m0091	m0165	40.8	1.5e-49	188
m0091	m0351	40.1	9.69e-49	185
m0091	m0410	41.6	9.69e-49	185
m0091	m0194	40.9	1.27e-48	184
m0091	m0341	38.9	4.81e-48	183
m0091	m0334	44.7	4.81e-48	183
m0091	m0292	40.0	4.81e-48	183
m0091	m0356	41.5	8.21e-48	182
m0091	m0178	39.6	8.21e-48	182
m0091	m0107	44.2	1.83e-47	181
m0091	m0187	39.1	1.83e-47	181
m0091	m0387	38.7	3.12e-47	180
m0091	m0105	36.3	4.07e-47	179
m0091	m0286	37.8	9.07e-47	178
m0091	m0212	40.4	9.07e-47	178
m0091	m0179	38.6	1.55e-46	178
m0091	m0383	37.5	2.64e-46	177
m0091	m0170	37.7	2.64e-46	177
m0091	m0251	39.8	7.68e-46	175
m0091	m0197	38.0	2.92e-45	173
m0091	m0312	38.6	7.19e-44	169
m0091	m0173	36.0	1.23e-43	168
m0091	m0098	35.6	6.09e-43	166
m0091	m0130	36.4	1.77e-42	164
m0091	m0284	41.6	3.94e-42	163
m0091	m0162	36.0	8.79e-42	162
m0091	m0245	33.4	4.08e-39	153
m0091	m0371	35.9	4.22e-36	143
m0091	m0168	37.0	1.61e-35	141
m0091	m0369	34.7	3.7e-32	130
m0091	m0275	33.5	4.52e-30	123
m0091	m0163	29.1	9.76e-25	105
m0091	m0140	27.8	1.27e-24	105
m0091	m0289	30.0	3.14e-23	100
m0091	m0279	30.1	1.16e-17	82
m0091	m0188	26.6	2.41e-15	74
m0091	m0293	26.3	7.01e-15	72
m0091	m0396	28.2	3.85e-13	67
m0091	m0359	23.2	4.25e-12	63
m0091	m0276	26.6	7.26e-12	62
m0091	m0231	25.3	3.98e-10	57
m0091	m0267	27.7	1.51e-09	55
m0091	m0124	24.3	4.87e-08	50
m0091	m0268	27.5	1.08e-07	49
m0091	m0221	28.3	0.00124	35
m0091	m0318	24.3	0.00361	33
m0091	m0132	28.8	0.00616	33
m0091	m0243	24.7	0.0105	32
m0091	m0180	23.8	0.0234	31
m0091	m0339	35.3	0.0399	30
m0091	m0333	27.6	0.0521	30
m0091	m0282	26.2	0.0521	30
m0091	m0324	22.3	0.0521	30
m0091	m0340	26.3	0.0681	29
m0091	m0180	26.5	0.0681	29
m0091	m0307	30.8	0.0889	29
m0091	m0102	28.6	0.0889	29
m0091	m0371	25.0	0.116	28
m0091	m0376	29.3	0.116	28
m0091	m0346	30.5	0.116	28
m0091	m0221	27.7	0.152	28
m0091	m0102	38.6	0.259	27
m0091	m0263	47.1	8.32	22
m0092	m0110	45.5	7.16e-81	292
m0092	m0310	34.9	9.77e-46	175
m0092	m0131	37.1	8.85e-39	152
m0092	m0264	25.8	0.0663	30
m0092	m0126	30.0	0.43	27
m0092	m0371	43.3	1.25	25
m0092	m0291	23.2	1.25	25
m0092	m0263	34.0	1.63	25
m0092	m0229	28.1	2.78	24
m0092	m0093	22.4	2.78	24
m0092	m0337	29.3	2.78	24
m0092	m0336	29.7	2.78	24
m0092	m0235	31.1	3.64	24
m0092	m0232	32.3	3.64	24
m0092	m0160	25.7	3.64	24
m0092	m0388	30.2	4.75	23
m0092	m0208	27.4	4.75	23
m0092	m0171	27.5	6.2	23
m0092	m0123	35.0	6.2	23
m0092	m0196	29.7	6.2	23
m0092	m0116	24.3	8.1	23
m0092	m0099	37.0	8.1	23
m0092	m0207	25.6	8.1	23
m0092	m0228	26.9	8.1	23
m0093	m0306	57.7	6.43e-93	332
m0093	m0196	54.8	2.99e-90	323
m0093	m0171	54.5	1.53e-86	310
m0093	m0106	53.1	2e-86	310
m0093	m0380	55.6	2.62e-86	310
m0093	m0377	53.3	5.83e-86	309
m0093	m0309	55.7	5.83e-86	309
m0093	m0331	51.5	9.95e-86	308
m0093	m0314	53.0	1.88e-84	304
m0093	m0232	52.6	9.31e-84	301
m0093	m0336	55.9	7.88e-83	298
m0093	m0249	50.0	3e-82	296
m0093	m0390	51.2	3e-82	296
m0093	m0235	49.7	8.72e-82	295
m0093	m0125	55.8	1.14e-81	294
m0093	m0273	50.2	3.31e-81	293
m0093	m0134	51.3	3.31e-81	293
m0093	m0190	56.3	5.65e-81	292
m0093	m0236	51.5	7.38e-81	292
m0093	m0299	51.5	4.78e-80	289
m0093	m0328	57.6	8.16e-80	288
m0093	m0237	52.7	1.39e-79	287
m0093	m0394	50.5	1.82e-79	287
m0093	m0402	49.2	2.37e-79	287
m0093	m0316	52.0	3.1e-79	286
m0093	m0126	50.5	1.54e-78	284
m0093	m0158	48.1	9.97e-78	281
m0093	m0169	50.3	1.3e-77	281
m0093	m0234	49.5	1.7e-77	280
m0093	m0137	49.0	5.47e-76	275
m0093	m0200	47.5	2.72e-75	273
m0093	m0382	51.0	2.72e-75	273
m0093	m0144	54.4	6.05e-75	272
m0093	m0264	48.1	1.03e-74	271
m0093	m0372	47.1	1.76e-74	270
m0093	m0112	49.0	1.14e-73	268
m0093	m0388	47.5	1.14e-73	268
m0093	m0305	47.3	3.32e-73	266
m0093	m0343	48.8	4.34e-73	266
m0093	m0294	50.2	4.34e-73	266
m0093	m0152	47.6	5.66e-73	265
m0093	m0365	48.3	1.65e-72	264
m0093	m0123	48.2	1.65e-72	264
m0093	m0254	50.3	2.15e-72	263
m0093	m0247	46.7	6.92e-71	258
m0093	m0233	46.3	1.18e-70	258
m0093	m0100	47.0	3.44e-70	256
m0093	m0334	55.2	1.31e-69	254
m0093	m0101	44.8	2.91e-69	253
m0093	m0147	48.7	4.96e-69	252
m0093	m0341	46.7	4.96e-69	252
m0093	m0398	50.4	1.88e-68	250
m0093	m0408	45.5	3.22e-68	250
m0093	m0368	41.9	3.01e-66	243
m0093	m0266	47.3	2.82e-64	236
m0093	m0354	46.5	3.68e-64	236
m0093	m0364	44.1	1.07e-63	235
m0093	m0274	43.8	9.06e-63	231
m0093	m0194	46.6	9.06e-63	231
m0093	m0185	45.2	1.18e-62	231
m0093	m0212	44.9	1.55e-62	231
m0093	m0165	44.5	1.55e-62	231
m0093	m0195	44.2	1e-61	228
m0093	m0338	43.4	1.71e-61	227
m0093	m0284	52.9	2.91e-61	226
m0093	m0107	44.4	3.81e-61	226
m0093	m0162	46.7	6.49e-61	225
m0093	m0104	43.4	3.22e-60	223
m0093	m0269	44.6	3.22e-60	223
m0093	m0286	43.3	4.21e-60	223
m0093	m0136	42.9	7.18e-60	222
m0093	m0387	44.7	9.38e-60	221
m0093	m0105	43.1	2.09e-59	220
m0093	m0187	41.6	2.09e-59	220
m0093	m0121	42.1	4.65e-59	219
m0093	m0127	43.9	6.08e-59	219
m0093	m0170	41.1	1.35e-58	218
m0093	m0323	41.3	1.35e-58	218
m0093	m0351	40.5	1.35e-58	218
m0093	m0283	42.3	1.35e-58	218
m0093	m0349	43.4	3.02e-58	216
m0093	m0296	42.2	3.02e-58	216
m0093	m0173	41.3	3.94e-58	216
m0093	m0312	40.9	5.14e-58	216
m0093	m0230	43.2	8.78e-58	215
m0093	m0363	42.5	3.33e-57	213
m0093	m0335	42.9	4.36e-57	213
m0093	m0178	40.2	4.36e-57	213
m0093	m0251	43.6	5.69e-57	212
m0093	m0229	43.4	5.69e-57	212
m0093	m0166	41.4	5.69e-57	212
m0093	m0348	44.0	5.69e-57	212
m0093	m0217	42.5	5.69e-57	212
m0093	m0370	40.8	5.69e-57	212
m0093	m0406	41.5	7.43e-57	212
m0093	m0157	42.4	7.43e-57	212
m0093	m0130	43.8	9.7e-57	211
m0093	m0096	43.2	1.27e-56	211
m0093	m0245	41.4	1.27e-56	211
m0093	m0321	44.1	1.27e-56	211
m0093	m0311	40.0	1.66e-56	211
m0093	m0208	43.6	1.66e-56	211
m0093	m0216	40.7	2.16e-56	210
m0093	m0240	44.4	3.69e-56	210
m0093	m0261	42.4	3.69e-56	210
m0093	m0177	42.1	4.82e-56	209
m0093	m0191	40.4	6.29e-56	209
m0093	m0176	40.7	8.21e-56	208
m0093	m0337	39.3	8.21e-56	208
m0093	m0342	43.2	8.21e-56	208
m0093	m0332	41.9	8.21e-56	208
m0093	m0278	39.3	8.21e-56	208
m0093	m0378	41.6	1.07e-55	208
m0093	m0116	43.1	1.4e-55	208
m0093	m0345	43.2	1.4e-55	208
m0093	m0160	43.1	1.4e-55	208
m0093	m0219	43.5	1.83e-55	207
m0093	m0295	41.6	3.12e-55	206
m0093	m0383	39.9	4.08e-55	206
m0093	m0292	39.5	4.08e-55	206
m0093	m0099	43.7	4.08e-55	206
m0093	m0197	37.3	5.32e-55	206
m0093	m0319	43.6	5.32e-55	206
m0093	m0218	42.6	6.95e-55	205
m0093	m0256	42.6	6.95e-55	205
m0093	m0133	41.1	6.95e-55	205
m0093	m0400	42.4	9.08e-55	205
m0093	m0393	43.8	9.08e-55	205
m0093	m0397	40.3	1.19e-54	205
m0093	m0161	40.5	1.55e-54	204
m0093	m0356	41.8	2.02e-54	204
m0093	m0164	43.4	2.02e-54	204
m0093	m0385	40.9	3.45e-54	203
m0093	m0410	38.8	5.89e-54	202
m0093	m0250	42.3	7.69e-54	202
m0093	m0114	41.9	1.31e-53	201
m0093	m0181	40.8	1.71e-53	201
m0093	m0327	40.3	1.71e-53	201
m0093	m0317	38.5	2.24e-53	200
m0093	m0172	42.1	2.92e-53	200
m0093	m0282	40.3	3.82e-53	200
m0093	m0186	41.6	4.98e-53	199
m0093	m0239	42.6	4.98e-53	199
m0093	m0330	41.2	6.51e-53	199
m0093	m0098	40.0	6.51e-53	199
m0093	m0297	41.7	6.51e-53	199
m0093	m0168	38.1	1.89e-52	197
m0093	m0405	37.5	5.51e-52	196
m0093	m0097	38.0	5.51e-52	196
m0093	m0141	39.4	7.2e-52	195
m0093	m0179	36.4	1.6e-51	194
m0093	m0246	40.1	2.09e-51	194
m0093	m0280	39.8	4.66e-51	193
m0093	m0175	38.7	7.96e-51	192
m0093	m0201	39.0	5.16e-50	189
m0093	m0207	37.5	2.4e-47	180
m0093	m0371	34.2	2.17e-40	157
m0093	m0275	34.5	1.12e-36	145
m0093	m0369	35.2	1.9e-36	144
m0093	m0289	31.8	1.97e-33	134
m0093	m0140	30.4	3.25e-28	117
m0093	m0163	30.0	1.61e-27	114
m0093	m0293	29.4	8.86e-26	109
m0093	m0231	27.1	6.15e-19	86
m0093	m0359	25.5	2.58e-17	80
m0093	m0279	30.0	8.31e-16	75
m0093	m0267	25.0	1.57e-14	71
m0093	m0188	26.3	1.57e-14	71
m0093	m0276	25.4	1.33e-13	68
m0093	m0396	27.9	3.86e-13	67
m0093	m0268	24.7	8.05e-11	59
m0093	m0124	24.1	2.34e-10	57
m0093	m0307	23.5	5.4e-07	46
m0093	m0221	24.5	7.05e-07	46
m0093	m0339	26.1	0.000192	38
m0093	m0340	30.5	0.000559	36
m0093	m0220	26.2	0.00073	36
m0093	m0409	26.1	0.000953	35
m0093	m0257	24.6	0.0138	32
m0093	m0155	29.6	0.0235	31
m0093	m0340	26.1	0.0683	29
m0093	m0346	29.6	0.0892	29
m0093	m0341	29.6	0.116	28
m0093	m0376	27.1	0.152	28
m0093	m0324	33.3	0.199	28
m0093	m0180	28.8	0.339	27
m0093	m0151	36.4	1.68	25
m0093	m0189	32.6	2.2	24
m0093	m0399	34.9	2.87	24
m0093	m0199	30.3	2.87	24
m0093	m0344	48.4	3.75	23
m0094	m0373	59.1	8.12e-141	491
m0094	m0159	52.9	2.3e-119	420
m0094	m0129	49.5	5.49e-113	399
m0094	m0304	48.1	7.92e-112	395
m0094	m0238	40.2	5e-90	322
m0095	m0303	37.0	2.3e-32	130
m0095	m0407	28.8	3.69e-14	70
m0095	m0286	25.8	0.000452	36
m0095	m0297	28.6	0.00293	33
m0095	m0400	30.9	0.0423	30
m0095	m0229	35.0	0.0552	29
m0095	m0222	28.1	0.0942	28
m0095	m0122	42.0	0.0942	28
m0095	m0161	21.9	0.21	27
m0095	m0234	34.8	0.274	27
m0095	m0105	35.3	0.274	27
m0095	m0212	34.7	0.358	27
m0095	m0189	33.3	0.611	26
m0095	m0218	25.8	1.04	25
m0095	m0236	34.1	1.78	24
m0095	m0378	42.4	2.32	24
m0095	m0208	28.8	2.32	24
m0095	m0106	36.4	2.32	24
m0095	m0350	32.4	5.17	23
m0095	m0331	30.4	5.17	23
m0095	m0252	22.9	8.82	22
m0095	m0142	32.6	8.82	22
m0096	m0345	85.0	7.04e-240	820
m0096	m0342	83.9	5.04e-238	814
m0096	m0160	85.0	1.92e-237	812
m0096	m0378	84.4	4.27e-237	811
m0096	m0099	83.9	6.16e-236	807
m0096	m0393	83.1	1.16e-234	803
m0096	m0218	83.3	3.38e-234	802
m0096	m0332	83.5	5.77e-234	801
m0096	m0363	86.5	9.84e-234	800
m0096	m0348	84.2	1.68e-233	799
m0096	m0256	82.9	8.33e-233	797
m0096	m0230	86.1	4.13e-232	795
m0096	m0208	82.2	1.92e-229	786
m0096	m0164	79.5	1.52e-226	776
m0096	m0321	83.9	1.68e-225	773
m0096	m0217	85.0	5.6e-221	758
m0096	m0400	67.3	5.9e-154	535
m0096	m0219	61.6	5.53e-152	528
m0096	m0114	68.6	6.11e-151	525
m0096	m0337	53.7	8.28e-140	488
m0096	m0141	54.2	1.41e-139	487
m0096	m0278	53.9	7.75e-138	481
m0096	m0116	57.8	1.62e-135	474
m0096	m0240	55.6	3.05e-134	470
m0096	m0319	56.6	1.51e-133	467
m0096	m0397	52.1	2.41e-131	460
m0096	m0161	52.1	7.02e-131	458
m0096	m0201	52.5	1.56e-130	457
m0096	m0181	54.5	2.26e-129	453
m0096	m0283	52.8	2.26e-129	453
m0096	m0261	58.6	3.38e-125	439
m0096	m0186	56.9	1.68e-124	437
m0096	m0097	51.3	2.86e-124	436
m0096	m0175	50.6	8.32e-124	435
m0096	m0246	50.4	3.16e-123	433
m0096	m0166	54.5	1.92e-120	424
m0096	m0250	56.6	3.27e-120	423
m0096	m0280	54.4	5.4e-115	406
m0096	m0295	48.9	3.5e-114	403
m0096	m0229	50.7	5.06e-113	399
m0096	m0191	49.5	6.6e-113	399
m0096	m0330	54.3	1.13e-112	398
m0096	m0133	61.9	1.47e-112	398
m0096	m0176	58.7	7.3e-112	395
m0096	m0282	52.5	7.3e-112	395
m0096	m0157	47.6	7.3e-112	395
m0096	m0172	53.5	2.12e-111	394
m0096	m0296	66.6	6.18e-111	392
m0096	m0349	60.2	6.83e-110	389
m0096	m0127	51.9	9.87e-109	385
m0096	m0216	59.2	1.58e-106	377
m0096	m0327	62.7	4.58e-106	376
m0096	m0177	59.6	4.58e-106	376
m0096	m0335	62.4	7.82e-106	375
m0096	m0406	58.1	4.74e-103	366
m0096	m0283	60.7	5.8e-101	359
m0096	m0185	47.7	7.57e-101	359
m0096	m0175	59.1	2.88e-100	357
m0096	m0239	55.4	7.09e-99	352
m0096	m0136	60.9	9.26e-99	352
m0096	m0370	61.3	2.52e-96	344
m0096	m0323	59.2	1.25e-95	341
m0096	m0338	56.5	3.64e-95	340
m0096	m0269	59.8	8.11e-95	339
m0096	m0317	44.6	3.08e-94	337
m0096	m0297	44.8	3.65e-87	313
m0096	m0207	52.7	4.03e-86	310
m0096	m0405	54.0	5.27e-86	309
m0096	m0125	57.6	4.78e-79	286
m0096	m0106	51.6	1.82e-78	284
m0096	m0299	53.1	9.01e-78	282
m0096	m0402	51.7	1.54e-77	281
m0096	m0331	51.4	9.96e-77	278
m0096	m0316	50.2	5.47e-75	273
m0096	m0390	51.9	1.59e-74	271
m0096	m0237	50.0	6.04e-74	269
m0096	m0158	50.5	1.35e-73	268
m0096	m0235	47.4	5.12e-73	266
m0096	m0134	51.1	6.68e-73	266
m0096	m0137	49.5	1.14e-72	265
m0096	m0306	49.2	2.54e-72	264
m0096	m0249	48.0	3.32e-72	263
m0096	m0236	50.2	5.66e-72	263
m0096	m0234	47.6	2.81e-71	260
m0096	m0273	47.5	2.81e-71	260
m0096	m0232	47.4	4.79e-71	260
m0096	m0144	51.2	1.39e-70	258
m0096	m0100	49.2	2.38e-70	257
m0096	m0196	46.6	3.1e-70	257
m0096	m0394	49.5	1.54e-69	255
m0096	m0264	44.9	2.63e-69	254
m0096	m0169	45.2	3.79e-68	250
m0096	m0388	46.2	8.45e-68	249
m0096	m0233	46.1	1.1e-67	248
m0096	m0343	49.5	4.19e-67	247
m0096	m0195	48.4	1.59e-66	245
m0096	m0380	46.9	2.08e-66	244
m0096	m0336	48.3	2.08e-66	244
m0096	m0309	45.5	1.14e-64	238
m0096	m0200	45.4	1.14e-64	238
m0096	m0398	48.7	4.34e-64	236
m0096	m0305	46.6	5.67e-64	236
m0096	m0368	44.9	2.15e-63	234
m0096	m0171	43.0	3.67e-63	233
m0096	m0190	48.1	8.19e-63	232
m0096	m0377	44.0	1.07e-62	232
m0096	m0382	47.9	1.07e-62	232
m0096	m0101	46.0	1.82e-62	231
m0096	m0372	47.6	3.11e-62	230
m0096	m0152	45.5	2.02e-61	228
m0096	m0314	44.2	2.02e-61	228
m0096	m0274	44.8	1.71e-60	225
m0096	m0365	44.4	2.23e-60	224
m0096	m0254	44.6	6.49e-60	223
m0096	m0247	46.0	8.47e-60	222
m0096	m0294	46.6	2.46e-59	221
m0096	m0126	42.6	2.46e-59	221
m0096	m0328	46.6	3.56e-58	217
m0096	m0112	43.0	4.65e-58	216
m0096	m0147	41.5	2.55e-56	211
m0096	m0408	41.4	3.68e-55	207
m0096	m0121	42.3	1.83e-54	205
m0096	m0123	39.8	2.64e-53	201
m0096	m0354	42.7	7.68e-53	199
m0096	m0364	41.2	2.92e-52	197
m0096	m0104	41.1	1.23e-50	192
m0096	m0266	41.0	2.31e-49	188
m0096	m0311	39.4	3.02e-49	187
m0096	m0385	42.2	1.5e-48	185
m0096	m0187	40.8	1.5e-48	185
m0096	m0351	38.3	3.34e-48	184
m0096	m0334	40.5	3.34e-48	184
m0096	m0107	41.7	9.72e-48	182
m0096	m0292	39.2	9.72e-48	182
m0096	m0178	38.7	1.27e-47	182
m0096	m0212	39.0	2.83e-47	181
m0096	m0105	37.0	2.83e-47	181
m0096	m0341	41.1	4.82e-47	180
m0096	m0410	41.2	1.4e-46	178
m0096	m0179	37.6	1.4e-46	178
m0096	m0194	40.4	1.83e-46	178
m0096	m0383	38.7	4.08e-46	177
m0096	m0165	40.3	5.33e-46	176
m0096	m0356	41.8	1.19e-45	175
m0096	m0197	37.2	1.55e-45	175
m0096	m0286	38.0	1.55e-45	175
m0096	m0170	38.3	3.46e-45	174
m0096	m0387	36.1	4.51e-45	173
m0096	m0312	39.1	1.31e-44	172
m0096	m0251	39.9	1.72e-44	171
m0096	m0098	36.1	2.24e-44	171
m0096	m0162	38.5	3.82e-44	170
m0096	m0245	37.8	1.45e-43	168
m0096	m0284	40.5	1.45e-43	168
m0096	m0173	37.6	5.52e-43	166
m0096	m0130	38.6	1.61e-42	165
m0096	m0371	35.0	2.03e-37	148
m0096	m0168	39.2	3.46e-37	147
m0096	m0275	35.1	1.04e-33	136
m0096	m0369	33.8	2.32e-33	134
m0096	m0289	33.5	5.01e-28	117
m0096	m0140	28.9	4.69e-26	110
m0096	m0163	29.9	5.19e-25	107
m0096	m0396	28.5	1.79e-17	82
m0096	m0188	27.2	5.2e-17	80
m0096	m0279	32.5	2.58e-16	78
m0096	m0293	27.1	1.28e-15	75
m0096	m0231	32.1	3.15e-14	71
m0096	m0359	25.9	7.03e-14	70
m0096	m0276	27.1	7.77e-13	66
m0096	m0267	24.9	1.01e-12	66
m0096	m0268	29.8	3.61e-10	57
m0096	m0124	22.3	1.52e-08	52
m0096	m0409	28.0	1.42e-06	45
m0096	m0405	45.0	4.13e-06	44
m0096	m0307	22.6	0.000102	39
m0096	m0376	33.7	0.000174	39
m0096	m0175	44.4	0.000659	37
m0096	m0221	24.1	0.00327	34
m0096	m0102	27.3	0.00729	33
m0096	m0403	22.6	0.0212	32
m0096	m0146	21.8	0.0212	32
m0096	m0132	30.0	0.0212	32
m0096	m0324	21.9	0.0212	32
m0096	m0340	45.9	0.0362	31
m0096	m0180	30.1	0.0617	30
m0096	m0399	30.6	0.0806	30
m0096	m0371	44.1	0.0806	30
m0096	m0318	26.5	0.137	29
m0096	m0149	26.3	0.18	28
m0096	m0411	29.2	0.234	28
m0096	m0180	26.5	0.234	28
m0096	m0349	24.7	0.522	27
m0096	m0339	33.9	0.682	27
m0096	m0151	52.2	1.16	26
m0096	m0102	30.2	1.52	25
m0096	m0219	30.4	1.52	25
m0096	m0367	34.9	1.52	25
m0096	m0251	56.2	1.99	25
m0096	m0333	25.8	2.59	25
m0096	m0356	56.2	2.59	25
m0096	m0145	38.0	3.39	24
m0096	m0135	52.2	5.78	23
m0096	m0241	61.5	7.54	23
m0097	m0278	86.7	7.46e-228	780
m0097	m0337	84.1	4.85e-219	751
m0097	m0283	78.4	1.2e-201	693
m0097	m0116	67.8	3.52e-169	585
m0097	m0319	69.2	6.01e-169	585
m0097	m0141	60.7	2.81e-150	523
m0097	m0181	63.1	1.88e-146	510
m0097	m0240	60.6	1.49e-143	500
m0097	m0246	59.7	5.67e-143	498
m0097	m0175	59.3	1.65e-142	497
m0097	m0219	60.5	1.4e-141	494
m0097	m0229	58.6	6.93e-141	492
m0097	m0157	58.5	1.89e-138	483
m0097	m0370	80.2	1.6e-137	480
m0097	m0393	55.0	1.03e-136	478
m0097	m0295	56.5	2.31e-136	476
m0097	m0161	53.7	8.76e-136	475
m0097	m0099	54.7	2.55e-135	473
m0097	m0201	54.2	1.27e-134	471
m0097	m0208	55.2	2.16e-134	470
m0097	m0342	53.8	2.82e-134	470
m0097	m0321	53.9	3.68e-134	469
m0097	m0348	54.4	8.2e-134	468
m0097	m0164	54.1	2.39e-133	466
m0097	m0345	54.4	5.32e-133	465
m0097	m0160	53.7	2.64e-132	463
m0097	m0256	54.8	4.5e-132	462
m0097	m0397	52.9	4.5e-132	462
m0097	m0332	52.9	5.88e-132	462
m0097	m0378	52.5	5.5e-130	455
m0097	m0363	52.1	2.09e-129	453
m0097	m0230	52.7	4.66e-129	452
m0097	m0218	52.6	2.31e-128	450
m0097	m0217	54.5	2.74e-121	426
m0097	m0330	52.7	7.22e-114	402
m0097	m0166	51.5	2.1e-113	400
m0097	m0327	66.0	3.96e-112	396
m0097	m0176	52.7	6.76e-112	395
m0097	m0191	51.1	3.14e-109	386
m0097	m0282	51.9	6.99e-109	385
m0097	m0133	52.1	1.19e-108	384
m0097	m0335	66.3	1.56e-108	384
m0097	m0177	65.4	2.66e-108	383
m0097	m0239	62.7	4.53e-108	382
m0097	m0172	50.7	3.25e-106	376
m0097	m0349	50.1	4.69e-105	372
m0097	m0216	60.3	1.78e-104	371
m0097	m0250	53.1	6.77e-104	369
m0097	m0296	65.4	2.57e-103	367
m0097	m0400	49.2	4.85e-102	362
m0097	m0406	63.8	4.11e-101	359
m0097	m0114	48.4	5.93e-100	356
m0097	m0405	53.2	2.76e-97	347
m0097	m0280	48.4	1.79e-96	344
m0097	m0261	58.8	7.5e-95	339
m0097	m0186	60.9	1.08e-93	335
m0097	m0317	42.6	2.76e-89	320
m0097	m0207	54.6	3.05e-88	317
m0097	m0127	45.0	3.38e-87	313
m0097	m0136	53.7	9.19e-85	305
m0097	m0185	44.9	1.57e-84	304
m0097	m0323	55.7	2.05e-84	304
m0097	m0338	54.3	7.28e-82	295
m0097	m0269	53.2	5.22e-80	289
m0097	m0297	42.5	1.68e-78	284
m0097	m0331	50.8	7.3e-74	269
m0097	m0125	53.0	9.54e-74	268
m0097	m0106	49.3	4.73e-73	266
m0097	m0402	50.8	4.73e-73	266
m0097	m0235	49.7	2.35e-72	264
m0097	m0237	50.7	4.43e-71	260
m0097	m0236	48.6	7.56e-71	259
m0097	m0299	48.3	1.29e-70	258
m0097	m0380	49.3	3.75e-70	257
m0097	m0232	47.7	6.4e-70	256
m0097	m0273	47.6	2.43e-69	254
m0097	m0169	46.8	5.41e-69	253
m0097	m0249	48.4	1.58e-68	251
m0097	m0158	49.0	1.58e-68	251
m0097	m0368	47.3	7.82e-68	249
m0097	m0316	47.6	1.33e-67	248
m0097	m0137	46.9	1.74e-67	248
m0097	m0390	49.6	1.74e-67	248
m0097	m0196	48.4	1.74e-67	248
m0097	m0306	45.8	3.29e-66	243
m0097	m0309	45.8	1.25e-65	242
m0097	m0394	46.3	1.63e-65	241
m0097	m0305	46.1	1.06e-64	238
m0097	m0234	43.9	1.38e-64	238
m0097	m0134	45.1	2.35e-64	237
m0097	m0336	47.8	3.07e-64	237
m0097	m0171	46.1	5.24e-64	236
m0097	m0233	44.5	5.24e-64	236
m0097	m0101	46.2	8.95e-64	235
m0097	m0200	43.4	1.53e-63	235
m0097	m0144	48.8	1.99e-63	234
m0097	m0365	44.3	5.8e-63	233
m0097	m0377	44.2	7.57e-63	232
m0097	m0264	43.6	9.89e-63	232
m0097	m0388	47.9	1.69e-62	231
m0097	m0343	45.8	1.43e-61	228
m0097	m0126	45.7	2.44e-61	227
m0097	m0100	46.5	2.44e-61	227
m0097	m0274	46.3	3.18e-61	227
m0097	m0195	44.8	1.21e-60	225
m0097	m0398	45.3	1.13e-58	218
m0097	m0294	44.8	1.93e-58	218
m0097	m0190	44.4	2.79e-57	214
m0097	m0314	42.3	8.11e-57	212
m0097	m0372	42.3	1.81e-56	211
m0097	m0382	46.6	4.45e-55	206
m0097	m0147	41.8	9.91e-55	205
m0097	m0408	41.4	2.21e-54	204
m0097	m0247	41.3	3.77e-54	203
m0097	m0266	41.4	6.43e-54	203
m0097	m0328	44.6	1.1e-53	202
m0097	m0254	42.5	5.44e-53	200
m0097	m0104	41.9	3.53e-52	197
m0097	m0112	44.8	3.53e-52	197
m0097	m0364	40.0	7.86e-52	196
m0097	m0123	43.7	1.03e-51	195
m0097	m0152	41.8	1.03e-51	195
m0097	m0354	40.6	1.34e-51	195
m0097	m0121	38.9	5.63e-50	190
m0097	m0292	40.5	2.79e-49	187
m0097	m0334	41.3	2.79e-49	187
m0097	m0311	38.6	1.81e-48	184
m0097	m0351	39.8	2.37e-48	184
m0097	m0410	41.4	2.37e-48	184
m0097	m0098	39.5	2.37e-48	184
m0097	m0187	39.3	3.09e-48	184
m0097	m0194	40.9	5.27e-48	183
m0097	m0385	42.0	6.88e-48	183
m0097	m0387	39.6	1.53e-47	181
m0097	m0212	40.8	2e-47	181
m0097	m0105	38.7	1.3e-46	178
m0097	m0165	38.7	2.89e-46	177
m0097	m0178	37.2	8.41e-46	176
m0097	m0179	38.6	8.41e-46	176
m0097	m0107	40.3	8.41e-46	176
m0097	m0341	39.8	1.1e-45	175
m0097	m0162	37.6	3.2e-45	174
m0097	m0170	36.7	1.21e-44	172
m0097	m0383	36.7	1.59e-44	171
m0097	m0197	36.5	3.53e-44	170
m0097	m0284	42.9	1.03e-43	169
m0097	m0251	36.7	5.1e-43	166
m0097	m0356	37.7	5.1e-43	166
m0097	m0286	36.2	1.94e-42	164
m0097	m0130	36.6	1.94e-42	164
m0097	m0173	35.8	5.64e-42	163
m0097	m0312	36.4	1.26e-41	162
m0097	m0245	37.0	1.06e-40	159
m0097	m0168	34.2	2.62e-39	154
m0097	m0371	34.0	5.66e-34	136
m0097	m0369	35.3	7.64e-31	126
m0097	m0275	31.5	3.79e-30	124
m0097	m0140	30.4	7.91e-28	116
m0097	m0163	33.3	5.13e-27	113
m0097	m0289	27.6	1.07e-24	106
m0097	m0231	29.0	5.88e-15	73
m0097	m0293	25.8	7.68e-15	73
m0097	m0279	29.4	4.98e-14	70
m0097	m0188	28.2	6.5e-14	70
m0097	m0396	28.3	3.23e-13	67
m0097	m0267	25.4	9.39e-13	66
m0097	m0359	25.3	1.77e-11	62
m0097	m0276	25.2	5.15e-11	60
m0097	m0124	24.9	2.56e-10	58
m0097	m0268	26.5	6.52e-06	43
m0097	m0409	28.7	9.41e-05	39
m0097	m0340	28.4	0.00021	38
m0097	m0221	31.5	0.000797	36
m0097	m0376	32.2	0.00516	33
m0097	m0399	26.3	0.00881	33
m0097	m0180	30.3	0.0256	31
m0097	m0339	33.8	0.0974	29
m0097	m0146	20.7	0.127	29
m0097	m0324	24.0	0.631	27
m0097	m0257	44.0	0.631	27
m0097	m0307	21.2	1.08	26
m0097	m0110	53.3	1.41	25
m0097	m0102	40.0	3.13	24
m0097	m0147	22.6	5.34	23
m0097	m0215	33.3	6.98	23
m0097	m0241	61.5	6.98	23
m0097	m0195	28.8	6.98	23
m0098	m0351	72.6	2.59e-126	443
m0098	m0311	72.8	4.41e-126	442
m0098	m0292	71.2	1.85e-124	436
m0098	m0410	68.3	6.83e-119	418
m0098	m0179	65.4	3.88e-114	402
m0098	m0251	58.8	4.16e-100	356
m0098	m0383	57.9	6.01e-99	352
m0098	m0356	54.2	1.25e-96	344
m0098	m0187	53.7	9.29e-92	328
m0098	m0197	51.2	1.94e-89	320
m0098	m0170	51.3	2.53e-89	320
m0098	m0178	51.5	1.81e-87	314
m0098	m0312	56.2	1.81e-87	314
m0098	m0147	53.1	7.62e-86	308
m0098	m0247	49.0	6.25e-80	289
m0098	m0104	49.5	5.85e-78	282
m0098	m0266	49.7	1.3e-77	281
m0098	m0354	49.8	7.9e-75	272
m0098	m0194	51.8	1.07e-71	261
m0098	m0385	46.5	9.99e-70	255
m0098	m0382	45.1	2.91e-69	253
m0098	m0314	46.7	1.88e-68	250
m0098	m0402	45.7	5.48e-68	249
m0098	m0331	47.1	9.35e-68	248
m0098	m0249	44.0	1.22e-67	248
m0098	m0234	44.4	2.72e-67	247
m0098	m0190	48.1	3.55e-67	246
m0098	m0196	44.6	1.35e-66	244
m0098	m0299	46.2	5.13e-66	242
m0098	m0328	47.8	8.76e-66	242
m0098	m0123	45.3	1.14e-65	241
m0098	m0273	44.6	1.49e-65	241
m0098	m0106	46.3	1.95e-65	240
m0098	m0171	47.7	1.95e-65	240
m0098	m0112	47.8	4.35e-65	239
m0098	m0126	44.1	2.82e-64	236
m0098	m0125	45.4	3.68e-64	236
m0098	m0264	43.1	6.27e-64	235
m0098	m0134	46.3	6.27e-64	235
m0098	m0168	41.3	6.27e-64	235
m0098	m0306	44.2	1.4e-63	234
m0098	m0336	43.9	2.38e-63	233
m0098	m0235	44.1	9.06e-63	231
m0098	m0316	45.5	9.06e-63	231
m0098	m0377	42.5	9.06e-63	231
m0098	m0236	45.2	1.18e-62	231
m0098	m0232	43.0	1.18e-62	231
m0098	m0237	43.8	4.5e-62	229
m0098	m0390	43.5	4.5e-62	229
m0098	m0380	42.9	6.49e-61	225
m0098	m0137	43.7	1.45e-60	224
m0098	m0388	41.7	1.45e-60	224
m0098	m0158	41.9	1.89e-60	224
m0098	m0309	40.8	2.47e-60	223
m0098	m0144	45.9	4.21e-60	223
m0098	m0200	42.3	2.73e-59	220
m0098	m0341	44.5	3.56e-59	220
m0098	m0169	40.5	4.65e-59	219
m0098	m0368	41.4	1.04e-58	218
m0098	m0398	42.7	1.35e-58	218
m0098	m0394	41.1	1.77e-58	217
m0098	m0233	41.8	9.7e-57	211
m0098	m0294	41.6	1.27e-56	211
m0098	m0100	41.7	3.69e-56	210
m0098	m0152	41.1	2.39e-55	207
m0098	m0364	39.1	9.08e-55	205
m0098	m0343	41.3	1.55e-54	204
m0098	m0334	42.4	2.64e-54	203
m0098	m0372	38.1	1.31e-53	201
m0098	m0365	39.7	1.71e-53	201
m0098	m0274	41.3	2.24e-53	200
m0098	m0254	41.2	3.82e-53	200
m0098	m0195	39.0	4.98e-53	199
m0098	m0101	42.1	1.11e-52	198
m0098	m0305	37.6	1.6e-51	194
m0098	m0165	39.1	6.09e-51	192
m0098	m0173	41.4	7.96e-51	192
m0098	m0245	39.5	1.04e-50	191
m0098	m0107	41.5	2.56e-49	187
m0098	m0371	37.0	7.45e-49	185
m0098	m0283	38.5	1.27e-48	184
m0098	m0387	37.3	4.83e-48	183
m0098	m0370	39.9	4.83e-48	183
m0098	m0162	37.1	3.13e-47	180
m0098	m0099	38.4	3.13e-47	180
m0098	m0121	37.9	1.19e-46	178
m0098	m0278	37.2	1.55e-46	178
m0098	m0275	38.1	2.03e-46	177
m0098	m0338	38.8	2.03e-46	177
m0098	m0369	35.4	4.52e-46	176
m0098	m0161	38.3	5.9e-46	176
m0098	m0201	38.7	7.71e-46	175
m0098	m0408	35.2	7.71e-46	175
m0098	m0397	38.2	1.01e-45	175
m0098	m0105	39.3	1.31e-45	174
m0098	m0342	38.8	1.31e-45	174
m0098	m0284	41.8	1.72e-45	174
m0098	m0212	38.0	2.24e-45	174
m0098	m0164	39.9	3.82e-45	173
m0098	m0286	35.8	3.82e-45	173
m0098	m0323	37.9	3.82e-45	173
m0098	m0348	36.1	6.52e-45	172
m0098	m0185	36.9	8.52e-45	172
m0098	m0393	37.5	1.11e-44	171
m0098	m0114	37.7	1.45e-44	171
m0098	m0400	39.8	1.45e-44	171
m0098	m0256	36.8	1.45e-44	171
m0098	m0127	38.3	1.9e-44	171
m0098	m0296	36.8	1.9e-44	171
m0098	m0218	38.5	2.48e-44	170
m0098	m0160	35.5	2.48e-44	170
m0098	m0345	38.5	2.48e-44	170
m0098	m0181	39.8	3.24e-44	170
m0098	m0269	37.8	4.23e-44	169
m0098	m0217	37.5	5.52e-44	169
m0098	m0282	39.2	7.21e-44	169
m0098	m0136	37.5	7.21e-44	169
m0098	m0175	36.6	1.23e-43	168
m0098	m0337	36.5	2.1e-43	167
m0098	m0349	38.1	3.58e-43	166
m0098	m0191	37.3	3.58e-43	166
m0098	m0363	35.1	3.58e-43	166
m0098	m0332	38.1	6.11e-43	166
m0098	m0208	37.0	6.11e-43	166
m0098	m0229	35.7	6.11e-43	166
m0098	m0230	34.8	7.97e-43	165
m0098	m0378	37.4	7.97e-43	165
m0098	m0130	38.2	7.97e-43	165
m0098	m0317	34.8	1.36e-42	164
m0098	m0406	38.2	1.36e-42	164
m0098	m0405	34.8	1.78e-42	164
m0098	m0166	36.7	2.32e-42	164
m0098	m0330	36.8	2.32e-42	164
m0098	m0116	37.0	2.32e-42	164
m0098	m0216	34.8	5.17e-42	163
m0098	m0321	35.2	5.17e-42	163
m0098	m0335	34.8	5.17e-42	163
m0098	m0176	35.3	8.82e-42	162
m0098	m0240	39.7	1.5e-41	161
m0098	m0239	35.3	1.5e-41	161
m0098	m0250	35.8	1.96e-41	161
m0098	m0319	37.2	4.38e-41	159
m0098	m0219	36.4	4.38e-41	159
m0098	m0172	36.2	7.46e-41	159
m0098	m0280	34.7	9.75e-41	158
m0098	m0141	36.9	1.27e-40	158
m0098	m0133	36.1	1.66e-40	158
m0098	m0297	36.1	2.17e-40	157
m0098	m0207	36.6	4.84e-40	156
m0098	m0327	33.9	4.84e-40	156
m0098	m0177	34.9	6.32e-40	156
m0098	m0246	36.1	1.84e-39	154
m0098	m0295	36.4	3.14e-39	153
m0098	m0289	32.8	1.56e-38	151
m0098	m0261	35.3	2.03e-38	151
m0098	m0186	35.8	4.53e-38	149
m0098	m0157	34.5	1.01e-37	148
m0098	m0140	32.8	6.54e-37	146
m0098	m0163	34.0	6.54e-37	146
m0098	m0188	29.4	2.04e-22	97
m0098	m0293	25.6	1.46e-20	91
m0098	m0231	29.8	1.05e-18	85
m0098	m0359	24.5	1.37e-18	85
m0098	m0276	29.6	3.37e-17	80
m0098	m0396	27.6	2.12e-11	61
m0098	m0221	31.2	2.19e-08	51
m0098	m0376	24.1	5.05e-05	40
m0098	m0340	29.0	0.000251	37
m0098	m0180	24.8	0.00473	33
m0098	m0155	28.4	0.0683	29
m0098	m0132	21.7	0.986	25
m0098	m0373	37.5	3.75	23
m0099	m0378	88.8	6.28e-249	851
m0099	m0345	90.1	2.39e-248	849
m0099	m0342	88.9	3.45e-247	845
m0099	m0160	89.2	1.71e-246	842
m0099	m0332	86.7	4.82e-241	824
m0099	m0256	86.0	1.45e-237	813
m0099	m0218	86.5	5.52e-237	811
m0099	m0348	85.3	2.74e-236	809
m0099	m0393	83.1	6.31e-233	797
m0099	m0208	85.8	9.11e-232	793
m0099	m0164	82.8	2.48e-229	785
m0099	m0321	85.0	4.84e-225	771
m0099	m0230	84.3	8.55e-222	760
m0099	m0363	82.4	5.19e-219	751
m0099	m0217	84.0	3.05e-211	725
m0099	m0219	64.9	6.67e-158	548
m0099	m0229	61.5	2.15e-156	543
m0099	m0400	77.2	1.18e-154	537
m0099	m0114	73.0	3.67e-148	516
m0099	m0337	55.1	7.91e-143	498
m0099	m0141	56.0	2.3e-142	497
m0099	m0278	56.4	4.34e-141	492
m0099	m0240	56.6	1.11e-136	478
m0099	m0116	57.7	4.21e-136	476
m0099	m0181	55.5	1.77e-134	470
m0099	m0319	57.8	3.94e-134	469
m0099	m0175	54.0	6.71e-134	468
m0099	m0246	54.5	1.27e-132	464
m0099	m0283	54.9	8.21e-132	461
m0099	m0295	52.9	8.21e-132	461
m0099	m0157	52.1	2.02e-130	457
m0099	m0161	52.9	5.88e-130	455
m0099	m0397	51.4	4.22e-128	449
m0099	m0201	53.4	7.19e-128	448
m0099	m0186	57.9	2.65e-122	430
m0099	m0261	58.4	5.9e-122	429
m0099	m0250	56.3	4.67e-119	419
m0099	m0166	53.0	2.83e-116	410
m0099	m0176	51.9	8.53e-113	398
m0099	m0296	65.2	1.23e-111	394
m0099	m0280	51.2	6.12e-111	392
m0099	m0282	54.3	7.99e-111	392
m0099	m0330	51.7	3.96e-110	389
m0099	m0191	58.8	5.18e-110	389
m0099	m0133	52.2	1.97e-109	387
m0099	m0127	53.0	4.1e-107	379
m0099	m0327	60.1	7e-107	379
m0099	m0177	58.7	7e-107	379
m0099	m0172	51.3	1.56e-106	377
m0099	m0349	59.3	2.04e-106	377
m0099	m0216	59.6	5.92e-106	376
m0099	m0335	64.3	6.55e-105	372
m0099	m0185	48.1	6.34e-100	356
m0099	m0406	62.4	8.28e-100	355
m0099	m0136	62.2	5.37e-99	352
m0099	m0239	55.5	7.01e-99	352
m0099	m0405	50.7	5.94e-98	349
m0099	m0323	60.5	1.32e-97	348
m0099	m0370	61.7	3.85e-97	346
m0099	m0338	58.3	9.48e-96	342
m0099	m0269	59.1	1.24e-95	341
m0099	m0317	46.7	4.12e-91	326
m0099	m0297	46.0	3.27e-88	317
m0099	m0207	51.5	6.16e-87	312
m0099	m0125	58.0	1.62e-79	288
m0099	m0299	54.7	1.16e-77	282
m0099	m0402	52.0	2.59e-77	280
m0099	m0106	51.6	5.78e-77	279
m0099	m0331	51.3	9.85e-77	278
m0099	m0390	54.0	1.86e-75	274
m0099	m0237	52.0	4.14e-75	273
m0099	m0316	50.5	2.05e-74	271
m0099	m0236	52.6	3.51e-74	270
m0099	m0134	50.3	1.33e-73	268
m0099	m0234	47.4	5.06e-73	266
m0099	m0235	47.6	2.13e-71	261
m0099	m0158	50.2	3.63e-71	260
m0099	m0306	49.2	6.19e-71	259
m0099	m0249	48.0	8.08e-71	259
m0099	m0137	48.2	3.07e-70	257
m0099	m0273	46.2	5.24e-70	256
m0099	m0100	49.2	1.17e-69	255
m0099	m0144	50.0	1.52e-69	255
m0099	m0394	50.5	1.99e-69	254
m0099	m0196	47.3	1.29e-68	252
m0099	m0232	44.6	3.75e-68	250
m0099	m0264	44.1	5.42e-67	246
m0099	m0380	48.7	9.25e-67	245
m0099	m0169	45.7	9.25e-67	245
m0099	m0195	49.1	9.25e-67	245
m0099	m0343	48.2	3.51e-66	243
m0099	m0309	46.0	4.59e-66	243
m0099	m0200	45.4	5.99e-66	243
m0099	m0233	45.7	1.02e-65	242
m0099	m0368	46.3	3.88e-65	240
m0099	m0388	45.5	8.65e-65	239
m0099	m0336	47.6	8.65e-65	239
m0099	m0398	48.3	2.52e-64	237
m0099	m0171	43.5	1.63e-63	235
m0099	m0305	45.0	4.02e-62	230
m0099	m0365	46.7	4.02e-62	230
m0099	m0274	47.1	5.25e-62	230
m0099	m0382	48.6	5.25e-62	230
m0099	m0377	45.5	1.53e-61	228
m0099	m0101	44.6	1.99e-61	228
m0099	m0372	46.7	2.61e-61	227
m0099	m0190	46.6	3.4e-61	227
m0099	m0247	45.7	3.76e-60	223
m0099	m0314	42.4	1.09e-59	222
m0099	m0152	43.3	3.18e-59	220
m0099	m0126	44.5	3.18e-59	220
m0099	m0294	45.9	6.01e-58	216
m0099	m0254	43.7	7.84e-58	216
m0099	m0147	42.0	1.02e-57	215
m0099	m0112	43.2	1.13e-56	212
m0099	m0328	44.7	1.48e-56	211
m0099	m0408	41.7	1.64e-55	208
m0099	m0121	43.4	1.17e-53	202
m0099	m0123	41.1	1.53e-53	201
m0099	m0354	42.5	1.69e-52	198
m0099	m0311	40.5	1.21e-50	192
m0099	m0364	39.4	2.07e-50	191
m0099	m0351	39.3	2.29e-49	188
m0099	m0266	41.3	2.99e-49	187
m0099	m0104	40.4	3.9e-49	187
m0099	m0292	40.3	5.1e-49	186
m0099	m0383	38.2	8.69e-49	186
m0099	m0107	43.0	1.48e-48	185
m0099	m0187	40.8	1.48e-48	185
m0099	m0179	38.7	2.53e-48	184
m0099	m0212	39.0	2.53e-48	184
m0099	m0334	39.9	3.3e-48	184
m0099	m0410	41.2	3.3e-48	184
m0099	m0341	42.3	5.63e-48	183
m0099	m0105	40.8	5.63e-48	183
m0099	m0197	40.8	9.61e-48	182
m0099	m0178	39.3	2.8e-47	181
m0099	m0356	43.1	2.8e-47	181
m0099	m0194	41.0	2.8e-47	181
m0099	m0165	40.7	1.39e-46	178
m0099	m0385	37.5	1.81e-46	178
m0099	m0170	38.9	5.27e-46	176
m0099	m0286	39.3	2.62e-45	174
m0099	m0312	39.9	7.62e-45	173
m0099	m0251	40.2	1.7e-44	171
m0099	m0245	36.7	2.22e-44	171
m0099	m0387	37.2	2.89e-44	171
m0099	m0130	40.2	4.94e-44	170
m0099	m0173	37.9	4.94e-44	170
m0099	m0284	39.6	1.88e-43	168
m0099	m0162	36.0	3.54e-42	164
m0099	m0168	35.9	1.07e-38	152
m0099	m0371	35.6	1.54e-37	148
m0099	m0275	33.1	3.55e-34	137
m0099	m0369	36.0	3e-33	134
m0099	m0140	30.9	2.23e-28	118
m0099	m0163	31.5	1.1e-27	116
m0099	m0289	30.1	1.44e-27	115
m0099	m0188	31.8	1.71e-20	92
m0099	m0396	30.0	2.09e-18	85
m0099	m0293	27.2	1.77e-17	82
m0099	m0279	31.2	3.33e-16	77
m0099	m0276	27.0	2.82e-15	74
m0099	m0231	32.5	6.29e-15	73
m0099	m0359	26.3	3.12e-14	71
m0099	m0267	25.3	3.81e-12	64
m0099	m0268	29.8	5.51e-11	60
m0099	m0124	23.2	6.73e-09	53
m0099	m0409	25.4	4.83e-07	47
m0099	m0376	33.7	5.9e-05	40
m0099	m0307	22.6	0.000652	37
m0099	m0221	24.1	0.00248	35
m0099	m0146	22.5	0.0161	32
m0099	m0339	30.9	0.0161	32
m0099	m0340	45.9	0.0161	32
m0099	m0324	22.7	0.021	32
m0099	m0102	23.9	0.0467	30
m0099	m0149	25.1	0.061	30
m0099	m0180	26.6	0.104	29
m0099	m0411	28.6	0.104	29
m0099	m0132	29.3	0.136	29
m0099	m0399	30.3	0.178	28
m0099	m0318	27.4	0.178	28
m0099	m0102	32.1	0.232	28
m0099	m0151	40.0	0.675	27
m0099	m0367	37.2	0.675	27
m0099	m0395	37.0	1.5	25
m0099	m0239	22.7	1.5	25
m0099	m0403	31.6	2.56	25
m0099	m0322	37.0	3.35	24
m0099	m0110	28.6	4.37	24
m0099	m0241	26.4	5.71	23
m0099	m0303	30.5	9.75	23
m0099	m0171	56.2	9.75	23
m0099	m0384	34.3	9.75	23
m0100	m0343	72.4	2.57e-126	443
m0100	m0195	60.1	1.33e-98	351
m0100	m0316	54.2	1.52e-86	310
m0100	m0134	54.1	1.29e-85	307
m0100	m0390	52.8	2.69e-83	300
m0100	m0125	56.0	3.51e-83	299
m0100	m0402	51.9	6e-83	299
m0100	m0234	52.0	1.74e-82	297
m0100	m0299	53.0	2.28e-82	297
m0100	m0236	52.0	8.66e-82	295
m0100	m0264	49.3	1.13e-81	294
m0100	m0196	52.5	1.13e-81	294
m0100	m0158	50.0	1.93e-81	294
m0100	m0106	50.3	2.52e-81	293
m0100	m0306	52.5	3.29e-81	293
m0100	m0331	52.0	1.25e-80	291
m0100	m0380	50.7	1.25e-80	291
m0100	m0394	50.3	1.63e-80	290
m0100	m0273	50.7	3.64e-80	289
m0100	m0137	49.8	3.64e-80	289
m0100	m0144	54.7	4.75e-80	289
m0100	m0232	50.0	6.2e-80	289
m0100	m0235	50.5	8.1e-80	288
m0100	m0388	50.8	1.81e-79	287
m0100	m0169	48.7	4.02e-79	286
m0100	m0237	51.0	6.86e-79	285
m0100	m0249	49.0	1.53e-78	284
m0100	m0309	51.4	2.61e-78	283
m0100	m0254	50.3	4.45e-78	282
m0100	m0336	54.9	9.91e-78	281
m0100	m0200	48.6	1.69e-77	280
m0100	m0185	52.4	2.88e-77	280
m0100	m0314	50.5	1.1e-76	278
m0100	m0328	53.8	4.16e-76	276
m0100	m0382	48.8	1.21e-75	274
m0100	m0136	50.5	2.07e-75	273
m0100	m0152	49.2	6.01e-75	272
m0100	m0368	51.7	7.85e-75	272
m0100	m0126	47.0	1.75e-74	270
m0100	m0171	49.5	2.98e-74	270
m0100	m0256	52.0	1.48e-73	267
m0100	m0377	48.0	2.52e-73	267
m0100	m0305	50.0	4.31e-73	266
m0100	m0335	51.8	4.31e-73	266
m0100	m0345	52.1	5.62e-73	265
m0100	m0393	52.6	7.35e-73	265
m0100	m0342	50.8	7.35e-73	265
m0100	m0294	47.9	9.59e-73	265
m0100	m0269	50.9	1.25e-72	264
m0100	m0190	51.0	1.64e-72	264
m0100	m0164	51.2	2.14e-72	263
m0100	m0127	49.5	6.22e-72	262
m0100	m0398	49.2	1.06e-71	261
m0100	m0332	51.9	1.39e-71	261
m0100	m0233	47.0	1.39e-71	261
m0100	m0327	51.8	2.36e-71	260
m0100	m0323	49.0	3.09e-71	260
m0100	m0218	50.3	4.03e-71	259
m0100	m0378	50.5	1.17e-70	258
m0100	m0112	50.2	2.61e-70	257
m0100	m0101	46.7	3.41e-70	256
m0100	m0348	49.5	3.41e-70	256
m0100	m0208	50.9	3.41e-70	256
m0100	m0372	49.3	4.46e-70	256
m0100	m0338	49.2	5.82e-70	255
m0100	m0349	48.7	7.6e-70	255
m0100	m0365	46.7	9.93e-70	255
m0100	m0400	50.0	9.93e-70	255
m0100	m0160	48.8	9.93e-70	255
m0100	m0321	48.0	2.21e-69	253
m0100	m0166	48.7	2.89e-69	253
m0100	m0230	48.2	3.77e-69	253
m0100	m0176	48.3	3.77e-69	253
m0100	m0186	51.8	6.44e-69	252
m0100	m0296	50.2	8.4e-69	252
m0100	m0114	49.5	1.1e-68	251
m0100	m0261	50.4	1.87e-68	250
m0100	m0240	50.9	2.45e-68	250
m0100	m0363	47.5	2.45e-68	250
m0100	m0217	48.2	4.17e-68	249
m0100	m0250	50.2	1.59e-67	247
m0100	m0177	49.0	3.53e-67	246
m0100	m0191	49.7	6.02e-67	245
m0100	m0330	48.5	7.87e-67	245
m0100	m0121	46.3	1.03e-66	245
m0100	m0297	48.1	1.75e-66	244
m0100	m0216	47.5	5.1e-66	242
m0100	m0247	45.8	6.66e-66	242
m0100	m0341	47.0	6.66e-66	242
m0100	m0239	48.7	6.66e-66	242
m0100	m0408	45.8	8.7e-66	242
m0100	m0282	49.3	8.7e-66	242
m0100	m0201	50.3	2.53e-65	240
m0100	m0229	47.4	4.32e-65	239
m0100	m0283	47.8	7.36e-65	238
m0100	m0181	49.1	9.62e-65	238
m0100	m0133	49.5	1.26e-64	238
m0100	m0406	47.0	2.8e-64	236
m0100	m0147	45.8	3.65e-64	236
m0100	m0397	49.0	4.77e-64	236
m0100	m0280	46.9	6.23e-64	235
m0100	m0295	46.2	1.06e-63	235
m0100	m0161	48.0	1.39e-63	234
m0100	m0278	47.4	1.81e-63	234
m0100	m0219	47.6	1.81e-63	234
m0100	m0116	48.8	2.37e-63	233
m0100	m0337	46.9	9e-63	231
m0100	m0364	44.1	1.54e-62	231
m0100	m0141	48.0	2.01e-62	230
m0100	m0370	46.9	4.47e-62	229
m0100	m0319	49.8	4.47e-62	229
m0100	m0175	45.5	7.62e-62	228
m0100	m0317	47.5	7.62e-62	228
m0100	m0246	45.7	2.22e-61	227
m0100	m0274	44.4	2.22e-61	227
m0100	m0172	47.1	2.9e-61	226
m0100	m0405	46.7	4.94e-61	226
m0100	m0123	43.1	8.42e-61	225
m0100	m0311	43.1	8.42e-61	225
m0100	m0385	42.7	1.88e-60	224
m0100	m0179	41.9	2.45e-60	223
m0100	m0187	42.2	2.08e-59	220
m0100	m0170	42.5	2.08e-59	220
m0100	m0266	43.2	2.71e-59	220
m0100	m0351	42.1	7.89e-59	218
m0100	m0207	44.9	1.03e-58	218
m0100	m0251	42.3	1.03e-58	218
m0100	m0354	43.5	1.34e-58	218
m0100	m0104	44.0	3.91e-58	216
m0100	m0197	43.0	8.72e-58	215
m0100	m0178	42.5	1.14e-57	215
m0100	m0107	44.4	3.31e-57	213
m0100	m0334	43.6	5.65e-57	212
m0100	m0194	45.1	2.15e-56	210
m0100	m0292	41.3	6.25e-56	209
m0100	m0312	45.1	1.39e-55	208
m0100	m0383	40.7	4.05e-55	206
m0100	m0165	40.0	4.05e-55	206
m0100	m0410	39.0	1.18e-54	205
m0100	m0284	46.7	2.62e-54	203
m0100	m0356	44.6	3.43e-54	203
m0100	m0173	41.8	8.44e-53	198
m0100	m0105	42.4	1.44e-52	198
m0100	m0387	43.2	1.88e-52	197
m0100	m0162	40.1	7.15e-52	195
m0100	m0212	42.2	4.63e-51	193
m0100	m0286	39.9	6.05e-51	192
m0100	m0130	41.8	1.07e-47	181
m0100	m0157	39.7	2.38e-47	180
m0100	m0168	37.6	6.92e-47	179
m0100	m0245	37.5	9.04e-47	178
m0100	m0371	36.6	1.18e-38	151
m0100	m0369	35.6	3.69e-32	130
m0100	m0275	32.0	2.47e-28	117
m0100	m0140	32.0	3.23e-28	117
m0100	m0163	30.9	1.04e-26	112
m0100	m0289	30.9	3.34e-25	107
m0100	m0231	27.4	2.57e-17	80
m0100	m0293	27.1	7.47e-17	79
m0100	m0188	26.9	1.84e-15	74
m0100	m0359	26.0	4.1e-15	73
m0100	m0276	24.8	5.01e-13	66
m0100	m0396	27.8	8.54e-13	65
m0100	m0279	27.7	5.54e-12	63
m0100	m0268	26.3	1.15e-09	55
m0100	m0124	23.7	7.48e-09	52
m0100	m0267	23.2	3.14e-07	47
m0100	m0221	30.8	1.73e-05	41
m0100	m0220	29.1	6.56e-05	39
m0100	m0307	21.7	0.000112	39
m0100	m0139	24.6	0.000146	38
m0100	m0324	23.3	0.000425	37
m0100	m0291	26.7	0.000725	36
m0100	m0257	24.5	0.000725	36
m0100	m0409	25.9	0.000725	36
m0100	m0155	29.2	0.00801	32
m0100	m0199	26.7	0.0105	32
m0100	m0399	24.7	0.0137	32
m0100	m0146	23.3	0.0137	32
m0100	m0339	23.6	0.0179	31
m0100	m0411	25.2	0.0179	31
m0100	m0132	26.7	0.0233	31
m0100	m0322	22.8	0.0233	31
m0100	m0238	38.3	0.0519	30
m0100	m0376	27.5	0.116	28
m0100	m0127	27.9	0.197	28
m0100	m0376	34.7	0.197	28
m0100	m0110	30.1	0.258	27
m0100	m0340	24.1	0.574	26
m0100	m0186	26.7	0.75	26
m0100	m0301	23.0	4.86	23
m0100	m0367	32.4	4.86	23
m0100	m0145	31.7	8.29	22
m0101	m0158	50.5	3.16e-84	303
m0101	m0200	47.1	1.02e-82	298
m0101	m0196	50.5	5.04e-82	295
m0101	m0233	50.5	4.27e-81	292
m0101	m0126	50.0	2.77e-80	290
m0101	m0236	50.3	3.61e-80	289
m0101	m0306	49.5	3.38e-78	283
m0101	m0380	51.1	5.77e-78	282
m0101	m0402	46.7	1.86e-76	277
m0101	m0273	46.5	3.17e-76	276
m0101	m0365	47.1	4.13e-76	276
m0101	m0171	48.8	4.13e-76	276
m0101	m0368	46.4	5.4e-76	275
m0101	m0235	47.3	1.57e-75	274
m0101	m0336	48.2	1.57e-75	274
m0101	m0264	47.3	2.05e-75	273
m0101	m0249	46.9	2.05e-75	273
m0101	m0234	47.3	2.05e-75	273
m0101	m0232	46.8	7.8e-75	272
m0101	m0331	46.2	2.96e-74	270
m0101	m0394	46.9	1.13e-73	268
m0101	m0377	47.4	3.28e-73	266
m0101	m0390	45.5	3.28e-73	266
m0101	m0299	47.4	4.28e-73	266
m0101	m0106	46.9	7.3e-73	265
m0101	m0343	47.7	1.24e-72	264
m0101	m0309	45.3	1.63e-72	264
m0101	m0144	49.6	2.77e-72	263
m0101	m0237	46.9	2.77e-72	263
m0101	m0398	48.2	6.18e-72	262
m0101	m0125	46.9	8.92e-71	258
m0101	m0305	46.4	1.17e-70	258
m0101	m0190	47.3	1.52e-70	257
m0101	m0137	45.0	1.52e-70	257
m0101	m0388	46.0	1.99e-70	257
m0101	m0316	45.1	9.86e-70	255
m0101	m0314	44.1	3.75e-69	253
m0101	m0372	45.2	4.89e-69	252
m0101	m0328	47.3	5.41e-68	249
m0101	m0382	47.4	7.07e-68	248
m0101	m0134	43.5	1.21e-67	248
m0101	m0335	47.9	1.33e-66	244
m0101	m0327	46.3	1.33e-66	244
m0101	m0176	46.6	6.62e-66	242
m0101	m0294	45.5	1.13e-65	241
m0101	m0208	46.4	3.28e-65	240
m0101	m0283	44.3	4.29e-65	239
m0101	m0169	41.8	4.29e-65	239
m0101	m0278	45.2	4.29e-65	239
m0101	m0195	44.1	7.31e-65	238
m0101	m0337	43.7	1.63e-64	237
m0101	m0239	45.2	1.63e-64	237
m0101	m0247	44.6	2.13e-64	237
m0101	m0370	44.4	3.63e-64	236
m0101	m0230	45.8	4.74e-64	236
m0101	m0164	45.3	4.74e-64	236
m0101	m0296	43.9	6.19e-64	235
m0101	m0321	45.7	8.09e-64	235
m0101	m0147	45.2	1.06e-63	235
m0101	m0341	47.8	1.38e-63	234
m0101	m0332	45.1	1.38e-63	234
m0101	m0123	46.2	1.8e-63	234
m0101	m0363	45.3	1.8e-63	234
m0101	m0261	46.7	2.35e-63	233
m0101	m0216	45.2	3.07e-63	233
m0101	m0250	47.8	3.07e-63	233
m0101	m0112	44.9	3.07e-63	233
m0101	m0393	45.7	4.01e-63	233
m0101	m0186	46.5	5.24e-63	232
m0101	m0201	46.4	1.53e-62	231
m0101	m0121	45.2	1.53e-62	231
m0101	m0254	43.2	1.99e-62	230
m0101	m0342	44.0	1.99e-62	230
m0101	m0400	45.2	2.6e-62	230
m0101	m0256	44.1	2.6e-62	230
m0101	m0345	43.8	2.6e-62	230
m0101	m0330	45.0	3.4e-62	230
m0101	m0218	43.8	4.44e-62	229
m0101	m0136	43.9	5.8e-62	229
m0101	m0229	46.2	5.8e-62	229
m0101	m0319	46.7	9.89e-62	228
m0101	m0127	45.0	9.89e-62	228
m0101	m0114	44.6	1.29e-61	228
m0101	m0348	44.9	1.69e-61	227
m0101	m0323	44.0	1.69e-61	227
m0101	m0160	43.8	1.69e-61	227
m0101	m0217	44.3	2.2e-61	227
m0101	m0194	44.4	2.88e-61	226
m0101	m0280	43.0	6.41e-61	225
m0101	m0219	48.3	6.41e-61	225
m0101	m0282	45.7	8.37e-61	225
m0101	m0152	41.6	1.09e-60	225
m0101	m0405	44.6	1.43e-60	224
m0101	m0378	43.9	1.43e-60	224
m0101	m0364	42.7	2.43e-60	223
m0101	m0166	42.2	3.18e-60	223
m0101	m0295	43.9	5.42e-60	222
m0101	m0191	43.8	7.08e-60	222
m0101	m0406	43.2	9.25e-60	221
m0101	m0349	41.6	1.21e-59	221
m0101	m0240	44.2	1.58e-59	221
m0101	m0274	44.2	2.06e-59	220
m0101	m0177	42.7	2.69e-59	220
m0101	m0161	42.9	6e-59	219
m0101	m0185	43.5	6e-59	219
m0101	m0266	42.0	7.83e-59	218
m0101	m0410	40.3	1.74e-58	217
m0101	m0397	43.9	2.28e-58	217
m0101	m0292	42.3	3.89e-58	216
m0101	m0338	44.8	5.08e-58	216
m0101	m0351	41.6	6.63e-58	215
m0101	m0116	44.4	8.66e-58	215
m0101	m0133	42.9	8.66e-58	215
m0101	m0162	39.7	1.13e-57	215
m0101	m0354	41.3	1.13e-57	215
m0101	m0181	44.9	1.13e-57	215
m0101	m0269	43.7	1.93e-57	214
m0101	m0104	42.8	2.52e-57	213
m0101	m0179	39.6	3.29e-57	213
m0101	m0297	46.3	5.61e-57	212
m0101	m0172	42.0	5.61e-57	212
m0101	m0317	42.2	7.33e-57	212
m0101	m0141	43.3	2.79e-56	210
m0101	m0245	42.1	4.75e-56	209
m0101	m0311	41.4	4.75e-56	209
m0101	m0157	42.1	6.21e-56	209
m0101	m0207	44.4	5.25e-55	206
m0101	m0385	42.8	6.86e-55	205
m0101	m0251	42.8	8.96e-55	205
m0101	m0187	39.1	2e-54	204
m0101	m0408	40.8	2.61e-54	203
m0101	m0246	39.7	4.45e-54	203
m0101	m0178	39.1	5.81e-54	202
m0101	m0334	40.4	9.91e-54	201
m0101	m0383	37.7	2.21e-53	200
m0101	m0356	38.3	3.77e-53	200
m0101	m0175	41.1	6.42e-53	199
m0101	m0170	38.6	4.16e-52	196
m0101	m0107	43.2	2.07e-51	194
m0101	m0312	38.9	2.07e-51	194
m0101	m0197	38.3	3.52e-51	193
m0101	m0105	41.0	6.01e-51	192
m0101	m0387	40.1	6.65e-50	189
m0101	m0165	40.6	3.3e-49	186
m0101	m0212	41.0	9.6e-49	185
m0101	m0173	38.0	1.39e-47	181
m0101	m0286	41.1	1.17e-46	178
m0101	m0284	38.8	5.82e-46	176
m0101	m0130	38.5	2.89e-45	173
m0101	m0168	37.2	1.75e-42	164
m0101	m0371	36.9	4.77e-40	156
m0101	m0275	33.1	2.37e-31	127
m0101	m0369	31.0	2.46e-28	117
m0101	m0289	32.1	4.19e-28	116
m0101	m0293	32.0	4.49e-22	96
m0101	m0231	28.7	4.49e-22	96
m0101	m0163	29.1	9.36e-20	89
m0101	m0140	26.3	6.71e-18	82
m0101	m0359	28.7	2.55e-17	80
m0101	m0276	25.1	2.64e-14	70
m0101	m0268	29.1	4.5e-14	70
m0101	m0267	27.6	1.23e-11	62
m0101	m0188	26.2	1.77e-10	58
m0101	m0396	26.7	2.31e-10	57
m0101	m0124	23.3	3.02e-10	57
m0101	m0279	29.4	5.15e-10	56
m0101	m0221	27.0	2.92e-05	40
m0101	m0307	24.4	3.82e-05	40
m0101	m0409	26.3	4.99e-05	40
m0101	m0399	27.1	6.51e-05	39
m0101	m0146	27.0	0.000189	38
m0101	m0376	32.1	0.000323	37
m0101	m0180	28.1	0.00357	33
m0101	m0339	32.4	0.00467	33
m0101	m0151	27.2	0.0177	31
m0101	m0411	29.2	0.0303	30
m0101	m0199	30.3	0.0303	30
m0101	m0257	26.2	0.0303	30
m0101	m0340	30.1	0.0674	29
m0101	m0102	25.9	0.571	26
m0101	m0220	23.3	0.745	26
m0101	m0367	40.0	2.17	24
m0101	m0241	61.5	2.17	24
m0101	m0214	31.0	4.83	23
m0101	m0392	44.4	8.24	22
m0101	m0202	50.0	8.24	22
m0102	m0376	30.8	2.45e-18	83
m0102	m0340	27.5	7.12e-18	82
m0102	m0180	27.5	2.22e-11	60
m0102	m0300	24.2	4.62e-09	52
m0102	m0367	23.7	4.79e-06	42
m0102	m0329	26.1	4.79e-06	42
m0102	m0232	27.3	1.07e-05	41
m0102	m0409	28.7	1.07e-05	41
m0102	m0169	22.6	1.39e-05	41
m0102	m0207	29.2	6.91e-05	39
m0102	m0299	25.8	9.03e-05	38
m0102	m0106	31.2	0.000118	38
m0102	m0249	26.0	0.000118	38
m0102	m0237	29.0	0.000154	37
m0102	m0235	26.0	0.000154	37
m0102	m0276	34.5	0.000263	37
m0102	m0276	30.4	0.000343	36
m0102	m0331	29.0	0.000343	36
m0102	m0230	26.1	0.000343	36
m0102	m0200	26.4	0.000343	36
m0102	m0264	27.8	0.000585	35
m0102	m0134	29.1	0.000585	35
m0102	m0271	25.3	0.000585	35
m0102	m0163	27.8	0.000764	35
m0102	m0236	25.8	0.000764	35
m0102	m0137	25.8	0.000998	35
m0102	m0199	22.7	0.000998	35
m0102	m0273	23.4	0.0013	34
m0102	m0321	30.2	0.0013	34
m0102	m0314	32.5	0.0017	34
m0102	m0316	24.7	0.0017	34
m0102	m0217	27.4	0.00222	33
m0102	m0158	26.1	0.00222	33
m0102	m0250	23.7	0.0029	33
m0102	m0394	24.7	0.0029	33
m0102	m0125	29.0	0.0029	33
m0102	m0390	27.2	0.00379	33
m0102	m0208	26.1	0.00495	32
m0102	m0378	26.1	0.00495	32
m0102	m0363	27.3	0.00647	32
m0102	m0369	27.8	0.00647	32
m0102	m0124	25.9	0.00647	32
m0102	m0402	26.2	0.00845	32
m0102	m0336	28.7	0.00845	32
m0102	m0328	27.6	0.00845	32
m0102	m0160	25.0	0.00845	32
m0102	m0210	36.4	0.011	31
m0102	m0218	25.0	0.0144	31
m0102	m0332	25.0	0.0144	31
m0102	m0377	23.4	0.0188	30
m0102	m0240	24.0	0.0188	30
m0102	m0382	25.0	0.0188	30
m0102	m0226	33.3	0.0246	30
m0102	m0256	23.7	0.0246	30
m0102	m0345	23.9	0.0246	30
m0102	m0141	27.0	0.0321	30
m0102	m0144	26.4	0.0321	30
m0102	m0306	22.4	0.0321	30
m0102	m0164	25.0	0.0321	30
m0102	m0393	25.0	0.0321	30
m0102	m0136	24.2	0.0419	29
m0102	m0342	23.9	0.0419	29
m0102	m0272	36.4	0.0419	29
m0102	m0296	28.8	0.0419	29
m0102	m0104	24.1	0.0548	29
m0102	m0233	28.1	0.0548	29
m0102	m0348	25.0	0.0548	29
m0102	m0171	22.1	0.0548	29
m0102	m0196	22.7	0.0548	29
m0102	m0229	32.1	0.0548	29
m0102	m0195	26.1	0.0715	28
m0102	m0132	47.6	0.0715	28
m0102	m0181	27.6	0.0715	28
m0102	m0342	32.1	0.0715	28
m0102	m0364	30.6	0.0934	28
m0102	m0112	26.3	0.0934	28
m0102	m0162	24.1	0.0934	28
m0102	m0247	28.1	0.0934	28
m0102	m0406	24.1	0.0934	28
m0102	m0296	34.0	0.0934	28
m0102	m0280	27.3	0.0934	28
m0102	m0219	30.2	0.0934	28
m0102	m0220	31.8	0.0934	28
m0102	m0216	29.9	0.0934	28
m0102	m0335	32.1	0.122	28
m0102	m0133	24.7	0.122	28
m0102	m0251	24.0	0.122	28
m0102	m0191	23.5	0.122	28
m0102	m0323	22.7	0.122	28
m0102	m0321	32.1	0.122	28
m0102	m0349	24.7	0.122	28
m0102	m0297	28.8	0.122	28
m0102	m0207	34.0	0.122	28
m0102	m0126	23.5	0.159	27
m0102	m0284	34.7	0.159	27
m0102	m0266	22.7	0.159	27
m0102	m0268	69.2	0.159	27
m0102	m0127	23.9	0.159	27
m0102	m0235	29.9	0.208	27
m0102	m0330	24.7	0.208	27
m0102	m0295	21.8	0.208	27
m0102	m0265	37.9	0.272	27
m0102	m0344	19.5	0.272	27
m0102	m0363	32.1	0.272	27
m0102	m0269	23.8	0.272	27
m0102	m0341	22.1	0.272	27
m0102	m0261	29.6	0.272	27
m0102	m0186	29.6	0.272	27
m0102	m0230	30.2	0.272	27
m0102	m0232	28.4	0.272	27
m0102	m0117	100.0	0.272	27
m0102	m0385	100.0	0.272	27
m0102	m0144	100.0	0.272	27
m0102	m0282	23.5	0.355	26
m0102	m0393	30.2	0.355	26
m0102	m0157	30.2	0.355	26
m0102	m0345	30.2	0.355	26
m0102	m0158	28.1	0.355	26
m0102	m0176	40.0	0.355	26
m0102	m0172	21.6	0.355	26
m0102	m0208	30.2	0.355	26
m0102	m0218	30.2	0.355	26
m0102	m0378	30.2	0.355	26
m0102	m0256	30.2	0.464	26
m0102	m0406	28.3	0.464	26
m0102	m0239	23.5	0.464	26
m0102	m0177	30.2	0.464	26
m0102	m0335	24.2	0.464	26
m0102	m0348	30.2	0.464	26
m0102	m0160	28.3	0.464	26
m0102	m0327	28.3	0.464	26
m0102	m0166	23.5	0.464	26
m0102	m0332	30.2	0.464	26
m0102	m0181	28.3	0.464	26
m0102	m0279	30.4	0.605	25
m0102	m0162	29.6	0.605	25
m0102	m0283	30.8	0.605	25
m0102	m0166	30.2	0.605	25
m0102	m0330	30.2	0.605	25
m0102	m0268	30.2	0.605	25
m0102	m0152	32.4	0.605	25
m0102	m0383	32.7	0.605	25
m0102	m0133	37.2	0.605	25
m0102	m0295	28.3	0.605	25
m0102	m0278	40.0	0.605	25
m0102	m0239	28.3	0.605	25
m0102	m0191	30.2	0.605	25
m0102	m0337	30.8	0.605	25
m0102	m0306	39.5	0.605	25
m0102	m0250	30.2	0.791	25
m0102	m0246	28.3	0.791	25
m0102	m0370	30.8	0.791	25
m0102	m0240	37.1	0.791	25
m0102	m0121	29.2	0.791	25
m0102	m0338	37.1	0.791	25
m0102	m0280	41.9	0.791	25
m0102	m0114	26.9	0.791	25
m0102	m0400	25.5	0.791	25
m0102	m0123	32.6	1.03	25
m0102	m0176	19.8	1.03	25
m0102	m0394	34.3	1.03	25
m0102	m0282	37.1	1.03	25
m0102	m0177	23.4	1.03	25
m0102	m0141	37.1	1.03	25
m0102	m0164	30.2	1.03	25
m0102	m0172	37.1	1.03	25
m0102	m0405	24.6	1.35	24
m0102	m0390	35.6	1.35	24
m0102	m0267	27.3	1.35	24
m0102	m0161	27.5	1.35	24
m0102	m0254	26.8	1.35	24
m0102	m0323	37.1	1.35	24
m0102	m0217	28.3	1.35	24
m0102	m0221	47.8	1.35	24
m0102	m0273	29.9	1.35	24
m0102	m0185	26.1	1.76	24
m0102	m0175	28.8	1.76	24
m0102	m0365	26.9	1.76	24
m0102	m0319	25.4	1.76	24
m0102	m0349	28.8	1.76	24
m0102	m0328	27.3	1.76	24
m0102	m0269	34.3	2.3	23
m0102	m0116	25.0	2.3	23
m0102	m0196	38.2	2.3	23
m0102	m0405	25.4	2.3	23
m0102	m0260	32.4	2.3	23
m0102	m0402	38.2	2.3	23
m0102	m0106	27.1	3	23
m0102	m0380	28.3	3	23
m0102	m0237	27.0	3.92	23
m0102	m0334	27.5	3.92	23
m0102	m0137	26.5	3.92	23
m0102	m0294	29.0	3.92	23
m0102	m0236	34.3	3.92	23
m0102	m0341	25.4	3.92	23
m0102	m0299	35.3	5.12	22
m0102	m0214	26.4	5.12	22
m0102	m0125	35.3	5.12	22
m0102	m0200	30.4	5.12	22
m0102	m0377	35.3	5.12	22
m0102	m0183	30.9	6.69	22
m0102	m0388	23.1	6.69	22
m0102	m0155	30.8	6.69	22
m0102	m0190	30.8	8.74	22
m0102	m0171	35.3	8.74	22
m0103	m0395	63.1	4.73e-78	282
m0103	m0225	40.6	4.62e-41	159
m0103	m0395	69.6	3.13e-05	40
m0103	m0225	53.1	0.00131	35
m0103	m0111	21.4	0.21	27
m0103	m0142	29.5	0.611	26
m0103	m0370	25.9	3.96	23
m0104	m0354	74.9	5.95e-120	421
m0104	m0266	73.8	1.12e-118	417
m0104	m0247	66.1	5.96e-112	395
m0104	m0147	65.0	6.39e-106	375
m0104	m0194	68.4	4.74e-101	359
m0104	m0187	52.8	3.52e-88	316
m0104	m0178	51.5	9.59e-86	308
m0104	m0112	56.9	2.79e-85	306
m0104	m0170	51.2	2.79e-85	306
m0104	m0382	52.6	2.61e-83	300
m0104	m0312	54.7	3.41e-83	299
m0104	m0385	51.4	8.4e-82	295
m0104	m0251	53.0	9.29e-81	291
m0104	m0311	50.7	9.29e-81	291
m0104	m0351	48.8	1.75e-79	287
m0104	m0197	48.9	1.75e-79	287
m0104	m0383	49.3	2.53e-78	283
m0104	m0123	51.9	3.65e-77	279
m0104	m0292	48.1	3.65e-77	279
m0104	m0356	49.4	2.37e-76	277
m0104	m0380	49.1	1.7e-74	270
m0104	m0402	49.5	3.78e-74	269
m0104	m0410	46.4	4.94e-74	269
m0104	m0234	49.0	1.44e-73	267
m0104	m0306	49.3	1.88e-73	267
m0104	m0273	49.2	4.18e-73	266
m0104	m0179	46.4	9.31e-73	265
m0104	m0341	48.3	9.31e-73	265
m0104	m0232	48.3	1.22e-72	264
m0104	m0249	47.2	2.07e-72	263
m0104	m0235	48.3	2.07e-72	263
m0104	m0106	49.1	4.62e-72	262
m0104	m0190	51.3	1.34e-71	261
m0104	m0314	49.8	1.76e-71	260
m0104	m0328	50.0	6.67e-71	258
m0104	m0299	49.5	6.67e-71	258
m0104	m0309	47.0	5.65e-70	255
m0104	m0125	50.5	7.37e-70	255
m0104	m0196	45.6	1.64e-69	254
m0104	m0390	48.1	2.15e-69	253
m0104	m0331	49.0	2.15e-69	253
m0104	m0237	50.8	6.24e-69	252
m0104	m0336	47.7	1.39e-68	251
m0104	m0144	48.5	1.82e-68	250
m0104	m0236	47.8	2.37e-68	250
m0104	m0233	47.0	5.29e-68	249
m0104	m0171	46.6	9.01e-68	248
m0104	m0264	45.1	1.54e-67	247
m0104	m0394	45.1	1.54e-67	247
m0104	m0169	45.2	2.01e-67	247
m0104	m0126	46.6	2.62e-67	247
m0104	m0137	46.6	4.47e-67	246
m0104	m0316	47.4	1.7e-66	244
m0104	m0134	46.2	2.22e-66	243
m0104	m0388	45.8	4.95e-66	242
m0104	m0398	46.3	6.46e-66	242
m0104	m0372	46.8	8.44e-66	242
m0104	m0377	47.0	3.21e-65	240
m0104	m0245	47.3	1.22e-64	238
m0104	m0294	44.3	1.03e-63	235
m0104	m0158	44.6	2.3e-63	233
m0104	m0305	44.2	4.33e-62	229
m0104	m0368	42.9	7.39e-62	228
m0104	m0200	44.2	1.65e-61	227
m0104	m0152	44.4	4.79e-61	226
m0104	m0370	44.7	3.11e-60	223
m0104	m0364	43.4	3.11e-60	223
m0104	m0168	38.9	2.23e-58	217
m0104	m0195	41.8	2.23e-58	217
m0104	m0254	42.8	1.1e-57	215
m0104	m0365	40.3	3.21e-57	213
m0104	m0274	40.2	4.2e-57	213
m0104	m0371	40.3	2.72e-56	210
m0104	m0185	42.0	3.55e-56	210
m0104	m0283	41.8	7.92e-56	208
m0104	m0334	42.3	2.3e-55	207
m0104	m0296	40.8	2.3e-55	207
m0104	m0127	41.0	2.3e-55	207
m0104	m0121	41.1	4.34e-54	203
m0104	m0343	39.9	5.67e-54	202
m0104	m0269	39.6	9.68e-54	201
m0104	m0278	41.8	9.68e-54	201
m0104	m0116	41.8	1.26e-53	201
m0104	m0323	38.3	1.26e-53	201
m0104	m0176	39.7	1.65e-53	201
m0104	m0297	40.7	2.16e-53	200
m0104	m0349	39.5	2.16e-53	200
m0104	m0337	42.9	2.82e-53	200
m0104	m0408	39.4	4.8e-53	199
m0104	m0191	39.7	6.27e-53	199
m0104	m0201	40.5	8.19e-53	198
m0104	m0319	41.7	8.19e-53	198
m0104	m0161	40.1	1.07e-52	198
m0104	m0397	39.6	2.38e-52	197
m0104	m0405	39.5	3.11e-52	196
m0104	m0177	38.8	3.11e-52	196
m0104	m0246	40.4	3.11e-52	196
m0104	m0216	41.2	4.07e-52	196
m0104	m0166	38.9	5.31e-52	196
m0104	m0342	41.8	5.31e-52	196
m0104	m0240	39.5	6.93e-52	195
m0104	m0363	40.0	6.93e-52	195
m0104	m0338	38.3	9.06e-52	195
m0104	m0230	40.0	1.18e-51	195
m0104	m0321	40.7	1.18e-51	195
m0104	m0181	40.4	1.54e-51	194
m0104	m0217	40.7	1.54e-51	194
m0104	m0282	40.0	2.02e-51	194
m0104	m0330	38.8	2.64e-51	193
m0104	m0136	39.9	2.64e-51	193
m0104	m0335	39.4	4.49e-51	193
m0104	m0317	38.9	5.87e-51	192
m0104	m0348	41.1	5.87e-51	192
m0104	m0165	39.5	7.67e-51	192
m0104	m0400	40.5	1.31e-50	191
m0104	m0160	42.1	1.31e-50	191
m0104	m0208	42.1	1.31e-50	191
m0104	m0345	41.2	1.31e-50	191
m0104	m0250	38.9	1.71e-50	191
m0104	m0172	39.9	2.23e-50	190
m0104	m0157	39.1	2.23e-50	190
m0104	m0261	40.4	2.91e-50	190
m0104	m0332	40.4	3.81e-50	190
m0104	m0387	38.5	4.97e-50	189
m0104	m0393	41.9	4.97e-50	189
m0104	m0133	39.2	6.49e-50	189
m0104	m0114	41.2	6.49e-50	189
m0104	m0378	40.1	8.48e-50	188
m0104	m0239	41.8	1.45e-49	188
m0104	m0284	41.5	1.89e-49	187
m0104	m0105	37.9	2.47e-49	187
m0104	m0327	38.7	2.47e-49	187
m0104	m0173	40.7	3.22e-49	186
m0104	m0229	41.8	4.21e-49	186
m0104	m0218	40.8	7.18e-49	185
m0104	m0406	38.8	9.37e-49	185
m0104	m0256	40.6	9.37e-49	185
m0104	m0175	39.6	1.22e-48	184
m0104	m0107	40.1	1.22e-48	184
m0104	m0295	38.8	1.22e-48	184
m0104	m0164	40.2	2.73e-48	183
m0104	m0280	39.4	3.56e-48	183
m0104	m0186	40.4	6.07e-48	182
m0104	m0219	41.9	1.04e-47	181
m0104	m0141	38.0	1.35e-47	181
m0104	m0286	37.4	6.72e-47	179
m0104	m0130	36.7	1.95e-46	177
m0104	m0212	37.4	1.95e-46	177
m0104	m0162	36.0	4.51e-43	166
m0104	m0207	35.2	2.24e-42	164
m0104	m0369	36.6	2.92e-42	163
m0104	m0275	36.2	1.6e-40	158
m0104	m0163	32.6	2.32e-31	127
m0104	m0289	29.1	3.03e-31	127
m0104	m0140	30.9	1.15e-30	125
m0104	m0359	26.3	1.23e-24	105
m0104	m0293	27.0	1.78e-23	101
m0104	m0188	29.6	5.02e-18	83
m0104	m0268	29.5	3.59e-16	77
m0104	m0231	25.6	1.05e-15	75
m0104	m0276	25.0	1.16e-14	72
m0104	m0279	26.4	1.97e-14	71
m0104	m0396	25.1	1.2e-11	62
m0104	m0124	21.8	7.26e-09	52
m0104	m0221	30.2	3.05e-07	47
m0104	m0307	23.2	4.87e-05	40
m0104	m0180	27.5	0.000316	37
m0104	m0376	25.4	0.000703	36
m0104	m0267	19.4	0.000918	35
m0104	m0147	25.2	0.00205	34
m0104	m0340	26.4	0.0386	30
m0104	m0257	25.0	0.0658	29
m0104	m0131	27.1	4.72	23
m0104	m0199	23.1	4.72	23
m0105	m0387	79.7	1.2e-136	477
m0105	m0286	67.7	2.2e-114	403
m0105	m0130	69.1	5.6e-110	388
m0105	m0212	66.4	2.13e-109	386
m0105	m0107	65.8	1.8e-108	383
m0105	m0165	61.3	1.29e-106	377
m0105	m0173	59.4	3.64e-101	359
m0105	m0408	57.0	1.39e-92	330
m0105	m0316	48.8	1.49e-70	257
m0105	m0273	47.7	2.15e-69	253
m0105	m0106	46.2	3.67e-69	253
m0105	m0331	45.8	3.11e-68	250
m0105	m0134	45.6	6.93e-68	248
m0105	m0232	45.6	2.63e-67	247
m0105	m0382	44.7	2.63e-67	247
m0105	m0390	45.6	4.49e-67	246
m0105	m0309	46.0	6.48e-66	242
m0105	m0235	45.7	8.47e-66	242
m0105	m0125	47.4	2.46e-65	240
m0105	m0236	47.3	3.22e-65	240
m0105	m0169	44.3	5.49e-65	239
m0105	m0294	47.8	7.17e-65	238
m0105	m0112	49.2	9.36e-65	238
m0105	m0402	43.4	2.72e-64	236
m0105	m0398	46.4	1.77e-63	234
m0105	m0299	44.1	1.77e-63	234
m0105	m0306	44.8	3.93e-63	233
m0105	m0394	45.5	6.71e-63	232
m0105	m0196	44.3	1.14e-62	231
m0105	m0237	44.5	1.95e-62	230
m0105	m0171	45.3	5.68e-62	229
m0105	m0123	47.5	9.69e-62	228
m0105	m0137	44.6	3.68e-61	226
m0105	m0380	45.5	8.2e-61	225
m0105	m0249	41.9	1.4e-60	224
m0105	m0388	41.7	1.18e-59	221
m0105	m0264	40.1	1.55e-59	221
m0105	m0194	44.4	1.55e-59	221
m0105	m0372	42.0	2.02e-59	220
m0105	m0234	41.7	4.98e-58	216
m0105	m0341	44.2	4.98e-58	216
m0105	m0152	40.6	1.11e-57	215
m0105	m0254	42.5	1.45e-57	214
m0105	m0126	42.4	1.89e-57	214
m0105	m0336	44.9	5.5e-57	212
m0105	m0190	42.9	2.73e-56	210
m0105	m0233	41.1	2.73e-56	210
m0105	m0195	39.1	4.66e-56	209
m0105	m0314	41.4	1.35e-55	208
m0105	m0328	43.4	1.77e-55	207
m0105	m0354	41.6	3.02e-55	206
m0105	m0377	42.4	3.94e-55	206
m0105	m0158	43.0	3.94e-55	206
m0105	m0200	43.4	5.15e-55	206
m0105	m0305	42.1	5.15e-55	206
m0105	m0334	41.9	7.43e-54	202
m0105	m0349	39.3	7.43e-54	202
m0105	m0144	42.5	6.29e-53	199
m0105	m0185	41.4	8.22e-53	198
m0105	m0172	39.3	1.83e-52	197
m0105	m0365	39.4	2.39e-52	197
m0105	m0338	40.3	4.08e-52	196
m0105	m0240	40.2	5.33e-52	196
m0105	m0323	38.0	6.96e-52	195
m0105	m0147	42.0	9.09e-52	195
m0105	m0364	42.1	9.09e-52	195
m0105	m0166	39.3	1.19e-51	195
m0105	m0266	40.0	1.55e-51	194
m0105	m0141	39.2	2.02e-51	194
m0105	m0343	41.5	3.45e-51	193
m0105	m0191	38.6	4.51e-51	193
m0105	m0282	39.9	7.69e-51	192
m0105	m0274	42.0	1.31e-50	191
m0105	m0405	40.8	1.31e-50	191
m0105	m0177	38.4	1.71e-50	191
m0105	m0133	40.3	1.71e-50	191
m0105	m0250	39.1	1.71e-50	191
m0105	m0330	39.8	1.71e-50	191
m0105	m0121	39.2	2.92e-50	190
m0105	m0136	39.4	3.82e-50	190
m0105	m0368	41.1	4.99e-50	189
m0105	m0247	40.2	6.51e-50	189
m0105	m0406	39.7	8.51e-50	188
m0105	m0175	38.3	1.11e-49	188
m0105	m0295	39.8	1.89e-49	187
m0105	m0383	38.0	3.23e-49	186
m0105	m0160	38.7	3.23e-49	186
m0105	m0351	39.1	4.22e-49	186
m0105	m0378	37.5	5.51e-49	186
m0105	m0292	39.6	5.51e-49	186
m0105	m0230	38.3	9.4e-49	185
m0105	m0127	39.2	2.1e-48	184
m0105	m0114	38.4	2.1e-48	184
m0105	m0311	41.7	2.1e-48	184
m0105	m0269	38.5	2.74e-48	183
m0105	m0245	39.5	3.57e-48	183
m0105	m0332	39.2	3.57e-48	183
m0105	m0164	39.2	4.67e-48	183
m0105	m0345	39.1	4.67e-48	183
m0105	m0157	40.4	7.96e-48	182
m0105	m0370	38.9	7.96e-48	182
m0105	m0162	42.3	1.36e-47	181
m0105	m0251	35.7	1.77e-47	181
m0105	m0116	38.2	3.03e-47	180
m0105	m0280	35.1	3.95e-47	179
m0105	m0283	39.1	5.16e-47	179
m0105	m0216	39.6	6.74e-47	179
m0105	m0385	40.3	6.74e-47	179
m0105	m0348	36.8	6.74e-47	179
m0105	m0393	36.5	8.8e-47	178
m0105	m0337	38.0	1.15e-46	178
m0105	m0335	38.2	1.15e-46	178
m0105	m0278	38.1	1.15e-46	178
m0105	m0397	38.8	1.5e-46	178
m0105	m0179	36.1	1.5e-46	178
m0105	m0400	38.5	2.56e-46	177
m0105	m0181	37.5	2.56e-46	177
m0105	m0297	41.1	3.34e-46	176
m0105	m0207	35.7	3.34e-46	176
m0105	m0356	40.0	4.37e-46	176
m0105	m0246	37.8	7.45e-46	175
m0105	m0342	38.0	7.45e-46	175
m0105	m0371	39.0	7.45e-46	175
m0105	m0176	37.8	7.45e-46	175
m0105	m0218	37.5	9.73e-46	175
m0105	m0321	36.8	1.66e-45	174
m0105	m0161	36.7	2.83e-45	173
m0105	m0208	36.7	2.83e-45	173
m0105	m0256	38.0	3.7e-45	173
m0105	m0201	37.4	3.7e-45	173
m0105	m0229	38.5	3.7e-45	173
m0105	m0261	36.8	4.83e-45	173
m0105	m0363	36.1	6.31e-45	172
m0105	m0197	34.6	8.24e-45	172
m0105	m0187	36.3	1.41e-44	171
m0105	m0296	35.6	2.4e-44	170
m0105	m0170	35.4	2.4e-44	170
m0105	m0319	37.7	3.13e-44	170
m0105	m0178	34.9	4.09e-44	169
m0105	m0219	40.7	9.11e-44	168
m0105	m0284	43.0	9.11e-44	168
m0105	m0186	36.4	9.11e-44	168
m0105	m0317	35.7	1.19e-43	168
m0105	m0239	35.8	1.19e-43	168
m0105	m0217	36.6	1.19e-43	168
m0105	m0410	36.5	1.55e-43	168
m0105	m0327	36.5	4.52e-43	166
m0105	m0312	35.5	7.71e-43	165
m0105	m0168	35.2	5e-42	163
m0105	m0369	34.1	1.78e-31	127
m0105	m0275	34.2	6.77e-31	126
m0105	m0163	31.7	9.47e-25	105
m0105	m0140	29.4	2.76e-24	104
m0105	m0289	28.0	3.37e-22	97
m0105	m0293	28.1	5.03e-18	83
m0105	m0231	29.8	1.12e-17	82
m0105	m0188	25.9	5.56e-17	79
m0105	m0359	28.9	3.05e-15	74
m0105	m0279	27.9	3.38e-14	70
m0105	m0124	24.8	4.41e-14	70
m0105	m0396	27.0	8.32e-13	65
m0105	m0268	29.0	1.09e-12	65
m0105	m0276	23.4	2.05e-11	61
m0105	m0267	32.5	1.02e-10	59
m0105	m0307	24.1	5.04e-10	56
m0105	m0221	32.1	2.77e-08	50
m0105	m0340	30.2	0.00054	36
m0105	m0180	27.9	0.00597	33
m0105	m0220	26.3	0.0133	32
m0105	m0367	28.5	0.066	29
m0105	m0376	28.4	0.113	28
m0105	m0339	28.4	0.147	28
m0105	m0356	27.5	0.251	27
m0105	m0259	24.2	0.251	27
m0105	m0349	28.6	0.559	26
m0105	m0111	23.0	0.954	25
m0105	m0310	25.8	1.63	25
m0106	m0331	81.8	1.38e-140	490
m0106	m0125	78.7	3.09e-124	436
m0106	m0316	72.9	2.45e-121	426
m0106	m0299	73.0	4.62e-120	422
m0106	m0134	74.0	1.34e-119	420
m0106	m0390	72.4	1.75e-119	420
m0106	m0236	70.6	4.32e-118	415
m0106	m0237	70.4	2.15e-117	413
m0106	m0402	70.5	1.54e-115	407
m0106	m0171	66.7	4.63e-112	395
m0106	m0232	64.9	7.39e-110	388
m0106	m0249	65.5	9.65e-110	387
m0106	m0377	63.7	3.67e-109	386
m0106	m0336	68.1	3.67e-109	386
m0106	m0306	66.4	6.26e-109	385
m0106	m0273	64.0	2.22e-106	376
m0106	m0235	63.0	2.22e-106	376
m0106	m0196	62.4	1.1e-105	374
m0106	m0234	63.4	1.14e-102	364
m0106	m0264	62.9	1.95e-102	363
m0106	m0394	62.0	2.55e-102	363
m0106	m0137	60.6	2.81e-101	359
m0106	m0190	66.8	2.02e-99	353
m0106	m0314	62.3	3.44e-99	352
m0106	m0380	61.3	5.87e-99	352
m0106	m0388	60.5	2.47e-97	346
m0106	m0144	64.2	9.37e-97	344
m0106	m0309	57.2	6.07e-96	342
m0106	m0372	59.4	1.77e-95	340
m0106	m0328	64.5	2.31e-95	340
m0106	m0398	63.8	3.68e-93	332
m0106	m0169	54.6	4.07e-92	329
m0106	m0382	59.1	8.49e-90	321
m0106	m0158	58.1	1.89e-89	320
m0106	m0152	56.2	1.6e-88	317
m0106	m0126	54.9	1.96e-86	310
m0106	m0323	54.5	1.27e-85	307
m0106	m0254	55.4	2.83e-85	306
m0106	m0136	53.2	6.3e-85	305
m0106	m0349	56.8	8.23e-85	305
m0106	m0269	57.0	1.4e-84	304
m0106	m0294	54.7	3.13e-84	303
m0106	m0338	53.7	5.33e-84	302
m0106	m0112	53.8	6.96e-84	302
m0106	m0200	50.3	6.96e-84	302
m0106	m0305	54.8	9.1e-84	301
m0106	m0343	54.5	1.19e-83	301
m0106	m0191	53.0	1.55e-83	300
m0106	m0121	52.0	7.7e-83	298
m0106	m0185	52.4	1.72e-82	297
m0106	m0406	51.5	1.72e-82	297
m0106	m0123	54.4	3.82e-82	296
m0106	m0173	54.5	6.52e-82	295
m0106	m0240	54.6	8.51e-82	295
m0106	m0330	53.4	8.51e-82	295
m0106	m0107	54.9	8.51e-82	295
m0106	m0295	51.7	1.11e-81	294
m0106	m0157	51.9	3.24e-81	293
m0106	m0230	51.0	4.23e-81	292
m0106	m0321	51.7	4.23e-81	292
m0106	m0233	49.7	4.23e-81	292
m0106	m0127	51.8	9.41e-81	291
m0106	m0172	51.4	1.23e-80	291
m0106	m0177	53.3	1.23e-80	291
m0106	m0166	51.7	1.23e-80	291
m0106	m0165	52.2	1.61e-80	290
m0106	m0133	53.4	2.1e-80	290
m0106	m0217	53.0	2.74e-80	290
m0106	m0335	53.4	2.74e-80	290
m0106	m0364	53.8	4.67e-80	289
m0106	m0261	53.3	1.04e-79	288
m0106	m0363	51.3	1.04e-79	288
m0106	m0114	52.0	1.36e-79	287
m0106	m0195	51.9	1.36e-79	287
m0106	m0297	54.9	1.78e-79	287
m0106	m0282	53.9	1.78e-79	287
m0106	m0250	53.0	3.95e-79	286
m0106	m0342	52.6	5.17e-79	285
m0106	m0208	51.6	6.75e-79	285
m0106	m0348	51.0	6.75e-79	285
m0106	m0400	52.2	6.75e-79	285
m0106	m0332	51.2	8.81e-79	285
m0106	m0141	50.0	8.81e-79	285
m0106	m0181	52.4	1.15e-78	284
m0106	m0186	53.4	1.15e-78	284
m0106	m0345	52.3	4.37e-78	282
m0106	m0365	51.1	7.46e-78	282
m0106	m0368	49.7	1.27e-77	281
m0106	m0296	50.0	1.66e-77	280
m0106	m0393	52.4	1.66e-77	280
m0106	m0378	50.5	2.17e-77	280
m0106	m0160	51.2	2.83e-77	280
m0106	m0246	49.3	2.83e-77	280
m0106	m0341	51.3	3.7e-77	279
m0106	m0256	51.6	4.83e-77	279
m0106	m0218	50.0	1.84e-76	277
m0106	m0397	51.9	2.4e-76	277
m0106	m0161	51.4	5.35e-76	275
m0106	m0327	52.5	5.35e-76	275
m0106	m0164	49.8	6.98e-76	275
m0106	m0408	49.8	6.98e-76	275
m0106	m0216	50.0	1.32e-74	271
m0106	m0176	51.1	3.83e-74	269
m0106	m0247	50.9	3.83e-74	269
m0106	m0175	46.4	5e-74	269
m0106	m0337	48.6	5e-74	269
m0106	m0283	49.3	1.11e-73	268
m0106	m0317	47.5	1.9e-73	267
m0106	m0370	49.3	4.24e-73	266
m0106	m0239	52.5	9.43e-73	265
m0106	m0278	49.5	9.43e-73	265
m0106	m0201	48.4	1.23e-72	264
m0106	m0147	44.7	2.1e-72	263
m0106	m0116	48.6	2.75e-72	263
m0106	m0274	47.0	3.59e-72	263
m0106	m0354	49.5	1.36e-71	261
m0106	m0280	51.9	2.32e-71	260
m0106	m0319	49.3	2.32e-71	260
m0106	m0266	48.1	6.76e-71	258
m0106	m0311	46.6	1.97e-70	257
m0106	m0351	46.1	2.57e-70	257
m0106	m0292	47.6	2.84e-69	253
m0106	m0405	49.0	4.85e-69	252
m0106	m0207	46.6	6.33e-69	252
m0106	m0187	46.5	8.27e-69	252
m0106	m0387	46.0	1.08e-68	251
m0106	m0286	46.4	3.14e-68	250
m0106	m0383	45.4	5.36e-68	249
m0106	m0385	47.9	5.36e-68	249
m0106	m0251	47.6	5.36e-68	249
m0106	m0179	44.8	9.14e-68	248
m0106	m0194	48.2	9.14e-68	248
m0106	m0410	46.8	2.04e-67	247
m0106	m0178	45.9	5.92e-67	245
m0106	m0170	46.6	5.92e-67	245
m0106	m0229	49.8	7.74e-67	245
m0106	m0334	46.8	2.94e-66	243
m0106	m0356	46.4	6.55e-66	242
m0106	m0219	51.4	1.91e-65	240
m0106	m0312	46.9	4.24e-65	239
m0106	m0130	47.9	3.59e-64	236
m0106	m0212	44.8	8.85e-63	231
m0106	m0197	42.7	8.28e-61	225
m0106	m0162	43.5	8.28e-61	225
m0106	m0245	43.7	2.04e-59	220
m0106	m0284	46.4	2.85e-53	200
m0106	m0168	37.8	7.27e-49	185
m0106	m0371	38.6	1.09e-44	171
m0106	m0369	34.4	7.31e-33	132
m0106	m0289	33.3	3.07e-31	127
m0106	m0275	33.9	5.24e-31	126
m0106	m0163	32.9	5.24e-31	126
m0106	m0140	31.2	6.84e-31	126
m0106	m0293	29.0	1.53e-22	98
m0106	m0188	26.8	3.18e-20	90
m0106	m0396	28.9	6.01e-19	86
m0106	m0359	27.6	1.13e-17	82
m0106	m0231	24.9	1.81e-15	74
m0106	m0276	24.2	4.45e-14	70
m0106	m0279	26.9	9.92e-14	69
m0106	m0268	26.4	8.4e-13	65
m0106	m0267	27.1	4.17e-12	63
m0106	m0124	22.9	6.02e-11	59
m0106	m0307	24.6	3.65e-08	50
m0106	m0221	21.3	8.14e-08	49
m0106	m0221	25.3	2.37e-07	47
m0106	m0409	24.9	5.83e-06	43
m0106	m0199	28.5	2.89e-05	40
m0106	m0339	23.8	6.45e-05	39
m0106	m0155	25.4	0.00032	37
m0106	m0220	28.2	0.000418	37
m0106	m0257	26.6	0.000713	36
m0106	m0340	25.2	0.000931	35
m0106	m0180	24.5	0.00122	35
m0106	m0340	25.7	0.00207	34
m0106	m0151	24.1	0.0103	32
m0106	m0111	27.1	0.0103	32
m0106	m0324	26.0	0.0103	32
m0106	m0180	27.1	0.0667	29
m0106	m0352	23.9	0.0871	29
m0106	m0132	26.3	0.432	27
m0106	m0142	27.4	0.738	26
m0106	m0146	23.1	0.738	26
m0106	m0376	25.3	0.963	25
m0106	m0400	25.4	1.64	25
m0106	m0214	50.0	2.15	24
m0106	m0318	22.5	3.66	23
m0106	m0350	32.0	3.66	23
m0106	m0184	25.7	4.78	23
m0107	m0165	85.9	1.17e-138	483
m0107	m0173	76.4	3.92e-126	442
m0107	m0286	69.4	1.04e-110	391
m0107	m0387	67.3	3.01e-110	389
m0107	m0130	66.8	4.5e-106	375
m0107	m0212	64.2	5.51e-104	368
m0107	m0408	58.4	8.53e-89	318
m0107	m0316	58.3	1.15e-85	307
m0107	m0134	55.5	2.25e-81	293
m0107	m0331	54.9	5.02e-81	292
m0107	m0390	54.3	2.75e-79	286
m0107	m0382	53.4	2.33e-78	283
m0107	m0299	53.4	9.79e-77	278
m0107	m0237	53.3	1.56e-74	270
m0107	m0125	52.2	7.76e-74	268
m0107	m0236	54.1	1.73e-73	267
m0107	m0402	50.9	2.95e-73	266
m0107	m0232	50.5	3.26e-72	263
m0107	m0273	50.0	3.05e-70	256
m0107	m0112	50.2	3.05e-70	256
m0107	m0235	49.1	1.98e-69	253
m0107	m0171	50.4	3.16e-67	246
m0107	m0309	48.1	3.16e-67	246
m0107	m0137	46.2	2.05e-66	243
m0107	m0254	49.1	2.67e-66	243
m0107	m0249	47.3	5.95e-66	242
m0107	m0306	48.6	1.73e-65	240
m0107	m0152	44.7	1.73e-65	240
m0107	m0123	48.6	2.95e-65	240
m0107	m0169	45.7	3.86e-65	239
m0107	m0196	48.5	5.04e-65	239
m0107	m0372	47.6	6.58e-65	238
m0107	m0388	47.9	1.47e-64	237
m0107	m0377	48.4	4.27e-64	236
m0107	m0234	49.6	1.24e-63	234
m0107	m0394	45.8	1.24e-63	234
m0107	m0264	42.8	4.72e-63	232
m0107	m0314	47.0	2.34e-62	230
m0107	m0190	46.7	3.06e-62	230
m0107	m0341	47.2	3.99e-62	229
m0107	m0380	45.1	1.52e-61	227
m0107	m0336	45.7	3.38e-61	226
m0107	m0328	45.0	1.68e-60	224
m0107	m0126	44.6	2.19e-60	223
m0107	m0195	45.7	4.13e-59	219
m0107	m0398	44.0	5.4e-59	219
m0107	m0144	45.4	1.2e-58	218
m0107	m0294	45.7	1.57e-58	217
m0107	m0194	46.9	3.5e-58	216
m0107	m0364	43.9	3.27e-56	210
m0107	m0158	42.3	2.77e-55	206
m0107	m0121	44.2	4e-54	203
m0107	m0200	42.6	3.39e-53	200
m0107	m0343	42.1	3.39e-53	200
m0107	m0351	40.6	2.2e-52	197
m0107	m0233	39.8	2.87e-52	196
m0107	m0147	40.7	3.75e-52	196
m0107	m0334	46.5	4.89e-52	196
m0107	m0383	42.4	8.34e-52	195
m0107	m0311	42.0	8.34e-52	195
m0107	m0292	40.3	1.42e-51	194
m0107	m0323	41.7	2.43e-51	193
m0107	m0305	40.1	4.14e-51	193
m0107	m0295	40.6	7.06e-51	192
m0107	m0187	39.8	1.57e-50	191
m0107	m0266	41.2	1.57e-50	191
m0107	m0354	40.0	1.57e-50	191
m0107	m0127	42.0	2.06e-50	190
m0107	m0250	40.6	2.06e-50	190
m0107	m0185	42.5	2.06e-50	190
m0107	m0179	39.0	2.68e-50	190
m0107	m0349	40.9	2.68e-50	190
m0107	m0338	42.1	2.68e-50	190
m0107	m0282	41.9	3.51e-50	190
m0107	m0133	42.7	3.51e-50	190
m0107	m0397	41.9	4.58e-50	189
m0107	m0136	40.9	5.98e-50	189
m0107	m0191	41.4	1.02e-49	188
m0107	m0280	42.5	1.33e-49	188
m0107	m0230	42.6	2.27e-49	187
m0107	m0342	44.0	2.27e-49	187
m0107	m0370	40.9	2.97e-49	186
m0107	m0385	43.3	2.97e-49	186
m0107	m0141	42.7	5.06e-49	186
m0107	m0181	40.7	5.06e-49	186
m0107	m0269	40.9	5.06e-49	186
m0107	m0321	43.2	5.06e-49	186
m0107	m0365	40.5	6.61e-49	185
m0107	m0332	43.2	6.61e-49	185
m0107	m0378	43.3	6.61e-49	185
m0107	m0256	44.0	8.63e-49	185
m0107	m0172	41.6	8.63e-49	185
m0107	m0161	40.9	8.63e-49	185
m0107	m0170	39.3	1.47e-48	184
m0107	m0406	39.5	1.92e-48	184
m0107	m0405	42.3	1.92e-48	184
m0107	m0274	39.9	1.92e-48	184
m0107	m0283	39.6	4.29e-48	183
m0107	m0160	42.1	4.29e-48	183
m0107	m0345	41.7	5.6e-48	182
m0107	m0201	40.8	5.6e-48	182
m0107	m0178	38.5	5.6e-48	182
m0107	m0393	41.1	7.31e-48	182
m0107	m0330	41.6	7.31e-48	182
m0107	m0410	39.6	7.31e-48	182
m0107	m0251	38.6	7.31e-48	182
m0107	m0216	42.1	9.55e-48	181
m0107	m0217	41.5	9.55e-48	181
m0107	m0162	40.8	9.55e-48	181
m0107	m0157	41.4	9.55e-48	181
m0107	m0261	41.7	9.55e-48	181
m0107	m0247	40.4	1.25e-47	181
m0107	m0218	42.5	1.25e-47	181
m0107	m0317	40.2	1.63e-47	181
m0107	m0348	42.6	1.63e-47	181
m0107	m0186	42.5	2.13e-47	180
m0107	m0197	37.6	2.13e-47	180
m0107	m0164	40.9	2.78e-47	180
m0107	m0114	43.1	3.63e-47	179
m0107	m0278	38.7	3.63e-47	179
m0107	m0116	41.2	4.74e-47	179
m0107	m0177	40.8	6.19e-47	179
m0107	m0208	40.4	6.19e-47	179
m0107	m0363	41.1	6.19e-47	179
m0107	m0356	38.9	8.08e-47	178
m0107	m0175	38.8	8.08e-47	178
m0107	m0240	39.0	1.8e-46	177
m0107	m0166	37.4	2.35e-46	177
m0107	m0335	42.2	3.07e-46	176
m0107	m0296	40.9	4.01e-46	176
m0107	m0312	38.0	4.01e-46	176
m0107	m0245	37.6	4.01e-46	176
m0107	m0239	41.8	5.24e-46	176
m0107	m0337	38.2	5.24e-46	176
m0107	m0400	42.0	8.93e-46	175
m0107	m0297	42.0	8.93e-46	175
m0107	m0207	37.3	1.17e-45	174
m0107	m0327	41.9	1.99e-45	174
m0107	m0176	39.3	3.4e-45	173
m0107	m0219	39.8	3.4e-45	173
m0107	m0368	38.1	7.56e-45	172
m0107	m0168	39.0	1.29e-44	171
m0107	m0229	42.7	1.69e-44	171
m0107	m0319	40.5	6.4e-44	169
m0107	m0246	37.0	6.4e-44	169
m0107	m0371	37.2	1.86e-43	167
m0107	m0284	39.3	1.25e-39	154
m0107	m0289	28.6	1.43e-27	114
m0107	m0369	32.7	2.44e-27	114
m0107	m0275	34.1	6.66e-25	106
m0107	m0188	28.6	8.14e-23	99
m0107	m0140	30.6	7.62e-21	92
m0107	m0163	30.7	7.62e-21	92
m0107	m0231	28.4	2.22e-20	91
m0107	m0293	28.5	1.34e-17	81
m0107	m0268	32.9	9.64e-16	75
m0107	m0267	30.3	1.82e-14	71
m0107	m0359	26.1	2.37e-14	70
m0107	m0124	25.6	4.05e-14	70
m0107	m0279	27.9	3.21e-11	60
m0107	m0276	22.5	2.72e-10	57
m0107	m0396	26.2	5.12e-09	53
m0107	m0221	29.0	7.39e-08	49
m0107	m0220	29.0	2.63e-05	40
m0107	m0307	20.3	0.00935	32
m0107	m0339	31.1	0.0606	29
m0107	m0340	25.6	0.0792	29
m0107	m0315	37.5	0.0792	29
m0107	m0146	23.5	0.135	28
m0107	m0180	29.0	0.176	28
m0107	m0139	26.8	0.176	28
m0107	m0376	26.3	0.301	27
m0107	m0376	32.7	1.14	25
m0107	m0348	25.4	1.95	24
m0107	m0146	23.3	3.33	23
m0107	m0375	31.0	3.33	23
m0107	m0330	28.1	5.67	23
m0107	m0367	50.0	7.41	22
m0107	m0180	30.5	7.41	22
m0107	m0164	27.8	7.41	22
m0108	m0223	39.0	1.05e-56	211
m0108	m0270	40.6	1.37e-56	211
m0108	m0138	39.1	3.38e-55	206
m0108	m0244	39.1	2.19e-54	204
m0108	m0209	37.4	2.42e-53	200
m0108	m0174	36.4	5.39e-53	199
m0108	m0379	34.9	4.57e-52	196
m0108	m0222	38.3	2.12e-49	187
m0108	m0193	34.7	1.92e-42	164
m0108	m0109	36.8	6.19e-41	159
m0108	m0113	35.0	1.06e-40	158
m0108	m0288	33.8	3.07e-40	157
m0108	m0277	34.0	6.84e-40	156
m0108	m0248	32.8	2.6e-39	154
m0108	m0320	30.9	4.15e-37	146
m0108	m0386	32.6	1.58e-36	144
m0108	m0357	32.0	3.51e-36	143
m0108	m0224	32.6	5.99e-36	143
m0108	m0115	30.3	7.83e-36	142
m0108	m0253	29.7	4.29e-34	136
m0108	m0154	31.6	5.61e-34	136
m0108	m0182	31.3	9.57e-34	135
m0108	m0353	32.2	1.8e-32	131
m0108	m0412	30.1	1.8e-32	131
m0108	m0211	32.0	2.36e-32	131
m0108	m0315	29.7	8.95e-32	129
m0108	m0384	31.9	1.53e-31	128
m0108	m0389	29.7	4.44e-31	126
m0108	m0258	31.2	8.38e-30	122
m0108	m0189	32.5	1.09e-29	122
m0108	m0361	30.1	5.43e-29	119
m0108	m0228	29.6	9.27e-29	119
m0108	m0285	28.5	2.7e-28	117
m0108	m0404	27.1	8.67e-27	112
m0108	m0167	29.9	6.45e-14	69
m0108	m0167	40.2	1.44e-13	68
m0108	m0362	28.3	2.38	24
m0108	m0195	27.6	3.11	24
m0108	m0213	41.7	4.06	23
m0108	m0307	35.7	6.92	23
m0108	m0255	26.8	9.04	22
m0108	m0398	19.1	9.04	22
m0109	m0248	43.2	6.5e-64	235
m0109	m0277	44.4	8.49e-64	235
m0109	m0320	44.1	1.45e-63	234
m0109	m0211	46.9	9.39e-63	231
m0109	m0115	43.0	1.96e-60	224
m0109	m0386	41.8	4.99e-56	209
m0109	m0389	42.1	1.11e-55	208
m0109	m0253	41.8	1.9e-55	207
m0109	m0193	41.4	2.48e-55	207
m0109	m0182	43.2	7.21e-55	205
m0109	m0412	40.5	5.16e-53	199
m0109	m0288	43.1	8.81e-53	198
m0109	m0315	38.9	2.83e-51	193
m0109	m0224	40.2	1.55e-49	188
m0109	m0113	39.7	2.03e-49	187
m0109	m0353	39.0	8.53e-48	182
m0109	m0154	38.7	3.58e-46	176
m0109	m0189	39.0	1.04e-45	175
m0109	m0384	38.7	2.84e-43	167
m0109	m0258	40.6	3.71e-43	166
m0109	m0404	37.1	1.08e-42	165
m0109	m0357	37.2	1.19e-41	161
m0109	m0228	35.8	3.84e-40	156
m0109	m0167	42.7	3.85e-32	130
m0109	m0244	32.4	1.62e-30	124
m0109	m0138	32.9	1.05e-29	122
m0109	m0361	29.3	1.05e-29	122
m0109	m0379	31.6	5.2e-29	119
m0109	m0270	31.9	1.51e-28	118
m0109	m0223	31.9	1.28e-27	115
m0109	m0174	31.5	1.67e-27	114
m0109	m0285	37.8	1.67e-27	114
m0109	m0222	32.9	1.73e-24	104
m0109	m0222	37.0	9.5e-23	99
m0109	m0209	27.0	3.61e-22	97
m0109	m0167	44.2	6.82e-13	66
m0109	m0285	29.1	1.74e-08	51
m0109	m0337	24.3	0.459	27
m0109	m0133	21.2	1.33	25
m0109	m0358	39.6	1.74	25
m0109	m0279	40.7	6.62	23
m0109	m0268	29.8	8.65	22
m0109	m0334	28.2	8.65	22
m0110	m0310	34.1	8.03e-48	182
m0110	m0131	38.2	1.05e-39	155
m0110	m0146	24.8	0.00603	33
m0110	m0149	23.7	0.0103	32
m0110	m0319	23.1	0.0299	31
m0110	m0172	19.6	0.0666	30
m0110	m0122	39.7	0.0666	30
m0110	m0170	32.8	0.087	29
m0110	m0279	47.7	0.114	29
m0110	m0273	26.1	0.114	29
m0110	m0162	37.0	0.432	27
m0110	m0387	29.7	0.737	26
m0110	m0375	21.8	0.737	26
m0110	m0207	52.8	1.26	25
m0110	m0200	47.1	1.64	25
m0110	m0286	40.4	2.8	24
m0110	m0373	29.8	3.66	24
m0110	m0202	48.1	4.77	23
m0110	m0218	27.0	6.23	23
m0110	m0236	44.4	6.23	23
m0111	m0403	45.4	3.76e-163	566
m0111	m0387	32.2	0.000608	37
m0111	m0201	22.5	0.000793	37
m0111	m0161	22.2	0.00231	35
m0111	m0408	30.4	0.00514	34
m0111	m0172	35.1	0.00514	34
m0111	m0397	23.6	0.0255	32
m0111	m0130	33.8	0.0255	32
m0111	m0155	27.4	0.0255	32
m0111	m0147	38.3	0.0435	31
m0111	m0283	21.2	0.165	29
m0111	m0286	28.9	0.216	29
m0111	m0266	34.0	0.216	29
m0111	m0228	28.2	0.629	27
m0111	m0376	31.8	0.821	27
m0111	m0393	27.9	1.07	27
m0111	m0300	25.7	1.83	26
m0111	m0399	33.9	2.39	25
m0111	m0354	29.8	5.32	24
m0111	m0318	38.5	6.95	24
m0111	m0278	30.4	6.95	24
m0111	m0309	32.6	9.08	23
m0111	m0272	41.5	9.08	23
m0112	m0123	73.6	1.4e-124	437
m0112	m0232	56.3	1.12e-89	321
m0112	m0235	56.5	1.12e-89	321
m0112	m0314	55.7	3.26e-89	319
m0112	m0328	56.0	6.8e-87	312
m0112	m0402	56.1	6.8e-87	312
m0112	m0247	57.5	8.88e-87	311
m0112	m0147	58.2	1.16e-86	311
m0112	m0273	54.7	1.98e-86	310
m0112	m0382	56.5	5.76e-86	309
m0112	m0390	57.7	7.52e-86	308
m0112	m0388	54.2	2.19e-85	307
m0112	m0299	56.9	2.86e-85	306
m0112	m0125	57.1	1.09e-84	304
m0112	m0331	56.4	2.42e-84	303
m0112	m0190	56.8	5.39e-84	302
m0112	m0316	57.0	4.56e-83	299
m0112	m0236	55.6	7.78e-83	298
m0112	m0237	55.3	2.26e-82	297
m0112	m0380	53.3	2.96e-82	296
m0112	m0234	53.3	1.47e-81	294
m0112	m0306	50.3	1.92e-81	294
m0112	m0134	53.6	5.57e-81	292
m0112	m0144	55.7	1.62e-80	290
m0112	m0196	49.5	2.77e-80	290
m0112	m0341	53.8	2.77e-80	290
m0112	m0394	49.8	6.16e-80	289
m0112	m0171	55.5	3.06e-79	286
m0112	m0309	52.0	3.99e-79	286
m0112	m0249	51.2	6.81e-79	285
m0112	m0336	52.7	8.9e-79	285
m0112	m0169	51.2	3.38e-78	283
m0112	m0126	50.2	4.88e-77	279
m0112	m0137	52.4	6.38e-77	278
m0112	m0264	51.8	1.09e-76	278
m0112	m0377	50.7	1.57e-75	274
m0112	m0254	50.3	1.02e-74	271
m0112	m0197	50.3	3.87e-74	269
m0112	m0178	48.0	6.6e-74	268
m0112	m0266	52.3	8.62e-74	268
m0112	m0170	48.5	1.47e-73	267
m0112	m0194	54.3	1.92e-73	267
m0112	m0152	47.4	4.28e-73	266
m0112	m0292	49.8	9.53e-73	265
m0112	m0354	50.2	6.18e-72	262
m0112	m0385	49.1	1.05e-71	261
m0112	m0305	47.1	1.38e-71	261
m0112	m0187	47.4	1.8e-71	260
m0112	m0251	50.6	5.23e-71	259
m0112	m0311	50.9	6.83e-71	258
m0112	m0408	46.3	6.83e-71	258
m0112	m0294	48.8	5.78e-70	255
m0112	m0351	49.1	1.29e-69	254
m0112	m0383	45.1	1.68e-69	254
m0112	m0372	45.1	2.2e-69	253
m0112	m0343	48.0	3.75e-69	253
m0112	m0245	46.1	8.35e-69	252
m0112	m0398	50.4	1.09e-68	251
m0112	m0312	48.0	2.43e-68	250
m0112	m0158	47.2	1.21e-67	248
m0112	m0165	48.0	2.06e-67	247
m0112	m0356	47.4	3.51e-67	246
m0112	m0364	46.7	3.51e-67	246
m0112	m0195	46.3	1.02e-66	245
m0112	m0410	47.7	5.07e-66	242
m0112	m0121	46.1	8.64e-66	242
m0112	m0173	47.2	1.13e-65	241
m0112	m0233	47.9	3.28e-65	240
m0112	m0286	44.8	3.28e-65	240
m0112	m0179	43.0	3.28e-65	240
m0112	m0365	44.1	2.78e-64	236
m0112	m0166	44.7	5.8e-62	229
m0112	m0387	46.9	4.91e-61	226
m0112	m0368	41.9	6.41e-61	225
m0112	m0130	45.0	1.09e-60	225
m0112	m0406	45.3	2.43e-60	223
m0112	m0334	43.6	2.43e-60	223
m0112	m0114	44.7	3.18e-60	223
m0112	m0200	42.9	5.42e-60	222
m0112	m0332	44.4	5.42e-60	222
m0112	m0208	44.6	1.21e-59	221
m0112	m0269	46.0	2.06e-59	220
m0112	m0321	43.9	2.06e-59	220
m0112	m0282	43.8	3.52e-59	220
m0112	m0230	43.9	3.52e-59	220
m0112	m0172	45.4	3.52e-59	220
m0112	m0342	44.3	3.52e-59	220
m0112	m0363	43.5	4.59e-59	219
m0112	m0348	44.3	6e-59	219
m0112	m0349	43.6	6e-59	219
m0112	m0295	44.7	6e-59	219
m0112	m0240	46.3	6e-59	219
m0112	m0177	43.6	7.83e-59	218
m0112	m0250	45.5	1.34e-58	218
m0112	m0378	44.1	1.34e-58	218
m0112	m0256	43.8	1.34e-58	218
m0112	m0274	43.0	1.74e-58	217
m0112	m0335	46.5	1.74e-58	217
m0112	m0217	42.6	2.28e-58	217
m0112	m0393	43.4	2.28e-58	217
m0112	m0323	45.2	2.98e-58	216
m0112	m0185	43.8	2.98e-58	216
m0112	m0345	43.1	3.89e-58	216
m0112	m0201	42.5	3.89e-58	216
m0112	m0160	44.4	3.89e-58	216
m0112	m0218	43.1	3.89e-58	216
m0112	m0400	43.1	8.66e-58	215
m0112	m0164	44.0	8.66e-58	215
m0112	m0239	45.1	1.48e-57	214
m0112	m0327	45.7	1.48e-57	214
m0112	m0212	44.5	1.48e-57	214
m0112	m0405	42.2	1.48e-57	214
m0112	m0338	44.3	1.48e-57	214
m0112	m0127	44.8	1.93e-57	214
m0112	m0280	45.5	3.29e-57	213
m0112	m0191	43.9	4.3e-57	213
m0112	m0133	44.7	4.3e-57	213
m0112	m0330	43.8	5.61e-57	212
m0112	m0370	45.5	7.33e-57	212
m0112	m0136	45.2	1.25e-56	211
m0112	m0397	42.5	1.63e-56	211
m0112	m0161	42.1	1.63e-56	211
m0112	m0216	45.6	2.79e-56	210
m0112	m0283	44.5	2.79e-56	210
m0112	m0116	44.3	2.79e-56	210
m0112	m0297	43.9	4.75e-56	209
m0112	m0319	45.9	4.75e-56	209
m0112	m0296	44.9	8.11e-56	208
m0112	m0157	42.8	4.02e-55	206
m0112	m0317	42.2	5.25e-55	206
m0112	m0181	43.3	6.86e-55	205
m0112	m0261	43.9	8.96e-55	205
m0112	m0141	43.4	8.96e-55	205
m0112	m0186	44.5	1.53e-54	204
m0112	m0371	38.1	2e-54	204
m0112	m0229	41.7	2e-54	204
m0112	m0284	46.1	2.61e-54	203
m0112	m0219	46.9	5.81e-54	202
m0112	m0176	41.2	7.59e-54	202
m0112	m0246	42.1	9.91e-54	201
m0112	m0278	43.1	1.29e-53	201
m0112	m0337	43.4	3.77e-53	200
m0112	m0162	42.0	7.1e-52	195
m0112	m0175	41.1	9.27e-52	195
m0112	m0207	40.6	5.09e-50	189
m0112	m0168	41.4	5.63e-49	186
m0112	m0275	35.1	9.32e-36	142
m0112	m0289	33.5	2.08e-35	141
m0112	m0369	34.3	3.54e-35	140
m0112	m0140	33.8	8.72e-34	135
m0112	m0163	34.7	1.94e-33	134
m0112	m0188	32.4	1.95e-25	107
m0112	m0293	26.4	5.3e-23	99
m0112	m0359	27.6	3.8e-21	93
m0112	m0231	29.3	2.72e-19	87
m0112	m0268	31.1	4.35e-17	80
m0112	m0276	24.8	1.83e-15	74
m0112	m0279	29.0	2.02e-14	71
m0112	m0124	24.0	2.02e-14	71
m0112	m0396	26.5	3.94e-10	57
m0112	m0267	26.6	3.34e-09	54
m0112	m0221	22.7	1.4e-07	48
m0112	m0307	24.6	1.19e-06	45
m0112	m0220	29.3	1.71e-05	41
m0112	m0409	23.2	0.00094	35
m0112	m0340	26.7	0.00094	35
m0112	m0257	22.3	0.0016	35
m0112	m0339	32.4	0.0104	32
m0112	m0180	32.0	0.0104	32
m0112	m0376	31.0	0.0516	30
m0112	m0151	25.4	0.088	29
m0112	m0155	33.3	0.115	28
m0112	m0367	33.9	0.196	28
m0112	m0411	24.2	0.256	27
m0112	m0180	21.3	0.973	25
m0112	m0394	27.3	1.27	25
m0112	m0375	27.7	1.27	25
m0112	m0318	31.2	3.7	23
m0112	m0201	35.4	3.7	23
m0112	m0202	50.0	6.31	23
m0112	m0246	29.3	8.24	22
m0113	m0277	46.5	2.15e-64	237
m0113	m0253	44.3	2.91e-61	226
m0113	m0320	43.0	1.1e-60	225
m0113	m0248	43.3	1.1e-60	225
m0113	m0193	42.7	2.08e-59	220
m0113	m0288	41.0	1.65e-56	211
m0113	m0412	41.4	2.15e-56	210
m0113	m0211	43.9	3.44e-54	203
m0113	m0315	43.7	5.87e-54	202
m0113	m0154	40.7	1.71e-53	201
m0113	m0182	37.6	1.89e-52	197
m0113	m0386	39.5	5.49e-52	196
m0113	m0389	39.9	3.56e-51	193
m0113	m0224	37.3	5.88e-46	176
m0113	m0115	37.3	1.11e-44	171
m0113	m0228	39.6	4.66e-43	166
m0113	m0189	40.1	8.79e-42	162
m0113	m0353	36.6	1.5e-41	161
m0113	m0404	40.7	2.56e-41	160
m0113	m0167	34.0	4.08e-39	153
m0113	m0357	34.0	1.31e-37	148
m0113	m0285	33.2	8.51e-37	145
m0113	m0384	35.1	9.41e-36	142
m0113	m0222	34.3	1.04e-34	138
m0113	m0244	31.7	3.95e-34	136
m0113	m0361	30.4	1.96e-33	134
m0113	m0258	32.6	1.27e-32	131
m0113	m0138	35.3	1.19e-30	125
m0113	m0209	30.1	1.55e-30	124
m0113	m0223	35.6	2.65e-30	124
m0113	m0174	31.9	1.32e-29	121
m0113	m0379	31.1	8.53e-29	119
m0113	m0270	31.9	1.23e-27	115
m0113	m0156	24.0	0.00361	33
m0113	m0255	22.9	0.0399	30
m0113	m0358	37.2	0.441	27
m0113	m0142	23.1	0.753	26
m0113	m0231	36.4	1.28	25
m0113	m0349	35.9	1.28	25
m0113	m0128	34.1	3.74	23
m0113	m0281	27.0	6.37	23
m0114	m0400	84.4	4.37e-223	765
m0114	m0261	73.3	9.53e-178	614
m0114	m0166	64.6	1.47e-170	590
m0114	m0191	64.3	6.63e-163	565
m0114	m0250	69.1	8.66e-163	564
m0114	m0330	65.7	5.61e-162	562
m0114	m0282	64.6	1.21e-156	544
m0114	m0133	65.4	3.52e-156	542
m0114	m0176	64.8	8.68e-155	538
m0114	m0256	77.7	3.3e-154	536
m0114	m0172	63.8	4.31e-154	535
m0114	m0345	69.8	1.64e-153	533
m0114	m0342	68.9	4.76e-153	532
m0114	m0393	68.7	1.53e-151	527
m0114	m0332	66.8	2e-151	527
m0114	m0186	64.0	9.93e-151	524
m0114	m0218	67.1	4.93e-150	522
m0114	m0348	75.6	1.21e-148	517
m0114	m0378	66.2	2.07e-148	517
m0114	m0164	71.9	7.87e-148	515
m0114	m0217	66.3	3.91e-147	512
m0114	m0160	62.2	8.14e-145	505
m0114	m0127	60.6	8.14e-145	505
m0114	m0208	76.1	1.06e-144	504
m0114	m0321	70.0	4.04e-144	502
m0114	m0230	68.9	5.84e-143	498
m0114	m0363	65.9	7.89e-140	488
m0114	m0317	55.9	3.31e-138	483
m0114	m0297	56.4	3.55e-132	463
m0114	m0185	52.3	3.45e-119	419
m0114	m0280	54.4	1.77e-115	407
m0114	m0240	55.2	2.16e-113	400
m0114	m0296	65.4	3.45e-111	393
m0114	m0141	50.9	5.89e-111	392
m0114	m0349	51.2	7.69e-111	392
m0114	m0327	64.6	7.69e-111	392
m0114	m0177	50.0	2.92e-110	390
m0114	m0157	50.6	1.04e-107	381
m0114	m0337	50.2	1.15e-106	378
m0114	m0216	58.7	5.71e-106	376
m0114	m0181	51.0	1.27e-105	374
m0114	m0335	62.0	1.27e-105	374
m0114	m0295	48.9	2.4e-104	370
m0114	m0136	62.3	1.19e-103	368
m0114	m0283	49.5	1.32e-102	364
m0114	m0278	50.5	2.93e-102	363
m0114	m0116	49.0	2.93e-102	363
m0114	m0246	48.3	5e-102	362
m0114	m0219	51.8	8.53e-102	362
m0114	m0397	49.7	1.45e-101	361
m0114	m0239	55.4	2.48e-101	360
m0114	m0338	58.7	4.23e-101	359
m0114	m0406	60.2	5.53e-101	359
m0114	m0323	60.7	3.58e-100	356
m0114	m0175	49.4	4.68e-100	356
m0114	m0161	50.0	1.04e-99	355
m0114	m0269	60.6	1.36e-99	354
m0114	m0319	51.6	6.76e-99	352
m0114	m0229	58.5	8.82e-99	352
m0114	m0201	50.9	1.15e-98	351
m0114	m0370	58.7	1.32e-94	338
m0114	m0405	57.0	1.23e-92	331
m0114	m0207	52.7	4.54e-87	313
m0114	m0125	58.8	2.33e-83	300
m0114	m0331	53.3	7.77e-79	285
m0114	m0299	53.8	1.12e-77	282
m0114	m0316	54.2	2.5e-77	280
m0114	m0402	51.4	2.76e-76	277
m0114	m0134	51.0	8.04e-76	275
m0114	m0236	50.3	2.58e-74	270
m0114	m0390	52.6	3.38e-74	270
m0114	m0237	50.7	3.16e-72	263
m0114	m0158	50.0	2.68e-71	260
m0114	m0235	48.7	3.49e-71	260
m0114	m0273	48.0	7.78e-71	259
m0114	m0309	48.8	1.33e-70	258
m0114	m0234	44.5	2.26e-70	257
m0114	m0264	43.2	1.92e-69	254
m0114	m0249	47.9	2.5e-69	254
m0114	m0137	47.9	2.5e-69	254
m0114	m0144	51.0	7.28e-69	252
m0114	m0336	50.0	1.24e-68	252
m0114	m0232	47.4	2.12e-68	251
m0114	m0233	45.9	4.72e-68	250
m0114	m0306	46.5	6.17e-68	249
m0114	m0380	48.6	1.37e-67	248
m0114	m0196	45.7	1.37e-67	248
m0114	m0343	51.5	1.37e-67	248
m0114	m0171	47.9	1.79e-67	248
m0114	m0377	46.1	1.16e-66	245
m0114	m0195	48.6	1.16e-66	245
m0114	m0169	45.4	2.59e-66	244
m0114	m0394	47.6	5.77e-66	243
m0114	m0388	46.9	3.74e-65	240
m0114	m0200	44.5	1.42e-64	238
m0114	m0398	48.1	2.68e-63	234
m0114	m0314	46.0	4.57e-63	233
m0114	m0368	45.5	6.6e-62	229
m0114	m0274	43.6	8.63e-62	229
m0114	m0305	44.1	1.13e-61	228
m0114	m0190	47.3	1.13e-61	228
m0114	m0372	46.5	1.47e-61	228
m0114	m0365	43.2	1.63e-60	225
m0114	m0294	46.6	3.62e-60	223
m0114	m0382	47.2	6.18e-60	223
m0114	m0152	44.6	8.07e-60	222
m0114	m0328	46.0	1.38e-59	221
m0114	m0247	45.2	4.01e-59	220
m0114	m0126	41.4	4.43e-58	216
m0114	m0254	43.3	4.9e-57	213
m0114	m0123	44.3	1.09e-56	212
m0114	m0147	41.0	3.17e-56	210
m0114	m0408	40.5	3.88e-54	203
m0114	m0121	42.2	3.29e-53	200
m0114	m0383	39.3	2.13e-52	198
m0114	m0354	41.6	1.06e-51	195
m0114	m0197	41.7	1.06e-51	195
m0114	m0311	40.9	4.02e-51	193
m0114	m0385	41.4	1.17e-50	192
m0114	m0187	41.0	5.8e-50	190
m0114	m0351	39.6	5.8e-50	190
m0114	m0292	39.2	9.89e-50	189
m0114	m0178	39.9	1.69e-49	188
m0114	m0410	37.5	3.76e-49	187
m0114	m0341	41.2	8.37e-49	186
m0114	m0334	43.0	8.37e-49	186
m0114	m0364	40.9	1.09e-48	185
m0114	m0266	39.4	2.44e-48	184
m0114	m0170	38.3	2.06e-47	181
m0114	m0212	38.5	2.06e-47	181
m0114	m0179	38.2	2.69e-47	181
m0114	m0356	38.2	6e-47	179
m0114	m0312	38.8	1.75e-46	178
m0114	m0194	39.9	1.75e-46	178
m0114	m0286	39.2	2.98e-46	177
m0114	m0387	38.0	6.63e-46	176
m0114	m0165	39.6	3.29e-45	174
m0114	m0173	38.3	4.3e-45	173
m0114	m0284	40.0	1.25e-44	172
m0114	m0130	39.9	1.63e-44	171
m0114	m0162	39.9	3.64e-44	170
m0114	m0251	38.0	4.03e-43	167
m0114	m0245	36.8	6.87e-43	166
m0114	m0371	37.5	5.44e-40	156
m0114	m0168	35.0	8.69e-38	149
m0114	m0275	37.8	1.39e-35	142
m0114	m0369	37.0	2e-34	138
m0114	m0140	29.7	5.64e-29	120
m0114	m0163	31.8	2.14e-28	118
m0114	m0289	33.0	1.06e-27	116
m0114	m0188	30.6	4.48e-18	84
m0114	m0279	30.6	1.88e-16	78
m0114	m0293	25.4	7.15e-16	76
m0114	m0396	31.4	6.06e-15	73
m0114	m0231	31.0	3.01e-14	71
m0114	m0359	25.7	6.7e-14	70
m0114	m0276	26.3	7.4e-13	66
m0114	m0267	25.0	2.02e-10	58
m0114	m0268	28.3	1e-09	56
m0114	m0409	25.6	4.97e-09	54
m0114	m0124	26.0	2.46e-08	51
m0114	m0307	27.1	9.69e-05	39
m0114	m0376	33.7	0.000481	37
m0114	m0340	30.2	0.0014	35
m0114	m0221	28.7	0.00312	34
m0114	m0324	23.1	0.00407	34
m0114	m0371	39.7	0.00532	33
m0114	m0318	25.5	0.00695	33
m0114	m0339	31.0	0.0118	32
m0114	m0219	34.3	0.0202	32
m0114	m0146	22.8	0.0264	31
m0114	m0149	28.6	0.045	30
m0114	m0367	41.9	0.131	29
m0114	m0375	27.2	0.131	29
m0114	m0411	28.3	0.171	28
m0114	m0257	27.9	0.171	28
m0114	m0180	24.2	0.381	27
m0114	m0399	28.2	0.498	27
m0114	m0151	56.5	0.65	27
m0114	m0199	38.5	1.89	25
m0114	m0147	23.0	1.89	25
m0114	m0241	61.5	5.5	23
m0114	m0392	21.4	9.39	23
m0115	m0277	42.4	3.03e-61	226
m0115	m0320	39.7	1.12e-55	208
m0115	m0248	36.9	1.61e-54	204
m0115	m0357	41.5	4.69e-54	203
m0115	m0193	39.0	7.99e-54	202
m0115	m0211	39.2	3.97e-53	200
m0115	m0288	38.5	1.67e-51	194
m0115	m0253	38.7	1.41e-50	191
m0115	m0353	37.5	3.14e-50	190
m0115	m0224	38.3	3.25e-47	180
m0115	m0386	35.7	1.05e-45	175
m0115	m0389	35.5	6.78e-45	172
m0115	m0412	36.8	8.86e-45	172
m0115	m0258	38.1	2.58e-44	170
m0115	m0315	34.0	9.79e-44	168
m0115	m0182	35.5	5.37e-42	163
m0115	m0404	34.9	1.73e-40	158
m0115	m0154	35.4	1.73e-40	158
m0115	m0228	35.8	6.57e-40	156
m0115	m0384	35.8	5.56e-39	153
m0115	m0189	31.7	5.2e-37	146
m0115	m0167	33.3	5.2e-37	146
m0115	m0285	30.7	3.86e-32	130
m0115	m0223	32.1	5.22e-29	119
m0115	m0379	30.6	5.22e-29	119
m0115	m0174	31.7	2.59e-28	117
m0115	m0138	31.8	2.59e-28	117
m0115	m0270	28.6	9.84e-28	115
m0115	m0222	31.4	5.4e-26	109
m0115	m0244	29.7	2.68e-25	107
m0115	m0361	30.6	5.97e-25	106
m0115	m0209	27.1	1.24e-22	98
m0115	m0233	25.9	0.0319	30
m0115	m0335	29.4	0.601	26
m0115	m0346	24.7	1.03	25
m0115	m0310	23.1	1.34	25
m0115	m0268	45.0	3.9	23
m0116	m0319	87.3	6.91e-226	774
m0116	m0337	69.0	1.56e-177	613
m0116	m0278	69.4	1.32e-176	610
m0116	m0283	66.8	5.56e-167	578
m0116	m0240	61.3	4.89e-147	512
m0116	m0141	57.9	8.09e-142	495
m0116	m0321	59.1	5.24e-141	492
m0116	m0393	58.9	1.29e-139	487
m0116	m0208	58.8	1.29e-139	487
m0116	m0219	61.8	4.91e-139	485
m0116	m0342	58.3	6.41e-139	485
m0116	m0332	57.8	8.37e-139	485
m0116	m0181	61.0	1.43e-138	484
m0116	m0256	58.4	2.43e-138	483
m0116	m0348	58.5	1.58e-137	480
m0116	m0345	57.7	6e-137	478
m0116	m0164	57.4	2.28e-136	476
m0116	m0160	57.9	3.89e-136	476
m0116	m0378	58.1	6.63e-136	475
m0116	m0157	57.4	4.3e-135	472
m0116	m0218	57.6	5.61e-135	472
m0116	m0175	57.8	9.57e-135	471
m0116	m0246	58.0	4.75e-134	469
m0116	m0363	56.0	4.75e-134	469
m0116	m0295	58.1	1.81e-133	467
m0116	m0201	54.1	1.81e-133	467
m0116	m0229	57.0	2.36e-133	466
m0116	m0230	55.6	3.08e-133	466
m0116	m0161	53.4	1.17e-132	464
m0116	m0397	53.1	1.69e-131	460
m0116	m0217	58.2	7.6e-124	435
m0116	m0370	75.9	4.93e-123	432
m0116	m0166	50.1	2.81e-110	390
m0116	m0172	51.3	3.1e-109	386
m0116	m0330	51.0	9.98e-108	381
m0116	m0191	53.2	1.7e-107	381
m0116	m0133	51.6	1.88e-106	377
m0116	m0282	51.6	2.46e-106	377
m0116	m0327	65.3	7.15e-106	375
m0116	m0176	51.9	1.03e-104	371
m0116	m0177	53.4	1.14e-103	368
m0116	m0261	50.9	1.14e-103	368
m0116	m0349	50.6	9.66e-103	365
m0116	m0250	51.2	6.26e-102	362
m0116	m0400	49.8	6.26e-102	362
m0116	m0186	49.4	8.18e-102	362
m0116	m0335	64.3	2.02e-100	357
m0116	m0216	59.3	2.63e-100	357
m0116	m0406	64.2	1.11e-98	351
m0116	m0296	63.8	6.07e-97	346
m0116	m0239	61.5	6.07e-97	346
m0116	m0405	50.7	3.12e-93	333
m0116	m0280	46.5	1.55e-92	331
m0116	m0127	45.8	3.22e-90	323
m0116	m0185	46.9	5.5e-90	322
m0116	m0317	44.1	7.94e-89	319
m0116	m0207	55.7	1.96e-87	314
m0116	m0338	56.1	9.09e-85	305
m0116	m0136	57.0	2.24e-83	300
m0116	m0269	54.2	3.82e-83	300
m0116	m0297	48.8	8.51e-83	299
m0116	m0323	54.3	7.2e-82	295
m0116	m0125	54.2	1.61e-73	268
m0116	m0331	50.5	2.32e-72	264
m0116	m0237	52.8	3.03e-72	263
m0116	m0235	47.9	1.5e-71	261
m0116	m0158	50.9	3.35e-71	260
m0116	m0402	50.2	7.47e-71	259
m0116	m0249	49.1	1.66e-70	258
m0116	m0232	47.1	8.26e-70	255
m0116	m0394	48.8	1.41e-69	255
m0116	m0236	50.2	1.41e-69	255
m0116	m0299	49.8	1.41e-69	255
m0116	m0316	50.0	5.35e-69	253
m0116	m0137	48.6	6.99e-69	252
m0116	m0273	46.3	6.99e-69	252
m0116	m0169	49.1	1.56e-68	251
m0116	m0380	49.1	4.53e-68	250
m0116	m0390	50.0	1.01e-67	248
m0116	m0234	45.8	1.32e-67	248
m0116	m0305	47.5	8.54e-67	245
m0116	m0196	45.7	1.46e-66	245
m0116	m0343	49.0	3.25e-66	243
m0116	m0306	48.1	3.25e-66	243
m0116	m0365	45.8	5.54e-66	243
m0116	m0134	45.2	1.61e-65	241
m0116	m0200	43.9	2.1e-65	241
m0116	m0144	50.6	3.59e-65	240
m0116	m0233	46.1	2.33e-64	237
m0116	m0309	49.1	3.04e-64	237
m0116	m0398	47.8	1.51e-63	235
m0116	m0388	47.9	1.51e-63	235
m0116	m0336	46.5	3.36e-63	233
m0116	m0264	46.0	3.36e-63	233
m0116	m0126	46.1	9.78e-63	232
m0116	m0368	45.8	1.67e-62	231
m0116	m0195	46.2	2.18e-62	231
m0116	m0294	47.2	3.48e-60	223
m0116	m0274	42.5	1.01e-59	222
m0116	m0314	44.7	1.01e-59	222
m0116	m0190	46.8	2.25e-59	221
m0116	m0377	43.5	2.25e-59	221
m0116	m0171	44.2	3.84e-59	220
m0116	m0372	42.8	1.46e-58	218
m0116	m0382	45.3	7.25e-58	216
m0116	m0328	45.7	1.37e-56	211
m0116	m0147	43.1	3.98e-56	210
m0116	m0247	43.9	5.2e-56	210
m0116	m0254	42.5	4.4e-55	206
m0116	m0123	43.4	1.42e-53	201
m0116	m0408	40.6	1.85e-53	201
m0116	m0121	42.7	3.15e-53	200
m0116	m0364	41.2	5.38e-53	200
m0116	m0341	43.0	5.94e-52	196
m0116	m0152	38.8	2.26e-51	194
m0116	m0354	41.5	5.03e-51	193
m0116	m0334	41.4	5.03e-51	193
m0116	m0266	41.1	1.91e-50	191
m0116	m0385	40.3	4.26e-50	190
m0116	m0292	40.6	1.62e-49	188
m0116	m0311	40.4	2.76e-49	187
m0116	m0387	39.7	1.79e-48	184
m0116	m0284	44.5	1.79e-48	184
m0116	m0178	37.8	3.05e-48	184
m0116	m0410	39.3	3.99e-48	183
m0116	m0187	40.3	3.99e-48	183
m0116	m0212	40.4	4.41e-47	180
m0116	m0170	38.3	1.28e-46	178
m0116	m0197	38.6	1.68e-46	178
m0116	m0179	39.1	2.19e-46	178
m0116	m0165	39.4	2.19e-46	178
m0116	m0286	38.9	2.86e-46	177
m0116	m0383	39.1	8.31e-46	176
m0116	m0356	40.5	5.39e-45	173
m0116	m0312	38.4	5.39e-45	173
m0116	m0351	38.3	7.04e-45	173
m0116	m0251	40.2	7.04e-45	173
m0116	m0162	39.2	5.96e-44	169
m0116	m0130	38.0	2.96e-43	167
m0116	m0173	37.3	3.27e-42	164
m0116	m0194	37.7	1.37e-40	158
m0116	m0245	35.6	1.16e-39	155
m0116	m0168	35.8	2.19e-38	151
m0116	m0371	33.0	4.73e-33	133
m0116	m0369	34.6	1.38e-32	132
m0116	m0275	31.3	9.87e-31	126
m0116	m0289	30.1	3.28e-26	111
m0116	m0163	28.2	4.91e-22	97
m0116	m0140	29.3	1.58e-20	92
m0116	m0188	28.3	3.41e-15	74
m0116	m0231	28.3	1.69e-14	72
m0116	m0293	25.5	2.44e-13	68
m0116	m0279	26.8	2.44e-13	68
m0116	m0276	24.9	4.17e-13	67
m0116	m0267	29.0	3.53e-12	64
m0116	m0124	25.0	2.98e-11	61
m0116	m0359	24.7	8.68e-11	59
m0116	m0396	27.5	8.68e-11	59
m0116	m0268	26.2	4.93e-06	44
m0116	m0139	27.6	8.41e-06	43
m0116	m0409	30.3	1.43e-05	42
m0116	m0340	29.4	4.17e-05	40
m0116	m0146	24.8	0.00103	36
m0116	m0399	22.9	0.00134	35
m0116	m0307	22.7	0.00134	35
m0116	m0376	33.0	0.00134	35
m0116	m0221	25.0	0.00175	35
m0116	m0149	27.0	0.0564	30
m0116	m0180	29.7	0.0564	30
m0116	m0151	24.1	0.0962	29
m0116	m0199	35.2	0.126	29
m0116	m0324	20.9	0.214	28
m0116	m0339	31.2	0.478	27
m0116	m0118	39.3	0.624	27
m0116	m0272	42.9	1.06	26
m0116	m0318	27.9	1.06	26
m0116	m0214	25.4	1.39	25
m0116	m0153	42.9	1.82	25
m0116	m0367	35.7	2.37	25
m0116	m0322	34.8	2.37	25
m0116	m0241	61.5	2.37	25
m0116	m0280	34.0	2.37	25
m0116	m0219	66.7	2.37	25
m0116	m0257	24.4	3.1	24
m0116	m0215	34.2	5.28	23
m0116	m0148	34.2	5.28	23
m0116	m0375	24.0	5.28	23
m0116	m0242	35.7	6.9	23
m0116	m0351	24.6	9.01	23
m0116	m0165	29.5	9.01	23
m0116	m0304	33.3	9.01	23
m0116	m0209	29.3	9.01	23
m0116	m0202	50.0	9.01	23
m0117	m0411	43.6	4.38e-57	213
m0117	m0227	41.5	2.41e-55	207
m0117	m0290	42.1	9.46e-52	195
m0117	m0360	41.6	1.61e-51	194
m0117	m0399	45.3	8.03e-43	165
m0117	m0210	41.7	1.33e-37	148
m0117	m0391	33.0	2.77e-35	140
m0117	m0135	34.6	3.08e-10	57
m0117	m0151	31.2	1.69e-08	51
m0117	m0150	35.0	1.58e-06	45
m0117	m0210	53.8	0.0139	32
m0117	m0305	26.3	0.0236	31
m0117	m0163	23.2	0.0309	30
m0117	m0385	22.1	0.0309	30
m0117	m0272	45.7	0.153	28
m0117	m0409	64.3	0.2	28
m0117	m0265	32.8	0.2	28
m0117	m0226	100.0	0.446	27
m0117	m0144	100.0	0.446	27
m0117	m0220	100.0	0.446	27
m0117	m0376	45.5	0.446	27
m0117	m0340	100.0	0.446	27
m0117	m0268	100.0	0.446	27
m0117	m0239	38.7	1.3	25
m0117	m0126	64.3	3.77	23
m0117	m0354	30.2	6.43	23
m0118	m0362	52.7	1.05e-120	424
m0118	m0242	44.7	1.31e-54	205
m0118	m0153	32.4	2.1e-44	171
m0118	m0192	30.2	2.84e-41	161
m0118	m0272	31.3	6.13e-36	143
m0118	m0325	30.3	1.16e-34	139
m0118	m0142	30.3	3.36e-34	137
m0118	m0265	27.2	4.11e-32	130
m0118	m0226	29.9	3.85e-30	124
m0118	m0203	26.4	3.26e-29	121
m0118	m0302	33.3	4.7e-28	117
m0118	m0148	39.7	4.7e-28	117
m0118	m0346	32.5	7.51e-26	109
m0118	m0358	30.5	1.12e-21	96
m0118	m0242	35.4	5.76e-18	83
m0118	m0302	26.0	1.02e-06	46
m0118	m0273	22.5	4.28e-05	40
m0118	m0341	23.3	0.00105	36
m0118	m0148	42.5	0.0339	31
m0118	m0272	38.3	0.375	27
m0118	m0183	32.5	3.18	24
m0118	m0355	33.3	5.42	23
m0118	m0249	35.1	7.07	23
m0118	m0273	43.3	7.07	23
m0118	m0366	22.1	9.24	23
m0119	m0318	34.2	5.23e-41	159
m0119	m0243	27.2	7.85e-21	92
m0119	m0149	25.9	6.88e-17	79
m0119	m0146	22.3	1.06e-09	55
m0119	m0375	22.8	1.1e-06	45
m0119	m0157	25.9	0.00194	35
m0119	m0297	25.2	0.00254	34
m0119	m0315	34.2	0.028	31
m0119	m0329	25.2	0.0816	29
m0119	m0261	25.3	0.107	29
m0119	m0186	24.7	0.182	28
m0119	m0151	24.6	0.237	28
m0119	m0271	28.3	0.237	28
m0119	m0199	35.6	0.31	27
m0119	m0200	36.8	0.529	27
m0119	m0166	26.8	0.902	26
m0119	m0164	24.3	4.48	23
m0120	m0128	42.4	3.67e-36	143
m0120	m0297	28.8	1.46	24
m0120	m0317	27.3	1.46	24
m0120	m0172	27.7	1.9	24
m0120	m0386	27.7	2.49	23
m0120	m0315	30.0	5.54	22
m0120	m0151	37.0	9.45	22
m0121	m0364	71.2	3.57e-118	416
m0121	m0372	62.6	1.72e-104	370
m0121	m0388	58.7	2.57e-92	330
m0121	m0234	57.9	1.2e-89	321
m0121	m0402	56.7	7.25e-87	312
m0121	m0249	53.9	9.47e-87	311
m0121	m0273	53.0	9.47e-87	311
m0121	m0314	52.5	1.37e-85	307
m0121	m0306	53.3	1.37e-85	307
m0121	m0235	55.5	3.05e-85	306
m0121	m0196	53.9	3.98e-85	306
m0121	m0190	58.4	1.51e-84	304
m0121	m0232	54.9	9.8e-84	301
m0121	m0264	52.8	1.28e-83	301
m0121	m0237	54.2	2.18e-83	300
m0121	m0299	54.2	2.18e-83	300
m0121	m0137	54.8	3.73e-83	299
m0121	m0144	57.6	8.3e-83	298
m0121	m0380	53.7	8.3e-83	298
m0121	m0328	55.6	1.08e-82	298
m0121	m0125	56.1	1.42e-82	297
m0121	m0171	52.4	3.15e-82	296
m0121	m0236	56.8	7.03e-82	295
m0121	m0377	53.1	9.18e-82	295
m0121	m0390	55.0	1.57e-81	294
m0121	m0331	52.5	2.67e-81	293
m0121	m0316	53.0	1.01e-80	291
m0121	m0336	51.3	2.95e-80	290
m0121	m0394	54.3	3.85e-80	289
m0121	m0126	50.7	1.91e-79	287
m0121	m0134	52.2	4.26e-79	286
m0121	m0309	51.8	2.76e-78	283
m0121	m0305	52.0	4.71e-78	282
m0121	m0382	50.4	8.32e-75	272
m0121	m0158	46.6	2.96e-72	263
m0121	m0398	50.2	1.92e-71	260
m0121	m0294	48.4	2.5e-71	260
m0121	m0169	45.6	5.58e-71	259
m0121	m0200	46.9	3.17e-66	243
m0121	m0152	46.1	3.17e-66	243
m0121	m0233	44.1	1.2e-65	241
m0121	m0365	45.2	1.2e-65	241
m0121	m0123	45.7	2.27e-64	237
m0121	m0195	43.8	2.97e-64	236
m0121	m0341	45.2	2.51e-63	233
m0121	m0343	44.0	2.13e-62	230
m0121	m0254	43.4	2.35e-61	227
m0121	m0368	40.3	1.52e-60	224
m0121	m0274	41.7	1.99e-60	224
m0121	m0247	41.4	7.56e-60	222
m0121	m0335	42.8	4.9e-59	219
m0121	m0295	41.9	1.09e-58	218
m0121	m0147	39.8	2.43e-58	217
m0121	m0356	43.4	7.07e-58	215
m0121	m0217	44.4	1.21e-57	215
m0121	m0327	43.7	1.21e-57	215
m0121	m0363	44.8	5.99e-57	212
m0121	m0349	41.4	1.02e-56	211
m0121	m0261	44.9	1.02e-56	211
m0121	m0256	43.3	1.02e-56	211
m0121	m0240	41.0	1.02e-56	211
m0121	m0330	40.4	1.33e-56	211
m0121	m0191	41.6	1.33e-56	211
m0121	m0181	42.6	1.33e-56	211
m0121	m0342	44.4	1.33e-56	211
m0121	m0266	39.7	1.74e-56	211
m0121	m0157	42.3	1.74e-56	211
m0121	m0177	42.1	2.28e-56	210
m0121	m0250	41.4	2.28e-56	210
m0121	m0165	41.8	2.97e-56	210
m0121	m0218	42.3	2.97e-56	210
m0121	m0332	43.7	3.88e-56	210
m0121	m0166	41.1	3.88e-56	210
m0121	m0246	41.7	3.88e-56	210
m0121	m0173	41.5	5.07e-56	209
m0121	m0194	43.3	8.65e-56	208
m0121	m0230	42.7	8.65e-56	208
m0121	m0378	42.9	8.65e-56	208
m0121	m0321	43.4	1.13e-55	208
m0121	m0345	43.7	1.48e-55	208
m0121	m0406	41.0	1.48e-55	208
m0121	m0292	39.9	1.48e-55	208
m0121	m0160	43.4	1.93e-55	207
m0121	m0282	42.7	1.93e-55	207
m0121	m0208	42.7	2.52e-55	207
m0121	m0186	44.6	2.52e-55	207
m0121	m0408	40.6	3.29e-55	206
m0121	m0136	42.4	3.29e-55	206
m0121	m0354	39.7	3.29e-55	206
m0121	m0400	43.4	4.29e-55	206
m0121	m0176	39.0	5.61e-55	206
m0121	m0296	43.2	5.61e-55	206
m0121	m0162	41.0	7.32e-55	205
m0121	m0278	40.0	9.56e-55	205
m0121	m0393	42.9	9.56e-55	205
m0121	m0172	39.9	9.56e-55	205
m0121	m0323	41.5	1.25e-54	205
m0121	m0283	41.5	1.25e-54	205
m0121	m0334	42.3	1.63e-54	204
m0121	m0141	39.9	1.63e-54	204
m0121	m0251	41.6	2.13e-54	204
m0121	m0164	42.1	2.78e-54	203
m0121	m0185	40.1	2.78e-54	203
m0121	m0348	42.7	6.2e-54	202
m0121	m0338	41.9	1.38e-53	201
m0121	m0133	40.9	1.38e-53	201
m0121	m0178	40.3	1.8e-53	201
m0121	m0280	42.6	3.08e-53	200
m0121	m0245	36.9	6.85e-53	199
m0121	m0385	40.1	6.85e-53	199
m0121	m0216	41.1	1.17e-52	198
m0121	m0337	39.6	1.17e-52	198
m0121	m0161	42.0	1.17e-52	198
m0121	m0370	41.1	1.53e-52	198
m0121	m0410	39.6	1.53e-52	198
m0121	m0312	42.1	1.99e-52	197
m0121	m0269	43.4	2.6e-52	197
m0121	m0127	43.1	3.4e-52	196
m0121	m0319	41.3	7.58e-52	195
m0121	m0187	39.4	9.89e-52	195
m0121	m0383	38.1	1.29e-51	195
m0121	m0311	38.2	1.69e-51	194
m0121	m0170	42.3	2.2e-51	194
m0121	m0351	37.2	2.88e-51	193
m0121	m0239	42.2	3.76e-51	193
m0121	m0286	38.0	4.91e-51	193
m0121	m0175	40.1	6.41e-51	192
m0121	m0197	39.6	1.43e-50	191
m0121	m0397	38.8	2.44e-50	190
m0121	m0168	41.2	2.06e-49	187
m0121	m0179	37.4	2.06e-49	187
m0121	m0229	37.7	2.98e-48	183
m0121	m0219	41.3	3.89e-48	183
m0121	m0387	37.5	8.67e-48	182
m0121	m0297	38.9	8.67e-48	182
m0121	m0207	37.5	1.48e-47	181
m0121	m0317	37.5	2.52e-47	180
m0121	m0405	39.3	3.29e-47	180
m0121	m0284	41.6	7.34e-47	179
m0121	m0201	36.4	1.25e-46	178
m0121	m0212	38.6	4.76e-46	176
m0121	m0130	38.7	6.21e-46	176
m0121	m0289	34.4	1.26e-30	125
m0121	m0275	32.5	1.06e-29	122
m0121	m0371	30.7	2.37e-29	121
m0121	m0369	33.3	1.7e-27	114
m0121	m0293	29.6	2.01e-20	91
m0121	m0163	27.8	1.3e-19	88
m0121	m0359	27.4	4.2e-18	83
m0121	m0231	26.9	8.19e-14	69
m0121	m0276	24.3	1.4e-13	68
m0121	m0188	26.4	2.02e-12	64
m0121	m0268	23.6	1.71e-11	61
m0121	m0396	26.5	2.91e-11	60
m0121	m0267	24.5	5.49e-10	56
m0121	m0279	26.0	1.6e-09	55
m0121	m0139	27.3	1.04e-08	52
m0121	m0124	21.0	5.14e-08	50
m0121	m0221	30.8	6.71e-08	49
m0121	m0409	25.0	9.7e-07	45
m0121	m0340	25.4	0.000768	36
m0121	m0221	30.3	0.00224	34
m0121	m0411	26.6	0.0065	33
m0121	m0180	26.3	0.0065	33
m0121	m0399	27.1	0.00849	32
m0121	m0339	20.6	0.0189	31
m0121	m0146	24.8	0.0939	29
m0121	m0257	46.4	0.209	28
m0121	m0291	28.1	0.357	27
m0121	m0324	26.3	0.609	26
m0121	m0307	33.3	5.15	23
m0122	m0259	30.4	6.61e-17	79
m0122	m0259	32.9	5.8e-05	40
m0122	m0129	33.1	0.00543	33
m0122	m0387	30.1	0.046	30
m0122	m0238	28.9	0.0601	30
m0122	m0239	40.0	0.102	29
m0122	m0304	36.4	0.664	26
m0122	m0334	36.0	0.867	26
m0122	m0373	26.9	0.867	26
m0122	m0236	44.7	1.13	25
m0122	m0185	31.5	1.93	25
m0122	m0303	35.1	3.3	24
m0122	m0136	30.6	4.3	23
m0122	m0390	42.4	5.62	23
m0123	m0232	56.7	1.56e-88	317
m0123	m0382	58.7	2.04e-88	317
m0123	m0235	56.4	5.92e-88	315
m0123	m0331	57.1	8.55e-87	311
m0123	m0247	55.5	2.49e-86	310
m0123	m0402	56.1	2.49e-86	310
m0123	m0314	52.4	8e-85	305
m0123	m0147	54.9	1.05e-84	304
m0123	m0273	53.0	1.05e-84	304
m0123	m0306	57.8	3.04e-84	303
m0123	m0328	56.0	6.78e-84	302
m0123	m0390	56.0	1.51e-83	300
m0123	m0299	54.7	4.39e-83	299
m0123	m0236	56.1	5.74e-83	299
m0123	m0316	56.5	7.49e-83	298
m0123	m0125	57.6	1.28e-82	297
m0123	m0134	53.4	8.28e-82	295
m0123	m0249	53.0	1.08e-81	294
m0123	m0190	56.0	1.08e-81	294
m0123	m0341	54.6	5.37e-81	292
m0123	m0237	53.8	5.37e-81	292
m0123	m0234	52.4	7.01e-81	292
m0123	m0336	54.9	7.01e-81	292
m0123	m0196	51.9	1.2e-80	291
m0123	m0171	54.4	2.04e-80	290
m0123	m0380	51.9	5.94e-80	289
m0123	m0144	53.9	3.6e-77	279
m0123	m0377	51.2	8.02e-77	278
m0123	m0264	51.0	2.33e-76	277
m0123	m0309	50.2	2.33e-76	277
m0123	m0394	49.7	3.05e-76	276
m0123	m0126	51.1	1.51e-75	274
m0123	m0388	51.9	3.37e-75	273
m0123	m0152	49.1	1.28e-74	271
m0123	m0194	51.9	2.85e-74	270
m0123	m0137	50.7	4.87e-74	269
m0123	m0354	50.0	3.16e-73	266
m0123	m0266	50.2	3.16e-73	266
m0123	m0169	46.4	5.04e-71	259
m0123	m0305	47.8	1.91e-70	257
m0123	m0251	49.3	1.91e-70	257
m0123	m0385	47.9	3.26e-70	256
m0123	m0294	50.0	1.62e-69	254
m0123	m0254	49.1	1.62e-69	254
m0123	m0383	46.6	6.16e-69	252
m0123	m0187	46.0	8.04e-69	252
m0123	m0312	48.9	1.37e-68	251
m0123	m0351	44.3	3.06e-68	250
m0123	m0292	45.5	3.06e-68	250
m0123	m0178	45.7	3.99e-68	249
m0123	m0311	46.6	6.81e-68	248
m0123	m0170	45.3	1.98e-67	247
m0123	m0364	46.0	4.41e-67	246
m0123	m0245	46.4	5.76e-67	245
m0123	m0372	45.5	5.76e-67	245
m0123	m0356	47.4	7.53e-67	245
m0123	m0158	47.0	2.86e-66	243
m0123	m0173	47.0	3.74e-66	243
m0123	m0165	45.7	4.88e-66	242
m0123	m0197	45.1	1.42e-65	241
m0123	m0408	44.6	9.2e-65	238
m0123	m0233	48.7	9.2e-65	238
m0123	m0179	41.3	1.74e-63	234
m0123	m0200	45.8	1.74e-63	234
m0123	m0365	43.2	2.96e-63	233
m0123	m0398	47.0	5.05e-63	232
m0123	m0195	45.8	6.59e-63	232
m0123	m0286	49.4	2.51e-62	230
m0123	m0387	46.9	7.29e-62	228
m0123	m0334	51.0	7.29e-62	228
m0123	m0343	44.8	9.52e-62	228
m0123	m0410	43.7	2.12e-61	227
m0123	m0130	44.9	8.06e-61	225
m0123	m0274	42.1	2.59e-59	220
m0123	m0323	42.8	3.39e-59	220
m0123	m0368	42.8	7.54e-59	218
m0123	m0212	45.2	8.34e-58	215
m0123	m0201	42.7	1.09e-57	215
m0123	m0283	43.2	3.17e-57	213
m0123	m0269	43.9	3.17e-57	213
m0123	m0397	43.9	4.14e-57	213
m0123	m0172	43.3	7.06e-57	212
m0123	m0370	44.9	7.06e-57	212
m0123	m0161	42.3	9.22e-57	211
m0123	m0335	43.7	1.57e-56	211
m0123	m0230	42.5	1.57e-56	211
m0123	m0250	43.3	2.05e-56	210
m0123	m0349	43.0	2.68e-56	210
m0123	m0185	43.8	7.81e-56	208
m0123	m0127	44.0	7.81e-56	208
m0123	m0338	43.1	7.81e-56	208
m0123	m0405	41.4	1.33e-55	208
m0123	m0348	41.8	1.74e-55	207
m0123	m0216	44.2	1.74e-55	207
m0123	m0133	43.3	1.74e-55	207
m0123	m0400	43.5	2.27e-55	207
m0123	m0282	42.4	3.87e-55	206
m0123	m0191	43.4	6.61e-55	205
m0123	m0327	43.7	6.61e-55	205
m0123	m0208	41.5	6.61e-55	205
m0123	m0162	44.6	8.63e-55	205
m0123	m0278	43.1	1.13e-54	205
m0123	m0240	43.3	1.13e-54	205
m0123	m0337	42.1	1.47e-54	204
m0123	m0406	42.3	2.51e-54	203
m0123	m0363	40.5	2.51e-54	203
m0123	m0330	42.5	3.28e-54	203
m0123	m0342	41.8	3.28e-54	203
m0123	m0319	45.1	3.28e-54	203
m0123	m0321	40.5	3.28e-54	203
m0123	m0136	41.7	4.28e-54	203
m0123	m0217	41.1	7.31e-54	202
m0123	m0166	41.9	7.31e-54	202
m0123	m0229	40.4	7.31e-54	202
m0123	m0332	42.4	1.25e-53	201
m0123	m0177	42.9	1.63e-53	201
m0123	m0239	42.9	1.63e-53	201
m0123	m0218	41.6	1.63e-53	201
m0123	m0219	43.1	2.13e-53	200
m0123	m0296	40.7	2.13e-53	200
m0123	m0295	42.5	3.63e-53	200
m0123	m0181	41.7	6.19e-53	199
m0123	m0345	42.0	6.19e-53	199
m0123	m0141	40.7	8.08e-53	198
m0123	m0160	40.5	1.06e-52	198
m0123	m0378	41.9	1.38e-52	198
m0123	m0393	40.7	1.38e-52	198
m0123	m0284	46.2	1.8e-52	197
m0123	m0164	41.3	2.35e-52	197
m0123	m0371	40.7	2.35e-52	197
m0123	m0256	42.2	2.35e-52	197
m0123	m0261	41.3	3.07e-52	196
m0123	m0297	43.2	3.07e-52	196
m0123	m0168	44.4	5.24e-52	196
m0123	m0186	42.1	6.84e-52	195
m0123	m0176	41.0	6.84e-52	195
m0123	m0317	38.1	1.99e-51	194
m0123	m0157	41.3	2.6e-51	193
m0123	m0280	41.0	9.88e-51	191
m0123	m0175	40.2	1.68e-50	191
m0123	m0246	39.4	4.15e-49	186
m0123	m0207	39.5	4.29e-46	176
m0123	m0369	35.6	6.87e-36	142
m0123	m0289	36.4	2.89e-34	137
m0123	m0275	34.7	1.87e-33	134
m0123	m0163	33.5	1.48e-30	124
m0123	m0140	31.4	4.77e-29	119
m0123	m0188	28.3	6.67e-23	99
m0123	m0293	26.7	2.15e-21	94
m0123	m0359	26.6	1.82e-20	91
m0123	m0231	26.4	2.08e-16	77
m0123	m0276	24.5	2.08e-16	77
m0123	m0268	27.0	9.66e-14	69
m0123	m0279	28.4	1.82e-12	64
m0123	m0124	24.4	1.82e-12	64
m0123	m0396	24.2	9.04e-12	62
m0123	m0221	28.7	2.91e-10	57
m0123	m0267	23.8	1.88e-09	54
m0123	m0307	23.0	1.14e-06	45
m0123	m0220	24.7	1.26e-05	42
m0123	m0340	27.9	0.000906	35
m0123	m0409	24.5	0.00118	35
m0123	m0411	26.1	0.00202	34
m0123	m0399	25.9	0.00767	32
m0123	m0376	28.3	0.0131	32
m0123	m0151	25.0	0.0171	31
m0123	m0339	25.5	0.0291	30
m0123	m0180	29.0	0.0291	30
m0123	m0257	23.8	0.0291	30
m0123	m0324	25.0	0.111	28
m0123	m0180	23.0	0.421	27
m0123	m0157	24.7	0.937	25
m0123	m0367	40.6	1.22	25
m0123	m0303	63.2	2.09	24
m0123	m0246	46.4	7.94	22
m0124	m0396	30.8	1.33e-20	91
m0124	m0188	24.4	7.29e-19	86
m0124	m0231	27.1	9.52e-19	85
m0124	m0279	27.8	3.62e-18	83
m0124	m0165	27.1	9.85e-16	75
m0124	m0276	24.8	1.68e-15	74
m0124	m0341	26.2	1.09e-14	72
m0124	m0232	23.4	1.86e-14	71
m0124	m0382	24.4	4.14e-14	70
m0124	m0299	23.2	5.4e-14	69
m0124	m0387	25.4	5.4e-14	69
m0124	m0334	25.3	7.06e-14	69
m0124	m0237	22.4	7.06e-14	69
m0124	m0402	24.7	9.22e-14	69
m0124	m0267	22.7	1.2e-13	68
m0124	m0235	22.6	1.2e-13	68
m0124	m0368	25.1	2.68e-13	67
m0124	m0370	24.2	5.98e-13	66
m0124	m0173	25.3	1.02e-12	65
m0124	m0152	23.7	1.02e-12	65
m0124	m0130	23.6	1.33e-12	65
m0124	m0377	24.3	1.33e-12	65
m0124	m0390	23.1	1.74e-12	64
m0124	m0207	24.1	1.74e-12	64
m0124	m0264	23.4	2.97e-12	64
m0124	m0296	26.3	2.97e-12	64
m0124	m0328	24.4	5.06e-12	63
m0124	m0216	24.3	5.06e-12	63
m0124	m0219	23.9	6.61e-12	62
m0124	m0196	24.7	6.61e-12	62
m0124	m0331	23.3	6.61e-12	62
m0124	m0336	22.8	1.13e-11	62
m0124	m0137	21.2	1.13e-11	62
m0124	m0278	24.9	1.13e-11	62
m0124	m0195	25.0	1.47e-11	61
m0124	m0284	27.0	1.47e-11	61
m0124	m0365	26.3	1.47e-11	61
m0124	m0229	23.4	1.47e-11	61
m0124	m0134	21.0	2.51e-11	60
m0124	m0268	26.7	2.51e-11	60
m0124	m0178	25.1	2.51e-11	60
m0124	m0369	23.8	3.28e-11	60
m0124	m0273	23.7	4.28e-11	60
m0124	m0364	23.3	5.59e-11	59
m0124	m0408	23.0	5.59e-11	59
m0124	m0319	25.9	5.59e-11	59
m0124	m0254	24.4	5.59e-11	59
m0124	m0249	22.7	5.59e-11	59
m0124	m0283	24.9	7.3e-11	59
m0124	m0157	23.0	7.3e-11	59
m0124	m0245	25.9	7.3e-11	59
m0124	m0236	21.7	9.54e-11	59
m0124	m0171	23.6	9.54e-11	59
m0124	m0309	22.9	1.25e-10	58
m0124	m0125	23.4	2.13e-10	57
m0124	m0266	24.4	2.13e-10	57
m0124	m0380	23.4	2.13e-10	57
m0124	m0144	22.6	2.13e-10	57
m0124	m0218	24.9	2.13e-10	57
m0124	m0172	23.6	2.78e-10	57
m0124	m0230	25.6	4.73e-10	56
m0124	m0175	20.8	4.73e-10	56
m0124	m0343	26.2	6.18e-10	56
m0124	m0337	23.9	6.18e-10	56
m0124	m0126	23.9	6.18e-10	56
m0124	m0378	24.0	6.18e-10	56
m0124	m0169	22.5	6.18e-10	56
m0124	m0158	21.9	8.08e-10	55
m0124	m0332	24.0	1.05e-09	55
m0124	m0141	22.3	1.05e-09	55
m0124	m0342	23.6	1.05e-09	55
m0124	m0233	24.7	1.05e-09	55
m0124	m0160	23.6	1.38e-09	55
m0124	m0305	23.8	1.38e-09	55
m0124	m0316	20.6	1.38e-09	55
m0124	m0162	27.0	1.38e-09	55
m0124	m0289	22.9	1.38e-09	55
m0124	m0166	23.9	2.35e-09	54
m0124	m0176	25.2	2.35e-09	54
m0124	m0200	24.1	2.35e-09	54
m0124	m0250	20.7	3.07e-09	54
m0124	m0363	24.0	3.07e-09	54
m0124	m0217	23.0	4.01e-09	53
m0124	m0354	24.0	4.01e-09	53
m0124	m0394	22.0	4.01e-09	53
m0124	m0164	22.9	5.24e-09	53
m0124	m0372	23.0	6.84e-09	52
m0124	m0133	25.2	6.84e-09	52
m0124	m0314	21.5	6.84e-09	52
m0124	m0240	21.6	6.84e-09	52
m0124	m0280	23.2	6.84e-09	52
m0124	m0163	23.2	6.84e-09	52
m0124	m0208	25.0	8.93e-09	52
m0124	m0348	20.3	8.93e-09	52
m0124	m0393	22.6	8.93e-09	52
m0124	m0306	21.5	8.93e-09	52
m0124	m0190	20.9	1.17e-08	52
m0124	m0286	21.3	1.17e-08	52
m0124	m0345	25.0	1.52e-08	51
m0124	m0194	21.4	1.99e-08	51
m0124	m0321	22.1	1.99e-08	51
m0124	m0327	21.7	2.6e-08	50
m0124	m0191	21.1	3.39e-08	50
m0124	m0371	25.8	3.39e-08	50
m0124	m0323	20.9	3.39e-08	50
m0124	m0256	24.4	4.43e-08	50
m0124	m0349	25.3	4.43e-08	50
m0124	m0294	23.3	5.79e-08	49
m0124	m0181	22.3	7.56e-08	49
m0124	m0140	24.4	7.56e-08	49
m0124	m0136	22.2	9.87e-08	49
m0124	m0295	19.3	1.29e-07	48
m0124	m0234	21.8	1.29e-07	48
m0124	m0388	19.6	1.29e-07	48
m0124	m0400	23.4	1.68e-07	48
m0124	m0177	22.0	1.68e-07	48
m0124	m0185	19.5	2.2e-07	47
m0124	m0317	22.1	2.2e-07	47
m0124	m0246	19.9	2.87e-07	47
m0124	m0330	21.7	3.75e-07	47
m0124	m0186	22.7	3.75e-07	47
m0124	m0282	21.8	4.9e-07	46
m0124	m0405	22.5	4.9e-07	46
m0124	m0338	18.6	4.9e-07	46
m0124	m0335	21.6	6.4e-07	46
m0124	m0261	22.7	6.4e-07	46
m0124	m0297	21.1	8.36e-07	45
m0124	m0406	21.9	1.86e-06	44
m0124	m0269	20.4	2.43e-06	44
m0124	m0127	20.9	3.18e-06	44
m0124	m0201	20.4	3.18e-06	44
m0124	m0239	21.4	3.18e-06	44
m0124	m0307	29.8	7.08e-06	42
m0124	m0397	20.5	2.06e-05	41
m0124	m0161	20.2	3.51e-05	40
m0124	m0274	22.6	0.000662	36
m0124	m0139	25.8	0.000662	36
m0124	m0220	20.9	0.00956	32
m0124	m0367	36.8	0.0163	31
m0124	m0180	37.5	0.0363	30
m0124	m0409	35.3	0.062	29
m0124	m0257	25.0	2.6	24
m0124	m0263	25.4	4.44	23
m0125	m0331	77.7	5.36e-123	431
m0125	m0402	73.5	2.33e-118	416
m0125	m0316	74.5	1.97e-117	413
m0125	m0134	73.6	8.28e-116	408
m0125	m0299	73.2	9.16e-115	404
m0125	m0336	70.8	5.93e-114	401
m0125	m0236	69.6	1.24e-111	394
m0125	m0171	70.6	6.14e-111	391
m0125	m0390	70.2	3.05e-110	389
m0125	m0237	69.5	3.73e-108	382
m0125	m0377	68.9	1.85e-107	380
m0125	m0249	65.7	5.95e-106	375
m0125	m0235	65.2	7.77e-106	374
m0125	m0232	64.9	4.26e-104	369
m0125	m0273	64.4	1.05e-102	364
m0125	m0144	65.4	1.37e-102	364
m0125	m0306	64.8	3.99e-102	362
m0125	m0196	62.4	8.89e-102	361
m0125	m0234	65.5	1.52e-101	360
m0125	m0394	64.4	2.59e-101	359
m0125	m0380	63.9	1.28e-100	357
m0125	m0309	65.6	5.96e-98	348
m0125	m0388	63.4	7.79e-98	348
m0125	m0190	63.7	1.92e-96	343
m0125	m0137	61.9	7.29e-96	341
m0125	m0264	59.2	2.34e-94	336
m0125	m0328	62.2	8.91e-94	334
m0125	m0314	61.5	6.39e-92	328
m0125	m0126	57.9	9.22e-91	324
m0125	m0169	56.6	1.2e-90	324
m0125	m0372	58.1	1.92e-88	317
m0125	m0177	59.9	7.31e-88	315
m0125	m0382	59.4	2.13e-87	313
m0125	m0398	59.3	4.74e-87	312
m0125	m0127	58.8	1.05e-86	311
m0125	m0136	57.1	2.35e-86	310
m0125	m0158	57.6	4.01e-86	309
m0125	m0240	57.1	8.93e-86	308
m0125	m0294	58.3	1.17e-85	307
m0125	m0152	56.8	1.52e-85	307
m0125	m0157	58.4	1.99e-85	307
m0125	m0323	57.0	2.6e-85	306
m0125	m0191	56.4	1.68e-84	304
m0125	m0349	58.7	2.87e-84	303
m0125	m0166	58.1	3.75e-84	302
m0125	m0282	57.4	3.75e-84	302
m0125	m0330	56.6	6.4e-84	302
m0125	m0133	57.0	6.4e-84	302
m0125	m0406	55.6	8.36e-84	301
m0125	m0185	56.5	1.09e-83	301
m0125	m0338	57.0	1.09e-83	301
m0125	m0269	56.5	1.86e-83	300
m0125	m0305	55.3	3.18e-83	299
m0125	m0297	59.3	4.15e-83	299
m0125	m0400	59.1	1.21e-82	297
m0125	m0261	56.9	2.06e-82	297
m0125	m0295	55.1	2.69e-82	296
m0125	m0200	53.7	2.69e-82	296
m0125	m0254	55.8	3.51e-82	296
m0125	m0364	52.8	4.59e-82	295
m0125	m0172	57.6	5.99e-82	295
m0125	m0186	56.9	1.02e-81	294
m0125	m0335	56.4	2.28e-81	293
m0125	m0343	54.6	2.28e-81	293
m0125	m0250	57.8	3.88e-81	292
m0125	m0321	58.0	6.62e-81	292
m0125	m0345	58.4	6.62e-81	292
m0125	m0181	55.5	1.13e-80	291
m0125	m0195	54.4	1.48e-80	290
m0125	m0233	52.5	1.93e-80	290
m0125	m0332	58.0	1.93e-80	290
m0125	m0217	58.0	2.52e-80	290
m0125	m0246	54.0	2.52e-80	290
m0125	m0230	56.9	5.61e-80	289
m0125	m0342	56.8	5.61e-80	289
m0125	m0348	57.8	5.61e-80	289
m0125	m0208	57.0	7.32e-80	288
m0125	m0141	56.2	7.32e-80	288
m0125	m0393	56.7	1.25e-79	287
m0125	m0296	56.7	2.78e-79	286
m0125	m0256	57.0	2.78e-79	286
m0125	m0247	54.0	2.78e-79	286
m0125	m0378	57.2	3.63e-79	286
m0125	m0160	56.9	3.63e-79	286
m0125	m0218	57.2	3.63e-79	286
m0125	m0368	52.4	4.75e-79	285
m0125	m0363	56.9	1.06e-78	284
m0125	m0327	55.1	2.36e-78	283
m0125	m0164	55.0	1.99e-77	280
m0125	m0161	53.2	1.29e-76	277
m0125	m0365	50.0	1.29e-76	277
m0125	m0370	54.4	2.2e-76	277
m0125	m0175	51.1	2.88e-76	276
m0125	m0408	52.2	4.91e-76	275
m0125	m0176	53.6	1.43e-75	274
m0125	m0216	53.1	1.87e-75	273
m0125	m0239	54.4	1.87e-75	273
m0125	m0278	53.0	7.09e-75	272
m0125	m0397	52.9	9.26e-75	271
m0125	m0147	48.9	2.06e-74	270
m0125	m0283	51.6	2.7e-74	270
m0125	m0337	52.2	1.02e-73	268
m0125	m0201	51.1	1.34e-73	267
m0125	m0405	52.3	2.28e-73	267
m0125	m0165	50.9	8.67e-73	265
m0125	m0280	53.5	1.93e-72	263
m0125	m0341	49.6	1.93e-72	263
m0125	m0207	50.2	7.34e-72	262
m0125	m0173	50.9	9.59e-72	261
m0125	m0319	53.5	9.59e-72	261
m0125	m0229	54.0	8.11e-71	258
m0125	m0317	48.6	8.11e-71	258
m0125	m0219	55.1	1.53e-69	254
m0125	m0354	50.0	2e-69	253
m0125	m0311	47.6	4.45e-69	252
m0125	m0266	48.9	9.92e-69	251
m0125	m0351	47.5	1.3e-68	251
m0125	m0251	49.6	4.92e-68	249
m0125	m0292	47.0	4.92e-68	249
m0125	m0356	49.8	6.43e-68	248
m0125	m0274	47.4	6.43e-68	248
m0125	m0334	51.2	3.19e-67	246
m0125	m0383	45.9	4.61e-66	242
m0125	m0194	49.4	7.86e-66	242
m0125	m0179	44.9	2.99e-65	240
m0125	m0387	47.2	3.9e-65	239
m0125	m0286	45.8	5.63e-64	235
m0125	m0178	45.1	7.36e-64	235
m0125	m0385	45.6	7.36e-64	235
m0125	m0410	45.9	4.77e-63	232
m0125	m0187	47.3	6.23e-63	232
m0125	m0312	45.2	8.99e-62	228
m0125	m0170	43.8	4.46e-61	226
m0125	m0245	45.6	9.94e-61	225
m0125	m0162	45.5	1.7e-60	224
m0125	m0130	44.2	4.93e-60	222
m0125	m0197	42.4	5.46e-59	219
m0125	m0212	44.5	7.88e-58	215
m0125	m0284	47.3	1.26e-55	208
m0125	m0168	40.5	1.03e-49	188
m0125	m0371	38.9	2.23e-44	170
m0125	m0275	36.9	2.73e-34	137
m0125	m0369	36.1	3.01e-33	133
m0125	m0289	33.5	3.33e-32	130
m0125	m0163	30.9	3.23e-27	113
m0125	m0140	30.2	1.04e-25	108
m0125	m0293	28.1	8.23e-23	99
m0125	m0359	25.7	4.23e-19	86
m0125	m0188	28.7	1.04e-17	82
m0125	m0276	27.7	5.71e-16	76
m0125	m0279	27.2	4.09e-14	70
m0125	m0396	27.4	9.12e-14	69
m0125	m0231	25.9	1.19e-13	68
m0125	m0267	26.6	1.32e-12	65
m0125	m0268	25.1	6.76e-09	52
m0125	m0221	22.3	6.33e-07	46
m0125	m0307	24.2	1.41e-06	45
m0125	m0221	26.6	3.14e-06	44
m0125	m0220	31.2	2.66e-05	40
m0125	m0409	24.0	0.000172	38
m0125	m0340	26.4	0.00112	35
m0125	m0199	27.5	0.00325	33
m0125	m0257	23.2	0.00325	33
m0125	m0339	25.2	0.00555	33
m0125	m0180	25.3	0.00946	32
m0125	m0324	25.2	0.0275	30
m0125	m0180	27.2	0.0613	29
m0125	m0376	24.2	0.0801	29
m0125	m0132	23.7	0.304	27
m0125	m0151	29.8	1.16	25
m0125	m0214	50.0	1.97	24
m0125	m0400	28.8	1.97	24
m0125	m0184	24.8	2.58	24
m0125	m0361	31.4	3.36	23
m0126	m0234	61.3	2.13e-101	360
m0126	m0306	60.2	8.11e-101	358
m0126	m0235	59.2	1.06e-100	357
m0126	m0232	60.6	3.08e-100	356
m0126	m0402	61.2	4.02e-100	356
m0126	m0249	62.4	6.86e-100	355
m0126	m0388	60.4	6.86e-100	355
m0126	m0144	66.2	8.96e-100	354
m0126	m0196	60.0	2.61e-99	353
m0126	m0380	61.3	3.41e-99	352
m0126	m0171	59.1	4.45e-99	352
m0126	m0273	60.6	5.81e-99	352
m0126	m0394	59.4	3.52e-96	342
m0126	m0264	58.5	2.28e-95	340
m0126	m0190	63.6	1.48e-94	337
m0126	m0377	57.4	3.3e-94	336
m0126	m0336	57.0	5.63e-94	335
m0126	m0236	59.6	9.6e-94	334
m0126	m0299	58.8	9.6e-94	334
m0126	m0305	57.2	6.22e-93	332
m0126	m0314	55.6	6.88e-92	328
m0126	m0137	56.1	1.17e-91	327
m0126	m0328	60.6	4.46e-91	325
m0126	m0237	57.5	1.43e-89	320
m0126	m0390	56.2	2.45e-89	320
m0126	m0309	57.0	4.17e-89	319
m0126	m0169	54.0	1.75e-87	314
m0126	m0331	55.5	5.1e-87	312
m0126	m0158	54.1	3.31e-86	309
m0126	m0382	56.4	1.26e-85	307
m0126	m0233	54.3	1.26e-85	307
m0126	m0316	54.1	1.06e-84	304
m0126	m0372	53.1	5.28e-84	302
m0126	m0134	54.1	7.62e-83	298
m0126	m0365	50.2	1.1e-81	294
m0126	m0398	55.4	4.18e-81	292
m0126	m0294	52.5	7.13e-81	292
m0126	m0200	50.0	9.32e-81	291
m0126	m0364	50.9	1.76e-79	287
m0126	m0368	47.0	3.43e-75	273
m0126	m0247	48.3	1.3e-74	271
m0126	m0334	50.9	2.22e-74	270
m0126	m0341	49.1	2.9e-74	270
m0126	m0311	48.2	1.88e-73	267
m0126	m0152	48.4	3.55e-72	263
m0126	m0147	49.4	3.55e-72	263
m0126	m0195	47.7	1.03e-71	261
m0126	m0343	46.4	3.92e-71	259
m0126	m0292	48.0	3.92e-71	259
m0126	m0254	48.8	6.69e-71	258
m0126	m0251	46.6	1.49e-70	257
m0126	m0179	44.6	1.26e-69	254
m0126	m0351	45.2	2.15e-69	253
m0126	m0185	47.9	1.4e-68	251
m0126	m0274	47.0	1.82e-68	250
m0126	m0266	46.9	4.06e-68	249
m0126	m0178	45.4	9.05e-68	248
m0126	m0410	47.4	1.18e-67	248
m0126	m0127	47.4	1.54e-67	247
m0126	m0136	47.8	2.02e-67	247
m0126	m0323	47.9	2.63e-67	247
m0126	m0297	49.5	3.44e-67	246
m0126	m0284	54.5	1.31e-66	244
m0126	m0194	47.8	1.44e-65	241
m0126	m0312	47.2	1.44e-65	241
m0126	m0349	46.8	1.89e-65	240
m0126	m0161	45.4	1.89e-65	240
m0126	m0354	44.9	1.89e-65	240
m0126	m0383	42.5	3.22e-65	240
m0126	m0295	45.9	3.22e-65	240
m0126	m0330	45.6	7.17e-65	238
m0126	m0269	48.6	9.36e-65	238
m0126	m0335	45.9	1.6e-64	237
m0126	m0177	46.9	1.6e-64	237
m0126	m0187	43.6	2.09e-64	237
m0126	m0191	46.2	2.72e-64	236
m0126	m0261	46.3	3.56e-64	236
m0126	m0338	47.7	4.65e-64	236
m0126	m0162	47.1	4.65e-64	236
m0126	m0170	42.2	6.07e-64	235
m0126	m0356	45.3	6.07e-64	235
m0126	m0157	45.3	7.92e-64	235
m0126	m0216	46.7	1.77e-63	234
m0126	m0165	45.4	2.31e-63	233
m0126	m0176	45.6	3.93e-63	233
m0126	m0166	43.3	5.14e-63	232
m0126	m0278	44.5	6.71e-63	232
m0126	m0363	45.5	6.71e-63	232
m0126	m0406	44.6	6.71e-63	232
m0126	m0240	48.1	6.71e-63	232
m0126	m0370	46.1	6.71e-63	232
m0126	m0230	45.2	8.76e-63	231
m0126	m0186	46.5	8.76e-63	231
m0126	m0296	45.1	2.55e-62	230
m0126	m0342	45.7	3.33e-62	230
m0126	m0133	45.5	3.33e-62	230
m0126	m0385	43.4	4.35e-62	229
m0126	m0397	45.1	5.68e-62	229
m0126	m0321	45.2	5.68e-62	229
m0126	m0197	41.2	7.42e-62	228
m0126	m0400	45.1	9.69e-62	228
m0126	m0283	44.3	9.69e-62	228
m0126	m0172	45.1	1.27e-61	228
m0126	m0408	44.2	1.27e-61	228
m0126	m0327	44.3	1.27e-61	228
m0126	m0345	43.7	1.27e-61	228
m0126	m0250	45.8	1.65e-61	227
m0126	m0201	44.4	2.16e-61	227
m0126	m0164	44.6	2.16e-61	227
m0126	m0378	44.5	2.82e-61	226
m0126	m0141	44.3	3.68e-61	226
m0126	m0319	45.5	4.81e-61	226
m0126	m0393	44.3	4.81e-61	226
m0126	m0208	44.8	4.81e-61	226
m0126	m0282	46.3	6.28e-61	225
m0126	m0332	43.3	6.28e-61	225
m0126	m0245	44.3	8.2e-61	225
m0126	m0218	43.8	1.4e-60	224
m0126	m0217	44.1	1.83e-60	224
m0126	m0246	43.5	1.83e-60	224
m0126	m0181	46.2	3.12e-60	223
m0126	m0337	43.3	3.12e-60	223
m0126	m0175	43.6	4.07e-60	223
m0126	m0256	43.1	6.94e-60	222
m0126	m0160	43.0	2.64e-59	220
m0126	m0239	42.0	1e-58	218
m0126	m0348	43.1	1.31e-58	218
m0126	m0280	46.5	1.31e-58	218
m0126	m0173	43.4	3.81e-58	216
m0126	m0405	41.4	1.45e-57	214
m0126	m0317	40.3	7.18e-57	212
m0126	m0387	43.7	1.23e-56	211
m0126	m0229	42.2	2.31e-55	207
m0126	m0168	42.2	5.15e-55	206
m0126	m0212	45.3	6.72e-55	205
m0126	m0207	40.8	4.36e-54	203
m0126	m0286	40.6	1.66e-53	201
m0126	m0219	45.1	6.29e-53	199
m0126	m0130	43.8	1.55e-51	194
m0126	m0371	36.6	1.08e-44	171
m0126	m0289	31.9	1.66e-37	148
m0126	m0275	30.5	3.25e-33	133
m0126	m0369	32.1	3.04e-31	127
m0126	m0163	33.1	9.78e-30	122
m0126	m0140	32.6	2.66e-27	114
m0126	m0293	30.6	2.66e-27	114
m0126	m0359	28.3	2.41e-20	91
m0126	m0276	26.5	7.77e-19	86
m0126	m0231	24.1	3.99e-15	73
m0126	m0396	28.3	7.52e-14	69
m0126	m0188	26.2	1.28e-13	68
m0126	m0279	27.3	8.32e-13	65
m0126	m0268	28.3	8.32e-13	65
m0126	m0221	31.8	1.12e-09	55
m0126	m0267	24.1	4.27e-09	53
m0126	m0139	27.3	2.59e-06	44
m0126	m0340	27.4	1.29e-05	42
m0126	m0220	27.6	0.000186	38
m0126	m0180	27.1	0.00157	35
m0126	m0339	25.7	0.00205	34
m0126	m0399	27.8	0.0035	33
m0126	m0155	30.1	0.00457	33
m0126	m0340	28.0	0.00457	33
m0126	m0324	26.1	0.0506	30
m0126	m0376	24.5	0.066	29
m0126	m0307	27.7	0.113	28
m0126	m0244	26.5	0.559	26
m0126	m0214	23.7	1.63	25
m0126	m0367	24.1	3.62	23
m0126	m0199	28.9	4.73	23
m0126	m0228	26.7	4.73	23
m0126	m0392	25.6	8.07	22
m0127	m0297	67.2	1.32e-157	547
m0127	m0400	61.1	8.56e-149	518
m0127	m0261	59.5	3.15e-143	499
m0127	m0166	59.8	2.04e-142	497
m0127	m0133	60.5	8.58e-141	491
m0127	m0323	84.5	1.12e-140	491
m0127	m0191	59.2	1.12e-140	491
m0127	m0330	59.8	1.12e-140	491
m0127	m0250	60.8	3.26e-140	489
m0127	m0136	80.8	4.71e-139	485
m0127	m0282	60.5	1.79e-138	483
m0127	m0338	82.8	2.34e-138	483
m0127	m0317	56.4	2.19e-136	476
m0127	m0269	82.3	4.87e-136	475
m0127	m0176	58.0	9.19e-135	471
m0127	m0172	58.3	2.05e-134	470
m0127	m0186	54.5	7.8e-126	441
m0127	m0185	54.6	1.86e-119	420
m0127	m0345	53.7	4.44e-113	399
m0127	m0393	52.9	4.91e-112	396
m0127	m0342	53.6	8.37e-112	395
m0127	m0348	54.3	3.18e-111	393
m0127	m0332	54.4	5.43e-111	392
m0127	m0256	52.9	5.43e-111	392
m0127	m0164	51.2	7.09e-111	392
m0127	m0217	53.3	1.02e-109	388
m0127	m0378	52.3	5.62e-108	382
m0127	m0321	52.4	7.34e-108	382
m0127	m0230	51.6	1.63e-107	381
m0127	m0218	52.8	1.06e-106	378
m0127	m0160	52.1	1.81e-106	377
m0127	m0363	50.5	2e-105	374
m0127	m0397	50.3	3.77e-104	369
m0127	m0280	50.7	6.43e-104	369
m0127	m0161	50.0	8.39e-104	368
m0127	m0208	49.3	4.17e-103	366
m0127	m0240	50.6	1.34e-101	361
m0127	m0349	50.3	3.9e-101	359
m0127	m0177	49.9	1.93e-100	357
m0127	m0216	58.2	2.79e-99	353
m0127	m0201	48.2	1.06e-98	351
m0127	m0295	48.6	4.03e-98	349
m0127	m0296	60.7	6.88e-98	349
m0127	m0181	49.9	8.99e-98	348
m0127	m0157	47.6	4.46e-97	346
m0127	m0141	49.6	4.46e-97	346
m0127	m0175	48.0	9.94e-97	345
m0127	m0406	59.9	1.43e-95	341
m0127	m0405	52.3	4.17e-95	339
m0127	m0246	47.2	2.99e-93	333
m0127	m0327	57.5	8.71e-93	332
m0127	m0335	58.7	4.78e-91	326
m0127	m0219	50.7	6.24e-91	325
m0127	m0229	47.0	1.3e-88	318
m0127	m0283	45.2	2.9e-88	317
m0127	m0278	45.4	1.44e-87	314
m0127	m0337	45.1	1.44e-87	314
m0127	m0319	47.2	7.89e-86	309
m0127	m0239	53.2	1.49e-84	304
m0127	m0370	55.1	9.65e-84	302
m0127	m0316	54.6	1.82e-82	297
m0127	m0331	54.4	1.54e-81	294
m0127	m0236	55.0	1.1e-79	288
m0127	m0273	52.2	3.21e-79	287
m0127	m0207	46.9	1.22e-78	285
m0127	m0299	53.7	2.72e-78	283
m0127	m0402	51.0	3.55e-78	283
m0127	m0390	55.4	4.64e-78	283
m0127	m0235	52.1	8.75e-77	278
m0127	m0237	51.9	4.34e-76	276
m0127	m0169	51.4	5.67e-76	276
m0127	m0134	51.4	7.4e-76	275
m0127	m0200	52.9	2.15e-75	274
m0127	m0137	54.3	3.67e-75	273
m0127	m0232	50.5	1.07e-74	272
m0127	m0233	50.3	1.82e-74	271
m0127	m0394	50.7	6.93e-74	269
m0127	m0306	52.1	6.93e-74	269
m0127	m0144	53.9	6.93e-74	269
m0127	m0158	50.7	2.02e-73	267
m0127	m0234	47.4	5.87e-73	266
m0127	m0249	48.9	1e-72	265
m0127	m0196	49.5	3.8e-72	263
m0127	m0309	52.2	1.22e-70	258
m0127	m0336	49.8	2.09e-70	257
m0127	m0380	48.6	2.72e-70	257
m0127	m0305	48.6	3.56e-70	257
m0127	m0388	49.5	2.31e-69	254
m0127	m0264	46.6	1.14e-68	252
m0127	m0343	48.5	1.5e-68	251
m0127	m0368	47.8	4.35e-68	250
m0127	m0274	47.5	7.42e-68	249
m0127	m0365	47.1	6.28e-67	246
m0127	m0377	46.9	6.28e-67	246
m0127	m0171	47.4	1.4e-66	245
m0127	m0398	48.5	5.32e-66	243
m0127	m0190	50.0	1.18e-65	242
m0127	m0195	46.3	4.5e-65	240
m0127	m0372	45.9	7.68e-65	239
m0127	m0382	46.8	2.23e-64	237
m0127	m0314	44.4	6.5e-64	236
m0127	m0254	43.4	1.77e-61	228
m0127	m0328	46.0	1.5e-60	225
m0127	m0408	46.0	2.56e-60	224
m0127	m0294	45.1	4.36e-60	223
m0127	m0152	42.2	1.07e-58	218
m0127	m0247	41.7	2.24e-56	211
m0127	m0354	40.8	6.52e-56	209
m0127	m0364	41.4	5.16e-53	200
m0127	m0187	42.5	1.15e-52	198
m0127	m0341	42.7	3.35e-52	197
m0127	m0266	40.1	4.37e-52	196
m0127	m0147	39.4	5.71e-52	196
m0127	m0385	39.8	7.46e-52	196
m0127	m0334	41.6	1.27e-51	195
m0127	m0197	42.4	4.09e-50	190
m0127	m0311	40.4	4.09e-50	190
m0127	m0165	38.9	9.11e-50	189
m0127	m0292	39.6	9.11e-50	189
m0127	m0170	41.3	1.19e-49	188
m0127	m0194	39.7	1.55e-49	188
m0127	m0383	38.7	2.03e-49	188
m0127	m0351	38.8	2.65e-49	187
m0127	m0251	41.8	2.65e-49	187
m0127	m0178	40.9	3.46e-49	187
m0127	m0410	41.4	7.72e-49	186
m0127	m0212	39.7	1.32e-48	185
m0127	m0387	39.9	3.83e-48	183
m0127	m0312	40.4	8.53e-48	182
m0127	m0356	41.9	1.9e-47	181
m0127	m0179	38.1	7.98e-46	176
m0127	m0162	38.0	1.51e-44	171
m0127	m0286	37.1	2.57e-44	171
m0127	m0284	39.6	9.76e-44	169
m0127	m0245	35.9	2.17e-43	168
m0127	m0130	35.7	5.54e-39	153
m0127	m0371	35.5	7.24e-39	153
m0127	m0173	33.3	4.39e-36	143
m0127	m0168	34.6	3.72e-35	140
m0127	m0369	33.7	1.91e-31	128
m0127	m0275	33.0	9.47e-31	126
m0127	m0289	31.7	2.18e-27	114
m0127	m0163	29.2	2.12e-22	98
m0127	m0140	28.2	2.34e-21	94
m0127	m0396	29.8	5.05e-16	77
m0127	m0293	28.0	8.61e-16	76
m0127	m0279	31.8	1.12e-15	75
m0127	m0188	28.2	1.47e-15	75
m0127	m0359	24.6	5.22e-13	67
m0127	m0231	28.2	7.54e-12	63
m0127	m0276	24.7	2.19e-11	61
m0127	m0267	25.3	1.74e-08	52
m0127	m0268	26.7	3.87e-08	50
m0127	m0139	27.3	9.54e-07	46
m0127	m0219	29.4	1.38e-05	42
m0127	m0257	28.0	8.93e-05	39
m0127	m0324	27.6	0.000199	38
m0127	m0339	33.0	0.000443	37
m0127	m0307	31.9	0.000756	36
m0127	m0221	24.9	0.000756	36
m0127	m0399	23.8	0.000987	36
m0127	m0409	27.3	0.00836	33
m0127	m0371	43.8	0.0415	30
m0127	m0340	25.7	0.0542	30
m0127	m0396	31.2	0.0708	30
m0127	m0199	30.7	0.0924	29
m0127	m0180	27.0	0.782	26
m0127	m0146	28.1	1.33	25
m0127	m0172	24.7	1.74	25
m0127	m0404	30.6	1.74	25
m0127	m0376	27.8	3.88	24
m0127	m0151	56.5	3.88	24
m0128	m0261	23.0	0.622	25
m0128	m0204	24.1	4.03	23
m0129	m0304	82.4	1.7e-197	679
m0129	m0159	60.3	9.47e-148	514
m0129	m0373	59.0	2.41e-143	500
m0129	m0238	46.6	8.39e-104	368
m0129	m0234	33.3	2.97	24
m0129	m0366	42.3	6.62	23
m0130	m0286	81.0	2.02e-130	456
m0130	m0387	69.9	2.24e-113	399
m0130	m0173	65.9	3.46e-106	376
m0130	m0165	65.4	1.32e-105	374
m0130	m0212	64.7	6.53e-105	371
m0130	m0408	58.1	1.73e-89	320
m0130	m0390	47.3	1.42e-67	247
m0130	m0316	47.3	1.74e-65	240
m0130	m0331	47.9	2.96e-65	240
m0130	m0134	47.3	8.63e-65	238
m0130	m0299	46.1	1.38e-62	231
m0130	m0402	46.5	3.07e-62	230
m0130	m0237	47.4	3.07e-62	230
m0130	m0236	45.2	8.93e-62	228
m0130	m0232	45.5	5.79e-61	225
m0130	m0169	44.2	7.56e-61	225
m0130	m0382	46.7	2.2e-60	223
m0130	m0235	44.4	8.36e-60	221
m0130	m0194	44.7	5.42e-59	219
m0130	m0273	44.9	9.24e-59	218
m0130	m0314	43.2	2.69e-58	216
m0130	m0398	45.9	4.58e-58	216
m0130	m0309	47.0	1.74e-57	214
m0130	m0171	45.9	2.28e-57	213
m0130	m0152	43.6	8.65e-57	211
m0130	m0190	45.3	2.52e-56	210
m0130	m0372	44.7	5.6e-56	209
m0130	m0264	43.5	9.56e-56	208
m0130	m0249	43.5	1.25e-55	208
m0130	m0388	43.1	2.13e-55	207
m0130	m0234	45.3	2.78e-55	206
m0130	m0328	45.2	3.63e-55	206
m0130	m0341	43.4	4.74e-55	206
m0130	m0294	45.6	4.74e-55	206
m0130	m0306	42.6	6.2e-55	205
m0130	m0380	43.2	8.09e-55	205
m0130	m0196	43.2	1.8e-54	204
m0130	m0336	46.2	2.35e-54	203
m0130	m0254	43.9	6.85e-54	202
m0130	m0377	43.6	2.6e-53	200
m0130	m0137	40.7	5.8e-53	199
m0130	m0334	41.9	1.69e-52	197
m0130	m0274	41.9	2.2e-52	197
m0130	m0394	41.9	1.43e-51	194
m0130	m0349	39.2	3.52e-50	190
m0130	m0305	42.4	1.75e-49	187
m0130	m0147	41.9	5.08e-49	186
m0130	m0185	41.8	1.13e-48	184
m0130	m0158	41.1	1.13e-48	184
m0130	m0195	37.1	1.48e-48	184
m0130	m0172	40.5	1.93e-48	184
m0130	m0364	40.9	2.52e-48	183
m0130	m0233	37.4	2.52e-48	183
m0130	m0343	41.6	5.62e-48	182
m0130	m0191	38.2	5.62e-48	182
m0130	m0133	41.1	9.58e-48	181
m0130	m0144	39.7	1.25e-47	181
m0130	m0161	39.6	1.63e-47	181
m0130	m0368	41.7	2.79e-47	180
m0130	m0141	38.9	3.64e-47	179
m0130	m0365	42.3	4.76e-47	179
m0130	m0250	38.9	6.21e-47	179
m0130	m0295	39.6	1.06e-46	178
m0130	m0371	40.8	1.81e-46	177
m0130	m0245	40.1	1.81e-46	177
m0130	m0282	37.0	3.08e-46	176
m0130	m0311	41.0	4.03e-46	176
m0130	m0187	37.1	4.03e-46	176
m0130	m0292	40.2	4.03e-46	176
m0130	m0280	40.2	4.03e-46	176
m0130	m0397	39.7	5.26e-46	176
m0130	m0330	38.1	6.87e-46	175
m0130	m0266	36.4	6.87e-46	175
m0130	m0337	37.5	8.97e-46	175
m0130	m0405	40.7	1.17e-45	174
m0130	m0351	39.6	2e-45	174
m0130	m0354	35.5	2.61e-45	173
m0130	m0383	39.1	2.61e-45	173
m0130	m0179	38.4	3.41e-45	173
m0130	m0200	39.7	4.45e-45	173
m0130	m0278	37.1	4.45e-45	173
m0130	m0197	35.7	7.59e-45	172
m0130	m0229	39.7	7.59e-45	172
m0130	m0164	40.0	1.29e-44	171
m0130	m0175	36.9	1.29e-44	171
m0130	m0178	35.7	1.29e-44	171
m0130	m0208	38.8	1.69e-44	171
m0130	m0170	37.3	1.69e-44	171
m0130	m0216	40.0	2.21e-44	170
m0130	m0312	37.3	3.77e-44	169
m0130	m0251	39.3	3.77e-44	169
m0130	m0283	37.8	3.77e-44	169
m0130	m0385	40.2	6.43e-44	169
m0130	m0230	38.9	6.43e-44	169
m0130	m0157	37.7	8.39e-44	168
m0130	m0166	37.9	8.39e-44	168
m0130	m0218	40.0	8.39e-44	168
m0130	m0201	35.9	8.39e-44	168
m0130	m0370	38.0	1.1e-43	168
m0130	m0400	39.1	1.1e-43	168
m0130	m0342	39.7	1.1e-43	168
m0130	m0176	38.4	1.1e-43	168
m0130	m0247	37.7	1.43e-43	168
m0130	m0317	35.9	1.87e-43	167
m0130	m0219	41.2	1.87e-43	167
m0130	m0348	38.9	2.44e-43	167
m0130	m0177	36.7	3.19e-43	166
m0130	m0363	39.3	4.17e-43	166
m0130	m0406	35.7	4.17e-43	166
m0130	m0378	38.9	4.17e-43	166
m0130	m0240	36.1	7.11e-43	165
m0130	m0269	38.4	7.11e-43	165
m0130	m0393	38.2	9.28e-43	165
m0130	m0321	39.4	9.28e-43	165
m0130	m0207	37.9	1.21e-42	164
m0130	m0168	38.7	1.21e-42	164
m0130	m0160	39.0	2.07e-42	164
m0130	m0332	39.0	2.07e-42	164
m0130	m0338	36.2	3.53e-42	163
m0130	m0345	39.1	3.53e-42	163
m0130	m0356	37.3	4.61e-42	163
m0130	m0335	39.0	4.61e-42	163
m0130	m0296	38.4	4.61e-42	163
m0130	m0323	36.0	6.02e-42	162
m0130	m0261	37.4	7.86e-42	162
m0130	m0256	38.5	1.03e-41	161
m0130	m0284	41.7	1.03e-41	161
m0130	m0410	36.6	1.03e-41	161
m0130	m0136	36.2	2.29e-41	160
m0130	m0246	34.7	2.99e-41	160
m0130	m0217	37.1	3.9e-41	159
m0130	m0181	35.8	2.53e-40	157
m0130	m0162	39.1	3.3e-40	156
m0130	m0186	35.7	4.31e-40	156
m0130	m0319	35.9	9.6e-40	155
m0130	m0327	36.3	1.64e-39	154
m0130	m0239	36.4	3.65e-39	153
m0130	m0297	35.6	2.37e-38	150
m0130	m0275	31.1	3.54e-26	110
m0130	m0369	31.3	1.03e-25	108
m0130	m0289	29.7	1.14e-24	105
m0130	m0188	28.1	4.79e-23	99
m0130	m0140	28.7	6.25e-23	99
m0130	m0163	29.5	1.18e-21	95
m0130	m0293	27.4	3.93e-17	80
m0130	m0231	26.5	2.81e-15	74
m0130	m0279	32.6	1.54e-13	68
m0130	m0267	31.3	2.23e-12	64
m0130	m0359	23.0	2.91e-12	64
m0130	m0268	29.7	8.47e-12	62
m0130	m0276	25.0	4.2e-11	60
m0130	m0396	26.8	4.65e-10	56
m0130	m0221	24.4	3.68e-07	47
m0130	m0307	20.4	1.55e-05	41
m0130	m0340	30.8	0.0357	30
m0130	m0220	24.2	0.0466	30
m0130	m0139	26.2	0.302	27
m0130	m0176	24.9	0.673	26
m0130	m0146	24.8	1.5	25
m0130	m0333	24.1	1.5	25
m0130	m0388	35.8	1.96	24
m0130	m0367	50.0	3.34	23
m0130	m0371	35.7	7.44	22
m0130	m0339	25.2	7.44	22
m0130	m0236	46.2	9.72	22
m0131	m0310	61.3	1.66e-92	330
m0131	m0147	24.3	0.0792	29
m0131	m0311	21.3	0.103	28
m0131	m0183	27.5	0.23	27
m0131	m0148	22.8	0.513	26
m0131	m0400	23.3	1.14	25
m0131	m0192	21.7	1.49	25
m0131	m0337	30.1	1.95	24
m0131	m0194	32.7	3.33	23
m0131	m0375	28.6	5.67	23
m0131	m0216	37.1	5.67	23
m0131	m0133	32.4	9.68	22
m0132	m0271	44.3	1.73e-58	217
m0132	m0214	29.3	7.11e-12	62
m0132	m0199	28.9	9.29e-12	62
m0132	m0155	32.6	1.14e-09	55
m0132	m0155	32.3	0.000931	35
m0132	m0183	22.7	0.00159	35
m0132	m0177	25.5	0.00271	34
m0132	m0166	29.5	0.00271	34
m0132	m0405	32.5	0.00354	33
m0132	m0230	29.0	0.00462	33
m0132	m0376	31.9	0.00603	33
m0132	m0363	30.0	0.0103	32
m0132	m0160	30.6	0.0103	32
m0132	m0217	28.7	0.0176	31
m0132	m0250	31.9	0.0229	31
m0132	m0169	25.6	0.0229	31
m0132	m0378	29.4	0.0299	30
m0132	m0382	26.1	0.0299	30
m0132	m0376	44.4	0.0391	30
m0132	m0340	22.2	0.0391	30
m0132	m0280	37.0	0.0391	30
m0132	m0208	28.2	0.0511	30
m0132	m0231	27.3	0.0511	30
m0132	m0332	29.4	0.0511	30
m0132	m0294	27.6	0.0511	30
m0132	m0239	29.6	0.0667	29
m0132	m0180	29.7	0.0667	29
m0132	m0327	29.1	0.0871	29
m0132	m0321	29.4	0.0871	29
m0132	m0409	34.1	0.0871	29
m0132	m0345	29.4	0.0871	29
m0132	m0393	29.4	0.0871	29
m0132	m0232	31.0	0.0871	29
m0132	m0289	31.4	0.0871	29
m0132	m0257	23.3	0.0871	29
m0132	m0218	28.2	0.114	28
m0132	m0335	26.9	0.114	28
m0132	m0348	30.0	0.114	28
m0132	m0342	28.2	0.114	28
m0132	m0370	25.6	0.114	28
m0132	m0408	32.3	0.114	28
m0132	m0134	28.1	0.114	28
m0132	m0256	30.0	0.194	28
m0132	m0380	28.6	0.254	27
m0132	m0164	30.0	0.254	27
m0132	m0383	25.2	0.254	27
m0132	m0402	26.2	0.331	27
m0132	m0263	20.7	0.331	27
m0132	m0316	29.5	0.432	27
m0132	m0235	27.6	0.432	27
m0132	m0331	27.3	0.565	26
m0132	m0158	24.5	0.738	26
m0132	m0361	23.8	0.963	25
m0132	m0336	27.5	0.963	25
m0132	m0291	25.5	1.26	25
m0132	m0311	28.6	1.26	25
m0132	m0249	24.7	1.64	25
m0132	m0195	33.8	2.15	24
m0132	m0273	26.0	2.15	24
m0132	m0349	29.1	2.8	24
m0132	m0344	36.6	3.66	23
m0132	m0175	29.1	3.66	23
m0132	m0403	37.0	4.78	23
m0132	m0201	33.3	8.16	22
m0133	m0172	85.0	7.05e-204	701
m0133	m0282	81.7	1.38e-199	686
m0133	m0330	82.0	2.35e-199	686
m0133	m0191	77.4	2.87e-189	652
m0133	m0166	75.3	3.88e-186	642
m0133	m0250	67.2	1.03e-162	564
m0133	m0400	67.5	1.34e-162	564
m0133	m0176	65.4	6.46e-157	545
m0133	m0261	64.5	4.63e-155	538
m0133	m0141	70.2	7.9e-155	538
m0133	m0317	56.7	7.43e-137	478
m0133	m0177	62.3	2.82e-136	476
m0133	m0349	64.1	4.82e-136	475
m0133	m0297	60.4	3.82e-133	466
m0133	m0186	58.2	5.51e-132	462
m0133	m0240	61.2	1.66e-128	450
m0133	m0246	58.1	1.72e-125	440
m0133	m0157	62.4	2.48e-124	436
m0133	m0181	57.9	4.67e-123	432
m0133	m0295	56.8	1.78e-122	430
m0133	m0280	54.7	6.32e-120	422
m0133	m0175	55.4	2.4e-119	420
m0133	m0406	74.0	7.72e-118	415
m0133	m0342	53.1	1.15e-113	401
m0133	m0337	50.7	1.28e-112	398
m0133	m0345	57.5	2.18e-112	397
m0133	m0218	63.5	4.1e-111	393
m0133	m0332	63.8	5.36e-111	392
m0133	m0283	50.5	7e-111	392
m0133	m0348	56.9	9.14e-111	391
m0133	m0217	57.0	1.56e-110	391
m0133	m0378	56.9	1.56e-110	391
m0133	m0278	52.0	2.66e-110	390
m0133	m0393	55.8	4.54e-110	389
m0133	m0321	52.9	3.84e-109	386
m0133	m0164	60.8	8.56e-109	385
m0133	m0230	61.6	1.46e-108	384
m0133	m0256	55.8	2.49e-108	383
m0133	m0363	60.6	7.25e-108	382
m0133	m0185	50.0	1.24e-107	381
m0133	m0208	62.8	2.11e-107	380
m0133	m0160	55.8	4.7e-107	379
m0133	m0370	67.4	4.4e-105	372
m0133	m0327	63.0	7.5e-105	372
m0133	m0216	60.2	2.18e-104	370
m0133	m0335	65.1	2.41e-103	367
m0133	m0397	50.4	1.12e-100	358
m0133	m0239	61.3	1.46e-100	357
m0133	m0319	51.2	1.91e-100	357
m0133	m0296	62.9	1.05e-98	351
m0133	m0161	48.9	1.37e-98	351
m0133	m0201	49.0	1.37e-98	351
m0133	m0136	60.6	1.16e-97	348
m0133	m0323	61.3	3.37e-97	346
m0133	m0219	50.7	1.2e-94	338
m0133	m0338	60.6	4.56e-94	336
m0133	m0269	57.4	1.73e-93	334
m0133	m0229	51.2	1.12e-92	331
m0133	m0207	55.6	2.5e-92	330
m0133	m0405	55.4	9.84e-89	318
m0133	m0402	53.2	5.78e-81	292
m0133	m0331	56.0	4.89e-80	289
m0133	m0299	53.8	5.06e-77	279
m0133	m0237	53.2	8.64e-77	278
m0133	m0169	54.2	5.6e-76	276
m0133	m0236	51.8	7.31e-76	275
m0133	m0390	53.5	2.13e-75	274
m0133	m0316	51.1	4.01e-74	270
m0133	m0235	50.0	1.17e-73	268
m0133	m0232	49.3	5.79e-73	266
m0133	m0249	49.3	6.41e-72	262
m0133	m0264	49.1	1.86e-71	261
m0133	m0158	51.8	3.18e-71	260
m0133	m0273	48.2	7.08e-71	259
m0133	m0380	50.2	7.08e-71	259
m0133	m0171	50.9	1.21e-70	258
m0133	m0196	48.9	1.58e-70	258
m0133	m0306	51.8	2.06e-70	257
m0133	m0134	49.6	3.52e-70	257
m0133	m0336	51.3	7.83e-70	255
m0133	m0233	48.8	2.98e-69	253
m0133	m0394	47.9	1.48e-68	251
m0133	m0377	49.5	1.93e-68	251
m0133	m0234	46.5	1.93e-68	251
m0133	m0200	50.9	3.29e-68	250
m0133	m0144	50.4	5.61e-68	249
m0133	m0137	50.2	7.33e-68	249
m0133	m0388	48.4	2.79e-67	247
m0133	m0368	50.4	4.75e-67	246
m0133	m0309	49.8	1.81e-66	244
m0133	m0294	50.8	2e-65	241
m0133	m0274	46.2	5.81e-65	239
m0133	m0365	47.4	7.59e-65	239
m0133	m0305	47.3	1.69e-64	238
m0133	m0190	47.9	2.21e-64	237
m0133	m0398	48.3	6.42e-64	236
m0133	m0195	46.9	2.44e-63	234
m0133	m0382	46.3	4.16e-63	233
m0133	m0408	45.4	1.21e-62	231
m0133	m0343	48.1	3.52e-62	230
m0133	m0314	47.0	4.6e-62	230
m0133	m0328	45.3	8.68e-61	225
m0133	m0372	46.6	4.31e-60	223
m0133	m0152	43.1	1.81e-58	218
m0133	m0254	44.6	5.27e-58	216
m0133	m0286	42.0	2.99e-53	200
m0133	m0334	45.7	6.66e-53	199
m0133	m0247	41.6	1.48e-52	198
m0133	m0341	42.7	4.77e-51	193
m0133	m0364	39.1	8.14e-51	192
m0133	m0147	38.0	1.39e-50	191
m0133	m0354	38.6	9e-50	189
m0133	m0387	40.9	1.18e-49	188
m0133	m0212	40.4	2.62e-49	187
m0133	m0165	41.4	1.3e-48	185
m0133	m0178	40.2	3.2e-47	180
m0133	m0194	39.0	1.22e-46	178
m0133	m0385	39.4	1.59e-46	178
m0133	m0284	41.0	1.59e-46	178
m0133	m0311	39.6	2.71e-46	177
m0133	m0410	38.4	3.54e-46	177
m0133	m0351	40.4	4.62e-46	176
m0133	m0173	38.6	1.03e-45	175
m0133	m0292	37.5	1.35e-45	175
m0133	m0266	35.5	1.76e-45	174
m0133	m0197	40.1	1.76e-45	174
m0133	m0187	39.2	3.91e-45	173
m0133	m0251	38.7	1.94e-44	171
m0133	m0356	39.0	1.26e-43	168
m0133	m0170	38.2	1.64e-43	168
m0133	m0312	39.3	2.15e-43	168
m0133	m0245	36.5	6.25e-43	166
m0133	m0179	36.6	8.16e-43	166
m0133	m0162	35.4	1.07e-42	165
m0133	m0383	36.7	1.39e-42	165
m0133	m0371	32.7	1.54e-33	135
m0133	m0168	32.6	3.8e-32	130
m0133	m0163	32.4	1.22e-30	125
m0133	m0369	34.4	2.72e-30	124
m0133	m0140	30.5	1.35e-29	122
m0133	m0275	30.9	1.14e-28	119
m0133	m0289	29.3	2.31e-21	94
m0133	m0293	24.6	5.89e-17	80
m0133	m0396	31.1	2.24e-16	78
m0133	m0188	27.2	2.47e-15	74
m0133	m0279	31.6	1.6e-14	72
m0133	m0267	26.2	7.96e-14	69
m0133	m0359	24.8	2.32e-13	68
m0133	m0231	26.8	6.74e-13	66
m0133	m0276	24.4	1.5e-12	65
m0133	m0268	27.8	1.45e-07	49
m0133	m0146	22.3	3.96e-05	40
m0133	m0221	23.2	0.00217	35
m0133	m0340	27.1	0.00484	33
m0133	m0180	28.6	0.00826	33
m0133	m0307	24.0	0.00826	33
m0133	m0324	25.2	0.00826	33
m0133	m0376	24.4	0.0141	32
m0133	m0219	32.5	0.0535	30
m0133	m0339	30.1	0.119	29
m0133	m0272	35.8	0.156	28
m0133	m0333	27.5	0.266	28
m0133	m0333	26.2	1.01	26
m0134	m0316	82.6	8.33e-143	497
m0134	m0331	71.4	2.21e-119	419
m0134	m0390	70.1	2.36e-113	399
m0134	m0299	70.5	2e-112	396
m0134	m0236	64.3	4.61e-109	385
m0134	m0402	64.9	4.32e-107	379
m0134	m0237	65.6	8.14e-106	374
m0134	m0249	61.3	9.95e-104	367
m0134	m0171	64.6	2.07e-101	360
m0134	m0306	62.3	2.29e-100	356
m0134	m0273	59.6	5.11e-100	355
m0134	m0196	60.1	1.94e-99	353
m0134	m0232	60.1	2.54e-99	353
m0134	m0235	60.1	7.38e-99	351
m0134	m0336	62.8	2.15e-98	350
m0134	m0152	61.7	2.8e-98	349
m0134	m0377	60.6	4.78e-98	349
m0134	m0234	60.4	1.3e-95	341
m0134	m0309	59.2	4.95e-95	339
m0134	m0380	59.1	4.19e-94	335
m0134	m0388	58.0	1.59e-93	334
m0134	m0394	57.7	2.72e-93	333
m0134	m0382	60.4	1.35e-92	330
m0134	m0264	56.1	1.95e-91	327
m0134	m0314	56.4	7.4e-91	325
m0134	m0190	59.9	2.15e-90	323
m0134	m0137	55.3	1.4e-89	320
m0134	m0169	55.4	1.82e-89	320
m0134	m0372	57.3	3.11e-89	319
m0134	m0158	53.9	5.86e-88	315
m0134	m0254	56.3	2.91e-87	313
m0134	m0328	57.6	5.49e-86	309
m0134	m0144	56.4	5.49e-86	309
m0134	m0398	57.0	1.22e-85	307
m0134	m0165	53.3	8.76e-84	301
m0134	m0173	53.6	2.16e-82	297
m0134	m0343	51.5	8.2e-82	295
m0134	m0294	54.7	3.11e-81	293
m0134	m0364	53.6	3.11e-81	293
m0134	m0338	50.7	1.71e-79	287
m0134	m0408	52.3	2.23e-79	287
m0134	m0269	52.6	8.48e-79	285
m0134	m0200	48.2	1.11e-78	284
m0134	m0365	51.8	4.21e-78	282
m0134	m0323	50.3	7.18e-78	282
m0134	m0136	51.3	1.22e-77	281
m0134	m0233	47.3	6.08e-77	278
m0134	m0305	50.4	1.04e-76	278
m0134	m0195	49.1	1.04e-76	278
m0134	m0247	49.8	3.02e-76	276
m0134	m0349	50.9	3.94e-76	276
m0134	m0217	52.5	8.78e-76	275
m0134	m0400	51.2	8.78e-76	275
m0134	m0342	51.6	1.5e-75	274
m0134	m0295	49.1	1.96e-75	273
m0134	m0345	51.6	4.36e-75	272
m0134	m0240	48.2	7.43e-75	272
m0134	m0157	50.0	9.71e-75	271
m0134	m0397	51.0	1.27e-74	271
m0134	m0191	50.7	1.66e-74	270
m0134	m0332	50.9	1.66e-74	270
m0134	m0208	51.1	2.82e-74	270
m0134	m0330	49.6	2.82e-74	270
m0134	m0161	51.0	3.69e-74	269
m0134	m0341	50.4	3.69e-74	269
m0134	m0393	50.5	3.69e-74	269
m0134	m0368	48.6	4.82e-74	269
m0134	m0230	50.0	4.82e-74	269
m0134	m0256	50.9	8.22e-74	268
m0134	m0321	49.7	8.22e-74	268
m0134	m0378	50.9	1.4e-73	267
m0134	m0177	49.3	1.83e-73	267
m0134	m0363	50.7	2.39e-73	267
m0134	m0406	47.6	2.39e-73	267
m0134	m0160	50.2	2.39e-73	267
m0134	m0250	50.2	3.12e-73	266
m0134	m0348	50.2	4.08e-73	266
m0134	m0147	46.7	4.08e-73	266
m0134	m0164	49.1	5.33e-73	265
m0134	m0335	50.7	5.33e-73	265
m0134	m0185	47.0	5.33e-73	265
m0134	m0274	48.8	9.08e-73	265
m0134	m0218	49.5	4.51e-72	262
m0134	m0282	48.5	5.89e-72	262
m0134	m0351	46.8	5.89e-72	262
m0134	m0296	49.0	7.69e-72	262
m0134	m0327	50.0	1.71e-71	260
m0134	m0261	50.0	2.92e-71	260
m0134	m0181	50.0	4.98e-71	259
m0134	m0201	49.1	6.51e-71	258
m0134	m0186	49.8	6.51e-71	258
m0134	m0166	48.8	1.11e-70	258
m0134	m0172	48.3	2.47e-70	257
m0134	m0383	46.4	3.23e-70	256
m0134	m0239	48.7	3.23e-70	256
m0134	m0370	48.3	5.51e-70	255
m0134	m0297	49.3	9.4e-70	255
m0134	m0317	46.3	9.4e-70	255
m0134	m0229	49.6	1.23e-69	254
m0134	m0216	46.6	1.23e-69	254
m0134	m0176	47.6	1.6e-69	254
m0134	m0311	46.0	1.6e-69	254
m0134	m0283	47.6	3.57e-69	253
m0134	m0356	48.7	3.57e-69	253
m0134	m0251	50.0	4.67e-69	252
m0134	m0405	48.8	4.67e-69	252
m0134	m0246	46.8	6.09e-69	252
m0134	m0292	48.7	1.36e-68	251
m0134	m0278	46.7	2.32e-68	250
m0134	m0354	48.1	2.32e-68	250
m0134	m0219	52.7	1.15e-67	248
m0134	m0141	46.7	1.5e-67	247
m0134	m0266	48.0	2.56e-67	247
m0134	m0337	46.1	5.7e-67	245
m0134	m0280	47.5	5.7e-67	245
m0134	m0175	43.6	2.17e-66	243
m0134	m0312	46.7	2.17e-66	243
m0134	m0286	46.0	3.7e-66	243
m0134	m0387	45.1	1.4e-65	241
m0134	m0179	42.6	5.34e-65	239
m0134	m0319	45.6	9.11e-65	238
m0134	m0194	47.1	9.11e-65	238
m0134	m0410	46.6	9.11e-65	238
m0134	m0187	44.0	3.46e-64	236
m0134	m0334	46.6	4.52e-64	236
m0134	m0385	45.1	7.71e-64	235
m0134	m0170	44.1	1.31e-63	234
m0134	m0245	43.6	5e-63	232
m0134	m0162	44.9	8.52e-63	231
m0134	m0178	43.4	2.48e-62	230
m0134	m0212	45.5	1.23e-61	228
m0134	m0197	41.6	2.32e-60	223
m0134	m0207	42.4	4.38e-59	219
m0134	m0284	43.9	1.51e-51	194
m0134	m0168	41.1	9.77e-51	191
m0134	m0371	37.4	4.4e-43	166
m0134	m0275	37.6	7.52e-35	139
m0134	m0369	37.1	9.82e-35	138
m0134	m0289	31.4	3.06e-28	117
m0134	m0140	28.2	3.17e-25	107
m0134	m0163	30.3	3.17e-25	107
m0134	m0293	26.4	1.63e-21	94
m0134	m0188	29.1	3.62e-21	93
m0134	m0231	27.1	4.9e-18	83
m0134	m0359	25.7	9.23e-17	79
m0134	m0268	28.4	4.29e-14	70
m0134	m0396	28.4	1.25e-13	68
m0134	m0276	23.1	6.85e-12	62
m0134	m0267	26.7	1.17e-11	62
m0134	m0279	28.7	1.09e-09	55
m0134	m0307	22.7	1.75e-07	48
m0134	m0221	28.6	1.13e-06	45
m0134	m0339	23.6	0.000181	38
m0134	m0220	29.8	0.000402	37
m0134	m0221	27.9	0.000402	37
m0134	m0409	22.3	0.000686	36
m0134	m0376	27.7	0.002	34
m0134	m0199	25.5	0.00759	32
m0134	m0257	25.0	0.00991	32
m0134	m0324	35.4	0.0288	30
m0134	m0180	30.3	0.0288	30
m0134	m0371	23.8	0.0377	30
m0134	m0146	24.0	0.0642	29
m0134	m0340	40.5	0.143	28
m0134	m0180	29.7	0.187	28
m0134	m0411	27.3	0.244	27
m0134	m0147	26.1	0.244	27
m0134	m0330	25.0	0.544	26
m0134	m0186	26.2	0.71	26
m0134	m0151	23.3	1.58	25
m0134	m0403	34.3	1.58	25
m0134	m0214	52.6	2.07	24
m0134	m0318	22.4	4.6	23
m0134	m0367	40.0	4.6	23
m0134	m0375	38.7	6.01	23
m0135	m0151	58.1	3.64e-107	379
m0135	m0150	42.8	1.23e-54	205
m0135	m0352	29.5	1.05e-21	95
m0135	m0399	29.1	2.12e-14	71
m0135	m0290	30.5	1.57e-09	55
m0135	m0411	27.3	5.98e-09	53
m0135	m0360	27.7	1.33e-08	52
m0135	m0227	29.2	2.97e-08	50
m0135	m0391	26.0	3.28e-07	47
m0135	m0210	31.5	7.31e-07	46
m0135	m0291	30.5	9.54e-07	45
m0135	m0227	39.5	0.0542	30
m0135	m0185	30.2	1.33	25
m0135	m0186	27.7	1.74	25
m0135	m0136	37.7	1.74	25
m0135	m0409	26.4	1.74	25
m0135	m0261	25.7	2.28	24
m0135	m0363	50.0	2.97	24
m0135	m0164	50.0	3.88	23
m0135	m0345	52.2	3.88	23
m0135	m0378	52.2	3.88	23
m0135	m0393	52.2	3.88	23
m0135	m0218	52.2	3.88	23
m0135	m0230	50.0	3.88	23
m0135	m0288	24.7	3.88	23
m0135	m0256	52.2	3.88	23
m0135	m0269	43.2	6.62	23
m0135	m0217	43.5	6.62	23
m0135	m0332	43.5	6.62	23
m0135	m0400	32.1	8.65	22
m0135	m0181	34.4	8.65	22
m0135	m0160	46.2	8.65	22
m0135	m0342	52.2	8.65	22
m0135	m0208	36.2	8.65	22
m0135	m0399	27.1	8.65	22
m0136	m0323	80.1	7.99e-139	484
m0136	m0338	79.1	7.47e-137	478
m0136	m0269	82.5	5.36e-135	471
m0136	m0297	65.8	2.77e-107	379
m0136	m0400	63.7	2.77e-107	379
m0136	m0342	61.8	1.2e-102	364
m0136	m0164	61.9	1.57e-102	364
m0136	m0261	65.1	2.68e-102	363
m0136	m0393	61.7	3.5e-102	362
m0136	m0256	61.3	5.98e-102	362
m0136	m0166	59.6	2.97e-101	359
m0136	m0332	59.0	2.97e-101	359
m0136	m0330	60.3	6.61e-101	358
m0136	m0345	60.6	1.47e-100	357
m0136	m0186	65.5	3.28e-100	356
m0136	m0240	63.9	4.28e-100	356
m0136	m0217	61.5	2.13e-99	353
m0136	m0348	59.4	2.13e-99	353
m0136	m0230	60.1	2.13e-99	353
m0136	m0208	59.4	2.78e-99	353
m0136	m0160	58.2	6.19e-99	352
m0136	m0157	59.8	6.19e-99	352
m0136	m0378	59.9	1.38e-98	351
m0136	m0295	58.7	1.38e-98	351
m0136	m0296	59.5	1.17e-97	347
m0136	m0282	60.9	1.17e-97	347
m0136	m0406	61.9	1.52e-97	347
m0136	m0218	58.7	1.52e-97	347
m0136	m0349	58.9	1.99e-97	347
m0136	m0177	59.9	2.6e-97	346
m0136	m0250	61.5	5.79e-97	345
m0136	m0363	58.5	9.88e-97	344
m0136	m0185	57.5	9.88e-97	344
m0136	m0172	58.9	1.68e-96	344
m0136	m0141	56.9	6.4e-96	342
m0136	m0181	60.5	6.4e-96	342
m0136	m0321	58.1	6.4e-96	342
m0136	m0191	57.7	8.36e-96	341
m0136	m0161	60.9	3.51e-94	336
m0136	m0327	56.5	4.59e-94	335
m0136	m0246	57.8	2.28e-93	333
m0136	m0175	57.3	3.88e-93	332
m0136	m0335	59.7	1.93e-92	330
m0136	m0397	57.0	2.52e-92	330
m0136	m0176	55.2	9.57e-92	328
m0136	m0216	55.0	2.13e-91	327
m0136	m0317	54.4	4.02e-90	322
m0136	m0405	55.4	5.25e-90	322
m0136	m0201	56.8	1.17e-89	321
m0136	m0337	54.0	7.58e-89	318
m0136	m0280	57.3	1.69e-88	317
m0136	m0331	55.9	9.27e-87	311
m0136	m0239	53.4	4.6e-86	309
m0136	m0283	55.2	1.02e-85	308
m0136	m0278	54.0	1.34e-85	307
m0136	m0229	52.7	8.67e-85	305
m0136	m0370	54.5	8.67e-85	305
m0136	m0316	53.6	1.53e-81	294
m0136	m0219	55.0	4.45e-81	292
m0136	m0390	56.0	9.92e-81	291
m0136	m0402	52.8	1.69e-80	290
m0136	m0319	54.9	2.21e-80	290
m0136	m0236	53.6	2.21e-80	290
m0136	m0137	55.0	3.77e-80	289
m0136	m0299	55.1	3.19e-79	286
m0136	m0235	53.4	4.17e-79	286
m0136	m0207	50.5	1.58e-78	284
m0136	m0237	53.3	1.58e-78	284
m0136	m0169	51.9	2.07e-78	283
m0136	m0273	52.7	2.7e-78	283
m0136	m0232	50.2	5.1e-77	279
m0136	m0249	49.8	1.48e-76	277
m0136	m0158	50.5	1.94e-76	277
m0136	m0196	51.0	1.94e-76	277
m0136	m0306	52.0	2.8e-75	273
m0136	m0380	51.8	1.81e-74	270
m0136	m0336	51.1	3.09e-74	270
m0136	m0394	50.2	3.09e-74	270
m0136	m0200	48.5	5.27e-74	269
m0136	m0144	52.5	8.99e-74	268
m0136	m0233	48.3	1.53e-73	267
m0136	m0234	47.5	4.46e-73	266
m0136	m0264	46.4	4.46e-73	266
m0136	m0343	48.5	3.2e-71	260
m0136	m0171	47.5	1.22e-70	258
m0136	m0368	48.8	3.54e-70	256
m0136	m0309	48.9	6.03e-70	255
m0136	m0305	46.8	2.99e-69	253
m0136	m0377	46.8	2.99e-69	253
m0136	m0388	48.5	6.67e-69	252
m0136	m0190	50.6	3.31e-68	250
m0136	m0274	45.0	5.65e-68	249
m0136	m0314	45.9	6.24e-67	245
m0136	m0398	49.0	8.15e-67	245
m0136	m0365	44.9	1.18e-65	241
m0136	m0195	46.9	2.9e-64	236
m0136	m0382	46.6	4.95e-64	236
m0136	m0372	44.9	1.44e-63	234
m0136	m0254	44.9	1.44e-63	234
m0136	m0328	47.0	9.33e-63	231
m0136	m0408	44.3	4.63e-62	229
m0136	m0294	46.2	1.03e-61	228
m0136	m0152	43.8	3.32e-60	223
m0136	m0247	42.7	1.65e-59	221
m0136	m0334	46.0	3.21e-55	206
m0136	m0147	38.6	1.6e-54	204
m0136	m0354	39.0	2.72e-54	203
m0136	m0341	41.0	1.76e-53	201
m0136	m0187	43.2	1.76e-53	201
m0136	m0385	41.8	1.49e-52	198
m0136	m0364	40.4	2.16e-51	194
m0136	m0266	37.1	2.16e-51	194
m0136	m0165	39.9	2.82e-51	193
m0136	m0170	41.8	6.27e-51	192
m0136	m0351	39.9	5.31e-50	189
m0136	m0311	40.0	9.06e-50	188
m0136	m0383	39.0	9.06e-50	188
m0136	m0387	39.7	1.18e-49	188
m0136	m0197	40.5	1.54e-49	188
m0136	m0178	41.0	1e-48	185
m0136	m0212	39.2	2.23e-48	184
m0136	m0286	37.8	1.11e-47	181
m0136	m0292	36.8	1.89e-47	181
m0136	m0312	40.9	2.47e-47	180
m0136	m0251	40.8	3.22e-47	180
m0136	m0162	36.5	3.22e-47	180
m0136	m0410	35.9	4.21e-47	179
m0136	m0356	41.6	7.18e-47	179
m0136	m0194	37.3	2.09e-46	177
m0136	m0179	37.8	2.73e-46	177
m0136	m0284	40.9	1.15e-44	171
m0136	m0173	35.4	5.32e-42	163
m0136	m0245	33.8	6.95e-42	162
m0136	m0371	35.0	1.23e-38	151
m0136	m0168	34.5	6.09e-38	149
m0136	m0369	33.7	1.11e-31	128
m0136	m0275	32.4	6.75e-29	119
m0136	m0289	32.9	2.25e-24	104
m0136	m0140	28.1	2.48e-23	101
m0136	m0163	29.3	5.53e-23	99
m0136	m0293	27.3	5.55e-15	73
m0136	m0396	32.0	7.24e-15	72
m0136	m0359	25.3	1.78e-13	68
m0136	m0279	28.4	2.33e-13	67
m0136	m0231	28.0	1.51e-12	65
m0136	m0276	24.8	1.97e-12	64
m0136	m0188	26.6	7.5e-12	62
m0136	m0267	22.0	1.12e-07	49
m0136	m0268	26.0	4.26e-07	47
m0136	m0139	28.1	5.56e-07	46
m0136	m0257	26.8	0.000151	38
m0136	m0409	30.2	0.000258	37
m0136	m0399	26.1	0.000337	37
m0136	m0221	25.2	0.00044	37
m0136	m0339	33.0	0.000751	36
m0136	m0324	27.3	0.000981	35
m0136	m0220	25.0	0.00167	35
m0136	m0347	26.5	0.00286	34
m0136	m0307	26.1	0.00831	32
m0136	m0255	27.1	0.00831	32
m0136	m0371	37.3	0.0185	31
m0136	m0186	25.7	0.0185	31
m0136	m0376	29.2	0.205	28
m0136	m0151	24.0	0.205	28
m0136	m0199	30.1	0.267	27
m0136	m0238	26.9	0.349	27
m0136	m0340	28.2	0.595	26
m0136	m0146	23.6	0.778	26
m0136	m0180	25.7	0.778	26
m0136	m0150	41.9	0.778	26
m0136	m0411	25.9	1.02	25
m0136	m0367	34.7	2.26	24
m0136	m0198	25.0	5.04	23
m0137	m0273	64.5	1.09e-108	384
m0137	m0235	61.7	1.02e-106	377
m0137	m0232	62.3	1.34e-106	377
m0137	m0196	62.3	1.13e-105	374
m0137	m0402	63.5	1.93e-105	373
m0137	m0306	61.7	1.38e-103	367
m0137	m0394	63.4	2.36e-103	366
m0137	m0264	61.4	4.02e-103	366
m0137	m0377	59.9	2.61e-102	363
m0137	m0249	58.3	4.44e-102	362
m0137	m0144	69.0	7.58e-102	361
m0137	m0331	61.1	7.58e-102	361
m0137	m0390	59.9	1.69e-101	360
m0137	m0237	61.3	4.91e-101	359
m0137	m0236	60.3	4.16e-100	356
m0137	m0336	60.4	1.21e-99	354
m0137	m0380	63.3	3.89e-98	349
m0137	m0234	60.4	5.09e-98	349
m0137	m0171	57.2	1.93e-97	347
m0137	m0299	59.7	1.93e-97	347
m0137	m0314	57.1	7.34e-97	345
m0137	m0328	61.6	1.25e-96	344
m0137	m0190	63.5	4.76e-96	342
m0137	m0388	60.2	3.09e-95	339
m0137	m0398	63.6	9.93e-94	334
m0137	m0309	54.3	1.69e-93	334
m0137	m0316	56.4	2.07e-91	327
m0137	m0158	55.4	3.53e-91	326
m0137	m0233	55.3	6.66e-90	322
m0137	m0305	55.4	1.48e-89	320
m0137	m0372	55.2	2.14e-88	317
m0137	m0382	57.2	2.8e-88	316
m0137	m0169	52.6	1.53e-86	310
m0137	m0200	51.8	9.95e-86	308
m0137	m0365	49.8	3.31e-81	293
m0137	m0364	52.0	2.37e-79	287
m0137	m0294	52.2	3.1e-79	286
m0137	m0343	52.6	1.54e-78	284
m0137	m0368	50.3	3.43e-78	283
m0137	m0195	49.3	3.43e-78	283
m0137	m0323	54.1	5.85e-78	282
m0137	m0338	53.0	9.97e-78	281
m0137	m0341	50.2	1.1e-76	278
m0137	m0152	47.8	5.47e-76	275
m0137	m0185	51.2	7.9e-75	272
m0137	m0269	53.4	1.03e-74	271
m0137	m0254	49.1	1.03e-74	271
m0137	m0297	52.4	1.76e-74	270
m0137	m0230	49.7	1.14e-73	268
m0137	m0349	51.3	1.49e-73	267
m0137	m0363	49.3	2.54e-73	267
m0137	m0332	50.0	4.34e-73	266
m0137	m0295	49.7	4.34e-73	266
m0137	m0274	47.6	9.66e-73	265
m0137	m0335	48.7	1.26e-72	264
m0137	m0400	50.5	2.15e-72	263
m0137	m0157	49.7	2.15e-72	263
m0137	m0247	49.3	2.15e-72	263
m0137	m0208	48.5	2.15e-72	263
m0137	m0191	49.8	2.81e-72	263
m0137	m0166	51.7	4.79e-72	262
m0137	m0177	51.7	6.26e-72	262
m0137	m0256	49.2	6.26e-72	262
m0137	m0217	48.8	6.26e-72	262
m0137	m0406	50.3	1.39e-71	261
m0137	m0164	48.9	2.38e-71	260
m0137	m0240	52.8	2.38e-71	260
m0137	m0218	48.2	4.06e-71	259
m0137	m0378	49.0	5.3e-71	259
m0137	m0345	48.0	5.3e-71	259
m0137	m0370	48.6	5.3e-71	259
m0137	m0172	50.5	9.04e-71	258
m0137	m0278	46.4	1.18e-70	258
m0137	m0147	44.2	1.18e-70	258
m0137	m0246	48.5	1.54e-70	257
m0137	m0283	46.6	1.54e-70	257
m0137	m0141	48.7	2.01e-70	257
m0137	m0393	50.0	2.63e-70	257
m0137	m0321	48.0	3.44e-70	256
m0137	m0397	49.0	5.86e-70	255
m0137	m0317	47.4	7.65e-70	255
m0137	m0342	48.0	1.31e-69	254
m0137	m0296	47.6	1.31e-69	254
m0137	m0330	50.7	1.7e-69	254
m0137	m0176	48.8	3.8e-69	253
m0137	m0337	47.5	3.8e-69	253
m0137	m0348	46.6	6.48e-69	252
m0137	m0181	49.8	8.46e-69	252
m0137	m0261	48.4	1.11e-68	251
m0137	m0282	50.5	1.11e-68	251
m0137	m0161	48.0	2.46e-68	250
m0137	m0160	46.7	3.22e-68	250
m0137	m0186	48.5	4.2e-68	249
m0137	m0250	49.5	4.2e-68	249
m0137	m0327	48.2	5.48e-68	249
m0137	m0216	46.8	5.48e-68	249
m0137	m0175	46.9	2.08e-67	247
m0137	m0405	48.8	1.03e-66	245
m0137	m0239	45.3	1.76e-66	244
m0137	m0194	47.8	1.76e-66	244
m0137	m0408	45.2	2.3e-66	243
m0137	m0319	47.7	3.93e-66	243
m0137	m0280	48.4	6.7e-66	242
m0137	m0165	44.2	8.76e-66	242
m0137	m0383	44.1	2.55e-65	240
m0137	m0251	46.8	2.55e-65	240
m0137	m0170	43.1	7.41e-65	238
m0137	m0354	45.0	7.41e-65	238
m0137	m0292	43.0	1.26e-64	238
m0137	m0334	52.3	1.65e-64	237
m0137	m0385	47.5	3.68e-64	236
m0137	m0201	46.2	4.8e-64	236
m0137	m0266	43.2	4.8e-64	236
m0137	m0178	42.5	1.07e-63	235
m0137	m0311	41.8	1.83e-63	234
m0137	m0229	45.9	2.38e-63	233
m0137	m0173	44.0	4.07e-63	233
m0137	m0187	42.6	5.31e-63	232
m0137	m0207	44.8	7.67e-62	228
m0137	m0351	40.4	1.31e-61	228
m0137	m0312	43.6	1.71e-61	227
m0137	m0219	50.2	1.89e-60	224
m0137	m0387	44.3	4.21e-60	223
m0137	m0356	43.0	9.38e-60	221
m0137	m0197	41.0	3.56e-59	220
m0137	m0179	39.7	6.08e-59	219
m0137	m0245	44.3	1.77e-58	217
m0137	m0284	50.2	3.02e-58	216
m0137	m0286	41.8	1.15e-57	215
m0137	m0212	42.4	2.55e-57	213
m0137	m0410	39.9	1.66e-56	211
m0137	m0162	41.1	3.12e-55	206
m0137	m0168	35.5	1.08e-47	181
m0137	m0371	35.5	9.75e-41	158
m0137	m0140	36.4	3.04e-34	137
m0137	m0163	36.1	3.36e-33	133
m0137	m0289	32.3	9.77e-33	132
m0137	m0369	32.2	3.84e-29	120
m0137	m0275	32.0	1.12e-28	118
m0137	m0293	27.4	5.56e-20	89
m0137	m0359	27.7	3.37e-17	80
m0137	m0276	26.5	3.16e-15	74
m0137	m0188	26.7	2.05e-14	71
m0137	m0231	25.1	5.96e-14	69
m0137	m0396	28.8	2.96e-13	67
m0137	m0279	25.1	3.06e-10	57
m0137	m0268	24.6	3.38e-09	54
m0137	m0339	29.6	2.68e-06	44
m0137	m0409	28.7	5.97e-06	43
m0137	m0267	22.2	7.8e-06	42
m0137	m0139	26.8	1.33e-05	42
m0137	m0221	25.2	0.000113	39
m0137	m0257	29.0	0.00124	35
m0137	m0411	32.0	0.00618	33
m0137	m0399	27.7	0.0105	32
m0137	m0199	27.5	0.0138	32
m0137	m0155	32.1	0.0307	30
m0137	m0180	24.6	0.04	30
m0137	m0376	23.3	0.0523	30
m0137	m0307	22.7	0.116	28
m0137	m0340	36.6	0.199	28
m0137	m0367	35.7	0.339	27
m0137	m0156	23.9	0.578	26
m0137	m0146	23.9	2.2	24
m0137	m0375	32.5	2.2	24
m0137	m0400	21.5	6.39	23
m0137	m0241	24.6	8.35	22
m0138	m0223	68.2	1.12e-125	441
m0138	m0379	56.9	1.09e-96	344
m0138	m0174	54.8	5.06e-94	335
m0138	m0270	50.3	2.97e-86	310
m0138	m0244	47.6	2.21e-73	267
m0138	m0222	43.7	1.53e-66	244
m0138	m0209	39.3	9.65e-53	198
m0138	m0193	36.5	4.65e-39	153
m0138	m0320	35.4	4.35e-37	146
m0138	m0288	33.7	6.5e-33	132
m0138	m0277	31.3	1.11e-32	132
m0138	m0211	35.3	2.47e-32	131
m0138	m0357	34.5	1.23e-31	128
m0138	m0386	32.0	6.09e-31	126
m0138	m0154	33.5	2.56e-29	121
m0138	m0228	32.7	4.36e-29	120
m0138	m0315	31.4	5.7e-29	119
m0138	m0182	29.8	9.72e-29	119
m0138	m0389	31.5	4.82e-28	116
m0138	m0248	29.7	4.82e-28	116
m0138	m0253	29.8	8.23e-28	116
m0138	m0412	31.0	4.08e-27	113
m0138	m0353	32.9	2.03e-26	111
m0138	m0258	35.2	5.9e-26	109
m0138	m0384	34.1	2.93e-25	107
m0138	m0189	31.0	8.51e-25	106
m0138	m0224	31.0	4.23e-24	103
m0138	m0404	30.4	2.32e-22	97
m0138	m0167	29.1	2.56e-21	94
m0138	m0361	28.2	8.25e-20	89
m0138	m0285	31.4	3.96e-14	70
m0138	m0285	30.8	3.97e-06	44
m0138	m0147	26.8	0.385	27
m0138	m0237	25.7	4.25	23
m0138	m0151	28.9	9.48	22
m0139	m0221	27.8	1.1e-19	89
m0139	m0220	31.0	4.64e-10	57
m0139	m0314	25.4	6.7e-09	53
m0139	m0185	27.7	1.95e-08	51
m0139	m0144	27.3	4.34e-08	50
m0139	m0394	27.3	5.67e-08	50
m0139	m0234	25.6	7.41e-08	49
m0139	m0297	28.9	9.68e-08	49
m0139	m0235	27.3	1.26e-07	49
m0139	m0299	24.6	1.26e-07	49
m0139	m0196	26.4	1.65e-07	48
m0139	m0323	27.0	1.65e-07	48
m0139	m0388	22.9	2.16e-07	48
m0139	m0306	27.3	2.82e-07	47
m0139	m0232	26.4	2.82e-07	47
m0139	m0336	28.1	2.82e-07	47
m0139	m0169	21.3	2.82e-07	47
m0139	m0377	24.5	4.8e-07	47
m0139	m0269	26.4	4.8e-07	47
m0139	m0171	26.4	6.27e-07	46
m0139	m0309	28.1	1.07e-06	45
m0139	m0364	27.3	1.4e-06	45
m0139	m0305	26.3	1.4e-06	45
m0139	m0319	27.6	3.11e-06	44
m0139	m0328	26.8	9.06e-06	42
m0139	m0274	24.8	1.18e-05	42
m0139	m0293	26.8	1.54e-05	42
m0139	m0162	27.0	2.02e-05	41
m0139	m0289	27.9	3.44e-05	40
m0139	m0268	23.9	4.49e-05	40
m0139	m0195	26.6	7.67e-05	39
m0139	m0370	23.0	7.67e-05	39
m0139	m0300	25.4	0.00038	37
m0139	m0279	26.8	0.000497	37
m0139	m0317	22.8	0.000497	37
m0139	m0376	20.8	0.00247	34
m0139	m0382	23.9	0.00247	34
m0139	m0359	26.0	0.00421	33
m0139	m0267	24.1	0.00549	33
m0139	m0371	24.5	0.00549	33
m0139	m0180	24.6	0.00937	32
m0139	m0318	27.9	0.00937	32
m0139	m0408	24.3	0.0273	31
m0139	m0257	26.2	0.104	29
m0139	m0329	22.8	0.135	28
m0139	m0243	34.5	0.135	28
m0139	m0173	24.3	0.177	28
m0139	m0165	26.8	0.231	28
m0139	m0409	34.3	0.394	27
m0139	m0206	26.4	0.514	27
m0139	m0207	26.8	0.877	26
m0139	m0339	29.6	0.877	26
m0139	m0387	25.4	1.5	25
m0139	m0286	26.8	2.55	24
m0139	m0220	30.4	2.55	24
m0139	m0162	35.7	2.55	24
m0139	m0155	24.5	4.35	23
m0139	m0142	28.7	7.43	23
m0139	m0346	39.3	7.43	23
m0139	m0375	30.8	9.7	22
m0139	m0392	42.1	9.7	22
m0140	m0163	85.4	3.23e-140	489
m0140	m0311	32.0	2.09e-38	151
m0140	m0351	32.5	4.65e-38	149
m0140	m0354	32.4	6.07e-38	149
m0140	m0383	33.0	6.71e-37	146
m0140	m0292	31.8	1.14e-36	145
m0140	m0194	36.7	9.69e-36	142
m0140	m0369	33.2	2.82e-35	140
m0140	m0232	32.8	2.39e-34	137
m0140	m0178	31.5	2.39e-34	137
m0140	m0190	34.7	4.07e-34	136
m0140	m0187	31.8	4.07e-34	136
m0140	m0385	31.7	5.32e-34	136
m0140	m0179	30.8	1.18e-33	135
m0140	m0170	30.8	1.18e-33	135
m0140	m0266	32.2	3.45e-33	133
m0140	m0197	30.2	7.68e-33	132
m0140	m0273	32.1	1e-32	132
m0140	m0275	32.8	2.23e-32	131
m0140	m0312	31.6	4.98e-32	129
m0140	m0314	31.6	8.49e-32	129
m0140	m0235	33.0	8.49e-32	129
m0140	m0309	31.9	8.49e-32	129
m0140	m0251	32.3	8.49e-32	129
m0140	m0328	33.9	7.19e-31	126
m0140	m0299	28.7	6.08e-30	122
m0140	m0331	29.3	1.04e-29	122
m0140	m0147	30.8	1.04e-29	122
m0140	m0237	30.6	2.31e-29	121
m0140	m0400	29.9	2.31e-29	121
m0140	m0247	30.2	2.31e-29	121
m0140	m0341	33.2	3.02e-29	120
m0140	m0380	32.3	3.02e-29	120
m0140	m0196	30.9	3.94e-29	120
m0140	m0306	32.2	3.94e-29	120
m0140	m0356	29.6	3.94e-29	120
m0140	m0141	30.9	5.15e-29	119
m0140	m0410	30.1	6.73e-29	119
m0140	m0382	32.2	6.73e-29	119
m0140	m0394	31.5	6.73e-29	119
m0140	m0171	30.3	8.79e-29	119
m0140	m0249	28.9	1.15e-28	118
m0140	m0172	28.7	1.5e-28	118
m0140	m0348	29.7	1.5e-28	118
m0140	m0160	29.5	1.96e-28	117
m0140	m0236	29.9	1.96e-28	117
m0140	m0208	29.5	2.56e-28	117
m0140	m0402	30.6	7.44e-28	116
m0140	m0377	31.1	9.71e-28	115
m0140	m0282	30.1	9.71e-28	115
m0140	m0332	29.5	1.27e-27	115
m0140	m0256	31.2	1.27e-27	115
m0140	m0169	28.5	1.27e-27	115
m0140	m0316	31.7	1.66e-27	114
m0140	m0218	29.5	2.16e-27	114
m0140	m0330	30.1	2.83e-27	114
m0140	m0405	29.3	2.83e-27	114
m0140	m0390	29.2	2.83e-27	114
m0140	m0345	29.5	3.69e-27	113
m0140	m0201	31.0	4.82e-27	113
m0140	m0230	30.2	4.82e-27	113
m0140	m0144	30.6	4.82e-27	113
m0140	m0264	30.5	6.3e-27	112
m0140	m0274	31.6	6.3e-27	112
m0140	m0342	30.4	1.07e-26	112
m0140	m0349	29.3	1.07e-26	112
m0140	m0195	30.7	1.4e-26	111
m0140	m0166	29.7	1.4e-26	111
m0140	m0278	30.2	1.83e-26	111
m0140	m0363	29.2	1.83e-26	111
m0140	m0378	30.0	1.83e-26	111
m0140	m0161	30.2	2.39e-26	111
m0140	m0240	30.7	2.39e-26	111
m0140	m0297	32.7	2.39e-26	111
m0140	m0217	30.8	3.12e-26	110
m0140	m0177	29.2	3.12e-26	110
m0140	m0191	29.2	4.08e-26	110
m0140	m0397	30.1	4.08e-26	110
m0140	m0335	27.5	5.33e-26	109
m0140	m0393	29.6	9.09e-26	109
m0140	m0370	29.2	1.19e-25	108
m0140	m0398	31.7	1.55e-25	108
m0140	m0321	28.3	1.55e-25	108
m0140	m0337	28.2	2.65e-25	107
m0140	m0280	29.6	2.65e-25	107
m0140	m0317	30.6	3.45e-25	107
m0140	m0336	29.3	3.45e-25	107
m0140	m0157	30.2	3.45e-25	107
m0140	m0164	28.5	4.51e-25	106
m0140	m0283	30.2	7.7e-25	106
m0140	m0338	30.7	1.31e-24	105
m0140	m0388	29.5	1.71e-24	104
m0140	m0368	29.2	2.24e-24	104
m0140	m0229	28.9	2.24e-24	104
m0140	m0158	27.0	2.24e-24	104
m0140	m0216	29.1	2.92e-24	104
m0140	m0165	29.9	2.92e-24	104
m0140	m0239	30.0	2.92e-24	104
m0140	m0245	26.8	3.82e-24	103
m0140	m0175	29.2	3.82e-24	103
m0140	m0219	29.7	4.99e-24	103
m0140	m0269	31.7	8.51e-24	102
m0140	m0246	29.7	1.11e-23	102
m0140	m0365	28.7	1.45e-23	101
m0140	m0387	29.3	1.9e-23	101
m0140	m0406	29.0	1.9e-23	101
m0140	m0168	27.7	2.48e-23	101
m0140	m0181	31.0	2.48e-23	101
m0140	m0295	31.0	3.23e-23	100
m0140	m0234	29.6	3.23e-23	100
m0140	m0250	26.4	7.2e-23	99
m0140	m0254	31.1	7.2e-23	99
m0140	m0200	27.5	1.6e-22	98
m0140	m0319	29.8	1.6e-22	98
m0140	m0372	28.5	1.6e-22	98
m0140	m0408	30.3	2.1e-22	97
m0140	m0176	27.6	2.1e-22	97
m0140	m0327	26.0	2.1e-22	97
m0140	m0343	28.0	2.1e-22	97
m0140	m0185	29.0	6.1e-22	96
m0140	m0296	28.4	7.96e-22	96
m0140	m0294	26.0	7.96e-22	96
m0140	m0233	26.4	7.96e-22	96
m0140	m0305	27.7	7.96e-22	96
m0140	m0323	26.7	1.04e-21	95
m0140	m0289	29.9	1.04e-21	95
m0140	m0173	28.3	5.16e-21	93
m0140	m0152	27.4	6.74e-21	92
m0140	m0334	27.2	8.81e-21	92
m0140	m0207	27.0	8.81e-21	92
m0140	m0364	28.5	1.96e-20	91
m0140	m0186	26.6	2.56e-20	91
m0140	m0261	26.3	7.45e-20	89
m0140	m0286	28.0	1.08e-18	85
m0140	m0212	27.6	1.84e-18	84
m0140	m0284	28.9	3.13e-18	84
m0140	m0371	29.0	4.52e-17	80
m0140	m0293	24.3	6.53e-16	76
m0140	m0359	24.2	1.15e-12	65
m0140	m0162	25.3	5.72e-12	63
m0140	m0188	26.2	7.47e-12	62
m0140	m0276	27.3	2.17e-11	61
m0140	m0396	25.4	2.4e-10	57
m0140	m0268	26.6	2.66e-09	54
m0140	m0231	24.5	0.000116	39
m0140	m0221	27.6	0.000439	37
m0140	m0267	24.5	0.00128	35
m0140	m0376	24.3	0.0537	30
m0140	m0250	32.1	0.0701	29
m0140	m0367	31.6	0.0916	29
m0140	m0340	52.6	1.32	25
m0140	m0180	27.1	2.25	24
m0140	m0191	24.8	2.95	24
m0140	m0362	38.1	6.56	23
m0140	m0208	30.9	6.56	23
m0141	m0240	64.9	1.67e-161	560
m0141	m0246	63.9	2.76e-156	543
m0141	m0172	65.7	3.98e-155	539
m0141	m0175	62.1	1.85e-152	530
m0141	m0278	59.2	4.56e-151	525
m0141	m0337	57.4	2.95e-150	523
m0141	m0157	59.2	6.58e-150	522
m0141	m0295	59.7	4.27e-149	519
m0141	m0330	65.7	2.12e-148	517
m0141	m0181	61.8	8.05e-148	515
m0141	m0393	56.1	5.22e-147	512
m0141	m0348	56.4	1.98e-146	510
m0141	m0282	68.7	4.42e-146	509
m0141	m0342	55.7	4.13e-144	502
m0141	m0256	56.8	4.13e-144	502
m0141	m0332	55.8	9.21e-144	501
m0141	m0345	55.8	9.21e-144	501
m0141	m0161	56.3	1.2e-143	501
m0141	m0160	55.5	2.05e-143	500
m0141	m0397	55.5	2.68e-143	500
m0141	m0164	55.1	5.97e-143	498
m0141	m0378	55.9	7.79e-143	498
m0141	m0208	57.2	1.02e-142	498
m0141	m0191	61.7	1.33e-142	497
m0141	m0230	56.4	2.27e-142	497
m0141	m0201	57.4	8.62e-142	495
m0141	m0283	57.5	8.62e-142	495
m0141	m0363	55.4	1.24e-140	491
m0141	m0321	55.0	1.63e-140	490
m0141	m0319	58.3	1.16e-138	484
m0141	m0218	53.6	2.87e-137	480
m0141	m0166	58.2	5.98e-135	472
m0141	m0349	62.3	1.13e-133	468
m0141	m0217	57.1	1.92e-133	467
m0141	m0177	62.1	6.84e-131	458
m0141	m0219	57.9	3.76e-129	453
m0141	m0229	54.1	1.21e-127	448
m0141	m0250	57.9	1.13e-117	414
m0141	m0406	73.0	9.59e-117	411
m0141	m0400	56.2	4.93e-113	399
m0141	m0176	50.1	3.3e-109	386
m0141	m0186	51.4	2.9e-105	373
m0141	m0280	51.8	3.78e-105	373
m0141	m0261	51.5	8.42e-105	372
m0141	m0327	61.1	1.03e-102	365
m0141	m0370	64.2	2.54e-101	360
m0141	m0239	58.0	1.64e-100	357
m0141	m0335	60.4	6.25e-100	356
m0141	m0216	57.2	1.07e-99	355
m0141	m0296	59.4	1.54e-98	351
m0141	m0405	50.0	1.59e-95	341
m0141	m0207	55.6	1.59e-95	341
m0141	m0323	57.8	5.12e-94	336
m0141	m0269	56.9	4.79e-92	329
m0141	m0338	57.5	1.39e-91	328
m0141	m0297	50.1	5.86e-90	322
m0141	m0317	43.6	1.31e-89	321
m0141	m0185	52.9	7.16e-88	315
m0141	m0402	52.3	7.94e-79	285
m0141	m0331	52.6	1.04e-78	285
m0141	m0299	52.8	3.34e-77	280
m0141	m0236	50.2	5.69e-77	279
m0141	m0237	50.7	3.69e-76	277
m0141	m0169	51.2	1.07e-75	275
m0141	m0390	51.2	2.92e-73	267
m0141	m0273	46.0	8.5e-73	265
m0141	m0235	46.7	8.5e-73	265
m0141	m0249	49.0	1.89e-72	264
m0141	m0316	50.9	1.23e-71	262
m0141	m0232	46.0	1.6e-71	261
m0141	m0158	50.5	3.57e-71	260
m0141	m0306	50.2	6.09e-71	259
m0141	m0196	47.1	3.02e-70	257
m0141	m0380	49.3	8.8e-70	255
m0141	m0264	45.5	1.15e-69	255
m0141	m0171	47.2	4.83e-68	250
m0141	m0394	48.1	4.83e-68	250
m0141	m0234	45.3	8.24e-68	249
m0141	m0336	49.1	8.24e-68	249
m0141	m0377	45.3	1.08e-67	248
m0141	m0368	49.0	2.4e-67	247
m0141	m0233	47.9	2.4e-67	247
m0141	m0388	47.5	4.09e-67	247
m0141	m0200	49.3	4.09e-67	247
m0141	m0309	47.7	2.03e-66	244
m0141	m0144	49.2	7.71e-66	242
m0141	m0314	47.4	5.52e-64	236
m0141	m0408	44.0	9.42e-64	235
m0141	m0274	44.4	2.74e-63	234
m0141	m0294	48.6	7.98e-63	232
m0141	m0365	46.6	1.04e-62	232
m0141	m0195	46.2	2.32e-62	231
m0141	m0190	47.0	3.96e-62	230
m0141	m0305	46.0	1.15e-61	228
m0141	m0398	47.1	1.27e-60	225
m0141	m0382	43.9	1.66e-60	225
m0141	m0328	45.7	8.25e-60	222
m0141	m0343	45.8	8.25e-60	222
m0141	m0372	45.6	1.41e-59	221
m0141	m0254	42.8	5.01e-57	213
m0141	m0152	41.2	8.54e-57	212
m0141	m0364	38.8	3.36e-53	200
m0141	m0286	41.8	7.48e-53	199
m0141	m0147	37.6	1.67e-52	198
m0141	m0247	40.9	2.84e-52	197
m0141	m0341	40.0	9.15e-51	192
m0141	m0334	45.5	1.73e-49	188
m0141	m0165	41.2	6.56e-49	186
m0141	m0387	38.6	3.25e-48	184
m0141	m0187	41.1	9.47e-48	182
m0141	m0354	37.8	1.24e-47	182
m0141	m0173	39.0	1.61e-47	181
m0141	m0178	40.3	1.61e-47	181
m0141	m0385	39.3	1.37e-46	178
m0141	m0194	39.6	1.79e-46	178
m0141	m0212	37.1	8.86e-46	176
m0141	m0311	38.5	1.51e-45	175
m0141	m0284	42.6	1.97e-45	174
m0141	m0410	37.3	1.97e-45	174
m0141	m0251	40.4	2.58e-45	174
m0141	m0351	38.3	9.8e-45	172
m0141	m0292	35.5	2.18e-44	171
m0141	m0170	38.7	2.85e-44	171
m0141	m0266	36.0	6.35e-44	169
m0141	m0197	39.0	8.29e-44	169
m0141	m0162	37.3	1.08e-43	169
m0141	m0312	39.3	5.38e-43	166
m0141	m0383	37.8	3.48e-42	164
m0141	m0245	34.4	7.76e-42	163
m0141	m0356	39.0	1.91e-40	158
m0141	m0179	35.3	5.56e-40	156
m0141	m0168	33.8	1.12e-32	132
m0141	m0371	29.6	5.58e-32	130
m0141	m0369	33.6	1.29e-28	119
m0141	m0163	33.5	8.33e-28	116
m0141	m0275	28.4	1.2e-26	112
m0141	m0289	29.7	8.92e-22	96
m0141	m0279	31.0	1.47e-16	79
m0141	m0293	25.8	5.6e-16	77
m0141	m0188	27.8	1.63e-15	75
m0141	m0267	26.6	6.19e-15	73
m0141	m0396	29.7	2.35e-14	71
m0141	m0231	27.7	3.4e-13	67
m0141	m0276	25.8	4.44e-13	67
m0141	m0359	24.2	3.76e-12	64
m0141	m0268	25.6	2.36e-06	45
m0141	m0340	27.2	0.0011	36
m0141	m0180	27.4	0.00244	35
m0141	m0221	25.7	0.00416	34
m0141	m0376	29.5	0.0207	32
m0141	m0199	27.3	0.0601	30
m0141	m0324	24.3	0.134	29
m0141	m0189	22.7	0.175	28
m0141	m0307	22.1	0.298	28
m0141	m0333	32.1	0.39	27
m0141	m0142	31.1	0.868	26
m0141	m0339	27.6	1.13	26
m0141	m0375	26.2	1.13	26
m0141	m0146	21.8	4.31	24
m0141	m0376	20.6	4.31	24
m0142	m0153	31.8	1.11e-54	205
m0142	m0302	28.2	6.51e-47	179
m0142	m0192	31.1	8.51e-47	179
m0142	m0272	29.9	6.74e-44	169
m0142	m0325	29.6	6.53e-39	153
m0142	m0242	27.7	1.9e-38	151
m0142	m0346	29.6	3.24e-38	151
m0142	m0148	28.5	5.53e-38	150
m0142	m0362	30.3	2.1e-37	148
m0142	m0226	28.2	1.97e-35	141
m0142	m0265	28.3	5.72e-35	140
m0142	m0358	25.9	1.67e-26	112
m0142	m0203	23.3	2.41e-25	108
m0142	m0375	25.0	0.414	27
m0142	m0386	30.0	0.414	27
m0142	m0395	27.4	0.54	27
m0142	m0146	27.0	1.57	25
m0142	m0353	27.0	7.8	23
m0143	m0172	37.5	5.19	24
m0144	m0234	74.8	1.39e-115	407
m0144	m0402	70.4	2.01e-106	376
m0144	m0273	68.7	6.46e-105	371
m0144	m0235	68.6	8.43e-105	371
m0144	m0232	69.0	3.2e-104	369
m0144	m0306	67.7	8.73e-102	361
m0144	m0196	66.3	3.32e-101	359
m0144	m0380	68.6	4.33e-101	359
m0144	m0249	66.4	1.26e-100	357
m0144	m0190	67.8	6.25e-100	355
m0144	m0264	65.6	1.39e-99	354
m0144	m0328	64.6	4.48e-98	349
m0144	m0299	64.7	4.48e-98	349
m0144	m0331	65.2	5.85e-98	348
m0144	m0336	62.9	2.22e-97	346
m0144	m0388	64.9	3.79e-97	346
m0144	m0377	62.5	1.44e-96	344
m0144	m0171	62.5	1.88e-96	343
m0144	m0390	64.7	7.15e-96	341
m0144	m0236	63.0	7.91e-95	338
m0144	m0314	62.7	6.7e-94	335
m0144	m0394	62.0	2.54e-93	333
m0144	m0237	62.1	2.54e-93	333
m0144	m0169	60.1	3.32e-93	332
m0144	m0309	62.2	1.26e-92	330
m0144	m0398	63.1	1.4e-91	327
m0144	m0158	60.1	6.49e-89	318
m0144	m0316	58.2	9.37e-88	314
m0144	m0305	60.0	1.6e-87	314
m0144	m0382	58.3	4.65e-87	312
m0144	m0233	59.2	2.31e-86	310
m0144	m0372	58.8	4.35e-85	305
m0144	m0294	59.5	5.68e-85	305
m0144	m0200	56.4	4.5e-82	295
m0144	m0364	56.5	2.23e-81	293
m0144	m0152	51.9	1.6e-79	287
m0144	m0343	55.8	2.73e-79	286
m0144	m0365	52.1	1.77e-78	283
m0144	m0254	53.3	1.5e-77	280
m0144	m0247	50.7	1.83e-75	273
m0144	m0368	49.8	3.46e-74	269
m0144	m0147	49.1	7.7e-74	268
m0144	m0269	53.8	1.71e-73	267
m0144	m0185	51.9	1.71e-73	267
m0144	m0323	51.9	3.82e-73	266
m0144	m0261	52.5	8.51e-73	265
m0144	m0186	52.1	1.45e-72	264
m0144	m0230	52.7	1.9e-72	263
m0144	m0195	50.4	5.52e-72	262
m0144	m0297	54.1	5.52e-72	262
m0144	m0332	51.5	9.41e-72	261
m0144	m0393	51.9	9.41e-72	261
m0144	m0250	52.7	1.61e-71	260
m0144	m0296	51.7	2.1e-71	260
m0144	m0335	51.7	4.67e-71	259
m0144	m0164	52.3	6.1e-71	258
m0144	m0338	51.0	6.1e-71	258
m0144	m0345	50.8	6.1e-71	258
m0144	m0378	51.2	6.1e-71	258
m0144	m0177	52.7	7.97e-71	258
m0144	m0218	50.4	3.03e-70	256
m0144	m0341	50.8	3.03e-70	256
m0144	m0240	53.3	3.95e-70	256
m0144	m0217	50.0	3.95e-70	256
m0144	m0166	52.3	3.95e-70	256
m0144	m0400	51.2	3.95e-70	256
m0144	m0342	50.4	3.95e-70	256
m0144	m0330	52.3	8.81e-70	255
m0144	m0181	50.6	8.81e-70	255
m0144	m0266	48.9	1.15e-69	254
m0144	m0256	50.0	1.15e-69	254
m0144	m0406	49.6	1.96e-69	253
m0144	m0208	49.2	1.96e-69	253
m0144	m0363	50.8	1.96e-69	253
m0144	m0160	49.6	2.56e-69	253
m0144	m0385	48.4	3.35e-69	253
m0144	m0327	51.2	1.27e-68	251
m0144	m0321	50.2	1.27e-68	251
m0144	m0251	47.8	1.27e-68	251
m0144	m0157	50.6	1.27e-68	251
m0144	m0348	50.0	1.66e-68	250
m0144	m0280	51.5	6.31e-68	248
m0144	m0292	48.1	1.08e-67	248
m0144	m0274	46.7	1.84e-67	247
m0144	m0191	50.6	2.4e-67	247
m0144	m0283	49.6	5.34e-67	245
m0144	m0295	49.0	5.34e-67	245
m0144	m0282	51.2	6.98e-67	245
m0144	m0176	48.3	9.11e-67	245
m0144	m0311	47.6	1.19e-66	244
m0144	m0239	49.2	2.65e-66	243
m0144	m0172	50.6	2.65e-66	243
m0144	m0354	47.7	7.72e-66	242
m0144	m0349	50.2	7.72e-66	242
m0144	m0278	49.6	1.01e-65	241
m0144	m0246	48.5	1.01e-65	241
m0144	m0370	48.9	1.01e-65	241
m0144	m0319	50.4	2.24e-65	240
m0144	m0161	48.5	2.24e-65	240
m0144	m0179	46.7	2.93e-65	240
m0144	m0337	48.9	3.83e-65	239
m0144	m0351	46.3	5e-65	239
m0144	m0178	46.0	5e-65	239
m0144	m0216	48.5	5e-65	239
m0144	m0356	46.4	8.53e-65	238
m0144	m0194	48.1	8.53e-65	238
m0144	m0397	47.9	3.58e-63	233
m0144	m0175	47.1	3.58e-63	233
m0144	m0201	46.6	7.98e-63	231
m0144	m0170	44.5	1.36e-62	231
m0144	m0312	45.3	1.78e-62	230
m0144	m0219	50.6	2.32e-62	230
m0144	m0229	50.2	3.03e-62	230
m0144	m0187	44.2	3.03e-62	230
m0144	m0162	44.6	5.18e-62	229
m0144	m0245	44.7	3.35e-61	226
m0144	m0334	49.2	4.38e-61	226
m0144	m0383	43.4	9.76e-61	225
m0144	m0410	44.3	1.66e-60	224
m0144	m0317	45.8	2.17e-60	223
m0144	m0405	46.0	2.84e-60	223
m0144	m0408	45.8	3.71e-60	223
m0144	m0207	47.3	3.71e-60	223
m0144	m0197	42.6	1.84e-59	220
m0144	m0165	43.8	1.9e-56	210
m0144	m0173	44.1	1.23e-55	208
m0144	m0284	45.9	1.78e-54	204
m0144	m0212	45.2	2.18e-52	197
m0144	m0286	41.4	1.56e-50	191
m0144	m0387	41.7	2.66e-50	190
m0144	m0168	40.5	2.66e-50	190
m0144	m0371	35.6	1.33e-41	161
m0144	m0163	32.3	2.05e-34	137
m0144	m0369	33.7	2.51e-32	130
m0144	m0275	33.2	4.27e-32	129
m0144	m0289	33.2	2.34e-30	124
m0144	m0293	31.2	5.59e-24	102
m0144	m0359	28.3	2.2e-20	91
m0144	m0276	27.8	2.69e-18	84
m0144	m0231	28.9	1.29e-12	65
m0144	m0268	27.8	1.29e-12	65
m0144	m0279	26.2	1.69e-12	64
m0144	m0188	26.6	2.88e-12	64
m0144	m0396	26.1	1.21e-10	58
m0144	m0267	22.7	6.21e-07	46
m0144	m0221	23.2	6.87e-06	42
m0144	m0399	28.5	0.000221	37
m0144	m0340	26.5	0.00319	33
m0144	m0339	27.3	0.00928	32
m0144	m0411	29.5	0.0158	31
m0144	m0155	26.5	0.0207	31
m0144	m0324	20.8	0.027	30
m0144	m0272	24.1	0.0602	29
m0144	m0180	25.6	0.0786	29
m0144	m0409	25.0	0.0786	29
m0144	m0146	24.2	0.103	28
m0144	m0291	26.9	0.103	28
m0144	m0228	22.9	0.134	28
m0144	m0210	68.8	0.134	28
m0144	m0376	28.7	0.229	27
m0144	m0307	33.3	0.229	27
m0144	m0375	27.4	0.229	27
m0144	m0214	28.0	0.299	27
m0144	m0265	60.0	0.299	27
m0144	m0340	88.9	0.39	27
m0144	m0199	28.2	0.39	27
m0144	m0226	100.0	0.39	27
m0144	m0268	100.0	0.39	27
m0144	m0220	100.0	0.39	27
m0144	m0376	88.9	0.39	27
m0144	m0367	36.4	0.665	26
m0144	m0241	61.5	1.94	24
m0144	m0392	26.8	2.53	24
m0144	m0322	45.5	9.61	22
m0144	m0202	50.0	9.61	22
m0145	m0322	51.0	4.62e-71	260
m0145	m0301	33.9	1.35e-46	178
m0145	m0322	31.2	8.84e-22	96
m0145	m0301	26.5	7.75e-18	83
m0145	m0152	24.2	0.00704	33
m0145	m0249	27.8	0.102	29
m0145	m0322	37.5	0.173	28
m0145	m0392	20.3	0.296	28
m0145	m0388	22.7	1.12	26
m0145	m0242	40.9	2.5	25
m0145	m0241	42.9	3.27	24
m0145	m0208	32.7	4.27	24
m0145	m0164	40.0	5.58	23
m0145	m0331	23.1	9.51	23
m0145	m0360	32.6	9.51	23
m0146	m0149	30.5	7.89e-44	169
m0146	m0243	24.6	4.36e-18	84
m0146	m0375	25.6	6.74e-11	60
m0146	m0318	26.7	9.74e-10	56
m0146	m0397	26.8	3.46e-07	47
m0146	m0333	24.0	4.52e-07	47
m0146	m0161	21.6	5e-06	44
m0146	m0188	28.0	1.11e-05	42
m0146	m0335	25.5	1.45e-05	42
m0146	m0239	23.4	1.45e-05	42
m0146	m0147	27.6	9.43e-05	39
m0146	m0177	22.2	0.000123	39
m0146	m0201	23.2	0.000161	39
m0146	m0406	26.0	0.000161	39
m0146	m0327	25.9	0.000161	39
m0146	m0372	25.9	0.000274	38
m0146	m0328	30.1	0.000274	38
m0146	m0296	25.6	0.000358	37
m0146	m0371	31.6	0.000468	37
m0146	m0330	21.3	0.000468	37
m0146	m0337	23.0	0.000611	37
m0146	m0375	25.3	0.000611	37
m0146	m0217	23.9	0.00104	36
m0146	m0365	23.6	0.00136	35
m0146	m0181	23.0	0.00136	35
m0146	m0370	25.6	0.00178	35
m0146	m0283	23.0	0.00178	35
m0146	m0247	24.1	0.00178	35
m0146	m0278	22.4	0.00232	35
m0146	m0345	23.4	0.00303	34
m0146	m0256	23.4	0.00303	34
m0146	m0147	30.1	0.00303	34
m0146	m0243	35.0	0.00303	34
m0146	m0230	22.9	0.00517	33
m0146	m0348	25.3	0.00676	33
m0146	m0343	29.8	0.00676	33
m0146	m0190	25.2	0.00676	33
m0146	m0218	23.4	0.00676	33
m0146	m0398	25.2	0.00676	33
m0146	m0354	19.9	0.00676	33
m0146	m0342	25.3	0.00883	33
m0146	m0342	21.9	0.00883	33
m0146	m0295	23.5	0.00883	33
m0146	m0291	21.9	0.00883	33
m0146	m0219	24.9	0.00883	33
m0146	m0149	30.6	0.00883	33
m0146	m0378	23.5	0.0115	32
m0146	m0160	23.4	0.0115	32
m0146	m0363	22.9	0.0151	32
m0146	m0208	22.7	0.0151	32
m0146	m0216	23.0	0.0151	32
m0146	m0274	23.7	0.0151	32
m0146	m0314	24.8	0.0197	32
m0146	m0207	27.8	0.0197	32
m0146	m0332	22.8	0.0197	32
m0146	m0388	23.3	0.0257	31
m0146	m0261	31.6	0.0257	31
m0146	m0385	23.5	0.0335	31
m0146	m0403	23.5	0.0438	30
m0146	m0400	22.8	0.0438	30
m0146	m0250	20.7	0.0438	30
m0146	m0393	23.2	0.0438	30
m0146	m0179	23.7	0.0438	30
m0146	m0305	27.4	0.0438	30
m0146	m0393	25.3	0.0438	30
m0146	m0319	21.6	0.0572	30
m0146	m0399	32.8	0.0747	30
m0146	m0400	22.6	0.0747	30
m0146	m0264	25.8	0.0976	29
m0146	m0176	24.5	0.0976	29
m0146	m0280	23.6	0.0976	29
m0146	m0186	32.1	0.127	29
m0146	m0282	28.6	0.127	29
m0146	m0164	23.4	0.166	28
m0146	m0186	21.5	0.166	28
m0146	m0200	26.5	0.166	28
m0146	m0261	21.5	0.166	28
m0146	m0341	22.6	0.284	28
m0146	m0188	25.0	0.371	27
m0146	m0338	25.0	0.371	27
m0146	m0186	26.7	0.484	27
m0146	m0303	23.3	0.633	27
m0146	m0158	22.7	0.826	26
m0146	m0172	29.2	0.826	26
m0146	m0340	42.1	0.826	26
m0146	m0185	20.5	0.826	26
m0146	m0318	47.1	0.826	26
m0146	m0331	22.9	0.826	26
m0146	m0319	26.0	1.08	26
m0146	m0234	25.0	1.08	26
m0146	m0309	27.9	1.41	25
m0146	m0166	27.9	1.41	25
m0146	m0292	23.1	1.84	25
m0146	m0162	23.2	1.84	25
m0146	m0254	22.2	1.84	25
m0146	m0295	23.9	2.4	25
m0146	m0349	24.8	2.4	25
m0146	m0243	23.8	3.14	24
m0146	m0156	27.9	4.1	24
m0146	m0251	21.2	5.36	23
m0146	m0185	32.3	6.99	23
m0146	m0376	40.0	6.99	23
m0146	m0405	40.0	9.13	23
m0147	m0247	69.1	6.44e-115	405
m0147	m0266	64.2	1.54e-100	357
m0147	m0385	56.1	5.47e-98	349
m0147	m0354	62.1	7.15e-98	349
m0147	m0356	59.1	1.03e-88	318
m0147	m0382	54.9	9.69e-87	312
m0147	m0383	52.9	1.27e-86	311
m0147	m0178	50.8	4.81e-86	309
m0147	m0187	50.5	2.39e-85	307
m0147	m0351	53.1	9.07e-85	305
m0147	m0251	55.5	1.18e-84	305
m0147	m0170	51.4	1.18e-84	305
m0147	m0312	54.5	2.64e-84	304
m0147	m0197	50.5	2.64e-84	304
m0147	m0311	53.5	3.45e-84	303
m0147	m0194	59.4	4.5e-84	303
m0147	m0410	52.1	5.88e-84	302
m0147	m0292	49.5	5.5e-82	296
m0147	m0402	53.8	2.09e-81	294
m0147	m0249	51.9	4.66e-81	293
m0147	m0306	52.3	6.08e-81	292
m0147	m0179	51.7	1.27e-78	285
m0147	m0273	48.5	2.16e-78	284
m0147	m0235	46.7	2.16e-78	284
m0147	m0380	51.6	6.29e-78	282
m0147	m0234	47.4	2.39e-77	280
m0147	m0196	46.7	4.08e-77	280
m0147	m0232	47.3	6.96e-77	279
m0147	m0328	51.1	2.02e-76	277
m0147	m0336	50.5	4.22e-74	270
m0147	m0171	51.7	4.22e-74	270
m0147	m0331	49.1	5.51e-74	269
m0147	m0341	51.0	7.2e-74	269
m0147	m0314	45.3	9.4e-74	268
m0147	m0309	49.5	1.6e-73	268
m0147	m0190	50.0	1.6e-73	268
m0147	m0264	49.6	6.1e-73	266
m0147	m0158	45.8	5.16e-72	263
m0147	m0299	48.7	8.8e-72	262
m0147	m0377	49.6	8.8e-72	262
m0147	m0390	46.0	8.8e-72	262
m0147	m0169	48.2	3.34e-71	260
m0147	m0398	48.1	7.45e-71	259
m0147	m0394	46.0	1.27e-70	258
m0147	m0316	48.3	6.31e-70	256
m0147	m0233	45.2	3.13e-69	253
m0147	m0388	47.6	2.93e-67	247
m0147	m0236	45.5	6.53e-67	246
m0147	m0305	44.0	1.61e-65	241
m0147	m0237	46.7	1.61e-65	241
m0147	m0368	43.3	2.74e-65	240
m0147	m0200	43.9	4.68e-65	240
m0147	m0372	46.0	6.11e-65	239
m0147	m0371	35.2	1.04e-64	238
m0147	m0152	45.0	1.5e-63	235
m0147	m0343	45.9	4.38e-63	233
m0147	m0294	44.8	4.38e-63	233
m0147	m0364	43.5	5.72e-63	233
m0147	m0334	49.0	1.66e-62	231
m0147	m0195	43.8	1.66e-62	231
m0147	m0274	44.1	4.84e-62	230
m0147	m0365	41.6	1.41e-61	228
m0147	m0283	42.6	2.94e-59	220
m0147	m0256	42.3	5.01e-59	220
m0147	m0168	39.9	5.01e-59	220
m0147	m0208	43.6	5.01e-59	220
m0147	m0245	44.3	8.54e-59	219
m0147	m0370	44.5	1.46e-58	218
m0147	m0230	42.6	2.49e-58	217
m0147	m0278	40.3	3.25e-58	217
m0147	m0218	43.7	9.45e-58	215
m0147	m0160	42.6	9.45e-58	215
m0147	m0342	43.7	9.45e-58	215
m0147	m0393	44.4	1.61e-57	215
m0147	m0378	43.4	2.1e-57	214
m0147	m0332	39.6	2.75e-57	214
m0147	m0345	43.0	3.59e-57	213
m0147	m0254	42.3	6.12e-57	213
m0147	m0400	43.7	6.12e-57	213
m0147	m0337	39.7	8e-57	212
m0147	m0321	41.9	8e-57	212
m0147	m0181	43.7	1.04e-56	212
m0147	m0363	41.3	1.04e-56	212
m0147	m0217	40.6	1.78e-56	211
m0147	m0164	40.1	3.04e-56	210
m0147	m0348	42.7	3.97e-56	210
m0147	m0296	43.1	3.97e-56	210
m0147	m0185	43.3	1.15e-55	208
m0147	m0323	41.6	1.15e-55	208
m0147	m0240	42.2	1.15e-55	208
m0147	m0282	41.8	1.51e-55	208
m0147	m0166	42.6	1.97e-55	208
m0147	m0201	40.3	1.97e-55	208
m0147	m0284	45.7	1.97e-55	208
m0147	m0269	39.9	7.49e-55	206
m0147	m0261	41.5	1.67e-54	205
m0147	m0330	40.4	2.18e-54	204
m0147	m0165	42.9	3.71e-54	203
m0147	m0161	38.0	4.85e-54	203
m0147	m0408	40.1	8.28e-54	202
m0147	m0157	37.9	1.08e-53	202
m0147	m0229	40.8	1.08e-53	202
m0147	m0319	42.4	1.84e-53	201
m0147	m0338	39.6	1.84e-53	201
m0147	m0406	41.5	1.84e-53	201
m0147	m0177	40.8	2.41e-53	201
m0147	m0295	41.5	2.41e-53	201
m0147	m0186	41.9	4.11e-53	200
m0147	m0335	41.7	5.36e-53	200
m0147	m0162	39.7	7.01e-53	199
m0147	m0175	41.2	2.04e-52	198
m0147	m0172	39.5	2.66e-52	197
m0147	m0173	41.6	2.66e-52	197
m0147	m0397	38.5	2.66e-52	197
m0147	m0327	41.0	2.66e-52	197
m0147	m0176	36.6	5.93e-52	196
m0147	m0219	43.1	7.75e-52	196
m0147	m0250	41.5	1.73e-51	195
m0147	m0317	38.4	1.73e-51	195
m0147	m0286	43.2	3.84e-51	193
m0147	m0191	41.0	3.84e-51	193
m0147	m0405	38.6	3.84e-51	193
m0147	m0349	39.6	5.02e-51	193
m0147	m0246	40.7	5.02e-51	193
m0147	m0369	41.5	5.02e-51	193
m0147	m0216	41.3	5.02e-51	193
m0147	m0239	40.7	8.56e-51	192
m0147	m0207	40.1	1.12e-50	192
m0147	m0387	41.7	1.91e-50	191
m0147	m0275	41.5	1.62e-49	188
m0147	m0280	39.6	2.76e-49	187
m0147	m0297	41.3	1.05e-48	185
m0147	m0212	40.4	1.51e-47	181
m0147	m0289	33.2	2.26e-35	141
m0147	m0163	32.4	1.37e-32	132
m0147	m0293	27.3	2.35e-24	104
m0147	m0359	25.8	1.09e-21	96
m0147	m0188	27.6	4.74e-17	80
m0147	m0231	25.5	1.8e-16	78
m0147	m0268	31.5	4.02e-16	77
m0147	m0276	23.5	7.84e-12	63
m0147	m0279	24.9	8.66e-11	59
m0147	m0221	33.0	8.11e-09	53
m0147	m0396	26.2	1.17e-07	49
m0147	m0376	30.4	1.87e-05	42
m0147	m0267	22.0	0.00027	38
m0147	m0409	25.7	0.00134	35
m0147	m0330	24.8	0.00134	35
m0147	m0220	21.8	0.00175	35
m0147	m0340	23.0	0.00868	33
m0147	m0180	22.7	0.0113	32
m0147	m0149	26.7	0.0253	31
m0147	m0282	27.1	0.0563	30
m0147	m0221	25.0	0.0563	30
m0147	m0155	28.6	0.164	28
m0147	m0172	29.4	0.214	28
m0147	m0399	25.4	0.477	27
m0147	m0198	25.0	0.622	27
m0147	m0339	25.0	1.39	25
m0147	m0367	41.2	2.37	25
m0147	m0151	36.6	8.99	23
m0148	m0153	34.9	8.38e-40	156
m0148	m0272	30.9	7.85e-38	149
m0148	m0302	35.4	1.64e-35	142
m0148	m0325	28.4	1.3e-32	132
m0148	m0226	27.5	8.69e-29	119
m0148	m0346	28.8	1.48e-28	119
m0148	m0265	32.9	1.39e-26	112
m0148	m0242	32.3	1.18e-25	109
m0148	m0362	38.5	1.7e-24	105
m0148	m0192	35.4	1.1e-23	102
m0148	m0346	34.4	3.2e-23	101
m0148	m0203	26.5	6.46e-16	77
m0148	m0358	32.0	3.21e-15	74
m0148	m0302	38.8	3.32e-12	64
m0148	m0362	24.0	7.65e-09	53
m0148	m0153	27.6	3.8e-08	51
m0148	m0265	28.2	7.92e-06	43
m0148	m0242	40.9	0.000435	37
m0148	m0203	44.8	1.71	25
m0148	m0238	34.2	2.91	25
m0148	m0403	27.2	3.81	24
m0149	m0318	25.8	5.07e-15	74
m0149	m0243	23.3	5.8e-11	60
m0149	m0375	22.7	3.64e-05	41
m0149	m0247	25.7	0.00117	36
m0149	m0333	22.4	0.00261	35
m0149	m0243	22.2	0.00261	35
m0149	m0335	25.1	0.00341	35
m0149	m0207	20.7	0.00445	34
m0149	m0343	23.7	0.00759	33
m0149	m0327	22.6	0.0169	32
m0149	m0342	25.8	0.0221	32
m0149	m0345	27.7	0.0288	32
m0149	m0406	22.2	0.0377	31
m0149	m0409	25.7	0.0377	31
m0149	m0256	27.7	0.0377	31
m0149	m0217	27.1	0.0492	31
m0149	m0261	28.2	0.11	30
m0149	m0243	34.8	0.11	30
m0149	m0186	28.2	0.11	30
m0149	m0319	27.6	0.143	29
m0149	m0208	26.4	0.244	28
m0149	m0160	27.0	0.319	28
m0149	m0400	28.6	0.416	28
m0149	m0163	27.4	0.416	28
m0149	m0369	27.3	0.416	28
m0149	m0363	23.2	0.544	27
m0149	m0218	26.3	0.544	27
m0149	m0230	23.8	0.71	27
m0149	m0393	25.5	0.71	27
m0149	m0181	23.9	0.928	27
m0149	m0185	29.3	0.928	27
m0149	m0164	25.7	0.928	27
m0149	m0352	25.9	1.21	26
m0149	m0398	23.5	1.21	26
m0149	m0372	24.6	1.58	26
m0149	m0293	26.9	2.7	25
m0149	m0359	60.0	3.53	25
m0149	m0245	26.4	4.6	24
m0149	m0302	33.3	6.01	24
m0149	m0317	25.5	7.85	23
m0149	m0340	30.5	7.85	23
m0149	m0365	20.0	7.85	23
m0150	m0151	43.4	6.82e-62	229
m0150	m0352	30.0	1.64e-23	101
m0150	m0399	33.0	6.48e-12	63
m0150	m0360	29.5	1.65e-07	48
m0150	m0290	31.4	3.68e-07	47
m0150	m0411	24.4	2.38e-06	44
m0150	m0227	23.1	4.49e-05	40
m0150	m0391	24.4	0.0001	39
m0150	m0210	26.7	0.00937	32
m0150	m0280	31.0	1.5	25
m0150	m0152	27.7	1.95	25
m0150	m0362	31.0	2.55	24
m0150	m0293	37.5	2.55	24
m0150	m0210	39.3	4.35	23
m0150	m0211	46.2	7.43	23
m0150	m0357	29.4	9.7	22
m0151	m0352	32.5	1.21e-25	108
m0151	m0399	37.3	3.79e-11	60
m0151	m0290	32.5	3.55e-09	54
m0151	m0227	26.6	1.03e-08	52
m0151	m0291	30.8	5.12e-08	50
m0151	m0391	24.6	3.67e-06	44
m0151	m0210	27.5	1.4e-05	42
m0151	m0411	27.0	2.38e-05	41
m0151	m0360	23.2	5.3e-05	40
m0151	m0409	23.4	0.00131	35
m0151	m0385	22.9	0.0038	33
m0151	m0237	26.6	0.00847	32
m0151	m0388	24.2	0.0189	31
m0151	m0341	21.9	0.042	30
m0151	m0261	23.2	0.042	30
m0151	m0186	23.2	0.042	30
m0151	m0185	33.3	0.0549	30
m0151	m0162	23.3	0.0717	29
m0151	m0314	24.7	0.272	27
m0151	m0256	38.0	0.272	27
m0151	m0239	26.1	0.356	27
m0151	m0402	27.9	0.356	27
m0151	m0332	56.5	0.356	27
m0151	m0217	56.5	0.356	27
m0151	m0345	56.5	0.356	27
m0151	m0378	56.5	0.356	27
m0151	m0363	52.2	0.465	27
m0151	m0160	40.0	0.465	27
m0151	m0390	26.1	0.607	26
m0151	m0342	59.1	0.607	26
m0151	m0319	23.3	0.607	26
m0151	m0327	46.3	0.607	26
m0151	m0372	29.9	0.607	26
m0151	m0335	46.3	0.792	26
m0151	m0331	27.7	0.792	26
m0151	m0348	38.0	0.792	26
m0151	m0218	52.2	0.792	26
m0151	m0269	60.9	0.792	26
m0151	m0181	56.5	0.792	26
m0151	m0208	38.0	0.792	26
m0151	m0173	33.3	0.792	26
m0151	m0296	30.5	0.792	26
m0151	m0393	52.2	0.792	26
m0151	m0297	60.9	1.03	25
m0151	m0400	52.2	1.03	25
m0151	m0330	56.5	1.03	25
m0151	m0247	25.2	1.35	25
m0151	m0236	32.7	1.35	25
m0151	m0230	54.5	1.35	25
m0151	m0316	28.7	1.77	25
m0151	m0299	36.8	1.77	25
m0151	m0337	31.1	2.31	24
m0151	m0177	56.5	2.31	24
m0151	m0398	62.5	2.31	24
m0151	m0406	52.2	2.31	24
m0151	m0323	56.5	2.31	24
m0151	m0321	45.7	2.31	24
m0151	m0370	41.9	3.01	24
m0151	m0283	41.9	3.01	24
m0151	m0157	56.5	3.01	24
m0151	m0226	37.1	3.01	24
m0151	m0295	52.2	3.93	23
m0151	m0330	42.3	5.14	23
m0151	m0278	50.0	5.14	23
m0151	m0304	34.1	6.71	23
m0151	m0399	34.2	6.71	23
m0151	m0294	44.4	8.76	22
m0152	m0254	77.9	6.39e-130	455
m0152	m0249	55.9	5.28e-92	329
m0152	m0299	55.6	2.22e-90	323
m0152	m0316	55.1	4.95e-90	322
m0152	m0234	54.3	7.14e-89	318
m0152	m0331	56.2	9.33e-89	318
m0152	m0402	54.2	2.08e-88	317
m0152	m0390	53.2	6.05e-88	315
m0152	m0171	55.5	7.9e-88	315
m0152	m0388	54.5	5.12e-87	312
m0152	m0382	54.8	2.54e-86	310
m0152	m0196	54.3	9.65e-86	308
m0152	m0377	53.1	8.17e-85	305
m0152	m0336	54.9	1.39e-84	304
m0152	m0236	52.1	5.3e-84	302
m0152	m0237	51.9	2.01e-83	300
m0152	m0232	52.4	7.65e-83	298
m0152	m0306	51.6	1.1e-81	294
m0152	m0235	51.9	1.44e-81	294
m0152	m0372	52.6	4.2e-81	292
m0152	m0264	50.0	7.16e-81	292
m0152	m0314	50.9	1.59e-80	290
m0152	m0273	49.8	2.08e-80	290
m0152	m0380	49.7	1.76e-79	287
m0152	m0190	52.9	6.7e-79	285
m0152	m0309	49.8	7.41e-78	282
m0152	m0394	50.5	2.82e-77	280
m0152	m0169	48.6	8.19e-77	278
m0152	m0195	48.2	2.02e-75	273
m0152	m0328	50.6	4.49e-75	272
m0152	m0343	47.8	2.91e-74	270
m0152	m0158	50.9	1.11e-73	268
m0152	m0305	46.0	1.15e-70	258
m0152	m0364	47.7	5.69e-70	255
m0152	m0294	45.7	2.82e-69	253
m0152	m0247	47.3	3.69e-69	253
m0152	m0398	47.1	1.07e-68	251
m0152	m0365	48.3	1.4e-68	251
m0152	m0408	45.0	1.83e-68	250
m0152	m0173	46.3	2.02e-67	247
m0152	m0165	45.7	2.02e-67	247
m0152	m0200	43.1	1.11e-65	241
m0152	m0351	45.3	1.89e-65	240
m0152	m0341	44.4	3.23e-65	240
m0152	m0274	46.3	1.6e-64	237
m0152	m0233	42.0	7.95e-64	235
m0152	m0251	45.6	6.73e-63	232
m0152	m0383	42.8	6.73e-63	232
m0152	m0208	45.0	1.5e-62	231
m0152	m0292	47.7	1.96e-62	230
m0152	m0400	45.4	7.44e-62	228
m0152	m0230	43.9	9.72e-62	228
m0152	m0311	44.3	9.72e-62	228
m0152	m0363	44.6	1.27e-61	228
m0152	m0250	44.5	1.66e-61	227
m0152	m0217	43.9	2.83e-61	226
m0152	m0295	42.3	6.3e-61	225
m0152	m0354	44.5	6.3e-61	225
m0152	m0240	43.7	6.3e-61	225
m0152	m0321	43.6	8.23e-61	225
m0152	m0191	45.1	1.07e-60	225
m0152	m0185	42.3	1.4e-60	224
m0152	m0269	43.6	1.83e-60	224
m0152	m0177	43.6	1.83e-60	224
m0152	m0179	42.8	1.83e-60	224
m0152	m0166	43.4	2.39e-60	223
m0152	m0332	42.5	3.13e-60	223
m0152	m0338	42.6	4.08e-60	223
m0152	m0330	44.0	4.08e-60	223
m0152	m0280	42.9	4.08e-60	223
m0152	m0349	43.6	5.33e-60	222
m0152	m0296	44.6	6.97e-60	222
m0152	m0256	42.8	6.97e-60	222
m0152	m0406	40.5	9.1e-60	221
m0152	m0348	43.6	9.1e-60	221
m0152	m0312	44.5	9.1e-60	221
m0152	m0393	44.1	1.19e-59	221
m0152	m0266	42.1	1.55e-59	221
m0152	m0212	42.2	2.03e-59	220
m0152	m0378	42.3	2.03e-59	220
m0152	m0218	43.0	2.65e-59	220
m0152	m0342	42.9	2.65e-59	220
m0152	m0323	40.6	2.65e-59	220
m0152	m0164	43.3	3.46e-59	220
m0152	m0172	43.4	5.9e-59	219
m0152	m0160	41.9	7.7e-59	218
m0152	m0345	41.8	1.01e-58	218
m0152	m0286	41.5	1.01e-58	218
m0152	m0176	43.2	1.01e-58	218
m0152	m0282	44.0	1.31e-58	218
m0152	m0410	43.8	1.72e-58	217
m0152	m0327	43.3	2.93e-58	216
m0152	m0368	41.5	4.99e-58	216
m0152	m0245	42.1	6.52e-58	215
m0152	m0261	44.3	1.45e-57	214
m0152	m0356	41.3	1.9e-57	214
m0152	m0335	41.9	2.48e-57	213
m0152	m0181	41.8	3.24e-57	213
m0152	m0397	42.6	4.23e-57	213
m0152	m0162	39.9	5.52e-57	212
m0152	m0157	41.0	5.52e-57	212
m0152	m0178	40.3	9.41e-57	211
m0152	m0239	44.8	1.23e-56	211
m0152	m0283	44.3	1.61e-56	211
m0152	m0187	40.7	2.74e-56	210
m0152	m0186	43.2	4.67e-56	209
m0152	m0246	41.2	6.1e-56	209
m0152	m0216	40.8	6.1e-56	209
m0152	m0278	43.7	1.04e-55	208
m0152	m0317	42.4	1.36e-55	208
m0152	m0161	43.4	2.32e-55	207
m0152	m0170	39.6	5.17e-55	206
m0152	m0370	41.9	6.75e-55	205
m0152	m0405	40.9	8.81e-55	205
m0152	m0194	41.8	1.15e-54	205
m0152	m0197	38.5	1.5e-54	204
m0152	m0387	39.2	1.96e-54	204
m0152	m0201	41.0	2.56e-54	203
m0152	m0229	42.6	3.7e-53	200
m0152	m0385	38.4	3.7e-53	200
m0152	m0297	40.8	1.08e-52	198
m0152	m0337	41.6	1.08e-52	198
m0152	m0334	44.2	1.84e-52	197
m0152	m0219	44.8	4.09e-52	196
m0152	m0175	38.0	1.56e-51	194
m0152	m0319	40.4	3.47e-51	193
m0152	m0207	37.5	7.99e-48	182
m0152	m0168	37.6	1.41e-44	171
m0152	m0284	40.3	7.74e-43	165
m0152	m0371	35.8	9.46e-41	158
m0152	m0369	33.7	1.08e-36	145
m0152	m0275	34.0	3.15e-36	143
m0152	m0289	29.7	5.75e-30	122
m0152	m0163	27.8	6.81e-23	99
m0152	m0188	27.9	2.19e-21	94
m0152	m0293	25.3	9.2e-20	89
m0152	m0359	25.2	1.13e-17	82
m0152	m0231	22.5	6.17e-16	76
m0152	m0268	25.3	9.86e-14	69
m0152	m0276	23.1	1.29e-13	68
m0152	m0279	28.5	1.29e-13	68
m0152	m0396	24.5	1.2e-11	62
m0152	m0307	23.2	3.51e-11	60
m0152	m0267	23.4	3.88e-10	57
m0152	m0221	23.8	8.08e-08	49
m0152	m0221	30.4	3.07e-07	47
m0152	m0409	28.4	6.84e-07	46
m0152	m0376	28.7	1.52e-06	45
m0152	m0340	26.6	9.88e-06	42
m0152	m0339	29.0	3.75e-05	40
m0152	m0220	25.9	0.000109	39
m0152	m0180	29.2	0.000925	35
m0152	m0399	26.6	0.00599	33
m0152	m0322	27.6	0.0134	32
m0152	m0155	27.1	0.0174	31
m0152	m0403	47.4	0.0388	30
m0152	m0318	23.4	0.113	28
m0152	m0220	34.8	0.193	28
m0152	m0367	38.2	0.193	28
m0152	m0301	31.9	1.25	25
m0152	m0411	24.1	2.78	24
m0152	m0180	25.0	4.75	23
m0152	m0375	40.0	8.1	22
m0153	m0192	35.5	3.04e-65	240
m0153	m0272	34.9	4.11e-62	230
m0153	m0302	30.9	8.01e-58	216
m0153	m0346	30.9	1.56e-53	201
m0153	m0325	34.8	2.67e-53	201
m0153	m0265	32.2	7.76e-53	199
m0153	m0362	31.5	3.61e-50	190
m0153	m0242	38.6	5.04e-44	170
m0153	m0226	39.9	1.02e-36	146
m0153	m0203	30.8	3.63e-26	111
m0153	m0358	28.0	7.59e-16	76
m0153	m0226	38.3	3.77e-15	74
m0153	m0242	30.7	4.46e-08	50
m0153	m0335	25.9	1.18	26
m0153	m0352	24.2	3.42	24
m0153	m0399	25.0	5.84	23
m0153	m0236	27.2	7.62	23
m0153	m0357	52.2	9.96	23
m0153	m0381	35.0	9.96	23
m0154	m0320	50.2	3.37e-76	276
m0154	m0277	49.5	2.67e-73	267
m0154	m0193	48.4	6.57e-72	262
m0154	m0386	45.0	7.78e-65	238
m0154	m0248	42.4	1.12e-63	235
m0154	m0315	44.2	4.27e-63	233
m0154	m0288	43.5	5.57e-63	232
m0154	m0211	45.5	1.62e-62	231
m0154	m0389	44.4	1.98e-60	224
m0154	m0404	48.0	1.29e-59	221
m0154	m0253	41.9	1.2e-57	215
m0154	m0167	44.0	5.97e-57	212
m0154	m0228	41.9	5.97e-57	212
m0154	m0189	42.6	8.62e-56	208
m0154	m0412	42.1	8.62e-56	208
m0154	m0357	42.0	6.39e-51	192
m0154	m0182	35.5	1.47e-47	181
m0154	m0224	37.1	1.06e-45	175
m0154	m0258	37.9	2.06e-41	161
m0154	m0361	33.8	8.66e-40	155
m0154	m0384	35.2	1.63e-38	151
m0154	m0353	48.4	4.92e-35	139
m0154	m0285	43.1	8.39e-35	139
m0154	m0223	36.0	4.16e-34	136
m0154	m0379	34.4	1.25e-30	125
m0154	m0174	33.0	4.03e-29	120
m0154	m0244	32.2	2.61e-28	117
m0154	m0270	30.3	1.59e-25	108
m0154	m0209	28.7	2.07e-25	107
m0154	m0222	29.8	4.61e-25	106
m0154	m0353	45.3	1.82e-13	68
m0154	m0285	39.8	4.05e-13	67
m0154	m0362	23.2	3.93	23
m0154	m0161	26.5	3.93	23
m0154	m0391	72.7	6.71	23
m0154	m0377	30.4	8.76	22
m0155	m0271	27.3	5.04e-07	46
m0155	m0183	25.3	1.47e-06	45
m0155	m0344	26.9	0.000105	39
m0155	m0403	37.5	0.000234	37
m0155	m0316	27.3	0.00442	33
m0155	m0328	35.7	0.00577	33
m0155	m0284	29.5	0.00577	33
m0155	m0314	34.0	0.00577	33
m0155	m0334	35.7	0.00577	33
m0155	m0340	37.5	0.00753	32
m0155	m0179	23.2	0.0129	32
m0155	m0306	30.4	0.0168	31
m0155	m0331	29.7	0.0219	31
m0155	m0170	33.3	0.0286	30
m0155	m0410	34.0	0.0286	30
m0155	m0291	34.0	0.0374	30
m0155	m0394	33.3	0.0374	30
m0155	m0309	36.4	0.0374	30
m0155	m0207	33.3	0.0488	30
m0155	m0299	29.2	0.0488	30
m0155	m0311	31.3	0.0638	29
m0155	m0196	31.0	0.0638	29
m0155	m0171	31.0	0.0638	29
m0155	m0214	32.2	0.0638	29
m0155	m0273	31.0	0.0638	29
m0155	m0294	26.0	0.0638	29
m0155	m0234	20.5	0.0833	29
m0155	m0409	27.7	0.0833	29
m0155	m0190	31.0	0.109	28
m0155	m0178	31.0	0.109	28
m0155	m0251	26.2	0.109	28
m0155	m0235	31.0	0.109	28
m0155	m0187	31.0	0.142	28
m0155	m0377	27.8	0.142	28
m0155	m0221	25.8	0.142	28
m0155	m0232	28.6	0.142	28
m0155	m0356	28.6	0.186	28
m0155	m0368	31.0	0.242	27
m0155	m0197	33.3	0.242	27
m0155	m0162	28.6	0.921	25
m0155	m0383	29.9	0.921	25
m0155	m0351	33.3	1.57	25
m0155	m0200	28.6	3.5	23
m0155	m0399	45.2	5.97	23
m0155	m0266	25.5	7.8	22
m0156	m0242	23.3	0.183	28
m0156	m0407	24.5	0.239	28
m0156	m0173	24.6	0.407	27
m0156	m0302	29.8	0.907	26
m0156	m0237	22.5	0.907	26
m0156	m0198	18.8	2.02	25
m0156	m0256	47.8	5.88	23
m0156	m0371	52.0	7.68	23
m0156	m0286	28.0	7.68	23
m0157	m0246	74.6	3.61e-185	639
m0157	m0181	74.1	1.24e-177	614
m0157	m0175	70.5	1.16e-175	607
m0157	m0295	67.5	3.17e-173	599
m0157	m0240	70.0	1.2e-172	597
m0157	m0278	58.8	1.1e-141	494
m0157	m0337	57.3	6.66e-139	485
m0157	m0283	58.3	3.31e-138	483
m0157	m0208	53.0	7.13e-133	465
m0157	m0319	57.3	4.62e-132	462
m0157	m0406	75.1	3.91e-131	459
m0157	m0177	57.3	3.91e-131	459
m0157	m0160	52.1	5.11e-131	459
m0157	m0349	55.8	2.54e-130	456
m0157	m0378	52.6	5.65e-130	455
m0157	m0345	51.5	1.26e-129	454
m0157	m0348	51.7	2.15e-129	453
m0157	m0218	52.0	3.66e-129	453
m0157	m0256	52.1	4.79e-129	452
m0157	m0191	70.3	1.39e-128	451
m0157	m0330	57.2	1.44e-125	441
m0157	m0363	50.9	2.46e-125	440
m0157	m0166	69.0	5.48e-125	439
m0157	m0282	59.0	2.08e-124	437
m0157	m0164	51.0	4.64e-124	436
m0157	m0393	51.2	6.05e-124	435
m0157	m0217	53.5	1.35e-123	434
m0157	m0172	58.2	8.74e-123	431
m0157	m0230	50.7	1.07e-120	424
m0157	m0161	50.8	5.3e-120	422
m0157	m0229	51.0	4.96e-118	416
m0157	m0219	53.3	1.11e-117	414
m0157	m0201	49.0	3.56e-116	409
m0157	m0397	48.9	2.55e-114	403
m0157	m0332	47.9	4.35e-114	403
m0157	m0342	49.5	1.4e-112	398
m0157	m0400	50.7	1.55e-111	394
m0157	m0250	52.0	1.11e-109	388
m0157	m0176	50.5	7.18e-109	385
m0157	m0335	61.5	6.08e-108	382
m0157	m0321	49.3	1.35e-107	381
m0157	m0261	67.6	3.02e-107	380
m0157	m0370	66.4	3.02e-107	380
m0157	m0230	61.8	5.69e-106	376
m0157	m0393	61.1	7.43e-106	375
m0157	m0327	59.0	1.66e-105	374
m0157	m0186	67.4	1.4e-104	371
m0157	m0164	61.0	1.55e-103	367
m0157	m0296	61.8	3.82e-102	363
m0157	m0280	64.8	4.99e-102	362
m0157	m0239	57.5	3.23e-101	360
m0157	m0216	58.3	3.7e-97	346
m0157	m0323	59.1	1.84e-96	344
m0157	m0207	56.4	4.09e-96	343
m0157	m0405	52.5	6.98e-96	342
m0157	m0269	59.3	1.11e-93	335
m0157	m0338	58.8	2.1e-92	330
m0157	m0297	47.6	1.15e-90	325
m0157	m0185	47.3	2.57e-90	324
m0157	m0317	42.6	4.53e-87	313
m0157	m0331	54.1	2.18e-81	294
m0157	m0402	52.0	3.72e-81	293
m0157	m0299	52.3	1.56e-79	288
m0157	m0232	50.8	7.75e-79	285
m0157	m0237	51.2	7.25e-77	279
m0157	m0235	48.7	9.47e-77	278
m0157	m0390	52.6	1.24e-76	278
m0157	m0316	51.9	1.24e-76	278
m0157	m0169	51.0	6.14e-76	276
m0157	m0380	51.4	1.05e-75	275
m0157	m0273	48.8	1.51e-74	271
m0157	m0306	50.8	3.37e-74	270
m0157	m0158	51.2	4.4e-74	270
m0157	m0236	48.2	4.4e-74	270
m0157	m0196	47.6	7.5e-74	269
m0157	m0394	48.5	1.85e-72	264
m0157	m0249	49.0	1.85e-72	264
m0157	m0377	47.5	1.01e-70	258
m0157	m0233	47.9	1.73e-70	258
m0157	m0336	51.4	2.95e-70	257
m0157	m0309	49.5	2.95e-70	257
m0157	m0388	49.0	5.03e-70	256
m0157	m0171	47.6	2.5e-69	254
m0157	m0368	49.3	5.57e-69	253
m0157	m0234	45.7	2.11e-68	251
m0157	m0264	44.5	3.61e-68	250
m0157	m0314	49.3	3.61e-68	250
m0157	m0305	46.0	2.34e-67	247
m0157	m0200	45.3	3.05e-67	247
m0157	m0274	46.7	4.88e-65	240
m0157	m0294	48.0	1.85e-64	238
m0157	m0365	45.7	1.57e-63	235
m0157	m0398	48.1	1.57e-63	235
m0157	m0190	48.9	3.49e-63	233
m0157	m0195	45.3	5.96e-63	233
m0157	m0343	46.5	7.78e-63	232
m0157	m0372	45.9	5.05e-62	230
m0157	m0328	46.2	1.24e-60	225
m0157	m0382	46.5	6.17e-60	223
m0157	m0408	43.6	3.06e-59	220
m0157	m0364	43.2	8.34e-57	212
m0157	m0254	42.0	1.86e-56	211
m0157	m0247	42.6	1.02e-54	205
m0157	m0354	40.5	2.77e-52	197
m0157	m0334	40.6	8.93e-51	192
m0157	m0266	40.7	5.79e-50	190
m0157	m0178	40.3	7.56e-50	189
m0157	m0341	39.9	2.2e-49	188
m0157	m0387	38.3	7.07e-48	183
m0157	m0194	41.4	1.21e-47	182
m0157	m0187	40.0	1.21e-47	182
m0157	m0385	39.7	3.51e-47	180
m0157	m0165	38.5	5.99e-47	179
m0157	m0286	37.6	7.82e-47	179
m0157	m0197	38.3	1.74e-46	178
m0157	m0212	37.3	8.65e-46	176
m0157	m0284	43.5	1.93e-45	174
m0157	m0162	38.2	3.29e-45	174
m0157	m0410	39.6	4.29e-45	173
m0157	m0170	38.0	5.6e-45	173
m0157	m0311	36.7	7.32e-45	173
m0157	m0383	35.9	9.56e-45	172
m0157	m0351	36.4	1.63e-44	171
m0157	m0312	36.8	1.63e-44	171
m0157	m0173	36.6	2.78e-44	171
m0157	m0292	36.0	4.74e-44	170
m0157	m0179	36.7	2.35e-43	168
m0157	m0356	36.4	5.25e-43	166
m0157	m0251	36.6	1.53e-42	165
m0157	m0245	37.0	2.2e-41	161
m0157	m0168	32.3	2.61e-34	138
m0157	m0369	30.2	1.58e-31	128
m0157	m0275	33.2	1.75e-30	125
m0157	m0371	31.3	8.69e-30	122
m0157	m0289	32.4	3.42e-26	111
m0157	m0163	30.5	1.87e-24	105
m0157	m0279	28.9	1.54e-18	85
m0157	m0231	29.6	2.45e-16	78
m0157	m0396	33.0	3.2e-16	77
m0157	m0188	25.9	5.47e-16	77
m0157	m0293	26.0	2.3e-14	71
m0157	m0276	27.5	3e-14	71
m0157	m0359	24.9	6.91e-11	60
m0157	m0267	29.1	3.43e-10	57
m0157	m0268	28.8	5.48e-08	50
m0157	m0230	27.6	3.32e-05	41
m0157	m0409	23.1	3.32e-05	41
m0157	m0340	28.9	0.000819	36
m0157	m0221	24.8	0.00182	35
m0157	m0318	23.9	0.00311	34
m0157	m0307	24.0	0.00905	33
m0157	m0321	40.9	0.0118	32
m0157	m0342	38.2	0.0154	32
m0157	m0376	31.2	0.0202	32
m0157	m0180	27.8	0.0766	30
m0157	m0339	28.3	0.0766	30
m0157	m0324	25.7	0.0766	30
m0157	m0393	31.0	0.131	29
m0157	m0199	28.7	0.171	28
m0157	m0333	28.7	0.171	28
m0157	m0206	25.2	0.38	27
m0157	m0164	28.0	1.89	25
m0157	m0257	25.3	7.17	23
m0157	m0322	24.2	7.17	23
m0157	m0191	36.5	7.17	23
m0157	m0386	28.3	7.17	23
m0157	m0367	31.1	9.37	23
m0158	m0200	58.3	4.01e-103	366
m0158	m0390	61.4	6.62e-98	348
m0158	m0365	63.1	3.29e-97	346
m0158	m0196	56.1	2.78e-96	343
m0158	m0249	57.2	1.38e-95	341
m0158	m0380	58.8	1.8e-95	340
m0158	m0306	57.3	3.08e-95	339
m0158	m0232	55.7	3.08e-95	339
m0158	m0299	57.6	3.08e-95	339
m0158	m0368	56.4	7.57e-94	335
m0158	m0235	54.8	1.69e-93	334
m0158	m0273	54.8	1.69e-93	334
m0158	m0402	56.9	1.58e-91	327
m0158	m0316	54.7	1.58e-91	327
m0158	m0236	55.2	3.52e-91	326
m0158	m0169	58.2	1.02e-90	324
m0158	m0237	58.1	1.75e-90	324
m0158	m0394	54.3	3.89e-90	322
m0158	m0336	57.8	1.13e-89	321
m0158	m0331	55.4	1.48e-89	320
m0158	m0234	58.1	7.34e-89	318
m0158	m0233	52.7	2.13e-88	317
m0158	m0388	56.2	4.76e-88	315
m0158	m0309	55.2	4.76e-88	315
m0158	m0171	52.6	8.11e-88	315
m0158	m0264	54.5	2.36e-87	313
m0158	m0343	54.3	3.41e-86	309
m0158	m0377	50.5	2.44e-84	303
m0158	m0190	56.9	9.28e-84	301
m0158	m0294	57.6	1.21e-83	301
m0158	m0398	55.3	1.75e-82	297
m0158	m0305	55.4	1.94e-81	294
m0158	m0314	51.0	9.6e-81	291
m0158	m0372	52.5	8.99e-79	285
m0158	m0335	52.8	5.83e-78	282
m0158	m0328	53.1	7.61e-78	282
m0158	m0349	51.7	1.44e-76	277
m0158	m0230	51.5	3.2e-76	276
m0158	m0195	50.8	4.18e-76	276
m0158	m0283	52.2	1.59e-75	274
m0158	m0400	51.9	3.53e-75	273
m0158	m0217	51.9	3.53e-75	273
m0158	m0208	50.2	1.03e-74	271
m0158	m0363	51.5	1.34e-74	271
m0158	m0296	50.2	1.34e-74	271
m0158	m0269	53.3	1.75e-74	270
m0158	m0378	51.0	2.99e-74	270
m0158	m0261	53.2	3.91e-74	269
m0158	m0330	52.7	5.1e-74	269
m0158	m0342	50.7	6.67e-74	268
m0158	m0382	49.8	6.67e-74	268
m0158	m0397	53.0	6.67e-74	268
m0158	m0218	49.8	6.67e-74	268
m0158	m0282	54.4	8.71e-74	268
m0158	m0332	50.2	1.14e-73	268
m0158	m0364	47.5	1.14e-73	268
m0158	m0166	49.8	1.94e-73	267
m0158	m0338	50.3	1.94e-73	267
m0158	m0295	51.0	2.53e-73	267
m0158	m0185	49.3	2.53e-73	267
m0158	m0256	50.2	4.32e-73	266
m0158	m0278	49.4	4.32e-73	266
m0158	m0345	52.8	4.32e-73	266
m0158	m0161	49.0	1.26e-72	264
m0158	m0186	52.7	1.26e-72	264
m0158	m0327	50.5	1.64e-72	264
m0158	m0164	51.0	1.64e-72	264
m0158	m0406	49.2	2.14e-72	263
m0158	m0321	51.6	2.8e-72	263
m0158	m0247	49.3	3.66e-72	263
m0158	m0393	49.8	4.78e-72	262
m0158	m0191	50.3	4.78e-72	262
m0158	m0177	53.8	6.24e-72	262
m0158	m0323	49.2	1.39e-71	261
m0158	m0240	49.3	1.39e-71	261
m0158	m0250	52.1	1.39e-71	261
m0158	m0297	51.0	2.37e-71	260
m0158	m0370	49.3	5.28e-71	259
m0158	m0160	48.8	6.9e-71	258
m0158	m0181	53.0	6.9e-71	258
m0158	m0201	49.6	6.9e-71	258
m0158	m0176	49.1	6.9e-71	258
m0158	m0216	49.7	1.18e-70	258
m0158	m0239	48.9	1.18e-70	258
m0158	m0348	49.8	2.62e-70	257
m0158	m0337	48.0	4.47e-70	256
m0158	m0254	48.7	4.47e-70	256
m0158	m0317	47.2	9.96e-70	255
m0158	m0319	50.2	2.22e-69	253
m0158	m0274	44.5	4.94e-69	252
m0158	m0251	46.1	7.14e-68	248
m0158	m0405	48.9	9.32e-68	248
m0158	m0219	51.3	1.22e-67	248
m0158	m0229	47.4	1.59e-67	247
m0158	m0172	50.5	3.54e-67	246
m0158	m0280	48.3	7.89e-67	245
m0158	m0246	47.7	3.92e-66	243
m0158	m0351	44.8	6.68e-66	242
m0158	m0194	49.2	2.54e-65	240
m0158	m0175	47.1	4.33e-65	239
m0158	m0312	46.5	6.25e-64	235
m0158	m0408	43.5	2.38e-63	233
m0158	m0354	44.6	2.38e-63	233
m0158	m0292	45.5	4.05e-63	233
m0158	m0311	44.3	6.91e-63	232
m0158	m0341	45.8	9.03e-63	231
m0158	m0266	43.5	1.18e-62	231
m0158	m0385	44.4	4.48e-62	229
m0158	m0334	47.8	9.98e-62	228
m0158	m0179	43.0	1.7e-61	227
m0158	m0187	42.7	2.22e-61	227
m0158	m0178	45.7	2.22e-61	227
m0158	m0162	42.1	2.22e-61	227
m0158	m0207	47.4	2.91e-61	226
m0158	m0170	42.1	2.46e-60	223
m0158	m0356	44.9	1.22e-59	221
m0158	m0197	42.0	1.03e-58	218
m0158	m0410	45.0	1.35e-58	218
m0158	m0284	47.6	9.67e-57	211
m0158	m0383	43.2	1.26e-56	211
m0158	m0165	41.0	8.19e-56	208
m0158	m0173	42.5	1.07e-55	208
m0158	m0212	43.5	4.06e-55	206
m0158	m0245	42.6	6.93e-55	205
m0158	m0387	41.3	2.91e-53	200
m0158	m0286	41.9	4.97e-53	199
m0158	m0168	36.9	5.14e-50	189
m0158	m0371	38.5	2.23e-45	174
m0158	m0275	33.3	1.27e-32	131
m0158	m0369	30.3	3.7e-32	130
m0158	m0289	31.8	3.83e-29	120
m0158	m0163	26.1	3.71e-24	103
m0158	m0293	30.2	3.97e-18	83
m0158	m0359	27.5	1.16e-17	82
m0158	m0276	25.9	2.57e-17	80
m0158	m0188	25.0	6.34e-16	76
m0158	m0231	25.5	1.2e-14	72
m0158	m0279	27.9	8.57e-13	65
m0158	m0396	25.5	2.49e-12	64
m0158	m0268	27.8	3.26e-12	64
m0158	m0267	25.8	1.24e-11	62
m0158	m0409	27.7	1.67e-08	51
m0158	m0307	23.9	2.67e-06	44
m0158	m0399	30.4	0.000191	38
m0158	m0376	32.4	0.00025	37
m0158	m0340	27.6	0.000426	37
m0158	m0376	33.3	0.00276	34
m0158	m0221	26.2	0.00276	34
m0158	m0339	29.5	0.00471	33
m0158	m0221	35.7	0.0105	32
m0158	m0291	28.3	0.0105	32
m0158	m0180	25.2	0.0179	31
m0158	m0324	27.9	0.0521	30
m0158	m0411	24.2	0.0681	29
m0158	m0199	28.3	0.198	28
m0158	m0257	22.1	0.198	28
m0158	m0241	61.5	2.19	24
m0158	m0202	25.9	2.19	24
m0158	m0186	29.5	4.88	23
m0158	m0367	28.7	4.88	23
m0159	m0304	58.7	2.56e-145	506
m0159	m0373	57.7	2.03e-142	497
m0159	m0238	45.7	7.28e-108	382
m0159	m0160	26.0	1.01	26
m0159	m0338	37.5	6.57	23
m0159	m0173	35.4	6.57	23
m0160	m0345	91.4	1.59e-252	862
m0160	m0342	88.5	1.39e-248	849
m0160	m0378	89.2	1.39e-248	849
m0160	m0332	87.8	2.22e-246	842
m0160	m0218	87.4	1.49e-242	829
m0160	m0348	87.1	4.34e-242	828
m0160	m0256	88.3	1.26e-241	826
m0160	m0208	86.1	1.54e-239	819
m0160	m0393	82.2	3.68e-233	798
m0160	m0164	82.2	3.57e-228	782
m0160	m0321	84.6	5.7e-226	774
m0160	m0230	84.8	3.69e-225	772
m0160	m0363	83.2	1.01e-222	763
m0160	m0217	84.3	7.22e-213	731
m0160	m0219	63.6	1.06e-155	541
m0160	m0229	60.8	9.92e-154	534
m0160	m0400	63.2	4.31e-149	519
m0160	m0337	55.7	2.29e-142	497
m0160	m0278	55.3	2.29e-142	497
m0160	m0240	57.1	6.46e-137	478
m0160	m0181	55.7	8.73e-134	468
m0160	m0319	56.4	6.26e-132	462
m0160	m0175	52.5	6.26e-132	462
m0160	m0283	54.8	8.17e-132	461
m0160	m0246	53.8	4.06e-131	459
m0160	m0161	51.2	5.86e-130	455
m0160	m0295	52.6	7.65e-130	455
m0160	m0397	51.4	6.06e-127	445
m0160	m0201	50.9	1.95e-125	440
m0160	m0250	69.3	3.56e-119	419
m0160	m0186	55.4	4.65e-119	419
m0160	m0261	57.4	6.08e-119	419
m0160	m0166	57.6	8.5e-113	398
m0160	m0176	52.0	4.66e-111	393
m0160	m0349	50.0	7.95e-111	392
m0160	m0296	64.5	6.73e-110	389
m0160	m0280	52.6	3.34e-109	386
m0160	m0330	50.2	1.66e-108	384
m0160	m0191	58.3	2.83e-108	383
m0160	m0177	49.3	2.83e-108	383
m0160	m0216	59.8	9.1e-107	378
m0160	m0282	51.4	1.55e-106	377
m0160	m0172	54.5	4.99e-105	372
m0160	m0327	61.8	4.99e-105	372
m0160	m0335	60.5	8.52e-105	372
m0160	m0406	58.9	1.15e-101	361
m0160	m0239	55.8	4.84e-100	356
m0160	m0185	51.3	3.83e-97	346
m0160	m0323	59.5	1.11e-96	345
m0160	m0269	60.1	1.46e-96	344
m0160	m0405	50.3	1.9e-96	344
m0160	m0370	60.6	1.23e-95	341
m0160	m0338	56.4	2.32e-94	337
m0160	m0207	52.6	1.67e-92	331
m0160	m0317	45.6	1.56e-90	324
m0160	m0297	45.3	4.39e-85	306
m0160	m0402	52.0	1.79e-78	284
m0160	m0299	53.8	3.37e-77	280
m0160	m0331	51.4	5.75e-77	279
m0160	m0316	49.8	2.05e-74	271
m0160	m0390	53.0	2.67e-74	270
m0160	m0234	47.3	1.73e-73	268
m0160	m0237	50.9	5.04e-73	266
m0160	m0236	50.9	2.5e-72	264
m0160	m0249	48.7	9.5e-72	262
m0160	m0235	47.6	3.61e-71	260
m0160	m0306	47.8	8.05e-71	259
m0160	m0273	46.2	3.06e-70	257
m0160	m0196	46.9	8.9e-70	255
m0160	m0232	45.8	2.86e-68	250
m0160	m0394	48.4	1.42e-67	248
m0160	m0233	44.8	5.4e-67	246
m0160	m0200	45.5	4.57e-66	243
m0160	m0343	48.0	4.57e-66	243
m0160	m0169	45.9	4.57e-66	243
m0160	m0380	47.7	1.33e-65	242
m0160	m0264	43.4	1.74e-65	241
m0160	m0388	45.8	1.13e-64	238
m0160	m0195	46.6	1.92e-64	238
m0160	m0336	46.9	2.51e-64	237
m0160	m0305	44.7	1.24e-63	235
m0160	m0368	44.6	2.12e-63	234
m0160	m0309	46.1	2.12e-63	234
m0160	m0398	46.7	6.17e-63	233
m0160	m0171	44.1	4e-62	230
m0160	m0274	45.7	1.99e-61	228
m0160	m0365	44.9	1.99e-61	228
m0160	m0372	45.4	5.78e-61	226
m0160	m0314	42.9	7.55e-61	226
m0160	m0382	46.8	7.55e-61	226
m0160	m0190	46.2	1.29e-60	225
m0160	m0377	43.9	2.2e-60	224
m0160	m0247	44.7	4.14e-59	220
m0160	m0294	46.2	7.81e-58	216
m0160	m0254	42.7	2.97e-57	214
m0160	m0328	44.3	1.13e-56	212
m0160	m0408	42.3	3.28e-56	210
m0160	m0354	42.6	7.57e-53	199
m0160	m0364	39.8	3.51e-50	190
m0160	m0311	39.9	7.83e-50	189
m0160	m0351	37.7	3.89e-49	187
m0160	m0187	40.9	5.07e-49	186
m0160	m0266	38.8	8.66e-49	186
m0160	m0292	38.9	1.48e-48	185
m0160	m0212	38.3	2.52e-48	184
m0160	m0197	39.5	4.3e-48	183
m0160	m0334	39.8	7.33e-48	183
m0160	m0410	41.1	1.25e-47	182
m0160	m0178	39.3	1.25e-47	182
m0160	m0179	36.7	1.63e-47	181
m0160	m0194	39.6	2.78e-47	181
m0160	m0341	41.1	1.06e-46	179
m0160	m0383	36.2	1.38e-46	178
m0160	m0385	36.8	2.36e-46	178
m0160	m0356	41.8	2.36e-46	178
m0160	m0170	38.0	5.25e-46	176
m0160	m0165	41.2	8.96e-46	176
m0160	m0312	38.8	3.4e-45	174
m0160	m0286	37.8	1.69e-44	171
m0160	m0387	35.6	2.88e-44	171
m0160	m0251	39.1	4.92e-44	170
m0160	m0173	38.8	6.42e-44	169
m0160	m0245	36.3	1.87e-43	168
m0160	m0284	40.1	2.44e-43	168
m0160	m0162	36.0	2.07e-42	164
m0160	m0168	38.4	1.81e-38	151
m0160	m0371	36.0	2e-37	148
m0160	m0275	31.3	6.02e-34	136
m0160	m0369	36.6	1.03e-33	136
m0160	m0289	29.9	1.1e-27	116
m0160	m0163	30.3	3.2e-27	114
m0160	m0188	30.9	4.19e-19	87
m0160	m0396	29.5	1.03e-17	82
m0160	m0279	32.7	1.49e-16	79
m0160	m0293	25.1	1.65e-15	75
m0160	m0276	26.2	1.82e-14	72
m0160	m0231	31.7	9.04e-14	69
m0160	m0359	23.3	2.23e-12	65
m0160	m0268	30.4	1.11e-11	62
m0160	m0267	24.9	4.2e-11	60
m0160	m0409	26.4	5.68e-08	50
m0160	m0376	32.7	0.000171	39
m0160	m0307	24.9	0.000497	37
m0160	m0221	22.4	0.00189	35
m0160	m0324	23.7	0.00718	33
m0160	m0340	45.9	0.00718	33
m0160	m0180	27.4	0.0356	31
m0160	m0339	31.2	0.0465	30
m0160	m0399	25.6	0.0465	30
m0160	m0257	25.2	0.0465	30
m0160	m0411	25.9	0.231	28
m0160	m0403	33.3	0.878	26
m0160	m0241	26.4	1.5	25
m0160	m0228	34.9	1.96	25
m0160	m0322	34.8	1.96	25
m0160	m0219	66.7	3.34	24
m0160	m0301	37.8	5.69	23
m0160	m0367	30.2	5.69	23
m0161	m0397	87.4	4.39e-239	818
m0161	m0201	81.2	1.05e-216	743
m0161	m0317	59.2	1.72e-142	497
m0161	m0342	54.4	5.17e-139	485
m0161	m0164	53.5	7.47e-138	481
m0161	m0405	68.1	3.71e-137	479
m0161	m0256	55.1	8.25e-137	478
m0161	m0278	53.7	1.41e-136	477
m0161	m0337	53.2	1.41e-136	477
m0161	m0348	54.1	2.4e-136	476
m0161	m0393	53.3	1.56e-135	474
m0161	m0345	53.5	2.49e-133	466
m0161	m0321	52.3	4.69e-132	462
m0161	m0218	52.4	8e-132	461
m0161	m0283	50.9	1.78e-131	460
m0161	m0363	51.9	3.97e-131	459
m0161	m0319	53.0	8.84e-131	458
m0161	m0378	52.4	7.48e-130	455
m0161	m0332	50.8	9.77e-130	455
m0161	m0208	53.2	2.84e-129	453
m0161	m0230	50.7	5.36e-128	449
m0161	m0219	53.4	1.19e-127	448
m0161	m0240	52.2	4.54e-127	446
m0161	m0229	51.2	2.49e-125	440
m0161	m0246	51.8	3.25e-125	439
m0161	m0175	50.2	6.35e-121	425
m0161	m0181	50.2	1.73e-118	417
m0161	m0217	52.7	2.26e-118	417
m0161	m0295	48.1	4.87e-113	399
m0161	m0191	49.2	5.97e-103	366
m0161	m0400	48.4	4.28e-101	359
m0161	m0166	48.3	1.63e-100	357
m0161	m0282	50.1	2.35e-99	354
m0161	m0349	50.9	6.83e-99	352
m0161	m0330	48.0	3.17e-96	343
m0161	m0323	61.0	1.57e-95	341
m0161	m0216	54.6	2.06e-95	341
m0161	m0269	62.1	3.51e-95	340
m0161	m0250	48.9	3.51e-95	340
m0161	m0338	57.8	5.07e-94	336
m0161	m0261	47.0	1.13e-93	335
m0161	m0185	54.5	1.47e-93	334
m0161	m0176	46.4	5.6e-93	332
m0161	m0186	56.2	5.6e-93	332
m0161	m0172	48.2	3.63e-92	330
m0161	m0296	56.6	4.74e-92	329
m0161	m0177	46.8	4.74e-92	329
m0161	m0297	50.1	4.44e-90	323
m0161	m0327	54.6	4.91e-89	319
m0161	m0335	53.7	2.69e-87	314
m0161	m0280	43.7	5.08e-86	309
m0161	m0239	50.2	3.29e-85	307
m0161	m0370	52.3	3.64e-84	303
m0161	m0406	53.2	2.36e-83	300
m0161	m0331	55.9	4.45e-82	296
m0161	m0207	46.7	1.06e-75	275
m0161	m0316	51.7	1.39e-75	275
m0161	m0402	50.2	1.53e-74	271
m0161	m0390	52.1	1.69e-73	268
m0161	m0299	51.1	6.44e-73	266
m0161	m0233	48.5	1.1e-72	265
m0161	m0237	51.0	1.43e-72	265
m0161	m0169	47.1	3.53e-71	260
m0161	m0236	49.5	4.61e-71	260
m0161	m0273	49.2	3.91e-70	257
m0161	m0394	48.3	6.66e-70	256
m0161	m0380	49.3	2.53e-69	254
m0161	m0232	47.7	2.53e-69	254
m0161	m0196	47.5	7.37e-69	252
m0161	m0235	49.0	1.64e-68	251
m0161	m0306	47.3	1.64e-68	251
m0161	m0234	45.2	8.14e-68	249
m0161	m0249	46.3	2.37e-67	247
m0161	m0200	44.7	2.22e-65	241
m0161	m0336	47.0	3.78e-65	240
m0161	m0171	45.1	4.94e-65	240
m0161	m0368	46.8	6.45e-65	239
m0161	m0388	45.5	3.2e-64	237
m0161	m0365	45.7	5.46e-64	236
m0161	m0343	47.7	1.59e-63	235
m0161	m0309	46.7	4.62e-63	233
m0161	m0377	44.2	1.94e-61	228
m0161	m0264	42.3	9.64e-61	225
m0161	m0408	43.5	2.81e-60	224
m0161	m0398	47.0	2.81e-60	224
m0161	m0274	44.2	3.66e-60	223
m0161	m0294	46.1	1.07e-59	222
m0161	m0314	42.8	1.39e-59	221
m0161	m0247	41.5	1.39e-59	221
m0161	m0195	44.5	2.38e-59	221
m0161	m0305	41.2	5.29e-59	220
m0161	m0190	44.2	1.54e-58	218
m0161	m0372	43.2	5.85e-58	216
m0161	m0328	43.3	4.95e-57	213
m0161	m0382	42.6	1.88e-56	211
m0161	m0311	42.4	3.21e-56	210
m0161	m0187	43.4	4.19e-56	210
m0161	m0266	42.1	7.15e-56	209
m0161	m0178	43.5	2.08e-55	208
m0161	m0351	42.1	4.64e-55	206
m0161	m0354	42.0	6.05e-55	206
m0161	m0292	41.1	1.49e-53	201
m0161	m0170	41.9	3.32e-53	200
m0161	m0364	38.9	4.8e-52	196
m0161	m0197	41.5	1.07e-51	195
m0161	m0385	40.8	1.07e-51	195
m0161	m0194	42.8	1.4e-51	195
m0161	m0254	40.5	1.82e-51	195
m0161	m0312	41.9	4.06e-51	193
m0161	m0251	41.8	4.49e-50	190
m0161	m0410	39.3	2.23e-49	188
m0161	m0179	38.4	2.23e-49	188
m0161	m0165	39.6	4.96e-49	186
m0161	m0387	40.6	6.48e-49	186
m0161	m0341	40.3	8.47e-49	186
m0161	m0356	43.0	1.44e-48	185
m0161	m0383	38.2	1.89e-48	184
m0161	m0212	39.6	4.65e-47	180
m0161	m0286	36.6	5.14e-46	176
m0161	m0173	36.1	7.42e-45	173
m0161	m0245	37.5	3.68e-44	170
m0161	m0334	42.0	6.28e-44	169
m0161	m0162	37.1	1.4e-43	168
m0161	m0371	35.3	2.64e-42	164
m0161	m0284	39.6	4.21e-40	157
m0161	m0168	38.2	1.04e-38	152
m0161	m0275	36.2	3.12e-35	141
m0161	m0369	35.1	1.55e-34	138
m0161	m0289	30.7	9.73e-29	119
m0161	m0163	30.2	4.52e-26	110
m0161	m0279	31.7	1.66e-20	92
m0161	m0293	27.9	2.25e-17	81
m0161	m0231	29.4	7.24e-16	76
m0161	m0188	25.6	1.78e-14	72
m0161	m0359	26.2	9.78e-13	66
m0161	m0396	27.2	1.67e-12	65
m0161	m0267	34.3	1.84e-11	62
m0161	m0268	28.6	2.04e-10	58
m0161	m0276	26.4	2.25e-09	55
m0161	m0403	27.4	1.97e-05	42
m0161	m0221	28.7	3.37e-05	41
m0161	m0339	25.4	0.00083	36
m0161	m0220	29.9	0.00108	36
m0161	m0291	24.0	0.00538	33
m0161	m0307	21.7	0.00917	33
m0161	m0409	39.1	0.012	32
m0161	m0318	25.7	0.0349	31
m0161	m0280	27.6	0.0595	30
m0161	m0371	25.9	0.101	29
m0161	m0204	22.5	0.132	29
m0161	m0180	23.8	0.173	28
m0161	m0411	27.3	0.295	28
m0161	m0219	35.5	0.859	26
m0161	m0376	26.4	0.859	26
m0161	m0340	40.5	4.26	24
m0162	m0273	46.1	6.93e-68	248
m0162	m0336	47.9	1.18e-67	248
m0162	m0377	47.1	2.91e-66	243
m0162	m0171	46.5	3.8e-66	243
m0162	m0306	45.8	8.47e-66	242
m0162	m0249	44.0	1.89e-65	240
m0162	m0232	47.3	3.22e-65	240
m0162	m0402	44.9	4.2e-65	239
m0162	m0365	44.0	9.36e-65	238
m0162	m0196	44.0	3.56e-64	236
m0162	m0235	45.2	1.35e-63	234
m0162	m0394	43.1	3.33e-62	230
m0162	m0169	41.0	4.35e-62	229
m0162	m0380	43.8	9.69e-62	228
m0162	m0390	44.4	2.16e-61	227
m0162	m0237	46.6	3.68e-61	226
m0162	m0299	44.6	4.81e-61	226
m0162	m0234	41.1	6.28e-61	225
m0162	m0316	43.4	1.07e-60	225
m0162	m0309	43.4	2.39e-60	223
m0162	m0314	42.3	2.39e-60	223
m0162	m0264	39.9	3.12e-60	223
m0162	m0331	42.2	2.64e-59	220
m0162	m0236	44.0	4.5e-59	219
m0162	m0328	43.9	4.5e-59	219
m0162	m0190	43.3	4.98e-58	216
m0162	m0233	38.4	5.5e-57	212
m0162	m0200	40.1	7.18e-57	212
m0162	m0382	44.5	9.38e-57	211
m0162	m0254	42.0	3.57e-56	210
m0162	m0372	41.8	1.04e-55	208
m0162	m0388	39.7	1.77e-55	207
m0162	m0294	43.0	8.78e-55	205
m0162	m0398	42.1	3.34e-54	203
m0162	m0305	40.5	4.36e-54	203
m0162	m0364	41.9	1.66e-53	201
m0162	m0343	40.8	8.22e-53	198
m0162	m0245	43.1	9.09e-52	195
m0162	m0247	39.6	1.55e-51	194
m0162	m0195	40.7	1.55e-51	194
m0162	m0341	43.8	2.02e-51	194
m0162	m0292	37.6	4.99e-50	189
m0162	m0351	36.9	8.51e-50	188
m0162	m0311	36.8	1.11e-49	188
m0162	m0408	39.1	1.11e-49	188
m0162	m0368	38.2	1.45e-49	188
m0162	m0274	38.2	1.45e-49	188
m0162	m0278	40.0	9.4e-49	185
m0162	m0334	38.1	7.96e-48	182
m0162	m0370	38.8	1.04e-47	181
m0162	m0251	38.4	1.36e-47	181
m0162	m0212	40.8	1.77e-47	181
m0162	m0181	40.2	2.32e-47	180
m0162	m0385	39.1	3.95e-47	179
m0162	m0179	36.9	8.8e-47	178
m0162	m0323	36.7	1.15e-46	178
m0162	m0165	39.6	1.5e-46	178
m0162	m0319	40.1	1.5e-46	178
m0162	m0400	40.3	2.56e-46	177
m0162	m0283	38.5	2.56e-46	177
m0162	m0266	39.4	3.34e-46	176
m0162	m0172	37.7	4.37e-46	176
m0162	m0356	40.0	4.37e-46	176
m0162	m0349	38.7	9.73e-46	175
m0162	m0338	37.4	1.27e-45	174
m0162	m0330	36.4	1.27e-45	174
m0162	m0406	37.7	2.17e-45	174
m0162	m0187	34.3	2.17e-45	174
m0162	m0185	38.1	2.83e-45	173
m0162	m0201	38.0	2.83e-45	173
m0162	m0342	38.4	3.7e-45	173
m0162	m0387	39.4	3.7e-45	173
m0162	m0296	36.8	6.31e-45	172
m0162	m0194	38.4	1.08e-44	171
m0162	m0173	36.5	1.08e-44	171
m0162	m0208	38.4	1.84e-44	171
m0162	m0312	36.0	1.84e-44	171
m0162	m0337	37.8	1.84e-44	171
m0162	m0170	35.7	1.84e-44	171
m0162	m0164	39.1	2.4e-44	170
m0162	m0397	36.6	2.4e-44	170
m0162	m0335	37.4	2.4e-44	170
m0162	m0197	33.4	2.4e-44	170
m0162	m0327	37.3	2.4e-44	170
m0162	m0207	37.4	3.13e-44	170
m0162	m0348	38.1	3.13e-44	170
m0162	m0295	36.2	3.13e-44	170
m0162	m0239	37.7	3.13e-44	170
m0162	m0191	36.0	3.13e-44	170
m0162	m0177	36.8	4.09e-44	169
m0162	m0230	37.1	5.34e-44	169
m0162	m0405	38.5	9.11e-44	168
m0162	m0261	38.3	9.11e-44	168
m0162	m0393	37.8	9.11e-44	168
m0162	m0354	35.3	9.11e-44	168
m0162	m0378	37.7	9.11e-44	168
m0162	m0321	37.4	1.19e-43	168
m0162	m0317	36.2	1.55e-43	168
m0162	m0166	37.1	1.55e-43	168
m0162	m0282	36.7	2.03e-43	167
m0162	m0217	37.0	2.03e-43	167
m0162	m0240	36.3	3.46e-43	166
m0162	m0332	36.9	3.46e-43	166
m0162	m0363	38.1	3.46e-43	166
m0162	m0383	36.5	4.52e-43	166
m0162	m0256	37.0	4.52e-43	166
m0162	m0186	38.4	5.9e-43	166
m0162	m0250	36.9	7.71e-43	165
m0162	m0345	36.9	7.71e-43	165
m0162	m0176	36.8	1.01e-42	165
m0162	m0269	37.5	1.01e-42	165
m0162	m0286	38.4	1.32e-42	164
m0162	m0178	33.9	2.24e-42	164
m0162	m0216	35.1	2.24e-42	164
m0162	m0175	37.0	2.93e-42	163
m0162	m0218	35.8	3.83e-42	163
m0162	m0246	35.9	8.53e-42	162
m0162	m0410	35.6	1.9e-41	161
m0162	m0219	38.1	3.24e-41	160
m0162	m0297	36.8	7.22e-41	159
m0162	m0280	39.1	2.1e-40	157
m0162	m0229	35.4	4.68e-40	156
m0162	m0168	31.5	2.17e-37	147
m0162	m0284	36.3	6.99e-36	142
m0162	m0369	33.1	2.18e-29	121
m0162	m0275	32.3	1.08e-28	118
m0162	m0371	29.7	1.32e-26	111
m0162	m0289	29.5	8.02e-24	102
m0162	m0293	29.5	2.95e-18	84
m0162	m0359	26.5	8.04e-16	75
m0162	m0276	27.7	1.05e-15	75
m0162	m0231	26.4	9.82e-14	69
m0162	m0163	23.6	9.82e-14	69
m0162	m0188	26.0	3.73e-13	67
m0162	m0279	29.6	6.59e-10	56
m0162	m0396	26.1	9.51e-09	52
m0162	m0409	26.8	9.51e-09	52
m0162	m0268	25.3	1.05e-07	49
m0162	m0221	26.3	1.16e-06	45
m0162	m0307	27.3	1.29e-05	42
m0162	m0267	22.9	2.86e-05	40
m0162	m0376	26.5	0.000243	37
m0162	m0220	25.7	0.000317	37
m0162	m0199	23.1	0.0012	35
m0162	m0291	33.8	0.0012	35
m0162	m0340	28.7	0.0012	35
m0162	m0180	27.9	0.00597	33
m0162	m0339	30.9	0.0133	32
m0162	m0340	33.3	0.0174	31
m0162	m0399	27.4	0.0174	31
m0162	m0215	29.7	0.0863	29
m0162	m0411	32.8	0.428	27
m0162	m0214	32.5	0.559	26
m0162	m0257	25.2	0.954	25
m0162	m0241	27.7	1.63	25
m0162	m0367	32.6	1.63	25
m0162	m0204	50.0	8.07	22
m0162	m0406	37.9	8.07	22
m0162	m0175	37.9	8.07	22
m0163	m0385	35.8	4e-41	159
m0163	m0354	35.6	5.41e-38	149
m0163	m0311	32.7	1.33e-36	144
m0163	m0351	32.7	2.97e-36	143
m0163	m0292	32.7	5.06e-36	143
m0163	m0190	33.6	4.28e-35	139
m0163	m0383	34.9	5.59e-35	139
m0163	m0266	32.5	9.54e-35	138
m0163	m0369	33.2	1.63e-34	138
m0163	m0194	33.5	2.13e-34	137
m0163	m0170	32.1	2.78e-34	137
m0163	m0179	31.9	6.19e-34	136
m0163	m0232	34.8	6.19e-34	136
m0163	m0187	31.3	1.38e-33	134
m0163	m0328	33.3	2.35e-33	134
m0163	m0314	34.0	2.35e-33	134
m0163	m0273	34.1	3.07e-33	133
m0163	m0197	30.4	6.84e-33	132
m0163	m0312	31.7	8.93e-33	132
m0163	m0235	34.6	1.17e-32	131
m0163	m0178	32.5	1.52e-32	131
m0163	m0309	32.6	4.43e-32	129
m0163	m0380	31.8	9.88e-32	128
m0163	m0196	31.2	1.29e-31	128
m0163	m0275	30.2	2.2e-31	127
m0163	m0341	32.3	2.87e-31	127
m0163	m0410	32.1	4.9e-31	126
m0163	m0306	30.5	8.36e-31	125
m0163	m0171	31.7	1.86e-30	124
m0163	m0274	35.1	3.18e-30	123
m0163	m0382	32.5	3.18e-30	123
m0163	m0394	33.0	5.42e-30	122
m0163	m0247	29.8	9.24e-30	122
m0163	m0169	29.5	2.69e-29	120
m0163	m0402	31.8	5.99e-29	119
m0163	m0331	31.2	5.99e-29	119
m0163	m0249	29.2	1.33e-28	118
m0163	m0251	29.5	1.74e-28	117
m0163	m0316	34.1	2.28e-28	117
m0163	m0377	31.1	2.28e-28	117
m0163	m0400	31.7	2.28e-28	117
m0163	m0195	31.9	2.97e-28	117
m0163	m0172	31.2	5.07e-28	116
m0163	m0336	29.3	6.62e-28	116
m0163	m0299	29.4	8.65e-28	115
m0163	m0236	29.9	1.93e-27	114
m0163	m0237	30.9	2.52e-27	114
m0163	m0330	32.5	2.52e-27	114
m0163	m0264	30.3	3.29e-27	113
m0163	m0256	30.7	3.29e-27	113
m0163	m0297	31.2	3.29e-27	113
m0163	m0348	30.0	5.61e-27	112
m0163	m0240	33.4	5.61e-27	112
m0163	m0278	32.1	9.57e-27	112
m0163	m0166	30.6	9.57e-27	112
m0163	m0332	29.9	9.57e-27	112
m0163	m0201	29.5	9.57e-27	112
m0163	m0398	30.8	1.25e-26	111
m0163	m0337	31.5	1.63e-26	111
m0163	m0345	29.9	1.63e-26	111
m0163	m0218	30.3	1.63e-26	111
m0163	m0390	29.6	2.13e-26	111
m0163	m0282	30.6	2.13e-26	111
m0163	m0356	28.6	2.78e-26	110
m0163	m0370	31.6	2.78e-26	110
m0163	m0405	30.1	2.78e-26	110
m0163	m0378	29.5	3.63e-26	110
m0163	m0208	30.3	3.63e-26	110
m0163	m0245	28.9	3.63e-26	110
m0163	m0305	30.1	4.75e-26	109
m0163	m0283	32.3	8.1e-26	109
m0163	m0406	31.7	1.06e-25	108
m0163	m0342	29.5	1.06e-25	108
m0163	m0177	30.8	1.06e-25	108
m0163	m0230	29.9	1.38e-25	108
m0163	m0191	30.9	1.38e-25	108
m0163	m0393	29.5	1.38e-25	108
m0163	m0175	33.9	1.8e-25	107
m0163	m0246	32.2	2.36e-25	107
m0163	m0216	29.4	2.36e-25	107
m0163	m0335	29.9	4.02e-25	106
m0163	m0397	30.6	4.02e-25	106
m0163	m0363	28.7	5.25e-25	106
m0163	m0338	30.9	6.86e-25	106
m0163	m0217	29.9	6.86e-25	106
m0163	m0365	27.7	6.86e-25	106
m0163	m0181	34.6	6.86e-25	106
m0163	m0164	29.5	8.95e-25	105
m0163	m0269	30.4	8.95e-25	105
m0163	m0295	32.6	1.53e-24	104
m0163	m0343	29.0	1.53e-24	104
m0163	m0176	30.3	1.53e-24	104
m0163	m0388	29.4	1.99e-24	104
m0163	m0317	28.9	1.99e-24	104
m0163	m0368	29.9	2.6e-24	104
m0163	m0349	30.5	3.4e-24	103
m0163	m0168	28.8	3.4e-24	103
m0163	m0319	29.3	4.44e-24	103
m0163	m0234	28.0	4.44e-24	103
m0163	m0233	27.8	4.44e-24	103
m0163	m0321	28.3	5.8e-24	102
m0163	m0387	32.7	7.58e-24	102
m0163	m0296	29.1	7.58e-24	102
m0163	m0294	29.1	1.29e-23	101
m0163	m0185	29.3	1.29e-23	101
m0163	m0254	30.5	1.29e-23	101
m0163	m0250	29.3	1.69e-23	101
m0163	m0327	28.5	2.21e-23	101
m0163	m0219	27.6	3.76e-23	100
m0163	m0229	28.5	3.76e-23	100
m0163	m0165	31.1	4.91e-23	99
m0163	m0408	30.0	1.43e-22	98
m0163	m0372	28.8	1.87e-22	97
m0163	m0200	26.1	2.44e-22	97
m0163	m0280	29.6	3.18e-22	97
m0163	m0364	28.2	5.43e-22	96
m0163	m0323	28.1	7.09e-22	96
m0163	m0289	29.0	9.26e-22	95
m0163	m0239	29.4	4.6e-21	93
m0163	m0334	30.5	6.01e-21	92
m0163	m0207	27.8	7.84e-21	92
m0163	m0261	26.4	1.75e-20	91
m0163	m0186	26.4	2.28e-20	91
m0163	m0173	28.9	1.13e-19	88
m0163	m0371	28.7	9.59e-19	85
m0163	m0293	25.9	1.64e-18	84
m0163	m0212	29.5	1.06e-17	82
m0163	m0284	27.6	3.08e-17	80
m0163	m0286	27.6	6.87e-17	79
m0163	m0359	25.5	8.4e-15	72
m0163	m0396	27.8	6.02e-13	66
m0163	m0188	25.4	5.1e-12	63
m0163	m0268	29.1	1.26e-10	58
m0163	m0276	25.4	2.8e-10	57
m0163	m0231	27.9	5.83e-08	49
m0163	m0221	26.9	0.000176	38
m0163	m0226	32.2	0.000511	36
m0163	m0265	33.3	0.0366	30
m0163	m0367	30.5	0.0478	30
m0163	m0409	23.0	0.0815	29
m0163	m0376	25.0	0.237	27
m0163	m0268	88.9	0.237	27
m0163	m0220	48.0	0.31	27
m0163	m0340	47.8	0.31	27
m0163	m0272	60.0	0.405	27
m0163	m0376	100.0	0.405	27
m0163	m0210	100.0	0.405	27
m0163	m0340	23.9	0.529	26
m0163	m0180	24.7	3.43	23
m0164	m0393	88.2	4.73e-255	871
m0164	m0348	84.1	7.59e-237	810
m0164	m0378	81.7	3.77e-236	808
m0164	m0342	82.3	1.58e-234	803
m0164	m0345	81.7	8.69e-233	797
m0164	m0256	81.0	9.61e-232	793
m0164	m0332	81.0	2.79e-231	792
m0164	m0218	81.3	3.78e-228	782
m0164	m0321	81.4	3.54e-218	748
m0164	m0208	81.1	4.63e-218	748
m0164	m0230	82.6	7.89e-218	747
m0164	m0363	81.0	6.68e-217	744
m0164	m0217	77.1	5.32e-198	681
m0164	m0219	62.7	6.81e-153	532
m0164	m0400	73.7	1.57e-149	520
m0164	m0229	57.9	4.42e-144	502
m0164	m0337	55.8	9.22e-142	495
m0164	m0278	57.1	9.22e-142	495
m0164	m0397	53.1	2.6e-136	476
m0164	m0201	55.4	4.43e-136	476
m0164	m0240	55.8	4.59e-133	466
m0164	m0319	56.5	1.74e-132	464
m0164	m0175	51.7	4.02e-129	453
m0164	m0181	53.4	2.61e-128	450
m0164	m0295	51.0	1.29e-127	448
m0164	m0246	51.5	1.87e-126	444
m0164	m0186	56.3	7.34e-123	432
m0164	m0261	57.1	4.03e-121	426
m0164	m0250	56.3	9.92e-120	421
m0164	m0166	51.5	1.21e-117	414
m0164	m0330	53.2	9.95e-112	395
m0164	m0177	63.8	4.94e-111	393
m0164	m0283	50.5	4.94e-111	393
m0164	m0191	53.4	1.44e-110	391
m0164	m0176	49.8	4.18e-110	389
m0164	m0280	54.4	1.22e-109	388
m0164	m0282	51.1	6.03e-109	386
m0164	m0296	64.5	7.88e-109	385
m0164	m0349	49.9	1.64e-106	377
m0164	m0335	62.4	4.78e-106	376
m0164	m0172	52.3	8.15e-106	375
m0164	m0216	59.5	1.82e-105	374
m0164	m0327	61.4	3.1e-105	373
m0164	m0406	56.2	7.9e-101	359
m0164	m0239	56.1	5.12e-100	356
m0164	m0269	61.3	7.39e-99	352
m0164	m0185	54.9	1.26e-98	351
m0164	m0317	43.8	1.39e-97	348
m0164	m0323	57.2	2.38e-97	347
m0164	m0338	58.3	1.18e-96	345
m0164	m0370	58.7	9.35e-94	335
m0164	m0297	46.4	9.06e-89	319
m0164	m0405	51.2	5.87e-88	316
m0164	m0207	52.5	7.67e-88	315
m0164	m0331	52.2	8.5e-79	285
m0164	m0402	51.4	7.95e-77	279
m0164	m0299	53.2	1.77e-76	278
m0164	m0234	47.1	6.3e-74	269
m0164	m0390	51.7	1.4e-73	268
m0164	m0316	48.8	1.83e-73	268
m0164	m0273	48.1	2.65e-72	264
m0164	m0249	49.8	1.01e-71	262
m0164	m0235	47.8	1.31e-71	262
m0164	m0237	48.8	2.24e-71	261
m0164	m0236	48.1	2.24e-71	261
m0164	m0196	46.5	1.45e-70	258
m0164	m0306	48.7	2.1e-69	254
m0164	m0232	48.9	3.03e-68	250
m0164	m0264	44.8	3.03e-68	250
m0164	m0343	48.5	3.96e-68	250
m0164	m0169	45.8	6.75e-68	249
m0164	m0380	48.6	5.71e-67	246
m0164	m0388	46.4	7.46e-67	246
m0164	m0394	48.0	9.75e-67	245
m0164	m0233	45.3	2.84e-66	244
m0164	m0200	45.0	9.12e-65	239
m0164	m0195	46.9	2.65e-64	237
m0164	m0398	49.2	2.65e-64	237
m0164	m0309	44.8	5.91e-64	236
m0164	m0336	47.3	7.72e-64	236
m0164	m0368	46.2	1.01e-63	235
m0164	m0171	43.6	8.54e-63	232
m0164	m0305	46.9	1.9e-62	231
m0164	m0190	47.7	7.23e-62	229
m0164	m0372	46.7	9.44e-62	229
m0164	m0365	46.4	1.61e-61	228
m0164	m0377	43.7	2.1e-61	228
m0164	m0294	48.6	2.75e-61	227
m0164	m0314	43.5	2.75e-61	227
m0164	m0247	45.2	1.15e-59	222
m0164	m0382	45.6	4.38e-59	220
m0164	m0254	45.1	4.38e-59	220
m0164	m0274	44.1	9.77e-59	219
m0164	m0328	45.3	2.41e-57	214
m0164	m0408	42.0	8.56e-55	206
m0164	m0364	40.7	1.97e-51	195
m0164	m0354	41.5	7.5e-51	193
m0164	m0311	42.2	1.28e-50	192
m0164	m0351	40.3	1.67e-50	191
m0164	m0292	40.4	2.85e-50	191
m0164	m0187	40.4	5.37e-49	186
m0164	m0383	36.9	1.2e-48	185
m0164	m0179	37.7	1.2e-48	185
m0164	m0410	41.6	1.56e-48	185
m0164	m0197	39.5	2.04e-48	184
m0164	m0334	43.6	4.55e-48	183
m0164	m0178	39.4	5.94e-48	183
m0164	m0266	39.2	1.32e-47	182
m0164	m0286	40.1	1.73e-47	181
m0164	m0385	39.9	1.73e-47	181
m0164	m0356	40.5	1.73e-47	181
m0164	m0212	41.1	5.03e-47	180
m0164	m0170	37.9	1.46e-46	178
m0164	m0194	38.9	1.91e-46	178
m0164	m0341	38.3	4.26e-46	177
m0164	m0245	39.1	2.11e-45	174
m0164	m0165	38.4	6.15e-45	173
m0164	m0387	35.7	1.37e-44	172
m0164	m0251	37.8	1.79e-44	171
m0164	m0312	38.6	2.34e-44	171
m0164	m0284	41.4	6.8e-44	169
m0164	m0173	38.4	2.58e-43	168
m0164	m0371	35.6	6.16e-37	146
m0164	m0168	38.2	2.34e-36	144
m0164	m0369	33.6	3.5e-32	131
m0164	m0275	31.6	4.57e-32	130
m0164	m0289	28.5	1.42e-25	109
m0164	m0396	28.8	1.58e-16	79
m0164	m0293	26.6	4.59e-16	77
m0164	m0188	27.3	1.02e-15	76
m0164	m0276	26.9	2.28e-15	75
m0164	m0279	31.2	2.98e-15	74
m0164	m0231	31.2	5.61e-14	70
m0164	m0359	26.3	2.13e-13	68
m0164	m0267	25.4	1.81e-12	65
m0164	m0268	27.7	1.69e-10	59
m0164	m0409	25.4	1.93e-06	45
m0164	m0376	32.7	0.000139	39
m0164	m0405	51.7	0.00153	35
m0164	m0307	24.4	0.00153	35
m0164	m0221	25.7	0.00341	34
m0164	m0324	25.3	0.00582	33
m0164	m0399	33.0	0.013	32
m0164	m0339	31.2	0.0221	32
m0164	m0340	43.2	0.0493	30
m0164	m0291	32.0	0.143	29
m0164	m0318	25.5	0.187	28
m0164	m0239	22.9	0.319	28
m0164	m0411	29.5	0.319	28
m0164	m0322	39.1	0.711	27
m0164	m0356	41.2	1.21	26
m0164	m0367	34.1	1.21	26
m0164	m0219	32.1	2.7	25
m0164	m0280	33.3	3.53	24
m0164	m0284	52.4	4.61	24
m0164	m0301	55.0	7.87	23
m0164	m0241	61.5	7.87	23
m0165	m0173	76.8	1.99e-128	450
m0165	m0286	66.1	1.59e-109	387
m0165	m0387	62.3	1.14e-107	381
m0165	m0212	63.3	1.7e-103	367
m0165	m0408	56.6	1.07e-89	321
m0165	m0316	54.9	1.6e-85	307
m0165	m0331	52.5	8.2e-82	295
m0165	m0390	55.7	2.64e-80	290
m0165	m0382	52.0	4.21e-78	282
m0165	m0236	54.3	3.56e-77	279
m0165	m0299	54.4	5.15e-76	275
m0165	m0237	52.8	8.78e-76	275
m0165	m0402	49.5	1.07e-73	268
m0165	m0235	49.5	3.82e-71	259
m0165	m0232	49.1	1.45e-70	257
m0165	m0273	47.6	2.47e-70	257
m0165	m0249	47.3	8.8e-68	248
m0165	m0169	46.5	3.34e-67	246
m0165	m0171	48.3	4.37e-67	246
m0165	m0306	45.6	2.83e-66	243
m0165	m0372	45.4	2.83e-66	243
m0165	m0309	45.4	2.83e-66	243
m0165	m0341	46.9	1.08e-65	241
m0165	m0254	45.2	1.83e-65	240
m0165	m0196	47.1	5.34e-65	239
m0165	m0377	47.3	3.46e-64	236
m0165	m0190	47.9	5.9e-64	235
m0165	m0264	42.9	5.9e-64	235
m0165	m0314	43.5	7.71e-64	235
m0165	m0388	43.9	2.93e-63	233
m0165	m0394	44.0	8.52e-63	231
m0165	m0336	48.2	1.11e-62	231
m0165	m0380	45.1	5.52e-62	229
m0165	m0234	43.7	1.23e-61	228
m0165	m0328	45.7	2.1e-61	227
m0165	m0194	44.9	3.96e-60	223
m0165	m0398	44.1	4.38e-59	219
m0165	m0195	41.4	6.32e-58	215
m0165	m0364	41.9	1.41e-57	214
m0165	m0294	43.8	1.19e-56	211
m0165	m0383	41.8	2.25e-55	207
m0165	m0292	41.0	4.24e-54	203
m0165	m0187	39.5	1.61e-53	201
m0165	m0349	42.3	2.1e-53	200
m0165	m0266	42.3	4.69e-53	199
m0165	m0323	39.3	6.12e-53	199
m0165	m0334	41.4	8e-53	198
m0165	m0354	40.3	1.36e-52	198
m0165	m0311	41.2	3.04e-52	196
m0165	m0200	42.2	5.18e-52	196
m0165	m0338	41.0	6.77e-52	195
m0165	m0170	39.5	6.77e-52	195
m0165	m0179	37.8	8.84e-52	195
m0165	m0233	37.5	8.84e-52	195
m0165	m0343	39.9	1.15e-51	195
m0165	m0351	39.2	1.15e-51	195
m0165	m0178	38.6	2.57e-51	193
m0165	m0191	40.8	2.57e-51	193
m0165	m0269	41.0	4.39e-51	193
m0165	m0305	38.5	9.77e-51	191
m0165	m0197	37.7	9.77e-51	191
m0165	m0185	40.1	1.28e-50	191
m0165	m0295	37.7	2.18e-50	190
m0165	m0172	40.1	3.71e-50	190
m0165	m0251	37.7	6.33e-50	189
m0165	m0274	40.3	6.33e-50	189
m0165	m0406	38.4	1.08e-49	188
m0165	m0410	38.7	1.84e-49	187
m0165	m0250	39.8	3.14e-49	186
m0165	m0216	42.5	3.14e-49	186
m0165	m0282	41.2	3.14e-49	186
m0165	m0175	39.2	9.15e-49	185
m0165	m0181	40.3	2.04e-48	184
m0165	m0261	41.7	2.66e-48	183
m0165	m0356	38.5	2.66e-48	183
m0165	m0397	39.8	4.54e-48	183
m0165	m0246	37.9	5.93e-48	182
m0165	m0230	41.6	5.93e-48	182
m0165	m0247	37.9	7.74e-48	182
m0165	m0370	37.5	7.74e-48	182
m0165	m0330	40.8	1.01e-47	181
m0165	m0312	37.5	1.01e-47	181
m0165	m0385	39.4	1.32e-47	181
m0165	m0278	38.8	1.32e-47	181
m0165	m0365	38.1	6.56e-47	179
m0165	m0283	39.7	6.56e-47	179
m0165	m0280	41.9	1.12e-46	178
m0165	m0177	40.7	1.12e-46	178
m0165	m0337	39.4	1.46e-46	178
m0165	m0342	42.4	1.46e-46	178
m0165	m0166	37.3	1.46e-46	178
m0165	m0186	41.2	1.46e-46	178
m0165	m0296	39.9	1.46e-46	178
m0165	m0297	40.2	1.91e-46	177
m0165	m0240	37.1	2.49e-46	177
m0165	m0201	38.7	3.25e-46	176
m0165	m0321	41.7	3.25e-46	176
m0165	m0393	38.0	5.55e-46	176
m0165	m0217	38.4	5.55e-46	176
m0165	m0207	38.2	5.55e-46	176
m0165	m0218	39.8	7.25e-46	175
m0165	m0378	39.9	7.25e-46	175
m0165	m0345	41.2	1.24e-45	174
m0165	m0256	41.4	1.61e-45	174
m0165	m0332	42.2	2.11e-45	174
m0165	m0363	40.1	2.75e-45	173
m0165	m0245	34.5	2.75e-45	173
m0165	m0229	39.1	3.6e-45	173
m0165	m0405	38.5	3.6e-45	173
m0165	m0335	39.9	3.6e-45	173
m0165	m0168	37.0	3.6e-45	173
m0165	m0348	40.6	4.7e-45	173
m0165	m0317	36.3	6.14e-45	172
m0165	m0400	39.3	1.05e-44	171
m0165	m0208	38.1	1.37e-44	171
m0165	m0176	38.8	2.33e-44	170
m0165	m0371	36.3	2.33e-44	170
m0165	m0327	39.8	3.98e-44	169
m0165	m0239	37.4	1.16e-43	168
m0165	m0219	41.8	3.37e-43	166
m0165	m0368	34.3	4.4e-43	166
m0165	m0319	37.5	1.28e-42	164
m0165	m0284	38.8	2.04e-40	157
m0165	m0369	33.1	1.16e-27	115
m0165	m0289	28.3	1.29e-26	111
m0165	m0275	31.6	1.86e-25	107
m0165	m0188	29.8	5.97e-24	102
m0165	m0293	29.9	4e-20	90
m0165	m0231	25.5	8.92e-20	89
m0165	m0359	25.8	1.02e-15	75
m0165	m0267	28.3	5.07e-15	73
m0165	m0268	29.7	6.62e-15	72
m0165	m0279	28.8	1.47e-14	71
m0165	m0276	23.3	5.24e-12	63
m0165	m0396	27.4	1.17e-11	62
m0165	m0221	29.0	2.06e-08	51
m0165	m0220	26.3	0.000181	38
m0165	m0307	19.0	0.000896	35
m0165	m0376	27.4	0.11	28
m0165	m0348	31.4	0.11	28
m0165	m0340	39.0	0.11	28
m0165	m0339	31.1	0.143	28
m0165	m0180	27.5	0.319	27
m0165	m0333	26.8	3.52	23
m0165	m0220	36.4	7.85	22
m0166	m0330	76.3	6.39e-190	654
m0166	m0191	71.8	1.42e-189	653
m0166	m0282	76.5	5.06e-187	645
m0166	m0172	72.2	2.13e-177	613
m0166	m0400	65.5	1.25e-169	587
m0166	m0261	68.0	2.07e-164	570
m0166	m0250	66.7	2.99e-163	566
m0166	m0176	61.2	6.68e-155	538
m0166	m0186	61.2	3.8e-142	496
m0166	m0317	55.3	2.46e-141	493
m0166	m0177	63.8	1.49e-138	484
m0166	m0349	60.6	1.95e-138	483
m0166	m0240	64.5	5.68e-138	482
m0166	m0297	58.8	1.45e-133	467
m0166	m0246	58.1	4.08e-128	449
m0166	m0295	56.6	7.2e-125	438
m0166	m0406	74.0	6.09e-124	435
m0166	m0280	57.7	5.16e-123	432
m0166	m0342	53.3	2.56e-122	430
m0166	m0378	53.7	3.7e-121	426
m0166	m0175	57.9	8.24e-121	425
m0166	m0181	58.7	1.08e-120	424
m0166	m0218	53.4	4.09e-120	423
m0166	m0332	54.5	9.11e-120	421
m0166	m0393	56.7	9.11e-120	421
m0166	m0321	52.6	3.83e-118	416
m0166	m0345	52.8	1.45e-117	414
m0166	m0185	50.6	2.48e-117	413
m0166	m0217	53.3	5.53e-117	412
m0166	m0348	51.3	5.53e-117	412
m0166	m0337	51.9	1.23e-116	411
m0166	m0208	52.7	2.74e-116	410
m0166	m0256	60.0	1.04e-115	408
m0166	m0278	51.2	1.78e-115	407
m0166	m0363	56.8	3.03e-115	406
m0166	m0230	56.5	9.75e-114	401
m0166	m0327	61.9	2.4e-112	397
m0166	m0283	64.1	1.46e-109	387
m0166	m0319	52.7	1.04e-107	381
m0166	m0335	62.9	4.39e-106	376
m0166	m0216	59.1	7.49e-106	375
m0166	m0239	59.1	1.67e-105	374
m0166	m0370	61.4	4.85e-105	372
m0166	m0296	62.4	6.34e-105	372
m0166	m0397	46.7	1.62e-100	357
m0166	m0201	49.6	4.7e-100	356
m0166	m0219	53.2	3.98e-99	353
m0166	m0323	60.0	7.5e-98	349
m0166	m0338	60.5	8.29e-97	345
m0166	m0269	61.7	3.15e-96	343
m0166	m0229	49.1	6.57e-94	335
m0166	m0207	51.6	9.82e-90	322
m0166	m0405	55.6	1.68e-89	321
m0166	m0402	53.4	2.19e-81	294
m0166	m0331	53.4	9.21e-80	289
m0166	m0299	52.6	6.6e-78	282
m0166	m0235	51.5	4.28e-77	280
m0166	m0390	52.6	9.53e-77	278
m0166	m0237	51.4	1.63e-76	278
m0166	m0232	50.0	4.73e-76	276
m0166	m0306	48.1	1.17e-74	272
m0166	m0236	50.3	1.52e-74	271
m0166	m0316	49.0	1.99e-74	271
m0166	m0169	49.5	1.99e-74	271
m0166	m0380	51.1	4.43e-74	270
m0166	m0394	49.8	2.2e-73	267
m0166	m0273	48.5	2.2e-73	267
m0166	m0388	49.1	3.75e-73	267
m0166	m0249	47.5	3.17e-72	263
m0166	m0233	49.1	4.15e-72	263
m0166	m0196	46.9	2.06e-71	261
m0166	m0234	46.2	1.33e-70	258
m0166	m0264	47.6	2.51e-69	254
m0166	m0200	48.2	3.28e-69	253
m0166	m0336	50.0	5.6e-69	253
m0166	m0195	47.0	7.32e-69	252
m0166	m0309	45.6	7.32e-69	252
m0166	m0377	46.5	6.19e-68	249
m0166	m0368	48.6	8.09e-68	249
m0166	m0171	44.9	8.09e-68	249
m0166	m0294	48.9	1.06e-67	248
m0166	m0343	48.7	1.06e-67	248
m0166	m0305	47.1	5.24e-67	246
m0166	m0365	45.1	2.2e-65	241
m0166	m0408	44.1	2.44e-64	237
m0166	m0190	48.9	4.16e-64	236
m0166	m0398	48.9	4.16e-64	236
m0166	m0274	43.0	9.26e-64	235
m0166	m0314	44.9	1.58e-63	235
m0166	m0372	45.5	1.02e-62	232
m0166	m0382	45.7	4.3e-61	226
m0166	m0254	45.7	5.62e-61	226
m0166	m0328	46.8	7.33e-61	226
m0166	m0247	43.3	9.91e-58	215
m0166	m0364	41.9	1.21e-55	208
m0166	m0354	40.6	5.63e-53	200
m0166	m0334	42.0	1.39e-51	195
m0166	m0387	38.4	5.27e-51	193
m0166	m0341	38.4	2.61e-50	191
m0166	m0266	39.4	5.82e-50	190
m0166	m0286	37.4	2.89e-49	187
m0166	m0284	45.2	2.89e-49	187
m0166	m0311	38.9	1.87e-48	184
m0166	m0410	39.4	5.45e-48	183
m0166	m0385	41.7	9.3e-48	182
m0166	m0178	38.6	9.3e-48	182
m0166	m0212	37.1	3.53e-47	180
m0166	m0187	37.5	7.87e-47	179
m0166	m0170	38.2	7.87e-47	179
m0166	m0194	39.4	1.75e-46	178
m0166	m0251	38.5	1.75e-46	178
m0166	m0292	36.2	2.99e-46	177
m0166	m0351	38.5	5.1e-46	176
m0166	m0197	37.3	1.14e-45	175
m0166	m0383	37.7	9.62e-45	172
m0166	m0356	39.0	2.14e-44	171
m0166	m0312	37.2	1.81e-43	168
m0166	m0245	36.6	2.37e-43	168
m0166	m0173	34.8	4.04e-43	167
m0166	m0179	35.1	2.22e-41	161
m0166	m0371	33.1	1.7e-33	135
m0166	m0168	33.2	2.08e-31	128
m0166	m0275	30.7	6.06e-31	126
m0166	m0369	32.2	5.67e-29	120
m0166	m0289	30.0	5.31e-27	113
m0166	m0279	29.7	1.55e-18	85
m0166	m0293	25.8	9.39e-16	76
m0166	m0188	29.4	3.57e-15	74
m0166	m0267	27.3	2.31e-14	71
m0166	m0396	29.1	5.15e-14	70
m0166	m0276	23.4	2.83e-12	64
m0166	m0359	24.0	3.12e-11	61
m0166	m0231	26.1	4.51e-10	57
m0166	m0268	26.5	2.48e-08	51
m0166	m0318	25.9	2.56e-05	41
m0166	m0340	31.1	0.000166	39
m0166	m0280	31.2	0.00108	36
m0166	m0221	23.0	0.00911	33
m0166	m0180	28.2	0.0119	32
m0166	m0324	24.0	0.0265	31
m0166	m0376	34.5	0.0265	31
m0166	m0339	20.2	0.0265	31
m0166	m0307	23.7	0.0265	31
m0166	m0219	30.1	0.0452	30
m0166	m0239	25.4	0.0452	30
m0166	m0189	22.7	0.5	27
m0166	m0341	28.4	1.11	26
m0166	m0371	21.6	1.11	26
m0166	m0199	43.2	2.48	25
m0166	m0235	22.0	2.48	25
m0166	m0367	37.2	4.23	24
m0166	m0322	24.1	5.53	23
m0166	m0257	40.0	9.43	23
m0166	m0224	31.0	9.43	23
m0167	m0189	47.8	5.23e-75	272
m0167	m0404	47.3	4.43e-74	269
m0167	m0285	42.3	9.88e-66	242
m0167	m0228	41.1	1.81e-59	221
m0167	m0277	40.4	8.96e-59	218
m0167	m0288	39.1	1.53e-50	191
m0167	m0389	41.4	1.53e-50	191
m0167	m0386	36.9	2e-50	191
m0167	m0412	38.4	9.93e-50	188
m0167	m0248	35.8	1.75e-46	178
m0167	m0211	38.3	1.75e-46	178
m0167	m0357	39.0	6.66e-46	176
m0167	m0224	37.2	8.14e-44	169
m0167	m0253	34.6	2.37e-43	167
m0167	m0182	33.8	1.1e-40	158
m0167	m0320	47.9	2.71e-39	154
m0167	m0386	44.4	4.78e-36	143
m0167	m0315	43.8	1.07e-35	142
m0167	m0248	42.8	9.97e-34	135
m0167	m0193	43.8	7.9e-31	126
m0167	m0353	44.3	2.15e-28	117
m0167	m0361	37.6	1.54e-26	111
m0167	m0384	35.6	5.13e-22	96
m0167	m0244	29.0	3.33e-21	94
m0167	m0223	29.1	4.35e-21	93
m0167	m0258	32.7	1.65e-20	91
m0167	m0320	47.5	2.39e-19	87
m0167	m0361	54.9	4.5e-18	83
m0167	m0315	45.7	1.71e-17	81
m0167	m0270	27.9	5.5e-16	76
m0167	m0193	41.2	1.22e-15	75
m0167	m0353	34.0	2.09e-15	74
m0167	m0209	25.1	1.35e-14	72
m0167	m0174	30.2	1.83e-11	61
m0167	m0222	30.6	9.08e-11	59
m0167	m0379	28.6	2.92e-09	54
m0167	m0379	34.4	4.98e-09	53
m0167	m0174	34.4	1.45e-08	52
m0167	m0384	32.3	5.16e-06	43
m0167	m0222	37.3	6.74e-06	43
m0167	m0218	33.3	0.383	27
m0168	m0251	52.8	3.62e-70	256
m0168	m0312	48.7	4.42e-68	249
m0168	m0197	46.1	1.29e-67	248
m0168	m0170	47.4	1.68e-67	247
m0168	m0187	48.0	2.43e-66	243
m0168	m0178	48.9	2.43e-66	243
m0168	m0311	42.6	5.59e-63	232
m0168	m0179	42.6	3.62e-62	230
m0168	m0351	47.5	1.17e-60	225
m0168	m0292	45.3	4.43e-60	223
m0168	m0356	42.4	7.56e-60	222
m0168	m0410	40.7	2.2e-59	220
m0168	m0247	40.7	2.2e-59	220
m0168	m0234	42.5	2.87e-59	220
m0168	m0266	40.3	1.86e-58	217
m0168	m0190	44.0	9.24e-58	215
m0168	m0249	38.9	1.58e-57	214
m0168	m0354	44.2	2.06e-57	214
m0168	m0383	43.1	1.02e-56	211
m0168	m0372	42.4	1.48e-55	208
m0168	m0390	41.5	9.56e-55	205
m0168	m0299	45.0	1.63e-54	204
m0168	m0306	41.6	1.63e-54	204
m0168	m0328	44.3	2.13e-54	204
m0168	m0196	43.8	8.09e-54	202
m0168	m0380	39.0	1.06e-53	201
m0168	m0314	38.6	1.06e-53	201
m0168	m0169	40.3	1.8e-53	201
m0168	m0194	43.9	3.08e-53	200
m0168	m0402	39.4	4.02e-53	200
m0168	m0377	37.6	3.4e-52	196
m0168	m0364	41.2	1.69e-51	194
m0168	m0237	40.8	1.69e-51	194
m0168	m0385	42.4	3.76e-51	193
m0168	m0264	36.2	1.09e-50	191
m0168	m0331	38.3	1.43e-50	191
m0168	m0273	39.3	2.44e-50	190
m0168	m0235	40.1	9.26e-50	188
m0168	m0388	36.1	9.26e-50	188
m0168	m0171	39.5	2.69e-49	187
m0168	m0365	40.1	2.69e-49	187
m0168	m0236	40.1	4.6e-49	186
m0168	m0316	37.3	7.84e-49	185
m0168	m0200	37.9	1.02e-48	185
m0168	m0233	35.8	1.02e-48	185
m0168	m0305	39.0	2.28e-48	184
m0168	m0232	39.5	3.89e-48	183
m0168	m0382	39.8	6.64e-48	182
m0168	m0309	36.1	6.64e-48	182
m0168	m0394	35.5	3.29e-47	180
m0168	m0368	36.1	4.3e-47	179
m0168	m0341	35.6	9.58e-47	178
m0168	m0336	38.9	1.25e-46	178
m0168	m0398	36.9	2.13e-46	177
m0168	m0173	40.5	3.08e-45	173
m0168	m0294	38.5	3.08e-45	173
m0168	m0286	37.8	3.41e-44	170
m0168	m0387	37.0	4.45e-44	169
m0168	m0212	36.1	5.81e-44	169
m0168	m0343	38.8	2.89e-43	167
m0168	m0334	39.2	6.43e-43	166
m0168	m0296	38.0	9.28e-42	162
m0168	m0254	34.6	3.53e-41	160
m0168	m0370	35.6	1.75e-40	158
m0168	m0283	34.2	1.75e-40	158
m0168	m0195	33.7	3.9e-40	156
m0168	m0278	36.1	5.09e-40	156
m0168	m0408	36.3	6.65e-40	156
m0168	m0397	34.1	8.69e-40	155
m0168	m0245	33.6	8.69e-40	155
m0168	m0230	36.7	1.48e-39	154
m0168	m0216	36.0	1.48e-39	154
m0168	m0185	36.0	1.94e-39	154
m0168	m0337	35.7	9.61e-39	152
m0168	m0363	37.5	9.61e-39	152
m0168	m0217	38.8	1.25e-38	151
m0168	m0201	38.0	1.64e-38	151
m0168	m0371	35.9	1.64e-38	151
m0168	m0284	35.5	2.79e-38	150
m0168	m0400	38.8	3.65e-38	150
m0168	m0319	35.8	6.23e-38	149
m0168	m0323	38.1	6.23e-38	149
m0168	m0342	37.5	1.06e-37	148
m0168	m0274	32.1	1.06e-37	148
m0168	m0269	35.0	1.39e-37	148
m0168	m0378	38.4	1.81e-37	148
m0168	m0338	37.8	1.81e-37	148
m0168	m0218	36.2	2.37e-37	147
m0168	m0208	38.4	3.09e-37	147
m0168	m0393	36.7	3.09e-37	147
m0168	m0349	34.0	8.99e-37	145
m0168	m0256	38.3	8.99e-37	145
m0168	m0229	35.7	1.17e-36	145
m0168	m0332	34.3	1.53e-36	144
m0168	m0219	36.9	1.53e-36	144
m0168	m0345	37.5	2.62e-36	144
m0168	m0176	35.5	5.83e-36	143
m0168	m0297	32.8	5.83e-36	143
m0168	m0321	35.4	1.3e-35	141
m0168	m0250	33.7	2.21e-35	141
m0168	m0317	36.6	2.21e-35	141
m0168	m0181	36.1	2.89e-35	140
m0168	m0348	37.5	3.78e-35	140
m0168	m0191	34.8	4.93e-35	139
m0168	m0207	32.6	6.44e-35	139
m0168	m0405	36.1	8.41e-35	139
m0168	m0261	36.4	1.1e-34	138
m0168	m0186	36.4	1.87e-34	138
m0168	m0282	35.5	2.45e-34	137
m0168	m0327	36.4	4.18e-34	136
m0168	m0335	34.3	7.12e-34	136
m0168	m0280	33.2	2.07e-33	134
m0168	m0240	34.3	2.71e-33	134
m0168	m0239	31.2	3.54e-33	133
m0168	m0406	32.4	4.62e-33	133
m0168	m0172	32.2	6.03e-33	132
m0168	m0330	33.3	7.88e-33	132
m0168	m0246	33.5	1.03e-32	132
m0168	m0175	33.1	3.91e-32	130
m0168	m0177	33.5	5.11e-32	129
m0168	m0295	35.8	6.67e-32	129
m0168	m0369	32.7	1.26e-30	125
m0168	m0275	30.5	5.28e-29	119
m0168	m0289	29.7	7.89e-25	106
m0168	m0359	23.0	1.07e-13	69
m0168	m0293	26.8	5.31e-13	66
m0168	m0231	24.9	2.91e-11	60
m0168	m0279	25.4	8.47e-11	59
m0168	m0188	25.6	8.47e-11	59
m0168	m0276	24.2	1.45e-10	58
m0168	m0221	31.7	1.27e-06	45
m0168	m0267	23.6	4.81e-06	43
m0168	m0409	31.3	0.000155	38
m0168	m0340	29.5	0.000588	36
m0168	m0180	22.3	0.0189	31
m0168	m0376	40.0	0.0551	30
m0168	m0411	28.7	0.0939	29
m0168	m0291	32.8	0.209	28
m0168	m0399	26.0	0.466	27
m0168	m0199	26.0	6.73	23
m0168	m0257	44.0	8.79	22
m0168	m0407	44.4	8.79	22
m0169	m0232	61.6	1.59e-104	370
m0169	m0273	60.4	3.91e-103	366
m0169	m0380	62.2	1.94e-102	363
m0169	m0235	59.6	7.38e-102	361
m0169	m0402	60.1	1.1e-97	347
m0169	m0196	59.2	4.19e-97	346
m0169	m0306	58.4	4.19e-97	346
m0169	m0390	59.8	1.59e-96	344
m0169	m0249	56.7	2.72e-96	343
m0169	m0236	60.6	4.34e-94	335
m0169	m0299	58.7	7.4e-94	335
m0169	m0331	55.6	1.26e-93	334
m0169	m0309	55.0	2.81e-93	333
m0169	m0234	54.5	2.81e-93	333
m0169	m0237	57.9	3.11e-92	329
m0169	m0316	55.3	3.11e-92	329
m0169	m0394	55.4	9.04e-92	328
m0169	m0171	54.8	2.23e-90	323
m0169	m0336	56.3	7.17e-89	318
m0169	m0388	52.3	9.36e-89	318
m0169	m0264	54.0	3.01e-87	313
m0169	m0274	54.5	5.14e-87	312
m0169	m0377	52.9	1.49e-86	310
m0169	m0294	54.6	2.16e-85	307
m0169	m0233	52.0	1.4e-84	304
m0169	m0190	54.8	4.07e-84	302
m0169	m0382	54.7	5.31e-84	302
m0169	m0365	53.0	1.55e-83	300
m0169	m0314	50.2	5.88e-83	299
m0169	m0200	53.0	1.71e-82	297
m0169	m0372	50.4	1.71e-82	297
m0169	m0305	52.7	1.45e-81	294
m0169	m0328	52.9	4.21e-81	292
m0169	m0398	54.3	9.38e-81	291
m0169	m0323	52.6	2.09e-80	290
m0169	m0368	53.0	3.56e-80	289
m0169	m0269	52.9	8.78e-79	285
m0169	m0338	51.4	8.78e-79	285
m0169	m0172	54.1	8.78e-79	285
m0169	m0191	52.1	1.66e-77	280
m0169	m0240	52.9	4.82e-77	279
m0169	m0330	51.1	4.08e-76	276
m0169	m0177	50.5	9.09e-76	275
m0169	m0335	50.5	9.09e-76	275
m0169	m0254	48.9	1.19e-75	274
m0169	m0343	48.8	1.55e-75	274
m0169	m0282	53.5	1.55e-75	274
m0169	m0250	50.9	3.45e-75	273
m0169	m0181	51.1	2.92e-74	270
m0169	m0349	50.0	4.99e-74	269
m0169	m0283	50.0	8.5e-74	268
m0169	m0185	50.7	8.5e-74	268
m0169	m0195	49.6	1.11e-73	268
m0169	m0295	50.3	1.45e-73	267
m0169	m0246	50.4	1.45e-73	267
m0169	m0364	46.8	7.2e-73	265
m0169	m0176	50.0	1.6e-72	264
m0169	m0406	48.3	2.74e-72	263
m0169	m0278	48.2	6.09e-72	262
m0169	m0296	50.5	1.04e-71	261
m0169	m0370	48.8	1.36e-71	261
m0169	m0337	48.5	1.36e-71	261
m0169	m0297	50.0	1.77e-71	260
m0169	m0261	50.0	3.02e-71	260
m0169	m0327	48.8	1.15e-70	258
m0169	m0397	46.6	1.96e-70	257
m0169	m0186	50.2	4.37e-70	256
m0169	m0408	47.9	5.7e-70	255
m0169	m0230	47.7	5.7e-70	255
m0169	m0208	49.3	5.7e-70	255
m0169	m0175	47.1	7.45e-70	255
m0169	m0216	48.0	2.83e-69	253
m0169	m0348	49.5	3.7e-69	253
m0169	m0400	47.2	4.83e-69	252
m0169	m0342	47.6	6.31e-69	252
m0169	m0251	45.3	6.31e-69	252
m0169	m0187	44.6	1.41e-68	251
m0169	m0247	43.3	2.4e-68	250
m0169	m0332	46.3	2.4e-68	250
m0169	m0378	46.8	2.4e-68	250
m0169	m0317	46.6	3.13e-68	250
m0169	m0393	46.6	3.13e-68	250
m0169	m0321	46.4	5.34e-68	249
m0169	m0345	47.1	5.34e-68	249
m0169	m0363	47.0	6.97e-68	248
m0169	m0218	48.0	2.65e-67	247
m0169	m0217	44.9	4.52e-67	246
m0169	m0280	47.5	5.9e-67	245
m0169	m0319	49.5	5.9e-67	245
m0169	m0354	45.5	7.71e-67	245
m0169	m0197	43.0	7.71e-67	245
m0169	m0266	43.3	1.01e-66	245
m0169	m0170	44.7	1.32e-66	244
m0169	m0256	47.1	3.83e-66	243
m0169	m0178	43.0	6.53e-66	242
m0169	m0405	46.4	8.52e-66	242
m0169	m0312	45.8	8.52e-66	242
m0169	m0311	43.3	1.45e-65	241
m0169	m0239	45.3	1.9e-65	240
m0169	m0201	45.9	3.24e-65	240
m0169	m0356	42.2	5.53e-65	239
m0169	m0292	44.5	5.53e-65	239
m0169	m0351	43.2	7.22e-65	238
m0169	m0385	44.4	2.1e-64	237
m0169	m0286	45.3	2.1e-64	237
m0169	m0229	46.2	4.68e-64	236
m0169	m0341	43.3	6.11e-64	235
m0169	m0207	44.0	1.36e-63	234
m0169	m0194	45.2	1.78e-63	234
m0169	m0410	46.5	2.32e-63	233
m0169	m0219	49.6	3.96e-63	233
m0169	m0212	45.1	1.15e-62	231
m0169	m0173	43.0	3.35e-62	230
m0169	m0387	43.6	7.47e-62	228
m0169	m0245	40.6	2.4e-60	223
m0169	m0383	40.4	5.35e-60	222
m0169	m0179	41.4	6.99e-60	222
m0169	m0334	46.4	7.73e-59	218
m0169	m0284	43.3	4.25e-49	186
m0169	m0371	37.0	2.67e-43	167
m0169	m0369	36.8	2.11e-40	157
m0169	m0275	33.0	3.73e-37	146
m0169	m0289	30.0	1.62e-32	131
m0169	m0188	27.4	8.35e-21	92
m0169	m0276	27.8	8.64e-18	82
m0169	m0293	26.4	1.25e-16	78
m0169	m0231	26.1	2.13e-16	77
m0169	m0359	23.7	1.17e-14	72
m0169	m0279	27.7	9.89e-14	69
m0169	m0268	26.9	1.09e-12	65
m0169	m0221	29.0	4.02e-07	47
m0169	m0340	29.8	3.77e-05	40
m0169	m0180	33.0	0.000416	37
m0169	m0324	23.3	0.00207	34
m0169	m0376	30.1	0.0103	32
m0169	m0177	27.0	1.25	25
m0169	m0347	35.3	2.79	24
m0169	m0367	32.7	2.79	24
m0169	m0270	23.2	6.22	23
m0169	m0397	38.1	8.13	22
m0170	m0187	86.9	2.79e-157	545
m0170	m0178	86.5	1.81e-156	543
m0170	m0197	81.5	3.65e-149	518
m0170	m0312	85.3	1.06e-140	490
m0170	m0251	65.4	1.15e-110	391
m0170	m0383	56.1	2.1e-96	343
m0170	m0351	56.0	6.11e-96	342
m0170	m0356	55.7	2.32e-95	340
m0170	m0311	53.0	1.51e-94	337
m0170	m0292	53.2	9.14e-92	328
m0170	m0410	52.8	1.19e-91	327
m0170	m0179	52.2	8.55e-90	321
m0170	m0247	51.0	2.26e-82	297
m0170	m0266	50.5	1.67e-77	280
m0170	m0354	49.7	1.57e-75	274
m0170	m0194	53.0	2.04e-75	273
m0170	m0385	45.7	2.34e-71	260
m0170	m0314	46.9	6.81e-71	258
m0170	m0402	47.5	1.16e-70	258
m0170	m0232	46.2	1.98e-70	257
m0170	m0235	46.3	4.41e-70	256
m0170	m0273	45.9	4.41e-70	256
m0170	m0306	46.3	9.83e-70	255
m0170	m0328	49.1	1.42e-68	251
m0170	m0331	47.0	1.42e-68	251
m0170	m0171	43.3	1.2e-67	248
m0170	m0190	47.3	2.68e-67	247
m0170	m0196	45.4	1.33e-66	244
m0170	m0377	42.9	2.96e-66	243
m0170	m0398	45.8	2.96e-66	243
m0170	m0234	43.5	3.87e-66	243
m0170	m0382	42.8	8.61e-66	242
m0170	m0336	44.3	7.29e-65	238
m0170	m0394	42.5	7.29e-65	238
m0170	m0264	42.8	9.52e-65	238
m0170	m0368	45.6	1.24e-64	238
m0170	m0236	43.3	1.62e-64	237
m0170	m0299	44.4	3.62e-64	236
m0170	m0249	43.1	6.17e-64	235
m0170	m0341	45.4	6.17e-64	235
m0170	m0316	43.2	6.17e-64	235
m0170	m0380	42.9	1.37e-63	234
m0170	m0237	44.9	1.8e-63	234
m0170	m0390	43.3	6.82e-63	232
m0170	m0388	39.3	4.89e-61	226
m0170	m0309	39.9	6.61e-58	215
m0170	m0200	41.4	1.92e-57	214
m0170	m0233	40.7	1.92e-57	214
m0170	m0195	38.4	3.28e-57	213
m0170	m0334	39.2	5.59e-57	212
m0170	m0294	41.2	2.13e-56	210
m0170	m0372	39.5	1.06e-55	208
m0170	m0365	40.1	1.06e-55	208
m0170	m0343	38.5	4.43e-54	203
m0170	m0254	37.6	2.2e-53	200
m0170	m0323	42.0	3.75e-53	200
m0170	m0305	39.5	8.36e-53	198
m0170	m0364	37.1	1.43e-52	198
m0170	m0274	40.1	2.43e-52	197
m0170	m0245	39.0	5.42e-52	196
m0170	m0397	41.4	9.24e-52	195
m0170	m0269	40.6	9.24e-52	195
m0170	m0408	38.4	1.02e-50	191
m0170	m0284	41.2	2.97e-50	190
m0170	m0201	41.2	6.62e-50	189
m0170	m0338	41.4	6.62e-50	189
m0170	m0185	38.6	1.13e-49	188
m0170	m0246	40.6	5.61e-49	186
m0170	m0317	40.4	5.61e-49	186
m0170	m0387	37.4	2.13e-48	184
m0170	m0173	36.1	3.63e-48	183
m0170	m0296	39.1	3.63e-48	183
m0170	m0283	36.5	8.1e-48	182
m0170	m0332	38.1	1.38e-47	181
m0170	m0212	39.2	3.08e-47	180
m0170	m0342	39.2	3.08e-47	180
m0170	m0393	38.3	3.08e-47	180
m0170	m0405	40.1	4.02e-47	179
m0170	m0177	38.7	4.02e-47	179
m0170	m0400	39.0	5.25e-47	179
m0170	m0208	38.7	6.85e-47	179
m0170	m0176	38.1	6.85e-47	179
m0170	m0256	38.1	6.85e-47	179
m0170	m0181	40.1	8.95e-47	178
m0170	m0371	35.1	1.53e-46	178
m0170	m0349	37.8	1.53e-46	178
m0170	m0282	38.8	1.53e-46	178
m0170	m0378	37.2	1.53e-46	178
m0170	m0406	40.5	1.99e-46	177
m0170	m0217	39.0	1.99e-46	177
m0170	m0218	38.5	3.4e-46	176
m0170	m0335	37.0	3.4e-46	176
m0170	m0297	38.6	4.44e-46	176
m0170	m0363	38.7	4.44e-46	176
m0170	m0286	36.3	4.44e-46	176
m0170	m0337	36.0	4.44e-46	176
m0170	m0345	38.2	5.8e-46	176
m0170	m0207	38.2	5.8e-46	176
m0170	m0319	37.7	9.9e-46	175
m0170	m0321	36.1	1.29e-45	174
m0170	m0370	35.8	1.69e-45	174
m0170	m0175	39.0	1.69e-45	174
m0170	m0230	37.0	1.69e-45	174
m0170	m0216	37.3	1.69e-45	174
m0170	m0240	38.4	2.21e-45	174
m0170	m0191	36.7	2.88e-45	173
m0170	m0172	38.2	3.76e-45	173
m0170	m0348	37.3	3.76e-45	173
m0170	m0278	35.2	6.42e-45	172
m0170	m0280	38.7	8.38e-45	172
m0170	m0229	38.7	1.43e-44	171
m0170	m0250	37.8	5.43e-44	169
m0170	m0295	40.1	1.58e-43	168
m0170	m0330	36.2	3.52e-43	166
m0170	m0239	37.6	3.52e-43	166
m0170	m0327	35.6	1.34e-42	164
m0170	m0261	38.1	1.34e-42	164
m0170	m0186	38.5	1.75e-42	164
m0170	m0369	34.0	1.48e-41	161
m0170	m0219	37.7	3.3e-41	160
m0170	m0275	32.8	3.08e-39	153
m0170	m0289	28.7	1.94e-33	134
m0170	m0359	26.1	5.47e-20	89
m0170	m0293	24.4	1.59e-19	88
m0170	m0188	28.9	1.35e-18	85
m0170	m0276	27.5	3.67e-16	77
m0170	m0231	26.1	6.92e-15	72
m0170	m0268	28.3	1.3e-13	68
m0170	m0279	25.3	9.35e-12	62
m0170	m0396	25.7	9.35e-12	62
m0170	m0221	27.5	2.02e-06	44
m0170	m0220	23.9	1e-05	42
m0170	m0340	26.4	0.00608	33
m0170	m0376	25.0	0.0135	32
m0170	m0180	24.8	0.115	28
m0170	m0339	21.3	3.69	23
m0170	m0396	38.7	4.81	23
m0171	m0377	87.8	2.36e-151	526
m0171	m0336	80.4	1.03e-130	457
m0171	m0196	64.2	4.21e-116	409
m0171	m0402	68.8	7.94e-115	404
m0171	m0306	67.7	1.77e-114	403
m0171	m0331	66.8	1.07e-111	394
m0171	m0235	63.0	9.08e-111	391
m0171	m0249	66.3	1.55e-110	390
m0171	m0232	63.5	1.71e-109	387
m0171	m0236	64.6	7.2e-108	381
m0171	m0299	66.3	1.36e-106	377
m0171	m0394	65.6	1.36e-106	377
m0171	m0273	62.6	1.5e-105	374
m0171	m0390	63.6	1.4e-103	367
m0171	m0237	63.4	2.4e-103	366
m0171	m0316	63.9	3.13e-103	366
m0171	m0380	63.3	6.97e-103	365
m0171	m0264	62.0	1.31e-101	361
m0171	m0309	62.1	4.23e-100	356
m0171	m0328	65.0	5.52e-100	355
m0171	m0314	58.2	1.78e-98	350
m0171	m0388	58.6	3.03e-98	349
m0171	m0190	64.6	3.96e-98	349
m0171	m0234	57.1	6.54e-93	332
m0171	m0382	60.5	5.54e-92	329
m0171	m0372	58.5	1.04e-90	324
m0171	m0398	59.1	2.41e-87	313
m0171	m0305	52.6	2.49e-84	303
m0171	m0365	52.9	1.37e-82	297
m0171	m0364	52.7	3.04e-82	296
m0171	m0341	53.2	6.78e-82	295
m0171	m0233	50.0	6.35e-80	289
m0171	m0200	47.8	2.41e-79	287
m0171	m0254	55.8	2.04e-78	283
m0171	m0368	48.3	5.94e-78	282
m0171	m0247	50.5	5.03e-77	279
m0171	m0294	49.5	5.56e-76	275
m0171	m0343	50.5	2.11e-75	273
m0171	m0195	49.0	3.05e-74	270
m0171	m0351	51.7	1.98e-73	267
m0171	m0274	50.0	9.82e-73	265
m0171	m0240	49.5	2.19e-72	263
m0171	m0406	45.7	1.42e-71	261
m0171	m0251	51.1	3.16e-71	260
m0171	m0311	47.2	7.04e-71	258
m0171	m0335	46.6	9.19e-71	258
m0171	m0191	48.4	1.2e-70	258
m0171	m0330	49.3	3.49e-70	256
m0171	m0292	47.4	5.96e-70	255
m0171	m0408	48.0	5.96e-70	255
m0171	m0296	48.7	1.02e-69	255
m0171	m0187	45.9	1.33e-69	254
m0171	m0172	47.8	1.73e-69	254
m0171	m0295	45.2	2.26e-69	253
m0171	m0323	45.1	5.04e-69	252
m0171	m0356	50.0	5.04e-69	252
m0171	m0250	50.9	5.04e-69	252
m0171	m0177	48.6	5.04e-69	252
m0171	m0194	50.2	6.59e-69	252
m0171	m0349	47.8	6.59e-69	252
m0171	m0338	45.8	8.6e-69	252
m0171	m0176	48.1	4.27e-68	249
m0171	m0178	43.6	5.57e-68	249
m0171	m0282	48.4	1.24e-67	248
m0171	m0383	48.1	1.24e-67	248
m0171	m0216	48.6	2.77e-67	247
m0171	m0312	45.4	3.61e-67	246
m0171	m0266	45.0	3.61e-67	246
m0171	m0185	45.1	6.16e-67	245
m0171	m0261	50.4	8.05e-67	245
m0171	m0327	47.2	8.05e-67	245
m0171	m0179	47.0	1.05e-66	245
m0171	m0397	45.1	1.37e-66	244
m0171	m0208	46.9	1.79e-66	244
m0171	m0354	48.2	1.79e-66	244
m0171	m0246	46.3	2.34e-66	243
m0171	m0342	43.7	4e-66	243
m0171	m0334	48.2	5.22e-66	242
m0171	m0410	45.9	8.9e-66	242
m0171	m0269	47.8	8.9e-66	242
m0171	m0400	46.6	1.16e-65	241
m0171	m0283	45.4	1.98e-65	240
m0171	m0181	48.9	2.59e-65	240
m0171	m0186	49.8	2.59e-65	240
m0171	m0332	44.2	3.38e-65	240
m0171	m0197	43.3	4.42e-65	239
m0171	m0278	44.9	5.77e-65	239
m0171	m0217	43.0	5.77e-65	239
m0171	m0297	47.2	7.53e-65	238
m0171	m0230	45.5	9.84e-65	238
m0171	m0321	44.8	1.68e-64	237
m0171	m0348	43.7	3.74e-64	236
m0171	m0256	43.7	3.74e-64	236
m0171	m0201	47.2	4.88e-64	236
m0171	m0245	46.1	4.88e-64	236
m0171	m0337	44.0	6.38e-64	235
m0171	m0393	44.8	8.33e-64	235
m0171	m0370	44.1	8.33e-64	235
m0171	m0218	43.7	8.33e-64	235
m0171	m0239	46.5	1.09e-63	235
m0171	m0345	42.4	1.86e-63	234
m0171	m0280	49.6	1.86e-63	234
m0171	m0378	43.3	3.17e-63	233
m0171	m0317	43.0	4.13e-63	233
m0171	m0363	44.8	4.13e-63	233
m0171	m0173	45.0	1.2e-62	231
m0171	m0385	43.2	1.2e-62	231
m0171	m0175	44.3	2.05e-62	230
m0171	m0319	46.6	2.68e-62	230
m0171	m0387	44.6	5.97e-62	229
m0171	m0405	44.3	4.28e-60	223
m0171	m0286	46.2	7.3e-60	222
m0171	m0229	45.3	9.53e-60	221
m0171	m0219	48.8	1.38e-58	218
m0171	m0207	42.8	1.68e-56	211
m0171	m0284	46.4	4.14e-55	206
m0171	m0212	42.8	5.07e-53	199
m0171	m0371	40.2	3.18e-47	180
m0171	m0289	31.1	8.98e-34	135
m0171	m0275	34.1	1.53e-33	134
m0171	m0369	32.1	3.19e-31	127
m0171	m0293	30.9	2.62e-25	107
m0171	m0359	25.2	3.1e-18	84
m0171	m0231	27.3	2.01e-17	81
m0171	m0188	26.2	7.64e-17	79
m0171	m0396	28.8	7.64e-17	79
m0171	m0276	26.1	1.44e-15	75
m0171	m0279	25.9	6.69e-13	66
m0171	m0268	26.9	1.18e-09	55
m0171	m0267	24.2	5.86e-09	53
m0171	m0221	27.8	1.22e-06	45
m0171	m0340	30.2	2.31e-05	41
m0171	m0339	31.8	3.93e-05	40
m0171	m0307	19.7	5.14e-05	40
m0171	m0324	23.4	8.76e-05	39
m0171	m0340	32.4	0.000149	38
m0171	m0220	26.7	0.00216	34
m0171	m0376	28.3	0.00216	34
m0171	m0180	28.3	0.00628	33
m0171	m0250	26.7	0.0532	30
m0171	m0257	24.6	0.0694	29
m0171	m0239	30.4	1.71	25
m0171	m0367	33.3	2.23	24
m0171	m0180	29.8	4.98	23
m0171	m0378	60.0	4.98	23
m0171	m0217	46.7	6.5	23
m0171	m0344	29.3	8.49	22
m0172	m0330	80.0	9.09e-199	684
m0172	m0282	82.8	1.55e-198	683
m0172	m0191	74.3	7.73e-182	627
m0172	m0400	64.9	4.41e-161	559
m0172	m0250	66.7	3.49e-158	549
m0172	m0261	62.8	1.86e-151	527
m0172	m0176	62.0	3.28e-148	516
m0172	m0177	63.7	2.44e-135	473
m0172	m0349	64.2	5.43e-135	472
m0172	m0317	56.2	2.28e-133	466
m0172	m0240	61.6	3.64e-131	459
m0172	m0297	57.3	9.92e-129	451
m0172	m0186	56.2	2.21e-128	450
m0172	m0295	59.2	4.17e-127	446
m0172	m0246	56.4	5.63e-124	435
m0172	m0175	55.7	2e-121	427
m0172	m0181	58.5	3.78e-120	423
m0172	m0406	69.6	9.3e-119	418
m0172	m0280	51.6	3.66e-115	406
m0172	m0342	53.6	2.71e-110	390
m0172	m0345	56.4	1.35e-109	387
m0172	m0348	56.1	2.3e-109	387
m0172	m0217	55.9	5.12e-109	386
m0172	m0332	53.4	8.73e-109	385
m0172	m0378	54.5	2.54e-108	383
m0172	m0393	55.4	3.32e-108	383
m0172	m0337	50.0	5.66e-108	382
m0172	m0230	52.8	9.65e-108	381
m0172	m0256	61.1	3.67e-107	379
m0172	m0185	49.2	6.26e-107	379
m0172	m0278	49.8	1.07e-106	378
m0172	m0321	52.0	6.92e-106	375
m0172	m0218	60.3	6.92e-106	375
m0172	m0363	58.5	1.18e-105	374
m0172	m0208	52.4	7.65e-105	372
m0172	m0283	48.5	1.7e-104	371
m0172	m0319	51.2	1.7e-104	371
m0172	m0370	65.3	9.35e-103	365
m0172	m0327	60.2	1.35e-101	361
m0172	m0216	58.8	8.75e-101	358
m0172	m0335	61.3	3.68e-99	353
m0172	m0239	57.9	3.68e-99	353
m0172	m0323	59.2	2.02e-97	347
m0172	m0397	49.5	1.31e-96	344
m0172	m0296	60.1	2.91e-96	343
m0172	m0201	45.5	2.09e-94	337
m0172	m0207	55.4	3.56e-94	336
m0172	m0219	50.1	1.04e-93	335
m0172	m0338	58.5	1.35e-93	334
m0172	m0269	57.0	3.01e-93	333
m0172	m0229	49.7	5.14e-93	332
m0172	m0405	54.9	1.71e-88	317
m0172	m0331	53.5	2.24e-80	290
m0172	m0402	52.1	4.99e-80	289
m0172	m0236	52.0	2.1e-78	284
m0172	m0390	52.8	1.15e-76	278
m0172	m0235	49.3	4.37e-76	276
m0172	m0299	51.9	7.46e-76	275
m0172	m0237	52.4	9.74e-76	275
m0172	m0232	48.3	1.56e-73	268
m0172	m0273	47.8	7.72e-73	265
m0172	m0316	51.1	1.01e-72	265
m0172	m0380	52.0	2.25e-72	264
m0172	m0249	47.7	2.25e-72	264
m0172	m0306	51.6	6.53e-72	262
m0172	m0196	48.4	7.22e-71	259
m0172	m0264	47.9	2.74e-70	257
m0172	m0336	50.9	1.36e-69	255
m0172	m0388	48.8	2.32e-69	254
m0172	m0309	47.7	2.32e-69	254
m0172	m0377	48.3	2.32e-69	254
m0172	m0394	47.4	3.96e-69	253
m0172	m0200	49.0	6.76e-69	252
m0172	m0234	45.4	4.38e-68	250
m0172	m0368	49.0	1.67e-67	248
m0172	m0233	48.6	4.85e-67	246
m0172	m0274	46.7	5.36e-66	243
m0172	m0190	48.3	7.74e-65	239
m0172	m0294	50.0	2.25e-64	237
m0172	m0305	47.7	3.84e-64	236
m0172	m0365	46.7	3.84e-64	236
m0172	m0314	47.0	4.24e-63	233
m0172	m0398	48.1	1.23e-62	231
m0172	m0372	45.2	2.75e-62	230
m0172	m0408	44.6	6.13e-62	229
m0172	m0195	45.2	2.33e-61	227
m0172	m0382	44.8	3.04e-61	227
m0172	m0343	45.6	1.16e-60	225
m0172	m0328	45.8	2.58e-60	224
m0172	m0254	43.3	2.66e-57	214
m0172	m0286	40.9	8.02e-54	202
m0172	m0247	40.3	3.98e-53	200
m0172	m0364	39.1	6.79e-53	199
m0172	m0341	43.3	1.08e-50	192
m0172	m0334	43.1	1.08e-50	192
m0172	m0212	41.7	3.16e-50	190
m0172	m0387	39.7	1.57e-49	188
m0172	m0385	40.7	1.57e-49	188
m0172	m0354	38.1	4.56e-49	186
m0172	m0178	40.0	6.58e-48	183
m0172	m0266	37.0	7.27e-47	179
m0172	m0194	38.1	2.76e-46	177
m0172	m0311	39.5	6.16e-46	176
m0172	m0173	37.8	8.04e-46	176
m0172	m0251	38.6	1.79e-45	174
m0172	m0187	38.5	2.34e-45	174
m0172	m0410	36.6	6.81e-45	173
m0172	m0292	36.2	1.16e-44	172
m0172	m0312	38.6	1.98e-44	171
m0172	m0284	40.2	5.76e-44	169
m0172	m0351	38.5	7.53e-44	169
m0172	m0197	37.4	2.19e-43	168
m0172	m0245	36.5	3.74e-43	167
m0172	m0356	39.8	6.37e-43	166
m0172	m0383	36.5	5.39e-42	163
m0172	m0179	34.3	2.27e-40	158
m0172	m0371	31.9	4.28e-31	127
m0172	m0369	28.2	8.08e-30	122
m0172	m0275	30.8	1.29e-27	115
m0172	m0289	31.0	6.62e-24	103
m0172	m0188	29.9	7.09e-18	83
m0172	m0279	29.6	2.06e-17	81
m0172	m0293	26.2	2.28e-16	78
m0172	m0396	28.5	5.62e-15	73
m0172	m0267	26.0	2.79e-14	71
m0172	m0276	23.6	8.12e-14	69
m0172	m0231	28.3	1.17e-12	65
m0172	m0359	24.0	2e-12	65
m0172	m0268	27.8	6.02e-09	53
m0172	m0340	28.4	6.89e-05	40
m0172	m0180	30.6	0.00289	34
m0172	m0221	24.8	0.00645	33
m0172	m0324	24.5	0.0245	31
m0172	m0189	23.3	0.0245	31
m0172	m0307	24.3	0.0245	31
m0172	m0376	29.5	0.0418	30
m0172	m0333	27.8	0.0713	30
m0172	m0199	26.0	0.0931	29
m0172	m0339	29.0	0.207	28
m0172	m0353	25.0	3.91	24
m0173	m0286	66.3	5.92e-112	395
m0173	m0387	60.2	2.26e-103	366
m0173	m0212	62.3	1.05e-100	357
m0173	m0408	55.5	2.86e-90	323
m0173	m0331	53.8	4.14e-81	292
m0173	m0316	51.2	2.05e-80	290
m0173	m0390	52.0	1.33e-79	287
m0173	m0402	52.4	3.39e-75	273
m0173	m0382	54.3	5.79e-75	272
m0173	m0236	49.8	3.75e-74	269
m0173	m0237	49.3	3.18e-73	266
m0173	m0299	49.8	1.58e-72	264
m0173	m0235	48.1	3.63e-69	253
m0173	m0273	48.8	8.1e-69	252
m0173	m0232	49.8	1.8e-68	250
m0173	m0249	47.3	1.53e-67	247
m0173	m0388	45.3	1.99e-67	247
m0173	m0306	47.0	3.4e-67	246
m0173	m0234	46.3	1.29e-66	244
m0173	m0254	47.4	4.91e-66	242
m0173	m0372	46.4	1.87e-65	240
m0173	m0196	47.8	3.18e-65	240
m0173	m0314	45.6	1.58e-64	237
m0173	m0190	48.1	2.7e-64	236
m0173	m0264	42.7	5.08e-63	232
m0173	m0341	44.9	5.08e-63	232
m0173	m0380	45.6	1.48e-62	231
m0173	m0377	45.7	3.3e-62	230
m0173	m0309	44.1	2.36e-60	223
m0173	m0394	44.4	3.08e-60	223
m0173	m0336	44.8	1.17e-59	221
m0173	m0328	47.7	1.17e-59	221
m0173	m0195	40.3	2e-59	220
m0173	m0364	44.8	6.43e-58	215
m0173	m0294	42.4	2.29e-55	207
m0173	m0398	40.6	2.99e-55	206
m0173	m0194	43.2	6.66e-55	205
m0173	m0354	39.3	3.65e-53	200
m0173	m0179	39.6	4.77e-53	199
m0173	m0266	40.9	8.14e-53	198
m0173	m0383	39.9	3.09e-52	196
m0173	m0292	42.4	6.89e-52	195
m0173	m0305	41.5	1.17e-51	195
m0173	m0200	38.8	2.62e-51	193
m0173	m0410	42.5	3.42e-51	193
m0173	m0233	39.4	2.22e-50	190
m0173	m0334	43.9	2.22e-50	190
m0173	m0343	40.2	2.89e-50	190
m0173	m0251	41.6	3.78e-50	190
m0173	m0356	40.5	4.94e-50	189
m0173	m0187	38.2	4.94e-50	189
m0173	m0351	37.8	6.45e-50	189
m0173	m0311	39.1	8.42e-50	188
m0173	m0247	40.7	1.1e-49	188
m0173	m0178	37.6	2.45e-49	187
m0173	m0349	38.9	4.18e-49	186
m0173	m0312	39.3	6.03e-48	182
m0173	m0365	40.6	7.88e-48	182
m0173	m0191	38.6	1.03e-47	181
m0173	m0269	38.4	1.76e-47	181
m0173	m0274	39.6	2.29e-47	180
m0173	m0385	38.9	2.99e-47	180
m0173	m0338	36.9	3.91e-47	179
m0173	m0197	35.4	1.14e-46	178
m0173	m0295	35.6	1.94e-46	177
m0173	m0296	38.9	1.94e-46	177
m0173	m0185	37.6	2.53e-46	177
m0173	m0250	37.4	2.53e-46	177
m0173	m0280	40.0	4.32e-46	176
m0173	m0371	39.3	5.65e-46	176
m0173	m0323	36.4	7.38e-46	175
m0173	m0282	36.6	1.64e-45	174
m0173	m0207	36.3	2.15e-45	174
m0173	m0397	36.6	2.8e-45	173
m0173	m0283	37.8	3.66e-45	173
m0173	m0406	35.3	3.66e-45	173
m0173	m0342	39.0	4.78e-45	173
m0173	m0216	39.4	4.78e-45	173
m0173	m0330	36.3	2.37e-44	170
m0173	m0337	36.9	3.1e-44	170
m0173	m0321	37.9	4.05e-44	169
m0173	m0378	38.0	5.29e-44	169
m0173	m0175	34.1	6.9e-44	169
m0173	m0230	37.4	6.9e-44	169
m0173	m0335	37.4	6.9e-44	169
m0173	m0400	36.1	9.02e-44	168
m0173	m0332	37.9	1.18e-43	168
m0173	m0176	37.8	1.18e-43	168
m0173	m0261	38.0	1.18e-43	168
m0173	m0177	35.3	1.18e-43	168
m0173	m0348	37.5	2.01e-43	167
m0173	m0317	34.0	2.01e-43	167
m0173	m0186	38.1	2.62e-43	167
m0173	m0217	37.5	2.62e-43	167
m0173	m0239	36.4	2.62e-43	167
m0173	m0278	35.4	2.62e-43	167
m0173	m0345	38.7	4.47e-43	166
m0173	m0327	37.4	4.47e-43	166
m0173	m0208	36.5	5.84e-43	166
m0173	m0368	36.4	5.84e-43	166
m0173	m0218	37.7	7.63e-43	165
m0173	m0256	37.9	9.97e-43	165
m0173	m0245	37.4	9.97e-43	165
m0173	m0181	35.1	9.97e-43	165
m0173	m0240	34.1	1.7e-42	164
m0173	m0363	37.8	1.7e-42	164
m0173	m0393	37.6	1.7e-42	164
m0173	m0370	36.1	2.22e-42	164
m0173	m0297	39.8	6.46e-42	162
m0173	m0201	34.4	8.44e-42	162
m0173	m0229	36.4	1.44e-41	161
m0173	m0246	34.5	1.88e-41	161
m0173	m0405	34.4	7.14e-41	159
m0173	m0219	38.3	6.05e-40	156
m0173	m0319	37.4	2.3e-39	154
m0173	m0284	37.9	1.95e-38	151
m0173	m0289	28.8	1.54e-27	114
m0173	m0369	32.4	1.31e-26	111
m0173	m0275	29.3	3.56e-24	103
m0173	m0188	28.8	6.72e-23	99
m0173	m0293	28.9	4.98e-18	83
m0173	m0231	26.2	3.23e-17	80
m0173	m0359	25.2	1.5e-14	71
m0173	m0268	29.9	1.96e-14	71
m0173	m0267	28.7	2.56e-14	70
m0173	m0279	26.6	1.27e-13	68
m0173	m0276	24.5	8.23e-13	65
m0173	m0396	26.6	4.23e-09	53
m0173	m0221	23.4	1.61e-08	51
m0173	m0307	20.0	0.000535	36
m0173	m0220	25.2	0.00119	35
m0173	m0345	22.0	0.00591	33
m0173	m0340	29.5	0.0654	29
m0173	m0216	26.7	0.0854	29
m0173	m0339	48.1	0.944	25
m0173	m0373	39.4	7.99	22
m0174	m0379	84.2	2.15e-172	596
m0174	m0270	62.6	2.76e-119	419
m0174	m0223	58.9	5.78e-109	385
m0174	m0244	45.0	1.44e-67	248
m0174	m0222	40.4	1.03e-57	215
m0174	m0209	36.8	2.91e-52	197
m0174	m0320	32.6	2.65e-37	147
m0174	m0277	28.5	2.48e-35	141
m0174	m0193	34.2	1.61e-34	138
m0174	m0412	33.1	1.5e-32	131
m0174	m0288	32.2	9.75e-32	129
m0174	m0248	28.3	9.75e-32	129
m0174	m0389	34.7	2.84e-31	127
m0174	m0224	31.7	1.41e-30	125
m0174	m0357	33.8	2.4e-30	124
m0174	m0315	31.5	4.09e-30	123
m0174	m0211	30.4	5.35e-30	123
m0174	m0182	31.1	6.98e-30	122
m0174	m0258	33.0	2.65e-29	121
m0174	m0228	32.8	5.91e-29	119
m0174	m0404	30.1	5.53e-27	113
m0174	m0253	28.8	2.75e-26	111
m0174	m0384	29.7	5.18e-25	106
m0174	m0386	28.3	3.36e-24	104
m0174	m0353	30.2	7.48e-24	102
m0174	m0189	30.9	9.77e-24	102
m0174	m0361	29.4	9.77e-24	102
m0174	m0285	25.5	1.28e-23	102
m0174	m0350	34.1	1.98	25
m0174	m0399	52.4	3.38	24
m0174	m0221	43.2	4.42	23
m0174	m0203	26.8	9.84	22
m0175	m0246	83.7	3.19e-215	738
m0175	m0181	81.4	2.22e-200	689
m0175	m0295	71.5	4.82e-179	618
m0175	m0240	68.0	1.36e-165	574
m0175	m0337	59.1	6.57e-144	502
m0175	m0278	59.1	8.58e-144	501
m0175	m0283	58.3	1.67e-139	487
m0175	m0342	53.4	4.72e-134	469
m0175	m0393	53.9	1.05e-133	468
m0175	m0345	53.7	1.16e-132	464
m0175	m0406	78.6	1.52e-132	464
m0175	m0256	52.9	1.98e-132	463
m0175	m0348	53.3	3.38e-132	463
m0175	m0378	52.4	5.77e-132	462
m0175	m0319	57.5	2.19e-131	460
m0175	m0208	54.0	3.74e-131	459
m0175	m0321	52.6	4.88e-131	459
m0175	m0218	52.3	1.92e-127	447
m0175	m0177	57.4	1.92e-127	447
m0175	m0332	51.0	5.59e-127	445
m0175	m0363	50.2	8.07e-126	441
m0175	m0230	49.8	3.75e-123	433
m0175	m0217	53.2	1.57e-121	427
m0175	m0229	53.4	4.58e-121	426
m0175	m0219	53.7	5.98e-121	425
m0175	m0349	54.4	7.81e-121	425
m0175	m0330	53.6	7.81e-121	425
m0175	m0201	50.3	5.06e-120	422
m0175	m0191	69.0	6.61e-120	422
m0175	m0397	49.3	1.25e-118	418
m0175	m0282	58.5	4.74e-118	416
m0175	m0250	51.5	5.81e-108	382
m0175	m0370	64.7	2.07e-105	374
m0175	m0400	50.5	5.09e-104	369
m0175	m0327	60.9	2.14e-102	364
m0175	m0176	50.0	2.14e-102	364
m0175	m0335	61.7	1.17e-100	358
m0175	m0280	49.7	1.53e-100	357
m0175	m0186	63.7	8.41e-99	352
m0175	m0261	62.5	1.87e-98	351
m0175	m0296	60.8	2.29e-96	344
m0175	m0405	51.1	6.66e-96	342
m0175	m0216	56.8	9.62e-95	338
m0175	m0239	55.6	3.65e-94	336
m0175	m0323	59.6	5.28e-93	332
m0175	m0338	57.7	1.1e-90	325
m0175	m0269	57.4	1.22e-89	321
m0175	m0185	44.8	3e-88	317
m0175	m0317	45.4	1.26e-86	311
m0175	m0207	52.4	1.07e-85	308
m0175	m0297	44.4	6.05e-81	292
m0175	m0331	49.5	5.86e-76	276
m0175	m0237	50.2	8.47e-75	272
m0175	m0236	50.0	1.89e-74	271
m0175	m0402	48.4	3.22e-74	270
m0175	m0299	50.5	4.2e-74	270
m0175	m0390	49.7	1.77e-72	264
m0175	m0235	46.3	1.26e-70	258
m0175	m0273	46.9	6.28e-70	256
m0175	m0232	46.9	1.4e-69	255
m0175	m0249	48.6	2.39e-69	254
m0175	m0196	46.2	1.55e-68	251
m0175	m0316	46.4	2.64e-68	250
m0175	m0306	46.8	4.97e-67	246
m0175	m0380	47.3	1.11e-66	245
m0175	m0388	46.1	1.35e-64	238
m0175	m0234	42.6	1.77e-64	238
m0175	m0368	45.1	2.31e-64	237
m0175	m0264	43.4	3.02e-64	237
m0175	m0274	45.4	3.02e-64	237
m0175	m0336	47.3	3.02e-64	237
m0175	m0309	47.4	3.94e-64	236
m0175	m0200	45.1	3.94e-64	236
m0175	m0233	42.3	1.96e-63	234
m0175	m0305	44.2	9.71e-63	232
m0175	m0394	44.5	1.66e-62	231
m0175	m0195	46.3	2.39e-61	227
m0175	m0377	43.8	4.08e-61	226
m0175	m0398	46.4	4.08e-61	226
m0175	m0314	43.4	1.19e-60	225
m0175	m0294	46.5	3.82e-59	220
m0175	m0382	43.6	3.23e-58	217
m0175	m0365	43.3	3.23e-58	217
m0175	m0343	43.1	4.67e-57	213
m0175	m0190	43.9	6.09e-57	213
m0175	m0408	42.0	7.96e-57	212
m0175	m0372	40.1	8.8e-56	209
m0175	m0328	42.4	3.7e-54	203
m0175	m0254	39.9	4.09e-53	200
m0175	m0247	40.8	1.9e-50	191
m0175	m0286	38.0	2.1e-49	188
m0175	m0354	38.8	4.68e-49	186
m0175	m0334	44.7	1.04e-48	185
m0175	m0364	36.9	6.75e-48	183
m0175	m0387	36.4	2.57e-47	181
m0175	m0178	39.3	5.72e-47	179
m0175	m0341	39.9	7.47e-47	179
m0175	m0385	41.3	7.47e-47	179
m0175	m0266	37.6	1.27e-46	178
m0175	m0212	36.6	1.66e-46	178
m0175	m0311	38.0	8.26e-46	176
m0175	m0187	39.1	8.26e-46	176
m0175	m0194	38.6	4.1e-45	173
m0175	m0179	38.0	6.99e-45	173
m0175	m0251	39.2	2.03e-44	171
m0175	m0351	37.6	3.47e-44	170
m0175	m0312	37.9	5.92e-44	169
m0175	m0410	35.6	5.92e-44	169
m0175	m0383	36.8	7.73e-44	169
m0175	m0292	36.3	7.73e-44	169
m0175	m0197	38.0	2.94e-43	167
m0175	m0284	41.3	3.84e-43	167
m0175	m0356	38.2	6.12e-41	159
m0175	m0245	31.5	6.56e-35	139
m0175	m0369	34.4	2.58e-31	127
m0175	m0371	31.4	7.02e-29	119
m0175	m0275	32.4	1.01e-27	116
m0175	m0289	29.0	7.52e-23	99
m0175	m0396	31.0	1.62e-17	82
m0175	m0279	28.2	4.72e-17	80
m0175	m0188	27.0	4.72e-17	80
m0175	m0293	25.4	1.79e-16	78
m0175	m0231	29.3	1.79e-16	78
m0175	m0276	25.9	2.86e-14	71
m0175	m0359	24.8	1.86e-13	68
m0175	m0267	31.6	1.47e-10	59
m0175	m0268	24.1	3.17e-05	41
m0175	m0221	26.5	7.07e-05	40
m0175	m0180	29.9	0.000206	38
m0175	m0376	32.2	0.000269	38
m0175	m0340	27.1	0.00133	35
m0175	m0371	29.3	0.0328	31
m0175	m0339	24.0	0.125	29
m0175	m0324	22.1	0.163	28
m0175	m0307	29.8	0.278	28
m0175	m0333	30.2	0.363	27
m0175	m0367	36.7	0.474	27
m0175	m0243	24.8	0.809	26
m0175	m0257	23.8	2.35	25
m0175	m0350	36.1	8.94	23
m0175	m0202	50.0	8.94	23
m0176	m0250	67.1	8.25e-163	564
m0176	m0191	63.2	7.72e-161	558
m0176	m0400	63.8	3.97e-157	545
m0176	m0330	64.6	1.28e-155	540
m0176	m0282	65.1	1.08e-154	537
m0176	m0261	62.7	1.97e-148	517
m0176	m0317	54.9	1.24e-134	471
m0176	m0327	69.0	4.28e-127	446
m0176	m0186	55.4	6.83e-125	438
m0176	m0297	56.3	3.39e-124	436
m0176	m0280	57.8	9.23e-122	428
m0176	m0216	67.8	1.02e-120	424
m0176	m0335	68.1	1.33e-120	424
m0176	m0239	65.9	1.47e-119	421
m0176	m0296	72.5	3.28e-119	419
m0176	m0349	50.9	6.19e-118	415
m0176	m0278	54.2	5.24e-117	412
m0176	m0337	57.5	1.17e-116	411
m0176	m0219	58.1	4.91e-115	406
m0176	m0283	68.7	7.08e-114	402
m0176	m0332	52.3	4.59e-113	399
m0176	m0342	52.1	1.02e-112	398
m0176	m0348	61.1	1.74e-112	397
m0176	m0229	54.8	1.93e-111	394
m0176	m0345	50.7	2.52e-111	393
m0176	m0218	49.8	5.61e-111	392
m0176	m0321	51.7	9.57e-111	391
m0176	m0393	51.3	1.25e-110	391
m0176	m0208	52.5	1.63e-110	391
m0176	m0217	55.1	1.06e-109	388
m0176	m0256	52.1	1.06e-109	388
m0176	m0378	50.9	1.38e-109	387
m0176	m0363	50.4	1.53e-108	384
m0176	m0240	53.1	2.61e-108	383
m0176	m0370	65.5	4.45e-108	382
m0176	m0177	52.6	5.81e-108	382
m0176	m0185	48.5	7.59e-108	382
m0176	m0230	51.7	2.44e-106	377
m0176	m0246	50.6	5.63e-103	366
m0176	m0295	50.7	7.35e-103	365
m0176	m0319	51.1	2.14e-102	364
m0176	m0181	51.7	1.06e-101	361
m0176	m0406	60.9	1.48e-95	341
m0176	m0397	45.1	2.01e-92	330
m0176	m0323	55.7	6.45e-91	325
m0176	m0269	58.5	2.45e-90	324
m0176	m0201	46.3	6.68e-88	315
m0176	m0338	53.7	2.54e-87	314
m0176	m0207	50.7	3.1e-85	307
m0176	m0405	46.9	2.46e-82	297
m0176	m0232	49.0	3.11e-77	280
m0176	m0402	50.7	9.04e-77	278
m0176	m0235	47.9	3.44e-76	277
m0176	m0331	50.7	1.44e-74	271
m0176	m0368	50.7	2.09e-73	267
m0176	m0249	48.7	1.49e-71	261
m0176	m0299	48.3	2.55e-71	260
m0176	m0273	48.1	4.35e-71	260
m0176	m0234	46.2	5.68e-71	259
m0176	m0316	48.4	1.65e-70	258
m0176	m0236	47.1	2.82e-70	257
m0176	m0306	47.8	2.82e-70	257
m0176	m0237	48.5	4.81e-70	256
m0176	m0196	47.6	8.2e-70	255
m0176	m0390	48.3	8.2e-70	255
m0176	m0195	48.8	4.07e-69	253
m0176	m0380	49.3	6.94e-69	252
m0176	m0233	46.6	1.18e-68	252
m0176	m0394	47.1	1.18e-68	252
m0176	m0336	48.2	4.5e-68	250
m0176	m0274	47.2	5.88e-68	249
m0176	m0377	46.6	6.5e-67	246
m0176	m0200	44.7	1.45e-66	245
m0176	m0365	48.9	2.47e-66	244
m0176	m0264	44.1	5.5e-66	243
m0176	m0343	48.1	1.35e-64	238
m0176	m0388	44.1	1.77e-64	238
m0176	m0309	46.2	1.5e-63	235
m0176	m0305	45.9	1.27e-62	231
m0176	m0398	47.1	3.12e-61	227
m0176	m0190	46.8	3.12e-61	227
m0176	m0294	46.2	3.12e-61	227
m0176	m0382	45.7	1.19e-60	225
m0176	m0372	44.9	4.51e-60	223
m0176	m0314	42.3	3.82e-59	220
m0176	m0254	43.0	8.5e-59	219
m0176	m0247	40.6	2.83e-54	204
m0176	m0408	43.4	2.83e-54	204
m0176	m0328	43.6	3.7e-54	203
m0176	m0354	42.2	3.13e-53	200
m0176	m0266	41.8	5.34e-53	200
m0176	m0364	39.7	2.65e-52	197
m0176	m0292	40.9	1.11e-50	192
m0176	m0286	40.5	4.23e-50	190
m0176	m0212	40.0	2.1e-49	188
m0176	m0194	39.8	4.68e-49	186
m0176	m0410	39.9	7.98e-49	186
m0176	m0187	41.1	1.36e-48	185
m0176	m0178	39.9	2.32e-48	184
m0176	m0311	38.5	3.96e-48	183
m0176	m0351	38.5	8.82e-48	182
m0176	m0385	38.7	8.82e-48	182
m0176	m0387	38.5	1.15e-47	182
m0176	m0341	37.7	1.15e-47	182
m0176	m0245	38.2	3.35e-47	180
m0176	m0334	42.1	9.75e-47	179
m0176	m0179	35.7	4.84e-46	176
m0176	m0383	37.0	2.4e-45	174
m0176	m0251	37.7	5.35e-45	173
m0176	m0197	36.3	9.13e-45	172
m0176	m0312	38.3	1.72e-43	168
m0176	m0356	36.4	2.94e-43	167
m0176	m0284	39.4	1.46e-42	165
m0176	m0371	34.1	1.56e-36	145
m0176	m0275	33.3	2.58e-31	127
m0176	m0369	34.6	9.17e-29	119
m0176	m0289	28.5	1.42e-21	95
m0176	m0293	26.8	3.86e-19	87
m0176	m0396	31.1	1.37e-16	79
m0176	m0276	26.4	5.22e-16	77
m0176	m0188	27.5	8.9e-16	76
m0176	m0279	27.4	1.52e-15	75
m0176	m0231	30.9	3.74e-14	70
m0176	m0359	24.0	7.05e-13	66
m0176	m0267	22.9	1.13e-10	59
m0176	m0268	24.6	2.6e-07	48
m0176	m0409	25.7	2.43e-05	41
m0176	m0221	26.7	0.00133	35
m0176	m0376	25.9	0.00174	35
m0176	m0324	24.0	0.00297	34
m0176	m0340	45.9	0.00662	33
m0176	m0180	27.9	0.0147	32
m0176	m0284	25.6	0.0956	29
m0176	m0307	22.8	0.125	29
m0176	m0219	28.3	0.278	28
m0176	m0257	27.3	0.619	27
m0176	m0339	33.3	0.809	26
m0176	m0251	23.1	0.809	26
m0176	m0243	25.3	1.38	25
m0177	m0349	74.2	2.81e-182	629
m0177	m0330	65.5	1.08e-141	494
m0177	m0240	64.4	9.45e-138	481
m0177	m0282	67.0	1.36e-136	477
m0177	m0191	59.0	1.78e-136	477
m0177	m0246	59.5	2.18e-134	470
m0177	m0295	57.1	2.25e-131	460
m0177	m0181	60.6	3.6e-129	453
m0177	m0406	75.2	6.14e-129	452
m0177	m0250	56.9	1.85e-117	414
m0177	m0400	54.5	2.5e-114	403
m0177	m0393	54.0	5.22e-112	396
m0177	m0217	62.7	8.9e-112	395
m0177	m0256	60.5	2.59e-111	393
m0177	m0280	54.0	5.77e-111	392
m0177	m0345	50.1	2.86e-110	390
m0177	m0278	50.8	6.38e-110	389
m0177	m0321	53.3	1.42e-109	387
m0177	m0378	60.9	1.86e-109	387
m0177	m0342	51.7	3.17e-109	386
m0177	m0186	52.5	7.06e-109	385
m0177	m0348	59.6	7.06e-109	385
m0177	m0218	60.1	1.57e-108	384
m0177	m0337	62.3	2.05e-108	384
m0177	m0363	59.4	3.5e-108	383
m0177	m0332	63.6	4.57e-108	382
m0177	m0261	51.6	4.57e-108	382
m0177	m0208	60.4	7.8e-108	382
m0177	m0283	61.5	7.8e-108	382
m0177	m0230	59.4	1.02e-107	381
m0177	m0327	65.8	3.87e-107	379
m0177	m0335	64.5	3.28e-106	376
m0177	m0370	66.9	2.12e-105	374
m0177	m0296	65.2	2.35e-104	370
m0177	m0216	60.0	1.09e-101	361
m0177	m0239	57.9	4.15e-101	359
m0177	m0319	59.6	5.99e-100	356
m0177	m0207	55.6	7.82e-100	355
m0177	m0323	56.6	5.6e-98	349
m0177	m0229	51.8	8.09e-97	345
m0177	m0219	52.2	4.02e-96	343
m0177	m0338	58.3	8.95e-96	342
m0177	m0269	60.3	1.43e-93	334
m0177	m0185	46.9	1.87e-93	334
m0177	m0201	45.2	1.02e-91	328
m0177	m0405	56.4	1.34e-91	328
m0177	m0397	43.8	6.63e-91	325
m0177	m0297	49.4	8.66e-91	325
m0177	m0317	43.8	2.36e-88	317
m0177	m0331	54.4	3.9e-83	300
m0177	m0402	53.8	2.14e-81	294
m0177	m0237	53.6	1.87e-77	281
m0177	m0299	52.5	4.17e-77	280
m0177	m0235	50.7	1.59e-76	278
m0177	m0232	50.3	3.53e-76	277
m0177	m0390	54.0	6.03e-76	276
m0177	m0236	52.1	1.03e-75	275
m0177	m0316	51.7	1.03e-75	275
m0177	m0273	51.1	5.64e-74	269
m0177	m0380	51.1	2.14e-73	267
m0177	m0196	49.6	2.8e-73	267
m0177	m0306	50.9	8.15e-73	265
m0177	m0249	49.5	1.18e-71	262
m0177	m0388	50.2	2.01e-71	261
m0177	m0336	51.1	7.63e-71	259
m0177	m0264	46.8	1.3e-70	258
m0177	m0394	50.2	1.3e-70	258
m0177	m0305	48.8	3.2e-69	253
m0177	m0309	48.1	4.18e-69	253
m0177	m0233	47.5	1.59e-68	251
m0177	m0368	48.8	1.59e-68	251
m0177	m0314	48.1	5.12e-67	246
m0177	m0234	44.6	6.68e-67	246
m0177	m0195	48.8	8.72e-67	245
m0177	m0200	45.6	1.94e-66	244
m0177	m0377	48.2	4.33e-66	243
m0177	m0365	48.2	4.79e-65	240
m0177	m0294	48.9	4.79e-65	240
m0177	m0343	47.8	1.39e-64	238
m0177	m0382	46.6	4.05e-64	236
m0177	m0190	48.1	6.91e-64	236
m0177	m0274	43.4	2.01e-63	234
m0177	m0372	45.4	4.48e-63	233
m0177	m0398	48.8	2.22e-62	231
m0177	m0328	48.3	4.95e-62	230
m0177	m0247	44.6	3.55e-60	223
m0177	m0254	44.4	1.03e-59	222
m0177	m0408	43.1	4.34e-58	216
m0177	m0364	41.1	2.02e-55	208
m0177	m0354	40.6	9.37e-53	199
m0177	m0266	39.0	4.35e-50	190
m0177	m0387	39.3	3.68e-49	187
m0177	m0334	44.9	3.68e-49	187
m0177	m0341	40.2	8.2e-49	186
m0177	m0178	39.5	1.4e-48	185
m0177	m0286	36.6	1.83e-48	184
m0177	m0385	42.3	3.12e-48	184
m0177	m0212	38.5	1.55e-47	181
m0177	m0410	38.4	1.55e-47	181
m0177	m0187	39.9	1.31e-46	178
m0177	m0194	38.4	1.31e-46	178
m0177	m0311	38.0	4.98e-46	176
m0177	m0284	43.3	8.49e-46	176
m0177	m0356	38.4	1.11e-45	175
m0177	m0251	38.8	1.89e-45	174
m0177	m0292	38.0	2.47e-45	174
m0177	m0351	38.6	5.5e-45	173
m0177	m0197	37.4	1.6e-44	171
m0177	m0383	38.5	6.08e-44	169
m0177	m0245	37.0	1.77e-43	168
m0177	m0179	36.6	1.15e-42	165
m0177	m0312	35.8	5.69e-42	163
m0177	m0371	33.8	4.83e-33	133
m0177	m0369	32.5	6.53e-30	123
m0177	m0275	31.7	1.9e-29	121
m0177	m0289	29.8	9.76e-26	109
m0177	m0188	29.8	4.39e-18	84
m0177	m0396	29.0	7.49e-18	83
m0177	m0279	28.2	1.08e-16	79
m0177	m0293	24.8	1.32e-14	72
m0177	m0267	30.2	6.56e-14	70
m0177	m0276	24.0	1.46e-13	69
m0177	m0231	30.2	7.25e-13	66
m0177	m0359	23.8	6.14e-12	63
m0177	m0268	25.6	5.38e-08	50
m0177	m0409	28.5	0.000212	38
m0177	m0221	28.1	0.00234	35
m0177	m0221	24.8	0.00234	35
m0177	m0340	27.7	0.00305	34
m0177	m0324	22.3	0.0116	32
m0177	m0180	26.6	0.0259	31
m0177	m0318	25.6	0.0259	31
m0177	m0307	23.7	0.0441	30
m0177	m0189	27.1	0.0576	30
m0177	m0376	31.0	0.0576	30
m0177	m0339	29.7	0.0576	30
m0177	m0257	22.5	0.373	27
m0177	m0228	50.0	9.2	23
m0178	m0187	86.5	3.06e-156	542
m0178	m0197	83.4	5.59e-150	521
m0178	m0312	84.2	1.13e-142	497
m0178	m0251	68.1	2.08e-112	396
m0178	m0356	55.2	9.37e-97	344
m0178	m0383	55.1	9.37e-97	344
m0178	m0311	53.2	2.55e-94	336
m0178	m0292	53.3	1.4e-92	330
m0178	m0351	51.7	1.83e-92	330
m0178	m0179	52.2	1.19e-91	327
m0178	m0410	55.3	2.09e-88	317
m0178	m0247	51.0	1.55e-83	300
m0178	m0266	51.4	6.75e-79	285
m0178	m0194	52.3	1.15e-78	284
m0178	m0354	50.5	4.83e-77	279
m0178	m0314	46.5	3.36e-70	256
m0178	m0385	44.9	4.38e-70	256
m0178	m0328	49.1	4.38e-70	256
m0178	m0402	46.6	5.72e-70	255
m0178	m0306	47.5	7.48e-70	255
m0178	m0232	46.8	7.48e-70	255
m0178	m0235	45.9	1.28e-69	254
m0178	m0190	48.1	2.84e-69	253
m0178	m0273	45.1	1.41e-68	251
m0178	m0196	45.8	5.36e-68	249
m0178	m0382	44.4	1.19e-67	248
m0178	m0377	42.9	2.66e-67	247
m0178	m0236	45.2	3.47e-67	246
m0178	m0237	46.7	4.54e-67	246
m0178	m0398	46.2	7.74e-67	245
m0178	m0234	44.1	1.72e-66	244
m0178	m0299	46.8	1.72e-66	244
m0178	m0331	46.3	2.94e-66	243
m0178	m0336	44.0	1.91e-65	240
m0178	m0394	43.5	7.24e-65	238
m0178	m0264	43.9	7.24e-65	238
m0178	m0390	44.2	9.46e-65	238
m0178	m0316	43.9	1.24e-64	238
m0178	m0368	45.5	3.59e-64	236
m0178	m0249	42.7	4.69e-64	236
m0178	m0341	45.4	6.13e-64	235
m0178	m0380	41.4	1.37e-63	234
m0178	m0388	40.6	1.16e-62	231
m0178	m0309	40.9	2.04e-59	220
m0178	m0365	41.7	4.55e-59	219
m0178	m0200	43.6	1.01e-58	218
m0178	m0233	41.0	8.57e-58	215
m0178	m0334	40.0	4.25e-57	213
m0178	m0372	41.8	1.24e-56	211
m0178	m0195	37.7	1.62e-56	211
m0178	m0254	38.3	1.98e-54	204
m0178	m0274	41.6	5.75e-54	202
m0178	m0343	38.8	5.75e-54	202
m0178	m0294	39.8	5.75e-54	202
m0178	m0364	38.2	1.67e-53	201
m0178	m0245	38.1	2.19e-53	200
m0178	m0305	39.4	2.85e-53	200
m0178	m0397	41.8	8.3e-53	198
m0178	m0323	43.1	1.08e-52	198
m0178	m0185	40.0	5.95e-51	192
m0178	m0181	41.9	1.02e-50	191
m0178	m0201	41.8	1.33e-50	191
m0178	m0284	41.2	2.95e-50	190
m0178	m0400	40.5	2.95e-50	190
m0178	m0269	41.3	6.58e-50	189
m0178	m0246	40.7	6.58e-50	189
m0178	m0408	37.9	6.58e-50	189
m0178	m0282	40.4	8.59e-50	188
m0178	m0317	41.7	1.12e-49	188
m0178	m0332	39.4	1.12e-49	188
m0178	m0338	40.6	1.12e-49	188
m0178	m0296	40.5	1.12e-49	188
m0178	m0191	38.7	1.91e-49	187
m0178	m0349	39.3	2.5e-49	187
m0178	m0283	37.1	4.26e-49	186
m0178	m0218	39.5	4.26e-49	186
m0178	m0370	38.4	5.57e-49	186
m0178	m0363	39.7	5.57e-49	186
m0178	m0405	40.4	1.24e-48	184
m0178	m0348	40.1	1.24e-48	184
m0178	m0393	39.0	2.12e-48	184
m0178	m0342	39.9	2.76e-48	183
m0178	m0371	37.1	3.61e-48	183
m0178	m0208	39.2	4.72e-48	183
m0178	m0321	38.3	4.72e-48	183
m0178	m0387	37.5	6.16e-48	182
m0178	m0406	41.4	8.04e-48	182
m0178	m0217	39.6	1.05e-47	181
m0178	m0286	36.7	1.37e-47	181
m0178	m0335	39.3	1.79e-47	181
m0178	m0230	38.0	1.79e-47	181
m0178	m0345	39.3	1.79e-47	181
m0178	m0337	37.3	2.34e-47	180
m0178	m0250	38.5	3.06e-47	180
m0178	m0216	38.4	3.06e-47	180
m0178	m0378	38.0	3.06e-47	180
m0178	m0280	39.8	3.06e-47	180
m0178	m0240	39.6	3.99e-47	179
m0178	m0295	41.8	3.99e-47	179
m0178	m0319	38.4	3.99e-47	179
m0178	m0278	36.4	8.89e-47	178
m0178	m0256	38.7	1.52e-46	178
m0178	m0297	39.2	1.98e-46	177
m0178	m0229	40.4	2.59e-46	177
m0178	m0330	37.1	4.41e-46	176
m0178	m0212	35.9	7.53e-46	175
m0178	m0261	40.0	4.88e-45	173
m0178	m0186	40.9	4.88e-45	173
m0178	m0239	35.8	1.09e-44	171
m0178	m0207	38.5	2.42e-44	170
m0178	m0219	39.2	2.05e-43	167
m0178	m0327	36.2	4.57e-43	166
m0178	m0369	34.8	7.79e-43	165
m0178	m0275	31.8	1.16e-38	151
m0178	m0289	30.2	6.61e-34	136
m0178	m0188	31.7	2.44e-20	91
m0178	m0359	25.6	2.7e-19	87
m0178	m0293	25.6	4.6e-19	86
m0178	m0276	26.5	3.08e-15	74
m0178	m0231	26.7	6.87e-15	72
m0178	m0268	28.0	6.43e-13	66
m0178	m0279	32.6	3.19e-12	64
m0178	m0396	25.6	4.61e-11	60
m0178	m0220	25.7	9e-07	45
m0178	m0221	27.5	2.62e-06	44
m0178	m0376	25.0	0.0103	32
m0178	m0340	36.6	0.0134	32
m0178	m0180	24.0	0.0871	29
m0178	m0231	35.1	0.149	28
m0178	m0407	28.7	4.78	23
m0178	m0340	23.8	4.78	23
m0178	m0339	25.4	4.78	23
m0179	m0311	74.4	2.79e-136	476
m0179	m0351	73.9	2.21e-133	466
m0179	m0292	73.9	1.1e-132	464
m0179	m0410	66.8	1.35e-122	430
m0179	m0383	61.2	1.89e-108	383
m0179	m0356	53.8	1.04e-98	351
m0179	m0251	57.5	1.36e-98	351
m0179	m0312	57.4	7.97e-91	325
m0179	m0187	51.9	3.03e-90	323
m0179	m0197	51.9	3.95e-90	322
m0179	m0247	45.4	4.24e-76	276
m0179	m0402	46.4	3.72e-72	263
m0179	m0382	45.6	1.85e-71	260
m0179	m0354	46.4	3.15e-71	260
m0179	m0314	45.6	4.11e-71	259
m0179	m0235	46.1	1.2e-70	258
m0179	m0190	48.9	1.2e-70	258
m0179	m0273	44.3	2.66e-70	257
m0179	m0249	44.1	2.66e-70	257
m0179	m0232	44.9	4.55e-70	256
m0179	m0385	44.0	7.75e-70	255
m0179	m0196	44.7	1.73e-69	254
m0179	m0331	45.3	2.26e-69	253
m0179	m0306	45.4	2.26e-69	253
m0179	m0264	44.6	1.46e-68	251
m0179	m0234	44.0	2.49e-68	250
m0179	m0328	46.5	1.24e-67	248
m0179	m0388	44.7	2.11e-67	247
m0179	m0299	46.1	2.76e-67	247
m0179	m0336	44.8	2.76e-67	247
m0179	m0266	44.8	6.14e-67	245
m0179	m0377	43.8	1.16e-65	241
m0179	m0390	45.0	3.37e-65	240
m0179	m0194	45.9	4.4e-65	239
m0179	m0380	42.1	2.85e-64	236
m0179	m0233	43.0	4.87e-64	236
m0179	m0394	39.9	1.08e-63	235
m0179	m0316	43.5	1.42e-63	234
m0179	m0398	42.9	2.42e-63	233
m0179	m0237	43.9	1.01e-61	228
m0179	m0368	42.8	1.33e-61	228
m0179	m0236	41.9	2.5e-60	223
m0179	m0365	43.1	2.5e-60	223
m0179	m0309	41.0	4.26e-60	223
m0179	m0343	42.2	1.62e-59	221
m0179	m0305	39.5	2.76e-59	220
m0179	m0341	40.5	6.16e-59	219
m0179	m0372	40.5	1.79e-58	217
m0179	m0195	39.3	2.34e-58	217
m0179	m0334	40.5	5.76e-57	212
m0179	m0200	39.9	5.76e-57	212
m0179	m0254	40.5	7.53e-57	212
m0179	m0364	41.4	3.74e-56	210
m0179	m0294	38.3	3.87e-53	200
m0179	m0185	38.6	1.92e-52	197
m0179	m0274	37.6	4.73e-51	193
m0179	m0387	37.8	5.22e-50	189
m0179	m0393	38.4	8.91e-50	188
m0179	m0201	40.0	1.52e-49	188
m0179	m0296	37.8	3.39e-49	186
m0179	m0284	41.1	4.42e-49	186
m0179	m0408	38.6	4.42e-49	186
m0179	m0397	39.3	7.54e-49	185
m0179	m0245	36.7	1.29e-48	184
m0179	m0321	37.6	1.68e-48	184
m0179	m0338	37.6	3.74e-48	183
m0179	m0342	38.9	3.74e-48	183
m0179	m0370	39.7	1.09e-47	181
m0179	m0400	39.0	1.09e-47	181
m0179	m0283	38.3	1.09e-47	181
m0179	m0230	38.0	1.42e-47	181
m0179	m0218	39.1	1.42e-47	181
m0179	m0323	37.1	1.86e-47	181
m0179	m0212	38.3	4.14e-47	179
m0179	m0337	37.8	5.41e-47	179
m0179	m0217	38.3	7.06e-47	179
m0179	m0208	38.4	9.22e-47	178
m0179	m0363	38.3	1.2e-46	178
m0179	m0256	38.7	1.57e-46	178
m0179	m0250	38.3	2.68e-46	177
m0179	m0345	37.6	2.68e-46	177
m0179	m0348	37.4	3.5e-46	176
m0179	m0269	37.4	4.58e-46	176
m0179	m0297	38.7	7.81e-46	175
m0179	m0319	39.5	1.33e-45	174
m0179	m0181	38.6	1.33e-45	174
m0179	m0378	36.6	2.27e-45	174
m0179	m0240	38.1	2.97e-45	173
m0179	m0278	37.6	3.87e-45	173
m0179	m0369	38.0	3.87e-45	173
m0179	m0332	37.4	3.87e-45	173
m0179	m0286	35.0	5.06e-45	173
m0179	m0406	38.2	6.61e-45	172
m0179	m0335	37.4	6.61e-45	172
m0179	m0216	34.6	1.47e-44	171
m0179	m0317	35.8	2.51e-44	170
m0179	m0191	36.6	2.51e-44	170
m0179	m0261	37.5	9.54e-44	168
m0179	m0229	36.7	9.54e-44	168
m0179	m0405	35.9	1.63e-43	168
m0179	m0186	38.5	1.63e-43	168
m0179	m0239	37.1	1.63e-43	168
m0179	m0282	36.9	2.78e-43	167
m0179	m0280	36.3	4.74e-43	166
m0179	m0349	35.3	4.74e-43	166
m0179	m0330	35.1	6.19e-43	166
m0179	m0246	37.3	8.08e-43	165
m0179	m0327	37.5	8.08e-43	165
m0179	m0295	37.0	1.38e-42	164
m0179	m0275	36.1	1.38e-42	164
m0179	m0371	35.1	3.07e-42	163
m0179	m0207	37.4	6.84e-42	162
m0179	m0219	36.4	2.6e-41	160
m0179	m0289	28.1	1.75e-29	121
m0179	m0293	26.0	1.3e-24	105
m0179	m0359	25.9	7.86e-22	96
m0179	m0188	28.6	2.99e-21	94
m0179	m0231	27.3	6.23e-19	86
m0179	m0276	24.2	1.1e-15	75
m0179	m0221	33.9	3.31e-12	64
m0179	m0376	27.5	2.3e-05	41
m0179	m0340	32.5	3.92e-05	40
m0179	m0180	25.2	0.000254	37
m0179	m0220	25.3	0.000332	37
m0179	m0340	28.2	0.000566	36
m0179	m0261	30.4	1.3	25
m0179	m0220	31.9	2.91	24
m0180	m0376	65.8	2.25e-102	363
m0180	m0340	35.7	2.08e-31	127
m0180	m0300	30.1	8.74e-30	122
m0180	m0329	30.4	5.67e-29	119
m0180	m0231	29.6	7.96e-07	45
m0180	m0257	27.1	1.04e-06	45
m0180	m0221	25.0	3.03e-06	44
m0180	m0276	26.5	3.95e-06	43
m0180	m0266	30.8	1.15e-05	42
m0180	m0233	28.9	2.56e-05	40
m0180	m0314	29.8	3.35e-05	40
m0180	m0351	27.1	4.37e-05	40
m0180	m0190	29.0	5.71e-05	39
m0180	m0311	27.1	5.71e-05	39
m0180	m0207	26.8	7.45e-05	39
m0180	m0356	29.3	9.73e-05	39
m0180	m0294	29.3	9.73e-05	39
m0180	m0247	25.6	0.000127	38
m0180	m0410	24.1	0.000217	37
m0180	m0195	26.2	0.000483	36
m0180	m0328	28.2	0.000631	36
m0180	m0251	26.4	0.000631	36
m0180	m0402	25.5	0.000631	36
m0180	m0368	29.9	0.000824	35
m0180	m0235	30.4	0.000824	35
m0180	m0334	27.5	0.00108	35
m0180	m0306	27.7	0.00108	35
m0180	m0196	29.1	0.00141	35
m0180	m0354	27.3	0.00141	35
m0180	m0349	27.4	0.00141	35
m0180	m0327	26.1	0.00184	34
m0180	m0296	28.6	0.00184	34
m0180	m0250	28.8	0.00184	34
m0180	m0232	29.3	0.00184	34
m0180	m0249	25.8	0.00184	34
m0180	m0383	28.7	0.00184	34
m0180	m0398	28.8	0.00184	34
m0180	m0191	29.7	0.0024	34
m0180	m0292	25.6	0.0024	34
m0180	m0305	24.1	0.0024	34
m0180	m0408	28.1	0.0024	34
m0180	m0230	27.4	0.00313	33
m0180	m0239	26.1	0.00313	33
m0180	m0331	24.7	0.00313	33
m0180	m0181	29.6	0.00409	33
m0180	m0377	28.3	0.00409	33
m0180	m0390	28.0	0.00409	33
m0180	m0274	28.8	0.00409	33
m0180	m0370	29.0	0.00534	33
m0180	m0273	30.7	0.00534	33
m0180	m0297	23.3	0.00534	33
m0180	m0250	26.6	0.00534	33
m0180	m0240	28.2	0.00534	33
m0180	m0349	22.4	0.00698	32
m0180	m0217	28.8	0.00698	32
m0180	m0336	26.2	0.00698	32
m0180	m0194	26.1	0.00698	32
m0180	m0278	33.0	0.00911	32
m0180	m0217	27.5	0.00911	32
m0180	m0282	29.0	0.00911	32
m0180	m0284	22.0	0.00911	32
m0180	m0316	30.3	0.00911	32
m0180	m0321	30.1	0.00911	32
m0180	m0235	24.4	0.0119	32
m0180	m0232	25.6	0.0119	32
m0180	m0394	25.0	0.0119	32
m0180	m0337	31.3	0.0119	32
m0180	m0330	27.4	0.0119	32
m0180	m0230	26.5	0.0119	32
m0180	m0283	28.7	0.0119	32
m0180	m0246	27.9	0.0119	32
m0180	m0382	25.5	0.0119	32
m0180	m0216	25.8	0.0155	31
m0180	m0335	24.6	0.0203	31
m0180	m0318	26.3	0.0203	31
m0180	m0380	27.3	0.0203	31
m0180	m0280	26.3	0.0203	31
m0180	m0208	36.4	0.0265	30
m0180	m0208	27.3	0.0265	30
m0180	m0342	27.4	0.0265	30
m0180	m0219	25.4	0.0346	30
m0180	m0309	29.8	0.0346	30
m0180	m0321	26.3	0.0346	30
m0180	m0363	27.1	0.0346	30
m0180	m0388	23.5	0.0346	30
m0180	m0319	29.7	0.0346	30
m0180	m0273	25.9	0.0346	30
m0180	m0331	29.6	0.0346	30
m0180	m0367	29.3	0.0452	30
m0180	m0365	26.1	0.0452	30
m0180	m0236	28.1	0.0452	30
m0180	m0234	24.8	0.0452	30
m0180	m0332	27.4	0.0591	29
m0180	m0345	27.4	0.0591	29
m0180	m0185	26.1	0.0591	29
m0180	m0378	27.4	0.0591	29
m0180	m0218	27.4	0.0591	29
m0180	m0334	26.8	0.0591	29
m0180	m0341	25.4	0.0591	29
m0180	m0299	28.2	0.0591	29
m0180	m0261	26.8	0.0771	29
m0180	m0237	27.5	0.0771	29
m0180	m0397	26.1	0.0771	29
m0180	m0348	26.6	0.0771	29
m0180	m0387	28.2	0.0771	29
m0180	m0393	27.4	0.0771	29
m0180	m0197	30.0	0.0771	29
m0180	m0186	26.8	0.0771	29
m0180	m0256	27.4	0.0771	29
m0180	m0291	29.1	0.101	28
m0180	m0240	25.0	0.101	28
m0180	m0229	24.6	0.101	28
m0180	m0199	37.2	0.101	28
m0180	m0243	25.0	0.101	28
m0180	m0236	23.9	0.132	28
m0180	m0187	23.3	0.132	28
m0180	m0312	26.2	0.132	28
m0180	m0316	30.8	0.172	28
m0180	m0338	27.4	0.172	28
m0180	m0409	26.7	0.172	28
m0180	m0269	28.9	0.224	27
m0180	m0295	29.7	0.224	27
m0180	m0323	28.0	0.224	27
m0180	m0378	25.4	0.293	27
m0180	m0264	25.8	0.293	27
m0180	m0200	27.5	0.383	27
m0180	m0406	28.6	0.383	27
m0180	m0271	26.4	0.383	27
m0180	m0249	23.5	0.383	27
m0180	m0370	27.8	0.5	26
m0180	m0332	30.9	0.5	26
m0180	m0405	23.8	0.653	26
m0180	m0390	23.9	0.653	26
m0180	m0237	22.7	0.653	26
m0180	m0212	31.5	0.853	25
m0180	m0199	42.9	0.853	25
m0180	m0299	24.8	0.853	25
m0180	m0271	31.4	0.853	25
m0180	m0218	25.4	1.11	25
m0180	m0400	23.4	1.11	25
m0180	m0282	25.0	1.11	25
m0180	m0318	44.4	1.45	25
m0180	m0345	30.9	1.45	25
m0180	m0275	40.5	1.45	25
m0180	m0377	29.8	1.45	25
m0180	m0201	25.9	1.45	25
m0180	m0286	29.5	1.45	25
m0180	m0323	22.2	1.9	24
m0180	m0364	24.3	1.9	24
m0180	m0268	21.4	2.48	24
m0180	m0336	25.9	2.48	24
m0180	m0341	38.9	3.24	23
m0180	m0369	35.9	7.22	22
m0180	m0254	36.8	7.22	22
m0180	m0369	36.4	9.43	22
m0181	m0246	80.7	2.42e-196	676
m0181	m0295	78.9	1.68e-189	653
m0181	m0240	71.3	4.59e-171	592
m0181	m0278	62.1	4.18e-148	515
m0181	m0337	61.4	1.76e-146	510
m0181	m0283	60.8	3.79e-141	492
m0181	m0342	56.0	6.26e-136	475
m0181	m0345	55.6	3.11e-135	473
m0181	m0319	58.4	1.54e-134	470
m0181	m0378	54.9	4.48e-134	469
m0181	m0321	55.3	4.48e-134	469
m0181	m0208	55.9	5.86e-134	468
m0181	m0256	55.9	1.3e-133	467
m0181	m0332	54.7	6.48e-133	465
m0181	m0393	54.3	2.46e-132	463
m0181	m0348	54.7	4.2e-132	462
m0181	m0218	53.9	1.35e-130	457
m0181	m0230	52.7	3.33e-129	453
m0181	m0363	52.2	3.68e-128	449
m0181	m0406	81.1	1.07e-127	448
m0181	m0217	56.8	3.81e-125	439
m0181	m0330	59.0	2.47e-124	436
m0181	m0219	53.7	1.15e-121	428
m0181	m0282	59.3	1.15e-121	428
m0181	m0349	57.7	1.65e-120	424
m0181	m0397	50.7	2.16e-120	423
m0181	m0191	59.8	6.29e-120	422
m0181	m0229	53.4	8.21e-120	421
m0181	m0201	50.9	2.39e-119	420
m0181	m0400	53.1	4.99e-109	386
m0181	m0250	51.7	1.61e-107	381
m0181	m0327	66.7	4.37e-105	372
m0181	m0370	66.8	2.17e-104	370
m0181	m0261	66.4	3.7e-104	369
m0181	m0186	66.9	1.08e-103	368
m0181	m0335	65.2	1.19e-102	364
m0181	m0280	50.8	2.93e-101	360
m0181	m0296	66.1	2.93e-101	360
m0181	m0239	63.3	3.97e-98	349
m0181	m0323	63.3	2.18e-96	344
m0181	m0216	59.6	7.74e-94	335
m0181	m0405	53.4	1.01e-93	335
m0181	m0338	61.1	8.56e-93	332
m0181	m0207	61.3	1.46e-92	331
m0181	m0269	57.2	1.24e-91	328
m0181	m0185	47.4	2.75e-91	327
m0181	m0297	46.6	1.85e-87	314
m0181	m0317	46.1	2.04e-86	310
m0181	m0331	55.6	2.86e-80	290
m0181	m0402	52.8	6.58e-77	279
m0181	m0299	53.5	1.62e-75	274
m0181	m0237	52.7	1.37e-74	271
m0181	m0390	52.8	2.34e-74	270
m0181	m0316	53.0	3.38e-73	267
m0181	m0236	51.6	1.28e-72	265
m0181	m0380	51.1	3.74e-72	263
m0181	m0232	50.0	1.42e-71	261
m0181	m0273	50.9	1.85e-71	261
m0181	m0196	50.7	5.4e-71	259
m0181	m0235	49.1	5.4e-71	259
m0181	m0249	49.8	7.05e-71	259
m0181	m0306	50.9	1.74e-69	254
m0181	m0234	47.6	8.62e-69	252
m0181	m0394	47.8	1.62e-67	248
m0181	m0264	47.5	3.62e-67	247
m0181	m0233	48.3	8.06e-67	245
m0181	m0388	48.4	1.38e-66	245
m0181	m0336	48.9	3.06e-66	243
m0181	m0309	50.6	1.16e-65	242
m0181	m0200	47.5	2.59e-65	240
m0181	m0274	48.2	1.68e-64	238
m0181	m0377	46.9	2.87e-64	237
m0181	m0368	48.2	2.87e-64	237
m0181	m0305	47.8	1.86e-63	234
m0181	m0294	49.1	2.43e-63	234
m0181	m0314	47.0	1.57e-62	231
m0181	m0190	47.3	1.57e-62	231
m0181	m0398	47.7	1.57e-62	231
m0181	m0382	46.4	1.74e-61	228
m0181	m0343	46.4	3.88e-61	226
m0181	m0365	45.1	6.61e-61	226
m0181	m0195	46.5	1.13e-60	225
m0181	m0372	43.1	1.47e-60	225
m0181	m0328	46.2	3.28e-60	223
m0181	m0254	43.8	6.19e-59	219
m0181	m0247	43.6	5.79e-57	213
m0181	m0408	42.1	2.43e-55	207
m0181	m0354	41.4	5.61e-52	196
m0181	m0364	39.9	4.75e-51	193
m0181	m0341	40.8	5.25e-50	190
m0181	m0187	41.6	1.17e-49	188
m0181	m0385	41.6	2e-49	188
m0181	m0334	46.6	7.58e-49	186
m0181	m0410	41.4	9.9e-49	185
m0181	m0292	40.3	2.21e-48	184
m0181	m0266	37.9	6.42e-48	183
m0181	m0251	41.2	8.38e-48	182
m0181	m0311	42.0	8.38e-48	182
m0181	m0194	40.1	9.27e-47	179
m0181	m0312	39.5	9.27e-47	179
m0181	m0356	40.2	2.07e-46	178
m0181	m0351	41.3	2.07e-46	178
m0181	m0387	38.2	6.01e-46	176
m0181	m0383	38.9	1.75e-45	174
m0181	m0212	37.7	2.28e-45	174
m0181	m0197	38.0	2.98e-45	174
m0181	m0286	37.1	2.14e-43	168
m0181	m0284	41.7	6.87e-42	163
m0181	m0245	37.0	3.77e-40	157
m0181	m0371	34.8	6.89e-34	136
m0181	m0369	33.7	2.71e-30	124
m0181	m0275	32.2	2.8e-27	114
m0181	m0289	31.1	2.9e-24	104
m0181	m0396	31.1	6.92e-18	83
m0181	m0279	29.4	3.8e-16	77
m0181	m0293	26.2	6.48e-16	76
m0181	m0188	27.7	1.89e-15	75
m0181	m0231	31.3	1.22e-14	72
m0181	m0276	25.1	8.76e-13	66
m0181	m0359	24.9	1.65e-11	62
m0181	m0267	24.7	3.11e-10	57
m0181	m0268	26.0	7.94e-06	43
m0181	m0409	28.2	1.77e-05	42
m0181	m0376	27.0	0.000436	37
m0181	m0221	28.3	0.00166	35
m0181	m0340	25.2	0.0239	31
m0181	m0307	21.6	0.0908	29
m0181	m0333	29.9	0.119	29
m0181	m0339	35.0	0.264	28
m0181	m0324	22.1	0.345	27
m0181	m0399	23.8	0.589	27
m0181	m0199	25.2	1.31	25
m0181	m0411	25.6	1.31	25
m0181	m0241	61.5	2.92	24
m0181	m0367	34.1	4.98	23
m0182	m0277	44.0	1.05e-72	265
m0182	m0248	43.4	2.18e-70	257
m0182	m0412	42.5	9.48e-66	242
m0182	m0320	39.4	1.51e-63	234
m0182	m0253	38.3	1.62e-57	214
m0182	m0193	39.2	3.61e-57	213
m0182	m0386	39.0	8.04e-57	212
m0182	m0288	38.5	3.38e-55	206
m0182	m0389	38.8	1.28e-54	205
m0182	m0211	40.7	1.09e-53	201
m0182	m0315	36.1	1.74e-51	194
m0182	m0224	37.1	4.73e-49	186
m0182	m0404	34.5	8.08e-41	159
m0182	m0189	35.8	1.38e-40	158
m0182	m0353	34.2	1.38e-40	158
m0182	m0357	31.2	9.24e-37	145
m0182	m0228	32.9	3.88e-35	140
m0182	m0285	30.1	7.32e-34	136
m0182	m0244	32.0	1.38e-32	131
m0182	m0361	28.9	5.8e-31	126
m0182	m0379	29.0	1.43e-29	121
m0182	m0222	30.0	2.98e-27	114
m0182	m0384	29.3	2.98e-27	114
m0182	m0270	30.4	1.13e-26	112
m0182	m0209	27.6	1.64e-25	108
m0182	m0258	30.5	2.14e-25	107
m0182	m0223	29.4	3.64e-25	107
m0182	m0408	22.8	0.0966	29
m0182	m0271	61.1	3.11	24
m0182	m0207	29.6	4.06	23
m0183	m0199	23.8	3.29e-09	54
m0183	m0344	28.2	0.0134	32
m0183	m0409	22.6	0.0509	30
m0183	m0279	25.7	0.0868	29
m0183	m0346	28.1	0.148	28
m0183	m0300	25.3	1.64	25
m0184	m0305	24.7	0.00162	34
m0184	m0237	26.7	0.151	28
m0184	m0334	22.4	1.67	24
m0184	m0185	26.0	1.67	24
m0184	m0207	23.3	2.19	24
m0184	m0306	26.4	4.87	23
m0185	m0186	53.3	2.11e-124	437
m0185	m0400	50.9	3.49e-119	419
m0185	m0261	51.9	5.96e-119	419
m0185	m0317	50.9	1.62e-116	411
m0185	m0250	52.2	1.98e-114	404
m0185	m0191	49.3	3.74e-113	399
m0185	m0330	50.8	1.42e-112	398
m0185	m0282	50.5	1.24e-108	384
m0185	m0297	49.8	8.35e-105	372
m0185	m0217	49.2	5.41e-104	369
m0185	m0342	50.2	9.23e-104	368
m0185	m0345	48.9	5.98e-103	366
m0185	m0393	56.4	2.27e-102	364
m0185	m0332	57.5	2.27e-102	364
m0185	m0218	56.5	1.47e-101	361
m0185	m0256	53.9	2.51e-101	360
m0185	m0230	57.1	1.25e-100	358
m0185	m0378	55.6	4.74e-100	356
m0185	m0208	49.9	1.8e-99	354
m0185	m0348	55.1	1.17e-98	351
m0185	m0321	57.1	7.57e-98	349
m0185	m0323	62.4	9.89e-98	348
m0185	m0363	54.6	6.41e-97	346
m0185	m0280	45.7	1.09e-96	345
m0185	m0397	46.1	7.08e-96	342
m0185	m0295	47.4	9.25e-96	342
m0185	m0269	61.1	4.59e-95	339
m0185	m0216	56.5	1.75e-94	337
m0185	m0338	58.3	2.98e-94	337
m0185	m0349	44.7	5.08e-94	336
m0185	m0240	53.4	8.66e-94	335
m0185	m0296	55.9	1.63e-92	331
m0185	m0335	55.2	5.25e-91	326
m0185	m0201	45.8	5.81e-90	322
m0185	m0337	51.5	1.29e-89	321
m0185	m0327	52.1	8.39e-89	319
m0185	m0219	46.5	1.43e-88	318
m0185	m0246	45.0	3.19e-88	317
m0185	m0405	52.2	5.44e-88	316
m0185	m0239	50.4	1.03e-86	312
m0185	m0406	53.5	5.09e-86	309
m0185	m0278	43.5	6.65e-86	309
m0185	m0229	44.9	1.13e-85	308
m0185	m0283	44.3	5.63e-85	306
m0185	m0319	54.0	4.76e-84	303
m0185	m0402	51.7	5.82e-82	296
m0185	m0331	52.9	3.77e-81	293
m0185	m0196	50.6	4.17e-80	290
m0185	m0370	52.2	7.12e-80	289
m0185	m0390	53.6	1.34e-78	285
m0185	m0273	50.3	2.99e-78	283
m0185	m0234	48.6	3.91e-78	283
m0185	m0235	50.3	3.31e-77	280
m0185	m0207	47.0	9.62e-77	278
m0185	m0236	52.2	2.14e-76	277
m0185	m0306	51.7	2.14e-76	277
m0185	m0232	51.2	3.66e-76	277
m0185	m0233	53.6	4.77e-76	276
m0185	m0394	52.8	2.37e-75	274
m0185	m0237	54.3	4.04e-75	273
m0185	m0299	53.1	6.89e-75	272
m0185	m0316	51.4	6.89e-75	272
m0185	m0249	48.6	2.62e-74	270
m0185	m0200	51.2	1.7e-73	268
m0185	m0380	51.4	3.78e-73	267
m0185	m0264	47.2	6.45e-73	266
m0185	m0343	50.5	4.18e-72	263
m0185	m0305	48.6	7.89e-71	259
m0185	m0336	49.3	1.76e-70	258
m0185	m0368	49.0	3.31e-69	253
m0185	m0309	47.6	3.66e-68	250
m0185	m0388	46.2	1.82e-67	248
m0185	m0398	50.4	3.1e-67	247
m0185	m0365	44.7	9.98e-66	242
m0185	m0382	47.7	2.22e-65	241
m0185	m0377	45.3	2.22e-65	241
m0185	m0372	45.5	1.88e-64	238
m0185	m0274	46.3	9.34e-64	235
m0185	m0195	43.2	9.34e-64	235
m0185	m0314	46.6	9.34e-64	235
m0185	m0190	47.5	6.05e-63	233
m0185	m0328	46.4	5.12e-62	230
m0185	m0254	44.1	6.69e-62	229
m0185	m0408	43.0	1.26e-60	225
m0185	m0294	46.0	1.82e-59	221
m0185	m0247	43.9	2.02e-58	218
m0185	m0354	43.5	2.46e-56	211
m0185	m0311	42.4	2.09e-55	208
m0185	m0341	43.6	7.92e-55	206
m0185	m0410	38.5	7.92e-55	206
m0185	m0351	40.5	1.35e-54	205
m0185	m0387	44.0	1.77e-54	205
m0185	m0266	41.5	6.71e-54	203
m0185	m0385	39.5	1.49e-53	201
m0185	m0334	40.4	2.55e-53	201
m0185	m0187	41.5	2.82e-52	197
m0185	m0364	38.6	1.4e-51	195
m0185	m0292	39.5	1.4e-51	195
m0185	m0383	38.3	1.18e-50	192
m0185	m0212	39.9	2.64e-50	191
m0185	m0284	43.0	7.68e-50	189
m0185	m0356	41.7	7.68e-50	189
m0185	m0194	41.8	3.81e-49	187
m0185	m0251	41.0	3.81e-49	187
m0185	m0197	39.2	4.98e-49	186
m0185	m0286	39.3	5.5e-48	183
m0185	m0312	40.3	6.08e-47	179
m0185	m0245	36.0	3.34e-45	174
m0185	m0371	35.4	9.11e-35	139
m0185	m0275	33.5	1.23e-31	129
m0185	m0369	34.7	2.1e-31	128
m0185	m0289	31.1	8.82e-30	122
m0185	m0279	29.8	5.37e-19	87
m0185	m0276	27.0	2.25e-17	81
m0185	m0293	25.4	1.12e-16	79
m0185	m0396	31.4	2.49e-16	78
m0185	m0188	28.2	2.49e-16	78
m0185	m0231	28.0	8.02e-15	73
m0185	m0267	26.8	1.79e-14	72
m0185	m0359	24.0	5.38e-11	60
m0185	m0268	24.0	3.61e-07	47
m0185	m0307	24.6	1.16e-05	42
m0185	m0221	21.5	1.16e-05	42
m0185	m0409	40.0	3.38e-05	41
m0185	m0399	26.7	0.000286	38
m0185	m0339	28.6	0.00185	35
m0185	m0291	34.9	0.00316	34
m0185	m0340	23.3	0.00316	34
m0185	m0411	25.5	0.0456	30
m0185	m0324	26.1	0.173	28
m0185	m0188	28.2	0.226	28
m0185	m0199	41.9	0.504	27
m0185	m0280	26.1	0.504	27
m0185	m0371	29.2	1.12	26
m0185	m0204	26.2	1.92	25
m0185	m0199	50.0	2.5	25
m0185	m0376	30.6	3.27	24
m0185	m0198	34.0	7.28	23
m0185	m0281	21.9	7.28	23
m0186	m0261	84.4	7.56e-201	691
m0186	m0400	66.0	2.91e-152	529
m0186	m0191	59.5	1.72e-136	477
m0186	m0250	60.3	4.67e-134	469
m0186	m0330	58.8	6.1e-134	468
m0186	m0282	57.0	1.41e-130	457
m0186	m0321	58.7	7.23e-127	445
m0186	m0393	58.1	6.12e-126	442
m0186	m0230	58.0	1.04e-125	441
m0186	m0217	73.5	3.04e-125	439
m0186	m0332	57.3	5.18e-125	439
m0186	m0218	56.7	1.97e-124	437
m0186	m0256	58.3	4.38e-124	436
m0186	m0342	56.7	4.38e-124	436
m0186	m0345	57.0	4.1e-122	429
m0186	m0378	57.1	5.36e-122	429
m0186	m0348	58.1	7e-122	428
m0186	m0363	56.5	1.32e-120	424
m0186	m0208	58.6	3.25e-119	419
m0186	m0280	54.2	3.37e-116	409
m0186	m0240	68.0	8.88e-109	385
m0186	m0216	65.4	1.16e-108	384
m0186	m0297	49.6	1.51e-108	384
m0186	m0349	51.0	1.98e-108	384
m0186	m0317	48.0	9.81e-108	381
m0186	m0296	69.8	2.86e-107	380
m0186	m0327	65.9	8.6e-104	368
m0186	m0319	49.5	1.37e-101	361
m0186	m0295	64.7	1.79e-101	361
m0186	m0219	49.6	6.81e-101	359
m0186	m0246	64.4	9.84e-100	355
m0186	m0337	48.8	9.84e-100	355
m0186	m0323	64.8	3.74e-99	353
m0186	m0406	65.2	3.74e-99	353
m0186	m0335	65.4	4.88e-99	352
m0186	m0269	64.3	8.33e-99	352
m0186	m0239	62.2	2.68e-97	347
m0186	m0229	61.4	5.97e-97	346
m0186	m0283	62.1	1.33e-96	344
m0186	m0278	47.8	2.96e-96	343
m0186	m0338	63.2	3.87e-96	343
m0186	m0370	62.7	1.05e-93	335
m0186	m0397	46.9	1.16e-92	331
m0186	m0201	44.4	7.07e-90	322
m0186	m0405	53.6	3.76e-83	300
m0186	m0207	56.8	8.37e-83	299
m0186	m0331	56.5	3.29e-79	287
m0186	m0402	54.3	1.06e-77	282
m0186	m0390	54.6	3.4e-76	277
m0186	m0299	53.9	8.39e-75	272
m0186	m0236	53.0	5.44e-74	269
m0186	m0316	52.4	1.21e-73	268
m0186	m0249	52.2	2.07e-73	267
m0186	m0237	53.8	3.52e-73	267
m0186	m0380	53.4	1.75e-72	264
m0186	m0273	51.3	1.13e-71	262
m0186	m0235	51.5	2.52e-71	260
m0186	m0200	49.1	7.35e-71	259
m0186	m0233	50.2	9.59e-71	258
m0186	m0306	51.3	1.64e-70	258
m0186	m0196	50.2	1.64e-70	258
m0186	m0234	47.4	2.14e-70	257
m0186	m0394	50.0	1.81e-69	254
m0186	m0232	49.8	2.61e-68	250
m0186	m0264	46.8	5.82e-68	249
m0186	m0336	49.4	5.82e-68	249
m0186	m0305	48.3	1.1e-66	245
m0186	m0309	50.0	4.17e-66	243
m0186	m0398	49.6	3.53e-65	240
m0186	m0343	48.6	2.99e-64	237
m0186	m0388	48.7	3.9e-64	236
m0186	m0368	48.3	6.66e-64	236
m0186	m0377	48.5	6.66e-64	236
m0186	m0372	47.2	1.14e-63	235
m0186	m0382	48.9	5.64e-63	233
m0186	m0195	47.4	7.36e-63	232
m0186	m0365	44.2	6.23e-62	229
m0186	m0190	47.5	6.23e-62	229
m0186	m0274	45.5	2.37e-61	227
m0186	m0314	46.0	1.18e-60	225
m0186	m0328	45.6	1.3e-59	221
m0186	m0294	46.7	1.88e-58	218
m0186	m0254	42.6	9.64e-55	205
m0186	m0247	43.5	2.15e-54	204
m0186	m0364	42.5	1.18e-52	198
m0186	m0408	40.9	3.43e-52	197
m0186	m0354	41.2	2.08e-49	188
m0186	m0341	39.9	3e-48	184
m0186	m0266	39.4	3.32e-47	180
m0186	m0212	40.0	4.34e-47	180
m0186	m0383	39.5	1.26e-46	178
m0186	m0311	40.8	1.26e-46	178
m0186	m0334	40.5	2.81e-46	177
m0186	m0187	41.4	4.79e-46	176
m0186	m0356	40.3	1.4e-45	175
m0186	m0385	39.8	3.11e-45	174
m0186	m0410	37.1	5.86e-44	169
m0186	m0292	38.7	1e-43	169
m0186	m0387	36.5	1e-43	169
m0186	m0351	38.7	1.31e-43	168
m0186	m0286	37.5	1.31e-43	168
m0186	m0251	38.0	2.23e-43	168
m0186	m0197	39.6	2.91e-43	167
m0186	m0194	38.3	1.89e-42	164
m0186	m0312	37.4	4.2e-42	163
m0186	m0284	36.9	6.07e-41	159
m0186	m0245	37.8	7.92e-41	159
m0186	m0371	33.6	4.65e-33	133
m0186	m0275	33.6	1.07e-29	122
m0186	m0369	35.9	4.08e-29	120
m0186	m0289	30.6	1.08e-21	96
m0186	m0231	29.0	9.75e-15	72
m0186	m0276	26.7	2.17e-14	71
m0186	m0396	31.5	6.32e-14	70
m0186	m0279	29.0	6.99e-13	66
m0186	m0188	27.8	7.73e-12	63
m0186	m0293	24.8	1.72e-11	62
m0186	m0268	27.2	7.23e-10	56
m0186	m0267	24.5	2.1e-09	55
m0186	m0359	22.4	6.12e-09	53
m0186	m0409	25.7	1.28e-06	45
m0186	m0280	34.7	3.14e-05	41
m0186	m0221	23.1	0.000454	37
m0186	m0307	21.4	0.000593	37
m0186	m0376	32.2	0.00656	33
m0186	m0399	24.4	0.0146	32
m0186	m0318	27.9	0.0191	32
m0186	m0371	27.6	0.0325	31
m0186	m0219	35.6	0.0325	31
m0186	m0371	26.5	0.0425	30
m0186	m0333	29.8	0.0725	30
m0186	m0340	30.3	0.0947	29
m0186	m0411	28.2	0.161	28
m0186	m0324	22.1	0.161	28
m0186	m0367	28.1	0.211	28
m0186	m0339	23.3	0.614	27
m0186	m0310	24.8	2.33	25
m0186	m0295	36.6	3.05	24
m0186	m0213	30.8	3.98	24
m0186	m0199	40.5	3.98	24
m0186	m0241	61.5	5.19	23
m0186	m0198	35.1	6.78	23
m0187	m0197	84.2	1.13e-150	523
m0187	m0312	84.6	1.06e-140	490
m0187	m0251	69.2	1.6e-112	397
m0187	m0356	56.5	4.52e-99	352
m0187	m0383	58.8	4.52e-99	352
m0187	m0351	55.9	1.46e-97	347
m0187	m0311	54.5	1.46e-97	347
m0187	m0292	53.4	1.67e-93	334
m0187	m0410	58.2	3.71e-93	332
m0187	m0247	50.3	1.01e-82	298
m0187	m0266	52.5	6.14e-80	289
m0187	m0354	51.7	6.79e-79	285
m0187	m0194	50.3	2.85e-77	280
m0187	m0385	47.3	4.71e-72	262
m0187	m0314	46.1	1.98e-70	257
m0187	m0273	45.5	3.38e-70	256
m0187	m0306	47.1	3.38e-70	256
m0187	m0232	45.2	5.76e-70	255
m0187	m0331	49.0	1.28e-69	254
m0187	m0328	48.9	1.28e-69	254
m0187	m0402	47.5	2.86e-69	253
m0187	m0235	44.2	2.42e-68	250
m0187	m0196	46.1	3.16e-68	250
m0187	m0382	44.6	7.04e-68	248
m0187	m0190	47.3	2.05e-67	247
m0187	m0377	45.1	7.79e-67	245
m0187	m0249	43.0	2.27e-66	243
m0187	m0380	42.9	2.96e-66	243
m0187	m0398	45.1	3.87e-66	243
m0187	m0234	44.6	1.12e-65	241
m0187	m0394	42.9	1.47e-65	241
m0187	m0236	44.6	1.92e-65	240
m0187	m0264	43.8	4.27e-65	239
m0187	m0299	44.8	4.27e-65	239
m0187	m0237	45.7	4.27e-65	239
m0187	m0341	46.4	5.58e-65	239
m0187	m0368	45.1	2.77e-64	236
m0187	m0336	44.0	3.62e-64	236
m0187	m0316	44.0	1.05e-63	235
m0187	m0390	44.5	5.22e-63	232
m0187	m0388	41.7	2.19e-61	227
m0187	m0200	44.3	1.42e-60	224
m0187	m0309	39.9	3.5e-59	220
m0187	m0233	41.7	2.27e-58	217
m0187	m0334	41.4	5.06e-58	216
m0187	m0372	43.2	6.61e-58	215
m0187	m0365	39.6	1.92e-57	214
m0187	m0294	40.9	2.13e-56	210
m0187	m0343	39.3	1.38e-55	208
m0187	m0195	40.9	4.01e-55	206
m0187	m0254	38.2	1.99e-54	204
m0187	m0245	40.7	1.99e-54	204
m0187	m0269	43.4	7.56e-54	202
m0187	m0323	42.3	7.56e-54	202
m0187	m0274	41.1	9.88e-54	201
m0187	m0397	42.3	9.88e-54	201
m0187	m0305	40.2	1.29e-53	201
m0187	m0364	37.6	2.2e-53	200
m0187	m0400	41.9	7.08e-52	195
m0187	m0338	40.3	2.69e-51	193
m0187	m0317	41.9	2.69e-51	193
m0187	m0342	41.9	3.51e-51	193
m0187	m0201	42.6	3.51e-51	193
m0187	m0283	38.8	5.99e-51	192
m0187	m0393	40.9	3.88e-50	190
m0187	m0387	37.5	3.88e-50	190
m0187	m0408	38.3	5.07e-50	189
m0187	m0332	42.7	5.07e-50	189
m0187	m0337	39.5	5.07e-50	189
m0187	m0296	40.1	5.07e-50	189
m0187	m0208	42.7	6.62e-50	189
m0187	m0216	41.1	1.13e-49	188
m0187	m0348	41.6	1.13e-49	188
m0187	m0284	40.9	1.93e-49	187
m0187	m0335	40.5	1.93e-49	187
m0187	m0405	41.6	1.93e-49	187
m0187	m0345	40.7	1.93e-49	187
m0187	m0256	41.1	4.29e-49	186
m0187	m0218	40.4	7.32e-49	185
m0187	m0378	39.9	7.32e-49	185
m0187	m0191	38.9	1.25e-48	184
m0187	m0278	38.3	1.63e-48	184
m0187	m0321	39.3	2.13e-48	184
m0187	m0370	38.2	2.13e-48	184
m0187	m0212	37.7	2.78e-48	183
m0187	m0371	36.2	2.78e-48	183
m0187	m0280	41.6	4.75e-48	183
m0187	m0363	39.5	6.2e-48	182
m0187	m0282	39.3	6.2e-48	182
m0187	m0250	40.0	8.1e-48	182
m0187	m0246	40.0	1.06e-47	181
m0187	m0230	38.4	1.38e-47	181
m0187	m0349	38.7	1.8e-47	181
m0187	m0217	40.1	4.02e-47	179
m0187	m0406	41.6	4.02e-47	179
m0187	m0286	36.4	5.25e-47	179
m0187	m0319	38.8	6.85e-47	179
m0187	m0297	38.6	6.85e-47	179
m0187	m0229	40.7	2.6e-46	177
m0187	m0239	38.8	2.6e-46	177
m0187	m0207	40.3	3.4e-46	176
m0187	m0261	40.6	7.58e-46	175
m0187	m0240	40.1	6.42e-45	172
m0187	m0330	37.3	8.38e-45	172
m0187	m0327	36.5	1.09e-44	171
m0187	m0219	39.7	1.87e-44	171
m0187	m0295	40.8	3.18e-44	170
m0187	m0369	36.8	5.43e-44	169
m0187	m0275	34.2	3.08e-39	153
m0187	m0289	29.8	1.34e-34	138
m0187	m0359	26.0	4.19e-20	90
m0187	m0293	25.6	4.19e-20	90
m0187	m0188	28.8	3e-18	84
m0187	m0276	28.9	1.65e-16	78
m0187	m0231	25.9	8.17e-16	75
m0187	m0279	28.5	9.99e-14	69
m0187	m0396	26.4	4.96e-13	66
m0187	m0268	28.3	6.48e-13	66
m0187	m0221	28.4	1.4e-07	48
m0187	m0267	22.1	3.81e-05	40
m0187	m0220	25.6	0.000111	39
m0187	m0376	25.0	0.00793	32
m0187	m0340	25.8	0.0135	32
m0187	m0281	25.2	3.69	23
m0188	m0279	41.3	2.81e-48	183
m0188	m0396	39.6	2.63e-46	177
m0188	m0292	29.4	1.96e-25	107
m0188	m0217	33.1	1.55e-22	98
m0188	m0286	27.9	1.55e-22	98
m0188	m0314	31.9	3.46e-22	97
m0188	m0382	29.2	3.46e-22	97
m0188	m0387	29.6	7.71e-22	96
m0188	m0351	30.2	2.93e-21	94
m0188	m0311	28.6	5e-21	93
m0188	m0254	28.8	8.52e-21	92
m0188	m0232	27.5	1.9e-20	91
m0188	m0390	28.3	3.24e-20	90
m0188	m0378	29.9	4.23e-20	90
m0188	m0342	29.5	4.23e-20	90
m0188	m0256	30.2	5.52e-20	89
m0188	m0345	29.3	5.52e-20	89
m0188	m0406	28.9	7.21e-20	89
m0188	m0295	29.4	9.42e-20	89
m0188	m0402	28.6	1.23e-19	88
m0188	m0408	26.4	1.61e-19	88
m0188	m0410	27.7	2.74e-19	87
m0188	m0218	29.5	2.74e-19	87
m0188	m0331	27.5	2.74e-19	87
m0188	m0234	26.8	3.58e-19	87
m0188	m0264	29.1	6.11e-19	86
m0188	m0383	26.9	6.11e-19	86
m0188	m0394	27.0	7.98e-19	86
m0188	m0197	28.8	7.98e-19	86
m0188	m0332	29.5	7.98e-19	86
m0188	m0235	29.1	7.98e-19	86
m0188	m0312	29.8	1.04e-18	85
m0188	m0273	27.0	1.04e-18	85
m0188	m0208	28.7	1.04e-18	85
m0188	m0388	26.0	1.04e-18	85
m0188	m0299	29.4	1.36e-18	85
m0188	m0393	31.4	2.32e-18	84
m0188	m0348	30.4	3.03e-18	84
m0188	m0230	30.0	3.03e-18	84
m0188	m0321	27.8	3.03e-18	84
m0188	m0240	30.1	5.17e-18	83
m0188	m0341	25.9	6.75e-18	82
m0188	m0363	30.0	8.82e-18	82
m0188	m0212	26.8	1.5e-17	81
m0188	m0330	28.0	1.5e-17	81
m0188	m0400	29.9	1.5e-17	81
m0188	m0237	27.5	2.57e-17	80
m0188	m0236	28.6	3.35e-17	80
m0188	m0245	27.2	3.35e-17	80
m0188	m0282	28.0	3.35e-17	80
m0188	m0336	27.9	4.38e-17	80
m0188	m0190	28.2	7.47e-17	79
m0188	m0250	29.0	7.47e-17	79
m0188	m0328	28.3	9.75e-17	79
m0188	m0246	27.7	9.75e-17	79
m0188	m0195	26.5	9.75e-17	79
m0188	m0196	26.1	1.66e-16	78
m0188	m0231	24.3	1.66e-16	78
m0188	m0327	29.5	2.84e-16	77
m0188	m0377	26.7	2.84e-16	77
m0188	m0385	28.7	3.71e-16	77
m0188	m0356	27.7	4.84e-16	76
m0188	m0216	29.1	6.32e-16	76
m0188	m0309	24.6	8.25e-16	75
m0188	m0239	29.1	8.25e-16	75
m0188	m0289	24.1	8.25e-16	75
m0188	m0293	27.6	1.08e-15	75
m0188	m0296	28.5	1.08e-15	75
m0188	m0251	26.3	1.41e-15	75
m0188	m0354	27.9	1.84e-15	74
m0188	m0274	28.0	1.84e-15	74
m0188	m0278	27.8	2.4e-15	74
m0188	m0306	26.4	3.14e-15	74
m0188	m0335	28.6	3.14e-15	74
m0188	m0194	27.1	4.1e-15	73
m0188	m0349	26.1	4.1e-15	73
m0188	m0266	25.5	9.13e-15	72
m0188	m0247	29.3	1.19e-14	72
m0188	m0283	28.6	1.19e-14	72
m0188	m0380	25.4	1.56e-14	71
m0188	m0294	24.5	1.56e-14	71
m0188	m0316	25.9	1.56e-14	71
m0188	m0372	27.9	2.03e-14	71
m0188	m0297	28.2	2.03e-14	71
m0188	m0249	26.1	2.03e-14	71
m0188	m0397	28.7	2.03e-14	71
m0188	m0229	30.3	2.03e-14	71
m0188	m0191	26.6	3.47e-14	70
m0188	m0370	27.4	7.73e-14	69
m0188	m0398	24.4	7.73e-14	69
m0188	m0337	27.5	1.01e-13	69
m0188	m0369	25.5	1.72e-13	68
m0188	m0343	29.2	2.25e-13	67
m0188	m0280	26.4	2.25e-13	67
m0188	m0319	28.9	2.94e-13	67
m0188	m0368	25.6	2.94e-13	67
m0188	m0338	27.9	2.94e-13	67
m0188	m0207	27.6	3.83e-13	67
m0188	m0267	23.6	5.01e-13	66
m0188	m0305	24.3	6.54e-13	66
m0188	m0365	25.5	8.54e-13	65
m0188	m0261	27.9	8.54e-13	65
m0188	m0268	29.3	8.54e-13	65
m0188	m0405	28.2	1.9e-12	64
m0188	m0371	25.6	1.9e-12	64
m0188	m0219	28.6	2.49e-12	64
m0188	m0233	25.0	2.49e-12	64
m0188	m0269	26.1	2.49e-12	64
m0188	m0359	24.4	4.24e-12	63
m0188	m0364	24.8	5.54e-12	63
m0188	m0201	27.7	3.59e-11	60
m0188	m0200	25.3	6.12e-11	59
m0188	m0276	23.4	3.04e-10	57
m0188	m0275	23.3	3.97e-10	57
m0188	m0317	24.6	6.77e-10	56
m0188	m0334	26.0	1.15e-09	55
m0188	m0323	24.6	9.77e-09	52
m0188	m0284	23.1	2.41e-07	47
m0188	m0307	21.5	5.36e-07	46
m0188	m0220	25.5	0.000191	38
m0188	m0307	24.5	0.000325	37
m0188	m0376	26.4	0.000555	36
m0188	m0242	33.3	0.258	27
m0188	m0278	26.0	0.98	25
m0188	m0219	40.0	1.67	25
m0188	m0229	25.8	2.18	24
m0188	m0288	35.9	2.85	24
m0188	m0252	30.4	4.86	23
m0188	m0392	47.6	4.86	23
m0188	m0202	26.6	8.29	22
m0189	m0228	54.6	4.46e-98	349
m0189	m0404	45.1	1.71e-73	267
m0189	m0320	43.3	2.23e-65	240
m0189	m0277	40.0	6.51e-57	212
m0189	m0211	42.9	1.9e-56	211
m0189	m0389	41.5	5.51e-56	209
m0189	m0357	42.6	8.8e-54	202
m0189	m0285	39.7	1.96e-53	201
m0189	m0353	45.9	1.27e-52	198
m0189	m0288	39.0	1.84e-51	194
m0189	m0248	37.7	2.93e-49	187
m0189	m0386	38.6	1.23e-47	181
m0189	m0193	34.8	1.61e-47	181
m0189	m0412	36.5	1.51e-45	174
m0189	m0253	36.5	9.13e-43	165
m0189	m0224	37.0	1.01e-41	162
m0189	m0315	46.3	1.12e-40	158
m0189	m0361	35.2	4.85e-36	143
m0189	m0384	34.4	1.91e-32	131
m0189	m0258	36.2	1.24e-31	128
m0189	m0379	33.3	1.42e-27	115
m0189	m0223	34.3	2.67e-26	111
m0189	m0361	39.4	1.32e-25	108
m0189	m0222	31.8	6.58e-25	106
m0189	m0270	31.1	3.61e-23	100
m0189	m0244	28.9	3.99e-22	97
m0189	m0209	24.8	1.47e-16	78
m0189	m0315	39.1	5.58e-16	76
m0189	m0385	25.3	0.0206	31
m0189	m0246	27.5	1.13	25
m0189	m0255	32.6	1.93	25
m0189	m0330	23.8	1.93	25
m0189	m0217	25.5	2.52	24
m0189	m0282	25.6	2.52	24
m0189	m0354	22.5	5.61	23
m0189	m0362	38.5	7.32	23
m0189	m0238	50.0	9.56	22
m0190	m0314	78.2	5.16e-123	431
m0190	m0328	74.7	6.53e-118	414
m0190	m0264	69.1	2.18e-105	373
m0190	m0249	70.1	3.14e-104	369
m0190	m0388	67.9	7e-104	368
m0190	m0234	67.7	5.02e-102	362
m0190	m0306	67.4	1.91e-101	360
m0190	m0196	65.3	4.25e-101	359
m0190	m0235	67.2	4.25e-101	359
m0190	m0402	67.9	7.25e-101	358
m0190	m0232	67.2	1.61e-100	357
m0190	m0336	65.8	4.7e-100	355
m0190	m0380	67.9	6.14e-100	355
m0190	m0273	67.0	1.97e-98	350
m0190	m0377	64.3	4.4e-98	349
m0190	m0331	65.5	1.67e-97	347
m0190	m0237	64.6	1.67e-97	347
m0190	m0390	64.9	3.72e-97	346
m0190	m0299	64.1	1.85e-96	343
m0190	m0382	61.0	7.76e-95	338
m0190	m0372	62.6	1.62e-92	330
m0190	m0316	62.1	1.05e-91	327
m0190	m0236	62.6	2.34e-91	326
m0190	m0394	61.8	3.99e-91	325
m0190	m0309	58.9	3.49e-87	312
m0190	m0364	59.1	2.12e-84	303
m0190	m0305	58.1	2.77e-84	303
m0190	m0398	56.8	5.77e-82	295
m0190	m0294	55.8	2.86e-81	293
m0190	m0233	56.4	2.42e-80	290
m0190	m0341	53.9	5.4e-80	289
m0190	m0200	53.3	1.25e-76	277
m0190	m0254	52.7	2.77e-76	276
m0190	m0365	50.6	7.55e-74	268
m0190	m0247	50.2	7.55e-74	268
m0190	m0343	51.7	1.29e-73	267
m0190	m0292	51.1	3.75e-73	266
m0190	m0351	49.8	1.09e-72	264
m0190	m0311	50.0	2.06e-71	260
m0190	m0368	47.9	5.07e-70	255
m0190	m0195	49.0	5.07e-70	255
m0190	m0251	49.3	6.62e-70	255
m0190	m0410	49.4	1.13e-69	254
m0190	m0312	48.5	4.29e-69	252
m0190	m0274	46.8	7.32e-69	252
m0190	m0356	48.1	9.55e-69	251
m0190	m0266	48.5	4.74e-68	249
m0190	m0269	51.3	8.09e-68	248
m0190	m0323	49.6	1.06e-67	248
m0190	m0354	48.9	3.07e-67	246
m0190	m0338	50.2	3.07e-67	246
m0190	m0383	47.6	5.24e-67	245
m0190	m0349	49.6	5.24e-67	245
m0190	m0191	48.9	3.4e-66	243
m0190	m0330	49.6	3.4e-66	243
m0190	m0194	49.2	4.44e-66	242
m0190	m0230	48.9	2.2e-65	240
m0190	m0240	49.8	2.2e-65	240
m0190	m0408	46.9	2.88e-65	240
m0190	m0295	48.9	3.76e-65	239
m0190	m0250	49.6	3.76e-65	239
m0190	m0297	51.9	6.41e-65	238
m0190	m0334	52.4	1.09e-64	238
m0190	m0197	45.1	1.09e-64	238
m0190	m0406	48.1	1.09e-64	238
m0190	m0363	49.6	1.43e-64	237
m0190	m0335	48.3	3.18e-64	236
m0190	m0282	47.5	5.43e-64	235
m0190	m0261	48.7	1.21e-63	234
m0190	m0217	48.1	1.58e-63	234
m0190	m0321	48.5	1.58e-63	234
m0190	m0283	47.0	2.06e-63	233
m0190	m0400	48.3	3.52e-63	233
m0190	m0245	47.0	3.52e-63	233
m0190	m0327	47.5	6e-63	232
m0190	m0345	47.3	6e-63	232
m0190	m0332	47.3	1.02e-62	231
m0190	m0393	47.3	1.75e-62	230
m0190	m0208	47.3	1.75e-62	230
m0190	m0280	47.9	1.75e-62	230
m0190	m0256	47.0	2.98e-62	230
m0190	m0296	47.0	3.89e-62	229
m0190	m0342	47.0	5.08e-62	229
m0190	m0378	47.0	6.63e-62	228
m0190	m0348	47.0	1.13e-61	228
m0190	m0370	46.0	1.13e-61	228
m0190	m0218	47.0	1.48e-61	227
m0190	m0278	46.4	2.52e-61	226
m0190	m0216	46.7	2.52e-61	226
m0190	m0337	46.0	2.13e-60	223
m0190	m0246	45.5	2.79e-60	223
m0190	m0397	45.1	2.79e-60	223
m0190	m0385	44.0	8.11e-60	221
m0190	m0239	46.2	1.06e-59	221
m0190	m0286	44.2	1.53e-58	217
m0190	m0319	45.9	3.41e-58	216
m0190	m0317	43.4	5.81e-58	215
m0190	m0201	42.7	7.59e-58	215
m0190	m0219	48.0	1.69e-57	214
m0190	m0229	47.6	2.88e-57	213
m0190	m0405	44.0	1.43e-56	211
m0190	m0284	46.3	3.52e-55	206
m0190	m0212	44.7	7.85e-55	205
m0190	m0387	43.8	7.85e-55	205
m0190	m0207	42.8	8.13e-52	195
m0190	m0371	34.5	5.84e-42	162
m0190	m0289	34.7	5.85e-34	136
m0190	m0275	33.8	9.34e-32	128
m0190	m0369	31.4	6.69e-30	122
m0190	m0293	33.9	1.31e-25	108
m0190	m0359	29.0	1.95e-21	94
m0190	m0276	25.8	3.57e-15	73
m0190	m0279	29.0	7.44e-13	65
m0190	m0231	24.6	1.27e-12	65
m0190	m0268	25.4	6.96e-11	59
m0190	m0396	26.0	2.02e-10	57
m0190	m0221	29.6	1.9e-08	51
m0190	m0267	23.9	1.6e-07	48
m0190	m0257	31.4	3.95e-06	43
m0190	m0307	22.1	1.15e-05	42
m0190	m0376	25.2	0.000166	38
m0190	m0220	22.6	0.000217	37
m0190	m0340	25.6	0.000631	36
m0190	m0411	29.2	0.00409	33
m0190	m0339	25.8	0.0119	32
m0190	m0409	22.3	0.0119	32
m0190	m0322	20.0	0.224	27
m0190	m0400	26.9	1.45	25
m0190	m0214	27.8	9.43	22
m0191	m0330	77.8	6.77e-192	661
m0191	m0282	76.0	1.37e-184	637
m0191	m0400	65.2	5.97e-164	568
m0191	m0261	66.6	1.92e-162	563
m0191	m0250	67.4	2.51e-162	563
m0191	m0349	64.0	3.39e-159	552
m0191	m0317	54.5	5.25e-144	502
m0191	m0297	61.0	7.85e-140	488
m0191	m0246	57.7	1.18e-127	448
m0191	m0240	76.1	3.2e-125	439
m0191	m0295	56.7	8.16e-121	425
m0191	m0406	72.6	2.63e-119	420
m0191	m0280	57.1	7.15e-117	412
m0191	m0321	62.3	2.72e-116	410
m0191	m0217	59.6	8.74e-115	405
m0191	m0337	48.9	3.32e-114	403
m0191	m0342	53.1	9.67e-114	401
m0191	m0230	61.7	1.65e-113	401
m0191	m0218	53.1	3.67e-113	399
m0191	m0348	57.8	6.27e-113	399
m0191	m0278	48.8	4.06e-112	396
m0191	m0393	54.1	4.06e-112	396
m0191	m0345	59.1	2.02e-111	394
m0191	m0332	51.7	1.71e-110	391
m0191	m0216	60.4	3.8e-110	389
m0191	m0363	59.4	4.96e-110	389
m0191	m0256	58.1	4.96e-110	389
m0191	m0378	56.3	2.46e-109	387
m0191	m0208	59.0	3.56e-108	383
m0191	m0283	49.5	4.65e-108	382
m0191	m0327	61.1	7.93e-108	382
m0191	m0319	50.7	7.42e-106	375
m0191	m0335	62.2	8.2e-105	372
m0191	m0397	49.2	1.18e-103	368
m0191	m0370	64.2	1.18e-103	368
m0191	m0239	56.1	3.23e-101	360
m0191	m0296	60.1	5.5e-101	359
m0191	m0201	48.9	2.09e-100	357
m0191	m0219	50.9	2.64e-95	340
m0191	m0338	57.3	7.69e-95	339
m0191	m0323	57.3	1.31e-94	338
m0191	m0405	54.6	6.1e-92	329
m0191	m0269	57.5	7.96e-92	329
m0191	m0229	56.6	1.36e-91	328
m0191	m0207	54.9	8.8e-91	325
m0191	m0331	55.2	5.17e-83	299
m0191	m0402	52.6	1.08e-80	292
m0191	m0236	53.9	2.4e-80	290
m0191	m0299	53.1	1.19e-79	288
m0191	m0237	51.6	2.94e-78	283
m0191	m0390	52.8	2.94e-78	283
m0191	m0235	48.7	6.54e-78	282
m0191	m0232	50.3	3.25e-77	280
m0191	m0316	50.5	4.24e-77	280
m0191	m0249	50.3	3.59e-76	277
m0191	m0380	52.5	9.78e-74	268
m0191	m0273	48.3	3.72e-73	267
m0191	m0368	50.5	8.28e-73	265
m0191	m0306	51.4	1.84e-72	264
m0191	m0196	47.7	4.11e-72	263
m0191	m0233	49.6	9.15e-72	262
m0191	m0200	50.0	1.56e-71	261
m0191	m0264	46.7	3.48e-71	260
m0191	m0394	49.1	5.93e-71	259
m0191	m0336	51.6	1.73e-70	258
m0191	m0309	47.8	3.85e-70	257
m0191	m0377	49.5	1.46e-69	255
m0191	m0234	45.3	1.91e-69	254
m0191	m0195	48.6	1.37e-67	248
m0191	m0388	45.2	1.97e-66	244
m0191	m0372	48.0	3.37e-66	243
m0191	m0365	46.7	3.37e-66	243
m0191	m0305	48.0	5.75e-66	243
m0191	m0343	48.6	2.18e-65	241
m0191	m0408	45.5	2.85e-65	240
m0191	m0314	45.5	3.72e-65	240
m0191	m0294	48.1	1.85e-64	238
m0191	m0274	43.0	4.12e-64	236
m0191	m0398	48.5	4.12e-64	236
m0191	m0382	46.6	1.56e-63	235
m0191	m0254	45.0	4.71e-60	223
m0191	m0328	46.0	1.79e-59	221
m0191	m0364	40.6	6.37e-57	213
m0191	m0247	43.0	3.16e-56	210
m0191	m0334	43.5	1.47e-53	201
m0191	m0341	40.5	2.12e-52	198
m0191	m0286	39.2	2.12e-52	198
m0191	m0387	39.9	3.38e-50	190
m0191	m0354	38.5	9.85e-50	189
m0191	m0266	39.2	1.29e-49	188
m0191	m0284	42.6	2.87e-49	187
m0191	m0212	38.6	1.09e-48	185
m0191	m0311	38.0	4.14e-48	183
m0191	m0351	38.6	9.22e-48	182
m0191	m0410	38.8	2.68e-47	181
m0191	m0194	39.1	1.02e-46	179
m0191	m0385	38.6	5.06e-46	176
m0191	m0197	36.6	8.63e-46	176
m0191	m0383	36.7	8.63e-46	176
m0191	m0292	36.7	1.13e-45	175
m0191	m0312	36.9	7.3e-45	173
m0191	m0251	37.1	2.78e-44	171
m0191	m0356	38.4	4.73e-44	170
m0191	m0245	36.6	8.93e-43	166
m0191	m0371	33.1	6.41e-33	133
m0191	m0369	33.2	1.13e-29	122
m0191	m0275	32.2	1.48e-29	122
m0191	m0289	30.5	2.44e-24	104
m0191	m0279	30.0	5.83e-18	83
m0191	m0293	25.7	7.61e-18	83
m0191	m0396	28.1	1.21e-15	75
m0191	m0267	28.2	5.1e-14	70
m0191	m0359	23.7	1.94e-13	68
m0191	m0276	24.5	1.26e-12	65
m0191	m0231	28.3	2.8e-12	64
m0191	m0268	29.0	5.47e-08	50
m0191	m0221	22.7	0.000817	36
m0191	m0340	28.9	0.00139	35
m0191	m0280	26.3	0.00182	35
m0191	m0219	30.6	0.0118	32
m0191	m0324	23.7	0.0263	31
m0191	m0339	24.8	0.0998	29
m0191	m0376	29.9	0.13	29
m0191	m0307	20.5	0.17	28
m0191	m0333	26.9	0.222	28
m0191	m0257	22.9	1.1	26
m0191	m0395	36.1	3.21	24
m0191	m0371	33.3	4.2	24
m0192	m0325	39.1	3.99e-84	303
m0192	m0272	38.9	6.8e-84	302
m0192	m0346	38.5	1.62e-77	281
m0192	m0226	34.9	5.8e-59	220
m0192	m0265	33.0	2.44e-57	214
m0192	m0362	29.8	8.99e-44	169
m0192	m0242	28.0	1.87e-41	161
m0192	m0302	33.3	1.64e-37	148
m0192	m0203	23.7	4.06e-20	91
m0192	m0358	24.7	2.64e-11	61
m0192	m0302	34.9	8.49e-10	56
m0192	m0296	27.3	0.0077	33
m0192	m0327	26.6	0.19	28
m0192	m0331	27.1	0.323	28
m0192	m0335	29.6	0.422	27
m0192	m0239	28.8	0.72	27
m0192	m0236	34.4	1.6	25
m0192	m0393	32.5	1.6	25
m0192	m0350	27.6	2.74	25
m0193	m0277	52.7	3.87e-86	309
m0193	m0320	50.6	7.55e-82	295
m0193	m0248	47.4	1.8e-75	274
m0193	m0211	50.0	1.99e-74	270
m0193	m0389	46.7	1.34e-70	258
m0193	m0288	47.5	2.28e-70	257
m0193	m0386	43.0	1.53e-66	244
m0193	m0315	41.2	3.77e-65	240
m0193	m0253	42.2	1.06e-59	221
m0193	m0404	42.7	2.36e-59	220
m0193	m0412	41.8	6.88e-59	219
m0193	m0224	41.3	3.53e-55	206
m0193	m0353	41.6	7.87e-55	205
m0193	m0228	41.2	5.64e-53	199
m0193	m0285	37.7	2.37e-51	194
m0193	m0357	38.5	9.01e-51	192
m0193	m0258	39.2	1.44e-48	184
m0193	m0384	35.7	6.04e-47	179
m0193	m0361	33.9	7.4e-37	146
m0193	m0223	35.9	2.81e-36	144
m0193	m0379	35.8	3.67e-36	143
m0193	m0270	33.7	3.11e-35	140
m0193	m0244	33.2	5.3e-35	139
m0193	m0222	33.1	7.66e-34	136
m0193	m0209	29.0	1.27e-28	118
m0193	m0235	22.4	0.0266	31
m0193	m0393	24.3	0.294	27
m0193	m0232	23.0	0.501	27
m0193	m0391	21.7	0.654	26
m0193	m0348	23.2	3.25	24
m0194	m0266	68.2	2.84e-111	393
m0194	m0354	67.8	4.1e-110	389
m0194	m0247	57.5	1.62e-90	324
m0194	m0312	52.6	7.8e-77	278
m0194	m0197	50.7	2.77e-74	270
m0194	m0273	51.8	8.07e-74	268
m0194	m0402	50.7	5.78e-72	262
m0194	m0232	50.5	7.56e-72	262
m0194	m0251	51.7	7.56e-72	262
m0194	m0235	51.7	1.29e-71	261
m0194	m0237	51.8	4.9e-71	259
m0194	m0331	49.1	8.35e-71	258
m0194	m0306	50.0	1.42e-70	257
m0194	m0383	54.2	1.86e-70	257
m0194	m0382	48.6	5.41e-70	255
m0194	m0311	53.3	1.58e-69	254
m0194	m0351	48.6	5.99e-69	252
m0194	m0316	50.5	5.99e-69	252
m0194	m0196	48.5	7.82e-69	252
m0194	m0236	49.8	1.02e-68	251
m0194	m0398	50.6	1.33e-68	251
m0194	m0356	52.7	1.74e-68	250
m0194	m0328	51.5	2.27e-68	250
m0194	m0292	48.7	2.27e-68	250
m0194	m0299	50.0	5.07e-68	249
m0194	m0390	50.7	5.07e-68	249
m0194	m0380	48.9	8.64e-68	248
m0194	m0377	47.6	4.29e-67	246
m0194	m0341	49.8	7.32e-67	245
m0194	m0314	48.6	1.63e-66	244
m0194	m0336	48.7	2.13e-66	243
m0194	m0394	45.9	1.38e-65	241
m0194	m0249	45.1	5.24e-65	239
m0194	m0234	45.1	7.57e-64	235
m0194	m0385	46.5	9.89e-64	235
m0194	m0388	46.3	2.2e-63	233
m0194	m0309	48.4	1.87e-62	230
m0194	m0372	45.2	3.18e-62	230
m0194	m0264	44.8	3.18e-62	230
m0194	m0410	48.6	9.26e-62	228
m0194	m0245	42.3	4.59e-61	226
m0194	m0233	45.5	1.75e-60	224
m0194	m0334	46.2	2.28e-60	223
m0194	m0294	45.4	2.98e-60	223
m0194	m0387	43.2	6.63e-60	222
m0194	m0368	45.5	4.3e-59	219
m0194	m0200	45.5	1.25e-58	218
m0194	m0365	43.7	6.21e-58	215
m0194	m0364	43.2	1.06e-57	215
m0194	m0195	42.0	5.26e-57	212
m0194	m0305	43.8	2.21e-55	207
m0194	m0371	41.8	3.19e-54	203
m0194	m0286	42.2	5.44e-54	202
m0194	m0212	41.2	1.34e-52	198
m0194	m0408	41.7	2.98e-52	196
m0194	m0343	41.0	5.09e-52	196
m0194	m0274	41.2	1.13e-51	195
m0194	m0254	41.2	4.31e-51	193
m0194	m0349	40.3	4.31e-51	193
m0194	m0370	41.8	7.35e-51	192
m0194	m0283	41.6	1.64e-50	191
m0194	m0278	41.6	8.13e-50	188
m0194	m0269	40.0	8.13e-50	188
m0194	m0282	40.6	1.06e-49	188
m0194	m0323	40.4	1.81e-49	187
m0194	m0284	42.2	1.81e-49	187
m0194	m0338	39.8	3.09e-49	186
m0194	m0208	40.0	6.88e-49	185
m0194	m0397	41.5	8.99e-49	185
m0194	m0201	41.7	2.61e-48	183
m0194	m0229	40.6	3.42e-48	183
m0194	m0321	39.3	3.42e-48	183
m0194	m0363	39.0	4.46e-48	183
m0194	m0342	39.7	4.46e-48	183
m0194	m0217	38.6	4.46e-48	183
m0194	m0218	40.0	4.46e-48	183
m0194	m0240	40.1	4.46e-48	183
m0194	m0246	38.5	5.83e-48	182
m0194	m0219	42.2	7.61e-48	182
m0194	m0216	38.8	7.61e-48	182
m0194	m0400	40.4	9.94e-48	181
m0194	m0345	40.4	1.3e-47	181
m0194	m0348	38.7	1.69e-47	181
m0194	m0332	40.0	1.69e-47	181
m0194	m0330	39.8	1.69e-47	181
m0194	m0256	40.4	2.21e-47	180
m0194	m0230	37.6	2.21e-47	180
m0194	m0250	39.6	3.78e-47	179
m0194	m0297	41.0	3.78e-47	179
m0194	m0393	39.6	4.93e-47	179
m0194	m0296	41.8	1.1e-46	178
m0194	m0295	39.1	4.17e-46	176
m0194	m0337	39.9	4.17e-46	176
m0194	m0378	39.9	7.12e-46	175
m0194	m0280	39.5	2.71e-45	173
m0194	m0317	39.9	4.62e-45	173
m0194	m0335	39.6	4.62e-45	173
m0194	m0406	38.3	4.62e-45	173
m0194	m0405	37.9	1.03e-44	171
m0194	m0261	37.7	5.1e-44	169
m0194	m0207	37.3	8.7e-44	168
m0194	m0239	39.0	1.48e-43	168
m0194	m0327	36.6	1.82e-41	161
m0194	m0319	36.7	3.78e-39	153
m0194	m0369	37.1	1.14e-35	141
m0194	m0275	36.4	2.01e-32	131
m0194	m0289	31.4	2.15e-26	111
m0194	m0359	25.4	6.28e-18	82
m0194	m0293	27.8	1.4e-17	81
m0194	m0268	28.0	1.11e-14	72
m0194	m0396	27.7	4.21e-14	70
m0194	m0279	31.5	1.6e-13	68
m0194	m0276	25.3	3.57e-13	67
m0194	m0231	25.3	1.36e-12	65
m0194	m0221	26.2	1.23e-05	42
m0194	m0340	34.4	1.6e-05	41
m0194	m0267	25.6	0.000516	36
m0194	m0376	24.8	0.00256	34
m0194	m0220	26.8	0.037	30
m0194	m0307	23.6	0.0631	29
m0194	m0243	24.6	1.55	25
m0194	m0261	27.7	4.52	23
m0195	m0343	61.0	8.8e-95	338
m0195	m0299	51.5	5.01e-82	295
m0195	m0316	53.0	8.54e-82	295
m0195	m0273	51.5	9.44e-81	291
m0195	m0402	50.8	1.23e-80	291
m0195	m0232	50.7	2.75e-80	290
m0195	m0235	50.8	2.75e-80	290
m0195	m0390	50.7	5.18e-79	285
m0195	m0249	48.1	6.77e-79	285
m0195	m0336	53.0	1.51e-78	284
m0195	m0236	49.8	2.57e-78	283
m0195	m0331	50.5	7.48e-78	282
m0195	m0234	48.8	4.85e-77	279
m0195	m0264	44.4	1.08e-76	278
m0195	m0309	49.0	1.84e-76	277
m0195	m0382	49.1	2.41e-76	277
m0195	m0388	47.5	2.41e-76	277
m0195	m0380	52.3	4.11e-76	276
m0195	m0196	48.5	1.56e-75	274
m0195	m0394	47.9	5.93e-75	272
m0195	m0306	47.5	1.01e-74	271
m0195	m0237	48.3	1.73e-74	270
m0195	m0377	47.1	1.46e-73	267
m0195	m0200	46.8	4.25e-73	266
m0195	m0254	48.8	5.55e-73	265
m0195	m0233	45.1	1.05e-71	261
m0195	m0294	48.3	2.58e-70	257
m0195	m0314	47.0	5.74e-70	255
m0195	m0349	50.2	7.5e-70	255
m0195	m0328	49.0	3.72e-69	253
m0195	m0372	47.9	3.15e-68	250
m0195	m0400	50.0	5.38e-68	249
m0195	m0338	47.6	1.2e-67	248
m0195	m0345	49.0	2.04e-67	247
m0195	m0240	49.0	3.48e-67	246
m0195	m0398	48.3	3.48e-67	246
m0195	m0342	49.1	3.48e-67	246
m0195	m0332	48.8	3.48e-67	246
m0195	m0282	50.9	4.55e-67	246
m0195	m0368	48.4	4.55e-67	246
m0195	m0321	48.0	4.55e-67	246
m0195	m0256	48.8	1.32e-66	244
m0195	m0348	48.8	1.73e-66	244
m0195	m0296	48.9	2.26e-66	243
m0195	m0364	49.6	2.95e-66	243
m0195	m0208	48.8	2.95e-66	243
m0195	m0378	47.3	3.85e-66	243
m0195	m0327	46.8	3.85e-66	243
m0195	m0393	47.3	6.57e-66	242
m0195	m0230	48.4	8.58e-66	242
m0195	m0323	46.4	8.58e-66	242
m0195	m0365	43.9	1.12e-65	241
m0195	m0218	46.9	1.46e-65	241
m0195	m0217	48.4	1.46e-65	241
m0195	m0305	43.3	1.46e-65	241
m0195	m0335	46.6	1.46e-65	241
m0195	m0239	48.3	1.91e-65	240
m0195	m0363	47.4	5.56e-65	239
m0195	m0250	47.2	9.49e-65	238
m0195	m0297	47.2	1.24e-64	238
m0195	m0370	46.8	1.37e-63	234
m0195	m0330	47.7	1.37e-63	234
m0195	m0408	43.2	3.99e-63	233
m0195	m0261	46.4	3.99e-63	233
m0195	m0269	46.7	5.21e-63	232
m0195	m0283	46.9	6.8e-63	232
m0195	m0278	46.1	1.16e-62	231
m0195	m0216	46.2	1.98e-62	230
m0195	m0274	43.7	2.58e-62	230
m0195	m0201	47.8	1.28e-61	228
m0195	m0406	45.0	1.28e-61	228
m0195	m0295	44.7	1.67e-61	227
m0195	m0246	44.0	2.19e-61	227
m0195	m0280	49.6	3.73e-61	226
m0195	m0341	45.5	4.87e-61	226
m0195	m0337	45.5	4.87e-61	226
m0195	m0247	42.5	8.31e-61	225
m0195	m0229	45.9	1.09e-60	225
m0195	m0319	45.8	1.09e-60	225
m0195	m0397	46.2	1.85e-60	224
m0195	m0219	48.8	7.04e-60	222
m0195	m0405	44.1	5.96e-59	219
m0195	m0354	41.9	8.6e-58	215
m0195	m0351	39.5	1.12e-57	215
m0195	m0311	41.9	1.92e-57	214
m0195	m0207	43.0	3.27e-57	213
m0195	m0383	40.5	5.58e-57	212
m0195	m0334	45.7	9.51e-57	211
m0195	m0410	39.4	1.24e-56	211
m0195	m0266	42.6	1.62e-56	211
m0195	m0356	43.4	3.61e-56	210
m0195	m0385	40.5	3.06e-55	206
m0195	m0292	39.5	4e-55	206
m0195	m0251	41.8	4e-55	206
m0195	m0312	39.5	1.16e-54	205
m0195	m0245	42.5	2.59e-54	203
m0195	m0317	42.0	4.42e-54	203
m0195	m0197	39.0	6.38e-53	199
m0195	m0212	39.7	1.09e-52	198
m0195	m0284	43.2	3.5e-51	193
m0195	m0387	38.2	1.33e-50	191
m0195	m0286	37.5	1.74e-50	191
m0195	m0371	37.9	3.51e-43	166
m0195	m0369	33.6	1.53e-30	124
m0195	m0275	31.9	2.88e-29	120
m0195	m0289	30.0	2.98e-26	110
m0195	m0293	27.8	1.43e-20	91
m0195	m0359	28.0	1.87e-20	91
m0195	m0231	27.7	6.24e-16	76
m0195	m0276	24.9	2.62e-14	70
m0195	m0279	27.5	1.22e-11	62
m0195	m0396	27.6	2.08e-11	61
m0195	m0267	22.4	5.11e-10	56
m0195	m0268	26.0	3.31e-09	54
m0195	m0221	30.8	2.38e-07	47
m0195	m0307	20.9	7.64e-06	42
m0195	m0220	28.2	3.79e-05	40
m0195	m0257	29.6	4.95e-05	40
m0195	m0376	26.9	0.000188	38
m0195	m0340	27.8	0.000246	37
m0195	m0324	22.6	0.00464	33
m0195	m0221	38.5	0.00464	33
m0195	m0291	28.9	0.0176	31
m0195	m0318	24.6	0.03	30
m0195	m0339	27.4	0.0874	29
m0195	m0301	28.1	0.149	28
m0195	m0391	29.3	0.967	25
m0195	m0367	38.6	1.26	25
m0195	m0394	25.8	6.27	23
m0195	m0322	26.2	8.18	22
m0196	m0306	80.7	3.88e-141	492
m0196	m0232	69.5	3.41e-121	426
m0196	m0235	69.3	9.3e-119	418
m0196	m0377	67.4	1.21e-118	417
m0196	m0273	68.6	7.87e-118	414
m0196	m0402	68.3	2.8e-115	406
m0196	m0249	64.8	1.18e-113	401
m0196	m0390	65.9	1.1e-111	394
m0196	m0380	68.2	1.88e-111	393
m0196	m0299	67.3	4.18e-111	392
m0196	m0336	65.7	1.59e-110	390
m0196	m0394	64.4	3.31e-108	382
m0196	m0236	65.1	1.26e-107	381
m0196	m0264	63.8	1.64e-107	380
m0196	m0331	60.9	1.39e-106	377
m0196	m0237	62.2	5.85e-105	372
m0196	m0388	62.0	1.7e-104	370
m0196	m0234	60.1	5.48e-103	365
m0196	m0309	58.6	2.3e-101	360
m0196	m0328	65.6	3e-101	359
m0196	m0314	59.2	3.32e-100	356
m0196	m0372	61.6	4.8e-99	352
m0196	m0316	60.9	8.18e-99	351
m0196	m0305	59.5	1e-96	344
m0196	m0398	61.0	2.82e-91	326
m0196	m0382	58.5	4.81e-91	325
m0196	m0200	54.0	8.2e-91	325
m0196	m0233	54.4	4.98e-88	315
m0196	m0368	52.7	1.89e-87	314
m0196	m0364	55.2	3.57e-86	309
m0196	m0365	51.7	1.96e-84	304
m0196	m0294	54.7	2.16e-83	300
m0196	m0343	54.4	3.69e-83	299
m0196	m0341	53.6	5.33e-82	295
m0196	m0254	53.3	8.51e-80	288
m0196	m0274	53.2	4.67e-78	282
m0196	m0351	52.4	1.5e-76	277
m0196	m0323	49.0	1.96e-76	277
m0196	m0338	48.1	3.35e-76	276
m0196	m0335	48.4	5.71e-76	275
m0196	m0269	52.5	4.83e-75	272
m0196	m0292	49.0	1.41e-74	271
m0196	m0247	49.3	1.84e-74	270
m0196	m0406	47.8	6.98e-74	268
m0196	m0295	48.7	1.19e-73	268
m0196	m0283	49.3	1.55e-73	267
m0196	m0311	48.6	1.55e-73	267
m0196	m0240	49.8	3.46e-73	266
m0196	m0251	51.1	4.52e-73	266
m0196	m0342	48.1	7.71e-73	265
m0196	m0230	49.5	7.71e-73	265
m0196	m0393	47.9	1.32e-72	264
m0196	m0216	48.3	2.93e-72	263
m0196	m0348	47.6	3.83e-72	263
m0196	m0321	48.6	6.53e-72	262
m0196	m0332	46.9	6.53e-72	262
m0196	m0256	47.4	1.11e-71	261
m0196	m0266	47.2	1.11e-71	261
m0196	m0217	46.5	1.11e-71	261
m0196	m0296	49.0	1.11e-71	261
m0196	m0330	48.3	1.9e-71	260
m0196	m0378	46.3	1.9e-71	260
m0196	m0208	47.8	1.9e-71	260
m0196	m0345	47.2	2.48e-71	260
m0196	m0278	45.4	4.23e-71	259
m0196	m0261	50.9	5.53e-71	259
m0196	m0408	46.5	5.53e-71	259
m0196	m0370	46.4	5.53e-71	259
m0196	m0349	47.6	7.22e-71	258
m0196	m0250	48.6	7.22e-71	258
m0196	m0400	49.0	7.22e-71	258
m0196	m0218	47.1	1.23e-70	258
m0196	m0337	45.6	1.23e-70	258
m0196	m0356	50.6	2.1e-70	257
m0196	m0363	47.6	2.74e-70	257
m0196	m0297	49.5	4.68e-70	256
m0196	m0397	45.2	6.11e-70	255
m0196	m0317	46.9	1.78e-69	254
m0196	m0312	48.2	3.03e-69	253
m0196	m0327	46.9	5.17e-69	252
m0196	m0282	50.2	8.82e-69	252
m0196	m0410	47.3	3.35e-68	250
m0196	m0383	45.8	3.35e-68	250
m0196	m0246	47.6	7.47e-68	248
m0196	m0239	43.5	8.26e-67	245
m0196	m0280	50.0	1.41e-66	244
m0196	m0354	46.4	1.84e-66	244
m0196	m0334	47.6	4.1e-66	243
m0196	m0319	46.7	9.13e-66	242
m0196	m0405	45.5	1.56e-65	241
m0196	m0229	46.4	1.32e-64	238
m0196	m0197	43.9	2.25e-64	237
m0196	m0385	44.7	1.9e-63	234
m0196	m0219	48.0	3.25e-63	233
m0196	m0201	46.5	5.19e-61	226
m0196	m0245	43.2	1.51e-60	224
m0196	m0387	43.8	1.67e-59	221
m0196	m0286	46.4	2.85e-59	220
m0196	m0284	45.2	1.2e-57	215
m0196	m0207	41.6	2.66e-57	213
m0196	m0212	44.4	5.93e-57	212
m0196	m0371	35.5	5.96e-41	159
m0196	m0275	32.9	3.17e-34	137
m0196	m0289	32.8	7.06e-34	136
m0196	m0369	33.3	1.02e-32	132
m0196	m0293	30.2	2.28e-24	104
m0196	m0359	30.2	9.89e-20	89
m0196	m0231	26.7	1.34e-16	78
m0196	m0276	23.6	2.79e-14	70
m0196	m0268	29.0	3.41e-12	64
m0196	m0279	27.9	7.59e-12	62
m0196	m0396	25.2	1.1e-10	59
m0196	m0267	24.5	1.58e-09	55
m0196	m0221	31.8	1.34e-08	52
m0196	m0340	31.4	5.63e-07	46
m0196	m0339	25.9	3.65e-06	44
m0196	m0409	24.2	4.77e-06	43
m0196	m0257	28.7	0.000117	39
m0196	m0220	25.6	0.0013	35
m0196	m0199	25.6	0.00289	34
m0196	m0307	22.2	0.00378	33
m0196	m0340	24.6	0.00644	33
m0196	m0376	28.4	0.011	32
m0196	m0326	22.7	0.787	26
m0196	m0367	34.0	1.03	25
m0196	m0244	44.8	1.34	25
m0196	m0259	30.9	1.75	25
m0197	m0312	79.9	1.76e-135	473
m0197	m0251	63.4	3.69e-109	386
m0197	m0383	56.2	7.72e-99	351
m0197	m0356	56.1	2.48e-97	346
m0197	m0311	53.8	1.23e-96	344
m0197	m0351	54.6	6.11e-96	342
m0197	m0410	50.8	4.24e-89	319
m0197	m0292	51.6	1.05e-87	314
m0197	m0247	50.9	1.12e-81	294
m0197	m0354	49.3	1.67e-77	280
m0197	m0266	50.2	6.36e-77	278
m0197	m0385	43.4	4.13e-68	249
m0197	m0314	44.1	7.79e-67	245
m0197	m0402	44.8	1.92e-65	240
m0197	m0273	41.9	2.51e-65	240
m0197	m0328	45.8	2.51e-65	240
m0197	m0235	43.3	5.58e-65	239
m0197	m0377	42.9	5.58e-65	239
m0197	m0306	44.3	9.52e-65	238
m0197	m0382	41.7	1.24e-64	238
m0197	m0232	42.2	1.37e-63	234
m0197	m0398	43.6	1.8e-63	234
m0197	m0249	41.3	1.99e-62	230
m0197	m0341	44.1	1.99e-62	230
m0197	m0299	43.4	3.39e-62	230
m0197	m0316	43.3	3.39e-62	230
m0197	m0237	43.7	4.42e-62	229
m0197	m0368	42.7	2.87e-61	226
m0197	m0234	40.8	3.74e-61	226
m0197	m0236	43.6	4.89e-61	226
m0197	m0331	43.6	6.39e-61	225
m0197	m0336	41.4	8.34e-61	225
m0197	m0394	41.0	1.42e-60	224
m0197	m0380	41.1	1.86e-60	224
m0197	m0264	39.8	9.22e-60	221
m0197	m0388	40.0	3.5e-59	220
m0197	m0390	42.8	4.58e-59	219
m0197	m0309	41.0	1.92e-57	214
m0197	m0334	40.7	5.59e-57	212
m0197	m0233	40.7	1.63e-56	211
m0197	m0365	39.2	2.13e-56	210
m0197	m0200	42.0	3.63e-56	210
m0197	m0372	39.2	6.84e-55	205
m0197	m0274	41.2	1.99e-54	204
m0197	m0343	39.1	5.79e-54	202
m0197	m0364	38.5	4.9e-53	199
m0197	m0245	37.9	4.9e-53	199
m0197	m0254	37.1	2.06e-51	194
m0197	m0294	38.1	7.82e-51	192
m0197	m0305	38.7	2.28e-50	190
m0197	m0201	41.9	2.97e-50	190
m0197	m0323	39.6	3.88e-50	190
m0197	m0342	40.5	5.07e-50	189
m0197	m0284	40.9	5.07e-50	189
m0197	m0408	38.1	8.65e-50	188
m0197	m0397	42.3	8.65e-50	188
m0197	m0269	41.6	1.13e-49	188
m0197	m0332	40.1	2.52e-49	187
m0197	m0400	40.0	4.29e-49	186
m0197	m0371	36.9	2.78e-48	183
m0197	m0296	38.9	3.63e-48	183
m0197	m0212	38.0	3.63e-48	183
m0197	m0387	37.1	4.75e-48	183
m0197	m0208	40.3	4.75e-48	183
m0197	m0348	39.8	8.1e-48	182
m0197	m0378	38.8	8.1e-48	182
m0197	m0345	39.5	8.1e-48	182
m0197	m0393	39.2	8.1e-48	182
m0197	m0338	39.1	1.8e-47	181
m0197	m0218	38.8	3.08e-47	180
m0197	m0256	39.1	3.08e-47	180
m0197	m0317	40.8	4.02e-47	179
m0197	m0370	37.3	5.25e-47	179
m0197	m0405	39.5	6.85e-47	179
m0197	m0297	38.6	8.95e-47	178
m0197	m0216	38.4	8.95e-47	178
m0197	m0286	36.5	2.6e-46	177
m0197	m0321	37.5	3.4e-46	176
m0197	m0217	39.1	4.44e-46	176
m0197	m0282	37.9	7.58e-46	175
m0197	m0335	38.0	9.9e-46	175
m0197	m0229	37.8	1.69e-45	174
m0197	m0230	36.8	2.21e-45	174
m0197	m0363	36.9	3.76e-45	173
m0197	m0369	35.4	6.42e-45	172
m0197	m0283	35.4	6.42e-45	172
m0197	m0219	39.4	8.38e-45	172
m0197	m0278	35.8	8.38e-45	172
m0197	m0246	37.8	1.09e-44	171
m0197	m0406	38.9	1.09e-44	171
m0197	m0239	36.9	1.43e-44	171
m0197	m0250	37.1	1.87e-44	171
m0197	m0349	35.9	1.87e-44	171
m0197	m0319	36.3	5.43e-44	169
m0197	m0261	39.6	9.26e-44	168
m0197	m0240	37.4	1.21e-43	168
m0197	m0280	37.5	6.01e-43	166
m0197	m0207	36.8	7.84e-43	165
m0197	m0295	38.4	2.28e-42	164
m0197	m0337	35.3	2.98e-42	163
m0197	m0327	35.8	3.89e-42	163
m0197	m0330	35.1	5.08e-42	163
m0197	m0275	33.6	1.81e-39	154
m0197	m0289	29.8	3.3e-33	133
m0197	m0359	26.7	1.76e-18	84
m0197	m0293	25.7	3.92e-18	83
m0197	m0231	28.7	8.17e-16	75
m0197	m0276	26.1	9.04e-15	72
m0197	m0396	26.6	2.23e-13	67
m0197	m0279	27.3	5.48e-12	63
m0197	m0221	28.4	4.07e-07	47
m0197	m0220	22.6	1.31e-05	42
m0197	m0267	25.2	0.000549	36
m0197	m0340	43.2	0.00273	34
m0197	m0376	25.0	0.0135	32
m0197	m0409	20.1	0.0672	29
m0197	m0376	32.8	0.0877	29
m0197	m0340	24.6	1.65	25
m0197	m0339	26.3	8.21	22
m0197	m0281	21.6	8.21	22
m0197	m0371	24.2	8.21	22
m0198	m0308	40.0	0.0442	30
m0198	m0266	27.3	7.06	23
m0199	m0214	27.1	2.65e-12	64
m0199	m0271	24.6	2.57e-07	47
m0199	m0305	28.7	0.000203	38
m0199	m0340	37.0	0.000773	36
m0199	m0306	27.6	0.00101	35
m0199	m0236	26.2	0.00294	34
m0199	m0402	28.7	0.00384	33
m0199	m0331	29.3	0.00384	33
m0199	m0318	29.5	0.00501	33
m0199	m0364	25.6	0.00654	33
m0199	m0294	27.6	0.00654	33
m0199	m0230	34.1	0.00654	33
m0199	m0249	24.2	0.00855	32
m0199	m0200	24.7	0.00855	32
m0199	m0316	25.3	0.0112	32
m0199	m0299	29.2	0.0112	32
m0199	m0232	25.2	0.0146	32
m0199	m0273	26.0	0.0146	32
m0199	m0340	29.1	0.0146	32
m0199	m0323	31.6	0.0249	31
m0199	m0309	28.7	0.0249	31
m0199	m0338	34.1	0.0325	30
m0199	m0388	25.3	0.0325	30
m0199	m0370	30.0	0.0424	30
m0199	m0398	25.5	0.0424	30
m0199	m0235	24.8	0.0424	30
m0199	m0297	29.4	0.0424	30
m0199	m0217	31.8	0.0554	30
m0199	m0394	24.9	0.0554	30
m0199	m0208	26.3	0.0724	29
m0199	m0237	29.9	0.0724	29
m0199	m0334	27.9	0.0945	29
m0199	m0337	36.6	0.0945	29
m0199	m0256	41.0	0.0945	29
m0199	m0324	22.6	0.123	28
m0199	m0254	26.9	0.123	28
m0199	m0250	24.4	0.161	28
m0199	m0376	51.4	0.161	28
m0199	m0377	33.8	0.161	28
m0199	m0378	33.3	0.211	28
m0199	m0319	35.2	0.211	28
m0199	m0257	40.0	0.275	27
m0199	m0345	38.5	0.469	27
m0199	m0376	32.8	0.612	26
m0199	m0332	39.5	0.612	26
m0199	m0217	39.5	0.612	26
m0199	m0336	29.5	0.8	26
m0199	m0390	28.6	0.8	26
m0199	m0269	30.1	1.04	25
m0199	m0342	38.5	1.04	25
m0199	m0246	28.7	1.04	25
m0199	m0382	28.4	1.78	25
m0199	m0341	28.1	1.78	25
m0199	m0321	38.5	2.33	24
m0199	m0282	30.0	3.04	24
m0199	m0354	21.3	3.04	24
m0199	m0261	40.5	3.04	24
m0199	m0328	27.3	3.97	23
m0199	m0240	27.7	3.97	23
m0199	m0295	24.0	3.97	23
m0199	m0406	31.8	3.97	23
m0199	m0400	38.5	5.19	23
m0199	m0313	33.3	6.77	23
m0200	m0390	57.1	4.12e-95	339
m0200	m0368	56.4	2.5e-92	330
m0200	m0365	54.7	7.28e-92	328
m0200	m0306	54.9	3.61e-91	326
m0200	m0380	56.8	1.37e-90	324
m0200	m0299	53.6	1.16e-89	321
m0200	m0233	57.2	2.59e-89	320
m0200	m0402	56.7	3.38e-89	319
m0200	m0249	53.6	1.68e-88	317
m0200	m0236	54.9	1.85e-87	314
m0200	m0237	55.1	2.68e-86	310
m0200	m0331	53.2	3.87e-85	306
m0200	m0273	51.6	1.92e-84	304
m0200	m0234	50.8	9.53e-84	301
m0200	m0336	54.4	9.53e-84	301
m0200	m0309	48.9	2.12e-83	300
m0200	m0235	52.2	8.06e-83	298
m0200	m0305	52.7	8.92e-82	295
m0200	m0398	54.7	1.16e-81	294
m0200	m0316	48.4	1.99e-81	294
m0200	m0232	50.2	7.55e-81	292
m0200	m0377	49.5	1.68e-80	290
m0200	m0343	50.5	3.75e-80	289
m0200	m0264	50.9	3.17e-79	286
m0200	m0294	51.5	6.61e-77	278
m0200	m0372	49.1	4.29e-76	276
m0200	m0394	46.6	1.25e-75	274
m0200	m0388	47.3	3.63e-75	273
m0200	m0323	50.5	8.08e-75	272
m0200	m0269	52.3	3.07e-74	270
m0200	m0338	50.5	5.24e-74	269
m0200	m0314	48.3	6.84e-74	268
m0200	m0328	50.6	1.17e-73	268
m0200	m0216	50.2	3.4e-73	266
m0200	m0382	48.3	3.18e-71	260
m0200	m0261	49.1	5.42e-71	259
m0200	m0297	51.2	7.08e-71	258
m0200	m0330	47.3	2.69e-70	257
m0200	m0349	48.7	3.51e-70	256
m0200	m0335	49.0	7.83e-70	255
m0200	m0282	51.3	1.74e-69	254
m0200	m0296	45.9	2.98e-69	253
m0200	m0283	45.3	5.07e-69	252
m0200	m0342	46.8	1.93e-68	250
m0200	m0332	46.5	2.52e-68	250
m0200	m0364	47.6	2.52e-68	250
m0200	m0229	46.2	3.29e-68	250
m0200	m0397	46.5	7.33e-68	248
m0200	m0327	49.5	7.33e-68	248
m0200	m0274	44.9	2.13e-67	247
m0200	m0230	45.6	2.13e-67	247
m0200	m0295	47.3	2.78e-67	247
m0200	m0278	42.5	4.75e-67	246
m0200	m0247	44.1	4.75e-67	246
m0200	m0280	45.3	4.75e-67	246
m0200	m0348	46.4	6.2e-67	245
m0200	m0217	49.2	6.2e-67	245
m0200	m0337	44.3	6.2e-67	245
m0200	m0250	48.6	1.06e-66	245
m0200	m0321	45.5	1.38e-66	244
m0200	m0240	48.0	1.8e-66	244
m0200	m0406	47.5	1.8e-66	244
m0200	m0393	44.0	1.8e-66	244
m0200	m0345	45.5	2.36e-66	243
m0200	m0218	48.5	2.36e-66	243
m0200	m0239	46.1	4.02e-66	243
m0200	m0219	47.6	5.25e-66	242
m0200	m0378	44.9	5.25e-66	242
m0200	m0319	46.1	6.86e-66	242
m0200	m0400	46.2	8.96e-66	242
m0200	m0208	46.1	8.96e-66	242
m0200	m0256	44.9	2.61e-65	240
m0200	m0405	44.1	4.45e-65	239
m0200	m0363	45.3	5.81e-65	239
m0200	m0317	44.5	7.58e-65	238
m0200	m0254	44.1	9.9e-65	238
m0200	m0246	44.9	1.1e-63	235
m0200	m0370	41.4	2.44e-63	233
m0200	m0251	44.1	3.19e-63	233
m0200	m0334	47.6	5.43e-63	232
m0200	m0207	45.3	7.1e-63	232
m0200	m0266	41.9	1.21e-62	231
m0200	m0201	45.8	4.6e-62	229
m0200	m0351	42.5	1.02e-61	228
m0200	m0312	46.0	1.48e-60	224
m0200	m0354	44.6	1.93e-60	224
m0200	m0311	42.6	1.93e-60	224
m0200	m0341	45.3	4.31e-60	223
m0200	m0410	45.8	1.25e-59	221
m0200	m0408	43.4	2.14e-59	220
m0200	m0356	40.3	3.09e-58	216
m0200	m0292	40.5	8.98e-58	215
m0200	m0383	40.2	1.69e-56	211
m0200	m0387	44.1	5.45e-55	206
m0200	m0212	43.6	1.58e-54	204
m0200	m0385	38.9	6.02e-54	202
m0200	m0245	38.5	1.48e-52	198
m0200	m0284	43.7	4.32e-52	196
m0200	m0286	39.0	5.83e-49	186
m0200	m0371	34.7	1.35e-37	148
m0200	m0275	31.8	1.76e-29	121
m0200	m0289	32.1	9.68e-28	115
m0200	m0369	30.9	2.38e-26	111
m0200	m0293	28.1	1.35e-21	95
m0200	m0359	24.8	6.95e-18	82
m0200	m0276	28.0	2.02e-17	81
m0200	m0396	25.9	2.56e-12	64
m0200	m0279	26.4	2.56e-12	64
m0200	m0231	25.5	5.7e-12	63
m0200	m0267	25.6	4.83e-11	60
m0200	m0268	27.2	6.97e-10	56
m0200	m0221	25.6	3.58e-06	44
m0200	m0307	28.6	0.000257	37
m0200	m0339	20.6	0.000747	36
m0200	m0340	28.6	0.00484	33
m0200	m0324	26.9	0.0108	32
m0200	m0340	28.9	0.041	30
m0200	m0257	24.1	0.041	30
m0200	m0396	33.7	0.203	28
m0200	m0220	24.3	1.01	25
m0200	m0376	26.4	1.32	25
m0200	m0213	28.6	5.01	23
m0200	m0315	24.4	6.54	23
m0200	m0216	33.3	6.54	23
m0201	m0397	80.5	8.62e-216	740
m0201	m0317	62.7	4.83e-142	495
m0201	m0278	55.1	3.83e-139	486
m0201	m0337	54.4	4.23e-138	482
m0201	m0405	66.9	2.1e-137	480
m0201	m0342	55.1	1.78e-136	477
m0201	m0319	54.5	4.38e-135	472
m0201	m0393	54.1	4.38e-135	472
m0201	m0348	54.3	2.66e-132	463
m0201	m0256	54.0	7.73e-132	461
m0201	m0219	54.9	7.73e-132	461
m0201	m0345	54.4	8.54e-131	458
m0201	m0363	51.6	7.23e-130	455
m0201	m0378	53.2	9.45e-130	455
m0201	m0218	53.0	1.23e-129	454
m0201	m0283	51.6	6.12e-129	452
m0201	m0208	52.7	1.78e-128	450
m0201	m0332	52.1	3.04e-128	450
m0201	m0240	53.6	3.97e-128	449
m0201	m0230	51.3	6.77e-128	448
m0201	m0229	51.9	7.49e-127	445
m0201	m0321	51.7	2.84e-126	443
m0201	m0246	52.0	3.98e-120	423
m0201	m0217	54.0	9.17e-117	411
m0201	m0295	48.7	2.11e-113	400
m0201	m0282	52.9	1.02e-99	355
m0201	m0349	47.3	5.06e-99	352
m0201	m0330	48.0	5.59e-98	349
m0201	m0400	48.1	1.25e-97	348
m0201	m0261	45.7	7.82e-92	329
m0201	m0250	47.6	3.88e-91	326
m0201	m0216	53.1	1.47e-90	324
m0201	m0323	59.9	2.52e-90	324
m0201	m0269	58.3	3.28e-90	323
m0201	m0338	57.2	1.8e-88	317
m0201	m0327	52.5	1.69e-86	311
m0201	m0280	44.7	4.91e-86	309
m0201	m0296	55.3	9.26e-85	305
m0201	m0406	55.8	4.59e-84	303
m0201	m0297	43.2	8.66e-83	299
m0201	m0335	55.0	1.13e-82	298
m0201	m0370	55.5	3.29e-82	297
m0201	m0239	51.4	7.34e-82	295
m0201	m0331	53.0	2.07e-76	277
m0201	m0316	50.2	4.31e-74	270
m0201	m0207	47.0	1.17e-71	262
m0201	m0390	49.5	1.53e-71	261
m0201	m0402	48.1	2e-71	261
m0201	m0236	50.2	2.61e-71	260
m0201	m0299	50.7	7.61e-71	259
m0201	m0237	49.6	7.12e-69	252
m0201	m0233	47.2	2.71e-68	250
m0201	m0368	47.6	2.99e-67	247
m0201	m0249	46.0	5.1e-67	246
m0201	m0380	46.4	1.48e-66	245
m0201	m0235	46.1	1.48e-66	245
m0201	m0394	45.2	5.64e-66	243
m0201	m0273	46.8	1.64e-65	241
m0201	m0343	47.8	4.78e-65	240
m0201	m0232	45.2	6.24e-65	239
m0201	m0306	47.7	8.15e-65	239
m0201	m0336	46.3	1.06e-64	238
m0201	m0234	42.4	9.01e-64	235
m0201	m0365	44.1	7.63e-63	232
m0201	m0377	45.6	4.94e-62	230
m0201	m0309	45.3	6.46e-62	229
m0201	m0247	42.8	3.54e-60	223
m0201	m0264	40.6	5.12e-59	220
m0201	m0388	43.5	6.68e-59	219
m0201	m0408	43.9	2.54e-58	217
m0201	m0294	43.1	4.79e-57	213
m0201	m0398	45.8	8.17e-57	212
m0201	m0274	41.0	3.1e-56	210
m0201	m0305	41.8	6.91e-56	209
m0201	m0382	41.1	9.03e-56	209
m0201	m0372	40.9	2.63e-55	207
m0201	m0314	40.9	4.48e-55	206
m0201	m0354	41.3	8.45e-54	202
m0201	m0328	40.7	1.44e-53	201
m0201	m0254	40.8	4.19e-53	200
m0201	m0351	41.5	4.19e-53	200
m0201	m0311	40.6	1.59e-52	198
m0201	m0266	40.1	4.64e-52	196
m0201	m0385	42.1	6.06e-52	196
m0201	m0383	40.1	6.7e-51	193
m0201	m0292	40.2	1.49e-50	191
m0201	m0312	41.3	2.15e-49	188
m0201	m0364	37.9	3.67e-49	187
m0201	m0251	40.4	6.27e-49	186
m0201	m0341	37.6	6.27e-49	186
m0201	m0356	41.8	5.31e-48	183
m0201	m0410	39.9	1.18e-47	182
m0201	m0387	38.8	2.46e-45	174
m0201	m0212	38.9	3.22e-45	174
m0201	m0245	37.0	4.2e-45	173
m0201	m0286	36.8	3.56e-44	170
m0201	m0334	40.8	1.5e-42	165
m0201	m0284	37.9	2.39e-40	158
m0201	m0371	34.2	6.95e-40	156
m0201	m0369	34.6	2.56e-34	138
m0201	m0275	35.2	4.82e-33	133
m0201	m0289	30.4	3.35e-26	111
m0201	m0279	30.6	3.35e-18	84
m0201	m0231	30.5	6.33e-17	80
m0201	m0293	28.7	2.66e-15	74
m0201	m0359	28.6	6.55e-14	70
m0201	m0396	29.3	4.24e-13	67
m0201	m0267	34.3	3.04e-11	61
m0201	m0276	25.0	4.85e-09	54
m0201	m0268	26.4	4.11e-08	50
m0201	m0221	28.7	0.000124	39
m0201	m0307	25.0	0.000276	38
m0201	m0339	34.4	0.00105	36
m0201	m0291	27.6	0.00305	34
m0201	m0220	27.7	0.00679	33
m0201	m0409	34.7	0.0258	31
m0201	m0371	28.1	0.167	28
m0201	m0411	25.2	0.487	27
m0201	m0376	25.3	0.636	27
m0201	m0280	32.6	0.83	26
m0201	m0340	34.1	1.42	25
m0201	m0360	29.6	3.15	24
m0201	m0396	37.0	9.18	23
m0202	m0392	49.4	9.74e-108	381
m0202	m0262	48.0	6.54e-104	369
m0202	m0241	43.1	4.85e-99	352
m0202	m0263	43.0	8.03e-86	309
m0202	m0324	30.2	0.273	28
m0202	m0307	41.5	0.357	27
m0202	m0324	39.3	1.04	26
m0202	m0271	24.8	1.77	25
m0202	m0245	45.0	3.02	24
m0202	m0229	52.9	3.95	24
m0202	m0335	40.9	3.95	24
m0202	m0337	57.1	5.16	23
m0202	m0327	36.4	5.16	23
m0202	m0251	43.5	5.16	23
m0202	m0219	57.1	5.16	23
m0202	m0278	57.1	5.16	23
m0202	m0283	57.1	5.16	23
m0202	m0365	50.0	6.74	23
m0202	m0207	26.8	8.8	23
m0202	m0370	50.0	8.8	23
m0202	m0338	50.0	8.8	23
m0202	m0319	50.0	8.8	23
m0202	m0240	50.0	8.8	23
m0202	m0234	27.8	8.8	23
m0203	m0358	32.7	4.41e-84	303
m0203	m0242	30.9	2.54e-31	128
m0203	m0362	31.7	1.44e-26	112
m0203	m0302	31.7	1.95e-23	102
m0203	m0325	23.5	2.72e-17	81
m0203	m0265	28.3	4.65e-17	80
m0203	m0346	27.5	5.14e-16	77
m0203	m0272	28.1	2.16e-14	72
m0203	m0226	25.9	8.2e-14	70
m0203	m0242	28.0	0.000202	39
m0203	m0362	24.1	0.796	27
m0203	m0212	29.4	6.74	23
m0204	m0339	29.1	0.00132	35
m0204	m0353	26.6	0.615	27
m0204	m0375	43.8	1.37	25
m0204	m0224	55.0	1.79	25
m0204	m0305	22.5	6.8	23
m0205	m0374	62.8	4.43e-75	272
m0205	m0326	54.8	6.64e-63	231
m0205	m0260	32.6	3.95e-15	73
m0205	m0281	26.4	7.21e-09	52
m0205	m0355	29.0	1.23e-08	51
m0205	m0206	26.4	1.36e-07	48
m0205	m0401	30.3	1.15e-06	45
m0205	m0255	25.2	0.0293	30
m0205	m0347	25.4	1.23	25
m0205	m0358	22.9	4.68	23
m0206	m0355	61.2	4.56e-67	245
m0206	m0347	53.0	1.16e-62	231
m0206	m0255	51.1	2.05e-59	220
m0206	m0401	47.5	2.52e-49	186
m0206	m0281	26.9	4.33e-17	79
m0206	m0260	29.0	3.93e-10	56
m0206	m0374	29.4	5.13e-10	56
m0206	m0326	28.9	2.54e-09	54
m0206	m0217	25.0	0.00209	34
m0206	m0324	31.7	0.435	26
m0206	m0213	36.1	0.568	26
m0206	m0288	33.3	3.68	23
m0206	m0323	26.9	3.68	23
m0206	m0285	31.1	8.2	22
m0207	m0330	54.3	2.01e-95	340
m0207	m0400	55.9	4.96e-94	335
m0207	m0240	58.1	1.1e-93	334
m0207	m0246	54.3	2.72e-92	330
m0207	m0278	54.3	8.75e-91	325
m0207	m0282	55.0	1.49e-90	324
m0207	m0349	51.4	1.95e-90	324
m0207	m0332	53.2	2.54e-90	323
m0207	m0342	51.8	3.32e-90	323
m0207	m0327	55.1	3.67e-89	319
m0207	m0218	52.4	3.67e-89	319
m0207	m0345	53.4	1.4e-88	317
m0207	m0208	51.1	2.38e-88	317
m0207	m0283	54.6	4.06e-88	316
m0207	m0337	53.7	1.18e-87	314
m0207	m0335	55.6	2.63e-87	313
m0207	m0250	52.5	3.44e-87	313
m0207	m0393	50.4	3.44e-87	313
m0207	m0321	53.2	5.87e-87	312
m0207	m0378	53.5	7.66e-87	312
m0207	m0295	51.8	1e-86	311
m0207	m0256	50.9	1.31e-86	311
m0207	m0406	55.7	1.71e-86	310
m0207	m0348	52.3	4.97e-86	309
m0207	m0217	50.2	1.45e-85	307
m0207	m0230	51.9	1.45e-85	307
m0207	m0280	54.9	9.37e-85	305
m0207	m0319	54.8	4.65e-84	302
m0207	m0363	53.2	1.35e-83	301
m0207	m0239	51.0	6.71e-83	299
m0207	m0296	55.8	6.71e-83	299
m0207	m0261	54.5	1.14e-82	298
m0207	m0370	53.3	1.65e-81	294
m0207	m0216	51.7	3.68e-81	293
m0207	m0323	49.2	5.88e-79	285
m0207	m0269	49.8	1.89e-77	280
m0207	m0338	49.0	9.39e-77	278
m0207	m0229	49.5	1.96e-74	270
m0207	m0219	50.7	1.66e-73	267
m0207	m0297	47.8	6.3e-73	265
m0207	m0397	46.8	1.19e-71	261
m0207	m0317	46.2	1.55e-71	261
m0207	m0405	47.2	1.01e-70	258
m0207	m0331	50.2	1.01e-70	258
m0207	m0402	47.6	1.61e-68	251
m0207	m0390	47.6	2.17e-65	240
m0207	m0299	47.1	8.24e-65	238
m0207	m0237	47.8	4.09e-64	236
m0207	m0236	44.8	6.98e-64	235
m0207	m0235	45.3	6.98e-64	235
m0207	m0273	45.0	1.32e-62	231
m0207	m0264	42.9	8.53e-62	228
m0207	m0232	43.0	9.43e-61	225
m0207	m0316	45.1	1.61e-60	224
m0207	m0249	42.6	1.78e-59	221
m0207	m0394	45.3	3.03e-59	220
m0207	m0336	45.2	3.96e-59	220
m0207	m0306	42.1	5.18e-59	219
m0207	m0398	46.7	6.76e-59	219
m0207	m0234	39.1	1.51e-58	218
m0207	m0233	45.0	1.51e-58	218
m0207	m0365	45.3	7.47e-58	215
m0207	m0343	44.4	1.66e-57	214
m0207	m0380	44.6	2.17e-57	214
m0207	m0368	43.7	1.08e-56	211
m0207	m0305	41.4	2.4e-56	210
m0207	m0388	41.1	2.66e-55	207
m0207	m0309	42.7	3.47e-55	206
m0207	m0372	43.4	7.73e-55	205
m0207	m0314	41.2	8.55e-54	202
m0207	m0377	41.5	8.55e-54	202
m0207	m0328	44.3	2.49e-53	200
m0207	m0294	42.9	7.24e-53	199
m0207	m0274	41.1	1.61e-52	198
m0207	m0382	40.9	5.19e-51	193
m0207	m0408	38.7	6.78e-51	192
m0207	m0247	39.1	5.74e-50	189
m0207	m0254	41.0	1.41e-48	184
m0207	m0387	37.4	2.95e-46	177
m0207	m0311	40.0	5.02e-46	176
m0207	m0212	37.0	5.56e-45	173
m0207	m0364	35.7	5.56e-45	173
m0207	m0354	36.7	4.7e-44	169
m0207	m0292	38.5	3.05e-43	167
m0207	m0385	37.3	3.98e-43	166
m0207	m0351	39.0	6.79e-43	166
m0207	m0410	39.8	1.98e-42	164
m0207	m0266	35.4	2.58e-42	164
m0207	m0251	37.3	2.58e-42	164
m0207	m0383	38.7	1.67e-41	161
m0207	m0286	34.5	2.18e-41	161
m0207	m0334	40.3	4.87e-41	159
m0207	m0341	37.7	6.36e-41	159
m0207	m0356	36.6	6.36e-41	159
m0207	m0312	37.2	4.12e-40	156
m0207	m0284	35.5	4.26e-37	146
m0207	m0245	35.8	1.79e-35	141
m0207	m0371	32.6	7.29e-29	119
m0207	m0289	25.9	2.59e-26	111
m0207	m0369	30.6	2.87e-25	107
m0207	m0275	27.5	4.58e-23	100
m0207	m0276	27.8	4.01e-19	87
m0207	m0293	26.3	3.39e-18	84
m0207	m0279	29.2	6.4e-17	79
m0207	m0359	27.0	2.97e-14	70
m0207	m0231	27.9	2.52e-13	67
m0207	m0267	23.0	3.29e-13	67
m0207	m0396	29.2	1.25e-12	65
m0207	m0268	26.4	7.09e-08	49
m0207	m0376	27.8	5.08e-06	43
m0207	m0409	29.9	8.67e-06	42
m0207	m0221	27.8	0.000476	37
m0207	m0340	26.2	0.000812	36
m0207	m0399	22.5	0.00138	35
m0207	m0307	23.3	0.0153	32
m0207	m0339	25.9	0.0153	32
m0207	m0291	32.7	0.02	31
m0207	m0257	30.0	0.0445	30
m0207	m0376	23.5	0.0582	30
m0207	m0333	24.5	0.076	29
m0207	m0241	52.4	0.84	26
m0207	m0371	27.9	1.87	25
m0207	m0215	35.1	1.87	25
m0207	m0391	25.9	4.17	23
m0207	m0367	38.7	7.11	23
m0208	m0218	85.3	1.34e-235	806
m0208	m0256	84.6	7.37e-234	800
m0208	m0345	84.0	4.78e-233	798
m0208	m0332	82.1	2.22e-230	789
m0208	m0378	83.3	4.95e-230	788
m0208	m0348	83.1	1.44e-229	786
m0208	m0342	81.6	9.33e-229	783
m0208	m0393	79.8	3.43e-223	765
m0208	m0230	82.2	1.35e-219	753
m0208	m0363	82.0	8.75e-219	750
m0208	m0321	80.9	2.82e-217	745
m0208	m0217	81.9	9.39e-205	704
m0208	m0219	66.0	3.5e-159	552
m0208	m0229	62.4	3.62e-156	542
m0208	m0400	75.1	8.36e-145	505
m0208	m0337	56.6	1.86e-144	503
m0208	m0278	56.1	5.99e-143	498
m0208	m0240	58.1	9.9e-138	481
m0208	m0319	58.8	2.21e-137	480
m0208	m0283	55.8	8.67e-134	468
m0208	m0246	54.2	3.09e-131	460
m0208	m0295	52.3	4.03e-131	459
m0208	m0397	52.7	1.03e-126	445
m0208	m0250	68.7	1.59e-119	421
m0208	m0261	59.1	4.62e-119	419
m0208	m0330	51.3	3.32e-109	386
m0208	m0349	50.4	2.15e-108	384
m0208	m0282	51.9	2.15e-108	384
m0208	m0296	66.6	2.81e-108	383
m0208	m0327	63.8	3.11e-107	380
m0208	m0280	51.2	5.3e-107	379
m0208	m0335	62.5	3.44e-106	376
m0208	m0216	59.9	2.46e-104	370
m0208	m0239	57.5	1.76e-102	364
m0208	m0406	62.4	1.65e-100	357
m0208	m0323	59.7	1.55e-98	351
m0208	m0370	60.5	1.31e-97	348
m0208	m0405	51.1	1.89e-96	344
m0208	m0338	58.3	1.89e-96	344
m0208	m0269	60.0	4.21e-96	343
m0208	m0317	46.7	3.45e-90	323
m0208	m0297	51.6	6.3e-84	302
m0208	m0331	54.2	7.21e-80	289
m0208	m0299	54.3	2.32e-78	284
m0208	m0402	52.2	1.27e-76	278
m0208	m0316	50.2	3.14e-75	273
m0208	m0390	52.4	5.91e-74	269
m0208	m0236	50.8	7.72e-74	269
m0208	m0237	51.2	7.72e-74	269
m0208	m0249	49.1	6.54e-73	266
m0208	m0234	46.3	1.12e-72	265
m0208	m0235	49.5	1.46e-72	265
m0208	m0273	48.5	2.1e-71	261
m0208	m0306	49.2	3.59e-71	260
m0208	m0232	48.3	4.69e-71	260
m0208	m0394	49.8	6.12e-71	259
m0208	m0233	47.0	2.57e-69	254
m0208	m0264	44.0	1.67e-68	251
m0208	m0380	47.2	1.56e-66	245
m0208	m0336	48.8	1.56e-66	245
m0208	m0388	46.6	3.48e-66	243
m0208	m0343	47.3	4.54e-66	243
m0208	m0377	47.8	5.02e-65	240
m0208	m0398	47.9	6.55e-65	239
m0208	m0368	45.6	4.25e-64	236
m0208	m0309	49.3	4.25e-64	236
m0208	m0305	45.7	7.25e-64	236
m0208	m0382	47.9	1.24e-63	235
m0208	m0274	46.4	1.05e-62	232
m0208	m0372	45.8	2.33e-62	231
m0208	m0365	45.1	3.04e-62	230
m0208	m0314	44.7	4.4e-61	226
m0208	m0254	45.4	2.18e-60	224
m0208	m0294	45.7	3.15e-59	220
m0208	m0328	46.0	4.11e-59	220
m0208	m0247	44.6	5.37e-59	220
m0208	m0408	41.0	1.73e-57	215
m0208	m0354	42.7	6.8e-54	203
m0208	m0364	40.2	4.87e-52	196
m0208	m0385	38.6	1.57e-50	191
m0208	m0311	41.5	2.67e-50	191
m0208	m0334	43.6	2.26e-49	188
m0208	m0351	39.3	2.26e-49	188
m0208	m0266	41.6	2.96e-49	187
m0208	m0356	43.2	2.96e-49	187
m0208	m0341	40.5	8.6e-49	186
m0208	m0292	39.1	3.27e-48	184
m0208	m0383	37.8	9.51e-48	182
m0208	m0212	39.7	1.24e-47	182
m0208	m0410	40.6	2.77e-47	181
m0208	m0312	40.1	3.99e-46	177
m0208	m0286	39.0	6.81e-46	176
m0208	m0387	36.9	3.38e-45	174
m0208	m0284	41.4	9.84e-45	172
m0208	m0251	39.5	1.29e-44	172
m0208	m0245	37.5	3.74e-44	170
m0208	m0371	35.5	5.23e-38	150
m0208	m0275	34.5	1.21e-34	139
m0208	m0369	34.1	4.58e-34	137
m0208	m0289	30.3	2.2e-28	118
m0208	m0396	29.6	6.65e-17	80
m0208	m0279	32.5	1.13e-16	79
m0208	m0293	26.0	4.31e-16	77
m0208	m0359	26.2	2.36e-14	71
m0208	m0231	30.8	1.53e-13	69
m0208	m0276	25.9	5.82e-13	67
m0208	m0267	25.7	1.69e-12	65
m0208	m0268	29.2	1.21e-10	59
m0208	m0409	28.0	8.14e-07	46
m0208	m0307	23.2	6.89e-06	43
m0208	m0376	34.7	3.42e-05	41
m0208	m0221	23.9	0.0032	34
m0208	m0340	45.9	0.0208	32
m0208	m0324	22.9	0.0354	31
m0208	m0399	26.9	0.0354	31
m0208	m0339	29.0	0.135	29
m0208	m0411	29.2	0.229	28
m0208	m0318	27.4	0.3	28
m0208	m0367	34.9	1.49	25
m0208	m0219	57.9	1.49	25
m0208	m0333	26.9	1.94	25
m0208	m0384	34.3	7.38	23
m0208	m0241	61.5	7.38	23
m0209	m0223	38.6	4.13e-53	200
m0209	m0379	36.3	2.68e-52	197
m0209	m0222	36.3	3.06e-48	183
m0209	m0270	36.1	5.22e-48	183
m0209	m0244	32.8	1.09e-45	175
m0209	m0277	29.0	2.36e-32	131
m0209	m0320	28.2	1.69e-30	124
m0209	m0384	31.1	5.43e-29	119
m0209	m0248	25.9	3.89e-27	113
m0209	m0386	30.7	5.08e-27	113
m0209	m0224	30.4	1.48e-26	111
m0209	m0253	28.1	1.25e-25	108
m0209	m0211	29.1	4.76e-25	106
m0209	m0361	29.8	1.06e-24	105
m0209	m0288	26.7	2.36e-24	104
m0209	m0357	27.8	8.97e-24	102
m0209	m0258	29.1	5.82e-23	99
m0209	m0353	26.8	2.44e-21	94
m0209	m0412	28.5	1.21e-20	92
m0209	m0389	27.4	1.75e-19	88
m0209	m0228	27.4	2.99e-19	87
m0209	m0404	24.6	3.3e-18	84
m0209	m0315	31.2	7.36e-18	82
m0209	m0285	24.1	4.77e-17	80
m0209	m0315	26.6	0.00103	35
m0209	m0368	31.4	3.11	24
m0209	m0373	33.3	4.06	23
m0209	m0307	47.4	9.04	22
m0210	m0290	37.9	1.44e-47	181
m0210	m0227	40.7	9.31e-47	178
m0210	m0360	36.0	1.54e-41	161
m0210	m0411	35.7	9.66e-36	142
m0210	m0399	31.9	2.38e-26	111
m0210	m0391	29.2	1.71e-24	104
m0210	m0272	30.1	0.024	31
m0210	m0340	57.9	0.347	27
m0210	m0265	88.9	0.347	27
m0210	m0409	88.9	0.347	27
m0210	m0385	100.0	0.453	27
m0210	m0226	88.9	0.453	27
m0210	m0268	80.0	0.453	27
m0210	m0376	100.0	0.453	27
m0210	m0220	100.0	0.453	27
m0210	m0298	25.9	2.94	24
m0211	m0320	48.6	1.14e-74	271
m0211	m0248	46.1	9.66e-74	268
m0211	m0288	47.7	2.81e-73	267
m0211	m0277	44.9	1.18e-71	261
m0211	m0389	48.9	3.22e-69	253
m0211	m0412	44.9	1.03e-67	248
m0211	m0386	42.0	1.18e-63	235
m0211	m0315	42.3	7.18e-61	225
m0211	m0353	46.1	1.07e-56	211
m0211	m0224	40.3	6.51e-54	202
m0211	m0404	40.3	1.6e-52	198
m0211	m0253	36.3	1.36e-51	195
m0211	m0228	40.5	2.31e-51	194
m0211	m0285	38.3	8.23e-49	185
m0211	m0357	40.9	6.97e-48	182
m0211	m0258	40.5	1.36e-43	168
m0211	m0384	35.4	1.9e-37	148
m0211	m0361	32.3	6.12e-36	143
m0211	m0223	35.8	6.77e-35	139
m0211	m0379	32.3	2.66e-31	127
m0211	m0270	32.0	1.61e-28	118
m0211	m0244	28.4	9.79e-26	109
m0211	m0222	32.2	1.01e-22	99
m0211	m0238	30.0	0.0339	30
m0211	m0318	25.6	0.375	27
m0211	m0391	21.7	0.639	26
m0211	m0375	31.6	4.14	23
m0211	m0259	45.8	5.41	23
m0212	m0387	66.8	1.26e-111	394
m0212	m0286	65.3	2.63e-109	386
m0212	m0408	54.7	4.99e-84	302
m0212	m0273	50.2	1.23e-66	244
m0212	m0382	46.0	5.74e-64	235
m0212	m0316	47.3	7.49e-64	235
m0212	m0235	45.7	6.34e-63	232
m0212	m0331	44.0	1.08e-62	231
m0212	m0390	45.4	1.41e-62	231
m0212	m0236	44.6	9.16e-62	228
m0212	m0299	44.6	7.75e-61	225
m0212	m0294	47.3	1.01e-60	225
m0212	m0237	43.1	2.95e-60	223
m0212	m0254	44.6	3.85e-60	223
m0212	m0232	45.5	8.57e-60	221
m0212	m0402	46.0	3.26e-59	220
m0212	m0380	46.4	5.56e-59	219
m0212	m0372	43.2	5.56e-59	219
m0212	m0306	44.6	8.02e-58	215
m0212	m0249	41.7	1.05e-57	215
m0212	m0309	43.6	1.05e-57	215
m0212	m0394	43.0	4.4e-56	209
m0212	m0314	42.4	5.75e-56	209
m0212	m0234	43.5	2.18e-55	207
m0212	m0341	43.2	3.73e-55	206
m0212	m0233	41.5	4.87e-55	206
m0212	m0398	43.1	6.36e-55	205
m0212	m0388	43.3	1.85e-54	204
m0212	m0274	43.5	2.42e-54	203
m0212	m0328	44.7	1.57e-53	201
m0212	m0349	42.1	1.01e-52	198
m0212	m0264	40.1	2.95e-52	196
m0212	m0323	39.6	5.04e-52	196
m0212	m0365	42.7	8.59e-52	195
m0212	m0338	41.1	1.12e-51	195
m0212	m0336	42.1	1.47e-51	194
m0212	m0334	40.7	1.91e-51	194
m0212	m0330	40.5	1.24e-50	191
m0212	m0364	39.9	1.62e-50	191
m0212	m0250	39.8	4.71e-50	189
m0212	m0342	39.7	8.04e-50	188
m0212	m0354	39.5	1.05e-49	188
m0212	m0269	40.8	1.05e-49	188
m0212	m0280	39.1	1.05e-49	188
m0212	m0282	40.7	1.37e-49	188
m0212	m0377	40.9	1.79e-49	187
m0212	m0230	40.1	3.06e-49	186
m0212	m0370	41.7	3.06e-49	186
m0212	m0368	41.4	5.21e-49	186
m0212	m0217	39.4	6.81e-49	185
m0212	m0332	39.4	8.89e-49	185
m0212	m0283	39.9	8.89e-49	185
m0212	m0216	40.4	1.16e-48	184
m0212	m0348	39.6	1.16e-48	184
m0212	m0229	39.7	1.16e-48	184
m0212	m0378	39.8	1.16e-48	184
m0212	m0337	40.8	1.98e-48	184
m0212	m0343	38.4	1.98e-48	184
m0212	m0292	39.6	1.98e-48	184
m0212	m0305	41.3	7.53e-48	182
m0212	m0311	39.8	7.53e-48	182
m0212	m0218	39.4	9.83e-48	181
m0212	m0247	38.0	9.83e-48	181
m0212	m0397	40.1	1.28e-47	181
m0212	m0296	39.8	1.28e-47	181
m0212	m0278	39.2	1.28e-47	181
m0212	m0261	39.1	1.28e-47	181
m0212	m0345	38.7	1.68e-47	181
m0212	m0371	38.5	2.19e-47	180
m0212	m0335	39.8	2.19e-47	180
m0212	m0321	38.2	2.86e-47	180
m0212	m0393	39.2	6.37e-47	179
m0212	m0256	38.0	8.32e-47	178
m0212	m0266	37.5	8.32e-47	178
m0212	m0295	36.4	8.32e-47	178
m0212	m0363	37.6	1.42e-46	178
m0212	m0219	42.1	1.85e-46	177
m0212	m0240	39.7	2.42e-46	177
m0212	m0400	37.6	3.16e-46	176
m0212	m0245	38.0	7.04e-46	175
m0212	m0406	35.7	7.04e-46	175
m0212	m0351	38.7	1.2e-45	174
m0212	m0410	39.8	1.57e-45	174
m0212	m0405	40.1	2.05e-45	174
m0212	m0317	37.3	2.68e-45	173
m0212	m0251	39.3	2.68e-45	173
m0212	m0327	39.5	5.96e-45	172
m0212	m0383	35.8	7.79e-45	172
m0212	m0239	39.1	7.79e-45	172
m0212	m0385	39.6	2.27e-44	170
m0212	m0312	37.8	5.05e-44	169
m0212	m0356	38.4	5.05e-44	169
m0212	m0246	36.0	1.12e-43	168
m0212	m0319	40.2	1.92e-43	167
m0212	m0297	39.0	5.58e-43	166
m0212	m0284	39.5	8.34e-39	152
m0212	m0369	33.6	1.13e-27	115
m0212	m0275	31.6	4.75e-26	109
m0212	m0289	26.1	6.01e-21	92
m0212	m0231	29.3	2.52e-19	87
m0212	m0293	25.2	8.12e-18	82
m0212	m0359	25.4	8.4e-15	72
m0212	m0267	35.0	4.61e-13	66
m0212	m0279	25.8	4.61e-13	66
m0212	m0268	28.8	2.29e-12	64
m0212	m0276	24.3	4.31e-11	60
m0212	m0396	25.5	4.04e-09	53
m0212	m0221	28.3	1.22e-05	42
m0212	m0220	27.0	0.0215	31
m0212	m0340	47.6	0.0215	31
m0212	m0376	30.8	0.405	27
m0212	m0339	28.8	0.529	26
m0212	m0315	29.2	1.54	25
m0213	m0252	34.8	1.07e-95	342
m0213	m0358	34.2	6.42	24
m0213	m0261	30.8	6.42	24
m0214	m0331	23.4	0.0096	32
m0214	m0232	24.8	0.0125	32
m0214	m0300	22.0	0.0214	31
m0214	m0318	29.4	0.0214	31
m0214	m0316	29.1	0.0365	30
m0214	m0235	22.8	0.0365	30
m0214	m0340	27.3	0.0365	30
m0214	m0299	22.4	0.0622	29
m0214	m0236	22.0	0.0812	29
m0214	m0273	22.8	0.0812	29
m0214	m0339	23.3	0.181	28
m0214	m0294	42.9	0.527	26
m0214	m0334	27.0	0.688	26
m0214	m0236	57.9	1.17	25
m0214	m0299	55.0	1.17	25
m0214	m0316	57.9	1.17	25
m0214	m0382	31.5	2	24
m0214	m0390	23.2	2	24
m0214	m0367	50.0	2.61	24
m0214	m0252	30.3	2.61	24
m0214	m0237	26.6	2.61	24
m0214	m0289	37.1	4.46	23
m0214	m0390	52.6	9.93	22
m0215	m0241	26.1	0.00913	33
m0215	m0239	25.6	0.0156	32
m0215	m0327	22.7	0.0773	30
m0215	m0335	23.6	0.132	29
m0215	m0372	39.5	0.172	28
m0215	m0363	33.3	0.384	27
m0215	m0289	35.3	0.501	27
m0215	m0339	29.5	0.655	27
m0215	m0297	27.3	0.855	26
m0215	m0301	27.7	1.9	25
m0215	m0283	33.3	4.24	24
m0215	m0278	33.3	5.54	23
m0215	m0370	30.8	9.45	23
m0216	m0296	72.9	1.43e-122	430
m0216	m0219	75.5	4.15e-122	429
m0216	m0250	67.8	1.02e-120	424
m0216	m0229	70.9	1.13e-119	421
m0216	m0327	69.0	1.63e-118	417
m0216	m0335	67.7	9.26e-114	401
m0216	m0342	60.9	1.13e-111	394
m0216	m0239	61.3	1.06e-109	387
m0216	m0261	64.1	1.38e-109	387
m0216	m0230	60.7	8.97e-109	384
m0216	m0332	58.8	2.61e-108	383
m0216	m0400	59.3	4.45e-108	382
m0216	m0337	63.8	7.59e-108	381
m0216	m0348	60.5	7.59e-108	381
m0216	m0321	59.5	1.69e-107	380
m0216	m0349	60.1	4.92e-107	379
m0216	m0217	59.4	4.92e-107	379
m0216	m0256	61.4	6.43e-107	378
m0216	m0280	64.9	8.4e-107	378
m0216	m0278	60.7	1.1e-106	377
m0216	m0393	59.9	1.1e-106	377
m0216	m0345	59.2	4.17e-106	376
m0216	m0330	61.1	4.17e-106	376
m0216	m0363	58.3	5.44e-106	375
m0216	m0378	59.0	4.61e-105	372
m0216	m0283	61.1	4.61e-105	372
m0216	m0218	59.0	8.69e-104	368
m0216	m0370	60.4	1.13e-103	367
m0216	m0282	59.4	1.06e-101	361
m0216	m0319	60.4	7.61e-100	355
m0216	m0240	62.4	1.3e-99	354
m0216	m0317	52.9	2.8e-94	336
m0216	m0246	57.8	1.06e-93	334
m0216	m0295	57.5	9.01e-93	331
m0216	m0397	53.2	9.01e-93	331
m0216	m0323	58.6	1.54e-92	330
m0216	m0405	53.7	1.44e-90	324
m0216	m0338	55.1	5.47e-90	322
m0216	m0406	56.9	6.05e-89	319
m0216	m0269	56.2	1.76e-88	317
m0216	m0297	53.9	3.8e-83	299
m0216	m0331	51.5	2.02e-76	277
m0216	m0402	52.3	2.63e-76	277
m0216	m0390	51.4	2.73e-73	267
m0216	m0235	49.7	1.35e-72	264
m0216	m0273	47.8	2.31e-72	263
m0216	m0380	51.8	3.01e-72	263
m0216	m0316	49.1	1.15e-71	261
m0216	m0306	49.1	1.5e-71	261
m0216	m0394	49.1	1.5e-71	261
m0216	m0299	49.6	1.95e-71	260
m0216	m0237	52.9	2.55e-71	260
m0216	m0236	52.5	1.27e-70	258
m0216	m0249	48.9	4.81e-70	256
m0216	m0232	47.8	8.21e-70	255
m0216	m0234	45.7	2.39e-69	253
m0216	m0336	49.1	5.88e-68	249
m0216	m0368	47.6	1e-67	248
m0216	m0233	44.9	1.31e-67	248
m0216	m0264	46.0	9.39e-66	242
m0216	m0343	46.4	4.66e-65	239
m0216	m0398	48.6	6.09e-65	239
m0216	m0274	44.5	5.15e-64	236
m0216	m0382	49.6	6.73e-64	235
m0216	m0365	45.0	8.79e-64	235
m0216	m0309	47.4	1.15e-63	235
m0216	m0314	46.1	2.56e-63	233
m0216	m0388	48.3	3.34e-63	233
m0216	m0377	47.7	3.34e-63	233
m0216	m0328	48.7	1.4e-61	228
m0216	m0305	42.6	1.83e-61	227
m0216	m0372	46.3	2.03e-60	224
m0216	m0247	43.5	3.58e-57	213
m0216	m0294	45.1	7.97e-57	212
m0216	m0254	41.3	4.37e-55	206
m0216	m0354	41.5	6.31e-54	202
m0216	m0408	40.9	1.84e-53	201
m0216	m0266	42.0	2.03e-52	197
m0216	m0364	39.2	1.32e-51	195
m0216	m0410	39.3	3.59e-49	186
m0216	m0334	41.5	4.68e-49	186
m0216	m0311	38.9	6.12e-49	186
m0216	m0341	39.8	6.76e-48	182
m0216	m0387	39.4	8.83e-48	182
m0216	m0292	38.2	8.83e-48	182
m0216	m0356	39.2	1.97e-47	181
m0216	m0385	39.6	1.97e-47	181
m0216	m0383	36.5	4.38e-47	179
m0216	m0245	36.3	5.72e-47	179
m0216	m0312	40.4	2.18e-46	177
m0216	m0351	39.5	8.27e-46	175
m0216	m0251	37.8	2.04e-44	171
m0216	m0286	37.7	1.01e-43	168
m0216	m0284	39.4	1.12e-42	165
m0216	m0371	36.3	8.28e-38	149
m0216	m0275	30.9	1.67e-30	124
m0216	m0369	34.2	1.42e-29	121
m0216	m0289	31.6	1.79e-24	104
m0216	m0293	29.3	1.68e-22	98
m0216	m0359	26.8	1.16e-15	75
m0216	m0276	26.7	1.52e-15	75
m0216	m0396	29.2	8.34e-14	69
m0216	m0279	29.8	1.86e-13	68
m0216	m0267	28.1	2.68e-12	64
m0216	m0231	26.0	2.97e-11	60
m0216	m0268	25.9	1.99e-07	48
m0216	m0409	27.8	0.000351	37
m0216	m0221	24.5	0.000599	36
m0216	m0307	22.6	0.000783	36
m0216	m0339	29.6	0.00133	35
m0216	m0257	25.4	0.00297	34
m0216	m0324	24.0	0.00663	33
m0216	m0340	43.2	0.0113	32
m0216	m0376	29.9	0.0148	32
m0216	m0394	44.7	0.0252	31
m0216	m0376	23.8	0.213	28
m0216	m0280	31.0	0.81	26
m0216	m0219	42.9	1.8	25
m0216	m0412	28.3	3.08	24
m0216	m0392	22.8	4.02	23
m0216	m0262	21.4	5.25	23
m0216	m0236	29.5	5.25	23
m0216	m0322	29.9	8.95	22
m0217	m0345	85.6	1.82e-218	749
m0217	m0348	84.7	4.63e-214	735
m0217	m0378	84.5	3.92e-213	731
m0217	m0332	83.3	5.66e-212	728
m0217	m0218	83.6	1.26e-211	726
m0217	m0342	84.2	8.18e-211	724
m0217	m0230	86.0	3.11e-210	722
m0217	m0256	82.9	2.63e-209	719
m0217	m0393	81.8	6.48e-208	714
m0217	m0363	84.7	4.2e-207	711
m0217	m0321	84.1	4.64e-206	708
m0217	m0400	68.6	8.05e-150	521
m0217	m0219	61.9	8.64e-136	475
m0217	m0229	59.2	2.35e-133	466
m0217	m0337	56.7	1.43e-130	457
m0217	m0240	58.5	5.42e-130	455
m0217	m0278	56.5	1.02e-128	451
m0217	m0261	71.7	6.86e-125	438
m0217	m0295	54.8	2e-124	437
m0217	m0283	56.0	2.88e-123	433
m0217	m0246	53.6	3.19e-122	429
m0217	m0319	57.1	6.01e-121	425
m0217	m0397	51.9	1.34e-120	424
m0217	m0250	67.1	1.13e-119	421
m0217	m0330	54.5	3.53e-113	399
m0217	m0280	55.6	7.87e-113	398
m0217	m0282	57.3	1.94e-111	394
m0217	m0296	66.2	1.06e-109	388
m0217	m0349	52.0	1.81e-109	387
m0217	m0327	60.6	1.1e-106	378
m0217	m0335	62.1	1.22e-105	374
m0217	m0406	63.4	5.11e-104	369
m0217	m0239	56.6	7.64e-100	355
m0217	m0323	60.9	2.46e-98	350
m0217	m0269	61.0	1.59e-97	347
m0217	m0370	59.6	1.35e-96	344
m0217	m0338	59.0	1.76e-96	344
m0217	m0405	50.4	1.49e-95	341
m0217	m0317	43.8	1.31e-91	328
m0217	m0297	51.0	6.48e-91	325
m0217	m0331	53.7	5.69e-79	286
m0217	m0402	51.4	1.07e-77	282
m0217	m0299	54.0	1.4e-77	281
m0217	m0316	51.9	9.09e-77	278
m0217	m0390	52.3	1.23e-73	268
m0217	m0235	46.5	1.6e-73	268
m0217	m0249	48.2	2.09e-73	267
m0217	m0234	47.7	4.67e-73	266
m0217	m0236	49.2	6.1e-73	266
m0217	m0306	50.2	1.04e-72	265
m0217	m0273	46.9	2.32e-72	264
m0217	m0237	50.2	6.74e-72	262
m0217	m0232	46.4	1.5e-71	261
m0217	m0394	51.1	3.7e-70	257
m0217	m0233	45.8	3.7e-70	257
m0217	m0264	44.2	3.46e-68	250
m0217	m0380	48.4	1.01e-67	248
m0217	m0388	46.4	3.24e-66	243
m0217	m0343	48.5	5.53e-66	243
m0217	m0336	47.6	7.22e-66	242
m0217	m0309	44.9	2.74e-65	240
m0217	m0305	45.5	6.11e-65	239
m0217	m0368	45.6	3.03e-64	237
m0217	m0398	48.1	5.17e-64	236
m0217	m0382	47.2	1.15e-63	235
m0217	m0372	46.4	7.47e-63	232
m0217	m0314	44.2	9.75e-63	232
m0217	m0377	45.5	1.66e-62	231
m0217	m0365	46.7	2.84e-62	230
m0217	m0274	45.2	6.32e-62	229
m0217	m0328	46.2	2.25e-59	221
m0217	m0294	47.5	2.94e-59	220
m0217	m0247	43.9	6.54e-59	219
m0217	m0254	43.3	1.9e-58	218
m0217	m0408	38.9	2.84e-54	204
m0217	m0354	41.6	3.48e-52	197
m0217	m0364	40.1	4.54e-52	196
m0217	m0266	41.4	2.94e-51	194
m0217	m0334	43.6	4.25e-50	190
m0217	m0385	39.3	5.55e-50	190
m0217	m0341	39.6	2.33e-48	184
m0217	m0311	39.9	1.51e-47	181
m0217	m0356	42.2	5.74e-47	179
m0217	m0292	38.3	1.28e-46	178
m0217	m0351	38.2	3.72e-46	177
m0217	m0251	40.2	2.41e-45	174
m0217	m0410	40.1	3.15e-45	174
m0217	m0383	37.7	9.17e-45	172
m0217	m0312	39.4	2.67e-44	171
m0217	m0286	38.6	2.67e-44	171
m0217	m0245	37.7	3.49e-44	170
m0217	m0387	36.2	5.03e-43	166
m0217	m0284	39.7	5.03e-43	166
m0217	m0371	34.8	1.02e-35	142
m0217	m0275	34.2	2.12e-33	134
m0217	m0369	37.2	1.37e-32	132
m0217	m0289	31.2	4.57e-28	117
m0217	m0396	29.3	1.93e-18	85
m0217	m0279	30.8	1.53e-15	75
m0217	m0231	30.8	1.53e-15	75
m0217	m0363	43.8	3.76e-14	70
m0217	m0293	26.0	6.41e-14	70
m0217	m0342	40.2	1.09e-13	69
m0217	m0348	41.7	3.18e-13	67
m0217	m0319	37.7	1.58e-12	65
m0217	m0267	22.7	4.59e-12	64
m0217	m0359	24.0	1.02e-11	62
m0217	m0276	26.3	1.75e-11	62
m0217	m0337	33.7	4.3e-10	57
m0217	m0268	28.1	2.79e-09	54
m0217	m0393	62.2	5.81e-07	47
m0217	m0229	51.3	1.29e-06	45
m0217	m0218	56.1	1.69e-06	45
m0217	m0409	24.7	2.21e-06	45
m0217	m0378	53.7	2.21e-06	45
m0217	m0256	52.4	2.21e-06	45
m0217	m0219	55.6	4.92e-06	44
m0217	m0321	52.4	4.92e-06	44
m0217	m0397	40.5	1.43e-05	42
m0217	m0230	48.8	2.44e-05	41
m0217	m0332	48.8	2.44e-05	41
m0217	m0345	48.8	2.44e-05	41
m0217	m0307	24.4	4.16e-05	40
m0217	m0278	43.2	7.1e-05	40
m0217	m0376	35.4	0.000353	37
m0217	m0340	30.4	0.00175	35
m0217	m0324	24.0	0.00175	35
m0217	m0221	29.6	0.00175	35
m0217	m0240	37.8	0.0431	30
m0217	m0411	29.2	0.096	29
m0217	m0339	29.0	0.096	29
m0217	m0257	23.3	0.125	29
m0217	m0399	23.6	0.164	28
m0217	m0219	64.7	0.164	28
m0217	m0280	31.9	0.365	27
m0217	m0367	34.9	1.39	25
m0217	m0241	27.4	1.81	25
m0217	m0229	35.4	3.09	24
m0217	m0392	37.5	8.99	23
m0218	m0256	88.5	4.27e-245	838
m0218	m0345	87.4	1.52e-242	829
m0218	m0378	86.5	2.68e-239	819
m0218	m0332	85.7	5.97e-239	817
m0218	m0342	85.8	1.02e-238	817
m0218	m0348	85.3	7.3e-237	810
m0218	m0393	83.0	1.57e-231	793
m0218	m0321	83.1	3.52e-223	765
m0218	m0230	83.8	8.66e-222	760
m0218	m0363	83.0	5.61e-221	758
m0218	m0400	68.3	7.73e-154	535
m0218	m0219	61.8	8e-151	525
m0218	m0229	58.6	5.18e-150	522
m0218	m0337	53.5	1.46e-136	477
m0218	m0240	56.5	1.79e-134	470
m0218	m0278	52.8	1.28e-132	464
m0218	m0319	57.5	4.87e-132	462
m0218	m0397	51.0	5.04e-129	452
m0218	m0283	52.9	1.62e-127	447
m0218	m0246	52.0	2.77e-127	446
m0218	m0295	51.0	9.84e-125	438
m0218	m0261	57.9	6.38e-124	435
m0218	m0250	57.6	2.05e-122	430
m0218	m0330	54.4	3.88e-113	399
m0218	m0280	57.9	1.47e-112	398
m0218	m0282	52.7	2.35e-110	390
m0218	m0349	48.8	5.8e-109	386
m0218	m0296	65.7	2.44e-107	380
m0218	m0327	59.7	5.08e-105	372
m0218	m0335	61.8	1.93e-104	371
m0218	m0406	59.1	5.26e-102	362
m0218	m0239	56.6	1.29e-100	358
m0218	m0269	60.4	3.9e-97	346
m0218	m0317	48.4	2.53e-96	344
m0218	m0323	59.9	4.31e-96	343
m0218	m0370	60.6	5.63e-96	342
m0218	m0338	59.3	6.22e-95	339
m0218	m0405	49.2	4.46e-93	333
m0218	m0297	46.2	1.14e-88	318
m0218	m0402	52.4	1.07e-78	285
m0218	m0299	55.3	1.54e-77	281
m0218	m0331	52.7	5.85e-77	279
m0218	m0390	53.3	1.88e-75	274
m0218	m0236	52.2	1.03e-73	268
m0218	m0316	49.8	1.35e-73	268
m0218	m0237	51.9	3.01e-73	267
m0218	m0235	47.9	1.95e-72	264
m0218	m0249	48.3	2.81e-71	260
m0218	m0232	47.7	3.67e-71	260
m0218	m0234	45.0	3.11e-70	257
m0218	m0306	47.8	9.05e-70	255
m0218	m0273	46.7	3.44e-69	253
m0218	m0394	48.8	1e-68	252
m0218	m0233	46.7	4.97e-68	250
m0218	m0264	43.7	5.49e-67	246
m0218	m0343	49.0	9.37e-67	245
m0218	m0388	45.8	1.04e-65	242
m0218	m0380	48.4	1.04e-65	242
m0218	m0336	48.4	8.77e-65	239
m0218	m0309	44.5	2.55e-64	237
m0218	m0398	47.9	7.42e-64	236
m0218	m0368	45.5	2.82e-63	234
m0218	m0305	44.8	3.68e-63	233
m0218	m0365	45.1	1.83e-62	231
m0218	m0274	47.2	2.39e-62	231
m0218	m0377	46.3	4.07e-62	230
m0218	m0382	47.2	2.64e-61	227
m0218	m0372	45.4	2.23e-60	224
m0218	m0314	42.8	2.47e-59	221
m0218	m0294	45.7	3.23e-59	220
m0218	m0247	44.3	5.5e-59	220
m0218	m0254	44.0	1.36e-57	215
m0218	m0328	44.7	3.34e-56	210
m0218	m0408	41.4	9.71e-56	209
m0218	m0354	41.5	2.92e-52	197
m0218	m0364	39.7	3.58e-50	190
m0218	m0311	39.6	3.03e-49	187
m0218	m0266	39.3	3.95e-49	187
m0218	m0351	39.3	3.95e-49	187
m0218	m0334	39.8	5.16e-49	186
m0218	m0292	38.7	5.16e-49	186
m0218	m0410	40.8	2.83e-47	181
m0218	m0383	36.5	1.08e-46	179
m0218	m0341	41.5	1.08e-46	179
m0218	m0385	37.5	5.34e-46	176
m0218	m0356	41.0	9.11e-46	176
m0218	m0251	38.0	7.71e-45	173
m0218	m0312	38.8	1.72e-44	171
m0218	m0284	40.9	2.93e-44	171
m0218	m0286	38.5	5e-44	170
m0218	m0387	36.7	5.53e-43	166
m0218	m0245	36.7	5.53e-43	166
m0218	m0371	34.9	6.55e-36	143
m0218	m0275	33.2	3.25e-35	141
m0218	m0369	37.0	2.11e-34	138
m0218	m0289	30.8	2.95e-28	117
m0218	m0279	32.0	8.04e-18	83
m0218	m0396	30.3	8.04e-18	83
m0218	m0293	26.2	1.98e-16	78
m0218	m0276	26.2	1.2e-13	69
m0218	m0231	31.7	2.05e-13	68
m0218	m0359	23.2	1.73e-12	65
m0218	m0267	24.9	6.59e-12	63
m0218	m0268	29.1	3.27e-11	61
m0218	m0409	25.9	2.87e-07	48
m0218	m0376	33.7	0.000387	37
m0218	m0307	22.8	0.000387	37
m0218	m0221	23.0	0.00251	35
m0218	m0324	24.7	0.00251	35
m0218	m0399	27.6	0.00428	34
m0218	m0340	45.9	0.0213	32
m0218	m0356	25.9	0.0808	30
m0218	m0339	30.1	0.0808	30
m0218	m0411	27.7	0.138	29
m0218	m0219	63.2	0.307	28
m0218	m0322	39.1	0.307	28
m0218	m0333	28.2	0.524	27
m0218	m0403	32.7	1.99	25
m0218	m0252	28.6	2.6	25
m0218	m0301	55.0	3.39	24
m0218	m0367	32.6	4.43	24
m0218	m0241	61.5	7.56	23
m0219	m0229	89.2	3.13e-223	765
m0219	m0342	63.1	2.99e-157	546
m0219	m0256	64.2	2.99e-157	546
m0219	m0348	63.8	6.65e-157	545
m0219	m0321	63.4	1.48e-156	544
m0219	m0345	63.5	7.36e-156	541
m0219	m0378	63.2	3.65e-155	539
m0219	m0393	62.2	6.23e-155	538
m0219	m0332	61.8	1.53e-153	533
m0219	m0363	61.2	1.1e-151	527
m0219	m0230	60.9	1.59e-150	523
m0219	m0337	63.2	1.64e-147	513
m0219	m0278	63.1	1.06e-146	511
m0219	m0283	60.6	2.38e-138	483
m0219	m0319	61.8	3.43e-137	479
m0219	m0397	54.1	2.91e-128	450
m0219	m0240	57.1	1.45e-127	447
m0219	m0246	53.6	1.89e-119	420
m0219	m0296	74.3	9.72e-116	408
m0219	m0295	52.0	1.4e-114	404
m0219	m0327	73.1	1.19e-113	401
m0219	m0239	67.8	7.21e-111	392
m0219	m0335	74.5	6.1e-110	389
m0219	m0250	54.4	4.37e-108	382
m0219	m0280	53.5	9.12e-106	375
m0219	m0261	50.7	2.48e-103	367
m0219	m0400	52.6	1.04e-101	361
m0219	m0405	55.1	4.85e-99	352
m0219	m0349	52.1	1.41e-98	351
m0219	m0282	53.3	2.04e-97	347
m0219	m0370	62.4	4.54e-97	346
m0219	m0330	50.3	7.74e-97	345
m0219	m0317	45.8	1.12e-87	315
m0219	m0338	56.5	3.73e-83	300
m0219	m0269	57.5	1.2e-81	295
m0219	m0323	56.9	1.2e-81	295
m0219	m0406	55.1	9.5e-79	285
m0219	m0297	43.4	4.57e-73	266
m0219	m0331	54.1	1.05e-69	255
m0219	m0402	50.9	3.39e-68	250
m0219	m0316	53.9	9.86e-68	248
m0219	m0249	52.5	5.41e-66	243
m0219	m0380	52.1	2.06e-65	241
m0219	m0309	49.6	5.98e-65	239
m0219	m0237	54.1	5.98e-65	239
m0219	m0390	52.4	1.02e-64	238
m0219	m0394	48.8	1.74e-64	238
m0219	m0236	48.6	2.97e-64	237
m0219	m0343	49.3	2.97e-64	237
m0219	m0299	50.0	3.88e-64	236
m0219	m0368	47.8	6.61e-64	236
m0219	m0306	48.7	3.28e-63	233
m0219	m0233	49.2	9.55e-63	232
m0219	m0234	46.9	4.74e-62	230
m0219	m0273	48.5	8.08e-62	229
m0219	m0235	46.8	6.84e-61	226
m0219	m0336	49.8	1.52e-60	225
m0219	m0365	47.0	3.4e-60	223
m0219	m0328	50.4	4.44e-60	223
m0219	m0232	46.4	2.2e-59	221
m0219	m0264	48.2	8.36e-59	219
m0219	m0398	48.8	1.86e-58	218
m0219	m0314	46.0	9.25e-58	215
m0219	m0388	50.4	1.58e-57	215
m0219	m0274	47.9	1.58e-57	215
m0219	m0377	48.6	7.83e-57	212
m0219	m0382	47.6	1.74e-56	211
m0219	m0305	43.7	1.74e-56	211
m0219	m0372	45.6	3.29e-55	207
m0219	m0294	46.0	7.33e-55	206
m0219	m0247	44.0	1.06e-53	202
m0219	m0254	44.9	5.81e-52	196
m0219	m0408	43.1	6.42e-51	193
m0219	m0266	42.5	1.09e-50	192
m0219	m0385	43.2	2.44e-50	191
m0219	m0354	41.2	1.58e-49	188
m0219	m0364	40.5	1.34e-48	185
m0219	m0341	43.9	1.13e-47	182
m0219	m0251	41.4	3.64e-46	177
m0219	m0387	42.3	3.64e-46	177
m0219	m0356	39.1	8.12e-46	176
m0219	m0351	39.1	3.09e-45	174
m0219	m0292	38.1	8.98e-45	172
m0219	m0334	43.6	1.17e-44	172
m0219	m0245	39.5	3.41e-44	170
m0219	m0311	39.8	3.41e-44	170
m0219	m0284	42.1	1.69e-43	168
m0219	m0286	38.7	1.1e-42	165
m0219	m0410	38.2	2.44e-42	164
m0219	m0383	38.9	2.07e-41	161
m0219	m0312	39.2	4.61e-41	160
m0219	m0371	34.7	4.94e-35	140
m0219	m0275	30.6	6.45e-35	139
m0219	m0369	32.8	1.64e-30	125
m0219	m0289	29.7	7.4e-23	99
m0219	m0267	28.2	3.33e-15	74
m0219	m0293	24.9	4.07e-13	67
m0219	m0231	27.3	4.07e-13	67
m0219	m0276	25.9	1.71e-11	62
m0219	m0279	28.7	1.11e-10	59
m0219	m0396	27.2	7.18e-10	56
m0219	m0268	28.1	2.31e-08	51
m0219	m0359	22.2	1.15e-07	49
m0219	m0409	27.2	0.000264	38
m0219	m0220	28.2	0.000345	37
m0219	m0307	23.1	0.000451	37
m0219	m0324	29.0	0.000769	36
m0219	m0339	32.2	0.000769	36
m0219	m0376	33.0	0.00382	34
m0219	m0221	27.1	0.00382	34
m0219	m0340	31.1	0.0189	32
m0219	m0257	28.7	0.072	30
m0219	m0322	33.9	2.32	25
m0219	m0392	57.1	5.16	23
m0219	m0241	23.2	6.74	23
m0219	m0367	38.5	6.74	23
m0219	m0301	50.0	8.8	23
m0220	m0307	30.4	3.99e-13	66
m0220	m0221	24.9	3.74e-11	60
m0220	m0231	28.8	8.62e-08	49
m0220	m0257	24.5	2.12e-06	44
m0220	m0396	28.7	3.62e-06	43
m0220	m0408	27.2	8.06e-06	42
m0220	m0311	24.0	1.05e-05	42
m0220	m0314	23.7	1.38e-05	41
m0220	m0273	27.0	2.35e-05	40
m0220	m0232	28.4	3.06e-05	40
m0220	m0376	28.7	3.06e-05	40
m0220	m0351	24.7	4e-05	40
m0220	m0316	29.9	5.23e-05	39
m0220	m0276	24.2	5.23e-05	39
m0220	m0382	24.3	8.92e-05	39
m0220	m0341	23.5	8.92e-05	39
m0220	m0235	28.4	8.92e-05	39
m0220	m0364	28.3	0.000116	38
m0220	m0380	29.0	0.000152	38
m0220	m0299	25.5	0.000152	38
m0220	m0397	30.6	0.000199	37
m0220	m0312	24.2	0.000199	37
m0220	m0368	26.9	0.000259	37
m0220	m0328	20.8	0.000339	37
m0220	m0410	25.8	0.000443	36
m0220	m0245	23.7	0.000578	36
m0220	m0305	27.7	0.000578	36
m0220	m0336	28.2	0.000578	36
m0220	m0309	28.2	0.000578	36
m0220	m0257	37.1	0.000578	36
m0220	m0306	28.2	0.000755	35
m0220	m0402	28.2	0.000755	35
m0220	m0294	26.1	0.000755	35
m0220	m0387	25.0	0.000755	35
m0220	m0254	25.2	0.000986	35
m0220	m0229	26.5	0.000986	35
m0220	m0296	25.2	0.00129	35
m0220	m0292	24.1	0.00168	34
m0220	m0317	27.7	0.0022	34
m0220	m0371	36.8	0.0022	34
m0220	m0377	24.8	0.00287	33
m0220	m0266	26.7	0.00287	33
m0220	m0236	27.0	0.00375	33
m0220	m0359	28.8	0.00375	33
m0220	m0372	25.6	0.00375	33
m0220	m0390	26.5	0.00489	33
m0220	m0337	32.4	0.00489	33
m0220	m0237	26.9	0.00639	32
m0220	m0268	25.4	0.00835	32
m0220	m0323	26.6	0.00835	32
m0220	m0286	25.6	0.00835	32
m0220	m0278	27.7	0.0109	32
m0220	m0405	27.4	0.0142	31
m0220	m0338	25.4	0.0186	31
m0220	m0331	25.6	0.0186	31
m0220	m0279	33.3	0.0243	30
m0220	m0283	31.8	0.0317	30
m0220	m0376	25.8	0.0414	30
m0220	m0247	21.6	0.0923	28
m0220	m0367	26.4	0.0923	28
m0220	m0324	23.8	0.0923	28
m0220	m0383	22.3	0.121	28
m0220	m0272	64.3	0.206	27
m0220	m0226	100.0	0.351	27
m0220	m0409	100.0	0.351	27
m0220	m0385	100.0	0.351	27
m0220	m0340	100.0	0.351	27
m0220	m0265	72.7	0.351	27
m0220	m0268	100.0	0.351	27
m0220	m0275	25.0	0.458	26
m0220	m0354	32.5	1.74	24
m0220	m0297	30.4	5.06	23
m0220	m0409	43.3	6.61	22
m0220	m0385	26.8	6.61	22
m0220	m0231	25.0	8.64	22
m0220	m0268	30.8	8.64	22
m0221	m0311	34.8	1.77e-11	62
m0221	m0351	32.1	3.03e-11	61
m0221	m0292	33.0	6.74e-11	60
m0221	m0276	28.1	2.56e-10	58
m0221	m0410	33.0	4.37e-10	57
m0221	m0356	28.7	5.71e-10	57
m0221	m0387	32.7	1.66e-09	55
m0221	m0251	31.9	1.66e-09	55
m0221	m0382	31.8	2.83e-09	54
m0221	m0328	27.4	2.4e-08	51
m0221	m0388	30.8	3.13e-08	51
m0221	m0245	31.5	5.34e-08	50
m0221	m0286	24.9	5.34e-08	50
m0221	m0383	28.7	5.34e-08	50
m0221	m0371	29.9	5.34e-08	50
m0221	m0314	26.4	6.98e-08	50
m0221	m0364	30.8	1.55e-07	49
m0221	m0245	26.9	1.55e-07	49
m0221	m0385	29.5	2.03e-07	48
m0221	m0336	31.8	2.03e-07	48
m0221	m0305	33.6	2.65e-07	48
m0221	m0306	29.4	2.65e-07	48
m0221	m0235	28.0	3.46e-07	47
m0221	m0372	30.9	3.46e-07	47
m0221	m0254	33.0	3.46e-07	47
m0221	m0354	29.2	4.52e-07	47
m0221	m0232	27.1	5.91e-07	47
m0221	m0249	25.9	1.01e-06	46
m0221	m0247	28.3	1.01e-06	46
m0221	m0376	23.5	1.01e-06	46
m0221	m0334	24.7	1.01e-06	46
m0221	m0266	23.6	1.32e-06	45
m0221	m0402	27.1	1.32e-06	45
m0221	m0368	28.6	1.32e-06	45
m0221	m0316	29.5	1.72e-06	45
m0221	m0234	27.1	1.72e-06	45
m0221	m0273	27.1	1.72e-06	45
m0221	m0266	26.5	2.24e-06	45
m0221	m0377	28.0	2.24e-06	45
m0221	m0394	26.2	2.24e-06	45
m0221	m0398	31.5	2.24e-06	45
m0221	m0365	26.9	2.93e-06	44
m0221	m0341	23.4	3.83e-06	44
m0221	m0293	27.4	3.83e-06	44
m0221	m0380	25.7	8.53e-06	43
m0221	m0312	27.5	1.11e-05	42
m0221	m0237	25.8	1.11e-05	42
m0221	m0299	29.3	2.48e-05	41
m0221	m0274	26.9	2.48e-05	41
m0221	m0233	28.0	3.24e-05	41
m0221	m0331	24.1	3.24e-05	41
m0221	m0264	27.1	3.24e-05	41
m0221	m0390	25.5	7.22e-05	40
m0221	m0408	29.6	7.22e-05	40
m0221	m0294	26.2	7.22e-05	40
m0221	m0397	27.5	7.22e-05	40
m0221	m0405	30.6	9.43e-05	39
m0221	m0309	25.2	9.43e-05	39
m0221	m0280	27.5	0.000123	39
m0221	m0236	26.4	0.000123	39
m0221	m0338	29.0	0.000123	39
m0221	m0297	28.2	0.00021	38
m0221	m0250	23.7	0.00021	38
m0221	m0343	29.0	0.000274	38
m0221	m0317	29.4	0.000274	38
m0221	m0231	26.8	0.000274	38
m0221	m0402	24.3	0.000358	37
m0221	m0323	27.1	0.000358	37
m0221	m0261	23.1	0.000468	37
m0221	m0230	26.3	0.000468	37
m0221	m0340	24.5	0.000468	37
m0221	m0309	30.0	0.000611	37
m0221	m0365	29.7	0.000798	36
m0221	m0363	26.9	0.000798	36
m0221	m0348	24.1	0.000798	36
m0221	m0256	22.7	0.000798	36
m0221	m0393	23.4	0.00104	36
m0221	m0269	24.3	0.00104	36
m0221	m0321	24.1	0.00136	35
m0221	m0359	25.2	0.00136	35
m0221	m0282	25.7	0.00136	35
m0221	m0406	27.2	0.00136	35
m0221	m0336	28.2	0.00136	35
m0221	m0319	25.0	0.00136	35
m0221	m0342	22.7	0.00136	35
m0221	m0378	22.5	0.00178	35
m0221	m0246	26.5	0.00178	35
m0221	m0296	30.6	0.00178	35
m0221	m0332	21.9	0.00232	35
m0221	m0300	22.2	0.00232	35
m0221	m0370	27.3	0.00232	35
m0221	m0295	24.8	0.00232	35
m0221	m0345	21.9	0.00232	35
m0221	m0400	30.6	0.00303	34
m0221	m0289	27.5	0.00303	34
m0221	m0229	24.5	0.00303	34
m0221	m0247	26.7	0.00303	34
m0221	m0278	25.0	0.00303	34
m0221	m0394	26.6	0.00396	34
m0221	m0349	24.8	0.00396	34
m0221	m0337	29.1	0.00396	34
m0221	m0330	24.8	0.00517	33
m0221	m0283	25.7	0.00517	33
m0221	m0240	26.5	0.00676	33
m0221	m0296	26.5	0.0115	32
m0221	m0231	25.1	0.0197	32
m0221	m0240	24.1	0.0257	31
m0221	m0239	24.5	0.0257	31
m0221	m0327	24.8	0.0335	31
m0221	m0271	24.5	0.0572	30
m0221	m0408	23.5	0.0572	30
m0221	m0276	25.9	0.0572	30
m0221	m0236	27.0	0.0747	30
m0221	m0349	24.0	0.0976	29
m0221	m0310	22.7	0.127	29
m0221	m0368	26.0	0.127	29
m0221	m0295	31.0	0.217	28
m0221	m0284	34.5	0.217	28
m0221	m0335	24.6	0.633	27
m0221	m0369	28.2	1.84	25
m0221	m0275	25.6	3.14	24
m0222	m0379	42.4	5.43e-62	229
m0222	m0223	39.6	1.93e-59	221
m0222	m0270	39.6	3.08e-57	213
m0222	m0244	36.0	4.46e-48	183
m0222	m0320	36.1	1.03e-36	145
m0222	m0353	33.9	4.64e-29	120
m0222	m0412	32.2	1.76e-28	118
m0222	m0277	30.2	3.01e-28	117
m0222	m0288	33.4	1.95e-27	114
m0222	m0248	28.5	2.55e-27	114
m0222	m0315	31.3	9.68e-27	112
m0222	m0253	29.6	1.26e-26	112
m0222	m0228	33.9	4.8e-26	110
m0222	m0404	31.6	2.64e-24	104
m0222	m0384	30.7	7.67e-24	102
m0222	m0357	31.7	1e-23	102
m0222	m0357	35.0	3.81e-23	100
m0222	m0389	32.8	6.49e-23	99
m0222	m0258	35.6	1.6e-21	95
m0222	m0353	38.1	3.56e-21	94
m0222	m0361	30.3	6.08e-21	93
m0222	m0224	27.9	1.95e-19	88
m0222	m0386	27.2	2.55e-19	87
m0222	m0285	28.9	3.33e-19	87
m0222	m0258	27.0	0.0217	31
m0222	m0240	36.7	0.698	26
m0223	m0379	59.2	4.86e-110	389
m0223	m0270	57.8	3.37e-103	366
m0223	m0244	45.7	3.3e-66	243
m0223	m0320	35.3	1e-38	152
m0223	m0357	35.5	3.44e-31	127
m0223	m0277	29.8	3.44e-31	127
m0223	m0248	31.2	7.67e-31	126
m0223	m0288	32.0	2.23e-30	124
m0223	m0315	33.2	1.45e-29	121
m0223	m0386	34.0	7.18e-29	119
m0223	m0253	30.5	9.38e-29	119
m0223	m0389	31.9	1.6e-28	118
m0223	m0224	31.7	2.31e-27	114
m0223	m0412	30.5	3.94e-27	113
m0223	m0228	35.0	5.69e-26	109
m0223	m0258	32.9	1.66e-25	108
m0223	m0353	32.9	2.16e-25	107
m0223	m0384	33.5	4.82e-25	106
m0223	m0404	29.7	2.64e-23	101
m0223	m0285	27.6	6.51e-22	96
m0223	m0361	27.8	1.6e-20	91
m0223	m0361	29.5	3.35e-10	57
m0223	m0378	34.5	0.827	26
m0223	m0375	33.3	7	23
m0223	m0399	38.5	7	23
m0224	m0288	41.8	2.32e-56	210
m0224	m0277	41.0	6.75e-56	209
m0224	m0320	39.3	8.81e-56	208
m0224	m0248	37.5	7.22e-50	189
m0224	m0386	37.2	2.1e-49	187
m0224	m0412	38.1	3.59e-49	186
m0224	m0389	37.5	1.04e-48	185
m0224	m0315	40.1	8.27e-46	175
m0224	m0404	35.9	1.32e-43	168
m0224	m0253	36.8	1.78e-40	158
m0224	m0353	37.3	2.33e-40	157
m0224	m0228	37.3	2.58e-39	154
m0224	m0357	34.7	1.85e-37	148
m0224	m0285	33.0	1.2e-36	145
m0224	m0258	33.9	1.56e-36	144
m0224	m0361	34.6	6.79e-32	129
m0224	m0379	32.2	2.85e-30	124
m0224	m0384	30.9	5.38e-29	119
m0224	m0244	32.6	5.95e-28	116
m0224	m0270	31.5	8.04e-25	106
m0224	m0261	21.9	1.8	25
m0224	m0355	30.0	2.36	24
m0225	m0395	39.9	4.89e-72	263
m0225	m0380	30.2	6.53	23
m0226	m0265	58.8	1.54e-157	547
m0226	m0272	37.6	9.88e-72	262
m0226	m0325	37.6	4.59e-69	253
m0226	m0346	41.4	3.2e-46	177
m0226	m0302	33.6	5.67e-27	113
m0226	m0362	36.9	8.19e-26	109
m0226	m0242	34.0	3.44e-24	104
m0226	m0346	39.8	1.89e-14	72
m0226	m0358	22.9	7.44e-11	60
m0226	m0302	27.7	1.45e-06	45
m0226	m0242	24.6	0.000136	39
m0226	m0362	24.4	0.00256	35
m0226	m0376	39.5	0.0484	30
m0226	m0273	25.7	0.0484	30
m0226	m0409	90.0	0.141	29
m0226	m0268	88.9	0.535	27
m0226	m0385	100.0	0.698	27
m0226	m0340	47.8	0.698	27
m0226	m0404	35.3	7.72	23
m0227	m0290	41.8	2.83e-106	377
m0227	m0411	32.8	4.72e-61	226
m0227	m0399	31.9	5.4e-57	213
m0227	m0360	35.8	8.65e-47	179
m0227	m0391	33.0	1.06e-36	146
m0227	m0300	25.2	0.038	31
m0227	m0291	23.8	0.0497	30
m0227	m0391	41.9	0.421	27
m0228	m0404	41.5	3.62e-66	243
m0228	m0320	43.7	9.21e-62	228
m0228	m0315	38.9	5.23e-57	213
m0228	m0277	38.1	4.43e-56	210
m0228	m0288	42.9	2.78e-50	190
m0228	m0389	40.2	8.09e-50	189
m0228	m0248	35.3	4.44e-48	183
m0228	m0357	38.7	1.29e-47	181
m0228	m0412	39.0	8.37e-47	179
m0228	m0386	37.7	1.09e-46	178
m0228	m0285	34.9	9.26e-46	175
m0228	m0361	38.6	3.89e-44	170
m0228	m0353	37.8	9.58e-43	165
m0228	m0253	36.1	1.38e-41	161
m0228	m0258	35.6	1.34e-36	145
m0228	m0384	35.4	2.53e-35	141
m0228	m0379	32.4	6.67e-28	116
m0228	m0270	31.9	1.26e-26	112
m0228	m0244	31.3	2.9e-23	101
m0228	m0314	24.2	0.000877	36
m0228	m0336	26.9	0.00255	34
m0228	m0385	26.6	0.107	29
m0228	m0358	27.5	0.107	29
m0228	m0250	32.9	0.14	28
m0228	m0321	36.5	0.407	27
m0228	m0339	27.7	1.18	25
m0228	m0238	31.2	2.02	25
m0228	m0403	31.5	5.88	23
m0229	m0256	61.2	1.87e-154	537
m0229	m0348	61.1	1.21e-153	534
m0229	m0345	61.1	2.07e-153	533
m0229	m0332	60.8	6.03e-153	532
m0229	m0378	61.2	1.75e-152	530
m0229	m0393	60.1	1.94e-151	527
m0229	m0321	59.6	3.31e-151	526
m0229	m0363	59.0	5.28e-149	518
m0229	m0337	60.9	9e-149	518
m0229	m0230	59.0	2.22e-147	513
m0229	m0278	60.7	6.45e-147	512
m0229	m0283	58.2	3.21e-138	483
m0229	m0342	56.3	1.35e-136	477
m0229	m0319	57.0	4.06e-133	466
m0229	m0240	55.5	1.27e-126	444
m0229	m0397	51.2	4.5e-124	436
m0229	m0246	51.4	4.36e-119	419
m0229	m0295	51.9	1.4e-117	414
m0229	m0296	69.6	1.4e-117	414
m0229	m0327	65.7	8.51e-115	405
m0229	m0335	68.0	1.5e-111	394
m0229	m0239	62.3	1.27e-110	391
m0229	m0250	54.4	2.74e-105	373
m0229	m0280	53.1	3.96e-104	369
m0229	m0261	61.1	1.32e-99	354
m0229	m0400	50.0	1.72e-99	354
m0229	m0405	52.6	6.54e-99	352
m0229	m0330	49.9	2.49e-98	350
m0229	m0282	52.4	1.23e-97	348
m0229	m0370	63.4	3.59e-97	346
m0229	m0349	49.4	5.18e-96	342
m0229	m0317	45.6	4.4e-87	313
m0229	m0338	54.7	1.56e-84	304
m0229	m0323	53.9	5.95e-84	302
m0229	m0269	53.9	1.46e-82	298
m0229	m0406	57.1	1.37e-80	291
m0229	m0331	53.8	1.37e-72	265
m0229	m0297	43.5	4.42e-71	260
m0229	m0316	51.3	3.17e-69	253
m0229	m0402	51.8	4.14e-69	253
m0229	m0249	49.3	7.8e-68	249
m0229	m0237	52.3	3.87e-67	247
m0229	m0236	47.3	6.6e-67	246
m0229	m0299	50.0	2.51e-66	244
m0229	m0306	49.1	1.25e-65	242
m0229	m0380	55.0	2.77e-65	240
m0229	m0390	50.2	3.62e-65	240
m0229	m0343	49.7	4.73e-65	240
m0229	m0368	47.3	1.05e-64	238
m0229	m0233	47.9	1.05e-64	238
m0229	m0394	46.1	6.83e-64	236
m0229	m0235	44.8	8.93e-64	235
m0229	m0273	48.5	1.52e-63	235
m0229	m0232	45.0	2.6e-63	234
m0229	m0309	47.5	7.56e-63	232
m0229	m0234	43.9	1.68e-62	231
m0229	m0264	45.7	1.09e-61	228
m0229	m0365	45.0	2.43e-61	227
m0229	m0336	48.1	9.24e-61	225
m0229	m0328	50.4	4.58e-60	223
m0229	m0305	44.3	1.02e-59	222
m0229	m0398	49.2	6.62e-59	219
m0229	m0314	44.3	1.47e-58	218
m0229	m0388	47.3	3.29e-58	217
m0229	m0274	44.8	3.29e-58	217
m0229	m0377	45.5	7.32e-58	216
m0229	m0372	44.4	2.78e-57	214
m0229	m0382	45.1	6.2e-57	213
m0229	m0247	41.6	1.09e-53	202
m0229	m0294	44.4	2.44e-53	201
m0229	m0408	41.7	1.58e-52	198
m0229	m0254	43.2	2.06e-52	198
m0229	m0385	42.0	2.69e-52	197
m0229	m0266	40.6	2.28e-51	194
m0229	m0354	39.9	3.89e-51	193
m0229	m0364	39.3	2.36e-48	184
m0229	m0387	38.2	6.87e-48	183
m0229	m0251	41.5	6.87e-48	183
m0229	m0292	38.3	6.87e-48	183
m0229	m0341	44.7	1.69e-46	178
m0229	m0351	38.1	6.43e-46	176
m0229	m0286	36.7	3.19e-45	174
m0229	m0334	39.8	4.17e-45	173
m0229	m0311	38.8	7.1e-45	173
m0229	m0245	39.9	1.58e-44	171
m0229	m0410	36.1	2.07e-44	171
m0229	m0356	37.9	1.03e-43	169
m0229	m0284	41.6	2.99e-43	167
m0229	m0312	40.5	5.09e-43	166
m0229	m0383	37.9	5.63e-42	163
m0229	m0371	35.4	5.1e-35	140
m0229	m0275	30.8	8.71e-35	139
m0229	m0369	32.1	6.46e-30	123
m0229	m0289	28.3	9.03e-24	102
m0229	m0267	27.8	1.71e-14	72
m0229	m0293	25.6	8.47e-14	69
m0229	m0231	26.9	3.22e-13	67
m0229	m0276	25.4	1.77e-11	62
m0229	m0396	26.1	1.14e-10	59
m0229	m0279	26.1	1.95e-10	58
m0229	m0359	21.8	2.39e-08	51
m0229	m0268	28.1	3.12e-08	51
m0229	m0324	29.9	0.000273	38
m0229	m0307	21.6	0.000466	37
m0229	m0339	32.2	0.000608	37
m0229	m0409	25.6	0.00177	35
m0229	m0376	31.8	0.00879	33
m0229	m0340	24.8	0.057	30
m0229	m0257	27.7	0.166	28
m0229	m0322	28.0	3.13	24
m0229	m0392	57.1	4.08	24
m0229	m0367	38.5	5.33	23
m0229	m0241	23.2	6.96	23
m0229	m0301	50.0	9.09	23
m0230	m0363	91.3	5.17e-248	847
m0230	m0321	84.4	5.94e-228	781
m0230	m0345	86.1	8.58e-227	777
m0230	m0332	85.0	1.46e-226	776
m0230	m0378	86.0	3.26e-226	775
m0230	m0342	83.5	4.41e-223	765
m0230	m0393	83.5	8.31e-222	760
m0230	m0348	82.4	5.39e-221	758
m0230	m0256	82.5	1.33e-219	753
m0230	m0400	68.1	3.94e-147	512
m0230	m0337	55.3	9.73e-138	481
m0230	m0278	54.7	9.11e-136	475
m0230	m0240	56.2	1.31e-134	471
m0230	m0319	55.0	1.27e-129	454
m0230	m0397	50.9	6.32e-129	452
m0230	m0283	53.2	1.41e-128	451
m0230	m0250	71.0	8.54e-126	441
m0230	m0295	51.4	4.24e-125	439
m0230	m0261	58.3	1.23e-124	438
m0230	m0246	50.3	2.33e-123	433
m0230	m0280	56.0	1.97e-114	404
m0230	m0330	51.3	1.41e-112	398
m0230	m0282	52.9	1.46e-109	387
m0230	m0349	62.4	7.27e-109	385
m0230	m0296	65.0	6.8e-107	379
m0230	m0335	62.5	7.28e-101	359
m0230	m0327	63.7	9.51e-101	358
m0230	m0406	60.6	4.72e-100	356
m0230	m0370	60.3	2.19e-97	347
m0230	m0323	59.0	4.14e-96	343
m0230	m0239	57.1	9.21e-96	342
m0230	m0338	57.0	4.57e-95	339
m0230	m0269	59.6	1.74e-94	337
m0230	m0405	48.5	9.53e-93	332
m0230	m0317	46.1	1.99e-90	324
m0230	m0297	49.7	1.09e-88	318
m0230	m0299	53.6	2.69e-79	287
m0230	m0402	52.8	6e-79	286
m0230	m0390	53.7	2.98e-78	283
m0230	m0331	51.4	1.13e-77	282
m0230	m0316	50.5	9.58e-77	278
m0230	m0237	50.9	2.13e-76	277
m0230	m0236	50.9	5.26e-75	273
m0230	m0235	50.2	1.17e-74	272
m0230	m0306	51.5	2e-74	271
m0230	m0273	49.7	5.81e-74	269
m0230	m0234	47.8	1.29e-73	268
m0230	m0232	50.7	4.92e-73	266
m0230	m0249	48.6	6.42e-73	266
m0230	m0394	50.9	4.16e-72	263
m0230	m0380	50.5	1.03e-70	258
m0230	m0264	45.5	5.09e-70	256
m0230	m0233	46.4	1.13e-69	255
m0230	m0336	49.3	1.06e-67	248
m0230	m0398	51.0	2.36e-67	247
m0230	m0388	47.0	3.09e-67	247
m0230	m0305	46.9	8.99e-67	245
m0230	m0343	48.8	1.17e-66	245
m0230	m0309	46.7	4.93e-65	240
m0230	m0368	44.9	4.93e-65	240
m0230	m0382	47.2	3.2e-64	237
m0230	m0377	45.9	3.2e-64	237
m0230	m0314	46.4	9.3e-64	235
m0230	m0372	47.6	1.59e-63	235
m0230	m0365	46.9	1.59e-63	235
m0230	m0328	47.3	5.64e-61	226
m0230	m0274	44.8	7.37e-61	226
m0230	m0254	44.4	1.26e-60	225
m0230	m0247	45.0	3.66e-60	223
m0230	m0294	47.7	4.04e-59	220
m0230	m0408	41.9	4.18e-56	210
m0230	m0364	41.9	7.38e-53	199
m0230	m0354	41.4	7.38e-53	199
m0230	m0334	44.4	5.29e-51	193
m0230	m0385	42.5	5.85e-50	190
m0230	m0341	40.0	5.85e-50	190
m0230	m0266	39.9	1.3e-49	188
m0230	m0311	40.5	2.22e-49	188
m0230	m0292	38.5	2.08e-47	181
m0230	m0351	37.9	2.08e-47	181
m0230	m0383	35.9	3.55e-47	180
m0230	m0356	41.0	7.91e-47	179
m0230	m0286	40.7	3.92e-46	177
m0230	m0410	39.7	5.13e-46	176
m0230	m0312	38.0	4.34e-45	173
m0230	m0387	36.4	7.4e-45	173
m0230	m0251	38.0	9.67e-45	172
m0230	m0284	40.9	1.65e-44	171
m0230	m0245	35.5	1.18e-42	165
m0230	m0371	35.8	2.31e-38	151
m0230	m0275	30.7	2.64e-34	138
m0230	m0369	35.4	7.68e-34	136
m0230	m0289	31.4	6.73e-30	123
m0230	m0396	29.2	1.55e-18	85
m0230	m0293	26.2	6.53e-17	80
m0230	m0279	31.7	1.11e-16	79
m0230	m0231	32.3	3.24e-16	77
m0230	m0267	24.9	3.96e-14	70
m0230	m0359	25.5	5.17e-14	70
m0230	m0276	26.9	5.72e-13	67
m0230	m0268	28.1	1.56e-10	59
m0230	m0409	29.6	3.59e-07	47
m0230	m0307	23.1	1.51e-05	42
m0230	m0280	24.8	0.000128	39
m0230	m0340	32.0	0.000828	36
m0230	m0376	31.9	0.00108	36
m0230	m0399	27.8	0.00701	33
m0230	m0322	26.3	0.0156	32
m0230	m0324	21.9	0.0266	31
m0230	m0411	26.2	0.225	28
m0230	m0339	29.0	0.225	28
m0230	m0239	23.2	0.656	27
m0230	m0403	31.4	1.12	26
m0230	m0333	28.2	1.46	25
m0230	m0316	31.4	1.46	25
m0230	m0322	32.6	2.49	25
m0230	m0367	32.6	4.25	24
m0230	m0241	61.5	7.25	23
m0230	m0301	32.4	9.47	23
m0231	m0268	42.6	5.62e-41	159
m0231	m0408	30.9	2.15e-24	104
m0231	m0276	29.3	4.05e-23	100
m0231	m0341	29.6	9.02e-23	99
m0231	m0387	30.6	4.95e-21	93
m0231	m0233	26.7	8.44e-21	92
m0231	m0292	30.5	4.19e-20	90
m0231	m0286	27.7	7.14e-20	89
m0231	m0311	29.1	1.59e-19	88
m0231	m0235	28.4	2.08e-19	87
m0231	m0273	27.8	2.71e-19	87
m0231	m0316	27.6	3.55e-19	87
m0231	m0382	25.1	1.03e-18	85
m0231	m0405	30.9	1.03e-18	85
m0231	m0232	26.8	1.35e-18	85
m0231	m0394	29.0	1.76e-18	84
m0231	m0236	29.1	1.76e-18	84
m0231	m0410	28.1	3e-18	84
m0231	m0299	27.2	3e-18	84
m0231	m0402	26.5	3.92e-18	83
m0231	m0351	28.1	3.92e-18	83
m0231	m0343	27.0	8.73e-18	82
m0231	m0398	26.6	1.14e-17	82
m0231	m0390	28.3	2.54e-17	80
m0231	m0365	27.1	2.54e-17	80
m0231	m0354	25.7	2.54e-17	80
m0231	m0331	27.5	3.32e-17	80
m0231	m0294	25.3	4.33e-17	80
m0231	m0246	30.6	9.65e-17	79
m0231	m0332	33.3	9.65e-17	79
m0231	m0266	27.0	9.65e-17	79
m0231	m0377	27.3	1.65e-16	78
m0231	m0334	27.5	1.65e-16	78
m0231	m0372	27.1	2.15e-16	77
m0231	m0342	33.3	2.15e-16	77
m0231	m0380	27.0	2.81e-16	77
m0231	m0364	27.2	2.81e-16	77
m0231	m0234	24.3	3.67e-16	77
m0231	m0309	29.4	3.67e-16	77
m0231	m0397	29.4	6.26e-16	76
m0231	m0345	32.9	6.26e-16	76
m0231	m0249	24.8	1.07e-15	75
m0231	m0378	32.9	1.07e-15	75
m0231	m0370	28.8	1.39e-15	75
m0231	m0296	29.2	1.39e-15	75
m0231	m0396	31.6	1.82e-15	74
m0231	m0250	27.7	1.82e-15	74
m0231	m0256	32.9	2.38e-15	74
m0231	m0363	30.6	3.11e-15	74
m0231	m0237	25.4	3.11e-15	74
m0231	m0261	29.0	4.06e-15	73
m0231	m0295	29.2	4.06e-15	73
m0231	m0306	26.0	4.06e-15	73
m0231	m0327	26.3	6.92e-15	72
m0231	m0278	28.2	6.92e-15	72
m0231	m0356	27.9	1.18e-14	72
m0231	m0317	28.0	1.18e-14	72
m0231	m0393	32.4	2.01e-14	71
m0231	m0283	29.0	2.01e-14	71
m0231	m0321	31.4	2.63e-14	70
m0231	m0254	23.5	2.63e-14	70
m0231	m0368	25.7	3.43e-14	70
m0231	m0335	26.8	3.43e-14	70
m0231	m0337	29.4	5.86e-14	69
m0231	m0406	32.0	5.86e-14	69
m0231	m0400	29.4	7.65e-14	69
m0231	m0338	28.8	7.65e-14	69
m0231	m0314	28.5	1.3e-13	68
m0231	m0245	23.6	1.3e-13	68
m0231	m0284	26.5	1.7e-13	68
m0231	m0274	26.7	1.7e-13	68
m0231	m0336	26.0	1.7e-13	68
m0231	m0239	27.8	2.23e-13	67
m0231	m0323	29.0	2.23e-13	67
m0231	m0385	28.0	3.8e-13	67
m0231	m0348	29.6	4.96e-13	66
m0231	m0319	28.9	4.96e-13	66
m0231	m0349	28.3	4.96e-13	66
m0231	m0247	23.1	8.46e-13	65
m0231	m0305	24.1	1.1e-12	65
m0231	m0328	23.3	1.1e-12	65
m0231	m0312	24.7	1.44e-12	65
m0231	m0264	24.0	2.46e-12	64
m0231	m0297	29.3	5.48e-12	63
m0231	m0383	27.0	9.35e-12	62
m0231	m0371	27.4	1.59e-11	61
m0231	m0282	29.2	1.59e-11	61
m0231	m0280	26.0	2.72e-11	60
m0231	m0251	24.3	3.55e-11	60
m0231	m0240	27.7	3.55e-11	60
m0231	m0330	25.9	4.64e-11	60
m0231	m0269	29.4	6.06e-11	59
m0231	m0275	26.9	1.76e-10	58
m0231	m0369	26.7	2.3e-10	57
m0231	m0388	24.1	5.13e-10	56
m0231	m0279	24.5	3.33e-09	54
m0231	m0289	23.5	2.16e-08	51
m0231	m0359	22.0	6.27e-08	49
m0231	m0307	22.4	8.19e-08	49
m0231	m0293	22.7	1.4e-07	48
m0231	m0267	21.5	2.64e-06	44
m0231	m0376	27.0	0.000111	39
m0231	m0339	28.6	0.000322	37
m0231	m0257	24.4	0.0016	35
m0231	m0340	25.9	0.00465	33
m0231	m0396	60.0	0.15	28
m0231	m0391	52.2	1.27	25
m0231	m0354	39.3	1.65	25
m0231	m0313	26.0	1.65	25
m0231	m0261	23.4	2.16	24
m0231	m0368	38.9	3.69	23
m0232	m0235	88.7	1.06e-159	554
m0232	m0273	76.1	2.01e-134	470
m0232	m0306	70.7	1.18e-126	444
m0232	m0402	72.1	2.09e-115	406
m0232	m0249	67.1	4.65e-115	405
m0232	m0394	67.4	6.08e-115	405
m0232	m0380	69.4	2.16e-112	396
m0232	m0336	67.1	7.69e-110	388
m0232	m0299	65.3	7.69e-110	388
m0232	m0388	63.5	3.82e-109	386
m0232	m0331	62.8	4.22e-108	382
m0232	m0377	63.9	9.4e-108	381
m0232	m0390	66.3	4.66e-107	379
m0232	m0236	65.1	8.8e-106	374
m0232	m0316	63.7	3.7e-104	369
m0232	m0237	65.1	2.4e-103	366
m0232	m0309	64.6	5.34e-103	365
m0232	m0234	61.9	1.19e-102	364
m0232	m0264	58.7	5e-101	359
m0232	m0372	62.3	1.23e-99	354
m0232	m0382	62.6	1.5e-97	347
m0232	m0314	60.2	5.35e-95	339
m0232	m0328	61.8	2.65e-94	336
m0232	m0294	59.9	3.47e-94	336
m0232	m0398	63.0	2.48e-92	330
m0232	m0305	55.8	1.23e-91	327
m0232	m0233	56.3	1.97e-89	320
m0232	m0364	56.9	3.48e-86	309
m0232	m0254	54.9	9.46e-84	301
m0232	m0368	52.1	1.05e-82	298
m0232	m0365	52.4	1.97e-81	294
m0232	m0341	52.5	4.4e-81	292
m0232	m0343	51.9	3.15e-79	286
m0232	m0269	53.4	5.37e-79	285
m0232	m0323	50.9	2.04e-78	283
m0232	m0349	50.5	1.32e-77	281
m0232	m0330	52.8	1.73e-77	280
m0232	m0274	51.1	2.26e-77	280
m0232	m0240	51.0	3.85e-77	279
m0232	m0335	49.0	1.12e-76	278
m0232	m0311	49.1	5.56e-76	275
m0232	m0283	50.3	7.26e-76	275
m0232	m0292	48.6	7.26e-76	275
m0232	m0247	49.1	1.62e-75	274
m0232	m0351	48.5	2.76e-75	273
m0232	m0338	51.8	4.71e-75	272
m0232	m0337	46.7	1.05e-74	271
m0232	m0297	53.1	1.79e-74	270
m0232	m0406	49.6	3.05e-74	270
m0232	m0295	47.9	6.8e-74	268
m0232	m0408	50.5	8.88e-74	268
m0232	m0278	46.5	1.16e-73	268
m0232	m0250	51.1	3.37e-73	266
m0232	m0363	49.7	7.52e-73	265
m0232	m0296	49.0	7.52e-73	265
m0232	m0370	48.4	2.19e-72	263
m0232	m0321	49.8	3.73e-72	263
m0232	m0327	46.8	6.36e-72	262
m0232	m0282	49.1	6.36e-72	262
m0232	m0266	49.1	1.85e-71	260
m0232	m0246	47.7	5.39e-71	259
m0232	m0348	46.3	9.19e-71	258
m0232	m0261	49.6	1.2e-70	258
m0232	m0393	47.4	2.67e-70	257
m0232	m0332	47.1	3.49e-70	256
m0232	m0334	47.7	4.56e-70	256
m0232	m0256	45.6	5.96e-70	255
m0232	m0345	45.3	5.96e-70	255
m0232	m0378	46.9	5.96e-70	255
m0232	m0400	48.5	1.02e-69	255
m0232	m0354	48.1	1.73e-69	254
m0232	m0342	46.4	2.26e-69	253
m0232	m0239	45.3	1.12e-68	251
m0232	m0251	45.6	1.92e-68	250
m0232	m0317	45.0	1.92e-68	250
m0232	m0397	45.9	3.27e-68	250
m0232	m0319	47.3	5.57e-68	249
m0232	m0385	48.6	7.28e-68	248
m0232	m0280	49.8	1.62e-67	247
m0232	m0383	43.0	1.79e-66	244
m0232	m0312	46.2	6.81e-66	242
m0232	m0356	46.5	1.16e-65	241
m0232	m0405	45.0	1.29e-64	238
m0232	m0410	46.3	4.88e-64	236
m0232	m0387	42.2	8.33e-64	235
m0232	m0245	40.6	6.6e-61	225
m0232	m0284	47.8	2.35e-58	217
m0232	m0286	40.6	1.99e-57	214
m0232	m0371	34.1	4.75e-43	166
m0232	m0289	31.5	3.19e-31	127
m0232	m0369	31.9	7.12e-31	126
m0232	m0275	31.2	2.7e-30	124
m0232	m0293	30.1	1.26e-19	88
m0232	m0276	27.4	3.79e-16	77
m0232	m0359	24.9	8.45e-16	75
m0232	m0268	29.2	1.22e-14	72
m0232	m0396	25.0	2.3e-13	67
m0232	m0279	26.3	4.34e-12	63
m0232	m0267	20.9	4.65e-06	43
m0232	m0339	34.1	1.35e-05	42
m0232	m0324	27.1	3.93e-05	40
m0232	m0330	32.4	0.000435	37
m0232	m0340	27.8	0.000969	35
m0232	m0257	26.2	0.00216	34
m0232	m0307	26.9	0.014	32
m0232	m0371	27.0	0.0239	31
m0232	m0376	27.1	0.0532	30
m0232	m0282	29.7	0.118	28
m0232	m0399	24.0	0.202	28
m0232	m0243	36.1	0.45	27
m0232	m0367	37.8	0.588	26
m0232	m0318	24.0	0.588	26
m0232	m0310	22.7	0.768	26
m0232	m0394	24.2	1.31	25
m0233	m0273	56.3	2.56e-94	336
m0233	m0249	57.2	7.45e-94	335
m0233	m0402	55.6	1.4e-92	330
m0233	m0235	57.7	2.4e-92	330
m0233	m0264	56.2	6.97e-92	328
m0233	m0380	55.5	1.11e-89	321
m0233	m0234	55.5	2.48e-89	320
m0233	m0306	55.1	2.32e-87	313
m0233	m0365	53.4	6.32e-85	305
m0233	m0309	50.5	1.41e-84	304
m0233	m0394	51.0	2.25e-82	297
m0233	m0305	52.7	3.83e-82	296
m0233	m0331	51.4	6.54e-82	295
m0233	m0336	51.8	3.25e-81	293
m0233	m0398	55.2	9.44e-81	291
m0233	m0390	50.9	1.23e-80	291
m0233	m0299	52.3	1.23e-80	291
m0233	m0316	50.0	3.59e-80	289
m0233	m0368	50.4	2.33e-79	287
m0233	m0382	50.8	2.33e-79	287
m0233	m0388	49.7	5.18e-79	285
m0233	m0236	51.8	1.15e-78	284
m0233	m0328	53.6	1.97e-78	283
m0233	m0314	51.0	5.73e-78	282
m0233	m0372	51.8	4.85e-77	279
m0233	m0377	48.1	1.84e-76	277
m0233	m0294	49.6	4.54e-75	272
m0233	m0237	49.8	5.93e-75	272
m0233	m0269	51.4	2.25e-74	270
m0233	m0297	51.4	2.49e-73	267
m0233	m0261	50.5	3.25e-73	266
m0233	m0338	48.6	3.25e-73	266
m0233	m0323	49.1	5.55e-73	265
m0233	m0341	49.8	3.6e-72	263
m0233	m0247	47.3	1.05e-71	261
m0233	m0349	48.4	3.98e-71	259
m0233	m0397	47.1	5.19e-71	259
m0233	m0343	47.3	5.19e-71	259
m0233	m0400	48.7	1.16e-70	258
m0233	m0330	46.6	2.58e-70	257
m0233	m0240	48.3	3.37e-70	256
m0233	m0364	48.7	4.4e-70	256
m0233	m0321	48.5	5.74e-70	255
m0233	m0282	50.6	7.5e-70	255
m0233	m0296	45.2	7.5e-70	255
m0233	m0250	46.9	7.5e-70	255
m0233	m0363	46.8	9.8e-70	255
m0233	m0335	45.8	2.18e-69	253
m0233	m0332	45.8	4.86e-69	252
m0233	m0274	45.3	6.35e-69	252
m0233	m0406	48.0	8.29e-69	252
m0233	m0327	45.1	2.41e-68	250
m0233	m0334	52.8	5.38e-68	249
m0233	m0278	44.3	9.17e-68	248
m0233	m0393	46.6	1.56e-67	247
m0233	m0256	45.3	2.04e-67	247
m0233	m0311	44.5	2.67e-67	247
m0233	m0345	45.8	2.67e-67	247
m0233	m0283	44.9	4.55e-67	246
m0233	m0342	44.4	4.55e-67	246
m0233	m0354	47.2	5.94e-67	245
m0233	m0348	45.8	7.76e-67	245
m0233	m0280	46.8	7.76e-67	245
m0233	m0370	46.7	1.01e-66	245
m0233	m0295	46.2	1.32e-66	244
m0233	m0378	44.7	1.32e-66	244
m0233	m0405	45.4	5.03e-66	242
m0233	m0246	45.5	8.58e-66	242
m0233	m0351	44.3	4.26e-65	239
m0233	m0337	43.7	5.56e-65	239
m0233	m0317	44.0	2.11e-64	237
m0233	m0239	43.4	2.11e-64	237
m0233	m0254	43.9	3.61e-64	236
m0233	m0356	43.6	1.16e-62	231
m0233	m0319	46.7	1.51e-62	231
m0233	m0266	44.9	1.98e-62	230
m0233	m0410	41.9	1.28e-61	228
m0233	m0292	40.8	1.09e-60	225
m0233	m0383	41.1	3.16e-60	223
m0233	m0251	44.3	1.57e-59	221
m0233	m0385	43.7	1.33e-58	218
m0233	m0245	43.9	2.96e-58	216
m0233	m0408	41.4	5.04e-58	216
m0233	m0284	46.6	1.62e-56	211
m0233	m0312	42.5	1.37e-55	208
m0233	m0387	40.2	2.59e-54	203
m0233	m0286	38.4	7.8e-51	192
m0233	m0371	35.9	2.06e-43	167
m0233	m0275	34.2	1.43e-36	144
m0233	m0289	32.9	1.63e-32	131
m0233	m0369	32.8	8.96e-31	125
m0233	m0293	26.4	2.21e-21	94
m0233	m0359	24.7	2.01e-14	71
m0233	m0268	29.5	1.7e-13	68
m0233	m0279	27.5	1.1e-12	65
m0233	m0276	25.4	7.14e-12	62
m0233	m0396	23.9	1.65e-08	51
m0233	m0267	23.1	5.29e-07	46
m0233	m0324	26.1	0.000188	38
m0233	m0307	25.5	0.000188	38
m0233	m0376	26.2	0.000715	36
m0233	m0409	30.1	0.000934	35
m0233	m0340	28.6	0.00464	33
m0233	m0257	24.8	0.0103	32
m0233	m0339	26.4	0.0176	31
m0233	m0371	29.8	0.967	25
m0234	m0388	65.5	2.95e-112	396
m0234	m0249	65.9	6.58e-112	395
m0234	m0402	65.5	1.05e-109	387
m0234	m0264	62.7	9.2e-106	374
m0234	m0306	61.4	5.05e-104	369
m0234	m0235	61.1	1.62e-102	364
m0234	m0331	60.5	2.12e-102	363
m0234	m0390	61.6	3.62e-102	362
m0234	m0380	65.0	1.05e-101	361
m0234	m0273	60.3	1.05e-101	361
m0234	m0328	65.3	1.09e-98	351
m0234	m0314	59.1	1.57e-97	347
m0234	m0299	59.7	4.58e-97	346
m0234	m0316	58.4	2.78e-94	336
m0234	m0336	58.2	2.78e-94	336
m0234	m0372	59.2	2.78e-94	336
m0234	m0394	59.3	2.78e-94	336
m0234	m0309	57.2	1.38e-93	334
m0234	m0237	58.0	8.93e-93	331
m0234	m0236	57.2	7.56e-92	328
m0234	m0377	56.3	9.87e-92	328
m0234	m0364	58.4	1.09e-90	324
m0234	m0305	57.5	5.42e-90	322
m0234	m0382	58.2	5.99e-89	319
m0234	m0254	53.7	4.44e-84	302
m0234	m0398	57.5	4.44e-84	302
m0234	m0294	54.1	2.88e-83	300
m0234	m0365	50.5	6.41e-83	299
m0234	m0343	53.3	8.38e-83	298
m0234	m0247	52.4	3.52e-81	293
m0234	m0368	47.8	2.14e-78	283
m0234	m0251	52.7	6.43e-75	272
m0234	m0341	49.3	2.44e-74	270
m0234	m0332	47.8	2.07e-73	267
m0234	m0342	47.3	2.7e-73	267
m0234	m0393	47.2	3.53e-73	266
m0234	m0363	47.8	4.61e-73	266
m0234	m0269	49.2	1.03e-72	265
m0234	m0261	48.0	1.34e-72	264
m0234	m0356	50.2	1.34e-72	264
m0234	m0335	48.6	1.75e-72	264
m0234	m0250	46.8	1.75e-72	264
m0234	m0400	46.0	2.99e-72	263
m0234	m0348	47.4	2.99e-72	263
m0234	m0256	46.1	8.69e-72	262
m0234	m0378	46.8	1.13e-71	261
m0234	m0345	47.2	2.53e-71	260
m0234	m0297	47.6	2.53e-71	260
m0234	m0349	46.3	3.3e-71	260
m0234	m0321	47.1	3.3e-71	260
m0234	m0323	47.9	5.63e-71	259
m0234	m0330	46.9	7.36e-71	258
m0234	m0274	45.6	9.61e-71	258
m0234	m0283	47.0	2.14e-70	257
m0234	m0278	46.1	2.14e-70	257
m0234	m0240	48.1	2.8e-70	257
m0234	m0266	47.0	3.65e-70	256
m0234	m0410	45.7	4.77e-70	256
m0234	m0338	47.0	1.06e-69	255
m0234	m0354	46.7	1.06e-69	255
m0234	m0292	46.2	1.06e-69	255
m0234	m0311	45.1	1.81e-69	254
m0234	m0296	48.6	5.27e-69	252
m0234	m0327	44.8	1.53e-68	251
m0234	m0406	46.7	2.62e-68	250
m0234	m0295	44.7	2.62e-68	250
m0234	m0351	43.6	5.83e-68	249
m0234	m0337	45.2	1.7e-67	247
m0234	m0280	46.2	3.78e-67	246
m0234	m0383	43.0	6.44e-67	245
m0234	m0282	43.8	6.44e-67	245
m0234	m0370	46.3	1.1e-66	245
m0234	m0312	46.6	1.1e-66	245
m0234	m0334	45.5	7.12e-66	242
m0234	m0246	42.6	1.59e-65	241
m0234	m0408	46.0	2.07e-65	240
m0234	m0397	44.5	6.03e-65	239
m0234	m0319	45.2	5.11e-64	236
m0234	m0239	41.4	3.31e-63	233
m0234	m0245	42.9	4.78e-62	229
m0234	m0385	43.3	1.39e-61	228
m0234	m0317	40.6	3.1e-61	226
m0234	m0405	42.4	5.28e-61	226
m0234	m0284	49.3	4.19e-58	216
m0234	m0286	43.0	7.9e-57	212
m0234	m0387	42.3	2.54e-55	207
m0234	m0371	33.8	8.47e-43	165
m0234	m0289	31.3	7.95e-33	132
m0234	m0275	36.9	1.04e-32	132
m0234	m0369	34.3	3.02e-32	130
m0234	m0293	27.9	2.48e-26	111
m0234	m0359	27.4	1.01e-19	89
m0234	m0276	23.2	1.28e-14	72
m0234	m0268	29.0	2.4e-13	67
m0234	m0396	25.4	3.47e-12	64
m0234	m0279	26.1	5.01e-11	60
m0234	m0267	23.0	9.46e-10	55
m0234	m0409	25.0	5.74e-07	46
m0234	m0307	24.3	1.41e-05	42
m0234	m0340	26.0	0.00101	35
m0234	m0339	28.6	0.00857	32
m0234	m0411	31.0	0.0146	32
m0234	m0376	25.0	0.0191	31
m0234	m0324	27.8	0.0326	30
m0234	m0399	28.7	0.0326	30
m0234	m0291	30.8	0.0556	30
m0234	m0257	23.9	0.0948	29
m0234	m0283	24.5	0.47	27
m0234	m0349	26.2	1.05	25
m0234	m0241	27.8	2.33	24
m0235	m0273	77.5	5.31e-135	471
m0235	m0306	72.5	2.47e-124	436
m0235	m0402	71.3	4.99e-117	412
m0235	m0249	66.8	1.77e-114	403
m0235	m0394	65.3	1.41e-111	394
m0235	m0380	68.8	1.84e-111	393
m0235	m0336	68.0	2.4e-111	393
m0235	m0388	64.2	2.65e-110	389
m0235	m0377	64.6	7.71e-110	388
m0235	m0299	65.6	1.32e-109	387
m0235	m0331	63.8	4.23e-108	382
m0235	m0390	67.0	3.58e-107	379
m0235	m0236	66.5	4.68e-107	379
m0235	m0237	66.1	1.27e-104	371
m0235	m0316	63.7	6.33e-104	368
m0235	m0382	60.9	2.94e-101	359
m0235	m0264	59.7	3.84e-101	359
m0235	m0309	59.3	5.01e-101	359
m0235	m0372	61.9	4.69e-99	352
m0235	m0314	59.4	6.77e-98	348
m0235	m0328	62.2	2.85e-96	343
m0235	m0398	64.2	2.04e-94	337
m0235	m0294	59.4	5.93e-94	335
m0235	m0305	56.5	1.62e-91	327
m0235	m0364	56.1	2.18e-88	317
m0235	m0254	53.8	1.05e-82	298
m0235	m0323	53.6	3.05e-82	296
m0235	m0368	51.2	5.21e-82	295
m0235	m0269	54.9	4.41e-81	292
m0235	m0341	53.9	4.88e-80	289
m0235	m0365	49.5	1.85e-79	287
m0235	m0330	52.8	2.42e-79	287
m0235	m0274	50.3	4.13e-79	286
m0235	m0343	52.2	1.2e-78	284
m0235	m0240	50.5	7.79e-78	282
m0235	m0349	48.7	2.96e-77	280
m0235	m0338	53.0	5.05e-77	279
m0235	m0311	50.3	2.5e-76	277
m0235	m0297	51.6	2.5e-76	277
m0235	m0278	48.0	3.27e-76	276
m0235	m0335	48.7	4.27e-76	276
m0235	m0292	49.8	5.58e-76	275
m0235	m0283	50.9	7.29e-76	275
m0235	m0351	49.1	2.12e-75	273
m0235	m0247	48.1	3.62e-75	273
m0235	m0321	51.2	4.72e-75	272
m0235	m0406	46.0	6.17e-75	272
m0235	m0250	51.6	2.34e-74	270
m0235	m0295	47.6	3.06e-74	270
m0235	m0400	51.7	4e-74	269
m0235	m0370	49.8	5.22e-74	269
m0235	m0296	49.5	6.82e-74	268
m0235	m0337	46.8	6.82e-74	268
m0235	m0282	50.2	8.91e-74	268
m0235	m0363	50.2	1.16e-73	268
m0235	m0327	48.2	1.52e-73	267
m0235	m0342	48.9	2.59e-73	267
m0235	m0348	49.7	2.59e-73	267
m0235	m0266	50.4	3.39e-73	266
m0235	m0332	48.4	4.42e-73	266
m0235	m0261	51.2	5.77e-73	265
m0235	m0393	49.0	1.29e-72	264
m0235	m0378	48.9	2.19e-72	263
m0235	m0345	47.1	2.87e-72	263
m0235	m0246	47.9	4.89e-72	262
m0235	m0256	47.4	8.34e-72	262
m0235	m0334	48.4	1.86e-71	260
m0235	m0354	48.9	1.57e-70	257
m0235	m0319	49.5	1.02e-69	255
m0235	m0408	48.1	1.02e-69	255
m0235	m0251	45.9	5.06e-69	252
m0235	m0280	46.6	8.63e-69	252
m0235	m0383	45.9	3.28e-68	250
m0235	m0356	47.1	4.28e-68	249
m0235	m0397	46.1	5.59e-68	249
m0235	m0317	45.7	5.59e-68	249
m0235	m0239	48.4	7.3e-68	248
m0235	m0312	46.6	3.63e-67	246
m0235	m0385	47.1	8.08e-67	245
m0235	m0405	45.7	3.39e-65	240
m0235	m0410	46.7	1.68e-64	237
m0235	m0245	40.8	2.69e-62	230
m0235	m0387	41.2	6.62e-61	225
m0235	m0286	42.5	8.65e-61	225
m0235	m0284	48.2	9.56e-60	221
m0235	m0371	36.6	1.25e-43	168
m0235	m0289	29.6	4.47e-33	133
m0235	m0275	32.3	4.19e-31	126
m0235	m0369	34.5	1.22e-30	125
m0235	m0293	29.4	1.14e-20	92
m0235	m0359	25.6	3.8e-16	77
m0235	m0276	25.6	9.37e-15	72
m0235	m0268	28.1	1.35e-13	68
m0235	m0396	27.9	8.77e-13	65
m0235	m0279	25.5	6.28e-11	59
m0235	m0267	20.5	4.66e-06	43
m0235	m0339	37.7	7.95e-06	42
m0235	m0324	26.9	5.15e-05	40
m0235	m0340	27.8	0.000334	37
m0235	m0257	27.8	0.00057	36
m0235	m0307	23.4	0.0063	33
m0235	m0371	26.5	0.00823	32
m0235	m0376	27.1	0.0408	30
m0235	m0330	27.8	0.0696	29
m0235	m0367	37.8	0.59	26
m0235	m0333	23.6	2.24	24
m0235	m0243	31.7	2.93	24
m0236	m0299	78.4	3e-127	446
m0236	m0237	75.6	8.16e-125	438
m0236	m0390	75.9	2.62e-123	433
m0236	m0331	67.9	1.71e-114	403
m0236	m0316	67.6	4.2e-113	399
m0236	m0377	66.4	2.55e-110	389
m0236	m0402	66.0	1.31e-106	377
m0236	m0249	64.0	4.65e-104	369
m0236	m0306	62.6	7.94e-104	368
m0236	m0273	63.6	8.78e-103	364
m0236	m0336	63.3	1.5e-102	364
m0236	m0394	61.6	1.45e-97	347
m0236	m0264	58.8	3.23e-97	346
m0236	m0309	58.4	6.09e-96	342
m0236	m0380	59.9	9.73e-94	334
m0236	m0372	56.6	1.27e-93	334
m0236	m0388	58.5	2.03e-91	327
m0236	m0314	55.7	4.52e-91	325
m0236	m0398	60.3	5.52e-89	319
m0236	m0382	56.8	1.04e-87	314
m0236	m0328	57.3	1.96e-86	310
m0236	m0254	53.6	7.47e-86	308
m0236	m0365	52.0	3.47e-83	299
m0236	m0305	52.7	3.47e-83	299
m0236	m0323	55.6	1.01e-82	298
m0236	m0294	54.7	1.36e-79	287
m0236	m0269	55.6	6.77e-79	285
m0236	m0338	53.9	6.77e-79	285
m0236	m0364	50.9	6.77e-79	285
m0236	m0349	52.0	8.84e-79	285
m0236	m0240	51.4	1.28e-77	281
m0236	m0406	52.1	2.84e-77	280
m0236	m0330	51.6	6.34e-77	278
m0236	m0282	54.3	1.41e-76	277
m0236	m0343	50.0	1.84e-76	277
m0236	m0297	52.5	4.11e-76	276
m0236	m0321	51.6	7e-76	275
m0236	m0368	48.8	4.54e-75	272
m0236	m0250	51.8	4.54e-75	272
m0236	m0261	52.7	1.01e-74	271
m0236	m0345	51.9	3.84e-74	269
m0236	m0342	51.7	6.56e-74	268
m0236	m0332	51.2	6.56e-74	268
m0236	m0400	51.4	8.56e-74	268
m0236	m0393	50.2	8.56e-74	268
m0236	m0246	51.4	8.56e-74	268
m0236	m0348	51.2	1.12e-73	268
m0236	m0295	49.5	1.46e-73	267
m0236	m0408	48.3	1.46e-73	267
m0236	m0397	50.5	1.91e-73	267
m0236	m0256	51.7	2.49e-73	267
m0236	m0378	50.7	2.49e-73	267
m0236	m0341	53.4	2.49e-73	267
m0236	m0363	50.2	5.55e-73	265
m0236	m0296	50.5	7.25e-73	265
m0236	m0335	50.2	2.75e-72	263
m0236	m0239	49.2	4.7e-72	262
m0236	m0327	50.3	6.14e-72	262
m0236	m0278	48.4	8.01e-72	262
m0236	m0370	48.3	3.05e-71	260
m0236	m0280	46.9	6.78e-71	258
m0236	m0283	46.2	8.86e-71	258
m0236	m0274	48.9	1.28e-69	254
m0236	m0317	47.6	2.18e-69	253
m0236	m0351	48.2	2.85e-69	253
m0236	m0337	47.2	3.72e-69	253
m0236	m0247	47.2	6.35e-69	252
m0236	m0266	47.9	6.35e-69	252
m0236	m0319	50.5	4.12e-68	249
m0236	m0405	48.7	5.38e-68	249
m0236	m0311	46.4	7.76e-67	245
m0236	m0251	46.7	2.95e-66	243
m0236	m0286	48.0	3.85e-66	243
m0236	m0292	45.4	3.26e-65	240
m0236	m0383	43.9	5.56e-65	239
m0236	m0354	48.0	2.11e-64	237
m0236	m0312	45.7	2.34e-63	233
m0236	m0385	46.4	1.98e-62	230
m0236	m0334	44.8	4.41e-62	229
m0236	m0387	45.6	4.41e-62	229
m0236	m0245	41.0	3.16e-60	223
m0236	m0356	46.6	4.13e-60	223
m0236	m0410	44.4	5.04e-58	216
m0236	m0284	44.6	3.87e-50	190
m0236	m0371	35.8	1.13e-41	161
m0236	m0289	34.9	1.13e-33	135
m0236	m0275	34.4	2.13e-32	131
m0236	m0369	33.5	8.96e-31	125
m0236	m0293	29.1	6.22e-24	102
m0236	m0359	27.3	2.45e-20	91
m0236	m0276	25.4	1.39e-15	75
m0236	m0396	29.4	1.54e-14	71
m0236	m0279	27.2	5.84e-14	69
m0236	m0268	28.2	5.46e-12	63
m0236	m0267	27.7	1.76e-10	58
m0236	m0339	28.6	2.38e-07	47
m0236	m0409	23.1	0.000144	38
m0236	m0307	25.5	0.000321	37
m0236	m0399	27.5	0.000419	37
m0236	m0257	30.8	0.000548	36
m0236	m0340	40.4	0.00208	34
m0236	m0340	27.5	0.0135	32
m0236	m0376	25.0	0.434	27
m0236	m0324	30.4	0.74	26
m0236	m0238	38.0	1.65	25
m0236	m0362	40.0	3.67	23
m0236	m0288	41.7	4.8	23
m0236	m0397	47.6	6.27	23
m0236	m0375	40.0	6.27	23
m0236	m0367	31.1	6.27	23
m0237	m0299	79.2	6.13e-133	465
m0237	m0390	78.8	3.36e-131	459
m0237	m0331	69.2	2.68e-112	396
m0237	m0402	65.6	3.39e-107	379
m0237	m0316	66.1	2.87e-106	376
m0237	m0377	64.4	1.42e-105	374
m0237	m0306	63.4	4.58e-104	369
m0237	m0336	62.8	6.61e-103	365
m0237	m0273	64.5	3.28e-102	362
m0237	m0388	61.4	1.63e-101	360
m0237	m0249	62.7	6.19e-101	358
m0237	m0314	60.7	8.93e-100	354
m0237	m0380	62.8	1.17e-99	354
m0237	m0264	57.8	4.15e-97	346
m0237	m0394	59.2	2.28e-95	340
m0237	m0328	61.6	9.56e-94	334
m0237	m0309	59.0	1.63e-93	334
m0237	m0382	59.6	1.53e-91	327
m0237	m0372	57.1	1.99e-91	327
m0237	m0398	59.2	1.34e-87	314
m0237	m0254	53.6	2.14e-85	307
m0237	m0305	53.8	4.76e-85	305
m0237	m0364	52.0	3.77e-82	296
m0237	m0365	51.0	6.43e-82	295
m0237	m0349	53.4	2.99e-79	286
m0237	m0406	52.5	6.65e-79	285
m0237	m0368	49.1	8.69e-79	285
m0237	m0250	55.3	5.63e-78	282
m0237	m0330	52.6	7.36e-78	282
m0237	m0323	52.2	2.8e-77	280
m0237	m0282	53.9	3.65e-77	279
m0237	m0370	51.7	8.13e-77	278
m0237	m0295	55.2	8.13e-77	278
m0237	m0294	53.1	1.06e-76	278
m0237	m0246	53.1	1.39e-76	277
m0237	m0240	51.4	3.09e-76	276
m0237	m0269	54.1	1.17e-75	274
m0237	m0321	50.8	7.61e-75	272
m0237	m0348	52.1	9.94e-75	271
m0237	m0261	53.8	2.22e-74	270
m0237	m0332	51.5	2.89e-74	270
m0237	m0342	51.5	3.78e-74	269
m0237	m0400	51.9	6.45e-74	268
m0237	m0363	50.2	6.45e-74	268
m0237	m0341	50.2	8.42e-74	268
m0237	m0408	48.1	1.1e-73	268
m0237	m0327	51.2	1.44e-73	267
m0237	m0378	51.4	1.88e-73	267
m0237	m0345	52.1	1.88e-73	267
m0237	m0283	50.3	3.2e-73	266
m0237	m0338	54.0	3.2e-73	266
m0237	m0335	52.8	7.13e-73	265
m0237	m0337	49.7	7.13e-73	265
m0237	m0278	50.3	9.31e-73	265
m0237	m0393	50.0	1.22e-72	264
m0237	m0297	51.9	2.07e-72	263
m0237	m0280	51.2	3.54e-72	263
m0237	m0397	51.4	1.03e-71	261
m0237	m0256	50.7	1.03e-71	261
m0237	m0319	52.5	1.94e-70	257
m0237	m0266	50.4	1.94e-70	257
m0237	m0296	50.2	3.31e-70	256
m0237	m0274	47.2	7.37e-70	255
m0237	m0239	49.0	7.37e-70	255
m0237	m0247	48.6	7.37e-70	255
m0237	m0317	49.1	2.15e-69	253
m0237	m0343	46.9	4.78e-69	252
m0237	m0251	50.7	1.06e-68	251
m0237	m0351	46.7	1.39e-68	251
m0237	m0354	49.0	4.05e-68	249
m0237	m0311	46.6	5.84e-67	245
m0237	m0312	49.5	1.3e-66	244
m0237	m0405	46.8	1.88e-65	240
m0237	m0286	47.6	4.19e-65	239
m0237	m0383	44.5	7.14e-65	238
m0237	m0292	44.7	6.05e-64	235
m0237	m0387	45.1	7.39e-62	228
m0237	m0356	44.7	1.65e-61	227
m0237	m0334	47.4	1.82e-60	224
m0237	m0385	45.1	1.82e-60	224
m0237	m0410	41.9	4.2e-57	213
m0237	m0245	41.8	7.16e-57	212
m0237	m0284	45.3	3.81e-50	190
m0237	m0371	34.6	4.66e-40	156
m0237	m0289	32.4	2.24e-34	137
m0237	m0275	33.9	4.99e-34	136
m0237	m0369	32.3	1.08e-28	118
m0237	m0293	29.8	5.73e-22	96
m0237	m0359	27.9	9.14e-20	89
m0237	m0276	26.4	4.25e-17	80
m0237	m0396	27.7	2.33e-15	74
m0237	m0279	28.7	8.29e-13	65
m0237	m0267	26.2	1.41e-12	65
m0237	m0268	25.8	1.85e-12	64
m0237	m0339	27.3	7.51e-06	42
m0237	m0307	21.6	8.31e-05	39
m0237	m0340	29.0	0.000316	37
m0237	m0340	42.6	0.000918	35
m0237	m0409	22.4	0.00205	34
m0237	m0324	23.5	0.0504	30
m0237	m0376	25.3	0.728	26
m0237	m0371	31.2	0.95	25
m0237	m0326	26.5	2.12	24
m0238	m0304	46.7	7.59e-105	372
m0238	m0373	43.8	1.1e-103	368
m0238	m0343	41.4	0.0542	30
m0238	m0371	30.6	0.351	27
m0238	m0322	33.9	1.02	26
m0238	m0243	38.1	2.28	25
m0238	m0403	51.9	2.97	24
m0238	m0301	64.3	6.62	23
m0239	m0327	74.2	1.37e-139	487
m0239	m0335	75.6	9.54e-133	464
m0239	m0296	71.1	2.06e-119	420
m0239	m0250	70.7	7.34e-117	411
m0239	m0280	67.4	4.76e-116	409
m0239	m0337	59.1	1.17e-106	377
m0239	m0283	61.9	1.53e-106	377
m0239	m0278	61.3	7.61e-106	375
m0239	m0330	59.3	1.87e-104	370
m0239	m0282	64.2	1.59e-103	367
m0239	m0332	57.8	3.54e-103	366
m0239	m0370	60.6	2.29e-102	363
m0239	m0378	56.6	2.29e-102	363
m0239	m0342	58.5	1.94e-101	360
m0239	m0348	56.7	2.53e-101	360
m0239	m0256	55.9	3.31e-101	359
m0239	m0393	57.3	5.64e-101	359
m0239	m0240	65.1	1.64e-100	357
m0239	m0345	56.4	2.14e-100	357
m0239	m0349	57.5	4.47e-98	349
m0239	m0261	60.4	9.96e-98	348
m0239	m0321	56.7	2.9e-97	346
m0239	m0363	57.9	7.14e-96	342
m0239	m0319	63.0	9.33e-96	341
m0239	m0295	55.1	3.92e-94	336
m0239	m0406	58.1	4.33e-93	332
m0239	m0246	58.0	7.39e-93	332
m0239	m0400	53.7	3.67e-92	329
m0239	m0405	57.1	2.72e-87	313
m0239	m0323	52.8	1.65e-84	304
m0239	m0317	49.7	8.19e-84	302
m0239	m0397	48.5	1.11e-80	291
m0239	m0338	49.0	8.77e-78	282
m0239	m0269	50.8	4.07e-75	273
m0239	m0331	49.2	3.23e-72	263
m0239	m0316	50.2	4.22e-72	263
m0239	m0402	48.2	4.66e-71	259
m0239	m0297	49.2	1.15e-69	255
m0239	m0249	48.2	9.72e-69	252
m0239	m0390	50.5	4.82e-68	249
m0239	m0299	48.1	6.3e-68	249
m0239	m0336	49.6	2.39e-67	247
m0239	m0380	50.2	6.96e-67	245
m0239	m0306	45.5	2.65e-66	243
m0239	m0309	47.4	3.46e-66	243
m0239	m0273	45.1	1.72e-65	241
m0239	m0343	48.4	2.93e-65	240
m0239	m0368	48.1	8.51e-65	238
m0239	m0377	44.2	1.11e-64	238
m0239	m0365	48.0	1.45e-64	238
m0239	m0264	43.3	9.41e-64	235
m0239	m0394	45.4	1.23e-63	235
m0239	m0388	47.0	1.61e-63	234
m0239	m0305	44.0	3.35e-61	226
m0239	m0398	45.9	3.7e-60	223
m0239	m0314	42.7	1.41e-59	221
m0239	m0274	46.6	1.41e-59	221
m0239	m0294	44.8	1.46e-56	211
m0239	m0254	46.3	4.23e-56	210
m0239	m0382	46.2	4.23e-56	210
m0239	m0372	45.2	1.23e-55	208
m0239	m0328	43.8	1.61e-55	208
m0239	m0385	44.6	5.18e-54	203
m0239	m0408	40.2	1.15e-53	201
m0239	m0247	42.6	4.38e-53	200
m0239	m0292	38.4	6.55e-49	186
m0239	m0341	41.2	1.91e-48	184
m0239	m0354	37.9	1.23e-47	181
m0239	m0364	38.2	1.23e-47	181
m0239	m0311	38.2	8e-47	179
m0239	m0356	37.9	1.05e-46	178
m0239	m0351	38.0	2.33e-46	177
m0239	m0266	39.3	8.85e-46	175
m0239	m0383	38.2	4.39e-45	173
m0239	m0286	36.9	9.79e-45	172
m0239	m0410	39.1	2.18e-44	171
m0239	m0245	39.3	8.28e-44	169
m0239	m0334	40.0	3.15e-43	167
m0239	m0251	35.8	1.56e-42	164
m0239	m0387	34.3	5.03e-41	159
m0239	m0312	36.7	6.56e-41	159
m0239	m0284	39.7	3.26e-40	157
m0239	m0275	35.3	2.26e-33	134
m0239	m0371	32.1	1.62e-31	128
m0239	m0369	33.5	4.88e-28	116
m0239	m0289	27.6	4.14e-19	87
m0239	m0293	25.4	1.38e-14	72
m0239	m0279	28.9	1.8e-14	71
m0239	m0276	24.9	2.87e-12	64
m0239	m0359	23.8	9.24e-11	59
m0239	m0396	28.6	7.83e-10	56
m0239	m0267	31.4	1.33e-09	55
m0239	m0268	28.9	1.74e-09	55
m0239	m0409	25.1	5.25e-06	43
m0239	m0399	25.0	0.000169	38
m0239	m0280	25.5	0.000376	37
m0239	m0307	23.7	0.00143	35
m0239	m0339	38.0	0.00143	35
m0239	m0318	27.4	0.00318	34
m0239	m0376	29.6	0.00543	33
m0239	m0324	27.9	0.00543	33
m0239	m0340	48.6	0.0206	31
m0239	m0243	23.0	0.027	31
m0239	m0333	42.2	0.027	31
m0239	m0411	22.7	0.0601	30
m0239	m0400	26.0	0.0601	30
m0239	m0256	24.1	0.0601	30
m0239	m0343	42.9	0.0601	30
m0239	m0345	23.6	0.0784	29
m0239	m0257	27.9	0.134	28
m0239	m0261	26.4	0.664	26
m0239	m0342	27.9	1.13	25
m0239	m0384	40.0	1.93	25
m0239	m0325	27.0	4.3	23
m0239	m0332	56.2	7.34	23
m0239	m0309	36.4	7.34	23
m0239	m0241	53.8	9.59	22
m0240	m0295	71.2	9.26e-175	604
m0240	m0246	70.5	7.84e-174	601
m0240	m0278	62.1	1.14e-148	517
m0240	m0337	59.9	2.01e-145	507
m0240	m0319	60.0	1.49e-140	490
m0240	m0321	57.5	7.41e-140	488
m0240	m0283	58.5	4.8e-139	485
m0240	m0348	56.8	4.07e-138	482
m0240	m0345	57.2	9.06e-138	481
m0240	m0342	57.6	1.18e-137	481
m0240	m0256	57.7	2.64e-137	480
m0240	m0393	56.7	5.87e-137	478
m0240	m0378	55.9	7.67e-137	478
m0240	m0332	55.9	6.49e-136	475
m0240	m0330	64.6	1.11e-135	474
m0240	m0282	63.5	9.37e-135	471
m0240	m0363	54.2	5.69e-132	462
m0240	m0349	61.2	3.69e-131	459
m0240	m0406	78.2	1.31e-128	451
m0240	m0397	50.0	3.96e-117	413
m0240	m0400	57.5	1.66e-115	407
m0240	m0250	55.3	2.17e-115	407
m0240	m0261	67.5	1.36e-109	387
m0240	m0280	55.7	5.73e-108	382
m0240	m0327	64.8	1.28e-107	381
m0240	m0370	67.5	5.36e-106	376
m0240	m0296	66.0	1.32e-104	371
m0240	m0335	64.5	3.59e-102	363
m0240	m0338	62.8	1.08e-98	351
m0240	m0405	52.4	2.41e-98	350
m0240	m0323	62.9	9.16e-98	348
m0240	m0269	59.9	2.95e-96	343
m0240	m0297	48.6	2.42e-90	324
m0240	m0317	44.1	7.77e-89	319
m0240	m0402	53.4	3.5e-81	293
m0240	m0331	52.3	7.79e-81	292
m0240	m0299	53.9	3.27e-79	287
m0240	m0316	52.6	1.38e-77	281
m0240	m0390	53.6	4e-77	280
m0240	m0380	53.2	8.92e-77	278
m0240	m0273	49.5	1.86e-74	271
m0240	m0388	50.9	2.68e-73	267
m0240	m0249	50.0	4.58e-73	266
m0240	m0306	51.6	1.02e-72	265
m0240	m0336	50.9	3.88e-72	263
m0240	m0377	51.4	6.61e-72	262
m0240	m0309	50.2	6.61e-72	262
m0240	m0394	49.3	7.31e-71	259
m0240	m0264	47.2	5.24e-69	253
m0240	m0305	47.5	2.6e-68	250
m0240	m0274	47.0	5.79e-68	249
m0240	m0343	49.1	1.86e-66	244
m0240	m0368	48.1	2.69e-65	240
m0240	m0314	47.9	5.99e-65	239
m0240	m0294	48.2	5.99e-65	239
m0240	m0365	46.6	1.02e-64	238
m0240	m0372	45.9	2.28e-64	237
m0240	m0398	50.0	2.98e-64	237
m0240	m0382	46.0	2.52e-63	234
m0240	m0328	48.3	1.06e-61	228
m0240	m0254	44.7	1.17e-60	225
m0240	m0408	43.7	7.58e-60	222
m0240	m0247	43.3	1.21e-57	215
m0240	m0364	39.8	9.59e-55	205
m0240	m0341	42.4	1.53e-52	198
m0240	m0334	43.1	5.82e-52	196
m0240	m0354	39.9	1.1e-50	192
m0240	m0385	44.1	1.43e-50	191
m0240	m0387	39.1	4.17e-50	190
m0240	m0266	37.3	1.34e-48	185
m0240	m0410	39.9	6.66e-48	183
m0240	m0251	37.2	2.53e-47	181
m0240	m0286	37.1	2.53e-47	181
m0240	m0284	45.2	1.64e-46	178
m0240	m0292	38.1	2.8e-46	177
m0240	m0311	38.1	8.14e-46	176
m0240	m0383	38.8	1.06e-45	175
m0240	m0356	36.9	1.39e-45	175
m0240	m0351	39.9	9.95e-44	169
m0240	m0312	37.3	2.22e-43	168
m0240	m0245	36.9	7.88e-41	159
m0240	m0371	33.6	7.9e-33	132
m0240	m0275	35.2	1.14e-31	129
m0240	m0369	34.7	9.66e-31	126
m0240	m0289	32.6	1.6e-25	108
m0240	m0279	27.5	2.09e-17	81
m0240	m0396	29.7	3.94e-16	77
m0240	m0267	25.2	2.55e-15	74
m0240	m0293	24.0	3.69e-14	70
m0240	m0276	24.8	9.08e-13	66
m0240	m0359	24.7	3.82e-11	60
m0240	m0268	27.1	8.8e-08	49
m0240	m0409	28.0	4.09e-05	40
m0240	m0340	29.6	0.000203	38
m0240	m0307	23.7	0.00383	34
m0240	m0376	27.3	0.0145	32
m0240	m0324	23.6	0.019	32
m0240	m0339	28.4	0.0248	31
m0240	m0403	24.7	0.0721	30
m0240	m0257	22.8	0.123	29
m0240	m0243	24.0	0.21	28
m0240	m0333	32.7	0.274	28
m0240	m0367	37.2	1.78	25
m0240	m0392	44.4	6.75	23
m0241	m0262	49.1	6.53e-107	379
m0241	m0392	50.4	1.61e-105	374
m0241	m0263	48.1	1.27e-102	364
m0241	m0324	24.2	0.127	29
m0241	m0335	69.2	1.07	26
m0241	m0337	69.2	1.4	25
m0241	m0327	61.5	1.4	25
m0241	m0283	69.2	1.4	25
m0241	m0278	69.2	1.4	25
m0241	m0365	61.5	1.83	25
m0241	m0370	61.5	2.39	25
m0241	m0319	61.5	2.39	25
m0241	m0406	61.5	3.13	24
m0241	m0264	61.5	3.13	24
m0241	m0256	61.5	5.33	23
m0241	m0345	61.5	5.33	23
m0241	m0261	61.5	5.33	23
m0241	m0342	61.5	5.33	23
m0241	m0343	61.5	5.33	23
m0241	m0296	61.5	6.96	23
m0241	m0400	61.5	6.96	23
m0241	m0393	61.5	6.96	23
m0242	m0362	36.0	1.56e-72	265
m0242	m0302	28.7	1.74e-47	181
m0242	m0272	28.6	5.06e-39	153
m0242	m0325	28.3	1.38e-36	145
m0242	m0346	26.6	5.07e-31	127
m0242	m0265	27.1	4.02e-28	117
m0242	m0358	26.2	1.93e-22	98
m0242	m0353	28.0	2.08	25
m0243	m0318	28.5	2.06e-15	75
m0243	m0375	38.8	5.63e-05	40
m0243	m0375	33.0	0.000125	39
m0243	m0282	23.3	0.00237	35
m0243	m0333	26.0	0.00527	34
m0243	m0327	24.9	0.0583	30
m0243	m0376	31.8	0.17	29
m0243	m0405	29.3	0.289	28
m0243	m0338	31.3	0.644	27
m0243	m0335	23.6	0.644	27
m0243	m0377	30.5	3.2	25
m0243	m0265	25.9	3.2	25
m0243	m0409	28.0	3.2	25
m0243	m0271	26.9	4.18	24
m0243	m0397	34.0	4.18	24
m0243	m0337	25.8	4.18	24
m0243	m0296	24.2	4.18	24
m0243	m0280	22.3	4.18	24
m0243	m0325	38.3	7.12	23
m0243	m0352	37.5	7.12	23
m0244	m0270	44.3	1.65e-67	247
m0244	m0379	41.6	6.71e-61	225
m0244	m0320	30.4	1.66e-35	141
m0244	m0277	31.2	1.08e-34	138
m0244	m0386	32.4	4.1e-34	136
m0244	m0288	34.1	6.54e-32	129
m0244	m0248	29.2	1.12e-31	128
m0244	m0253	30.4	1.23e-30	125
m0244	m0357	29.4	3.97e-29	120
m0244	m0353	31.4	2.18e-27	114
m0244	m0315	30.0	2.41e-26	111
m0244	m0384	32.0	9.15e-26	109
m0244	m0258	31.1	2.04e-25	107
m0244	m0389	30.3	2.04e-25	107
m0244	m0412	28.9	2.04e-25	107
m0244	m0404	30.0	1.24e-22	98
m0244	m0361	29.7	2.11e-22	97
m0244	m0285	26.2	1.16e-20	92
m0244	m0371	31.8	1.02	25
m0245	m0247	48.7	3.13e-68	250
m0245	m0382	47.5	7.22e-65	238
m0245	m0331	44.8	2.74e-64	236
m0245	m0266	44.1	1.04e-63	235
m0245	m0380	45.7	1.36e-63	234
m0245	m0377	44.3	1.78e-63	234
m0245	m0316	43.4	2.57e-62	230
m0245	m0354	42.3	1.66e-61	227
m0245	m0309	46.1	4.84e-61	226
m0245	m0341	43.2	4.84e-61	226
m0245	m0372	42.4	6.32e-61	225
m0245	m0273	41.2	8.26e-61	225
m0245	m0336	45.6	1.08e-60	225
m0245	m0249	40.0	3.14e-60	223
m0245	m0264	42.0	4.1e-60	223
m0245	m0306	42.6	6.99e-60	222
m0245	m0402	41.1	1.19e-59	221
m0245	m0390	42.3	2.66e-59	220
m0245	m0388	45.0	7.73e-59	218
m0245	m0254	43.6	1.72e-58	217
m0245	m0328	44.4	2.94e-58	216
m0245	m0398	46.3	6.54e-58	215
m0245	m0394	42.3	8.54e-58	215
m0245	m0314	41.5	8.54e-58	215
m0245	m0299	42.0	1.23e-56	211
m0245	m0383	42.4	1.23e-56	211
m0245	m0294	43.2	1.36e-55	208
m0245	m0364	42.0	8.84e-55	205
m0245	m0365	40.9	4.39e-54	203
m0245	m0311	39.3	1.67e-53	201
m0245	m0292	39.8	4.85e-53	199
m0245	m0351	38.2	1.08e-52	198
m0245	m0356	40.2	1.08e-52	198
m0245	m0305	41.6	1.84e-52	197
m0245	m0343	41.5	3.14e-52	196
m0245	m0251	38.7	3.14e-52	196
m0245	m0368	39.4	2.66e-51	193
m0245	m0312	37.9	5.93e-51	192
m0245	m0385	42.0	1.01e-50	191
m0245	m0410	38.3	6.56e-50	189
m0245	m0408	38.9	1.12e-49	188
m0245	m0274	39.6	1.46e-49	188
m0245	m0334	40.7	6.79e-47	179
m0245	m0269	38.0	1.51e-46	178
m0245	m0286	37.6	3.37e-46	176
m0245	m0348	39.0	5.74e-46	176
m0245	m0405	37.9	7.5e-46	175
m0245	m0370	37.2	7.5e-46	175
m0245	m0332	37.3	1.28e-45	174
m0245	m0378	36.9	1.28e-45	174
m0245	m0342	37.5	2.18e-45	174
m0245	m0296	38.7	3.72e-45	173
m0245	m0317	37.1	4.86e-45	173
m0245	m0371	39.8	6.35e-45	172
m0245	m0345	37.5	6.35e-45	172
m0245	m0338	37.3	6.35e-45	172
m0245	m0323	35.8	8.29e-45	172
m0245	m0393	37.7	8.29e-45	172
m0245	m0321	37.8	8.29e-45	172
m0245	m0250	37.3	1.85e-44	171
m0245	m0282	38.0	3.15e-44	170
m0245	m0363	37.0	7.02e-44	169
m0245	m0295	37.4	2.04e-43	167
m0245	m0256	36.0	2.67e-43	167
m0245	m0406	37.4	2.67e-43	167
m0245	m0330	36.7	1.01e-42	165
m0245	m0349	37.8	1.01e-42	165
m0245	m0400	35.3	1.32e-42	164
m0245	m0327	35.8	1.73e-42	164
m0245	m0280	39.3	1.73e-42	164
m0245	m0397	37.0	2.26e-42	164
m0245	m0387	37.9	2.95e-42	163
m0245	m0278	36.6	1.12e-41	161
m0245	m0335	37.2	2.5e-41	160
m0245	m0297	36.2	3.26e-41	160
m0245	m0261	37.4	5.56e-41	159
m0245	m0283	35.9	1.24e-40	158
m0245	m0337	36.6	3.99e-39	153
m0245	m0319	34.9	3.99e-39	153
m0245	m0246	33.7	1.98e-38	151
m0245	m0284	38.7	3.38e-38	150
m0245	m0275	30.2	1.2e-27	115
m0245	m0369	29.2	7.8e-27	112
m0245	m0293	29.1	8.07e-24	102
m0245	m0289	27.5	7.55e-22	96
m0245	m0359	25.5	2.97e-18	84
m0245	m0276	25.2	1.47e-17	81
m0245	m0279	28.1	2.6e-14	70
m0245	m0268	28.5	6.41e-13	66
m0245	m0396	25.0	4.16e-12	63
m0245	m0267	24.8	1.25e-08	52
m0245	m0291	25.6	0.000244	37
m0245	m0307	22.3	0.000928	35
m0245	m0409	23.0	0.00158	35
m0245	m0411	31.7	0.0175	31
m0245	m0339	23.3	0.0298	30
m0245	m0376	23.4	0.33	27
m0245	m0340	24.7	0.563	26
m0245	m0317	31.9	8.13	22
m0246	m0295	74.4	2.46e-183	632
m0246	m0278	59.5	5.91e-145	505
m0246	m0337	58.8	3.83e-144	502
m0246	m0283	57.6	1.67e-139	487
m0246	m0393	54.3	2.75e-134	470
m0246	m0406	81.5	1.05e-133	468
m0246	m0256	54.1	1.37e-133	467
m0246	m0321	53.0	1.16e-132	464
m0246	m0378	53.3	1.16e-132	464
m0246	m0342	53.5	3.37e-132	463
m0246	m0345	53.0	4.4e-132	462
m0246	m0319	57.2	1.67e-131	460
m0246	m0348	53.4	1.67e-131	460
m0246	m0363	51.9	5.03e-128	449
m0246	m0332	51.0	6.8e-125	438
m0246	m0330	56.6	1.51e-124	437
m0246	m0349	59.8	1.51e-124	437
m0246	m0397	50.7	8.31e-123	431
m0246	m0282	57.0	5.57e-119	419
m0246	m0250	51.1	1.29e-107	381
m0246	m0400	50.0	5.41e-106	376
m0246	m0370	64.8	2.78e-102	363
m0246	m0327	61.1	2.78e-102	363
m0246	m0280	48.8	1.38e-101	361
m0246	m0261	64.0	1.17e-100	358
m0246	m0335	61.1	2.6e-100	357
m0246	m0405	52.2	6e-97	346
m0246	m0296	60.1	1.34e-96	344
m0246	m0323	59.7	4.02e-93	333
m0246	m0338	56.7	2.98e-88	317
m0246	m0317	44.8	8.68e-88	315
m0246	m0297	45.7	1.93e-87	314
m0246	m0269	56.6	7.35e-87	312
m0246	m0331	52.6	2.14e-78	284
m0246	m0402	50.5	1.39e-77	281
m0246	m0299	53.5	5.28e-77	279
m0246	m0390	51.9	2.08e-73	267
m0246	m0306	50.2	3.31e-71	260
m0246	m0380	49.6	3.31e-71	260
m0246	m0273	49.3	7.38e-71	259
m0246	m0316	48.8	6.25e-70	256
m0246	m0249	47.4	2.37e-69	254
m0246	m0394	45.6	6.91e-69	252
m0246	m0388	46.1	2.9e-67	247
m0246	m0309	48.8	1.1e-66	245
m0246	m0264	44.8	3.21e-66	243
m0246	m0336	48.4	1.22e-65	242
m0246	m0305	46.8	1.59e-65	241
m0246	m0294	47.5	2.54e-63	234
m0246	m0368	45.4	5.66e-63	233
m0246	m0377	45.1	9.66e-63	232
m0246	m0398	48.1	1.26e-62	231
m0246	m0314	45.9	6.26e-62	229
m0246	m0274	44.6	1.07e-61	228
m0246	m0365	43.8	2.91e-59	220
m0246	m0382	44.1	1.44e-58	218
m0246	m0328	43.9	9.36e-58	215
m0246	m0408	41.3	3.56e-57	213
m0246	m0372	40.8	7.92e-57	212
m0246	m0247	42.2	3.93e-56	210
m0246	m0343	41.2	6.71e-56	209
m0246	m0254	40.8	2.16e-54	204
m0246	m0364	39.4	3.12e-53	200
m0246	m0354	41.3	3.44e-52	197
m0246	m0266	40.2	9.38e-50	189
m0246	m0286	35.8	2.16e-46	178
m0246	m0341	38.0	2.16e-46	178
m0246	m0351	38.3	6.29e-46	176
m0246	m0311	37.6	8.22e-46	176
m0246	m0312	39.4	5.33e-45	173
m0246	m0334	41.9	6.96e-45	173
m0246	m0251	39.1	9.09e-45	172
m0246	m0356	40.4	5.89e-44	169
m0246	m0410	39.2	7.69e-44	169
m0246	m0387	36.5	1.31e-43	168
m0246	m0385	38.1	3.82e-43	167
m0246	m0383	36.4	3.82e-43	167
m0246	m0292	35.4	2.47e-42	164
m0246	m0284	39.6	9.4e-42	162
m0246	m0369	32.8	9.13e-29	119
m0246	m0371	29.7	3.47e-28	117
m0246	m0275	30.0	7.23e-26	109
m0246	m0289	28.8	1.78e-24	105
m0246	m0279	29.7	8.56e-19	86
m0246	m0293	25.8	5.55e-18	83
m0246	m0396	29.2	1.37e-16	79
m0246	m0359	23.1	1.56e-12	65
m0246	m0267	25.6	5.94e-12	63
m0246	m0276	23.4	7.76e-12	63
m0246	m0268	27.8	1.28e-06	45
m0246	m0409	26.6	0.00296	34
m0246	m0340	43.2	0.025	31
m0246	m0307	28.7	0.025	31
m0246	m0339	23.3	0.0728	30
m0246	m0371	30.4	0.0951	29
m0246	m0376	28.7	0.162	28
m0246	m0258	25.9	0.805	26
m0246	m0333	29.1	1.05	26
m0246	m0257	23.4	1.05	26
m0246	m0324	20.2	8.9	23
m0247	m0266	66.1	5.33e-108	382
m0247	m0354	64.6	9.09e-108	381
m0247	m0385	52.6	1.08e-84	304
m0247	m0251	55.6	1.85e-84	304
m0247	m0382	54.7	4.11e-84	302
m0247	m0402	53.9	2.04e-83	300
m0247	m0351	47.7	3.48e-83	299
m0247	m0380	52.4	1.32e-82	297
m0247	m0249	51.0	2.26e-82	297
m0247	m0311	49.3	6.56e-82	295
m0247	m0356	55.8	8.57e-82	295
m0247	m0312	50.2	9.48e-81	291
m0247	m0292	49.2	8.02e-80	288
m0247	m0383	47.3	2.58e-78	283
m0247	m0306	50.3	3.37e-78	283
m0247	m0273	48.7	1.42e-76	277
m0247	m0336	50.7	5.38e-76	275
m0247	m0328	51.5	9.18e-76	275
m0247	m0410	44.6	2.04e-75	273
m0247	m0309	48.7	1.33e-74	271
m0247	m0331	50.7	1.73e-74	270
m0247	m0394	48.6	1.91e-73	267
m0247	m0398	49.4	7.27e-73	265
m0247	m0314	48.0	1.62e-72	264
m0247	m0264	48.9	8.04e-72	262
m0247	m0377	47.7	1.37e-71	261
m0247	m0299	47.6	1.79e-71	260
m0247	m0390	47.8	2.34e-71	260
m0247	m0341	45.9	6.81e-71	258
m0247	m0388	47.1	8.89e-71	258
m0247	m0316	46.3	4.41e-70	256
m0247	m0368	46.2	1.09e-68	251
m0247	m0343	46.1	4.57e-67	246
m0247	m0305	46.4	1.33e-66	244
m0247	m0372	45.4	2.27e-66	243
m0247	m0294	44.3	1.92e-65	240
m0247	m0365	42.9	3.62e-64	236
m0247	m0254	44.7	1.05e-63	235
m0247	m0283	43.8	4.89e-61	226
m0247	m0363	46.0	4.89e-61	226
m0247	m0364	41.5	1.09e-60	225
m0247	m0400	43.9	1.42e-60	224
m0247	m0370	44.0	1.86e-60	224
m0247	m0342	44.4	3.17e-60	223
m0247	m0397	43.0	7.06e-60	222
m0247	m0393	46.6	1.57e-59	221
m0247	m0296	43.1	2.05e-59	220
m0247	m0378	45.4	2.68e-59	220
m0247	m0334	42.4	2.68e-59	220
m0247	m0269	43.4	3.5e-59	220
m0247	m0321	44.7	4.58e-59	219
m0247	m0332	44.0	1.02e-58	218
m0247	m0323	40.5	1.02e-58	218
m0247	m0256	44.3	1.02e-58	218
m0247	m0348	44.8	1.33e-58	218
m0247	m0274	40.3	1.74e-58	217
m0247	m0278	42.1	1.74e-58	217
m0247	m0345	43.6	2.27e-58	217
m0247	m0337	42.1	2.51e-57	213
m0247	m0295	43.6	2.51e-57	213
m0247	m0371	42.4	5.59e-57	212
m0247	m0297	43.7	7.31e-57	212
m0247	m0338	39.9	7.31e-57	212
m0247	m0349	42.5	7.31e-57	212
m0247	m0250	42.1	1.63e-56	211
m0247	m0327	40.9	2.13e-56	210
m0247	m0335	41.9	6.19e-56	209
m0247	m0319	44.1	8.08e-56	208
m0247	m0261	42.9	1.06e-55	208
m0247	m0406	43.0	1.06e-55	208
m0247	m0405	42.5	1.06e-55	208
m0247	m0330	41.4	1.38e-55	208
m0247	m0282	41.8	1.8e-55	207
m0247	m0317	39.0	1.29e-53	201
m0247	m0280	43.7	2.87e-53	200
m0247	m0408	38.1	4.9e-53	199
m0247	m0284	43.2	4.9e-53	199
m0247	m0387	40.9	1.58e-51	194
m0247	m0286	39.2	3.29e-49	186
m0247	m0369	34.1	3.3e-41	160
m0247	m0275	34.2	4.3e-41	159
m0247	m0289	32.7	1.58e-35	141
m0247	m0293	25.7	5.29e-23	99
m0247	m0359	25.0	1.7e-21	94
m0247	m0396	28.6	5.66e-17	79
m0247	m0279	29.4	4.79e-16	76
m0247	m0268	30.7	9.04e-15	72
m0247	m0276	25.7	1.54e-14	71
m0247	m0340	26.8	1.07e-07	49
m0247	m0376	31.5	2.23e-05	41
m0247	m0409	25.3	8.48e-05	39
m0247	m0267	21.4	0.000189	38
m0247	m0399	26.9	0.00273	34
m0247	m0340	27.3	0.00356	33
m0247	m0411	24.4	0.00608	33
m0247	m0307	27.2	0.333	27
m0248	m0277	58.0	5.83e-100	355
m0248	m0320	50.9	1.1e-82	298
m0248	m0412	45.4	1.31e-75	274
m0248	m0386	44.2	1.22e-73	268
m0248	m0288	45.7	1.95e-71	260
m0248	m0253	43.9	5.88e-68	249
m0248	m0315	40.6	2.24e-67	247
m0248	m0389	42.5	2.24e-67	247
m0248	m0404	42.7	1.31e-59	221
m0248	m0285	36.0	4.24e-50	190
m0248	m0353	36.1	1.56e-44	171
m0248	m0357	33.9	8.01e-41	159
m0248	m0258	34.2	5.19e-40	156
m0248	m0361	33.5	1.16e-39	155
m0248	m0384	32.4	5.37e-37	146
m0248	m0379	29.3	1.28e-30	125
m0248	m0270	31.8	5.38e-29	119
m0248	m0290	20.8	2.36	24
m0248	m0333	50.0	3.08	24
m0248	m0362	30.8	6.86	23
m0249	m0306	69.8	3.95e-119	419
m0249	m0402	70.1	4.37e-118	415
m0249	m0380	72.1	1.19e-115	407
m0249	m0273	65.8	4.23e-113	399
m0249	m0264	66.8	1.04e-111	394
m0249	m0377	64.6	1.15e-110	391
m0249	m0390	65.8	1.66e-109	387
m0249	m0331	62.6	1.41e-108	384
m0249	m0336	66.3	6.99e-108	381
m0249	m0388	64.3	2.65e-107	379
m0249	m0299	63.6	6.54e-106	375
m0249	m0394	63.8	1.23e-104	371
m0249	m0309	61.3	9.77e-102	361
m0249	m0316	60.6	6.33e-101	358
m0249	m0372	59.0	4.25e-97	346
m0249	m0314	58.4	3.6e-96	342
m0249	m0305	58.5	1.51e-94	337
m0249	m0328	60.5	1.28e-93	334
m0249	m0382	58.5	3.15e-92	329
m0249	m0398	59.3	5.03e-90	322
m0249	m0364	56.1	8.58e-90	321
m0249	m0294	56.6	5.56e-89	319
m0249	m0365	52.3	2.05e-83	300
m0249	m0254	52.6	3.49e-83	299
m0249	m0368	50.2	5.57e-81	292
m0249	m0343	49.5	1.52e-78	284
m0249	m0269	54.5	4.42e-78	282
m0249	m0349	49.5	7.05e-76	275
m0249	m0338	50.8	1.2e-75	274
m0249	m0261	53.5	1.2e-75	274
m0249	m0323	50.2	1.57e-75	274
m0249	m0330	49.3	1.33e-74	271
m0249	m0283	50.0	2.27e-74	270
m0249	m0274	47.0	2.96e-74	270
m0249	m0321	49.7	3.87e-74	269
m0249	m0278	49.3	5.05e-74	269
m0249	m0297	51.4	6.6e-74	268
m0249	m0296	51.2	1.13e-73	268
m0249	m0342	48.8	2.51e-73	267
m0249	m0335	49.2	3.28e-73	266
m0249	m0370	48.6	7.3e-73	265
m0249	m0295	48.6	9.53e-73	265
m0249	m0250	49.6	1.24e-72	264
m0249	m0351	45.1	1.24e-72	264
m0249	m0292	48.7	2.12e-72	263
m0249	m0406	48.8	2.77e-72	263
m0249	m0332	48.2	2.77e-72	263
m0249	m0356	49.8	4.73e-72	262
m0249	m0378	47.7	4.73e-72	262
m0249	m0345	47.8	6.18e-72	262
m0249	m0348	48.5	6.18e-72	262
m0249	m0327	49.3	1.05e-71	261
m0249	m0311	46.3	1.38e-71	261
m0249	m0393	48.5	1.8e-71	260
m0249	m0410	44.7	2.35e-71	260
m0249	m0337	48.0	2.35e-71	260
m0249	m0256	47.7	4e-71	259
m0249	m0282	49.3	4e-71	259
m0249	m0251	48.7	4e-71	259
m0249	m0363	48.1	6.83e-71	258
m0249	m0341	45.5	8.92e-71	258
m0249	m0400	47.5	1.52e-70	257
m0249	m0354	46.1	2.6e-70	257
m0249	m0397	47.0	3.39e-70	256
m0249	m0334	46.2	5.78e-70	255
m0249	m0317	47.1	2.87e-69	253
m0249	m0408	45.4	8.35e-69	252
m0249	m0319	49.6	1.09e-68	251
m0249	m0266	46.2	2.43e-68	250
m0249	m0383	42.9	2.27e-66	243
m0249	m0280	50.0	5.07e-66	242
m0249	m0312	46.8	1.13e-65	241
m0249	m0405	46.9	1.13e-65	241
m0249	m0385	42.7	5.24e-63	232
m0249	m0286	43.4	1.43e-60	224
m0249	m0387	38.6	4.59e-59	219
m0249	m0284	46.2	2.13e-56	210
m0249	m0371	35.1	2.7e-43	167
m0249	m0289	33.1	6.68e-34	136
m0249	m0275	31.6	8.72e-34	135
m0249	m0369	36.0	2.54e-33	134
m0249	m0293	29.7	1.71e-21	94
m0249	m0359	24.5	3.12e-15	74
m0249	m0276	23.5	4.97e-13	66
m0249	m0396	25.9	9.38e-12	62
m0249	m0268	23.3	3.94e-10	57
m0249	m0279	24.4	3.94e-10	57
m0249	m0267	22.8	6.29e-08	49
m0249	m0339	27.4	0.000551	36
m0249	m0307	20.7	0.00209	34
m0249	m0376	32.5	0.00467	33
m0249	m0340	26.5	0.0177	31
m0249	m0362	31.1	0.15	28
m0249	m0367	36.4	1.27	25
m0249	m0257	22.9	1.27	25
m0249	m0375	41.9	2.17	24
m0249	m0384	21.1	4.83	23
m0250	m0330	69.0	6.84e-167	578
m0250	m0400	69.2	8.36e-165	571
m0250	m0282	68.6	4.59e-163	565
m0250	m0261	65.3	1.09e-156	544
m0250	m0280	63.2	4.62e-139	485
m0250	m0317	54.5	8.73e-130	455
m0250	m0348	58.7	1.3e-125	441
m0250	m0297	56.9	3.8e-125	439
m0250	m0393	58.8	2.72e-123	433
m0250	m0327	73.6	1.76e-122	430
m0250	m0321	60.8	1.14e-121	428
m0250	m0332	57.1	2.55e-121	426
m0250	m0345	56.5	5.67e-121	425
m0250	m0256	68.6	4.8e-120	422
m0250	m0342	59.9	6.27e-120	422
m0250	m0363	55.3	1.4e-119	421
m0250	m0378	55.9	5.31e-119	419
m0250	m0335	74.6	5.87e-118	415
m0250	m0349	57.6	5.87e-118	415
m0250	m0296	71.9	1.35e-114	404
m0250	m0295	53.7	4.35e-113	399
m0250	m0283	50.5	1.15e-105	374
m0250	m0337	49.9	5.7e-105	372
m0250	m0278	49.0	9.72e-105	371
m0250	m0406	62.8	1.66e-104	371
m0250	m0370	62.6	5.52e-100	356
m0250	m0319	50.3	1.36e-98	351
m0250	m0397	46.4	4.84e-96	342
m0250	m0323	62.1	3.13e-95	340
m0250	m0338	61.0	6.98e-95	339
m0250	m0269	59.2	5.53e-92	329
m0250	m0405	51.1	1.19e-86	311
m0250	m0402	54.1	3.72e-80	290
m0250	m0331	54.4	3.15e-79	287
m0250	m0390	54.1	1.56e-78	284
m0250	m0299	53.2	3.85e-77	280
m0250	m0316	50.7	1.62e-75	274
m0250	m0273	50.5	1.16e-73	268
m0250	m0380	52.0	1.51e-73	268
m0250	m0306	52.0	1.28e-72	265
m0250	m0336	52.5	9.18e-71	258
m0250	m0264	47.9	1.73e-69	254
m0250	m0394	49.8	3.86e-69	253
m0250	m0388	50.4	8.59e-69	252
m0250	m0377	51.3	5.57e-68	249
m0250	m0368	48.4	8.04e-67	245
m0250	m0309	47.6	6.81e-66	242
m0250	m0305	47.3	2.59e-65	240
m0250	m0382	48.6	4.41e-65	240
m0250	m0343	49.1	9.83e-65	238
m0250	m0398	48.1	1.68e-64	238
m0250	m0294	47.9	6.37e-64	236
m0250	m0314	46.3	8.32e-64	235
m0250	m0274	47.0	2.42e-63	234
m0250	m0372	47.7	2.42e-63	234
m0250	m0365	47.3	3.16e-63	233
m0250	m0254	45.2	5.05e-61	226
m0250	m0328	46.6	4.28e-60	223
m0250	m0408	44.8	4.73e-59	220
m0250	m0364	42.1	8.34e-56	209
m0250	m0354	41.3	4.29e-52	196
m0250	m0387	41.5	4.29e-52	196
m0250	m0341	40.6	1.63e-51	195
m0250	m0385	42.1	3.4e-49	187
m0250	m0286	39.9	4.43e-49	186
m0250	m0334	43.8	2.87e-48	184
m0250	m0356	40.0	1.09e-47	182
m0250	m0292	39.1	1.43e-47	181
m0250	m0311	38.1	7.08e-47	179
m0250	m0266	38.1	9.25e-47	179
m0250	m0383	38.9	1.21e-46	178
m0250	m0251	39.0	1.34e-45	175
m0250	m0410	38.3	2.97e-45	174
m0250	m0351	38.0	5.07e-45	173
m0250	m0312	38.8	6.63e-45	173
m0250	m0284	41.2	8.1e-43	166
m0250	m0371	34.2	4.31e-36	143
m0250	m0369	31.7	1.34e-29	122
m0250	m0275	33.8	1.75e-29	121
m0250	m0289	29.4	4.94e-24	103
m0250	m0279	30.9	4.05e-18	84
m0250	m0293	24.9	9.97e-17	79
m0250	m0396	30.3	3.55e-14	70
m0250	m0276	26.8	3.92e-13	67
m0250	m0359	25.4	1.95e-12	65
m0250	m0267	27.1	6.26e-11	60
m0250	m0268	29.0	1.07e-10	59
m0250	m0307	24.1	0.000333	37
m0250	m0324	25.4	0.00216	35
m0250	m0340	28.9	0.0048	33
m0250	m0376	25.3	0.0082	33
m0250	m0339	36.2	0.014	32
m0250	m0333	39.1	0.202	28
m0250	m0257	27.9	1.31	25
m0250	m0410	23.9	1.71	25
m0250	m0318	26.7	2.23	25
m0250	m0267	50.0	2.23	25
m0250	m0350	35.1	3.81	24
m0251	m0312	69.6	3.51e-115	406
m0251	m0356	61.0	6.63e-106	375
m0251	m0383	62.1	1.8e-103	367
m0251	m0351	57.1	1.69e-101	360
m0251	m0292	58.4	2.21e-101	360
m0251	m0311	57.0	2.98e-98	349
m0251	m0410	60.4	2.61e-94	336
m0251	m0266	53.7	2.62e-78	283
m0251	m0385	50.7	4.19e-76	276
m0251	m0354	52.1	2.3e-74	270
m0251	m0402	49.3	1.49e-73	267
m0251	m0328	52.0	3.32e-73	266
m0251	m0299	53.1	3.32e-73	266
m0251	m0314	50.5	1.65e-72	264
m0251	m0273	46.4	1.82e-71	260
m0251	m0382	50.0	1.82e-71	260
m0251	m0306	50.5	5.3e-71	259
m0251	m0377	50.6	5.3e-71	259
m0251	m0390	47.7	4.49e-70	256
m0251	m0264	49.3	3.8e-69	253
m0251	m0398	46.3	6.48e-69	252
m0251	m0336	48.6	6.48e-69	252
m0251	m0388	46.2	3.22e-68	250
m0251	m0316	48.7	1.6e-67	247
m0251	m0331	48.2	5.13e-66	242
m0251	m0380	44.8	1.14e-65	241
m0251	m0368	44.3	1.14e-65	241
m0251	m0309	46.1	2.82e-64	236
m0251	m0372	44.5	3.44e-62	230
m0251	m0365	43.8	2.91e-61	226
m0251	m0305	43.8	4.97e-61	226
m0251	m0341	45.6	1.6e-59	221
m0251	m0254	43.2	4.65e-59	219
m0251	m0294	42.7	4.65e-59	219
m0251	m0343	41.1	1.04e-58	218
m0251	m0394	41.5	1.04e-58	218
m0251	m0364	42.8	1.35e-58	218
m0251	m0334	43.1	3.69e-56	210
m0251	m0274	41.1	4.22e-52	196
m0251	m0408	39.6	1.6e-51	194
m0251	m0397	40.7	6.09e-51	192
m0251	m0371	36.5	6.09e-51	192
m0251	m0387	37.3	6.09e-51	192
m0251	m0284	40.5	1.15e-49	188
m0251	m0323	40.5	5.7e-49	186
m0251	m0282	40.5	3.7e-48	183
m0251	m0296	38.8	8.23e-48	182
m0251	m0280	40.1	1.08e-47	181
m0251	m0338	41.0	1.4e-47	181
m0251	m0269	39.3	1.83e-47	181
m0251	m0286	38.3	4.09e-47	179
m0251	m0297	40.1	9.1e-47	178
m0251	m0406	39.2	9.1e-47	178
m0251	m0370	39.7	3.46e-46	176
m0251	m0349	37.0	7.71e-46	175
m0251	m0330	37.8	7.71e-46	175
m0251	m0400	39.2	2.93e-45	173
m0251	m0283	37.5	4.99e-45	173
m0251	m0342	39.9	1.11e-44	171
m0251	m0319	38.8	1.11e-44	171
m0251	m0393	38.7	1.9e-44	171
m0251	m0345	39.5	2.48e-44	170
m0251	m0348	39.1	3.24e-44	170
m0251	m0321	38.0	3.24e-44	170
m0251	m0256	39.5	3.24e-44	170
m0251	m0363	38.4	3.24e-44	170
m0251	m0405	38.7	7.21e-44	169
m0251	m0295	39.9	7.21e-44	169
m0251	m0317	39.3	7.21e-44	169
m0251	m0337	36.9	7.21e-44	169
m0251	m0278	36.2	7.21e-44	169
m0251	m0332	38.7	1.61e-43	168
m0251	m0335	38.0	1.61e-43	168
m0251	m0378	38.4	2.74e-43	167
m0251	m0261	36.9	3.58e-43	166
m0251	m0327	38.3	2.32e-42	164
m0251	m0369	34.2	2.03e-38	151
m0251	m0275	33.5	6.54e-37	146
m0251	m0289	29.3	1.56e-30	124
m0251	m0359	26.2	9.49e-20	89
m0251	m0293	28.1	2.11e-19	87
m0251	m0276	26.6	2.05e-14	71
m0251	m0268	24.4	1.09e-07	49
m0251	m0340	32.0	0.000192	38
m0251	m0376	28.3	0.000559	36
m0251	m0409	24.4	0.00362	33
m0251	m0340	26.1	0.00473	33
m0251	m0280	33.3	0.152	28
m0251	m0348	50.0	3.75	23
m0253	m0277	48.4	2.99e-74	270
m0253	m0320	44.7	2.62e-70	257
m0253	m0386	42.8	2.81e-64	236
m0253	m0389	38.6	1.95e-57	214
m0253	m0288	39.5	3.8e-53	200
m0253	m0412	37.1	4.97e-53	199
m0253	m0315	39.9	4.97e-53	199
m0253	m0353	37.7	1.4e-47	181
m0253	m0404	36.7	1.89e-44	171
m0253	m0285	33.7	1.77e-42	164
m0253	m0357	35.5	3.34e-41	160
m0253	m0384	34.4	2.39e-39	154
m0253	m0361	35.1	1.19e-38	151
m0253	m0258	33.9	4.67e-35	139
m0253	m0379	28.8	1.04e-26	112
m0253	m0270	27.6	1.36e-26	111
m0253	m0281	19.3	0.753	26
m0253	m0333	33.8	1.28	25
m0253	m0392	26.8	1.68	25
m0254	m0299	55.6	5.88e-88	315
m0254	m0390	55.4	1.31e-87	314
m0254	m0316	55.7	5.5e-86	309
m0254	m0402	54.0	1.96e-83	300
m0254	m0273	53.8	1.27e-82	297
m0254	m0388	55.7	6.3e-82	295
m0254	m0264	52.1	8.23e-82	295
m0254	m0331	52.5	8.23e-82	295
m0254	m0382	53.2	1.55e-80	290
m0254	m0377	54.1	1.55e-80	290
m0254	m0306	50.7	1.11e-78	284
m0254	m0336	54.6	2.48e-78	283
m0254	m0380	51.4	7.21e-78	282
m0254	m0372	52.8	7.21e-78	282
m0254	m0314	51.0	3.03e-76	276
m0254	m0309	50.0	1.96e-75	273
m0254	m0394	50.7	5.71e-75	272
m0254	m0343	48.3	1.27e-74	271
m0254	m0305	48.8	1.32e-71	261
m0254	m0328	50.0	1.23e-69	254
m0254	m0408	46.2	6.11e-69	252
m0254	m0398	47.3	1.97e-67	247
m0254	m0365	47.9	2.57e-67	247
m0254	m0294	44.7	1.56e-64	237
m0254	m0274	45.2	5.92e-64	235
m0254	m0364	46.3	1.32e-63	234
m0254	m0269	45.7	1.72e-63	234
m0254	m0341	44.9	1.72e-63	234
m0254	m0338	43.7	2.11e-61	227
m0254	m0311	43.2	4.69e-61	226
m0254	m0330	44.8	8e-61	225
m0254	m0323	42.1	3.97e-60	223
m0254	m0351	43.3	3.97e-60	223
m0254	m0406	42.9	8.85e-60	221
m0254	m0280	46.1	8.85e-60	221
m0254	m0363	44.0	1.16e-59	221
m0254	m0400	44.7	1.51e-59	221
m0254	m0368	42.9	1.97e-59	220
m0254	m0393	44.9	1.97e-59	220
m0254	m0349	44.4	7.49e-59	218
m0254	m0348	44.7	7.49e-59	218
m0254	m0321	44.0	9.79e-59	218
m0254	m0292	44.9	9.79e-59	218
m0254	m0383	43.2	1.28e-58	218
m0254	m0296	45.6	1.67e-58	217
m0254	m0335	43.6	2.18e-58	217
m0254	m0332	44.0	2.18e-58	217
m0254	m0378	43.1	2.85e-58	216
m0254	m0286	43.3	4.86e-58	216
m0254	m0295	41.4	4.86e-58	216
m0254	m0342	43.7	4.86e-58	216
m0254	m0282	44.9	6.34e-58	215
m0254	m0327	43.0	2.41e-57	213
m0254	m0345	42.7	3.15e-57	213
m0254	m0410	43.6	7.01e-57	212
m0254	m0356	41.7	9.16e-57	211
m0254	m0256	42.4	1.56e-56	211
m0254	m0283	43.4	5.94e-56	209
m0254	m0354	41.8	7.75e-56	208
m0254	m0297	43.3	1.01e-55	208
m0254	m0319	44.9	1.01e-55	208
m0254	m0370	42.4	2.95e-55	206
m0254	m0278	43.3	8.57e-55	205
m0254	m0261	42.2	1.91e-54	204
m0254	m0266	40.6	4.25e-54	203
m0254	m0387	41.9	1.24e-53	201
m0254	m0405	41.1	2.11e-53	200
m0254	m0337	42.1	3.6e-53	200
m0254	m0334	46.2	4.7e-53	199
m0254	m0317	38.9	3.05e-52	196
m0254	m0397	41.1	3.05e-52	196
m0254	m0312	38.2	5.2e-52	196
m0254	m0385	40.8	5.2e-52	196
m0254	m0284	43.0	1.98e-43	167
m0254	m0371	35.4	5.22e-36	143
m0254	m0369	33.5	1.86e-33	134
m0254	m0275	30.5	7.06e-33	132
m0254	m0289	31.3	3.63e-29	120
m0254	m0293	25.6	1.06e-20	92
m0254	m0279	28.6	2.06e-16	77
m0254	m0359	23.8	2.28e-15	74
m0254	m0276	26.5	8.67e-15	72
m0254	m0396	27.2	3.08e-12	64
m0254	m0268	27.3	4.45e-11	60
m0254	m0267	29.6	1.3e-10	58
m0254	m0307	22.4	1.21e-08	52
m0254	m0409	29.1	2.29e-07	47
m0254	m0340	28.7	2.14e-05	41
m0254	m0376	27.8	2.8e-05	40
m0254	m0339	26.6	0.0009	35
m0254	m0322	25.3	0.00153	35
m0254	m0399	25.7	0.00761	32
m0254	m0324	26.8	0.0645	29
m0254	m0301	40.0	0.0645	29
m0254	m0367	44.4	0.546	26
m0254	m0411	26.0	6.03	23
m0254	m0307	28.2	7.88	22
m0255	m0347	76.2	9.51e-97	344
m0255	m0355	54.0	1.64e-56	210
m0255	m0401	47.1	1.39e-47	181
m0255	m0281	30.6	4.51e-22	96
m0255	m0260	25.3	7.98e-11	59
m0255	m0326	23.5	2.4e-07	47
m0255	m0374	23.9	1.01e-05	42
m0255	m0269	28.0	0.008	32
m0255	m0323	25.4	0.0397	30
m0255	m0275	27.3	0.749	25
m0255	m0353	27.8	0.749	25
m0255	m0369	28.2	3.72	23
m0255	m0343	35.1	4.85	23
m0256	m0345	88.8	4.22e-245	838
m0256	m0342	86.7	1.96e-242	829
m0256	m0378	87.2	1.08e-240	823
m0256	m0348	86.8	9.11e-240	820
m0256	m0332	85.7	1.55e-239	819
m0256	m0393	84.7	2.93e-238	815
m0256	m0321	84.3	5.37e-224	768
m0256	m0363	81.8	7.51e-218	747
m0256	m0400	77.3	2.15e-156	543
m0256	m0337	55.7	1.15e-141	494
m0256	m0278	55.2	2.82e-140	490
m0256	m0319	58.3	4.66e-135	472
m0256	m0397	52.6	1.27e-132	464
m0256	m0283	55.2	1.66e-132	464
m0256	m0295	53.0	1.55e-130	457
m0256	m0261	68.7	8.25e-124	435
m0256	m0330	56.4	4.24e-112	396
m0256	m0296	68.6	1.61e-111	394
m0256	m0282	53.1	3.04e-110	390
m0256	m0280	55.4	3.36e-109	386
m0256	m0349	56.9	1.85e-107	381
m0256	m0327	61.4	9.16e-107	378
m0256	m0335	61.7	4.55e-106	376
m0256	m0406	59.7	1.16e-101	361
m0256	m0323	60.3	1.85e-99	354
m0256	m0269	61.5	2.05e-98	351
m0256	m0338	61.3	2.67e-98	350
m0256	m0405	51.0	4.26e-96	343
m0256	m0370	59.5	2.12e-95	341
m0256	m0317	43.6	2.19e-92	330
m0256	m0297	46.6	1.92e-88	317
m0256	m0402	53.2	1.99e-77	281
m0256	m0331	52.6	4.43e-77	280
m0256	m0299	54.7	1.68e-76	278
m0256	m0390	52.7	2.69e-74	270
m0256	m0316	49.8	3.51e-74	270
m0256	m0273	48.1	6.86e-70	256
m0256	m0306	49.3	4.44e-69	253
m0256	m0394	48.4	8.38e-68	249
m0256	m0264	43.3	1.43e-67	248
m0256	m0343	48.5	1.43e-67	248
m0256	m0309	46.3	6.01e-66	243
m0256	m0380	48.2	7.84e-66	242
m0256	m0388	48.0	1.34e-65	242
m0256	m0336	48.9	2.52e-64	237
m0256	m0398	47.9	3.3e-64	237
m0256	m0305	44.8	2.14e-63	234
m0256	m0368	45.1	1.81e-62	231
m0256	m0377	45.0	3.08e-62	230
m0256	m0382	47.6	3.08e-62	230
m0256	m0274	46.0	4.03e-62	230
m0256	m0365	45.1	8.97e-62	229
m0256	m0372	46.0	1.3e-60	225
m0256	m0294	45.7	4.92e-60	223
m0256	m0314	43.5	2.44e-59	221
m0256	m0328	45.1	6.66e-57	213
m0256	m0408	40.1	2.37e-54	204
m0256	m0354	42.9	2.89e-52	197
m0256	m0311	40.7	1.59e-50	191
m0256	m0334	43.6	3.54e-50	190
m0256	m0364	39.6	2.99e-49	187
m0256	m0351	39.8	5.11e-49	186
m0256	m0292	39.5	8.71e-49	186
m0256	m0266	40.3	1.14e-48	185
m0256	m0383	37.2	7.38e-48	183
m0256	m0410	41.1	3.66e-47	180
m0256	m0385	39.4	1.39e-46	178
m0256	m0341	41.9	1.39e-46	178
m0256	m0356	41.4	5.29e-46	176
m0256	m0284	41.4	7.63e-45	173
m0256	m0312	38.8	2.22e-44	171
m0256	m0387	36.9	2.46e-43	168
m0256	m0286	38.3	7.14e-43	166
m0256	m0371	35.3	1.7e-36	145
m0256	m0275	30.6	1.03e-33	136
m0256	m0369	33.9	5.13e-33	133
m0256	m0289	30.8	2.91e-28	117
m0256	m0396	29.3	7.19e-19	86
m0256	m0279	32.5	2.31e-17	81
m0256	m0293	26.0	2.56e-16	78
m0256	m0276	27.6	1.55e-13	69
m0256	m0359	24.3	1.01e-12	66
m0256	m0267	25.3	3.82e-12	64
m0256	m0268	28.6	1.23e-10	59
m0256	m0409	25.9	3.7e-07	47
m0256	m0307	22.7	2.4e-06	45
m0256	m0376	32.7	0.000654	37
m0256	m0324	24.7	0.00111	36
m0256	m0339	32.3	0.00723	33
m0256	m0340	45.9	0.021	32
m0256	m0257	25.2	0.0359	31
m0256	m0411	28.6	0.0359	31
m0256	m0399	29.4	0.178	28
m0256	m0334	23.0	0.304	28
m0256	m0322	37.2	1.51	25
m0256	m0367	34.9	1.97	25
m0256	m0403	27.6	1.97	25
m0256	m0384	37.1	5.73	23
m0257	m0340	27.5	3.47e-07	47
m0257	m0328	28.4	1.32e-06	45
m0257	m0338	28.0	2.93e-06	44
m0257	m0314	32.3	1.9e-05	41
m0257	m0376	28.0	2.48e-05	40
m0257	m0268	22.6	7.23e-05	39
m0257	m0382	25.4	9.44e-05	39
m0257	m0269	26.2	0.000123	38
m0257	m0309	26.2	0.000275	37
m0257	m0306	25.0	0.000612	36
m0257	m0274	25.3	0.000799	35
m0257	m0388	27.9	0.000799	35
m0257	m0323	28.9	0.00104	35
m0257	m0341	28.0	0.00232	34
m0257	m0273	29.6	0.00304	33
m0257	m0372	24.3	0.00676	32
m0257	m0342	25.2	0.00883	32
m0257	m0402	26.3	0.00883	32
m0257	m0289	24.8	0.00883	32
m0257	m0332	25.2	0.0115	32
m0257	m0345	25.2	0.0151	31
m0257	m0368	25.7	0.0151	31
m0257	m0377	25.4	0.0197	31
m0257	m0321	25.2	0.0257	30
m0257	m0336	24.4	0.0257	30
m0257	m0297	24.5	0.0257	30
m0257	m0408	25.7	0.0336	30
m0257	m0380	25.4	0.0438	30
m0257	m0283	26.2	0.0573	29
m0257	m0278	26.2	0.0748	29
m0257	m0343	23.4	0.0748	29
m0257	m0280	27.2	0.0977	28
m0257	m0394	25.2	0.0977	28
m0257	m0305	22.7	0.0977	28
m0257	m0294	26.5	0.0977	28
m0257	m0370	25.4	0.128	28
m0257	m0365	24.3	0.128	28
m0257	m0400	27.9	0.167	28
m0257	m0296	27.5	0.218	27
m0257	m0327	32.6	0.284	27
m0257	m0337	25.4	0.284	27
m0257	m0335	34.8	0.371	27
m0257	m0364	52.0	0.485	26
m0257	m0282	24.1	0.485	26
m0257	m0405	27.5	0.633	26
m0257	m0349	22.3	0.633	26
m0257	m0284	26.6	0.633	26
m0257	m0370	28.1	1.08	25
m0257	m0330	23.8	1.84	24
m0257	m0334	40.0	2.41	24
m0257	m0319	24.4	3.14	23
m0257	m0271	42.1	7	22
m0257	m0319	29.6	7	22
m0257	m0283	24.5	7	22
m0257	m0289	25.0	9.14	22
m0258	m0357	42.2	1.02e-47	181
m0258	m0389	39.0	1.63e-45	174
m0258	m0353	39.1	2.21e-42	164
m0258	m0412	35.0	8.38e-42	162
m0258	m0315	35.1	4.76e-37	146
m0258	m0404	34.1	2e-35	141
m0258	m0386	35.2	3.41e-35	140
m0258	m0320	34.9	8.4e-34	135
m0258	m0384	35.6	1.43e-33	134
m0258	m0288	35.7	2.29e-31	127
m0258	m0379	35.2	3.9e-31	126
m0258	m0277	40.9	6.66e-31	126
m0258	m0315	41.8	1.94e-30	124
m0258	m0270	32.2	2e-27	114
m0258	m0361	34.9	1.44e-25	108
m0258	m0288	41.0	1.59e-24	104
m0258	m0285	36.2	1.7e-18	84
m0258	m0277	35.3	7.16e-09	52
m0258	m0285	41.5	1.65e-05	41
m0258	m0380	34.9	2.09	24
m0258	m0396	34.8	4.65	23
m0259	m0318	25.4	4.89	24
m0260	m0281	32.2	2e-20	90
m0260	m0374	33.0	1.94e-15	74
m0260	m0326	31.3	7.37e-15	72
m0260	m0355	29.9	8.14e-14	68
m0260	m0401	24.7	2.45e-10	57
m0260	m0347	24.7	2.71e-09	53
m0260	m0349	31.0	0.0246	30
m0261	m0400	71.5	7.52e-177	611
m0261	m0330	65.4	6.2e-155	538
m0261	m0282	63.7	2.44e-151	526
m0261	m0317	55.0	1.26e-131	461
m0261	m0297	56.1	6.9e-130	455
m0261	m0321	68.1	7.9e-126	441
m0261	m0332	60.4	1.35e-125	441
m0261	m0393	66.7	3e-125	439
m0261	m0342	69.4	6.68e-125	438
m0261	m0348	69.1	2.38e-122	430
m0261	m0345	66.9	9.03e-122	428
m0261	m0378	58.1	2.01e-121	427
m0261	m0363	59.6	7.65e-121	425
m0261	m0280	54.9	5.13e-117	412
m0261	m0349	55.2	4.65e-110	389
m0261	m0296	68.5	2.16e-107	380
m0261	m0327	65.5	2.92e-104	370
m0261	m0295	63.9	5.51e-103	366
m0261	m0319	51.7	1.23e-102	364
m0261	m0337	48.8	1.77e-101	361
m0261	m0323	63.6	5.7e-100	356
m0261	m0406	64.3	1.66e-99	354
m0261	m0335	64.6	1.66e-99	354
m0261	m0269	63.6	2.17e-99	354
m0261	m0278	49.3	6.3e-99	352
m0261	m0283	49.6	3.13e-98	350
m0261	m0338	62.9	4.51e-97	346
m0261	m0370	62.7	6.52e-96	342
m0261	m0397	48.2	6.75e-93	332
m0261	m0405	52.7	8.27e-83	299
m0261	m0331	56.9	3.47e-81	293
m0261	m0402	53.8	1.12e-79	288
m0261	m0390	54.4	1.37e-77	281
m0261	m0299	54.0	2.85e-75	273
m0261	m0316	52.2	8.29e-75	272
m0261	m0380	54.8	1.41e-74	271
m0261	m0273	50.0	6.56e-72	262
m0261	m0306	51.1	9.48e-71	258
m0261	m0394	50.2	4.7e-70	256
m0261	m0264	47.6	3.98e-69	253
m0261	m0336	50.0	1.51e-68	251
m0261	m0309	50.0	7.51e-68	249
m0261	m0305	47.4	2.19e-67	247
m0261	m0388	49.5	4.87e-67	246
m0261	m0398	50.8	1.08e-66	245
m0261	m0372	48.2	1.2e-65	242
m0261	m0377	49.1	7.77e-65	239
m0261	m0343	48.1	1.73e-64	238
m0261	m0365	45.5	2.95e-64	237
m0261	m0368	47.1	5.04e-64	236
m0261	m0382	48.0	1.47e-63	235
m0261	m0274	45.4	1.62e-62	231
m0261	m0314	45.7	5.21e-61	226
m0261	m0294	47.7	5.21e-61	226
m0261	m0328	46.4	5.76e-60	223
m0261	m0364	43.6	3.62e-54	203
m0261	m0408	41.6	3.06e-53	200
m0261	m0354	41.6	1.68e-51	195
m0261	m0266	40.1	3.17e-50	190
m0261	m0341	39.6	3.51e-49	187
m0261	m0334	41.3	1.92e-47	181
m0261	m0311	40.1	5.6e-47	179
m0261	m0356	40.9	9.55e-47	179
m0261	m0383	37.2	3.63e-46	177
m0261	m0286	38.8	3.07e-45	174
m0261	m0385	38.2	4.01e-45	173
m0261	m0351	39.0	5.24e-45	173
m0261	m0387	36.9	5.24e-45	173
m0261	m0410	36.7	8.93e-45	172
m0261	m0292	37.8	4.43e-44	170
m0261	m0312	38.1	3.75e-43	167
m0261	m0284	37.8	4.15e-42	163
m0261	m0371	33.1	3.52e-33	134
m0261	m0275	34.0	1.25e-30	125
m0261	m0369	35.9	1.81e-29	121
m0261	m0289	30.6	4.31e-23	100
m0261	m0279	29.6	1.26e-14	72
m0261	m0276	26.3	6.25e-14	70
m0261	m0396	28.6	5.29e-13	67
m0261	m0293	25.2	2.01e-12	65
m0261	m0268	27.7	4.19e-10	57
m0261	m0267	24.5	7.15e-10	56
m0261	m0359	22.4	2.3e-08	51
m0261	m0409	26.7	1.65e-06	45
m0261	m0307	22.6	5.3e-05	40
m0261	m0280	28.4	0.000263	38
m0261	m0399	25.1	0.0038	34
m0261	m0376	32.2	0.00648	33
m0261	m0318	27.9	0.0188	32
m0261	m0324	22.1	0.0935	29
m0261	m0340	30.3	0.0935	29
m0261	m0367	28.1	0.0935	29
m0261	m0411	28.2	0.16	28
m0261	m0339	20.5	0.606	27
m0261	m0273	27.8	0.792	26
m0261	m0408	26.2	0.792	26
m0262	m0392	55.5	1.1e-124	438
m0262	m0263	50.8	4.98e-109	386
m0262	m0324	26.0	0.118	29
m0262	m0348	21.7	3.81	24
m0262	m0404	36.0	8.48	23
m0263	m0392	46.6	1.45e-100	357
m0263	m0324	31.1	0.262	28
m0263	m0271	32.7	0.262	28
m0263	m0276	22.2	0.447	27
m0263	m0307	31.5	1.7	25
m0263	m0268	24.3	4.95	23
m0264	m0402	66.1	7.59e-110	388
m0264	m0388	62.2	4.31e-105	372
m0264	m0306	61.8	8.13e-104	368
m0264	m0377	61.4	1.39e-103	367
m0264	m0336	64.0	4.03e-103	366
m0264	m0331	60.5	5.27e-103	365
m0264	m0328	65.6	2.89e-101	359
m0264	m0314	59.5	6.44e-101	358
m0264	m0273	59.9	1.75e-98	350
m0264	m0299	58.0	3.91e-98	349
m0264	m0380	61.8	9.62e-97	344
m0264	m0390	57.4	2.14e-96	343
m0264	m0394	57.2	1.59e-91	327
m0264	m0305	55.3	3e-90	323
m0264	m0316	54.0	6.68e-90	322
m0264	m0372	54.9	1.94e-89	320
m0264	m0382	55.0	1.26e-88	317
m0264	m0398	57.1	2.63e-86	310
m0264	m0309	52.8	2.63e-86	310
m0264	m0343	49.3	2.63e-78	283
m0264	m0365	50.4	1e-77	281
m0264	m0364	49.5	1.71e-77	280
m0264	m0294	50.9	1.11e-76	278
m0264	m0368	48.9	1.6e-75	274
m0264	m0341	50.0	6.07e-75	272
m0264	m0351	47.6	7.93e-75	272
m0264	m0330	47.1	5.68e-73	265
m0264	m0274	47.9	1.27e-72	264
m0264	m0292	50.9	3.68e-72	263
m0264	m0311	48.9	8.2e-72	262
m0264	m0323	45.8	1.07e-71	261
m0264	m0406	48.1	1.4e-71	261
m0264	m0327	45.8	2.64e-70	257
m0264	m0338	46.0	2.64e-70	257
m0264	m0400	44.7	3.45e-70	256
m0264	m0335	46.7	3.45e-70	256
m0264	m0295	46.0	4.5e-70	256
m0264	m0349	47.1	1e-69	255
m0264	m0332	45.5	1.31e-69	254
m0264	m0296	44.9	1.31e-69	254
m0264	m0297	47.7	2.92e-69	253
m0264	m0410	44.5	6.5e-69	252
m0264	m0278	44.0	8.49e-69	252
m0264	m0345	43.9	1.11e-68	251
m0264	m0342	44.7	1.45e-68	251
m0264	m0282	47.8	1.45e-68	251
m0264	m0363	45.5	1.89e-68	250
m0264	m0269	48.0	2.47e-68	250
m0264	m0321	45.1	5.5e-68	249
m0264	m0393	43.8	5.5e-68	249
m0264	m0370	43.8	1.23e-67	248
m0264	m0378	43.7	2.73e-67	247
m0264	m0383	46.3	7.95e-67	245
m0264	m0334	47.1	7.95e-67	245
m0264	m0356	45.0	1.77e-66	244
m0264	m0280	47.1	3.94e-66	243
m0264	m0337	44.7	5.15e-66	242
m0264	m0266	45.3	6.73e-66	242
m0264	m0283	44.4	1.96e-65	240
m0264	m0348	43.7	1.96e-65	240
m0264	m0312	46.8	2.56e-65	240
m0264	m0354	44.5	5.69e-65	239
m0264	m0397	43.3	6.96e-63	232
m0264	m0319	45.7	2.24e-61	227
m0264	m0405	44.4	2.24e-61	227
m0264	m0317	41.0	8.51e-61	225
m0264	m0408	41.7	1.45e-60	224
m0264	m0284	50.2	6.1e-59	219
m0264	m0286	42.0	1.36e-58	218
m0264	m0385	43.8	6.74e-58	215
m0264	m0387	40.8	5.71e-57	212
m0264	m0371	33.3	1.41e-39	154
m0264	m0289	33.1	1.85e-31	127
m0264	m0275	32.4	4.12e-31	126
m0264	m0369	31.3	8.59e-29	119
m0264	m0293	29.5	6.37e-24	102
m0264	m0359	26.3	8.91e-18	82
m0264	m0276	25.3	9.22e-15	72
m0264	m0267	24.6	8.93e-10	55
m0264	m0279	25.0	1.99e-09	54
m0264	m0268	25.1	1.68e-08	51
m0264	m0409	25.7	1.43e-07	48
m0264	m0307	23.3	0.018	31
m0264	m0324	22.0	0.018	31
m0264	m0339	22.3	0.0308	30
m0264	m0399	31.5	0.0308	30
m0264	m0340	26.9	0.0525	30
m0264	m0376	33.9	0.199	28
m0264	m0411	27.4	0.199	28
m0264	m0367	25.9	0.989	25
m0265	m0272	37.2	1.7e-71	261
m0265	m0325	39.4	1.44e-70	258
m0265	m0346	38.3	2.46e-62	231
m0265	m0362	29.2	5.91e-32	130
m0265	m0302	30.4	5.01e-23	100
m0265	m0358	23.7	4.54e-16	77
m0265	m0302	24.8	9.18e-09	53
m0265	m0270	28.1	0.142	29
m0265	m0355	27.0	0.413	27
m0265	m0409	100.0	0.704	27
m0265	m0385	60.0	0.704	27
m0265	m0376	100.0	0.704	27
m0265	m0268	100.0	0.704	27
m0265	m0340	100.0	0.704	27
m0266	m0354	78.6	6.6e-130	455
m0266	m0312	52.6	2.23e-77	280
m0266	m0382	51.4	9.36e-76	275
m0266	m0356	54.5	3.56e-75	273
m0266	m0380	50.9	6.07e-75	272
m0266	m0311	49.7	1.35e-74	271
m0266	m0306	51.3	2.31e-74	270
m0266	m0402	50.9	3.01e-74	270
m0266	m0351	47.9	8.76e-74	268
m0266	m0292	47.2	1.95e-73	267
m0266	m0273	49.8	5.68e-73	265
m0266	m0331	50.2	7.42e-73	265
m0266	m0410	46.1	1.55e-70	257
m0266	m0383	48.1	3.45e-70	256
m0266	m0314	49.0	1.31e-69	254
m0266	m0299	50.4	1.71e-69	254
m0266	m0385	46.2	2.92e-69	253
m0266	m0336	47.7	8.49e-69	252
m0266	m0328	52.6	1.11e-68	251
m0266	m0309	47.9	1.11e-68	251
m0266	m0398	47.9	9.39e-68	248
m0266	m0390	48.8	9.39e-68	248
m0266	m0388	45.0	6.08e-67	245
m0266	m0341	47.4	7.95e-67	245
m0266	m0316	45.0	1.04e-66	245
m0266	m0394	46.4	8.78e-66	242
m0266	m0377	45.3	2.56e-65	240
m0266	m0368	42.3	2.64e-62	230
m0266	m0294	46.5	5.89e-62	229
m0266	m0372	43.2	2.24e-61	227
m0266	m0364	43.8	1.45e-60	224
m0266	m0283	44.8	1.23e-59	221
m0266	m0305	43.1	1.23e-59	221
m0266	m0370	44.7	2.1e-59	220
m0266	m0274	40.9	3.95e-58	216
m0266	m0278	44.6	3.95e-58	216
m0266	m0337	42.4	5.16e-58	216
m0266	m0343	41.5	4.37e-57	213
m0266	m0365	40.3	5.71e-57	212
m0266	m0397	42.3	9.11e-55	205
m0266	m0269	40.2	1.01e-53	201
m0266	m0323	40.9	1.32e-53	201
m0266	m0334	41.7	3.83e-53	200
m0266	m0387	39.3	4.23e-52	196
m0266	m0296	41.4	5.53e-52	196
m0266	m0408	37.7	1.23e-51	195
m0266	m0363	40.8	1.61e-51	194
m0266	m0317	39.2	2.74e-51	193
m0266	m0321	40.4	3.58e-51	193
m0266	m0319	42.5	4.68e-51	193
m0266	m0349	39.0	2.32e-50	190
m0266	m0342	40.9	3.96e-50	190
m0266	m0335	36.8	3.96e-50	190
m0266	m0371	38.8	5.17e-50	189
m0266	m0286	37.8	5.17e-50	189
m0266	m0393	40.8	6.76e-50	189
m0266	m0332	41.0	8.83e-50	188
m0266	m0400	40.0	8.83e-50	188
m0266	m0282	39.8	1.15e-49	188
m0266	m0338	37.6	1.15e-49	188
m0266	m0348	40.7	2.57e-49	187
m0266	m0405	38.4	2.57e-49	187
m0266	m0330	38.3	9.76e-49	185
m0266	m0297	37.8	2.17e-48	184
m0266	m0378	39.4	2.17e-48	184
m0266	m0345	39.9	2.17e-48	184
m0266	m0280	39.9	1.08e-47	181
m0266	m0327	39.2	1.08e-47	181
m0266	m0284	40.8	5.35e-47	179
m0266	m0406	36.5	9.13e-47	178
m0266	m0295	37.5	3.47e-46	176
m0266	m0275	41.5	5.01e-45	173
m0266	m0369	38.7	5.01e-45	173
m0266	m0289	32.3	9.8e-33	132
m0266	m0293	28.3	2.19e-24	104
m0266	m0359	28.0	1.09e-23	102
m0266	m0268	29.8	2.43e-15	74
m0266	m0279	27.8	4.14e-15	73
m0266	m0276	26.0	1.57e-14	71
m0266	m0396	24.9	3.62e-11	60
m0266	m0376	25.9	3.88e-05	40
m0266	m0267	22.2	5.07e-05	40
m0266	m0307	22.1	0.000561	36
m0266	m0340	27.2	0.00163	35
m0266	m0340	23.8	0.00809	32
m0266	m0344	31.0	0.758	26
m0267	m0330	26.4	9.49e-15	72
m0267	m0282	27.8	9.49e-15	72
m0267	m0370	27.0	2.76e-14	70
m0267	m0363	24.9	4.71e-14	70
m0267	m0349	30.8	6.15e-14	69
m0267	m0321	25.7	1.79e-13	68
m0267	m0348	26.6	3.05e-13	67
m0267	m0316	25.9	3.99e-13	67
m0267	m0279	25.9	3.99e-13	67
m0267	m0319	29.0	5.21e-13	66
m0267	m0331	24.1	8.88e-13	65
m0267	m0387	30.3	1.16e-12	65
m0267	m0393	25.0	1.98e-12	64
m0267	m0286	33.1	1.98e-12	64
m0267	m0283	25.6	1.98e-12	64
m0267	m0378	24.1	2.58e-12	64
m0267	m0342	25.0	4.41e-12	63
m0267	m0317	34.3	4.41e-12	63
m0267	m0388	27.0	5.76e-12	63
m0267	m0328	26.5	5.76e-12	63
m0267	m0405	27.5	7.52e-12	62
m0267	m0332	24.1	7.52e-12	62
m0267	m0397	34.9	7.52e-12	62
m0267	m0345	24.6	1.28e-11	62
m0267	m0390	25.3	1.68e-11	61
m0267	m0337	26.5	1.68e-11	61
m0267	m0278	29.2	1.68e-11	61
m0267	m0327	29.0	2.86e-11	60
m0267	m0402	24.5	2.86e-11	60
m0267	m0365	26.0	3.73e-11	60
m0267	m0305	26.0	4.87e-11	60
m0267	m0296	26.4	6.37e-11	59
m0267	m0368	21.8	8.31e-11	59
m0267	m0400	24.9	8.31e-11	59
m0267	m0408	28.6	8.31e-11	59
m0267	m0314	24.4	1.09e-10	59
m0267	m0299	23.8	1.09e-10	59
m0267	m0280	31.4	1.85e-10	58
m0267	m0406	29.1	1.85e-10	58
m0267	m0335	26.7	3.16e-10	57
m0267	m0377	23.8	4.13e-10	57
m0267	m0297	28.0	4.13e-10	57
m0267	m0323	24.9	9.19e-10	55
m0267	m0295	24.3	1.2e-09	55
m0267	m0341	25.3	1.2e-09	55
m0267	m0364	26.8	1.57e-09	55
m0267	m0276	21.1	2.67e-09	54
m0267	m0334	27.3	3.49e-09	54
m0267	m0269	29.9	4.56e-09	53
m0267	m0273	23.2	5.96e-09	53
m0267	m0336	24.3	1.02e-08	52
m0267	m0306	23.2	1.02e-08	52
m0267	m0284	25.3	1.33e-08	52
m0267	m0289	26.9	2.26e-08	51
m0267	m0338	25.5	3.86e-08	50
m0267	m0396	24.3	5.04e-08	50
m0267	m0294	27.4	8.6e-08	49
m0267	m0343	22.0	2.5e-07	47
m0267	m0293	26.0	4.27e-07	47
m0267	m0309	25.6	4.27e-07	47
m0267	m0372	26.8	7.28e-07	46
m0267	m0398	21.1	7.28e-07	46
m0267	m0382	22.3	7.28e-07	46
m0267	m0394	24.2	9.51e-07	45
m0267	m0354	22.4	6.17e-06	43
m0267	m0356	28.5	8.05e-06	42
m0267	m0380	27.0	1.37e-05	42
m0267	m0371	27.9	6.82e-05	39
m0267	m0307	46.4	0.268	27
m0267	m0324	23.6	1.33	25
m0267	m0281	22.8	2.27	24
m0267	m0329	41.2	5.06	23
m0268	m0292	32.2	1.21e-16	78
m0268	m0382	29.5	4.6e-16	76
m0268	m0316	29.7	7.84e-16	75
m0268	m0311	31.1	3.89e-15	73
m0268	m0273	32.0	5.08e-15	72
m0268	m0341	29.5	8.67e-15	72
m0268	m0275	31.0	8.67e-15	72
m0268	m0299	28.1	8.67e-15	72
m0268	m0351	31.2	1.13e-14	71
m0268	m0354	29.3	1.13e-14	71
m0268	m0294	32.3	1.93e-14	70
m0268	m0289	30.1	3.3e-14	70
m0268	m0390	29.1	5.62e-14	69
m0268	m0369	29.6	1.25e-13	68
m0268	m0334	30.9	1.64e-13	67
m0268	m0387	31.7	2.14e-13	67
m0268	m0408	28.4	6.22e-13	65
m0268	m0309	27.5	1.38e-12	64
m0268	m0276	24.8	1.38e-12	64
m0268	m0402	26.9	1.38e-12	64
m0268	m0336	30.9	3.08e-12	63
m0268	m0365	27.8	5.26e-12	62
m0268	m0372	27.0	6.87e-12	62
m0268	m0364	25.7	6.87e-12	62
m0268	m0280	30.5	8.97e-12	62
m0268	m0331	25.3	8.97e-12	62
m0268	m0394	26.9	1.53e-11	61
m0268	m0348	30.4	1.53e-11	61
m0268	m0345	29.1	2e-11	60
m0268	m0328	27.3	2e-11	60
m0268	m0342	29.8	2.61e-11	60
m0268	m0305	28.2	2.61e-11	60
m0268	m0393	30.4	3.41e-11	60
m0268	m0388	24.3	4.45e-11	59
m0268	m0286	28.9	4.45e-11	59
m0268	m0356	25.1	9.92e-11	58
m0268	m0380	28.7	9.92e-11	58
m0268	m0321	28.4	9.92e-11	58
m0268	m0306	26.7	1.3e-10	58
m0268	m0397	29.6	1.3e-10	58
m0268	m0363	26.7	1.69e-10	57
m0268	m0398	26.3	2.21e-10	57
m0268	m0378	28.4	2.21e-10	57
m0268	m0314	25.0	2.21e-10	57
m0268	m0332	29.1	2.21e-10	57
m0268	m0274	27.4	3.77e-10	56
m0268	m0284	29.9	6.43e-10	55
m0268	m0327	27.7	6.43e-10	55
m0268	m0385	29.8	1.1e-09	55
m0268	m0282	28.2	1.43e-09	54
m0268	m0335	28.4	2.44e-09	54
m0268	m0406	27.8	3.19e-09	53
m0268	m0295	27.8	3.19e-09	53
m0268	m0377	28.6	3.19e-09	53
m0268	m0349	29.0	3.19e-09	53
m0268	m0400	29.8	3.19e-09	53
m0268	m0330	28.4	1.21e-08	51
m0268	m0296	26.9	1.58e-08	51
m0268	m0269	26.3	2.7e-08	50
m0268	m0405	26.6	3.53e-08	50
m0268	m0293	24.6	1.03e-07	48
m0268	m0323	26.0	1.34e-07	48
m0268	m0338	25.0	1.34e-07	48
m0268	m0283	27.1	2.29e-07	47
m0268	m0319	28.1	2.29e-07	47
m0268	m0279	31.7	3.9e-07	46
m0268	m0278	27.1	6.66e-07	45
m0268	m0297	25.4	6.66e-07	45
m0268	m0368	22.7	2.53e-06	44
m0268	m0343	25.4	3.3e-06	43
m0268	m0359	26.7	5.63e-06	42
m0268	m0317	22.9	9.61e-06	42
m0268	m0371	22.4	1.26e-05	41
m0268	m0337	26.5	2.8e-05	40
m0268	m0370	24.7	2.8e-05	40
m0268	m0340	28.3	0.00995	32
m0268	m0340	25.9	0.017	31
m0268	m0344	23.6	0.0494	29
m0268	m0409	52.9	0.188	27
m0268	m0385	100.0	0.32	27
m0268	m0376	100.0	0.32	27
m0268	m0272	100.0	0.32	27
m0268	m0344	25.6	0.546	26
m0268	m0367	21.8	2.07	24
m0268	m0339	27.4	2.07	24
m0268	m0375	30.2	7.88	22
m0269	m0323	82.4	6.55e-135	471
m0269	m0338	82.1	1.23e-133	467
m0269	m0297	69.4	1.92e-110	390
m0269	m0400	61.0	5.06e-103	365
m0269	m0348	62.0	3.07e-100	356
m0269	m0393	62.0	8.93e-100	354
m0269	m0332	60.9	1.17e-99	354
m0269	m0342	61.7	1.99e-99	353
m0269	m0321	62.4	5.79e-99	352
m0269	m0345	60.1	1.29e-98	351
m0269	m0378	61.1	5.42e-97	345
m0269	m0330	55.9	2.06e-96	343
m0269	m0282	58.3	2.28e-95	340
m0269	m0349	60.5	2.28e-95	340
m0269	m0363	57.7	7.32e-94	335
m0269	m0296	60.6	1.63e-93	334
m0269	m0317	57.6	2.13e-93	333
m0269	m0406	59.3	8.1e-93	331
m0269	m0397	61.3	1.38e-92	330
m0269	m0295	56.3	1.53e-91	327
m0269	m0405	57.8	6e-88	315
m0269	m0327	59.4	7.84e-88	315
m0269	m0335	58.3	2.98e-87	313
m0269	m0280	57.2	5.08e-87	312
m0269	m0337	58.1	2.14e-85	307
m0269	m0283	55.4	3.41e-83	299
m0269	m0316	56.0	2.89e-82	296
m0269	m0331	57.4	8.4e-82	295
m0269	m0390	56.8	1.87e-81	294
m0269	m0319	54.7	2.44e-81	293
m0269	m0278	56.2	3.19e-81	293
m0269	m0370	54.4	1.03e-79	288
m0269	m0402	55.1	5.1e-79	285
m0269	m0273	54.8	5.1e-79	285
m0269	m0299	55.8	1.94e-78	283
m0269	m0306	56.3	7.36e-78	282
m0269	m0380	52.6	4.04e-76	276
m0269	m0394	53.7	1.53e-75	274
m0269	m0309	52.7	1.59e-72	264
m0269	m0274	49.5	6.03e-72	262
m0269	m0336	49.6	5.65e-70	255
m0269	m0343	48.6	1.82e-68	250
m0269	m0398	51.5	2.37e-68	250
m0269	m0365	46.2	6.9e-68	248
m0269	m0368	49.1	6.9e-68	248
m0269	m0305	47.8	9.01e-68	248
m0269	m0314	48.6	5.84e-67	245
m0269	m0388	49.8	9.97e-67	245
m0269	m0294	50.2	1.3e-66	244
m0269	m0377	46.9	1.44e-65	241
m0269	m0382	47.8	2.45e-65	240
m0269	m0372	46.9	6.69e-63	232
m0269	m0328	48.1	1.14e-62	231
m0269	m0408	46.4	3.32e-62	230
m0269	m0354	41.5	4.64e-56	209
m0269	m0341	41.9	2.55e-54	203
m0269	m0364	43.5	4.34e-54	203
m0269	m0385	40.7	8.19e-53	198
m0269	m0334	42.8	2.02e-51	194
m0269	m0410	38.7	2.23e-50	190
m0269	m0356	42.3	8.48e-50	188
m0269	m0311	39.7	1.11e-49	188
m0269	m0387	39.7	3.22e-49	186
m0269	m0351	39.2	3.22e-49	186
m0269	m0292	40.8	4.21e-49	186
m0269	m0312	40.6	2.73e-48	183
m0269	m0383	39.6	2.73e-48	183
m0269	m0286	39.5	4.35e-46	176
m0269	m0284	40.9	1.4e-44	171
m0269	m0371	35.2	3.95e-39	153
m0269	m0369	31.9	7.97e-32	129
m0269	m0275	34.0	6.75e-31	126
m0269	m0289	33.3	1.46e-25	108
m0269	m0293	28.4	9.46e-17	79
m0269	m0279	31.6	1.24e-16	78
m0269	m0396	28.8	1.78e-15	74
m0269	m0359	26.1	6.78e-15	72
m0269	m0276	23.8	5.03e-10	56
m0269	m0324	29.3	2.85e-05	40
m0269	m0307	24.8	0.000412	37
m0269	m0339	26.1	0.000918	35
m0269	m0409	29.9	0.00205	34
m0269	m0340	26.9	0.00349	33
m0269	m0347	27.7	0.00777	32
m0269	m0399	31.1	0.00777	32
m0269	m0376	28.1	0.086	29
m0269	m0322	26.8	1.24	25
m0269	m0371	31.2	4.72	23
m0270	m0379	60.2	1.14e-114	404
m0270	m0320	30.9	9.92e-34	135
m0270	m0277	29.9	1.43e-32	131
m0270	m0315	33.0	7.86e-31	126
m0270	m0412	31.1	3.3e-29	120
m0270	m0288	32.3	3.3e-29	120
m0270	m0386	34.3	1.39e-27	115
m0270	m0357	30.7	1.3e-25	108
m0270	m0285	28.3	1.7e-25	108
m0270	m0384	31.1	8.41e-25	106
m0270	m0389	30.2	3.2e-24	104
m0270	m0353	30.6	7.88e-23	99
m0270	m0404	29.1	2.29e-22	97
m0270	m0361	27.9	1.14e-21	95
m0271	m0409	48.7	0.00365	33
m0271	m0376	29.2	0.153	28
m0271	m0394	28.1	2.89	24
m0271	m0297	28.9	4.93	23
m0272	m0325	44.1	7.83e-80	289
m0272	m0346	41.5	3.3e-70	257
m0272	m0302	29.3	1.35e-47	182
m0272	m0362	36.1	6.29e-29	120
m0272	m0358	29.0	3.58e-16	77
m0272	m0325	47.3	5.54e-09	54
m0272	m0362	22.8	0.0172	32
m0272	m0376	42.9	0.112	29
m0272	m0340	50.0	0.146	29
m0272	m0385	90.0	0.191	28
m0272	m0409	27.7	0.725	27
m0273	m0306	69.7	2.08e-123	433
m0273	m0402	70.7	1.18e-118	417
m0273	m0394	64.7	6.27e-112	395
m0273	m0380	68.7	2.23e-109	386
m0273	m0331	62.9	1.6e-107	380
m0273	m0336	64.8	1.35e-106	377
m0273	m0299	63.6	1.95e-105	373
m0273	m0388	61.8	2.55e-105	373
m0273	m0377	63.5	1.27e-104	371
m0273	m0316	64.2	1.4e-103	367
m0273	m0390	61.4	1.83e-103	367
m0273	m0309	58.6	4.22e-100	356
m0273	m0314	59.2	1.96e-97	347
m0273	m0372	59.4	1.66e-96	344
m0273	m0382	61.0	1.4e-95	341
m0273	m0328	61.3	1.72e-93	334
m0273	m0398	62.0	2.93e-93	333
m0273	m0294	56.7	1.61e-91	327
m0273	m0305	55.9	5.16e-90	322
m0273	m0364	54.3	3.24e-84	303
m0273	m0323	53.4	2.32e-82	297
m0273	m0365	51.3	1.15e-81	294
m0273	m0368	51.4	7.48e-81	292
m0273	m0338	52.7	2.4e-79	287
m0273	m0341	49.5	4.54e-78	282
m0273	m0274	49.0	1.72e-77	280
m0273	m0343	50.9	1.72e-77	280
m0273	m0292	48.5	5.01e-77	279
m0273	m0297	52.8	9.46e-76	275
m0273	m0335	50.0	2.75e-75	273
m0273	m0351	47.7	3.59e-75	273
m0273	m0349	50.3	3.59e-75	273
m0273	m0330	50.2	1.05e-74	271
m0273	m0311	48.5	3.97e-74	269
m0273	m0342	48.5	8.85e-74	268
m0273	m0295	47.2	1.51e-73	267
m0273	m0406	47.2	1.97e-73	267
m0273	m0354	49.6	2.58e-73	267
m0273	m0408	49.0	4.39e-73	266
m0273	m0321	48.2	7.49e-73	265
m0273	m0278	47.5	1.67e-72	264
m0273	m0400	49.0	1.67e-72	264
m0273	m0296	48.5	1.67e-72	264
m0273	m0332	47.8	2.85e-72	263
m0273	m0363	48.7	2.85e-72	263
m0273	m0378	47.7	3.72e-72	263
m0273	m0393	48.5	4.86e-72	262
m0273	m0283	49.0	6.34e-72	262
m0273	m0348	48.4	1.08e-71	261
m0273	m0345	49.5	1.08e-71	261
m0273	m0370	48.1	1.2e-70	258
m0273	m0337	47.2	4.55e-70	256
m0273	m0397	48.2	5.94e-70	255
m0273	m0282	49.1	1.01e-69	255
m0273	m0385	48.9	2.26e-69	253
m0273	m0334	53.0	3.85e-69	253
m0273	m0280	47.4	1.91e-68	250
m0273	m0356	46.9	3.26e-68	250
m0273	m0312	46.2	9.48e-68	248
m0273	m0327	46.2	1.62e-67	247
m0273	m0387	47.2	2.11e-67	247
m0273	m0383	43.5	1.37e-66	244
m0273	m0319	47.6	3.98e-66	243
m0273	m0405	47.4	9.81e-65	238
m0273	m0410	43.4	2.19e-64	237
m0273	m0317	44.9	8.3e-64	235
m0273	m0286	43.5	1.12e-60	225
m0273	m0284	47.3	4.41e-57	213
m0273	m0371	36.0	9.54e-44	168
m0273	m0275	33.0	6.86e-34	136
m0273	m0369	33.1	7.58e-33	132
m0273	m0289	28.8	1.43e-31	128
m0273	m0293	28.6	6.02e-22	96
m0273	m0359	24.8	4.94e-16	76
m0273	m0276	25.6	7.88e-14	69
m0273	m0396	27.8	1.14e-12	65
m0273	m0279	27.9	6.24e-11	59
m0273	m0339	36.4	4.19e-07	47
m0273	m0399	26.7	0.000195	38
m0273	m0324	24.3	0.000254	37
m0273	m0409	25.0	0.000566	36
m0273	m0340	25.0	0.00165	35
m0273	m0340	27.2	0.00479	33
m0273	m0400	29.3	0.0238	31
m0273	m0307	22.8	0.201	28
m0273	m0376	30.2	0.343	27
m0273	m0326	22.6	0.586	26
m0273	m0371	25.2	0.586	26
m0273	m0400	27.5	0.999	25
m0273	m0367	41.5	1.3	25
m0273	m0406	27.1	1.7	25
m0274	m0380	51.2	2.99e-79	286
m0274	m0309	52.8	8.13e-77	278
m0274	m0306	50.9	3.09e-76	276
m0274	m0331	48.3	1.1e-73	268
m0274	m0316	49.3	2.45e-73	267
m0274	m0402	47.7	2.07e-72	263
m0274	m0323	45.4	1.76e-71	260
m0274	m0382	47.9	2.99e-71	260
m0274	m0390	47.4	3.91e-71	259
m0274	m0394	47.9	3.91e-71	259
m0274	m0377	46.9	1.94e-70	257
m0274	m0336	48.0	9.63e-70	255
m0274	m0388	45.7	3.66e-69	253
m0274	m0299	48.2	1.06e-68	251
m0274	m0314	46.0	1.39e-68	251
m0274	m0294	46.6	6.9e-68	248
m0274	m0338	44.7	3.43e-67	246
m0274	m0372	46.8	3.43e-67	246
m0274	m0328	47.1	7.63e-67	245
m0274	m0398	49.4	2.22e-66	243
m0274	m0368	46.2	2.9e-66	243
m0274	m0400	48.2	2.9e-66	243
m0274	m0282	47.2	1.44e-65	241
m0274	m0365	45.2	1.88e-65	240
m0274	m0335	45.4	9.33e-65	238
m0274	m0295	45.5	1.22e-64	238
m0274	m0296	45.0	2.08e-64	237
m0274	m0332	45.1	1.03e-63	235
m0274	m0370	44.3	1.03e-63	235
m0274	m0330	43.0	1.35e-63	234
m0274	m0305	43.9	1.35e-63	234
m0274	m0342	46.6	2.3e-63	233
m0274	m0278	45.8	3e-63	233
m0274	m0406	46.9	5.12e-63	232
m0274	m0349	44.8	6.69e-63	232
m0274	m0327	44.8	6.69e-63	232
m0274	m0348	46.2	8.73e-63	231
m0274	m0321	44.2	1.49e-62	231
m0274	m0283	44.6	3.32e-62	230
m0274	m0363	45.9	4.33e-62	229
m0274	m0345	45.5	5.66e-62	229
m0274	m0378	45.2	7.39e-62	228
m0274	m0337	42.8	7.39e-62	228
m0274	m0280	46.3	9.65e-62	228
m0274	m0297	43.5	9.65e-62	228
m0274	m0343	44.2	1.26e-61	228
m0274	m0393	46.2	2.15e-61	227
m0274	m0364	42.4	4.79e-61	226
m0274	m0317	43.6	1.07e-60	225
m0274	m0405	43.9	4.06e-60	223
m0274	m0319	44.4	3.43e-59	220
m0274	m0341	46.5	4.48e-59	219
m0274	m0354	41.4	1.3e-58	218
m0274	m0397	42.9	1.88e-57	214
m0274	m0311	43.5	1.59e-56	211
m0274	m0383	41.0	2.08e-56	210
m0274	m0292	41.5	2.72e-56	210
m0274	m0410	39.5	1.76e-55	207
m0274	m0351	41.6	5.13e-55	206
m0274	m0408	40.6	1.49e-54	204
m0274	m0286	41.6	2.16e-53	200
m0274	m0385	39.3	2.82e-53	200
m0274	m0334	42.6	1.82e-52	197
m0274	m0312	42.4	2.38e-52	197
m0274	m0356	41.6	4.49e-51	193
m0274	m0387	40.4	5.87e-51	192
m0274	m0284	40.6	2.55e-46	177
m0274	m0371	33.5	1.19e-35	141
m0274	m0369	34.2	5.52e-33	132
m0274	m0275	31.5	6.75e-31	126
m0274	m0289	27.3	5.53e-25	106
m0274	m0293	28.1	2.18e-21	94
m0274	m0359	26.8	1.24e-16	78
m0274	m0396	27.2	3.48e-11	60
m0274	m0276	23.8	1.46e-09	55
m0274	m0340	28.6	2.19e-05	41
m0274	m0399	29.9	0.00157	35
m0274	m0376	28.8	0.0102	32
m0274	m0330	34.2	6.16	23
m0275	m0369	60.8	9.64e-136	474
m0275	m0410	39.0	8.95e-49	185
m0275	m0383	39.3	7.09e-46	176
m0275	m0351	35.6	6.63e-44	169
m0275	m0311	36.5	1.13e-43	168
m0275	m0292	34.9	9.58e-43	165
m0275	m0356	37.2	1.63e-42	164
m0275	m0312	35.9	2e-40	158
m0275	m0354	36.9	3.41e-40	157
m0275	m0363	32.1	6.01e-37	146
m0275	m0380	31.6	1.75e-36	144
m0275	m0309	34.2	3.9e-36	143
m0275	m0400	34.0	3.9e-36	143
m0275	m0398	36.8	8.68e-36	142
m0275	m0321	33.5	7.35e-35	139
m0275	m0345	29.8	9.6e-35	139
m0275	m0294	33.2	1.25e-34	138
m0275	m0348	32.2	1.64e-34	138
m0275	m0280	35.2	2.14e-34	138
m0275	m0306	34.3	2.14e-34	138
m0275	m0332	32.1	2.79e-34	137
m0275	m0378	32.9	3.65e-34	137
m0275	m0397	35.0	4.77e-34	136
m0275	m0385	32.6	6.22e-34	136
m0275	m0342	32.3	8.13e-34	136
m0275	m0296	34.4	1.81e-33	134
m0275	m0393	35.0	1.81e-33	134
m0275	m0299	34.7	1.81e-33	134
m0275	m0314	37.4	1.81e-33	134
m0275	m0331	36.4	2.37e-33	134
m0275	m0365	33.3	3.09e-33	134
m0275	m0368	32.3	6.88e-33	132
m0275	m0317	31.5	6.88e-33	132
m0275	m0305	31.7	1.17e-32	132
m0275	m0338	35.5	1.53e-32	131
m0275	m0402	34.1	2e-32	131
m0275	m0370	34.2	2.61e-32	131
m0275	m0405	35.3	2.61e-32	131
m0275	m0349	33.2	4.46e-32	130
m0275	m0377	34.1	5.83e-32	129
m0275	m0327	34.9	5.83e-32	129
m0275	m0316	35.7	7.61e-32	129
m0275	m0372	33.5	7.61e-32	129
m0275	m0390	35.2	1.3e-31	128
m0275	m0382	32.7	1.69e-31	128
m0275	m0328	34.2	3.78e-31	127
m0275	m0335	35.0	6.44e-31	126
m0275	m0408	34.5	1.1e-30	125
m0275	m0341	33.5	1.1e-30	125
m0275	m0278	30.1	1.1e-30	125
m0275	m0283	33.3	1.43e-30	125
m0275	m0334	33.9	2.45e-30	124
m0275	m0364	35.0	3.2e-30	124
m0275	m0282	32.9	4.17e-30	123
m0275	m0289	32.3	5.45e-30	123
m0275	m0319	33.7	7.12e-30	122
m0275	m0387	34.0	7.12e-30	122
m0275	m0337	29.8	9.3e-30	122
m0275	m0323	31.3	1.21e-29	122
m0275	m0330	34.4	1.21e-29	122
m0275	m0336	32.9	1.21e-29	122
m0275	m0394	31.5	2.07e-29	121
m0275	m0295	31.4	1.03e-28	119
m0275	m0343	32.0	1.14e-27	115
m0275	m0406	32.1	9.62e-27	112
m0275	m0388	31.2	1.64e-26	111
m0275	m0286	32.1	1.82e-25	108
m0275	m0297	29.7	3.1e-25	107
m0275	m0284	34.5	4.47e-24	103
m0275	m0371	30.6	5.47e-22	96
m0275	m0293	30.5	2.3e-20	91
m0275	m0359	27.9	1.54e-16	78
m0275	m0279	27.2	2.3e-12	64
m0275	m0276	22.7	9.37e-06	42
m0275	m0409	28.0	0.000671	36
m0275	m0340	28.4	0.0282	31
m0275	m0347	24.3	1.55	25
m0275	m0376	30.8	3.45	24
m0275	m0407	20.8	5.88	23
m0275	m0320	25.0	7.68	23
m0276	m0296	28.7	1.91e-18	84
m0276	m0293	25.6	9.49e-18	82
m0276	m0336	27.4	1.62e-17	81
m0276	m0402	27.8	2.11e-17	81
m0276	m0314	24.3	4.71e-17	80
m0276	m0377	26.8	5.21e-16	76
m0276	m0292	25.0	6.8e-16	76
m0276	m0359	25.1	1.52e-15	75
m0276	m0299	25.1	1.98e-15	74
m0276	m0380	26.9	2.59e-15	74
m0276	m0385	23.2	2.59e-15	74
m0276	m0383	26.3	3.38e-15	74
m0276	m0368	25.7	4.41e-15	73
m0276	m0351	25.1	7.52e-15	72
m0276	m0365	25.0	9.82e-15	72
m0276	m0328	23.6	2.19e-14	71
m0276	m0311	23.8	2.86e-14	70
m0276	m0410	24.6	2.86e-14	70
m0276	m0341	25.6	2.86e-14	70
m0276	m0342	26.9	4.88e-14	70
m0276	m0390	25.6	4.88e-14	70
m0276	m0349	25.5	6.37e-14	69
m0276	m0348	29.1	8.32e-14	69
m0276	m0393	26.5	8.32e-14	69
m0276	m0356	25.9	1.09e-13	69
m0276	m0382	24.1	1.09e-13	69
m0276	m0378	27.1	1.42e-13	68
m0276	m0321	28.1	1.42e-13	68
m0276	m0396	24.9	1.85e-13	68
m0276	m0388	23.5	2.42e-13	67
m0276	m0406	26.5	2.42e-13	67
m0276	m0345	26.3	3.16e-13	67
m0276	m0327	25.9	3.16e-13	67
m0276	m0332	27.1	4.13e-13	67
m0276	m0372	27.0	5.39e-13	66
m0276	m0334	25.6	5.39e-13	66
m0276	m0400	26.0	7.04e-13	66
m0276	m0294	25.8	1.2e-12	65
m0276	m0280	26.1	1.2e-12	65
m0276	m0323	25.8	1.2e-12	65
m0276	m0331	24.4	1.2e-12	65
m0276	m0282	25.5	1.57e-12	65
m0276	m0363	28.0	1.57e-12	65
m0276	m0309	22.4	1.57e-12	65
m0276	m0343	24.4	2.05e-12	64
m0276	m0306	24.4	2.05e-12	64
m0276	m0284	24.4	2.05e-12	64
m0276	m0387	24.4	2.68e-12	64
m0276	m0394	25.5	2.68e-12	64
m0276	m0330	23.2	2.68e-12	64
m0276	m0283	25.6	3.49e-12	64
m0276	m0354	25.7	3.49e-12	64
m0276	m0312	25.4	3.49e-12	64
m0276	m0295	25.1	4.56e-12	63
m0276	m0279	24.2	7.78e-12	62
m0276	m0319	23.8	7.78e-12	62
m0276	m0335	23.9	1.02e-11	62
m0276	m0289	24.1	2.26e-11	61
m0276	m0278	24.9	2.26e-11	61
m0276	m0316	22.1	2.26e-11	61
m0276	m0398	23.7	2.96e-11	60
m0276	m0305	24.2	3.86e-11	60
m0276	m0337	24.0	5.05e-11	60
m0276	m0370	24.7	6.59e-11	59
m0276	m0371	24.5	8.61e-11	59
m0276	m0408	23.1	1.12e-10	59
m0276	m0338	23.8	1.12e-10	59
m0276	m0297	24.0	7.29e-10	56
m0276	m0307	28.0	7.29e-10	56
m0276	m0364	26.9	3.62e-09	54
m0276	m0405	24.9	6.17e-09	53
m0276	m0317	24.8	6.17e-09	53
m0276	m0397	24.7	1.37e-08	52
m0276	m0369	24.2	1.52e-07	48
m0276	m0340	24.7	1.29e-06	45
m0276	m0376	23.5	8.34e-06	42
m0276	m0367	22.4	0.00227	34
m0276	m0392	22.1	0.473	27
m0276	m0344	21.4	0.618	26
m0276	m0300	26.0	1.38	25
m0277	m0320	58.9	2.01e-100	357
m0277	m0386	50.2	2.16e-86	310
m0277	m0389	47.2	3.56e-81	293
m0277	m0315	46.0	6.51e-75	272
m0277	m0288	47.4	1.45e-74	271
m0277	m0412	45.7	2.56e-71	260
m0277	m0404	44.3	2.93e-67	247
m0277	m0285	40.4	3.47e-60	223
m0277	m0353	41.6	8.84e-56	208
m0277	m0384	35.0	2.26e-43	167
m0277	m0361	34.1	6.57e-43	166
m0277	m0379	30.3	5.96e-36	143
m0277	m0357	42.4	1.02e-35	142
m0277	m0357	28.4	3.08e-08	50
m0278	m0337	89.0	9.24e-245	837
m0278	m0283	85.7	8.71e-219	750
m0278	m0319	71.0	2.75e-172	596
m0278	m0393	55.9	2.68e-143	500
m0278	m0321	57.2	3.87e-142	496
m0278	m0342	54.7	3.87e-142	496
m0278	m0332	54.3	3.27e-141	493
m0278	m0345	55.0	8.07e-140	488
m0278	m0370	78.7	1.8e-139	487
m0278	m0348	54.9	2.35e-139	486
m0278	m0363	55.0	1.29e-137	481
m0278	m0378	52.9	2.87e-137	480
m0278	m0295	56.4	3.75e-137	479
m0278	m0397	50.5	9.55e-133	465
m0278	m0327	66.1	1.93e-117	414
m0278	m0335	67.9	2.36e-115	407
m0278	m0330	52.4	8.98e-115	405
m0278	m0349	49.9	2.07e-111	394
m0278	m0282	52.8	1.75e-110	391
m0278	m0400	48.9	2.62e-106	377
m0278	m0296	65.3	4.18e-104	369
m0278	m0406	63.1	1.26e-100	358
m0278	m0405	51.4	4.95e-97	346
m0278	m0280	59.2	7.9e-95	339
m0278	m0317	44.9	1.82e-91	327
m0278	m0323	53.5	1.07e-83	302
m0278	m0338	52.2	5.87e-82	296
m0278	m0297	42.9	1.77e-78	284
m0278	m0402	52.1	9.71e-77	278
m0278	m0331	51.5	2.16e-76	277
m0278	m0306	48.0	1.45e-72	265
m0278	m0380	49.5	1.89e-72	264
m0278	m0299	46.8	1.6e-71	261
m0278	m0368	48.3	4.67e-71	260
m0278	m0316	48.8	6.09e-71	259
m0278	m0390	48.3	3.02e-70	257
m0278	m0394	46.3	5.7e-69	253
m0278	m0309	46.0	1.08e-67	248
m0278	m0336	48.0	6.97e-67	246
m0278	m0305	45.7	2.65e-66	244
m0278	m0365	45.8	4.52e-66	243
m0278	m0343	49.1	7.71e-66	242
m0278	m0388	48.4	1.45e-64	238
m0278	m0377	44.7	1.61e-63	235
m0278	m0398	46.7	1.04e-62	232
m0278	m0294	45.9	2.57e-61	227
m0278	m0372	42.3	6.32e-60	223
m0278	m0314	44.8	1.41e-59	221
m0278	m0382	48.0	6.99e-59	219
m0278	m0408	42.7	2.66e-58	217
m0278	m0328	46.6	1.72e-57	215
m0278	m0354	42.4	1.61e-55	208
m0278	m0364	41.1	2.75e-55	207
m0278	m0334	44.5	8.27e-52	196
m0278	m0292	40.0	5.02e-49	186
m0278	m0311	38.9	8.56e-49	186
m0278	m0385	38.9	1.91e-48	184
m0278	m0387	39.5	4.25e-48	183
m0278	m0341	39.4	5.55e-48	183
m0278	m0410	40.5	7.25e-48	183
m0278	m0351	38.7	2.11e-47	181
m0278	m0284	42.7	6.78e-46	176
m0278	m0356	38.9	8.86e-46	176
m0278	m0383	36.1	1.67e-44	171
m0278	m0286	36.3	1.67e-44	171
m0278	m0312	35.5	1.2e-42	165
m0278	m0371	33.7	1.2e-34	139
m0278	m0369	34.6	1.79e-30	125
m0278	m0289	31.3	4.13e-27	114
m0278	m0293	25.9	9.55e-16	76
m0278	m0279	27.8	1.06e-14	72
m0278	m0396	28.2	5.8e-13	67
m0278	m0359	24.6	6.41e-12	63
m0278	m0409	29.1	2e-05	42
m0278	m0340	26.7	0.000169	39
m0278	m0376	33.3	0.000492	37
m0278	m0375	26.5	0.046	30
m0278	m0339	33.8	0.103	29
m0278	m0399	23.6	0.103	29
m0278	m0307	22.5	0.228	28
m0278	m0324	23.0	1.13	26
m0278	m0367	37.2	3.3	24
m0278	m0392	57.1	7.35	23
m0279	m0396	45.5	6.35e-66	242
m0279	m0397	32.0	1.06e-20	92
m0279	m0349	29.7	6.88e-20	89
m0279	m0282	29.5	4.46e-19	86
m0279	m0400	32.9	2.21e-18	84
m0279	m0330	28.7	8.41e-18	82
m0279	m0280	29.5	8.41e-18	82
m0279	m0363	32.9	1.87e-17	81
m0279	m0393	34.1	2.45e-17	80
m0279	m0342	34.7	2.45e-17	80
m0279	m0348	32.9	2.45e-17	80
m0279	m0332	32.5	3.2e-17	80
m0279	m0321	32.0	4.17e-17	80
m0279	m0345	32.5	4.17e-17	80
m0279	m0309	30.4	5.45e-17	79
m0279	m0378	31.6	5.45e-17	79
m0279	m0295	28.5	1.21e-16	78
m0279	m0297	30.0	1.59e-16	78
m0279	m0354	29.8	1.59e-16	78
m0279	m0406	27.9	2.71e-16	77
m0279	m0317	27.1	2.71e-16	77
m0279	m0289	28.6	3.53e-16	77
m0279	m0341	28.2	6.03e-16	76
m0279	m0327	32.2	6.03e-16	76
m0279	m0387	28.6	1.34e-15	75
m0279	m0405	30.4	2.99e-15	74
m0279	m0369	28.9	5.1e-15	73
m0279	m0294	31.0	8.7e-15	72
m0279	m0323	31.9	1.94e-14	71
m0279	m0402	29.8	1.94e-14	71
m0279	m0283	27.7	2.53e-14	70
m0279	m0410	27.6	4.32e-14	70
m0279	m0382	25.4	4.32e-14	70
m0279	m0296	27.6	5.64e-14	69
m0279	m0383	25.9	5.64e-14	69
m0279	m0335	30.6	5.64e-14	69
m0279	m0336	26.3	7.37e-14	69
m0279	m0292	26.0	1.26e-13	68
m0279	m0337	27.4	1.64e-13	68
m0279	m0314	28.0	2.14e-13	67
m0279	m0394	28.3	2.8e-13	67
m0279	m0408	30.6	2.8e-13	67
m0279	m0390	27.2	3.66e-13	67
m0279	m0338	27.4	3.66e-13	67
m0279	m0312	26.9	8.15e-13	65
m0279	m0370	27.5	1.39e-12	65
m0279	m0331	28.1	2.37e-12	64
m0279	m0299	26.1	3.1e-12	64
m0279	m0319	26.3	4.04e-12	63
m0279	m0365	28.7	4.04e-12	63
m0279	m0306	25.9	4.04e-12	63
m0279	m0286	27.2	5.28e-12	63
m0279	m0305	27.0	1.18e-11	62
m0279	m0371	28.6	1.54e-11	61
m0279	m0372	26.7	2.62e-11	60
m0279	m0388	27.7	3.42e-11	60
m0279	m0377	26.3	1.7e-10	58
m0279	m0316	27.1	3.78e-10	57
m0279	m0334	26.5	1.1e-09	55
m0279	m0328	26.5	1.1e-09	55
m0279	m0284	27.0	5.46e-09	53
m0279	m0380	24.7	3.54e-08	50
m0279	m0368	25.9	3.54e-08	50
m0279	m0364	25.7	4.63e-08	50
m0279	m0343	26.9	1.03e-07	49
m0279	m0307	26.1	0.00118	35
m0279	m0281	25.6	0.0379	30
m0279	m0307	26.0	0.0845	29
m0279	m0339	25.3	0.548	26
m0279	m0313	35.5	7.91	22
m0280	m0400	56.9	1.34e-120	424
m0280	m0330	55.8	5.08e-120	422
m0280	m0282	56.0	1.13e-119	421
m0280	m0363	58.3	1.63e-118	417
m0280	m0321	54.3	1.1e-114	404
m0280	m0378	56.2	1.75e-112	397
m0280	m0335	74.6	2.98e-112	396
m0280	m0332	55.2	2.98e-112	396
m0280	m0345	54.9	3.9e-112	396
m0280	m0327	73.1	6.65e-112	395
m0280	m0393	56.5	6.65e-112	395
m0280	m0348	55.1	1.25e-110	391
m0280	m0342	54.8	1.17e-108	384
m0280	m0349	51.6	3.19e-106	376
m0280	m0296	68.3	5.45e-106	376
m0280	m0295	50.0	1.18e-100	358
m0280	m0337	47.4	6.04e-97	346
m0280	m0406	60.0	6.68e-96	342
m0280	m0283	55.3	1.07e-93	335
m0280	m0370	62.2	5.29e-93	332
m0280	m0317	46.6	6.91e-93	332
m0280	m0319	49.1	7.15e-90	322
m0280	m0297	48.3	9.34e-90	322
m0280	m0323	56.0	1.26e-86	311
m0280	m0338	54.6	3.67e-86	310
m0280	m0397	45.5	3.44e-84	303
m0280	m0405	46.1	1.22e-81	295
m0280	m0331	52.5	3.02e-72	263
m0280	m0299	50.4	4.36e-71	260
m0280	m0390	49.5	5.69e-71	259
m0280	m0402	50.7	5.69e-71	259
m0280	m0388	46.5	2.47e-66	244
m0280	m0316	47.9	4.22e-66	243
m0280	m0306	49.8	9.4e-66	242
m0280	m0380	51.6	1.6e-65	241
m0280	m0394	48.3	2.56e-63	234
m0280	m0368	46.2	8.24e-62	229
m0280	m0336	46.5	8.24e-62	229
m0280	m0305	47.3	1.84e-61	228
m0280	m0372	47.4	2.4e-61	227
m0280	m0343	46.0	5.34e-61	226
m0280	m0309	43.2	5.34e-61	226
m0280	m0377	47.1	4.52e-60	223
m0280	m0382	48.5	7.71e-60	222
m0280	m0314	44.4	2.93e-59	220
m0280	m0398	45.6	8.52e-59	219
m0280	m0365	45.0	8.52e-59	219
m0280	m0328	47.2	1.11e-58	218
m0280	m0294	42.9	8.82e-56	209
m0280	m0408	39.9	2.4e-53	201
m0280	m0364	42.6	1.19e-52	198
m0280	m0292	39.5	9.45e-50	189
m0280	m0356	39.5	8e-49	186
m0280	m0351	38.0	1.04e-48	185
m0280	m0286	39.9	1.36e-48	185
m0280	m0354	40.1	1.51e-47	181
m0280	m0385	40.2	7.49e-47	179
m0280	m0311	37.7	3.71e-46	177
m0280	m0341	40.4	4.11e-45	173
m0280	m0383	35.7	1.56e-44	171
m0280	m0312	38.0	2.66e-44	171
m0280	m0410	34.7	7.75e-44	169
m0280	m0334	36.4	5.55e-42	163
m0280	m0387	31.9	9.47e-42	162
m0280	m0284	35.5	2.58e-39	154
m0280	m0371	31.5	5.21e-32	130
m0280	m0369	32.6	2.42e-29	121
m0280	m0289	30.8	6.17e-25	106
m0280	m0293	27.6	2.27e-19	88
m0280	m0359	25.6	3.75e-14	70
m0280	m0396	28.4	6.62e-11	60
m0280	m0340	26.1	0.00389	34
m0280	m0409	27.8	0.00508	33
m0280	m0307	28.0	0.00508	33
m0280	m0324	26.0	0.0113	32
m0280	m0340	25.5	0.0193	32
m0280	m0339	27.0	0.043	30
m0280	m0376	31.1	0.163	28
m0280	m0371	33.9	0.475	27
m0280	m0403	28.3	8.97	23
m0281	m0347	31.9	3.26e-24	103
m0281	m0355	31.7	3.73e-20	89
m0281	m0401	29.4	4.12e-19	86
m0281	m0326	23.7	2.12e-07	47
m0281	m0374	23.3	1.37e-06	44
m0282	m0330	83.1	3.8e-202	695
m0282	m0400	67.3	1.56e-163	567
m0282	m0349	65.5	2.34e-143	500
m0282	m0317	56.9	1.17e-134	471
m0282	m0297	57.1	1.38e-127	447
m0282	m0295	57.9	7.09e-124	435
m0282	m0406	75.8	2.79e-120	423
m0282	m0342	57.6	1.93e-113	400
m0282	m0345	53.5	3.65e-112	396
m0282	m0321	56.8	6.22e-112	395
m0282	m0348	52.2	1.39e-111	394
m0282	m0332	53.2	2.36e-111	393
m0282	m0378	52.5	1.69e-109	387
m0282	m0393	52.5	2.21e-109	387
m0282	m0363	53.8	2.21e-109	387
m0282	m0283	51.2	4.93e-109	386
m0282	m0337	55.5	1.43e-108	384
m0282	m0327	64.5	5.45e-108	382
m0282	m0370	67.4	2.99e-106	376
m0282	m0335	66.8	6.66e-106	375
m0282	m0319	55.4	1.3e-101	361
m0282	m0296	65.0	1.1e-100	358
m0282	m0397	49.5	1.65e-96	344
m0282	m0338	62.0	2.15e-96	344
m0282	m0323	61.3	2.81e-96	343
m0282	m0405	57.6	4.19e-92	329
m0282	m0331	55.9	4.81e-80	289
m0282	m0402	53.0	7.68e-78	282
m0282	m0390	54.0	1.11e-76	278
m0282	m0316	53.5	1.45e-76	278
m0282	m0299	54.6	3.23e-76	277
m0282	m0380	52.1	4.82e-72	263
m0282	m0336	50.5	3.45e-70	257
m0282	m0306	52.1	4.22e-68	250
m0282	m0377	48.1	9.41e-68	248
m0282	m0368	49.5	7.96e-67	245
m0282	m0365	47.6	1.36e-66	245
m0282	m0309	48.4	1.77e-66	244
m0282	m0394	47.3	2.32e-66	244
m0282	m0388	48.2	2.32e-66	244
m0282	m0382	46.8	7.45e-65	239
m0282	m0294	48.7	3.7e-64	236
m0282	m0305	47.9	6.31e-64	236
m0282	m0343	48.2	1.41e-63	235
m0282	m0372	48.4	1.19e-62	231
m0282	m0314	46.5	3.46e-62	230
m0282	m0398	48.9	7.71e-62	229
m0282	m0328	46.6	1.9e-60	224
m0282	m0408	44.4	4.23e-60	223
m0282	m0364	40.2	1.9e-52	198
m0282	m0341	41.1	2.49e-52	197
m0282	m0334	43.5	5.54e-52	196
m0282	m0387	40.6	2.11e-51	194
m0282	m0354	40.9	6.13e-51	193
m0282	m0286	39.1	6.77e-50	189
m0282	m0385	41.5	5.73e-49	186
m0282	m0410	40.3	2.85e-48	184
m0282	m0292	38.7	3.72e-48	183
m0282	m0351	38.7	1.84e-47	181
m0282	m0311	39.4	3.15e-47	180
m0282	m0312	38.7	6.56e-45	173
m0282	m0284	40.6	6.56e-45	173
m0282	m0356	39.8	1.12e-44	172
m0282	m0383	38.2	1.12e-44	172
m0282	m0371	33.8	5.57e-36	143
m0282	m0369	35.1	2.86e-32	131
m0282	m0289	30.5	1.68e-24	105
m0282	m0293	25.4	2.87e-16	77
m0282	m0396	28.7	1.33e-13	69
m0282	m0359	24.4	5.61e-12	63
m0282	m0324	26.9	0.00125	35
m0282	m0340	28.1	0.00214	35
m0282	m0376	31.0	0.0308	31
m0282	m0339	35.0	0.0687	30
m0282	m0333	34.6	0.153	28
m0282	m0307	21.6	0.261	28
m0282	m0309	21.8	8.4	23
m0283	m0337	84.9	1.18e-217	747
m0283	m0319	69.0	2.57e-164	569
m0283	m0393	56.2	8.62e-136	475
m0283	m0342	55.6	1.92e-135	473
m0283	m0370	80.5	3.28e-135	473
m0283	m0321	55.5	2.35e-133	466
m0283	m0348	55.3	1.16e-132	464
m0283	m0345	55.0	1.99e-132	463
m0283	m0295	54.4	1.68e-131	460
m0283	m0332	53.8	2.87e-131	460
m0283	m0363	53.2	1.09e-130	458
m0283	m0378	52.5	5.06e-128	449
m0283	m0397	51.0	1.13e-127	448
m0283	m0327	68.5	5.25e-117	412
m0283	m0335	69.7	6.42e-115	405
m0283	m0330	52.6	1.58e-113	401
m0283	m0349	52.4	6.44e-107	379
m0283	m0296	66.0	2.07e-105	374
m0283	m0400	50.4	2.07e-105	374
m0283	m0406	60.7	3.2e-98	350
m0283	m0317	45.4	8.16e-94	335
m0283	m0405	50.1	2.01e-92	330
m0283	m0323	53.5	5.49e-82	296
m0283	m0338	53.7	9.36e-82	295
m0283	m0297	42.8	4.81e-78	283
m0283	m0380	51.9	5.31e-77	279
m0283	m0331	52.6	7.67e-76	275
m0283	m0402	52.3	7.67e-76	275
m0283	m0390	50.5	1.23e-73	268
m0283	m0368	50.2	3.56e-73	267
m0283	m0299	48.1	7.94e-73	265
m0283	m0306	49.0	5.15e-72	263
m0283	m0394	47.9	1.96e-71	261
m0283	m0316	47.9	1.66e-70	258
m0283	m0343	50.0	6.29e-70	256
m0283	m0309	48.3	1.4e-69	255
m0283	m0336	48.4	9.09e-69	252
m0283	m0365	46.4	1.71e-67	248
m0283	m0388	47.7	3.23e-66	243
m0283	m0305	45.1	2.74e-65	240
m0283	m0294	46.4	7.96e-65	239
m0283	m0377	45.5	1.77e-64	238
m0283	m0398	46.7	7.45e-63	232
m0283	m0382	46.9	2.03e-60	224
m0283	m0314	42.8	4.52e-60	223
m0283	m0328	45.7	5.9e-60	223
m0283	m0372	45.8	1.01e-59	222
m0283	m0408	43.4	1.72e-59	221
m0283	m0354	42.2	2.32e-56	211
m0283	m0364	42.9	6.75e-56	209
m0283	m0334	40.6	6.99e-53	199
m0283	m0311	39.5	5.92e-52	196
m0283	m0292	39.7	1.72e-51	195
m0283	m0410	42.1	6.54e-51	193
m0283	m0341	40.4	3.25e-50	190
m0283	m0351	39.3	4.24e-50	190
m0283	m0385	40.5	5.54e-50	190
m0283	m0387	38.5	1.78e-48	184
m0283	m0356	37.9	5.18e-48	183
m0283	m0284	43.1	3.36e-47	180
m0283	m0312	36.9	6.34e-46	176
m0283	m0286	36.7	2.41e-45	174
m0283	m0383	34.6	1.73e-43	168
m0283	m0371	33.7	1.32e-35	142
m0283	m0369	35.3	1.68e-30	125
m0283	m0289	29.4	1.09e-29	122
m0283	m0293	23.4	1.99e-15	75
m0283	m0359	25.5	5.41e-13	67
m0283	m0396	26.4	1.13e-10	59
m0283	m0409	29.6	8.37e-06	43
m0283	m0376	29.5	7.09e-05	40
m0283	m0340	29.1	0.000352	37
m0283	m0307	23.2	0.043	30
m0283	m0318	24.2	0.0733	30
m0283	m0339	33.8	0.163	28
m0283	m0324	24.0	0.279	28
m0283	m0399	24.2	0.621	27
m0283	m0367	42.9	1.38	25
m0283	m0392	57.1	6.86	23
m0284	m0334	76.8	2.38e-106	376
m0284	m0380	50.4	1.97e-60	223
m0284	m0402	49.6	4.39e-60	222
m0284	m0306	47.3	7.01e-58	215
m0284	m0394	45.5	4.54e-57	212
m0284	m0336	49.1	7.75e-57	211
m0284	m0388	43.9	1.01e-56	211
m0284	m0328	47.1	1.01e-56	211
m0284	m0314	48.0	6.56e-56	208
m0284	m0341	46.3	8.57e-56	208
m0284	m0377	47.8	5.55e-55	205
m0284	m0343	46.7	1.24e-54	204
m0284	m0305	45.3	2.76e-54	203
m0284	m0382	46.3	8.02e-54	201
m0284	m0309	47.5	1.05e-53	201
m0284	m0398	45.4	1.05e-53	201
m0284	m0316	46.2	3.98e-53	199
m0284	m0365	44.9	5.2e-53	199
m0284	m0331	45.7	4.4e-52	196
m0284	m0390	44.4	1.28e-51	194
m0284	m0299	44.6	2.18e-51	193
m0284	m0311	43.5	2.18e-51	193
m0284	m0368	42.4	1.08e-50	191
m0284	m0349	46.1	1.42e-50	191
m0284	m0294	45.3	3.49e-49	186
m0284	m0354	41.7	4.55e-49	186
m0284	m0383	41.5	5.95e-49	185
m0284	m0312	39.5	1.32e-48	184
m0284	m0356	39.6	1.32e-48	184
m0284	m0408	42.9	6.58e-48	182
m0284	m0292	42.1	1.12e-47	181
m0284	m0351	38.0	1.46e-47	181
m0284	m0410	39.0	1.91e-47	180
m0284	m0319	43.0	5.57e-47	179
m0284	m0385	40.9	9.5e-47	178
m0284	m0364	42.5	2.76e-46	176
m0284	m0337	41.8	8.04e-46	175
m0284	m0323	40.0	2.34e-45	173
m0284	m0345	41.4	2.34e-45	173
m0284	m0332	40.9	3.05e-45	173
m0284	m0372	40.3	3.99e-45	173
m0284	m0338	39.6	5.21e-45	172
m0284	m0342	41.4	5.21e-45	172
m0284	m0400	40.8	5.21e-45	172
m0284	m0321	40.9	1.16e-44	171
m0284	m0393	40.5	1.52e-44	171
m0284	m0378	40.1	1.98e-44	170
m0284	m0330	41.7	3.38e-44	169
m0284	m0363	40.1	3.38e-44	169
m0284	m0295	41.3	5.76e-44	169
m0284	m0348	40.9	7.52e-44	168
m0284	m0370	41.4	1.68e-43	167
m0284	m0335	40.3	4.88e-43	166
m0284	m0387	41.5	6.37e-43	165
m0284	m0297	39.9	8.32e-43	165
m0284	m0406	40.9	2.42e-42	163
m0284	m0296	40.8	3.16e-42	163
m0284	m0327	39.9	7.04e-42	162
m0284	m0405	37.8	1.02e-40	158
m0284	m0397	38.3	5.58e-39	152
m0284	m0286	38.4	9.52e-39	151
m0284	m0317	35.4	1.98e-36	144
m0284	m0371	32.8	1.38e-29	121
m0284	m0289	37.0	1.8e-29	121
m0284	m0369	34.3	2.28e-24	104
m0284	m0293	30.4	2.78e-22	97
m0284	m0359	28.9	2.69e-17	80
m0284	m0396	30.0	2e-12	64
m0284	m0339	28.8	4.04e-05	40
m0284	m0307	25.0	0.000153	38
m0284	m0399	26.0	0.011	32
m0284	m0340	41.7	0.032	30
m0284	m0411	28.5	0.093	28
m0284	m0324	24.4	0.159	28
m0284	m0376	24.3	0.354	27
m0284	m0367	24.8	0.788	25
m0284	m0379	28.6	1.34	25
m0284	m0393	36.8	3.91	23
m0284	m0375	25.5	5.11	23
m0284	m0393	23.4	5.11	23
m0284	m0363	35.1	6.67	22
m0285	m0404	41.8	1.12e-59	221
m0285	m0320	40.0	8.28e-55	205
m0285	m0389	39.2	1.42e-46	178
m0285	m0315	36.3	1.2e-45	175
m0285	m0386	31.9	3.06e-41	160
m0285	m0288	35.8	9.83e-40	155
m0285	m0412	31.3	8.32e-39	152
m0285	m0357	40.3	1.02e-28	119
m0285	m0379	26.3	2.6e-24	104
m0285	m0361	38.0	5.79e-24	103
m0285	m0353	37.6	3.51e-21	94
m0285	m0384	32.7	4.75e-18	83
m0285	m0361	43.0	1.21e-13	69
m0285	m0353	44.2	5.62e-11	60
m0285	m0357	49.0	1.06e-09	55
m0285	m0384	24.5	3.53e-05	40
m0285	m0389	37.5	0.9	26
m0285	m0376	30.4	5.83	23
m0286	m0387	71.8	8.22e-122	428
m0286	m0408	58.1	1.61e-93	334
m0286	m0390	48.4	3.28e-70	256
m0286	m0331	46.2	1.25e-69	254
m0286	m0316	46.7	6.83e-68	248
m0286	m0382	45.3	1.09e-65	241
m0286	m0299	45.3	2.69e-64	236
m0286	m0402	45.2	3.51e-64	236
m0286	m0372	45.2	2.78e-61	226
m0286	m0309	44.5	4.01e-60	223
m0286	m0388	42.1	2.6e-59	220
m0286	m0306	44.8	3.4e-59	220
m0286	m0314	40.6	5.8e-59	219
m0286	m0398	44.1	9.89e-59	218
m0286	m0380	44.1	3.76e-58	216
m0286	m0294	44.6	3.76e-58	216
m0286	m0377	43.1	3.18e-57	213
m0286	m0341	44.0	5.43e-57	212
m0286	m0394	44.3	1.58e-56	211
m0286	m0336	44.4	5.08e-55	206
m0286	m0349	40.1	8.66e-55	205
m0286	m0328	41.5	2.13e-53	200
m0286	m0305	42.5	1.38e-52	198
m0286	m0364	39.3	5.26e-52	196
m0286	m0343	40.9	2e-51	194
m0286	m0311	37.8	1.87e-49	187
m0286	m0354	37.8	4.16e-49	186
m0286	m0334	43.8	5.44e-49	186
m0286	m0295	37.2	9.28e-49	185
m0286	m0405	39.9	9.28e-49	185
m0286	m0292	37.0	9.28e-49	185
m0286	m0351	37.6	1.58e-48	184
m0286	m0337	37.4	6.01e-48	182
m0286	m0406	36.6	7.85e-48	182
m0286	m0317	36.7	1.03e-47	181
m0286	m0368	39.7	1.03e-47	181
m0286	m0330	38.4	1.34e-47	181
m0286	m0323	36.3	2.98e-47	180
m0286	m0365	39.6	6.65e-47	179
m0286	m0385	39.5	8.68e-47	178
m0286	m0356	39.4	1.13e-46	178
m0286	m0348	40.0	1.13e-46	178
m0286	m0378	39.6	1.48e-46	178
m0286	m0321	39.4	2.53e-46	177
m0286	m0397	36.7	2.53e-46	177
m0286	m0342	40.0	3.3e-46	176
m0286	m0410	35.6	4.31e-46	176
m0286	m0363	38.8	7.35e-46	175
m0286	m0393	38.4	1.64e-45	174
m0286	m0370	38.1	2.14e-45	174
m0286	m0332	38.9	1.06e-44	171
m0286	m0345	38.9	1.39e-44	171
m0286	m0335	38.1	1.39e-44	171
m0286	m0338	35.9	1.81e-44	171
m0286	m0400	37.3	2.36e-44	170
m0286	m0371	40.3	4.03e-44	169
m0286	m0327	35.7	5.27e-44	169
m0286	m0312	35.8	8.98e-44	168
m0286	m0319	38.0	1.17e-43	168
m0286	m0296	37.5	4.46e-43	166
m0286	m0383	34.9	9.93e-43	165
m0286	m0297	36.0	2.45e-41	160
m0286	m0369	32.4	2.22e-26	111
m0286	m0289	28.2	6.05e-24	102
m0286	m0293	27.1	3.22e-17	80
m0286	m0359	26.1	3.01e-15	74
m0286	m0307	23.0	1.6e-08	51
m0286	m0340	32.1	0.00769	32
m0286	m0367	53.3	1.6	25
m0286	m0371	34.0	1.6	25
m0286	m0374	30.2	2.74	24
m0286	m0376	26.5	3.57	23
m0288	m0320	47.4	1.12e-75	275
m0288	m0386	43.6	4.42e-64	236
m0288	m0389	42.4	6.38e-63	232
m0288	m0315	41.5	5.4e-62	229
m0288	m0404	42.7	3.87e-60	223
m0288	m0412	41.0	5.06e-60	223
m0288	m0353	39.5	1.99e-48	184
m0288	m0357	35.5	2.61e-40	157
m0288	m0361	32.4	1.34e-36	145
m0288	m0384	31.8	3.42e-32	130
m0288	m0379	31.8	4.93e-31	126
m0289	m0306	33.8	6.58e-37	146
m0289	m0314	34.8	2.5e-36	144
m0289	m0309	33.8	4.27e-36	143
m0289	m0328	36.3	1.24e-35	141
m0289	m0292	31.6	6.16e-35	139
m0289	m0383	32.9	1.79e-34	138
m0289	m0410	32.0	3.06e-34	137
m0289	m0312	31.2	5.22e-34	136
m0289	m0364	32.6	6.81e-34	136
m0289	m0311	29.9	8.9e-34	135
m0289	m0394	30.5	8.9e-34	135
m0289	m0299	32.2	1.98e-33	134
m0289	m0380	34.1	1.98e-33	134
m0289	m0402	33.2	2.59e-33	134
m0289	m0390	31.2	2.59e-33	134
m0289	m0336	31.5	2.59e-33	134
m0289	m0377	32.3	4.41e-33	133
m0289	m0351	29.9	5.77e-33	132
m0289	m0334	37.5	9.84e-33	132
m0289	m0331	31.7	1.68e-32	131
m0289	m0305	27.0	8.33e-32	129
m0289	m0382	29.2	1.85e-31	127
m0289	m0316	33.5	1.85e-31	127
m0289	m0354	30.8	2.42e-31	127
m0289	m0372	30.3	1.2e-30	125
m0289	m0341	32.6	2.68e-30	124
m0289	m0356	30.8	3.5e-30	123
m0289	m0388	29.1	3.5e-30	123
m0289	m0369	32.9	7.79e-30	122
m0289	m0363	30.8	7.79e-30	122
m0289	m0365	26.6	1.33e-29	121
m0289	m0321	30.8	6.6e-29	119
m0289	m0378	30.5	6.6e-29	119
m0289	m0400	33.5	3.27e-28	117
m0289	m0397	31.6	4.28e-28	116
m0289	m0398	30.3	5.58e-28	116
m0289	m0342	29.9	1.24e-27	115
m0289	m0385	30.0	1.62e-27	114
m0289	m0406	30.2	1.62e-27	114
m0289	m0393	30.3	1.62e-27	114
m0289	m0345	29.7	2.77e-27	114
m0289	m0387	28.9	4.73e-27	113
m0289	m0332	31.8	6.17e-27	112
m0289	m0295	30.4	6.17e-27	112
m0289	m0348	29.0	1.38e-26	111
m0289	m0337	28.2	2.35e-26	111
m0289	m0294	30.2	3.06e-26	110
m0289	m0319	31.7	4e-26	110
m0289	m0370	29.0	5.23e-26	109
m0289	m0343	28.1	9.86e-25	105
m0289	m0317	26.5	1.68e-24	104
m0289	m0323	29.3	2.2e-24	104
m0289	m0338	31.1	4.89e-24	103
m0289	m0349	30.6	4.89e-24	103
m0289	m0296	30.0	8.35e-24	102
m0289	m0327	28.3	1.09e-23	102
m0289	m0330	31.2	1.09e-23	102
m0289	m0335	27.2	1.86e-23	101
m0289	m0405	27.5	4.14e-23	100
m0289	m0408	27.8	5.41e-23	99
m0289	m0359	29.4	7.06e-23	99
m0289	m0371	28.6	2.06e-22	97
m0289	m0293	28.2	2.06e-22	97
m0289	m0297	28.4	2.68e-22	97
m0289	m0368	26.7	1.02e-21	95
m0289	m0396	26.6	1.8e-10	58
m0289	m0340	22.4	0.00622	33
m0289	m0409	35.0	0.0898	29
m0289	m0307	26.1	0.0898	29
m0289	m0392	22.4	0.341	27
m0289	m0339	34.2	0.76	26
m0289	m0399	25.4	1.69	25
m0289	m0329	35.9	3.77	23
m0290	m0360	35.3	7.26e-62	229
m0290	m0399	31.7	5.04e-55	206
m0290	m0411	31.3	1.12e-54	205
m0290	m0391	34.8	3.5e-40	157
m0290	m0291	26.8	8.15e-05	40
m0290	m0305	27.3	0.933	26
m0291	m0398	34.2	0.000416	37
m0291	m0409	24.7	0.000544	36
m0291	m0305	36.4	0.00071	36
m0291	m0410	28.9	0.00071	36
m0291	m0365	35.9	0.00207	34
m0291	m0376	32.7	0.00353	33
m0291	m0318	40.8	0.00353	33
m0291	m0363	30.9	0.00785	32
m0291	m0411	24.6	0.0229	31
m0291	m0356	26.8	0.0868	29
m0291	m0409	30.4	0.253	27
m0291	m0344	50.0	2.14	24
m0291	m0333	27.8	2.79	24
m0292	m0351	79.9	7.52e-142	494
m0292	m0311	76.8	7.28e-137	478
m0292	m0410	66.3	2.51e-121	426
m0292	m0383	59.2	3.9e-106	376
m0292	m0356	54.4	9.3e-100	354
m0292	m0312	55.6	5.11e-90	322
m0292	m0354	48.2	7.93e-75	272
m0292	m0382	48.6	3.93e-74	269
m0292	m0402	49.7	8.76e-74	268
m0292	m0306	46.3	4.35e-73	266
m0292	m0331	48.2	8.2e-72	262
m0292	m0328	49.4	4.07e-71	259
m0292	m0299	47.5	9.07e-71	258
m0292	m0314	46.2	1.18e-70	258
m0292	m0388	45.9	3.45e-70	256
m0292	m0385	44.5	5.88e-70	255
m0292	m0390	46.4	4.21e-68	249
m0292	m0377	44.5	9.39e-68	248
m0292	m0336	46.2	1.23e-67	248
m0292	m0380	46.2	2.09e-67	247
m0292	m0316	45.0	1.36e-66	244
m0292	m0398	46.1	3.94e-66	243
m0292	m0394	44.7	8.78e-66	242
m0292	m0309	43.2	1.07e-63	235
m0292	m0365	41.3	2.24e-61	227
m0292	m0294	43.3	4.99e-61	226
m0292	m0364	41.6	9.41e-60	221
m0292	m0368	40.9	6.1e-59	219
m0292	m0305	42.9	1.04e-58	218
m0292	m0372	41.1	2.32e-58	217
m0292	m0341	42.2	5.16e-58	216
m0292	m0334	46.2	2.83e-56	210
m0292	m0343	41.3	4.09e-55	206
m0292	m0397	40.5	1.32e-53	201
m0292	m0400	40.4	3.58e-51	193
m0292	m0387	40.3	4.68e-51	193
m0292	m0296	39.5	2.32e-50	190
m0292	m0338	39.0	2.32e-50	190
m0292	m0408	38.3	3.96e-50	190
m0292	m0370	40.0	5.17e-50	189
m0292	m0323	38.4	6.76e-50	189
m0292	m0335	38.9	8.83e-50	188
m0292	m0363	39.5	1.15e-49	188
m0292	m0393	38.9	1.15e-49	188
m0292	m0342	39.5	1.51e-49	188
m0292	m0337	40.1	1.97e-49	187
m0292	m0348	39.2	3.35e-49	186
m0292	m0297	40.3	1.27e-48	184
m0292	m0321	37.3	2.84e-48	183
m0292	m0345	40.4	4.84e-48	183
m0292	m0319	39.9	6.32e-48	182
m0292	m0330	37.4	1.41e-47	181
m0292	m0406	38.7	1.84e-47	181
m0292	m0405	36.1	3.14e-47	180
m0292	m0327	37.8	5.35e-47	179
m0292	m0349	37.2	5.35e-47	179
m0292	m0378	37.6	9.13e-47	178
m0292	m0332	38.5	9.13e-47	178
m0292	m0317	36.1	3.47e-46	176
m0292	m0295	36.8	8.55e-45	172
m0292	m0371	35.3	1.9e-44	171
m0292	m0369	35.7	3.97e-42	163
m0292	m0293	27.8	7.52e-25	106
m0292	m0359	26.9	2.42e-23	101
m0292	m0340	31.0	2.28e-05	41
m0292	m0376	30.1	2.97e-05	40
m0292	m0409	24.5	0.000561	36
m0292	m0340	27.5	0.00475	33
m0292	m0407	40.0	2.2	24
m0292	m0367	45.2	3.76	23
m0293	m0359	78.4	3.35e-139	485
m0293	m0382	28.8	2.93e-26	110
m0293	m0383	25.7	1.46e-25	108
m0293	m0356	30.7	5.53e-25	106
m0293	m0354	30.1	1.23e-24	105
m0293	m0311	27.9	2.1e-24	104
m0293	m0377	30.1	1.04e-23	102
m0293	m0328	30.5	3.04e-23	100
m0293	m0388	29.6	3.04e-23	100
m0293	m0314	29.8	3.97e-23	100
m0293	m0306	30.7	8.83e-23	99
m0293	m0341	28.6	1.51e-22	98
m0293	m0410	25.8	1.97e-22	97
m0293	m0365	27.2	4.38e-22	96
m0293	m0331	29.4	5.73e-22	96
m0293	m0316	31.2	5.73e-22	96
m0293	m0402	27.5	5.73e-22	96
m0293	m0305	28.1	7.48e-22	96
m0293	m0351	25.1	1.67e-21	94
m0293	m0299	28.3	4.85e-21	93
m0293	m0390	29.5	4.85e-21	93
m0293	m0398	27.5	8.27e-21	92
m0293	m0336	29.3	1.84e-20	91
m0293	m0368	27.5	1.84e-20	91
m0293	m0309	29.3	2.41e-20	91
m0293	m0394	27.2	5.36e-20	89
m0293	m0312	28.4	5.36e-20	89
m0293	m0371	29.0	5.36e-20	89
m0293	m0385	26.5	7e-20	89
m0293	m0400	27.2	9.14e-20	89
m0293	m0372	28.2	9.14e-20	89
m0293	m0363	27.8	1.56e-19	88
m0293	m0364	30.0	2.66e-19	87
m0293	m0369	27.9	5.93e-19	86
m0293	m0380	28.7	1.32e-18	85
m0293	m0343	27.5	2.94e-18	84
m0293	m0321	26.7	3.84e-18	83
m0293	m0334	27.0	5.02e-18	83
m0293	m0327	28.4	6.55e-18	82
m0293	m0348	26.0	1.12e-17	82
m0293	m0330	25.0	1.12e-17	82
m0293	m0323	28.7	1.91e-17	81
m0293	m0387	28.7	1.91e-17	81
m0293	m0370	26.0	7.24e-17	79
m0293	m0297	28.1	9.46e-17	79
m0293	m0296	26.4	2.11e-16	77
m0293	m0338	28.5	2.75e-16	77
m0293	m0405	25.2	4.69e-16	76
m0293	m0335	26.6	6.13e-16	76
m0293	m0345	25.6	6.13e-16	76
m0293	m0317	26.7	6.13e-16	76
m0293	m0393	26.9	6.13e-16	76
m0293	m0408	26.4	8.01e-16	75
m0293	m0332	26.0	8.01e-16	75
m0293	m0295	29.7	1.05e-15	75
m0293	m0378	25.8	1.37e-15	75
m0293	m0342	25.9	2.33e-15	74
m0293	m0349	24.6	2.33e-15	74
m0293	m0397	26.4	1.51e-14	71
m0293	m0406	26.0	2.58e-14	70
m0293	m0337	25.2	5.74e-14	69
m0293	m0294	26.9	1.41e-12	65
m0293	m0319	24.1	2.41e-12	64
m0293	m0396	27.4	2.04e-11	61
m0293	m0307	22.5	2.34e-07	47
m0293	m0340	30.4	0.0658	29
m0293	m0397	33.3	0.112	28
m0293	m0317	28.0	0.191	28
m0293	m0306	25.3	0.427	27
m0293	m0403	33.8	0.427	27
m0293	m0405	25.3	0.427	27
m0293	m0409	31.0	0.95	25
m0293	m0320	25.2	0.95	25
m0293	m0390	28.8	2.12	24
m0294	m0380	62.2	2.01e-101	360
m0294	m0306	57.5	5.48e-91	325
m0294	m0299	58.0	8.2e-87	311
m0294	m0402	54.4	1.18e-85	307
m0294	m0331	56.3	5.87e-85	305
m0294	m0309	57.9	5.87e-85	305
m0294	m0390	55.1	4.21e-83	299
m0294	m0316	55.4	2.73e-82	296
m0294	m0388	53.6	1.96e-80	290
m0294	m0394	52.1	9.7e-80	288
m0294	m0336	52.9	2.82e-79	286
m0294	m0314	51.2	1.83e-78	283
m0294	m0328	52.3	2.64e-77	280
m0294	m0364	51.8	2.92e-76	276
m0294	m0398	55.5	6.51e-76	275
m0294	m0377	49.5	1.11e-75	274
m0294	m0382	49.6	5.51e-75	272
m0294	m0372	48.7	9.4e-75	271
m0294	m0305	49.8	9.4e-75	271
m0294	m0343	49.1	3.13e-70	256
m0294	m0365	48.7	9.1e-70	255
m0294	m0368	46.9	1.31e-68	251
m0294	m0349	51.4	1.9e-67	247
m0294	m0408	47.1	2.74e-66	243
m0294	m0335	46.3	8.82e-65	238
m0294	m0341	42.4	1.5e-64	237
m0294	m0330	48.2	1.96e-64	237
m0294	m0323	47.7	4.38e-64	236
m0294	m0400	47.9	1.66e-63	234
m0294	m0406	48.4	6.32e-63	232
m0294	m0321	48.4	4.1e-62	229
m0294	m0393	47.5	4.1e-62	229
m0294	m0370	46.0	4.1e-62	229
m0294	m0295	45.5	1.19e-61	228
m0294	m0297	47.8	1.56e-61	227
m0294	m0337	45.9	1.56e-61	227
m0294	m0327	45.0	1.56e-61	227
m0294	m0296	46.5	4.53e-61	226
m0294	m0348	48.4	4.53e-61	226
m0294	m0354	43.8	5.91e-61	225
m0294	m0342	47.7	1.01e-60	225
m0294	m0334	46.6	1.32e-60	224
m0294	m0356	43.1	1.32e-60	224
m0294	m0338	46.1	1.72e-60	224
m0294	m0363	47.3	2.25e-60	223
m0294	m0378	47.7	5.01e-60	222
m0294	m0345	46.2	6.54e-60	222
m0294	m0387	45.3	1.12e-59	221
m0294	m0332	47.0	1.9e-59	220
m0294	m0319	46.8	2.75e-58	216
m0294	m0311	42.3	1.36e-57	214
m0294	m0317	43.9	1.78e-57	214
m0294	m0351	41.1	1.97e-56	210
m0294	m0397	43.8	2.57e-56	210
m0294	m0410	42.5	9.77e-56	208
m0294	m0405	42.6	1.08e-54	205
m0294	m0385	43.5	1.56e-53	201
m0294	m0312	39.8	4.54e-53	199
m0294	m0383	39.7	4.25e-51	193
m0294	m0371	33.7	1.42e-38	151
m0294	m0369	35.3	9.19e-38	148
m0294	m0359	23.2	1.06e-09	55
m0294	m0396	30.3	8.96e-09	52
m0294	m0376	26.7	0.000868	35
m0294	m0409	25.8	0.0096	32
m0294	m0340	28.0	0.0096	32
m0294	m0339	22.9	0.0125	32
m0294	m0324	24.8	0.0164	31
m0294	m0411	24.4	0.0812	29
m0294	m0307	30.8	0.181	28
m0294	m0307	45.0	2	24
m0294	m0331	30.1	7.6	22
m0294	m0318	33.3	9.93	22
m0295	m0406	89.4	1.19e-148	517
m0295	m0337	56.1	3.59e-137	479
m0295	m0345	52.1	1.73e-131	460
m0295	m0342	53.6	2.94e-131	460
m0295	m0378	51.9	5.02e-131	459
m0295	m0330	58.4	5.55e-130	455
m0295	m0321	51.9	3.6e-129	453
m0295	m0348	51.1	2.33e-128	450
m0295	m0319	55.8	8.86e-128	448
m0295	m0332	49.7	5.94e-124	435
m0295	m0349	55.6	1.01e-123	434
m0295	m0393	51.0	8.31e-118	415
m0295	m0363	49.5	3.49e-116	409
m0295	m0400	52.8	7.06e-109	385
m0295	m0397	46.9	9.21e-109	385
m0295	m0335	59.9	8.07e-105	372
m0295	m0327	61.6	1.52e-103	367
m0295	m0370	64.3	1.29e-102	364
m0295	m0338	60.5	8.09e-97	345
m0295	m0296	60.0	1.38e-96	344
m0295	m0323	61.5	2.35e-96	344
m0295	m0405	51.8	1.17e-95	341
m0295	m0317	41.7	3.19e-85	307
m0295	m0297	47.4	2.07e-84	304
m0295	m0331	52.3	5.63e-82	296
m0295	m0402	52.8	8.99e-80	289
m0295	m0390	54.7	1.87e-77	281
m0295	m0299	54.1	3.2e-77	280
m0295	m0316	51.6	6.03e-76	276
m0295	m0306	51.5	7.37e-74	269
m0295	m0380	51.5	1.39e-72	265
m0295	m0394	50.4	2.01e-71	261
m0295	m0388	49.3	5.84e-71	259
m0295	m0309	46.1	1.44e-69	255
m0295	m0336	49.6	2.45e-69	254
m0295	m0377	45.6	2.08e-68	251
m0295	m0314	46.6	4.79e-65	240
m0295	m0305	44.5	1.07e-64	238
m0295	m0372	45.2	1.82e-64	238
m0295	m0382	47.0	5.29e-64	236
m0295	m0368	46.0	9.03e-64	235
m0295	m0365	44.6	1.3e-62	231
m0295	m0328	46.2	5.48e-61	226
m0295	m0343	45.2	7.15e-61	226
m0295	m0408	42.4	1.76e-59	221
m0295	m0398	45.0	1.14e-58	218
m0295	m0364	40.7	7.66e-55	206
m0295	m0341	39.5	1.5e-50	191
m0295	m0354	38.6	3.33e-50	190
m0295	m0385	42.5	2.82e-49	187
m0295	m0334	44.0	9.07e-48	182
m0295	m0387	39.5	1.31e-46	178
m0295	m0410	40.3	4.98e-46	176
m0295	m0311	37.5	1.11e-45	175
m0295	m0351	38.3	2.73e-44	171
m0295	m0312	40.1	6.08e-44	169
m0295	m0383	38.0	7.44e-42	163
m0295	m0356	39.6	9.71e-42	162
m0295	m0371	31.9	3.24e-29	121
m0295	m0369	30.6	2.1e-28	118
m0295	m0396	27.4	2.76e-12	64
m0295	m0359	25.4	6.79e-11	60
m0295	m0409	31.0	0.000276	38
m0295	m0307	23.7	0.0152	32
m0295	m0340	28.8	0.0338	31
m0295	m0339	35.0	0.0576	30
m0295	m0376	28.6	0.219	28
m0295	m0371	29.5	0.488	27
m0295	m0333	32.0	1.09	26
m0295	m0367	37.1	2.42	25
m0295	m0399	23.1	5.39	23
m0295	m0411	26.4	9.2	23
m0296	m0327	78.8	2.99e-130	456
m0296	m0335	73.9	1.39e-127	447
m0296	m0400	69.8	7.16e-116	408
m0296	m0342	66.5	1.95e-113	400
m0296	m0332	67.6	4.06e-111	392
m0296	m0393	67.0	1.54e-110	390
m0296	m0378	65.6	3.44e-110	389
m0296	m0348	67.7	1e-109	387
m0296	m0345	63.8	1.31e-109	387
m0296	m0321	66.9	8.47e-109	384
m0296	m0337	66.0	6.07e-107	378
m0296	m0363	63.9	2.55e-105	373
m0296	m0370	64.9	7.42e-105	371
m0296	m0330	64.5	2.16e-104	370
m0296	m0349	62.7	1.71e-101	360
m0296	m0323	61.6	9.39e-100	354
m0296	m0338	58.7	1.5e-97	347
m0296	m0319	65.6	1.27e-96	344
m0296	m0406	57.6	8.23e-96	341
m0296	m0405	56.6	1.66e-88	317
m0296	m0317	52.9	6.98e-87	312
m0296	m0397	53.0	3.46e-86	309
m0296	m0331	53.9	1.67e-80	290
m0296	m0402	53.8	4.1e-79	286
m0296	m0297	54.9	9.14e-79	285
m0296	m0299	52.3	1.78e-74	270
m0296	m0390	52.7	3.04e-74	270
m0296	m0380	52.2	1.51e-73	267
m0296	m0316	49.5	4.39e-73	266
m0296	m0306	48.0	7.49e-73	265
m0296	m0336	50.4	6.34e-72	262
m0296	m0394	48.9	1.2e-70	258
m0296	m0377	48.0	3.85e-69	253
m0296	m0368	47.2	5.56e-68	249
m0296	m0343	50.5	1.24e-67	248
m0296	m0309	46.5	2.33e-66	243
m0296	m0365	46.1	4.4e-65	239
m0296	m0372	46.2	9.81e-65	238
m0296	m0382	48.4	2.19e-64	237
m0296	m0398	47.5	4.87e-64	236
m0296	m0388	45.4	1.08e-63	235
m0296	m0314	44.2	5.38e-63	232
m0296	m0305	43.9	2.95e-61	226
m0296	m0328	45.8	4.26e-60	223
m0296	m0354	42.7	3.16e-55	206
m0296	m0408	42.2	1.33e-53	201
m0296	m0385	41.4	4.27e-52	196
m0296	m0364	41.1	7.29e-52	195
m0296	m0341	40.1	2.12e-51	194
m0296	m0311	40.7	2.77e-51	193
m0296	m0351	39.0	4e-50	190
m0296	m0410	40.1	3.39e-49	186
m0296	m0356	41.7	9.85e-49	185
m0296	m0312	40.7	8.34e-48	182
m0296	m0334	41.8	1.42e-47	181
m0296	m0383	36.7	2.43e-47	180
m0296	m0387	36.5	5.98e-46	176
m0296	m0371	38.5	5.24e-42	163
m0296	m0369	34.6	1.02e-29	122
m0296	m0396	27.1	5.46e-15	73
m0296	m0359	23.5	3.66e-11	60
m0296	m0409	29.4	6.05e-06	43
m0296	m0307	25.9	0.000566	36
m0296	m0376	34.5	0.000566	36
m0296	m0340	29.2	0.00281	34
m0296	m0324	26.0	0.00367	33
m0296	m0339	32.2	0.00367	33
m0296	m0325	28.1	0.00626	33
m0296	m0399	26.5	0.0139	32
m0296	m0318	28.0	0.118	28
m0296	m0403	23.6	0.154	28
m0296	m0411	28.8	0.449	27
m0296	m0367	39.5	0.999	25
m0296	m0392	23.2	2.23	24
m0296	m0378	40.0	8.46	22
m0297	m0400	57.4	3.43e-134	469
m0297	m0330	60.3	4.95e-133	465
m0297	m0317	54.3	2.23e-125	440
m0297	m0323	68.3	7.68e-110	388
m0297	m0338	68.2	3.02e-106	376
m0297	m0349	47.9	4.53e-94	336
m0297	m0321	47.2	3.83e-93	333
m0297	m0397	52.7	2.75e-91	327
m0297	m0345	46.6	3.04e-90	323
m0297	m0332	45.9	5.18e-90	322
m0297	m0348	46.4	1.51e-89	321
m0297	m0393	45.5	3.71e-88	316
m0297	m0342	46.2	6.33e-88	315
m0297	m0378	45.0	3.14e-87	313
m0297	m0363	46.8	5.36e-87	312
m0297	m0406	57.1	7.24e-84	302
m0297	m0337	43.9	1.16e-81	295
m0297	m0405	47.6	1.51e-81	294
m0297	m0319	45.4	1.28e-80	291
m0297	m0402	53.5	4.11e-79	286
m0297	m0331	54.0	5.03e-77	279
m0297	m0390	53.7	1.46e-76	278
m0297	m0327	52.7	9.48e-76	275
m0297	m0316	53.3	1.62e-75	274
m0297	m0394	53.2	1.62e-75	274
m0297	m0370	53.7	2.34e-74	270
m0297	m0335	54.0	1.16e-73	268
m0297	m0299	53.1	1.98e-73	267
m0297	m0306	52.1	7.51e-73	265
m0297	m0380	54.4	1.67e-72	264
m0297	m0309	51.2	4.12e-71	260
m0297	m0305	49.3	1.73e-69	254
m0297	m0398	51.6	4.27e-68	250
m0297	m0336	50.7	9.5e-68	248
m0297	m0368	50.0	3.61e-67	247
m0297	m0388	47.9	8.89e-66	242
m0297	m0377	47.1	1.16e-65	242
m0297	m0343	49.3	1.68e-64	238
m0297	m0365	46.8	4.13e-63	233
m0297	m0314	47.0	5.97e-62	229
m0297	m0382	45.9	8.61e-61	225
m0297	m0328	47.7	7.29e-60	222
m0297	m0372	43.3	2.59e-57	214
m0297	m0408	43.3	4.58e-54	203
m0297	m0341	44.1	5.06e-53	200
m0297	m0354	40.1	1.25e-51	195
m0297	m0364	39.6	1.63e-51	195
m0297	m0311	39.8	1.69e-48	184
m0297	m0334	42.0	6.4e-48	183
m0297	m0351	40.0	1.09e-47	182
m0297	m0410	41.0	1.09e-47	182
m0297	m0356	39.8	2.69e-46	177
m0297	m0387	41.5	5.99e-46	176
m0297	m0385	39.8	1.02e-45	175
m0297	m0312	37.8	1.25e-43	168
m0297	m0383	37.1	1.06e-42	165
m0297	m0371	35.2	2.98e-37	147
m0297	m0369	31.0	2.62e-25	107
m0297	m0396	31.1	2.54e-12	64
m0297	m0359	24.8	9.66e-12	62
m0297	m0409	30.8	0.000255	38
m0297	m0376	31.0	0.0107	32
m0297	m0307	23.2	0.0407	30
m0297	m0340	29.1	0.0407	30
m0297	m0339	37.3	0.0694	30
m0297	m0324	24.1	0.0694	30
m0297	m0367	39.4	2.23	25
m0298	m0308	25.7	1.88e-20	91
m0298	m0366	23.4	6.3	23
m0299	m0390	81.0	6.48e-135	471
m0299	m0331	72.6	2.74e-117	413
m0299	m0316	68.9	6.31e-114	401
m0299	m0402	68.8	2.65e-112	396
m0299	m0377	66.6	2.24e-111	393
m0299	m0306	66.7	8.52e-111	391
m0299	m0336	64.9	8.82e-108	381
m0299	m0380	60.6	2.1e-101	360
m0299	m0388	61.5	1.15e-99	354
m0299	m0394	59.3	4.39e-99	352
m0299	m0314	60.5	1.28e-98	351
m0299	m0372	58.2	1.56e-96	344
m0299	m0309	58.1	5.93e-96	342
m0299	m0328	61.1	2.49e-94	336
m0299	m0382	58.9	2.18e-90	323
m0299	m0398	59.9	1.73e-87	314
m0299	m0305	52.4	1.91e-86	310
m0299	m0364	55.1	5.56e-86	309
m0299	m0406	54.7	6.36e-82	295
m0299	m0323	54.9	1.85e-81	294
m0299	m0343	53.2	1.2e-80	291
m0299	m0365	49.8	2.67e-80	290
m0299	m0349	55.6	2.26e-79	287
m0299	m0330	53.3	3.86e-79	286
m0299	m0393	55.0	8.6e-79	285
m0299	m0345	55.4	1.92e-78	283
m0299	m0321	54.6	1.92e-78	283
m0299	m0348	55.4	2.5e-78	283
m0299	m0332	54.7	5.58e-78	282
m0299	m0400	54.1	7.28e-78	282
m0299	m0378	54.6	9.51e-78	281
m0299	m0338	53.1	1.24e-77	281
m0299	m0368	48.9	1.24e-77	281
m0299	m0342	54.6	3.61e-77	279
m0299	m0363	52.9	4.72e-77	279
m0299	m0370	50.5	8.05e-77	278
m0299	m0335	51.9	4.42e-75	272
m0299	m0327	50.2	1.29e-74	271
m0299	m0351	49.7	1.29e-74	271
m0299	m0341	50.0	3.17e-73	266
m0299	m0397	50.5	4.13e-73	266
m0299	m0408	48.1	1.57e-72	264
m0299	m0311	48.3	5.97e-72	262
m0299	m0337	46.8	1.33e-71	261
m0299	m0319	50.9	5.59e-70	255
m0299	m0317	48.8	7.3e-70	255
m0299	m0312	49.3	5.23e-68	249
m0299	m0356	50.2	8.92e-68	248
m0299	m0405	46.7	5.78e-67	245
m0299	m0383	46.0	2.2e-66	243
m0299	m0354	48.4	4.9e-66	242
m0299	m0410	48.1	9.23e-65	238
m0299	m0385	46.9	2.27e-63	233
m0299	m0334	47.8	6.62e-63	232
m0299	m0387	43.4	1.93e-62	230
m0299	m0371	34.8	3.77e-42	163
m0299	m0369	34.2	5.11e-31	126
m0299	m0359	26.5	6.93e-20	89
m0299	m0396	27.2	8.2e-13	65
m0299	m0307	24.2	1.36e-07	48
m0299	m0339	24.6	2.16e-05	41
m0299	m0340	26.7	0.000408	37
m0299	m0340	27.5	0.000696	36
m0299	m0324	26.1	0.000909	35
m0299	m0399	31.4	0.00119	35
m0299	m0409	26.6	0.01	32
m0299	m0376	30.7	0.145	28
m0299	m0367	33.3	1.6	25
m0300	m0376	27.8	4.63e-26	109
m0300	m0329	27.0	5.13e-17	79
m0300	m0340	24.3	2.15e-15	74
m0300	m0398	25.4	0.879	25
m0300	m0359	32.5	7.44	22
m0301	m0322	79.0	1.19e-249	853
m0301	m0343	27.1	0.0151	32
m0301	m0378	55.0	4.11	24
m0301	m0331	24.8	9.16	23
m0302	m0325	27.6	6.38e-39	153
m0302	m0346	29.3	5.4e-38	150
m0302	m0362	33.6	7.55e-32	129
m0302	m0358	24.0	9.91e-16	76
m0302	m0403	54.5	5.84	23
m0303	m0407	34.6	1.05e-21	95
m0303	m0306	25.7	0.00169	34
m0303	m0375	28.3	1.02	25
m0303	m0397	21.7	1.75	24
m0304	m0373	57.0	2.97e-138	483
m0304	m0313	37.8	6.44	23
m0304	m0366	42.3	8.42	23
m0305	m0306	56.8	1.23e-93	334
m0305	m0402	56.2	3.02e-92	329
m0305	m0380	57.1	3.34e-91	326
m0305	m0394	55.6	2.4e-89	320
m0305	m0388	53.1	5.9e-88	315
m0305	m0309	54.9	1.31e-87	314
m0305	m0390	54.2	1.72e-87	314
m0305	m0372	55.5	5e-87	312
m0305	m0336	54.6	1.23e-85	307
m0305	m0377	52.3	2.74e-85	306
m0305	m0331	53.8	2.57e-83	300
m0305	m0314	49.7	1.19e-80	291
m0305	m0328	53.5	3.83e-79	286
m0305	m0365	49.8	7.23e-78	282
m0305	m0398	51.8	2.75e-77	280
m0305	m0364	50.5	4.69e-77	279
m0305	m0316	49.1	3.04e-76	276
m0305	m0343	49.5	1.97e-75	273
m0305	m0368	48.6	6.34e-74	268
m0305	m0382	50.4	1.56e-72	264
m0305	m0323	46.3	1.79e-68	250
m0305	m0406	46.3	3.37e-67	246
m0305	m0335	47.5	3.37e-67	246
m0305	m0319	48.2	3.72e-66	243
m0305	m0330	46.6	8.29e-66	242
m0305	m0338	44.6	1.41e-65	241
m0305	m0363	46.6	1.41e-65	241
m0305	m0370	45.5	3.15e-65	240
m0305	m0345	45.5	7.02e-65	238
m0305	m0332	45.2	9.17e-65	238
m0305	m0327	45.8	9.17e-65	238
m0305	m0349	47.2	1.2e-64	238
m0305	m0393	47.3	2.26e-63	233
m0305	m0337	44.4	2.95e-63	233
m0305	m0378	45.2	6.57e-63	232
m0305	m0342	44.0	8.58e-63	231
m0305	m0321	45.5	1.12e-62	231
m0305	m0400	44.9	1.46e-62	231
m0305	m0341	43.3	4.26e-62	229
m0305	m0334	47.4	4.71e-61	226
m0305	m0348	44.7	8.03e-61	225
m0305	m0410	41.4	8.88e-60	221
m0305	m0405	43.7	1.16e-59	221
m0305	m0397	42.1	1.16e-59	221
m0305	m0354	42.6	3.37e-59	220
m0305	m0408	42.9	4.87e-58	216
m0305	m0356	42.1	1.42e-57	214
m0305	m0317	42.1	1.42e-57	214
m0305	m0351	39.7	9.19e-57	211
m0305	m0385	41.4	2.67e-56	210
m0305	m0311	41.0	5.96e-56	209
m0305	m0383	39.0	8.6e-55	205
m0305	m0312	43.1	1.47e-54	204
m0305	m0387	42.4	3.27e-54	203
m0305	m0371	35.4	1.25e-37	148
m0305	m0369	31.6	8.11e-29	119
m0305	m0359	26.7	3.2e-17	80
m0305	m0396	26.3	2.22e-10	57
m0305	m0409	25.5	9.64e-06	42
m0305	m0399	28.8	0.000107	39
m0305	m0340	32.5	0.000238	37
m0305	m0307	28.2	0.00154	35
m0305	m0376	33.3	0.00263	34
m0305	m0411	32.5	0.00343	33
m0305	m0340	29.9	0.00764	32
m0305	m0339	46.7	0.246	27
m0306	m0402	72.1	4.32e-121	425
m0306	m0380	70.1	5.84e-118	415
m0306	m0377	66.6	9.32e-116	408
m0306	m0390	67.5	6.25e-112	395
m0306	m0394	65.6	8.16e-112	394
m0306	m0331	66.1	1.07e-111	394
m0306	m0336	68.8	1.39e-111	394
m0306	m0309	65.9	1.95e-105	373
m0306	m0388	61.7	8.18e-104	368
m0306	m0316	61.8	3.56e-99	352
m0306	m0328	64.4	4.65e-99	352
m0306	m0314	59.9	1.03e-98	351
m0306	m0372	60.3	7.42e-97	345
m0306	m0398	64.0	1e-93	334
m0306	m0382	58.9	1.71e-93	334
m0306	m0364	56.3	9.71e-89	318
m0306	m0341	56.2	6.51e-85	305
m0306	m0368	53.6	4.22e-84	302
m0306	m0365	52.3	9.73e-81	291
m0306	m0335	51.3	4.09e-79	286
m0306	m0343	51.4	6.97e-79	285
m0306	m0323	52.6	1.01e-77	281
m0306	m0406	51.0	2.32e-74	270
m0306	m0338	51.4	3.96e-74	269
m0306	m0363	51.2	5.17e-74	269
m0306	m0351	49.8	8.82e-74	268
m0306	m0393	49.1	3.35e-73	266
m0306	m0349	48.9	3.35e-73	266
m0306	m0342	49.2	3.35e-73	266
m0306	m0321	51.0	5.72e-73	265
m0306	m0332	47.8	6.32e-72	262
m0306	m0348	49.0	6.32e-72	262
m0306	m0354	50.5	1.08e-71	261
m0306	m0400	49.0	1.41e-71	261
m0306	m0330	51.6	1.41e-71	261
m0306	m0311	46.6	1.84e-71	260
m0306	m0378	48.3	3.14e-71	260
m0306	m0337	47.4	4.1e-71	259
m0306	m0327	47.0	2.03e-70	257
m0306	m0312	49.6	7.73e-70	255
m0306	m0345	47.9	1.32e-69	254
m0306	m0317	47.1	2.94e-69	253
m0306	m0370	48.8	2.94e-69	253
m0306	m0397	48.8	3.84e-69	253
m0306	m0408	46.7	5.01e-69	252
m0306	m0383	49.5	1.46e-68	251
m0306	m0334	51.9	4.24e-68	249
m0306	m0356	48.0	7.23e-68	248
m0306	m0410	45.7	1.61e-67	247
m0306	m0319	48.1	8.84e-66	242
m0306	m0385	45.1	9.78e-65	238
m0306	m0405	47.6	8.28e-64	235
m0306	m0387	43.4	3.05e-58	216
m0306	m0371	35.5	4e-42	163
m0306	m0369	32.0	2.43e-31	127
m0306	m0359	27.1	9.28e-15	72
m0306	m0396	27.4	1.64e-11	61
m0306	m0324	27.9	1.03e-05	42
m0306	m0340	28.8	2.29e-05	41
m0306	m0339	33.0	2.99e-05	40
m0306	m0340	29.0	0.000737	36
m0306	m0307	21.0	0.0028	34
m0306	m0371	31.0	0.0139	32
m0306	m0330	25.4	0.0901	29
m0306	m0325	25.7	0.584	26
m0306	m0322	26.0	0.996	25
m0306	m0376	30.7	1.7	25
m0307	m0371	24.8	6.86e-08	49
m0307	m0387	21.7	1.17e-07	49
m0307	m0382	23.1	2.61e-07	47
m0307	m0359	28.6	5.81e-07	46
m0307	m0331	23.8	7.59e-07	46
m0307	m0402	22.1	1.29e-06	45
m0307	m0390	20.9	1.69e-06	45
m0307	m0332	22.8	3.77e-06	44
m0307	m0345	22.7	4.92e-06	43
m0307	m0378	23.5	1.43e-05	42
m0307	m0341	23.6	1.87e-05	41
m0307	m0314	24.4	1.87e-05	41
m0307	m0316	22.6	2.44e-05	41
m0307	m0369	23.6	3.19e-05	40
m0307	m0396	21.8	3.19e-05	40
m0307	m0363	23.3	3.19e-05	40
m0307	m0321	23.5	3.19e-05	40
m0307	m0334	21.4	5.44e-05	40
m0307	m0405	21.7	5.44e-05	40
m0307	m0398	23.2	7.1e-05	39
m0307	m0400	21.5	0.000158	38
m0307	m0338	24.4	0.000158	38
m0307	m0343	21.9	0.000207	38
m0307	m0317	22.6	0.00027	37
m0307	m0327	24.3	0.000352	37
m0307	m0342	22.2	0.00046	37
m0307	m0328	23.5	0.00046	37
m0307	m0397	22.5	0.000601	36
m0307	m0348	22.7	0.000785	36
m0307	m0393	21.2	0.00103	35
m0307	m0406	21.7	0.00103	35
m0307	m0309	23.3	0.00103	35
m0307	m0408	23.5	0.00103	35
m0307	m0394	22.7	0.00134	35
m0307	m0349	22.2	0.00298	34
m0307	m0354	22.9	0.0039	33
m0307	m0323	29.2	0.0039	33
m0307	m0330	22.7	0.00509	33
m0307	m0335	25.3	0.00509	33
m0307	m0365	24.4	0.00509	33
m0307	m0380	21.7	0.0113	32
m0307	m0319	23.8	0.0113	32
m0307	m0372	20.0	0.0148	32
m0307	m0336	20.4	0.0193	31
m0307	m0364	22.2	0.0563	30
m0307	m0337	32.7	0.0563	30
m0307	m0376	23.9	0.0563	30
m0307	m0388	25.8	0.0735	29
m0307	m0377	22.6	0.125	28
m0307	m0370	21.4	0.279	27
m0308	m0366	22.0	0.0933	29
m0308	m0381	32.6	0.122	29
m0308	m0337	50.0	1.76	25
m0308	m0396	35.1	5.12	23
m0309	m0380	62.2	3.31e-100	356
m0309	m0390	60.4	3.66e-99	352
m0309	m0377	62.7	1.39e-98	351
m0309	m0394	60.8	9.02e-98	348
m0309	m0316	59.8	2.22e-96	343
m0309	m0402	55.8	1.88e-95	340
m0309	m0336	62.6	3.55e-94	336
m0309	m0331	57.4	2.3e-93	333
m0309	m0388	54.8	6.26e-91	325
m0309	m0314	56.0	1.54e-89	320
m0309	m0382	60.3	9.99e-89	318
m0309	m0328	59.7	2.23e-88	317
m0309	m0372	58.4	8.46e-88	315
m0309	m0398	58.1	2.55e-84	303
m0309	m0364	55.0	1.55e-81	294
m0309	m0368	47.0	1.65e-75	274
m0309	m0341	51.1	2.16e-75	273
m0309	m0343	50.3	8.21e-75	272
m0309	m0365	47.5	1e-72	265
m0309	m0354	51.9	3.57e-70	256
m0309	m0408	47.6	4.66e-70	256
m0309	m0349	48.3	6.09e-70	255
m0309	m0400	48.8	1.36e-69	254
m0309	m0330	48.9	2.31e-69	253
m0309	m0338	49.8	5.16e-69	252
m0309	m0383	46.6	5.16e-69	252
m0309	m0406	46.7	1.15e-68	251
m0309	m0323	46.6	1.27e-67	248
m0309	m0335	47.1	8.23e-67	245
m0309	m0321	47.0	1.4e-66	244
m0309	m0337	45.6	1.83e-66	244
m0309	m0393	46.2	2.4e-66	243
m0309	m0405	44.2	3.13e-66	243
m0309	m0342	46.6	6.97e-66	242
m0309	m0348	45.9	9.1e-66	242
m0309	m0378	46.4	1.55e-65	241
m0309	m0397	44.9	1.55e-65	241
m0309	m0370	45.4	1.55e-65	241
m0309	m0385	47.6	2.03e-65	240
m0309	m0345	46.2	4.52e-65	239
m0309	m0332	45.8	4.52e-65	239
m0309	m0363	45.6	1.11e-63	235
m0309	m0327	47.5	1.45e-63	234
m0309	m0356	43.5	2.48e-63	233
m0309	m0334	50.6	3.24e-63	233
m0309	m0319	48.4	4.23e-63	233
m0309	m0311	43.4	5.52e-63	232
m0309	m0317	45.0	5.52e-63	232
m0309	m0351	41.3	2.1e-62	230
m0309	m0410	44.4	1.36e-61	228
m0309	m0387	44.8	1.78e-61	227
m0309	m0312	42.9	3.83e-56	210
m0309	m0371	37.7	1.16e-44	171
m0309	m0369	35.8	9.19e-34	135
m0309	m0396	29.5	1.92e-15	74
m0309	m0359	25.6	1.63e-14	71
m0309	m0409	26.8	6.21e-06	43
m0309	m0339	31.8	8.96e-05	39
m0309	m0340	27.6	0.000261	37
m0309	m0376	27.2	0.000445	37
m0309	m0324	27.3	0.0143	32
m0309	m0340	29.9	0.0319	30
m0309	m0342	38.9	0.121	28
m0309	m0330	28.4	0.121	28
m0309	m0321	28.2	0.27	27
m0309	m0403	22.5	0.46	27
m0309	m0375	37.0	1.75	25
m0310	m0399	28.4	0.249	28
m0310	m0353	33.9	3.59	24
m0311	m0351	85.9	4.51e-155	538
m0311	m0410	64.6	2.59e-118	416
m0311	m0383	61.1	1.09e-108	384
m0311	m0356	55.5	8.93e-103	364
m0311	m0312	57.9	3.63e-96	342
m0311	m0354	50.9	3.42e-78	283
m0311	m0382	48.5	1.21e-75	274
m0311	m0331	47.9	8.71e-74	268
m0311	m0402	47.1	2.53e-73	267
m0311	m0314	47.8	3.31e-73	266
m0311	m0328	51.5	3.31e-73	266
m0311	m0385	46.8	1.39e-71	261
m0311	m0316	49.3	2.62e-70	257
m0311	m0388	45.1	4.47e-70	256
m0311	m0398	48.1	4.94e-69	252
m0311	m0377	45.3	4.94e-69	252
m0311	m0336	45.3	1.44e-68	251
m0311	m0394	44.0	1.44e-68	251
m0311	m0390	45.9	1.59e-67	247
m0311	m0380	46.4	1.59e-67	247
m0311	m0368	42.9	2.22e-61	227
m0311	m0341	46.1	2.22e-61	227
m0311	m0372	42.7	2.46e-60	223
m0311	m0365	42.3	9.35e-60	221
m0311	m0334	47.9	1.22e-59	221
m0311	m0343	41.4	1.76e-58	217
m0311	m0364	40.6	1.65e-56	211
m0311	m0397	42.1	6.93e-55	205
m0311	m0400	43.1	1.31e-53	201
m0311	m0323	40.5	2.73e-51	193
m0311	m0408	39.5	3.56e-51	193
m0311	m0348	41.4	7.93e-51	192
m0311	m0370	39.0	1.35e-50	191
m0311	m0338	38.8	1.35e-50	191
m0311	m0387	40.5	1.35e-50	191
m0311	m0393	40.6	1.77e-50	191
m0311	m0363	42.2	3.94e-50	190
m0311	m0321	39.9	8.77e-50	188
m0311	m0378	39.0	3.33e-49	186
m0311	m0405	39.3	3.33e-49	186
m0311	m0317	38.6	5.68e-49	186
m0311	m0345	40.6	5.68e-49	186
m0311	m0337	38.6	9.69e-49	185
m0311	m0335	39.5	9.69e-49	185
m0311	m0319	40.6	2.82e-48	183
m0311	m0332	38.7	3.68e-48	183
m0311	m0371	37.5	1.83e-47	181
m0311	m0349	38.0	6.95e-47	179
m0311	m0406	38.7	2.64e-46	177
m0311	m0330	37.3	3.45e-46	176
m0311	m0327	38.8	3.45e-46	176
m0311	m0369	39.0	1.45e-44	171
m0311	m0342	35.5	1.36e-42	164
m0311	m0359	26.6	5.01e-21	93
m0311	m0376	30.1	2.95e-05	40
m0311	m0409	27.9	6.58e-05	39
m0311	m0340	32.9	0.000112	39
m0311	m0340	27.5	0.00361	33
m0312	m0356	60.4	5.41e-99	352
m0312	m0383	59.1	1.33e-97	347
m0312	m0351	59.0	3.88e-97	346
m0312	m0410	56.2	5.61e-88	315
m0312	m0354	50.7	2.89e-76	276
m0312	m0314	48.0	6.24e-71	258
m0312	m0328	50.2	1.81e-70	257
m0312	m0402	50.8	2.37e-70	257
m0312	m0398	46.6	3.78e-68	249
m0312	m0385	45.4	8.43e-68	248
m0312	m0390	48.4	5.46e-67	245
m0312	m0377	45.1	5.46e-67	245
m0312	m0382	45.1	2.08e-66	243
m0312	m0336	45.7	7.89e-66	242
m0312	m0331	49.1	6.68e-65	238
m0312	m0316	45.5	6.68e-65	238
m0312	m0341	46.4	3.31e-64	236
m0312	m0380	43.7	5.65e-64	235
m0312	m0368	46.0	1.64e-63	234
m0312	m0394	44.4	2.15e-63	233
m0312	m0388	41.2	1.3e-60	224
m0312	m0365	41.1	1.88e-59	220
m0312	m0372	43.2	6.05e-58	215
m0312	m0334	43.9	1.65e-55	207
m0312	m0364	40.5	7.66e-53	198
m0312	m0323	42.2	1e-52	198
m0312	m0343	40.8	1.71e-52	197
m0312	m0338	40.3	6.07e-50	189
m0312	m0397	41.3	7.93e-50	188
m0312	m0371	37.9	2.31e-49	187
m0312	m0400	39.2	1.4e-46	178
m0312	m0405	39.1	1.83e-46	177
m0312	m0332	39.5	1.83e-46	177
m0312	m0342	40.4	1.83e-46	177
m0312	m0408	37.9	4.07e-46	176
m0312	m0317	40.5	4.07e-46	176
m0312	m0378	39.0	9.07e-46	175
m0312	m0370	38.2	9.07e-46	175
m0312	m0393	39.7	1.18e-45	174
m0312	m0319	38.4	2.64e-45	173
m0312	m0348	38.8	7.68e-45	172
m0312	m0345	39.4	7.68e-45	172
m0312	m0363	39.1	1e-44	171
m0312	m0387	35.7	1.71e-44	171
m0312	m0321	37.1	2.92e-44	170
m0312	m0349	36.6	6.5e-44	169
m0312	m0369	37.5	6.5e-44	169
m0312	m0335	38.3	1.11e-43	168
m0312	m0406	38.9	2.47e-43	167
m0312	m0337	36.6	7.18e-43	165
m0312	m0330	35.5	1.77e-41	161
m0312	m0327	36.2	3.02e-41	160
m0312	m0359	26.9	2.25e-20	91
m0312	m0396	30.7	2.49e-11	60
m0312	m0340	23.7	0.0025	34
m0312	m0376	25.0	0.00949	32
m0312	m0339	25.0	0.179	28
m0312	m0407	44.0	1.52	25
m0313	m0390	35.8	0.852	26
m0313	m0358	32.6	1.11	25
m0313	m0351	39.3	7.21	23
m0314	m0328	82.4	4.22e-129	452
m0314	m0388	59.3	5.38e-100	355
m0314	m0336	63.4	1.57e-99	354
m0314	m0377	59.8	5.04e-98	349
m0314	m0331	59.7	2.76e-96	343
m0314	m0402	59.3	2.34e-95	340
m0314	m0390	58.8	4.41e-94	335
m0314	m0380	58.6	5.76e-94	335
m0314	m0382	60.5	9.83e-94	334
m0314	m0316	57.3	7.04e-92	328
m0314	m0394	57.4	9.2e-92	328
m0314	m0372	53.1	1.86e-84	304
m0314	m0341	54.8	7.8e-83	298
m0314	m0364	52.5	8.63e-82	295
m0314	m0398	55.5	2.6e-78	283
m0314	m0343	48.8	5.07e-74	269
m0314	m0365	46.8	1.63e-72	264
m0314	m0351	47.2	8.1e-72	262
m0314	m0368	46.9	1.8e-71	260
m0314	m0349	48.5	7.58e-70	255
m0314	m0408	45.5	3.76e-69	253
m0314	m0354	49.1	1.09e-68	251
m0314	m0383	45.1	4.16e-68	249
m0314	m0338	47.3	5.43e-68	249
m0314	m0356	48.9	1.21e-67	248
m0314	m0385	44.5	2.69e-67	247
m0314	m0406	46.3	4.6e-67	246
m0314	m0323	45.9	7.84e-67	245
m0314	m0330	48.8	3.89e-66	243
m0314	m0410	48.1	1.13e-65	241
m0314	m0321	44.9	8.97e-63	231
m0314	m0335	43.9	1.17e-62	231
m0314	m0363	46.4	1.17e-62	231
m0314	m0400	45.6	3.41e-62	230
m0314	m0332	45.1	4.45e-62	229
m0314	m0342	43.7	5.81e-62	229
m0314	m0393	43.5	1.3e-61	228
m0314	m0334	49.8	4.92e-61	226
m0314	m0370	43.9	4.92e-61	226
m0314	m0348	44.5	8.4e-61	225
m0314	m0345	42.9	1.43e-60	224
m0314	m0378	43.5	1.43e-60	224
m0314	m0327	43.8	2.44e-60	223
m0314	m0337	43.4	6.02e-59	219
m0314	m0317	40.5	7.86e-59	218
m0314	m0397	41.9	1.03e-58	218
m0314	m0319	44.1	1.94e-57	214
m0314	m0405	40.4	1.94e-57	214
m0314	m0387	41.9	4.31e-57	213
m0314	m0371	35.0	6.68e-42	162
m0314	m0369	35.6	4.06e-31	126
m0314	m0359	28.3	1e-21	95
m0314	m0396	28.1	1.66e-16	78
m0314	m0409	21.7	4.53e-06	43
m0314	m0376	27.6	2.25e-05	41
m0314	m0339	30.1	2.93e-05	40
m0314	m0340	28.2	0.000146	38
m0314	m0324	24.7	0.0021	34
m0314	m0411	29.2	0.0104	32
m0314	m0322	29.1	0.257	27
m0314	m0373	25.3	4.85	23
m0314	m0392	23.1	6.33	23
m0314	m0346	26.4	8.27	22
m0315	m0389	45.1	2.51e-69	253
m0315	m0320	44.0	2.51e-69	253
m0315	m0386	43.7	5.6e-69	252
m0315	m0412	41.1	5.44e-56	209
m0315	m0384	37.4	8.4e-49	185
m0315	m0353	45.9	6.25e-36	143
m0315	m0404	42.2	1.39e-35	141
m0315	m0357	42.4	1.54e-34	138
m0315	m0357	32.5	2.72e-31	127
m0315	m0379	31.2	1.4e-27	115
m0315	m0361	37.8	1.4e-27	115
m0315	m0404	39.1	5.5e-16	76
m0315	m0361	50.0	5.15e-14	70
m0315	m0353	51.9	1.04e-06	45
m0315	m0326	35.0	1.11	25
m0315	m0343	28.9	1.9	25
m0316	m0331	70.5	3.21e-118	416
m0316	m0390	69.0	1.54e-112	397
m0316	m0402	65.6	6.07e-109	385
m0316	m0336	63.4	2.73e-101	359
m0316	m0377	61.9	8.78e-100	354
m0316	m0394	59.3	5.33e-97	345
m0316	m0388	59.0	2.64e-96	343
m0316	m0380	58.3	2.09e-93	333
m0316	m0382	55.4	2.83e-90	323
m0316	m0372	56.3	2.4e-89	320
m0316	m0328	59.0	7.71e-88	315
m0316	m0398	59.8	1.31e-87	314
m0316	m0338	56.2	2.32e-84	303
m0316	m0343	51.7	2.17e-82	297
m0316	m0364	52.7	4.1e-81	292
m0316	m0323	53.9	6.99e-81	292
m0316	m0349	53.1	4.53e-80	289
m0316	m0400	52.6	1.23e-77	281
m0316	m0330	50.5	1.78e-76	277
m0316	m0345	51.2	1.78e-76	277
m0316	m0342	51.2	3.97e-76	276
m0316	m0332	50.5	6.77e-76	275
m0316	m0365	50.4	8.84e-76	275
m0316	m0397	52.5	1.51e-75	274
m0316	m0406	49.8	2.57e-75	273
m0316	m0378	50.3	3.36e-75	273
m0316	m0348	50.9	3.36e-75	273
m0316	m0321	49.1	5.73e-75	272
m0316	m0368	47.6	5.73e-75	272
m0316	m0363	49.5	5.73e-75	272
m0316	m0408	50.0	1.67e-74	270
m0316	m0393	50.2	1.67e-74	270
m0316	m0341	48.1	1.08e-73	268
m0316	m0335	51.1	1.41e-73	267
m0316	m0327	50.0	1.01e-71	261
m0316	m0405	50.9	2.94e-71	260
m0316	m0351	46.8	2.49e-70	257
m0316	m0337	48.5	5.55e-70	255
m0316	m0383	47.9	5.55e-70	255
m0316	m0317	47.8	5.55e-70	255
m0316	m0370	47.8	5.55e-70	255
m0316	m0387	48.3	2.11e-69	253
m0316	m0319	49.1	1.97e-67	247
m0316	m0354	46.3	4.4e-67	246
m0316	m0356	49.2	1.28e-66	244
m0316	m0334	54.9	2.85e-66	243
m0316	m0385	46.4	5.94e-64	235
m0316	m0410	45.4	1.24e-61	228
m0316	m0371	39.2	2.77e-45	173
m0316	m0369	37.0	2.44e-33	134
m0316	m0359	26.7	1.03e-15	75
m0316	m0396	27.5	9.62e-14	69
m0316	m0339	25.4	4.79e-05	40
m0316	m0340	26.5	0.000529	36
m0316	m0409	22.1	0.000691	36
m0316	m0324	29.6	0.00154	35
m0316	m0376	30.9	0.00448	33
m0316	m0399	28.9	0.013	32
m0316	m0376	25.9	0.0495	30
m0316	m0340	40.5	0.0647	29
m0316	m0367	37.1	7.91	22
m0317	m0397	57.5	3.48e-143	499
m0317	m0400	55.5	5.19e-139	485
m0317	m0330	57.0	2.58e-138	483
m0317	m0405	78.9	9.79e-138	481
m0317	m0349	46.2	2.36e-99	354
m0317	m0342	45.2	5.44e-96	342
m0317	m0393	45.2	5.44e-96	342
m0317	m0348	45.5	2.07e-95	341
m0317	m0337	44.9	6.01e-95	339
m0317	m0363	46.0	3.9e-94	336
m0317	m0323	58.5	3.3e-93	333
m0317	m0378	44.5	4.31e-93	333
m0317	m0345	45.0	5.63e-93	332
m0317	m0321	44.5	5.63e-93	332
m0317	m0332	44.9	2.79e-92	330
m0317	m0338	54.6	2.21e-89	320
m0317	m0327	51.2	1.59e-87	314
m0317	m0335	53.4	5.1e-86	309
m0317	m0319	43.9	2.53e-85	307
m0317	m0370	53.3	1.64e-84	304
m0317	m0406	53.2	1.44e-80	291
m0317	m0331	52.2	1.76e-78	284
m0317	m0390	50.9	5.47e-72	263
m0317	m0402	47.5	5.47e-72	263
m0317	m0380	48.8	2.81e-68	250
m0317	m0394	45.2	1.31e-65	242
m0317	m0368	45.1	4.65e-63	233
m0317	m0377	43.9	7.92e-63	232
m0317	m0336	45.0	3.01e-62	230
m0317	m0388	44.1	9.69e-61	225
m0317	m0365	43.2	1.65e-60	225
m0317	m0343	45.0	4.81e-60	223
m0317	m0408	41.5	2.23e-57	214
m0317	m0372	41.8	6.5e-57	213
m0317	m0398	45.8	4.21e-56	210
m0317	m0328	41.6	2.16e-52	198
m0317	m0382	40.5	6.29e-52	196
m0317	m0354	39.5	4.99e-49	186
m0317	m0364	37.2	7.2e-48	183
m0317	m0351	37.3	2.74e-47	181
m0317	m0341	36.9	1.77e-46	178
m0317	m0410	38.8	8.8e-46	176
m0317	m0356	38.3	3.34e-45	174
m0317	m0383	36.0	9.73e-45	172
m0317	m0385	36.2	1.66e-44	171
m0317	m0387	36.2	1.19e-42	165
m0317	m0334	36.7	3.83e-41	160
m0317	m0369	33.9	6.99e-35	139
m0317	m0371	32.0	5.92e-34	136
m0317	m0359	26.9	2.34e-14	71
m0317	m0396	26.3	7.52e-13	66
m0317	m0339	36.2	0.00317	34
m0317	m0409	35.9	0.00921	33
m0317	m0340	40.5	0.174	28
m0317	m0347	44.0	4.28	24
m0317	m0376	28.3	5.59	23
m0317	m0361	25.5	7.3	23
m0317	m0346	32.6	7.3	23
m0317	m0384	21.9	7.3	23
m0318	m0375	24.8	2.09e-05	41
m0318	m0340	30.0	2.73e-05	41
m0318	m0409	24.6	0.00256	34
m0318	m0376	23.5	0.0057	33
m0318	m0321	29.1	0.00972	32
m0318	m0409	53.3	0.0166	32
m0318	m0400	24.3	0.0166	32
m0318	m0327	26.7	0.0216	31
m0318	m0349	25.8	0.0283	31
m0318	m0335	26.0	0.0369	30
m0318	m0330	25.5	0.063	30
m0318	m0333	32.8	0.0823	29
m0318	m0348	27.6	0.0823	29
m0318	m0331	23.3	0.107	29
m0318	m0372	28.2	0.14	28
m0318	m0405	26.3	0.183	28
m0318	m0365	26.4	0.239	28
m0318	m0375	30.6	0.239	28
m0318	m0339	34.4	0.313	27
m0318	m0319	27.3	0.408	27
m0318	m0370	31.9	0.533	27
m0318	m0377	28.4	2.65	24
m0318	m0329	39.3	4.51	23
m0318	m0397	28.6	4.51	23
m0319	m0337	71.2	2.2e-176	609
m0319	m0393	58.2	1.18e-137	481
m0319	m0321	57.4	2.23e-136	476
m0319	m0342	57.2	3.21e-135	473
m0319	m0332	56.6	2.72e-134	470
m0319	m0348	57.3	4.64e-134	469
m0319	m0345	57.1	1.76e-133	467
m0319	m0378	56.6	2.3e-133	466
m0319	m0397	52.5	2.38e-130	456
m0319	m0363	55.2	3.11e-130	456
m0319	m0370	76.5	4.51e-121	426
m0319	m0327	65.3	9.44e-103	365
m0319	m0330	49.3	1.61e-102	364
m0319	m0349	50.7	2.1e-102	364
m0319	m0400	50.0	2.84e-99	353
m0319	m0335	64.1	9.14e-98	348
m0319	m0406	64.2	8.56e-96	342
m0319	m0405	49.1	2.67e-89	320
m0319	m0338	54.3	6.58e-80	289
m0319	m0323	54.4	4.27e-79	286
m0319	m0331	51.1	9.53e-71	258
m0319	m0402	49.1	5.23e-69	253
m0319	m0394	48.7	1.99e-68	251
m0319	m0380	48.9	9.86e-68	248
m0319	m0390	49.5	8.34e-67	245
m0319	m0343	50.9	1.42e-66	245
m0319	m0365	46.2	1.02e-64	238
m0319	m0398	47.8	5.6e-63	233
m0319	m0377	46.6	4.74e-62	230
m0319	m0336	46.8	6.19e-62	229
m0319	m0368	46.0	1.17e-60	225
m0319	m0388	47.1	1.99e-60	224
m0319	m0372	44.9	5.42e-58	216
m0319	m0382	45.5	5.07e-56	210
m0319	m0328	44.9	5.61e-55	206
m0319	m0408	41.5	2.61e-52	197
m0319	m0364	41.9	3.4e-52	197
m0319	m0354	42.3	3.19e-50	190
m0319	m0334	44.9	7.1e-50	189
m0319	m0341	41.1	7.85e-49	186
m0319	m0385	41.2	2.98e-48	184
m0319	m0410	40.1	3.64e-46	177
m0319	m0387	39.8	1.39e-45	175
m0319	m0351	39.1	2e-44	171
m0319	m0383	39.4	2.89e-43	167
m0319	m0356	38.7	1.87e-42	164
m0319	m0369	35.7	9.31e-34	136
m0319	m0371	31.2	2.54e-31	127
m0319	m0359	24.3	2.23e-11	61
m0319	m0396	26.2	2.09e-09	55
m0319	m0409	31.0	1.83e-05	42
m0319	m0340	29.4	5.32e-05	40
m0319	m0399	23.7	0.000345	37
m0319	m0376	34.1	0.001	36
m0319	m0339	35.6	0.16	28
m0319	m0324	22.0	0.609	27
m0319	m0367	36.8	1.77	25
m0319	m0371	31.1	2.32	25
m0319	m0326	31.8	3.02	24
m0320	m0386	46.5	1.45e-74	271
m0320	m0412	46.9	7.42e-71	258
m0320	m0404	46.0	5.88e-68	249
m0320	m0389	41.7	3.57e-65	240
m0320	m0353	42.3	9.74e-55	205
m0320	m0357	37.1	3.71e-46	176
m0320	m0384	36.2	5.36e-45	173
m0320	m0361	36.6	6.55e-43	166
m0320	m0379	32.1	1.56e-36	144
m0320	m0358	31.9	0.364	27
m0321	m0363	85.7	1.84e-229	786
m0321	m0342	84.1	5.02e-227	778
m0321	m0378	85.0	6.55e-227	777
m0321	m0345	84.6	1.46e-226	776
m0321	m0332	83.6	4.25e-226	775
m0321	m0348	83.7	1.78e-224	769
m0321	m0393	82.4	3.72e-222	762
m0321	m0400	69.1	1.14e-146	511
m0321	m0337	57.3	2.23e-142	497
m0321	m0397	52.4	1.15e-130	458
m0321	m0330	56.0	1.01e-110	391
m0321	m0349	61.8	1.61e-108	384
m0321	m0327	62.0	3.48e-103	366
m0321	m0335	63.1	2.26e-102	364
m0321	m0406	61.8	3.26e-101	360
m0321	m0370	60.2	3.73e-97	346
m0321	m0323	59.5	8.31e-97	345
m0321	m0338	58.8	2.67e-95	340
m0321	m0405	48.2	7.28e-93	332
m0321	m0331	53.8	2.69e-79	287
m0321	m0402	52.8	7.82e-79	285
m0321	m0390	53.1	1.38e-75	275
m0321	m0394	49.0	4.3e-69	253
m0321	m0380	49.1	1.25e-68	252
m0321	m0388	47.7	3.08e-67	247
m0321	m0336	49.5	4.02e-67	247
m0321	m0343	48.2	4.45e-66	243
m0321	m0368	44.3	6.42e-65	239
m0321	m0398	48.5	1.43e-64	238
m0321	m0377	46.7	9.28e-64	235
m0321	m0382	48.6	1.58e-63	235
m0321	m0372	47.8	1.34e-62	231
m0321	m0365	45.3	1.93e-61	228
m0321	m0328	46.6	6.88e-59	219
m0321	m0408	43.0	4.93e-57	213
m0321	m0364	42.3	1.14e-53	202
m0321	m0354	41.3	5.64e-53	200
m0321	m0351	38.2	1.1e-48	185
m0321	m0341	40.1	1.1e-48	185
m0321	m0334	42.3	3.2e-48	184
m0321	m0410	39.6	1.22e-47	182
m0321	m0356	41.8	3.54e-47	180
m0321	m0383	36.9	2.3e-46	178
m0321	m0385	36.4	3e-46	177
m0321	m0387	35.7	3.79e-41	160
m0321	m0371	33.9	9.67e-37	146
m0321	m0369	36.5	2.23e-33	134
m0321	m0396	29.7	2.92e-17	81
m0321	m0359	25.4	3.03e-14	71
m0321	m0409	27.3	1.15e-05	42
m0321	m0376	31.6	0.000826	36
m0321	m0324	24.0	0.00535	33
m0321	m0340	45.9	0.0156	32
m0321	m0339	29.0	0.132	29
m0321	m0411	28.6	1.12	26
m0321	m0371	33.3	1.46	25
m0321	m0367	34.9	3.25	24
m0321	m0384	28.6	9.45	23
m0322	m0343	24.3	0.00513	34
m0322	m0331	28.1	0.126	29
m0322	m0378	39.5	0.48	27
m0322	m0363	25.0	1.07	26
m0322	m0365	28.4	1.4	26
m0322	m0348	37.2	2.38	25
m0322	m0345	34.8	2.38	25
m0322	m0328	27.3	4.07	24
m0322	m0348	25.6	4.07	24
m0323	m0338	79.3	1.72e-138	483
m0323	m0400	62.8	9.51e-105	371
m0323	m0348	62.3	1.42e-100	357
m0323	m0342	61.3	2.42e-100	356
m0323	m0393	59.8	2.68e-99	353
m0323	m0332	59.6	3.5e-99	352
m0323	m0330	59.8	4.57e-99	352
m0323	m0345	61.2	2.96e-98	349
m0323	m0349	60.4	3.87e-98	349
m0323	m0378	59.4	9.53e-97	344
m0323	m0406	61.1	1.8e-95	340
m0323	m0363	57.3	2.59e-94	336
m0323	m0327	58.5	2.2e-93	333
m0323	m0397	58.4	3.75e-93	332
m0323	m0405	59.8	3.17e-92	329
m0323	m0335	58.2	2.69e-91	326
m0323	m0337	54.0	1.06e-87	314
m0323	m0331	55.4	8.94e-87	311
m0323	m0370	55.2	4.44e-86	309
m0323	m0402	54.1	3.51e-83	299
m0323	m0390	54.4	1.06e-79	288
m0323	m0380	52.3	1.87e-76	277
m0323	m0394	49.1	2.98e-74	270
m0323	m0336	48.9	3.77e-69	253
m0323	m0398	49.2	2.45e-68	250
m0323	m0368	48.5	5.45e-68	249
m0323	m0377	45.1	9.29e-68	248
m0323	m0365	45.2	3.53e-67	246
m0323	m0343	46.8	3.9e-66	243
m0323	m0388	45.9	8.7e-66	242
m0323	m0382	46.5	4.32e-65	239
m0323	m0372	43.9	9.62e-65	238
m0323	m0328	46.2	2.37e-63	233
m0323	m0408	43.4	1.54e-62	231
m0323	m0354	42.2	6.04e-59	219
m0323	m0334	46.4	2.62e-54	203
m0323	m0341	41.2	8.44e-53	198
m0323	m0356	40.2	1.88e-52	197
m0323	m0383	39.1	1.59e-51	194
m0323	m0364	39.7	2.08e-51	194
m0323	m0385	40.8	3.55e-51	193
m0323	m0387	39.1	6.05e-51	192
m0323	m0410	40.4	1.76e-50	191
m0323	m0351	39.4	1.14e-49	188
m0323	m0371	36.5	6.94e-39	152
m0323	m0369	34.3	8.78e-34	135
m0323	m0359	26.6	1.41e-15	75
m0323	m0396	29.6	2.66e-14	70
m0323	m0339	24.5	0.000146	38
m0323	m0324	26.3	0.000555	36
m0323	m0409	29.2	0.00614	33
m0323	m0340	27.7	0.0105	32
m0323	m0347	26.9	0.0305	30
m0323	m0376	27.0	0.75	26
m0323	m0357	26.3	6.35	23
m0323	m0360	32.7	8.29	22
m0324	m0388	23.6	8.82e-06	42
m0324	m0328	24.7	1.5e-05	41
m0324	m0334	28.8	9.75e-05	38
m0324	m0338	27.1	9.75e-05	38
m0324	m0330	26.6	0.000127	38
m0324	m0341	25.6	0.000217	37
m0324	m0348	24.7	0.000284	37
m0324	m0377	25.3	0.000826	35
m0324	m0363	23.4	0.000826	35
m0324	m0345	24.7	0.00108	35
m0324	m0365	24.8	0.00108	35
m0324	m0335	26.5	0.00141	34
m0324	m0378	22.9	0.00141	34
m0324	m0382	22.8	0.0024	33
m0324	m0332	22.9	0.00314	33
m0324	m0402	23.1	0.00314	33
m0324	m0393	22.7	0.00314	33
m0324	m0380	27.5	0.0041	33
m0324	m0327	24.1	0.0041	33
m0324	m0372	26.1	0.0041	33
m0324	m0342	23.7	0.00535	32
m0324	m0390	23.8	0.0119	31
m0324	m0400	23.1	0.0119	31
m0324	m0368	33.9	0.0156	31
m0324	m0337	25.0	0.0203	30
m0324	m0370	22.9	0.0203	30
m0324	m0349	25.0	0.0266	30
m0324	m0331	30.0	0.0266	30
m0324	m0392	24.7	0.0453	29
m0324	m0394	23.2	0.0592	29
m0324	m0343	26.8	0.384	26
m0324	m0398	22.1	0.384	26
m0324	m0406	23.8	0.654	25
m0325	m0346	48.2	1.14e-112	398
m0325	m0362	29.2	5.77e-32	130
m0325	m0358	27.5	9.26e-14	69
m0325	m0327	31.2	0.106	29
m0325	m0378	55.0	1.17	26
m0326	m0374	62.1	2.21e-80	290
m0326	m0355	30.3	3.48e-09	53
m0326	m0347	25.3	8.58e-08	49
m0326	m0401	25.7	4.71e-06	43
m0326	m0333	27.9	2.96	23
m0327	m0335	85.9	2.01e-148	516
m0327	m0337	65.5	1.08e-117	414
m0327	m0370	65.6	6.11e-113	398
m0327	m0400	64.4	1.36e-112	397
m0327	m0330	63.9	1.27e-110	391
m0327	m0332	64.3	1.56e-108	384
m0327	m0393	62.3	1.01e-107	381
m0327	m0342	60.2	2.94e-107	379
m0327	m0349	60.1	1.46e-106	377
m0327	m0345	60.1	4.24e-106	376
m0327	m0348	60.4	8e-105	371
m0327	m0378	59.0	1.37e-104	371
m0327	m0363	62.0	1.51e-103	367
m0327	m0406	61.8	3.85e-99	352
m0327	m0338	58.2	5.95e-92	329
m0327	m0405	55.2	1.62e-89	320
m0327	m0397	53.1	8.04e-89	318
m0327	m0402	52.4	4.89e-78	282
m0327	m0331	53.3	1.42e-77	281
m0327	m0390	50.5	2.35e-72	263
m0327	m0336	50.4	9.87e-71	258
m0327	m0380	49.1	1.29e-70	258
m0327	m0394	47.9	1.58e-68	251
m0327	m0388	47.9	2.06e-68	250
m0327	m0343	50.2	2.06e-68	250
m0327	m0377	47.0	5.07e-67	246
m0327	m0368	47.4	2.52e-66	243
m0327	m0365	48.2	3.63e-65	240
m0327	m0398	46.9	9.9e-63	231
m0327	m0382	47.4	1.29e-62	231
m0327	m0372	44.3	4.6e-60	223
m0327	m0328	45.8	5.08e-59	219
m0327	m0408	41.7	3.77e-54	203
m0327	m0364	40.8	5.44e-53	199
m0327	m0341	39.9	2.53e-50	190
m0327	m0385	40.1	4.77e-49	186
m0327	m0354	40.3	8.13e-49	185
m0327	m0410	39.3	1.1e-45	175
m0327	m0351	37.0	1.88e-45	174
m0327	m0387	38.5	4.18e-45	173
m0327	m0356	38.5	1.22e-44	171
m0327	m0334	39.8	1.22e-44	171
m0327	m0383	39.1	7.37e-42	162
m0327	m0371	33.5	4.33e-34	136
m0327	m0369	33.2	1.35e-27	115
m0327	m0359	24.9	1.23e-12	65
m0327	m0396	25.8	3.34e-10	57
m0327	m0409	25.1	8.52e-06	42
m0327	m0376	26.6	0.00104	35
m0327	m0333	44.4	0.00675	33
m0327	m0340	27.6	0.015	32
m0327	m0339	42.9	0.0256	31
m0327	m0332	29.3	0.166	28
m0327	m0399	22.8	0.166	28
m0327	m0384	40.0	1.84	25
m0327	m0367	39.5	1.84	25
m0327	m0411	26.3	2.4	24
m0327	m0392	44.4	2.4	24
m0328	m0336	66.9	2.65e-103	366
m0328	m0377	65.0	3.03e-99	352
m0328	m0402	63.7	3.71e-97	346
m0328	m0382	62.7	2.03e-95	340
m0328	m0388	60.7	2.94e-94	336
m0328	m0331	62.5	5.54e-93	332
m0328	m0380	61.8	1.23e-92	330
m0328	m0394	61.0	1.16e-90	324
m0328	m0341	60.4	1.2e-87	314
m0328	m0390	57.3	2.04e-87	313
m0328	m0364	56.0	1.98e-82	297
m0328	m0372	56.0	2.18e-81	293
m0328	m0398	56.1	2.04e-79	287
m0328	m0365	49.4	1.68e-73	267
m0328	m0343	52.5	4.88e-73	265
m0328	m0351	50.0	4.13e-72	262
m0328	m0354	51.3	2.96e-70	256
m0328	m0383	49.1	8.61e-70	255
m0328	m0368	47.5	1.92e-69	253
m0328	m0356	48.5	6.17e-68	248
m0328	m0410	47.0	2.59e-66	243
m0328	m0385	48.3	2.59e-66	243
m0328	m0334	51.3	4.14e-64	236
m0328	m0408	46.2	1.2e-63	234
m0328	m0338	46.2	1.13e-61	228
m0328	m0330	47.0	1.47e-61	227
m0328	m0349	46.6	4.28e-61	226
m0328	m0335	46.2	1.63e-60	224
m0328	m0363	47.7	6.18e-60	222
m0328	m0400	46.2	8.08e-60	221
m0328	m0406	45.5	1.05e-59	221
m0328	m0332	46.2	1.8e-59	220
m0328	m0342	45.5	4.43e-58	216
m0328	m0348	45.1	9.87e-58	215
m0328	m0370	44.5	2.87e-57	213
m0328	m0378	45.5	2.87e-57	213
m0328	m0393	44.5	3.75e-57	213
m0328	m0387	44.1	4.9e-57	212
m0328	m0345	44.7	8.36e-57	211
m0328	m0337	44.3	2.43e-56	210
m0328	m0397	42.7	5.42e-56	209
m0328	m0405	41.9	2.52e-53	200
m0328	m0371	36.1	2.79e-44	170
m0328	m0369	35.2	2.71e-31	127
m0328	m0359	27.6	2.63e-18	84
m0328	m0396	26.8	7.67e-10	55
m0328	m0339	32.3	2.55e-05	40
m0328	m0376	27.2	5.68e-05	39
m0328	m0340	26.9	9.7e-05	39
m0328	m0409	22.2	0.000481	36
m0328	m0411	31.5	0.00183	34
m0328	m0409	30.0	0.381	27
m0328	m0346	32.3	9.39	22
m0329	m0376	28.7	8.37e-25	105
m0329	m0340	34.6	6.42e-17	79
m0329	m0409	29.6	4.93e-09	53
m0329	m0367	23.4	3.2	23
m0330	m0400	67.1	3.28e-164	569
m0330	m0349	63.5	1.03e-141	494
m0330	m0406	73.9	2.15e-123	433
m0330	m0337	52.2	4.34e-116	409
m0330	m0332	55.1	4.8e-115	406
m0330	m0342	53.5	4.06e-114	403
m0330	m0348	56.8	1.54e-113	401
m0330	m0345	56.2	2.63e-113	400
m0330	m0393	55.6	1e-112	398
m0330	m0378	54.5	1.71e-112	397
m0330	m0363	51.2	1.35e-109	387
m0330	m0335	67.5	3.33e-108	383
m0330	m0370	67.0	3.68e-107	379
m0330	m0397	52.6	3.34e-100	356
m0330	m0338	60.1	1.55e-97	347
m0330	m0405	51.0	9.74e-92	328
m0330	m0331	54.0	9.14e-82	295
m0330	m0402	54.4	5.92e-81	292
m0330	m0390	53.6	1.05e-77	282
m0330	m0380	52.9	5.37e-74	269
m0330	m0336	51.8	3.26e-71	260
m0330	m0368	48.5	1.05e-69	255
m0330	m0388	48.2	1.05e-69	255
m0330	m0394	47.8	2.58e-68	250
m0330	m0377	49.8	3.37e-68	250
m0330	m0365	46.9	7.51e-68	249
m0330	m0372	48.1	5.38e-66	243
m0330	m0343	48.1	1.02e-64	238
m0330	m0382	46.3	2.95e-64	237
m0330	m0398	49.8	8.59e-64	235
m0330	m0408	42.9	2.19e-59	221
m0330	m0364	40.8	1.05e-53	202
m0330	m0334	41.4	2.43e-50	191
m0330	m0354	39.1	2.43e-50	191
m0330	m0341	41.3	4.14e-50	190
m0330	m0385	40.5	5.41e-50	190
m0330	m0410	36.8	6.61e-48	183
m0330	m0387	38.7	6.61e-48	183
m0330	m0351	38.8	7.31e-47	179
m0330	m0356	38.2	2.2e-43	168
m0330	m0383	34.6	8.36e-43	166
m0330	m0371	33.5	8.38e-35	139
m0330	m0369	30.7	2.36e-29	121
m0330	m0396	28.0	1.07e-13	69
m0330	m0359	23.4	3.43e-12	64
m0330	m0409	28.6	9.04e-05	39
m0330	m0340	28.9	0.00291	34
m0330	m0362	26.4	0.0321	31
m0330	m0376	31.0	0.042	30
m0330	m0333	28.0	0.122	29
m0330	m0375	29.2	0.16	28
m0330	m0399	24.1	0.208	28
m0330	m0339	35.0	0.208	28
m0331	m0402	72.2	3.58e-120	422
m0331	m0390	70.7	1.15e-118	417
m0331	m0336	66.8	2.04e-107	380
m0331	m0380	66.1	6.56e-106	375
m0331	m0377	62.7	8.57e-106	374
m0331	m0394	60.1	1.91e-97	347
m0331	m0388	59.7	1.05e-95	341
m0331	m0382	59.9	5.39e-92	329
m0331	m0372	56.6	2.05e-91	327
m0331	m0398	60.9	5.05e-90	322
m0331	m0349	54.2	2.05e-83	300
m0331	m0335	54.1	1.47e-81	294
m0331	m0343	52.3	1.92e-81	294
m0331	m0397	55.5	2.51e-81	293
m0331	m0406	53.3	5.59e-81	292
m0331	m0338	52.8	2.78e-80	290
m0331	m0400	54.8	3.63e-80	289
m0331	m0342	52.9	4.01e-79	286
m0331	m0348	52.3	5.23e-79	285
m0331	m0364	50.9	6.84e-79	285
m0331	m0363	53.0	1.17e-78	284
m0331	m0332	52.4	1.99e-78	283
m0331	m0393	52.2	2.6e-78	283
m0331	m0337	51.6	5.79e-78	282
m0331	m0378	52.0	2.2e-77	280
m0331	m0368	49.7	4.9e-77	279
m0331	m0345	52.6	6.4e-77	278
m0331	m0341	51.9	8.36e-77	278
m0331	m0370	51.7	5.42e-76	275
m0331	m0365	50.0	1.58e-75	274
m0331	m0351	49.2	7.82e-75	272
m0331	m0408	48.5	2.28e-74	270
m0331	m0405	51.0	1.13e-73	268
m0331	m0354	49.7	8.1e-72	262
m0331	m0356	46.0	1.87e-68	250
m0331	m0387	44.9	2.44e-68	250
m0331	m0410	48.0	3.18e-68	250
m0331	m0334	46.7	6.64e-66	242
m0331	m0383	45.6	6.64e-66	242
m0331	m0385	46.1	3.08e-63	233
m0331	m0371	38.2	4.19e-44	169
m0331	m0369	36.5	7.91e-35	139
m0331	m0359	28.1	1.15e-17	82
m0331	m0396	29.5	4.08e-15	73
m0331	m0339	28.9	2.03e-06	44
m0331	m0409	22.7	3.83e-05	40
m0331	m0340	30.9	0.000146	38
m0331	m0340	27.9	0.00161	35
m0331	m0376	24.2	0.976	25
m0331	m0348	35.9	2.84	24
m0332	m0378	88.3	4.13e-248	848
m0332	m0342	87.8	5.4e-248	847
m0332	m0345	88.9	9.21e-248	847
m0332	m0348	84.8	1.13e-237	813
m0332	m0393	81.4	1.34e-230	790
m0332	m0363	82.0	8.68e-222	760
m0332	m0400	65.7	3.84e-153	532
m0332	m0337	54.3	2.34e-142	497
m0332	m0397	50.0	1.25e-127	448
m0332	m0349	49.9	8.96e-110	388
m0332	m0335	63.3	3.77e-108	383
m0332	m0406	62.0	2e-101	361
m0332	m0338	56.4	2.53e-96	344
m0332	m0370	60.6	1.26e-95	341
m0332	m0405	49.5	6.24e-95	339
m0332	m0402	53.1	4.8e-79	286
m0332	m0390	53.7	4.96e-76	276
m0332	m0394	49.3	3.45e-69	253
m0332	m0343	48.8	8.49e-68	249
m0332	m0380	47.9	1.11e-67	248
m0332	m0336	49.8	4.21e-67	247
m0332	m0388	44.9	9.39e-67	245
m0332	m0368	45.6	2.31e-65	241
m0332	m0398	48.7	1.5e-64	238
m0332	m0377	44.7	8.22e-63	232
m0332	m0372	46.2	1.4e-62	231
m0332	m0382	47.2	1.83e-62	231
m0332	m0365	44.1	2.64e-61	227
m0332	m0408	42.6	6.74e-57	213
m0332	m0354	40.8	1.45e-51	195
m0332	m0364	39.7	2.74e-50	191
m0332	m0334	40.1	1.36e-49	188
m0332	m0341	42.3	4.38e-48	183
m0332	m0351	38.6	2.84e-47	181
m0332	m0356	41.8	2.84e-47	181
m0332	m0410	40.8	1.84e-46	178
m0332	m0385	38.7	2.4e-46	178
m0332	m0383	35.9	3.14e-46	177
m0332	m0387	37.8	1.32e-44	172
m0332	m0371	36.0	7.01e-38	149
m0332	m0369	36.6	3.05e-33	134
m0332	m0396	30.3	1.47e-19	89
m0332	m0359	24.3	1.2e-13	69
m0332	m0409	26.9	1.68e-07	49
m0332	m0376	31.6	0.00193	35
m0332	m0340	48.6	0.00429	34
m0332	m0339	32.9	0.0125	32
m0332	m0411	28.3	0.18	28
m0332	m0399	29.4	0.308	28
m0332	m0403	26.7	2.6	25
m0333	m0375	41.8	5.02e-70	256
m0333	m0387	28.7	0.0031	34
m0333	m0335	42.2	0.00405	33
m0333	m0400	24.7	0.0448	30
m0333	m0393	32.6	0.0998	29
m0333	m0399	38.2	0.647	26
m0333	m0406	30.0	0.845	26
m0333	m0376	52.2	1.44	25
m0333	m0387	22.0	1.88	25
m0333	m0368	33.9	2.46	24
m0333	m0403	23.3	4.19	23
m0334	m0380	50.4	2.56e-72	263
m0334	m0402	52.3	4.83e-71	259
m0334	m0336	49.0	1.04e-65	241
m0334	m0398	51.5	1.78e-65	240
m0334	m0394	45.3	5.17e-65	239
m0334	m0390	48.1	1.5e-64	237
m0334	m0377	49.8	9.75e-64	235
m0334	m0382	44.6	1.08e-62	231
m0334	m0341	46.7	4.1e-62	229
m0334	m0388	42.9	9.12e-62	228
m0334	m0365	41.0	2.48e-59	220
m0334	m0383	46.9	5.54e-59	219
m0334	m0356	44.5	1.23e-58	218
m0334	m0372	47.0	2.1e-58	217
m0334	m0343	46.7	6.12e-58	215
m0334	m0368	40.2	2.33e-57	213
m0334	m0351	41.0	6.77e-57	212
m0334	m0408	47.0	1.51e-56	211
m0334	m0354	43.2	1.67e-55	207
m0334	m0364	46.4	3.71e-55	206
m0334	m0349	44.6	8.27e-55	205
m0334	m0410	43.0	5.36e-54	202
m0334	m0387	41.8	2.66e-53	200
m0334	m0338	45.5	3.48e-53	200
m0334	m0385	42.1	2.49e-51	193
m0334	m0337	42.1	7.25e-51	192
m0334	m0400	44.6	6.13e-50	189
m0334	m0370	39.9	6.13e-50	189
m0334	m0345	40.5	1.78e-49	187
m0334	m0342	42.2	2.33e-49	187
m0334	m0363	40.1	5.19e-49	186
m0334	m0393	42.7	1.16e-48	184
m0334	m0378	41.9	1.97e-48	184
m0334	m0335	39.1	4.4e-48	183
m0334	m0348	40.1	5.74e-48	182
m0334	m0406	44.0	1.08e-46	178
m0334	m0405	37.7	2.26e-44	170
m0334	m0397	40.2	5.56e-43	166
m0334	m0371	34.1	3.38e-32	130
m0334	m0369	34.6	1.2e-29	121
m0334	m0359	28.0	2.2e-15	74
m0334	m0396	29.3	2.06e-13	67
m0334	m0339	28.8	9.27e-06	42
m0334	m0340	29.0	7.85e-05	39
m0334	m0376	35.7	0.0125	32
m0335	m0337	67.1	1.17e-113	401
m0335	m0370	67.2	2.07e-110	390
m0335	m0400	65.0	6.02e-110	388
m0335	m0342	63.3	8.69e-109	384
m0335	m0393	63.9	4.32e-108	382
m0335	m0348	62.5	3.09e-106	376
m0335	m0345	62.3	2e-105	373
m0335	m0378	60.0	1.3e-104	371
m0335	m0349	60.5	4.18e-103	366
m0335	m0363	62.2	1.59e-102	364
m0335	m0406	59.9	3e-101	359
m0335	m0338	56.7	6.26e-91	325
m0335	m0397	53.4	7.16e-87	312
m0335	m0405	55.5	2.72e-86	310
m0335	m0402	52.4	8.48e-80	288
m0335	m0390	52.4	6.08e-78	282
m0335	m0394	50.5	3.69e-75	273
m0335	m0380	52.1	3.12e-74	270
m0335	m0336	50.2	4.22e-71	259
m0335	m0343	51.4	1.6e-70	257
m0335	m0388	49.5	3.95e-69	253
m0335	m0377	46.0	8.8e-69	252
m0335	m0368	50.0	1.96e-68	250
m0335	m0365	47.6	1.55e-65	241
m0335	m0398	48.1	2.65e-65	240
m0335	m0372	46.0	3.24e-63	233
m0335	m0382	46.9	7.97e-62	228
m0335	m0408	43.2	6.99e-58	215
m0335	m0364	40.8	4.24e-55	206
m0335	m0385	42.0	3.97e-53	200
m0335	m0354	42.0	1.28e-51	195
m0335	m0341	39.9	3.14e-50	190
m0335	m0351	38.0	1.12e-47	181
m0335	m0410	40.0	5.55e-47	179
m0335	m0387	39.1	1.24e-46	178
m0335	m0356	38.1	3.04e-45	173
m0335	m0383	38.1	1.16e-44	171
m0335	m0371	33.0	4.56e-33	133
m0335	m0369	32.2	8.9e-29	119
m0335	m0359	23.1	1.69e-11	61
m0335	m0396	24.4	1.02e-08	52
m0335	m0409	25.3	9.57e-07	45
m0335	m0376	32.2	0.00169	35
m0335	m0340	26.5	0.0544	30
m0335	m0339	35.5	0.0544	30
m0335	m0371	26.2	0.207	28
m0335	m0399	25.6	0.207	28
m0335	m0384	42.9	0.352	27
m0335	m0392	24.0	0.601	26
m0335	m0350	35.1	5.09	23
m0335	m0411	42.1	6.65	23
m0335	m0409	27.5	8.68	22
m0336	m0377	78.8	5.63e-128	448
m0336	m0402	68.1	3.92e-113	399
m0336	m0394	64.4	2.08e-106	376
m0336	m0380	64.3	5.67e-104	368
m0336	m0390	63.5	9.67e-104	367
m0336	m0388	59.9	2.55e-96	343
m0336	m0382	58.7	3.45e-93	332
m0336	m0372	56.0	3.13e-86	309
m0336	m0398	57.0	3.82e-84	302
m0336	m0365	52.7	4.22e-83	299
m0336	m0364	52.6	1.15e-80	291
m0336	m0341	52.2	3.7e-79	286
m0336	m0343	54.0	2.25e-76	277
m0336	m0368	48.6	6.53e-76	275
m0336	m0351	46.1	4.84e-71	259
m0336	m0349	50.7	5.36e-70	255
m0336	m0406	49.5	1.19e-69	254
m0336	m0338	48.2	2.66e-69	253
m0336	m0400	50.2	2.25e-68	250
m0336	m0354	48.2	3.25e-67	246
m0336	m0342	49.3	2.75e-66	243
m0336	m0370	47.3	4.69e-66	242
m0336	m0363	47.9	6.13e-66	242
m0336	m0348	49.3	6.13e-66	242
m0336	m0345	48.8	8e-66	242
m0336	m0337	47.3	1.78e-65	240
m0336	m0393	47.6	1.78e-65	240
m0336	m0383	43.9	3.97e-65	239
m0336	m0385	45.9	3.97e-65	239
m0336	m0378	49.3	1.16e-64	238
m0336	m0397	46.3	1.28e-63	234
m0336	m0408	47.3	2.18e-63	233
m0336	m0410	45.9	4.86e-63	232
m0336	m0356	45.3	3.15e-62	230
m0336	m0405	45.9	5.37e-62	229
m0336	m0387	45.5	2.33e-57	213
m0336	m0371	39.5	7.04e-46	175
m0336	m0369	33.0	4.59e-29	119
m0336	m0359	26.8	8.97e-17	79
m0336	m0396	28.8	3.41e-16	77
m0336	m0339	29.2	1.7e-07	48
m0336	m0340	29.9	0.000134	38
m0336	m0399	28.0	0.000134	38
m0336	m0376	28.3	0.000299	37
m0336	m0394	30.8	4.47	23
m0336	m0347	37.8	5.84	23
m0336	m0367	37.2	9.97	22
m0337	m0393	56.4	2.19e-145	507
m0337	m0342	55.8	4.88e-145	505
m0337	m0345	55.5	1.2e-143	501
m0337	m0348	55.5	1.33e-142	497
m0337	m0363	55.7	5.23e-139	485
m0337	m0370	78.3	2.87e-137	480
m0337	m0378	52.9	4.89e-137	479
m0337	m0397	52.4	2.06e-135	473
m0337	m0349	48.8	5.1e-110	389
m0337	m0400	49.1	6.23e-108	382
m0337	m0406	57.5	1.94e-101	361
m0337	m0405	52.0	1.44e-96	344
m0337	m0338	52.8	2.39e-83	300
m0337	m0402	51.8	1.4e-75	275
m0337	m0380	49.8	4.98e-73	266
m0337	m0368	47.7	2.09e-71	261
m0337	m0390	47.8	4.67e-71	260
m0337	m0394	46.6	1.66e-68	251
m0337	m0343	47.5	6.53e-65	239
m0337	m0365	44.3	7.21e-64	236
m0337	m0388	46.1	2.74e-63	234
m0337	m0398	46.7	7.98e-63	232
m0337	m0377	43.6	1.78e-62	231
m0337	m0408	43.0	3.47e-58	217
m0337	m0382	42.9	5.92e-58	216
m0337	m0372	41.3	3.83e-57	213
m0337	m0354	42.3	3.04e-54	204
m0337	m0364	39.5	6.33e-52	196
m0337	m0387	39.0	2.94e-49	187
m0337	m0385	39.2	6.56e-49	186
m0337	m0351	39.1	2.49e-48	184
m0337	m0410	39.9	5.55e-48	183
m0337	m0341	39.4	9.47e-48	182
m0337	m0356	38.5	2.18e-44	171
m0337	m0383	35.4	1.01e-41	162
m0337	m0371	33.8	3.49e-34	137
m0337	m0369	33.6	3.06e-30	124
m0337	m0396	28.0	1.43e-11	62
m0337	m0359	23.8	1.02e-09	56
m0337	m0409	27.8	2e-05	42
m0337	m0340	28.4	0.000221	38
m0337	m0376	27.4	0.000642	37
m0337	m0399	23.1	0.134	29
m0337	m0339	33.8	0.228	28
m0337	m0367	37.2	1.13	26
m0337	m0392	24.3	4.31	24
m0338	m0400	61.0	2.33e-103	366
m0338	m0342	59.3	4.54e-99	352
m0338	m0393	59.3	7.74e-99	351
m0338	m0345	58.4	8.56e-98	348
m0338	m0349	59.9	2.11e-96	343
m0338	m0406	60.9	2.11e-96	343
m0338	m0348	57.1	2.75e-96	343
m0338	m0378	56.5	8.86e-95	338
m0338	m0363	56.0	1.28e-93	334
m0338	m0397	56.3	7.02e-92	328
m0338	m0405	57.3	1.46e-89	320
m0338	m0370	56.4	2.19e-85	307
m0338	m0390	53.5	1.16e-78	284
m0338	m0402	51.2	2.19e-77	280
m0338	m0380	52.4	6.6e-74	268
m0338	m0394	50.9	4.28e-73	266
m0338	m0377	47.3	6.39e-69	252
m0338	m0388	47.7	6.39e-69	252
m0338	m0365	46.7	8.35e-69	252
m0338	m0343	48.0	1.86e-68	250
m0338	m0398	49.2	7.81e-67	245
m0338	m0368	47.2	3.88e-66	243
m0338	m0382	45.7	7.57e-62	228
m0338	m0408	42.9	9.89e-62	228
m0338	m0372	44.4	6.41e-61	225
m0338	m0354	39.2	8.11e-56	208
m0338	m0385	43.3	1.81e-55	207
m0338	m0341	42.6	3.77e-53	200
m0338	m0383	39.4	1.58e-51	194
m0338	m0364	41.2	1.75e-50	191
m0338	m0387	40.9	3.9e-50	190
m0338	m0351	40.4	5.09e-50	189
m0338	m0410	41.5	1.13e-49	188
m0338	m0356	39.9	9.6e-49	185
m0338	m0371	35.8	9.62e-41	158
m0338	m0369	33.1	5.65e-33	132
m0338	m0396	28.3	3.45e-14	70
m0338	m0359	25.1	1.45e-12	65
m0338	m0339	25.6	0.000551	36
m0338	m0409	28.7	0.0016	35
m0338	m0340	27.4	0.0232	31
m0338	m0376	28.1	0.088	29
m0338	m0399	30.4	4.83	23
m0338	m0392	23.5	6.31	23
m0339	m0390	27.2	1.38e-05	42
m0339	m0394	33.0	1.8e-05	41
m0339	m0365	24.0	3.07e-05	40
m0339	m0372	28.0	5.24e-05	40
m0339	m0402	30.6	0.000152	38
m0339	m0380	27.4	0.000152	38
m0339	m0397	32.0	0.000199	38
m0339	m0382	37.5	0.00026	37
m0339	m0377	29.4	0.000339	37
m0339	m0398	24.7	0.000339	37
m0339	m0400	36.3	0.000339	37
m0339	m0388	29.4	0.000443	37
m0339	m0364	22.4	0.000443	37
m0339	m0341	23.4	0.000756	36
m0339	m0342	32.3	0.0022	34
m0339	m0405	36.2	0.00287	34
m0339	m0343	23.9	0.00375	33
m0339	m0345	31.2	0.00836	32
m0339	m0349	31.5	0.0109	32
m0339	m0408	28.9	0.0186	31
m0339	m0406	24.0	0.0318	30
m0339	m0393	31.2	0.0318	30
m0339	m0348	27.8	0.0415	30
m0339	m0370	33.3	0.0542	30
m0339	m0378	31.5	0.158	28
m0339	m0363	23.6	0.269	27
m0339	m0387	27.6	2.28	24
m0340	m0376	38.1	3.99e-40	156
m0340	m0409	44.3	1.48e-18	84
m0340	m0377	30.9	1.69e-06	44
m0340	m0368	30.6	1.1e-05	42
m0340	m0409	25.0	2.44e-05	40
m0340	m0372	27.9	2.44e-05	40
m0340	m0408	29.7	5.45e-05	39
m0340	m0351	33.7	7.11e-05	39
m0340	m0388	21.9	0.000121	38
m0340	m0365	34.1	0.000121	38
m0340	m0380	29.5	0.000207	37
m0340	m0356	28.2	0.000207	37
m0340	m0394	34.2	0.000353	37
m0340	m0349	29.6	0.000461	36
m0340	m0370	28.1	0.000461	36
m0340	m0344	48.0	0.000461	36
m0340	m0351	28.2	0.000461	36
m0340	m0356	27.8	0.000602	36
m0340	m0364	44.7	0.000786	35
m0340	m0387	28.8	0.00103	35
m0340	m0363	30.5	0.00103	35
m0340	m0382	26.1	0.00134	35
m0340	m0402	25.4	0.00134	35
m0340	m0378	48.6	0.00175	34
m0340	m0369	27.3	0.00299	33
m0340	m0382	27.7	0.00299	33
m0340	m0390	38.3	0.0039	33
m0340	m0400	29.8	0.0039	33
m0340	m0377	29.0	0.0039	33
m0340	m0348	45.9	0.0051	33
m0340	m0394	25.0	0.00666	32
m0340	m0342	45.9	0.00666	32
m0340	m0345	45.9	0.00869	32
m0340	m0393	45.9	0.0114	32
m0340	m0383	25.0	0.0114	32
m0340	m0406	27.5	0.0194	31
m0340	m0354	26.6	0.0194	31
m0340	m0385	26.5	0.0194	31
m0340	m0410	26.2	0.0431	30
m0340	m0398	36.6	0.0563	29
m0340	m0405	24.4	0.0736	29
m0340	m0343	28.6	0.214	27
m0340	m0385	100.0	0.365	27
m0340	m0359	27.8	0.477	26
m0340	m0341	23.0	0.623	26
m0340	m0397	40.5	1.81	24
m0340	m0375	48.1	2.37	24
m0340	m0386	36.4	9	22
m0341	m0382	63.9	5.17e-105	372
m0341	m0377	52.7	3.98e-81	292
m0341	m0402	50.0	5.2e-81	292
m0341	m0380	48.9	1.47e-75	274
m0341	m0394	48.8	7.27e-75	272
m0341	m0390	49.1	6.37e-71	258
m0341	m0388	47.6	3.16e-70	256
m0341	m0372	48.5	7.79e-69	252
m0341	m0354	48.4	3.87e-68	249
m0341	m0364	48.6	1.29e-63	234
m0341	m0398	45.9	1.42e-62	231
m0341	m0356	46.6	5.41e-62	229
m0341	m0351	46.5	2.68e-61	226
m0341	m0343	45.1	2.68e-61	226
m0341	m0383	46.4	7.81e-61	225
m0341	m0365	44.2	7.81e-61	225
m0341	m0408	43.9	1.02e-60	225
m0341	m0387	45.9	1.33e-60	224
m0341	m0368	43.7	6.61e-60	222
m0341	m0410	44.5	1.06e-57	215
m0341	m0385	44.4	1.8e-57	214
m0341	m0349	41.9	2.97e-52	196
m0341	m0406	41.5	2.52e-51	193
m0341	m0397	41.0	7.33e-51	192
m0341	m0363	39.3	1.06e-49	188
m0341	m0342	41.1	2.36e-49	187
m0341	m0348	42.3	4.02e-49	186
m0341	m0400	41.9	6.86e-49	185
m0341	m0370	39.2	1.99e-48	184
m0341	m0345	40.4	3.4e-48	183
m0341	m0378	38.8	2.88e-47	180
m0341	m0393	38.2	3.76e-47	179
m0341	m0405	36.2	1.43e-46	178
m0341	m0371	36.2	1.75e-44	171
m0341	m0369	35.1	2e-32	131
m0341	m0359	26.1	2.38e-17	80
m0341	m0396	27.4	3.21e-14	70
m0341	m0400	33.3	0.000177	38
m0341	m0411	29.8	0.0097	32
m0341	m0376	23.4	0.0481	30
m0341	m0399	25.1	0.0481	30
m0341	m0409	22.2	0.0629	29
m0341	m0376	26.7	0.0821	29
m0341	m0371	22.9	0.408	27
m0341	m0348	23.8	1.55	25
m0342	m0345	91.5	1.33e-254	869
m0342	m0378	88.0	5.97e-247	844
m0342	m0348	87.0	1.52e-242	829
m0342	m0393	85.6	3.39e-242	828
m0342	m0363	81.1	4.03e-219	752
m0342	m0400	67.4	7.48e-157	545
m0342	m0397	54.6	1.12e-136	478
m0342	m0349	60.9	1.06e-110	391
m0342	m0406	59.4	2.14e-103	367
m0342	m0405	50.8	2.99e-97	347
m0342	m0370	61.3	1.14e-96	345
m0342	m0402	52.7	1.26e-79	288
m0342	m0390	52.6	5.49e-75	273
m0342	m0394	49.5	9.07e-70	255
m0342	m0343	50.0	4.5e-69	253
m0342	m0388	45.7	1.89e-67	248
m0342	m0380	48.4	2.47e-67	247
m0342	m0368	46.0	8.78e-65	239
m0342	m0398	47.7	1.5e-64	238
m0342	m0382	48.3	7.44e-64	236
m0342	m0365	47.4	7.44e-64	236
m0342	m0377	44.7	2.39e-62	231
m0342	m0372	46.0	4.08e-62	230
m0342	m0408	43.4	5.51e-59	220
m0342	m0354	43.0	8.24e-55	206
m0342	m0351	40.9	3.58e-50	190
m0342	m0364	39.1	6.11e-50	190
m0342	m0385	39.3	8.83e-49	186
m0342	m0410	41.8	1.51e-48	185
m0342	m0383	37.6	3.35e-48	184
m0342	m0356	41.4	3.14e-46	177
m0342	m0387	37.5	1.46e-43	168
m0342	m0371	36.4	7.01e-38	149
m0342	m0369	33.3	8.02e-34	136
m0342	m0396	29.9	2.5e-19	88
m0342	m0359	23.7	1.2e-13	69
m0342	m0409	23.8	3.39e-08	51
m0342	m0376	32.7	0.000228	38
m0342	m0411	28.6	0.0475	30
m0342	m0399	29.4	0.18	28
m0342	m0403	27.6	0.525	27
m0342	m0367	34.9	2.6	25
m0342	m0403	22.7	4.44	24
m0342	m0356	34.1	7.58	23
m0343	m0380	55.5	3.36e-86	309
m0343	m0390	52.5	2.66e-83	300
m0343	m0402	53.0	5.02e-82	295
m0343	m0388	50.7	3.05e-79	286
m0343	m0394	51.2	1.98e-78	283
m0343	m0368	50.2	4.56e-75	272
m0343	m0377	50.5	3.86e-74	269
m0343	m0398	53.3	1.47e-73	267
m0343	m0365	47.9	4.71e-72	262
m0343	m0382	47.3	3.06e-71	260
m0343	m0372	49.5	2.19e-69	253
m0343	m0345	50.0	6.37e-69	252
m0343	m0393	50.7	1.09e-68	251
m0343	m0400	51.2	5.39e-68	249
m0343	m0349	49.0	7.79e-67	245
m0343	m0378	49.1	1.02e-66	245
m0343	m0348	49.2	1.33e-66	244
m0343	m0370	46.8	1.62e-64	237
m0343	m0408	45.3	3.06e-63	233
m0343	m0397	47.7	3.06e-63	233
m0343	m0385	44.9	2.87e-61	226
m0343	m0406	45.2	1.42e-60	224
m0343	m0405	45.5	2.43e-60	223
m0343	m0364	44.2	1.57e-59	221
m0343	m0351	40.7	2.51e-57	213
m0343	m0354	40.8	2.78e-56	210
m0343	m0383	40.5	8.93e-55	205
m0343	m0410	40.4	9.88e-54	201
m0343	m0356	41.0	1.58e-51	194
m0343	m0387	42.9	3.88e-50	190
m0343	m0363	38.6	1.75e-42	164
m0343	m0371	34.3	2.89e-37	147
m0343	m0369	33.1	1.7e-29	121
m0343	m0359	25.9	1.18e-14	72
m0343	m0396	25.3	4.34e-09	53
m0343	m0409	28.1	0.000111	39
m0343	m0399	29.5	0.0016	35
m0343	m0411	29.9	0.0394	30
m0343	m0376	25.0	0.0877	29
m0343	m0373	39.0	0.255	27
m0343	m0348	29.5	0.743	26
m0343	m0367	37.5	1.27	25
m0343	m0345	28.4	3.69	23
m0344	m0408	27.0	0.289	27
m0344	m0359	25.7	3.2	24
m0344	m0390	42.9	5.46	23
m0344	m0377	41.4	9.31	22
m0345	m0378	89.5	1.84e-248	849
m0345	m0348	88.2	1.23e-244	836
m0345	m0393	84.1	2.94e-238	815
m0345	m0363	83.6	1.73e-222	763
m0345	m0400	70.5	3.68e-156	542
m0345	m0397	52.1	1.66e-132	464
m0345	m0349	49.8	8.89e-110	388
m0345	m0406	59.4	6.17e-103	366
m0345	m0405	50.8	1.47e-96	344
m0345	m0370	59.4	1.38e-94	338
m0345	m0402	52.4	3.08e-78	283
m0345	m0390	54.7	3.77e-76	277
m0345	m0394	49.0	5.83e-69	253
m0345	m0388	45.5	4.62e-66	243
m0345	m0380	48.0	4.62e-66	243
m0345	m0368	45.6	1.94e-64	238
m0345	m0398	47.3	3.31e-64	237
m0345	m0365	47.4	9.63e-64	235
m0345	m0377	44.8	2.8e-63	234
m0345	m0382	47.5	4.05e-62	230
m0345	m0372	46.7	9.01e-62	229
m0345	m0408	43.0	2.54e-56	211
m0345	m0354	42.0	1.44e-51	195
m0345	m0351	38.9	5.13e-49	186
m0345	m0364	38.0	1.14e-48	185
m0345	m0385	39.8	9.67e-48	182
m0345	m0410	40.4	1.82e-46	178
m0345	m0383	36.9	2.38e-46	178
m0345	m0356	40.7	5.87e-45	173
m0345	m0387	37.5	5.87e-45	173
m0345	m0371	34.9	2.64e-37	148
m0345	m0369	37.2	4.66e-34	137
m0345	m0396	29.3	5.53e-19	87
m0345	m0359	24.3	2.66e-13	68
m0345	m0409	25.9	2.85e-07	48
m0345	m0376	32.7	0.000503	37
m0345	m0399	26.3	0.105	29
m0345	m0411	28.3	0.105	29
m0345	m0375	23.6	0.679	27
m0345	m0356	32.2	1.16	26
m0345	m0403	32.7	1.98	25
m0345	m0367	34.9	2.58	25
m0346	m0362	27.4	5.32e-25	107
m0346	m0358	24.4	1.41e-09	55
m0347	m0355	55.8	2.07e-59	220
m0347	m0401	50.7	3.54e-51	193
m0347	m0374	25.8	1.01e-05	42
m0347	m0362	28.0	0.749	25
m0347	m0388	51.7	1.67	24
m0347	m0369	50.0	4.85	23
m0347	m0364	32.6	8.28	22
m0348	m0393	86.0	1.5e-242	829
m0348	m0378	86.0	9.11e-240	820
m0348	m0363	83.3	2.25e-222	762
m0348	m0400	72.1	8.45e-153	531
m0348	m0397	51.9	3.34e-133	466
m0348	m0349	50.1	3.25e-112	396
m0348	m0406	58.2	1.85e-99	354
m0348	m0405	51.4	7.77e-98	349
m0348	m0370	60.4	5.57e-96	342
m0348	m0402	52.8	2.35e-78	284
m0348	m0390	53.7	2.43e-75	274
m0348	m0394	48.5	9.9e-69	252
m0348	m0380	48.7	3.18e-67	247
m0348	m0388	45.0	1.13e-64	238
m0348	m0368	45.3	5.62e-64	236
m0348	m0382	48.6	1.81e-62	231
m0348	m0377	45.2	3.08e-62	230
m0348	m0398	48.3	4.03e-62	230
m0348	m0365	44.1	7.6e-61	226
m0348	m0372	45.8	9.92e-61	225
m0348	m0408	41.2	5.1e-57	213
m0348	m0354	42.0	1.3e-52	198
m0348	m0364	41.2	5.46e-51	193
m0348	m0351	38.7	1.34e-49	188
m0348	m0383	36.9	3.31e-48	184
m0348	m0410	38.2	3.31e-48	184
m0348	m0356	43.0	1.82e-46	178
m0348	m0385	38.7	2.01e-45	174
m0348	m0387	36.5	9.97e-45	172
m0348	m0371	35.6	1.18e-37	149
m0348	m0369	36.0	1.95e-32	131
m0348	m0396	31.2	8.79e-17	79
m0348	m0359	25.6	3.13e-14	71
m0348	m0409	25.6	1.41e-06	45
m0348	m0376	32.7	0.0005	37
m0348	m0367	34.9	2.57	25
m0348	m0384	28.6	9.77	23
m0349	m0406	73.0	6.41e-121	425
m0349	m0400	51.4	6.64e-110	389
m0349	m0363	49.6	2.79e-108	383
m0349	m0393	59.6	1.17e-106	378
m0349	m0378	49.0	1.53e-106	377
m0349	m0370	63.0	1.03e-102	365
m0349	m0397	44.4	9.95e-98	348
m0349	m0405	51.6	1.82e-91	327
m0349	m0390	53.7	7.17e-80	289
m0349	m0402	51.7	1.6e-79	288
m0349	m0380	52.1	1.11e-72	265
m0349	m0394	48.8	7.94e-71	259
m0349	m0377	48.8	1.5e-69	255
m0349	m0368	49.0	5.69e-69	253
m0349	m0388	47.0	4.82e-68	250
m0349	m0365	46.9	3.82e-65	240
m0349	m0398	49.6	1.11e-64	238
m0349	m0372	46.8	5.51e-64	236
m0349	m0408	45.7	1.6e-63	235
m0349	m0382	45.7	5.16e-62	230
m0349	m0364	41.2	1.78e-54	205
m0349	m0387	40.8	3.96e-54	203
m0349	m0354	39.7	4.84e-52	196
m0349	m0410	39.5	2.1e-47	181
m0349	m0385	39.4	2.75e-47	181
m0349	m0351	38.3	1.15e-45	175
m0349	m0383	35.6	1.51e-45	175
m0349	m0356	37.3	2.66e-42	164
m0349	m0371	34.2	2.41e-35	141
m0349	m0369	31.4	4.26e-32	130
m0349	m0396	29.9	1.74e-17	82
m0349	m0359	23.4	2.43e-11	61
m0349	m0376	25.8	0.0206	32
m0349	m0371	28.0	1.48	25
m0349	m0375	30.5	5.61	23
m0351	m0410	66.5	6.85e-119	418
m0351	m0383	63.2	6.86e-111	391
m0351	m0356	54.5	2.89e-101	359
m0351	m0354	49.7	2.23e-77	280
m0351	m0382	48.1	1.11e-76	278
m0351	m0402	48.2	2.72e-75	273
m0351	m0385	47.0	8.76e-74	268
m0351	m0377	45.4	4.07e-71	259
m0351	m0390	47.8	7.68e-70	255
m0351	m0388	44.8	6.5e-69	252
m0351	m0394	43.0	1.6e-67	247
m0351	m0380	47.4	3.57e-67	246
m0351	m0398	46.6	6.08e-67	245
m0351	m0368	42.7	4.51e-62	229
m0351	m0365	41.1	1.6e-59	221
m0351	m0372	40.6	4.67e-59	219
m0351	m0364	40.3	4.37e-57	213
m0351	m0397	41.3	5.34e-55	206
m0351	m0408	39.7	1.23e-51	195
m0351	m0400	41.4	7.98e-51	192
m0351	m0393	39.9	3.03e-50	190
m0351	m0387	40.0	3.96e-50	190
m0351	m0363	38.9	4.38e-49	186
m0351	m0405	39.8	1.27e-48	184
m0351	m0370	38.8	2.84e-48	183
m0351	m0378	37.8	2.4e-47	180
m0351	m0406	38.4	2.66e-46	177
m0351	m0371	35.4	3.47e-46	176
m0351	m0369	37.3	8e-43	165
m0351	m0359	26.2	4e-18	83
m0351	m0376	25.6	1.02e-05	42
m0351	m0409	25.6	8.65e-05	39
m0351	m0397	35.1	0.989	25
m0351	m0363	35.4	0.989	25
m0352	m0399	28.9	4.11e-05	40
m0352	m0360	29.7	0.00101	35
m0352	m0411	28.4	0.211	28
m0352	m0402	32.7	2.33	24
m0353	m0357	41.0	4.85e-50	189
m0353	m0412	39.1	8.27e-50	188
m0353	m0389	41.9	1.41e-49	188
m0353	m0386	38.6	2.25e-47	180
m0353	m0404	42.1	1.16e-43	168
m0353	m0361	36.1	5.76e-35	139
m0353	m0384	32.3	5.04e-31	126
m0353	m0379	30.8	3.17e-25	107
m0353	m0369	24.3	2.7	24
m0353	m0358	25.0	3.52	23
m0353	m0362	31.2	7.85	22
m0354	m0356	54.8	1.63e-77	280
m0354	m0382	52.2	3.63e-77	279
m0354	m0410	53.2	5.24e-76	275
m0354	m0383	53.2	1.99e-75	273
m0354	m0402	49.0	7.08e-73	265
m0354	m0385	49.6	4.59e-72	262
m0354	m0380	50.7	2.28e-71	260
m0354	m0394	45.3	2.21e-66	243
m0354	m0398	47.9	8.38e-66	242
m0354	m0390	45.7	7.09e-65	238
m0354	m0377	46.1	1.02e-63	235
m0354	m0372	44.2	1.34e-63	234
m0354	m0368	45.5	2.28e-63	233
m0354	m0388	44.5	2.28e-63	233
m0354	m0364	41.9	1.69e-58	217
m0354	m0365	40.5	2.44e-57	213
m0354	m0370	43.6	2.44e-57	213
m0354	m0408	40.2	2.7e-56	210
m0354	m0400	45.2	8.69e-55	205
m0354	m0387	39.4	1.64e-53	201
m0354	m0371	41.2	2.8e-53	200
m0354	m0363	41.6	2.8e-53	200
m0354	m0393	41.8	8.14e-53	198
m0354	m0397	39.1	4.04e-52	196
m0354	m0378	40.5	2.62e-51	193
m0354	m0405	40.0	1.7e-50	191
m0354	m0406	39.2	9.31e-49	185
m0354	m0369	38.8	6.24e-45	172
m0354	m0359	29.8	1.35e-23	101
m0354	m0396	25.4	1.19e-11	62
m0354	m0376	29.3	0.000912	35
m0354	m0397	34.0	1.61	25
m0355	m0401	50.3	2.21e-46	176
m0355	m0374	29.3	2.39e-08	50
m0356	m0410	62.6	2.18e-104	370
m0356	m0383	56.0	6.57e-101	358
m0356	m0382	50.9	3.18e-71	260
m0356	m0385	47.8	3.18e-71	260
m0356	m0402	49.3	4.15e-71	259
m0356	m0390	45.5	1.48e-68	251
m0356	m0380	47.7	3.29e-68	250
m0356	m0377	48.7	2.36e-66	243
m0356	m0398	47.2	1.17e-65	241
m0356	m0388	43.4	1.87e-63	234
m0356	m0372	45.2	3.52e-62	230
m0356	m0368	44.3	5.09e-61	226
m0356	m0394	43.4	5.09e-61	226
m0356	m0364	45.8	1.93e-60	224
m0356	m0365	40.8	7.87e-54	202
m0356	m0387	39.7	1.3e-48	184
m0356	m0400	43.0	1.7e-48	184
m0356	m0378	39.1	2.22e-48	184
m0356	m0393	41.4	2.9e-48	183
m0356	m0371	38.6	1.88e-47	181
m0356	m0397	38.3	3.2e-47	180
m0356	m0363	41.4	2.07e-46	177
m0356	m0408	39.8	4.62e-46	176
m0356	m0370	40.2	2.29e-45	174
m0356	m0405	38.6	6.67e-45	172
m0356	m0369	40.2	1.14e-44	171
m0356	m0406	39.9	1.39e-42	164
m0356	m0359	27.0	1.77e-21	94
m0356	m0376	29.3	6.11e-06	43
m0356	m0409	31.0	0.00484	33
m0356	m0363	25.2	0.0913	29
m0356	m0393	44.1	1.01	25
m0356	m0378	55.0	3.83	23
m0356	m0388	19.7	3.83	23
m0357	m0404	39.3	1.77e-47	181
m0357	m0389	38.1	7.43e-46	175
m0357	m0386	37.2	6.29e-45	172
m0357	m0384	34.4	1.27e-37	148
m0357	m0412	38.7	8.23e-37	145
m0357	m0361	34.5	3.46e-35	140
m0357	m0379	33.4	1.84e-28	117
m0357	m0412	27.8	1.79e-07	48
m0357	m0411	24.6	0.0173	31
m0357	m0408	34.6	8.05	22
m0358	m0362	29.4	3.48e-20	91
m0358	m0368	28.4	0.616	27
m0358	m0412	35.6	1.37	26
m0358	m0399	34.0	1.79	25
m0359	m0383	25.4	1.46e-25	108
m0359	m0382	25.9	1.51e-22	98
m0359	m0410	26.9	1.51e-22	98
m0359	m0385	27.3	3.14e-20	90
m0359	m0390	27.3	1.72e-18	84
m0359	m0388	27.0	3.84e-18	83
m0359	m0402	27.1	1.46e-17	81
m0359	m0387	26.9	4.25e-17	80
m0359	m0371	28.0	4.25e-17	80
m0359	m0364	28.1	9.46e-17	79
m0359	m0394	28.0	1.24e-16	78
m0359	m0377	25.4	1.24e-16	78
m0359	m0369	26.9	2.11e-16	77
m0359	m0365	25.9	3.59e-16	77
m0359	m0400	25.5	1.05e-15	75
m0359	m0398	24.8	1.05e-15	75
m0359	m0380	26.4	5.19e-15	73
m0359	m0368	23.7	6.78e-15	72
m0359	m0363	24.8	8.85e-15	72
m0359	m0372	24.8	1.51e-14	71
m0359	m0378	23.8	5.74e-14	69
m0359	m0393	25.7	7.5e-14	69
m0359	m0370	27.1	9.79e-14	69
m0359	m0408	24.2	1.28e-13	68
m0359	m0405	26.5	1.85e-12	64
m0359	m0397	27.0	9.16e-12	62
m0359	m0406	25.2	2.67e-11	60
m0359	m0396	24.1	8.58e-10	55
m0359	m0409	26.2	0.427	27
m0360	m0391	29.1	3.43e-44	171
m0360	m0411	34.7	1.76e-40	158
m0360	m0399	28.5	6.93e-37	146
m0360	m0375	35.2	0.161	29
m0360	m0394	36.8	3.97	24
m0360	m0408	32.8	5.19	24
m0361	m0404	37.2	6.54e-45	172
m0361	m0386	33.2	9.15e-39	152
m0361	m0412	33.2	6.56e-37	146
m0361	m0389	36.9	8.57e-37	145
m0361	m0384	31.8	1.67e-32	131
m0361	m0379	29.4	2.19e-24	104
m0362	m0389	27.4	5.43	23
m0362	m0400	26.3	9.26	23
m0363	m0378	83.7	9.81e-223	763
m0363	m0393	83.4	6.36e-222	761
m0363	m0400	68.4	4.99e-142	495
m0363	m0397	51.5	1.41e-128	451
m0363	m0406	59.2	2.59e-98	350
m0363	m0370	59.9	3.74e-97	346
m0363	m0405	48.2	1.25e-92	331
m0363	m0402	53.5	1.75e-78	284
m0363	m0390	51.7	2.36e-75	274
m0363	m0394	50.2	6.65e-70	256
m0363	m0380	49.5	2.53e-69	254
m0363	m0368	46.0	6.44e-65	239
m0363	m0388	45.6	1.43e-64	238
m0363	m0398	48.8	1.87e-64	238
m0363	m0382	48.2	5.45e-64	236
m0363	m0372	48.4	9.3e-64	235
m0363	m0365	46.3	1.94e-61	228
m0363	m0377	43.9	4.32e-61	226
m0363	m0408	41.9	3.2e-56	210
m0363	m0364	43.0	1.94e-53	201
m0363	m0385	41.1	1.1e-48	185
m0363	m0410	41.2	4.64e-47	180
m0363	m0383	35.9	2.54e-45	174
m0363	m0387	35.0	1.07e-43	169
m0363	m0371	34.7	2.55e-37	148
m0363	m0369	34.2	1e-33	136
m0363	m0396	29.3	6.53e-17	80
m0363	m0409	28.8	6.13e-07	47
m0363	m0376	29.9	0.00537	33
m0363	m0399	25.9	0.0593	30
m0363	m0411	28.4	0.173	28
m0363	m0403	28.6	1.46	25
m0364	m0372	68.4	4.3e-107	379
m0364	m0388	57.2	1.06e-89	321
m0364	m0402	55.2	1.88e-86	310
m0364	m0390	52.1	2.15e-82	297
m0364	m0380	52.2	1.82e-81	294
m0364	m0377	51.6	8.45e-79	285
m0364	m0394	52.0	2.46e-78	283
m0364	m0382	50.7	7.16e-78	282
m0364	m0398	53.3	2.15e-74	270
m0364	m0365	45.7	4.35e-67	246
m0364	m0368	42.7	2.47e-62	230
m0364	m0408	46.1	1.77e-60	224
m0364	m0410	40.5	1.4e-57	214
m0364	m0383	42.0	2.65e-56	210
m0364	m0406	39.9	3.82e-55	206
m0364	m0370	40.8	2.1e-53	200
m0364	m0393	40.6	3.95e-52	196
m0364	m0378	40.5	2.56e-51	193
m0364	m0385	39.9	3.35e-51	193
m0364	m0400	41.3	2.83e-50	190
m0364	m0405	40.3	1.08e-49	188
m0364	m0397	38.1	1.41e-49	188
m0364	m0387	38.4	3.13e-49	186
m0364	m0371	31.3	5.94e-32	129
m0364	m0369	33.6	3.73e-26	110
m0364	m0396	26.5	1.02e-07	49
m0364	m0376	23.4	2.69	24
m0364	m0411	28.1	5.99	23
m0365	m0368	57.4	6.69e-92	328
m0365	m0380	52.9	3.93e-84	302
m0365	m0377	53.3	4.81e-82	295
m0365	m0390	53.1	6.28e-82	295
m0365	m0402	51.6	7.67e-80	288
m0365	m0398	53.5	2.92e-79	286
m0365	m0388	49.5	4.21e-78	282
m0365	m0394	49.3	3.56e-77	279
m0365	m0372	50.2	1.5e-75	274
m0365	m0382	45.0	2.17e-66	243
m0365	m0397	45.7	1.08e-65	241
m0365	m0400	45.6	8.52e-63	231
m0365	m0406	44.1	4.23e-62	229
m0365	m0370	44.8	1.61e-61	227
m0365	m0378	45.6	1.61e-61	227
m0365	m0393	44.9	2.1e-61	227
m0365	m0408	43.9	3.96e-60	223
m0365	m0405	42.4	5.72e-59	219
m0365	m0410	44.0	9.75e-59	218
m0365	m0385	41.3	5.35e-57	212
m0365	m0383	39.7	9.13e-57	211
m0365	m0387	41.6	5.18e-52	196
m0365	m0371	33.2	3.05e-36	143
m0365	m0369	29.5	1.92e-30	124
m0365	m0396	24.9	3.18e-09	54
m0365	m0409	28.7	2.28e-07	47
m0365	m0399	25.1	3.29e-06	44
m0365	m0411	27.4	0.00341	33
m0365	m0376	24.6	0.0129	32
m0365	m0367	35.8	0.143	28
m0365	m0392	37.5	4.6	23
m0366	m0381	88.0	2.05e-208	716
m0367	m0376	26.9	3.99e-11	60
m0367	m0406	40.0	0.374	27
m0367	m0398	39.4	0.638	26
m0367	m0408	41.5	0.638	26
m0367	m0370	43.6	0.833	25
m0367	m0400	37.2	0.833	25
m0367	m0382	44.2	1.09	25
m0367	m0402	42.9	1.09	25
m0367	m0387	53.3	1.42	25
m0367	m0377	37.2	2.42	24
m0367	m0393	32.6	2.42	24
m0367	m0390	40.0	4.14	23
m0367	m0378	32.6	5.4	23
m0367	m0388	38.7	5.4	23
m0368	m0402	53.0	2.39e-84	303
m0368	m0380	51.4	2.92e-82	296
m0368	m0390	50.7	4.66e-80	289
m0368	m0394	50.0	4.36e-78	282
m0368	m0398	50.8	1.4e-76	277
m0368	m0377	47.5	2.64e-75	273
m0368	m0388	45.8	4.22e-73	266
m0368	m0372	45.4	3.46e-67	246
m0368	m0370	48.5	1.01e-66	245
m0368	m0393	47.2	5.53e-65	239
m0368	m0382	44.9	9.42e-65	238
m0368	m0378	45.3	6.11e-64	235
m0368	m0397	47.1	2.32e-63	233
m0368	m0406	45.5	1.5e-62	231
m0368	m0400	44.9	1.27e-61	228
m0368	m0410	41.9	6.32e-61	225
m0368	m0405	43.6	3.14e-60	223
m0368	m0383	41.8	4.1e-60	223
m0368	m0385	41.3	5.01e-58	216
m0368	m0408	40.2	3.97e-55	206
m0368	m0387	42.6	9.78e-54	201
m0368	m0371	32.2	2.96e-34	137
m0368	m0369	31.3	4.72e-32	129
m0368	m0396	26.6	2.79e-08	50
m0368	m0409	27.0	2.61e-06	44
m0368	m0376	32.8	0.00601	33
m0369	m0410	40.2	8.99e-49	185
m0369	m0383	39.8	7.88e-45	172
m0369	m0385	33.2	5.47e-38	149
m0369	m0400	39.4	3.55e-37	147
m0369	m0380	35.5	1.76e-36	144
m0369	m0378	36.8	2.81e-34	137
m0369	m0397	35.1	3.67e-34	137
m0369	m0393	37.2	1.07e-33	135
m0369	m0398	35.7	1.54e-32	131
m0369	m0382	33.2	3.43e-32	130
m0369	m0370	36.5	5.86e-32	129
m0369	m0405	34.2	1.3e-31	128
m0369	m0372	34.1	2.23e-31	127
m0369	m0402	32.1	3.8e-31	127
m0369	m0387	33.9	1.44e-30	125
m0369	m0377	32.9	5.48e-30	123
m0369	m0390	34.4	9.35e-30	122
m0369	m0394	31.0	7.92e-29	119
m0369	m0408	36.2	1.03e-28	119
m0369	m0406	33.6	1.76e-28	118
m0369	m0371	31.4	2.38e-25	107
m0369	m0388	29.8	1.71e-23	101
m0369	m0409	30.2	0.00196	35
m0369	m0376	31.8	0.184	28
m0370	m0406	65.0	9.93e-102	361
m0370	m0400	63.1	1.34e-98	351
m0370	m0393	61.8	2.14e-96	343
m0370	m0378	59.2	7.62e-94	335
m0370	m0405	52.2	7.91e-83	298
m0370	m0397	52.6	1.35e-82	297
m0370	m0402	50.2	3.22e-76	276
m0370	m0380	52.3	1.22e-75	274
m0370	m0390	49.8	8.76e-74	268
m0370	m0394	46.7	1.6e-67	247
m0370	m0388	47.6	7.44e-65	238
m0370	m0377	44.3	9.71e-65	238
m0370	m0398	45.9	3.45e-62	230
m0370	m0382	47.0	5.89e-62	229
m0370	m0372	44.0	1.04e-58	218
m0370	m0408	41.0	3.7e-56	210
m0370	m0410	42.4	5.17e-50	189
m0370	m0385	41.4	2.57e-49	187
m0370	m0387	38.6	2.84e-48	183
m0370	m0383	37.4	2.66e-46	177
m0370	m0371	33.1	1.05e-34	138
m0370	m0396	27.0	2.51e-12	64
m0370	m0409	26.3	5.07e-05	40
m0370	m0376	33.3	0.000561	36
m0370	m0399	25.0	0.0235	31
m0370	m0411	31.0	8.38	22
m0370	m0392	50.0	8.38	22
m0371	m0383	41.1	2.47e-50	191
m0371	m0385	38.0	7.96e-49	186
m0371	m0382	37.0	6.31e-46	176
m0371	m0387	39.9	3.46e-44	170
m0371	m0410	33.8	7.71e-44	169
m0371	m0402	36.7	2.24e-43	168
m0371	m0390	36.1	1.45e-42	165
m0371	m0388	36.0	2.48e-42	164
m0371	m0394	35.3	3.24e-42	164
m0371	m0377	37.0	6.11e-41	159
m0371	m0380	34.0	1.36e-40	158
m0371	m0400	38.6	1.78e-40	158
m0371	m0408	35.3	2.32e-40	158
m0371	m0397	33.3	7.47e-39	153
m0371	m0405	35.6	1.27e-38	152
m0371	m0378	36.5	3.71e-38	150
m0371	m0398	34.4	6.32e-38	149
m0371	m0372	35.9	1.41e-37	148
m0371	m0393	36.1	2.03e-36	144
m0371	m0406	31.5	2.66e-28	117
m0371	m0400	41.5	0.00296	34
m0371	m0397	27.5	0.0066	33
m0371	m0408	38.6	0.0147	32
m0371	m0406	29.3	0.0428	30
m0371	m0378	33.3	0.807	26
m0371	m0412	24.2	4.01	24
m0372	m0402	58.9	7.2e-94	335
m0372	m0390	58.2	4.67e-93	332
m0372	m0377	57.0	9.73e-91	324
m0372	m0394	58.0	4.83e-90	322
m0372	m0388	56.2	8.24e-90	321
m0372	m0380	55.6	2.93e-87	313
m0372	m0382	54.0	1.96e-83	300
m0372	m0398	53.7	8.54e-79	285
m0372	m0406	45.5	2.04e-64	237
m0372	m0408	45.8	1.01e-63	235
m0372	m0400	48.1	1.12e-62	231
m0372	m0393	45.1	4.26e-62	229
m0372	m0385	46.1	1.24e-61	228
m0372	m0378	46.0	1.05e-60	225
m0372	m0383	42.3	2.58e-59	220
m0372	m0410	43.0	9.82e-59	218
m0372	m0397	42.9	1.67e-58	217
m0372	m0405	42.1	6.36e-58	215
m0372	m0387	43.6	1.09e-57	215
m0372	m0396	27.6	1.06e-12	65
m0372	m0399	28.8	0.00585	33
m0372	m0376	23.8	0.715	26
m0374	m0401	27.6	2.89e-05	40
m0374	m0408	31.2	1.25	25
m0376	m0409	32.9	1.72e-20	91
m0376	m0409	33.3	1.84e-06	44
m0376	m0383	26.4	3.14e-06	44
m0376	m0410	24.8	0.000172	38
m0376	m0393	33.7	0.000225	37
m0376	m0382	26.9	0.000502	36
m0376	m0400	32.6	0.000855	35
m0376	m0378	32.7	0.000855	35
m0376	m0377	26.8	0.00191	34
m0376	m0408	27.0	0.00555	33
m0376	m0388	24.3	0.00555	33
m0376	m0402	26.4	0.0124	32
m0376	m0398	31.0	0.0161	31
m0376	m0390	29.5	0.0211	31
m0376	m0405	30.0	0.0359	30
m0376	m0397	27.4	0.0613	29
m0376	m0380	29.0	0.0613	29
m0376	m0387	28.9	0.0801	29
m0376	m0406	28.6	0.0801	29
m0376	m0403	34.8	0.0801	29
m0376	m0403	48.4	0.397	27
m0376	m0385	56.2	0.397	27
m0376	m0394	28.1	0.519	26
m0377	m0402	66.1	1.49e-110	390
m0377	m0390	64.6	5.13e-103	365
m0377	m0394	62.8	1.49e-102	364
m0377	m0380	63.5	4.06e-100	356
m0377	m0388	58.1	4.65e-96	342
m0377	m0382	59.1	3.23e-89	319
m0377	m0398	57.1	1.19e-83	301
m0377	m0406	46.7	1.28e-69	254
m0377	m0400	47.9	7.74e-67	245
m0377	m0408	46.6	1.01e-66	245
m0377	m0383	44.6	1.12e-65	241
m0377	m0393	45.6	1.37e-63	234
m0377	m0378	45.2	1.78e-63	234
m0377	m0410	45.1	9.79e-62	228
m0377	m0397	44.5	2.85e-61	226
m0377	m0385	45.7	1.08e-60	225
m0377	m0405	43.6	1.01e-58	218
m0377	m0387	42.0	8.87e-55	205
m0377	m0396	29.7	6.87e-15	72
m0378	m0393	85.2	4.39e-242	828
m0378	m0400	65.3	7.19e-152	528
m0378	m0397	51.3	5.01e-129	452
m0378	m0406	58.1	8.91e-102	362
m0378	m0405	50.9	1.38e-94	338
m0378	m0402	53.2	1.53e-77	281
m0378	m0390	55.5	4.17e-75	273
m0378	m0394	49.8	5.83e-69	253
m0378	m0380	48.0	1.22e-66	245
m0378	m0388	46.3	1.34e-65	242
m0378	m0398	48.1	4.32e-64	236
m0378	m0382	47.9	4.05e-62	230
m0378	m0408	41.7	5.66e-56	210
m0378	m0383	36.7	1.07e-46	179
m0378	m0385	37.5	1.4e-46	178
m0378	m0410	39.7	6.93e-46	176
m0378	m0387	37.0	5.87e-45	173
m0378	m0396	28.1	6.12e-18	83
m0378	m0409	26.9	1.67e-07	49
m0378	m0399	26.3	0.179	28
m0378	m0411	27.7	0.233	28
m0378	m0403	24.9	1.51	25
m0378	m0403	21.7	3.37	24
m0379	m0389	33.1	7.68e-29	119
m0379	m0404	30.6	1.71e-28	118
m0379	m0412	32.0	2.23e-28	117
m0379	m0386	29.7	4.21e-27	113
m0379	m0384	30.7	3.02e-25	107
m0380	m0402	69.4	1.1e-110	391
m0380	m0390	64.3	2.63e-104	369
m0380	m0388	62.9	3.93e-100	356
m0380	m0394	60.5	2.81e-98	349
m0380	m0382	59.1	1.04e-92	331
m0380	m0398	61.9	3.68e-90	322
m0380	m0406	50.9	2.65e-72	263
m0380	m0400	49.3	5.53e-70	255
m0380	m0397	47.2	1.36e-68	251
m0380	m0410	48.5	3.96e-68	249
m0380	m0408	45.8	8.83e-68	248
m0380	m0393	47.9	2.57e-67	247
m0380	m0405	45.7	2.66e-64	236
m0380	m0385	43.7	1.12e-62	231
m0380	m0383	40.5	6.13e-61	225
m0380	m0387	44.6	6.34e-58	215
m0380	m0396	27.0	4.03e-12	63
m0380	m0394	25.3	2.07	24
m0382	m0402	60.9	9.12e-97	344
m0382	m0390	58.6	1.28e-90	324
m0382	m0394	57.1	3.47e-88	316
m0382	m0388	55.5	5.01e-87	312
m0382	m0398	50.6	1.79e-76	277
m0382	m0385	51.3	2.26e-71	260
m0382	m0383	44.0	1.47e-70	257
m0382	m0410	48.7	9.5e-70	255
m0382	m0408	46.6	2.34e-68	250
m0382	m0387	46.1	3.99e-68	249
m0382	m0400	48.7	2.27e-63	233
m0382	m0406	45.5	1.24e-61	228
m0382	m0393	47.5	1.62e-61	227
m0382	m0397	43.4	2.68e-56	210
m0382	m0405	41.2	2.78e-53	200
m0382	m0396	25.9	3.11e-12	64
m0382	m0400	30.1	0.0171	31
m0382	m0409	27.8	0.189	28
m0382	m0394	25.8	1.22	25
m0382	m0411	29.4	2.09	24
m0383	m0410	57.6	4.09e-103	366
m0383	m0385	47.6	3.05e-74	270
m0383	m0398	48.0	1.33e-69	254
m0383	m0402	45.5	1.73e-69	254
m0383	m0390	45.4	7.53e-65	238
m0383	m0388	41.0	1.57e-62	231
m0383	m0394	39.5	1.92e-60	224
m0383	m0387	39.3	2.35e-50	190
m0383	m0400	39.3	2.35e-50	190
m0383	m0397	39.9	1.99e-49	187
m0383	m0393	37.2	1.09e-47	181
m0383	m0405	39.8	2.43e-47	180
m0383	m0408	35.8	3.64e-43	166
m0383	m0406	36.4	1.17e-41	161
m0383	m0409	27.6	2.09e-06	44
m0384	m0389	37.7	7.91e-49	185
m0384	m0386	37.0	4.06e-45	173
m0384	m0412	32.9	4.81e-38	149
m0384	m0404	36.3	6.28e-38	149
m0384	m0405	22.8	2.33	24
m0385	m0410	41.4	1.95e-68	250
m0385	m0402	46.0	1.6e-62	231
m0385	m0394	42.0	4.65e-62	229
m0385	m0390	45.7	6.71e-61	225
m0385	m0398	43.8	1.07e-58	218
m0385	m0388	43.4	6.94e-58	215
m0385	m0387	43.4	9.71e-52	195
m0385	m0397	41.1	1.27e-51	195
m0385	m0405	40.8	1.4e-50	191
m0385	m0400	40.1	4.08e-50	190
m0385	m0406	42.3	4.51e-49	186
m0385	m0393	40.9	3.82e-48	183
m0385	m0408	39.5	3.57e-46	176
m0385	m0396	27.3	2.11e-14	71
m0385	m0409	22.7	0.000338	37
m0385	m0399	25.2	0.205	28
m0385	m0409	100.0	0.457	27
m0386	m0389	43.3	4.68e-65	239
m0386	m0412	41.6	1.08e-61	228
m0386	m0404	39.9	6.77e-56	209
m0387	m0408	56.1	1.41e-89	320
m0387	m0402	44.1	2.42e-65	240
m0387	m0390	44.3	5.39e-65	239
m0387	m0394	44.5	1.62e-61	227
m0387	m0398	45.6	8.06e-61	225
m0387	m0388	41.2	2.68e-56	210
m0387	m0405	42.5	1.86e-49	187
m0387	m0410	37.2	5.42e-49	186
m0387	m0397	41.0	5.99e-48	182
m0387	m0406	37.2	4.29e-46	176
m0387	m0393	36.9	1.63e-45	174
m0387	m0400	36.8	2.36e-44	170
m0387	m0396	30.9	6.26e-13	66
m0388	m0402	63.2	5.76e-105	372
m0388	m0390	60.3	1.24e-99	354
m0388	m0394	59.2	2.27e-93	333
m0388	m0398	56.8	2.6e-81	293
m0388	m0406	48.6	3.41e-73	266
m0388	m0393	46.9	9.6e-68	248
m0388	m0400	48.1	1.64e-67	247
m0388	m0408	42.3	9.94e-65	238
m0388	m0410	41.3	9.3e-63	231
m0388	m0397	43.4	1.48e-60	224
m0388	m0405	43.2	5.84e-57	212
m0388	m0409	25.3	1.9e-07	48
m0388	m0399	29.9	4.69e-06	43
m0388	m0411	25.5	0.0411	30
m0389	m0412	43.2	1.4e-61	228
m0389	m0404	41.9	6.96e-61	225
m0390	m0402	70.1	8.32e-114	401
m0390	m0394	60.5	4.28e-102	362
m0390	m0398	60.7	1.29e-90	324
m0390	m0406	53.7	1.03e-79	288
m0390	m0400	54.2	1.81e-76	277
m0390	m0393	53.0	1.17e-75	274
m0390	m0408	48.8	2.89e-74	270
m0390	m0397	51.4	8.42e-74	268
m0390	m0405	46.3	6.9e-68	248
m0390	m0410	47.2	1.26e-61	228
m0390	m0396	23.4	4.55e-11	60
m0390	m0409	22.6	0.00349	33
m0390	m0399	25.9	0.0295	30
m0391	m0411	36.6	3.12e-29	121
m0391	m0399	32.0	7.97e-25	106
m0392	m0395	20.9	3.28	24
m0393	m0400	70.4	8.64e-153	531
m0393	m0397	53.5	5.62e-136	475
m0393	m0406	59.8	2.02e-101	361
m0393	m0405	56.1	9.73e-88	315
m0393	m0402	51.9	2.03e-77	281
m0393	m0394	49.5	1.72e-68	251
m0393	m0398	48.8	2.58e-64	237
m0393	m0408	42.3	9.82e-56	209
m0393	m0410	38.9	1.16e-48	185
m0393	m0396	29.9	1.06e-17	82
m0393	m0409	26.4	7.62e-08	50
m0393	m0405	37.3	0.0215	32
m0393	m0399	31.2	0.139	29
m0393	m0411	28.2	0.238	28
m0394	m0402	64.6	9.55e-110	387
m0394	m0398	58.4	7.37e-86	308
m0394	m0397	49.1	8.74e-71	258
m0394	m0400	49.5	2.81e-69	253
m0394	m0406	48.3	4.8e-69	252
m0394	m0405	47.6	2.63e-67	247
m0394	m0408	46.8	3.44e-67	246
m0394	m0410	39.9	8.2e-61	225
m0394	m0396	24.3	9.19e-12	62
m0394	m0409	28.0	6.38e-05	39
m0396	m0400	27.9	4.31e-16	76
m0396	m0405	30.2	4.76e-15	73
m0396	m0406	29.3	1.39e-14	71
m0396	m0397	27.4	2e-13	67
m0396	m0402	25.9	1.69e-12	64
m0396	m0408	27.4	2.07e-10	57
m0396	m0398	26.3	1.34e-09	55
m0396	m0399	28.3	0.0354	30
m0397	m0405	67.9	2.38e-126	443
m0397	m0400	51.1	3.69e-103	366
m0397	m0406	53.2	4.25e-83	300
m0397	m0402	49.8	1.16e-72	265
m0397	m0398	46.4	1.47e-59	221
m0397	m0408	41.5	2.12e-58	218
m0397	m0410	37.7	2.6e-48	184
m0397	m0409	35.9	0.0165	32
m0397	m0411	24.8	2.02	25
m0398	m0402	64.1	2.8e-97	346
m0398	m0400	49.2	3.69e-65	239
m0398	m0408	47.6	1.55e-63	234
m0398	m0410	44.9	4.51e-63	232
m0398	m0406	46.9	8.5e-62	228
m0398	m0405	44.9	3.13e-56	210
m0398	m0409	27.0	1.13e-05	42
m0398	m0411	31.8	0.0117	32
m0398	m0399	31.1	0.0117	32
m0398	m0411	31.6	0.836	25
m0399	m0411	38.3	1.7e-36	145
m0399	m0411	26.9	3.46e-05	41
m0399	m0400	29.4	0.232	28
m0399	m0406	23.9	0.303	28
m0400	m0406	61.7	3.32e-106	376
m0400	m0405	51.7	9.38e-93	332
m0400	m0402	52.9	1.32e-78	285
m0400	m0408	41.9	3.49e-55	207
m0400	m0410	38.5	6.37e-49	186
m0400	m0409	27.8	6.44e-09	53
m0400	m0411	28.2	0.494	27
m0402	m0406	51.9	7.78e-80	288
m0402	m0408	47.9	1.74e-71	260
m0402	m0410	47.8	2.51e-70	257
m0402	m0405	47.8	2.77e-69	253
m0404	m0412	40.3	1.95e-50	191
m0405	m0406	53.0	1.41e-80	291
m0405	m0408	42.3	1.57e-55	208
m0405	m0410	37.1	7.3e-45	172
m0405	m0409	39.1	0.00405	33
m0405	m0411	25.7	2.46	24
m0406	m0408	42.6	8.89e-60	222
m0406	m0410	38.4	2.96e-47	180
m0406	m0409	32.2	4.79e-05	40
m0406	m0411	34.9	7.91	23
m0408	m0410	41.4	1.23e-48	184
m0408	m0409	28.4	9.88e-06	42
m0409	m0410	27.0	2.9e-05	41
