n1	n47	78.6	3.23e-130	455
n1	n21	78.6	3.23e-130	455
n1	n4	74.9	3.03e-120	421
n1	n18	64.6	4.53e-108	381
n1	n75	61.5	2.66e-100	355
n1	n42	62.1	2.49e-98	349
n1	n68	50.0	6.17e-81	291
n1	n71	51.4	1.05e-80	290
n1	n7	51.2	1.98e-79	286
n1	n70	51.0	2.87e-78	282
n1	n66	49.5	3.74e-78	282
n1	n36	54.8	8.34e-78	280
n1	n77	49.7	1.09e-77	280
n1	n86	50.7	1.57e-76	276
n1	n60	53.2	2.68e-76	275
n1	n59	49.7	7.8e-76	274
n1	n89	53.2	1.02e-75	273
n1	n51	53.0	2.27e-75	272
n1	n76	48.2	3.87e-75	272
n1	n46	50.3	2.78e-73	265
n1	n15	50.3	2.78e-73	265
n1	n44	50.3	2.78e-73	265
n1	n61	50.6	3.62e-73	265
n1	n41	49.6	2.35e-72	262
n1	n25	49.7	3.07e-72	262
n1	n74	52.0	3.07e-72	262
n1	n80	49.7	4.01e-72	262
n1	n81	50.5	5.23e-72	261
n1	n45	49.3	6.84e-72	261
n1	n29	49.7	6.84e-72	261
n1	n14	49.3	6.84e-72	261
n1	n20	48.4	1.17e-71	260
n1	n19	46.4	1.52e-71	260
n1	n11	51.1	9.87e-71	257
n1	n30	51.1	9.87e-71	257
n1	n9	51.9	1.68e-70	256
n1	n26	51.3	1.68e-70	256
n1	n13	50.4	1.43e-69	253
n1	n8	50.6	2.43e-69	252
n1	n10	52.4	3.18e-69	252
n1	n27	49.0	4.15e-69	252
n1	n22	49.0	4.15e-69	252
n1	n53	48.7	5.42e-69	251
n1	n62	50.2	5.42e-69	251
n1	n31	49.6	5.42e-69	251
n1	n12	49.6	5.42e-69	251
n1	n23	49.1	5.42e-69	251
n1	n5	49.0	2.06e-68	249
n1	n69	48.4	2.06e-68	249
n1	n33	47.3	7.82e-68	247
n1	n56	49.0	1.33e-67	247
n1	n16	48.9	1.74e-67	246
n1	n54	48.9	6.62e-67	244
n1	n52	47.5	1.93e-66	243
n1	n6	48.4	2.52e-66	242
n1	n57	47.9	4.29e-66	242
n1	n2	47.7	4.29e-66	242
n1	n55	47.9	7.32e-66	241
n1	n78	44.9	9.56e-66	240
n1	n24	44.5	2.78e-65	239
n1	n64	48.5	4.74e-65	238
n1	n87	42.8	4.02e-64	235
n1	n58	42.9	5.25e-64	235
n1	n73	42.4	1.17e-63	233
n1	n72	44.5	1.17e-63	233
n1	n34	44.7	3.4e-63	232
n1	n32	44.5	4.16e-61	225
n1	n88	45.3	1.58e-60	223
n1	n28	41.9	8.67e-59	217
n1	n43	44.2	7.34e-58	214
n1	n83	40.6	3.19e-53	199
n1	n67	38.8	3.2e-45	172
n1	n82	36.9	1.39e-40	157
n1	n50	35.6	2.9e-38	149
n1	n79	34.5	3.2e-37	146
n1	n63	29.1	1.76e-27	113
n1	n40	30.1	6.27e-25	105
n1	n38	28.5	2.55e-18	83
n1	n90	26.8	1.11e-13	67
n1	n37	29.3	0.000467	35
n1	n49	27.3	0.000797	35
n1	n127	19.9	0.00232	33
n1	n123	34.9	0.00395	32
n1	n135	38.3	0.00516	32
n1	n125	24.1	0.015	30
n1	n85	26.6	0.0196	30
n1	n95	25.4	0.0437	29
n1	n123	29.8	1.08	24
n1	n96	25.5	1.08	24
n1	n109	33.3	1.84	23
n1	n133	30.0	1.84	23
n1	n92	24.2	2.4	23
n1	n111	27.7	5.34	22
n1	n168	28.6	6.98	22
n1	n85	31.6	9.12	21
n1	n98	26.9	9.12	21
n2	n54	98.5	1.62e-149	518
n2	n62	69.3	2.08e-104	369
n2	n53	69.5	3.55e-104	368
n2	n52	68.5	6.05e-104	367
n2	n81	67.7	4.33e-102	361
n2	n16	67.8	3.11e-100	355
n2	n78	66.2	4.06e-100	354
n2	n24	65.6	6.92e-100	354
n2	n30	64.8	5.86e-99	351
n2	n11	64.8	5.86e-99	351
n2	n13	64.8	7.65e-99	350
n2	n46	64.6	2.23e-98	349
n2	n44	64.6	2.23e-98	349
n2	n26	64.6	2.23e-98	349
n2	n6	64.7	2.23e-98	349
n2	n15	64.6	2.23e-98	349
n2	n80	64.6	2.91e-98	348
n2	n29	64.6	6.48e-98	347
n2	n8	64.3	1.88e-97	346
n2	n72	64.9	1.88e-97	346
n2	n31	64.0	3.21e-97	345
n2	n12	64.0	3.21e-97	345
n2	n25	63.9	9.35e-97	343
n2	n14	63.9	1.22e-96	343
n2	n45	63.9	1.22e-96	343
n2	n22	64.3	1.6e-96	342
n2	n27	64.3	1.6e-96	342
n2	n10	63.6	1.76e-95	339
n2	n64	62.2	8.75e-95	337
n2	n23	62.7	3.33e-94	335
n2	n5	62.1	1.26e-93	333
n2	n9	62.2	6.27e-93	330
n2	n56	63.1	4.07e-92	328
n2	n57	63.1	6.94e-92	327
n2	n74	60.8	4.5e-91	324
n2	n55	62.3	5.87e-91	324
n2	n87	63.1	1e-90	323
n2	n73	60.1	3.22e-89	318
n2	n28	56.5	1.11e-81	293
n2	n32	51.9	7.95e-80	287
n2	n33	54.7	1.66e-77	279
n2	n18	50.7	9.1e-76	273
n2	n34	52.7	1.01e-74	270
n2	n42	49.1	3.82e-74	268
n2	n58	52.7	6.1e-72	261
n2	n83	52.5	1.15e-70	257
n2	n69	50.8	1.5e-70	256
n2	n21	48.9	5.71e-70	254
n2	n47	48.9	5.71e-70	254
n2	n70	48.3	1.66e-69	253
n2	n4	48.5	8.25e-69	250
n2	n51	47.6	1.84e-68	249
n2	n68	48.9	3.14e-68	248
n2	n76	48.1	5.35e-68	248
n2	n7	47.6	5.91e-67	244
n2	n66	48.3	1.72e-66	243
n2	n19	46.7	1.46e-65	240
n2	n77	46.3	2.48e-65	239
n2	n36	46.4	4.24e-65	238
n2	n61	45.9	9.44e-65	237
n2	n59	44.5	6.76e-63	231
n2	n41	46.9	6.76e-63	231
n2	n86	45.3	8.84e-63	230
n2	n75	45.6	2.57e-62	229
n2	n89	43.4	4.85e-61	225
n2	n60	44.3	8.27e-61	224
n2	n20	44.2	8.27e-61	224
n2	n71	43.0	1.41e-60	223
n2	n88	44.6	4.54e-59	218
n2	n43	40.5	1.32e-50	190
n2	n67	33.7	1.24e-32	130
n2	n82	33.2	2.12e-32	129
n2	n50	31.7	2.87e-29	119
n2	n79	30.6	2.69e-27	112
n2	n63	28.8	4.29e-25	105
n2	n40	31.2	2.78e-24	102
n2	n38	28.8	6.86e-15	71
n2	n90	26.8	6.01e-11	58
n2	n134	27.3	1.64e-08	50
n2	n108	28.5	0.00011	37
n2	n97	31.3	0.00159	33
n2	n85	26.5	0.00159	33
n2	n17	27.3	0.00461	32
n2	n110	29.5	0.00787	31
n2	n96	26.5	0.0103	31
n2	n120	20.8	0.0134	30
n2	n85	21.4	0.0175	30
n2	n49	25.6	0.039	29
n2	n127	24.2	0.051	28
n2	n135	32.1	0.051	28
n2	n105	26.9	0.051	28
n2	n39	23.9	0.087	28
n2	n37	28.7	0.114	27
n2	n98	28.0	0.148	27
n2	n136	36.4	0.331	26
n2	n163	24.1	0.331	26
n2	n115	61.5	0.962	24
n2	n116	61.5	0.962	24
n2	n208	23.8	1.26	24
n2	n113	26.8	1.26	24
n2	n164	27.7	1.64	23
n2	n39	20.2	2.14	23
n2	n161	30.8	2.14	23
n2	n121	17.7	3.65	22
n2	n119	18.5	4.77	22
n2	n165	45.5	4.77	22
n2	n118	50.0	4.77	22
n3	n35	95.1	1.86e-202	695
n3	n37	32.9	1.23e-20	91
n3	n85	42.7	3.7e-17	79
n3	n84	29.6	3.7e-09	53
n3	n73	27.7	1.08e-08	51
n3	n61	26.1	6.99e-08	49
n3	n24	25.7	9.12e-08	48
n3	n72	25.3	1.19e-07	48
n3	n39	26.5	1.56e-07	47
n3	n32	28.4	4.53e-07	46
n3	n89	27.6	1.32e-06	44
n3	n23	21.7	2.94e-06	43
n3	n9	26.8	3.83e-06	43
n3	n74	23.0	6.54e-06	42
n3	n57	27.0	8.54e-06	42
n3	n52	24.1	8.54e-06	42
n3	n25	24.3	1.46e-05	41
n3	n56	26.1	1.46e-05	41
n3	n60	27.0	1.46e-05	41
n3	n29	23.9	2.48e-05	40
n3	n53	24.1	2.48e-05	40
n3	n55	27.0	2.48e-05	40
n3	n22	21.7	3.25e-05	40
n3	n27	21.7	3.25e-05	40
n3	n68	27.0	4.24e-05	39
n3	n7	27.9	4.24e-05	39
n3	n14	22.7	5.54e-05	39
n3	n43	31.3	5.54e-05	39
n3	n45	22.7	5.54e-05	39
n3	n77	25.6	5.54e-05	39
n3	n31	23.7	5.54e-05	39
n3	n18	25.3	5.54e-05	39
n3	n12	23.7	5.54e-05	39
n3	n66	24.8	9.44e-05	38
n3	n83	28.5	9.44e-05	38
n3	n33	27.4	0.000161	37
n3	n41	22.7	0.000161	37
n3	n20	21.8	0.000161	37
n3	n80	22.9	0.000161	37
n3	n82	28.0	0.000359	36
n3	n76	24.5	0.000359	36
n3	n105	24.7	0.000359	36
n3	n26	22.2	0.000359	36
n3	n107	23.4	0.000469	36
n3	n8	22.2	0.000469	36
n3	n42	25.7	0.000612	35
n3	n13	22.9	0.000612	35
n3	n67	30.2	0.00104	35
n3	n30	22.0	0.00136	34
n3	n51	25.2	0.00136	34
n3	n128	24.6	0.00136	34
n3	n44	22.0	0.00136	34
n3	n5	22.4	0.00136	34
n3	n46	22.0	0.00136	34
n3	n15	22.0	0.00136	34
n3	n11	22.0	0.00136	34
n3	n130	48.7	0.00233	33
n3	n36	31.0	0.00304	33
n3	n34	26.2	0.00518	32
n3	n6	26.6	0.00677	32
n3	n128	53.3	0.00884	32
n3	n16	22.3	0.00884	32
n3	n126	25.7	0.0115	31
n3	n58	22.8	0.0257	30
n3	n138	27.3	0.0336	30
n3	n10	23.1	0.0336	30
n3	n169	22.6	0.0336	30
n3	n69	22.2	0.0439	29
n3	n96	27.7	0.0573	29
n3	n10	23.2	0.0977	28
n3	n49	26.7	0.167	27
n3	n105	30.4	0.167	27
n3	n134	34.3	0.218	27
n3	n85	26.4	0.218	27
n3	n40	31.0	0.633	25
n3	n108	23.2	0.633	25
n3	n112	23.3	0.633	25
n3	n106	26.4	1.08	25
n3	n125	28.0	1.08	25
n3	n137	37.2	2.41	23
n3	n99	37.2	2.41	23
n3	n81	32.0	7	22
n4	n21	73.8	5.75e-119	417
n4	n47	73.8	5.75e-119	417
n4	n18	66.1	3.05e-112	395
n4	n42	65.0	3.27e-106	375
n4	n75	57.3	1.53e-87	313
n4	n71	52.9	2.6e-87	312
n4	n59	51.2	1.43e-85	306
n4	n86	54.7	1.75e-83	299
n4	n68	49.3	1.13e-82	297
n4	n41	51.4	4.3e-82	295
n4	n66	50.8	1.25e-81	293
n4	n7	50.7	4.76e-81	291
n4	n51	52.8	6.87e-80	287
n4	n77	48.8	8.97e-80	287
n4	n89	49.3	1.29e-78	283
n4	n70	50.7	1.87e-77	279
n4	n76	48.1	1.87e-77	279
n4	n36	49.4	1.21e-76	277
n4	n74	51.7	4.61e-76	275
n4	n60	46.4	2.53e-74	269
n4	n20	47.2	2.53e-74	269
n4	n81	49.3	9.6e-74	267
n4	n61	46.2	2.79e-73	265
n4	n69	48.3	4.77e-73	265
n4	n19	46.4	4.77e-73	265
n4	n44	49.1	1.06e-72	263
n4	n15	49.1	1.06e-72	263
n4	n46	49.1	1.06e-72	263
n4	n22	49.8	4.03e-72	262
n4	n27	49.8	4.03e-72	262
n4	n80	49.5	5.27e-72	261
n4	n16	51.3	6.88e-72	261
n4	n23	49.8	8.99e-72	260
n4	n25	48.8	1.53e-71	260
n4	n62	50.0	1.53e-71	260
n4	n29	49.1	1.53e-71	260
n4	n6	49.5	3.42e-71	258
n4	n45	48.4	3.42e-71	258
n4	n26	50.0	3.42e-71	258
n4	n14	48.4	3.42e-71	258
n4	n11	49.4	4.46e-71	258
n4	n30	49.4	4.46e-71	258
n4	n13	49.8	2.21e-70	256
n4	n9	47.0	2.89e-70	255
n4	n8	49.3	4.93e-70	255
n4	n12	48.7	1.44e-69	253
n4	n31	48.7	1.44e-69	253
n4	n5	50.8	3.2e-69	252
n4	n10	49.1	4.18e-69	252
n4	n52	47.4	7.12e-69	251
n4	n53	47.4	9.3e-69	250
n4	n54	48.5	4.62e-68	248
n4	n24	45.1	7.87e-68	247
n4	n88	49.3	1.34e-67	247
n4	n78	46.6	1.34e-67	247
n4	n56	47.4	2.29e-67	246
n4	n64	48.5	5.1e-67	245
n4	n87	46.2	1.49e-66	243
n4	n55	46.6	1.94e-66	243
n4	n72	45.8	2.53e-66	242
n4	n57	46.3	3.31e-66	242
n4	n33	47.5	5.28e-64	235
n4	n73	44.6	1.18e-63	233
n4	n58	40.8	4.94e-62	228
n4	n32	44.4	2.45e-61	226
n4	n28	43.4	1.59e-60	223
n4	n34	46.2	3.54e-60	222
n4	n43	38.9	1.14e-58	217
n4	n83	38.8	1.59e-52	196
n4	n67	36.6	1.5e-42	163
n4	n82	36.2	8.21e-41	158
n4	n50	32.6	1.19e-31	127
n4	n79	32.2	7.7e-31	124
n4	n63	29.0	1.77e-27	113
n4	n40	27.0	9.11e-24	101
n4	n38	26.0	5.72e-18	82
n4	n90	27.2	1.12e-13	67
n4	n49	27.5	0.000162	37
n4	n37	25.4	0.00036	36
n4	n42	25.2	0.00105	34
n4	n135	40.8	0.00137	34
n4	n199	23.9	0.00398	32
n4	n65	25.0	0.0337	29
n4	n85	26.4	0.0337	29
n4	n39	23.2	0.0981	28
n4	n212	40.0	1.85	23
n4	n95	27.1	2.42	23
n4	n133	19.8	3.15	23
n4	n168	28.6	5.38	22
n4	n119	28.6	9.18	21
n4	n121	28.6	9.18	21
n5	n6	79.2	3.14e-133	465
n5	n81	63.4	2.34e-104	369
n5	n62	68.2	2.59e-103	365
n5	n53	67.3	2.86e-102	362
n5	n72	61.4	8.34e-102	360
n5	n22	61.0	7.06e-101	357
n5	n27	61.0	7.06e-101	357
n5	n64	66.8	9.22e-101	357
n5	n52	65.4	4.57e-100	354
n5	n87	61.1	1.47e-98	349
n5	n29	60.5	5.59e-98	347
n5	n16	64.6	9.54e-98	347
n5	n46	59.8	1.25e-97	346
n5	n44	59.8	1.25e-97	346
n5	n80	60.1	1.25e-97	346
n5	n15	59.8	1.25e-97	346
n5	n24	57.8	2.12e-97	346
n5	n25	59.8	2.77e-97	345
n5	n14	59.5	4.73e-97	344
n5	n45	59.5	4.73e-97	344
n5	n13	61.6	4.9e-94	334
n5	n26	61.6	4.9e-94	334
n5	n30	61.2	6.4e-94	334
n5	n11	61.2	6.4e-94	334
n5	n9	59.0	8.35e-94	334
n5	n12	60.8	1.43e-93	333
n5	n31	60.8	1.43e-93	333
n5	n74	58.4	1.43e-93	333
n5	n8	61.0	2.43e-93	332
n5	n54	61.9	3.17e-93	332
n5	n23	58.1	9.24e-93	330
n5	n58	60.3	5.99e-92	327
n5	n73	58.1	8.65e-91	324
n5	n10	60.1	2.52e-90	322
n5	n78	57.5	7.32e-90	320
n5	n56	59.2	6.85e-88	314
n5	n57	59.2	6.85e-88	314
n5	n55	59.1	3.4e-87	312
n5	n33	59.0	4.44e-87	311
n5	n34	57.6	4.59e-84	301
n5	n32	51.9	1.02e-83	300
n5	n28	52.0	1.93e-82	296
n5	n83	53.6	6.43e-78	281
n5	n69	50.2	4.31e-74	268
n5	n21	50.4	9.94e-71	257
n5	n47	50.4	9.94e-71	257
n5	n70	50.2	9.94e-71	257
n5	n51	47.7	1.7e-70	256
n5	n18	48.6	3.78e-70	255
n5	n77	46.7	7.12e-69	251
n5	n71	48.1	6.03e-68	248
n5	n68	46.2	1.03e-67	247
n5	n7	46.6	2.99e-67	245
n5	n86	49.5	6.67e-67	244
n5	n42	46.7	5.64e-66	241
n5	n89	44.7	3.66e-65	238
n5	n66	44.3	3.66e-65	238
n5	n76	44.7	3.1e-64	235
n5	n75	47.2	3.1e-64	235
n5	n59	44.9	9.01e-64	234
n5	n19	44.2	4.94e-62	228
n5	n36	44.7	8.43e-62	227
n5	n41	45.1	9.32e-61	224
n5	n88	43.7	2.71e-60	222
n5	n61	41.0	6.68e-59	218
n5	n60	41.9	2.15e-57	213
n5	n20	42.7	1.18e-55	207
n5	n43	40.8	7.91e-52	194
n5	n82	33.9	2.56e-34	136
n5	n79	32.3	1.9e-29	120
n5	n67	32.3	5.52e-29	118
n5	n50	30.9	1.36e-27	114
n5	n40	29.8	2.93e-22	96
n5	n63	26.8	5.53e-21	92
n5	n38	24.9	3.47e-15	72
n5	n90	25.9	5.54e-13	65
n5	n17	27.3	3.85e-06	42
n5	n85	29.0	9.48e-05	38
n5	n133	24.9	0.000162	37
n5	n135	37.5	0.00036	36
n5	n39	25.0	0.00036	36
n5	n85	42.6	0.00047	35
n5	n108	27.5	0.00105	34
n5	n35	21.4	0.00137	34
n5	n107	26.6	0.00398	32
n5	n96	26.1	0.0116	31
n5	n146	24.5	0.0258	30
n5	n120	23.5	0.0258	30
n5	n153	24.5	0.0258	30
n5	n49	27.5	0.044	29
n5	n39	25.2	0.0751	28
n5	n137	25.3	0.0981	28
n5	n37	25.3	0.373	26
n5	n200	22.5	0.373	26
n5	n49	22.7	0.373	26
n5	n142	26.8	0.83	25
n5	n144	26.5	1.08	24
n5	n145	29.3	1.08	24
n5	n121	37.0	1.08	24
n5	n119	37.0	1.08	24
n5	n98	26.6	1.42	24
n5	n162	33.3	1.42	24
n5	n175	25.7	1.85	23
n5	n35	32.8	2.42	23
n5	n136	34.9	7.03	22
n5	n98	87.5	9.18	21
n6	n81	66.7	4.36e-111	391
n6	n53	70.3	3.13e-109	385
n6	n52	70.3	1.55e-108	382
n6	n62	69.0	2.48e-106	375
n6	n64	68.4	2.74e-105	372
n6	n27	60.8	1.66e-102	362
n6	n22	60.8	1.66e-102	362
n6	n87	61.1	9.12e-101	357
n6	n72	61.5	5.91e-100	354
n6	n23	60.5	6.54e-99	351
n6	n24	58.0	1.9e-98	349
n6	n54	64.6	9.44e-98	347
n6	n46	60.1	9.44e-98	347
n6	n44	60.1	9.44e-98	347
n6	n15	60.1	9.44e-98	347
n6	n29	60.1	1.23e-97	346
n6	n14	58.4	1.61e-97	346
n6	n45	58.4	1.61e-97	346
n6	n25	58.1	4.68e-97	344
n6	n80	59.8	4.68e-97	344
n6	n16	64.1	1.04e-96	343
n6	n9	58.1	3.04e-96	342
n6	n73	57.6	1.51e-95	339
n6	n30	61.5	2.57e-95	339
n6	n11	61.5	2.57e-95	339
n6	n12	61.1	4.38e-95	338
n6	n31	61.1	4.38e-95	338
n6	n8	61.2	9.77e-95	337
n6	n26	61.1	1.28e-94	336
n6	n13	61.1	1.28e-94	336
n6	n78	58.8	4.85e-94	334
n6	n74	58.4	6.33e-94	334
n6	n10	60.3	7.74e-92	327
n6	n58	59.0	6.55e-91	324
n6	n32	55.6	1.12e-90	323
n6	n57	59.9	8.85e-88	314
n6	n56	59.9	8.85e-88	314
n6	n55	59.3	2.58e-87	312
n6	n28	55.1	2.85e-86	309
n6	n33	56.9	3.72e-86	308
n6	n34	56.9	5.37e-85	304
n6	n83	54.2	1.42e-77	280
n6	n70	53.9	3.49e-76	275
n6	n68	50.8	3.86e-75	272
n6	n77	49.7	6.58e-75	271
n6	n69	50.0	1.62e-73	266
n6	n66	48.7	3.61e-73	265
n6	n51	52.3	1.37e-72	263
n6	n7	48.3	3.06e-72	262
n6	n42	48.7	3.06e-72	262
n6	n18	47.6	8.9e-72	260
n6	n76	47.5	4.42e-71	258
n6	n47	50.4	8.33e-70	254
n6	n21	50.4	8.33e-70	254
n6	n86	49.3	2.68e-68	249
n6	n36	50.2	4.57e-68	248
n6	n19	46.1	1.33e-67	247
n6	n71	46.7	8.62e-67	244
n6	n89	46.0	1.13e-66	243
n6	n60	48.1	4.73e-65	238
n6	n61	45.2	1.38e-64	236
n6	n59	44.4	1.8e-64	236
n6	n88	46.6	5.23e-64	235
n6	n41	46.9	1.16e-63	233
n6	n75	45.4	2.59e-63	232
n6	n20	42.3	2.13e-57	213
n6	n43	45.0	7.57e-55	204
n6	n82	34.7	7.36e-34	134
n6	n67	34.2	2.62e-31	126
n6	n79	29.7	1.44e-29	120
n6	n50	29.4	4.62e-28	115
n6	n63	28.9	2.9e-22	96
n6	n40	28.3	2.46e-21	93
n6	n90	29.9	9.04e-16	74
n6	n38	29.2	1.18e-15	74
n6	n134	24.6	5.31e-08	49
n6	n133	22.3	1.11e-05	41
n6	n17	24.6	1.11e-05	41
n6	n39	24.7	0.000209	37
n6	n85	26.7	0.000209	37
n6	n85	27.5	0.000273	36
n6	n120	26.1	0.000465	35
n6	n108	31.4	0.000608	35
n6	n135	37.5	0.00515	32
n6	n35	26.6	0.00672	32
n6	n96	29.2	0.0255	30
n6	n137	22.6	0.0255	30
n6	n49	28.2	0.0334	29
n6	n127	22.6	0.0569	28
n6	n110	21.7	0.0743	28
n6	n37	30.7	0.0743	28
n6	n138	26.9	0.0971	28
n6	n39	23.7	0.127	27
n6	n119	26.3	0.369	26
n6	n121	26.3	0.369	26
n6	n49	24.8	0.482	25
n6	n98	55.0	0.629	25
n6	n136	33.3	0.822	25
n6	n107	36.8	0.822	25
n6	n162	24.5	1.4	24
n6	n35	30.7	1.4	24
n6	n39	26.1	2.39	23
n6	n155	32.2	6.96	22
n7	n68	88.4	2.16e-161	558
n7	n66	85.8	2.47e-157	545
n7	n77	85.9	2.31e-155	538
n7	n76	76.8	3.7e-137	478
n7	n19	74.4	1.41e-136	476
n7	n61	65.9	1.97e-122	429
n7	n60	64.6	1.32e-118	416
n7	n89	61.1	5.57e-109	384
n7	n36	55.5	4.57e-103	364
n7	n51	56.6	6.18e-100	354
n7	n86	57.9	1.86e-96	342
n7	n71	53.5	7.07e-96	341
n7	n59	53.0	7.82e-95	337
n7	n20	54.3	6.85e-91	324
n7	n42	53.5	1.25e-84	303
n7	n18	49.3	3.41e-82	295
n7	n70	50.9	5.09e-78	281
n7	n44	49.4	2.79e-76	275
n7	n46	49.4	2.79e-76	275
n7	n15	49.4	2.79e-76	275
n7	n45	49.0	3.65e-76	275
n7	n62	52.3	3.65e-76	275
n7	n14	49.0	3.65e-76	275
n7	n25	48.7	8.13e-76	274
n7	n29	49.0	1.06e-75	273
n7	n21	49.7	6.88e-75	271
n7	n47	49.7	6.88e-75	271
n7	n80	48.7	8.98e-75	270
n7	n12	51.9	1.17e-74	270
n7	n31	51.9	1.17e-74	270
n7	n11	52.2	1.53e-74	270
n7	n30	52.2	1.53e-74	270
n7	n74	49.1	7.6e-74	267
n7	n78	48.2	9.93e-74	267
n7	n23	47.8	1.69e-73	266
n7	n26	51.5	1.69e-73	266
n7	n8	51.5	3.77e-73	265
n7	n13	51.5	4.93e-73	265
n7	n10	51.5	6.44e-73	264
n7	n22	47.0	8.41e-73	264
n7	n27	47.0	8.41e-73	264
n7	n24	48.9	4.17e-72	262
n7	n41	46.8	7.12e-72	261
n7	n81	46.6	9.3e-72	260
n7	n16	50.0	1.21e-71	260
n7	n52	49.4	6.03e-71	258
n7	n75	48.9	1.03e-70	257
n7	n53	48.5	2.29e-70	256
n7	n64	50.2	2.29e-70	256
n7	n72	45.1	2.29e-70	256
n7	n56	48.5	2.53e-69	252
n7	n57	48.1	2.53e-69	252
n7	n55	47.7	1.64e-68	250
n7	n33	46.6	4.77e-68	248
n7	n54	48.1	6.24e-68	248
n7	n34	44.5	7.13e-64	234
n7	n43	42.6	2.71e-63	232
n7	n9	43.4	2.71e-63	232
n7	n73	44.3	3.54e-63	232
n7	n87	42.4	1.35e-62	230
n7	n32	44.3	5.11e-62	228
n7	n69	46.1	1.14e-61	227
n7	n58	41.8	5.29e-59	218
n7	n28	40.6	8.45e-57	211
n7	n88	42.6	1.03e-54	204
n7	n83	38.0	1.77e-46	176
n7	n67	39.0	7.42e-45	171
n7	n82	36.5	4.81e-44	168
n7	n79	31.9	1.96e-37	146
n7	n50	32.7	7.43e-37	144
n7	n63	30.7	5.9e-26	108
n7	n40	27.9	1.11e-24	104
n7	n38	27.6	2.25e-17	80
n7	n90	28.3	5.54e-16	75
n7	n37	30.1	1.51e-05	40
n7	n49	27.1	3.37e-05	39
n7	n35	26.2	0.000128	37
n7	n85	31.6	0.000167	37
n7	n133	23.1	0.000635	35
n7	n85	27.5	0.00185	33
n7	n96	31.3	0.0349	29
n7	n95	21.3	0.0595	28
n7	n94	20.5	0.173	27
n7	n184	20.0	1.12	24
n7	n85	24.6	2.5	23
n7	n127	22.0	3.26	23
n7	n117	37.0	5.56	22
n7	n113	37.0	7.27	22
n7	n114	38.5	9.49	21
n7	n115	37.0	9.49	21
n7	n116	31.9	9.49	21
n8	n15	98.9	7.88e-152	526
n8	n46	98.9	7.88e-152	526
n8	n44	98.9	7.88e-152	526
n8	n26	98.9	1.34e-151	525
n8	n11	98.9	2.29e-151	525
n8	n30	98.9	2.29e-151	525
n8	n80	96.9	1.26e-149	519
n8	n13	97.3	1.26e-149	519
n8	n10	97.3	3.43e-147	511
n8	n29	93.9	1.88e-145	505
n8	n14	92.7	1.76e-143	498
n8	n45	92.7	1.76e-143	498
n8	n12	92.7	5.12e-143	497
n8	n31	92.7	5.12e-143	497
n8	n25	92.0	1.49e-142	495
n8	n27	82.8	1e-130	456
n8	n22	82.8	1e-130	456
n8	n23	82.1	7.18e-129	450
n8	n74	78.6	1.11e-121	426
n8	n16	74.3	3.69e-117	411
n8	n52	67.3	7.48e-102	360
n8	n53	67.6	1.67e-101	359
n8	n24	64.9	1.84e-100	356
n8	n81	63.5	2.25e-98	349
n8	n54	64.5	6.55e-98	347
n8	n64	65.1	1.12e-97	346
n8	n62	62.7	1.78e-95	339
n8	n72	60.8	1.16e-94	336
n8	n78	60.0	1.32e-90	323
n8	n9	59.5	3.6e-88	315
n8	n69	58.5	3.98e-87	311
n8	n33	60.7	3.37e-86	308
n8	n87	59.1	9.81e-86	307
n8	n34	60.3	2.19e-85	305
n8	n28	55.6	5.04e-82	294
n8	n57	55.3	1.98e-78	282
n8	n73	53.2	2.59e-78	282
n8	n56	54.6	5.77e-78	281
n8	n55	54.6	2.19e-77	279
n8	n58	54.0	8.33e-77	277
n8	n42	50.9	1.42e-76	276
n8	n18	51.9	5.4e-76	274
n8	n32	50.6	2.05e-75	272
n8	n68	51.3	1.33e-74	270
n8	n70	49.1	1.47e-73	266
n8	n51	52.6	1.24e-72	263
n8	n76	49.6	4.73e-72	261
n8	n77	50.0	6.18e-72	261
n8	n88	50.0	1.05e-71	260
n8	n66	49.8	1.38e-71	260
n8	n89	49.4	1.16e-70	257
n8	n86	48.9	1.68e-69	253
n8	n19	45.8	1.09e-68	250
n8	n21	51.8	7.07e-68	247
n8	n47	51.8	7.07e-68	247
n8	n59	47.7	1.21e-67	247
n8	n36	48.1	2.68e-67	245
n8	n60	47.4	3.51e-67	245
n8	n71	46.2	7.81e-67	244
n8	n41	48.3	1.74e-66	243
n8	n75	49.2	8.64e-66	240
n8	n20	48.5	1.92e-65	239
n8	n61	46.2	2.51e-65	239
n8	n83	48.3	8.94e-63	230
n8	n43	43.9	4.45e-54	201
n8	n50	33.7	3e-34	136
n8	n79	34.3	6.25e-32	128
n8	n82	33.5	1.07e-31	127
n8	n67	34.6	1.07e-31	127
n8	n63	31.1	5.66e-25	105
n8	n40	30.5	1.07e-23	101
n8	n38	28.8	3.44e-14	69
n8	n90	26.7	2.23e-13	66
n8	n65	28.4	9.08e-07	44
n8	n134	26.8	4.51e-06	42
n8	n17	33.3	4.51e-06	42
n8	n120	24.1	2.24e-05	40
n8	n85	25.2	2.24e-05	40
n8	n127	30.6	2.24e-05	40
n8	n35	21.7	6.51e-05	38
n8	n37	26.4	0.000145	37
n8	n110	31.5	0.000551	35
n8	n49	28.2	0.000551	35
n8	n96	35.7	0.00274	33
n8	n39	28.9	0.00796	31
n8	n39	21.6	0.0395	29
n8	n135	37.5	0.0516	28
n8	n100	33.8	0.256	26
n8	n165	27.3	0.57	25
n8	n164	20.9	0.745	25
n8	n35	28.6	0.973	24
n8	n161	20.9	0.973	24
n8	n108	26.8	0.973	24
n8	n162	25.5	1.27	24
n8	n119	19.4	1.66	23
n8	n121	35.5	2.17	23
n8	n113	21.3	2.83	23
n8	n107	41.7	6.31	22
n8	n49	27.5	6.31	22
n8	n123	27.9	8.24	21
n8	n118	29.5	8.24	21
n9	n81	62.2	1.03e-105	373
n9	n62	64.8	8.42e-100	354
n9	n64	67.7	2.45e-99	352
n9	n53	63.2	1.49e-96	343
n9	n54	62.0	1.3e-92	330
n9	n52	59.8	4.95e-92	328
n9	n87	56.6	6.46e-92	327
n9	n27	57.0	1.1e-91	327
n9	n22	57.0	1.1e-91	327
n9	n72	54.8	3.21e-91	325
n9	n15	55.6	7.14e-91	324
n9	n44	55.6	7.14e-91	324
n9	n46	55.6	7.14e-91	324
n9	n23	56.0	7.9e-90	320
n9	n29	53.4	7.9e-90	320
n9	n80	54.9	2.3e-89	319
n9	n78	57.0	2.3e-89	319
n9	n11	59.7	8.73e-89	317
n9	n30	59.7	8.73e-89	317
n9	n26	59.7	1.14e-88	317
n9	n74	57.2	1.94e-88	316
n9	n73	55.2	2.54e-88	315
n9	n45	53.5	7.39e-88	314
n9	n14	53.5	7.39e-88	314
n9	n25	55.3	7.39e-88	314
n9	n16	58.9	2.15e-87	312
n9	n13	58.9	2.81e-87	312
n9	n24	52.8	1.39e-86	310
n9	n12	59.3	6.92e-86	307
n9	n31	59.3	6.92e-86	307
n9	n56	59.3	9.03e-86	307
n9	n10	58.6	2.63e-85	305
n9	n57	58.1	1.3e-84	303
n9	n55	57.8	4.96e-84	301
n9	n33	55.6	1.88e-83	299
n9	n28	55.0	7.91e-82	294
n9	n34	53.4	1.4e-78	283
n9	n32	49.8	4.06e-78	282
n9	n69	51.1	1.11e-75	273
n9	n18	49.5	2.47e-75	272
n9	n58	49.3	9.37e-75	270
n9	n42	49.5	6.07e-74	268
n9	n70	46.9	6.72e-73	264
n9	n83	48.1	1.55e-69	253
n9	n89	46.6	2.64e-69	252
n9	n21	47.9	7.68e-69	251
n9	n47	47.9	7.68e-69	251
n9	n51	46.0	1.6e-66	243
n9	n41	47.6	1.04e-65	240
n9	n76	43.2	5.7e-64	235
n9	n88	47.7	5.7e-64	235
n9	n68	42.9	5.7e-64	235
n9	n75	48.4	9.72e-64	234
n9	n36	43.5	1.27e-63	233
n9	n77	41.3	1.07e-62	230
n9	n66	42.0	3.13e-62	229
n9	n60	44.4	6.97e-62	228
n9	n19	41.0	2.24e-60	223
n9	n61	42.2	1.61e-58	216
n9	n59	39.9	3.58e-58	215
n9	n86	42.9	1.96e-56	210
n9	n71	41.7	2.56e-56	209
n9	n20	42.6	7.72e-53	198
n9	n43	36.1	3.36e-48	182
n9	n82	33.9	2.95e-36	143
n9	n67	35.8	4.7e-34	135
n9	n50	32.6	5.75e-32	128
n9	n79	32.5	2.42e-30	123
n9	n63	28.1	1.28e-23	101
n9	n40	29.3	1.33e-20	91
n9	n38	28.9	1.86e-14	70
n9	n90	26.2	2.97e-12	63
n9	n134	28.1	4.9e-07	45
n9	n35	25.9	7.08e-06	42
n9	n17	31.8	4.59e-05	39
n9	n65	26.2	0.000174	37
n9	n133	24.8	0.000174	37
n9	n37	27.2	0.000228	37
n9	n85	27.6	0.000228	37
n9	n120	27.3	0.00733	32
n9	n85	29.9	0.0125	31
n9	n49	29.8	0.0213	30
n9	n96	36.4	0.0213	30
n9	n129	23.7	0.18	27
n9	n124	22.5	0.236	27
n9	n42	24.1	0.308	26
n9	n127	27.9	0.525	25
n9	n39	25.3	0.686	25
n9	n123	32.6	1.99	23
n9	n178	28.9	2.61	23
n9	n118	27.0	4.44	22
n9	n174	30.2	4.44	22
n9	n163	26.1	4.44	22
n9	n119	19.3	5.8	22
n9	n121	19.8	5.8	22
n9	n102	43.5	9.9	21
n10	n30	98.5	7.38e-150	520
n10	n11	98.5	7.38e-150	520
n10	n15	98.5	2.8e-149	518
n10	n44	98.5	2.8e-149	518
n10	n46	98.5	2.8e-149	518
n10	n26	97.7	3.1e-148	514
n10	n13	96.2	7.63e-147	510
n10	n80	96.2	2.9e-146	508
n10	n29	93.1	4.33e-142	494
n10	n31	91.6	3.11e-140	488
n10	n12	91.6	3.11e-140	488
n10	n14	91.6	1.18e-139	486
n10	n45	91.6	1.18e-139	486
n10	n25	91.2	3.43e-139	484
n10	n27	81.6	6.72e-127	443
n10	n22	81.6	6.72e-127	443
n10	n23	80.8	4.81e-125	437
n10	n74	78.2	3.95e-119	418
n10	n16	73.7	4.52e-115	404
n10	n53	67.3	5.36e-100	354
n10	n52	66.7	7e-100	354
n10	n24	63.7	3.25e-97	345
n10	n64	64.7	8.01e-96	340
n10	n81	62.8	8.01e-96	340
n10	n54	63.6	8.01e-96	340
n10	n62	62.5	4.86e-93	331
n10	n72	59.9	1.56e-91	326
n10	n78	59.8	2.5e-89	319
n10	n69	60.4	1.51e-86	309
n10	n33	59.7	1.42e-84	303
n10	n34	59.7	5.38e-84	301
n10	n87	58.6	2.05e-83	299
n10	n28	55.1	1.05e-79	287
n10	n73	52.7	1.85e-76	276
n10	n57	54.5	1.85e-76	276
n10	n56	53.8	5.4e-76	274
n10	n58	53.6	1.2e-75	273
n10	n42	51.1	1.2e-75	273
n10	n55	53.8	1.57e-75	273
n10	n18	51.3	7.79e-75	270
n10	n68	51.3	1.13e-73	267
n10	n51	52.6	1.24e-72	263
n10	n32	49.8	1.63e-72	263
n10	n88	50.2	1.8e-71	259
n10	n70	48.0	3.06e-71	258
n10	n77	50.0	3.06e-71	258
n10	n66	49.8	6.83e-71	257
n10	n76	49.1	7.55e-70	254
n10	n86	49.4	3.75e-69	252
n10	n89	48.7	1.42e-68	250
n10	n21	52.0	7.07e-68	247
n10	n47	52.0	7.07e-68	247
n10	n36	48.5	2.68e-67	245
n10	n59	48.3	4.58e-67	245
n10	n19	46.1	1.74e-66	243
n10	n71	46.8	5.06e-66	241
n10	n60	47.0	8.64e-66	240
n10	n75	48.5	3.28e-65	238
n10	n20	48.7	4.29e-65	238
n10	n41	48.0	5.6e-65	238
n10	n61	46.2	4.74e-64	235
n10	n83	48.7	7.57e-62	227
n10	n43	43.8	6.42e-53	198
n10	n50	33.7	8.72e-34	134
n10	n67	35.2	6.25e-32	128
n10	n82	34.2	1.39e-31	127
n10	n79	34.0	1.82e-31	126
n10	n63	30.2	6.92e-23	98
n10	n40	30.0	4.49e-22	95
n10	n38	26.8	9.06e-15	71
n10	n90	27.0	7.18e-12	61
n10	n65	27.6	1e-05	41
n10	n134	26.8	1.71e-05	40
n10	n17	32.3	2.92e-05	39
n10	n37	27.2	6.51e-05	38
n10	n127	30.8	6.51e-05	38
n10	n120	23.5	0.000189	37
n10	n85	25.2	0.000189	37
n10	n49	28.2	0.000551	35
n10	n96	29.9	0.00209	33
n10	n39	26.3	0.00796	31
n10	n110	29.5	0.0104	31
n10	n35	20.8	0.0395	29
n10	n135	38.3	0.0674	28
n10	n162	27.5	0.088	28
n10	n35	25.3	0.088	28
n10	n39	22.3	0.15	27
n10	n165	27.3	0.437	25
n10	n107	36.4	0.973	24
n10	n161	21.8	1.66	23
n10	n164	22.4	3.7	22
n10	n119	27.6	4.83	22
n10	n49	44.4	6.31	22
n10	n121	33.3	6.31	22
n10	n118	42.9	8.24	21
n11	n30	100.0	4.94e-154	533
n11	n15	100.0	1.88e-153	532
n11	n44	100.0	1.88e-153	532
n11	n46	100.0	1.88e-153	532
n11	n26	99.2	2.07e-152	528
n11	n13	97.7	5.11e-151	523
n11	n80	97.3	5.65e-150	520
n11	n29	94.3	8.44e-146	506
n11	n31	93.1	2.08e-144	502
n11	n12	93.1	2.08e-144	502
n11	n14	93.1	7.9e-144	500
n11	n45	93.1	7.9e-144	500
n11	n25	92.3	6.69e-143	497
n11	n27	83.1	4.5e-131	457
n11	n22	83.1	4.5e-131	457
n11	n23	82.4	3.22e-129	451
n11	n74	79.7	2.64e-123	431
n11	n16	75.2	3.02e-119	418
n11	n53	68.4	1.78e-103	366
n11	n52	67.8	2.32e-103	365
n11	n24	65.3	2.18e-101	359
n11	n54	64.8	2.66e-99	352
n11	n81	64.0	2.66e-99	352
n11	n64	65.9	4.54e-99	351
n11	n62	63.6	1.61e-96	342
n11	n72	61.1	3.97e-95	338
n11	n78	60.2	3.48e-91	325
n11	n69	60.8	2.11e-88	315
n11	n87	59.5	1.51e-86	309
n11	n33	60.1	4.4e-86	308
n11	n34	60.1	1.67e-85	306
n11	n28	56.0	7.78e-83	297
n11	n57	55.7	6.16e-80	287
n11	n56	54.9	1.79e-79	286
n11	n55	54.9	5.22e-79	284
n11	n73	53.4	6.81e-79	284
n11	n42	51.9	5.77e-78	281
n11	n58	54.0	2.19e-77	279
n11	n18	52.0	3.74e-77	278
n11	n32	51.0	4.13e-76	275
n11	n68	52.0	5.4e-76	274
n11	n51	53.0	8.62e-74	267
n11	n77	50.7	1.92e-73	266
n11	n70	49.1	1.92e-73	266
n11	n88	50.6	7.29e-73	264
n11	n66	50.2	1.63e-72	263
n11	n76	49.8	3.62e-72	262
n11	n89	49.4	8.92e-71	257
n11	n86	49.8	1.52e-70	256
n11	n47	52.4	2.87e-69	252
n11	n21	52.4	2.87e-69	252
n11	n59	49.1	3.75e-69	252
n11	n36	48.9	1.09e-68	250
n11	n19	46.8	1.09e-68	250
n11	n71	47.5	2.43e-68	249
n11	n60	47.8	1.21e-67	247
n11	n41	48.7	2.68e-67	245
n11	n20	49.1	1.33e-66	243
n11	n75	49.8	1.74e-66	243
n11	n61	46.6	8.64e-66	240
n11	n83	48.7	5.24e-63	231
n11	n43	44.2	2.61e-54	202
n11	n50	33.7	3.91e-34	135
n11	n79	34.0	8.16e-32	127
n11	n82	34.2	1.39e-31	127
n11	n67	35.2	1.39e-31	127
n11	n63	31.1	5.66e-25	105
n11	n40	30.5	6.26e-24	101
n11	n38	26.8	9.06e-15	71
n11	n90	27.0	3.22e-12	62
n11	n65	28.4	9.08e-07	44
n11	n134	26.8	4.51e-06	42
n11	n17	33.3	4.51e-06	42
n11	n120	24.1	2.24e-05	40
n11	n127	30.8	2.92e-05	39
n11	n37	27.2	3.82e-05	39
n11	n85	25.2	4.98e-05	39
n11	n35	21.3	0.000323	36
n11	n49	28.2	0.000422	35
n11	n110	31.5	0.000551	35
n11	n96	35.7	0.00274	33
n11	n39	26.3	0.0136	30
n11	n39	21.6	0.0395	29
n11	n135	37.5	0.0516	28
n11	n100	33.8	0.256	26
n11	n165	27.3	0.57	25
n11	n161	20.4	0.57	25
n11	n108	26.8	0.973	24
n11	n35	28.6	0.973	24
n11	n162	25.5	1.27	24
n11	n119	30.0	1.66	23
n11	n164	20.4	2.17	23
n11	n121	35.5	2.17	23
n11	n113	21.3	3.7	22
n11	n49	27.5	6.31	22
n11	n107	41.7	6.31	22
n11	n123	27.9	8.24	21
n11	n118	29.5	8.24	21
n12	n31	100.0	5.83e-155	537
n12	n45	100.0	2.22e-154	535
n12	n14	100.0	2.22e-154	535
n12	n25	99.2	1.88e-153	532
n12	n29	97.3	5.65e-150	520
n12	n13	94.7	9.97e-147	509
n12	n80	94.3	1.1e-145	506
n12	n30	93.1	2.08e-144	502
n12	n26	93.1	4.63e-144	500
n12	n46	93.1	7.9e-144	500
n12	n44	93.1	7.9e-144	500
n12	n15	93.1	7.9e-144	500
n12	n27	85.8	3.55e-136	474
n12	n22	85.8	3.55e-136	474
n12	n23	85.8	6.06e-136	473
n12	n74	79.7	1e-122	429
n12	n16	76.7	4.98e-122	427
n12	n24	66.0	2.32e-103	365
n12	n52	67.0	1.67e-101	359
n12	n53	66.9	2.18e-101	359
n12	n54	64.0	1.46e-97	346
n12	n81	62.8	9.46e-97	343
n12	n64	64.7	2.75e-96	342
n12	n62	62.8	2.33e-95	339
n12	n72	61.5	3.04e-95	338
n12	n78	59.8	2.95e-90	322
n12	n69	61.2	1.16e-86	310
n12	n87	59.1	2.19e-85	305
n12	n33	58.8	1.42e-84	303
n12	n34	58.8	9.18e-84	300
n12	n28	56.0	4.56e-83	298
n12	n73	53.1	8.9e-79	283
n12	n57	55.1	8.9e-79	283
n12	n56	54.7	1.98e-78	282
n12	n55	54.3	7.53e-78	280
n12	n68	51.7	1.09e-76	277
n12	n58	53.6	3.16e-76	275
n12	n42	50.4	1.2e-75	273
n12	n32	50.2	7.79e-75	270
n12	n18	49.8	3.87e-74	268
n12	n66	50.2	1.13e-73	267
n12	n77	50.0	1.47e-73	266
n12	n88	50.9	2.51e-73	265
n12	n51	51.9	4.28e-73	265
n12	n76	49.4	4.28e-73	265
n12	n70	48.7	1.24e-72	263
n12	n86	49.8	1.05e-71	260
n12	n89	48.7	3.39e-70	255
n12	n19	48.0	1.29e-69	253
n12	n59	48.3	4.89e-69	251
n12	n71	46.8	3.17e-68	248
n12	n21	50.8	5.41e-68	248
n12	n47	50.8	5.41e-68	248
n12	n36	47.7	7.07e-68	247
n12	n60	47.4	1.74e-66	243
n12	n61	46.6	1.92e-65	239
n12	n20	48.0	1.92e-65	239
n12	n41	47.2	7.31e-65	237
n12	n75	49.0	2.13e-64	236
n12	n83	47.1	1.09e-60	223
n12	n43	44.1	2e-54	203
n12	n50	34.3	7.88e-35	138
n12	n79	36.0	5.11e-34	135
n12	n82	35.2	2.8e-32	129
n12	n67	35.7	1.07e-31	127
n12	n40	31.1	1.82e-23	100
n12	n63	29.8	6.92e-23	98
n12	n90	29.0	5.31e-15	72
n12	n38	26.0	3.44e-14	69
n12	n134	28.6	4.82e-08	49
n12	n37	28.3	7.69e-06	41
n12	n35	22.4	2.24e-05	40
n12	n65	27.7	3.82e-05	39
n12	n17	29.0	4.98e-05	39
n12	n49	28.2	6.51e-05	38
n12	n120	24.2	8.5e-05	38
n12	n85	28.6	0.000189	37
n12	n96	38.1	0.00123	34
n12	n127	29.4	0.00209	33
n12	n110	29.2	0.00609	32
n12	n100	30.8	0.00796	31
n12	n39	20.7	0.00796	31
n12	n135	41.7	0.0177	30
n12	n39	25.0	0.0232	30
n12	n161	23.8	0.0395	29
n12	n108	28.3	0.0395	29
n12	n164	24.5	0.0395	29
n12	n107	25.8	0.256	26
n12	n165	34.1	0.334	26
n12	n162	31.4	0.745	25
n12	n49	30.0	1.27	24
n12	n119	34.8	3.7	22
n12	n121	34.8	3.7	22
n12	n113	39.1	4.83	22
n12	n186	29.0	6.31	22
n12	n193	29.0	6.31	22
n12	n118	42.9	8.24	21
n13	n80	99.6	4.18e-153	530
n13	n26	98.5	1.76e-151	525
n13	n30	97.7	5.11e-151	523
n13	n46	97.7	1.94e-150	522
n13	n44	97.7	1.94e-150	522
n13	n15	97.7	1.94e-150	522
n13	n29	96.6	6.24e-149	517
n13	n31	94.7	9.97e-147	509
n13	n14	94.6	3.79e-146	507
n13	n45	94.6	3.79e-146	507
n13	n25	94.6	4.95e-146	507
n13	n27	82.4	8.48e-130	453
n13	n22	82.4	8.48e-130	453
n13	n23	81.2	6.08e-128	447
n13	n74	78.9	2.92e-122	428
n13	n16	75.2	5.16e-119	417
n13	n52	68.2	1.04e-103	366
n13	n53	68.4	2.32e-103	365
n13	n24	64.9	4.85e-101	357
n13	n54	64.8	3.47e-99	351
n13	n81	63.6	2.25e-98	349
n13	n64	64.7	1.91e-97	346
n13	n62	62.5	3.04e-95	338
n13	n72	60.7	1.97e-94	335
n13	n78	60.2	7.76e-91	324
n13	n69	61.2	2.76e-88	315
n13	n87	59.1	2.19e-85	305
n13	n33	59.3	1.08e-84	303
n13	n34	59.3	5.38e-84	301
n13	n28	56.0	2.26e-82	295
n13	n57	54.9	2.59e-78	282
n13	n56	54.5	5.77e-78	281
n13	n73	52.7	7.53e-78	280
n13	n55	54.2	2.19e-77	279
n13	n58	53.6	2.42e-76	275
n13	n42	50.7	4.13e-76	275
n13	n18	50.9	1.57e-75	273
n13	n32	50.2	7.79e-75	270
n13	n68	51.3	7.79e-75	270
n13	n70	49.8	2.27e-74	269
n13	n88	51.3	1.47e-73	266
n13	n66	49.8	8.07e-72	260
n13	n76	49.4	1.05e-71	260
n13	n77	49.6	1.05e-71	260
n13	n51	51.9	1.38e-71	260
n13	n86	49.8	2.59e-70	255
n13	n89	48.7	1.68e-69	253
n13	n59	48.7	1.86e-68	249
n13	n21	51.6	5.41e-68	248
n13	n47	51.6	5.41e-68	248
n13	n36	48.1	9.23e-68	247
n13	n19	46.5	2.06e-67	246
n13	n71	47.2	2.68e-67	245
n13	n60	47.0	3.88e-66	242
n13	n75	49.4	6.61e-66	241
n13	n41	47.6	3.28e-65	238
n13	n20	48.7	5.6e-65	238
n13	n61	45.9	3.63e-64	235
n13	n83	48.3	1.52e-62	230
n13	n43	44.5	6.86e-55	204
n13	n50	33.9	1.34e-34	137
n13	n79	34.7	1.64e-32	130
n13	n82	33.9	1.18e-30	124
n13	n67	34.8	2.62e-30	122
n13	n63	31.1	2.15e-24	103
n13	n40	30.5	1.82e-23	100
n13	n38	26.0	1.71e-13	67
n13	n90	27.8	3.81e-13	65
n13	n65	28.4	6.96e-07	45
n13	n134	26.8	3.45e-06	42
n13	n120	25.6	7.69e-06	41
n13	n85	25.2	2.92e-05	39
n13	n37	27.2	2.92e-05	39
n13	n17	31.2	3.82e-05	39
n13	n35	21.7	0.000247	36
n13	n49	28.2	0.000323	36
n13	n127	29.4	0.000422	35
n13	n110	31.5	0.00094	34
n13	n96	38.1	0.00123	34
n13	n39	22.3	0.0177	30
n13	n135	41.7	0.0177	30
n13	n39	25.0	0.0232	30
n13	n165	27.3	0.973	24
n13	n162	25.5	0.973	24
n13	n49	30.0	1.27	24
n13	n108	26.8	1.66	23
n13	n193	32.3	4.83	22
n13	n119	26.7	4.83	22
n13	n186	32.3	4.83	22
n13	n107	41.7	6.31	22
n13	n118	28.6	6.31	22
n13	n121	32.3	6.31	22
n14	n45	100.0	4.12e-187	644
n14	n29	96.6	3.74e-180	621
n14	n25	99.0	3.07e-174	601
n14	n80	94.0	3.4e-165	571
n14	n46	93.0	2.43e-163	565
n14	n44	93.0	2.43e-163	565
n14	n15	93.0	2.43e-163	565
n14	n31	100.0	2.7e-154	535
n14	n23	84.4	3.09e-150	521
n14	n22	82.4	7.87e-146	507
n14	n27	82.4	7.87e-146	507
n14	n26	93.1	5.64e-144	500
n14	n30	93.1	9.62e-144	500
n14	n74	76.5	2.15e-127	445
n14	n16	76.6	2.3e-121	425
n14	n24	61.7	3.02e-105	372
n14	n52	66.9	7.71e-101	357
n14	n53	66.8	1.01e-100	357
n14	n72	58.9	3.83e-100	355
n14	n81	58.8	1.45e-99	353
n14	n54	64.1	5.17e-97	344
n14	n64	64.7	3.35e-96	342
n14	n62	62.7	1.27e-95	340
n14	n78	56.6	6.54e-92	327
n14	n87	56.1	2.18e-87	312
n14	n69	57.6	2.84e-87	312
n14	n33	57.1	4.11e-86	308
n14	n34	56.4	5.36e-86	308
n14	n28	55.0	3.48e-85	305
n14	n73	50.2	6.78e-81	291
n14	n32	49.3	3.37e-80	289
n14	n58	52.5	5.74e-80	288
n14	n68	49.3	1.41e-78	283
n14	n57	55.1	2.41e-78	282
n14	n56	54.8	5.38e-78	281
n14	n55	54.4	2.67e-77	279
n14	n18	49.7	4.55e-77	278
n14	n42	45.1	6.57e-76	274
n14	n66	46.8	5.56e-75	271
n14	n70	47.6	5.56e-75	271
n14	n77	46.2	9.49e-75	270
n14	n51	47.9	8.03e-74	267
n14	n88	47.7	1.05e-73	267
n14	n76	49.3	5.21e-73	265
n14	n19	45.3	1.16e-72	263
n14	n86	48.4	7.52e-72	261
n14	n89	45.8	9.82e-72	260
n14	n59	46.7	6.36e-71	258
n14	n71	44.8	2.67e-69	252
n14	n21	47.2	2.67e-69	252
n14	n47	47.2	2.67e-69	252
n14	n36	47.7	8.6e-68	247
n14	n60	47.4	2.12e-66	243
n14	n75	47.8	3.61e-66	242
n14	n20	47.5	6.16e-66	241
n14	n41	44.3	1.05e-65	240
n14	n61	42.7	1.37e-65	240
n14	n83	46.1	6.82e-65	238
n14	n43	41.0	6.39e-55	205
n14	n50	34.3	9.6e-35	138
n14	n79	36.0	6.22e-34	135
n14	n82	35.2	3.41e-32	129
n14	n67	35.7	1.3e-31	127
n14	n63	30.3	9.01e-25	104
n14	n40	29.1	9.96e-24	101
n14	n90	29.0	6.47e-15	72
n14	n38	26.0	4.19e-14	69
n14	n134	28.6	5.86e-08	49
n14	n37	28.3	9.36e-06	41
n14	n35	22.4	2.72e-05	40
n14	n65	27.7	4.65e-05	39
n14	n17	29.0	6.07e-05	39
n14	n49	28.2	7.93e-05	38
n14	n120	24.2	0.000104	38
n14	n85	28.6	0.000231	37
n14	n96	38.1	0.00149	34
n14	n127	29.4	0.00255	33
n14	n110	29.2	0.00742	32
n14	n39	20.7	0.00969	31
n14	n100	30.8	0.00969	31
n14	n135	41.7	0.0216	30
n14	n164	24.3	0.0282	30
n14	n161	23.6	0.0282	30
n14	n39	25.0	0.0282	30
n14	n108	28.3	0.0481	29
n14	n186	26.9	0.107	28
n14	n107	25.8	0.312	26
n14	n165	34.1	0.407	26
n14	n162	31.4	0.907	25
n14	n193	25.5	1.18	24
n14	n49	30.0	1.55	24
n14	n121	34.8	4.5	22
n14	n119	34.8	4.5	22
n14	n113	39.1	5.88	22
n15	n44	100.0	1.7e-174	602
n15	n46	100.0	1.7e-174	602
n15	n80	97.7	5.11e-171	590
n15	n29	95.0	7.63e-167	576
n15	n45	93.0	2.3e-163	565
n15	n25	92.7	6.68e-163	563
n15	n30	100.0	2.15e-153	532
n15	n26	99.2	2.38e-152	528
n15	n31	93.1	9.07e-144	500
n15	n23	81.1	2.64e-143	498
n15	n27	80.4	2.47e-141	492
n15	n22	80.4	2.47e-141	492
n15	n74	76.8	1.41e-128	449
n15	n16	75.1	1.32e-118	416
n15	n24	61.4	7.03e-104	367
n15	n53	68.3	7.77e-103	364
n15	n52	67.7	1.01e-102	363
n15	n81	60.4	3.86e-102	361
n15	n72	58.7	2.76e-100	355
n15	n64	65.9	5.21e-99	351
n15	n54	64.9	8.89e-99	350
n15	n62	63.5	8.32e-97	344
n15	n78	56.7	2.51e-93	332
n15	n69	56.8	2.87e-89	319
n15	n87	56.5	1.09e-88	317
n15	n33	58.2	1.2e-87	313
n15	n34	57.4	1.57e-87	313
n15	n28	55.0	5.6e-85	304
n15	n32	49.7	2.2e-81	292
n15	n73	50.5	2.87e-81	292
n15	n58	51.5	1.09e-80	290
n15	n18	51.4	9.24e-80	287
n15	n57	55.7	1.58e-79	286
n15	n56	55.0	4.59e-79	285
n15	n55	55.0	1.74e-78	283
n15	n68	49.7	5.07e-78	281
n15	n42	51.7	6.62e-78	281
n15	n70	47.9	8.1e-76	274
n15	n77	46.9	1.17e-74	270
n15	n51	50.2	4.44e-74	268
n15	n66	46.8	4.44e-74	268
n15	n88	47.4	1.69e-73	266
n15	n19	44.3	4.16e-72	262
n15	n76	49.6	4.16e-72	262
n15	n89	46.4	4.16e-72	262
n15	n59	46.5	2.7e-71	259
n15	n86	48.4	1.02e-70	257
n15	n21	48.6	1.34e-70	257
n15	n47	48.6	1.34e-70	257
n15	n71	44.7	1.93e-69	253
n15	n75	49.3	2.52e-69	252
n15	n36	48.9	1.25e-68	250
n15	n41	45.5	3.64e-68	248
n15	n60	47.8	1.38e-67	247
n15	n83	47.5	3.08e-67	245
n15	n20	48.6	4.03e-67	245
n15	n61	46.6	9.92e-66	240
n15	n43	38.2	4.62e-55	205
n15	n50	33.7	4.5e-34	135
n15	n79	34.0	9.37e-32	127
n15	n82	34.2	1.6e-31	127
n15	n67	35.2	1.6e-31	127
n15	n63	31.0	2.02e-26	110
n15	n40	30.4	1.11e-24	104
n15	n38	26.4	2.74e-15	73
n15	n90	27.0	3.7e-12	62
n15	n65	28.4	1.04e-06	44
n15	n134	26.8	5.18e-06	42
n15	n17	33.3	5.18e-06	42
n15	n120	24.1	2.57e-05	40
n15	n127	30.8	3.36e-05	39
n15	n37	27.2	4.38e-05	39
n15	n85	25.2	5.73e-05	39
n15	n35	21.3	0.000371	36
n15	n49	28.2	0.000485	35
n15	n110	31.5	0.000633	35
n15	n96	35.7	0.00314	33
n15	n39	26.3	0.0156	30
n15	n39	21.6	0.0454	29
n15	n135	37.5	0.0593	28
n15	n100	33.8	0.294	26
n15	n161	21.0	0.655	25
n15	n165	27.3	0.655	25
n15	n108	26.8	1.12	24
n15	n35	28.6	1.12	24
n15	n162	25.5	1.46	24
n15	n119	30.0	1.91	23
n15	n164	21.0	2.49	23
n15	n121	35.5	2.49	23
n15	n113	21.3	4.25	22
n15	n107	41.7	7.24	22
n15	n49	27.5	7.24	22
n15	n158	37.1	7.24	22
n15	n123	27.9	9.46	21
n15	n118	29.5	9.46	21
n16	n23	78.2	2.64e-123	431
n16	n22	77.8	7.69e-123	430
n16	n27	77.8	7.69e-123	430
n16	n31	76.7	4.98e-122	427
n16	n45	76.6	1.89e-121	425
n16	n25	75.9	1.6e-120	422
n16	n29	75.9	6.09e-120	420
n16	n30	75.2	3.02e-119	418
n16	n44	75.1	1.15e-118	416
n16	n46	75.1	1.15e-118	416
n16	n26	74.7	3.34e-118	414
n16	n80	74.7	5.7e-118	414
n16	n74	74.7	1.66e-117	412
n16	n24	69.1	1.11e-105	373
n16	n52	68.6	1.23e-104	369
n16	n72	67.9	3.59e-104	368
n16	n53	68.4	8.83e-103	363
n16	n81	67.4	9.77e-102	360
n16	n62	69.0	1.28e-101	359
n16	n54	67.0	2.04e-99	352
n16	n64	65.9	1.32e-98	349
n16	n78	63.6	5.19e-95	337
n16	n87	63.8	9.79e-94	333
n16	n33	61.3	1.51e-86	309
n16	n28	59.1	1.08e-84	303
n16	n73	56.9	4.12e-84	301
n16	n34	59.7	2.67e-83	299
n16	n56	57.6	5.95e-83	297
n16	n57	56.8	2.95e-82	295
n16	n55	56.1	2.5e-81	292
n16	n69	53.9	2.77e-80	289
n16	n32	52.9	3.06e-79	285
n16	n58	53.6	7.53e-78	280
n16	n68	51.8	2.05e-75	272
n16	n18	50.2	3.87e-74	268
n16	n66	51.9	5.05e-74	268
n16	n42	50.0	5.05e-74	268
n16	n76	51.1	1.92e-73	266
n16	n77	49.8	5.59e-73	264
n16	n70	49.4	3.06e-71	258
n16	n19	48.9	5.23e-71	258
n16	n88	48.7	5.23e-71	258
n16	n60	49.4	5.78e-70	254
n16	n86	48.5	2.2e-69	252
n16	n36	48.1	4.89e-69	251
n16	n51	48.3	1.42e-68	250
n16	n47	48.5	2.43e-68	249
n16	n21	48.5	2.43e-68	249
n16	n61	48.7	1.21e-67	247
n16	n59	47.3	1.21e-67	247
n16	n89	47.6	2.68e-67	245
n16	n71	46.6	2.68e-67	245
n16	n83	48.1	2.13e-64	236
n16	n75	48.6	2.13e-64	236
n16	n20	45.7	2.35e-63	232
n16	n41	44.0	4.15e-60	221
n16	n43	44.0	3.89e-58	215
n16	n50	33.6	2.07e-35	139
n16	n79	34.7	1.76e-34	136
n16	n82	33.8	4.78e-32	128
n16	n67	31.4	3.43e-30	122
n16	n40	33.9	6.69e-26	108
n16	n63	28.1	2.01e-22	96
n16	n38	27.9	3.44e-14	69
n16	n90	24.5	1.45e-12	64
n16	n65	31.4	2.02e-06	43
n16	n49	29.0	2.92e-05	39
n16	n37	25.2	8.5e-05	38
n16	n133	25.0	8.5e-05	38
n16	n85	25.2	0.000189	37
n16	n35	21.8	0.0016	33
n16	n127	25.2	0.00209	33
n16	n110	29.2	0.00209	33
n16	n17	25.8	0.00609	32
n16	n42	29.0	0.0136	30
n16	n161	19.6	0.0516	28
n16	n96	31.0	0.0516	28
n16	n164	20.0	0.088	28
n16	n165	20.0	0.115	27
n16	n39	20.2	0.15	27
n16	n100	29.6	0.334	26
n16	n200	24.0	0.437	25
n16	n135	33.3	0.57	25
n16	n168	28.2	2.83	23
n16	n123	26.7	3.7	22
n16	n49	24.2	3.7	22
n16	n162	26.2	4.83	22
n16	n98	27.8	4.83	22
n16	n107	24.2	6.31	22
n16	n121	32.4	6.31	22
n16	n118	36.4	6.31	22
n16	n119	32.4	8.24	21
n17	n62	34.1	5.4e-06	42
n17	n46	33.3	5.4e-06	42
n17	n44	33.3	5.4e-06	42
n17	n30	33.3	5.4e-06	42
n17	n27	30.1	9.22e-06	41
n17	n22	30.1	9.22e-06	41
n17	n23	30.1	1.57e-05	40
n17	n81	33.0	1.57e-05	40
n17	n26	32.3	1.57e-05	40
n17	n32	29.0	2.05e-05	40
n17	n80	31.2	4.57e-05	39
n17	n45	29.0	5.97e-05	39
n17	n31	29.0	5.97e-05	39
n17	n87	25.5	0.000102	38
n17	n74	30.1	0.000102	38
n17	n55	25.3	0.000102	38
n17	n57	24.7	0.000174	37
n17	n29	28.0	0.000174	37
n17	n64	31.8	0.000174	37
n17	n25	28.0	0.000174	37
n17	n28	22.4	0.000227	37
n17	n72	29.4	0.000227	37
n17	n56	24.1	0.000296	36
n17	n69	23.4	0.000387	36
n17	n112	29.1	0.000506	35
n17	n78	25.7	0.00113	34
n17	n33	23.9	0.00251	33
n17	n73	29.5	0.00251	33
n17	n70	24.1	0.00428	32
n17	n54	27.3	0.00559	32
n17	n53	22.5	0.00954	31
n17	n52	22.5	0.0125	31
n17	n24	22.3	0.0163	30
n17	n83	29.7	0.0212	30
n17	n86	25.0	0.105	28
n17	n98	23.3	0.105	28
n17	n128	34.4	0.138	27
n17	n34	23.8	0.18	27
n17	n134	29.6	0.401	26
n17	n42	25.0	0.523	25
n17	n71	20.4	0.683	25
n17	n58	24.7	1.52	24
n17	n59	21.3	1.99	23
n17	n38	24.6	3.39	23
n18	n42	69.1	2.31e-115	405
n18	n47	66.1	2.73e-108	382
n18	n21	66.1	2.73e-108	382
n18	n68	51.5	4.53e-87	311
n18	n41	52.6	5.54e-85	304
n18	n66	50.0	9.45e-85	304
n18	n71	51.0	1.23e-84	303
n18	n51	55.4	1.61e-84	303
n18	n75	55.7	2.75e-84	302
n18	n77	47.7	1.78e-83	299
n18	n59	51.0	1.16e-82	297
n18	n36	55.8	4.39e-82	295
n18	n74	54.0	1.28e-81	293
n18	n86	50.2	4.85e-81	291
n18	n76	49.2	4.11e-80	288
n18	n44	51.4	9.15e-80	287
n18	n46	51.4	9.15e-80	287
n18	n20	48.6	7.75e-79	284
n18	n89	47.3	1.32e-78	283
n18	n81	50.3	1.73e-78	283
n18	n80	50.3	3.85e-78	282
n18	n61	46.0	3.85e-78	282
n18	n70	48.8	5.02e-78	281
n18	n29	50.0	1.46e-77	280
n18	n45	49.7	4.25e-77	278
n18	n30	52.0	4.25e-77	278
n18	n19	44.7	1.24e-76	277
n18	n25	49.3	1.24e-76	277
n18	n26	51.5	4.7e-76	275
n18	n54	51.5	4.7e-76	275
n18	n27	49.3	1.79e-75	273
n18	n22	49.3	1.79e-75	273
n18	n78	48.3	8.86e-75	270
n18	n62	50.7	1.97e-74	269
n18	n53	50.2	2.58e-74	269
n18	n31	49.8	4.4e-74	268
n18	n52	49.1	5.75e-74	268
n18	n64	53.0	1.67e-73	266
n18	n56	49.8	2.85e-73	265
n18	n57	49.4	3.72e-73	265
n18	n55	49.4	6.35e-73	264
n18	n23	48.0	8.3e-73	264
n18	n73	49.3	1.85e-72	263
n18	n24	48.9	4.12e-72	262
n18	n69	45.9	3.49e-71	258
n18	n72	47.1	4.55e-71	258
n18	n60	42.7	2.95e-70	255
n18	n32	47.3	1.46e-69	253
n18	n87	45.0	1.05e-67	247
n18	n33	48.6	2.34e-67	246
n18	n58	43.8	8.32e-65	237
n18	n88	45.1	5.39e-64	235
n18	n34	46.8	7.04e-64	234
n18	n28	41.5	5.58e-61	225
n18	n83	44.6	1.24e-60	223
n18	n43	40.7	1.05e-59	220
n18	n67	34.1	1.69e-41	160
n18	n82	34.2	2.2e-41	159
n18	n63	31.4	1.29e-33	134
n18	n50	29.8	5.09e-30	122
n18	n79	30.8	2.53e-29	119
n18	n40	25.7	2.71e-23	99
n18	n38	25.9	9.96e-18	81
n18	n90	25.0	1.18e-10	57
n18	n85	25.6	6.06e-07	45
n18	n37	31.5	1.14e-05	41
n18	n49	25.6	7.4e-05	38
n18	n35	24.7	9.67e-05	38
n18	n126	25.7	0.000281	36
n18	n105	25.6	0.00107	34
n18	n108	26.9	0.0014	34
n18	n110	24.4	0.00311	33
n18	n85	27.3	0.00311	33
n18	n135	32.8	0.00406	32
n18	n127	23.6	0.00531	32
n18	n97	26.6	0.00905	31
n18	n98	23.3	0.0766	28
n18	n39	22.9	0.38	26
n18	n96	26.2	1.45	24
n18	n107	39.0	1.45	24
n18	n133	26.8	3.22	23
n18	n65	20.2	5.49	22
n18	n136	21.7	7.17	22
n18	n116	47.6	7.17	22
n18	n115	47.6	7.17	22
n18	n128	34.1	7.17	22
n18	n204	42.9	9.37	21
n19	n77	73.9	1.13e-133	466
n19	n68	73.4	5.63e-133	464
n19	n76	73.9	5.63e-133	464
n19	n66	73.7	1.64e-132	462
n19	n61	67.6	3.31e-125	438
n19	n60	66.8	6.9e-123	430
n19	n89	61.2	9.67e-109	383
n19	n36	53.8	5.32e-99	351
n19	n51	56.0	5.32e-99	351
n19	n71	52.5	1.83e-91	326
n19	n86	57.4	4.08e-91	325
n19	n59	52.2	4.51e-90	321
n19	n20	54.3	7.96e-87	310
n19	n42	51.7	4.68e-79	285
n19	n74	47.3	3.84e-73	265
n19	n70	44.7	8.55e-73	264
n19	n45	45.3	1.12e-72	263
n19	n29	45.3	2.49e-72	262
n19	n25	45.0	3.25e-72	262
n19	n44	44.3	4.24e-72	262
n19	n46	44.3	4.24e-72	262
n19	n23	45.6	2.11e-71	259
n19	n22	46.0	2.75e-71	259
n19	n27	46.0	2.75e-71	259
n19	n80	44.0	8e-71	257
n19	n41	44.0	3.97e-70	255
n19	n62	47.7	3.97e-70	255
n19	n78	44.6	6.77e-70	254
n19	n81	45.4	1.16e-69	253
n19	n31	48.0	1.51e-69	253
n19	n24	44.6	7.49e-69	251
n19	n30	46.8	1.28e-68	250
n19	n52	47.8	1.67e-68	250
n19	n26	46.5	6.34e-68	248
n19	n72	44.7	1.08e-67	247
n19	n64	47.2	1.84e-67	246
n19	n21	44.8	3.15e-67	245
n19	n47	44.8	3.15e-67	245
n19	n33	45.9	7.01e-67	244
n19	n53	46.1	1.56e-66	243
n19	n54	46.7	5.93e-66	241
n19	n56	43.7	1.46e-64	236
n19	n34	44.5	4.25e-64	235
n19	n75	43.7	7.25e-64	234
n19	n57	42.9	1.24e-63	233
n19	n55	42.5	8.02e-63	231
n19	n43	42.6	1.79e-62	230
n19	n73	43.0	8.87e-62	227
n19	n87	41.0	1.98e-61	226
n19	n32	42.8	9.8e-61	224
n19	n69	40.5	3.15e-59	219
n19	n28	41.4	1.91e-56	210
n19	n88	41.3	1.79e-54	203
n19	n58	35.9	3.38e-53	199
n19	n67	38.0	1.98e-45	173
n19	n83	36.5	4.14e-43	165
n19	n82	36.1	7.06e-43	164
n19	n50	32.9	4.59e-34	135
n19	n79	30.9	8.65e-33	131
n19	n40	26.0	6.64e-25	105
n19	n63	26.1	5.81e-21	92
n19	n90	26.7	2.37e-14	70
n19	n37	27.5	1.18e-05	41
n19	n85	31.2	5.84e-05	39
n19	n49	25.2	0.00013	37
n19	n85	28.2	0.00029	36
n19	n133	21.4	0.000379	36
n19	n105	25.6	0.0032	33
n19	n96	23.2	0.00714	32
n19	n127	23.7	0.0159	30
n19	n97	22.4	0.3	26
n19	n133	26.6	1.14	24
n19	n135	30.0	3.32	23
n19	n118	39.4	5.66	22
n19	n117	40.7	5.66	22
n19	n136	41.9	7.39	22
n19	n114	41.7	7.39	22
n19	n113	40.7	7.39	22
n19	n116	41.7	9.65	21
n19	n115	41.7	9.65	21
n20	n51	62.0	6.08e-108	381
n20	n59	58.4	2.48e-101	359
n20	n71	57.8	5.51e-101	357
n20	n86	58.3	2.1e-100	356
n20	n68	54.4	1.78e-91	326
n20	n61	54.6	4.38e-90	321
n20	n66	52.9	2.84e-89	319
n20	n77	51.3	6.99e-88	314
n20	n89	51.2	3.47e-87	312
n20	n36	56.4	4.53e-87	311
n20	n60	49.2	9.45e-85	304
n20	n76	50.2	9.45e-85	304
n20	n42	51.3	3.05e-75	272
n20	n75	51.1	1.97e-74	269
n20	n21	49.0	5.75e-74	268
n20	n47	49.0	5.75e-74	268
n20	n43	48.0	3.05e-67	245
n20	n46	48.6	3.99e-67	245
n20	n44	48.6	3.99e-67	245
n20	n30	49.1	1.52e-66	243
n20	n22	46.2	1.52e-66	243
n20	n27	46.2	1.52e-66	243
n20	n25	47.8	2.59e-66	242
n20	n26	49.1	2.59e-66	242
n20	n70	47.0	4.41e-66	242
n20	n41	43.5	5.76e-66	241
n20	n45	47.5	5.76e-66	241
n20	n29	47.8	9.82e-66	240
n20	n80	48.2	1.68e-65	240
n20	n31	48.0	2.19e-65	239
n20	n74	44.5	2.86e-65	239
n20	n23	46.8	8.32e-65	237
n20	n62	45.9	2.42e-64	236
n20	n81	43.9	2.68e-63	232
n20	n24	44.8	1.47e-61	226
n20	n57	43.2	2.5e-61	226
n20	n54	44.6	3.27e-61	225
n20	n55	43.2	3.27e-61	225
n20	n56	43.5	3.27e-61	225
n20	n78	42.9	5.58e-61	225
n20	n53	42.8	2.77e-60	222
n20	n52	44.6	4.72e-60	221
n20	n69	45.2	7.54e-58	214
n20	n72	41.6	7.54e-58	214
n20	n64	44.7	1.29e-57	213
n20	n87	40.1	9.22e-56	207
n20	n33	41.6	1.57e-55	206
n20	n73	42.0	4.57e-55	205
n20	n32	40.9	2.27e-54	203
n20	n34	40.9	1.25e-52	197
n20	n28	38.8	1.38e-51	193
n20	n88	39.7	1.43e-48	183
n20	n58	36.9	1.21e-47	180
n20	n83	35.5	6.41e-41	158
n20	n67	33.3	1.09e-40	157
n20	n82	33.5	5.08e-38	148
n20	n79	30.3	2.37e-27	113
n20	n50	26.2	8.41e-25	104
n20	n63	30.5	9.63e-21	91
n20	n40	25.7	1.03e-14	71
n20	n90	25.1	2.63e-10	56
n20	n85	22.7	0.000215	37
n20	n35	20.5	0.0014	34
n20	n37	28.8	0.00182	33
n20	n115	29.5	0.0154	30
n20	n97	28.3	0.0154	30
n20	n49	50.0	0.0154	30
n20	n133	22.2	0.0202	30
n20	n127	24.9	0.0344	29
n20	n116	27.3	0.0449	29
n20	n108	26.6	0.0449	29
n20	n138	27.9	0.1	28
n20	n133	26.2	0.1	28
n20	n153	32.8	0.223	27
n20	n146	32.8	0.223	27
n20	n110	23.4	2.46	23
n20	n118	46.9	2.46	23
n20	n65	34.3	4.2	22
n20	n136	66.7	7.17	22
n21	n47	100.0	2.31e-179	618
n21	n42	64.2	5.62e-101	357
n21	n75	61.8	1.3e-97	346
n21	n71	52.6	5.85e-82	294
n21	n59	50.5	8.74e-78	280
n21	n86	52.6	1.14e-77	280
n21	n68	49.1	3.32e-77	278
n21	n51	52.8	2.15e-76	276
n21	n70	52.3	6.26e-76	274
n21	n66	48.5	8.18e-76	274
n21	n36	54.5	1.82e-75	273
n21	n81	51.3	1.18e-74	270
n21	n77	47.9	4.49e-74	268
n21	n76	47.2	1e-73	267
n21	n61	47.3	2.23e-73	266
n21	n22	49.7	4.96e-73	265
n21	n27	49.7	4.96e-73	265
n21	n53	50.2	1.44e-72	263
n21	n62	52.1	2.46e-72	262
n21	n74	51.3	3.22e-72	262
n21	n60	46.1	7.92e-71	257
n21	n54	50.0	7.92e-71	257
n21	n46	48.6	1.35e-70	257
n21	n44	48.6	1.35e-70	257
n21	n89	48.1	1.76e-70	256
n21	n23	49.0	6.71e-70	254
n21	n25	47.6	1.14e-69	253
n21	n29	47.9	1.14e-69	253
n21	n41	46.2	1.49e-69	253
n21	n45	47.2	2.55e-69	252
n21	n80	47.9	2.55e-69	252
n21	n52	48.3	2.55e-69	252
n21	n30	52.4	3.33e-69	252
n21	n26	52.6	5.68e-69	251
n21	n56	48.7	5.68e-69	251
n21	n78	46.9	2.16e-68	249
n21	n33	49.5	3.68e-68	248
n21	n57	47.9	4.81e-68	248
n21	n31	50.8	6.28e-68	248
n21	n55	47.9	8.2e-68	247
n21	n72	45.0	3.12e-67	245
n21	n69	47.4	4.07e-67	245
n21	n24	45.3	3.44e-66	242
n21	n87	44.3	4.97e-65	238
n21	n58	43.1	1.45e-64	236
n21	n64	47.9	2.47e-64	236
n21	n34	47.1	3.56e-63	232
n21	n73	43.5	6.08e-63	231
n21	n28	43.8	7.43e-61	224
n21	n32	42.1	8.22e-60	221
n21	n43	40.3	9.08e-59	217
n21	n88	41.0	5.7e-53	198
n21	n83	39.0	1.55e-50	190
n21	n67	38.7	2.57e-45	173
n21	n82	41.5	2.57e-45	173
n21	n50	32.5	5.36e-35	138
n21	n79	32.2	1.73e-33	133
n21	n63	29.6	1.08e-27	114
n21	n40	28.3	1.12e-24	104
n21	n38	26.2	2.5e-16	76
n21	n90	26.4	9.21e-11	58
n21	n49	30.8	6.83e-06	42
n21	n37	25.9	1.99e-05	40
n21	n125	27.8	4.43e-05	39
n21	n85	27.2	0.000639	35
n21	n85	23.8	0.00707	32
n21	n133	24.0	0.00923	31
n21	n65	26.9	0.0206	30
n21	n127	22.1	0.0206	30
n21	n135	31.9	0.0269	30
n21	n123	34.0	0.0458	29
n21	n39	21.8	0.297	26
n21	n168	31.0	0.388	26
n21	n159	25.5	0.662	25
n21	n138	31.2	1.93	23
n21	n96	25.5	4.29	22
n21	n212	37.5	9.56	21
n22	n27	100.0	1.01e-171	592
n22	n23	92.7	8.03e-161	556
n22	n45	82.4	4.28e-146	507
n22	n25	81.7	3.62e-145	504
n22	n29	81.1	1.99e-143	498
n22	n44	80.4	1.42e-141	492
n22	n46	80.4	1.42e-141	492
n22	n80	79.4	7.82e-140	486
n22	n31	85.8	4.01e-136	474
n22	n74	78.2	1.02e-131	460
n22	n26	83.1	2.98e-131	458
n22	n30	83.1	5.08e-131	457
n22	n81	62.1	2.38e-104	369
n22	n53	66.8	2.9e-102	362
n22	n52	66.9	3.79e-102	361
n22	n24	59.2	3.55e-100	355
n22	n72	58.6	1.76e-99	352
n22	n64	66.7	3.01e-99	352
n22	n54	64.1	4.06e-96	341
n22	n62	63.3	9.05e-96	340
n22	n78	55.4	7.93e-92	327
n22	n87	57.4	3.33e-90	322
n22	n33	57.8	5.68e-90	321
n22	n34	57.6	1.07e-88	317
n22	n28	52.8	1.23e-84	303
n22	n69	55.7	2.09e-84	302
n22	n32	52.9	2.31e-83	299
n22	n73	50.7	8.78e-83	297
n22	n58	50.0	2.03e-79	286
n22	n70	51.1	2.03e-79	286
n22	n56	54.4	6.51e-78	281
n22	n57	54.4	1.11e-77	280
n22	n68	49.7	2.48e-77	279
n22	n42	50.6	5.52e-77	278
n22	n55	53.6	1.23e-76	277
n22	n66	48.3	2.74e-76	275
n22	n77	48.5	4.67e-76	275
n22	n88	51.9	3.35e-74	268
n22	n47	49.7	4.83e-73	265
n22	n51	50.5	6.31e-73	264
n22	n86	48.4	3.13e-72	262
n22	n76	45.9	4.09e-72	262
n22	n59	46.4	4.52e-71	258
n22	n61	47.3	2.93e-70	255
n22	n71	44.7	3.83e-70	255
n22	n89	44.9	1.45e-69	253
n22	n36	48.2	1.36e-67	247
n22	n75	48.4	3.96e-67	245
n22	n60	48.5	6.76e-67	244
n22	n41	44.2	3.35e-66	242
n22	n83	46.7	6.32e-65	238
n22	n43	38.9	5.02e-54	201
n22	n82	37.9	1.37e-35	140
n22	n67	36.9	1.29e-33	134
n22	n50	33.6	2.87e-33	132
n22	n79	34.7	2.05e-31	126
n22	n40	28.8	4.59e-23	99
n22	n63	27.8	1.02e-22	97
n22	n38	25.5	2.69e-15	73
n22	n90	27.6	2.69e-15	73
n22	n134	25.6	7.59e-10	55
n22	n35	21.4	6.65e-06	42
n22	n49	30.5	8.69e-06	41
n22	n65	32.3	1.13e-05	41
n22	n37	26.8	2.53e-05	40
n22	n85	28.2	7.35e-05	38
n22	n39	30.8	0.000477	35
n22	n96	34.0	0.00139	34
n22	n120	26.7	0.00527	32
n22	n110	29.2	0.00527	32
n22	n85	27.1	0.00527	32
n22	n127	25.9	0.00688	32
n22	n39	21.6	0.02	30
n22	n161	21.8	0.02	30
n22	n164	22.3	0.02	30
n22	n97	28.0	0.0342	29
n22	n135	37.8	0.0446	29
n22	n142	24.3	0.0446	29
n22	n108	27.6	0.0761	28
n22	n107	23.4	0.0761	28
n22	n165	24.4	0.378	26
n22	n137	23.2	0.493	25
n22	n119	36.0	1.44	24
n22	n121	33.3	1.44	24
n22	n162	31.4	1.87	23
n22	n113	37.0	3.2	23
n22	n209	28.7	4.18	22
n22	n191	45.5	4.18	22
n22	n136	38.5	4.18	22
n22	n49	27.4	4.18	22
n22	n129	37.9	5.45	22
n22	n186	23.8	5.45	22
n22	n193	32.3	7.12	22
n22	n151	36.7	9.3	21
n22	n143	36.7	9.3	21
n23	n27	92.7	8.14e-161	556
n23	n45	84.4	1.7e-150	522
n23	n25	83.7	1.44e-149	519
n23	n29	81.7	7.4e-146	507
n23	n46	81.1	1.54e-143	499
n23	n44	81.1	1.54e-143	499
n23	n80	79.7	8.46e-142	493
n23	n31	85.8	6.94e-136	473
n23	n26	82.4	2.16e-129	452
n23	n30	82.4	3.69e-129	451
n23	n74	76.8	8.22e-129	450
n23	n24	59.5	1.46e-101	359
n23	n53	67.2	7.25e-101	357
n23	n52	66.9	2.11e-100	356
n23	n72	59.3	2.75e-100	355
n23	n81	59.9	5.2e-99	351
n23	n64	63.6	1.73e-94	336
n23	n62	63.3	8.58e-94	334
n23	n54	62.6	8.58e-94	334
n23	n78	55.6	3.61e-92	328
n23	n87	55.8	4.13e-88	315
n23	n33	56.0	5.39e-88	314
n23	n34	55.1	1.92e-85	306
n23	n69	54.8	4e-83	298
n23	n28	52.5	4.42e-82	295
n23	n32	50.9	8.33e-81	290
n23	n73	50.3	1.42e-80	290
n23	n58	50.3	1.33e-78	283
n23	n57	55.5	1.33e-78	283
n23	n56	55.1	1.13e-77	280
n23	n55	54.8	1.47e-77	280
n23	n70	49.5	1.25e-76	277
n23	n42	45.3	3.39e-74	268
n23	n68	47.2	4.43e-74	268
n23	n66	47.2	5.78e-74	268
n23	n88	47.0	4.15e-72	262
n23	n77	47.2	4.15e-72	262
n23	n86	48.0	3.51e-71	258
n23	n59	46.9	3.51e-71	258
n23	n76	46.2	5.99e-71	258
n23	n51	47.0	2.27e-70	256
n23	n47	49.0	6.62e-70	254
n23	n71	45.1	2.13e-68	249
n23	n89	45.1	2.13e-68	249
n23	n36	48.9	6.19e-68	248
n23	n41	44.5	1.38e-67	247
n23	n83	48.1	1.8e-67	246
n23	n61	43.3	2.6e-66	242
n23	n60	48.1	5.8e-66	241
n23	n75	44.0	1.63e-60	223
n23	n43	38.6	5.09e-54	201
n23	n82	37.4	7.64e-34	134
n23	n50	34.0	1.3e-33	134
n23	n79	34.4	2.08e-31	126
n23	n67	35.6	2.08e-31	126
n23	n40	29.8	2.09e-23	100
n23	n63	27.5	3.01e-22	96
n23	n90	28.8	6.5e-17	78
n23	n38	24.6	6.73e-14	68
n23	n134	25.4	2.92e-09	53
n23	n35	21.0	1.77e-06	44
n23	n37	27.6	1.15e-05	41
n23	n65	32.3	1.15e-05	41
n23	n49	29.8	1.96e-05	40
n23	n85	28.2	7.45e-05	38
n23	n120	24.7	0.00108	34
n23	n39	31.2	0.0024	33
n23	n96	34.0	0.00313	33
n23	n110	29.2	0.00534	32
n23	n127	24.8	0.00698	32
n23	n39	21.6	0.0265	30
n23	n161	25.3	0.0346	29
n23	n164	25.3	0.0346	29
n23	n97	28.0	0.0346	29
n23	n108	28.0	0.0591	28
n23	n107	24.7	0.132	27
n23	n165	29.1	0.132	27
n23	n137	22.0	0.172	27
n23	n162	33.3	0.853	25
n23	n121	39.1	1.45	24
n23	n119	39.1	1.45	24
n23	n113	23.1	3.24	23
n23	n193	26.4	4.23	22
n23	n136	38.5	4.23	22
n23	n186	32.3	7.22	22
n23	n127	23.1	7.22	22
n23	n143	39.3	9.43	21
n23	n151	39.3	9.43	21
n24	n53	76.2	8.94e-115	403
n24	n52	75.8	1.99e-114	402
n24	n72	62.2	2.21e-105	372
n24	n45	61.7	6.42e-105	371
n24	n25	61.7	8.39e-105	370
n24	n81	61.8	4.16e-104	368
n24	n29	61.7	5.44e-104	367
n24	n46	61.4	1.58e-103	366
n24	n44	61.4	1.58e-103	366
n24	n31	66.0	2.7e-103	365
n24	n80	60.7	1.03e-102	363
n24	n26	65.6	1.48e-101	359
n24	n30	65.3	2.52e-101	359
n24	n54	65.1	3.65e-100	355
n24	n74	59.9	4.76e-100	354
n24	n27	59.2	4.76e-100	354
n24	n62	65.5	2.36e-99	352
n24	n64	66.0	1.53e-98	349
n24	n78	58.5	1.21e-95	340
n24	n87	56.0	1.39e-91	326
n24	n73	54.5	1.22e-87	313
n24	n57	57.1	1.35e-86	310
n24	n56	57.1	2.29e-86	309
n24	n55	56.7	8.72e-86	307
n24	n34	53.3	2.62e-82	295
n24	n33	54.4	7.64e-82	294
n24	n32	50.0	4.95e-81	291
n24	n28	49.5	8.74e-78	280
n24	n58	49.0	6.26e-76	274
n24	n69	50.0	3.11e-75	272
n24	n77	47.6	4.06e-75	272
n24	n42	49.6	2.91e-73	265
n24	n68	49.8	3.8e-73	265
n24	n66	46.2	6.48e-73	264
n24	n76	50.9	1.89e-72	263
n24	n83	46.8	4.64e-71	258
n24	n60	44.5	3.33e-69	252
n24	n51	48.7	1.26e-68	250
n24	n61	43.7	3.68e-68	248
n24	n70	45.5	1.83e-67	246
n24	n89	46.3	4.07e-67	245
n24	n36	45.0	9.06e-67	244
n24	n47	45.3	3.44e-66	242
n24	n86	46.8	1.31e-65	240
n24	n59	42.8	4.97e-65	238
n24	n71	44.9	1.35e-62	230
n24	n88	44.2	3.34e-61	225
n24	n75	43.8	5.69e-61	225
n24	n41	43.8	3.45e-58	215
n24	n43	36.2	5.34e-51	191
n24	n82	32.4	2.11e-31	126
n24	n67	31.3	4.4e-29	119
n24	n50	30.3	1.85e-27	113
n24	n79	30.5	3.15e-27	112
n24	n40	29.5	3.26e-24	102
n24	n63	28.1	2.34e-22	96
n24	n90	27.6	6.16e-15	72
n24	n38	23.7	5.4e-11	59
n24	n35	23.3	1.25e-07	47
n24	n39	26.0	0.00186	33
n24	n97	29.0	0.00541	32
n24	n133	21.7	0.00923	31
n24	n120	22.0	0.00923	31
n24	n108	31.5	0.0158	30
n24	n85	26.9	0.0269	30
n24	n93	25.8	0.0269	30
n24	n127	25.8	0.0351	29
n24	n37	33.9	0.102	28
n24	n110	27.4	0.102	28
n24	n49	25.8	0.174	27
n24	n135	31.2	0.507	25
n24	n136	25.9	0.507	25
n24	n123	31.2	0.864	25
n24	n115	61.5	1.13	24
n24	n116	61.5	1.13	24
n24	n121	31.2	1.93	23
n24	n175	33.3	2.51	23
n24	n119	31.2	2.51	23
n24	n119	18.9	2.51	23
n24	n118	47.1	4.29	22
n24	n113	50.0	5.6	22
n24	n121	17.1	5.6	22
n24	n147	37.5	7.32	22
n24	n106	54.5	9.56	21
n25	n45	99.0	2.89e-174	601
n25	n29	97.7	8.71e-171	589
n25	n80	95.0	1.7e-166	575
n25	n46	92.7	6.68e-163	563
n25	n44	92.7	6.68e-163	563
n25	n31	99.2	2.15e-153	532
n25	n27	81.7	6.28e-145	503
n25	n26	93.1	6.95e-144	500
n25	n30	92.3	7.68e-143	497
n25	n74	75.8	1.72e-126	442
n25	n52	67.3	3.27e-101	358
n25	n53	67.2	4.26e-101	358
n25	n81	60.0	6.16e-100	354
n25	n72	58.6	1.37e-99	353
n25	n54	64.1	3.74e-97	345
n25	n64	64.3	9.2e-96	340
n25	n62	62.4	3.5e-95	338
n25	n78	56.7	2.12e-92	329
n25	n69	57.6	1.2e-87	313
n25	n87	55.8	5.98e-87	311
n25	n33	56.7	6.61e-86	307
n25	n34	56.0	1.47e-85	306
n25	n28	55.0	2.51e-85	305
n25	n73	49.8	1.86e-80	289
n25	n32	49.0	5.42e-80	288
n25	n58	52.5	7.08e-80	287
n25	n57	55.5	1.02e-78	283
n25	n56	55.1	2.28e-78	282
n25	n68	49.0	3.88e-78	282
n25	n55	54.8	1.13e-77	280
n25	n42	45.8	4.02e-75	272
n25	n70	47.6	6.86e-75	271
n25	n66	46.5	1.53e-74	270
n25	n77	45.9	2.61e-74	269
n25	n88	47.4	1.69e-73	266
n25	n51	47.5	2.21e-73	266
n25	n76	48.9	1.43e-72	263
n25	n86	48.7	3.18e-72	262
n25	n59	47.1	2.7e-71	259
n25	n89	45.4	2.7e-71	259
n25	n71	45.1	1.13e-69	253
n25	n47	47.6	1.13e-69	253
n25	n36	47.7	6.21e-68	248
n25	n75	48.2	1.53e-66	243
n25	n60	47.0	5.82e-66	241
n25	n41	43.9	2.89e-65	239
n25	n61	42.3	3.77e-65	238
n25	n83	46.1	6.43e-65	238
n25	n43	38.8	2.07e-55	206
n25	n50	33.9	2.64e-34	136
n25	n79	35.6	1.71e-33	133
n25	n82	35.2	2.47e-32	129
n25	n67	35.7	9.37e-32	127
n25	n63	29.9	1.89e-24	103
n25	n40	28.7	4.66e-23	99
n25	n90	29.4	2.74e-15	73
n25	n38	25.6	1.15e-13	67
n25	n134	28.6	4.24e-08	49
n25	n37	27.6	3.97e-06	42
n25	n35	22.9	6.76e-06	42
n25	n65	27.7	1.97e-05	40
n25	n120	24.8	2.57e-05	40
n25	n49	27.5	4.38e-05	39
n25	n85	27.6	9.77e-05	38
n25	n96	38.1	0.00141	34
n25	n39	21.4	0.00241	33
n25	n127	28.6	0.007	32
n25	n135	41.7	0.0204	30
n25	n39	25.0	0.0266	30
n25	n110	28.1	0.0347	29
n25	n186	27.4	0.0454	29
n25	n161	23.4	0.101	28
n25	n164	24.1	0.101	28
n25	n107	26.4	0.294	26
n25	n193	26.1	0.384	26
n25	n165	28.9	0.655	25
n25	n162	31.4	0.655	25
n25	n49	30.0	1.46	24
n25	n197	21.4	7.24	22
n25	n118	28.6	7.24	22
n26	n46	99.2	2.07e-152	528
n26	n30	99.2	2.07e-152	528
n26	n44	99.2	2.07e-152	528
n26	n80	98.1	5.09e-151	523
n26	n29	95.0	7.6e-147	510
n26	n45	93.1	4.61e-144	500
n26	n31	93.1	4.61e-144	500
n26	n27	83.1	2.63e-131	458
n26	n74	78.9	2.91e-122	428
n26	n52	68.1	5.16e-103	364
n26	n53	68.3	1.15e-102	363
n26	n81	64.4	2.03e-99	352
n26	n54	64.9	7.71e-99	350
n26	n64	65.1	5e-98	347
n26	n62	62.8	1.78e-95	339
n26	n72	60.7	1.5e-94	336
n26	n78	60.6	2.03e-91	325
n26	n69	60.4	6.12e-88	314
n26	n87	59.1	7.49e-86	307
n26	n33	59.9	1.28e-85	306
n26	n34	59.9	8.28e-85	304
n26	n28	56.0	1.01e-82	297
n26	n57	56.1	1.05e-79	287
n26	n56	55.3	3.05e-79	285
n26	n55	55.3	1.16e-78	283
n26	n73	53.1	3.37e-78	282
n26	n58	54.0	4.86e-77	278
n26	n42	51.1	6.35e-77	277
n26	n32	50.6	2.04e-75	272
n26	n68	51.3	5.94e-75	271
n26	n70	49.8	1.73e-74	269
n26	n51	52.6	4.26e-73	265
n26	n77	50.0	2.11e-72	262
n26	n66	49.8	6.15e-72	261
n26	n88	50.0	8.03e-72	260
n26	n76	49.4	1.79e-71	259
n26	n86	50.2	8.88e-71	257
n26	n89	49.1	4.41e-70	255
n26	n47	52.6	4.87e-69	251
n26	n59	49.1	6.37e-69	251
n26	n36	48.5	3.16e-68	248
n26	n71	47.5	4.13e-68	248
n26	n41	48.3	1.33e-66	243
n26	n60	47.0	1.33e-66	243
n26	n75	49.8	2.96e-66	242
n26	n61	45.9	9.51e-65	237
n26	n83	48.3	1.52e-62	230
n26	n43	44.3	8.92e-55	204
n26	n50	33.3	1.13e-33	134
n26	n82	34.2	1.39e-31	127
n26	n67	35.2	1.39e-31	127
n26	n79	33.9	3.09e-31	126
n26	n63	31.1	4.32e-25	105
n26	n40	30.5	1.39e-23	100
n26	n38	26.4	2.63e-14	69
n26	n90	27.8	2.9e-13	66
n26	n65	28.4	6.93e-07	45
n26	n134	26.8	3.44e-06	42
n26	n120	24.7	1e-05	41
n26	n37	27.2	2.91e-05	39
n26	n85	25.2	2.91e-05	39
n26	n35	21.7	4.97e-05	39
n26	n127	30.1	8.47e-05	38
n26	n49	28.2	0.000322	36
n26	n110	31.5	0.000936	34
n26	n96	35.7	0.00272	33
n26	n39	26.3	0.0135	30
n26	n39	22.3	0.0177	30
n26	n135	37.5	0.0514	28
n26	n162	25.5	0.969	24
n26	n35	28.6	0.969	24
n26	n165	27.3	0.969	24
n26	n108	26.8	1.65	23
n26	n118	31.1	3.68	22
n26	n193	32.3	4.81	22
n26	n119	26.7	4.81	22
n26	n186	32.3	4.81	22
n26	n121	32.3	6.28	22
n26	n107	41.7	6.28	22
n26	n49	27.5	6.28	22
n26	n123	27.9	8.2	21
n27	n45	82.4	4.28e-146	507
n27	n29	81.1	1.99e-143	498
n27	n44	80.4	1.42e-141	492
n27	n46	80.4	1.42e-141	492
n27	n80	79.4	7.82e-140	486
n27	n31	85.8	4.01e-136	474
n27	n74	78.2	1.02e-131	460
n27	n30	83.1	5.08e-131	457
n27	n81	62.1	2.38e-104	369
n27	n53	66.8	2.9e-102	362
n27	n52	66.9	3.79e-102	361
n27	n72	58.6	1.76e-99	352
n27	n64	66.7	3.01e-99	352
n27	n54	64.1	4.06e-96	341
n27	n62	63.3	9.05e-96	340
n27	n78	55.4	7.93e-92	327
n27	n87	57.4	3.33e-90	322
n27	n33	57.8	5.68e-90	321
n27	n34	57.6	1.07e-88	317
n27	n28	52.8	1.23e-84	303
n27	n69	55.7	2.09e-84	302
n27	n32	52.9	2.31e-83	299
n27	n73	50.7	8.78e-83	297
n27	n58	50.0	2.03e-79	286
n27	n70	51.1	2.03e-79	286
n27	n56	54.4	6.51e-78	281
n27	n57	54.4	1.11e-77	280
n27	n68	49.7	2.48e-77	279
n27	n42	50.6	5.52e-77	278
n27	n55	53.6	1.23e-76	277
n27	n66	48.3	2.74e-76	275
n27	n77	48.5	4.67e-76	275
n27	n88	51.9	3.35e-74	268
n27	n47	49.7	4.83e-73	265
n27	n51	50.5	6.31e-73	264
n27	n86	48.4	3.13e-72	262
n27	n76	45.9	4.09e-72	262
n27	n59	46.4	4.52e-71	258
n27	n61	47.3	2.93e-70	255
n27	n71	44.7	3.83e-70	255
n27	n89	44.9	1.45e-69	253
n27	n36	48.2	1.36e-67	247
n27	n75	48.4	3.96e-67	245
n27	n60	48.5	6.76e-67	244
n27	n41	44.2	3.35e-66	242
n27	n83	46.7	6.32e-65	238
n27	n43	38.9	5.02e-54	201
n27	n82	37.9	1.37e-35	140
n27	n67	36.9	1.29e-33	134
n27	n50	33.6	2.87e-33	132
n27	n79	34.7	2.05e-31	126
n27	n40	28.8	4.59e-23	99
n27	n63	27.8	1.02e-22	97
n27	n38	25.5	2.69e-15	73
n27	n90	27.6	2.69e-15	73
n27	n134	25.6	7.59e-10	55
n27	n35	21.4	6.65e-06	42
n27	n49	30.5	8.69e-06	41
n27	n65	32.3	1.13e-05	41
n27	n37	26.8	2.53e-05	40
n27	n85	28.2	7.35e-05	38
n27	n39	30.8	0.000477	35
n27	n96	34.0	0.00139	34
n27	n120	26.7	0.00527	32
n27	n110	29.2	0.00527	32
n27	n85	27.1	0.00527	32
n27	n127	25.9	0.00688	32
n27	n161	21.8	0.02	30
n27	n39	21.6	0.02	30
n27	n164	22.3	0.02	30
n27	n97	28.0	0.0342	29
n27	n142	24.3	0.0446	29
n27	n135	37.8	0.0446	29
n27	n107	23.4	0.0761	28
n27	n108	27.6	0.0761	28
n27	n165	24.4	0.378	26
n27	n137	23.2	0.493	25
n27	n119	36.0	1.44	24
n27	n121	33.3	1.44	24
n27	n162	31.4	1.87	23
n27	n113	37.0	3.2	23
n27	n191	45.5	4.18	22
n27	n136	38.5	4.18	22
n27	n49	27.4	4.18	22
n27	n209	28.7	4.18	22
n27	n186	23.8	5.45	22
n27	n129	37.9	5.45	22
n27	n193	32.3	7.12	22
n27	n143	36.7	9.3	21
n27	n151	36.7	9.3	21
n28	n87	67.2	8.11e-102	360
n28	n72	57.2	5.45e-90	321
n28	n81	56.3	4.61e-89	318
n28	n62	59.1	8.14e-86	307
n28	n52	58.4	2.37e-85	305
n28	n29	54.3	9e-85	304
n28	n45	54.3	1.18e-84	303
n28	n46	54.3	2.01e-84	302
n28	n44	54.3	2.01e-84	302
n28	n80	54.3	5.84e-84	301
n28	n53	56.5	2.22e-83	299
n28	n54	57.0	3.78e-83	298
n28	n31	56.0	4.94e-83	298
n28	n30	56.0	8.43e-83	297
n28	n74	51.8	4.18e-82	295
n28	n64	56.2	2.08e-81	292
n28	n78	50.9	8.72e-80	287
n28	n56	54.5	7.64e-76	274
n28	n57	53.3	1.1e-74	270
n28	n55	53.3	1.1e-74	270
n28	n73	47.5	5.48e-74	268
n28	n32	47.7	2.81e-70	255
n28	n33	47.1	1.4e-69	253
n28	n58	47.8	2.91e-67	245
n28	n34	45.7	7.17e-66	241
n28	n69	48.6	6.71e-64	234
n28	n42	43.5	1.95e-63	233
n28	n68	43.9	3.33e-63	232
n28	n66	42.1	1.07e-61	227
n28	n47	43.8	6.94e-61	224
n28	n36	45.8	9.07e-61	224
n28	n70	41.8	1.55e-60	223
n28	n76	41.6	4.5e-60	221
n28	n60	40.5	7.18e-58	214
n28	n77	40.3	2.09e-57	213
n28	n89	42.0	1.36e-56	210
n28	n51	42.4	1.77e-56	210
n28	n61	40.1	5.15e-56	208
n28	n83	41.1	6.72e-56	208
n28	n71	37.9	1.96e-55	206
n28	n75	40.1	9.71e-55	204
n28	n88	40.4	9.71e-55	204
n28	n86	40.5	4.08e-53	198
n28	n59	37.1	6.96e-53	198
n28	n43	41.2	7.69e-52	194
n28	n41	39.9	1.71e-51	193
n28	n82	35.0	1.28e-30	124
n28	n67	33.6	1.91e-26	110
n28	n50	28.2	2.85e-22	96
n28	n63	26.3	4.12e-21	92
n28	n79	28.5	9.17e-21	91
n28	n40	30.0	1.32e-19	87
n28	n38	24.3	7.04e-13	65
n28	n90	26.2	1.33e-11	60
n28	n134	27.3	5.77e-07	45
n28	n133	25.3	7.06e-05	38
n28	n85	26.7	0.000157	37
n28	n39	26.6	0.0066	32
n28	n65	52.0	0.277	26
n28	n143	34.9	1.38	24
n28	n37	23.4	1.38	24
n28	n49	36.4	2.35	23
n28	n123	28.1	3.07	23
n28	n110	28.1	3.07	23
n28	n151	32.6	5.23	22
n28	n203	38.5	6.83	22
n28	n212	35.1	8.93	21
n28	n118	38.1	8.93	21
n29	n45	96.6	3.74e-180	621
n29	n80	97.3	2.06e-170	588
n29	n46	95.0	8.08e-167	576
n29	n44	95.0	8.08e-167	576
n29	n31	97.3	6.88e-150	520
n29	n30	94.3	1.03e-145	506
n29	n74	76.1	2.38e-126	442
n29	n52	68.4	1.27e-103	366
n29	n53	68.3	6.31e-103	364
n29	n72	60.1	4.09e-102	361
n29	n81	59.5	5.34e-102	361
n29	n54	64.9	2.74e-98	349
n29	n64	65.5	4.68e-98	348
n29	n62	63.5	3.03e-97	345
n29	n78	58.0	3.71e-95	338
n29	n69	56.8	8.84e-89	317
n29	n87	55.8	3.71e-87	312
n29	n33	57.5	2.41e-86	309
n29	n34	56.7	4.11e-86	308
n29	n73	50.2	5.19e-81	291
n29	n32	49.0	3.37e-80	289
n29	n58	51.5	3.37e-80	289
n29	n57	55.9	3.15e-78	282
n29	n68	49.3	5.38e-78	281
n29	n56	55.5	7.02e-78	281
n29	n55	55.1	3.48e-77	278
n29	n70	48.6	5.94e-77	278
n29	n42	50.2	3.26e-75	272
n29	n66	46.8	1.62e-74	270
n29	n88	47.7	4.71e-74	268
n29	n77	46.2	4.71e-74	268
n29	n51	49.5	3.99e-73	265
n29	n76	49.3	2.58e-72	262
n29	n86	48.4	2.86e-71	259
n29	n59	46.2	2.86e-71	259
n29	n89	45.4	2.42e-70	256
n29	n47	47.9	1.2e-69	253
n29	n71	44.4	5.96e-69	251
n29	n75	48.9	1.73e-68	250
n29	n36	47.7	8.6e-68	247
n29	n83	46.8	2.77e-66	242
n29	n60	47.4	3.61e-66	242
n29	n61	47.0	1.37e-65	240
n29	n41	43.9	5.22e-65	238
n29	n43	40.5	1.42e-54	203
n29	n50	33.5	1.39e-33	134
n29	n79	35.2	8.99e-33	131
n29	n67	35.2	8.41e-31	124
n29	n82	34.4	1.43e-30	124
n29	n63	30.0	4.47e-24	102
n29	n40	29.1	4.94e-23	99
n29	n90	29.8	4.95e-15	72
n29	n38	25.5	9.34e-14	68
n29	n134	28.6	1e-07	48
n29	n120	24.8	7.17e-06	42
n29	n37	27.6	7.17e-06	42
n29	n65	27.6	2.09e-05	40
n29	n35	23.2	3.56e-05	39
n29	n49	27.5	0.000104	38
n29	n85	24.0	0.000135	37
n29	n96	38.1	0.00149	34
n29	n127	25.8	0.00333	33
n29	n39	21.4	0.00568	32
n29	n135	41.7	0.0216	30
n29	n39	25.0	0.0282	30
n29	n110	28.1	0.0481	29
n29	n164	23.9	0.14	27
n29	n161	23.2	0.14	27
n29	n107	26.7	0.407	26
n29	n162	31.4	0.694	25
n29	n165	34.1	0.694	25
n29	n49	30.0	1.55	24
n29	n186	32.3	3.45	23
n29	n193	32.3	3.45	23
n29	n121	19.4	4.5	22
n29	n119	19.4	5.88	22
n29	n197	21.4	7.68	22
n29	n118	28.6	7.68	22
n29	n158	37.1	7.68	22
n30	n44	100.0	1.88e-153	532
n30	n46	100.0	1.88e-153	532
n30	n80	97.3	5.65e-150	520
n30	n31	93.1	2.08e-144	502
n30	n45	93.1	7.9e-144	500
n30	n74	79.7	2.64e-123	431
n30	n53	68.4	1.78e-103	366
n30	n52	67.8	2.32e-103	365
n30	n54	64.8	2.66e-99	352
n30	n81	64.0	2.66e-99	352
n30	n64	65.9	4.54e-99	351
n30	n62	63.6	1.61e-96	342
n30	n72	61.1	3.97e-95	338
n30	n78	60.2	3.48e-91	325
n30	n69	60.8	2.11e-88	315
n30	n87	59.5	1.51e-86	309
n30	n33	60.1	4.4e-86	308
n30	n34	60.1	1.67e-85	306
n30	n57	55.7	6.16e-80	287
n30	n56	54.9	1.79e-79	286
n30	n55	54.9	5.22e-79	284
n30	n73	53.4	6.81e-79	284
n30	n42	51.9	5.77e-78	281
n30	n58	54.0	2.19e-77	279
n30	n32	51.0	4.13e-76	275
n30	n68	52.0	5.4e-76	274
n30	n51	53.0	8.62e-74	267
n30	n77	50.7	1.92e-73	266
n30	n70	49.1	1.92e-73	266
n30	n88	50.6	7.29e-73	264
n30	n66	50.2	1.63e-72	263
n30	n76	49.8	3.62e-72	262
n30	n89	49.4	8.92e-71	257
n30	n86	49.8	1.52e-70	256
n30	n47	52.4	2.87e-69	252
n30	n59	49.1	3.75e-69	252
n30	n36	48.9	1.09e-68	250
n30	n71	47.5	2.43e-68	249
n30	n60	47.8	1.21e-67	247
n30	n41	48.7	2.68e-67	245
n30	n75	49.8	1.74e-66	243
n30	n61	46.6	8.64e-66	240
n30	n83	48.7	5.24e-63	231
n30	n43	44.2	2.61e-54	202
n30	n50	33.7	3.91e-34	135
n30	n79	34.0	8.16e-32	127
n30	n67	35.2	1.39e-31	127
n30	n82	34.2	1.39e-31	127
n30	n63	31.1	5.66e-25	105
n30	n40	30.5	6.26e-24	101
n30	n38	26.8	9.06e-15	71
n30	n90	27.0	3.22e-12	62
n30	n65	28.4	9.08e-07	44
n30	n134	26.8	4.51e-06	42
n30	n120	24.1	2.24e-05	40
n30	n127	30.8	2.92e-05	39
n30	n37	27.2	3.82e-05	39
n30	n85	25.2	4.98e-05	39
n30	n35	21.3	0.000323	36
n30	n49	28.2	0.000422	35
n30	n110	31.5	0.000551	35
n30	n96	35.7	0.00274	33
n30	n39	26.3	0.0136	30
n30	n39	21.6	0.0395	29
n30	n135	37.5	0.0516	28
n30	n100	33.8	0.256	26
n30	n165	27.3	0.57	25
n30	n161	20.4	0.57	25
n30	n108	26.8	0.973	24
n30	n35	28.6	0.973	24
n30	n162	25.5	1.27	24
n30	n119	30.0	1.66	23
n30	n164	20.4	2.17	23
n30	n121	35.5	2.17	23
n30	n113	21.3	3.7	22
n30	n49	27.5	6.31	22
n30	n107	41.7	6.31	22
n30	n123	27.9	8.24	21
n30	n118	29.5	8.24	21
n31	n45	100.0	2.22e-154	535
n31	n80	94.3	1.1e-145	506
n31	n46	93.1	7.9e-144	500
n31	n44	93.1	7.9e-144	500
n31	n74	79.7	1e-122	429
n31	n52	67.0	1.67e-101	359
n31	n53	66.9	2.18e-101	359
n31	n54	64.0	1.46e-97	346
n31	n81	62.8	9.46e-97	343
n31	n64	64.7	2.75e-96	342
n31	n62	62.8	2.33e-95	339
n31	n72	61.5	3.04e-95	338
n31	n78	59.8	2.95e-90	322
n31	n69	61.2	1.16e-86	310
n31	n87	59.1	2.19e-85	305
n31	n33	58.8	1.42e-84	303
n31	n34	58.8	9.18e-84	300
n31	n57	55.1	8.9e-79	283
n31	n73	53.1	8.9e-79	283
n31	n56	54.7	1.98e-78	282
n31	n55	54.3	7.53e-78	280
n31	n68	51.7	1.09e-76	277
n31	n58	53.6	3.16e-76	275
n31	n42	50.4	1.2e-75	273
n31	n32	50.2	7.79e-75	270
n31	n66	50.2	1.13e-73	267
n31	n77	50.0	1.47e-73	266
n31	n88	50.9	2.51e-73	265
n31	n76	49.4	4.28e-73	265
n31	n51	51.9	4.28e-73	265
n31	n70	48.7	1.24e-72	263
n31	n86	49.8	1.05e-71	260
n31	n89	48.7	3.39e-70	255
n31	n59	48.3	4.89e-69	251
n31	n71	46.8	3.17e-68	248
n31	n47	50.8	5.41e-68	248
n31	n36	47.7	7.07e-68	247
n31	n60	47.4	1.74e-66	243
n31	n61	46.6	1.92e-65	239
n31	n41	47.2	7.31e-65	237
n31	n75	49.0	2.13e-64	236
n31	n83	47.1	1.09e-60	223
n31	n43	44.1	2e-54	203
n31	n50	34.3	7.88e-35	138
n31	n79	36.0	5.11e-34	135
n31	n82	35.2	2.8e-32	129
n31	n67	35.7	1.07e-31	127
n31	n40	31.1	1.82e-23	100
n31	n63	29.8	6.92e-23	98
n31	n90	29.0	5.31e-15	72
n31	n38	26.0	3.44e-14	69
n31	n134	28.6	4.82e-08	49
n31	n37	28.3	7.69e-06	41
n31	n35	22.4	2.24e-05	40
n31	n65	27.7	3.82e-05	39
n31	n49	28.2	6.51e-05	38
n31	n120	24.2	8.5e-05	38
n31	n85	28.6	0.000189	37
n31	n96	38.1	0.00123	34
n31	n127	29.4	0.00209	33
n31	n110	29.2	0.00609	32
n31	n39	20.7	0.00796	31
n31	n100	30.8	0.00796	31
n31	n135	41.7	0.0177	30
n31	n39	25.0	0.0232	30
n31	n161	23.8	0.0395	29
n31	n164	24.5	0.0395	29
n31	n108	28.3	0.0395	29
n31	n107	25.8	0.256	26
n31	n165	34.1	0.334	26
n31	n162	31.4	0.745	25
n31	n49	30.0	1.27	24
n31	n119	34.8	3.7	22
n31	n121	34.8	3.7	22
n31	n113	39.1	4.83	22
n31	n186	29.0	6.31	22
n31	n193	29.0	6.31	22
n31	n118	42.9	8.24	21
n32	n72	54.5	2.62e-87	312
n32	n64	58.0	1.1e-85	307
n32	n74	53.1	1.59e-84	303
n32	n81	51.6	5.66e-82	294
n32	n62	54.4	2.15e-81	292
n32	n46	49.7	2.15e-81	292
n32	n44	49.7	2.15e-81	292
n32	n80	49.0	2.38e-80	289
n32	n45	49.3	3.1e-80	289
n32	n54	52.1	4.05e-80	288
n32	n87	51.6	7.64e-79	284
n32	n52	54.4	7.64e-79	284
n32	n33	51.1	2.46e-77	279
n32	n53	52.1	3.21e-77	278
n32	n34	49.8	5.13e-75	271
n32	n73	50.9	5.67e-74	268
n32	n78	48.4	1.82e-72	263
n32	n70	45.3	1.71e-70	256
n32	n57	47.1	5.49e-69	251
n32	n56	46.7	2.72e-68	249
n32	n55	46.7	4.65e-68	248
n32	n88	44.3	4.35e-66	242
n32	n68	45.5	4.35e-66	242
n32	n66	44.0	4.35e-66	242
n32	n77	45.3	9.69e-66	240
n32	n69	44.4	1.65e-65	240
n32	n58	43.9	1.07e-64	237
n32	n42	45.0	5.32e-64	235
n32	n51	44.6	2.02e-63	233
n32	n89	42.8	3.45e-63	232
n32	n76	47.7	1e-62	230
n32	n61	43.1	1.11e-61	227
n32	n83	43.6	9.39e-61	224
n32	n86	44.5	4.66e-60	221
n32	n47	42.1	7.95e-60	221
n32	n60	43.8	8.79e-59	217
n32	n36	41.3	9.71e-58	214
n32	n71	42.3	1.27e-57	213
n32	n59	39.6	2.65e-55	206
n32	n41	38.4	1.9e-53	200
n32	n75	41.0	9.41e-53	197
n32	n43	37.6	7.22e-45	171
n32	n67	33.7	5.54e-37	145
n32	n82	34.0	1.61e-36	143
n32	n50	27.8	3.49e-23	99
n32	n79	27.4	3.26e-21	92
n32	n63	26.8	9.5e-21	91
n32	n40	25.3	4.71e-20	89
n32	n38	23.2	5.96e-15	72
n32	n90	28.0	1.33e-14	70
n32	n37	28.7	7.8e-07	45
n32	n85	26.6	8.63e-06	41
n32	n39	23.2	5.59e-05	39
n32	n49	29.2	0.000474	35
n32	n163	24.2	0.00235	33
n32	n108	26.6	0.00307	33
n32	n165	27.6	0.00684	32
n32	n164	26.7	0.00684	32
n32	n119	22.5	0.00893	31
n32	n127	22.5	0.00893	31
n32	n96	27.1	0.00893	31
n32	n124	47.4	0.0199	30
n32	n161	26.0	0.026	30
n32	n121	20.7	0.0339	29
n32	n42	26.1	0.0443	29
n32	n128	23.4	0.0579	28
n32	n136	38.2	0.0987	28
n32	n133	33.3	0.129	27
n32	n162	31.9	0.64	25
n32	n39	32.4	1.09	24
n32	n110	24.1	1.43	24
n32	n93	33.3	1.43	24
n32	n49	25.0	2.43	23
n32	n113	57.1	7.08	22
n33	n34	92.2	3.69e-158	547
n33	n46	58.2	8.98e-88	314
n33	n44	58.2	8.98e-88	314
n33	n80	57.5	1.3e-86	310
n33	n45	57.1	2.89e-86	309
n33	n62	59.0	3.19e-85	305
n33	n81	53.6	1.58e-84	303
n33	n74	56.4	3.53e-84	302
n33	n53	56.9	5.1e-83	298
n33	n72	54.9	2.8e-81	292
n33	n52	59.0	3.65e-81	292
n33	n64	60.9	3.09e-80	289
n33	n54	55.4	1.7e-78	283
n33	n87	51.4	7.13e-77	277
n33	n78	50.7	1.34e-75	273
n33	n69	51.2	3.91e-75	272
n33	n70	51.3	1.64e-73	266
n33	n42	45.5	9.97e-71	257
n33	n68	48.0	2.22e-70	256
n33	n73	49.4	8.44e-70	254
n33	n66	47.8	1.44e-69	253
n33	n76	47.0	7.15e-69	251
n33	n47	49.5	3.55e-68	248
n33	n58	49.6	7.9e-68	247
n33	n51	46.4	1.35e-67	247
n33	n77	46.4	1.76e-67	246
n33	n59	45.3	5.12e-67	245
n33	n71	46.2	2.54e-66	242
n33	n88	45.3	2.81e-65	239
n33	n86	45.6	8.18e-65	237
n33	n60	48.5	7.65e-63	231
n33	n61	46.9	7.65e-63	231
n33	n41	44.4	3.8e-62	228
n33	n89	43.8	6.48e-62	228
n33	n36	42.9	5.48e-61	225
n33	n83	47.5	9.36e-61	224
n33	n56	48.0	1.6e-60	223
n33	n57	47.5	2.08e-60	223
n33	n55	47.1	1.03e-59	220
n33	n75	43.0	1.49e-58	216
n33	n43	43.4	2.31e-51	193
n33	n82	40.2	3.57e-44	169
n33	n67	36.0	1.4e-40	157
n33	n50	32.1	7.46e-34	134
n33	n79	31.9	3.47e-31	126
n33	n63	29.7	1.72e-22	97
n33	n40	28.6	1.05e-19	87
n33	n38	24.9	2.67e-15	73
n33	n90	25.3	1.91e-13	67
n33	n134	28.9	1.02e-06	44
n33	n37	28.2	8.6e-06	41
n33	n65	29.3	5.57e-05	39
n33	n133	23.6	0.000212	37
n33	n35	25.9	0.000472	35
n33	n85	26.6	0.000472	35
n33	n110	26.1	0.000805	35
n33	n49	26.6	0.0116	31
n33	n37	26.6	0.0259	30
n33	n124	34.0	0.0259	30
n33	n138	23.1	0.0259	30
n33	n128	26.4	0.0984	28
n33	n211	30.4	0.168	27
n33	n92	29.9	0.168	27
n33	n49	22.6	0.374	26
n33	n162	28.0	0.488	25
n33	n108	27.3	0.488	25
n33	n97	29.4	0.833	25
n33	n113	27.1	0.833	25
n33	n163	32.8	1.09	24
n33	n91	28.4	1.42	24
n33	n136	45.2	1.42	24
n33	n164	23.3	3.17	23
n33	n127	21.3	3.17	23
n33	n186	23.4	4.13	22
n33	n118	36.4	4.13	22
n33	n107	31.0	4.13	22
n33	n193	23.4	4.13	22
n33	n121	39.1	4.13	22
n33	n119	39.1	4.13	22
n33	n165	30.8	5.4	22
n33	n161	30.1	5.4	22
n33	n115	24.4	5.4	22
n33	n116	47.6	7.05	22
n33	n125	41.2	7.05	22
n34	n44	57.4	1.17e-87	313
n34	n46	57.4	1.17e-87	313
n34	n80	56.7	2.21e-86	309
n34	n45	56.4	3.77e-86	308
n34	n81	53.4	4.32e-82	295
n34	n62	56.7	9.61e-82	294
n34	n74	55.3	2.14e-81	292
n34	n53	56.1	8.14e-81	290
n34	n52	59.0	9e-80	287
n34	n64	59.7	8.42e-78	280
n34	n72	52.2	5.46e-77	278
n34	n54	53.1	1.76e-75	273
n34	n69	51.9	3.31e-74	268
n34	n87	50.0	7.38e-74	267
n34	n78	49.7	4.78e-73	265
n34	n70	50.5	2.46e-69	252
n34	n73	48.2	3.55e-68	248
n34	n42	46.0	2.3e-67	246
n34	n68	46.0	5.66e-66	241
n34	n76	45.5	7.4e-66	241
n34	n88	48.8	1.26e-65	240
n34	n51	46.8	1.65e-65	240
n34	n58	48.5	2.81e-65	239
n34	n66	45.2	4.79e-65	238
n34	n59	44.9	3.11e-64	235
n34	n77	44.9	4.06e-64	235
n34	n71	45.8	5.3e-64	235
n34	n47	47.1	3.44e-63	232
n34	n86	45.2	1.7e-62	230
n34	n61	42.8	1.03e-59	220
n34	n60	42.8	1.35e-59	220
n34	n36	41.6	1.49e-58	216
n34	n41	43.5	1.95e-58	216
n34	n89	42.0	2.55e-58	216
n34	n57	43.3	5.31e-56	208
n34	n56	43.3	1.55e-55	206
n34	n83	43.8	4.5e-55	205
n34	n75	40.9	1e-54	204
n34	n55	42.6	1e-54	204
n34	n43	42.1	5.32e-48	181
n34	n82	39.4	4.37e-42	162
n34	n67	37.2	6.97e-40	154
n34	n50	34.8	7.46e-34	134
n34	n79	32.7	1.32e-30	124
n34	n40	26.3	1.51e-18	84
n34	n63	25.5	1.51e-18	84
n34	n38	25.2	9.49e-13	64
n34	n90	24.5	3.05e-11	59
n34	n134	30.6	2.96e-06	43
n34	n133	25.6	5.57e-05	39
n34	n37	26.7	7.28e-05	38
n34	n65	27.3	0.000805	35
n34	n110	25.2	0.00179	33
n34	n85	23.5	0.0152	30
n34	n35	24.6	0.0152	30
n34	n124	30.7	0.0198	30
n34	n102	26.6	0.0259	30
n34	n108	24.5	0.0338	29
n34	n138	23.1	0.0984	28
n34	n97	29.4	0.129	27
n34	n49	27.3	0.129	27
n34	n92	29.9	0.168	27
n34	n211	30.4	0.168	27
n34	n91	26.3	0.219	27
n34	n107	28.4	0.286	26
n34	n106	23.3	0.286	26
n34	n127	23.2	0.833	25
n34	n113	25.6	1.09	24
n34	n136	41.9	1.86	23
n34	n118	36.7	1.86	23
n34	n162	30.6	2.42	23
n34	n115	32.7	3.17	23
n34	n163	39.1	4.13	22
n34	n116	43.3	5.4	22
n34	n119	39.1	7.05	22
n34	n165	28.7	7.05	22
n34	n121	39.1	7.05	22
n34	n125	47.4	9.21	21
n35	n37	32.4	1.92e-20	91
n35	n85	41.2	1.69e-16	77
n35	n84	30.4	2e-09	54
n35	n73	26.5	2.21e-08	50
n35	n39	27.3	4.91e-08	49
n35	n72	24.5	7.1e-07	45
n35	n89	26.1	3.52e-06	43
n35	n74	22.2	1.02e-05	42
n35	n57	27.5	1.75e-05	41
n35	n52	23.1	1.75e-05	41
n35	n60	25.4	2.28e-05	40
n35	n56	24.5	2.98e-05	40
n35	n45	22.4	3.89e-05	40
n35	n53	23.1	5.09e-05	39
n35	n55	27.5	5.09e-05	39
n35	n80	22.2	0.000148	38
n35	n43	30.4	0.000148	38
n35	n37	37.9	0.000193	37
n35	n77	24.0	0.000252	37
n35	n105	26.5	0.00033	37
n35	n83	27.0	0.000431	36
n35	n82	21.6	0.000431	36
n35	n41	22.4	0.000562	36
n35	n130	51.3	0.000562	36
n35	n46	21.3	0.000562	36
n35	n44	21.3	0.000562	36
n35	n36	25.4	0.000734	35
n35	n49	30.1	0.00125	35
n35	n42	25.0	0.00164	34
n35	n107	21.8	0.00214	34
n35	n128	26.5	0.00279	33
n35	n51	25.2	0.00279	33
n35	n67	28.4	0.00476	33
n35	n169	23.7	0.00476	33
n35	n126	25.1	0.00622	32
n35	n128	32.4	0.0181	31
n35	n123	33.9	0.0403	30
n35	n96	27.7	0.0526	29
n35	n58	25.2	0.0526	29
n35	n69	20.8	0.2	27
n35	n179	41.0	0.341	27
n35	n180	41.0	0.341	27
n35	n136	26.4	0.446	26
n35	n134	31.4	0.582	26
n35	n106	26.4	0.76	25
n35	n85	41.7	0.76	25
n35	n137	39.5	1.3	25
n35	n125	28.0	1.69	24
n35	n178	30.9	1.69	24
n35	n40	28.6	2.21	24
n35	n129	32.1	2.21	24
n35	n117	22.0	4.93	23
n35	n81	32.4	8.4	22
n36	n51	60.1	1.19e-106	376
n36	n68	58.0	1.01e-105	373
n36	n60	62.6	1.12e-104	370
n36	n66	56.5	1.46e-104	369
n36	n61	62.1	5.54e-104	367
n36	n77	54.5	1.51e-101	359
n36	n89	56.0	3.36e-101	358
n36	n71	57.7	5.74e-101	357
n36	n76	54.4	4.86e-100	354
n36	n86	60.4	3.15e-99	352
n36	n59	55.7	1.24e-95	340
n36	n42	59.1	3.86e-89	318
n36	n47	54.5	1.86e-75	273
n36	n70	50.7	7.81e-74	267
n36	n53	49.2	9.54e-72	260
n36	n41	47.8	1.63e-71	260
n36	n74	49.1	1.52e-69	253
n36	n52	47.7	5.79e-69	251
n36	n64	49.4	7.56e-69	251
n36	n46	48.9	1.29e-68	250
n36	n44	48.9	1.29e-68	250
n36	n62	50.0	1.68e-68	250
n36	n81	48.0	3.75e-68	248
n36	n45	47.7	8.36e-68	247
n36	n80	48.1	1.09e-67	247
n36	n75	49.8	2.43e-67	246
n36	n56	47.6	2.06e-66	243
n36	n54	47.2	4.59e-66	242
n36	n57	47.2	5.99e-66	241
n36	n78	45.7	5.07e-65	238
n36	n55	47.0	6.62e-65	238
n36	n72	43.4	9.56e-64	234
n36	n87	43.5	5.25e-62	228
n36	n69	46.2	1.17e-61	227
n36	n43	42.4	3.76e-60	222
n36	n73	44.9	6.42e-60	221
n36	n58	41.9	6.64e-57	211
n36	n88	44.6	2.14e-55	206
n36	n83	38.4	4.04e-46	175
n36	n67	40.2	5.83e-45	171
n36	n82	37.2	7.13e-43	164
n36	n79	29.7	1.3e-28	117
n36	n50	28.6	1.59e-26	110
n36	n40	30.7	3.01e-25	106
n36	n63	27.0	1e-20	91
n36	n90	26.4	1.19e-13	67
n36	n38	27.7	1.19e-13	67
n36	n37	29.3	3.13e-06	43
n36	n49	29.3	5.9e-05	39
n36	n85	52.8	0.000172	37
n36	n85	27.8	0.000499	35
n36	n133	22.8	0.0019	33
n36	n105	26.8	0.0467	29
n36	n96	28.6	0.104	28
n36	n83	31.4	0.104	28
n36	n72	19.7	1.96	23
n36	n65	27.6	2.56	23
n37	n49	66.2	5.2e-103	364
n37	n39	35.4	2.63e-38	149
n37	n85	36.3	3.93e-34	135
n37	n48	27.9	1.35e-26	110
n37	n84	28.6	4.35e-25	105
n37	n136	26.9	2.1e-11	60
n37	n138	25.0	7.97e-11	58
n37	n135	26.6	3.03e-10	56
n37	n89	26.4	1.56e-06	44
n37	n61	28.7	3.47e-06	42
n37	n77	25.6	4.53e-06	42
n37	n42	30.4	5.91e-06	42
n37	n45	28.3	7.72e-06	41
n37	n97	28.1	7.72e-06	41
n37	n76	30.1	1.32e-05	40
n37	n65	28.0	1.32e-05	40
n37	n68	30.1	1.72e-05	40
n37	n66	30.1	1.72e-05	40
n37	n47	25.9	1.72e-05	40
n37	n80	27.2	1.72e-05	40
n37	n46	27.2	3.83e-05	39
n37	n44	27.2	3.83e-05	39
n37	n74	25.2	5e-05	39
n37	n133	27.7	6.53e-05	38
n37	n60	24.8	8.53e-05	38
n37	n63	29.6	8.53e-05	38
n37	n73	32.4	0.000111	37
n37	n51	29.3	0.00019	37
n37	n64	30.0	0.000944	34
n37	n73	33.3	0.00123	34
n37	n105	32.7	0.00161	33
n37	n128	23.5	0.0021	33
n37	n72	24.3	0.00275	33
n37	n86	25.0	0.00468	32
n37	n56	32.1	0.00468	32
n37	n88	24.1	0.00468	32
n37	n71	26.1	0.00468	32
n37	n70	28.7	0.00468	32
n37	n134	24.8	0.00612	32
n37	n59	25.0	0.00612	32
n37	n57	31.0	0.00799	31
n37	n62	31.8	0.0136	30
n37	n83	31.0	0.0178	30
n37	n79	24.3	0.0232	30
n37	n69	23.4	0.0232	30
n37	n43	40.0	0.0232	30
n37	n75	29.1	0.0304	29
n37	n130	33.3	0.0304	29
n37	n78	24.5	0.0304	29
n37	n69	26.7	0.0396	29
n37	n124	34.8	0.0396	29
n37	n125	31.8	0.0396	29
n37	n67	31.8	0.0676	28
n37	n87	29.9	0.115	27
n37	n50	25.0	0.115	27
n37	n54	28.7	0.115	27
n37	n123	31.8	0.151	27
n37	n124	48.4	0.197	27
n37	n126	20.6	0.257	26
n37	n122	52.2	0.572	25
n37	n164	22.5	0.572	25
n37	n81	30.7	0.748	25
n37	n82	23.4	0.748	25
n37	n52	33.3	0.748	25
n37	n53	35.3	0.748	25
n37	n130	27.3	0.976	24
n37	n161	22.6	0.976	24
n37	n82	30.8	1.28	24
n37	n137	34.5	1.67	23
n37	n127	40.0	2.18	23
n37	n67	33.3	3.71	22
n37	n118	40.9	3.71	22
n37	n128	38.1	3.71	22
n37	n116	45.0	6.33	22
n37	n114	50.0	6.33	22
n37	n113	38.5	6.33	22
n37	n115	45.0	6.33	22
n37	n58	27.1	8.27	21
n38	n70	32.1	1.31e-22	98
n38	n60	30.4	1.5e-18	84
n38	n42	30.5	2.55e-18	84
n38	n75	28.2	4.35e-18	83
n38	n76	29.9	1.27e-17	81
n38	n69	28.4	1.65e-17	81
n38	n59	24.6	4.81e-17	79
n38	n47	26.2	4.08e-16	76
n38	n62	26.5	4.08e-16	76
n38	n66	28.8	5.32e-16	76
n38	n77	30.6	6.95e-16	75
n38	n68	27.7	3.45e-15	73
n38	n78	30.1	5.88e-15	72
n38	n87	26.2	7.69e-15	72
n38	n46	27.9	1e-14	72
n38	n44	27.9	1e-14	72
n38	n54	28.8	1.31e-14	71
n38	n74	27.3	2.92e-14	70
n38	n82	27.9	8.5e-14	69
n38	n45	27.7	1.45e-13	68
n38	n80	27.0	1.89e-13	67
n38	n88	26.3	1.89e-13	67
n38	n73	29.3	2.47e-13	67
n38	n67	27.2	5.51e-13	66
n38	n56	27.0	7.19e-13	65
n38	n72	26.8	9.4e-13	65
n38	n57	26.5	1.23e-12	65
n38	n55	26.5	2.09e-12	64
n38	n83	25.0	4.66e-12	63
n38	n81	27.7	1.04e-11	62
n38	n63	26.7	1.77e-11	61
n38	n51	24.7	5.16e-11	59
n38	n64	27.0	5.16e-11	59
n38	n50	26.2	5.7e-10	56
n38	n53	25.3	7.44e-10	55
n38	n52	25.3	7.44e-10	55
n38	n41	26.4	7.44e-10	55
n38	n79	25.3	6.3e-09	52
n38	n40	24.3	9.1e-08	49
n38	n134	25.7	3.82e-06	43
n38	n133	25.3	1.45e-05	41
n38	n65	23.4	0.000467	36
n38	n90	21.9	0.00178	34
n38	n39	21.4	0.0335	30
n38	n189	25.0	0.484	26
n38	n165	23.9	0.632	26
n38	n46	24.1	1.08	25
n38	n44	24.1	1.08	25
n38	n114	23.4	1.08	25
n38	n49	23.7	1.08	25
n38	n136	20.2	1.84	24
n38	n152	30.9	2.4	24
n38	n85	24.7	3.13	23
n38	n138	37.5	3.13	23
n38	n122	36.7	5.35	23
n39	n49	34.9	1.01e-34	137
n39	n85	29.3	1.46e-25	107
n39	n84	29.8	3.15e-20	89
n39	n48	25.5	7.77e-19	84
n39	n136	23.7	2.12e-08	50
n39	n135	22.9	5.78e-06	42
n39	n62	24.7	3.74e-05	39
n39	n58	23.9	0.000317	36
n39	n130	25.3	0.000317	36
n39	n69	21.4	0.000414	35
n39	n83	25.4	0.000414	35
n39	n168	30.4	0.000541	35
n39	n73	25.9	0.000706	35
n39	n74	20.9	0.000922	34
n39	n52	27.0	0.00268	33
n39	n53	25.7	0.00268	33
n39	n53	25.6	0.00458	32
n39	n45	20.7	0.00781	31
n39	n80	22.3	0.0102	31
n39	n87	26.7	0.0102	31
n39	n46	26.3	0.0133	30
n39	n44	26.3	0.0133	30
n39	n75	21.8	0.0133	30
n39	n80	25.0	0.0227	30
n39	n72	20.4	0.0227	30
n39	n62	25.0	0.0227	30
n39	n45	25.0	0.0227	30
n39	n52	25.6	0.0297	29
n39	n44	21.6	0.0387	29
n39	n81	25.0	0.0387	29
n39	n46	21.6	0.0387	29
n39	n64	26.9	0.0387	29
n39	n54	23.9	0.0506	28
n39	n64	22.1	0.0506	28
n39	n70	24.4	0.0661	28
n39	n67	25.0	0.147	27
n39	n78	23.5	0.192	27
n39	n47	21.8	0.251	26
n39	n168	24.2	0.251	26
n39	n89	38.9	0.428	25
n39	n152	28.6	0.559	25
n39	n51	22.5	0.954	24
n39	n98	26.2	0.954	24
n39	n74	22.4	1.25	24
n39	n78	24.4	1.63	23
n39	n137	27.1	2.13	23
n39	n54	20.2	2.13	23
n39	n133	50.0	3.63	22
n39	n96	30.8	3.63	22
n40	n63	46.9	3.78e-70	255
n40	n78	30.6	1.36e-27	114
n40	n74	29.7	5.71e-26	108
n40	n89	25.7	7.46e-26	108
n40	n70	29.7	1.66e-25	107
n40	n76	27.8	3.7e-25	106
n40	n68	28.0	4.83e-25	105
n40	n54	31.6	6.31e-25	105
n40	n42	27.3	8.24e-25	104
n40	n46	30.4	1.08e-24	104
n40	n47	28.3	1.08e-24	104
n40	n61	26.4	1.08e-24	104
n40	n44	30.4	1.08e-24	104
n40	n66	28.2	6.98e-24	101
n40	n80	30.0	9.11e-24	101
n40	n45	29.1	9.11e-24	101
n40	n72	29.6	1.55e-23	100
n40	n88	27.4	2.65e-23	99
n40	n64	29.3	4.52e-23	99
n40	n81	30.7	4.52e-23	99
n40	n69	28.6	7.72e-23	98
n40	n60	25.8	1.01e-22	97
n40	n77	25.1	8.53e-22	94
n40	n57	27.5	4.23e-21	92
n40	n56	27.9	4.23e-21	92
n40	n87	27.1	7.22e-21	91
n40	n82	30.5	9.43e-21	91
n40	n55	27.1	2.1e-20	90
n40	n86	28.4	2.74e-20	89
n40	n41	26.5	3.58e-20	89
n40	n59	24.4	7.98e-20	88
n40	n53	29.0	1.36e-19	87
n40	n52	29.0	2.32e-19	86
n40	n67	27.9	3.03e-19	86
n40	n71	25.4	3.03e-19	86
n40	n50	25.9	8.83e-19	84
n40	n73	30.2	1.97e-18	83
n40	n62	30.1	1.97e-18	83
n40	n51	26.4	4.84e-17	79
n40	n75	23.4	6.33e-17	78
n40	n79	24.3	3.14e-16	76
n40	n58	27.3	2.04e-15	73
n40	n83	25.5	4.53e-15	72
n40	n43	26.8	2.49e-13	66
n40	n90	25.3	5.19e-11	59
n40	n134	26.8	6.56e-06	42
n40	n85	30.4	0.0981	28
n40	n124	33.8	0.218	27
n40	n81	25.3	0.218	27
n40	n126	26.9	0.636	25
n40	n53	28.0	0.636	25
n40	n133	39.4	1.42	24
n40	n138	24.5	1.85	23
n40	n50	47.4	9.18	21
n41	n42	56.1	2.01e-98	349
n41	n51	51.4	1.15e-77	280
n41	n89	47.6	1.55e-74	270
n41	n77	47.0	4.5e-74	268
n41	n68	46.1	4.98e-73	265
n41	n59	45.7	1.23e-71	260
n41	n66	44.1	1.23e-71	260
n41	n76	44.5	3.02e-70	255
n41	n71	44.6	5.15e-70	255
n41	n47	46.2	1.5e-69	253
n41	n62	50.7	3.34e-69	252
n41	n61	42.4	7.44e-69	251
n41	n60	41.4	9.72e-69	250
n41	n46	45.5	3.69e-68	248
n41	n44	45.5	3.69e-68	248
n41	n86	45.4	4.82e-68	248
n41	n70	45.4	1.4e-67	247
n41	n74	46.2	3.46e-66	242
n41	n80	44.5	4.51e-66	242
n41	n45	44.3	1.01e-65	240
n41	n81	45.1	4.99e-65	238
n41	n53	46.0	2.48e-64	236
n41	n54	47.3	6.1e-63	231
n41	n75	46.5	1.36e-62	230
n41	n78	43.4	2.32e-62	229
n41	n73	44.4	2.32e-62	229
n41	n64	45.7	6.74e-62	228
n41	n87	46.5	1.96e-61	226
n41	n52	43.4	2.56e-61	226
n41	n55	44.5	2.83e-60	222
n41	n57	43.8	5.34e-59	218
n41	n56	44.1	5.34e-59	218
n41	n72	43.4	3.46e-58	215
n41	n69	44.4	1.32e-57	213
n41	n58	40.8	2.1e-55	206
n41	n88	42.1	4.38e-53	198
n41	n43	42.4	1.84e-51	193
n41	n83	42.3	1.9e-48	183
n41	n67	33.2	2.33e-38	149
n41	n50	36.8	3.37e-37	146
n41	n82	32.6	2.67e-34	136
n41	n79	33.3	2.67e-34	136
n41	n63	25.3	8.34e-20	88
n41	n90	26.7	2.43e-11	60
n41	n127	28.1	0.0158	30
n41	n107	21.9	0.0206	30
n41	n85	41.7	0.0784	28
n41	n108	25.2	0.102	28
n41	n110	29.2	0.228	27
n41	n194	35.9	5.62	22
n41	n133	24.4	9.59	21
n41	n85	30.8	9.59	21
n42	n47	64.2	7.88e-101	357
n42	n68	56.8	4.79e-90	322
n42	n66	55.6	2.01e-88	316
n42	n89	52.9	6.48e-87	311
n42	n61	53.7	8.46e-87	311
n42	n71	52.0	2.46e-86	309
n42	n77	53.1	4.64e-85	305
n42	n59	51.4	6.06e-85	305
n42	n86	54.5	1.35e-84	304
n42	n70	54.5	2.3e-84	303
n42	n60	52.1	3.01e-84	302
n42	n51	54.7	3.93e-84	302
n42	n76	49.5	2.82e-82	296
n42	n81	52.3	3.11e-81	292
n42	n75	54.6	6.49e-79	285
n42	n62	52.6	2.47e-78	283
n42	n44	51.7	9.38e-78	281
n42	n46	51.7	9.38e-78	281
n42	n53	51.3	1.35e-76	277
n42	n80	50.6	6.72e-76	275
n42	n45	45.1	8.78e-76	274
n42	n74	49.5	1.5e-75	273
n42	n52	50.6	2.55e-75	273
n42	n54	49.6	2.16e-74	270
n42	n69	51.0	3.69e-74	269
n42	n64	51.3	5.32e-73	265
n42	n73	45.8	2.64e-72	263
n42	n78	49.4	2.64e-72	263
n42	n56	48.5	1.31e-71	260
n42	n57	48.1	3.82e-71	259
n42	n55	47.8	2.47e-70	256
n42	n72	47.6	1.5e-67	247
n42	n88	48.3	3.34e-67	246
n42	n87	45.9	3.7e-66	242
n42	n58	42.4	4.23e-62	229
n42	n43	39.9	2.57e-59	220
n42	n83	40.8	1.23e-53	201
n42	n67	41.5	2.57e-51	193
n42	n82	41.5	8.27e-50	188
n42	n50	32.4	7.03e-33	132
n42	n79	30.8	7.28e-30	122
n42	n63	28.9	9.51e-30	121
n42	n90	24.8	4.15e-09	53
n42	n127	26.6	0.000181	37
n42	n127	28.7	0.00117	35
n42	n49	22.7	0.00581	32
n42	n135	34.3	0.00759	32
n42	n85	23.0	0.00759	32
n42	n123	38.3	0.0129	31
n42	n126	26.7	0.0129	31
n42	n133	22.4	0.0376	30
n42	n97	30.1	0.0642	29
n42	n95	24.3	0.0642	29
n42	n96	28.6	0.0839	28
n42	n124	30.8	0.187	27
n42	n108	25.4	0.244	27
n42	n175	26.8	0.244	27
n42	n136	41.2	1.21	25
n42	n107	36.6	4.6	23
n42	n126	24.1	6.01	22
n43	n51	45.4	3.73e-71	258
n43	n86	48.7	2.26e-68	249
n43	n59	47.4	8.6e-68	247
n43	n71	48.0	4.27e-67	245
n43	n68	43.1	1.79e-65	240
n43	n66	45.6	1.16e-64	237
n43	n77	47.5	5.97e-61	225
n43	n76	45.3	2.27e-60	223
n43	n61	46.5	6.6e-60	221
n43	n60	40.7	1.13e-59	220
n43	n47	40.3	9.53e-59	217
n43	n89	43.1	5.23e-57	211
n43	n80	41.5	7.55e-56	208
n43	n75	41.9	1.68e-55	206
n43	n78	42.2	2.87e-55	206
n43	n46	38.2	4.9e-55	205
n43	n44	38.2	4.9e-55	205
n43	n45	41.0	6.39e-55	205
n43	n81	41.6	8.35e-55	204
n43	n74	40.3	8.35e-55	204
n43	n53	43.2	4.14e-54	202
n43	n87	42.0	1.02e-52	197
n43	n52	42.5	2.97e-52	196
n43	n70	39.3	5.07e-52	195
n43	n54	41.2	1.13e-51	194
n43	n62	40.7	9.56e-51	191
n43	n73	36.9	2.78e-50	189
n43	n72	36.1	4.74e-50	188
n43	n64	39.9	8.09e-50	188
n43	n69	35.6	4.91e-47	178
n43	n56	37.3	6.41e-47	178
n43	n57	36.9	1.09e-46	177
n43	n55	36.5	5.43e-46	175
n43	n58	35.7	9.26e-46	174
n43	n88	37.8	8.11e-42	161
n43	n83	33.5	2.61e-32	129
n43	n67	32.7	6.44e-31	125
n43	n82	30.5	2.71e-29	119
n43	n50	28.8	2.01e-24	103
n43	n79	27.7	1.3e-23	101
n43	n63	21.8	4.64e-13	65
n43	n90	27.2	4.34e-11	59
n43	n85	46.2	0.000301	36
n43	n85	26.5	0.000301	36
n43	n49	22.3	0.00969	31
n43	n110	28.7	0.0481	29
n43	n105	32.8	0.107	28
n43	n108	26.0	0.239	27
n43	n65	44.0	4.5	22
n43	n107	38.5	7.68	22
n44	n46	100.0	1.7e-174	602
n44	n80	97.7	5.11e-171	590
n44	n45	93.0	2.3e-163	565
n44	n74	76.8	1.41e-128	449
n44	n53	68.3	7.77e-103	364
n44	n52	67.7	1.01e-102	363
n44	n81	60.4	3.86e-102	361
n44	n72	58.7	2.76e-100	355
n44	n64	65.9	5.21e-99	351
n44	n54	64.9	8.89e-99	350
n44	n62	63.5	8.32e-97	344
n44	n78	56.7	2.51e-93	332
n44	n69	56.8	2.87e-89	319
n44	n87	56.5	1.09e-88	317
n44	n73	50.5	2.87e-81	292
n44	n58	51.5	1.09e-80	290
n44	n57	55.7	1.58e-79	286
n44	n56	55.0	4.59e-79	285
n44	n55	55.0	1.74e-78	283
n44	n68	49.7	5.07e-78	281
n44	n70	47.9	8.1e-76	274
n44	n77	46.9	1.17e-74	270
n44	n51	50.2	4.44e-74	268
n44	n66	46.8	4.44e-74	268
n44	n88	47.4	1.69e-73	266
n44	n89	46.4	4.16e-72	262
n44	n76	49.6	4.16e-72	262
n44	n59	46.5	2.7e-71	259
n44	n86	48.4	1.02e-70	257
n44	n47	48.6	1.34e-70	257
n44	n71	44.7	1.93e-69	253
n44	n75	49.3	2.52e-69	252
n44	n60	47.8	1.38e-67	247
n44	n83	47.5	3.08e-67	245
n44	n61	46.6	9.92e-66	240
n44	n50	33.7	4.5e-34	135
n44	n79	34.0	9.37e-32	127
n44	n82	34.2	1.6e-31	127
n44	n67	35.2	1.6e-31	127
n44	n63	31.0	2.02e-26	110
n44	n90	27.0	3.7e-12	62
n44	n65	28.4	1.04e-06	44
n44	n134	26.8	5.18e-06	42
n44	n120	24.1	2.57e-05	40
n44	n127	30.8	3.36e-05	39
n44	n85	25.2	5.73e-05	39
n44	n49	28.2	0.000485	35
n44	n110	31.5	0.000633	35
n44	n96	35.7	0.00314	33
n44	n135	37.5	0.0593	28
n44	n100	33.8	0.294	26
n44	n165	27.3	0.655	25
n44	n161	21.0	0.655	25
n44	n108	26.8	1.12	24
n44	n162	25.5	1.46	24
n44	n119	30.0	1.91	23
n44	n121	35.5	2.49	23
n44	n164	21.0	2.49	23
n44	n113	21.3	4.25	22
n44	n107	41.7	7.24	22
n44	n49	27.5	7.24	22
n44	n158	37.1	7.24	22
n44	n118	29.5	9.46	21
n44	n123	27.9	9.46	21
n45	n80	94.0	3.4e-165	571
n45	n46	93.0	2.43e-163	565
n45	n74	76.5	2.15e-127	445
n45	n52	66.9	7.71e-101	357
n45	n53	66.8	1.01e-100	357
n45	n72	58.9	3.83e-100	355
n45	n81	58.8	1.45e-99	353
n45	n54	64.1	5.17e-97	344
n45	n64	64.7	3.35e-96	342
n45	n62	62.7	1.27e-95	340
n45	n78	56.6	6.54e-92	327
n45	n87	56.1	2.18e-87	312
n45	n69	57.6	2.84e-87	312
n45	n73	50.2	6.78e-81	291
n45	n58	52.5	5.74e-80	288
n45	n68	49.3	1.41e-78	283
n45	n57	55.1	2.41e-78	282
n45	n56	54.8	5.38e-78	281
n45	n55	54.4	2.67e-77	279
n45	n66	46.8	5.56e-75	271
n45	n70	47.6	5.56e-75	271
n45	n77	46.2	9.49e-75	270
n45	n51	47.9	8.03e-74	267
n45	n88	47.7	1.05e-73	267
n45	n76	49.3	5.21e-73	265
n45	n86	48.4	7.52e-72	261
n45	n89	45.8	9.82e-72	260
n45	n59	46.7	6.36e-71	258
n45	n47	47.2	2.67e-69	252
n45	n71	44.8	2.67e-69	252
n45	n60	47.4	2.12e-66	243
n45	n75	47.8	3.61e-66	242
n45	n61	42.7	1.37e-65	240
n45	n83	46.1	6.82e-65	238
n45	n50	34.3	9.6e-35	138
n45	n79	36.0	6.22e-34	135
n45	n82	35.2	3.41e-32	129
n45	n67	35.7	1.3e-31	127
n45	n63	30.3	9.01e-25	104
n45	n90	29.0	6.47e-15	72
n45	n134	28.6	5.86e-08	49
n45	n65	27.7	4.65e-05	39
n45	n49	28.2	7.93e-05	38
n45	n120	24.2	0.000104	38
n45	n85	28.6	0.000231	37
n45	n96	38.1	0.00149	34
n45	n127	29.4	0.00255	33
n45	n110	29.2	0.00742	32
n45	n100	30.8	0.00969	31
n45	n135	41.7	0.0216	30
n45	n164	24.3	0.0282	30
n45	n161	23.6	0.0282	30
n45	n108	28.3	0.0481	29
n45	n186	26.9	0.107	28
n45	n107	25.8	0.312	26
n45	n165	34.1	0.407	26
n45	n162	31.4	0.907	25
n45	n193	25.5	1.18	24
n45	n49	30.0	1.55	24
n45	n119	34.8	4.5	22
n45	n121	34.8	4.5	22
n45	n113	39.1	5.88	22
n46	n80	97.7	5.11e-171	590
n46	n74	76.8	1.41e-128	449
n46	n53	68.3	7.77e-103	364
n46	n52	67.7	1.01e-102	363
n46	n81	60.4	3.86e-102	361
n46	n72	58.7	2.76e-100	355
n46	n64	65.9	5.21e-99	351
n46	n54	64.9	8.89e-99	350
n46	n62	63.5	8.32e-97	344
n46	n78	56.7	2.51e-93	332
n46	n69	56.8	2.87e-89	319
n46	n87	56.5	1.09e-88	317
n46	n73	50.5	2.87e-81	292
n46	n58	51.5	1.09e-80	290
n46	n57	55.7	1.58e-79	286
n46	n56	55.0	4.59e-79	285
n46	n55	55.0	1.74e-78	283
n46	n68	49.7	5.07e-78	281
n46	n70	47.9	8.1e-76	274
n46	n77	46.9	1.17e-74	270
n46	n51	50.2	4.44e-74	268
n46	n66	46.8	4.44e-74	268
n46	n88	47.4	1.69e-73	266
n46	n76	49.6	4.16e-72	262
n46	n89	46.4	4.16e-72	262
n46	n59	46.5	2.7e-71	259
n46	n86	48.4	1.02e-70	257
n46	n47	48.6	1.34e-70	257
n46	n71	44.7	1.93e-69	253
n46	n75	49.3	2.52e-69	252
n46	n60	47.8	1.38e-67	247
n46	n83	47.5	3.08e-67	245
n46	n61	46.6	9.92e-66	240
n46	n50	33.7	4.5e-34	135
n46	n79	34.0	9.37e-32	127
n46	n82	34.2	1.6e-31	127
n46	n67	35.2	1.6e-31	127
n46	n63	31.0	2.02e-26	110
n46	n90	27.0	3.7e-12	62
n46	n65	28.4	1.04e-06	44
n46	n134	26.8	5.18e-06	42
n46	n120	24.1	2.57e-05	40
n46	n127	30.8	3.36e-05	39
n46	n85	25.2	5.73e-05	39
n46	n49	28.2	0.000485	35
n46	n110	31.5	0.000633	35
n46	n96	35.7	0.00314	33
n46	n135	37.5	0.0593	28
n46	n100	33.8	0.294	26
n46	n165	27.3	0.655	25
n46	n161	21.0	0.655	25
n46	n108	26.8	1.12	24
n46	n162	25.5	1.46	24
n46	n119	30.0	1.91	23
n46	n164	21.0	2.49	23
n46	n121	35.5	2.49	23
n46	n113	21.3	4.25	22
n46	n107	41.7	7.24	22
n46	n49	27.5	7.24	22
n46	n158	37.1	7.24	22
n46	n123	27.9	9.46	21
n46	n118	29.5	9.46	21
n47	n75	61.8	1.3e-97	346
n47	n71	52.6	5.85e-82	294
n47	n59	50.5	8.74e-78	280
n47	n86	52.6	1.14e-77	280
n47	n68	49.1	3.32e-77	278
n47	n51	52.8	2.15e-76	276
n47	n70	52.3	6.26e-76	274
n47	n66	48.5	8.18e-76	274
n47	n81	51.3	1.18e-74	270
n47	n77	47.9	4.49e-74	268
n47	n76	47.2	1e-73	267
n47	n61	47.3	2.23e-73	266
n47	n53	50.2	1.44e-72	263
n47	n62	52.1	2.46e-72	262
n47	n74	51.3	3.22e-72	262
n47	n60	46.1	7.92e-71	257
n47	n54	50.0	7.92e-71	257
n47	n89	48.1	1.76e-70	256
n47	n80	47.9	2.55e-69	252
n47	n52	48.3	2.55e-69	252
n47	n56	48.7	5.68e-69	251
n47	n78	46.9	2.16e-68	249
n47	n57	47.9	4.81e-68	248
n47	n55	47.9	8.2e-68	247
n47	n72	45.0	3.12e-67	245
n47	n69	47.4	4.07e-67	245
n47	n87	44.3	4.97e-65	238
n47	n58	43.1	1.45e-64	236
n47	n64	47.9	2.47e-64	236
n47	n73	43.5	6.08e-63	231
n47	n88	41.0	5.7e-53	198
n47	n83	39.0	1.55e-50	190
n47	n82	41.5	2.57e-45	173
n47	n67	38.7	2.57e-45	173
n47	n50	32.5	5.36e-35	138
n47	n79	32.2	1.73e-33	133
n47	n63	29.6	1.08e-27	114
n47	n90	26.4	9.21e-11	58
n47	n49	30.8	6.83e-06	42
n47	n125	27.8	4.43e-05	39
n47	n85	27.2	0.000639	35
n47	n85	23.8	0.00707	32
n47	n133	24.0	0.00923	31
n47	n127	22.1	0.0206	30
n47	n65	26.9	0.0206	30
n47	n135	31.9	0.0269	30
n47	n123	34.0	0.0458	29
n47	n168	31.0	0.388	26
n47	n159	25.5	0.662	25
n47	n138	31.2	1.93	23
n47	n96	25.5	4.29	22
n47	n212	37.5	9.56	21
n48	n49	30.1	4.61e-30	122
n48	n84	27.0	2.63e-17	79
n48	n85	23.9	2.08e-14	70
n48	n134	25.4	0.000149	37
n48	n111	25.2	0.0107	31
n48	n98	22.0	0.0107	31
n48	n135	30.5	0.202	27
n48	n123	25.7	0.345	26
n48	n55	25.8	0.45	25
n48	n57	25.4	0.45	25
n48	n56	25.4	0.45	25
n48	n169	25.3	0.768	25
n48	n131	31.7	1.71	23
n48	n137	33.3	4.98	22
n48	n202	29.8	8.49	21
n49	n85	35.5	2.62e-30	122
n49	n84	30.4	2.9e-29	119
n49	n138	25.8	1.35e-10	57
n49	n97	28.7	3.69e-08	49
n49	n65	27.1	5.33e-07	45
n49	n135	24.8	1.19e-06	44
n49	n68	27.9	1.31e-05	40
n49	n66	27.9	1.71e-05	40
n49	n77	27.1	2.24e-05	40
n49	n61	27.5	6.51e-05	38
n49	n60	24.1	0.000111	37
n49	n80	26.7	0.000189	37
n49	n81	27.7	0.000551	35
n49	n78	27.1	0.00072	35
n49	n57	28.8	0.00094	34
n49	n56	28.8	0.00094	34
n49	n89	28.7	0.00094	34
n49	n64	29.3	0.00094	34
n49	n76	25.6	0.00123	34
n49	n74	26.7	0.00123	34
n49	n62	29.3	0.00209	33
n49	n51	25.6	0.00274	33
n49	n134	24.6	0.00357	32
n49	n62	28.8	0.00467	32
n49	n133	23.5	0.00467	32
n49	n83	26.6	0.00796	31
n49	n73	25.2	0.00796	31
n49	n52	26.6	0.0104	31
n49	n128	26.3	0.0104	31
n49	n70	29.6	0.0177	30
n49	n87	25.8	0.0177	30
n49	n53	25.6	0.0177	30
n49	n72	23.5	0.0177	30
n49	n71	24.8	0.0232	30
n49	n78	24.3	0.0232	30
n49	n136	29.3	0.0232	30
n49	n69	25.4	0.0302	29
n49	n54	25.6	0.0395	29
n49	n125	25.0	0.0516	28
n49	n105	29.1	0.0516	28
n49	n59	24.8	0.0516	28
n49	n86	26.2	0.0674	28
n49	n63	27.3	0.088	28
n49	n75	48.4	0.115	27
n49	n64	30.5	0.115	27
n49	n130	26.4	0.196	27
n49	n132	40.7	0.256	26
n49	n137	35.7	0.437	25
n49	n130	31.4	0.437	25
n49	n82	40.5	0.745	25
n49	n128	44.4	0.745	25
n49	n79	27.1	0.973	24
n49	n80	30.0	1.27	24
n49	n69	38.9	1.66	23
n49	n50	24.7	1.66	23
n49	n74	24.6	1.66	23
n49	n67	35.9	3.7	22
n49	n129	40.0	4.83	22
n49	n67	36.4	4.83	22
n49	n95	28.6	6.31	22
n49	n125	25.8	6.31	22
n50	n79	85.4	1.43e-140	489
n50	n77	32.7	1.48e-36	143
n50	n76	32.7	2.52e-36	143
n50	n89	34.9	2.78e-35	139
n50	n66	31.6	8.1e-35	138
n50	n67	33.2	8.1e-35	138
n50	n80	33.9	1.38e-34	137
n50	n59	32.1	1.38e-34	137
n50	n68	31.8	3.08e-34	136
n50	n61	31.7	6.85e-34	134
n50	n62	34.7	8.95e-34	134
n50	n70	32.9	1.53e-33	133
n50	n86	31.7	4.44e-33	132
n50	n53	31.8	3.76e-32	129
n50	n71	29.8	3.76e-32	129
n50	n82	30.2	1.09e-31	127
n50	n75	32.9	1.09e-31	127
n50	n69	32.3	1.43e-31	127
n50	n60	32.1	2.44e-31	126
n50	n81	30.5	4.16e-31	125
n50	n74	32.1	4.16e-31	125
n50	n52	31.1	7.09e-31	124
n50	n54	32.1	4.6e-30	122
n50	n78	33.1	4.6e-30	122
n50	n64	31.5	2.28e-29	119
n50	n88	32.1	3.29e-28	116
n50	n56	31.6	7.34e-28	114
n50	n51	28.7	4.76e-27	112
n50	n57	30.8	6.21e-27	111
n50	n87	30.1	8.11e-27	111
n50	n55	30.8	1.06e-26	111
n50	n83	30.8	5.26e-26	108
n50	n58	30.5	8.97e-26	107
n50	n72	29.4	9.92e-25	104
n50	n73	26.1	1.69e-24	103
n50	n63	26.3	2.37e-18	83
n50	n90	24.7	1.44e-07	47
n50	n136	30.5	0.0238	30
n50	n126	27.4	0.0692	28
n50	n85	23.9	0.263	26
n50	n201	22.7	3.8	22
n51	n86	67.8	8.59e-113	397
n51	n71	60.6	2.11e-111	392
n51	n59	65.9	1.85e-107	379
n51	n89	61.8	3.27e-104	368
n51	n68	57.9	9.52e-104	367
n51	n77	58.7	1.16e-101	360
n51	n61	57.5	2.59e-101	359
n51	n76	57.3	4.42e-101	358
n51	n66	56.1	7.54e-101	357
n51	n60	61.8	1.74e-97	346
n51	n70	49.8	2.44e-75	272
n51	n74	49.1	7.86e-74	267
n51	n80	49.1	7.35e-72	261
n51	n75	53.6	1.25e-71	260
n51	n64	51.9	1.25e-71	260
n51	n53	48.5	3.09e-70	255
n51	n52	50.0	6.88e-70	254
n51	n78	46.4	8.99e-70	254
n51	n81	47.2	8.99e-70	254
n51	n57	46.4	5.83e-69	251
n51	n73	46.0	7.61e-69	251
n51	n56	46.4	9.94e-69	250
n51	n55	46.4	9.94e-69	250
n51	n54	47.6	2.89e-68	249
n51	n62	48.5	3.78e-68	248
n51	n72	44.3	2.99e-65	239
n51	n69	46.7	7.63e-61	224
n51	n87	43.5	7.63e-61	224
n51	n58	40.9	6.04e-58	215
n51	n88	43.7	6.91e-54	201
n51	n83	39.5	2.63e-45	173
n51	n67	34.9	1.27e-39	154
n51	n82	33.1	4.07e-38	149
n51	n79	30.2	3.46e-29	119
n51	n63	26.4	2.03e-21	93
n51	n90	25.5	1.46e-11	60
n51	n85	32.0	0.000226	37
n51	n108	27.9	0.00425	32
n51	n85	24.3	0.00425	32
n51	n127	23.2	0.0614	28
n51	n135	25.7	0.105	28
n51	n107	23.4	0.137	27
n51	n97	25.0	0.305	26
n51	n96	28.6	0.679	25
n51	n96	21.4	0.887	25
n51	n198	43.2	0.887	25
n51	n138	34.3	1.51	24
n51	n116	23.1	1.98	23
n51	n131	26.5	9.81	21
n52	n53	91.2	4.03e-140	487
n52	n81	73.6	2.01e-115	405
n52	n62	71.7	5.67e-110	387
n52	n64	67.7	2.91e-106	375
n52	n72	68.6	1.45e-105	372
n52	n54	68.8	9.37e-105	370
n52	n80	68.1	3.94e-103	364
n52	n78	64.2	6.95e-100	354
n52	n74	65.4	5.88e-99	351
n52	n73	60.1	1.83e-92	329
n52	n87	62.0	6.96e-92	327
n52	n57	62.7	5.89e-91	324
n52	n56	62.3	7.7e-91	324
n52	n55	62.7	7.7e-91	324
n52	n69	55.1	5.72e-78	281
n52	n58	55.4	4.84e-77	278
n52	n68	51.8	1.56e-75	273
n52	n66	53.0	2.04e-75	272
n52	n70	51.1	3.25e-73	265
n52	n77	50.9	5.54e-73	264
n52	n76	50.0	8e-72	260
n52	n83	53.1	8e-72	260
n52	n60	50.6	7.49e-70	254
n52	n61	49.8	1.28e-69	253
n52	n86	48.5	3.85e-66	242
n52	n71	47.0	9.48e-65	237
n52	n89	47.0	1.62e-64	236
n52	n59	47.0	1.79e-63	233
n52	n88	45.3	8.87e-63	230
n52	n75	47.0	4.87e-61	225
n52	n82	34.4	1.86e-36	143
n52	n67	34.3	9.56e-33	131
n52	n79	30.8	3.18e-28	116
n52	n63	26.0	4.17e-20	89
n52	n90	27.5	1.06e-15	74
n52	n134	24.8	1.18e-06	44
n52	n120	23.1	0.000547	35
n52	n65	24.5	0.00354	32
n52	n85	25.6	0.00463	32
n52	n96	19.9	0.0103	31
n52	n93	28.8	0.023	30
n52	n110	28.9	0.566	25
n52	n121	17.3	0.965	24
n52	n119	17.3	1.26	24
n52	n162	35.3	1.65	23
n52	n107	29.1	3.67	22
n52	n148	22.1	4.79	22
n52	n124	34.0	4.79	22
n52	n165	46.2	6.26	22
n52	n118	41.2	8.17	21
n53	n81	74.0	1.65e-117	412
n53	n62	74.8	5.85e-115	404
n53	n72	70.9	6.93e-108	380
n53	n64	70.0	5.87e-107	377
n53	n54	69.5	1.6e-104	369
n53	n80	68.3	8.77e-103	363
n53	n78	64.2	2.64e-99	352
n53	n74	65.6	1.31e-98	349
n53	n73	62.2	6.09e-96	341
n53	n87	62.7	5.7e-94	334
n53	n57	62.9	5.33e-92	327
n53	n56	62.5	6.96e-92	327
n53	n55	62.3	1.19e-91	326
n53	n58	56.0	5.18e-79	284
n53	n69	53.2	1.97e-78	282
n53	n83	55.4	1.32e-74	270
n53	n70	53.3	1.32e-74	270
n53	n68	50.6	1.72e-74	269
n53	n66	51.3	8.55e-74	267
n53	n77	50.0	2.33e-71	259
n53	n76	49.1	4.39e-70	255
n53	n60	48.5	4.86e-69	251
n53	n61	47.7	5.37e-68	248
n53	n86	47.3	5.94e-67	244
n53	n71	47.0	5.02e-66	241
n53	n59	47.0	1.12e-65	240
n53	n89	45.5	1.24e-64	236
n53	n75	47.4	5.2e-63	231
n53	n88	44.9	1.51e-62	230
n53	n82	34.5	1.58e-35	140
n53	n67	33.6	4.29e-33	132
n53	n79	32.2	1.53e-30	123
n53	n63	26.8	1.69e-21	93
n53	n90	27.0	4.04e-15	72
n53	n134	24.8	2.01e-06	43
n53	n120	21.8	0.00122	34
n53	n85	25.6	0.00354	32
n53	n96	34.0	0.00463	32
n53	n97	26.6	0.00605	32
n53	n135	44.4	0.023	30
n53	n65	23.9	0.0512	28
n53	n93	26.9	0.0669	28
n53	n127	20.1	0.195	27
n53	n110	28.1	0.433	25
n53	n121	18.3	1.26	24
n53	n100	31.0	1.65	23
n53	n119	18.3	1.65	23
n53	n162	22.9	2.81	23
n53	n148	21.5	4.79	22
n53	n107	50.0	4.79	22
n53	n112	37.9	6.26	22
n53	n212	26.2	8.17	21
n53	n118	41.2	8.17	21
n54	n62	70.2	2.9e-106	375
n54	n81	68.2	1.35e-103	366
n54	n80	64.9	9.99e-99	350
n54	n78	65.7	1.31e-98	349
n54	n72	65.3	1.44e-97	346
n54	n64	61.8	1.49e-94	336
n54	n56	63.5	1.65e-93	332
n54	n57	63.5	2.82e-93	332
n54	n55	63.1	1.4e-92	329
n54	n87	63.3	2.02e-91	325
n54	n74	60.7	1e-90	323
n54	n73	59.1	1.77e-87	312
n54	n58	53.3	4.23e-73	265
n54	n69	51.2	3.03e-71	258
n54	n83	51.9	8.81e-71	257
n54	n70	49.1	8.81e-71	257
n54	n68	49.4	2.84e-69	252
n54	n76	48.3	3.14e-68	248
n54	n66	48.1	1.19e-67	247
n54	n77	46.1	8.54e-66	240
n54	n61	45.9	3.24e-65	238
n54	n59	44.9	1.78e-63	233
n54	n86	45.7	2.33e-63	232
n54	n75	46.6	8.84e-63	230
n54	n89	43.4	2.18e-61	226
n54	n71	43.4	3.71e-61	225
n54	n60	44.3	8.27e-61	224
n54	n88	44.2	5.93e-59	218
n54	n67	33.7	9.53e-33	131
n54	n82	33.2	3.62e-32	129
n54	n79	31.0	4.14e-28	115
n54	n63	28.4	9.55e-25	104
n54	n90	27.5	2.7e-11	59
n54	n134	27.3	1.64e-08	50
n54	n108	30.8	0.000143	37
n54	n97	31.3	0.00159	33
n54	n85	26.5	0.00159	33
n54	n110	29.5	0.00787	31
n54	n96	26.7	0.0103	31
n54	n120	24.1	0.0134	30
n54	n85	22.9	0.0229	30
n54	n135	32.1	0.0299	29
n54	n105	26.9	0.051	28
n54	n127	24.2	0.051	28
n54	n136	36.4	0.331	26
n54	n163	24.1	0.331	26
n54	n98	26.7	0.432	25
n54	n115	61.5	0.962	24
n54	n116	61.5	0.962	24
n54	n208	23.8	1.26	24
n54	n113	26.8	1.26	24
n54	n164	27.7	1.64	23
n54	n161	30.8	2.14	23
n54	n121	17.7	3.65	22
n54	n118	50.0	4.77	22
n54	n165	45.5	4.77	22
n54	n119	18.5	4.77	22
n55	n57	98.4	3.59e-149	517
n55	n56	97.7	3.04e-148	514
n55	n62	64.1	1.75e-95	339
n55	n81	62.9	2.14e-93	332
n55	n64	56.3	2.37e-84	302
n55	n73	54.9	3.79e-82	295
n55	n74	57.1	3.79e-82	295
n55	n72	56.2	3.2e-81	292
n55	n78	55.0	1.22e-80	290
n55	n87	56.2	3.54e-80	288
n55	n58	56.8	1.03e-79	287
n55	n80	54.2	6.25e-77	277
n55	n89	48.1	7.4e-70	254
n55	n68	47.2	9.05e-68	247
n55	n86	46.2	1.18e-67	247
n55	n77	46.3	1.31e-66	243
n55	n71	45.2	1.31e-66	243
n55	n66	46.4	2.91e-66	242
n55	n59	45.5	8.47e-66	240
n55	n76	45.7	1.11e-65	240
n55	n75	48.6	2.46e-65	239
n55	n61	45.3	4.2e-65	238
n55	n60	45.0	3.01e-63	232
n55	n69	46.3	5.14e-63	231
n55	n83	48.3	9.69e-62	227
n55	n70	46.1	5.32e-60	221
n55	n88	39.8	6.96e-52	194
n55	n82	36.0	5.92e-35	138
n55	n67	34.9	1.05e-31	127
n55	n79	31.3	3.26e-25	106
n55	n63	30.9	1.79e-23	100
n55	n90	24.1	3.27e-09	52
n55	n134	24.5	1.16e-06	44
n55	n105	34.2	0.000317	36
n55	n127	25.2	0.000414	35
n55	n108	25.5	0.00458	32
n55	n110	33.3	0.00598	32
n55	n138	24.8	0.0863	28
n55	n85	34.1	0.147	27
n55	n110	32.4	0.559	25
n55	n120	21.3	1.25	24
n55	n126	33.3	1.25	24
n55	n107	52.2	1.63	23
n55	n136	36.4	1.63	23
n55	n144	52.0	3.63	22
n55	n142	52.0	3.63	22
n55	n135	26.2	3.63	22
n56	n57	98.4	2.75e-149	518
n56	n62	64.7	6.02e-96	341
n56	n81	64.3	1.13e-94	336
n56	n64	57.9	4.32e-86	308
n56	n73	56.0	1.54e-83	299
n56	n74	57.1	4.94e-82	294
n56	n58	58.3	4.94e-82	294
n56	n72	56.4	1.44e-81	293
n56	n87	56.6	1.44e-81	293
n56	n78	55.4	5.47e-81	291
n56	n80	54.6	1.26e-77	280
n56	n89	48.0	1.65e-69	253
n56	n68	48.0	1.07e-68	250
n56	n66	47.6	1.18e-67	247
n56	n77	46.6	2.63e-67	245
n56	n86	46.2	2.63e-67	245
n56	n61	46.3	5.87e-67	244
n56	n71	45.2	7.66e-67	244
n56	n75	49.8	1.71e-66	243
n56	n59	45.5	4.97e-66	241
n56	n76	46.1	8.47e-66	240
n56	n60	45.6	2.73e-64	235
n56	n69	46.3	6.07e-64	234
n56	n83	49.0	5.14e-63	231
n56	n70	46.8	6.28e-61	224
n56	n88	40.6	1.07e-52	197
n56	n82	36.0	3.47e-35	139
n56	n67	35.3	2.75e-32	129
n56	n79	32.1	2.26e-26	109
n56	n63	31.1	3.6e-24	102
n56	n90	24.3	5.58e-09	52
n56	n134	25.2	2.34e-07	46
n56	n127	25.5	1.68e-05	40
n56	n105	35.4	0.000109	37
n56	n108	26.4	0.00157	33
n56	n65	26.9	0.00781	31
n56	n133	22.6	0.0102	31
n56	n110	30.9	0.0102	31
n56	n138	25.7	0.0174	30
n56	n85	36.6	0.0297	29
n56	n97	29.9	0.147	27
n56	n120	23.0	0.147	27
n56	n136	39.4	0.328	26
n56	n110	31.6	0.428	25
n56	n126	33.3	0.731	25
n56	n107	62.5	0.954	24
n56	n135	24.6	2.13	23
n56	n142	52.0	3.63	22
n56	n144	52.0	3.63	22
n56	n106	52.2	8.08	21
n57	n62	64.7	3.53e-96	341
n57	n81	64.0	4.31e-94	334
n57	n64	57.1	2.14e-85	305
n57	n74	57.9	3.42e-83	298
n57	n73	55.3	7.63e-83	297
n57	n72	56.8	1.1e-81	293
n57	n78	55.4	1.88e-81	292
n57	n58	57.9	3.2e-81	292
n57	n87	55.9	4.63e-80	288
n57	n80	55.0	5.66e-78	281
n57	n89	48.0	5.67e-70	254
n57	n68	47.6	1.4e-68	250
n57	n86	46.2	1.18e-67	247
n57	n66	47.2	1.54e-67	246
n57	n77	46.6	2.63e-67	245
n57	n71	45.2	1.31e-66	243
n57	n76	46.1	1.71e-66	243
n57	n61	45.5	4.97e-66	241
n57	n59	45.5	8.47e-66	240
n57	n75	48.6	1.45e-65	240
n57	n60	44.9	2.31e-63	232
n57	n83	48.8	6.71e-63	231
n57	n69	45.9	8.77e-63	230
n57	n70	45.7	5.32e-60	221
n57	n88	39.8	5.33e-52	195
n57	n82	36.8	3.14e-36	142
n57	n67	35.7	5.54e-33	131
n57	n63	31.4	3.6e-24	102
n57	n79	30.3	1.05e-23	101
n57	n90	24.3	3.27e-09	52
n57	n134	24.5	4e-07	45
n57	n105	34.2	0.000186	37
n57	n127	24.8	0.000706	35
n57	n108	31.1	0.00598	32
n57	n110	31.8	0.00598	32
n57	n65	26.9	0.0102	31
n57	n85	36.6	0.0297	29
n57	n138	24.8	0.0297	29
n57	n120	22.1	0.251	26
n57	n97	29.0	0.251	26
n57	n136	39.4	0.328	26
n57	n110	31.6	0.428	25
n57	n126	33.3	0.731	25
n57	n107	62.5	0.954	24
n57	n135	26.2	3.63	22
n57	n106	52.2	8.08	21
n58	n81	51.7	4.4e-82	295
n58	n73	53.7	8.31e-81	290
n58	n80	51.2	1.2e-79	287
n58	n87	53.3	7.77e-79	284
n58	n62	54.8	3.86e-78	282
n58	n74	51.7	1.91e-77	279
n58	n72	50.3	4.72e-76	275
n58	n64	51.2	3.5e-71	258
n58	n83	50.0	8.61e-70	254
n58	n78	46.6	9.52e-69	250
n58	n75	45.7	4.14e-64	235
n58	n68	41.9	6.61e-62	228
n58	n70	44.7	8.63e-62	227
n58	n66	42.8	7.31e-61	224
n58	n89	40.6	1.38e-59	220
n58	n77	39.8	3.4e-58	215
n58	n71	39.6	4.43e-58	215
n58	n69	43.8	6.4e-57	211
n58	n86	40.4	7.08e-56	208
n58	n76	39.2	9.25e-56	207
n58	n59	39.0	2.06e-55	206
n58	n61	38.1	5.07e-54	201
n58	n60	37.7	5.61e-53	198
n58	n88	38.7	4.44e-50	188
n58	n67	34.6	9e-35	138
n58	n82	33.1	3.2e-32	129
n58	n79	28.6	2.22e-25	106
n58	n63	29.6	3e-22	96
n58	n90	26.8	1.11e-08	51
n58	n133	28.6	0.00312	33
n58	n108	26.4	0.0202	30
n58	n123	36.7	0.0451	29
n58	n85	23.7	0.0451	29
n58	n65	34.0	0.0589	28
n58	n193	23.8	0.224	27
n58	n123	35.3	0.498	25
n58	n186	23.8	0.651	25
n58	n132	33.3	1.11	24
n58	n140	24.7	1.89	23
n58	n143	31.2	3.23	23
n58	n205	37.3	5.51	22
n59	n71	80.9	1.25e-145	506
n59	n86	85.3	5.45e-141	490
n59	n89	56.1	1.08e-96	343
n59	n77	56.0	3.13e-96	342
n59	n66	55.3	6.97e-96	341
n59	n68	54.1	1.01e-94	337
n59	n76	53.2	4.68e-92	328
n59	n60	52.8	6.11e-92	327
n59	n61	53.1	1.36e-91	326
n59	n75	52.3	1.01e-78	283
n59	n70	47.3	1.42e-72	263
n59	n62	50.4	7.77e-71	257
n59	n80	46.2	1.32e-70	257
n59	n81	46.3	5.03e-70	255
n59	n74	45.5	5.57e-69	251
n59	n78	42.2	3.16e-64	235
n59	n69	45.4	3.16e-64	235
n59	n64	45.1	7.04e-64	234
n59	n72	39.3	2.5e-61	226
n59	n73	42.1	1.24e-60	223
n59	n87	40.2	2.43e-56	209
n59	n88	43.6	8.63e-54	201
n59	n83	38.7	2.06e-47	179
n59	n67	34.0	7.57e-42	161
n59	n82	32.8	1.58e-39	153
n59	n79	31.6	2.21e-33	133
n59	n63	28.6	1.39e-27	114
n59	n90	25.9	6.25e-12	62
n59	n133	23.8	5.67e-05	39
n59	n85	26.4	0.00311	33
n59	n138	22.4	0.00693	32
n59	n96	33.3	0.0154	30
n59	n131	21.8	0.649	25
n59	n72	34.2	7.17	22
n59	n85	21.5	7.17	22
n60	n61	73.1	1.57e-138	482
n60	n66	68.0	5.81e-125	437
n60	n68	66.8	4.6e-122	428
n60	n76	66.3	1.34e-121	426
n60	n77	66.5	3.65e-119	418
n60	n89	57.6	2.15e-103	366
n60	n71	57.7	7.16e-91	324
n60	n86	56.2	3.33e-88	315
n60	n70	50.4	1.23e-74	270
n60	n74	44.3	5.9e-69	251
n60	n78	47.4	6.52e-68	248
n60	n81	45.7	8.52e-68	247
n60	n80	47.0	4.68e-66	242
n60	n64	47.6	7.98e-66	241
n60	n62	47.8	1.36e-65	240
n60	n72	41.6	5.72e-64	235
n60	n75	46.6	1.41e-62	230
n60	n73	45.0	7.23e-59	218
n60	n69	44.2	3.04e-57	212
n60	n87	41.1	6.77e-57	211
n60	n88	42.2	1.61e-50	190
n60	n67	40.2	3.98e-49	185
n60	n82	39.0	3.98e-49	185
n60	n83	38.4	5.74e-48	181
n60	n79	30.5	3.87e-28	116
n60	n63	26.6	3.51e-21	92
n60	n90	26.6	8.37e-15	71
n60	n133	23.1	3.52e-05	39
n60	n105	28.9	0.00039	36
n60	n96	34.0	0.0164	30
n60	n85	45.9	0.0365	29
n60	n97	22.4	0.403	26
n60	n135	28.0	1.17	24
n60	n110	25.7	1.53	24
n60	n127	19.4	2	23
n60	n131	26.2	7.61	22
n61	n76	71.9	2.71e-127	445
n61	n66	71.6	3.53e-127	445
n61	n68	71.3	1.14e-125	439
n61	n77	68.4	1.48e-125	439
n61	n89	62.8	6.47e-113	397
n61	n71	55.2	1.77e-94	336
n61	n86	56.9	4.08e-91	325
n61	n70	46.3	2.66e-74	269
n61	n81	47.1	1.04e-70	257
n61	n74	46.1	6.77e-70	254
n61	n78	45.3	2.57e-69	252
n61	n64	48.7	1.67e-68	250
n61	n62	47.7	1.2e-66	243
n61	n72	45.3	1.73e-65	240
n61	n80	45.9	4.25e-64	235
n61	n75	46.2	7.25e-64	234
n61	n73	46.5	4.86e-60	221
n61	n69	41.0	3.15e-59	219
n61	n87	41.0	4.55e-58	215
n61	n88	43.3	1.79e-54	203
n61	n82	40.1	2.27e-49	186
n61	n67	38.6	4e-46	175
n61	n83	36.9	7.06e-43	164
n61	n79	30.8	5.6e-32	128
n61	n63	27.6	1.13e-24	104
n61	n90	27.8	3.3e-16	76
n61	n105	31.2	2.01e-05	40
n61	n133	23.5	2.62e-05	40
n61	n85	29.0	0.00017	37
n61	n108	27.8	0.0354	29
n61	n127	26.7	0.0463	29
n61	n96	31.9	0.135	27
n61	n97	24.7	0.135	27
n61	n135	34.0	0.3	26
n61	n110	27.5	0.392	26
n61	n197	30.6	0.512	25
n61	n115	43.3	1.49	24
n61	n126	39.3	2.54	23
n61	n116	27.5	4.33	22
n61	n136	41.9	5.66	22
n61	n113	35.7	5.66	22
n61	n85	23.7	5.66	22
n61	n117	40.7	5.66	22
n61	n200	23.9	7.39	22
n61	n113	40.7	7.39	22
n61	n115	40.7	9.65	21
n62	n81	78.2	1.32e-122	429
n62	n64	69.6	1.01e-106	376
n62	n72	68.8	2.49e-105	372
n62	n87	69.6	8.87e-103	363
n62	n78	64.6	3.86e-98	348
n62	n80	62.4	1.37e-95	339
n62	n73	60.7	8.32e-93	330
n62	n74	62.5	1.09e-92	330
n62	n69	56.0	3.28e-81	292
n62	n68	53.7	4.9e-77	278
n62	n76	52.6	4.15e-76	275
n62	n77	51.9	2.06e-75	272
n62	n66	52.2	7.82e-75	270
n62	n70	49.6	3.88e-74	268
n62	n83	51.2	7.32e-73	264
n62	n75	50.4	1.43e-68	250
n62	n86	49.1	7.09e-68	247
n62	n89	47.7	1.58e-67	246
n62	n71	47.3	3.89e-66	242
n62	n88	47.3	8.11e-64	234
n62	n79	34.4	6.7e-34	134
n62	n67	32.4	3.68e-32	129
n62	n82	32.6	1.4e-31	127
n62	n63	28.4	1.45e-20	90
n62	n90	26.2	9.41e-12	61
n62	n134	26.4	1.08e-07	47
n62	n133	28.1	2.93e-05	39
n62	n120	26.7	8.53e-05	38
n62	n190	23.0	0.000111	37
n62	n85	27.1	0.000248	36
n62	n85	27.9	0.000553	35
n62	n65	26.2	0.0021	33
n62	n98	22.8	0.00799	31
n62	n127	25.0	0.0304	29
n62	n96	23.6	0.0304	29
n62	n135	35.4	0.0676	28
n62	n121	20.2	0.151	27
n62	n119	20.2	0.197	27
n62	n136	35.6	0.336	26
n62	n93	31.1	1.67	23
n62	n118	42.9	4.85	22
n62	n162	26.2	6.33	22
n62	n159	32.3	6.33	22
n62	n107	34.7	6.33	22
n62	n100	24.6	6.33	22
n62	n122	52.9	8.27	21
n62	n113	42.9	8.27	21
n63	n70	29.9	3.34e-31	126
n63	n69	28.6	6.96e-29	118
n63	n89	28.4	7.69e-28	114
n63	n66	29.5	4.22e-26	109
n63	n68	29.8	7.2e-26	108
n63	n80	30.8	2.1e-25	106
n63	n71	27.7	2.74e-25	106
n63	n76	30.4	7.96e-25	104
n63	n78	30.7	1.04e-24	104
n63	n75	29.5	1.36e-24	104
n63	n77	30.1	1.77e-24	103
n63	n86	28.1	3.03e-24	102
n63	n82	32.1	3.03e-24	102
n63	n67	30.3	6.74e-24	101
n63	n83	27.1	1.5e-23	100
n63	n88	26.2	4.37e-23	99
n63	n72	27.2	2.83e-22	96
n63	n81	26.6	1.41e-21	94
n63	n87	27.6	1.41e-21	94
n63	n64	28.0	1.41e-21	94
n63	n74	27.5	1.84e-21	93
n63	n73	27.1	5.34e-21	92
n63	n79	26.6	1.78e-16	77
n63	n90	25.4	1.56e-12	64
n63	n105	28.2	0.00012	37
n63	n134	22.7	0.00225	33
n63	n85	26.0	0.00294	33
n63	n91	24.2	0.0725	28
n63	n127	18.8	0.36	26
n63	n209	43.2	0.802	25
n63	n115	25.0	1.79	23
n63	n97	24.5	2.33	23
n63	n138	27.8	2.33	23
n63	n108	40.7	5.2	22
n63	n116	28.3	5.2	22
n63	n107	40.9	8.86	21
n63	n137	25.9	8.86	21
n64	n81	73.5	3.17e-113	398
n64	n80	64.7	1.87e-97	346
n64	n74	66.7	2.44e-97	345
n64	n72	63.5	7.86e-96	340
n64	n78	61.9	1.34e-95	339
n64	n87	63.3	8.13e-93	330
n64	n73	57.3	3.91e-87	311
n64	n69	53.9	1.14e-78	283
n64	n68	51.5	3.79e-74	268
n64	n77	50.8	3.21e-73	265
n64	n66	50.9	1.59e-72	263
n64	n76	49.3	7.4e-70	254
n64	n70	48.3	6.27e-69	251
n64	n88	49.2	1e-66	243
n64	n83	50.2	3.8e-66	242
n64	n89	47.5	8.47e-66	240
n64	n86	45.5	1.11e-65	240
n64	n71	44.0	3.01e-63	232
n64	n75	49.2	1.5e-62	230
n64	n82	32.9	1.05e-31	127
n64	n67	31.5	2.18e-29	119
n64	n79	32.2	2.41e-28	116
n64	n90	29.9	3.06e-15	72
n64	n134	25.4	1.37e-07	47
n64	n85	30.7	5.78e-06	42
n64	n120	26.8	8.34e-05	38
n64	n85	30.9	0.000317	36
n64	n133	23.9	0.000541	35
n64	n65	25.4	0.0102	31
n64	n96	20.5	0.0227	30
n64	n121	19.1	0.0661	28
n64	n119	20.0	0.113	27
n64	n107	34.4	0.251	26
n64	n127	27.6	0.328	26
n64	n135	35.6	0.428	25
n64	n163	28.4	0.731	25
n64	n136	40.0	2.13	23
n64	n193	25.3	3.63	22
n64	n186	25.2	4.74	22
n64	n128	33.3	4.74	22
n64	n137	38.5	6.19	22
n64	n93	28.9	6.19	22
n64	n161	24.1	8.08	21
n64	n164	24.1	8.08	21
n65	n138	27.3	1.55e-19	87
n65	n135	25.1	7.19e-17	78
n65	n133	26.8	6.1e-08	48
n65	n80	28.4	3.95e-07	45
n65	n85	25.6	3.35e-06	42
n65	n74	28.4	4.37e-06	42
n65	n81	25.0	0.000313	36
n65	n72	27.9	0.000409	35
n65	n69	28.0	0.00119	34
n65	n97	27.8	0.00155	33
n65	n78	25.9	0.00452	32
n65	n87	23.8	0.0224	30
n65	n168	22.5	0.0293	29
n65	n134	26.2	0.0383	29
n65	n73	22.1	0.0853	28
n65	n166	25.4	0.111	27
n65	n167	25.4	0.111	27
n65	n83	22.5	0.111	27
n65	n177	28.9	0.248	26
n65	n75	24.1	0.423	25
n65	n130	42.1	3.58	22
n65	n188	27.1	3.58	22
n65	n130	24.6	4.68	22
n65	n169	47.8	4.68	22
n66	n68	92.1	1.18e-167	579
n66	n77	82.9	5.89e-151	523
n66	n76	78.3	8.25e-137	476
n66	n89	61.1	6.16e-108	381
n66	n71	55.4	3.39e-98	348
n66	n86	59.8	2.2e-97	346
n66	n70	49.8	4.31e-77	278
n66	n78	49.0	1.06e-75	273
n66	n81	50.9	2.36e-75	272
n66	n74	47.8	9.93e-74	267
n66	n80	46.5	2.21e-73	266
n66	n72	44.1	3.31e-69	252
n66	n75	50.2	1.26e-68	250
n66	n73	46.6	2.01e-66	243
n66	n87	42.3	4.62e-63	231
n66	n69	46.2	6.25e-60	221
n66	n88	41.9	2.08e-55	206
n66	n67	39.3	3.68e-44	169
n66	n82	35.4	4.81e-44	168
n66	n83	37.2	2.39e-43	166
n66	n79	32.6	5.33e-35	138
n66	n90	26.2	3.04e-14	69
n66	n85	31.5	7.5e-05	38
n66	n133	23.4	0.000486	35
n66	n85	27.5	0.000635	35
n66	n200	20.1	0.0777	28
n66	n96	32.8	0.226	27
n66	n85	24.6	1.91	23
n66	n131	28.6	4.26	22
n66	n135	32.7	5.56	22
n67	n82	60.8	4.96e-136	474
n67	n71	35.6	6.23e-46	175
n67	n89	39.8	4.04e-45	172
n67	n70	36.6	6.88e-45	171
n67	n68	39.3	8.99e-45	171
n67	n86	37.5	4.46e-44	169
n67	n77	37.3	4.93e-43	165
n67	n76	35.7	2.45e-42	163
n67	n75	37.6	1.82e-37	147
n67	n79	33.9	1.7e-35	140
n67	n69	35.1	1.35e-32	131
n67	n73	30.3	2.3e-32	130
n67	n74	35.0	8.73e-32	128
n67	n87	34.9	1.14e-31	127
n67	n81	32.0	1.49e-31	127
n67	n78	32.1	1.94e-31	127
n67	n83	32.5	2.81e-30	123
n67	n80	34.8	3.67e-30	122
n67	n88	29.1	4.2e-26	109
n67	n72	29.8	8.75e-24	101
n67	n90	25.9	6.5e-11	59
n67	n103	27.1	9.72e-07	45
n67	n85	27.3	0.00131	34
n67	n126	27.3	0.123	28
n67	n123	30.5	0.61	25
n67	n148	28.2	3.03	23
n67	n151	50.0	3.95	23
n67	n124	38.5	8.81	22
n67	n125	31.7	8.81	22
n68	n77	84.5	3.69e-153	531
n68	n76	76.6	1.66e-137	479
n68	n89	60.7	6.16e-108	381
n68	n86	59.8	1.17e-98	350
n68	n71	54.5	4.43e-98	348
n68	n70	52.0	3.9e-78	282
n68	n80	49.0	7.35e-77	277
n68	n81	52.8	2.14e-76	276
n68	n78	48.5	6.22e-76	274
n68	n74	49.5	6.22e-76	274
n68	n72	46.2	1.75e-70	256
n68	n75	51.9	5.1e-70	255
n68	n73	45.2	3.09e-67	245
n68	n87	42.5	2.71e-63	232
n68	n69	47.7	1.14e-61	227
n68	n88	43.8	3.79e-57	212
n68	n82	36.2	7.42e-45	171
n68	n83	36.8	1.07e-43	167
n68	n79	31.5	5.33e-35	138
n68	n90	26.7	6.12e-15	72
n68	n85	31.5	7.5e-05	38
n68	n85	27.5	0.00108	34
n68	n133	24.6	0.00185	33
n68	n96	32.7	0.295	26
n68	n200	20.5	0.295	26
n68	n135	32.1	0.385	26
n68	n95	21.4	0.385	26
n68	n94	20.6	1.12	24
n68	n85	24.6	2.5	23
n68	n131	28.6	7.27	22
n69	n80	57.2	2.03e-89	319
n69	n74	55.0	3.25e-87	312
n69	n88	56.6	4.24e-87	311
n69	n81	56.2	3.04e-85	305
n69	n70	47.8	4.4e-76	275
n69	n78	49.5	2.85e-75	272
n69	n87	51.6	4.26e-71	258
n69	n72	47.6	1.62e-70	256
n69	n75	45.8	1.57e-65	240
n69	n86	46.4	1.73e-64	236
n69	n77	46.5	1.37e-61	226
n69	n71	43.0	2.34e-61	226
n69	n89	46.4	4e-61	225
n69	n76	42.9	7.54e-60	221
n69	n73	44.3	1.29e-59	220
n69	n83	40.2	1.58e-49	186
n69	n82	33.5	4.31e-31	125
n69	n79	33.2	1.39e-29	120
n69	n90	25.5	2.3e-16	76
n69	n120	23.8	0.000154	37
n69	n190	23.3	0.000344	36
n69	n110	29.8	0.00497	32
n69	n107	23.4	0.0145	30
n69	n124	26.2	0.0247	30
n69	n108	25.1	0.0247	30
n69	n123	29.8	0.0322	29
n69	n127	22.6	0.0937	28
n69	n127	25.2	0.209	27
n69	n85	23.0	0.356	26
n69	n138	25.5	1.04	24
n69	n133	31.9	1.77	23
n69	n135	42.3	1.77	23
n69	n132	21.7	2.31	23
n69	n106	32.4	3.94	22
n69	n118	50.0	5.14	22
n69	n102	34.4	6.71	22
n70	n77	47.5	9.28e-77	277
n70	n80	48.3	2.7e-76	275
n70	n74	49.0	2.29e-75	272
n70	n89	47.2	2.29e-75	272
n70	n76	49.6	1.94e-74	269
n70	n71	47.9	3.65e-73	265
n70	n81	47.8	1.81e-72	263
n70	n75	47.3	5.27e-72	261
n70	n86	47.5	1.53e-71	260
n70	n78	46.7	2e-71	259
n70	n88	46.2	2.45e-69	252
n70	n72	43.5	3.1e-64	235
n70	n73	43.3	6.9e-64	234
n70	n87	43.0	4.94e-62	228
n70	n83	41.7	1.49e-50	190
n70	n82	33.2	1.4e-40	157
n70	n79	33.6	1.27e-33	134
n70	n90	28.3	4.1e-16	75
n70	n133	23.9	0.00047	35
n70	n110	26.6	0.00679	32
n70	n85	26.0	0.00887	31
n70	n127	23.1	0.0198	30
n70	n120	24.1	0.0337	29
n70	n138	27.0	0.0751	28
n70	n135	32.1	0.218	27
n70	n123	25.2	0.285	26
n70	n124	26.9	0.373	26
n70	n93	25.0	0.487	25
n70	n194	32.8	0.636	25
n70	n91	51.9	0.83	25
n70	n126	33.8	1.42	24
n70	n212	34.8	4.12	22
n70	n107	50.0	5.38	22
n71	n86	86.4	4.29e-146	507
n71	n89	55.9	3.02e-99	352
n71	n77	55.5	4.35e-98	348
n71	n76	53.9	1.5e-90	323
n71	n75	49.5	3.24e-77	278
n71	n74	44.9	5.55e-69	251
n71	n80	44.4	2.11e-68	249
n71	n81	48.9	1.05e-67	247
n71	n78	41.8	1.2e-63	233
n71	n73	43.2	1.12e-61	227
n71	n72	40.3	5.56e-61	225
n71	n87	37.5	8.31e-57	211
n71	n88	44.6	2.67e-55	206
n71	n82	34.9	1.24e-44	170
n71	n83	38.3	3.62e-44	169
n71	n79	29.2	1.58e-31	127
n71	n90	25.4	2.14e-12	63
n71	n133	23.9	5.65e-05	39
n71	n85	43.2	0.00139	34
n71	n138	22.7	0.0764	28
n71	n96	31.0	0.379	26
n71	n147	21.8	1.88	23
n71	n85	21.5	7.15	22
n71	n131	21.2	7.15	22
n72	n81	61.7	4.26e-104	368
n72	n74	61.5	4.41e-101	358
n72	n78	60.4	3.73e-100	355
n72	n80	58.4	1.42e-99	353
n72	n87	59.4	5.22e-94	334
n72	n73	55.9	1.24e-87	313
n72	n83	50.2	5.61e-72	261
n72	n76	45.9	1.81e-70	256
n72	n77	44.8	3.4e-69	252
n72	n89	41.0	8.12e-63	231
n72	n75	43.5	5.82e-61	225
n72	n86	40.9	6.44e-60	221
n72	n88	42.9	2.7e-58	216
n72	n82	31.2	7.18e-27	111
n72	n79	29.5	1.15e-24	104
n72	n90	27.3	8.24e-15	71
n72	n134	22.9	9.75e-08	48
n72	n108	29.9	2.4e-06	43
n72	n120	23.6	6.99e-06	42
n72	n85	26.5	7.73e-05	38
n72	n97	24.1	0.00112	34
n72	n121	21.1	0.00325	33
n72	n119	21.1	0.00424	32
n72	n127	23.3	0.00945	31
n72	n107	24.2	0.00945	31
n72	n110	25.5	0.021	30
n72	n161	20.6	0.104	28
n72	n164	19.9	0.178	27
n72	n135	31.2	0.233	27
n72	n163	22.1	0.518	25
n72	n143	51.7	1.15	24
n72	n151	51.7	1.15	24
n72	n116	28.6	1.51	24
n72	n93	30.2	1.97	23
n72	n162	31.6	2.57	23
n72	n136	38.7	3.36	23
n72	n165	23.8	3.36	23
n72	n118	50.0	5.73	22
n72	n113	58.3	5.73	22
n72	n115	27.6	5.73	22
n72	n123	46.7	9.78	21
n73	n81	57.3	1.57e-95	339
n73	n78	54.1	1.75e-86	309
n73	n87	52.7	1.48e-85	306
n73	n74	54.5	1.81e-83	299
n73	n80	50.3	8.39e-81	290
n73	n83	53.8	3.2e-72	262
n73	n77	44.8	3.42e-66	242
n73	n86	46.5	3.2e-64	235
n73	n76	45.5	2.08e-63	233
n73	n75	45.0	7.89e-63	231
n73	n89	43.2	6.47e-57	211
n73	n88	41.9	9.34e-56	207
n73	n82	33.3	6.51e-33	131
n73	n79	27.0	1.11e-24	104
n73	n90	25.2	1.84e-11	60
n73	n108	30.4	9.8e-05	38
n73	n85	27.2	0.00108	34
n73	n135	31.9	0.00315	33
n73	n133	30.2	0.00538	32
n73	n105	28.3	0.00538	32
n73	n120	27.9	0.0267	30
n73	n110	24.2	0.0349	29
n73	n133	26.3	0.0455	29
n73	n97	27.8	0.0595	28
n73	n127	22.7	0.295	26
n73	n118	25.9	1.12	24
n73	n115	61.5	1.12	24
n73	n116	61.5	1.12	24
n73	n136	28.7	2.5	23
n73	n114	25.0	2.5	23
n73	n121	25.7	3.26	23
n73	n119	25.2	3.26	23
n73	n113	50.0	5.56	22
n73	n112	24.4	7.27	22
n74	n80	75.8	4.27e-127	444
n74	n81	61.8	2.36e-101	359
n74	n87	58.1	3.2e-90	322
n74	n78	57.2	2.07e-89	319
n74	n89	47.2	5.48e-74	268
n74	n77	47.3	6.05e-73	264
n74	n86	46.7	9.67e-71	257
n74	n88	50.0	1.82e-69	253
n74	n76	45.7	2.38e-69	252
n74	n75	47.9	2.23e-67	246
n74	n83	47.4	2.46e-66	242
n74	n82	36.2	3.84e-35	139
n74	n79	33.2	3.15e-29	119
n74	n90	27.3	1.52e-15	74
n74	n134	28.6	6.82e-08	48
n74	n127	25.2	7.06e-05	38
n74	n85	25.9	0.000205	37
n74	n92	23.8	0.00227	33
n74	n137	25.8	0.00387	32
n74	n110	30.6	0.0066	32
n74	n96	33.3	0.00863	31
n74	n97	27.8	0.0328	29
n74	n135	39.6	0.0559	28
n74	n85	25.7	0.073	28
n74	n108	24.5	0.125	27
n74	n161	23.9	0.362	26
n74	n164	24.0	0.362	26
n74	n113	22.9	0.807	25
n74	n95	26.4	1.05	24
n74	n94	26.3	1.38	24
n74	n165	25.9	1.8	23
n74	n136	38.5	2.35	23
n74	n118	50.0	4.01	22
n74	n123	26.3	5.23	22
n74	n119	34.5	5.23	22
n74	n121	34.5	5.23	22
n74	n115	42.9	6.83	22
n74	n116	42.9	6.83	22
n74	n143	37.5	6.83	22
n74	n151	37.5	6.83	22
n74	n193	28.2	8.93	21
n74	n186	28.2	8.93	21
n75	n86	54.9	9.8e-76	273
n75	n89	55.0	1.32e-72	263
n75	n80	48.9	6.8e-69	251
n75	n76	49.6	6.8e-69	251
n75	n77	49.8	1.52e-68	250
n75	n81	49.4	4.41e-68	248
n75	n87	44.7	4.56e-65	238
n75	n78	46.4	1.62e-62	230
n75	n88	40.0	2.27e-56	209
n75	n83	38.1	6.85e-45	171
n75	n79	35.2	1.69e-35	140
n75	n82	34.1	2.44e-34	136
n75	n90	25.7	5.48e-10	55
n75	n85	32.2	0.001	34
n75	n127	22.9	0.00171	33
n75	n125	22.4	0.0145	30
n75	n120	24.4	0.0247	30
n75	n135	35.3	0.0322	29
n75	n127	22.5	0.0549	28
n75	n123	29.2	0.607	25
n75	n133	24.1	1.35	24
n75	n202	32.8	2.31	23
n75	n110	26.5	2.31	23
n75	n168	31.0	3.01	23
n75	n121	23.8	3.94	22
n75	n174	26.7	6.71	22
n76	n77	79.9	3.85e-142	494
n76	n89	59.2	2e-106	376
n76	n86	55.6	2.62e-90	322
n76	n81	46.3	2.23e-73	266
n76	n80	49.3	1.22e-71	260
n76	n78	48.0	2.08e-71	259
n76	n87	41.9	1.15e-61	227
n76	n88	43.3	4.22e-56	208
n76	n83	38.0	8.82e-46	174
n76	n82	34.9	4.1e-43	165
n76	n79	31.4	2.41e-35	139
n76	n90	26.0	1.05e-14	71
n76	n133	26.2	3.39e-05	39
n76	n85	30.8	4.43e-05	39
n76	n85	26.5	0.000835	35
n76	n97	23.6	0.0269	30
n76	n96	28.7	0.102	28
n76	n185	26.4	0.507	25
n76	n127	23.1	0.662	25
n76	n136	45.2	1.93	23
n76	n183	23.3	3.28	23
n76	n82	25.4	4.29	22
n76	n85	22.2	5.6	22
n76	n118	57.1	5.6	22
n77	n89	63.2	3.51e-111	391
n77	n86	59.0	2.21e-97	346
n77	n81	49.8	4.49e-74	268
n77	n80	45.9	6.48e-73	264
n77	n78	45.2	1.14e-69	253
n77	n87	42.2	1.89e-64	236
n77	n88	42.1	3.57e-55	205
n77	n83	38.6	1.96e-45	173
n77	n82	35.6	2.84e-44	169
n77	n79	32.8	2.57e-37	146
n77	n90	27.0	6.16e-15	72
n77	n85	28.2	0.000287	36
n77	n133	23.4	0.00317	33
n77	n96	33.3	0.864	25
n77	n85	26.1	0.864	25
n77	n170	39.3	3.28	23
n77	n127	21.5	4.29	22
n77	n117	37.0	5.6	22
n77	n113	37.0	7.32	22
n77	n114	38.5	9.56	21
n77	n116	37.0	9.56	21
n77	n115	37.0	9.56	21
n78	n81	60.2	4.15e-101	358
n78	n80	56.7	5.43e-93	331
n78	n87	54.8	3.53e-84	302
n78	n86	47.2	7.4e-66	241
n78	n89	42.5	1.65e-65	240
n78	n83	46.9	8.18e-65	237
n78	n88	45.0	2.46e-61	226
n78	n82	30.5	1.66e-33	133
n78	n79	32.6	1.36e-27	114
n78	n90	28.4	1.24e-12	64
n78	n134	27.3	1.33e-06	44
n78	n85	35.3	1.92e-05	40
n78	n133	27.3	4.27e-05	39
n78	n97	29.5	0.00105	34
n78	n105	25.4	0.00179	33
n78	n108	27.8	0.00179	33
n78	n85	28.0	0.00234	33
n78	n96	30.1	0.00234	33
n78	n135	39.6	0.0152	30
n78	n120	26.1	0.0259	30
n78	n93	30.0	0.168	27
n78	n119	27.9	0.219	27
n78	n121	22.1	0.488	25
n78	n127	28.9	0.833	25
n78	n98	23.7	0.833	25
n78	n136	24.1	1.86	23
n78	n113	25.6	4.13	22
n78	n126	28.7	5.4	22
n78	n116	53.8	9.21	21
n78	n115	53.8	9.21	21
n79	n89	33.9	4.52e-36	142
n79	n82	32.8	1.04e-32	131
n79	n80	34.7	1.78e-32	130
n79	n86	31.6	2.32e-32	129
n79	n81	32.2	1.84e-29	120
n79	n87	29.5	7.23e-26	108
n79	n88	31.5	2.1e-25	106
n79	n83	30.1	1.78e-24	103
n79	n90	24.3	2.85e-06	43
n79	n136	31.6	0.0427	29
n79	n85	52.6	0.616	25
n79	n192	38.1	3.06	23
n79	n191	38.1	3.06	23
n80	n81	60.1	3.27e-101	358
n80	n87	56.1	1.57e-87	313
n80	n88	48.1	1.99e-74	269
n80	n89	45.7	7.84e-71	257
n80	n86	48.4	1.75e-70	256
n80	n83	47.1	1.17e-66	243
n80	n82	33.7	1.77e-30	123
n80	n90	27.8	4.37e-13	65
n80	n134	26.8	3.97e-06	42
n80	n120	25.6	5.18e-06	42
n80	n85	25.2	1.97e-05	40
n80	n127	29.4	0.000485	35
n80	n96	38.1	0.00141	34
n80	n110	30.3	0.00314	33
n80	n135	41.7	0.0204	30
n80	n165	27.3	1.12	24
n80	n162	25.5	1.12	24
n80	n193	32.3	5.55	22
n80	n119	26.7	5.55	22
n80	n186	32.3	5.55	22
n80	n118	28.6	7.24	22
n80	n121	32.3	7.24	22
n80	n158	37.1	7.24	22
n80	n107	41.7	7.24	22
n81	n87	65.3	6.55e-105	371
n81	n83	50.9	2.97e-73	265
n81	n86	49.6	4.01e-70	255
n81	n89	49.5	7.56e-69	251
n81	n88	50.4	1.29e-68	250
n81	n82	34.3	9.33e-35	138
n81	n90	28.0	4.81e-15	72
n81	n134	27.3	1.27e-07	47
n81	n120	27.9	5.33e-06	42
n81	n85	28.8	1.19e-05	41
n81	n133	22.7	4.52e-05	39
n81	n85	29.0	0.000382	36
n81	n198	25.7	0.00111	34
n81	n96	30.4	0.00942	31
n81	n194	25.7	0.303	26
n81	n165	26.0	0.517	25
n81	n119	23.3	0.517	25
n81	n107	33.7	0.881	25
n81	n102	24.7	1.15	24
n81	n135	33.3	1.15	24
n81	n121	24.4	1.15	24
n81	n162	38.2	1.5	24
n81	n105	25.0	2.56	23
n81	n144	23.6	3.35	23
n81	n93	31.2	4.37	22
n81	n163	31.2	4.37	22
n81	n142	24.4	9.74	21
n82	n89	39.3	3.63e-46	176
n82	n86	35.9	1.02e-40	158
n82	n87	35.2	4.6e-33	132
n82	n83	31.7	8.12e-30	121
n82	n88	30.9	3.77e-27	112
n82	n90	23.4	5.67e-07	45
n82	n85	28.4	0.00496	32
n82	n148	27.3	0.607	25
n82	n151	24.3	0.792	25
n82	n126	24.4	3.01	23
n83	n87	48.0	7.1e-65	238
n83	n89	38.5	3.1e-44	169
n83	n86	35.8	2.9e-42	163
n83	n88	35.7	8.45e-42	161
n83	n90	26.6	2.4e-12	64
n83	n85	27.7	0.00266	33
n83	n120	22.3	0.00592	32
n83	n137	24.3	0.0132	31
n83	n127	23.2	0.0132	31
n83	n128	25.6	0.0132	31
n83	n121	23.7	0.249	27
n83	n119	37.5	0.424	26
n83	n133	25.7	0.945	25
n83	n149	34.3	1.23	25
n83	n122	26.7	1.23	25
n83	n107	56.5	1.61	24
n83	n182	28.9	2.1	24
n83	n139	24.7	2.75	23
n83	n135	34.1	2.75	23
n83	n123	31.0	2.75	23
n83	n183	29.2	3.59	23
n83	n136	33.3	4.69	23
n84	n85	31.7	6.2e-16	75
n84	n133	25.8	0.0027	33
n84	n134	22.8	0.051	28
n84	n129	23.0	0.087	28
n84	n98	27.1	0.087	28
n84	n136	23.4	1.64	23
n84	n128	39.3	1.64	23
n84	n138	23.1	3.65	22
n85	n138	25.7	6.4e-13	65
n85	n86	23.4	7.57e-06	41
n85	n97	29.1	3.76e-05	39
n85	n128	29.6	3.76e-05	39
n85	n135	24.7	0.000187	37
n85	n87	32.3	0.000244	36
n85	n96	37.5	0.00352	32
n85	n89	27.9	0.006	32
n85	n98	27.3	0.0134	30
n85	n127	42.1	0.252	26
n85	n88	25.2	0.733	25
n85	n135	29.6	0.733	25
n85	n126	55.6	2.13	23
n85	n125	28.6	2.79	23
n85	n86	20.9	6.21	22
n85	n122	32.7	8.11	21
n86	n89	59.1	6.83e-98	347
n86	n87	43.1	1.82e-58	216
n86	n88	45.7	2.01e-57	213
n86	n90	26.6	6.12e-14	68
n86	n133	24.3	0.000197	37
n86	n138	23.3	0.0702	28
n86	n96	28.6	1.73	23
n86	n131	21.8	2.95	23
n87	n88	44.1	2.66e-60	222
n87	n89	41.2	5.92e-60	221
n87	n90	27.9	8.37e-14	68
n87	n120	24.2	0.000353	36
n87	n108	27.5	0.00869	31
n87	n110	28.6	0.0253	30
n87	n144	26.4	0.125	27
n87	n121	29.2	0.279	26
n87	n142	27.5	0.279	26
n87	n119	27.1	0.477	25
n87	n137	25.4	1.06	24
n87	n125	50.0	3.09	23
n87	n186	25.5	4.04	22
n87	n183	33.3	4.04	22
n87	n212	38.6	5.27	22
n87	n194	26.1	5.27	22
n87	n149	37.8	5.27	22
n88	n89	43.1	2.15e-54	203
n88	n90	29.1	4.68e-17	79
n88	n127	23.0	0.00225	33
n88	n189	37.1	0.614	25
n88	n183	26.5	1.05	24
n88	n168	26.5	1.05	24
n88	n119	20.0	3.98	22
n88	n136	29.8	3.98	22
n89	n90	28.1	9.02e-14	68
n89	n135	25.0	0.176	27
n89	n96	29.9	0.513	25
n89	n127	24.3	1.95	23
n90	n108	25.2	0.0134	30
n90	n127	31.0	0.329	26
n90	n134	21.6	0.562	25
n90	n169	37.8	0.958	24
n90	n118	21.5	1.63	23
n90	n125	48.0	6.21	22
n90	n100	58.3	8.11	21
n91	n92	43.3	3.01e-75	272
n91	n95	49.5	1.04e-67	247
n91	n94	48.7	6.73e-67	245
n91	n93	33.5	1.01e-46	178
n91	n211	28.0	0.288	27
n91	n141	26.4	0.376	26
n91	n113	34.3	0.642	25
n91	n118	22.9	0.838	25
n91	n99	27.3	0.838	25
n91	n107	47.4	5.43	22
n91	n194	27.3	7.09	22
n92	n95	60.6	2.95e-91	325
n92	n94	59.9	2.5e-90	322
n92	n93	34.4	2.22e-46	176
n92	n123	24.2	0.0437	29
n92	n108	26.8	0.484	26
n92	n165	25.0	1.84	24
n92	n164	22.4	2.4	23
n92	n161	22.4	2.4	23
n92	n162	22.3	3.13	23
n93	n95	37.1	4.53e-39	152
n93	n94	36.7	1.72e-38	150
n93	n105	23.2	0.64	25
n93	n114	34.0	0.836	25
n93	n154	26.4	1.86	24
n93	n118	42.3	9.24	22
n94	n95	98.1	1.99e-150	522
n94	n111	28.3	0.00479	32
n94	n169	29.3	0.154	27
n94	n194	24.7	3.8	22
n95	n111	28.3	0.00479	32
n95	n186	24.3	0.053	28
n95	n193	26.1	0.0692	28
n95	n169	27.5	0.118	27
n95	n181	22.8	0.263	26
n95	n187	20.2	0.448	25
n95	n126	26.1	0.448	25
n95	n188	21.7	0.765	25
n95	n194	23.7	2.23	23
n95	n127	26.2	6.47	22
n96	n97	30.2	5.94e-12	62
n96	n130	27.3	2.58e-07	46
n96	n169	25.3	7.51e-07	45
n96	n168	26.9	5.38e-05	39
n96	n124	37.5	0.00012	37
n96	n131	29.2	0.000595	35
n96	n123	27.4	0.00504	32
n96	n105	34.0	0.0191	30
n96	n98	32.2	0.0327	29
n96	n135	23.3	0.0427	29
n96	n134	24.5	1.79	23
n96	n108	45.2	3.06	23
n96	n100	47.6	6.81	22
n97	n130	23.0	2.35e-10	56
n97	n98	33.3	2.35e-10	56
n97	n131	27.6	1.68e-08	50
n97	n169	27.0	2.27e-05	40
n97	n135	21.0	0.000192	37
n97	n138	25.3	0.000328	36
n97	n120	24.3	0.000731	35
n97	n113	31.0	0.00278	33
n97	n131	23.0	0.00808	31
n97	n121	18.6	0.0138	30
n97	n119	17.8	0.0401	29
n97	n117	25.6	0.0684	28
n97	n115	40.6	0.152	27
n97	n118	60.0	0.26	26
n97	n114	23.7	0.26	26
n97	n116	34.0	0.339	26
n97	n167	23.5	0.756	25
n97	n166	23.5	0.756	25
n97	n113	45.5	1.68	23
n97	n206	61.5	6.4	22
n98	n135	38.3	0.00491	32
n98	n128	29.4	0.0109	31
n98	n134	27.8	0.0543	28
n98	n203	30.3	1.34	24
n98	n136	50.0	1.34	24
n98	n189	24.1	5.09	22
n99	n111	41.8	1.44e-106	377
n99	n103	36.5	4.52e-76	275
n99	n109	35.5	1.97e-71	260
n99	n101	33.2	2.11e-65	240
n99	n102	35.3	3.72e-62	229
n99	n108	31.7	2.58e-55	206
n99	n110	31.3	5.75e-55	205
n99	n104	34.8	1.79e-40	157
n99	n106	30.5	1.25e-09	55
n99	n107	31.7	2.79e-09	54
n99	n105	26.8	4.18e-05	40
n100	n107	32.5	6.3e-26	108
n100	n106	29.5	5.52e-22	95
n100	n108	28.9	2.11e-05	40
n100	n102	29.7	0.000519	35
n100	n101	26.5	0.000885	35
n100	n110	28.4	0.108	28
n100	n126	25.9	0.315	26
n100	n109	24.7	0.315	26
n100	n196	24.2	1.2	24
n100	n125	37.5	2.04	23
n100	n171	39.3	5.93	22
n100	n165	33.3	7.75	22
n101	n111	34.9	9.71e-69	251
n101	n109	29.6	2.94e-49	186
n101	n110	29.8	1.61e-47	181
n101	n103	28.2	2.33e-46	177
n101	n108	35.3	8.32e-28	115
n101	n104	26.0	4.13e-27	113
n101	n102	32.6	2.26e-25	107
n101	n105	22.4	0.00709	32
n102	n103	37.2	8.09e-74	268
n102	n109	34.5	5.44e-62	229
n102	n111	29.8	8.7e-52	195
n102	n104	29.1	1.76e-44	171
n102	n110	34.7	9.03e-41	158
n102	n108	28.5	3.55e-37	146
n102	n106	27.9	1.19e-08	52
n102	n107	23.2	3.58e-05	40
n102	n163	32.6	5.92	23
n103	n109	36.9	2.54e-76	277
n103	n111	35.4	4.2e-71	259
n103	n110	31.4	1.31e-56	211
n103	n108	31.8	6.33e-43	166
n103	n104	28.6	2.75e-38	150
n103	n106	31.9	8.63e-08	49
n103	n107	26.3	4.73e-06	43
n103	n129	27.1	0.000152	38
n103	n126	26.1	0.459	27
n103	n128	42.4	8.65	22
n104	n109	31.9	2.46e-38	150
n104	n111	32.7	4.65e-37	146
n104	n110	36.6	1.6e-29	121
n104	n108	32.0	4.08e-25	106
n104	n106	26.0	2.25e-07	47
n104	n107	24.6	3.25e-06	44
n104	n111	41.9	0.241	27
n105	n107	30.8	2.43e-08	50
n105	n106	30.5	4.59e-07	45
n105	n128	40.8	0.00181	33
n105	n127	21.9	0.00308	33
n105	n110	24.6	0.0117	31
n105	n111	23.8	0.0153	30
n105	n168	50.0	1.1	24
n105	n130	26.1	1.43	24
n105	n122	27.8	1.43	24
n105	n184	25.0	3.19	23
n106	n107	58.1	1.86e-107	379
n106	n108	29.1	1.09e-14	71
n106	n109	31.0	1.92e-11	60
n106	n110	27.3	3.06e-09	53
n106	n111	29.2	1.52e-08	50
n106	n111	39.5	0.0277	30
n106	n149	42.3	1.52	24
n106	n108	27.1	4.43	22
n107	n108	37.3	1.94e-11	60
n107	n111	26.6	5.29e-09	52
n107	n109	27.0	5.85e-08	49
n107	n110	27.0	1.22e-05	41
n107	n129	24.6	0.107	28
n107	n162	28.4	2.01	23
n107	n210	32.7	3.44	23
n107	n108	34.2	3.44	23
n107	n175	29.9	4.49	22
n107	n193	40.0	5.86	22
n107	n186	40.0	5.86	22
n107	n211	37.0	7.65	22
n107	n196	27.8	7.65	22
n108	n111	31.9	2.6e-57	213
n108	n109	32.6	1.81e-50	190
n108	n110	38.3	8.71e-37	145
n108	n110	26.9	1.77e-05	41
n108	n127	32.8	0.0408	30
n108	n122	38.2	0.451	26
n108	n197	34.0	0.77	25
n108	n123	33.9	0.77	25
n108	n196	25.0	2.93	23
n108	n176	38.5	4.99	23
n108	n202	31.4	8.51	22
n109	n111	35.7	2.12e-77	280
n109	n110	34.9	4.28e-70	256
n109	n207	24.1	0.423	27
n109	n147	22.5	1.23	25
n109	n170	61.5	7.97	22
n110	n111	32.8	2.5e-61	226
n110	n170	33.3	9.36	22
n110	n127	29.6	9.36	22
n111	n170	50.0	9.05	22
n112	n152	24.8	0.241	27
n112	n139	30.9	2.04	24
n113	n117	55.5	6.36e-125	438
n113	n118	49.4	5.41e-108	381
n113	n115	50.4	8.63e-106	374
n113	n116	49.6	1.13e-105	374
n113	n114	46.6	8.36e-101	357
n113	n161	23.5	1.73e-05	41
n113	n164	23.1	8.6e-05	39
n113	n119	21.6	0.00805	32
n113	n121	21.5	0.0522	29
n113	n120	23.9	0.0522	29
n113	n163	20.3	0.152	28
n113	n157	20.9	1.68	24
n113	n134	42.1	6.38	22
n114	n117	50.8	2.54e-109	386
n114	n115	48.1	6.05e-103	364
n114	n116	48.1	1.49e-101	360
n114	n118	43.0	3.94e-86	309
n114	n121	26.7	0.00245	33
n114	n119	24.0	0.0032	33
n114	n130	32.7	0.134	28
n114	n120	31.1	0.134	28
n114	n212	25.4	0.299	27
n114	n163	29.4	7.37	22
n115	n116	95.2	1.18e-245	839
n115	n117	49.1	3.34e-107	379
n115	n118	43.1	2.57e-99	352
n115	n161	33.3	0.0292	30
n115	n164	33.3	0.0292	30
n115	n119	30.5	0.0292	30
n115	n121	30.5	0.0497	29
n115	n120	24.2	0.065	29
n115	n119	30.4	0.938	25
n115	n121	30.4	0.938	25
n115	n163	42.9	1.6	24
n116	n117	48.9	1.46e-107	380
n116	n118	46.0	3.72e-103	365
n116	n121	26.6	0.0484	29
n116	n119	27.1	0.0484	29
n116	n120	28.8	0.313	27
n116	n164	30.2	0.535	26
n116	n161	30.2	0.535	26
n116	n163	42.9	1.56	24
n116	n119	31.8	1.56	24
n116	n121	31.8	1.56	24
n116	n157	44.8	4.53	23
n117	n118	48.0	3.23e-104	369
n117	n119	24.2	0.00935	32
n117	n121	23.8	0.0122	31
n117	n120	26.0	0.0606	29
n117	n167	22.0	0.176	27
n117	n166	22.0	0.176	27
n117	n120	45.8	9.67	22
n118	n119	25.1	0.000135	38
n118	n121	24.6	0.0015	34
n118	n166	25.0	0.0127	31
n118	n167	25.0	0.0127	31
n118	n120	30.2	0.14	28
n118	n162	24.7	0.312	27
n118	n120	39.3	0.532	26
n118	n130	24.8	0.908	25
n118	n163	29.8	2.02	24
n118	n167	32.7	4.5	23
n118	n166	32.7	4.5	23
n118	n212	24.1	5.88	22
n118	n165	41.4	5.88	22
n119	n121	95.3	3.35e-116	408
n119	n120	46.9	7.63e-44	167
n119	n132	27.2	1.96e-07	46
n119	n207	26.0	0.123	27
n119	n167	41.9	0.274	26
n119	n166	41.9	0.274	26
n119	n206	25.0	8.83	21
n120	n121	46.2	6.45e-45	171
n120	n132	29.4	7.45e-09	51
n120	n167	22.4	0.0178	30
n120	n166	22.4	0.0178	30
n120	n181	28.1	2.84	22
n121	n132	27.2	1.96e-07	46
n121	n167	24.2	0.019	30
n121	n166	24.2	0.0324	29
n121	n130	36.1	6.76	21
n122	n127	24.0	1.81e-07	47
n122	n126	22.4	0.000713	35
n122	n125	26.0	0.00159	34
n122	n128	32.8	0.0391	29
n122	n126	21.7	0.0667	28
n122	n142	30.2	0.964	25
n122	n144	27.9	2.15	23
n122	n138	40.7	2.15	23
n122	n124	23.3	2.15	23
n122	n129	36.0	3.66	23
n122	n141	36.0	4.78	22
n123	n124	45.4	1.93e-163	566
n123	n160	21.4	0.322	27
n123	n178	25.6	1.22	25
n123	n179	25.0	3.56	24
n123	n137	35.6	3.56	24
n123	n128	38.5	3.56	24
n123	n194	42.3	6.07	23
n124	n127	23.5	0.0372	30
n124	n126	22.8	0.411	27
n124	n164	43.8	0.537	27
n124	n161	43.8	0.537	27
n124	n209	51.9	2.67	24
n124	n181	28.0	2.67	24
n124	n185	54.5	4.55	23
n125	n129	27.2	6.39e-21	92
n125	n127	24.6	2.97e-18	84
n125	n128	28.5	1.06e-15	75
n125	n126	23.3	2.69e-11	60
n125	n126	22.5	0.000928	35
n125	n134	34.5	0.113	28
n125	n137	24.6	0.148	28
n125	n209	38.1	1.64	25
n125	n130	26.9	2.14	24
n125	n188	26.9	2.79	24
n125	n187	26.9	2.79	24
n125	n194	38.3	3.65	23
n125	n127	22.6	8.13	22
n126	n127	31.0	1.56e-44	171
n126	n129	25.9	6.18e-17	79
n126	n128	25.8	2.59e-15	74
n126	n154	26.2	0.163	28
n126	n137	26.2	0.475	27
n126	n179	29.2	1.06	25
n126	n178	29.2	1.06	25
n126	n185	33.3	3.08	24
n126	n198	23.6	5.25	23
n127	n128	26.7	4.99e-10	56
n127	n129	22.3	6.51e-10	55
n127	n141	23.5	0.145	28
n127	n142	25.4	0.145	28
n127	n198	23.3	0.324	27
n127	n128	47.1	0.423	26
n127	n132	31.0	1.61	24
n127	n200	27.9	2.1	24
n127	n183	42.9	4.68	23
n128	n129	34.2	2.7e-41	159
n128	n134	27.9	0.00498	32
n128	n138	26.1	0.0247	30
n128	n137	22.2	0.123	28
n128	n201	25.4	1.77	24
n128	n154	37.3	3.94	23
n128	n168	25.5	6.73	22
n128	n191	45.5	8.78	22
n128	n183	19.7	8.78	22
n129	n134	26.4	0.00494	32
n129	n181	26.0	0.0713	28
n129	n130	28.3	0.122	28
n129	n174	41.9	2.99	23
n129	n176	29.1	6.67	22
n130	n131	26.0	8.65e-09	51
n130	n166	23.3	0.0784	28
n130	n167	23.3	0.0784	28
n130	n135	32.3	4.3	22
n131	n135	27.1	0.000472	35
n131	n168	37.9	0.00306	33
n132	n204	25.0	2.41	23
n133	n134	32.4	3.16e-12	63
n133	n136	30.6	0.0102	31
n134	n148	26.9	0.202	27
n134	n186	24.0	0.449	26
n134	n137	22.6	0.766	25
n134	n200	27.6	3.8	23
n134	n193	39.3	3.8	23
n134	n183	28.7	3.8	23
n134	n199	37.9	6.49	22
n134	n194	24.0	8.47	22
n135	n138	27.3	2.26e-20	89
n135	n136	24.3	1.85e-06	43
n135	n170	36.4	9.85	21
n136	n138	21.4	4.72	22
n137	n161	25.6	0.0113	30
n137	n164	25.0	0.125	27
n137	n147	21.4	0.363	25
n137	n152	24.7	2.36	23
n137	n150	30.4	6.85	21
n138	n168	37.5	8.08e-05	38
n138	n163	37.5	2.69	23
n138	n186	26.6	3.51	22
n138	n168	25.0	3.51	22
n138	n193	24.1	4.59	22
n138	n201	26.5	7.83	21
n139	n149	62.7	1.52e-67	246
n139	n140	62.4	4.15e-65	238
n139	n151	55.8	8.94e-60	220
n139	n143	55.3	2.6e-59	218
n139	n148	54.0	7.09e-57	210
n139	n154	50.0	4.92e-50	188
n139	n150	50.3	1.13e-46	176
n139	n147	31.7	1.82e-20	89
n139	n153	32.4	3.56e-16	75
n139	n146	32.4	3.56e-16	75
n139	n152	29.9	4.35e-14	68
n139	n145	30.2	2.39e-12	62
n139	n142	31.0	2.23e-10	56
n139	n144	30.3	1.45e-09	53
n139	n155	29.0	5.5e-09	51
n139	n141	29.3	1.23e-08	50
n139	n194	24.5	0.552	25
n139	n190	33.3	1.23	23
n139	n190	38.5	4.67	22
n139	n181	37.5	7.96	21
n140	n151	57.7	4.84e-73	264
n140	n143	57.7	6.32e-73	264
n140	n148	57.5	3.83e-70	255
n140	n149	53.8	1.15e-66	243
n140	n154	47.8	3.99e-51	191
n140	n150	46.2	7.28e-45	171
n140	n147	32.9	5.8e-26	108
n140	n153	27.4	1.48e-13	67
n140	n146	27.4	1.48e-13	67
n140	n142	28.2	1.93e-13	66
n140	n152	30.3	1.64e-12	63
n140	n144	26.9	5.27e-11	58
n140	n145	21.9	2.53e-05	39
n140	n141	23.1	0.000126	37
n140	n155	26.3	0.645	25
n140	n160	29.3	3.2	22
n140	n156	40.9	3.2	22
n140	n196	32.0	4.18	22
n141	n142	64.5	6.71e-83	297
n141	n144	61.6	1.07e-80	290
n141	n155	62.8	2.31e-75	272
n141	n145	57.3	2.74e-68	248
n141	n153	32.5	2.77e-20	89
n141	n146	32.5	2.77e-20	89
n141	n152	33.0	1.21e-15	74
n141	n154	27.8	6.85e-11	58
n141	n147	23.3	7.84e-07	44
n141	n143	26.4	2.28e-06	43
n141	n151	25.8	5.08e-06	42
n141	n149	28.1	6.63e-06	41
n141	n150	27.6	1.48e-05	40
n141	n148	22.0	0.00402	32
n141	n198	29.3	5.44	22
n141	n181	27.5	7.1	21
n142	n144	93.3	2.94e-129	451
n142	n145	54.7	1.39e-70	256
n142	n155	54.3	1.06e-62	230
n142	n152	33.7	4.38e-16	75
n142	n153	29.1	2.18e-15	73
n142	n146	29.1	2.18e-15	73
n142	n154	27.6	5.55e-11	58
n142	n149	27.6	1.61e-10	57
n142	n143	26.7	1.78e-09	53
n142	n151	26.2	5.19e-09	52
n142	n150	28.4	8.85e-09	51
n142	n148	24.6	1.51e-08	50
n142	n147	23.9	1.67e-07	47
n142	n168	25.5	0.0803	28
n143	n151	98.3	4.08e-128	447
n143	n148	77.1	4.4e-98	347
n143	n149	49.6	1.02e-62	230
n143	n154	45.9	1.06e-51	193
n143	n150	49.3	4.04e-51	191
n143	n147	32.7	1.31e-25	107
n143	n153	25.7	3.95e-14	69
n143	n146	25.7	3.95e-14	69
n143	n152	25.1	7.71e-10	54
n143	n144	25.7	1.45e-08	50
n143	n145	24.4	1.9e-08	50
n143	n155	26.0	0.00108	34
n143	n200	31.1	0.172	27
n143	n192	25.8	0.383	25
n144	n145	57.3	2.99e-73	265
n144	n155	54.8	3.66e-63	231
n144	n152	31.8	9.77e-16	74
n144	n153	29.2	2.18e-15	73
n144	n146	29.2	2.18e-15	73
n144	n154	27.2	1.61e-10	57
n144	n149	26.9	1.37e-09	54
n144	n147	24.1	1.16e-08	50
n144	n151	25.3	4.39e-08	49
n144	n148	23.5	1.28e-07	47
n144	n150	25.7	2.41e-06	43
n144	n199	20.7	0.0471	28
n144	n209	30.0	5.75	22
n145	n155	58.9	3.92e-67	245
n145	n153	30.1	1.08e-16	77
n145	n146	30.1	1.08e-16	77
n145	n152	29.7	5.93e-15	71
n145	n154	30.1	3.26e-13	65
n145	n147	25.8	9.8e-10	54
n145	n151	25.0	1.42e-08	50
n145	n150	28.0	3.15e-08	49
n145	n149	29.7	2.26e-06	43
n145	n148	22.4	3.26e-05	39
n146	n153	100.0	5.93e-121	423
n146	n152	44.2	1.04e-40	157
n146	n147	32.6	7.96e-25	104
n146	n155	30.8	4.68e-17	78
n146	n154	29.0	1.15e-15	74
n146	n148	26.7	1.27e-14	70
n146	n151	25.7	8.26e-14	67
n146	n150	27.7	2.66e-12	62
n146	n149	26.0	3.25e-10	55
n146	n183	27.1	8.87	21
n147	n154	32.7	8.84e-26	107
n147	n153	32.6	7.48e-25	104
n147	n151	31.9	1.67e-24	103
n147	n148	30.6	2.04e-22	96
n147	n149	30.9	7.75e-22	94
n147	n152	32.2	1.12e-20	90
n147	n150	29.4	2.11e-19	86
n147	n155	26.4	3.38e-09	52
n147	n181	28.8	8.33	21
n148	n151	76.2	4.87e-97	344
n148	n149	48.7	3.09e-59	218
n148	n154	47.8	6.89e-51	191
n148	n150	47.1	7.13e-48	181
n148	n153	26.7	1.36e-14	70
n148	n152	25.3	4.09e-11	59
n148	n155	25.2	0.0156	30
n148	n198	33.8	0.294	26
n149	n151	49.2	4.01e-62	228
n149	n154	43.7	3.9e-49	185
n149	n150	44.3	2.52e-48	182
n149	n152	27.8	1.23e-10	57
n149	n153	26.0	3.56e-10	55
n149	n155	27.7	0.000651	35
n150	n154	51.9	9.51e-55	203
n150	n151	50.7	1.68e-51	193
n150	n153	27.7	2.62e-12	62
n150	n152	24.7	1.44e-10	57
n150	n155	30.3	5.65e-07	45
n150	n184	52.9	8.74	21
n151	n154	45.4	2.37e-51	192
n151	n153	25.7	8.8e-14	67
n151	n152	24.7	1.72e-09	53
n151	n155	26.0	0.000825	34
n151	n200	25.3	0.172	27
n151	n192	28.0	0.383	25
n152	n153	44.2	8.92e-41	157
n152	n155	32.6	1.69e-15	73
n152	n154	30.3	4.93e-15	71
n152	n163	30.7	3.43	22
n153	n155	30.8	4.68e-17	78
n153	n154	29.0	1.15e-15	74
n153	n183	27.1	8.87	21
n154	n155	26.3	2.38e-08	49
n154	n194	25.5	0.368	25
n154	n182	26.9	1.07	24
n154	n191	29.6	1.4	23
n154	n190	29.2	1.4	23
n154	n168	33.3	1.4	23
n154	n189	23.5	3.12	22
n154	n193	50.0	9.07	21
n155	n197	22.9	2.4	23
n155	n189	53.8	9.11	21
n156	n159	47.7	3.73e-108	382
n156	n158	47.1	5.6e-88	315
n156	n157	44.1	1.38e-86	310
n156	n160	39.9	4.35e-40	156
n156	n160	42.9	0.0211	30
n156	n180	34.6	1.97	24
n156	n179	34.6	1.97	24
n156	n178	34.6	1.97	24
n157	n159	56.0	1.99e-133	466
n157	n160	63.1	4.07e-78	282
n157	n158	39.9	2.56e-72	263
n157	n160	69.6	2.69e-05	40
n157	n183	27.4	0.236	27
n157	n204	37.8	3.41	23
n158	n159	41.3	1.56e-90	323
n158	n160	40.6	3.9e-41	159
n158	n160	53.1	0.00111	35
n159	n160	50.0	4.16e-62	229
n159	n160	70.0	0.000675	35
n159	n180	35.8	2.65	23
n159	n179	35.8	2.65	23
n160	n204	31.6	0.183	27
n160	n183	29.5	0.313	26
n161	n164	99.4	0	1241
n161	n162	48.1	3.9e-125	439
n161	n163	67.9	6.26e-99	352
n161	n165	34.7	8.51e-80	288
n161	n163	74.1	1.02e-32	132
n161	n163	32.9	8.07e-30	122
n161	n162	32.9	0.00221	34
n162	n165	79.0	6.09e-250	853
n162	n164	48.1	1.78e-124	436
n162	n163	33.9	8.72e-47	178
n162	n164	32.9	0.00203	34
n162	n209	64.3	4.69	23
n163	n164	67.9	2.68e-99	352
n163	n165	51.0	2.37e-71	260
n163	n164	74.1	7.45e-33	132
n163	n164	30.6	6.99e-23	99
n163	n165	31.2	4.53e-22	96
n163	n164	21.5	0.0399	30
n163	n165	37.5	0.0888	28
n164	n165	34.6	1.23e-78	284
n165	n182	21.1	0.00201	34
n165	n209	33.9	0.716	26
n166	n167	99.6	4.49e-169	584
n166	n168	26.8	2.42e-05	40
n167	n168	26.8	2.42e-05	40
n168	n169	30.3	0.00786	32
n169	n186	29.4	0.0445	29
n169	n193	28.1	0.0759	28
n169	n190	32.5	1.1	24
n169	n182	27.5	2.44	23
n170	n197	32.6	0.57	25
n170	n206	31.1	1.66	24
n170	n186	30.7	1.66	24
n170	n193	30.8	2.83	23
n170	n192	35.0	6.3	22
n171	n172	25.7	9.65e-21	91
n171	n174	25.3	4.2e-08	49
n171	n197	32.1	7.19	22
n171	n173	22.1	9.39	22
n172	n174	26.9	4.03e-17	79
n172	n173	32.6	0.0624	29
n173	n174	36.4	0.0265	30
n173	n174	31.1	1.9	24
n173	n196	35.0	4.23	23
n175	n176	68.2	5.72e-126	441
n175	n180	56.9	5.58e-97	344
n175	n178	56.6	6.16e-96	341
n175	n179	56.3	1.05e-95	340
n175	n177	50.3	1.52e-86	310
n175	n189	28.6	6.34	22
n176	n180	59.2	2.49e-110	389
n176	n179	58.3	2.33e-108	382
n176	n178	58.9	5.19e-108	381
n176	n177	57.8	1.73e-103	366
n176	n189	26.8	4.68	22
n177	n180	60.2	5.86e-115	404
n177	n178	60.2	6.48e-114	401
n177	n179	59.6	1.89e-113	399
n177	n200	48.1	4.8	22
n178	n179	97.2	1.47e-201	692
n178	n180	95.8	1.16e-198	682
n179	n180	98.6	1.57e-203	698
n181	n182	35.0	6.99e-83	298
n181	n196	34.9	4.29e-40	156
n181	n184	39.9	2.13e-39	154
n181	n183	28.5	3.08e-38	150
n181	n185	35.4	8.38e-36	142
n181	n194	28.4	6.64e-33	132
n181	n193	28.8	7.59e-29	119
n181	n190	39.7	2.89e-28	117
n181	n191	32.9	1.58e-26	111
n181	n195	32.3	2.7e-26	110
n181	n192	38.5	8.69e-25	105
n181	n188	35.4	5.63e-24	102
n181	n193	34.4	1.64e-23	101
n181	n187	35.0	1.64e-23	101
n181	n186	34.1	4.77e-23	99
n181	n189	26.5	3.31e-16	77
n181	n197	32.0	1.64e-15	74
n181	n185	38.8	1.7e-12	64
n181	n184	34.5	3.79e-12	63
n181	n186	23.6	2.3e-09	54
n181	n192	24.0	3.92e-09	53
n181	n196	27.6	1.94e-08	51
n181	n191	23.9	1.26e-07	48
n181	n195	43.2	4.48e-05	40
n181	n190	42.5	0.0208	31
n181	n189	44.8	0.875	25
n181	n209	34.2	1.49	25
n182	n185	33.7	6.32e-36	142
n182	n184	34.8	8.25e-36	142
n182	n196	33.5	1.56e-34	138
n182	n190	36.9	3.14e-27	113
n182	n195	30.0	6.55e-25	106
n182	n191	31.7	9.46e-24	102
n182	n192	30.2	9.46e-24	102
n182	n193	31.1	3.04e-22	97
n182	n183	26.6	3.04e-22	97
n182	n186	31.7	5.19e-22	96
n182	n194	34.1	1.67e-20	91
n182	n188	28.9	1.85e-19	87
n182	n187	28.9	3.15e-19	87
n182	n189	28.0	7.26e-16	75
n182	n197	28.8	2.86e-12	64
n182	n184	27.3	4.87e-12	63
n182	n185	28.7	9.18e-11	59
n182	n194	31.0	2.95e-09	54
n182	n196	27.0	2.5e-08	50
n182	n186	29.6	4.27e-08	50
n182	n193	31.2	4.27e-08	50
n182	n190	27.1	0.00413	33
n182	n195	39.5	0.00705	32
n183	n196	31.8	5.68e-55	205
n183	n184	31.1	2.64e-52	196
n183	n187	31.3	1.15e-47	181
n183	n185	28.2	3.34e-47	179
n183	n188	31.1	4.36e-47	179
n183	n195	27.8	1.5e-39	154
n183	n194	29.6	3.34e-39	153
n183	n193	29.6	1.66e-38	151
n183	n186	29.2	8.23e-38	148
n183	n192	30.3	1.08e-37	148
n183	n191	28.2	1.01e-35	141
n183	n190	30.3	1.9e-34	137
n183	n197	25.9	8.54e-27	112
n183	n189	23.3	1.23e-25	108
n183	n199	50.0	4	23
n184	n185	75.8	4.33e-217	744
n184	n196	32.6	5.18e-61	225
n184	n195	28.4	9.16e-50	188
n184	n188	30.1	7.26e-47	178
n184	n194	29.1	1.67e-43	167
n184	n193	30.1	5.04e-40	156
n184	n186	29.5	8.6e-40	155
n184	n192	27.0	8.05e-38	148
n184	n187	34.5	3.06e-37	146
n184	n190	27.9	7.53e-36	142
n184	n191	33.5	9.86e-28	115
n184	n190	33.6	1.21e-25	108
n184	n189	33.1	1.02e-24	105
n184	n197	25.5	1.86e-18	84
n184	n187	34.0	2.07e-09	54
n184	n191	23.8	1.39e-05	41
n185	n196	30.9	4.1e-58	216
n185	n187	30.8	1.41e-50	191
n185	n188	30.6	7.02e-50	188
n185	n195	28.7	1.01e-48	184
n185	n194	27.6	3.27e-39	153
n185	n186	29.0	9.51e-39	151
n185	n193	29.3	2.77e-38	150
n185	n192	33.6	3.87e-32	129
n185	n191	34.2	5.59e-31	126
n185	n190	33.3	2.59e-28	117
n185	n189	31.7	8.64e-24	102
n185	n197	24.0	5.08e-16	76
n185	n190	25.6	2.79e-06	44
n185	n200	29.8	0.602	26
n186	n193	97.9	3.66e-272	927
n186	n194	48.6	5.35e-114	401
n186	n188	39.5	7.3e-79	285
n186	n187	39.2	3.62e-78	282
n186	n196	31.0	2e-52	197
n186	n196	34.4	2.9e-35	140
n186	n195	26.4	7.91e-33	132
n186	n190	32.6	4.97e-27	112
n186	n192	28.0	2.09e-25	107
n186	n191	26.6	8.77e-24	102
n186	n189	26.8	5.15e-16	76
n186	n197	24.2	1.23e-09	55
n186	n209	28.3	0.123	28
n186	n205	26.9	0.468	26
n187	n188	98.6	4.29e-284	966
n187	n194	39.2	1.46e-82	297
n187	n193	37.9	3.49e-76	276
n187	n196	35.3	2.35e-64	236
n187	n192	29.4	1.13e-42	164
n187	n195	27.7	1.06e-40	158
n187	n191	27.6	1.17e-39	154
n187	n190	30.0	1.17e-39	154
n187	n189	23.2	4.63e-20	89
n187	n197	24.4	3.93e-11	60
n188	n194	39.1	2.04e-84	303
n188	n193	38.5	8.31e-78	281
n188	n196	35.5	1.63e-65	240
n188	n192	29.8	4.6e-44	169
n188	n190	30.2	1.64e-41	161
n188	n195	27.7	4.76e-41	159
n188	n191	27.8	6.22e-41	159
n188	n189	23.7	2.08e-20	91
n188	n197	24.7	1.35e-11	61
n189	n197	32.7	2.26e-84	303
n189	n190	26.4	2.07e-29	121
n189	n195	29.5	7.88e-29	119
n189	n192	31.7	7.38e-27	112
n189	n196	30.8	2.15e-26	111
n189	n191	29.4	2.8e-26	110
n189	n194	23.5	1.39e-17	81
n189	n193	27.5	2.63e-16	77
n189	n195	26.1	0.000302	37
n189	n192	24.1	0.408	27
n189	n205	28.1	5.89	23
n190	n192	52.7	5.4e-121	424
n190	n191	52.4	2.96e-119	419
n190	n195	43.7	5.69e-54	202
n190	n196	32.4	1.08e-44	171
n190	n194	30.3	5.92e-35	139
n190	n193	32.5	3.84e-26	109
n190	n197	30.5	5.74e-22	96
n190	n195	34.2	2.5e-17	80
n191	n192	83.1	2.7e-213	731
n191	n195	34.4	4.35e-70	255
n191	n196	30.7	1.45e-49	187
n191	n196	36.9	4.53e-43	166
n191	n194	28.5	6.78e-31	125
n191	n197	26.7	1.37e-23	101
n191	n193	25.9	1.37e-23	101
n191	n198	52.9	4.74	23
n191	n201	34.1	6.19	22
n192	n195	35.5	2.31e-71	260
n192	n196	31.5	1.72e-50	190
n192	n194	29.3	2.11e-32	130
n192	n193	27.4	2.5e-25	107
n192	n197	29.4	1.42e-20	91
n193	n194	48.2	5.92e-113	398
n193	n196	30.9	8.13e-54	201
n193	n195	26.0	3.93e-32	129
n193	n197	24.4	7.2e-10	55
n193	n205	26.9	0.468	26
n194	n196	34.8	1.36e-53	201
n194	n195	28.6	2.76e-38	150
n194	n197	27.5	4.74e-14	69
n195	n196	37.3	4.24e-42	163
n195	n197	27.0	1.42e-21	94
n195	n196	30.7	1.8e-08	51
n195	n200	25.3	1.06	25
n196	n197	28.0	3.89e-16	76
n196	n209	25.2	0.602	26
n196	n199	48.1	8.7	22
n197	n205	34.2	2.67	24
n198	n199	34.0	8.59e-28	114
n198	n202	35.1	1.17	24
n198	n200	28.6	4.44	22
n199	n200	27.4	7.72e-05	38
n199	n203	47.8	7.48	21
n201	n202	30.4	5.02e-17	79
n202	n206	25.2	0.00363	33
n202	n209	28.9	0.0308	30
n202	n208	30.5	0.444	26
n203	n204	82.6	0	1208
n203	n205	36.8	1.7e-105	374
n204	n205	36.7	2e-114	403
n206	n207	63.5	9.08e-147	510
n206	n210	52.9	3.71e-124	435
n206	n208	51.8	1.19e-122	430
n206	n209	42.8	1.29e-92	330
n207	n210	52.9	1.18e-119	420
n207	n208	50.1	1.1e-109	387
n207	n209	40.2	2.56e-90	322
n208	n210	68.6	2.15e-172	595
n208	n209	46.3	5.75e-109	384
n209	n210	45.7	3.76e-108	382
