v213	v163	25.9	9.93	21
v212	v114	25.4	0.307	27
v212	v004	40.0	2.6	23
v212	v070	34.8	5.8	22
v212	v118	24.1	5.8	22
v212	v087	38.6	7.57	22
v211	v034	30.4	0.115	27
v211	v033	30.4	0.115	27
v211	v091	28.0	0.15	27
v211	v107	37.0	4.84	22
v211	v162	33.3	6.32	21
v211	v036	32.1	8.25	21
v210	v208	68.6	2.15e-172	595
v210	v206	52.9	3.71e-124	435
v210	v207	52.9	1.24e-119	420
v210	v209	45.7	3.73e-108	382
v210	v107	32.7	4.4	23
v210	v186	41.0	9.8	22
v209	v208	46.3	5.8e-109	384
v209	v206	42.8	1.3e-92	330
v209	v207	40.2	2.7e-90	322
v209	v202	28.9	0.0362	30
v209	v186	28.3	0.105	28
v209	v165	33.9	0.523	26
v209	v196	25.2	0.523	26
v209	v125	38.1	1.17	25
v209	v063	43.2	1.17	25
v209	v181	34.2	1.17	25
v209	v124	51.9	1.52	24
v209	v162	64.3	3.39	23
v209	v164	29.5	4.43	23
v209	v161	29.5	4.43	23
v209	v022	28.7	5.78	22
v209	v027	28.7	5.78	22
v209	v144	30.0	9.87	22
v208	v206	51.8	1.19e-122	430
v208	v207	50.1	1.16e-109	387
v208	v202	30.5	0.519	26
v207	v206	63.5	8.65e-147	510
v207	v119	26.0	0.222	27
v207	v109	24.1	0.29	27
v206	v202	25.2	0.00425	33
v206	v170	31.1	1.97	24
v206	v097	61.5	9.8	22
v205	v203	34.8	5.45e-96	342
v205	v204	33.2	5.28e-91	325
v205	v197	34.2	3.29	24
v205	v189	28.1	7.32	23
v204	v203	82.6	0	1208
v204	v160	29.1	0.663	26
v204	v132	25.0	4.3	23
v203	v098	30.3	3.3	24
v202	v201	30.4	3.38e-17	79
v202	v201	32.9	2.97e-05	40
v202	v123	31.9	0.989	25
v202	v198	35.1	1.69	24
v202	v075	32.8	2.88	23
v202	v108	31.4	6.41	22
v202	v048	32.8	8.38	22
v202	v102	30.9	8.38	22
v201	v128	25.4	2.5	24
v201	v191	34.1	7.28	22
v200	v199	27.4	0.000118	38
v200	v066	20.1	0.0936	28
v200	v068	20.5	0.356	26
v200	v005	22.5	0.465	26
v200	v185	29.8	0.465	26
v200	v195	25.3	0.792	25
v200	v127	27.9	1.77	24
v200	v177	48.1	5.14	22
v200	v198	28.6	6.71	22
v200	v123	29.9	6.71	22
v200	v061	23.9	8.76	22
v199	v198	34.0	8.48e-28	114
v199	v004	23.9	0.00324	32
v199	v144	20.3	0.0799	28
v199	v134	37.9	4.39	22
v199	v196	48.1	4.39	22
v199	v033	30.2	5.73	22
v199	v183	46.4	7.48	21
v199	v034	30.2	7.48	21
v198	v081	25.7	0.000865	34
v198	v127	23.3	0.18	27
v198	v148	33.8	0.308	26
v198	v051	43.2	0.685	25
v198	v126	23.6	1.99	23
v198	v191	52.9	2.6	23
v198	v133	24.8	4.44	22
v198	v141	29.3	5.8	22
v198	v189	30.8	9.89	21
v197	v189	32.7	2.28e-84	303
v197	v183	25.9	9.74e-27	112
v197	v191	26.7	1.72e-23	101
v197	v190	30.5	7.23e-22	96
v197	v195	26.6	2.75e-21	94
v197	v192	29.4	1.78e-20	91
v197	v184	25.5	2.18e-18	84
v197	v196	28.0	4.54e-16	76
v197	v185	24.0	5.92e-16	76
v197	v181	32.0	1.72e-15	74
v197	v194	27.5	5.55e-14	69
v197	v182	28.8	3.04e-12	64
v197	v188	24.8	1.51e-11	61
v197	v187	24.5	4.39e-11	60
v197	v193	23.8	1.08e-09	55
v197	v186	23.6	1.85e-09	54
v197	v108	34.0	0.918	25
v197	v061	30.6	0.918	25
v197	v170	32.6	0.918	25
v197	v155	22.9	5.95	23
v196	v188	35.5	1.56e-65	240
v196	v187	34.9	2.25e-64	236
v196	v184	32.6	5.18e-61	225
v196	v185	30.9	4.1e-58	216
v196	v183	31.8	5.55e-55	205
v196	v193	30.9	8.01e-54	201
v196	v194	34.8	1.37e-53	201
v196	v186	31.0	1.97e-52	197
v196	v191	31.0	8.29e-51	191
v196	v192	31.5	1.85e-50	190
v196	v190	32.4	1.16e-44	171
v196	v191	36.9	4.87e-43	166
v196	v195	37.3	4.12e-42	163
v196	v181	34.9	3.86e-40	156
v196	v186	34.4	2.86e-35	140
v196	v182	33.5	1.42e-34	138
v196	v189	30.8	1.86e-26	111
v196	v181	27.6	1.75e-08	51
v196	v195	30.7	1.75e-08	51
v196	v182	27.0	2.28e-08	50
v196	v100	24.2	1.75	24
v196	v108	25.0	2.99	23
v196	v173	35.0	5.1	23
v196	v165	26.2	5.1	23
v195	v190	38.6	3.01e-72	263
v195	v192	35.5	2.55e-71	260
v195	v191	34.4	4.8e-70	255
v195	v184	28.4	9.42e-50	188
v195	v185	28.7	1.04e-48	184
v195	v188	27.7	4.68e-41	159
v195	v187	27.7	1.04e-40	158
v195	v183	27.4	1.51e-39	154
v195	v194	28.6	2.84e-38	150
v195	v186	26.4	8.01e-33	132
v195	v193	26.0	3.97e-32	129
v195	v189	29.5	7.02e-29	119
v195	v181	32.3	2.5e-26	110
v195	v182	30.0	6.15e-25	106
v195	v181	43.2	4.14e-05	40
v195	v189	26.1	0.000268	37
v195	v182	39.5	0.00661	32
v194	v186	48.6	5.26e-114	401
v194	v193	48.2	5.82e-113	398
v194	v188	39.1	1.95e-84	303
v194	v187	39.2	1.4e-82	297
v194	v184	29.1	1.67e-43	167
v194	v183	29.6	3.26e-39	153
v194	v185	27.6	3.26e-39	153
v194	v190	30.3	6.36e-35	139
v194	v181	28.4	5.95e-33	132
v194	v192	29.2	2.96e-32	130
v194	v191	29.0	1.62e-30	124
v194	v182	34.1	1.52e-20	91
v194	v189	24.8	1.57e-17	81
v194	v182	31.0	3.52e-09	53
v194	v081	24.5	0.785	25
v194	v070	32.8	1.03	25
v194	v125	38.3	2.98	23
v194	v123	42.3	3.9	23
v194	v095	23.7	3.9	23
v194	v094	24.7	6.65	22
v194	v041	35.9	8.68	22
v194	v091	27.3	8.68	22
v193	v186	97.9	3.66e-272	927
v193	v188	38.5	8.07e-78	281
v193	v187	37.9	3.39e-76	276
v193	v184	30.1	5.11e-40	156
v193	v183	29.6	1.65e-38	151
v193	v185	29.3	2.81e-38	150
v193	v181	28.8	1.18e-28	118
v193	v190	32.5	4.2e-26	109
v193	v192	27.4	2.72e-25	107
v193	v181	34.4	1.5e-23	101
v193	v191	25.9	1.5e-23	101
v193	v182	31.1	2.82e-22	97
v193	v189	27.5	2.31e-16	77
v193	v182	31.2	3.95e-08	50
v193	v169	28.1	0.123	28
v193	v058	23.8	0.358	27
v193	v025	26.1	0.611	26
v193	v045	25.5	2.32	24
v193	v014	25.5	2.32	24
v193	v170	30.8	3.96	23
v193	v029	32.3	5.17	23
v193	v134	39.3	5.17	23
v193	v023	26.4	6.76	22
v193	v138	24.1	8.83	22
v193	v013	32.3	8.83	22
v193	v107	40.0	8.83	22
v193	v026	32.3	8.83	22
v193	v080	32.3	8.83	22
v192	v191	83.1	2.7e-213	731
v192	v190	52.7	5.41e-121	424
v192	v188	29.8	4.1e-44	169
v192	v187	29.4	1.01e-42	164
v192	v184	27.0	7.48e-38	148
v192	v183	30.3	9.77e-38	148
v192	v185	33.6	3.6e-32	129
v192	v189	31.7	5.94e-27	112
v192	v186	28.1	1.91e-25	107
v192	v181	38.5	7.27e-25	105
v192	v182	30.2	8.03e-24	102
v192	v181	24.0	3.28e-09	53
v192	v189	24.1	0.328	27
v192	v151	28.0	0.732	25
v192	v143	25.8	0.732	25
v192	v079	38.1	4.74	23
v192	v170	35.0	8.09	22
v191	v190	52.4	2.97e-119	419
v191	v188	28.0	5.54e-41	159
v191	v187	27.8	1.04e-39	154
v191	v183	28.2	9.15e-36	141
v191	v185	34.2	5.2e-31	126
v191	v184	33.5	9.17e-28	115
v191	v181	32.9	1.32e-26	111
v191	v189	29.4	2.26e-26	110
v191	v182	31.7	8.03e-24	102
v191	v186	26.6	8.03e-24	102
v191	v181	23.9	1.38e-07	48
v191	v184	23.8	1.29e-05	41
v191	v154	29.4	2.78	23
v191	v079	38.1	4.74	23
v191	v022	45.5	6.19	22
v191	v027	45.5	6.19	22
v190	v188	30.2	1.45e-41	161
v190	v187	30.0	1.04e-39	154
v190	v183	30.3	1.72e-34	137
v190	v189	26.4	1.67e-29	121
v190	v181	39.7	2.41e-28	117
v190	v185	33.3	2.41e-28	117
v190	v182	36.9	2.66e-27	113
v190	v186	32.6	4.54e-27	112
v190	v184	33.6	1.12e-25	108
v190	v184	26.1	7.28e-09	52
v190	v185	26.0	5.22e-07	46
v190	v069	23.3	0.00054	36
v190	v182	27.1	0.0035	33
v190	v181	42.5	0.0174	31
v190	v124	22.5	0.147	28
v190	v169	32.5	1.63	24
v190	v154	29.2	2.77	23
v190	v139	33.3	2.77	23
v189	v183	23.3	1.39e-25	108
v189	v184	33.1	9.02e-25	105
v189	v185	31.7	9.97e-24	102
v189	v188	23.7	2.3e-20	91
v189	v187	23.2	5.12e-20	89
v189	v181	26.4	3.44e-16	77
v189	v186	26.8	5.86e-16	76
v189	v182	28.0	7.65e-16	75
v189	v038	25.0	0.533	26
v189	v181	44.8	0.908	25
v189	v088	37.1	1.19	25
v189	v176	32.6	5.89	23
v189	v154	23.5	7.69	22
v188	v187	98.6	4.29e-284	966
v188	v186	39.5	7.51e-79	285
v188	v183	31.1	4.45e-47	179
v188	v184	30.1	7.58e-47	178
v188	v185	33.3	8.4e-38	148
v188	v181	35.4	5.29e-24	102
v188	v182	28.9	1.76e-19	87
v188	v185	34.9	4.35e-10	56
v188	v095	21.7	1.4	25
v188	v125	26.9	2.39	24
v188	v065	27.1	6.96	22
v187	v186	39.2	3.73e-78	282
v187	v183	31.3	1.17e-47	181
v187	v185	33.3	2.89e-38	150
v187	v184	34.5	3.19e-37	146
v187	v181	35.0	1.54e-23	101
v187	v182	28.9	3e-19	87
v187	v185	35.8	1.49e-10	58
v187	v184	34.0	2.82e-09	54
v187	v095	20.2	0.822	25
v187	v125	26.9	2.39	24
v186	v184	29.5	8.72e-40	155
v186	v185	29.0	9.65e-39	151
v186	v183	29.2	8.17e-38	148
v186	v181	34.1	4.35e-23	99
v186	v182	31.7	4.81e-22	96
v186	v182	29.6	3.95e-08	50
v186	v181	33.0	3.35e-07	47
v186	v169	29.4	0.0722	29
v186	v025	26.6	0.161	28
v186	v045	26.1	0.468	26
v186	v014	26.1	0.468	26
v186	v134	24.0	0.611	26
v186	v058	23.8	1.04	25
v186	v170	30.7	2.32	24
v186	v022	25.4	3.96	23
v186	v027	25.4	3.96	23
v186	v029	32.3	5.17	23
v186	v138	26.6	6.76	22
v186	v087	25.5	6.76	22
v186	v013	32.3	8.83	22
v186	v107	40.0	8.83	22
v186	v080	32.3	8.83	22
v186	v026	32.3	8.83	22
v185	v184	75.8	4.33e-217	744
v185	v183	28.2	3.26e-47	179
v185	v182	33.7	5.77e-36	142
v185	v181	35.4	7.53e-36	142
v185	v181	38.8	1.17e-12	65
v185	v182	28.7	8.39e-11	59
v185	v126	33.3	2.29	24
v185	v124	54.5	2.99	23
v184	v183	31.1	2.58e-52	196
v184	v181	39.9	1.92e-39	154
v184	v182	34.8	7.53e-36	142
v184	v181	34.5	3.4e-12	63
v184	v182	27.3	4.45e-12	63
v184	v007	20.0	1.75	24
v184	v105	25.0	5.1	23
v183	v181	28.5	2.83e-38	150
v183	v182	26.6	4.85e-22	96
v183	v157	27.4	0.277	27
v183	v160	29.5	0.616	26
v183	v127	27.0	0.805	25
v183	v083	29.2	4	23
v183	v134	28.7	5.22	23
v183	v087	33.3	6.81	22
v182	v181	35.0	6.89e-83	298
v182	v165	21.1	0.00142	35
v182	v154	26.9	2.51	24
v182	v169	27.5	4.28	23
v181	v095	22.8	0.513	26
v181	v124	27.2	1.95	24
v180	v179	98.6	1.57e-203	698
v180	v178	95.8	1.16e-198	682
v180	v177	60.2	6.12e-115	404
v180	v176	59.2	2.66e-110	389
v180	v175	56.9	5.75e-97	344
v180	v035	41.0	0.266	27
v180	v159	35.8	1.01	25
v180	v156	34.6	1.72	24
v180	v108	45.0	8.54	22
v179	v178	97.2	1.47e-201	692
v179	v177	59.6	1.97e-113	399
v179	v176	58.3	2.49e-108	382
v179	v175	56.3	1.09e-95	340
v179	v035	41.0	0.266	27
v179	v126	29.2	0.592	25
v179	v159	35.8	1.01	25
v179	v123	25.0	1.72	24
v179	v156	34.6	1.72	24
v179	v108	45.0	8.54	22
v178	v177	60.2	6.77e-114	401
v178	v176	58.9	5.55e-108	381
v178	v175	56.6	6.36e-96	341
v178	v126	29.2	0.592	25
v178	v123	25.6	0.592	25
v178	v035	30.9	1.32	24
v178	v156	34.6	1.72	24
v178	v009	28.9	2.94	23
v178	v159	36.5	3.84	23
v178	v108	45.0	8.54	22
v177	v176	57.8	1.77e-103	366
v177	v175	50.3	1.5e-86	310
v176	v175	68.2	5.52e-126	441
v176	v108	38.5	3.59	23
v176	v129	29.1	6.12	22
v175	v042	26.8	0.197	27
v175	v005	25.7	2.18	23
v175	v024	33.3	2.85	23
v175	v107	28.9	4.85	22
v174	v172	26.9	4.43e-17	79
v174	v171	25.3	4.9e-08	49
v174	v173	25.0	0.00163	34
v174	v129	41.9	3.76	23
v174	v009	30.2	6.42	22
v173	v172	32.6	0.0591	29
v173	v171	22.1	9.43	22
v172	v171	25.7	1.02e-20	91
v171	v100	39.3	7.19	22
v171	v111	37.0	9.39	22
v170	v077	39.3	3.69	23
v170	v109	61.5	4.83	22
v170	v111	50.0	6.3	22
v170	v110	33.3	6.3	22
v169	v096	25.1	1.34e-06	44
v169	v097	27.0	2.52e-05	40
v169	v035	23.7	0.00308	33
v169	v168	28.2	0.00686	32
v169	v003	22.6	0.0261	30
v169	v095	27.5	0.129	27
v169	v094	29.3	0.169	27
v169	v048	25.3	0.839	25
v169	v090	37.8	1.1	24
v169	v065	47.8	5.44	22
v168	v166	26.8	2.89e-05	40
v168	v167	26.8	2.89e-05	40
v168	v096	26.9	6.43e-05	39
v168	v138	37.5	0.00011	38
v168	v039	30.4	0.000711	35
v168	v131	37.9	0.00353	33
v168	v142	25.5	0.114	28
v168	v039	24.2	0.33	26
v168	v047	31.0	0.431	26
v168	v021	31.0	0.431	26
v168	v088	26.5	1.25	24
v168	v105	50.0	1.25	24
v168	v092	25.0	1.25	24
v168	v154	33.3	2.14	23
v168	v016	28.2	3.65	23
v168	v075	31.0	3.65	23
v168	v138	25.0	4.77	22
v168	v004	28.6	6.23	22
v168	v128	25.5	6.23	22
v168	v001	28.6	8.13	22
v167	v166	99.6	4.49e-169	584
v167	v118	25.0	0.0086	31
v167	v120	33.3	0.0728	28
v167	v130	23.3	0.0728	28
v167	v065	25.4	0.124	27
v167	v117	22.0	0.124	27
v167	v121	41.9	0.361	26
v167	v119	41.9	0.361	26
v167	v114	20.5	0.472	25
v167	v097	23.5	0.805	25
v167	v118	32.7	3.06	23
v166	v118	25.0	0.0086	31
v166	v120	33.3	0.0728	28
v166	v130	23.3	0.0728	28
v166	v117	22.0	0.124	27
v166	v065	25.4	0.124	27
v166	v121	41.9	0.361	26
v166	v119	41.9	0.361	26
v166	v114	20.5	0.472	25
v166	v097	23.5	0.805	25
v166	v118	32.7	3.06	23
v165	v162	79.0	6.03e-250	853
v165	v161	35.0	1.19e-80	291
v165	v164	34.4	4.69e-77	279
v165	v163	51.0	2.95e-71	260
v165	v163	31.2	5.63e-22	96
v165	v032	27.6	0.013	32
v165	v163	37.5	0.11	28
v165	v016	20.0	0.246	27
v165	v023	29.1	0.246	27
v165	v045	34.1	0.716	26
v165	v022	24.6	0.716	26
v165	v031	34.1	0.716	26
v165	v027	24.6	0.716	26
v165	v012	34.1	0.716	26
v165	v014	34.1	0.716	26
v165	v081	26.0	0.935	25
v165	v010	27.3	0.935	25
v165	v008	27.3	1.22	25
v165	v025	28.9	1.22	25
v165	v015	27.3	1.22	25
v165	v011	27.3	1.22	25
v165	v044	27.3	1.22	25
v165	v046	27.3	1.22	25
v165	v030	27.3	1.22	25
v165	v029	34.1	1.22	25
v165	v013	27.3	2.08	24
v165	v080	27.3	2.08	24
v165	v092	25.0	2.08	24
v165	v026	27.3	2.08	24
v165	v074	25.9	3.55	23
v165	v038	23.0	4.64	23
v165	v072	23.8	6.06	23
v165	v118	41.4	7.92	22
v164	v161	99.4	0	1241
v164	v162	48.1	1.93e-124	436
v164	v163	67.9	3.67e-99	352
v164	v163	74.1	1.02e-32	132
v164	v163	32.9	8.07e-30	122
v164	v113	23.1	0.000117	39
v164	v162	32.9	0.00221	34
v164	v032	26.7	0.0143	32
v164	v022	22.3	0.0417	30
v164	v027	22.3	0.0417	30
v164	v115	33.3	0.0417	30
v164	v045	24.3	0.0545	30
v164	v014	24.3	0.0545	30
v164	v023	25.3	0.0712	29
v164	v012	24.5	0.093	29
v164	v031	24.5	0.093	29
v164	v016	20.0	0.207	28
v164	v072	19.9	0.353	27
v164	v124	43.8	0.462	27
v164	v116	30.2	0.787	26
v164	v002	27.7	3.91	23
v164	v054	27.7	3.91	23
v164	v092	22.4	3.91	23
v164	v033	22.1	6.67	23
v163	v161	67.9	4.58e-99	352
v163	v162	33.9	6.94e-47	178
v163	v161	74.1	7.45e-33	132
v163	v161	30.6	6.99e-23	99
v163	v162	26.5	3.97e-18	83
v163	v032	24.2	0.0036	33
v163	v161	21.5	0.0399	30
v163	v113	20.3	0.151	28
v163	v072	22.7	0.576	26
v163	v064	28.4	1.28	25
v163	v033	32.8	1.67	24
v163	v115	42.9	1.67	24
v163	v116	42.9	1.67	24
v163	v118	29.8	2.19	24
v163	v138	37.5	4.87	23
v163	v102	32.6	4.87	23
v163	v009	26.1	6.36	22
v163	v081	31.2	6.36	22
v163	v034	39.1	6.36	22
v163	v114	29.4	8.31	22
v162	v161	48.1	3.58e-125	439
v162	v161	32.9	0.00203	34
v162	v118	24.7	0.424	27
v162	v032	37.1	2.75	24
v162	v092	22.3	4.69	23
v162	v023	38.2	8	22
v162	v014	35.3	8	22
v162	v012	35.3	8	22
v162	v025	34.3	8	22
v162	v045	35.3	8	22
v162	v031	35.3	8	22
v162	v029	34.3	8	22
v161	v113	23.5	2.37e-05	41
v161	v137	25.6	0.032	30
v161	v027	21.8	0.0417	30
v161	v115	33.3	0.0417	30
v161	v022	21.8	0.0417	30
v161	v045	23.6	0.0545	30
v161	v032	26.0	0.0545	30
v161	v014	23.6	0.0545	30
v161	v023	25.3	0.0712	29
v161	v012	23.8	0.093	29
v161	v031	23.8	0.093	29
v161	v016	19.6	0.121	28
v161	v072	20.6	0.207	28
v161	v124	43.8	0.462	27
v161	v116	30.2	0.787	26
v161	v092	22.4	3.91	23
v161	v002	30.8	5.1	23
v161	v054	30.8	5.1	23
v160	v157	63.1	2.42e-78	282
v160	v159	50.0	2.43e-62	229
v160	v158	40.6	2.37e-41	159
v160	v156	39.9	2.62e-40	156
v160	v157	69.6	1.6e-05	40
v160	v159	70.0	0.000395	35
v160	v158	53.1	0.000673	35
v160	v156	42.9	0.0127	30
v160	v123	21.4	0.107	27
v160	v140	29.3	3.46	22
v159	v157	56.0	2.02e-133	466
v159	v156	47.7	3.84e-108	382
v159	v158	41.3	1.62e-90	323
v158	v156	47.1	5.56e-88	315
v158	v157	39.9	2.51e-72	263
v158	v029	37.1	9.72	22
v158	v015	37.1	9.72	22
v158	v044	37.1	9.72	22
v158	v080	37.1	9.72	22
v158	v046	37.1	9.72	22
v157	v156	44.1	1.4e-86	310
v157	v113	20.9	1.53	24
v157	v116	44.8	4.45	23
v157	v115	43.5	9.92	22
v156	v140	42.9	2.58	23
v155	v141	62.8	2.27e-75	272
v155	v145	58.9	3.88e-67	245
v155	v144	54.8	3.4e-63	231
v155	v142	54.3	9.89e-63	230
v155	v146	29.3	1.55e-15	73
v155	v153	29.3	1.55e-15	73
v155	v152	32.6	2.02e-15	73
v155	v147	26.4	3.69e-09	52
v155	v139	29.0	6.3e-09	51
v155	v154	26.3	2.39e-08	49
v155	v150	30.3	5.89e-07	45
v155	v149	27.7	0.00061	35
v155	v143	26.0	0.00104	34
v155	v148	25.2	0.015	30
v155	v140	26.3	0.631	25
v155	v151	25.4	0.631	25
v155	v006	32.2	5.34	22
v155	v126	30.0	9.11	21
v154	v150	51.9	9.87e-55	203
v154	v143	45.9	3.51e-52	195
v154	v151	45.4	7.82e-52	194
v154	v148	47.8	6.62e-51	191
v154	v140	47.4	1.47e-50	190
v154	v139	50.0	5.6e-50	188
v154	v149	43.7	1.25e-49	186
v154	v147	32.7	9.63e-26	107
v154	v153	29.0	1.18e-15	74
v154	v146	29.0	1.18e-15	74
v154	v152	30.3	5.85e-15	71
v154	v145	30.1	3.21e-13	65
v154	v142	27.6	5.13e-11	58
v154	v141	28.2	6.7e-11	58
v154	v144	27.2	1.49e-10	57
v154	v126	26.2	0.0568	28
v154	v093	26.4	1.07	24
v154	v128	37.3	2.39	23
v154	v043	38.5	5.32	22
v153	v146	100.0	5.93e-121	423
v153	v152	44.2	1.04e-40	157
v153	v147	32.6	7.96e-25	104
v153	v141	32.5	2.65e-20	89
v153	v145	29.2	9.43e-18	80
v153	v139	32.4	3.96e-16	75
v153	v142	29.1	1.97e-15	73
v153	v144	29.2	1.97e-15	73
v153	v148	26.7	1.27e-14	70
v153	v143	25.7	3.71e-14	69
v153	v151	25.7	8.26e-14	67
v153	v140	27.4	1.41e-13	67
v153	v150	27.7	2.66e-12	62
v153	v149	26.0	3.25e-10	55
v153	v005	24.5	0.0191	30
v153	v020	32.8	0.162	27
v153	v015	24.3	8.87	21
v153	v046	24.3	8.87	21
v153	v044	24.3	8.87	21
v152	v146	44.2	8.92e-41	157
v152	v147	32.2	1.02e-20	90
v152	v142	33.7	3.41e-16	75
v152	v144	31.8	7.6e-16	74
v152	v141	33.0	9.93e-16	74
v152	v145	29.2	4.93e-15	71
v152	v139	29.9	4.17e-14	68
v152	v140	30.3	1.34e-12	63
v152	v148	25.3	3.3e-11	59
v152	v149	27.8	9.61e-11	57
v152	v150	24.7	1.26e-10	57
v152	v143	25.1	6.23e-10	54
v152	v151	24.7	1.39e-09	53
v152	v048	25.5	0.0366	28
v152	v112	24.8	0.107	27
v152	v039	28.6	0.405	25
v152	v089	27.8	0.902	24
v152	v038	30.9	0.902	24
v152	v125	29.7	1.18	23
v152	v137	24.7	2.01	23
v152	v122	23.6	9.97	20
v151	v143	98.3	4.08e-128	447
v151	v148	76.2	4.87e-97	344
v151	v140	57.7	8.36e-73	263
v151	v149	48.7	3.3e-61	225
v151	v139	55.8	1.06e-59	220
v151	v150	50.7	1.81e-51	193
v151	v147	31.9	1.89e-24	103
v151	v146	25.7	8.8e-14	67
v151	v142	26.2	4.99e-09	52
v151	v145	25.0	1.45e-08	50
v151	v144	25.3	4.23e-08	49
v151	v141	25.8	5.17e-06	42
v151	v082	24.3	0.501	25
v151	v072	51.7	0.854	24
v151	v067	50.0	2.48	23
v151	v028	32.6	4.24	22
v151	v074	37.5	5.54	22
v151	v023	39.3	7.23	21
v151	v027	36.7	7.23	21
v151	v022	36.7	7.23	21
v151	v058	29.2	9.44	21
v150	v143	49.3	3.74e-51	191
v150	v149	44.3	2.27e-48	182
v150	v148	47.1	6.6e-48	181
v150	v139	50.3	1.25e-46	176
v150	v140	46.2	6.83e-45	171
v150	v147	29.4	2.21e-19	86
v150	v146	27.7	2.62e-12	62
v150	v142	28.4	7.89e-09	51
v150	v145	29.0	3e-08	49
v150	v144	25.7	2.15e-06	43
v150	v141	27.6	1.39e-05	40
v150	v137	30.4	6.69	21
v150	v134	22.6	8.74	21
v149	v139	62.7	1.86e-67	246
v149	v140	53.8	1.21e-66	243
v149	v143	49.6	1.06e-62	230
v149	v148	48.7	5.42e-59	218
v149	v147	31.1	9.04e-22	94
v149	v142	27.6	1.6e-10	57
v149	v146	26.0	3.56e-10	55
v149	v144	26.9	1.35e-09	54
v149	v141	25.8	2.39e-06	43
v149	v145	29.7	2.39e-06	43
v149	v083	34.3	0.674	25
v149	v106	42.3	1.15	24
v149	v087	37.8	4.37	22
v148	v143	77.1	4.4e-98	347
v148	v140	57.5	3.88e-70	255
v148	v139	54.0	8.4e-57	210
v148	v147	30.6	2.31e-22	96
v148	v146	26.7	1.36e-14	70
v148	v142	24.6	1.45e-08	50
v148	v144	23.5	1.23e-07	47
v148	v141	23.9	5.17e-06	42
v148	v145	22.4	3.35e-05	39
v148	v134	26.9	0.132	27
v148	v082	27.3	0.383	25
v148	v067	28.2	1.9	23
v148	v052	34.8	7.23	21
v148	v053	24.0	7.23	21
v147	v140	32.9	5.18e-26	108
v147	v143	32.7	1.15e-25	107
v147	v146	32.6	7.48e-25	104
v147	v139	31.7	1.91e-20	89
v147	v145	24.9	4.41e-09	52
v147	v144	23.7	1.09e-07	47
v147	v142	27.9	3.16e-07	45
v147	v141	23.3	7.04e-07	44
v147	v137	21.4	0.338	25
v147	v109	22.5	0.442	25
v147	v097	23.2	0.577	25
v147	v071	21.8	1.29	23
v147	v024	37.5	4.89	22
v147	v113	30.0	6.38	21
v147	v110	30.0	8.33	21
v146	v141	32.5	2.65e-20	89
v146	v145	29.2	9.43e-18	80
v146	v139	32.4	3.96e-16	75
v146	v144	29.2	1.97e-15	73
v146	v142	29.1	1.97e-15	73
v146	v143	25.7	3.71e-14	69
v146	v140	27.4	1.41e-13	67
v146	v005	24.5	0.0191	30
v146	v020	32.8	0.162	27
v146	v015	24.3	8.87	21
v146	v046	24.3	8.87	21
v146	v044	24.3	8.87	21
v145	v144	57.3	2.8e-73	265
v145	v142	54.7	1.3e-70	256
v145	v141	57.3	2.71e-68	248
v145	v139	30.2	2.76e-12	62
v145	v143	24.4	1.85e-08	50
v145	v140	21.9	2.5e-05	39
v145	v005	29.3	0.832	24
v145	v077	24.3	7.04	21
v144	v142	93.3	2.94e-129	451
v144	v141	62.1	1.13e-80	290
v144	v140	26.9	5.55e-11	58
v144	v139	30.3	1.78e-09	53
v144	v143	25.7	1.51e-08	50
v144	v087	26.4	0.105	27
v144	v127	25.4	0.105	27
v144	v022	23.8	0.137	27
v144	v027	23.8	0.137	27
v144	v005	26.5	0.887	24
v144	v122	27.9	1.51	23
v144	v081	23.6	2.58	23
v144	v055	52.0	3.37	22
v144	v056	52.0	3.37	22
v143	v140	57.7	1.09e-72	263
v143	v139	55.3	3.09e-59	218
v143	v142	26.7	1.72e-09	53
v143	v141	26.4	2.32e-06	43
v143	v072	51.7	0.854	24
v143	v028	34.9	1.12	24
v143	v058	31.2	2.48	23
v143	v082	23.5	3.25	22
v143	v074	37.5	5.54	22
v143	v022	36.7	7.23	21
v143	v023	39.3	7.23	21
v143	v027	36.7	7.23	21
v142	v141	64.5	7.09e-83	297
v142	v140	28.2	2.04e-13	66
v142	v139	31.0	2.75e-10	56
v142	v027	24.3	0.036	29
v142	v022	24.3	0.036	29
v142	v127	25.4	0.0803	28
v142	v087	27.5	0.234	26
v142	v122	30.2	0.679	25
v142	v005	26.8	0.679	25
v142	v056	52.0	3.37	22
v142	v055	52.0	3.37	22
v142	v081	24.4	7.51	21
v141	v139	29.3	1.43e-08	50
v141	v140	24.8	0.00402	32
v141	v127	23.5	0.0759	28
v141	v091	26.4	0.221	26
v141	v122	34.0	7.1	21
v140	v139	62.4	4.85e-65	238
v140	v058	24.7	1.44	23
v140	v088	26.3	9.32	21
v139	v128	30.2	0.248	26
v139	v112	30.9	0.941	24
v139	v083	24.7	1.23	23
v138	v135	27.3	2.34e-20	89
v138	v065	27.3	1.52e-19	87
v138	v085	25.7	6.17e-13	65
v138	v037	25.0	7.55e-11	58
v138	v049	25.8	1.29e-10	57
v138	v097	25.3	0.000307	36
v138	v059	22.4	0.00579	32
v138	v056	25.7	0.0168	30
v138	v128	26.1	0.0168	30
v138	v033	23.1	0.022	30
v138	v003	27.3	0.022	30
v138	v057	24.8	0.0287	29
v138	v086	23.3	0.064	28
v138	v071	22.7	0.064	28
v138	v035	26.4	0.064	28
v138	v020	27.9	0.0836	28
v138	v034	23.1	0.0836	28
v138	v055	24.8	0.0836	28
v138	v006	26.9	0.0836	28
v138	v133	25.2	0.243	26
v138	v070	35.7	0.542	25
v138	v069	25.5	0.925	24
v138	v034	28.6	1.21	24
v138	v051	34.3	1.21	24
v138	v033	28.6	1.21	24
v138	v021	31.2	1.58	23
v138	v047	31.2	1.58	23
v138	v122	40.7	1.58	23
v138	v040	24.5	1.58	23
v138	v038	37.5	1.58	23
v138	v136	21.6	2.06	23
v138	v084	23.1	3.51	22
v137	v074	25.8	0.00297	32
v137	v083	24.3	0.00662	31
v137	v006	22.6	0.0193	30
v137	v128	22.6	0.0429	28
v137	v125	24.6	0.0561	28
v137	v005	25.3	0.0732	28
v137	v023	22.0	0.125	27
v137	v126	26.2	0.163	27
v137	v049	35.7	0.363	25
v137	v022	23.2	0.363	25
v137	v027	23.2	0.363	25
v137	v134	22.6	0.475	25
v137	v035	38.6	0.62	25
v137	v087	25.4	0.809	24
v137	v123	35.6	1.06	24
v137	v003	36.4	1.38	23
v137	v037	34.5	1.38	23
v137	v039	27.1	1.8	23
v137	v048	33.3	4.02	22
v137	v064	38.5	5.25	22
v137	v100	23.6	6.85	21
v137	v063	25.9	6.85	21
v136	v037	26.9	2.04e-11	60
v136	v039	23.7	2.11e-08	50
v136	v135	24.3	1.98e-06	43
v136	v133	30.6	0.00778	31
v136	v050	30.5	0.0226	30
v136	v049	29.3	0.0226	30
v136	v079	31.6	0.0386	29
v136	v032	38.2	0.086	28
v136	v035	26.4	0.25	26
v136	v057	39.4	0.327	26
v136	v002	36.4	0.327	26
v136	v054	36.4	0.327	26
v136	v056	39.4	0.327	26
v136	v062	35.6	0.327	26
v136	v024	25.9	0.427	25
v136	v042	41.2	0.728	25
v136	v006	37.2	0.728	25
v136	v038	20.2	0.951	24
v136	v098	50.0	1.24	24
v136	v033	45.2	1.24	24
v136	v076	45.2	1.62	23
v136	v034	41.9	1.62	23
v136	v078	24.1	1.62	23
v136	v055	36.4	1.62	23
v136	v084	23.4	1.62	23
v136	v074	38.5	2.12	23
v136	v064	40.0	2.12	23
v136	v073	28.7	2.12	23
v136	v083	33.3	2.77	23
v136	v072	38.7	2.77	23
v136	v022	38.5	3.61	22
v136	v023	38.5	3.61	22
v136	v088	29.8	3.61	22
v136	v027	38.5	3.61	22
v136	v061	41.9	4.72	22
v136	v005	34.9	6.16	22
v136	v020	66.7	6.16	22
v136	v019	41.9	6.16	22
v136	v018	21.7	6.16	22
v136	v003	23.6	8.05	21
v135	v065	25.1	6.79e-17	78
v135	v037	26.6	2.76e-10	56
v135	v049	24.8	1.09e-06	44
v135	v039	22.9	5.39e-06	42
v135	v085	24.7	0.000174	37
v135	v097	20.9	0.000174	37
v135	v005	37.5	0.000296	36
v135	v131	27.1	0.000387	35
v135	v004	40.8	0.00112	34
v135	v073	31.9	0.00251	33
v135	v018	32.8	0.00327	32
v135	v006	37.5	0.00427	32
v135	v098	38.3	0.00427	32
v135	v001	38.3	0.00427	32
v135	v042	34.3	0.00427	32
v135	v078	39.6	0.0124	30
v135	v031	41.7	0.0162	30
v135	v045	41.7	0.0162	30
v135	v029	41.7	0.0162	30
v135	v014	41.7	0.0162	30
v135	v013	41.7	0.0162	30
v135	v080	41.7	0.0162	30
v135	v025	41.7	0.0162	30
v135	v012	41.7	0.0162	30
v135	v053	44.4	0.0212	30
v135	v047	31.9	0.0212	30
v135	v021	31.9	0.0212	30
v135	v075	35.3	0.0277	29
v135	v054	32.1	0.0277	29
v135	v027	37.8	0.0362	29
v135	v022	37.8	0.0362	29
v135	v096	23.3	0.0362	29
v135	v030	37.5	0.0473	28
v135	v026	37.5	0.0473	28
v135	v008	37.5	0.0473	28
v135	v011	37.5	0.0473	28
v135	v074	39.6	0.0473	28
v135	v015	37.5	0.0473	28
v135	v044	37.5	0.0473	28
v135	v046	37.5	0.0473	28
v135	v002	32.1	0.0473	28
v135	v062	35.4	0.0617	28
v135	v010	38.3	0.0617	28
v135	v051	25.7	0.0806	28
v135	v089	25.0	0.137	27
v135	v070	32.1	0.18	27
v135	v072	31.2	0.18	27
v135	v048	30.5	0.18	27
v135	v061	34.0	0.235	26
v135	v068	32.1	0.306	26
v135	v064	35.6	0.4	25
v135	v024	31.2	0.4	25
v135	v016	33.3	0.522	25
v135	v085	29.6	0.682	25
v135	v081	33.3	0.891	24
v135	v060	28.0	0.891	24
v135	v083	34.1	1.52	23
v135	v069	42.3	1.52	23
v135	v056	24.6	1.99	23
v135	v019	30.0	2.59	23
v135	v055	26.2	3.39	22
v135	v130	32.3	3.39	22
v135	v057	26.2	3.39	22
v135	v066	32.7	4.42	22
v134	v133	26.0	3.92e-13	66
v134	v022	25.6	9.03e-10	55
v134	v027	25.6	9.03e-10	55
v134	v023	25.4	3.43e-09	53
v134	v002	27.3	2.22e-08	50
v134	v054	27.3	2.22e-08	50
v134	v025	28.6	4.95e-08	49
v134	v045	28.6	6.47e-08	49
v134	v012	28.6	6.47e-08	49
v134	v031	28.6	6.47e-08	49
v134	v006	24.6	6.47e-08	49
v134	v014	28.6	6.47e-08	49
v134	v074	28.6	8.45e-08	48
v134	v029	28.6	1.1e-07	48
v134	v072	22.9	1.1e-07	48
v134	v062	26.4	1.44e-07	47
v134	v081	27.3	1.44e-07	47
v134	v064	25.4	1.88e-07	47
v134	v056	25.2	3.21e-07	46
v134	v009	28.1	5.48e-07	45
v134	v057	24.5	5.48e-07	45
v134	v028	27.3	7.15e-07	45
v134	v033	28.9	1.22e-06	44
v134	v052	24.8	1.59e-06	44
v134	v055	24.5	1.59e-06	44
v134	v078	27.3	1.59e-06	44
v134	v038	25.7	2.72e-06	43
v134	v053	24.8	2.72e-06	43
v134	v034	30.6	3.55e-06	43
v134	v080	26.8	4.64e-06	42
v134	v026	26.8	4.64e-06	42
v134	v013	26.8	4.64e-06	42
v134	v046	26.8	6.06e-06	42
v134	v030	26.8	6.06e-06	42
v134	v015	26.8	6.06e-06	42
v134	v044	26.8	6.06e-06	42
v134	v011	26.8	6.06e-06	42
v134	v008	26.8	6.06e-06	42
v134	v040	26.8	7.91e-06	42
v134	v010	26.8	2.3e-05	40
v134	v048	25.4	0.000195	37
v134	v037	21.1	0.00126	34
v134	v063	22.7	0.00281	33
v134	v128	27.9	0.0048	32
v134	v129	26.4	0.0048	32
v134	v049	24.6	0.0048	32
v134	v065	26.2	0.0531	29
v134	v125	34.5	0.0693	28
v134	v084	22.8	0.0693	28
v134	v098	27.8	0.0693	28
v134	v003	34.3	0.202	27
v134	v017	29.6	0.449	26
v134	v035	31.4	0.449	26
v134	v090	21.6	0.766	25
v134	v096	24.5	2.23	23
v134	v118	21.1	2.91	23
v134	v113	42.1	4.97	22
v133	v065	26.8	8.04e-08	48
v133	v038	25.3	9.83e-06	41
v133	v061	23.5	2.19e-05	40
v133	v076	26.2	2.86e-05	40
v133	v060	22.5	3.74e-05	39
v133	v062	28.1	4.88e-05	39
v133	v006	21.9	4.88e-05	39
v133	v078	27.3	4.88e-05	39
v133	v081	22.7	6.37e-05	39
v133	v034	24.8	6.37e-05	39
v133	v059	23.8	6.37e-05	39
v133	v071	23.9	6.37e-05	39
v133	v016	27.3	8.32e-05	38
v133	v037	27.7	8.32e-05	38
v133	v028	25.3	8.32e-05	38
v133	v009	24.8	0.000185	37
v133	v086	24.3	0.000242	37
v133	v033	23.6	0.000242	37
v133	v070	23.7	0.000316	36
v133	v066	23.4	0.000413	36
v133	v019	21.4	0.000413	36
v133	v005	23.3	0.000413	36
v133	v007	23.1	0.00054	35
v133	v064	24.6	0.000705	35
v133	v068	24.6	0.00157	34
v133	v028	27.5	0.00157	34
v133	v036	22.8	0.00205	33
v133	v077	23.4	0.00268	33
v133	v058	37.7	0.00457	32
v133	v049	23.5	0.00597	32
v133	v073	30.2	0.00597	32
v133	v021	24.0	0.0102	31
v133	v024	21.7	0.0102	31
v133	v047	24.0	0.0102	31
v133	v056	22.6	0.0133	31
v133	v020	22.2	0.0227	30
v133	v042	21.2	0.0387	29
v133	v073	26.3	0.0505	29
v133	v032	33.3	0.147	27
v133	v083	25.7	0.729	25
v133	v040	39.4	1.62	24
v133	v001	30.0	2.12	23
v133	v069	31.9	2.77	23
v133	v018	26.8	3.62	23
v133	v039	50.0	4.73	22
v133	v041	20.4	6.17	22
v133	v075	28.6	8.06	22
v132	v120	29.4	1.41e-08	51
v132	v119	27.2	4.53e-07	46
v132	v121	27.2	4.53e-07	46
v132	v049	40.7	0.371	26
v132	v103	24.0	0.633	25
v132	v127	31.0	1.41	24
v132	v058	33.3	1.41	24
v132	v069	23.6	3.14	23
v131	v130	24.7	4.87e-09	52
v131	v097	27.6	1.85e-08	50
v131	v096	29.2	0.000616	35
v131	v097	23.0	0.0089	31
v131	v059	21.8	0.638	25
v131	v048	31.7	1.86	23
v131	v086	21.8	3.17	23
v131	v066	28.6	4.13	22
v131	v060	26.2	7.05	22
v131	v071	21.2	7.05	22
v131	v068	28.6	7.05	22
v131	v126	35.7	9.21	21
v131	v051	26.5	9.21	21
v130	v097	23.0	2.69e-10	56
v130	v096	27.3	2.78e-07	46
v130	v039	25.3	0.000376	36
v130	v035	51.3	0.000376	36
v130	v003	48.7	0.00187	33
v130	v114	32.7	0.06	28
v130	v037	29.2	0.0784	28
v130	v129	28.3	0.102	28
v130	v049	26.4	0.228	27
v130	v049	31.4	0.508	25
v130	v118	24.8	0.664	25
v130	v037	27.3	1.13	24
v130	v125	26.9	1.13	24
v130	v105	26.1	1.48	24
v130	v065	42.1	4.3	22
v130	v116	27.6	5.62	22
v130	v124	30.4	5.62	22
v130	v065	24.6	5.62	22
v130	v115	34.5	7.34	22
v130	v121	36.1	9.59	21
v129	v128	34.2	2.68e-41	159
v129	v125	27.2	4.02e-21	92
v129	v126	25.9	3.52e-17	79
v129	v127	22.3	5.44e-10	55
v129	v103	27.1	0.000153	37
v129	v084	25.2	0.0418	29
v129	v107	24.6	0.122	28
v129	v009	23.7	0.207	27
v129	v035	32.1	1.76	24
v129	v122	36.0	3.91	23
v129	v022	37.9	6.67	22
v129	v049	40.0	6.67	22
v129	v027	37.9	6.67	22
v128	v125	28.5	6.69e-16	75
v128	v126	25.8	1.49e-15	74
v128	v127	26.7	4.2e-10	56
v128	v085	29.6	5.32e-05	39
v128	v105	24.9	0.00045	36
v128	v003	24.6	0.00131	34
v128	v035	26.5	0.00223	33
v128	v037	23.5	0.00292	33
v128	v003	53.3	0.00849	32
v128	v083	25.6	0.0111	31
v128	v049	26.3	0.0145	31
v128	v098	29.4	0.0145	31
v128	v035	32.4	0.0145	31
v128	v122	32.8	0.0421	29
v128	v033	26.4	0.123	28
v128	v017	34.4	0.16	27
v128	v127	47.1	0.357	26
v128	v032	37.8	0.608	25
v128	v049	44.4	1.04	25
v128	v123	38.5	1.77	24
v128	v084	39.3	2.31	23
v128	v103	42.4	5.15	22
v128	v037	38.1	5.15	22
v128	v018	34.1	8.78	22
v127	v126	30.5	4.04e-44	169
v127	v125	24.6	2.23e-18	84
v127	v122	24.0	2.32e-07	47
v127	v008	30.6	3.7e-05	40
v127	v015	30.8	4.83e-05	39
v127	v044	30.8	4.83e-05	39
v127	v030	30.8	4.83e-05	39
v127	v042	27.6	4.83e-05	39
v127	v046	30.8	4.83e-05	39
v127	v011	30.8	4.83e-05	39
v127	v083	22.2	6.31e-05	39
v127	v074	25.2	0.000108	38
v127	v010	30.8	0.000108	38
v127	v056	23.0	0.000108	38
v127	v026	30.1	0.000141	38
v127	v080	29.4	0.000697	35
v127	v013	29.4	0.000697	35
v127	v018	24.1	0.000911	35
v127	v042	30.1	0.00155	34
v127	v125	35.0	0.00155	34
v127	v075	22.9	0.00265	33
v127	v055	22.7	0.00265	33
v127	v045	29.4	0.00346	33
v127	v001	19.9	0.00346	33
v127	v014	29.4	0.00346	33
v127	v031	29.4	0.00346	33
v127	v012	29.4	0.00346	33
v127	v016	25.2	0.00346	33
v127	v088	23.0	0.00346	33
v127	v057	25.2	0.00346	33
v127	v070	21.7	0.00452	33
v127	v029	25.8	0.00452	33
v127	v105	21.9	0.00452	33
v127	v126	30.6	0.00452	33
v127	v027	25.9	0.0101	32
v127	v022	25.9	0.0101	32
v127	v023	24.8	0.0101	32
v127	v025	28.6	0.0101	32
v127	v032	23.0	0.0132	31
v127	v072	23.3	0.0132	31
v127	v124	23.5	0.0224	30
v127	v041	24.6	0.0224	30
v127	v019	23.7	0.0224	30
v127	v021	22.1	0.0293	30
v127	v047	22.1	0.0293	30
v127	v108	32.8	0.0383	30
v127	v020	24.9	0.0383	30
v127	v024	25.8	0.05	29
v127	v061	27.2	0.05	29
v127	v062	25.0	0.05	29
v127	v006	22.6	0.0852	28
v127	v054	24.2	0.0852	28
v127	v002	24.2	0.0852	28
v127	v051	23.2	0.0852	28
v127	v069	22.6	0.145	28
v127	v063	19.2	0.324	27
v127	v085	42.1	0.423	26
v127	v073	22.7	0.423	26
v127	v009	27.9	0.722	25
v127	v076	23.1	0.943	25
v127	v034	37.5	1.23	25
v127	v078	28.9	1.23	25
v127	v125	23.8	1.61	24
v127	v060	19.4	2.74	23
v127	v037	40.0	3.58	23
v127	v033	23.6	4.68	23
v127	v007	22.0	4.68	23
v127	v077	21.5	6.11	22
v127	v110	29.6	7.98	22
v126	v125	23.3	2.97e-11	60
v126	v018	25.7	0.0006	36
v126	v122	22.4	0.00134	35
v126	v125	22.2	0.00134	35
v126	v035	25.1	0.00866	32
v126	v042	26.7	0.0193	31
v126	v003	25.7	0.0193	31
v126	v125	34.8	0.0561	30
v126	v050	27.4	0.213	28
v126	v067	27.3	0.213	28
v126	v103	26.1	0.475	27
v126	v056	23.8	0.62	26
v126	v057	23.5	0.62	26
v126	v100	25.9	0.62	26
v126	v037	20.6	0.62	26
v126	v124	25.5	0.81	26
v126	v055	23.8	1.06	25
v126	v040	26.9	1.38	25
v126	v070	33.8	3.08	24
v126	v085	55.6	5.25	23
v126	v124	24.3	5.25	23
v126	v061	39.3	5.25	23
v126	v082	24.4	5.25	23
v126	v125	22.2	6.86	23
v125	v122	26.0	0.0027	34
v125	v075	22.4	0.0298	30
v125	v037	31.8	0.0868	29
v125	v001	23.5	0.0868	29
v125	v049	25.0	0.113	28
v125	v003	28.0	1.64	25
v125	v035	28.0	2.14	24
v125	v100	37.5	3.65	23
v125	v087	50.0	6.22	23
v125	v085	28.6	6.22	23
v124	v123	45.4	1.88e-163	566
v124	v096	37.5	0.000304	37
v124	v032	47.4	0.0486	30
v124	v033	34.0	0.0635	30
v124	v037	34.8	0.108	29
v124	v009	22.5	0.537	27
v124	v040	33.8	0.537	27
v124	v037	48.4	0.537	27
v124	v122	23.3	4.55	23
v123	v096	27.4	0.0131	32
v123	v042	38.3	0.0223	31
v123	v092	24.2	0.0847	29
v123	v021	34.0	0.111	29
v123	v058	36.7	0.111	29
v123	v047	34.0	0.111	29
v123	v035	32.3	0.322	27
v123	v037	31.8	0.42	27
v123	v048	25.7	0.937	26
v123	v108	33.9	1.22	25
v123	v058	35.3	1.22	25
v123	v075	29.2	1.6	25
v123	v001	29.8	2.73	24
v123	v009	32.6	4.65	23
v123	v083	32.7	6.07	23
v123	v028	28.1	7.93	23
v122	v108	38.2	0.331	26
v122	v037	52.2	0.738	25
v122	v083	26.7	0.964	25
v122	v105	27.8	1.64	24
v122	v038	36.7	3.66	23
v121	v119	95.3	3.35e-116	408
v121	v120	46.2	6.9e-45	171
v121	v118	24.6	0.000265	36
v121	v114	26.7	0.00132	33
v121	v072	21.1	0.00224	33
v121	v117	24.3	0.00653	31
v121	v097	18.9	0.00853	31
v121	v113	21.2	0.019	30
v121	v116	26.6	0.0248	29
v121	v032	20.7	0.0248	29
v121	v115	30.5	0.0248	29
v121	v064	20.7	0.0553	28
v121	v062	20.2	0.123	27
v121	v083	23.7	0.123	27
v121	v087	29.2	0.21	26
v121	v006	26.3	0.274	26
v121	v078	22.1	0.358	25
v121	v115	30.4	0.468	25
v121	v052	17.3	0.798	24
v121	v116	31.8	0.798	24
v121	v005	37.0	0.798	24
v121	v081	24.4	0.798	24
v121	v027	33.3	1.04	24
v121	v022	33.3	1.04	24
v121	v023	39.1	1.04	24
v121	v053	18.3	1.04	24
v121	v024	31.2	1.36	23
v121	v015	35.5	1.78	23
v121	v030	35.5	1.78	23
v121	v046	35.5	1.78	23
v121	v008	35.5	1.78	23
v121	v044	35.5	1.78	23
v121	v011	35.5	1.78	23
v121	v073	25.7	2.32	23
v121	v002	17.7	3.03	22
v121	v014	34.8	3.03	22
v121	v012	34.8	3.03	22
v121	v054	17.7	3.03	22
v121	v031	34.8	3.03	22
v121	v033	39.1	3.03	22
v121	v029	19.4	3.03	22
v121	v045	34.8	3.03	22
v121	v075	23.8	3.03	22
v121	v009	19.8	3.96	22
v121	v024	17.1	3.96	22
v121	v074	34.5	3.96	22
v121	v080	32.3	5.17	22
v121	v010	33.3	5.17	22
v121	v016	32.4	5.17	22
v121	v026	32.3	5.17	22
v121	v034	39.1	5.17	22
v121	v013	32.3	5.17	22
v121	v004	28.6	6.76	21
v121	v025	30.4	8.83	21
v120	v119	46.9	7.13e-44	167
v120	v080	25.6	3.46e-06	42
v120	v081	27.9	3.46e-06	42
v120	v072	23.6	4.52e-06	42
v120	v029	24.8	4.52e-06	42
v120	v013	25.6	5.9e-06	41
v120	v026	24.7	7.71e-06	41
v120	v015	24.1	1.72e-05	40
v120	v030	24.1	1.72e-05	40
v120	v046	24.1	1.72e-05	40
v120	v044	24.1	1.72e-05	40
v120	v025	24.8	1.72e-05	40
v120	v011	24.1	1.72e-05	40
v120	v008	24.1	1.72e-05	40
v120	v012	24.2	6.52e-05	38
v120	v064	26.8	6.52e-05	38
v120	v045	24.2	6.52e-05	38
v120	v031	24.2	6.52e-05	38
v120	v032	24.9	6.52e-05	38
v120	v062	26.7	6.52e-05	38
v120	v014	24.2	6.52e-05	38
v120	v069	25.6	0.000111	37
v120	v010	24.2	0.000145	37
v120	v087	24.2	0.000248	36
v120	v052	23.1	0.000423	35
v120	v097	24.3	0.000552	35
v120	v006	24.8	0.000721	34
v120	v023	24.7	0.000721	34
v120	v053	21.8	0.000942	34
v120	v083	22.3	0.00274	32
v120	v022	26.7	0.00358	32
v120	v027	26.7	0.00358	32
v120	v009	27.3	0.00467	32
v120	v074	21.0	0.00467	32
v120	v024	22.0	0.00611	31
v120	v002	24.1	0.0104	30
v120	v054	24.1	0.0104	30
v120	v075	24.4	0.0178	30
v120	v073	27.9	0.0178	30
v120	v005	23.0	0.0178	30
v120	v078	26.1	0.0178	30
v120	v070	24.1	0.0232	29
v120	v113	24.7	0.0232	29
v120	v117	26.0	0.0232	29
v120	v114	31.1	0.0675	28
v120	v118	30.2	0.0675	28
v120	v028	28.1	0.0882	27
v120	v056	23.0	0.115	27
v120	v116	28.8	0.15	27
v120	v057	22.1	0.196	26
v120	v115	28.8	0.196	26
v120	v118	39.3	0.256	26
v120	v055	21.3	0.975	24
v120	v058	21.3	2.17	23
v120	v117	45.8	4.84	22
v120	v003	28.6	6.32	21
v120	v035	28.6	6.32	21
v120	v114	39.3	8.25	21
v119	v118	25.1	2.4e-05	39
v119	v072	21.1	0.00293	32
v119	v113	22.2	0.00383	32
v119	v117	24.2	0.005	32
v119	v032	22.5	0.00653	31
v119	v115	30.5	0.0145	30
v119	v097	18.0	0.0248	29
v119	v116	27.1	0.0248	29
v119	v064	21.6	0.0943	27
v119	v078	27.9	0.161	27
v119	v062	20.2	0.161	27
v119	v083	37.5	0.21	26
v119	v006	26.3	0.274	26
v119	v081	23.3	0.358	25
v119	v087	27.1	0.358	25
v119	v115	30.4	0.468	25
v119	v116	31.8	0.798	24
v119	v005	37.0	0.798	24
v119	v023	39.1	1.04	24
v119	v027	36.0	1.04	24
v119	v052	17.3	1.04	24
v119	v022	36.0	1.04	24
v119	v030	30.0	1.36	23
v119	v008	19.4	1.36	23
v119	v015	30.0	1.36	23
v119	v011	30.0	1.36	23
v119	v044	30.0	1.36	23
v119	v053	18.3	1.36	23
v119	v046	30.0	1.36	23
v119	v024	31.2	1.78	23
v119	v024	18.9	1.78	23
v119	v073	25.2	2.32	23
v119	v014	34.8	3.03	22
v119	v033	39.1	3.03	22
v119	v088	20.0	3.03	22
v119	v012	34.8	3.03	22
v119	v045	34.8	3.03	22
v119	v031	34.8	3.03	22
v119	v009	19.3	3.96	22
v119	v010	27.6	3.96	22
v119	v075	20.9	3.96	22
v119	v002	18.5	3.96	22
v119	v029	19.4	3.96	22
v119	v080	26.7	3.96	22
v119	v026	26.7	3.96	22
v119	v074	34.5	3.96	22
v119	v054	18.5	3.96	22
v119	v013	26.7	3.96	22
v119	v034	39.1	5.17	22
v119	v004	28.6	6.76	21
v119	v016	32.4	6.76	21
v119	v025	30.4	8.83	21
v119	v114	20.8	8.83	21
v118	v113	49.4	4.99e-108	381
v118	v117	48.0	3.35e-104	369
v118	v116	46.0	3.7e-103	365
v118	v115	43.1	2.48e-99	352
v118	v114	43.0	4.11e-86	309
v118	v091	24.6	0.239	27
v118	v097	60.0	0.407	26
v118	v073	25.9	1.55	24
v118	v034	36.7	2.64	23
v118	v026	31.1	5.88	22
v118	v033	36.4	5.88	22
v118	v024	47.1	5.88	22
v118	v074	50.0	5.88	22
v118	v037	40.9	5.88	22
v118	v002	50.0	7.68	22
v118	v019	39.4	7.68	22
v118	v072	50.0	7.68	22
v118	v076	57.1	7.68	22
v118	v069	50.0	7.68	22
v118	v054	50.0	7.68	22
v118	v062	42.9	7.68	22
v117	v113	55.5	5.66e-125	438
v117	v114	50.8	2.55e-109	386
v117	v116	48.9	1.4e-107	380
v117	v115	49.1	3.12e-107	379
v117	v097	25.6	0.103	28
v117	v035	22.0	4.34	23
v117	v019	40.7	7.41	22
v117	v007	37.0	7.41	22
v117	v061	40.7	7.41	22
v117	v077	37.0	7.41	22
v116	v115	95.2	1.15e-245	839
v116	v113	49.6	1.05e-105	374
v116	v114	48.1	1.56e-101	360
v116	v020	27.3	0.0632	29
v116	v097	34.0	0.535	26
v116	v054	61.5	1.56	24
v116	v002	61.5	1.56	24
v116	v073	61.5	1.56	24
v116	v024	61.5	1.56	24
v116	v072	28.6	2.03	24
v116	v061	43.3	2.03	24
v116	v051	23.1	2.65	23
v116	v061	27.5	5.91	22
v116	v034	43.3	5.91	22
v116	v063	28.3	7.72	22
v115	v113	50.4	8.23e-106	374
v115	v114	48.1	6.52e-103	364
v115	v020	29.5	0.0223	30
v115	v097	40.6	0.247	27
v115	v054	61.5	1.6	24
v115	v024	61.5	1.6	24
v115	v073	61.5	1.6	24
v115	v002	61.5	1.6	24
v115	v061	43.3	2.09	24
v115	v063	25.0	2.73	23
v115	v034	32.7	3.57	23
v115	v072	27.6	7.94	22
v114	v113	46.6	7.4e-101	357
v114	v097	23.7	0.391	26
v114	v038	21.6	0.871	25
v114	v093	34.0	0.871	25
v114	v019	41.7	9.63	22
v114	v037	50.0	9.63	22
v113	v097	31.0	0.00472	33
v113	v091	26.4	0.577	26
v113	v074	22.9	1.28	25
v113	v034	25.6	1.28	25
v113	v033	27.1	1.28	25
v113	v054	26.8	2.19	24
v113	v002	26.8	2.19	24
v113	v097	45.5	2.86	23
v113	v027	37.0	4.88	23
v113	v023	23.1	4.88	23
v113	v022	37.0	4.88	23
v113	v078	25.6	6.38	22
v113	v024	50.0	8.33	22
v113	v073	50.0	8.33	22
v113	v072	58.3	8.33	22
v113	v061	35.7	8.33	22
v112	v017	29.1	0.000678	35
v112	v003	25.2	4.55	23
v111	v099	41.8	1.45e-106	377
v111	v109	35.7	1.84e-77	280
v111	v103	35.3	3.37e-71	259
v111	v101	34.9	9.17e-69	251
v111	v110	32.8	2.42e-61	226
v111	v108	31.9	2.77e-57	213
v111	v102	35.8	4.43e-47	179
v111	v104	33.0	5.43e-37	146
v111	v107	26.6	8.16e-09	52
v111	v106	29.2	2.38e-08	50
v111	v095	28.3	0.00874	32
v111	v048	25.2	0.0195	31
v111	v105	23.8	0.0254	30
v111	v106	39.5	0.0434	30
v111	v104	41.9	0.215	27
v110	v109	34.9	3.85e-70	256
v110	v103	31.4	1.09e-56	211
v110	v099	31.3	5.97e-55	205
v110	v101	29.8	1.57e-47	181
v110	v102	34.7	8.37e-41	158
v110	v108	38.3	9.58e-37	145
v110	v104	36.6	1.48e-29	121
v110	v106	27.3	4.95e-09	53
v110	v108	26.9	1.95e-05	41
v110	v107	27.0	1.95e-05	41
v110	v030	31.5	0.00107	35
v110	v046	31.5	0.00107	35
v110	v044	31.5	0.00107	35
v110	v008	31.5	0.00107	35
v110	v011	31.5	0.00107	35
v110	v015	31.5	0.00107	35
v110	v026	31.5	0.00182	34
v110	v013	31.5	0.00182	34
v110	v034	25.2	0.00311	33
v110	v016	29.2	0.00406	33
v110	v018	24.4	0.0053	33
v110	v080	30.3	0.00905	32
v110	v027	29.2	0.00905	32
v110	v022	29.2	0.00905	32
v110	v023	29.2	0.00905	32
v110	v069	29.8	0.00905	32
v110	v070	26.6	0.0118	32
v110	v031	29.2	0.0118	32
v110	v014	29.2	0.0118	32
v110	v012	29.2	0.0118	32
v110	v045	29.2	0.0118	32
v110	v074	30.6	0.0118	32
v110	v056	30.9	0.0202	31
v110	v002	29.5	0.0202	31
v110	v057	31.8	0.0202	31
v110	v105	24.6	0.0202	31
v110	v054	29.5	0.0202	31
v110	v055	33.3	0.0202	31
v110	v072	25.5	0.0344	30
v110	v010	29.5	0.0344	30
v110	v087	27.6	0.0449	30
v110	v073	24.2	0.0586	29
v110	v025	28.1	0.0586	29
v110	v043	28.7	0.0766	29
v110	v029	28.1	0.131	28
v110	v100	28.4	0.171	28
v110	v024	27.4	0.171	28
v110	v042	25.0	0.648	26
v110	v056	31.6	0.847	25
v110	v053	28.1	0.847	25
v110	v052	28.9	1.11	25
v110	v032	24.1	2.46	24
v110	v020	23.4	4.2	23
v110	v075	40.0	4.2	23
v110	v028	52.4	9.36	22
v109	v103	36.9	2.35e-76	277
v109	v099	35.5	2.27e-71	260
v109	v102	34.5	5.61e-62	229
v109	v108	32.6	2.21e-50	190
v109	v101	30.9	1.58e-48	184
v109	v104	31.9	2.53e-38	150
v109	v106	31.0	3.45e-11	60
v109	v107	27.0	1.36e-07	48
v109	v100	25.0	0.552	26
v109	v001	33.3	3.58	23
v108	v099	31.7	2.44e-55	206
v108	v103	31.8	4.77e-43	166
v108	v102	28.5	2.99e-37	146
v108	v101	35.3	7.39e-28	115
v108	v104	32.0	3.43e-25	106
v108	v106	28.8	1.6e-14	71
v108	v107	27.2	2.16e-11	60
v108	v072	28.0	6.09e-06	42
v108	v100	28.9	3.02e-05	40
v108	v073	30.4	0.00015	38
v108	v002	28.5	0.000196	37
v108	v054	30.8	0.000256	37
v108	v006	31.4	0.000972	35
v108	v018	26.9	0.00216	34
v108	v056	26.4	0.00283	33
v108	v078	27.8	0.00283	33
v108	v032	26.6	0.00482	33
v108	v055	25.5	0.00823	32
v108	v057	31.1	0.0107	32
v108	v087	27.5	0.014	31
v108	v061	27.8	0.0183	31
v108	v024	31.5	0.0239	30
v108	v090	25.2	0.0313	30
v108	v069	25.1	0.0313	30
v108	v058	26.4	0.0313	30
v108	v034	24.5	0.0533	29
v108	v031	26.9	0.0696	29
v108	v012	26.9	0.0696	29
v108	v045	26.9	0.0696	29
v108	v014	26.9	0.0696	29
v108	v020	26.6	0.0696	29
v108	v023	28.0	0.091	28
v108	v027	27.6	0.119	28
v108	v022	27.6	0.119	28
v108	v041	25.2	0.155	28
v108	v042	25.4	0.265	27
v108	v043	26.0	0.346	27
v108	v092	27.1	0.77	25
v108	v003	23.2	0.77	25
v108	v033	27.3	0.77	25
v108	v011	26.8	1.72	24
v108	v008	26.8	1.72	24
v108	v044	26.8	1.72	24
v108	v046	26.8	1.72	24
v108	v015	26.8	1.72	24
v108	v030	26.8	1.72	24
v108	v096	45.2	4.99	23
v108	v063	40.7	8.51	22
v107	v106	58.1	1.89e-107	379
v107	v100	32.5	6.22e-26	108
v107	v099	31.7	1.82e-09	54
v107	v105	30.8	2.62e-08	50
v107	v103	26.7	4.95e-07	45
v107	v104	24.6	1.88e-06	44
v107	v102	23.2	2.72e-05	40
v107	v003	23.4	0.000669	35
v107	v041	22.9	0.00195	33
v107	v035	21.8	0.00254	33
v107	v005	26.6	0.00434	32
v107	v072	24.2	0.00966	31
v107	v069	21.9	0.0215	30
v107	v022	23.4	0.0818	28
v107	v027	23.4	0.0818	28
v107	v023	24.7	0.139	27
v107	v051	23.4	0.238	27
v107	v045	25.8	0.311	26
v107	v034	28.4	0.311	26
v107	v031	25.8	0.311	26
v107	v064	34.4	0.311	26
v107	v014	25.8	0.311	26
v107	v025	26.4	0.311	26
v107	v012	25.8	0.311	26
v107	v029	26.7	0.406	26
v107	v018	25.2	0.692	25
v107	v081	33.7	0.904	25
v107	v006	36.8	0.904	25
v107	v057	62.5	1.18	24
v107	v056	62.5	1.18	24
v107	v083	56.5	1.18	24
v107	v010	36.4	1.18	24
v107	v055	52.2	2.01	23
v107	v042	36.6	3.44	23
v107	v091	47.4	4.49	22
v107	v033	31.0	4.49	22
v107	v052	29.1	4.49	22
v107	v053	50.0	5.86	22
v107	v070	50.0	5.86	22
v107	v008	41.7	7.65	22
v107	v013	41.7	7.65	22
v107	v011	41.7	7.65	22
v107	v046	41.7	7.65	22
v107	v044	41.7	7.65	22
v107	v080	41.7	7.65	22
v107	v062	34.7	7.65	22
v107	v026	41.7	7.65	22
v107	v015	41.7	7.65	22
v107	v043	38.5	7.65	22
v107	v030	41.7	7.65	22
v107	v063	40.9	10	21
v106	v100	29.5	5.38e-22	95
v106	v099	30.5	8.06e-10	55
v106	v102	27.7	6.82e-09	52
v106	v103	32.6	8.91e-09	51
v106	v104	26.0	1.68e-07	47
v106	v105	30.5	4.89e-07	45
v106	v034	23.3	0.307	26
v106	v035	26.4	0.523	25
v106	v003	26.4	0.893	25
v106	v069	32.4	4.43	22
v106	v024	54.5	9.87	21
v106	v056	52.2	9.87	21
v106	v057	52.2	9.87	21
v105	v061	31.2	1.93e-05	40
v105	v099	26.8	2.52e-05	40
v105	v063	29.1	7.33e-05	38
v105	v056	35.4	0.000125	37
v105	v057	34.2	0.000213	37
v105	v035	26.5	0.000213	37
v105	v003	24.7	0.000279	36
v105	v060	28.9	0.000364	36
v105	v055	34.2	0.000364	36
v105	v078	25.0	0.000621	35
v105	v018	25.6	0.00106	34
v105	v037	32.7	0.00181	33
v105	v019	25.6	0.00308	33
v105	v101	22.4	0.00402	32
v105	v073	28.3	0.00525	32
v105	v096	34.0	0.02	30
v105	v002	26.9	0.0445	29
v105	v036	26.8	0.0445	29
v105	v054	26.9	0.0445	29
v105	v049	29.1	0.0581	28
v105	v043	32.8	0.0991	28
v105	v003	30.4	0.129	27
v105	v093	23.2	0.492	25
v105	v081	25.0	2.44	23
v104	v102	29.1	1.76e-44	171
v104	v099	34.8	2.01e-40	157
v104	v103	28.4	3.22e-38	150
v104	v101	26.0	4.36e-27	113
v103	v099	36.5	5.67e-76	275
v103	v102	37.2	9.05e-74	268
v103	v101	28.2	2.74e-46	177
v103	v067	27.1	2.78e-06	44
v102	v099	35.3	4.16e-62	229
v102	v101	32.6	2.39e-25	107
v102	v100	29.7	0.000883	35
v101	v099	33.2	2.24e-65	240
v100	v031	30.8	0.00978	31
v100	v045	30.8	0.00978	31
v100	v012	30.8	0.00978	31
v100	v014	30.8	0.00978	31
v100	v015	33.8	0.315	26
v100	v011	33.8	0.315	26
v100	v008	33.8	0.315	26
v100	v030	33.8	0.315	26
v100	v044	33.8	0.315	26
v100	v046	33.8	0.315	26
v100	v053	31.0	2.04	23
v100	v062	24.6	7.75	22
v100	v096	47.6	7.75	22
v099	v091	27.3	1.06	25
v099	v003	37.2	6.9	22
v098	v097	33.3	2.43e-10	56
v098	v062	22.8	0.00838	31
v098	v048	22.0	0.0109	31
v098	v085	27.3	0.0143	30
v098	v096	29.6	0.0187	30
v098	v006	22.4	0.0319	29
v098	v017	23.3	0.0927	28
v098	v002	28.0	0.158	27
v098	v054	26.7	0.46	25
v098	v006	55.0	0.601	25
v098	v078	23.7	0.785	25
v098	v039	26.2	1.02	24
v098	v005	26.6	1.34	24
v098	v018	22.5	1.34	24
v098	v016	26.9	5.09	22
v098	v001	26.9	8.68	21
v098	v005	87.5	8.68	21
v097	v096	30.2	5.58e-12	62
v097	v049	28.7	4.89e-08	49
v097	v037	28.1	1.02e-05	41
v097	v085	29.1	3.87e-05	39
v097	v072	24.1	0.000251	36
v097	v078	29.5	0.000954	34
v097	v065	27.8	0.00163	33
v097	v002	31.3	0.00163	33
v097	v054	31.3	0.00163	33
v097	v024	29.0	0.00474	32
v097	v018	26.6	0.00808	31
v097	v020	28.3	0.0138	30
v097	v076	23.6	0.0235	30
v097	v022	28.0	0.0307	29
v097	v027	28.0	0.0307	29
v097	v023	28.0	0.0307	29
v097	v074	27.8	0.0307	29
v097	v042	30.1	0.0401	29
v097	v073	28.4	0.0524	28
v097	v061	24.7	0.117	27
v097	v034	29.4	0.117	27
v097	v019	22.4	0.26	26
v097	v051	25.0	0.26	26
v097	v060	22.4	0.339	26
v097	v033	29.4	0.756	25
v097	v083	24.0	0.988	24
v097	v063	24.5	2.2	23
v096	v013	38.1	0.00133	34
v096	v029	38.1	0.00133	34
v096	v027	34.0	0.00133	34
v096	v045	38.1	0.00133	34
v096	v014	38.1	0.00133	34
v096	v031	38.1	0.00133	34
v096	v025	38.1	0.00133	34
v096	v022	34.0	0.00133	34
v096	v012	38.1	0.00133	34
v096	v080	38.1	0.00133	34
v096	v078	30.1	0.00226	33
v096	v011	35.7	0.00295	33
v096	v046	35.7	0.00295	33
v096	v026	35.7	0.00295	33
v096	v023	34.0	0.00295	33
v096	v030	35.7	0.00295	33
v096	v044	35.7	0.00295	33
v096	v015	35.7	0.00295	33
v096	v008	35.7	0.00295	33
v096	v010	35.7	0.00295	33
v096	v085	37.5	0.00386	32
v096	v053	34.0	0.00504	32
v096	v019	23.2	0.00658	32
v096	v074	33.3	0.0086	31
v096	v081	30.4	0.0086	31
v096	v032	27.1	0.0086	31
v096	v005	26.1	0.0112	31
v096	v054	26.7	0.0112	31
v096	v002	26.5	0.0112	31
v096	v052	19.9	0.0112	31
v096	v059	33.3	0.0147	30
v096	v060	34.0	0.0147	30
v096	v009	36.4	0.0191	30
v096	v006	29.2	0.025	30
v096	v064	20.5	0.025	30
v096	v062	23.6	0.0327	29
v096	v035	27.7	0.0327	29
v096	v007	31.3	0.0327	29
v096	v003	27.7	0.0427	29
v096	v016	31.0	0.0557	28
v096	v042	28.6	0.0557	28
v096	v036	28.6	0.095	28
v096	v076	28.7	0.095	28
v096	v061	31.9	0.124	27
v096	v066	29.9	0.212	27
v096	v068	32.7	0.277	26
v096	v071	31.0	0.361	26
v096	v089	29.9	0.472	25
v096	v051	28.6	0.616	25
v096	v077	33.3	0.805	25
v096	v051	21.4	0.805	25
v096	v001	25.5	1.05	24
v096	v018	26.2	1.37	24
v096	v086	28.6	1.79	23
v096	v047	25.5	3.99	22
v096	v039	30.8	3.99	22
v096	v021	25.5	3.99	22
v095	v094	98.1	1.99e-150	522
v095	v092	60.6	1.6e-91	326
v095	v091	49.8	3.26e-68	248
v095	v093	38.0	3.18e-39	152
v095	v001	25.4	0.031	29
v095	v042	24.3	0.0405	29
v095	v007	21.3	0.053	28
v095	v068	21.4	0.343	26
v095	v074	26.4	0.999	24
v095	v004	27.1	2.23	23
v095	v049	28.6	6.47	22
v094	v092	59.9	1.36e-90	323
v094	v091	49.1	2.11e-67	246
v094	v093	37.7	1.21e-38	150
v094	v007	20.5	0.154	27
v094	v068	20.6	0.999	24
v094	v074	26.3	1.3	24
v093	v091	33.5	1.01e-46	178
v093	v092	34.9	2.24e-46	176
v093	v052	28.8	0.0339	30
v093	v024	25.8	0.0339	30
v093	v053	26.9	0.0987	28
v093	v078	30.0	0.22	27
v093	v070	25.0	0.64	25
v093	v072	30.2	2.43	23
v093	v062	31.1	2.43	23
v093	v081	31.2	5.42	22
v093	v064	28.9	9.24	22
v092	v091	43.3	1.74e-75	273
v092	v033	29.9	0.217	27
v092	v034	29.9	0.217	27
v091	v063	24.2	0.099	28
v091	v034	26.3	0.288	27
v091	v070	51.9	1.09	25
v091	v033	28.4	1.87	24
v090	v088	29.1	4.28e-17	79
v090	v023	28.8	5.59e-17	78
v090	v007	28.7	1.63e-16	77
v090	v069	25.5	2.12e-16	76
v090	v070	28.6	2.77e-16	76
v090	v061	27.8	2.77e-16	76
v090	v006	29.9	8.07e-16	74
v090	v052	27.5	1.05e-15	74
v090	v074	27.3	1.38e-15	74
v090	v077	27.4	1.8e-15	73
v090	v068	27.1	1.8e-15	73
v090	v027	27.6	2.35e-15	73
v090	v022	27.6	2.35e-15	73
v090	v025	29.4	2.35e-15	73
v090	v064	29.5	3.07e-15	72
v090	v081	28.0	4.01e-15	72
v090	v053	27.0	4.01e-15	72
v090	v029	29.8	4.01e-15	72
v090	v024	27.6	5.23e-15	72
v090	v012	29.0	5.23e-15	72
v090	v014	29.0	5.23e-15	72
v090	v045	29.0	5.23e-15	72
v090	v031	29.0	5.23e-15	72
v090	v019	27.1	5.23e-15	72
v090	v060	26.6	6.83e-15	71
v090	v072	27.3	6.83e-15	71
v090	v066	26.6	6.83e-15	71
v090	v076	26.0	8.92e-15	71
v090	v032	28.0	1.17e-14	70
v090	v004	27.1	1.52e-14	70
v090	v089	28.5	2.6e-14	69
v090	v001	27.1	2.6e-14	69
v090	v086	26.6	5.78e-14	68
v090	v087	27.9	7.56e-14	68
v090	v036	26.4	9.87e-14	67
v090	v033	25.3	1.68e-13	67
v090	v008	26.7	2.2e-13	66
v090	v026	27.8	2.87e-13	66
v090	v080	27.8	3.75e-13	65
v090	v013	27.8	3.75e-13	65
v090	v005	25.5	4.9e-13	65
v090	v016	25.7	8.35e-13	64
v090	v078	28.4	1.09e-12	64
v090	v063	25.1	1.42e-12	64
v090	v083	26.6	1.42e-12	64
v090	v071	25.4	1.86e-12	63
v090	v009	26.2	2.43e-12	63
v090	v015	27.0	3.17e-12	62
v090	v030	27.0	3.17e-12	62
v090	v011	27.0	3.17e-12	62
v090	v044	27.0	3.17e-12	62
v090	v046	27.0	3.17e-12	62
v090	v059	25.9	5.41e-12	62
v090	v010	27.0	7.07e-12	61
v090	v062	26.2	9.24e-12	61
v090	v051	25.5	1.21e-11	60
v090	v028	26.2	1.21e-11	60
v090	v043	27.2	1.58e-11	60
v090	v073	25.2	1.58e-11	60
v090	v041	26.7	2.06e-11	60
v090	v034	24.5	2.69e-11	59
v090	v054	27.9	2.69e-11	59
v090	v021	25.6	3.51e-11	59
v090	v018	25.5	3.51e-11	59
v090	v047	25.6	3.51e-11	59
v090	v040	25.3	4.58e-11	59
v090	v067	25.9	4.58e-11	59
v090	v002	27.2	5.99e-11	58
v090	v020	25.1	2.27e-10	56
v090	v075	25.7	5.07e-10	55
v090	v042	25.2	6.62e-10	55
v090	v055	24.1	3.28e-09	52
v090	v057	24.3	3.28e-09	52
v090	v056	24.3	5.6e-09	52
v090	v058	26.8	9.56e-09	51
v090	v050	24.7	1.38e-07	47
v090	v082	23.4	4.02e-07	45
v090	v079	24.3	2.6e-06	43
v090	v038	21.9	0.000926	34
v089	v061	62.8	6.49e-113	397
v089	v077	63.2	3.56e-111	391
v089	v007	61.1	5.69e-109	384
v089	v019	61.2	9.7e-109	383
v089	v066	61.1	6.29e-108	381
v089	v068	60.7	6.29e-108	381
v089	v076	59.2	2.02e-106	376
v089	v051	61.8	3.23e-104	368
v089	v060	57.6	2.09e-103	366
v089	v036	56.0	3.34e-101	358
v089	v071	55.9	3.13e-99	352
v089	v086	59.1	7.7e-98	347
v089	v059	56.1	1.11e-96	343
v089	v020	51.2	3.59e-87	312
v089	v042	55.9	1.04e-86	310
v089	v004	49.7	3.97e-78	282
v089	v018	47.3	8.85e-78	280
v089	v001	53.2	1.08e-75	273
v089	v070	47.2	2.41e-75	272
v089	v041	47.6	1.56e-74	270
v089	v075	55.0	1.46e-72	263
v089	v030	49.4	1.05e-70	257
v089	v011	49.4	1.05e-70	257
v089	v008	49.4	1.37e-70	257
v089	v012	48.7	3.98e-70	255
v089	v031	48.7	3.98e-70	255
v089	v047	48.5	5.2e-70	255
v089	v021	48.5	5.2e-70	255
v089	v026	49.1	5.2e-70	255
v089	v057	48.0	6.79e-70	254
v089	v055	48.1	8.87e-70	254
v089	v013	48.7	1.98e-69	253
v089	v056	48.0	1.98e-69	253
v089	v009	46.6	2.58e-69	252
v089	v046	45.4	7.51e-69	251
v089	v015	45.4	7.51e-69	251
v089	v044	45.4	7.51e-69	251
v089	v081	49.5	7.51e-69	251
v089	v022	46.0	9.81e-69	250
v089	v027	46.0	9.81e-69	250
v089	v045	44.8	1.67e-68	250
v089	v010	48.7	1.67e-68	250
v089	v014	44.8	1.67e-68	250
v089	v074	45.5	2.85e-68	249
v089	v025	44.4	4.87e-68	248
v089	v080	44.7	1.42e-67	247
v089	v062	47.7	1.85e-67	246
v089	v016	47.6	3.16e-67	245
v089	v029	44.4	4.12e-67	245
v089	v024	46.3	4.12e-67	245
v089	v006	46.2	1.2e-66	243
v089	v064	47.5	1.02e-65	240
v089	v078	42.5	2.26e-65	239
v089	v023	44.2	3.86e-65	238
v089	v053	45.5	1.47e-64	236
v089	v052	47.0	1.91e-64	236
v089	v032	42.8	3.61e-63	232
v089	v072	41.0	8.04e-63	231
v089	v033	43.6	5.21e-62	228
v089	v005	43.4	1.52e-61	226
v089	v054	43.4	2.59e-61	226
v089	v069	46.4	4.41e-61	225
v089	v002	43.4	5.77e-61	225
v089	v087	41.2	6.37e-60	221
v089	v058	40.6	1.42e-59	220
v089	v034	42.2	1.57e-58	216
v089	v043	43.1	5.05e-57	211
v089	v073	43.2	6.6e-57	211
v089	v028	42.0	1.47e-56	210
v089	v088	43.1	2.35e-54	203
v089	v082	39.3	3.07e-46	176
v089	v067	39.8	3.4e-45	172
v089	v083	38.5	2.2e-44	169
v089	v079	33.9	4.91e-36	142
v089	v050	34.9	3.19e-35	139
v089	v063	28.8	1.87e-27	113
v089	v040	25.7	7.86e-26	108
v089	v003	27.6	1.07e-06	44
v089	v037	26.4	1.82e-06	44
v089	v035	26.1	2.38e-06	43
v089	v049	28.7	0.00111	34
v089	v085	27.9	0.00716	32
v089	v039	38.9	0.513	25
v088	v069	56.6	4.29e-87	311
v088	v080	48.1	1.87e-74	269
v088	v027	51.9	3.19e-74	268
v088	v022	51.9	3.19e-74	268
v088	v029	47.7	4.16e-74	268
v088	v014	47.7	9.27e-74	267
v088	v045	47.7	9.27e-74	267
v088	v046	47.4	1.58e-73	266
v088	v025	47.4	1.58e-73	266
v088	v013	51.3	1.58e-73	266
v088	v015	47.4	1.58e-73	266
v088	v044	47.4	1.58e-73	266
v088	v031	50.9	2.7e-73	265
v088	v012	50.9	2.7e-73	265
v088	v011	50.6	7.85e-73	264
v088	v030	50.6	7.85e-73	264
v088	v023	47.0	3.9e-72	262
v088	v026	50.0	8.68e-72	260
v088	v008	50.0	1.13e-71	260
v088	v010	50.2	1.93e-71	259
v088	v016	48.7	5.63e-71	258
v088	v074	50.0	1.06e-69	253
v088	v070	46.2	2.36e-69	252
v088	v081	50.4	1.17e-68	250
v088	v004	49.3	1.3e-67	247
v088	v042	48.3	2.21e-67	246
v088	v064	49.2	1.1e-66	243
v088	v032	44.3	4.17e-66	242
v088	v034	48.8	1.21e-65	240
v088	v033	45.3	2.7e-65	239
v088	v062	47.7	2.99e-64	235
v088	v018	45.1	3.91e-64	235
v088	v009	47.7	5.1e-64	235
v088	v006	46.6	5.1e-64	235
v088	v053	44.9	9.62e-63	230
v088	v052	45.3	9.62e-63	230
v088	v078	45.4	8.14e-62	227
v088	v024	44.2	3.09e-61	225
v088	v001	45.3	1.54e-60	223
v088	v087	44.1	2.01e-60	223
v088	v005	43.7	2.62e-60	222
v088	v002	44.6	4.94e-59	218
v088	v054	44.2	6.45e-59	218
v088	v072	42.5	5.46e-58	215
v088	v068	43.8	1.59e-57	213
v088	v086	45.7	1.59e-57	213
v088	v075	40.0	2.3e-56	209
v088	v076	43.3	3.91e-56	208
v088	v073	41.9	6.68e-56	208
v088	v066	41.9	8.72e-56	207
v088	v036	44.6	1.49e-55	206
v088	v071	44.6	2.54e-55	206
v088	v007	42.6	4.33e-55	205
v088	v019	41.3	7.38e-55	204
v088	v077	41.7	7.38e-55	204
v088	v028	40.4	9.64e-55	204
v088	v061	43.3	1.64e-54	203
v088	v059	43.6	8.16e-54	201
v088	v051	43.3	1.82e-53	200
v088	v041	42.1	4.05e-53	198
v088	v047	41.0	5.29e-53	198
v088	v021	41.0	5.29e-53	198
v088	v056	40.6	1.18e-52	197
v088	v057	39.8	5.85e-52	195
v088	v055	39.8	7.64e-52	194
v088	v060	42.2	1.1e-50	190
v088	v058	38.7	4.19e-50	188
v088	v020	39.3	3.92e-48	182
v088	v083	35.7	4.2e-42	162
v088	v043	37.8	7.17e-42	161
v088	v050	32.1	3.45e-28	116
v088	v082	30.9	2.92e-27	112
v088	v067	29.1	3.23e-26	109
v088	v079	31.5	2.1e-25	106
v088	v040	27.4	2.56e-23	99
v088	v063	26.2	4.37e-23	99
v088	v038	26.3	1.08e-13	67
v088	v037	23.9	0.00502	32
v088	v085	25.2	0.802	25
v088	v082	31.2	8.86	21
v087	v081	65.3	6.04e-105	371
v087	v062	69.6	9.64e-103	363
v087	v028	67.2	8.16e-102	360
v087	v006	61.1	9.03e-101	357
v087	v005	61.1	1.44e-98	349
v087	v072	59.4	4.8e-94	334
v087	v053	62.7	6.27e-94	334
v087	v016	63.8	1.07e-93	333
v087	v064	63.3	9.05e-93	330
v087	v009	56.6	5.86e-92	327
v087	v052	62.0	7.66e-92	327
v087	v024	56.0	1.31e-91	326
v087	v054	63.3	2.23e-91	325
v087	v002	63.1	1.11e-90	323
v087	v027	57.4	3.22e-90	322
v087	v022	57.4	3.22e-90	322
v087	v074	57.7	1.22e-89	320
v087	v015	56.5	1.04e-88	317
v087	v046	56.5	1.04e-88	317
v087	v044	56.5	1.04e-88	317
v087	v023	55.8	3.93e-88	315
v087	v080	56.1	1.49e-87	313
v087	v014	56.1	1.95e-87	312
v087	v045	56.1	1.95e-87	312
v087	v029	55.8	3.33e-87	312
v087	v025	55.8	5.68e-87	311
v087	v011	59.5	1.65e-86	309
v087	v030	59.5	1.65e-86	309
v087	v026	59.1	8.2e-86	307
v087	v008	59.1	1.07e-85	307
v087	v073	52.7	1.4e-85	306
v087	v013	59.1	2.39e-85	305
v087	v012	59.1	2.39e-85	305
v087	v031	59.1	2.39e-85	305
v087	v078	54.8	3.45e-84	302
v087	v010	58.6	2.23e-83	299
v087	v056	56.6	1.6e-81	293
v087	v055	56.2	3.94e-80	288
v087	v057	55.9	5.15e-80	288
v087	v032	51.6	7.44e-79	284
v087	v058	52.5	2.83e-78	282
v087	v033	51.4	6.96e-77	277
v087	v034	50.0	7.2e-74	267
v087	v069	51.6	4.37e-71	258
v087	v018	45.0	1.01e-67	247
v087	v004	46.2	1.45e-66	243
v087	v042	45.9	2.48e-66	242
v087	v075	44.7	4.68e-65	238
v087	v047	44.3	4.68e-65	238
v087	v021	44.3	4.68e-65	238
v087	v083	48.0	4.68e-65	238
v087	v077	42.2	1.78e-64	236
v087	v001	42.8	3.96e-64	235
v087	v068	43.3	3.96e-64	235
v087	v066	42.3	2.57e-63	232
v087	v007	42.4	1.27e-62	230
v087	v076	42.2	1.66e-62	230
v087	v070	43.0	4.84e-62	228
v087	v041	46.5	1.84e-61	226
v087	v019	41.0	1.84e-61	226
v087	v036	43.1	2.4e-61	226
v087	v051	43.5	6.99e-61	224
v087	v086	43.1	1.9e-58	216
v087	v061	41.0	4.24e-58	215
v087	v060	41.1	6.13e-57	211
v087	v071	37.5	8e-57	211
v087	v059	40.2	2.33e-56	209
v087	v020	40.1	8.84e-56	207
v087	v043	42.0	9.15e-53	197
v087	v082	34.8	6.17e-33	131
v087	v067	34.4	1.52e-31	127
v087	v050	30.1	8.63e-27	111
v087	v079	29.8	9.54e-26	107
v087	v063	27.6	1.43e-21	94
v087	v040	27.1	7.07e-21	91
v087	v038	24.8	1.53e-15	74
v087	v017	25.5	9.28e-05	38
v087	v085	32.3	0.00027	36
v087	v039	26.7	0.0113	31
v087	v049	25.8	0.0194	30
v087	v065	23.8	0.0253	30
v087	v037	29.9	0.125	27
v086	v071	86.4	3.95e-146	507
v086	v059	85.3	4.99e-141	490
v086	v051	67.8	7.51e-113	397
v086	v020	58.7	5.05e-101	357
v086	v036	60.4	2.77e-99	352
v086	v068	59.8	1.05e-98	350
v086	v077	59.0	1.99e-97	346
v086	v066	59.8	1.99e-97	346
v086	v007	57.9	1.68e-96	342
v086	v019	57.4	3.63e-91	325
v086	v061	56.9	3.63e-91	325
v086	v076	55.6	2.35e-90	322
v086	v060	56.2	2.87e-88	315
v086	v042	54.5	8.66e-85	304
v086	v004	54.7	1.63e-83	299
v086	v018	50.2	4.45e-81	291
v086	v047	52.6	1.02e-77	280
v086	v021	52.6	1.02e-77	280
v086	v001	50.7	1.48e-76	276
v086	v075	54.9	9.59e-76	273
v086	v027	48.4	2.89e-72	262
v086	v022	48.4	2.89e-72	262
v086	v025	48.7	2.89e-72	262
v086	v045	48.4	6.43e-72	261
v086	v014	48.4	6.43e-72	261
v086	v031	49.8	1.1e-71	260
v086	v012	49.8	1.1e-71	260
v086	v070	47.5	2.45e-71	259
v086	v029	48.4	2.45e-71	259
v086	v023	48.0	3.19e-71	258
v086	v015	48.4	9.29e-71	257
v086	v046	48.4	9.29e-71	257
v086	v044	48.4	9.29e-71	257
v086	v026	50.2	9.29e-71	257
v086	v074	46.7	9.29e-71	257
v086	v080	48.4	1.58e-70	256
v086	v011	49.8	1.58e-70	256
v086	v030	49.8	1.58e-70	256
v086	v013	49.8	2.7e-70	255
v086	v081	49.6	3.53e-70	255
v086	v008	48.9	1.75e-69	253
v086	v016	48.5	2.29e-69	252
v086	v010	49.4	3.9e-69	252
v086	v057	46.6	1.94e-68	249
v086	v043	48.7	1.94e-68	249
v086	v006	49.3	2.53e-68	249
v086	v041	45.4	4.32e-68	248
v086	v062	49.1	7.36e-68	247
v086	v055	46.2	1.26e-67	247
v086	v056	46.2	2.8e-67	245
v086	v005	49.5	6.23e-67	244
v086	v053	47.3	6.23e-67	244
v086	v052	48.5	4.04e-66	242
v086	v078	47.2	6.89e-66	241
v086	v024	46.8	1.18e-65	240
v086	v064	45.5	1.18e-65	240
v086	v033	45.6	7.62e-65	237
v086	v069	46.4	1.7e-64	236
v086	v073	46.5	2.89e-64	235
v086	v054	45.7	2.45e-63	232
v086	v002	45.3	9.31e-63	230
v086	v034	45.2	1.59e-62	230
v086	v072	41.2	6.67e-61	224
v086	v032	44.5	4.33e-60	221
v086	v009	42.9	1.7e-56	210
v086	v058	40.4	6.46e-56	208
v086	v028	40.5	3.92e-53	198
v086	v067	37.5	3.33e-44	169
v086	v083	35.8	1.83e-42	163
v086	v082	35.9	7.67e-41	158
v086	v050	31.7	4.51e-33	132
v086	v079	31.6	2.24e-32	129
v086	v063	28.1	2.93e-24	102
v086	v040	28.4	2.57e-20	89
v086	v085	23.0	0.000337	36
v086	v037	25.0	0.00486	32
v086	v049	26.2	0.0702	28
v086	v017	25.0	0.0917	28
v085	v037	36.3	3.85e-34	135
v085	v049	35.5	2.58e-30	122
v085	v039	29.3	1.47e-25	107
v085	v003	42.7	2.51e-17	79
v085	v035	41.2	9.54e-17	77
v085	v084	31.7	6.18e-16	75
v085	v048	23.9	1.99e-14	70
v085	v066	24.3	1.99e-06	43
v085	v065	25.6	3.4e-06	42
v085	v073	23.1	4.44e-06	42
v085	v064	30.7	5.8e-06	42
v085	v010	21.8	5.8e-06	42
v085	v032	26.6	7.57e-06	41
v085	v081	28.8	9.89e-06	41
v085	v018	24.8	1.29e-05	40
v085	v078	35.3	1.69e-05	40
v085	v080	25.2	1.69e-05	40
v085	v008	25.2	2.2e-05	40
v085	v013	25.2	2.88e-05	39
v085	v026	25.2	2.88e-05	39
v085	v076	30.8	3.76e-05	39
v085	v046	25.2	4.91e-05	39
v085	v015	25.2	4.91e-05	39
v085	v011	25.2	4.91e-05	39
v085	v019	31.2	4.91e-05	39
v085	v044	25.2	4.91e-05	39
v085	v030	25.2	4.91e-05	39
v085	v022	28.2	6.41e-05	38
v085	v061	31.1	6.41e-05	38
v085	v023	28.2	6.41e-05	38
v085	v072	26.5	6.41e-05	38
v085	v027	28.2	6.41e-05	38
v085	v068	31.5	6.41e-05	38
v085	v025	27.5	8.37e-05	38
v085	v005	29.0	8.37e-05	38
v085	v029	23.8	0.000109	37
v085	v036	52.8	0.000143	37
v085	v007	31.6	0.000143	37
v085	v028	26.7	0.000143	37
v085	v077	32.1	0.000143	37
v085	v061	29.0	0.000143	37
v085	v009	27.6	0.000187	37
v085	v006	26.7	0.000187	37
v085	v051	32.0	0.000187	37
v085	v045	28.4	0.000187	37
v085	v016	25.2	0.000187	37
v085	v031	28.4	0.000187	37
v085	v074	25.9	0.000187	37
v085	v020	22.7	0.000187	37
v085	v014	28.4	0.000187	37
v085	v012	28.4	0.000187	37
v085	v077	28.2	0.000244	36
v085	v019	28.2	0.000244	36
v085	v043	26.5	0.000244	36
v085	v043	46.2	0.000244	36
v085	v062	27.1	0.000244	36
v085	v006	27.5	0.000244	36
v085	v064	30.9	0.000318	36
v085	v081	29.0	0.000318	36
v085	v005	42.6	0.000416	35
v085	v033	26.6	0.000416	35
v085	v036	27.8	0.000416	35
v085	v062	27.9	0.000543	35
v085	v021	27.2	0.000543	35
v085	v047	27.2	0.000543	35
v085	v076	26.5	0.000709	35
v085	v060	31.6	0.000709	35
v085	v068	27.5	0.000926	34
v085	v075	32.2	0.000926	34
v085	v067	27.3	0.000926	34
v085	v071	43.2	0.00121	34
v085	v002	26.5	0.00158	33
v085	v083	27.7	0.00158	33
v085	v054	26.5	0.00158	33
v085	v007	27.5	0.00158	33
v085	v078	28.0	0.00206	33
v085	v059	26.4	0.00269	33
v085	v063	26.0	0.00269	33
v085	v018	27.3	0.00269	33
v085	v053	25.6	0.00352	32
v085	v070	23.4	0.00352	32
v085	v082	28.4	0.00352	32
v085	v051	24.3	0.00352	32
v085	v022	27.1	0.00459	32
v085	v027	27.1	0.00459	32
v085	v052	25.6	0.00459	32
v085	v042	23.0	0.00459	32
v085	v021	23.8	0.006	32
v085	v047	23.8	0.006	32
v085	v009	29.9	0.0102	31
v085	v034	23.5	0.0134	30
v085	v002	21.4	0.0175	30
v085	v001	26.6	0.0175	30
v085	v024	26.9	0.0228	30
v085	v054	22.9	0.0228	30
v085	v056	36.6	0.0298	29
v085	v057	36.6	0.0298	29
v085	v060	45.9	0.0298	29
v085	v004	26.4	0.0298	29
v085	v058	23.7	0.0389	29
v085	v074	25.7	0.0663	28
v085	v041	41.7	0.0663	28
v085	v055	34.1	0.148	27
v085	v003	26.4	0.148	27
v085	v040	29.5	0.148	27
v085	v050	23.9	0.252	26
v085	v069	23.0	0.329	26
v085	v035	41.7	0.43	25
v085	v079	52.6	0.562	25
v085	v077	26.1	0.733	25
v085	v066	24.6	1.63	23
v085	v038	24.7	1.63	23
v085	v007	24.6	2.13	23
v085	v068	24.6	2.13	23
v085	v019	23.2	2.79	23
v085	v061	23.7	4.75	22
v085	v076	22.2	4.75	22
v085	v071	21.5	6.21	22
v085	v059	21.5	6.21	22
v085	v001	31.6	8.11	21
v085	v041	30.8	8.11	21
v084	v049	30.4	2.87e-29	119
v084	v037	28.7	4.29e-25	105
v084	v039	29.8	3.18e-20	89
v084	v048	27.0	2.52e-17	79
v084	v035	30.4	1.13e-09	54
v084	v003	29.6	2.52e-09	53
v084	v021	23.3	0.0299	29
v084	v047	23.3	0.0299	29
v083	v005	53.6	9.55e-78	281
v083	v006	52.5	2.13e-77	280
v083	v053	55.4	2.2e-74	270
v083	v081	50.9	4.15e-73	265
v083	v062	51.2	1.21e-72	264
v083	v073	53.8	4.59e-72	262
v083	v072	50.2	1.02e-71	261
v083	v052	53.1	1.34e-71	260
v083	v024	46.8	6.63e-71	258
v083	v054	51.7	1.48e-70	257
v083	v002	52.3	1.93e-70	257
v083	v058	50.0	1.25e-69	254
v083	v009	48.1	2.13e-69	253
v083	v023	48.1	2.61e-67	246
v083	v044	47.5	4.45e-67	245
v083	v015	47.5	4.45e-67	245
v083	v046	47.5	4.45e-67	245
v083	v080	47.1	1.69e-66	243
v083	v029	46.8	3.76e-66	242
v083	v064	50.2	6.42e-66	242
v083	v074	47.1	1.87e-65	240
v083	v025	46.1	9.27e-65	238
v083	v045	46.1	9.27e-65	238
v083	v014	46.1	9.27e-65	238
v083	v078	46.9	1.21e-64	237
v083	v016	48.1	3.52e-64	236
v083	v027	46.4	4.6e-64	235
v083	v022	46.4	4.6e-64	235
v083	v030	48.7	8.68e-63	231
v083	v011	48.7	8.68e-63	231
v083	v056	49.0	8.68e-63	231
v083	v057	48.8	1.13e-62	231
v083	v008	48.3	1.48e-62	230
v083	v026	48.3	2.53e-62	230
v083	v013	48.3	2.53e-62	230
v083	v010	48.7	1.25e-61	227
v083	v055	48.3	1.64e-61	227
v083	v033	47.5	1.39e-60	224
v083	v032	43.6	1.39e-60	224
v083	v031	47.1	1.81e-60	223
v083	v012	47.1	1.81e-60	223
v083	v018	44.6	1.81e-60	223
v083	v028	41.1	1.03e-55	208
v083	v034	43.5	6.66e-55	205
v083	v042	40.8	1.26e-53	201
v083	v001	40.6	4.77e-53	199
v083	v004	38.8	2.37e-52	196
v083	v047	39.0	2.22e-50	190
v083	v021	39.0	2.22e-50	190
v083	v070	41.7	2.22e-50	190
v083	v069	40.2	4.18e-49	186
v083	v041	42.3	3.54e-48	183
v083	v060	38.4	7.89e-48	181
v083	v059	38.7	3e-47	179
v083	v007	38.0	2.54e-46	176
v083	v036	38.4	5.65e-46	175
v083	v076	38.0	1.26e-45	174
v083	v051	38.3	1.64e-45	174
v083	v077	38.6	2.81e-45	173
v083	v075	38.1	1.07e-44	171
v083	v068	37.2	1.82e-44	170
v083	v071	38.3	5.29e-44	169
v083	v066	37.2	2.01e-43	167
v083	v019	36.6	5.85e-43	165
v083	v061	36.9	9.98e-43	164
v083	v020	35.5	9.34e-41	158
v083	v043	33.5	3.56e-32	129
v083	v067	32.5	3.33e-30	123
v083	v082	31.7	9.69e-30	121
v083	v050	30.8	8.49e-26	108
v083	v079	30.1	2.73e-24	103
v083	v063	27.1	2.31e-23	100
v083	v040	24.8	6.74e-15	72
v083	v038	25.0	4.09e-12	63
v083	v003	28.5	0.000108	38
v083	v035	27.0	0.00041	36
v083	v039	25.4	0.000699	35
v083	v049	26.6	0.0132	31
v083	v017	29.7	0.0294	30
v083	v037	31.0	0.0294	30
v083	v065	22.5	0.19	27
v082	v067	60.8	4.94e-136	474
v082	v042	41.5	7.07e-50	188
v082	v061	40.1	2.69e-49	186
v082	v060	39.0	4.58e-49	185
v082	v021	41.5	3.07e-45	173
v082	v047	41.5	3.07e-45	173
v082	v068	36.2	8.94e-45	171
v082	v071	34.9	1.52e-44	170
v082	v077	35.6	3.4e-44	169
v082	v033	40.2	4.44e-44	169
v082	v007	36.5	5.79e-44	168
v082	v066	35.4	5.79e-44	168
v082	v076	34.9	4.91e-43	165
v082	v036	37.2	8.37e-43	164
v082	v019	36.1	8.37e-43	164
v082	v034	39.4	5.42e-42	162
v082	v018	34.2	2.69e-41	159
v082	v004	36.2	1.02e-40	158
v082	v001	36.9	1.74e-40	157
v082	v070	33.2	1.74e-40	157
v082	v059	32.8	1.93e-39	153
v082	v051	33.1	4.75e-38	149
v082	v020	33.5	6.21e-38	148
v082	v032	34.0	2e-36	143
v082	v009	34.2	2e-36	143
v082	v052	34.4	2.61e-36	143
v082	v057	36.8	4.45e-36	142
v082	v022	37.9	1.69e-35	140
v082	v027	37.9	1.69e-35	140
v082	v053	34.5	2.21e-35	140
v082	v056	36.4	2.88e-35	139
v082	v074	36.2	4.92e-35	139
v082	v055	36.4	4.92e-35	139
v082	v081	34.3	1.1e-34	138
v082	v041	32.6	3.19e-34	136
v082	v005	33.9	3.19e-34	136
v082	v075	34.1	3.19e-34	136
v082	v006	34.7	9.27e-34	134
v082	v023	37.4	9.27e-34	134
v082	v078	30.5	2.07e-33	133
v082	v073	33.3	7.85e-33	131
v082	v079	32.8	1.34e-32	131
v082	v025	35.2	2.98e-32	129
v082	v002	33.2	2.98e-32	129
v082	v014	35.2	3.9e-32	129
v082	v058	33.1	3.9e-32	129
v082	v031	35.2	3.9e-32	129
v082	v012	35.2	3.9e-32	129
v082	v045	35.2	3.9e-32	129
v082	v054	33.2	5.09e-32	129
v082	v016	33.8	6.65e-32	128
v082	v050	30.2	1.48e-31	127
v082	v064	32.9	1.48e-31	127
v082	v008	33.5	1.48e-31	127
v082	v010	34.2	1.93e-31	127
v082	v011	34.2	1.93e-31	127
v082	v015	34.2	1.93e-31	127
v082	v044	34.2	1.93e-31	127
v082	v030	34.2	1.93e-31	127
v082	v062	32.6	1.93e-31	127
v082	v046	34.2	1.93e-31	127
v082	v026	34.2	1.93e-31	127
v082	v024	32.4	2.53e-31	126
v082	v069	33.5	5.63e-31	125
v082	v013	33.9	1.64e-30	124
v082	v029	34.4	1.64e-30	124
v082	v028	35.0	1.64e-30	124
v082	v080	33.7	2.14e-30	123
v082	v043	30.5	3.09e-29	119
v082	v072	31.2	8.41e-27	111
v082	v063	32.1	3.91e-24	102
v082	v040	30.5	1.18e-20	91
v082	v038	27.9	6.25e-14	69
v082	v035	21.6	0.000344	36
v082	v003	28.0	0.000344	36
v082	v049	40.5	1.03	25
v082	v037	23.4	1.03	25
v082	v037	30.8	1.77	24
v082	v006	30.0	6.71	22
v081	v062	78.2	1.55e-122	429
v081	v053	74.0	1.96e-117	412
v081	v052	73.6	2.4e-115	405
v081	v064	73.5	3.83e-113	398
v081	v006	66.7	4.68e-111	391
v081	v009	62.2	1.01e-105	373
v081	v005	63.4	2.49e-104	369
v081	v072	61.7	4.24e-104	368
v081	v024	61.8	4.24e-104	368
v081	v054	68.2	1.61e-103	366
v081	v022	62.4	2.75e-103	365
v081	v027	62.4	2.75e-103	365
v081	v044	60.4	3.97e-102	361
v081	v015	60.4	3.97e-102	361
v081	v046	60.4	3.97e-102	361
v081	v002	67.7	5.19e-102	361
v081	v029	59.5	5.19e-102	361
v081	v016	67.4	1.16e-101	360
v081	v080	60.1	3.36e-101	358
v081	v074	61.8	3.36e-101	358
v081	v078	60.2	4.39e-101	358
v081	v025	60.0	6.34e-100	354
v081	v014	58.8	1.41e-99	353
v081	v045	58.8	1.41e-99	353
v081	v026	64.4	2.41e-99	352
v081	v011	64.0	3.15e-99	352
v081	v030	64.0	3.15e-99	352
v081	v023	59.9	5.37e-99	351
v081	v008	63.5	2.66e-98	349
v081	v013	63.6	2.66e-98	349
v081	v031	62.8	1.12e-96	343
v081	v012	62.8	1.12e-96	343
v081	v010	62.8	9.48e-96	340
v081	v073	56.9	1.62e-95	339
v081	v056	64.3	1.37e-94	336
v081	v057	64.0	5.2e-94	334
v081	v055	62.9	2.58e-93	332
v081	v028	56.3	5.04e-89	318
v081	v069	56.2	3.38e-85	305
v081	v033	53.6	1.68e-84	303
v081	v032	51.7	3.5e-82	295
v081	v058	51.7	4.57e-82	295
v081	v034	53.4	4.57e-82	295
v081	v042	52.3	2.27e-81	292
v081	v018	50.3	1.8e-78	283
v081	v068	49.0	3.39e-77	278
v081	v066	50.9	2.43e-75	272
v081	v047	51.3	1.2e-74	270
v081	v021	51.3	1.2e-74	270
v081	v077	49.8	4.58e-74	268
v081	v004	49.3	1.02e-73	267
v081	v076	46.3	2.27e-73	266
v081	v070	47.8	1.92e-72	263
v081	v001	50.5	5.59e-72	261
v081	v007	46.6	9.54e-72	260
v081	v061	47.1	1.06e-70	257
v081	v059	46.3	5.24e-70	255
v081	v051	47.2	8.93e-70	254
v081	v019	45.5	1.17e-69	253
v081	v036	48.0	3.75e-68	248
v081	v075	49.4	4.9e-68	248
v081	v060	45.7	8.36e-68	247
v081	v071	48.9	1.09e-67	247
v081	v041	45.1	5.07e-65	238
v081	v020	43.9	2.78e-63	232
v081	v043	41.6	6.21e-55	205
v081	v067	32.0	1.26e-31	127
v081	v050	30.5	4.79e-31	125
v081	v079	32.2	2.01e-29	120
v081	v040	30.7	4.8e-23	99
v081	v063	26.3	1.54e-21	94
v081	v038	27.6	6.51e-12	62
v081	v017	33.0	1.55e-05	40
v081	v065	25.0	0.000382	36
v081	v049	27.7	0.000652	35
v081	v039	25.0	0.0358	29
v081	v037	30.7	0.881	25
v081	v035	32.4	5.71	22
v081	v003	32.0	5.71	22
v080	v044	97.7	5.11e-171	590
v080	v015	97.7	5.11e-171	590
v080	v046	97.7	5.11e-171	590
v080	v029	97.3	1.94e-170	588
v080	v025	95.0	1.7e-166	575
v080	v014	94.0	3.21e-165	571
v080	v045	94.0	3.21e-165	571
v080	v013	99.6	4.8e-153	530
v080	v026	98.1	5.87e-151	523
v080	v030	97.3	6.49e-150	520
v080	v011	97.3	6.49e-150	520
v080	v008	96.9	1.45e-149	519
v080	v010	96.2	3.33e-146	508
v080	v012	94.3	1.27e-145	506
v080	v031	94.3	1.27e-145	506
v080	v023	79.7	1.45e-141	492
v080	v027	79.4	1.36e-139	486
v080	v022	79.4	1.36e-139	486
v080	v074	75.8	4.52e-127	444
v080	v016	74.7	6.55e-118	414
v080	v052	68.1	4.56e-103	364
v080	v024	60.7	4.56e-103	364
v080	v053	68.3	1.01e-102	363
v080	v072	58.4	1.79e-99	352
v080	v054	64.9	1.16e-98	350
v080	v002	64.6	3.38e-98	348
v080	v005	60.1	7.53e-98	347
v080	v064	64.7	2.19e-97	346
v080	v006	59.8	2.86e-97	345
v080	v062	62.4	1.57e-95	339
v080	v078	56.7	5.58e-93	331
v080	v009	54.9	2.2e-89	319
v080	v069	57.2	2.2e-89	319
v080	v033	57.5	1.74e-86	309
v080	v034	56.7	2.97e-86	309
v080	v028	55.0	1.63e-84	303
v080	v032	49.0	2.43e-80	289
v080	v073	49.8	3.18e-80	289
v080	v058	51.2	1.21e-79	287
v080	v018	50.3	3.88e-78	282
v080	v057	55.0	6.62e-78	281
v080	v056	54.6	1.48e-77	280
v080	v068	49.0	7.32e-77	277
v080	v055	54.2	7.32e-77	277
v080	v070	48.3	2.78e-76	275
v080	v042	50.6	4.75e-76	275
v080	v007	48.7	8.95e-75	270
v080	v066	46.5	2.21e-73	266
v080	v077	45.9	6.42e-73	264
v080	v001	49.7	4.16e-72	262
v080	v004	49.5	5.43e-72	261
v080	v051	49.1	7.09e-72	261
v080	v076	49.3	1.21e-71	260
v080	v019	44.0	7.84e-71	257
v080	v059	46.2	1.34e-70	257
v080	v047	47.9	2.52e-69	252
v080	v021	47.9	2.52e-69	252
v080	v075	48.9	9.59e-69	250
v080	v071	44.4	2.14e-68	249
v080	v036	48.1	1.06e-67	247
v080	v041	44.5	4.45e-66	242
v080	v060	47.0	4.45e-66	242
v080	v020	48.2	1.69e-65	240
v080	v061	45.9	4.17e-64	235
v080	v043	41.5	7.13e-56	208
v080	v050	33.9	1.55e-34	137
v080	v079	34.7	1.89e-32	130
v080	v067	34.8	3.02e-30	122
v080	v063	31.1	2.92e-25	106
v080	v040	30.0	9.4e-24	101
v080	v038	25.8	5.17e-14	69
v080	v065	28.4	4.68e-07	45
v080	v037	27.2	1.97e-05	40
v080	v017	31.2	4.38e-05	39
v080	v035	22.2	9.77e-05	38
v080	v003	22.9	0.000128	37
v080	v049	26.7	0.000218	37
v080	v039	22.3	0.0119	31
v080	v039	25.0	0.0266	30
v080	v049	30.0	1.46	24
v079	v050	85.4	1.51e-140	489
v079	v007	31.9	1.83e-37	146
v079	v077	32.8	2.39e-37	146
v079	v001	34.5	3.13e-37	146
v079	v067	33.2	1.31e-35	140
v079	v075	35.2	1.72e-35	140
v079	v076	31.4	2.24e-35	139
v079	v066	32.6	4.99e-35	138
v079	v068	31.5	4.99e-35	138
v079	v016	34.7	1.9e-34	136
v079	v041	33.3	2.48e-34	136
v079	v045	36.0	5.52e-34	135
v079	v014	36.0	5.52e-34	135
v079	v031	36.0	5.52e-34	135
v079	v012	36.0	5.52e-34	135
v079	v062	34.4	7.21e-34	134
v079	v070	33.6	1.23e-33	134
v079	v047	32.2	1.61e-33	133
v079	v025	35.6	1.61e-33	133
v079	v021	32.2	1.61e-33	133
v079	v059	31.6	2.1e-33	133
v079	v019	30.9	7.97e-33	131
v079	v029	35.2	7.97e-33	131
v079	v013	34.7	1.78e-32	130
v079	v061	30.8	5.17e-32	128
v079	v008	34.3	6.75e-32	128
v079	v044	34.0	8.81e-32	127
v079	v046	34.0	8.81e-32	127
v079	v011	34.0	8.81e-32	127
v079	v015	34.0	8.81e-32	127
v079	v030	34.0	8.81e-32	127
v079	v071	29.2	1.5e-31	127
v079	v027	34.7	1.96e-31	126
v079	v023	34.4	1.96e-31	126
v079	v022	34.7	1.96e-31	126
v079	v010	34.0	1.96e-31	126
v079	v033	31.9	3.35e-31	126
v079	v026	33.9	3.35e-31	126
v079	v009	32.8	3.35e-31	126
v079	v004	32.2	7.46e-31	124
v079	v034	32.7	1.27e-30	124
v079	v053	32.2	1.66e-30	123
v079	v042	30.8	4.84e-30	122
v079	v069	33.2	1.41e-29	120
v079	v006	29.7	1.41e-29	120
v079	v005	32.3	1.84e-29	120
v079	v018	30.8	2.4e-29	119
v079	v074	33.2	3.13e-29	119
v079	v051	30.2	3.13e-29	119
v079	v036	29.7	1.19e-28	117
v079	v064	32.2	2.65e-28	116
v079	v060	30.5	3.47e-28	116
v079	v054	31.0	3.47e-28	116
v079	v052	30.8	3.47e-28	116
v079	v078	32.6	1.32e-27	114
v079	v002	30.6	2.25e-27	113
v079	v020	30.3	2.25e-27	113
v079	v024	30.5	2.93e-27	112
v079	v056	32.5	8.54e-27	111
v079	v055	31.7	1.23e-25	107
v079	v058	28.6	2.1e-25	106
v079	v072	29.5	7.99e-25	104
v079	v073	27.0	1.04e-24	104
v079	v043	27.7	1.15e-23	101
v079	v057	30.8	6.33e-22	95
v079	v032	27.4	3.14e-21	92
v079	v028	28.5	9.14e-21	91
v079	v063	26.6	1.78e-16	77
v079	v040	24.3	3.04e-16	76
v079	v038	25.3	3.6e-09	52
v079	v037	24.3	0.025	30
v079	v049	27.1	1.05	24
v078	v072	60.4	3.51e-100	355
v078	v002	66.2	4.59e-100	354
v078	v052	64.2	7.83e-100	354
v078	v053	64.2	2.97e-99	352
v078	v054	65.7	1.48e-98	349
v078	v062	64.6	4.3e-98	348
v078	v024	58.5	1.17e-95	340
v078	v064	61.9	1.53e-95	339
v078	v029	58.0	3.4e-95	338
v078	v016	63.6	7.58e-95	337
v078	v006	58.8	4.91e-94	334
v078	v015	56.7	2.44e-93	332
v078	v044	56.7	2.44e-93	332
v078	v046	56.7	2.44e-93	332
v078	v025	56.7	2.06e-92	329
v078	v023	55.6	3.52e-92	328
v078	v014	56.6	6.01e-92	327
v078	v045	56.6	6.01e-92	327
v078	v022	55.4	7.85e-92	327
v078	v027	55.4	7.85e-92	327
v078	v026	60.6	2.28e-91	325
v078	v030	60.2	3.89e-91	325
v078	v011	60.2	3.89e-91	325
v078	v013	60.2	8.68e-91	324
v078	v008	60.0	1.48e-90	323
v078	v031	59.8	3.3e-90	322
v078	v012	59.8	3.3e-90	322
v078	v005	57.5	7.34e-90	320
v078	v074	57.2	2.14e-89	319
v078	v009	57.0	2.14e-89	319
v078	v010	59.8	2.79e-89	319
v078	v073	54.1	1.69e-86	309
v078	v057	55.4	2.14e-81	292
v078	v056	55.4	6.23e-81	291
v078	v055	55.0	1.39e-80	290
v078	v028	50.9	9e-80	287
v078	v068	48.5	3.54e-76	275
v078	v066	48.7	1.03e-75	273
v078	v033	50.7	1.34e-75	273
v078	v018	48.3	6.67e-75	271
v078	v069	49.1	1.49e-74	270
v078	v007	48.2	9.64e-74	267
v078	v034	49.7	4.78e-73	265
v078	v032	48.4	1.82e-72	263
v078	v042	49.4	1.82e-72	263
v078	v070	46.7	2.01e-71	259
v078	v076	48.0	2.01e-71	259
v078	v051	46.7	4.95e-70	255
v078	v019	44.6	6.46e-70	254
v078	v077	45.2	1.1e-69	253
v078	v061	45.3	2.46e-69	252
v078	v058	46.6	9.33e-69	250
v078	v047	46.9	2.08e-68	249
v078	v021	46.9	2.08e-68	249
v078	v060	47.4	6.05e-68	248
v078	v004	46.6	1.35e-67	247
v078	v001	44.9	9.66e-66	240
v078	v036	45.3	3.11e-64	235
v078	v059	42.2	3.11e-64	235
v078	v071	41.8	1.18e-63	233
v078	v075	46.4	1.7e-62	230
v078	v041	43.4	2.23e-62	229
v078	v020	42.9	5.48e-61	225
v078	v043	42.2	2.64e-55	206
v078	v067	32.1	1.56e-31	127
v078	v050	33.1	5.01e-30	122
v078	v040	30.6	1.36e-27	114
v078	v063	30.7	1.08e-24	104
v078	v038	27.8	2.04e-15	73
v078	v049	27.1	0.000805	35
v078	v017	25.7	0.00105	34
v078	v065	25.9	0.00522	32
v078	v049	24.3	0.0259	30
v078	v037	24.5	0.0338	29
v078	v039	23.5	0.219	27
v078	v039	24.4	1.86	23
v077	v007	85.9	2.33e-155	538
v077	v068	84.5	3.71e-153	531
v077	v066	82.9	5.93e-151	523
v077	v076	79.9	3.85e-142	494
v077	v019	73.9	1.12e-133	466
v077	v061	68.4	1.47e-125	439
v077	v060	66.5	3.51e-119	418
v077	v051	58.7	1.13e-101	360
v077	v036	54.5	1.48e-101	359
v077	v071	55.5	4.46e-98	348
v077	v059	56.0	3.19e-96	342
v077	v020	51.3	7.13e-88	314
v077	v042	53.1	3.31e-85	305
v077	v018	47.7	1.82e-83	299
v077	v004	48.8	9.34e-80	287
v077	v001	49.7	1.14e-77	280
v077	v070	47.5	7.4e-77	277
v077	v022	48.5	4.79e-76	275
v077	v027	48.5	4.79e-76	275
v077	v062	51.9	2.38e-75	272
v077	v024	47.6	4.06e-75	272
v077	v006	49.7	6.92e-75	271
v077	v014	46.2	9.04e-75	270
v077	v045	46.2	9.04e-75	270
v077	v046	46.9	1.18e-74	270
v077	v015	46.9	1.18e-74	270
v077	v044	46.9	1.18e-74	270
v077	v025	45.9	2.63e-74	269
v077	v029	46.2	4.49e-74	268
v077	v041	47.0	4.49e-74	268
v077	v021	47.3	4.49e-74	268
v077	v047	47.3	4.49e-74	268
v077	v012	50.0	1.71e-73	266
v077	v031	50.0	1.71e-73	266
v077	v011	50.7	2.23e-73	266
v077	v030	50.7	2.23e-73	266
v077	v064	50.8	3.8e-73	265
v077	v074	47.3	6.48e-73	264
v077	v016	49.8	6.48e-73	264
v077	v052	50.9	6.48e-73	264
v077	v026	50.0	2.46e-72	262
v077	v023	47.2	4.2e-72	262
v077	v008	50.0	7.17e-72	261
v077	v013	49.6	1.22e-71	260
v077	v053	50.0	2.72e-71	259
v077	v010	50.0	3.56e-71	258
v077	v072	44.8	3.33e-69	252
v077	v005	46.7	7.41e-69	251
v077	v075	49.8	1.65e-68	250
v077	v033	46.4	1.83e-67	246
v077	v056	46.6	3.12e-67	245
v077	v057	46.6	3.12e-67	245
v077	v055	46.3	1.55e-66	243
v077	v073	44.8	3.44e-66	242
v077	v032	45.5	7.67e-66	241
v077	v054	46.1	1e-65	240
v077	v002	46.3	2.92e-65	239
v077	v034	44.9	4.21e-64	235
v077	v009	41.3	1.04e-62	230
v077	v069	46.5	2.55e-61	226
v077	v043	47.5	5.69e-61	225
v077	v058	39.8	3.45e-58	215
v077	v028	40.3	2.24e-57	213
v077	v067	37.3	4.1e-43	165
v077	v050	32.7	1.67e-36	143
v077	v063	29.1	3.85e-25	106
v077	v040	25.1	8.88e-22	94
v077	v038	30.6	4.27e-16	75
v077	v037	25.6	5.23e-06	42
v077	v049	27.1	2.6e-05	40
v077	v003	25.6	4.43e-05	39
v077	v035	24.0	0.000168	37
v076	v068	76.6	1.67e-137	479
v076	v007	76.8	3.73e-137	478
v076	v066	78.3	8.31e-137	476
v076	v019	73.9	5.57e-133	464
v076	v061	71.9	2.68e-127	445
v076	v060	66.3	1.29e-121	426
v076	v051	57.3	4.31e-101	358
v076	v036	54.4	4.76e-100	354
v076	v059	53.2	4.77e-92	328
v076	v071	53.7	1.54e-90	323
v076	v020	50.2	9.64e-85	304
v076	v042	49.5	1.54e-82	296
v076	v018	48.5	1.22e-79	287
v076	v004	47.4	5.66e-77	278
v076	v062	52.6	4.79e-76	275
v076	v001	48.2	4.06e-75	272
v076	v070	49.6	2.01e-74	269
v076	v016	51.1	2.23e-73	266
v076	v047	46.6	2.91e-73	265
v076	v021	46.6	2.91e-73	265
v076	v012	49.4	4.96e-73	265
v076	v014	49.3	4.96e-73	265
v076	v031	49.4	4.96e-73	265
v076	v045	49.3	4.96e-73	265
v076	v025	48.9	1.44e-72	263
v076	v024	50.9	1.89e-72	263
v076	v029	49.3	2.46e-72	262
v076	v044	49.6	4.2e-72	262
v076	v011	49.8	4.2e-72	262
v076	v015	49.6	4.2e-72	262
v076	v046	49.6	4.2e-72	262
v076	v030	49.8	4.2e-72	262
v076	v008	49.6	5.49e-72	261
v076	v027	46.7	7.17e-72	261
v076	v022	46.7	7.17e-72	261
v076	v052	50.0	9.36e-72	260
v076	v013	49.4	1.22e-71	260
v076	v026	49.4	2.08e-71	259
v076	v006	47.5	4.64e-71	258
v076	v023	46.2	6.07e-71	258
v076	v072	45.9	1.76e-70	256
v076	v041	44.5	3.01e-70	255
v076	v053	49.1	5.13e-70	255
v076	v010	49.1	8.76e-70	254
v076	v064	49.3	8.76e-70	254
v076	v074	45.7	2.55e-69	252
v076	v033	47.0	7.41e-69	251
v076	v075	49.6	7.41e-69	251
v076	v054	48.3	3.68e-68	248
v076	v002	48.1	6.28e-68	248
v076	v057	46.1	2.02e-66	243
v076	v034	45.5	7.67e-66	241
v076	v056	46.1	1e-65	240
v076	v055	45.7	1.31e-65	240
v076	v005	44.7	3.22e-64	235
v076	v009	43.2	5.5e-64	235
v076	v073	45.5	2.09e-63	233
v076	v032	47.4	1.04e-62	230
v076	v043	45.3	2.16e-60	223
v076	v028	41.6	4.82e-60	221
v076	v069	42.2	2.64e-58	216
v076	v058	39.2	9.4e-56	207
v076	v067	35.7	2.03e-42	163
v076	v050	32.7	2.84e-36	143
v076	v040	27.8	3.85e-25	106
v076	v063	29.8	1.46e-24	104
v076	v038	29.9	7.78e-18	81
v076	v037	30.1	1.52e-05	40
v076	v003	24.5	0.000287	36
v076	v049	25.6	0.00142	34
v075	v001	61.5	2.56e-100	355
v075	v021	61.8	1.19e-97	346
v075	v047	61.8	1.19e-97	346
v075	v004	57.3	1.46e-87	313
v075	v018	55.7	2.57e-84	302
v075	v042	54.6	4.25e-79	285
v075	v059	52.3	9.47e-79	283
v075	v071	49.5	3.05e-77	278
v075	v020	51.1	1.85e-74	269
v075	v070	47.3	5.03e-72	261
v075	v051	53.6	1.12e-71	260
v075	v007	48.9	9.5e-71	257
v075	v068	51.9	4.71e-70	255
v075	v015	49.3	1.79e-69	253
v075	v044	49.3	1.79e-69	253
v075	v046	49.3	1.79e-69	253
v075	v029	48.9	1.16e-68	250
v075	v066	50.2	1.16e-68	250
v075	v062	50.4	1.52e-68	250
v075	v036	49.8	2.19e-67	246
v075	v074	47.9	2.19e-67	246
v075	v025	47.8	1.42e-66	243
v075	v030	49.8	1.42e-66	243
v075	v011	49.8	1.42e-66	243
v075	v056	49.8	1.85e-66	243
v075	v026	49.8	2.42e-66	242
v075	v045	47.5	3.16e-66	242
v075	v014	47.5	3.16e-66	242
v075	v013	49.4	5.39e-66	241
v075	v008	49.2	7.04e-66	241
v075	v057	48.6	1.57e-65	240
v075	v069	45.8	1.57e-65	240
v075	v010	48.5	2.68e-65	239
v075	v055	48.6	2.68e-65	239
v075	v031	48.6	2.27e-64	236
v075	v012	48.6	2.27e-64	236
v075	v016	48.6	2.27e-64	236
v075	v005	47.2	2.96e-64	235
v075	v058	45.7	3.86e-64	235
v075	v019	43.7	6.59e-64	234
v075	v061	46.2	6.59e-64	234
v075	v009	48.4	8.61e-64	234
v075	v006	45.4	2.5e-63	232
v075	v053	47.4	5.58e-63	231
v075	v073	45.0	7.29e-63	231
v075	v054	46.6	9.52e-63	230
v075	v060	46.6	1.24e-62	230
v075	v041	46.5	1.24e-62	230
v075	v064	49.2	1.62e-62	230
v075	v002	45.6	2.77e-62	229
v075	v022	44.8	6.17e-62	228
v075	v027	44.8	6.17e-62	228
v075	v023	44.7	2.34e-61	226
v075	v072	43.5	5.22e-61	225
v075	v052	47.0	5.22e-61	225
v075	v024	43.8	5.22e-61	225
v075	v033	43.0	1.42e-58	216
v075	v043	41.9	1.47e-55	206
v075	v028	40.4	4.28e-55	205
v075	v034	40.9	9.54e-55	204
v075	v032	41.0	8.93e-53	197
v075	v067	37.6	1.38e-37	147
v075	v050	32.9	1.13e-31	127
v075	v063	29.5	1.34e-24	104
v075	v038	28.2	2.45e-18	83
v075	v040	23.4	6.04e-17	78
v075	v039	21.8	0.0145	30
v075	v037	29.1	0.0322	29
v075	v049	48.4	0.122	27
v075	v065	24.1	0.465	25
v074	v027	78.2	9.82e-132	460
v074	v022	78.2	9.82e-132	460
v074	v023	76.8	7.78e-129	450
v074	v015	76.8	1.33e-128	449
v074	v046	76.8	1.33e-128	449
v074	v044	76.8	1.33e-128	449
v074	v014	76.5	1.92e-127	445
v074	v045	76.5	1.92e-127	445
v074	v025	75.8	1.62e-126	442
v074	v029	76.1	2.12e-126	442
v074	v011	79.7	2.86e-123	431
v074	v030	79.7	2.86e-123	431
v074	v012	79.7	1.09e-122	429
v074	v031	79.7	1.09e-122	429
v074	v013	78.9	3.17e-122	428
v074	v026	78.9	3.17e-122	428
v074	v008	78.6	1.2e-121	426
v074	v010	78.2	4.28e-119	418
v074	v016	74.7	1.8e-117	412
v074	v072	61.5	4.02e-101	358
v074	v024	59.9	4.45e-100	354
v074	v052	65.4	6.42e-99	351
v074	v053	65.6	1.43e-98	349
v074	v064	66.7	2.7e-97	345
v074	v006	58.5	1.06e-93	333
v074	v005	58.4	1.39e-93	333
v074	v062	62.5	1.17e-92	330
v074	v002	60.8	4.93e-91	324
v074	v054	60.7	1.1e-90	323
v074	v009	57.2	1.75e-88	316
v074	v069	55.0	3.31e-87	312
v074	v032	53.1	1.54e-84	303
v074	v033	56.4	3.42e-84	302
v074	v057	57.9	3.78e-83	298
v074	v073	54.2	6.45e-83	297
v074	v055	57.1	4.18e-82	295
v074	v028	51.8	4.18e-82	295
v074	v056	57.1	5.46e-82	294
v074	v018	54.0	1.22e-81	293
v074	v034	55.3	2.08e-81	292
v074	v058	51.7	1.39e-77	280
v074	v068	49.8	4.05e-77	278
v074	v004	51.7	4.48e-76	275
v074	v042	49.5	9.98e-76	273
v074	v070	49.0	2.22e-75	272
v074	v051	49.1	7.15e-74	267
v074	v007	49.1	7.15e-74	267
v074	v019	47.3	9.34e-74	267
v074	v066	47.8	9.34e-74	267
v074	v021	51.3	3e-72	262
v074	v001	52.0	3e-72	262
v074	v047	51.3	3e-72	262
v074	v061	46.1	6.27e-70	254
v074	v036	49.1	1.4e-69	253
v074	v060	44.3	5.3e-69	251
v074	v071	44.9	5.3e-69	251
v074	v059	45.5	5.3e-69	251
v074	v041	46.2	3.22e-66	242
v074	v020	44.5	2.72e-65	239
v074	v043	40.3	7.44e-55	204
v074	v067	35.0	6.77e-32	128
v074	v050	32.1	4.39e-31	125
v074	v040	29.7	5.55e-26	108
v074	v063	27.5	1.85e-21	93
v074	v038	25.6	3.38e-15	72
v074	v065	28.4	4.89e-06	42
v074	v003	23.0	4.89e-06	42
v074	v035	22.2	6.38e-06	42
v074	v037	25.8	1.86e-05	40
v074	v017	30.1	9.22e-05	38
v074	v039	20.9	0.00102	34
v074	v049	26.7	0.00133	34
v074	v039	22.4	1.38	24
v074	v049	24.6	1.8	23
v073	v053	62.2	7.07e-96	341
v073	v006	57.6	1.57e-95	339
v073	v062	60.7	9.55e-93	330
v073	v052	60.1	2.13e-92	329
v073	v005	58.1	8.94e-91	324
v073	v002	60.1	3.76e-89	318
v073	v009	55.2	2.44e-88	315
v073	v072	56.2	2.44e-88	315
v073	v024	54.5	1.21e-87	313
v073	v054	59.1	2.06e-87	312
v073	v064	57.3	4.59e-87	311
v073	v016	56.9	4.75e-84	301
v073	v056	56.0	1.81e-83	299
v073	v057	55.3	8.96e-83	297
v073	v027	50.7	8.96e-83	297
v073	v022	50.7	8.96e-83	297
v073	v055	54.9	4.45e-82	295
v073	v044	51.0	7.59e-82	294
v073	v046	51.0	7.59e-82	294
v073	v015	51.0	7.59e-82	294
v073	v029	50.7	1.29e-81	293
v073	v045	50.7	1.69e-81	293
v073	v014	50.7	1.69e-81	293
v073	v025	50.3	4.92e-81	291
v073	v023	51.0	4.92e-81	291
v073	v058	53.7	8.39e-81	290
v073	v030	53.4	7.85e-79	284
v073	v011	53.4	7.85e-79	284
v073	v012	53.1	1.03e-78	283
v073	v031	53.1	1.03e-78	283
v073	v008	53.2	2.98e-78	282
v073	v026	53.1	3.9e-78	282
v073	v013	52.7	8.68e-78	280
v073	v010	52.7	2.14e-76	276
v073	v032	50.9	5.82e-74	268
v073	v028	47.5	5.82e-74	268
v073	v018	49.3	1.87e-72	263
v073	v042	45.8	1.87e-72	263
v073	v033	49.4	8.7e-70	254
v073	v051	46.0	7.37e-69	251
v073	v034	48.2	3.66e-68	248
v073	v068	45.2	3.09e-67	245
v073	v066	46.6	2.01e-66	243
v073	v001	44.6	1.22e-63	233
v073	v070	43.3	1.22e-63	233
v073	v004	44.6	1.22e-63	233
v073	v007	44.3	3.54e-63	232
v073	v069	45.8	4.62e-63	231
v073	v047	43.5	6.04e-63	231
v073	v021	43.5	6.04e-63	231
v073	v041	44.4	2.3e-62	229
v073	v019	43.0	8.72e-62	227
v073	v071	43.2	1.14e-61	227
v073	v059	42.1	1.26e-60	223
v073	v061	46.5	4.79e-60	221
v073	v036	44.9	6.25e-60	221
v073	v060	45.0	6.91e-59	218
v073	v020	42.0	4.64e-55	205
v073	v043	36.9	2.63e-50	189
v073	v067	30.3	1.89e-32	130
v073	v050	26.1	1.9e-24	103
v073	v063	27.1	5.72e-21	92
v073	v040	30.2	2.03e-18	83
v073	v038	29.3	1.51e-13	67
v073	v003	27.7	8.57e-09	51
v073	v035	26.5	1.46e-08	50
v073	v037	32.4	0.000128	37
v073	v039	25.9	0.00083	35
v073	v037	33.3	0.00142	34
v073	v017	29.5	0.00241	33
v073	v049	25.2	0.00917	31
v073	v065	22.1	0.101	28
v072	v053	70.9	8.29e-108	380
v072	v052	68.6	1.73e-105	372
v072	v024	62.2	2.26e-105	372
v072	v062	68.8	2.95e-105	372
v072	v016	67.9	4.26e-104	368
v072	v029	60.1	3.05e-102	362
v072	v005	62.7	6.8e-102	361
v072	v046	58.7	2.19e-100	356
v072	v015	58.7	2.19e-100	356
v072	v044	58.7	2.19e-100	356
v072	v023	59.5	2.86e-100	355
v072	v045	58.9	3.73e-100	355
v072	v014	58.9	3.73e-100	355
v072	v006	62.1	1.09e-99	353
v072	v025	58.6	1.42e-99	353
v072	v027	58.6	1.85e-99	352
v072	v022	58.6	1.85e-99	352
v072	v054	65.3	1.73e-97	346
v072	v002	64.9	2.26e-97	346
v072	v064	63.9	1.92e-96	342
v072	v012	61.5	3.61e-95	338
v072	v031	61.5	3.61e-95	338
v072	v011	61.1	4.72e-95	338
v072	v030	61.1	4.72e-95	338
v072	v008	60.8	1.37e-94	336
v072	v026	60.7	1.79e-94	336
v072	v013	60.7	2.34e-94	335
v072	v010	59.9	1.86e-91	326
v072	v009	54.8	3.16e-91	325
v072	v028	57.2	5.97e-90	321
v072	v032	54.5	2.77e-87	312
v072	v033	54.5	1.02e-81	294
v072	v057	56.8	1.33e-81	293
v072	v056	56.4	1.74e-81	293
v072	v055	56.2	3.88e-81	292
v072	v034	51.9	5.79e-77	278
v072	v058	50.3	4.91e-76	275
v072	v018	47.9	4.75e-71	258
v072	v069	47.6	1.81e-70	256
v072	v068	46.2	1.81e-70	256
v072	v007	45.1	2.36e-70	256
v072	v066	44.1	3.4e-69	252
v072	v042	47.6	1.1e-67	247
v072	v019	44.7	1.1e-67	247
v072	v047	45.0	3.19e-67	245
v072	v021	45.0	3.19e-67	245
v072	v004	45.8	2.7e-66	242
v072	v061	45.3	1.75e-65	240
v072	v051	44.3	2.98e-65	239
v072	v070	43.5	3.3e-64	235
v072	v001	44.5	1.25e-63	233
v072	v060	41.3	4.76e-63	231
v072	v036	43.1	8.12e-63	231
v072	v059	38.9	2.21e-60	223
v072	v071	39.9	4.93e-60	221
v072	v041	43.4	3.53e-58	215
v072	v020	41.6	7.87e-58	214
v072	v043	36.1	4.62e-50	188
v072	v050	29.4	1.15e-24	104
v072	v067	29.8	7.43e-24	101
v072	v040	29.6	1.66e-23	100
v072	v063	27.2	3.12e-22	96
v072	v038	26.8	5.9e-13	65
v072	v003	25.3	9.75e-08	48
v072	v035	24.5	4.84e-07	45
v072	v017	29.4	0.000225	37
v072	v065	27.9	0.000501	35
v072	v037	24.3	0.00325	33
v072	v049	23.5	0.0123	31
v072	v039	20.4	0.0275	30
v072	v042	31.0	0.136	27
v071	v059	80.9	9.57e-146	506
v071	v051	60.6	2.01e-111	392
v071	v020	57.8	5.5e-101	357
v071	v036	57.7	5.5e-101	357
v071	v066	55.4	3.33e-98	348
v071	v068	54.5	4.35e-98	348
v071	v007	53.5	6.95e-96	341
v071	v061	55.2	1.71e-94	336
v071	v019	52.5	1.77e-91	326
v071	v060	57.7	6.73e-91	324
v071	v004	52.9	2.65e-87	312
v071	v042	52.0	1.72e-86	309
v071	v018	51.0	1.23e-84	303
v071	v047	52.6	5.71e-82	294
v071	v021	52.6	5.71e-82	294
v071	v001	51.4	1.08e-80	290
v071	v070	47.9	6.33e-73	264
v071	v027	44.7	3.84e-70	255
v071	v022	44.7	3.84e-70	255
v071	v041	44.6	5.02e-70	255
v071	v025	45.1	1.12e-69	253
v071	v044	44.7	1.91e-69	253
v071	v046	44.7	1.91e-69	253
v071	v015	44.7	1.91e-69	253
v071	v014	44.8	2.49e-69	252
v071	v045	44.8	2.49e-69	252
v071	v029	44.4	5.55e-69	251
v071	v023	45.1	2.11e-68	249
v071	v030	47.5	2.75e-68	249
v071	v011	47.5	2.75e-68	249
v071	v012	46.8	3.6e-68	248
v071	v031	46.8	3.6e-68	248
v071	v026	47.5	4.7e-68	248
v071	v005	48.1	6.13e-68	248
v071	v057	45.6	2.33e-67	246
v071	v016	46.6	3.04e-67	245
v071	v013	47.2	3.04e-67	245
v071	v043	48.0	3.97e-67	245
v071	v056	45.2	8.86e-67	244
v071	v006	46.7	8.86e-67	244
v071	v008	46.2	8.86e-67	244
v071	v055	45.2	1.51e-66	243
v071	v033	46.2	2.58e-66	242
v071	v062	47.3	4.39e-66	242
v071	v053	47.0	5.74e-66	241
v071	v010	46.8	5.74e-66	241
v071	v052	47.0	1.08e-64	237
v071	v034	45.8	5.37e-64	235
v071	v064	44.0	3.48e-63	232
v071	v024	44.9	1.32e-62	230
v071	v069	43.0	2.5e-61	226
v071	v054	43.4	4.26e-61	225
v071	v002	43.0	1.62e-60	223
v071	v032	42.7	1.51e-58	216
v071	v058	39.6	4.4e-58	215
v071	v009	41.7	2.42e-56	209
v071	v028	37.9	2.05e-55	206
v071	v067	35.6	5.05e-46	175
v071	v050	29.8	4.15e-32	129
v071	v063	27.7	2.88e-25	106
v071	v040	25.4	3.09e-19	86
v071	v037	26.1	0.00529	32
v071	v049	24.8	0.0262	30
v071	v017	23.8	7.15	22
v070	v042	54.5	1.58e-84	303
v070	v027	51.1	2e-79	286
v070	v022	51.1	2e-79	286
v070	v018	49.2	1.69e-78	283
v070	v001	51.0	2.88e-78	282
v070	v068	52.0	3.77e-78	282
v070	v007	50.9	6.43e-78	281
v070	v004	50.7	1.43e-77	280
v070	v066	49.8	4.17e-77	278
v070	v029	48.6	5.44e-77	278
v070	v023	49.5	1.21e-76	277
v070	v006	53.9	2.7e-76	275
v070	v069	47.8	4.61e-76	275
v070	v047	52.3	4.61e-76	275
v070	v021	52.3	4.61e-76	275
v070	v046	47.9	7.86e-76	274
v070	v044	47.9	7.86e-76	274
v070	v015	47.9	7.86e-76	274
v070	v051	49.8	2.29e-75	272
v070	v014	47.6	5.09e-75	271
v070	v045	47.6	5.09e-75	271
v070	v025	47.6	6.65e-75	271
v070	v060	50.4	1.13e-74	270
v070	v053	53.3	1.48e-74	270
v070	v026	49.8	1.94e-74	269
v070	v013	49.8	2.53e-74	269
v070	v061	46.3	2.53e-74	269
v070	v062	49.6	4.31e-74	268
v070	v036	50.7	1.25e-73	267
v070	v009	47.3	1.25e-73	267
v070	v033	51.3	1.64e-73	266
v070	v008	49.1	1.64e-73	266
v070	v011	49.1	2.14e-73	266
v070	v030	49.1	2.14e-73	266
v070	v052	51.1	3.65e-73	265
v070	v059	47.3	8.13e-73	264
v070	v019	44.7	1.06e-72	263
v070	v031	48.7	1.39e-72	263
v070	v012	48.7	1.39e-72	263
v070	v010	48.0	3.42e-71	258
v070	v016	49.4	3.42e-71	258
v070	v054	49.1	9.94e-71	257
v070	v005	50.2	9.94e-71	257
v070	v032	45.3	1.7e-70	256
v070	v002	48.3	1.87e-69	253
v070	v034	50.5	2.45e-69	252
v070	v064	48.3	7.12e-69	251
v070	v024	45.8	3.53e-68	248
v070	v041	45.4	1.34e-67	247
v070	v020	47.0	4.32e-66	242
v070	v058	44.0	8.43e-62	227
v070	v056	46.8	7.14e-61	224
v070	v028	41.8	1.59e-60	223
v070	v057	45.7	6.04e-60	221
v070	v055	46.1	6.04e-60	221
v070	v043	39.3	4.64e-52	195
v070	v067	36.6	5.49e-45	171
v070	v050	32.9	1.66e-33	133
v070	v063	29.9	3.46e-31	126
v070	v040	29.7	1.66e-25	107
v070	v038	32.1	7.72e-23	98
v070	v017	24.1	0.00398	32
v070	v037	28.7	0.0052	32
v070	v049	29.6	0.0198	30
v070	v039	24.4	0.0751	28
v069	v046	56.8	2.66e-89	319
v069	v044	56.8	2.66e-89	319
v069	v015	56.8	2.66e-89	319
v069	v029	56.8	7.73e-89	317
v069	v030	60.8	2.25e-88	315
v069	v011	60.8	2.25e-88	315
v069	v013	61.2	2.94e-88	315
v069	v026	60.4	6.55e-88	314
v069	v025	57.6	1.12e-87	313
v069	v014	57.6	2.49e-87	312
v069	v045	57.6	2.49e-87	312
v069	v008	58.5	4.24e-87	311
v069	v031	61.2	1.23e-86	310
v069	v012	61.2	1.23e-86	310
v069	v010	60.4	1.61e-86	309
v069	v022	54.9	1.97e-84	302
v069	v027	54.9	1.97e-84	302
v069	v023	54.8	3.72e-83	298
v069	v062	56.0	3.48e-81	292
v069	v016	53.9	2.94e-80	289
v069	v064	53.9	9.47e-79	283
v069	v053	53.2	2.11e-78	282
v069	v052	55.1	6.14e-78	281
v069	v024	50.4	5.75e-76	274
v069	v009	51.1	9.8e-76	273
v069	v033	51.2	3.73e-75	272
v069	v005	50.5	1.08e-74	270
v069	v042	51.0	2.41e-74	269
v069	v034	51.9	3.15e-74	268
v069	v006	50.0	1.57e-73	266
v069	v004	48.3	4.55e-73	265
v069	v054	51.2	1.46e-71	260
v069	v018	45.9	2.5e-71	259
v069	v002	50.8	7.27e-71	257
v069	v001	48.4	1.98e-68	249
v069	v021	47.4	3.73e-67	245
v069	v047	47.4	3.73e-67	245
v069	v032	44.7	5.39e-66	241
v069	v059	45.4	2.96e-64	235
v069	v056	46.3	6.59e-64	234
v069	v028	48.6	6.59e-64	234
v069	v055	46.3	5.58e-63	231
v069	v057	45.9	7.29e-63	231
v069	v068	48.1	1.62e-62	230
v069	v007	46.5	1.62e-62	230
v069	v036	46.6	2.77e-62	229
v069	v051	46.7	6.82e-61	224
v069	v066	46.5	8.91e-61	224
v069	v019	40.8	4.42e-60	221
v069	v061	41.4	4.42e-60	221
v069	v060	44.5	5.4e-58	215
v069	v020	45.2	7.06e-58	214
v069	v041	44.4	9.22e-58	214
v069	v058	43.8	5.98e-57	211
v069	v043	35.6	4.29e-47	178
v069	v067	35.1	1.03e-32	131
v069	v050	32.3	1.48e-31	127
v069	v063	28.6	6.88e-29	118
v069	v040	28.6	7.37e-23	98
v069	v038	28.4	9.33e-18	81
v069	v017	24.0	0.000344	36
v069	v039	21.4	0.000449	35
v069	v065	28.0	0.00131	34
v069	v037	23.4	0.0247	30
v069	v049	25.4	0.0322	29
v069	v003	22.2	0.0322	29
v069	v037	26.7	0.0421	29
v069	v035	20.8	0.122	27
v069	v049	38.9	1.77	23
v068	v066	92.1	1.18e-167	579
v068	v007	88.4	2.16e-161	558
v068	v019	73.4	5.54e-133	464
v068	v061	71.3	1.12e-125	439
v068	v060	66.8	4.4e-122	428
v068	v036	58.0	9.84e-106	373
v068	v051	57.9	9.21e-104	367
v068	v059	54.1	1.02e-94	337
v068	v020	54.4	1.8e-91	326
v068	v042	56.9	1.69e-89	319
v068	v018	51.2	3.89e-86	308
v068	v004	49.0	1.69e-81	293
v068	v001	50.0	6.42e-81	291
v068	v045	49.3	1.34e-78	283
v068	v014	49.3	1.34e-78	283
v068	v025	49.0	3.9e-78	282
v068	v044	49.7	5.09e-78	281
v068	v029	49.3	5.09e-78	281
v068	v015	49.7	5.09e-78	281
v068	v046	49.7	5.09e-78	281
v068	v021	49.1	3.3e-77	278
v068	v047	49.1	3.3e-77	278
v068	v062	54.0	7.35e-77	277
v068	v022	49.0	9.6e-77	277
v068	v027	49.0	9.6e-77	277
v068	v031	51.7	1.25e-76	277
v068	v012	51.7	1.25e-76	277
v068	v030	52.0	6.22e-76	274
v068	v011	52.0	6.22e-76	274
v068	v052	52.3	2.36e-75	272
v068	v016	51.8	2.36e-75	272
v068	v026	51.3	6.88e-75	271
v068	v013	51.3	8.98e-75	270
v068	v008	51.3	1.53e-74	270
v068	v053	50.9	2.61e-74	269
v068	v006	50.5	3.41e-74	268
v068	v023	47.2	4.46e-74	268
v068	v064	51.5	4.46e-74	268
v068	v010	51.3	1.3e-73	267
v068	v041	46.5	2.89e-73	265
v068	v024	49.8	3.77e-73	265
v068	v033	47.6	1.94e-69	253
v068	v054	49.6	4.32e-69	252
v068	v056	48.1	1.64e-68	250
v068	v057	47.7	2.14e-68	249
v068	v002	49.2	4.77e-68	248
v068	v055	47.3	1.39e-67	247
v068	v005	45.9	9e-67	244
v068	v034	46.0	5.84e-66	241
v068	v032	44.9	5.84e-66	241
v068	v043	43.1	1.7e-65	240
v068	v009	42.6	4.62e-63	231
v068	v028	43.3	1.35e-62	230
v068	v058	41.7	4.33e-61	225
v068	v067	39.3	7.42e-45	171
v068	v050	31.8	3.45e-34	136
v068	v063	29.8	7.71e-26	108
v068	v040	28.0	5e-25	105
v068	v038	27.7	2.1e-15	73
v068	v049	27.9	1.51e-05	40
v068	v037	30.1	1.97e-05	40
v068	v003	27.0	3.37e-05	39
v067	v042	41.5	2.21e-51	193
v067	v060	40.2	4.61e-49	185
v067	v061	38.6	4.77e-46	175
v067	v019	38.0	2.37e-45	173
v067	v021	38.7	3.09e-45	173
v067	v047	38.7	3.09e-45	173
v067	v001	38.8	4.04e-45	172
v067	v007	39.0	8.99e-45	171
v067	v036	39.8	1.53e-44	170
v067	v066	39.3	4.46e-44	169
v067	v004	36.6	1.87e-42	163
v067	v059	34.0	9.3e-42	161
v067	v018	34.1	2.07e-41	160
v067	v020	33.3	1.34e-40	157
v067	v033	36.0	1.75e-40	157
v067	v034	37.2	8.71e-40	154
v067	v051	34.9	1.49e-39	154
v067	v041	33.2	2.8e-38	149
v067	v032	33.7	6.9e-37	145
v067	v050	33.2	1.1e-34	138
v067	v058	34.1	1.1e-34	138
v067	v009	36.2	3.2e-34	136
v067	v027	36.9	1.59e-33	134
v067	v022	36.9	1.59e-33	134
v067	v053	33.6	6.04e-33	132
v067	v057	35.7	7.89e-33	131
v067	v054	33.7	1.35e-32	131
v067	v052	34.3	1.35e-32	131
v067	v002	33.7	1.76e-32	130
v067	v056	35.7	2.3e-32	130
v067	v062	32.4	5.12e-32	129
v067	v010	35.2	8.73e-32	128
v067	v055	35.3	8.73e-32	128
v067	v025	35.7	1.14e-31	127
v067	v031	35.7	1.49e-31	127
v067	v045	35.7	1.49e-31	127
v067	v008	34.6	1.49e-31	127
v067	v014	35.7	1.49e-31	127
v067	v012	35.7	1.49e-31	127
v067	v011	35.2	1.94e-31	127
v067	v015	35.2	1.94e-31	127
v067	v046	35.2	1.94e-31	127
v067	v030	35.2	1.94e-31	127
v067	v044	35.2	1.94e-31	127
v067	v026	35.2	1.94e-31	127
v067	v023	35.6	2.54e-31	126
v067	v006	34.2	3.32e-31	126
v067	v043	32.7	7.39e-31	125
v067	v029	35.2	9.65e-31	124
v067	v013	34.8	3.67e-30	122
v067	v016	31.4	4.79e-30	122
v067	v064	31.5	3.1e-29	119
v067	v024	31.3	5.29e-29	119
v067	v005	32.3	6.91e-29	118
v067	v028	33.6	2.46e-26	110
v067	v063	30.3	8.75e-24	101
v067	v040	27.9	3.8e-19	86
v067	v038	25.9	4.07e-13	66
v067	v003	30.2	0.00101	35
v067	v035	28.4	0.00382	33
v067	v037	31.8	0.0941	28
v067	v039	25.0	0.21	27
v067	v049	35.9	5.16	22
v067	v037	33.3	5.16	22
v067	v049	36.4	6.74	22
v066	v007	85.8	2.47e-157	545
v066	v019	73.7	1.61e-132	462
v066	v061	71.6	3.48e-127	445
v066	v060	68.0	5.55e-125	437
v066	v036	56.5	1.42e-104	369
v066	v051	56.1	7.3e-101	357
v066	v059	55.3	7.07e-96	341
v066	v020	52.9	2.88e-89	319
v066	v042	53.2	7.08e-88	314
v066	v018	49.3	4.75e-84	301
v066	v004	50.8	1.29e-81	293
v066	v001	49.5	3.9e-78	282
v066	v027	48.3	2.79e-76	275
v066	v022	48.3	2.79e-76	275
v066	v021	48.5	8.13e-76	274
v066	v047	48.5	8.13e-76	274
v066	v052	53.0	2.36e-75	272
v066	v014	46.8	5.27e-75	271
v066	v045	46.8	5.27e-75	271
v066	v062	52.2	8.98e-75	270
v066	v029	46.8	1.53e-74	270
v066	v025	46.5	1.53e-74	270
v066	v044	46.8	4.46e-74	268
v066	v015	46.8	4.46e-74	268
v066	v046	46.8	4.46e-74	268
v066	v016	51.9	5.82e-74	268
v066	v023	47.2	5.82e-74	268
v066	v053	51.3	9.93e-74	267
v066	v031	50.2	1.3e-73	267
v066	v012	50.2	1.3e-73	267
v066	v024	46.2	6.44e-73	264
v066	v011	50.2	1.87e-72	263
v066	v064	50.9	1.87e-72	263
v066	v030	50.2	1.87e-72	263
v066	v006	50.9	2.45e-72	262
v066	v026	49.8	7.12e-72	261
v066	v013	49.8	9.3e-72	260
v066	v041	44.1	1.21e-71	260
v066	v008	49.8	1.59e-71	260
v066	v010	49.8	7.87e-71	257
v066	v033	47.6	1.26e-68	250
v066	v056	47.6	1.39e-67	247
v066	v054	48.1	1.39e-67	247
v066	v057	47.2	1.81e-67	246
v066	v002	48.3	2.01e-66	243
v066	v055	46.4	3.42e-66	242
v066	v032	44.0	4.47e-66	242
v066	v043	45.6	1.1e-64	237
v066	v034	45.0	3.2e-64	235
v066	v005	44.0	3.2e-64	235
v066	v009	41.8	1.49e-61	226
v066	v058	42.8	7.38e-61	224
v066	v028	41.8	9.64e-61	224
v066	v050	31.6	9.09e-35	138
v066	v063	29.5	4.52e-26	109
v066	v040	28.2	7.22e-24	101
v066	v038	28.8	3.25e-16	76
v066	v037	30.1	1.97e-05	40
v066	v049	27.9	1.97e-05	40
v066	v003	24.8	7.5e-05	38
v065	v049	27.1	5.16e-07	45
v065	v026	28.4	6.74e-07	45
v065	v013	28.4	6.74e-07	45
v065	v044	28.4	8.81e-07	44
v065	v008	28.4	8.81e-07	44
v065	v046	28.4	8.81e-07	44
v065	v015	28.4	8.81e-07	44
v065	v011	28.4	8.81e-07	44
v065	v030	28.4	8.81e-07	44
v065	v016	31.4	1.96e-06	43
v065	v023	32.3	9.74e-06	41
v065	v027	32.3	9.74e-06	41
v065	v010	27.6	9.74e-06	41
v065	v022	32.3	9.74e-06	41
v065	v037	28.0	1.27e-05	40
v065	v029	27.6	1.66e-05	40
v065	v025	27.7	1.66e-05	40
v065	v012	27.7	3.7e-05	39
v065	v014	27.7	3.7e-05	39
v065	v031	27.7	3.7e-05	39
v065	v045	27.7	3.7e-05	39
v065	v033	29.3	4.83e-05	39
v065	v009	26.2	0.000141	37
v065	v038	23.4	0.00024	36
v065	v034	27.3	0.000698	35
v065	v062	26.2	0.00203	33
v065	v052	24.5	0.00346	32
v065	v056	26.9	0.00771	31
v065	v057	26.9	0.0101	31
v065	v064	25.4	0.0101	31
v065	v047	26.9	0.0172	30
v065	v021	26.9	0.0172	30
v065	v004	25.0	0.0293	29
v065	v034	44.8	0.0383	29
v065	v058	34.0	0.05	28
v065	v053	23.9	0.05	28
v065	v018	23.1	0.19	27
v065	v028	52.0	0.248	26
v065	v024	21.5	0.248	26
v065	v032	23.7	0.553	25
v065	v020	34.3	3.58	22
v065	v043	44.0	3.58	22
v064	v053	70.0	5.8e-107	377
v064	v062	69.6	9.89e-107	376
v064	v052	67.7	2.88e-106	375
v064	v006	68.4	2.44e-105	372
v064	v005	66.8	8.11e-101	357
v064	v009	67.7	2e-99	352
v064	v027	66.7	2.61e-99	352
v064	v022	66.7	2.61e-99	352
v064	v011	65.9	4.45e-99	351
v064	v046	65.9	4.45e-99	351
v064	v044	65.9	4.45e-99	351
v064	v015	65.9	4.45e-99	351
v064	v030	65.9	4.45e-99	351
v064	v016	65.9	1.29e-98	349
v064	v024	66.0	1.29e-98	349
v064	v029	65.5	3.77e-98	348
v064	v026	65.1	4.92e-98	347
v064	v008	65.1	1.1e-97	346
v064	v013	64.7	1.87e-97	346
v064	v031	64.7	2.7e-96	342
v064	v012	64.7	2.7e-96	342
v064	v014	64.7	2.7e-96	342
v064	v045	64.7	2.7e-96	342
v064	v010	64.7	7.86e-96	340
v064	v025	64.3	7.86e-96	340
v064	v002	62.2	8.69e-95	337
v064	v054	61.8	1.48e-94	336
v064	v023	63.6	1.48e-94	336
v064	v056	57.9	4.32e-86	308
v064	v057	57.1	2.14e-85	305
v064	v032	57.6	2.8e-85	305
v064	v055	56.3	2.37e-84	302
v064	v028	56.2	1.88e-81	292
v064	v033	60.9	2.71e-80	289
v064	v034	59.7	7.39e-78	280
v064	v018	53.0	1.44e-73	266
v064	v042	51.3	3.21e-73	265
v064	v051	51.9	1.03e-71	260
v064	v058	51.2	3.01e-71	258
v064	v007	50.2	1.95e-70	256
v064	v036	49.4	6.27e-69	251
v064	v061	48.7	1.4e-68	250
v064	v019	47.2	1.54e-67	246
v064	v004	48.5	4.49e-67	245
v064	v060	47.6	6.49e-66	241
v064	v001	48.5	4.2e-65	238
v064	v047	47.9	2.09e-64	236
v064	v021	47.9	2.09e-64	236
v064	v059	45.1	6.07e-64	234
v064	v041	45.7	5.68e-62	228
v064	v020	44.7	1.11e-57	213
v064	v043	39.9	6.52e-50	188
v064	v050	31.5	2.18e-29	119
v064	v040	29.3	3.98e-23	99
v064	v063	28.0	1.28e-21	94
v064	v038	26.9	3.5e-11	59
v064	v017	31.8	0.000142	37
v064	v037	28.1	0.000922	34
v064	v049	29.3	0.000922	34
v064	v039	26.9	0.0387	29
v064	v039	22.1	0.0506	28
v064	v049	30.5	0.113	27
v063	v040	46.9	3.65e-70	255
v063	v018	31.4	1.23e-33	134
v063	v042	28.9	6.29e-30	121
v063	v047	29.6	1e-27	114
v063	v021	29.6	1e-27	114
v063	v059	28.6	1.31e-27	114
v063	v001	29.5	1.71e-27	113
v063	v004	29.0	1.71e-27	113
v063	v046	31.2	1.11e-26	111
v063	v015	31.2	1.11e-26	111
v063	v044	31.2	1.11e-26	111
v063	v007	30.7	5.51e-26	108
v063	v045	30.5	4.67e-25	105
v063	v026	31.1	4.67e-25	105
v063	v014	30.5	4.67e-25	105
v063	v002	28.8	4.67e-25	105
v063	v011	31.1	6.1e-25	105
v063	v030	31.1	6.1e-25	105
v063	v008	31.1	6.1e-25	105
v063	v061	27.6	1.04e-24	104
v063	v054	28.4	1.04e-24	104
v063	v025	30.1	1.04e-24	104
v063	v029	30.1	2.32e-24	103
v063	v013	31.1	2.32e-24	103
v063	v057	31.4	3.95e-24	102
v063	v056	31.1	3.95e-24	102
v063	v009	28.1	1.15e-23	101
v063	v055	30.9	1.96e-23	100
v063	v010	30.2	7.45e-23	98
v063	v012	29.8	7.45e-23	98
v063	v031	29.8	7.45e-23	98
v063	v022	27.8	9.73e-23	97
v063	v027	27.8	9.73e-23	97
v063	v033	29.7	1.66e-22	97
v063	v016	28.1	2.17e-22	96
v063	v024	28.1	2.17e-22	96
v063	v058	29.6	2.83e-22	96
v063	v006	28.9	2.83e-22	96
v063	v023	27.0	2.83e-22	96
v063	v053	26.8	1.84e-21	93
v063	v051	26.4	1.84e-21	93
v063	v060	26.6	3.13e-21	92
v063	v028	26.3	4.09e-21	92
v063	v019	26.1	5.34e-21	92
v063	v005	26.8	9.11e-21	91
v063	v036	27.0	9.11e-21	91
v063	v032	26.8	9.11e-21	91
v063	v020	30.5	9.11e-21	91
v063	v062	28.4	1.55e-20	90
v063	v052	26.4	4.52e-20	89
v063	v041	25.3	7.71e-20	88
v063	v034	25.5	1.45e-18	84
v063	v050	26.3	2.48e-18	83
v063	v043	21.8	4.1e-13	65
v063	v038	26.7	1.01e-11	61
v063	v049	27.3	0.0947	28
v062	v053	74.8	5.92e-115	404
v062	v052	71.7	5.73e-110	387
v062	v006	69.0	2.26e-106	375
v062	v054	70.2	2.95e-106	375
v062	v002	69.3	2.11e-104	369
v062	v005	68.2	2.33e-103	365
v062	v016	69.0	1.28e-101	359
v062	v009	64.8	7.03e-100	354
v062	v024	65.5	2.04e-99	352
v062	v029	63.5	2.5e-97	345
v062	v015	63.5	7.27e-97	344
v062	v046	63.5	7.27e-97	344
v062	v044	63.5	7.27e-97	344
v062	v011	63.6	1.62e-96	342
v062	v030	63.6	1.62e-96	342
v062	v057	64.7	3.61e-96	341
v062	v056	64.7	6.16e-96	341
v062	v022	63.3	8.04e-96	340
v062	v027	63.3	8.04e-96	340
v062	v014	62.7	1.05e-95	340
v062	v045	62.7	1.05e-95	340
v062	v008	62.7	1.79e-95	339
v062	v055	64.1	1.79e-95	339
v062	v026	62.8	1.79e-95	339
v062	v031	62.8	2.34e-95	339
v062	v012	62.8	2.34e-95	339
v062	v013	62.5	3.06e-95	338
v062	v025	62.4	3.06e-95	338
v062	v023	63.3	7.52e-94	334
v062	v010	62.5	4.88e-93	331
v062	v028	59.1	7.54e-86	307
v062	v033	59.0	2.87e-85	305
v062	v034	56.7	8.63e-82	294
v062	v032	54.4	1.92e-81	292
v062	v042	52.6	1.52e-78	283
v062	v058	54.8	3.39e-78	282
v062	v007	52.3	3.18e-76	275
v062	v018	50.7	1.74e-74	269
v062	v021	52.1	2.13e-72	262
v062	v047	52.1	2.13e-72	262
v062	v004	50.0	1.38e-71	260
v062	v059	50.4	6.85e-71	257
v062	v019	47.7	3.4e-70	255
v062	v041	50.7	2.88e-69	252
v062	v001	50.2	4.91e-69	251
v062	v036	50.0	1.43e-68	250
v062	v051	48.5	3.18e-68	248
v062	v061	47.7	1.02e-66	243
v062	v060	47.8	1.13e-65	240
v062	v020	45.9	2.14e-64	236
v062	v043	40.7	7.88e-51	191
v062	v050	34.7	8.75e-34	134
v062	v040	30.1	1.77e-18	83
v062	v038	26.5	2.17e-16	76
v062	v017	34.1	4.53e-06	42
v062	v039	24.7	3.83e-05	39
v062	v049	29.3	0.0021	33
v062	v049	28.8	0.00468	32
v062	v037	31.8	0.0136	30
v062	v039	25.0	0.0232	30
v062	v003	30.7	4.85	22
v061	v060	73.1	1.53e-138	482
v061	v019	67.6	3.31e-125	438
v061	v007	65.9	2.01e-122	429
v061	v036	62.1	5.49e-104	367
v061	v051	57.5	2.55e-101	359
v061	v059	53.1	1.4e-91	326
v061	v020	54.6	4.51e-90	321
v061	v042	53.7	6.1e-87	311
v061	v018	46.0	5.17e-78	281
v061	v047	47.3	2.25e-73	266
v061	v021	47.3	2.25e-73	266
v061	v004	46.2	2.94e-73	265
v061	v001	50.6	3.84e-73	265
v061	v022	47.3	3.04e-70	255
v061	v027	47.3	3.04e-70	255
v061	v052	49.8	1.51e-69	253
v061	v041	42.4	9.78e-69	250
v061	v024	43.7	3.72e-68	248
v061	v053	47.7	6.34e-68	248
v061	v016	48.7	1.41e-67	247
v061	v056	46.3	7.01e-67	244
v061	v023	43.3	2.66e-66	242
v061	v057	45.5	5.93e-66	241
v061	v030	46.6	1.01e-65	240
v061	v046	46.6	1.01e-65	240
v061	v011	46.6	1.01e-65	240
v061	v044	46.6	1.01e-65	240
v061	v015	46.6	1.01e-65	240
v061	v014	42.7	1.32e-65	240
v061	v029	47.0	1.32e-65	240
v061	v045	42.7	1.32e-65	240
v061	v031	46.6	2.25e-65	239
v061	v012	46.6	2.25e-65	239
v061	v008	46.2	2.94e-65	239
v061	v054	45.9	3.85e-65	238
v061	v025	42.3	3.85e-65	238
v061	v055	45.3	5.02e-65	238
v061	v026	45.9	1.12e-64	237
v061	v002	45.9	1.12e-64	237
v061	v006	45.2	1.46e-64	236
v061	v013	45.9	4.25e-64	235
v061	v010	46.2	5.55e-64	235
v061	v033	46.9	8.02e-63	231
v061	v032	43.3	8.87e-62	227
v061	v043	46.5	6.35e-60	221
v061	v034	42.8	1.42e-59	220
v061	v005	41.0	7.02e-59	218
v061	v009	42.9	1.56e-58	216
v061	v028	40.1	5.57e-56	208
v061	v058	38.1	5.21e-54	201
v061	v050	31.7	7.82e-34	134
v061	v040	26.4	1.13e-24	104
v061	v003	26.1	7.37e-08	48
v061	v037	28.7	4.04e-06	42
v061	v049	27.5	7.63e-05	38
v060	v019	66.8	7.1e-123	430
v060	v007	64.6	1.39e-118	416
v060	v036	62.6	1.14e-104	370
v060	v051	61.8	1.76e-97	346
v060	v059	52.8	6.48e-92	327
v060	v020	49.2	1e-84	304
v060	v042	52.1	2.23e-84	302
v060	v001	53.2	2.92e-76	275
v060	v004	45.6	1.23e-74	270
v060	v047	49.4	2.4e-70	256
v060	v021	49.4	2.4e-70	256
v060	v016	49.4	6.97e-70	254
v060	v052	50.6	9.1e-70	254
v060	v018	42.7	2.03e-69	253
v060	v024	44.5	3.46e-69	252
v060	v053	48.5	5.9e-69	251
v060	v041	44.5	1.31e-68	250
v060	v011	47.8	1.45e-67	247
v060	v030	47.8	1.45e-67	247
v060	v015	47.8	1.45e-67	247
v060	v044	47.8	1.45e-67	247
v060	v046	47.8	1.45e-67	247
v060	v008	47.4	4.23e-67	245
v060	v022	48.5	7.21e-67	244
v060	v027	48.5	7.21e-67	244
v060	v026	47.0	1.61e-66	243
v060	v012	47.4	2.1e-66	243
v060	v014	47.4	2.1e-66	243
v060	v045	47.4	2.1e-66	243
v060	v031	47.4	2.1e-66	243
v060	v029	47.4	3.58e-66	242
v060	v013	47.0	4.68e-66	242
v060	v023	48.1	6.11e-66	241
v060	v025	47.0	6.11e-66	241
v060	v010	47.0	1.04e-65	240
v060	v006	48.1	5.17e-65	238
v060	v056	45.6	3.35e-64	235
v060	v057	45.2	4.38e-64	235
v060	v055	45.0	3.7e-63	232
v060	v033	48.5	8.25e-63	231
v060	v009	44.4	6.99e-62	228
v060	v002	44.3	1.01e-60	224
v060	v054	44.3	1.01e-60	224
v060	v034	42.8	1.46e-59	220
v060	v043	45.5	2.49e-59	219
v060	v032	44.0	5.54e-59	218
v060	v028	40.5	7.99e-58	214
v060	v005	41.9	2.33e-57	213
v060	v058	37.7	5.93e-53	198
v060	v050	32.1	2.86e-31	126
v060	v040	25.8	1.09e-22	97
v060	v038	30.4	9.55e-19	84
v060	v003	27.0	1.21e-05	41
v060	v035	25.4	1.58e-05	40
v060	v037	24.8	0.000103	38
v060	v049	26.0	0.000175	37
v059	v051	65.9	1.77e-107	379
v059	v020	58.8	6.51e-102	361
v059	v036	55.7	1.19e-95	340
v059	v007	53.0	7.71e-95	337
v059	v019	52.2	4.38e-90	321
v059	v004	51.2	1.46e-85	306
v059	v042	51.4	4.24e-85	305
v059	v018	51.0	1.16e-82	297
v059	v047	50.5	8.57e-78	280
v059	v021	50.5	8.57e-78	280
v059	v001	49.7	8.02e-76	274
v059	v041	45.7	1.2e-71	260
v059	v015	46.5	2.67e-71	259
v059	v029	46.2	2.67e-71	259
v059	v025	47.1	2.67e-71	259
v059	v044	46.5	2.67e-71	259
v059	v046	46.5	2.67e-71	259
v059	v023	46.9	3.49e-71	258
v059	v027	46.4	4.55e-71	258
v059	v022	46.4	4.55e-71	258
v059	v045	46.7	5.95e-71	258
v059	v014	46.7	5.95e-71	258
v059	v030	49.1	4.26e-69	252
v059	v011	49.1	4.26e-69	252
v059	v031	48.3	5.57e-69	251
v059	v012	48.3	5.57e-69	251
v059	v026	49.1	7.27e-69	251
v059	v013	48.7	2.11e-68	249
v059	v043	47.4	8.04e-68	247
v059	v008	47.7	1.37e-67	247
v059	v016	47.3	1.37e-67	247
v059	v033	45.3	5.21e-67	245
v059	v010	48.3	5.21e-67	245
v059	v057	45.8	1.52e-66	243
v059	v056	45.5	5.76e-66	241
v059	v055	45.5	9.82e-66	240
v059	v053	47.0	1.28e-65	240
v059	v024	42.8	4.88e-65	238
v059	v006	44.4	1.85e-64	236
v059	v034	44.9	3.16e-64	235
v059	v005	44.9	9.19e-64	234
v059	v054	44.9	2.05e-63	233
v059	v052	47.0	2.05e-63	233
v059	v002	44.5	7.78e-63	231
v059	v009	39.9	3.38e-58	215
v059	v032	39.9	3.17e-56	209
v059	v058	39.0	2.05e-55	206
v059	v028	37.1	7.3e-53	198
v059	v050	32.1	1.53e-34	137
v059	v040	24.4	8.15e-20	88
v059	v038	24.6	2.9e-17	79
v059	v037	25.0	0.00693	32
v059	v049	24.8	0.0587	28
v059	v017	21.3	1.89	23
v058	v005	60.3	6.13e-92	327
v058	v006	58.7	3.36e-90	322
v058	v056	58.3	5.75e-82	294
v058	v057	57.9	3.73e-81	292
v058	v015	51.5	1.08e-80	290
v058	v044	51.5	1.08e-80	290
v058	v046	51.5	1.08e-80	290
v058	v029	51.5	3.16e-80	289
v058	v045	51.9	7.03e-80	287
v058	v014	51.9	7.03e-80	287
v058	v025	51.9	9.18e-80	287
v058	v055	56.8	1.2e-79	287
v058	v053	56.0	5.95e-79	284
v058	v027	49.7	2.26e-78	282
v058	v022	49.7	2.26e-78	282
v058	v023	49.7	2.95e-78	282
v058	v016	53.6	8.59e-78	280
v058	v030	54.0	2.5e-77	279
v058	v011	54.0	2.5e-77	279
v058	v026	54.0	5.57e-77	278
v058	v052	55.4	5.57e-77	278
v058	v008	54.0	9.5e-77	277
v058	v013	53.6	2.76e-76	275
v058	v012	53.6	3.61e-76	275
v058	v031	53.6	3.61e-76	275
v058	v024	49.0	6.16e-76	274
v058	v010	53.6	1.37e-75	273
v058	v009	49.3	8.89e-75	270
v058	v054	53.3	4.88e-73	265
v058	v002	52.7	7.05e-72	261
v058	v033	49.6	8.06e-68	247
v058	v028	47.8	3.06e-67	245
v058	v034	48.5	2.87e-65	239
v058	v018	43.8	8.34e-65	237
v058	v047	43.1	1.42e-64	236
v058	v021	43.1	1.42e-64	236
v058	v032	43.9	1.86e-64	236
v058	v001	42.9	5.41e-64	235
v058	v042	42.4	2.97e-62	229
v058	v004	40.8	5.06e-62	228
v058	v007	41.8	5.24e-59	218
v058	v051	40.9	1.17e-58	217
v058	v036	41.9	6.4e-57	211
v058	v041	40.8	2.69e-55	206
v058	v019	35.9	3.29e-53	199
v058	v020	36.9	1.21e-47	180
v058	v043	35.7	8.67e-46	174
v058	v050	30.5	9.97e-26	107
v058	v040	27.3	2.08e-15	73
v058	v003	22.8	0.0202	30
v058	v035	25.2	0.0345	29
v058	v017	24.7	1.45	24
v058	v037	25.8	9.4	21
v057	v056	98.4	2.75e-149	518
v057	v055	98.4	3.59e-149	517
v057	v054	63.5	2.79e-93	332
v057	v053	62.9	5.27e-92	327
v057	v002	63.1	6.88e-92	327
v057	v052	62.7	5.83e-91	324
v057	v005	59.2	6.03e-88	314
v057	v006	59.9	7.87e-88	314
v057	v024	57.1	1.14e-86	310
v057	v009	58.1	1.06e-84	303
v057	v016	56.8	2.9e-82	295
v057	v011	55.7	6.04e-80	287
v057	v030	55.7	6.04e-80	287
v057	v026	56.1	1.03e-79	287
v057	v015	55.7	1.35e-79	286
v057	v046	55.7	1.35e-79	286
v057	v044	55.7	1.35e-79	286
v057	v025	55.5	8.73e-79	283
v057	v012	55.1	8.73e-79	283
v057	v031	55.1	8.73e-79	283
v057	v023	55.5	1.14e-78	283
v057	v008	55.3	1.94e-78	282
v057	v014	55.1	1.94e-78	282
v057	v045	55.1	1.94e-78	282
v057	v029	55.9	2.54e-78	282
v057	v013	54.9	2.54e-78	282
v057	v027	54.8	9.65e-78	280
v057	v022	54.8	9.65e-78	280
v057	v010	54.5	1.82e-76	276
v057	v028	53.3	9.98e-75	270
v057	v018	49.4	3.21e-73	265
v057	v042	48.1	2.3e-71	259
v057	v007	48.1	2.15e-69	252
v057	v032	47.1	4.8e-69	251
v057	v051	46.4	4.8e-69	251
v057	v021	47.9	4.06e-68	248
v057	v047	47.9	4.06e-68	248
v057	v004	46.3	2.91e-66	242
v057	v001	47.9	3.8e-66	242
v057	v036	46.8	3.22e-65	238
v057	v019	42.9	1.04e-63	233
v057	v020	43.2	2.16e-61	226
v057	v033	47.1	2.39e-60	222
v057	v041	43.8	4.5e-59	218
v057	v034	43.0	6.09e-56	208
v057	v043	36.9	8.81e-47	177
v057	v050	30.8	5.94e-27	111
v057	v040	27.5	3.73e-21	92
v057	v038	27.6	6.37e-13	65
v057	v003	27.0	5.78e-06	42
v057	v035	27.5	9.85e-06	41
v057	v017	24.7	0.000142	37
v057	v049	28.8	0.000922	34
v057	v037	31.0	0.00781	31
v057	v048	25.4	0.428	25
v057	v009	29.3	1.25	24
v056	v055	97.7	3.04e-148	514
v056	v054	63.5	1.64e-93	332
v056	v002	63.1	4.03e-92	328
v056	v053	62.5	6.88e-92	327
v056	v052	62.3	7.61e-91	324
v056	v005	59.2	6.03e-88	314
v056	v006	59.9	7.87e-88	314
v056	v024	57.1	1.94e-86	309
v056	v009	59.3	7.37e-86	307
v056	v016	57.6	5.84e-83	297
v056	v011	54.9	1.76e-79	286
v056	v030	54.9	1.76e-79	286
v056	v026	55.3	3e-79	285
v056	v015	55.0	3.92e-79	285
v056	v046	55.0	3.92e-79	285
v056	v044	55.0	3.92e-79	285
v056	v012	54.7	1.94e-78	282
v056	v025	55.1	1.94e-78	282
v056	v031	54.7	1.94e-78	282
v056	v014	54.8	4.33e-78	281
v056	v045	54.8	4.33e-78	281
v056	v008	54.6	5.66e-78	281
v056	v027	54.8	5.66e-78	281
v056	v013	54.5	5.66e-78	281
v056	v022	54.8	5.66e-78	281
v056	v029	55.5	5.66e-78	281
v056	v023	55.1	9.65e-78	280
v056	v010	53.8	5.29e-76	274
v056	v028	54.5	6.91e-76	274
v056	v018	49.8	2.46e-73	265
v056	v042	48.5	7.91e-72	260
v056	v007	48.5	2.15e-69	252
v056	v021	48.7	4.8e-69	251
v056	v047	48.7	4.8e-69	251
v056	v051	46.4	8.19e-69	250
v056	v032	46.7	2.38e-68	249
v056	v001	49.0	1.18e-67	247
v056	v004	47.4	2.02e-67	246
v056	v036	47.6	1.71e-66	243
v056	v019	43.7	1.22e-64	236
v056	v020	43.5	2.82e-61	225
v056	v033	47.5	1.83e-60	223
v056	v041	44.1	4.5e-59	218
v056	v034	43.0	1.77e-55	206
v056	v043	37.3	5.16e-47	178
v056	v050	31.6	7.01e-28	114
v056	v040	27.9	3.73e-21	92
v056	v038	28.1	3.73e-13	65
v056	v003	26.1	9.85e-06	41
v056	v035	24.5	1.68e-05	40
v056	v017	24.1	0.000243	36
v056	v049	28.8	0.000922	34
v056	v037	32.1	0.00458	32
v056	v009	28.0	0.328	26
v056	v048	25.4	0.428	25
v055	v054	63.1	1.39e-92	329
v055	v053	62.3	1.17e-91	326
v055	v002	62.3	5.83e-91	324
v055	v052	62.7	7.61e-91	324
v055	v006	59.3	2.29e-87	312
v055	v005	59.1	2.99e-87	312
v055	v024	56.7	7.37e-86	307
v055	v009	57.8	4.04e-84	301
v055	v016	56.1	2.45e-81	292
v055	v030	54.9	5.12e-79	284
v055	v011	54.9	5.12e-79	284
v055	v026	55.3	1.14e-78	283
v055	v046	55.0	1.49e-78	283
v055	v044	55.0	1.49e-78	283
v055	v015	55.0	1.49e-78	283
v055	v031	54.3	7.39e-78	280
v055	v012	54.3	7.39e-78	280
v055	v025	54.8	9.65e-78	280
v055	v023	54.8	1.26e-77	280
v055	v014	54.4	2.15e-77	279
v055	v013	54.2	2.15e-77	279
v055	v008	54.6	2.15e-77	279
v055	v045	54.4	2.15e-77	279
v055	v029	55.1	2.81e-77	278
v055	v022	54.0	1.07e-76	277
v055	v027	54.0	1.07e-76	277
v055	v010	53.8	1.54e-75	273
v055	v028	53.3	9.98e-75	270
v055	v018	49.4	5.48e-73	264
v055	v042	47.8	1.49e-70	256
v055	v051	46.4	8.19e-69	250
v055	v007	47.7	1.4e-68	250
v055	v032	46.7	4.06e-68	248
v055	v021	47.9	6.93e-68	247
v055	v047	47.9	6.93e-68	247
v055	v004	46.6	1.71e-66	243
v055	v001	47.9	6.49e-66	241
v055	v036	47.0	5.49e-65	238
v055	v019	42.5	6.71e-63	231
v055	v020	43.2	2.82e-61	225
v055	v041	44.5	2.39e-60	222
v055	v033	46.7	1.18e-59	220
v055	v034	42.2	1.15e-54	203
v055	v043	36.5	4.37e-46	175
v055	v050	30.8	1.01e-26	111
v055	v040	27.1	1.85e-20	90
v055	v038	27.6	1.09e-12	64
v055	v003	27.0	1.68e-05	40
v055	v035	27.5	2.87e-05	39
v055	v017	25.3	8.34e-05	38
v055	v048	25.8	0.428	25
v055	v009	29.3	1.25	24
v054	v002	98.5	1.62e-149	518
v054	v052	68.8	9.33e-105	370
v054	v053	69.5	1.59e-104	369
v054	v024	65.1	3.11e-100	355
v054	v016	67.0	2.01e-99	352
v054	v011	64.8	2.63e-99	352
v054	v030	64.8	2.63e-99	352
v054	v013	64.8	3.43e-99	351
v054	v015	64.9	7.65e-99	350
v054	v046	64.9	7.65e-99	350
v054	v026	64.9	7.65e-99	350
v054	v044	64.9	7.65e-99	350
v054	v029	64.9	2.23e-98	349
v054	v008	64.5	6.48e-98	347
v054	v006	64.6	8.46e-98	347
v054	v012	64.0	1.44e-97	346
v054	v031	64.0	1.44e-97	346
v054	v025	64.1	3.21e-97	345
v054	v014	64.1	4.2e-97	344
v054	v045	64.1	4.2e-97	344
v054	v022	64.1	3.55e-96	341
v054	v027	64.1	3.55e-96	341
v054	v010	63.6	7.92e-96	340
v054	v023	62.6	7.41e-94	334
v054	v005	61.9	2.82e-93	332
v054	v009	62.0	1.07e-92	330
v054	v028	57.0	3.45e-83	298
v054	v032	52.1	3.57e-80	288
v054	v033	55.4	1.5e-78	283
v054	v018	51.5	4.09e-76	275
v054	v034	53.1	1.55e-75	273
v054	v042	49.6	1.31e-74	270
v054	v047	50.0	6.75e-71	257
v054	v021	50.0	6.75e-71	257
v054	v051	47.6	2.4e-68	249
v054	v004	48.5	4.09e-68	248
v054	v007	48.1	5.35e-68	248
v054	v001	48.9	5.91e-67	244
v054	v036	47.2	3.83e-66	242
v054	v019	46.7	5.01e-66	241
v054	v041	47.3	5.18e-63	231
v054	v020	44.6	2.84e-61	225
v054	v043	41.2	9.16e-52	194
v054	v050	32.1	4.43e-30	122
v054	v040	31.6	5.6e-25	105
v054	v038	28.8	6.86e-15	71
v054	v017	27.3	0.00461	32
v054	v049	25.6	0.039	29
v054	v039	23.9	0.051	28
v054	v037	28.7	0.114	27
v054	v039	20.2	2.14	23
v053	v052	91.2	4.03e-140	487
v053	v024	76.2	7.64e-115	403
v053	v006	70.3	2.81e-109	385
v053	v002	69.5	3.56e-104	368
v053	v011	68.4	1.77e-103	366
v053	v030	68.4	1.77e-103	366
v053	v013	68.4	2.31e-103	365
v053	v029	68.3	5.14e-103	364
v053	v044	68.3	6.71e-103	364
v053	v015	68.3	6.71e-103	364
v053	v046	68.3	6.71e-103	364
v053	v016	68.4	8.77e-103	363
v053	v026	68.3	1.15e-102	363
v053	v005	67.3	2.55e-102	362
v053	v022	66.8	2.55e-102	362
v053	v027	66.8	2.55e-102	362
v053	v012	66.9	2.16e-101	359
v053	v031	66.9	2.16e-101	359
v053	v025	67.2	3.68e-101	358
v053	v023	67.2	6.28e-101	357
v053	v045	66.8	8.21e-101	357
v053	v008	67.2	8.21e-101	357
v053	v014	66.8	8.21e-101	357
v053	v010	67.3	5.32e-100	354
v053	v009	63.2	1.23e-96	343
v053	v028	56.5	2.03e-83	299
v053	v033	56.9	4.52e-83	298
v053	v034	56.1	7.22e-81	290
v053	v032	52.1	2.84e-77	278
v053	v042	51.3	8.26e-77	277
v053	v018	50.2	2.25e-74	269
v053	v047	50.2	1.23e-72	263
v053	v021	50.2	1.23e-72	263
v053	v036	49.2	8e-72	260
v053	v007	48.5	1.97e-70	256
v053	v051	48.5	2.57e-70	255
v053	v001	48.7	4.86e-69	251
v053	v004	47.4	8.28e-69	250
v053	v019	46.1	1.32e-66	243
v053	v041	46.0	2.11e-64	236
v053	v020	42.8	2.42e-60	222
v053	v043	43.2	3.38e-54	202
v053	v050	31.8	3.63e-32	129
v053	v040	28.6	1.21e-19	87
v053	v038	25.3	3.91e-10	55
v053	v003	24.1	1.7e-05	40
v053	v035	23.1	2.9e-05	39
v053	v039	25.7	0.00271	33
v053	v017	24.1	0.0079	31
v053	v049	25.6	0.0176	30
v053	v039	23.7	0.0176	30
v053	v049	22.9	0.254	26
v053	v037	35.3	0.739	25
v052	v024	75.8	1.7e-114	402
v052	v006	70.3	1.4e-108	382
v052	v016	68.6	1.22e-104	369
v052	v002	68.5	6.07e-104	367
v052	v029	68.4	1.04e-103	366
v052	v013	68.2	1.04e-103	366
v052	v011	67.8	2.31e-103	365
v052	v030	67.8	2.31e-103	365
v052	v026	68.1	5.14e-103	364
v052	v015	67.7	8.77e-103	363
v052	v046	67.7	8.77e-103	363
v052	v044	67.7	8.77e-103	363
v052	v022	66.9	3.33e-102	361
v052	v027	66.9	3.33e-102	361
v052	v031	67.0	1.65e-101	359
v052	v012	67.0	1.65e-101	359
v052	v025	67.3	2.82e-101	358
v052	v008	66.9	3.68e-101	358
v052	v045	66.9	6.28e-101	357
v052	v014	66.9	6.28e-101	357
v052	v023	66.9	1.83e-100	356
v052	v005	65.4	4.07e-100	354
v052	v010	66.7	6.95e-100	354
v052	v009	59.8	4.08e-92	328
v052	v028	58.4	2.17e-85	305
v052	v033	59.0	3.24e-81	292
v052	v034	58.6	1.04e-79	287
v052	v032	54.4	6.76e-79	284
v052	v042	50.6	1.56e-75	273
v052	v018	49.1	5.01e-74	268
v052	v007	49.4	5.19e-71	258
v052	v051	50.0	5.74e-70	254
v052	v047	48.3	2.18e-69	252
v052	v021	48.3	2.18e-69	252
v052	v036	47.7	4.86e-69	251
v052	v004	47.4	6.34e-69	251
v052	v019	47.8	1.41e-68	250
v052	v001	47.5	1.73e-66	243
v052	v041	43.4	2.18e-61	226
v052	v020	44.6	4.12e-60	221
v052	v043	42.5	2.42e-52	196
v052	v050	31.1	6.85e-31	124
v052	v040	29.0	2.07e-19	86
v052	v038	25.3	3.91e-10	55
v052	v003	24.1	5.84e-06	42
v052	v035	23.1	9.97e-06	41
v052	v039	27.0	0.00271	33
v052	v017	24.1	0.0103	31
v052	v049	26.6	0.0103	31
v052	v039	26.0	0.03	29
v052	v037	33.3	0.739	25
v052	v049	24.6	2.81	23
v051	v020	62.0	6.37e-108	381
v051	v036	60.1	1.2e-106	376
v051	v007	56.6	2.19e-100	356
v051	v019	56.0	1.57e-98	349
v051	v018	55.4	1.69e-84	303
v051	v042	54.7	2.88e-84	302
v051	v004	52.8	7.34e-80	287
v051	v041	50.7	4.45e-77	278
v051	v021	52.8	2.21e-76	276
v051	v047	52.8	2.21e-76	276
v051	v001	53.0	2.44e-75	272
v051	v046	50.2	4.61e-74	268
v051	v044	50.2	4.61e-74	268
v051	v015	50.2	4.61e-74	268
v051	v014	47.9	7.86e-74	267
v051	v045	47.9	7.86e-74	267
v051	v030	53.0	1.03e-73	267
v051	v011	53.0	1.03e-73	267
v051	v025	47.5	2.29e-73	266
v051	v029	49.5	3.9e-73	265
v051	v031	51.9	5.09e-73	265
v051	v012	51.9	5.09e-73	265
v051	v026	52.6	5.09e-73	265
v051	v022	50.5	6.65e-73	264
v051	v027	50.5	6.65e-73	264
v051	v006	52.3	1.48e-72	263
v051	v008	52.6	1.48e-72	263
v051	v010	52.6	1.48e-72	263
v051	v013	51.9	1.64e-71	260
v051	v043	45.4	3.65e-71	258
v051	v005	47.7	1.81e-70	256
v051	v023	49.1	3.09e-70	255
v051	v024	48.7	1.3e-68	250
v051	v016	48.3	1.7e-68	250
v051	v002	47.6	2.21e-68	249
v051	v033	46.1	1.21e-66	243
v051	v009	46.0	1.59e-66	243
v051	v034	46.5	1.49e-64	236
v051	v032	45.9	4.78e-63	231
v051	v028	42.4	1.94e-56	210
v051	v050	29.1	5.52e-27	112
v051	v040	26.4	5.18e-17	79
v051	v038	24.7	3.25e-11	59
v051	v037	29.3	0.000226	37
v051	v003	25.2	0.00112	34
v051	v035	25.2	0.00191	33
v051	v049	25.6	0.00326	33
v050	v001	35.6	2.69e-38	149
v050	v041	36.8	2.97e-37	146
v050	v007	32.7	6.62e-37	144
v050	v016	33.6	2.13e-35	139
v050	v047	32.5	4.75e-35	138
v050	v021	32.5	4.75e-35	138
v050	v014	34.3	8.1e-35	138
v050	v045	34.3	8.1e-35	138
v050	v012	34.3	8.1e-35	138
v050	v031	34.3	8.1e-35	138
v050	v013	33.9	1.38e-34	137
v050	v025	33.9	2.36e-34	136
v050	v008	33.7	3.08e-34	136
v050	v015	33.7	4.02e-34	135
v050	v019	32.9	4.02e-34	135
v050	v044	33.7	4.02e-34	135
v050	v046	33.7	4.02e-34	135
v050	v011	33.7	4.02e-34	135
v050	v030	33.7	4.02e-34	135
v050	v034	34.8	6.85e-34	134
v050	v033	32.1	6.85e-34	134
v050	v010	33.7	8.95e-34	134
v050	v029	33.5	1.17e-33	134
v050	v023	34.0	1.17e-33	134
v050	v026	33.3	1.17e-33	134
v050	v027	33.6	2.6e-33	132
v050	v022	33.6	2.6e-33	132
v050	v042	32.4	4.44e-33	132
v050	v009	32.6	2.2e-32	129
v050	v004	32.6	1.09e-31	127
v050	v018	29.8	4.6e-30	122
v050	v002	31.7	2.98e-29	119
v050	v006	29.4	4.3e-28	115
v050	v005	30.9	1.25e-27	114
v050	v024	30.3	1.63e-27	113
v050	v036	28.6	1.38e-26	110
v050	v020	26.2	7.59e-25	104
v050	v043	28.8	1.69e-24	103
v050	v032	27.8	3.19e-23	99
v050	v028	28.2	2.7e-22	96
v050	v040	25.9	8.13e-19	84
v050	v038	26.2	3.1e-10	56
v050	v037	25.0	0.118	27
v050	v049	24.7	1.7	23
v049	v037	66.2	5.18e-103	364
v049	v039	34.9	1.03e-34	137
v049	v048	30.1	4.48e-30	122
v049	v021	30.8	5.89e-06	42
v049	v047	30.8	5.89e-06	42
v049	v027	30.5	7.69e-06	41
v049	v022	30.5	7.69e-06	41
v049	v023	29.8	1.71e-05	40
v049	v007	27.1	2.92e-05	39
v049	v016	29.0	2.92e-05	39
v049	v025	27.5	3.82e-05	39
v049	v036	29.3	4.98e-05	39
v049	v045	28.2	6.51e-05	38
v049	v012	28.2	6.51e-05	38
v049	v014	28.2	6.51e-05	38
v049	v018	25.6	6.51e-05	38
v049	v031	28.2	6.51e-05	38
v049	v029	27.5	8.5e-05	38
v049	v019	25.2	0.000111	37
v049	v004	27.5	0.000145	37
v049	v013	28.2	0.000323	36
v049	v026	28.2	0.000323	36
v049	v015	28.2	0.000422	35
v049	v011	28.2	0.000422	35
v049	v030	28.2	0.000422	35
v049	v032	29.2	0.000422	35
v049	v044	28.2	0.000422	35
v049	v046	28.2	0.000422	35
v049	v008	28.2	0.000551	35
v049	v010	28.2	0.000551	35
v049	v035	30.1	0.000551	35
v049	v001	27.3	0.00072	35
v049	v042	22.7	0.00357	32
v049	v043	22.3	0.00796	31
v049	v033	26.6	0.0104	31
v049	v020	50.0	0.0136	30
v049	v009	29.8	0.0177	30
v049	v006	28.2	0.0302	29
v049	v005	27.5	0.0395	29
v049	v002	25.6	0.0395	29
v049	v003	26.7	0.088	28
v049	v034	27.3	0.115	27
v049	v024	25.8	0.15	27
v049	v033	22.6	0.334	26
v049	v005	22.7	0.334	26
v049	v038	26.9	0.437	25
v049	v006	24.8	0.437	25
v049	v038	23.7	0.57	25
v049	v028	24.3	0.973	24
v049	v012	30.0	1.27	24
v049	v013	30.0	1.27	24
v049	v045	30.0	1.27	24
v049	v029	30.0	1.27	24
v049	v025	30.0	1.27	24
v049	v031	30.0	1.27	24
v049	v014	30.0	1.27	24
v049	v032	25.0	2.17	23
v049	v027	27.4	3.7	22
v049	v016	24.2	3.7	22
v049	v022	27.4	3.7	22
v049	v046	27.5	6.31	22
v049	v044	27.5	6.31	22
v049	v042	45.0	6.31	22
v049	v010	44.4	6.31	22
v049	v011	27.5	6.31	22
v049	v015	27.5	6.31	22
v049	v030	27.5	6.31	22
v049	v008	27.5	6.31	22
v049	v026	27.5	6.31	22
v048	v037	27.9	1.39e-26	110
v048	v039	25.5	8.16e-19	84
v047	v021	100.0	2.31e-179	618
v047	v001	78.6	3.38e-130	455
v047	v004	73.8	7.81e-119	417
v047	v018	66.1	2.79e-108	382
v047	v042	64.2	5.62e-101	357
v047	v036	54.5	1.82e-75	273
v047	v007	49.7	6.92e-75	271
v047	v020	49.0	5.86e-74	268
v047	v022	49.7	4.96e-73	265
v047	v027	49.7	4.96e-73	265
v047	v005	50.4	1.03e-70	257
v047	v015	48.6	1.35e-70	257
v047	v046	48.6	1.35e-70	257
v047	v044	48.6	1.35e-70	257
v047	v023	49.0	6.71e-70	254
v047	v002	48.9	6.71e-70	254
v047	v006	50.4	8.76e-70	254
v047	v025	47.6	1.14e-69	253
v047	v029	47.9	1.14e-69	253
v047	v041	46.2	1.49e-69	253
v047	v014	47.2	2.55e-69	252
v047	v045	47.2	2.55e-69	252
v047	v030	52.4	3.33e-69	252
v047	v011	52.4	3.33e-69	252
v047	v009	47.9	5.68e-69	251
v047	v026	52.6	5.68e-69	251
v047	v016	48.5	2.82e-68	249
v047	v033	49.5	3.68e-68	248
v047	v013	51.6	6.28e-68	248
v047	v012	50.8	6.28e-68	248
v047	v031	50.8	6.28e-68	248
v047	v010	52.0	8.2e-68	247
v047	v008	51.8	8.2e-68	247
v047	v019	44.9	3.12e-67	245
v047	v024	45.3	3.44e-66	242
v047	v034	47.1	3.56e-63	232
v047	v028	43.8	7.43e-61	224
v047	v032	42.1	8.22e-60	221
v047	v043	40.3	9.08e-59	217
v047	v040	28.3	1.12e-24	104
v047	v038	26.2	2.5e-16	76
v047	v037	25.9	1.99e-05	40
v047	v039	21.8	0.297	26
v046	v015	100.0	1.7e-174	602
v046	v044	100.0	1.7e-174	602
v046	v029	95.0	7.63e-167	576
v046	v014	93.0	2.3e-163	565
v046	v045	93.0	2.3e-163	565
v046	v025	92.7	6.68e-163	563
v046	v011	100.0	2.15e-153	532
v046	v030	100.0	2.15e-153	532
v046	v026	99.2	2.38e-152	528
v046	v008	98.9	9.05e-152	526
v046	v013	97.7	2.23e-150	522
v046	v010	98.5	3.22e-149	518
v046	v031	93.1	9.07e-144	500
v046	v012	93.1	9.07e-144	500
v046	v023	81.1	2.64e-143	498
v046	v022	80.4	2.47e-141	492
v046	v027	80.4	2.47e-141	492
v046	v016	75.1	1.32e-118	416
v046	v024	61.4	7.03e-104	367
v046	v002	64.6	2.59e-98	349
v046	v006	60.1	5.76e-98	347
v046	v005	59.8	7.53e-98	347
v046	v009	55.6	6.82e-91	324
v046	v033	58.2	1.2e-87	313
v046	v034	57.4	1.57e-87	313
v046	v028	55.0	5.6e-85	304
v046	v032	49.7	2.2e-81	292
v046	v018	51.4	9.24e-80	287
v046	v042	51.7	6.62e-78	281
v046	v007	49.4	2.78e-76	275
v046	v001	50.3	2.88e-73	265
v046	v004	49.1	1.09e-72	263
v046	v019	44.3	4.16e-72	262
v046	v021	48.6	1.34e-70	257
v046	v036	48.9	1.25e-68	250
v046	v041	45.5	3.64e-68	248
v046	v020	48.6	4.03e-67	245
v046	v043	38.2	4.62e-55	205
v046	v040	30.4	1.11e-24	104
v046	v038	26.4	2.74e-15	73
v046	v017	33.3	5.18e-06	42
v046	v037	27.2	4.38e-05	39
v046	v035	21.3	0.000371	36
v046	v003	22.0	0.00108	34
v046	v039	26.3	0.0156	30
v046	v039	21.6	0.0454	29
v046	v003	21.8	0.101	28
v046	v035	28.6	1.12	24
v045	v014	100.0	4.12e-187	644
v045	v029	96.6	3.74e-180	621
v045	v025	99.0	3.07e-174	601
v045	v015	93.0	2.43e-163	565
v045	v044	93.0	2.43e-163	565
v045	v031	100.0	2.7e-154	535
v045	v012	100.0	2.7e-154	535
v045	v023	84.4	3.09e-150	521
v045	v013	94.6	4.61e-146	507
v045	v027	82.4	7.87e-146	507
v045	v022	82.4	7.87e-146	507
v045	v026	93.1	5.64e-144	500
v045	v011	93.1	9.62e-144	500
v045	v030	93.1	9.62e-144	500
v045	v008	92.7	2.14e-143	498
v045	v010	91.6	1.44e-139	486
v045	v016	76.6	2.3e-121	425
v045	v024	61.7	3.02e-105	372
v045	v006	59.8	1.04e-97	347
v045	v005	59.5	3.03e-97	345
v045	v002	63.9	1.5e-96	343
v045	v009	53.5	7.48e-88	314
v045	v033	57.1	4.11e-86	308
v045	v034	56.4	5.36e-86	308
v045	v028	55.0	3.48e-85	305
v045	v032	49.3	3.37e-80	289
v045	v018	49.7	4.55e-77	278
v045	v007	49.5	3.85e-76	275
v045	v042	45.1	6.57e-76	274
v045	v019	45.3	1.16e-72	263
v045	v001	49.3	7.52e-72	261
v045	v004	48.4	3.73e-71	258
v045	v021	47.2	2.67e-69	252
v045	v036	47.7	8.6e-68	247
v045	v020	47.5	6.16e-66	241
v045	v041	44.3	1.05e-65	240
v045	v043	41.0	6.39e-55	205
v045	v040	29.1	9.96e-24	101
v045	v038	26.0	4.19e-14	69
v045	v037	28.3	9.36e-06	41
v045	v035	22.4	2.72e-05	40
v045	v003	22.7	4.65e-05	39
v045	v017	29.0	6.07e-05	39
v045	v039	20.7	0.00969	31
v045	v039	25.0	0.0282	30
v044	v015	100.0	1.7e-174	602
v044	v029	95.0	7.63e-167	576
v044	v014	93.0	2.3e-163	565
v044	v025	92.7	6.68e-163	563
v044	v011	100.0	2.15e-153	532
v044	v030	100.0	2.15e-153	532
v044	v026	99.2	2.38e-152	528
v044	v008	98.9	9.05e-152	526
v044	v013	97.7	2.23e-150	522
v044	v010	98.5	3.22e-149	518
v044	v031	93.1	9.07e-144	500
v044	v012	93.1	9.07e-144	500
v044	v023	81.1	2.64e-143	498
v044	v027	80.4	2.47e-141	492
v044	v022	80.4	2.47e-141	492
v044	v016	75.1	1.32e-118	416
v044	v024	61.4	7.03e-104	367
v044	v002	64.6	2.59e-98	349
v044	v006	60.1	5.76e-98	347
v044	v005	59.8	7.53e-98	347
v044	v009	55.6	6.82e-91	324
v044	v033	58.2	1.2e-87	313
v044	v034	57.4	1.57e-87	313
v044	v028	55.0	5.6e-85	304
v044	v032	49.7	2.2e-81	292
v044	v018	51.4	9.24e-80	287
v044	v042	51.7	6.62e-78	281
v044	v007	49.4	2.78e-76	275
v044	v001	50.3	2.88e-73	265
v044	v004	49.1	1.09e-72	263
v044	v019	44.3	4.16e-72	262
v044	v021	48.6	1.34e-70	257
v044	v036	48.9	1.25e-68	250
v044	v041	45.5	3.64e-68	248
v044	v020	48.6	4.03e-67	245
v044	v043	38.2	4.62e-55	205
v044	v040	30.4	1.11e-24	104
v044	v038	26.4	2.74e-15	73
v044	v017	33.3	5.18e-06	42
v044	v037	27.2	4.38e-05	39
v044	v035	21.3	0.000371	36
v044	v003	22.0	0.00108	34
v044	v039	26.3	0.0156	30
v044	v039	21.6	0.0454	29
v044	v003	21.8	0.101	28
v044	v035	28.6	1.12	24
v043	v020	48.0	3.27e-67	245
v043	v007	42.6	2.86e-63	232
v043	v019	42.6	1.86e-62	230
v043	v036	42.4	3.87e-60	222
v043	v018	40.7	1.13e-59	220
v043	v042	39.9	1.92e-59	220
v043	v021	40.3	9.53e-59	217
v043	v004	39.2	9.53e-59	217
v043	v016	44.0	4.73e-58	215
v043	v001	44.2	1.05e-57	214
v043	v025	38.8	2.2e-55	206
v043	v015	38.2	4.9e-55	205
v043	v014	41.0	6.39e-55	205
v043	v006	45.0	8.35e-55	204
v043	v013	44.5	8.35e-55	204
v043	v026	44.3	1.09e-54	204
v043	v029	40.5	1.42e-54	203
v043	v031	44.1	2.43e-54	203
v043	v012	44.1	2.43e-54	203
v043	v011	44.2	3.17e-54	202
v043	v030	44.2	3.17e-54	202
v043	v023	38.6	5.41e-54	201
v043	v027	38.9	5.41e-54	201
v043	v008	43.9	5.41e-54	201
v043	v022	38.9	5.41e-54	201
v043	v010	43.8	7.82e-53	198
v043	v005	40.8	8.64e-52	194
v043	v028	41.2	8.64e-52	194
v043	v041	42.4	1.93e-51	193
v043	v033	43.4	2.51e-51	193
v043	v024	36.2	5.6e-51	191
v043	v002	40.5	1.63e-50	190
v043	v009	36.1	3.4e-48	182
v043	v034	42.1	5.8e-48	181
v043	v032	37.6	7.83e-45	171
v043	v040	26.8	2.72e-13	66
v043	v003	31.3	7.93e-05	38
v043	v035	30.4	0.000177	37
v043	v037	40.0	0.0282	30
v042	v018	69.1	3.3e-115	405
v042	v004	65.0	4.77e-106	375
v042	v021	64.2	7.88e-101	357
v042	v041	56.1	2.8e-98	349
v042	v001	62.1	3.66e-98	349
v042	v036	59.1	5.3e-89	318
v042	v007	53.5	1.76e-84	303
v042	v019	51.7	6.49e-79	285
v042	v030	51.9	9.38e-78	281
v042	v011	51.9	9.38e-78	281
v042	v015	51.7	9.38e-78	281
v042	v027	50.6	7.94e-77	278
v042	v022	50.6	7.94e-77	278
v042	v026	51.1	1.04e-76	277
v042	v008	50.9	2.31e-76	276
v042	v013	50.7	6.72e-76	275
v042	v014	45.1	8.78e-76	274
v042	v010	51.1	1.95e-75	273
v042	v012	50.4	1.95e-75	273
v042	v031	50.4	1.95e-75	273
v042	v020	51.3	4.36e-75	272
v042	v029	50.2	4.36e-75	272
v042	v025	45.8	5.69e-75	272
v042	v023	45.3	4.82e-74	268
v042	v002	49.1	6.29e-74	268
v042	v009	49.5	8.21e-74	268
v042	v016	50.0	8.21e-74	268
v042	v024	49.6	3.12e-73	266
v042	v006	48.7	4.51e-72	262
v042	v033	45.5	1.45e-70	257
v042	v034	46.0	3.34e-67	246
v042	v005	46.7	8.23e-66	241
v042	v032	45.0	7.71e-64	235
v042	v028	43.5	2.93e-63	233
v042	v040	27.3	1.2e-24	104
v042	v038	30.5	2.2e-18	84
v042	v037	30.4	9.57e-06	42
v042	v003	25.7	0.000686	35
v042	v035	25.0	0.00153	34
v042	v004	25.2	0.00153	34
v042	v017	25.0	0.71	25
v041	v018	52.6	5.67e-85	304
v041	v004	51.4	4.49e-82	295
v041	v001	49.6	2.47e-72	262
v041	v007	46.8	7.19e-72	261
v041	v036	47.8	1.6e-71	260
v041	v019	44.0	3.94e-70	255
v041	v021	46.2	1.5e-69	253
v041	v015	45.5	3.69e-68	248
v041	v023	44.5	1.4e-67	247
v041	v011	48.7	3.13e-67	245
v041	v030	48.7	3.13e-67	245
v041	v026	48.3	1.55e-66	243
v041	v008	48.3	2.03e-66	243
v041	v022	44.2	3.46e-66	242
v041	v027	44.2	3.46e-66	242
v041	v020	43.5	5.89e-66	241
v041	v014	44.3	1.01e-65	240
v041	v009	47.6	1.01e-65	240
v041	v025	43.9	2.93e-65	239
v041	v013	47.6	3.82e-65	238
v041	v029	43.9	4.99e-65	238
v041	v010	48.0	6.52e-65	238
v041	v012	47.2	8.51e-65	237
v041	v031	47.2	8.51e-65	237
v041	v006	46.9	7.21e-64	234
v041	v002	46.9	7.97e-63	231
v041	v033	43.9	3.95e-62	228
v041	v005	45.1	9.74e-61	224
v041	v016	44.0	4.83e-60	221
v041	v034	43.0	2.03e-58	216
v041	v024	43.8	3.46e-58	215
v041	v032	38.4	1.97e-53	200
v041	v028	39.9	1.84e-51	193
v041	v040	26.5	3.74e-20	89
v041	v038	26.4	4.59e-10	55
v041	v003	22.7	0.000169	37
v041	v035	22.4	0.000491	35
v040	v016	33.9	7.46e-26	108
v040	v036	30.7	2.83e-25	106
v040	v019	26.0	6.31e-25	105
v040	v001	30.1	6.31e-25	105
v040	v021	28.3	1.08e-24	104
v040	v007	27.9	1.08e-24	104
v040	v015	30.4	1.08e-24	104
v040	v002	31.2	3.13e-24	102
v040	v024	29.1	3.13e-24	102
v040	v011	30.5	6.98e-24	101
v040	v030	30.5	6.98e-24	101
v040	v014	29.1	9.11e-24	101
v040	v004	27.0	9.11e-24	101
v040	v008	30.5	1.19e-23	101
v040	v026	30.5	1.55e-23	100
v040	v012	31.1	2.03e-23	100
v040	v013	30.5	2.03e-23	100
v040	v023	29.8	2.03e-23	100
v040	v031	31.1	2.03e-23	100
v040	v018	25.7	2.65e-23	99
v040	v027	28.8	4.52e-23	99
v040	v029	29.1	4.52e-23	99
v040	v022	28.8	4.52e-23	99
v040	v025	28.7	4.52e-23	99
v040	v005	29.8	2.93e-22	96
v040	v010	30.0	5e-22	95
v040	v006	28.3	2.48e-21	93
v040	v009	29.3	1.23e-20	91
v040	v032	25.3	4.68e-20	89
v040	v033	28.6	1.04e-19	87
v040	v028	30.0	1.36e-19	87
v040	v034	26.3	1.51e-18	84
v040	v020	25.7	1.01e-14	71
v040	v038	24.3	5.37e-08	49
v040	v024	23.1	0.044	29
v040	v005	30.8	0.487	25
v040	v003	31.0	0.487	25
v040	v035	28.6	1.42	24
v039	v037	35.4	2.57e-38	149
v039	v035	27.3	2.77e-08	49
v039	v003	26.5	1.05e-07	47
v039	v032	23.2	4.89e-05	39
v039	v006	24.7	0.000186	37
v039	v005	25.0	0.000317	36
v039	v027	30.8	0.000414	35
v039	v022	30.8	0.000414	35
v039	v024	26.0	0.00157	33
v039	v023	31.2	0.00205	33
v039	v025	21.4	0.00205	33
v039	v029	21.4	0.00458	32
v039	v028	26.6	0.00598	32
v039	v008	28.9	0.00781	31
v039	v010	26.3	0.00781	31
v039	v014	20.7	0.00781	31
v039	v031	20.7	0.00781	31
v039	v012	20.7	0.00781	31
v039	v011	26.3	0.0133	30
v039	v026	26.3	0.0133	30
v039	v030	26.3	0.0133	30
v039	v015	26.3	0.0133	30
v039	v013	22.3	0.0174	30
v039	v027	21.6	0.0174	30
v039	v038	21.4	0.0174	30
v039	v022	21.6	0.0174	30
v039	v026	22.3	0.0174	30
v039	v012	25.0	0.0227	30
v039	v029	25.0	0.0227	30
v039	v013	25.0	0.0227	30
v039	v014	25.0	0.0227	30
v039	v031	25.0	0.0227	30
v039	v023	21.6	0.0227	30
v039	v025	25.0	0.0227	30
v039	v008	21.6	0.0387	29
v039	v011	21.6	0.0387	29
v039	v030	21.6	0.0387	29
v039	v015	21.6	0.0387	29
v039	v005	25.2	0.0661	28
v039	v004	23.2	0.0863	28
v039	v002	23.9	0.0863	28
v039	v006	23.7	0.113	27
v039	v010	22.3	0.147	27
v039	v016	20.2	0.147	27
v039	v021	21.8	0.251	26
v039	v018	22.9	0.328	26
v039	v009	25.3	0.559	25
v039	v033	23.4	0.954	24
v039	v032	28.6	0.954	24
v039	v002	20.2	2.13	23
v038	v001	28.5	4.35e-18	83
v038	v004	26.0	9.7e-18	82
v038	v018	25.9	1.65e-17	81
v038	v007	29.9	4.81e-17	79
v038	v021	26.2	4.08e-16	76
v038	v006	27.1	1.55e-15	74
v038	v027	25.5	4.51e-15	73
v038	v022	25.5	4.51e-15	73
v038	v033	24.9	4.51e-15	73
v038	v005	24.9	5.88e-15	72
v038	v032	23.2	1e-14	72
v038	v015	27.9	1e-14	72
v038	v002	28.8	1.31e-14	71
v038	v009	28.9	2.92e-14	70
v038	v011	28.8	3.81e-14	70
v038	v030	28.8	3.81e-14	70
v038	v010	28.8	3.81e-14	70
v038	v016	27.9	6.51e-14	69
v038	v008	28.8	6.51e-14	69
v038	v026	28.3	1.11e-13	68
v038	v023	24.6	1.11e-13	68
v038	v012	27.7	1.45e-13	68
v038	v031	27.7	1.45e-13	68
v038	v014	27.7	1.45e-13	68
v038	v036	27.7	1.89e-13	67
v038	v029	26.6	3.23e-13	67
v038	v025	27.2	4.22e-13	66
v038	v013	27.7	7.19e-13	65
v038	v034	25.2	1.6e-12	64
v038	v028	27.0	1.6e-12	64
v038	v024	23.7	8.79e-11	59
v038	v030	24.1	1.08	25
v038	v011	24.1	1.08	25
v038	v015	24.1	1.08	25
v038	v010	24.1	1.08	25
v038	v017	24.6	5.35	23
v037	v003	32.9	8.5e-21	91
v037	v035	32.4	1.11e-20	91
v037	v032	28.7	6.98e-07	45
v037	v036	29.3	2.65e-06	43
v037	v025	27.6	3.47e-06	42
v037	v033	28.5	3.47e-06	42
v037	v029	27.6	5.91e-06	42
v037	v014	28.3	7.72e-06	41
v037	v012	28.3	7.72e-06	41
v037	v031	28.3	7.72e-06	41
v037	v023	27.6	1.01e-05	41
v037	v019	27.5	1.01e-05	41
v037	v018	31.5	1.01e-05	41
v037	v007	30.1	1.32e-05	40
v037	v021	25.9	1.72e-05	40
v037	v022	26.8	2.25e-05	40
v037	v027	26.8	2.25e-05	40
v037	v026	27.2	2.93e-05	39
v037	v013	27.2	2.93e-05	39
v037	v015	27.2	3.83e-05	39
v037	v011	27.2	3.83e-05	39
v037	v030	27.2	3.83e-05	39
v037	v010	27.2	6.53e-05	38
v037	v034	26.7	6.53e-05	38
v037	v035	37.9	8.53e-05	38
v037	v016	25.2	8.53e-05	38
v037	v008	26.4	0.000146	37
v037	v009	27.2	0.00019	37
v037	v004	25.4	0.000324	36
v037	v001	29.3	0.000424	35
v037	v020	28.8	0.00161	33
v037	v033	26.6	0.0232	30
v037	v006	30.7	0.0676	28
v037	v024	33.9	0.0883	28
v037	v002	28.7	0.115	27
v037	v005	25.3	0.336	26
v037	v004	27.5	0.748	25
v037	v028	35.1	1.28	24
v036	v007	55.5	4.69e-103	364
v036	v019	53.8	5.37e-99	351
v036	v020	56.4	4.71e-87	311
v036	v018	55.8	4.57e-82	295
v036	v004	50.5	1.33e-81	293
v036	v001	54.8	8.91e-78	280
v036	v021	54.5	1.86e-75	273
v036	v016	48.1	5.79e-69	251
v036	v011	48.9	1.29e-68	250
v036	v030	48.9	1.29e-68	250
v036	v015	48.9	1.29e-68	250
v036	v026	48.5	3.75e-68	248
v036	v006	50.2	4.9e-68	248
v036	v025	47.7	6.4e-68	248
v036	v023	48.9	6.4e-68	248
v036	v031	47.7	8.36e-68	247
v036	v014	47.7	8.36e-68	247
v036	v012	47.7	8.36e-68	247
v036	v029	47.7	8.36e-68	247
v036	v013	48.1	1.09e-67	247
v036	v027	48.2	1.43e-67	247
v036	v022	48.2	1.43e-67	247
v036	v010	48.5	3.18e-67	245
v036	v008	48.1	3.18e-67	245
v036	v024	45.0	9.24e-67	244
v036	v002	46.4	5.07e-65	238
v036	v009	43.5	1.25e-63	233
v036	v005	44.7	8.95e-62	227
v036	v033	42.9	5.8e-61	225
v036	v028	45.8	9.9e-61	224
v036	v034	41.6	1.58e-58	216
v036	v032	41.3	1.02e-57	214
v036	v035	25.4	0.000499	35
v036	v003	31.0	0.00248	33
v035	v003	95.1	2.23e-202	695
v035	v024	23.3	1.87e-07	47
v035	v023	21.0	2.7e-06	44
v035	v025	22.9	1.02e-05	42
v035	v009	25.9	1.02e-05	42
v035	v022	21.4	1.02e-05	42
v035	v027	21.4	1.02e-05	42
v035	v031	22.4	3.89e-05	40
v035	v014	22.4	3.89e-05	40
v035	v012	22.4	3.89e-05	40
v035	v029	23.2	5.09e-05	39
v035	v026	21.7	8.68e-05	39
v035	v008	21.7	0.000113	38
v035	v018	24.7	0.000148	38
v035	v007	26.2	0.000193	37
v035	v013	21.7	0.000431	36
v035	v011	21.3	0.000562	36
v035	v030	21.3	0.000562	36
v035	v015	21.3	0.000562	36
v035	v033	25.9	0.000734	35
v035	v020	20.5	0.00214	34
v035	v005	21.4	0.00214	34
v035	v016	21.8	0.00279	33
v035	v006	26.6	0.0106	32
v035	v034	24.6	0.0236	30
v035	v010	20.8	0.0687	29
v035	v006	30.7	2.21	24
v035	v005	32.8	3.77	23
v034	v033	92.2	3.69e-158	547
v034	v027	57.9	2.14e-89	319
v034	v022	57.9	2.14e-89	319
v034	v015	57.4	1.17e-87	313
v034	v029	56.7	2.89e-86	309
v034	v014	56.4	3.77e-86	308
v034	v025	56.0	1.1e-85	307
v034	v011	60.1	1.87e-85	306
v034	v030	60.1	1.87e-85	306
v034	v008	60.3	2.44e-85	305
v034	v023	54.2	2.44e-85	305
v034	v006	56.9	5.45e-85	304
v034	v026	59.9	9.29e-85	304
v034	v005	57.6	4.61e-84	301
v034	v013	59.3	6.02e-84	301
v034	v010	59.7	6.02e-84	301
v034	v031	58.8	1.03e-83	300
v034	v012	58.8	1.03e-83	300
v034	v016	59.7	2.99e-83	299
v034	v024	53.3	2.53e-82	295
v034	v009	53.4	9.95e-79	283
v034	v032	49.8	5.11e-75	271
v034	v002	52.7	1.14e-74	270
v034	v028	45.7	7.4e-66	241
v034	v019	44.5	4.06e-64	235
v034	v018	46.8	5.3e-64	235
v034	v007	44.5	6.92e-64	234
v034	v021	47.1	3.44e-63	232
v034	v001	44.7	3.44e-63	232
v034	v004	46.2	3.55e-60	222
v034	v020	40.9	1.22e-52	197
v034	v003	26.2	0.00399	32
v034	v017	23.8	0.168	27
v033	v027	58.1	1.13e-90	323
v033	v022	58.1	1.13e-90	323
v033	v023	56.0	5.26e-88	314
v033	v015	58.2	8.98e-88	314
v033	v005	59.0	4.46e-87	311
v033	v016	61.3	1.69e-86	309
v033	v029	57.5	1.69e-86	309
v033	v014	57.1	2.89e-86	309
v033	v008	60.7	3.77e-86	308
v033	v006	56.9	3.77e-86	308
v033	v011	60.1	4.93e-86	308
v033	v030	60.1	4.93e-86	308
v033	v025	56.7	4.93e-86	308
v033	v026	59.9	1.43e-85	306
v033	v013	59.3	1.21e-84	303
v033	v012	58.8	1.58e-84	303
v033	v031	58.8	1.58e-84	303
v033	v010	59.7	1.58e-84	303
v033	v009	55.6	1.34e-83	300
v033	v024	54.4	7.36e-82	294
v033	v002	54.7	1.88e-77	279
v033	v032	51.1	2.45e-77	279
v033	v028	47.1	1.44e-69	253
v033	v021	49.5	3.55e-68	248
v033	v007	46.6	4.63e-68	248
v033	v001	47.3	7.9e-68	247
v033	v018	48.6	1.76e-67	246
v033	v019	45.9	6.69e-67	244
v033	v004	47.5	1.18e-63	233
v033	v020	41.6	1.55e-55	206
v033	v003	27.4	0.000124	37
v033	v017	23.9	0.00234	33
v032	v006	55.6	1.14e-90	323
v032	v005	51.9	1.03e-83	300
v032	v027	52.9	2.3e-83	299
v032	v022	52.9	2.3e-83	299
v032	v015	49.7	2.15e-81	292
v032	v024	50.0	3.67e-81	292
v032	v023	50.9	8.17e-81	290
v032	v029	49.0	3.1e-80	289
v032	v014	49.3	3.1e-80	289
v032	v025	49.0	5.29e-80	288
v032	v002	51.9	9.03e-80	287
v032	v016	52.9	3.43e-79	285
v032	v009	49.8	3.79e-78	282
v032	v011	51.0	4.64e-76	275
v032	v030	51.0	4.64e-76	275
v032	v026	50.6	2.3e-75	272
v032	v008	50.6	2.3e-75	272
v032	v012	50.2	8.75e-75	270
v032	v013	50.2	8.75e-75	270
v032	v031	50.2	8.75e-75	270
v032	v010	49.8	1.82e-72	263
v032	v028	47.7	2.91e-70	255
v032	v018	47.3	1.89e-69	253
v032	v007	44.3	4.98e-62	228
v032	v004	44.4	3.23e-61	225
v032	v001	44.5	3.23e-61	225
v032	v019	42.8	9.39e-61	224
v032	v021	42.1	7.95e-60	221
v032	v020	40.9	2.24e-54	203
v032	v003	28.4	3.5e-07	46
v032	v017	29.0	1.92e-05	40
v031	v012	100.0	5.83e-155	537
v031	v014	100.0	2.22e-154	535
v031	v025	99.2	1.88e-153	532
v031	v029	97.3	5.65e-150	520
v031	v013	94.7	9.97e-147	509
v031	v011	93.1	2.08e-144	502
v031	v030	93.1	2.08e-144	502
v031	v026	93.1	4.63e-144	500
v031	v015	93.1	7.9e-144	500
v031	v008	92.7	5.12e-143	497
v031	v010	91.6	3.11e-140	488
v031	v022	85.8	3.55e-136	474
v031	v027	85.8	3.55e-136	474
v031	v023	85.8	6.06e-136	473
v031	v016	76.7	4.98e-122	427
v031	v024	66.0	2.32e-103	365
v031	v002	64.0	3.25e-97	345
v031	v006	61.1	3.97e-95	338
v031	v005	60.8	1.28e-93	333
v031	v009	59.3	5.75e-86	307
v031	v028	56.0	4.56e-83	298
v031	v007	51.9	1.02e-74	270
v031	v018	49.8	3.87e-74	268
v031	v004	48.7	1.29e-69	253
v031	v019	48.0	1.29e-69	253
v031	v001	49.6	4.89e-69	251
v031	v021	50.8	5.41e-68	248
v031	v020	48.0	1.92e-65	239
v031	v003	23.7	3.82e-05	39
v031	v017	29.0	4.98e-05	39
v031	v003	27.5	1.27	24
v030	v011	100.0	4.94e-154	533
v030	v015	100.0	1.88e-153	532
v030	v026	99.2	2.07e-152	528
v030	v008	98.9	2.29e-151	525
v030	v013	97.7	5.11e-151	523
v030	v010	98.5	7.38e-150	520
v030	v029	94.3	8.44e-146	506
v030	v012	93.1	2.08e-144	502
v030	v014	93.1	7.9e-144	500
v030	v025	92.3	6.69e-143	497
v030	v022	83.1	4.5e-131	457
v030	v027	83.1	4.5e-131	457
v030	v023	82.4	3.22e-129	451
v030	v016	75.2	3.02e-119	418
v030	v024	65.3	2.18e-101	359
v030	v002	64.8	5.93e-99	351
v030	v006	61.5	2.33e-95	339
v030	v005	61.2	5.74e-94	334
v030	v009	59.7	7.26e-89	317
v030	v028	56.0	7.78e-83	297
v030	v018	52.0	3.74e-77	278
v030	v007	52.2	1.33e-74	270
v030	v004	49.4	4e-71	258
v030	v001	51.1	8.92e-71	257
v030	v021	52.4	2.87e-69	252
v030	v019	46.8	1.09e-68	250
v030	v020	49.1	1.33e-66	243
v030	v017	33.3	4.51e-06	42
v030	v003	22.0	0.00094	34
v030	v003	21.8	0.088	28
v029	v014	96.6	3.74e-180	621
v029	v025	97.7	9.23e-171	589
v029	v015	95.0	8.08e-167	576
v029	v012	97.3	6.88e-150	520
v029	v013	96.6	7.6e-149	517
v029	v026	95.0	9.29e-147	510
v029	v011	94.3	1.03e-145	506
v029	v023	81.7	1.34e-145	506
v029	v008	93.9	2.29e-145	505
v029	v027	81.1	3.65e-143	498
v029	v022	81.1	3.65e-143	498
v029	v010	93.1	5.28e-142	494
v029	v016	75.9	7.41e-120	420
v029	v024	61.7	2.56e-104	369
v029	v005	60.5	3.58e-98	348
v029	v002	64.6	7.98e-98	347
v029	v006	60.1	7.98e-98	347
v029	v009	53.4	8e-90	320
v029	v028	55.0	2.66e-85	305
v029	v018	50.0	1.56e-77	280
v029	v007	49.0	1.12e-75	273
v029	v019	45.3	2.58e-72	262
v029	v001	49.7	7.52e-72	261
v029	v004	49.1	1.67e-71	260
v029	v021	47.9	1.2e-69	253
v029	v020	48.2	2.12e-66	243
v029	v003	23.9	2.09e-05	40
v029	v017	28.0	0.000177	37
v028	v006	55.1	2.8e-86	309
v028	v025	54.3	9e-85	304
v028	v022	52.8	1.18e-84	303
v028	v016	59.1	1.18e-84	303
v028	v027	52.8	1.18e-84	303
v028	v014	54.3	1.18e-84	303
v028	v015	54.3	2.01e-84	302
v028	v012	56.0	4.94e-83	298
v028	v011	56.0	8.43e-83	297
v028	v026	56.0	1.1e-82	297
v028	v005	52.0	1.88e-82	296
v028	v013	56.0	2.45e-82	295
v028	v023	52.5	4.18e-82	295
v028	v008	55.6	5.46e-82	294
v028	v009	55.0	7.14e-82	294
v028	v002	56.5	1.22e-81	293
v028	v010	55.1	1.14e-79	287
v028	v024	49.5	8.16e-78	280
v028	v018	41.5	5.32e-61	225
v028	v021	43.8	6.94e-61	224
v028	v004	43.4	1.55e-60	223
v028	v001	41.9	8.49e-59	217
v028	v019	41.7	6.08e-57	211
v028	v007	40.6	7.94e-57	211
v028	v020	38.8	1.31e-51	193
v028	v017	22.4	0.000205	37
v027	v022	100.0	1.01e-171	592
v027	v023	92.7	8.03e-161	556
v027	v014	82.4	4.28e-146	507
v027	v025	81.7	3.62e-145	504
v027	v015	80.4	1.42e-141	492
v027	v012	85.8	4.01e-136	474
v027	v026	83.1	2.98e-131	458
v027	v011	83.1	5.08e-131	457
v027	v008	82.8	1.13e-130	456
v027	v013	82.4	9.58e-130	453
v027	v010	81.6	7.59e-127	443
v027	v016	77.8	8.68e-123	430
v027	v006	62.0	4.48e-103	364
v027	v005	60.3	1.44e-101	359
v027	v024	59.2	3.55e-100	355
v027	v002	64.3	1.82e-96	342
v027	v009	57.0	1.04e-91	327
v027	v018	49.3	1.77e-75	273
v027	v021	49.7	4.83e-73	265
v027	v007	47.0	8.24e-73	264
v027	v004	49.8	4.09e-72	262
v027	v019	46.0	2.65e-71	259
v027	v001	49.0	4.23e-69	252
v027	v020	46.2	1.51e-66	243
v027	v017	30.1	8.69e-06	41
v027	v003	21.7	2.53e-05	40
v026	v015	99.2	2.07e-152	528
v026	v011	99.2	2.07e-152	528
v026	v008	98.9	1.34e-151	525
v026	v013	98.5	1.75e-151	525
v026	v010	97.7	3.09e-148	514
v026	v012	93.1	4.61e-144	500
v026	v014	93.1	4.61e-144	500
v026	v025	93.1	6.02e-144	500
v026	v022	83.1	2.63e-131	458
v026	v023	82.4	1.88e-129	452
v026	v016	74.7	3.33e-118	414
v026	v024	65.6	1.27e-101	359
v026	v002	64.6	2.24e-98	349
v026	v006	61.1	1.15e-94	336
v026	v005	61.6	4.38e-94	334
v026	v009	59.7	9.45e-89	317
v026	v018	51.5	4.12e-76	275
v026	v007	51.5	1.46e-73	266
v026	v004	50.0	3.05e-71	258
v026	v001	51.3	1.52e-70	256
v026	v021	52.6	4.87e-69	251
v026	v019	46.5	5.39e-68	248
v026	v020	49.1	2.26e-66	242
v026	v017	32.3	1.31e-05	40
v026	v003	22.2	0.000246	36
v026	v003	30.0	0.195	27
v025	v014	99.0	2.89e-174	601
v025	v015	92.7	6.68e-163	563
v025	v012	99.2	2.15e-153	532
v025	v023	83.7	2.47e-149	518
v025	v013	94.6	5.68e-146	507
v025	v022	81.7	6.28e-145	503
v025	v011	92.3	7.68e-143	497
v025	v008	92.0	1.71e-142	495
v025	v010	91.2	3.95e-139	484
v025	v016	75.9	1.84e-120	422
v025	v024	61.7	3.73e-105	371
v025	v005	59.8	1.68e-97	346
v025	v006	59.4	2.86e-97	345
v025	v002	63.9	1.09e-96	343
v025	v009	55.3	7.06e-88	314
v025	v018	49.3	1.25e-76	277
v025	v007	48.7	8.1e-76	274
v025	v001	49.7	3.18e-72	262
v025	v019	45.0	3.18e-72	262
v025	v004	48.8	1.58e-71	260
v025	v021	47.6	1.13e-69	253
v025	v020	47.8	2.61e-66	242
v025	v003	24.3	1.15e-05	41
v025	v017	28.0	0.000167	37
v024	v016	69.1	1.29e-105	373
v024	v014	61.7	6.42e-105	371
v024	v015	61.4	1.58e-103	366
v024	v012	66.0	2.7e-103	365
v024	v011	65.3	2.52e-101	359
v024	v023	59.5	3.3e-101	358
v024	v013	64.9	5.62e-101	357
v024	v008	64.9	2.14e-100	356
v024	v022	59.2	4.76e-100	354
v024	v002	65.6	8.12e-100	354
v024	v006	58.0	2e-98	349
v024	v005	57.8	2.21e-97	346
v024	v010	63.7	3.77e-97	345
v024	v009	52.8	1.35e-86	310
v024	v007	48.9	4.2e-72	262
v024	v018	48.9	4.2e-72	262
v024	v019	44.8	7.41e-69	251
v024	v004	45.1	8.2e-68	247
v024	v021	45.3	3.44e-66	242
v024	v001	44.5	2.92e-65	239
v024	v020	44.8	1.5e-61	226
v024	v003	25.7	7.3e-08	48
v024	v017	22.3	0.0158	30
v023	v022	92.7	8.14e-161	556
v023	v014	84.4	1.7e-150	522
v023	v015	81.1	1.54e-143	499
v023	v012	85.8	6.94e-136	473
v023	v011	82.4	3.69e-129	451
v023	v008	82.1	8.22e-129	450
v023	v013	81.2	6.96e-128	447
v023	v010	80.8	5.51e-125	437
v023	v016	78.2	3.02e-123	431
v023	v005	61.9	1.24e-100	356
v023	v006	60.8	8.02e-100	354
v023	v002	62.7	3.85e-94	335
v023	v009	56.0	7.52e-90	320
v023	v007	47.8	1.68e-73	266
v023	v018	48.0	8.35e-73	264
v023	v004	49.8	9.23e-72	260
v023	v019	45.6	1.58e-71	260
v023	v021	49.0	6.62e-70	254
v023	v001	49.1	5.6e-69	251
v023	v020	46.8	8.37e-65	237
v023	v003	21.7	2.32e-06	43
v023	v017	30.1	1.5e-05	40
v022	v014	82.4	4.28e-146	507
v022	v015	80.4	1.42e-141	492
v022	v012	85.8	4.01e-136	474
v022	v011	83.1	5.08e-131	457
v022	v008	82.8	1.13e-130	456
v022	v013	82.4	9.58e-130	453
v022	v010	81.6	7.59e-127	443
v022	v016	77.8	8.68e-123	430
v022	v006	62.0	4.48e-103	364
v022	v005	60.3	1.44e-101	359
v022	v002	64.3	1.82e-96	342
v022	v009	57.0	1.04e-91	327
v022	v018	49.3	1.77e-75	273
v022	v021	49.7	4.83e-73	265
v022	v007	47.0	8.24e-73	264
v022	v004	49.8	4.09e-72	262
v022	v019	46.0	2.65e-71	259
v022	v001	49.0	4.23e-69	252
v022	v020	46.2	1.51e-66	243
v022	v017	30.1	8.69e-06	41
v022	v003	21.7	2.53e-05	40
v021	v001	78.6	3.38e-130	455
v021	v004	73.8	7.81e-119	417
v021	v018	66.1	2.79e-108	382
v021	v007	49.7	6.92e-75	271
v021	v020	49.0	5.86e-74	268
v021	v005	50.4	1.03e-70	257
v021	v015	48.6	1.35e-70	257
v021	v002	48.9	6.71e-70	254
v021	v006	50.4	8.76e-70	254
v021	v014	47.2	2.55e-69	252
v021	v011	52.4	3.33e-69	252
v021	v009	47.9	5.68e-69	251
v021	v016	48.5	2.82e-68	249
v021	v013	51.6	6.28e-68	248
v021	v012	50.8	6.28e-68	248
v021	v008	51.8	8.2e-68	247
v021	v010	52.0	8.2e-68	247
v021	v019	44.9	3.12e-67	245
v020	v007	54.3	6.76e-91	324
v020	v019	54.3	7.73e-87	310
v020	v018	48.6	7.75e-79	284
v020	v004	47.2	2.58e-74	269
v020	v001	48.4	1.2e-71	260
v020	v015	48.6	3.99e-67	245
v020	v011	49.1	1.52e-66	243
v020	v014	47.5	5.76e-66	241
v020	v008	48.5	2.19e-65	239
v020	v012	48.0	2.19e-65	239
v020	v010	48.7	4.88e-65	238
v020	v013	48.7	6.37e-65	238
v020	v016	45.7	2.68e-63	232
v020	v002	44.2	9.51e-61	224
v020	v006	42.3	2.19e-57	213
v020	v005	42.7	1.2e-55	207
v020	v009	42.6	7.3e-53	198
v020	v003	21.8	0.000126	37
v019	v007	74.4	1.43e-136	476
v019	v018	45.4	2.17e-76	276
v019	v004	46.4	5.01e-73	265
v019	v014	45.3	1.12e-72	263
v019	v015	44.3	4.24e-72	262
v019	v001	46.4	1.61e-71	260
v019	v016	48.9	6.13e-71	258
v019	v012	48.0	1.51e-69	253
v019	v008	45.8	1.28e-68	250
v019	v011	46.8	1.28e-68	250
v019	v006	46.1	1.41e-67	247
v019	v013	46.5	2.41e-67	246
v019	v010	46.1	2.04e-66	243
v019	v002	46.7	1.73e-65	240
v019	v005	43.9	5.2e-62	228
v019	v009	41.0	2.18e-60	223
v018	v004	66.1	3.12e-112	395
v018	v001	64.6	4.66e-108	381
v018	v007	49.3	3.36e-82	295
v018	v015	51.4	9.15e-80	287
v018	v011	52.0	4.25e-77	278
v018	v014	49.7	4.25e-77	278
v018	v008	51.9	6.14e-76	274
v018	v002	50.7	1.05e-75	273
v018	v013	50.9	1.79e-75	273
v018	v009	48.7	6.79e-75	271
v018	v010	51.3	8.86e-75	270
v018	v016	50.2	4.4e-74	268
v018	v012	49.8	4.4e-74	268
v018	v006	47.6	9.17e-72	260
v018	v005	48.6	3.85e-70	255
v018	v003	25.3	4.34e-05	39
v017	v005	27.3	4.14e-06	42
v017	v011	33.3	5.4e-06	42
v017	v008	33.3	5.4e-06	42
v017	v015	33.3	5.4e-06	42
v017	v006	24.6	1.2e-05	41
v017	v010	32.3	3.5e-05	39
v017	v009	31.8	4.57e-05	39
v017	v013	31.2	4.57e-05	39
v017	v014	29.0	5.97e-05	39
v017	v012	29.0	5.97e-05	39
v017	v002	27.3	0.00559	32
v017	v016	25.8	0.0073	32
v016	v012	76.7	4.98e-122	427
v016	v014	76.6	1.89e-121	425
v016	v011	75.2	3.02e-119	418
v016	v013	75.2	5.16e-119	417
v016	v015	75.1	1.15e-118	416
v016	v008	74.3	3.69e-117	411
v016	v010	73.7	4.52e-115	404
v016	v002	67.8	3.14e-100	355
v016	v005	64.6	8.56e-98	347
v016	v006	64.1	9.46e-97	343
v016	v009	58.9	1.79e-87	312
v016	v004	51.3	6.18e-72	261
v016	v007	50.0	1.05e-71	260
v016	v001	48.9	1.57e-67	246
v016	v003	22.3	0.00609	32
v015	v014	93.0	2.3e-163	565
v015	v011	100.0	2.15e-153	532
v015	v008	98.9	9.05e-152	526
v015	v013	97.7	2.23e-150	522
v015	v010	98.5	3.22e-149	518
v015	v012	93.1	9.07e-144	500
v015	v002	64.6	2.59e-98	349
v015	v006	60.1	5.76e-98	347
v015	v005	59.8	7.53e-98	347
v015	v009	55.6	6.82e-91	324
v015	v007	49.4	2.78e-76	275
v015	v001	50.3	2.88e-73	265
v015	v004	49.1	1.09e-72	263
v015	v003	22.0	0.00108	34
v015	v003	21.8	0.101	28
v014	v012	100.0	2.7e-154	535
v014	v013	94.6	4.61e-146	507
v014	v011	93.1	9.62e-144	500
v014	v008	92.7	2.14e-143	498
v014	v010	91.6	1.44e-139	486
v014	v006	59.8	1.04e-97	347
v014	v005	59.5	3.03e-97	345
v014	v002	63.9	1.5e-96	343
v014	v009	53.5	7.48e-88	314
v014	v007	49.5	3.85e-76	275
v014	v001	49.3	7.52e-72	261
v014	v004	48.4	3.73e-71	258
v014	v003	22.7	4.65e-05	39
v013	v011	97.7	5.11e-151	523
v013	v008	97.3	1.26e-149	519
v013	v010	96.2	7.63e-147	510
v013	v012	94.7	9.97e-147	509
v013	v002	64.8	7.74e-99	350
v013	v006	61.1	1.16e-94	336
v013	v005	61.6	4.39e-94	334
v013	v009	58.9	2.34e-87	312
v013	v007	51.5	4.28e-73	265
v013	v004	49.8	1.99e-70	256
v013	v001	50.4	1.29e-69	253
v013	v003	22.9	0.000422	35
v013	v003	27.5	1.27	24
v012	v011	93.1	2.08e-144	502
v012	v008	92.7	5.12e-143	497
v012	v010	91.6	3.11e-140	488
v012	v002	64.0	3.25e-97	345
v012	v006	61.1	3.97e-95	338
v012	v005	60.8	1.28e-93	333
v012	v009	59.3	5.75e-86	307
v012	v007	51.9	1.02e-74	270
v012	v004	48.7	1.29e-69	253
v012	v001	49.6	4.89e-69	251
v012	v003	23.7	3.82e-05	39
v012	v003	27.5	1.27	24
v011	v008	98.9	2.29e-151	525
v011	v010	98.5	7.38e-150	520
v011	v002	64.8	5.93e-99	351
v011	v006	61.5	2.33e-95	339
v011	v005	61.2	5.74e-94	334
v011	v009	59.7	7.26e-89	317
v011	v007	52.2	1.33e-74	270
v011	v004	49.4	4e-71	258
v011	v001	51.1	8.92e-71	257
v011	v003	22.0	0.00094	34
v011	v003	21.8	0.088	28
v010	v008	97.3	3.43e-147	511
v010	v002	63.6	1.78e-95	339
v010	v006	60.3	7.02e-92	327
v010	v005	60.1	2.26e-90	322
v010	v009	58.6	2.19e-85	305
v010	v007	51.5	5.59e-73	264
v010	v001	52.4	2.87e-69	252
v010	v004	49.1	3.75e-69	252
v010	v003	23.1	0.0232	30
v010	v003	23.2	0.088	28
v009	v006	58.1	3.31e-96	342
v009	v005	59.0	9.01e-94	334
v009	v002	62.2	7.63e-93	330
v009	v008	59.5	4.33e-88	315
v009	v001	51.9	1.83e-70	256
v009	v004	47.0	3.12e-70	255
v009	v007	43.4	2.83e-63	232
v009	v003	26.8	3.18e-06	43
v008	v002	64.3	1.91e-97	346
v008	v006	61.2	8.86e-95	337
v008	v005	61.0	2.18e-93	332
v008	v007	51.5	3.27e-73	265
v008	v004	49.3	4.43e-70	255
v008	v001	50.6	2.2e-69	252
v008	v003	22.2	0.000323	36
v008	v003	21.8	0.088	28
v007	v004	50.7	4.92e-81	291
v007	v001	50.9	1.75e-78	283
v007	v006	48.3	3.2e-72	262
v007	v005	46.6	3.09e-67	245
v007	v002	47.6	6.89e-67	244
v007	v003	27.9	3.37e-05	39
v006	v005	79.2	3.11e-133	465
v006	v002	64.7	2.48e-98	349
v006	v004	49.5	3.38e-71	258
v006	v001	48.4	2.51e-66	242
v006	v003	26.6	0.00515	32
v005	v002	62.1	1.43e-93	333
v005	v004	50.8	3.2e-69	252
v005	v001	49.0	2.07e-68	249
v005	v003	22.4	0.00105	34
v004	v001	74.9	3.05e-120	421
v004	v002	48.5	9.3e-69	250
v002	v001	47.7	3.83e-66	242
